tau,u_left,v_left,u_right,v_right
0.00000000000000000000000000000000e+00,0.00000000000000000000000000000000e+00,0.00000000000000000000000000000000e+00,0.00000000000000000000000000000000e+00,0.00000000000000000000000000000000e+00
2.50000000000000000000000000000000e-02,-1.12749620067881403021013745117849e-14,1.60882210781028795657760404552355e-12,-1.18338902123840053885347376535808e-41,9.01046256543039792551088232125576e-41
5.00000000000000000000000000000000e-02,-1.13466273672930231730879208602428e-13,-5.43890719174715495694999912000883e-11,2.53954872052730469936687910410087e-39,2.16333189696769517734091478369272e-37
7.49999999999999999999999999999992e-02,1.64086568740084509081720020582652e-12,4.10146049432875942339166607034407e-10,-4.88932416682658969334666826975069e-38,-1.17494842121790651678833856295539e-35
1.00000000000000000000000000000000e-01,-3.51208521385333342476476698010294e-12,-1.17621480616687301485896493976632e-09,-4.02456496448712821888007594833740e-36,-8.11173133433046548768273758912708e-35
1.25000000000000000000000000000000e-01,-2.69574925514130047140010067240965e-12,2.18821623494813094232103197471468e-09,1.48383941381726815054774533610003e-34,1.44138101873694645318875894716510e-32
1.50000000000000000000000000000001e-01,3.38923050147986931252349513687534e-11,-1.90186010721902980476707694385058e-09,-1.73928139439937967201222592819823e-34,-2.17013366199755259294644463486368e-31
1.74999999999999999999999999999998e-01,-8.58678498300663746834034255839247e-11,-2.72710293471662332347910438397029e-09,-5.83436801719685699796854193922656e-32,-2.56839534990654090708661829272661e-30
2.00000000000000000000000000000000e-01,7.86326092198813054365339424061458e-11,1.12207044364049886732292463710601e-08,7.58683193364914645932230159018769e-31,9.24660832811714992377911474075417e-29
2.25000000000000000000000000000000e-01,9.02463847405485289851171611996018e-11,-1.22411673774979019579948021263354e-08,4.38443164329075756502716687477315e-30,-4.38119691245875833258138593794571e-28
2.50000000000000000000000000000000e-01,-2.87786047199051585475199338515735e-10,-7.01331164694142590809808135707900e-09,-1.58157108680563206587271705364450e-28,-1.03891287300769507045180354237629e-26
2.75000000000000000000000000000000e-01,1.00222447141853551521051284424256e-10,2.93556398392274158246019734163331e-08,6.66546296277435234723920760521198e-28,1.33414350967953885639968192836620e-25
3.00000000000000000000000000000002e-01,4.47626871787177802786796046336339e-10,-1.05975196504010294726828910604675e-08,1.09950870395416043280040756073460e-26,8.53927529556612212985155091219426e-26
3.25000000000000000000000000000000e-01,-4.04310812997519817053474224534672e-10,-3.97323272500821884509444927627268e-08,-1.17677013578789269059372409972383e-25,-1.08704693379919374281580330465967e-23
3.49999999999999999999999999999996e-01,-5.66123962217763051052562643592039e-10,3.03903192889986112002068285732078e-08,-9.65235103758226109942720305057780e-26,5.31666549109360850207601617572901e-23
3.75000000000000000000000000000000e-01,7.18714523813569635701479122186190e-10,4.94067915357722599099979907835759e-08,6.84024732339766515416653967256959e-24,3.20918244850277330949347904204313e-22
4.00000000000000000000000000000000e-01,7.97303148469857022984661866078200e-10,-4.48220528029896913452521868303244e-08,-2.47335026588351214338584160075867e-23,-3.79203145914143633410112117327080e-21
4.25000000000000000000000000000000e-01,-9.90034341347847967469704450320432e-10,-7.04472684176934450960220558677134e-08,-1.70531397142658583225554222573932e-22,2.85265852363748652836467109113317e-21
4.50000000000000000000000000000000e-01,-1.32274927295773515403704793087800e-09,5.02147165611745042561725478736075e-08,1.42768119286876711516595344511649e-21,1.14012144819064627179848229182150e-19
4.74999999999999999999999999999996e-01,1.11163721420422774163976502830302e-09,1.10209616086458740847210136569565e-07,3.16093560075038754421755623957923e-22,-4.62084385939120066159473161327513e-19
5.00000000000000000000000000000000e-01,2.24886557225443062205419049218691e-09,-3.73101905924026093071622769024789e-08,-3.69014702335110130087002547759124e-20,-1.39921136782816577098128988444717e-18
5.25000000000000000000000000000000e-01,-7.75828550474848327506422832484157e-10,-1.64905913155244669376112297604734e-07,9.43412781156022865259048762403765e-20,1.40280770048474587294330549258174e-17
5.50000000000000000000000000000000e-01,-3.46357256976607187344854365840995e-09,-1.33696502676714600266801767595054e-08,4.79294420471307190377375068162447e-19,-1.02778390404187355615725960709273e-17
5.74999999999999999999999999999993e-01,-5.31028892481249166427700322841486e-10,2.11924643147019505563106337640823e-07,-2.76581907420997645436192550252573e-18,-2.13561720063685551110221007689427e-16
6.00000000000000000000000000000005e-01,4.36481008784245688094217456385750e-09,1.20160330266043189706257786173375e-07,-1.29221817038742486283082309454228e-18,6.47414366519666342989569134099773e-16
6.25000000000000000000000000000000e-01,3.16768084118022984629114583919513e-09,-2.01808878768243855844389361982311e-07,4.08932513968499915661043602867926e-17,1.51564686741743491464942014987922e-15
6.50000000000000000000000000000000e-01,-3.65240587975491274680455617145670e-09,-2.68075021280774675482272746922330e-07,-6.28906350122365429404956931403402e-17,-1.10017476224790345961131850312900e-14
6.75000000000000000000000000000000e-01,-6.47147955456684745595692368249124e-09,7.09433380078125941972406547683943e-08,-3.45785500273794775292060616512676e-16,4.05402134297037641645195965187589e-15
6.99999999999999999999999999999993e-01,-1.41969877678701062932042404870744e-10,3.69962994827351344128962711401765e-07,1.23034574544621753808791645934391e-15,1.03524259278530681785399458490515e-13
7.25000000000000000000000000000005e-01,7.87668956931188749868004572824129e-09,1.95462921881469602933377342911985e-07,1.23906068370773525585539194475529e-15,-2.11213824532030608004674615936391e-13
7.50000000000000000000000000000000e-01,6.71876341700070032713327520491164e-09,-2.74907663081442198330970756090250e-07,-1.23084241019427864359911615986465e-14,-5.32699263323634400608282303480375e-13
7.75000000000000000000000000000000e-01,-3.68712310085292595909310313154667e-09,-4.65943062491281476143969602062098e-07,7.89383902067593831880881843276027e-15,2.41986530585402506102436331634028e-12
8.00000000000000000000000000000000e-01,-1.16562700544220709989592210142595e-08,-1.05186002135860383962204082262061e-07,7.73407809462623977868173530975575e-14,3.42290342641134644545360818402759e-13
8.24999999999999999999999999999991e-01,-6.84707952472941916364981245694384e-09,4.52314089462212044649550231516005e-07,-1.50083974376642230925042028454542e-13,-1.62154485139368250953861435150388e-11
8.50000000000000000000000000000000e-01,7.52928164884787173920544829610487e-09,5.84370051283138073127498208114987e-07,-2.90899463084622591144823546718106e-13,1.84117735263826922540246952700815e-11
8.75000000000000000000000000000000e-01,1.64365257894306276837765359903230e-08,5.38215294098550634875094215221086e-08,1.17512230265374024931958223246566e-12,6.84618089164922519584913682814674e-11
9.00000000000000000000000000000000e-01,8.05297689399283098873426233985703e-09,-6.66123863748148006087216106295457e-07,2.67530349689017782414632620438914e-13,-1.72606543682016603391890695270827e-10
9.25000000000000000000000000000000e-01,-1.19373205690150334156426104922848e-08,-7.79652444799763451008218776112059e-07,-5.99400806529418128666472639323121e-12,-1.45987427082185709692294230025887e-10
9.49999999999999999999999999999991e-01,-2.30366683437239003995652087465893e-08,-1.76654557672882294263056601194145e-08,4.48875837812999455164074504905088e-12,9.23183965964036720001638013836497e-10
9.75000000000000000000000000000000e-01,-1.05281109430005010392613101921437e-08,9.28467486265773582868873030563292e-07,2.14153769778545464733551704603071e-11,-2.64865157546421952504529401729790e-10
1.00000000000000000000000000000000e+00,1.63602460393181088482045251578590e-08,1.02331460698106379105154601225495e-06,-3.59549178684100956654015679630922e-11,-3.39455617895724167924259359017452e-09
1.02499999999999999999999999999998e+00,3.07316636188814378338122371372513e-08,2.35312146883666929394260703762092e-08,-5.12009773327259471922509776161343e-11,3.85140614523614999134409024032999e-09
1.05000000000000000000000000000000e+00,1.52564566810985738304373037777829e-08,-1.14741248899016449756559035494282e-06,1.64314305922684479817703813384476e-10,8.70264847220941054821958875395489e-09
1.07500000000000000000000000000000e+00,-1.81636334238541605113229824463795e-08,-1.29654369865678426466785987393929e-06,5.32363834287497008764223288110167e-11,-1.91050237237183002228015254878749e-08
1.10000000000000000000000000000000e+00,-3.82625546259879469057545225524628e-08,-1.87559548342549071884913245858897e-07,-5.46095974684281655450735993514633e-10,-1.33252963109368120170338985604562e-08
1.12500000000000000000000000000000e+00,-2.42917518277640567026000788686879e-08,1.20302208839951078431415646888789e-06,1.81030620727234967585355580034844e-10,6.43685816609605806175091898844565e-08
1.14999999999999999999999999999998e+00,1.38635220224547613026198905792118e-08,1.60959738937033250019005746969359e-06,1.41293636862801725453342514912205e-09,-3.20472756613491792461842820244354e-09
1.17500000000000000000000000000000e+00,4.38650913948152713259898491922989e-08,6.18985641734855021513855391163937e-07,-1.23706944314187546467241544291819e-09,-1.65927831511763899170124116485672e-07
1.19999999999999999999999999999999e+00,3.86663581540444099299522633634204e-08,-9.93063193597672546753081355320398e-07,-2.91175674419040981920180505007952e-09,9.74533191191192065541439201029162e-08
1.22500000000000000000000000000000e+00,-4.97439846093101540779544222235977e-10,-1.91087053015867450729961313949094e-06,4.28951990167070278183198372003480e-09,3.41236487877481051384847252217983e-07
1.25000000000000000000000000000000e+00,-4.39408451148577282238551527525372e-08,-1.32253800789446109022866974210794e-06,4.74549842673307448190971559173238e-09,-3.76860201762608947940456172053307e-07
1.27499999999999999999999999999998e+00,-5.60028821447810103494472574406558e-08,4.18716955272222495534482020539619e-07,-1.11227376192298730365141254909667e-08,-5.66211486055595379728123536819627e-07
1.30000000000000000000000000000000e+00,-2.33976117265043572561961572728920e-08,2.00755939595791049187674250163344e-06,-5.74627618332257590088591225151263e-09,9.92029245743543353910403519258366e-07
1.32499999999999999999999999999999e+00,3.24734557802177417372575015622740e-08,2.16187637541159834745255123304748e-06,2.38019734121785371848741708753379e-08,7.43482310884934450192521092091220e-07
1.35000000000000000000000000000000e+00,6.97151109127634924014076993240094e-08,6.19990696355389760973854529178897e-07,3.70335192514710531195177213937278e-09,-2.09807557260611781020776481139016e-06
1.37500000000000000000000000000000e+00,5.65287434338311714293134054069935e-08,-1.61166546043739375646648711389413e-06,-4.40698545431262246284600619449157e-08,-6.99698614942791100818427092249195e-07
1.39999999999999999999999999999998e+00,-3.73607695724463635335222307646419e-09,-2.89935457122194821029614808993221e-06,4.31593863069201855331799462206249e-09,3.80432030666542978594425095418692e-06
1.42500000000000000000000000000000e+00,-7.05954098099525971413732152099413e-08,-2.08996943739189112312404231838029e-06,7.29390356428383802064278679066482e-08,2.27495534313191314029879540277740e-07
1.44999999999999999999999999999999e+00,-9.17030894438032049333871407216798e-08,5.31624166420185998540271556650225e-07,-2.14953228412829787175306509958948e-08,-6.18723571376606515627619689513219e-06
1.47500000000000000000000000000000e+00,-4.24605834096283330251662585779190e-08,3.15721739573754798814083571910778e-06,-1.13116640308966938266686125266667e-07,7.45549382208626184106440909134893e-07
1.50000000000000000000000000000000e+00,4.86249813940204316444590404428982e-08,3.64023863007682737714023901351740e-06,4.76892730308463669365324348217956e-08,9.50244168816284354834487274937995e-06
1.52499999999999999999999999999998e+00,1.14345863948799557736746303418254e-07,1.25788607101087152841297548261112e-06,1.84929414985716412945354918520904e-07,-7.68076303658379980551167785514883e-07
1.55000000000000000000000000000000e+00,9.82788021583655997440222765152723e-08,-2.46318935610866716042523677783514e-06,-1.41323980820486705448357676883524e-08,-1.22335517273813992914348307499146e-05
1.57499999999999999999999999999999e+00,2.15449224270464476952299202436397e-09,-4.71676369625138641628776081557984e-06,-2.62999119549325329396392168819182e-07,-7.40083102431546249507774257329592e-06
1.60000000000000000000000000000000e+00,-1.08139236904232347356063112962843e-07,-3.51903701407464150081852480109640e-06,-5.09743619266021018120339287147106e-07,-1.52371670364177719487221443019355e-05
1.62500000000000000000000000000000e+00,-1.47022195076191766374529177549953e-07,6.13591623410239488459985896318341e-07,-1.05458591263485500094817673578097e-06,-1.21331032841332646307638866583201e-05
1.64999999999999999999999999999998e+00,-7.51956425106939820835278243310048e-08,4.74000167672452302933772647521170e-06,2.37600793024735874868132843914232e-07,1.53980339803545247010305729973580e-04
1.67500000000000000000000000000000e+00,6.27985058901448631954179054352353e-08,5.55938298274000942065797552323869e-06,8.68757554683198519674478091295363e-06,5.08972964326354199881563690369787e-04
1.69999999999999999999999999999999e+00,1.65088621468510113798572744598983e-07,2.10429197753863327887694361621409e-06,2.33745142211155933925435517008565e-05,4.71187661517240890278540072623649e-04
1.72500000000000000000000000000000e+00,1.49410830805347653638501253342415e-07,-3.22900461223190620611291460619174e-06,1.87858901153716063372415271134173e-05,-1.24930465629022997844411364171094e-03
1.75000000000000000000000000000000e+00,1.98390232375198352533032309948597e-08,-6.43531290210353911122876920110650e-06,-6.25077513504598571180403598598736e-05,-5.55379372332123905424503667423070e-03
1.77499999999999999999999999999998e+00,-1.32797775253421762696532128174170e-07,-5.01710845879239089017290659341036e-06,-2.68541880142283073425298588945696e-04,-1.02488617667341140590487752629564e-02
1.80000000000000000000000000000000e+00,-1.96997265409087363066992622710710e-07,1.48850246102514695803417447543858e-07,-5.19748893965498694538414755542549e-04,-7.11668910548009636836002533346678e-03
1.82499999999999999999999999999999e+00,-1.21349063952700412012021260305742e-07,5.47765312018613438478979233643546e-06,-4.53745971514016649833115801856921e-04,1.74356037731714343923045436068827e-02
1.85000000000000000000000000000000e+00,4.70515474284843303941254261153109e-08,7.14740063022375963392921638647919e-06,6.30338020027202540312707232336788e-04,7.51310596541352512363695229091730e-02
1.87500000000000000000000000000000e+00,1.91966385640237664490147884083209e-07,3.77459937700458402641812581254862e-06,3.58669191363615093359489362642512e-03,1.65117862745933613386713091783397e-01
1.89999999999999999999999999999998e+00,2.09610385528752690302180302506965e-07,-2.32609876481349704014135495459236e-06,9.02316139665562459114185036191202e-03,2.69054691700971013665104265583904e-01
1.92500000000000000000000000000000e+00,8.93775654272317692353600912213654e-08,-6.55610775683951347690667933293756e-06,1.69350196563304431845387225948839e-02,3.58701631775646961044368462450257e-01
1.94999999999999999999999999999999e+00,-7.53622755468141534004574386365116e-08,-5.91531730373192465006177026221342e-06,2.66541728749767401715309416885480e-02,4.11699461746039625660173793465793e-01
1.97500000000000000000000000000000e+00,-1.79497895613244554357372670473240e-07,-2.73711030710892011275919341221704e-06,3.71632528063683247738003254949345e-02,4.23023611244868701385902606717835e-01
2.00000000000000000000000000000000e+00,-2.49301191522454406164886107333760e-07,-4.51675688473078639262731518860225e-06,4.75377309570497305740374518946511e-02,4.03636654015433060858991873807678e-01
2.02500000000000000000000000000000e+00,-5.06203518412286763173652380824727e-07,-1.77209444021317250341405103999638e-05,5.72166742970426698655900268188774e-02,3.69715444822421041264928572289860e-01
2.04999999999999999999999999999996e+00,-1.20679814005494669486157545112392e-06,-3.65170280980924009886158558512406e-05,6.59960788289797609830273850540192e-02,3.32755490676935859980117233509293e-01
2.07499999999999999999999999999999e+00,-2.16905939318187483927406262924968e-06,-2.96091993356152062911894413124499e-05,7.38651660562250804419774639722016e-02,2.97052279709381839215734542562889e-01
2.10000000000000000000000000000000e+00,-1.98945596425223823043323090589370e-06,7.05666835347878373516236862182829e-05,8.08614727060197777708822502076958e-02,2.62861118384614876407878635285900e-01
2.12500000000000000000000000000000e+00,2.93228524881153012932239389911502e-06,3.71755200422355280249665323638253e-04,8.70183538237761338442258163024090e-02,2.29922096344588596166747261103860e-01
2.15000000000000000000000000000000e+00,1.93415659656290740174987483965746e-05,1.01559824841492896603690286110279e-03,9.23703383597895305380920880522593e-02,1.98544972499648401204250550059626e-01
2.17499999999999999999999999999996e+00,5.77876589454283400584317838795928e-05,2.16120606125246314012383880238297e-03,9.69617326974545397782389842720563e-02,1.69100248539832533911018166761311e-01
2.19999999999999999999999999999999e+00,1.32782284515029971104491527447222e-04,3.96250734284179543072936401055870e-03,1.00841844729035673594798432562968e-01,1.41619199254465989230128131349589e-01
2.22500000000000000000000000000000e+00,2.62375262281435798823879969848364e-04,6.54522442460066390058294701121304e-03,1.04057817233074891523702424860863e-01,1.15943390357832578310204937226787e-01
2.25000000000000000000000000000000e+00,4.67207310918572368020495322116993e-04,9.98877474375525608789260108588935e-03,1.06653046558902136003944710158781e-01,9.19442595741366099523751715793243e-02
2.27500000000000000000000000000000e+00,7.69212274566483616597463170489249e-04,1.43167030163892677810346339508954e-02,1.08668315896942303864453330545722e-01,6.95286313199586606034747437724694e-02
2.29999999999999999999999999999996e+00,1.19020606850639775876049288518539e-03,1.94971596487312012850888158760637e-02,1.10141754388713338269774315648443e-01,4.85743949361877932095219700961081e-02
2.32499999999999999999999999999999e+00,1.75060514991939159613023671897668e-03,2.54522866586882166409975564853421e-02,1.11108136257545271744975422162125e-01,2.89434180266826871408146810970577e-02
2.35000000000000000000000000000000e+00,2.46845401736613753741826454725987e-03,3.20727643854282847862520550204665e-02,1.11599080268175528700392543537300e-01,1.05241152180870116317256295111294e-02
2.37500000000000000000000000000000e+00,3.35883045939947798329414909839762e-03,3.92327892377077663371782688367400e-02,1.11643772507768249923439273555127e-01,-6.77097544504098105209692047665589e-03
2.39999999999999999999999999999998e+00,4.43359125622933699277372759979255e-03,4.68020038045206932156193004961569e-02,1.11269226149672039667631378369620e-01,-2.30302913895757360894855474305562e-02
2.42499999999999999999999999999996e+00,5.70136285896633843782220513359803e-03,5.46531897872160186745837974582394e-02,1.10500187664617448979038847833420e-01,-3.83441979531377559356681818715913e-02
2.44999999999999999999999999999999e+00,7.16767637401713462294972733733979e-03,6.26663298578670728574518954123503e-02,1.09359296335858391223265919207922e-01,-5.27892938537662672320307856038941e-02
2.47500000000000000000000000000000e+00,8.83517300316369254808655573150732e-03,7.07304233284456597244987552604824e-02,1.07867496771820615892506630201317e-01,-6.64260958531772065278943851770278e-02
2.50000000000000000000000000000000e+00,1.07038413513081067136732366912185e-02,7.87443825725451264041178313619989e-02,1.06044304285099810895118884828343e-01,-7.93099602686620696414485892647144e-02
2.52499999999999999999999999999998e+00,1.27712741357163840611980116675386e-02,8.66177273582860275915786606439474e-02,1.03907849064829620822330436888429e-01,-9.14958203522566742016980743227150e-02
2.54999999999999999999999999999996e+00,1.50329406626378515653887110141211e-02,9.42711257056159614513100622873932e-02,1.01474945494997139501418708190985e-01,-1.03033073491757596560219704018396e-01
2.57499999999999999999999999999999e+00,1.74824693880867724255051284360173e-02,1.01636668647760498450309463955205e-01,9.87612853399230468667277482268060e-02,-1.13962436337621453078002843811911e-01
2.60000000000000000000000000000000e+00,2.01119355351337275441400449216171e-02,1.08658046125450394249716185514740e-01,9.57816160258089253249633867877048e-02,-1.24319552128981841364123421900021e-01
2.62500000000000000000000000000000e+00,2.29121545333674222639368344256709e-02,1.15290826676685916549911849404024e-01,9.25498135893486543958497528335428e-02,-1.34138559862641648880139848518218e-01
2.64999999999999999999999999999998e+00,2.58729816286109795251540664783093e-02,1.21502573968763219639149202745980e-01,8.90789274959950379792181499950677e-02,-1.43451008115807739011163331978777e-01
2.67499999999999999999999999999996e+00,2.89836056339059767673441127102168e-02,1.27272175973394539139775500120408e-01,8.53812759412755693902327785180284e-02,-1.52283843376609854823929248261596e-01
2.69999999999999999999999999999999e+00,3.22328119580837927578019654568998e-02,1.32588084214309047159185742057215e-01,8.14685513301536988189217604773563e-02,-1.60660658017975147037283123856915e-01
2.72500000000000000000000000000000e+00,3.56091913079279939429660945567970e-02,1.37445845730189399353967036274501e-01,7.73518679105048766940707825996140e-02,-1.68604315855541694821944489698955e-01
2.75000000000000000000000000000000e+00,3.91012856595431691950714677254111e-02,1.41845669525993891705993844628573e-01,7.30417741044701364672199101513984e-02,-1.76136843684610342660342899756289e-01
2.77499999999999999999999999999998e+00,4.26976805388925420848981288382465e-02,1.45790626395377821109261569350252e-01,6.85483064494074302169374389481540e-02,-1.83276810653427675452773994847562e-01
2.79999999999999999999999999999996e+00,4.63870632671275969433930675385953e-02,1.49285725081965658371956858280999e-01,6.38810950636145113513832866391495e-02,-1.90038482026340458564630293049251e-01
2.82499999999999999999999999999999e+00,5.01582681593485922892723876265688e-02,1.52337730099265800858763632042498e-01,5.90494364688934696068374092578792e-02,-1.96435036290892985916112356671636e-01
2.85000000000000000000000000000000e+00,5.40003217410765077940738931230685e-02,1.54955247007690813779265492097806e-01,5.40622652889908422349426923444656e-02,-2.02482483431322505921249843585251e-01
2.87500000000000000000000000000000e+00,5.79024872345857870164142851665211e-02,1.57148515315971112438858292760685e-01,4.89280803830945701512122444961766e-02,-2.08198899389931583390076546037315e-01
2.89999999999999999999999999999998e+00,6.18542973849727941299057196122220e-02,1.58928718046942751840875703781653e-01,4.36549628799453707440109493566613e-02,-2.13598608088440338497938256709924e-01
2.92499999999999999999999999999996e+00,6.58455676740903048867182952276549e-02,1.60307218295819013648771060036730e-01,3.82507381298460395524253550739991e-02,-2.18687819701901439193001862742076e-01
2.94999999999999999999999999999999e+00,6.98663972006300593419920503465477e-02,1.61295436395578040850268324227035e-01,3.27231503949026826642735559779816e-02,-2.23468257233849038796956958976221e-01
2.97500000000000000000000000000000e+00,7.39071797753553446591336368497207e-02,1.61905784583652896576431835963897e-01,2.70798548162819308293040720281422e-02,-2.27946740395318110960594722400608e-01
3.00000000000000000000000000000000e+00,7.79586494417881878835391077953277e-02,1.62153350997839817198980247546391e-01,2.13282009344194705593674629580428e-02,-2.32140542811244927752923624235257e-01
3.02499999999999999999999999999998e+00,8.20119674451541717920585234309317e-02,1.62057326131626338394681130330930e-01,1.54750296360992359955898616006564e-02,-2.36070946107554786426194063366663e-01
3.04999999999999999999999999999996e+00,8.60588286364338661424660358718751e-02,1.61640982101492999602140789746502e-01,9.52674549111017170817933586654787e-03,-2.39749710604145189186496481786685e-01
3.07499999999999999999999999999999e+00,9.00915417876491477038762558035019e-02,1.60929638642717035191860333367253e-01,3.48966988741036087927139860917968e-03,-2.43172270122540333157582754903401e-01
3.10000000000000000000000000000000e+00,9.41030389461831565960212660059526e-02,1.59947252158962530013923735501214e-01,-2.62963169092787785762237217463932e-03,-2.46326473558360334601966977462805e-01
3.12500000000000000000000000000000e+00,9.80867988428089644553762632916604e-02,1.58713248393623273132486512756365e-01,-8.82438637081493398355748599521662e-03,-2.49210432671594518152897064610965e-01
3.14999999999999999999999999999998e+00,1.02036712089101831264915427110954e-01,1.57241202636940270940586752853181e-01,-1.50880337092236020584142627933770e-02,-2.51842750574323094505615510592912e-01
3.17499999999999999999999999999996e+00,1.05946944207659570961049771048925e-01,1.55539929822257249044627772161733e-01,-2.14146686642696428634604847758250e-02,-2.54254075645953461173149373694356e-01
3.19999999999999999999999999999999e+00,1.09811849596455906331069834277791e-01,1.53616244266471789397401901315298e-01,-2.77990800465537133363264048004070e-02,-2.56465844953419302823287360023252e-01
3.22500000000000000000000000000000e+00,1.13625960088253534880844060216519e-01,1.51477916100097809339554799653456e-01,-3.42362873701110262521683157144478e-02,-2.58474478170703210563192152624041e-01
3.25000000000000000000000000000000e+00,1.17384034870539949697233389139361e-01,1.49135468258254405207329213858724e-01,-4.07209236618327859576193199932163e-02,-2.60255622116573151738787206887961e-01
3.27499999999999999999999999999998e+00,1.21081132956810736329038876578270e-01,1.46602178464457393163683545544727e-01,-4.72469782858303785709011236641109e-02,-2.61786451778803289667100468122303e-01
3.29999999999999999999999999999996e+00,1.24712664980415572588801199536633e-01,1.43892554231164271759912084088960e-01,-5.38081494990946089171180910886820e-02,-2.63068678728181260790283238992436e-01
3.32499999999999999999999999999999e+00,1.28274397400792482619933270202036e-01,1.41020250220248017756494083289327e-01,-6.03985697652374135747630398456393e-02,-2.64133463194208623076434595373745e-01
3.35000000000000000000000000000000e+00,1.31762410370519128918962324482242e-01,1.37996615216743884549935890619169e-01,-6.70133480680491385943644231827748e-02,-2.65023085248215279080174526970094e-01
3.37500000000000000000000000000000e+00,1.35173036814294536549584140817655e-01,1.34830702647278817451301166357315e-01,-7.36484822284566263796806651428273e-02,-2.65762337247219819004410417568615e-01
3.39999999999999999999999999999998e+00,1.38502821986763567490383753222058e-01,1.31530814251504333172155105081409e-01,-8.03001562688779177772714647858266e-02,-2.66341005979176909932816363482892e-01
3.42499999999999999999999999999996e+00,1.41748533654098200087186562120915e-01,1.28106808421343283399691268487074e-01,-8.69639033877428666766872449350139e-02,-2.66721017854940041278739975208402e-01
3.44999999999999999999999999999999e+00,1.44907226156686032980862164863894e-01,1.24571881027420255651081957776216e-01,-9.36342349794051473313254782026215e-02,-2.66864032000459481291142513878852e-01
3.47500000000000000000000000000000e+00,1.47976329089916139678613612264868e-01,1.20942627975604757601976346130397e-01,-1.00305026688451737736356519131137e-01,-2.66760765224586048956761147701601e-01
3.50000000000000000000000000000000e+00,1.50953710268236475248183959543021e-01,1.17236979252790248271700701907623e-01,-1.06970435719813675448889134123893e-01,-2.66441875909794996266056254677012e-01
3.52499999999999999999999999999998e+00,1.53837666434174074645347957985438e-01,1.13470708163843885453844742361577e-01,-1.13625750146560748125121878589643e-01,-2.65962229661333171604380004486890e-01
3.54999999999999999999999999999996e+00,1.56626824528392046308662983708755e-01,1.09654051468464329985850889664646e-01,-1.20267591024132536714877829640666e-01,-2.65368019720590135121266256829033e-01
3.57499999999999999999999999999999e+00,1.59319977365545100024692906584980e-01,1.05790044263657729427352817322270e-01,-1.26893298430566954798090823694717e-01,-2.64668016731419836287251312090464e-01
3.60000000000000000000000000000000e+00,1.61915909800589647459427776158218e-01,1.01875448291683156227247882410128e-01,-1.33499864823693218556286922804204e-01,-2.63827769089361935368183066417735e-01
3.62500000000000000000000000000000e+00,1.64413279361768662037000088096771e-01,9.79040160040169597672525489252449e-02,-1.40083074081144934389359193749903e-01,-2.62790525139274009108690406580945e-01
3.64999999999999999999999999999998e+00,1.66810595207939019644968159468493e-01,9.38708102759861238265386307720125e-02,-1.46637378313606656376873393366151e-01,-2.61512073436746462727994275261816e-01
3.67499999999999999999999999999996e+00,1.69106299885316805881752971276795e-01,8.97758330517567392745721651383556e-02,-1.53156605039411544359393359922990e-01,-2.59989121734663561981305714430408e-01
3.69999999999999999999999999999999e+00,1.71298917002490652105833102606985e-01,8.56255270278266364868324865680848e-02,-1.59635106169093426937984276015382e-01,-2.58264727365679441697684025406976e-01
3.72500000000000000000000000000000e+00,1.73387203385060418987642130781190e-01,8.14316871486838185992317578720846e-02,-1.66068690585591885978854541784121e-01,-2.56406592597750539920245426534341e-01
3.75000000000000000000000000000000e+00,1.75370247709314815397486588877654e-01,7.72084846183143645003598066174326e-02,-1.72454777290475328996127193029359e-01,-2.54469761307070058100258812979206e-01
3.77499999999999999999999999999998e+00,1.77247486131443501722845851115549e-01,7.29690633867708866931047114919212e-02,-1.78791651319321732211616700507270e-01,-2.52465826202359544514972893001875e-01
3.79999999999999999999999999999996e+00,1.79018643306624139347688210501027e-01,6.87231485832665848211163508019200e-02,-1.85077243822863507966953203672482e-01,-2.50357084106944051517800846186384e-01
3.82499999999999999999999999999999e+00,1.80683635226728250573856750633522e-01,6.44764029740599426647204235747739e-02,-1.91308123204960001509270834762823e-01,-2.48077684105514491806300500428166e-01
3.85000000000000000000000000000000e+00,1.82242476959416160300676060672683e-01,6.02313538903564015961464803900011e-02,-1.97479222930987373874694460675691e-01,-2.45568456836434781010831500377988e-01
3.87500000000000000000000000000000e+00,1.83695225303006885141144640658615e-01,5.59891100994119146994613657396333e-02,-2.03584425963671178417133915609575e-01,-2.42808067920161900377178214788787e-01
3.89999999999999999999999999999998e+00,1.85041965105173851182848463468446e-01,5.17510290345592165333233463011285e-02,-2.09617732923690459106997180532668e-01,-2.39826877839722331305160298507010e-01
3.92499999999999999999999999999996e+00,1.86282830734786362500542899632425e-01,4.75198180511639331233553826903112e-02,-2.15574464855189469766640397687431e-01,-2.36695445420789154535512230717044e-01
3.94999999999999999999999999999999e+00,1.87418045988377248337805225192563e-01,4.32999029775310376507632593049918e-02,-2.21451862574023824860606771472426e-01,-2.33489772304894675831794962720271e-01
3.97500000000000000000000000000000e+00,1.88447963913108546754461759670787e-01,3.90970572320973395212798575603657e-02,-2.27248693570348039182760332835695e-01,-2.30250827760370185178137086765082e-01
4.00000000000000000000000000000000e+00,1.89373088405301849596663273972060e-01,3.49173333622556315283309185988969e-02,-2.32964046878979223929715811187234e-01,-2.26963297902303465880813097946795e-01
4.02499999999999999999999999999998e+00,1.90194061937613994840149183848711e-01,3.07654825114633705033098726981362e-02,-2.38595995519698925953657020466991e-01,-2.23565734651156388136762865362667e-01
4.05000000000000000000000000000001e+00,1.90911611927387737546944340017732e-01,2.66433365011797196217365045241361e-02,-2.44140819531376564760782984915847e-01,-2.19982046712714937698511000085681e-01
4.07499999999999999999999999999999e+00,1.91526463609370789113160728426609e-01,2.25488671256394084390266264821101e-02,-2.49593075573990291568839725125816e-01,-2.16155133100936493551089400702787e-01
4.09999999999999999999999999999992e+00,1.92039245110342455384865751881925e-01,1.84765678294174606606181968491552e-02,-2.54946399333970237676829133893879e-01,-2.12070921860569946321649895637812e-01
4.12500000000000000000000000000000e+00,1.92450421431633466320372417132435e-01,1.44193426127708687447443206983925e-02,-2.60194738373669910090246698870706e-01,-2.07767893914251598878873486034004e-01
4.14999999999999999999999999999998e+00,1.92760290294017965307327595887283e-01,1.03714183403594981685097205413996e-02,-2.65333574365050570826375988208033e-01,-2.03325728386072417782535564798476e-01
4.17500000000000000000000000000001e+00,1.92969053228453486715581523035062e-01,6.33125538274889283198422167647509e-03,-2.70360554063663138161382788356193e-01,-1.98830609673994036472434069001480e-01
4.19999999999999999999999999999999e+00,1.93076947055671521086461830155237e-01,2.30330727609115131746748949351726e-03,-2.75275090232826632240487293621839e-01,-1.94331784695934941000795496822662e-01
4.22499999999999999999999999999992e+00,1.93084395987734422275149789169470e-01,-1.70214302383103803059323754619154e-03,-2.80077057884158961879818332644719e-01,-1.89816534335856142884798700062777e-01
4.25000000000000000000000000000000e+00,1.92992133951934920355899986925749e-01,-5.67112442344964003880728589944187e-03,-2.84765294508148585078156556381532e-01,-1.85219290884222780211483198024662e-01
4.27499999999999999999999999999998e+00,1.92801255113810901015157416890992e-01,-9.58940387273315446455499753294524e-03,-2.89336675584111937707725213770328e-01,-1.80454910251489471566674369163160e-01
4.30000000000000000000000000000001e+00,1.92513174585672262611324783472571e-01,-1.34460399105088208860225250270165e-02,-2.93786083397868876108832508429910e-01,-1.75453799049777381724779968951480e-01
4.32499999999999999999999999999999e+00,1.92129511337279450538104024300537e-01,-1.72358966706118614204866899060273e-02,-2.98107121309068479332413823806220e-01,-1.70185776731859430236786504545667e-01
4.34999999999999999999999999999992e+00,1.91651929894738423185574813596420e-01,-2.09603722671620784704808615690600e-02,-3.02293265909368610498548774418022e-01,-1.64671238113463746057808556599170e-01
4.37500000000000000000000000000000e+00,1.91081988054180817347592423228009e-01,-2.46262435734433757592791343330562e-02,-3.06339125124022396996797009572727e-01,-1.58977600152152308095491498884476e-01
4.39999999999999999999999999999998e+00,1.90421032380531770487035968405223e-01,-2.82431272042639799009134281746295e-02,-3.10241361992959379531005110783694e-01,-1.53195911974252096951116541502943e-01
4.42500000000000000000000000000001e+00,1.89670165860965722548594405564781e-01,-3.18203970422260409981174140564613e-02,-3.13998805551467313436992480882411e-01,-1.47401676233444455241151603034207e-01
4.44999999999999999999999999999999e+00,1.88830290048818643000040002494337e-01,-3.53644381097058206354319076633607e-02,-3.17611577470794547925641781357144e-01,-1.41619244550367274594721565444765e-01
4.47499999999999999999999999999992e+00,1.87902203950664648736880515339348e-01,-3.88769393736507685854546670823923e-02,-3.21079613741146349092307387764470e-01,-1.35811061796266058343330677426323e-01
4.50000000000000000000000000000000e+00,1.86886727884149602982481989122959e-01,-4.23546311566841851037984721495285e-02,-3.24401306557039498370179576223470e-01,-1.29896582043933511564494363293706e-01
4.52499999999999999999999999999998e+00,1.85784814924407425546329638640616e-01,-4.57905010352181499259415037933142e-02,-3.27572860010301095047079945200282e-01,-1.23787312844751659858929022674334e-01
4.55000000000000000000000000000001e+00,1.84597616863281086903471940633333e-01,-4.91761126547903916379829137467375e-02,-3.30588528915123854720012415865688e-01,-1.17420148297772535785170071644842e-01
4.57499999999999999999999999999999e+00,1.83326485670000444814826782336122e-01,-5.25043040162671113939176198668170e-02,-3.33441550170502770107120169345578e-01,-1.10778618279225762990667373058364e-01
4.59999999999999999999999999999992e+00,1.81972911889489129807285325640555e-01,-5.57713995631462267079784179177690e-02,-3.36125414519573281220478894512799e-01,-1.03898585107407611925584443547243e-01
4.62500000000000000000000000000000e+00,1.80538421756689183363761969147475e-01,-5.89782214314181058956034298393568e-02,-3.38635067998216955525338720800365e-01,-9.68568610764887209149516758280975e-02
4.64999999999999999999999999999998e+00,1.79024468027924562352760219595744e-01,-6.21295815153014183135481437215480e-02,-3.40967619085052690380213056168783e-01,-8.97439515535568000454778477922677e-02
4.67500000000000000000000000000001e+00,1.77432351390534665379509040308842e-01,-6.52324184117156830609609167387087e-02,-3.43122242288282960476540449507168e-01,-8.26292205063628351358230263875500e-02
4.69999999999999999999999999999999e+00,1.75763199879385593311750494201914e-01,-6.82931434798351191970708203033356e-02,-3.45099266350605815989760884657803e-01,-7.55329415948578581673181731563894e-02
4.72499999999999999999999999999992e+00,1.74018016407065358181772553870130e-01,-7.13149853302873310135120056298331e-02,-3.46898793515844625091733450660984e-01,-6.84179159962829246994081951104692e-02
4.75000000000000000000000000000000e+00,1.72197783965921222137275536424056e-01,-7.42961560666833080245334489159968e-02,-3.48519402905172438596562504397811e-01,-6.12039167875608732310316247087625e-02
4.77499999999999999999999999999998e+00,1.70303599007326112015250332508477e-01,-7.72295073841695885827304268607450e-02,-3.49957436835882112743171916683379e-01,-5.37979814700736277899231306212924e-02
4.79999999999999999999999999999996e+00,1.68336790860758748027151490020965e-01,-8.01039861138406837249852730251947e-02,-3.51207115849720882132026136137720e-01,-4.61283047784368739360082295139384e-02
4.82499999999999999999999999999999e+00,1.66298983872401658285196411545947e-01,-8.29076543197913512710667330041885e-02,-3.52261417567908693682557776238905e-01,-3.81698331665790941303042473595157e-02
4.84999999999999999999999999999992e+00,1.64192072518734505234042368072362e-01,-8.56314391703319712218362556885606e-02,-3.53113399606593161222590265126449e-01,-2.99534107800770634311554776136096e-02
4.87500000000000000000000000000000e+00,1.62018106468198586870472778733489e-01,-8.82723715329759366132007958238965e-02,-3.53757508687967373571824002360047e-01,-2.15557539755203862096514155723141e-02
4.89999999999999999999999999999998e+00,1.59779114274905399114010861076783e-01,-9.08351038134282066995296280216038e-02,-3.54190427358186591377924901509671e-01,-1.30737005034559331046426719478474e-02
4.92499999999999999999999999999996e+00,1.57476918780189381060178360848349e-01,-9.33310343470109203472875083386464e-02,-3.54411167828022173517053398839078e-01,-4.59157244970718855504035188827827e-03
4.94999999999999999999999999999999e+00,1.55113003632047562608215009639133e-01,-9.57752191665826408448717929780247e-02,-3.54420383019092941692659451965578e-01,3.84699748141818567340192017126174e-03
4.97499999999999999999999999999992e+00,1.52688475089135723365520315175635e-01,-9.81820614674659882408081006498949e-02,-3.54219136857739964560279812077510e-01,1.22530310818997520265875638784493e-02
5.00000000000000000000000000000000e+00,1.50204132155151022096019584697283e-01,-1.00561190179548868986858048023120e-01,-3.53807560485700591424576240728063e-01,2.06873130151419567010610022835613e-02
5.02499999999999999999999999999998e+00,1.47660623274321489411665881381050e-01,-1.02914815306770270564408873910444e-01,-3.53183855042393298141508367963686e-01,2.92385492938151119625683333948530e-02
5.04999999999999999999999999999996e+00,1.45058642223280730784811914815082e-01,-1.05237272696061228327836100738011e-01,-3.52343978558139716063052005575824e-01,3.79921495750536657569035507927384e-02
5.07499999999999999999999999999999e+00,1.42399107468176295420229833121562e-01,-1.07516721352148765067749152716209e-01,-3.51282121005956529891594123877684e-01,4.70001664439499573023113499580004e-02
5.09999999999999999999999999999992e+00,1.39683278459607529704218761405726e-01,-1.09738341736771984546419612158751e-01,-3.49991808467562278061661058189016e-01,5.62623162876231340168970172161966e-02
5.12500000000000000000000000000000e+00,1.36912782977502776618426221336170e-01,-1.11888094376490559972809696635850e-01,-3.48467272543055118119447493639508e-01,6.57241295829935927231135589607867e-02
5.14999999999999999999999999999998e+00,1.34089553195540784808658235311235e-01,-1.13956135602066795030903297075028e-01,-3.46704640765254696369700183537067e-01,7.52925097856271637944266691977436e-02
5.17499999999999999999999999999996e+00,1.31215688091590239505103909898176e-01,-1.15939208722258798668857121890315e-01,-3.44702570780142444005305361396369e-01,8.48632919863981640649763975057952e-02
5.19999999999999999999999999999999e+00,1.28293273725179738001444323904712e-01,-1.17841574959130704872840331065705e-01,-3.42462139062057214650500053353561e-01,9.43516390445037386805557135347439e-02
5.22499999999999999999999999999992e+00,1.25324201140968073713946196069075e-01,-1.19674259209001503590922265024354e-01,-3.39986039504034459810711385164426e-01,1.03715417487371604299889116488765e-01
5.25000000000000000000000000000000e+00,1.22310024529908651219902588373070e-01,-1.21452620012362232312622665435765e-01,-3.37277368503369890418383913469336e-01,1.12964157358215202758193513938185e-01
5.27499999999999999999999999999998e+00,1.19251898015372499314651738098757e-01,-1.23192594950969617408563607295459e-01,-3.34338401567318478599332646705994e-01,1.22150937060414583312810671249485e-01
5.29999999999999999999999999999996e+00,1.16150615266304865073329133809898e-01,-1.24906402520389701124479871005140e-01,-3.31169763764288281364361832359873e-01,1.31349994615302707193745113373737e-01
5.32499999999999999999999999999999e+00,1.13006751767396494845046192429648e-01,-1.26598829821702829235016135113830e-01,-3.27770266450891540312787012629469e-01,1.40627321730710512281171568221374e-01
5.34999999999999999999999999999992e+00,1.09820879992457674293759580842675e-01,-1.28265273983747014634010789678754e-01,-3.24137469254120546604348150042950e-01,1.50013577238614733294398410526940e-01
5.37500000000000000000000000000000e+00,1.06593802593935631553296418630005e-01,-1.29892313293194359904082565281951e-01,-3.20268797987298226509714760601556e-01,1.59487770055551846090838599782479e-01
5.39999999999999999999999999999998e+00,1.03326738069392498084264820342163e-01,-1.31460855328346334579671277342008e-01,-3.16162877645192435020637710221329e-01,1.68976661994377528362086497813412e-01
5.42499999999999999999999999999996e+00,1.00021402417130631587992670265052e-01,-1.32951113864207137140620644602837e-01,-3.11820676881554184709577738213409e-01,1.78369887884061276844859729090904e-01
5.44999999999999999999999999999999e+00,9.66799568477865479399129585108586e-02,-1.34348100345698457896992704027018e-01,-3.07246123255551057560074567088979e-01,1.87545956380078557698374451250046e-01
5.47499999999999999999999999999992e+00,9.33048273689812883341676567377210e-02,-1.35646156562740789379709823911453e-01,-3.02446014793073544326596598521932e-01,1.96401052726532409378181815352449e-01
5.50000000000000000000000000000000e+00,8.98984364313712264168376950063524e-02,-1.36851310252087027973261942443222e-01,-2.97429270065711997386574530477026e-01,2.04871845805759851345007804971777e-01
5.52499999999999999999999999999998e+00,8.64629107696158236337712095223394e-02,-1.37980788074754256214474343609108e-01,-2.92205759456626375081680326265313e-01,2.12945449059542198075787441046993e-01
5.54999999999999999999999999999996e+00,8.29998376722868508198435410377281e-02,-1.39059708074107029083529599695320e-01,-2.86785084629208382110327735411941e-01,2.20653647593858547246336448350671e-01
5.57499999999999999999999999999999e+00,7.95101328025799865863629446969129e-02,-1.40115639246933334447605859616336e-01,-2.81175685659439233590805107833423e-01,2.28053257551205420548081481022360e-01
5.59999999999999999999999999999992e+00,7.59940586621277464189052007474922e-02,-1.41172224252837367750049779771711e-01,-2.75384553972019143343370376402717e-01,2.35198610854320205489005074783552e-01
5.62500000000000000000000000000000e+00,7.24513991714461097145474825075683e-02,-1.42243307313208375682039171488673e-01,-2.69417645660947208817870591851715e-01,2.42114467668067859295028729781574e-01
5.64999999999999999999999999999998e+00,6.88817600312942161816070190697244e-02,-1.43328936567237087658812313549525e-01,-2.63280878803326061079433960127054e-01,2.48777514560231001087057746580592e-01
5.67499999999999999999999999999996e+00,6.52849344849326775788324711037824e-02,-1.44414232280585079232067218068140e-01,-2.56981421833877558581886710083390e-01,2.55112088737331167623485399875844e-01
5.69999999999999999999999999999999e+00,6.16612565037872048712982404937663e-02,-1.45471514583522320152751773327063e-01,-2.50528888861340707252567410470788e-01,2.61001643833665674796706593210171e-01
5.72499999999999999999999999999992e+00,5.80118621699612504944635178065477e-02,-1.46465397951714505046569280226351e-01,-2.43936077335222726791759314248502e-01,2.66312962536471005867637047340755e-01
5.75000000000000000000000000000000e+00,5.43387955705478220113465770769909e-02,-1.47359924571605231110614587065317e-01,-2.37219006720423819264639313083373e-01,2.70926523326817352014622423073973e-01
5.77499999999999999999999999999998e+00,5.06449249896964854869153049320579e-02,-1.48126346125636037323708031148809e-01,-2.30396207641604328079113283068975e-01,2.74764727861731263976734009684357e-01
5.79999999999999999999999999999996e+00,4.69336730956988378884850853851349e-02,-1.48749961115163826977884538750236e-01,-2.23487415252199339838379717888057e-01,2.77810317975104203807011981979337e-01
5.82499999999999999999999999999999e+00,4.32086039910543081253209790509109e-02,-1.49234518978935009584436875132071e-01,-2.16511981599044087664057197323734e-01,2.80110050061173282061553777709516e-01
5.84999999999999999999999999999992e+00,3.94729426804651601604678784618385e-02,-1.49603110468795232816089233137920e-01,-2.09487395379300515535257430550519e-01,2.81762768541608898869766898602600e-01
5.87500000000000000000000000000000e+00,3.57291217068632245365191020906979e-02,-1.49895119436932422943829806851412e-01,-2.02428264471427083460431178274233e-01,2.82895271603489029439292592698025e-01
5.89999999999999999999999999999998e+00,3.19784504946932527251492749058120e-02,-1.50159604393665158714284191469707e-01,-1.95345987857370610958963721476913e-01,2.83632602650041761783943011639199e-01
5.92499999999999999999999999999996e+00,2.82209837496113662838655031390837e-02,-1.50446254343823242655610641497910e-01,-1.88249156022505296136133898104214e-01,2.84070778293281233236484241108290e-01
5.94999999999999999999999999999999e+00,2.44556287406510823435312627197733e-02,-1.50795645266392171478015788446494e-01,-1.81144524229954541164505825859000e-01,2.84259171035022470427006198508761e-01
5.97499999999999999999999999999992e+00,2.06804843843077668077363546534324e-02,-1.51230753183856839131746194963003e-01,-1.74038253408595855760118890897718e-01,2.84197051954604400266357288693346e-01
6.00000000000000000000000000000000e+00,1.68933578156011449551706138049275e-02,-1.51751475755777409588218720974908e-01,-1.66937048479235609084750566415575e-01,2.83844895834985064047187695161926e-01
6.02499999999999999999999999999998e+00,1.30923671639190513971996141197940e-02,-1.52333317984784310273611404839495e-01,-1.59848860541166647563499827304981e-01,2.83147025183709228596178493425089e-01
6.04999999999999999999999999999996e+00,9.27652052085936577157546602897794e-03,-1.52930570240882320312037509981230e-01,-1.52782946144974147392732198965153e-01,2.82059138114565343054823101032609e-01
6.07499999999999999999999999999999e+00,5.44616364437517332451697284803374e-03,-1.53483465297602606001046506085662e-01,-1.45749258004635828620191782598555e-01,2.80573024781586116268926337677283e-01
6.09999999999999999999999999999992e+00,1.60321072072114833838148117815751e-03,-1.53928124599844190026438909334612e-01,-1.38757327888127040113787840380552e-01,2.78731577421946533650323170628001e-01
6.12500000000000000000000000000000e+00,-2.24889184611298911816633252372212e-03,-1.54207673646505086741667457630621e-01,-1.31814945533275464188059181294901e-01,2.76629770541492480503343100776867e-01
6.14999999999999999999999999999998e+00,-6.10547532604974042606054137505862e-03,-1.54282718335099300744626664783154e-01,-1.24927000516149942934911806689656e-01,2.74400976492621960720638713571828e-01
6.17499999999999999999999999999996e+00,-9.96119368035673935551487649780504e-03,-1.54139406470979830408376213367917e-01,-1.18094820376951876613859100219742e-01,2.72191856427393351288044526098970e-01
6.19999999999999999999999999999999e+00,-1.38107235496214810018835876947746e-02,-1.53793565565434380965437606199819e-01,-1.11316216474107808711373672311273e-01,2.70132091927205995436930072050615e-01
6.22499999999999999999999999999992e+00,-1.76495074930196714061301478886070e-02,-1.53289946962415288262802217200100e-01,-1.04586271318779543268030095302200e-01,2.68306585635676761811196636839480e-01
6.25000000000000000000000000000000e+00,-2.14744141038915355256116925860265e-02,-1.52696406958012985740517817254600e-01,-9.78987139826352532609234675405262e-02,2.66737165660489368370362220825270e-01
6.27499999999999999999999999999998e+00,-2.52841961534973052198871539638307e-02,-1.52093796835621648367870700174912e-01,-9.12475803042383055566022397633090e-02,2.65378522900059218866903806715479e-01
6.29999999999999999999999999999996e+00,-2.90796584663790264578569678983857e-02,-1.51563193138020593386621201553950e-01,-8.46287779537701224835887960853014e-02,2.64129680818679269904111202803215e-01
6.32499999999999999999999999999999e+00,-3.28634956810189906744345880300503e-02,-1.51172640937911682701614034923186e-01,-7.80411916197338444130334754480029e-02,2.62858522373177502525281207796650e-01
6.34999999999999999999999999999992e+00,-3.66398163883064187126980314516304e-02,-1.50965665663845495325026890805722e-01,-7.14870680863520925139374196499277e-02,2.61433680174669712337967020334267e-01
6.37500000000000000000000000000000e+00,-4.04134227496280423478338850071236e-02,-1.50953445649806602347412649941433e-01,-6.49715897678981590175467713751569e-02,2.59756278196830194401632132840173e-01
6.39999999999999999999999999999998e+00,-4.41889540113588178839660113202893e-02,-1.51111867989426656207794882842706e-01,-5.85017363286789344278534948959556e-02,2.57784066829676630595545415214916e-01
6.42499999999999999999999999999996e+00,-4.79700230381308041259286888368707e-02,-1.51383899393292915513535486985801e-01,-5.20847006044535689629440089737434e-02,2.55542327905989243624292867406778e-01
6.44999999999999999999999999999999e+00,-5.17584760463242740204013592169593e-02,-1.51686939843987549281441661889712e-01,-4.57262286598982924909061198629955e-02,2.53119015031893847959079462522333e-01
6.47499999999999999999999999999992e+00,-5.55538889062391803341861023861792e-02,-1.51924167255415952588617191002256e-01,-3.94292719056184703178988912949280e-02,2.50645221225632171118071542182334e-01
6.50000000000000000000000000000000e+00,-5.93533816811482931508661180795739e-02,-1.51998352822400842863653545803237e-01,-3.31932679616622586973090206842674e-02,2.48265453057312460891983047978315e-01
6.52499999999999999999999999999998e+00,-6.31517899988174287294609738379278e-02,-1.51826252026252129274383736911601e-01,-2.70142223508115557248206080413176e-02,2.46104555489747883194723447009058e-01
6.54999999999999999999999999999996e+00,-6.69421818262935191897460346177594e-02,-1.51351506203376826057163039223228e-01,-2.08855789936138851051974000600366e-02,2.44238869769578770147519392519938e-01
6.57499999999999999999999999999999e+00,-7.07166572548908039198326245296297e-02,-1.50554094855822701107747094126128e-01,-1.47996877118744615967530768963551e-02,2.42678151815097168025284178382684e-01
6.59999999999999999999999999999992e+00,-7.44673245801590803641605829495549e-02,-1.49454805257586071454044926956754e-01,-8.74954291049680883061160406244380e-03,2.41362273458140939534894119870998e-01
6.62500000000000000000000000000000e+00,-7.81873161406164418044446322106019e-02,-1.48113904439133093212182311197632e-01,-2.73040768311438425756654070016194e-03,2.40173424716452069976102844506876e-01
6.64999999999999999999999999999998e+00,-8.18716980131846712939662929473204e-02,-1.46624088510197621002126832951630e-01,3.25903721927970694328195201440650e-03,2.38961145373246279325304743129821e-01
6.67499999999999999999999999999996e+00,-8.55181408258678802878247588931418e-02,-1.45098665780311518427073623178467e-01,9.21627625265079120950803980958825e-03,2.37574716896679612407080198461767e-01
6.69999999999999999999999999999999e+00,-8.91272521638523119045808713338547e-02,-1.43656630204633205542326845668958e-01,1.51353706246373242560859268532159e-02,2.35895846016250980548850075873417e-01
6.72499999999999999999999999999992e+00,-9.27025182481966126696421833474736e-02,-1.42406691770005201005745140399703e-01,2.10081150532875268187064258353316e-02,2.33864557533441147730622245728200e-01
6.75000000000000000000000000000000e+00,-9.62498560270499019862634519628139e-02,-1.41432423927266135142004248226189e-01,2.68256959375640712846938294473062e-02,2.31492775501937337793017725986623e-01
6.77499999999999999999999999999998e+00,-9.97768289518042836960065325790924e-02,-1.40780497021016150247047036559610e-01,3.25805014896179239829364452612643e-02,2.28862783537548242854513857964817e-01
6.79999999999999999999999999999996e+00,-1.03291624068195041337877586769560e-01,-1.40453545454270973490516766623415e-01,3.82677041821201403787475089853192e-02,2.26110965546354538188903597622926e-01
6.82499999999999999999999999999999e+00,-1.06801919602549066147681440135173e-01,-1.40408623083121092770142760151064e-01,4.38862851264503941189027052234472e-02,2.23400271616198448671730917464641e-01
6.84999999999999999999999999999992e+00,-1.10313787445765239583603545008644e-01,-1.40561500620258956631877517680212e-01,4.94392870149115713584813573787032e-02,2.20887146108333996433944994105513e-01
6.87500000000000000000000000000000e+00,-1.13830772104333087833930899135243e-01,-1.40796329593865918851456791968480e-01,5.49332421610297406806685815554504e-02,2.18689739062125169141269448858069e-01
6.89999999999999999999999999999998e+00,-1.17353267190621776918804739771117e-01,-1.40979527741441557684979033312884e-01,6.03768912162889595362230510926307e-02,2.16863865838354832388055415412850e-01
6.92499999999999999999999999999996e+00,-1.20878274888263802160444484724797e-01,-1.40976210158939706976957231487301e-01,6.57794508425978525855173056961183e-02,2.15391482923237332792784670329451e-01
6.94999999999999999999999999999999e+00,-1.24399587293100829374780453483071e-01,-1.40667156022954654956617258661687e-01,7.11487762036115632925256905928880e-02,2.14183828657622331440459018401411e-01
6.97499999999999999999999999999992e+00,-1.27908376468449187249324508951561e-01,-1.39964197191461025558656626303805e-01,7.64897808110186132032434053596087e-02,2.13098425584867609913933969561809e-01
7.00000000000000000000000000000000e+00,-1.31394128527522490798373702346753e-01,-1.38822063335023368400805745452698e-01,8.18034212404583617237175524692320e-02,2.11966446668924618804662347070500e-01
7.02499999999999999999999999999998e+00,-1.34845812478990258223426712484804e-01,-1.37245123544007179898713643256688e-01,8.70864404067497824504917139502244e-02,2.10625005033538553413833692962741e-01
7.04999999999999999999999999999996e+00,-1.38253143114109507391784872538851e-01,-1.35288098510742811427756050794940e-01,9.23319139866479529848141008371823e-02,2.08948084312040149997338165690577e-01
7.07499999999999999999999999999999e+00,-1.41607783714687103850478089829503e-01,-1.33050600944380865804084386055193e-01,9.75304900057980311862792108164747e-02,2.06870227883560433475621784847549e-01
7.09999999999999999999999999999992e+00,-1.44904341030152479261596566785212e-01,-1.30666168135628431082667823312420e-01,1.02672081790118290232635544243446e-01,2.04398637734284670552706515065039e-01
7.12500000000000000000000000000000e+00,-1.48141030594557879639666849157711e-01,-1.28287140205328837415801710872493e-01,1.07747693691759790474578453658028e-01,2.01611646402905481080391834740111e-01
7.14999999999999999999999999999998e+00,-1.51319930687031693094360908574129e-01,-1.26067206387666602598074408117493e-01,1.12751040733763152811238578412308e-01,1.98644128869368645407396976842773e-01
7.17499999999999999999999999999996e+00,-1.54446791943414005854628500056121e-01,-1.24143651556824163021214724156924e-01,1.17679668440951096024343410272711e-01,1.95662812442192060648815534070445e-01
7.19999999999999999999999999999999e+00,-1.57530420526833596113102550559419e-01,-1.22621308714480734361988326335417e-01,1.22535376794530726483939604423396e-01,1.92836198780652382489549085671202e-01
7.22499999999999999999999999999992e+00,-1.60581700564079059943697624236951e-01,-1.21560009252450040364841908760183e-01,1.27323882655648374580537584393372e-01,1.90304645684529895042601222151695e-01
7.25000000000000000000000000000000e+00,-1.63612362096536259380345050403427e-01,-1.20966959808191005812606821407462e-01,1.32053793259447521631189718855662e-01,1.88155952942067605638619682801502e-01
7.27499999999999999999999999999998e+00,-1.66633630566674558883729829288360e-01,-1.20794977021754997043188489606079e-01,1.36735084160980504058861676815545e-01,1.86410635457462530893772454233477e-01
7.29999999999999999999999999999996e+00,-1.69654909579300822899180655390202e-01,-1.20946888514054133584538912788753e-01,1.41377357273100158023043177751020e-01,1.85019203636094836363000076164778e-01
7.32499999999999999999999999999999e+00,-1.72682647572517685680633670649373e-01,-1.21285697065818653745482881550794e-01,1.45988185342804909568424574772684e-01,1.83871578009000621103861930810180e-01
7.34999999999999999999999999999992e+00,-1.75719519880309842984281371540511e-01,-1.21649391662633467309815900713187e-01,1.50571825257032383733855329153977e-01,1.82816650095638591153373240890733e-01
7.37500000000000000000000000000000e+00,-1.78764021937958002195728103589039e-01,-1.21868697309657751835632556076349e-01,1.55128510654890345952721975010078e-01,1.81688330847869336340695049957221e-01
7.39999999999999999999999999999998e+00,-1.81810521660340679053785069415844e-01,-1.21785702278141674666058606775298e-01,1.59654429150966539808983560711233e-01,1.80333467523469617834723823005997e-01
7.42499999999999999999999999999996e+00,-1.84849766190458752275929277796595e-01,-1.21271246903550786628723904841988e-01,1.64142370699538750197916880898303e-01,1.78636886207609263345667810887801e-01
7.44999999999999999999999999999999e+00,-1.87869787635412396336310042309534e-01,-1.20239181564334741506866874861134e-01,1.68582922144983911996431120201583e-01,1.76539503390325972723304354192999e-01
7.47499999999999999999999999999992e+00,-1.90857110065956809072097862758066e-01,-1.18656020647288646419749859867248e-01,1.72965997214777487425611632922559e-01,1.74046779620694436619694231813183e-01
7.50000000000000000000000000000000e+00,-1.93798129616598356578927741585676e-01,-1.16545039270495549280332779750123e-01,1.77282444025432184476570785962088e-01,1.71226496700352696470480435599866e-01
7.52499999999999999999999999999998e+00,-1.96680522626749800624005064353631e-01,-1.13984417332539241447987984671468e-01,1.81525469231253712855941288345903e-01,1.68196620174657632387302295937300e-01
7.54999999999999999999999999999996e+00,-1.99494534024751096417551793175689e-01,-1.11099608893176374665107069255047e-01,1.85691657280744444782082079731653e-01,1.65105567248052202677867495094405e-01
7.57499999999999999999999999999999e+00,-2.02234009868668006062852337290377e-01,-1.08050693601342476307797312189222e-01,1.89781436197153302860616006857117e-01,1.62108301378825106944937618784529e-01
7.59999999999999999999999999999992e+00,-2.04897063874487382275062996224386e-01,-1.05016013810246450946446740215947e-01,1.93798934400668337574337418158611e-01,1.59342172745869890838824725387237e-01
7.62500000000000000000000000000000e+00,-2.07486306187915645086570264352328e-01,-1.02173839500371507295889043852188e-01,1.97751270522172582220514640639561e-01,1.56906277188272525913338046491231e-01
7.64999999999999999999999999999998e+00,-2.10008609716224322548955771558771e-01,-9.96840428462078277495353106964983e-02,2.01647404391071986215056193096524e-01,1.54847377455684673504399747658821e-01
7.67499999999999999999999999999996e+00,-2.12474439215553933434285637046578e-01,-9.76717470373721959442364181849681e-02,2.05496739584091293721344118803858e-01,1.53154269312084545515916210258426e-01
7.69999999999999999999999999999999e+00,-2.14896814532821325731789077793869e-01,-9.62146451727447223917765346713286e-02,2.09307697811243659632207576442842e-01,1.51761089046322887159694787658114e-01
7.72499999999999999999999999999992e+00,-2.17290016364008440609485869022464e-01,-9.53352290620571251631390797785768e-02,2.13086480246254147826493179468934e-01,1.50558677452366571285430657133383e-01
7.75000000000000000000000000000000e+00,-2.19668167053617487383975034926104e-01,-9.49986141091519614875029336915895e-02,2.16836193530107100271544926579135e-01,1.49411950529878742471309707429689e-01
7.77499999999999999999999999999998e+00,-2.22043828908755081017245857650164e-01,-9.51160728256906172394306898771135e-02,2.20556456169920381738279966905929e-01,1.48180441149201261571345372715581e-01
7.79999999999999999999999999999996e+00,-2.24426758406532192613622677595048e-01,-9.55538451572170636876413183672637e-02,2.24243525185740768368563131957887e-01,1.46738859249398407634098337857279e-01
7.82499999999999999999999999999999e+00,-2.26822937639998861800256368333560e-01,-9.61463070666535429374665317230718e-02,2.27890905167602396737613057013644e-01,1.44994682970708753389480752263631e-01
7.84999999999999999999999999999992e+00,-2.29233976122204259620050108792598e-01,-9.67121752225902737905228901201395e-02,2.31490333820313159133796226481027e-01,1.42900380303739200609450415704167e-01
7.87500000000000000000000000000000e+00,-2.31656939130748978818142950354026e-01,-9.70721385179686620935110339520860e-02,2.35032988812517282774728345962943e-01,1.40458756283656229594912474295398e-01
7.89999999999999999999999999999998e+00,-2.34084616509218120294238966317393e-01,-9.70661732531335116895536890818623e-02,2.38510736206622009309087947049880e-01,1.37720976569321037779561529968160e-01
7.92499999999999999999999999999996e+00,-2.36506202442855561094929073948776e-01,-9.65688438752545081512556082178773e-02,2.41917242940353092705138924231107e-01,1.34777875388030996898134754960084e-01
7.94999999999999999999999999999999e+00,-2.38908316743929707305575364450000e-01,-9.55011165124957402754110690723180e-02,2.45248802891101431081178609490665e-01,1.31746066288781185325737887236341e-01
7.97499999999999999999999999999992e+00,-2.41276265839889531384629322930050e-01,-9.38375911685406236055326284761919e-02,2.48504772759011394110607722440435e-01,1.28751020326115269415446457444163e-01
8.00000000000000000000000000000000e+00,-2.43595420204091408938168676248756e-01,-9.16085413230662664379624455268012e-02,2.51687572728711472017506690635115e-01,1.25909585136588874155981918629723e-01
8.02499999999999999999999999999998e+00,-2.45852576273845931668913620535709e-01,-8.88966773960454480403242622502985e-02,2.54802268803182601004187913514350e-01,1.23314368522686489220589875453338e-01
8.04999999999999999999999999999996e+00,-2.48037175335145913452021527682058e-01,-8.58290640443401005271064341456692e-02,2.57855810153978018990847816300212e-01,1.21022031379642485374887901437036e-01
8.07499999999999999999999999999984e+00,-2.50142268393993930977037658087734e-01,-8.25650687365123158524443021105468e-02,2.60856038414395552668258102391951e-01,1.19046899858922083260950688081338e-01
8.10000000000000000000000000000002e+00,-2.52165142512201547610423559136070e-01,-7.92815596619584855679128778888553e-02,2.63810611388975454803102532615340e-01,1.17360517593197951565606873299000e-01
8.12500000000000000000000000000000e+00,-2.54107557422804381078087870486865e-01,-7.61567782131322584510305986621932e-02,2.66725988744356218566986022960893e-01,1.15896930699030565532036371630148e-01
8.14999999999999999999999999999998e+00,-2.55975577969092166757791290949574e-01,-7.33543759239205508520460792673624e-02,2.69606612337703675779920747207413e-01,1.14562743538507000054832758844254e-01
8.17499999999999999999999999999996e+00,-2.57779024544680730253364669008925e-01,-7.10090364560987968772970591680385e-02,2.72454382013228271043598370293277e-01,1.13250397693293622408277775034859e-01
8.19999999999999999999999999999984e+00,-2.59530597148692176975657934490020e-01,-6.92149207336627782134079578497932e-02,2.75268484102261346791182642317494e-01,1.11852778023441113957801428497636e-01
8.22500000000000000000000000000002e+00,-2.61244756375025731607273282746065e-01,-6.80179006691927229624702155868772e-02,2.78045580900335456107328580075552e-01,1.10277170008694855074203726761747e-01
8.25000000000000000000000000000000e+00,-2.62936464611890404988710418586822e-01,-6.74122023652705263607869783647027e-02,2.80780321790288767166667251827126e-01,1.08456775958769262497558128598677e-01
8.27499999999999999999999999999998e+00,-2.64619901330599189009540368609469e-01,-6.73416792501118724663266338802862e-02,2.83466096573203530649606800531001e-01,1.06358404326675026283045183846291e-01
8.29999999999999999999999999999996e+00,-2.66307266474362155433775800568189e-01,-6.77055045169453805113853861580650e-02,2.86095923758216066518961095402178e-01,1.03985510438825260388605084659466e-01
8.32499999999999999999999999999984e+00,-2.68007775364041816193310413237597e-01,-6.83676545896561156693010183375962e-02,2.88663353979986321099438824152334e-01,1.01376406764741720161847304354075e-01
8.35000000000000000000000000000002e+00,-2.69726928284510710757217050022956e-01,-6.91692100474841752483952659467510e-02,2.91163272167695936280253037721269e-01,9.85980901591789166449463314842677e-02
8.37500000000000000000000000000000e+00,-2.71466110525371983990474666235674e-01,-6.99422808709850149255355597664125e-02,2.93592500298600484629050830154033e-01,9.57366729002391589376662510555108e-02
8.39999999999999999999999999999998e+00,-2.73222547641309802088268777800017e-01,-7.05242923461884562499950379465405e-02,2.95950132450337236042493468027124e-01,9.28857905378200500980313194619495e-02
8.42499999999999999999999999999996e+00,-2.74989609657023091046660932696501e-01,-7.07714295641664078046336003988765e-02,2.98237571024790616631984244445913e-01,9.01345515333785871868016458127372e-02
8.44999999999999999999999999999984e+00,-2.76757429644290473990736625924291e-01,-7.05701884531832435738145268116820e-02,3.00458272349513329764748405140154e-01,8.75565761535005080588850403720318e-02
8.47500000000000000000000000000002e+00,-2.78513778188130617371441112386507e-01,-6.98461775642167297799537729473018e-02,3.02617246228425130606384687651757e-01,8.52014571792064651378769520232179e-02
8.50000000000000000000000000000000e+00,-2.80245116609434305945314558677509e-01,-6.85695394272965429050466894252017e-02,3.04720382905697600022265609405375e-01,8.30896007553957429916659187529592e-02
8.52499999999999999999999999999998e+00,-2.81937739183559129036389683938805e-01,-6.67566194750351481835107625784425e-02,3.06773699037414322836707196452220e-01,8.12109300211294257924006521824994e-02
8.54999999999999999999999999999996e+00,-2.83578908998773775863039860159444e-01,-6.44678135192395697220767299166881e-02,3.08782599939601253563705279803133e-01,7.95274247209347483095261008997648e-02
8.57499999999999999999999999999984e+00,-2.85157894535837019724518358618386e-01,-6.18018588580374106107354043467343e-02,3.10751248603525702005531860229005e-01,7.79789935233164932204981197557257e-02
8.60000000000000000000000000000002e+00,-2.86666824809726541624092086953501e-01,-5.88871564060342731493466342550994e-02,3.12682114306846301068830554884292e-01,7.64917893900270295068010349507505e-02
8.62500000000000000000000000000000e+00,-2.88101298975687147925925895645356e-01,-5.58709643089058008081409245906659e-02,3.14575747913185655956400544636246e-01,7.49878237339459006575551566822304e-02
8.64999999999999999999999999999998e+00,-2.89460709325165826060075117378819e-01,-5.29074437776071932218314142611386e-02,3.16430800764262782341891805830842e-01,7.33946351170358031131382131246910e-02
8.67499999999999999999999999999996e+00,-2.90748261579022044978699150802670e-01,-5.01455570935470737166077721332973e-02,3.18244273371488068797180935679162e-01,7.16538259339497671775453929003899e-02
8.69999999999999999999999999999984e+00,-2.91970700586204046331927503746209e-01,-4.77177428142502567367588149340087e-02,3.20011952692873327526992357056694e-01,6.97274805521372865063195963575929e-02
8.72500000000000000000000000000002e+00,-2.93137771130276531203458263040622e-01,-4.57301659058676985926650832959218e-02,3.21728975834244851762617547596982e-01,6.76017896367562830084186921390617e-02
8.75000000000000000000000000000000e+00,-2.94261461658109738920073982618669e-01,-4.42551918123424354130166366038552e-02,3.23390445797270425070503240277415e-01,6.52875843062935310829251732257969e-02
8.77499999999999999999999999999998e+00,-2.95355092970978359957598124939167e-01,-4.33265700969237915107244575628832e-02,3.24992022467923090918576518901648e-01,6.28178790570215425832325089658535e-02
8.79999999999999999999999999999996e+00,-2.96432323766847031405898620308028e-01,-4.29376243708997240544255955673360e-02,3.26530419149325396710793880848551e-01,6.02428823069574482244135578221460e-02
8.82499999999999999999999999999984e+00,-2.97506149614448002933690956205604e-01,-4.30425220581599313320184878452575e-02,3.28003750134148397737614199168777e-01,5.76232141686015154520149963365391e-02
8.85000000000000000000000000000002e+00,-2.98587970705761880893851938062661e-01,-4.35604510284930182891329539564632e-02,3.29411695703465164457443147926512e-01,5.50222432978696671944465070588384e-02
8.87500000000000000000000000000000e+00,-2.99686796366886768538237374027325e-01,-4.43822927046800544710439639129383e-02,3.30755474625921448482145427049813e-01,5.24985057246003836791606013959116e-02
8.89999999999999999999999999999998e+00,-3.00808641541702236477793010912507e-01,-4.53791923171460449004713535565985e-02,3.32037637691684255461051501391903e-01,5.00991014291046943556523790624041e-02
8.92499999999999999999999999999996e+00,-3.01956153887349565776158457045960e-01,-4.64123129374479465555919962192611e-02,3.33261716273672456413191517390667e-01,4.78547952855739827846522244585159e-02
8.94999999999999999999999999999984e+00,-3.03128491685151504409330112002275e-01,-4.73430231133273557470018348800381e-02,3.34431775128772177810512037605784e-01,4.57773043767876158216678250263952e-02
8.97500000000000000000000000000002e+00,-3.04321454213828862540957189284048e-01,-4.80427912901235419432517960138592e-02,3.35551927155236794397426682673767e-01,4.38589669146927252941302455614872e-02
9.00000000000000000000000000000000e+00,-3.05527848777729693902915850680497e-01,-4.84021222191175208918205006556776e-02,3.36625869005638182962286711478485e-01,4.20746950941301014638586227201088e-02
9.02499999999999999999999999999998e+00,-3.06738063011952033283586769963589e-01,-4.83379583942963267135795023927301e-02,3.37656490606284101004301222215966e-01,4.03858499255482760532100628228112e-02
9.04999999999999999999999999999996e+00,-3.07940798008898621318761649429318e-01,-4.77990816048287540552361914267802e-02,3.38645599858949391877069436087880e-01,3.87454704077888370896478930862563e-02
9.07499999999999999999999999999984e+00,-3.09123907865927962975233532064842e-01,-4.67691882280700327591474106117987e-02,3.39593787857521787330729305706229e-01,3.71041640710872863033171631528148e-02
9.10000000000000000000000000000002e+00,-3.10275285085929704452842149056371e-01,-4.52674741088157494755456439041982e-02,3.40500442007128018456832835614599e-01,3.54159314699695180377873307659995e-02
9.12500000000000000000000000000000e+00,-3.11383729339326277986140014244680e-01,-4.33467397134367237233889382928301e-02,3.41363896758189669866310544880192e-01,3.36432515998440007459228900700559e-02
9.14999999999999999999999999999998e+00,-3.12439739538388581893508680225495e-01,-4.10891980500022781515071316080517e-02,3.42181696336953013218804394971341e-01,3.17608851722729049769580555496900e-02
9.17499999999999999999999999999996e+00,-3.13436175716703342323491554856119e-01,-3.86003219668756443315861322799378e-02,3.42950932502954154296743962039882e-01,2.97580370314003539467555678839041e-02
9.19999999999999999999999999999984e+00,-3.14368747261893492863199250585119e-01,-3.60011929266866335928950057619011e-02,3.43668614039275133238834278316304e-01,2.76387323442027396861792153520876e-02
9.22500000000000000000000000000002e+00,-3.15236296797652540416146200167141e-01,-3.34199021680766064726492149924187e-02,3.44332023775464753014995903789725e-01,2.54204770188284578691425557189292e-02
9.25000000000000000000000000000000e+00,-3.16040863454478140965410998111308e-01,-3.09826013087828285165808364367102e-02,3.44939023197522281271208260523562e-01,2.31314660432458667469334299426052e-02
9.27499999999999999999999999999998e+00,-3.16787524298555830466300319307224e-01,-2.88048004778306492371550757863148e-02,3.45488273275983597512684481593435e-01,2.08067531524630410444009447265279e-02
9.29999999999999999999999999999996e+00,-3.17484027210874371475281014096968e-01,-2.69834718314902912777614243082110e-02,3.45979351757559902341736423606640e-01,1.84838869951101622919823730070822e-02
9.32499999999999999999999999999984e+00,-3.18140241611214410896183706431910e-01,-2.55904449920641948386807897953953e-02,3.46412760270770117303231905557563e-01,1.61985462735161159214238267732516e-02
9.35000000000000000000000000000002e+00,-3.18767464482687720093249833312574e-01,-2.46674905734545788275468593321955e-02,3.46789827583485238783396747600478e-01,1.39806706956512692214460756431054e-02
9.37500000000000000000000000000000e+00,-3.19377627803422146218606097170084e-01,-2.42233858930428388459665628512848e-02,3.47112526741369492051022911558902e-01,1.18514945758743513982697222635515e-02
9.39999999999999999999999999999998e+00,-3.19982459449042071525996504394971e-01,-2.42331428501851317932541639087115e-02,3.47383232418191778621413596275217e-01,9.82175956725059105768434935747889e-03
9.42499999999999999999999999999996e+00,-3.20592652534038510974298429593296e-01,-2.46394474122365400573456609990453e-02,3.47604449827428567444155580089614e-01,7.89122980083180909333587611211708e-03
9.44999999999999999999999999999984e+00,-3.21217097582713310534208018067415e-01,-2.53562133139965004448233625391659e-02,3.47778547644458704667415233611687e-01,6.04947556003111600185073704535948e-03
9.47500000000000000000000000000002e+00,-3.21862227570704570828726481933261e-01,-2.62740007799432997882420187609939e-02,3.47907524704307632188309517769799e-01,4.27774884457387816643651524042534e-03
9.50000000000000000000000000000000e+00,-3.22531517890338408578083462245660e-01,-2.72669157745864071251622308767436e-02,3.47992834335998368437450088902037e-01,2.55166158016194097419665969496377e-03
9.52499999999999999999999999999998e+00,-3.23225172371708751802178919628888e-01,-2.82005086106929461101693974968344e-02,3.48035281980019231857709683790296e-01,8.44306261901259875123136248290336e-04
9.54999999999999999999999999999996e+00,-3.23940013774031016162413230244953e-01,-2.89401437430145720764689584523301e-02,3.48035002334146256935833558947237e-01,-8.70564948832795472191604002240980e-04
9.57499999999999999999999999999984e+00,-3.24669583850704625743725094694944e-01,-2.93593096258969768694734677666043e-02,3.47991512865623300810890982367601e-01,-2.61566421368172500921395753477222e-03
9.59999999999999999999999999999992e+00,-3.25404445082424009584280461607417e-01,-2.93473616249344353713934027505987e-02,3.47903832193769794695650244855448e-01,-4.40789485065757631326893976623570e-03
9.62500000000000000000000000000000e+00,-3.26132663928654540568182431220515e-01,-2.88162267587348652713229289014647e-02,3.47770645439390456079493253639906e-01,-6.25689050376985724793451055345498e-03
9.64999999999999999999999999999998e+00,-3.26840444198039876847285568514675e-01,-2.77056440743283834077047759207748e-02,3.47590494711668158021643917982909e-01,-8.16446997194233617728530796873765e-03
9.67499999999999999999999999999996e+00,-3.27512869240598426865033269603345e-01,-2.59865802279071404090853462888320e-02,3.47361971698555848642010911459538e-01,-1.01250015107241412345777729221925e-02
9.69999999999999999999999999999984e+00,-3.28134703835568882262294517332684e-01,-2.36625610672195246689196661749254e-02,3.47083890778473121631879625607908e-01,-1.21265692093284533117269653430613e-02
9.72499999999999999999999999999992e+00,-3.28691201853033401727398984896565e-01,-2.07687999100581407717091757070130e-02,3.46755424840044843575137453918617e-01,-1.41527513940502892181267340934428e-02
9.75000000000000000000000000000000e+00,-3.29168864810399573664582404475532e-01,-1.73691660513208294801966016725923e-02,3.46376191509782612257915207237015e-01,-1.61847651982349711156814201411546e-02
9.77499999999999999999999999999998e+00,-3.29556099548331693356410168094094e-01,-1.35511941296344260779827101079177e-02,3.45946283999999088017606705847725e-01,-1.82037077635329591928648440714246e-02
9.79999999999999999999999999999996e+00,-3.29843729918119324810337561129774e-01,-9.41946023011755110740442302361126e-03,3.45466247472853952757358807145845e-01,-2.01926342042733210467214514525433e-02
9.82499999999999999999999999999984e+00,-3.30025326643602800673936976887193e-01,-5.08773416695412127270830636720615e-03,3.44937007871229794731410470964476e-01,-2.21382520542370856627650919972760e-02
9.84999999999999999999999999999992e+00,-3.30097330432928454085270825438680e-01,-6.70367709875740712711510324730945e-04,3.44359764932380306808705141283860e-01,-2.40320739241697069689491316341824e-02
9.87500000000000000000000000000000e+00,-3.30058955342435833408602488746102e-01,3.72658843443481935744890367323593e-03,3.43735864137395712702065549104399e-01,-2.58709446047377469146516219710463e-02
9.89999999999999999999999999999998e+00,-3.29911872043409212450516539229494e-01,8.01402155819124215466827780118464e-03,3.43066663475746133328037173440545e-01,-2.76569356438631443955785716149079e-02
9.92499999999999999999999999999996e+00,-3.29659683751057172749464358245035e-01,1.21276205470284766788181741029055e-02,3.42353410176072232364283342286642e-01,-2.93966707618486792194877371508959e-02
9.94999999999999999999999999999984e+00,-3.29307220582950080697779671044561e-01,1.60344595553303145109123468186892e-02,3.41597140219664276794844847943679e-01,-3.11002028192318423882103805237965e-02
9.97499999999999999999999999999992e+00,-3.28859690068294075835508969687127e-01,1.97378596396820810127285875066874e-02,3.40798609895503846249128676397424e-01,-3.27796029821362903306006027075319e-02
1.00000000000000000000000000000000e+01,-3.28321731308778446161184745284999e-01,2.32801939000921035225618754695989e-02,3.39958264348683394478023486352877e-01,-3.44474424747057756337007043711443e-02
1.00250000000000000000000000000000e+01,-3.27696426987891645006869643326051e-01,2.67434370827704355354899192126169e-02,3.39076243540109808233613322311116e-01,-3.61153457403690288984372334426126e-02
1.00500000000000000000000000000000e+01,-3.26984330622523576846230646515959e-01,3.02474017617198548272113167880866e-02,3.38152421800588545234039391807489e-01,-3.77927719086508906020899274308137e-02
1.00749999999999999999999999999998e+01,-3.26182566240098994192467961769899e-01,3.39457329657319463418800308775034e-02,3.37186473697188490689439952125836e-01,-3.94861426827282535767070672317589e-02
1.00999999999999999999999999999999e+01,-3.25284054430922837591225897503092e-01,3.80198453246312905191642951330675e-02,3.36177956585796883259786431186715e-01,-4.11983850147272830564965646503540e-02
1.01250000000000000000000000000000e+01,-3.24276912880756410844090079123294e-01,4.26710843458027019959411499889831e-02,3.35126399185198377240766501081494e-01,-4.29289034813251967519281317013495e-02
1.01500000000000000000000000000000e+01,-3.23144071336578756642555088282114e-01,4.81114807886240957488236516210910e-02,3.34031385776313149387353147062581e-01,-4.46739472216971602525926725926486e-02
1.01750000000000000000000000000000e+01,-3.21863130745734961293403383188091e-01,5.45535437675534947241524485181979e-02,3.32892627045749252475953387036819e-01,-4.64272952825703294876018153094826e-02
1.01999999999999999999999999999999e+01,-3.20406484379735936199770414084191e-01,6.21995972804684325288770955759037e-02,3.31710010881216532225039576557651e-01,-4.81811557615463690413405315457751e-02
1.02250000000000000000000000000000e+01,-3.18741705669267806768093310899823e-01,7.12311968917020365596559715687318e-02,3.30483629250641268587365131436848e-01,-4.99271597988639941074393776334118e-02
1.02500000000000000000000000000000e+01,-3.16832194004944103634324597329807e-01,8.17991618187345388834328008302859e-02,3.29213780301290345693198980951561e-01,-5.16573312633488063793895489543144e-02
1.02750000000000000000000000000000e+01,-3.14638056754634185175817201206153e-01,9.40147222731377001083772893019658e-02,3.27900947658552546312672969290215e-01,-5.33649257633256595545790085768423e-02
1.03000000000000000000000000000000e+01,-3.12117194005925638472297960112200e-01,1.07942217571178231487019261013865e-01,3.26545761286997036972361280671260e-01,-5.50450561709974216571360416885278e-02
1.03249999999999999999999999999998e+01,-3.09226542692985393932430979770581e-01,1.23593694702748608415799695657713e-01,3.25148945968381565775666241671510e-01,-5.66950529237274982357212472414326e-02
1.03500000000000000000000000000000e+01,-3.05923429253745741846998356928726e-01,1.40925657146250295728234346107624e-01,3.23711264314214617485725733988052e-01,-5.83145418983818833510854796087591e-02
1.03750000000000000000000000000000e+01,-3.02166975053323198633267838559052e-01,1.59838106400974433454569796408363e-01,3.22233461232332736053346576215876e-01,-5.99052563158910436913451394603874e-02
1.04000000000000000000000000000000e+01,-2.97919496610065640950288787124345e-01,1.80175910152680214134715809118916e-01,3.20716215980264075201971411503038e-01,-6.14706279987202287864552950841700e-02
1.04250000000000000000000000000000e+01,-2.93147843131529948607165114999038e-01,2.01732426652331100836832786170400e-01,3.19160106522297363138041771742207e-01,-6.30152244121099880561004564389978e-02
1.04499999999999999999999999999999e+01,-2.87824616852631939966077858690147e-01,2.24255218446374401121027166804268e-01,3.17565589080328651634477903149345e-01,-6.45441095441560926113190983788774e-02
1.04749999999999999999999999999999e+01,-2.81929226949811370790315569140947e-01,2.47453601349523067495218426270932e-01,3.15932993776258672416886838262705e-01,-6.60622083410009715439040527657977e-02
1.05000000000000000000000000000000e+01,-2.75448735151730787614321295089570e-01,2.71007696768419016093140914205928e-01,3.14262535349030844773873562302692e-01,-6.75737467655046683839109937995962e-02
1.05250000000000000000000000000000e+01,-2.68378460322935147372113226068036e-01,2.94578589283333074958717838420469e-01,3.12554336306304209636021758436282e-01,-6.90818242392490669064061479552288e-02
1.05500000000000000000000000000000e+01,-2.60722319906061268693562725817999e-01,3.17819142642723317784866374915317e-01,3.10808458701267284313968160280358e-01,-7.05881547241288716876604388142704e-02
1.05749999999999999999999999999998e+01,-2.52492897632091147982604409188426e-01,3.40385004088039578974833299874325e-01,3.09024940102378254079841292466757e-01,-7.20929899729775295443071106679195e-02
1.05999999999999999999999999999999e+01,-2.43711238628226381743569343297707e-01,3.61945334644368221065066336618121e-01,3.07203829265282927071346243747144e-01,-7.35952165254284350422454096628044e-02
1.06250000000000000000000000000000e+01,-2.34406384201160571787829433096438e-01,3.82192839816572819359833905252882e-01,3.05345217469720157447001036777985e-01,-7.50925993355793716522217925140766e-02
1.06500000000000000000000000000000e+01,-2.24614668532185381280658463614146e-01,4.00852731418876737364014782784174e-01,3.03449262345962659336404705243365e-01,-7.65821311254219384507103411005802e-02
1.06750000000000000000000000000000e+01,-2.14378807960791981507848772067331e-01,4.17690314748953077782996751535865e-01,3.01516202151740154419658569509327e-01,-7.80604384313098995955028377146513e-02
1.06999999999999999999999999999998e+01,-2.03746820388619435490200328610704e-01,4.32516958277980215573505960592008e-01,2.99546359727051969832529993991764e-01,-7.95241930200780619867554515511507e-02
1.07249999999999999999999999999999e+01,-1.92770817624498034447121444754521e-01,4.45194266314937525836787563401867e-01,2.97540136606308144554623263765925e-01,-8.09704807401808600329372355608207e-02
1.07500000000000000000000000000000e+01,-1.81505717123500032388445705875311e-01,4.55636345519046999664043249895115e-01,2.95497998867658281706172865469028e-01,-8.23970884868708560084433235039230e-02
1.07750000000000000000000000000000e+01,-1.70007921290828908095899275557497e-01,4.63810138918966770932053478803603e-01,2.93420457128314881277862069575128e-01,-8.38026828227924892650076070238156e-02
1.08000000000000000000000000000000e+01,-1.58334012033581107346896855791388e-01,4.69733893192293859878198771616395e-01,2.91308043565847823881814965173554e-01,-8.51868691923307818541666735549425e-02
1.08249999999999999999999999999999e+01,-1.46539505455490295809189009568859e-01,4.73473914364763411683213875666355e-01,2.89161288924020661981332126372829e-01,-8.65501362618770532877266248639141e-02
1.08500000000000000000000000000000e+01,-1.34677706759377068623613054486454e-01,4.75139839099775946981224707878964e-01,2.86980702173881670151998406038468e-01,-8.78937032941545398203533156398944e-02
1.08750000000000000000000000000000e+01,-1.22798699114388321547158461848832e-01,4.74878694616500948116599284538332e-01,2.84766754926113801406674628956066e-01,-8.92192978639048453647120882047429e-02
1.09000000000000000000000000000000e+01,-1.10948493110250694886035755922640e-01,4.72868041959038022481062333498557e-01,2.82519871938766907480283879339612e-01,-9.05288960179534784003206964322737e-02
1.09250000000000000000000000000000e+01,-9.91683559441914438678629275244852e-02,4.69308504899415679023295985956262e-01,2.80240428246749975025859976714626e-01,-9.18244575977095120543253927211965e-02
1.09499999999999999999999999999998e+01,-8.74943318825406766306677846402774e-02,4.64415990372500300781625371825273e-01,2.77928752649053794436809711144371e-01,-9.31076867910986805521976707677068e-02
1.09750000000000000000000000000000e+01,-7.59569578516977043619554004752530e-02,4.58413908858532520913074116396749e-01,2.75585136597580004864612681651299e-01,-9.43798428602164716626415630694410e-02
1.10000000000000000000000000000000e+01,-6.45811703319939229065141918406189e-02,4.51525698530038268091719653358924e-01,2.73209846993317221911800899841925e-01,-9.56416188485535062904056766170690e-02
1.10250000000000000000000000000000e+01,-5.33863923544875107902622114586012e-02,4.43967935685867970201878828450923e-01,2.70803141057983274155026042656339e-01,-9.68930972615180156765593566099070e-02
1.10500000000000000000000000000000e+01,-4.23867828337038513191463362250063e-02,4.35944270909062992121868447731180e-01,2.68365281346119321420741028593363e-01,-9.81337819463981873264889740291660e-02
1.10749999999999999999999999999999e+01,-3.15916252202004026862158344744398e-02,4.27640369683694971810623122890388e-01,2.65896549102920203101872193801542e-01,-9.93626959487154049713276800647167e-02
1.10999999999999999999999999999999e+01,-2.10058288277673534391622933950607e-02,4.19219969483673180997396166235459e-01,2.63397254528995610872202991736829e-01,-1.00578527567654841852340559792164e-01
1.11250000000000000000000000000000e+01,-1.06305141710687541837157717394545e-02,4.10822104705594703319246416331743e-01,2.60867743019967569165172369864596e-01,-1.01779802453660697558364311760320e-01
1.11500000000000000000000000000000e+01,-4.63652998086718794663743308120593e-04,4.02559502092387505639210772495468e-01,2.58308397019285137900290697162239e-01,-1.02965058836334891040784161283988e-01
1.11749999999999999999999999999999e+01,9.49926586432087994414338155864311e-03,3.94518110193799497984995315022176e-01,2.55719633670864674055401190225267e-01,-1.04133005344982296332877295193546e-01
1.11999999999999999999999999999998e+01,1.92645723735121376511113598410597e-02,3.86757690437191875147393445073622e-01,2.53101898918999655746665273518824e-01,-1.05282645306027542849313465897295e-01
1.12249999999999999999999999999999e+01,2.88397780906439008142656515776472e-02,3.79313360120577110929458066048107e-01,2.50455659039564634866967433255270e-01,-1.06413356775093392361529195563538e-01
1.12500000000000000000000000000000e+01,3.82329879910049933261809154886469e-02,3.72197940602785024226546557925830e-01,2.47781390784870466049025744496186e-01,-1.07524923178799980818564331998522e-01
1.12750000000000000000000000000000e+01,4.74523792270473657005205838747850e-02,3.65404933522381204703054638817051e-01,2.45079571382842912383940103038352e-01,-1.08617514995059543620877419090011e-01
1.13000000000000000000000000000000e+01,5.65057601289491753281060503802692e-02,3.58911930666093184284054140865301e-01,2.42350669553338165843348564190314e-01,-1.09691628191130735639280461919739e-01
1.13249999999999999999999999999998e+01,6.54002178198793386841953121333930e-02,3.52684261716682405078973012201791e-01,2.39595138501308919361112657024190e-01,-1.10747989772861539288517570786446e-01
1.13499999999999999999999999999999e+01,7.41418580571261145030662606762366e-02,3.46678696023528308024550792048385e-01,2.36813411542252544441888435231240e-01,-1.11787444147106317682430249166649e-01
1.13750000000000000000000000000000e+01,8.27356365533596614066463970599522e-02,3.40847034468730995304464700314695e-01,2.34005900650267426569300287207481e-01,-1.12810835445597149407568859694653e-01
1.14000000000000000000000000000000e+01,9.11852772218405005880304649287884e-02,3.35139450767481847081855032964369e-01,2.31172997845041956533046649831487e-01,-1.13818900236518916823342101542719e-01
1.14250000000000000000000000000000e+01,9.94932695761725818873602350610440e-02,3.29507465953740257972622161358111e-01,2.28315079003253641723300545703239e-01,-1.14812182412866432260389835192478e-01
1.14499999999999999999999999999999e+01,1.07660934924291437676880333359128e-01,3.23906465251097189716031165531262e-01,2.25432509432252488215494062603598e-01,-1.15790978155138734489469640921989e-01
1.14750000000000000000000000000000e+01,1.15688549059452102684201819342125e-01,3.18297693409226476316049820292935e-01,2.22525650401014656616661560295012e-01,-1.16755314498866581333296599357739e-01
1.15000000000000000000000000000000e+01,1.23575507902718964927571150442919e-01,3.12649692680937773441404624657612e-01,2.19594865788616990611317168727288e-01,-1.17704960833331188230220768591241e-01
1.15250000000000000000000000000000e+01,1.31320522012187551489029647726546e-01,3.06939176066557402602298209463260e-01,2.16640528074262338143637933810292e-01,-1.18639469029359062700410323133408e-01
1.15500000000000000000000000000000e+01,1.38921826039892707534255879581307e-01,3.01151356219401829532017952624858e-01,2.13663023037415707383630417829769e-01,-1.19558235095876999938238542222356e-01
1.15749999999999999999999999999998e+01,1.46377390057118337645814504502913e-01,2.95279776316789236842916153472429e-01,2.10662752738705889125860313216632e-01,-1.20460573483157530884329473011199e-01
1.16000000000000000000000000000000e+01,1.53685121116128947613200626931140e-01,2.89325711520752877730633981421439e-01,2.07640136584735629448234014599447e-01,-1.21345794509103562555285628123886e-01
1.16250000000000000000000000000000e+01,1.60843045351573542443223967515046e-01,2.83297225947793779906800830865222e-01,2.04595610514038613492667707797316e-01,-1.22213275878085888681314749707200e-01
1.16500000000000000000000000000000e+01,1.67849463166720783955914079884641e-01,2.77207978090404134338061415184535e-01,2.01529624550647997873659611542283e-01,-1.23062520713317222127779106059966e-01
1.16750000000000000000000000000000e+01,1.74703072380206131779056922970684e-01,2.71075866924077126622893903831250e-01,1.98442639135720498603950955070237e-01,-1.23893196640278842961668731762566e-01
1.16999999999999999999999999999999e+01,1.81403056433529830599956493892724e-01,2.64921603812885327340192251340956e-01,1.95335120753565822087858160605214e-01,-1.24705152946634247014049062074072e-01
1.17249999999999999999999999999999e+01,1.87949136770306063626958333055930e-01,2.58767286061018376401890166078394e-01,1.92207537409877490745356018929701e-01,-1.25498415482120834419324949305594e-01
1.17500000000000000000000000000000e+01,1.94341590292619815840275958222680e-01,2.52635040221169620660042248298485e-01,1.89060354495458622157007385143827e-01,-1.26273161563889764060227911986587e-01
1.17750000000000000000000000000000e+01,2.00581234430829547511325082450440e-01,2.46545797606390348443802181452415e-01,1.85894031482100905434337350430789e-01,-1.27029679467514861064322205270586e-01
1.18000000000000000000000000000000e+01,2.06669383849508338521242841256589e-01,2.40518257819199665186527035111289e-01,1.82709019760001769965569452927006e-01,-1.27768318757235879976913285113500e-01
1.18249999999999999999999999999998e+01,2.12607784073874277430669235341832e-01,2.34568084246475864726769736365750e-01,1.79505761758894700428083061125455e-01,-1.28489438389598758896602586689133e-01
1.18499999999999999999999999999999e+01,2.18398528195684699064757682546132e-01,2.28707356576089215336042782362884e-01,1.76284691325254415169139624821478e-01,-1.29193359064083583740307113554626e-01
1.18750000000000000000000000000000e+01,2.24043963156595003626079828470095e-01,2.22944282384409648963683327260912e-01,1.73046235182332494106578923703841e-01,-1.29880324886453056003934290519831e-01
1.19000000000000000000000000000000e+01,2.29546591885790919956257405824677e-01,2.17283149162755693837593067909470e-01,1.69790815196352187282542312677335e-01,-1.30550477536324034562705056029333e-01
1.19250000000000000000000000000000e+01,2.34908976926599349221370797738391e-01,2.11724485709517451658966628692966e-01,1.66518851115730322604254107986775e-01,-1.31203844315153990750518759461882e-01
1.19499999999999999999999999999998e+01,2.40133650358585934412475929979672e-01,2.06265398952258681356788385325065e-01,1.63230763434804648987507200574245e-01,-1.31840339993058466064031998091766e-01
1.19749999999999999999999999999999e+01,2.45223034002959202948763192848080e-01,2.00900054808481040681190830170606e-01,1.59926976050127257355882990346225e-01,-1.32459781240598639582036243082752e-01
1.20000000000000000000000000000000e+01,2.50179373140684931074179893123925e-01,1.95620273027502531671952490394326e-01,1.56607918420548034544840145389721e-01,-1.33061911403645173725317129710665e-01
1.20250000000000000000000000000000e+01,2.55004686181900392786417107760780e-01,1.90416201924643449943234862220512e-01,1.53274027011616024178832115627217e-01,-1.33646432323526722135100202074652e-01
1.20500000000000000000000000000000e+01,2.59700731773980412105437241831897e-01,1.85277030924418302561101752373036e-01,1.49925745899669061224670067746159e-01,-1.34213038973214158544595989485752e-01
1.20749999999999999999999999999999e+01,2.64268993694596417582734117277530e-01,1.80191692750561641351733888116319e-01,1.46563526523585695230859339864303e-01,-1.34761452258742098037018777664335e-01
1.21000000000000000000000000000000e+01,2.68710682673677834277791814633749e-01,1.75149508832814390469307093061739e-01,1.43187826684946541469077342926938e-01,-1.35291445769483282682730384122179e-01
1.21250000000000000000000000000000e+01,2.73026753249658914741734418136562e-01,1.70140742466706154759630599030190e-01,1.39799108987812557962791811301102e-01,-1.35802863566837875783096729349613e-01
1.21500000000000000000000000000000e+01,2.77217933077586220528739657662978e-01,1.65157040240272749311157965920318e-01,1.36397838959986687589643267967343e-01,-1.36295627882383853248975766854287e-01
1.21750000000000000000000000000000e+01,2.81284761807254367390375245634838e-01,1.60191756298150774584379365304717e-01,1.32984483104174669709171248334558e-01,-1.36769737251029512185554330224347e-01
1.21999999999999999999999999999999e+01,2.85227636620022548980950414482738e-01,1.55240161270710166233683957089998e-01,1.29559507099509483872401166045434e-01,-1.37225256674097908796213725129944e-01
1.22250000000000000000000000000000e+01,2.89046861575461953562176758355910e-01,1.50299538386859115777351448529516e-01,1.26123374327801359468735668880130e-01,-1.37662301822123133067885145037141e-01
1.22500000000000000000000000000000e+01,2.92742697962336799511528128007286e-01,1.45369168006304689554798530683968e-01,1.22676544847829878164642254297916e-01,-1.38081019332200482667616923697607e-01
1.22750000000000000000000000000000e+01,2.96315412892754662058586644701058e-01,1.40450203744328932780912690672291e-01,1.19219474889413854193185547530991e-01,-1.38481565294751075198116595400090e-01
1.23000000000000000000000000000000e+01,2.99765323537982043394488528867664e-01,1.35545450471144827631436827977025e-01,1.15752616884494269322259728201852e-01,-1.38864084206657311270737989842050e-01
1.23249999999999999999999999999999e+01,3.03092834784936702242673076628334e-01,1.30659064272684384616853256581596e-01,1.12276419993097161658386080579853e-01,-1.39228690823672003185758073740359e-01
1.23499999999999999999999999999999e+01,3.06298468700715063576604825706274e-01,1.25796202121790990902163752527001e-01,1.08791331022545683557206240596282e-01,-1.39575457153636315184728969968857e-01
1.23750000000000000000000000000000e+01,3.09382884922822750669892487306068e-01,1.20962650854918941702400604960923e-01,1.05297795590323437619692008967096e-01,-1.39904406101529312791172005031349e-01
1.24000000000000000000000000000000e+01,3.12346891789985782495194152060890e-01,1.16164460924707475508433537578766e-01,1.01796259357210404559235668107489e-01,-1.40215512125074614169998918660920e-01
1.24249999999999999999999999999999e+01,3.15191448577617611479737640237201e-01,1.11407603347191635366963864826697e-01,9.82871691638341022735439937268552e-02,-1.40508708059218354082182546876297e-01
1.24499999999999999999999999999998e+01,3.17917659580064580111375607623377e-01,1.06697662113047550754961812979845e-01,9.47709739365364923106005951395967e-02,-1.40783896416524906661614448700203e-01
1.24749999999999999999999999999999e+01,3.20526761042736298418409322881478e-01,1.02039571165053065936113113725173e-01,9.12481252757683770552557250025996e-02,-1.41040963157344040288339557860791e-01
1.25000000000000000000000000000000e+01,3.23020102163157974541375053251190e-01,9.74374042924452910893324883184086e-02,8.77190776892864727436290098958098e-02,-1.41279792059595622006988970990097e-01
1.25250000000000000000000000000000e+01,3.25399121584943291951309804317596e-01,9.28942257935026794476852003277511e-02,8.41842884750567240287711960579173e-02,-1.41500278154879534069753391501453e-01
1.25500000000000000000000000000000e+01,3.27665320982736844735761866120679e-01,8.84120076211789578945816117567804e-02,8.06442172928895396749403577596130e-02,-1.41702339021759885266742209991008e-01
1.25749999999999999999999999999998e+01,3.29820237430054769418211936219099e-01,8.39916145538557221051556748992004e-02,7.70993254908206056772658675558528e-02,-1.41885922981287733802738965295184e-01
1.25999999999999999999999999999999e+01,3.31865416215390401833542636665780e-01,7.96328537074597255935143792562360e-02,7.35500752730085363931705718475466e-02,-1.42051013502356038705096512596403e-01
1.26250000000000000000000000000000e+01,3.33802385616624773911897027101085e-01,7.53345798289419228812932439410811e-02,6.99969288089030175209304291493933e-02,-1.42197629492219197478502648230158e-01
1.26500000000000000000000000000000e+01,3.35632634881961378745803299246811e-01,7.10948442593299083413065724790837e-02,6.64403473856445444299744937365303e-02,-1.42325821631489693121165251154755e-01
1.26750000000000000000000000000000e+01,3.37357596335984479232683608293061e-01,6.69110736007398534353965283474137e-02,6.28807906951779176803850568559353e-02,-1.42435665422661838494304188676856e-01
1.26999999999999999999999999999999e+01,3.38978632175449566528412523136863e-01,6.27802640168318300955413110302117e-02,5.93187163253741765723971244613440e-02,-1.42527252030254739029087770134507e-01
1.27250000000000000000000000000000e+01,3.40497026183856457554423474567048e-01,5.86991786234499126075041106105370e-02,5.57545794942820081703653154270759e-02,-1.42600678214193391998954777811703e-01
1.27500000000000000000000000000000e+01,3.41913980312604878793272657941585e-01,5.46645381019452270811626018569658e-02,5.21888330334226675675968765621039e-02,-1.42656036680227946312283437601169e-01
1.27750000000000000000000000000000e+01,3.43230615866223258862110064903172e-01,5.06731974547596190651110553702709e-02,4.86219275945446583321199252089798e-02,-1.42693408017662472492273140126894e-01
1.28000000000000000000000000000000e+01,3.44447978876307513689865414264550e-01,4.67223034740395652663238871544456e-02,4.50543120284734186341574531331491e-02,-1.42712855095588433768011268015889e-01
1.28249999999999999999999999999999e+01,3.45567049115154447934356886713469e-01,4.28094274250750945463096580591485e-02,4.14864338679068310702837888486230e-02,-1.42714420375915271144059177073733e-01
1.28500000000000000000000000000000e+01,3.46588752049610777605970387224643e-01,3.89326664460147380898737471452380e-02,3.79187398403944385936339089227809e-02,-1.42698126135810363200250238420843e-01
1.28750000000000000000000000000000e+01,3.47513972868138548501394882165280e-01,3.50907071342948283937988244311962e-02,3.43516763433686633243735842701820e-02,-1.42663977178000453535252629405535e-01
1.29000000000000000000000000000000e+01,3.48343571577492474103521225389593e-01,3.12828474148518259508511137997885e-02,3.07856898272142174064437922279747e-02,-1.42611965355543278238351428350250e-01
1.29250000000000000000000000000000e+01,3.49078398130449084265945614647297e-01,2.75089780462712846691020273182872e-02,2.72212270501242166952800466802211e-02,-1.42542075193638272159752966348898e-01
1.29499999999999999999999999999999e+01,3.49719306655249976014081727792103e-01,2.37695308993188712769164366453144e-02,2.36587351853014181553505163550270e-02,-1.42454289990429811698704259382182e-01
1.29749999999999999999999999999999e+01,3.50267168085474914938065273069267e-01,2.00654044652484093990325431116819e-02,2.00986617750419054219705506043563e-02,-1.42348597883345103611768891879650e-01
1.30000000000000000000000000000000e+01,3.50722880748237281672655993257107e-01,1.63978762170333513187781269237138e-02,1.65414545388118292120439490779520e-02,-1.42224997369847463523735450127743e-01
1.30250000000000000000000000000000e+01,3.51087378661618079099246326353614e-01,1.27685074283691118503865116012407e-02,1.29875610562302555400554610792954e-02,-1.42083501688907918358170823442415e-01
1.30499999999999999999999999999999e+01,3.51361637376972928566006851030367e-01,9.17904199305880489880146274782494e-03,9.43742836139369669874994387456025e-03,-1.41924141443068690084936344761074e-01
1.30749999999999999999999999999998e+01,3.51546677219478215498398546021493e-01,5.63129979289661170329557534539210e-03,5.89150249870777181130731077038300e-03,-1.41746965025499346131417397071136e-01
1.30999999999999999999999999999999e+01,3.51643563823865902403073042103649e-01,2.12706800927009233411252460178768e-03,2.35022809631753698421114345906843e-03,-1.41552036840546408714548046167895e-01
1.31250000000000000000000000000000e+01,3.51653406004629922863762898603698e-01,-1.33200176313006894827923228996069e-03,-1.18595199302817751712644350178635e-03,-1.41339433816999098582630527479966e-01
1.31500000000000000000000000000000e+01,3.51577351235040332872903679580633e-01,-4.74448032232872714435603291219862e-03,-4.71659695130342933720038883047907e-03,-1.41109241061396433523466565255736e-01
1.31750000000000000000000000000000e+01,3.51416579250259450196110418197978e-01,-8.10922333320041969956156310980710e-03,-8.24126814440156731270469825357129e-03,-1.40861547509982498783744715069073e-01
1.31999999999999999999999999999998e+01,3.51172294427458202532662727628452e-01,-1.14254070124972741605811988987616e-02,-1.17595291690249115380708771854018e-02,-1.40596442142047980465794635615032e-01
1.32249999999999999999999999999999e+01,3.50845717574998656507309409717652e-01,-1.46925407896598401215005486683617e-02,-1.52709458141585958171654167071118e-02,-1.40314010931655202828317250719765e-01
1.32500000000000000000000000000000e+01,3.50438077621357525504755409348816e-01,-1.79104637316118035194780866673722e-02,-1.87750859550841612027518668945116e-02,-1.40014334489292719039816932462509e-01
1.32750000000000000000000000000000e+01,3.49950603535879120709898642627070e-01,-2.10793300093314694679234955732461e-02,-2.22715193967061679868315583455544e-02,-1.39697486383904556194423492113868e-01
1.33000000000000000000000000000000e+01,3.49384516733266793268522420698390e-01,-2.41995844794377706505685529845166e-02,-2.57598176851253949185392169911322e-02,-1.39363532328433610571205600400237e-01
1.33249999999999999999999999999999e+01,3.48741024234563208663179247791341e-01,-2.72719261387167058719867950626469e-02,-2.92395539128460592715088566649526e-02,-1.39012530526444778695786298222612e-01
1.33500000000000000000000000000000e+01,3.48021312918420021930445902558148e-01,-3.02972574712506807453695458113622e-02,-3.27103025493138621913795349967503e-02,-1.38644533342939631369206616968442e-01
1.33750000000000000000000000000000e+01,3.47226545203231987317232982148999e-01,-3.32766214557942007131900540951283e-02,-3.61716393282967082973919893384778e-02,-1.38259590103837822200984724639991e-01
1.34000000000000000000000000000000e+01,3.46357856396417042164656139347613e-01,-3.62111325752472589050619685540174e-02,-3.96231412137039059072988275221196e-02,-1.37857750450888421039636639084560e-01
1.34250000000000000000000000000000e+01,3.45416353753242900360895473021599e-01,-3.91019103822446701940604458784671e-02,-4.30643864484521711538271786761652e-02,-1.37439067518016574606676190763223e-01
1.34499999999999999999999999999999e+01,3.44403117086531301436827183065204e-01,-4.19500225938803865974130718444828e-02,-4.64949546739901469258797775280018e-02,-1.37003600348488847940790902096255e-01
1.34750000000000000000000000000000e+01,3.43319200644740452335778626645326e-01,-4.47564405078670502948623629688823e-02,-4.99144270979618250799801298222476e-02,-1.36551415333607414585249482817266e-01
1.35000000000000000000000000000000e+01,3.42165635960295679398304754045683e-01,-4.75220055142162310857558291821385e-02,-5.33223866866242049724172656223685e-02,-1.36082586796655508422558622949440e-01
1.35250000000000000000000000000000e+01,3.40943435426553032531232524771246e-01,-5.02474039059495643708137432581176e-02,-5.67184183639979707006996857466974e-02,-1.35597196986924456970429488548251e-01
1.35500000000000000000000000000000e+01,3.39653596420649073344791745965631e-01,-5.29331483982567866740665830714153e-02,-6.01021092056360825054436288722584e-02,-1.35095335666477343553420198810758e-01
1.35749999999999999999999999999999e+01,3.38297105798541637859103243904908e-01,-5.55795671836072387412836305431900e-02,-6.34730486172576266233352247532767e-02,-1.34577099301307286273560870026406e-01
1.35999999999999999999999999999999e+01,3.36874944544891920346134827455501e-01,-5.81868028761198451112669462042537e-02,-6.68308284873789741613719946569111e-02,-1.34042589782659992977768601013994e-01
1.36250000000000000000000000000000e+01,3.35388092303842843785380061904723e-01,-6.07548231904841111266281788722350e-02,-7.01750433019297916788674946213613e-02,-1.33491912685691704637097617358202e-01
1.36500000000000000000000000000000e+01,3.33837531495721217294535656762205e-01,-6.32834430636855393063176232233408e-02,-7.35052902113554079841447672246903e-02,-1.32925175262575206733663488352207e-01
1.36750000000000000000000000000000e+01,3.32224250763212714724837526281983e-01,-6.57723555447117055629380063760582e-02,-7.68211690478546454537921991089748e-02,-1.32342484525066870313367054661139e-01
1.36999999999999999999999999999998e+01,3.30549247577410642493399725582115e-01,-6.82211674199571596648419928102897e-02,-8.01222822998001694037270332122293e-02,-1.31743945785705380636238955433459e-01
1.37249999999999999999999999999999e+01,3.28813529936500743332612852120353e-01,-7.06294356251957671417504688921095e-02,-8.34082350581135257215273900976793e-02,-1.31129661889129073571555315507046e-01
1.37500000000000000000000000000000e+01,3.27018117175962782435551991413023e-01,-7.29967015899502459104279019052661e-02,-8.66786349525884485664337233722243e-02,-1.30499733161002682817588521822277e-01
1.37750000000000000000000000000000e+01,3.25164039963160662203529968884166e-01,-7.53225220242409284556418660832144e-02,-8.99330920946092084529498377285245e-02,-1.29854257937868046410726184900124e-01
1.38000000000000000000000000000000e+01,3.23252339571964632627121739205279e-01,-7.76064957363022283252852258443738e-02,-9.31712190382353067303555194293789e-02,-1.29193333472367284010485521869120e-01
1.38249999999999999999999999999998e+01,3.21284066535128496738974819471691e-01,-7.98482866342990935559296825021795e-02,-9.63926307665398247038729922724499e-02,-1.28517057021124383631408347872095e-01
1.38499999999999999999999999999999e+01,3.19260278767046980031726876354679e-01,-8.20476430791407557021973678083525e-02,-9.95969447058385134621955912658737e-02,-1.27825526968728165416983707760046e-01
1.38750000000000000000000000000000e+01,3.17182039250557425741539830212271e-01,-8.42044132750820542440242209723568e-02,-1.02783780767339545573751640979492e-01,-1.27118843883668736160219631198374e-01
1.39000000000000000000000000000000e+01,3.15050413398677682543161784062840e-01,-8.63185556366274802020163718350151e-02,-1.05952761413541489939622615491399e-01,-1.26397111432922703329457539510658e-01
1.39250000000000000000000000000000e+01,3.12866466236589841424881852740219e-01,-8.83901425440229301931520292381005e-02,-1.09103511745200766440906082066135e-01,-1.25660437107229913166766861278941e-01
1.39499999999999999999999999999999e+01,3.10631259587505546787671181341999e-01,-9.04193561864556571694522749079808e-02,-1.12235659603746361743490953576237e-01,-1.24908932727232800077227515646864e-01
1.39750000000000000000000000000000e+01,3.08345849463474993438898898378058e-01,-9.24064765445823161310650994820384e-02,-1.15348835683324098581547898800096e-01,-1.24142714701321462046010110720509e-01
1.40000000000000000000000000000000e+01,3.06011283836398992813027247522819e-01,-9.43518635128658528154364735769453e-02,-1.18442673645731906905766144695074e-01,-1.23361903990229381508939923101425e-01
1.40250000000000000000000000000000e+01,3.03628600893687136729540625168276e-01,-9.62559366183470732394860672335456e-02,-1.21516810230235331787988773934089e-01,-1.22566625727387359880919481869568e-01
1.40500000000000000000000000000000e+01,3.01198827793678307419052687260411e-01,-9.81191557272045085144698974474216e-02,-1.24570885349358648088052748323295e-01,-1.21757008484495553989789822591336e-01
1.40749999999999999999999999999999e+01,2.98722979870424605006430724983714e-01,-9.99420044008935183523612940353661e-02,-1.27604542162621923406397627789674e-01,-1.20933183269029629504511186985844e-01
1.41000000000000000000000000000000e+01,2.96202060226284341303462246745640e-01,-1.01724975205733266577964324266501e-01,-1.30617427123841144621291852278639e-01,-1.20095282453209396115445813662644e-01
1.41250000000000000000000000000000e+01,2.93637059689144685759214547538481e-01,-1.03468554909870857033451299370930e-01,-1.33609190003472703264070178385147e-01,-1.19243438886684620897792051556709e-01
1.41500000000000000000000000000000e+01,2.91028957158662523364563555509687e-01,-1.05173208161470216914329063595925e-01,-1.36579483893252972756061019856810e-01,-1.18377785382926148197687511243011e-01
1.41750000000000000000000000000000e+01,2.88378720373702902121416541716918e-01,-1.06839360539461232949123034509787e-01,-1.39527965203228614633455047248178e-01,-1.17498454609458796751177314690457e-01
1.41999999999999999999999999999999e+01,2.85687307079808652172348361687181e-01,-1.08467384135369590985168185739931e-01,-1.42454293659807754405503309009974e-01,-1.16605579245928791809455653591800e-01
1.42249999999999999999999999999999e+01,2.82955666485845390716675768717491e-01,-1.10057589276730821421668040380699e-01,-1.45358132308940116618616435542259e-01,-1.15699292207908056008757390747816e-01
1.42500000000000000000000000000000e+01,2.80184740828943473633400892162751e-01,-1.11610224077759419405453913970834e-01,-1.48239147524188734474498617366052e-01,-1.14779726810253980831568785949739e-01
1.42750000000000000000000000000000e+01,2.77375466864311851300594885009424e-01,-1.13125480359307668163578701669541e-01,-1.51097009018266084209950640304831e-01,-1.13847016901460915044491952017980e-01
1.42999999999999999999999999999999e+01,2.74528777165580744228546862717766e-01,-1.14603502217358401958598544622507e-01,-1.53931389859079645564072256645988e-01,-1.12901297115782244280924538081445e-01
1.43249999999999999999999999999998e+01,2.71645601217900296096158551920341e-01,-1.16044393663188326612281117033459e-01,-1.56741966495025263687244699692883e-01,-1.11942703366533646762647030865283e-01
1.43499999999999999999999999999999e+01,2.68726866348304758332097231273383e-01,-1.17448224132527386325648291919936e-01,-1.59528418795557454653029255978869e-01,-1.10971373548893007379126629618475e-01
1.43750000000000000000000000000000e+01,2.65773498530352982140849043983978e-01,-1.18815033502833885204796993144775e-01,-1.62290430109919211265836071268098e-01,-1.09987448244269236295033560276836e-01
1.44000000000000000000000000000000e+01,2.62786423038450717893497526335363e-01,-1.20144839503638709199441677275682e-01,-1.65027687340579334613736322841094e-01,-1.08991071155493833863757969955348e-01
1.44250000000000000000000000000000e+01,2.59766564865997257277014695197790e-01,-1.21437649188363620547233332005221e-01,-1.67739881022206174911813523451298e-01,-1.07982389110103945413747960354158e-01
1.44499999999999999999999999999998e+01,2.56714848813612052712726103375857e-01,-1.22693473388177487836603632040795e-01,-1.70426705395574790627864869847680e-01,-1.06961551682399895544837346388953e-01
1.44749999999999999999999999999999e+01,2.53632199212641042648180213288269e-01,-1.23912340796821087231879249910676e-01,-1.73087858469538383070186472254560e-01,-1.05928710661380250702041966509099e-01
1.45000000000000000000000000000000e+01,2.50519539340254781336812047879094e-01,-1.25094308147401949658377331867816e-01,-1.75723042070534368876005612836197e-01,-1.04884019615435955917166362962465e-01
1.45250000000000000000000000000000e+01,2.47377790649096287116825307087952e-01,-1.26239464917740660881309315307971e-01,-1.78331961883896436414102442340675e-01,-1.03827633670371165090587597639814e-01
1.45500000000000000000000000000000e+01,2.44207871938499585157855762473910e-01,-1.27347933714611742893538449636871e-01,-1.80914327491737189566100232417251e-01,-1.02759709430572183545119998773657e-01
1.45749999999999999999999999999999e+01,2.41010698541343616205737901130583e-01,-1.28419869102164040944610033431146e-01,-1.83469852408824419723622160492794e-01,-1.01680404870171170183036028472620e-01
1.45999999999999999999999999999999e+01,2.37787181532819423681775752540690e-01,-1.29455457218016981588561812117548e-01,-1.85998254113860398829359025950370e-01,-1.00589879068861359185248614455119e-01
1.46250000000000000000000000000000e+01,2.34538226931652817687333255084301e-01,-1.30454916598064418334083438873808e-01,-1.88499254072279182005533210860072e-01,-9.94882918190277044178098593361564e-02
1.46500000000000000000000000000000e+01,2.31264734879905671270152402947216e-01,-1.31418498707905802804765608622385e-01,-1.90972577749245225458432123098443e-01,-9.83758032677038558386843928519001e-02
1.46750000000000000000000000000000e+01,2.27967598835972574369472109412661e-01,-1.32346486085801969232991770029982e-01,-1.93417954616172151595825666349410e-01,-9.72525737774855911453311547349223e-02
1.46999999999999999999999999999999e+01,2.24647704857607052112111733507607e-01,-1.33239187008788230756870049313402e-01,-1.95835118157521662390846373248188e-01,-9.61187640834236302311955739682920e-02
1.47250000000000000000000000000000e+01,2.21305931056799771622287412082392e-01,-1.34096927358905539721738041091400e-01,-1.98223805884571912825745621240456e-01,-9.49745356672421661747739587523900e-02
1.47500000000000000000000000000000e+01,2.17943147272983277129757675813645e-01,-1.34920041659670045338340206543188e-01,-2.00583759359428316752380081529424e-01,-9.38200511719235965856919819271825e-02
1.47750000000000000000000000000000e+01,2.14560214958192997692825059889217e-01,-1.35708865334273223584979180258606e-01,-2.02914724228092938626834372552509e-01,-9.26554746949969826889043109769830e-02
1.48000000000000000000000000000000e+01,2.11157987227506145401531720683515e-01,-1.36463729260620300258984514576562e-01,-2.05216450258571264386718064761582e-01,-9.14809719015161670201811768367463e-02
1.48249999999999999999999999999999e+01,2.07737309017510285110840517652166e-01,-1.37184956439616251560474488533253e-01,-2.07488691379994408512527684589069e-01,-9.02967100082094610173158929375919e-02
1.48499999999999999999999999999999e+01,2.04299017311390261973430951526227e-01,-1.37872859820300554359294626319675e-01,-2.09731205720791123204959449550770e-01,-8.91028577380955389740149009017161e-02
1.48750000000000000000000000000000e+01,2.00843941414552841972736283812913e-01,-1.38527740324525868770188908256913e-01,-2.11943755646167438263119118421230e-01,-8.78995853145085554594309131965247e-02
1.49000000000000000000000000000000e+01,1.97372903282397788768640396289957e-01,-1.39149884655311427435888741747418e-01,-2.14126107796011030873735809639623e-01,-8.66870644942078129083056091212832e-02
1.49250000000000000000000000000000e+01,1.93886717903881614821561012013046e-01,-1.39739563117186116068919633142908e-01,-2.16278033123583740915726448359344e-01,-8.54654685867478479176758193773221e-02
1.49499999999999999999999999999998e+01,1.90386193732896006931977784787844e-01,-1.40297028095494020515580354212242e-01,-2.18399306933884131738481560978858e-01,-8.42349724022538327420275528557066e-02
1.49749999999999999999999999999999e+01,1.86872133141597943118951140733334e-01,-1.40822513922896725745929961877626e-01,-2.20489708919500803726276272446492e-01,-8.29957521039386652227178409280701e-02
1.50000000000000000000000000000000e+01,1.83345332853998732792131331629060e-01,-1.41316238624344556819609862778649e-01,-2.22549023191747848521355560375533e-01,-8.17479849850810879621398389393217e-02
1.50250000000000000000000000000000e+01,1.79806584311625437681551206387562e-01,-1.41778407537297793291674799449751e-01,-2.24577038305762587790469971729031e-01,-8.04918492181987952912254428860155e-02
1.50500000000000000000000000000000e+01,1.76256673931010113746220786962615e-01,-1.42209218178106156395565833592260e-01,-2.26573547279562408443498806208221e-01,-7.92275236311107556366776396755239e-02
1.50749999999999999999999999999999e+01,1.72696383235471315580872591363461e-01,-1.42608865224132112624629367525951e-01,-2.28538347608350476536122769481450e-01,-7.79551875568859102958257204076294e-02
1.50999999999999999999999999999999e+01,1.69126488873803404611817542935563e-01,-1.42977544430852081747632837171573e-01,-2.30471241276335584548097502784162e-01,-7.66750207870492246174099025736885e-02
1.51250000000000000000000000000000e+01,1.65547762562017214573264612854388e-01,-1.43315454872288266732443150683998e-01,-2.32372034768732625429111027760155e-01,-7.53872036290437134366308259474124e-02
1.51500000000000000000000000000000e+01,1.61960970987537864101989345254693e-01,-1.43622799863928784560622510074468e-01,-2.34240539086179687239139223066276e-01,-7.40919170325242807637572299376545e-02
1.51750000000000000000000000000000e+01,1.58366875695134771166809187568903e-01,-1.43899787718518448202192364376829e-01,-2.36076569762510799557070156725056e-01,-7.27893427198428472600327682737100e-02
1.51999999999999999999999999999999e+01,1.54766232942847251654798597644404e-01,-1.44146633507072447190179919372381e-01,-2.37879946885129179459670456601488e-01,-7.14796632564080870667848043065229e-02
1.52249999999999999999999999999999e+01,1.51159793496503783541041526556330e-01,-1.44363562119754308486872012959401e-01,-2.39650495116048962112453562097368e-01,-7.01630620363303172294355770845368e-02
1.52500000000000000000000000000000e+01,1.47548302340123322982603283953182e-01,-1.44550811671386036113164377108967e-01,-2.41388043711824066739697546793615e-01,-6.88397232191388811174188937470769e-02
1.52750000000000000000000000000001e+01,1.43932498314641153024855356344639e-01,-1.44708635563454887478340923849908e-01,-2.43092426542072601707092830476661e-01,-6.75098316931013829432316130210910e-02
1.53000000000000000000000000000000e+01,1.40313113736998144375210739878416e-01,-1.44837301915494925145947713737996e-01,-2.44763482108124971384414717559478e-01,-6.61735731251730312221191924472809e-02
1.53249999999999999999999999999999e+01,1.36690874067585488538638251106850e-01,-1.44937090451346182840081178948561e-01,-2.46401053564032881766529368487760e-01,-6.48311340897661008470127707174702e-02
1.53499999999999999999999999999999e+01,1.33066497672500429662723230000929e-01,-1.45008288368954683859956711502881e-01,-2.48004988740978008549157406587348e-01,-6.34827021938024729299437117629454e-02
1.53750000000000000000000000000000e+01,1.29440695679943454576665006321568e-01,-1.45051187209943548782250104911678e-01,-2.49575140173603513267650842322074e-01,-6.21284660919856895854206759064609e-02
1.54000000000000000000000000000000e+01,1.25814171888142119234767667574121e-01,-1.45066081885030534081283066633409e-01,-2.51111365124674412904508586405352e-01,-6.07686153397749178917367070723332e-02
1.54250000000000000000000000000000e+01,1.22187622673667296697105233510535e-01,-1.45053271374338742909545453723464e-01,-2.52613525604401868191239680690459e-01,-5.94033401313327692931272850830600e-02
1.54499999999999999999999999999999e+01,1.18561736879014481805036497519895e-01,-1.45013059363062637733757960140543e-01,-2.54081488383046526501851556152152e-01,-5.80328310463866183171560064421318e-02
1.54749999999999999999999999999999e+01,1.14937195704449420551304353183845e-01,-1.44945753101136022957217933975361e-01,-2.55515124998653274243407144207819e-01,-5.66572789257832694957208593962535e-02
1.55000000000000000000000000000000e+01,1.11314672657172471334630946862137e-01,-1.44851660079443689482438516040212e-01,-2.56914311763789966340182137391463e-01,-5.52768749093511547971419701854125e-02
1.55250000000000000000000000000000e+01,1.07694833599490677649301210073834e-01,-1.44731083760070437032256392594367e-01,-2.58278929774578557709747162308768e-01,-5.38918105608426432866026199644583e-02
1.55500000000000000000000000000000e+01,1.04078336893862282336660138671181e-01,-1.44584320402951586052794353017304e-01,-2.59608864922567164578126121602918e-01,-5.25022779509828900076242853719687e-02
1.55749999999999999999999999999998e+01,1.00465833596559548410651781225606e-01,-1.44411658426809312982411775096333e-01,-2.60904007907093438783359724801950e-01,-5.11084696097266253804822177523833e-02
1.55999999999999999999999999999999e+01,9.68579676347995178717627845075954e-02,-1.44213380174203355331326167799960e-01,-2.62164254244835514805869987455742e-01,-4.97105783630171449386665670109995e-02
1.56250000000000000000000000000000e+01,9.32553759249605109930997816547525e-02,-1.43989764536384080622545527143683e-01,-2.63389504274906306532756962687359e-01,-4.83087971610468738086873839544082e-02
1.56500000000000000000000000000000e+01,8.96586884345898145786078146073727e-02,-1.43741088601560560766324635556785e-01,-2.64579663160873994572510854804953e-01,-4.69033190173131448418660723973213e-02
1.56750000000000000000000000000000e+01,8.60685282265363483251861653835973e-02,-1.43467627455678317464173861339054e-01,-2.65734640893253554182423595649902e-01,-4.54943371025015761012102309582461e-02
1.56999999999999999999999999999999e+01,8.24855115264753972561856522694449e-02,-1.43169652737172150854326006990357e-01,-2.66854352295731764986698824628780e-01,-4.40820449300044147417862376562360e-02
1.57249999999999999999999999999999e+01,7.89102478262872198217127873260956e-02,-1.42847431473201376324361568223258e-01,-2.67938717035863545225988477013253e-01,-4.26666365079252646125547182474915e-02
1.57500000000000000000000000000000e+01,7.53433399979581448504539623635515e-02,-1.42501226510028598086683067238156e-01,-2.68987659637996054419900875543159e-01,-4.12483063578958820547527636190307e-02
1.57750000000000000000000000000000e+01,7.17853843729612270323765197786190e-02,-1.42131298737502131140622698081187e-01,-2.70001109494772684429660905124245e-01,-3.98272493920958637107725270439426e-02
1.58000000000000000000000000000000e+01,6.82369707528379962916485440707637e-02,-1.41737910133305557934477869155922e-01,-2.70979000874573716404832844635183e-01,-3.84036607296536251315939655111655e-02
1.58249999999999999999999999999999e+01,6.46986823486394718957129018662707e-02,-1.41321326208915449647371796847489e-01,-2.71921272924785138166230467225637e-01,-3.69777355607198300443504281254157e-02
1.58499999999999999999999999999999e+01,6.11710956776302956123994762450177e-02,-1.40881816935975708337603357747140e-01,-2.72827869673004021759799666458202e-01,-3.55496691182180468297662992338779e-02
1.58750000000000000000000000000000e+01,5.76547804563115323755443138335317e-02,-1.40419656226688513927329949829579e-01,-2.73698740028740491901583729990071e-01,-3.41196567344607799736619346019381e-02
1.59000000000000000000000000000001e+01,5.41502995159356169333269938091330e-02,-1.39935120828713842982722240884188e-01,-2.74533837786779765234537104429090e-01,-3.26878939030481616472295941364769e-02
1.59250000000000000000000000000000e+01,5.06582087421941120135376707547675e-02,-1.39428489615434082726410202686196e-01,-2.75333121631312827621434087407161e-01,-3.12545762713973667722148963792726e-02
1.59499999999999999999999999999999e+01,4.71790570216982784729055727293027e-02,-1.38900043754681360040631060283395e-01,-2.76096555138721287185448179825063e-01,-2.98198995446167492248504227059488e-02
1.59749999999999999999999999999999e+01,4.37133861746865768625493444679239e-02,-1.38350067549640268117718296563558e-01,-2.76824106777240718943915297293660e-01,-2.83840593430069032314695244584158e-02
1.60000000000000000000000000000000e+01,4.02617308648295915860989221143405e-02,-1.37778849315412226264409205958434e-01,-2.77515749903208990911835519195179e-01,-2.69472510814042725926802813051444e-02
1.60249999999999999999999999999997e+01,3.68246184935548572210771947818249e-02,-1.37186681670855109786266279591041e-01,-2.78171462755126487957020226269015e-01,-2.55096699178063806430655123379996e-02
1.60500000000000000000000000000000e+01,3.34025690978499219381781184639371e-02,-1.36573860970088948272215936914590e-01,-2.78791228447374445734648165055789e-01,-2.40715107729820137056601520199628e-02
1.60750000000000000000000000000000e+01,2.99960952720192623183894053478057e-02,-1.35940686014211169191944660503102e-01,-2.79375034964961187073724020989288e-01,-2.26329683854090683441654383197536e-02
1.60999999999999999999999999999999e+01,2.66057021263950349903675507146482e-02,-1.35287456467537496417260707007774e-01,-2.79922875159601408089653373611578e-01,-2.11942373569521405336262371660304e-02
1.61250000000000000000000000000000e+01,2.32318872839963041875229037592018e-02,-1.34614471480761363711099400534360e-01,-2.80434746746494342650515663525634e-01,-1.97555121611984139776249298570591e-02
1.61499999999999999999999999999997e+01,1.98751409046352800434085058098423e-02,-1.33922028911229646610972611508795e-01,-2.80910652300781091419060291904466e-01,-1.83169871111624404660066426683093e-02
1.61750000000000000000000000000000e+01,1.65359457192275379654777471180644e-02,-1.33210425271860845618792990645865e-01,-2.81350599252826140999925992511901e-01,-1.68788563008999703406212648405313e-02
1.62000000000000000000000000000000e+01,1.32147770579559923753171316973271e-02,-1.32479956206007379462341728966715e-01,-2.81754599881932133063045713844490e-01,-1.54413135420011168653030506764151e-02
1.62249999999999999999999999999999e+01,9.91210286483939034715543075861562e-03,-1.31730917007117981247122905153981e-01,-2.82122671308612422442952332760468e-01,-1.40045523143290361955219205595229e-02
1.62500000000000000000000000000000e+01,6.62838370457715836670239721365891e-03,-1.30963602651108185040801911329931e-01,-2.82454835485958541919493653134018e-01,-1.25687657438554716918149155696393e-02
1.62749999999999999999999999999997e+01,3.36407277800377154136059094938019e-03,-1.30178307086034623110589455828412e-01,-2.82751119190825726222279860177592e-01,-1.11341466087288205969907156278365e-02
1.63000000000000000000000000000000e+01,1.19615962651595525993310580808518e-04,-1.29375322029519429428670553275741e-01,-2.83011554015387288136371117160010e-01,-9.70088735851198037756907622721271e-03
1.63250000000000000000000000000000e+01,-3.10454811738502063498414227437427e-03,-1.28554935956703979520938032241814e-01,-2.83236176359041570763779496401489e-01,-8.26918011800648375122897947091402e-03
1.63499999999999999999999999999999e+01,-6.30798800660146038246290029613909e-03,-1.27717433990213408742296160131087e-01,-2.83425027419908992927910780125413e-01,-6.83921664788432228926841586612147e-03
1.63750000000000000000000000000000e+01,-9.49027934521153032070041820100201e-03,-1.26863098928872018487537019582885e-01,-2.83578153184691643825075142510976e-01,-5.41118825551393829093475010536954e-03
1.63999999999999999999999999999996e+01,-1.26510048320350410311299320940216e-02,-1.25992212936100300973226059276915e-01,-2.83695604415914096815707129542489e-01,-3.98528568195310220951384721532792e-03
1.64250000000000000000000000000000e+01,-1.57897542279688086785368605356356e-02,-1.25105058940038213111201060799334e-01,-2.83777436636542731592166438261612e-01,-2.56169901321457357499876471749788e-03
1.64500000000000000000000000000000e+01,-1.89061243816585576021149774970292e-02,-1.24201920946543576309363452269381e-01,-2.83823710113153888258322262110668e-01,-1.14061765587971741742473068554965e-03
1.64749999999999999999999999999999e+01,-2.19997192473925586444264108832007e-02,-1.23283083186394350497968293550350e-01,-2.83834489839379805890067778825111e-01,2.77769621231499048116645656852533e-04
1.65000000000000000000000000000000e+01,-2.50701498741067947350431120261532e-02,-1.22348828833053234166303176796451e-01,-2.83809845520809810339540702567190e-01,1.69327462254763828898941984240078e-03
1.65249999999999999999999999999997e+01,-2.81170343683950464598160813081072e-02,-1.21399439352075297060568006402466e-01,-2.83749851561123890073950048034023e-01,3.10570970029199409609504312010702e-03
1.65500000000000000000000000000000e+01,-3.11399978569406380553371136730105e-02,-1.20435195115501520396297325853621e-01,-2.83654587047914867776901913657311e-01,4.51488780544600089483218722228769e-03
1.65750000000000000000000000000000e+01,-3.41386724784886451912577424383465e-02,-1.19456377011640830634841192484641e-01,-2.83524135736379223946663623870001e-01,5.92062259889230211969488293608127e-03
1.65999999999999999999999999999999e+01,-3.71126974182866287368869507260988e-02,-1.18463268039606836621427317905207e-01,-2.83358586030096266161728714069152e-01,7.32272856146772754248064494098559e-03
1.66250000000000000000000000000000e+01,-4.00617189704534950482480080915362e-02,-1.17456153837696516455684566606600e-01,-2.83158030959783121010394816950492e-01,8.72102103925348520780623690954079e-03
1.66499999999999999999999999999997e+01,-4.29853905952464381416100172935424e-02,-1.16435321796264396975286693298501e-01,-2.82922568162013713128627798615457e-01,1.01153162048036114669314858498675e-02
1.66750000000000000000000000000000e+01,-4.58833729417606839311595056166516e-02,-1.15401059354320944295042634243738e-01,-2.82652299859588317945772503469975e-01,1.15054309754714352491242268080475e-02
1.67000000000000000000000000000000e+01,-4.87553338296523585948320635284298e-02,-1.14353652601457388078212375820450e-01,-2.82347332843701403026975815233196e-01,1.28911829626058954033058919378840e-02
1.67249999999999999999999999999999e+01,-5.16009482097163925246429167745002e-02,-1.13293386040479327133894787076961e-01,-2.82007778456356815645161348918935e-01,1.42723905055567294837299269686157e-02
1.67500000000000000000000000000000e+01,-5.44198981343543262633512212528151e-02,-1.12220543517538835479524840200511e-01,-2.81633752570837345097209572881835e-01,1.56488727857410853683692234643290e-02
1.67749999999999999999999999999997e+01,-5.72118727579821644859705595138552e-02,-1.11135409509672382886691984106697e-01,-2.81225375568914163791102039705402e-01,1.70204499606831028524288103076527e-02
1.68000000000000000000000000000000e+01,-5.99765683628926400830639931658951e-02,-1.10038269744224457065396604924255e-01,-2.80782772315250422128851295782918e-01,1.83869432456530076303904097961138e-02
1.68250000000000000000000000000000e+01,-6.27136883856987643224014904212474e-02,-1.08929410631728077363301721315961e-01,-2.80306072130852951735486591792072e-01,1.97481749093387318748006557490626e-02
1.68499999999999999999999999999999e+01,-6.54229434171433820756954476186875e-02,-1.07809117831602721205716395659166e-01,-2.79795408767488669943048271575919e-01,2.11039682108708899221020912677578e-02
1.68750000000000000000000000000000e+01,-6.81040511643635868132709959037056e-02,-1.06677674839921244671015379152769e-01,-2.79250920383720041936532459397762e-01,2.24541473445079863087479467990809e-02
1.68999999999999999999999999999997e+01,-7.07567363874084545674117147568505e-02,-1.05535362419585802943803999724370e-01,-2.78672749521575365724006166019647e-01,2.37985374488260698786097612782515e-02
1.69250000000000000000000000000000e+01,-7.33807308352572423575784492055301e-02,-1.04382459084428767431823816203486e-01,-2.78061043082020776093132272502989e-01,2.51369646886355391476445320997814e-02
1.69500000000000000000000000000000e+01,-7.59757732027214890252477748037859e-02,-1.03219242159648327230585966192352e-01,-2.77415952297884879105904846759892e-01,2.64692563666244754691886729997740e-02
1.69749999999999999999999999999999e+01,-7.85416091127618359606266357212660e-02,-1.02045988639506922707481671926749e-01,-2.76737632704278354504605914103644e-01,2.77952410038751877818634497265734e-02
1.70000000000000000000000000000000e+01,-8.10779911113653333997684541767531e-02,-1.00862975303350003344715659667932e-01,-2.76026244107824030444576078134091e-01,2.91147483537126980164747502917496e-02
1.70249999999999999999999999999996e+01,-8.35846786554853633598895343524707e-02,-9.96704781055448613603803007536036e-02,-2.75281950556308755764580669977477e-01,3.04276093605951766569390776558533e-02
1.70500000000000000000000000000000e+01,-8.60614380814047744811923809638628e-02,-9.84687713201309532288429374993733e-02,-2.74504920309577709311952861101951e-01,3.17336561104906775549176796012398e-02
1.70750000000000000000000000000000e+01,-8.85080425549182972619024359638642e-02,-9.72581270133415898284880186153541e-02,-2.73695325811255311183307516480647e-01,3.30327218192493430593588580655230e-02
1.70999999999999999999999999999999e+01,-9.09242720160964411298061282659014e-02,-9.60388151416459902271380062503972e-02,-2.72853343660060730747895018002208e-01,3.43246408751075570560249967270144e-02
1.71250000000000000000000000000000e+01,-9.33099131336311584243417375969658e-02,-9.48111041665699887046392438348126e-02,-2.71979154579563061347665177951907e-01,3.56092489150114544512830430266540e-02
1.71499999999999999999999999999997e+01,-9.56647592771683239995013150419165e-02,-9.35752618087130100616731249287205e-02,-2.71072943386006844072218012961464e-01,3.68863828967820084827188773842806e-02
1.71750000000000000000000000000000e+01,-9.79886105059823878494115572701114e-02,-9.23315555550722170524458163009206e-02,-2.70134898954716794839035762663502e-01,3.81558811384914461493049119713077e-02
1.72000000000000000000000000000000e+01,-1.00281273564892665230563430647388e-01,-9.10802527264183479599740737082658e-02,-2.69165214185997402692683647073636e-01,3.94175833216553055860687592365697e-02
1.72249999999999999999999999999999e+01,-1.02542561876611451171814291989486e-01,-8.98216201539695337151677784513218e-02,-2.68164085971225818229258306925372e-01,4.06713304767657482695103256330743e-02
1.72500000000000000000000000000000e+01,-1.04772295523282124036375361286527e-01,-8.85559236821040023173135359213057e-02,-2.67131715159262398320430669550312e-01,4.19169649756718245264745230122792e-02
1.72749999999999999999999999999997e+01,-1.06970301216215285728600993304265e-01,-8.72834277608573444305883336543169e-02,-2.66068306522786707220822437062247e-01,4.31543305460708229596036841485743e-02
1.73000000000000000000000000000000e+01,-1.09136412258844729836061367688143e-01,-8.60043953307505633423290941472608e-02,-2.64974068723971700069966836446373e-01,4.43832723087180801595909242197374e-02
1.73250000000000000000000000000000e+01,-1.11270468511356394574049339551289e-01,-8.47190880627736696882382977295983e-02,-2.63849214279040917526349108089354e-01,4.56036368273841822828260076936208e-02
1.73499999999999999999999999999999e+01,-1.13372316364776470391095448202419e-01,-8.34277668373774329454325772802759e-02,-2.62693959521557461557569759219069e-01,4.68152721582632788280296747027344e-02
1.73750000000000000000000000000000e+01,-1.15441808727331993552514541200891e-01,-8.21306921953447498315153404728742e-02,-2.61508524564609575749286379524609e-01,4.80180278873773837742941230625497e-02
1.73999999999999999999999999999997e+01,-1.17478805018466895768221293155257e-01,-8.08281244612318563345209977823927e-02,-2.60293133262292541149319940462374e-01,4.92117551489855764258807056866490e-02
1.74250000000000000000000000000000e+01,-1.19483171159883789522223907896757e-01,-7.95203233853790881279282209658669e-02,-2.59048013170982447325015941692185e-01,5.03963066247207299234676917578781e-02
1.74500000000000000000000000000000e+01,-1.21454779552524661525102848107831e-01,-7.82075474285384669785120178195871e-02,-2.57773395510795267326121976422067e-01,5.15715365319897933119106433453298e-02
1.74749999999999999999999999999999e+01,-1.23393509034969126812364296693030e-01,-7.68900530642177049995747896044977e-02,-2.56469515127305180582693983304419e-01,5.27373006178150311438138953278889e-02
1.75000000000000000000000000000000e+01,-1.25299244829180642039984178504631e-01,-7.55680945123459152887837565058161e-02,-2.55136610453165068725495596640067e-01,5.38934561746478268360835256074345e-02
1.75249999999999999999999999999997e+01,-1.27171878487297953910889130391729e-01,-7.42419240746188144203631475481295e-02,-2.53774923468972848821407692905087e-01,5.50398620839327957342846767196112e-02
1.75500000000000000000000000000000e+01,-1.29011307852454650122532631579292e-01,-7.29117928467803766020049728834355e-02,-2.52384699662805656764601305636043e-01,5.61763788753610069578194754403269e-02
1.75750000000000000000000000000000e+01,-1.30817437036897320295593517844470e-01,-7.15779513025889713552523630437313e-02,-2.50966187988338704006772652598539e-01,5.73028687764415844923871078867175e-02
1.75999999999999999999999999999999e+01,-1.32590176407929928731232631342044e-01,-7.02406492969858988769736004837329e-02,-2.49519640822106084198640600652232e-01,5.84191957296650956872551195978734e-02
1.76250000000000000000000000000000e+01,-1.34329442565276465389949623936796e-01,-6.89001354180229335970151491147407e-02,-2.48045313920802651148308059792576e-01,5.95252253744551257068084739258641e-02
1.76499999999999999999999999999996e+01,-1.36035158297766823342838963170229e-01,-6.75566560786603294334600541636515e-02,-2.46543466379268675479765497686484e-01,6.06208250161191811454465432823763e-02
1.76750000000000000000000000000000e+01,-1.37707252520499484881419472229006e-01,-6.62104549502836164464943599846549e-02,-2.45014360589049358144767013821281e-01,6.17058636158380059831903237188986e-02
1.77000000000000000000000000000000e+01,-1.39345660206856506918374603381676e-01,-6.48617731310255042244473375542079e-02,-2.43458262196674012986602628194463e-01,6.27802118237365023412807089019656e-02
1.77249999999999999999999999999999e+01,-1.40950322333501703608220760812189e-01,-6.35108499438856045287393611805045e-02,-2.41875440060605368626229896604247e-01,6.38437420477060344193419667985694e-02
1.77500000000000000000000000000000e+01,-1.42521185847763588227700275690536e-01,-6.21579238204189700461313431311279e-02,-2.40266166206358811301974030211919e-01,6.48963285242810069041004386888529e-02
1.77749999999999999999999999999997e+01,-1.44058203651454857865080996027109e-01,-6.08032326627589525746390835662035e-02,-2.38630715780237424487120631544768e-01,6.59378473543364625437098166693930e-02
1.78000000000000000000000000000000e+01,-1.45561334583947531758557165322490e-01,-5.94470134414974777727606502882232e-02,-2.36969367002807384040004051922112e-01,6.69681764896688139238017500143452e-02
1.78250000000000000000000000000000e+01,-1.47030543388128750971749494353191e-01,-5.80895013221247200153832566617143e-02,-2.35282401123146953511323738491022e-01,6.79871956907918010682253023696439e-02
1.78499999999999999999999999999999e+01,-1.48465800655072531761609156614902e-01,-5.67309289371372893787717591384784e-02,-2.33570102374082058809604672610665e-01,6.89947864968232533963684282831159e-02
1.78750000000000000000000000000000e+01,-1.49867082758153448490202219600057e-01,-5.53715263068051247359558486490843e-02,-2.31832757927646444300603006928544e-01,6.99908322398427724821169854947301e-02
1.78999999999999999999999999999997e+01,-1.51234371794415054492822521483664e-01,-5.40115214481257628860872981097959e-02,-2.30070657849572164183900219807303e-01,7.09752181043293462808669775529124e-02
1.79250000000000000000000000000000e+01,-1.52567655545554004405594677664618e-01,-5.26511412345971165308848218121259e-02,-2.28284095052037141079260758305656e-01,7.19478312001296191471655664805771e-02
1.79500000000000000000000000000000e+01,-1.53866927457105823491157798410299e-01,-5.12906119137512845762003735436792e-02,-2.26473365244865350908575956352978e-01,7.29085606080495870148037528373614e-02
1.79749999999999999999999999999999e+01,-1.55132186622177708487229731084189e-01,-4.99301589491634988594017366835785e-02,-2.24638766886195454389716350374706e-01,7.38572973770214479178231710625862e-02
1.80000000000000000000000000000000e+01,-1.56363437753676549967841829745313e-01,-4.85700063266589442838929313253486e-02,-2.22780601133727819531191838302441e-01,7.47939344860295119805648646555079e-02
1.80249999999999999999999999999997e+01,-1.57560691137456440124552091172114e-01,-4.72103758113972558165942793680973e-02,-2.20899171796983293655292513104820e-01,7.57183668077721198590727348741670e-02
1.80500000000000000000000000000000e+01,-1.58723962571657047660838349164275e-01,-4.58514866348566533034506303557685e-02,-2.18994785290063733104828886082599e-01,7.66304911079407377368238666420644e-02
1.80750000000000000000000000000000e+01,-1.59853273305738920601843749371073e-01,-4.44935557626201700778884711658411e-02,-2.17067750583864349497649803914009e-01,7.75302060874942986142461840990373e-02
1.80999999999999999999999999999999e+01,-1.60948649991263591564145491850985e-01,-4.31367984963572486089071903104838e-02,-2.15118379156902554170113819251692e-01,7.84174124453323819013222010974654e-02
1.81250000000000000000000000000000e+01,-1.62010124647244671920655340222023e-01,-4.17814289701448130289076776525915e-02,-2.13146984944699131965399856307797e-01,7.92920129264662375075478127596355e-02
1.81499999999999999999999999999997e+01,-1.63037734632812512109759887024995e-01,-4.04276602178182077596519350116326e-02,-2.11153884288404838007504901449272e-01,8.01539123333233048175975785724812e-02
1.81750000000000000000000000000000e+01,-1.64031522615647413153259509332022e-01,-3.90757037994076787697089139945480e-02,-2.09139395883595088044942395968683e-01,8.10030175043832026833225025586671e-02
1.82000000000000000000000000000000e+01,-1.64991536528154500280264641056066e-01,-3.77257692520560104798880712418028e-02,-2.07103840729753518007347869401464e-01,8.18392372853565337310161907263942e-02
1.82249999999999999999999999999999e+01,-1.65917829511371016858415961172902e-01,-3.63780637015883696429550477750383e-02,-2.05047542080269438731418187591595e-01,8.26624825198927145852381687581604e-02
1.82500000000000000000000000000000e+01,-1.66810459853472494631444107108252e-01,-3.50327918245513491907402641468076e-02,-2.02970825392282155918257243472743e-01,8.34726660704754110320565370622152e-02
1.82749999999999999999999999999996e+01,-1.67669490931517129503735200586714e-01,-3.36901561164855173732785618563640e-02,-2.00874018275714047793902224510233e-01,8.42697028590848373184756874344127e-02
1.83000000000000000000000000000000e+01,-1.68494991161622028343145205188908e-01,-3.23503572582027666370551018614493e-02,-1.98757450441266684294359254886082e-01,8.50535099060271954702339194805191e-02
1.83250000000000000000000000000000e+01,-1.69287033957078247872711581123499e-01,-3.10135943574419991701271285054881e-02,-1.96621453647666825433379442250714e-01,8.58240063497240983658646856755564e-02
1.83499999999999999999999999999999e+01,-1.70045697689546314825988413234602e-01,-2.96800649503557026065947599690711e-02,-1.94466361648706222796179415118282e-01,8.65811134445486087574841693421181e-02
1.83750000000000000000000000000000e+01,-1.70771065647395892377179391317299e-01,-2.83499647883408818367726634891151e-02,-1.92292510140512149940726139341340e-01,8.73247545469619846802290991251033e-02
1.83999999999999999999999999999997e+01,-1.71463225987266369843328276823581e-01,-2.70234875342146866866617430156264e-02,-1.90100236709155360625306679485280e-01,8.80548551044130788260555681363245e-02
1.84250000000000000000000000000000e+01,-1.72122271678503507541533263516429e-01,-2.57008245184380123768308395516348e-02,-1.87889880778389949463839512846555e-01,8.87713426565268973459945455565798e-02
1.84500000000000000000000000000000e+01,-1.72748300443542462237862267533608e-01,-2.43821646696399788021108934972087e-02,-1.85661783557189894678856681178383e-01,8.94741468495223415869914635198042e-02
1.84750000000000000000000000000000e+01,-1.73341414699234763117410017772756e-01,-2.30676946547440037304148688767473e-02,-1.83416287986813096705014648954835e-01,9.01631994583411973937020439619425e-02
1.85000000000000000000000000000000e+01,-1.73901721503768347224944956868992e-01,-2.17575991657009372351414276125728e-02,-1.81153738687296140415136822088343e-01,9.08384344088656445164087295665065e-02
1.85249999999999999999999999999997e+01,-1.74429332511119924044014018387615e-01,-2.04520612065822565206410008124463e-02,-1.78874481903463529490406358425318e-01,9.14997877937315692904510808174410e-02
1.85500000000000000000000000000000e+01,-1.74924363930870546383301524967713e-01,-1.91512622133939306435928480246926e-02,-1.76578865450666563454981739729408e-01,9.21471978778774445918598946082646e-02
1.85750000000000000000000000000000e+01,-1.75386936487753527745022728053523e-01,-1.78553819126515168955995709913560e-02,-1.74267238660520299971421886978072e-01,9.27806050936044559231635014074135e-02
1.85999999999999999999999999999999e+01,-1.75817175374764509611765047492680e-01,-1.65645979742856274823983606246676e-02,-1.71939952326855646438729619007128e-01,9.33999520295366882051680716855261e-02
1.86250000000000000000000000000000e+01,-1.76215210196996574844991140166143e-01,-1.52790856569917488045983497193420e-02,-1.69597358651937311016144002291563e-01,9.40051834219904319446645822606829e-02
1.86499999999999999999999999999997e+01,-1.76581174909043311181853799864433e-01,-1.39990176766132732304167472538091e-02,-1.67239811192768001904797398849201e-01,9.45962461577497846041847653928152e-02
1.86750000000000000000000000000000e+01,-1.76915207753306026551677689359822e-01,-1.27245644046412122712706015381534e-02,-1.64867664807130691081647033480494e-01,9.51730892918233883446286491588840e-02
1.87000000000000000000000000000000e+01,-1.77217451206514357926024355428576e-01,-1.14558942869981434010056746871273e-02,-1.62481275599050053977341258867486e-01,9.57356640741639554201638990503796e-02
1.87249999999999999999999999999999e+01,-1.77488051936644468870098314669776e-01,-1.01931742074350745078706269387338e-02,-1.60081000863614569295137564891844e-01,9.62839239716308211082574000757552e-02
1.87500000000000000000000000000000e+01,-1.77727160765260352139372907013634e-01,-8.93656953311879122770483982654971e-03,-1.57667199031456919956432160590104e-01,9.68178246721475661066197764366003e-02
1.87749999999999999999999999999997e+01,-1.77934932626024901653594336477116e-01,-7.68624378247522114952397853762277e-03,-1.55240229613400225061776077334574e-01,9.73373240684234504878825961375114e-02
1.88000000000000000000000000000000e+01,-1.78111526512037062968138057994960e-01,-6.44235811698656277722937473846321e-03,-1.52800453145661824071372096833884e-01,9.78423822326297745179110561564469e-02
1.88250000000000000000000000000000e+01,-1.78257105411832984356109000904539e-01,-5.20507099345341703076541567456093e-03,-1.50348231135602653296134181031466e-01,9.83329614009468861494387941172324e-02
1.88499999999999999999999999999999e+01,-1.78371836241530535717298185951529e-01,-3.97453821503572915640793380607293e-03,-1.47883926007580013637645835742042e-01,9.88090259813571035949556476742366e-02
1.88750000000000000000000000000000e+01,-1.78455889783274141342046452237604e-01,-2.75091334713555559777285664915681e-03,-1.45407901048317954466507668181229e-01,9.92705425821475176101467963520256e-02
1.88999999999999999999999999999996e+01,-1.78509440635764936870843486487048e-01,-1.53434820744219658002148285591425e-03,-1.42920520351483153432711529812933e-01,9.97174800432366920543456254623117e-02
1.89250000000000000000000000000000e+01,-1.78532667174159697217042661118022e-01,-3.24993083528046164099815833577615e-04,-1.40422148761675663061497616742938e-01,1.00149809449132230002580929736194e-01
1.89500000000000000000000000000000e+01,-1.78525751509946441165616477260882e-01,8.77003479664725614712484703034348e-04,-1.37913151818447890783818340407219e-01,1.00567504114289591753600303265156e-01
1.89749999999999999999999999999999e+01,-1.78488879441289542802563375032155e-01,2.07149517894645291486645205260751e-03,-1.35393895700952262316191232682121e-01,1.00970539550830601729957790402494e-01
1.90000000000000000000000000000000e+01,-1.78422240390862003857105610921312e-01,3.25833839625222053133575721612096e-03,-1.32864747173382011877514091816342e-01,1.01358893441178348733951233015753e-01
1.90249999999999999999999999999997e+01,-1.78326027336707991586643004291290e-01,4.43739228770166545947910758312403e-03,-1.30326073530813915875962020530434e-01,1.01732545634770009966250693835809e-01
1.90500000000000000000000000000000e+01,-1.78200436746207867256518286622265e-01,5.60851847122680418607796598891110e-03,-1.27778242544784147418390012837904e-01,1.02091478170805258783395303738363e-01
1.90750000000000000000000000000000e+01,-1.78045668520698048095081801344520e-01,6.77158054246692739619313613947451e-03,-1.25221622408129611707726091504407e-01,1.02435675310338309344857711135437e-01
1.91000000000000000000000000000000e+01,-1.77861925950714656421139484799554e-01,7.92644375594971923975057777642677e-03,-1.22656581679162473902541047093874e-01,1.02765123554391217554984154320038e-01
1.91250000000000000000000000000000e+01,-1.77649415674629645258410227455825e-01,9.07297507874529084419085662829255e-03,-1.20083489225730933075463718595216e-01,1.03079811634789669902483054616072e-01
1.91499999999999999999999999999997e+01,-1.77408347631554754926235640018620e-01,1.02110435590792270026648544407998e-02,-1.17502714169812303116980455657173e-01,1.03379730483595648601577195039190e-01
1.91750000000000000000000000000000e+01,-1.77138935003780055768423084095808e-01,1.13405207437242101939183107104815e-02,-1.14914625832931107749331180508204e-01,1.03664873201411126785369651060826e-01
1.91999999999999999999999999999999e+01,-1.76841394151280348350948449844157e-01,1.24612808647925338825929284711129e-02,-1.12319593682159942424754777515059e-01,1.03935235044421466859279618476360e-01
1.92249999999999999999999999999999e+01,-1.76515944545839366829161909840776e-01,1.35732006925448144546783107800046e-02,-1.09717987276126207132158870444896e-01,1.04190813435812884509033863655217e-01
1.92500000000000000000000000000000e+01,-1.76162808711938065473768632598242e-01,1.46761591801063706561555584193406e-02,-1.07110176210534863668252868131764e-01,1.04431607989903461807932101077609e-01
1.92749999999999999999999999999997e+01,-1.75782212176509481020307263276986e-01,1.57700371491090562607930499612455e-02,-1.04496530063138937347112377889417e-01,1.04657620529258401297287228103027e-01
1.93000000000000000000000000000000e+01,-1.75374383423782566550886134748798e-01,1.68547172116904673685505539488463e-02,-1.01877418338531478548504132904084e-01,1.04868855081144113532870578091556e-01
1.93249999999999999999999999999999e+01,-1.74939553848644321700959112970769e-01,1.79300839505832047437405650102425e-02,-9.92532104132917076118205603309778e-02,1.05065317854522020700139305507143e-01
1.93499999999999999999999999999999e+01,-1.74477957703648522729595382150560e-01,1.89960242144560887246281819804230e-02,-9.66242754818124254182875364074954e-02,1.05247017211372710045671320762985e-01
1.93750000000000000000000000000000e+01,-1.73989832039293238518166709504546e-01,2.00524273347924052323071010219716e-02,-9.39909825027411838187709434067083e-02,1.05413963648127577707130895886801e-01
1.93999999999999999999999999999997e+01,-1.73475416641259380768085189470168e-01,2.10991851473210916367535831656360e-02,-9.13537001456685320375937906346308e-02,1.05566169794264053142276751068240e-01
1.94250000000000000000000000000000e+01,-1.72934953969537474557140480665699e-01,2.21361918351384561685973394220379e-02,-8.87127967376780128438450742088137e-02,1.05703650422927535906267016733428e-01
1.94499999999999999999999999999999e+01,-1.72368689102539977927662721805996e-01,2.31633437098021512865827235734241e-02,-8.60686402096074526827409336438824e-02,1.05826422461367735844118446704542e-01
1.94749999999999999999999999999999e+01,-1.71776869686041855283006698071056e-01,2.41805390602282697591218745440683e-02,-8.34215980421696251072553482633357e-02,1.05934504990839990167350338012924e-01
1.95000000000000000000000000000000e+01,-1.71159745884202955932538100539605e-01,2.51876781397222621958494000071487e-02,-8.07720372122433205968703668270683e-02,1.06027919233633427407808455771424e-01
1.95249999999999999999999999999996e+01,-1.70517570329218909774195626219830e-01,2.61846632792602718031857184938128e-02,-7.81203241395979465227729365314412e-02,1.06106688532746502169748914345087e-01
1.95500000000000000000000000000000e+01,-1.69850598067259670616056501562037e-01,2.71713990566760134257039516488057e-02,-7.54668246341284999690904210799848e-02,1.06170838332594076228984526406825e-01
1.95749999999999999999999999999999e+01,-1.69159086500399790110964088129439e-01,2.81477924353449684376238668573932e-02,-7.28119038434929596204603469038179e-02,1.06220396166521334302727433560055e-01
1.95999999999999999999999999999999e+01,-1.68443295326201634380565285490812e-01,2.91137528068789493882510639866610e-02,-7.01559262009627417198572576620227e-02,1.06255391651877784458601911426028e-01
1.96250000000000000000000000000000e+01,-1.67703486477725364550765684646241e-01,3.00691919166965204632388164620946e-02,-6.74992553733322076179018579812426e-02,1.06275856489485257681493440350068e-01
1.96499999999999999999999999999997e+01,-1.66939924066590163677971829410613e-01,3.10140237053705272667867866458580e-02,-6.48422542088336259567759593899189e-02,1.06281824463040378436589668759326e-01
1.96750000000000000000000000000000e+01,-1.66152874330265707183378076226284e-01,3.19481641445582894079670066963927e-02,-6.21852846851087496892393022935526e-02,1.06273331434732355522655880264266e-01
1.96999999999999999999999999999999e+01,-1.65342605582535118985644486973439e-01,3.28715311599153558015073202024999e-02,-5.95287078573618625350577220179582e-02,1.06250415334971227912594675278820e-01
1.97250000000000000000000000000000e+01,-1.64509388164120980975295381770553e-01,3.37840446961146558528474081487824e-02,-5.68728838068473583416119704830181e-02,1.06213116146144234779863453144185e-01
1.97500000000000000000000000000000e+01,-1.63653494390051053442599945512527e-01,3.46856268988840570846345700037116e-02,-5.42181715898168932813493926695193e-02,1.06161475882750805577520881019700e-01
1.97749999999999999999999999999997e+01,-1.62775198492051397807952961172562e-01,3.55762023086607508132563880086614e-02,-5.15649291869622122872590475404675e-02,1.06095538572485301985481285175309e-01
1.98000000000000000000000000000000e+01,-1.61874776557357369062874534419807e-01,3.64556979368989995909665497761161e-02,-4.89135134532643861664174517538321e-02,1.06015350243249636263276900241533e-01
1.98249999999999999999999999999999e+01,-1.60952506467935366107541577599964e-01,3.73240431583670976783126021236843e-02,-4.62642800680633807819243892453263e-02,1.05920958918348134645873539164001e-01
1.98499999999999999999999999999999e+01,-1.60008667844310057287358761770765e-01,3.81811694714160139577751896911407e-02,-4.36175834851688589112501279996363e-02,1.05812414616950247089967372735170e-01
1.98750000000000000000000000000000e+01,-1.59043541995518811036628200734432e-01,3.90270102754356059047023180562226e-02,-4.09737768829684625934168934928389e-02,1.05689769352457152243771354705658e-01
1.98999999999999999999999999999997e+01,-1.58057411872721802072642795396243e-01,3.98615008164863608778807018923375e-02,-3.83332121146866346236161271716807e-02,1.05553077121336053267077128903307e-01
1.99250000000000000000000000000000e+01,-1.57050562021394416048926403953217e-01,4.06845783460308418176958308550727e-02,-3.56962396590738338648501170752041e-02,1.05402393880383999348374336143516e-01
1.99499999999999999999999999999999e+01,-1.56023278527801596420710767829492e-01,4.14961823906452617166824085967642e-02,-3.30632085717569272068666798559698e-02,1.05237777518187834270083352677930e-01
1.99749999999999999999999999999999e+01,-1.54975848959303455125162382944838e-01,4.22962549463879253501489018787398e-02,-3.04344664372659942597530882492087e-02,1.05059287831201627077884273564893e-01
2.00000000000000000000000000000000e+01,-1.53908562302409532537589864595600e-01,4.30847404557271498680230063660846e-02,-2.78103593215079382023782055260167e-02,1.04866986512393717253905467922359e-01
2.00249999999999999999999999999997e+01,-1.52821708904293151637594414175360e-01,4.38615855727140348320889872324023e-02,-2.51912317243600115454964261326356e-02,1.04660937151839858453249109931405e-01
2.00500000000000000000000000000000e+01,-1.51715580421314168687417161318953e-01,4.46267388711165736804307504849643e-02,-2.25774265321918025438418518005383e-02,1.04441205239780482787626888501368e-01
2.00750000000000000000000000000000e+01,-1.50590469773396820342728711716991e-01,4.53801506930850334169263159488290e-02,-1.99692849704114368189063247764560e-02,1.04207858160105260936631294458429e-01
2.00999999999999999999999999999999e+01,-1.49446671099152900938319078115334e-01,4.61217732393479640633709805444091e-02,-1.73671465563709123912409762165178e-02,1.03960965168305151329323626031279e-01
2.01249999999999999999999999999999e+01,-1.48284479706236786794081915769648e-01,4.68515608332641794413501624872229e-02,-1.47713490529801218780323197814680e-02,1.03700597358626282115894462728183e-01
2.01499999999999999999999999999996e+01,-1.47104192014860871374953778063500e-01,4.75694701703680219483362918700416e-02,-1.21822284231495167295613406155991e-02,1.03426827632803616312072626014618e-01
2.01750000000000000000000000000000e+01,-1.45906105497243984431046333275489e-01,4.82754603778801770879349742960340e-02,-9.60011878486613381940978789511491e-03,1.03139730681652318429945565003293e-01
2.01999999999999999999999999999999e+01,-1.44690518618598467345202556302183e-01,4.89694928440260953422765519361287e-02,-7.02535236653201888487591301827920e-03,1.02839382981570409358756759479687e-01
2.02250000000000000000000000000000e+01,-1.43457730784154921502226273485490e-01,4.96515309366405970442861850449997e-02,-4.45825946228518767931487859460881e-03,1.02525862797266461049725580456333e-01
2.02500000000000000000000000000000e+01,-1.42208042292571105770428014262798e-01,5.03215398015925616712130979146379e-02,-1.89916838731603637860290970164077e-03,1.02199250177533284798405763344898e-01
2.02749999999999999999999999999998e+01,-1.40941754291866459032210625972161e-01,5.09794863679324373532798263319977e-02,6.51594566523684964733033028657186e-04,1.01859626935826939358735454349084e-01
2.03000000000000000000000000000000e+01,-1.39659168732662643205902298185429e-01,5.16253395391707212068637805425668e-02,3.19370517444796538455170127523293e-03,1.01507076618078501593642040692088e-01
2.03249999999999999999999999999998e+01,-1.38360588315764351906884927655491e-01,5.22590704256085958816865358306474e-02,5.72684132161095548249476426229749e-03,1.01141684468800418526415537724706e-01
2.03500000000000000000000000000000e+01,-1.37046316435214717339604936670476e-01,5.28806524552825310589676673206887e-02,8.25068304524222954462871210956663e-03,1.00763537407085402456527376035680e-01
2.03750000000000000000000000000000e+01,-1.35716657120997815658310432076417e-01,5.34900612946287567052319654625060e-02,1.07649125763616857290233054796233e-02,1.00372724016508784436277961204489e-01
2.03999999999999999999999999999997e+01,-1.34371914985585573240102606695308e-01,5.40872746414533365493041229639474e-02,1.32692143813634799059095414885476e-02,9.99693345430037894187801216490285e-02
2.04250000000000000000000000000000e+01,-1.33012395175799016663210789070531e-01,5.46722720299772596725114136026248e-02,1.57632752035291033429799905909083e-02,9.95534608895913581028218110822935e-02
2.04499999999999999999999999999999e+01,-1.31638403328054633196836069890046e-01,5.52450347647629071426111561819509e-02,1.82467841042725041050308297261393e-02,9.91251965996866990770199087279779e-02
2.04749999999999999999999999999999e+01,-1.30250245523290982180045192393903e-01,5.58055460041306814462644545297361e-02,2.07194325038132269315193032362531e-02,9.86846368289556628484676667945970e-02
2.05000000000000000000000000000001e+01,-1.28848228238664409258771988230698e-01,5.63537909166765394282249733422812e-02,2.31809142210760922662813832507377e-02,9.82318783131828924522053973424115e-02
2.05249999999999999999999999999996e+01,-1.27432658295614177200578352744305e-01,5.68897567995117898830434726337517e-02,2.56309255128379015383178633737227e-02,9.77670193412997752609087017947150e-02
2.05500000000000000000000000000001e+01,-1.26003842806301389910213844524561e-01,5.74134330864407149348579064876454e-02,2.80691651123215015139983871748499e-02,9.72901597381197881032628273054197e-02
2.05749999999999999999999999999998e+01,-1.24562089121263957472975988584003e-01,5.79248112509046382117233160940393e-02,3.04953342674615207799028023322795e-02,9.68014008543291517603838654179282e-02
2.05999999999999999999999999999999e+01,-1.23107704780170902344568643995318e-01,5.84238846683860661563379110495833e-02,3.29091367789397492758009864314463e-02,9.63008455568782668657006870372090e-02
2.06250000000000000000000000000000e+01,-1.21640997465697417514238154617820e-01,5.89106485141071052370109281858051e-02,3.53102790379155583397228713567216e-02,9.57885982136090121255732349627268e-02
2.06499999999999999999999999999997e+01,-1.20162274959000673206835795187718e-01,5.93850997390971387774489444392546e-02,3.76984700632752005481383832519318e-02,9.52647646704100854627687756046090e-02
2.06750000000000000000000000000000e+01,-1.18671845094809537079425336639973e-01,5.98472371197888324124183832713971e-02,4.00734215382436073063153064966819e-02,9.47294522238495281373420290429964e-02
2.07000000000000000000000000000000e+01,-1.17170015714747800703912554961496e-01,6.02970613414301324014047183173906e-02,4.24348478463070659409072243280318e-02,9.41827695941366173919507704146095e-02
2.07249999999999999999999999999999e+01,-1.15657094618676631327676739804648e-01,6.07345750658143722485615894251134e-02,4.47824661065045293239766563011189e-02,9.36248269019208828378032099530430e-02
2.07499999999999999999999999999999e+01,-1.14133389514961743927862847209617e-01,6.11597829459253512978837547781742e-02,4.71159962081967248641074624962825e-02,9.30557356495187639178167592090896e-02
2.07749999999999999999999999999996e+01,-1.12599207971206834802296685608737e-01,6.15726915752332965795079514937630e-02,4.94351608454042654531000553193811e-02,9.24756087047796371454848729544287e-02
2.08000000000000000000000000000000e+01,-1.11054857366926655414256602231680e-01,6.19733093891754482299999993085199e-02,5.17396855507478792712674856296659e-02,9.18845602849851008725015384364660e-02
2.08249999999999999999999999999999e+01,-1.09500644848854273147064681308995e-01,6.23616465615236770767862452434751e-02,5.40292987289628452994792223699275e-02,9.12827059386330420532356722013450e-02
2.08500000000000000000000000000000e+01,-1.07936877288354963955330207174803e-01,6.27377149465914762139077547518578e-02,5.63037316899179690863633643183083e-02,9.06701625239475603763025902283479e-02
2.08750000000000000000000000000000e+01,-1.06363861239322992514718244400673e-01,6.31015280994003577135357785753587e-02,5.85627186810544780583323812204159e-02,9.00470481840985676480253838203548e-02
2.08999999999999999999999999999998e+01,-1.04781902894645850483221860565824e-01,6.34531013630084652821914464012767e-02,6.08059969191757277791821389064003e-02,8.94134823203973637841159505315773e-02
2.09250000000000000000000000000000e+01,-1.03191308040192629201230610937164e-01,6.37924519671329947510373129390485e-02,6.30333066215661286910050771539144e-02,8.87695855659097506369183155085008e-02
2.09499999999999999999999999999998e+01,-1.01592382006973534588105794542005e-01,6.41195990661444808138384896086821e-02,6.52443910364853747883223038192179e-02,8.81154797622142449254240259435369e-02
2.09750000000000000000000000000000e+01,-9.99854296236180585157826387201824e-02,6.44345636755163879975467937048078e-02,6.74389964731387298071209433210736e-02,8.74512879406709162414742495963193e-02
2.10000000000000000000000000000000e+01,-9.83707551715525023950840428813195e-02,6.47373685304250868814140778408369e-02,6.96168723312248244340721629430465e-02,8.67771343068095134384336011980821e-02
2.10249999999999999999999999999997e+01,-9.67486623438770832210999633143063e-02,6.50280379467833332460578268670799e-02,7.17777711300925332975023331448689e-02,8.60931442239092996360441255525268e-02
2.10500000000000000000000000000000e+01,-9.51194542067273925313101431722235e-02,6.53065977709908733555188108448011e-02,7.39214485374304700133888977846255e-02,8.53994441915684944775663369937573e-02
2.10749999999999999999999999999999e+01,-9.34834331603444915352483018614146e-02,6.55730754495569030687586251168394e-02,7.60476633973372331999791503489370e-02,8.46961618178300323261800246093294e-02
2.10999999999999999999999999999999e+01,-9.18409008973493472135041028054422e-02,6.58275001674854520070591734132806e-02,7.81561777576394516549044332828763e-02,8.39834257877472109109540671755102e-02
2.11250000000000000000000000000001e+01,-9.01921583577720123326722521084863e-02,6.60699029525982765959651523335667e-02,8.02467568964391292047918051252284e-02,8.32613658341060305068801056748136e-02
2.11499999999999999999999999999996e+01,-8.85375056828730557731414664090690e-02,6.63003166616908637190377131077972e-02,8.23191693480104966139443141313124e-02,8.25301127149959435885065480267300e-02
2.11750000000000000000000000000001e+01,-8.68772421709608723545824315382728e-02,6.65187758441867097947620803481119e-02,8.43731869282302859971542464917880e-02,8.17897981983298223170650150258494e-02
2.11999999999999999999999999999998e+01,-8.52116662373641784460184174465736e-02,6.67253165649192198774333102206677e-02,8.64085847596599279516922171585453e-02,8.10405550483330882371924376163418e-02
2.12249999999999999999999999999999e+01,-8.35410753781341965190403531778879e-02,6.69199762980041730973415260226280e-02,8.84251412962409758240560386587194e-02,8.02825170072070376186183674678776e-02
2.12500000000000000000000000000000e+01,-8.18657661347251438332452682041614e-02,6.71027939552061237987546970861305e-02,9.04226383474247381003929000975149e-02,7.95158187682097976503067422846203e-02
2.12749999999999999999999999999997e+01,-8.01860340564850789751773572325666e-02,6.72738100183078824027706762348361e-02,9.24008611015368635105765884208089e-02,7.87405959423265128808868331550947e-02
2.13000000000000000000000000000000e+01,-7.85021736595849867062079882029389e-02,6.74330666725489930143334133985555e-02,9.43595981482974769053668766372255e-02,7.79569850252842157846289290763288e-02
2.13250000000000000000000000000000e+01,-7.68144783837496249438773964426219e-02,6.75806078387081942033429554354723e-02,9.62986415005953481473413485858166e-02,7.71651233714976946538099219562013e-02
2.13499999999999999999999999999999e+01,-7.51232405498991016911457510199125e-02,6.77164790736563018235520407031827e-02,9.82177866157236464938143371024442e-02,7.63651491766206258169261526704052e-02
2.13749999999999999999999999999999e+01,-7.34287513213667858083312948498448e-02,6.78407274007209483027836267216953e-02,1.00116832416246005494243502226055e-01,7.55572014642278547380440909397809e-02
2.13999999999999999999999999999996e+01,-7.17313006690991803668374579195277e-02,6.79534011770767379045416577251810e-02,1.01995581310502339688148997292761e-01,7.47414200692161366931201093582580e-02
2.14250000000000000000000000000000e+01,-7.00311773387999387239450615638997e-02,6.80545500752041721394684137308935e-02,1.03853839212598455474932515059723e-01,7.39179456128824871536391331912720e-02
2.14499999999999999999999999999999e+01,-6.83286688170458681929052231077967e-02,6.81442251737725787751567682227288e-02,1.05691415561669537169903282719375e-01,7.30869194705416162027170167369084e-02
2.14750000000000000000000000000000e+01,-6.66240612945366950700197680647254e-02,6.82224790795413482286042745633355e-02,1.07508123340300607654506071822523e-01,7.22484837376756088207758896930854e-02
2.15000000000000000000000000000000e+01,-6.49176396269401108804375387108252e-02,6.82893659863828071146781373285316e-02,1.09303779092156892223548649119374e-01,7.14027812013439755221634604533604e-02
2.15249999999999999999999999999998e+01,-6.32096872956178773773987035056138e-02,6.83449416266821289008618813568500e-02,1.11078202939001609874336358679886e-01,7.05499553195812184191649882824821e-02
2.15500000000000000000000000000000e+01,-6.15004863706780596082225976932681e-02,6.83892631453848440657553252396428e-02,1.12831218597273566477055730794971e-01,6.96901502058299036485790036956982e-02
2.15749999999999999999999999999998e+01,-5.97903174773353507031825874178739e-02,6.84223889747567353695671153041093e-02,1.14562653394273299329573103821228e-01,6.88235106121827130508835004393124e-02
2.16000000000000000000000000000000e+01,-5.80794597646053438258222569920106e-02,6.84443787792443280577631240099105e-02,1.16272338283857775534112755856483e-01,6.79501819064571985528231767639159e-02
2.16250000000000000000000000000000e+01,-5.63681908742455227276911407346503e-02,6.84552934868569551948459148269780e-02,1.17960107861473737390916687960986e-01,6.70703100426810919782786306104531e-02
2.16499999999999999999999999999997e+01,-5.46567869082057566961613437042940e-02,6.84551953666051530753660018072027e-02,1.19625800378409540870854270676985e-01,6.61840415289919351292731846649961e-02
2.16750000000000000000000000000000e+01,-5.29455223942480499934130823791290e-02,6.84441480881977564922745015008601e-02,1.21269257755269588415767311444116e-01,6.52915233982329404494097048651300e-02
2.16999999999999999999999999999999e+01,-5.12346702508095331749470344490614e-02,6.84222167202395546606703257318803e-02,1.22890325594782979771711374373232e-01,6.43929031841347859512568992333884e-02
2.17249999999999999999999999999999e+01,-4.95245017527377758393856528143229e-02,6.83894676667178683222697410099918e-02,1.24488853194079487227496909998598e-01,6.34883289019731611702759260247752e-02
2.17500000000000000000000000000001e+01,-4.78152864990341211421069704465950e-02,6.83459685775027741103122696550840e-02,1.26064693556498723212975545582526e-01,6.25779490298751147977126738492694e-02
2.17749999999999999999999999999996e+01,-4.61072923826810867472624267426654e-02,6.82917882769601485116074252850496e-02,1.27617703402898980417590394136389e-01,6.16619124871159736468396429131318e-02
2.18000000000000000000000000000001e+01,-4.44007855617161059678779131715625e-02,6.82269967369210298282254864715091e-02,1.29147743182369360868189103337493e-01,6.07403686082106763736655786863212e-02
2.18249999999999999999999999999998e+01,-4.26960304304102239840331942032654e-02,6.81516650924288560550816106269439e-02,1.30654677082255446900361307424698e-01,5.98134671143513025106818402523610e-02
2.18499999999999999999999999999999e+01,-4.09932895897386163972868872680388e-02,6.80658656778828497585659330287290e-02,1.32138373037467298382939276639266e-01,5.88813580849863963263117771153826e-02
2.18750000000000000000000000000000e+01,-3.92928238169952775874241827143569e-02,6.79696720551534367270442297699032e-02,1.33598702739103049727357106264021e-01,5.79441919316641638270694348660194e-02
2.18999999999999999999999999999997e+01,-3.75948920350473499861837123874339e-02,6.78631590122028231956882613113545e-02,1.35035541642453659240036473045912e-01,5.70021193745762261836124361643101e-02
2.19250000000000000000000000000000e+01,-3.58997512820897899026312237772422e-02,6.77464025250852460933525054995302e-02,1.36448768974445587525230358989159e-01,5.60552914207999128137433624579140e-02
2.19500000000000000000000000000000e+01,-3.42076566827303840902491377684087e-02,6.76194796927464833582754960581318e-02,1.37838267740544700995459297235901e-01,5.51038593427176175861850019516793e-02
2.19749999999999999999999999999999e+01,-3.25188614208132145767485155378680e-02,6.74824686678468416668214421718927e-02,1.39203924731109074497316714461109e-01,5.41479746553659845645035915301494e-02
2.19999999999999999999999999999999e+01,-3.08336167137202148336738392028833e-02,6.73354486116923641583383329731535e-02,1.40545630527154541489970541844653e-01,5.31877890920716751788668019327749e-02
2.20249999999999999999999999999996e+01,-2.91521717872760449827134067531096e-02,6.71784996918310268172268280921312e-02,1.41863279505488897779820140293484e-01,5.22234545783838516904970182148358e-02
2.20500000000000000000000000000000e+01,-2.74747738501885090307242245956465e-02,6.70117031179633437209142277356376e-02,1.43156769843179401690977727226615e-01,5.12551232049931277298913317708139e-02
2.20749999999999999999999999999999e+01,-2.58016680673981891835030718692069e-02,6.68351411866858759863807631415452e-02,1.44426003521343755489800935782162e-01,5.02829472009456812193724245521031e-02
2.21000000000000000000000000000000e+01,-2.41330975326276782386362270448961e-02,6.66488972951787028705642389327469e-02,1.45670886328291307320851431697850e-01,4.93070789086437368962802187099853e-02
2.21250000000000000000000000000000e+01,-2.24693032412788915186164061239845e-02,6.64530558991679889495644977405147e-02,1.46891327862071951794880152459440e-01,4.83276707614471082450268975078995e-02
2.21499999999999999999999999999998e+01,-2.08105240650203556988309101440870e-02,6.62477024254821748923218518170115e-02,1.48087241532492970423739171014391e-01,4.73448752632249278188802079712130e-02
2.21750000000000000000000000000000e+01,-1.91569967286995989133976238817401e-02,6.60329231821661778779018646230513e-02,1.49258544562628186515639250422889e-01,4.63588449677718332297167835401863e-02
2.21999999999999999999999999999998e+01,-1.75089557889925280149087827471114e-02,6.58088053151737285393823656020078e-02,1.50405157989784766435261005786116e-01,4.53697324557275500482014096738344e-02
2.22250000000000000000000000000000e+01,-1.58666336132754799327189550079544e-02,6.55754368322941113110999683786642e-02,1.51527006665848648341569273779338e-01,4.43776903080453749946958351495574e-02
2.22500000000000000000000000000000e+01,-1.42302603572677617620892872412424e-02,6.53329066692008130796334580181951e-02,1.52624019256935507091118909401064e-01,4.33828710774286016851918325351357e-02
2.22749999999999999999999999999997e+01,-1.26000639410812022469249625319422e-02,6.50813047411755144094996250828315e-02,1.53696128242334495343733059079461e-01,4.23854272608523320268128385349886e-02
2.23000000000000000000000000000000e+01,-1.09762700247217985713159524090736e-02,6.48207219311202514350442320721275e-02,1.54743269912810069601777551936751e-01,4.13855112759116767621897589095542e-02
2.23249999999999999999999999999999e+01,-9.35910198482851750952188905211763e-03,6.45512500072338988703657053265752e-02,1.55765384368367703327440846761926e-01,4.03832754412985101439790910655787e-02
2.23499999999999999999999999999999e+01,-7.74878089394606658504665532954867e-03,6.42729815130215083034005446455683e-02,1.56762415515558596785044004791719e-01,3.93788719588160593116669941377695e-02
2.23750000000000000000000000000001e+01,-6.14552550221531152622778999652105e-03,6.39860096927602023514227986646372e-02,1.57734311064312991017020879594912e-01,3.83724528931183988039097490974150e-02
2.23999999999999999999999999999996e+01,-4.54955222000718549181398302245106e-03,6.36904284915927671956105278896213e-02,1.58681022524210016532522618670894e-01,3.73641701468498387148349015977951e-02
2.24250000000000000000000000000001e+01,-2.96107509968683195255882794941617e-03,6.33863326174195015925658727292209e-02,1.59602505200074008531301068411513e-01,3.63541754321243660250547195959011e-02
2.24499999999999999999999999999998e+01,-1.38030581562151616405139951999821e-03,6.30738176086516122842409482895997e-02,1.60498718186849048459322561684693e-01,3.53426202420069590069653120674498e-02
2.24749999999999999999999999999999e+01,1.92546356916297808206631043443682e-04,6.27529798483972513671897866567854e-02,1.61369624363803293248846426904436e-01,3.43296558258166662104221298609569e-02
2.25000000000000000000000000000000e+01,1.75727456223625260114451672798062e-03,6.24239165038934128412409487939063e-02,1.62215190388181428516222655177420e-01,3.33154331694807373288976405963422e-02
2.25249999999999999999999999999997e+01,3.31367438253989412129675569882562e-03,6.20867254221860539998529909229270e-02,1.63035386688408880811095364185976e-01,3.23001029786702697830032570760407e-02
2.25500000000000000000000000000000e+01,4.86154385370677075228585482923042e-03,6.17415050420782878730563126889514e-02,1.63830187456865386166068794418540e-01,3.12838156605713849770222632643916e-02
2.25750000000000000000000000000000e+01,6.40068347962246531943524345194593e-03,6.13883543686829295412298405556150e-02,1.64599570642149855672877878211302e-01,3.02667213012422239034718682247936e-02
2.25999999999999999999999999999999e+01,7.93089624673327296027631446657944e-03,6.10273730119438447704795005730681e-02,1.65343517940721375576302464429458e-01,2.92489696387516261033786258527893e-02
2.26249999999999999999999999999999e+01,9.45198763995435481954585804414209e-03,6.06586612470911321209988159886300e-02,1.66062014787847702225991646710546e-01,2.82307100353222163240818330910277e-02
2.26499999999999999999999999999996e+01,1.09637656597752017737426906965985e-02,6.02823200430421797369625371091536e-02,1.66755050347887521000979841124115e-01,2.72120914523582362533118523129662e-02
2.26750000000000000000000000000000e+01,1.24660408393190964381312738601951e-02,5.98984510302536042684333298152396e-02,1.67422617504007634222794673730464e-01,2.61932624301518247222648402427418e-02
2.26999999999999999999999999999999e+01,1.39586262599400092730032428969483e-02,5.95071564220985644109604125662129e-02,1.68064712847439839289960440287511e-01,2.51743710708343507914329149039237e-02
2.27250000000000000000000000000000e+01,1.54413375647177375447792505732818e-02,5.91085389331271043384988111348746e-02,1.68681336666316120538898908634257e-01,2.41555650211037948782892758227923e-02
2.27500000000000000000000000000000e+01,1.69139929703325250886421331610184e-02,5.87027017352026930713115459004368e-02,1.69272492934035200016592510399405e-01,2.31369914517595365894766549922827e-02
2.27749999999999999999999999999998e+01,1.83764132784907037778745417586029e-02,5.82897484635635638483919840813381e-02,1.69838189297068747981198661694237e-01,2.21187970335733465964536672808845e-02
2.28000000000000000000000000000000e+01,1.98284218879344220450048034166676e-02,5.78697832516649037188072858504666e-02,1.70378437062138796350231355785849e-01,2.11011279116237346524892322149324e-02
2.28249999999999999999999999999998e+01,2.12698448072964340108480782951784e-02,5.74429107584253489132744517247970e-02,1.70893251182767039357145411292819e-01,2.00841296811263792831216527983573e-02
2.28500000000000000000000000000000e+01,2.27005106682325069473591080837922e-02,5.70092361613611713056508892679235e-02,1.71382650245260529736941107101525e-01,1.90679473665696549674216853350513e-02
2.28750000000000000000000000000000e+01,2.41202507379028369848937827441139e-02,5.65688651137180361899015483666543e-02,1.71846656454214956090801403155963e-01,1.80527254036918129403385993710612e-02
2.28999999999999999999999999999997e+01,2.55288989301221238398916917300286e-02,5.61219036851956843414739957180155e-02,1.72285295617581328579137981892686e-01,1.70386076221764016083224064852598e-02
2.29250000000000000000000000000000e+01,2.69262918150989364695716131086878e-02,5.56684583118528540318794696461878e-02,1.72698597131284938953292171794556e-01,1.60257372269064989476810893912375e-02
2.29499999999999999999999999999999e+01,2.83122686282258591250484162250114e-02,5.52086357711532133235014699361084e-02,1.73086593963346861545576918111675e-01,1.50142567769665979436360136230085e-02
2.29749999999999999999999999999999e+01,2.96866712785778837829192937293071e-02,5.47425431819929977923241536180916e-02,1.73449322637459237421355367316698e-01,1.40043081631936593159990478050753e-02
2.30000000000000000000000000000001e+01,3.10493443576005988275514736676103e-02,5.42702880171245012731263544089825e-02,1.73786823215998045737501291907339e-01,1.29960325858804136058784518653391e-02
2.30249999999999999999999999999996e+01,3.24001351480898305903918486814441e-02,5.37919781116216271759590309640818e-02,1.74099139282494958419759756021580e-01,1.19895705339106881414465686527684e-02
2.30500000000000000000000000000001e+01,3.37388936331939075739995537064878e-02,5.33077216550184966011721939501441e-02,1.74386317923610058471787772335310e-01,1.09850617656386228408912560300407e-02
2.30749999999999999999999999999998e+01,3.50654725049592027915722333492779e-02,5.28176271629725792881854809778233e-02,1.74648409710643177536617284533300e-01,9.98264529095491691912881741739020e-03
2.30999999999999999999999999999999e+01,3.63797271719528999015642748701483e-02,5.23218034335363722830724256378568e-02,1.74885468680602344493110145336594e-01,8.98245935365036537261776911658448e-03
2.31250000000000000000000000000000e+01,3.76815157657261766261281795652072e-02,5.18203595006905628398011895246087e-02,1.75097552316826936718584043620271e-01,7.98464141334620871251524371571403e-03
2.31499999999999999999999999999997e+01,3.89706991462466904810210901427946e-02,5.13134046005997432073720017000779e-02,1.75284721529149370266785016432973e-01,6.98932812662944299313374778038278e-03
2.31750000000000000000000000000000e+01,4.02471409067725462001357129238770e-02,5.08010481612360089471126841242839e-02,1.75447040633574917442719949772708e-01,5.99665532741091414477742780987552e-03
2.32000000000000000000000000000000e+01,4.15107073787628707517874160514116e-02,5.02833998138209163588451391368134e-02,1.75584577331464253124390203795093e-01,5.00675800688661692645844235964482e-03
2.32249999999999999999999999999999e+01,4.27612676371983558464344708263739e-02,4.97605694105893957738186897909495e-02,1.75697402688217141191221639195542e-01,4.01977029380474408052231830841622e-03
2.32499999999999999999999999999999e+01,4.39986935061896296516918505686023e-02,4.92326670268362949126425039706390e-02,1.75785591111475376032661927418659e-01,3.03582543584959623538066157643055e-03
2.32749999999999999999999999999996e+01,4.52228595642632949387964509038804e-02,4.86998029325507192136331060596150e-02,1.75849220328880224438820356936822e-01,2.05505578261906761507884290844176e-03
2.33000000000000000000000000000000e+01,4.64336431485738456664769253426696e-02,4.81620875377995536647770600753568e-02,1.75888371365422318038445938244120e-01,1.07759276989786188930549684783457e-03
2.33249999999999999999999999999999e+01,4.76309243576478003324920358532023e-02,4.76196313347267575981519704999617e-02,1.75903128520403643885185980199329e-01,1.03566904123603433995079190799504e-04
2.33500000000000000000000000000000e+01,4.88145860529387060479988568843643e-02,4.70725448638702252493194641848928e-02,1.75893579343999145388310510623134e-01,-8.66892254273990292897069354114429e-04
2.33750000000000000000000000000000e+01,4.99845138600164266792877821967766e-02,4.65209387180645010752925174418626e-02,1.75859814613379591966674335576086e-01,-1.83365610927459206122801752815632e-03
2.33999999999999999999999999999998e+01,5.11405961702288591939489368015145e-02,4.59649235718679730868989574769500e-02,1.75801928308358149650245922045287e-01,-2.79659704872533115796788588099998e-03
2.34250000000000000000000000000000e+01,5.22827241431018243050278284235870e-02,4.54046102056970280700071842958993e-02,1.75720017586554639995452120441801e-01,-3.75558846316498741192445236707283e-03
2.34499999999999999999999999999998e+01,5.34107917089495162323983691207127e-02,4.48401094958904356314559935982299e-02,1.75614182758115168136399280301797e-01,-4.71050476242573078054265781167378e-03
2.34750000000000000000000000000000e+01,5.45246955707074923816334109715635e-02,4.42715323646834140332762360172321e-02,1.75484527260049984692419525256826e-01,-5.66122138970984570046333360461532e-03
2.35000000000000000000000000000000e+01,5.56243352042183890921441920053148e-02,4.36989897121606633563342988178308e-02,1.75331157630238595426978022897249e-01,-6.60761483447643759686721258387636e-03
2.35249999999999999999999999999997e+01,5.67096128569684958986728753797259e-02,4.31225923655859716124602401669418e-02,1.75154183481104869837411739011314e-01,-7.54956264626759525267468642168297e-03
2.35500000000000000000000000000000e+01,5.77804335460606914765718150287142e-02,4.25424510699867510542334407006165e-02,1.74953717472917656428284418017583e-01,-8.48694345089310513897148041344668e-03
2.35749999999999999999999999999999e+01,5.88367050564577355148161917981622e-02,4.19586765152433676150863332422741e-02,1.74729875286658653430989548479407e-01,-9.41963696860467543962335526748578e-03
2.35999999999999999999999999999999e+01,5.98783379400582892539536502249317e-02,4.13713793694946068117440243396761e-02,1.74482775596430747992241422005133e-01,-1.03475240322887426737737399492319e-02
2.36250000000000000000000000000001e+01,6.09052455153081447611338786612947e-02,4.07806702845837132696983593130581e-02,1.74212540041435704721426829996750e-01,-1.12704866034776204560464582809752e-02
2.36499999999999999999999999999996e+01,6.19173438664083697829214608854640e-02,4.01866598593022226398461911937796e-02,1.73919293197590446301405057881071e-01,-1.21884077853314376876658882922089e-02
2.36750000000000000000000000000001e+01,6.29145518412057146354270610738386e-02,3.95894585757879205507805519027122e-02,1.73603162548846921211550327395870e-01,-1.31011718337227008582570558812922e-02
2.36999999999999999999999999999998e+01,6.38967910475060434798586538649477e-02,3.89891767424970432352808070416435e-02,1.73264278458234401116585882589889e-01,-1.40086641687303084836703451299196e-02
2.37249999999999999999999999999999e+01,6.48639858483628800193631439706852e-02,3.83859244713916773878134487009196e-02,1.72902774138588039393114046592739e-01,-1.49107713883709840123460904947276e-02
2.37500000000000000000000000000000e+01,6.58160633572930350775010542892084e-02,3.77798116923807780894223897811582e-02,1.72518785622902920031408637711234e-01,-1.58073812846234033317867146025213e-02
2.37749999999999999999999999999997e+01,6.67529534341048405821642296674821e-02,3.71709481826748661812477835041657e-02,1.72112451734275524890468586274576e-01,-1.66983828600280826483528393870065e-02
2.38000000000000000000000000000000e+01,6.76745886813125128376792984893181e-02,3.65594435801636340817292072713155e-02,1.71683914055447250705661352844272e-01,-1.75836663426391252272150150242863e-02
2.38250000000000000000000000000000e+01,6.85809044404665333335968388603038e-02,3.59454073629485394197079362256911e-02,1.71233316898009223468192478717028e-01,-1.84631231981768303254944651580090e-02
2.38499999999999999999999999999999e+01,6.94718387875846228984394121354190e-02,3.53289488011988549314085993663193e-02,1.70760807271333370989371990815699e-01,-1.93366461400532889645172324917384e-02
2.38749999999999999999999999999999e+01,7.03473325272765277668092105297083e-02,3.47101769052758028042562114343256e-02,1.70266534851259656342880523342019e-01,-2.02041291391929399765036215378249e-02
2.38999999999999999999999999999996e+01,7.12073291857946094096943678542880e-02,3.40892003942096086431375600180932e-02,1.69750651948520380901978631573767e-01,-2.10654674354076119877110853909239e-02
2.39250000000000000000000000000000e+01,7.20517750036660125670217018982307e-02,3.34661276929154605148798052391113e-02,1.69213313476854270794261911759656e-01,-2.19205575507263564949507822292609e-02
2.39499999999999999999999999999999e+01,7.28806189285188771400399186325146e-02,3.28410669472638259095767359498653e-02,1.68654676920773276640192723927261e-01,-2.27692973035641057429559448893265e-02
2.39750000000000000000000000000000e+01,7.36938126082909748845973271111522e-02,3.22141260363559649331685880284613e-02,1.68074902302983225534645184355559e-01,-2.36115858219978452736454295615701e-02
2.40000000000000000000000000000000e+01,7.44913103845259829785933004884454e-02,3.15854125660323078593168772021487e-02,1.67474152151497094623528509972862e-01,-2.44473235550318923508806232146384e-02
2.40249999999999999999999999999998e+01,7.52730692852312472036024146482091e-02,3.09550338414937617399092077030805e-02,1.66852591466491674490946109407083e-01,-2.52764122820178800977716553387463e-02
2.40500000000000000000000000000000e+01,7.60390490168922152925148842325944e-02,3.03230968297007762335899902741246e-02,1.66210387686940035618214124269852e-01,-2.60987551214010768718413104153151e-02
2.40749999999999999999999999999998e+01,7.67892119555781365320123547923072e-02,2.96897081263525315817844867555203e-02,1.65547710657019694026554366565708e-01,-2.69142565400624957849240976901545e-02
2.41000000000000000000000000000000e+01,7.75235231373930317231134884800212e-02,2.90549739371300323247675397830554e-02,1.64864732592272821572628814869449e-01,-2.77228223637944186046243107635848e-02
2.41250000000000000000000000000000e+01,7.82419502486515290231319435851470e-02,2.84190000735784236377569095251391e-02,1.64161628045493705475960210146816e-01,-2.85243597885053912013941166111535e-02
2.41499999999999999999999999999997e+01,7.89444636160662141865761470258112e-02,2.77818919565780960343285810715978e-02,1.63438573872336503248902738400397e-01,-2.93187773912409966665047083318136e-02
2.41750000000000000000000000000000e+01,7.96310361970163917247495895720422e-02,2.71437546179808686324920393260825e-02,1.62695749196658486447093216253741e-01,-3.01059851402529462261839743474485e-02
2.41999999999999999999999999999999e+01,8.03016435697540426753174053269832e-02,2.65046926932509160669688204459436e-02,1.61933335375626487372952687695445e-01,-3.08858944039013488592635924668974e-02
2.42249999999999999999999999999999e+01,8.09562639232808030274753818051506e-02,2.58648104026847187523511051614512e-02,1.61151515964612577085201662114277e-01,-3.16584179586974189222648226861448e-02
2.42500000000000000000000000000001e+01,8.15948780466352102168168524961131e-02,2.52242115239741294063276399165616e-02,1.60350476681893941526555383995964e-01,-3.24234699970071423921653723785387e-02
2.42749999999999999999999999999996e+01,8.22174693174547140470446528507996e-02,2.45829993630340508640165446763554e-02,1.59530405373159616806402695492120e-01,-3.31809661348468286913880246799437e-02
2.43000000000000000000000000000001e+01,8.28240236898774009338175137975820e-02,2.39412767316067696726587324650501e-02,1.58691491975818708702779627981622e-01,-3.39308234199777761831158639669098e-02
2.43249999999999999999999999999998e+01,8.34145296820397251890190931950146e-02,2.32991459377094756314004670539809e-02,1.57833928483102396006885871949833e-01,-3.46729603402841535103068834095313e-02
2.43499999999999999999999999999999e+01,8.39889783635026029111526042234455e-02,2.26567087885096204950833339790951e-02,1.56957908907954904937109989403431e-01,-3.54072968322227856814246530395725e-02
2.43750000000000000000000000000000e+01,8.45473633428275885456738353072366e-02,2.20140665975109692437870498111369e-02,1.56063629246716138760287000371275e-01,-3.61337542889673058280757511048190e-02
2.43999999999999999999999999999997e+01,8.50896807552578937562034578931606e-02,2.13713201839203743430763681702870e-02,1.55151287442609242413796056732411e-01,-3.68522555678078281629552949832900e-02
2.44250000000000000000000000000000e+01,8.56159292501829735610049605836072e-02,2.07285698555353776186542624044813e-02,1.54221083349055840048656853289983e-01,-3.75627249965323873246001284548924e-02
2.44500000000000000000000000000000e+01,8.61261099779686106170385809100981e-02,2.00859153766017361786210937920875e-02,1.53273218692843727438104185241852e-01,-3.82650883789238359179175303484662e-02
2.44749999999999999999999999999999e+01,8.66202265759136542201427566504773e-02,1.94434559327363220332552479724242e-02,1.52307897037162486992064159082512e-01,-3.89592729999538852381400563729490e-02
2.44999999999999999999999999999999e+01,8.70982851534623142464662494296094e-02,1.88012901084882564383986072768949e-02,1.51325323744505053312206128677005e-01,-3.96452076314090133112278451215111e-02
2.45249999999999999999999999999996e+01,8.75602942771187442852721288503355e-02,1.81595158858643199135312869258843e-02,1.50325705939418297573567002022153e-01,-4.03228225383330206258112543068465e-02
2.45500000000000000000000000000000e+01,8.80062649555460833310456514056052e-02,1.75182306582005258609151883089628e-02,1.49309252471084744648032054575195e-01,-4.09920494859657227928426712930443e-02
2.45749999999999999999999999999999e+01,8.84362106250337475996215584921019e-02,1.68775312426459204790172176951190e-02,1.48276173875733877568349174648807e-01,-4.16528217462676321506345061633559e-02
2.45999999999999999999999999999999e+01,8.88501471350721359893083127181516e-02,1.62375138746011915450432823990438e-02,1.47226682338905769009324671670282e-01,-4.23050741031181770003944275185652e-02
2.46250000000000000000000000000000e+01,8.92480927334917428846139684797199e-02,1.55982741794686188416574800074842e-02,1.46160991657605140217543992228796e-01,-4.29487428559472423360817970588805e-02
2.46499999999999999999999999999998e+01,8.96300680507144160701173740559847e-02,1.49599071329890093711189794896508e-02,1.45079317202378035964512247469740e-01,-4.35837658224809135599771322402347e-02
2.46750000000000000000000000000000e+01,8.99960960830792583151713599607374e-02,1.43225070299143126745548658626536e-02,1.43981875879318404150914384327480e-01,-4.42100823417852895839233746440969e-02
2.46999999999999999999999999999998e+01,9.03462021756594970839145854445418e-02,1.36861674754107899758379491925282e-02,1.42868886091984694692949928160076e-01,-4.48276332784649014104295212972952e-02
2.47250000000000000000000000000000e+01,9.06804140051580562976067292973687e-02,1.30509813979176528443780051343724e-02,1.41740567703196851298239920538946e-01,-4.54363610278992152345759641696479e-02
2.47500000000000000000000000000000e+01,9.09987615632335452475745302246373e-02,1.24170410672847170836791370739740e-02,1.40597141996699798283920482429646e-01,-4.60362095214653344512716769952383e-02
2.47749999999999999999999999999997e+01,9.13012771401300815065060856123742e-02,1.17844380985314721938974470211551e-02,1.39438831638710375316254517538738e-01,-4.66271242304883679865699330484044e-02
2.48000000000000000000000000000000e+01,9.15879953081016300831245140639483e-02,1.11532634319433502835754302748903e-02,1.38265860639388791794123590031907e-01,-4.72090521683590131303410549830580e-02
2.48249999999999999999999999999999e+01,9.18589529041014802959323051098400e-02,1.05236072969172800326115959712948e-02,1.37078454314275523020684690136194e-01,-4.77819418913714522691009249368726e-02
2.48499999999999999999999999999999e+01,9.21141890115561656816846286384408e-02,9.89555917806192485135742951617779e-03,1.35876839245709980119974363872023e-01,-4.83457434995591958031478094417910e-02
2.48750000000000000000000000000001e+01,9.23537449415068654430179793506751e-02,9.26920779991651446343783336691583e-03,1.34661243244215796850647764360080e-01,-4.89004086386163667058873743129925e-02
2.48999999999999999999999999999996e+01,9.25776642136545369288949366667662e-02,8.64464113328614766803301662266880e-03,1.33431895309821671139951891288122e-01,-4.94458905030302115679953829865507e-02
2.49250000000000000000000000000001e+01,9.27859925377230632363245039007114e-02,8.02194641144222810678009631580627e-03,1.32189025593297402349172256121033e-01,-4.99821438395198062894114987901652e-02
2.49499999999999999999999999999998e+01,9.29787777951618808573630826038852e-02,7.40121013860362965586869269776851e-03,1.30932865357313834848487917993797e-01,-5.05091249495144768682835189329117e-02
2.49749999999999999999999999999999e+01,9.31560700208309107295422745497184e-02,6.78251807963898777622170178755841e-03,1.29663646937561767277057555042145e-01,-5.10267916899481868828912037470713e-02
2.50000000000000000000000000000000e+01,9.33179213842016192778696004217325e-02,6.16595523342785775109201613109770e-03,1.28381603703870160804847733800519e-01,-5.15351034726703878029147761915762e-02
2.50249999999999999999999999999997e+01,9.34643861698200512175149005101661e-02,5.55160580301949029888223175429383e-03,1.27086970021345564812953876444951e-01,-5.20340212635329013369731337219803e-02
2.50500000000000000000000000000000e+01,9.35955207571400558506869325038333e-02,4.93955317666424970912846522197806e-03,1.25779981211526748137893240166867e-01,-5.25235075821899127374713521576958e-02
2.50750000000000000000000000000000e+01,9.37113836000928101913214949778143e-02,4.32987992535272383206727884610024e-03,1.24460873513530977072379570597734e-01,-5.30035265029143147667624374660582e-02
2.50999999999999999999999999999999e+01,9.38120352067548101535525274175212e-02,3.72266781136507623837300523430798e-03,1.23129884045172411873143176238849e-01,-5.34740436558541071018403410857676e-02
2.51249999999999999999999999999999e+01,9.38975381192451811236474581306931e-02,3.11799779616295612550012562514008e-03,1.21787250764054038811866869430422e-01,-5.39350262277469008057394536422934e-02
2.51499999999999999999999999999996e+01,9.39679568937025215611537182749070e-02,2.51595003805472972199008708611512e-03,1.20433212428656582250092561184892e-01,-5.43864429614091703618768212968757e-02
2.51750000000000000000000000000000e+01,9.40233580800451376414305748910621e-02,1.91660387781353208682043261587329e-03,1.19068008559456059521554792422847e-01,-5.48282641540380487984811298156110e-02
2.51999999999999999999999999999999e+01,9.40638102012754145610843642754686e-02,1.32003781800172372533277312202242e-03,1.17691879400092253639911252466253e-01,-5.52604616549684890884090110269562e-02
2.52249999999999999999999999999999e+01,9.40893837322799107320984181698175e-02,7.26329504538272139148318227921302e-04,1.16305065878591883377801700675554e-01,-5.56830088636294303742304662146194e-02
2.52500000000000000000000000000000e+01,9.41001510782649026747348369809646e-02,1.35555716366588566967023498578511e-04,1.14907809568635952224925772552857e-01,-5.60958807280496175376476813965777e-02
2.52749999999999999999999999999998e+01,9.40961865530469652965073490181591e-02,-4.52207636276619828198603708131870e-04,1.13500352650859070572949330030318e-01,-5.64990537437168742033329323023594e-02
2.53000000000000000000000000000000e+01,9.40775663573698514909598966483295e-02,-1.03688550892535376951554731030065e-03,1.12082937874178236107804141959384e-01,-5.68925059522738823263003844006450e-02
2.53249999999999999999999999999998e+01,9.40443685572953802223311867084073e-02,-1.61840372071593473517729142550071e-03,1.10655808517161424667737564835021e-01,-5.72762169395929631307956637609732e-02
2.53499999999999999999999999999999e+01,9.39966730625920215216467729260742e-02,-2.19668895714657588522071032480710e-03,1.09219208349454049801681559647622e-01,-5.76501678330853585648028292403498e-02
2.53750000000000000000000000000000e+01,9.39345616049738927716963879270677e-02,-2.77166877919007444787163221463664e-03,1.07773381593280757041630259144939e-01,-5.80143412984135401777642097031045e-02
2.53999999999999999999999999999997e+01,9.38581177160447978031626795231771e-02,-3.34327163724893961232174460061137e-03,1.06318572885033670199976306054209e-01,-5.83687215359116164291949665583218e-02
2.54250000000000000000000000000000e+01,9.37674267048706829540557573678275e-02,-3.91142688615295180484685806874571e-03,1.04855027236950926336872151561529e-01,-5.87132942769702249875334058356909e-02
2.54499999999999999999999999999999e+01,9.36625756352139741406032263131031e-02,-4.47606479651136633639737050914420e-03,1.03382989998884576495217003494979e-01,-5.90480467805072231334895478550481e-02
2.54749999999999999999999999999999e+01,9.35436533025697125127540313448018e-02,-5.03711655898099682912637614727934e-03,1.01902706820155608854479851169808e-01,-5.93729678295130347828144805169149e-02
2.55000000000000000000000000000001e+01,9.34107502111894765269447284943696e-02,-5.59451428145324175361836631842164e-03,1.00414423611495506559615473310139e-01,-5.96880477275529455842545439327618e-02
2.55249999999999999999999999999996e+01,9.32639585512242913674816080608501e-02,-6.14819098339842990053051195603411e-03,9.89183865070778280724975061459810e-02,-5.99932782950236593916735895265893e-02
2.55500000000000000000000000000001e+01,9.31033721759743070075055429373082e-02,-6.69808059402057887416555777241370e-03,9.74148418266489712171252456458313e-02,-6.02886528649283978474487522659916e-02
2.55749999999999999999999999999998e+01,9.29290865790776607629568995508770e-02,-7.24411795927897636862115685923721e-03,9.59040360377724469260556091617606e-02,-6.05741662780162982297745375139938e-02
2.55999999999999999999999999999999e+01,9.27411988714076565266260427985633e-02,-7.78623885744051939796198655371333e-03,9.43862157182023564429636994583797e-02,-6.08498148773451276165176147496805e-02
2.56250000000000000000000000000000e+01,9.25398077575358229263392138773296e-02,-8.32438001680476309742780758981955e-03,9.28616275183970272594138832482095e-02,-6.11155965025738351028414300522011e-02
2.56499999999999999999999999999997e+01,9.23250135118186109376313514645317e-02,-8.85847912689162975621179832712276e-03,9.13305181241743123237148857974142e-02,-6.13715104843929094657471028827139e-02
2.56750000000000000000000000000000e+01,9.20969179543495397948175727382015e-02,-9.38847483796426694699066666734071e-03,8.97931342195014432555003174775973e-02,-6.16175576393297701294032769242600e-02
2.57000000000000000000000000000000e+01,9.18556244270532054653490707375195e-02,-9.91430675139478971912516263642182e-03,8.82497224494110280502541701191075e-02,-6.18537402647853352059168816219901e-02
2.57249999999999999999999999999999e+01,9.16012377700434901903448870304358e-02,-1.04359154099081234650660601864878e-02,8.67005293830431414360923942787769e-02,-6.20800621338156651682085773141053e-02
2.57499999999999999999999999999999e+01,9.13338642981203809596825876284364e-02,-1.09532422972850725003006398421591e-02,8.51458014768268559830326440258554e-02,-6.22965284891391339567429418090998e-02
2.57749999999999999999999999999996e+01,9.10536117771090804257928366937958e-02,-1.14662298508190415791414698605786e-02,8.35857850378237769230179933769067e-02,-6.25031460361977047653910571667354e-02
2.58000000000000000000000000000000e+01,9.07605893997781174671568636015483e-02,-1.19748214808497248340174243156174e-02,8.20207261872538355196477570935222e-02,-6.26999229356159361514374951265743e-02
2.58249999999999999999999999999999e+01,9.04549077612956651702189565033863e-02,-1.24789615864141967635108479998203e-02,8.04508708242102558172126238807785e-02,-6.28868687957133443004526781844706e-02
2.58499999999999999999999999999999e+01,9.01366788344433117055702921051566e-02,-1.29785955584224892281013842726799e-02,7.88764645895550522230100769111123e-02,-6.30639946655824439482569639238633e-02
2.58750000000000000000000000000000e+01,8.98060159449201477124860646670043e-02,-1.34736697702883317278663360258003e-02,7.72977528299798343814396370023729e-02,-6.32313130287187232867011454659506e-02
2.58999999999999999999999999999998e+01,8.94630337469543863076044417617880e-02,-1.39641315646150456442580822142218e-02,7.57149805622243760284037415924639e-02,-6.33888377966467013849136090704674e-02
2.59250000000000000000000000000000e+01,8.91078481991751020973139189557116e-02,-1.44499292471502932427363799426244e-02,7.41283924374623792233504804613909e-02,-6.35365843018274445260856750623920e-02
2.59499999999999999999999999999998e+01,8.87405765404698868486364837326378e-02,-1.49310120939254583487078620303891e-02,7.25382327058781220285669275178119e-02,-6.36745692894882387767384463797669e-02
2.59749999999999999999999999999999e+01,8.83613372655240855005120526378215e-02,-1.54073303681276421623631527074889e-02,7.09447451814588236804614408012815e-02,-6.38028109086379205696499006392126e-02
2.60000000000000000000000000000000e+01,8.79702500999210373024705912274323e-02,-1.58788353365160821680729949105672e-02,6.93481732070145516915963113190756e-02,-6.39213287029722729424537487489316e-02
2.60249999999999999999999999999997e+01,8.75674359749464316991166197264567e-02,-1.63454792757613051178294021317364e-02,6.77487596194195498556061252704284e-02,-6.40301436023122046662345175670039e-02
2.60500000000000000000000000000000e+01,8.71530170023977129666105092800389e-02,-1.68072154662935555923445756407261e-02,6.61467467150587770561887164022506e-02,-6.41292779146996195079498168269262e-02
2.60749999999999999999999999999999e+01,8.67271164496471687645239804916350e-02,-1.72639981797702952848940103019759e-02,6.45423762154682398952292022960130e-02,-6.42187553186801405953042801152004e-02
2.60999999999999999999999999999999e+01,8.62898587149919048238957984731900e-02,-1.77157826701232778408282296123613e-02,6.29358892331736125931055794069390e-02,-6.42986008550563236628223230350468e-02
2.61250000000000000000000000000001e+01,8.58413693031024536866008081915264e-02,-1.81625251749559913833638740202371e-02,6.13275262377470679344866248965595e-02,-6.43688409176638489343472813341154e-02
2.61499999999999999999999999999996e+01,8.53817748003050254859229062974409e-02,-1.86041829265243943947589025888921e-02,5.97175270221063484520298960550197e-02,-6.44295032432952811466946207809220e-02
2.61750000000000000000000000000001e+01,8.49112028495407057093497991172443e-02,-1.90407141651406902355861658092617e-02,5.81061306690705314202127554082083e-02,-6.44806169013526522591910199892914e-02
2.61999999999999999999999999999998e+01,8.44297821250494612637271754112805e-02,-1.94720781468175937567418704069772e-02,5.64935755181710809135840758349701e-02,-6.45222122838371646217494272421588e-02
2.62249999999999999999999999999999e+01,8.39376423069824892966442281483146e-02,-1.98982351414637427312075393556532e-02,5.48800991327059690308342583085241e-02,-6.45543210958916111533642180096831e-02
2.62500000000000000000000000000000e+01,8.34349140561562003363676828521851e-02,-2.03191464243398377096664761264817e-02,5.32659382670258888948829105450198e-02,-6.45769763466037863908015063219133e-02
2.62749999999999999999999999999997e+01,8.29217289890359250642181560852403e-02,-2.07347742673360577407097773895831e-02,5.16513288340529603719350036232624e-02,-6.45902123395177168594487956425945e-02
2.63000000000000000000000000000000e+01,8.23982196528751291384916505493566e-02,-2.11450819357736733419089752328428e-02,5.00365058730451323202654245173703e-02,-6.45940646624396011788437801985418e-02
2.63250000000000000000000000000000e+01,8.18645195008443326923120552878725e-02,-2.15500336921261774491812232514467e-02,4.84217035176249213593888505866282e-02,-6.45885701765279597097947984019471e-02
2.63499999999999999999999999999999e+01,8.13207628670089263256556881243499e-02,-2.19495948035888009920316009259403e-02,4.68071549640864063814520896728319e-02,-6.45737670050187952026469498539320e-02
2.63749999999999999999999999999999e+01,8.07670849411218247942291327479347e-02,-2.23437315485909518277820019991851e-02,4.51930924399839120124991735515936e-02,-6.45496945220199950571129589500015e-02
2.63999999999999999999999999999996e+01,8.02036217433074026083181620386013e-02,-2.27324112187195465686886503246869e-02,4.35797471729971729572733429511243e-02,-6.45163933416006355293607797006247e-02
2.64250000000000000000000000000000e+01,7.96305100987635864496730267521445e-02,-2.31156021155916552070291089644748e-02,4.19673493600661819961021325403264e-02,-6.44739053070849066922805188993972e-02
2.64499999999999999999999999999999e+01,7.90478876125844080913222376470022e-02,-2.34932735448602225989978099133416e-02,4.03561281367941154962740472831909e-02,-6.44222734802605566365613938817250e-02
2.64749999999999999999999999999999e+01,7.84558926447349941479411251166442e-02,-2.38653958104888238861233291167630e-02,3.87463115471241568100676239309665e-02,-6.43615421302308983799480895236600e-02
2.65000000000000000000000000000000e+01,7.78546642851389708267620850417755e-02,-2.42319402117222307098185817840629e-02,3.71381265133007412740443437934564e-02,-6.42917567218154813893678911303774e-02
2.65249999999999999999999999999998e+01,7.72443423287967440235404802261440e-02,-2.45928790435957728447970221460757e-02,3.55317988061256280471441144618440e-02,-6.42129639035912786862025138699545e-02
2.65500000000000000000000000000000e+01,7.66250672508535231531935399541051e-02,-2.49481856001542717485653469634995e-02,3.39275530155155633098162257988553e-02,-6.41252114957533753411568595309277e-02
2.65749999999999999999999999999998e+01,7.59969801815738636613931219800279e-02,-2.52978341782857382679139394581282e-02,3.23256125213639753824349159904730e-02,-6.40285484779488033380256858739895e-02
2.65999999999999999999999999999999e+01,7.53602228812401122582105355020237e-02,-2.56418000795861767899037919742941e-02,3.07261994647062871368866870805769e-02,-6.39230249771561501420525568692373e-02
2.66250000000000000000000000000000e+01,7.47149377150512731747547454787560e-02,-2.59800596083157735457642570226613e-02,2.91295347191876477699386177544962e-02,-6.38086922556043204465407887160970e-02
2.66499999999999999999999999999997e+01,7.40612676281262432111612370332917e-02,-2.63125900653335281981263426301726e-02,2.75358378628328260620951521492785e-02,-6.36856026986648092134973393770284e-02
2.66750000000000000000000000000000e+01,7.33993561206884380387087027963064e-02,-2.66393697402168233389083000592817e-02,2.59453271501202261145824563090938e-02,-6.35538098026087084205333931427201e-02
2.66999999999999999999999999999999e+01,7.27293472234319949477466661888920e-02,-2.69603779052028760043266002203310e-02,2.43582194843650123471782029577353e-02,-6.34133681621027513486657742889309e-02
2.67249999999999999999999999999999e+01,7.20513854729826903648351238944754e-02,-2.72755948138807437576855046821968e-02,2.27747303904191187985991369354068e-02,-6.32643334573591245481030039518530e-02
2.67500000000000000000000000000001e+01,7.13656158873265857511294920396434e-02,-2.75850017047013642081810316949152e-02,2.11950739876967644773150545182680e-02,-6.31067624409649280827042021303029e-02
2.67749999999999999999999999999996e+01,7.06721839411222748288208481542030e-02,-2.78885808059867592647707942819133e-02,1.96194629635316786592947935292424e-02,-6.29407129245528989754603153982978e-02
2.68000000000000000000000000000001e+01,6.99712355409210572299484091557531e-02,-2.81863153375909431275798749861957e-02,1.80481085468671222870585242533072e-02,-6.27662437655394409294382917853559e-02
2.68249999999999999999999999999998e+01,6.92629170004252161294051539480161e-02,-2.84781895061019615616991421984998e-02,1.64812204822748538124657880462248e-02,-6.25834148540742131390402724454435e-02
2.68499999999999999999999999999999e+01,6.85473750159419307678324980100621e-02,-2.87641884946325955557249652812034e-02,1.49190070042980400493012117732093e-02,-6.23922871001408626765640425793116e-02
2.68750000000000000000000000000000e+01,6.78247566421116487689475680531734e-02,-2.90442984520494995954075251090601e-02,1.33616748121173247180189722684504e-02,-6.21929224205515659932164803642972e-02
2.68999999999999999999999999999997e+01,6.70952092678521715481459072139887e-02,-2.93185064871195884816239346972433e-02,1.18094290445466056246443929943628e-02,-6.19853837255420318746320107290397e-02
2.69250000000000000000000000000000e+01,6.63588805923575236550903226076645e-02,-2.95868006697951580145773533060975e-02,1.02624732553705214687448572074377e-02,-6.17697349048519602635636418420901e-02
2.69500000000000000000000000000000e+01,6.56159186009991630870277975564649e-02,-2.98491700368309453493519529129980e-02,8.72100938903489783231850476749137e-03,-6.15460408134622430500523319844133e-02
2.69749999999999999999999999999999e+01,6.48664715410955871916964292235325e-02,-3.01056045956836938642782367786371e-02,7.18523775669428995902464423601328e-03,-6.13143672573505861091974397486622e-02
2.69999999999999999999999999999999e+01,6.41106878976645460908926068839372e-02,-3.03560953216095497036966209297919e-02,5.65535701261189259747609995152219e-03,-6.10747809795695659408110498299008e-02
2.70249999999999999999999999999996e+01,6.33487163693452572441111787840572e-02,-3.06006341474807359175513683804181e-02,4.13156413090278225015249160666573e-03,-6.08273496466686836385978212502326e-02
2.70500000000000000000000000000000e+01,6.25807058446228814404050041206314e-02,-3.08392139508540376592344159192447e-02,2.61405438261509232169254748928343e-03,-6.05721418351699177807576219566906e-02
2.70749999999999999999999999999999e+01,6.18068053783419089968626599680964e-02,-3.10718285446543349115447717175554e-02,1.10302131315299374376453360405918e-03,-6.03092270176937829681094812931104e-02
2.70999999999999999999999999999999e+01,6.10271641683617057104157384989343e-02,-3.12984726751752954406647854748686e-02,-4.01343279946298255770807262259325e-04,-6.00386755485107659549868067217216e-02
2.71250000000000000000000000000000e+01,6.02419315321799380270448398221561e-02,-3.15191420258721642918003031166141e-02,-1.89884936886795316492059702015575e-03,-5.97605586486393483626498335801110e-02
2.71499999999999999999999999999998e+01,5.94512568834453951477562068055442e-02,-3.17338332213718740280186727743203e-02,-3.38930871700068054788811919653888e-03,-5.94749483908771538099834174283559e-02
2.71750000000000000000000000000000e+01,5.86552897084308712013618606218069e-02,-3.19425438260798336490461928545348e-02,-4.87253490004708495076904367126539e-03,-5.91819176851427252651706712684393e-02
2.71999999999999999999999999999998e+01,5.78541795426338448946846002216210e-02,-3.21452723356183465027127908837986e-02,-6.34834332677299427058959978798476e-03,-5.88815402642288765934335452800341e-02
2.72249999999999999999999999999999e+01,5.70480759476527402493113790536222e-02,-3.23420181642294233177254983179483e-02,-7.81655125940356010910630636276993e-03,-5.85738906697263426289136362449254e-02
2.72500000000000000000000000000000e+01,5.62371284883691615273348219212680e-02,-3.25327816337556948646466951005987e-02,-9.27697783366528924662622809280529e-03,-5.82590442377151565658433450671323e-02
2.72749999999999999999999999999997e+01,5.54214867103376942471678968266460e-02,-3.27175639683052488327343050338936e-02,-1.07294440784641972900237112412389e-02,-5.79370770839508069735021164122924e-02
2.73000000000000000000000000000000e+01,5.46013001172330085251309467731209e-02,-3.28963672945207688945342528926497e-02,-1.21737729351873391350812728932429e-02,-5.76080660885898677533499548953522e-02
2.73249999999999999999999999999999e+01,5.37767181482582453977116153768324e-02,-3.30691946435802505010098143130970e-02,-1.36097892766198890809756123211067e-02,-5.72720888807721651438488307167454e-02
2.73499999999999999999999999999999e+01,5.29478901555335414796975311707634e-02,-3.32360499501964407157283769381932e-02,-1.50373199254789105814038667521766e-02,-5.69292238234144496435621060231153e-02
2.73750000000000000000000000000001e+01,5.21149653815768420830509607782272e-02,-3.33969380462472532527299333260702e-02,-1.64561936725715540485692977109129e-02,-5.65795499983624967983584767742390e-02
2.73999999999999999999999999999996e+01,5.12780929370016102906419110522247e-02,-3.35518646503293247754085533347221e-02,-1.78662412945853293104342972625813e-02,-5.62231471917575854524022809890556e-02
2.74250000000000000000000000000001e+01,5.04374217784888511060508803713228e-02,-3.37008363569051645150402700972342e-02,-1.92672955715119772158766385512984e-02,-5.58600958793077949099662103306546e-02
2.74499999999999999999999999999998e+01,4.95931006869973942187298483039275e-02,-3.38438606284258635128812808451756e-02,-2.06591913036990714646177259908176e-02,-5.54904772112166061488518242619003e-02
2.74749999999999999999999999999999e+01,4.87452782461195991515302770473340e-02,-3.39809457914322738376585711498217e-02,-2.20417653285199727431446479814432e-02,-5.51143729967445978707034611960633e-02
2.75000000000000000000000000000000e+01,4.78941028204994327011787143123560e-02,-3.41121010350154737234118064987804e-02,-2.34148565366550754113795843408484e-02,-5.47318656885943428483351057303521e-02
2.75249999999999999999999999999997e+01,4.70397225342892523193734123757917e-02,-3.42373364088281218230295289123799e-02,-2.47783058879832067923522117174405e-02,-5.43430383673710466306510622266552e-02
2.75500000000000000000000000000000e+01,4.61822852496863328938773036743152e-02,-3.43566628185241658284099835513593e-02,-2.61319564270872339915621254034816e-02,-5.39479747262623226504781465481515e-02
2.75750000000000000000000000000000e+01,4.53219385456218064792244090756030e-02,-3.44700920182566918459825638380978e-02,-2.74756532983792111724125142277960e-02,-5.35467590558989260054825899580657e-02
2.75999999999999999999999999999999e+01,4.44588296966625501335954054312312e-02,-3.45776366014390480703500674773618e-02,-2.88092437608476598979575049187447e-02,-5.31394762292348637395441322123029e-02
2.76249999999999999999999999999999e+01,4.35931056521466057457170449534585e-02,-3.46793099915786686025102563045065e-02,-3.01325772024253123127601224924593e-02,-5.27262116862872092163887067182867e-02
2.76499999999999999999999999999996e+01,4.27249130155308497796953497309120e-02,-3.47751264346039261077548246005746e-02,-3.14455051539727928485020203105109e-02,-5.23070514186741875112991151408982e-02
2.76750000000000000000000000000000e+01,4.18543980239052227785577661666075e-02,-3.48651009931863695228487196519045e-02,-3.27478813028736469848376443019590e-02,-5.18820819540010171315417212250968e-02
2.76999999999999999999999999999999e+01,4.09817065276276351194991893041668e-02,-3.49492495426021618850302031213660e-02,-3.40395615062382053865357419935658e-02,-5.14513903401983399958281592554014e-02
2.77249999999999999999999999999999e+01,4.01069839700546545358475529203230e-02,-3.50275887669731200800172009485841e-02,-3.53204038037163409286719260933221e-02,-5.10150641299055836957805824162522e-02
2.77500000000000000000000000000000e+01,3.92303753673765449683964548919675e-02,-3.51001361544613237803953737613920e-02,-3.65902684299209006563685452125792e-02,-5.05731913649433299120229070473253e-02
2.77749999999999999999999999999998e+01,3.83520252885980503843956239505525e-02,-3.51669099903273424201848968935077e-02,-3.78490178264640723118930950800711e-02,-5.01258605608710935197838636029352e-02
2.78000000000000000000000000000000e+01,3.74720778357224279440207216455515e-02,-3.52279293477323717739156810344877e-02,-3.90965166536084121854556695432130e-02,-4.96731606915936930406232943713366e-02
2.78249999999999999999999999999998e+01,3.65906766241830992149594254890506e-02,-3.52832140774303702739856567276732e-02,-4.03326318015330461386650918218329e-02,-4.92151811739576237679189575541898e-02
2.78499999999999999999999999999999e+01,3.57079647635262145460481367656350e-02,-3.53327847983325776436020723000782e-02,-4.15572324012139424950150590387853e-02,-4.87520118522706717735568505191948e-02
2.78750000000000000000000000000000e+01,3.48240848382988565465231064389054e-02,-3.53766628906286529051667615921488e-02,-4.27701898349156618530027402208223e-02,-4.82837429826982569187337919325716e-02
2.78999999999999999999999999999997e+01,3.39391788890727469424985977791977e-02,-3.54148704916385220455880778235053e-02,-4.39713777462914874047639498518370e-02,-4.78104652175476948606762463493704e-02
2.79250000000000000000000000000000e+01,3.30533883935536360853730774599359e-02,-3.54474304926753949585923036590159e-02,-4.51606720500900738540104419062462e-02,-4.73322695895254860564357076469423e-02
2.79499999999999999999999999999999e+01,3.21668542477850137163381144250499e-02,-3.54743665342352982764097777878520e-02,-4.63379509414695178974239301011565e-02,-4.68492474960924155221545814828376e-02
2.79749999999999999999999999999999e+01,3.12797167475152711351444364078081e-02,-3.54957029976499493055768167725986e-02,-4.75030949049225666455906007481109e-02,-4.63614906840029408530906833998464e-02
2.80000000000000000000000000000001e+01,3.03921155698170342513269361517731e-02,-3.55114649935916181047008496622812e-02,-4.86559867228175453412672167533939e-02,-4.58690912340060791450777549549234e-02
2.80249999999999999999999999999996e+01,2.95041897550076841529626327418214e-02,-3.55216783500169158191556984357117e-02,-4.97965114835574935605708899333576e-02,-4.53721415455725964013100344255421e-02
2.80500000000000000000000000000001e+01,2.86160776888441229995685335614710e-02,-3.55263696026650198847187037299736e-02,-5.09245565893560043541377406612979e-02,-4.48707343214839355956008802892739e-02
2.80749999999999999999999999999999e+01,2.77279170849042603404519616399559e-02,-3.55255659895573340607772597898650e-02,-5.20400117636250704862809679243494e-02,-4.43649625522085690512823377112288e-02
2.80999999999999999999999999999999e+01,2.68398449670668495499550729595703e-02,-3.55192954481425137285587273121393e-02,-5.31427690579703667907458174323182e-02,-4.38549195001496585176050913260886e-02
2.81250000000000000000000000000000e+01,2.59519976520639070830975060004360e-02,-3.55075866117661877901866324031499e-02,-5.42327228587931632789488771923476e-02,-4.33406986839624936539558943446068e-02
2.81499999999999999999999999999997e+01,2.50645107321638980532843646089215e-02,-3.54904688024802220789334894954283e-02,-5.53097698935030889834526089013117e-02,-4.28223938631205208684080457451261e-02
2.81750000000000000000000000000000e+01,2.41775190580899988275138502554616e-02,-3.54679720196779627938819338743974e-02,-5.63738092363487081806787369238281e-02,-4.23000990227582391999486939307227e-02
2.82000000000000000000000000000000e+01,2.32911567222524488965946526341837e-02,-3.54401269269208485566962742582572e-02,-5.74247423138712169164150015123042e-02,-4.17739083586407705214446862087310e-02
2.82249999999999999999999999999999e+01,2.24055570422943380473314548955403e-02,-3.54069648405486527824806546836287e-02,-5.84624729099815345435048573974332e-02,-4.12439162620341039937976860284512e-02
2.82499999999999999999999999999999e+01,2.15208525448722328447316292068594e-02,-3.53685177223566190452963983374843e-02,-5.94869071706562114798255277715842e-02,-4.07102173043372064221489707571476e-02
2.82749999999999999999999999999996e+01,2.06371749495716544338713248091527e-02,-3.53248181757221902958481113555333e-02,-6.04979536082464604872604769961815e-02,-4.01729062215286414763028757087028e-02
2.83000000000000000000000000000000e+01,1.97546551529067314572744617563334e-02,-3.52758994421506790777479710023773e-02,-6.14955231053981633791553516007492e-02,-3.96320778986384412984626197112037e-02
2.83249999999999999999999999999999e+01,1.88734232124372709762475769239743e-02,-3.52217953949764467528806601239988e-02,-6.24795289185864498859955910060860e-02,-3.90878273544653599335308029740055e-02
2.83499999999999999999999999999999e+01,1.79936083310955306246452928154669e-02,-3.51625405289997980791386455806450e-02,-6.34498866812723217180541306186177e-02,-3.85402497266132509974632936122106e-02
2.83750000000000000000000000000000e+01,1.71153388418092083080041273175150e-02,-3.50981699476389867157311462324915e-02,-6.44065144066880958378886106861871e-02,-3.79894402567248732167869284296122e-02
2.83999999999999999999999999999998e+01,1.62387421924436417572125324668332e-02,-3.50287193507450598539292586370906e-02,-6.53493324902537817770924507383504e-02,-3.74354942756880455339151081151218e-02
2.84250000000000000000000000000000e+01,1.53639449310116993992641318801773e-02,-3.49542250255482161796073120649881e-02,-6.62782637116213242090221968076662e-02,-3.68785071886492626736117177699882e-02
2.84499999999999999999999999999998e+01,1.44910726910658152144017335363647e-02,-3.48747238408943776346383862584783e-02,-6.71932332363416386668615693036665e-02,-3.63185744598451495830109432480410e-02
2.84750000000000000000000000000000e+01,1.36202501772131115292890583844295e-02,-3.47902532426948691267570959603458e-02,-6.80941686171518487112566240449057e-02,-3.57557915974233262825681681276323e-02
2.85000000000000000000000000000000e+01,1.27516011507587196826852646609418e-02,-3.47008512478654672310601178053327e-02,-6.89809997948851720744501678111261e-02,-3.51902541384584681974102644645736e-02
2.85249999999999999999999999999997e+01,1.18852484155379439061948554041938e-02,-3.46065564352594849213584255627575e-02,-6.98536590990098885148926613515767e-02,-3.46220576342603833442853112765532e-02
2.85500000000000000000000000000000e+01,1.10213138040089538622953487332370e-02,-3.45074079341822246730493811927935e-02,-7.07120812478041166506319191573828e-02,-3.40512976359049529028989741834100e-02
2.85749999999999999999999999999999e+01,1.01599181636419899777922174772552e-02,-3.44034454125292164776642446392175e-02,-7.15562033481698592828433991641039e-02,-3.34780696798155281511310740189083e-02
2.85999999999999999999999999999999e+01,9.30118134358746474223776166458781e-03,-3.42947090665440389084505800767969e-02,-7.23859648950855248877406061730796e-02,-3.29024692732473238405420117967509e-02
2.86250000000000000000000000000001e+01,8.44522218157043793453945169273935e-03,-3.41812396128870935635525097442879e-02,-7.32013077706939018361227921700044e-02,-3.23245918796503537935494362864693e-02
2.86499999999999999999999999999996e+01,7.59215849096186059081500718714465e-03,-3.40630782821743730940555381201431e-02,-7.40021762430236554376841788357054e-02,-3.17445329040127724632568356199743e-02
2.86750000000000000000000000000001e+01,6.74210704800981622527367860927778e-03,-3.39402668123847983396935898232421e-02,-7.47885169643457359114281855484142e-02,-3.11623876783305306307220693101676e-02
2.86999999999999999999999999999999e+01,5.89518357925175315743944952604733e-03,-3.38128474408649809501972965583506e-02,-7.55602789691691830038618854170981e-02,-3.05782514472930882643602753271834e-02
2.87249999999999999999999999999999e+01,5.05150274914841959985837547586084e-03,-3.36808628946555995843718647580656e-02,-7.63174136718817509158325478494235e-02,-2.99922193541711440892930037615199e-02
2.87500000000000000000000000000000e+01,4.21117814797446929653386221227563e-03,-3.35443563797997681999347072895909e-02,-7.70598748640393466795548867085675e-02,-2.94043864268167446124890293373521e-02
2.87749999999999999999999999999997e+01,3.37432227997806792899146239311851e-03,-3.34033715706768579912224726993212e-02,-7.77876187113058329105955974957695e-02,-2.88148475636817804574953731121100e-02
2.88000000000000000000000000000000e+01,2.54104655179745843409195591566242e-03,-3.32579526001953897919573131148829e-02,-7.85006037500430142332109519017873e-02,-2.82236975198152042418927062974961e-02
2.88250000000000000000000000000000e+01,1.71146126110802967537507935268287e-03,-3.31081440511464633667011402504586e-02,-7.91987908835504965449361520683128e-02,-2.76310308928648654513229491897479e-02
2.88499999999999999999999999999999e+01,8.85675585473052651351128952789496e-04,-3.29539909484664535791600560236200e-02,-7.98821433779562811538126366103786e-02,-2.70369421091448232760873023717021e-02
2.88749999999999999999999999999999e+01,6.37975713829164888519728693051068e-05,-3.27955387517642574190928612963762e-02,-8.05506268577604719705962962908914e-02,-2.64415254098233429470253394973691e-02
2.88999999999999999999999999999996e+01,-7.54065876513765609415189304842687e-04,-3.26328333473244263255815813493325e-02,-8.12042093010355112868762965240187e-02,-2.58448748372582370102264224995195e-02
2.89250000000000000000000000000000e+01,-1.56780900596559333175010897159126e-03,-3.24659210389756140207972136678975e-02,-8.18428610342866483089530601891938e-02,-2.52470842214774413452190982166159e-02
2.89499999999999999999999999999999e+01,-2.37732722742941300663273723131412e-03,-3.22948485377298653587195432826337e-02,-8.24665547269760342025144722927854e-02,-2.46482471667836833683329162633813e-02
2.89749999999999999999999999999999e+01,-3.18251712411236126533466274101560e-03,-3.21196629507868650121998306285476e-02,-8.30752653857131582649864905377926e-02,-2.40484570384511392579330934011338e-02
2.90000000000000000000000000000000e+01,-3.98327646174224209119164401604819e-03,-3.19404117709806781280142880088824e-02,-8.36689703481134692749035391715061e-02,-2.34478069494783388130074858828055e-02
2.90249999999999999999999999999998e+01,-4.77950419809055465548486887297078e-03,-3.17571428676312991336509222508684e-02,-8.42476492763262220440183038347043e-02,-2.28463897473718877885217157033684e-02
2.90500000000000000000000000000000e+01,-5.57110049228761752823608081274856e-03,-3.15699044789705793907232276357209e-02,-8.48112841502322929711840932356045e-02,-2.22442980009654359620122882561141e-02
2.90749999999999999999999999999998e+01,-6.35796671395988317712622064695708e-03,-3.13787452052588122461976772761568e-02,-8.53598592603133304968326354986774e-02,-2.16416239873182916832815865119557e-02
2.91000000000000000000000000000000e+01,-7.14000545218818244208133815222103e-03,-3.11837140011121163395237442768241e-02,-8.58933612001950871183646729397984e-02,-2.10384596787619300264298534172728e-02
2.91250000000000000000000000000000e+01,-7.91712052425127170503725649689985e-03,-3.09848601659365363086924220535226e-02,-8.64117788588693636129680317979811e-02,-2.04348967301452153712329812707109e-02
2.91499999999999999999999999999997e+01,-8.68921698410581201561540780019444e-03,-3.07822333325772807126211397337637e-02,-8.69151034125995871162533897435168e-02,-1.98310264662711859974395596955000e-02
2.91750000000000000000000000000000e+01,-9.45620113057363776299665059089880e-03,-3.05758834555537720409725349487286e-02,-8.74033283165140137023726168484208e-02,-1.92269398694545575509752610427836e-02
2.91999999999999999999999999999999e+01,-1.02179805152489029513093498093954e-02,-3.03658608006426068621151765218066e-02,-8.78764492958883746940089684552054e-02,-1.86227275671077990639100001755628e-02
2.92249999999999999999999999999999e+01,-1.09744639501733088070556783175674e-02,-3.01522159367271596618863433478532e-02,-8.83344643371179253533626432259160e-02,-1.80184798193086433493890850344227e-02
2.92500000000000000000000000000001e+01,-1.17255615153311973263757154226536e-02,-2.99349997292783797291976114968391e-02,-8.87773736783787534687914418334515e-02,-1.74142865063887900678705021061533e-02
2.92749999999999999999999999999996e+01,-1.24711845659835118108369447647476e-02,-2.97142633336542731598249558076445e-02,-8.92051797999801740632774184911241e-02,-1.68102371166517169013178955023396e-02
2.93000000000000000000000000000001e+01,-1.32112457398123079006409871498134e-02,-2.94900581864780156356519693091715e-02,-8.96178874144128585711530561996603e-02,-1.62064207343235286503638459904389e-02
2.93249999999999999999999999999999e+01,-1.39456589638189175800390079542703e-02,-2.92624359946707601053093567438033e-02,-9.00155034560990471979251080949237e-02,-1.56029260277611833816475803944405e-02
2.93499999999999999999999999999999e+01,-1.46743394609298269959095098919721e-02,-2.90314487233595268033169599948821e-02,-9.03980370708504744272352416129970e-02,-1.49998412378409951129404680019827e-02
2.93750000000000000000000000000000e+01,-1.53972037563076512912529979302440e-02,-2.87971485846775926157258873873898e-02,-9.07654996050369129573801220661540e-02,-1.43972541664009519820059971387921e-02
2.93999999999999999999999999999997e+01,-1.61141696834098405088608079152181e-02,-2.85595880288482731747747116960559e-02,-9.11179045944654278619018493126262e-02,-1.37952521646519833847019829877723e-02
2.94250000000000000000000000000000e+01,-1.68251563898530567965763724928888e-02,-2.83188197373427185168529973671174e-02,-9.14552677529695905709215994757653e-02,-1.31939221215784991934624626535157e-02
2.94500000000000000000000000000000e+01,-1.75300843431161608161332977266483e-02,-2.80748966164755414361651588741579e-02,-9.17776069607097081403811625726436e-02,-1.25933504524419033826480464811043e-02
2.94749999999999999999999999999999e+01,-1.82288753360677734347633806535030e-02,-2.78278717895543366086945928488640e-02,-9.20849422521883355897136007132649e-02,-1.19936230875141584473575818099470e-02
2.94999999999999999999999999999999e+01,-1.89214524922688167335563860367577e-02,-2.75777985867711812924520904580994e-02,-9.23772958039876835261376113955687e-02,-1.13948254610917713932456678449228e-02
2.95249999999999999999999999999996e+01,-1.96077402710005502116694583556379e-02,-2.73247305336153951169999298045818e-02,-9.26546919222353637198135397476790e-02,-1.07970425007295974447382746402237e-02
2.95500000000000000000000000000000e+01,-2.02876644720027281808463910681664e-02,-2.70687213395631730170292911170752e-02,-9.29171570298024108876710759424609e-02,-1.02003586165688603034745941285749e-02
2.95749999999999999999999999999999e+01,-2.09611522399493809977341862228037e-02,-2.68098248885169590820984390886472e-02,-9.31647196532345283431493828478417e-02,-9.60485769066021270954366285331343e-03
2.95999999999999999999999999999999e+01,-2.16281320687115626496542229176688e-02,-2.65480952312007043625998256407913e-02,-9.33974104094161721555176503758003e-02,-9.01062306627873631566247721479532e-03
2.96250000000000000000000000000000e+01,-2.22885338054439056606022601706522e-02,-2.62835865784073146170666086889497e-02,-9.36152619919683003571387368447248e-02,-8.41773753732248776875481811982590e-03
2.96499999999999999999999999999998e+01,-2.29422886544961788005182344319159e-02,-2.60163532935384101667947660127584e-02,-9.38183091573834175890531021739547e-02,-7.82628333791271863360508087240842e-03
2.96750000000000000000000000000000e+01,-2.35893291811181868674002985006329e-02,-2.57464498835043264944745206483734e-02,-9.40065887109039197064997829912126e-02,-7.23634213225759139543734592768264e-03
2.96999999999999999999999999999998e+01,-2.42295893149178176234176125475048e-02,-2.54739309882313272669643003250068e-02,-9.41801394921500947150415370160313e-02,-6.64799500474706393892006328987625e-03
2.97250000000000000000000000000000e+01,-2.48630043530507913341242444679539e-02,-2.51988513699058456415939424277416e-02,-9.43390023605023975843142730965048e-02,-6.06132245018298893387561742326995e-03
2.97500000000000000000000000000000e+01,-2.54895109631512648915068870353176e-02,-2.49212659031277850542573005435731e-02,-9.44832201802401711786436691956407e-02,-5.47640436405663401855515622251378e-03
2.97749999999999999999999999999997e+01,-2.61090471860337334492149676002220e-02,-2.46412295664353726345608398485799e-02,-9.46128378054375743567957116788287e-02,-4.89332003285308233192995296167045e-03
2.98000000000000000000000000000000e+01,-2.67215524381965820661009808046904e-02,-2.43587974347726680839641029713298e-02,-9.47279020646179533763380063883320e-02,-4.31214812443597476739379332699574e-03
2.98249999999999999999999999999999e+01,-2.73269675141396035912717990196114e-02,-2.40740246719902583928077048558598e-02,-9.48284617451697281327839248412393e-02,-3.73296667859593407556755585094962e-03
2.98499999999999999999999999999999e+01,-2.79252345884858272984942075451624e-02,-2.37869665226204339545976451702508e-02,-9.49145675775286876259427923312165e-02,-3.15585309781771239909002209038761e-03
2.98750000000000000000000000000001e+01,-2.85162972178857810449700178031327e-02,-2.34976783027305720799777731162526e-02,-9.49862722191322305344713529896475e-02,-2.58088413826211098500873928775157e-03
2.98999999999999999999999999999996e+01,-2.91001003426848499425379387879001e-02,-2.32062153902133816906256690702036e-02,-9.50436302381503396857686993155941e-02,-2.00813590091275383185832107531454e-03
2.99250000000000000000000000000001e+01,-2.96765902883471765056553643287815e-02,-2.29126332151149118827234404738943e-02,-9.50866980969966727848874537491799e-02,-1.43768382283205655152375871925610e-03
2.99499999999999999999999999999999e+01,-3.02457147666437389292490693350831e-02,-2.26169872504904976244761625386604e-02,-9.51155341356220919596688083537246e-02,-8.69602668500481467391205626261944e-04
2.99749999999999999999999999999999e+01,-3.08074228766207857539365437369158e-02,-2.23193330039706197338071831708837e-02,-9.51301985545928096997222572568459e-02,-3.03966521251732500735093413157522e-04
3.00000000000000000000000000000000e+01,-3.13616651053651941269538198674707e-02,-2.20197260098982473049012652275170e-02,-9.51307533979559710305030126998260e-02,2.59151225161496266094005329552975e-04
3.00249999999999999999999999999997e+01,-3.19083933285768069239654033241834e-02,-2.17182218216775054842265971935817e-02,-9.51172625358963702357023194270457e-02,8.19677874838798629022365016434452e-04
3.00500000000000000000000000000000e+01,-3.24475608109474925729441291575820e-02,-2.14148760038961770764249496268920e-02,-9.50897916471886116811270772837978e-02,1.37754143782468700434045035225922e-03
3.00750000000000000000000000000000e+01,-3.29791222063365509371816164770238e-02,-2.11097441238805715500105887099939e-02,-9.50484082014491875417967745624814e-02,1.93267063802428991915815034357657e-03
3.00999999999999999999999999999999e+01,-3.35030335577266956225477645770897e-02,-2.08028817426165677084222239157962e-02,-9.49931814411927502670096746781790e-02,2.48499492095491561095838418391979e-03
3.01249999999999999999999999999999e+01,-3.40192522969478946013549816947282e-02,-2.04943444053442473076260761535409e-02,-9.49241823636964599437536221107388e-02,3.03444446135181017477380598360845e-03
3.01499999999999999999999999999996e+01,-3.45277372441680152244538496982796e-02,-2.01841876324101965325102202055202e-02,-9.48414837026757998775403943484680e-02,3.58095017064785084000450660286170e-03
3.01750000000000000000000000000000e+01,-3.50284486071641639149542943893979e-02,-1.98724669109238967107976428733156e-02,-9.47451599097748077327829634271215e-02,4.12444370434154071079962636235083e-03
3.01999999999999999999999999999999e+01,-3.55213479803976770973151119140862e-02,-1.95592376873507609953685334328169e-02,-9.46352871358734845948361088736814e-02,4.66485746925225199909622913667596e-03
3.02250000000000000000000000000000e+01,-3.60063983439115823432599256758841e-02,-1.92445553605915138865785958175761e-02,-9.45119432122154428552490688870630e-02,5.20212463064019238667102982636734e-03
3.02500000000000000000000000000000e+01,-3.64835640620526138378961500118266e-02,-1.89284752747357821179977815540850e-02,-9.43752076313596296446833098412421e-02,5.73617911915451690446943786924770e-03
3.02749999999999999999999999999998e+01,-3.69528108820004450575870987113830e-02,-1.86110527108415880240320744869471e-02,-9.42251615279608342625514491580327e-02,6.26695563758062944064882464212972e-03
3.03000000000000000000000000000000e+01,-3.74141059320781805288486306347515e-02,-1.82923428777413962860821720394321e-02,-9.40618876593840584454873107131766e-02,6.79438966738828195943068830970962e-03
3.03249999999999999999999999999998e+01,-3.78674177198277662114151901474707e-02,-1.79724009025954788416237846802255e-02,-9.38854703861573141621795536311595e-02,7.31841747511791392868292510887458e-03
3.03500000000000000000000000000000e+01,-3.83127161298567823340071842998528e-02,-1.76512818221838243106942799384399e-02,-9.36959956522662247284124980980576e-02,7.83897611865713800580100269340863e-03
3.03750000000000000000000000000000e+01,-3.87499724214838561390127667278633e-02,-1.73290405755083306104874240163399e-02,-9.34935509652927138462177730999185e-02,8.35600345343722098047101536630009e-03
3.03999999999999999999999999999997e+01,-3.91791592262136473030238504412497e-02,-1.70057319974199871758084127200163e-02,-9.32782253763999026199465418321986e-02,8.86943813853196346694930397105692e-03
3.04250000000000000000000000000000e+01,-3.96002505450553565790943453381063e-02,-1.66814108122873745335231106297869e-02,-9.30501094601663391922453534752242e-02,9.37921964260125798674299450551312e-03
3.04499999999999999999999999999999e+01,-4.00132217456721726465283815159290e-02,-1.63561316266986944393710649123094e-02,-9.28092952942742465363936380880204e-02,9.88528824961996030567799978016055e-03
3.04749999999999999999999999999999e+01,-4.04180495593316046455861557172605e-02,-1.60299489208844853415960239050744e-02,-9.25558764390574969440719391287801e-02,1.03875850643744182795558557696312e-02
3.05000000000000000000000000000001e+01,-4.08147120776309449441290637077968e-02,-1.57029170394820349334306093227806e-02,-9.22899479169147212684694972219166e-02,1.08860520177663122397115883493006e-02
3.05249999999999999999999999999996e+01,-4.12031887489955086754846158613396e-02,-1.53750901827683853682840734928733e-02,-9.20116061915914805168597672614993e-02,1.13806318719947949027107801385039e-02
3.05500000000000000000000000000001e+01,-4.15834603749734059915391865994495e-02,-1.50465223992000826990546144970896e-02,-9.17209491473337916616903299625258e-02,1.18712682256688066046638265894413e-02
3.05749999999999999999999999999998e+01,-4.19555091063610100137760076486790e-02,-1.47172675792201956852640526298507e-02,-9.14180760679146925200157739160538e-02,1.23579055188440113687994819051678e-02
3.05999999999999999999999999999999e+01,-4.23193184391808356122758036162243e-02,-1.43873794494557017144835215483833e-02,-9.11030876155364199852054338721931e-02,1.28404890379240841928027184943203e-02
3.06250000000000000000000000000000e+01,-4.26748732105073872876168078926700e-02,-1.40569115662234591684553415080992e-02,-9.07760858096125466291961259607400e-02,1.33189649203540533897766394557756e-02
3.06499999999999999999999999999997e+01,-4.30221595941152926607436417454262e-02,-1.37259173078186372661318459723777e-02,-9.04371740054358090597920277122872e-02,1.37932801590731274996595183389713e-02
3.06750000000000000000000000000000e+01,-4.33611650959223096478631366642340e-02,-1.33944498659591367600609587286942e-02,-9.00864568727373773259530115196392e-02,1.42633826067570924392426462609282e-02
3.07000000000000000000000000000000e+01,-4.36918785492179495512195840781400e-02,-1.30625622373595789321488233392745e-02,-8.97240403741419639666385970114259e-02,1.47292209799205959877539235770780e-02
3.07249999999999999999999999999999e+01,-4.40142901096929983459237679771547e-02,-1.27303072163071802113576445570771e-02,-8.93500317435214401781326719890929e-02,1.51907448629390799845649172055975e-02
3.07499999999999999999999999999999e+01,-4.43283912502989861918027764382306e-02,-1.23977373884219723493799493331143e-02,-8.89645394642487478068984545449882e-02,1.56479047119978191411673801581224e-02
3.07749999999999999999999999999996e+01,-4.46341747559610389958918275178367e-02,-1.20649051250209487233303217450652e-02,-8.85676732473544534458392210072240e-02,1.61006518589202521068195493980738e-02
3.08000000000000000000000000000000e+01,-4.49316347181478534456717483209404e-02,-1.17318625771969590435448855304950e-02,-8.81595440095898261351597562138360e-02,1.65489385148087909077263579252602e-02
3.08249999999999999999999999999999e+01,-4.52207665292832058957692869998877e-02,-1.13986616690376252258470732114548e-02,-8.77402638514017086629466928931980e-02,1.69927177734599191154522962460522e-02
3.08500000000000000000000000000000e+01,-4.55015668769772684259798948566154e-02,-1.10653540900734903875969837209388e-02,-8.73099460348247408897526838842406e-02,1.74319436145684960971790360332021e-02
3.08750000000000000000000000000000e+01,-4.57740337380657119412885851484315e-02,-1.07319912875762038486214788779644e-02,-8.68687049612955626010680042487463e-02,1.78665709067749725826286067015267e-02
3.08999999999999999999999999999998e+01,-4.60381663724619547020210308343474e-02,-1.03986244593915167290975751478205e-02,-8.64166561493922087825295450732778e-02,1.82965554106080690238129039359370e-02
3.09250000000000000000000000000000e+01,-4.62939653168408040895546990066939e-02,-1.00653045476093553581807892534702e-02,-8.59539162125010142385523466125565e-02,1.87218537813389917029412051249233e-02
3.09499999999999999999999999999998e+01,-4.65414323781726059922325351610319e-02,-9.73208223285708694697217410492415e-03,-8.54806028364135126435046038469720e-02,1.91424235717201604686002586436403e-02
3.09750000000000000000000000000000e+01,-4.67805706271171750618422145555394e-02,-9.39900792870150375163969629810359e-03,-8.49968347568568078358719133724718e-02,1.95582232345617152552346754031694e-02
3.10000000000000000000000000000000e+01,-4.70113843912740336103201006938315e-02,-9.06613177570802907513957838276783e-03,-8.45027317369619466362251653460558e-02,1.99692121251129373766412724303195e-02
3.10249999999999999999999999999997e+01,-4.72338792482779473030386037212447e-02,-8.73350363502167829786384125078230e-03,-8.39984145446752334655985499202183e-02,2.03753505032490578272047439120740e-02
3.10500000000000000000000000000000e+01,-4.74480620187297333041392223075373e-02,-8.40117308166230628970472898039949e-03,-8.34840049301170283436762113349587e-02,2.07765995354916770828131080542236e-02
3.10749999999999999999999999999999e+01,-4.76539407589594991939298763283860e-02,-8.06918939787934853998234122015923e-03,-8.29596256028917483233147539095481e-02,2.11729212968962228734716911999744e-02
3.10999999999999999999999999999999e+01,-4.78515247536277279129603270489810e-02,-7.73760156685445560547474842615826e-03,-8.24254002093521320982070259425998e-02,2.15642787728237582276407071849595e-02
3.11250000000000000000000000000001e+01,-4.80408245081746955627987280407184e-02,-7.40645826686224122418517930215590e-03,-8.18814533098206865543334827369703e-02,2.19506358605918819413751309426111e-02
3.11499999999999999999999999999996e+01,-4.82218517411290368304598222844021e-02,-7.07580786581280160175957200644983e-03,-8.13279103557715665487989546112877e-02,2.23319573709857514974229592289122e-02
3.11750000000000000000000000000001e+01,-4.83946193762826215611260404915782e-02,-6.74569841597369039777170618066582e-03,-8.07648976669766315836153802125311e-02,2.27082090296108078566594918038625e-02
3.11999999999999999999999999999998e+01,-4.85591415347331406131711330630777e-02,-6.41617764862760148811105426756119e-03,-8.01925424086197689515576618186069e-02,2.30793574780785201647305902565071e-02
3.12249999999999999999999999999999e+01,-4.87154335267901621142164260157167e-02,-6.08729296847474081652178400953596e-03,-7.96109725683836520048956477627284e-02,2.34453702750269711380247155567421e-02
3.12500000000000000000000000000000e+01,-4.88635118437373263148158993549139e-02,-5.75909144773625925003061728110999e-03,-7.90203169335129657576464820445226e-02,2.38062158969846562345130277820678e-02
3.12749999999999999999999999999997e+01,-4.90033941494447928303598957449128e-02,-5.43161982011740928971699516278398e-03,-7.84207050678578820377159577395933e-02,2.41618637390886782541103915127467e-02
3.13000000000000000000000000000000e+01,-4.91350992718322481384052309106522e-02,-5.10492447494603525160298578545760e-03,-7.78122672889012765672481642312930e-02,2.45122841156689099077289885095372e-02
3.13250000000000000000000000000000e+01,-4.92586471941910196479916467802205e-02,-4.77905145179470965547773965831605e-03,-7.71951346447729175238922975558809e-02,2.48574482607068082864176636485569e-02
3.13499999999999999999999999999999e+01,-4.93740590463792026077714652530076e-02,-4.45404643567996763943820393685157e-03,-7.65694388912537275321002303835850e-02,2.51973283281696044674905027181485e-02
3.13749999999999999999999999999999e+01,-4.94813570959019764035379582339456e-02,-4.12995475261114439923552002534535e-03,-7.59353124687733470118637347964874e-02,2.55318973922091291156916933831060e-02
3.13999999999999999999999999999996e+01,-4.95805647388803937344617118980453e-02,-3.80682136504484993246081171505852e-03,-7.52928884794046157912209275570268e-02,2.58611294472063896061069933909024e-02
3.14250000000000000000000000000000e+01,-4.96717064909010007431016043552010e-02,-3.48469086686726002385656451560694e-03,-7.46423006638590513638826042002696e-02,2.61849994076461572588315729702909e-02
3.14499999999999999999999999999999e+01,-4.97548079777331801397199793578386e-02,-3.16360747787156769803659994889583e-03,-7.39836833784876132271345902955104e-02,2.65034831078218273317400712992930e-02
3.14750000000000000000000000000000e+01,-4.98298959259056796078416490444510e-02,-2.84361503810626376617523871235283e-03,-7.33171715722907742692858111169371e-02,2.68165573013908374411520852710375e-02
3.15000000000000000000000000000000e+01,-4.98969981531461767062984860057960e-02,-2.52475700264868685672348477573639e-03,-7.26429007639412570658775855326664e-02,2.71241996608103328594529147578204e-02
3.15249999999999999999999999999998e+01,-4.99561435586997560292209954344320e-02,-2.20707643715374437236278096292265e-03,-7.19610070188221431952527709080281e-02,2.74263887766721879550399963151989e-02
3.15500000000000000000000000000000e+01,-5.00073621135451845227310363881012e-02,-1.89061601405772951697996982720426e-03,-7.12716269260828979993813060534178e-02,2.77231041569307424795021064038531e-02
3.15749999999999999999999999999998e+01,-5.00506848505191455236827497269900e-02,-1.57541800890638028104144935142935e-03,-7.05748975757163438914105400730313e-02,2.80143262259932033844167781871545e-02
3.16000000000000000000000000000000e+01,-5.00861438543437803825846916340423e-02,-1.26152429622680997192665913866023e-03,-6.98709565356604587385250328566622e-02,2.83000363236396138420311450494723e-02
3.16250000000000000000000000000000e+01,-5.01137722515423294517361831548780e-02,-9.48976344726434793149258831176965e-04,-6.91599418289294696203258383934325e-02,2.85802167037609299774952022584938e-02
3.16499999999999999999999999999997e+01,-5.01336042002290175084486967564980e-02,-6.37815212129450698855050396923591e-04,-6.84419919107785865084260960338219e-02,2.88548505329359302630382219607004e-02
3.16750000000000000000000000000000e+01,-5.01456748797718741816809931938572e-02,-3.28081540276689035152927792820656e-04,-6.77172456459059062479830333112538e-02,2.91239218888871806774554782840069e-02
3.16999999999999999999999999999999e+01,-5.01500204803421511272272617629877e-02,-1.98155509889427049762294190505833e-05,-6.69858422856940578319847468469077e-02,2.93874157588479699578024895320269e-02
3.17249999999999999999999999999999e+01,-5.01466781923708268315564993029557e-02,2.86942957284428778935971179198768e-04,-6.62479214454937313243040872714778e-02,2.96453180378409776610168234446322e-02
3.17500000000000000000000000000001e+01,-5.01356861959266303945527711937113e-02,5.92154612498004918601025683174774e-04,-6.55036230819516450261748045094243e-02,2.98976155268376090376015331088758e-02
3.17749999999999999999999999999996e+01,-5.01170836500155215729690113781509e-02,8.95780472342068292901751200023035e-04,-6.47530874703864612308639173019250e-02,3.01442959307576740202265829557842e-02
3.18000000000000000000000000000001e+01,-5.00909106817889668010219191215196e-02,1.19778202820784749508821396683960e-03,-6.39964551822169623543222956646386e-02,3.03853478562893769390938678000281e-02
3.18249999999999999999999999999998e+01,-5.00572083756463550977380935821733e-02,1.49812120961452161310204586747898e-03,-6.32338670624468566256521820880763e-02,3.06207608095447545552080368257485e-02
3.18499999999999999999999999999999e+01,-5.00160187622264581850699807859804e-02,1.79676038856151488088045417633436e-03,-6.24654642072098455615384512495573e-02,3.08505251935902750513071784237587e-02
3.18750000000000000000000000000000e+01,-4.99673848072968048431479874223963e-02,2.09366238329313334842479962439914e-03,-6.16913879413775751871432770221229e-02,3.10746323058888478735908404067406e-02
3.18999999999999999999999999999997e+01,-4.99113504005583878618175093183152e-02,2.38879046133548305459942421601121e-03,-6.09117797962325140035781212663463e-02,3.12930743356612308201744770200718e-02
3.19250000000000000000000000000000e+01,-4.98479603443807876725341288657485e-02,2.68210834210743311495210967133132e-03,-6.01267814872080278958705038632424e-02,3.15058443611427630894932896755689e-02
3.19500000000000000000000000000000e+01,-4.97772603424719766641578163354590e-02,2.97358019961029650657867069152819e-03,-5.93365348916987432080087843760579e-02,3.17129363466983873328523443449884e-02
3.19749999999999999999999999999999e+01,-4.96992969884757500567553783788441e-02,3.26317066554747155425987794605339e-03,-5.85411820269450827324624032312403e-02,3.19143451397731784328138186320845e-02
3.19999999999999999999999999999999e+01,-4.96141177544855083717986140536368e-02,3.55084483285346172719041942425034e-03,-5.77408650279960593077073750141018e-02,3.21100664676853773751946986987031e-02
3.20250000000000000000000000000001e+01,-4.95217709794680485098948596467959e-02,3.83656825929383644518292437918086e-03,-5.69357261257539048427728694713953e-02,3.23000969342923482876484984383314e-02
3.20499999999999999999999999999994e+01,-4.94223058576008361573405949603686e-02,4.12030697073823341663304825135384e-03,-5.61259076251032853640165021269473e-02,3.24844340165612203586353118546458e-02
3.20749999999999999999999999999999e+01,-4.93157724265339768496246064218222e-02,4.40202746391261999242378412910057e-03,-5.53115518831272789268277850516168e-02,3.26630760610563641413099773108451e-02
3.21000000000000000000000000000000e+01,-4.92022215555891252452962577872140e-02,4.68169670873450484882438105747851e-03,-5.44928012874123164264364939957523e-02,3.28360222803308863034309164581408e-02
3.21250000000000000000000000000000e+01,-4.90817049339022386009483944273708e-02,4.95928215052108293745115792912339e-03,-5.36697982344448044600809108086875e-02,3.30032727491966015185409677239609e-02
3.21500000000000000000000000000000e+01,-4.89542750585097056617383724161658e-02,5.23475171233832713670345307805956e-03,-5.28426851081027402203381896996744e-02,3.31648284008534785718088933037967e-02
3.21749999999999999999999999999993e+01,-4.88199852223727484971809359651228e-02,5.50807379758255314229982060810378e-03,-5.20116042582458755584589125080157e-02,3.33206910228782770743077690599155e-02
3.21999999999999999999999999999998e+01,-4.86788895023352671233690832687375e-02,5.77921729269272840257016838415374e-03,-5.11766979794077650077288217681338e-02,3.34708632530887308999086492680016e-02
3.22250000000000000000000000000000e+01,-4.85310427470143064265293561295735e-02,6.04815156979595860978413783939257e-03,-5.03381084895925427918468166882717e-02,3.36153485753037289923359548254290e-02
3.22500000000000000000000000000000e+01,-4.83765005646271184431230495848046e-02,6.31484648911662321311116189334049e-03,-4.94959779091788537002656816307332e-02,3.37541513150113204915976787024739e-02
3.22750000000000000000000000000001e+01,-4.82153193107618044025412845878627e-02,6.57927240108237250633871333518744e-03,-4.86504482399332355795186625440938e-02,3.38872766349432245272864164316041e-02
3.22999999999999999999999999999994e+01,-4.80475560760987703630280154038377e-02,6.84140014816921653019349418565964e-03,-4.78016613441354075821298843759566e-02,3.40147305305460107343017048975600e-02
3.23249999999999999999999999999999e+01,-4.78732686740881708332752927601779e-02,7.10120106660012365082082015044177e-03,-4.69497589238181813928690636066847e-02,3.41365198253389627435171654187645e-02
3.23499999999999999999999999999999e+01,-4.76925156285852696295643736472605e-02,7.35864698803376749785060575858672e-03,-4.60948825001248972100904422682598e-02,3.42526521661542444479307953931236e-02
3.23750000000000000000000000000001e+01,-4.75053561614424927412884584336557e-02,7.61371024135057747145558841678767e-03,-4.52371733927873128108067570631485e-02,3.43631360182613170876856862787076e-02
3.24000000000000000000000000000001e+01,-4.73118501800551757541308413459814e-02,7.86636365456392330807860439504183e-03,-4.43767726997267705014478860431693e-02,3.44679806603814728903818815916170e-02
3.24249999999999999999999999999993e+01,-4.71120582648586785951509383066794e-02,8.11658055677488830189294422945491e-03,-4.35138212767812984117576303043282e-02,3.45671961795997952052605255909174e-02
3.24499999999999999999999999999998e+01,-4.69060416567778181892428458454693e-02,8.36433478000075146133735860729708e-03,-4.26484597175611174932828883125750e-02,3.46607934661818249296548494602359e-02
3.24749999999999999999999999999999e+01,-4.66938622446340890141783202257020e-02,8.60960066070440372671649002291343e-03,-4.17808283334348591114622482411514e-02,3.47487842083006020541711734174629e-02
3.25000000000000000000000000000000e+01,-4.64755825525192694098013491805763e-02,8.85235304096283932581917206204576e-03,-4.09110671336487026278678715782831e-02,3.48311808866756300513098441052027e-02
3.25250000000000000000000000000001e+01,-4.62512657271433496453523149285470e-02,9.09256726938874151632706520796110e-03,-4.00393158055806795497947145338612e-02,3.49079967691192244333262756056673e-02
3.25499999999999999999999999999994e+01,-4.60209755251600084360122137695274e-02,9.33021920204711314002869288610014e-03,-3.91657136951325718271418805006889e-02,3.49792459049810496944696975864223e-02
3.25750000000000000000000000000000e+01,-4.57847763004667408139901566549713e-02,9.56528520358581147003182064711198e-03,-3.82903997872620626194688896629902e-02,3.50449431194828205812564620814763e-02
3.25999999999999999999999999999999e+01,-4.55427329914733396802024360171817e-02,9.79774214861647964943313342721111e-03,-3.74135126866579050781032602602048e-02,3.51051040079434607115180578663320e-02
3.26249999999999999999999999999999e+01,-4.52949111083345265895982589438548e-02,1.00275674231521809196449710846452e-02,-3.65351905985607236017795086900491e-02,3.51597449299061215061498382817079e-02
3.26500000000000000000000000000001e+01,-4.50413767201492128826861073211904e-02,1.02547389257935014615079227172075e-02,-3.56555713097316825732423931329542e-02,3.52088830031843865754730043746089e-02
3.26749999999999999999999999999994e+01,-4.47821964421357795217377200642310e-02,1.04792350684520840007679448395448e-02,-3.47747921695708635205972922303520e-02,3.52525360978400485703085775486852e-02
3.26999999999999999999999999999999e+01,-4.45174374227949474267350565135916e-02,1.07010347766568089290339023608309e-02,-3.38929900713870482935094221211685e-02,3.52907228300909518686277934067078e-02
3.27250000000000000000000000000000e+01,-4.42471673310673829882777763494020e-02,1.09201174897275629519454364838583e-02,-3.30103014338208288767400248112054e-02,3.53234625561338466700249028243774e-02
3.27500000000000000000000000000000e+01,-4.39714543434849503549178094100592e-02,1.11364631611491825046546535560389e-02,-3.21268621824234065709724732944342e-02,3.53507753658643294471571965371844e-02
3.27750000000000000000000000000000e+01,-4.36903671313081989976980901517655e-02,1.13500522592900601031637817074646e-02,-3.12428077313937748959380134536783e-02,3.53726820764870384984358535817930e-02
3.27999999999999999999999999999993e+01,-4.34039748476428300672917563719751e-02,1.15608657683136435087080740892382e-02,-3.03582729654769236857170033061367e-02,3.53892042260272369509876480636684e-02
3.28249999999999999999999999999998e+01,-4.31123471145345509266376664752995e-02,1.17688851889374711259459625790126e-02,-2.94733922220252464801703588974004e-02,3.54003640667668510143214938933373e-02
3.28500000000000000000000000000000e+01,-4.28155540100502565943295584300054e-02,1.19740925387441258956763105724576e-02,-2.85882992732247647556128654892685e-02,3.54061845586247359586058318341410e-02
3.28750000000000000000000000000000e+01,-4.25136660553578395523456846135161e-02,1.21764703520073985802697929267870e-02,-2.77031273084874842887888519942729e-02,3.54066893624841577352169148385513e-02
3.29000000000000000000000000000001e+01,-4.22067542018140629964833027086088e-02,1.23760016792797541454098062626757e-02,-2.68180089170113706229788442082936e-02,3.54019028334520839233928953807550e-02
3.29249999999999999999999999999994e+01,-4.18948898180619384447545225318305e-02,1.25726700870927747628087908571547e-02,-2.59330760705099331526378445816352e-02,3.53918500140282977121431631909105e-02
3.29499999999999999999999999999999e+01,-4.15781446771316230286030680458367e-02,1.27664596579796698146597545982355e-02,-2.50484601061138578600061833022411e-02,3.53765566271725340533907876000126e-02
3.29749999999999999999999999999999e+01,-4.12565909435371443549330299988330e-02,1.29573549907459722220418339894202e-02,-2.41642917094471789984176707994426e-02,3.53560490692774610502064739898904e-02
3.30000000000000000000000000000001e+01,-4.09303011603662307785518686961016e-02,1.31453412006949338793338646652963e-02,-2.32807008978800716538617753243015e-02,3.53303544030701685500950161457733e-02
3.30250000000000000000000000000001e+01,-4.05993482363684245119340314416176e-02,1.33304039195081412211592704413187e-02,-2.23978170039597524421791619391048e-02,3.52995003504642874906593497162964e-02
3.30499999999999999999999999999993e+01,-4.02638054330518922499317510618598e-02,1.35125292946817648411650304119201e-02,-2.15157686590205949426960753220499e-02,3.52635152853697081271267627232069e-02
3.30749999999999999999999999999998e+01,-3.99237463517985092258952596457559e-02,1.36917039886733401601143363080959e-02,-2.06346837769746358096462131976055e-02,3.52224282264483794854269150143588e-02
3.30999999999999999999999999999999e+01,-3.95792449210008788814763290179288e-02,1.38679151780443867948461091958574e-02,-1.97546895382840741821940516586841e-02,3.51762688297961125193651631663207e-02
3.31250000000000000000000000000000e+01,-3.92303753832183517674064850597958e-02,1.40411505528119516697397304496628e-02,-1.88759123741178099626728566073129e-02,3.51250673815372166982343537399401e-02
3.31500000000000000000000000000001e+01,-3.88772122823462904669861590024304e-02,1.42113983160151206345237401518995e-02,-1.79984779506941921467579574744768e-02,3.50688547903353955683983242141680e-02
3.31749999999999999999999999999994e+01,-3.85198304507952711514700737856335e-02,1.43786471833137222158521595980948e-02,-1.71225111538118667981091349253820e-02,3.50076625798383422832290944292122e-02
3.32000000000000000000000000000000e+01,-3.81583049966824213691755463083726e-02,1.45428863823893823800264991631363e-02,-1.62481360735701257516412980081720e-02,3.49415228810753759223214145834532e-02
3.32249999999999999999999999999999e+01,-3.77927112910417118266790166580484e-02,1.47041056520267294441750430012036e-02,-1.53754759892797882994967435482954e-02,3.48704684248170138524435751601123e-02
3.32499999999999999999999999999999e+01,-3.74231249550609019892238894455110e-02,1.48622952409231722308894077624985e-02,-1.45046533545656122636173468132098e-02,3.47945325338909896390046994578503e-02
3.32750000000000000000000000000001e+01,-3.70496218473499679094669816699767e-02,1.50174459063901766634940557518104e-02,-1.36357897826614912333685652977644e-02,3.47137491154411434558195554675103e-02
3.32999999999999999999999999999994e+01,-3.66722780512415823638233949684757e-02,1.51695489131048195966036732033623e-02,-1.27690060319000180973089911751466e-02,3.46281526531185165557778961328870e-02
3.33249999999999999999999999999999e+01,-3.62911698621213780619433352641301e-02,1.53185960319725007233032558223518e-02,-1.19044219913981361988852463385847e-02,3.45377781992044195007557075098540e-02
3.33500000000000000000000000000000e+01,-3.59063737747856960381684654134223e-02,1.54645795390482127129854519436048e-02,-1.10421566669404700044599037940135e-02,3.44426613666751520296604411667943e-02
3.33750000000000000000000000000000e+01,-3.55179664708267405543798159286865e-02,1.56074922144038778337206617685134e-02,-1.01823281670616306900593393613063e-02,3.43428383212210386961982511237344e-02
3.34000000000000000000000000000000e+01,-3.51260248060478351049571647795239e-02,1.57473273408423276610738272093911e-02,-9.32505368932852184601504767156657e-03,3.42383457732278909271421506294225e-02
3.34249999999999999999999999999993e+01,-3.47306257979132591333623468504937e-02,1.58840787024175422986882514683409e-02,-8.47044950682356458613075252551937e-03,3.41292209697213833031336878480766e-02
3.34499999999999999999999999999998e+01,-3.43318466130373223033875038270450e-02,1.60177405827846366695147700885316e-02,-7.61863095482982453156158293825271e-03,3.40155016862695717454231938058890e-02
3.34750000000000000000000000000000e+01,-3.39297645547161632840851978544223e-02,1.61483077634448020259376979798373e-02,-6.76971241771915668139057526773595e-03,3.38972262188383871105150971838865e-02
3.35000000000000000000000000000000e+01,-3.35244570505039188914637064184372e-02,1.62757755219623925530729396202593e-02,-5.92380731604457683674972173637160e-03,3.37744333755981295856795510433500e-02
3.35250000000000000000000000000001e+01,-3.31160016398331323364412333958697e-02,1.64001396302145869736788485824273e-02,-5.08102809383806800317749297844735e-03,3.36471624686827863285554268329805e-02
3.35499999999999999999999999999994e+01,-3.27044759616782510738555790936467e-02,1.65213963526910913747963121288931e-02,-4.24148620611495140387865462498546e-03,3.35154533059063553825483604926985e-02
3.35749999999999999999999999999999e+01,-3.22899577422613639550406437566841e-02,1.66395424448022484915490788689628e-02,-3.40529210658583532212970467926041e-03,3.33793461824411138563695581515186e-02
3.35999999999999999999999999999999e+01,-3.18725247828010537472044514323143e-02,1.67545751511045492757757026432679e-02,-2.57255523557703224893213877085952e-03,3.32388818724625982540268160111284e-02
3.36250000000000000000000000000001e+01,-3.14522549473077062974449225919710e-02,1.68664922033474388739997625789894e-02,-1.74338400816022514645186484622625e-03,3.30941016207651295501070264093176e-02
3.36500000000000000000000000000001e+01,-3.10292261504304200170963132063187e-02,1.69752918183022394184299488863417e-02,-9.17885802492091950957529475092386e-04,3.29450471343495675186100908890371e-02
3.36749999999999999999999999999993e+01,-3.06035163453604448899483941664442e-02,1.70809726954299438078059133831188e-02,-9.61669483645951606517397322540174e-05,3.27917605739817594673846215316785e-02
3.36999999999999999999999999999998e+01,-3.01752035117935924839631385310331e-02,1.71835340145194399099876562942793e-02,7.21667284033280764580521974973421e-04,3.26342845457175153360232019123451e-02
3.37249999999999999999999999999999e+01,-2.97443656439506355270400512874857e-02,1.72829754334223350988608764545440e-02,1.53551269514145331749166654583711e-03,3.24726620923902903898699822184612e-02
3.37500000000000000000000000000000e+01,-2.93110807386526297474435004381079e-02,1.73792970859148774183266678826024e-02,2.34526616684138812297576112719845e-03,3.23069366850620413800619127934307e-02
3.37750000000000000000000000000001e+01,-2.88754267834489962873405103305832e-02,1.74724995795884308104029034712474e-02,3.15082567305461833393760137306821e-03,3.21371522144438412780773783259864e-02
3.37999999999999999999999999999994e+01,-2.84374817447997832576084690227843e-02,1.75625839935982701949303724104510e-02,3.95209029012650898730754532118162e-03,3.19633529822964758662639510582940e-02
3.38250000000000000000000000000000e+01,-2.79973235563174623670611734234260e-02,1.76495518761450576849153000505916e-02,4.74896020699487865262405175189554e-03,3.17855836928190210601219355266365e-02
3.38499999999999999999999999999999e+01,-2.75550301070751016338687980199629e-02,1.77334052417022558111728227676923e-02,5.54133673514320259100433867682718e-03,3.16038894440259459516989929290389e-02
3.38749999999999999999999999999999e+01,-2.71106792299855369488244924822252e-02,1.78141465681416214963223408384133e-02,6.32912231833803007073366140655941e-03,3.14183157191054998275592416028580e-02
3.39000000000000000000000000000001e+01,-2.66643486902516062914483501202954e-02,1.78917787939465481627030728116836e-02,7.11222054215002303604381344149721e-03,3.12289083777498998727057469524314e-02
3.39249999999999999999999999999994e+01,-2.62161161738837517063776683661064e-02,1.79663053156068937573817849819832e-02,7.89053614325784311920526785140498e-03,3.10357136474534424129199768741812e-02
3.39499999999999999999999999999999e+01,-2.57660592762810363045338936534312e-02,1.80377299851234252836654947353713e-02,8.66397501853414196731921602079218e-03,3.08387781147846225899355979874604e-02
3.39750000000000000000000000000000e+01,-2.53142554908751285574581553392461e-02,1.81060571074326175588354008727170e-02,9.43244423391316673672578819673026e-03,3.06381487166455510926265132116645e-02
3.40000000000000000000000000000000e+01,-2.48607821978416334631210727783776e-02,1.81712914375785870575821696702694e-02,1.01958520330398300998745014428604e-02,3.04338727315308727197617864945375e-02
3.40250000000000000000000000000000e+01,-2.44057166528858788037816514062427e-02,1.82334381775980842899224168873972e-02,1.09541078457002959788086015443504e-02,3.02259977707894099055903608803347e-02
3.40499999999999999999999999999993e+01,-2.39491359761089608056873114597487e-02,1.82925029732473009668422709703594e-02,1.17071222960340728379066752876690e-02,3.00145717698811871658023918631974e-02
3.40749999999999999999999999999998e+01,-2.34911171409554642287900473441177e-02,1.83484919107697529291738750566320e-02,1.24548072105273477192899407428541e-02,2.97996429796180371915938664105956e-02
3.41000000000000000000000000000000e+01,-2.30317369632399184115746880258009e-02,1.84014115138344498574930066659380e-02,1.31970756257870449977754022366890e-02,2.95812599573809902533471775657402e-02
3.41250000000000000000000000000000e+01,-2.25710720902477569324877494507060e-02,1.84512687406161771684279322923040e-02,1.39338417960950580557341776502887e-02,2.93594715583185279962379330776593e-02
3.41500000000000000000000000000001e+01,-2.21091989899090912524658060797832e-02,1.84980709808586220483409340968075e-02,1.46650212007423293198098551920857e-02,2.91343269265386498698772683435595e-02
3.41749999999999999999999999999994e+01,-2.16461939400480485414322002460746e-02,1.85418260527467200775333318108938e-02,1.53905305511428038374766442378470e-02,2.89058754863081921816224498446849e-02
3.41999999999999999999999999999999e+01,-2.11821330177135950028853391648740e-02,1.85825421995207640811624201423364e-02,1.61102877977275276892309876624598e-02,2.86741669332647800165622141379806e-02
3.42249999999999999999999999999999e+01,-2.07170920885975642056221943191835e-02,1.86202280859106062379776796117456e-02,1.68242121366191588023318830162535e-02,2.84392512256361896312890499369555e-02
3.42500000000000000000000000000001e+01,-2.02511467965423951366899930468427e-02,1.86548927945506349374137260685717e-02,1.75322240160869407082464845510623e-02,2.82011785754563821592451324830032e-02
3.42750000000000000000000000000001e+01,-1.97843725531372526968651012872120e-02,1.86865458225039659497464986026883e-02,1.82342451427819453530390270534390e-02,2.79599994397706899498971668764221e-02
3.42999999999999999999999999999993e+01,-1.93168445273993647332171643231963e-02,1.87151970779096971000022505099396e-02,1.89301984877523144665897891182460e-02,2.77157645118318227013772008644669e-02
3.43249999999999999999999999999998e+01,-1.88486376355385793440730003049180e-02,1.87408568766555920383984038253215e-02,1.96200082922383855175225351181305e-02,2.74685247122966782020920948833015e-02
3.43499999999999999999999999999999e+01,-1.83798265308062167763515000450753e-02,1.87635359389442366569167438315085e-02,2.03036000732478758117028345607195e-02,2.72183311804356613116875574321337e-02
3.43750000000000000000000000000000e+01,-1.79104855934320239319837054097808e-02,1.87832453856766818330393929468189e-02,2.09809006289115320356607111074115e-02,2.69652352653607088706759445719368e-02
3.44000000000000000000000000000001e+01,-1.74406889206537102899915374486265e-02,1.87999967346749711207972780342795e-02,2.16518380436197015881774207769197e-02,2.67092885172699691982253690784154e-02
3.44249999999999999999999999999994e+01,-1.69705103168420092662075773010399e-02,1.88138018968347956022974594927402e-02,2.23163416929401552261810145245894e-02,2.64505426787020188472073915175098e-02
3.44500000000000000000000000000000e+01,-1.65000232837217552884192032994419e-02,1.88246731723021505962485177742316e-02,2.29743422483173150931875396219989e-02,2.61890496757936624501308922385965e-02
3.44749999999999999999999999999999e+01,-1.60293010106877322382248065414626e-02,1.88326232467139662609721765766994e-02,2.36257716815529618409394171286553e-02,2.59248616095411365605782549057161e-02
3.44999999999999999999999999999999e+01,-1.55584163652139172529119842329550e-02,1.88376651874762866206296637548914e-02,2.42705632690685692263717074838369e-02,2.56580307470703974252408400977361e-02
3.45250000000000000000000000000001e+01,-1.50874418833559598442726720700842e-02,1.88398124400163179984288522525691e-02,2.49086515959495924029219978608033e-02,2.53886095129242465333016776398959e-02
3.45499999999999999999999999999994e+01,-1.46164497603483343468881089514115e-02,1.88390788239502006755701558120496e-02,2.55399725597722069388378069040640e-02,2.51166504803716798414969076569489e-02
3.45749999999999999999999999999999e+01,-1.41455118412986595509118522934794e-02,1.88354785291421420627934359072463e-02,2.61644633742130748475689057574444e-02,2.48422063627404455523208420636165e-02
3.45999999999999999999999999999999e+01,-1.36746996119818002221751900133011e-02,1.88290261116680334390441219529864e-02,2.67820625724426926937329068187325e-02,2.45653300047705607329888332123998e-02
3.46250000000000000000000000000000e+01,-1.32040841897356963785252232639190e-02,1.88197364897209818788440591748367e-02,2.73927100103028096851292992586499e-02,2.42860743739861138154523047984135e-02
3.46500000000000000000000000000000e+01,-1.27337363144598134036350731544159e-02,1.88076249395027159677263776327272e-02,2.79963468692683569642425672836499e-02,2.40044925520844727192326180871738e-02
3.46749999999999999999999999999993e+01,-1.22637263397160975071067165933735e-02,1.87927070911351614791586624465419e-02,2.85929156591943367762960120942591e-02,2.37206377263442838550652565326066e-02
3.46999999999999999999999999999998e+01,-1.17941242239317336041093301545776e-02,1.87749989246030380301096710500691e-02,2.91823602208481750032302161785763e-02,2.34345631810550756490529322560609e-02
3.47250000000000000000000000000000e+01,-1.13249995217031283275013081762352e-02,1.87545167657063839502565685256048e-02,2.97646257282281175039220643555966e-02,2.31463222889716829362252363111796e-02
3.47500000000000000000000000000000e+01,-1.08564213752014455169888893729397e-02,1.87312772819744957918238147332076e-02,3.03396586906683295267727639973020e-02,2.28559685027965201184685312370539e-02
3.47750000000000000000000000000001e+01,-1.03884585056813586402406666140294e-02,1.87052974784882034726612570625273e-02,3.09074069547314270856239041166552e-02,2.25635553466921667247778785693913e-02
3.47999999999999999999999999999994e+01,-9.92117920509571140687332327134648e-03,1.86765946935864543819283903191965e-02,3.14678197058892179809407421036966e-02,2.22691364078255959279140819235489e-02
3.48249999999999999999999999999999e+01,-9.45465132781873591938108723735593e-03,1.86451865944852668380947200094972e-02,3.20208474699924425204433367630490e-02,2.19727653279436770615528196643124e-02
3.48499999999999999999999999999999e+01,-8.98894228247916626284689015280091e-03,1.86110911728804430481504014859523e-02,3.25664421145302740892979619864367e-02,2.16744957949781076587981770624603e-02
3.48750000000000000000000000000001e+01,-8.52411902390267709750781829072705e-03,1.85743267406064561082782957957130e-02,3.31045568496802896354124357027146e-02,2.13743815346779664608296140358423e-02
3.49000000000000000000000000000001e+01,-8.06024804516181236500757969851110e-03,1.85349119253741134541924935685606e-02,3.36351462291495985804033947664744e-02,2.10724763022702635806460046974006e-02
3.49249999999999999999999999999993e+01,-7.59739536973192502181008598051278e-03,1.84928656665376523593300959632098e-02,3.41581661508078704492881064607901e-02,2.07688338741522081715933527919260e-02
3.49499999999999999999999999999998e+01,-7.13562654375355042712918371331915e-03,1.84482072107978662986328653688478e-02,3.46735738571131274510992053351119e-02,2.04635080396211032417536327184677e-02
3.49749999999999999999999999999999e+01,-6.67500662840386432940301514449750e-03,1.84009561077672960283243565527215e-02,3.51813279353313112584305532184935e-02,2.01565525926468240775830185150957e-02
3.50000000000000000000000000000000e+01,-6.21560019238084517422534962724084e-03,1.83511322053983340448502808564953e-02,3.56813883175507107865959648183845e-02,1.98480213236878595688563204086003e-02
3.50250000000000000000000000000001e+01,-5.75747130450266586070563103066305e-03,1.82987556453550159668985438301133e-02,3.61737162804923028844592323575619e-02,1.95379680115474476536696794786432e-02
3.50499999999999999999999999999994e+01,-5.30068352642232558076482829855220e-03,1.82438468584363087181425419740614e-02,3.66582744451169421996311023161855e-02,1.92264464152647363938755590562384e-02
3.50750000000000000000000000000000e+01,-4.84529990545531363703238767962055e-03,1.81864265601102997790293668699281e-02,3.71350267760302367710706664410665e-02,1.89135102660386847012040665965292e-02
3.50999999999999999999999999999999e+01,-4.39138296751775738357819071239332e-03,1.81265157461267319762641484105911e-02,3.76039385806859568046556078443762e-02,1.85992132591879041326805487283416e-02
3.51249999999999999999999999999999e+01,-3.93899471017432798833022470975677e-03,1.80641356881048981230800591272150e-02,3.80649765083889654952350385560408e-02,1.82836090461539374921532739488765e-02
3.51500000000000000000000000000001e+01,-3.48819659579789260635342675010473e-03,1.79993079289961890582621819479173e-02,3.85181085490988565030701354811686e-02,1.79667512265552859246061323848196e-02
3.51749999999999999999999999999994e+01,-3.03904954484458005519631467798876e-03,1.79320542783947757056456953796484e-02,3.89633040320356115971631529086864e-02,1.76486933402947242929254881528228e-02
3.51999999999999999999999999999999e+01,-2.59161392924736869612333527983168e-03,1.78623968077631161651098901214565e-02,3.94005336240885763752161548475666e-02,1.73294888597164071954743456381306e-02
3.52249999999999999999999999999999e+01,-2.14594956592890729705640819576209e-03,1.77903578456847049767207637118351e-02,3.98297693280299174548064316073054e-02,1.70091911818063496438678060631766e-02
3.52500000000000000000000000000000e+01,-1.70211571043174096142725582000484e-03,1.77159599732230474205850107392197e-02,4.02509844805335840677553762309187e-02,1.66878536204322498685427421216155e-02
3.52750000000000000000000000000001e+01,-1.26017105066319823687448581105133e-03,1.76392260193788071890361877985441e-02,4.06641537500007691975226916503371e-02,1.63655293986246123798096502449513e-02
3.52999999999999999999999999999993e+01,-8.20173700753471815012868004266868e-04,1.75601790565594218423759325579988e-02,4.10692531341929874439349837103766e-02,1.60422716409063780481034875182918e-02
3.53249999999999999999999999999998e+01,-3.82181195027905240222101998117838e-04,1.74788423959611653520132928946405e-02,4.14662599576740872509582887314549e-02,1.57181333656789885868285768903663e-02
3.53499999999999999999999999999999e+01,5.37495179036005963713271197008593e-05,1.73952395828194267994637522755793e-02,4.18551528690626670319582393398423e-02,1.53931674776685650386836771491182e-02
3.53750000000000000000000000000000e+01,4.87562080937107119370112776400263e-04,1.73093943915660482346296101005185e-02,4.22359118380963786465358366046705e-02,1.50674267604298295512669330441786e-02
3.54000000000000000000000000000001e+01,9.19200734143866224180053013335121e-04,1.72213308209838196966720173994962e-02,4.26085181525094892001748956619009e-02,1.47409638689019095491414820509038e-02
3.54249999999999999999999999999994e+01,1.34861032031925495241255712378391e-03,1.71310730894350446494044294806119e-02,4.29729544147249337836944023411997e-02,1.44138313220115797191613682764583e-02
3.54499999999999999999999999999999e+01,1.77573629041359288566653911648766e-03,1.70386456301780721103629530034838e-02,4.33292045383620410544286882683913e-02,1.40860814953245445592453627776341e-02
3.54749999999999999999999999999999e+01,2.20052470884648510647303222305434e-03,1.69440730867202509962170373177101e-02,4.36772537445611954618984251460001e-02,1.37577666137502617529031299231284e-02
3.55000000000000000000000000000001e+01,2.62292225870463339769101400212703e-03,1.68473803081319602707192610397051e-02,4.40170885581268634249960616879745e-02,1.34289387443071397572052557808178e-02
3.55250000000000000000000000000001e+01,3.04287624682145004599438276402749e-03,1.67485923442749749218347962641003e-02,4.43486968034905519342046581819751e-02,1.30996497889520748482152266967912e-02
3.55499999999999999999999999999994e+01,3.46033460873633128605623472703272e-03,1.66477344409537286345664366988754e-02,4.46720676004953073546564285133160e-02,1.27699514774735852232111238794819e-02
3.55749999999999999999999999999998e+01,3.87524591353225967627534227075671e-03,1.65448320350403369366645763084853e-02,4.49871913600032976956911327619037e-02,1.24398953604446597205463334345199e-02
3.55999999999999999999999999999999e+01,4.28755936855181399949872116791323e-03,1.64399107496287009430884448948118e-02,4.52940597793279220656367220372870e-02,1.21095328022318086988369337593737e-02
3.56250000000000000000000000000000e+01,4.69722482399272016419334269061626e-03,1.63329963892435766362087542008222e-02,4.55926658374918402213294465866887e-02,1.17789149740599723165039727922191e-02
3.56500000000000000000000000000001e+01,5.10419277738422163196846235093912e-03,1.62241149350917913870881650360273e-02,4.58830037903123525381327877015528e-02,1.14480928471363826002818108180903e-02
3.56749999999999999999999999999994e+01,5.50841437794488781422813805552340e-03,1.61132925403197288446411721722524e-02,4.61650691653156612116441645630220e-02,1.11171171858378675522817277990188e-02
3.57000000000000000000000000000000e+01,5.90984143082156045891461419843014e-03,1.60005555252431181339838468488457e-02,4.64388587564816446545893936224265e-02,1.07860385409648766350019451462266e-02
3.57249999999999999999999999999999e+01,6.30842640120851338403663671699841e-03,1.58859303725343995807278578372784e-02,4.67043706188208275061091313370168e-02,1.04549072430629771334637112697339e-02
3.57499999999999999999999999999999e+01,6.70412241834581902968796361252201e-03,1.57694437223749538725873791432448e-02,4.69616040627852196495343739588574e-02,1.01237733958105911736582909941152e-02
3.57750000000000000000000000000001e+01,7.09688327939629806034555599462146e-03,1.56511223675937515270286153933227e-02,4.72105596485146589140484470893345e-02,9.79268686947137559615567290603891e-03
3.57999999999999999999999999999994e+01,7.48666345320103303815820978878608e-03,1.55309932488175894260757721392267e-02,4.74512391799202630777153672076860e-02,9.46169729441063887015510153465584e-03
3.58249999999999999999999999999999e+01,7.87341808391400235338674131114082e-03,1.54090834496524490858002567234505e-02,4.76836456986065990281430518064310e-02,9.13085405467653265356469644557850e-03
3.58499999999999999999999999999999e+01,8.25710299451672951020949251542589e-03,1.52854201919026087578546014706429e-02,4.79077834776342076342749359735582e-02,8.80020628164762177588128098700381e-03
3.58750000000000000000000000000000e+01,8.63767469021379406579064822053535e-03,1.51600308308168535021796654525031e-02,4.81236580151241667609646437433230e-02,8.46980284774865693129876426886574e-03
3.59000000000000000000000000000001e+01,9.01509036170957732194085254822322e-03,1.50329428503359796745198225432574e-02,4.83312760277064188972823184868728e-02,8.13969236023621351524699771747847e-03
3.59249999999999999999999999999993e+01,9.38930788836589298589122801587530e-03,1.49041838583124133586834823919065e-02,4.85306454438136275005074933644952e-02,7.80992315505550935333009456579535e-03
3.59499999999999999999999999999998e+01,9.76028584123957243540405781650357e-03,1.47737815816875027229847353914182e-02,4.87217753968223520440300125344604e-02,7.48054329076910675061961378599456e-03
3.59749999999999999999999999999999e+01,1.01279834859990575519463052037035e-02,1.46417638616401996288081182938715e-02,4.89046762180433384280629456376793e-02,7.15160054255730756401646002512045e-03
3.60000000000000000000000000000000e+01,1.04923607857197425526170175053092e-02,1.45081586487457307254015622897408e-02,4.90793594295627053038018399157362e-02,6.82314239628922976196588920904904e-03
3.60250000000000000000000000000001e+01,1.08533784035588658761180455482276e-02,1.43729939981855789300897468399967e-02,4.92458377369357784661962576060344e-02,6.49521604266349193873648340890203e-03
3.60499999999999999999999999999994e+01,1.12109977053115102569682346637900e-02,1.42362980650243745306041612749565e-02,4.94041250217353102991169626645738e-02,6.16786837141853349819595079091537e-03
3.60749999999999999999999999999999e+01,1.15651807618491533549629463952806e-02,1.40980990995293912381243808369922e-02,4.95542363339558446896279610396244e-02,5.84114596561441141257259213924983e-03
3.60999999999999999999999999999999e+01,1.19158903514412082611928532932182e-02,1.39584254424816697529254724391112e-02,4.96961878842760529063699815031480e-02,5.51509509598920937282870148825293e-03
3.61250000000000000000000000000001e+01,1.22630899619587389141372368770865e-02,1.38173055204355764526549392093465e-02,4.98299970361809436235825540698224e-02,5.18976171539281799270823152130399e-03
3.61500000000000000000000000000001e+01,1.26067437929589201063584103941234e-02,1.36747678409236369631431292833425e-02,4.99556822979458950023398429761371e-02,4.86519145329873458659023211424401e-03
3.61749999999999999999999999999994e+01,1.29468167576493398043294392124965e-02,1.35308409876491850976002363454059e-02,5.00732633144844396236058906554723e-02,4.54142961039200490088202805601289e-03
3.61999999999999999999999999999998e+01,1.32832744847326208110950646476882e-02,1.33855536157277377514550423005198e-02,5.01827608590616677718268936637296e-02,4.21852115323034777096903099045447e-03
3.62249999999999999999999999999999e+01,1.36160833201331381380138703871727e-02,1.32389344470140694390658107065597e-02,5.02841968248750529294655608334143e-02,3.89651070897685396678798773334353e-03
3.62500000000000000000000000000000e+01,1.39452103286079067060431203993802e-02,1.30910122655011455940502363343477e-02,5.03775942165044999303458848655565e-02,3.57544256020565243510773054786550e-03
3.62750000000000000000000000000001e+01,1.42706232952427781092785664307392e-02,1.29418159127352135893083474953873e-02,5.04629771412334866855197813902409e-02,3.25536063978446966562465924245983e-03
3.62999999999999999999999999999994e+01,1.45922907268335657704277077157797e-02,1.27913742831888434248718358697119e-02,5.05403708002432761577468536367574e-02,2.93630852583813827580421410380480e-03
3.63250000000000000000000000000000e+01,1.49101818531506972803411756526331e-02,1.26397163195729173976616500537672e-02,5.06098014796822488259455982747701e-02,2.61832943679459569557555280835862e-03
3.63499999999999999999999999999999e+01,1.52242666280862058491620188620715e-02,1.24868710081216220197610980530027e-02,5.06712965416123999332904279961995e-02,2.30146622651148301876655455629587e-03
3.63749999999999999999999999999999e+01,1.55345157306831736918933384667994e-02,1.23328673739135020500573423591634e-02,5.07248844148349694931246936770404e-02,1.98576137947958915256318564534909e-03
3.64000000000000000000000000000001e+01,1.58409005660492107914705264091304e-02,1.21777344762763114780813170358980e-02,5.07705945855970870191283284718226e-02,1.67125700610047525056143564090972e-03
3.64249999999999999999999999999994e+01,1.61433932661561710064879734151695e-02,1.20215014042755529878377957657583e-02,5.08084575881812857518406743311563e-02,1.35799483803889018889683440445364e-03
3.64499999999999999999999999999999e+01,1.64419666905276800478108823335756e-02,1.18641972722409231339804948428283e-02,5.08385049953797987744348840409030e-02,1.04601622365366847084459009843877e-03
3.64749999999999999999999999999999e+01,1.67365944268146710221158744953416e-02,1.17058512152733045999067327077380e-02,5.08607694088556562042584193860621e-02,7.35362123511454250446597394360051e-04
3.65000000000000000000000000000000e+01,1.70272507912579908183621263855669e-02,1.15464923847039036732031291526524e-02,5.08752844493926877523507257411585e-02,4.26073105985379779304117179795950e-04
3.65250000000000000000000000000001e+01,1.73139108290370285003108038029376e-02,1.13861499435242148403562382615606e-02,5.08820847470365442884012254585368e-02,1.18189342937391908627142075769261e-04
3.65499999999999999999999999999993e+01,1.75965503145042457319434741558112e-02,1.12248530618370082499734518609125e-02,5.08812059311287869956204955464991e-02,-1.88249394519254149366466106940986e-04
3.65749999999999999999999999999998e+01,1.78751457513067624912944605703816e-02,1.10626309123740218992710459776766e-02,5.08726846202360071632736496453888e-02,-4.93203740180250274870618124191731e-04
3.65999999999999999999999999999999e+01,1.81496743723968926311313670858686e-02,1.08995126660916229849955052282407e-02,5.08565584119758992243626485314383e-02,-7.96634736833404157413844230137674e-04
3.66250000000000000000000000000000e+01,1.84201141399332964017553447503267e-02,1.07355274878175025128438359074554e-02,5.08328658727422441847654587362142e-02,-1.09850384026202204500495643220992e-03
3.66500000000000000000000000000001e+01,1.86864437450734798644739607126027e-02,1.05707045319055191901323543301884e-02,5.08016465273308452881531931749213e-02,-1.39877292316485070327811923592198e-03
3.66749999999999999999999999999994e+01,1.89486426076574279798346558627031e-02,1.04050729378701147530484381168025e-02,5.07629408484685345132069906382559e-02,-1.69740427899039626897350000228888e-03
3.66999999999999999999999999999999e+01,1.92066908757818302149799825874451e-02,1.02386618260029599588924750155208e-02,5.07167902462473894368826798463172e-02,-1.99436062568611058344804776016099e-03
3.67249999999999999999999999999999e+01,1.94605694252647798598263308237037e-02,1.00715002929999433982715642669697e-02,5.06632370574662600047038567223064e-02,-2.28960510936486211844906813430041e-03
3.67500000000000000000000000000001e+01,1.97102598590016323495255397569054e-02,9.90361740763089101560961513585038e-03,5.06023245348816406423111410526184e-02,-2.58310130789106976679529471203262e-03
3.67750000000000000000000000000001e+01,1.99557445062133439310714567627391e-02,9.73504220646847892759430104396086e-03,5.05340968363698834562945422158982e-02,-2.87481323438715572843360581339056e-03
3.67999999999999999999999999999994e+01,2.01970064215887342696715028942725e-02,9.56580368967033057165568076911986e-03,5.04585990140027584824163348375855e-02,-3.16470534065896499370499712191288e-03
3.68249999999999999999999999999998e+01,2.04340293843217595540307948452529e-02,9.39593081679408415976634199243491e-03,5.03758770030384153781618746660188e-02,-3.45274252053788725671672390087007e-03
3.68499999999999999999999999999999e+01,2.06667978970443538130449004916264e-02,9.22545250262551866093752219858741e-03,5.02859776108298525217406998807206e-02,-3.73889011313801895614779308482007e-03
3.68750000000000000000000000000000e+01,2.08952971846550240493207163950881e-02,9.05439761301071642356109513570641e-03,5.01889485056530231956395847602367e-02,-4.02311390602814968170864895745187e-03
3.69000000000000000000000000000001e+01,2.11195131930433270117350442107043e-02,8.88279496069616928142650377663746e-03,5.00848382054566972082532225796944e-02,-4.30538013831956194766105564407850e-03
3.69249999999999999999999999999994e+01,2.13394325877105718053115421335676e-02,8.71067330118916605446074522512810e-03,4.99736960665361659811283228725879e-02,-4.58565550367092077000672326991461e-03
3.69500000000000000000000000000000e+01,2.15550427522874387080105397145844e-02,8.53806132865283572559873462902024e-03,4.98555722721328529903498952489496e-02,-4.86390715321098858685101276488648e-03
3.69749999999999999999999999999999e+01,2.17663317869495315274221928113893e-02,8.36498767184691260597997631889064e-03,4.97305178209618832561619928948879e-02,-5.14010269837910844794083017329835e-03
3.69999999999999999999999999999999e+01,2.19732885067320739049460560569209e-02,8.19148089011812439875524132173403e-03,4.95985845156696744517799097129560e-02,-5.41421021368287169350000158607753e-03
3.70250000000000000000000000000001e+01,2.21759024397449410538776149479654e-02,8.01756946943472546623349601395308e-03,4.94598249512236290323273262186034e-02,-5.68619823937226061194906848720361e-03
3.70499999999999999999999999999994e+01,2.23741638252889685242981129959324e-02,7.84328181845136857370038883136955e-03,4.93142925032360232770805580998700e-02,-5.95603578402967751511658263219743e-03
3.70749999999999999999999999999999e+01,2.25680636118740872239345840766512e-02,7.66864626458823320515553039116423e-03,4.91620413162242012672363937677282e-02,-6.22369232707549273244791914263413e-03
3.70999999999999999999999999999999e+01,2.27575934551395051853230574033716e-02,7.49369105011576529686428905430295e-03,4.90031262918091871785561093977347e-02,-6.48913782118907474671508985583142e-03
3.71250000000000000000000000000000e+01,2.29427457156761241603156058935019e-02,7.31844432825153667607682460989292e-03,4.88376030768548244313973377196474e-02,-6.75234269464573819454931781475436e-03
3.71500000000000000000000000000001e+01,2.31235134567517363412651868294900e-02,7.14293415928991340187716440092053e-03,4.86655280515495331970576380170998e-02,-7.01327785357049693092575315907874e-03
3.71749999999999999999999999999993e+01,2.32998904419401298702862380285332e-02,6.96718850678787515336701233557673e-03,4.84869583174327534212381974044209e-02,-7.27191468410958448020216483024233e-03
3.71999999999999999999999999999998e+01,2.34718711326556775871164955201623e-02,6.79123523381716562748537705793837e-03,4.83019516853681221399335439002058e-02,-7.52822505452015505938081090977796e-03
3.72249999999999999999999999999999e+01,2.36394506855949616351689948170545e-02,6.61510209927093602999034565406118e-03,4.81105666634654356518880006945868e-02,-7.78218131717760190958720899279369e-03
3.72500000000000000000000000000000e+01,2.38026249500864587623506427632309e-02,6.43881675419709689222144449044327e-03,4.79128624449534721057210289689147e-02,-8.03375631049917379664256586354731e-03
3.72750000000000000000000000000001e+01,2.39613904653486060636551976843131e-02,6.26240673813323114541968598799866e-03,4.77088988960057836678101185527320e-02,-8.28292336078269744746446620246931e-03
3.72999999999999999999999999999994e+01,2.41157444576561811928696157836781e-02,6.08589947543919022193790871902299e-03,4.74987365435215846774239400164508e-02,-8.52965628396032539971615637488541e-03
3.73249999999999999999999999999999e+01,2.42656848374151754766067849675745e-02,5.90932227164946763170678557130103e-03,4.72824365628638456105367830284140e-02,-8.77392938726865411174282541900236e-03
3.73499999999999999999999999999999e+01,2.44112101961470879392588173712364e-02,5.73270230987946613018131382097660e-03,4.70600607655566576587024151156914e-02,-9.01571747083726055796221268880111e-03
3.73750000000000000000000000000001e+01,2.45523198033843208576205055111259e-02,5.55606664730820665512772969870720e-03,4.68316715869438868637658336725749e-02,-9.25499582919706802891728023065683e-03
3.74000000000000000000000000000001e+01,2.46890136034785810043820548592421e-02,5.37944221173210600259664952005846e-03,4.65973320738111212520388795257084e-02,-9.49174025270831984144850758267044e-03
3.74249999999999999999999999999994e+01,2.48212922123237135449443900879592e-02,5.20285579815977847439017627451029e-03,4.63571058719729404837810053664594e-02,-9.72592702890645904111775396734192e-03
3.74499999999999999999999999999998e+01,2.49491569139935465800201043769088e-02,5.02633406541429128771763912266263e-03,4.61110572138275859588393288652430e-02,-9.95753294376400979875046509049793e-03
3.74749999999999999999999999999999e+01,2.50726096572947072444108977619136e-02,4.84990353272981938978466590766403e-03,4.58592509058811427345896387018910e-02,-1.01865352828678688313980794068311e-02
3.75000000000000000000000000000000e+01,2.51916530522344295018518483877569e-02,4.67359057635967480530325061235445e-03,4.56017523162433345499419595728033e-02,-1.04129118325133530140124638257658e-02
3.75250000000000000000000000000001e+01,2.53062903664040714016136022336777e-02,4.49742142623076645176382137102454e-03,4.53386273620969818922802210596017e-02,-1.06366408807175168935041142735509e-02
3.75499999999999999999999999999994e+01,2.54165255212799032962397748055512e-02,4.32142216267294266425841362183318e-03,4.50699424971431127261299659950978e-02,-1.08577012181537845682754753438079e-02
3.75750000000000000000000000000000e+01,2.55223630884431299223447401910155e-02,4.14561871322553429293467920855604e-03,4.47957646990236855244506310858109e-02,-1.10760721390081607819286692138838e-02
3.75999999999999999999999999999999e+01,2.56238082857208062822798372868846e-02,3.97003684949672816876932778347643e-03,4.45161614567239020113684627394874e-02,-1.12917334417554904005735374055867e-02
3.76249999999999999999999999999999e+01,2.57208669732485415575966339615339e-02,3.79470218404291200289157571648797e-03,4.42312007579561351684661196582139e-02,-1.15046654298537305090147781324734e-02
3.76500000000000000000000000000001e+01,2.58135456494552121762598619669156e-02,3.61964016724994109900038715865079e-03,4.39409510765275372670600060555507e-02,-1.17148489123553391724290617696419e-02
3.76749999999999999999999999999994e+01,2.59018514469697875801816853811581e-02,3.44487608422481888074273910383322e-03,4.36454813596933905944983782108079e-02,-1.19222652044368230245723618835687e-02
3.76999999999999999999999999999999e+01,2.59857921284508608973321808770976e-02,3.27043505172545629337938814244085e-03,4.33448610154982179785871074366749e-02,-1.21268961278488216250266761615624e-02
3.77249999999999999999999999999999e+01,2.60653760823402011227369016266427e-02,3.09634201515532607603771405186708e-03,4.30391599001066098264960633569943e-02,-1.23287240112889230049854545391824e-02
3.77500000000000000000000000000000e+01,2.61406123185421001355263473782208e-02,2.92262174563117096946611603197053e-03,4.27284483051256868418640847271498e-02,-1.25277316906979144485772691358937e-02
3.77750000000000000000000000000001e+01,2.62115104640301991605822483810824e-02,2.74929883710974607159036000538079e-03,4.24127969449211222035146949647824e-02,-1.27239025094785081129769436357466e-02
3.77999999999999999999999999999993e+01,2.62780807583829623592110680513264e-02,2.57639770354915723159131972465233e-03,4.20922769439286821339864459983007e-02,-1.29172203186349271188977583839530e-02
3.78249999999999999999999999999998e+01,2.63403340492484111725813235931749e-02,2.40394257608730976361695949244651e-03,4.17669598239632771807365203132130e-02,-1.31076694768324786549205934259108e-02
3.78499999999999999999999999999999e+01,2.63982817877385107182033535560885e-02,2.23195750023752918714861589560896e-03,4.14369174915275196020296494499020e-02,-1.32952348503777486336790489285084e-02
3.78750000000000000000000000000000e+01,2.64519360237538115904313996666421e-02,2.06046633311663521570903799785168e-03,4.11022222251217497992427449666452e-02,-1.34799018131212220248656648814099e-02
3.79000000000000000000000000000001e+01,2.65013094012394033461431386928265e-02,1.88949274072419950025837176099995e-03,4.07629466625574462557879247552785e-02,-1.36616562462842093458139373690025e-02
3.79249999999999999999999999999994e+01,2.65464151533736136865441156491479e-02,1.71906019528319322738762311689744e-03,4.04191637882758968838335016304089e-02,-1.38404845382110311489902491049343e-02
3.79499999999999999999999999999999e+01,2.65872670976909765348300886003170e-02,1.54919197263923742023297641967718e-03,4.00709469206740012033993099915887e-02,-1.40163735840462449948789232692405e-02
3.79749999999999999999999999999999e+01,2.66238796311407971546964308011697e-02,1.37991114970696226676915696647325e-03,3.97183696994390873379969381799688e-02,-1.41893107853361117482528043399853e-02
3.80000000000000000000000000000001e+01,2.66562677250823347479608853992131e-02,1.21124060195165851399469644235377e-03,3.93615060728946458007124279146318e-02,-1.43592840495537858589594695851400e-02
3.80250000000000000000000000000001e+01,2.66844469202173973444404490942251e-02,1.04320300090052903649124057066217e-03,3.90004302853588849173753429715502e-02,-1.45262817895485350003202400903449e-02
3.80499999999999999999999999999994e+01,2.67084333214610996534249594194375e-02,8.75820811685435810771386198163758e-04,3.86352168645179951061945833568268e-02,-1.46902929229200216135237791656181e-02
3.80749999999999999999999999999999e+01,2.67282435927516524820990730339896e-02,7.09116290624046310966792161600310e-04,3.82659406088159796134173731587163e-02,-1.48513068713188883184737871394111e-02
3.80999999999999999999999999999999e+01,2.67438949518002469399211877622812e-02,5.43111482847459497148450288413051e-04,3.78926765748628812643036568020266e-02,-1.50093135596745973310442373636571e-02
3.81250000000000000000000000000000e+01,2.67554051647822792305272052548667e-02,3.77828219980440812443229340810813e-04,3.75155000648632169989740936648002e-02,-1.51643034153510070509747557969949e-02
3.81500000000000000000000000000001e+01,2.67627925409712678613152283985673e-02,2.13288117876379620464707251158850e-04,3.71344866140664244324383080344504e-02,-1.53162673672298464766096184126946e-02
3.81749999999999999999999999999994e+01,2.67660759273168044598393912959255e-02,4.95125744039771926281422135196176e-05,3.67497119782411220441774201895566e-02,-1.54651968447221714905711229785299e-02
3.82000000000000000000000000000000e+01,2.67652747029677430675921673065047e-02,-1.13477232721888388178557326257600e-04,3.63612521211749816353969386911746e-02,-1.56110837767079696893868764928185e-02
3.82249999999999999999999999999999e+01,2.67604087737416160006920623837537e-02,-2.75660348074121524585876601815324e-04,3.59691832022020058643750689227064e-02,-1.57539205904042188310573294037653e-02
3.82499999999999999999999999999999e+01,2.67514985665410751474662257604575e-02,-4.37016040617461326402438207091930e-04,3.55735815637589939055278399917230e-02,-1.58937002101618854366257984753154e-02
3.82750000000000000000000000000001e+01,2.67385650237181234827201579360795e-02,-5.97523805779773205053072868692633e-04,3.51745237189729631100143355349979e-02,-1.60304160561925971724368502086921e-02
3.82999999999999999999999999999994e+01,2.67216295973870817235169759343449e-02,-7.57163367479702477643871521094702e-04,3.47720863392812729158468217818381e-02,-1.61640620432259669012580565671516e-02
3.83249999999999999999999999999999e+01,2.67007142436875507421822486817585e-02,-9.15914680097738547449138490226380e-04,3.43663462420861714329088077950843e-02,-1.62946325790986058108280581450608e-02
3.83499999999999999999999999999999e+01,2.66758414169988863576113230802213e-02,-1.07375793038440526586012963139505e-03,3.39573803784454619308509269735265e-02,-1.64221225632755905007841756366652e-02
3.83750000000000000000000000000000e+01,2.66470340641077100424263295078131e-02,-1.23067353931137951618446964449373e-03,3.35452658208009737727285446247628e-02,-1.65465273853046247226953732907741e-02
3.83999999999999999999999999999998e+01,2.66143156183296992639529772700633e-02,-1.38664216388077123091740942409811e-03,3.31300797507465225334547781378479e-02,-1.66678429232026984229289216917974e-02
3.84249999999999999999999999999993e+01,2.65777099935865026271408998640692e-02,-1.54164469890727080795338063791723e-03,3.27118994468370498908801407654029e-02,-1.67860655417750709113756183016293e-02
3.84499999999999999999999999999998e+01,2.65372415784383832350544396283172e-02,-1.69566227877665604577023289882623e-03,3.22908022724406317761639905504956e-02,-1.69011920908669843271221080886684e-02
3.84750000000000000000000000000000e+01,2.64929352300732972730031185244446e-02,-1.84867627916947571871988261660613e-03,3.18668656636350228240534332788658e-02,-1.70132199035493108590665596703414e-02
3.85000000000000000000000000000000e+01,2.64448162682535155080665498730635e-02,-2.00066831873107061619103552487512e-03,3.14401671171503681521860634325867e-02,-1.71221467942397800734380079675620e-02
3.85249999999999999999999999999997e+01,2.63929104692213243164327310593785e-02,-2.15162026067451429632863206980520e-03,3.10107841783596744774783126919457e-02,-1.72279710567611408951847134972081e-02
3.85499999999999999999999999999994e+01,2.63372440595654946665123016124512e-02,-2.30151421431830825959906882671455e-03,3.05787944293186092820813130761100e-02,-1.73306914623367293100183867341868e-02
3.85749999999999999999999999999999e+01,2.62778437100499636339910508600007e-02,-2.45033253657509637870547642810271e-03,3.01442754768561967469160191110077e-02,-1.74303072575230520548480631134980e-02
3.85999999999999999999999999999999e+01,2.62147365294056968501550473355424e-02,-2.59805783341081922832595752694852e-03,2.97073049407179931048655868768556e-02,-1.75268181620788100327109784145616e-02
3.86250000000000000000000000000001e+01,2.61479500580863265346142591570224e-02,-2.74467296128311503561718862524147e-03,2.92679604417633313746788589417301e-02,-1.76202243667704604824184442196353e-02
3.86499999999999999999999999999996e+01,2.60775122619881544577839012637055e-02,-2.89016102855086979168304829522229e-03,2.88263195902182091772307453920453e-02,-1.77105265311155029807657192329681e-02
3.86749999999999999999999999999994e+01,2.60034515261354759593301873927221e-02,-3.03450539683570885355774073046042e-03,2.83824599739853530820933650730008e-02,-1.77977257810653913218418906197512e-02
3.86999999999999999999999999999999e+01,2.59257966483326582698348995727841e-02,-3.17768968231877614182944043133140e-03,2.79364591470129457576741536554967e-02,-1.78818237066297892174623302902244e-02
3.87249999999999999999999999999999e+01,2.58445768327846569852295821697207e-02,-3.31969775697032660912518769722766e-03,2.74883946177234705092547960644796e-02,-1.79628223594429256346789171149112e-02
3.87500000000000000000000000000000e+01,2.57598216836875090969797518601850e-02,-3.46051374972515456703483327008567e-03,2.70383438375041228810168805166682e-02,-1.80407242502717636502174665963583e-02
3.87749999999999999999999999999997e+01,2.56715611987899138197508120409079e-02,-3.60012204762275723182066234472845e-03,2.65863841892602526675055201771304e-02,-1.81155323464653340414989041850609e-02
3.87999999999999999999999999999994e+01,2.55798257629266108171885282742435e-02,-3.73850729692369427341132633789167e-03,2.61325929760333102591081691007075e-02,-1.81872500693451597254542090680725e-02
3.88250000000000000000000000000000e+01,2.54846461415241640276837388014378e-02,-3.87565440419872379276606912290605e-03,2.56770474096847595265898797307937e-02,-1.82558812915377821835821795264502e-02
3.88499999999999999999999999999999e+01,2.53860534740800089153338126123361e-02,-4.01154853737573727149901132739867e-03,2.52198245996473825566871724794937e-02,-1.83214303342512098297945058717751e-02
3.88749999999999999999999999999999e+01,2.52840792676160267011984447319918e-02,-4.14617512672901536942023935552742e-03,2.47610015417453545444857051712568e-02,-1.83839019644970796864970283110339e-02
3.88999999999999999999999999999996e+01,2.51787553901081833543272345760349e-02,-4.27951986580535576387212616072357e-03,2.43006551070844315260074442740380e-02,-1.84433013922595209288611345876788e-02
3.89249999999999999999999999999994e+01,2.50701140638937399256133145690739e-02,-4.41156871229443246849981902247576e-03,2.38388620310135816571177492289369e-02,-1.84996342676107446099231805756570e-02
3.89499999999999999999999999999999e+01,2.49581878590572531971488950668724e-02,-4.54230788885741883753842770142469e-03,2.33756989021593972307616995499724e-02,-1.85529066777729485212939057330862e-02
3.89749999999999999999999999999999e+01,2.48430096867962574666778216394614e-02,-4.67172388392465973933435822032773e-03,2.29112421515346317653845361380439e-02,-1.86031251441264873717711454235935e-02
3.90000000000000000000000000000000e+01,2.47246127927673672766425776767399e-02,-4.79980345246337735999437513692110e-03,2.24455680417221973648922675445410e-02,-1.86502966191651017074723567658001e-02
3.90249999999999999999999999999998e+01,2.46030307504136401461686352806346e-02,-4.92653361670734756005105801940043e-03,2.19787526561359278969167946970352e-02,-1.86944284833997004064380925555000e-02
3.90499999999999999999999999999993e+01,2.44782974542742878986212423820376e-02,-5.05190166683793071406864394117924e-03,2.15108718883593735437960703520748e-02,-1.87355285422122891092747676246811e-02
3.90749999999999999999999999999998e+01,2.43504471132780442596155508205918e-02,-5.17589516161034633332519255423039e-03,2.10420014315638579558759308803060e-02,-1.87736050226611386681860437761312e-02
3.91000000000000000000000000000000e+01,2.42195142440215544172513874490497e-02,-5.29850192892656024175123481523390e-03,2.05722167680070106869273612540689e-02,-1.88086665702376103446166356789047e-02
3.91250000000000000000000000000000e+01,2.40855336640340423639418606522556e-02,-5.41971006636146197563472622669206e-03,2.01015931586129828948853305649902e-02,-1.88407222455746787767275967415007e-02
3.91499999999999999999999999999997e+01,2.39485404850293290337592284663059e-02,-5.53950794164950095231807965948733e-03,1.96302056326355525792396600377628e-02,-1.88697815211073213554177516351719e-02
3.91749999999999999999999999999994e+01,2.38085701061461334385149470321399e-02,-5.65788419313552917439185151149997e-03,1.91581289774053158687461967923049e-02,-1.88958542776854025462546238147359e-02
3.91999999999999999999999999999999e+01,2.36656582071775526274845987521655e-02,-5.77482773018915113684115465213555e-03,1.86854377281621392549011307128170e-02,-1.89189508011401152550305894963217e-02
3.92249999999999999999999999999999e+01,2.35198407417906758626784443923976e-02,-5.89032773357889206822755723030023e-03,1.82122061579740186175928163618930e-02,-1.89390817788051851582136380163772e-02
3.92500000000000000000000000000001e+01,2.33711539307373937217372548476391e-02,-6.00437365580179821911210700406590e-03,1.77385082677434623013189569608390e-02,-1.89562582959938864743098425581149e-02
3.92749999999999999999999999999996e+01,2.32196342550575609092057860978217e-02,-6.11695522136523356057672963930703e-03,1.72644177763024927916556804010005e-02,-1.89704918324326411526439996070954e-02
3.92999999999999999999999999999994e+01,2.30653184492757255512102695665574e-02,-6.22806242701990749436532943333008e-03,1.67900081105973450508215099210660e-02,-1.89817942586517731815429706362930e-02
3.93249999999999999999999999999999e+01,2.29082434945926270919706454604251e-02,-6.33768554194595908094830428318135e-03,1.63153523959639261884685246522707e-02,-1.89901778323339384644757480360732e-02
3.93499999999999999999999999999999e+01,2.27484466120725858376970421374393e-02,-6.44581510789641312725401085009582e-03,1.58405234464950876018795342059748e-02,-1.89956551946208017537310891549514e-02
3.93750000000000000000000000000000e+01,2.25859652558277831055583169103358e-02,-6.55244193930320767376949494744172e-03,1.53655937555007454069413559168030e-02,-1.89982393663786161088832383664002e-02
3.93999999999999999999999999999997e+01,2.24208371062003183230697019913280e-02,-6.65755712334912692354546568428209e-03,1.48906354860618674134019275925865e-02,-1.89979437444234587948667891339272e-02
3.94249999999999999999999999999994e+01,2.22531000629428977645046540734703e-02,-6.76115202000463610829502057553774e-03,1.44157204616793245146276774362587e-02,-1.89947820977070038357662245699298e-02
3.94500000000000000000000000000000e+01,2.20827922383990952211226701205276e-02,-6.86321826202410375935386540249895e-03,1.39409201570185806504138680743102e-02,-1.89887685634638392959012792045241e-02
3.94749999999999999999999999999999e+01,2.19099519506842906714656763927222e-02,-6.96374775489443131410936262686760e-03,1.34663056887511694983090070870638e-02,-1.89799176433213755640664307518727e-02
3.94999999999999999999999999999999e+01,2.17346177168685347656973121860800e-02,-7.06273267673244726094143518352828e-03,1.29919478064938812307051657958729e-02,-1.89682441993732541261891165052353e-02
3.95249999999999999999999999999996e+01,2.15568282461625968149042296604619e-02,-7.16016547813402285203988009676434e-03,1.25179168838465633716336212997199e-02,-1.89537634502168837352415818270344e-02
3.95499999999999999999999999999994e+01,2.13766224331083023239568014569132e-02,-7.25603888198339019305703190267800e-03,1.20442829095294276584661884987821e-02,-1.89364909669554767292746102554907e-02
3.95749999999999999999999999999999e+01,2.11940393507740377608083882846085e-02,-7.35034588323136762276341896858097e-03,1.15711154786207463374300384987222e-02,-1.89164426691649439590313779976729e-02
3.95999999999999999999999999999999e+01,2.10091182439561471873376340679995e-02,-7.44307974864533333814312719536015e-03,1.10984837838958091430800380487302e-02,-1.88936348208263030812426812909254e-02
3.96250000000000000000000000000000e+01,2.08218985223869805292776439374207e-02,-7.53423401652554246868422591638533e-03,1.06264566072679902192098078368260e-02,-1.88680840262246952125937542078254e-02
3.96499999999999999999999999999998e+01,2.06324197539505617495724916986305e-02,-7.62380249637760634253803909400528e-03,1.01551023113327427512358995342747e-02,-1.88398072258163750942456123821158e-02
3.96749999999999999999999999999993e+01,2.04407216579070841396309053335438e-02,-7.71177926853338426353972648391425e-03,9.68448883101530571292752659568382e-03,-1.88088216920649101306739079984694e-02
3.96999999999999999999999999999998e+01,2.02468440981275352502462337436364e-02,-7.79815868372081836517291937702370e-03,9.21468366532288189023421115909917e-03,-1.87751450252473455682489771829932e-02
3.97250000000000000000000000000000e+01,2.00508270763396271213633481767838e-02,-7.88293536259162167921004272586336e-03,8.74575386920203416468081524176805e-03,-1.87387951492305933607641793164460e-02
3.97500000000000000000000000000000e+01,1.98527107253859377095060992610864e-02,-7.96610419521814964928139697135480e-03,8.27776604550204346964403766039540e-03,-1.86997903072181547984037660435003e-02
3.97749999999999999999999999999997e+01,1.96525353024949412907041954193966e-02,-8.04766034056536596249685819342426e-03,7.81078633704496564032692185139311e-03,-1.86581490574676266255058921847686e-02
3.97999999999999999999999999999994e+01,1.94503411825655769127302799649083e-02,-8.12759922593434896044619913437908e-03,7.34488041880310557451018805872828e-03,-1.86138902689800424566945094809481e-02
3.98249999999999999999999999999999e+01,1.92461688514661907592668270750482e-02,-8.20591654636703892500429305027654e-03,6.88011349018459454831220541107526e-03,-1.85670331171625327942156568261866e-02
3.98499999999999999999999999999999e+01,1.90400588993489527207236216277345e-02,-8.28260826400269819948210342372464e-03,6.41655026742771911371070866190028e-03,-1.85175970794657256011749822462232e-02
3.98750000000000000000000000000001e+01,1.88320520139809978155667232207309e-02,-8.35767060738419237917198670406532e-03,5.95425497610462043890410854966439e-03,-1.84656019309967900579506128923614e-02
3.98999999999999999999999999999996e+01,1.86221889740934720023798760847694e-02,-8.43110007072114486253555978536018e-03,5.49329134373496839883263252117424e-03,-1.84110677401084223879807717840918e-02
3.99249999999999999999999999999994e+01,1.84105106427494210487437378151754e-02,-8.50289341312093170621841836490515e-03,5.03372259251021147731439291979427e-03,-1.83540148639638223444789493025605e-02
3.99499999999999999999999999999999e+01,1.81970579607312193863052341090107e-02,-8.57304765779483111724597640807812e-03,4.57561143212899973876765998329045e-03,-1.82944639440779898818358382456306e-02
3.99749999999999999999999999999999e+01,1.79818719399481551228689702602990e-02,-8.64156009123834493884122325455495e-03,4.11902005274436246023470844689672e-03,-1.82324359018362723318872935963132e-02
4.00000000000000000000000000000000e+01,1.77649936568649087671556459189548e-02,-8.70842826237779849836684216866770e-03,3.66401011802319193538772219947948e-03,-1.81679519339915743381379938475799e-02
4.00249999999999999999999999999995e+01,1.75464642459518854934209113188450e-02,-8.77364998167447987683718555482577e-03,3.21064275831854829311785178884630e-03,-1.81010335081416663068511867497192e-02
4.00499999999999999999999999999994e+01,1.73263248931585205187877415989080e-02,-8.83722332018291971009470471004873e-03,2.75897856395526911349662444419862e-03,-1.80317023581875954000854824251456e-02
4.00750000000000000000000000000000e+01,1.71046168294106668921078650063383e-02,-8.89914660856726946038102531231376e-03,2.30907757862934982100373637428979e-03,-1.79599804797736446820422335554226e-02
4.00999999999999999999999999999999e+01,1.68813813241330122619556709128530e-02,-8.95941843608394134704192957585179e-03,1.86099929292155417821877202772941e-03,-1.78858901257090006004705803415363e-02
4.01249999999999999999999999999999e+01,1.66566596787972743222212167818002e-02,-9.01803764953724492378056060687224e-03,1.41480263792570893589437594905426e-03,-1.78094538013714557970282030288094e-02
4.01499999999999999999999999999999e+01,1.64304932204968213236275604477858e-02,-9.07500335220931305350019309187738e-03,9.70545978992122859725730874497448e-04,-1.77306942600939397578352931760484e-02
4.01749999999999999999999999999994e+01,1.62029232955484042325122926282796e-02,-9.13031490276026053445807261545741e-03,5.28287109586544806619826712088747e-04,-1.76496344985350842363950856979329e-02
4.01999999999999999999999999999999e+01,1.59739912631218201809145970385505e-02,-9.18397191409272443087463970337461e-03,8.80832452650435016306381504790989e-05,-1.75662977520351137221306220211607e-02
4.02250000000000000000000000000000e+01,1.57437384888984500028033859715222e-02,-9.23597425217727940578387084821245e-03,-3.50008982234837717762718052933691e-04,-1.74807074899580837240730728900514e-02
4.02499999999999999999999999999998e+01,1.55122063387596465105487189025367e-02,-9.28632203483950584813858550808383e-03,-7.85933530786318424620081007124800e-04,-1.73928874110210956988132223208595e-02
4.02749999999999999999999999999998e+01,1.52794361725058852973447435840709e-02,-9.33501563051270818044423151460609e-03,-1.21963495354869027790756685566406e-03,-1.73028614386108775657420783390320e-02
4.02999999999999999999999999999993e+01,1.50454693376074783152924626758409e-02,-9.38205565696074717417709059648302e-03,-1.65105840452538701187536893305821e-03,-1.72106537160881664763302635982049e-02
4.03249999999999999999999999999998e+01,1.48103471629875597993251722346833e-02,-9.42744297997355386484334410697712e-03,-2.08014964400451832140106922998883e-03,-1.71162886020805833057281964756595e-02
4.03500000000000000000000000000000e+01,1.45741109528380233164436342354073e-02,-9.47117871203528968555194072141139e-03,-2.50685504388159139442518450454539e-03,-1.70197906657649423943653952212652e-02
4.03750000000000000000000000000002e+01,1.43368019804691147791026147392495e-02,-9.51326421096332586115439525336371e-03,-2.93112159286416900682404885170473e-03,-1.69211846821400334974319329752626e-02
4.03999999999999999999999999999997e+01,1.40984614821934398835978896446270e-02,-9.55370107851578997556700050993012e-03,-3.35289690155823819630342264544469e-03,-1.68204956272908264573210670236681e-02
4.04249999999999999999999999999992e+01,1.38591306512451938859880192688552e-02,-9.59249115896610370147330035508253e-03,-3.77212920743608521236335124384661e-03,-1.67177486736448833291367260720843e-02
4.04499999999999999999999999999999e+01,1.36188506317354455977166734299855e-02,-9.62963653764422830809344698595396e-03,-4.18876737968549029259543139895963e-03,-1.66129691852216356977919053332110e-02
4.04750000000000000000000000000001e+01,1.33776625126442953890033992148235e-02,-9.66513953944586727325600218064784e-03,-4.60276092394007161916889010593681e-03,-1.65061827128751472476837421228467e-02
4.05000000000000000000000000000001e+01,1.31356073218506776191568679765143e-02,-9.69900272731222980434243425864457e-03,-5.01405998689062358586780005459706e-03,-1.63974149895310092580153856362025e-02
4.05249999999999999999999999999996e+01,1.28927260202005035950423850141072e-02,-9.73122890068348181735603159389357e-03,-5.42261536077731129212185303292737e-03,-1.62866919254180648036629215171130e-02
4.05499999999999999999999999999996e+01,1.26490594956137713960436815772077e-02,-9.76182109392808025003939952493017e-03,-5.82837848776260120217188062029931e-03,-1.61740396032957087397413440831991e-02
4.05749999999999999999999999999998e+01,1.24046485572312413013275115458788e-02,-9.79078257474787696572000299761673e-03,-6.23130146418482733146452482088097e-03,-1.60594842736775719083806901020949e-02
4.06000000000000000000000000000000e+01,1.21595339296013118989707124916652e-02,-9.81811684255635641921748735341764e-03,-6.63133704469231336891763662460444e-03,-1.59430523500524609493635459302023e-02
4.06250000000000000000000000000000e+01,1.19137562469078151885430311862957e-02,-9.84382762682639426825551757265128e-03,-7.02843864625799334179941328210997e-03,-1.58247704041034450415070625695178e-02
4.06499999999999999999999999999995e+01,1.16673560472395238465687290091858e-02,-9.86791888540557068942720224181033e-03,-7.42256035207449502464172323337491e-03,-1.57046651609259095232611065009896e-02
4.06749999999999999999999999999994e+01,1.14203737669021693432110786217342e-02,-9.89039480280065594126648203175165e-03,-7.81365691532966893197589254302339e-03,-1.55827634942452417667606530628710e-02
4.07000000000000000000000000000000e+01,1.11728497347736846698384327959067e-02,-9.91125978843609189800792349192474e-03,-8.20168376286256032664647331707736e-03,-1.54590924216346656603299423644741e-02
4.07249999999999999999999999999999e+01,1.09248241667032522847893735541953e-02,-9.93051847489169961830621058353027e-03,-8.58659699869983390325416851355692e-03,-1.53336790997337153307204797726438e-02
4.07499999999999999999999999999999e+01,1.06763371599546398483669906100876e-02,-9.94817571612180346067739306509281e-03,-8.96835340747267461878953382558517e-03,-1.52065508194679854882642459913448e-02
4.07749999999999999999999999999999e+01,1.04274286876943103083954759513516e-02,-9.96423658565335309074301502148079e-03,-9.34691045771420709297175839299489e-03,-1.50777350012710343359285910021778e-02
4.07999999999999999999999999999994e+01,1.01781385935248973058697141151979e-02,-9.97870637475769270326303169102700e-03,-9.72222630503750027707749898671122e-03,-1.49472591903094742985750144580442e-02
4.08249999999999999999999999999999e+01,9.92850658606476640001956690314311e-03,-9.99159059059164407250627052144102e-03,-1.00942597951942497471720355070557e-02,-1.48151510517122289091905908854977e-02
4.08500000000000000000000000000000e+01,9.67857223357443859151870779616886e-03,-1.00028949543080347482929138163975e-02,-1.04629704670142514070186263660723e-02,-1.46814383658046741723744544635346e-02
4.08749999999999999999999999999998e+01,9.42837495863058456712591754291093e-03,-1.00126253991406351699961598388371e-02,-1.08283185552257944636227302048869e-02,-1.45461490233480917939549733522278e-02
4.08999999999999999999999999999998e+01,9.17795403284814331708532288167271e-03,-1.00207880684701809784645323838733e-02,-1.11902649931571102990570039424139e-02,-1.44093110207847527684861690836075e-02
4.09249999999999999999999999999993e+01,8.92734857165097840242064216852584e-03,-1.00273893138754321514977704617410e-02,-1.15487714153190234061894792606724e-02,-1.42709524554891145405439960917655e-02
4.09499999999999999999999999999998e+01,8.67659752909145198014306509730874e-03,-1.00324356931679490276625285089402e-02,-1.19038001598689667205861692556881e-02,-1.41311015210259438209438267592890e-02
4.09750000000000000000000000000000e+01,8.42573969271938760179852139633577e-03,-1.00359339684052102607171102840847e-02,-1.22553142709565476241430889476339e-02,-1.39897865024164312443771145222188e-02
4.10000000000000000000000000000002e+01,8.17481367850103596868155929876414e-03,-1.00378911038767524349988142167909e-02,-1.26032775009508780071373267786914e-02,-1.38470357714133504422736315699952e-02
4.10249999999999999999999999999997e+01,7.92385792578874475218432707470041e-03,-1.00383142640620890885627961662098e-02,-1.29476543125499049039440020301819e-02,-1.37028777817860330464818261757609e-02
4.10499999999999999999999999999992e+01,7.67291069234199741371677445982178e-03,-1.00372108115642978302804733064565e-02,-1.32884098807719929079679601058552e-02,-1.35573410646155806981181874795887e-02
4.10749999999999999999999999999999e+01,7.42201004940034841791763635455780e-03,-1.00345883050256994260155984577268e-02,-1.36255100948300173828698453725250e-02,-1.34104542236005662017648177526003e-02
4.11000000000000000000000000000001e+01,7.17119387680863556965595687310775e-03,-1.00304544970303114210928116107968e-02,-1.39589215598882348729760508075558e-02,-1.32622459303736062574085915701460e-02
4.11250000000000000000000000000001e+01,6.92049985819478911320286852719413e-03,-1.00248173319931578224920036815624e-02,-1.42886115987022106817734344231767e-02,-1.31127449198295160022663957205578e-02
4.11499999999999999999999999999996e+01,6.66996547620061195360421258440715e-03,-1.00176849440324134330357669928917e-02,-1.46145482531421052867115019661994e-02,-1.29619799854660376794136743300615e-02
4.11749999999999999999999999999996e+01,6.41962800776602408179598405780022e-03,-1.00090656548195621995299370321591e-02,-1.49367002855996470875186414145282e-02,-1.28099799747381687116071736305756e-02
4.11999999999999999999999999999998e+01,6.16952451946735467475522376449901e-03,-9.99896797140556026882178007435225e-03,-1.52550371802791420620495735021202e-02,-1.26567737844268816248793630877682e-02
4.12250000000000000000000000000000e+01,5.91969186291026169304502283837652e-03,-9.98740058402519643898797389201813e-03,-1.55695291443728865232904897456974e-02,-1.25023903560227040788971809418284e-02
4.12500000000000000000000000000000e+01,5.67016667017776512484633731119644e-03,-9.97437236388445656612942644279085e-03,-1.58801471091213580529264113758090e-02,-1.23468586711244416319170264511882e-02
4.12749999999999999999999999999995e+01,5.42098534933376068078850180921477e-03,-9.95989236093513091136644473854707e-03,-1.61868627307585671364041326977506e-02,-1.21902077468533954901344313950554e-02
4.12999999999999999999999999999994e+01,5.17218407998231020406541540781688e-03,-9.94396980163789946148510061608062e-03,-1.64896483913429638606209300689745e-02,-1.20324666312836800607077569979993e-02
4.13250000000000000000000000000000e+01,4.92379880888301643715114798715737e-03,-9.92661408671198285098408371172130e-03,-1.67884771994743124529432094815051e-02,-1.18736643988894857966955719962177e-02
4.13499999999999999999999999999999e+01,4.67586524562285808702778983921723e-03,-9.90783478886822844239485168761521e-03,-1.70833229908969687965829042861527e-02,-1.17138301460101934639213596971793e-02
4.13749999999999999999999999999999e+01,4.42841885834492823682827944322274e-03,-9.88764165052369657453405013669844e-03,-1.73741603289900171974076100681771e-02,-1.15529929863341013509121219165569e-02
4.13999999999999999999999999999999e+01,4.18149486953453715135169488907154e-03,-9.86604458149825285008463168674619e-03,-1.76609645051447387819899016165118e-02,-1.13911820464012965874863798282189e-02
4.14249999999999999999999999999994e+01,3.93512825186310074983515612524328e-03,-9.84305365669561355200903256526154e-03,-1.79437115390298949508679450293310e-02,-1.12284264611260482414447024982917e-02
4.14499999999999999999999999999999e+01,3.68935372409016671565657656766065e-03,-9.81867911377166880339600843295895e-03,-1.82223781787453185527659121797178e-02,-1.10647553693391097092930284349164e-02
4.14750000000000000000000000000000e+01,3.44420574702387086646205421747121e-03,-9.79293135079186496500567530853252e-03,-1.84969419008643167129739053609228e-02,-1.09001979093504531896872998454564e-02
4.14999999999999999999999999999998e+01,3.19971851954009129374048235380564e-03,-9.76582092387790626382416969996225e-03,-1.87673809103654042735998103518323e-02,-1.07347832145331047502788193393990e-02
4.15249999999999999999999999999998e+01,2.95592597466057637949460910447687e-03,-9.73735854484295804793853802312008e-03,-1.90336741404539044728209742325115e-02,-1.05685404089288060895470630371416e-02
4.15499999999999999999999999999993e+01,2.71286177569034815232313220533275e-03,-9.70755507881426781169448890941125e-03,-1.92958012522739711905775480980908e-02,-1.04014986028761800150640373772590e-02
4.15749999999999999999999999999998e+01,2.47055931241470554868462167380518e-03,-9.67642154184251411777301247916752e-03,-1.95537426345116027553716556797677e-02,-1.02336868886619755987405415113240e-02
4.16000000000000000000000000000000e+01,2.22905169735616050045401541261455e-03,-9.64396909849793330924283494149826e-03,-1.98074794028892305757166509557885e-02,-1.00651343361958867312104383120837e-02
4.16250000000000000000000000000002e+01,1.98837176209162789279148170185981e-03,-9.61020905945411937121309789530997e-03,-2.00569933995524777320392416254997e-02,-9.89586998870940853459286251246885e-03
4.16499999999999999999999999999997e+01,1.74855205363015823566375228483718e-03,-9.57515287906112649752007923027754e-03,-2.03022671923496943814970469248303e-02,-9.72592285847920820726276749674441e-03
4.16749999999999999999999999999992e+01,1.50962483085145600168493114623773e-03,-9.53881215290980399199507280312441e-03,-2.05432840740048890583485859540797e-02,-9.55532192257551225869682123479045e-03
4.16999999999999999999999999999999e+01,1.27162206100538241233061338238462e-03,-9.50119861538882781793647846391739e-03,-2.07800280611846878110576431944090e-02,-9.38409611863603687203901482588153e-03
4.17250000000000000000000000000001e+01,1.03457541627261923762638186131565e-03,-9.46232413723466544707173570805479e-03,-2.10124838934599666165750203719498e-02,-9.21227434066601521466030006796995e-03
4.17500000000000000000000000000001e+01,7.98516270386682727237605681297205e-04,-9.42220072307330693584741388899311e-03,-2.12406370321628167270575281889221e-02,-9.03988543486490331869022398798887e-03
4.17749999999999999999999999999996e+01,5.63475695317516531632854891230255e-04,-9.38084050895196781363500097105975e-03,-2.14644736591395173199956109066846e-02,-8.86695819548035357969594642019350e-03
4.17999999999999999999999999999996e+01,3.29484458016930265332904534026848e-04,-9.33825575985976689614804334400584e-03,-2.16839806754002041629629472415191e-02,-8.69352136069000520107315667875664e-03
4.18249999999999999999999999999998e+01,9.65730172261519849481683407748310e-05,-9.29445886723831631203320186389321e-03,-2.18991456996659357041313496408900e-02,-8.51960360851155438866665284160266e-03
4.18500000000000000000000000000000e+01,-1.35228479654285853275658917434371e-04,-9.24946234648500593538757006445000e-03,-2.21099570668138683743731245135146e-02,-8.34523355274147837183219619261204e-03
4.18750000000000000000000000000000e+01,-3.65890199632185776351439720271164e-04,-9.20327883445214176614271674968388e-03,-2.23164038262212617203696862735483e-02,-8.17043973892276133051444681755125e-03
4.18999999999999999999999999999995e+01,-5.95382627128771462923120077438107e-04,-9.15592108694353687832350510965098e-03,-2.25184757400090433859089558262020e-02,-7.99525064034203941824783020795407e-03
4.19249999999999999999999999999994e+01,-8.23676566921149752976439132334734e-04,-9.10740197620758949008203656053847e-03,-2.27161632811856759661067565390918e-02,-7.81969465405670824435050578694044e-03
4.19500000000000000000000000000000e+01,-1.05074314702202734877655837799155e-03,-9.05773448842410603981710710727280e-03,-2.29094576316920826788555968244771e-02,-7.64380009695262694429684064772360e-03
4.19749999999999999999999999999999e+01,-1.27655382149649235588493971990495e-03,-9.00693172118250111561870688306040e-03,-2.30983506803484046086464857120645e-02,-7.46759520183302766874196267354388e-03
4.19999999999999999999999999999999e+01,-1.50108037321563920732116008762883e-03,-8.95500688095139516756964349624068e-03,-2.32828350207033758574946594306668e-02,-7.29110811353909664678799686768038e-03
4.20249999999999999999999999999999e+01,-1.72429491654685273666336289275644e-03,-8.90197328054239881339449150437457e-03,-2.34629039487871123500520589770056e-02,-7.11436688510252278627151311266689e-03
4.20499999999999999999999999999994e+01,-1.94616989998065638938204574467244e-03,-8.84784433657202485203459418400233e-03,-2.36385514607681161664406062777616e-02,-6.93739947393023250291529304955605e-03
4.20749999999999999999999999999999e+01,-2.16667810869411573226789050877930e-03,-8.79263356692432437696875023167942e-03,-2.38097722505153034069049598222511e-02,-6.76023373802160497167439179494581e-03
4.21000000000000000000000000000000e+01,-2.38579266705081735995814397506359e-03,-8.73635458821392204718339791328291e-03,-2.39765617070658731123350907200903e-02,-6.58289743221863843928219646683919e-03
4.21249999999999999999999999999998e+01,-2.60348704103740117483717516559073e-03,-8.67902111324670890762413301078040e-03,-2.41389159119998486033567144308917e-02,-6.40541820448968469878112472129943e-03
4.21499999999999999999999999999998e+01,-2.81973504063654777785045636770425e-03,-8.62064694847526603369911042411900e-03,-2.42968316367221384087116558446626e-02,-6.22782359224737093512745309378913e-03
4.21749999999999999999999999999993e+01,-3.03451082213627341189367376321456e-03,-8.56124599144824899513985079033349e-03,-2.44503063396529777288801025850991e-02,-6.05014101870117524961933246622184e-03
4.21999999999999999999999999999998e+01,-3.24778889037540359735435148590390e-03,-8.50083222825588859221324314395367e-03,-2.45993381633276203927310100775279e-02,-5.87239778924491821111865260553141e-03
4.22250000000000000000000000000000e+01,-3.45954410092517530110544341003029e-03,-8.43941973097536954760950849121912e-03,-2.47439259314061560915454477722864e-02,-5.69462108787932059676914504531642e-03
4.22500000000000000000000000000002e+01,-3.66975166220700616726582497468845e-03,-8.37702265511905188799080664421297e-03,-2.48840691455943318002250374027393e-02,-5.51683797366983286958668560589327e-03
4.22749999999999999999999999999997e+01,-3.87838713754651296010170993832567e-03,-8.31365523708596205840099397775480e-03,-2.50197679824762635534384748522468e-02,-5.33907537724011773850828061675004e-03
4.22999999999999999999999999999992e+01,-4.08542644716383895548633078833980e-03,-8.24933179161456035621669382333042e-03,-2.51510232902599365222527785197818e-02,-5.16136009730172940994774458806409e-03
4.23249999999999999999999999999999e+01,-4.29084587010028759373175968852537e-03,-8.18406670923415624159860708622238e-03,-2.52778365854364056215602423953801e-02,-4.98371879722056111076695357256551e-03
4.23500000000000000000000000000001e+01,-4.49462204608120914921205212332104e-03,-8.11787445371380300434633802290611e-03,-2.54002100493536218118636389547485e-02,-4.80617800162050629932673855367769e-03
4.23750000000000000000000000000001e+01,-4.69673197731508825670482906416750e-03,-8.05076955950988919447496182383065e-03,-2.55181465247058179802562957589607e-02,-4.62876409302459026867471383694133e-03
4.23999999999999999999999999999996e+01,-4.89715303022883401665168160131256e-03,-7.98276662921524933013952401788117e-03,-2.56316495119393929294702080765787e-02,-4.45150330853370902265449216894433e-03
4.24249999999999999999999999999996e+01,-5.09586293713934637687124649944746e-03,-7.91388033101243514553391305260374e-03,-2.57407231655762354327219563440091e-02,-4.27442173654313571277936624013112e-03
4.24499999999999999999999999999998e+01,-5.29283979786147936408655642152490e-03,-7.84412539613214055132130219995252e-03,-2.58453722904554359051898826212091e-02,-4.09754531349708925575601966884579e-03
4.24750000000000000000000000000000e+01,-5.48806208125252205360933773413004e-03,-7.77351661631592999196390227060487e-03,-2.59456023378943424746939335947738e-02,-3.92089982068179722054978519844013e-03
4.25000000000000000000000000000000e+01,-5.68150862669328383236642708710523e-03,-7.70206884128161317308108960938023e-03,-2.60414194017699298043287893396027e-02,-3.74451088105752555265528205736481e-03
4.25249999999999999999999999999995e+01,-5.87315864550583419828449913125126e-03,-7.62979697619020251991306162948678e-03,-2.61328302145214600302731141842080e-02,-3.56840395612996887852278424452299e-03
4.25499999999999999999999999999994e+01,-6.06299172230793777927170694486367e-03,-7.55671597911477171813026949684024e-03,-2.62198421430754233160690251147768e-02,-3.39260434286125983353947465653070e-03
4.25750000000000000000000000000000e+01,-6.25098781630424932183513475017374e-03,-7.48284085851269696337873485231222e-03,-2.63024631846937505857707747116744e-02,-3.21713717062075774972288733024178e-03
4.25999999999999999999999999999999e+01,-6.43712726251437595321799940771234e-03,-7.40818667070304342651875157717019e-03,-2.63807019627462947421952799103899e-02,-3.04202739817577113332938483788958e-03
4.26249999999999999999999999999999e+01,-6.62139077293795208273873336439654e-03,-7.33276851735029010048490062591216e-03,-2.64545677224085813383084976126311e-02,-2.86729981072243855061618595665796e-03
4.26499999999999999999999999999999e+01,-6.80375943765689086362641745941851e-03,-7.25660154295469797946143184647475e-03,-2.65240703262858363768572511939371e-02,-2.69297901695707446627841221164158e-03
4.26749999999999999999999999999994e+01,-6.98421472587497468537574539173554e-03,-7.17970093234897628273380940054015e-03,-2.65892202499643071401417612005819e-02,-2.51908944618832072416461580050777e-03
4.26999999999999999999999999999999e+01,-7.16273848689493544455763112063475e-03,-7.10208190820073070054349090164595e-03,-2.66500285774909002104974616148966e-02,-2.34565534549041568124666919533731e-03
4.27250000000000000000000000000000e+01,-7.33931295103316472552746479449084e-03,-7.02375972852040443429221754571763e-03,-2.67065069967821678740982246326373e-02,-2.17270077689783078564272785473906e-03
4.27499999999999999999999999999998e+01,-7.51392073047219192461041380863713e-03,-6.94474968417484738630248539757674e-03,-2.67586677949636796161377163482078e-02,-2.00024961464147068626766574376085e-03
4.27749999999999999999999999999998e+01,-7.68654482005107765532859727708158e-03,-6.86506709640711709816013787238575e-03,-2.68065238536408199705860724550836e-02,-1.82832554242661037635517722213248e-03
4.27999999999999999999999999999993e+01,-7.85716859799389016365225597364251e-03,-6.78472731436351141967554626614463e-03,-2.68500886441020583378806607617926e-02,-1.65695205075274632433306183609412e-03
4.28249999999999999999999999999998e+01,-8.02577582657646030363045943026821e-03,-6.70374571262900025172598936357279e-03,-2.68893762224557409609398145375231e-02,-1.48615243427555081244725377600770e-03
4.28500000000000000000000000000000e+01,-8.19235065273163781321666378952352e-03,-6.62213768877198920545806679199746e-03,-2.69244012247014601200583334643015e-02,-1.31594978921112954480033540564010e-03
4.28750000000000000000000000000002e+01,-8.35687760859328736193829649811204e-03,-6.53991866089869564706669086194839e-03,-2.69551788617370607343096962301911e-02,-1.14636701078279277404646478642532e-03
4.28999999999999999999999999999997e+01,-8.51934161197925970197639089288080e-03,-6.45710406521663903161255790174282e-03,-2.69817249143023499504978412538241e-02,-9.77426790710560395985107175322884e-04
4.29249999999999999999999999999992e+01,-8.67972796681355445803537577720032e-03,-6.37370935360635491256643617966504e-03,-2.70040557278605808609287258511447e-02,-8.09151614743622124419772547091706e-04
4.29499999999999999999999999999999e+01,-8.83802236348787190418573126064953e-03,-6.28974999120081891215252292735092e-03,-2.70221882074187867860806844710330e-02,-6.41563760235950478966393323457501e-04
4.29750000000000000000000000000001e+01,-8.99421087916275058560175374911259e-03,-6.20524145397310378999327473427923e-03,-2.70361398122880469156304366916713e-02,-4.74685293765214984010336334044391e-04
4.30000000000000000000000000000001e+01,-9.14827997800851497402824212066871e-03,-6.12019922633384541275944115685344e-03,-2.70459285507847671052438418934873e-02,-3.08538068795092744181187174173919e-04
4.30249999999999999999999999999996e+01,-9.30021651138630261455322443845447e-03,-6.03463879874038345722573797452796e-03,-2.70515729748740616316763354270097e-02,-1.43143723381048902957505555517800e-04
4.30499999999999999999999999999996e+01,-9.45000771796947880399621398878960e-03,-5.94857566531864905192925301277011e-03,-2.70530921747563238296044712807922e-02,2.14763220803090740557587576289621e-05
4.30749999999999999999999999999998e+01,-9.59764122380575590975592293747438e-03,-5.86202532149745150639174367802496e-03,-2.70505057733980769376498409801184e-02,1.85300867058134144568947903176957e-04
4.31000000000000000000000000000000e+01,-9.74310504232031039934833354396499e-03,-5.77500326165375108790767264550672e-03,-2.70438339210082014427474630662768e-02,3.48308933050279942510925249551866e-04
4.31250000000000000000000000000000e+01,-9.88638757426015382997304928450812e-03,-5.68752497676760332490147960431338e-03,-2.70330972894606407099978941287224e-02,5.10479765702070447589598606324574e-04
4.31499999999999999999999999999995e+01,-1.00274776075799955816066300828081e-02,-5.59960595208672775578109998598564e-03,-2.70183170666646909929172762942685e-02,6.71792836880769675066420465669382e-04
4.31749999999999999999999999999994e+01,-1.01663643172698546006335594186117e-02,-5.51126166480222868643999415699966e-03,-2.69995149508839838578928020557881e-02,8.32227846705721569194133037879460e-04
4.32000000000000000000000000000000e+01,-1.03030372651247277558328761083861e-02,-5.42250758173774417947457966670231e-03,-2.69767131450052689758058353065135e-02,9.91764725534183097353140511709972e-04
4.32249999999999999999999999999999e+01,-1.04374863994566738197612302762332e-02,-5.33335915705365098136109935405350e-03,-2.69499343507581048952092547453317e-02,1.15038363590284155487689157272332e-03
4.32499999999999999999999999999999e+01,-1.05697020547496931703069702721201e-02,-5.24383182996634217730147304141210e-03,-2.69192017628865667645772217131883e-02,1.30806497442491387365517798775904e-03
4.32749999999999999999999999999999e+01,-1.06996749512577638901971615674639e-02,-5.15394102248116484165530579441512e-03,-2.68845390632740836904111156142336e-02,1.46478937364264254048417612550874e-03
4.32999999999999999999999999999994e+01,-1.08273961945463537504432455725739e-02,-5.06370213713737841269479246459353e-03,-2.68459704150225233265331569206794e-02,1.62053770383499674560689700608551e-03
4.33249999999999999999999999999999e+01,-1.09528572749776987631142871879343e-02,-4.97313055476462225135778664648136e-03,-2.68035204564866451619103184171267e-02,1.77529107478047059121338316502058e-03
4.33500000000000000000000000000000e+01,-1.10760500671401474880224194223270e-02,-4.88224163225203847801895630126786e-03,-2.67572142952650451581974924837062e-02,1.92903083747498866418156065784367e-03
4.33749999999999999999999999999998e+01,-1.11969668292219140097263823440260e-02,-4.79105070033219598125240998005842e-03,-2.67070775021487130398816913334845e-02,2.08173858580500221374581512928054e-03
4.33999999999999999999999999999998e+01,-1.13156002023296345529342512223617e-02,-4.69957306138161855050729136988913e-03,-2.66531361050283215263200530928978e-02,2.23339615817583880712917806768780e-03
4.34249999999999999999999999999993e+01,-1.14319432097521512684377733845482e-02,-4.60782398723832811828028571956961e-03,-2.65954165827613663268468106661523e-02,2.38398563909527534380279805110417e-03
4.34499999999999999999999999999998e+01,-1.15459892561699378049835955883734e-02,-4.51581871703539438813529376041520e-03,-2.65339458590002777374632977893527e-02,2.53348936071221194989886295876900e-03
4.34750000000000000000000000000000e+01,-1.16577321268105476525014498352183e-02,-4.42357245504901908541365589892302e-03,-2.64687512959826281914339668697211e-02,2.68188990431030365482133051028177e-03
4.35000000000000000000000000000002e+01,-1.17671659865504368770471467463731e-02,-4.33110036856042853910462214430326e-03,-2.63998606882845629767994507234647e-02,2.82917010175647492160237086457750e-03
4.35249999999999999999999999999997e+01,-1.18742853789635116380783150493304e-02,-4.23841758573219476120560632869905e-03,-2.63273022565385818205871249142468e-02,2.97531303690435159859847995901746e-03
4.35499999999999999999999999999992e+01,-1.19790852253167804085212213458120e-02,-4.14553919350058029464618555333464e-03,-2.62511046411167970738365417057357e-02,3.12030204695272100135888179419314e-03
4.35749999999999999999999999999999e+01,-1.20815608235135325690792613270112e-02,-4.05248023548548018522158351745346e-03,-2.61712968957807913440805135735210e-02,3.26412072375912707011757562955920e-03
4.36000000000000000000000000000001e+01,-1.21817078469844941095035137372093e-02,-3.95925570991863595932574198711510e-03,-2.60879084812991955639236762803225e-02,3.40675291510863711836323816610846e-03
4.36250000000000000000000000000001e+01,-1.22795223435274138780091592335903e-02,-3.86588056758972133654421603215780e-03,-2.60009692590341086194370069172866e-02,3.54818272593773878450766478407549e-03
4.36499999999999999999999999999996e+01,-1.23750007340955155710255978489863e-02,-3.77236970980937520380026825625242e-03,-2.59105094844974811721748560397093e-02,3.68839451951329959845272664287823e-03
4.36749999999999999999999999999996e+01,-1.24681398115352296987974424873746e-02,-3.67873798638854107799584621985342e-03,-2.58165598008785875753540855192616e-02,3.82737291856656427509821968506742e-03
4.36999999999999999999999999999998e+01,-1.25589367392736132214412695718961e-02,-3.58500019363424953567714645648868e-03,-2.57191512325437094200214331736736e-02,3.96510280638224391220619282031577e-03
4.37250000000000000000000000000000e+01,-1.26473890499558774715408350241400e-02,-3.49117107236267292410369587428343e-03,-2.56183151785091520253599525309389e-02,4.10156932784281308569214517497826e-03
4.37500000000000000000000000000000e+01,-1.27334946440334693621039405914986e-02,-3.39726530593048001057297921856246e-03,-2.55140834058887120493562335811815e-02,4.23675789042814092596572004605139e-03
4.37749999999999999999999999999995e+01,-1.28172517883031734180851722219478e-02,-3.30329751828521017879837296763274e-03,-2.54064880433167116398603668575084e-02,4.37065416517054651862409786076033e-03
4.37999999999999999999999999999994e+01,-1.28986591143977136308019753763433e-02,-3.20928227203486909197149283966280e-03,-2.52955615743477128937000341696378e-02,4.50324408756532312748630368252741e-03
4.38250000000000000000000000000000e+01,-1.29777156172283337208723593522054e-02,-3.11523406653655453257031874301203e-03,-2.51813368308340256107481897804753e-02,4.63451385843675543805834611559604e-03
4.38499999999999999999999999999999e+01,-1.30544206533798276466772267637833e-02,-3.02116733600380983333185419345171e-03,-2.50638469862821205807527096721712e-02,4.76444994475967045717336991958574e-03
4.38749999999999999999999999999999e+01,-1.31287739394584859089702361710602e-02,-2.92709644763253097134800979476074e-03,-2.49431255491890591620416838589604e-02,4.89303908043660049146033586850403e-03
4.38999999999999999999999999999999e+01,-1.32007755503934218178683161443735e-02,-2.83303569974549745016983292606869e-03,-2.48192063563600474884891237291296e-02,5.02026826703067099443391508858627e-03
4.39249999999999999999999999999994e+01,-1.32704259176917469546449876578737e-02,-2.73899931995585751557941091493430e-03,-2.46921235662082205785961231912190e-02,5.14612477445434232768240832597871e-03
4.39499999999999999999999999999999e+01,-1.33377258276480761826656460881262e-02,-2.64500146335011150908241923596244e-03,-2.45619116520377583744616701684293e-02,5.27059614161413446828686876725727e-03
4.39750000000000000000000000000000e+01,-1.34026764195088576722944958370416e-02,-2.55105621069122793135901308654770e-03,-2.44286053953114325868088085524145e-02,5.39367017701145774708993650904191e-03
4.39999999999999999999999999999998e+01,-1.34652791835920382711835081425672e-02,-2.45717756664240699553891335368149e-03,-2.42922398789036802085703473679969e-02,5.51533495929966799186767782360324e-03
4.40249999999999999999999999999998e+01,-1.35255359593625834122245054998915e-02,-2.36337945801165948895925174223133e-03,-2.41528504803402966413715182882357e-02,5.63557883779746120586303791215334e-03
4.40499999999999999999999999999993e+01,-1.35834489334643693803866920981311e-02,-2.26967573201693819176117401687997e-03,-2.40104728650258385413333408963315e-02,5.75439043295872003189491128586100e-03
4.40749999999999999999999999999998e+01,-1.36390206377089554267243076676455e-02,-2.17608015457131830383805676344731e-03,-2.38651429794598236850432573562610e-02,5.87175863679892578197434979277535e-03
4.41000000000000000000000000000000e+01,-1.36922539470217318702505105110985e-02,-2.08260640858789563487043357301231e-03,-2.37168970444428121731610374624685e-02,5.98767261327826342869106672315168e-03
4.41250000000000000000000000000002e+01,-1.37431520773459385447949891358685e-02,-1.98926809230462319756102332042548e-03,-2.35657715482734497755494388042632e-02,6.10212179864157475315448744342799e-03
4.41499999999999999999999999999997e+01,-1.37917185835050614427873761144239e-02,-1.89607871762990271297145325782583e-03,-2.34118032399375499324118513987678e-02,6.21509590171534612012921627490211e-03
4.41749999999999999999999999999992e+01,-1.38379573570241395837724667082702e-02,-1.80305170850995085605992853713282e-03,-2.32550291222902860148141400993737e-02,6.32658490416193291597510936393212e-03
4.41999999999999999999999999999999e+01,-1.38818726239105357298060482766378e-02,-1.71020039931856113514544926056399e-03,-2.30954864452325605011937637276621e-02,6.43657906069120989802258848406950e-03
4.42250000000000000000000000000001e+01,-1.39234689423947304136038924835510e-02,-1.61753803326909929905929450578697e-03,-2.29332126988826134050373249787082e-02,6.54506889922980306573123082734614e-03
4.42500000000000000000000000000001e+01,-1.39627512006316857293494727710292e-02,-1.52507776084793745633565411417716e-03,-2.27682456067439288024055823466775e-02,6.65204522104803056087343520858917e-03
4.42749999999999999999999999999996e+01,-1.39997246143633038431671961516135e-02,-1.43283263826852486468178298997894e-03,-2.26006231188704951484765835220747e-02,6.75749910084468462505995835285055e-03
4.42999999999999999999999999999996e+01,-1.40343947245424925512508912954954e-02,-1.34081562594595938713931917620061e-03,-2.24303834050304712919298113886460e-02,6.86142188678982939629632174665030e-03
4.43249999999999999999999999999998e+01,-1.40667673949193583717785966435072e-02,-1.24903958699281361391352922549760e-03,-2.22575648478693049879325828728048e-02,6.96380520052584667768112175014822e-03
4.43500000000000000000000000000000e+01,-1.40968488095900739465809198223068e-02,-1.15751728573744373138156668545623e-03,-2.20822060360733443902516220270532e-02,7.06464093712699601696640503370562e-03
4.43750000000000000000000000000000e+01,-1.41246454705089949618761279551984e-02,-1.06626138626570602614934825085336e-03,-2.19043457575349764074041807540480e-02,7.16392126501774283966220827346525e-03
4.43999999999999999999999999999995e+01,-1.41501641949646142895043740262275e-02,-9.75284450986122201123734701474325e-04,-2.17240229925203200521174301843043e-02,7.26163862585005906944405803594265e-03
4.44249999999999999999999999999994e+01,-1.41734121130199305747045681823784e-02,-8.84598939217694936322743069173656e-04,-2.15412769068404984593547259867682e-02,7.35778573433985315062291206565360e-03
4.44500000000000000000000000000000e+01,-1.41943966649177843698870473511785e-02,-7.94217205799378819684973338625300e-04,-2.13561468450275095188269074974881e-02,7.45235557806267978176715176635893e-03
4.44749999999999999999999999999999e+01,-1.42131255984516961447141444944257e-02,-7.04151499720793800202807647696121e-04,-2.11686723235157108335076967523680e-02,7.54534141720892402854736834724202e-03
4.44999999999999999999999999999999e+01,-1.42296069663027420502365882685028e-02,-6.14413962774701898238882226493983e-04,-2.09788930238299289886089133524333e-02,7.63673678429872220446707966889346e-03
4.45249999999999999999999999999999e+01,-1.42438491233430253984213319536832e-02,-5.25016628232381370651664440774039e-04,-2.07868487857811958886105449834927e-02,7.72653548385692756358041056442328e-03
4.45499999999999999999999999999994e+01,-1.42558607239063300807033345357115e-02,-4.35971419542900162144460919166140e-04,-2.05925796006711071853716201456197e-02,7.81473159204842285025594975175042e-03
4.45749999999999999999999999999999e+01,-1.42656507190265583209457460092704e-02,-3.47290149056531556091840248497502e-04,-2.03961256045057908454449588572628e-02,7.90131945627403235852550842818028e-03
4.45999999999999999999999999999999e+01,-1.42732283536445501581104758235465e-02,-2.58984516771726911095342855652059e-04,-2.01975270712204683059154930439682e-02,7.98629369472723313889669056429290e-03
4.46249999999999999999999999999998e+01,-1.42786031637838619501220907814510e-02,-1.71066109104740058520633478816161e-04,-1.99968244059155859742041523255612e-02,8.06964919591184990806460297605644e-03
4.46499999999999999999999999999998e+01,-1.42817849736960620738896681796064e-02,-8.35463976813708374128813935472078e-05,-1.97940581381054898487645564654211e-02,8.15138111812095394781094609275103e-03
4.46749999999999999999999999999993e+01,-1.42827838929760980803993404291123e-02,3.56326184894947433800098451050364e-06,-1.95892689149806097490388319372723e-02,8.23148488887724860496149171844828e-03
4.46999999999999999999999999999998e+01,-1.42816103136483034584790316987534e-02,9.02516309759211088959520309159020e-05,-1.93824974946841119127651997971383e-02,8.30995620433527075179165229895920e-03
4.47250000000000000000000000000000e+01,-1.42782749072236340705368000241691e-02,1.76507589467143415571102278010644e-04,-1.91737847396039703575291312995322e-02,8.38679102864574000094996080675823e-03
4.47500000000000000000000000000002e+01,-1.42727886217287399601633305342750e-02,2.62320136482529593972557680776726e-04,-1.89631716096813995317424989376919e-02,8.46198559328235015101514265467471e-03
4.47749999999999999999999999999997e+01,-1.42651626787074790236712141720554e-02,3.47678391664635179209089572731755e-04,-1.87506991557365840147459064917087e-02,8.53553639633125252139837638177205e-03
4.47999999999999999999999999999992e+01,-1.42554085701954672337557508065117e-02,4.32571596205502065718742459090083e-04,-1.85364085128126350870869238688970e-02,8.60744020174346324341067180161824e-03
4.48249999999999999999999999999999e+01,-1.42435380556682458312558926899259e-02,5.16989113890491315065181390324564e-04,-1.83203408935386979829707913686354e-02,8.67769403855044851893238552009911e-03
4.48500000000000000000000000000001e+01,-1.42295631589636393056280222674407e-02,6.00920432119143702168881105656274e-04,-1.81025375815131267311136570760029e-02,8.74629520004318679898582849867419e-03
4.48750000000000000000000000000001e+01,-1.42134961651788825961502000465774e-02,6.84355162902696494908013513508058e-04,-1.78830399247076354973697700250209e-02,8.81324124291504427749470464574064e-03
4.48999999999999999999999999999996e+01,-1.41953496175431076071361329817710e-02,7.67283043837749542161255858097900e-04,-1.76618893288933267596515599316505e-02,8.87852998636880870453601458923231e-03
4.49249999999999999999999999999996e+01,-1.41751363142657901790315443706358e-02,8.49693939055738447571146012524437e-04,-1.74391272510894882224949749073422e-02,8.94215951118820771395466789570585e-03
4.49499999999999999999999999999998e+01,-1.41528693053617634449593499891539e-02,9.31577840148173430163236358655773e-04,-1.72147951930360425714146033060302e-02,9.00412815877421129039745414201665e-03
4.49750000000000000000000000000000e+01,-1.41285618894534012528452551406200e-02,1.01292486706784019511952685830416e-03,-1.69889346946905268849720151095546e-02,9.06443453014640486406167387660131e-03
4.50000000000000000000000000000000e+01,-1.41022276105505691682996985531259e-02,1.09372526900623204961600280823426e-03,-1.67615873277504712951869218312471e-02,9.12307748490972771405059493841509e-03
4.50249999999999999999999999999995e+01,-1.40738802548089345436584685053066e-02,1.17396942524741043039213232881553e-03,-1.65327946892020388576021429107901e-02,9.18005614018689297819490145910800e-03
4.50499999999999999999999999999994e+01,-1.40435338472672239229806808811104e-02,1.25364784599835036090646151375178e-03,-1.63025983948957804096038640243279e-02,9.23536986951682614433524878861497e-03
4.50750000000000000000000000000000e+01,-1.40112026485640165068620520955357e-02,1.33275117319568155483247494626137e-03,-1.60710400731503496230468519255213e-02,9.28901830171946903020334063736668e-03
4.50999999999999999999999999999999e+01,-1.39769011516346661769495414551191e-02,1.41127018128862113147863062359546e-03,-1.58381613583850147683941664322175e-02,9.34100131972729629823052795329512e-03
4.51249999999999999999999999999999e+01,-1.39406440783889504822950313720436e-02,1.48919577799784574849092098276421e-03,-1.56040038847817950806173399040601e-02,9.39131905938388758470758408292970e-03
4.51499999999999999999999999999999e+01,-1.39024463763700507834843969526092e-02,1.56651900505011302631708229136910e-03,-1.53686092799780410830344816078141e-02,9.43997190820989518728192694261760e-03
4.51749999999999999999999999999994e+01,-1.38623232153954703838947567780239e-02,1.64323103888862671628058996409203e-03,-1.51320191587902697493818894163373e-02,9.48696050413674555035176020103337e-03
4.51999999999999999999999999999999e+01,-1.38202899841804945737804580111564e-02,1.71932319135937727943962560793335e-03,-1.48942751169700569456195470284913e-02,9.53228573420841157386287950853025e-03
4.52249999999999999999999999999999e+01,-1.37763622869447885143224559776415e-02,1.79478691037383463552528368564220e-03,-1.46554187249927811666929473887704e-02,9.57594873325159357814087197857430e-03
4.52499999999999999999999999999998e+01,-1.37305559400027199060750669573071e-02,1.86961378054829440376025425930612e-03,-1.44154915218800040691725019277620e-02,9.61795088251465354158304902926175e-03
4.52749999999999999999999999999998e+01,-1.36828869683379892465441220129399e-02,1.94379552381988706840024680119223e-03,-1.41745350090562645162198759528421e-02,9.65829380827566164420172330906149e-03
4.52999999999999999999999999999993e+01,-1.36333716021631546855916772801936e-02,2.01732400003892440460142230207390e-03,-1.39325906442410536551404058031324e-02,9.69697938041993112096758632216122e-03
4.53249999999999999999999999999998e+01,-1.35820262734646489787241884780926e-02,2.09019120753712229777201060857955e-03,-1.36896998353767290031845794349795e-02,9.73400971098742668028624334834371e-03
4.53499999999999999999999999999999e+01,-1.35288676125338957195977128561669e-02,2.16238928367143662188891993845054e-03,-1.34459039345931159302289656890968e-02,9.76938715269042566157747880458656e-03
4.53750000000000000000000000000002e+01,-1.34739124444851333638983027730325e-02,2.23391050534367831562975409886622e-03,-1.32012442322095356690196153533014e-02,9.80311429740179268817492305397717e-03
4.53999999999999999999999999999997e+01,-1.34171777857605462062505383884536e-02,2.30474728949644615608986077827295e-03,-1.29557619507749902014925864724992e-02,9.83519397461421173145676646535684e-03
4.54249999999999999999999999999992e+01,-1.33586808406232866713952261803821e-02,2.37489219358595427825036471130318e-03,-1.27094982391472258156741489323312e-02,9.86562924987071971816378749100510e-03
4.54499999999999999999999999999999e+01,-1.32984389976389626327400825150512e-02,2.44433791603198483485080517051440e-03,-1.24624941666113882852305285065131e-02,9.89442342316690759050947247490089e-03
4.54750000000000000000000000000001e+01,-1.32364698261461641419454049791042e-02,2.51307729664469596100802768847938e-03,-1.22147907170389730743947909699612e-02,9.92158002732518620313165212804186e-03
4.55000000000000000000000000000001e+01,-1.31727910727166151990453286882613e-02,2.58110331702772053054162231938870e-03,-1.19664287830877637354858087901198e-02,9.94710282634153469630702917791079e-03
4.55249999999999999999999999999996e+01,-1.31074206576055494950439793266262e-02,2.64840910095712640165144513490622e-03,-1.17174491604434412386949126042062e-02,9.97099581370514356098225989842123e-03
4.55499999999999999999999999999996e+01,-1.30403766711929140698143361719651e-02,2.71498791473629061518638543850054e-03,-1.14678925421035369884013201002511e-02,9.99326321069133739711926442782484e-03
4.55749999999999999999999999999998e+01,-1.29716773704159968868105096426233e-02,2.78083316752722972446045341713613e-03,-1.12177995127043930409502326412815e-02,1.00139094646281340055573141655906e-02
4.56000000000000000000000000000000e+01,-1.29013411751940579609026200106773e-02,2.84593841165907695349898970953930e-03,-1.09672105428917842705422280783167e-02,1.00329392471367895561581519238200e-02
4.56250000000000000000000000000000e+01,-1.28293866648455294005404670819042e-02,2.91029734291410072565857659153439e-03,-1.07161659837358482578193535174724e-02,1.00503574523467016023865833069580e-02
4.56499999999999999999999999999995e+01,-1.27558325744983464429058763491626e-02,2.97390380079113607072172871332174e-03,-1.04647060611909589152566908990565e-02,1.00661691950850787634998126713168e-02
4.56749999999999999999999999999994e+01,-1.26806977914939801765661505888773e-02,3.03675176874592811676965798651886e-03,-1.02128708706011692576717184007486e-02,1.00803798090418125913252073275524e-02
4.57000000000000000000000000000000e+01,-1.26040013517857555739165979716925e-02,3.09883537440792631717693302450068e-03,-9.96070037125183779741188619641358e-03,1.00929948449099854086741139121574e-02
4.57249999999999999999999999999999e+01,-1.25257624363320452627342868355369e-02,3.16014888977347871289688626803683e-03,-9.70823438096804251441860991918822e-03,1.01040200685024204680249760465868e-02
4.57499999999999999999999999999999e+01,-1.24460003674849243827445084314123e-02,3.22068673137585540719870085488619e-03,-9.45551257076037661590402884690615e-03,1.01134614588446490532398398626908e-02
4.57749999999999999999999999999999e+01,-1.23647346053748576557095441153259e-02,3.28044346043274378024413594442734e-03,-9.20257445951871114386756898862826e-03,1.01213252062446572463385698849033e-02
4.57999999999999999999999999999994e+01,-1.22819847442919753257019676591085e-02,3.33941378297167590181797111234925e-03,-8.94945940875450025735606234030755e-03,1.01276177103397920774408462933686e-02
4.58249999999999999999999999999999e+01,-1.21977705090644883019959318679482e-02,3.39759254993342709692399582780538e-03,-8.69620661739219510436618535307989e-03,1.01323455781212405440733004584550e-02
4.58499999999999999999999999999999e+01,-1.21121117514347967760914334464602e-02,3.45497475725307373893983064977231e-03,-8.44285511661032148218287873359280e-03,1.01355156219365218583373046772061e-02
4.58749999999999999999999999999998e+01,-1.20250284464338556758418901039724e-02,3.51155554591835210218973117186607e-03,-8.18944376473276538949625392181655e-03,1.01371348574704357334114857745507e-02
4.58999999999999999999999999999998e+01,-1.19365406887543664133660267254495e-02,3.56733020200522054992686470222355e-03,-7.93601124217079973857986081548659e-03,1.01372105017048884442858704441862e-02
4.59249999999999999999999999999993e+01,-1.18466686891233621688320363105460e-02,3.62229415669088752886097963501028e-03,-7.68259604641637530922124378911108e-03,1.01357499708579912167058904615354e-02
4.59499999999999999999999999999998e+01,-1.17554327706747442243481254322993e-02,3.67644298624477877887543648964910e-03,-7.42923648708718937151281734041203e-03,1.01327608783028124519542491379496e-02
4.59749999999999999999999999999999e+01,-1.16628533653223152019183755806796e-02,3.72977241199786339579049204759886e-03,-7.17597068102403578825273026316397e-03,1.01282510324661747947574303213526e-02
4.60000000000000000000000000000002e+01,-1.15689510101338474432668946710188e-02,3.78227830029051692421741347760540e-03,-6.92283654744093034135394278181903e-03,1.01222284347079118823575092713189e-02
4.60249999999999999999999999999997e+01,-1.14737463437067235848043841741000e-02,3.83395666239885725760610107063269e-03,-6.66987180312849436684753123263700e-03,1.01147012771810205426124005019741e-02
4.60499999999999999999999999999992e+01,-1.13772601025456895139368857919664e-02,3.88480365443939844977616008041595e-03,-6.41711395771106878883381817611508e-03,1.01056779406731491775839894219545e-02
4.60749999999999999999999999999999e+01,-1.12795131174432629545400487735151e-02,3.93481557725195385193823761752997e-03,-6.16460030895801974462749768813236e-03,1.00951669924298517434095864051718e-02
4.61000000000000000000000000000001e+01,-1.11805263098633404846304052777278e-02,3.98398887626089369160117111590892e-03,-5.91236793814968647620522675431050e-03,1.00831771839600198305795253306713e-02
4.61250000000000000000000000000001e+01,-1.10803206883285411956442399863016e-02,4.03232014131500526272759715970808e-03,-5.66045370549841200006052245156161e-03,1.00697174488238953699789897628719e-02
4.61499999999999999999999999999996e+01,-1.09789173448118182004913826813139e-02,4.07980610650625118298791137674881e-03,-5.40889424562508699796482965934487e-03,1.00547969004040688106552831194867e-02
4.61749999999999999999999999999996e+01,-1.08763374511328621927886707409809e-02,4.12644364996768089179484105176019e-03,-5.15772596309162712254301107588493e-03,1.00384248296598782907898143099165e-02
4.61999999999999999999999999999998e+01,-1.07726022553598158776162979678792e-02,4.17222979365066886547775111570205e-03,-4.90698502798979338050545739768577e-03,1.00206107028656359777409824371258e-02
4.62250000000000000000000000000000e+01,-1.06677330782168148230998449736876e-02,4.21716170308157031221770679360352e-03,-4.65670737158675452886796995241127e-03,1.00013641593331124455465316934476e-02
4.62500000000000000000000000000000e+01,-1.05617513094978688564528078721377e-02,4.26123668709782273687691996790104e-03,-4.40692868202777965820267890891987e-03,9.98069500911870844042594941179175e-03
4.62749999999999999999999999999995e+01,-1.04546784044875978422487617887781e-02,4.30445219756349625695210546775489e-03,-4.15768440009643845524221943452585e-03,9.95861323071573917834935631233287e-03
4.62999999999999999999999999999994e+01,-1.03465358803893353452636216608059e-02,4.34680582906432778434120891759764e-03,-3.90900971503267605777112118018326e-03,9.93512896873225259594656466895011e-03
4.63250000000000000000000000000000e+01,-1.02373453127611116854475870743791e-02,4.38829531858237197321243700509440e-03,-3.66093956040911891298250812692608e-03,9.91025253155480039010595777450070e-03
4.63499999999999999999999999999999e+01,-1.01271283319600229186156980113688e-02,4.42891854515053155188913356880206e-03,-3.41350861006595760690923550732691e-03,9.88399438899857857793683269565025e-03
4.63749999999999999999999999999999e+01,-1.00159066195954844371130819694860e-02,4.46867352948731526985536221491725e-03,-3.16675127410474223332858357326188e-03,9.85636516994435313591870864487241e-03
4.63999999999999999999999999999999e+01,-9.90370190499185929247977685201539e-03,4.50755843361214024666027089996382e-03,-2.92070169494141546828435497900528e-03,9.82737565996258800957559986463894e-03
4.64249999999999999999999999999994e+01,-9.79053596166094518785730535051738e-03,4.54557156044134161676396080611286e-03,-2.67539374341889801829135441940635e-03,9.79703679892519856443966044022486e-03
4.64499999999999999999999999999999e+01,-9.67643060378480247828531001881545e-03,4.58271135336486455155340236661192e-03,-2.43086101497953043645668341823394e-03,9.76535967860536103683550447171610e-03
4.64749999999999999999999999999999e+01,-9.56140768270940758486807570280721e-03,4.61897639580352647052343379310196e-03,-2.18713682589766447478915301490160e-03,9.73235554026581229668697037624902e-03
4.64999999999999999999999999999998e+01,-9.44548908344961820139030373793146e-03,4.65436541074683273138811097073936e-03,-1.94425420957268632131550161753289e-03,9.69803577223606975506818263548895e-03
4.65249999999999999999999999999998e+01,-9.32869672120593426212227881658934e-03,4.68887726027156285683566521776197e-03,-1.70224591288274346446426926279185e-03,9.66241190747898956280727049384621e-03
4.65499999999999999999999999999993e+01,-9.21105253789353022766595063480314e-03,4.72251094504156113597000478189848e-03,-1.46114439259943663173524677411996e-03,9.62549562114706962033468681884095e-03
4.65749999999999999999999999999998e+01,-9.09257849868402242439263232338246e-03,4.75526560378920542285628392764253e-03,-1.22098181186372814708540655241984e-03,9.58729872812890112179393470691657e-03
4.65999999999999999999999999999999e+01,-8.97329658856042522875267702471357e-03,4.78714051277884894421554388435925e-03,-9.81790036723307862140049016365648e-04,9.54783318058618163365967971923911e-03
4.66250000000000000000000000000002e+01,-8.85322880888574608207282046505390e-03,4.81813508525224976793728160227110e-03,-7.43600632731647295163213190899201e-04,9.50711106548171821047590865760310e-03
4.66499999999999999999999999999997e+01,-8.73239717398567165439824286952552e-03,4.84824887085582161477430173104397e-03,-5.06444861608961746176271131631988e-04,9.46514460209885926613766434494470e-03
4.66749999999999999999999999999992e+01,-8.61082370774580144722079575246292e-03,4.87748155504959506139548086980809e-03,-2.70353677965289204926733767658239e-04,9.42194613955279013620830933705072e-03
4.66999999999999999999999999999999e+01,-8.48853044022388484932926260478141e-03,4.90583295849803853866901803630019e-03,-3.53577260858841888101011382676808e-05,9.37752815429411067424300694106690e-03
4.67250000000000000000000000000001e+01,-8.36553940427751013483118394190663e-03,4.93330303644317162848410990935860e-03,1.98512663220885565258235845565430e-04,9.33190324760509479814423198814912e-03
4.67500000000000000000000000000001e+01,-8.24187263220768125106422305642197e-03,4.95989187806050707131453275347054e-03,4.31227475712961503942978099131200e-04,9.28508414308902461420737285786367e-03
4.67749999999999999999999999999996e+01,-8.11755215241870626704129727772059e-03,4.98559970579820922752457076086426e-03,6.62757016741167605100461639723109e-04,9.23708368415300077368131506026934e-03
4.67999999999999999999999999999996e+01,-7.99259998609481529499145016527824e-03,5.01042687469956470849124785361053e-03,8.93071914212776790907358911733531e-04,9.18791483148464919753264718238095e-03
4.68249999999999999999999999999998e+01,-7.86703814389392650792569372742633e-03,5.03437387170863654436441241029274e-03,1.12214312149192323129858705078798e-03,9.13759066052315815086421759823327e-03
4.68500000000000000000000000000000e+01,-7.74088862265898258975850776604268e-03,5.05744131495897476426232586515137e-03,1.34994192023672422662107380327364e-03,9.08612435892507795633237582397071e-03
4.68750000000000000000000000000000e+01,-7.61417340214728064767654721415376e-03,5.07962995304547606950707963446110e-03,1.57643992317298597367687138210213e-03,9.03352922402529883789858528385643e-03
4.68999999999999999999999999999995e+01,-7.48691444177821268502865802622228e-03,5.10094066427976113421427890254630e-03,1.80160907680437763822249746573657e-03,8.97981866029360192030236582348018e-03
4.69249999999999999999999999999994e+01,-7.35913367739982234310657151617823e-03,5.12137445592957577405561830538202e-03,2.02542166405896787138125150692783e-03,8.92500617678716817352074485796559e-03
4.69500000000000000000000000000000e+01,-7.23085301807457163957400452554440e-03,5.14093246344263562738815704106121e-03,2.24785030687202757419687270142231e-03,8.86910538459943619387167996613003e-03
4.69749999999999999999999999999999e+01,-7.10209434288470379350189178511939e-03,5.15961594965509945219546159348236e-03,2.46886796870501268910276865691950e-03,8.81212999430571623003331953170505e-03
4.69999999999999999999999999999999e+01,-6.97287949775758648922077883396688e-03,5.17742630398464717459800111130398e-03,2.68844795700065117667549602684573e-03,8.75409381340598159436177142049186e-03
4.70249999999999999999999999999999e+01,-6.84323029231142146683768785874607e-03,5.19436504160809648407980436137961e-03,2.90656392557406890122118854782516e-03,8.69501074376525897353113502149516e-03
4.70499999999999999999999999999994e+01,-6.71316849672170651314954097254232e-03,5.21043380262362912104628218070031e-03,3.12318987693989953647077886822357e-03,8.63489477905202570287081304596605e-03
4.70749999999999999999999999999999e+01,-6.58271583860883150771317168227671e-03,5.22563435119790408452897975736052e-03,3.33830016457533357234479115016828e-03,8.57376000217500412199542065291589e-03
4.70999999999999999999999999999999e+01,-6.45189399994718132403638524886313e-03,5.23996857469846544424816232966767e-03,3.55186949511907109707190783035136e-03,8.51162058271873240481185565074707e-03
4.71249999999999999999999999999998e+01,-6.32072461399610814699929509615389e-03,5.25343848281183262174197688329871e-03,3.76387293050615251570326208618074e-03,8.44849077437829331778647220334986e-03
4.71499999999999999999999999999998e+01,-6.18922926225312764595901571334407e-03,5.26604620664752691773057204187372e-03,3.97428589003865103291316293747030e-03,8.38438491239359325062420130800658e-03
4.71749999999999999999999999999993e+01,-6.05742947142968901345886087517897e-03,5.27779399782814482988657260818096e-03,4.18308415239222067651388550385632e-03,8.31931741098359391005622609155833e-03
4.71999999999999999999999999999998e+01,-5.92534671044986709612835889245341e-03,5.28868422756552841827776574415242e-03,4.39024385755850373581977416280084e-03,8.25330276078090035338525634903082e-03
4.72249999999999999999999999999999e+01,-5.79300238747232320797065263977082e-03,5.29871938572312652717436150988864e-03,4.59574150872341149023855432983314e-03,8.18635552626710071126932494217309e-03
4.72500000000000000000000000000002e+01,-5.66041784693587764926892365974253e-03,5.30790207986473975863123558848369e-03,4.79955397408130183251532726328283e-03,8.11849034320924078549615414653587e-03
4.72749999999999999999999999999997e+01,-5.52761436662903096811914646732358e-03,5.31623503428992721621302973529434e-03,5.00165848858508684845496599195983e-03,8.04972191609780803936239287724452e-03
4.72999999999999999999999999999992e+01,-5.39461315478376355464595180227005e-03,5.32372108905638287580710603879380e-03,5.20203265563231274416455092332752e-03,7.98006501558659788244976017871373e-03
4.73249999999999999999999999999999e+01,-5.26143534719393567396933077322813e-03,5.33036319898956646361878460146483e-03,5.40065444868726387438324943683300e-03,7.90953447593483869609163144475172e-03
4.73500000000000000000000000000001e+01,-5.12810200435860351218889551549775e-03,5.33616443267982541439908490792973e-03,5.59750221283915209057538740242207e-03,7.83814519245195594085884619810959e-03
4.73750000000000000000000000000001e+01,-4.99463410865056151829989039461419e-03,5.34112797146719639374870248560079e-03,5.79255466629646215132594156757685e-03,7.76591211894535622501645908060348e-03
4.73999999999999999999999999999996e+01,-4.86105256151041708673907821072300e-03,5.34525710841403998165358448920969e-03,5.98579090181753342448323898624337e-03,7.69285026517160896899346712345138e-03
4.74249999999999999999999999999996e+01,-4.72737818066650001726635325811939e-03,5.34855524726564802378271347341788e-03,6.17719038807746748912467581014725e-03,7.61897469429139827765715692819752e-03
4.74499999999999999999999999999998e+01,-4.59363169738090557141865963152133e-03,5.35102590139897939248692161606594e-03,6.36673297097146049929516410173059e-03,7.54430052032861286331190921937540e-03
4.74750000000000000000000000000000e+01,-4.45983375372196547152458916963545e-03,5.35267269275973094815924825883680e-03,6.55439887485466831702583049830232e-03,7.46884290563393791997361725364249e-03
4.75000000000000000000000000000000e+01,-4.32600489986343513498225351890419e-03,5.35349935078802035488000837668452e-03,6.74016870371872147502788110616524e-03,7.39261705835330932709085327354430e-03
4.75249999999999999999999999999995e+01,-4.19216559141067780190885608039688e-03,5.35350971133300647580770707089611e-03,6.92402344230501599843753802579751e-03,7.31563822990158748643940955035586e-03
4.75499999999999999999999999999994e+01,-4.05833618675411807674943768613244e-03,5.35270771555676036633992167553213e-03,7.10594445715491502233173292360002e-03,7.23792171244180641529873311580357e-03
4.75750000000000000000000000000000e+01,-3.92453694445023050109162235937346e-03,5.35109740882761842425817962863864e-03,7.28591349759700503415665876027274e-03,7.15948283637035415976797632624005e-03
4.75999999999999999999999999999999e+01,-3.79078802063032435491728327311891e-03,5.34868293960314377402983617609296e-03,7.46391269667155949221729720355272e-03,7.08033696780844211841799262376564e-03
4.76249999999999999999999999999999e+01,-3.65710946643738361568951121141514e-03,5.34546855830276633008658539150667e-03,7.63992457199237151595329527452109e-03,7.00049950610022062877044088113479e-03
4.76499999999999999999999999999999e+01,-3.52352122549121889790988057754543e-03,5.34145861617021612833719426541835e-03,7.81393202654612622977571584434810e-03,6.91998588131789355212348681971758e-03
4.76749999999999999999999999999994e+01,-3.39004313138218382870400051293337e-03,5.33665756412599020375141933793156e-03,7.98591834942949205533543529874243e-03,6.83881155177417582187087008648619e-03
4.76999999999999999999999999999999e+01,-3.25669490519370061463070876676074e-03,5.33106995161021772083523566446444e-03,8.15586721652411872541096566596171e-03,6.75699200154242875279820650919802e-03
4.77249999999999999999999999999999e+01,-3.12349615305382977995326746991590e-03,5.32470042541631963589624541728015e-03,8.32376269110973809072776281092633e-03,6.67454273798480327022983596614399e-03
4.77499999999999999999999999999998e+01,-2.99046636371611010037946749751851e-03,5.31755372851576700062153113383290e-03,8.48958922441557205943311650487483e-03,6.59147928928872330394324038985870e-03
4.77749999999999999999999999999998e+01,-2.85762490616988912907161400114275e-03,5.30963469887408512667077196772308e-03,8.65333165611026039008494121483322e-03,6.50781720201204758365550719379613e-03
4.77999999999999999999999999999993e+01,-2.72499102728036264496939285424699e-03,5.30094826825814030401988735048946e-03,8.81497521473052957326300982186426e-03,6.42357203863725167882011514777140e-03
4.78249999999999999999999999999998e+01,-2.59258384945854049220836367907568e-03,5.29149946103476436438822931614841e-03,8.97450551804883255098291384274424e-03,6.33875937513496816118205544562559e-03
4.78499999999999999999999999999999e+01,-2.46042236836135329633201895147754e-03,5.28129339296091123211394113827023e-03,9.13190857338019733614841400404489e-03,6.25339479853721134900481239803746e-03
4.78750000000000000000000000000002e+01,-2.32852545062210754580549161672554e-03,5.27033526996570139957979231402850e-03,9.28717077782853058494674364048243e-03,6.16749390452059999881630295042374e-03
4.78999999999999999999999999999997e+01,-2.19691183161148647741858073041783e-03,5.25863038692477898411852502872391e-03,9.44027891847262989848872465010816e-03,6.08107229499988393551158655600778e-03
4.79249999999999999999999999999992e+01,-2.06560011322928425940671196321032e-03,5.24618412642733209625661698293932e-03,9.59122017249216628554459880635214e-03,5.99414557573208239381152711016600e-03
4.79499999999999999999999999999999e+01,-1.93460876172705420487722012891667e-03,5.23300195753596425652777716028630e-03,9.73998210723390600601561655249002e-03,5.90672935393154948264946503488066e-03
4.79750000000000000000000000000001e+01,-1.80395610556184895017638612982167e-03,5.21908943453946977113906766582676e-03,9.88655268021844898593336885569769e-03,5.81883923589628790848007587395029e-03
4.80000000000000000000000000000001e+01,-1.67366033328122965173749484183577e-03,5.20445219569855420637467362151157e-03,1.00309202390877690097394150397274e-02,5.73049082464582939494102816944907e-03
4.80249999999999999999999999999996e+01,-1.54373949143971894619649585912620e-03,5.18909596198465682318351033556443e-03,1.01730735214938487242446112431285e-02,5.64169971757098873902147977834280e-03
4.80499999999999999999999999999996e+01,-1.41421148254686646196131855960354e-03,5.17302653581218866589334116191663e-03,1.03130016549287099784168988434293e-02,5.55248150409578419685096439085306e-03
4.80749999999999999999999999999999e+01,-1.28509406304708649843584958349686e-03,5.15624979976458630796123364549636e-03,1.04506941564961472092116586901178e-02,5.46285176335180785391229604568555e-03
4.80999999999999999999999999999999e+01,-1.15640484133141775141990721832034e-03,5.13877171531454104227315413452427e-03,1.05861409326254786597119556076173e-02,5.37282606186532979077552252365424e-03
4.81250000000000000000000000000000e+01,-1.02816127578134753823887859085592e-03,5.12059832153863271188431340573109e-03,1.07193322787276373891935848092297e-02,5.28241995125742640467154630253644e-03
4.81499999999999999999999999999995e+01,-9.00380672844838946628427403864749e-04,5.10173573382647290789206924915178e-03,1.08502588787939313759488769750059e-02,5.19164896595742887683023663204273e-03
4.81749999999999999999999999999994e+01,-7.73080185144697372116055585290368e-04,5.08219014258442822647472749465315e-03,1.09789118049378094115251529006385e-02,5.10052862092998616475483247473403e-03
4.82000000000000000000000000000000e+01,-6.46276809619410411850583380457171e-04,5.06196781193406490106398218880779e-03,1.11052825168799767349584730907488e-02,5.00907440941602723378685977174541e-03
4.82249999999999999999999999999999e+01,-5.19987385696590072055313200215268e-04,5.04107507840557255981598895424662e-03,1.12293628613772113105709624937070e-02,4.91730180068789446239992353543823e-03
4.82499999999999999999999999999999e+01,-3.94228593499138652991274686802654e-04,5.01951834962650390579639737398054e-03,1.13511450715952383227955455166420e-02,4.82522623781891100402055162070056e-03
4.82749999999999999999999999999999e+01,-2.69016952084251154169644608258160e-04,4.99730410300616134209102057719309e-03,1.14706217664260269928117496354559e-02,4.73286313546764295565887569993147e-03
4.82999999999999999999999999999994e+01,-1.44368817715359633434287000317448e-04,4.97443888441588675128828086155705e-03,1.15877859497498803820695409383789e-02,4.64022787767712064673694067254459e-03
4.83249999999999999999999999999999e+01,-2.03003821671196751182543374049579e-05,4.95092930686542555351727023209885e-03,1.17026310096426955063600030586968e-02,4.54733581568928682749119868293142e-03
4.83499999999999999999999999999999e+01,1.03172328936464523478874958969151e-04,4.92678204917549597233584606270184e-03,1.18151507175287777749780581351223e-02,4.45420226577493824829540985166385e-03
4.83749999999999999999999999999998e+01,2.26033457750683366305026697483844e-04,4.90200385464671485731038553602833e-03,1.19253392272796003537583075847512e-02,4.36084250707942021105784997290662e-03
4.83999999999999999999999999999998e+01,3.48267315805444752676732488407966e-04,4.87660152972508679620229631636577e-03,1.20331910742589054213094646737525e-02,4.26727177948432421878698840438529e-03
4.84249999999999999999999999999993e+01,4.69858385567193875490917984830499e-04,4.85058194266431294041800646158736e-03,1.21387011743145504365625657635791e-02,4.17350528148543111833235414315224e-03
4.84499999999999999999999999999998e+01,5.90791321967353856745150490200705e-04,4.82395202218519396973506095528241e-03,1.22418648227175085412680088661824e-02,4.07955816808713843026270063816678e-03
4.84750000000000000000000000000000e+01,7.11050953897217888059890670854514e-04,4.79671875613238784840809093336396e-03,1.23426776930484381788095075432394e-02,3.98544554871361003274257737444173e-03
4.85000000000000000000000000000002e+01,8.30622285669229700860087058616938e-04,4.76888919012875361780175640366339e-03,1.24411358360322429664524256342010e-02,3.89118248513688627471118745918985e-03
4.85249999999999999999999999999997e+01,9.49490498444594594930653914051684e-04,4.74047042622748345907074297558126e-03,1.25372356783210487907622953692522e-02,3.79678398942219064807535717357539e-03
4.85499999999999999999999999999992e+01,1.06764095162716803042922680075744e-03,4.71146962156220472210994211851409e-03,1.26309740212260309499259209164620e-02,3.70226502189066493286288285794582e-03
4.85749999999999999999999999999999e+01,1.18505918422357319353463458203318e-03,4.68189398699522503213023034101471e-03,1.27223480393985298979148414700260e-02,3.60764048909975936126519196347985e-03
4.86000000000000000000000000000001e+01,1.30173091616950332831026450153455e-03,4.65175078576410100909697834984425e-03,1.28113552794608997423770242829681e-02,3.51292524184149910561054127382937e-03
4.86250000000000000000000000000001e+01,1.41764204962216943111578132454815e-03,4.62104733212673691959620003247457e-03,1.28979936585875391215070929722428e-02,3.41813407315884373233951663436330e-03
4.86499999999999999999999999999996e+01,1.53277867021885952199741486057184e-03,4.58979099000525618654685683915978e-03,1.29822614630365594468234787150510e-02,3.32328171638035194767961797858422e-03
4.86749999999999999999999999999996e+01,1.64712704830158217141184363458403e-03,4.55798917162891565704128047141979e-03,1.30641573466325507550431793935448e-02,3.22838284317335988681864192471441e-03
4.86999999999999999999999999999999e+01,1.76067364010777372362870501617842e-03,4.52564933617632708892646737475401e-03,1.31436803292009105738509928544561e-02,3.13345206161587779450226054075634e-03
4.87249999999999999999999999999999e+01,1.87340508892705478003141521203350e-03,4.49277898841720655409884224159942e-03,1.32208297949542062967937900968072e-02,3.03850391428740764946523528806456e-03
4.87500000000000000000000000000000e+01,1.98530822622402625516018731046942e-03,4.45938567735381267996379459514421e-03,1.32956054908310466064842039282362e-02,2.94355287637888266428403608874976e-03
4.87749999999999999999999999999995e+01,2.09637007272709879800119161913412e-03,4.42547699486219917151841674886709e-03,1.33680075247879424823051169963865e-02,2.84861335382192717291416181425012e-03
4.87999999999999999999999999999994e+01,2.20657783948335262372905808366419e-03,4.39106057433342573240539760350950e-03,1.34380363640446432381402866096918e-02,2.75369968143763070260392302632710e-03
4.88250000000000000000000000000000e+01,2.31591892887942918582993360483140e-03,4.35614408931493779706729307042246e-03,1.35056928332834377949751126249048e-02,2.65882612110502295710172827805824e-03
4.88499999999999999999999999999999e+01,2.42438093562846232300222064141253e-03,4.32073525215239558755057688626133e-03,1.35709781128029159646188948159467e-02,2.56400685994942893280563878209507e-03
4.88749999999999999999999999999999e+01,2.53195164772306394456537671615554e-03,4.28484181263225479298586611776307e-03,1.36338937366266889289061813331644e-02,2.46925600855087819413835300027911e-03
4.88999999999999999999999999999999e+01,2.63861904735438639844594919549006e-03,4.24847155662535345570090732671573e-03,1.36944415905675724243090018285971e-02,2.37458759917274087379528654951577e-03
4.89249999999999999999999999999994e+01,2.74437131179728893112064882021886e-03,4.21163230473167142909732548117417e-03,1.37526239102477404673392310018468e-02,2.28001558401076391904280836488841e-03
4.89499999999999999999999999999999e+01,2.84919681426163884194156888984978e-03,4.17433191092636126295989777255762e-03,1.38084432790753618004676083816748e-02,2.18555383346268106273458705514628e-03
4.89749999999999999999999999999999e+01,2.95308412470978027429652986975347e-03,4.13657826120715196185585542171366e-03,1.38619026261782355339460445249905e-02,2.09121613441856590569406905613257e-03
4.89999999999999999999999999999998e+01,3.05602201064020694343969494709956e-03,4.09837927224329966617311699816895e-03,1.39130052242949465943728345544432e-02,1.99701618857208911530037687320774e-03
4.90249999999999999999999999999998e+01,3.15799943783748064747005495787382e-03,4.05974289002635042034018464939778e-03,1.39617546876240654919858651467911e-02,1.90296761075283108816651562222811e-03
4.90499999999999999999999999999993e+01,3.25900557108844473990519475941288e-03,4.02067708852302358508444942804839e-03,1.40081549696319206078719736463812e-02,1.80908392727979467592286329267608e-03
4.90749999999999999999999999999998e+01,3.35902977486478914603858362878500e-03,3.98118986833048774364399521894573e-03,1.40522103608194747872357122281005e-02,1.71537857433626094754496384783640e-03
4.91000000000000000000000000000000e+01,3.45806161397202919009760054899280e-03,3.94128925533420968183048595199434e-03,1.40939254864488416217637427731407e-02,1.62186489636613292627845182113823e-03
4.91250000000000000000000000000002e+01,3.55609085416496389132042956885334e-03,3.90098329936847590764080336978156e-03,1.41333053042299804511660156954105e-02,1.52855614449191353692692460218381e-03
4.91499999999999999999999999999997e+01,3.65310746272968152490102557708232e-03,3.86028007287967162843505275418427e-03,1.41703551019681127410622453825899e-02,1.43546547495446078081422848561571e-03
4.91749999999999999999999999999992e+01,3.74910160903218300607395366052798e-03,3.81918766959246153823197392872786e-03,1.42050804951724059732456554927900e-02,1.34260594757465486304562677898730e-03
4.91999999999999999999999999999999e+01,3.84406366503369839411226447768706e-03,3.77771420317910466451076971272317e-03,1.42374874246264744225318108940157e-02,1.24999052423710179408499726801697e-03
4.92250000000000000000000000000001e+01,3.93798420577277841355869414698055e-03,3.73586780593218809204873458617320e-03,1.42675821539212492026495834752316e-02,1.15763206739599040380575849227371e-03
4.92500000000000000000000000000001e+01,4.03085400981424992145585613890010e-03,3.69365662744104599058470510663819e-03,1.42953712669507728466142115530354e-02,1.06554333860321728100838860092688e-03
4.92749999999999999999999999999996e+01,4.12266405966513004265050388023422e-03,3.65108883327205732566769628443342e-03,1.43208616653714765652424433713049e-02,9.73736997058895620619165842724940e-04
4.92999999999999999999999999999996e+01,4.21340554215759752584047294296712e-03,3.60817260365294124349002237039292e-03,1.43440605660255012498169875040278e-02,8.82225598184365300471164682774741e-04
4.93249999999999999999999999999999e+01,4.30306984879912239404161362071067e-03,3.56491613216114340093993156290410e-03,1.43649754983286261965197308664507e-02,7.91021592217818973370701961696878e-04
4.93499999999999999999999999999999e+01,4.39164857608985763717900504099930e-03,3.52132762441644140389562730207111e-03,1.43836143016233723170131656327625e-02,7.00137322832651776582399497828641e-04
4.93750000000000000000000000000000e+01,4.47913352580740071165960509278064e-03,3.47741529677796220263080089875512e-03,1.43999851224978491729002610480688e-02,6.09585025778633013891144322487499e-04
4.93999999999999999999999999999995e+01,4.56551670525903810626962808354527e-03,3.43318737504585110376713961450847e-03,1.44140964120709175297743779614656e-02,5.19376827545990711092410144363757e-04
4.94249999999999999999999999999994e+01,4.65079032750159231702860470766629e-03,3.38865209316783128200396773904001e-03,1.44259569232442413484357208673157e-02,4.29524744052496558106117632696133e-04
4.94500000000000000000000000000000e+01,4.73494681152899606383594424210855e-03,3.34381769195085048863087791205814e-03,1.44355757079218053143042447130839e-02,3.40040679353638644296658806341068e-04
4.94749999999999999999999999999999e+01,4.81797878242772283055185580218356e-03,3.29869241777796066731322067353632e-03,1.44429621141974761973281614569363e-02,2.50936424375969583224052796304607e-04
4.94999999999999999999999999999999e+01,4.89987907150020604205786885267869e-03,3.25328452133054922323179283156070e-03,1.44481257835111885022988859742983e-02,1.62223655673715273710704426152512e-04
4.95249999999999999999999999999999e+01,4.98064071635638220279159476688761e-03,3.20760225631604893279466787783095e-03,1.44510766477743369357167293480672e-02,7.39139342087239421852864800753532e-05
4.95499999999999999999999999999994e+01,5.06025696097349685900290003223523e-03,3.16165387820128355226875114673083e-03,1.44518249264649601159360908825187e-02,-1.39812958461721267785456451209606e-05
4.95749999999999999999999999999999e+01,5.13872125572431655730499419573272e-03,3.11544764295163445277979273544583e-03,1.44503811236933016791360725208937e-02,-1.01450708280316170168288492911551e-04
4.95999999999999999999999999999999e+01,5.21602725737389477681483567006428e-03,3.06899180577622385779394210604559e-03,1.44467560252383365275755635376739e-02,-1.88483095994845937789295111886307e-04
4.96249999999999999999999999999998e+01,5.29216882904504461983995186366942e-03,3.02229461987930145515036418385519e-03,1.44409606955558514850776803029482e-02,-2.75067372128712348076528305573101e-04
4.96499999999999999999999999999998e+01,5.36714004015267548931199876573702e-03,2.97536433521800265174021675394104e-03,1.44330064747586710978727104953243e-02,-3.61192571161039807442703745022317e-04
4.96749999999999999999999999999993e+01,5.44093516630715495071526364855066e-03,2.92820919726662850710291936113525e-03,1.44229049755696207376137974259500e-02,-4.46847849989772932391310926482915e-04
4.96999999999999999999999999999998e+01,5.51354868918686055264026369663723e-03,2.88083744578758452847686189776144e-03,1.44106680802478204960512061550414e-02,-5.32022488986558491378465821699913e-04
4.97250000000000000000000000000000e+01,5.58497529638008972000440394116422e-03,2.83325731360910964733766895028304e-03,1.43963079374889045807237302901370e-02,-6.16705893027816186524868122774310e-04
4.97500000000000000000000000000002e+01,5.65520988119649913033394715157277e-03,2.78547702540992935644516133528105e-03,1.43798369592997620205323630603506e-02,-7.00887592501956631989755047404845e-04
4.97749999999999999999999999999997e+01,5.72424754244824846930530106734896e-03,2.73750479651097927156700476746082e-03,1.43612678178483954761810987742408e-02,-7.84557244292709223166910822453282e-04
4.97999999999999999999999999999992e+01,5.79208358420102734803694347163637e-03,2.68934883167436376500767918236647e-03,1.43406134422894958320440659048938e-02,-8.67704632738526649630907480680265e-04
4.98249999999999999999999999999999e+01,5.85871351549514848317996361981482e-03,2.64101732390972833160458216486469e-03,1.43178870155663310279470600586540e-02,-9.50319670568036706265444592206355e-04
4.98500000000000000000000000000001e+01,5.92413305003689471644021373541396e-03,2.59251845328822145809116268393420e-03,1.42931019711895482772936010131399e-02,-1.03239239981151562529536669779096e-03
4.98750000000000000000000000000001e+01,5.98833810586031157697624160188524e-03,2.54386038576419766870095570858508e-03,1.42662719899934894239318449434318e-02,-1.11391299268836013488682707775766e-03
4.98999999999999999999999999999996e+01,6.05132480495964044519412644047959e-03,2.49505127200477907584456443601014e-03,1.42374109968706197279946058324633e-02,-1.19487175247053801353365547212024e-03
4.99249999999999999999999999999996e+01,6.11308947289258997289463432388413e-03,2.44609924622737002216133569860548e-03,1.42065331574846708424803516942099e-02,-1.27525911432199980452490170244025e-03
4.99499999999999999999999999999999e+01,6.17362863835464579461585695440700e-03,2.39701242504522587919071986322037e-03,1.41736528749630991277803319766370e-02,-1.35506564611403842742336716778534e-03
4.99749999999999999999999999999999e+01,6.23293903272462148654570919688157e-03,2.34779890632121111564333769996422e-03,1.41387847865694607173870820307152e-02,-1.43428204921658880241048511611801e-03
5.00000000000000000000000000000000e+01,6.29101758958165762276117213424114e-03,2.29846676802992038210866424882341e-03,1.41019437603563048722572094010199e-02,-1.51289915926546532155747714170604e-03
5.00249999999999999999999999999995e+01,6.34786144419388037290591996882048e-03,2.24902406712835012020009036848453e-03,1.40631448917991871546400783853168e-02,-1.59090794690553954084015379404227e-03
5.00499999999999999999999999999994e+01,6.40346793297893553019371296064824e-03,2.19947883843528316806214640525221e-03,1.40224035004124038580408709543507e-02,-1.66829951850986293087843649077253e-03
5.00750000000000000000000000000000e+01,6.45783459293661730449136151308766e-03,2.14983909351949889619708879679972e-03,1.39797351263470489960126364574376e-02,-1.74506511687474050479448111558437e-03
5.00999999999999999999999999999999e+01,6.51095916105381344837206923099685e-03,2.10011281959688008844688112044331e-03,1.39351555269719949937815564883558e-02,-1.82119612189076247716953484859301e-03
5.01249999999999999999999999999999e+01,6.56283957368198992807879822572106e-03,2.05030797843648426792807992951801e-03,1.38886806734383980099451387067153e-02,-1.89668405118980457749746635519068e-03
5.01499999999999999999999999999999e+01,6.61347396588744045182719277353612e-03,2.00043250527568413710122126981405e-03,1.38403267472283284794855969214130e-02,-1.97152056076801354656445965917346e-03
5.01749999999999999999999999999994e+01,6.66286067077452944037985811918109e-03,1.95049430774453226199785483873078e-03,1.37901101366881269698520660197779e-02,-2.04569744558480113131699697389520e-03
5.01999999999999999999999999999999e+01,6.71099821878216132017183826975798e-03,1.90050126479953150368228491214618e-03,1.37380474335470847869835941445825e-02,-2.11920664013787521119664244496786e-03
5.02250000000000000000000000000000e+01,6.75788533695371341447549796253560e-03,1.85046122566697436016951406419883e-03,1.36841554294220480159605859349734e-02,-2.19204021901433914267251684007269e-03
5.02499999999999999999999999999998e+01,6.80352094818067316854761379912040e-03,1.80038200879596301719562555288053e-03,1.36284511123085428988367970923771e-02,-2.26419039741789067546200332436728e-03
5.02749999999999999999999999999998e+01,6.84790417042022257222355710157223e-03,1.75027140082117301474408543138861e-03,1.35709516630590196671328178616759e-02,-2.33564953167215218966131399479819e-03
5.02999999999999999999999999999993e+01,6.89103431588701395750074659476362e-03,1.70013715553541027894993203435985e-03,1.35116744518488111243308289081636e-02,-2.40641011970016678484304670709559e-03
5.03249999999999999999999999999998e+01,6.93291089021938289770082154199155e-03,1.64998699287204078534632271427576e-03,1.34506370346304013438050143534965e-02,-2.47646480148010042703846021500894e-03
5.03500000000000000000000000000000e+01,6.97353359162024653351496253378682e-03,1.59982859789742060316877222306586e-03,1.33878571495765987548723795869409e-02,-2.54580635947719729289288801908694e-03
5.03750000000000000000000000000002e+01,7.01290230997293930966390527134881e-03,1.54966961981348528385227627347608e-03,1.33233527135132066353163477972105e-02,-2.61442771905204108127408866464403e-03
5.03999999999999999999999999999997e+01,7.05101712593224205776175691296283e-03,1.49951767097064921410134312726753e-03,1.32571418183417826692692238390421e-02,-2.68232194884517780263098318175155e-03
5.04249999999999999999999999999992e+01,7.08787830999086364435259272468134e-03,1.44938032589112445596058216822063e-03,1.31892427274530778346814773189187e-02,-2.74948226113815593519447826970190e-03
5.04499999999999999999999999999999e+01,7.12348632152163654642511805041127e-03,1.39926512030272399645844000425018e-03,1.31196738721317434876775639061445e-02,-2.81590201219104005318124462010030e-03
5.04750000000000000000000000000001e+01,7.15784180779568903213122653952218e-03,1.34917955018319568026810044003427e-03,1.30484538479528940859868687237129e-02,-2.88157470255645628880222144189610e-03
5.05000000000000000000000000000001e+01,7.19094560297685792757214299528123e-03,1.29913107081514936177804502580324e-03,1.29756014111711114774092026101404e-02,-2.94649397737023289818242435096306e-03
5.05249999999999999999999999999996e+01,7.22279872709260795265269458258255e-03,1.24912709585167509101819699609979e-03,1.29011354751024750193973733112477e-02,-3.01065362661870542867888130412337e-03
5.05499999999999999999999999999996e+01,7.25340238498172644129247108924991e-03,1.19917499639277728761495858039583e-03,1.28250751065001999872338679787027e-02,-3.07404758538276134019033333022867e-03
5.05749999999999999999999999999998e+01,7.28275796521906545192881620441771e-03,1.14928210007275047473791307771652e-03,1.27474395219244648137544666949131e-02,-3.13666993405870199817192715490196e-03
5.06000000000000000000000000000000e+01,7.31086703901760614237377170605682e-03,1.09945569015859809701195387947486e-03,1.26682480841070057400842085483163e-02,-3.19851489855600103094436489234124e-03
5.06250000000000000000000000000000e+01,7.33773135910812242175152868886844e-03,1.04970300465956518576444047811366e-03,1.25875202983110554747862824396522e-02,-3.25957685047203876800729221029321e-03
5.06499999999999999999999999999995e+01,7.36335285859672239371448547266597e-03,1.00003123544783756635296770921060e-03,1.25052758086872004442219915758461e-02,-3.31985030724389452674389255654743e-03
5.06749999999999999999999999999994e+01,7.38773364980054741441155423456753e-03,9.50447527390462581427148541435388e-04,1.24215343946257291269326607076233e-02,-3.37932993227728242320644828762112e-03
5.07000000000000000000000000000000e+01,7.41087602306191015100563123067837e-03,9.00958977492562110966411926305059e-04,1.23363159671060417614912103050177e-02,-3.43801053505272131369840684884419e-03
5.07249999999999999999999999999999e+01,7.43278244554115500869451257203582e-03,8.51572634051924358967990845988335e-04,1.22496405650436893930231492595440e-02,-3.49588707120903400937456539741507e-03
5.07499999999999999999999999999999e+01,7.45345555998852655063975543413740e-03,8.02295495825066409226957416755225e-04,1.21615283516356078019329991689153e-02,-3.55295464260427412269456848386592e-03
5.07749999999999999999999999999999e+01,7.47289818349533377964443972365493e-03,7.53134511204853710943233707219046e-04,1.20719996107041093727899428419000e-02,-3.60920849735418091969633450351455e-03
5.07999999999999999999999999999994e+01,7.49111330622470015947869234131639e-03,7.04096577409750782834426036927279e-04,1.19810747430401934315985220765131e-02,-3.66464402984826422999950883174607e-03
5.08249999999999999999999999999999e+01,7.50810409012219095827447812090923e-03,6.55188539684765673480091022936497e-04,1.18887742627467330026570563764634e-02,-3.71925678074362365560455886205576e-03
5.08500000000000000000000000000000e+01,7.52387386760661094667465523217185e-03,6.06417190514142341481956507129944e-04,1.17951187935820932944588174228962e-02,-3.77304243693660927923590974085307e-03
5.08749999999999999999999999999998e+01,7.53842614024126677567111290700312e-03,5.57789268845850899457580893205467e-04,1.17001290653047345017638688890153e-02,-3.82599683151243447533138633195114e-03
5.08999999999999999999999999999998e+01,7.55176457738598960195564570360935e-03,5.09311459327926037744661329618927e-04,1.16038259100193487033472244658005e-02,-3.87811594367285478895113868953211e-03
5.09249999999999999999999999999993e+01,7.56389301483021484477879042962964e-03,4.60990391556709341455961101334117e-04,1.15062302585250777466570772133429e-02,-3.92939589864202993470811981262003e-03
5.09499999999999999999999999999998e+01,7.57481545340741746006804571474959e-03,4.12832639337059988390052936052885e-04,1.14073631366663560481793668472929e-02,-3.97983296755068883590621078859625e-03
5.09750000000000000000000000000000e+01,7.58453605759120282897950057268310e-03,3.64844719954605157771530238933289e-04,1.13072456616869192056565139527350e-02,-4.02942356729872037380220908332556e-03
5.10000000000000000000000000000002e+01,7.59305915407335514168533585510288e-03,3.17033093460099566161803149864833e-04,1.12058990385875162188402762628490e-02,-4.07816426039631508835905566928375e-03
5.10249999999999999999999999999997e+01,7.60038923032414674265729218675536e-03,2.69404161965949982809663537784422e-04,1.11033445564878599555615409955627e-02,-4.12605175478378532620145668008567e-03
5.10499999999999999999999999999992e+01,7.60653093313521304898931422997579e-03,2.21964268954940654329411675796977e-04,1.09996035849933472875090653383903e-02,-4.17308290363019332211759133759748e-03
5.10749999999999999999999999999999e+01,7.61148906714529834262161447192328e-03,1.74719698601181046335416809363348e-04,1.08946975705670770575783651017680e-02,-4.21925470511091880406508962083911e-03
5.11000000000000000000000000000001e+01,7.61526859334917825016452534998555e-03,1.27676675103298465209857960023507e-04,1.07886480329076907188531753982025e-02,-4.26456430216430039995863100721928e-03
5.11250000000000000000000000000001e+01,7.61787462759006548104354241047157e-03,8.08413620299151191411663414317380e-05,1.06814765613335570868762335785341e-02,-4.30900898222748851920502406103486e-03
5.11499999999999999999999999999996e+01,7.61931243903580666002323167115007e-03,3.42198616774700697089344690339573e-05,1.05732048111738191591182470332912e-02,-4.35258617695165100333901141299204e-03
5.11749999999999999999999999999996e+01,7.61958744863917974720897038327461e-03,-1.21817855595452249707926761006817e-05,1.04638545001668173832848283169349e-02,-4.39529346189667585598748014018615e-03
5.11999999999999999999999999999998e+01,7.61870522758260313096356674254851e-03,-5.83576018058823487040142817456998e-05,1.03534474048664001227733689045428e-02,-4.43712855620551722093598631071961e-03
5.12250000000000000000000000000000e+01,7.61667149570756851851867280646889e-03,-1.04301672310335276704745548068144e-04,1.02420053570566284008108112286953e-02,-4.47808932225833172792526967102944e-03
5.12500000000000000000000000000000e+01,7.61349211992911007792874323346469e-03,-1.50008146038041767540748873421929e-04,1.01295502401753783156891254026239e-02,-4.51817376530655335174352126704155e-03
5.12749999999999999999999999999995e+01,7.60917311263562221796480158526361e-03,-1.95471236250289883051407725713334e-04,1.00161039857473407922464843679626e-02,-4.55738003308705705882306676484312e-03
5.12999999999999999999999999999994e+01,7.60372063007433851086822165168427e-03,-2.40685221071814413433866277197485e-04,9.90168856982691453627213339576876e-03,-4.59570641541656500702064241744485e-03
5.13250000000000000000000000000000e+01,7.59714097072278499840663597675931e-03,-2.85644444045540404264864391494200e-04,9.78632600945148416295526604459519e-03,-4.63315134376645312896979776669325e-03
5.13499999999999999999999999999999e+01,7.58944057364652243480459446608318e-03,-3.30343314674715322333246084126074e-04,9.67003835910557148016914869981756e-03,-4.66971339081811925388026134193168e-03
5.13749999999999999999999999999999e+01,7.58062601684349341777327332022225e-03,-3.74776308952380543861789429519369e-04,9.55284770719634385363881383220915e-03,-4.70539126999907564594042569652965e-03
5.13999999999999999999999999999999e+01,7.57070401557529124719937575460662e-03,-4.18937969878161771661060539484071e-04,9.43477617254095950290667014147000e-03,-4.74018383499992923450337634420424e-03
5.14249999999999999999999999999994e+01,7.55968142068566746536748408126342e-03,-4.62822907962387348486586429887384e-04,9.31584590086622549292429615564860e-03,-4.77409007927241313271793817921975e-03
5.14499999999999999999999999999999e+01,7.54756521690659462644167562242710e-03,-5.06425801717553768698286237951409e-04,9.19607906132104008019303150920931e-03,-4.80710913550863460048871591734801e-03
5.14750000000000000000000000000000e+01,7.53436252115220049846138412912786e-03,-5.49741398137143549213882681759548e-04,9.07549784300208690618582270467245e-03,-4.83924027510170779651324203697454e-03
5.14999999999999999999999999999998e+01,7.52008058080089010508744306962510e-03,-5.92764513161774179661609846095546e-04,8.95412445149324427202330915234460e-03,-4.87048290758794365098765183992520e-03
5.15249999999999999999999999999998e+01,7.50472677196597281491911894473818e-03,-6.35490032132638595707403740486975e-04,8.83198110541916837528438368855896e-03,-4.90083658007077253634516237251051e-03
5.15499999999999999999999999999993e+01,7.48830859775511267717725719415065e-03,-6.77912910232201252909597345019099e-04,8.70909003301350497282848455187167e-03,-4.93030097662657713966183288043870e-03
5.15749999999999999999999999999998e+01,7.47083368651892083291075854873247e-03,-7.20028172912136977240013218664713e-04,8.58547346870217949315425127978922e-03,-4.95887591769261324038934760715842e-03
5.16000000000000000000000000000000e+01,7.45230979008900880029307841905750e-03,-7.61830916308526400719698784636848e-04,8.46115364970221117983426545911024e-03,-4.98656135943719616295777150235455e-03
5.16250000000000000000000000000002e+01,7.43274478200582088389036790060941e-03,-8.03316307644334727095445951867601e-04,8.33615281263649239250376535234116e-03,-5.01335739311233179206023856625815e-03
5.16499999999999999999999999999997e+01,7.41214665573656334321471747220666e-03,-8.44479585619193503832556094959116e-04,8.21049319016496968948923489526041e-03,-5.03926424438897365220248629419268e-03
5.16749999999999999999999999999992e+01,7.39052352288354769769006601074196e-03,-8.85316060786486053691405394929717e-04,8.08419700763265873572269513540433e-03,-5.06428227267509098708182412789271e-03
5.16999999999999999999999999999999e+01,7.36788361138326574937657751453406e-03,-9.25821115917721617541411783275020e-04,7.95728647973492041617334243605342e-03,-5.08841197041673579107843276114555e-03
5.17250000000000000000000000000001e+01,7.34423526369651432425152837269046e-03,-9.65990206354182334085158693913033e-04,7.82978380720042081175039090349426e-03,-5.11165396238229847234366268996856e-03
5.17500000000000000000000000000001e+01,7.31958693498988797759981631117145e-03,-1.00581886034584084840909279255597e-03,7.70171117349219294468202813723958e-03,-5.13400900493014234988311603821023e-03
5.17749999999999999999999999999996e+01,7.29394719130895772676886116357840e-03,-1.04530267937756480051695189856651e-03,7.57309074152721344348314149910119e-03,-5.15547798525980739891437572375166e-03
5.17999999999999999999999999999996e+01,7.26732470774345329663278464100695e-03,-1.08443733848263629642243688993561e-03,7.44394465041490250836301675921960e-03,-5.17606192064697454504594917183885e-03
5.18249999999999999999999999999998e+01,7.23972826658476563678032123598804e-03,-1.12321858654361461149039667114139e-03,7.31429501221495075304392911630859e-03,-5.19576195766238374135801496430381e-03
5.18500000000000000000000000000000e+01,7.21116675547608585857906352861860e-03,-1.16164224658056219596286629236947e-03,7.18416390871487163632746236161514e-03,-5.21457937137490162101026698046181e-03
5.18750000000000000000000000000000e+01,7.18164916555549635581543200187030e-03,-1.19970421602664537263874851527989e-03,7.05357338822767327091967350635909e-03,-5.23251556453893689238762037609180e-03
5.18999999999999999999999999999995e+01,7.15118458959232964046974466090446e-03,-1.23740046699111810274326167442190e-03,6.92254546241003842089445542613931e-03,-5.24957206676640326116338681108204e-03
5.19249999999999999999999999999994e+01,7.11978222011711017967089705257047e-03,-1.27472704650970093768317722774738e-03,6.79110210310139649263570605352581e-03,-5.26575053368343054135438094540024e-03
5.19500000000000000000000000000000e+01,7.08745134754539412563059312642079e-03,-1.31168007678237476219315929722645e-03,6.65926523918426630006061455833522e-03,-5.28105274607202523424887910650321e-03
5.19749999999999999999999999999999e+01,7.05420135829582124324807106789168e-03,-1.34825575539861640600373844208338e-03,6.52705675346624334303235691389842e-03,-5.29548060899688271991108899345284e-03
5.19999999999999999999999999999999e+01,7.02004173290269259074774858268004e-03,-1.38445035555010857350121417129992e-03,6.39449847958400026874638940904795e-03,-5.30903615091755450643888692411126e-03
5.20249999999999999999999999999999e+01,6.98498204412338665644339494796685e-03,-1.42026022623095941093434973888032e-03,6.26161219892966408032961041615991e-03,-5.32172152278617554629333512899542e-03
5.20499999999999999999999999999994e+01,6.94903195504092576186186512031975e-03,-1.45568179242546738704432912246567e-03,6.12841963759992851210093099375730e-03,-5.33353899713095816634475465087070e-03
5.20749999999999999999999999999999e+01,6.91220121716200367299552345854441e-03,-1.49071155528346489972058875861315e-03,5.99494246336825480999994142228108e-03,-5.34449096712566050819266317706615e-03
5.21000000000000000000000000000000e+01,6.87449966851078457669903885410987e-03,-1.52534609228326991706755386507231e-03,5.86120228268050894323718099763900e-03,-5.35457994564523855991820717093947e-03
5.21249999999999999999999999999998e+01,6.83593723171878289437140363351997e-03,-1.55958205738227168187394950913168e-03,5.72722063767437803236932134082106e-03,-5.36380856430789195225516426068709e-03
5.21499999999999999999999999999998e+01,6.79652391211113275202127699687943e-03,-1.59341618115517773171779785560418e-03,5.59301900322290351200537630288286e-03,-5.37217957250371468074737878735059e-03
5.21749999999999999999999999999993e+01,6.75626979578955516106727064953692e-03,-1.62684527091995706117485115257191e-03,5.45861878400246325675441607371908e-03,-5.37969583641016272785931020621626e-03
5.21999999999999999999999999999998e+01,6.71518504771232995076881220162251e-03,-1.65986621085152567760551807150909e-03,5.32404131158552959145627334640797e-03,-5.38636033799455120534368957549370e-03
5.22250000000000000000000000000000e+01,6.67327990977157821029461760768139e-03,-1.69247596208322979457696775178141e-03,5.18930784155852478331654000267208e-03,-5.39217617400379430298864641137252e-03
5.22500000000000000000000000000002e+01,6.63056469886815958900686822718873e-03,-1.72467156279618253471783376504436e-03,5.05443955066509027039820038217418e-03,-5.39714655494160227491070897242945e-03
5.22749999999999999999999999999997e+01,6.58704980498448749977182853098274e-03,-1.75645012829650160149443986268889e-03,4.91945753397508050922779340624051e-03,-5.40127480403335101211419785100862e-03
5.22999999999999999999999999999992e+01,6.54274568925556423176345369139758e-03,-1.78780885108048407002011706562296e-03,4.78438280207958691703431205940094e-03,-5.40456435617884120675803193780316e-03
5.23249999999999999999999999999999e+01,6.49766288203853716068853781296843e-03,-1.81874500088774946533843435112839e-03,4.64923627831229194350311340265542e-03,-5.40701875689316525698626763482512e-03
5.23500000000000000000000000000001e+01,6.45181198098107640262510093555008e-03,-1.84925592474238917918261064864880e-03,4.51403879599744784562340859437817e-03,-5.40864166123590055832305303413881e-03
5.23750000000000000000000000000001e+01,6.40520364908887311407880895235336e-03,-1.87933904698217617601592904039969e-03,4.37881109572476927321919331135572e-03,-5.40943683272884777313117141542239e-03
5.23999999999999999999999999999996e+01,6.35784861279255608704499061324116e-03,-1.90899186927590400273554013979432e-03,4.24357382265152330983628369257239e-03,-5.40940814226253258443027600073127e-03
5.24249999999999999999999999999996e+01,6.30975766001432247986360174913669e-03,-1.93821197062892841298299450018226e-03,4.10834752383209514669439948439055e-03,-5.40855956699168991337768507035985e-03
5.24499999999999999999999999999998e+01,6.26094163823457678394983172676900e-03,-1.96699700737697592492507211970808e-03,3.97315264557530207879166036989570e-03,-5.40689518921995080590488066562470e-03
5.24750000000000000000000000000000e+01,6.21141145255887071107310812254913e-03,-1.99534471316826850840418875300306e-03,3.83800953082972298706656533870148e-03,-5.40441919527395377870402141314988e-03
5.25000000000000000000000000000000e+01,6.16117806378543559851949370167013e-03,-2.02325289893400422349014344880584e-03,3.70293841659730490894481409090866e-03,-5.40113587436710362934959451110231e-03
5.25249999999999999999999999999995e+01,6.11025248647359790921114508222225e-03,-2.05071945284723793269637951967079e-03,3.56795943137550271852604421060651e-03,-5.39704961745320103617295365958715e-03
5.25499999999999999999999999999994e+01,6.05864578701336711203717579972653e-03,-2.07774234027022223848451474630642e-03,3.43309259262820235964388037655324e-03,-5.39216491607016579561929618461287e-03
5.25750000000000000000000000000000e+01,6.00636908169648349343417129578674e-03,-2.10431960369028609745001640954052e-03,3.29835780428567251227074326437181e-03,-5.38648636117407593840288871152607e-03
5.25999999999999999999999999999999e+01,5.95343353478921139477563883455059e-03,-2.13044936264433582305119546530686e-03,3.16377485427378401831672698107720e-03,-5.38001864196374498948507483463990e-03
5.26249999999999999999999999999999e+01,5.89985035660716131283186439657552e-03,-2.15612981363205648612283449880371e-03,3.02936341207273082609523529885975e-03,-5.37276654469606056985412916099614e-03
5.26499999999999999999999999999999e+01,5.84563080159242253104606018660622e-03,-2.18135923001787720669115202526411e-03,2.89514302630548061489085399441160e-03,-5.36473495149230896492128404644057e-03
5.26749999999999999999999999999994e+01,5.79078616639328651893856246540996e-03,-2.20613596192175299141402373505310e-03,2.76113312235617762985873007453347e-03,-5.35592883913571140159507306299644e-03
5.26999999999999999999999999999999e+01,5.73532778794684003274218796179937e-03,-2.23045843609881698376352739927665e-03,2.62735300001871460923705944941625e-03,-5.34635327786039798894360723824539e-03
5.27250000000000000000000000000000e+01,5.67926704156470535869011931843962e-03,-2.25432515580796968417885044115583e-03,2.49382183117568504399959972137661e-03,-5.33601343013204463456081088865951e-03
5.27499999999999999999999999999998e+01,5.62261533902220327323731724001715e-03,-2.27773470066948725787054511748958e-03,2.36055865750792138863607501952127e-03,-5.32491454942039739149662346397578e-03
5.27749999999999999999999999999998e+01,5.56538412665121211307204647708654e-03,-2.30068572651173946425556201255975e-03,2.22758238823481923616798594433141e-03,-5.31306197896390836509134683054179e-03
5.27999999999999999999999999999993e+01,5.50758488343699410128701591696168e-03,-2.32317696520710475304188588411076e-03,2.09491179788564186234242352563656e-03,-5.30046115052670781994273500720743e-03
5.28249999999999999999999999999998e+01,5.44922911911925801367399648338679e-03,-2.34520722449715966082039164292508e-03,1.96256552410199391539862336468433e-03,-5.28711758314813813983682463308804e-03
5.28500000000000000000000000000000e+01,5.39032837229772546900629361862029e-03,-2.36677538780721046273868992536394e-03,1.83056206547164737496943809395233e-03,-5.27303688188507611350085396970785e-03
5.28750000000000000000000000000002e+01,5.33089420854246646198408099791263e-03,-2.38788041405023391146274805079266e-03,1.69891977939389723896010098523627e-03,-5.25822473654727011597734042398105e-03
5.28999999999999999999999999999997e+01,5.27093821850926800528813624626175e-03,-2.40852133742030134895593592269046e-03,1.56765687997661873989670830755593e-03,-5.24268692042591812875344075313319e-03
5.29249999999999999999999999999992e+01,5.21047201606029775309735485152906e-03,-2.42869726717557120779062530921352e-03,1.43679143596519225484545819910999e-03,-5.22642928901571167394854008060721e-03
5.29499999999999999999999999999999e+01,5.14950723639032224798132211924391e-03,-2.44840738741094227004468830877352e-03,1.30634136870345645397953199101603e-03,-5.20945777873057020402149342268946e-03
5.29750000000000000000000000000001e+01,5.08805553415873710266082820187041e-03,-2.46765095682046070298808212894339e-03,1.17632445012684461974028619375569e-03,-5.19177840561329054049879326331372e-03
5.30000000000000000000000000000001e+01,5.02612858162766415343205886164631e-03,-2.48642730844956944865437199856368e-03,1.04675830078785344849893952134649e-03,-5.17339726403933638535529586956431e-03
5.30249999999999999999999999999996e+01,4.96373806680636847567287599691182e-03,-2.50473584943728346700396434856662e-03,9.17660387913988015925644240688069e-04,-5.15432052541499327848964535540898e-03
5.30499999999999999999999999999996e+01,4.90089569160224609743759029872917e-03,-2.52257606074837237985204244373190e-03,7.89048023498320952925753394757854e-04,-5.13455443687011429277041663092438e-03
5.30749999999999999999999999999998e+01,4.83761316997863118949825360379677e-03,-2.53994749689563410041107513877737e-03,6.60938362422798252750935996902920e-04,-5.11410531994568122495029230106756e-03
5.31000000000000000000000000000000e+01,4.77390222611966936761822704914294e-03,-2.55684978565234739261818502730114e-03,5.33348400614418520015323387404952e-04,-5.09297956927640531891929198580537e-03
5.31250000000000000000000000000000e+01,4.70977459260250148708287040303573e-03,-2.57328262775499570375015963343117e-03,4.06294973234406879504365918093046e-04,-5.07118365126859095141248903944816e-03
5.31499999999999999999999999999995e+01,4.64524200857699995884070968468121e-03,-2.58924579659635772108592012853176e-03,2.79794752900499181885993395181729e-04,-5.04872410277348534746804920933181e-03
5.31749999999999999999999999999994e+01,4.58031621795329720754332250675797e-03,-2.60473913790906168846994289513130e-03,1.53864247942446569407336747499157e-04,-5.02560752975633718745871509011186e-03
5.32000000000000000000000000000000e+01,4.51500896759734346073303002079814e-03,-2.61976256943970070170509764107357e-03,2.85198006908448956572274800248045e-05,-5.00184060596138674688242797872770e-03
5.32249999999999999999999999999999e+01,4.44933200553472864020573938760668e-03,-2.63431608061360501824710213287966e-03,-9.62224142006120685477190043237275e-05,-4.97743007157300986749774875663500e-03
5.32499999999999999999999999999999e+01,4.38329707916300075230417623670117e-03,-2.64839973219036524348928482910636e-03,-2.20346391399362262990681461099234e-04,-4.95238273187323759896771878028189e-03
5.32749999999999999999999999999999e+01,4.31691593347271085368357030333810e-03,-2.66201365591019841920697587232850e-03,-3.43836296504599958927949121846173e-04,-4.92670545589587282251387547149724e-03
5.32999999999999999999999999999994e+01,4.25020030927741236956583573211851e-03,-2.67515805413124950060392291938232e-03,-4.66676467624213057946812795502968e-04,-4.90040517507742457991885651669675e-03
5.33249999999999999999999999999999e+01,4.18316194145284018700458860165930e-03,-2.68783319945792460452366463355377e-03,-5.88851416917956263499924728205264e-04,-4.87348888190508014636648760804080e-03
5.33500000000000000000000000000000e+01,4.11581255718549245943737785639671e-03,-2.70003943436035859344099629829179e-03,-7.10345832106788811067996491820987e-04,-4.84596362856193410019527570407923e-03
5.33749999999999999999999999999998e+01,4.04816387423083542319619434170500e-03,-2.71177717078512469529384219847286e-03,-8.31144577948310914099993149359029e-04,-4.81783652556969284611222622292095e-03
5.33999999999999999999999999999998e+01,3.98022759918134881409012216962541e-03,-2.72304688975729455659280862823385e-03,-9.51232697678238535559396970928165e-04,-4.78911474042907238204016372885085e-03
5.34249999999999999999999999999993e+01,3.91201542574462681019534932410673e-03,-2.73384914097395269698420328077056e-03,-1.07059541441786153345667752451279e-03,-4.75980549625810662833469356827206e-03
5.34499999999999999999999999999998e+01,3.84353903303174691102133746799972e-03,-2.74418454238926289966586854864113e-03,-1.18921813254743565701920800036030e-03,-4.72991607042858325086773040590287e-03
5.34750000000000000000000000000000e+01,3.77481008385611677868827956085829e-03,-2.75405377979118074615313684630293e-03,-1.30708643904546428725380220760662e-03,-4.69945379320082336261562352096671e-03
5.35000000000000000000000000000002e+01,3.70584022304300668535971467366062e-03,-2.76345760636990967484831722345574e-03,-1.42418610479383121476049165100707e-03,-4.66842604635702058425541835720510e-03
5.35249999999999999999999999999997e+01,3.63664107574997267503094620849396e-03,-2.77239684227820644476706671126168e-03,-1.54050308584875111961817018888641e-03,-4.63684026183335371117865216638238e-03
5.35499999999999999999999999999992e+01,3.56722424579837278548281127372151e-03,-2.78087237418365043307613354987229e-03,-1.65602352467750975787327296561377e-03,-4.60470392035108594602427073553511e-03
5.35749999999999999999999999999999e+01,3.49760131401617576359783625260452e-03,-2.78888515481299406172348280464220e-03,-1.77073375136097116966961680046982e-03,-4.57202455004686264726814696726068e-03
5.36000000000000000000000000000001e+01,3.42778383659225882113574888941950e-03,-2.79643620248870696669067874201387e-03,-1.88462028476183451471231188312791e-03,-4.53880972510241895124795612197226e-03
5.36250000000000000000000000000001e+01,3.35778334344238827125771264822715e-03,-2.80352660065781789930192620516692e-03,-1.99766983365862842012587824454342e-03,-4.50506706437390825404766128255353e-03
5.36499999999999999999999999999996e+01,3.28761133658707437419418029359676e-03,-2.81015749741315240228210941857132e-03,-2.10986929784543599443264603513601e-03,-4.47080423002106198951915119629318e-03
5.36749999999999999999999999999996e+01,3.21727928854148926674735490369815e-03,-2.81633010500706584395239774375039e-03,-2.22120576919734891035806372572646e-03,-4.43602892613639009607239671829204e-03
5.36999999999999999999999999999998e+01,3.14679864071763426291251887657980e-03,-2.82204569935777983131414234391074e-03,-2.33166653270165417558975111570144e-03,-4.40074889737463004782575959570090e-03
5.37250000000000000000000000000000e+01,3.07618080183893998397274034176679e-03,-2.82730561954843974479700434897664e-03,-2.44123906745476238669064200653900e-03,-4.36497192758265069140322260473386e-03
5.37500000000000000000000000000000e+01,3.00543714636747976053979510573462e-03,-2.83211126731901561616135690112629e-03,-2.54991104762489139990820245608039e-03,-4.32870583843001581340284289054072e-03
5.37749999999999999999999999999995e+01,2.93457901294397372263779283538145e-03,-2.83646410655116512660547866445133e-03,-2.65767034338052446474419301955023e-03,-4.29195848804041155438415388766635e-03
5.37999999999999999999999999999994e+01,2.86361770284075812693916594031078e-03,-2.84036566274616917660808159116400e-03,-2.76450502178466696269268236899230e-03,-4.25473776962414128055317210067271e-03
5.38250000000000000000000000000000e+01,2.79256447842789180521339984419263e-03,-2.84381752249604368448109652141724e-03,-2.87040334765493097662814851196875e-03,-4.21705161011189087852037903745403e-03
5.38499999999999999999999999999999e+01,2.72143056165256904488969324832768e-03,-2.84682133294793105806147217694418e-03,-2.97535378438948197732612228850751e-03,-4.17890796878996629405186570311972e-03
5.38749999999999999999999999999999e+01,2.65022713253200555383835075358757e-03,-2.84937880126188129024113583715380e-03,-3.07934499475888693915624903361592e-03,-4.14031483593720348600953263187565e-03
5.38999999999999999999999999999999e+01,2.57896532765996130103910585089211e-03,-2.85149169406214124560273371224034e-03,-3.18236584166390817832206462885910e-03,-4.10128023146374915350855264305384e-03
5.39249999999999999999999999999994e+01,2.50765623872706098595188914272287e-03,-2.85316183688207564729183860674068e-03,-3.28440538885929214569997444108571e-03,-4.06181220355190904777045025737502e-03
5.39499999999999999999999999999999e+01,2.43631091105506980859304904718963e-03,-2.85439111360284174667963369316822e-03,-3.38545290164360731228663796153844e-03,-4.02191882729925960230072774299044e-03
5.39750000000000000000000000000000e+01,2.36494034214527923566781078484842e-03,-2.85518146588593357366250190061900e-03,-3.48549784751519016884525749432792e-03,-3.98160820336421784478043974185071e-03
5.39999999999999999999999999999998e+01,2.29355548024115464023846264335905e-03,-2.85553489259970586319461397112254e-03,-3.58452989679426322547923651631932e-03,-3.94088845661426370450999753126946e-03
5.40249999999999999999999999999998e+01,2.22216722290539396894479832516995e-03,-2.85545344923998633779484567244317e-03,-3.68253892321129373507669186516137e-03,-3.89976773477700758099609030671664e-03
5.40499999999999999999999999999993e+01,2.15078641561154383616330291289823e-03,-2.85493924734488861869080783414686e-03,-3.77951500446166666586400716846771e-03,-3.85825420709429436410368651624289e-03
5.40749999999999999999999999999998e+01,2.07942385035031656458748558546464e-03,-2.85399445390394380640422976511285e-03,-3.87544842272675020488784391464369e-03,-3.81635606297953325216394445056847e-03
5.41000000000000000000000000000000e+01,2.00809026425074868241169486030123e-03,-2.85262129076167285030916059983190e-03,-3.97032966516143678626348086845080e-03,-3.77408151067844103514211075288692e-03
5.41250000000000000000000000000002e+01,1.93679633821633832326099698133646e-03,-2.85082203401572209011460441733378e-03,-4.06414942434824731221591802480420e-03,-3.73143877593338516090459754508148e-03
5.41499999999999999999999999999997e+01,1.86555269557629594764261271376909e-03,-2.84859901340968152034394678510944e-03,-4.15689859871809087878096994128112e-03,-3.68843610065151178529989079944304e-03
5.41749999999999999999999999999992e+01,1.79436990075203986082155562630660e-03,-2.84595461172070192268306662503704e-03,-4.24856829293777693415211671575935e-03,-3.64508174157684286338524621586074e-03
5.41999999999999999999999999999999e+01,1.72325845793906512470271557333785e-03,-2.84289126414202530743370415060096e-03,-4.33914981826438138240736709160275e-03,-3.60138396896652495621801965867577e-03
5.42250000000000000000000000000001e+01,1.65222880980431159621038515312404e-03,-2.83941145766054374629465980037499e-03,-4.42863469286657269197289618372068e-03,-3.55735106527141077694485204438280e-03
5.42500000000000000000000000000001e+01,1.58129133619915392268204200461508e-03,-2.83551773042950375505377857719040e-03,-4.51701464211300857157183754150241e-03,-3.51299132382115272387327720663968e-03
5.42749999999999999999999999999996e+01,1.51045635288813336779605935895382e-03,-2.83121267113647552445057515546965e-03,-4.60428159882791823580787292328564e-03,-3.46831304751398592686030561576328e-03
5.42999999999999999999999999999996e+01,1.43973411029354834017107813681840e-03,-2.82649891836670765145286585840736e-03,-4.69042770351398970066491072386036e-03,-3.42332454751137675265482152148584e-03
5.43249999999999999999999999999998e+01,1.36913479225601747341982587419654e-03,-2.82137915996198844675362020133374e-03,-4.77544530454268592925724477449282e-03,-3.37803414193771123330606504576263e-03
5.43500000000000000000000000000000e+01,1.29866851481112608268286522333348e-03,-2.81585613237513452183339864395301e-03,-4.85932695831211799134371494070331e-03,-3.33245015458519639820728661589777e-03
5.43750000000000000000000000000000e+01,1.22834532498226381735091810434780e-03,-2.80993262002022627237462454636859e-03,-4.94206542937260770536583056652570e-03,-3.28658091362414593528235433932216e-03
5.43999999999999999999999999999995e+01,1.15817519958975835903155746644134e-03,-2.80361145461870826487435438913831e-03,-5.02365369052007649715936650595990e-03,-3.24043475031881997804588674690552e-03
5.44249999999999999999999999999994e+01,1.08816804407640708380260490230149e-03,-2.79689551454147105365000930064313e-03,-5.10408492285740143357353558585874e-03,-3.19401999774898714369092756119705e-03
5.44500000000000000000000000000000e+01,1.01833369134950570217029057939941e-03,-2.78978772414703064042013297063339e-03,-5.18335251582388357116532869426631e-03,-3.14734498953737524520507120039529e-03
5.44749999999999999999999999999999e+01,9.48681900639469969293836500303906e-04,-2.78229105311592331871047503800220e-03,-5.26145006719297789896352670426889e-03,-3.10041805858317535121413107979725e-03
5.44999999999999999999999999999999e+01,8.79222356375143579291454142998348e-04,-2.77440851578143651105315594626651e-03,-5.33837138303843824867221275044779e-03,-3.05324753580176206423343940293011e-03
5.45249999999999999999999999999999e+01,8.09964667075882307931854189684095e-04,-2.76614317045679865452900782567517e-03,-5.41411047766903459468803665363055e-03,-3.00584174887079107326515498246837e-03
5.45499999999999999999999999999994e+01,7.40918364260501384035533524119770e-04,-2.75749811875895129818230350517791e-03,-5.48866157353200417060742133829269e-03,-2.95820902098283328608513230483335e-03
5.45749999999999999999999999999999e+01,6.72092901373170021118719257700139e-04,-2.74847650492902379543703208645232e-03,-5.56201910108540179079938285161936e-03,-2.91035766960470320249666014745781e-03
5.45999999999999999999999999999999e+01,6.03497652726334083563895152076119e-04,-2.73908151514962687101373475406173e-03,-5.63417769863951868734722934807523e-03,-2.86229600524363760142436028825780e-03
5.46249999999999999999999999999998e+01,5.35141912460744993752142441865905e-04,-2.72931637685907873019648204832947e-03,-5.70513221216754305403558286173590e-03,-2.81403233022047895183017901381537e-03
5.46499999999999999999999999999998e+01,4.67034893522670141001426367726493e-04,-2.71918435806267830210339977715982e-03,-5.77487769508563932658416801888100e-03,-2.76557493745001610438096847769795e-03
5.46749999999999999999999999999993e+01,3.99185726658357140918471830495954e-04,-2.70868876664114425450029242036498e-03,-5.84340940800262701697236250660468e-03,-2.71693210922863278009611534969429e-03
5.46999999999999999999999999999998e+01,3.31603459425821269248153459805843e-04,-2.69783294965634277242231160990496e-03,-5.91072281843944365635523385947110e-03,-2.66811211602941228633932904513547e-03
5.47250000000000000000000000000000e+01,2.64297055224022293315180266364667e-04,-2.68662029265442847817331357520077e-03,-5.97681360051858008708336416644360e-03,-2.61912321530484494863481309911340e-03
5.47500000000000000000000000000002e+01,1.97275392339493843385149443211602e-04,-2.67505421896651999319281937762053e-03,-6.04167763462367998478709932178993e-03,-2.56997365029728303893643942408841e-03
5.47749999999999999999999999999997e+01,1.30547263010485495428850966083244e-04,-2.66313818900702628545855083113208e-03,-6.10531100702949909141858131102564e-03,-2.52067164885728641509925326023905e-03
5.47999999999999999999999999999992e+01,6.41213725086748924323621808808251e-05,-2.65087569956973577579724854550624e-03,-6.16771000950242320042717405850295e-03,-2.47122542227000044283588334715225e-03
5.48249999999999999999999999999999e+01,-1.99366176149555726773093009984221e-06,-2.63827028312178007932663438407047e-03,-6.22887113887174745130792152195364e-03,-2.42164316408970586388047413373203e-03
5.48500000000000000000000000000001e+01,-6.77893111458057072463331104509301e-05,-2.62532550709558818633372897413249e-03,-6.28879109657192295547120069527574e-03,-2.37193304898267809521663982859846e-03
5.48750000000000000000000000000001e+01,-1.33257136605519688913069443944861e-04,-2.61204497317895185477235604368819e-03,-6.34746678815598018403972299186567e-03,-2.32210323157849118154730776089870e-03
5.48999999999999999999999999999996e+01,-1.98388789564877235762963634747717e-04,-2.59843231660332525030710092745664e-03,-6.40489532278034190192988454648272e-03,-2.27216184532989952485461145167693e-03
5.49249999999999999999999999999996e+01,-2.63176012740771692163681328017341e-04,-2.58449120543047966361205750151669e-03,-6.46107401266124173750893789274885e-03,-2.22211700138142870459652547300667e-03
5.49499999999999999999999999999998e+01,-3.27610640954575040086843972938461e-04,-2.57022533983762892280284657543369e-03,-6.51600037250296773965177810516021e-03,-2.17197678744680508408907540954117e-03
5.49750000000000000000000000000000e+01,-3.91684601926073103472053681160216e-04,-2.55563845140113645789835978238897e-03,-6.56967211889815349596496722253003e-03,-2.12174926669535222742984573753271e-03
5.50000000000000000000000000000000e+01,-4.55389917049476841313907445588866e-04,-2.54073430237891388227861480275307e-03,-6.62208716970034256299573871927514e-03,-2.07144247664748021417643593889997e-03
5.50249999999999999999999999999995e+01,-5.18718702151478416999811692976780e-04,-2.52551668499162377296546332657436e-03,-6.67324364336905508399814823580674e-03,-2.02106442807939171297256774608663e-03
5.50499999999999999999999999999994e+01,-5.81663168231323603681276242609014e-04,-2.50998942070280361419272660643369e-03,-6.72313985828758853705290226538782e-03,-1.97062310393712634084669708037502e-03
5.50750000000000000000000000000000e+01,-6.44215622182875047004040741648787e-04,-2.49415635949803029545052364171157e-03,-6.77177433205378756652295871157877e-03,-1.92012645826006263832178746207867e-03
5.50999999999999999999999999999999e+01,-7.06368467498643883219326836698416e-04,-2.47802137916324333501303226375598e-03,-6.81914578074402080946148167285063e-03,-1.86958241511399506231180627020650e-03
5.51249999999999999999999999999999e+01,-7.68114204955770117400015449974973e-04,-2.46158838456234100958726492227834e-03,-6.86525311815060554183366023353214e-03,-1.81899886753390166460737929371605e-03
5.51499999999999999999999999999999e+01,-8.29445433283934966498965535857807e-04,-2.44486130691415950017577375735573e-03,-6.91009545499292383951895263236241e-03,-1.76838367647651636943020345148487e-03
5.51749999999999999999999999999994e+01,-8.90354849815191097077633123697416e-04,-2.42784410306894346212185633224448e-03,-6.95367209810247677287582613097192e-03,-1.71774466978281779852169285745959e-03
5.51999999999999999999999999999999e+01,-9.50835251115699408369002237385672e-04,-2.41054075478441763544105778078157e-03,-6.99598254958212592512310674528071e-03,-1.66708964115054438464928376440116e-03
5.52249999999999999999999999999999e+01,-1.01087953359936378470406818206340e-03,-2.39295526800157173304575346446409e-03,-7.03702650593977423934178238175873e-03,-1.61642634911684320078747569814520e-03
5.52499999999999999999999999999998e+01,-1.07048069412335807385081147586274e-03,-2.37509167212027264935335565920266e-03,-7.07680385719674085637072740124264e-03,-1.56576251605115770486619463088475e-03
5.52749999999999999999999999999998e+01,-1.12963183056554239903453030768178e-03,-2.35695401927481767845833550115297e-03,-7.11531468597108721004901647368150e-03,-1.51510582715845756526274942230310e-03
5.52999999999999999999999999999993e+01,-1.18832614238376872898259489249226e-03,-2.33854638360954021072762082110573e-03,-7.15255926653615420168529767795932e-03,-1.46446392949291184597671904461734e-03
5.53249999999999999999999999999998e+01,-1.24655693115707838250601117297275e-03,-2.31987286055457670419212439965879e-03,-7.18853806385457278427819203643833e-03,-1.41384443098210494877498517354686e-03
5.53499999999999999999999999999999e+01,-1.30431760110879683922420529028988e-03,-2.30093756610190197189878777849742e-03,-7.22325173258801274720510663878044e-03,-1.36325489946189270402030236669981e-03
5.53750000000000000000000000000002e+01,-1.36160165961153389689035434386835e-03,-2.28174463608173944390924307505991e-03,-7.25670111608293690017429169314685e-03,-1.31270286172199384632474507858193e-03
5.53999999999999999999999999999997e+01,-1.41840271767409988784920060604704e-03,-2.26229822543945356719035849974691e-03,-7.28888724533263020827407419636108e-03,-1.26219580256240988186319823903867e-03
5.54249999999999999999999999999992e+01,-1.47471449041035135415319167434023e-03,-2.24260250751303208002205780315737e-03,-7.31981133791577572749085425005948e-03,-1.21174116386076415697620408761677e-03
5.54499999999999999999999999999999e+01,-1.53053079748998227680046902583435e-03,-2.22266167331126600138947966212715e-03,-7.34947479691185143377103860986134e-03,-1.16134634365064882901765574624730e-03
5.54750000000000000000000000000001e+01,-1.58584556357127964581806631477005e-03,-2.20247993079273471237120205829036e-03,-7.37787920979362423067369506644481e-03,-1.11101869521106640161817557294490e-03
5.55000000000000000000000000000001e+01,-1.64065281871586483164019622369500e-03,-2.18206150414570258564679987124182e-03,-7.40502634729701956191965603008698e-03,-1.06076552616705045896689269806630e-03
5.55249999999999999999999999999996e+01,-1.69494669878544486413644883730242e-03,-2.16141063306903232596962473183888e-03,-7.43091816226864714533533119338370e-03,-1.01059409760154817292140973207445e-03
5.55499999999999999999999999999996e+01,-1.74872144582060033538872325216423e-03,-2.14053157205421862162962799512192e-03,-7.45555678849126538285598251121792e-03,-9.60511623178645058079958301300153e-04
5.55749999999999999999999999999998e+01,-1.80197140840163921258898755610776e-03,-2.11942858966864419403157509701969e-03,-7.47894453948746898667856614793568e-03,-9.10525268278210332287764716297045e-04
5.56000000000000000000000000000000e+01,-1.85469104199154838616551708584139e-03,-2.09810596784015940883612201292222e-03,-7.50108390730188629404557026451059e-03,-8.60642149142039114723688753064830e-04
5.56250000000000000000000000000000e+01,-1.90687490926107730612628434743397e-03,-2.07656800114308667507903891619717e-03,-7.52197756126217462224163238808440e-03,-8.10869332031565554066677251634909e-04
5.56499999999999999999999999999995e+01,-1.95851768039599060019960200793029e-03,-2.05481899608575169390105604918559e-03,-7.54162834671910384072714076983997e-03,-7.61213832397218819679124310336151e-04
5.56749999999999999999999999999994e+01,-2.00961413338652912941315670234321e-03,-2.03286327039964431062870132043033e-03,-7.56003928376602010859966337498546e-03,-7.11682614059491728290473948566749e-04
5.57000000000000000000000000000000e+01,-2.06015915429912150237714748905509e-03,-2.01070515233031119358188035255599e-03,-7.57721356593798344324228754612602e-03,-6.62282588401789657496104597737130e-04
5.57249999999999999999999999999999e+01,-2.11014773753039060095374676583197e-03,-1.98834897993008041811519719045969e-03,-7.59315455889087445148576566559066e-03,-6.13020613575125342084602558203595e-04
5.57499999999999999999999999999999e+01,-2.15957498604350213432901122231873e-03,-1.96579910035271504695498375903054e-03,-7.60786579906076716935995580309058e-03,-5.63903493714723137423433040590546e-04
5.57749999999999999999999999999999e+01,-2.20843611158690463373983482413637e-03,-1.94305986915009050814072255268337e-03,-7.62135099230386652080801470486422e-03,-5.14937978168594297062736757848646e-04
5.57999999999999999999999999999994e+01,-2.25672643489551266111796473565961e-03,-1.92013564957099019631562504908836e-03,-7.63361401251731041802533460815707e-03,-4.66130760738142682493195063479494e-04
5.58249999999999999999999999999999e+01,-2.30444138587438738151152686591515e-03,-1.89703081186211516318112776389378e-03,-7.64465890024113798381731979713206e-03,-4.17488478930858095851570267384769e-04
5.58499999999999999999999999999999e+01,-2.35157650376497106992189330258677e-03,-1.87374973257140553391021700309952e-03,-7.65448986124172677789603398939272e-03,-3.69017713225152174659036295342234e-04
5.58749999999999999999999999999998e+01,-2.39812743729393457194415111298485e-03,-1.85029679385377152403955348768695e-03,-7.66311126507700325510910827583792e-03,-3.20724986347389617431896864215703e-04
5.58999999999999999999999999999998e+01,-2.44408994480469916185547248104781e-03,-1.82667638277932977892803219543599e-03,-7.67052764364373197716488163526979e-03,-2.72616762561165478029079072479593e-04
5.59249999999999999999999999999993e+01,-2.48945989437169658936672146742726e-03,-1.80289289064423707552409529422507e-03,-7.67674368970719034363974913509222e-03,-2.24699446968877332583150438092413e-04
5.59499999999999999999999999999998e+01,-2.53423326389743336359520314912473e-03,-1.77895071228421023190223881756164e-03,-7.68176425541353680391241183895437e-03,-1.76979384825639166558367040560993e-04
5.59749999999999999999999999999999e+01,-2.57840614119242752621030250979803e-03,-1.75485424539082007898160472942128e-03,-7.68559435078518165708741023417431e-03,-1.29462860865581741309782179707954e-04
5.60000000000000000000000000000002e+01,-2.62197472403808837578573000052565e-03,-1.73060788983064869369978154156581e-03,-7.68823914219947063822245913830668e-03,-8.21560986405819651820615132880628e-05
5.60249999999999999999999999999997e+01,-2.66493532023261186316540934768316e-03,-1.70621604696740120071880304292685e-03,-7.68970395085099252366784515225156e-03,-3.50652598714615113400767669005035e-05
5.60499999999999999999999999999992e+01,-2.70728434761996667446056480044491e-03,-1.68168311898706418652617824832109e-03,-7.68999425119782296666243518954688e-03,1.18035561883072662853052980617221e-05
5.60749999999999999999999999999999e+01,-2.74901833410204830211938385484730e-03,-1.65701350822620100214169407540568e-03,-7.68911566939201770003242162575384e-03,5.84443133763520874841462274241196e-05
5.61000000000000000000000000000001e+01,-2.79013391763408061778256850165912e-03,-1.63221161650347063749841148154697e-03,-7.68707398169466911987668154334466e-03,1.04851039232574031566823827525992e-04
5.61250000000000000000000000000001e+01,-2.83062784620334658143479143626429e-03,-1.60728184445445339198946684341782e-03,-7.68387511287584109406993511338608e-03,1.51017825597711114409703432876495e-04
5.61499999999999999999999999999996e+01,-2.87049697779133177776029466860074e-03,-1.58222859086986503020187670026064e-03,-7.67952513459969762037270081672215e-03,1.96938829199261947967396985695005e-04
5.61749999999999999999999999999996e+01,-2.90973828031936651860192397831135e-03,-1.55705625203724183969597139319966e-03,-7.67403026379514168703972790348712e-03,2.42608272224741460687386415952587e-04
5.61999999999999999999999999999998e+01,-2.94834883157785433284241796028390e-03,-1.53176922108618071851014170354647e-03,-7.66739686101228136117725517811537e-03,2.88020442882242906277507294129279e-04
5.62250000000000000000000000000000e+01,-2.98632581913917678206178154895602e-03,-1.50637188733721921785843249362786e-03,-7.65963142876504074697200631405221e-03,3.33169695948282558891400918745785e-04
5.62500000000000000000000000000000e+01,-3.02366654025436665211320660334209e-03,-1.48086863565443922238073328443945e-03,-7.65074060986023402051687892135179e-03,3.78050453302905502427469068574293e-04
5.62749999999999999999999999999995e+01,-3.06036840173364362805795636067163e-03,-1.45526384580187504193485227271031e-03,-7.64073118571342126413455218279388e-03,4.22657204452032802642703278384094e-04
5.62999999999999999999999999999994e+01,-3.09642891981090853880643632560492e-03,-1.42956189180380359999583442097676e-03,-7.62961007465186529265673147366842e-03,4.66984507037032220857832158494614e-04
5.63250000000000000000000000000000e+01,-3.13184571999229417358391852029689e-03,-1.40376714130899258466717442480868e-03,-7.61738433020490908578073477268321e-03,5.11026987331496599951470643504828e-04
5.63499999999999999999999999999999e+01,-3.16661653688887256459142791355334e-03,-1.37788395495898229431597424721447e-03,-7.60406113938209381129098501440881e-03,5.54779340725216154178709426881702e-04
5.63749999999999999999999999999999e+01,-3.20073921403362053306642645162433e-03,-1.35191668576047768158729636422439e-03,-7.58964782093933774112966978774015e-03,5.98236332195333052833238373353511e-04
5.63999999999999999999999999999999e+01,-3.23421170368274721570857638198885e-03,-1.32586967846192749793076169145560e-03,-7.57415182363349662599984301246662e-03,6.41392796764668793763994147924564e-04
5.64249999999999999999999999999994e+01,-3.26703206660148920352315973203544e-03,-1.29974726893436662956093899529436e-03,-7.55758072446562630670486747861242e-03,6.84243639947216849075604779319903e-04
5.64499999999999999999999999999999e+01,-3.29919847183448080467412611541101e-03,-1.27355378355659578916261975774245e-03,-7.53994222691326850469956302304600e-03,7.26783838180794950098732320182475e-04
5.64749999999999999999999999999999e+01,-3.33070919646080876832010431617004e-03,-1.24729353860477047330997577828175e-03,-7.52124415915208085193683567744143e-03,7.69008439246853241637772940666844e-04
5.64999999999999999999999999999998e+01,-3.36156262533386258045976508343662e-03,-1.22097083964646933176661909514541e-03,-7.50149447226713229053426373833572e-03,8.10912562677436453354803438220873e-04
5.65249999999999999999999999999998e+01,-3.39175725080609318300510939567482e-03,-1.19458998093931113434787684696499e-03,-7.48070123845418499428654660664333e-03,8.52491400149300229588144793264675e-04
5.65499999999999999999999999999993e+01,-3.42129167243879469133515265122907e-03,-1.16815524483418911054053878638627e-03,-7.45887264921128393514359720444193e-03,8.93740215865183787729319530674611e-04
5.65749999999999999999999999999998e+01,-3.45016459669702540107278191857718e-03,-1.14167090118319109268215548656788e-03,-7.43601701352097513837170236728810e-03,9.34654346922243077774430919533924e-04
5.65999999999999999999999999999999e+01,-3.47837483662978607861466880790420e-03,-1.11514120675227327592874382657391e-03,-7.41214275602347354141957713894453e-03,9.75229203667650555479185184425109e-04
5.66250000000000000000000000000002e+01,-3.50592131153557521389931988668669e-03,-1.08857040463875444886452908314886e-03,-7.38725841518110119507151155652493e-03,1.01546027004136956616028497529830e-03
5.66499999999999999999999999999997e+01,-3.53280304661344257039707211758494e-03,-1.06196272369369632616744150642521e-03,-7.36137264143431632225510661044313e-03,1.05534310390611319927390682973932e-03
5.66749999999999999999999999999992e+01,-3.55901917259966399074398005325795e-03,-1.03532237794923420087111707318478e-03,-7.33449419534965348002545699484514e-03,1.09487333736449934350055555360240e-03
5.66999999999999999999999999999999e+01,-3.58456892539016200266279417116736e-03,-1.00865356605092058802605130470484e-03,-7.30663194575989475350225601508224e-03,1.13404667706341555306408589138326e-03
5.67250000000000000000000000000001e+01,-3.60945164564879831716917499208437e-03,-9.81960470695143009024255738665412e-04,-7.27779486789679154673731768846247e-03,1.17285890448560921729119957680713e-03
5.67500000000000000000000000000001e+01,-3.63366677840166582352617664024236e-03,-9.55247258071675844251507889446452e-04,-7.24799204151665612476244640689195e-03,1.21130587622852039818032870627651e-03
5.67749999999999999999999999999996e+01,-3.65721387261750917382564355481544e-03,-9.28518077311425488404518518986124e-04,-7.21723264901914160361386165589494e-03,1.24938352427037656700558083797862e-03
5.67999999999999999999999999999996e+01,-3.68009258077440452745975216231628e-03,-9.01777059939427794601283833750425e-04,-7.18552597355952858104614073034690e-03,1.28708785622357033466084428376843e-03
5.68249999999999999999999999999998e+01,-3.70230265841283049786038423290938e-03,-8.75028319333156516737467617474500e-04,-7.15288139715483605007002666813549e-03,1.32441495557534312339813565908864e-03
5.68500000000000000000000000000000e+01,-3.72384396367526380213330678225766e-03,-8.48275950186200553038769753818361e-04,-7.11930839878407364089746628437085e-03,1.36136098191579954892806727447065e-03
5.68750000000000000000000000000000e+01,-3.74471645683243453833819245699141e-03,-8.21524027977365994508733157007400e-04,-7.08481655248295159538709627082363e-03,1.39792217115327905542859633009110e-03
5.68999999999999999999999999999995e+01,-3.76492019979637738626396973422194e-03,-7.94776608445256663147235746964032e-04,-7.04941552543336419279531158172073e-03,1.43409483571711308107210114813532e-03
5.69249999999999999999999999999994e+01,-3.78445535562041634286347094088584e-03,-7.68037727068384823608108079776289e-04,-7.01311507604796161709282489027116e-03,1.46987536474779776427534434858470e-03
5.69500000000000000000000000000000e+01,-3.80332218798622188106808416985691e-03,-7.41311398550862784513980322848894e-04,-6.97592505205012448384437702973917e-03,1.50526022427461396926678210858764e-03
5.69749999999999999999999999999999e+01,-3.82152106067808068835285933883353e-03,-7.14601616313726189954381527018704e-04,-6.93785538854965442759334868149432e-03,1.54024595738072822084000966430914e-03
5.69999999999999999999999999999999e+01,-3.83905243704451941685219453388272e-03,-6.87912351991940161457345631830014e-04,-6.89891610611449328816527596607045e-03,1.57482918435580995507656319627799e-03
5.70249999999999999999999999999999e+01,-3.85591687944742515324705962598515e-03,-6.61247554937139032801546357631577e-04,-6.85911730883878252691518194653799e-03,1.60900660283620225641152005113649e-03
5.70499999999999999999999999999994e+01,-3.87211504869880656587969175392024e-03,-6.34611151726148673760660085628632e-04,-6.81846918240757355357902202430299e-03,1.64277498793268492553999219815181e-03
5.70749999999999999999999999999999e+01,-3.88764770348534087855691144067642e-03,-6.08007045675337726162080095483594e-04,-6.77698199215849865317050410004428e-03,1.67613119234587032581670862973219e-03
5.70999999999999999999999999999999e+01,-3.90251569978085294546142906579530e-03,-5.81439116360841580115422316654832e-04,-6.73466608114071117130016125987672e-03,1.70907214646927405231010719195832e-03
5.71249999999999999999999999999998e+01,-3.91671999024687377791037478943271e-03,-5.54911219144701609992440795780847e-04,-6.69153186817140254467636134661756e-03,1.74159485848010412139334293697624e-03
5.71499999999999999999999999999998e+01,-3.93026162362142693530012272111544e-03,-5.28427184706962232316839841960127e-04,-6.64758984589020264963765005363074e-03,1.77369641441781410340000421605477e-03
5.71749999999999999999999999999993e+01,-3.94314174409619226438793716723351e-03,-5.01990818583768921376201925506903e-04,-6.60285057881176878411909385038007e-03,1.80537397825046736625357486929937e-03
5.71999999999999999999999999999998e+01,-3.95536159068219755081941641334016e-03,-4.75605900711510214123167837945160e-04,-6.55732470137686739796232946132134e-03,1.83662479192896128505490073730967e-03
5.72249999999999999999999999999999e+01,-3.96692249656418970671220871920177e-03,-4.49276184977045240883245708728408e-04,-6.51102291600225144513954764874988e-03,1.86744617542916185217846284998057e-03
5.72500000000000000000000000000002e+01,-3.97782588844383812508978979234266e-03,-4.23005398774055730197831568108085e-04,-6.46395599112963495187371332921012e-03,1.89783552678200061279993022102070e-03
5.72749999999999999999999999999997e+01,-3.98807328587192377150536054074224e-03,-3.96797242565558827813246601580331e-04,-6.41613475927406507816448357343751e-03,1.92779032209158732496790772760622e-03
5.72999999999999999999999999999992e+01,-3.99766630056966846915368503435841e-03,-3.70655389452615493158803789830042e-04,-6.36757011507199059627546263429025e-03,1.95730811554139327484570954653701e-03
5.73249999999999999999999999999999e+01,-4.00660663573935969743931177313628e-03,-3.44583484749268967016739164907684e-04,-6.31827301332932431648000918867662e-03,1.98638653938856178599151976987682e-03
5.73500000000000000000000000000001e+01,-4.01489608536442709114745718529905e-03,-3.18585145563748179386285025773582e-04,-6.26825446706979555638346299547241e-03,2.01502330394640409812953365180848e-03
5.73750000000000000000000000000001e+01,-4.02253653349912770047868964013534e-03,-2.92663960385970910885806468090418e-04,-6.21752554558388727573880030693631e-03,2.04321619755514037654393992352258e-03
5.73999999999999999999999999999996e+01,-4.02952995354799793013565814773256e-03,-2.66823488681380334452932869049079e-04,-6.16609737247865098588550510578952e-03,2.07096308654094709667609470872253e-03
5.74249999999999999999999999999996e+01,-4.03587840753523089018018183331627e-03,-2.41067260491146388650809331133917e-04,-6.11398112372869099429608495249359e-03,2.09826191516337344243122746973811e-03
5.74499999999999999999999999999998e+01,-4.04158404536413864736288456725794e-03,-2.15398776038761083047832277077527e-04,-6.06118802572860796169095870943843e-03,2.12511070555119072536381060767487e-03
5.74750000000000000000000000000000e+01,-4.04664910406685957018144764494857e-03,-1.89821505343055163220039348753108e-04,-6.00772935334719013151402515024784e-03,2.15150755762674024162007821138421e-03
5.75000000000000000000000000000000e+01,-4.05107590704447163622735025743186e-03,-1.64338887837662864597315335364943e-04,-5.95361642798363893784106263321558e-03,2.17745064901884645473280808702749e-03
5.75249999999999999999999999999995e+01,-4.05486686329767323687790778949055e-03,-1.38954331996961361969562867161833e-04,-5.89886061562611400685457062646606e-03,2.20293823496436388851653668253024e-03
5.75499999999999999999999999999994e+01,-4.05802446664819367728320093769544e-03,-1.13671214968511245694672932638081e-04,-5.84347332491288083903279234495157e-03,2.22796864819842757277831124153948e-03
5.75750000000000000000000000000000e+01,-4.06055129495109621760944995218556e-03,-8.84928822120234108491700583842862e-05,-5.78746600519634269572294091220810e-03,2.25254029883347826358755794990892e-03
5.75999999999999999999999999999999e+01,-4.06245000929813711696610232993180e-03,-6.34226471448761425975098316342256e-05,-5.73085014461023641680389048765560e-03,2.27665167422713496567649103190226e-03
5.76249999999999999999999999999999e+01,-4.06372335321234471294093906520493e-03,-3.84637907942043546151353382167317e-05,-5.67363726814027006700559148147892e-03,2.30030133883898856104512725606338e-03
5.76499999999999999999999999999999e+01,-4.06437415183398309808884090315917e-03,-1.36195614555813732808393674846558e-05,-5.61583893569847844725797863749364e-03,2.32348793407639164059867540556157e-03
5.76749999999999999999999999999994e+01,-4.06440531109806544999531216017843e-03,1.11068256416874319351539248166141e-05,-5.55746674020157061351485373674402e-03,2.34621017812932095980989355319542e-03
5.76999999999999999999999999999999e+01,-4.06381981690358254435816001154806e-03,3.57121886626406201332669339778849e-05,-5.49853230565354161826075630007547e-03,2.36846686579439027422872873410357e-03
5.77249999999999999999999999999999e+01,-4.06262073427461243593035325480498e-03,6.01933794880883898453546097647522e-05,-5.43904728523281872954936178579573e-03,2.39025686828809262049044201876975e-03
5.77499999999999999999999999999998e+01,-4.06081120651347772865157350991274e-03,8.45472840293750077558315940597506e-05,-5.37902335938421038990353145338727e-03,2.41157913304935237031125530813038e-03
5.77749999999999999999999999999998e+01,-4.05839445434611726915246495592042e-03,1.08770822536459976864228995689315e-04,-5.31847223391592415394649839993449e-03,2.43243268353146860117224232228495e-03
5.77999999999999999999999999999993e+01,-4.05537377505983948260029268600122e-03,1.32860949899303157760639373494147e-04,-5.25740563810191779014144748062553e-03,2.45281661898353251715399992064439e-03
5.78249999999999999999999999999998e+01,-4.05175254163362492357463549736387e-03,1.56814655942540343488942067174317e-04,-5.19583532278984564891149992399683e-03,2.47273011422140283421864758169408e-03
5.78499999999999999999999999999999e+01,-4.04753420186114593537894388669906e-03,1.80628965713437133202094182293846e-04,-5.13377305851486028683585870261226e-03,2.49217241938832422040128923938565e-03
5.78750000000000000000000000000002e+01,-4.04272227746667159825250332265567e-03,2.04300939763110277506326071362888e-04,-5.07123063361952719475798437455771e-03,2.51114285970527504660065656200671e-03
5.78999999999999999999999999999997e+01,-4.03732036321402640247501275316362e-03,2.27827674421006837934706726407539e-04,-5.00821985238010830686077122634850e-03,2.52964083521113185174901788861528e-03
5.79249999999999999999999999999992e+01,-4.03133212600877131212503786259172e-03,2.51206302062632386832464613338409e-04,-4.94475253313946776849972631861441e-03,2.54766582049273905718113420718885e-03
5.79499999999999999999999999999999e+01,-4.02476130399377609651410751375214e-03,2.74433991370520099763897000513923e-04,-4.88084050644685121322623741970778e-03,2.56521736440497358154132725712536e-03
5.79750000000000000000000000000001e+01,-4.01761170563835200281940748079591e-03,2.97507947588433203110485027233845e-04,-4.81649561320478754436393113605109e-03,2.58229508978089510642123871448824e-03
5.80000000000000000000000000000001e+01,-4.00988720882111402125714994845702e-03,3.20425412768794167215257818475729e-04,-4.75172970282335993428985138155999e-03,2.59889869313207381349785126951031e-03
5.80249999999999999999999999999996e+01,-4.00159175990674214258662581825744e-03,3.43183666013335449352956554985931e-04,-4.68655463138209044606317849244907e-03,2.61502794433918844681208389298713e-03
5.80499999999999999999999999999996e+01,-3.99272937281681111614175227425160e-03,3.65780023706968315119677396924010e-04,-4.62098225979968034817130186902599e-03,2.63068268633298855246239839016734e-03
5.80749999999999999999999999999999e+01,-3.98330412809485828264733557332183e-03,3.88211839744867849585460804702243e-04,-4.55502445201184583456666407375599e-03,2.64586283476571573113204427098194e-03
5.80999999999999999999999999999999e+01,-3.97332017196585908911812761339617e-03,4.10476505752773293361962648953655e-04,-4.48869307315748647894342957894368e-03,2.66056837767307972826296467101900e-03
5.81250000000000000000000000000000e+01,-3.96278171539027990874660099467795e-03,4.32571451300503253565325342912753e-04,-4.42199998777342134406824422408435e-03,2.67479937512688618840899032281060e-03
5.81499999999999999999999999999995e+01,-3.95169303311287779773544087464081e-03,4.54494144108685547194251203798122e-04,-4.35495705799792523381537938137072e-03,2.68855595887841389578999997307198e-03
5.81749999999999999999999999999994e+01,-3.94005846270641682111283817688788e-03,4.76242090248702025900340784314888e-04,-4.28757614178329511792813736259373e-03,2.70183833199264027984566979759526e-03
5.82000000000000000000000000000000e+01,-3.92788240361047055576957733323408e-03,4.97812834335850052257526352460405e-04,-4.21986909111767427873229898468834e-03,2.71464676847341486056910051592820e-03
5.82249999999999999999999999999999e+01,-3.91516931616548031420056631136169e-03,5.19203959715724169178033866575025e-04,-4.15184775025635922655560417200038e-03,2.72698161287968115109003801223321e-03
5.82499999999999999999999999999999e+01,-3.90192372064223852011246317482056e-03,5.40413088643823326574928158485357e-04,-4.08352395396281190738785863144156e-03,2.73884327993284835887645962999803e-03
5.82749999999999999999999999999999e+01,-3.88815019626696651645881477081992e-03,5.61437882458390212740703959604303e-04,-4.01490952575959718231992399045896e-03,2.75023225411541506900945054924030e-03
5.82999999999999999999999999999994e+01,-3.87385338024215591655239692691372e-03,5.82276041746489640954583203579351e-04,-3.94601627618946299285940047562790e-03,2.76114908926094796413428353197018e-03
5.83249999999999999999999999999999e+01,-3.85903796676334243477666608337581e-03,6.02925306503332986445193455134209e-04,-3.87685600108677803886751957156467e-03,2.77159440813551951055946055390985e-03
5.83499999999999999999999999999999e+01,-3.84370870603198095537608589749680e-03,6.23383456284856035889857858691097e-04,-3.80744047985953918705892204681012e-03,2.78156890201070937447183594724547e-03
5.83749999999999999999999999999998e+01,-3.82787040326459040122448312453359e-03,6.43648310353558742299946681495968e-04,-3.73778147378215819920735187565151e-03,2.79107333022827509621976442315865e-03
5.83999999999999999999999999999998e+01,-3.81152791769833673057757065406680e-03,6.63717727817617153675778625829416e-04,-3.66789072429923472216226883147887e-03,2.80010851975659825101952965896373e-03
5.84249999999999999999999999999993e+01,-3.79468616159322210935059524431103e-03,6.83589607763279621008362221302123e-04,-3.59777995134051981763244764104975e-03,2.80867536473901300072247133920487e-03
5.84499999999999999999999999999998e+01,-3.77735009923104798616414432225514e-03,7.03261889380560675959053734334304e-04,-3.52746085164727162846039770376061e-03,2.81677482603412463624134581831749e-03
5.84750000000000000000000000000000e+01,-3.75952474591131945476599262267951e-03,7.22732552082246498966836994228662e-04,-3.45694509711020207906692740113627e-03,2.82440793074822643823359063664368e-03
5.85000000000000000000000000000002e+01,-3.74121516694425793896212087681870e-03,7.41999615616226011582110236047997e-04,-3.38624433311921079030476395955706e-03,2.83157577175992392028779297528234e-03
5.85249999999999999999999999999997e+01,-3.72242647664108888166744861278934e-03,7.61061140171161929457953897816766e-04,-3.31537017692509965346656078277431e-03,2.83827950723707621971757408264803e-03
5.85499999999999999999999999999992e+01,-3.70316383730177075114759509438661e-03,7.79915226475517033745538752342810e-04,-3.24433421601345875599795544002513e-03,2.84452036014616503474491199769511e-03
5.85749999999999999999999999999999e+01,-3.68343245820033127799487426871047e-03,7.98560015889952419236119527654981e-04,-3.17314800649091158427578362124212e-03,2.85029961775420207739408262633327e-03
5.86000000000000000000000000000001e+01,-3.66323759456797639650122603000142e-03,8.16993690493116115299678576168565e-04,-3.10182307148390464779862287834971e-03,2.85561863112328655369847058401756e-03
5.86250000000000000000000000000001e+01,-3.64258454657413688707989215000598e-03,8.35214473160841751739067090400052e-04,-3.03037089955022387448888206756931e-03,2.86047881459792473563436651254429e-03
5.86499999999999999999999999999996e+01,-3.62147865830561721468130465517064e-03,8.53220627638777653439909672700315e-04,-2.95880294310341731800747313112023e-03,2.86488164528522426706662068055299e-03
5.86749999999999999999999999999996e+01,-3.59992531674401054401043846852236e-03,8.71010458608467094660070511648104e-04,-2.88713061685030089458363628791420e-03,2.86882866252807643059466420125453e-03
5.86999999999999999999999999999999e+01,-3.57792995074154338974838743326331e-03,8.88582311746900839272645075455250e-04,-2.81536529624172102913830732842281e-03,2.87232146737144015821914947506630e-03
5.87249999999999999999999999999999e+01,-3.55549802999551282321745000835917e-03,9.05934573779563852231435405117439e-04,-2.74351831593674523951283254087502e-03,2.87536172202184207065039782842595e-03
5.87500000000000000000000000000000e+01,-3.53263506402147859604616940544289e-03,9.23065672526999209121574292958679e-04,-2.67160096828044882480027901802390e-03,2.87795114930020727910132607536628e-03
5.87749999999999999999999999999995e+01,-3.50934660112537194951947052562000e-03,9.39974076944913517313016665928100e-04,-2.59962450179546295015838990322488e-03,2.88009153208813610356187941195083e-03
5.87999999999999999999999999999994e+01,-3.48563822737468225559791227675251e-03,9.56658297157849307378533673114536e-04,-2.52760011968744653642291687391522e-03,2.88178471276774227977989988117909e-03
5.88250000000000000000000000000000e+01,-3.46151556556888198775073643809211e-03,9.73116884486450719527865837752727e-04,-2.45553897836464146820680677806904e-03,2.88303259265516865411650378313006e-03
5.88499999999999999999999999999999e+01,-3.43698427420924985328043856097003e-03,9.89348431468349459198280794355908e-04,-2.38345218597166772884427875126173e-03,2.88383713142789679071993022507349e-03
5.88749999999999999999999999999999e+01,-3.41205004646825123709218940401208e-03,1.00535157187269859377828398593581e-03,-2.31135080093771215481781359963584e-03,2.88420034654596731868602826876112e-03
5.88999999999999999999999999999999e+01,-3.38671860915863440932796296863279e-03,1.02112498070838244076510362123464e-03,-2.23924583053926157694844791194096e-03,2.88412431266722821376230877732400e-03
5.89249999999999999999999999999994e+01,-3.36099572170240023331400806363925e-03,1.03666737422593159108848871016016e-03,-2.16714822947752818156895799343536e-03,2.88361116105672853996104606886198e-03
5.89499999999999999999999999999999e+01,-3.33488717509980237334217196470265e-03,1.05197750991317298706927834775129e-03,-2.09506889847071198290957112108521e-03,2.88266307899037548204598895860263e-03
5.89749999999999999999999999999999e+01,-3.30839879089853424238414669024599e-03,1.06705418648464589365946779939394e-03,-2.02301868286124234848826931194234e-03,2.88128230915297279113885203531240e-03
5.89999999999999999999999999999998e+01,-3.28153642016325814713640008627132e-03,1.08189624386481554045426941755645e-03,-1.95100837123813756271081175660441e-03,2.87947114903075904606380098601565e-03
5.90249999999999999999999999999998e+01,-3.25430594244563128170538808470009e-03,1.09650256316511713422568844780079e-03,-1.87904869407461845045755541723409e-03,2.87723195029856439916684945861673e-03
5.90499999999999999999999999999993e+01,-3.22671326475498239302129754394349e-03,1.11087206665486377679554806863245e-03,-1.80715032238110911257820309743652e-03,2.87456711820170472313671744583442e-03
5.90749999999999999999999999999998e+01,-3.19876432052979209387419763439094e-03,1.12500371772605250072030603228834e-03,-1.73532386637375484940373629989550e-03,2.87147911093273230428439224929778e-03
5.91000000000000000000000000000000e+01,-3.17046506861012893739772230653702e-03,1.13889652085210316156262781763229e-03,-1.66357987415858436706688960180129e-03,2.86797043900316243938276365932726e-03
5.91250000000000000000000000000002e+01,-3.14182149221119249232281927111064e-03,1.15254952154056542368089179807986e-03,-1.59192883043144037503302836130596e-03,2.86404366461029548659700468414520e-03
5.91499999999999999999999999999997e+01,-3.11283959789811376975869557936055e-03,1.16596180627982972879438647080879e-03,-1.52038115519379969229756515008156e-03,2.85970140099925409106499775669348e-03
5.91749999999999999999999999999992e+01,-3.08352541456216244411847375489886e-03,1.17913250247987904863001071404999e-03,-1.44894720248460098486475286435171e-03,2.85494631182035544699134312274390e-03
5.91999999999999999999999999999999e+01,-3.05388499239850937719762889066723e-03,1.19206077840711931467559432226675e-03,-1.37763725912819525910854610790879e-03,2.84978111048193857182481649573758e-03
5.92250000000000000000000000000001e+01,-3.02392440188569199372723375969397e-03,1.20474584311332744721759071037328e-03,-1.30646154349853123500969742165976e-03,2.84420855949876666391190339413023e-03
5.92500000000000000000000000000001e+01,-2.99364973276692907382039811067593e-03,1.21718694635875663140749556085004e-03,-1.23543020429968472034884238511115e-03,2.83823146983612470526259434339826e-03
5.92749999999999999999999999999996e+01,-2.96306709303343053136263827368861e-03,1.22938337852943886045256172685755e-03,-1.16455331936283810176844272175086e-03,2.83185270024973256030439544909430e-03
5.92999999999999999999999999999996e+01,-2.93218260790984674423333784308837e-03,1.24133447054872499058437976242409e-03,-1.09384089445981306130961799142607e-03,2.82507515662159390074370361794458e-03
5.93249999999999999999999999999999e+01,-2.90100241884200099179143795362859e-03,1.25303959378310295906779754696894e-03,-1.02330286213325661805292615269161e-03,2.81790179129190133821534724846125e-03
5.93499999999999999999999999999999e+01,-2.86953268248704752956959122794649e-03,1.26449815994233561834472531812274e-03,-9.52949080543577584729622128586946e-04,2.81033560238711815707375723550974e-03
5.93750000000000000000000000000000e+01,-2.83777956970619678102791563914766e-03,1.27570962097396076219601391175126e-03,-8.82789332332727519647759864703878e-04,2.80237963314435701214648672238142e-03
5.93999999999999999999999999999995e+01,-2.80574926456014804729985794187486e-03,1.28667346895219704023876638476599e-03,-8.12833323504917245738443367488100e-04,2.79403697123217590896121208897870e-03
5.94249999999999999999999999999994e+01,-2.77344796330736903279088508494854e-03,1.29738923596130023315248932471651e-03,-7.43090682324357001181961125465734e-04,2.78531074806791173819028522654431e-03
5.94500000000000000000000000000000e+01,-2.74088187340536036788584180386484e-03,1.30785649397341468628970034552538e-03,-6.73570958230105279742138599714025e-04,2.77620413813167159973248719058331e-03
5.94749999999999999999999999999999e+01,-2.70805721251504218899912110891859e-03,1.31807485472096478771291756562677e-03,-6.04283620768108413504808897210919e-04,2.76672035827710211248626753851819e-03
5.94999999999999999999999999999999e+01,-2.67498020750839871188984148132458e-03,1.32804396956363160941390793447613e-03,-5.35238058540509946562703057968670e-04,2.75686266703905683909791436377224e-03
5.95249999999999999999999999999999e+01,-2.64165709347951559902642648272241e-03,1.33776352934996047688116074318002e-03,-4.66443578172305846261997071488481e-04,2.74663436393828184264406742658212e-03
5.95499999999999999999999999999994e+01,-2.60809411275914376529088588898100e-03,1.34723326427364625345861126524682e-03,-3.97909403295418600084206618050156e-04,2.73603878878323923639209223427436e-03
5.95749999999999999999999999999999e+01,-2.57429751393292208273265839867076e-03,1.35645294372454420756397830275110e-03,-3.29644673550260251924523881489492e-04,2.72507932096918840969931750878094e-03
5.95999999999999999999999999999999e+01,-2.54027355086339023765437700869974e-03,1.36542237613445511669466228453224e-03,-2.61658443604851441671067899276672e-04,2.71375937877464443757939076284512e-03
5.96249999999999999999999999999998e+01,-2.50602848171592177182462330627615e-03,1.37414140881773361259770283203469e-03,-1.93959682191560526353879532162996e-04,2.70208241865533301852402188406263e-03
5.96499999999999999999999999999998e+01,-2.47156856798870611336288259191136e-03,1.38260992780676885518727883874117e-03,-1.26557271161523879514926280386949e-04,2.69005193453576112286239752010575e-03
5.96749999999999999999999999999993e+01,-2.43690007354690717427162397200553e-03,1.39082785768238677915930942689340e-03,-5.94600045568054881420610250072756e-05,2.67767145709852234757582368776226e-03
5.96999999999999999999999999999998e+01,-2.40202926366112485515365716082625e-03,1.39879516139922364706600506046096e-03,7.32341229964900561684086665366128e-06,2.66494455307145574415305260693172e-03
5.97250000000000000000000000000000e+01,-2.36696240405028454441851428537683e-03,1.40651184010612146725600192146198e-03,7.37843636962116365772931770831560e-05,2.65187482451277661432847076716339e-03
5.97500000000000000000000000000002e+01,-2.33170575992907842358574648072210e-03,1.41397793296159675633594423131632e-03,1.39914324406875599792667552395794e-04,2.63846590809429747323315072190691e-03
5.97749999999999999999999999999997e+01,-2.29626559506008109354204455757390e-03,1.42119351694443485400451047985920e-03,2.05704860547616613560661657410617e-04,2.62472147438285708321242162069203e-03
5.97999999999999999999999999999992e+01,-2.26064817081066072578895628074515e-03,1.42815870665946239912207539603817e-03,2.71147630414768834721045920487138e-04,2.61064522712007517425002252820287e-03
5.98249999999999999999999999999999e+01,-2.22485974521480562518906059169225e-03,1.43487365413855074674335685300377e-03,3.36234385305374935638198285809993e-04,2.59624090250055017971182844354159e-03
5.98500000000000000000000000000001e+01,-2.18890657203998476936445295256366e-03,1.44133854863690327935579771291126e-03,4.00956970319472881709896510704610e-04,2.58151226844861700927492308928827e-03
5.98750000000000000000000000000001e+01,-2.15279489985915956197877202746570e-03,1.44755361642467993251053343936229e-03,4.65307325144284869595717174532542e-04,2.56646312389378153902090606611681e-03
5.98999999999999999999999999999996e+01,-2.11653097112806269711336216777556e-03,1.45351912057401284121973551043851e-03,5.29277484820276798698203697774626e-04,2.55109729804494812119302115563948e-03
5.99249999999999999999999999999996e+01,-2.08012102126785867577349269911070e-03,1.45923536074146769049538567715077e-03,5.92859580489059551016359590668320e-04,2.53541864966355601613163256615098e-03
5.99499999999999999999999999999999e+01,-2.04357127775329914315836090797706e-03,1.46470267294600595325632664817657e-03,6.56045840123106246971216908280967e-04,2.51943106633574024229033611956443e-03
5.99749999999999999999999999999999e+01,-2.00688795920648482998624607185284e-03,1.46992142934250363274651063537515e-03,7.18828589237262527128316465858964e-04,2.50313846374363193425441716424066e-03
6.00000000000000000000000000000000e+01,-1.97007727449634448686898906460524e-03,1.47489203799088242321131137793011e-03,7.81200251582029781885526736476670e-04,2.48654478493591288837245210530049e-03
6.00249999999999999999999999999995e+01,-1.93314542184393979974373948899423e-03,1.47961494262090945719018379483464e-03,8.43153349818604112905278041918415e-04,2.46965399959773854947023748219243e-03
6.00499999999999999999999999999994e+01,-1.89609858793370386661826589445231e-03,1.48409062239272210194185047270133e-03,9.04680506175656660827806556556000e-04,2.45247010332014324142456702844941e-03
6.00750000000000000000000000000000e+01,-1.85894294703071939996095709998799e-03,1.48831959165313462554851689234152e-03,9.65774443087843772969940422880090e-04,2.43499711686904096867510757011038e-03
6.00999999999999999999999999999999e+01,-1.82168466010414139357761579466512e-03,1.49230239968778395545325452513278e-03,1.02642798381603831173812212661694e-03,2.41723908545393462119818722223787e-03
6.01249999999999999999999999999999e+01,-1.78432987395686755701206774505618e-03,1.49603963046917217204678923925767e-03,1.08663405304927621898426453379016e-03,2.39920007799644590880746817473699e-03
6.01499999999999999999999999999999e+01,-1.74688472036155837415364005143267e-03,1.49953190240066380168384823018875e-03,1.14638567748841525324877256116361e-03,2.38088418639877783447650805619957e-03
6.01749999999999999999999999999994e+01,-1.70935531520310718597455182398810e-03,1.50277986805649637952968088293391e-03,1.20567598641150560551290630507934e-03,2.36229552481222098904834675857937e-03
6.01999999999999999999999999999999e+01,-1.67174775762765923095389766805749e-03,1.50578421391786310821624275793066e-03,1.26449821222087487440911707810216e-03,2.34343822890581440867468146724972e-03
6.02250000000000000000000000000000e+01,-1.63406812919827710255213488644250e-03,1.50854566010512670551727218604889e-03,1.32284569097193264345873684015402e-03,2.32431645513527118101758065059850e-03
6.02499999999999999999999999999998e+01,-1.59632249305734860342878938355525e-03,1.51106496010622371194573470096033e-03,1.38071186288370265047645654391221e-03,2.30493438001227841761847531068689e-03
6.02749999999999999999999999999998e+01,-1.55851689309583149252545804279996e-03,1.51334290050131867922760806486395e-03,1.43809027283109327247200309662538e-03,2.28529619937428062787215202100564e-03
6.02999999999999999999999999999993e+01,-1.52065735312942813310242029048286e-03,1.51538030068376788227212561766172e-03,1.49497457081891976783132717910410e-03,2.26540612765485493234910779427815e-03
6.03249999999999999999999999999998e+01,-1.48274987608178155455063628568323e-03,1.51717801257745255492526935619630e-03,1.55135851243769442083922390599541e-03,2.24526839715478593690565420616658e-03
6.03500000000000000000000000000000e+01,-1.44480044317478293510834989805188e-03,1.51873692035054210880996047686044e-03,1.60723595930120342124078304846180e-03,2.22488725731394745437798879637462e-03
6.03750000000000000000000000000002e+01,-1.40681501312607899547191325670447e-03,1.52005794012574822608878189316397e-03,1.66260087946589198312751564688785e-03,2.20426697398409761271026574050400e-03
6.03999999999999999999999999999997e+01,-1.36879952135386626725210272397874e-03,1.52114201968713098305883726227765e-03,1.71744734783208186273339502549278e-03,2.18341182870269323407299347872327e-03
6.04249999999999999999999999999992e+01,-1.33075987918905767021557131729929e-03,1.52199013818351822275370590402984e-03,1.77176954652704807363225776308520e-03,2.16232611796782871211374330474484e-03
6.04499999999999999999999999999999e+01,-1.29270197309490530233245214445130e-03,1.52260330582859935482652322383164e-03,1.82556176526998422022521831128808e-03,2.14101415251440394976382608806144e-03
6.04750000000000000000000000000001e+01,-1.25463166389416181705720944201728e-03,1.52298256359775480284118621351342e-03,1.87881840171888847599583546289427e-03,2.11948025659162523850658038881363e-03
6.05000000000000000000000000000001e+01,-1.21655478600386122905941784187760e-03,1.52312898292168257220138928761015e-03,1.93153396179940482126091889395335e-03,2.09772876724194225395330646469585e-03
6.05249999999999999999999999999996e+01,-1.17847714667779844749610547227930e-03,1.52304366537688384951426937820316e-03,1.98370306001565672543062647632497e-03,2.07576403358152361269034637519633e-03
6.05499999999999999999999999999996e+01,-1.14040452525678528226882633985700e-03,1.52272774237306999322144601244714e-03,2.03532041974311301062846578043044e-03,2.05359041608237269147082002901911e-03
6.05749999999999999999999999999998e+01,-1.10234267242675910587379613384252e-03,1.52218237483755353902089796036981e-03,2.08638087350352816672099520908093e-03,2.03121228585618466418049009042829e-03
6.06000000000000000000000000000000e+01,-1.06429730948481878737341458697911e-03,1.52140875289668584738221912031391e-03,2.13687936322200190241562868090488e-03,2.00863402394004497006368872129202e-03
6.06250000000000000000000000000000e+01,-1.02627412761326095116894109961515e-03,1.52040809555440387088695571191897e-03,2.18681094046620521314202359447523e-03,1.98586002058406868251173137080492e-03
6.06499999999999999999999999999995e+01,-9.88278787161688052831316319340636e-04,1.51918165036794842838945694632175e-03,2.23617076666782272371798285216532e-03,1.96289467454107948797290925707887e-03
6.06749999999999999999999999999994e+01,-9.50316916937258203450054675931017e-04,1.51773069312081650370041192237289e-03,2.28495411332626352177253737001386e-03,1.93974239235842619848349357226817e-03
6.07000000000000000000000000000000e+01,-9.12394113503145106940305430283043e-04,1.51605652749301043277630896493056e-03,2.33315636219469513587508846854378e-03,1.91640758767203390911881369205635e-03
6.07249999999999999999999999999999e+01,-8.74515940485274898028354113000210e-04,1.51416048472864723709905700917286e-03,2.38077300544845772977493472661631e-03,1.89289468050278608469291104658293e-03
6.07499999999999999999999999999999e+01,-8.36687927887405083735899237254935e-04,1.51204392330099159690202285734133e-03,2.42779964583591798090917607546167e-03,1.86920809655533303263374840557846e-03
6.07749999999999999999999999999999e+01,-7.98915571414609203566746832225488e-04,1.50970822857497594324362404981549e-03,2.47423199681182448748791191827974e-03,1.84535226651942139790114646806916e-03
6.07999999999999999999999999999994e+01,-7.61204331805229238816060916398382e-04,1.50715481246727096450518110111259e-03,2.52006588265322890412422325171385e-03,1.82133162537383849545597119917202e-03
6.08249999999999999999999999999999e+01,-7.23559634171356221355062922931095e-04,1.50438511310396966048011151465002e-03,2.56529723855803934099335922783760e-03,1.79715061169306446254945704487675e-03
6.08500000000000000000000000000000e+01,-6.85986867347897914166609009005489e-04,1.50140059447594809226478992497997e-03,2.60992211072627487540021849713667e-03,1.77281366695672435574615310706421e-03
6.08749999999999999999999999999998e+01,-6.48491383250290854870843294564977e-04,1.49820274609196618304499843861168e-03,2.65393665642409231677079485035863e-03,1.74832523486193143550051832751755e-03
6.08999999999999999999999999999998e+01,-6.11078496240912466102300216974017e-04,1.49479308262957219653269578690650e-03,2.69733714403065863595658733757917e-03,1.72368976063861198440790700327264e-03
6.09249999999999999999999999999993e+01,-5.73753482504247343443699975866381e-04,1.49117314358387468907246241420535e-03,2.74011995306794471715765395453596e-03,1.69891169036790110707524209060918e-03
6.09499999999999999999999999999998e+01,-5.36521579430860236599656547116179e-04,1.48734449291424571164318326131059e-03,2.78228157421351831579740224617130e-03,1.67399547030369806650630126369841e-03
6.09750000000000000000000000000000e+01,-4.99387985010226647001336129925620e-04,1.48330871868901887450702680141112e-03,2.82381860929641630841645090066839e-03,1.64894554619746881987975242308763e-03
6.10000000000000000000000000000002e+01,-4.62357857232470377075712924167575e-04,1.47906743272824571041848429244768e-03,2.86472777127617850098657174377487e-03,1.62376636262638251473242500487972e-03
6.10249999999999999999999999999997e+01,-4.25436313499055781735420613001363e-04,1.47462227024457369677417593486772e-03,2.90500588420512741960376901689585e-03,1.59846236232486778566502068447554e-03
6.10499999999999999999999999999992e+01,-3.88628430042480888206233103808865e-04,1.46997488948230934627260426512153e-03,2.94464988317398064179456876801951e-03,1.57303798551967375076060271562845e-03
6.10749999999999999999999999999999e+01,-3.51939241355015963731044432987016e-04,1.46512697135472988101577374989000e-03,2.98365681424088433723968162234233e-03,1.54749766926851965305052440792850e-03
6.11000000000000000000000000000001e+01,-3.15373739626530521834117176663923e-04,1.46008021907970706871805626026289e-03,3.02202383434395877338310522641083e-03,1.52184584680241613491002519251017e-03
6.11250000000000000000000000000001e+01,-2.78936874191450168585405567695355e-04,1.45483635781370676530655416865662e-03,3.05974821119744860413770691690729e-03,1.49608694687174017705947216517163e-03
6.11499999999999999999999999999996e+01,-2.42633550984883103095035328052819e-04,1.44939713428422758765781076628538e-03,3.09682732317157279873601217962348e-03,1.47022539309614477667655208165969e-03
6.11749999999999999999999999999996e+01,-2.06468632007954502787277670609899e-04,1.44376431642074198809624074677498e-03,3.13325865915617108260456752413496e-03,1.44426560331838347458845694264028e-03
6.11999999999999999999999999999998e+01,-1.70446934802385443956579287393406e-04,1.43793969298420286860458442912383e-03,3.16903981840824575270382330017871e-03,1.41821198896212886436956645450146e-03
6.12250000000000000000000000000000e+01,-1.34573231934351430952000952180663e-04,1.43192507319517877433934440296190e-03,3.20416851038349969574031756207397e-03,1.39206895439386322582861749476933e-03
6.12500000000000000000000000000000e+01,-9.88522504876540323006109462583670e-05,1.42572228636068063166078276946192e-03,3.23864255455197337873334347793667e-03,1.36584089628891842530444672210333e-03
6.12749999999999999999999999999995e+01,-6.32886715662375487954769838313720e-05,1.41933318149974292798283772812082e-03,3.27245988019788549741651495288083e-03,1.33953220300174121956771697691321e-03
6.12999999999999999999999999999994e+01,-2.78871298060810670214628034303024e-05,1.41275962696782215879973617217814e-03,3.30561852620378385876658823313917e-03,1.31314725394045909084286790915652e-03
6.13250000000000000000000000000000e+01,7.34778710350531782956164395002500e-06,1.40600351008007528253292099166182e-03,3.33811664081911493948023163957877e-03,1.28669041894582072679494446922203e-03
6.13499999999999999999999999999999e+01,4.24115388891528931819894252112413e-05,1.39906673673358080968088680500670e-03,3.36995248141332240233441627798938e-03,1.26016605767458423976308675682714e-03
6.13749999999999999999999999999999e+01,7.72996331532496813983160274587722e-05,1.39195123102856498911773054397275e-03,3.40112441421358666691152613333912e-03,1.23357851898742519358274822012919e-03
6.13999999999999999999999999999999e+01,1.12007625824274659208830374556477e-04,1.38465893488869533847780069534675e-03,3.43163091402731941999358325132603e-03,1.20693214034143547461145383179667e-03
6.14249999999999999999999999999994e+01,1.46531121597628303437084876246133e-04,1.37719180768050352814539235442095e-03,3.46147056394952871389239409533983e-03,1.18023124718728300633892962868668e-03
6.14499999999999999999999999999999e+01,1.80865774366938469749500510034030e-04,1.36955182583199942309254230090847e-03,3.49064205505517203793589158359899e-03,1.15348015237110126321784501356243e-03
6.14750000000000000000000000000000e+01,2.15007287645822154434308947238669e-04,1.36174098245053795223688098318359e-03,3.51914418607661645909240240777579e-03,1.12668315554117648760267192314547e-03
6.14999999999999999999999999999998e+01,2.48951414980085229949196089599760e-04,1.35376128694000039730439510695196e-03,3.54697586306632661207868831301228e-03,1.09984454255949945393414549387424e-03
6.15249999999999999999999999999998e+01,2.82693960350343783805074334602601e-04,1.34561476461735160443428046691301e-03,3.57413609904490297709259845737788e-03,1.07296858491824755916859333166919e-03
6.15499999999999999999999999999993e+01,3.16230778565052225955502190753435e-04,1.33730345632863444362588643012898e-03,3.60062401363459451445265506656985e-03,1.04605953916126195184852953733630e-03
6.15749999999999999999999999999998e+01,3.49557775643924859489593067812518e-04,1.32882941806446254545703240786185e-03,3.62643883267841132991291032198553e-03,1.01912164631058334631915163777604e-03
6.16000000000000000000000000000000e+01,3.82670909191739130643480721505727e-04,1.32019472057507198276624906236376e-03,3.65157988784496462225510406191787e-03,9.92159131298109101578791449217541e-04
6.16250000000000000000000000000002e+01,4.15566188762510286552045363863039e-04,1.31140144898499223802959080182750e-03,3.67604661621916271585259531360151e-03,9.65176202402433071082773851853465e-04
6.16499999999999999999999999999997e+01,4.48239676214028674744670231943894e-04,1.30245170240739658267082365121827e-03,3.69983855987889350503505768019191e-03,9.38177050690928646035779528952873e-04
6.16749999999999999999999999999992e+01,4.80687486052752420073912639844220e-04,1.29334759355819188586335276658621e-03,3.72295536545782513398246118685131e-03,9.11165849467134320305287341650992e-04
6.16999999999999999999999999999999e+01,5.12905785769049714155629738897355e-04,1.28409124836990777574902028119628e-03,3.74539678369445820533382582679997e-03,8.84146753723500005275346510916810e-04
6.17250000000000000000000000000001e+01,5.44890796162786448362057113655546e-04,1.27468480560544488294225364334178e-03,3.76716266896756425266651398218350e-03,8.57123899599551224749945734104742e-04
6.17500000000000000000000000000001e+01,5.76638791659256410656046830392663e-04,1.26513041647174155485586839025176e-03,3.78825297881814662658324399180114e-03,8.30101403845527227037774797343891e-04
6.17749999999999999999999999999996e+01,6.08146100615452745843008486015312e-04,1.25543024423341799167919823709464e-03,3.80866777345806133144580639718545e-03,8.03083363291547960907179276083490e-04
6.17999999999999999999999999999996e+01,6.39409105616680847181392150012262e-04,1.24558646382645633817497788969630e-03,3.82840721526543670979236781732165e-03,7.76073854322363766983300097002787e-04
6.18249999999999999999999999999998e+01,6.70424243763514306629170199949912e-04,1.23560126147197496703659425518386e-03,3.84747156826703220396409686118544e-03,7.49076932357740530072017110100211e-04
6.18500000000000000000000000000000e+01,7.01188006949097004560388304434254e-04,1.22547683429015501513124662585053e-03,3.86586119760767772915224982021427e-03,7.22096631338531920405348082201589e-04
6.18750000000000000000000000000000e+01,7.31696942126795869671074241307899e-04,1.21521538991437709451692076156982e-03,3.88357656900693646874069364010304e-03,6.95136963218489228966139984810735e-04
6.18999999999999999999999999999995e+01,7.61947651568210285350133694586808e-04,1.20481914610562587824111792634747e-03,3.90061824820313515143448500639545e-03,6.68201917461858182113200567978584e-04
6.19249999999999999999999999999994e+01,7.91936793111545557008698311747534e-04,1.19429033036721989652842381322680e-03,3.91698690038490709037426359953965e-03,6.41295460546811008127873589691441e-04
6.19500000000000000000000000000000e+01,8.21661080400359282476976407200444e-04,1.18363117955992341057183162729552e-03,3.93268328961039445740392318616336e-03,6.14421535474760920516847055160876e-04
6.19749999999999999999999999999999e+01,8.51117283112690883270172664082774e-04,1.17284393951749676393343496923099e-03,3.94770827821425743091592000988708e-03,5.87584061285605072531185539253273e-04
6.19999999999999999999999999999999e+01,8.80302227180585959618345675164526e-04,1.16193086466274123878508377950262e-03,3.96206282620263899308795021818068e-03,5.60786932578940917792441376668451e-04
6.20249999999999999999999999999999e+01,9.09212795000028529398985327582693e-04,1.15089421762409418179153940559489e-03,3.97574799063623526159156824149835e-03,5.34034019041299782286063192947929e-04
6.20499999999999999999999999999994e+01,9.37845925631295602537856006059120e-04,1.13973626885282994536181466656289e-03,3.98876492500162232180524842088720e-03,5.07329164979440318699775635845794e-04
6.20749999999999999999999999999999e+01,9.66198614989749927898069843297589e-04,1.12845929624092191838899074780497e-03,4.00111487857099157818327851609761e-03,4.80676188859743382738152973904938e-04
6.21000000000000000000000000000000e+01,9.94267916027088127010445065913233e-04,1.11706558473962054152384710650611e-03,4.01279919575044666785667191206583e-03,4.54078882853748746919390598975566e-04
6.21249999999999999999999999999998e+01,1.02205093890306279563243280060913e-03,1.10555742597880173549328795905123e-03,4.02381931541701597594292191052660e-03,4.27541012389872948699412375483584e-04
6.21499999999999999999999999999998e+01,1.04954485114769850874296245969622e-03,1.09393711788713968945829468676380e-03,4.03417677024453576048259772426551e-03,4.01066315711346450616837457227481e-04
6.21749999999999999999999999999993e+01,1.07674687781402300774930802415740e-03,1.08220696431315752835362797000612e-03,4.04387318601855983531516168925231e-03,3.74658503440407165093799819538786e-04
6.21999999999999999999999999999998e+01,1.10365430162133618209059040477646e-03,1.07036927464720902195308808089674e-03,4.05291028094045267138336383125468e-03,3.48321258148786264607065905215600e-04
6.22250000000000000000000000000000e+01,1.13026446308904078249091976099681e-03,1.05842636344444417802022211379582e-03,4.06128986492082366078505062865576e-03,3.22058233934521062984192369572651e-04
6.22500000000000000000000000000002e+01,1.15657476066106012001348016214569e-03,1.04638055004881122076043803903386e-03,4.06901383886246114336771215115023e-03,2.95873056005128621033335619354494e-04
6.22749999999999999999999999999997e+01,1.18258265082086931275299039056195e-03,1.03423415821814705840393774889321e-03,4.07608419393292562289256317582497e-03,2.69769320267172602740242694007535e-04
6.22999999999999999999999999999992e+01,1.20828564819716793905042326589930e-03,1.02198951575040789423463717419227e-03,4.08250301082696239891694572560831e-03,2.43750592922254785976484979618872e-04
6.23249999999999999999999999999999e+01,1.23368132566022324158630724861289e-03,1.00964895411109116473412673526441e-03,4.08827245901889461163078257847861e-03,2.17820410069461510530734214129062e-04
6.23500000000000000000000000000001e+01,1.25876731440891430049239211145065e-03,9.97214808061899527223491674102334e-04,4.09339479600515843992010529893686e-03,1.91982277314294223175030104476820e-04
6.23750000000000000000000000000001e+01,1.28354130404850885613773108619524e-03,9.84689415290697178997527001946758e-04,4.09787236653714290785651800448322e-03,1.66239669384112153878292764976063e-04
6.23999999999999999999999999999996e+01,1.30800104265920571395885129893267e-03,9.72075116042808364191100400303140e-04,4.10170760184449744158475590426105e-03,1.40596029750114031119968708813495e-04
6.24249999999999999999999999999996e+01,1.33214433685547690483463993073276e-03,9.59374252753707502266545416606490e-04,4.10490301884907097722060826155830e-03,1.15054770255884620079580859947953e-04
6.24499999999999999999999999999998e+01,1.35596905183624500504265810630936e-03,9.46589169683149946045415080678557e-04,4.10746121936964705094808273541665e-03,8.96192707525307466066600260041342e-05
6.24750000000000000000000000000000e+01,1.37947311142593223963251463969910e-03,9.33722212550791943201193554672975e-04,4.10938488931763990509926550077455e-03,6.42928787404303520388491275800570e-05
6.25000000000000000000000000000000e+01,1.40265449810641920182425540909441e-03,9.20775728173347925273656095696275e-04,4.11067679788391721867727338479463e-03,3.90789090176170082535629004536440e-05
6.25249999999999999999999999999995e+01,1.42551125303995221825308832118920e-03,9.07752064103332772232149725277792e-04,4.11133979671691561758962989189601e-03,1.39806433348212084477305060908640e-05
6.25499999999999999999999999999994e+01,1.44804147608303957481818734773335e-03,8.94653568269436195901659534692202e-04,4.11137681909221563884471536506798e-03,-1.09986699428113626226875719751140e-05
6.25750000000000000000000000000000e+01,1.47024332579137798998806038698731e-03,8.81482588618575867291656025082813e-04,4.11079087907374331418584301483962e-03,-3.58558161673054845394822486333663e-05
6.25999999999999999999999999999999e+01,1.49211501941585188168423434406689e-03,8.68241472759675409827470517598634e-04,4.10958507066676600215357298390405e-03,-6.05876147327279961152811392600537e-05
6.26249999999999999999999999999999e+01,1.51365483288964912101880714988476e-03,8.54932567609212915422170404106540e-04,4.10776256696285053341870933252542e-03,-8.51909193933284480952665109960420e-05
6.26499999999999999999999999999999e+01,1.53486110080653810216001728712318e-03,8.41558219038585208540675296349611e-04,4.10532661927695214244522502487138e-03,-1.09662618574933037190421595922017e-04
6.26749999999999999999999999999994e+01,1.55573221639035208287179526383387e-03,8.28120771523332649392676902069964e-04,4.10228055627680303916931754093203e-03,-1.33999635679577147093804526716654e-04
6.26999999999999999999999999999999e+01,1.57626663145572786418204140575612e-03,8.14622567794268787033409148507086e-04,4.09862778310476982751015743404664e-03,-1.58198929383362919488604038904148e-04
6.27250000000000000000000000000000e+01,1.59646285636014697869780540379058e-03,8.01065948490558627500242313198449e-04,4.09437178049234930330031426845470e-03,-1.82257493927529369241272773672770e-04
6.27499999999999999999999999999998e+01,1.61631945994732864390160056739237e-03,7.87453251814788696235123582756239e-04,4.08951610386747246278898708720323e-03,-2.06172359402723643735712100556465e-04
6.27749999999999999999999999999998e+01,1.63583506948202480900422707412095e-03,7.73786813190071503197495536013687e-04,4.08406438245478682433315264879278e-03,-2.29940592026463109285382274590991e-04
6.27999999999999999999999999999993e+01,1.65500837057626868262304340107190e-03,7.60068964919226509376440041927022e-04,4.07802031836908741028467205179104e-03,-2.53559294413779030314632880753265e-04
6.28249999999999999999999999999998e+01,1.67383810710712917535303778095173e-03,7.46302035846079245802061598562594e-04,4.07138768570206695340165064272479e-03,-2.77025605841033689756419343781817e-04
6.28500000000000000000000000000000e+01,1.69232308112602472721605892706445e-03,7.32488351018919802425531106626255e-04,4.06417032960255608238958903148288e-03,-3.00336702502903879140206613607059e-04
6.28750000000000000000000000000002e+01,1.71046215275965101452596448508918e-03,7.18630231356161420544952724983519e-04,4.05637216535042440453142470611204e-03,-3.23489797762524760163301371280857e-04
6.28999999999999999999999999999997e+01,1.72825424010257804212987474582388e-03,7.04729993314239356537374774670706e-04,4.04799717742431353999886483444282e-03,-3.46482142394789163822317723572507e-04
6.29249999999999999999999999999992e+01,1.74569831910157312342136060668771e-03,6.90789948557789561057851242456007e-04,4.03904941856337327256890044160380e-03,-3.69311024822798449589660727868928e-04
6.29499999999999999999999999999999e+01,1.76279342343170723131260650428982e-03,6.76812403632146101165509822526546e-04,4.02953300882317206524943979434071e-03,-3.91973771347462099533253706263750e-04
6.29750000000000000000000000000001e+01,1.77953864436430316947207615954432e-03,6.62799659638195700623282806762992e-04,4.01945213462595324679576584233535e-03,-4.14467746370244274363131231792705e-04
6.30000000000000000000000000000001e+01,1.79593313062678496642286859130203e-03,6.48754011909627294252464907003467e-04,4.00881104780540820626808525322780e-03,-4.36790352609056610695266664855736e-04
6.30249999999999999999999999999996e+01,1.81197608825448883686921858335809e-03,6.34677749692614039084638729371363e-04,3.99761406464613793766861608810066e-03,-4.58939031307297588168870061513960e-04
6.30499999999999999999999999999996e+01,1.82766678043449698466801465013947e-03,6.20573155827964731354540752762026e-04,3.98586556491797425543879483659812e-03,-4.80911262436039836739592290905197e-04
6.30749999999999999999999999999998e+01,1.84300452734155643859143685108199e-03,6.06442506435781006091959685753790e-04,3.97356999090533195442745526539530e-03,-5.02704564889367785678112205606863e-04
6.31000000000000000000000000000000e+01,1.85798870596614601357981149933611e-03,5.92288070602656062470787379213231e-04,3.96073184643176311511572474210269e-03,-5.24316496672869077588451920774003e-04
6.31250000000000000000000000000000e+01,1.87261874993475537572286825434280e-03,5.78112110071450021075276280575104e-04,3.94735569587988465659144262760652e-03,-5.45744655085284187141330322546854e-04
6.31499999999999999999999999999995e+01,1.88689414932244105940382965392814e-03,5.63916878933676434013473620491006e-04,3.93344616320685011608702529590885e-03,-5.66986676893319699065500105805317e-04
6.31749999999999999999999999999994e+01,1.90081445045772514146400056513968e-03,5.49704623324533948755837890067430e-04,3.91900793095553648485018682292917e-03,-5.88040238499631714049734780043149e-04
6.32000000000000000000000000000000e+01,1.91437925571990312115878107150148e-03,5.35477581120616636847304861924884e-04,3.90404573926161675575547162634349e-03,-6.08903056103986861738579924749117e-04
6.32249999999999999999999999999999e+01,1.92758822332882838613843262498279e-03,5.21237981640335984579496085779176e-04,3.88856438485668863853118774826565e-03,-6.29572885857609402616515686934172e-04
6.32499999999999999999999999999999e+01,1.94044106712724146257959922785006e-03,5.06988045347086970016901702861702e-04,3.87256872006762967400938664652264e-03,-6.50047524010723892562564328892647e-04
6.32749999999999999999999999999999e+01,1.95293755635571305046709868150988e-03,4.92729983555190027422442098850074e-04,3.85606365181234872966972919420676e-03,-6.70324807053303865907711553169609e-04
6.32999999999999999999999999999994e+01,1.96507751542027063208785004331770e-03,4.78465998138640066155708192060074e-04,3.83905414059210358515115989926406e-03,-6.90402611849037968192190496256445e-04
6.33249999999999999999999999999999e+01,1.97686082365277921333392364793625e-03,4.64198281242693107100884077973688e-04,3.82154519948055401847172256509940e-03,-7.10278855762525941691480741374436e-04
6.33500000000000000000000000000000e+01,1.98828741506414751440724185120947e-03,4.49929014998320539000929317225100e-04,3.80354189310971948149785970709512e-03,-7.29951496779717835941120601388178e-04
6.33749999999999999999999999999998e+01,1.99935727809043166987173301442428e-03,4.35660371239560461116218465523027e-04,3.78504933665301010682909613088612e-03,-7.49418533621610779927771444296899e-04
6.33999999999999999999999999999998e+01,2.01007045533190922791525021008755e-03,4.21394511223795034875733026793026e-04,3.76607269480549941787040562797621e-03,-7.68678005851218609184601422811914e-04
6.34249999999999999999999999999993e+01,2.02042704328519695464853661815400e-03,4.07133585354982193599647164103194e-04,3.74661718076160671967893815658087e-03,-7.87727993973830587737026403989883e-04
6.34499999999999999999999999999998e+01,2.03042719206848665050058736580810e-03,3.92879732909869456633115013044428e-04,3.72668805519035673044128564876079e-03,-8.06566619530576401995500627290889e-04
6.34750000000000000000000000000000e+01,2.04007110513997387174441094215660e-03,3.78635081767216979788412123139955e-04,3.70629062520838357237779693000940e-03,-8.25192045185315533235235405996349e-04
6.35000000000000000000000000000002e+01,2.04935903900955512085970021927231e-03,3.64401748140056366305575467289477e-04,3.68543024335084577664603416009000e-03,-8.43602474804870039112072852734761e-04
6.35249999999999999999999999999997e+01,2.05829130294386972510157450163052e-03,3.50181836311011169380056319910115e-04,3.66411230654041846956060502713344e-03,-8.61796153532620693182960914917792e-04
6.35499999999999999999999999999992e+01,2.06686825866476326363306530495147e-03,3.35977438370704435363209464967057e-04,3.64234225505452839730474128126760e-03,-8.79771367855487343583883150574512e-04
6.35749999999999999999999999999999e+01,2.07509032004125003008336333956705e-03,3.21790633959278058964190880629887e-04,3.62012557149099691345806159765665e-03,-8.97526445664315256359095003726933e-04
6.36000000000000000000000000000001e+01,2.08295795277505262945317129646518e-03,3.07623490011048143515356898189516e-04,3.59746777973225549831397679371413e-03,-9.15059756307690104564332086978921e-04
6.36250000000000000000000000000001e+01,2.09047167407979740586128295438058e-03,2.93478060502319978263004519273254e-04,3.57437444390829780132731526482880e-03,-9.32369710639205151272531035083085e-04
6.36499999999999999999999999999996e+01,2.09763205235394498060254294401205e-03,2.79356386202385657173704230618423e-04,3.55085116735853159832679079147659e-03,-9.49454761058205053524737799512331e-04
6.36749999999999999999999999999996e+01,2.10443970684753574814036494580902e-03,2.65260494427726764720090297847609e-04,3.52690359159269343354565839892624e-03,-9.66313401544031585375287378097314e-04
6.36999999999999999999999999999998e+01,2.11089530732283073065982187689003e-03,2.51192398799443941744267988990353e-04,3.50253739525098807326392004854910e-03,-9.82944167683797441324392317278280e-04
6.37250000000000000000000000000000e+01,2.11699957370892872939782794893976e-03,2.37154099003934526129769914376314e-04,3.47775829306361423311909289985764e-03,-9.99345636693715136392308515566390e-04
6.37500000000000000000000000000000e+01,2.12275327575044123318188656130316e-03,2.23147580556838853979038386234424e-04,3.45257203480983735513363575137014e-03,-1.01551642743400886599366525889729e-03
6.37749999999999999999999999999995e+01,2.12815723265030705186923299502464e-03,2.09174814570275220523068320259463e-04,3.42698440427676950342202216354579e-03,-1.03145520041743802801010770002141e-03
6.37999999999999999999999999999994e+01,2.13321231270682913527359857497547e-03,1.95237757523382935077565331818126e-04,3.40100121821801571956815947335172e-03,-1.04716065781146194113251228551918e-03
6.38250000000000000000000000000000e+01,2.13791943294501651703141536754110e-03,1.81338351036192342632066346989122e-04,3.37462832531234543000018671173133e-03,-1.06263154343407611699859019859539e-03
6.38499999999999999999999999999999e+01,2.14227955874231478745196764729178e-03,1.67478521646840101455204175374580e-04,3.34787160512254672855485754242133e-03,-1.07786664274335125770544836354688e-03
6.38749999999999999999999999999999e+01,2.14629370344880894898014581681659e-03,1.53660180592147389154784370015608e-04,3.32073696705462056806530266081404e-03,-1.09286478282070695408297042862877e-03
6.38999999999999999999999999999999e+01,2.14996292800198294173333727703508e-03,1.39885223591578070847777728950820e-04,3.29323034931747108547910497963831e-03,-1.10762483234795285396963202014314e-03
6.39249999999999999999999999999994e+01,2.15328834053612054447434314477654e-03,1.26155530634593232560782891223785e-04,3.26535771788324745595067355828382e-03,-1.12214570157813085503866683261776e-03
6.39499999999999999999999999999999e+01,2.15627109598643275893330469503056e-03,1.12472965771417887800842595695648e-04,3.23712506544849182274641391454170e-03,-1.13642634230019265495895791300955e-03
6.39750000000000000000000000000000e+01,2.15891239568799717357871453954104e-03,9.88393769072351085180896686606969e-05,3.20853841039624698182288452205732e-03,-1.15046574779754776312177910850788e-03
6.39999999999999999999999999999998e+01,2.16121348696959517744931534588419e-03,8.52565955998222883634924521675010e-05,3.17960379575927661277139545843366e-03,-1.16426295280051784143512753788983e-03
6.40249999999999999999999999999998e+01,2.16317566274253325536581380704237e-03,7.17264368606436802192163464584431e-05,3.15032728818454994169980975893550e-03,-1.17781703343273399457277527205869e-03
6.40500000000000000000000000000003e+01,2.16480026108453494186328985215108e-03,5.82506989594127410582584577373116e-05,3.12071497689914179682465616816683e-03,-1.19112710715151437113740712478047e-03
6.40749999999999999999999999999998e+01,2.16608866481879034152326353311877e-03,4.48311632321371763970763802329910e-05,3.09077297267769807436740595032114e-03,-1.20419233268226016693949043216422e-03
6.40999999999999999999999999999987e+01,2.16704230108825043766490406079790e-03,3.14695938926589392288584284525321e-05,3.06050740681161567104630430040712e-03,-1.21701190994690884211007940810564e-03
6.41250000000000000000000000000002e+01,2.16766264092525371012723251243021e-03,1.81677378477008382053156707810458e-05,3.02992443008008496023079865115693e-03,-1.22958507998648407720821107799841e-03
6.41499999999999999999999999999997e+01,2.16795119881657286723408652511834e-03,4.92732451543085452921504990338458e-06,2.99903021172314189184523889107882e-03,-1.24191112487778270036298720060354e-03
6.41750000000000000000000000000002e+01,2.16790953226396976784690869646010e-03,-8.24993435244526758496668690285760e-06,2.96783093841687578155314914089716e-03,-1.25398936764423951618716329875188e-03
6.41999999999999999999999999999999e+01,2.16753924134034686671232398193327e-03,-2.13623448450531436916358415139876e-05,2.93633281325093782286090557449007e-03,-1.26581917216101165508694256064192e-03
6.42249999999999999999999999999986e+01,2.16684196824158375932099175306390e-03,-3.44082310631711643422091541358119e-05,2.90454205470849430684587897125304e-03,-1.27739994305432473694754932333753e-03
6.42500000000000000000000000000001e+01,2.16581939683414763021978946576984e-03,-4.73859352864954079464730958985698e-05,2.87246489564876746855155710206570e-03,-1.28873112559512380641715557574107e-03
6.42749999999999999999999999999996e+01,2.16447325219856662069627128406017e-03,-6.02938181373398843455917167650894e-05,2.84010758229230579697776674576438e-03,-1.29981220558707265034151510613202e-03
6.43000000000000000000000000000001e+01,2.16280530016885532837340140658905e-03,-7.31302587407645395855620420321626e-05,2.80747637320912454724469550612253e-03,-1.31064270924894575360493940198642e-03
6.43249999999999999999999999999998e+01,2.16081734686798183346257891805397e-03,-8.58936548811240092498239176778360e-05,2.77457753830985607910290139775246e-03,-1.32122220309145778836528425750189e-03
6.43499999999999999999999999999986e+01,2.15851123823946581505688953070424e-03,-9.85824231550306418972207436994018e-05,2.74141735784004851568690855797477e-03,-1.33155029378857616199409362492237e-03
6.43750000000000000000000000000000e+01,2.15588885957519747607948417990753e-03,-1.11194999120725856630956024963843e-04,2.70800212137775007050831112882482e-03,-1.34162662804336276851772589576670e-03
6.43999999999999999999999999999995e+01,2.15295213503956713681774363484139e-03,-1.23729837443854470744557619713639e-04,2.67433812683451522945062335666678e-03,-1.35145089244839169535649924507611e-03
6.44250000000000000000000000000002e+01,2.14970302718999548361923995310946e-03,-1.36185412039637232211570610694650e-04,2.64043167945996779827533539602396e-03,-1.36102281334079023192412346149198e-03
6.44500000000000000000000000000000e+01,2.14614353649395457088383265468701e-03,-1.48560216211437395570842527756189e-04,2.60628909085005463516160829162173e-03,-1.37034215665195111097625526816467e-03
6.44749999999999999999999999999987e+01,2.14227570084256977115350541499926e-03,-1.60852762785717764615589843980667e-04,2.57191667795912268231599447130520e-03,-1.37940872775196448939103666978669e-03
6.44999999999999999999999999999999e+01,2.13810159506089295050757320060120e-03,-1.73061584243385181955786009738872e-04,2.53732076211595069090554545777124e-03,-1.38822237128881874294309784654393e-03
6.45249999999999999999999999999999e+01,2.13362333041493721523173936045872e-03,-1.85185232847519983404068997132601e-04,2.50250766804386579969567187723765e-03,-1.39678297102241970858871781557567e-03
6.45500000000000000000000000000001e+01,2.12884305411556363108151735271168e-03,-1.97222280767488472810298236152090e-04,2.46748372288507388005850942549874e-03,-1.40509044965347855605188124167591e-03
6.45749999999999999999999999999999e+01,2.12376294881931035821463878855086e-03,-2.09171320199437024017020741961136e-04,2.43225525522933129874297719151022e-03,-1.41314476864731900688300365714320e-03
6.45999999999999999999999999999987e+01,2.11838523212625467265481175918467e-03,-2.21030963483166981650047495604541e-04,2.39682859414708447526286838385822e-03,-1.42094592805265514374893937332037e-03
6.46249999999999999999999999999998e+01,2.11271215607499835873232111988965e-03,-2.32799843215390101780987175451743e-04,2.36121006822720232324610079280974e-03,-1.42849396631539156661056915200884e-03
6.46499999999999999999999999999998e+01,2.10674600663486695636592977193551e-03,-2.44476612359364836014564054459137e-04,2.32540600461942536484827505261555e-03,-1.43578896008749815680632687262333e-03
6.46750000000000000000000000000003e+01,2.10048910319541333255548928515975e-03,-2.56059944350914313118323797086079e-04,2.28942272808165399459863752415856e-03,-1.44283102403101220526023180229141e-03
6.46999999999999999999999999999998e+01,2.09394379805331601833288527254091e-03,-2.67548533200827412586749508033179e-04,2.25326656003219704405067730116106e-03,-1.44962031061722114655745495725416e-03
6.47249999999999999999999999999987e+01,2.08711247589676271087246347640882e-03,-2.78941093593644858876216409466010e-04,2.21694381760710046160568672191387e-03,-1.45615700992107961563096466180287e-03
6.47500000000000000000000000000002e+01,2.07999755328740928559624613016283e-03,-2.90236360982832796533340638054915e-04,2.18046081272267457313648013772254e-03,-1.46244134941091500775854093228975e-03
6.47749999999999999999999999999997e+01,2.07260147814000459497787450624977e-03,-3.01433091682346836388584731132949e-04,2.14382385114333702883655722905384e-03,-1.46847359373347617552807606502862e-03
6.48000000000000000000000000000002e+01,2.06492672919977124937378055452153e-03,-3.12530062954590092948111593429529e-04,2.10703923155488717032785797993347e-03,-1.47425404449438033874426825995389e-03
6.48249999999999999999999999999999e+01,2.05697581551763248055834420716238e-03,-3.23526073094769265617658450215745e-04,2.07011324464332616974034066785212e-03,-1.47978304003401371516706815999116e-03
6.48499999999999999999999999999986e+01,2.04875127592337508062615660520634e-03,-3.34419941511653352578589859493174e-04,2.03305217217933589948875924629014e-03,-1.48506095519894180146993953212932e-03
6.48750000000000000000000000000001e+01,2.04025567849683828748945472657609e-03,-3.45210508804740122507665821533726e-04,1.99586228610852808807824480072637e-03,-1.49008820110888564477862169205410e-03
6.48999999999999999999999999999996e+01,2.03149162003721835343497410362198e-03,-3.55896636837835997798554764182507e-04,1.95854984764757390373338560897478e-03,-1.49486522491932084566375188565375e-03
6.49250000000000000000000000000001e+01,2.02246172553057838541518262974424e-03,-3.66477208809055515916866992603908e-04,1.92112110638632268422399737395491e-03,-1.49939250957975642375133048364130e-03
6.49499999999999999999999999999998e+01,2.01316864761565288534572411908163e-03,-3.76951129317247032714257483932954e-04,1.88358229939601709820799884407175e-03,-1.50367057358775105730710714823420e-03
6.49749999999999999999999999999986e+01,2.00361506604803624595571003777031e-03,-3.87317324424851822360481980500724e-04,1.84593965034371058098273447850651e-03,-1.50769997073872457797491417512861e-03
6.50000000000000000000000000000000e+01,1.99380368716284427267318078560579e-03,-3.97574741717204226723243844940948e-04,1.80819936861299143599718483115621e-03,-1.51148128987162296071347972077802e-03
6.50249999999999999999999999999995e+01,1.98373724333593760431998486321493e-03,-4.07722350358281020261117572026905e-04,1.77036764843111653310952372941257e-03,-1.51501515461049539641988691943776e-03
6.50500000000000000000000000000002e+01,1.97341849244379569470249219175522e-03,-4.17759141142908679346629894361345e-04,1.73245066800265606566267691053330e-03,-1.51830222310204237089041126144085e-03
6.50750000000000000000000000000000e+01,1.96285021732212979347112294252074e-03,-4.27684126545437761143797381875121e-04,1.69445458864974935126795946242565e-03,-1.52134318774919399942852324765171e-03
6.50999999999999999999999999999987e+01,1.95203522522332312826511865106205e-03,-4.37496340764894090950888071268057e-04,1.65638555395907017598419159651433e-03,-1.52413877494077818245489520692491e-03
6.51249999999999999999999999999999e+01,1.94097634727278624179387989054055e-03,-4.47194839766616925138249036802373e-04,1.61824968893559868859185076727326e-03,-1.52668974477733845418510235812504e-03
6.51499999999999999999999999999999e+01,1.92967643792431517763525280263345e-03,-4.56778701320394712348897375984529e-04,1.58005309916329535112871687697138e-03,-1.52899689079316169316571614599859e-03
6.51750000000000000000000000000001e+01,1.91813837441453993721384157584414e-03,-4.66247025035109538683100931155996e-04,1.54180186997277094403953818754543e-03,-1.53106103967457614902146990153239e-03
6.51999999999999999999999999999999e+01,1.90636505621655034728019363671856e-03,-4.75598932389901825814780824202727e-04,1.50350206561604510948868800448072e-03,-1.53288305097458051334374362830091e-03
6.52249999999999999999999999999987e+01,1.89435940449278618176276206594180e-03,-4.84833566761867349678518901980298e-04,1.46515972844848439489080807359145e-03,-1.53446381682386502446136248368402e-03
6.52499999999999999999999999999998e+01,1.88212436154727807394854232306947e-03,-4.93950093450299142384885452383048e-04,1.42678087811800923081053800217021e-03,-1.53580426163828584705234333477464e-03
6.52749999999999999999999999999998e+01,1.86966289027732543492403835134532e-03,-5.02947699697487311649606066876677e-04,1.38837151076165774331609072249642e-03,-1.53690534182285420947302976443655e-03
6.53000000000000000000000000000003e+01,1.85697797362469726277227814426947e-03,-5.11825594706090254438521380626741e-04,1.34993759820959276086710958709854e-03,-1.53776804547230201473871925101096e-03
6.53249999999999999999999999999998e+01,1.84407261402644138477900054314848e-03,-5.20583009653091167039891414851971e-04,1.31148508719663683010404978752012e-03,-1.53839339206828586451870715857415e-03
6.53499999999999999999999999999987e+01,1.83094983286538732200620785041931e-03,-5.29219197700354183617786169982650e-04,1.27301989858141850374278739688885e-03,-1.53878243217329164789159052609210e-03
6.53750000000000000000000000000002e+01,1.81761266992042760172240335860970e-03,-5.37733434001794924017424290345025e-04,1.23454792657321160745505825000095e-03,-1.53893624712130204694353217447204e-03
6.53999999999999999999999999999997e+01,1.80406418281666196785928727335074e-03,-5.46125015707180696665916080280099e-04,1.19607503796654763143416622579758e-03,-1.53885594870528949976184189192651e-03
6.54250000000000000000000000000002e+01,1.79030744647548855268570786844453e-03,-5.54393261962576066667055708204654e-04,1.15760707138367982658850985248607e-03,-1.53854267886159733921409070836211e-03
6.54499999999999999999999999999999e+01,1.77634555256472567452445927313113e-03,-5.62537513907449943747762403632879e-04,1.11914983652497601522019723683563e-03,-1.53799760935127199449055836548952e-03
6.54749999999999999999999999999986e+01,1.76218160894884751720088532792851e-03,-5.70557134668460762524165521646086e-04,1.08070911342731555185450711581897e-03,-1.53722194143840930225069875489114e-03
6.55000000000000000000000000000001e+01,1.74781873913941652758646832135460e-03,-5.78451509349936727609399628203793e-04,1.04229065173056429181274763760468e-03,-1.53621690556557812468192260398237e-03
6.55249999999999999999999999999996e+01,1.73326008174579493831097737055828e-03,-5.86220045021068495848518290824696e-04,1.00390016995219984341747017505165e-03,-1.53498376102638461154014840906471e-03
6.55500000000000000000000000000001e+01,1.71850878992621738328507690576478e-03,-5.93862170699832080353555251341642e-04,9.65543354770157794666441817090658e-04,-1.53352379563524057134743684767289e-03
6.55749999999999999999999999999998e+01,1.70356803083930612376077969305022e-03,-6.01377337333660185753479485684879e-04,9.27225860313968017102687277265136e-04,-1.53183832539439953347181967381802e-03
6.55999999999999999999999999999986e+01,1.68844098509610994208732105374058e-03,-6.08765017776880609267261640803779e-04,8.88953307464248558719310766906474e-04,-1.52992869415832418883510318633758e-03
6.56250000000000000000000000000000e+01,1.67313084621274728926872738235920e-03,-6.16024706764940753891599383245939e-04,8.50731283160623044317367502263168e-04,-1.52779627329544899365547705738062e-03
6.56499999999999999999999999999995e+01,1.65764082006373379133474413055585e-03,-6.23155920885437691980101403229825e-04,8.12565339718125906008660032610932e-04,-1.52544246134740180842132129277966e-03
6.56750000000000000000000000000002e+01,1.64197412433607372885093282514763e-03,-6.30158198545973594425889981632260e-04,7.74460994152158168748876612906768e-04,-1.52286868368574852276154546653033e-03
6.57000000000000000000000000000000e+01,1.62613398798419460386182334972575e-03,-6.37031099938856713105707142050239e-04,7.36423727512054916144753141764782e-04,-1.52007639216632468508571651875181e-03
6.57249999999999999999999999999987e+01,1.61012365068580339917797857401153e-03,-6.43774207002668480508304173310940e-04,6.98458984223323960568330390977004e-04,-1.51706706478121821313178163620563e-03
6.57499999999999999999999999999999e+01,1.59394636229874261606027420554830e-03,-6.50387123380717671537100459164788e-04,6.60572171438613639106428778131837e-04,-1.51384220530846730792759108847819e-03
6.57749999999999999999999999999999e+01,1.57760538231892364796249838176549e-03,-6.56869474376402953015027507534591e-04,6.22768658397466053338902567741652e-04,-1.51040334295953772980701264157102e-03
6.58000000000000000000000000000001e+01,1.56110397933941451016666202673708e-03,-6.63220906905505519833260513933833e-04,5.85053775794910466621020047992729e-04,-1.50675203202464362176466259580842e-03
6.58249999999999999999999999999999e+01,1.54444543051075839811330319858741e-03,-6.69441089445433879633204718407666e-04,5.47432815158949967675535767795054e-04,-1.50288985151597608290750555135209e-03
6.58499999999999999999999999999987e+01,1.52763302100259899124937578867519e-03,-6.75529711981443201184270207398884e-04,5.09911028236992904109661286898562e-04,-1.49881840480890370286418218750962e-03
6.58749999999999999999999999999998e+01,1.51067004346668785449754044944233e-03,-6.81486485949851987889036074592066e-04,4.72493626391278984201000481365542e-04,-1.49453931928120926631057578281449e-03
6.58999999999999999999999999999998e+01,1.49355979750134871613976444652749e-03,-6.87311144178279179136917018838067e-04,4.35185780003348340193785294868780e-04,-1.49005424595042682499125698001811e-03
6.59250000000000000000000000000003e+01,1.47630558911747281911821198492323e-03,-6.93003440822925119344445231725737e-04,3.97992617887600241664160698542296e-04,-1.48536485910934331282272881114619e-03
6.59499999999999999999999999999998e+01,1.45891073020611895258457397838722e-03,-6.98563151302920168128507977094963e-04,3.60919226713986543497945181853798e-04,-1.48047285595972884812221416260669e-03
6.59749999999999999999999999999987e+01,1.44137853800779117204815307250483e-03,-7.03990072231765056360464373348706e-04,3.23970650439883349916808489217803e-04,-1.47537995624435982594108782305750e-03
6.60000000000000000000000000000002e+01,1.42371233458346660972844677834843e-03,-7.09284021345887422543571311830602e-04,2.87151889751182774026119005584280e-04,-1.47008790187739885296214215160634e-03
6.60249999999999999999999999999997e+01,1.40591544628744516176411993782271e-03,-7.14444837430339290420380893566197e-04,2.50467901512645071776350994947435e-04,-1.46459845657319551743835121900720e-03
6.60500000000000000000000000000002e+01,1.38799120324209221589782716415117e-03,-7.19472380241660567739514748688609e-04,2.13923598227549830265798741454578e-04,-1.45891340547357191728051045428117e-03
6.60749999999999999999999999999999e+01,1.36994293881454495239004549103450e-03,-7.24366530427933953411007107243057e-04,1.77523847506683293197953520954062e-04,-1.45303455477365679082205156132191e-03
6.60999999999999999999999999999986e+01,1.35177398909545211252643936382516e-03,-7.29127189446056935271554346761084e-04,1.41273471546697311270355321481857e-04,-1.44696373134633200714480369714545e-03
6.61250000000000000000000000000001e+01,1.33348769237981648342902593537606e-03,-7.33754279476256848158682309178075e-04,1.05177246617873812539929064268911e-04,-1.44070278236535507608038632343252e-03
6.61499999999999999999999999999996e+01,1.31508738865000869505314816766111e-03,-7.38247743333875249531757012018001e-04,6.92399025613270976138656242950405e-05,-1.43425357492722123185827781413263e-03
6.61750000000000000000000000000001e+01,1.29657641906102026517579247028572e-03,-7.42607544378448162258197575051382e-04,3.34661222956746770924781589916588e-05,-1.42761799567182852864437925509419e-03
6.61999999999999999999999999999998e+01,1.27795812542802316074880696617285e-03,-7.46833666420109029055980070241705e-04,-2.13945866679421571972679156574810e-06,-1.42079795040200926100625655929231e-03
6.62249999999999999999999999999986e+01,1.25923584971630246924348654570434e-03,-7.50926113623341511743025709414145e-04,-3.75722526944248849846306910464522e-05,-1.41379536370199088812047315898764e-03
6.62500000000000000000000000000000e+01,1.24041293353362809182913647114493e-03,-7.54884910408109541803361289847190e-04,-7.28277205009522312367331286128357e-05,-1.40661217855484949786954964850209e-03
6.62749999999999999999999999999995e+01,1.22149271762513068184059734187827e-03,-7.58710101348392284331762585159389e-04,-1.07901371600680208914295227288180e-04,-1.39925035595901869612199032792958e-03
6.63000000000000000000000000000002e+01,1.20247854137074635737635489913758e-03,-7.62401751068151921718151918042132e-04,-1.42788764754062852564154696629673e-04,-1.39171187454391664719259697359135e-03
6.63250000000000000000000000000000e+01,1.18337374228529401616882281252584e-03,-7.65959944134762407759949081264150e-04,-1.77485508403665607834398908663430e-04,-1.38399873018475382315810853391866e-03
6.63499999999999999999999999999987e+01,1.16418165552124837396676333410898e-03,-7.69384784949927595003241648269483e-04,-2.11987261100487265108438075303627e-04,-1.37611293561658384192379147711659e-03
6.63749999999999999999999999999999e+01,1.14490561337427113437297396844531e-03,-7.72676397638117396263619358889464e-04,-2.46289731920624350811169353346151e-04,-1.36805652004765958682893541947697e-03
6.63999999999999999999999999999999e+01,1.12554894479156197835705675880975e-03,-7.75834925932550895185532474639457e-04,-2.80388680872261383807595823271810e-04,-1.35983152877215660483063470238258e-03
6.64250000000000000000000000000001e+01,1.10611497488309033577177722531484e-03,-7.78860533058755558976434645298452e-04,-3.14279919292971951711066513625791e-04,-1.35144002278232557672125483622820e-03
6.64499999999999999999999999999999e+01,1.08660702443576816960608865489370e-03,-7.81753401615731924982473542792106e-04,-3.47959310237317104132332444127053e-04,-1.34288407838013544178247777888567e-03
6.64749999999999999999999999999987e+01,1.06702840943062326684182657468660e-03,-7.84513733454753337746508413718108e-04,-3.81422768854729096742420616215514e-04,-1.33416578678846854044374410796444e-03
6.64999999999999999999999999999998e+01,1.04738244056303178783464876989441e-03,-7.87141749555830516502529060138035e-04,-4.14666262757670051288383347872285e-04,-1.32528725376192891117262448904273e-03
6.65249999999999999999999999999998e+01,1.02767242276606807902709545373468e-03,-7.89637689901870943562826802312839e-04,-4.47685812380056622170769012474365e-04,-1.31625059919732464143845416262890e-03
6.65500000000000000000000000000003e+01,1.00790165473702900132867514995834e-03,-7.92001813350563281212178440106363e-04,-4.80477491325943279638834113270593e-04,-1.30705795674388492726079358552529e-03
6.65749999999999999999999999999998e+01,9.88073428467189268603770658839748e-04,-7.94234397504017239322169594508835e-04,-5.13037426708458332868820973251852e-04,-1.29771147341327224230547191283888e-03
6.65999999999999999999999999999987e+01,9.68191028774843527601373026784372e-04,-7.96335738576189517029133351400465e-04,-5.45361799478988322967906239973295e-04,-1.28821330918944975658372855549490e-03
6.66250000000000000000000000000002e+01,9.48257732841690142756023104745709e-04,-7.98306151258126624759190612045696e-04,-5.77446844746607916114338235978665e-04,-1.27856563663846387696131927547939e-03
6.66499999999999999999999999999997e+01,9.28276809752610877001745579399594e-04,-8.00145968581055562076167341043915e-04,-6.09288852087753920427185879182699e-04,-1.26877064051820150663184538788883e-03
6.66750000000000000000000000000002e+01,9.08251520038899883292507533553238e-04,-8.01855541777353492082729018889722e-04,-6.40884165846143536568663918664149e-04,-1.25883051738818133778434894747025e-03
6.66999999999999999999999999999999e+01,8.88185115224994640901499860951627e-04,-8.03435240139427722253360866578284e-04,-6.72229185422938431313988922790102e-04,-1.24874747521943820038849134725787e-03
6.67249999999999999999999999999986e+01,8.68080837378760685656634568011702e-04,-8.04885450876537475164541141424872e-04,-7.03320365557157695168094556364613e-04,-1.23852373300455919039650571316725e-03
6.67500000000000000000000000000001e+01,8.47941918665381194021679257996158e-04,-8.06206578969589104236995543957144e-04,-7.34154216596344209364411636942284e-04,-1.22816152036792999333494913121316e-03
6.67749999999999999999999999999996e+01,8.27771580904901687505964504952320e-04,-8.07399047023936571230260465053122e-04,-7.64727304757490404065468113587716e-04,-1.21766307717624950497274626415082e-03
6.68000000000000000000000000000001e+01,8.07573035133479326594335693841193e-04,-8.08463295120219149819440366317123e-04,-7.95036252378230838130221863262821e-04,-1.20703065314937052989110244337383e-03
6.68249999999999999999999999999998e+01,7.87349481168385462566703131769443e-04,-8.09399780663268455371591628390323e-04,-8.25077738158310471253467270333594e-04,-1.19626650747152401119398536474135e-03
6.68499999999999999999999999999986e+01,7.67104107176809311444806685894516e-04,-8.10208978229117031011126112086044e-04,-8.54848497391338931444465166821554e-04,-1.18537290840298390981989311558868e-03
6.68750000000000000000000000000000e+01,7.46840089248509806937502252494350e-04,-8.10891379410140849282846318234604e-04,-8.84345322186842504510216055052624e-04,-1.17435213289222950959321607833046e-03
6.68999999999999999999999999999995e+01,7.26560590972361878652623837738366e-04,-8.11447492658368218144391560570942e-04,-9.13565061682626987254672362010457e-04,-1.16320646618866157433910528029624e-03
6.69250000000000000000000000000002e+01,7.06268763016842588029570309679305e-04,-8.11877843126987706778600658326561e-04,-9.42504622247465952316243258454849e-04,-1.15193820145592842650213820370869e-03
6.69500000000000000000000000000000e+01,6.85967742714501737539401687159274e-04,-8.12182972510087826935807426612915e-04,-9.71160967674130369771987263257292e-04,-1.14054963938591765325505712238699e-03
6.69749999999999999999999999999987e+01,6.65660653650460748893845896661931e-04,-8.12363438880661317071223870366739e-04,-9.99531119362776918677760740982752e-04,-1.12904308781346877633478235156396e-03
6.69999999999999999999999999999999e+01,6.45350605254982783517223220643885e-04,-8.12419816526906979792155761482557e-04,-1.02761215649471370043199114909104e-03,-1.11742086133186184576588638960259e-03
6.70249999999999999999999999999999e+01,6.25040692400156253553442782187385e-04,-8.12352695786862119705269005830713e-04,-1.05540121619656343508612307089831e-03,-1.10568528090913653503926551840065e-03
6.70500000000000000000000000000001e+01,6.04733995000733044352301184887831e-04,-8.12162682881398719993531508366070e-04,-1.08289549369484558131248718119161e-03,-1.09383867350529592609427822575683e-03
6.70749999999999999999999999999999e+01,5.84433577619161939830932590598649e-04,-8.11850399745616582491962167628994e-04,-1.11009224246100017051534164375203e-03,-1.08188337169044877668737517033792e-03
6.70999999999999999999999999999987e+01,5.64142489074856910454169843401546e-04,-8.11416483858666737964245534059860e-04,-1.13698877434687748537208644457019e-03,-1.06982171326394366063360781350682e-03
6.71249999999999999999999999999998e+01,5.43863762057739089927685006351516e-04,-8.10861588072038511274006372397802e-04,-1.16358245971071904276359713296862e-03,-1.05765604087454796318396337840113e-03
6.71499999999999999999999999999998e+01,5.23600412746090431141677547296480e-04,-8.10186380436343700616889839659513e-04,-1.18987072753365666044366986761079e-03,-1.04538870164172429956317315535165e-03
6.71750000000000000000000000000003e+01,5.03355440428756194534286953839366e-04,-8.09391544026631400219069054074820e-04,-1.21585106552675769575803064067902e-03,-1.03302204677805650449520467182539e-03
6.71999999999999999999999999999998e+01,4.83131827131732582993736458286371e-04,-8.08477776766267059765747903428005e-04,-1.24152102022864584310522947615478e-03,-1.02055843121287691447609420399228e-03
6.72249999999999999999999999999987e+01,4.62932537249174996877979258994509e-04,-8.07445791249409428932185973083563e-04,-1.26687819709372816449010898998285e-03,-1.00800021321714623276878528027311e-03
6.72500000000000000000000000000002e+01,4.42760517178861540931526641561595e-04,-8.06296314562119081227049880782692e-04,-1.29192026057106030431446093400172e-03,-9.95349754029636829738990684020801e-04
6.72749999999999999999999999999997e+01,4.22618694962145572027838511418073e-04,-8.05030088102132250354443357559475e-04,-1.31664493417388310534051792038858e-03,-9.82609417484469888269139750017536e-04
6.73000000000000000000000000000002e+01,4.02509979928430232880647492679586e-04,-8.03647867397333748639376500145472e-04,-1.34105000053986509741217722221622e-03,-9.69781569640056355512198244453577e-04
6.73249999999999999999999999999999e+01,3.82437262344197072172049457611815e-04,-8.02150421922962773666128113251453e-04,-1.36513330148208657388548220843824e-03,-9.56868578409491208117082694497524e-04
6.73499999999999999999999999999986e+01,3.62403413066620005934956363691444e-04,-8.00538534917585445245808398672786e-04,-1.38889273803080220266330417038804e-03,-9.43872813192450078370662525129540e-04
6.73750000000000000000000000000001e+01,3.42411283201795028571975698641508e-04,-7.98813003197867945555566346811243e-04,-1.41232627046602033911395390510280e-03,-9.30796644508636823761435917019120e-04
6.73999999999999999999999999999996e+01,3.22463703767615234792161294236804e-04,-7.96974636972184155604179860279730e-04,-1.43543191834093841685315028775520e-03,-9.17642443632830152654302947306687e-04
6.74250000000000000000000000000001e+01,3.02563485361319866294511202594418e-04,-7.95024259653091689292561988907572e-04,-1.45820776049627498926488319611125e-03,-9.04412582231576944301745568625923e-04
6.74499999999999999999999999999998e+01,2.82713417831745249495037072189220e-04,-7.92962707668710225556532118397705e-04,-1.48065193506554017961284852708426e-03,-8.91109432001579422246595288170041e-04
6.74749999999999999999999999999986e+01,2.62916269956304643126732190189266e-04,-7.90790830273036035685198585453140e-04,-1.50276263947128747052950907339988e-03,-8.77735364309822856036787449893532e-04
6.75000000000000000000000000000000e+01,2.43174789122723167136143888347996e-04,-7.88509489355226601614922371206570e-04,-1.52453813041239092443733534248539e-03,-8.64292749835489976873173055108280e-04
6.75249999999999999999999999999995e+01,2.23491701015553136897802639640895e-04,-7.86119559247889221351473817292945e-04,-1.54597672384239307492779301096564e-03,-8.50783958213707798446913576570776e-04
6.75500000000000000000000000000002e+01,2.03869709307494279389722853423950e-04,-7.83621926534407494216651724801902e-04,-1.56707679493896986517639904118140e-03,-8.37211357681172035215452204675475e-04
6.75750000000000000000000000000000e+01,1.84311495355542460801001015051648e-04,-7.81017489855339564837354851736421e-04,-1.58783677806456013299729680262651e-03,-8.23577314723693807231622863606955e-04
6.75999999999999999999999999999987e+01,1.64819717901989708380618137120537e-04,-7.78307159713921977940561579997084e-04,-1.60825516671820825303956387004271e-03,-8.09884193725712813672888488917209e-04
6.76249999999999999999999999999999e+01,1.45397012780297463483683803559519e-04,-7.75491858280712959156836462479690e-04,-1.62833051347866964480364278152795e-03,-7.96134356621820646329233876522637e-04
6.76499999999999999999999999999999e+01,1.26045992625864157895637284861358e-04,-7.72572519197408896810841442554613e-04,-1.64806142993882994050769409333590e-03,-7.82330162550337399157873239428101e-04
6.76750000000000000000000000000001e+01,1.06769246591707361624701600962870e-04,-7.69550087379867761438319481423132e-04,-1.66744658663148967924981348502484e-03,-7.68473967508984210331466145560445e-04
6.76999999999999999999999999999999e+01,8.75693400690799073837435558891383e-05,-7.66425518820373163739872990681606e-04,-1.68648471294656745327979298046484e-03,-7.54568124012693849072410678526729e-04
6.77249999999999999999999999999987e+01,6.84488144130385549341022769556173e-05,-7.63199780389172712984500716219209e-04,-1.70517459703977547840718055157337e-03,-7.40614980753600931420510605553134e-04
6.77499999999999999999999999999998e+01,4.94101866729829174844684185850010e-05,-7.59873849635324290265017021964592e-04,-1.72351508573282259353762735164207e-03,-7.26616882263252817472536278204436e-04
6.77749999999999999999999999999998e+01,3.04559493281815326991023984577131e-05,-7.56448714586883791430452438781373e-04,-1.74150508440520071396510383163214e-03,-7.12576168577081707880776498309316e-04
6.78000000000000000000000000000003e+01,1.15885700283011228532033723023933e-05,-7.52925373550467825127015996507469e-04,-1.75914355687761176927486059320930e-03,-6.98495174901177919440476013025465e-04
6.78249999999999999999999999999998e+01,-7.18950866104574754270921246285550e-06,-7.49304834910224777664917538065608e-04,-1.77642952528709314944703355456668e-03,-6.84376231281403778117672441420859e-04
6.78499999999999999999999999999987e+01,-2.58758695077202427008197451291316e-05,-7.45588116926247583118939503513387e-04,-1.79336206995390066190179639942343e-03,-6.70221662274887022614295997341072e-04
6.78750000000000000000000000000002e+01,-4.44681208574305137072297176065273e-05,-7.41776247532461464894907627123153e-04,-1.80994032924020896769952027172058e-03,-6.56033786623932062595130139681912e-04
6.78999999999999999999999999999997e+01,-6.29638968730459332141872859031658e-05,-7.37870264134019840594425346907006e-04,-1.82616349940069041681493620127026e-03,-6.41814916932386883393412246668708e-04
6.79250000000000000000000000000002e+01,-8.13608577688404248200374871803592e-05,-7.33871213404241500749338411732959e-04,-1.84203083442503414026561199049970e-03,-6.27567359344502833847301349291202e-04
6.79499999999999999999999999999999e+01,-9.96566900396538319338387810346355e-05,-7.29780151081122081340266743558874e-04,-1.85754164587246818082505277183108e-03,-6.13293413226323976193845219229613e-04
6.79749999999999999999999999999986e+01,-1.17849106684961095194828383919013e-04,-7.25598141763452751001019636901201e-04,-1.87269530269834835402580097271567e-03,-5.98995370849642116649444832084219e-04
6.80000000000000000000000000000001e+01,-1.35935847427839829245318090191111e-04,-7.21326258706578929832102288091993e-04,-1.88749123107287842709123376715103e-03,-5.84675517078553072227975799419125e-04
6.80249999999999999999999999999996e+01,-1.53914678928827708757373617779947e-04,-7.16965583617831750880969383212974e-04,-1.90192891419202708525437535906664e-03,-5.70336129058649163324091642851327e-04
6.80500000000000000000000000000001e+01,-1.71783394994661890056966125525917e-04,-7.12517206451664868390946486638073e-04,-1.91600789208070802255451336892099e-03,-5.55979475908882352677657140149090e-04
6.80749999999999999999999999999999e+01,-1.89539816781893508431076902576807e-04,-7.07982225204529107373809036829717e-04,-1.92972776138829034757874810485833e-03,-5.41607818416131879814225671341729e-04
6.80999999999999999999999999999986e+01,-2.07181792995371102149692642783831e-04,-7.03361745709517334679236976024049e-04,-1.94308817517650733367495035856423e-03,-5.27223408732509666264902056836651e-04
6.81250000000000000000000000000000e+01,-2.24707200081587622245240582373752e-04,-6.98656881430811811196049329775327e-04,-1.95608884269983236785134136989058e-03,-5.12828490075436191028371092795731e-04
6.81499999999999999999999999999995e+01,-2.42113942416886492012355325498532e-04,-6.93868753257966158281075278544786e-04,-1.96872952917839176284563415522510e-03,-4.98425296430518957889966306018296e-04
6.81750000000000000000000000000002e+01,-2.59399952490522981883047451796485e-04,-6.88998489300053939970664326454444e-04,-1.98101005556348489264248072445888e-03,-4.84016052257265096297587682720764e-04
6.82000000000000000000000000000000e+01,-2.76563191082577963683433203670899e-04,-6.84047224679715726874637342145595e-04,-1.99293029829578289298963068367122e-03,-4.69602972197659055484866687959720e-04
6.82249999999999999999999999999987e+01,-2.93601647436721903190887186052424e-04,-6.79016101327136368262590089245588e-04,-2.00449018905627793515917678060739e-03,-4.55188260787635767510996421306126e-04
6.82499999999999999999999999999999e+01,-3.10513339427827741293174424858412e-04,-6.73906267773984055875484000434340e-04,-2.01568971451005583327227758840817e-03,-4.40774112171479069021369617297416e-04
6.82749999999999999999999999999999e+01,-3.27296313724432101817248906458361e-04,-6.68718878947342616701463502898118e-04,-2.02652891604296548290991016215818e-03,-4.26362709819174583993159957152220e-04
6.83000000000000000000000000000002e+01,-3.43948645946045048165986462756245e-04,-6.63455095963668322601441226533490e-04,-2.03700788949125935142821435848037e-03,-4.11956226246745680631521300016940e-04
6.83249999999999999999999999999999e+01,-3.60468440815309391197801672517326e-04,-6.58116085922802351975189102819903e-04,-2.04712678486427994834685072227655e-03,-3.97556822739600525001358633047037e-04
6.83499999999999999999999999999987e+01,-3.76853832305011327211143026320790e-04,-6.52703021702069881557757507798699e-04,-2.05688580606026789734646749312926e-03,-3.83166649078917662004106869991037e-04
6.83749999999999999999999999999998e+01,-3.93102983779944957326092927371201e-04,-6.47217081750496623651876081268483e-04,-2.06628521057536790976348902350094e-03,-3.68787843271096961062372427468881e-04
6.83999999999999999999999999999998e+01,-4.09214088133634007838838343710020e-04,-6.41659449883173455262199091709713e-04,-2.07532530920590962297689024273471e-03,-3.54422531280302169485533494261869e-04
6.84250000000000000000000000000003e+01,-4.25185367919914835122641412338426e-04,-6.36031315075799611937327803531928e-04,-2.08400646574404091571493761881817e-03,-3.40072826764120721033400777752096e-04
6.84499999999999999999999999999998e+01,-4.41015075479385558269304419918633e-04,-6.30333871259434742956349622672922e-04,-2.09232909666679194604363357079311e-03,-3.25740830812365850685595817283242e-04
6.84749999999999999999999999999987e+01,-4.56701493060726917870921273032905e-04,-6.24568317115489947594922195313315e-04,-2.10029367081864877660643137439654e-03,-3.11428631689045469067674428440594e-04
6.85000000000000000000000000000002e+01,-4.72242932936901210116275684795056e-04,-6.18735855870987734308986208034401e-04,-2.10790070908771605554134787229318e-03,-2.97138304577521651467383066921798e-04
6.85249999999999999999999999999997e+01,-4.87637737516236391667390112475533e-04,-6.12837695094120663386793261820993e-04,-2.11515078407554881038519270746231e-03,-2.82871911328883997096226532181895e-04
6.85500000000000000000000000000002e+01,-5.02884279448403192466238380680254e-04,-6.06875046490138246034282651183329e-04,-2.12204451976073398616944042740598e-03,-2.68631500213559514463880923664539e-04
6.85749999999999999999999999999999e+01,-5.17980961725293810521524428200554e-04,-6.00849125697591477788782406191706e-04,-2.12858259115630291780808734099025e-03,-2.54419105676181088614545175541912e-04
6.85999999999999999999999999999986e+01,-5.32926217776811494669055455595275e-04,-5.94761152084964183253102975300127e-04,-2.13476572396105647076698719426288e-03,-2.40236748093735985547549276248031e-04
6.86250000000000000000000000000001e+01,-5.47718511561581048183844330645090e-04,-5.88612348547720145899666503417908e-04,-2.14059469420488511287778042697629e-03,-2.26086433537015248310204763493952e-04
6.86499999999999999999999999999996e+01,-5.62356337652591007929465925673030e-04,-5.82403941305794793957191624508347e-04,-2.14607032788816669400616119912753e-03,-2.11970153535384237927355918735547e-04
6.86750000000000000000000000000001e+01,-5.76838221317778970480420517226593e-04,-5.76137159701560011216615202848701e-04,-2.15119350061532520909217650016812e-03,-1.97889884844893970595699058619809e-04
6.86999999999999999999999999999999e+01,-5.91162718595572248328408883064804e-04,-5.69813235998290437126625156659746e-04,-2.15596513722263430384220630476518e-03,-1.83847589219752300682860978461637e-04
6.87249999999999999999999999999986e+01,-6.05328416365396745777966947737707e-04,-5.63433405179159410106279638225090e-04,-2.16038621140034975106865498487359e-03,-1.69845213187173397359875704636788e-04
6.87500000000000000000000000000000e+01,-6.19333932413167645272738968723256e-04,-5.56998904746792489811080265317788e-04,-2.16445774530925557935174132412330e-03,-1.55884687825623361378450120794557e-04
6.87749999999999999999999999999995e+01,-6.33177915491776190489767675934633e-04,-5.50510974523406269648609800225521e-04,-2.16818080919170897434843152272103e-03,-1.41967928546479227585933099572192e-04
6.88000000000000000000000000000002e+01,-6.46859045376587542484508947042557e-04,-5.43970856451559963851988806043306e-04,-2.17155652097726949670470303406376e-03,-1.28096834879117998100898576542657e-04
6.88250000000000000000000000000000e+01,-6.60376032915965369444961453470323e-04,-5.37379794395547027098647498077339e-04,-2.17458604588299856914327220290919e-03,-1.14273290259451750523049472895296e-04
6.88499999999999999999999999999987e+01,-6.73727620076839509248309375558981e-04,-5.30739033943453839446077314553363e-04,-2.17727059600851557890294097291131e-03,-1.00499161821924265181071517348533e-04
6.88749999999999999999999999999999e+01,-6.86912579985333717007646347417994e-04,-5.24049822209912262705564667141795e-04,-2.17961142992589732030535899076577e-03,-8.67763001949840154993427947829666e-05
6.88999999999999999999999999999999e+01,-6.99929716962471177067887829774598e-04,-5.17313407639572642749140675239805e-04,-2.18160985226450786583585114197047e-03,-7.31065393000477664329340430238427e-05
6.89250000000000000000000000000002e+01,-7.12777866554976120304680643595255e-04,-5.10531039811323593723479937890840e-04,-2.18326721329084630277010269983016e-03,-5.94916961539684278097882211445682e-05
6.89499999999999999999999999999999e+01,-7.25455895561190542932731079628784e-04,-5.03703969243284655741539898896461e-04,-2.18458490848350010608403412910042e-03,-4.59335706750202123430782793389845e-05
6.89749999999999999999999999999987e+01,-7.37962702052125672230571964952486e-04,-4.96833447198597670410739372578654e-04,-2.18556437810329223717433292364613e-03,-3.24339454924135518940142595569666e-05
6.89999999999999999999999999999998e+01,-7.50297215387668467606196327755487e-04,-4.89920725492042471375136684756850e-04,-2.18620710675871036181234483104702e-03,-1.89945857593516301517433217569087e-05
6.90249999999999999999999999999998e+01,-7.62458396227964082276728730784280e-04,-4.82967056297502240563335353735550e-04,-2.18651462296670686977372449377973e-03,-5.61723896963979529748891171741063e-06
6.90500000000000000000000000000003e+01,-7.74445236539995841514430313386201e-04,-4.75973691956303633312318519048776e-04,-2.18648849870895865275341806547320e-03,7.69636522214147733193286192444844e-06
6.90749999999999999999999999999998e+01,-7.86256759599384917861104521038516e-04,-4.68941884786456524348890179382135e-04,-2.18613034898367585652024684058397e-03,2.09445151768899947687227822470937e-05
6.90999999999999999999999999999987e+01,-7.97892019987432501818081889988728e-04,-4.61872886892817970186001204246124e-04,-2.18544183135304906782427249871775e-03,3.41255174436521409586102638883933e-05
6.91250000000000000000000000000002e+01,-8.09350103583427878150467876824463e-04,-4.54767949978204722296259024762545e-04,-2.18442464548642462638297541560048e-03,4.72376969287011582081050793495366e-05
6.91499999999999999999999999999997e+01,-8.20630127552246423005893180230809e-04,-4.47628325155478361376376003437208e-04,-2.18308053269929796737788054743482e-03,6.02793970610151049628938881696208e-05
6.91750000000000000000000000000002e+01,-8.31731240327262135493665166892699e-04,-4.40455262760626857982749761708468e-04,-2.18141127548821510032810648931533e-03,7.32489799541467654620009394874422e-05
6.91999999999999999999999999999999e+01,-8.42652621588599909186143530623813e-04,-4.33250012166866099411280126417072e-04,-2.17941869706167251600739435784065e-03,8.61448265644783714537292300705859e-05
6.92249999999999999999999999999986e+01,-8.53393482236753334173401497508408e-04,-4.26013821599784656155610606357579e-04,-2.17710466086710598427538784702787e-03,9.89653368458545791504384216878324e-05
6.92500000000000000000000000000001e+01,-8.63953064361594398780096179813688e-04,-4.18747937953554792326877193829676e-04,-2.17447107011405886234634750906520e-03,1.11708929900587725720529220602788e-04
6.92749999999999999999999999999996e+01,-8.74330641206802031767789048245260e-04,-4.11453606608232452248096637453276e-04,-2.17151986729362067516802952799148e-03,1.24374044126829968709041523639548e-04
6.93000000000000000000000000000001e+01,-8.84525517129736990715517130884627e-04,-4.04132071248168680111028374370517e-04,-2.16825303369422685728170949168990e-03,1.36959137362307488788992557095009e-04
6.93249999999999999999999999999999e+01,-8.94537027556791160224653555015499e-04,-3.96784573681554651714410624761596e-04,-2.16467258891391065883322934477324e-03,1.49462687024412511185503038910079e-04
6.93499999999999999999999999999986e+01,-9.04364538934239874575347812343374e-04,-3.89412353661122217476849226547883e-04,-2.16078059036909831735615316161006e-03,1.61883190246649473983684329219905e-04
6.93750000000000000000000000000000e+01,-9.14007448674626423426194789115434e-04,-3.82016648706021574410412985771277e-04,-2.15657913280003868160404978536045e-03,1.74219164011432242267308457190990e-04
6.93999999999999999999999999999995e+01,-9.23465185098708436055355241953358e-04,-3.74598693924897401641383261589881e-04,-2.15207034777295854412428009876433e-03,1.86469145279229835524114288350604e-04
6.94250000000000000000000000000002e+01,-9.32737207372996369451827408012317e-04,-3.67159721840184509506179081200087e-04,-2.14725640317903499549818409598921e-03,1.98631691114058701875055381763005e-04
6.94500000000000000000000000000000e+01,-9.41823005442914848245749817361937e-04,-3.59700962213643766391937218826331e-04,-2.14213950273027615528261702655356e-03,2.10705378805320136349023996569939e-04
6.94749999999999999999999999999987e+01,-9.50722099961618119983738144101677e-04,-3.52223641873158780243934376085366e-04,-2.13672188545240166273760546543388e-03,2.22688805985982001569151222278720e-04
6.94999999999999999999999999999999e+01,-9.59434042214491397568919990904051e-04,-3.44728984540813522517714282312765e-04,-2.13100582517481432447823663317962e-03,2.34580590747104467777788148836064e-04
6.95249999999999999999999999999999e+01,-9.67958414039370361739271289516266e-04,-3.37218210662270790641163200029851e-04,-2.12499363001775431631136028524359e-03,2.46379371748710045021086155233768e-04
6.95500000000000000000000000000002e+01,-9.76294827742511590183263854764146e-04,-3.29692537237471110534023298729978e-04,-2.11868764187672732277710173430607e-03,2.58083808326998733451152373818222e-04
6.95749999999999999999999999999999e+01,-9.84442926010347166224720158026375e-04,-3.22153177652671384039783133011320e-04,-2.11209023590429797038136306824926e-03,2.69692580597909668019414660381984e-04
6.95999999999999999999999999999987e+01,-9.92402381817057198910439544209460e-04,-3.14601341513842288534781316792570e-04,-2.10520381998933986924936217151449e-03,2.81204389557031181301074995513316e-04
6.96249999999999999999999999999998e+01,-1.00017289832799445779731998917868e-03,-3.07038234481443138563359039201504e-04,-2.09803083423383352302325115085852e-03,2.92617957175861752788349405694923e-04
6.96499999999999999999999999999998e+01,-1.00775420879899578976737711872194e-03,-2.99465058106592622100444604401351e-04,-2.09057375042730329834127385422730e-03,3.03932026494424854661681742971743e-04
6.96750000000000000000000000000003e+01,-1.01514607647161544178981140816765e-03,-2.91883009668653525739431882183500e-04,-2.08283507151898456324632529737826e-03,3.15145361710241242672739683733605e-04
6.96999999999999999999999999999998e+01,-1.02234829446431586265156800095692e-03,-2.84293282014249262128097204043298e-04,-2.07481733108781200845627263673917e-03,3.26256748263662776197403504220974e-04
6.97249999999999999999999999999987e+01,-1.02936068565965199821236931373282e-03,-2.76697063397729708573785138610521e-04,-2.06652309281032005666863736332307e-03,3.37264992919572383622086359314266e-04
6.97500000000000000000000000000002e+01,-1.03618310258748552862851311044073e-03,-2.69095537323103558728304697499419e-04,-2.05795494992654614305180920310773e-03,3.48168923845455317978762909113532e-04
6.97749999999999999999999999999997e+01,-1.04281542730426592219020024582039e-03,-2.61489882387454081580771999036309e-04,-2.04911552470402751487726489811946e-03,3.58967390685847373182105014825444e-04
6.98000000000000000000000000000002e+01,-1.04925757126841559893674522602485e-03,-2.53881272125854875337764684614440e-04,-2.04000746789998204995455150430867e-03,3.69659264633166253384139760526107e-04
6.98249999999999999999999999999999e+01,-1.05550947521185690808498886788755e-03,-2.46270874857801898366140729692355e-04,-2.03063345822176343222528955544268e-03,3.80243438494932806803627938386468e-04
6.98499999999999999999999999999986e+01,-1.06157110900771902654367637237415e-03,-2.38659853535177753747825130183630e-04,-2.02099620178568084863886629720050e-03,3.90718826757389350759953147851131e-04
6.98750000000000000000000000000001e+01,-1.06744247153426328135815133462835e-03,-2.31049365591763896080510569045199e-04,-2.01109843157427318436002353937480e-03,4.01084365645522826350492709097461e-04
6.98999999999999999999999999999996e+01,-1.07312359053506578676078880001565e-03,-2.23440562794316117844256767458376e-04,-2.00094290689212749354075353648213e-03,4.11339013179501029116513516946249e-04
6.99250000000000000000000000000001e+01,-1.07861452247549666651358405284878e-03,-2.15834591095218358657133423514086e-04,-1.99053241282033131042138879802917e-03,4.21481749227530666123967231110224e-04
6.99499999999999999999999999999999e+01,-1.08391535239553550437794707789521e-03,-2.08232590486729566118699126192392e-04,-1.97986975966964814050329863166614e-03,4.31511575555146490214376786494742e-04
6.99749999999999999999999999999986e+01,-1.08902619375896302984371534908124e-03,-2.00635694856838023607700613870133e-04,-1.96895778243250523405097591267894e-03,4.41427515870941258827107357392078e-04
7.00000000000000000000000000000000e+01,-1.09394718829896940273617824419945e-03,-1.93045031846737248786516036460620e-04,-1.95779934023388249432667177489295e-03,4.51228615868746757729189248482418e-04
7.00249999999999999999999999999995e+01,-1.09867850586021980902569788332726e-03,-1.85461722709937255370497427283795e-04,-1.94639731578119111083057595645424e-03,4.60913943266276619063757527494778e-04
7.00500000000000000000000000000002e+01,-1.10322034423741842107425029123951e-03,-1.77886882173024657955011470592189e-04,-1.93475461481323023351288690356343e-03,4.70482587840242148143294450587341e-04
7.00750000000000000000000000000000e+01,-1.10757292901041210860961907857494e-03,-1.70321618298084784170616275826147e-04,-1.92287416554830971754448445953496e-03,4.79933661457952854225942181456018e-04
7.00999999999999999999999999999987e+01,-1.11173651337587561185461169338565e-03,-1.62767032346798640616639979440174e-04,-1.91075891813162666988590835216893e-03,4.89266298105413857099823771581858e-04
7.01249999999999999999999999999999e+01,-1.11571137797562020541848775623806e-03,-1.55224218646227260615932101231653e-04,-1.89841184408198321868476747580943e-03,4.98479653911932813733775067988999e-04
7.01499999999999999999999999999999e+01,-1.11949783072156819078913113331671e-03,-1.47694264456295644534603470733953e-04,-1.88583593573793260456234837755137e-03,5.07572907171249477605259749700949e-04
7.01750000000000000000000000000001e+01,-1.12309620661743585658471025853917e-03,-1.40178249838988187742950562905197e-04,-1.87303420570344035922306711705052e-03,5.16545258359201467569599688663172e-04
7.01999999999999999999999999999999e+01,-1.12650686757716783916457538954346e-03,-1.32677247529267176384261539680036e-04,-1.86000968629314699163941508889122e-03,5.25395930147940283162407863640787e-04
7.02249999999999999999999999999987e+01,-1.12973020224016610176103864494281e-03,-1.25192322807725615485644787392819e-04,-1.84676542897731824543802017486017e-03,5.34124167416712058856502260439881e-04
7.02499999999999999999999999999998e+01,-1.13276662578335702794420962484882e-03,-1.17724533374985336631235360342113e-04,-1.83330450382656862315110951611923e-03,5.42729237259218000899112311634213e-04
7.02749999999999999999999999999998e+01,-1.13561657973014039492928429557329e-03,-1.10274929227851013614275325727214e-04,-1.81962999895644349381568680774664e-03,5.51210428987569896906832354456995e-04
7.03000000000000000000000000000003e+01,-1.13828053175626425395508021853862e-03,-1.02844552537230395269511259481104e-04,-1.80574501997194471011341620889528e-03,5.59567054132856530441938106571399e-04
7.03249999999999999999999999999998e+01,-1.14075897549266999870903144783651e-03,-9.54344375278307461877020278460976e-05,-1.79165268941208425995946752973102e-03,5.67798446442337270382728904010998e-04
7.03499999999999999999999999999987e+01,-1.14305243032535214857251525202109e-03,-8.80456103596411686708524504595051e-05,-1.77735614619455006527989206299093e-03,5.75903961873279538015550047672205e-04
7.03750000000000000000000000000002e+01,-1.14516144119227761133675029438323e-03,-8.06790890112101627304327413192076e-05,-1.76285854506056761777737030636223e-03,5.83882978583457283324226738895928e-04
7.03999999999999999999999999999997e+01,-1.14708657837740942000407618820595e-03,-7.33358831647274644368840566105495e-05,-1.74816305602004070789013691275694e-03,5.91734896918328025810870643915698e-04
7.04250000000000000000000000000002e+01,-1.14882843730188016033663947213465e-03,-6.60169940929188860082620390387226e-05,-1.73327286379705405901705949520043e-03,5.99459139394906434258496257687082e-04
7.04499999999999999999999999999999e+01,-1.15038763831236051993299359927229e-03,-5.87234145477625636975002322072766e-05,-1.71819116727582022453327687728987e-03,6.07055150682352834109124281804337e-04
7.04749999999999999999999999999986e+01,-1.15176482646666859579702870875734e-03,-5.14561286510347021707761288385304e-05,-1.70292117894715264027571853948883e-03,6.14522397579295440591382956302215e-04
7.05000000000000000000000000000001e+01,-1.15296067131666579561710546060755e-03,-4.42161117866925870447511540072170e-05,-1.68746612435554625015614544280049e-03,6.21860368987905520397047401514155e-04
7.05249999999999999999999999999996e+01,-1.15397586668848535830764414307409e-03,-3.70043304951023207622622417894902e-05,-1.67182924154694663748119220011762e-03,6.29068575884745084550481247039267e-04
7.05500000000000000000000000000001e+01,-1.15481113046013970179492926851340e-03,-2.98217423691184210924095174846160e-05,-1.65601378051728809954546514687995e-03,6.36146551288407110080591080812986e-04
7.05749999999999999999999999999998e+01,-1.15546720433655298056910613533064e-03,-2.26692959520221063070540723106743e-05,-1.64002300266188059823785496842069e-03,6.43093850223968678127819859303048e-04
7.05999999999999999999999999999986e+01,-1.15594485362206540219302925920344e-03,-1.55479306373247766049914514730926e-05,-1.62386018022572500488705379671593e-03,6.49910049684277801152098147671736e-04
7.06250000000000000000000000000000e+01,-1.15624486699045601077484904715660e-03,-8.45857657044288761318770377759320e-06,-1.60752859575483553349493927777495e-03,6.56594748588095091922910094015673e-04
7.06499999999999999999999999999995e+01,-1.15636805625253079639091608150760e-03,-1.40215455225009855618224612526906e-06,-1.59103154154864772299176852182803e-03,6.63147567735111801943359290207650e-04
7.06750000000000000000000000000002e+01,-1.15631525612132313259682032636010e-03,5.62042405548773539740351212951741e-06,-1.57437231911358978632156299456986e-03,6.69568149757866126849774165524964e-04
7.07000000000000000000000000000000e+01,-1.15608732397495367948841227030644e-03,1.26082574227894701728350793274943e-05,-1.55755423861789459215721981494448e-03,6.75856159070580041095413028481163e-04
7.07249999999999999999999999999987e+01,-1.15568513961719701727476680237895e-03,1.95604533422425355135233136738801e-05,-1.54058061834772898398123420689274e-03,6.82011281814939283841601766541634e-04
7.07499999999999999999999999999999e+01,-1.15510960503580239501801060282441e-03,2.64761293178891214022129910206350e-05,-1.52345478416471657127841158797253e-03,6.88033225802839472433274518568504e-04
7.07749999999999999999999999999999e+01,-1.15436164415861609111536142863656e-03,3.33544126522103662304469388822671e-05,-1.50618006896492954880060700356069e-03,6.93921720456121669127475526627083e-04
7.08000000000000000000000000000001e+01,-1.15344220260755298629075113881513e-03,4.01944405312045330673242230044501e-05,-1.48875981213942451240957838257758e-03,6.99676516743321070853764282268287e-04
7.08249999999999999999999999999999e+01,-1.15235224745046504636383186483380e-03,4.69953601075554675556623848919563e-05,-1.47119735903639664401260914583801e-03,7.05297387113452830661676841070885e-04
7.08499999999999999999999999999987e+01,-1.15109276695095450088951899049853e-03,5.37563285818879379108914918916658e-05,-1.45349606042502603370842077312498e-03,7.10784125426859353079052215754215e-04
7.08749999999999999999999999999998e+01,-1.14966477031617958490971823391592e-03,6.04765132821067646862744097007110e-05,-1.43565927196108929459154770058739e-03,7.16136546883143733808544301401611e-04
7.08999999999999999999999999999998e+01,-1.14806928744270078452766809713680e-03,6.71550917408169550035528074284903e-05,-1.41769035365440900485615993326674e-03,7.21354487946214337016708384495305e-04
7.09250000000000000000000000000003e+01,-1.14630736866041559282106477689424e-03,7.37912517708223617642808844354224e-05,-1.39959266933821288302934911462338e-03,7.26437806266465820952621910413011e-04
7.09499999999999999999999999999998e+01,-1.14438008447462984079715552612462e-03,8.03841915387006919449512927570093e-05,-1.38136958614047396548224092322611e-03,7.31386380600122234807391864339804e-04
7.09749999999999999999999999999987e+01,-1.14228852530631371872181307408625e-03,8.69331196364529892223833361296674e-05,-1.36302447395730241094761356435169e-03,7.36200110725768116586284326719974e-04
7.10000000000000000000000000000002e+01,-1.14003380123059064627845071858253e-03,9.34372551512260156207127890698939e-05,-1.34456070492845890474855198486153e-03,7.40878917358093823246981554936072e-04
7.10249999999999999999999999999997e+01,-1.13761704171350718565916665377439e-03,9.98958277331062557726449295664260e-05,-1.32598165291505897594970295635717e-03,7.45422742058881620366752825184191e-04
7.10500000000000000000000000000002e+01,-1.13503939534713221986280672662123e-03,1.06308077660984566431681616613687e-04,-1.30729069297953687381869569093488e-03,7.49831547145259349070423608058092e-04
7.10749999999999999999999999999999e+01,-1.13230202958303363917114582589386e-03,1.12673255906490792733358873184796e-04,-1.28849120086793697596893157115186e-03,7.54105315595248772877453339976428e-04
7.10999999999999999999999999999986e+01,-1.12940613046418079201314418871467e-03,1.18990624195997970251229206255239e-04,-1.26958655249460001948417321042056e-03,7.58244050950635986563985956249607e-04
7.11250000000000000000000000000001e+01,-1.12635290235532096225644413989746e-03,1.25259455070696026994695274867882e-04,-1.25058012342931075833659623166866e-03,7.62247777217191543142737465733811e-04
7.11499999999999999999999999999996e+01,-1.12314356767187813345247625128627e-03,1.31479031944735191813674235888047e-04,-1.23147528838697295563873619673231e-03,7.66116538762268223647063382754822e-04
7.11750000000000000000000000000001e+01,-1.11977936660742229176963884073813e-03,1.37648649161439605865921853431384e-04,-1.21227542071987691785231456432169e-03,7.69850400209804637504224445683368e-04
7.11999999999999999999999999999998e+01,-1.11626155685975750331700140336945e-03,1.43767612047591922983075682782356e-04,-1.19298389191262407015157653419535e-03,7.73449446332763098802240587569092e-04
7.12249999999999999999999999999986e+01,-1.11259141335567697830330799121198e-03,1.49835236965789973668843890496767e-04,-1.17360407107977235784596746611288e-03,7.76913781943030475627610471943578e-04
7.12500000000000000000000000000000e+01,-1.10877022797443330400024884361808e-03,1.55850851364876855888822631236887e-04,-1.15413932446626553824801588984086e-03,7.80243531778810955877719329676357e-04
7.12749999999999999999999999999995e+01,-1.10479930926997199080788181873061e-03,1.61813793828446102824712531548245e-04,-1.13459301495070870076767844503169e-03,7.83438840389539913589168134035617e-04
7.13000000000000000000000000000002e+01,-1.10067998219197643090246138201064e-03,1.67723414121423862366112162122996e-04,-1.11496850155155162046301086127794e-03,7.86499872018348294934301427389778e-04
7.13250000000000000000000000000000e+01,-1.09641358780577231704951389940849e-03,1.73579073234730304927188490834939e-04,-1.09526913893624081191669097093555e-03,7.89426810482107172638334752005982e-04
7.13499999999999999999999999999987e+01,-1.09200148301113951025326858588614e-03,1.79380143428022755638097586307762e-04,-1.07549827693340040627689554804793e-03,7.92219859049082341611897698404177e-04
7.13749999999999999999999999999999e+01,-1.08744504026007927903580688007128e-03,1.85126008270523324905925699417852e-04,-1.05565926004810122473923659322340e-03,7.94879240314229047001617464513812e-04
7.13999999999999999999999999999999e+01,-1.08274564727358476032494970294887e-03,1.90816062679934088352550810282455e-04,-1.03575542698027666679554367833838e-03,7.97405196072157148580135143565245e-04
7.14250000000000000000000000000001e+01,-1.07790470675746241220166403721474e-03,1.96449712959443143157766633798431e-04,-1.01579011014634327137756716276018e-03,7.99797987187797232427587705461546e-04
7.14499999999999999999999999999999e+01,-1.07292363611725214214736375618746e-03,2.02026376832825142268252649639519e-04,-9.95766635204083043720833727634241e-04,8.02057893464798382245981349938120e-04
7.14749999999999999999999999999987e+01,-1.06780386717229370098750398734043e-03,2.07545483477640180108482130362447e-04,-9.75688320580843870506243901525227e-04,8.04185213511688518447836316387932e-04
7.14999999999999999999999999999998e+01,-1.06254684586898683251151110076847e-03,2.13006473556535173050191245592593e-04,-9.55558477005113570743985602293358e-04,8.06180264605828403388194961862994e-04
7.15249999999999999999999999999998e+01,-1.05715403199329256182273360439667e-03,2.18408799246652145140868846801910e-04,-9.35380407041522350085522706639254e-04,8.08043382555190595737789020144285e-04
7.15500000000000000000000000000003e+01,-1.05162689888252289188998647364402e-03,2.23751924267148094872197572988570e-04,-9.15157404629327641925371030436975e-04,8.09774921557994815978146282394265e-04
7.15749999999999999999999999999998e+01,-1.04596693313646605757914657856306e-03,2.29035323904831382387904865887165e-04,-8.94892754624434529926696533860525e-04,8.11375254060231358305418669377946e-04
7.15999999999999999999999999999987e+01,-1.04017563432789435968000574764517e-03,2.34258485037919838495442843042423e-04,-8.74589732345004153615412235482260e-04,8.12844770611104351862161081666688e-04
7.16250000000000000000000000000002e+01,-1.03425451471250146815400749896280e-03,2.39420906157926056944471697203167e-04,-8.54251603120701701577900642737315e-04,8.14183879716426836204888472521167e-04
7.16499999999999999999999999999997e+01,-1.02820509893831594406237210156134e-03,2.44522097389675589431262641844826e-04,-8.33881621845634795708426857983299e-04,8.15393007689999772290988200331910e-04
7.16750000000000000000000000000002e+01,-1.02202892375463758344584572677991e-03,2.49561580509464018555080243917816e-04,-8.13483032535032265023852723210071e-04,8.16472598503007261043992879894190e-04
7.16999999999999999999999999999999e+01,-1.01572753772054303387310487218835e-03,2.54538888961359137458001686844966e-04,-7.93059067885712498935483851587707e-04,8.17423113631460386724597665462236e-04
7.17249999999999999999999999999986e+01,-1.00930250091300697551149122252958e-03,2.59453567871654716099339280910394e-04,-7.72612948840389757681112545185458e-04,8.18245031901722241884534974394094e-04
7.17500000000000000000000000000001e+01,-1.00275538463468499345898160762570e-03,2.64305174061482583004129327013036e-04,-7.52147884155866002015081156750777e-04,8.18938849334146824609304572366941e-04
7.17749999999999999999999999999996e+01,-9.96087771121404096768633479594525e-04,2.69093276057589997879766495547517e-04,-7.31667069975154985370899516637233e-04,8.19505078984864627073263077769329e-04
7.18000000000000000000000000000001e+01,-9.89301253249406662153358575780182e-04,2.73817454101289534827558467304576e-04,-7.11173689403584529689727005598623e-04,8.19944250785747857149281779079987e-04
7.18249999999999999999999999999998e+01,-9.82397434242393396832960622392866e-04,2.78477300155588938170894935315655e-04,-6.90670912088922081088738607540803e-04,8.20256911382588351942620594513728e-04
7.18499999999999999999999999999986e+01,-9.75377927378410725426279555080066e-04,2.83072417910508653271525508352362e-04,-6.70161893805567813665771565454259e-04,8.20443623971521353658760546722986e-04
7.18750000000000000000000000000000e+01,-9.68244355696627810248994619872943e-04,2.87602422786594972958034992704510e-04,-6.49649776042858719140283480155773e-04,8.20504968133728424177109138095082e-04
7.18999999999999999999999999999995e+01,-9.60998351704048212909073358134036e-04,2.92066941936636975971205970223172e-04,-6.29137685597526286854750163037446e-04,8.20441539668452875107698168253599e-04
7.19250000000000000000000000000002e+01,-9.53641557082200997763818798525157e-04,2.96465614245595666773607080641725e-04,-6.08628734170349543043773793140825e-04,8.20253950424361184983149712879515e-04
7.19500000000000000000000000000000e+01,-9.46175622393855864687663727209098e-04,3.00798090328753956101666538044673e-04,-5.88126017967044380358341995762773e-04,8.19942828129283964602007637684588e-04
7.19749999999999999999999999999987e+01,-9.38602206789806679767752710053822e-04,3.05064032528096349073021893899211e-04,-5.67632617303429268547616271719182e-04,8.19508816218370115392679793572316e-04
7.19999999999999999999999999999999e+01,-9.30922977715767548053485889605289e-04,3.09263114906927432998194305821451e-04,-5.47151596214906595088245958954943e-04,8.18952573660687903997958833488837e-04
7.20249999999999999999999999999999e+01,-9.23139610619425342384447444012215e-04,3.13395023242738480580281574333611e-04,-5.26686002070298040549665211236742e-04,8.18274774784306749083554639179578e-04
7.20500000000000000000000000000001e+01,-9.15253788657692366654741174633609e-04,3.17459455018331705743742515395668e-04,-5.06238865190071547731125101297227e-04,8.17476109099893583670361040904718e-04
7.20749999999999999999999999999999e+01,-9.07267202404202590696967747868309e-04,3.21456119411211928338675881734522e-04,-4.85813198468996596239482351596957e-04,8.16557281122857718124710624258139e-04
7.20999999999999999999999999999987e+01,-8.99181549557094647357609155092504e-04,3.25384737281255619837170948388274e-04,-4.65411997003263645331895084311686e-04,8.15519010194078185364198245675795e-04
7.21249999999999999999999999999998e+01,-8.90998534647124530369065430126290e-04,3.29245041156667514707276761503844e-04,-4.45038237722102757659411382432728e-04,8.14362030299247600878023717820162e-04
7.21499999999999999999999999999998e+01,-8.82719868746150674380639243655155e-04,3.33036775218235181799744129254458e-04,-4.24694879023935565150515307686545e-04,8.13087089886866615816689524343170e-04
7.21750000000000000000000000000003e+01,-8.74347269176033836056130718765980e-04,3.36759695281892157463246870271480e-04,-4.04384860417093885802931689636800e-04,8.11694951684923081654275718996447e-04
7.21999999999999999999999999999998e+01,-8.65882459217993927529739807317978e-04,3.40413568779600447643011414350812e-04,-3.84111102165137446742760575778939e-04,8.10186392516290079757489973045306e-04
7.22249999999999999999999999999987e+01,-8.57327167822465680781137815431847e-04,3.43998174738563409786294655492935e-04,-3.63876504936802314697507690675043e-04,8.08562203112876998635061253513041e-04
7.22500000000000000000000000000002e+01,-8.48683129319494743701274532409597e-04,3.47513303758780226367191247108418e-04,-3.43683949460610780147885850805369e-04,8.06823187928567865747973552365071e-04
7.22749999999999999999999999999997e+01,-8.39952083129715525845993476759362e-04,3.50958757988953379598986037257451e-04,-3.23536296184172586004848136302112e-04,8.04970164950981159600451223593722e-04
7.23000000000000000000000000000002e+01,-8.31135773475951824199804952895394e-04,3.54334351100760731190627956101492e-04,-3.03436384938206535834302884776899e-04,8.03003965512085341441979607721510e-04
7.23249999999999999999999999999999e+01,-8.22235949095480966780637934794810e-04,3.57639908261504002159399986895613e-04,-2.83387034605310660553016632011512e-04,8.00925434097704354291831431843386e-04
7.23499999999999999999999999999986e+01,-8.13254362953001914678443778389415e-04,3.60875266105145636366594982982294e-04,-2.63391042793508266276331460057780e-04,7.98735428155947340128265470262125e-04
7.23750000000000000000000000000001e+01,-8.04192771954347461192110134637267e-04,3.64040272701746218048355123287446e-04,-2.43451185514596329742944937581105e-04,7.96434817904596823956136869046052e-04
7.23999999999999999999999999999996e+01,-7.95052936660980360161088730528800e-04,3.67134787525314798114401035411713e-04,-2.23570216867321851605327658427346e-04,7.94024486137489606107647711500992e-04
7.24250000000000000000000000000001e+01,-7.85836621005312904438898746035843e-04,3.70158681420084665878748070348334e-04,-2.03750868725410921986405213909114e-04,7.91505328029924591603927879580261e-04
7.24499999999999999999999999999998e+01,-7.76545592006889159798117685282443e-04,3.73111836565227281593060280513946e-04,-1.83995850430474397192216239561127e-04,7.88878250943131767778860539508346e-04
7.24749999999999999999999999999986e+01,-7.67181619489468739474274258184894e-04,3.75994146438017260430591759249384e-04,-1.64307848489813231463230098287963e-04,7.86144174227836518685216400793296e-04
7.25000000000000000000000000000000e+01,-7.57746475799050680132955499685908e-04,3.78805515775461470637219165956065e-04,-1.44689526279145653270076533807874e-04,7.83304029026953437075413939500136e-04
7.25249999999999999999999999999995e+01,-7.48241935522875651354719471050795e-04,3.81545860534405477902719040877826e-04,-1.25143523750277522038898105025489e-04,7.80358758077443761964470389143684e-04
7.25500000000000000000000000000002e+01,-7.38669775209444397839153640307181e-04,3.84215107850130734974979954407648e-04,-1.05672457143736348453867886776407e-04,7.77309315511370531940753907611766e-04
7.25750000000000000000000000000000e+01,-7.29031773089589976490957808132667e-04,3.86813195993456080147890708474795e-04,-8.62789187063886097557345398520198e-05,7.74156666656185501521606901936097e-04
7.25999999999999999999999999999987e+01,-7.19329708798641009429905587699482e-04,3.89340074326357270183126722982771e-04,-6.69654764140591408605310059622446e-05,7.70901787834281820014027329038893e-04
7.26249999999999999999999999999999e+01,-7.09565363099712828834960997288537e-04,3.91795703256118432094101289314675e-04,-4.77346736991705327852027126003988e-05,7.67545666161846419598824965631825e-04
7.26499999999999999999999999999999e+01,-6.99740517608163040470149010526361e-04,3.94180054188029473841087467550238e-04,-2.85890291834196219088783297469284e-05,7.64089299347046001755278685244715e-04
7.26750000000000000000000000000001e+01,-6.89856954517247679826484142530511e-04,3.96493109476643646452269000425270e-04,-9.53103641550730714102221259653082e-06,7.60533695487580448702191642978893e-04
7.26999999999999999999999999999999e+01,-6.79916456325013778126195933858104e-04,3.98734862375609599641163888854745e-04,9.43683638606291276831834215953091e-06,7.56879872867637419257232356859237e-04
7.27249999999999999999999999999987e+01,-6.69920805562463795042654592248486e-04,4.00905316986092419831775199426277e-04,2.83121465851031326348445659161104e-05,7.53128859754281816423743665781786e-04
7.27499999999999999999999999999998e+01,-6.59871784523027010958968046799529e-04,4.03004488203798283656655869484721e-04,4.70924773747622570532519613467699e-05,7.49281694193313737136632965814801e-04
7.27749999999999999999999999999998e+01,-6.49771174993372603988610066115443e-04,4.05032401664617501349717390401695e-04,6.57754380194373707581511308894662e-05,7.45339423804628432986540377314566e-04
7.28000000000000000000000000000003e+01,-6.39620757985598765884342647934817e-04,4.06989093688900862881332066931055e-04,8.43586640915632316249089183501844e-05,7.41303105577111724446404858596794e-04
7.28249999999999999999999999999998e+01,-6.29422313470831836441434721394904e-04,4.08874611224384335106841272977765e-04,1.02839817703268689738686200656132e-04,7.37173805663104220188998694657965e-04
7.28499999999999999999999999999987e+01,-6.19177620114269058132975482550179e-04,4.10689011787777290612732478774302e-04,1.21216587732889668564912137000392e-04,7.32952599172467597538568418714577e-04
7.28750000000000000000000000000002e+01,-6.08888455011698171574113114995400e-04,4.12432363405029578351810116308927e-04,1.39486690046329174413412990094914e-04,7.28640569966286099971199772486645e-04
7.28999999999999999999999999999997e+01,-5.98556593427526688073587461102642e-04,4.14104744550292872550022271196830e-04,1.57647867713255627987210387915297e-04,7.24238810450236302898653819672843e-04
7.29250000000000000000000000000002e+01,-5.88183808534353288070389898654428e-04,4.15706244083591859748733513865380e-04,1.75697891218131636732311680896652e-04,7.19748421367658089778113237441526e-04
7.29499999999999999999999999999999e+01,-5.77771871154113403745369598337116e-04,4.17236961187220944280119195562474e-04,1.93634558666066148844345417554035e-04,7.15170511592359666927134148855603e-04
7.29749999999999999999999999999986e+01,-5.67322549500830650614442192550137e-04,4.18697005300882270067546932540262e-04,2.11455695983483749030373455451716e-04,7.10506197921189327328258642901288e-04
7.30000000000000000000000000000001e+01,-5.56837608925005376521664503252324e-04,4.20086496055580971465671551768326e-04,2.29159157113605672359302450876300e-04,7.05756604866406551217811238976738e-04
7.30249999999999999999999999999996e+01,-5.46318811659671197226540828957787e-04,4.21405563206293677846960891308915e-04,2.46742824206737925652618462669426e-04,7.00922864447884904407240599856625e-04
7.30500000000000000000000000000001e+01,-5.35767916568149985793504666052486e-04,4.22654346563426405615010913036540e-04,2.64204607805362715760324449998835e-04,6.96006115985179064128019262890837e-04
7.30749999999999999999999999999998e+01,-5.25186678893535378320703911000150e-04,4.23832995923078077083284714836678e-04,2.81542447024030190627805742794775e-04,6.91007505889488166771577561520985e-04
7.30999999999999999999999999999986e+01,-5.14576850009934451271434127396292e-04,4.24941670996126008153523395380806e-04,2.98754309724048302181913532719367e-04,6.85928187455547532259426425036475e-04
7.31250000000000000000000000000000e+01,-5.03940177175496815874619438882590e-04,4.25980541336149806131079511066110e-04,3.15838192682969399643888479236157e-04,6.80769320653480675961265290087611e-04
7.31499999999999999999999999999995e+01,-4.93278403287259962814320667472916e-04,4.26949786266210215612404120551402e-04,3.32792121758872957808675562258381e-04,6.75532071920643371108686423002601e-04
7.31750000000000000000000000000002e+01,-4.82593266637839275799588533324889e-04,4.27849594804499544367479909411504e-04,3.49614152049444637011251087423731e-04,6.70217613953491372559953211123324e-04
7.32000000000000000000000000000000e+01,-4.71886500673990715660535955709369e-04,4.28680165588880392455621771521390e-04,3.66302368045852659828261824537745e-04,6.64827125499503256601275197876566e-04
7.32249999999999999999999999999987e+01,-4.61159833757073757424532656666057e-04,4.29441706800329496160892188487322e-04,3.82854883781423273936329773364457e-04,6.59361791149189671280596537977730e-04
7.32499999999999999999999999999999e+01,-4.50414988925441741466460888421660e-04,4.30134436085303583390414060304888e-04,3.99269842975117850867116962381246e-04,6.53822801128220127623909600612454e-04
7.32749999999999999999999999999999e+01,-4.39653683658786376383255315959055e-04,4.30758580477044218839207132810178e-04,4.15545419169814946565445002023459e-04,6.48211351089698294033527542281925e-04
7.33000000000000000000000000000001e+01,-4.28877629644462705798368898677884e-04,4.31314376315838695692874690416639e-04,4.31679815865401421573264357017926e-04,6.42528641906616584246329506450093e-04
7.33249999999999999999999999999999e+01,-4.18088532545820423931473057195869e-04,4.31802069168254106290071282644990e-04,4.47671266646677486232576486247075e-04,6.36775879464520653459867273857044e-04
7.33499999999999999999999999999987e+01,-4.07288091772566995539070668671992e-04,4.32221913745361797274293343672147e-04,4.63518035306081299428618460348292e-04,6.30954274454414237642684370092662e-04
7.33749999999999999999999999999998e+01,-3.96478000253187604806049674383992e-04,4.32574173819969485298579829367173e-04,4.79218415961239507985725564729824e-04,6.25065042165934587678803744121611e-04
7.33999999999999999999999999999998e+01,-3.85659944209446525014478422035704e-04,4.32859122142878376993857032133159e-04,4.94770733167350867788722385280191e-04,6.19109402280828562921067151211612e-04
7.34250000000000000000000000000003e+01,-3.74835602932994066411147333871650e-04,4.33077040358182701308524818331690e-04,5.10173342024410836940637101614014e-04,6.13088578666759258014702065214137e-04
7.34499999999999999999999999999998e+01,-3.64006648564102823723229733880715e-04,4.33228218917629123329058378583993e-04,5.25424628279285775692796293448995e-04,6.07003799171472842558384121509820e-04
7.34749999999999999999999999999987e+01,-3.53174745872556507315151129828836e-04,4.33312956994053566477799392799179e-04,5.40523008422646127406899447789712e-04,6.00856295417355095330542530553663e-04
7.35000000000000000000000000000002e+01,-3.42341552040714203115155691506922e-04,4.33331562393913024922099940897508e-04,5.55466929780768689342136218729448e-04,5.94647302596406913445721609085934e-04
7.35249999999999999999999999999997e+01,-3.31508716448772466234260689211999e-04,4.33284351468930000406507611011890e-04,5.70254870602218811516017221038432e-04,5.88378059265667871946854230533956e-04
7.35500000000000000000000000000002e+01,-3.20677880462247211716552353419284e-04,4.33171649026867247546327565469025e-04,5.84885340139424086178488149378022e-04,5.82049807143116701031921262932163e-04
7.35749999999999999999999999999999e+01,-3.09850677221696923164762291163711e-04,4.32993788241450558640667384845605e-04,5.99356878725151809479696710462554e-04,5.75663790904077336425190414429732e-04
7.35999999999999999999999999999986e+01,-2.99028731434708256153133309704527e-04,4.32751110561457362958180837503621e-04,6.13668057843903210618882843783598e-04,5.69221257978158983406651945767697e-04
7.36250000000000000000000000000001e+01,-2.88213659170164668451215766926619e-04,4.32443965618988956074169570520574e-04,6.27817480198238152053346789238070e-04,5.62723458346758416768200119882033e-04
7.36499999999999999999999999999996e+01,-2.77407067654818263218124458104590e-04,4.32072711136944212314285707186655e-04,6.41803779770044707141633930691347e-04,5.56171644341152517511070904170234e-04
7.36750000000000000000000000000001e+01,-2.66610555072184584562177414551126e-04,4.31637712835712667970313322505668e-04,6.55625621876768718814079296297222e-04,5.49567070441208822463257806766015e-04
7.36999999999999999999999999999998e+01,-2.55825710363779657264093256514245e-04,4.31139344339104894933440545063596e-04,6.69281703222619134427499590217951e-04,5.42910993074741635209666442182377e-04
7.37249999999999999999999999999986e+01,-2.45054113032718114097875234309650e-04,4.30577987079538113777537772679208e-04,6.82770751944765597790918964132240e-04,5.36204670417541015840059015349132e-04
7.37500000000000000000000000000000e+01,-2.34297332949690805118681340649298e-04,4.29954030202495021964484105566287e-04,6.96091527654545459369012089664323e-04,5.29449362194101733095083721212115e-04
7.37749999999999999999999999999995e+01,-2.23556930161339833592768194019846e-04,4.29267870470273836528747992263865e-04,7.09242821473698039804390601643567e-04,5.22646329479079025597726872847984e-04
7.38000000000000000000000000000002e+01,-2.12834454701048512996488738560452e-04,4.28519912165047571225819557611823e-04,7.22223456065644650075512944103415e-04,5.15796834499497779055615435452684e-04
7.38250000000000000000000000000000e+01,-2.02131446402163288785319290975853e-04,4.27710566991250585756556528958126e-04,7.35032285661833533751720601928068e-04,5.08902140437741483653240304454410e-04
7.38499999999999999999999999999987e+01,-1.91449434713664217503089247256847e-04,4.26840253977310459462271437513030e-04,7.47668196083169552849536131653552e-04,5.01963511235347090358352504253938e-04
7.38749999999999999999999999999999e+01,-1.80789938518300144335238888012779e-04,4.25909399376743253959154844559847e-04,7.60130104756549088664657695665901e-04,4.94982211397631636582582263572446e-04
7.38999999999999999999999999999999e+01,-1.70154465953204268475043879415422e-04,4.24918436568630238586133795153813e-04,7.72416960726521272582916730273674e-04,4.87959505799176260612673972090630e-04
7.39250000000000000000000000000001e+01,-1.59544514233005333735484858666503e-04,4.23867805957494159233291210616755e-04,7.84527744662097299193078101912968e-04,4.80896659490192970525211892644506e-04
7.39499999999999999999999999999999e+01,-1.48961569475449229770467664140927e-04,4.22757954872593135034352140032339e-04,7.96461468858730204968535166028991e-04,4.73794937503799276975813941272569e-04
7.39749999999999999999999999999987e+01,-1.38407106529545337137292763859437e-04,4.21589337466650268517219921187425e-04,8.08217177235488120288941378757203e-04,4.66655604664225540369454341419665e-04
7.39999999999999999999999999999998e+01,-1.27882588806251497307684719317550e-04,4.20362414614037053122586678182405e-04,8.19793945327444620573185971926377e-04,4.59479925395979621520695996120834e-04
7.40249999999999999999999999999998e+01,-1.17389468111711036686879304670123e-04,4.19077653808428657545772789090075e-04,8.31190880273310413729596749018247e-04,4.52269163533993161047076556427468e-04
7.40500000000000000000000000000003e+01,-1.06929184483054821798297647792508e-04,4.17735529059949159146538177882548e-04,8.42407120798331205936740932821430e-04,4.45024582134773546453927229121297e-04
7.40749999999999999999999999999998e+01,-9.65031660267808711039091433042556e-05,4.16336520791824788724554631312871e-04,8.53441837192477185888857707446030e-04,4.37747443288585357216876868722393e-04
7.40999999999999999999999999999987e+01,-8.61128287597235975253962575718711e-05,4.14881115736563236321469141389952e-04,8.64294231283950159015295801729516e-04,4.30439007932684807203428335955036e-04
7.41250000000000000000000000000002e+01,-7.57595764526243046750174484640855e-05,4.13369806831677052457383820153319e-04,8.74963536408034947756191119278828e-04,4.23100535665630430550196241225858e-04
7.41499999999999999999999999999997e+01,-6.54448004763141091621975057854008e-05,4.11803093114969161397935051504780e-04,8.85449017371322251691143920092754e-04,4.15733284562692981678714820192281e-04
7.41750000000000000000000000000002e+01,-5.51698796505200111762580321463644e-05,4.10181479619398482669689447956287e-04,8.95749970411330732119260655725197e-04,4.08338510992387242541806007113671e-04
7.41999999999999999999999999999999e+01,-4.49361800953043859224299792292954e-05,4.08505477267543634015348580640559e-04,9.05865723151556649524358418909566e-04,4.00917469434148150499035309334796e-04
7.42249999999999999999999999999986e+01,-3.47450550851477194748306703303320e-05,4.06775602765682663212325790286828e-04,9.15795634551979939176539082584009e-04,3.93471412297173378480777455660001e-04
7.42500000000000000000000000000001e+01,-2.45978449056839642754539976937516e-05,4.04992378497506727650353968456132e-04,9.25539094855056159870288076324037e-04,3.86001589740454215371208227738530e-04
7.42749999999999999999999999999996e+01,-1.44958767130974419203516443779691e-05,4.03156332417485609378070426388391e-04,9.35095525527224293430621746843253e-04,3.78509249494016308871174532511160e-04
7.43000000000000000000000000000001e+01,-4.44046439618977409732866816347784e-06,4.01267997943902919660710572686418e-04,9.44464379195960908084663726659299e-04,3.70995636681391545537721038286894e-04
7.43249999999999999999999999999998e+01,5.56709155887512336623325703290925e-06,3.99327913851578811075913869552522e-04,9.53645139582411727049568871255277e-04,3.63461993643342053284046848891034e-04
7.43499999999999999999999999999986e+01,1.55255042011403933629774222694215e-05,3.97336624164297976809098169383893e-04,9.62637321429632164683352523716064e-04,3.55909559762857020414471821060214e-04
7.43750000000000000000000000000000e+01,2.54335002447327912764266927508019e-05,3.95294678046960675954388547462837e-04,9.71440470426468906238765914889951e-04,3.48339571291442732324318532904386e-04
7.43999999999999999999999999999995e+01,3.52898201960397365988255526072959e-05,3.93202629697474480114614172760267e-04,9.80054163127115113609298367485861e-04,3.40753261176725932378006422945557e-04
7.44250000000000000000000000000002e+01,4.50932184781806011417661910957309e-05,3.91061038238404390368901102492717e-04,9.88478006866372338419630915370301e-04,3.33151858891390317248148981803407e-04
7.44500000000000000000000000000000e+01,5.48424635527664132069753988997741e-05,3.88870467608398924857528565035760e-04,9.96711639670652715350682669424787e-04,3.25536590263465679201739422605516e-04
7.44749999999999999999999999999987e+01,6.45363380389425964556886590673223e-05,3.86631486453409726046828806930508e-04,1.00475473016475549266313392330270e-03,3.17908677307988908496963285556653e-04
7.44999999999999999999999999999999e+01,7.41736388297098002789219262066749e-05,3.84344668017722183364360116868266e-04,1.01260697747445243345534237746681e-03,3.10269338060055768247904978846629e-04
7.45249999999999999999999999999999e+01,8.37531772055183151736278832824694e-05,3.82010590034814511353239930366031e-04,1.02026811112491709022542539721211e-03,3.02619786409282051876634221989248e-04
7.45500000000000000000000000000001e+01,9.32737789451320019153155509371492e-05,3.79629834618062665635768402051120e-04,1.02773789093503341676795004275020e-03,2.94961231935692429666095866875342e-04
7.45749999999999999999999999999999e+01,1.02734284433758097125766045834341e-04,3.77202988151308418609716472422134e-04,1.03501610690761963528978756777010e-03,2.87294879747054986019528010254876e-04
7.45999999999999999999999999999987e+01,1.12133548768439690100948224500109e-04,3.74730641179307853847970562309179e-04,1.04210257911560372284547844142222e-03,2.79621930317679142882346236292049e-04
7.46249999999999999999999999999998e+01,1.21470441860708096425457967794082e-04,3.72213388298077472738332094502917e-04,1.04899715758418731973947710527850e-03,2.71943579328694357437618743840038e-04
7.46499999999999999999999999999998e+01,1.30743848536492782896470906169405e-04,3.69651828045155039207123877789496e-04,1.05569972216903529339151301002303e-03,2.64261017509826673684956655317329e-04
7.46750000000000000000000000000003e+01,1.39952668633286925558464708322528e-04,3.67046562789792218608019103810558e-04,1.06221018243052861428359055962407e-03,2.56575430482689897895221081878278e-04
7.46999999999999999999999999999998e+01,1.49095817094567108158948126938766e-04,3.64398198623095995064502758302648e-04,1.06852847750411861597556435611825e-03,2.48887998605607857250958887414043e-04
7.47249999999999999999999999999987e+01,1.58172224061466092023088456251660e-04,3.61707345248135777612942707454810e-04,1.07465457596682111876490657773680e-03,2.41199896819983889297357379627282e-04
7.47500000000000000000000000000002e+01,1.67180834961698010155588053147411e-04,3.58974615870033029238638373990161e-04,1.08058847569988929635099657791385e-03,2.33512294498233397206714943023904e-04
7.47749999999999999999999999999997e+01,1.76120610595735758252339612546507e-04,3.56200627086050174253374468133174e-04,1.08633020374770455682235557043515e-03,2.25826355293294992360161575990741e-04
7.48000000000000000000000000000002e+01,1.84990527220240773183218361834585e-04,3.53385998775695458504834128802065e-04,1.09187981617292509339540000671039e-03,2.18143236989735431421111740097728e-04
7.48249999999999999999999999999999e+01,1.93789576628745805335126511647691e-04,3.50531353990860353811061841621452e-04,1.09723739790793213657524509911013e-03,2.10464091356463239955259273252061e-04
7.48499999999999999999999999999986e+01,2.02516766229591704929786264062790e-04,3.47637318846006012935962564736894e-04,1.10240306260261430776359113406938e-03,2.02790064001065598782766431415457e-04
7.48750000000000000000000000000001e+01,2.11171119121119654005169452133780e-04,3.44704522408415194414533674471762e-04,1.10737695246853083478763428450631e-03,1.95122294225782752679520668212472e-04
7.48999999999999999999999999999996e+01,2.19751674164120685123953641452264e-04,3.41733596588525987535377114770390e-04,1.11215923811949474235049793121644e-03,1.87461914885133883835112892100183e-04
7.49250000000000000000000000000001e+01,2.28257486051544734995832846724979e-04,3.38725176030363576691233071294198e-04,1.11675011840861747499264974606603e-03,1.79810052245208074687524429279716e-04
7.49499999999999999999999999999998e+01,2.36687625375471886019699146888445e-04,3.35679898002086191067220755449898e-04,1.12114982026185674679142051142291e-03,1.72167825844633666445198395967865e-04
7.49749999999999999999999999999986e+01,2.45041178691348851213426987291409e-04,3.32598402286661290295322190401600e-04,1.12535859850810974069964862267130e-03,1.64536348357239000824311029221437e-04
7.50000000000000000000000000000000e+01,2.53317248579494158052012706926972e-04,3.29481331072687939367741111582468e-04,1.12937673570589410112333415356198e-03,1.56916725456417213315088511237347e-04
7.50249999999999999999999999999995e+01,2.61514953703875884330613513463394e-04,3.26329328845381226870593431951045e-04,1.13320454196665947605175261191985e-03,1.49310055681207426689290550625555e-04
7.50500000000000000000000000000002e+01,2.69633428868166194260911767308647e-04,3.23143042277734479519061078567707e-04,1.13684235477477266977265756500855e-03,1.41717430304104373520594030730607e-04
7.50750000000000000000000000000000e+01,2.77671825069077315550963472104043e-04,3.19923120121874923039856955950698e-04,1.14029053880421976392220297179067e-03,1.34139933200608156265174786426043e-04
7.50999999999999999999999999999987e+01,2.85629309546983988163613286888502e-04,3.16670213100628334635383702217849e-04,1.14354948573206885332764168718831e-03,1.26578640720525532997173987477042e-04
7.51249999999999999999999999999999e+01,2.93505065833837802749680840920275e-04,3.13384973799308125574037131689071e-04,1.14661961404873732379566979917166e-03,1.19034621561033796265613110015887e-04
7.51499999999999999999999999999999e+01,3.01298293798379231362739860701268e-04,3.10068056557744183906048669600432e-04,1.14950136886510787167670868000537e-03,1.11508936641517991783855222487997e-04
7.51750000000000000000000000000001e+01,3.09008209688653534936461893842719e-04,3.06720117362566696937181104986935e-04,1.15219522171653772969283755735828e-03,1.04002638980191902825738306861196e-04
7.51999999999999999999999999999999e+01,3.16634046171837111097998165226561e-04,3.03341813739760060932178476142499e-04,1.15470167036380582015305012929689e-03,9.65167735725129053306765951459451e-05
7.52249999999999999999999999999987e+01,3.24175052371381222157225014386460e-04,2.99933804647501871594096496694550e-04,1.15702123859104280529374430714070e-03,8.90523772714004778621408929493307e-05
7.52499999999999999999999999999998e+01,3.31630493901480416508222515837097e-04,2.96496750369301873215522099396148e-04,1.15915447600068924507583683196316e-03,8.16104786692678297698311438174502e-05
7.52749999999999999999999999999998e+01,3.38999652898873327163675703868438e-04,2.93031312407455627079330112759858e-04,1.16110195780552730534483436901477e-03,7.41920979818757902245176718702081e-05
7.53000000000000000000000000000003e+01,3.46281828051983898673962863558241e-04,2.89538153376827540750676043101515e-04,1.16286428461783168382000449617220e-03,6.67982469340177802734693368190922e-05
7.53249999999999999999999999999998e+01,3.53476334627411458220387256732997e-04,2.86017936898977779365246318114727e-04,1.16444208223568563792806986748254e-03,5.94299286470443697508829769560685e-05
7.53499999999999999999999999999987e+01,3.60582504493778408176053868386534e-04,2.82471327496647457857364361312784e-04,1.16583600142650820704138908320281e-03,5.20881375282356008203044820837622e-05
7.53750000000000000000000000000002e+01,3.67599686142944675857186855383079e-04,2.78898990488616389250006666184090e-04,1.16704671770783892222741101706611e-03,4.47738591620289401743266758191721e-05
7.53999999999999999999999999999997e+01,3.74527244708598411500620594701344e-04,2.75301591884947538649304303065200e-04,1.16807493112542648917355264068159e-03,3.74880702031104025195718937261219e-05
7.54250000000000000000000000000002e+01,3.81364561982232777659058423855842e-04,2.71679798282632205517015792136476e-04,1.16892136602866811452899208536836e-03,3.02317382713760689777474266175419e-05
7.54499999999999999999999999999999e+01,3.88111036426519022166139096656689e-04,2.68034276761649828249046990553899e-04,1.16958677084344632251272568837906e-03,2.30058218487709054789786279569905e-05
7.54749999999999999999999999999986e+01,3.94766083186086372552803728828841e-04,2.64365694781456175162887470061497e-04,1.17007191784241027728719993415712e-03,1.58112701780114681539417121345672e-05
7.55000000000000000000000000000001e+01,4.01329134095719632260886193483616e-04,2.60674720077913554714604209193327e-04,1.17037760291274878730157724208065e-03,8.64902316319876519192326765536190e-06
7.55249999999999999999999999999996e+01,4.07799637685985698164732653260480e-04,2.56962020560676545070745775960298e-04,1.17050464532150232058209973558608e-03,1.52001127232722767245612607493861e-06
7.55500000000000000000000000000001e+01,4.14177059186300554740620519776261e-04,2.53228264211046608973831249401440e-04,1.17045388747846150480421924046000e-03,-5.57484455830457445009969452744610e-06
7.55749999999999999999999999999998e+01,4.20460880525448632679041586907593e-04,2.49474118980308824140114316668390e-04,1.17022619469669972293855991203896e-03,-1.26346330177761506784443055210048e-05
7.55999999999999999999999999999986e+01,4.26650600329566748779464841220444e-04,2.45700252688563822290226954036243e-04,1.16982245495078754433790055905422e-03,-1.96584525123152370170835239897580e-05
7.56250000000000000000000000000000e+01,4.32745733917605169566781320683554e-04,2.41907332924067891478119994163847e-04,1.16924357863273685234372540584056e-03,-2.66454112551511802939258214263046e-05
7.56499999999999999999999999999995e+01,4.38745813294278663192529829249899e-04,2.38096026943094056775606321658605e-04,1.16849049830572264285794291148217e-03,-3.35946273544471816932220363115664e-05
7.56750000000000000000000000000002e+01,4.44650387140520722803541068728898e-04,2.34267001570326813623642328076482e-04,1.16756416845563057386856123740584e-03,-4.05052288993073339649572971747449e-05
7.57000000000000000000000000000000e+01,4.50459020801454459646727874516901e-04,2.30420923099803046215893195199048e-04,1.16646556524047844365903456014480e-03,-4.73763540438546984177513194664029e-05
7.57249999999999999999999999999987e+01,4.56171296271893975700186062929299e-04,2.26558457196411520042417269625799e-04,1.16519568623775986539251356199715e-03,-5.42071510893769785047029534083447e-05
7.57499999999999999999999999999999e+01,4.61786812179390333544601057803685e-04,2.22680268797963193155707268579386e-04,1.16375555018975848796843762121693e-03,-6.09967785645366565273690731226553e-05
7.57749999999999999999999999999999e+01,4.67305183764836545482622417977099e-04,2.18787022017844444894504854368956e-04,1.16214619674688118752497279317834e-03,-6.77444053036427686724067639219527e-05
7.58000000000000000000000000000001e+01,4.72726042860646304547529348665926e-04,2.14879380048265173851240047392326e-04,1.16036868620905872073282184767677e-03,-7.44492105229818012240433275110518e-05
7.58249999999999999999999999999999e+01,4.78049037866521476989830331175108e-04,2.10958005064113568924568053145694e-04,1.15842409926526239012085014011361e-03,-8.11103838952054973290212563640230e-05
7.58499999999999999999999999999987e+01,4.83273833722823669067325999343391e-04,2.07023558127429208404935005082717e-04,1.15631353673118532311964692280570e-03,-8.77271256217736690891310384771254e-05
7.58749999999999999999999999999998e+01,4.88400111881565470466444892816220e-04,2.03076699092505992152992064697056e-04,1.15403811928513701033451948182758e-03,-9.42986465034504139737489120212075e-05
7.58999999999999999999999999999998e+01,4.93427570275037262424444253098147e-04,1.99118086511636260969072716636733e-04,1.15159898720219978479463404159555e-03,-1.00824168008852437532618104713014e-04
7.59250000000000000000000000000003e+01,4.98355923282085760575918771053929e-04,1.95148377541507305182506579950713e-04,1.14899730008669595260138108257721e-03,-1.07302922341048486102826865802316e-04
7.59499999999999999999999999999998e+01,5.03184901692060740685754184448949e-04,1.91168227850261311363002231153458e-04,1.14623423660301430654889124052089e-03,-1.13734152502209193605819590186129e-04
7.59749999999999999999999999999987e+01,5.07914252666446669729132290930329e-04,1.87178291525229641984950095107371e-04,1.14331099420484476794616827322269e-03,-1.20117112356306945587763402193570e-04
7.60000000000000000000000000000002e+01,5.12543739698196235215271976731807e-04,1.83179220981352187967936642014182e-04,1.14022878886286990806754732815287e-03,-1.26451066689865661337140947379180e-04
7.60249999999999999999999999999997e+01,5.17073142568783032205139653854891e-04,1.79171666870292378322262838525576e-04,1.13698885479096209943100478220337e-03,-1.32735291270760691180002970103933e-04
7.60500000000000000000000000000002e+01,5.21502257302990930124581456717100e-04,1.75156277990258274629141549249290e-04,1.13359244417093503848811030213849e-03,-1.38969072905069320863711044809723e-04
7.60749999999999999999999999999999e+01,5.25830896121457900202529415049696e-04,1.71133701196540020737325915584422e-04,1.13004082687589836534207816607679e-03,-1.45151709491972668250359157028539e-04
7.60999999999999999999999999999986e+01,5.30058887390992339147571200128448e-04,1.67104581312773759843672493139101e-04,1.12633529019226408282946634295724e-03,-1.51282510076710049310450512377213e-04
7.61250000000000000000000000000001e+01,5.34186075572680175493930999137679e-04,1.63069561042941972079919223118612e-04,1.12247713854045344674556855179601e-03,-1.57360794901587180600150327602287e-04
7.61499999999999999999999999999996e+01,5.38212321167801291879900339931989e-04,1.59029280884120025924982681428155e-04,1.11846769319435296120326382127696e-03,-1.63385895455039873989685197869329e-04
7.61750000000000000000000000000001e+01,5.42137500661574039349998927271309e-04,1.54984379039978576274318044127810e-04,1.11430829199956806813063438562306e-03,-1.69357154518755166354489161875859e-04
7.61999999999999999999999999999998e+01,5.45961506464746858580130482779290e-04,1.50935491335051280868529686069761e-04,1.11000028909052306777546647871472e-03,-1.75273926212852112209950154496581e-04
7.62249999999999999999999999999986e+01,5.49684246853056257696874233437945e-04,1.46883251129777145024106295005720e-04,1.10554505460645574783714490859429e-03,-1.81135576039124750827546121331121e-04
7.62500000000000000000000000000000e+01,5.53305645904570627082065273344186e-04,1.42828289236326642220206842021193e-04,1.10094397440635513253172935722595e-03,-1.86941480922350041176566970335531e-04
7.62749999999999999999999999999995e+01,5.56825643434939598206318850054776e-04,1.38771233835220595087039607404840e-04,1.09619844978289068955838031943570e-03,-1.92691029249663838055274140452275e-04
7.63000000000000000000000000000002e+01,5.60244194930568876104959108593468e-04,1.34712710392750637739465123603977e-04,1.09130989717538125261987530133095e-03,-1.98383620908008260974978161692462e-04
7.63250000000000000000000000000000e+01,5.63561271479740693582497570946102e-04,1.30653341579209916237107258369558e-04,1.08627974788185182990261615893081e-03,-2.04018667319654083708682020531830e-04
7.63499999999999999999999999999987e+01,5.66776859701700249593753058781422e-04,1.26593747187942519260323138876313e-04,1.08110944777022637478895404256209e-03,-2.09595591475802046881203176385168e-04
7.63749999999999999999999999999999e+01,5.69890961673728704488029250388688e-04,1.22534544055219965898812903280608e-04,1.07580045698870449410432511218761e-03,-2.15113827968267268527659538250405e-04
7.63999999999999999999999999999999e+01,5.72903594856223510905365825965777e-04,1.18476345980952911790987856681141e-04,1.07035424967536996144189132546062e-03,-2.20572823019251198149057839580740e-04
7.64250000000000000000000000000001e+01,5.75814792015807061069629371242127e-04,1.14419763650246068770256049266475e-04,1.06477231366707878860722332882076e-03,-2.25972034509205828415318664629284e-04
7.64499999999999999999999999999999e+01,5.78624601146484829022070058195950e-04,1.10365404555804166710444673905897e-04,1.05905615020767448703494219218048e-03,-2.31310932002795145276447783176790e-04
7.64749999999999999999999999999987e+01,5.81333085388874379971741284190196e-04,1.06313872921196619440836076904564e-04,1.05320727365557802319881341898292e-03,-2.36588996772959061811353646446218e-04
7.64999999999999999999999999999998e+01,5.83940322947526808396967378475374e-04,1.02265769624988389423076831125470e-04,1.04722721119079983761798203461221e-03,-2.41805721823085343640364293390726e-04
7.65249999999999999999999999999998e+01,5.86446407006362351805828729533679e-04,9.82216921257443783402970146572149e-05,1.04111750252142115610704564977997e-03,-2.46960611907295294120795519350123e-04
7.65500000000000000000000000000003e+01,5.88851445642242108144389852917815e-04,9.41822343879145028541001565576114e-05,1.03487969958959167447944725821270e-03,-2.52053183548849225804611920831657e-04
7.65749999999999999999999999999998e+01,5.91155561736697961720819566421662e-04,9.01479868086064465845318972452104e-05,1.02851536627709054404593162265829e-03,-2.57082965056678000734857370723220e-04
7.65999999999999999999999999999987e+01,5.93358892885842995184904292591020e-04,8.61195361452529109355159029028258e-05,1.02202607811049742500693240048418e-03,-2.62049496540047176066725187409249e-04
7.66250000000000000000000000000002e+01,5.95461591308484833560843612870499e-04,8.20974654441800187912866417788240e-05,1.01541342196602020827477273921656e-03,-2.66952329921360543194177490931634e-04
7.66499999999999999999999999999997e+01,5.97463823752464530572990508980529e-04,7.80823539700833563765550217400095e-05,1.00867899577402583343415671563439e-03,-2.71791028947110098016928650744830e-04
7.66750000000000000000000000000002e+01,5.99365771399243767525815012075636e-04,7.40747771364179696877409777946100e-05,1.00182440822332045151399098242945e-03,-2.76565169196979727166329051025339e-04
7.66999999999999999999999999999999e+01,6.01167629766763290796572986815652e-04,7.00753064367084628315251432169205e-05,9.94851278465224996057234957572103e-04,-2.81274338091110139892355759132122e-04
7.67249999999999999999999999999986e+01,6.02869608610595665567140959149544e-04,6.60845093767851763450556919186345e-05,9.87761235817492034696093552913359e-04,-2.85918134895532817869395758528646e-04
7.67500000000000000000000000000001e+01,6.04471931823415570755964080267779e-04,6.21029494079522541679417231497287e-05,9.80555919468109576125958265770395e-04,-2.90496170725780995381227798974812e-04
7.67749999999999999999999999999996e+01,6.05974837332811003209577964705633e-04,5.81311858610932384779392787156487e-05,9.73236978179037304082160948311568e-04,-2.95008068548685920174110700404419e-04
7.67999999999999999999999999999996e+01,6.07378576997458898075470012006581e-04,5.41697738817196621730074001625843e-05,9.65806069989920500718444117553542e-04,-2.99453463182366880700197247803058e-04
7.68249999999999999999999999999998e+01,6.08683416501688806905429737696208e-04,5.02192643659679394172844225023853e-05,9.58264861921826706725236647194363e-04,-3.03832001294423718488296952028732e-04
7.68499999999999999999999999999986e+01,6.09889635248458405432425843629513e-04,4.62802038975496853469583366329191e-05,9.50615029681049944670142970706310e-04,-3.08143341398340774948848240091456e-04
7.68750000000000000000000000000000e+01,6.10997526250764729124973038600290e-04,4.23531346856604267114531961258630e-05,9.42858257363027105453979121108503e-04,-3.12387153848111450017209749438603e-04
7.68999999999999999999999999999995e+01,6.12007396021515156550649249889434e-04,3.84385945038514958913874738541082e-05,9.34996237156410865515361080500662e-04,-3.16563120831092775638590735097140e-04
7.69249999999999999999999999999994e+01,6.12919564461882278274977283294260e-04,3.45371166298697314299232570287351e-05,9.27030669047343264547994130389104e-04,-3.20670936359099630177972205444498e-04
7.69500000000000000000000000000000e+01,6.13734364748166902485063509572194e-04,3.06492297864694390243288944113700e-05,9.18963260523973830080628757811594e-04,-3.24710306257748440381664254675936e-04
7.69749999999999999999999999999987e+01,6.14452143217193557763186082991698e-04,2.67754580832008979339063378006282e-05,9.10795726281265886373767173098093e-04,-3.28680948154060435506646247674302e-04
7.69999999999999999999999999999999e+01,6.15073259250262958449538967323551e-04,2.29163209591795290086640886291929e-05,9.02529787926134430773707568708258e-04,-3.32582591462334733649907035080091e-04
7.70249999999999999999999999999999e+01,6.15598085155685998831452060179098e-04,1.90723331268396720171211994151412e-05,8.94167173682958700998019126023321e-04,-3.36414977368301753129664564185772e-04
7.70499999999999999999999999999994e+01,6.16027006049923938983801399029380e-04,1.52440045166767516154195343805894e-05,8.85709618099512291872264303520298e-04,-3.40177858811567651969393548295225e-04
7.70749999999999999999999999999999e+01,6.16360419737359537466472663058646e-04,1.14318402229814431392690998023185e-05,8.77158861753353409861525604851155e-04,-3.43871000466360706091925854024255e-04
7.70999999999999999999999999999987e+01,6.16598736588723974264355677211157e-04,7.63634045056928144847179456791397e-06,8.68516650958717578408352782728709e-04,-3.47494178720590741726535144567749e-04
7.71249999999999999999999999999998e+01,6.16742379418204491339499062493104e-04,3.85800046250898838136735727995395e-06,8.59784737473954826667826416844667e-04,-3.51047181653232939752280628973694e-04
7.71499999999999999999999999999998e+01,6.16791783359257757961671967887100e-04,9.73105288526270551860628626290886e-08,8.50964878209553108787589561281920e-04,-3.54529809010047529231929759047239e-04
7.71749999999999999999999999999993e+01,6.16747395739154043602019940035139e-04,-3.64524412362947568255506713691531e-06,8.42058834936789410483359695734046e-04,-3.57941872177647084216337674291030e-04
7.71999999999999999999999999999998e+01,6.16609675952277352624589214734094e-04,-7.36918336070626388655117512442902e-06,8.33068373997049704376468073562739e-04,-3.61283194155923332000343146993470e-04
7.72249999999999999999999999999987e+01,6.16379095332206742301770400352768e-04,-1.10740321889333356319935611245321e-05,8.23995266011858615457741637838901e-04,-3.64553609528845572368232745069052e-04
7.72500000000000000000000000000002e+01,6.16056137022604108821389753794359e-04,-1.47593208028877318191453685513730e-05,8.14841285593659353190381006483631e-04,-3.67752964433642995961546550859564e-04
7.72749999999999999999999999999997e+01,6.15641295846933784954715795710040e-04,-1.84245846313878532699553594938813e-05,8.05608211057384157232645501920998e-04,-3.70881116528383375719596216405093e-04
7.72999999999999999999999999999992e+01,6.15135078177039347926467071194517e-04,-2.20693643826963936861673952645754e-05,7.96297824132855189618717021457859e-04,-3.73937934957960788371268596733689e-04
7.73249999999999999999999999999999e+01,6.14538001800603086781689026918662e-04,-2.56932060887043405108095830583374e-05,7.86911909678055487552958731074870e-04,-3.76923300318505203183744639631932e-04
7.73499999999999999999999999999986e+01,6.13850595787513625192855004837864e-04,-2.92956611480942596828584599361053e-05,7.77452255393309267819100043669770e-04,-3.79837104620226952586647537883711e-04
7.73750000000000000000000000000001e+01,6.13073400355167238207054911464354e-04,-3.28762863684812436841289959948270e-05,7.67920651536410546252200543297477e-04,-3.82679251248709273874294143418946e-04
7.73999999999999999999999999999996e+01,6.12206966732728439911205383689440e-04,-3.64346440075300651419307970024028e-05,7.58318890638738703838477726458317e-04,-3.85449654924662282929320528575992e-04
7.74249999999999999999999999999996e+01,6.11251857024375453406583823371270e-04,-3.99703018130472405597832342492495e-05,7.48648767222399294867489202850229e-04,-3.88148241662151909794427191987497e-04
7.74499999999999999999999999999998e+01,6.10208644071556204846788176662737e-04,-4.34828330620468704811369966498444e-05,7.38912077518428052234316115527773e-04,-3.90774948725317491933732681797712e-04
7.74749999999999999999999999999986e+01,6.09077911314280509620172623994274e-04,-4.69718165987892835222896181524050e-05,7.29110619186095700548148293138608e-04,-3.93329724583591884161030104927548e-04
7.75000000000000000000000000000000e+01,6.07860252651474141064250201570018e-04,-5.04368368717916722162721285947289e-05,7.19246191033350839220119540574090e-04,-3.95812528865438104459227443922071e-04
7.75249999999999999999999999999995e+01,6.06556272300420490401406303990097e-04,-5.38774839698100684670982169047204e-05,7.09320592738437805249730812564036e-04,-3.98223332310616692263226671818042e-04
7.75499999999999999999999999999994e+01,6.05166584655315540899026867053551e-04,-5.72933536567921655990515076470478e-05,6.99335624572726069078334438503928e-04,-4.00562116720998110217166017562476e-04
7.75750000000000000000000000000000e+01,6.03691814144961889599973049379495e-04,-6.06840474058006524700013045081781e-05,6.89293087124787356702790287990653e-04,-4.02828874909934671936572753337892e-04
7.75999999999999999999999999999987e+01,6.02132595089627556359122920163058e-04,-6.40491724319068828725758740592352e-05,6.79194781025756327315633068327572e-04,-4.05023610650206626897716891831908e-04
7.76249999999999999999999999999999e+01,6.00489571557095322376961473407427e-04,-6.73883417240548604525301965651768e-05,6.69042506676010268133208748302937e-04,-4.07146338620557179232134815009065e-04
7.76499999999999999999999999999999e+01,5.98763397217928338960776335438023e-04,-7.07011740758956756226884413979843e-05,6.58838063973202896863749548598689e-04,-4.09197084350831359915855629877445e-04
7.76749999999999999999999999999994e+01,5.96954735199977741886827067880508e-04,-7.39872941155926864422795176495450e-05,6.48583252041686987526965032422696e-04,-4.11175884165733811602264331754216e-04
7.76999999999999999999999999999999e+01,5.95064257942157997501925720996688e-04,-7.72463323345978901556933987071511e-05,6.38279868963360157139331977097361e-04,-4.13082785127220682147234027758217e-04
7.77249999999999999999999999999987e+01,5.93092647047515693609696684662379e-04,-8.04779251154000860127726174089010e-05,6.27929711509967769198942592581557e-04,-4.14917844975540956708827858279836e-04
7.77499999999999999999999999999998e+01,5.91040593135617471255825218984553e-04,-8.36817147582455830800031426184358e-05,6.17534574876896525014733949291498e-04,-4.16681132068942689166569127084888e-04
7.77749999999999999999999999999998e+01,5.88908795694282772779447264097788e-04,-8.68573495068323589553382658652690e-05,6.07096252418491925801498451787522e-04,-4.18372725322059721492759712197792e-04
7.77999999999999999999999999999993e+01,5.86697962930687056956910109386731e-04,-9.00044835729787265965961516277019e-05,5.96616535384932397178702336765645e-04,-4.19992714142994604615956393395158e-04
7.78249999999999999999999999999998e+01,5.84408811621861103752092174832226e-04,-9.31227771602677168680321792720074e-05,5.86097212660692473342380928211901e-04,-4.21541198369113556238921561758945e-04
7.78499999999999999999999999999987e+01,5.82042066964611999126677946263450e-04,-9.62118964866685339166722908526106e-05,5.75540070504627040799946398819807e-04,-4.23018288201569410004229278999383e-04
7.78750000000000000000000000000002e+01,5.79598462424891354576359174930363e-04,-9.92715138061365891107648112197033e-05,5.64946892291708241242484628742011e-04,-4.24424104138568626335346036505891e-04
7.78999999999999999999999999999997e+01,5.77078739586636276567320087435432e-04,-1.02301307429193766979314738701316e-04,5.54319458256446229952977044680808e-04,-4.25758776907398548216679246820214e-04
7.79249999999999999999999999999992e+01,5.74483648000108557875042337981687e-04,-1.05300961742490723332530369028037e-04,5.43659545238024580186846761594547e-04,-4.27022447395231195112073411520880e-04
7.79499999999999999999999999999999e+01,5.71813945029757515999253629305398e-04,-1.08270167227353161467228517405354e-04,5.32968926427180715288288191696821e-04,-4.28215266578719995157440084324492e-04
7.79749999999999999999999999999986e+01,5.69070395701631853370545134622749e-04,-1.11208620477314177043462797877673e-04,5.22249371114861338997000403646709e-04,-4.29337395452405959698535246918592e-04
7.80000000000000000000000000000001e+01,5.66253772550365860001812386589428e-04,-1.14116024214634905865555315197236e-04,5.11502644442682420530260099921367e-04,-4.30389004955949905176657225604771e-04
7.80249999999999999999999999999996e+01,5.63364855465765221596837861409388e-04,-1.16992087305815851433827655530455e-04,5.00730507155222874669871790574803e-04,-4.31370275900207425289932147902250e-04
7.80499999999999999999999999999996e+01,5.60404431539017634934215987956279e-04,-1.19836524776101410760739710850049e-04,4.89934715354180658317622652816623e-04,-4.32281398892163411273830243286610e-04
7.80749999999999999999999999999999e+01,5.57373294908553367622791526010672e-04,-1.22649057822980257543533694286850e-04,4.79117020254419583881669801834090e-04,-4.33122574258743010052119782273701e-04
7.80999999999999999999999999999986e+01,5.54272246605580831101157280151449e-04,-1.25429413828684381305671502673913e-04,4.68279167941934726494976336766919e-04,-4.33894011969515998911416222245177e-04
7.81250000000000000000000000000000e+01,5.51102094399322164056157246162914e-04,-1.28177326371689719510932516195258e-04,4.57422899133763876520585572452261e-04,-4.34595931558311641252258087428937e-04
7.81499999999999999999999999999995e+01,5.47863652641973748292381701280445e-04,-1.30892535237221456890306511530041e-04,4.46549948939872061142202626370434e-04,-4.35228562043761170869508476156886e-04
7.81749999999999999999999999999994e+01,5.44557742113416500525203473120693e-04,-1.33574786426767202306674888605407e-04,4.35662046627035729147227483418070e-04,-4.35792141848785132115369529484200e-04
7.82000000000000000000000000000000e+01,5.41185189865700701622533274377925e-04,-1.36223832166601388434771448023790e-04,4.24760915384752761358041281427870e-04,-4.36286918719042880199259582355913e-04
7.82249999999999999999999999999987e+01,5.37746829067330039513315903729020e-04,-1.38839430915324373362915848356183e-04,4.13848272093204035630967463536525e-04,-4.36713149640361619781291523394122e-04
7.82499999999999999999999999999999e+01,5.34243498847369453342098481165207e-04,-1.41421347370419855911054933335356e-04,4.02925827093291839995834877693884e-04,-4.37071100755162430923610421625575e-04
7.82749999999999999999999999999999e+01,5.30676044139401274507775078185199e-04,-1.43969352473834347967055780362867e-04,3.91995283958779990427266799268819e-04,-4.37361047277900799382071938435034e-04
7.82999999999999999999999999999994e+01,5.27045315525354065010916224172034e-04,-1.46483223416582577427865279315725e-04,3.81058339270560070996360743421680e-04,-4.37583273409539233155972815664718e-04
7.83249999999999999999999999999999e+01,5.23352169079228455078854192917113e-04,-1.48962743642382824369314877230785e-04,3.70116682393067773822813794036557e-04,-4.37738072251069609171122808313841e-04
7.83499999999999999999999999999987e+01,5.19597466210744180372163390269251e-04,-1.51407702850326320856116950879333e-04,3.59171995252872874407177289275112e-04,-4.37825745716102952955391174000190e-04
7.83749999999999999999999999999998e+01,5.15782073508932414231460183212371e-04,-1.53817896996584971351910082888215e-04,3.48225952119465934645094819269459e-04,-4.37846604442544410179382977295740e-04
7.83999999999999999999999999999998e+01,5.11906862585697382430452637693768e-04,-1.56193128295161776002146712227338e-04,3.37280219388264381184295106018522e-04,-4.37800967703371221982522771695012e-04
7.84249999999999999999999999999993e+01,5.07972709919371136790904365775456e-04,-1.58533205217688463127612339945610e-04,3.26336455365860160854848362206824e-04,-4.37689163316531566092917689857682e-04
7.84499999999999999999999999999998e+01,5.03980496698285249819153915407605e-04,-1.60837942492274960056936067225081e-04,3.15396310057530727757640702997608e-04,-4.37511527553982172885996334378692e-04
7.84749999999999999999999999999987e+01,4.99931108664383075274280453283262e-04,-1.63107161101415452914216503055381e-04,3.04461424957034668308854832947620e-04,-4.37268405049882669720673517429289e-04
7.85000000000000000000000000000002e+01,4.95825435956896099307764154073535e-04,-1.65340688278955906143586839709852e-04,2.93533432838712821182935798862863e-04,-4.36960148707964648150734037684369e-04
7.85249999999999999999999999999997e+01,4.91664372956107783556721773091939e-04,-1.67538357506128031388417763639725e-04,2.82613957551915298746346396552261e-04,-4.36587119608093486940544389345929e-04
7.85499999999999999999999999999992e+01,4.87448818127228175360777719221561e-04,-1.69700008506654812846701404185559e-04,2.71704613817774365302477614364404e-04,-4.36149686912040999225246933559100e-04
7.85749999999999999999999999999999e+01,4.83179673864402431139703352366205e-04,-1.71825487240932812391568586851095e-04,2.60807007028342675347287708189048e-04,-4.35648227768487004654211869989947e-04
7.85999999999999999999999999999986e+01,4.78857846334876266948647041370198e-04,-1.73914645899296592566980552786714e-04,2.49922733048115922138297370179515e-04,-4.35083127217267956951901530969320e-04
7.86250000000000000000000000000001e+01,4.74484245323341215353905940105341e-04,-1.75967342894370709030246614799357e-04,2.39053378017958493278923207928710e-04,-4.34454778092890784032599034823631e-04
7.86499999999999999999999999999996e+01,4.70059784076482430078906546059771e-04,-1.77983442852514836102475313776642e-04,2.28200518161450275787983041161381e-04,-4.33763580927330121625182287032124e-04
7.86749999999999999999999999999996e+01,4.65585379147751639391808905020275e-04,-1.79962816604367699794237645349305e-04,2.17365719593672298332487782295644e-04,-4.33009943852127142311732433444699e-04
7.86999999999999999999999999999999e+01,4.61061950242387705977651710354545e-04,-1.81905341174495601985029374544805e-04,2.06550538132448443022218753411734e-04,-4.32194282499808199969705557616120e-04
7.87249999999999999999999999999986e+01,4.56490420062707105094251870548497e-04,-1.83810899770151427337902627933150e-04,1.95756519112060003468483820021751e-04,-4.31317019904641524842492101560987e-04
7.87500000000000000000000000000000e+01,4.51871714153686484187554481804406e-04,-1.85679381769150131011026604189402e-04,1.84985197199449409767980019220977e-04,-4.30378586402750216858881410748994e-04
7.87749999999999999999999999999995e+01,4.47206760748859315874490488039158e-04,-1.87510682706866810276417012012580e-04,1.74238096212928984756700756229971e-04,-4.29379419531599794390190718115709e-04
7.87999999999999999999999999999994e+01,4.42496490616548502325480576984714e-04,-1.89304704262363566770182983738094e-04,1.63516728943410139358846506052419e-04,-4.28319963928878562386775648384992e-04
7.88250000000000000000000000000000e+01,4.37741836906456632630363352211686e-04,-1.91061354243651468279921936580177e-04,1.52822596978167958201958552179844e-04,-4.27200671230789067785573624424344e-04
7.88499999999999999999999999999987e+01,4.32943734996635435746553625491616e-04,-1.92780546572094019721135324939192e-04,1.42157190527155669951915067223032e-04,-4.26021999969768911239833374885098e-04
7.88749999999999999999999999999999e+01,4.28103122340855810142661288751276e-04,-1.94462201265958652253332932914491e-04,1.31521988251883040109603998439226e-04,-4.24784415471659182604568418517027e-04
7.88999999999999999999999999999999e+01,4.23220938316399647301070019017351e-04,-1.96106244423122837316291556120240e-04,1.20918457096872267374269915562338e-04,-4.23488389752338783230720033268245e-04
7.89249999999999999999999999999994e+01,4.18298124072294499866097918287107e-04,-1.97712608202941528706221203062057e-04,1.10348052123704508185612074981644e-04,-4.22134401413842890992232484114008e-04
7.89499999999999999999999999999999e+01,4.13335622378011976457765409244697e-04,-1.99281230807282730649786272052519e-04,9.98122163476696977762105224022024e-05,-4.20722935539983814107861194720711e-04
7.89749999999999999999999999999987e+01,4.08334377472650574052378402475259e-04,-2.00812056460738083175192738336970e-04,8.93123805770318800659378406618929e-05,-4.19254483591492467237753145322333e-04
7.89999999999999999999999999999998e+01,4.03295334914623485397371873957393e-04,-2.02305035390015447935523907174504e-04,7.88499632549218030784863650717532e-05,-4.17729543300698688047687522787753e-04
7.90249999999999999999999999999998e+01,3.98219441431871743216185520578605e-04,-2.03760123802520568015638164125377e-04,6.84263703038680813244582605632400e-05,-4.16148618565768594455948142388971e-04
7.90499999999999999999999999999993e+01,3.93107644772622885006452018034875e-04,-2.05177283864134964139726243245030e-04,5.80429949729777718427027778904705e-05,-4.14512219344517162124953384906697e-04
7.90749999999999999999999999999998e+01,3.87960893556715142079019922378961e-04,-2.06556483676197317067680660002963e-04,4.77012176877767563884028979671065e-05,-4.12820861547814178449061471181980e-04
7.90999999999999999999999999999987e+01,3.82780137127506974164510811016388e-04,-2.07897697251695671799510509960714e-04,3.74024059027198686690390781101606e-05,-4.11075066932601703338967377524488e-04
7.91250000000000000000000000000002e+01,3.77566325404391586466908449836971e-04,-2.09200904490677883486440612666946e-04,2.71479139563802526235823591412838e-05,-4.09275362994541138528948429081088e-04
7.91499999999999999999999999999997e+01,3.72320408735935879508835125160328e-04,-2.10466091154887807681724648622769e-04,1.69390829293269855814665633903306e-05,-4.07422282860307975952195478523576e-04
7.91749999999999999999999999999992e+01,3.67043337753663093529106613839330e-04,-2.11693248841634818769920098253334e-04,6.77724050469954879103267580573359e-06,-4.05516365179552261957517966523054e-04
7.91999999999999999999999999999999e+01,3.61736063226498218597930306616321e-04,-2.12882374956904320100649267928667e-04,-3.33629916851272266320375920984838e-06,-4.03558154016542777794424794171563e-04
7.92249999999999999999999999999986e+01,3.56399535915895049046731143355794e-04,-2.14033472687716987514762387398861e-04,-1.34002356094785280648030996032885e-05,-4.01548198741512897890998807171571e-04
7.92500000000000000000000000000001e+01,3.51034706431663566306453702489419e-04,-2.15146550973744564565134025858171e-04,-2.34132821368125934268854986667690e-05,-3.99487053921726046009526325066847e-04
7.92749999999999999999999999999996e+01,3.45642525088516137849304802376481e-04,-2.16221624478190102776918536312853e-04,-3.33741659971369815044492135494840e-05,-3.97375279212278625408437098714048e-04
7.92999999999999999999999999999996e+01,3.40223941763350821673743886331961e-04,-2.17258713557940613751413834300805e-04,-4.32816284909093792788408733119280e-05,-3.95213439246658252685129494543013e-04
7.93249999999999999999999999999999e+01,3.34779905753289865700633537856157e-04,-2.18257844233000171799798516618941e-04,-5.31344250955124678710353492105636e-05,-3.93002103527075076041119203490058e-04
7.93499999999999999999999999999986e+01,3.29311365634491289599062578047717e-04,-2.19219048155211576113777822276668e-04,-6.29313255855989237215919585336739e-05,-3.90741846314583907316646344826451e-04
7.93750000000000000000000000000000e+01,3.23819269121751232972314838370241e-04,-2.20142362576274750250972156596409e-04,-7.26711141506870424409326643376696e-05,-3.88433246519014843305011192115295e-04
7.93999999999999999999999999999995e+01,3.18304562928914548546533710048096e-04,-2.21027830315070123930628777883696e-04,-8.23525895100024179231194624208645e-05,-3.86076887588729995597469568914372e-04
7.94249999999999999999999999999994e+01,3.12768192630110912055840712514689e-04,-2.21875499724295307783715695978275e-04,-9.19745650245615490692922792709385e-05,-3.83673357400223889548790677126568e-04
7.94500000000000000000000000000000e+01,3.07211102521833511947482080368160e-04,-2.22685424656423435762079265947169e-04,-1.01535868806493684723605502088415e-04,-3.81223248147585031913312690351585e-04
7.94749999999999999999999999999987e+01,3.01634235485877171878841783117633e-04,-2.23457664428991612374778087143027e-04,-1.11035343825597654125649969547847e-04,-3.78727156231836083302807494033498e-04
7.94999999999999999999999999999999e+01,2.96038532853152547284775260327853e-04,-2.24192283789227962789891823737834e-04,-1.20471848013130865270268674338056e-04,-3.76185682150170005881162942233100e-04
7.95249999999999999999999999999999e+01,2.90424934268392824098373709355876e-04,-2.24889352878025843128641797107863e-04,-1.29844254362828086980175304401988e-04,-3.73599430385099488656942089137216e-04
7.95499999999999999999999999999994e+01,2.84794377555769133050374312162325e-04,-2.25548947193273825994703468919919e-04,-1.39151451029148062181179932357960e-04,-3.70969009293536882383927590124217e-04
7.95749999999999999999999999999999e+01,2.79147798585430676891280024645699e-04,-2.26171147552550132425088780200635e-04,-1.48392341422746429766959941826022e-04,-3.68295030995821803453543119593598e-04
7.95999999999999999999999999999987e+01,2.73486131140985350415252538229209e-04,-2.26756040055190236011572644812200e-04,-1.57565844303173860493587956601574e-04,-3.65578111264713491284301173409080e-04
7.96249999999999999999999999999998e+01,2.67810306787936414355648037720254e-04,-2.27303716043736417913329291887737e-04,-1.66670893868798738497418048168760e-04,-3.62818869414364926605268678221371e-04
7.96499999999999999999999999999998e+01,2.62121254743090564108527545035422e-04,-2.27814272064778102857213024930305e-04,-1.75706439843954144227987919841038e-04,-3.60017928189295638715804787288070e-04
7.96749999999999999999999999999993e+01,2.56419901744952512862477920994479e-04,-2.28287809829191856003819287693672e-04,-1.84671447563309316775433897077910e-04,-3.57175913653380048304880518242685e-04
7.96999999999999999999999999999998e+01,2.50707171925120986110408926761521e-04,-2.28724436171789968750688158404113e-04,-1.93564898053466193695209746362555e-04,-3.54293455078868108752378978633562e-04
7.97249999999999999999999999999987e+01,2.44983986680700800731292988766875e-04,-2.29124263010386608153479799437821e-04,-2.02385788111782044437882078672034e-04,-3.51371184835454923034536912929164e-04
7.97500000000000000000000000000002e+01,2.39251264547745476896655902030262e-04,-2.29487407304290549673227188237786e-04,-2.11133130382419629325251422383818e-04,-3.48409738279415925439453074752535e-04
7.97749999999999999999999999999997e+01,2.33509921075744605017569130686712e-04,-2.29813991012233556402307400045497e-04,-2.19805953429626729623417104761693e-04,-3.45409753642824127290258899408691e-04
7.97999999999999999999999999999992e+01,2.27760868703169962842513216180674e-04,-2.30104141049743509783186094672011e-04,-2.28403301808247305596664954592686e-04,-3.42371871922865833797239390159981e-04
7.98249999999999999999999999999999e+01,2.22005016634094149684347522528638e-04,-2.30357989245971437113001654245479e-04,-2.36924236131466948431811062573069e-04,-3.39296736771271145039969347139165e-04
7.98499999999999999999999999999986e+01,2.16243270715895275635281767298986e-04,-2.30575672299981619824535414747644e-04,-2.45367833135795698550084564286035e-04,-3.36184994383875457940407505718533e-04
7.98750000000000000000000000000001e+01,2.10476533318061013561737076824782e-04,-2.30757331736514003649985700736073e-04,-2.53733185743291707022581699251950e-04,-3.33037293390328087952040547869165e-04
7.98999999999999999999999999999996e+01,2.04705703212105090695855323509501e-04,-2.30903113861228167307917086039284e-04,-2.62019403121029618526184476938402e-04,-3.29854284743964029083078408144080e-04
7.99249999999999999999999999999996e+01,1.98931675452609064796697551402023e-04,-2.31013169715438140307645408307396e-04,-2.70225610737817953470638382875949e-04,-3.26636621611854768818139593847285e-04
7.99499999999999999999999999999999e+01,1.93155341259401997181302733254563e-04,-2.31087655030347392844871630262842e-04,-2.78350950418170163545873836868819e-04,-3.23384959265053970527711031368647e-04
7.99749999999999999999999999999986e+01,1.87377587900890401463011852117397e-04,-2.31126730180793351575885335231104e-04,-2.86394580393534428933906903541531e-04,-3.20099954969053730082820676653322e-04
8.00000000000000000000000000000000e+01,1.81599298578550612620857046352455e-04,-2.31130560138510824311861467569301e-04,-2.94355675350787656754660980030588e-04,-3.16782267874467005648845236551592e-04
8.00249999999999999999999999999995e+01,1.75821352312595486098323918622773e-04,-2.31099314424923744371071814716434e-04,-3.02233426477999528923337204459566e-04,-3.13432558907951710042550726809851e-04
8.00499999999999999999999999999990e+01,1.70044623828827101031407113585724e-04,-2.31033167063474671461398992618732e-04,-3.10027041507472833442691148428581e-04,-3.10051490663391843626129967144012e-04
8.00750000000000000000000000000000e+01,1.64269983446686905473699787816938e-04,-2.30932296531501510534080225697320e-04,-3.17735744756066696191560078530161e-04,-3.06639727293350932507235271861004e-04
8.00999999999999999999999999999987e+01,1.58498296968514504659436974173615e-04,-2.30796885711670933053524982460275e-04,-3.25358777162809710456693669429151e-04,-3.03197934400812921840828631866285e-04
8.01250000000000000000000000000004e+01,1.52730425570026055962959278017016e-04,-2.30627121842978006577078118214870e-04,-3.32895396323810338744483599155746e-04,-2.99726778931225557312827948300722e-04
8.01499999999999999999999999999999e+01,1.46967225692022996313667430939381e-04,-2.30423196471321558447273386006455e-04,-3.40344876524472335759316741507514e-04,-2.96226929064861169452585649477173e-04
8.01749999999999999999999999999994e+01,1.41209548933341589447545878697623e-04,-2.30185305399664817779260401162733e-04,-3.47706508769023312803386585322067e-04,-2.92699054109509655296988512996888e-04
8.01999999999999999999999999999999e+01,1.35458241945053541557898425939532e-04,-2.29913648637790896780912201030716e-04,-3.54979600807364932196933970310204e-04,-2.89143824393518330139814788142472e-04
8.02249999999999999999999999999984e+01,1.29714146325927694687246001382001e-04,-2.29608430351662687767764057844256e-04,-3.62163477159253585596765751110287e-04,-2.85561911159193198672972391784813e-04
8.02499999999999999999999999999998e+01,1.23978098519162567617725555728648e-04,-2.29269858812396766023350846874919e-04,-3.69257479135820772263913686248491e-04,-2.81953986456576069788681356099967e-04
8.02749999999999999999999999999998e+01,1.18250929710399274107214137050154e-04,-2.28898146344860900908750865259633e-04,-3.76260964858442752358521123004017e-04,-2.78320723037611812690600707972734e-04
8.02999999999999999999999999999998e+01,1.12533465727024108121037062759069e-04,-2.28493509275904788354698628414804e-04,-3.83173309274969406182226695658262e-04,-2.74662794250719923783845373231077e-04
8.03250000000000000000000000000002e+01,1.06826526938769845262376432224681e-04,-2.28056167882233627093149343111312e-04,-3.89993904173322582906854865353792e-04,-2.70980873935784444104988974989593e-04
8.03499999999999999999999999999987e+01,1.01130928159624568945822640159096e-04,-2.27586346337934168717690049582737e-04,-3.96722158192474571685182086020144e-04,-2.67275636319576135839945114156036e-04
8.03750000000000000000000000000002e+01,9.54474785510565890250897219025890e-05,-2.27084272661662877909391416160421e-04,-4.03357496830817674097653641640338e-04,-2.63547755911620693787220695156153e-04
8.03999999999999999999999999999997e+01,8.97769815265637796149084856790214e-05,-2.26550178663505843923336313595918e-04,-4.09899362451936199611597458285059e-04,-2.59797907400526633484324603820417e-04
8.04249999999999999999999999999992e+01,8.41202346575554217758052088834644e-05,-2.25984299891520087696083391600992e-04,-4.16347214287792545080836749567370e-04,-2.56026765550786362154233078534618e-04
8.04499999999999999999999999999999e+01,7.84780295805743955962102188358609e-05,-2.25386875577965910707262075595346e-04,-4.22700528439339355258462583213724e-04,-2.52235005100063801674552384441929e-04
8.04749999999999999999999999999991e+01,7.28511519058673250462947681348353e-05,-2.24758148585239932020941245433704e-04,-4.28958797874570093799396610446998e-04,-2.48423300656981794451549365054660e-04
8.04999999999999999999999999999996e+01,6.72403811273100378288984460966477e-05,-2.24098365351518458762150068338087e-04,-4.35121532424020683258433030051189e-04,-2.44592326599422383421339233614739e-04
8.05249999999999999999999999999996e+01,6.16464905336954613512374522640471e-05,-2.23407775836120832666920424199124e-04,-4.41188258773735198110548489364148e-04,-2.40742756973352916428233952042502e-04
8.05499999999999999999999999999996e+01,5.60702471213908349228257878847834e-05,-2.22686633464602391288538321866832e-04,-4.47158520455708916800943323130110e-04,-2.36875265392190782973238919152263e-04
8.05750000000000000000000000000000e+01,5.05124115083708773861502027971353e-05,-2.21935195073586676948672501930641e-04,-4.53031877835822357240762464548440e-04,-2.32990524936719447812281961979134e-04
8.05999999999999999999999999999986e+01,4.49737378496333086430998629614319e-05,-2.21153720855346519588099385697390e-04,-4.58807908099280234969687160474092e-04,-2.29089208055568301142526365022936e-04
8.06250000000000000000000000000000e+01,3.94549737540028829879363184673194e-05,-2.20342474302143611301128170301519e-04,-4.64486205233569594378247645892239e-04,-2.25171986466268699174293920391650e-04
8.06499999999999999999999999999995e+01,3.39568602023298518324923928836198e-05,-2.19501722150336180541447036908332e-04,-4.70066380008951670891139287746458e-04,-2.21239531056898421773382070800253e-04
8.06749999999999999999999999999990e+01,2.84801314670885333467599572682977e-05,-2.18631734324264362780693141314424e-04,-4.75548059956502345829074343704864e-04,-2.17292511788326625601245195073225e-04
8.07000000000000000000000000000000e+01,2.30255150333814267731228489192737e-05,-2.17732783879922851799436047829506e-04,-4.80930889343716355762496827016406e-04,-2.13331597597071221806113588526985e-04
8.07249999999999999999999999999987e+01,1.75937315213540697399583952031269e-05,-2.16805146948430401803227031002019e-04,-4.86214529147690714518250715598306e-04,-2.09357456298780456854636614486674e-04
8.07500000000000000000000000000004e+01,1.21854946100255978347385372267865e-05,-2.15849102679305735188727685311964e-04,-4.91398657025903098573149977583874e-04,-2.05370754492350323569534350309938e-04
8.07749999999999999999999999999999e+01,6.80151096253972703258363213943570e-06,-2.14864933183559394040215564539542e-04,-4.96482967284601235340195197949142e-04,-2.01372157464689276882639934426022e-04
8.07999999999999999999999999999994e+01,1.44248015284064134781673278594055e-06,-2.13852923476611055321156701100727e-04,-5.01467170844819618798471429683223e-04,-1.97362329096141575252984446961007e-04
8.08249999999999999999999999999999e+01,-3.89090540622196968241514589216044e-06,-2.12813361421041810249262057162332e-04,-5.06350995206040158011805048905256e-04,-1.93341931766580414164205810357492e-04
8.08499999999999999999999999999984e+01,-9.19796053335471632808387407214744e-06,-2.11746537669190887519159560036143e-04,-5.11134184407513641300010059497976e-04,-1.89311626262181862632325835819935e-04
8.08749999999999999999999999999998e+01,-1.44780073478453861727897177187994e-05,-2.10652745605606277876875736748561e-04,-5.15816498987259172146667533044540e-04,-1.85272071682890457251694696176650e-04
8.08999999999999999999999999999998e+01,-1.97303753371473593066295308099768e-05,-2.09532281289358694065274130970994e-04,-5.20397715938759002326206588792213e-04,-1.81223925350587151011782912686837e-04
8.09249999999999999999999999999998e+01,-2.49544014230202622584109751192305e-05,-2.08385443396228275358606960813324e-04,-5.24877628665366453188648925780709e-04,-1.77167842717970155958865381318511e-04
8.09500000000000000000000000000002e+01,-3.01494300262237966270156761737119e-05,-2.07212533160773419796545453026512e-04,-5.29256046932444877531508480872254e-04,-1.73104477278159059782869766003807e-04
8.09749999999999999999999999999987e+01,-3.53148131297619126096018860904973e-05,-2.06013854318291099823304760581625e-04,-5.33532796817255871994478154788131e-04,-1.69034480475032436608983642420459e-04
8.10000000000000000000000000000002e+01,-4.04499103406747311609999913986967e-05,-2.04789713046677988345887658001855e-04,-5.37707720656615203413865131276663e-04,-1.64958501614309011694098610695519e-04
8.10249999999999999999999999999997e+01,-4.55540889503758513220432101282342e-05,-2.03540417908201692256734857952412e-04,-5.41780676992335162051134281706368e-04,-1.60877187775382278397829531547658e-04
8.10499999999999999999999999999992e+01,-5.06267239935329112928799918554318e-05,-2.02266279791191359229678327275002e-04,-5.45751540514472300044965555907310e-04,-1.56791183723918303744745776150212e-04
8.10749999999999999999999999999999e+01,-5.56671983054895030689701118262256e-05,-2.00967611851656891104559814852536e-04,-5.49620202002399754811208413173709e-04,-1.52701131825226296146693172945655e-04
8.10999999999999999999999999999991e+01,-6.06749025782267708711977643203778e-05,-1.99644729454845963437783330008622e-04,-5.53386568263723594413008713577500e-04,-1.48607671958411345439723655184842e-04
8.11249999999999999999999999999996e+01,-6.56492354148632531564042587646864e-05,-1.98297950116748015827555250529976e-04,-5.57050562071062855127875408159690e-04,-1.44511441431318581337120767557322e-04
8.11499999999999999999999999999996e+01,-7.05896033826917566600634652377422e-05,-1.96927593445554341437163170313747e-04,-5.60612122096713170533927422651371e-04,-1.40413074896277831736174089348735e-04
8.11749999999999999999999999999996e+01,-7.54954210647522786685138471916881e-05,-1.95533981083083366748086833695849e-04,-5.64071202845214116409093721591413e-04,-1.36313204266657697069615591050801e-04
8.12000000000000000000000000000000e+01,-8.03661111099402205140681226231061e-05,-1.94117436646180173984757084905986e-04,-5.67427774583840616570408987483838e-04,-1.32212458634237791090994770360962e-04
8.12249999999999999999999999999986e+01,-8.52011042816493611025707856703190e-05,-1.92678285668099278871556609404530e-04,-5.70681823271038971462231937803225e-04,-1.28111464187407732154778702723723e-04
8.12500000000000000000000000000000e+01,-8.99998395049492840899003792660291e-05,-1.91216855539879635420264780777567e-04,-5.73833350482828283819390875789243e-04,-1.24010844130201302224511401348344e-04
8.12749999999999999999999999999995e+01,-9.47617639122971760921637622545065e-05,-1.89733475451720797317296829695732e-04,-5.76882373337188264071803293069378e-04,-1.19911218602174023543560574590894e-04
8.12999999999999999999999999999990e+01,-9.94863328877841360149622660775505e-05,-1.88228476334369122202452437902662e-04,-5.79828924416454602309581579494724e-04,-1.15813204599132235160176280957273e-04
8.13250000000000000000000000000000e+01,-1.04173010109916357191619690921657e-04,-1.86702190800522860721011834702515e-04,-5.82673051687743293581266430767932e-04,-1.11717415894721583339102366219117e-04
8.13499999999999999999999999999987e+01,-1.08821267592931764500503341639909e-04,-1.85154953086264926700802602926080e-04,-5.85414818421425499042549595410216e-04,-1.07624462962882671343316307575445e-04
8.13750000000000000000000000000004e+01,-1.13430585726652907959628807040892e-04,-1.83587098992532098162494697801664e-04,-5.88054303107674716999274899958024e-04,-1.03534952901181445159348643450307e-04
8.13999999999999999999999999999999e+01,-1.18000453314877132444859904716859e-04,-1.81998965826629351120964121895072e-04,-5.90591599371108225187951805103912e-04,-9.94494893550217224958009485439403e-05
8.14249999999999999999999999999994e+01,-1.22530367612305260118630672075041e-04,-1.80390892343797979287829504676019e-04,-5.93026815883544938701480765123280e-04,-9.53686724427471028346220939516171e-05
8.14499999999999999999999999999999e+01,-1.27019834360010237861977720688973e-04,-1.78763218688846102855796800258850e-04,-5.95360076274902006789957550044767e-04,-9.12930986816393264854532651676069e-05
8.14749999999999999999999999999984e+01,-1.31468367819447416446976157492738e-04,-1.77116286337850118553632613691848e-04,-5.97591519042252646339648662509954e-04,-8.72233609148199805116037623615815e-05
8.14999999999999999999999999999998e+01,-1.35875490805008341343099726858167e-04,-1.75450438039935591124758824476526e-04,-5.99721297457067880151532322315259e-04,-8.31600482390622790886205797850727e-05
8.15249999999999999999999999999998e+01,-1.40240734715120146893653409494377e-04,-1.73766017759146033315876211877189e-04,-6.01749579470665014198868361698238e-04,-7.91037459335194753498494656647358e-05
8.15499999999999999999999999999998e+01,-1.44563639561892856101592211027706e-04,-1.72063370616407967372692541073953e-04,-6.03676547617885849836460734750749e-04,-7.50550353893762910950055974923067e-05
8.15750000000000000000000000000002e+01,-1.48843753999317097402252414885752e-04,-1.70342842831600605934288360367970e-04,-6.05502398919027784458652936005015e-04,-7.10144940404295799147503258786648e-05
8.15999999999999999999999999999987e+01,-1.53080635350014957548488326402756e-04,-1.68604781665738434105805195754160e-04,-6.07227344780051107355370006477244e-04,-6.69826952946042683434551582179140e-05
8.16250000000000000000000000000002e+01,-1.57273849630546896066454946064364e-04,-1.66849535363274917386547183091396e-04,-6.08851610891085946493076419707091e-04,-6.29602084664104486200692966452837e-05
8.16499999999999999999999999999997e+01,-1.61422971575277851633276429679426e-04,-1.65077453094535502056610437490058e-04,-6.10375437123262466648395587190951e-04,-5.89475987103473255392482742814982e-05
8.16749999999999999999999999999992e+01,-1.65527584658805874157048037864044e-04,-1.63288884898288015598497263360917e-04,-6.11799077423888059745019943494755e-04,-5.49454269552595487375348501431176e-05
8.16999999999999999999999999999999e+01,-1.69587281116956818281408828717645e-04,-1.61484181624458514765213725633822e-04,-6.13122799709995404388765972994974e-04,-5.09542498396512906085013338963881e-05
8.17249999999999999999999999999991e+01,-1.73601661966348834467964609428299e-04,-1.59663694877000568012895437912022e-04,-6.14346885760285403461187044265175e-04,-4.69746196479632589026864878414665e-05
8.17499999999999999999999999999996e+01,-1.77570337022530592707024812052801e-04,-1.57827776956925897202392026976179e-04,-6.15471631105489136219698054333932e-04,-4.30070842478176619692031339026772e-05
8.17749999999999999999999999999996e+01,-1.81492924916697371247565277945435e-04,-1.55976780805504240751260871595552e-04,-6.16497344917173084662993478405151e-04,-3.90521870282359735620457763869574e-05
8.17999999999999999999999999999996e+01,-1.85369053110989338498488115333071e-04,-1.54111059947640236800381642537066e-04,-6.17424349895012012956602080956394e-04,-3.51104668388341731909056418652851e-05
8.18250000000000000000000000000000e+01,-1.89198357912376550412987278053146e-04,-1.52230968435435060465969721199933e-04,-6.18252982152553993477297614222702e-04,-3.11824579299999671688474370674811e-05
8.18499999999999999999999999999986e+01,-1.92980484485135378204466600659613e-04,-1.50336860791940483895938800146229e-04,-6.18983591101502183529982398714083e-04,-2.72686898940563248225577008445293e-05
8.18750000000000000000000000000000e+01,-1.96715086861921272134730013043375e-04,-1.48429091955112961654320988415887e-04,-6.19616539334538063020414045965669e-04,-2.33696876074154938101908443970045e-05
8.18999999999999999999999999999995e+01,-2.00401827953442956342140099857325e-04,-1.46508017221975276930798303373015e-04,-6.20152202506710945336219642606578e-04,-1.94859711737274881623891735893836e-05
8.19249999999999999999999999999990e+01,-2.04040379556743337218471919125067e-04,-1.44573992192993216225335431331379e-04,-6.20590969215418671402132893978120e-04,-1.56180558680268725490465524659383e-05
8.19500000000000000000000000000000e+01,-2.07630422362092593677913413245321e-04,-1.42627372716674671502774957848892e-04,-6.20933240879004490339021399166876e-04,-1.17664520818814964027421542055101e-05
8.19749999999999999999999999999987e+01,-2.11171645958499101770059230345718e-04,-1.40668514834398499363713966335993e-04,-6.21179431613995219376384900793765e-04,-7.93166526954666192402540269241270e-06
8.20000000000000000000000000000004e+01,-2.14663748837844028451176882289595e-04,-1.38697774725480396552170750997779e-04,-6.21329968111005860651551753877327e-04,-4.11419589512804067811661542856845e-06
8.20249999999999999999999999999999e+01,-2.18106438397645609925263809475644e-04,-1.36715508652482980133528475319815e-04,-6.21385289509335933283334523029005e-04,-3.14539380756484491199207114364160e-07
8.20499999999999999999999999999994e+01,-2.21499430942459308779620283551777e-04,-1.34722072906777188942976672657662e-04,-6.21345847270282855641583321287194e-04,3.46681394422229230859600635839971e-06
8.20749999999999999999999999999999e+01,-2.24842451683920221150356368398232e-04,-1.32717823754362050439194805878521e-04,-6.21212105049197785055655980239103e-04,7.22937889304035056112022587144184e-06
8.20999999999999999999999999999984e+01,-2.28135234739434280343299119194854e-04,-1.30703117381949783914224346211047e-04,-6.20984538566309390323665981771924e-04,1.09726754702798430250806681383508e-05
8.21249999999999999999999999999998e+01,-2.31377523129524976687388300998267e-04,-1.28678309843323137122614986564777e-04,-6.20663635476341096310425690161281e-04,1.46962289196225368843701184679622e-05
8.21499999999999999999999999999998e+01,-2.34569068773842484893424552112110e-04,-1.26643757005971778815469390852429e-04,-6.20249895236947399665815360672787e-04,1.83995697705742357555023588408803e-05
8.21749999999999999999999999999998e+01,-2.37709632485842259813901818089115e-04,-1.24599814498014494412195855649865e-04,-6.19743828975994910268001361167936e-04,2.20822338841619615564152295264978e-05
8.22000000000000000000000000000002e+01,-2.40798983966140329232907442145059e-04,-1.22546837655413856128653103764844e-04,-6.19145959357713824409201522989226e-04,2.57437624976019227319445813645316e-05
8.22249999999999999999999999999987e+01,-2.43836901794552678142354631242401e-04,-1.20485181469489962319394236203834e-04,-6.18456820447745583007827409591349e-04,2.93837022679364609638420822382980e-05
8.22500000000000000000000000000002e+01,-2.46823173420826282866143272487773e-04,-1.18415200534739763599383428467965e-04,-6.17676957577112511262668721602042e-04,3.30016053146383336005955160133938e-05
8.22749999999999999999999999999997e+01,-2.49757595154069515361646397482323e-04,-1.16337248996968415503231447465340e-04,-6.16806927205135275175735120965571e-04,3.65970292611808536020327751484380e-05
8.22999999999999999999999999999992e+01,-2.52639972150889798043019927592898e-04,-1.14251680501739019033785778625984e-04,-6.15847296781324025274405663029686e-04,4.01695372755725727834898784495002e-05
8.23249999999999999999999999999999e+01,-2.55470118402246547518447055331105e-04,-1.12158848143147031461418917091615e-04,-6.14798644606269128675180401028415e-04,4.37186981098553575420957331105004e-05
8.23499999999999999999999999999991e+01,-2.58247856719027601699111578758009e-04,-1.10059104412925550173427242321558e-04,-6.13661559691557417365658367890295e-04,4.72440861385648690314822227683258e-05
8.23749999999999999999999999999996e+01,-2.60973018716357478807313091773704e-04,-1.07952801149887592251897062085719e-04,-6.12436641618739903254004937067571e-04,5.07452813961526218991234437912924e-05
8.23999999999999999999999999999996e+01,-2.63645444796645968870879512060559e-04,-1.05840289489711411791925684274101e-04,-6.11124500397376929162286691146478e-04,5.42218696133689571909410009367211e-05
8.24249999999999999999999999999996e+01,-2.66264984131385708327461586333019e-04,-1.03721919815074815776417834974271e-04,-6.09725756322186739538346583233864e-04,5.76734422526064258395076575589481e-05
8.24500000000000000000000000000000e+01,-2.68831494641707536362403500411104e-04,-1.01598041706144357616773534792556e-04,-6.08241039829323465247597325146700e-04,6.10995965422032392641799744295008e-05
8.24749999999999999999999999999986e+01,-2.71344842977702577555115372308981e-04,-9.94690038914252052681273920571436e-05,-6.06670991351810523398978655176478e-04,6.44999355097066030030391805205651e-05
8.25000000000000000000000000000000e+01,-2.73804904496520139299076585883775e-04,-9.73351541989773981483377038272008e-05,-6.05016261174155435776624160279872e-04,6.78740680140959079469451864891896e-05
8.25249999999999999999999999999995e+01,-2.76211563239250654277959216326195e-04,-9.51968395080041239438169052733903e-05,-6.03277509286172068109301790103586e-04,7.12216087769659116346813935970474e-05
8.25499999999999999999999999999990e+01,-2.78564711906603038013350918420525e-04,-9.30544057008175627838022010149805e-05,-6.01455405236036287132729558766815e-04,7.45421784126701991745990116109425e-05
8.25750000000000000000000000000000e+01,-2.80864251833385969136948529717528e-04,-9.09081976151877622208185379148786e-05,-5.99550627982601023205233311692742e-04,7.78354034574253696621784454567203e-05
8.25999999999999999999999999999987e+01,-2.83110092961802735571025296449886e-04,-8.87585589970799219851215567279389e-05,-5.97563865746996713145215309142611e-04,8.11009163973765494447475062038283e-05
8.26250000000000000000000000000004e+01,-2.85302153813569423215022982967114e-04,-8.66058324537853826033164277547386e-05,-5.95495815863543080990338351121318e-04,8.43383556956249882248427436526204e-05
8.26499999999999999999999999999999e+01,-2.87440361460866355023325078725390e-04,-8.44503594074515267042099072888854e-05,-5.93347184629998193554479546352765e-04,8.75473658182186477731931275918730e-05
8.26749999999999999999999999999994e+01,-2.89524651496132817510088268817513e-04,-8.22924800490157161935496905973428e-05,-5.91118687157170703001128580426047e-04,9.07275972591068459219144345176313e-05
8.26999999999999999999999999999999e+01,-2.91554968000715238722246062090277e-04,-8.01325332925483024758053826948140e-05,-5.88811047217921160183233671897963e-04,9.38787065640601705091123681132583e-05
8.27249999999999999999999999999984e+01,-2.93531263512379106572534918435821e-04,-7.79708567300096605465818924145457e-05,-5.86424997095578250242247044077393e-04,9.70003563535570290287290360525645e-05
8.27499999999999999999999999999998e+01,-2.95453498991695039112004956719321e-04,-7.58077865864261110862887643960747e-05,-5.83961277431795765936473880013834e-04,1.00092215344638349885493659702840e-04
8.27725887222397812376689284858351e+01,-2.97143816809785513526316270203656e-04,-7.38524272138488187151829510561007e-05,-5.81669015570255430989843401872232e-04,1.02859971021956607707509822605621e-04
