217 24
0.0 0.0 0.0
0.0020363336234886807452101852233751896114672030979196 0.0 0.0
0.0067937289793319714300844066047474716036997533482940 0.0 0.0
0.014178760174102381180617530667921143649750268838647 0.0 0.0
0.024069577379573207401284237533683641348091479390714 0.0 0.0
0.036303668949367735120530945301980740297360035459443 0.0 0.0
0.050680121230478012227578274445449392930019353013598 0.0 0.0
0.066962861892931808599622042587621252153052366565570 0.0 0.0
0.084884523675291245777807290015218299579902388151968 0.0 0.0
0.10415083077397532644611703476776977425684055762839 0.0 0.0
0.12444542946904108839060668017105992276027554696210 0.0 0.0
0.14543508206451738759597447737420237108579446283697 0.0 0.0
0.16677513836453108771209597155278811401164172271544 0.0 0.0
0.18811519466454478782821746573137385693748898259390 0.0 0.0
0.20910484726002108703358526293451630526300789846877 0.0 0.0
0.22939944595508684897807490833780645376644288780248 0.0 0.0
0.24866575305377092964638465309035792844338105727890 0.0 0.0
0.26658741483613036682456990051795497587023107886530 0.0 0.0
0.28287015549858416319661366866012683509326409241727 0.0 0.0
0.29724660777969444030366099780359548772592340997143 0.0 0.0
0.30948069934948896802290770557189258667519196604016 0.0 0.0
0.31937151655495979424357441243765508437353317659223 0.0 0.0
0.32675654774973020399410753650082875641958369208258 0.0 0.0
0.33151394310557349467898175788220103841181624233295 0.0 0.0
0.33355027672906217542419194310557622802328344543087 0.0 0.0
0.33487170824941272462923563839208189591974564408651 0.0 8.3138980897129105500222652765105154868478474134002e-110
0.33795890973028322230765011231995987572479538625413 0.0 4.8352931081802678654823597413827300349564539853591e-33
0.34275125460293858520470818066002228267063642758234 0.0 6.2836011988375474828603105515497150187181836828969e-16
0.34916967124477690920385905902466186024382337163691 0.0 0.0000000018502608513736235339318645849606172952000818052121
0.35710870148849732569388431094068996441907107780162 0.0 0.0000024655197455238811699923947839005803204858600480021
0.36643796707442221233751317436804800849659119056585 0.0 0.00013655700617458553343783725381694147648088306075000
0.37700427433413221809772412629316178242953147488321 0.0 0.0016044508094821526561846361554282297232606098206985
0.38863412147857937442617067438393705915063022869953 0.0 0.0080901519478318466711543994805305286165921175048126
0.40113654504379935984017838996610899477770590351836 0.0 0.024720607104802387597417591867068600639928894199860
0.41430625461358002748411637047051553455043011891990 0.0 0.055086959582654855724479129597598348761591653536206
0.42792700330669037033324669383034384279121511858146 0.0 0.099589840626652261605274956457328842397431824322493
0.44177513836453108771209597155278811401164172271544 0.0 0.15585700147433119884292682017717179007896185186215
0.45562327342237180509094524927523238523206832684941 0.0 0.22004682742595190017723940527027707947037370853384
0.46924402211548214794007557263506069347285332651097 0.0 0.28802612125725380000585254898868290988980297344695
0.48241373168526281558401355313946723324557754191251 0.0 0.35608823931194952170304692631390745018534362321542
0.49491615525048280099802126872163916887265321673135 0.0 0.42126182552323972902438962867135903700196943375338
0.50654600239492995732646781681241444559375197054766 0.0 0.48136064497065195114361082062155548155492418764888
0.51711230965463996308667876873752821952669225486502 0.0 0.53490258671295718054306245114313546688638386041865
0.52644157524056484973030763216488626360421236762925 0.0 0.58097794665294532807289885030607290571262547494656
0.53438060548428526622033288408091436777946007379396 0.0 0.61910845004447101340835081008157209772615118917719
0.54079902212612359021948376244555394535264701784853 0.0 0.64911502614822855397341477523221172270628260887217
0.54559136699877895311654183078561635229848805917675 0.0 0.67100092198136801101247630678974813702231957858578
0.54867856847964945079495630471349433210353780134436 0.0 0.68485220311381036895106504926223016411953602830326
0.55000000000000000000000000000000000000000000000000 0.0 0.69071990719819891257286111637905531848807158836834
0.55091575413013797180461469468451296113852620047824 0.0 0.69476436640579644069810447510257787241110832323486
0.55305518963105991408551161158703575981051228022860 0.0 0.70414252875710228989453464216012188861452280811177
0.55637629219490330662576375496973650862648270481549 0.0 0.71850046656219675893619966564044519518962958703780
0.56082426506235125668571400548711889279144492879911 0.0 0.73733790679784361666946142184267618297024841124600
0.56632602555694624147006090358284394818904027304460 0.0 0.75999380029616013646709967562410720605614199325484
0.57279122133886492249297259246579668365545284494961 0.0 0.78566638445892546928640081733897827316678724206854
0.58011368895400050489267842521142003815253647164125 0.0 0.81344101509447664422464341485203215271384469047149
0.58817319138858412130357800580733976292015886493290 0.0 0.84232410011770403875092492808842328023324420333536
0.59683739066055795750784640408044614754852627701342 0.0 0.87128111498457484746011997912158564535516728507925
0.60596402018733425648650848387345433526020606012304 0.0 0.89927647647488687890901116526164889326373114402880
0.61540322053876697704682615311790090523283440072388 0.0 0.92531355950905498996952690385683749289654244324218
0.62500000000000000000000000000000000000000000000000 0.0 0.94847423018444400988519584007410984231324924700729
0.63459677946123302295317384688209909476716559927612 0.0 0.96795857298161071519232085170117470125469139168594
0.64403597981266574351349151612654566473979393987696 0.0 0.98312653550665139040028703355982435808005209644736
0.65316260933944204249215359591955385245147372298658 0.0 0.99354346042085340193840434438292267040835113286697
0.66182680861141587869642199419266023707984113506710 0.0 0.99903032100283261029995658611084866798595539819366
0.66988631104599949510732157478857996184746352835875 0.0 0.99971631529882952510471870505868054296312102031228
0.67720877866113507750702740753420331634454715505039 0.0 0.99608594737690896072294817160945744555995495619929
0.68367397444305375852993909641715605181095972695540 0.0 0.98900535528911822023378193523630086398829807267424
0.68917573493764874331428599451288110720855507120089 0.0 0.97970577047263997389614474281892863068109537518215
0.69362370780509669337423624503026349137351729518451 0.0 0.96970036006490018302318804184148502847851424542498
0.69694481036894008591448838841296424018948771977140 0.0 0.96062034637358182123282791769881409373550801030829
0.69908424586986202819538530531548703886147379952176 0.0 0.95398072008942255765403546135025887275629135289509
0.70000000000000000000000000000000000000000000000000 0.0 0.95093899764735392886713828412118888402554171690304
0.70047792929994650575806261118031723463476100242158 0.0 0.94930251569218952343635338778244963674541496058855
0.70159449419175023835554719750864509754295437162220 0.0 0.94534535590519490177852763986951386365367345986819
0.70332776753570892210309664286224355868794243972109 0.0 0.93881987992148421298131548469922422544665285052262
0.70564915106951855411264294705751299728817332285516 0.0 0.92931638840520574935430122598686424351430943849587
0.70852050316624232943871760558158637833334906716975 0.0 0.91627192561941898643463870038596798667340514293297
0.71189466921406998963412891028304725398436656176602 0.0 0.89896762182054214415655779276158010109175986264759
0.71571624282865520481533562528296826508760952823242 0.0 0.87652631680018819575689466160634904368315565486818
0.71992247267759660733646487076403006923146959487441 0.0 0.84791315869958653856737759225022089658088760698358
0.72444429196988589989523634020049724786810792198284 0.0 0.81194435145722996982877679304175965205800760880525
0.72920745220804515764901420549945858468272352968744 0.0 0.76731418662258635946803007618990329906025134204932
0.73413374221051051605858832305036891229729121015320 0.0 0.71265943811740986539440233508560719424543058353960
0.73914227227191145937023564309877089048014399237661 0.0 0.64669571187072954031570729042924274259474274901040
0.74415080233331240268188296314717286866299677460001 0.0 0.56848569302227560331245569413558828704049239428072
0.74907709233577776109145708069808319627756445506578 0.0 0.47793561123792590227098864078762846205809084585982
0.75384025257393701884523494599704453309218006277038 0.0 0.37665106460970490672797316186377233582722800163290
0.75836207186622631140400641543351171172881838987880 0.0 0.26925131309578654385275257741968038241183778803328
0.76256830171516771392513566091457351587267845652079 0.0 0.16492127036522871527668450968730769285914994365739
0.76638987532975292910634237591449452697592142298719 0.0 0.077843220548613975647166113994994635848931749699619
0.76976404137758058930175368061595540262693891758347 0.0 0.022800695344475602596133522726148605447760546966230
0.77263539347430436462782833914002878367211466189805 0.0 0.0025116781227979485239103600566251133032344967751440
0.77495677700811399663737464333529822227234554503213 0.0 0.000025951700364697497719410465971814897780063883566291
0.77669005035207268038492408868889668341733361313102 0.0 0.00000000014380090473837694177788252617849388378106338132311
0.77780661524387641298240867501722454632552698233163 0.0 3.7624934861033449398400844201668404569912325044669e-34
0.77828454454382291874047128619754178096028798475322 0.0 0.0
0.77902762075072704205522826792990849451022858296929 0.0 0.0
0.78076363652681923249893957080494436316468332010249 0.0 0.0
0.78345849993465173880505964996161356710765581811944 0.0 0.0
0.78706774689077270687544701312285397406070790029687 0.0 0.0
0.79153207545350891126183488539308066687899261497626 0.0 0.0
0.79677817044823949243030583253555677184985854958667 0.0 0.0
0.80271988698716838711537356119646690007606041870912 0.0 0.0
0.80925966038433847314211042317663139562236354312267 0.0 0.0
0.81629010678801429552236348477097272982354843212160 0.0 0.0
0.82369578591889010307346839252935564329117253522982 0.0 0.0
0.83135509638500170541098450063770740897344264223185 0.0 0.0
0.83914227227191145937023564309877089048014399237661 0.0 0.0
0.84692944815882121332948678555983437198684534252136 0.0 0.0
0.85458875862493281566700289366818613766911544952339 0.0 0.0
0.86199443775580862321810780142656905113673955263161 0.0 0.0
0.86902488415948444559836086302091038533792444163055 0.0 0.0
0.87556465755665453162509772500107488088422756604409 0.0 0.0
0.88150637409558342631016545366198500911042943516654 0.0 0.0
0.88675246909031400747863640080446111408129536977695 0.0 0.0
0.89121679765305021186502427307468780689958008445634 0.0 0.0
0.89482604460917117993541163623592821385263216663377 0.0 0.0
0.89752090801700368624153171539259741779560466465073 0.0 0.0
0.89925692379309587668524301826763328645005940178392 0.0 0.0
0.90000000000000000000000000000000000000000000000000 0.0 0.0
0.90042735192739772017548685751943938186464556022318 0.0 0.0
0.90142575516116129323990541874061668791157239744002 0.0 0.0
0.90297560302428820975868975231921037069235859558056 0.0 0.0
0.90505132369576391978666653589398881663600763343959 0.0 0.0
0.90761881192657491268602842167199384248821879408748 0.0 0.0
0.91063590329147029716338720981737178570587799430982 0.0 0.0
0.91405305484520023561658326509866268447118368676592 0.0 0.0
0.91781415598133925660833640271009188936274080363535 0.0 0.0
0.92185744897492704683699498857087486885597892927293 0.0 0.0
0.92611654275408931969370395914094535645476282805742 0.0 0.0
0.93052150291809125595518553812168708910865605367114 0.0 0.0
0.93500000000000000000000000000000000000000000000000 0.0 0.0
0.93947849708190874404481446187831291089134394632886 0.0 0.0
0.94388345724591068030629604085905464354523717194258 0.0 0.0
0.94814255102507295316300501142912513114402107072707 0.0 0.0
0.95218584401866074339166359728990811063725919636465 0.0 0.0
0.95594694515479976438341673490133731552881631323409 0.0 0.0
0.95936409670852970283661279018262821429412200569018 0.0 0.0
0.96238118807342508731397157832800615751178120591252 0.0 0.0
0.96494867630423608021333346410601118336399236656041 0.0 0.0
0.96702439697571179024131024768078962930764140441944 0.0 0.0
0.96857424483883870676009458125938331208842760255999 0.0 0.0
0.96957264807260227982451314248056061813535443977682 0.0 0.0
0.97000000000000000000000000000000000000000000000000 0.0 0.0
0.97014863274515355756771657323730886732146974404845 0.0 0.0
0.97049587679365497675949884604501541963111582485031 0.0 0.0
0.97103491295495101134389616050043029630857437717925 0.0 0.0
0.97175684736496314338141710573686012580293606883058 0.0 0.0
0.97264981823845059618554087775249027292900483452499 0.0 0.0
0.97369916081348981001639792529447285345289676773351 0.0 0.0
0.97488764408330771222385443196437864595755557542627 0.0 0.0
0.97619575281249625686961118621956368427925322422448 0.0 0.0
0.97760200770119318547084506522456762826239658563231 0.0 0.0
0.97908331797424638622261654059922550589225822731575 0.0 0.0
0.98061536048884197086537233969663725409903710595835 0.0 0.0
0.98217297909957260000000000000000000000000000000000 0.0 0.0
0.98373059771030322913462766030336274590096289404165 0.0 0.0
0.98526264022489881377738345940077449410774177268426 0.0 0.0
0.98674395049795201452915493477543237173760341436769 0.0 0.0
0.98815020538664894313038881378043631572074677577552 0.0 0.0
0.98945831411583748777614556803562135404244442457373 0.0 0.0
0.99064679738565538998360207470552714654710323226650 0.0 0.0
0.99169613996069460381445912224750972707099516547501 0.0 0.0
0.99258911083418205661858289426313987419706393116942 0.0 0.0
0.99331104524419418865610383949956970369142562282076 0.0 0.0
0.99385008140549022324050115395498458036888417514969 0.0 0.0
0.99419732545399164243228342676269113267853025595155 0.0 0.0
0.99434595819914520000000000000000000000000000000000 0.0 0.0
0.99437183452727760952757978454122132200299684517459 0.0 0.0
0.99443228823774205615507532952350719620484204409033 0.0 0.0
0.99452613213849569007555546027759874439648875690820 0.0 0.0
0.99465181784566776319622221611952932955201707627302 0.0 0.0
0.99480728027294900093384447523327156541219763745311 0.0 0.0
0.99498996634772323345765119914122626434565579896410 0.0 0.0
0.99519687622507169034434175387544361547647604520346 0.0 0.0
0.99542461238559527754620618796415311167652451671964 0.0 0.0
0.99566943537463535979611104956226174922607002783346 0.0 0.0
0.99592732518654613924986356809983938010655202393764 0.0 0.0
0.99619404726571866591902666492850349928987068667182 0.0 0.0
0.99646522203433895000000000000000000000000000000000 0.0 0.0
0.99673639680295923408097333507149650071012931332818 0.0 0.0
0.99700311888213176075013643190016061989344797606236 0.0 0.0
0.99726100869404254020388895043773825077392997216654 0.0 0.0
0.99750583168308262245379381203584688832347548328036 0.0 0.0
0.99773356784360620965565824612455638452352395479653 0.0 0.0
0.99794047772095466654234880085877373565434420103590 0.0 0.0
0.99812316379572889906615552476672843458780236254689 0.0 0.0
0.99827862622301013680377778388047067044798292372698 0.0 0.0
0.99840431193018220992444453972240125560351124309180 0.0 0.0
0.99849815583093584384492467047649280379515795590966 0.0 0.0
0.99855860954140029047242021545877867799700315482541 0.0 0.0
0.99858448586953270000000000000000000000000000000000 0.0 0.0
0.99859312762227432726562658115837240290323865087262 0.0 0.0
0.99861331696349284990252814674888453612614458710508 0.0 0.0
0.99864465741421185990570113021591826102023340687566 0.0 0.0
0.99868663187051724475950347924103432320333584065622 0.0 0.0
0.99873855066866755117462682773080695129660558263082 0.0 0.0
0.99879956117523784102454539405746021893253800229232 0.0 0.0
0.99886866155109859841033949920246174619647567369852 0.0 0.0
0.99894471714830318984489822697775115662825403204247 0.0 0.0
0.99902647912496094623461316602925985202123864193692 0.0 0.0
0.99911260494535222582482158807562598105323096077122 0.0 0.0
0.99920168042187065862496622599843942765765908751460 0.0 0.0
0.99929224293476635000000000000000000000000000000000 0.0 0.0
0.99938280544766204137503377400156057234234091248540 0.0 0.0
0.99947188092418047417517841192437401894676903922878 0.0 0.0
0.99955800674457175376538683397074014797876135806308 0.0 0.0
0.99963976872122951015510177302224884337174596795754 0.0 0.0
0.99971582431843410158966050079753825380352432630149 0.0 0.0
0.99978492469429485897545460594253978106746199770769 0.0 0.0
0.99984593520086514882537317226919304870339441736918 0.0 0.0
0.99989785399901545524049652075896567679666415934378 0.0 0.0
0.99993982845532084009429886978408173897976659312435 0.0 0.0
0.99997116890603985009747185325111546387385541289492 0.0 0.0
0.99999135824725837273437341884162759709676134912739 0.0 0.0
1.0000000000000000000000000000000000000000000000000 0.0 0.0
26.848873190323543471832903635108092435020793169658 -112.49983310688852103791605593462767231832512472376
-34.659190678986730894439250146072555500717910458329 151.58000033285038890372266829371703606864335421073
10.715167174992720695674648280933058094048583293683 -60.103772580784779824606059869482148823055070876407
-3.3386939776804291231034245622232866982362583568180 33.841840402739481608270979731073939109686107182048
-0.23826160971408514586885975468363272429544279732771 -22.110134722260056930653529909431963812056791387874
2.3630481942431258045567888246046623736120605222769 15.676366386227623526087041283485910654184671126197
-3.7669926067088790836040245083664960430349019467687 -11.696753912544655470741368005709599191601764477425
4.7471754099761090671937964415703275083243104291473 9.0325988954032229259980525783409551005826090164358
-5.4463228418269448591955517871975623252297126860046 -7.1473366310400147430537775282163610591201944464982
5.9417871213159362599516718560157430986140489433638 5.7580199668991812534365539959476991702266599619804
-6.2796464326095606237114290865000191641945954800026 -4.7024838676463041471573665621665354064176433799448
6.4895786886282645442769805640986686445805965578081 3.8815666696081523975202498800287536794503809258305
-6.5919767778082905121360231889154697428673635881142 -3.2313671855301971239950191079337212810279257805379
6.6015753057972353728033915079338673866395070167176 2.7088553564605529697661993448129910473568745543895
-6.5293634518258810352965672415609196644879989211345 -2.2839291375924331879700241762378820955457228450978
6.3835838942474199584142776358819417013496336435302 1.9347946852370666466042207361239276746114803742930
-6.1701946664636791547425531406158573854230371868074 -1.6451516020080384199108356114160592498229455648010
5.8929618240071639413666683086216720395289056580547 1.4023962893533891219878971513672451026989141893370
-5.5532182598392078508835874625202929124781540940772 -1.1964071419303127464350046563831434368603627224497
5.1491861606060576462676840083655800288571195962091 1.0186434191659452212049007195563826042918922515420
-4.6745064460784244674474687567960892896064221872267 -0.86134965209248696435462086733828500476182642816505
4.1149296897694373470694140151043819393578755191738 0.71660017464561258908005807815210039081182673441285
-3.4396318643433431692397116744799755649013632319720 -0.57454142739711337623591543184474236486644180951382
2.5703376960618538197181851111438117410886873141756 0.41804525005801748233554256812197033047375520614877
-1.0364550341065727270237772018772682155421354684393 -0.16666643707824436997605676820957867625305303059422
-5.6509823390602495351802367916030486130213788911361 -24.714250046092723127189357624732727183969249378403
17.533137161143773431518767474375405524380876251549 0.0
-14.385680134343918391238504607335303734532281080057 34.531927694947299417502952445372685964382105293690
3.2794939746805101580721536842114910191211699966520 -15.897903186432484260354139814682249754963787247939
-0.57385575602242867841784467279603113808447768127483 9.7162207021281037258475466135124633840478910591091
-0.65123464934243712366425521118324750978474247489796 -6.6801159841747312194544552910728500185820634967154
1.3609527373206510203137469142569887208116600994910 4.9010122615683413347762052530953587923880443180356
-1.8228079182333003756824655387548584635515167325577 -3.7459801977933221545646922703485299698321855725655
2.1394641450947367291276696558401872245629275898915 2.9440834252875007202038472370858779339438013971133
-2.3589624624886565225442565244543814439376976010750 -2.3605697535499654437410193032581736588910395450012
2.5071176633229036324480814702212452163545982312989 1.9211323536702550631063734390986024987521236655028
-2.5993406366279005765119639066318802022252663315811 -1.5815412467903527191261107349309065601687913861964
2.6456304381405742925169567810371016815638016590649 1.3138486209017937354556880096247142786293833124742
-2.6529052864141094470071695980361843264266228552787 -1.0995124178408213104470803920551399892852943133189
2.6261628794477514526620308372795549614108866273122 0.92571076803819339215814425763089539817397009722280
-2.5690705900351556853358952693129496997406579841855 -0.78324642821238858348001940840989648763794074981181
2.4842475975760771450005483848607329610815058831388 0.66529283562263314774483060701047365076555301063563
-2.3733539062527889465640295210397603942891301062372 -0.56660577599042337216111239316437477222813837337555
2.2370221954040628939921868398173662414235205249696 0.48299777192398378695594899154430014494252655086594
-2.0746017353247860201192542659404529915502413225832 -0.41095395866721678571465643883919608721929321114881
1.8835760147953765528991874262596597348345083951838 0.34729885852625601606133430442288634056647061375682
-1.6582356056056731185688109087155464052287254104378 -0.28880354337483235438272376384577245035289334483596
1.3861825502479835481645482035521539379429147751495 0.23147243220310700365929699293427592335874622732625
-1.0358896103456827576807303532952827080038860358020 -0.16838603614804207881188847828255539309268613733948
0.41771480408829119100193133441298275154122862340416 0.067125908751326181570691008817716075098661512802719
0.0 0.0
0.98175978452896129200479082581547370681008925591065 5.5069105180180302382767047179710474437141106361653
-8.0840902631035345750175378344178833808896411215865 -19.405354341117514502022615040943961551252590956566
17.674489534771497794100868196356326141673665340793 0.0
-12.507518745862232067901878076032206719509765060546 19.426370890252992809987922610562470608448207497680
2.4624781895868954931710529448394177652882767653126 -9.2076198351309513633849270795745815380475061045425
-0.25801582244665134884845386525161718887189371995996 5.7622839457669334184886153830271812253440141468983
-0.66550349101998574603567880311149642677109241964321 -4.0340780830800375657071286378936336152230657291805
1.1706938413058102488510420850029703367530460849515 3.0006212474898198601846650989692107312770060081326
-1.4844624978238038103968841279337863192157073467907 -2.3176082104369491701473561992065255035961787072804
1.6900629807061519611228751970301365988668401328216 1.8362229716205497416950663444127741761572922836242
-1.8250401558986064966070020292681041652858762400256 -1.4815491751967599788069696070311493853919058662089
1.9089835854089992607009315532016780177474915680855 1.2117236210229636005050977196823046150404277103273
-1.9533150522402775845679106949000971389944441198671 -1.0014818184693310867719498621822214520049365994638
1.9652930428828082841494599151508947404233556581137 0.83463361052154954993955534579819304741084751416399
-1.9498276871094331735252023258580050198190668091128 -0.70028218032650875289933389847956194133488907161279
1.9103559000054667424216364879332225692417683568768 0.59077874506102875802494783606500862243452583935839
-1.8492657842001850109237532634360525614587130873306 -0.50054654582763573715305535685728068223008667284735
1.7680746422734100957729677183434128933972494711856 0.42536594782843695730049542361097067680366381204393
-1.6674392965919211087106712991043805598646553714944 -0.36191233437038039154270717499403804800033116631710
1.5470000058710111692052734584886423144058057268073 0.30742933804697356835013593989257395700780310373395
-1.4049667309035544629348719740166338761953491881235 -0.25945633077890948152486932877908421051765820484585
1.2371417175004210304026907161620072730211492768589 0.21552069110427354513440652636193096758285319042747
-1.0343194089921965607346234551531020899284827113845 -0.17259659358139964515527378748268592112190927287170
0.77300874767050714824786726357916119508190917998594 0.12549060435514525239487933426779448942039029068374
-0.31172089075348728422650385755449965469801292926791 -0.050014706383495534942924801964323165774130888246428
0.0 0.0
0.0 0.0
-0.21581060222017586411672282596821374348479469182237 -2.1875104476117250962334158937289028601741726793438
1.3001619965680567388074902791602993461497596075561 6.3027557628403315897301952501454469013515757642540
-8.8239093579077163471861524822546028137979022860957 -13.705079270450653954768082594372988335232440666355
17.902511468208621500175891797905140273509360417761 0.0
-11.912229326288843231359480812530731308239532175953 13.322822046799837880661334718536498592977538212130
2.2018344527110954260787675384718232805436406816920 -6.3642213924451726200818700823694081320416340112918
-0.17805861524810851848757362886902744445861356694019 4.0143089147492180094519855627629017841103982570593
-0.62715161950157686299721635984736367549419996977089 -2.8292267555303805438350318620553649998522698635849
1.0466825750130028131677932096446156905050387357310 2.1157699370284298388367288002743861456068264501172
-1.2951788857290575649613570625296390524853289868770 -1.6410518249979757200788202216038218131892028043041
1.4497965966543608476154169347848522561289038737056 1.3044160568931177824292528419726922591514317066717
-1.5446344239768151400350957196093220138811375734266 -1.0550844903713206257574843740777514466321858776528
1.5971317915690661900651419196271530025861148083616 0.86457306865089713501451041518361492032795485517148
-1.6172485600373513661502113924093633594873810699123 -0.71559998519007937935974113161326406425597229933210
1.6111659975814129019680651548598065835429415454998 0.59701652081727948672231972641790019921052932713990
-1.5829369258947211707505115043947474236297838988247 -0.50125775053759101465961088991239360184240513582772
1.5352634170028861913410356875918764503380540226938 0.42295960351957443851138505927801192839530519409501
-1.4698549949467855002157433460583117751751396280247 -0.35815818347521788017194258827454754432832582761052
1.3875474290675546979816891839153572955365671494763 0.30379475251755959692863994547943984728623806223303
-1.2882334662099201494594555171462523183548348268505 -0.25738173659914542534531577613425971319027171529991
1.1705530392538024214314460814418909857688398658601 0.21673963792165958607599369289202035036662320647689
-1.0310995570907447939369688919177255071380685109263 -0.17971885791064860813235821877129508730500455292898
0.86226552406817737940276408786745080713133650779722 0.14373527030610289224634594187601900453777364233440
-0.64451627133599695927558902528748991762922634670479 -0.10441732495729476791940475510523775658024022902496
0.25992099792482758361455201251851744371785867657400 0.041600698024284094910874348417633902020581496504893
0.0 0.0
0.0 0.0
0.0 0.0
-0.012085828461839092393861874222459107359687955193644 1.1215373548514658378396091690079249501611996191525
-0.17853343617915918493012721475236739405049720809326 -3.0228332650168884891739880058586095342617233799950
1.3632906613616159834104820253962619763254004106666 5.0975729197048598242885958837737653390512184182567
-9.3480114779830451874690697599084146113537657393818 -10.454961032168984537773477489890654178375176071736
18.225456029695178100783775874002851942587989520656 0.0
-11.731210693758361512932220060469964153011638244375 10.001125375053544053228766752708453470048677297639
2.1131269545844974213243248609450332929790291015799 -4.7814431666909413807835965142601563086468561176162
-0.17089718462916009466534899745871331683052317059122 3.0207564168303367222932941424005582762738996140263
-0.57410871700301366254148265596051985228541830081266 -2.1322023648043431565818226886674775065933051403406
0.94712177179362122010900395970769959954708084136299 1.5963732942197059802775390013815103790611641068015
-1.1585840327939075892950163297030798779320616628673 -1.2391492320407282261920439337937145910254226232265
1.2833122588436449915904276420765378003572629203098 0.98536950844619902329155952791989000128361953106948
-1.3539780524025828092971169436609330021741586029023 -0.79712274604503398601143956117020313937561305552777
1.3870626974468774380686741349047671165358034139856 0.65311878502458466719049984603166633484829383336356
-1.3918182405014009319755550843497263442520333428234 -0.54040895118178277443479404570444578132888685198056
1.3738511815591434262093221804794875446605767917572 0.45060680246503657753099340237591524185095772408450
-1.3367027169691157585127264571175057115354673646617 -0.37798765393653662254783669932742331673992382117177
1.2825765513216625757312661950531614006686580494343 0.31845479299999363115302617389176152238965739740165
-1.2126480746551785139590131607801847515806339997287 -0.26893491139758877036318231385016996286619640273420
1.1271115766363183136914969338480872558430183998717 0.22699284087515746980190170886172798912887295275258
-1.0249685395024807897666425089257685513595845098489 -0.19054851768587742843854603781567400970427434027471
0.90336671170847573440602769428495555175929118189750 0.15760229885769341105054385054231224634190882722584
-0.75573292821633283921315430592308488277775820469689 -0.12580932443626722689444469216249926353869987691312
0.56501409495506545096682093280645526809719189342954 0.091283728065671875225649954383643688689263471402504
-0.22788044969749268214802657933317124511446049447227 -0.036349192795325817893090010204897121131771236045531
0.0 0.0
0.0 0.0
0.0 0.0
0.0 0.0
0.10028094740231365502919379753872106161973206243426 -0.66525975935087013673665313063142263055075305057161
-0.16950316658371818964910295558161867846236100884331 1.7386986604712014940937656569525513919111985285678
-0.11950495186905019525264437899289969026956650161579 -2.6689117708549089728180131652207476296300338614843
1.4455540980477516636590672901377542232504687021154 4.1782552286819924364391621661165864856783546085158
-9.8144582004174046318692194430594019821241903296008 -8.3670500439328865268064875569918823641987101078013
18.655490070996298348126317384667299723673844064451 0.0
-11.767805032959123859651464526057712363578486356879 7.8947122665281312958126628272548318408576161836625
2.1070624912454454542850961182603973347805938461279 -3.7658027857224726083796246590074038484000728759947
-0.19826887678990161764887062123304986701911379024644 2.3754544316431065488495779098794427472115178135641
-0.51392612259612494726279207211918707138187858593647 -1.6745019658796496311655483351978405628918602960884
0.85892219834982010238912787023746576472496763693938 1.2520427402146856395649062100260077759412808197372
-1.0468583424789226441868846670430914407666279885673 -0.97052090304413713161390737332323942248506101209597
1.1519250811437730829676207299950771630626676076888 0.77062050474161252005051835456010307575161790249889
-1.2062552820933893585812830275923783803691105311097 -0.62243391690989275134382116705953570862573743945483
1.2258842018239476232441591148723953596778592692848 0.50915723686712301869787412481051912931439996912318
-1.2196721513637594094380032698515881883630748185420 -0.42055308482378643496600520482547523557497276837848
1.1928522893263873447223845097656220730837731444744 0.34996851613858273936160881528572294471463428468074
-1.1485779889946996542034199847933945374864818871709 -0.29283387019547767590758558072302392875448640654315
1.0886116377729329945323364191047450532675738359642 0.24584134466205809080147155984318705442696864167828
-1.0135703349749439579187855020921856941875925756582 -0.20645458537622408278923661781978115120459925910583
0.92284201955971196584681188775835203090483156673326 0.17257541349845124717521860714822764161264438186509
-0.81404902777796183734314980869448019846516565318062 -0.14225160382290699637018185718181857676308860072638
0.68139923397894991229018945546740772129422859986961 0.11326688673893131841774041981428357919220637772157
-0.50961217422170207615812066268823271502536367692681 -0.082048408549411440049847164649656573224533891995087
0.20556443043101873406604370300489209614333110421088 0.032648673429976350829623311641177306837704265346062
0.0 0.0
0.0 0.0
0.0 0.0
0.0 0.0
0.0 0.0
-0.13977284317764150293951028522576172669816809462559 0.43400365251418088200622343811970139858007106402146
0.30971735547674412884732374221101336454175610470714 -1.1153425943361087565690033710091035240377835534251
-0.26950826142818590903123435224265464784629755199366 1.6336764349201582128473301471510575872294736508577
-0.10221034642723259464406219363002628630088591239689 -2.3043193067110200762610257196104617270601219532371
1.5457215690292790432998540924283141431486083692241 3.4975559882037897069305079383698819014070368571982
-10.289106129653710913297821851876945445531149405368 -6.9026918907884911280505382139018717422435650891335
19.209649227127024513614060343213298521327098324740 0.0
-11.960569190688079602302927115154577992760124098804 6.4258636285641965666780778396123935328425382449538
2.1547062561980093367669858119656308329508361272645 -3.0528259747935335083405981534166999428593110577968
-0.24820878310665002274702684717658281995130830221884 1.9191223014055549306932394008191815674754519084729
-0.44780501099407001458400216222946527850467661092470 -1.3485686869818801352805469504782136006364311174314
0.77574215717015808735227933987484691155308501145484 1.0052917235343885400915084298104735375660938683748
-0.94808887550724995938938060363609761334692598970380 -0.77694282465239996011623564774984603076954312249806
1.0394910519484776712774408480593774788744644607999 0.61510573814028709470382223924845729332729108065959
-1.0820704193997786918457337741403813826393779269271 -0.49537252439382889021803184826313665672160160711992
1.0917026091846150450017458576220970330303449036909 0.40402094428974214164750894052367856754771679316948
-1.0770190362798838570280075865038528798969881482314 -0.33267525404838176628629256075354609685521184528028
1.0429666198668058729581133793141125625690372732736 0.27586962507622097562429609870830543747602656097064
-0.99233688874353257965890977608740920541273940649257 -0.22981735881149206551963996101263502676165604125523
0.92640385831880295200923946299295202268156213667952 0.19172824586313728324605789936682834783214065751889
-0.84505136992602819935186829315784989236422873695716 -0.15938176780049564822482023200673884644801235650514
0.74638860133545896559699964776917068929082091441361 0.13079258334618729309596099141170284852473340809401
-0.62529700709453636298619114049598751238689323486905 -0.10379637471448555972069016971869404709672955776952
0.46789056818083757312687964218137979805157794598448 0.075026320054127403120859266643391041501476507131230
-0.18877409253727142297961049976472780975653624543882 -0.029826838158861575142351523827459049762269906258495
0.0 0.0
0.0 0.0
0.0 0.0
0.0 0.0
0.0 0.0
0.0 0.0
0.15921446096688169740018723386908598301644843310242 -0.30294232676540442964542394903609300686219452084000
-0.37495798384623251815132864263958423436197606809892 0.77056126893164129219035855178697428537445211567158
0.42853300671606855821008487335985827342634607626032 -1.0983787561132625013684691823268633840609323378454
-0.32540454661067165821656873012304210443568000549471 1.4679755596801584405434421839194087918791431261664
-0.11299514541266323108596200787203677604118433618164 -1.9972874995960486353446711253925692834866829267022
1.6652475310227482703509253947761633809044530239042 2.9761783607738502580479813066392977744834747823002
-10.811128955224567316371105471121791019120748714069 -5.8083222653969866340731160436168373323780720766737
19.911284478013473789213359329760368720461325130105 0.0
-12.292598062431995262133081013989519726826053056671 5.3320683001121451892780294738686770995952231830479
2.2462901331215207192633271716799484159963356379573 -2.5198491488423022911877888049840955192119078048425
-0.31707082172748751415835841941823594757712035026409 1.5764619247987843577972451885977115908443715889246
-0.37504185214147263369215608328528219183589506472658 -1.1027364322034305358003689322429228003580851407897
0.69363969302123928671855871231334675805851846673133 0.81841356841457118752482951593008596099187168969963
-0.85583694956837741632709522043044043133886861878620 -0.62978712555703888848162788181668510552889765295910
0.93760648304089057188041413995887251449056001361416 0.49648510783465462143834900738060985000452850880725
-0.97145660425480751105574542336607596550750748263025 -0.39815120987760281688070000852016245784666363693301
0.97330149156805663189856999933733771165141696096692 0.32332898568255890293357522208997624049665586072053
-0.95163888897757130721941151444393421838025966757760 -0.26500627242063121318541538805475681816638592855377
0.91115435186119385745765677308456500493473600393309 0.21857794216325493776931594872396028073081598452398
-0.85422865743901547757621945523165627142409876972022 -0.18080820376701686984513024702513789807531673862095
0.78147683026095594781115331039836699427008055607466 0.14923683094237044083477698988000333401220920655530
-0.69160009078352985142173489553634458366572594036413 -0.12176555567429248049165646506866568274437697264981
0.58014796358752464143879591654569338392305901996859 0.096217021335760872687580596893049545011826490284807
-0.43443856950025835303572859298606101511135789955822 -0.069353814265131056566831120816863165776658183410201
0.17533221018023342736188886687537677165612795552430 0.027538633136244421089193047270615212398826163824732
0.0 0.0
0.0 0.0
0.0 0.0
0.0 0.0
0.0 0.0
0.0 0.0
0.0 0.0
-0.16957923177861845726921791976509465502303295538848 0.22254278535357100754370671499084475090131395040967
0.40857215193964160712818518980566886210490998284391 -0.56222980100761699446885206258656742296446627983261
-0.50446637681171964309609740305985969109274068833868 0.78759511843659420798076113257653391450285148705386
0.50418290161845779239598212240834847663913210039506 -1.0191581014853940390762651336904061804804534721036
-0.35240419437320854122218961315099838404598854859715 1.3088062144953990512063247416594683151699921696259
-0.14547152082826845387826115818296560365017583349581 -1.7428906363127848847534879423972038411476063429883
1.8081286309302925963685998764798385183328110042779 2.5617886588456675480928945374374308151707432016998
-11.412104296632792666229797391923522669389996975892 -4.9501431063313070313635887459294504858178360446106
20.792214994436481244847003809489221298569529867086 0.0
-12.768277488366733284951143043340203089008064306784 4.4767886538321374842831955519402643514899516050470
2.3804533177364754620569771205361371836384602840907 -2.1021988897017262022016404581788531186852185911496
-0.40483326133847321277980756133506455571576915122046 1.3072269200752977734557980445222184348779610069363
-0.29403947262144031237084994601911680429548488046171 -0.90905194911570341432842398080305498005277197165973
0.60960119752988372906706110905481275880317284112163 0.67079534359583684650852403916863140522944716453001
-0.76589747966859509839281745939654527683065272042103 -0.51326874383632817139601739281927086943623305024618
0.84106723727793653192651761413829223443441185894715 0.40235338543803997377395347523903589698506577739661
-0.86836681359318040332716086570496292161673218064416 -0.32083571698339655540769063366297310108388210151123
0.86391196988257490560501681163753835553451936603300 0.25901040144121707968996969129321758084433654822167
-0.83612284984745961881178143807192244938845981870356 -0.21090993831528869707298385565290322014398003019868
0.78939254689828936821494502087587009797574433292769 0.17257241237493264588251622604782576024243354927337
-0.72553777616128958486524027312808704844333802981723 -0.14114164473071478741339765877973574090069722322213
0.64409666535275324121477594953215061109023218621313 0.11431156377932939003500143911618035300901057115508
-0.54138996608612481348062387276415253492270352707198 -0.089825659609388265136637341174855998352060910625450
0.40589306436438575313465286612062942963213815170137 0.064513079481864333673608139741331085185889432447544
-0.16389009097798344232808756486400294452184141208489 -0.025576615965765169685952807861171998620857135715680
0.0 0.0
0.0 0.0
0.0 0.0
0.0 0.0
0.0 0.0
0.0 0.0
0.0 0.0
0.0 0.0
0.17567533410526105985648955976509415145527087660609 -0.17024206031227692238170211996160986618989434015384
-0.42776889072701163300014052005386930627473162389673 0.42806035323449308244902433142204955653987668382097
0.54536881658541785731539721843290474483679582675662 -0.59253339103448080697381569311628664884562256569092
-0.59241670053904797603561820881242624819029648089202 0.75061948452907270334369293177073211712523766434471
0.55204841304025825077548135940811445362457861065442 -0.93047733664163802329013270133029918918354215920399
-0.35805401178422188775965208943691518980895833982078 1.1666310005707725881318256777431256383696539190635
-0.19778020095891061302602875547414996210956945228372 -1.5292141949450150969889595931613029140077860102918
1.9802148727866797412145434339556275062857185567518 2.2213705558962361823889097348974272214770180163908
-12.124301579926000586950117078472434866235010892706 -4.2509990715744378071192860736423212456951338294259
21.895951777837553481564815021422072351091224456940 0.0
-13.406864729728883970823191747069711167593711300759 3.7818326317253094860741434608916024790558137758509
2.5610098270122364232472758227767912611739003512209 -1.7624816547128548888200251206936345279755890625137
-0.51374003754843682647747035282363432062171216832615 1.0879107401658664412091988547422465544360402046276
-0.20245002726273072090053791093065163308200447379609 -0.75103565705157179060446798978947539887111933938866
0.52082979993777704149097649624495113977138266559604 0.55018602010047238427501158990790296318038974028365
-0.67495904970867216181226648408700801621205766195448 -0.41794235165222579468102163027338502524375741240238
0.74605546659979452325658321379100027593825381429077 0.32524679969644774028731620649121849099335647014458
-0.76849979756916856663196001535491747139718157163455 -0.25742225881606148923728640171528148681201531383637
0.75876145915087152693334468358666392613810435943053 0.20616749124630822173055726087751211590203200980705
-0.72520310090100053609048625911631557417586247266101 -0.16633721438719292889897310423446380213128412752326
0.67180924958233378068843475550356994559410233213970 0.13444578280402333337971493178026060902325896407170
-0.59946011023285307698299909809959065261258885502540 -0.10785054919979940825592078314367770572927330677185
0.50551366585732534640081665844202591997037172162992 0.084137456151238463247495120574169361325095262566881
-0.37970917872665768328163797014643455811719292501611 -0.060143053043368143868931655968455032924055662277037
0.15343400205314231718840442113014924954450990285050 0.023795506276821546758981675163071791251720568218575
0.0 0.0
0.0 0.0
0.0 0.0
0.0 0.0
0.0 0.0
0.0 0.0
0.0 0.0
0.0 0.0
0.0 0.0
-0.17983803882826698271727852114549228518079952247183 0.13467087445998823996792380813138067137900233164850
0.44036779415273662577385825977497112543073139633105 -0.33744120957607577056597064867381870134198551039333
-0.57044332583189363918252542789821127269234151487320 0.46308013341581068400261809159756172963337052093806
0.64232862843180643884395748650643949094683543721623 -0.57791815670011031344527669719844671489553735162382
-0.65411114734190949206202652034927007822753792227140 0.69959649274934233706750256702277212492437361787343
0.57963465579948291639817403183321301228920450621490 -0.84492793895054036071092925330388877306349003388292
-0.34562669882535785581981157239529736221242789001963 1.0408578108273264689756798109826468591237107443317
-0.27074186266818723406240547089570105989295910469767 -1.3461164153172445368462124708529757681358665551335
2.1894586767179298840665660087321164701252958150394 1.9335298722097332290254297282045161776431867084510
-12.986134399827841129242515162729564845270012426642 -3.6631522599268170678010211464404890135751695712707
23.282600497692774603067402074268234073413606195825 0.0
-14.242264733156970333432755738795094023852302648231 3.1989889332730648156398049918104312186044764657746
2.7963178099387732391159323980027434435143077134880 -1.4774785065264843103133206604796020629382491995200
-0.64810374003122519630604034137570462884045623364862 0.90380618617235500353674910300669492634782452489290
-0.096989569982335906617881232478162527521773865139460 -0.61830442582230032355517821189040461047854611470788
0.42425845703377353236934287455759437704155249603716 0.44882103159344665127027196439694751143354780663591
-0.57988124263791071324990378361228194444941842011813 -0.33779421081452673300130077126122151284877772410011
0.64923204891329846953619847999979097838515824063493 0.26039785448556320862039138531710419469607195410343
-0.66824621924317096236176429752525591455470271843961 -0.20406687722921737451143329698562511700609994583327
0.65389893108331119574137373322434234597720557657060 0.16165476044012707004807761895698033491260637512590
-0.61445889107197721314593182831287339148069150858735 -0.12866468134066512679318576513979632208261717233003
0.55320321810661195986880032123833669253293774123842 0.10192474109198888424923120760518986191000337770910
-0.46909397352576878077920989852240564307842150212708 -0.078758530383454990971402672551199846931025275243751
0.35346296517391604051511142622573315871864108460445 0.055946124624493275798494380941644237826483566728740
-0.14300811460823012368212467795660533102011612553814 -0.022074904694288483800595591887758965188576764619063
0.0 0.0
0.0 0.0
0.0 0.0
0.0 0.0
0.0 0.0
0.0 0.0
0.0 0.0
0.0 0.0
0.0 0.0
0.0 0.0
0.18331004022390366947269850878711800923710221065353 -0.10964196236412906307691979349644344502813240873481
-0.45032640599724572918362710092919957708886004957461 0.27399632644047970450046346474077710333282730233068
0.58852600401097985954080712117650907677489214167496 -0.37356573733638029412916610174271929283094999776802
-0.67499304257248388568997123346710490420454859467639 0.46106358842709955184126025179663612407822829209503
0.71462752302749115277054578490481459455061760542872 -0.54871459867626652677560164173102008708966293048207
-0.69680589968499710386542343611456694214086351105808 0.64599446130160793327560949648256388336569587043301
0.59055331519372773803395482925591650337423311337549 -0.76530372183940358286065140027088073554479071620168
-0.31586554361524321892521789976217058674482693363140 0.92874019428338110789640283378734254477818927414233
-0.36726255823784357664784795403780193773477255568433 -1.1859092340311248055885029625200427462774510463798
2.4467370298351418761509143842435607431670261268855 1.6838393525502284156521793000411873839657703268583
-14.047609893251430688715198654020949069857060440518 -3.1552670470188249129533407304228127602393203402344
25.036484033470787572259037463758019907096336968405 0.0
-15.326561042182096934156079668861621288380296132094 2.6966597573748762098522296725971340096126546639059
3.1000179794771284035602950692382300167843870668325 -1.2318914009776703839579752980446089946438411624384
-0.81473569855795173904161305475541925252955952256504 0.74516996955510281228329790309092740702909238191177
0.026983496684988480625911186532837957187075142978954 -0.50394765059321452412746370971875442714979870981025
0.31607779668554882538212320893057514600318982077903 0.36151639134244534795881688677173758290077589648077
-0.47716421460109551984966611750886423423236845372597 -0.26880437626543155234284759008522851108089749176532
0.54715421759103061569553905470512453868013018555648 0.20462194850267326380070851743898247414229294966953
-0.56406247006373854291988334043746662326102979543947 -0.15820589232341016493728084578107461899546734013421
0.54552279036012747898852603830866084033727491753746 0.12336977241541298519328999353015733508762626717561
-0.49954848310142279066422818342572904330219706800830 -0.096100124891390969308281937228540137075244064785774
0.42790605995466547951155582793284125565035739565392 0.073304446529656709151296354766195999778668374585375
-0.32424451163391181614224484816806667695823585240209 -0.051628070523865206423366747735192254485814692821030
0.13147806788718936740331341339589008376953835570981 0.020295248481224346591719688096429410096880849565216
0.0 0.0
0.0 0.0
0.0 0.0
0.0 0.0
0.0 0.0
0.0 0.0
0.0 0.0
0.0 0.0
0.0 0.0
0.0 0.0
0.0 0.0
-0.18682194821494229228586397615248891043907299310494 0.091579556989777821024546162785373961418402050984180
0.45987084165477684706993852955467557280329746704988 -0.22837682179289011147330757987649566865862947153155
-0.60419654507143979946392332168324378498289919207947 0.30977688621046895480192182499919871785517956323801
0.70025596924937561702900602323409408652785775380716 -0.37906856238849097950771387633565428006936803183919
-0.75648705058188571723157117976766694366979199538634 0.44536396586142401627005988150267746838706437833836
0.76929093182529561222765865975819638381719264016837 -0.51464403013754917313331708698902139590702189626876
-0.72415785704298630986663692345964782741791161613498 0.59343513617769924924755330208952147720767237073348
0.58613672552898519191918276865041527914159716374777 -0.69157266221257085215963821497744935280038214118230
-0.26763849619220754512687810244480164116995438786740 0.82743073388365770700117242994120765206714438860832
-0.49244977230680706051681042138799232225952961136621 -1.0428258596339197959465469061693401646666876142701
2.7672754539252997280081898524117073527958806776782 1.4621335208326955103887826020863033750170417501013
-15.377551750082606968089791258928073367764786174823 -2.7056314105472297096245090225830208945780882286222
27.278322717265410361497676201520653656430120499754 0.0
-16.737496692443996384573517713841843559729931658714 2.2529564465470507999877842303598343411501946424784
3.4930187164942594559264475989412070261062021116035 -1.0150835801567946898024882297127420878483490666951
-1.0239722320198871811426129034280235255017164713459 0.60520607380962614520433399850643057531819076217461
0.17619111327224348478206071259228757165083923147233 -0.40313851537822671170432358123973124029112784652102
0.19113936712820452359621631568230366276506417164380 0.28465658892353822815325672916772813290866333467810
-0.36241911416725202942419001639686686165584566356926 -0.20818375022948173676536323802459701666585601643079
0.43579648910209714728479525696187262469186021602707 0.15572973644823473996068855830646410816785336623330
-0.45204127057002185863329099960452887899172323797881 -0.11809506818285732341927582164593770006173975683387
0.42958593162538165778064933699326832620944891251648 0.089877883827207522741379363179465281056415535189553
-0.37568671388777800603641972272843492877568253500545 -0.067326037328754407918176015179758978080069744238635
0.28784741274344777692739425329280038355648222589781 0.046843333341724371208368117159318427751085078661609
-0.11722163867810812115263890284953509549014986357510 -0.018315922577114161464703564515962636002129752713299
0.0 0.0
0.0 0.0
0.0 0.0
0.0 0.0
0.0 0.0
0.0 0.0
0.0 0.0
0.0 0.0
0.0 0.0
0.0 0.0
0.0 0.0
0.0 0.0
0.19086293889061053259816789041781223803132587801091 -0.078317684857674421995906989607967313142168725020052
-0.47042483095647323897448938978289959376523449692855 0.19497037679639666589076720464446854000600524974276
0.62014758195917889636294253313002585680630886604947 -0.26336836496788160551457728791461304874290925130690
-0.72336024245719674024685814219391558234809028832363 0.32007236956668372370183184706563107478616188273196
0.79058353088281562389528741009538022016826408580311 -0.37225783383912682900413129151338354417089234813787
-0.82180239756111618509846988628094942559398249068152 0.42405425520889390484926549208042562276023117755249
0.80996592504646258825810244780996757306803175615667 -0.47928713504585204490829836709298703305163958213634
-0.73776462279666764290060843935966685607957934943822 0.54290091280017140473756411177423461140289168625167
0.56604447332989736483230485987345052095888539192520 -0.62286622551990548450569049574552116018873488223016
-0.19796944454333899807918820640091286555863216616671 0.73441388904229791793876213056965611744950797941959
-0.65429286874170726343083691555574235363990592676663 -0.91243716987147872476372973639844317324643017034351
3.1729884246470312126452770013248239836102336502713 1.2608885437443964126970416616783788527578563520204
-17.074669309017041697706117948434807016638096722254 -2.2983416815117459934561513550102855123880063370149
30.185346004459354612474944478604995815447709065445 0.0
-18.591853591515178872133773656569370029630012984723 1.8518346828183353056978600987471577670809845689468
4.0072225645430896435657043765148067738325170889706 -0.81924417327821844918896583050675434630842136638947
-1.2915577833494541050356042908385619419092304968992 0.47892557731676217915919017960633089518665565898087
0.36064963222304158293603188222818484258105342655686 -0.31234930973986530810242484107274955062594558070328
0.042080304411662710481401398161398869835892966803797 0.21562766530839782601955343735808173912186851850364
-0.22972364807294283892300624434299965339822407060642 -0.15395580264241230332831397133736374434218229527766
0.31012107549799827239481571396103920824517759357394 0.11221750327358483280362399213567539969380889569553
-0.32773297858218979249149750044162857072666780586371 -0.082578891159927867245927094948751604878967125219952
0.30188591339842197974745803941968862999341713111819 0.060213693895635649633161231858972627770264471820564
-0.23735121765565735678347965113758972634996816678867 -0.041125243688120077371690375567680103427965294684998
0.097596379121927586320129460593964700536900838705772 0.015947508023079153625641130007951810762244239056271
0.0 0.0
0.0 0.0
0.0 0.0
0.0 0.0
0.0 0.0
0.0 0.0
0.0 0.0
0.0 0.0
0.0 0.0
0.0 0.0
0.0 0.0
0.0 0.0
0.0 0.0
-0.19582245980057471504080934085431457798569374070029 0.068497430880262510911711341805266148953945390844746
0.48306745941649062307455166266302465399221709066182 -0.17027913705212936280116624164879965563880185491286
-0.63823645029582831166544536805185263649610578407386 0.22922313388605065358949498512084304104930263621242
0.74754231756925580877650529899038328257974961116811 -0.27700132343211983777118278517997012293495935377815
-0.82290902858967466327756722292111285624581116460766 0.31951543105079614822991559465596718457983713972144
0.86635374439928420266380011194212063581509436116759 -0.35983029880922984473260013077356670644511655564419
-0.87461949006792380949958660059021044185943246420683 0.40040135735280537341096656044184454708430496812758
0.83842656034725411045512723475020447107626746239482 -0.44396696135823428875549935399986829029978453958987
-0.73772247738210728257312745060606097276989276364931 0.49438717232700721031887654144762388899751971163379
0.52831602328731367692962992982035750459867400405074 -0.55809419937661376350543995746135497076563097669472
-0.10157113972782737094543547409646942238145778845007 0.64751174008678096002127821746796287462530253520879
-0.86504490706368470791337392988472860641493160876574 -0.79118355584684400878934429815000447422253739585579
3.6964117531632071823255189779199072474861480632792 1.0741903152183492865014802649742496972728664057821
-19.285918331607135450868939458346512907731086547111 -1.9209667438845945578331628148551862405772416912408
34.025812421111079768833628591692167052631857622785 0.0
-21.069153394005817024222757350973952005463534511547 1.4807385736046016399693796105531372325833582793904
4.6922506247236811951530496662349492660174311790631 -0.63826817207706189088644358417581507168914427795095
-1.6420177539734580553688822777870353236496581518746 0.36245501374391847292674388247852220454676537606366
0.59575744243725801355013575428591626419621789246627 -0.22888538376711301091831713784746031381561307289508
-0.14204619093008945465230276446866335906857219693991 0.15249734395044957288371718094389764950891651542494
-0.070828102994788248918800892634346890827409983233876 -0.10474620146224951489846137809846435082942341972698
0.16394333283798986909111663518878236672649713912477 0.073147610646588193170605121745447732695067444541658
-0.18697803020197250643219766285354696345416385691029 -0.051040553907750465359792461880001679385047951315559
0.16026326740521155965074615502222718282510139444186 0.033774392479414725974194070756948024691359658850364
-0.067881419704301498385565642101634944640256384285427 -0.012907840931040902343840779662012943541484842254727
0.0 0.0
0.0 0.0
0.0 0.0
0.0 0.0
0.0 0.0
0.0 0.0
0.0 0.0
0.0 0.0
0.0 0.0
0.0 0.0
0.0 0.0
0.0 0.0
0.0 0.0
0.0 0.0
0.20207861607297215528013625782936892954024616805587 -0.061247825493510192068805664958278150079904883236446
-0.49879982619425311097596979865464612311440925513274 0.15207179739434983122345169048601698057226761577629
0.66003016684624625291432049153572268406488778026794 -0.20411473781965493859190344868577371539321635834993
-0.77521690719801545892934403329053925639848329196568 0.24548260687086264774044686259854142947600058456332
0.85737956050078586479740562726797881191804358163791 -0.28121027040038670637249604710560618096144429560542
-0.90981490469130553982152681494382643154921745233725 0.31371173340209535922796992203489476989057867042123
0.93139114644417768565582923255586169637887385661734 -0.34469234324770839206104264701963265215881187093536
-0.91692109051090260470131458160404159918096528082692 0.37579984525325251523911956630307429827247892435688
0.85510062229411792465889112690882890607333499303120 -0.40906673690407759464047460432622131450496380681151
-0.72266914617217199136836237171569397964049545832862 0.44748498823457290519519195421927679308550225280518
0.46896445957361669417815188600195203799291747809430 -0.49611530197437711175296040753275702772987781937213
0.030240172640064124121563640734257127085765762045631 0.56476979738402745919541407198999649571069300185964
-1.1437516678373315229295282958466845650319322943862 -0.67600022213453863348847110602457700210261686218878
4.3875818149119430467276822180276310868918459159995 0.89700553906167454862848040644065661757808642576568
-22.238793183144638486743245289850416971689073275616 -1.5629407732190076251430053381239790197873227094789
39.221044387750957581818026252486340893183181035007 0.0
-24.455031939765801964969351048795765387113926262995 1.1289870098303075990342481932599925673888038533636
5.6278883390048488441335586076788443774007920654465 -0.46699654557207423051093777058608381246579307358361
-2.1148701655256477436231784432047173972617149180530 0.25258264521351272217431547903528259710705987286666
0.90599761991724643655511203209156662981994918130366 -0.15060630208100523261327254470574556952508747590308
-0.37789959393333727373057451758203853512467390299504 0.093868069008536715334885410949637706055734246471085
0.12542091303695951113483482661932711854762935950839 -0.059760708734796118650648892956159363783990609801419
-0.0083406801249306485965938750219449114016547462784077 0.038266146390798619530324256316104432410414776600930
-0.032181354056218727477942455535428606888091098592418 -0.023654609723771172517730056989348710702765331785859
0.018968091107843336231207665423349659555831732323272 0.0087428127442700255356856141119435132995180249576242
0.0 0.0
0.0 0.0
0.0 0.0
0.0 0.0
0.0 0.0
0.0 0.0
0.0 0.0
0.0 0.0
0.0 0.0
0.0 0.0
0.0 0.0
0.0 0.0
0.0 0.0
0.0 0.0
0.0 0.0
-0.21007117360016039508294557582015965988713450336116 0.056011025010672082578181745774625817959061979522045
0.51874860465978764039791974470740104269556861511194 -0.13892324199332370402374213272453235915529327687474
-0.68716438572628598659949433685415945917806906640606 0.18599693058173609273890342253374279065323722873394
0.80863835036003285294783850328621803538264266336198 -0.22277698554603105115882332241646231557422272082211
-0.89718100917460419467790006848074410135123109461671 0.25370139561267784425731686783242677524619993361623
0.95699223717929872743694656205785006828133975223484 -0.28077001335254345829745333147053982793690625041958
-0.98824117234720324930495239073160997747464539505607 0.30525308466900770719551670640404701254914011991346
0.98802458926186594253592596900644036895946008712503 -0.32821997196449220514775954399558470683377291188550
-0.94951434710879325124440963407983179768696350147616 0.35081731771867402410439867841904444252027516998472
0.85910255882759935431734421577079198249964842129481 -0.37453027338997434789066783180152051980267224203628
-0.68938255738278246892870340060638433508678300493336 0.40158125457047325806731078166323810960127275172060
0.38097092735927041861316496372819807744534141587742 -0.43573840462551305706690113322759192333271641944785
0.21166028056299190798635638514702585045413371994708 0.48429463714697933703520026027818923913160771780843
-1.5209236447916092575768518300143460107149372329622 -0.56397727149885590819935381190535777464423888116682
5.3266865186493533566635103550088245687287602550962 0.72456796096352226800118152614756942788660505840975
-26.301471172547554716919258983871201305961964784824 -1.2142294218372167145546425213739263437210756266123
46.463211298493619718828013370003120173385991396423 0.0
-29.224865341351736873202771359961797948887341770377 0.78644297885340508026230434127959378895816608133699
6.9483116580095459104126672707168629089957424341099 -0.30060991847473858311185826642965132311691083236856
-2.7766141570482777987347277267402233586118228471397 0.14643473206291876081813683930398582466375693159176
1.3316533119527502581014573405793973580619032969350 -0.075796067028254884271693756391578666825779727112905
-0.69062350608959811671723685326113482260076829149364 0.038942318073251829269424185088473480764026694556126
0.37068511310827040412371699410042641384850621106133 -0.019114711540550202902162641122077867791691031110618
-0.19858024803551130976935230580088362338994095827972 0.0087835284634629102951283101354847958185701062349018
0.068130711577870070082340880979408483511489699554629 -0.0026702919563643168052676513172574864303125679701007
0.0 0.0
0.0 0.0
0.0 0.0
0.0 0.0
0.0 0.0
0.0 0.0
0.0 0.0
0.0 0.0
0.0 0.0
0.0 0.0
0.0 0.0
0.0 0.0
0.0 0.0
0.0 0.0
0.0 0.0
0.0 0.0
0.22038672142110608160528040305181358330548614065289 -0.052447229351564609121664920761234934861977563096657
-0.54438828074702542334741295851466956909998015849811 0.12996525441912202367023949957705859754726611039042
0.72168238484139977652908364379003492961716284366689 -0.17362338914856651868022189171201758819475914028708
-0.85041346158502300654896985135179574947236915291016 0.20721944793961863006124024201200717726171390532376
0.94561148411595862366374273099830677201634705061970 -0.23478872206282962360909475408502135167412845143141
-1.0122002417780389291187265572443664360422277652574 0.25806389905842884765832217256790057813087710701555
1.0512213531612769981945562967343886101100113032950 -0.27805304124282922807997777880917239342439742806676
-1.0611499216578636362202156454070382295183042552549 0.29550219991547971375046604602161042607135768552247
1.0376526651386629601812930947807219904774171635617 -0.31109979109404493481074978526489776770657682479478
-0.97207965543643993600833874715467717762135870809774 0.32561484263639614445327258281622845124969200722046
0.84782336507187643160445429222325071121220349268666 -0.34005004160989882228145067191288709656113310029967
-0.63175678150124331713085318618673244422055321635266 0.35589212771302475081348182715550078761391607476862
0.25222591855816194967268167357486479620142544770247 -0.37563046636392289128159826875523923005219464772637
0.46651247872314464167962508181771003534340758619852 0.40403438044847738029579215323550439808712709086913
-2.0475663674993786326989331290190612758866690658411 -0.45197483040464664552973573077968227551494703160827
6.6487726077104836820165723329756181565111983895634 0.55170850113988954261830591999074890651504923987542
-32.102342179881611786072054610415269134302720757239 -0.86387606297691413885929974495006222437742337532750
56.954443221973773700095992752457509408357755973882 0.0
-36.216328924947154019142507659209185246266357628862 0.44207593226982554199949000872877399122678539727689
8.8925276334787343440046145854560975348178534899757 -0.13402010930301708938030212303265342783757041339619
-3.7451967625814162845836217865023187393034630590335 0.041244823402840955304413663502139418583188038886610
1.9406929422338609586753976282724062947225625749026 -0.0032765689169351317214583306622186561570562659020570
-1.1132786527760744407461034087791950296806555179709 -0.011872646106024345632760040991196845172256799988494
0.65235506842608804213381581893635440785847896202622 0.014565176682480540313922374787090774242142392939548
-0.23665451798674345999258338943752690073551493355514 -0.0067538566490673569928576381659222677878802714711620
0.0 0.0
0.0 0.0
0.0 0.0
0.0 0.0
0.0 0.0
0.0 0.0
0.0 0.0
0.0 0.0
0.0 0.0
0.0 0.0
0.0 0.0
0.0 0.0
0.0 0.0
0.0 0.0
0.0 0.0
0.0 0.0
0.0 0.0
-0.23389100799840537127953944649050073538882877054814 0.050390396939066909473085811598434471673302841631762
0.57787451642737947452211416701011152691100355672873 -0.12476948349440007905535447324538218057497925617692
-0.76650065048088766082300763363236095789222996810723 0.16636649998530275949517485540663139839891316779714
0.90410830107102840063516129044306343744170206650162 -0.19794880651937121163288352523776442703048728509550
-1.0068881039173205084733685477177889076767181429450 0.22330251346112123252487330351081189590686125777654
1.0804281878768230918312880213590295677371057598241 -0.24399327483014814226135691550904993191348183004351
-1.1264187913063241456560101659384172176505369554775 0.26086966479844050765674763489871809407270953151156
1.1442304603576729175131807314480895368783558036298 -0.27449085753101360362666010186516051391477919437002
-1.1310181976976857021678342504621935927203599003319 0.28529656659115001476774158864392966517001070694489
1.0808871293889442633513930946510325829391830974930 -0.29369413153367915932771281334622873770935821707979
-0.98278592265617312007185886177763140920589449598261 0.30011999835692288961232528399742155287890610274625
0.81584711822270357185574989383900973164601867355298 -0.30510635145245210022301286327647257909717767238129
-0.53860161232370702263075939658894783850033822146244 0.30938794106055072545518864540459443542303595981279
0.061301856960517347116159245232094944935481607965156 -0.31412263956441795053515988271072472909703614469191
0.83665536696850167618801830525954103087634143596234 0.32143649597724972948484794368948859105487193901265
-2.8138225423000035538552627098330211618787776656506 -0.33605975084475086067989336854880362295690442346609
8.5956847028212516671109447150682566738150489413866 0.37188143032862560497760105951921141633709979418890
-40.786967034164929692850175758975553894792111316576 -0.49786759208680378207137911611190666315434305333833
72.934458539817372811332076398771101550997313984178 0.0
-47.017530637125338171468805832372384800111738567519 0.081875233482392052629375498576546449174425335671295
11.918661875086494344969967720924743093205766861351 0.038903497228433430783645412800136349697984681105418
-5.2426992803199183972921900846846358533623031306680 -0.065674986999743568434217874861202843062127705412670
2.8442871662394338284050346202712077490822647172811 0.066673782831244324709680314541959551968398005775719
-1.6448482679050491373141478777169831856322074696321 -0.054043448664509385876068784847508055230583130573649
0.59644052880587446379679059572281315284282232633166 0.022420001778109323333386675123509531239585155972857
0.0 0.0
0.0 0.0
0.0 0.0
0.0 0.0
0.0 0.0
0.0 0.0
0.0 0.0
0.0 0.0
0.0 0.0
0.0 0.0
0.0 0.0
0.0 0.0
0.0 0.0
0.0 0.0
0.0 0.0
0.0 0.0
0.0 0.0
0.0 0.0
0.25197815338060308135382558493194876398303378198348 -0.049847855507427959740616413135825239995887168013444
-0.62266363080975447736796851134683671054214699587500 0.12334226837003543205679676984591858379243154560032
0.82624400957599810365351673876764570794918576578617 -0.16419628181333431330646547391247170803465822012331
-0.97526515993658924090808568983226545144137363885831 0.19485244491251183926310580927993813823272375586813
1.0873487304431427022580963060354273341831606687091 -0.21898486579463602608883945173808906216991346720478
-1.1687788325115752105051786531967894566719086479708 0.23806907220567932339663204904845484309371995659180
1.2217901487700805976851992220057236384396766777278 -0.25286129794586430033510202395770539156645135158240
-1.2463820936304690886215902362174335183705393412686 0.26381239448500640700563483471746619512995722281935
1.2406464441916859969164819508982270343430863207698 -0.27122291769766069386723159273796488965415573058780
-1.2003012211243854138383083689335881106626677439821 0.27530875322971320491858215715955416577689056674137
1.1173482603943481288420458450114848584669009978425 -0.27622719165942213562307055365137680099690816094141
-0.97719615730847949165182100181455853544067925735965 0.27407990824939307441649797818105938607715111502291
0.75248144392978449882590525334995675626889434193503 -0.26889555073473526363488104205247742659895110420341
-0.38882660638972772620131311675759524356582569099640 0.26058315187667652562145712417623727305467522470656
-0.23177267339032433609867295320301919650663272500865 -0.24882551838165818384896252115246987716649880965155
1.4005401506670490328506272125543113976235352564303 0.23281537210572856741700731636090761786433536949529
-3.9909127522426862560769527096824984336777373138579 -0.21047513500486058696080199337012864224504890040656
11.635839508295382145014180633995721060323306626688 0.17536481718236327001539709117428295261241071282363
-54.628003583608336341100816626890882238011934725494 -0.095127933931800867092761638768052572599491588904306
98.976268396525516259029501252728689197379855599145 0.0
-64.942923158986076568499466711347997177683785432970 -0.31500400365958389314165543984916928897182417324047
16.991537678910300542263017287824968256331137932025 0.22644317552047865580156390400530710656102127375898
-7.7090643345991220110258491293323857775651413259185 -0.17594496839414889824997072938570918750463790939391
4.1484223291337815112477698322335386784937598441801 0.12728383250067824167079466443751465658212719819531
-1.4691543092075142815369321704812785465289335092187 -0.050732637278297297438888460825827708331576006824324
0.0 0.0
0.0 0.0
0.0 0.0
0.0 0.0
0.0 0.0
0.0 0.0
0.0 0.0
0.0 0.0
0.0 0.0
0.0 0.0
0.0 0.0
0.0 0.0
0.0 0.0
0.0 0.0
0.0 0.0
0.0 0.0
0.0 0.0
0.0 0.0
0.0 0.0
-0.27711581874205337579811266234259366041880285682155 0.051062848413234978169515322047741320770445637606677
0.68486216348783992219317098352716711888044777149504 -0.12627674474448439946345345664061775608221719528063
-0.90904484393309897376801783574122836433496764378284 0.16787403895940292922006129550107956369384385735479
1.0735455809129094568983774899531524952867514343295 -0.19877773385457968116981493648967189303076944093572
-1.1978811629828748116151786519144353370448452965870 0.22269413272042120670968315004787090173610565977771
1.2891607258716835088153197221659025177381974380536 -0.24107858183507221857078650117313711573661519562383
-1.3501456859498787827183629219737511008457641052982 0.25464559182211738542243379687282870152830683211047
1.3813204115384839506591506155577292583968403183131 -0.26378757853278561743284523504539886419564376532675
-1.3813899816154186057719967288604710038601896690718 0.26872708827278093926344890785827181355716232175226
1.3470317535851923240908675835847172628598189372953 -0.26957464292911963961965961026338081058609557288765
-1.2719558043162772928988472048587606782012442664649 0.26634131366583597998228585250477492072216794422356
1.1449030266875431735347176691767937198447558318712 -0.25891938583705314117029721559714209656277954150417
-0.94556505465182105249042363272562699276920434095440 0.24702737752157676590450374180872600423500369117104
0.63589119422818264251380814335329805826452822976010 -0.23009762253454279403842064584712631650556666508414
-0.14000369797054814764522898683146100998300096888030 0.20704854334672856188100121721468018471855299999550
-0.70769510414029118697351306229921578554639038300626 -0.17578736240759998087921076126951716545543253761091
2.3187244014187129658233691490864224545737280082135 0.13197893819094779782811887695608280265031954656025
-5.9367450294659546522944966954146507981561732360891 -0.065379742601092283065085877630220077042295967635009
16.775839841543910877707006883668714987545738371877 -0.054757727471433149261170586499138863104410432135167
-78.674337016996125501661227499835467630940636866564 0.38160787873602247069560914641355292203838492611693
145.65754638828563683819833390972763981575326529004 0.0
-97.882372268384766797552722294366712088342344103664 -0.78477063535983361986737361945927193210101071428992
26.401881091574204226944050814812581563587311110308 0.44009996803246607903182688768496720013459396617666
-11.937163044868025928244137771408930068393688029930 -0.28214109048534029645220346984285256169273597734128
4.0001740690662560437010232892709867296569150328628 0.10797333364425705646804520479455273997875822493346
0.0 0.0
0.0 0.0
0.0 0.0
0.0 0.0
0.0 0.0
0.0 0.0
0.0 0.0
0.0 0.0
0.0 0.0
0.0 0.0
0.0 0.0
0.0 0.0
0.0 0.0
0.0 0.0
0.0 0.0
0.0 0.0
0.0 0.0
0.0 0.0
0.0 0.0
0.0 0.0
0.31425001392503370475709760782319751317769735423274 -0.054725507320559588721474973912410966779512597839898
-0.77670050949386097546054337828167130553985607437522 0.13527261055339219012576243344168735002588951897873
1.0311599848028861470726732533066747157340935382069 -0.17963690773665515473005248834146679074487914276743
-1.2181964344650228203434414669073395219341739528295 0.21232951794742202267820338575522913485085522014428
1.3600491879136839935697192154165627667947780573399 -0.23727560003772559338558155062633448879717631423639
-1.4649324505430198186603464086324883296084972649454 0.25599071243999527246430745215354991859264173140077
1.5362074020361066827833813751207551121339673207494 -0.26919560977798648568894960270144557226073051084164
-1.5747829233816357874537680232613264224921560819869 0.27726184580847684571418094247978285408223827048663
1.5797728845863980311936508190419841302224680312425 -0.28037143889628938260331576253023621182805617137037
-1.5483868551721347729856806905785657993276924462199 0.27857462048508622973063400754569566061900796450417
1.4752010697487728433443866112182741171310243403088 -0.27179792555688242226255193520799975734254883595338
-1.3505814524304177126199824056589175665475002757743 0.25981671578453780869600106855149301975617019876432
1.1575791853584611986158249167757201927696186695847 -0.24218848868907920640171795547740298248826535205154
-0.86568323439093149149210232596134324618776185038457 0.21812623771036000942677753700086204095749565371889
0.41746011522682684646698805325998634674874341180695 -0.18626076120623888764305368814950233969829052112141
0.30257082957936361664099920973168192732444628760474 0.14416931578874374546718883708743108519634117614750
-1.5491256568501694290407136708796231870265235113483 -0.087350840990153024918428690358070945788013272154498
3.9629438278368007139632520493396204206783665660706 0.0066908361870495563738608378573219945769468977574354
-9.5060271752002473308644060419505407879081366954159 0.11908144598222863834992447628585950671737499512097
26.516809826258628468367269586395961484237699941566 -0.35338476924212776294504966869898714962953802008640
-126.09324412959841661601131198232598852344657151196 1.0109509303559146532674390823373006788420093519487
242.31116980308707265684564305469814286385200455584 0.0
-168.57746555794191853170590466545048305782118268045 -1.4009985399615647599748955368425035273905716847966
46.293070099830384913667406683045072561429702712834 0.68709230181701301563108910829436781082081447207088
-13.633434333048658760596687463281281340549643453583 -0.24469940987061205507125904008447144335524761256707
0.0 0.0
0.0 0.0
0.0 0.0
0.0 0.0
0.0 0.0
0.0 0.0
0.0 0.0
0.0 0.0
0.0 0.0
0.0 0.0
0.0 0.0
0.0 0.0
0.0 0.0
0.0 0.0
0.0 0.0
0.0 0.0
0.0 0.0
0.0 0.0
0.0 0.0
0.0 0.0
0.0 0.0
-0.37536788501775351311202042176622473276440976896902 0.062699849566112772482065859229576634123863855051524
0.92781212696846772998868893303945951612774842028437 -0.15493120268936350733676217882904841223879230687896
-1.2319512910173641952989176383408718298670430431892 0.20557537105001652571454629590197565520000502020733
1.4557607606528422686938913652452873275568098447174 -0.24266790285924707495390551750371254022119419625770
-1.6258899287223344443191322437473330796124969631365 0.27066719723734648137600120184251983798773365309513
1.7522696612596159490216111024442905467407888764755 -0.29127436510163411491683131426299699669256736920148
-1.8390920550297676560011431684123917724862255576717 0.30528066808649051637044612680374244425744083161880
1.8877161461592070287658208504947395059244150881749 -0.31307603596105503671287035033169882878014427695940
-1.8975187247935224727598309646374315301894439906765 0.31483012570024017208910714882539917303277001740702
1.8658827530564869569248042211296211604161826068367 -0.31055664549126321511453162037831253166564158599540
-1.7875518077057200613876964628397362607881794387729 0.30012100198395981866894452080241182143569494450316
1.6531940625747132391836248714400747342762258240163 -0.28320813165392684372351485442820531417522207008278
-1.4466343012582597935308606791234340661887434396409 0.25924833476188224654085250824316293504189366010095
1.1394990652168435376029325037149042738108474551402 -0.22728270801021296494325677269429950563075312610616
-0.68036830278400841375960005982020765460472731265888 0.18572436022489197219074789312523182098815154387859
-0.028753507318622852851721902714064724114410084030139 -0.13191800954151449034615022567552461407809680131575
1.1881812617265837223057044439790574323219017212322 0.061269636337289171613640618631057793936870263053680
-3.2486074414608258714971908449582189745996761595461 0.034645024759690144874452408054285567415285242711793
7.3696999946802949215558982064247710431910986721941 -0.17275533314956882517997233940299894109686288283609
-17.191846477935581063514099097247179224291078398443 0.39237172682834136099132755433814859345778141551269
48.602036364307881978741718034703421256662445442462 -0.81016025244772796076546825210410094341016263006553
-240.89721737100142871882363024027020035409029161811 2.0020270722457587789728534362177501976397532266062
498.02051769367821450270514532719598323485043520780 0.0
-365.73669689400398299099651297976536834143840662345 -2.3361399059635382464376497675224134706605552322311
72.224773600438181184978086380915685605753645674520 0.67829331034945868494927748244953260458272103032669
0.0 0.0
0.0 0.0
0.0 0.0
0.0 0.0
0.0 0.0
0.0 0.0
0.0 0.0
0.0 0.0
0.0 0.0
0.0 0.0
0.0 0.0
0.0 0.0
0.0 0.0
0.0 0.0
0.0 0.0
0.0 0.0
0.0 0.0
0.0 0.0
0.0 0.0
0.0 0.0
0.0 0.0
0.0 0.0
0.50177016593724331434495134654768890622967537283688 -0.081608978778265554540656753015176411986774058344689
-1.2402881508897386924669176558076603448017739195918 0.20161144906165648866017291034738828600110491269859
1.6469968614109128444466546917585405449415464402829 -0.26737424658172272595239922706523398310576168957254
-1.9464908795460365967736710013151596080120135841844 0.31534870372576335698137836451056064617403614307351
2.1744607744499288573037125159744785635392826658335 -0.35130607855038262771919845305367489264839872149049
-2.3442752114439712436293014368823907754229174017461 0.37743221223976359808792261468556458331240578379834
2.4616761000339266514943235664606563670109052907993 -0.39473011749054853771701541057244980077731217575297
-2.5286911791014205505922629094122298642605881341099 0.40368049865142298321108890694882890071979860512494
2.5448195850436028421294488889317639056228173693241 -0.40447635737263433542958237342246272225011715360116
-2.5071022434464909581733129615627464998814632796290 0.39710597388875723237336162253717865282472437186639
2.4094182783621434457820771238545282609329461537461 -0.38136276938506246247135763760206966950927269628248
-2.2408744960956826671280807383573892520548965432785 0.35680488757256395810735709702622921111774696579419
1.9827353625750340788233863558694094096520776011186 -0.32266377742400333225282084926778890886153366402937
-1.6026256492324756589788647939312091635249567571234 0.27768288284551911829585397744704109728281830962854
1.0431745548341188686538616680776861547228758660301 -0.21984193514801976160635576607089744243778882799677
-0.19845551618438498197677618679012134913568064444643 0.14587291058885809741588499614565027617587150881259
-1.1386312611301220059832511588205691253016249837326 -0.050363518982696717126062856788270446691894330943467
3.4052334784808785715137141734025330040206778315684 -0.076028883133896026323613618086348925728747169650945
-7.6238037690163499580062237065061690040291034018743 0.25048915189234490640546450721932275219814636133473
16.549059512408547728716728008398759447259518525913 -0.50776597749655874601149391281559812742132681463863
-39.308839391483871301794251504525149894609822363165 0.92908497353518178882572262473668636883720576824217
118.33623485976358713158108922055940990959883624552 -1.7563733799208864076164144852482602645965851487147
-654.24142410822698828233938740610471409087320841925 4.1789612909327444183981531125019796449400378730051
1645.0358853721953210020132854432527237401178513454 0.0
-1081.0700091406630329629926477614033205918491486139 -3.2205444677280507495680287979660974109521544328291
0.0 0.0
0.0 0.0
0.0 0.0
0.0 0.0
0.0 0.0
0.0 0.0
0.0 0.0
0.0 0.0
0.0 0.0
0.0 0.0
0.0 0.0
0.0 0.0
0.0 0.0
0.0 0.0
0.0 0.0
0.0 0.0
0.0 0.0
0.0 0.0
0.0 0.0
0.0 0.0
0.0 0.0
0.0 0.0
0.0 0.0
-0.75427596978356711010179864957840574729100743873831 0.12129082721464050047309039339974119243806867325121
1.8644645967364339632440930088667123862196687848260 -0.29961562091094720356502100925236280204112698107764
-2.4759360775488901061044915658104128598039838744886 0.39725671142406750216692547256961072207666824456446
2.9263415213909030924494476348672477502273589805994 -0.46836481438300406029695576566178369535553119484148
-3.2693733648492720768058376243497283902612393332480 0.52149749097198155628160770554410598190460971690776
3.5251851074324029228261732401562749981218170049271 -0.55988585725388058483301283148330850806239123150456
-3.7024923193927071131123334290019820976648855684328 0.58500421170426421642657307498141512758548758104321
3.8044710400606536118265942793945202509201774119104 -0.59755096991019466776552722646480433250854999122449
-3.8305683932007385800474734380198729155169085241053 0.59779682919728729052196489201603319871210229808096
3.7766585307783424627762797029490967199578137285368 -0.58570786508861194709194577317803154720965986697808
-3.6340769733076144194889883963560313839575174672856 0.56096049554419598181683585903015037232854166050607
3.3873757183872488277712566500928294058959923394203 -0.52288288844434336499587835552952255726165215735086
-3.0100614860188211129621033322285175341607421750111 0.47032317370743415853499810483463782293804584618245
2.4566285062839054707856793362594732581442423275429 -0.40141963427499100510271158280651957225941065927115
-1.6471724345289288652829315008539738442223516438519 0.31321442396920740278991463549451478441643677512224
0.43606140019550232495495726299665940819957731790960 -0.20099034453377518204099982527722830052559999258602
1.4563143730959875048572287284306009715710266307334 0.057078290632136838293017750232436118119852495634509
-4.6051397082371396823487230079675265283555966259385 0.13142556374141888353276326234949344484508180578515
10.305716010819405501648439651561960175408765837012 -0.38738844885315093026424381355640330403973589565197
-21.848565317974929771164976105612773339378597254182 0.75447169325999282538513617194490174806152794646142
49.105839759603707069007712943617186206601948555487 -1.3254726241157717524822753032251004039473535161602
-129.91885687828857530885826122793883951537761332815 2.3318458748224094709235760240231005502961529233297
481.63811272812883393468174850680911249410801248995 -4.5232666519683801131345880459051536700015693554372
-4030.1292625356772270275218616372151011797384649619 12.005892672025294374225202886817953549523879708432
9260.5603054775433779490386622732116598414609719781 0.0
-6212.1248477038086940198409036825835241620493445946 -12.501719796122624619287574173254049607968104814642
744.45677101818914644389659102093842993922975068951 5.1863074750908577619502755688129885779074754265896
-202.91894875475816821117127964160836838767730301129 -3.1242422309844334412737436708115812949721859872050
78.788193458609895692206660513250686335821568534422 2.2245302952040028467725389928154800347963337220561
-37.147331347903127694851417665682368886316704799820 -1.7436182307159305181604007650055380584855052937350
19.692526726436470527094638633600920497833841057065 1.4530968922558517988067910380218460732712686975951
-11.214993928119860987310684316371924843166763299675 -1.2618236974095394641813536612761272573713262070344
6.6449534823577204838463268694291832355581108601695 1.1270522523981190637662524019176558115887508454194
-3.9850583390393868607905303207778583542753173312395 -1.0263916380951570972142553785517998944110358373533
2.3460945008554065024598185849742642889440526857945 0.94713317759783750550011263329718833987775691596210
-1.2931910464309821689306157114921473594711801699819 -0.88161143266143347576803096221276993062953937600737
0.59711971550561536534024586857235079492312082608452 0.82497508194190018802926518326020390964411623917033
-0.12937518877566274622575573682893789070026892536708 -0.77402624124702158362868349616649730388114072445592
-0.18590271962302921628125475042549267435099013906882 0.72657328262720058071574618796824474334822767002662
0.39549762149578831348535469101829758177533562409429 -0.68104604685623439682638028691538399174230555129568
-0.52933147837080138615392559311773738254139204631139 0.63625043015277577631426816923815747975810617675612
0.60708953553805413098737462244495787756420367800303 -0.59119645917893917010473954895745639986390323790181
-0.64193785618465671460635487512184836971522738430260 0.54495888729797307724526284393572051417754230146290
0.64263738031136372174391761123604944513231879042495 -0.49653558910509415848806651992406982748971024371428
-0.61468500405566831075706314396957661784633219089598 0.44465553297320551953449334222050028946620153390254
0.56070165517551000375025820852176978599908210643276 -0.38742950807625886114368780696335982420344157300830
-0.47977592158409483777598451113865103559018047672940 0.32150782356072996377006160825900253155517220599935
0.36350994585691423421580391905691863753884722199493 -0.23917498545018010908803158442948001655900946608120
-0.14740942307298017361331315020381535334862405865375 0.096262487262533944185426466482352367818499147724275
0.0 0.0
0.0 0.0
0.0 0.0
0.0 0.0
0.0 0.0
0.0 0.0
0.0 0.0
0.0 0.0
0.0 0.0
0.0 0.0
0.0 0.0
0.0 0.0
0.0 0.0
0.0 0.0
0.0 0.0
0.0 0.0
0.0 0.0
0.0 0.0
0.0 0.0
0.0 0.0
0.0 0.0
0.0 0.0
0.0 0.0
-2573.0811764113686932728949165199021985113601785422 5.1782507062881637969272897084623887827787322126780
3915.9838510912297717479444389288233772500414723795 0.0
-1559.1578252718020603489981230708180186026908864943 -7.7154534011965430355645726080134939111793203223897
284.40501254042273596242928004539324328659625233997 3.7976215983977429033805482172145980973026075078385
-96.761448217035220783736739972390044405918066906638 -2.5273942520826034764189462751497520778337148432306
42.972215331329596641390989058836161563617650771359 1.9193399879662338493855943355156224318368323309869
-22.073755470458948285145954342672732558222605983837 -1.5715334329376564232509246735052837074485817576317
12.349485034149807340924617342079356020503523512602 1.3497061101862647548409606966768776582507618770675
-7.2450023174934675182308210052979085021091119599444 -1.1966313596625911514819543350850802814503364785327
4.3258232629821185076742202716789002141825054001749 1.0840227042162509318173140211511912280540075879047
-2.5486979751090042271790350401882374441732309646688 -0.99642150554866491191338629203721817737678761490266
1.4166602528506667935523179623774502415621522608874 0.92474247604600214529835165084431350221747858351897
-0.67267462868217030667416031305893954015282422149907 -0.86334092578363246851034629510378115522296556396099
0.17468168050985099539818777777012848065049114536047 0.80854646832108410273487365364896029056511941328970
0.16026461367476308573499961990640023712712190295138 -0.75787048251411817653937199321664844707400405975459
-0.38287689794563735252597669026858518574117533025481 0.70954675495172127037223523432156930705589824502985
0.52536754999913827845782697679051282653121100839882 -0.66224514005092296859176558373063309431882459167823
-0.60881482295400944786517842517900337215112573562898 0.61487557264870922753115824628782829334167234790598
0.64726192839629092025564649728099768147875906332460 -0.56643320213909869403115546890146730373494516105273
-0.65003616152655748603726438674480609980016893793309 0.51584527011451909528087706648880752633660190837589
0.62300326601075161249570853714165621176665686673723 -0.46176793601374684225691193961057720024665829508412
-0.56901666384559771588747705958189547638270382446490 0.40222121972564460183609977215447360016795388666113
0.48728379774452012040105503976299700394747789277936 -0.33371300710914791702294913096596793479973682963726
-0.36936983450795673922810007587468407002765896231234 0.24822237405472189664246890597995750314815948910016
0.14981369969065855250719388071372328583240132071615 -0.099898406095043644243254709473118357391643857363405
0.0 0.0
0.0 0.0
0.0 0.0
0.0 0.0
0.0 0.0
0.0 0.0
0.0 0.0
0.0 0.0
0.0 0.0
0.0 0.0
0.0 0.0
0.0 0.0
0.0 0.0
0.0 0.0
0.0 0.0
0.0 0.0
0.0 0.0
0.0 0.0
0.0 0.0
0.0 0.0
0.0 0.0
0.0 0.0
0.0 0.0
173.19055259929007435368219276890362917420929975529 -1.2065434724064971966026774765998797210857881310796
-875.71236110839335201926573905844440603728997248665 4.3334406597393504300946696671019469284833450440080
1192.4437112042233187160919346361874079348932477984 0.0
-578.24389539510441427817265609746673756289865319025 -4.8372741948277872156570510037232254790180927792853
118.69429532453497512491375050895428980529595562357 2.4921871365217895312802235360298497083969417218785
-43.850144985857216247138600646525869266673983828159 -1.7195207415301197767237649326941267862815981459560
20.612379349543508072192691225109054421516204589845 1.3410435982149903304499698998890357735687394922534
-10.990471538674421967936490648099365250758798839780 -1.1190078209234837495753343335039952829954798717396
6.2785109585465897589566685376655658191514999020228 0.97360513262400011742438679054768408149292549774043
-3.7017414402654529007817624561493032898985283013672 -0.87050785361864255101662197032396852210331315853778
2.1798767584289196042354794067614643261348504612109 0.79256003972364361414526047190810945269913505395272
-1.2306278773524767791504578024744679391357206326234 -0.73027550773852337020422171739723107603453567553549
0.61582890308289752730838123035197629768831387332579 0.67801077680314130603628969460026031935108962344930
-0.20829856668150194144126594662130133901310071131263 -0.63221212929597602130423533742296070120695496275924
-0.064288207481050151640646755668007632248235230723775 0.59052975612359068334145934959820356585369308592251
0.24524344777533044639483407108627076121127124463002 -0.55133178339487947561704357411227706684204553330110
-0.36162972189615862008162203978729373939329756133920 0.51341588544569334432702946186667994942594534710611
0.43092865919833256472678729771906038052489681236956 -0.47582149568001591779782457219803981837740137168261
-0.46467863629805551444845550339265068307931280150559 0.43768953948101967552595896514858237988342047064811
0.47050686634609323397083497159320052402331481791070 -0.39813201614149002155058513599358823630461845066130
-0.45323127575912405203595537361420718711763665544259 0.35606778052896278797934473068088186321619725417459
0.41529461107910785312485702322070660985040580934762 -0.30993638068441172116815837863714159046965661833172
-0.35636377291841397643524949898493953523228033988782 0.25702001968474247537019573611107894946839168402740
0.27044445886194296196659015874443130099799457736679 -0.19111809358339189877628014571540160981292758795326
-0.10974158293571052198419318779866332100668412421752 0.076906603541087049398821166251284888186865510509255
0.0 0.0
0.0 0.0
0.0 0.0
0.0 0.0
0.0 0.0
0.0 0.0
0.0 0.0
0.0 0.0
0.0 0.0
0.0 0.0
0.0 0.0
0.0 0.0
0.0 0.0
0.0 0.0
0.0 0.0
0.0 0.0
0.0 0.0
0.0 0.0
0.0 0.0
0.0 0.0
0.0 0.0
0.0 0.0
0.0 0.0
-33.276621637638690546949930205177520293853872922677 0.51234360942037630463452199780608256226411191689438
112.60056223941445814470923071618412129284692246939 -1.5035400513250534400041617115860558925093970088234
-407.60825220175886606542158560922872645047796739588 3.4098291320951796687326571275295626116056106520775
585.65724093839126516251168679888907543602865173252 0.0
-306.13988086591920012897115800289355357132446908426 -3.8281914089701700288120446718392554940662504315697
66.297720057861981016193248447739395920217621361182 2.0108164350429370588908384703810690657344180609354
-25.488594078516468468543526354812289290056194215967 -1.4093285115446776270145226152693948529199324076101
12.315798046670633971662350000722652460951335238752 1.1116849854134646784201251492060448189288258683156
-6.6743456007817634668261664252109855684483694488874 -0.93461217574638741340465939311795436438317007552592
3.8317574797255026431424471439681132044227762969782 0.81672487444842407066461251621369938601489316262101
-2.2406448115602063245165834219211196466553075283600 -0.73162385937289933006387510169084941717353702897736
1.2838828973609391232194615675511434665173965922934 0.66609370197360570060705563319408182493880951769619
-0.67967462689315782152533988642049792752751830904287 -0.61280213699853591435642349398394296305867785793013
0.28589900099751040775174387573651147907086910801255 0.56736243970520555839458336347993179060488254682198
-0.025161011417435793197831054750960242461847407881912 -0.52698663303395422655935770905628684893057618068258
-0.14735002943815364161895689066781720373658468242187 0.48980219248454534571684765579431384567135417618628
0.25889635270750167046110741706004906862584845360072 -0.45447337590366817613591428968512142525885012308272
-0.32672393521995668531983293237214692343516232543934 0.41997085480734703542519256514053279293883631266456
0.36204128124561938340247784123578982897636665826935 -0.38541247687812718289049979611707075536640196379885
-0.37219441279205553364816618313575074856906259991947 0.34992796127379854584801367314806922811346500641830
0.36184435493821238750042498606232198961221674065314 -0.31250229841942584509191940768540994989662595323446
-0.33347997703392428204389706215683110648822132371785 0.27171701108347305362423176887019729859027053783772
0.28719065603811019644001466726853734832828249038170 -0.22515088200585254124869945014556285562278088054463
-0.21839714856482067879904194612551918099430020765799 0.16733958533874179607383718244551308272924961362546
0.088694704512971324560138587869217687447704240619717 -0.067324395602080485414455329044937587952533099176143
0.0 0.0
0.0 0.0
0.0 0.0
0.0 0.0
0.0 0.0
0.0 0.0
0.0 0.0
0.0 0.0
0.0 0.0
0.0 0.0
0.0 0.0
0.0 0.0
0.0 0.0
0.0 0.0
0.0 0.0
0.0 0.0
0.0 0.0
0.0 0.0
0.0 0.0
0.0 0.0
0.0 0.0
0.0 0.0
0.0 0.0
10.127932873390287650892482967885754029069358053291 -0.28595519856011087336361197784220754519039554348526
-30.029542726070075672653010856206957646791768550626 0.78436707053312373022842326098181192027903108998426
65.585042515526979522684517173962190360698964602585 -1.3770687029104815018800168233446595505867273047089
-239.97331753503918053229973382106042040062476815183 3.0007975111614320539692083539277621662024010970680
356.76811972444175685783151956355937058114120730753 0.0
-194.09347900589800895791741690990637632115914491399 -3.4015350250067036468742738978271819916002322428687
43.286059464720638774524196089978062701684883447265 1.8015612312611805120884325043769156073986922306401
-17.004976933180893761126035702333102738823905648685 -1.2703610985220216329742197433521700825418948285110
8.3311030475749378819918700267232061616314128189815 1.0056940261827006185438060280532087209492043789500
-4.5418230204381879483722734885789321237350830611355 -0.84670755760207971972899617337357160878128159791650
2.5999132860318480621617894474802346699475491564735 0.73963146036920899980053023115432134666524545514153
-1.4982196450460638008472586335882890654567379487253 -0.66136838232650895869756397029791320499349883557174
0.82943835721512317389488896497308956322100478325722 0.60035549505964158368944271194323498718066417628672
-0.40502515643904297141159934453745460649585795753321 -0.55016579637190635532366821081905007542604301690306
0.12862289199742436278693183244281098610188797743307 0.50693595862533406612092716206252482917880649874203
0.052904994007944311690977291111191115770024822630101 -0.46818660604864113887990806781099161107304603543589
-0.17067534239018585796534991280024202002114149651103 0.43222141550014913646096896458636677007108909325373
0.24379212659429393128747488473981234571004432562692 -0.39778960885804973200423409787500381028059039243587
-0.28439590176655184751225780612355636653545370605647 0.36387254409104729826626442856720493401209578091490
0.30033581866626732063413673140179255833674767806223 -0.32952112219761774221520541022408488157119478956692
-0.29660111045353128042152749764195602106036499999110 0.29368805564648390545249828862008225536109529325609
0.27599622605525149733548947220524042155862156769003 -0.25497248745520359402449908978539053932205670222539
-0.23909419712710427412604537500001941581657039506043 0.21105002462950463451628697382361278761140837015464
0.18243013943484794663382320682284032106003803822770 -0.15675516088565344870255433564040967646133273691743
-0.074186728581849436029225451935866453503059532268019 0.063048472452936866668619557272366550598297479229480
0.0 0.0
0.0 0.0
0.0 0.0
0.0 0.0
0.0 0.0
0.0 0.0
0.0 0.0
0.0 0.0
0.0 0.0
0.0 0.0
0.0 0.0
0.0 0.0
0.0 0.0
0.0 0.0
0.0 0.0
0.0 0.0
0.0 0.0
0.0 0.0
0.0 0.0
0.0 0.0
0.0 0.0
0.0 0.0
0.0 0.0
-3.9893965194666343514393024439911732910690240175353 0.18725394930124238573499340318128088860935209334455
11.141765553433120278364219771433044370065461225527 -0.49764332600413921935042984574104804088302009870976
-20.242581887529607778997966912733626208387487130263 0.79378390719016771698254628339719637053172698103446
43.417174127602483448393671769654412008927135309925 -1.3168472041377694240494146107022111577671838301778
-162.15519161005400406748367776513220136076697042755 2.8418088365117658288045161479350088139814888349534
246.76200625959823672750445567207431250636656792639 0.0
-137.65113911526451467104583658551842301052186328774 -3.2351832340335926503146312870613386265890041783430
31.254654923523369108548127430870549414490981004064 1.7174841467761599378416169542089871977341248408958
-12.433953302502521994925495081281517979895766877716 -1.2121182535509990929316665322033410283370906030025
6.1350095656995904372147808337341917855292386433305 0.95896134863334249201824545829850183176178398530508
-3.3488574970639561486843987814162169200847911409526 -0.80577847525829993951826293354130356930972607634599
1.9063063135778074026854934893189166055976224677823 0.70173986692242259147196970563832229818358854273828
-1.0817420817364687337659022431802661580923795742123 -0.62502756679792646343514630044865931551727267555731
0.57910697759608043866323445111681644850229189108834 0.56471622518292590853754709886336904993159463042902
-0.26012891675380195524989520582855467170742178490540 -0.51471960238069586511764625792449053791786348227101
0.053523763485853509758761487838063363715618204806016 0.47135782577752540439267836367076910816077061222317
0.080339785608969926299234414593003641393928173831797 -0.43223995534843444645335054381119620854177970159879
-0.16482731515629050904576072421410936145101577019155 0.39569080919479273782973099716125782919683751638893
0.21433770728648426750789775916540170543891988870208 -0.36042131911511524033180922794706116720125006891967
-0.23799347671607839159776737131647140548794451188284 0.32530519227240077054667699833290983740944252405110
0.24157232520916121215404737121763758222680193212774 -0.28917851762745539393851101027170943130058167280698
-0.22846337406403770439287137061147714440830419838633 0.25056800691211273904514874336795047574131751029174
0.19984759770868771425926002745751342995186813377513 -0.20711857517866659131487364299237314010628887014336
-0.15331250535620177638083716949948623403350462596802 0.15370366444114182073614269639524330313538288445541
0.062479643407209949200027429812926934297444498871672 -0.061798981805117647127591186085275522673537481704272
0.0 0.0
0.0 0.0
0.0 0.0
0.0 0.0
0.0 0.0
0.0 0.0
0.0 0.0
0.0 0.0
0.0 0.0
0.0 0.0
0.0 0.0
0.0 0.0
0.0 0.0
0.0 0.0
0.0 0.0
0.0 0.0
0.0 0.0
0.0 0.0
0.0 0.0
0.0 0.0
0.0 0.0
0.0 0.0
0.0 0.0
1.8460580371878357560749833884637163364968836027620 -0.13621924875493126394707677577504622906841186231608
-4.9958204536180713266342250896833240504573364761051 0.35567571989830196416478790827107131060825628786482
8.3059118918286652617493387834191450054069441676566 -0.54038351327554387922697356655474112979967742692265
-14.570456640791506781119408938427746814031908778707 0.80563721587927403148386751018123258270900371523916
31.566925623051305882530185028163865996730655236903 -1.3138121163222277286596930906373603636581442698245
-120.15563191282628034949004414030574864569678821777 2.8239903304656375054810619585897148829657549088988
186.01812756382771822176927329398339760557235419608 0.0
-105.58602093790747321137630504487327200407665469834 -3.2122252392586668517441146525055667032503817235154
24.262675536335838434312801129876618010834883183593 1.7034902585656491960720245073955360169776377739507
-9.7303557300943083573697910554508840807644190197080 -1.1997533453812340787625739686941898778997988997158
4.8211485872103983711312881978748557587068855256234 0.94630654084001319820477775856912764804739300120181
-2.6322335707651907585995200378052710618434823868240 -0.79208782957394318660056736110757529561358726769095
1.4918865623610944916245553141952731513516255310023 0.68668898214478248699761725917625780003933315439332
-0.83758145031360976581626149214296857271317817846706 -0.60847662278405711146706788555332249388818763196555
0.43840674753373406379220873586120563822342154339649 0.54660735946556348584896753111377421003801202078001
-0.18585691076725001503947272942523746588401563675476 -0.49502041235343853704222440380451077945928679729568
0.023663778988517527466637676022124932984025689170793 0.45002204849574852655961922749638329411090847559459
0.079616336105307867636455904663847189121694155721909 -0.40917210472710850193285216303976605830365600537118
-0.14258289239244644372062178075948832900383768037603 0.37070496437615678846793509670478633736164585288179
0.17668652487681503211165756185883514746969416902905 -0.33318102155823956561104318533385543371869305603475
-0.18909585642408976424730790627009616775593108640056 0.29521828905708812090070756859395904590641135868593
0.18413918656032579836482894120255425548112480574512 -0.25517964548781976500802684420591620448592638589701
-0.16380880068879224832294821222288756955187960322965 0.21056924166512393687846267795047216368860541571797
0.12682305516825558739991657226241758383244525379301 -0.15609867007394901730677384556594746695143346279430
-0.051870277803317898798220394370285186142112044297196 0.062734045655745812330297564765747166499981260562728
0.0 0.0
0.0 0.0
0.0 0.0
0.0 0.0
0.0 0.0
0.0 0.0
0.0 0.0
0.0 0.0
0.0 0.0
0.0 0.0
0.0 0.0
0.0 0.0
0.0 0.0
0.0 0.0
0.0 0.0
0.0 0.0
0.0 0.0
0.0 0.0
0.0 0.0
0.0 0.0
0.0 0.0
0.0 0.0
0.0 0.0
-0.94850075510603372202882753106385786465863961805716 0.10671791152759724213016870655249542047200043637030
2.5215882609764296071854642507457610104927410651924 -0.27559068850259550975019074931939447228426979478753
-3.9954918623589089025843367445687452811243954474665 0.40680571590425202406092371511641037279633705718364
6.3516209421419878597462833539240506531237239374240 -0.57332879344556920206945014708373115615074289241153
-11.188065846683366921095087660570845564411614980176 0.83580728601851622045852432765486051127818445617257
24.613521968483593115439099201435906954180459553758 -1.3525452090459937322685204715888206544715738953743
-95.257933295227743983526668730990931850921994887303 2.8980156165795297797267734033066612196054118891266
149.46673899238633080754739404173181192119529560128 0.0
-85.949077034686270283496162612490269698775086902460 -3.2815304602364199243621503001933903704792075859165
19.924526517494149953265732063486135166175666576196 1.7350087852172155780685048172052831774515744355945
-8.0391389285569060206307004717202409522814468472651 -1.2174349185063667643669747418016416753874751186291
3.9979255521023565809319074580704069364869358353984 0.95610080474550991609487526575096183753004048933950
-2.1864666049728352078183418084366636260534310700033 -0.79638526277851021014336347002307088191451248435729
1.2393046911842075898247603957800690434864647535253 0.68670201785024408574174013940776940392671979162083
-0.69499218938953439543940581605805152933861516352884 -0.60490380447664929362279023815190254614399319942252
0.36327882067595846740275813728398736773098886322746 0.53986947056094502657518360334400913391797645691071
-0.15437787290541261722380573125624680971705311258119 -0.48535229079505230753952751730360778610151963992878
0.021542444067406692444168852628546911883913966511628 0.43750217566030803221271711252876089579266867053449
0.061429493980112636768035428364119250145020257932501 -0.39371499849800187155773055612443386031096542451378
-0.11004801249865334619664467999778278651393999573554 0.35201735563194563563213700560413907506134701183891
0.13381292810855349313981538345702106567223268505677 -0.31066073372250595625710948247035752242938640194955
-0.13853204321284841933676352788944493231644154448629 0.26772745835926905371562261442136033673802703216916
0.12733661375241454408659414769142212303515295739088 -0.22046109555975745796616565230214024818812804878636
-0.10028773735460470407503478113839900011664293958242 0.16322036312257283369944314609114703226895276810892
0.041287800851186323059360324691328658113281241574082 -0.065560678951798649339752656112105100530898238476374
0.0 0.0
0.0 0.0
0.0 0.0
0.0 0.0
0.0 0.0
0.0 0.0
0.0 0.0
0.0 0.0
0.0 0.0
0.0 0.0
0.0 0.0
0.0 0.0
0.0 0.0
0.0 0.0
0.0 0.0
0.0 0.0
0.0 0.0
0.0 0.0
0.0 0.0
0.0 0.0
0.0 0.0
0.0 0.0
0.0 0.0
0.52063197610058926834938919381844049144260652241091 -0.088304522054600666346239068636185132300818555932855
-1.3704528847350380491593354658193763228615207642246 0.22635284668637202771674334928764414657655595978088
2.1145153197033991170794456474857786387362294159292 -0.32789669108929552857813387784319688467877906607705
-3.1888270023444006417744048604185569164844158952962 0.44653314661902545475038887722181844255825336685743
5.0778717479091947246735378989461985826611880306174 -0.61297828792079289662636144571050677483051469529953
-9.0712793277884839813395017585813234913190200354868 0.88430951836205257569191178577269680527364487867385
20.278399585305649478343381790361503946895773442520 -1.4237529616689064928639224383975040184908310014621
-79.623538188135621406122139424384140073020192645849 3.0400217772055635466479425927510140517354078291840
126.31480130664588431968858448680428966383368028847 0.0
-73.391520150536029784694490642077811033976478373364 -3.4187227232042681881322614063790814613335867787570
17.137193450358551485623118866416928527363410248861 1.8001725842876678906426298362156970040736331927247
-6.9538136963173086415486913826364413412149351212582 -1.2574002190573607862354197985875154043296336351265
3.4748384533530007380963933401768911208147171219388 0.98254513166940915945189436955745675089510390243450
-1.9097263281797304275883541311751885320736011275518 -0.81396799865618481299386757041855430536801185406927
1.0895690908760679854384206496222041947224979131694 0.69773426483996999419182924553146024572214317398956
-0.61803776782819953956356857722781968746265499130949 -0.61066716734436452492989534252505898482715990928699
0.33118874207585991365195738184756161315110477527395 0.54109487999132540130474059495149097732925154879449
-0.15140321014168389131716823691015185624362223646686 -0.48241341864257073616523488915358069120974584431569
0.038156027867843774329959032602360426948235360515593 0.43048426658688179724636869776783976223406688847292
0.031310219036858760272826214387425985472753567536775 -0.38240684690821537370919825415136900786184180455580
-0.070462150515836631369972362363142350829631962606511 0.33582210432405273613416937183704650024479390290898
0.087488982393237942674529326626553468829613660002735 -0.28835922969538090946231816552091273735571905579982
-0.087203000619382412773038557225140866805604636406694 0.23684692605702528576583481594916713793947639668176
0.071396154149523631549805362259291046245803641795031 -0.17507727587735542478196708851593913211657994251678
-0.029816841793513796901337771071371572271527132375093 0.070277262155163413192218838964748104572922342804391
0.0 0.0
0.0 0.0
0.0 0.0
0.0 0.0
0.0 0.0
0.0 0.0
0.0 0.0
0.0 0.0
0.0 0.0
0.0 0.0
0.0 0.0
0.0 0.0
0.0 0.0
0.0 0.0
0.0 0.0
0.0 0.0
0.0 0.0
0.0 0.0
0.0 0.0
0.0 0.0
0.0 0.0
0.0 0.0
0.0 0.0
-0.29579433701545866670524601250098629302972253910614 0.076184790354098478103024609829047494105889408829616
0.77519440769708579575934322149511703261449719077140 -0.19425859242011836759884698016378481566063554220653
-1.1810724488496028328889370642136054834255630851195 0.27774301879454175617455841983183190354931550370240
1.7343492642275584182163684485468113458827098885136 -0.36967010375026208074452678700324324734590923648638
-2.6225616558944490599663606883285324903778368758816 0.48891001792249939375354486743295749630856862092554
4.2402438310100607710344131716723217993597026544834 -0.66279113327770929637306139164638559652614325362601
-7.7044205775465248550929494155497978714224690136967 0.94995544032858026169531305092711292816090483795794
17.486566470633676569419004807557145745051281905101 -1.5227135472050313907569480664952218159476886340242
-69.528388219405119235306540711668037338490769788055 3.2387703678285528900392884379819897802604539002885
111.33415638174200673743879073923054350059694502683 0.0
-65.255140599192817481174099227121944712171796646650 -3.6124101067124467206634512299738108059543374982366
15.340661984188749960039158391366417916368923767424 1.8933745892193568702976907223785445900719458058237
-6.2642453338606954483164258741350756082634311076741 -1.3159126827740929065596655882217436030176787668867
3.1519961802726788906456679863141228258102789055292 1.0227696960963879746290155224415397403452494424884
-1.7480667857637897352898992397761411515925073895611 -0.84241749820640358883891995860366676293560273939925
1.0112323863762939002763839516727532430949244560087 0.71759804258070630734020722478387804344344878657303
-0.58751540372845474915125351875150733979436668064175 -0.62366767719611640754213661433036743444879808115139
0.33010326200694219935128432524493755379323113214189 0.54816038523744989059189654303268626094757260753752
-0.16930813458610797515110208481238238092511221818932 -0.48394353492932420899577210363188156593291415215644
0.068654292387299598017162306594329073634922958953380 0.42642881495844047981807874179917965886247585572874
-0.0076045084823936545231694621031972060992732056648713 -0.37221026443920517861515994262733167202366964866739
-0.026033032571443028211201135208635914637519539186841 0.31818196162124054833275136249123595520475715865939
0.039688484904146235210446950449085724655538068666292 -0.26053394780996806376042649232228948294453076845104
-0.037552108518058386681197285011536936027705674695990 0.19222134193379631513838445236140196201921508670265
0.016439704674030626566578064908224053050062483048221 -0.077097992700618979026367943289167663325763343218333
0.0 0.0
0.0 0.0
0.0 0.0
0.0 0.0
0.0 0.0
0.0 0.0
0.0 0.0
0.0 0.0
0.0 0.0
0.0 0.0
0.0 0.0
0.0 0.0
0.0 0.0
0.0 0.0
0.0 0.0
0.0 0.0
0.0 0.0
0.0 0.0
0.0 0.0
0.0 0.0
0.0 0.0
0.0 0.0
0.0 0.0
0.16825640843788574276353553073944566889372796027472 -0.067926175487334303887781750613584625980089119384062
-0.44129720249929137766979504685030243423937772304468 0.17252653205798221164800772662466408962211650738684
0.67200629321576707118303165058831333256047121772069 -0.24432818616291228845249598417747266542632828165603
-0.97990168656675019819258030941068040479619261212104 0.31996122278424548697293683977815989577270820281781
1.4505252878460963239723148963627164960662464816573 -0.41264996902628750528516665520546920874614940670106
-2.2363676198349246160312695230514519225545659509410 0.53809900612597018778039685875416039115064556072437
3.6883550657748987148790888177896034787521995873818 -0.72395912727982136666279433059731335047100283406809
-6.8170583073465137165566142851461980318618494011233 1.0323648961179668340168972580692325403236015043422
15.686531249789704536068276745675977809671971079027 -1.6477881037079835470282709472903349683274695415223
-63.050084211343998825310277170329440079762392676557 3.4903420534036405098659731602377254399562463693033
101.79464473923007941156224649708232535016896483006 0.0
-60.131605678209740535188781392061581252114837581846 -3.8586433171963263785524353786974999601930748780947
14.235049002367752964740410780305118998957267985602 2.0126287994245823569968910371980158830183971992849
-5.8571130908262174795736159149475026379516200587003 -1.3915747488728506505670807281735018072681767950472
2.9753873395590382386496406444343806067717255185389 1.0755979509697522378386081550614405265076976694219
-1.6723864624771598311273513248312491600699689382753 -0.88061049171833990288919787485822465679305397660588
0.98745504312121964383494037650016028793688615083508 0.74511519997418877686923313291237467149618188004448
-0.59325714189454943355232842771640763678400247532631 -0.64257734458984116702538040024446997511842848526342
0.35370910205681581029046522596113330250425137279881 0.55947923769236282370675646725135525382378302549704
-0.20404101416965590721690670438543952126021196439175 -0.48794426249705499627947526233739716273750183429014
0.11021358308774751776453433810253398721223747058280 0.42267610630287148666129599554002581876711921437305
-0.052892797033984935411956253662634256488708953167947 -0.35933411528839671726372830616935157515663141025967
0.020318065934986971243564476561907580346031708803165 0.29311386844297017736680084831344112647519663627338
-0.0047401206748644502074342232199321220675428906272526 -0.21575787780289055079125390055280452400497900960778
0.00020198959040813096711614752505458527665293155164653 0.086454931719992598458332408926829989171232281461051
0.0 0.0
0.0 0.0
0.0 0.0
0.0 0.0
0.0 0.0
0.0 0.0
0.0 0.0
0.0 0.0
0.0 0.0
0.0 0.0
0.0 0.0
0.0 0.0
0.0 0.0
0.0 0.0
0.0 0.0
0.0 0.0
0.0 0.0
0.0 0.0
0.0 0.0
0.0 0.0
0.0 0.0
0.0 0.0
0.0 0.0
-0.091237095140775310669059176726236907557913175556852 0.062199368284305004024789513125621935009267578138187
0.24130213095166184095492209362681299729628970287466 -0.15751294610150845822210857392700200138338412708222
-0.37320787205735233643247571947295869808439603605142 0.22146789722091965492404348170034976420479985042170
0.55235405814324989533466283706962654192852207924190 -0.28656784831782677980351140038341662217584164145173
-0.82228918095231879243946728979837150357023244571571 0.36298820884457463282213140783607505663052625745531
1.2523388743217506226501488711788971899834620492829 -0.46100467104834577604033021466168842411284714354559
-1.9810219027770926000560202204575296004236996714215 0.59612617844281962007347555109426796355110644870813
3.3350690099173452060205812755672132404516855895897 -0.79757917517673357249708506388251133822569214032205
-6.2617095436984718183528968531561463599383243768817 1.1322527890112676844708717346675244329975389424238
14.581348493143574686943281112932734560225392871297 -1.7996586289382333421969323791925972053004323080773
-59.154181362246489545222181629728539593491190584241 3.7959220284111925037241795983716086866416427081148
96.226765039514255889786810808887165271726318665340 0.0
-57.263335018732272385479528977898129997215287847458 -4.1586265449848438467049228836814303527063462997313
13.660072940640160993491031972270765354165361613581 2.1584618564466079503798144709606890240318150508586
-5.6726552938583185521367211693672533867463608390321 -1.4845992972185469320578028085984019529631828132497
2.9171558907272407468135877790283373152342965642885 1.1409886097002282762641657128218254519374526250824
-1.6681603759954875806816459256574209253482238078851 -0.92824052075234451672583242232320923378509259853912
1.0101822724704679270530703323219442602502433923815 0.77966315463485750989691868560455659353287419294004
-0.63059792422730960187214916282167082507205017448346 -0.66636267473327852664996682027600323277456140196042
0.39909972495911495945296601023786210083578252945952 0.57344417084218630995528164083650157912786480299420
-0.25339515636418757649836954883111171218868799077842 -0.49194558705032882134275487198619787204108127807010
0.16039289936795700899173822992159765665017613647582 0.41533340269555038395928689530719712944883251879785
-0.10064875307669311688979546195371731587225784998097 -0.33719518292247278055005785236563672992954527140779
0.060747082351470568750542368609514079189439845694996 0.24749548512168182003941991496639974130912598279541
-0.022139948656048253718135324736023826074241521870921 -0.099054729195858323222450403825187210660953666340309
0.0 0.0
0.0 0.0
0.0 0.0
0.0 0.0
0.0 0.0
0.0 0.0
0.0 0.0
0.0 0.0
0.0 0.0
0.0 0.0
0.0 0.0
0.0 0.0
0.0 0.0
0.0 0.0
0.0 0.0
0.0 0.0
0.0 0.0
0.0 0.0
0.0 0.0
0.0 0.0
0.0 0.0
0.0 0.0
0.0 0.0
0.042153076746375419096347119713866272417722624544673 -0.058238301365578071253415018471387948335254871805172
-0.11464618397612375761283858552020795853521382710903 0.14714207789494831156940105363243876904072612523586
0.18687156504352525200976587835787380228906254711672 -0.20574048139556698514670192073506522362395154154693
-0.29258516408553391598696706054625532136692344436495 0.26379800968186976147959281990399548020863383365342
0.45550412276864130535530493381862894858848042516690 -0.32969828408303242637883174856738217623132426049769
-0.71106943072836351866927614158246913115777515270250 0.41085393978488916024601756029516848803568138368324
1.1234655603135498177409026514837133253533888112768 -0.51711131499534427445804969231883673076241472683721
-1.8250387026100548519873003144576053517466572196912 0.66474096766601081074562497836762584983818957544249
3.1308596120738020011961555619074949190014138936022 -0.88528169325832655595691157130365620656122582733596
-5.9577387463421357724503864219312288399112000745233 1.2515256921035181317934326035373993732071460200759
14.012019146944630130043907733172995365356524764958 -1.9810956231017319672585197357530540674086259118762
-57.297509553433603500975471604325369726455430791474 4.1611083970656730638654428653888742493670156311346
93.878833576113626374038172983010333962299882197183 0.0
-56.277014308541356922925668770325770275509294002564 -4.5179962134043085958698617281919499225897725679194
13.541086595913923691955722774972819073581586738976 2.3335486850344341807957921084175379734110190213091
-5.6853093274221787262691007787098930567611416351290 -1.5965440433931021579964634787616256213437409002435
2.9668359623164673472950653762457086487992743786938 1.2197926236039655207839829572010665150470370810840
-1.7309173263973400788298884638799472347144133880688 -0.98555258831741850512666320611509314419867601421776
1.0775568416904520815656991278648680778105897264335 0.82084255000227499730186665941132408829384384596204
-0.69867591677506762190127758691468848773421763773585 -0.69382107672478963557262211107653291220105382997456
0.46534383590707861702457880905557014360859178973578 0.58771626947356056787265999629559240825062532668630
-0.31528447225353587546267674424676203492519496509317 -0.49179522177682432898953022593590613102610618174569
0.21423084768829837605306779119291329646395313533567 0.39688812795905005202279393258604169467482401105121
-0.13901993652786619173992993458723036150682010126753 -0.29026262892600963505285136657557790151011638614504
0.052650269969434513768700632782481553342953922286172 0.11599916861459454666647303675139442718737404515751
0.0 0.0
0.0 0.0
0.0 0.0
0.0 0.0
0.0 0.0
0.0 0.0
0.0 0.0
0.0 0.0
0.0 0.0
0.0 0.0
0.0 0.0
0.0 0.0
0.0 0.0
0.0 0.0
0.0 0.0
0.0 0.0
0.0 0.0
0.0 0.0
0.0 0.0
0.0 0.0
0.0 0.0
0.0 0.0
0.0 0.0
-0.0092912205001958983790182932958288176693656186673363 0.055587539994505894435173531146285563616412133005581
0.030286969446646869962640562487207464496936267599345 -0.14018884012770821690090235922632006909144800005247
-0.064301830801490486576848372622176432147377511939384 0.19516407633663296564505259080842943912953970727327
0.12520387874294870702448661178433284411012996229969 -0.24846528968729303447466122120017199175471894632895
-0.22627891999838670178540632066434563003329061910900 0.30736590121365317947636858823048870365599603470855
0.38725852178157217139867183655267422555110512103665 -0.37763518495013466472769598119279714976126566816317
-0.64165992193711725108939921146730509078788774550688 0.46614578454428635683351480699154225217268994650235
1.0523524727984623851613970348829074874652983551087 -0.58311129756950520070022320833676238253458917254604
-1.7504673430016591884309423454770538687452982032591 0.74608826347079358262509984784985414433250629410276
3.0496660242074329234350521488736213950306155128426 -0.98956528319913204329014467476611511332335742462216
-5.8651519399479904670301013275330884701823442786330 1.3934846760459112557198524517813780543118504166463
13.904841038399474878623274241000461781741064436794 -2.1971382679844012718708973656948987830707418269200
-57.251247001576859576630967200823931926740026365696 4.5962089557146454142921974361278197283895918879179
94.478562119401834290176406628424726654008046384903 0.0
-57.069419299581298466134946722788600109594658659364 -4.9471003690319798495876803294917439556804373616907
13.866993678385623212631392967580033476388224571021 2.5428189759392987994194639797772985811041686097857
-5.8963466442945540734587309719960846450417158326427 -1.7303239557238281673414544079057373328582737912847
3.1283335819797770744394813540194842551218580468391 1.3136694928828907153600549336168860662713160985503
-1.8648070610274230273649473940532414091010416152005 -1.0531304327861141072220222951028549022429625203853
1.1929984560472037346993198934666448563685558082831 0.86806480207307249496374489603262632070209657787675
-0.79938674693517548792253995716250217813848239871717 -0.72282452820586798086846372559635995435952222756379
0.55162629181988007622031576072933366346930927769878 0.59780293087406523696911066222779359195431050208112
-0.38376912890191675660849783499264682542067251165950 -0.47870942160694432396281385674446069159237371878491
0.25430487350084728900899187639431488792062516500346 0.34849107016719292366682600357253152869355026669525
-0.097339623906980385350102739452651916289662284095486 -0.13900626892015368935871585561581171016077299028421
0.0 0.0
0.0 0.0
0.0 0.0
0.0 0.0
0.0 0.0
0.0 0.0
0.0 0.0
0.0 0.0
0.0 0.0
0.0 0.0
0.0 0.0
0.0 0.0
0.0 0.0
0.0 0.0
0.0 0.0
0.0 0.0
0.0 0.0
0.0 0.0
0.0 0.0
0.0 0.0
0.0 0.0
0.0 0.0
0.0 0.0
-0.013810595604368957437137000301415199269301573641648 -0.053976670183474282617822967031499346252492763922258
0.028744250834354181658993554281543714018855904395277 0.13592781806186855288455635728978695803851287178181
-0.020529258744229418493059188952802473279289196098949 -0.18857483564464531955222213704349646189965008015272
-0.011398248872127290466514915581964598473898501361522 0.23873145224372637277237410736788368082309886480757
0.074333616708851334735494681620152590453458436960870 -0.29296793641635954165147316148948979883398433634732
-0.17994331336187575908496125816693718539385281011770 0.35605557375364705847992588651815060308123664519002
0.34742413770685015545493796866021679921304550121790 -0.43316986245046124096908390470412080962280925339333
-0.61047509491019574221774397933172319376213701447947 0.53134224108876263494442984712030300376299827947225
1.0331004411488797588785774583449563118370587008868 -0.66157307769375075713792734265981582444750239695911
-1.7495627151349481385747521057104824295945802946217 0.84313840720633869014772312241535726450565423459061
3.0820811075022840236669967992606849471917594682842 -1.1141675841248106768208404766629774268356823872034
-5.9731620731543894233991761002455427218462847788564 1.5632453862617812408725797749330050564368759061816
14.249916267786425565999804780792535332953771412938 -2.4557019950362027206157573245498341881999931106987
-59.034834281824832482246104313956469569657474432764 5.1174736670835565688149762755876001849557520441353
98.156615688187011573681827787813746837970213940294 0.0
-59.780210360370716443351059713735220931931590634193 -5.4622128118982480549195549020401570611807770092049
14.687840845004890163864884294047349845901712647655 2.7939894777845051035259649546351649797260459861838
-6.3345159118625913261508846921573590355832565915714 -1.8904435649416820545166909960511933903304872711286
3.4209840744474580036187663064363438545711445315866 1.4250666420758494664680498275526381262795703577039
-2.0833262921435771963250106720075243849916235282786 -1.1315628731896663688850012982603116480666493085552
1.3650692061306869303831903887047502687594071981156 0.91972855283041710868664383176544355633995194435403
-0.93554019485965752854411800439480446962877994296581 -0.74858581713423099026791074453244761438574751170133
0.65171808100177385120844916979411708772047428617862 0.59328512148692256159970599123654337811805381138709
-0.43356342971121674846383144553400799439803740632618 -0.42928977489382692843127037910776442067877085756317
0.16636499398081209642861040023647672423283620512339 0.17081357675502625642126577840969516397379092033943
0.0 0.0
0.0 0.0
0.0 0.0
0.0 0.0
0.0 0.0
0.0 0.0
0.0 0.0
0.0 0.0
0.0 0.0
0.0 0.0
0.0 0.0
0.0 0.0
0.0 0.0
0.0 0.0
0.0 0.0
0.0 0.0
0.0 0.0
0.0 0.0
0.0 0.0
0.0 0.0
0.0 0.0
0.0 0.0
0.0 0.0
0.030927021537374970398483955838713616419281180544710 0.053256264043780458310642084763879008954166191372116
-0.072283649451163806497434058663223790768115896933737 -0.13395592468319476882084100714923375400530513014513
0.082434103689881533901113657561914943775329181790571 0.18532010462329083695754740157978187097015975326158
-0.070263183455814414728349901241107121539555463989553 -0.23355992149323977302648556744228486826744071437983
0.032183347805227837276760796909042579195859756978076 0.28480888548914672068303705057944696838127643663696
0.038972770398085370457610688898020536137061276462968 -0.34321428694421873021322549515450623149244347226464
-0.15503474101297995326826019739911915761544470122585 0.41292713361335629863796135582828821903667635315999
0.33588890735911006313309056968712840634406158535278 -0.49916525892107356580602109327965698027044770715083
-0.61683689601711070773031505667124830359013410868774 0.60948061690134182007131135259918512176893241710012
1.0653443804221266621766635475298095444225778602054 -0.75599738731152170791366919909603556410830717365421
-1.8234957329233004687850039315803905394721909582665 0.96017846953709892115106231875323414399993974966420
3.2332932711777258784953958337567621337398236232487 -1.2646395778713352150542421609360150971068394482747
-6.2976779973155380419237246801698908806176942887695 1.7685089262119046380994063020791835941917162445962
15.099228864058409658483530306882971466767980791797 -2.7687764607135780839033006660505444101854670738317
-62.925256468974453079156218660043151541243757599656 5.7495806723468329189004801626882259169807877389513
105.49201782201710941377175405340827551314892709468 0.0
-64.838102102779960001966170068741913358406554790229 -6.0879882502210120697473042246928500666869592687101
16.131008256519831062503266787991597933640096592105 3.0986342964453429354514120985169763962758256734492
-7.0650062289148233374974105399103171813246738900167 -2.0834475021076556985821623552807032386855859309287
3.8849909646725523492546615214613834447934382183705 1.5571204843967069803265324520442739235970891624325
-2.4119388489509935514712870799473329630707327208825 -1.2206060329970471817467443381977956188487767718545
1.6065132766227631349713607878865810316506656485619 0.97108916087518206679762486427796609216313089400304
-1.1033007628421560901436643193634949826001754532600 -0.75871090829207297929017000038716089367154561744018
0.72936625537372317572336314097527660415293279391325 0.54449886981178864318918975458882473864257958216777
-0.27929775084567417546884646492797802257024795577218 -0.21593969336666260069159300000719824596235047027294
0.0 0.0
0.0 0.0
0.0 0.0
0.0 0.0
0.0 0.0
0.0 0.0
0.0 0.0
0.0 0.0
0.0 0.0
0.0 0.0
0.0 0.0
0.0 0.0
0.0 0.0
0.0 0.0
0.0 0.0
0.0 0.0
0.0 0.0
0.0 0.0
0.0 0.0
0.0 0.0
0.0 0.0
0.0 0.0
0.0 0.0
-0.044399216503712697238245610988410328833971261143159 -0.053367354395547086655891081327529912909071058282762
0.10638919359954643129559825915680335786589637643168 0.13410749562920653780763083546900931337163313962957
-0.13038480705187593035461492369414988580627880817173 -0.18511097707955249788782015176321990193010747900345
0.13242100881561102161376304309382147246353969762522 0.23245527520039235503292008090645721063448104006789
-0.11136755779892892533123558103259909947774713600373 -0.28202927733171847346861126510469335929780674115708
0.062747823830515109487805638134919785239893535394043 0.33759259332259284910384423758431593803913452437091
0.021173262339880926852566358053072706207130512852580 -0.40265905526562861866583331374424658326746994650684
-0.15310663070556536786889350828865283774680825139147 0.48135560200643788932349310465369746750636917098505
0.35455552515937340254912628807435253512668974350551 -0.57927143940306106134913666302262909582710779157076
-0.66391376183247464084690367865843703553675245658995 0.70476714495126884447188983321811604074570606753925
1.1548851692761678188542560094892512063819300475158 -0.87145485746108969271311937594569397560899048671386
-1.9832461760425809642193938601595091975213557535390 1.1035686314820134815647073634348113725646759228305
3.5251146881733765506494573869720973592125771173881 -1.4493247852619948186365017752235620460284978588298
-6.8866628552458669888765739813451145499517243330221 2.0209391394849114918251870242412883798854745219100
16.583602424652058452147082942231751560994533740631 -3.1546100728615316690876668385374315436852926063448
-69.547841888019539737329443084318590522660526796419 6.5302103317477881982408320886197610325719245660577
117.70625406368621161612791152040768180416508048464 0.0
-73.107105165121414234408240487383304536109650655463 -6.8619707980758943496661721102521069621264095329577
18.445187742604305108066841111775589959457571902400 3.4740911475003507228702639812640380263104253522181
-8.2114820589652685937728258186652439788042577741607 -2.3185809401676768884909886861751390507540410802162
4.5933369358731416392700781835119427838984219226450 1.7130688105503766748935874699160767449382763657233
-2.8914948231450145852604320850364675313282860593191 -1.3166510819586829740476275778478270672994402418237
1.9249889545145874379567340151937412770035226711406 1.0076645342644103388855297052357787319006089476428
-1.2522924692343452553435488618949828624973348417086 -0.71485588050868666784487293652593427078620304810681
0.47665722595548076738837728785504915682922535228892 0.28220239991607340452917909554594391871056539522990
0.0 0.0
0.0 0.0
0.0 0.0
0.0 0.0
0.0 0.0
0.0 0.0
0.0 0.0
0.0 0.0
0.0 0.0
0.0 0.0
0.0 0.0
0.0 0.0
0.0 0.0
0.0 0.0
0.0 0.0
0.0 0.0
0.0 0.0
0.0 0.0
0.0 0.0
0.0 0.0
0.0 0.0
0.0 0.0
0.0 0.0
0.055793896834703046684985320271099415518336616868974 0.054333261111538065834238927574415707988503433208186
-0.13508460385309438698729798686604827168121722350537 -0.13642937067002047397623573151308250243483997102976
0.17023725684066202042025385251330371068057602871170 0.18797205625886637487525184770581659011075256679452
-0.18310418661697209680492416238110114725110675114198 -0.23536207018492325583859877391341794567362690632161
0.17429862144005533058639721423841425481691225132564 0.28439876798203248365069740093833128168851460354699
-0.14105339637824821422753026991187157676183753992661 -0.33861822295449069660250028823077196764542605125799
0.078053472486557457714604047067212867757164143019272 0.40114008231100918093805113551453117696600961854890
0.023409400075059361848928333391231786155850435471388 -0.47541789741659307403779904117770892146794702014581
-0.17759475629307409538815340529659423318435884846334 0.56586708720483420721589015940563302035586863116022
0.40872254366930590241028203248109359677171376053250 -0.67871339904628205614685471294102937731385226720461
-0.76024016492787204617497775569185531780002520944742 0.82344243656273991974323011695097895610623147860726
1.3159061921005536224266856639118323246555163438358 -1.0156222306570459843270472672282224504007532164338
-2.2534213511141489594075697037712988722216104991381 1.2830567995888637474768292674711128623475249919617
4.0033654283296228375641462819734990524172259859499 -1.6811183635763142026601077233566322419678191950060
-7.8364743082117259282749516778160539147146912602033 2.3386810663853348484652815153302099839271749689140
18.958380735428856532708974050095658241966212246044 -3.6417493449688705941402077730998627476450430040501
-80.102477864664514384730596076902259764336112725372 7.5185696755379899312698971012638012065340875807845
137.12536154831789070652126473533520354151969917635 0.0
-86.224893681071632374749965252006894396067606942362 -7.8429585976618257268397153952523085931236368774930
22.100032994911054729799606764278514000285679821917 3.9468014869265713609942755937730074713236461165364
-10.004091204987412829971654371203692349274650890358 -2.6084365198972209629118567196835467158478091135380
5.6736787381591771505252667971374888417649861721070 1.8936629197475005303160217988227304349593412968521
-3.5722238031904050612526421987815603306688716663875 -1.4039349798694111618318284912387487186660483136855
2.2577368466193124311489746562243045756087309228416 0.97912191846357838334765217038534717379865719345207
-0.84997873311134491287112358912603754130958908164783 -0.38396581703283379513496257243822216290342457198404
0.0 0.0
0.0 0.0
0.0 0.0
0.0 0.0
0.0 0.0
0.0 0.0
0.0 0.0
0.0 0.0
0.0 0.0
0.0 0.0
0.0 0.0
0.0 0.0
0.0 0.0
0.0 0.0
0.0 0.0
0.0 0.0
0.0 0.0
0.0 0.0
0.0 0.0
0.0 0.0
0.0 0.0
0.0 0.0
0.0 0.0
-0.066287112018721808877345017883871412571090405564514 -0.056272971690156177368209281129606430302887525323381
0.16136259188261154404972876255723041086655506731351 0.14121196630859334389132138139471577479890103770037
-0.20625481845027914141424334288493636316806151095884 -0.19427528931056597225066218615202074167316918165104
0.22796993680788862422606685795880943466655426147304 0.24268629725478744700410880252983071636504526090292
-0.22845452935024239973377050352949474925482515492466 -0.29229792091741162394105275866248343574139006322651
0.20608913989366570585501297299039214768114293720635 0.34655087336776044360211381264671271451708571706965
-0.15705784139146205348295777756741769945277979521723 -0.40833876014919748865413756784899943234006924121244
0.075002270433188979251828612779805433363052484302916 0.48070587722096004135401620569339193847467084494126
0.050287538140419100088831288933423833550814358584594 -0.56735449638043013427996523453720029952418946180339
-0.23553679641863964754115565052539245324214917657537 0.67324886747714395715288116704824290622050644426419
0.50927954538959346626592239821185754499095317431823 -0.80555272728354814408017902657195332849690345042664
-0.92295364018310926090884902460322041963951317632079 0.97529952557461587093429185460567194717018431011831
1.5761895032537260129963568134171260964344921055573 -1.2006822852221064422212986372491778190297445739700
-2.6813175154813962083844014967054886206880244566629 1.5142462373346760862338659097460324288482437714270
4.7551092309596768211994272124905754582915881728394 -1.9808182081531808447131543631788773681373436604845
-9.3294155748339666969086887302689237471995486142249 2.7512144994241060278316893758704524815888526032994
22.707619364355833063337760527929777181350295235710 -4.2769062866354848973611949188367944283520744007072
-96.880156141000998141042756397204885141405472358278 8.8121541368242196555170949637222548159911012679386
168.24529239604311745549243843387791015341107839589 0.0
-107.38893761937450619532763347604896109135179863311 -9.1273223538159246284508992223055152694276232164263
28.017573399306204079050796357179693564166067666612 4.5581703676072023607768052366555545982203251009709
-12.884719045740896969135680811669701473127431996804 -2.9681280467894716298566650219882331599005644662991
7.3346917982575087669494888347658485382514626982028 2.0859910082293029848102279277833035117239044402961
-4.4107666367059271502791390376023767746075040268938 -1.4161608637731744089146785385063220660836166618670
1.6300280383008954758081946458280904873465231379620 0.54973424846855754633397061959382979795235284861116
0.0 0.0
0.0 0.0
0.0 0.0
0.0 0.0
0.0 0.0
0.0 0.0
0.0 0.0
0.0 0.0
0.0 0.0
0.0 0.0
0.0 0.0
0.0 0.0
0.0 0.0
0.0 0.0
0.0 0.0
0.0 0.0
0.0 0.0
0.0 0.0
0.0 0.0
0.0 0.0
0.0 0.0
0.0 0.0
0.0 0.0
0.076939169048362009849895831550137624232355786858298 0.059447266528715050963993391370465492226141620601779
-0.18789088532128954800817393998697588134226776578876 -0.14910343489660909495201475293586754553198265687580
0.24213789357646756768262609676549606360133473800157 0.20489147906067118701573369788595955750181387323578
-0.27172821283818231776905397758172072028117668760866 -0.25547213034646483733439267531505925055261374006717
0.27972350828645373322543254391865338491736191978423 0.30690579886520746396161592922837699563790013864392
-0.26531815990804692027559825783965220105571247912383 -0.36265437277178899216514996786293835587437610776850
0.22565295758666378302186319110917098962914963682646 0.42551792208704175828450768306567451955786049087822
-0.15578479720383011788000780083833003262518616404033 -0.49831842587817984499944898083946499664413937310557
0.047844136506621729375736364379029373435594395629551 0.58434357686879399170039551043092174791524454172545
0.11073732585166279127551837486778927544817054077735 -0.68781695932717517322566880519230559999996855649614
-0.34062213652921071463024956311088494204347470858347 0.81456474755963120808566285825794284568809253199550
0.67725805031687635236207432832849233365989534149285 -0.97311437924429207764821311918347155609153122263160
-1.1849210454381811885983136954147443362430549681152 1.1766874681676731773704891362407931653100772123309
1.9888389612448108042102072068288293269080512085705 -1.4471444539571819583203789019864467898586350116645
-3.3574699736388414622810330975554841953192383035076 1.8236165810156113040197372409295208318800691066043
5.9480868383486966713502678291442081008498459447546 -2.3840178634093273724593401937775743848478075365430
-11.720751855840244056226691941383957208051039433204 3.3094527470489914765123601911135902569687625739226
28.789921583227374307836185354959715094796002518036 -5.1415355506186883721044074591381492629775518085883
-124.51020361531886791186722849220537515298048959732 10.582512407043696330835248000851508367418057367082
220.38093667189581095109691531221378971911317601210 0.0
-143.35165539013446269949892802943197287744479462557 -10.883338436877612283433657194968634607343192312408
38.158745673635634353205183750871218371599241662623 5.3743450363980596649660104239729663758507205971264
-17.734064408974279224603363200378312305846301982675 -3.4043608498710774408099841362624898680298838611529
9.7467332841577429302090829365896537014967604926097 2.2059077739175333314235331471247182807261444208174
-3.4882415537377806937440685045939415723138170396510 -0.84207990145889503918042814111034073044133656790359
0.0 0.0
0.0 0.0
0.0 0.0
0.0 0.0
0.0 0.0
0.0 0.0
0.0 0.0
0.0 0.0
0.0 0.0
0.0 0.0
0.0 0.0
0.0 0.0
0.0 0.0
0.0 0.0
0.0 0.0
0.0 0.0
0.0 0.0
0.0 0.0
0.0 0.0
0.0 0.0
0.0 0.0
0.0 0.0
0.0 0.0
-0.088991852152462726204085229505106567986302395453156 -0.064375605697291972842225302150154812987865083841517
0.21775826046947816187762442693489650761243570932743 0.16140169397635145269741380421252818366153196142018
-0.28205433900558358547062051231828253592959721082502 -0.22158767024643053215237933893767684304745187496081
0.31944993508731456234339851088290231927543785711218 0.27588889416768352363960769358208358385002334554930
-0.33404942502462696570755276709689387545859249733962 -0.33076857323728391650246372552534577575893722170524
0.32566060269250480579875267934029594061529675561349 0.38983790984643327310715165772339416546370792322029
-0.29203555738737593502567227907591342970250038114936 -0.45592875077272702642788097359774506676972820914723
0.22906411770786510036299196836521634382765935675333 0.53179635093924175860747906497292499795329653861360
-0.13020109248781542629382774097295873678000952508616 -0.62053747358621374846551070951335727036598905437891
-0.014832474303785578421233516898843348709880244982960 0.72599027217627298519196087396890181502984956205185
0.22248802273940812728544415727391447994853085761359 -0.85325572870311897931049960761454487673825067461703
-0.51998064235932437771505014756655856193551744539055 1.0094991002614820228367731748035724784583349526438
0.95434131294738711858145363039152986748191392277260 -1.2053064271424815968859211523413061012585289778644
-1.6115092433599663648615666325822816676880854053416 1.4571650243102203789420215821290607469965683642968
2.6602694790606420083835975096460740795832388795268 -1.7923822375648337282829146742351766301287514802689
-4.4654959466024438417902314580263798811073604462069 2.2598463867014690029251942224843540438755095577595
7.9282684358384037806371332911673043155077888934199 -2.9568197518965734855196202445289973295348734252093
-15.759459622921037697166314692006080363976321196479 4.1090738950659779927794300649065620068189639404615
39.281859252590173076210666774132631121331235965104 -6.3907535559131331243034697397642255310769501171752
-173.34799864900298933022515263237000577065559316416 13.160677716054751584592826009894440352238872378138
315.19741237658817978836809439380966680261732685824 0.0
-210.26045460735630765669696347009344048304236043904 -13.430956619255046822044076539055764545653465632058
57.197298962231442649311224122951216269239386140066 6.4961043282570709573249408173177394607392716357239
-26.124455438103053412573911894560826717712523638672 -3.8322178921653584117926048260729814521892679817553
8.8027816384312211984228328149641889654978555950731 1.4186807119989970251071695625548627832688666538475
0.0 0.0
0.0 0.0
0.0 0.0
0.0 0.0
0.0 0.0
0.0 0.0
0.0 0.0
0.0 0.0
0.0 0.0
0.0 0.0
0.0 0.0
0.0 0.0
0.0 0.0
0.0 0.0
0.0 0.0
0.0 0.0
0.0 0.0
0.0 0.0
0.0 0.0
0.0 0.0
0.0 0.0
0.0 0.0
0.0 0.0
0.10441785007588218877941486668238943443542254049280 0.072149878488617195093731363324931878494539602270968
-0.25583183245363528977457232809461071910605088438067 -0.18084003199257807576440408566606607095961632166618
0.33244093179907470895295798771295530458027162731077 0.24810227834507521304320479057228147324526575518710
-0.37870064675203354851158122096482731685068111058361 -0.30856247726193453845763176269944049451460766992546
0.39984013081486611661057957509592299932979770259210 0.36938270568189387969249027821523598581913858132503
-0.39616847205144050347173801099350535675512041065881 -0.43449916140834967136352422732760577267133399115816
0.36580128126029778103589509865424530534599893974893 0.50692654298444121238257913741913745347907002308190
-0.30503839725973396660792924914790335284919922291813 -0.58951815700036697703781402610700150310581245186890
0.20794926086959886394696154093714086367034844588925 0.68539017187969935429383804402987460605026668368545
-0.065314935012072191769286688464231790369603894720347 -0.79829478522228932916081440438921888160220808783912
-0.13734515054595643184173064770653614857254453172444 0.93307219372181269929106530052209052095080533119586
0.42336922579935174942758834781345540226198396466415 -1.0963040249333781858111256663413212864941354927850
-0.83172091520629987281240591411130810609787931600709 1.2973565397200377261795252745936710999409392545795
1.4304283073082530995505480256664111767726972230061 -1.5501694665295579849636847076675728609545721150476
-2.3451935706067976640163492642629024581233771199499 1.8765400514448155154141416394709476915613658135876
3.8258946502429134816627767617050409416116890308295 -2.3126387310732767887756732090240102542645710707081
-6.4197444880220194678394969011785927726987660828961 2.9232504441625864435324706983994170125899277757618
11.496713314251188938663080796562650344312788198516 -3.8371752626283577601696857986517821650293346568165
-23.237090602483093921225900442860738366588018899432 5.3529037069548443512028505718578035539973598701653
59.354751537591959413690833088145373406336234742955 -8.3596278829755594706978631931785177698841391751858
-270.45989832312472005088599163341152790844656514654 17.276359305935452318980886698343677607059742977513
512.88739644553154375317111515732948841129326014099 0.0
-354.73868479196872869718527819111627547142955008270 -17.450886803746158760632799622077670686287335415476
97.676676196479335901345784746244681134257960307865 7.9850788049771311512487557861931439981975030469403
-28.829626144266835578561070212943929501988799877747 -2.7654249505539267821288856048671716171134382028000
0.0 0.0
0.0 0.0
0.0 0.0
0.0 0.0
0.0 0.0
0.0 0.0
0.0 0.0
0.0 0.0
0.0 0.0
0.0 0.0
0.0 0.0
0.0 0.0
0.0 0.0
0.0 0.0
0.0 0.0
0.0 0.0
0.0 0.0
0.0 0.0
0.0 0.0
0.0 0.0
0.0 0.0
0.0 0.0
0.0 0.0
-0.12753515414261666203004129056829104604382429240743 -0.085463959301025112202282435803515471436270748001703
0.31272321479442000541197475171820956803498483871480 0.21416637467720827841518614748335473068661857025701
-0.40719299458040008591551578953851509284801363979488 -0.29367954723754654105483691326926420853542948460760
0.46552728855867208266063426376793455542140725603181 0.36496270826746273149343264623746119113410438575247
-0.49442546114160114650331419777429263109476357998528 -0.43643261528391112649567615506804223241118625090069
0.49466457566979983793690224637693613507911304339787 0.51266176465845397362443746750163864391678351683487
-0.46449900375913715612180514714773047308441953758990 -0.59709370048796860374589899166744264628679605064917
0.40022675845395435914539732681471357479376612536432 0.69292269553081393781355243440479147092564654546519
-0.29585846465136168795809956862983333712199240654138 -0.80356372375850432853918191086657270163778209910430
0.14213492729045454496131578819322125073935388291978 0.93304075018485483838262500308425720198830549589345
0.075309144762395360917833134498230590880600049918186 -1.0864299201050656117695962420336914577301117847320
-0.37921988437270543474707135661847994988710256281950 1.2704689762172926313473279611680051831473537385933
0.80668800808907224031953433810177159843058017404559 -1.4944854899856460491896814787577368858707269385437
-1.4204950641519948112752701029359898259260173059930 1.7719100348207408619310883024625018300974776394295
2.3319786377581765471492797448059614400943234923819 -2.1228937323337853745925415999018620931294422033131
-3.7505171936904488193856914864053232547212569242017 2.5791320031897932302462326382850530621745089917340
6.1005939550871726092108374878407450870559340338567 -3.1934480206092053225009422408506990761445601954009
-10.332280194011207655140071137067592235291987550442 4.0607337012952142359948340606841285102434944516757
18.881531699704884622759703195113232980382642274818 -5.3699196136009388972786973491551149494262527883027
-39.374788729413142942270659760083301533122562726446 7.5586727402729748200841301643692399774239064285320
105.01935727801891214437461415673524938061525567635 -11.927428632862474039666589413979579117654531440787
-506.35733528758524519193884297163952176444544333114 24.909559963927131188645222216363955596907531415597
1037.4176474928645263936398654070668854515262637110 0.0
-758.77328002541734635607754700240717923000671210356 -24.572154142342461976919458364864182623459407881922
149.83450630564935437179644126969710457372073141463 6.9584600479233945768595182645711671305217477826285
0.0 0.0
0.0 0.0
0.0 0.0
0.0 0.0
0.0 0.0
0.0 0.0
0.0 0.0
0.0 0.0
0.0 0.0
0.0 0.0
0.0 0.0
0.0 0.0
0.0 0.0
0.0 0.0
0.0 0.0
0.0 0.0
0.0 0.0
0.0 0.0
0.0 0.0
0.0 0.0
0.0 0.0
0.0 0.0
0.0 0.0
0.17272837238017444064894212869309596837407436814798 0.11364835108837152699500004711394649504633159442599
-0.42373612941618495114112952563868333303157070577657 -0.28475738457786424088877677158707798862498005298378
0.55238357535403640940315944195460142481802004134329 0.39035924896628472975130356849148756300560061898214
-0.63281639395865542927014787134635517264089636315222 -0.48487461332018887141628425924072713651115635231789
0.67434835311500110097383181240472147987007467661696 0.57944145037102951315599900101631037315829046730545
-0.67833680056931399313214648730542594506526474235053 -0.68006749828099362827446322953626855756015144525067
0.64283821575867225671826546752410148193638575979434 0.79122987866449192995039168268174689915887882001022
-0.56345154964081307028242770134238199459530583165425 -0.91702903027084033346022981923652324082426300776495
0.43299542565732632827538465441930829987949531510463 1.0617891186782707928721155746789112760756501371121
-0.24039561330608386566976123735390434437482571376105 -1.2305345613941212665575335680010605190223977105093
-0.031405858392134981482552293703287694492106789464308 1.4295124158329395603582458871695343469411321607694
0.40913256266169687849184555568008141905198121201524 -1.6668860158447146267227329117658217144776446013438
-0.93574302861562602234651903686261207528339396730238 1.9537574125615723675096260674664630343437920483506
1.6825977173796237760465286014531988336206448405479 -2.3057768068630720059325908589283810255524025992675
-2.7731499950756436370036231622075668137607368817647 2.7458149270702689910156360715623772626507309101165
4.4319905785292432105975332623827877777713526743371 -3.3086447902489689375818555898527640737962718906370
-7.0942349378585080539720287419809691170352441650890 4.0496574782877767238684277100662651357376964896957
11.673114767935633935734669830916383227500337975879 -5.0623271454956377766912128423527586141637441140879
-20.296696280511065481741212148610371149918898105385 6.5166419590533177860314867796406993675455734508661
38.683428338068546262200866838530038642116562996619 -8.7549410458810070816466887202840583942923092187238
-85.742669691739633224042359710091714265848386141104 12.577662860503559394798425373609147091262781145156
249.22714737105711959902965232117603070191364801311 -20.374346155006361357514266701631783352443395157993
-1356.3380600764177493967197107341275012931043222805 43.923723671723209537601226991576390982948901873391
3392.3975245073961669692393378842075619365407180196 0.0
-2225.1239802970055404732858609949655891591138510856 -31.218624616045515316081418016653688754126801393170
0.0 0.0
0.0 0.0
0.0 0.0
0.0 0.0
0.0 0.0
0.0 0.0
0.0 0.0
0.0 0.0
0.0 0.0
0.0 0.0
0.0 0.0
0.0 0.0
0.0 0.0
0.0 0.0
0.0 0.0
0.0 0.0
0.0 0.0
0.0 0.0
0.0 0.0
0.0 0.0
0.0 0.0
0.0 0.0
0.0 0.0
-0.25424188861294077534475381320940058091440225512615 -0.16602708330314202402872291856305748466599136069065
0.62382112325747598587704671386567250532165160493020 0.41597488100567493689595704374275490361382017629796
-0.81359517836510498198379211080014542538041576022419 -0.57016529333389296435242130205265046326281979576920
0.93283090451415381589647364576047291810379885081409 0.70807245133978456192091317584897737629010016597594
-0.99537884944630732258851191828287763618493958128084 -0.84593453801258044549126750147795565041476337187571
1.0034155266810986990857086722210525998692944286968 0.99248418356341001381865159525705333572424211547232
-0.95432549578693582207493821975260144261001954899506 -1.1542004739236304874993891263868080873191492831624
0.84198619820461264469546329661638680335093220179255 1.3369853972436029447834627216597146902486968136285
-0.65636378009986704101792135580198980382042633228586 -1.5470266691111033696977620846930181434319604021036
0.38199765729580697280748506074280144439105430060873 1.7914709039979929304412767901065492509201648821811
0.0048576333918613736850599615353542609432272458088891 -2.0791485460491612701136322836103535683697767314597
-0.54123977953148263464262014999520325006686164065733 2.4215214147242884017666944244859307685078562231280
1.2863365016734259909899567899747208158974601408217 -2.8340588726201747725261489630724714220525392376918
-2.3377052545384967666439013114161466400927332428642 3.3383700514290923108638801132576884753820309849654
3.8623990603256987250100101506297908306090060341374 -3.9656792126928943811854009956997497120766891537484
-6.1602037551857503471999593637059891909139566816479 4.7627755896465979332020805337760854933306633984290
9.8012271818794274940101836773918529742007963389069 -5.8027649267345040987342757169330194048575718197337
-15.951295886863090293786369019524888166903402732154 7.2057712967855416164571939493436034332069680202929
27.225810896230506210465464418928315810160713665946 -9.1820265297936625279044917686428619909690816079519
-50.251253882387394406479607093269845312700299037288 12.130917617251587458878048550604636213116126816553
104.86828384499018842577593656209350730434356453837 -16.900863579507955897111507469447853624380413733924
-267.00411905092165057729074247473112478399868480567 25.611842797723087761165766672137436107746726317482
972.17005043684464027378171198355415588265228346312 -45.148521675993902081148321760244539399229738100777
-8076.6021629337427592622857992609579397627037229083 113.31521898573694114919367669837920718226268950313
17807.905916590296594511322121387889513520717410483 0.0
-11621.154205715679896411153915867765592468805570198 -113.70009044850390682350333993640068405158623792998
1390.1761937712687146542663100250910506148806067393 45.663085089438087975056140444547597057749740515519
-378.68338845486225272093904912829576435408736701477 -26.226604446371239567768969968157358088683184583517
147.51236999216268351622300515486300245771029775293 17.598088137627437401373990606886507198427212172620
-70.297270486837291894762423564825631925577548323933 -12.897617357326834402370538614870263177313332840005
38.115654356706550806356550273342913380532528176384 10.007580916423185150847920354465524673630774175030
-22.593486168818700648413151594676548235846933487563 -8.0808544337135317414736893942150927113298508187176
14.288302302074678050299076008602738944348698919491 6.7187776832439788654610092667907819469345652370428
-9.4876759347466490177233894027558343990706735953064 -5.7115107907351016090959647644618537734266061611132
6.5430082063543080402258413887329938573944193598004 4.9391081895459613159164698800803421638877551787223
-4.6505727914805377923148434901991471144883041458338 -4.3284978135636640199592745818777248907838687694555
3.3883638255462013961417248943215749007602715294209 3.8328198736537969516865752841534473140022563778730
-2.5209372377332533511486997437935953213367057351119 -3.4206989281527774684380150932883930915858434738352
1.9100780530669900060522930494309453880271984418026 3.0703053672884566309945851272242203930107329528391
-1.4710345268324184659867539316934093791212891138073 -2.7658801616578198770270982239766870572186934282225
1.1498196049264471025030264565003083095069526106042 2.4955896364158468998560683750942237451892172254483
-0.91084755791465945423263859167950944985920747506646 -2.2501175487249752371093575798769905269360260401752
0.72989595514809150127037788548463459610622761308301 2.0216547037027392531230361396805225580292398259295
-0.58991618436504755200787643041655856408651338295036 -1.8030532449296777044205040753558495177482414544832
0.47838779023481082463803094825968225912594902665735 1.5869113306517482484994636047772277171633307248579
-0.38544004770039549419625749721447314282545453795163 -1.3641753042800067684747907258731811834478312489278
0.30205215398275218487718496556554024498608636648762 1.1210656035361213671472719061998475599567310583814
-0.21668051507307147579087795007545584973373801469566 -0.82886241749082440070231571573874416065263096281082
0.085874122872498963228849412502460968440596278868286 0.33273091085018284228630388561353766540083814933657
0.0 0.0
0.0 0.0
0.0 0.0
0.0 0.0
0.0 0.0
0.0 0.0
0.0 0.0
0.0 0.0
0.0 0.0
0.0 0.0
0.0 0.0
0.0 0.0
0.0 0.0
0.0 0.0
0.0 0.0
0.0 0.0
0.0 0.0
0.0 0.0
0.0 0.0
0.0 0.0
0.0 0.0
0.0 0.0
0.0 0.0
-4627.1111851105035323645252780800575507607312902361 45.271145270888237632336988133319671154220983441961
7033.9968977647616743591911797336490811450764104754 0.0
-2793.8939593061002604489054953675304253504028991653 -64.421630869977233317724798085917352778256019600148
508.94897188312546176321887810373809059864243650012 30.255154910608231413785684425484848521325460605180
-173.55399051605204249547160048405939410670937715282 -18.992239893487318975321314705955227121870541159705
77.807312923888768648622499509849340715842272430036 13.498816072776183849985059990032276077841986904998
-40.813266503458243806917189755770400301245463138341 -10.300304502499189394776806322345906199898032937004
23.715893896805728951916067578754536441219322883014 8.2333009186179262177642884458439062981128478786152
-14.807370637744487204125145164875987800240546856167 -6.8004004842549768879277294234226381846067730743776
9.7478509034367887164654880754086112469395409083054 5.7546474774878257067315170813746623180004421270010
-6.6821569330435805733227610939219013516003114722133 -4.9602069923310330533920646749662125472108381195658
4.7292409080379787099760537223162870832462040535500 4.3365136234405525710117731121169986857826774357678
-3.4351443572568208706654159731574303127102697700446 -3.8328990908495316996665673074686609693304033263698
2.5501393626019632797204123297151680267919782558774 3.4159337019179836028952411775038969574834704800310
-1.9292061620863903430907526231551180863116321256536 -3.0626253775168206835529311659155925685431889536652
1.4841775664826750322690641047555982372354823398811 2.7565313346134123306691495264544273221669077858126
-1.1592765433771889736446419047295439398839422816152 -2.4854034207132282119263941525343791215828469445176
0.91794466804832597407049620943088291854839965066903 2.2396689581155300745304539542240132977124680598517
-0.73541412285420960058622742574198991828264215803974 -2.0113591930061284511269151436529681544935927557939
0.59432126357407533766567261872706809807494088870414 1.7932294646137531562863786680954987462780542802108
-0.48195705650968197187917710479778894938871759243831 -1.5778257513848323268027394165411306799971021133187
0.38833071825304547812501024386019214103324549709658 1.3560805689293178134357628574867703288832277226797
-0.30433310103949598605993570380107142758453662240406 -1.1142480855406834049566187853609917338890987960008
0.21832608242622935817686293590557244456155415140052 0.82374597931841348934184912384992447837682612854317
-0.086528051718872131766301323649204494180577741766879 -0.33066423828567196730262867409549558397730385606310
0.0 0.0
0.0 0.0
0.0 0.0
0.0 0.0
0.0 0.0
0.0 0.0
0.0 0.0
0.0 0.0
0.0 0.0
0.0 0.0
0.0 0.0
0.0 0.0
0.0 0.0
0.0 0.0
0.0 0.0
0.0 0.0
0.0 0.0
0.0 0.0
0.0 0.0
0.0 0.0
0.0 0.0
0.0 0.0
0.0 0.0
310.76900596772008496606462220049031737136400676114 -10.207822307881459455301898631525935217571732527139
-1568.6176557796086770207066885111220923632275440041 36.169199357108298433046354529403339252260779436232
2129.9963622496309379972861341841005953944347022280 0.0
-1029.2997851127777513396438826401009543692265305798 -37.420553850472770461707581333231407128009175676001
211.29614681782834928999227094017096975995643182820 18.220653584669725900744446578393347459627326069133
-78.576208589956891879657739265067518168652406534855 -11.790862755323711984470970088478012680916610345953
37.580062049931064041877389128696613114591635834770 8.5876263671540266887104761096832174499521442011161
-20.713614657522378747722407253276377752525506364687 -6.6824315338198877618945666030837096784389375231385
12.513082174093450592226562156105199630143268773777 5.4264463280588937199343417091408933998969229391804
-8.0595341965844642938030652205163385763060729047109 -4.5396422762917655868747505637595406878180026871827
5.4424135643596458535064986218450396336310014702350 3.8813572227959905049446967065836455582790698569368
-3.8112159661480859004964274853693646466495866045736 -3.3732381127844753574102877713846272205130878567158
2.7474372492675388802414876115822791489458013116070 2.9682010043044309776118613493053073000125078056612
-2.0285712403926463641720859635684525711036713552988 -2.6362297520291489480725389779815987456769328639600
1.5287325494025693678831434872468352009303783325281 2.3572275379154905554244745194293526134385700041100
-1.1729390374029820693098211267960748861692887904568 -2.1171333625059219898221282212445872414650595291162
0.91452908896388137773918112341344207295359569654916 1.9056672550594273979129703330014873542028860149399
-0.72332793087100901421783926361799412291813478278731 -1.7149292573502522589687616239678413277630324346106
0.57912005210874351441019445309132924543560244083014 1.5384480407045622292682692652239733901732321910323
-0.46786614358644468953303715427696808237468008186053 -1.3704325494285599522421547379063659872527718880159
0.37937256484936127809356709240384324464518728431172 1.2050137590116611994758055419002378759689444924927
-0.30568102226171675215799560155632219477366303146216 -1.0351448737152046618711999660930731782606441221199
0.23957731250555068593484940678240657132509423941138 0.85024454074153470549978341021930947585028397842718
-0.17188215657032517578618138576661724782959207029716 -0.62843430314568660562315896884791044467202017809293
0.068123429979669624297270452521733703026370747920423 0.25223991292130790971349054693520684795646128501418
0.0 0.0
0.0 0.0
0.0 0.0
0.0 0.0
0.0 0.0
0.0 0.0
0.0 0.0
0.0 0.0
0.0 0.0
0.0 0.0
0.0 0.0
0.0 0.0
0.0 0.0
0.0 0.0
0.0 0.0
0.0 0.0
0.0 0.0
0.0 0.0
0.0 0.0
0.0 0.0
0.0 0.0
0.0 0.0
0.0 0.0
-59.637579092724179806055910945073878181847122798736 4.1303401329168435349377453793649579133433272078343
201.30627892871286989613045977321698808550352630434 -11.966922009747071484918159396554936366506915915285
-725.13318658445484869126843375383134005349296893437 26.362470729919963619820129535471010416086630082535
1037.2206504236675875627619476819586600975003717892 0.0
-539.84422983545337164584864673941874981787267198161 -26.873234680954914245834163427713469914935159995891
117.17576175874658608704570326320283726785923404703 13.278978129735353772575783468140188896042154982638
-45.588244907500360980375586324181652092995572926628 -8.7178087129049737693877834466033447614064132308335
22.615005738185841361586845476042456244547897871287 6.4312869026532918630049618107497281851388929301618
-12.842848428613401854224518514898749396687600332856 -5.0597778938963343737206252689307817475078230617125
7.9525004276113375932703817564039118093414004828696 4.1469611283233293147329484358213424929792286995372
-5.2299632269253980325695499407743228424199915003793 -3.4959346416643895476732700405335412728436465165995
3.5957595284961846881076265105797086945297324037408 3.0076195712580383350292297656197869636838147677841
-2.5585791758036929581158773126460401666894970498525 -2.6266380310127960086301216304019876814806240214728
1.8716229932465388909745153195314810250348760670173 2.3195451452791037006300472590350696205178002433849
-1.4011229411631489832741811527502761703740784636062 -2.0648702457631823396492048336976849691466525152785
1.0700175473449892707103659003750170877053042642774 1.8480939081528767767933774293259549044190647721714
-0.83161162070666199486522080430954162255233359603778 -1.6589036087295625771912950032451581529639418532784
0.65635667034258904156458776055296853747174329176175 1.4895777983929397959180432079610384854791858179105
-0.52480952944629908731376591690962626359114081928817 -1.3339461217836231613216528899939199264325476613671
0.42367024153560436380513959478502086322405662997440 1.1866204377980571573208867284382871157499324014131
-0.34340650608716297379932378400238964141029126240791 -1.0422681524194169637454682283208869320387111438226
0.27666007514482223367734391288407172854096494286774 0.89461871105684636516000918689861623968555166273930
-0.21682574336775288833659071456501391395155481075589 -0.73440058772483130727848267511086456845232449210958
0.15556155240805421761650579977809425772496347315479 0.54261956465761283904120241468315829386176091387352
-0.061655803666524514752354677482736842558081283072452 -0.21776345171693383685428007148691083574628965865652
0.0 0.0
0.0 0.0
0.0 0.0
0.0 0.0
0.0 0.0
0.0 0.0
0.0 0.0
0.0 0.0
0.0 0.0
0.0 0.0
0.0 0.0
0.0 0.0
0.0 0.0
0.0 0.0
0.0 0.0
0.0 0.0
0.0 0.0
0.0 0.0
0.0 0.0
0.0 0.0
0.0 0.0
0.0 0.0
0.0 0.0
18.195763026778469270953262443339760241779061878405 -2.1707375557293456331912493210814736125755793879904
-53.766994920748013664365873503546553418940348935131 5.8837924893021321126865674273510917436450146145208
116.59114231083253001835269975369122732377897023691 -10.053978016542623748748864505347075413415948133030
-422.83073129547485768740645831942973654890222749790 21.048348476164167088976490826667245999168537985438
624.77123202647740970631753136181255146655313104515 0.0
-338.21885701087920288583368732364052461224901711927 -21.421989933089250242657891409322391817120549108017
75.811512291423920566967444886935481196617031340203 10.666532812447860033635110076189774875971728506011
-30.318595165597711587588865493779963951908418821231 -7.0590338569867225529287634981148867523641339830169
15.396572956544780956776632598714109464281813305456 5.2466346045709206821959820838431089333255241402524
-8.9205606007492144810809798686648764519447637664018 -4.1551063033468804083432077243006289569435080120729
5.6207435541483296006817115070992790679830905329549 3.4247104185075303724076189958381702478997167062947
-3.7540769111011064270934672630149119850820739738003 -2.9004406897749830294930435442813426732044585644588
2.6177576652940028895994278924915324043886710942938 2.5043276386481618588543705572017815663331498133074
-1.8876146695041636711530756793658766462242934780951 -2.1927500712184545876111159056559858260365218275031
1.3986751986799476544257290778801919091196702539601 1.9392912559082598923008819873654058970964027275591
-1.0603813394242190723921083178953265096584610506405 -1.7268998113581639253416469720852813319423374391284
0.81991022070738178460660340714487699947090143022232 1.5439290141874893927431834832009259825342015066686
-0.64484840889562325797785467699960947021285382466005 -1.3819565046092573343176609119074741363646960464308
0.51440186418660069252195025246662586710281792621895 1.2344704069711166060138157013315238972150530064908
-0.41464696971889916609128049151357173785957021958604 -1.0959677400491021040084614416822767008367724799134
0.33578622439201851892351108515651593649423797299680 0.96117540294865809907774147985713168139590721746573
-0.27037898750091148087335351914931831238591430387162 -0.82407048680531101411313821008590975998731396971736
0.21184344673226063862594864078297900860049087326638 0.67594139207399632581962876046345361192965187756271
-0.15196634671023933042941017707787431081653928747195 -0.49917685458545505068311109606310994732926080970905
0.060227976054912710109720940305439867151357900272804 0.20028714072538749755747876684919940164176049437165
0.0 0.0
0.0 0.0
0.0 0.0
0.0 0.0
0.0 0.0
0.0 0.0
0.0 0.0
0.0 0.0
0.0 0.0
0.0 0.0
0.0 0.0
0.0 0.0
0.0 0.0
0.0 0.0
0.0 0.0
0.0 0.0
0.0 0.0
0.0 0.0
0.0 0.0
0.0 0.0
0.0 0.0
0.0 0.0
0.0 0.0
-7.2371932861731313376373325515492001096010564300813 1.3278260891161285958525677872043093697811328094070
20.118308112048451023325862384070424559160665210042 -3.4903318299352731376708997974866242656184400878320
-36.187195549585655848164559603696937933256706294764 5.4301201837290069785552120601456093988599991240556
76.599466288417650484244255722958591557310625362322 -8.6806573503446618430316247386598519402483176561462
-282.28493099004619956936452532051479444457574129568 17.879266115954768439904224416877717672057534283670
426.26885251173741140331770227014080727816187930465 0.0
-236.51663919564749014144808404175918859708242277639 -18.210899955384533005170984270710643116293915861817
54.143481331689073457326022087905533073242343395919 9.1085091419709895237436516040550664419194563087073
-22.061565633900508710451793645850700187501025620271 -6.0571016064003375708282160497219413752363534615136
11.390226774398484218532201175863471854947358339297 4.5225619196096519537889238945613515511759806949441
-6.6976712408485904427698298790109349945643188949452 -3.5961570398203051411842674950962959208688102175108
4.2775123883607748306427388651187700232269134853977 2.9740019340025845843704085694073687990795437039264
-2.8933648426910305437469534175481154471739142519456 -2.5253048966785651970258891541194467956226891615966
2.0423863491595034891713831445333815883867135044620 2.1843060911923473309257839245252207200877391863313
-1.4906030320346848313392635089014761799417078473554 -1.9141875630055365889465572758852092948373802142035
1.1178896987012506405971396039831275099672027337207 1.6925894528107281963178125433060530132344441933085
-0.85771276778786563341829948005382121056657624830989 -1.5049842011312172186827114910130264389246149906229
0.67089628770349307324313742365639307856143963869943 1.3413153177554293266737380328666117866801201683854
-0.53314151081427314454733946206782495793914857739625 -1.1941194026720411733824779863517569108023074815725
0.42863150033500429231921542500144837602105788546647 1.0573408484697634305718090956792017675313666694734
-0.34650498829023888907432651083830949349307056009247 -0.92540897147237477222671760223753353685236917090404
0.27869303329343321117837955966400650919279574390671 0.79219702785807748491497742464193334949244173759027
-0.21820352250662676685164004311206258548811924203839 -0.64910048564519439152096600440582859875637961130680
0.15646679340803036272624741819443942942661339196838 0.47903707270636165882658619607348778785540106588652
-0.062001917789592346202620408678203009207478642653815 -0.19215297768963611770192984276614901808150702690503
0.0 0.0
0.0 0.0
0.0 0.0
0.0 0.0
0.0 0.0
0.0 0.0
0.0 0.0
0.0 0.0
0.0 0.0
0.0 0.0
0.0 0.0
0.0 0.0
0.0 0.0
0.0 0.0
0.0 0.0
0.0 0.0
0.0 0.0
0.0 0.0
0.0 0.0
0.0 0.0
0.0 0.0
0.0 0.0
0.0 0.0
3.4212852512488308255604915741311119566358330018723 -0.89828679496390426321595050261538688207056082385176
-9.2008211554505577223887180858146152973517937713482 2.3220699466960550652808007289154400766886670610675
15.089524221471315974634654966370318714242351475379 -3.4481900508824230196543023562236194414713099195694
-25.983343031494872644730641379618946775573991425585 4.9687768136276094120250617221141099632992784531327
55.166983004919344595809864761333833470427239516478 -7.7618875629828610832141389691937047676476781871014
-206.21293108480637698597346650639256540897776646253 15.877627342681781855253805018729953956002151925669
316.34119797402322626971436170797044241906791227964 0.0
-178.56269749288402717737593101629308171413403244099 -16.191200335541040482538746283279485663192614267975
41.499919992797459270880441999927416447847443088870 8.1209548870804195062259729704176189665167015927447
-17.145594432991485154775406533589653723629997198088 -5.4164992186556582941594682330219925621279871249777
8.9657330405210581838722602998505071962689879052724 4.0555115123487029548180945314123816273481358745752
-5.3354071505242431191188389904736651366577754442567 -3.2324066866993048996212006671383921771900569606191
3.4468468903151083280321350178122203381743165121505 2.6780175656338664782072816515784943165090685660442
-2.3580216407640597194231114750533453552068955523134 -2.2765688605487533723959962694924430878225540620716
1.6835180737584069012122053602096745515295287370525 1.9698499448565826804829943969262165798100090763292
-1.2428941583713637064470074879353651493293402966773 -1.7252231434635083603822590584051134144149036737232
0.94290977905075865003784328722000738671674126789735 1.5227831234297361293427280712742755617636749302992
-0.73155980275033484144736755237864182731030713954461 -1.3494700672374108610432965787205258392005785382055
0.57796589608357737244063798341266741542597162617945 1.1960560139573883413738138487289387279127191549046
-0.46274383266981583156692510896186655667857099059593 -1.0554072760387817736667081480767982874352448191001
0.37299269642893287786833722980728236033958322746292 0.92127634067178837942295811395393954296480846686546
-0.29939788729969998745914366374524101701804426202139 -0.78710815804225383607229125187078589353693390979777
0.23410770822882414818231412939711309356310022453172 0.64404068178454104644044027617857760542015057758316
-0.16774224082093052295986598811923337357625375727172 -0.47489785309877324791640748004916338614055576111880
0.066449215312688913236782005324255015522311179625017 0.19042474336560566586398102496894209482928215210556
0.0 0.0
0.0 0.0
0.0 0.0
0.0 0.0
0.0 0.0
0.0 0.0
0.0 0.0
0.0 0.0
0.0 0.0
0.0 0.0
0.0 0.0
0.0 0.0
0.0 0.0
0.0 0.0
0.0 0.0
0.0 0.0
0.0 0.0
0.0 0.0
0.0 0.0
0.0 0.0
0.0 0.0
0.0 0.0
0.0 0.0
-1.8271734491371305505941979677084539289975564285456 0.65351236888802014503048084968174724166736156716296
4.8169856843504170084269703934148243128428996172530 -1.6722832726652320862419427629570274076422928015010
-7.4934975445998043725357360455009447741601771497185 2.4174816959072095416706098353249264427761340791199
11.613135129431787833960295230096512207500123594100 -3.3025595801882323764689551367092073689325041628868
-19.877591934426705044503333942736580011277636370344 4.6280704529377576713782474143120450609017591348104
42.531528999869832865638776017026410779526463958378 -7.1550408505147602035031175264752687062736865136476
-160.87974198291266967120502045952077648878426473388 14.587795597562015950747772963426997145992375853142
249.82583641218998325635187888718866444425394393530 0.0
-142.85425494364946341789672276653345253482748658873 -14.891045388175369146079452854556849253315096890265
33.593461105631418036340256945721624464314904075416 7.4817297703235866153121678518921519690944361696711
-14.034301995756865733287150047212255380044034035887 -4.9990399605893818225466319397693127979429008254706
7.4175854474100745395272727163385663414530208433304 3.7488031034489839476995561710854592794350943417368
-4.4606403347246539236332429555632182999314300061247 -2.9914422128456843405273367172342350903419044320648
2.9121928647086034969527169166107087137460598535389 2.4799509545243865872932720296393741648467252301646
-2.0137285324655241588587721722659279895251096145125 -2.1081022035073255058663547382142426663048486611792
1.4535450919694919527420511898258849718062113423285 1.8224483214850925476459030132700657520824556038611
-1.0850244935225128238450033517998688348160460315461 -1.5929412543150711042545577553470668511980672488644
0.83200830702709670024006254322951728681259049410730 1.4011271085958873773311270811158152798586632073936
-0.65174296088283959852933800304987071730578290358067 -1.2347054772656848884031512504382895137903970758154
0.51859247337172231536274850183825296285769343677511 1.0846879551370389425760170092375496590380447437839
-0.41615221191791393026453898370029586869762485023180 -0.94364268879755621332472595556134984703273281128276
0.33299659915593991058232838225451734394108502968650 0.80420346926097078216575987193254339140961050303439
-0.25983291558564640389661537934073160489541925349911 -0.65687952227647116238723138763378436763748833959114
0.18594107327664351951980582500695552741884285832091 0.48384382633411271843669242194386496023135561582130
-0.073620492431767080143808745378491724171065136911344 -0.19392473481341133673508743173232068393147663119066
0.0 0.0
0.0 0.0
0.0 0.0
0.0 0.0
0.0 0.0
0.0 0.0
0.0 0.0
0.0 0.0
0.0 0.0
0.0 0.0
0.0 0.0
0.0 0.0
0.0 0.0
0.0 0.0
0.0 0.0
0.0 0.0
0.0 0.0
0.0 0.0
0.0 0.0
0.0 0.0
0.0 0.0
0.0 0.0
0.0 0.0
1.0688741878861058205821883055741081014171328278013 -0.50261590830996998517333937732433512556787345212227
-2.7820391370643366192746601922084524450130982560924 1.2776731776189551075613362759239988827816558734856
4.1873802891500244172563504644826022068460324485781 -1.8159070705447955009144523526138213154426096768956
-6.1004737869632213119425903413390771367103340464729 2.4034420853865960861881912114882673191374793131760
9.3374479091218430901296936568436380550401903694287 -3.1818884278109622148254041309173986516711372099295
-16.030629609555137757424752482150286613861146122748 4.4012811226071631171404128290234822531684101767107
34.586555587062255802861447844335689178647164344957 -6.7681060028737253735081194379512932155418119557599
-132.14252818067096602097358667748004000840593545400 13.774461150091836036504184833196341477835903084937
207.25777016369836743290448883485001562676873757630 0.0
-119.75374698267710577548424071144752687462415272399 -14.070253676929361617018724693925675521370576789517
28.438547516766822682387344961564639033979161548422 7.0762782699625260766217482775313636531504037694424
-11.995579356109892263864297186791403534126547426257 -4.7325124544025987627739598122401988741673040779010
6.4013524379011622838213494570008192057948569906892 3.5512901520207262636604802665763205089361462214077
-3.8874619689037383023716727452983966774941054647035 -2.8345118044949256961959339207251469006378378959440
2.5637959330577268727841003007945764450507424861644 2.3490519102946994262466699209449752352385317146751
-1.7914122534408002681428493537460180069702944017050 -1.9946182315094011852906879206995166835458057276674
1.3068201318428848879363846556226569843802609631616 1.7206656417999404413146682993797593470590184342986
-0.98558894922378067443974662051326592452840591906366 -1.4986421785252174796339771505488963366712078575847
0.76276098493732823171063564466872237616213111142147 1.3108060175170731070109495183854051939943866164528
-0.60158145490047690859879511977155778335278087641092 -1.1450108034950803411777448476689615691888502588396
0.47965266986286173468725519676834081710812826639313 0.99185549236655961496353419686740145955645258850804
-0.38205514779959579157525183060404651754813598069816 -0.84262813629067125116483683659006839630198483441122
0.29718914032084157514595456626194285431080793529625 0.68675565557282619685142027606400088720744022370463
-0.21227656954165370685490964923135602484750961876178 -0.50516873807384983216182339403263638544422085732165
0.083982810412897593198819943284195372886290431776910 0.20235806391714643511405942677244577612998279250931
0.0 0.0
0.0 0.0
0.0 0.0
0.0 0.0
0.0 0.0
0.0 0.0
0.0 0.0
0.0 0.0
0.0 0.0
0.0 0.0
0.0 0.0
0.0 0.0
0.0 0.0
0.0 0.0
0.0 0.0
0.0 0.0
0.0 0.0
0.0 0.0
0.0 0.0
0.0 0.0
0.0 0.0
0.0 0.0
0.0 0.0
-0.67129433982873507943909193416237687744117435452289 0.40411423114164358787879383205567899331104148865240
1.7322132236125359245031675422325741611384342519804 -1.0226127334609140277125167511762190515457037725262
-2.5509105728277072236427249136745622042542700082870 1.4368350821510089285244747710279830450974057623208
3.5728360940566090100627478750132562796057083955469 -1.8631136879264100420781036376727051712900471945697
-5.1168591137792898367143471906183058124092143293372 2.3833808780152893151667501378756124382047061678235
7.8280538520866773172890915937961036237542049312324 -3.1081785250909082345433608508413738774442083441713
-13.515116211890199590447189402350868003918268521602 4.2695875426099927101590855994345697699336051569960
29.390797189998246971899945627140071948438599395979 -6.5457382202601002885879949121135275230857647846761
-113.26514744339272132439330283940277783218772133969 13.307887205515780997808617031793769087334050974919
179.18018672711058183770271089583812655456355564729 0.0
-104.45439017561397117473194200589261379908912748975 -13.597338991644440607205646564165024834933846731573
25.022552008235223585018768928890585022378218884434 6.8413252067355639819353252582610368560117771178278
-10.648713375798338442202957515078326039780525039888 -4.5766211147186016133523124733391826687399114315861
5.7349490519941429882609725406813311701799156096616 3.4341134595754274299322765889035394334701558035887
-3.5162349282676908835661591390814281775387479062159 -2.7394701029511854870075239691355528354399865785498
2.3421492843971490993830995062763260039431435508510 2.2674662308670879523013874416196869352466351455898
-1.6532200941798332979662618812871809327227017626948 -1.9211163391408442787953496546028372383421738679553
1.2180171946668921920435884288408990845162897881473 1.6513911020766369364519433611123929852054560645392
-0.92682446734896388013695456383465884908016506340993 -1.4303647438455843918350223432070464748566367577402
0.72200806378073920881251922582731936496308807676634 1.2403272165568080933969765762344198390173879398630
-0.57052419995450271429089414515345293461403871806011 -1.0685663855290876157551865788763384385491388705674
0.45153297401279922536748833609905008050817691830613 0.90418669018627442540224131281162536812728638384483
-0.34970671248667116869790496650686461416258815562248 -0.73489897886126877511679224735985873153609447396180
0.24913211180883777417710869722642551275233983587685 0.53967240620548245550631813543232666723775763008311
-0.098456764414866512230421466291447654388217027040623 -0.21602794741654142933283993059945723412067774267876
0.0 0.0
0.0 0.0
0.0 0.0
0.0 0.0
0.0 0.0
0.0 0.0
0.0 0.0
0.0 0.0
0.0 0.0
0.0 0.0
0.0 0.0
0.0 0.0
0.0 0.0
0.0 0.0
0.0 0.0
0.0 0.0
0.0 0.0
0.0 0.0
0.0 0.0
0.0 0.0
0.0 0.0
0.0 0.0
0.0 0.0
0.44652297129959166873584890131703619062873344495307 -0.33706594807941530448329395294990589551733756612130
-1.1453081225175239162761529086369972759901853543515 0.85016940107950899976137864800416095663891023774707
1.6614605349340347656620516062258625015971354726947 -1.1849011052535590020680758510411137102018596074714
-2.2663199679075520337842115344122911795369063861543 1.5149067290022752126005384553422509938585459023082
3.1096984743653759982611906155787791889317455880399 -1.8947345063832510747158392605688430498970929566186
-4.4397494079860162253580088716344534866863543197031 2.3838190192422849184679000152847543157803192205669
6.8165753411358287046772664711542309170635562569704 -3.0833730656296703276473294286230745377085641133657
-11.842970034313361663149105475497731193526654548946 4.2184841448826376978306131502920596294002725691170
25.943453835965562457049081381092210736653349012211 -6.4554316115822010217733974554520580512872412862819
-100.74880321441922638323888432552442665028211350369 13.114964608052991201263679915691776736619353738357
160.61751293986561649358711649825051054912513094737 0.0
-94.385832302164882984271012333469955123868004306764 -13.398486079579413438172548119807100359413370478016
22.796899778568676574991169004237437029390729322518 6.7411095897839705098952667119949522312350678614186
-9.7853050047511154399832650763102367948419487063903 -4.5083720695979958796602803269769587377964237343543
5.3179405323958130410218637606772960927265499792172 3.3805785666932711128005805383394022807569980356305
-3.2917068614194817867884185914560235267457856494255 -2.6932453428369897860364006327184589062872945877716
2.2141028271431541384360514121950786189845507485662 2.2243290212928930090374746475244753552392589303076
-1.5779054544665507312797021330186945849767783784224 -1.8780392491799384608252008109714028184355966028604
1.1726498700114514829691281190106661915484328238532 1.6056856431326999417835840391444369649774394808360
-0.89807541266783678236185007286845618503343282101823 -1.3791247510342628577795161437867254009519119589167
0.70096439217564767461929215353385238719491038311849 1.1798329101469120985246723291881175856622452277258
-0.54992978281845149275588632304907193098087289120196 -0.99329421550698706561699852579171704260741753395672
0.42338987468491265512290143555547756769675268947467 0.80452307127766080383579195784546844684772190852154
-0.30054394565314307356127741531908246397005730079557 -0.58955342614522828583530516757608635516971883546993
0.11859876262712580846622841499731988896820832106951 0.23578823183885299087137316218264479827809532506999
0.0 0.0
0.0 0.0
0.0 0.0
0.0 0.0
0.0 0.0
0.0 0.0
0.0 0.0
0.0 0.0
0.0 0.0
0.0 0.0
0.0 0.0
0.0 0.0
0.0 0.0
0.0 0.0
0.0 0.0
0.0 0.0
0.0 0.0
0.0 0.0
0.0 0.0
0.0 0.0
0.0 0.0
0.0 0.0
0.0 0.0
-0.31164475375644478244352931815074615148712812829522 0.29006182587111172059595374114495561808830563745812
0.79594698183646880151270872886472112693063912480888 -0.72984967300010470436251948108145396875929769517295
-1.1424812507232336497587180069544655607537096233992 1.0111894293873623013467750246175541012567813716189
1.5300311153724003891072175001931939180379025799871 -1.2797717674831101468982714463673264037818720940558
-2.0394577291544140183496518264036617672555681970345 1.5757072438296230161245904252675138207448670618948
2.7842802117341043537394211011250195268804592666404 -1.9358108130869918665093769459052747529191291338337
-3.9832267993442332766582103227380711615040943823557 2.4132008256530274635548819489206811641101715710652
6.1463799521963207492043820068288793823975753824917 -3.1063434864529107526947596472421265751378502481208
-10.745549837641597475694683537004684888998245431100 4.2393490907248858221174921059219172595051849975949
23.699098799517748792067212385319768302761277704515 -6.4794846641020993387171864210965506789781054786014
-92.681668327434499617829544227627895343017618391820 13.156572470981377584792781848072164797918053439081
148.83993417904847107652741910056992680338994340972 0.0
-88.131638972301704819942734983792416121853089402982 -13.434265703387393759742419435726897653812353661273
21.459227499434773788079146596865456394243770768211 6.7563996132980305091215669891627627096029862485273
-9.2909376919378758795224131084368142656376642029296 -4.5152178997694651573548181177429032619950976065091
5.0956261123205985649565616421687356973459976419717 3.3813222758496865079301962708624214552224554622466
-3.1840978614100716920199130617743179794269780633108 -2.6881529937505105862548519586569775651674267131921
2.1619174000940197658907139467462837131224908291523 2.2127612161933658011064131887869141739429883074728
-1.5539744243833638057540864022913550898303441801366 -1.8586490535992022071581209262567649214307013380272
1.1623879534606194384110729723218034255597066384802 1.5762795674834864552276900349840225708726188299433
-0.89214366194904433877701336801440295747481020019278 -1.3362216409340938854377466470694781704591060508359
0.69167389447560082830484223720256265917385152483249 1.1176605633194740689794816889018369916474470840033
-0.52828004498957479979772122875792399862959380716367 -0.90126042921112878275076405885677601521023386137069
0.37320234872688641769806131264067360185132608484645 0.65867965879719398779094890966871914274024718619589
-0.14697921184530536849702855556257489222017385258512 -0.26314392152285213271783173239279811884849856707012
0.0 0.0
0.0 0.0
0.0 0.0
0.0 0.0
0.0 0.0
0.0 0.0
0.0 0.0
0.0 0.0
0.0 0.0
0.0 0.0
0.0 0.0
0.0 0.0
0.0 0.0
0.0 0.0
0.0 0.0
0.0 0.0
0.0 0.0
0.0 0.0
0.0 0.0
0.0 0.0
0.0 0.0
0.0 0.0
0.0 0.0
0.22676754857118147652622553486196847867278471244686 -0.25651294005397112995402094099818865265466655776807
-0.57739788648191620305056967944052509872649712745818 0.64425468160595257212805936671091256157765564222111
0.82252820518320987965967613731473855118237315100208 -0.88862049364163079472658932761347409749884712060572
-1.0872914640227076476446286670212934660854507405828 1.1162136928205600912008588645560723420670508884372
1.4202947349892476055813895166252583211847777484495 -1.3587519605106618165113770581370155335780014473335
-1.8808855050935055363132905934412764626086312782283 1.6416213074901099690837042537286247378319418930034
2.5699635034201910823356856875143831617304939301352 -1.9967255942047481388582078167627954944800888519751
-3.6914037374332002877324861108912970300985306031522 2.4755685588122271901867427537611654561992067146894
5.7268610772374358810722642367384925701585073634785 -3.1771013302077043492356798283841075312673591334256
-10.072444040365161689426991122413065378725122807890 4.3289511554254575542904698853682698093216793811878
22.356320016852108744502701981553616474457197909272 -6.6108288724223764464544259558061500072501188715228
-88.017563337706450162739868456442653861548030246294 13.416876688462608028876010764158274942276253717804
142.37385293864900294481319226680766636606786935136 0.0
-84.941897504775627506054538684883714444543958515945 -13.688695919530600638712759697865594985342056864739
20.854193791721702512900342633559549910043205206188 6.8792704271522886726073068555849403403924801043683
-9.1092896645512561913157211178181360324650007930771 -4.5917301539186282499911590093217410666799754013256
5.0425522291677017972287791235209519478615187362889 3.4318774803246199731054790597101310547596396193164
-3.1803948047989152958847953609881121656723188886866 -2.7199107976080711309123676799024093550350824062057
2.1781264899912979749148574595340110972403787395809 2.2280587666226544878906806111615593542477147420125
-1.5762129287404488416306716098126525583391883897047 -1.8571397591133867610159111407591729700648405284039
1.1821415960089820344948271627568594329589468173261 1.5552681966491870110614713899831152794014742470658
-0.90192777990342611762712792994296316572441055241852 -1.2898649749323934654876890769600863503429459049744
0.68152732750386821282863621590480521268970210164026 1.0342057558183649104257462684080515970063476446541
-0.47839135169447881654323857703603952369392738910772 -0.75326069512135141799541509678010062896928963371283
0.18791107248710737262534005702947724573721717891385 0.30050579663989198853955206700508321866185209971546
0.0 0.0
0.0 0.0
0.0 0.0
0.0 0.0
0.0 0.0
0.0 0.0
0.0 0.0
0.0 0.0
0.0 0.0
0.0 0.0
0.0 0.0
0.0 0.0
0.0 0.0
0.0 0.0
0.0 0.0
0.0 0.0
0.0 0.0
0.0 0.0
0.0 0.0
0.0 0.0
0.0 0.0
0.0 0.0
0.0 0.0
-0.17130579797195992041434339428805255956263902518981 0.23244750037328939314182806020329597915901526136252
0.43522443722060931134400993194223288870281903748314 -0.58298689271760290304790541200376220778375287322032
-0.61664106257753696318993289724453345513179460193868 0.80135589183208656266750071138577673375744471997312
0.80757831671056282997780014036665524931813396045036 -1.0008502624288437374974103242792550479790131101507
-1.0398759667116628521200284115442599092246788665815 1.2079732886714188716222172019106952663043044511250
1.3480817170171075167034606271539025683299649260768 -1.4417561628911676012968962523433414052940866777276
-1.7851384737080340475939953233596439820660967126023 1.7234747089489824188640544709997979032174207696731
2.4469981106371945916747802270644812042851573943787 -2.0838026813863834112010911012428455483460833645440
-3.5312642914789546284069069638192824892478022324902 2.5747931167056932065301694578982221319810107385017
5.5079051125955225722284566041087549425673953336516 -3.2981585206326452862884560025425958353893040311445
-9.7435687713175161049631871181528101666292992720496 4.4891429838402293412103456388262158294622807866665
21.760593631754976435365764121015900174661107342775 -6.8512842040841140956754605995004316612343639737713
-86.246428241074416940624534627454260830373369910351 13.898925795380401490663782402660146468190274536240
140.55256662401685113363829828448789544044704203654 0.0
-84.514245305217917810480971419023258121520250517228 -14.164731157477961871544993792107941084888833920944
20.929985590341272669604568666143564367509309267150 7.1108989265987878261484833860609545683049576122314
-9.2269988282413311261532412368843350308805208809123 -4.7381013169581521048420410294267709499018703203804
5.1558853845028606765733527417919784692486021791460 3.5314230119650283126775132475733540275470277440524
-3.2809300923390176746269047851043387404011335422769 -2.7863743605820571419585705330268220083540951179729
2.2632833470711145017973111800321878151817027389712 2.2661542762703526569585813435190636128550283349581
-1.6434468525880761352445432840375712060200198911660 -1.8664302645447822700145643978566324322413329677860
1.2266552991009412542490556579522730764197461267858 1.5304342513291828374112571293502795240310277310506
-0.91360556130108750257077432803835882874307437173162 -1.2179222078269897436667640833125545994592972590178
0.63583235335163785688061031486466515324425160057000 0.88313075877715915085238174902632267457456312407720
-0.24888109102081908734109012019395597040073239588941 -0.35167482928440000156688828912295153825343168192339
0.0 0.0
0.0 0.0
0.0 0.0
0.0 0.0
0.0 0.0
0.0 0.0
0.0 0.0
0.0 0.0
0.0 0.0
0.0 0.0
0.0 0.0
0.0 0.0
0.0 0.0
0.0 0.0
0.0 0.0
0.0 0.0
0.0 0.0
0.0 0.0
0.0 0.0
0.0 0.0
0.0 0.0
0.0 0.0
0.0 0.0
0.13400835818661428717671743405660537113909927801060 -0.21540825556380843493270994020286250871205024692219
-0.33993723771309088848929277863984362592039029963144 0.53965223180562257311480743747197411471452003278027
0.47978253296412106937812439120915390955932380562812 -0.73980016933364313995371043892526117219889006382329
-0.62418490962138709095438677254414943445968322465719 0.91987705708510436332704289834944171912432905753417
0.79552863085170947240290834737958357165659335496722 -1.1030164251796482481970136593723364894490262369081
-1.0158066767401179945781697467051744507739871289055 1.3044683696770275233162551604404726503442922512979
1.3158689824597780425528034814563869443728288454193 -1.5396712889159366977717968742969329266665835201497
-1.7469688745259911458202535568081749788194460451114 1.8288408166605769681776255206805620971986849670171
2.4044639319810190451409729683444549490506900523182 -2.2030655871734472113442603840505894655052369499277
-3.4866271891379270938013747205230073090540878876404 2.7164029536233886423248907073252885822483550116360
5.4671111998154244170445907314809003691495940038835 -3.4754053437108172701688892375828283286898689799762
-9.7271798434607178124595395553164328514145520484288 4.7272232362059684906261733106557922825185700977395
21.861668681717107464340064978661267355931179155525 -7.2116108803994004166723482014011596953053571221545
-87.257077035289560700187490687328932055748527542862 14.624434417281741827232241455026904453751920243475
143.34424661284295934182842507848941815576325526276 0.0
-86.921243008359921953371481799901927029084132825743 -14.883975849705239289371603251944116242396966255143
21.727278592507929111014068519534771133259791864963 7.4613205915100345539369539283727358518041972470078
-9.6714706651261613702996182375153939367523535414562 -4.9597658610350361404283644818216366938966121949151
5.4552596474975004426887931548021810254748786006124 3.6821084705070586821476693325527161535043486508907
-3.4993638742983810611977121019750168392582128595143 -2.8863172262064491363395186216079936655554992883511
2.4249918026416010074329150795092143350358745014408 2.3213847720677926633585985170410942019552761143826
-1.7552025029855620517101212487501499112623461849803 -1.8739000609930786335990830340382511320879926272631
1.2816249797322818395714442019135945536202571526931 1.4762501778128876235559740100332388330988896746684
-0.88169215166298853000412536415124280045917915122884 -1.0641336973640074739107190396565180426552480009368
0.34349782831783586570871664896780974874113366787607 0.42273513371326983272600205797496640329444720526165
0.0 0.0
0.0 0.0
0.0 0.0
0.0 0.0
0.0 0.0
0.0 0.0
0.0 0.0
0.0 0.0
0.0 0.0
0.0 0.0
0.0 0.0
0.0 0.0
0.0 0.0
0.0 0.0
0.0 0.0
0.0 0.0
0.0 0.0
0.0 0.0
0.0 0.0
0.0 0.0
0.0 0.0
0.0 0.0
0.0 0.0
-0.10843063444290352074021421628452759815916264400608 0.20387430427441186125456646095636725261524541191288
0.27476051662821377899948596576752859381384932895689 -0.51030684650163242363758157566683316799204304315087
-0.38675569882122256080779859582928881232632649713591 0.69808691415595375108252196357384705405974512783787
0.50081379311803106669532501753226842677050079337418 -0.86498667472969694738168546919667994509004523165868
-0.63364991006030715289056614849386150743398617847834 1.0319399912718506772463892888872918528222051292125
0.80038027609654229249831938095890270096390423546151 -1.2118505207916632232436277230054415906658545492689
-1.0206512558881787981461450281915062909439021577458 1.4167346078532759969721717272869010377535208619505
1.3248329272511774481680692689260805463130682326168 -1.6610695862524821177054667689261027100766603238168
-1.7651382003222089858986356637874359220543585845530 1.9653638232818533192262077660174134993500672332305
2.4400041355053227586414529022866687792088385910644 -2.3622008286540182800193396297958738859764489892078
-3.5553629666466239556619339530312060925699374647631 2.9089664284039250548115607868027070000775211228842
5.6049702681046136867477080582550182648651227939947 -3.7193095421960414433112524213610185037461384724161
-10.032814357015679437554712265501350074600276956233 5.0572523114562785973492045216123460725611682861180
22.703250091618222551956790256038049506243981324663 -7.7133601458996270196185691596622618332993019785482
-91.321763408225808966537478319358485476884639133415 15.637499811062300226887783973455785723653337824009
151.37190393453145706733677874431269304025525156325 0.0
-92.650286423462416753081285622799184043737206834448 -15.890319809503369287718240082807894591657874751287
23.395997639014126255880691687842768606004365481842 7.9509375752646419747838570245143608267360882985143
-10.520849712894162301504790826960315634667447945089 -5.2678540216338499794360014967077655898522714166659
5.9889186493231693431947018375417866899747759383715 3.8884434466093617023300411765318645532392227686139
-3.8653446144451409870990733285050542871129111420176 -3.0172499317008137898089666558305967690169462810183
2.6757178769852052474249039110294166836637461026652 2.3814209682873862539101005815104914750444445073292
-1.9000652622796619927581280390951059779359447062616 -1.8498415661767991538537981778394288885115111536724
1.2864085547450196396034874242657014383869181460468 1.3226977924677086234954655453251640384928662535412
-0.49795648366064022220706647709849038372878039722253 -0.52374539167329184207408798931117532172170707807174
0.0 0.0
0.0 0.0
0.0 0.0
0.0 0.0
0.0 0.0
0.0 0.0
0.0 0.0
0.0 0.0
0.0 0.0
0.0 0.0
0.0 0.0
0.0 0.0
0.0 0.0
0.0 0.0
0.0 0.0
0.0 0.0
0.0 0.0
0.0 0.0
0.0 0.0
0.0 0.0
0.0 0.0
0.0 0.0
0.0 0.0
0.090745004944869241821496297057583941062386293479103 -0.19695462916672658742786531851681616614221244200590
-0.22978379438767382649676414007413826503183191893360 0.49263951026892418348983403956889502426504670163679
0.32286628136761203765718412712700715665489703563949 -0.67277870938161248663344871342646594062771231735829
-0.41674444322670512616993785086596693032990756305818 0.83132419457932566173724482956347541425897914884333
0.52458695660284512092336742756115052941666015502330 -0.98782159596044423455649258647146259523339583318412
-0.65751124576401303126617092785074466050763709356448 1.1537009522349610214296506924634321606950338077770
0.82904337671503600432766390309192386851301166954638 -1.3388908363256009969691276287253682562002581331171
-1.0588538822351948215222014331694435683657388027404 1.5545197747825009758608710147709293655461734313758
1.3786780978296098802366482504704348195035944359953 -1.8152796825161816761109899433940250891776844014675
-1.8440409100006954584764385763846976919179648472319 2.1428587365458974423834244690815503857919529058471
2.5604981407936947058799461128926344127787534742370 -2.5723242180593052718144055058357442025149891348219
-3.7499549681584665192783946347798997465146561258025 3.1658740129364846366647767319347300606491911230527
5.9463785864658644581096833920265457908870001602884 -4.0470067205917791156888347222851420375443806797705
-10.716265281088966519625285455148020367495780148611 5.5028456799834922846529345890498515521654359640243
24.440921744116739125238102815670570374528648283961 -8.3932072720670170460630667590604994109076894257605
-99.199767195673338989896347026133283154374367662376 17.013612009388781537106128123839225423247014172064
166.14556665997737382528061109109460205991175928190 0.0
-102.78362652097544529269293769201149097678030621779 -17.258797825874473444591471984271749671584150296841
26.250389847668883410158555895059502244538616653814 8.6142043452135417592265091525749814871129407871551
-11.931791461723820921727214608162191479784593675069 -5.6803132756129882213510935777540155583566740997188
6.8485397411479924637830503712139434756281955402691 4.1557296775166524754948616711576753780508788642156
-4.4280262126981297401889259731883435907193436152786 -3.1695170805959065339502242388669844798427605417054
3.0187474855565382068345505947548893143237246912592 2.4121147553667242782374472954691109642336084536109
-1.9977557168898699778887322680221205967986157891707 -1.7051214254081184658418683118810538402867979171720
0.76634949376400857854787223175058315093719553637293 0.67211327978611147115399333305522908990274010383706
0.0 0.0
0.0 0.0
0.0 0.0
0.0 0.0
0.0 0.0
0.0 0.0
0.0 0.0
0.0 0.0
0.0 0.0
0.0 0.0
0.0 0.0
0.0 0.0
0.0 0.0
0.0 0.0
0.0 0.0
0.0 0.0
0.0 0.0
0.0 0.0
0.0 0.0
0.0 0.0
0.0 0.0
0.0 0.0
0.0 0.0
-0.078628531360499460941986960594974204518566206192093 0.19424044858811431887195212278519048961080393339687
0.19901705616310227305252689088326095569730062622910 -0.48557646047634022078999230274853689641718643834312
-0.27931988176573782385024354900467554279083419388048 0.66223605774888778045148251148005798459705589777516
0.35977469842163918671237402444776184289226693918661 -0.81649570638577755349922598044162898392208632216525
-0.45128434347634297025046546480110727391498328923620 0.96713479523587816283342533746235474256479892606816
0.56254613511252943587508332526115458480868750857536 -1.1246920899702907495717639586638083065154775414995
-0.70355555201431368661432101685792285259048825476648 1.2978120920703841170018890464781716403527273419458
0.88810762718385561539625279639081692334376933822269 -1.4956000574613783285267352225514183263911415339385
-1.1373243349134795992233872590336329781987126699760 1.7293641738849111706755252979500629783654960026421
1.4860545160405020834840187900889580066265417842236 -2.0147968483000214454300836323565621060409393748020
-1.9959474463664124275455611162780055847404360487484 2.3755971138612061068021375188322188596874311657464
2.7849678668792792816647896029681567934668416774777 -2.8504645385190191274391781668793500309346777721966
-4.1022736958596662513529483618010949316293095885096 3.5083123967113078590446393958433094154903347172336
6.5497947570328059619828002080563331191040152213891 -4.4861540169523737408648548419673428494623800887424
-11.899979482932735033132709722484283499814420504652 6.1025994939206309854847935314576708950318906374088
27.399769025559918951445681274432624525975221141991 -9.3115863858531605033304848751284421315860611612949
-112.42564377792910774860121481739081893378473422363 18.877826382308957480339261798842136498129605095478
190.65613142762295310381751638087156712449838479337 0.0
-119.43575904566584598053526921368058691553489763280 -19.113406156984203772774329605851153008556151165140
30.898249984227866867348845103814732306131626189655 9.5066927187297520300244843802113668452742427344807
-14.201607328484931213668117520921802351306132895740 -6.2231186292907652563905887110380720586201069092328
8.1969524255709678676780136323461107817384394341172 4.4840898328568975950332777589205984535374835158642
-5.2460936839612633584411421242602172314086088174714 -3.3063290888420430679266458152622138084864577610101
3.3560399286034887508664405057731100544749737522496 2.2979120790060665230323277457389953735788186938548
-1.2705159467983809907998215122948560809757601254497 -0.89981289250628838106342046433740132822605744649727
0.0 0.0
0.0 0.0
0.0 0.0
0.0 0.0
0.0 0.0
0.0 0.0
0.0 0.0
0.0 0.0
0.0 0.0
0.0 0.0
0.0 0.0
0.0 0.0
0.0 0.0
0.0 0.0
0.0 0.0
0.0 0.0
0.0 0.0
0.0 0.0
0.0 0.0
0.0 0.0
0.0 0.0
0.0 0.0
0.0 0.0
0.070682483295630899739267537863174291507820726099852 -0.19577526607201138724745088542547911975631367196636
-0.17886366969566744853972558097821664985390787555828 0.48919251773536033207266713151626452680777718074470
0.25087165418191458643239448929129529807754512662500 -0.66644731681991071425500316214720569787502489462494
-0.32270731029164354279004725066462756453553837202983 0.82024837751885809038837527663471380583225636766365
0.40384205626163772190377454904212037917319175207114 -0.96914708568107554618462879432492909117597610969377
-0.50148925420778006535291764963660739499550347606125 1.1232253286119655583733544689321276380207253970076
0.62354406505089097857958162048717624062666903223671 -1.2903765326383701437171730309342673323266356995810
-0.78042408406732771362088181473020146159547123597979 1.4784876078795196257634963251502682376676382708975
0.98740052507281919375461680276152480763638906353313 -1.6968494397642972976667545046370200559515376988319
-1.2685137804288742045512224728929310847562755459743 1.9576925863833248738251730633363909963047022153001
1.6639982339684121242730281807044608309950560415189 -2.2784789755318480264225063719016262403257281526028
-2.2456462032969268113639042315865069537020897652851 2.6859310713126549499581939536356182154653880112200
3.1516869281737163275866470395846224732150367353801 -3.2239375087878977266397960307730217015444955425159
-4.6756047411849276972053519358440349998192852976623 3.9708207137585695568030105502651400867838355718111
7.5298356366475665222132422767675942988667690557985 -5.0823743269386921178519548903394734040099279585658
-13.822052127217180359939153084306546367511623277070 6.9207863311987046395573599389381197868637831668792
32.210211793880679552637340047916304922086802173400 -10.569951456158477154908795384102016913267842292175
-133.98332479733627233666372528982322315120577847024 21.441465483846247365948265416385390656850724971171
230.76807326062384490222373010515489135959331105460 0.0
-146.78234816149500497874341319858495720393886356272 -21.662821015668926207454794140956613138973566100120
38.543844866894205482731929851890215947809714694091 10.717878515726830333728652887176221371447857942069
-17.905457308016949812836915556946662487065427549482 -6.9282668270987258898023287603971742765111619997696
10.300421896605630237911413716578773065443140687596 4.8432802362899295077349724243614349902843016292336
-6.2450157211460417174914969183906918273384118631066 -3.2769791046528212295500803347161520458286724455638
2.3167659044153578171619571863584196223203627825010 1.2702589481169949274851000574935660871606980883071
0.0 0.0
0.0 0.0
0.0 0.0
0.0 0.0
0.0 0.0
0.0 0.0
0.0 0.0
0.0 0.0
0.0 0.0
0.0 0.0
0.0 0.0
0.0 0.0
0.0 0.0
0.0 0.0
0.0 0.0
0.0 0.0
0.0 0.0
0.0 0.0
0.0 0.0
0.0 0.0
0.0 0.0
0.0 0.0
0.0 0.0
-0.066141463683776136299711358521564686119034723863932 0.20215851654890947230870119355036104613998475694944
0.16735707917325510536036772749445048467401081126547 -0.50496198584651939124197415544167569750913091497945
-0.23465902290005399329342712912919102409579216076201 0.68734266714453704096641666486826676606569521881027
0.30162525326730953609801677033422497070469681849358 -0.84479544464990776885932758838661477903738417692257
-0.37689480782292898359090946591280956391528339912544 0.99618369584604511642564314001607825099174446428512
0.46680539373223156318936613534864978719872448706072 -1.1515075553087902672986844091606956967644522080623
-0.57801382270335355512030843211076972758592808023931 1.3183103718799747825026940853960881068858977052520
0.71897397665745240027618480593826586859220073223491 -1.5038058833883595688767028271318238180258970163343
-0.90163750921794655703020782318859376277329801668944 1.7161178764424133573581262229714947079749377037177
1.1441221544576495683079135990131902302603006440913 -1.9654709115137883854912921900673424609958185939749
-1.4754685463101001704573965819183668820826098530053 2.2657954586954231040702887795529828691194040881256
1.9448280817346985196002953051107265227479065956736 -2.6373232433971267038193556454991466543270646228200
-2.6406297204238030275462178043169657359377875872410 3.1112664751546675081891239313701218750153009695850
3.7343273843304122096606988857418601397944517716405 -3.7390643031704958950347621973933006279572579470967
-5.5923175282606677243685885342856113047909304087236 4.6126104618003839490026626451301204209775506989690
9.1096726554345014743959929390743500348828038019130 -5.9146649022831551916259511397851186194210351266344
-16.951031277848297158198641001974495854252622486101 8.0697997707866232367007892820387139865734419340372
40.131270318393032256307075459516866491097412456115 -12.347484259593621735564551708047532255087630330457
-169.94425158417810838740198651928435860516706098514 25.081162352433402227559427089329728778649796716286
298.69859250733703754497103066817669730688350997422 0.0
-193.68067073817065768307978562830626039062444839389 -25.276263971733967430788887431996940521222090813903
51.757747111669208914716581482141593960110751166438 12.392717045096624870703493221612780489127588404450
-24.192289937690484756056198153416889360622657652147 -7.8092601417502647512551725564707516475559599044392
13.362816773667927284392925675203007173408693434671 5.0434286907655561037906076799661098775290140251076
-4.7941688453228200599167914385279164390436360364916 -1.9225738659245652117206937740870758105904994331656
0.0 0.0
0.0 0.0
0.0 0.0
0.0 0.0
0.0 0.0
0.0 0.0
0.0 0.0
0.0 0.0
0.0 0.0
0.0 0.0
0.0 0.0
0.0 0.0
0.0 0.0
0.0 0.0
0.0 0.0
0.0 0.0
0.0 0.0
0.0 0.0
0.0 0.0
0.0 0.0
0.0 0.0
0.0 0.0
0.0 0.0
0.064781770281042111357788668944922902824906323703112 -0.21489454241339406116920113258472106383661726794296
-0.16391564125465767871304516092916684468616863534165 0.53662523731751042705057963466600478637005459318398
0.22981099029569120780112360558822164257403588223249 -0.72995633036448733257469164047944133991052282933806
-0.29528235297918766779714717686488533199334347929479 0.89620722678899964080149605876095394036402029813450
0.36863262490545839459571458287881227500470694659457 -1.0551969855972076750661755613294813874927698243871
-0.45577500757715363214986682851929983312225022766663 1.2172358125808520575832449521841679014389031778674
0.56271325817697097645277714702366377250522665094049 -1.3898781834178722689071532423325337563362562729902
-0.69683251010601398413160316789918945159667158415506 1.5800971006437742059280374963020849784036652055796
0.86826767305048647922903147267832493635517414149488 -1.7954576602391960427978265946905446695493427092771
-1.0919271199551082127152411749276326082718912872059 2.0451308041353274096500209999746379609576972000699
1.3909206059483877236805878967050574206147131237156 -2.3411373311073657715355187134597698350681292642057
-1.8028273813772658313040348255167251009237554750727 2.7002119329100123403095114770182707984314900929800
2.3919459147285906024538738324146614076730298102629 -3.1469304708012823506658677600298990059588256026246
-3.2750532085306472486640792041531196913142760620118 3.7194135099470777382162404249752112922047725006365
4.6806075407920776103358760480829999410169701629070 -4.4806300200208396001096890747351132161640817131058
-7.1012011018198435649611430098614523754265828912920 5.5431276319809639931513805910040064582507302288603
11.751077374985474494086328096384932405554493917178 -7.1306151144325147189717527597141523486851816974271
-22.277977433408821124686062640531086439525502854186 9.7621693926638134746935611603500713459094167686528
53.898529598775922600102498638362838346394707609092 -14.987552342297899438455282601110582451438498574506
-233.92439514890617442700907754400644978337255152510 30.528264584570510096436842844444628257749800794758
422.92131448911814550248057510322028857747490765094 0.0
-281.34742147035896838039284405461638041753834758293 -30.660330274913505594083062138343130079587533293943
76.675296281956308201913832686793502924073386425171 14.753503486614372332597961204708824612451525246968
-35.106412661691432907637016191457607190789107790594 -8.6752331411834078703697645023912590226058894750877
11.845285803285152605255585591912023577222498379389 3.2071347433637262749225713646621114834570393669530
0.0 0.0
0.0 0.0
0.0 0.0
0.0 0.0
0.0 0.0
0.0 0.0
0.0 0.0
0.0 0.0
0.0 0.0
0.0 0.0
0.0 0.0
0.0 0.0
0.0 0.0
0.0 0.0
0.0 0.0
0.0 0.0
0.0 0.0
0.0 0.0
0.0 0.0
0.0 0.0
0.0 0.0
0.0 0.0
0.0 0.0
-0.067072603083373189163787080920263209204836586163046 0.23738786165581635017522727702841532919377580240625
0.16971858411641719806946968179039134634915200340024 -0.59267027636092590059091055942580630214435427621494
-0.23795177607579970172620039766304832614056956196981 0.80578951016921072268032854034049323383855985298575
0.30569692117803522234732468957830057641834928785024 -0.98851337857542876554670084425840282758013590562809
-0.38143402528765253117334259519352511758454232247573 1.1625478954863143450217605597387715535639783505051
0.47106705116144653036690456692565246883253123970702 -1.3390285126325760448481318242782978615415797092258
-0.58043173771727943836179845635637842762516745465273 1.5259378082604466376805183377617227915993544204180
0.71652540806753190470861957590169164920919029410965 -1.7304447566195609691646130882158684444476789980535
-0.88872709647433070761256993316141160611112492508303 1.9601004234236813552075569713558474603873096034867
1.1105155729877035718090055510460705741644978825724 -2.2237875374116154708403292209873128784913950482232
-1.4022621924455059582251560317101763512976762710783 2.5327941273551491903915849183044356583792792007590
1.7961240822296638379729269318880810582329065975997 -2.9023172185187821708658727426265147106991900262735
-2.3451424076027666861944871817306725546752029513492 3.3538351076394701887177569911426846920648426589618
3.1412379507686680807454801259676081843954013241692 -3.9191598120148487802798766223629668369627996601107
-4.3534622493201010186234497682954511347393236710387 4.6478700666478643391410872894801268607295549202030
6.3168347064342311682480515657705997686564226820476 -5.6220585707104991044587805935966586933505923084917
-9.7634990640640371629208698213682376647018272296755 6.9885713325705542141054157663373618674147787293136
16.523660911243859701663770147139333330032368110406 -9.0391618795472586962945345187725661329954621437499
-32.175321887654716857573039142297008946811091817187 12.449791784187068877785039098327605351275897908891
80.330449896729544455401383850933921149487406607997 -19.234077818874658134260219422796038192610464523453
-361.54181959621505121199569467753168061022509032208 39.399655909698805296521076979256467077946220718540
682.60007080617187473313077355969038010475167873418 0.0
-471.08129908632449756563581742381231626591711171869 -39.322960003768748187416236953653494004497573890567
129.76622580694647431267422830824580472336711266407 17.935593902754290724097214925488305936560025957494
-38.319378977184558654964128332306058227107321322286 -6.2030899067595334312489332105806132489858239139811
0.0 0.0
0.0 0.0
0.0 0.0
0.0 0.0
0.0 0.0
0.0 0.0
0.0 0.0
0.0 0.0
0.0 0.0
0.0 0.0
0.0 0.0
0.0 0.0
0.0 0.0
0.0 0.0
0.0 0.0
0.0 0.0
0.0 0.0
0.0 0.0
0.0 0.0
0.0 0.0
0.0 0.0
0.0 0.0
0.0 0.0
0.074971431287876898473240097412320735535831131098034 -0.27825622746431359659760432059870346572857344373997
-0.18971531228976549397822974842558960081023463623372 0.69460049792345840225362436107646333898975250303555
0.26600616516631880533223276950754060111068129579807 -0.94403884646219786080026913053100147135940382801389
-0.34172830935210950442625794493595810677217541352144 1.1574523731932777630874245457772972305124935271426
0.42627225588977783457205535190491209964946998346197 -1.3601320526701026346703084501560173616597391591632
-0.52607045657006956177926550862167996044324397464189 1.5649270228112421541615590876907624456006665538455
0.64735673886924747426528024468988785726271750933394 -1.7809070816739306194061888943153818442859912208639
-0.79746476491210312420440204778054271853850041301608 2.0160581757976408110494578818760741094220341969946
0.98605432279930564751529841029935866633282934783176 -2.2786107936292128808947277640915858989230054329654
-1.2267743598945992275150398188315817122249554222550 2.5780323688070178774354231776018891184815244008729
1.5398839474428352744857283065758865492870632802023 -2.9260788622539645433084559521698490305140292053138
-1.9567020373221380193804513406874470152313182260779 3.3381880211470821698803825286125616739263668490891
2.5275879189539758484812402244911695591640751078420 -3.8355702972223485217317628419112369475735777583236
-3.3370489002773557725416986431845403143199784820068 4.4486002892368639142292297824607981284556802691673
4.5341309270238081327829470925634822886714976574095 -5.2226756602731127117062003015445362860630408234820
-6.3981328047744574924756237250949541301438282888747 6.2290134150398045044848303566299643801331294640985
9.4939651234198432763413777426221085983193854579473 -7.5861043266148213901879839747762963168730588716926
-15.083962402957865720567517999487229945842716568574 9.5066056140730499052790190492517219719277082348103
26.400857689865174298417643416804147562438770528980 -12.413739316111296880672765674228217654156562609029
-53.555903888549099069238821315702399753660182488985 17.287821312883164769508188358629327680738509623333
140.53891709597347006280329304780928470018317978382 -27.041844034822301806590843891406337942190299611894
-671.92593421334244874938078188211139509742852830710 56.088230816660858109174880359431934673563213849200
1372.3489132833776834964675091343800205130971687231 0.0
-1002.2086912313417047916901712247647055123753945700 -54.877587649082673826534496221937234488553863728544
197.87365854117405188957944834511132988089304268871 15.519595472282257519998490285498414927578823175552
0.0 0.0
0.0 0.0
0.0 0.0
0.0 0.0
0.0 0.0
0.0 0.0
0.0 0.0
0.0 0.0
0.0 0.0
0.0 0.0
0.0 0.0
0.0 0.0
0.0 0.0
0.0 0.0
0.0 0.0
0.0 0.0
0.0 0.0
0.0 0.0
0.0 0.0
0.0 0.0
0.0 0.0
0.0 0.0
0.0 0.0
-0.096090523473195608682984036215862760965869573176345 0.36757261517996967596350100717736467800415975782790
0.24316756770512085006692096195034325364046780580049 -0.91747309332779316749612877715449493748432384587437
-0.34097586715460015328137679991583356517239115956402 1.2466735101565055329434968519929482315710655679418
0.43804549421553028035951886117943385091776084393921 -1.5279614512200854701679023981866080684965843460330
-0.54634414292400435424117500040613953254064999464072 1.7946233274002569101230250360726015065653611076411
0.67398646204238799668492451769218042511285024733106 -2.0634697930988114073639406343678156532275013654861
-0.82873796604674616283495821264350264994924702207600 2.3462538650427726404405617291807010081027511968812
1.0196227224779980188622811652899970179404682285394 -2.6531962560362880750238588866463740130931955211191
-1.2583944707203190494285935356028145726756338073854 2.9946854150954893644548152963972219357952636807120
1.5614830215767322280418865340884883555866195215415 -3.3824997242825466705363353989162101311341651092453
-1.9530004470566499258978696507477637523541636383433 3.8310474107977400982406994526888498078660790729249
2.4697426086272717232099293990136669883543933921787 -4.3589468938685344350662876031781059923945298822249
-3.1699553951436879616482770423406510746138057806752 4.9913168287677692500804146860727526105335340346755
4.1494763510605832349186411377070468686518406703950 -5.7633591293732032552957881291506109897109233683445
-5.5731008631841893131372824086401473169299801174077 6.7262983073366094938092016383434618417353126373342
7.7394569143422981226690337856422420516223443221230 -7.9577849025798654312333272585438593288951159671653
-11.225612918427916972340104443320046404949853652352 9.5812680893480750512579268465360310422310885362254
17.240638813790974098823407440009546508317952663535 -11.804827422442699060746844382772668914283470573745
-28.598509145649047064837862409706990252308629480457 15.006642269479554740408754745852027327151549990029
52.853679072077539932532311374624040674914328105084 -19.948171553912765108237395134090681248335283523908
-114.96732552027625219433459458359104919408020655441 28.409862383776472896675289664523487641945382828368
330.69988840951116730755430124505901646380848865033 -45.707570404514657355009867150024283496326442606160
-1790.6264679794603110833971788203407796283046374351 98.048701635762814699207788157194219477893970501264
4470.1549037986277182651792406085118939114591266287 0.0
-2929.9490504703403713937234387245432940481795349788 -69.375474613326645120515458110959931659891004537926
0.0 0.0
0.0 0.0
0.0 0.0
0.0 0.0
0.0 0.0
0.0 0.0
0.0 0.0
0.0 0.0
0.0 0.0
0.0 0.0
0.0 0.0
0.0 0.0
0.0 0.0
0.0 0.0
0.0 0.0
0.0 0.0
0.0 0.0
0.0 0.0
0.0 0.0
0.0 0.0
0.0 0.0
0.0 0.0
0.0 0.0
0.15373751854931828548678777654544324825337587403995 -0.59567682169762555645491184939016172022845018820171
-0.38905751333778262489623421205051314065041236123955 1.4867710960964236464851111109440908399877607223119
0.54556463144450744040299099718596747478017453208074 -2.0200564647079060277585121702074128569533426627306
-0.70088661264922651466856016343198191376886882102414 2.4754764183789712086045918588022262741231641756587
0.87412590381307908152678304648989661419017450318952 -2.9068912717420792627053280766268716313033868810552
-1.0781792429245026888531806870746536096449845094956 3.3414345781071504123770133853378352390410971316928
1.3253222964595512135517514948059671061950146937651 -3.7980005782225195156983537897406238227174711983657
-1.6297453199105721680284807557858828430734049163992 4.2929341890775230164368659494666537942661177287545
2.0098423691264814795286790419247041698228941111181 -4.8427506604687967218384790379610882521135090665245
-2.4912078812942085887485542262610605120670572279622 5.4660594260056512353530011807185761337109986243426
3.1112246403625947138424232633490290731860995237321 -6.1854790096838782877754072722751234149977767880586
-3.9266310188697760579298944457748096884260118138557 7.0300355520083617134807643191924776531128399111604
5.0266547278208910018886045153747535985091943866093 -8.0385836950674354202270060288525343288598878978035
-6.5569130693503131496039294269547649719015236608626 9.2650722272168609919049915423969142792451318337764
8.7651787373366542290801249530925775354878017996336 -10.787110427144213505745716236757020176886391431497
-12.094274225618739644364194526285029779024173178067 12.720630414800975851603977157398779167409879609790
17.384067845289183899378794828087859497685479759048 -15.246389474512539270300050138413785627370634198184
-26.348943582002492314896602248609574262020993045160 18.661016572638959109406525761711810058160365058015
42.830077828519900706195013977225233151832510195487 -23.483291732901273966560112570194706585139891311133
-76.550386515411538813957564680583345340420052998856 30.698495878912745777539325386376820373579155145825
156.59950019178258217571491558643274550125856467883 -42.399626838819810551643073549899852176204575999578
-394.22820230536135335230471458543381343705369541422 63.817135035939871078677714740432350388700721872023
1427.2224596364559053232620273181972223812678678199 -111.93968608966957399620930185599840166978016019562
-11828.152660185009305865125761978452123682838327618 280.06756788739724106734241082575572081085653248831
31107.313067437198251574347936467846777758114857183 0.0
-22581.535264602486390348288251768366485570335057287 -280.35401113343841795337730732557255076611253009727
2701.8354543023764330442239807600803087033044979624 112.32290166499885511973619423638855701123634726395
-736.68564095289764988685276428970249707107936907204 -64.275431249179932205488172617506229652643168639139
287.69541617536799583806689954927954553123916002353 42.920092670234456640152779557406225723704435874895
-137.80089520411209009278239672449037979057931088818 -31.271763994005628759056977941477341712908722548063
75.371608974062266728940973491141369587415407042489 24.101748825355111607527938442919260944753973422806
-45.282879686939731381999997620713263873125772859860 -19.317988285389505655092018146390685515901206985655
29.192347840636064418648277004113522768656974130529 15.935702353089913985339082884197129465167445578155
-19.889971637648925094566295716057563086027664367484 -13.436349065752945290939068372925476551950914245375
14.175073686728081928333091527851122071862952493884 11.523367086514065613981050141819449548615287676696
-10.488187641924063563517975257795689012170870169400 -10.015949789988742131894636363241599492125477890686
8.0112915445076284832339198051572324910775011109429 8.7980315705516868285955637965927668567449785059240
-6.2886700511807736809786545738829685159769821220821 -7.7918058235556755212383699430974426671916621396534
5.0533468552841790918641709889524441690705512768975 6.9430737412110466966797624853676859961423438990633
-4.1420211341745016606546417978084499765318055875110 -6.2126805860136846411502114159309745638513162677455
3.4509131939706990524250279463898243341191743211337 5.5712425126175356468246713494701929298970212409146
-2.9116666806914249210504538784439547988861390339654 -4.9957034957355133622189924312528899206671886232698
2.4775635043664020791877003551429372852699865118455 4.4668903040539741748206023227293453395295248036859
-2.1152113939620767057729035204822607341663778219177 -3.9675058836391076465054874395430734933092436855243
1.7990986170679751653473363129769281385637314365858 3.4800193624187783018394966659977814583936521548861
-1.5073126790920676503914394368039013990970587343107 -2.9835328608401230405638391594750735738643572247220
1.2164371327432119392995418805913490104626832650364 2.4470088479707218392300111724196525301272314269093
-0.88934997727701286674618304874293626229040595488163 -1.8069358138258164006498891979858559719290370201969
0.35534284303580532376730022631751574811064947316828 0.72497362688956551568814533891668743560283698153688
0.0 0.0
0.0 0.0
0.0 0.0
0.0 0.0
0.0 0.0
0.0 0.0
0.0 0.0
0.0 0.0
0.0 0.0
0.0 0.0
0.0 0.0
0.0 0.0
0.0 0.0
0.0 0.0
0.0 0.0
0.0 0.0
0.0 0.0
0.0 0.0
0.0 0.0
0.0 0.0
0.0 0.0
0.0 0.0
0.0 0.0
-10729.435899919507625719537161885053355590597470265 133.20796644224532851344243019830350955481999472238
16309.999836088868992211153616534160591603078381117 0.0
-6478.4232000317074460938860142906697875309120077830 -188.90819119446126533236802774092324506942109168678
1181.0242168206362859082823087063062417752262589068 88.393653004242675463906963109916699393427750677786
-403.64064471847767931751487968526178726666892978692 -55.219660877713616169600642573653446033243914271982
181.81827191385884504136426511121088344882791154772 39.018027735788715899150991061969625868133153285187
-96.167710454101871503059788376656717489521215715525 -29.573396733037279319979879890756620635573401710396
56.611877862946318657936476738684594473282433818290 23.464738440209610581781262392940648986046815304279
-36.012437239985135029218936486862577352094184548624 -19.229069293731246718490070729125263291594186881672
24.311662451964018685891361398768986085466650486732 16.139784267296722645537075910212336240695410551751
-17.211507627945303141634220033435972310614458643745 -13.797020331662982139440789122272800571443196603613
12.671903286799499580321628546150332257378886074209 11.963441629046218724869528332109909699133466134813
-9.6426625549365351653563885720921831730485100003567 -10.489641020992260925911902793737810626798465958002
7.5468720360043280711223066140655779669636575365979 9.2769286185666188809371107858535533613105908343871
-6.0501664059341409358746092809217264190038733193543 -8.2573488575349148854852264721632161724561867355210
4.9497489115681717811405150081364899499251887670707 7.3822677894106012970274024159206688277563486959519
-4.1176174979687339995423802385994836030861009476589 -6.6154773923523311325490948627811827274512137182245
3.4699386483359623118057074716633228413669001747198 5.9287677831047796579120743637049602773462409912770
-2.9496966372093514909486513307889191043151305154554 -5.2988348277434934088151226085107594793819503776061
2.5163214388390940914931668857959999928656535213231 4.7047887490261685368072840650518303858643696852005
-2.1389559715493553216855910289124791232491308038538 -4.1255853646400707645479163433978635711344501948501
1.7912248658444943540484145876098947341446441820237 3.5362705948684393524601224860782178589399764425706
-1.4450896178382836743945689416448905700750186501511 -2.8999271723990669346801336070643390933447183323647
1.0563063172885434298887827354293257148680015697234 2.1411895343184240318595335462616416712348833970488
-0.42201498975182914864184049987952409231854497283615 -0.85904946560825420173252124250457718191995593170408
0.0 0.0
0.0 0.0
0.0 0.0
0.0 0.0
0.0 0.0
0.0 0.0
0.0 0.0
0.0 0.0
0.0 0.0
0.0 0.0
0.0 0.0
0.0 0.0
0.0 0.0
0.0 0.0
0.0 0.0
0.0 0.0
0.0 0.0
0.0 0.0
0.0 0.0
0.0 0.0
0.0 0.0
0.0 0.0
0.0 0.0
720.31315556949219004644034328439479145231108509876 -29.945444535565820197305101389340793396280227012138
-3635.0328564592665794870209573795832336796747249743 105.99608278798380112436755640868629972623601900407
4935.3371769349012445334580753677072490101457007071 0.0
-2385.2397196756531716871315543021055837113469859941 -109.00168942114749059703431569510349004985217029841
490.42352866030693518617449694276477095226591073855 52.819124367757090636322961339459038200750618795240
-183.09363280055480803976968125999141477075414883550 -33.980910364055142333596706570706068430307155439964
88.212875316021605583157230903674693498361375843126 24.584171013526653345844360356781937038807997020774
-49.203012716262884743545799907686603242530692929069 -18.989786187590634384969617345347850689516128446575
30.246204424192460975068320750085708337691093896395 15.300174232975265730023978905346220843998876517703
-19.950706474250981458572988072420976278715176553084 -12.696130238489174241307230390407508738831271998788
13.893009555651277085310246445338497793891213845462 10.765980277903047584594781356876255749960810058774
-10.104845451668377527189609109856592151154169272887 -9.2802656515258555293162432794604102229236492568310
7.6184492109095312354627380183416291926082235879906 8.1009813878181276570578158963510113753884017372002
-5.9199195935502626201957330908570950171772933434383 -7.1400555752805668997644780831832177479142387621052
4.7190211417621672974185325869068395724947588571293 6.3384562024859782047583191684635429089845611924997
-3.8432577224436872338322226427465509878886625885734 -5.6548498278902241959121715127218519930985038630777
3.1855151193025127032523752650054200636196625730366 5.0590286000507069450916437015508292644729034479508
-2.6765817265118921802146291785683393563878828950649 -4.5278422492708962110277972125957661717849659022491
2.2699305317238617422805726223993529755978657406353 4.0424592372407278625712478307042043131004734076526
-1.9328043844554204544099246022619453134014599246647 -3.5862492633526357007116299334302344546700665686576
1.6405500679964848863231273168073480682537963255740 3.1426964298191047730746798238553244049577714963363
-1.3723346528322328328126822309993603177988616255029 -2.6924598168727590710563745760454632863089038636375
1.1062842397728962553789901124427350619481401368597 2.2071925676079969691156968549294626167486342664383
-0.80826183490841869153564943439073754057592962138485 -1.6293516377390035882750310551457007216622581576044
0.32285099554670142357658733726397233707539539454019 0.65364014361069583320364604283828948213878342326732
0.0 0.0
0.0 0.0
0.0 0.0
0.0 0.0
0.0 0.0
0.0 0.0
0.0 0.0
0.0 0.0
0.0 0.0
0.0 0.0
0.0 0.0
0.0 0.0
0.0 0.0
0.0 0.0
0.0 0.0
0.0 0.0
0.0 0.0
0.0 0.0
0.0 0.0
0.0 0.0
0.0 0.0
0.0 0.0
0.0 0.0
-138.23023565586589853106119179769702827105575068052 12.060514708776070256161102434250094387602145780019
466.39750884411543111644117135782161922264387049260 -34.907480279950160488409033938367704620294762937510
-1678.7670089007460815454214080608047503565790288562 76.717001903502925730791751459598107120536206097793
2400.7312748491112854092197093971958667932765502019 0.0
-1249.8805829432938388180703403899991924501183454606 -77.546338496140787125154849832791679318907262996540
272.01537173648355695157447717053608047853985604939 38.096372879751745320900514473900107590862678888762
-106.45262169662549847176090992502918884831218531713 -24.844879153419896351604241273246473137233492332041
53.348948055103229830376580793866594019847523874911 18.194903767785301652249944294409100182179249777771
-30.770915034015622067235208525023617801389414484588 -14.203616285689731276103913759186520149292703200411
19.472599284743477183426037449001442058906269167398 11.547479418148741448824337745207378750202417324428
-13.176519177875811114400673460626689518594708485442 -9.6552109873139364476160747764599065677894589479076
9.3866759439172136369295272299733072215870019684584 8.2392089484423335632200782969216886139688653546671
-6.9677263638313348317976169159406909388264752987108 -7.1386124550134588879955087017909798415434949739228
5.3499172489476099590913625978405325187000402857446 6.2561837844803101086081769397943803519002794716240
-4.2248886770136844509817424018198769526488706878487 -5.5294376437515455930127162161461779003787767703441
3.4153371599131137519022975939638545279325830597277 4.9160873421732477194423063010018524939270556680140
-2.8140342560024861894613647656393312758096754195633 -4.3861033597786052743411159184973445026993732326535
2.3531841864022607404436073501704449908599342104602 3.9170511317292478354907824519160300831203689946158
-1.9880508300359833626214222557489388312170583175012 -3.4911114612127201034406918106391093847639035140793
1.6876640245514878849509985660548080379903603461106 3.0929091082486881794301619040600954049658153233739
-1.4291002188596412869287105714461773296474768554471 -2.7075133223778932602930464628082796988473976855482
1.1933341785232551307065818423682617101869891277458 2.3177854184676663772856271179468183942972011283135
-0.96077941746585277360902958790653101303766117479290 -1.8989837996679188908768722168034338552571568589497
0.70140838363236636659526760367601711849312142914186 1.4013455979600138521251969781938792194104576150860
-0.28007819809359567080967192150324249930420048188075 -0.56209023340232970420398018237221364408342180738295
0.0 0.0
0.0 0.0
0.0 0.0
0.0 0.0
0.0 0.0
0.0 0.0
0.0 0.0
0.0 0.0
0.0 0.0
0.0 0.0
0.0 0.0
0.0 0.0
0.0 0.0
0.0 0.0
0.0 0.0
0.0 0.0
0.0 0.0
0.0 0.0
0.0 0.0
0.0 0.0
0.0 0.0
0.0 0.0
0.0 0.0
42.227008448126388694888782920678417305846219279458 -6.2996732442744128460441685825590088031118608745988
-124.68920031940568352648620461002930330913230222826 17.057983250306928795118792424374032470298598596554
270.00152694272107030500415322650375203471883757871 -29.079445413292939827934764991719597060249473610434
-977.69872891064704624303065636321547651631467574330 60.659360273293711964565846224607475842417112361897
1444.1469066238317023150363827190208087537608942900 0.0
-782.20722626404425945763244125474358886070500721185 -61.090173185628390378199776008572735302324608945064
176.01597432212924344121936661819440973792464413871 30.218190879197670077839154452686153411969689474636
-70.954345453706023317818031220437674153895341238181 -19.853540390638037680765301212524204461659193932603
36.505848581261771047972821994102580295563747269465 14.642517240491188038167771404515837532580234844289
-21.557085119338094909498915013797783934337237572945 -11.503611938966301724973038523610720669305357907128
13.934786415035035841640605342656305845531239405776 9.4046954727676284335792080718593722824181967251604
-9.6133323639159558986889400940044607524677377316376 -7.9008933946519607283990535004952466944538231026918
6.9702236215767518160412013689085858807568705067901 6.7683161687607512086330686196931455256937165695380
-5.2576076371103604088238455454922759194592853307917 -5.8816174089870018781468543624573553113330816951952
4.0953261028808057802307618339497139660632751255802 5.1648258204865651002612834682864059931847230874359
-3.2750203781747995003144917472017920864017345959732 -4.5688698281942709361535071880441429121459707920885
2.6753548560917355134164978233032894778586314837398 4.0602311882921636517142537477858045498903100778361
-2.2219386521224718686871597715063576398905166942275 -3.6147115739033227791679456044234714565248473026539
1.8669453936188635285790059073045819093876711308916 3.2136947275841211815168215437874878885815952852939
-1.5780298407858140468269905020820849446594136022766 -2.8416111009945526109772574101577800286992980134813
1.3317916287354518929522244023691090213821064144368 2.4837968215526162725927208387751319151428510364889
-1.1092832798107409629246889401645359695015642531357 -2.1238818886797266225583122715720659413434729025366
0.89152262402293810019674546408387781982172907673381 1.7387383526860210494453003566843551441234189348000
-0.65013178661903246288561292739942982617832659742439 -1.2824638387777452083671071577350661944251333424263
0.25948329159239019643091286486275514711054853551691 0.51430017047673832007996793642650062508508726029113
0.0 0.0
0.0 0.0
0.0 0.0
0.0 0.0
0.0 0.0
0.0 0.0
0.0 0.0
0.0 0.0
0.0 0.0
0.0 0.0
0.0 0.0
0.0 0.0
0.0 0.0
0.0 0.0
0.0 0.0
0.0 0.0
0.0 0.0
0.0 0.0
0.0 0.0
0.0 0.0
0.0 0.0
0.0 0.0
0.0 0.0
-16.853918766040299033206778602716858049380637177061 3.8247340065903080511446542583178288073222909512210
46.801843370327448184811235692242777371718113418249 -10.043630948019600456455761475811480651225022911092
-83.996201899293925766725300740238163999895769239832 15.589113417014118185644021813134816354648890488585
177.30519515216744061595828163561374067845994777909 -24.831996754131092900199420249865614206326873671666
-651.79842760637841611011708096307812501169870864086 50.905281219113512803656055359481212304958424088062
983.83125339166289054581821167135321296704757716827 0.0
-546.34435621972081046899148496994584290276402450709 -51.218666517391143916579336460620937165956257433440
125.72364853626733930933842632031019059669022662332 25.434430511949636403958613641657247003633071623346
-51.744207545490676259193325057143642647240954839008 -16.784711927456936951234775858142287170952473276272
27.138674350067859581450495411194168996612488185921 12.433223573647062115233629630722779891796061304914
-16.313892317157959687038505185153870234256232583771 -9.8070840944329355562321348394228488176274757669900
10.721839360952560264277957033031662409956759797898 8.0457511313064046245157943633506979109288897357583
-7.5116457417204193569224822186054746258618660253587 -6.7787275276119121731253705583681605515977927918949
5.5243622273531109299633670288231433764611052898005 5.8196412424522950121859039134550966129141125751980
-4.2211422599835470290854862134420164216408327088334 -5.0640795619386305478210601457147542249175146657013
3.3256492926037013045102139862053215310763697920908 4.4485939967062662066874534655259051549019827924320
-2.6850303628992871637629960994221260563166901099233 -3.9319552009085700731031778248390131647156607602025
2.2093549457150771841217941571851521842209172522579 3.4856554764183979882007441895265132173391918089940
-1.8427594851623456767658942856723415870061376872921 -3.0886196751797044685478265237214956646806493981761
1.5485930644312135587572977342280694178084734137873 2.7238948533258772661264184675966937800884521977144
-1.3011058331834683195968048575191215013246927702197 -2.3761209920010921171097543898551014855634499030460
1.0800932650162819115631572032515521435047486882915 2.0287608474163973904501791964260644431898466691818
-0.86601246155910726879092366455451145582894337391911 -1.6591140791470973600251363791447837320012134779045
0.63060512406598069750415513380271661596784780415103 1.2229358729109401862194151743364462909640899234657
-0.25153553676669120079638447602485391769160789957016 -0.49029403396859624660913948985429603536044228767888
0.0 0.0
0.0 0.0
0.0 0.0
0.0 0.0
0.0 0.0
0.0 0.0
0.0 0.0
0.0 0.0
0.0 0.0
0.0 0.0
0.0 0.0
0.0 0.0
0.0 0.0
0.0 0.0
0.0 0.0
0.0 0.0
0.0 0.0
0.0 0.0
0.0 0.0
0.0 0.0
0.0 0.0
0.0 0.0
0.0 0.0
8.0220381810356639470880027743771730831966182813902 -2.5652251814508337778833529552491302291306759517875
-21.541839737351279056943803246000348780223683951945 6.6245246965326292656735930175527787098967850671192
35.216522291431042153500539355176710628524468991147 -9.8145424169953287590886167600533636247621093248139
-60.382689985553569447597161041790273805913170757045 14.092660300324495659450045249759539962263460623661
127.63554864735114483002321225819260872411788597304 -21.912303055733926033614947047980011017660869160742
-475.43871345820512489456354091957403785172074573314 44.571407459144736363238891173928058786263457056399
728.98870818331288939585572840281668863592400604555 0.0
-411.98505277068161599669179184712449763752474004464 -44.838933490269449324788352047477259485708588244561
96.377379550832522144676897803554310496126527749943 22.319999878043791787572251195137764973810625268256
-40.296763934607053925318414384580565302780059594008 -14.770445370225599088109135390780625528974025577388
21.455195318143522961094317458994494987149909354424 10.971359247597377453997751868467934692051903335039
-13.083391513083201735098217748134946622035416711406 -8.6756541781464929524690473713835772439716105291191
8.7160818839285729040937672892281423581427500813219 7.1323858537695293432903270695088299617824223691037
-6.1845401423507569204690941108469430069352069906460 -6.0184547550218466533728171771226360236938298144230
4.6018632374870780813659505088685931414161175031290 5.1713382308286089098732410863852846996289424442193
-3.5531293938150636572995463275633477583318906108204 -4.4998698812505957750129558297040335484095522412336
2.8241380532908644662749923682511561462567079360599 3.9484371264728834465142840393151884370530032084315
-2.2954971541685609833291620808022119231612341390078 -3.4805787314253514035538167799892518965441922939047
1.8962472728141240303787328851209038512925481224747 3.0706043734088092243582951748705552307394065484024
-1.5815801345373147107169768086041541831933436039121 -2.6987894673400980701581302054672102048067682287286
1.3211327887642727370812375570313237056817466721591 2.3480814201139593035374891682297709428438905427533
-1.0919778576929933175280256211775290353813092428294 -2.0009309664417527049071234491079273301967371436244
0.87287965053245492732212171935740409457261320970511 1.6341284528965791336557235846363346652116436526859
-0.63441079029869151934377191590086181778930135133631 -1.2035073865072908104102122683073613336055388514417
0.25285443993927038230961449409830066592913448792708 0.48233542930279993640702690745402641785020315999906
0.0 0.0
0.0 0.0
0.0 0.0
0.0 0.0
0.0 0.0
0.0 0.0
0.0 0.0
0.0 0.0
0.0 0.0
0.0 0.0
0.0 0.0
0.0 0.0
0.0 0.0
0.0 0.0
0.0 0.0
0.0 0.0
0.0 0.0
0.0 0.0
0.0 0.0
0.0 0.0
0.0 0.0
0.0 0.0
0.0 0.0
-4.3329012082508153176360284853231568903562663274085 1.8484454911307347754930528426020381443285201761299
11.400630928721944738897253474351962200175397121721 -4.7253833099028367870525299511874457378638169312295
-17.659320759105204238326412175505525041367110480160 6.8155730090618553866057366139693974987034238242654
27.205064923078902320520662309119655237766059554920 -9.2784123458348528175285836153549582531405202976156
-46.255819021209724932047919725166365613615277649554 12.942713590935740183416029821023738518651136219732
98.358719973054504756768250499885268218618545144005 -19.898388708289085325042059648924766769515806890854
-370.38148716989195022734891608099055040401185826437 40.310954869719304007654956958521852935905232693748
574.86922018849252435553260534323574736645778028326 0.0
-329.25053680177943035587368159124263811922003620398 -40.556418261002461569888913431209849969739793015539
78.029167228731949153430745062817127966086679820324 20.219265140049335578583770623033230395383733177602
-33.044112576970603845451510707161420852624560947877 -13.403901901543207389419592778316844762267394272321
17.813875626201791296146171401344899467744736796195 9.9733148670052309353653423796816690060147726092197
-10.994235685688361215799708802290188775701467730403 -7.8979110803363143716227433921250609205978309810942
7.4086857045238788113968213575788784113774925960254 6.4997280361092270512851094240616228757904273010746
-5.3133892924885371650238480006669297379955841185782 -5.4871224809071007657518547734875479997870542824424
3.9920087078900541123309062599954588852386993001087 4.7133063416840198027781852657998631981015144795029
-3.1077885723952845543024273057559498827521147283676 -4.0957388308739593011759617301435756381097094236321
2.4858893515976949861137772811983509364031797284767 3.5837476265472885481644515827056981631087775777840
-2.0281007545374168464437128746353363992891102531360 -3.1436227208156533905821634095392950991100190657717
1.6752884983598375450054966529011804138324617721553 2.7508573075117498068193994510485491464350879788621
-1.3890991034450682404145763887665216675499850366955 -2.3854006374055423743615548867955434210208269797638
1.1418624520451875882352469052665832730059299704994 2.0277149974612962387553587695519304683514270258219
-0.90924723175857102155622612507599264705628859803672 -1.6531460836183568103496643571545902050592902051220
0.65927542403270662750880819911648273054013322909296 1.2162204685291808118468202169186000904715606893948
-0.26250403507044792439121207611063581093694809639302 -0.48721433764424418486117623498861277455787471311020
0.0 0.0
0.0 0.0
0.0 0.0
0.0 0.0
0.0 0.0
0.0 0.0
0.0 0.0
0.0 0.0
0.0 0.0
0.0 0.0
0.0 0.0
0.0 0.0
0.0 0.0
0.0 0.0
0.0 0.0
0.0 0.0
0.0 0.0
0.0 0.0
0.0 0.0
0.0 0.0
0.0 0.0
0.0 0.0
0.0 0.0
2.5776063998586054355732394312791087171164574120107 -1.4070799853373974752605789900156260758074680725373
-6.6923194957972861767536815031299551958667109408592 3.5734064446377274249412862424747504432576133535370
10.017422908736951049151749794028239076464198839155 -5.0673570051811657657097896624504382544732619682687
-14.479952717193336892879438475597160709308857455900 6.6838341337132737131239233494394066582813873766333
21.961027283902219395004498077739419123056489270532 -8.8085809019788906251333954080380661193125910290460
-37.356007929296573576723393102361346594962915925371 12.117488344986390452122643226551844375440481468898
79.955022848304619385000289151894618975398382790902 -18.516752671013372493274295573571107125395992558878
-303.82906563954983127727063400663351613288154582141 37.425052622907550694097914891999474405269060654657
476.32844004676965812994786682930120220738651004021 0.0
-275.78665795990948056153543873425115344023187152829 -37.657825823636731406122990794689495849200273564377
66.072226879105676059040616077261672845432819340094 18.792445697251591036503203249520157326910937857749
-28.286150926417364227130143947122377904169298093972 -12.471412661024124636890343450284720886439039031361
15.413273568200708452792888282655646240921375101261 9.2883085365652818320662762100877310586046590508739
-9.6122001843336001945147231912782862817155555927015 -7.3601913484486510661395853715509044320621467711336
6.5416568064586957555358506117005159041635490244257 6.0581739804780299608607157631971087524460000054324
-4.7342074813602090955593550050185327601858919011652 -5.1116471236640480323141273629066756182584133870367
3.5848471534145836786393715818954356006403164390128 4.3842057820575858042395808073463955407503225914827
-2.8079386786596639008119190777094633777154130614498 -3.7988111301099418432524778045873079273555332525368
2.2543100578751269565426150535039418790294160727099 3.3076514092735353821019131226726371412012468648448
-1.8393199661990159080403731735273471283442398000621 -2.8781133094071898598096625463488453985236941722824
1.5108939148626630346768550041602712784454413379709 2.4851601132735725387468852944407683746287586778476
-1.2334165296054188965156774066814560609237020447761 -2.1059239002911300219094706737603400229547537125582
0.97742018813499581558842875245582988528639898370356 1.7131815881070210219482372414818327959413522166496
-0.70660502774742947689588686039519102515969692624729 -1.2587094784640596109634624374196199820180448880575
0.28100094671506558174939012101909892523346016135583 0.50395524679546494785068195384400092174569056682394
0.0 0.0
0.0 0.0
0.0 0.0
0.0 0.0
0.0 0.0
0.0 0.0
0.0 0.0
0.0 0.0
0.0 0.0
0.0 0.0
0.0 0.0
0.0 0.0
0.0 0.0
0.0 0.0
0.0 0.0
0.0 0.0
0.0 0.0
0.0 0.0
0.0 0.0
0.0 0.0
0.0 0.0
0.0 0.0
0.0 0.0
-1.6567357835988294587013208599669530391654423997527 1.1191810980776684774314277731739498759668061112234
4.2619693460873979338506743770121919517778241206000 -2.8293937502462034966297673251385239280278924948480
-6.2332553366752191713550828656165105526251927982252 3.9666876792721392126408813242004894326509925613480
8.6441475646682693648494586192669190997222699705734 -5.1260807368769497168599694612022862491327143381554
-12.233528908514858436957971943495341882707756568874 6.5282373952050335929861069464627357081135714240874
18.482421107990401200267527111143324961986958893612 -8.4674760032029239475416455425522813517884509716783
-31.536414969157612914861094810183101060474976483333 11.559411947584956079383659267143739763780547784906
67.925260221733925981358399082391264438376258012138 -17.601095781326893143234314892467370970816235564037
-260.16254036119394073498194070464882244639461295426 35.524400285458675991677682784669683637445563024969
411.43740985491442093904349202127659032201720079238 0.0
-240.44663786781725430124363198447253548909755477497 -35.748602510784156386870736864210047103189752858355
58.157802474378897723155803140808704288176548039528 17.849883950011484129375682715728920866462383309077
-25.139102296087449592072062435905664278571715038870 -11.852497413506566353058800662822766578106591554488
13.829862615470864953187186802330508239171539810877 8.8304132556281436099451674708381840463996948483178
-8.7046288844373767523454595684883743169554325012793 -6.9969666134750126807562615079325952332117313619195
5.9751084292876238175087992386841853924477654889482 5.7553481028442253342288395430018337989306483449030
-4.3570559801706558711993099327310690770855772598572 -4.8485300661446029799750802964491609599425058235895
3.3192364040284667250244087187860770480340093219365 4.1465840671629022378182704252938101439704396657260
-2.6097230114269144419485849363924222792416883661593 -3.5755598754677559395233670444139465119172382058569
2.0959387770977451084206856688468898759276495344198 3.0886733702579433825850342454554317681090424135073
-1.7013814361732497768125171463980169668333225797248 -2.6525439972378109027423664738205103548879353118526
1.3768885834394352205338162805778482803635972237546 2.2388958923797755230993944560903573086500469532147
-1.0845453683674636090997043671400432142212024097835 -1.8163857472174356632455735821777175690170034429239
0.78115240631063790406148137084574979043882204785184 1.3323091940453027983244511469710332431114432147856
-0.31016829079188833260427840283089628749798823577656 -0.53305242865110895484571078889751757493355385673032
0.0 0.0
0.0 0.0
0.0 0.0
0.0 0.0
0.0 0.0
0.0 0.0
0.0 0.0
0.0 0.0
0.0 0.0
0.0 0.0
0.0 0.0
0.0 0.0
0.0 0.0
0.0 0.0
0.0 0.0
0.0 0.0
0.0 0.0
0.0 0.0
0.0 0.0
0.0 0.0
0.0 0.0
0.0 0.0
0.0 0.0
1.1356626410623648053890061226127628638108434295327 -0.92321618840363005657791487864505121521784903723657
-2.9021476480479554429652501812050934515185166586550 2.3264080620452659964111921336074468528676054352678
4.1750136363589955909676526253965050806865030086667 -3.2353043657652730237703238103394104146049896605915
-5.6260536489365222661989669353502308387103630759496 4.1225405794299180632374134122753642635099095044663
7.6061862903653874735089138196161132206053101213088 -5.1334741444507964550692046993896268982386997864713
-10.686432529995655115640060057179566368996797396743 6.4241408766028174404833398742037897290467042651598
16.150261117166240638594337123124822748077649506098 -8.2586205360290388599554204883735867451545853269203
-27.667719080697516173655073943282225129209770871434 11.223039854173131880657403591481330461259505248913
59.950855165932173551085570445892408675842641039566 -17.051388206893517349757939684080425479739223329574
-231.27230785767625563646967937479004995027254097660 34.384601417886420177352665194789571812711287569093
368.66370430294379752240297187231738093252702687517 0.0
-217.27344972473109953947427005884020599937664262824 -34.602154406807047487533240820212509147323991863341
53.014538626915799735671118808000514944193227027432 17.281921255444032868340800559172129538713651961148
-23.119716296545091768750408288092283668118710485905 -11.476865676624914591262897246975524997333747481312
12.830329205745749968983476817731480805008766461442 8.5489009564603280187331155374493098750820125212560
-8.1426605229785602759458993617974034836353771899173 -6.7689072484481930129431181240775140949922968530580
5.6311538628908746796442064565874233263966281767036 5.5590411755506333296362357841358988687139373867631
-4.1313886491059369827718310681065733795366595251085 -4.6700192630013232428526177535465111051647743623662
3.1600382481707744474374734853936209860285579942173 3.9751784848459313315477252868293317207778516341986
-2.4865829641419318840113264426938315698726930346293 -3.4014160056014230239862265773418157047683744230767
1.9881598543038429671163453433659825472959840259450 2.9008144004123589592453560223679117389529064301565
-1.5913862963002205300517295153591397175089798875897 -2.4361617595288347352572289109935157921442519631917
1.2440415994941929521925769601960448346262579777624 1.9696164987587409288668334297179497183823113905194
-0.89189928489312277810451785033281410718678798689250 -1.4416746221656886092146357223030577729692578246338
0.35346262032825015490726105368918297793062335307790 0.57630736052366798629445338341715143489669230965924
0.0 0.0
0.0 0.0
0.0 0.0
0.0 0.0
0.0 0.0
0.0 0.0
0.0 0.0
0.0 0.0
0.0 0.0
0.0 0.0
0.0 0.0
0.0 0.0
0.0 0.0
0.0 0.0
0.0 0.0
0.0 0.0
0.0 0.0
0.0 0.0
0.0 0.0
0.0 0.0
0.0 0.0
0.0 0.0
0.0 0.0
-0.82271364279431708357053005260689595069373731160935 0.78567039598224936247025571305414213492021433302812
2.0920240644495548683591261410099618027139206700959 -1.9750630363217887566392194663873989758505105541925
-2.9731407934935964011509567660684318887869820573986 2.7305253222307722094572703526602553495985244148077
3.9240924624491266734846421840302132709247885708217 -3.4443947915425240552067998913605546006859389103475
-5.1376537908940873842503744810268008800035242302984 4.2224749300094598275617381658845124364445386247379
6.8765196641545996024780782552376465342761515370924 -5.1601935082906532227860362269063682848873822138408
-9.6425444552263048178437992233885691787931854839411 6.3940134335423060975455956586240197890723430068568
14.603666836050502686319179687265030503483455566644 -8.1760404431333749474356796652731275255591145892403
-25.128960788481957042062864993017560998609926443817 11.079402091543110894164566441763570796675659394910
54.769294897006995168413664773457542571886182913854 -16.809877889836340436686299394482546913872763871932
-212.73105609850593176126156580286246946248257450803 33.878749840670364826780294311708631419878728394545
341.68745479883278776602998137806052330165535396072 0.0
-202.98947784968462086564045713638975836929270594413 -34.090538001131673521206727208028468180295899989250
49.943209695293873645147946460294996700313357395751 17.026253006073234099902804889741414913845946036846
-21.963441340867632576682031070225206061198878535559 -11.304114595402891038745499147662673997725096199498
12.288041253658184971075319463862474133019198143918 8.4140138956989194675816377990126338598512914312989
-7.8570731569654566556588046924121188212563140875756 -6.6521345932518501239797476211814603475589007993779
5.4681749956206163307266221432377449102613337161759 5.4485813001111305897828145451831766843336087353934
-4.0297616934415063642532617972717348509901133326655 -4.5567317342279371727942885707915664279994930213243
3.0868049841719834832211820162823381090727031863538 3.8500891659981912106886706668844962559030652557806
-2.4202614585572083599465474553234475828140587377518 -3.2536957170276051899499710196841345439622293975135
1.9102953985216853533067378004243676263341955053858 2.7148826131792917134790932494852806403917457064753
-1.4791188184142570536490568298903661754259079713242 -2.1853277138441321834628006336350896391023929381565
1.0542960480649927039532011746633779267853790240867 1.5953203592888201431435636654412345108263385710261
-0.41681743725120078293525106436162050738511789286170 -0.63702679571640920451076408302352541939448961342973
0.0 0.0
0.0 0.0
0.0 0.0
0.0 0.0
0.0 0.0
0.0 0.0
0.0 0.0
0.0 0.0
0.0 0.0
0.0 0.0
0.0 0.0
0.0 0.0
0.0 0.0
0.0 0.0
0.0 0.0
0.0 0.0
0.0 0.0
0.0 0.0
0.0 0.0
0.0 0.0
0.0 0.0
0.0 0.0
0.0 0.0
0.62573504389002935130687105386637921490197772171690 -0.68718466184385676069909076939925687790916269457884
-1.5851175919844652557182338070411658585211754951568 1.7243488944310730073143670609450083160062297004425
2.2319890908494587615779648051836519436730513343674 -2.3733573043832009547245205811307367566516636521118
-2.9004019241066432360117291671031296334246571505744 2.9715353644553482998315022005807932362355669653855
3.7091746252425210574325074068219042468784555715720 -3.6017304396192414070245769584595273136459302769662
-4.7970492996478537872121751338636330058190322923534 4.3289967680753087404694088646774300534140982092265
6.3963512492657750309220898918366618666460186477166 -5.2341460043100864347694542345933254250236955328916
-8.9744581005290985411288046094892868333269948362106 6.4469667649975359416313154353372997768424375983475
13.634375539709234276289717503715002194139440097635 -8.2163134363287432253006166632220590446010134502815
-23.573204172576262353981426969409159985780425151333 11.114213156569527400464127484298350443087042325968
51.684332680954489532838226480691587574559201108553 -16.848294650232846582589893368939801786982475676864
-202.12182793676247037237201209321176485301615613067 33.944822801302180908921537060055659392491602839868
327.10799502925403645637375764125512164894707481227 0.0
-195.86717469849309254817857139376777698329449692740 -34.151161861895349484279566198136499196741317018739
48.586900641238291815916511517499358662863061987330 17.052069703269048202692983229916167865854768292968
-21.541224042823207998870085923161407368092374695761 -11.313689740620092860233647727649608656556408605772
12.144747908610163466514098955337794915040684937796 8.4097150263123400337218006552105750768006026794768
-7.8179642392459053626122518840512348508947294195341 -6.6324479313531083321155770727332530988252966162626
5.4687180063143000387564418020995422610737221221965 5.4097519365805974417912045169730587446940781350196
-4.0395278516043454899397944079264880297432880214398 -4.4925976828219093116208802338623728853985424505285
3.0866742296214376240235637421383994499469872788989 3.7509066969311668137831532447039403933046664212248
-2.3924945366709018347516667194959589254983521859054 -3.1033547441253329202188676177852374258726560245241
1.8299422532192936105870428395853322981061582077063 2.4838716565713407064410007830962670863719384709977
-1.2947830794762615468074415736619712536322613228683 -1.8070957933145720100495915064854321771081286299943
0.51034077397941733637945254082677953985691591261116 0.72057981444245371457266380020128025648982264762872
0.0 0.0
0.0 0.0
0.0 0.0
0.0 0.0
0.0 0.0
0.0 0.0
0.0 0.0
0.0 0.0
0.0 0.0
0.0 0.0
0.0 0.0
0.0 0.0
0.0 0.0
0.0 0.0
0.0 0.0
0.0 0.0
0.0 0.0
0.0 0.0
0.0 0.0
0.0 0.0
0.0 0.0
0.0 0.0
0.0 0.0
-0.49722599906307989731394342053073687296581414473408 0.61607436923734779242976607183872757434980021147481
1.2558523478048889037523182229049833592862204092710 -1.5437458764987295408698412216792540635510617801347
-1.7556921915631966389198660191991963721493815015094 2.1175523793439721675302687704998610542948492688823
2.2543494677559226028544280432126439831879974716804 -2.6362322870509380869488748395579125906311457051108
-2.8322123992947499614001252244577123670486615498242 3.1683592431017282151790047787763593000818044606487
3.5713162479773276236857375115675987020589202639592 -3.7622043000114749692275683381072718808030716082559
-4.5943649952019732649146570341029874519718953716684 4.4709836487808847704319448595180185247052060831416
6.1219734445634307035106978524548071986736480475193 -5.3708800752133265500163085729673819237186665373863
-8.6073656103006781252590853778507278675522240876954 6.5907759600266363357618910824315150852455361771894
13.127855781534060478585730349860671308219004134160 -8.3821795584255018299140783927464791649737420033024
-22.816735411164586173865191590095674973399394292830 11.326462839518449749497751929788882950438575387146
50.341160048422195813805751231013947984459317834474 -17.161919164447061292013534293982956102744659240476
-198.27535561794210298181527679914171960585012801325 34.571049351973409273577230033146148211396205976958
323.40474380927442759568408692426816011489305843243 0.0
-195.22325849999057592944863219230455827262148908795 -34.771852471643143715478679016522214968792894739438
48.830671167427647575810732041855552363414915803152 17.352816328571788794495589407281293456620190860024
-21.824617552993683267945273241676812382828153778939 -11.500088425578365357748734911935865153195921690438
12.395275142090161615822773035952025238476826476176 8.5298781728689113652958996101318807937992840544487
-8.0267849854690590576127659211666415374945398771654 -6.7017357125291217336862394406509879552601704471447
5.6341472956757722347462878346292247074261173172155 5.4307441506747266548405368701640444520548947864234
-4.1574039701372333117230743106596384196239172220646 -4.4593958088204151223670759324092909337232634326248
3.1460274457865451908629835031981683983855509456870 3.6479428386156438022578685251912260472186800756018
-2.3682684510617253922717451666262686545112502070085 -2.8979932095245498871196376678526454030819518553805
1.6598504138629757461451157659309376913215648946034 2.0990485675840569457675821313128439547392673279928
-0.65168994625238925559840318501713183074676308739804 -0.83547734463640817370579308477654957060473982413084
0.0 0.0
0.0 0.0
0.0 0.0
0.0 0.0
0.0 0.0
0.0 0.0
0.0 0.0
0.0 0.0
0.0 0.0
0.0 0.0
0.0 0.0
0.0 0.0
0.0 0.0
0.0 0.0
0.0 0.0
0.0 0.0
0.0 0.0
0.0 0.0
0.0 0.0
0.0 0.0
0.0 0.0
0.0 0.0
0.0 0.0
0.41128244352735472578221460006567242208423582450510 -0.56508377826665270890940794546016156754780626252439
-1.0363464353818140955888380314132824717497766664622 1.4144196175855657064876183165478980425645520211811
1.4406236335396689622180013793699260755148502997473 -1.9350050637932931552838533965070243696094569185029
-1.8325485488018209840911802565595159589519601946913 2.3983976157472218593104276066483393722251049004043
2.2708695095463936675154813836733137045250594469506 -2.8639100240663393816355809681679561623274092165710
-2.8089382620484918331826887687155142199455681985741 3.3698667250420100890442134212675733435635232905144
3.5189883726313304223052085725730442649794860266775 -3.9544589150300338590349811405597712041828983891393
-4.5194745887343451162542635607590767038852207504673 4.6672489540321214098706366518810181049330672774956
6.0297768818541241631397818814969576838005676648629 -5.5841262381221880571781333393943303089728692013741
-8.5053508596430344412747943079506300908197395661939 6.8367826809034424988766958132495073071894357004511
13.033913907328032653541533845594781070071549656267 -8.6845502778587267295617422769788936551860807067116
-22.788366759614992884653563686433375994468468341717 11.728686105917030953590839194076029687930031330859
50.628180225390243351261400252487537930073961856874 -17.768477650543538363082874787521542577403404590492
-200.95443708087830664916008343463638100149769725027 35.792651415552170335724500560186189726511606051897
330.54348196292804212607645472193914104143290322137 0.0
-201.25397677795494960998941135456302710421857143308 -35.987412008833605152386136933604997166041680681639
50.776978218612702242771234296732273516393778572269 17.944306580714055283592717300944223250325383138632
-22.881157093079881827784412595647562824201822696290 -11.871165039666290545216376659534410698670095859175
13.087384644036632512542766745164986288890146272649 8.7761754483392566946427294381778234168955719659586
-8.5163421804264754870813678232134872387482943439286 -6.8547783464757102603347721588083171244343211725682
5.9822638520360759498493887706532266475916859495562 5.4967530376771462766414042817170496854210964961090
-4.3813200397849957523581853967907201499745932733645 -4.4267675728988099102351963164674714584453236706085
3.2288871198202617224472669674837854839523620543354 3.4813972843468248838589713715033703553048244653077
-2.2349777114279825681792128214121861248242891557715 -2.5067735969561124403674205091054412166268944909917
0.87304822957735247679008899036455385103718522527301 0.99537233744476404064917698969529804982538967534832
0.0 0.0
0.0 0.0
0.0 0.0
0.0 0.0
0.0 0.0
0.0 0.0
0.0 0.0
0.0 0.0
0.0 0.0
0.0 0.0
0.0 0.0
0.0 0.0
0.0 0.0
0.0 0.0
0.0 0.0
0.0 0.0
0.0 0.0
0.0 0.0
0.0 0.0
0.0 0.0
0.0 0.0
0.0 0.0
0.0 0.0
-0.35313979224990091962245205454333464540912089210096 0.52967975304575915729094609174418963650271479357720
0.88816589229071743697807934434947103817318786740656 -1.3246486994496074580988439966441160442481655148078
-1.2290552460065103830629871941727891558506087163126 1.8083936462965965060097301947332528921842277874926
1.5518405167688434120779253103030701822992089384567 -2.2337424284497241752229808390789837683173498995560
-1.9023524434890584240495286522541075851749464298514 2.6539073587361062190226250664814447181093091322879
2.3182589114405463102791029781058335187897020810257 -3.1010463728636339365773470438009315861642441510877
-2.8462197753152584752991241500692850444352181555601 3.6046023723918430207386828543227595847185366555824
3.5569771626988402920754820478376087519355728874585 -4.1996709538829522989718393564510560368225828813638
-4.5712403645597336402655803312015774567951154943034 4.9356872830519016580969194509691767280255894444482
6.1159094767102295269533863084835296042783962910767 -5.8909705858087374610390009972885071259032455832268
-8.6651614989882014509937032380334817556608561631862 7.2032567628178746492574699655787538910228374302164
13.355764631695331844291829292158411425695644185224 -9.1451181582999771948712019014533185834269103868578
-23.513473152230382044797515997816911934768542042702 12.349536843397946344319140459259924867850660679531
52.654078959784667852415669345104062418407399302753 -18.711529849885376891427000903655176888178074263037
-210.82288641164001798444560594961250679018482087430 37.698485245625626143688315940570076590100881598039
350.03213648621696901807080687268564149645036166566 0.0
-215.13447687778386220703307846171727364659332382464 -37.886066241244039008260732870712021709908777980029
54.786477206785340722983955244213319311772483850226 18.867286625135778670350654451053145297117759602970
-24.898382918012991691637136953985328736894906981746 -12.448629205866957267020178540847824127538127926984
14.336454425973206908718061374063703042879032829453 9.1563293668388134798818699444312632927719702706324
-9.3570602898690450017460205806333574747814052690126 -7.0840372212503425067401998424665388744320814476526
6.5418993805992783551760105130028197601936799458544 5.5782517386315267307595161444497973569983103227197
-4.6822820075559910910556124317004491106656380808756 -4.3257158588806797660285324132160944994101268092860
3.1868450670448060742763606516235284730052456982779 3.0896876668824885531299541779718202703679883396262
-1.2364440076412868117630206137519098694729824005590 -1.2228542088517366055715582665907515420518857943388
0.0 0.0
0.0 0.0
0.0 0.0
0.0 0.0
0.0 0.0
0.0 0.0
0.0 0.0
0.0 0.0
0.0 0.0
0.0 0.0
0.0 0.0
0.0 0.0
0.0 0.0
0.0 0.0
0.0 0.0
0.0 0.0
0.0 0.0
0.0 0.0
0.0 0.0
0.0 0.0
0.0 0.0
0.0 0.0
0.0 0.0
0.31412987595607633622244936587536386956013950731101 -0.50713930517506526054023574875349067839722389193126
-0.78885609308494720700498512864950101611506197783408 1.2673978707826252798184929106529995834475973144903
1.0876581744943434515681153430051220738346400381656 -1.7273482013956440773609299084767329594244787219089
-1.3651605959082158369426685917489191138535654758070 2.1278118642579517464748828725575605410729269739731
1.6592018741606590884099094245001048646976225599112 -2.5180746329035466697779284474881760728095406669803
-1.9983683905890990934016607722507667689028386733155 2.9264082430053413263695664951233964390671392006522
2.4153729160485492122238098943135287543558439951181 -3.3769411820679612515304325401304271539635082478709
-2.9565275036958121306421731406802577687063933991415 3.8963926339753614156688753144420607521116149951383
3.6957133193474621460366138880151875800266407596114 -4.5197931766985280305278885551521810616068027630558
-4.7615599751084965697343352189196883687584575371131 5.2986619419473341772973727090763632876862843086293
6.3980641112922645468714831102410830378849882934086 -6.3161303534738308691299985534913853647432185971324
-9.1177515560989777656189718908048660648145072182859 7.7194789112065478512377655005433278839758949506004
14.153888532124568822823269004502421726810909224658 -9.8009584031769026819097862219849733092887270550859
-25.126201017244110627611309490904388197626272481941 13.239798259719267508865226575379726049357168885816
56.791193730007294962403438069925619618047871649682 -20.069697471725983789294727761771080815801916188382
-229.69464798514444030522494477354970199375143303338 40.450172260246681568204765107163954367892183586243
385.47728730155690145118324198623375216126849339435 0.0
-239.44942364421173596040030167880024762937388559794 -40.628252953268336692598386145500142421705721072530
61.609517446403310694793809128729612649502026996349 20.195182371814649757597976730699431402056087387768
-28.250009783397174818162320145823590651567902223226 -13.270226463467321702853393622025289715303230575485
16.360671669848172889108227537173382453408445137574 9.6803299681174866152341340606660951954803079173327
-10.665130509128881523751344642528372624879938680952 -7.3661154931833656924417581631122114946081653737971
7.3190701463881606813789179806883681239560474556620 5.5964464881679471105551112770604917727394268079784
-4.8653690130402142696838364999309356675294874800596 -3.9518907205210398878572748953903359057883782079595
1.8700526611297210248016154706150964254269759968349 1.5570215293995345500447989943348271587735515918358
0.0 0.0
0.0 0.0
0.0 0.0
0.0 0.0
0.0 0.0
0.0 0.0
0.0 0.0
0.0 0.0
0.0 0.0
0.0 0.0
0.0 0.0
0.0 0.0
0.0 0.0
0.0 0.0
0.0 0.0
0.0 0.0
0.0 0.0
0.0 0.0
0.0 0.0
0.0 0.0
0.0 0.0
0.0 0.0
0.0 0.0
-0.28914087745948190384353128067824833640599786005850 0.49609459141159498488859896988872836443049298305615
0.72521405074574311059776999560177886945153713496753 -1.2391071242652078339032846363469948683140494761601
-0.99697873751914829149434464363329006893437750051031 1.6865401137019614200904655818495525327998570709297
1.2453829500268674134459033763435806829647276143321 -2.0730330936386593903781867595948807279969514011621
-1.5032891711591885941036070326882588103105104977255 2.4455926182849155865765218120424331320366782007740
1.7938431805507480620890843623288913612424942515768 -2.8301108059840354853038504502160900084537192614492
-2.1417444901498201029689050368830426102433661616465 3.2474491667418132002402876682306655734144452871708
2.5799119383297653608877779377470164194642604721661 -3.7192939741054902311028904541549556381431330665923
-3.1579691346610630069733062584645125495665846137634 4.2723612123255155407351612265829322234429251932873
3.9571902849040456835209927833544946497454432610053 -4.9435533323869313752728120274389746829955328972768
-5.1208243074925433918380968029628828563421548030947 5.7884527914387407078509079970578273789779217437391
6.9224845016233868785252363736256817134198619509250 -6.8976796894872404344127353481858467297710103381861
-9.9397068544452607301991703776718436180703923336398 8.4324494392136853639548415005243538912254384770738
15.567862582121497074575023021241036849981637622001 -10.713112029804339827558136588131946235211600914298
-27.918029275988206796576914021567041146599950860206 14.484386946398129094995065993642833051327972938035
63.812662781335702767568335689555687388212731327334 -21.975711168001181778132839725636302994923713185072
-261.22000061041541303219810434076395104427563447976 44.322145778150487524266081707135840962844176081547
443.99806706408738469192138081234390370908272714185 0.0
-279.23439091792076769846509088691968134729770384512 -44.485868241131556364701733437482570746603074909853
72.693676791618601495653502594159430288503896795693 22.049605145301978965149104978313097421535837369723
-33.643652339255085548613615474794985760007345488845 -14.392219642401481721630615226646951491043180500693
19.546691864781270281230923303358331814256914390087 10.346790045256092661796586493638868916455488699530
-12.578299812519283941242022269238960359844513841701 -7.6164574292322975463685352266645129146961037272959
8.0767425940344942834704127892485739430329745502582 5.2878581530729021457096998377922696596545207106403
-3.0627175371165292887987493893359263373234652287205 -2.0696786494283374417435579968692977188076819160593
0.0 0.0
0.0 0.0
0.0 0.0
0.0 0.0
0.0 0.0
0.0 0.0
0.0 0.0
0.0 0.0
0.0 0.0
0.0 0.0
0.0 0.0
0.0 0.0
0.0 0.0
0.0 0.0
0.0 0.0
0.0 0.0
0.0 0.0
0.0 0.0
0.0 0.0
0.0 0.0
0.0 0.0
0.0 0.0
0.0 0.0
0.27533143601310124140334312520977024275328079312408 -0.49640516570440054981627146255441780324679884827185
-0.68989807572507401615717523002127078710606136254295 1.2393328538028176777885253686517075804571811550355
0.94619602856863986291473096092147537597492942185502 -1.6850554774568308831410119363105747425976902433731
-1.1774369090336439526009984601527761636692218828922 2.0676350050405063729925320296364031020139760731311
1.4135307074066462247347395955018048653286238432783 -2.4332024906553717101627939204304361673179537017065
-1.6743675658733692836511291219384038576716418503983 2.8063806747865603805010797513747944183532449299784
1.9799263507505674195029524197555526391686884410255 -3.2061063969888564430611742130745734215221659064048
-2.3554602610101343687701819386836247201673480154397 3.6510406980144029481627585062793528879562311777281
2.8372465550020360647296107011302826838424253670462 -4.1629688575114410898695005449582905233637256331206
-3.4818201239704182184066026890358847848827281204829 4.7704129037272135810522430482299572768088720465838
4.3832811702359837661624293378901214109185273667545 -5.5139601588805627796258566057742329423938591628476
-5.7090272834289731111629303044813391081141754864414 6.4555940953810957205187169734933960637668161233954
7.7808777720607470976763760832353015043449690166605 -7.6969810012331050195339898797990518488293464027667
-11.281779688285260557555708552414833812538636973657 9.4194009151534209475263692969105531921187583187963
17.869928264014301115614796534352215294933006412777 -11.983267089630982117111643730049654015050088002809
-32.453967723999781259911278634843727728461425610537 16.226250989294727864078207513228650467262350598742
75.214851811160947766744164685908024108087138054026 -24.654918791026577613857711244989720372533748765627
-312.48708476904570803219947931227903212128546964532 49.783478440437749085880271556612834721646022661684
539.53697359461559513999794617887910089024985718585 0.0
-344.42268855138378208736427069593356191382097003480 -49.921886868904510510305189134360792525793367012629
90.903990748434317254876891704625714026713876893042 24.628798120437740914416100974616254145679715735929
-42.446698229478232061296688539636869197284995591184 -15.884683574158664812690131810882399444590614480861
24.525783995085180179672841022822130537068215492505 11.086002794754264400261922834598237972116214468157
-14.915450708715021353352011288835973713555754185680 -7.4929390300496997587190959550676546059786924251347
5.5409041864258639006812108128873996005696244225400 2.9031981454761419812442631899360264497805595649401
0.0 0.0
0.0 0.0
0.0 0.0
0.0 0.0
0.0 0.0
0.0 0.0
0.0 0.0
0.0 0.0
0.0 0.0
0.0 0.0
0.0 0.0
0.0 0.0
0.0 0.0
0.0 0.0
0.0 0.0
0.0 0.0
0.0 0.0
0.0 0.0
0.0 0.0
0.0 0.0
0.0 0.0
0.0 0.0
0.0 0.0
-0.27156884446684197072144774652392917866743923758661 0.50938217868477815724000307664377223363726067228526
0.67993729101544379933928894809378524598384914837845 -1.2712848475704414883257590345222829103520913276115
-0.93078980742330971977732116179492919476389223992454 1.7270471280250642993655308446395200841173140419714
1.1547588954021307110230993377742570490164130343226 -2.1162768498129360149435184359632406963264305537842
-1.3803334290676439291612504554367139663948599760204 2.4856125617746649137119528967906296835167943763219
1.6256034773204443489136220381924746337467818912091 -2.8593521739994157587049820599670287435085703691589
-1.9078333234362806010437814747346232950956539838440 3.2555040154424818824526307384364746179628604827055
2.2478691352600354637863279876201226247828267675251 -3.6910461947981508168405756671073125088651305296020
-2.6744585796925064830965524093173349341817874398859 4.1849134327498449521053295503668041482559600343195
3.2306184650250554809753635646700489556177271453330 -4.7607904063894028175283331117065351662748416973731
-3.9847869537557513728795429357252015270725372179664 5.4508207925785921758945409781545490497090366608439
5.0522764875938909541831240751496434326793818213511 -6.3015691202566973241988330358647461036439747082190
-6.6400115173932988767490348751195960078157189468727 7.3847492709090334218916866006435999840960590789616
9.1486991003098592326116671518459026737845032123609 -8.8184141304618950206312495352432587142664316121340
-13.434397911500989133525328557423485305068779205972 10.813306693259696542515349686458904495764677594330
21.589052325047805242923609409890211478960170628823 -13.788379464864517117350159554425160961291479864119
-39.844608307119514073105370500041216392256185624664 18.716700618432258579565425402604239017888129730706
93.984225072147950569298327528377716698955328334301 -28.507500847267439787356824320142171828216120560565
-397.91188846618970759079688878099642145545393393305 57.674807555071164736368320438846758485072246900152
701.12719676804500893931909827605611331958477674800 0.0
-456.07447170181856874381132975765478243197307244531 -57.760155159016097061623053906198409668934640174355
122.35264977041964597535563532526568406128399332861 28.255848400889977388755402501531652954056271246108
-57.388953138456989061912239450863300147886705480786 -17.776165756202366475566160635707456759314403999126
31.778502094277905926878254619612748280799565496790 11.468335212961852211940376614114973501802329308557
-11.414005443485435993676487415299222571534740536805 -4.3698321477596172370695643332004356112141511278415
0.0 0.0
0.0 0.0
0.0 0.0
0.0 0.0
0.0 0.0
0.0 0.0
0.0 0.0
0.0 0.0
0.0 0.0
0.0 0.0
0.0 0.0
0.0 0.0
0.0 0.0
0.0 0.0
0.0 0.0
0.0 0.0
0.0 0.0
0.0 0.0
0.0 0.0
0.0 0.0
0.0 0.0
0.0 0.0
0.0 0.0
0.27846263272200406195100064833524368776334483477085 -0.53863381606171802464386200626544998928469926463572
-0.69677149598673704402200861151291299994871129646186 1.3439221398554722151522761898101188050423095436588
0.95244299927659213570701759252356389524841928335535 -1.8245338998328941820690403212594518203232202065077
-1.1788371054347352260108581250144051913497769204548 2.2333753264867511084784743104193264180970541643511
1.4044001367507666499807947487916646307615572573023 -2.6192119852575837267045728627257679011804596385805
-1.6465530268640351979551344431744396117779005165583 3.0069876806269649669673746932661016945862817088348
1.9212394164183820535089981548285200872096472967986 -3.4146655170841564119676573769782575949950400298759
-2.2469863612013853938832899103726078412483357810447 3.8585891279882350584562989351016639474335761220735
2.6484900826571630917470952920994367942646703141955 -4.3563097640898840261143015124099883510820319009543
-3.1615099738400289199135864004908241786655985916592 4.9289619158997898804416216469735408470123929999325
3.8409551940758043397978317634480023141239939952611 -5.6041259027509595636467205483612398432076784853714
-4.7755785137803598193046318625066824362876105365428 6.4200829632179719138959345671106310234814014046237
6.1166666107176838668912469674894524097179378707488 -7.4329339756240009452171879269198551847616565378947
-8.1384024390808113488579055810422765817519752957699 8.7295721050973128900338470722849769458101983640281
11.376703946564202081480778553611333551475129931094 -10.453389138920454336790237324632291998861183284363
-16.987013666883041944544923595644505275742114678824 12.860517445246885847718051758630232713768577177396
27.818766964852895383912499351493735223379702062909 -16.459889236836037312615548695102467086717153567690
-52.438136976730209998453465129705721753416075428510 22.432201397077748122519669307497785267444697575373
126.60880210313850757567484361177413156646755858125 -34.302373323718554218862593894271208775006001502217
-549.82128909489477216928164002925876387886489929102 69.632844937250924643459592418063385133871039709827
996.42364102861534198613906574471397779398738301334 0.0
-664.62483268656359287469986133258700497928027607530 -69.581677226080177883188479988519058195448183268436
181.62319039212069410283499407716673233729794041232 33.427485421409051011140929613714778699300849499264
-83.325210545842146077094528285905196129788759425510 -19.635347678134998376642726190521259349690061436982
28.140760491655991600238011881193903959808931967019 7.2557611815056663670793412116931712915716635076570
0.0 0.0
0.0 0.0
0.0 0.0
0.0 0.0
0.0 0.0
0.0 0.0
0.0 0.0
0.0 0.0
0.0 0.0
0.0 0.0
0.0 0.0
0.0 0.0
0.0 0.0
0.0 0.0
0.0 0.0
0.0 0.0
0.0 0.0
0.0 0.0
0.0 0.0
0.0 0.0
0.0 0.0
0.0 0.0
0.0 0.0
-0.29934878844706548552533075526685760533578695721276 0.59252267931725258849729942501792768711793614041660
0.74868794026765281128896903140969663931085649407099 -1.4780741370809934197588722950309920009116619917032
-1.0222843962763799838261761651831302647502498789895 2.0056767150123606309746798747428117671908287310455
1.2630350087297600210626049263237213491059424626415 -2.4531637314458858794484999666667311148253868452182
-1.5009258818584097201546404585042761684207673034914 2.8737378041735239308126618916199729454311694935460
1.7538261976484230491673552255324278847686270738563 -3.2942469305265561194449391716463175657602617550065
-2.0375630026774660467948659656232432256237463857205 3.7336131675296532280912440762268988630512044147397
2.3699718898390176804333912772362985049241549245203 -4.2085870640381572734293450040609792215865829418553
-2.7741908858664714474538819226727214665821582797252 4.7366276924997984784143073686897414769995461944779
3.2828713410395536029356865564635829611752346233303 -5.3381277534487192456903331102870209195468183621986
-3.9448069273586365306643339302313806837808811476213 6.0388780571367675961337482136320138383253643072683
4.8364469839554132315908444209367980542673704254241 -6.8734845074040114621512762245109743691653572513063
-6.0832710258146085187261485213302994478576392063261 7.8907381849368767826605352209664657241965930585475
7.9020839564842567308362136527476286761845015534678 -9.1627778447398058744564261780376506949590645598239
-10.690993561654667761532147897839363040219948629400 10.801891482715170340309112741042294352826918753343
15.238550752471923489314288089083169429969462472937 -12.993851981473663830004356967760006780860212220258
-23.268324876447514653465823088419329363728386643167 16.070798967355865099648950877881341205043013384976
39.091252106458504601150648015992900554944981156223 -20.692451743226329954125727637909899266938089391264
-75.855497557262872149803493242017667944195790046595 28.387144968102216747263930944308238974156649534192
189.26110201188480630744554627630228073911720577102 -43.707537324835891002191072924627637748624598144989
-852.78344588973252930424680956996903709535941346561 89.280597951457479562659628135332401911791527796408
1613.5147262886040420944258320376170328169732524916 0.0
-1115.7663018839132210617390462043976887637431535258 -88.764831218290780400334041037640226114511019961409
307.85513738430630194741118105552932792161693492198 40.444683499897563662222206049261402474445948099414
-90.977240738541503977264117261187839409348627787101 -13.981795938889451994844463192739900085275493403554
0.0 0.0
0.0 0.0
0.0 0.0
0.0 0.0
0.0 0.0
0.0 0.0
0.0 0.0
0.0 0.0
0.0 0.0
0.0 0.0
0.0 0.0
0.0 0.0
0.0 0.0
0.0 0.0
0.0 0.0
0.0 0.0
0.0 0.0
0.0 0.0
0.0 0.0
0.0 0.0
0.0 0.0
0.0 0.0
0.0 0.0
0.34419078132117851249675041536721139602938583697492 -0.69238094153171073582957006472350315876152928907495
-0.86055953684311804644288825617532127644599615336074 1.7269240284845682069299049879577059690985365335913
1.1741236618873258727431428291422428881874781752796 -2.3425417508455064759559816140745739266732740973236
-1.4488132613190389756699480307461857740048180243247 2.8635843586716735582232708266852087043806342558014
1.7186385981795592618493756772021838111386421328669 -3.3518642876127997475244170544555856959852315505469
-2.0034792520051906169100678748749187080700362089444 3.8382826827879737573524410434391389620148405666180
2.3205289765913999370032515974684593695820105832777 -4.3442901024280355307502115589873201455995607837569
-2.6887275859020314951888203090459190495024502869578 4.8885048238791989280184915987631195611454796751197
3.1321553486367704147142845631553182350906737106856 -5.4899120557496887767461421569587242017845393170348
-3.6841576038775075297885853444751699211770353500684 6.1701903464480274739005163622620272676306002540062
4.3935993776400868730974575871744645307279670366022 -6.9561225498042082317572629526738283762809504282760
-5.3353679706129522582814074029119074665759639123081 7.8827524500275299565460654026154593527101432497012
6.6291677525270168511165419296016936836069276726285 -8.9980991794637616141663689274199879462852237826866
-8.4751125607069783887080922095537146853178898802458 10.370791638876120705605227382285000086722977502102
11.225388111897475140443537271314147595447912407073 -12.103252370951394455226172426199439140279080735724
-15.539347749914486668762481139441282910872542784699 14.355991990656084935286478898715535391964043291692
22.750464435932467908130168942593472650409538790126 -17.395892408476943478792655795308049425247189547606
-35.839642552520618099258426550227646993096860519976 21.701749508982547967316094191105176853424460812344
62.445544878598829636956619632181080610652651091319 -28.226273426481555725507562399902067630473083532100
-126.47704225198349503256341556894434302093128384059 39.176126144020441908826664485330397505208436221098
332.02356654706970401404685069315755099699043002293 -61.108457055261059013206310518346273891407137540110
-1589.6761321586406958130738715882299788864750901232 126.46674606013344828475384176120400268619924417293
3252.3761959467769691028825077589520695727357028541 0.0
-2378.2472024746719838936643376708560152786447140653 -123.40937256161256064509317209260368766701600990931
469.85558915340286213073354779353680151866857835826 34.885373092517386445952068866257862785229352378938
0.0 0.0
0.0 0.0
0.0 0.0
0.0 0.0
0.0 0.0
0.0 0.0
0.0 0.0
0.0 0.0
0.0 0.0
0.0 0.0
0.0 0.0
0.0 0.0
0.0 0.0
0.0 0.0
0.0 0.0
0.0 0.0
0.0 0.0
0.0 0.0
0.0 0.0
0.0 0.0
0.0 0.0
0.0 0.0
0.0 0.0
-0.44927508193145954745838677317745502537629653293761 0.91281414127547780511662254124248427829659955058967
1.1230680870626680763432210254078297844698949600667 -2.2765192207865238879791756519112661941157208036376
-1.5315432157886648028919218675096178259099286363498 3.0873936379738488132530657478989970282556664999952
1.8883815246685989970512064029544446238079088537375 -3.7728022627262600762113634222780084978149978035319
-2.2376062237609614775169963855378336873533481018101 4.4139497967341020856398196596756520860207810459257
2.6046433936165591893268153763966680616520888977309 -5.0511987940346941490958827258226433639748596256932
-3.0111560048389096548684232146660683537510107799637 5.7123058894430120816719653332129620205763687150143
3.4806613493763411753335496888312657516892831683886 -6.4210668603959563476865440424937142344842763998441
-4.0426745537959663977564969100961012268608730156902 7.2014103769260325015684185980442126060021272049314
4.7375774175270666521902828537120591140374820662572 -8.0802643631141510851803691875699039199678636202497
-5.6238203024187463990132044153250052543654740755875 9.0903974775457200789412023629594625761342655661015
6.7897527842492652380639777447380647392383651826215 -10.273993600878099954342022263916198839940631714704
-8.3743037177812512632931550155685451981723717715277 11.687802582701676678788061254708767353909191422830
10.605070620843012740531853037679662465837082521060 -13.411183387303687944491799099585036070830048670372
-13.872405267258163565421160518813442701446250909138 15.559429998977069075891178829125576538092028879725
18.882793215126326747483469334815358562596829628307 -18.307113174839470592423664075324955283018656324175
-27.001022500159834746455032557655720888267550657715 21.931551332893626472989243012321089372347413680088
41.087341138986186234199783311454956244149065776371 -26.899957414805767871797037551180685225889855295319
-67.802391147378014178771218681861008893673633842578 34.061269275761159401242861266817999569037029508898
125.03940232730984059350491532590407755344232871038 -45.124649880089820578779919437472262213095516025179
-271.95941501268403352243479586615155046172326486861 64.086458745620535268031555561062797523325470839726
783.09037607760542767784663634942351360556768255952 -102.87904460966471015299390997303206495411599199592
-4246.0691535646035736247904839375178415404513884800 220.33232270782231229297181739835873047604810827096
10612.510076816743274876436911174566603805847726425 0.0
-6959.7507629524434383995276913614405868250484743522 -155.67038110939649704102052831690490945991493576316
0.0 0.0
0.0 0.0
0.0 0.0
0.0 0.0
0.0 0.0
0.0 0.0
0.0 0.0
0.0 0.0
0.0 0.0
0.0 0.0
0.0 0.0
0.0 0.0
0.0 0.0
0.0 0.0
0.0 0.0
0.0 0.0
0.0 0.0
0.0 0.0
0.0 0.0
0.0 0.0
0.0 0.0
0.0 0.0
0.0 0.0
0.43155833463480281969209272145788477957762484028805 -0.88046915030476163408290317088273643849730524291493
-1.0786893442743967106771429023252760347220536015935 2.1957691723252876358868845471180075246765036208227
1.4707254760266890458244623703337197266701416709034 -2.9776126591591546437798817229276282782909141883532
-1.8128021015001882267082151237178347776250161636286 3.6381209365106034195199302585103317249748387305069
2.1470589141243403397875062078941543107619810963077 -4.2555062361870102940660354797593851036541711986748
-2.4977123940801715078469170950374116169853989067548 4.8685505878352415684271078855873609756343973815691
2.8852641618243169591208684529854293590854390640760 -5.5038192269028773444287605716793849937118075387202
-3.3318325716850347631636667968488791902768139891270 6.1839681783154122622620031570044819989141523797994
3.8650235341874351898983635053520961629242817722989 -6.9316452909205796156494373414160168728395894289368
-4.5224132391588705581529402238217518638413425583168 7.7721786271022960231416010332951574485032015269506
5.3581073964216008444758111387886483037544618195572 -8.7361903450113613321766350492290560492689680889944
-6.4534145560566064396125014571538355810792286455390 9.8628263327592596145200973283350068463879368606658
7.9353166668449323387513883116038229819327061163176 -11.204335030396467412338362043925513303794149279001
-10.010088956577429604744140677017692541812227101350 12.833100447703712125384085299557549194471404550769
13.027740802020833567578591100784392358348073665225 -14.853077269293150494558432099916736522342962124855
-17.612947606685575459165628497411562160878608831179 17.419363091263516692374957200431292253422527118304
24.950000833113288228477341254843292251308581482845 -20.773579944120591342559609302961508814151754784836
-37.456832001218730820331390592101399866231353670704 25.312032379300970980050107942378159698875288346248
60.553823595050350539987554147240593119298965157779 -31.727628280112616058331936435486277703726500612028
-107.97018461548346201846303208149999140431847816636 41.336197539801225892152100957362577982007572319736
220.80851170020915416546724308874955104891579473552 -56.932854682994993898747744025331361422973999254103
-556.35314094646834944484056907365001115418529470504 85.502879879916081800961168945214428949796832877389
2016.7253986394873423210489429954124388540379408244 -149.73583284059746750329265384914033172279921281683
-16731.928085398063652011241715916103632615725444214 374.24696809745934369572133172295993659985797516809
24809.210916407463029359133977745410697302322447777 0.0
-10711.542000343298706328492657659828331438408690529 -374.47208896807478536914511621677310603552080333865
1277.5609171399665309873896526189749515826473102273 150.03607869656475196354799092771363314587853275081
-347.09778486443110955146615338253061573496672690460 -85.860231448403541288460860410054859896688989839821
135.26324929021275509858281917194643262492751056544 57.336083369181881923327237631058407760545206233782
-64.904596109220491960248656075795184501058580868646 -41.776821373626655188542881336278466273466128900865
35.806540928687047181031694206168051882776421997044 32.198572934958325669697513963434264647380224096945
-21.911586415398406303430168810610487484539693814899 -25.807053634334401128972537776991460016239577500224
14.567360344926532235942230312325356028412448982309 21.286977137257094243875103760588827549823669762045
-10.380724718910916750776735950347436266163015382867 -17.945823726772141557238603473494184546302767290861
7.8491049285838056883851425826414832941233970809536 15.387586431826165476815269473857290077082004694961
-6.2421310470348185295631227747738259302023920999193 -13.370883280223061639406667589812574931156379279032
5.1774261293160710246233309265961154960128140092939 11.740815215234530462232292451277901106125039178810
-4.4421912383646222410572834803702528994541335948362 -10.393590290542025554613187140194539138017106067664
3.9116999993405304081283629679725896621678013094305 9.2569500115576504800962508269932946937994786973523
-3.5094418349077599403489112931248704115911488803702 -8.2787267831182304215436324828793179570949163899523
3.1864699013908415703392118224246730148768789169926 7.4197969447266324707907955906938836426413931806572
-2.9101244096373303185849859456314687148825413243036 -6.6494790900999471961068858051853539740946429538851
2.6575271747957065664058152614871863804806919252814 5.9422668836546048459116831002273213425550866419577
-2.4115263094144676417595981119493313221328803426435 -5.2751499207743788525394277162860818978920798528949
2.1577551879652620211723016074310168630656116775478 4.6248012325336358109054428105359760076202027488308
-1.8816988694684732779066511513288760290106274920002 -3.9634087802655848424878954838237457257755061022342
1.5638086730409718407533712747066384636444126121118 3.2496760691809583837650336014223910601601470581012
-1.1648325685998467995833548092040213251888380747119 -2.3991611240287816983155645400837592801953457694944
0.46911147962319857611541695663972295121340286940760 0.96250026616037018888163037770804937728531053169361
0.0 0.0
0.0 0.0
0.0 0.0
0.0 0.0
0.0 0.0
0.0 0.0
0.0 0.0
0.0 0.0
0.0 0.0
0.0 0.0
0.0 0.0
0.0 0.0
0.0 0.0
0.0 0.0
0.0 0.0
0.0 0.0
0.0 0.0
0.0 0.0
0.0 0.0
0.0 0.0
0.0 0.0
0.0 0.0
0.0 0.0
-2868.5579010393550537616902656084852229146433088046 100.28386851245655473294026887308186311766560863555
4353.7362188033572585608834397253919054409031845394 0.0
-1723.1322772766185659955889167308694920656905572249 -142.22408670746086922367217946321615324340821117269
312.86070386692233463677418537805476441958951406545 66.552304029749716507788813042368727929079001566059
-106.63246754500511523843896844615129828463694716821 -41.577277287189854127295319359672670814604978593761
48.080669246641767696819822154663582338841243525830 29.379421894622979575322129107054392242682985411314
-25.627545064466534699882161676722153512816749969491 -22.268152085831919307789393201311167628527976067004
15.351814852949995203537219945294380511451468678176 17.667989465411234696619902774893087747430606351216
-10.061753045350449941728747437377849832288870041091 -14.477578548528277811078482485621030890770470057384
7.0983551228859755780519703506652692543891127382449 12.149956633296566057536073274130110263270246093327
-5.3281770725647209276636081184150034007979191908128 -10.384158473135711306841840853117355717203752620971
4.2145395186628231565611700509249558351989362135962 9.0015855088311817106678323380394345273278156029679
-3.4817347969653092413701201742828636604512638526110 -7.8898421486376105946359304025527237956034349103393
2.9784853780527040059393366174434131203493823191738 6.9747184931104773261308508074428867169706369313181
-2.6170905011713091305085235823674850516380327402816 -6.2051434413901749409909900928145182927404141094252
2.3442202728568311446645860629283524077241155487128 5.5445899543894748741370264118395737356964912732573
-2.1260019977703921831535612495108246774615114489751 -4.9658812400118352687106819863541587859924717630578
1.9399728441553232598651885137549952990851671957041 4.4478554480327189443792973408142465517022323625959
-1.7704850597031062678448455890689134305100383932471 -3.9730366641726775201608361571600259510825014625081
1.6058713117999362910251477445957917977278396859879 3.5257600106741516210995103878924780579861022079136
-1.4364150580161919894974460960433225160422675177219 -3.0902416609988745346864015713620963198858832038585
1.2523583307487227479652728921063876372381655446734 2.6477625600488307968425740538203859251420088669979
-1.0406278888479398294619923889015440511907344350444 -2.1706368399386596646534247546583349930735008689583
0.77506030902768719967525946279664187883034242283474 1.6023868559897993100002933241776133148898954388501
-0.31212725130134132969785257752119255485541686833664 -0.64282447807262158115507934693560693092828574379508
0.0 0.0
0.0 0.0
0.0 0.0
0.0 0.0
0.0 0.0
0.0 0.0
0.0 0.0
0.0 0.0
0.0 0.0
0.0 0.0
0.0 0.0
0.0 0.0
0.0 0.0
0.0 0.0
0.0 0.0
0.0 0.0
0.0 0.0
0.0 0.0
0.0 0.0
0.0 0.0
0.0 0.0
0.0 0.0
0.0 0.0
192.07754886180697749905253714290351670611386584909 -22.557485792057961055778959744621299681056303406393
-967.39085969018035700777124289810703219286243017728 79.846616143732224028646061051751636302865141062069
1308.5045928944132836521502286458262322392509394831 0.0
-628.88928414688513359533281451349889587067539611379 -82.117216440154509129283592612156267600332299846856
128.75514209636031651274418182929763911686995536124 39.793527932873057170170061555609010058360762270947
-48.028649602057941416398844064177757728951825163003 -25.601878671124021354729107317124662624443931524496
23.269092658336975276129295356724717387559078513178 18.522405669142855276331298485111538726459970050270
-13.177244827212335469413004776036854410847704394323 -14.307057232112033792182946762960535366772085366230
8.3271223150883334199383302069188535287347680787803 11.526377901221354693386281946726661298807190844563
-5.7282703258884213421812321194869240430122749080275 -9.5632870232205186195965541805602725400933427393634
4.2225306034432082264536245170934479593578879124059 8.1077142283735129158091396369417432761677874940574
-3.2959188418953630870835651146638368256274688494525 -6.9868624086251253860345515847065968662899170844266
2.6962968777441138724233118071023110296687554404128 6.0968331737359889854738826000257992368101145985437
-2.2899815401626110310585334905763814170827111686129 -5.3713463566769534973339476922753751436379183788035
2.0014882100257271981287784310495373993259148839172 4.7659986266954998478392626559163279563116534054033
-1.7858656307056386089998717448152607912607285929975 -4.2497177833306960754677732733347039541456933083846
1.6150481388925554267698309005371358677104161791774 3.7998093817562474105876192841139888432184798758025
-1.4706939409615141716252497836302424486718373298147 -3.3988908332327382381221291586424908504018490511869
1.3401933916384079547569799139529774129439992483659 3.0328275115627695112291717725825665521264322264994
-1.2142647597359749546582958381392019261993784590133 -2.6891381975908583589545731895045852919159664867804
1.0852826925705240967949099609030649076510976651315 2.3554260335935028510821333638577153741870015912432
-0.94569801246496321584229491930163733854440780915529 -2.0171726563667605114047796981289009193771379061613
0.78552319653121420396004913771299151196355383549012 1.6531059624169078729375823654852708403479435650116
-0.58492911581528753544624001938694701479584786710675 -1.2200778268374163010998241465081547872603838581729
0.23553751986779720557076502084326925470779749562166 0.48941066458194583943091854731067971882591736763801
0.0 0.0
0.0 0.0
0.0 0.0
0.0 0.0
0.0 0.0
0.0 0.0
0.0 0.0
0.0 0.0
0.0 0.0
0.0 0.0
0.0 0.0
0.0 0.0
0.0 0.0
0.0 0.0
0.0 0.0
0.0 0.0
0.0 0.0
0.0 0.0
0.0 0.0
0.0 0.0
0.0 0.0
0.0 0.0
0.0 0.0
-36.760856221529859986935583940753406665060733667115 9.0933902809400523636542609072206146117458451919227
123.72947462315997938789421313957074241580750638354 -26.319961282399799824223976028655758247791166387813
-443.00944287478069315767752657942200011165889988967 57.845956709104809490884131291798655687681163089280
629.71141574791423404721453096618010603638635921960 0.0
-325.39462602744909870886975954759622002118226141043 -58.476644462512160737905591023380187969010599025045
70.547636797274686475610599111793003669591959503577 28.728985836919632145973739467070905368938910913031
-27.667693088864586493569998373418807146924911332348 -18.736070009105027226729308077624180297878057852518
14.025304395198423003623693466068194595552370037169 13.720810137349565103719454893755628826766004371809
-8.2851197790563411702292005518581174849282012800569 -10.710140036811586839448396073337677975708914634837
5.4493055809165416639435565413177267682704403428827 8.7060825007575045643251068636637611786148922223255
-3.8923931208127403453737339203152562593345053803872 -7.2779059172665297160672616242591310517461249381662
2.9699460633252774439145966457672301185225502610973 6.2087934261328248795590495877310883348224926600994
-2.3896147801592633200232037466361204279414893151275 -5.3775013688116600970234599816920771579829400915228
2.0049908992800877578042583274768427649279925427640 4.7107633189233418753167723051151114514929871106826
-1.7369074687016653826727792675622979550991088307373 -4.1615183413731397996048528943946959564900232364666
1.5397970748123255423602106971024549988719312541774 3.6979349658518361562343049905690948566968876148325
-1.3859852131029854162332769229123292340162298300458 -3.2974214389821527906405606140941244199256416423963
1.2578039858952702343079149388600641330889641669348 2.9431090371564339827717725230617221713097229739813
-1.1433589257721589771076194295238038063035694252442 -2.6216047873230985964436868134408618761805452521765
1.0340711687138654773059381964302978990082238180554 2.3213546757863508825518755590601120619309910538432
-0.92304283588862161582422652331338193810662709609762 -2.0311385962962859114842212096799067658203207187820
0.80359922482038888197724176379893165538011140416064 1.7380776550665812774542745564057721906907878965795
-0.66708872729776678633149812970086654229430919528417 -1.4235868963272969544268182350386934672471821893754
0.49655932460816605401829574005503145222639519950985 1.0503168148959224806804321034360800107149866947701
-0.19992343935602293530705438007268575636308140856136 -0.42125313397035045809094083485647668760095828250921
0.0 0.0
0.0 0.0
0.0 0.0
0.0 0.0
0.0 0.0
0.0 0.0
0.0 0.0
0.0 0.0
0.0 0.0
0.0 0.0
0.0 0.0
0.0 0.0
0.0 0.0
0.0 0.0
0.0 0.0
0.0 0.0
0.0 0.0
0.0 0.0
0.0 0.0
0.0 0.0
0.0 0.0
0.0 0.0
0.0 0.0
11.219195266452707402665133497642406232917276257211 -4.7556503226705192252223813451766122022199853370852
-33.026285036301425224734318164163168458051095923819 12.877344418017214358352112459794302711964740268813
71.031581792966654994844648194841554529128877529219 -21.953276491894600894650705171387341231010825842804
-254.83465707911822505513975725446826920614679463568 45.796317599555981956304668092073776356462032207770
373.25681220918789527081808844444303229248161537328 0.0
-200.27974272800031309784908670884585938266750274942 -46.125349505534599436492836105940651886567650082775
44.946307192527352796791059551514416664034531573879 22.816113236776965271924846537312211465050855700808
-18.229670158003041961690427652667900549951245871727 -14.989926873460147118456835276129669344312319921912
9.5536994946714756763964416811299014325721296755367 11.054612431243665136405359903390714585350985015552
-5.8337133924642633727323570469505919495757526521321 -8.6836319013958504703365947503751332087179602376375
3.9636150560508552029073955193816136604526932438031 7.0977565314535395547382673912187297113708997265870
-2.9196075115814414901809935431590830551820540887393 -5.9611456161422466899147213098424865079359117336506
2.2903531972811418053703990380531204733171510897101 5.1048077710667930381663024762155926956638255608459
-1.8867667843636552927086256846532074482551626922485 -4.4341546299422329600455770146951512880463582766240
1.6128992606326651681233979363352308533659051643626 3.8918768982471861582532954373565028501846280215815
-1.4161683621987438734263619864147286328339727160757 -3.4409737198051368215065449970981681718885251512742
1.2658711609894084574351942714975131276304505283435 3.0561847179407899456236907781803033547970718591801
-1.1430404556638953230650485165884540512518017202921 -2.7192827167802888726880968157990753363345256114953
1.0352734352347097996767693138992001925382988523588 2.4162512071904685950690603442830996744452169256551
-0.93387170984506274489289256628229593041175306103342 -2.1353706933892827052447710945451486664420144167997
0.83204510336060855521313116707022884456182146125931 1.8656046749044317578267738597953470945068965603861
-0.72342911767399141518784462894114075232270450327577 -1.5946345369098569736988456057286370957010637467183
0.60001238917059194102204572708833460032689201511689 1.3050645967009058754348688762198759430538664199506
-0.44639705349937317470585229839707240374500792177017 -0.96239947233304093037252917327008466950386485172225
0.17968882449714345671094482661952557779838983226130 0.38591264909471042948863698504157667589588448547049
0.0 0.0
0.0 0.0
0.0 0.0
0.0 0.0
0.0 0.0
0.0 0.0
0.0 0.0
0.0 0.0
0.0 0.0
0.0 0.0
0.0 0.0
0.0 0.0
0.0 0.0
0.0 0.0
0.0 0.0
0.0 0.0
0.0 0.0
0.0 0.0
0.0 0.0
0.0 0.0
0.0 0.0
0.0 0.0
0.0 0.0
-4.4924680441128220446931062631845726262302457815689 2.8916447564021570423267088204716817471626217499144
12.427060810938045433182542051456775915875582473198 -7.5934854525799908636732053142136588371016558461039
-22.111333415617872118025097102975932646689861227515 11.786541575784030453461497807935459797680275006381
46.106084192333897840598917823682534586043024131084 -18.775696818359681021411477074350238239590991352057
-167.13395052825026333359174315843437894397906994942 38.491720517266733346882113613239916652918942444288
249.53690985085637883408755963855573475860238215071 0.0
-137.02126887619503017086452582048116500379345071814 -38.730489164754246558659594134953039046733686937578
31.500635236844577685592454929735958950644976486672 19.232469992007479642916974245138553822459310978809
-13.108356272426555123889380734488004866028323824842 -12.690922429546313081868388847088334881175534463715
7.0584697830604416745590859486438160220548612135574 9.3994517784216624657164980111756430606854433865324
-4.4320407965641555757972806175538782997746115856711 -7.4125561383192114021284537174227389111049001212819
3.0952488104769385675474926783754224857961525802233 6.0795587553401397232608951610707348975685790392600
-2.3390702656377750460309313516200204477876568822618 -5.1203439312551138978926745917192499452806062772689
1.8762479326724415202199601555446595257801795992992 4.3940278061027720653014723329932437705143150031284
-1.5735837536469156510131429731490266903874128346126 -3.8217021490938479218805174025875845100621877075751
1.3628641748084004457973019676422187545727124760997 3.3554336950532663912713445350044058053977076714359
-1.2063217546123031148295143152288251657365610013848 -2.9640884673570044193797921542702582518899438678642
1.0816213950201384601775337349325290044246424201322 2.6261491696820752971927606965289688300025829229896
-0.97470215019285905212490512040838070175476144965365 -2.3257153824147905344211820117434519226884091011733
0.87605127616637442749337273268475619801616036309162 2.0500009753958555600775098698467294365718929039942
-0.77851827939438470266061661383473089520944480285441 -1.7874239675935227591235198433276438513304573222434
0.67567243172913771204831907393813623073242831300184 1.5255184055691766264270118767585614249868707971341
-0.55973136334375595893118854679274246412733626133438 -1.2471826577582517045570210585526178793776027258695
0.41613181774254964919693213026757010337204833927486 0.91911559551987208702817992311983968728467578385402
-0.16745719397280389997611205652448426603457314701583 -0.36845565591828271948476431683690865694688175917346
0.0 0.0
0.0 0.0
0.0 0.0
0.0 0.0
0.0 0.0
0.0 0.0
0.0 0.0
0.0 0.0
0.0 0.0
0.0 0.0
0.0 0.0
0.0 0.0
0.0 0.0
0.0 0.0
0.0 0.0
0.0 0.0
0.0 0.0
0.0 0.0
0.0 0.0
0.0 0.0
0.0 0.0
0.0 0.0
0.0 0.0
2.1604906350231851727562798857368173468658426253965 -1.9427935087512306208868001640226688465063290154316
-5.7741146158080399252582972068062046688699471838757 5.0172133968507718593758981974365071079779433934577
9.3384431958170858964880648534632835710620893770796 -7.4334842243708261046154859280079648493667267788465
-15.762648575780895216959265533819940969204434954822 10.674185458693409130750344290170760385739830855860
32.696566141159601937044330099091204757276201901506 -16.597771922283627084756716214951973589186504726938
-119.44513344829490983518140776624181492703345400502 33.762411374118607542829555380449508193104454250767
180.68714599399688683398328314385169521240931231234 0.0
-100.78528650631844158730943397972131752712642370257 -33.964525313290977258811331623051092330523562064124
23.609306104234508171209847578998164820050969759104 16.905607460618680923179339119787429853283312434165
-10.037474199537337742895356178965609350677421410970 -11.185870670841452460809548793225416875391386494798
5.5335601131064254767826369254041693145469506312366 8.3070371020366560563240000677213902069214379410591
-3.5603972474602616199733917508516201794888894929164 -6.5669783476484111962229847945308103857135465141546
2.5460109036425342921804538079545573573939608342441 5.3968955644340636366559161980064051927126539482797
-1.9652695138817940184164562567658840939043795519682 -4.5520835568840519939209289590630253889526979129549
1.6042027464472906594313947950122096457621633425955 3.9094743169237132347436110116355364818346651041225
-1.3629754627802480753504287020824135361197108332491 -3.4000512419430287519278462937060780333819688878174
1.1900917154932824171756957287016512713009186361506 2.9817277320509971871971015978520147096936225755311
-1.0567740269364074152527365738190615551298372516318 -2.6269215374680761165535218961704947198438905598543
0.94575600473154794417423580398931240853309809721626 2.3162063169201832647716744110917711587946485108361
-0.84586505543754992026123770509898506055267538148932 -2.0346723697119408789532376232757554216806904242876
0.74908217173380062999415013220973464458349290136266 1.7694340650360838641846092696749346432392871552499
-0.64855613064359553535502367304992285080483267369621 -1.5072361095281858718160172751347153538943166776132
0.53640711220089968720058356609624508141675902175702 1.2305602667914189788218847101058804855053437874794
-0.39841210202500485039182652444398732093127331888730 -0.90610449715524001661558309795271601620002363493648
0.16026416291914845623084902504496330259285441785652 0.36311228395953282283006590121675080909103077503816
0.0 0.0
0.0 0.0
0.0 0.0
0.0 0.0
0.0 0.0
0.0 0.0
0.0 0.0
0.0 0.0
0.0 0.0
0.0 0.0
0.0 0.0
0.0 0.0
0.0 0.0
0.0 0.0
0.0 0.0
0.0 0.0
0.0 0.0
0.0 0.0
0.0 0.0
0.0 0.0
0.0 0.0
0.0 0.0
0.0 0.0
-1.1909407999627984412528763618921781783515932089588 1.4026676351630208925119107893968871251847589816141
3.1157632497907752315864286205491736604123580839405 -3.5858478493466625051455853016334963347216294944188
-4.7637172867518517807006113142481086323222208812096 5.1721567560476474850818225484176308751753663062740
7.1977187282060261008385673173118656465999313323650 -7.0414537402532343143218364144064948164906396910249
-11.945745873861390386360169473394161533945854975599 9.8227699978163611533454420053694338924127795370934
24.735809001857401368505397380044171433252221948930 -15.102257487170120934184093564487390745336455951730
-90.786958483395982297975636791759173455499605207356 30.595100301001639928539152519854101301524840056896
138.64220164650192540056741611789022408231655297687 0.0
-78.230924176415274061012008836093338611022153554165 -30.778201064332934241931666750864141032769184087513
18.618377324060579007817300717924482728905942862655 15.342241205897189637294182153099071320084269415464
-8.0674975105289275345206898288721457998165438771671 -10.168677122884439214890296288916388082732939865051
4.5425864837354195443724019501950984695879561257972 7.5639862824067550701355336644677482413911250629169
-2.9866941341438350630075891309269980269428847511567 -5.9878332883770657109656153100223432647678382187759
2.1794059751358415869322776551579261510217151774984 4.9257139293271300861580092573116776580984044809240
-1.7114690886698805582241837015308730467272068424666 -4.1563241552085000806041573621996839252100226499297
1.4154224219083573131865379409288627343310189634903 3.5682980084449258203183931900333819401164808551493
-1.2127418541198135784189390106538405516161098460587 -3.0990286554104790857112726555913062433373073797595
1.0626551044643531043109736593270043444708109420066 2.7100935207908660368615974182799787027620979442071
-0.94213205775448417951958006817004966242817602285789 -2.3759409468763036424825532886103265011445596180959
0.83705608150814990065131566861607111313776613170547 2.0780020660393610570163976669810491925405069375180
-0.73783660189922961351178358743531228136042117898220 -1.8010904192896264013218525717955384577174650311918
0.63676860072446657522011188173441687949434510642391 1.5304159729960007630961265288331065502630309564376
-0.52553983955754784419112933394340219069525397713360 -1.2473308322095042897759869712374980208345741507106
0.38985011322864198315120588494651526191552625451889 0.91747826367942714645952084977204172993985280267395
-0.15673958958649561649761795592593461933228064807716 -0.36750722674169610567745025102220254226068767727964
0.0 0.0
0.0 0.0
0.0 0.0
0.0 0.0
0.0 0.0
0.0 0.0
0.0 0.0
0.0 0.0
0.0 0.0
0.0 0.0
0.0 0.0
0.0 0.0
0.0 0.0
0.0 0.0
0.0 0.0
0.0 0.0
0.0 0.0
0.0 0.0
0.0 0.0
0.0 0.0
0.0 0.0
0.0 0.0
0.0 0.0
0.73223904073263249502130971149951824897320384350138 -1.0700055020270884227665691857984515498802324830876
-1.8885741701255621280001071932985145698549885161821 2.7174172104481534565803512824992520824508225748511
2.7840175817124520117163279757579480128461398622655 -3.8536288427416620393067557732983281819271163504716
-3.9322129795259806135258768660240905704749377067297 5.0831554387120942852576257741450495387757746556368
5.7897752155504330380322301907633457253144522246260 -6.6993651106179357935579164833741834533345060616654
-9.5194248312513991873064374776749050075113660318343 9.2162800275296985711995380339568594708987830008110
19.668227373197793588629523625110945864001134611731 -14.083570688163519776516713638883534196741760802827
-72.349265430725360755294701126944242426047140926094 28.464194456684911436414572305809586630740243765760
111.28507863955083108810520436651257309035966773714 0.0
-63.366927136952179172143527158357536815901913849876 -28.635080501878541652574065063100681830973388235793
15.295586762220664211841945991589064466633314354341 14.286853646782915645155927688539282222139122258345
-6.7442785017845968015312874509819722732793122085061 -9.4786690609192137901139795906944344482365852376735
3.8713116093545448409039427661669321469110031740901 7.0569187869856507187187107028105440710381195749086
-2.5943222719142366748773953561266627228092445670808 -5.5896514037548854341985203300280777284298340764728
1.9254011535280114788998108690322636442671104904454 4.5986332180582611338823169320549638403935062818193
-1.5322811451174346705674850006075965382607096807493 -3.8781025635606946734659191375402914187646183653586
1.2785311415715868181766753055038553458219803348212 3.3243593978006174451390845149090759913631272558313
-1.0998802768365171680426182411663710428558166771457 -2.8788497083490878468396135672864788098836918412859
0.96270006752834365712666507790471018210383374792304 2.5052443671937827622110221853313195967871423559332
-0.84768970531727909581972821641916913394606216939960 -2.1787710466496447739275934020922728951286117360919
0.74255360768917677551088636181663754314071111647484 1.8804203422798170732195411768253645926677070475080
-0.63809838512504147716084101007644059776576094363010 -1.5928398818420996127112701078068247709302400911018
0.52515555777495263536675352678677600434869770322992 1.2953915815108909708382124811555315798847492341744
-0.38891867140431020595096994849058915982617433430888 -0.95156064497999899432114889242779418931544484677494
0.15625936750679286162522770536938149144881518865105 0.38094773409611104019900608621717076501576868950374
0.0 0.0
0.0 0.0
0.0 0.0
0.0 0.0
0.0 0.0
0.0 0.0
0.0 0.0
0.0 0.0
0.0 0.0
0.0 0.0
0.0 0.0
0.0 0.0
0.0 0.0
0.0 0.0
0.0 0.0
0.0 0.0
0.0 0.0
0.0 0.0
0.0 0.0
0.0 0.0
0.0 0.0
0.0 0.0
0.0 0.0
-0.49340653455639780702672573538982789073412539794783 0.85298347991599495571821141768283397881578698013740
1.2598629950814524925965496314500150788661531273310 -2.1564546277463922230945648139371918964830269948195
-1.8109469983757277963480516923798979046844356807942 3.0233569548973288723899741066373199921550146445870
2.4455954000368177610060550372304316597409040863257 -3.9072052392797674142226968332514305208762335260252
-3.3430311254612803312532265430457549845342598828226 4.9761875113566748345265647372065684080809082818354
4.8470582344381728543191685213470455991265055905612 -6.4546129036553416921638589139863377395725853349459
-7.9069982852096520187796025326423208806159548258900 8.8116450866690267644307296089694877501363091335219
16.281810590158279244244755230625647137796662621994 -13.416822583143326418421943399073598558605014961205
-59.919454742372712827331272008003976344274342607912 27.077191331500582719389373978988620910905258005152
92.701904514721660873144916072096884293366709476696 0.0
-53.188428891814089820273623767374489694180586073050 -27.238732911200917722648078561574044420474985358164
13.007980639533289864690425277475736417188625023509 13.596971081853162868445936089546426264370267609540
-5.8293751313675683594764848596555506565577873942130 -9.0253495804344155453150227573983694769157979607346
3.4049679099086680752321872279823490535646744545141 6.7212958439119492539193221113856311790389746370887
-2.3196184940740242040626254454984361983472195691164 -5.3232142402343875214241173069833351919224861992532
1.7450361349438483455856909509224045630656922211099 4.3763084773657749175505006751440269566994970383442
-1.4019406579999578095768157104238790871476661431648 -3.6847315303551962610106483407799394464086560197316
1.1752845565628652681421249889556338852675387687795 3.1494976915717193481506416007161835170267016050829
-1.0105805516462071852199412247335768549726494376311 -2.7142804870603686295161056720702039038737601571407
0.87899227847377268280760675880078784259528623902623 2.3434555652385131463965291574824378197709302253175
-0.76348151481365431458490582618428338804654215311375 -2.0116148608050159081355838513387408360266373059507
0.65231447255822613556697340933776527249640494181434 1.6972489770154500504530040361095191528841252782873
-0.53483941318905376447620076224817184398127942856550 -1.3765385411257467657389669159051501319014941486082
0.39521684123431662057653888307892637641513792978517 1.0094827004417424936868975698259024693923745589767
-0.15864745250636501435700799607585978439361208661955 -0.40385582606232574950456194718004682624990967085402
0.0 0.0
0.0 0.0
0.0 0.0
0.0 0.0
0.0 0.0
0.0 0.0
0.0 0.0
0.0 0.0
0.0 0.0
0.0 0.0
0.0 0.0
0.0 0.0
0.0 0.0
0.0 0.0
0.0 0.0
0.0 0.0
0.0 0.0
0.0 0.0
0.0 0.0
0.0 0.0
0.0 0.0
0.0 0.0
0.0 0.0
0.35975081870074444553978959808647894481558468440489 -0.70526472343601627401940986070773696061596952583413
-0.91190307482125675105213305090946791776033300904032 1.7772205976115555315383623526030679471051063187566
1.2872398453087571757775670339366767198444599262167 -2.4716393530999541747774616317329106569589293665835
-1.6844750248174264996861020482221148756799374845571 3.1495921326791966529745015645350060805797657752703
2.1902376214101506757012364647571288680454057272554 -3.9221198736408527714848658307694587243536927379850
-2.9347820938435643372505500309686620654305518316893 4.9084018001851259365469752410757034749758255176032
4.2033569157540680408257329030034441870921489873782 -6.3101224417113063394328445074985026955863844189577
-6.8030575405745430265566331747880831320658887042761 8.5749137806639775802120139846326081867412013207262
13.946838784191804798157653064555665319169457791152 -13.027054642792623262367161176313522235674120482434
-51.288688708453636466334517143603537747979904088932 26.265842443605338098344967965735360796789528645979
79.745246666455969148671778142583519913137848782692 0.0
-46.065593792513277727041464358840699866103865766803 -26.419289528226388212868661851774149746113284908137
11.406404077702491658250537030457519556874868294160 13.190404294249144157103264675203231130330596839802
-5.1891493726409362597043590745950900928097382457792 -8.7560449500090473063794769793481818597241661164434
3.0782353335305560762086499593573295753744658288976 6.5191048691875980574553749956837964300409610052032
-2.1257631530322485011458054189872155606869690385601 -5.1590449088614065887787782326751290222777202902195
1.6153511239032728613714040048473738969833560653958 4.2345859784212795802752180600781996065191354865377
-1.3048782062396724758851677079723183796468675200607 -3.5553771779373549644589645556454457792368756120615
1.0942374476074249957638378167613268378723482358016 3.0247141347629132053762195008720573693392331413374
-0.93564700187185361399819239085260102576421581701435 -2.5867967291970741920917825641069720601028995357796
0.80328976739985124451074655300592052101714808014715 2.2050613798829274224553326299249918212869824320738
-0.68096721833385513337904478620684767542145850403319 -1.8511297146369998794996143433322376395875887594634
0.55550107888770214093290274558030001187752442256048 1.4961718378663245482303027742395781302598681883624
-0.40926824066489132232814091309814937759656832465380 -1.0949162673255245401101115670038772595896396780585
0.16409049667801538649788640977912657867106424713658 0.43765360960371580353753668387514236037676407687415
0.0 0.0
0.0 0.0
0.0 0.0
0.0 0.0
0.0 0.0
0.0 0.0
0.0 0.0
0.0 0.0
0.0 0.0
0.0 0.0
0.0 0.0
0.0 0.0
0.0 0.0
0.0 0.0
0.0 0.0
0.0 0.0
0.0 0.0
0.0 0.0
0.0 0.0
0.0 0.0
0.0 0.0
0.0 0.0
0.0 0.0
-0.28085852059798934561993170464858667077811459156232 0.60160968567869493823322165919546937212108370830355
0.70809777049481317427993779637158865537564791466730 -1.5123841172912060378525527266735789585398362547344
-0.98636179802875108555328313444082957739629681569062 2.0909417065584890235796605818193869549122918108616
1.2617389441148029321061642213436401655597472164280 -2.6377167445743510113663003388418217475553388942735
-1.5837889304584689031912826867617101551897507725279 3.2337211088291723074913573179487100594595230117277
2.0120591434725701993549292613121299603537273930074 -3.9520027406378306537567482788669164493602799664077
-2.6549916444724686667509090973748319948215722435589 4.8970020564068389700248409994358888464825525477602
3.7604652032881792580583498787933650497936553325909 -6.2616545254521628377967846181842179119137825212190
-6.0369586440686567366808960223351724563247335121523 8.4845744591420476363149187746306117128505890865143
12.313666334547119592942150058292248422508999994065 -12.871218808058830836302625548298014580707296725615
-45.221997275329497377095529195778815461678538993378 25.935474628697102467658504952177652612394971633015
70.638555866209286923722159102134876247622626852924 0.0
-41.067681719999396165662682217179393341660473342678 -26.081336145407153868357851029924084822727236795947
10.289449947440799798060281548972032518162766052038 13.020705801327024712304980739009126224136025974278
-4.7457658131400834156081466253211290994867120975283 -8.6406399980842686811525690170227422044924762962242
2.8526661565088275888853313081849269967265854777457 6.4281588303301680041574341244693779299293914582353
-1.9907731598964137121918236021032518110980406475449 -5.0793212462171085572109443273297896172381785011414
1.5223160107554391763827043782668703638502168047378 4.1580046974339917329318758270113092805556322637112
-1.2311780377716439803113340052095411162388005211698 -3.4754944028845888201468504506037572303594834244348
1.0275426711281419479317628171059594053511494833177 2.9350100605502099717843416867941353606373082600211
-0.86793826454218076042317406519515485944075413799416 -2.4792176566600486906663160749752522515971000187008
0.72783301316268835601092101087677503341894268361264 2.0678516075291177601420369505497667031443312825031
-0.58960536694701809452388097017126483324707928047275 -1.6640042008287918351809180098949181715532235047980
0.43263986787712676441302845971573131454522484437398 1.2145066719863724903481839083946328229134823329669
-0.17317766347886636853759642153486856020695506603252 -0.48492270754081017475036874232239953991639498953901
0.0 0.0
0.0 0.0
0.0 0.0
0.0 0.0
0.0 0.0
0.0 0.0
0.0 0.0
0.0 0.0
0.0 0.0
0.0 0.0
0.0 0.0
0.0 0.0
0.0 0.0
0.0 0.0
0.0 0.0
0.0 0.0
0.0 0.0
0.0 0.0
0.0 0.0
0.0 0.0
0.0 0.0
0.0 0.0
0.0 0.0
0.23258874043905210037201782586442203391347322933747 -0.52743995847214324145292198391495608119528697600532
-0.58406184789362399485688550459975851950284860907085 1.3235229141917317751363889785535970800436740949843
0.80565201378620870658626774489091905817213688165828 -1.8217303757175945192112793385340577995718035679714
-1.0136053524782097701582219595060750724052683708257 2.2809802716499442462363607293895315188582475953189
1.2404959338278020696594908470378514504657141466956 -2.7648544733179884722757511705954283960642403783280
-1.5181283797848625547281635127490418981380489869186 3.3232603357377497176819537025440607718349642256117
1.8955926453312955353317291460629024848728787971532 -4.0181742839066260090119806509808669228970916172256
-2.4685911788112262668110635021646477677795681888464 4.9491215946413295429988953266812662178589285422952
3.4598788220737448403406206406159971912999397854588 -6.3069280708862474519916523621969372968700325030713
-5.5095934925488124398455795356432979619093611917892 8.5302465865966521208640936053010963440472550978440
11.180001767039706426693012688854692803033532655894 -12.928591895665782091351235477413724522044975746316
-41.003435062142989553232443520062096536475428761885 26.040534263986224006494537669718274545148593499516
64.349795876613876119618946994611934286226665858385 0.0
-37.652917847346562296272310274121251853140006502696 -26.178935575697430532382157017365596775896991046206
9.5398951009183611559597038842491710506904309622195 13.065273406927662439657765241053491589640046242363
-4.4539400819660175497058125910546683653282929474996 -8.6640449125602580220678230700685720571991003761564
2.7058232174054613189532147144448779555470314334334 6.4366516126326080840803942393021183388829106004708
-1.9016309423062435075121940217360109315713743056685 -5.0735325357764644332502921018755416512184144972109
1.4572713861598577642043846696316979881783926417269 4.1359614411256245582156146802568476303128175365164
-1.1741343471200390506579053002519163058965437828664 -3.4329951631281213652961902773541511046575435258767
0.96894359609708431002103916326434395815206857466726 2.8649140046000771389379845603375881425399330785705
-0.80019478458649937025595946573417300090203710410610 -2.3693977288334603713794807116598093583377141643024
0.64194040484368695670191498869236969829743799354217 1.8958575490302134629055035933432230666673132460070
-0.46840449285213433469421819177244931700534594753842 -1.3790251507173253789823325250537484525876951432504
0.18707041417869507345819030603051828385648168323944 0.54983965783665002886075178114349508268705225253016
0.0 0.0
0.0 0.0
0.0 0.0
0.0 0.0
0.0 0.0
0.0 0.0
0.0 0.0
0.0 0.0
0.0 0.0
0.0 0.0
0.0 0.0
0.0 0.0
0.0 0.0
0.0 0.0
0.0 0.0
0.0 0.0
0.0 0.0
0.0 0.0
0.0 0.0
0.0 0.0
0.0 0.0
0.0 0.0
0.0 0.0
-0.20256860114234439050389561313792402198313812738019 0.47395866882508470954827567428581583421220770317555
0.50717603583042504458026673263361297888824587404597 -1.1876540010687047594008110763017156017645296906988
-0.69456336383055230380591641235090088132867424777990 1.6291574095080292440539444150645940848607978450229
0.86328363326071320353244407591802646183148734476968 -2.0283009139102013267815301568140741038776439373057
-1.0373163158524078512343869907177293028903808794533 2.4378322656357741832081022092494642103311588830753
1.2361055595753652913952072055245551618684525212482 -2.8948637893053012340246801892075000134667634034954
-1.4852753560212682629677712316780754510980080292686 3.4402902389886583112001775421215962366129431703680
1.8285071512953911336691032234949418866037191824553 -4.1326413012374133965466607728204291520224058894292
-2.3535681850649208404284017911723770201643462285699 5.0709296419731282138264378173019178510844953042174
3.2667107267097395170049030490982126489849408615235 -6.4483806636772969501789723637736702876204039584373
-5.1628486530679441605365274385878195130040905291798 8.7116657529073267702111630192640006942612488305767
10.428271148011317936799197437997535332852055441306 -13.196376028681141273526154861988657935953767888415
-38.220708992389575783515026786017175297394778596682 26.573703595185195619732143803171825875407093984123
60.292748034244332743679510451291786281632516064191 0.0
-35.519323957808482390774703404549546876913413796951 -26.704514846246226125347214339820871628355665786436
9.0940295790640596257720091460179192536787297069244 13.319959954958750520957709095480303090244015378136
-4.2897248890221178113038725013839195502410173902181 -8.8226179943615520201391822079077548488120940300984
2.6260352350003764164875944682768045349557752348506 6.5403053049385674228334694542503229765821619981038
-1.8513895315942688932753021924131566853009915722391 -5.1357749266330787022294710520339964388266577697694
1.4150144108093353814346655884556787272540395396660 4.1596370552076119472862804317844725914242058054797
-1.1285957818639415874197727289941473746311550414911 -3.4140710073330277627452245879457994706175758811569
0.91171621702060420025686249483226558637241222423777 2.7917492112904348884459759803485967874526479400634
-0.72132982477078077395784843587082736977384588343534 -2.2171558754145350603234511640812910177235025024999
0.52217344644743244834172516435819766532996315243694 1.6055954381124106444158387867058534257858380670128
-0.20788279179279585934909970013885453742457088918165 -0.63901552183310201561273064932342156082562209549048
0.0 0.0
0.0 0.0
0.0 0.0
0.0 0.0
0.0 0.0
0.0 0.0
0.0 0.0
0.0 0.0
0.0 0.0
0.0 0.0
0.0 0.0
0.0 0.0
0.0 0.0
0.0 0.0
0.0 0.0
0.0 0.0
0.0 0.0
0.0 0.0
0.0 0.0
0.0 0.0
0.0 0.0
0.0 0.0
0.0 0.0
0.18411638874748041630733490440612381921488875858337 -0.43570729023986436010099677406139601334695441447201
-0.45997478370297474815105058697840071973133829606012 1.0906040547783668916436977946583579976356167362040
0.62659216025638988948442577431716886178711826163196 -1.4920584394757610338491827903937904287878533942140
-0.77191559404060132866965947309401822935013940536063 1.8494600089394071815283697550014098291823882369558
0.91527639049767762203317541913947546006088916828570 -2.2085341140845456820136406809174889842955156053751
-1.0700577735668888756641024953437682828049738832183 2.5988080287544426127099045164999568443745295019523
1.2513999801350850334303467414036225796226629451878 -3.0496868886252756812125128385109358166904641699660
-1.4821071958188935016837110856203573142815709971279 3.5993159206736953802619283570801468455590834814559
1.8029185976178149407858742789934783844697504532975 -4.3060955569016591597448811494504836609815781375580
-2.2970277837760404415572799052423730103878149421132 5.2713715811667627670591362962803853981789612963528
3.1611643164328572896134336550226943895821024055233 -6.6947323562566598682981551336367452725231953320353
-4.9645340038856359656807374279847444847960561998402 9.0389523577103362972001515294562762496929169978481
9.9952976555463631533960388501498969702295263135662 -13.688965682732181695378034292259493632910870243779
-36.662047981851417780145797087526989871848919041121 27.563649741422299932781772447155863618262042373723
58.186394824463873899235177630182481185300365533999 0.0
-34.536339925218165127851137897699821555612193874516 -27.686474090083929453008492096452267880460967931879
8.9282091971555757884757945079731530004779470343528 13.797745643259732018157076834779823422542931870615
-4.2458721902011956851969011846622179576028686312531 -9.1229381200384036999463736395916768938817975419400
2.6103114512602729134976718221692811265726199190325 6.7407954059688845611502061700339470504350923442276
-1.8379032160984800314275770002774651410079752384096 -5.2623236618504566599523944609885663925096775843654
1.3925427495841379768961094096842720493715766969365 4.2178542229765773426370796003064747547807092629768
-1.0889590901883688550078990537006493220516612574784 -3.3955063152597102077386148407972981341037712685522
0.84436682306709824425885396655931493239692455043218 2.6695765203409042251330936654867921332291277408280
-0.60430041458530499794199256070215049316811520467114 -1.9218477790238749256610590686107220941384759715205
0.23948599536811860260254937027335474215118116869103 0.76304942099315702313700203236575115535572330354730
0.0 0.0
0.0 0.0
0.0 0.0
0.0 0.0
0.0 0.0
0.0 0.0
0.0 0.0
0.0 0.0
0.0 0.0
0.0 0.0
0.0 0.0
0.0 0.0
0.0 0.0
0.0 0.0
0.0 0.0
0.0 0.0
0.0 0.0
0.0 0.0
0.0 0.0
0.0 0.0
0.0 0.0
0.0 0.0
0.0 0.0
-0.17349900428923388076997535329245684749913007497017 0.40928185199324651298513552917822545841516494162971
0.43275862263173372405803242759347711849264147337806 -1.0235681089794412560379742715979981814584383884962
-0.58723607826993233703865937959759575218073461266436 1.3974106236934752502472349994662168535240838694936
0.71876786445229182935710528235746351199120141199226 -1.7261734430900524017214194281132415469062487338624
-0.84409617965905083026182275105090733214504542333458 2.0509657246438981879840456635674424059667823420740
0.97342381813306391754902797404776190837132028498157 -2.3966137927062875291888821043098952556051748925823
-1.1167525566893699211555370112421330863221496201658 2.7858285207640131969576944611011629840198138321376
1.2874449172425852867161174765904055635965886969772 -3.2456650841982358296219655585984160227510249263629
-1.5070420776757839143346647714276172964222345542333 3.8142241477365245466081062407642059681632631110091
1.8150397462670597347060405398788164606174371090365 -4.5518678205479988786594136112211478165051119733033
-2.2929371813163663495368087039502441825988552831246 5.5647619419574013645634168670360903650594495128118
3.1344053916375246395312410844964728734485729629667 -7.0630261624260599146188034074465245383913380526013
-4.9014946445812957985631500978367149658834303879730 9.5346522310153378426544408855347734720700472978527
9.8591715280481756391432048377019580170611521273304 -14.440657884487194276245005997337862114052533831226
-36.275076750892706213852714967875864393950197909518 29.080353469825668658392378473546583805949881297095
58.006577848482806781647499803934918270204696997807 0.0
-34.727066310861577828122589756418417968973004150797 -29.194365713198477218082267155663333182489264377340
9.0570716370360933740745569322013173208419179778287 14.530813794037084160841487749538749425152901341327
-4.3319733566969005738079182683260466194611428499059 -9.5822488483860623613179362357628155018161859700890
2.6645938888416650130190034159538647609381093576863 7.0444401001073804310983674621320538375604733833189
-1.8635029050509617032686948481764729745344527048813 -5.4476332791949593987873916729153372315556504842848
1.3873175573531117036161506202439552077541040944088 4.2880342169496079360317488173278660995621815428432
-1.0440156456265683061469459831502287019681405535990 -3.3242184548195514630607326951415576588418692226494
0.73478355044109645759985699728709799558309146555684 2.3738951799953781367302465439706547866402446712669
-0.28927284383014563965403928928086193811494474636072 -0.93947450519973011657116686796597394315996255704546
0.0 0.0
0.0 0.0
0.0 0.0
0.0 0.0
0.0 0.0
0.0 0.0
0.0 0.0
0.0 0.0
0.0 0.0
0.0 0.0
0.0 0.0
0.0 0.0
0.0 0.0
0.0 0.0
0.0 0.0
0.0 0.0
0.0 0.0
0.0 0.0
0.0 0.0
0.0 0.0
0.0 0.0
0.0 0.0
0.0 0.0
0.16862453730267340715886052560198212974973216873455 -0.39264762116165214039434331531825993479636147680785
-0.42010997483931043768237197641700944834273250896888 0.98128611590405795763405174879336903527605192271009
0.56846199460572918713587441055633864426325537461329 -1.3374506729910054339490973121938886606083375478243
-0.69252550247312682767958811964601858831547802934910 1.6475994240835364257615591850471893197351826712970
0.80764138577225499895106192067230049796843989243687 -1.9498834769602118612984532587899972949969215276852
-0.92228376849936392028286268456453345382560083196036 2.2661704237590485042522717587437222811630650925852
1.0437617138906093632521323837567652519446873692121 -2.6151036995251444047178534532167770362206609118240
-1.1807636223936302686073247980154581362586691164278 3.0173117952789182294129628615671189304262861978186
1.3460160670925408838437668257680438162264180581734 -3.4998296222409010705726316288052205645057619600094
-1.5608578714313457513894160149376840176461105173471 4.1024148778673554119844568510297677334097390842877
1.8650747070374272828489935372006727960266377844182 -4.8892275408487513288411635978738843723892190936127
-2.3414128922461416957426481823788779795645844140319 5.9739544862917966607268973696484925861689407555417
3.1873928470607148238794021869926267844444225992873 -7.5822164497499374264855793617930243489218583485099
-4.9781217416132840900830766134311669826175977087032 10.238434303345688753517507991372129449117182659118
10.038027935812585818211568522113928362387360471997 -15.512870852354442180248542166434735271055933890955
-37.172357809015384274301263744415705952348417061901 31.250074468825467331137548524965348564561007222189
60.014853050849990191361072065272329359621532089334 0.0
-36.298081830949025936334229487692882315464366440304 -31.353593880707752059985509739262435794132302503016
9.5440104339715647842341485369365067529012008593357 15.576623265356363023516308814648986783888500350128
-4.5800112803300402007310627039869895344260645374192 -10.230194063136226166195662407490194121540378777271
2.8064861477218101507490979826352973779791884581071 7.4593053091066898858970781642021897662608545532316
-1.9346518682747628340255705551271271179309452961876 -5.6738839195568860959325824256095445088297058612379
1.3912757243977802517764483918734340112636017860777 4.3094928459957312083894716756140051966529890583439
-0.95502409602257005731865643330837019692797927091428 -3.0425268554068845653010769471338514051705856551304
0.37230710515417820829940295998028333966715853279416 1.1986367645544469952164674898707204640213592177813
0.0 0.0
0.0 0.0
0.0 0.0
0.0 0.0
0.0 0.0
0.0 0.0
0.0 0.0
0.0 0.0
0.0 0.0
0.0 0.0
0.0 0.0
0.0 0.0
0.0 0.0
0.0 0.0
0.0 0.0
0.0 0.0
0.0 0.0
0.0 0.0
0.0 0.0
0.0 0.0
0.0 0.0
0.0 0.0
0.0 0.0
-0.16840640517521421699384865448314411524494578820003 0.38479965534911328364449278435211494078073836965572
0.41920946048335742153216106910874076681103804378276 -0.96113875423323755929008902268113392440852554249397
-0.56607550859352643275042992285660251380548119841188 1.3082455863102288030977430294960436442013098972968
0.68726818518563290853473787934236452271572901331328 -1.6081243416717525974044093524463069295979054667344
-0.79749278080196962735225817456763669990698022849611 1.8972279807299441436918039509320821334240719667790
0.90430050654189735006477116813702207789344501635567 -2.1956185734971222986020948203543765276508236248985
-1.0135359568490881057951678948823429480773462301102 2.5194406431086538439364266233032539780724344309506
1.1314178613000852194517690033625465282204552284056 -2.8854594518340991611726505363878215042312341350236
-1.2662528821246238897383216175633616302748534791720 3.3143168553630672134301482733315541583683503989785
1.4309117722439755280549274692517722086369647847003 -3.8345210088567521890512593111357762560899725632484
-1.6475377384965301930637878027539709186100851829849 4.4890151795248789970677036562974918055514496791458
1.9579299188384901763711363860145804882284615441285 -5.3478264317387286369963782040724096268051435847944
-2.4496188169512520978701033716703186497799380435450 6.5355587625114255607914511064550012983527046547783
3.3325196648637388819157995902451434327500099908045 -8.2998490471196149201829233687478817731596832429696
-5.2201989918895059668427061350496177486715134855214 11.216435691870913642393159204795688298364083086986
10.601709861716047059068098909728994265233060559923 -17.008971340036295383181496773833871989567844698248
-39.693534721911776252257396358805752724893657960019 34.286521617223841948918119976900189339080552832975
64.893156870512436144825770626065061084411508699136 0.0
-39.741963053715538523626294937498534872308346460198 -34.375963366734533272333992772594368955744684231390
10.532030796431335121880408092115776804203768508725 17.029991061033268785058242077483428135121653148973
-5.0590768073722605839781705142644194594965644059705 -11.110785247411858840359291833556108802501857489832
3.0710187138955884742450742831060936979386709002779 7.9846682294359963274832021808304592755477252951936
-2.0567136938183243979838352214056655683204753247392 -5.8759293941280897297535708125205025988707811600527
1.3590176529813589513401985503955981512473651808409 4.0786769319583732044749453897404387445016327650840
-0.52203194870759769167431764271864465064268069682246 -1.5962688207930708279857488290292169327115787631845
0.0 0.0
0.0 0.0
0.0 0.0
0.0 0.0
0.0 0.0
0.0 0.0
0.0 0.0
0.0 0.0
0.0 0.0
0.0 0.0
0.0 0.0
0.0 0.0
0.0 0.0
0.0 0.0
0.0 0.0
0.0 0.0
0.0 0.0
0.0 0.0
0.0 0.0
0.0 0.0
0.0 0.0
0.0 0.0
0.0 0.0
0.17248222189052051551533231498699356855727515233073 -0.38567259250622556189976250095924012441285643400479
-0.42908888498851935761550220660628855046652193707467 0.96289198426460442786177154344742404663302307799418
0.57854761632514617666557289393168602102225275844774 -1.3092402473309433118715107754951847210290538653908
-0.70067308333837310081304338910796720424937318085016 1.6065715395432687203207541808775394162951544629240
0.81010218436961334500884755051696118419480957618803 -1.8907182530834896787376326161200601002759446238406
-0.91396381794590105648763012435187118787605922075141 2.1807889825078854862070729883243777340788095799266
1.0173156168314660830168164710582542365787858489604 -2.4914595796570510813603013251671902977283576686790
-1.1250246902076645939128593538095437048990777180726 2.8371736273173179683691731042586159535160543773204
1.2430414452880995909371772801465051513076790407304 -3.2347796411728668670851177095521801976758208991648
-1.3799404254035466173110394403277958875139574506174 3.7063303502894877036891303716180156207894665852503
1.5495176989024436633019084221921146489561501557778 -4.2832093675677293084216739816703036887431419552153
-1.7759582901031242271268813160903519560498855520719 5.0133554267922402568955201739225100352065381127763
2.1053886908933293438710563920880516066769089241760 -5.9754185300126036291615480171409444827551409345395
-2.6350541832830888983733984725273733785999977747366 7.3096692910277582891683370992009085963993802367648
3.5994160131948863752738740885258265786605655457158 -9.2950314086852171367552714600701266214234429410097
-5.6871340228912826540461866521286107604860189008150 12.579840399346234861345951091275835801928114780957
11.705408621171905624947339972892650052065656441807 -19.104205880795088383275068483289118007074144266794
-44.572694574237127500466013808399829438457861607578 38.554444675257984396608942071575343373729932549161
74.092105779195822909725503790129940790816816966869 0.0
-46.095972087208470767724197373685973217491874215536 -38.621558567678658639194199983966802681021000547500
12.319966294253971071175663542182105115577157731011 19.045221503444796382916220864517989788911779069627
-5.9091569671550198046330067131830679594133252768253 -12.278806586957021256906758194018719181590607015027
3.5159468420661654710697216699519514282942268328487 8.5669311128778965352337382678353228629757880957020
-2.1876128287438991721771790923103082578697834361475 -5.7892019904743198411935629604689628840531368859058
0.82138124357366345292107523948780220715623093769647 2.2428844067430246007550184598315604524355575892017
0.0 0.0
0.0 0.0
0.0 0.0
0.0 0.0
0.0 0.0
0.0 0.0
0.0 0.0
0.0 0.0
0.0 0.0
0.0 0.0
0.0 0.0
0.0 0.0
0.0 0.0
0.0 0.0
0.0 0.0
0.0 0.0
0.0 0.0
0.0 0.0
0.0 0.0
0.0 0.0
0.0 0.0
0.0 0.0
0.0 0.0
-0.18117777868799898017286784157655369964334287513461 0.39632159150033693046368708789531311737816904387079
0.45051788918391001341520295040911336239320555429235 -0.98913153632315971647817426692068658209643142550848
-0.60678010116160203797681033263912871673307364069265 1.3437889344054612432227725850849987538689986696359
0.73354976066671284296786384030699753505482064154267 -1.6467233768479787139733400590916171771369484258023
-0.84589849968401495035878747434175038918287253228293 1.9342130688452813348084755691849282949081921755614
0.95089575390061146173990089890944434382078889134719 -2.2251405551583540355939939942266661117042222327722
-1.0532318653497973997591402781709314792605605498213 2.5334794971744947626716675013554450157403341334255
1.1570473460356631689256113729740762865626840922710 -2.8723843344348940547151008376950598152656776087454
-1.2670035104048923670167955832995895932653754146131 3.2565106632271990094878219504869207188384937132832
1.3893791071264986940417845699066456016155350022946 -3.7041829383019551596178105952702590063574578398494
-1.5337101812686154198493941149671026802595137922963 4.2402706068685522141412522116102883164265589186180
1.7157660512054630590669379317967186412634149565785 -4.9008092445540313263574254796795043503297625382601
-1.9636132023664343345572731485671774282159067647220 5.7413145629486538467035335895321189091005089742624
2.3313040134207783093905138561857137061446014143257 -6.8532012727932255209040617905143855302160652815108
-2.9336524116689968430348619565367507405992004403182 8.3996961136734941550204551153627491038793367174310
4.0493472026050269485287103640463265455323578293368 -10.705340101822746029621410931602882609270071625530
-6.5023227682495066609035052003505723846366788440372 14.523986887549350074822802605016391811264221966601
13.673446540261754724413299117388569818569928402572 -22.109570020729108057126851553659854698525215200511
-53.359196398770756857963281666681163281248145808414 44.707058676201875789467024658418349138731875333173
90.723031324956711295901999577736309451144775598400 0.0
-57.613353053340783473041662904999394284816717985849 -44.730634037049669796449776607490817868585779440415
15.559018467941052164498019931502854267473177933802 21.873601609498446216132406106908076546352618906947
-7.4140327773187437938672447864299492358178826502696 -13.756979345773444682692008763997633000376351123705
4.1674366565256874075073741951431786651150600383936 8.8736401022810059584988549809151888232337493442887
-1.5081586039530381900349487640584518245999502580404 -3.3808818479062694824870882888833312115708021943362
0.0 0.0
0.0 0.0
0.0 0.0
0.0 0.0
0.0 0.0
0.0 0.0
0.0 0.0
0.0 0.0
0.0 0.0
0.0 0.0
0.0 0.0
0.0 0.0
0.0 0.0
0.0 0.0
0.0 0.0
0.0 0.0
0.0 0.0
0.0 0.0
0.0 0.0
0.0 0.0
0.0 0.0
0.0 0.0
0.0 0.0
0.19576281244769498245217954703941579113367177733377 -0.41958610566294062402487423793052774978508728448975
-0.48662716630066218494756287195396150170057980500141 1.0469087846746746634075479103618564395679444176527
0.65490139569685812080086625264576334724453186035733 -1.4213548298715358661852058293628824848673394137734
-0.79070795112848751351056053111545409252918130136193 1.7399381431624261788480232177405923160065696628087
0.91010815177193558462053764773370474608875573294511 -2.0406369988316414192650170551617908589924287902724
-1.0204395805069185327428692527365139640655504298511 2.3428584940844513677976157491885735587446777786080
1.1263347085069910610581612126770772739557368953663 -2.6605559137148922706322607752838000459110938718445
-1.2316062095095780321617205334871665769106493697149 3.0064029604596245620112104041178800245436173014899
1.3402438454041697580601365298614941609068861880476 -3.3939930591088838954572709278854747873374456359807
-1.4573012259393180271629260974057394498147853849696 3.8396853700962348428335661408320078396364516475083
1.5900786449560227526193547451667826991256422395001 -4.3648271810038150085631432709667669787723900355239
-1.7500970781776580182687061445626086782224926384973 4.9990555254248124984605593929148329558176385751665
1.9568239148420118623496752152515953363423831499210 -5.7858189689769272036075880268053285542360900177973
-2.2453888987846768346909839393785626385054263322034 6.7924382340570965578119583205828294564568353590927
2.6841677533142640504153694779268370461642954483933 -8.1300400270477121245683424383104383457405497657363
-3.4197878304987902282181364786005259178998532735361 9.9971671322410242934259293180077206210843767783076
4.8114943352436397305944390169451178657183085226215 -12.788377832812037215870686790107627740543152555564
-7.9314437674301672377879769888331194165732725711916 17.419100708932049996944137744395323160998883415584
17.221497858366262464956877165617128729958147127250 -26.622413852435522526905574459386073523306183690757
-69.572602847659722826986750941904605374514307608289 54.015718094074928388629184270460386336629793389118
122.11391402172588206721200842332516568868543824934 0.0
-79.740696436409328185128363779448576265440199762715 -53.931388895906601686341394351982859198747088883842
21.816182899291496862965550162419970027922872479964 25.901431429869214541256378391660488514637975783595
-10.070216164855895358793430190446241892043070378074 -15.211613567136126479264504952912486512863913744455
3.4142391193164529056017448277260056098336914730506 5.6206113681238721477327445380722492834600912515854
0.0 0.0
0.0 0.0
0.0 0.0
0.0 0.0
0.0 0.0
0.0 0.0
0.0 0.0
0.0 0.0
0.0 0.0
0.0 0.0
0.0 0.0
0.0 0.0
0.0 0.0
0.0 0.0
0.0 0.0
0.0 0.0
0.0 0.0
0.0 0.0
0.0 0.0
0.0 0.0
0.0 0.0
0.0 0.0
0.0 0.0
-0.21934784320188191735853329904367712866364389176556 0.46201078280087857156592214516962519919522561379894
0.54513018203136562654333843286308630062193829727101 -1.1525257994429849076374954971614814574664651704593
-0.73323085687520263404541767011620165059765338326605 1.5639804840425477034056547640190032060028017884192
0.88448195588160321194889497206911235665959020714129 -1.9130161856129207723738470418400332475676355701434
-1.0167105693864547299407225954630712706396787035215 2.2411066245132066191235563819727836350340733888739
1.1379152012715369069402402904983069723023139024873 -2.5691599982468609061630883475772567650206750533779
-1.2529703484901857003159362221354186910244185377780 2.9118869812215718243784361692563481080383722608022
1.3656786896011983599809739799320793019393119857301 -3.2822857128445325478731485693777672519690694697243
-1.4797858590195080703058288413465291819227333979755 3.6938848111492310028528341488057942407254018380738
1.5997902146379679173581781050559586295557612211402 -4.1624744191019823077812767345448530457913279803660
-1.7319198663520152235591223570188925265037600310727 4.7080215341622506019676161154225082655342528262712
1.8856464726187158236468534482856632479916758113838 -5.3573237530030090270471219149836199034989922329751
-2.0763673218060117304555877924323367350927352124453 6.1481780577380973917352756450698220926410747108520
2.3306016330331128590918664284564240305629283217951 -7.1364917606871422812225865724460678610071083113315
-2.6969189875892259235753925742088938764118243094182 8.4093199979798934967965279828004077441636790784912
3.2711479650554046739960860125542474416522134412289 -10.110730833411083440921327763604456787690466414693
-4.2616239171903585685945098527214599702355352463366 12.498351673217581553741229072070176996777978192580
6.1861245204770646791434584807420891816280802642164 -16.083963180846822079936990618728974572087872677481
-10.613097328629044795108632689287679599566544030259 22.053259053892989845184399900841918415993425416994
24.140847601048460732200836911025461069228295732038 -33.938341549563543244114035457802636157546949533223
-102.45549185640790616089634420276112047282763211184 69.294190078159032716066995596840497695265555681985
188.71010584176484228140318915655333933763509923437 0.0
-128.26971849832577427526523006475682083832347640375 -68.847823493808084757587628657685691674249440245730
35.305699102428414197573583791409473454474969862907 31.363715991659198078855280109850472524425856254887
-10.436968341730665453710676168310839076723063701055 -10.841590194094488735394250362523088873649094665974
0.0 0.0
0.0 0.0
0.0 0.0
0.0 0.0
0.0 0.0
0.0 0.0
0.0 0.0
0.0 0.0
0.0 0.0
0.0 0.0
0.0 0.0
0.0 0.0
0.0 0.0
0.0 0.0
0.0 0.0
0.0 0.0
0.0 0.0
0.0 0.0
0.0 0.0
0.0 0.0
0.0 0.0
0.0 0.0
0.0 0.0
0.25998425907895272176634911946368328944701054341371 -0.54026086416933402615920425220792489264447890995076
-0.64602194664611840842677425844065680906628787986934 1.3475316698953642525473941708971675467757013331341
0.86861527727036508734508825115472551199786145601372 -1.8279703263288642054197385313796918602164167657105
-1.0471605253531030986620303443119366001613107628934 2.2346712532266714759753865859740234749096246908325
1.2026569449467461125158539627911030389558670805900 -2.6158543209350717417462829225128535291884892902254
-1.3444155721117110369731303733553718689050069080954 2.9956009188788454661789863976577211675428119459275
1.4779779141102101930175526481099899448982390163432 -3.3905980270040026928165948272184081697371094133129
-1.6075064675941142732129021627607550332247007295975 3.8153004379162101189662244773506902399141430741673
1.7369182787509876542483091080010474942529201004591 -4.2844244581538160198309637480818451441458644184012
-1.8707235685586606051027990227674352666590125291470 4.8147593995714769641782821049788935080383926616457
2.0149611978933768884523921801503519811217063109320 -5.4270429226131347983761999803844666493821463465210
-2.1785630972940110251328477777115314327881353554487 6.1484144291949313281042516073570793812874954890859
2.3756550083276995877550011167249421005563669674062 -7.0160772673690921252991770740849299126474364788798
-2.6297983474286184131648298960807025219873807090675 8.0832271963933103089859894729948715159699943621546
2.9824123510236831901422049633611510590055241188561 -9.4292880401754616402883455767964650502843383798082
-3.5108437842811127643701075056367885099004147539146 11.178770882012523671148569929394740655159823716445
4.3708478985101331094176761866376826768024609103223 -13.538752541462044557331291945428161898184422501511
-5.9086766851899422405480671542699822887498689716986 16.880797322086452690390230516516625490915091421000
9.0061486951681708151588868655354572680816223289265 -21.944317968840587274183528123084974458021669586833
-16.406087067291175601056465727983537691588495142498 30.442029015591755702462520667374632291662782177390
39.977366009322253416717463200409592838187433353400 -47.463436166501547936312012724846997066016989302455
-182.93817147126005553684857351883294785082067353609 98.190711628463606468330968209528715167579578006864
366.67665250318594393346678843436885084774781422568 0.0
-264.94906171302485878460670834608591770080289800391 -95.770748789944584477760453545913256545578820912880
52.205989453568282035278338972699655431606510124799 27.070240715202391435355858345172485065429263218171
0.0 0.0
0.0 0.0
0.0 0.0
0.0 0.0
0.0 0.0
0.0 0.0
0.0 0.0
0.0 0.0
0.0 0.0
0.0 0.0
0.0 0.0
0.0 0.0
0.0 0.0
0.0 0.0
0.0 0.0
0.0 0.0
0.0 0.0
0.0 0.0
0.0 0.0
0.0 0.0
0.0 0.0
0.0 0.0
0.0 0.0
-0.34597478176520281865289107478293238796122233128397 0.71259103555385050685845164135189033761981020066296
0.85961663427283499460693016432866388414812898071251 -1.7772015672909080624245976256617755435013181215263
-1.1555511955783538289423306845944749030223480131322 2.4103132386144222283140101372471903753973100292410
1.3925740709211330609446871931488012375612588206184 -2.9455573386537495657995488701202880380721748431188
-1.5985284400924685897441467065835086584808679286243 3.4463106671390944464631165704862186303086595013587
1.7856745862363348906940313527855348222126212372243 -3.9440419856303925319210812682756138712923311230898
-1.9612070291803619631804812142502058651101262774987 4.4603527351718436451621492739399828800243726396119
2.1304053884318283223768674461464650950272523765683 -5.0137234039108300449587659402232236430270860800798
-2.2980936113824849907353470309412774099512597339652 5.6227062361791703740645299643960963617388951833727
2.4696713254376895291181905810094741629085351433855 -6.3081585061509812894825105958494411440917262982578
-2.6522064541279930214126635949946025238591625862192 7.0954540381945623913806736616137017670633712814660
2.8559641689878071750790907274550895752018747698982 -8.0172628454454286396832838919014245592235110397127
-3.0969002386708123985880153647335764706201895652565 9.1175541301601289579801713016910525052234112759269
3.4011113021303797115665201812907927482380304362693 -10.457844665149670242703347383869715960286318093032
-3.8133522418392999167190309784646860777066400595860 12.127548417526416289354034199466041711534742498060
4.4144990372894593139282524949746401698421367779117 -14.262102057707636246896253616066682759720034829780
-5.3602410210200327305345283720486113902581713972861 17.076718091018350501648700301183152345030269816440
6.9752373060741489192665502736142902557085581739319 -20.934047054361795321913643333413740572556693435504
-10.011168628126077957086452599880903922198939954168 26.493114589293928926688423618372424661605216680456
16.475439935414741936493621390688277641703417909341 -35.080827031813844041022332563200281511306363965340
-32.967932015935151188189361730819322790046880792343 49.799868614955099796441230778838844088153093005673
89.958563164809493539379030988064230915900036129441 -79.914430186846356942630726999574487316841155553865
-473.34728260505851572481480275652768294109074264692 171.10014808006172244201298560330778626017447164758
1167.4806749873359726492015741084558887785020618137 0.0
-761.47174900795709690852734880753467849808133231855 -120.85348601566353806174162740413043329312271111675
0.0 0.0
0.0 0.0
0.0 0.0
0.0 0.0
0.0 0.0
0.0 0.0
0.0 0.0
0.0 0.0
0.0 0.0
0.0 0.0
0.0 0.0
0.0 0.0
0.0 0.0
0.0 0.0
0.0 0.0
0.0 0.0
0.0 0.0
0.0 0.0
0.0 0.0
0.0 0.0
0.0 0.0
0.0 0.0
0.0 0.0
0.54346943192676316846730251818678700114474852492554 -1.1150643196787521827351498047352166558080990804523
-1.3502653510855128155380426023470843820236685298139 2.7808645863257241887932378177660839856849052443629
1.8149479360853281207677223877150066344917299113663 -3.7711820863177646030410505171545840164763045145663
-2.1869003763264827587061771328824954882632173011130 4.6079571268676068185614165887188904744585648316188
2.5097949296341321308081610695846028057183611276362 -5.3902161845072211098952051328297734107622915582886
-2.8028078538079340408804837743487293950747327049576 6.1670112921839312282284000551199118130826091598718
3.0771272813510829036351934885651827446951094550112 -6.9718812666139655159489265158684019655463981698231
-3.3408841367454945684321966788442943186440175522010 7.8333691392187169000857275387580629983307059581630
3.6014144764348843551054434877628348604111546255562 -8.7799580033444090662619414070876186948368956939593
-3.8668287708768817051988825803073555930973959922025 9.8434692951744496705456783792580452547380496959231
4.1476379019191748437399371353761120034788801023189 -11.062363365661694827563312421231511703549128781698
-4.4589870897334192573342857293087904439816468461407 12.485813984359003394767524809498449515847586992032
4.8242454192773346460462538981217525507894758096571 -14.179481358937242079828238788712979630065787434318
-5.2813229330380664229458105256191121317974382872054 16.234375635037068201243153690984223138495828143816
5.8945719726173756189604303475770466178325673579514 -18.781264114398201865874048294121851570791345590894
-6.7787214496113222845720601527819178284637366998737 22.015326068767773438997433172242810019322386682205
8.1505972763833630258254384962482106765238472691068 -26.240717443479074217228376654691235472598660500455
-10.450789355131558829205769804572215432598141918501 31.956414241643972281290620120035831167293107237024
14.661459954669794969000968305755078771449166175355 -40.034953524559101440377541405383290234216185518676
-23.255899969060261157963354319665972890939613907927 52.133409480962050259698269594836971613844431178592
43.597839556320901482649351620107156876394075769360 -71.771924599398703999099428990726173370376976413004
-103.72660957061944118077890746758999776459777967760 107.74789731718393969752502589107935924111538297905
363.79435484611352762799713553180164334085937170341 -188.63737397937464977989541110161498796923891401043
-2970.1057827838996322456873479875889818268854602008 471.38667738146717605111151081521424894012805824057
7300.5991667792946009435473731253540442143350275772 0.0
-5106.6585195361612681586243325053905330493375071194 -471.50008219493792143668553161725056131673770467815
608.09541687985106530221994863339450260644190532741 188.78938826091179055656412116731435965680412782509
-165.19022450151428657588026905547892181078300430337 -107.93024299099904595987223627100842096334854039371
64.657116815685468465627706356355829971990824001287 71.979835066610464209843548023333697299572677128467
-31.418461491103553603616478992912791184193107497333 -52.363533365440601527377075408832222407397218480688
17.760490524864660371238525522238937653307987652042 40.284624593875856678689770508377595943728463159222
-11.293321767950921575080389955422295926501061267280 -32.223308603617710739252247281523461451759850045646
7.9095572226369195364434734155460126409863910448072 26.522661710933338884820234895225952170635641505985
-6.0015331415669895081564274213409526803256191201353 -22.310176975704933788804720615284565562323037409928
4.8589362744738054318269686402865213576269193225323 19.086827212123156995765851230758459013193247129614
-4.1373906152470773550131309792685841771663648016745 -16.548348008979605787069521406064080153690696867664
3.6571210939374301440967386213075023113804127455628 14.499410465594753513963083727004119300052927852212
-3.3183825005266856265373147820206244824825551552381 -12.809067792677600885456318576278366515141966546323
3.0628720962814172377917834017678721848708157328343 11.386108159099146926649993956583842134295364232552
-2.8548758056872772468688833724984582823001928150852 -10.164651541337932253351394105380748926892208426227
2.6714936507752065196618080026295900195679198273766 9.0952858009765984898521256572608247691223630150584
-2.4972773052940265202680958936114348261862783858906 -8.1392866102461073047436260178981554620797537641575
2.3210843306341169805604764809124526707990122729814 7.2645248588133632231144612792270576461805616584701
-2.1340184939891749727492378967394235085891806547497 -6.4421275983833500584365618273070052610736772479615
1.9277476264304175641071731594159817727469938506182 5.6429989891249157374975079395630921091196232331519
-1.6924668999369318843124595014344244783531651035476 -4.8327023829698018975319473206398307268817755971365
1.4128855027976822638837490002066500078824285915748 3.9604635271100020647605894809078526253159256575747
-1.0552324183842820896742072632894103480089251190524 -2.9230027142539568134547844394575762127741073602845
0.42543719117331848825268476020961135867108320254398 1.1725003692262582777157308973123376714277459978876
0.0 0.0
0.0 0.0
0.0 0.0
0.0 0.0
0.0 0.0
0.0 0.0
0.0 0.0
0.0 0.0
0.0 0.0
0.0 0.0
0.0 0.0
0.0 0.0
0.0 0.0
0.0 0.0
0.0 0.0
0.0 0.0
0.0 0.0
0.0 0.0
0.0 0.0
0.0 0.0
0.0 0.0
0.0 0.0
0.0 0.0
-2278.9136617239804752594937615433005626806460436548 210.41312527700041023942468565904443781556001770756
3455.1106151578860674906417312895354152741451475125 0.0
-1364.3384670079581905868700753138262739268758198518 -298.13563640685191062523925646318869669259123118035
247.48830313074227743831039839045815513530116602180 139.37126847161518336454719484650683952503494339191
-84.635041417322565019976450232299676645779087885734 -86.955725666156892230944068788617660058174227509161
38.600430252229950910345929008297270924406223073340 61.347436525456320265899123808510828165173313147823
-21.057284374087482181460376936144500814143338522296 -46.413770786732700140579266817685751881547231756304
13.094548745190550968914055377445855115979069223537 36.751849848338427620383601780121801646927124484524
-9.0360054968715533545572826582431058926610489185728 -30.051061684395026118392886447589358487780859702219
6.7870202841535435945035516532616702545881374929373 25.163760822306646720665413752786124178476268311376
-5.4567269122542461016059335666768954577879795883951 -21.458342628432562545262332621850285765130929548580
4.6243915286224137940814784462097723713195509888864 18.559899199464484320080369057847542135633055194288
-4.0744917029748334037423189233259658164587244270883 -16.232404951620882347832756446967908420730480506776
3.6891306215368068286952940322929577124643178275977 14.319948782783069633578430987122397436488395540978
-3.4001487078946503995940072076182310783843848237726 -12.715177366993142572817103444911192043899830264427
3.1661608697232628914852174158015076155948741884927 11.341276006021947387535711127237900797309750168100
-2.9608264038361815418024921121955223122299869188570 -10.141086733031736396427232030027404343143440536466
2.7664921673890617259321473506343931982345774539465 9.0701293536952528268553125666366117090893424209509
-2.5705053012462308832867887340502277301507924978365 -8.0917407246684223851837245724188129903339429389878
2.3628287209717778535203672300194487058110448471894 7.1731808105602848469873861722672728525306881740536
-2.1341236377743297410339595092196766816492717493986 -6.2816540205407696351901813578362998451158424897328
1.8734646147719990294526035868401156779535778916354 5.3785475162472861907428101770314276625804917799145
-1.5638799954958089794694598901534112031015388043329 -4.4071516241419339529290247215273614703830117865126
1.1679590734403213683105008285898740182547260820083 3.2523861938711308423768868311730138029960806410830
-0.47087762859343114363059028255847506845536625324312 -1.3045763190087599863377886891001925837244828998446
0.0 0.0
0.0 0.0
0.0 0.0
0.0 0.0
0.0 0.0
0.0 0.0
0.0 0.0
0.0 0.0
0.0 0.0
0.0 0.0
0.0 0.0
0.0 0.0
0.0 0.0
0.0 0.0
0.0 0.0
0.0 0.0
0.0 0.0
0.0 0.0
0.0 0.0
0.0 0.0
0.0 0.0
0.0 0.0
0.0 0.0
152.27300597314389836084227604393533090632288288063 -47.274698753403050795794472834627562275227171849159
-765.56533583825613263790307889777000473731685139761 167.29155860547356884147146810675645280370821337502
1032.7417023219907204785629743546508679592404011640 0.0
-494.65870594160757413829572018890799815946604346516 -171.76773115968562549850475256683904803177515817723
101.36302633250036033238608994267792774283954759408 83.128965893136777638507646335288492101015490612707
-38.135381124152019484307024910361035313341790107913 -53.397819677460813097069499486183998831153021907271
18.854488311665802906066123222714195951736263976686 38.561986915868299088592564253645913885082925577949
-11.056609148480678062532297602847048876945262994555 -29.726421006607507533488291616645767807566063365571
7.3448749796272680579005493494559574112815666340667 23.897800886343174795181730511247102104617485783524
-5.3771615157767699751231123464408536561908028749466 -19.783821833619923849600654230978473308614513885583
4.2484412861322608850172145362092561469695744954363 16.735029269895688694809973060315446118383315312297
-3.5580996510830177791246717692982684046246870700773 -14.389408719777120796400676220884661637472905474959
3.1101754574639804738333181921064961327282571266053 12.529218107141117983155550163061866031757052328607
-2.8010859024421812511965970013058989545882366086292 -11.015493059488757574435479887339739505923497604376
2.5725084544675784365664820349029938396074862153100 9.7550915681538331736006337452496215098882723518767
-2.3897707041759962589476260148207288007011077383566 -8.6828076997858194399576157804435531241819082725845
2.2311895116482611779536466355871719960830438752021 7.7510095806666186889333719242812392055595146121356
-2.0824574234929662450964232412600430078671483440113 -6.9232327783386827804153021959301047176067160575238
1.9334707031747049348131446810097436286701842311712 6.1698772264495685475785183786360368479446592259689
-1.7763356880003867322104024050842139460110011282562 -5.4648974615704729808918442666631844168085328141688
1.6038221155935353260628739563974308613610854163405 4.7825692246012700110870881497544057745566021420148
-1.4075887544386088204606155997091636305358527570273 -4.0929793088577613521282690336376068063035651580441
1.1748007211515968526619307910226488124339237714413 3.3526037100124194596459167185854885768533775179754
-0.87729891103002215708111532601757035303722541546849 -2.4736206816233058582995089855030909308549761634642
0.35368075783492937139614172285793429600590059216070 0.99211359637179647169468870031404728355250905907310
0.0 0.0
0.0 0.0
0.0 0.0
0.0 0.0
0.0 0.0
0.0 0.0
0.0 0.0
0.0 0.0
0.0 0.0
0.0 0.0
0.0 0.0
0.0 0.0
0.0 0.0
0.0 0.0
0.0 0.0
0.0 0.0
0.0 0.0
0.0 0.0
0.0 0.0
0.0 0.0
0.0 0.0
0.0 0.0
0.0 0.0
-29.115668899210467707749329883152801925743950549047 19.023288022158071348529522320919791483259985702930
97.747588608506487511083424239124020076279910296225 -55.045855671055012008849187483554771586008354876578
-348.17444718707090289705949600279481683586815426268 120.90181396334446829045179493287862665809230461303
492.71802669704889226559281213092890045485165357174 0.0
-253.47960648467067245624574389629912281095315721402 -121.94003148588061240717554172008501024887409684522
55.164380608905499726099100260449749985071716521093 59.813196372099488609851046992511879064686928565951
-21.967735368207346498933825287875291542017295984347 -38.937386554546844028868819385334994913515432735441
11.480384789737783357212231035543610393200845125468 28.457695852835038467963445193952523932169452096473
-7.1072958842727450784888924946591170504734608698003 -22.166104108016118504410486366754784720853046754002
4.9691283682775900917351633406500439809818309568240 17.978623129267893410976587677042145694887364557596
-3.8071033680782418347396052384826631797236798709691 -14.995696919847560552570143415110257347456120164756
3.1234583126222046690109699576875325740486930932080 12.764436456710684138330251556397584428519632063867
-2.6930323320708334598124707800857675775563680606806 -11.031519023166004217259209669274379140699445001281
2.4034110491288007660840708240241097523221431387690 9.6438085020176547785115412672293820448053077445472
-2.1939877745909344117315362768349112430434137225498 -8.5028994744563231027144402776366254595426904653650
2.0299473065357297893844955667895520560914302008142 7.5422049734163568710932583028927764873558779164120
-1.8901252840489130063843244454393930798955104139067 -6.7144577533615635703151800518955131067326009776000
1.7608985223944301151740600672223297920259479067562 5.9843781183179616181807527523044343308904807100251
-1.6328697729477520067458102285872648110152253259839 -5.3239968685005490801689446127422829369702273211261
1.4988720491999146179048289268751379370753940793204 4.7092617584634752597695930620514225156200907785192
-1.3525027649213469581146528336779956249919333658764 -4.1169381006587584008654417636561059306707211142140
1.1865413455256877107280421977361399870986496402445 3.5205382390545608073946208825461351683430667341678
-0.99005015633728540986118857484452074364452211471817 -2.8821012522139777070742726393202865277923538502041
0.73921996199154576035908562913332663891609960721246 2.1257383428499515990133160634301037266089720194805
-0.29799594684675209835806073634359553864330023864682 -0.85246217816431850468998954230940409730576184027920
0.0 0.0
0.0 0.0
0.0 0.0
0.0 0.0
0.0 0.0
0.0 0.0
0.0 0.0
0.0 0.0
0.0 0.0
0.0 0.0
0.0 0.0
0.0 0.0
0.0 0.0
0.0 0.0
0.0 0.0
0.0 0.0
0.0 0.0
0.0 0.0
0.0 0.0
0.0 0.0
0.0 0.0
0.0 0.0
0.0 0.0
8.9153710533823793720937225534027058861734429608932 -9.9250781597551433516098623702278013770725482418574
-26.150635368808639205805793345741060925057436776280 26.867683137452880214102258974610729018667185570363
55.815069001735281833539518479209472930292853140869 -45.774570227888292915143219670494379002019414257727
-198.30044280320280979533539264992424566109075306355 95.395296585916720929830179380135263331418768252217
288.60924298778422085038316277539334673189885390292 0.0
-154.03540762216655160587433765471049525723212612505 -95.804314395373785288725798444791767376382128831334
34.837021101381353561859424676159407585687190348948 47.304265260760996372239676109746557385000096418867
-14.463074913969785315354742837466414334049640135549 -31.016418741868114913976553497858654079651064298756
7.9005730186063038367708220146350915850101297348991 22.825054795753923736394152024087186460394166511428
-5.1141806062845480170420649131346758471211590025519 -17.890032783419485925531165236618252821242595286189
3.7275971868964285968928412742949330686647094782587 14.590138109027608973098061170652606704563384990202
-2.9596852163254821688389859647159033794971155176345 -12.226558573510126503132941381111081598776996857637
2.4975260398219815426161544180377867373548965368910 10.447590973524684730931891336164322996956344464580
-2.1977276314985184221948494472133660209358555721037 -9.0563233894529956690592351827687061276222941462039
1.9877524060496349344692388406900414796773865171810 7.9334084076416437710858791611085212816988351134284
-1.8279414342282423319226619265052547756038442480489 -7.0017637063047687301923473474523355632169935395122
1.6951352785323074001521728550061620875976811505919 6.2087548268584178613909159234044440529718043768815
-1.5749340720370236813300998559509578094946328129964 -5.5164118648763657730074510446566817615769455008905
1.4577213193267273239560104137794969793883842756573 4.8955710526608343736670234706806867229867557793944
-1.3364014093895739319292145825303455955064886762761 -4.3219148026312157475357788962066323719781175664133
1.2048519190109892184295055038188099410023338701753 3.7726517464165137099198943002124707119021810954717
-1.0563881653587521611831794927135255958836739596597 -3.2225075013760239530489624941293821481072636428850
0.88111393318821859490288764735202131721975380842601 2.6360312280189810703079415350548317596463298690729
-0.65773592045786864763386385109335549303431807785842 -1.9432935614587157136725388567520537044181006779731
0.26512389963031903080093105989133628596533516122810 0.77913846402526735089006498644581032768935496847486
0.0 0.0
0.0 0.0
0.0 0.0
0.0 0.0
0.0 0.0
0.0 0.0
0.0 0.0
0.0 0.0
0.0 0.0
0.0 0.0
0.0 0.0
0.0 0.0
0.0 0.0
0.0 0.0
0.0 0.0
0.0 0.0
0.0 0.0
0.0 0.0
0.0 0.0
0.0 0.0
0.0 0.0
0.0 0.0
0.0 0.0
-3.6103915050483567130341209159984175400378031760378 6.0172537757915075619696698936968702514741926182291
9.9396358851440141177855783118497089541134264943006 -15.797004788950343595062524194505286246189785252253
-17.500331859016716349177030054852647448410323671787 24.504267096774067688437484264747261909115720504599
35.965466827363673905224226987147947862383613834705 -38.996350656243050693508742238262100786091044857231
-128.37098037845138300299879798630084531711530157323 79.841991872326463277738652522754853701628896750338
190.04701869634528045588210075880190162676878610416 0.0
-103.71454797121013077563723111551725804523363288610 -80.066036367764588592991650110393356531298031041296
24.148624788505407492754932350587606418935418156927 39.679492587685567855610590457207254633497897673815
-10.380655391052896938844162374823424236723553783528 -26.127793844659557201149069300017689186735616998675
5.8924063078772632712165872575697600372678539593266 19.308827721135694103521086429800025799982473463914
-3.9632234971880087275063627949396077992136070894183 -15.193309344801261206699180852348354333571951300032
2.9899235887855550855772946226131588322568545625772 12.433546870405182843556504145897802365586117876088
-2.4414520134551440568936811191167855447264855430777 -10.449287769572950847655042444227481934881368970617
2.1033593446748165424514047849645722373443610150023 8.9486365934417205019503081021850031250344181460451
-1.8765349304942602018301843670674977215390104394215 -7.7680601725387489841490243141361286673749353310975
1.7103625287715081559532691459443989111868066065747 6.8081897921748985575185993993222356268670212253514
-1.5768409549816009303152213786632858435207259604524 -6.0044696191522863155836322300385828985196903445639
1.4593364540206346331345145957758975928301475757408 5.3122899762588465281722319072440915910293344993517
-1.3471955669470738764429786084338005988198293840108 -4.6987158071577843054000235404127402914146311898537
1.2328828953766751395041521758433022818050045328750 4.1373227876415191010423749523942969077085873708005
-1.1101821447927648382605221838935041706188485852264 -3.6042753620841532953343102850503961794650679157958
0.97259355679114247669361366023575817346802892727752 3.0740731318861787859482065836169559963020081319176
-0.81079570501270416862481809726563271584350404311110 -2.5119620395688098525187214482240253721352443568416
0.60505884531294380093757910263357965211412066962282 1.8506229717526616601394586950391423010495179676787
-0.24386020225675544277425555002056555528736199498082 -0.74178110792795168146091255192706825506416675492425
0.0 0.0
0.0 0.0
0.0 0.0
0.0 0.0
0.0 0.0
0.0 0.0
0.0 0.0
0.0 0.0
0.0 0.0
0.0 0.0
0.0 0.0
0.0 0.0
0.0 0.0
0.0 0.0
0.0 0.0
0.0 0.0
0.0 0.0
0.0 0.0
0.0 0.0
0.0 0.0
0.0 0.0
0.0 0.0
0.0 0.0
1.7763034181789492977037082215621476669177413960339 -4.0290394156612259482707796485045802157530264468978
-4.7192556363616125826146552770741552625797686028011 10.402027417154843265685499233271514816254983392230
7.5305336757365177340555829688729818790297484719894 -15.401761971635331297128457202252257178415211407167
-12.465366584407387674327763170898516762541991856511 22.094621457596779794223821362473456210076031056882
25.268538200150177440356215902520879315619260862339 -34.311476583862675646082071982164940438893210350952
-90.267723503035167790763102824694443357221726221093 69.685294630369141368580686072436312432886613972579
135.08876017327356552490411270166813561535226184075 0.0
-74.832777644969158648973688994194400195224763745037 -69.837548441031430992467418166868506987796139063179
17.859446972618129829509346169135557055447263680057 34.687690878539644391636200246002180177452610822854
-7.9220202952524840433026331443945029894363746133213 -22.901345050127868686736386453789799583238816786786
4.6553195939924549458552558902444989208897504313637 16.969581170906677352092247117820763849375466979288
-3.2374701895094135754039656785514029197880742751702 -13.385416383509139145743176750198601376177321964535
2.5128956638535689515560814654093235913636083754668 10.976845238735295838480484412664347235624043085912
-2.0969165115783678452557609020983949284599815728903 -9.2395916215133213182184764506497596081032344524693
1.8333473887826103974919280143933666043566026642211 7.9199953597576964647263481444315578881538798897291
-1.6495495335071347037189334477649777242819659935827 -6.8757711365872579824154247887723112962963792452160
1.5081225657038383688529851688979222145395473853223 6.0201367185661564944478387133873819871780015996612
-1.3881159602928750821170402334217582634992006728239 -5.2962204878721600169242498791310226222095980626974
1.2767946160196392873822510679142256344138358938860 4.6639929967662651562058069063606533531678721058266
-1.1656056896957384849654679259834527742282355770394 -4.0927864911230310372416388603235023825526119108025
1.0478744595013571783006745872175257771681888494529 3.5561906513233528975803869653225228468904799933352
-0.91699906609639336509426933415698655090835689882410 -3.0271858121359982845691076225002149973290913302729
0.76390827915992028685122817714354270299396111376280 2.4702875403433408653244261420142358121988351246197
-0.56983416934047910253627286632731377710063676501970 -1.8183943215203113329330529692604620741482172388352
0.22962516273206966448342484767594714290586516917745 0.72860743683737150481053872092129692128523094361937
0.0 0.0
0.0 0.0
0.0 0.0
0.0 0.0
0.0 0.0
0.0 0.0
0.0 0.0
0.0 0.0
0.0 0.0
0.0 0.0
0.0 0.0
0.0 0.0
0.0 0.0
0.0 0.0
0.0 0.0
0.0 0.0
0.0 0.0
0.0 0.0
0.0 0.0
0.0 0.0
0.0 0.0
0.0 0.0
0.0 0.0
-1.0156064356386344564176748166503806404851185420569 2.8978364619236223757995909766982492913807085301438
2.6387802473067886213769414531649802576093251357738 -7.4061395561568999188442942141695403325359962380114
-3.9707679580928301033569051307583670362579454937496 10.675670855022896857841270601873655498216234673212
5.8575736526298611419951956027420533748687799535738 -14.519813795015482618505528047374596236124611139151
-9.4328144017517441797836650294581403404843668058245 20.228901747336097505415223866746900800535289788215
18.898475049356556292022152043648541502892601330145 -31.052778665741792406473345317431441274113255527894
-67.287348117875622246517201089651204831824085906601 62.795790581837363011681602909140597281720033701547
101.40245135335712348744598430160121788649441459304 0.0
-56.785506970287327356043387464709302077843362539536 -62.913950429047740203986769843489221560223582090150
13.862294271494980074064357247436690510283072790552 31.292635221132314886218753716345322986407395209658
-6.3330845725489129808955563783873282411211252292093 -20.694484382861631585837652148059911651779532937261
3.8415104582884883150954038102779170832912721114346 15.359787750557090427701352258289394634357891279674
-2.7501955172088503770902250556778144375053818446445 -12.133170761268737261846964488419328625752817537343
2.1847070674995485610583235432535062653119002137690 9.9606016504149558342696223066118818135430681961003
-1.8529527839829710765607226216085839095358565563064 -8.3886557691248567387643503486672580280017052563558
1.6358551653438882583162624648088389766126487422682 7.1891213378962314866182885567044869583563428062440
-1.4777309744335320493296662592716477270245173684958 -6.2336844699727797114700742417059215335646226796598
1.3496573686596733064717693930344576628803588155816 5.4435967468588929211392636379995259309973106634306
-1.2351532698598608770926321092137341899470778632999 -4.7665110616749762541427754527693687627519078944426
1.1238164856795804700044307575635507706494405091239 4.1644364629554657624650255430353069801770125382521
-1.0080504308808750513756658101064531197848578197639 -3.6063919929861591591190673780313785611542599797240
0.88084406913638788296168529231165062925654079941476 3.0623505027037022235899287434004551954492033199600
-0.73309419244617109201115748870160616478973102915931 -2.4946781016472796357926513516748208038671580290444
0.54654867199227245785441478377432514567909279160001 1.8344006383199500385961061949167223519931233599166
-0.22019313317115666692012614674023563385360989974639 -0.73469542510121337859234072395134356409204054403780
0.0 0.0
0.0 0.0
0.0 0.0
0.0 0.0
0.0 0.0
0.0 0.0
0.0 0.0
0.0 0.0
0.0 0.0
0.0 0.0
0.0 0.0
0.0 0.0
0.0 0.0
0.0 0.0
0.0 0.0
0.0 0.0
0.0 0.0
0.0 0.0
0.0 0.0
0.0 0.0
0.0 0.0
0.0 0.0
0.0 0.0
0.65650860212111250198139072694145144560193744589632 -2.2014324031365943179170971880999636025442250677652
-1.6806360724255749130804695238036089074928445166655 5.5892947717845179305662510342656406849995093777963
2.4345655124053243063717287172981614293200882176275 -7.9212732717164637554485893966205492003116091423570
-3.3469576410559085485462850506013605413029121525972 10.438430132187568489501045566748351499665272297127
4.7558018505225942687617805319957362825498827140362 -13.739691738849985482587650568358103154404948041594
-7.4979689636016301623614002660280941781618469658952 18.872159796720564554749335661595238037152849600608
14.821564899382673246092387961209877125915438463746 -28.787333804582569312174899749407254889764405119663
-52.410947852254878133176320766075120111437237180876 58.067277216376768941092325002305161668435637367141
79.339336596999797818814257103004504537642990777997 0.0
-44.806525301597087192607269374726955331807521667901 -58.166240246843118034496196900636266495833210825157
11.177702370375963020746129116054017489878179043526 28.956711000388685342914499849373113633322057637799
-5.2525360960042055611770583561701753496754719097946 -19.169355492711168095978398606718590509643628039413
3.2797167210546292608124954405813525014942749322576 14.241262029911755281938953261546039305012602850946
-2.4071280624937836017470091576350430190452170235180 -11.257262149924351766448587061192970104520839850353
1.9475744948657076708730166993264929127915417814862 9.2437060182346504548259697227992453737178379456542
-1.6709055562238225552826549397767049755338945379740 -7.7816352027167132176545504822274844813360549268426
1.4829635413259508951349728810275699899649964858062 6.6598785800764726616325322594503433600768294572870
-1.3394592120214160753711297297661115935167354833621 -5.7591945667045206424893886715572963290256481782514
1.2171089497835601161085494511213931125431343938583 5.0056196678486551393547127487974200555167838201947
-1.1022637433656286667885345923356170903438845439480 -4.3487664330045997848214159670113215356685598317700
0.98569997773121784989809688499477686129544456536238 3.7500559103562839685963122878931331758973373064958
-0.85959065217217573386298929744193050604796160786439 -3.1744158851304307547115781978733959349565273598583
0.71449635109784339838223168683838403556727425064611 2.5803634470704137012419026633803887442467438292047
-0.53229345596516869432413775564446165967138048986301 -1.8948823436621197757790908409502430189843279943202
0.21438688954791194542939260304960871993916509573346 0.75849791310231538699599516323848682843872064897873
0.0 0.0
0.0 0.0
0.0 0.0
0.0 0.0
0.0 0.0
0.0 0.0
0.0 0.0
0.0 0.0
0.0 0.0
0.0 0.0
0.0 0.0
0.0 0.0
0.0 0.0
0.0 0.0
0.0 0.0
0.0 0.0
0.0 0.0
0.0 0.0
0.0 0.0
0.0 0.0
0.0 0.0
0.0 0.0
0.0 0.0
-0.47001356910403882693336776822045410653675966287648 1.7472345249693861880928084548558259292924087916207
1.1910672416678140394120328133237900737597384805280 -4.4160367787012388965221835423567325254761791465488
-1.6817060175323066823837881730236465909270921046373 6.1873856922037209744984221867151850819045009614111
2.2079334286130209709340211425302515125392534810150 -7.9884438608908779093611256788506422314595668159608
-2.9046991657587953065395516208240289030022453076426 10.160994947565758407831396730402532442442152688658
4.0157945777730178495129827673038314447001756663483 -13.159358267950790763826104052400357389326969693957
-6.2032879743009376965061358213408805844091016645290 17.932753647438967948832456625800661384800561803316
12.072009240170379071028218122124667209437696379309 -27.251259722251608817571654438991525252042051566824
-42.276712141119451264195000694484298891050314901784 54.882126625412119929008216373572846384512253049751
64.181069427874634003016975984980313261546629005782 0.0
-36.499869201060055941109027342174661941019646591380 -54.968479985873101515195425995302904402540544472038
9.3010651843707605793173298744433823467131424813322 27.379140076341574564512484566974607905834888953371
-4.4898739606145280612173346906172354381223741139555 -18.135020373669499160726084016745461185599378519998
2.8776207414716429361540678521715315087199636852705 13.477977908393813320091234899412118467123162179494
-2.1563252225230088287875867737289215456249084401287 -10.654124813902095973236268873878529537266385641251
1.7689254632776304732974948937509441126764733589215 8.7435652726953168942718700589591135762233131557848
-1.5284316327142993542716914057840073205698910717615 -7.3501390436235306739409369069808469351284474110129
1.3580563702286064181455676974818431885193967449600 6.2736090275368036432725337667274522312720931896146
-1.2213907120871001053035345134128972720581919428759 -5.4000481495563931654101762489823461139992303753619
1.0989053593599373657449201271215586692867933735415 4.6574461426312437438760084703232391431568667248514
-0.97853308321155414147304359752039402944791755577173 -3.9945280182955114680270673633466825744568580174148
0.85100098315701752397911472962256152164659137662862 3.3680306089673551618024537472274211416697598852356
-0.70613634879123377031865888454250673972866489524112 -2.7302828231436840053569164119745052057809155191853
0.52554632148590552490382305858495692975564371471211 2.0016333872025419332144083098114326863318297769839
-0.21158573555696986291569810292683823350526049485704 -0.80067341267092090565992879222986959201046824714437
0.0 0.0
0.0 0.0
0.0 0.0
0.0 0.0
0.0 0.0
0.0 0.0
0.0 0.0
0.0 0.0
0.0 0.0
0.0 0.0
0.0 0.0
0.0 0.0
0.0 0.0
0.0 0.0
0.0 0.0
0.0 0.0
0.0 0.0
0.0 0.0
0.0 0.0
0.0 0.0
0.0 0.0
0.0 0.0
0.0 0.0
0.36609024889782399655030548025247026910092038862297 -1.4380722302254586445181372229362826630360065450981
-0.92127253328612893173890241627322855822477119959456 3.6228644004563111657607141739920126042875584627125
1.2782782156130249741801264779220716408968463637394 -5.0352639739147936991387128445424284531369266798374
-1.6274183106096279675439998336659035943315822150521 6.4101941524196548518081774775382170865082648355775
2.0368209108104732274609164921017607067433024828678 -7.9722933842062456889116751909439167442268069082540
-2.5985204438660311512119102488490321307250503820413 9.9616196185904932254679661714648933156613964863833
3.5069878723946653238740873128753726244316554494329 -12.783679866530563169577768487614632925792985491222
-5.3058931951446367524056366692184534703031772978358 17.337953189508655925755496740960807883543156822766
10.146382977311439579609234996028462921316885443856 -26.284997563715634715296599644793676543680309872387
-35.114790265790450993360785602978113785681587083296 52.882563367574356588122653896571177773857010374716
53.404388744149876510441275153521655798788592187717 0.0
-30.558333201352135143544874925023955604030695864703 -52.959412765965197687303090892649152440359784835909
7.9519526637996635478248154444538009921784736416498 26.385159401601841031626411378091031314111039752128
-3.9372715173429474799660723500217497248363904350047 -17.479554085286748393867664561360926283652576124367
2.5819643364689377117182931102658482857378950500952 12.989285768909480807685638616626786300660932149529
-1.9671771931138945317322504433398248333598694564884 -10.261385357354772659050689186867035790286081264096
1.6290664811203069268426341934878514001136487491247 8.4092845114886432427729023290939379868385632202462
-1.4115687176782785277782411588778834001436746094705 -7.0505382654385137435196573870107919635274262511464
1.2502756724065633922469902638893570100947766057079 5.9908638685004047379236758774489296260204028339203
-1.1142400701720799205992945152181117446664721893068 -5.1181984127251800538790924638056388610755862719413
0.98622054314786109555370105641007376550332560920834 4.3591943140209539002068008770850660568301618522398
-0.85440022123341406095303266786165622770979420065935 -3.6570692135016569003697057414895563881735583066079
0.70726785593021004805959137733801080198459348458122 2.9543862596067726236442831718356675644637428267787
-0.52567693683649463692804958712130182420592547175160 -2.1613919656299411440588159922246666213575838152561
0.21152419964015205693709788885147075538888288386265 0.86382689404581626681492960462404751568516210729391
0.0 0.0
0.0 0.0
0.0 0.0
0.0 0.0
0.0 0.0
0.0 0.0
0.0 0.0
0.0 0.0
0.0 0.0
0.0 0.0
0.0 0.0
0.0 0.0
0.0 0.0
0.0 0.0
0.0 0.0
0.0 0.0
0.0 0.0
0.0 0.0
0.0 0.0
0.0 0.0
0.0 0.0
0.0 0.0
0.0 0.0
-0.30527802423539716283920248993410921878089153493434 1.2210224884070742919490915693322086544103083743829
0.76459694769812863749779361328575611859089485210104 -3.0686939437679655843072198664940290402238511063545
-1.0484215363562744754854268172932952615549293194456 4.2399503883077473544227786639798895295099345761438
1.3075620359075450074798911491779575616888061546212 -5.3435297833500724364845713724916973343403605237013
-1.5837675927280816013618556022421107397831860890421 6.5425968722977605213653152404800142241993270694121
1.9198165122153533656864179200053655481317556735132 -7.9835246214111281670049878356777829968051190236204
-2.3884304547499514191193912016348046899802457529426 9.8750364539192072567058605676863589175445612544416
3.1518627318715691307397245634834497473659294561038 -12.602319609981577906299455631789247667729089945685
-4.6692788869367367158981134861007921502992945254829 17.040733322402542010172066806748313206468641278553
8.7630142508720502212181305594604211916061338460317 -25.795303001291105611519553925262162401120495713895
-29.926210147678333425461805318485178722085084031718 51.863905838352013433280960161145062629644772851884
45.568505974492765654993905019418088706565390058909 0.0
-26.224718856110554163476081193190081580220797066781 -51.932710250062207140933448122937415668946134639436
6.9656795299625970624340432962921330450504245794373 25.874348667775354632548492752799513917709950658291
-3.5304582481224499455630595030913478306294434545082 -17.137936918357259321592906554772743375982951526324
2.3604300087368555338484220029653356921887039883954 12.727443188537684657308697342413720591492024750131
-1.8206578276916064686857752504974373822751700445463 -10.040930159560141713287449892313058968541705826209
1.5153227471061207040793333589005158992192571965930 8.2081213073695596395519455862873132739374925037470
-1.3108509734402487596939477457266213235362740308505 -6.8524464562791401306015566504892895328772127993669
1.1516674055821226269185108279147489362717797457986 5.7808249529356869871333569378294490131407106579507
-1.0103881416543232298986599418631912926360002821522 -4.8789549448014463107400241679564393037727994637119
0.87052797096669260143161725453061274277193609385835 4.0667102900790309055594135342529479771733924714530
-0.71819108065844778392588236720673712518810868112469 -3.2709087544625466165380998624595417253422263879332
0.53278537697689624994843166737384190774440902944897 2.3866084104149555339778345701206970875196929033473
-0.21422351239032602662699308475267226014170645350150 -0.95279077744506154554795543644350639942993543776138
0.0 0.0
0.0 0.0
0.0 0.0
0.0 0.0
0.0 0.0
0.0 0.0
0.0 0.0
0.0 0.0
0.0 0.0
0.0 0.0
0.0 0.0
0.0 0.0
0.0 0.0
0.0 0.0
0.0 0.0
0.0 0.0
0.0 0.0
0.0 0.0
0.0 0.0
0.0 0.0
0.0 0.0
0.0 0.0
0.0 0.0
0.26874989959679944005529224890995432973584979994211 -1.0655143777713919226012580647599308929841583872932
-0.67095184793224059840144466507611457679019370023321 2.6730112349284502040826462794196677296541394316519
0.91273072214562171567481811312515847298230964406750 -3.6768994055967507691101973010050243530173717402312
-1.1228147489240472489620928281606316889876631893930 4.5994071867389656235569149213487092150099552607875
1.3310547098142408357600734735753856915876759040354 -5.5680361084499420648656140858522003352735783884303
-1.5613051002437627336718151092195060787613515634414 6.6823047099175602994151806754477880829589014706781
1.8463806136679826446142494621483325519168025435443 -8.0653703771186775494757237900851224532118308652557
-2.2473400818998520918818837590290916767151737056110 9.9146990829248326890097598884106108075355691516346
2.9037355073819265820764434413667894899600603936110 -12.608667681789086510899800864833047009025533693103
-4.2130336915109607623382851894989855509414855673571 17.016836664174414698959290307915285051585226397145
7.7559642389117716092048471684283048768010911783778 -25.734855501394145101185013781624813153277418677185
-26.118654080565577170154702824058612216076266854669 51.722670581521329142067194089757524648844563619657
39.812833199524468612026374072687956876729089873461 0.0
-23.042717618426962693868192201925679925396437738342 -51.783986459830744404914372323591914405354258908474
6.2421037787023926531643036808361702646388005348624 25.795409457191674061653400581654654004801390307330
-3.2298823619538197304100958825780956276140585210865 -17.076113283531221352009796540873388945079882033338
2.1927442569514401022628390574408225512445379767812 12.666139051108067790757159034561676133664905672869
-1.7044255420634437199766980620549483410702647600424 -9.9698168128992378248591019204176225606010373452211
1.4189855935420183581612890141650985617145879945941 8.1175535747282655674278308177897377755540632202063
-1.2191415849020959566772687317210202918373063403007 -6.7309204870325390645728620241603738219208313117202
1.0553479274923693674743131304731265298370791998451 5.6123654429622601342287085484287868353428816495843
-0.90186860969492969939643196452509517204929105646831 -4.6385787377745865677064359981332862528787958686218
0.74040029474477380008655154328656967530396318823797 3.7097399378291447020649579431466649318109985455891
-0.54776590428711175952498958111129139501374169788387 -2.6976003687930544774030065898561923678038533474658
0.22001047776303554968139892639513157258176201000025 1.0754381077087749801997796588399061637960432043123
0.0 0.0
0.0 0.0
0.0 0.0
0.0 0.0
0.0 0.0
0.0 0.0
0.0 0.0
0.0 0.0
0.0 0.0
0.0 0.0
0.0 0.0
0.0 0.0
0.0 0.0
0.0 0.0
0.0 0.0
0.0 0.0
0.0 0.0
0.0 0.0
0.0 0.0
0.0 0.0
0.0 0.0
0.0 0.0
0.0 0.0
-0.24691278441192170085798450507513145351991644715874 0.95309163241703286979931766650833906879184334700162
0.61510620903601164252779896076043495865679387384807 -2.3876328362963230781560451067656458901224041577058
-0.83232390756259359877447460280965834548074451214366 3.2731799546056810655512160321170828308098058545726
1.0146184547312998698033998218915439609548081363592 -4.0712079124328557482655731445326799783584318744637
-1.1859541869788849884979548759750620242371267381829 4.8870408181714795954178245001900702743124605606649
1.3619501872308921375260838545309896768149110346424 -5.7943486046524258344166114340470035857628429474259
-1.5600412314225647474089545446872369917677158187959 6.8739712866382068420252207220544958523122454178547
1.8076177785072880004224330474752192387792346702199 -8.2413614602008099233878395203857981780566364900392
-2.1578839254685510542677364098838951481676276882754 10.091638004893241666590198164539912931466211116236
2.7340251189952522523492773239783707458020208328636 -12.805415815833596192904858974963098252487440898213
-3.8883516986514781346041907414101699112090001918662 17.262374088201604850511865878960272653467335734959
7.0244383499707682791784020588097679248270833177556 -26.092611105726852012261176606327672716025516832541
-23.331457000948855356622590402536085890415840039105 52.432871566289567555891593802327951580291816412604
35.612739480966529817405911988533087983685557492900 0.0
-20.733865978359095518564385471370974326539857949565 -52.486622835443779755718454987845037761251447474826
5.7200064494091270458659565500270114677654497416339 26.134464627637845418280562551370370128596064536376
-3.0111619897720910974491382034457850901259500911364 -17.283280746581217266824440481845513360026092577912
2.0660853964648198017191114536579309065303764670404 12.794433658252600598617551927792406437504555454019
-1.6101985254477607656231125341944796142368843913807 -10.034658133201016803012520373552309794597880814772
1.3335263798513571301563189329560852250434608914269 8.1190640861957859778615838068260731345290190067518
-1.1300947605253639030657194038285160303073250768418 -6.6582064941862764766603730965660162470379643429521
0.95366994456321340525153946838073725332242894926481 5.4409480609315885311374912844072570382692352234706
-0.77714772311801502181674731181635818108747421383076 -4.3190260336417906571344581496988214976375956163078
0.57262797383382202686152728308254238489132671130958 3.1267544203815085365068796782620852105706034919300
-0.22963239435658415152408888005784138970066205088831 -1.2442657725778891486824825963721449157709395834290
0.0 0.0
0.0 0.0
0.0 0.0
0.0 0.0
0.0 0.0
0.0 0.0
0.0 0.0
0.0 0.0
0.0 0.0
0.0 0.0
0.0 0.0
0.0 0.0
0.0 0.0
0.0 0.0
0.0 0.0
0.0 0.0
0.0 0.0
0.0 0.0
0.0 0.0
0.0 0.0
0.0 0.0
0.0 0.0
0.0 0.0
0.23464552316175633952088526709834257773078395186213 -0.87228562662209369158487037058090414471112750782704
-0.58370077340871162224664579338001497667673863520242 2.1828041949784039633761963326459923229498604596772
0.78702591186127706446243066701219347863330403676189 -2.9844449387069200560603758374039548685548883950587
-0.95361963814742072396103328501178840456268579409150 3.6957963093239002991745568629315165794698834324090
1.1043903694774854362848032597054665435517821736041 -4.4077822850902711340947836131247071740893383524565
-1.2510385147682304589667299371558866086970982426924 5.1787698182220678154884742619313726193105563721489
1.4043196749498048198604960336738775654242803959858 -6.0666109310599994113719704135826163817842689708617
-1.5784979503082353442272054365937544252302177520117 7.1461485969124570376130357138215404467994232524684
1.7975841960582797100173455075466345544856711429637 -8.5318122080527517467315756149639209387596734855098
-2.1093540779080075956227196430082732449458281068723 10.422046446430916147865352005942076533269226086726
2.6253468735308944094650077980093825411957487910776 -13.207533621259257650091994394778132511529405269346
-3.6656033935162520313282874696339186016317988611238 17.793973277890173038823495960355616535682834873635
6.5073688838880289662252042941994408902014731711430 -26.891613917347405418582514485150075147257458059960
-21.347477564176158098806337358636362137643832586529 54.039946268027651542568742540465247185902725230824
32.656291641456589003777104310232711475867069022389 0.0
-19.135351975298113916980793632131011804868168524681 -54.085412153167978412980427815044111838240960009609
5.3641771123039887419443920933206377776591832431279 26.911667492574550318149648242052214352139988266700
-2.8602702309108850555789573397402129313946533605818 -17.769011412983065865825168225780836590637400516135
1.9727086263266375646425557169323520724143445916842 13.113382447020640781559405141203726424667240226915
-1.5322473757987036477996682687372979190931327539015 -10.226719028043593425206642612194866197979488036754
1.2532604500485740218576055689114092408965335585976 8.1900307943677263001558907078028823346929989996508
-1.0363818994186475237150537301956093932346938163306 -6.5888978506430344130758134103236510446024270620863
0.83478315666639227693931044998196550367574406229545 5.1777681431691787527973452981304351225724437603088
-0.61126388816085411228052215020883783035960821014906 -3.7263841734091921607527561851772960371220076799875
0.24453362036449208324458954296720884472103115272793 1.4793316927508488760272559582151706616107056824060
0.0 0.0
0.0 0.0
0.0 0.0
0.0 0.0
0.0 0.0
0.0 0.0
0.0 0.0
0.0 0.0
0.0 0.0
0.0 0.0
0.0 0.0
0.0 0.0
0.0 0.0
0.0 0.0
0.0 0.0
0.0 0.0
0.0 0.0
0.0 0.0
0.0 0.0
0.0 0.0
0.0 0.0
0.0 0.0
0.0 0.0
-0.22916147441384908991498294265821078661803660573387 0.81591869232127312257926914328839405234652697568954
0.56950338620917533020827930693453649753994484929782 -2.0399769168794344598391910791525034628869696193292
-0.76605407958707915720881054993673838276450822918230 2.7833215333453914738492408727443836255870825299505
0.92447830474537823008429521371983114946108054651820 -3.4348698832805820433114444060294290584962082430511
-1.0641272791684735458072920166080481212190827206200 4.0760429314937970317865291847516385699449984666557
1.1947393749011725686596213348208471427285177877442 -4.7557241693981396088589880805533575424850880621609
-1.3239072297897744979213484979965991206777315700241 5.5184054393043503847092263280913219257039401034384
1.4601433516138122873254755254584170746582390966183 -6.4169175534971490854361923934073102521894776117037
-1.6159132509724332824538130135595347469537125660558 7.5255285323972619083926218447707846645415112981968
1.8130748512790088582618276562544196948313269871987 -8.9617898750052094454823537182689155636500722283259
-2.0958051848059611292051252482465512901167130124606 10.932347482736888460114393143370121623230487565110
2.5678904832402964693132053300812158456695869394500 -13.846070469726421615749513312946283431998881118045
-3.5280288085394031819287396706876523661863777765371 18.652388183493199017084476809671160940108220910008
6.1706906333238175133994086700339655610242787537823 -28.193621372814419000685547400647661307557865869416
-20.049679349131583867756733382060128927948459706085 56.669726929323879090340571001103536755030937967075
30.785306363786292832635784637862429654708302267341 0.0
-18.171595060597866013642926522460185674330181751353 -56.705239492376551939461303438309966274511509453805
5.1598838612211383739447547326223888689823122806089 28.184590366201379027314497581203713955995550583128
-2.7715739336599996349281376808751863730623585561651 -18.563747098112462095813934409895485652135397783711
1.9088800865441612804612737255873417130511225767712 13.633300659404929377888409053029337435764771486793
-1.4663577670682686180844563096549143701891549257291 -10.534126558955565092832141455112671403155757836651
1.1716388146497561143844490028181420896475809286573 8.2863619687919121477086661487635721190713895930489
-0.92587146125454010179969444242953901600088454660344 -6.4207791894127607809479437234191459808251333669707
0.67118485764185019526034487463008801209236127185412 4.5838296014422786509907090378246932753161946924041
-0.26747424825046679201988558837297591763982244771220 -1.8138289098235259735502306125376197285917613677390
0.0 0.0
0.0 0.0
0.0 0.0
0.0 0.0
0.0 0.0
0.0 0.0
0.0 0.0
0.0 0.0
0.0 0.0
0.0 0.0
0.0 0.0
0.0 0.0
0.0 0.0
0.0 0.0
0.0 0.0
0.0 0.0
0.0 0.0
0.0 0.0
0.0 0.0
0.0 0.0
0.0 0.0
0.0 0.0
0.0 0.0
0.22900388539013915997763865750733337097368613600218 -0.77965964341820830145556544920665799393790708057886
-0.56873583772956597097140548554124716788357033358869 1.9479694760645971638192849138562124181359111534808
0.76379000937795871041034084775813450672360429142742 -2.6533576145813710609300828665033212123787896394905
-0.91925683480960650211467354790297602126616669886610 3.2655566453224823625990085503667373294458536545114
1.0538285945385939297355218248378264968284967388988 -3.8598473265732437299341145726691150258709227501251
-1.1762705170592076452138818158068871260376880676323 4.4791331435635975829329680435830887662812603004205
1.2925970116972460071078484895011579228861751905938 -5.1597999455672975773353699936596429841458142404831
-1.4085761772168549684904657048862020084569619602583 5.9419607442797665624738380693351475386097667551087
1.5315491193893343178430189352705750097120100511690 -6.8780727848750921924443757189893277649397185911154
-1.6729637646689896116694124369596859751260049187117 8.0451856805815425593863427873209168182664596398079
1.8534486333603506057052248255132960094143690659935 -9.5675511502995234141720553934593079139843244759897
-2.1151833534429420945397951498601756568200183688424 11.665238796415006750142620658006605906720282732378
2.5578066779815357959136939806907521918095682983194 -14.774880812689500807477486756418940479778952085120
-3.4690111169654447255994845322604533032011037181536 19.911214757351203492399794894385631391734135012032
6.0021715217425567089566443609021367060217958156463 -30.112436790357425162888654773780814280499489472154
-19.405613043905994441791192641998300217904217918486 60.556045381900082123547609498973938970407698765379
29.979394939130699715165317315699297911006271661759 0.0
-17.850389748189321611125081080599838422155611947733 -60.578181266472978876250055307573288306854273362021
5.1131979820731345656160659155666757844324000046843 30.059368442291810337995699072621739747601543038114
-2.7482506719093200459915341631407423239246571144753 -19.721855488116333463041635410171107792731630329736
1.8747494038127725726487022877802628853105873139252 14.368097235959466610806665866654220025964268143514
-1.4084960543232485697245405346243498280381529616055 -10.921869076478898102146762898551147924838968374738
1.0769796733945095323655686788773623221169196384998 8.2915491191937739390155156274980037297780478991889
-0.76765451209911878550424081898281699859875850614599 -5.8521167297203893872169471988233471929769676655507
0.30397502679437955553395090060774387913014049744226 2.3052109549847733809679887544701732219518116752296
0.0 0.0
0.0 0.0
0.0 0.0
0.0 0.0
0.0 0.0
0.0 0.0
0.0 0.0
0.0 0.0
0.0 0.0
0.0 0.0
0.0 0.0
0.0 0.0
0.0 0.0
0.0 0.0
0.0 0.0
0.0 0.0
0.0 0.0
0.0 0.0
0.0 0.0
0.0 0.0
0.0 0.0
0.0 0.0
0.0 0.0
-0.23358000795110998324831787469661899979894282075687 0.76129896632116579521715938859573800132109092473419
0.57983882180383170486393281965566247393521094387490 -1.9010403065838078374692477343207727205050134123499
-0.77784638640563360113266121040353536270341304410118 2.5859888121232306863495113073689316029828336932758
0.93446017858012628785555242588758640049633396566314 -3.1757440727080089154987607422581232176328021122929
-1.0683368008877648049973133656122642099778643000949 3.7419888925755510004431784176460482028363537642723
1.1878317939820902672391932370081036899719656193225 -4.3239562167227257764952729610237970331709332084850
-1.2981726375155741468001532436177804382976122446705 4.9530505492886903778585774105636757155908133587905
1.4037465004272554645289622680950276428466661672139 -5.6617553910952712921679674667934294989092321306158
-1.5094201499242893065171282087689569643299307745360 6.4899656878684413012114970623772463750229362914416
1.6219539069161802685847037892680774959180693692263 -7.4926968392078293812966610647966875989252760652798
-1.7523625600097168216540022381666446348067184112438 8.7527437591502703570488952423703835207701070795651
1.9209011823489610118870591706361410029246009350520 -10.405037444531740299916914655809101428945075058222
-2.1693916411573508632792405768820810217523344451968 12.689575885837407202879039577712969974898957223838
2.5971679445556836662243148540841623503399137635873 -16.083213705887966562089456840250825210243770712077
-3.4921472926895222344350500813965264299263639330778 21.694455450056157910646564762038913705150963859201
6.0124909733337579599656303655763605755260348164358 -32.841746000808450517340982433246393348267995668567
-19.477261584271554162171518297023974269605946596143 66.099233656575892400516116446001382519266774302444
30.384098949961017812613492446059879143317790935305 0.0
-18.287539219104084516456116557595385735851139251598 -66.100828782595156195028202865932591580523918880212
5.2588626987483434282637506775438533604263300341356 32.713327367422401147110261161666083190259664522612
-2.8058340243025487152752711634013447087005219043974 -21.325183080103074178243246994604302554637643529909
1.8748509664975579708884109168099826221653086922286 15.315144929274208982334252515112402171228612761506
-1.3505250276617188005798724703808798839990028670296 -11.265078316348320533048032044591839530986857292233
0.93451207361206783392695870188705786260840027131339 7.8171107080689037753721486128816899140040111044869
-0.36599719977105233097532540153982154399083734595463 -3.0589869106954482816940803989161795506823855492917
0.0 0.0
0.0 0.0
0.0 0.0
0.0 0.0
0.0 0.0
0.0 0.0
0.0 0.0
0.0 0.0
0.0 0.0
0.0 0.0
0.0 0.0
0.0 0.0
0.0 0.0
0.0 0.0
0.0 0.0
0.0 0.0
0.0 0.0
0.0 0.0
0.0 0.0
0.0 0.0
0.0 0.0
0.0 0.0
0.0 0.0
0.24299820969390930986356670623821544669614739646779 -0.76053528588781529564344029540930612659318904352670
-0.60303095189656274846771715358930625187183096949776 1.8982921798804580852391476941517951703633404791250
0.80834835555515858878591565928220111085550834426037 -2.5795116014887338863003691073786085607462840773939
-0.96988730594300205465836691652331233107256160988602 3.1623323948958925617958892173427612302486312555578
1.1067857815878961887923295458280996890795862227259 -3.7169988268682624544518734091094907464409591158410
-1.2273640972291319636478027548158886957901255412570 4.2807705327128875864009759618281494291662569279887
1.3365062736044716549009373829586647792138910264093 -4.8821132404661960418932905076447926058496506223343
-1.4379019232277915501549638128650342653040669171358 5.5489270764320711987015945910224262300285014473061
1.5351589947206735750124597650899165399485015327098 -6.3136681877288824461007099321368636408586150774625
-1.6327458177765800802758365773558194364884337272944 7.2187433101682272080614143659904460004362885612883
1.7372846286477177058583154422044233516428525882235 -8.3244327157333871250014486306552810099077210126643
-1.8599293933968294401095806407389166442954604247965 9.7227425839741809223035633229844348669758422622270
2.0215345610496962018285290692999101914089865316780 -11.564539609964527551521844472327103676506767525402
-2.2655541466918883981159976651463387390415390448943 14.118794040000257348315013826943157368399823592578
2.6958249382984785283417431752765816328169593069712 -17.920225498253765682799717778079863564741202497753
-3.6147996757990263742322829003190476490201258441934 24.211595504240297832077192037841054102389908934622
6.2447644060837988632717567542076755418989796415521 -36.711599037609417628347682059412756418673938755762
-20.469089561670765267192798715683596098730613289769 73.986104321688518936214367342502493332955538635394
32.413661799207886635915636348530829594789692919326 0.0
-19.784579855617184830790209726934874905606522052514 -73.951026250545633295806459869757145599888569997178
5.6831306460871021663779022140508144522459690084186 36.436679361258744346691464281612485398238021362704
-2.9815187448696600417346066140503130152365863011763 -23.476083136615219282564787306477989591966829176369
1.9168579886263921891434259715851018714897198149131 16.371502028636135403527239647782792874070881375491
-1.2564495431568341145500731760366751596453760599701 -11.059907389091146203069095624370680983315177305000
0.48248762478345230159803242785544161087634372487384 4.2843447192415196529643638344622846540479823335216
0.0 0.0
0.0 0.0
0.0 0.0
0.0 0.0
0.0 0.0
0.0 0.0
0.0 0.0
0.0 0.0
0.0 0.0
0.0 0.0
0.0 0.0
0.0 0.0
0.0 0.0
0.0 0.0
0.0 0.0
0.0 0.0
0.0 0.0
0.0 0.0
0.0 0.0
0.0 0.0
0.0 0.0
0.0 0.0
0.0 0.0
-0.25815267725502548184967076787385049220351017479685 0.77930556432637241647952867521530511718425172330723
0.64050074843572567759020620629143621083292430285042 -1.9444607376953941590885483800737974728697432626818
-0.85812845849905621933743201919273856366761711080920 2.6400325491584979730690412477208987977846621630579
1.0287280624104464995352568958994457663791418404090 -3.2321302720627308979635594597573661517041598400562
-1.1724444933984206635525063677687145603269237982999 3.7916790387078615126272473379591847863037798826540
1.2978691151822176503979655925445805663793413786413 -4.3554043013784792978320446147315673213831280464841
-1.4098337992033995248859055803113643028540889170887 4.9503436531907565681534783312690046071157423324118
1.5117156571207362371034299558414561208788679711950 -5.6018432585346647593563667511768013095162085195294
-1.6064814992038593771400178627153377880361550589161 6.3380591632716646751582818345187347364230941177145
1.6974248609760511367073127964745152793662970581954 -7.1941271409978166948571014837262572984516579653802
-1.7889997053785492668657727868636635149817731588191 8.2176684338952285997543056855729364481454188023783
1.8881500871054364446776998957329593025118646467554 -9.4776192202033028130236712597070920003662554554638
-2.0068902823930210369615852192027732316441157184231 11.080106760586376247927832099127900319943324795447
2.1680182484284578028893999196780183365526668161218 -13.199798192964612477599290609900587698137622066581
-2.4194905459262336360204791863892771133173777119843 16.148469493248473536707516648795782945325633977258
2.8767539246679140717176566597414839674034953283817 -20.545895708474854156035264995589401567508685554032
-3.8783419062714883543469332567120105718281422480001 27.831558231132010648082615603687396608618840002418
6.8014480975804886009714629311720447998786346518175 -42.309147611258104602352604572749905062926086531944
-22.860889919100163929243795217480953516211222203823 85.449692783757727547690671984955928361029100116490
37.032610782828154682016980445285838208713473189689 0.0
-23.040734579556431214119689690788164214183672193280 -85.337136678978420180252726364763115937945370095725
6.5850066369811031092173635063402617382907953752413 41.703302279909034407408544914431365292117116932634
-3.3542137490095327447262137773718204460811265481379 -26.216053052051403594259459556727072184643078958970
1.9836919478641576753092872319611724992656103390347 16.905022747578225159387934287218416282145575214605
-0.73465405170985969765238292882283875514365719062586 -6.4400427609655786454072780832959748208215307873179
0.0 0.0
0.0 0.0
0.0 0.0
0.0 0.0
0.0 0.0
0.0 0.0
0.0 0.0
0.0 0.0
0.0 0.0
0.0 0.0
0.0 0.0
0.0 0.0
0.0 0.0
0.0 0.0
0.0 0.0
0.0 0.0
0.0 0.0
0.0 0.0
0.0 0.0
0.0 0.0
0.0 0.0
0.0 0.0
0.0 0.0
0.28117407414500451468371369499493390247956912680269 -0.82306677202679236368272839229516660131124877813827
-0.69751510773862779495499768837797654636393964539462 2.0530903193049215510598581137336398710719194147124
0.93417900718826157543422986899744095835189493720393 -2.7857053014845938212487974416553284384665895683051
-1.1192338327046849963539284485666391828877977465789 3.4068813232157865342539133463656252363657853614559
1.2744877986184870179815668153208491114349794080018 -3.9906967349078176962350011220095439693654863428162
-1.4091263978798170003766317810771206109062613440859 4.5748164675163992229622637869088710641359911023776
1.5281717136592566511482867851785706094309547888258 -5.1861841964522064748162568679680749544317353383567
-1.6349467572989719166505385723045763900789348483543 5.8491705512484223429058090988417137983568751402095
1.7321344319921275677103283246731289597285899014767 -6.5898357623732573659118153206637867884219572985473
-1.8224365744282789021602156877568975327669625574991 7.4394765828744098089874953744831455509044847732178
1.9092033311010722349108462684216885302825044082159 -8.4388713691577178350467555129178400098411165324223
-1.9973046814913486663889081520040226855816229068640 9.6445703886449582644377527237293624276052771821522
2.0946515550121210015989650258591797396225903025907 -11.139406916097051991145949474061784514935177764156
-2.2152504098036235589312513896224229391065116366093 13.051644145263034381723779824176658151254683123496
2.3860691183412164955021748322043194269694940606668 -15.592911717550013831359179720328972149804267023796
-2.6644688841043929618594903726900447673241129656704 19.141203509748954661823671534676400285188392314029
3.1899187134147072194279316351828710039952242217855 -24.447567315362905877717425810513014075415457845385
-4.3754041613644077289574697985031680252962154474506 33.254388528464068578009467281954123136931420528413
7.9177280759398755445363155008785663411567527556730 -50.763520520382518529648864173733723631952226970847
-27.780685835263900963710668353617943036728322101068 102.89273442970737513999030644479841691311200410630
46.576178945003342469329710937897073141183549622573 0.0
-29.785488168541972304736198399850941253618532087381 -102.58006328587165214199470942254431758911859180580
8.4535570826548799089452374868751522610712056498477 49.242426361077993075470698603464839980406234763259
-4.0541989997780215037884448640517048965234382486633 -28.910848957503599360544659053769547318071970782352
1.4014123035989651898763326645511767563965268828387 10.681051085104201842874864681384727604458173529733
0.0 0.0
0.0 0.0
0.0 0.0
0.0 0.0
0.0 0.0
0.0 0.0
0.0 0.0
0.0 0.0
0.0 0.0
0.0 0.0
0.0 0.0
0.0 0.0
0.0 0.0
0.0 0.0
0.0 0.0
0.0 0.0
0.0 0.0
0.0 0.0
0.0 0.0
0.0 0.0
0.0 0.0
0.0 0.0
0.0 0.0
-0.31677937000226914553028463395816473578311106272568 0.90453787683687413833416587918085560778496237510529
0.78576222661762692061844524569808690343922334633433 -2.2558523064763147495289694024098607542621724072944
-1.0521103781713440278456837076029193482383018691170 3.0593211226721554043225294143210891834489937653238
1.2600191752633297387526507670344983821962644303938 -3.7385512988519017258069956455066282382684621838148
-1.4339603594467730518887033438422432829268623160092 4.3742898363725987789634211853309645971528328016820
1.5841587883357341501089063267320313294419105902050 -5.0070452696922436469691026035218600666222444354074
-1.7161032157702481160878006800160407340886597743909 5.6651784053121066449173260521847806538519391904515
1.8332935032881073838470567819506194238302424263228 -6.3736448687247493766297646473161153122636869132346
-1.9383854550660580688224749394932814003029940682707 7.1583393380538777742070747415498095455282365295653
2.0338484154752365541675829650074898363411275334894 -8.0494192755314966062699200607211016404597274774742
-2.1225166273540393698682407464193121243138658078317 9.0849581029325005038862432242919948578442146154475
2.2082610876383753214625466122909071809428123595275 -10.315990281515827814883024603646226432919216373024
-2.2970529604593447734417215536096711045686676608229 11.814427187495876634479270057671628911861096040350
2.3989305228549841781845417248389062271636757584785 -13.686555239628036977368596641749966840250974694666
-2.5320548832908251757468819480816502415431119599722 16.097783054281055460599324272520005392337519500123
2.7319709057411782257065203595126062608856380311375 -19.321739370632761191398994183076249027147748114390
-3.0754143549259415766095283447218524257714159148337 23.847615928582666752283794066950178690925628710446
3.7517557729343407058266430967986519698053389568740 -30.647067115457280627186826290832504284666257511900
-5.3304281878119258269987079453389208374982577986267 41.971084537421039846360834946053649160621645552231
10.188598991860337066361148677873490936398886758911 -64.525101794145299974967753601842835372300385634389
-38.222257379507544446421550901096161695594172530305 131.63596845324719657476409015435089604003480118404
67.618736420439618932486115672879860982266018063503 0.0
-45.075184285052397173666671645833848505427677167651 -130.64121726547965092291753304249628124602581728689
12.610305686227720925438311797506759331855818525359 59.495965800113398903163417947351384260158002420433
-3.7704717930750839967365769728519379236220589383975 -20.563541822414946640068001674039353116314973718757
0.0 0.0
0.0 0.0
0.0 0.0
0.0 0.0
0.0 0.0
0.0 0.0
0.0 0.0
0.0 0.0
0.0 0.0
0.0 0.0
0.0 0.0
0.0 0.0
0.0 0.0
0.0 0.0
0.0 0.0
0.0 0.0
0.0 0.0
0.0 0.0
0.0 0.0
0.0 0.0
0.0 0.0
0.0 0.0
0.0 0.0
0.37680452458042134821964939930870581486651501214897 -1.0562218760797034113499368742347657135809493364367
-0.93459081861000319729117358040548639757967823372713 2.6337592756529721349966849013044407336014706622997
1.2511867991403627507665526596456216241865317135844 -3.5705915302849508506512327418898800677001803418153
-1.4980417189264665159254836221146458406237716941155 4.3608981689972901204302661688655491659642184681951
1.7041904238994174089935837042682935156686620136712 -5.0984316632411594557141644254882151582538730875606
-1.8817035118479983256112274279829378254176298426863 5.8297888879559708669762890335485847164864256964275
2.0369865517238007610891869122447933688689152282176 -6.5871029753780687452703527650874754857459290799068
-2.1740282196571141970027163603370047137273109146912 7.3980951531546283442060437369465754445216983721574
2.2957305137070537528584148718408050835317854721433 -8.2909018258690237064172756554518666518444103754706
-2.4046369728579507325630733672435061922263872353437 9.2975514348310410148632736464941483669486209349382
2.5034913934307232608404355220759064188798594430169 -10.457538133226533619045693037776766419657471962733
-2.5958532080339219725137634993852632146914175630682 11.822479020030931762622664179546800582527722358146
2.6869943499521932582970261784931849734811429778922 -13.463055489699713035160149296503882576735711802639
-2.7854514071755687922435466174791882512879683515820 15.480244984528558999241672778061511481488589839870
2.9060254038749079017657725412966546905884351120384 -18.024711734136039456168814659772823103101745916196
-3.0761354179218864834579342744008305610746642912878 21.332535996352941408842971599841868149468714625603
3.3506413377698166908338240848883437924438404818799 -25.796222453627234170596923427103841436933813821590
-3.8507283154464291040583003127526541575473633143727 32.119920149565439384579576998120284248007379268159
4.8830022570205817832474436751590574615747069206721 -41.704749037738185050119414909361116064432728630641
-7.3947146559854815785299480896674375318295738521434 57.796027991162609278101113889411874905857255255040
15.456940421732469042426364048841148015819032976697 -90.037512380018393690923272596072981154817063287225
-64.225862337364031495934900511574676166192568166672 186.14554701800278307276243899062561803494764629897
124.71437082797211778811544293924758971242090422913 0.0
-88.744369569126495693662385230494190883030228451067 -181.41778880880898380206375414216520474632349744250
17.522759773991540264712367048505966235929275109979 51.272449530546530975114724654057001059305073059815
0.0 0.0
0.0 0.0
0.0 0.0
0.0 0.0
0.0 0.0
0.0 0.0
0.0 0.0
0.0 0.0
0.0 0.0
0.0 0.0
0.0 0.0
0.0 0.0
0.0 0.0
0.0 0.0
0.0 0.0
0.0 0.0
0.0 0.0
0.0 0.0
0.0 0.0
0.0 0.0
0.0 0.0
0.0 0.0
0.0 0.0
-0.50247127461060909570376778872911642546098499368674 1.3918496758944272518765572995098784989785084328371
1.2462342556427753961125540829725078087788460624699 -3.4703571208558570266376612810099880489151776850175
-1.6682437767177612690252931081147336213712954607590 4.7037586120259183979082327090125713721211017133677
1.9970749838134476910129884583194521552598356327619 -5.7428899176389448955851129735412118047455236672474
-2.2713893544775662146441009384548521826920362602170 6.7108639969813853406147505237427198775172835801340
2.5072136534791672601205926922064909105486153083983 -7.6685221911277871001398987578779445329502703554682
-2.7129975801410094653101503505409753619274919332053 8.6574299321792396842308109046716460684616728263487
2.8939312887738166437646874187119026722777221552597 -9.7130039380204048210475043544956540260702386801399
-3.0536973513096159084352697978651260890780649946673 10.870690084649496133948743102202108149691301579010
3.1954051242915240199884218051219089891909792570507 -12.170248978883845164437448331716611032720153418959
-3.3222711857342178580620152056503609784173690886496 13.659968214894834692200857952089645520950346875019
3.4383207902469539450112874156764745651761516605192 -15.401934193970603174941926733156897324960688638655
-3.5493525597574212559669829270285395269205040146374 17.479610722830951741350318231300515696457753290341
3.6645321960809865095300421888924500929599419056334 -20.009662060365473248989335599459963909135496744310
-3.7993424694675387837913578430401150176457670062576 23.161534521829310716849344994637183165600255085562
3.9815381030609805096591379249637954506194038976636 -27.191752031181819584264860279884599657768019037419
-4.2642260258151661080122570435847974826110472293285 32.507785822484542846205859135849169361871489687736
4.7575036729050547933302037758283431350489914890025 -39.796096760309411769202520015120859672529253771023
-5.7147338973149978421653015009461037210757842050897 50.303991912641736828918073068252006373224271190680
7.8083431329760082418976947567215688702825461863062 -66.542700052788115997095480345525383402624912574341
-13.235583111140456704463861362313967783163119051247 94.384105025830888095494604584186681527586187831452
32.081304655353373445445880508881858725576748088460 -151.36097824198732244311521995390512077380511850178
-158.45092633660662013557775255404947284383234310938 323.91707586928539521346611074814389070861300478697
382.83910529061873769508607831934288212124848809608 0.0
-247.74220850859227344823088949925204271875778157144 -228.69558038222944145919843500454512543611331248877
0.0 0.0
0.0 0.0
0.0 0.0
0.0 0.0
0.0 0.0
0.0 0.0
0.0 0.0
0.0 0.0
0.0 0.0
0.0 0.0
0.0 0.0
0.0 0.0
0.0 0.0
0.0 0.0
0.0 0.0
0.0 0.0
0.0 0.0
0.0 0.0
0.0 0.0
0.0 0.0
0.0 0.0
0.0 0.0
0.0 0.0
0.92318730061235984092858798810636712167604976019308 -2.5442943712742108481909300345137931261956578742658
-2.2896619781582953575674685423413208926438038973085 6.3435564016126942315526712419184117136984022381711
3.0648880129483079936377395199655640967608447223505 -8.5973494504389318039970925981458859593864782446852
-3.6687853022650018527199171828148768088333134621116 10.495111571414811736542872934646493760817697874621
4.1723444986982325230023917240616940507780716535603 -12.261565587383417452035148453934422692057283244074
-4.6049605558604522145522453362776341342130648036966 14.007503936596343821203466861218160932709749222941
4.9820909432402257381519535896396156400143144104080 -15.808322002064174540606587118715772107691843577903
-5.3131783963982973438433740857394042833985364829842 17.727927317089299609899400020392538649323485239642
5.6048545099219156993021730866297464317269920790691 -19.829899384158865050175458287165472448893976792533
-5.8626310964483480274454173628696620506624088282547 22.185110139242250469550599290012853889508841042035
6.0921062833453868558522768385354970656901247221464 -24.879069429842679861263990386757325541373097591326
-6.3001731780042439722641072698864628731738951183845 28.020952664485682690243995206127718481498347731269
6.4966394247015821131279613028921473930944154934127 -31.756367607602871448269883733256094457103568734455
-6.6968472119175523088207817816545881684257348999204 36.286943718547510856662205375602382521644877557364
6.9264313692363420453715601931530894068851157398059 -41.902170453706809039999502798171707419264578273980
-7.2307268672938729462630254768591956167031874410290 49.033884632714118134990714797745301208507873089363
7.6949104471831100421596885875039271890749859441462 -58.354766993645895181509519966039028057072442724226
-8.4910858750139648443787659239942166326905520454570 70.968085453950749752938303969627789319441652657669
10.000653805791130744904885938147450119457604989782 -88.802792281012134436990777110875640044244594963462
-13.178281873615163186454834441660958927726624883502 115.52199104410142105198910727933530639677889495881
20.849478582757124841321513082220784282996832859985 -158.90708627883010069698714934678029200742768781681
-43.713276324431495976319764983093358174620063566586 238.40512148722704306318437215225622638395854125436
142.57642996385040102493563418698580701287284946589 -417.18558628061410561819769280452901677265849012457
-1128.9930275055762890540587696352779960691625940649 1042.1950996046088435997876180047798027737562030894
3894.9970088587549973435891372256381362133563158845 0.0
-3181.1313121211894230780209056478845467752678870950 -1042.2320886095886583093828839057868378154346107855
378.47185335148382034480870932959059730406877146105 417.23551008681590001469745356978532529625542359578
-102.87634145573688196345783908726958460077164637948 -238.46563684300067672232065545274616255834009205321
40.454147185035478080696597013389593361497100400511 158.97703574326539421090051882428710625186342328626
-19.884776942324630921357342909483503365345651010739 -115.60069288848114821509909676507631468229397007828
11.472874377397338935804341803265426092027137069661 88.889777552179040052829704042030521740987255169538
-7.5144373494915693481719720695621670907807209437352 -71.062963005444180972444416347164111945125634411515
5.4583909006415321858408867208930379618759366725914 58.457139713982389698149586673127430071025934166532
-4.3076214137672556711260336566768299215610538606414 -49.143291381767302061164033519650802181264738533575
3.6223321375074425474065832437842716644929818285151 42.018043618111944862432923464155092640145179963455
-3.1897519999848019710904526077661367166438041997018 -36.408577889977316347762450471044896511985193415285
2.8990967367421650052834027439690493342053258739520 31.882897116754252876034842142020533747268733301526
-2.6890891335711909171723445832675643729380427669827 -28.151336563253608372532015715373510286924392171167
2.5240310385078127392475818241418310611470059610976 25.012082712206237439477302776089225753094815173820
-2.3821155077055896960162812952170654151894446130786 -22.319339779816612479017548110191334917546799009445
2.2493614310226238797507627229128993545984581584504 19.963743186960174418720297008853399159032485802181
-2.1162709894199902822627931409748404481065142950738 -17.859592454452634977645821918255506365384230175201
1.9758411947508931014271734396471918009333356915672 15.935818022218767175903644116330148655555911833153
-1.8222127885269324489075585613033683943721854938628 -14.128620714529307664418248900335566062622101753615
1.6494792514525268335664292059307855348815955023810 12.373816780346659731668732087745516146375970771700
-1.4500981810624436165196689471474278195761841044729 -10.595597557721492996281642763465844828669103000262
1.2115530885331377563766176456495081037458799293389 8.6824054860932628989889641492292621576861990318458
-0.90528004792527872051976043313513350129902354237685 -6.4076326709998242493023950126374949945357975567848
0.36504671729897063942422735027899133751280984235440 2.5702219600154588767503404064644338998699044500240
0.0 0.0
0.0 0.0
0.0 0.0
0.0 0.0
0.0 0.0
0.0 0.0
0.0 0.0
0.0 0.0
0.0 0.0
0.0 0.0
0.0 0.0
0.0 0.0
0.0 0.0
0.0 0.0
0.0 0.0
0.0 0.0
0.0 0.0
0.0 0.0
0.0 0.0
0.0 0.0
0.0 0.0
0.0 0.0
0.0 0.0
-2008.1864436416217507319065038313509712553632863651 657.94088521245361420270040188426424298250292096193
3042.5135375810891421417496829311547512491088211744 0.0
-1199.6530019394997201987737477704215378797669866578 -931.99786013395956574288476863508650845107395456266
217.60615536240703248350144551728010638479954381139 435.56528186061138638161680043820064785817592377962
-74.699912291191987987268611764940857419481734745723 -271.65587322698867655792944621821462843690672505282
34.432473534067479041259226684682383452140844536517 191.56902949367977062257196065725524423470226118359
-19.157587804550100978696940923647471309136089359909 -144.86276112909847879505821224229798532815998848264
12.266368846069561646366227571669327154841372079324 114.64359987008286860401646965407717080332346714808
-8.7792533225825632808383452709808895006297491502817 -93.686654317962545390789052331813722101879325534811
6.8612342658308870434568080017079929940708865635386 78.403283758514596847176514673543164008797200879951
-5.7331942793809804205224480963739419719396564055026 -66.818352774886833142555156133971232229100236694235
5.0279457929887169617470028568819125516962174877960 57.759338638567977310252209139235331767809472472494
-4.5578778151066005814025717239517338384221305811115 -50.487963481997189154901497176887838475258009073207
4.2206742195092292528843276203764477796514468258723 44.516450861434058228994393397522361129899202710370
-3.9573785115441789327568918135195865237434465351646 -39.508866158338515443927348616591229531509747173219
3.7322928492871827327722450978084690981425379901941 35.224787232990388471492244000237811265048259116423
-3.5227013558139681238548990107000233595240753903011 -31.485293538575056891615406177351016032866700277178
3.3132776746442855584315262408619350850213146185816 28.151161751831852167076033266361186258486125420657
-3.0927976778341181916956556718525590852779855877500 -25.107689889350310099476729936187797289525738123321
2.8519360231906499410165815887527635181853858169323 22.252554883104971603904143305387049043003989126229
-2.5813553625592258543838976114696275824717612149048 -19.483428738789225528106570263372984332655475508127
2.2691946917074119306382233665297884049480401850680 16.680078313463201922457888646171330337823222978939
-1.8958312008014280828150608255364697942544049375844 -13.666261100579507383003791874128519117602286191853
1.4165444638544536012673983407166531508018614816830 10.084820555006660942778865378710108941155819000250
-0.57120458852519105828885052253910724395806782201503 -4.0450585413827151585463542323479901614682023436487
0.0 0.0
0.0 0.0
0.0 0.0
0.0 0.0
0.0 0.0
0.0 0.0
0.0 0.0
0.0 0.0
0.0 0.0
0.0 0.0
0.0 0.0
0.0 0.0
0.0 0.0
0.0 0.0
0.0 0.0
0.0 0.0
0.0 0.0
0.0 0.0
0.0 0.0
0.0 0.0
0.0 0.0
0.0 0.0
0.0 0.0
133.98876515244019236539331905868396862614764549834 -147.71209610232905429681680943516087051918287612783
-672.77215487256553745410655208132582791241778193311 522.66964504338028497372356543816110607218507040005
905.93517244232957703388352732336302741152976957193 0.0
-432.99008062852315383384594721305263001849855698097 -536.40754462690594857610161081757443484636136346726
88.883079920469090000459215929190727507663927607255 259.50553440840232460680717326622079059353796096623
-33.721766346730518860192710733228599917845562022994 -166.61948109776681695682187858068883006042687177198
16.971545286742281936837557265215941849363203316614 120.26596253765970598598305947035333110246618300647
-10.235812493467829310263184455950175875860838330812 -92.658808603484099160569164638826081694379109017581
7.0519757036854876536878884473831429421030985421137 74.447373586332171348715013093887652991803858510812
-5.3765784253961489851691059952654615400746344156373 -61.594578342881375986334283739553435871220733179523
4.4213240948929553675999262956271626214561760980378 52.071455084489967640902704803784045854367272168002
-3.8379814269221142831819290699445795041149962243915 -44.746930672001329090573660087541888539703548580765
3.4566362983445045894028420849884636133735359941155 38.940606497294349387944278445895168638630507861660
-3.1877395717635384652023791945836771167620836590244 -34.218172875267330292597264310392058070560883558482
2.9810336973458600510342355379430502313533579084138 30.288470772161851480734521409696203587678970654803
-2.8067245390430877633436693059407886653458513425142 -26.947627485157329252936123768304049226245602868030
2.6461883224997982331061285641591017569515043366159 24.046698194030485547797334542532655204976070309997
-2.4870613949981874827089931850565729980546848229095 -21.471665636040603297328491124178274055944622076602
2.3204329414200241521499293192582577319001718602510 19.130014767973601689843112634195113057322509824030
-2.1390212676607852594394725625556733598109105316694 -16.940418200643727494155406451138840347016177613691
1.9356515370166957036010537253989560262412749855433 14.822677614522104741279316698915087715824441823248
-1.7013241750878028562798309526694287299170315286764 -12.683720429527352028785117022022956389422405332817
1.4212606986078732244808514979888412475096323994770 10.388383837012361129676974037075940284701476992903
-1.0618920149113413098980163947212277877540087729362 -7.6643127801893662641437367179294888470839209048557
0.42818570552931109042883627785887960124947378075202 3.0739073591255397572678232917937113243467115890122
0.0 0.0
0.0 0.0
0.0 0.0
0.0 0.0
0.0 0.0
0.0 0.0
0.0 0.0
0.0 0.0
0.0 0.0
0.0 0.0
0.0 0.0
0.0 0.0
0.0 0.0
0.0 0.0
0.0 0.0
0.0 0.0
0.0 0.0
0.0 0.0
0.0 0.0
0.0 0.0
0.0 0.0
0.0 0.0
0.0 0.0
-25.612755861940038935178048294846097331306979313575 59.369939205601792611967236753490668468095736887739
85.820203506065287587061945450354655850814748032862 -171.77961288457220690494403998829962255266883292141
-304.49765198826594653395277580723893863380797377140 377.22535724280096975355178942545820582248602984501
429.60818211003231578590704126146464615832578573825 0.0
-220.40939400069354056223356509157692660211890823995 -380.21952404430842251346310624287313906293437439302
48.185280134002230089691592771174675721367535619289 186.42029677558022593052054155483167902917447820509
-19.462719295553828475597012886942370986718323705649 -121.29534456345576010121363099213650555155158592314
10.435546011996736388696960665319795919286455274584 88.600854019911498831268155467415835841260393560839
-6.6959508320884380039449742150881470479540625737088 -68.972343851118029706778929397027174765939102881534
4.8807860241856954632382933831756034662263601393835 55.909162235491554052718274558120336396908160809038
-3.9006001289844872972169653696557194714135310666761 -46.605185566305990102277542106709852061172621496146
3.3254477812617773859867521673329700657104746866200 39.647552597585041895206201614213278760789926759392
-2.9613116603061306607058340137039086599992478995635 -34.245899491480125836182186315378194928977125466438
2.7116017257373820989415854531525248358610900638352 29.922374000131174255432082147253045175444530266850
-2.5244067999470071628361832631070013154369024370093 -26.369852771380971734981947255769275508162614209629
2.3699913778741682642598968007934460682674648112256 23.380479291769069825879466796409874955757006765338
-2.2302937586690393441643211580877238645215431090944 -20.806685644485154843351979448161611043022314093158
2.0936280366824477561340967720656024373828441267419 18.538332014455698314184613482412947732346735834628
-1.9517817181789621031913206643186187343867790016939 -16.488131483547882243869100742295156650743659103782
1.7982174739033728624524010991439408748640486331091 14.581084952597995062222400590081915322936644861220
-1.6266579941212254178588404048060465499287884874132 -12.744848010737053036184137674061340366253571273578
1.4293906681976778473291720377289097628162488358001 10.897104659595781373552024220647031860583290007931
-1.1939058016458508079340526591095296856820469470869 -8.9201048409789322428446499480384726295201488515061
0.89194385627120085924014655942518825312773726094734 6.5787728182396390959184032814493914430926301568694
-0.35964458914145320244344897953597176099483612853601 -2.6381498645992086121346149768810540403681278026309
0.0 0.0
0.0 0.0
0.0 0.0
0.0 0.0
0.0 0.0
0.0 0.0
0.0 0.0
0.0 0.0
0.0 0.0
0.0 0.0
0.0 0.0
0.0 0.0
0.0 0.0
0.0 0.0
0.0 0.0
0.0 0.0
0.0 0.0
0.0 0.0
0.0 0.0
0.0 0.0
0.0 0.0
0.0 0.0
0.0 0.0
7.8698669430794655380029002535683393624589760477277 -30.927066947724354147073933146285729198696667486371
-23.019823892891685085784096520566318274990123067732 83.714560959295094447304336599294355406579988611548
48.841459907676082893493907732136695851311427363509 -142.59889695506792061612609197282846180535384411882
-172.22398795953910118607835998244776861570623622567 297.09678676754863209365223075495318181255040122441
249.55548423246147773249055064057198222196720126340 0.0
-132.76262897079711497036359146584674943210061464356 -298.12973392840285787332121685767312027117574654845
30.274825586282274745143484750838648104788299447450 147.13018301012341797302566818060372733563622120771
-12.835885931845035863439145432119251348391987530131 -96.417101891778427967312312282871478127679726768923
7.2520318825838304696451484249022082859960649282979 70.912338173149069679984070601273743966249339740071
-4.8976535919286087155187838250727326013516800548466 -55.547199610114703928284736830952595459322545286131
3.7338746471207165593726227687105935927902655087104 45.274283157766115612001962392991075992818526939571
-3.0918169432926321085503804386316789008497599811838 -37.917847572982804905680642585944608348819047672639
2.7041590948575494855175151438598945310158146061147 32.382787799242711464238744491625748331904439661556
-2.4487393000931739185723654454164195549034812377005 -28.055906432762702193121168695444926050394916895866
2.2639486875195582572145371890692838142836833005164 24.565492618539230229187774333179451281391937952365
-2.1162005463284863985433849265025476071675180097237 -21.671432337442441760990457304258436934267411707447
1.9859056080345208893703752639655350986156184552329 19.209746330007165833226356604598351634724708757999
-1.8608355306484329290313629292984963285546531539541 -17.062141309916457800427452587926654639737950309146
1.7326894994864772631255169012574305822493129751037 15.137783216280201488288588467421473138303125720898
-1.5950940568026068951288160609995569889747400415742 -13.360986520617025321879713156221497228346561410511
1.4421468404544946733854598817391316543724874892341 11.660908540339191471823138599637596722574254490690
-1.2668091538873193187895633442579396086950425649802 -9.9591292091946243237726400981471239083088186230648
1.0578702941883742559269781515339097940203586195658 8.1458548516354720218170196567625109647033576599799
-0.79021137592655469713901539998707796279105926976962 -6.0048048488659468040409402245327644891362944370032
0.31860785772137364695701871815185066594214486020867 2.4074894665249823005770279936863525065440897433987
0.0 0.0
0.0 0.0
0.0 0.0
0.0 0.0
0.0 0.0
0.0 0.0
0.0 0.0
0.0 0.0
0.0 0.0
0.0 0.0
0.0 0.0
0.0 0.0
0.0 0.0
0.0 0.0
0.0 0.0
0.0 0.0
0.0 0.0
0.0 0.0
0.0 0.0
0.0 0.0
0.0 0.0
0.0 0.0
0.0 0.0
-3.2190659034963736922467151166590226153310981133639 18.714127393895822561174681494642526413212352578954
8.8298826576104678365244985730428517604215104279127 -49.126068436178711409829622349454871207635144656730
-15.420010219129273835010667809885485642976474670442 76.190377301593639577680468504187642730255407356924
31.331611579940686675250840961081232556235963983092 -121.21644437775343404083592669134947189907700249555
-110.47923251830367015003100101031222118994166063521 248.09047885411325902048244524513637424872588765437
162.58699774078761687364434659751859553542296872491 0.0
-88.406643170730186564920182744778721318364048264142 -248.55167504176655952919122433941891414041904881455
20.852332240499574274140900787263114894009403025362 123.11062960781482850441403942737821990954817261372
-9.2240556476101885620225700877039911122474009615406 -81.017693399752555658826044363341926324675488187263
5.4578163642715452117882597067115151127844317381667 59.837609797750043853639748673000307130993319086476
-3.8499676605445588846417614350803693199402071086574 -47.055673848670738497715524177542930269324014682015
3.0428032632756020923226938015591896392237438209784 38.485935917973757117119337604787943403748751557742
-2.5876400695668032865670428462797076204623404845643 -32.326036933480233376674686677762290295901538535137
2.3037779072762406216716433516139569422895017961856 27.669230268110672398352906548359771320222304026073
-2.1079536916569783909883672408487473935971929551447 -24.007458172588005407005972652390888625258544757965
1.9577697596901048476444064558716951963626641428108 21.031965153252431805945017909256170709070295436124
-1.8298112655230918756856739587689702365511288272620 -18.542141514075176208361149308935248516941549831355
1.7101323190091988642883761901410958075398174485691 16.399356943889798627562935420650895081181344772387
-1.5896786459380067919609442587158522765055038016718 -14.501280689239826117425359453981626562243010810258
1.4618120861187380933079399374087129333849758167255 12.765858837821778182272466046422700580757634200293
-1.3206696717338485479510973416772237566026658607601 -11.119160097011537617857397429846963358638208963742
1.1595375582412020710564670985547583044815754121959 9.4822194935062588642562660506291365523660078750054
-0.96799163360012300733050483835607286959290239488429 -7.7476071128922204088328015599831865897778744745687
0.72294452579145219757400895528634577743133037873345 5.7075122045682167530206026382905219096607676874069
-0.29146540268100814657338074056560761357731326820517 -2.2876729591688498604778522468636197285519978542828
0.0 0.0
0.0 0.0
0.0 0.0
0.0 0.0
0.0 0.0
0.0 0.0
0.0 0.0
0.0 0.0
0.0 0.0
0.0 0.0
0.0 0.0
0.0 0.0
0.0 0.0
0.0 0.0
0.0 0.0
0.0 0.0
0.0 0.0
0.0 0.0
0.0 0.0
0.0 0.0
0.0 0.0
0.0 0.0
0.0 0.0
1.6136811560076523093739314651673630718817008193530 -12.502512821046258075857523250953902479327203104287
-4.2683878929194995987016794303528091725668722528904 32.276007921596180874973388817784652097998416563245
6.7426726990910595242596412710405703188648012387194 -47.780800659681272760447002647003664900009640688747
-10.995328514224200810630781299382894176561713793370 68.524965112449022711279787930947806739825047207370
21.888842661893556626713686812298910444590038828172 -106.37582097858328545302665955717787039196074818025
-76.810615532327862257562742634964065806018274677319 215.94991583019448596213949581426874176094283085015
114.06619574717377660912175748995368366000692339595 0.0
-62.937021441053719052885005940517324225164049661419 -216.19398760470494807458210116826516615190066813932
15.301934859791405955104147158666137306320879985675 107.31930799168969074342436083129217896659746988850
-7.0423143932130204971945554647290682289419463704912 -70.811667086183550435625196266958441739629029934888
4.3452797071813070157231958871022655290499923455675 52.439241127976049589952117783915662058672734871607
-3.1815491957610054175427207061875986913341796185022 -41.339451985598451454320652354023010710465075950815
2.5878960293516702421894785892380750805749110007099 33.882018658177271080246704573737911363966752612822
-2.2445426661171140731011304062565693856141528513021 -28.504871088557136886734311813891410217316201543690
2.0220425676884510499620468946677653285939970865956 24.422198225853528612877897529765854516044700565037
-1.8603753317441180483608867164436479921945203481286 -21.193171363478355394914816895590513571497265654007
1.7287046747682807111848435035694992041215559920646 18.548894473646886348773430949265809638898731864254
-1.6097357823117735217086816949493389978332499310056 -16.313142272771006543856162820576707650868078718745
1.4928441026892638092965283016140882256537499608204 14.361892207559010667739625201603357918204929956386
-1.3706690912313691195653512224146638112197564687773 -12.600169072359806974438594729538032816003173639344
1.2370844762511863253326950977618320427526861741543 10.946259833365525559435564449955686615567684667280
-1.0854384098460225974899805160376303511934903793256 -9.3166894545588738136708698892317460550522548455603
0.90575697362490173766552653725611342800301924611718 7.6020160308144497652421069730414503734895107395434
-0.67630342291579197607623830595307247444105336791915 -5.5955623322038510108102853417344013948043658045999
0.27263530771430497649887518684966598538299094060264 2.2420151759335437502656808682708241588473924676524
0.0 0.0
0.0 0.0
0.0 0.0
0.0 0.0
0.0 0.0
0.0 0.0
0.0 0.0
0.0 0.0
0.0 0.0
0.0 0.0
0.0 0.0
0.0 0.0
0.0 0.0
0.0 0.0
0.0 0.0
0.0 0.0
0.0 0.0
0.0 0.0
0.0 0.0
0.0 0.0
0.0 0.0
0.0 0.0
0.0 0.0
-0.94846926940554733224626973669484392858737786448811 8.9695386984798627435061586963511491456502071921015
2.4525641819297924429796473497952201423176440472318 -22.922088048815693639243640064366385498615341028304
-3.6493399389079952564847422149310042384381197029884 33.035334629675830061533911969376744740539443210273
5.2905542852262813064250287183410809219117071825424 -44.918361470581149360634572081130112567614819295531
-8.3281455328797476588491153145505934178334426750565 62.557088827121254237718017327690957485878149600713
16.258193490669267474309146533145630292892295878503 -95.987173704940810756220689933896342066332812582744
-56.479064255300553082010711510786064771281490222560 194.01035889459705674122295672998036466752890259558
84.292927527227070248099819476443572011820076755578 0.0
-47.005006606849887793568453569297147858920148900974 -194.15596852832801327541615570138144972938388214069
11.767097840308711327299461618487448471263128334709 96.513364771580221632893246564545786167771733628008
-5.6258367537145034970202379391478958254864262618847 -63.788376515845411704235608794233265777225504877808
3.6067068779329930881086676233532363093394604001725 47.317291558341432689031975353570581912014529814692
-2.7258210301848657303613008220125349854980180885783 -37.356660098279425866694852343165901288686006532682
2.2679215590331964315586177516313083187538918593061 30.651661603288371794791248090590866602503709600886
-1.9948217704477560974912852315117428385460712356616 -25.802065963212748302039433638810538545181301449249
1.8097284209807461158596811902931154955966854955119 22.103078040602102220978192157777379417564203468053
-1.6674988165780305662552547468109274982832749692181 -19.158389841318922093207932237984177459422545561021
1.5446884679972292293337006225072632248764434989727 16.724768668975825560947758743618354027538241352775
-1.4278389251949569665427494042447014309679737429486 -14.640538898924560467995960197685649629747559519957
1.3082363428550817765236757167861383268430641012968 12.788401757424746977887488419448464747111523812527
-1.1791320603353474038137844301086054362637049917424 -11.072774233288832951663718371895381264539926972955
1.0336806994886995616425857011274784532470503647228 9.4011346503595590619646415680957859461159596460427
-0.86209080378984805438729051150917224780796474008169 -7.6577053349660509199994317070918226395655032687201
0.64349614119235047320941392839256313480146746983322 5.6305749495006711083420659292946123859105761811277
-0.25937711365367422033833620485825770944275883433529 -2.2550447791694253364181187839509446321302310159152
0.0 0.0
0.0 0.0
0.0 0.0
0.0 0.0
0.0 0.0
0.0 0.0
0.0 0.0
0.0 0.0
0.0 0.0
0.0 0.0
0.0 0.0
0.0 0.0
0.0 0.0
0.0 0.0
0.0 0.0
0.0 0.0
0.0 0.0
0.0 0.0
0.0 0.0
0.0 0.0
0.0 0.0
0.0 0.0
0.0 0.0
0.63449006119845609510193933334076699322628367509366 -6.7951297057622037032489151109698324667322830983416
-1.6165730538017479897962449609728676714864794236024 17.251048045473815793024903710780561499624439826473
2.3154542207399806556781437370066478621954533586497 -24.444140569484718802594272461667844876033338243468
-3.1263071702159963380535682084100179278746777188688 32.202854909718597270285911130892732590702679468976
4.3332680481475592280030107445569364665386086065834 -42.371872352505376771951065468079336101912741742786
-6.6232776205475037649296336708994904398989113948062 58.174266945363218416528904381549200562350797842879
12.646229207352147204220399999972944939808460715131 -88.693657349409723168273401639793137612836016150229
-43.288995773269249469885486820777537418663936523749 178.80684437033951971361813601071806054892267003744
64.752847433474018610667903539907632339428058114574 0.0
-36.407495142448610780259666120559074814503644373333 -178.90133362926774018365455165058419418515704229331
9.3844937812595279285561406728476874196978064944903 89.008938104571307056484739372547001190860093911054
-4.6558288752854768543692468157464238121888449869852 -58.889762437890794167141372990118040488614873286162
3.0903585775687435978187556980623958707021367846520 43.726025747910691522102512670736704125113317040685
-2.3984849085422278938832375430504468755295026444142 -34.546112802894676539696869624097277670767954225588
2.0303798278899114335844574993774289303662666088181 28.353477677562416785645821216515940986285700965497
-1.8025257612661683286520634204767044477010220488571 -23.858659691550027853992768704309311346410532376214
1.6400780677973232782359130271789552641703159131645 20.411684519334313552987499319259414758861870549425
-1.5078824049844659542966029913180295764055949831000 -17.645516201034003835097871407485697974625255740320
1.3873783378493733159886473216237960821405779969615 15.332494978316861681416227667216388080543518732556
-1.2674719636522922976103827520065863773222064851091 -13.317561344969080901384871351505760995606287102357
1.1402729932231054826322138050655233681255199493966 11.482062395289383733161347106646304004800937514153
-0.99843155024130572798999815505584479669265200302469 -9.7182459313110823288507016517863260105537424533706
0.83207935415759130991529124348581980582343194873742 7.8988475255756502428871337769203852669100771956182
-0.62083483821789354417510908931843425497525919825337 -5.8001540840814789506956413389936428453965177014675
0.25020119332481331609699889829955740881559819106297 2.3216725318514268607418272136703704051822323130804
0.0 0.0
0.0 0.0
0.0 0.0
0.0 0.0
0.0 0.0
0.0 0.0
0.0 0.0
0.0 0.0
0.0 0.0
0.0 0.0
0.0 0.0
0.0 0.0
0.0 0.0
0.0 0.0
0.0 0.0
0.0 0.0
0.0 0.0
0.0 0.0
0.0 0.0
0.0 0.0
0.0 0.0
0.0 0.0
0.0 0.0
-0.47133547866798377523253059081939493905422553113802 5.3772081020667448555973589099631020469044404136816
1.1892479667138051278581686628421091270993263373639 -13.589529548326480504041433194831314631691883055953
-1.6617427455839385909569180637108270966016130878996 19.037078162036329086850476968952583242573302998912
2.1450705184303282779514730470388069928880560749736 -24.571676575700740139377953344274133288137381188384
-2.7547128140923668861539355772583141651209642767495 31.242834896510983559515898255014071556951855669804
3.6889466887754270484416575788808056975823247020930 -40.444334839233445819075399435203420916032897925987
-5.4785108314250329512523677293499004366529779957057 55.087356721363767043967218256403952716040687763357
10.200822072798863323647958525930605404142008450450 -83.666820404052564190413915640494983383161710898488
-34.270718933607335194455693586337810346016948205642 168.40151451418414880916532177880569268233435366106
51.278901306472572333094459630677929011749606310748 0.0
-29.029610551407368144587601296544941060828192723003 -168.46616153793077928496476456260129923532144864077
7.7088260581696205154403313348135614586293138173883 83.862314121113535076516569231347222259648253885392
-3.9639252339558815813581837617909891098011930660300 -55.516809370628187942023458722484254611112622056617
2.7142309910392958127690453821568067707855432494665 41.238820173971744533424779340143667242265487651355
-2.1529127545487895875024903906495211502244646929379 -32.583161653355621062370815806601580149307267434731
1.8455115404056870238136988910050565443261685228922 26.728777623134868793407034446862774257081150837939
-1.6467210403046131305366159224324210778389215242593 -22.460714809344912370173268442510493274734787340973
1.4970262168911733470986099439475028231182440109602 19.164859936587891863896613998393178170047628640163
-1.3681682748121462196598743962021864926730558386419 -16.491808442478515404166498936115559149169560865989
1.2447868408499918845138965675101068303798277604958 14.220740119026000741973589477687593447122263942614
-1.1169865865855914068497025974569799392971085104270 -12.194483795230836545299218205222195661640295337338
0.97646123065382315086222280789466963651066460259016 10.280539868751048701116514820661204655694451980571
-0.81296056671935100570721136586736274361885084731230 -8.3330952459144431332920624059926042988544225040017
0.60623044031586314613504201385064949909863435623451 6.1088251654727352117520255795539125292124777513961
-0.24426123176371027289261237386470488538996194306549 -2.4435310694789711885235261943006590340335253299799
0.0 0.0
0.0 0.0
0.0 0.0
0.0 0.0
0.0 0.0
0.0 0.0
0.0 0.0
0.0 0.0
0.0 0.0
0.0 0.0
0.0 0.0
0.0 0.0
0.0 0.0
0.0 0.0
0.0 0.0
0.0 0.0
0.0 0.0
0.0 0.0
0.0 0.0
0.0 0.0
0.0 0.0
0.0 0.0
0.0 0.0
0.38035714086379545118531658734691734071215820294828 -4.4120368670203063893396518227350863736144698703832
-0.95362478390936648989762387828311088628711805038189 11.114159772204886372209761822258596187395184444733
1.3113567572552676382328287137393108552330617144998 -15.444299720989648850811870588765200650419942170708
-1.6451061932679332104660582753673093517066264727878 19.656072624263657828511084930487210159425415025310
2.0153881444352334449622991563540411336646762434796 -24.437149649447142923799405131775920084331036946031
-2.4971880171561929957638025278777199927899315317685 30.521519980115843711580935824507150353155774431182
3.2439604698135700383218433019316675229211623560740 -39.148417765843580358320565647941420665132292055754
-4.6801916224235089744957212611092671681042796660331 53.066208360976983467894492952222942055515993989323
8.4772300070172059632030190791213450685721364062288 -80.403829826134553987132445857139209137716771860275
-27.858126780493737268610905007330211260250975342427 161.66774535386550047318899056323296225772489993750
41.638156066508705681753012129764139093924138902053 0.0
-23.714749464803387453886505204147206772651442560268 -161.71283465570629784410489648287901472427281592261
6.4919045598433465499015891829521234426712249788669 80.523128068369029279195706680928230588152883764812
-3.4544659652452233802242054262129869689310852109759 -53.317093645983905301464866803584329046900641937755
2.4307677726629562404209926257002978832158174052575 39.601851363984907631618703733946535774741173925494
-1.9614237784636795498238691105004266759060678011388 -31.271696796718391992845352821609658983345764205589
1.6951419704785035676027589708808340462830480396015 25.617815245755012833321116117148461270442591718607
-1.5141563973881417755656215946470733951456612492203 -21.471658826327803627733316645808515696481910410356
1.3699175480109950050473631418015242880574558978062 18.239599938456245933012650393965126702265769773401
-1.2389230678724747383943996620719931010508128834772 -15.579257381919801466096950711917953671409400830122
1.1076667355245280082840039578674710796979602358026 13.266596117037919376140810056591984682655913973690
-0.96613362165532485486163270539422348486437035491834 -11.128290211075229132565032446034485504870986482740
0.80326396844089971192779034624549126101699016129400 8.9892070543616061671112295490819690178342020241294
-0.59854377091907483522983327877929628924985349076844 -6.5760046297756524850101847526983336003198197964426
0.24109165190740188563533708568444421986890141398605 2.6281164507176664848215618883851592191269045794628
0.0 0.0
0.0 0.0
0.0 0.0
0.0 0.0
0.0 0.0
0.0 0.0
0.0 0.0
0.0 0.0
0.0 0.0
0.0 0.0
0.0 0.0
0.0 0.0
0.0 0.0
0.0 0.0
0.0 0.0
0.0 0.0
0.0 0.0
0.0 0.0
0.0 0.0
0.0 0.0
0.0 0.0
0.0 0.0
0.0 0.0
-0.32715287299288961916699070473484927597497815948173 3.7341996676695337343209114410850506503879972019019
0.81688697687620563881197797552555050003635309796840 -9.3841209649920129042232725376003426447148219392986
-1.1118901709538274141137951723155009890169075606212 12.963500043420166532374691511554737563946993993532
1.3699450708771264472294858589529896894959390853977 -16.333129498967644458742524057541584068702821302329
-1.6300587351660323056018329227025148409711406301282 19.990937299545281864199422076188290294033154166335
1.9277847885782031404105575941614342367178992418723 -24.382976951653582572771662541492065065060007008332
-2.3199945996805296313789961674777688616636225043733 30.144844369568381073464091085050616221907958494176
2.9307439145381911539736596940466004452144839178592 -38.449164010387549237166598680262473511843821501927
-4.1080019425595228763570903635157131810159090018207 51.960513363346216667680711758014880309823355151716
7.2258586577222788354141730869757607693690520808699 -78.608237360145659256509850081287537238164142473750
-23.163759961812555941722447207424663358066068410762 157.95559174127330541015297646524201314332758877524
34.549569314538625397313796439599464379627588667588 0.0
-19.789129819429196006948382645438569801693823623449 -157.98613501685572399356348700184467183842775543640
5.5869670053654539185438754473900535908753951978301 78.672467925490685721878431821013728591394645051245
-3.0699336316216833333341152459755712481911135924410 -52.084216070843764011550960088251340045587101485106
2.2107803182277568377914270129881702074761643632334 38.663762981132863975760465781713355722166623812384
-1.8065502826770435998761888805028370368206766664389 -30.491206292085671177607963471125352921102189820600
1.5673441438440910831772558025639589844775779606046 24.917519357689288630899569817961947420806572231990
-1.3956391690906381096414315686931696327894207877132 -20.796454671995428476340337529822597853158311351608
1.2507613370555675135573143726231561752518927928705 17.540312065764904615393050531757929355690791921897
-1.1122611524677586712150242128300418165721717939364 -14.801236642022513440851701333858966899321640560715
0.96701144822050009976668204713224869081427849795711 12.335491342605239667268647732013221278985666722492
-0.80244868515493632708571840822793160678098642777733 -9.9206589915742544478440511579048884566442315358300
0.59730342311855138492440834140076652103982296432245 7.2381527687345782160902894649068170527846703186415
-0.24049213249042101350182941337659074300023184254773 -2.8895714424125917381542634040010939595637688753224
0.0 0.0
0.0 0.0
0.0 0.0
0.0 0.0
0.0 0.0
0.0 0.0
0.0 0.0
0.0 0.0
0.0 0.0
0.0 0.0
0.0 0.0
0.0 0.0
0.0 0.0
0.0 0.0
0.0 0.0
0.0 0.0
0.0 0.0
0.0 0.0
0.0 0.0
0.0 0.0
0.0 0.0
0.0 0.0
0.0 0.0
0.29535172608853824458514987743183823172339175075369 -3.2481388346904726646466867861171135796079670669436
-0.73555821522479692054800458661053982780188816516506 8.1478349827778373341395621555213694980352396426837
0.99470819204280646609530634498404926482775919270116 -11.205847807744556330912451656128443725309456045425
-1.2117697987486467548574583148000657635872905038953 14.013434415230484180345937076681428166512480756311
1.4161351603018043719316434114913821635007922159108 -16.958471296421867875492528090714577481151115902007
-1.6284391293753845792708970896458871965480692572030 20.343240182134643918957714185379876472335307725360
1.8744684768806264846571600315012631835858928821987 -24.541471213488234043089660106958984694212299367549
-2.2001249586865356162659212504514829621366739034175 30.152133740717335042170985811819297312128820952364
2.7084791137081249810373868209492414216634712896866 -38.322746209228647052645437263891632573902105296575
-3.6907077462149596311285165733805244354460793554859 51.690258089160821804085851496347144987786442979509
6.2986231851740835995911522236673951311924563173125 -78.125739021402042222499588426643333346571027162780
-19.656658092607163207950335954370529906303450998857 156.92854954894527215191333988585676134708139802719
29.239558096616471954698456345757996055859253847711 0.0
-16.841271738769666680544770315305125954234355783772 -156.94660656464215359515423165819407618118570438826
4.9033078292816959713209954559829640131105264170340 78.143571657262309212401888904021442637211421117689
-2.7742082205806937089152863997078493004109599544198 -51.707714560073341813964266493806011762497572344164
2.0354831628867366195999649296578475802991886231795 38.339671049034044796344254855103511579539884286109
-1.6765944423756516449912849162142776522906326211169 -30.168365453330207791742669978280415671087155514820
1.4536137313540318195876561219418863489256180775604 24.556838730750155215516970519164557125298629502984
-1.2839758446326581187563538462953941787668621310425 -20.357557123760292351343040740149712773329901945809
1.1324420817552103914139173894517702997381547390762 16.971525916386405234126054942467057036895184175219
-0.97984090132072626343575961064959793172191652040275 -14.024970110900569498778877594817898584590454372428
0.81082494037408481624284028348652277486112165016696 11.215519071083912602447397582033159803999485544326
-0.60262399577627512239936953777449982336870951418233 -8.1550762779921912926022529233916379619694267376576
0.24249128520330130455795208920563243175118151355594 3.2510612905402720547487703964468964777150758696310
0.0 0.0
0.0 0.0
0.0 0.0
0.0 0.0
0.0 0.0
0.0 0.0
0.0 0.0
0.0 0.0
0.0 0.0
0.0 0.0
0.0 0.0
0.0 0.0
0.0 0.0
0.0 0.0
0.0 0.0
0.0 0.0
0.0 0.0
0.0 0.0
0.0 0.0
0.0 0.0
0.0 0.0
0.0 0.0
0.0 0.0
-0.27664737490948128036287386088365178625632893062751 2.8961454877751563456013690802273738620704571387672
0.68782942835336371716764805561246587145714527680523 -7.2546999260940799609272848924862304613773837738835
-0.92633781192567575082699642825699231459031558804379 9.9435937835516900559285406943487050330727236784394
1.1204860625547994077654892331885537968363632961409 -12.364501286257929485676337368975069073457572393925
-1.2949695831995637350839042650083101246090608833102 14.836836840139850431710433389750372886428082771477
1.4640395890135266467392469188197268533640678217221 -17.583660465751683775331691272023443090205564489374
-1.6417375512488555159977441515854415687390059449401 20.849466559951026784522411186581970632594195264920
1.8485133397781692146393870164576390820984870537315 -24.983229748121772181204178919579833931805390901974
-2.1227466135224607886810953855218554625659693542697 30.574569680023692705784159370250933413661880795648
2.5519699520964530101632301102525786540711193445906 -38.773498015210480945125037926017703289089936690691
-3.3845346826156780667759206347337763146990685436621 52.237756700054968807708164982936746732101873469318
5.6040711727749998247475724082288367008485908865414 -78.913319009921191221662964775005277953958285981068
-17.006675808012693834104948311225072281003217408399 158.48803453886785069706002094889247281555292104936
25.224227434868754853352437931977783585051968863981 0.0
-14.611958967213046502802368911986919219089548585454 -158.49356327807544193560489992988227187624012893191
4.3832561373073930652194038793481273495373984860427 78.884596182793140308343942379962744423908990381673
-2.5439139523630971099575824522916334595043507289170 -52.148605526931486666192386545736300675943130132659
1.8922738360749861533085617692852451681882742138072 38.592075816917855660203805567817139164139125275961
-1.5631667410405582513771535058586097106486280297410 -30.259546793120954961304489014553646029841878721302
1.3471551063515994398263293226876235539145223650659 24.477653003206906650986244872816187059835260092624
-1.1724734833063288681291297266914884267153459163539 -20.069883856517906744400582371628596689969829607548
1.0069320208231693759396565119207971828591538423984 16.398505754861809972919981016768616105424515332668
-0.82972833452486584984014082460128392795429388422147 -13.015907231623120657940313392608054735779488004984
0.61528757826561300242158362823471675764545690503727 9.4222996876104289340561153376516259839627424773520
-0.24737257739234448020383305325255561916219212859538 -3.7494332161398759623033916320137535315991758875387
0.0 0.0
0.0 0.0
0.0 0.0
0.0 0.0
0.0 0.0
0.0 0.0
0.0 0.0
0.0 0.0
0.0 0.0
0.0 0.0
0.0 0.0
0.0 0.0
0.0 0.0
0.0 0.0
0.0 0.0
0.0 0.0
0.0 0.0
0.0 0.0
0.0 0.0
0.0 0.0
0.0 0.0
0.0 0.0
0.0 0.0
0.26664366845112065043131279256274332765466334098334 -2.6423262583681903240785994134664958763420078589807
-0.66224965563159294257834436154817981073836657690704 6.6116326581924139470105617441179011553440453161061
0.88954653429013497803656749278052199411104647924459 -9.0381414434573871954000073606649928258565136562804
-1.0711619252915025060015130042007693758583113313638 11.189314758952027182290185797862818193295370360637
1.2294158964028326760988194990166615754740962867483 -13.340058144731104373198208901685063404809287488362
-1.3755884034917337983255524708272911632423063211454 15.666559085349622393535805793359113599041692704884
1.5187328587738431912559538806617135151616902306721 -18.343231503525313185902834974285537605355899974574
-1.6696055795528433134987141481818515001941886019292 21.595550005703503916287738973147391866385223252154
1.8452435041348635857870655282015168691423526896326 -25.768119730842638748761061616960505777708345651337
-2.0785975490941431243947655303530135541520552569880 31.458441505028678495769389988588994249624137470186
2.4455511405017985302085078590625121472717683684115 -39.842700671926643251383289962345161813423325160620
-3.1620719739395092621385106555248550982401054859966 53.647426845259098992740976094353217788555609701234
5.0845080272604591647182153972206329756542748445506 -81.031342759558755541240889943508521853746948624120
-15.004574099147602301498459143786144022705150635510 162.75219631946483135085201008135576171146135968795
22.196627310922359332367827269588447152748044900497 0.0
-12.936657154492707700121644441101417984216397526456 -162.74304039433301762847154735140806758194552076463
3.9900049749033091698333623461815830809727107498831 80.947026204073977848460701411544728535946523540157
-2.3637644361968685464853108688192179902880067773269 -53.429879302952070824836093268973413957382885918016
1.7723633023514720944233460996470740240852271902140 39.420169365054141211840975270929627635100817465999
-1.4596461108280557989160109110677451974840680592185 -30.735770400613928841789975739571643032841996592685
1.2415313246679714849555828898129039927709591099492 24.610313806382278964646118678843737575248409854184
-1.0532250098864034063337583710100287360706455432382 -19.796413699162232278263072533012814774391792451487
0.86206975820776324660761384845502187189827943136326 15.555189089924869088168404314603990050304951142841
-0.63704401413858570528907055510563936972556945193235 -11.194246209778421003972908550406451340714627907769
0.25578004556827177229981548052575463905403020917426 4.4438779478107898244452989799458682302170470391068
0.0 0.0
0.0 0.0
0.0 0.0
0.0 0.0
0.0 0.0
0.0 0.0
0.0 0.0
0.0 0.0
0.0 0.0
0.0 0.0
0.0 0.0
0.0 0.0
0.0 0.0
0.0 0.0
0.0 0.0
0.0 0.0
0.0 0.0
0.0 0.0
0.0 0.0
0.0 0.0
0.0 0.0
0.0 0.0
0.0 0.0
-0.26299725535051864266061701478744671605058329667742 2.4641647662926401081945263989096383539391304013544
0.65274218060925704225704246130470766240987528143421 -6.1604770467972678475515147540169668180277124170175
-0.87529287590716988218699877828476919784249404105827 8.4037696012734204994525026329624073081435767309510
1.0509797958825501757850500756446286452254640854343 -10.368143776008407837157578507706605011970031565677
-1.2009941236766638977475655302576943062145520266782 12.299053099707842917610164488860690114731557778344
1.3351832375653108335063718937338140878901738471703 -14.343631158203915914478915524633343229876490421209
-1.4603046993595470657046020606118589064389809120068 16.635614979588632586960983151538007280997282225340
1.5829784782733858850469037983801644533915528814583 -19.333672630785553553836388617707272405673210950138
-1.7120233780235335763380199662177013742736809782672 22.660748621727921449168599463959906459445234330044
1.8621409934270949306513820402267574224846138749694 -26.969624099611451488882647363429491893517105602565
-2.0623222655069833098748623066719160529630494328559 32.880358284720354482079421514110566011942245356385
2.3797984056333806367875059821383580353647296408386 -41.619676428116159711087910342544742462370399173818
-3.0064268949669583540531015679130814637807677995737 56.035975446046130448839410233056131720834060672037
4.7039629620159701101620811386681695482506699452978 -84.656293653282017138268214885016494404534938763149
-13.519912597886447282390771494519911378548560267307 170.08038906569959340219585927995974949703738037315
19.967520368989259364201455906142057308605919883186 0.0
-11.715425487975163677795858544295369781980292734460 -170.05139508343371470273145251928735310388373441060
3.7012823801360179117560125908554332407379549117630 84.494695410078325274664185654787791391984514037214
-2.2240861984962179239103403453728850281406589076102 -55.637326336031257926585270927647462643857521929574
1.6693593098908430557137523561369449737552798759594 40.851281995541663635677996783421687497604081021591
-1.3599416028837127089307080053763109668479321506555 -31.559279912170733619740058317815142835730671132193
1.1289596766700515846035949881873830216105367109259 24.821876628500834032276845140910526279061803947725
-0.91366792368620736449256184663105624293263640994882 -19.231688540456686953817211512362317631369157618545
0.67133209119229161902929972139462572006839923326488 13.728803596950681219778975647618338946027622992611
-0.26897216398097837344079583162626523365129706516709 -5.4323767907103850883314926322928462840269100468135
0.0 0.0
0.0 0.0
0.0 0.0
0.0 0.0
0.0 0.0
0.0 0.0
0.0 0.0
0.0 0.0
0.0 0.0
0.0 0.0
0.0 0.0
0.0 0.0
0.0 0.0
0.0 0.0
0.0 0.0
0.0 0.0
0.0 0.0
0.0 0.0
0.0 0.0
0.0 0.0
0.0 0.0
0.0 0.0
0.0 0.0
0.26455367021731552874242338850681213964493469749698 -2.3479915048535039165980774208473246667698999021096
-0.65630836376915188452590066641943807569841359734360 5.8659702875434165129998216882817442874260308628925
0.87910448884544443881679509406256206893135683819163 -7.9886832484823852765459735323265089238599710408263
-1.0536001340553000726229903717530115678568177298763 9.8291656419996796656703957080540662456324490446320
1.2006289458554669631071549162027011977565493745627 -11.613732995685519167865462036715169359500150963346
-1.3293878325164146933994306662498913033951929341339 13.471169285080541407968201511758050767364809924332
1.4455391690130172056191125077128125883828599478166 -15.510546072387847259360539158984710571857276722584
-1.5537934447472790255930535970649956111146270082684 17.851995006774988661565427983604975597735588562300
1.6594297755403601991840809795909705493832023712571 -20.652527294514965448436952098612157198515566083530
-1.7700355016525766108341962479953008577564644818834 24.142682113104051077232544058912116761306009864217
1.8987042322176893113915643487161260436675647246343 -28.694147790792788508935724891069716196420639443852
-2.0716232700204758463573775573485983834624959642479 34.965144945800351045026384323767230673354047368966
2.3498776731407310338892107525554090143911367635206 -44.261499498681128950369549827106352376795204028822
-2.9082759253929104159023034167521540574092649378060 59.617792439836213432230942393977627737166975560142
4.4421313849306099041578729164218401434539541891844 -90.119518115796645335471018724383256778357500090277
-12.480276671446015858830049040352140254069325409461 181.15334019963395886251991276048928537243052863548
18.437558569220413695881735115494406218080091131500 0.0
-10.899807529953083746799284189813484599946065761726 -181.09397585874063459265269276152751053923649305604
3.5068069599868818340761446357940193538329111494360 89.836033384295560933664111703047478151285587407276
-2.1197496950243751252078470087367103295871802658661 -58.928121917314687824249867422795044718535897965585
1.5782950086052380403093800459750964821377587074978 42.923783511074373672086908389027281945354345939269
-1.2568580511668256719559151783083221458876459366946 -32.624051030313965081874374455094571797283558251266
0.99655694662450573173560730099488669904426473551281 24.764843466944455389272753876152488501037295840708
-0.72499107895423982811346587422012389786378398879239 -17.477827386305237601608790222451577914297015198167
0.28941390198945554991170337243305684960139647441109 6.8845329572959119036669655689813232783998870569881
0.0 0.0
0.0 0.0
0.0 0.0
0.0 0.0
0.0 0.0
0.0 0.0
0.0 0.0
0.0 0.0
0.0 0.0
0.0 0.0
0.0 0.0
0.0 0.0
0.0 0.0
0.0 0.0
0.0 0.0
0.0 0.0
0.0 0.0
0.0 0.0
0.0 0.0
0.0 0.0
0.0 0.0
0.0 0.0
0.0 0.0
-0.27096135838075177697595413691515319292999843289026 2.2866917591264690185463133325460382878730731397548
0.67200341789249781812325178954072787468156813326455 -5.7096563501598363098268279376075914452003092469131
-0.89947229468472918526210490714172291388586785225165 7.7654570165392968384254492853300659756548015673603
1.0767002383309483845165439328217899143661220114487 -9.5337978611767032572151325832512374833082256332865
-1.2247282418605807445946213990079018915168087828798 11.229625608873187447279423960486559828765574276443
1.3525603515781908412977743008280621868698719896973 -12.970411556536706952599855746853972993756778207636
-1.4653628972370238963205137132742716794802870404730 14.850060293458541828050300519332363631316587532584
1.5669321460830692030706053363217965305408167515003 -16.965607115070515940266586729920518877521746212314
-1.6608995468450829191874513551643045655402376405719 19.436150833291849504244377488243076541620095380162
1.7517530572681664406954019470619112061864781209846 -22.425861088626859631072037345341163081676369739161
-1.8463052853967799734023965537395239526280809588318 26.181732115433001210425326471698590151437964681844
1.9566206276058595908580075819405423324944853411834 -31.106207628688410382240211155444504528455784741482
-2.1071104372845710353283377057595172050017144811040 37.914999665902821979077706240687217336582551453150
2.3550422942801139490765706118825244789660900668544 -48.030030876199644449879120606000156610554910440297
-2.8648619022922129084754925093612838357966463870254 64.756548205529426430570190697640104322884850874328
4.2923971940714538385517310591346598415960032598470 -97.988955243888768083150177838653133074056742327338
-11.865891276302344036411522035839317576862900565723 197.14489658904895248881560085931578386218568235174
17.594175847086848609786249228712747896669549872702 0.0
-10.494497805893966854188205224074726537393001015938 -197.03339012424570658943150950300281999722940664916
3.4093288602459549211432291505095270455178482417172 97.490386657953819484711672244982831813760199689907
-2.0503683718213763833640744376525020930372474895210 -63.540961145735814942241469889766632694088936551527
1.4945406352760483478541963068825746701373477715458 45.627253597637999566975447601833492246299167653884
-1.1381097239265771586752986989764230075889257890703 -33.558028315723170401970760780532359995445640560347
0.81266019691108620472090588051010932349182552243619 23.285364962636992420954956790825266655434336841310
-0.32225617341117138203194910616116086315001008575995 -9.1117910528077373818531335938867236552434298473603
0.0 0.0
0.0 0.0
0.0 0.0
0.0 0.0
0.0 0.0
0.0 0.0
0.0 0.0
0.0 0.0
0.0 0.0
0.0 0.0
0.0 0.0
0.0 0.0
0.0 0.0
0.0 0.0
0.0 0.0
0.0 0.0
0.0 0.0
0.0 0.0
0.0 0.0
0.0 0.0
0.0 0.0
0.0 0.0
0.0 0.0
0.28256593118002425771269521132854640539610672154664 -2.2789884483258636519478644197445116488455141414625
-0.70064308191316831347805178916010944845249104630740 5.6879017175523165955880907775967289993709897203037
0.93735043779636161653945724330563001311232458464250 -7.7276646946916070443764411935363949235251336453612
-1.1211357706196629668294476072569182703930883691042 9.4710560226647340994613768346154148649265741696850
1.2737499093013849610615925996260344381226584946949 -11.128220032773054939836457608321774320970947905099
-1.4043260699185468395976944486381029605974544727027 12.810467430723758447880800087062915502756718445016
1.5178775224900023144033963245079153635365820246398 -14.602725979898074224376230335306876605495784290441
-1.6177826861443902707087265521808973265189775540335 16.588152857136622296976868568024123575434085091005
1.7068780050426253139335874154034903624945600231456 -18.863418670269659161921514394219789011657420659737
-1.7881941658816205835661247330495133587811390174168 21.554772307321979548906648149501381401746414102873
1.8657733511798510662186826149525875125169639990329 -24.841611490241441592170092427691963469921748485744
-1.9460190688760168561912594841558147783201538658567 28.997679524205542994051575069881803773301366115405
2.0405158508117972218085276264053890400445638262535 -34.471756557533955261460795156730608433576168674538
-2.1729599028022761172776076208085609225049977501926 42.063831152555849344837281356038208790072533014820
2.3992965351769288230808243714326522492596334699426 -53.364158267200514849671980598076810123301628891948
-2.8809185331341845262803057594792168736304506030966 72.068521752386421069211365773429571869780830448238
4.2640773598412799698863734271137806100918460006677 -109.23549554417248914009696873170659270932770300283
-11.721773922222800874293044032557400604507649883402 220.07540492965920988878641478282764186824398988107
17.540606831414876044621141039368281879291434807300 0.0
-10.580730875591362656239004624204282841771178915838 -219.86330803674934778714642989452261711372295894273
3.4313984979133340476898433238760820885325868383374 108.31068592150594783347580176773391050141918993306
-2.0222058335826564290710150614645003564584969474565 -69.775085674455540410248199654240406121930278653381
1.4106027036166286331898224595850947062209295263549 48.654418021947625988569740660706924736924512760802
-0.96963037816781301791103265327892498511524260065285 -32.866981480023835077205458969335504836868467854220
0.37948357942902899370798772029990380783739903408445 12.731573656078916495140384315644899599714172722510
0.0 0.0
0.0 0.0
0.0 0.0
0.0 0.0
0.0 0.0
0.0 0.0
0.0 0.0
0.0 0.0
0.0 0.0
0.0 0.0
0.0 0.0
0.0 0.0
0.0 0.0
0.0 0.0
0.0 0.0
0.0 0.0
0.0 0.0
0.0 0.0
0.0 0.0
0.0 0.0
0.0 0.0
0.0 0.0
0.0 0.0
-0.30055566357085628036335228308765833277932502037957 2.3303738185423996062398461770442246338887169435175
0.74514908096002074768618198608898757972472631004373 -5.8141103746104727086643170147125007042316978576943
-0.99656614810602500142068853334259485383947659042880 7.8925102656800578923212535963385918003436517983795
1.1913167299835477184535865580707042271884393874028 -9.6599497543725735482477437954325650407881751389282
-1.3524081622237189336912147344957591874118750148834 11.328176635592377445335010246075903276994506779015
1.4893893008205115927050776033433797975954929456629 -13.006687897429476840244953657967194674630041810853
-1.6073592584412280739860037717735254836512253393710 14.775994108240708283123971290061874902240056896097
1.7095635093166235996555989674380769501201894597169 -16.711494911738380898561423234124133727128402478223
-1.7984733140437625454334758658482348174547821851384 18.896890324935222675159607798497893022412011513686
1.8764120365946785517011827926354592713807267499427 -21.436576169462326378288585244570421860287226079442
-1.9461076504140101401598639511660047704496487525220 24.471989233994846144072548106149918684458522350116
2.0114370886738400696014272589781299581995985304667 -28.207806869893158237865200050088858568525219075961
-2.0787672833985702459621032555802708859091872999051 32.959049732666609127130741519761123584178637362009
2.1598424450422810942416129996076105327436032156317 -39.244088273191565665227721272345631398065266149435
-2.2789605943532767751115279816792643916576694590500 47.988076740294375779913776763006121877801664902204
2.4939471704776804796230843203263084482657298217258 -61.029964333938862469776328345726220273125101197773
-2.9727327006716665897945725130395134357563585578956 82.640679427366891291538731309698612870801926458902
4.3919626520637997909271056648567255034927399245773 -125.58898090755108684593379349844006641350453609282
-12.203200077671357513355152158591771053143347832670 253.57756182048103959421658604813760044031999898191
18.592891000925701199335626610840909350343061794018 0.0
-11.389579562444072145825289221009728392912958562269 -253.14337665243258044249935498009573513038715639710
3.6357190055338162826877789465476593505018567620762 123.69187907096149041140537809007286523225883261215
-2.0522675694551318237224376224928831861420103321581 -77.749405203686585250867582493502838241535709298678
1.2966475806443113099667876751045744302628581337148 50.132586049457343530433131181183465229607599884305
-0.49350992963947366667369277200422697714033053312068 -19.097760928929945337199287855356041317321755700377
0.0 0.0
0.0 0.0
0.0 0.0
0.0 0.0
0.0 0.0
0.0 0.0
0.0 0.0
0.0 0.0
0.0 0.0
0.0 0.0
0.0 0.0
0.0 0.0
0.0 0.0
0.0 0.0
0.0 0.0
0.0 0.0
0.0 0.0
0.0 0.0
0.0 0.0
0.0 0.0
0.0 0.0
0.0 0.0
0.0 0.0
0.32751335684378470566561150640258661552444413225076 -2.4568907230161197964463981439490187583006285098553
-0.81190930860631772556168680319200538824979546049606 6.1280896795657206644725972504206148480246477433109
1.0856117578259759601395663359004178753180789781222 -8.3133109410747672413295742449903175306681278927751
-1.2972916195193988686816321525004782808869133678634 10.164265983464925672521194943625831389701400154512
1.4719304939430352141692124760391431559941969365935 -11.901733156518756127077535140333642077201912837060
-1.6198217258947951851503207704821345352821382299371 13.637821390413130568673872804787163728439276579719
1.7463690551287399516992626198942461247148213511633 -15.452630607989895917100148974177615650426563584993
-1.8548885097667406210126095667260575548564638270616 17.418542322331074914553363734005607561155322332628
1.9477392158610089454998812506726200846482941301714 -19.612902646280929934009473167772528756428099642503
-2.0269242238666231489022115263875482062157341358249 22.128550959289753841578127970052681763818762915621
2.0945366679162559173043285149317231062583871352593 -25.086401111804465940968150718136418677733217626685
-2.1532532345163982251997628503236874190014002254935 28.654071576235739333476508387455623008137486165503
2.2070966551928839526912205059722659040413756870006 -33.077010018489129245633325841567398167227490630222
-2.2628920309152737857981080249038067983228319513389 38.735187521885957357486682747140515322769828402860
2.3334755593009462243759904895654350071833041288055 -46.255430397036344663256057096188503592293627981444
-2.4457610216975145423054053613890023916767320240669 56.757184660250944407956736212176901489272568536307
2.6645004357584119713244468687332735393406511075681 -72.464551459697136746313841017257065880403070345231
-3.1796401406711420242941784718685674279874501009964 98.537118213706065079277152599574942472062437048332
4.7641513952283633959478228508551759555637191548211 -150.37848438905399103624003129404424414840985841724
-13.710838845145654083081310259707503248883758596526 304.73539633035539022750130479916059307094414501845
21.574609188183869338002546364738431389386984792082 0.0
-13.527893417255642946231098164155504226956274652971 -303.71581360369508782991360543440895622055642732049
4.1856446626116912125552353539963717398530010160842 145.78167022626253217566040068173379505114243480017
-2.1606366027438731581303259111767949945065101418756 -85.585246897199904950450166186196526376031464679431
0.77226278054227329490396412914879075284225663215789 31.618510740614675137694325558053852243768865548550
0.0 0.0
0.0 0.0
0.0 0.0
0.0 0.0
0.0 0.0
0.0 0.0
0.0 0.0
0.0 0.0
0.0 0.0
0.0 0.0
0.0 0.0
0.0 0.0
0.0 0.0
0.0 0.0
0.0 0.0
0.0 0.0
0.0 0.0
0.0 0.0
0.0 0.0
0.0 0.0
0.0 0.0
0.0 0.0
0.0 0.0
-0.36900426754724034574115861933007515757826664172272 2.6962455143194092891019137475036534038419374796423
0.91470974395394810503751653776740989195004972928202 -6.7237201898086443605690697114784012314761852042245
-1.2228867979629807943703088141797361576097402893543 9.1168717222994021957131939479329948041667128219524
1.4609795093498874359193266534388946490558343346147 -11.137925392352495547858670915765662846436626606840
-1.6570699221808160901992614469820861345281115871035 13.027197832465885498672711534678943783713828001013
1.8226767633880213735367289375300085198639711251457 -14.905098168940596498851212503487892851585508652529
-1.9637838201196272443154355428915875834447954543873 16.855828798740674981166159866169606585853210783562
2.0839802178030380252035617860525390281468507234067 -18.953414382161619838934658172319034502064685939139
-2.1857077284848797296378200920245545625953253707231 21.274613401639485654627792553352476415799650202435
2.2708914833314760359622122238645497634930481785948 -23.908773537649146908056643040371343277658498812366
-2.3413582597321657869407196450102328918808927562859 26.968644521195449943748280500601728148838838275583
2.3992294106312078807104393543451122763216582308704 -30.605298084347668546639248957951484223409780360138
-2.4474438619708298948893514774270571477523747973751 35.031531104673100583445347771375799601895669530526
2.4906504282240179366508948776930637609347940116334 -40.561770343931839939152742206132576370061268587118
-2.5369888580634609102773317636378258838444701669839 47.685233936674486870873806754070851727809719189570
2.6021001733540311877506237689797421219037854063206 -57.211086288311343023241375882196752031118292463791
-2.7193534919975504642179750076737537009219394300780 70.585796868651352600717268542431230799568102059520
2.9703363248538454151521521552268098300945035659508 -90.682237448398162944200540624996711359421149991754
-3.5982520193669697408719408803051050712279374691140 124.15568126653349645468388332937952949449035748444
5.6091682312619584249375673137520446265926660817070 -190.83118290877496562135703844352393090276139987446
-17.337321174850320134029187660208352068440773007726 389.24157989089580198639383396836923742763464903429
28.857334752969214570324662788855233549620438695891 0.0
-18.805706147325678154407755787779057350495327303256 -386.21236464658338697101365776388107447321842953823
5.5283446666052828514784759645425048885909450483321 175.87660092802946801782528508221501276028631340366
-1.7019581780932503454437784517155850046281028660984 -60.786595499904092618256047855164217818354083912836
0.0 0.0
0.0 0.0
0.0 0.0
0.0 0.0
0.0 0.0
0.0 0.0
0.0 0.0
0.0 0.0
0.0 0.0
0.0 0.0
0.0 0.0
0.0 0.0
0.0 0.0
0.0 0.0
0.0 0.0
0.0 0.0
0.0 0.0
0.0 0.0
0.0 0.0
0.0 0.0
0.0 0.0
0.0 0.0
0.0 0.0
0.43886394135818585467451487060698654700066878705342 -3.1450497119446738861741754566672073632226302919744
-1.0878391435980106839280306065716418677857448014654 7.8417813598365690264602181173047959039673765724277
1.4542075636815873325212882553259126424066036766854 -10.629201500476388124389486848486914664309977522565
-1.7370675767184637052599568854476674883954682239509 12.978264180334515743803458491543339942912367364596
1.9697700623724305822910776680911382244851595499950 -15.167701661850016441423572364060371910797846887416
-2.1659573934676095375341369915418672834534199414020 17.335880110285503758323280996156562784065061443698
2.3326718437858708119255133072591065422019762031399 -19.578108993321871456564798295410763143743006169436
-2.4740795874314394711324388728366444546479932876121 21.976539330331092079578989894272742428640389053064
2.5929372512531288364110519702341850551423874136865 -24.614498471445878176955029212777741307174905581617
-2.6913137245520704922756902980624151055746917421889 27.586791440366820402670955255642531100507944782810
2.7710376806123894434028397564574310701715120585171 -31.010268660264736311345252838213394127047039072555
-2.8340721327259374757477032169998201975067598312890 35.037583968212248880957148725717280599647752538544
2.8829541974625387513330835268755369618058898027044 -39.877692671595523477430510598846210907605306470870
-2.9214739311100821277195755241088306766368965386976 45.829016660867771214684758637355066426459359223173
2.9559240818852341294240381056547402636490133732848 -53.336702269639266087851205508770600771781021464970
-2.9976948967370289382413272111047574537273807874984 63.098126900165468117795099065320482487390682678216
3.0692695022742421229273767230599130840839882303002 -76.272589378003749381075193143020345695956099271642
-3.2198489735860680964717538495640233872271249979213 94.939688815912622371002531630291908477910239219401
3.5729291125639242055864209671186254540265745154418 -123.23724189650863006776573832818480595161263421805
-4.5070835260740543027123057149596821097812410641909 170.74920861738704507240646952222885202508269333425
7.6360303725191139939756691197927490693329506353953 -265.95503233896440982738661296780690872449330635229
-26.769675990129447178320222447643521876590958906079 549.76823438459498793104898952624355361968355158735
49.354358497062647106028462306094326743591029124449 0.0
-34.373487726381629362680645149723675267186184956790 -535.72325491769038388357041373925034368078829208941
6.8720792098370164488546825594565070215266050698017 151.40285117400557227878794754300533597703082409857
0.0 0.0
0.0 0.0
0.0 0.0
0.0 0.0
0.0 0.0
0.0 0.0
0.0 0.0
0.0 0.0
0.0 0.0
0.0 0.0
0.0 0.0
0.0 0.0
0.0 0.0
0.0 0.0
0.0 0.0
0.0 0.0
0.0 0.0
0.0 0.0
0.0 0.0
0.0 0.0
0.0 0.0
0.0 0.0
0.0 0.0
-0.58513223819358134442225692770811100733657460061121 4.1416050810985166419780036273928030831530116648818
1.4503701543005786640391646283124673098206867422395 -10.325636164401767306934580146533701393375366477898
-1.9387268945975523820094517053738745910285635017603 13.992957011548354459258885648338189268665995112837
2.3156226956706300376916848354383144401631842945879 -17.079500621555675201848692369473428073755216751004
-2.6254878673465947815121440869475321059485863426620 19.951044437946507833153005508243287372715947997029
2.8864690613681042475824009266339707800220062522861 -22.788134923397200557580911191586478426128297835764
-3.1079009841226684577736755276887860847899749419137 25.713981461160527074267326678530477183126674175912
3.2952641103503735475434085338688820762627694104763 -28.833477567321255139666587958070507044436442000160
-3.4521286156405526380556961445463527675364774205213 32.251537214402732547948400476672789181611300908018
3.5810980575696725493270035723407243573642476600299 -36.085785997003013677306032661006564214215997543639
-3.6843738222567211141065098994949268189848338324384 40.479010040955192800701415886926556904112910878306
3.7641962806934591785028314870706778076275951363818 -45.614718879242175387950295058236969723709887369324
-3.8233203841088286140682118270972876327199501449417 51.739508526283968989093492206676267889039816269647
3.8656975253937414150213726732897897463853406433733 -59.197945599009173948546514706823982378558057695269
-3.8976598242472614046892113290525934928242327049140 68.490344067645143736495309949047139574234646320930
3.9302491807437835084447189228714172528793890209608 -80.373960663311243446607121587472520965452335950176
-3.9842739644201197954283599857541201365699671912006 96.051461364644241341057058281944621208127271996741
4.1024564971653134781222160766138169381333872819842 -117.54875794696683376583967932822402697012784536144
-4.3823749141047436497929699378782368837499682154280 148.54674356693224108485071331763293692229445496581
5.0812107229811558658653464477493795776387591063660 -196.45602830547010788662305871108709146640167700282
-7.0334863253395025555610135239981945829704408443368 278.60430714623909554348395394510257248238420046646
14.042104740419256199083529247378037937250780871382 -446.73004317887988797643176426580444206812065263774
-61.334838767300708467967358308478848942983934212740 955.92567521308578788832202361842540382113160613315
143.03274112089927270287270019837877874472553165986 0.0
-91.374441718352219538540299622028427234216961218523 -674.85738958190552595275098652528378384937027594838
0.0 0.0
0.0 0.0
0.0 0.0
0.0 0.0
0.0 0.0
0.0 0.0
0.0 0.0
0.0 0.0
0.0 0.0
0.0 0.0
0.0 0.0
0.0 0.0
0.0 0.0
0.0 0.0
0.0 0.0
0.0 0.0
0.0 0.0
0.0 0.0
0.0 0.0
0.0 0.0
0.0 0.0
0.0 0.0
0.0 0.0
1.2340043771697664971382009870614150240790058790920 -8.6883815102475277018108119502023138369987724077043
-3.0587043854771562551882640897554735296886457327539 21.660607335078307380097877565150501773403972240331
4.0885152299354773122432462383849807454327433901445 -29.351089704546896814422251663327690408657088540112
-4.8831603422366169614602267745094107716419580564206 35.820110143853400036761431448271670583358856123970
5.5363099459640603124909913245237748370055353033463 -41.833895666132612875121032810847972542303522324371
-6.0861985925767868942568304968418504802311370612474 47.769758661914296379115622515954545837683639411503
6.5524672985282849083647470183543118909142981128837 -53.884184136939182066544196481268489488176917650708
-6.9466130784978237107857255952145531687925961617199 60.394393841905042995243230116744946472643032761404
7.2760795772721197371559261923457995066065745495462 -67.516361011866193570931493119685774365547689611707
-7.5462326682362785087458480619834219187159747027034 75.490710700215511193091537402445233360163844928722
7.7615260651274705306587903543100192392702210373946 -84.607634370807543266231295109553765688317399578695
-7.9263876096976154605012602435215573370290096436608 95.237474262853536015010469083406126964982912850454
8.0461399448209725100170093570944855652269391494345 -107.87395551533486403093188497155768787368656557892
-8.1282761709905112295951510982691750046548518451542 123.20051392411628262233605507552267630868796683024
8.1846163855863372915328588427316225873145815775352 -142.19809909874247947786959658457504967442226767136
-8.2354472555140708805749888365169182944021642465588 166.32967467643989380818344124780797612668740095679
8.3182715656950968749398090120052693859741994753173 -197.87375225621273205978908451685885600262991891756
-8.5081162713997934355557428698890956745277774605000 240.56692815958665462011122138823282827608249978703
8.9700213977444982347683237245087035225710869368020 -300.94184389695359583140964743817414745873117801916
-10.114358017585555782026389920334036809183251903396 391.40365728925877864578940608513342382434079771476
13.147742743911295341899218639082667274484694037079 -538.30387225354838088939283975725087661949485215671
-22.609093809586323891575670236212604926549501735242 807.49918400604197213369050823645124353899723257879
64.131139911101065482017720668232802100255928135006 -1412.9111634337586226842439186169785480014818423008
-477.88336337663685606578026117304557768692540421434 3529.4674645131624419281351002272547294165465766856
2829.3600575511583699132142053869105651407436583399 0.0
-2653.6937455527284931834740231161597562627504775930 -3529.4752979753021747839761610608051790984463132206
315.98559683201790073388515803698396663348644599618 1412.9218612066912286214784199197606779255790299518
-85.878495336763467474899218304736158801312652839098 -807.51238038900133399000786493728756485962674414067
33.668149130536117781084042320106615719367271752398 538.31946748600490190639207381005842645573434739454
-16.416164562679522497133024628752008592127264080294 -391.42165751966826966715212519241717339216402499393
9.3321180146939787537792409449445307562994193766190 300.96229642123758591957293534614488441291586479909
-5.9797363430077751586774845460337723012193205635714 -240.58988436445346229747071104345284385600507606823
4.2258300258517279453915679524875610229438736288214 197.89924212066937027096250561414742027751031582646
-3.2357662504373528301516569464826101985274067554042 -166.35768759694747543888135486993519683923230230306
2.6410073567592085303812075962331906811536566890074 142.22856907314293749905905591854939033120373185405
-2.2630632953677824643023739820933285045524994887472 -123.23330829424336377398758232372741501829003185954
2.0089151204051406887467511486593151635368606202350 107.90886690151266822307063190207564868764532731546
-1.8270892405205594789944505930558277583416623444408 -95.274215451913138868148285314256756791021901830259
1.6876133648935503576143537047787595708881915229239 84.645835893798004325474105312470463171048611308866
-1.5722194668808321329033309355429965604808107144904 -75.529920707721322240650100076027326518969927228745
1.4692604156487462788938505639261739142455143520652 67.556046823156275469485568829412882911064711645617
-1.3709165613848835754331427562923342221520039598217 -60.433944157054640270280184676471648138069588145743
1.2715518227275723289175730715329344446989405150253 53.922910212489009458381191214735347428085872639005
-1.1666308424917123361915285342225807589018281783684 -47.806891381406073467962436167053042171546125250891
1.0518255559923683128420890609909951488849692836242 41.868572323253090447428115219109098134144607244426
-0.92192038005046652900360391617530392021333897114450 -35.851336441944557880268999114970042254284271755773
0.76863812399571173503632645621131142331629016275096 29.377634891117281146836177675195449602314920699886
-0.57358133283171764777395930844712950315984155021567 -21.680659295447949846386635155041153935740129716304
0.23116543189652358474162458931879377462762408850384 8.6965045960038046552343024728622075082258628343995
0.0 0.0
0.0 0.0
0.0 0.0
0.0 0.0
0.0 0.0
0.0 0.0
0.0 0.0
0.0 0.0
0.0 0.0
0.0 0.0
0.0 0.0
0.0 0.0
0.0 0.0
0.0 0.0
0.0 0.0
0.0 0.0
0.0 0.0
0.0 0.0
0.0 0.0
0.0 0.0
0.0 0.0
0.0 0.0
0.0 0.0
-2915.0146060068289346516983180660593337743968106440 3877.0382084897898178262447017959808820238535233455
4419.0055777895061440345462879113785030029456271689 0.0
-1744.6222241566936973658827764481720823425456255944 -5491.8098038326839992069677302595836522396319268418
316.56483729579350787736367773521092735727262332183 2566.4944590300684468651123771460673541796207359782
-108.40911639682569012864119849042723200713275925777 -1600.6208925704525732591228611527054519490828918647
49.601007111834660361062591150050226219994753924714 1128.6866945654553124673636038312718193974392014269
-27.205205716611170392317916880295829929749492578732 -853.45518937537750448143000661487537384149549608361
17.045973844623449016476437826240200258873736811705 675.37900942788040160259079867127624000797402664020
-11.868547388501860088415316426437662869542780829413 -551.88423959315759869135087832197965794948354368859
8.9967193957660104562887499491835523045058923749956 461.82408698702835788769064681398206510784828991844
-7.2929349485216990923853677868457689118171784606999 -393.55956453300557409953055519338449189833785994997
6.2204802008447553869786465924632284548214462668127 340.18119070479145169691773976661752714541507867945
-5.5048651045587596527297775285126816020903498491709 -297.33833223487206238226133071558981676838980503952
4.9963154920501214505916374311460038783529689089832 262.15647467987911494357871036193785656089977388741
-4.6085612425630471433218754012312248371618505383847 -232.65586346076210948019154684616253484005252350434
4.2894755508527786414255554374767258426965269839274 207.41958344137410572495496795919436036355253159457
-4.0060651523813045424352170055348605633263248531183 -185.39315465888290806830565660619221187514190410189
3.7363235274843219413567908215494168469716526783614 165.75605854243239574909438374720478327670430535607
-3.4644910539687749181957094006253620679473135071781 -147.83232654108077765028256593155257181431707872708
3.1779719613437254437806949434463885497779793590318 131.01901006885116265305446877212151746492319853328
-2.8648300611356979503594901944058810853978945100820 -114.71324180242058648197794672919967831255603398226
2.5107681224348591430252218069203079708759148809195 98.206826018972075399553342600578127620703064376241
-2.0931850490303129382516200353120543998741428226657 -80.461879553959282064822578466935930280331572099465
1.5619407232488151375616630819015112969735172156455 59.375427201538560949070603034794939754618834414675
-0.62948567954207586167105477653717818818509391369160 -23.815659199474721700208364559569681059584203130382
0.0 0.0
0.0 0.0
0.0 0.0
0.0 0.0
0.0 0.0
0.0 0.0
0.0 0.0
0.0 0.0
0.0 0.0
0.0 0.0
0.0 0.0
0.0 0.0
0.0 0.0
0.0 0.0
0.0 0.0
0.0 0.0
0.0 0.0
0.0 0.0
0.0 0.0
0.0 0.0
0.0 0.0
0.0 0.0
0.0 0.0
194.60293454044247901739383573666627886197447014532 -870.16225810234499285862547146416177630129519055822
-978.12320895468083565588424685507415718308349459045 3078.9855556781807397664974167396507514380476010365
1319.0703094165960932131377302649251574926075677099 0.0
-631.65606282024150013535886013855427038310192620278 -3159.7515010106308607415277598562373765945934892204
129.54844859041793166937061545455544665128028182128 1528.5758117173384102391183170592863568501938841143
-48.866758710323240833910770451335037794548086058921 -981.39730419010713128539223484273801024477756769617
24.278872560235971029657774213151517314186460134540 708.33332311801715280074986617731547504592896307191
-14.340735994216991838449724312468837777601392817366 -545.70185953170924764904905572928370817236335738447
9.6113302498472561115845980320292207234596367840877 438.42026609001422459453638475055566679711735639035
-7.1022035775355897619611431021526130561829241961116 -362.70687975401594767502849132650889615329846070291
5.6591575896717145237252888069176915937172375173982 306.60935367596874056024485425645948107529293625022
-4.7717147484799575845240486223436939889853404256590 -263.46462806059814312866462067869260473148338673197
4.1905297959470111807456615668853956182207765523986 229.26446184304063158286423077920645752810396980697
-3.7841011842730854991801611120993027567086041014505 -201.45026978947113473561799898058366319159147171543
3.4786361489796536695422873499291606156468447845149 178.30674192481709367856051488609002677060933725818
-3.2304641581210257766263635844117943729922686312842 -158.63276585822546490190176864355733527513644655630
3.0124193247027992858155050735839451153537884877008 141.55081785625929835378039608824766200527924992870
-2.8066603953865385008235101822407906176553489025484 -126.38915414616866536576467549082124041652624072889
2.6006027961431596465945716576446268102402768156008 112.60273626115357455365382449292096724968959106265
-2.3843482009400444387416627985007176604550914953454 -99.712485842283039649466745804758713292920836607819
2.1486710006587951354388410158841461830692651770141 87.246057693703950165902900484307641269995358696154
-1.8826795067881430419744887353896171836650994425630 -74.655401262190398699880767478887536861148558401590
1.5693186615260727303245762837159304007543323224170 61.144786191101156779606807905595699192647860599838
-1.1709251167276698009464728593146232419063131090373 -45.111033384319249167330804200434529387761513986135
0.47188328357454027557298069146216254761145528731999 18.092540517723991911056947900991830821266063005083
0.0 0.0
0.0 0.0
0.0 0.0
0.0 0.0
0.0 0.0
0.0 0.0
0.0 0.0
0.0 0.0
0.0 0.0
0.0 0.0
0.0 0.0
0.0 0.0
0.0 0.0
0.0 0.0
0.0 0.0
0.0 0.0
0.0 0.0
0.0 0.0
0.0 0.0
0.0 0.0
0.0 0.0
0.0 0.0
0.0 0.0
-37.177984460195938766605347373486438104297042679856 349.58324097076059529693853681489804490937663647261
124.75965185795782334092823280800104665135994583405 -1011.4672177086544239087239703570178457111972775407
-444.01739660030848956946852021804305378194367624415 2221.1211416519289208995282301956286945496521514652
628.01414410543761801114630037577056935765794181734 0.0
-323.01042849833396627916039096823372757652243196717 -2238.5901711782820536972271270235360887298865940483
70.411410617023408428691995720944281189821573651185 1097.5191302020415241000449444466452137506290142571
-28.151358400802128155611271037944690922410581004116 -714.06689001668214887324817866274975210613055432372
14.808756532791744672128583750807599044074601796410 521.56261299723901370626075187385107047259370211303
-9.2469819656160320961369001334332802249949029992973 -405.99066547554347272274028356158328665879516476426
6.5263607992261136323083562123957998440595461109831 329.07592882298420233289772100336686105861603222007
-5.0447086411433488542664338614220437803399129353532 -274.29617575762322873024890093447695297996943621091
4.1689025468445586404380417407170059549043591417610 233.33252213907888164895615017357476044782995089361
-3.6128861072047103813295559386133257105062586367211 -201.53126623181290490392878935053891397760145872926
3.2341153119037253306664615274212965436821510526014 176.07873599731181290014750888870795685865638155744
-2.9559638217255232027410443956829362551343643085083 -155.16649536357390821147970099329892264794073108748
2.7345918922414374795271021663573962106322012027223 137.57059010715018430662574747763642706257737773767
-2.5434787975125509606693344327698249997339957484405 -122.42205507796992464068414482596445338061310351907
2.3656309188841368217720966180039054107890929661775 109.07232174846316274032863948758102907607141684193
-2.1893444078009176309833139958994903486728501407613 -97.007410371829383119829465345734256749928555749124
2.0056426956435807099491739622280178470746501188507 85.785737046793276125325620339238929694533519548544
-1.8063773435152169556646462680580997080481376398517 -74.981416485572291376747995103089506089988569918927
1.5821518277079065416561279296160153342595394114486 64.109963002219623502750070679515364483918447375339
-1.3184812637330481776309971762135504475681461290028 -52.478478219193729942162286590846941679349140682622
0.98362152227714055317596528213117576689946094982505 38.703859674720071901367893205582963109352731364334
-0.39637615368131461373652654918520903948076744202568 -15.520584520541400973831586196069152414293555100663
0.0 0.0
0.0 0.0
0.0 0.0
0.0 0.0
0.0 0.0
0.0 0.0
0.0 0.0
0.0 0.0
0.0 0.0
0.0 0.0
0.0 0.0
0.0 0.0
0.0 0.0
0.0 0.0
0.0 0.0
0.0 0.0
0.0 0.0
0.0 0.0
0.0 0.0
0.0 0.0
0.0 0.0
0.0 0.0
0.0 0.0
11.382403864438769083553435220678759253467473297453 -181.99306303588755618840807562418137646113973400135
-33.364960812871788238601919503418900154195448678620 492.62142458012643275622299171408732146124396696984
71.115598182436978538750326491172831328659571677911 -839.11142433799167529877725233575438577256610811549
-252.24924657148234516640769378179400476424559890842 1748.1871612852892124903388003366088968670573912292
366.84154994669149083862619207147007444982961556739 0.0
-195.75657621685163935462957310561780470148203138525 -1754.1078780328694441055403984908945532678993564227
44.385509198614793922027937755580035374803185791390 865.62271131084810599999496841676836638007340200087
-18.526902941751725502273071323295184149001780570526 -567.22416254205422000142010870412316115620619324346
10.201442151166717687797695502617568120361424945675 417.15261975891535183543051841949300747464303342380
-6.6659963006226693800325537557894788978316289074334 -326.74383906235299471420151946244712902703113728948
4.9040717454745683135349959440434725758835559228302 266.29879570754411600842976216321634953408009598098
-3.9246023176787624193915132595775493825023642681828 -223.01530960403068455546582890529680729456531419865
3.3309264001530857324547721066952127244686408604960 190.44965954129860892737555391326580024944034387266
-2.9415506352819821650505911120806296900739103979535 -164.99366944824073901930607215816687843723214692302
2.6648816396754458765405430252306713749099209538069 144.46007513077205549466658172942782013206225124695
-2.4510134455890365127574323285305289907878817006477 -127.43593805242057767186708554139647003337241573386
2.2709280656585365784854483553206189222706469966487 112.95631192454780977531046879042685288218835718509
-2.1066598818182108721617408147621610767116379825170 -100.32508839796384858220463049515542362401349049633
1.9462345475219191844965956583743999917163585574832 89.007758837365039307815264628960814018073693114558
-1.7807785445444944517224563669148516017017440416989 -78.558989429281206402025023420946207171091108190634
1.6025262725445743683568267083119912668787277130114 68.562001107396209271136083727887903246911406061218
-1.4028178067036795596691628983683341936593930137449 -58.555526085208166495458709849980288624146425785433
1.1686069429380541990034308309665791932199392645127 47.893883939387419467006146715142314480539254423052
-0.87162492463146189503737940702455666601751899481351 -35.305340234990750494173884028542676455632184413012
0.35121369079527950203628888773749250632538547876629 14.154845140932656564771170740004133904450220719688
0.0 0.0
0.0 0.0
0.0 0.0
0.0 0.0
0.0 0.0
0.0 0.0
0.0 0.0
0.0 0.0
0.0 0.0
0.0 0.0
0.0 0.0
0.0 0.0
0.0 0.0
0.0 0.0
0.0 0.0
0.0 0.0
0.0 0.0
0.0 0.0
0.0 0.0
0.0 0.0
0.0 0.0
0.0 0.0
0.0 0.0
-4.6151038699940363067571789033681374490692338468809 110.04102691107793735147472152909246082922584488097
12.694346346259268812876029457994676760920524077963 -288.86388909248241746023214123216936007367505514359
-22.307002642845494464764317949234966392188895273123 447.99435927444497711795241149578301050333834056519
45.724757725844537329283601559316212090835462233444 -712.72249608694828104633716791880214435315250125605
-162.78387960833553965662640401384194374052283402773 1458.6507955749324300849042176551418196756056037306
240.74523472682548056371268973513814670039034611310 0.0
-131.37374573707134379658840913079368630890223279209 -1461.2096085109252460366877682146056497081684452497
30.696678597418427490796423852129448363462021481126 723.71097847674323480045612099531536787725197198887
-13.284242512053116456722597102466193224164711479493 -476.23576218332804407679955465950672950133987674981
7.6087090951538983703594431608473355666648415556199 351.71301367239676429599865931357359270303762173640
-5.1671104450139316823113940402706534651733034737147 -276.56586736320519834515565217907330256010724282060
3.9318918973153518708387037110664559747883049854703 226.18407204983848361628082979318528676243446131897
-3.2318541784310767109665684178641827019961907738177 -189.97103886511190807500987363552170890917471659349
2.7962524596788396317588484410088461635630538222848 162.59568721986408012312875611626737021355717091842
-2.5001853629276161005585504946780804350095193503381 -141.07092312226906511033741855787971743796414481384
2.2800398119010469923837474908427642616213558914294 123.58140457695324085257569113906766563503539371955
-2.1007521721875240758602846579752404317842359866142 -108.94761707910168932186997058388549935062122537229
1.9415736196265167012405556380248516744524201320812 96.354456550861065177339217371936386356247567613425
-1.7892448609664230664257187740412950740410872247150 -85.200258967847513687296482652064843507367960600460
1.6343599258208588247124622095240155407651731579264 75.002609217156306503348994273477736432476665879115
-1.4690659455951732373064484593732308046635214509259 -65.326900239465046275682991309049149491916765921670
1.2849892059917661626837677360398525365745073042164 55.709017214101594823554882507744500262195375777531
-1.0699106075141693902399025703950447944739661652667 -45.517662582258193922088625569571456916126320943931
0.79777546420047942036904208277870174421468443605852 33.531835352616143055057262933412334584037344900804
-0.32141829819138201486183851279282979740943477389399 -13.440135227774149359313974211561027069787672969576
0.0 0.0
0.0 0.0
0.0 0.0
0.0 0.0
0.0 0.0
0.0 0.0
0.0 0.0
0.0 0.0
0.0 0.0
0.0 0.0
0.0 0.0
0.0 0.0
0.0 0.0
0.0 0.0
0.0 0.0
0.0 0.0
0.0 0.0
0.0 0.0
0.0 0.0
0.0 0.0
0.0 0.0
0.0 0.0
0.0 0.0
2.2775185822564765197946793533813740640857616073773 -73.450338023873332652189390126995530922872283768659
-6.0442690326922113261373093656440198080028078883844 189.61491508892856335270279511299905654122389750518
9.6211752296779095102212860930607637163377629500415 -280.69668415740756640348241430046219930939508401606
-15.870099431719681662667040526955955034035672493852 402.54940397976289439188050416537285784564775254977
32.041155124646169197510147619878110878972481313146 -624.87852619686241683454295418984823851286880534891
-114.04611789648003569075370043590166464946872432650 1268.4823923436482447102066396253481648518434639099
170.45514867036143875690870265283819247904037757794 0.0
-94.431566147126901388341203926908468414091811671072 -1269.7688374430012222141478269765109452266492478314
22.638604190985354253488895003770700844569191469123 630.27697181236599731980947846492345843831921835285
-10.120677797983183019788998193365326810343404449645 -415.84402594397056603854365043909787546363934843457
6.0044554954830555878367930614619881555812654913999 307.93172185283405778026190934152326186094749411746
-4.2147508010180104714477096433818140427981471643716 -242.73708478957280196905737393077316027388532185531
3.2962792631173780683649931027688845070301494982915 198.93704482851756355526366120435172520506269246716
-2.7649554087616997018190330651505636020055030155780 -167.35645929476603307427261330831478889362316137391
2.4244862115597887076498777169020418863738326984351 143.37965597667711440184326759896170479241417404797
-2.1837665158058530005877020298489935270489887208447 -124.41727322535374379254295726993678340019955771401
1.9960230109495211356984899125059582231578615789915 108.88983297566384614778224319614345476640589129776
-1.8351415760227348668092371524310258878750918846124 -95.762189884716009627399430332044105778951697146424
1.6852856723917452989220407988837725030642547657001 84.305843289646701897555045505044777920896199865416
-1.5358023063860046314955553957618728017083314577453 -73.962939941727590769791892677064300708560168416857
1.3782976850753561098806962807928532929789587460173 64.253572567157633038251454158842348350402420484041
-1.2043212852147654358425310387607654523008319495433 -54.687563155132082238229675434631083530125498420215
1.0020613163874217625068515744556427907617778265895 44.622366972005819961402436304909246665475802928872
-0.74688748879648366372197846982212688481209919650493 -32.844728310495324400585638921604892563665747739313
0.30086759529816679982637682350884929054075298745787 13.160115692742851228711914565383281085276350980820
0.0 0.0
0.0 0.0
0.0 0.0
0.0 0.0
0.0 0.0
0.0 0.0
0.0 0.0
0.0 0.0
0.0 0.0
0.0 0.0
0.0 0.0
0.0 0.0
0.0 0.0
0.0 0.0
0.0 0.0
0.0 0.0
0.0 0.0
0.0 0.0
0.0 0.0
0.0 0.0
0.0 0.0
0.0 0.0
0.0 0.0
-1.3083736147147138680622305552466568969807175127546 52.641360523828985404590496965801034671451504069421
3.3953271416413043986173411499646199539313913481837 -134.52635223470019171480151755787499062520210079733
-5.0949401257682592396285058729872766333823793452120 193.87556551878813117183954786005386481924847332475
7.4845711262829865300368298140824250236125202793715 -263.60568931927216005460029823470999533056232468797
-11.990514519773978734811171650207741893911973909932 367.10450625829587182361804557022271255662531584328
23.890835933739519062882972726535067598743807912089 -563.25508296809833951371715112280716990252586082894
-84.661357421561549887944930082448283463456267375602 1138.3942655577075984044566243087632809699007703286
127.39135471288541225069100415002264904691410725286 0.0
-71.357504939665387175134962940539070004548147850217 -1139.1078326061961435904799430413201695989328468932
17.514088409803730624305799701630817139471908506101 566.20489906543232665906255642706766609857640951117
-8.0705995138644253855180158415703845679379280577979 -374.19682749521957443914902844469644230994076241956
4.9428569343063280692207715418761298288382503637141 277.55676436006713555293351428183524469681693590155
-3.5690760637538322201781903384198789303912637495903 -219.11643285310498439772963780561466458169154493736
2.8531387371901086599003926764925806953123092967716 179.77857959500841582903086449379941869544884063249
-2.4292115583017967998699525235453112579394144831017 -151.32747629591209455506870025099364608315964284956
2.1483667952379043041460988650147040963649965687354 129.62775915675784295372453071126687565929662849379
-1.9411115909272643035594661344890899047404444088357 -112.35407682387509490740324163112907367585624365227
1.7714468757301467406996538821205641191623097150479 98.079240403306059549801894781333381323663917261092
-1.6189057349972814919871917695876043220786654149632 -85.854607418044025108002069594458567149146588176336
1.4705632319337086995635631964539526342141462227492 74.991941045889287209226097759814725608661991565742
-1.3169125477281757406004875338136237755925800871449 -64.930463467890202060459075648324023751751417195013
1.1490435332536558000107885911036318223299279173615 55.127431241720771563666416097209654100444317772479
-0.95519289290655236707960270123720964234282695261378 -44.903790661065367395811269154733004098314839276650
0.71157679403568688747572118823799727296969580872598 33.016817639010230452323119328953311216779767169335
-0.28658214054905458264442396034305645627374446189834 -13.223208960967862286057471320351375499623036390386
0.0 0.0
0.0 0.0
0.0 0.0
0.0 0.0
0.0 0.0
0.0 0.0
0.0 0.0
0.0 0.0
0.0 0.0
0.0 0.0
0.0 0.0
0.0 0.0
0.0 0.0
0.0 0.0
0.0 0.0
0.0 0.0
0.0 0.0
0.0 0.0
0.0 0.0
0.0 0.0
0.0 0.0
0.0 0.0
0.0 0.0
0.85062792870713482111299941067807829126348479284502 -39.835634984842447382403414607624367829567155617548
-2.1748797372675432727500508331655609169735885315931 101.13131883108850829076671796817486286938261276833
3.1414417808029432311167799407117525104519436725940 -143.29668273211215518210974041220239451189066611506
-4.2995817314365460079644389455937948283083145000935 188.77402972161218935323739182822928741742840257680
6.0739950778174429520976154812480687298941900772873 -248.37497694622713358910746590463382837115740842302
-9.5116229396414310460262445298052114626608797704238 340.98858073018383069578766500674656122990202442501
18.672202681460785119117949822333338027573075273333 -519.84915959722022389668798548656846941754699366619
-65.647399613716679710075044343595955835089367277684 1047.9551821976064766426975065380512572675048624337
99.204608920216162068940246938943314191821902005450 0.0
-56.050728669007775983591832223054804765710708593243 -1048.3752309563471680163726310928663952902933947703
14.069296591524793905326532885991490719027523788049 521.56589051383366406480853638407359352477980526212
-6.6713320517360809104745156708100261650121673887833 -345.05533944818524523064155808707340952026349872852
4.2044157587418854359133295591815957596106726182243 256.19103460451817848299400738924473433670785782008
-3.1090575780294831082785379679863129566980062536066 -202.39516058621982492626661499330316939081093090721
2.5280801330806329095565646671610869208902816949832 166.10651204310264839090548828976901943557984998324
-2.1746649871531761156265506796585245001803495651603 -139.76818207031452472931728726509264823518002241349
1.9316431587747137780962212840325676733532215220747 119.57095423285446154603628176556181792791624818344
-1.7440125828475981016652250703320825987624016238365 -103.36377480098968542137466177600195521291446582312
1.5829152035144082655511267735860106460342461461194 89.812419240835257348844892748686691215956558976227
-1.4314378742395184547440600157122727431714125420155 -78.008162794395585309800045926057850292788859908832
1.2780949597913918048682237604195431270232705202685 67.255682058834819337360064299093110533692156530504
-1.1130150678558933384120107137863471179981837472472 -56.923604124666605274641712193711486905473489249318
0.92410305729970580170479578564240711706053985565513 46.266335813407956379588215403358975180391102377547
-0.68792756099991755957573652293081137848271425494303 -33.973400571929765190696619556427104305459091987526
0.27697845653696007802654029185865370539344366282196 13.598771475760435377047675998604931473705764570140
0.0 0.0
0.0 0.0
0.0 0.0
0.0 0.0
0.0 0.0
0.0 0.0
0.0 0.0
0.0 0.0
0.0 0.0
0.0 0.0
0.0 0.0
0.0 0.0
0.0 0.0
0.0 0.0
0.0 0.0
0.0 0.0
0.0 0.0
0.0 0.0
0.0 0.0
0.0 0.0
0.0 0.0
0.0 0.0
0.0 0.0
-0.61241625057366493869297773776016338782403955068942 31.485633821187586078209487544301931932379729664679
1.5501145980746788045677729144332780685095328006158 -79.571255642140715126368258505233760756716254951128
-2.1826323321517091609598175644911694801398684111924 111.46621667520207245464486582054876700178558762627
2.8532460833221998803347164662495908230146104975496 -143.86801985283011013977606915631735836647760656797
-3.7318130997317127675201935830260790230988526094787 182.92043437762191207901252004955097058090085668345
5.1223678423667102599090860600241038322837800753446 -236.78174687015392512883435293631267998627981282213
-7.8486950843987872446831974835006357063009359486351 322.49153934664829928290807852123470778927915950878
15.149816106076173956106311669698764942269429493132 -489.77142849176974149487259960692941698736640788572
-52.701528953877866123386415277942012916328842664897 985.73165596193830671510577421678254627858810478892
79.854831535906195281295914557803422956134502280252 0.0
-45.443638223565945317956291830361282568793412143523 -985.98398025635956167347777828308568266468017351233
11.658166585722098378095644088529142856768863461329 490.79192686112268942507703318553351197891806180695
-5.6789452170134840333901239126434839316604683629619 -324.88528402307728605588153512126075469921226778025
3.6708720717182175777391362604976292036392759306896 241.31748507629879252602897018627054897614356649008
-2.7680918893385851885860839979757997453397283141211 -190.65806031681115839605988640182899495346783007970
2.2792677615842708899977465023963187574819663436176 156.39504734023139506117107326873238171195257592348
-1.9725515564709373092578264596273329833944318517399 -131.41715064704634351724978595576058651644353847309
1.7528672126681997896402556648508517787199393780327 112.12985727525859762495178412485029661741700450124
-1.5752056809461105077234047854265585282289008720643 -96.488037338460002714817676478359855237203482455608
1.4154400500271816801870486566102670181057637100418 83.199203993456865909787018532713292765161569103705
-1.2586177019188802946757711719216197470152888250451 -71.343453407490289604755008002072836553157958590607
1.0931346626049466764747785239204322721501309043428 60.145349720561731116839268747198596641969556341811
-0.90607415872148024050074517594831522307385974548518 -48.751653425089847600722744404204382123124984926931
0.67385841195420801355821858302607061659824881087113 35.738705132927687177308820159390181406174555849685
-0.27120933687956462625945401982868477599157644800719 -14.295462368015943684081485206147711588947943582429
0.0 0.0
0.0 0.0
0.0 0.0
0.0 0.0
0.0 0.0
0.0 0.0
0.0 0.0
0.0 0.0
0.0 0.0
0.0 0.0
0.0 0.0
0.0 0.0
0.0 0.0
0.0 0.0
0.0 0.0
0.0 0.0
0.0 0.0
0.0 0.0
0.0 0.0
0.0 0.0
0.0 0.0
0.0 0.0
0.0 0.0
0.47910684825117183913263514247222579567042443973713 -25.801776464388869623120590297842001269320548757024
-1.2044122750650690029451336720786995386097460276756 64.995502337354317776927404924271448855692492748980
1.6669879391603462925380951607320349662560354626042 -90.316285862828994428874567393716420738865913382280
-2.1139632894403160139712644302509009252986203404673 114.94262349590614797252828435103879058683099546709
2.6315088447409201849348466874455259415148977968531 -142.89506202573801520961890215550395005817343917347
-3.3342697263002421278198151708860923867452586362394 178.46438714445109069503258251009764145343248310280
4.4632857376008883207410533538816889563750290178223 -228.89457059587536122019113053287310827739322801152
-6.6914282082371751686389554463896446213289300311923 310.25095504155809295974007229671703844342726429953
12.679657989185187330134084386682759604131032453779 -470.05030191232096932977877175392243141632100280246
-43.557836068027905252355301386208082865416188480381 945.06800636038757068500198832502719392442287594215
66.110564691704695363411454079044887369951128452646 0.0
-37.861768667257815922824557675321579746579438840280 -945.21358098612333124953762062116545313483233297343
9.9215380574353858318827386433202822155418950856643 470.63159098313267230622145985101497983329314317966
-4.9553872040817035352898587464915804324169551585568 -311.60464637224712909606945305791334403476169994393
3.2740668099015726445353867000096899938055697675126 231.43675772750081136627484670230729259511882253956
-2.5070189401094099970971046526231335402423001211427 -182.74699557749930691506111160705718326696099951523
2.0815126409036839664001442604002130141296037503187 149.70126303083977504822317401791668415593937795497
-1.8050154230098570621738476711834126437836879154089 -125.46890868049783533957250781353011619689685002688
1.5981586634060031289968841937609252210196149784946 106.57992319875605276788771150156486324967226690049
-1.4228357635611334090145472159436921383457255164935 -91.032952359981556714934878618089506807994416272312
1.2577844184039484041083946111050310699262307512741 77.518456969300081683351199398313768149907069181174
-1.0883294792890646148387870962146878843009627527146 -65.023370997408364140124827774419262677520315803510
0.89999264837122402809821689748335682062008213190538 52.524181442085049929576006601253373459190967089171
-0.66845111756592282218754779888122825818807519284639 -38.423607135288051908831400375244128237115824246374
0.26889114746703496237276377875587210082790206228103 15.356061801982553370295897775984844402380435349693
0.0 0.0
0.0 0.0
0.0 0.0
0.0 0.0
0.0 0.0
0.0 0.0
0.0 0.0
0.0 0.0
0.0 0.0
0.0 0.0
0.0 0.0
0.0 0.0
0.0 0.0
0.0 0.0
0.0 0.0
0.0 0.0
0.0 0.0
0.0 0.0
0.0 0.0
0.0 0.0
0.0 0.0
0.0 0.0
0.0 0.0
-0.40051043157672702272086012461579224497964357492235 21.809476381231361214736468291829225754186599618906
1.0021924092278134449168077684932467400604788280837 -54.807184667209862234806599095930366971855092613273
-1.3712274771191511825713419041806152539798522654309 75.710715390259448264707137274658429126390971485096
1.7042663117293391577263500069452984830994263530954 -95.387395710044043446716854459894830758664894412555
-2.0544616481103649956364097183237842787484314944752 116.74466950677751867112525876423278431929490570618
2.4751921397208310937884847784870259326971964652165 -142.38668098939049663485678071792565644425778124493
-3.0563798392942767716073196460512091897603631754445 176.02386646933470318855341289306671856182920965315
3.9980243045542230051107473363130770953316272178536 -224.50147850793665204557139978760279939980672603055
-5.8654599709337914474679031432523429460744735504755 303.37393875689645310242027075186714885102434674695
10.901288232320965125777317967525049723118316123783 -458.92844449159130621943507617518966491520382701778
-36.936459236340030943328253837545894929021804007961 922.11336481808195354734530119508263849613347293741
56.124986236413491207266362604239675239906573861716 0.0
-32.334191012936139136069204464594603061010962477109 -922.18203302899836980484711160512780546581772011279
8.6483334859600520613668847858767313587487806664662 459.19534465784474890667968038107298951041500915433
-4.4183737907515492673875290786765508082556099017221 -303.99064976116724551991959187702139179657780459126
2.9727001991793317567062647054957218921296725912399 225.65250901513321324265386231848553269638629459082
-2.3015862703262885652471304615715045986634004773646 -177.94886831895605576190644661171944916273212357394
1.9187099953944518394988304602001119133376553088206 145.41612809793551332026988647449579752816593472811
-1.6600748633258289054835070965562946820221110680862 -121.36309653678023177968508134784696316746820443904
1.4574937009090201879464639835056289682917997162523 102.35909616459471598900398194910385739797131267525
-1.2773490507955362754637025432599002115719346851784 -86.373568967907486068233270658586361018255621339320
1.0993128677941030997732171137002419578041090063900 71.983795558864608296708711538353072316197738462775
-0.90607361990588488283368562289329117090606166864382 -57.891617306290144518768534384789395898097310684980
0.67171770638836001748123510448233750330847569174251 42.237773799607356405139005817786554917697570435004
-0.27000587587113871213169476045956851538020543800742 -16.861877707743306192078714963809286199727515227174
0.0 0.0
0.0 0.0
0.0 0.0
0.0 0.0
0.0 0.0
0.0 0.0
0.0 0.0
0.0 0.0
0.0 0.0
0.0 0.0
0.0 0.0
0.0 0.0
0.0 0.0
0.0 0.0
0.0 0.0
0.0 0.0
0.0 0.0
0.0 0.0
0.0 0.0
0.0 0.0
0.0 0.0
0.0 0.0
0.0 0.0
0.35270826058134808510887697519263725347675057310136 -18.945722673669286029150044198803003274498006885286
-0.87985435991677007139154358914590166303018112660172 47.524221396557342873803739164209030486892570126923
1.1946505262951468840740654195359188027719742020848 -65.359494703143123517623978996819410613386522327337
-1.4652337032411789931483415265801017644993401206275 81.732552529365322984410673232322499266887467715328
1.7298336118323130491282806308648653598559291135746 -98.905284254079563350513200124565537303685565163572
-2.0183478566537638732156172841323843497273285691513 118.64014214460157885446970910184673492245101075757
2.3713536944743637475425249477497420618591854568784 -143.11593726308576140878952752297968383324929344025
-2.8639148774950791718030179042528398972036332368572 175.82444328509027130858984013520651239936561679424
3.6671788023027259409678899605136087867137994444137 -223.45514462699696507892367685922784609078579493995
-5.2680775256885355771784220019565383906207946609125 301.38006228011941917940282499205088724583917054530
9.6021896327053805516019602451609346221556605137707 -455.48318794939080658049389178601842764128186675661
-32.077381696317630910765903391729293197598108163204 914.85774470505992213071483090627993558056309070701
48.792891909886895358260009852926856329206335933340 0.0
-28.274519343593176796962880527110644095559483931787 -914.86189365099428392697572197452128619113260191557
7.7099705369840774159481680963282569006642454876629 455.48728533975106345534881751834327546525673372262
-4.0172382634813549023313922618630206772748467556409 -301.38407323936299525131390800422271596087790475002
2.7409084704113195915956694487456461090185949543638 223.45903343378979835582216306862351727848115127662
-2.1361443124968471077715833227631416515607494044127 -175.82817283260705938387201036528425870180918628183
1.7799015820425062710397142967424633263578474414372 143.11946824513370270506847142476383352580594681981
-1.5288252707113959296020550641953133860538055864725 -118.64343173673282388680258419931462458540829584730
1.3223515732911092481981011938172668346379909462968 98.908283803580750297831155926155058562878857213707
-1.1289442117703055957331232011381581561653520873531 -81.735203076856329559860406815855441851658767558934
0.92600767343173797183460945368095798336480347803557 65.361716861521093716703221849983849968552065851361
-0.68465467840377191270860077368349897195971769184437 -47.525885223118910083688964363676218888466125978064
0.27491481497197768482340878695427121486793617865133 18.946394163993042634654165415404899637384199909660
0.0 0.0
0.0 0.0
0.0 0.0
0.0 0.0
0.0 0.0
0.0 0.0
0.0 0.0
0.0 0.0
0.0 0.0
0.0 0.0
0.0 0.0
0.0 0.0
0.0 0.0
0.0 0.0
0.0 0.0
0.0 0.0
0.0 0.0
0.0 0.0
0.0 0.0
0.0 0.0
0.0 0.0
0.0 0.0
0.0 0.0
-0.32352757072501383184433546676705914414901120503221 16.870459742353337900431507465372529046843147273377
0.80539968681363485644972387846536455306910872209413 -42.259289458261283562760525915161794534663510994076
-1.0880082274053114367641458399144637875401018522438 57.921165494962309248859846537493861805112620253920
1.3228348330004391286000502087012000165592766183402 -72.020649502081249813992572317707285628498121847435
-1.5406823826022149869538856398198874873120545417554 86.417971769991136398360137558094225595645836438104
1.7612383476820390933621650077597034639773619003275 -102.41198304827945446844992842309745270857326233258
-2.0061248683686992254240276415908119603621603435192 121.42617338763019864272353497420578019115017371721
2.3090039993723854708064487520663716381449544633214 -145.49220964108407273378080798686572696202287426158
-2.7349707652646734742262439801533911696522210285812 178.04264904775297238178655601765061745556994050275
3.4344027333536948686190457925927197021551558472152 -225.77235440519015822008372805308328246043870076104
-4.8368917066018656676094022156789162946711718934616 304.15341278176308918994578538765464003180523988687
8.6530025840198390883493959070315705963271599282982 -459.44325694016895085840971581222421203749702661425
-28.516270379909560177468627611301587555409040472775 922.68408889996894814875436637983405155934275677916
43.437711916886379375554694979044004488595465616396 0.0
-25.323149615803609367443166696911693245432523082115 -922.62368287811281423155350638723701630475458396408
7.0274854522182310170862762443026969233631504330794 459.18440611717120796017485461869725409594554244359
-3.7206617149466429738289053812843806474767411178574 -303.54438461532967180404200728499969329790529897767
2.5623531305037442966484779158266698355359012811040 224.62846664310271842037414684913771733365571904223
-2.0002646272678781127292604602548103040177525341589 -176.12404293327755703606991328462738626877938098226
1.6569807314326287848855477219113602639364604976550 142.46814955752397644586570592877020205079217970167
-1.4034841343619715547343580612804095386405298299340 -116.81177033618973020365922370418388079229172791725
1.1834255079953932543864738366510551637746869200684 95.442421727581996977521866707494922586677782117863
-0.96361658702575718098331597229475923515926368976921 -75.754509436098274891733051374125737187150696121421
0.70961283804543261038129706989319198476472313244945 54.838942735051885057148988330229101858141547295558
-0.28449032490431374239489553981587477248136436835265 -21.822123343750287910263882498199574024634522733925
0.0 0.0
0.0 0.0
0.0 0.0
0.0 0.0
0.0 0.0
0.0 0.0
0.0 0.0
0.0 0.0
0.0 0.0
0.0 0.0
0.0 0.0
0.0 0.0
0.0 0.0
0.0 0.0
0.0 0.0
0.0 0.0
0.0 0.0
0.0 0.0
0.0 0.0
0.0 0.0
0.0 0.0
0.0 0.0
0.0 0.0
0.30647897441482775094692087444696953361640331032603 -15.372104483691015379443228373021305026927287509789
-0.76190909604544713531174520260481431521113632225218 38.463765433325952439245260876630715686654248697896
1.0257809690767497046621970075042762181229405736107 -52.579130064581694093939833320488693996880433923827
-1.2400106896566205856661185277013004171884605617752 65.091497911185263606578333922774024115772740193437
1.4314985270756397179985923176584716828128916005639 -77.599838466417516656532676137747022330066069267955
-1.6150655553291392192315380101573229762876645458589 91.128758759899215082635797784002791443454272290231
1.8041213308067113491992587770696309943658295481619 -106.69241776583812036318775242457302873022606927281
-2.0162451081582773338998708282666605422473355781576 125.60177509811774769927475442153373713861643369097
2.2808196826030199086882047770478105658644920224491 -149.86036127532845477419174367382181151836926532883
-2.6560648048576246300851379601830977582552592195869 182.94196291688307344614946291424146879325863109854
3.2775739502836678508441326735704314174767593576166 -231.68466995594788579598851013378679225753383853390
-4.5339116440179558843520907196480805644421124303949 311.93982489885770112122362956536270781365699882291
7.9749212724174779991139915682698987164916009402263 -471.13996399169017853239312184398856957798403160481
-25.971313454224101388093275157573411515497528014331 946.23888544117483350512334966541515094380049818845
39.653044178981307518775081178090113295092812149082 0.0
-23.267162449607244193643199672703484808579128969547 -946.10145348929302890898296893961107150777298417084
6.5548600698554016606628101192683774554722476292897 470.56623618066966600679147239503560333523423709423
-3.5104389640027940967342158680694109110894900064345 -310.59267407671175727135862837668068340298606498208
2.4271420951078106279474612919775257458757323350200 229.14747437135248253760988749594659306614720515251
-1.8867970216327758023510546424932016301251221432676 -178.66211686704471859486186974014684430700610901636
1.5430019154538855055933717586719609136117764304827 143.05375462512365899386923537200731654993998176015
-1.2752003004787652758979171310302496308129309548914 -115.07051529306304783908715454898817422009410869015
1.0264397719828012458631325093087256614582367242307 90.416918879638633695466359929071423105802320972108
-0.75120359714255167939021176568972698078575232464559 -65.067987990692533645670035581340901293467636512636
0.30044185167713400151685702013378119073433154120384 25.830562843425666208320311227597338581650994207350
0.0 0.0
0.0 0.0
0.0 0.0
0.0 0.0
0.0 0.0
0.0 0.0
0.0 0.0
0.0 0.0
0.0 0.0
0.0 0.0
0.0 0.0
0.0 0.0
0.0 0.0
0.0 0.0
0.0 0.0
0.0 0.0
0.0 0.0
0.0 0.0
0.0 0.0
0.0 0.0
0.0 0.0
0.0 0.0
0.0 0.0
-0.29803729873572901265549062105889418044633715536388 14.317806143256008307283838813215620647481919975966
0.74023857250307059960470689080147469310054610686213 -35.794580138194156283413460974551239558189520968472
-0.99435229013371389974076709001994935244197346814621 48.827922645369363931472585854189736879220653313201
1.1974256477696548760114592194448245816045332308065 -60.239538280092253689403784245312326472937432279014
-1.3743216690432360908798074661038049983360315830912 71.455328568466213385878269012824355040914485789471
1.5374113982683180118284033048915249023075758460811 -83.329887056753788088427974428582603245340663336702
-1.6962190835038465748637222960838217399706279811908 96.639888758656807356649674107918939521927500568428
1.8612989777924528468141928743474864064375179852186 -112.30671417321053494037966022582982237490897255284
-2.0479634343391768467516087331294045842586263449064 131.62492975011184991171462030185978723479574838893
2.2828807797960946599286322544756957571247053312612 -156.64295948280763046138916006633257562349428936820
-2.6197044423467124443961798124120031174925136639895 190.96110862209796180480229362048473850592752244430
3.1841346896435848618112452155022011409361763561439 -241.70213395839738388345339207161999427865475680924
-4.3374151915306943968520932443802497874276658063616 325.40461182926290588048229767662903666015642671134
7.5232564785030466595962177971927534297930038485481 -491.57868509825903834976154102760263302133365178548
-24.286959111841317435599790334227344676297292563993 987.56895544587445640608161324414835397273446882412
37.225894287903307212881868983271934605199596976779 0.0
-22.003033210302397353815314258968972576487321891277 -987.32452621751209619196758895037702127062690420405
6.2716841726681292253275362802317512842281892534241 490.56473167203052142761099713482515579860467407664
-3.3788468047877749886808534592323926212303604799670 -323.01501006366902949355270512804884686193189369626
2.3304094409008251412080846410673771792897482882865 237.16681739885552782796480744838709936061814491751
-1.7905439659092717380222089337228986161683919899239 -183.21838834633583324173854634153257711746631831938
1.4300830275483680318404020650780664927269446164344 144.10266533684823310510630282411261463091676048343
-1.1294412643669991234834704814023936879515156537894 -111.64819077744800743437142038090003962069049606300
0.81835972856211813974053838104699971889859696836817 79.701240226038065168420050812553519570476182769095
-0.32604970198022147782314303367960874613447872102352 -31.537081205768614031877498268023583616350144136440
0.0 0.0
0.0 0.0
0.0 0.0
0.0 0.0
0.0 0.0
0.0 0.0
0.0 0.0
0.0 0.0
0.0 0.0
0.0 0.0
0.0 0.0
0.0 0.0
0.0 0.0
0.0 0.0
0.0 0.0
0.0 0.0
0.0 0.0
0.0 0.0
0.0 0.0
0.0 0.0
0.0 0.0
0.0 0.0
0.0 0.0
0.29636431007552469645579427169906496518044090251179 -13.626720624154477906702477200863462748367838678686
-0.73562282794343453823880476576684496858870052046287 34.043239818617190769886021355187893826964802189320
0.98664393637376844270708149373651463442248293931258 -46.361492565582533507206959988207793993763619595700
-1.1850968146567402880559914602622613707464678967639 57.040769381887587188643214298021874070604741999715
1.3549265499741873967290724636697887650194085812368 -67.394255383141845751363971259332019153526338908627
-1.5072738425175461205397110327390299687883400096782 78.169093718918335443579503579723791576509597479502
1.6497227405381500659024495033137592969295800362061 -89.997977321863941208069939033193510913664958737272
-1.7894842700353435451688847941053159534721242258744 103.57768924280295513080816734124720026348920393169
1.9356481245327805069163337592488662814822003451739 -119.81886626318293551779758527644796118393930790634
-2.1022575548825300937790205683649741178006543434218 140.05854340414003362181858716419644667381418495827
2.3144265840564959734111039000448118096793724131329 -166.45230781543042854108283955469425010892600658158
-2.6232353191017033089600452311700000273663946159441 202.81740571136039628034220543757977033925438547940
3.1489634038850333672630904098778354726473340777880 -256.72667516873684156274547841840715918474224833717
-4.2383398043943492582878466527572039666240931427694 345.77834435936866238031651721678860191774684474907
7.2805270444180183370325802563653172120366581839915 -522.66107471290962468165920671047340452687035533840
-23.412739289728169025607555020545699704720121578253 1050.5811405975377426463332377085183491203631065658
36.113727413295417310701860166387686725649180340525 0.0
-21.529920527049138131667131636542356353343863302425 -1050.1685074713173356282988650963431814880773866386
6.1830682408830088981377931139112717586686148582403 520.94890547307511912036226671975259381227079204397
-3.3289501280347554689190058306169954621459064582585 -341.71098934379190886106434721423867543596504088681
2.2720659268546825928478717651448405384634674725018 248.90182417074421540698485039848142797281407148988
-1.7066131600382188834310543737628244567067012331283 -189.17485044252224913672385665813104226157402031856
1.3042754536839958013867480623168291102268880123504 143.60116754199259015265411236571665252197175438342
-0.92924718327621011218131032720159461436429885436128 -101.34631078059145284782114827994896386722227758550
0.36788095237014523021657131432947700829464388160986 39.920337607641601287323813022567119522111908058355
0.0 0.0
0.0 0.0
0.0 0.0
0.0 0.0
0.0 0.0
0.0 0.0
0.0 0.0
0.0 0.0
0.0 0.0
0.0 0.0
0.0 0.0
0.0 0.0
0.0 0.0
0.0 0.0
0.0 0.0
0.0 0.0
0.0 0.0
0.0 0.0
0.0 0.0
0.0 0.0
0.0 0.0
0.0 0.0
0.0 0.0
-0.30071641311024527943698120463064132293546852817806 13.256444213246432203420680703593627174181024022873
0.74610620174274744382350001897018130906284713921061 -33.099816529595659255170298259028277612904915618075
-0.99966359863966789878356235999678113156299447338964 45.016716974545820070537096840419169520032631328437
1.1986480479691852600014036202439159753022957788965 -55.266155217878091225125340319291509902066905709733
-1.3668655116786529118768508214520700878753367805857 65.093992851344534606454421193170925920248417741792
1.5149217093291240826938685071041156981113869002701 -75.181006037560457040380088751050292243813065995233
-1.6494303341901563123133283719827359811416803799057 86.071321650647140103032845109551061945541825324550
1.7759245078693777165013543809845687146072545732529 -98.327152302351969351757958373119048510641535922494
-1.9005010345177700672307347132020684704253528654122 112.63849978662053677834635960455110494631939573605
2.0315408612566071878376256027473872787744887640745 -129.95644232218226085605355610962111591842526236538
-2.1825502880179392462700433203935980319988615580650 151.71183541539281083561994003719992385804830542889
2.3781449206874056566309971090373295812870766993060 -180.23600609379222437545698744948627068759265633698
-2.6688407193584211024469561470071563220903849699288 219.67494636050925983006756227771231462756259209031
3.1741946457384634274039717588996640348049331011905 -278.26550041477031839740357651375682987115572457983
-4.2401361930952031866677691793423060193691747633103 375.15400557234687080031160720482984093962082160823
7.2572626416949171481517539347072869948302326430890 -567.65567309840152884626042600103037929864709150038
-23.413234357452629812715207759046937840239242107222 1142.0312188032108906929831789646006416056802939800
36.475313707188778315959863936781537124186778728230 0.0
-21.977511825742394370261904353245713002271418699019 -1141.3241167070889527259547339500020364163034233185
6.3286666475388388862219272382593524807399226145235 564.70644097721303526057523790319447441955133236575
-3.3786811165782264639507642597280735264186187588005 -368.05139350216348164303939098321211120817002204302
2.2573249617376081207937026953627224258203762194806 264.28617347279994177268872537133469109027768157324
-1.6252765438526928984854899692967829910544509043588 -194.37635010753300511680488061694723354032841682771
1.1241241071254018958459296068389733371143489676400 134.87397294211449134918498408828016782699193672734
-0.44015897583959577418553127628689331947932670395652 -52.777410444478955644925849090318155366312994780617
0.0 0.0
0.0 0.0
0.0 0.0
0.0 0.0
0.0 0.0
0.0 0.0
0.0 0.0
0.0 0.0
0.0 0.0
0.0 0.0
0.0 0.0
0.0 0.0
0.0 0.0
0.0 0.0
0.0 0.0
0.0 0.0
0.0 0.0
0.0 0.0
0.0 0.0
0.0 0.0
0.0 0.0
0.0 0.0
0.0 0.0
0.31123683775046643230472777792692223675880468741348 -13.198672485748223298655549698583055222990655461388
-0.77198069365590161623852102915764667526259898696133 32.940971764731212421282325812605337915386554888230
1.0335913276446868186002605296039643817971418933397 -44.753167166164730172848684236935474724001120352162
-1.2378545023847719456472960361158884756164943382432 54.847953234581028225046163364199393841558514824628
1.4090855393879473076970914099668836413863681739071 -64.442153712024953509024569113621199535534534110165
-1.5578187436004068015613080733104823461623373508330 74.180210476073151715360042585736690115337975222217
1.6902414633110804216117679203911879787201152895654 -84.553755046962468566856669707390089169896379124259
-1.8110429465821993442494231898636240794152402643879 96.044122789084750290452331976526677175764336031057
1.9248060121780347079148019487929099974642411216746 -109.21083083869714592800961802677340998558300649000
-2.0371576232057401432590244794474748720079764383988 124.78455555984530795948103164625115580105926350120
2.1563241909623914941630467214256102259557754095795 -143.80353586082383893259051711348057615493055537150
-2.2959766750244560521356519659591395460631641495762 167.85197162671436088428821484662684260337996109546
2.4814119812197089248034454387836933343687990348162 -199.52696645268069210023240774344487780415432127394
-2.7649854332404267588969719951954065045255295317889 243.45799376509541257722457046617537367018920074408
3.2713303454406548939438876476136044900785794136058 -308.84763113088072982421646128483742203692548303428
-4.3628268947263597248493088221435290311012877708692 417.08270742230243561608077028310503220908649202675
7.5029809715883570725113378221378136135270678806434 -632.15697654601077300349329142632355111761352791944
-24.523889024043005373314533335511540509318662174606 1273.5611838372004701398785715159624094373695787045
38.790825730218387896755620018419915485223308147140 0.0
-23.697186316502272929497357263656637900593436949255 -1272.2791862121145453155968171648272376962977983435
6.8095242187799304146231178636960671470474039075674 626.75052851460220494617001401859752690930026434807
-3.5717753974276046473257877559117040586588539223879 -403.75620451878360399363293761965556595873204227198
2.2951598734619616070037172723878888690879410984778 281.53862499125700946528970626314193232137886859002
-1.5036699078063972839936958726539148230194016846768 -190.18385131707464070246344617429024201095371868768
0.57727875796570568962806427271657420266198597271219 73.670756356952072039719186860540236557023724179130
0.0 0.0
0.0 0.0
0.0 0.0
0.0 0.0
0.0 0.0
0.0 0.0
0.0 0.0
0.0 0.0
0.0 0.0
0.0 0.0
0.0 0.0
0.0 0.0
0.0 0.0
0.0 0.0
0.0 0.0
0.0 0.0
0.0 0.0
0.0 0.0
0.0 0.0
0.0 0.0
0.0 0.0
0.0 0.0
0.0 0.0
-0.32906097095217072664696000471276370076732008927029 13.484455856293889848366349611814715728967243473194
0.81602421791839155694052731164954376168430687736160 -33.642425585992255101281891151020635861828087652674
-1.0920197717109785632874081771404031326220650857532 45.667829045813995739898474652204116915063328793438
1.3067577135068110243915334579039023884787436178012 -55.892893504040870391289628260503625299239646794412
-1.4857238216549184182425991492100384184125424937719 65.542659618057706024170449817214108195168574671526
1.6397620953182163846525530914132966933230667236233 -75.250520831565017815880606317276441040016677387720
-1.7749925301247136400448235920950101487511353915400 85.482138786183587679946067721534885764328302340346
1.8957317445895462500539649117709452166095749417311 -96.673573867436879470032505098061793783471849632137
-2.0058008535231823677144516058169746638217487035917 109.30885812833574302709892790687291151109713263126
2.1094286272716033345982226234640776027899575166066 -123.99167500357045346042190501220593717721507934305
-2.2122536800825562219402552960419449742255469071268 141.53986638844870843722035943658814051251858769724
2.3229104958284364584173930020489462319316705397999 -163.13691007786488246626227367683096063683311008067
-2.4561038746000127043897751947692305718957012338250 190.60424887458624776102671792940125174895063931192
2.6394220624029589900081848258016488903522760496753 -226.93901624717975814353765548277440949071753805366
-2.9304908754225916905021226700858708420658698943232 277.49021079622012572256244191458523222244451751974
3.4675098455687590776267445359921716229957435554106 -352.89003723519391389019744511125942447309203637960
-4.6550364495464953275690193114693357884082026517514 477.83146320218412419156050845891761709928392193644
8.1378378474775609866723888097127117307611077430029 -726.13864879197925106021472836161624625609344115639
-27.307552346584792318598551126483814356650724193129 1466.1162727476792306563297950041247706223101811155
44.194088356216574110596572730749805863420359437102 0.0
-27.512319494554219794767781485621620967869665743471 -1463.5571441482581872479736564827078901050424605752
7.8604404374200081688742822098122844937965695067364 715.12132767146601584885038176486433114732844605560
-4.0014329698547327303394993998702499949454093551259 -449.50289286519644900969179762971020227708063411362
2.3650875944113456454022604628059602665786657891666 289.83687491028171253905155095503688324663210916657
-0.87564811049954836769557591291001883802953575158982 -110.41172800946359393915149278565491525653230045214
0.0 0.0
0.0 0.0
0.0 0.0
0.0 0.0
0.0 0.0
0.0 0.0
0.0 0.0
0.0 0.0
0.0 0.0
0.0 0.0
0.0 0.0
0.0 0.0
0.0 0.0
0.0 0.0
0.0 0.0
0.0 0.0
0.0 0.0
0.0 0.0
0.0 0.0
0.0 0.0
0.0 0.0
0.0 0.0
0.0 0.0
0.35688310495614693412387110503583494410146363229006 -14.205954595489954762750760554480281668874257034834
-0.88489389928518395302340057041568163210541052365081 35.432833945461714152761516575594266112907176807105
1.1837775372894943829354432440359895343873496148343 -48.066885662441469969130112951983694455007190849047
-1.4157590050785941818384181225929256804947787091230 58.767131897490647604693851709322413719839850771864
1.6083208038158874016062825731670112389018425727710 -68.809912587068724688439168433433665597801474841207
-1.7730205884081954323567133640788727224233758476463 78.843253734626871958371736474660671982329629235770
1.9162121523612638164942093613030045596446577970896 -89.330104750979259017752913964531414214633613158194
-2.0421585833361648908435381723186189553273996048685 100.68876898446631952247568475110071305153848020006
2.1543575303956676902700950906131866557427960082082 -113.36621273351763899503556083474870140498702651099
-2.2563503797478170658273920541608133059547174363226 127.89890682698067599146721480940122593615066983477
2.3524787700148670537503314919793056715185726809109 -144.98551710156643611222315658388330155938826943708
-2.4489207356599003850974064729580028633086094488150 165.59453653386494692824227627552782329442277392239
2.5554957487264262139204452098827276732407711236965 -191.14409804406352833857885863608344368438089951126
-2.6892937405031799706026110337376327232086454354758 223.82950764528568954595865087525676890851548420227
2.8828430957204965531796057891717664663862300792134 -267.27220796522524713461563960759714649178432040757
-3.2048655168635436618645405821495633644228873365668 327.93961279152329175888739948463844395261627669891
3.8218714464228823572468394767774986764961891009718 -418.68097378565977196508153891736060094210679114925
-5.2261679840549809798281388012316356271343750587462 569.30451345934042063349322553166365457261705443869
9.4393504366195478856332467134802814403860354758231 -868.80047488043735242761886858974802070245593303592
-33.095317762732606766050067659604411052210351133278 1760.5527138157740037607340816908858597229483131191
55.442809236360802370782952759147743285858987069546 0.0
-35.466531522725140647217232695682318900698860560560 -1754.6184936343153607124086123348274064915726378275
10.059717533570300647664485534467909282985331422073 842.19971792231475132823013467448533049175403533522
-4.8214903620373126419098135290748998124667037419868 -494.43498474133550507278523611612703757539301163166
1.6661061960032240725779455840127195090849066435863 182.66314008417446933548491093525092708958190677755
0.0 0.0
0.0 0.0
0.0 0.0
0.0 0.0
0.0 0.0
0.0 0.0
0.0 0.0
0.0 0.0
0.0 0.0
0.0 0.0
0.0 0.0
0.0 0.0
0.0 0.0
0.0 0.0
0.0 0.0
0.0 0.0
0.0 0.0
0.0 0.0
0.0 0.0
0.0 0.0
0.0 0.0
0.0 0.0
0.0 0.0
-0.40065539578286536936363765002116282625418287569192 15.580555221813910447915885647089345636322804350226
0.99333160117237914347399524360569805127119168035244 -38.853426114427554851545694812380623747562766623971
-1.3285315661160497457110714480702672739082092544199 52.681328287832068734126597165529519384578985335472
1.5882699627996231308251176759179585581235569228144 -64.357874364140412170333552408856976367425638901863
-1.8032838843993672316234449594286073578130513100525 75.271525658846407417293872773723130948800756589127
1.9864026089209043427727258352415470672131419791603 -86.117872911704488492108281314714025111432349911357
-2.1445601695323856011273836611858865535687193876724 97.383290614487925316437566144590556549679234071348
2.2822558105929702807535924528534254731187036247304 -109.49532949219213636155689701311428235328307078944
-2.4029847289546206831592581264036293552061602197408 122.89730424956154381327064072153579041488131890897
2.5100460006002570487509748779198996533656589510889 -138.10521218039417722707253864359208040863428063264
-2.6072051517293670879369548314527071569425472982856 155.77016985517614306603026906069200737327608477040
2.6994902338598372444599201458329310029958198168339 -176.76455793448731797625499428460250297949284839971
-2.7944479060949474858645792028400833678925939664541 202.31714261079678114788887759743702944064763298872
2.9044704988439104075034736374887859556096955035369 -234.24347064780359305157334350297405929587631323731
-3.0516045733148646208675074970209705124986297535689 275.36827790126186183529222559429861231618034924994
3.2785467703095589471892061278005665797759079501659 -330.36356556377910759988301672484038152757798986429
-3.6769315618983692350568662917556278681299586068966 407.58092964309290333892691155483518748203638071128
4.4722446663052122660170152477776006768113738195072 -523.60756635682567305239434697483732813036084694058
-6.3416868428848162287781995735667130810044584667277 716.86909870479305711770987226757891149247321253528
12.111042842289491776211837481507044764701548084086 -1101.8294847237310575090043046846509576408076819480
-45.426997029425207584843525716159631971360954097305 2247.3877674513611033930387549248171453558727643776
80.312545173596709608754846451558747520465803560927 0.0
-53.541211850718462814337263723807673027183676353222 -2229.8582719121468652084407854618962677370575249952
14.970722643066079638054267383813976224169330289049 1015.4470101632831753347681674233461850204331924935
-4.4748887483914751558288751420673270981205941460901 -350.95888848859122117242966541243237307590734112413
0.0 0.0
0.0 0.0
0.0 0.0
0.0 0.0
0.0 0.0
0.0 0.0
0.0 0.0
0.0 0.0
0.0 0.0
0.0 0.0
0.0 0.0
0.0 0.0
0.0 0.0
0.0 0.0
0.0 0.0
0.0 0.0
0.0 0.0
0.0 0.0
0.0 0.0
0.0 0.0
0.0 0.0
0.0 0.0
0.0 0.0
0.47529287533602508406981787562605603837288928801296 -18.165870416868584595689992884310689415877446127406
-1.1783032418810526876601423224912063020445335004710 45.293890079233038120686786396431834731219035641979
1.5756814571928092663660547199851299852395716092868 -61.392697459958394352987801840346959769343719684334
-1.8832671478891032470485993241678200438912530264964 74.958208902869652216352049357723576327152358300330
2.1374358844085741640386440011810028920825518146015 -87.600118067390786006237768816092140747913992622925
-2.3532989076284478998497077565361866309670590599534 100.11739754735526568641955638380759571368426073877
2.5389372827033581346194340824594309193411670069766 -113.06033802016811513291106051718712129288092818415
-2.6994837874585689516501619780566569755248173352702 126.90322110346591666155404595888335066151640467884
2.8387828749127175392806565035947108081461733891823 -142.12709367702821890612351470293773287316535984882
-2.9602852551337666089098568627172566150725846321961 159.27923714470206084180659066510798649678532647362
3.0677190066256226834643938088384739273792962319672 -179.03416212226139479282963687978529848161619129238
-3.1658164968350294064589312323679579063058500438363 202.27300858372918397116676275188834411060005316418
3.2613688943425516424389468593037819603201476475808 -230.20183997287794453682949436573673961080750833401
-3.3650545838982251916211713549965177162656941807536 264.54303782349687948463191830304832955789067153785
3.4949834597472003847734550670035776244111949989786 -307.86573610179273172424547778905484081556537026924
-3.6842202421911307145261262367056739401645506699491 364.19470179073599726085139776061576413759499620622
3.9983571063502876984671891805481097875049563616716 -440.22046654328577470481087279648645085802109949234
-4.5816355601072447688448563918203945117406426404611 547.94465659700373181948327909863716781861158644044
5.7982294302247452862020474759336778892493204698012 -711.24698546903602276519797032132724201272753072853
-8.7722703576621685031239303689051501503687023622254 985.43720024076975500321065274469751983858443699862
18.333395146797304894440443148940059643712640709442 -1534.8721442391304811937247651350941464087240116389
-76.181584150620141925833898476610026206844591919522 3172.7734527053314479289388153341766786295984212061
147.85641573670781950576959620358446593349681173169 0.0
-105.20627696914789801244683253879940876226283971946 -3091.6826332475960605137267423212394690546747377906
20.768348422430515854439493202740720853947140754860 873.75099917657650718390092378950316939673580244806
0.0 0.0
0.0 0.0
0.0 0.0
0.0 0.0
0.0 0.0
0.0 0.0
0.0 0.0
0.0 0.0
0.0 0.0
0.0 0.0
0.0 0.0
0.0 0.0
0.0 0.0
0.0 0.0
0.0 0.0
0.0 0.0
0.0 0.0
0.0 0.0
0.0 0.0
0.0 0.0
0.0 0.0
0.0 0.0
0.0 0.0
-0.63269512037471727196703263712846545245761481853100 23.915086767234736075922188339986890054990683577690
1.5684623202722524035434398174440763499256363032456 -59.623338408115883726003055360281728446585464716923
-2.0972321188249103892305720712363892338951452282053 80.797915063411214979814799544296439079830151650288
2.5062597765525095868969221542217048553290299057786 -98.617125086403720624723104374375449799116254515779
-2.8439003067840472315443885669696838157012538812673 115.19274528302214115730433349115040718350187820279
3.1301876138376001210413514060641395988003395429873 -131.56701402842884219457660130870634772764546040373
-3.3757708133892108305888836958946162638422182848951 148.45110792112982799097248186947051431877043750897
3.5873314986128407581925741380484201944796485493603 -166.45043921209907627539628414005971056821783168509
-3.7697675545385183944146397578716545376192064532102 186.17050755641482590222324001593692895929796025929
3.9273405798957443764536919014213724402142559807496 -208.29014589939297011491672646743589461699661643627
-4.0644928346589156933453073922488598058196827997582 233.63335295452730432714008669304483070507915722532
4.1866739613288749550741059994434975519381365122437 -263.25908349522618475970051317357978483413969829914
-4.3014711332832471258581530085940558377044802454275 298.59026720973702751400154982942406361921472848935
4.4204797307420384189164918280125809945032129025934 -341.61506362163610781472801887846230908385825901620
-4.5627786997787745573883469952213292970017262825388 395.22019166403657978460947169338705887925133040326
4.7619658504897805262627820949411586083035853668826 -463.77475693351745540404565867042766307357307358861
-5.0816366129605845677745300134499414583695650065031 554.21757818560428016812977334832809354105257936113
5.6528521684016503138518101086701777718764837097343 -678.23706081389570380511805751166672126164340281851
-6.7763379235871847577891179902391335797960119305414 857.06978469352362806500014781293761924045996589681
9.2491917949584347773793705990077006092352582488247 -1133.4704269013740884843140538388001083192178862659
-15.674673705357133499966744073752247511433201434591 1607.4090109886422060059965697409802467513542035029
37.998343144140040604320350616516704257359233662379 -2577.3841955950516612746578945445205694827048987611
-187.67297800401738308492914633579857984716704710799 5515.1204238035311839927706338216244269369146964567
453.29755342570214214531287932016084083195785267045 0.0
-293.32012202150650044926122877544373628997179998188 -3893.5003656584474610680151825883781522581818321931
0.0 0.0
0.0 0.0
0.0 0.0
0.0 0.0
0.0 0.0
0.0 0.0
0.0 0.0
0.0 0.0
0.0 0.0
0.0 0.0
0.0 0.0
0.0 0.0
0.0 0.0
0.0 0.0
0.0 0.0
0.0 0.0
0.0 0.0
0.0 0.0
0.0 0.0
0.0 0.0
0.0 0.0
0.0 0.0
0.0 0.0
1.1736164032690077810224427492546031035085257697117 -44.151759029191901622668145377063603372465874717101
-2.9093716342039132758236877431194809525973677546595 110.07177061632879847516083296178319144455647847958
3.8900552977157099485196407393386715390894824155905 -149.14913399128861239039825154943485991863428886869
-4.6484630602638626010116301151720441472992076903647 182.01615598562395962090660986759687819955232090565
5.2742409719514939453694120831254907404491201945664 -212.56592823840725085546993433073315543927887509106
-5.8044903611104115207376734090911105928034008474284 242.71528976606115317469278801730522323653081261497
6.2588852327053293110140357859627975731850635287297 -273.76711569211576833247776103041022936661464608174
-6.6497093062314820445581059700249144050150778742281 306.82475717966228132070795482697047187958126805213
6.9858886264899085751238566480525358870698696596591 -342.98516994614509419541955030576840399541172289743
-7.2750896839897472443118319413136988353825873759355 383.47046601717788371614084622124425530200818545628
7.5251821520267010275794124142501222142119715818403 -429.75443143536349581743780144452276641558808140821
-7.7456766697011662722275603438259521796529043406174 483.71781668393767908495334216896614078365002668435
7.9496385106000451405937491447503185578589396514507 -547.86783570917982000262859053377072513019380955070
-8.1567893093935913741482637112399939045479053874711 625.67492394843013327710035426188735374038560405849
8.3991624343603960196037716336472569265814433134624 -722.12007708577941808941857123712306170365548052923
-8.7323199214905582312018721572607679840320569767066 844.63160311523397158076399866290322268269215328928
9.2594130545083069544405254138831522739158104018830 -1004.7785643782436588737167651449429325341438273251
-10.187479149960709931797206847681464062957994737518 1221.5331232685961177244188610162799714304946561844
11.973798013353820175972464390439458735717537640537 -1528.0637715090669110535787411190157738615591821889
-15.761225178869923540228957178960446611496377528259 1987.3555217889009929347954029947903469875495130210
24.930080984590368393548794345757372323519042887441 -2733.2032532632347261447542837376594833009116336392
-52.276673237086721946416653671301053653668718151608 4099.9819581579905757367404361283361341016111515308
170.51628346697473834806750035975841905861547496928 -7173.8382862564380649019669698683613590835923711653
-1350.0369674825377980943185751972564232525035544844 17920.248329094451395505769834520275978299216273983
4799.9780820860720142413970082172514426894580076114 0.0
-3961.4273514674231083466598078082953693329143234872 -17920.250893588881087239338191862499928241734821943
471.28501830585196574422966223107974633373165334290 7173.8417445419170521363008809616645883946052025844
-127.99229294198665810717137214027012779477580050221 -4099.9861446459896953377260571935868553863598564772
50.193229626916463683675664647075191574393058723077 2733.2080842240999269496254369007092573117883416533
-24.531128308434087506818722226432248249942140577635 -1987.3609463509872488980137918655988981164244178889
14.019393765545609988651356722552505691607416424548 1528.0697536465003830878359028006915732572034837446
-9.0607652036361947133849010238128410632100854521640 -1221.5396326467300282249997777207196376230994560750
6.4765984037975733989236956173110058682821975848436 1004.7855707315273829238300490303525869224631644856
-5.0242317706718819772996208804749101323679160813116 -844.63907238639085003790927622522041309272667176872
4.1554789115323546150141717443869328760058622074181 722.12796862268933794367715749410348364621457061247
-3.6051273141166417049493418247880398355563811643781 -625.68318844334858532188239165921971553838511573293
3.2351271616491415283323773803429778086111397787700 547.87641372039277034609921471888569812509884213628
-2.9691819812645960971652971303481703357821680243796 -483.72663764083612948859324628368872789646989082874
2.7629185131858461157733576945022237029529486265724 429.76341304326739911662360351190633301784579658796
-2.5893137818818005086005314665271354219250016647295 -383.47951396557022067177322135411259914561974700219
2.4311348266400873513249408992806909919066738648119 342.99417778589626111743882555610013315343075984518
-2.2767801754194940780127159076365556047813063222135 -306.83360616131541697218316378629627187207517946138
2.1178222950731272263438789233181356873699493529305 273.77567421744360279234606024598135071471645497187
-1.9473685809650982685165041009251001570080590161849 -242.72341181767987766327658819312037933583034697797
1.7586716172775799393080203853681207002999378930642 212.57344948923285546226541522897125734448872990101
-1.5433626913891442768403434735695668778966531827987 -182.02288451126021787477863584731741459178766425886
1.2878534615117147721632216597058616979156234044952 149.15482660353087398036740745971502208658580628952
-0.96153669935506819146509744389297253759117781317835 -110.07605779675799154509101619053250825950628606327
0.38760366898332681049789479029998603856634758815274 44.153493554670551194650588525134341572288974764879
0.0 0.0
0.0 0.0
0.0 0.0
0.0 0.0
0.0 0.0
0.0 0.0
0.0 0.0
0.0 0.0
0.0 0.0
0.0 0.0
0.0 0.0
0.0 0.0
0.0 0.0
0.0 0.0
0.0 0.0
0.0 0.0
0.0 0.0
0.0 0.0
0.0 0.0
0.0 0.0
0.0 0.0
0.0 0.0
0.0 0.0
-2577.2921792878451154004405910168662155762449783917 11658.858886258298339694321214826871026700421416841
3905.1361567281332358814066145146438853212418685690 0.0
-1540.0782226479221397029532896025354860064748119075 -16514.713168139217359177718082422775745680756639165
279.18248006867849435951130652778641188501387886549 7717.8339523308083125406250085447800470997600529043
-95.607259289770383227853249451285572869360030894240 -4813.3006795148352279923132136087108847306295106005
43.832687769980295467447833812276027790075044835659 3394.1200946884547221578544118620423789865308885976
-24.162591820249260421883162006137572581256556037834 -2566.4553373365451137988033800005720751526652832565
15.267816593513077770965611812113994243727138375932 2030.9519914278411112055940751519177701544432599658
-10.752304060030657925272442113745158571953397405273 -1659.5836615052537437990957082304014468703784881573
8.2585619399403825468742798222971298664008959106426 1388.7586373129990305805211280956059621840411450279
-6.7854644749129481434284361355122435279877594552843 -1183.4766576131326808140255888399023598967630497987
5.8611778481228739427204009137604950541992695473960 1022.9598189817662854896848673331634322062873511627
-5.2446822513579794597682687321509584497754147213508 -894.12507231055254815325394709416837669730783862904
4.8046331037013247822465899636164694707837544847632 788.32828759147548251140734906466804122527510762115
-4.4654678075565841557436677165059037565913984538454 -699.61601778166200074244650483302037529061531439532
4.1815689642087481471883233986725764427711906947514 623.72736325540505317097549360966499168131210712052
-3.9240587494674875536379286346437632381864191004683 -557.49132591332791834990760519335638704498812172817
3.6736251839815292228003284622229674074351797997150 498.44046965556053880717569056871283020145819608631
-3.4163318318602046425986035104123912651872392919444 -444.54204794548951746469762892855632118045809076636
3.1408592342490765678274171350185838593406692508992 393.98290397683011140553779845660259455025966669109
-2.8362027847782141906259343774234845114285811301682 -344.95013637420079520122891880336187399222757852629
2.4887907639377941707872058704782866277332378005981 295.31412355220267245391889922693942233835123339963
-2.0766630908225801833775214814862755479351006149136 -241.95386042040619908442491806768520382813760080322
1.5504342105930202849557637297708148736955208735321 178.54554989691936305583849752713152454386551879621
-0.62498623684546580903061599868800609356397150651650 -71.615140460267544583347186082700508697644090001680
0.0 0.0
0.0 0.0
0.0 0.0
0.0 0.0
0.0 0.0
0.0 0.0
0.0 0.0
0.0 0.0
0.0 0.0
0.0 0.0
0.0 0.0
0.0 0.0
0.0 0.0
0.0 0.0
0.0 0.0
0.0 0.0
0.0 0.0
0.0 0.0
0.0 0.0
0.0 0.0
0.0 0.0
0.0 0.0
171.89784314064568604578306386378783441844711373164 -2616.6075199080228443568334709598378068681543977320
-863.41107093241144057084082207393397670015303556537 9258.6116555356495328948099057945030358028490289493
1162.9653716045483579806791503417690735197176556038 0.0
-555.96940057355920258928897818489108011925052164872 -9501.4613547852002528529848707706933571118937377636
113.94381980384114437753052512256302825097091070577 4596.4640922811804557036531279922451380194762327640
-43.033704933653966524130147794693497898183983966539 -2951.0803754144137275766023073203891124666906136446
21.473125337593027317413379942462858587300821120966 2129.9678034020549942286511504767616934265907274531
-12.785048065737586833199634480433057144108518735462 -1640.9294531083877995374504545569709962641584394836
8.6661874585424085403380526525593812464641995693665 1318.3300693078381481330137827592233262703260022688
-6.4904856720391540399325875206610422384194159364443 -1090.6574338832623732659540651300959814928639882940
5.2447027244930548956458187237328160320331933369843 921.97045199563688982127573535326427705651771502550
-4.4812003888811056387925478693781810256611135419187 -792.23308019459066160864351801552910037302304650196
3.9815956310147933408275592890943338027370564161924 689.39239800532707585770325743973599427075326634711
-3.6308663310717817668358715429060632868102322968140 -605.75464572225855397669709944787554411229018056300
3.3645494111430976764848986358022240223132054486363 536.16181949944205365658061071791474627027594309542
-3.1445322885817651448334263788473629313898712282902 -477.00212503439081616533836720063517398673603188423
2.9471064327239739478806506441607323399014959734404 425.63681122200082012827703718709638133921591933859
-2.7566645084723957479970972011701996517706208974597 -380.04591653345734661702906423117694092904611479282
2.5621169875247623804659910294832942195968046580571 338.59049013605479202779484692090747052950662629348
-2.3546025928255791068551786882848965673110585796479 -299.82993078587557893531849026373242968772204393225
2.1256469217271700638139525222317135507132680837164 262.34389231070753780499597811673410047745875902025
-1.8649398883236039283802538269206806035145501604202 -224.48439404122214099876791516561397100537526948844
1.5559386846871373532455631996336677784889992075553 183.85870254129063628701609290777684021426497175212
-1.1615841006067022650179604061399917965428218251077 -135.64613898889641972848217082180387570876164496806
0.46822650251342310325816384681903954750377445714536 54.403165823375058153522434148577909727265985959439
0.0 0.0
0.0 0.0
0.0 0.0
0.0 0.0
0.0 0.0
0.0 0.0
0.0 0.0
0.0 0.0
0.0 0.0
0.0 0.0
0.0 0.0
0.0 0.0
0.0 0.0
0.0 0.0
0.0 0.0
0.0 0.0
0.0 0.0
0.0 0.0
0.0 0.0
0.0 0.0
0.0 0.0
-32.814290977192665460236533786325616705959425938134 1051.1424966333881624556219718861397698212955666354
110.01588742544390535228789130120550770383955373363 -3041.3239077861242031552132375592372866089192237820
-390.78987380154418215941292127881151045737735034661 6678.5597911255691262678969269991191102036077340122
551.61680458211544851442355030451641006176575291533 0.0
-283.07011531865985857935560173389936995093154358232 -6731.0703381462001605235845200784246994825360145498
61.695697370548617209407558397362527730592751415924 3300.0530681009719619562620720649495224682140399644
-24.740146488835563143753753212901340942674913257633 -2147.0734859579243428049509605816389825869283547558
13.105956394959622451212799058760724821546422417154 1568.2437902023036350667564727346157049077966055935
-8.2740803995675374178928289917446695251939599968256 -1220.7373497155504955452810846239820872197961110329
5.9206832498462078899214623483676684695979670833672 989.46704411273279296856212342466413725503391109409
-4.6447972832367185535759799678798830861028937131457 -824.75318856478019934557854220535950774580890242516
3.8934578962685220558338838029515008497957651477790 701.58222794846015200453506492213236683199605818293
-3.4171462401486687204331206795272131483892865929027 -605.96121959861838917604938298667180181517089152859
3.0916958397932276109196638734373928791627282590146 529.42989372494031667304829165426035598745424932471
-2.8504505443979496536401143463592637331920628490063 -466.55056364816862723534699713276557481875845555929
2.6553169416765280870422052679228341463540398418267 413.64298646973763962155214737068512058827562727144
-2.4832561137855963371816575789301457526509840683825 -368.09431585175847495520309466840941848831707159980
2.3194766694005210853731752933257892176208935246764 327.95440489840330739201124617825044201165383160467
-2.1537228402465554457899701776786814342716032307635 -291.67779670990414319659514418222701200818294541685
1.9780078072045898821362297424885748634442247815895 257.93672158581329327108372575584302278283959156489
-1.7848912630444453976085224502418097436284998853744 -225.45061987833301621151895822102606089706823958634
1.5655195504624665326310620282635150835505259734393 192.76274152034088513280872743565814148357311612088
-1.3058830201788362532133053659610487883559643268580 -157.78969644008089546097812778622494276526901522396
0.97479855735391927021732193077130966411573364452196 116.37282702809211308203250626375230250514098802742
-0.39291714890908159445820605662088437165207076085068 -46.666511795845519064421119572652074002809109913168
0.0 0.0
0.0 0.0
0.0 0.0
0.0 0.0
0.0 0.0
0.0 0.0
0.0 0.0
0.0 0.0
0.0 0.0
0.0 0.0
0.0 0.0
0.0 0.0
0.0 0.0
0.0 0.0
0.0 0.0
0.0 0.0
0.0 0.0
0.0 0.0
0.0 0.0
0.0 0.0
10.048509346830177671461777299704771608243000761078 -547.17871683693283480510177106129537925437894295006
-29.419508217452844170226727770080662090133369916898 1481.1107435354466752198231582563649518647754790211
62.540375029614856300593984715616988677209835234534 -2522.8624828999508026380105320482485236201437164692
-221.04022624248945241159542894069045022116639957060 5256.0734245049020834606032384736252356302784308353
320.51122711026167699252877480574288508560535132952 0.0
-170.53616174851741290091367982694828593749777718668 -5273.8587757377540478449513063250838582309187962643
38.696790452914658375384793011688097820625728355043 2602.5556655345740844459607950777144667135357047540
-16.236704152902317386915890121210850292222581200223 -1705.3959163420204498842627662952486235570969056622
9.0307281886274209538154095630591117045515577734554 1254.1934589058517631965795749911827843581469964387
-5.9836086139332999391062216878094520491538828905427 -982.37204993445348073971745503677530538079246343897
4.4720383804816848184445667433273697800698151388993 800.63915440055591704098802667385110344170552631485
-3.6352300081375930395788122108826649968211808583992 -670.50396970573452114434708936578064002283049517043
3.1291404464034294208657745013163413024954961586759 572.59291516684156215391376170826235740132917943953
-2.7965846074129547109436194233228606814996631297859 -496.05770662644132390051646969068584340406108805375
2.5583554281233282849076093188339595737513050727510 434.32214722900230766018851075484539980595340526814
-2.3713519708355259342881432398971331272761678692560 -383.13811394754057047854371929541176847719967231736
2.2105272156432038599734760815386147272582467610852 339.60441021910815376733209919267060999976666088228
-2.0603521899947746365596245421591468260833667274956 -301.62812458948695076023377252865308070118041788447
1.9104153388791540221462196123105919484546484876286 267.60221108043823836761740197942457042306215575838
-1.7528892422682055696563556795983318230330612878200 -236.18773904243591761979189148006907530883353372660
1.5807436533895416022629079695860569664064224147766 206.13163597935077872641161210086939561547395546222
-1.3858742113538687529294166113854317939073796999226 -176.04708051265941599437079968156341472375000600293
1.1557160847899266475678937197979588195746082869804 143.99282007179932755626830400459970829212203524823
-0.86256751119814072446603776601058250451137283985638 -106.14537640202987634202833437952511854853888251160
0.34765741165814281277205621912820045315260289432553 42.556486097565251311235492423034893290926322663388
0.0 0.0
0.0 0.0
0.0 0.0
0.0 0.0
0.0 0.0
0.0 0.0
0.0 0.0
0.0 0.0
0.0 0.0
0.0 0.0
0.0 0.0
0.0 0.0
0.0 0.0
0.0 0.0
0.0 0.0
0.0 0.0
0.0 0.0
0.0 0.0
0.0 0.0
-4.0834239574440486497044216690558151986543979580098 330.81386222370313659770570710799847571308038348183
11.214840214029397507394435292192879812098655962812 -868.40475603293035297112045175051549556080225905115
-19.639430627064008605248381484218271908506034729576 1346.7940628676018785168505708956672538397045955894
40.057387400031948091497127041382311667352688054881 -2142.6373284288099924283267148564556559611959261645
-141.79696405930073519979903695610846078614933119801 4385.0943730039436709087149814067154652344448606723
208.86550423088715724674560055695675145759580674465 0.0
-113.56843414342303832218626620196037164286107669311 -4392.7714396849655104730215584251488178093006192571
26.591587455776320998377148661062863501665421789625 2175.6566565042669371939459967471581790082688330011
-11.599493389062510349448246158944884473077729080983 -1431.6810083085681604307447348713196844448894548484
6.7329764419757505753428206055166816280052471310701 1057.3328633749970984110282911016673865406085449572
-4.6491938512266430153790747701817779248659067274036 -831.42083916431286042030130207049908276918796146546
3.5997874647143839773919468041947982927325697578431 679.96005011177315213127701161957106982241421913026
-3.0068753890136161531054257813049634312196831476689 -571.09435849588183115169734317267126809114540694884
2.6377354500808667955857789475717507521185003275326 488.79712703348347163858805346705657003036990324090
-2.3851871747352198671667325334368985943759362638031 -424.08835804105585182922145535459049612809338232352
2.1947274370257238613634023912621446906657834789810 371.51064884449898464415703375247187194897822935219
-2.0363428169330265916992581547846561181653550743769 -327.51806245400322002744178872759521902038531527371
1.8922596506301596523652697158052624563609123298636 289.66017715105161346429622878762469584427787742494
-1.7510644998657941190756003165528265497563049843991 -256.12823061690326709838188756416697463701489211937
1.6045531943499629033348568440440870360692811206406 225.47195767353866062539910915637726373687600529634
-1.4456979460718238037234236719922851667519799143517 -196.38482209435142953967198534962611661494894634049
1.2667359232719662763796168390229773785782886642239 167.47158860778200326160885906022900884929230165859
-1.0559689589523425532472251853285859968507637420845 -136.83444497358634748447767358704227416737967317647
0.78795120346429491224138042448992638408765282193216 100.80282612977150633599139259719212906744452028376
-0.31755572674017266981672140875157482649115666162271 -40.403499240834323043684001181926003177861876687064
0.0 0.0
0.0 0.0
0.0 0.0
0.0 0.0
0.0 0.0
0.0 0.0
0.0 0.0
0.0 0.0
0.0 0.0
0.0 0.0
0.0 0.0
0.0 0.0
0.0 0.0
0.0 0.0
0.0 0.0
0.0 0.0
0.0 0.0
0.0 0.0
2.0256093882799733728492470861349012326226693582198 -220.78504182827300221988823460572065445399799815416
-5.3660908910029769510811020568164893905188864520282 569.96503977301957428360536384454832940141854851780
8.5061871355818914204283353637184920693121106234105 -843.74791483115599403689362437026279504716205182356
-13.942784935726218498961309567510048174480034230735 1210.0245190310642821817845023374015178357085507487
27.928326490168228606524160606539046233556608268017 -1878.3217803121959800120696424152537795923299160061
-98.577353979624348538942324429457988054469435512805 3812.9237972458772999248093907375329901281241239790
146.55499866556632545837348906533895365699598111501 0.0
-80.838862940901779516328017585479101499340634557194 -3816.7757674616612496947382791779096817570318724746
19.454610066433952402973829816485481889240838196864 1894.5343396021444037610089444434019540877951281003
-8.7951807030874669045705448799983576308954021597597 -1249.9727421572830233763368823850781308544654246082
5.3066102530280526132523004869718721783795906113945 925.60041080065954559711244049907828769636875942679
-3.7972593291625718008927194184690708668195958642964 -729.63270640094771414549059850933075147796153028805
3.0257280367876767725091546170388641154204487656518 597.97484848721755492360736992997524304348306718853
-2.5798458381204194075903730844327577269703566855857 -503.04737202721293153174669488113367013646383807099
2.2928011027477298447336644496637950636703753145888 430.97607247085059824039244697225276656713809600111
-2.0873152709937384706547026737687489836615449710941 -373.97760978375367477295562465397254315037123822201
1.9237697291699330814989426719638314556735722556934 327.30424264417328570370438585392828789507900356895
-1.7800451914020571766658716027689778295345766844624 -287.84443493703334553517039963636594786855818282247
1.6426790838271922867554060291878691365067563785071 253.40839263924578273465019108738313872012220532290
-1.5025098897917421551940654491581459343567848616396 -222.31927214955726656005640797826109246332300205771
1.3521370233544198921190490562646925954559073615097 193.13453172327762025272241118612527466699532691388
-1.1838258885974635837366044411139711313195256623087 -164.38076518605179790682173326830872731845330023354
0.98636128891810232443804843130595092183197110414390 134.12658561513930325910011828414370629013744896827
-0.73579938478899046626620572826915623439344609516731 -98.725158532324158460501680445159897570754944351760
0.29650355826251571598852401118184061827492000188929 39.556861935956983040142731000635018869967342132249
0.0 0.0
0.0 0.0
0.0 0.0
0.0 0.0
0.0 0.0
0.0 0.0
0.0 0.0
0.0 0.0
0.0 0.0
0.0 0.0
0.0 0.0
0.0 0.0
0.0 0.0
0.0 0.0
0.0 0.0
0.0 0.0
0.0 0.0
-1.1735457076458848655316913690504543599264919149759 158.21319285887764293063300609231479558950264484587
3.0394857180957121775380291380244065186184772197319 -404.31777093168294008114927012386725092516485240839
-4.5399461824312074071102088400490216043714962094433 582.69091895264368783322248294213954979765795571973
6.6210161327651706449569229105000340624154349637047 -792.26323681586151586115205131213397046884853539260
-10.504527209417000499339236309818982295467371292739 1103.3259975264863274898025707877210172327909159989
20.690569703971653945415278395574919029644815242706 -1692.8502586833341632167325080746739817840741806911
-72.465094332828872534612356644734321448717877064294 3421.4115089491539604933723805050546560215803262981
108.29297184728777319284714287598822400771703178768 0.0
-60.344743276104532222896171755015650424713914389281 -3423.5416984631658957816384191113569049506327914826
14.902271916509480977981455829331370171339655537586 1701.7017308629871780378523118938894067915758939509
-6.9708336210451624040901111581705238807171621492747 -1124.6281539537158556094569181265756991115797168760
4.3577137988520662974152513834989806648604961626688 834.17989706071983052684444859705758234226177624163
-3.2155201416803584366580058220825865352620633175491 -658.53967697995777061015988331616818171952233208476
2.6218239353228221969315556667418074078339526995314 540.31135213508672322050713189187606892302134558313
-2.2694502446465176845742817591257141265051786860475 -454.80282794212642305388708087496817146633282272237
2.0336284879106793040458643577905095368307765438691 389.58540465638855859196195495091829546442845330764
-1.8562504377296251920862937704731334522114636327998 -337.67031335799801614939542429445196037492346268184
1.7072401607549614884307273614872135090408371097789 294.76818288039699966348072257441261323066197112284
-1.5694605491814725561224955731581087225606327368471 -258.02789893761239925019726832231849727498526377706
1.4319860366018122251103606704422236314293830200214 225.38099050621694166346673126612845657144559779901
-1.2865909045794910171521993923225936393794907926752 -195.14206477617631777720345979548563309307101474770
1.1252572158071652893551131631626824458192681060119 165.67993828799084532417351058793115738061104411425
-0.93694206340033180099268131483405704629741285022826 -134.95376718650534559630045467234520293191888263783
0.69866950762597715714988326830556719954004362013681 99.228658280250615658705453712394185800359137965114
-0.28149873038550429365781051953326700494718297797144 -39.740994165326172108522972854144188892468633021171
0.0 0.0
0.0 0.0
0.0 0.0
0.0 0.0
0.0 0.0
0.0 0.0
0.0 0.0
0.0 0.0
0.0 0.0
0.0 0.0
0.0 0.0
0.0 0.0
0.0 0.0
0.0 0.0
0.0 0.0
0.0 0.0
0.77160424624320353707287298157006800334642912690879 -119.70740882833642859659385998123389531749988676563
-1.9689614694358161209436581142075852471246653425675 303.90289063307417705559210391560897356077193822133
2.8306679405384130188601307774178051979312116181016 -430.61088628529808647667125450186736071462750254404
-3.8449276462796180444972002771639397567450890782257 567.27111148361019753085976241658318112904130295533
5.3742010729674596939675044178037355014024662055913 -746.37257281741456852211105399621070899598438578377
-8.3019423600795059054823442516589857825827993211481 1024.6769242702991073144904426304122797155350254312
16.041453025359569681510624746239315920305078918034 -1562.1533153262077602568999445897264002431303183042
-55.507536303963656586968583418127393258891839332064 3149.1121645193424334386734780374208939021203360461
83.148007561780247790564471752232475922357346902897 0.0
-46.687997219160433745815546497146232186691341140080 -3150.3605879046414793026889662744732352386209398849
11.825768847433948155006838507299020268474184831813 1567.2985361747908606379095879253959033155678635822
-5.7173713922765159674266355884340508541293115240788 -1036.8844268919073773515401002953654572419206668669
3.6920716678310486973507092531638713913653480844322 769.84735300976450407423771930771877498547352182275
-2.7966350973916002278554965272547784726469644710669 -608.19096984568406562147651090837150247360954011479
2.3217915823413342516880111029339248177257586089573 499.14384723717642354434979625952274113732902139832
-2.0308494353627674792515655698196757532489515851391 -419.99747284311212375692828833705694284251440880611
1.8273598321639421094594887056422602385399626187821 359.30514537094704519603051225034040869485989676617
-1.6661263414326581681190223728714909822694650457632 -310.60294402315601118403883325758099932529806779575
1.5234197758346522759900171636404301166810407625056 269.88152184507440089205685308768592540100274358492
-1.3852345766245375446239746616538961629639822663255 -234.41016163425789452081456420281210292139174563923
1.2418604318364906852576925598520057451079310062142 202.09942158502487453117638729108156359806475196937
-1.0846100299610443608494918134896308315173241179216 -171.05203829538602282620756514063558829824767238519
0.90230550819529944377490628898060718660632774256487 139.02753080831327148592812559593410734187403779230
-0.67250607561088912030147964889815192887529133925872 -102.08798316082511159620552069534562786659460657849
0.27090341757308778165677239657746685473083159303644 40.863469553341363765412129051723327082884350964668
0.0 0.0
0.0 0.0
0.0 0.0
0.0 0.0
0.0 0.0
0.0 0.0
0.0 0.0
0.0 0.0
0.0 0.0
0.0 0.0
0.0 0.0
0.0 0.0
0.0 0.0
0.0 0.0
0.0 0.0
-0.56271561656097864397024922679312084619812671679059 94.599854880070761767101625214094109279969607385890
1.4217124703001159452906036884897191246425542902833 -239.07497301148045480288113292879202316229408866240
-1.9930110413270781883553110885483019306583769447534 334.90441515016517731021811667188697800649004248496
2.5864966749841363152964937554903125925163300056240 -432.25639873074492282965578341114840616400540450048
-3.3475415879627778749144512707926250444940032886409 549.58997223685850688882680800975844453422743303018
4.5302216262102359746684543681701833917448007710615 -711.41674785937949295688214854090423911209710841583
-6.8176955269873924606170935949610035735302270948218 968.93217555727168784206645773133063621549228888328
12.886549703520871618503067831400366684385045519951 -1471.5248827958419834264482468249925372391448006077
-43.891144574308385085287969602403901629375088959850 2961.6376855030208162390236447964987050743320374404
65.766877814855310428243374593799525437883280027597 0.0
-37.150326367112422798793708020545344861635640272657 -2962.3826069581894796781036529453532665621879870779
9.6526893572115138692888139585206740070068103482710 1474.5780128134403105921181033958060216751208038873
-4.8185853433045302370097569840361694489843228727666 -976.11160759731035682504005401648637953412513192583
3.2046992660031743137385602761071683684721547071058 725.03233923643192948270581665008233032948114612072
-2.4812743566996612107089155600687553670383322131283 -572.82633713411866825884239745246893305916145498085
2.0881446973024301475585568548523792383926609119131 469.88339787148392064928555201448296189958050010168
-1.8380493868266175604205342289061013811052382264227 -394.83762601328367430417416067973596675110396033214
1.6544034496673625201641582808798284329082114235398 336.88930192044819491807201128413626736378063920579
-1.5009851655962191918940849441865238896082018767386 -289.89382992841674085486952942032087793827458593533
1.3582945683713713401149843332042095791598177696216 249.96793342717138239957208857038391776340442873713
-1.2140384907739987828469639507515928476806166749290 -214.34776568372525642784842886220479888275628529929
1.0582940986622016248511103135138678002367086420712 180.70354080915767949242775264276848173977249219041
-0.87938033023198098553529916757935377323969908954196 -146.47172533872041935695590485512788389463827801979
0.65498635114527196831501006639151586765085591564263 107.37499620788849019632416859207074456194085984149
-0.26377673536335348854268809754655029190789840504698 -42.949935209050024832561760851166985223588640401476
0.0 0.0
0.0 0.0
0.0 0.0
0.0 0.0
0.0 0.0
0.0 0.0
0.0 0.0
0.0 0.0
0.0 0.0
0.0 0.0
0.0 0.0
0.0 0.0
0.0 0.0
0.0 0.0
0.44602532782289162396613429938496761778455427608356 -77.509083980946592228838454895286858090786682349454
-1.1194535023929922316739123839124229355227968465505 195.24781159249531816728559407242124572593163667908
1.5433787701926967307559806979696609391456868301597 -271.31177820809109405688543733306913595030873994338
-1.9445808181380844388411811779839422606765246501650 345.28939206227091263241262021863283706704791412737
2.3976592408745136524519303472211285037584564271114 -429.25836136220328927103001350904496678162842332104
-2.9978447952236196468553716707765272032955798349323 536.10813295547489292728298047387310413312240517142
3.9421138527641401603561536445508131990198010106397 -687.59943307676903378582014040242391367103154675650
-5.7768091881090193492519083408992888703004561489403 931.99215562282023723821561336643100141068419400705
10.654183775954489034463257387682295492582263008535 -1412.0254548873587311514946686759497635203796400918
-35.602604459733470599707705051479982475166158473308 2838.9666128826592327293639512338657189706896896690
53.276880304213368675200813412947830124198786093931 0.0
-30.242388128483942247896039451337959134265406894754 -2839.3914007955801850801423152071244907651145706847
8.0633272866319171935516384379976198649551366257140 1413.7593137562754094399757744317958930998700658999
-4.1513851932298432308483912837922297954437653454049 -936.04661818546712053687080397789473148177470703349
2.8346310183356535439678125334385058973916232984845 695.22456621519235850043395690222069616471849854657
-2.2342233793338930656491794577520594289112392013066 -548.96204250967765254029160056315319154080568276646
1.8980535505358683533380725545808153266130321396674 449.69381657888305365379936174036142462549874139333
-1.6747023322841656153647572007237490440433315855078 -376.90078090029207293402565026136775794352230099861
1.5019081383142479058682691376813152915607220058335 320.15911332035435906381233805956294731879293174528
-1.3497362441039312634492024104210141390192733577300 -273.45679697085116363866560018232885194145182446053
1.2012745147149670321434488075653580727088972666095 232.86001367704417851578396724611065370856030592457
-1.0444213087808696023513654928303869817289044444576 -195.32554956472937347286373564860986919005139133145
0.86647084856464506704157129716299779648445639564241 157.77882112171712837472699773905357146012850660175
-0.64479794025952408814259947717070650612586858026920 -115.42169492658592995211967287876674173888247779442
0.25958257415086231046083496962654736873426011812048 46.128477835569103979825097191795083277354972752897
0.0 0.0
0.0 0.0
0.0 0.0
0.0 0.0
0.0 0.0
0.0 0.0
0.0 0.0
0.0 0.0
0.0 0.0
0.0 0.0
0.0 0.0
0.0 0.0
0.0 0.0
-0.37743031420928712722497318093128773601608348740277 65.504427953192977493158254853092087397072247829596
0.94316811785098124340721082139723240931569858712686 -164.61249122737529286348559640350894615264751784950
-1.2862451315981817570180109511952777925115669918809 227.39575427595550444300915391306596840733129792887
1.5899096651805618010348388405935210286953044288627 -286.49400991422430619383989255711720236333459734070
-1.9010413656404563054168916760775075430576371941982 350.63965124170242660413378528193694903396667600746
2.2640503673329795733185774547107093807861662691808 -427.65408133600911386771360908364191401043730457475
-2.7514394690344179531722593598753241702385704019896 528.68135996724290705898279853128344712589688137146
3.5224086842032446002654759330662911851951811399050 -674.28074656221750038957168028731475126727054591827
-5.0241770584088399478943832121653055945496531404882 911.16889080340616761598387430789145749251311344473
9.0228803797045618354662922387304593079372171708419 -1378.3662280831637233196901467786718046098089246195
-29.498084588810961436765112127335731002125589543995 2769.5103761506155036987787640561867859161023805499
44.024411543126789388179090427705147969271286795093 0.0
-25.092921006166770585544854978860533529175264958222 -2769.7047988252720921887835783698548657361953108524
6.8677115644152691629667302816641684640791319885695 1379.1561925009119845260754311400959112143281680595
-3.6413909960437943471519121285009032468034334454398 -913.00976496170662128640246567167607816972438832730
2.5442961672466793281034765283075439539122729150462 677.72680230781173951072652894139521325549233910347
-2.0332275167606916498632674571250706292926660130081 -534.45249077662448477894671928440270299259600270119
1.7365838982697726745215930683953317831796558542743 436.74296390735727608687219546067154252946626401325
-1.5295779634149928106636439978563899562752618271189 -364.50168300969471057185164487785134909337007251443
1.3604028382871916323975223107946921422689266139465 307.42484349550285607678895040504221261948851366355
-1.2033312176334829343637753640369933439067030208371 -259.41380744250004821409397218397522783108249904095
1.0423323158703233907246601682929163951368307547396 216.19554478201832498193190398364660640537740620718
-0.86282832628567649871193242234299648864773984995056 -173.87114736075545848460326857196429904129610664667
0.64130692457657425947961919129021158243902204021874 126.85650962861583571974565921117428004241273610978
-0.25805411480345103189468997068885070291335445609370 -50.642790886556194182157962478731086415497504746486
0.0 0.0
0.0 0.0
0.0 0.0
0.0 0.0
0.0 0.0
0.0 0.0
0.0 0.0
0.0 0.0
0.0 0.0
0.0 0.0
0.0 0.0
0.0 0.0
0.33594370209996911105955094868015823973892903828599 -56.892858154193445418270075706275592619880527549174
-0.83710969052109865406626854956040890259448939338403 142.71231824868726837046894169511647150870785169856
1.1335625924372391712446976774945643302700344508429 -196.27041676511726499674502585545522358626038398263
-1.3840746285901929114046540098148112958169114661912 245.43741795479294612579271580843142974465627079812
1.6230941184777765379405110341141883519416618446443 -297.00558629688435440522098719579170725811076888915
-1.8757874672923124073871318544349880886897591761438 356.26738780795783934152308549249617287902734579979
2.1745959267148152152242736430345845827043126844640 -429.76554865081593134160650833720207369182825207198
-2.5780494853098873299722083112434980404497154531875 527.98545818068325609576080689058174260816729105931
3.2180858818175155854148043217702094465054279823623 -671.01484498828993135619436118453974018605460603110
-4.4676115053554801812805826126723844389490148798448 905.01405244845807528881769723014623582279889884316
7.8010129243225394411854313325394418140696665932205 -1367.7672115304675698651787683360909511066583717823
-24.889157445653888423234776501009739331972088521549 2747.2137978278371342472709382098445653833631741452
37.003293187288086010023528252964341102014543833027 0.0
-21.164784095290911719016226082468365700652427916064 -2747.2151487416129353000840789880018010176549092525
5.9471206535834098441182436625574626802136182912818 1367.7685456575374510242204405851324782619670184941
-3.2413402248894305245825250469883422216134224591137 -905.01535843320264559142824118427846608840131345929
2.3092638354629595779220458790836513043448615004162 671.01611119969663055810044053469496385047567428861
-1.8633017853112113841344554364570585055265752986233 -527.98667253661790594693622085113190621481069363291
1.5931234480811011423368598855597151023068023976712 429.76669835302129494437024484681821824062555924027
-1.3940190538209668400602080656642259832200439950445 -356.26845891261843773086049483884176408781997407906
1.2216686811988696347690857743206643864937043674396 297.00656296247760560654848258023128086029481558952
-1.0524956813790187036984101564245659458127682802883 -245.43828098390339089429508041521960797143752905156
0.86850054120684684518910338439039161131097355149110 196.27114030897932147666243230536407213921925449893
-0.64442312409419205084033335478226954967745254529816 -142.71285999742492951534477183508171563524739205337
0.25913634386541528237015294171497384133149458637469 56.893076794190936598930524069160925935942579238306
0.0 0.0
0.0 0.0
0.0 0.0
0.0 0.0
0.0 0.0
0.0 0.0
0.0 0.0
0.0 0.0
0.0 0.0
0.0 0.0
0.0 0.0
-0.31090771030118657840777360465890227165223602687426 50.651776236547850744087442178146930939986837324229
0.77329098140339009093855090384445909176863352743952 -126.87902323073234243391061865584025021195837515898
-1.0423609753180013423688768935479077787460870655261 173.90202385447739069700649912384137559282331223828
1.2627350405153009645102281365618111385488612335644 -216.23397415040840824891080405802548164714396674596
-1.4627366359598658095560185107906050744289685238760 259.45997811378985253824636195599986188629017724113
1.6592772692119274341088497545147347135098198522433 -307.47964589014760886582189631965016004571401658715
-1.8696571030766288816321145969952839075332486993717 364.56678085072818544168701405567141969164895583701
2.1196446882616780853255811654394604244319755651571 -436.82112751007672654843521057141280452514818981977
-2.4580054373344109670167210973577823461618454514021 534.54836214159510500642036412088365041081661222721
2.9961438066434169679020650273905138146819505449641 -677.84867549480466602990017247446640551180600496777
-4.0499463453580166542646800720807322646513873492433 913.17437528738529339127257708499190894303925048622
6.8689530949527945423796510180785641583998842914546 -1379.4055134738368133167074974871291169574706585282
-21.341914254767868189741319118191572189617712504995 2770.2068624875794061120086891054963524809431990538
31.573170151209915439535015287441193108924089154848 0.0
-18.112233489088701475124614711221056724887933162945 -2770.0151064541792737193447956359531211628323140124
5.2241212856480623310775294947838973947774663689864 1378.6180735861689276172875172451383164423185365153
-2.9197981428316681376981738730960768286285766566160 -911.33577784533558091913173839791105679434535079376
2.1127429788083810401553167790281494300780232658509 674.40452436960960379475427551489505497917653142863
-1.7135545299662846389130582565995035828610484005092 -528.77860847539038735599889365084972376702781706188
1.4592296517071079714717204552095533112118015099914 427.73288803838627493636660323394359844928499208744
-1.2601535087967700297102419257295078394920222598387 -350.70436484286688986709346611670387569713204517700
1.0767403513869352153220472920174192545420797017959 286.54695018691276668046815410099944987028117599259
-0.88438705266959204206258888449628300664884905991286 -227.43781268299879354710295945195255808418539932653
0.65459648016494803725258824791300627985267865589264 164.64295548754958832171497206212693504181699246765
-0.26297840887653497767635353669669164035404637863791 -65.516553703687085497459519059531550334466400003473
0.0 0.0
0.0 0.0
0.0 0.0
0.0 0.0
0.0 0.0
0.0 0.0
0.0 0.0
0.0 0.0
0.0 0.0
0.0 0.0
0.29666221385789508737468584702036082410701822684916 -46.144888073999033624246389311801774665610546247518
-0.73696889752368583616654142926979016721449873736586 115.46276169362563877159995842866541562674807742596
0.99045391788069363624751976296317402368093487451961 -157.83497575707852949461296077356875539179915662394
-1.1937914436122085045078575018537883533256589968195 195.39510060620065262698500872763761540363046504214
1.3721403542880400914603774933949798114409845630881 -232.94298298931163130686121495013588709261735056761
-1.5385431249951610409056486211035040927170757122705 273.55430825967968255322629568247188819622695147803
1.7038606440548620746197472103270379805256663775362 -320.27338417292004824452450724025461287590909458543
-1.8813937188155616752658465717047480535409814708839 377.03544539402168669397925938241346895224317178321
2.0925206318082207199927923492033258964855001189148 -449.85467538419717082802787399268602390095429997835
-2.3787546029795771360638359581906485180401023359746 549.15865409503746442265553684303096010950683291941
2.8356475718072720142546148440911312024672775957387 -695.47388718210799443019456872457077614233367327260
-3.7346103684188193208825208779578106021055176890888 936.38275549045448595100747094267626118549457570428
6.1493010957716020180858100151135046812839209182090 -1414.2676946542062726519765115286165590162632031291
-18.572547980566827184152352165428264775159977424632 2840.4138287256386858602883740041335214113717967008
27.311195308805927440356924178165895117677312626393 0.0
-15.704464648143946622879245796497149450349309973619 -2839.9915895752790556882314767976529684156493525274
4.6462328693221385272754943106952017501705526076269 1412.5358777620494700002699908609061849887839728651
-2.6548547876053522614269931918747861977692243579593 -932.32943975374135457164279140923159268403939684924
1.9423809279817257790326380478830884290363171867681 687.84853056919441859407782561837848019348261341235
-1.5751692262485735158340674399297342477645449557295 -536.30252717308276495735138241017690888792512932880
1.3269845689521240412213924296513139871825416912315 429.41413262836867606969457795054678033338235018322
-1.1189897809207108434964322556320619426071068927719 -345.41477100428259113069195531337456178610959710466
0.91253846720022976381478055721370322072044942341933 271.41034113049293604169115147166807378067415943152
-0.67294474597957524676380413357593699306167924741099 -195.31876319034742083556182659593810817230441168322
0.26997231363048481400201390801980186671460045195360 77.537253842024934925385359238400008243678169532164
0.0 0.0
0.0 0.0
0.0 0.0
0.0 0.0
0.0 0.0
0.0 0.0
0.0 0.0
0.0 0.0
0.0 0.0
-0.29015787480424843983036139384974064405449782545299 42.972621387876004915072348139630131990257433540213
0.72023957761354213164915347191973679235932605639554 -107.43171677956215160299785564566221448475890174578
-0.96609301914853563236627279627222325368403696669815 146.54911472465209673308568828712452354324866046115
1.1606114204788497370077049460535342313912002623893 -180.79904758738184483695099031953989866465523023342
-1.3273614430775840060882036542719167642368277791784 214.46110323649823018319407095319562594463050152671
1.4774858261467700219354663433102298595275260978247 -250.10017584425159383147586420223144879018543098245
-1.6188673423501033126511789869072819512523488595663 290.04729072903210984437485660007667962349907961738
1.7594874074069756959631102581475674529279309749216 -337.06776713514142593126367640777833926338329928324
-1.9102040646196059498145512796208458196359155522644 395.04695216933458154879894390089181508058501544413
2.0892526705514321354314265720192971004875133257414 -470.13271882882194539947096833622809939389937853021
-2.3325869007185556860480302414264388749377279398199 573.13054781995130889699104138504254018563709652319
2.7233356432947993679458693771535443619924934158898 -725.41773277062294202226279240964970086251078460649
-3.4978336361035235033855622847709125222885968157260 976.63094346287835445345587962711704274867503302007
5.5907265892673484733177965014861682097461458859348 -1475.3632810204936267004827602925024064585615385945
-16.389988850618747295038116278503197059299524643837 2963.9616205886463024321690283202231186169312815320
23.929506123141941946456598701775399348677064603464 0.0
-13.782376910466288186847808124494974929097807846078 -2963.2190033534579881036202005015846175310746199731
4.1764994090231426659114525982108828281209884229063 1472.3111873832760859406653002942174157495741924328
-2.4303403206122528871028628020766908245860477273179 -969.45028508988247975690709598301537115310033220428
1.7881531545667171024941067049321526771778418807652 711.79739398144559618708930855924619827399616462893
-1.4397653549919176163916384132325046995815597911278 -549.88418737153211853972032956314218520190501779723
1.1870696233062611722202173824327352739548120439950 432.48789958459245503813324578297331005063840614138
-0.95688714574497726091838230032755024612333041415006 -335.08383483399198502935491719119107639305623272546
0.70157835426637960861197277824158909619957180965513 239.20307982704726510336471332012683154924875945471
-0.28085563201735296191216174444274885923517484438694 -94.650550056643952708337981673406342047411622349884
0.0 0.0
0.0 0.0
0.0 0.0
0.0 0.0
0.0 0.0
0.0 0.0
0.0 0.0
0.0 0.0
0.28983974343486592758579008067885891211661657930171 -40.891744628787064282642275644432889085837617823000
-0.71907209030382324249986489737259901305815199472063 102.15862672931373100475883670466773497308207326600
0.96329192317736098051625268161103064547439971190097 -139.12375131906961296491703926015927422167708622245
-1.1547585852578131211603606710129908045877845577024 171.17045199435228396502726433646294089151544739115
1.3164011651928660972540351583664595301231892646167 -202.23937445935896781015290885970977198175364703017
-1.4584543374691726683224925323545328952140477830501 234.57255566868066600855264020767625948081892801801
1.5873602892352438911702904188398687453253391228036 -270.06857909951226222587626977266280828973767870637
-1.7086390513921389372572596356545186388535038406649 310.81834227334656714307508284545667421918062587102
1.8286278325968556819237311080824048008711107191730 -359.55446631576551526679171971269649727806886792169
-1.9565311454175888972079249821336901113638943632234 420.28909463171146547387427574093337957325488215921
2.1082344930984689889169281677748321668465128388122 -499.49065724570108602089820853619531825655302168024
-2.3153609168465594481036821558118439061996305602493 608.61384122273759209048726878086023605036590111909
2.6512293460901775148280495624058970624725449640552 -770.38300188652517011284796565671426164769349169506
-3.3243523125825310268337500739906436548439348958041 1037.6063866117758876516913999107886342148966911851
5.1588833483400373003271835337992600482323479136409 -1568.3905700969884760165466949384885338391215986616
-14.663016915137992845759520529624961259317563116785 3152.5571134565713372163801371142056427981495737579
21.227163220623298639145802180426099844201066073235 0.0
-12.232883162610851328954149273885052740293666683424 -3151.3105200654272996779791213002384396221478515376
3.7876952332323515277057921758433155651797078947499 1563.2444214193027406360802101636347352200840244122
-2.2332818161404470577509260161285776373778629071054 -1025.3929627484345575442420569442207720269821613124
1.6405928782665640807405913573347770297748773104841 746.89434433588257002574693735371153645142208253452
-1.2973577665613848800136533638807711338862813546120 -567.66780676097800536410048893295169884577922295834
1.0249489479557245595482366407723826852056343362636 430.91208777338253686864409417144702463298022581615
-0.74431118058170618040417320410543046361004344601042 -304.11549640268636950565393764954727974677990140440
0.29693027038920998968246489026142956633297461159521 119.79115990411390619660747469844678022804324465123
0.0 0.0
0.0 0.0
0.0 0.0
0.0 0.0
0.0 0.0
0.0 0.0
0.0 0.0
-0.29513683382926639213742679164813236406551737809408 39.774546533980396293862133815137235740733701422219
0.73195637266807668660653029419246193113670291436979 -99.312439317677275861561584278085474382543024734336
-0.97971427097098860207926940588698763807021624942093 135.06772656147678323811459972550109260137436921609
1.1727707231035168355010690379100895646099213798880 -165.81987206497296110700186499907383273170537783363
-1.3340965967296252861712412937530595073544355664407 195.30692686758301006385353900220758932762068315805
1.4735880572827291986596307289544664122957916951218 -225.57146297446193373598521680753662434480237869681
-1.5970071986369436631405255690808687150021761782726 258.24604729273749192666299904488859938249124431828
1.7086841792401103986884808406647535199122091204851 -295.01750381057288078684905576035099228797206601552
-1.8128530553094745942107350248024771631504925128392 337.95606134905746338645856352759215182987164715406
1.9148044901379353564660751105879559502731243953522 -389.91525805051313280263546125718952974179458474105
-2.0225603979396446173000891818846596298754278337549 455.18811236247131016854144836238276949465798626488
2.1502151144500604169151098367834867164022488299978 -540.76933631537797496247601057199444330770778608835
-2.3260035055061032165555736396210961810851805416554 659.09819915487140506768535868608586245838070566154
2.6154974669972801428124254058840985423060632044870 -834.88779416750802853644875772639514107417901000928
-3.2051541929007927586079301542877799342002802660101 1125.5830740508885313114362220573262992062107465827
4.8313117067678857001933769753231640821827965962817 -1703.1474397535902051567091019480745612337806440500
-13.300937374072393817250719262247571757051891124878 3426.4517462046779001754863142851062767010316179299
19.061071639438151759750001515093373317142266301745 0.0
-10.972791097010758393160273950826345555912227727277 -3424.3224449664031678462881825146182415361408686093
3.4584053294092292379277305429993519007707102518069 1694.2910965211224820689846317280013649705673646382
-2.0517688131016697327561292623387670993820380952636 -1104.2653841192117913759864059121817009967726500613
1.4885277181818268048447122416738557221211398253647 792.93796111295383279912107104200479091075026701540
-1.1321186867063753229595431090532342435373049755824 -583.18726199769617001307071117625613570743149140862
0.80826317193090240391169912610079245617455869125050 404.66221797191682511178294744958606078328367459585
-0.32052868802236765893937170565479878339314324416279 -158.34798552468721194513230444539740764093978351775
0.0 0.0
0.0 0.0
0.0 0.0
0.0 0.0
0.0 0.0
0.0 0.0
0.30629722514067524008238278530817033819619559661786 -39.595734504686076406224927278937073575656426311094
-0.75945427983887456985927722225777633312743430291879 98.822180483770721158318262958947589469030187635769
1.0159345008192088645059026721585882152283018810684 -134.25841296607832204445350474467658907372747384178
-1.2149660841532871318727585873637452803682084062895 164.54235609189247387375091755647903389591856860683
1.3801454017947432598608911471550301548167495783570 -193.32443245009749652670571467618125414321442992706
-1.5214186703127400443851775745105761927710779211991 222.53793168931795574655362639018835492228190168201
1.6442952664915766135088280906230496977915196215533 -253.65771355361382033364830939732799965264630945360
-1.7525435429763030185914400866852698989425986982850 288.12774454680950984893977748081623435347959377699
1.8493771819532873308311788783433605012583127432583 -327.62652569457031271088003816443690480665325174854
-1.9382537997366436378880744560835461191615876786949 374.34601637503180261280842499782688834892147935960
2.0237575342033807155678406358815190110418293599471 -431.40083018204823908694274578987082590213998455804
-2.1130461980093863045801662286390000978369818439243 503.54340469972568264818404345279526690087109156471
2.2188494099218301393389044707196773212804321742995 -598.56477926631469786552827468668605936233726258572
-2.3667740548546996016421545732377469736661615311304 730.35288309520528857079361427024895796547996407119
2.6163376726029528875580452441456100635087267280893 -926.51446358811166612018093421574043863050524467779
-3.1366853804972742413335361367859666040683692593160 1251.2077055917393022086704754491711468115389006745
4.5949382771916096368265533879150582560259806983993 -1896.4069668445714860292648849555419828767054401370
-12.242450163622904560630468560095691491552435055708 3820.5499864202348698847162741775699511936158392364
17.327823213179306903919268419771226708638673437192 0.0
-9.9378036370820151158513381987962617098300106944231 -3816.6969036085802769165157245069302906116307986377
3.1698134666569867332831119513803952729910530227675 1880.1810172792687771110368999194704582865622348526
-1.8722705958470067391808641623585497880497356324873 -1211.2225250711076168734907990799187292424304588160
1.3142562412169156780382293285112652552025164472168 844.58342600825589078262101999971854560783774652501
-0.90784578930365141189731039540130803737492239996308 -570.52950331070769118844007927497611976240206249260
0.35607781618112234900698282177719737946830405732573 221.00370614583518781256469705495019829382229899196
0.0 0.0
0.0 0.0
0.0 0.0
0.0 0.0
0.0 0.0
-0.32451522212630260902401356021473905093743016545248 40.448142519703166258407940570470389439201712518482
0.80449514422225247789371521222290550077951533687781 -100.91421153158448881381778816209912315783944510115
-1.0757658139798332769061299639251637611940608403712 136.98565971607153318138342154258916415867880607143
1.2856883551372323428256331800928037199944415761828 -167.65668876394565351341418527915345835516741750545
-1.4590994376458834751337634047277364291676034085737 196.60192378711694621688628245617710614850204471813
1.6063274666280773953080999952874219971285443424863 -225.72127857196760400611802069538177696203205880993
-1.7329170970908504206282689105863467540299752461672 256.41153535046697185236826999604808108202859655252
1.8424281679139230439701162867791027624806345593802 -289.98068054239087861718204919394147461572110813251
-1.9375931805940312693218065321851706359739655292708 327.88059026885636867459095481552387453060075014853
2.0209779537194130318944377209880372614273714099854 -371.92203691047529726965519286100934321027130464318
-2.0955469042848579695801277012558157950139302841523 424.55816597586692319959433680282349776167393552265
2.1654006931737994597882302437883545263001693206821 -489.33885645383714913761694355841800576010677603833
-2.2370746493315702407520679928816033902680047189285 571.72757833208428076854407457898512573013831057542
2.3222869642331119736081653894877541663387153072696 -680.71431313314720910755911813437102315013744815408
-2.4446684966675091364308604819048336072324068270411 832.34351650310089107336036130276971321024574423695
2.6591445670218283353554915983031144173892667741249 -1058.5067437831910863943170797318709007790174128720
-3.1216309099274924577628135035342471713568528399917 1433.2711367656362233453232433267559768342352199297
4.4459082247397850754528083177793613096103453015238 -2178.0739975939691068048043883276927057364375657382
-11.450482284537544040446479143396398451927979598456 4397.6538354154514390677147787554721347742724382153
15.952064142952868343226668750353575921945993361260 0.0
-9.0735574108937807805167211576946946738703298656578 -4389.9709278505443638103882550263412870524382573786
2.9018962308131171012649476915705838556520850432389 2145.0205912170525756661572113055250658431727027618
-1.6739593296403977038091358273487061340959584757887 -1348.2923359287258515996008840310392217110003571464
1.0763029919556635469773136787126340146249284676817 869.37092884581469538568581080224474827141229312213
-0.41280956585055328455613827994467777334209835632835 -331.18193581237890332907039384045594398896562996841
0.0 0.0
0.0 0.0
0.0 0.0
0.0 0.0
0.35250576689648914567346812552758777937217902822413 -42.607935499653326379079118659889859758793906497757
-0.87378943764726532567396476291255122157262246340579 106.27370768283425009011829352167420283520020411057
1.1681155531827658652899306924073316200381730379876 -144.16692525851908384080476151488288532974747868528
-1.3954491963174577709510781450506727591445616842295 176.25997327247745732518089176555527673767128412708
1.5826555986483149719633529289348667585875799836784 -206.38095686275197686645971482644213191270286494741
-1.7408128636179566861964247527145064382339782321405 236.47348012776830578917294165151292341754100080736
1.8757532560270063820461401712393171332593903266639 -267.92604630590817843715939815074138486137956078967
-1.9910713152309280029158417911785182825959418513395 301.99324912666874714873608263167085746872635342783
2.0893279831053836176900966304825524515497493355743 -340.01564593097558128544481110860523955261499513256
-2.1726742903842051369169842711217841724146461661506 383.60223604230207308558501783623472406376425673173
2.2432893613793591188004204043755169623823835440351 -434.84847549297374107822418949854422718110052874987
-2.3038302847547359035903767310664932062231664839383 496.65908862974345762976812464921114083849933089265
2.3580866748721022782909678646658695700509749471014 -573.28736444654019516929971942575712487824072759303
-2.4121829788458072938053383460132218351512023344788 671.31749709497122957285244858291286616755782731589
2.4771550305643034345685959393908456982056153514378 -801.61096347620629336710420128877643235157950042507
-2.5752744066629762735713614488405089273927803599871 983.56490483445810945095859984360972690923276902778
2.7582485704772534443443871364412017976539038018958 -1255.7169330996355616966081923833724992981234081616
-3.1725434823836100952679597581734037987574779795648 1707.4681732359683722554044727243289700990190708526
4.3930043301824822052099669513644985018977439408958 -2605.7190548646654293696332702849976374890651162113
-10.913703446428837509482048274266783559968000380862 5280.2708657006759358792311878299185982209355409086
14.878883870014729803871287637476283903902257340774 0.0
-8.3250733261630844671046543207639311596730782490558 -5262.4665735323965452460289273370627508680578732919
2.6258576857822963710419512915292007995644881470141 2525.9315601057856756295611259801948756687187539514
-1.4076388821658074528731885148713455800119446555724 -1482.9126861227797976672139645925625093294322649681
0.51282498569978993901355249116592957287964223416015 547.84444876249647219863585052902034541402832509494
0.0 0.0
0.0 0.0
0.0 0.0
-0.39619460737154749014756779982614122670342050288700 46.726855368432504530355811183375479811188415306679
0.98201243856791483207570186735724126931986290251855 -116.52331196946432688425157757854060644405732860721
-1.3125583136584416552865804565207146171762629356116 157.99375600799861370242650604511780977092917976913
1.5675444059592503938674793513834721024713029905597 -193.01206239060870537151011065674781530054201742810
-1.7770836689090589624544717262602524032875524327053 225.74227096161915365589317461520585216979498452338
1.9535282721368810765098743915913151065647623371491 -258.27047067547171448565769369684986261034672590955
-2.1033034220285565944911829162955873706650261396103 292.05530075129000847133144979198702964514679559535
2.2302689398211538699416212009788258860511111830946 -328.37898315554050864970507370997520869856996658179
-2.3370421123154867121395500995945140195587877966151 368.57101248462214126058605133359959589652662911060
2.4256471972525100254744980774183795018492783220382 -414.17885430092229673177497524765634622468303855461
-2.4979161043071418281611728379686242603293809093519 467.15519085866165673576444258727822124260441584609
2.5558219329292165822847260820637191234604132872807 -530.11626593778826994631267732231204565675102102457
-2.6018708592721948901876223470542553835920305589410 606.74710817355897954198192535863627490209811600613
2.6397139963997769298524553630500240018350164316016 -702.49247560913989460944989884682487159328599979926
-2.6753002241665426737622981946693077797305036369759 825.82364026403122298801991959358481010168115530249
2.7193623185294124613932708553575992911525140812388 -990.75174215526553755305679517851679939647878699912
-2.7935176950080198434409664771756910028238331206058 1222.3228657090350551176397016125333828988601900972
2.9477807326512901413882903114802850252940729337059 -1570.2813023942924177475407207591234038618312471534
-3.3231935230855454990692687166886822094416430899845 2149.8638387314283609172078677211876344066619521673
4.4702882348942188316334308341987972373121685367502 -3304.3429364242338624276040084703352742648305099762
-10.662208188017457574748341907865170698102257155024 6739.8222203221627355516059557630644342295311307414
14.068731105527525925194109385223703620877020371137 0.0
-7.6156709973887860934499414845254797160212675026345 -6687.2460600781079152859833442145393963521532325689
2.2765836528365918035504152042537876869546874348750 3045.2798485615407018772866790537668327746434434869
-0.72108637383645732027382113725143253610624227711008 -1052.5097984375500458809403544723351084844410027025
0.0 0.0
0.0 0.0
0.47037233124133625075285705502973958457008543887868 -54.476930491025365644791010140816174777724015109089
-1.1658143632953472470910749985697532105549784229557 135.83006650401633072412844232351696740368796937032
1.5580486091314922888563480128949753665864525868321 -184.10802340117866922567302142620904190499265144385
-1.8603745391761409530408432945032885294055539593263 224.78884346107683519629069475474843929277158977855
2.1084823760410404811678217548238430361018112527952 -262.69974727661914299217143733655547787388758106845
-2.3169652549228468130582087082465638954034677652843 300.23671812758301142274505874493323379843382114943
2.4933593222819826910626480659306767825174928574633 -339.04997729196919720559779950394125087929042637107
-2.6421223301315118091115647797357245811271478882289 380.56180392285800277920647168809674286609743697895
2.7661854061159805919866461227570436948391973545369 -426.21476127247196697918408939430013035732746190509
-2.8676937009892421649969846077916083376057320175190 477.65003342304596901976780049970451065882229813065
2.9484300932146494645377055295635992107290383300947 -536.89033513110121083806381109855873982875953355859
-3.0101181314997493337379949232681792624888712042659 606.57801473475235680482440526622921190959263634930
3.0547119452962827268378842040212122129904584990529 -690.32979068227124268469422952693791855387375162668
-3.0847716258413297474379677519637972336341000987869 793.31069930310949940196320920020459017831816018086
3.1040759685401088329957410621028656006372394184498 -923.22499028589342263737530277445590517702137328782
-3.1187916258891325261487295704739592707018363439801 1092.1420176853253012351204388057180561647487845869
3.1399928548633775276513007272742234604515546474637 -1320.1251431901863587443478927656626927338121387528
-3.1898110916938270549188650167988223071644336515426 1643.1644656151487017673223873331364017162726404749
3.3189584791988703716897190399410119334438308629584 -2132.8697062495286671190330100099363354417440390751
-3.6688782949655640243075099267807939948974493196596 2955.1019543706492738402134620280324882015776059742
4.7848136775923297483295423044469938802858875336490 -4602.7292122099895574795645085016578017702025307018
-10.835349621495168602773673983097903972536217299041 9514.4143031857015697528164470793794048148092804327
13.493924933254237671031079149532964061362028081008 0.0
-6.7742827734825013880563077253635828624578153178553 -9271.2361310903416052778071336670552586067807827435
1.3040947243939070081990977314003027600116498716897 2620.1754885435412200271903117344071599502753958045
0.0 0.0
-0.62644630257978792802123459290521124901607070535852 71.715140415950276338792695416221872515275552937108
1.5525992355966576773653658467171378069337747980108 -178.79487074986104688820592565426931307087368860933
-2.0748268099344046909005726626618977935349089270180 242.29175114505430931404341254615924477240121415716
2.4771577140011235008560407038157677658800188263876 -295.72658268521983590368359551347669443975040847595
-2.8070786545855156250653829588195128717773485381259 345.43199982944757336431053844046193390452856927334
3.0839715305460295622332566573403739216785968542388 -394.53337289925667671373565188519288741771723370794
-3.3178056218523517101959439449071393202031256401525 445.16330506411535297180652652074750332496850923860
3.5144279338029577560791203578867920876632988911557 -499.13723826142653921251177945674181684310840019199
-3.6776174991550763243572076650696080680427020135677 558.27087210276515186224370451967102595239632351916
3.8100522640698038275012493994412401784358052964167 -624.59980531047020141441905602013628086873585624417
-3.9138410912341745227892382879123921035883350708687 700.59493713913819125981591140862727316317574713096
3.9908714825082364024200212617251352024375073369579 -789.43171708560632708275684565500945347004335805663
-4.0430950708134537463243964072672321289748751245062 895.37702671411564276926822026265682713341083889886
4.0728364912484483773284228291636859891041676391500 -1024.3926716008530538716763665275817378722363954182
-4.0832242816020746326176861581383106176167776440416 1185.1349182470891516990260923584842103138735367438
4.0789134299582161659752770394722627918226459702001 -1390.7051847603822199424312086208218283092375893707
-4.0674632376238775115670179237065576858549280162059 1661.9105474714483509261503073206317174356519808099
4.0622669890941026345868270739435251568316479370584 -2033.8004091833726994704171540681829322110964628466
-4.0895594195183621379634607537359955139279549744248 2570.0557648310424156376521657667163259277558579695
4.2079020182529958655927090505881185176122183342808 -3398.8827620498519659798628169447987305537347903969
-4.5753863098789499972306517219324885330521085557792 4820.0561158076804625814324871724927064905811878745
5.7777804638229833982415893998493736879470131954459 -7728.6676437167630490183979004486732102305511171184
-12.083868456010874534304206650035467966643474993714 16537.898044536104785304106319323076174145911393073
13.136195764261718904216938101046071762096745371501 0.0
-4.4013938664611006651410815910964509515904241151206 -11675.228494622074687312885200415798018696551241266
1.5504087177007569260218969614197590621515603745134 -176.61329549243795211911766959266765921003436104163
-3.8425260095862244873232116725813474592281241327584 440.30255976147298746910940989422466865104378422989
5.1348471569059034967260218677574552771840486543765 -596.61710700971989683632206302429020989900843898779
-6.1302770301554135316926428020483951725421899611164 728.08897787697510581332673673561336657158585437881
6.9462964633455735552902257184992779417751384201645 -850.29100188610580960762105926497938260470636371361
-7.6308219984110209065230638710891398722657228423789 970.89072832878079657879953469101689460536988709495
8.2084614845589678104025164448168072640481185171023 -1095.0997672811692970709888652543321058833162247439
-8.6935995167908466985161918871113841166174152776113 1227.3316018133576148468587423552860373288848110306
9.0954704187966149415427477008410120604333010929650 -1371.9741222221308910207414572586549555559945522508
-9.4205337271561681204722634370257428703065652230452 1533.9158423455134994153298919716830357600953669095
9.6737624524845024375307096855799885763497148388006 -1719.0519754097662783390480390452568715586941700108
-9.8594556671146849353979215955006584151766357159981 1934.9055991037542142253940968602138424209656669700
9.9818606229336655942961284172666079333534583782648 -2191.5056548934671490564715624279273971434297613761
-10.045781773818450229888737464186501759765537061397 2502.7339844804426970664291389538310465633818672547
10.057346058935432842827638682775082619439188915960 -2888.5146919773253914471448295057066382172510048180
-10.025170807141889808081516450640347459541527748936 3378.5611650086513353335985748079869059733868249113
9.9623983750719669745701359232010676592723431116669 -4019.1498671133706373387127808051334809989070688561
-9.8906063138277055275483940661374692568523242589976 4886.1697686887773359117607790156260605932430451788
9.8480375002471285734378814635250137853446606372774 -6112.2953661081442784629468885108641114978000171805
-9.9088022292359771487089575983033276305521623758373 7949.4676851757069192849431756103378624246145597490
10.234014483923278378649321475841079220020015474695 -10932.868288236077314865594156995751302759658747874
-11.235827132258495018252679401130732983497267901579 16400.002245687483851206755958803020257491699404884
14.282102404083176746966270304561700609598329617316 -28695.472762869773228191135682720902210658145482958
-27.022813923897867047856808033793986481589225460127 71681.275682522671450828997836730525138078867216024
18.731332020705775683371719051528616274612034653016 -52984.192265602884551682145715941012412107314520117
