217 24
0.0 0.0 0.0
0.0020413587458280857909366539357571239740873767068912 0.0 0.0
0.0068104940707040897563331739267835571560154435190516 0.0 0.0
0.014213749531285356804458299228457500874868649787835 0.0 0.0
0.024128974606822695981269187709018192946618335291434 0.0 0.0
0.036393256616013090778907361131454076014749891997964 0.0 0.0
0.050805186105124004456167439295069073922958156231415 0.0 0.0
0.067128108181323479378062565738824457810888732887303 0.0 0.0
0.085093995792860900789358662536763650905490061650696 0.0 0.0
0.10440784694281570072733685827530257422899190507932 0.0 0.0
0.12475252723556048971867207907525589460398206064266 0.0 0.0
0.14579397663433917536709301770781077799178494524964 0.0 0.0
0.16718669443952099280279827131726396189599259676141 0.0 0.0
0.18857941224470281023850352492671714580020024827317 0.0 0.0
0.20962086164348149588692446355927202918800313288016 0.0 0.0
0.22996554193622628487825968435922534956299328844349 0.0 0.0
0.24927939308618108481623788009776427288649513187212 0.0 0.0
0.26724528069771850622753397689570346598109646063551 0.0 0.0
0.28356820277391798114942910333945884986902703729140 0.0 0.0
0.29798013226302889482668918150307384777723530152485 0.0 0.0
0.31024441427221928962432735492550973084536685823138 0.0 0.0
0.32015963934775662880113824340607042291711654373498 0.0 0.0
0.32756289480833789584926336870774436663596975000376 0.0 0.0
0.33233203013321389981465988869877079981789781681592 0.0 0.0
0.33437338887904198560559654263452792379198519352281 0.0 0.0
0.33568979527705312976491376920865165732582721856948 0.0 1.6853769736123643137981094639510047822797949973258e-110
0.33876525678889091416280594452687548594118144417531 0.0 2.9969170655011286923653407758891924353049211302880e-33
0.34353937739573541976227201162843762121421979472509 0.0 4.9965504277386974058612537788970601738826026260487e-16
0.34993338616750723080527870837827900441399826382813 0.0 0.0000000016166023572979775941644195876398425965839914082100
0.35784222597183178021691249464016832447038296935504 0.0 0.0000022544691845521174063631353948718753107371875743847
0.36713601434975603029032860904738002327235413543997 0.0 0.00012808091033309972764122854509308072668411648675644
0.37766214019572035750068820267091027254039685665342 0.0 0.0015285383045059728146586204558200285339509673997267
0.38924776151098952959602390139134340359374430329274 0.0 0.0077869259204622886219378771294721152954589308526200
0.40170264102493879574036316598752789057425630415937 0.0 0.023963796946038721248520993081819022534746891166211
0.41482226899704043633745557109527125847542535333128 0.0 0.053674603563237488190893812945435864446435081790051
0.42839122088684839274353275302568713165392638426073 0.0 0.097406510474204110334705169924832155971446558363194
0.44218669443952099280279827131726396189599259676141 0.0 0.15288324078949740814327982090774958599335135749222
0.45598216799219359286206378960884079213805880926208 0.0 0.21633687726226447624032952407221371538102498465016
0.46955111988200154926814097153925666531655984019153 0.0 0.28367785692078053651764729479060151748348616544776
0.48267074785410318986523337664700003321772888936344 0.0 0.35121776218293554510588390288734961589642175220039
0.49512562736805245600957264124318452019824089023007 0.0 0.41598599894621268551408117024674933910393903774814
0.50671124868332162810490833996361765125158833686939 0.0 0.47578662840047023970043037666637130795993277346033
0.51723737452928595531526793358714790051963105808284 0.0 0.52912231236992126937129699022916848514435949450156
0.52653116290721020538868404799435959932160222416777 0.0 0.57506572222681239988211570773232883689379620418394
0.53444000271153475480031783425624891937798692969468 0.0 0.61312048669389239519703188144655650000910926027401
0.54083401148330656584332453100609030257776539879772 0.0 0.64309027056993893519628841055321444204499225967104
0.54560813209015107144279059810765243785080374934750 0.0 0.66496296934947154273509311908260738835461553289266
0.54868359360198885584068277342587626646615797495333 0.0 0.67881224759034254596153002721855439139058434535455
0.55000000000000000000000000000000000000000000000000 0.0 0.68468065948798917925032616806043340510916967952503
0.55091575413013797180461469468451296113852620047824 0.0 0.68874157110921172704107817355336142719620051071687
0.55305518963105991408551161158703575981051228022860 0.0 0.69815940991162193111471910202762659541280000495360
0.55637629219490330662576375496973650862648270481549 0.0 0.71258236626154138084780866407710412155311908784832
0.56082426506235125668571400548711889279144492879911 0.0 0.73151340683615400434799857076234018359236974905795
0.56632602555694624147006090358284394818904027304460 0.0 0.75429544777917098222062832542549816794123047736951
0.57279122133886492249297259246579668365545284494961 0.0 0.78013115529396611610312937184171488357179000507187
0.58011368895400050489267842521142003815253647164125 0.0 0.80811060580617943388486194634608070474141813382646
0.58817319138858412130357800580733976292015886493290 0.0 0.83724516937352749240425440401772326440351026592884
0.59683739066055795750784640408044614754852627701342 0.0 0.86650558942371522623978046110521503998273743049918
0.60596402018733425648650848387345433526020606012304 0.0 0.89486198856378992337799369726783986192132281453832
0.61540322053876697704682615311790090523283440072388 0.0 0.92132400204167595802441530258284060610584372070508
0.62500000000000000000000000000000000000000000000000 0.0 0.94498029606179150381991372400000645472791897272329
0.63459677946123302295317384688209909476716559927612 0.0 0.96503800044824900239926763587115372421193615155860
0.64403597981266574351349151612654566473979393987696 0.0 0.98086359877486408479538595988973104873204309633540
0.65316260933944204249215359591955385245147372298658 0.0 0.99202704556184701600155343294305952336471014710978
0.66182680861141587869642199419266023707984113506710 0.0 0.99834975030577059101791305719841386753342246652207
0.66988631104599949510732157478857996184746352835875 0.0 0.99995402993119171758173509710193879616739194887827
0.67720877866113507750702740753420331634454715505039 0.0 0.99730640107693086200169289661758820591746499717986
0.68367397444305375852993909641715605181095972695540 0.0 0.99124022818312349765128750168625092653706351186425
0.68917573493764874331428599451288110720855507120089 0.0 0.98293701885043518484513162861394347323983738304384
0.69362370780509669337423624503026349137351729518451 0.0 0.97384449551053346879011705697710929128565603203878
0.69694481036894008591448838841296424018948771977140 0.0 0.96551896067427335852871813116968509228740726551194
0.69908424586986202819538530531548703886147379952176 0.0 0.95940242947121566777223799337892059519267097328371
0.70000000000000000000000000000000000000000000000000 0.0 0.95659418910029103977165274346860265322920357946650
0.70048973087742480308908426605799480089588676062089 0.0 0.95504418911283697949089074446507983679975627627762
0.70163386726794527756287097971046292488799864630897 0.0 0.95128920710957720655234439987261772098233568157979
0.70340994058182019255499442881505589310676413586168 0.0 0.94507791429473445456195966371736589208822963251608
0.70578864637570922215504245615705418200657036384272 0.0 0.93599572298315913718095082363688094205745724148798
0.70873090118595307254962378463511693916249751850552 0.0 0.92347280645864377223908430884043351638613071746564
0.71218838600507710545986025502675422787364197136866 0.0 0.90678104561197644891208163453954825416986868898105
0.71610432629085530310462609943414517390284957551589 0.0 0.88503092974049956895126299652903179681568425955497
0.72041442118313965409639905178385206392128673292205 0.0 0.85717087717694103139281068323819049771354125290150
0.72504789841464042573395157647682513673909064456917 0.0 0.82199383372004753882199958795178871007192345827322
0.72992867605896932720232443847593962419758224024425 0.0 0.77816084251473576055426767990212699188999930942808
0.73497661165451961222323653270391316227349311982840 0.0 0.72426008767450473551601323796287052667161680678269
0.74010881807470127999378057373887333270109104431605 0.0 0.65893538987908094985655108872320247779865055099880
0.74524102449488294776432461477383350312868896880370 0.0 0.58114387663883342147973858282358333026862501700365
0.75028896009043323278523670900180704120459984838785 0.0 0.49064068832100103419742128367200249048310677438034
0.75516973773476213425360957100092152866309144406293 0.0 0.38882886006861983584496552387795288590959597684205
0.75980321496626290589116209569389460148089535571005 0.0 0.28009447507790600193472844578670741004154241876803
0.76411330985854725688293504804360149149933251311622 0.0 0.17345534204632822534174744275398028127834842487794
0.76802925014432545452770089245099243752854011726345 0.0 0.083239579386718540870425165833362079678614996125643
0.77148673496344948743793736284262972623968457012658 0.0 0.025045245754247106235953386820704299882342340881552
0.77442898977369333783251869132069248339561172478939 0.0 0.0028946106065844614794565777172930213176929648051460
0.77680769556758236743256671866269077229541795277042 0.0 0.000033028279683948450836126462310376984585673459555619
0.77858376888145728242469016776728374051418344232313 0.0 0.00000000023790560062067986684390114357730306156772314142794
0.77972790527197775689847688141975186450629532801121 0.0 2.0183846104504130791954536270503003639390304384042e-33
0.78021763614940255998756114747774666540218208863210 0.0 1.0809781788139501088557074609081142997415704093399e-32497771334931391137633802355165127229739728778093
0.78094891077882838597129647433243581269099692864887 0.0 0.0
0.78265735505620383453870564988333142026153314929460 0.0 0.0
0.78530941849412010960025172528900611713072822585774 0.0 0.0
0.78886134319016168008013736530351767378420496318820 0.0 0.0
0.79325476903937780939801856761975499049173826751938 0.0 0.0
0.79841754526281201785166434907205468240247724386293 0.0 0.0
0.80426489513054793007317294832549487570271447530455 0.0 0.0
0.81070080348437506762926610343701428537444050895391 0.0 0.0
0.81761959194883941093073810977484972539445981341416 0.0 0.0
0.82490765367354557476724802083307948821820792855190 0.0 0.0
0.83244531854657225049342615226436804343913483643554 0.0 0.0
0.84010881807470127999378057373887333270109104431605 0.0 0.0
0.84777231760283030949413499521337862196304725219656 0.0 0.0
0.85530998247585698522031312664466717718397416008020 0.0 0.0
0.86259804420056314905682303770289694000772227521795 0.0 0.0
0.86951683266502749235829504404073238002774157967819 0.0 0.0
0.87595274101885462991438819915225178969946761332756 0.0 0.0
0.88180009088659054213589679840569198299970484476918 0.0 0.0
0.88696286711002475058954257985799167491044382111272 0.0 0.0
0.89135629295924087990742378217422899161797712544390 0.0 0.0
0.89490821765528245038730942218874054827145386277437 0.0 0.0
0.89756028109319872544885549759441524514064893933750 0.0 0.0
0.89926872537057417401626467314531085271118515998323 0.0 0.0
0.90000000000000000000000000000000000000000000000000 0.0 0.0
0.90042735192739772017548685751943938186464556022318 0.0 0.0
0.90142575516116129323990541874061668791157239744002 0.0 0.0
0.90297560302428820975868975231921037069235859558056 0.0 0.0
0.90505132369576391978666653589398881663600763343959 0.0 0.0
0.90761881192657491268602842167199384248821879408748 0.0 0.0
0.91063590329147029716338720981737178570587799430982 0.0 0.0
0.91405305484520023561658326509866268447118368676592 0.0 0.0
0.91781415598133925660833640271009188936274080363535 0.0 0.0
0.92185744897492704683699498857087486885597892927293 0.0 0.0
0.92611654275408931969370395914094535645476282805742 0.0 0.0
0.93052150291809125595518553812168708910865605367114 0.0 0.0
0.93500000000000000000000000000000000000000000000000 0.0 0.0
0.93947849708190874404481446187831291089134394632886 0.0 0.0
0.94388345724591068030629604085905464354523717194258 0.0 0.0
0.94814255102507295316300501142912513114402107072707 0.0 0.0
0.95218584401866074339166359728990811063725919636465 0.0 0.0
0.95594694515479976438341673490133731552881631323409 0.0 0.0
0.95936409670852970283661279018262821429412200569018 0.0 0.0
0.96238118807342508731397157832800615751178120591252 0.0 0.0
0.96494867630423608021333346410601118336399236656041 0.0 0.0
0.96702439697571179024131024768078962930764140441944 0.0 0.0
0.96857424483883870676009458125938331208842760255999 0.0 0.0
0.96957264807260227982451314248056061813535443977682 0.0 0.0
0.97000000000000000000000000000000000000000000000000 0.0 0.0
0.97014863274515355756771657323730886732146974404845 0.0 0.0
0.97049587679365497675949884604501541963111582485031 0.0 0.0
0.97103491295495101134389616050043029630857437717925 0.0 0.0
0.97175684736496314338141710573686012580293606883058 0.0 0.0
0.97264981823845059618554087775249027292900483452499 0.0 0.0
0.97369916081348981001639792529447285345289676773351 0.0 0.0
0.97488764408330771222385443196437864595755557542627 0.0 0.0
0.97619575281249625686961118621956368427925322422448 0.0 0.0
0.97760200770119318547084506522456762826239658563231 0.0 0.0
0.97908331797424638622261654059922550589225822731575 0.0 0.0
0.98061536048884197086537233969663725409903710595835 0.0 0.0
0.98217297909957260000000000000000000000000000000000 0.0 0.0
0.98373059771030322913462766030336274590096289404165 0.0 0.0
0.98526264022489881377738345940077449410774177268426 0.0 0.0
0.98674395049795201452915493477543237173760341436769 0.0 0.0
0.98815020538664894313038881378043631572074677577552 0.0 0.0
0.98945831411583748777614556803562135404244442457373 0.0 0.0
0.99064679738565538998360207470552714654710323226650 0.0 0.0
0.99169613996069460381445912224750972707099516547501 0.0 0.0
0.99258911083418205661858289426313987419706393116942 0.0 0.0
0.99331104524419418865610383949956970369142562282076 0.0 0.0
0.99385008140549022324050115395498458036888417514969 0.0 0.0
0.99419732545399164243228342676269113267853025595155 0.0 0.0
0.99434595819914520000000000000000000000000000000000 0.0 0.0
0.99437183452727760952757978454122132200299684517459 0.0 0.0
0.99443228823774205615507532952350719620484204409033 0.0 0.0
0.99452613213849569007555546027759874439648875690820 0.0 0.0
0.99465181784566776319622221611952932955201707627302 0.0 0.0
0.99480728027294900093384447523327156541219763745311 0.0 0.0
0.99498996634772323345765119914122626434565579896410 0.0 0.0
0.99519687622507169034434175387544361547647604520346 0.0 0.0
0.99542461238559527754620618796415311167652451671964 0.0 0.0
0.99566943537463535979611104956226174922607002783346 0.0 0.0
0.99592732518654613924986356809983938010655202393764 0.0 0.0
0.99619404726571866591902666492850349928987068667182 0.0 0.0
0.99646522203433895000000000000000000000000000000000 0.0 0.0
0.99673639680295923408097333507149650071012931332818 0.0 0.0
0.99700311888213176075013643190016061989344797606236 0.0 0.0
0.99726100869404254020388895043773825077392997216654 0.0 0.0
0.99750583168308262245379381203584688832347548328036 0.0 0.0
0.99773356784360620965565824612455638452352395479653 0.0 0.0
0.99794047772095466654234880085877373565434420103590 0.0 0.0
0.99812316379572889906615552476672843458780236254689 0.0 0.0
0.99827862622301013680377778388047067044798292372698 0.0 0.0
0.99840431193018220992444453972240125560351124309180 0.0 0.0
0.99849815583093584384492467047649280379515795590966 0.0 0.0
0.99855860954140029047242021545877867799700315482541 0.0 0.0
0.99858448586953270000000000000000000000000000000000 0.0 0.0
0.99859312762227432726562658115837240290323865087262 0.0 0.0
0.99861331696349284990252814674888453612614458710508 0.0 0.0
0.99864465741421185990570113021591826102023340687566 0.0 0.0
0.99868663187051724475950347924103432320333584065622 0.0 0.0
0.99873855066866755117462682773080695129660558263082 0.0 0.0
0.99879956117523784102454539405746021893253800229232 0.0 0.0
0.99886866155109859841033949920246174619647567369852 0.0 0.0
0.99894471714830318984489822697775115662825403204247 0.0 0.0
0.99902647912496094623461316602925985202123864193692 0.0 0.0
0.99911260494535222582482158807562598105323096077122 0.0 0.0
0.99920168042187065862496622599843942765765908751460 0.0 0.0
0.99929224293476635000000000000000000000000000000000 0.0 0.0
0.99938280544766204137503377400156057234234091248540 0.0 0.0
0.99947188092418047417517841192437401894676903922878 0.0 0.0
0.99955800674457175376538683397074014797876135806308 0.0 0.0
0.99963976872122951015510177302224884337174596795754 0.0 0.0
0.99971582431843410158966050079753825380352432630149 0.0 0.0
0.99978492469429485897545460594253978106746199770769 0.0 0.0
0.99984593520086514882537317226919304870339441736918 0.0 0.0
0.99989785399901545524049652075896567679666415934378 0.0 0.0
0.99993982845532084009429886978408173897976659312435 0.0 0.0
0.99997116890603985009747185325111546387385541289492 0.0 0.0
0.99999135824725837273437341884162759709676134912739 0.0 0.0
1.0000000000000000000000000000000000000000000000000 0.0 0.0
26.846997257696825190849896313493230528434564213767 -112.49615472882798777768078787071207464690422440227
-34.656773611560078472870172704202557080490210240535 151.57504704223671811652113368748093507223040593944
10.714431269698115976895937083321428562607709112163 -60.101811195062681319203181202969737097526467468162
-3.3384773595710084765996139333109083402965928664966 33.840738363463079637656612740720051226376273226508
-0.23822592990426993033266591764690645880391022335008 -22.109416758136906119465442523803859754873638629532
2.3628626135980329006152935519595556651616620496006 15.675859125606540313058700716178272903090450967195
-3.7667082068673034002486334361398247503867769575026 -11.696376985165661259760533232531586289075439046230
4.7468223977865924854292211345702241138522173670069 9.0323091764699388717446293455162159159473311584902
-5.4459213664241338362680331325327852374153174908295 -7.1471085516886755792854683011388075558114481166009
5.9413518517333971102943545464217288686957423112657 5.7578372214685406405743216581353075883892142696154
-6.2791887445980514946735480930959628245965985221043 -4.7023354647992005684036647662005385674920773763975
6.4891078095486420806431008377528104413474828005995 3.8814448727510348152573875749799313643144787809799
-6.5915004342113040638180670242402750181829087504308 -3.2312663602093159481446735355559296632176753067132
6.6011001187113703110296475326352637806599374898868 2.7087712879706815932267325906651897766726431513993
-6.5288952001789945065034349793311831649243425344378 -2.2838586079378054314300966469496441935101746397026
6.3831277106177572647675322838068011927001955741813 1.9347352007291653107484269214676133472325377978990
-6.1697552028118692025984635736286435473596124643884 -1.6451012124473793061663068449044174701248157790601
5.8925434131686342269364193210984760772935841863379 1.4023534654803253651079991906511211202443259631558
-5.5528250959990487244916412316056550750050383030739 -1.1963706920815056573461674438958535597051029134266
5.1488225291147954449918267652045108996614942381232 1.0186124347895483873379771389561366177630202963632
-4.6741770579698567870702763485664709381016714796800 -0.86132347843665405511385319847800909463025890777072
4.1146402497351438511836651652964184474529900792006 0.71657841120503849036934873940223001770204739443363
-3.4393902492215930942006426795146639643815828131405 -0.57452398234217061799797438878052681364247764943398
2.5701573013190232967097046205126225495128269569061 0.41803255757723386900015230527964674391916340547663
-1.0363823195076282422213574130804746889635052214104 -0.16666137686768875561411947649577020458686340291852
-5.6505881694226970073273589849716883655145552267246 -24.713442087721121033265219149110422988709919007374
17.531913976197882571302173411929902860368313065741 0.0
-14.384678451900960763259158801213037379207679099948 34.530800985173398568383365164918364523620090410628
3.2792712816154719419044974663271929188246356077626 -15.897385573680828769886128144215878191786416842530
-0.57382326637649455339449126305945232028191429919022 9.7159052599730764901467428044363070740496697969350
-0.65118090946891209310197044647633387903558233277797 -6.6798998783295778590194689860992905828315621025139
1.3608491013310521578691275370862946264280763913815 4.9008543706160630858489762654324221219138424720110
-1.8226719568668718627022059981178869719575929321000 -3.7458600854833108858318160605690485827478153491776
2.1393062145221049880285739073932177347265525403766 2.9439895124980729892169062669929087796182009470190
-2.3587895293603317382048796508245850967770637306689 -2.3604948686566853548150633209728353093627483403504
2.5069348598587790005037505326600411431210913529573 1.9210717577460447308990429986852629546054734602437
-2.5991519876695644737592326619219078881137790705483 -1.5814916510805230121516272818611182769297791020354
2.6454392390202110084689353471269666379107763733393 1.3138076549598846718821904577450377145384439755282
-2.6527143182822179430098664003056368794343343198951 -1.0994783222262581998716383607678073793003584788080
2.6259745441999430230800052208161241415444266351698 0.92568220728541380142958611897126210787732971954936
-2.5688870048378646802495568261531899839482824328712 -0.78322237209950501842476821514874876238030066495662
2.4840706705786380284045834637379913770871241480942 0.66527248122805997967297964115185534410870231286175
-2.3731854069773930827825968862715197657597915562581 -0.56658849531384181475821647605295902522027445194134
2.2368638307545932131428956470813584319288989790156 0.48298307647184635553789820117626998354322871871259
-2.0744552442927562989690484599831578974752357256742 -0.41094147634293643922580970384725667531376027391854
1.8834433046392402399062829457459686366844869367890 0.34728832106635205796948658359845260439368312278836
-1.6581189816529520010979987812958767692533520055179 -0.28879478601685015117693332276657906628360713328841
1.3860851914133158645028971675280946295099601999303 0.23146541523560538792156622375075056268032201658720
-1.0358169180558786510313921135153445836941656490686 -0.16838093209538317069752855767128732307882893514778
0.41768550247632209077419585318021777093913431720185 0.067123874096402416038312736644741625592708125823326
0.0 0.0
0.98169231154389648787545761384974005151758443241208 5.5067305463912237508382625674077504342264209980166
-8.0835270931982531615174293929441434911586412236727 -19.404720532810970601888645205744177191211847105073
17.673256581219667196907093623802599086748901645500 0.0
-12.506648177942566679310648765660380629079060011008 19.425738659406056798457662965284885343092568825226
2.4623115963742900739126042709755730391037493676803 -9.2073210475415357385176912612045625633023832267725
-0.25800390200073343382208721748003326185886938914116 5.7620976357320659199914609567559377639265423650519
-0.66545061305900385817833797106657278711090204236788 -4.0339482058555071132548611120752770714510690742220
1.1706056134928526529128481041703646634031116073866 3.0005251083881280425463747733413213070156162519240
-1.4843524623982001686551603285862267160391072473644 -2.3175343482648836233384717733379907434118824603225
1.6899388321952723532234484938860997572196896190706 1.8361647825437044654070983453363671665445725457930
-1.8249069403767754876891672976685879890652952859403 -1.4815025025282257949274722807878801621255013778196
1.9088449564180783867562944728267319810800310802671 1.2116856772936452079140108592763985826834854429177
-1.9531738417511741895705076869399750980141411606111 -1.0014506441364807329531904247139250656235944206550
1.9651515524252984356702050285862185769325289662479 0.83460777800849456921259901187943707081057983454039
-1.9496878524866588649134143981197563400151616273787 -0.70026062127240403116895784373820632311680872565063
1.9102193954447196382263309619949611324973294672376 0.59076064415295589329763890318549185361984921659463
-1.8491340975056221276820146258517903016592492637148 -0.50053127285183483561960761800891045435638892165257
1.7679491382050689615730742724574142831235603104319 0.42535301289289253841171586938150200606589867715827
-1.6673212801609257815602317148304187985307180735966 -0.36190135804130504576291613123513923876857103797415
1.5468907971375667951287224480470323081310467349441 0.30742003195650095615436265953166821907069355773444
-1.4048677692591932522287060884095514435083368120283 -0.25944848686084634577792003562290658358715772538184
1.2370547348909725327960902414615860243328211136360 0.21551418040618613797292744752007293344930689737147
-1.0342467858553217301177922101870767214289232555768 -0.17259138164301354011032626660640676684643690388041
0.77295452001386658279923864522694967957616781885501 0.12548681553330377656406184818243991518915894689294
-0.31169903139125530582241880632531940592457049847776 -0.050013196414222769252058943894688368832164438925506
0.0 0.0
0.0 0.0
-0.21579657861560347342204431043531890145144454488567 -2.1874389939249196170111320740002032208188577066085
1.3000735980172434331823530151395294380991182524720 6.3025500139961162219982962905530293819084406907460
-8.8232947212666177280512654225120041700967321128678 -13.704632522767478364654126692015131075529136579835
17.901262746851366513366656678472648125340781233530 0.0
-11.911400387225407498553916161135023730265153327847 13.322390038626355069832993166034214433724941521698
2.2016855635393414582119479016754331233707643005626 -6.3640157968788251978752085675952180704361348701383
-0.17805148542295786094004502517917604994766229107875 4.0141798048136618226254995146376636512886582136106
-0.62710241952936651126390656706240144008179151097518 -2.8291362164063403183593208927337411928688488400459
1.0466041559034585308442613662639286964772740551929 2.1157026029356285618940966377149551139789695976230
-1.2950833188115914327646625920149560334216509769416 -1.6409999076538338755501539622461100148966919398869
1.4496905367294154440703936158349312783933368285180 1.3043750449081636046187034863605837282243879309359
-1.5445221218769984015956955016652435498981663201488 -1.0550515271085901380105437204696893109609731501495
1.5970162592963418280729150307852177614610444744176 0.86454622720445401117238914812262074188421359113041
-1.6171320938805949624429430825484942940780198411347 -0.71557790404611666817455481913596303858340835190106
1.6110504427788916391458908031412878911983184245042 0.59699820429196588484754897189076229967210236167941
-1.5828238264176033384024029428957457761357480581010 -0.50124245202067897005304161484326788282618812026043
1.5351541115233286441632622549442408563243640376608 0.42294675358013831236611663871151119481203047529279
-1.4697506883247111697637515762369261428679690636453 -0.35814734388472142232066762773556562729377067864518
1.3874492560662485664791334110744625625095302067261 0.30378558623788409501018799795650248889191500295077
-1.2881425605460961530007856403328643749143458231831 -0.25737398847346247883219306632439624916960165904254
1.1704706247642164263495802537281248173300539032151 0.21673312369795624782990376232662781490577748607217
-1.0310270948704968197988654755609448904884364858998 -0.17971346191445731443206025592950237155080269030545
0.86220501093492086710487733083036263106645078465633 0.14373095727770349081388467931959685561194225125839
-0.64447108028422261988801388745174727636361761458698 -0.10441419267517844248374672634866639529525344799185
0.25990278026981231417942176245789275870855697001954 0.041599450232599241683733372625135685281007843571227
0.0 0.0
0.0 0.0
0.0 0.0
-0.012084016540862056155902902566767295741480170602229 1.1215007447824863413559423050083196334040738088209
-0.17852330035331150070732659158229263772856353606111 -3.0227346546670860509615053449897006470831630471525
1.3631982636385589905312186383847303979227437740499 5.0974068770390791661386182516659277759090599525235
-9.3473603158276384616707920931733700481642487716622 -10.454621279676481826185342657034717291166957831457
18.224184957402736904264678147315858136884161040762 0.0
-11.730394499920000385788646614831835773689323642140 10.000802659673137469501782040021847527701350367477
2.1129839046490876498593201664176351007489510799496 -4.7812895927920612577478845992375788583249770943485
-0.17088998522717690656148007511091628093597145727902 3.0206599048065453914741516268095270191509397859735
-0.57406393531056473243821431620082699433874865924932 -2.1321346382516635403732557755765521333302400023469
0.94705112153503096245521823755446387648799575211524 1.5963229054907189597021340682582405536310244089039
-1.1584988890483270826310547113869581109130072650273 -1.2391103768495318989893343773088116581593879485640
1.2832187474442902343212236107045007296954383953975 0.98533882021472642295461737069696930090300869210977
-1.3538799975964470089070374366065729880721924596106 -0.79709808929263920322777309719126690687471707611539
1.3869627541125925125310385022749478523990186012322 0.65309871693332594702276678558948157378573095369995
-1.3917183999929594290599670431613622962928473939231 -0.54039245129648320702571024540732842458308505366865
1.3737530274125430277440856754346325579620378326252 0.45059312472384661388828737032615196712178555058210
-1.3366075706246200518794281831647837716287637479364 -0.37797624016143178387939476695891087651159761291457
1.2824855674666000894881470701610872784874438369588 0.31844521976426309053839824773930239955051068462866
-1.2125623154283306844656445631185039204659584761070 -0.26892685635565424059568995349659721327565000948742
1.1270320829656616489161936352474281537202706646690 0.22698606142697210435259358751205988595435690036114
-1.0248964176386653226736428412477036397020843645355 -0.19054283860461848400552125427192335504012407184758
0.90330326635939978656500868309669347340376200891597 0.15759760844855301181563683245979217931431127301227
-0.75567992675556831298253070769370993770703758470610 -0.12580558361408702356403983901259996605287744043794
0.56497450545126859965205717345012685303627950933088 0.091281015193987274149621966727233020162774201745789
-0.22786448882126316781363839065773877214595216851957 -0.036348112739698254776023964494612014467670596351868
0.0 0.0
0.0 0.0
0.0 0.0
0.0 0.0
0.10027304593495179320873741739695098078232391294425 -0.66523806044661625097643910761898087286775932469790
-0.16948913772410517800164794368720109719603315029871 1.7386419871934006436922678432517035933419993645219
-0.11949940545313152439363392221853341137964557519974 -2.6688249142484647220050312496601168100869632431246
1.4454561192472439465033270130105912488776639662353 4.1781195866120098888084138002416813779246062939479
-9.8137744971576304095902913427798547084395248875981 -8.3667793178887356764745026143631731702806709130510
18.654189203864690543375337050025927021596517735475 0.0
-11.766986408586351296374567266135825050667875086704 7.8944591253196432799602110789953775910031716171008
2.1069195625978483050434475437280473347700519157217 -3.7656827128445574373291234886651750110091093007859
-0.19825928908696916043035130380037027713829235992576 2.3753791612139593530681624594347502511971986121149
-0.51388613166172453840125256894232020984028220411508 -1.6744492638484259198857282015417468705291108279673
0.85885837056221486518750335356481645461993901389216 1.2520036154732747983886760502929429588516922590057
-1.0467817113099725834996196361008038588488922231925 -0.97049079958930499529054777039026214200901182027853
1.1518414781254052461338905967494238349948888635923 0.77059678064719835230624990721499137282241236790184
-1.2061682772217100962295256714767035333681191976761 -0.62241489671770321136472365764674004458117026014067
1.2257962291330109768140641241249466057315423385347 0.50914178927510589762531789766672213137868158042959
-1.2195850111464552399540280771836706445348063748992 -0.42054041092908880333446334962658288394317791955649
1.1927674028334159047537812796206298708483416764381 0.34995803367273195408075949212540402701828540294534
-1.1484965454521374322238558734287651437477602354974 -0.29282514602538563230979877725981899081562936691885
1.0885346937016838756035358506108768413048834816134 0.24583405364407084431852091621267304825257655364680
-1.0134988967378413737171269737807060545965297136670 -0.20644848487392702819663048876403816089623742261196
0.92277713212621799954816899821100248892498709813201 0.17257032844272198718085230699033254871178105172878
-0.81399190131983137814111685338544647554722085591772 -0.14224742083457886704250154889945026500808945289581
0.68135148612790850152548642481069174602219240387897 0.11326356062264284238909326202029727415413728479759
-0.50957649775678085865036528554442928435934906654861 -0.082046001113341884638279676162480107330317170052853
0.20555004529241482284138059249532150477810459135375 0.032647715775441698795610066894218026327053354022329
0.0 0.0
0.0 0.0
0.0 0.0
0.0 0.0
0.0 0.0
-0.13976223974346708579727450734138897550170298909512 0.43398950875736970704696458269839521811341819717131
0.30969366229389232344286272236411151271421691442093 -1.1153062723270246719119660482440823332274812439646
-0.26948676224246992746224543198605797981136313995011 1.6336233218759257524021053531634067321567736264921
-0.10220622672722241276130877104839012035946042896350 -2.3042445856602890451129243369103170541571287984332
1.5456166310161684013498970426678361618407849363255 3.4974429743946532084351551966730764339286641847693
-10.288389288383190498962333242216179819943669234575 -6.9024698323141189689754483230780142532783212296224
19.208309916113587227463286153839757484386936119710 0.0
-11.959737233023133790244494051153316917155716691073 6.4256592315503123838835678912329213898165714031039
2.1545597155124855109989746032583613003570435856489 -3.0527295218289995521722528715670873841100139175419
-0.24819527278632849730867320157813088938012927451684 1.9190621118801748997391150461983216703106207432247
-0.44777016172583972362824843458296154865851238276451 -1.3485267226338876589042066372483130883854436134848
0.77568471857550322766988466504441303844932832766832 1.0052606970326032163145219721567262603653746641174
-0.94801975367367947444849137553310714203984959688382 -0.77691904659551191350709494099309791316186567418557
1.0394159228057774286216154068437089216822057947826 0.61508707114667464478151316023966553495505314896048
-1.0819927005415433694151992088765568448436209847425 -0.49535761473237622413000598905642972905024334942668
1.0916245956143718559355984401414587581173119380445 0.40400887976345701742915483839147733958003704224737
-1.0769424075942980053478056206683455630791967700997 -0.33266539264450730718678172866411456213990823445303
1.0428926991816491685827976395595634982340571162176 0.27586150148847539227744338725935469619860184584936
-0.99226679521633189983133359579959589371267787429170 -0.22981063023691001342154881152118659572430781213202
0.92633861548793581324565537806433996579702754630703 0.19172265950860904105839726528822030314783960640948
-0.84499200548332448145046500054587203868547381767256 -0.15937714185293702690258908255583213826998288731829
0.74633627405550695493980004319475430098700354868064 0.13078879829541342454640971589917610283368094112319
-0.62525323560280670817666995938135524948165134117223 -0.10379337708943972378697429561132823812133899562812
0.46785784733857085700779902901372660122965062940561 0.075024156029911886610065662647106247931115424632468
-0.18876089659249578298867142786193791261870619364419 -0.029825978296154071671555241895337952212046597882073
0.0 0.0
0.0 0.0
0.0 0.0
0.0 0.0
0.0 0.0
0.0 0.0
0.15920254413928165346175166166143168256230146384820 -0.30293246299189688549890116109850735678377581702444
-0.37492983958650836541670956462301735074513057861204 0.77053619861357328836673974099913760165286912624097
0.42850052347010507975746620814980962090637924451575 -1.0983430839641679950452701641763669833694723977690
-0.32537889335212467900322357837621057165944749956236 1.4679280171292724670756427479951598006768343076296
-0.11299034971774316950840330370403114905530595509030 -1.9972230588511866223567066764531345579400376163575
1.6651341953953002585665640679581139398349885011311 2.9760827919007036139515325761198493935066483353079
-10.810375642434633202655612356723068114979999988165 -5.8081368085189916082304770418192360017047448153667
19.909896422364364096956794438160044766222598400263 0.0
-12.291743032087491966810485763227866056994051149870 5.3319004035570830311461577863227212559081677991962
2.2461369109489447445160059236532530282214181719585 -2.5197704434988194736724495231168687907002815221471
-0.31705208520228098772870880833381871604020688469393 1.5764131129416416654612369428195288827751261658918
-0.37501257321963825827993651103632366915284940455085 -1.1027026015947160057582090154116482660051970632336
0.69358851782197214505950274256251808634459666123747 0.81838869947096045676088478374234585097925356792476
-0.85577481808833714574084261671561569955239309786075 -0.62976817371786719073254604888885889961907673685048
0.93753901614356867167717025589170182844342486021168 0.49647031167625822755489776005249196555579467780929
-0.97138713999184867767718152256827553529911331423943 -0.39813945603735350541246799590266872330676857069675
0.97323224500502954862866628221163788510629176701888 0.32331952629473218913686983502629540492780543622328
-0.95157147148640082706983850693809327124486579288050 -0.26499858378730519575761069831511121863420791223872
0.91109003913298512315960199262382794889918392112043 0.21857164793722791059460401343433955792393348219194
-0.85416855260447393401219115330613451237548208278862 -0.18080303091512681683903455757158482251235256329838
0.78142198968378410568094061787092377693781582353604 0.14923258434611271256113358367331489138821666693745
-0.69155166045168265944643458372166736812870394030025 -0.12176210548921597146032838305688355393635683056516
0.58010740217886184531628389245184764877772545562566 0.096214303475647310645161941289579842476471372758347
-0.43440822643755132657033183351513966102500905952199 -0.069351859026946386402425379060966894097127606486457
0.17531996957256297326402306840804761846385739714860 0.027537857398965971435718168221942451872658778691531
0.0 0.0
0.0 0.0
0.0 0.0
0.0 0.0
0.0 0.0
0.0 0.0
0.0 0.0
-0.16956662600622048637773561570716351614598944473697 0.22253554564373211647546462047753381652601924358035
0.40854174428887638981247231597623134556471370364027 -0.56221152560565046618629012366615372151140751724194
-0.50442869434663821751664441482197973875417823095827 0.78756956653677315992900352680391795529407671480423
0.50414486493142003463809874487076196786552276173828 -1.0191251362567913323942569123430765428758859294840
-0.35237654749635488812870696417991193821016391177608 1.3087640529413414679686990631195653871346857800956
-0.14546443362287934350043854572283837824693943014674 -1.7428347792269441860174149771406107551344274939294
1.8080051969009636799024739833137671971972200361011 2.5617070626826359669936038590982568845275897097502
-11.411308963195831630272649115599965175582757698358 -4.9499865647325818065230282241890294088565044478259
20.790765643067896516725563015787832008863695512565 0.0
-12.767389319885528867043331983817975129148421471962 4.4766494839151223279741523429734912211339510715563
2.3802904283862020080867007355815646339532646244998 -2.1021341754116776104557974557470102119857243591442
-0.40480798416804670218847954437324377089492132282130 1.3071870976166431938611810122129769460693137829032
-0.29401631843518633970540980571664900603183640843234 -0.90902455995059204774943592408715200451398428236315
0.60955638610868885846846487166440354692011956110708 0.67077536214559668576398094042942268642067479659597
-0.76584213008896538800800288129561087856436273426774 -0.51325363097854683955358275963681835789693833886716
0.84100700200437409308164846238119401050207044007889 0.40234167460267641843498647753211896373635686937223
-0.86830501268087282154948035404731842681634998676064 -0.32082648361609134201257995129777514939432339988484
0.86385078872374556770963400610312161010577282525837 0.25900302713079947734777082157085032662060866682600
-0.83606387800315272142132085686105030291571345331536 -0.21090399307714491244227886251829678518702063938946
0.78933706122853037765022355463235067290661276462237 0.17256759113116493636814788218559571027894704092067
-0.72548692300359721304963850480261430463363963638591 -0.14113773181041661055336488537904414067971979682207
0.64405162214282211425208151904086822867577409574446 0.11430841446712283919120495021235292384690726783785
-0.54135216864091828431473357302673078158603153540827 -0.089823196478069039608124619538440078153064466466904
0.40586475711109129024068085520064061619569029517762 0.064511315801416973135132180771085641155700367412701
-0.16387866641678610748609929315282391964855869338441 -0.025575917649557750111676194886890861174410747981815
0.0 0.0
0.0 0.0
0.0 0.0
0.0 0.0
0.0 0.0
0.0 0.0
0.0 0.0
0.0 0.0
0.17566232975402044353515404146805963157647969055947 -0.17023652628357502879801123590271874966858658640996
-0.42773720847268531917557038413052053706826919999717 0.42804645059074698522310294487925693158701835649944
0.54532836143407731494579736750388053251078294254331 -0.59251418637844260513509748113912328194093074636641
-0.59237259160949103053462134249086781980161238779097 0.75059523507711522117205222791057335733899173205610
0.55200690266341015156513884676852383961108403991732 -0.93044740951504476425147441038144658148604153521521
-0.35802596723061112812227429455833048189402592104397 1.1665936874563244357740765674249465736071571860657
-0.19776935539075141536830986820724343708995369224798 -1.5291656144800766544628539856825382471633447407646
1.9800792372016810203080212455355712312409244393896 2.2213005419952751110349505467305797709556882149865
-12.123456405072367961626710039516320605015520557440 -4.2508662890465771229148526877973010142758247401789
21.894425503131810545155618240050801895267819389618 0.0
-13.405931988013855522557488499639041943234167058478 3.7817169793894492835212411913518553504563773714813
2.5608340098652114586865151375658449123184195169533 -1.7624284007654358095755554747037411612975466807858
-0.51370674170788198114547650624424385822839624596207 1.0878782886160755242301619476305794159022706231395
-0.20243372317763956994614120646675976886779455607598 -0.75101355580038305332305801569705748892513109085843
0.52079165547429232986023247668759959498224688697856 0.55017005564639279186752030079967183079928594118783
-0.67491051275678430594571171941447413490032441800773 -0.41793039758338402376340005788023137508034639660820
0.74600230721407967263252485056579651773305489777139 0.32523763020125636770137890859310614464998504037940
-0.76844537760208333068853005560164435736505530742718 -0.25741510363334296638309914356813299538117517471660
0.75870798358722768458901465012713977976250208316271 0.20616183802660674645169466483128775315122847249784
-0.72515218540426789507913898785524390533922518042082 -0.16633271047292812814296250573107781971117528864062
0.67176222817790206255171837559084086804409072274701 0.13444218305829062487219164965247518643551595415877
-0.59941825431370761412564878425377167630023175882503 -0.10784768867548681338962748588862715884245630125206
0.50547843237904467417997267350906991492007240895298 0.084135240761130739135409673565761090278884010568746
-0.37968274373553933067457313066816524106687962086258 -0.060141477026162306717363678874347119370203425468497
0.15342332531048416836353991796922466135167319325798 0.023794884025483920030156850559757360615706062710724
0.0 0.0
0.0 0.0
0.0 0.0
0.0 0.0
0.0 0.0
0.0 0.0
0.0 0.0
0.0 0.0
0.0 0.0
-0.17982476436448552185923320900075148695741349995399 0.13466649933842827073244766941122647674197868152190
0.44033528241478612633237940071527835797146361683006 -0.33743025737566489540694702294133908415861840983894
-0.57040118458840810925244372907154418400165286111395 0.46306513703012137176430125030197287449018956755634
0.64228110630460501750300856111051480695545160174657 -0.57789950727677603191570747765599002898767991796197
-0.65406258090501959271732189907742117064387250512677 0.69957402529247302757368906375943587353890834287173
0.57959119381396620807623171330180841928807630871793 -0.84490096973327668752189749189481682732246118620773
-0.34559960603498292240892835926053131811318590826392 1.0408248336012864718407364233899020073626422749260
-0.27072574362686618305995714377399995442612769585614 -1.3460741379195904684957295950591498167656449371513
2.1893081814187092304170740708596301976191700866239 1.9334697538522168593171511488583656788141049512266
-12.985228853534200966008591203424608749469990474720 -3.6630396514448829452916932526813929101371748443921
23.280977423272898880793071089471184218338830820396 0.0
-14.241273582809979501574614485072282786956912434089 3.1988931770485218515717991009780159196522285313267
2.7961252125268075827658210951123771798866647417583 -1.4774349465793755830632196200430455132447857537809
-0.64806064213095226282595795704856779379020187442008 0.90377997080324916374064176201324680623412337386287
-0.096981073859478875198171543742817019477527307713348 -0.61828679995685933959244962804335807843103859939340
0.42422749980425231810654317444645149628430378367443 0.44880846798438127137279562137022066413852714151603
-0.57983977127276955194330304718608052575603422961067 -0.33778493152706238406949002690572875902423892612566
0.64918604588486596555036993340957136870557199284903 0.26039083686655266728097720221813938559901357631478
-0.66819915299408278829162727042054954837158467701150 -0.20406148123247058990569655284985514318634565412108
0.65385308039513757319748849264797903489536890531341 0.16165056348542656208210493883142137401826063091923
-0.61441595443573281405236175259795162870829663797059 -0.12866139697550003103262430318250464686952856296191
0.55316466413198781211867522634114142103024241650134 0.10192217740690447842747606924229600106333295350281
-0.46906134407560605662894396111120986729478579204832 -0.078756572487705983424704603652351785393508645452465
0.35343840878437782421166449449850494237651310272061 0.055944744796928081146833934660930139936816386944074
-0.14299818444582081223397935815829426973240015186972 -0.022074362141287164240747229016909607872099482855992
0.0 0.0
0.0 0.0
0.0 0.0
0.0 0.0
0.0 0.0
0.0 0.0
0.0 0.0
0.0 0.0
0.0 0.0
0.0 0.0
0.18329653809601818178372050441145482423423443966428 -0.10963840159026278494714123708155655489438561429643
-0.45029323518580092126258745061990244264728407396647 0.27398743719596506388173562545768177438993057402041
0.58848264753543791661380273813084330497591703620852 -0.37355364717131058427182432844081568368546041189810
-0.67494329374519215187086377965927948609244864242225 0.46104872354445723121541967783579782464756534262588
0.71457478729832719788061783279960662822608216673869 -0.54869700062754934031801076209202405699825385213764
-0.69675430798726959468785788369723745962774654440141 0.64597388182264864956385137572474089738700730152614
0.59050915514438179392231986777849963687458186726539 -0.76527954037139356142359469218389018999779140685841
-0.31584069087262618873945535545996179632677150470041 0.92871113233512007237187325664671462303767378472511
-0.36723945158559769492589517357168694476866224628873 -1.1858725411137721938498192267161920965148607624174
2.4465682531580773481030780205779254895814635108954 1.6837879211092762224752867880977350716511158978734
-14.046629915541132319474583435119616394030490501648 -3.1551720663233136274851323820958099195347766803986
25.034738324148083648842890489635280483122105908441 0.0
-15.325493966503003880022485668930925908184587469205 2.6965813242788097737451406115350513162095609777609
3.0998037872629713310773307238078270309657432161427 -1.2318562763456597923219052331601939781044869356762
-0.81468053638002372136142129102319148841242968472975 0.74514917877277138985908352776924165406134642300932
0.026982901756935275258382180662238027117802358698946 -0.50393391638648410138265293413414686079236796397536
0.31605481324091398367561977642723974923973916075805 0.36150678345748051710181423824271975492653263558051
-0.47713030610243493743283742229564764802822201657734 -0.26879741949823545084281529978998784822059177094384
0.54711569161112070730194602091348686881527599289799 0.20461679640507446913631506608128433412774241006331
-0.56402297753694197497431675683778535066983032709181 -0.15820201769390937478679653353619077061186261103248
0.54548474899049597431289875155535826402640223713790 0.12336683075729199001243974465386850930070803495564
-0.49951375036893683798792800211288183386634911181432 -0.096097888537001768447589679588101635952433256626072
0.42787637060059898332547905587266407983345242845583 0.073302774558766031064937876468398672932643492092083
-0.32422204410951032590985859995874603192085863362194 -0.051626909263271972039475439826813202073769215737698
0.13146896256894997805495206809767250515154285284126 0.020294794821759150591124812791447027989271640628127
0.0 0.0
0.0 0.0
0.0 0.0
0.0 0.0
0.0 0.0
0.0 0.0
0.0 0.0
0.0 0.0
0.0 0.0
0.0 0.0
0.0 0.0
-0.18680821027323168449501231177469937753138622008617 0.091576582857197060474489264645664119410073479732775
0.45983702765810899694033909249849065039347985951500 -0.22836941331337386789734669772607097550470601876115
-0.60415212524422620075461097898435118932331606272225 0.30976686357820478212711335931637287575845888226639
0.70020449259777850903118685119551200160918656462487 -0.37905634887759035917749633804016366497173786100753
-0.75643143135089916710697931079762326543690609638875 0.44534969840836669837165369869782017327131744386949
0.76923431836920982852180840718870537891804199565270 -0.51462766409781791128182966620680849769449502884394
-0.72410440241544700797474248534150131048895673240427 0.59341643439411489953300654944658072073373432764652
0.58609301934092978400463827325837426796465566276670 -0.69155110204772357369729474889425385735946447053786
-0.26761724613868197947370297338304902891282596527698 0.82740526342598847594920944476711249751047903649532
-0.49241760781861415999972750056396577701138602774685 -1.0427942267161344874296562492653085527072817142500
2.7670839027893199027387566172984180386781973902291 1.4620899092010865565595595426142130860691409149033
-15.376478421397814680434551864457709487224092181838 -2.7055522409225656561491233628382668633816038778859
27.276420009742964650790367429705466934710624516595 0.0
-16.736330684224915514844272311832918623966759243383 2.2528935003267980749255371464788669007946336894624
3.4927766420965093728223878746066773745836667670772 -1.0150559903345554334065699238200610477048750837780
-1.0239020180391850203275487558875536561788490834896 0.60519012473417461248464259112649274431628316915672
0.17617967455852069973897582921638887134235843342509 -0.40312825111660721537469151003825749050176319497355
0.19112550233034218934534364283798507102758204473200 0.28464961221159521748385162526803948594255380140205
-0.36239357036352038336426622675828324306156036149755 -0.20817885545872405671134302135188808055614647687397
0.43576603964399218565614296297122948876495352602514 0.15572623352707330858931688467476272113907195363490
-0.45200984197456023549170114490908596885996468754505 -0.11809252970997459045224043094503899991748448568875
0.42955616342221926909072685459882271044175625069043 0.089876034612332525619500514057749144122218478184976
-0.37566073955868860729923640224027641761957409319076 -0.067324703885166630370140672137252134026464451152850
0.28782753919382491346996554820005914381893902612752 0.046842430835437390017304885728746740424401132365096
-0.11721355019466231784038970599566070934644056921942 -0.018315574137722211528849463174602509842374437908700
0.0 0.0
0.0 0.0
0.0 0.0
0.0 0.0
0.0 0.0
0.0 0.0
0.0 0.0
0.0 0.0
0.0 0.0
0.0 0.0
0.0 0.0
0.0 0.0
0.19084892294737922189979578318082425431411471166833 -0.078315140434638491717755383989845921146378013157288
-0.47039029048818462910711119939402850939655111670856 0.19496405014784147744259147375052163183068643526200
0.62010206275931267291783705141236864287606881111311 -0.26335984321377543776583598595262639002538640772059
-0.72330717041644333832673311584764490025165027166881 0.32006205983216536806660306483241237991546932211772
0.79052555177778299255423950460594682664171733401887 -0.37224591795142574956337444499927746871318968061876
-0.82174214059805748947008137220255512419545705405807 0.42404079035060725519115327948737759799199240695759
0.80990650221347906403245131980720781458548425113243 -0.47927206753231743216223873314598137458905901680197
-0.73771034840683390972363654491675176955361571416614 0.54288404966946162233323986987642892535296968653306
0.56600239217138931855669480488773578270678672686940 -0.62284715284131427767501665739716672888029852569349
-0.19795336578996001750906106817420612928529663584699 0.73439177421103269656832370810819110532865390760720
-0.65424901599204320614344741628741616584938129044703 -0.91241022541816560496621551960506685980883668200645
3.1727680620683557537219931104627250175917750897059 1.2608521438380938267711263892725254375267307539696
-17.073476740016436354631430601391074856052807042738 -2.2982770537522488953132761605686625267073947181872
30.183239419451781748771392495037659723676405178249 0.0
-18.590557400033526974033868503287932923171621817251 1.8517859410195751850293877559222847203446510404869
4.0069440739361290501319884436162978390274723779291 -0.81922348756106190719332657310929559985727724216140
-1.2914684251709699113339356392198686663955276095612 0.47891405917154525884943384540389037663609688317679
0.36062489697829909139787026906065450411808797175914 -0.31234221472430804997623924567734663444692470302648
0.042077215547488537070371057253497184227292189828430 0.21562308359311274496147090476478678669354177009426
-0.22970768134348210092058257844392707777635283847707 -0.15395277394872656710389195632074335824821066729373
0.31009964990513280660077473106093280563423205728265 0.11221547858243733788559937135547175662116845448492
-0.32771040986064476870833236876715250180179590954985 -0.082577532024815955491074854784086599224042473538443
0.30186516856060943460619919971987908930025327701987 0.060212786456551630463419770118944429507856893198526
-0.23733492850333763649296753755927117118570961944397 -0.041124665511500538052534339499958444674906843735620
0.097589684806369225441896671346648992624615558218211 0.015947291244974440311352240001821594531092079582945
0.0 0.0
0.0 0.0
0.0 0.0
0.0 0.0
0.0 0.0
0.0 0.0
0.0 0.0
0.0 0.0
0.0 0.0
0.0 0.0
0.0 0.0
0.0 0.0
0.0 0.0
-0.19580809629877729093198864633063363249942235740616 0.068495203633168593443799614103798538284885882406975
0.48303203338115907247528640735251998015599409634177 -0.17027360750218604992381452736482814209625869313765
-0.63818966530541567595636411865877424771991567740605 0.22921571314424341738618230377902963440447833790248
0.74748755552469393194714352444703672882273085956042 -0.27699239982151121017197222323835478372416510886292
-0.82284879316134543656786738766756496639146730933494 0.31950520765196597752711289907155053488297951579889
0.86629038046986545769165764625575332640469902751774 -0.35981888658296703804040294908324754495893765557068
-0.87455555973423596498245973692357208239674704452576 0.40038879726643386966381450351644596158415580537183
0.83836526607271761605689778308126734634035196966509 -0.44395321984331529758668239938475470249903602782668
-0.73766841572780949267304276402620994344353439353260 0.49437211398452107090383554388081563787309933624092
0.52827687322776147063353934793870746834055778631520 -0.55807752233612120854480127471195629720439760329659
-0.10156217058048873318787076780094422570776413783672 0.64749282458832619424054279331534374338218040996993
-0.86498587430693270625563479304688705203962435195400 -0.79116105652142227339139471108982499092260133934522
3.6961542486045727842120209059842398948208584826583 1.0741607310436550537723637471278676054297308340665
-19.284570257855563314431297041480350209002563505039 -1.9209158345105227178397624445960419484907286946488
34.023436140757463487041233348365287130818700582639 0.0
-21.067683100576937060703974172582622067270471607086 1.4807032055347927311432402583817039397486513573724
4.6919236892035190484666226372973480710866623917124 -0.63825397952735062754721843887022958763519969245309
-1.6419034368519253593976039224010094324685040122684 0.36244765469476943780051267522541139965400590189583
0.59571588024005539151071910206877471691093410155151 -0.22888125270478098544303162413064796085647147319585
-0.14203608339092551206933650280766260150772372774508 0.15249498706686892946921882168507090719412239900519
-0.070823498250449583210265876094431764757406193916670 -0.10474488548836603074028874909479320420960204440648
0.16393230465390734473706304371046541099741697511235 0.073146914041734551836936041674378748268225181226152
-0.18696539881916097267878642015064810842450541894546 -0.051040214548607463089083400204533183061362593627819
0.16025242967429432412744227134650190672294648449150 0.033774243271147960720844235705305031584677318484884
-0.067876828216143257637695155051466744048209216211749 -0.012907797707972696312021691436552490890528472936732
0.0 0.0
0.0 0.0
0.0 0.0
0.0 0.0
0.0 0.0
0.0 0.0
0.0 0.0
0.0 0.0
0.0 0.0
0.0 0.0
0.0 0.0
0.0 0.0
0.0 0.0
0.0 0.0
0.20206380854529300460583201056910629109147153322172 -0.061245831339968918282321462035028087716664448841918
-0.49876328432823211850167981953774494027331812605994 0.15206685305037511529586161124147211676415163275481
0.65998183851707064634045730064425595174121644643170 -0.20410812338172594091308811206092335359049963412806
-0.77516018981984157836195410003816034087841424413035 0.24547469387891390869431366453278222432241904508840
0.85731689631580951669014094038848813886728739133279 -0.28120127234011402025109100240186380363521568704893
-0.90974848746482160923415964543291050224819591605670 0.31370179139945973191761872751988195081010563937511
0.93132323826475487486430171873007752801005821573783 -0.34468155050798955300144226441767452080005579596642
-0.91685430722740503219846487761467841987377368096388 0.37578825178608685441734344908181468303449766653765
0.85503836147372066562717612790948637031078620212544 -0.40905434245489919852651044231046508854344126025746
-0.72261642327152060722392209749555638123044860907184 0.44747172161323506922207477889262380875029232755051
0.46892982520852154487857435990378086840442546020824 -0.49610097539912161124932455117401284020727037065049
0.030239484255677269827690759004767985407457109254446 0.56475400117239604387189014024784353390148027689217
-1.1436726226417264421785079816999195366388187058905 -0.67598204218513286257561816102532331644338790295216
4.3872753093682311102325855464890593917592563120499 0.89698256664224913216231706119824282610423572081295
-22.237237281864700200584567129409715608064245396845 -1.5629031616007726101689616133117632089230789421045
39.218302857817555518939813795396536918747574348332 0.0
-24.453323474649627424703590538003321302322606069039 1.1289645935747569130525588410366788416084557154376
5.6274953096175898743333487138632483370123764983812 -0.46698863259675772361624354901638361203544441796010
-2.1147222969623383897654893413810653627573454427934 0.25257929526862715739442634566742546527167559881836
0.90593398403160803537955352881513335838028125119127 -0.15060500850246182482946460260577724869359819272575
-0.37787270565894392663583943676038273003486460222271 0.093867813430457062553191748687237735763720619094745
0.12541159610055731919583098183006610249495223658883 -0.059760968579674223592679199759962251880151372028332
-0.0083395556225003245843848644261261062144126118811844 0.038266608869519222996400634527995774831278444632625
-0.032179548168036638663123659367479816530976817322732 -0.023655058204064760918677112423766022384603836117758
0.018966950801266628198690209036832822436468286056495 0.0087430100794579355199784328723368711549799602219536
0.0 0.0
0.0 0.0
0.0 0.0
0.0 0.0
0.0 0.0
0.0 0.0
0.0 0.0
0.0 0.0
0.0 0.0
0.0 0.0
0.0 0.0
0.0 0.0
0.0 0.0
0.0 0.0
0.0 0.0
-0.21005579393596677322804286731444923002151161477755 0.056009198084255476655072663571538949337585706862934
0.51871063572020242497044590033306103161901180308719 -0.13891871747134302476777012062149695305537772884237
-0.68711411924951999272152818294225049889531819349093 0.18599089442261718156058582820598616664827784366842
0.80857925131940502251382173875999648513442875728261 -0.22276979671991987178468319173466991210541308935274
-0.89711551732577885110959664072850299200605856463174 0.25369327368901090224157548846763467472601293790381
0.95692248029501282735803883922935098599826345592877 -0.28076111804008330673141559924279980449013559012729
-0.98816925520405534136995590926803479791684661570349 0.30524354038208264989279926204115919850828664270220
0.98795281022374780031043563400506617284224968488553 -0.32820987615493652260622603791110435477873811500572
-0.94944547262077102302914887646979152122105144387240 0.35080674177576337584241529538466730546102820850345
0.85904029730991798870192077009359998100238615556828 -0.37451925797366665776800006723802859002612206083910
-0.68933252477233319051881551382333689440129855679300 0.40156979775377220129368361503259282160799467604996
0.38094288618072372259971695796064508307898099705146 -0.43572643634833666194339514721975346179272743223216
0.21164638793908071010932579587083729261000077979372 0.48428196066787532830100210180369341379593502080140
-1.5208176049646655259753197698495254544894050628421 -0.56396340650508338577684660894443371192998319279394
5.3263134970859491231918456172672371990226811997734 0.72455159352824816311508585209079968215019877377648
-26.299629136653666347883673382933956105985744541521 -1.2142051018222366862085595635158819656410830318388
46.459960123584679005165496878340238574623862704931 0.0
-29.222821103595097783542564732904236730360739533630 0.78643351252465656148967672704218226408721262160958
6.9478254318943388226777618459720434054703133429395 -0.30060827078603597576313765534835677446585377156552
-2.7764194663187013887438026443977085354760145094198 0.14643535820148754971889051592662141549492299493566
1.3315595275168262215400831074107999134925028305224 -0.075797549714175262370619413599662372374449792873104
-0.69057449322815500572326519470200932337926284546067 0.038944059723796518818478555186171995664943830503078
0.37065850741784313506678820687252122666819975910972 -0.019116374936585080248594389049690926157737831893719
-0.19856581018234394335611126781071955435028597344746 0.0087848553102837894046242644176512370322093865950438
0.068125718025435471947466046514400713758150349312517 -0.0026708401681336098992314846743313090580833376394573
0.0 0.0
0.0 0.0
0.0 0.0
0.0 0.0
0.0 0.0
0.0 0.0
0.0 0.0
0.0 0.0
0.0 0.0
0.0 0.0
0.0 0.0
0.0 0.0
0.0 0.0
0.0 0.0
0.0 0.0
0.0 0.0
0.22037059899834927981772063022550221415423107781083 -0.052445514869635822808533998228805303014560942807021
-0.54434846671732172780141005282604936690032392653139 0.12996101264442935987409766127298282905321454479041
0.72162963772928117016663318531373369058755233259754 -0.17361774384108593904036579643903190227446019981224
-0.85035136672362718559807835084259592014886234538098 0.20721275096523408991163853944003218449673347693213
0.94554252906378906678767933415163068055346204499813 -0.23478119840285617939892632481920840276653326392654
-1.0121265509368782600506681508859317985502588664229 0.25805572184597615338104307209870445484720622641262
1.0511449664686501049205445453209303739897758006611 -0.27804435581880357104676366903883175827092758648927
-1.0610729757145531852350801266763053705304030555599 0.29549313350064712994670747658328455744423427521589
1.0375775894596689105951388978534916151806219796051 -0.31109045689494909546408100647445601907239388320362
-0.97200947385266384206560667777273702982881231070513 0.32560534129979297783225584981430796322160165012294
0.84776225236663106549527284224393010618561787837838 -0.34004046106186779130875389210819896402911100397340
-0.63171122057342721066220865730359183497966829323860 0.35588254149121907407018790420917496553737937349018
0.25220740084736688583536800932959890738199708964102 -0.37562092956079662709257226231466112949651972862134
0.46648015646654404192541299843334832096049018969298 0.40402492012211187773576963743947826155424095534646
-2.0474227544804485597659811468818152648600042639828 -0.45196541944815232302526287077942115886769718898889
6.6483060280548470696032481739476521893940193709733 0.55169896558067320645483696884373256166386067782708
-32.100091360161630581557084730626016789839493569060 -0.86386552178662211910038676614042038139081714170585
56.950453196450820056237218249902520875479773656113 0.0
-36.213792233631536101485561187122887839190853509724 0.44207991159327572773190487384364813672175371980065
8.8919042637960657874936665479557665928526423347216 -0.13402494152657252404234383067758551268439817155949
-3.7449336755685941808757716806505633943135870400996 0.041249513836536532203236982981890003570830029163540
1.9405561569392870212110916192785393144916533196469 -0.0032808088370356203875600454155942636878945452264770
-1.1131998566450813937133032430493312662596957899891 -0.011869058707116197321820520926409460905087033365695
0.65230871484240985338667379708046895898660334979295 0.014562480862192340341984811975401688727209777173501
-0.23663766729986989720777900372090631329497438360655 -0.0067527674338281013341844837836495330130110414368607
0.0 0.0
0.0 0.0
0.0 0.0
0.0 0.0
0.0 0.0
0.0 0.0
0.0 0.0
0.0 0.0
0.0 0.0
0.0 0.0
0.0 0.0
0.0 0.0
0.0 0.0
0.0 0.0
0.0 0.0
0.0 0.0
0.0 0.0
-0.23387390920753409268473424241006248558859494134196 0.050388745509025252101044252115102086444119384533774
0.57783228254237722214122672913008959207817564375256 -0.12476540130425345680189720061096366854759406062022
-0.76644466845504583350209659896692623245282343415055 0.16636107850229506734463588721871247699263753399151
0.90404233783002585908317263954413503799234090800517 -0.19794239708644758344221911024512897506029666847903
-1.0068147454962036291810551287990155703029062585364 0.22329534820086164918342910867476161937788877656896
1.0803496098770083286579389761641501332131391991110 -0.24398553898700108380816679419687817233003165961058
-1.1263370388910055595679164955630907692629398204724 0.26086152032355808469251027376682790249795908621365
1.1441476120658039205310967854315873529466922851590 -0.27448245322783605617943148282263295272857658719887
-1.1309365200817214339727816542188678289977007582971 0.28528804350653491793603799910967702931593754259050
1.0808092896024500840420719407492472756858214466520 -0.29368562677718903974022690660159525830038139344000
-0.98271534885007998915772255922316681224987574558693 0.30011164907598619864799612083613928397859157916904
0.81578868723181076207252303364380507333731891710211 -0.30509830056843043015820610369055391434753687927059
-0.53856309471838631564024816049797755711220019182916 0.30938034727910872092354585533628626969893510268506
0.061297304879119440740410381128381519357773138923628 -0.31411569710609757356375976908687275889777319030325
0.83659643690916094645990615497188003724349039160863 0.32143047858815499351344874971142475518754646610558
-2.8136244183672168233106728296697146978458947143155 -0.33605512826086638792523696627209728245525193433575
8.5950804599990922338777318623017278730831316980642 0.37187927354742251042775540449025850434040319196862
-40.784103955289625494624094002439328289327348198357 -0.49787199734970601943945272165045481801124312976830
72.929342465659184579349976002875093806049550139043 0.0
-47.014232811310155920224872757655909637989396707474 0.081893834885250880997384711729026092279764286408476
11.917825122527877875564521727142781720619176134358 0.038891673202111374041370472126780145717270359479002
-5.2423305799383797552828771804068137131767268170226 -0.065666019362739095808875513908839307834006398104902
2.8440867066704996972837759334114776459891174913142 0.066666840857044898729712236075451611801832168712904
-1.6447321174644357231624369604236198428962388819793 -0.054038463856354318915031740297701625353769537600371
0.59639836932256795613776478934695814011056159354917 0.022418022260314745519480931029320016213587403324047
0.0 0.0
0.0 0.0
0.0 0.0
0.0 0.0
0.0 0.0
0.0 0.0
0.0 0.0
0.0 0.0
0.0 0.0
0.0 0.0
0.0 0.0
0.0 0.0
0.0 0.0
0.0 0.0
0.0 0.0
0.0 0.0
0.0 0.0
0.0 0.0
0.25195974299493003511304534995780601499552260453154 -0.049846217427334525006156521853691197455658159728723
-0.62261815047906660651357723855624664730038928757269 0.12333822224398308033107927442397863364124134620716
0.82618370173167516357750987408434090347040507174497 -0.16419091797447975557348544405541922613903634099850
-0.97519405299937171765192683030412470466059461244422 0.19484612234972248436514522973854986942646517909297
1.0872695689650358397120308372149972308015167602258 -0.21897782760483708906400680328846050104592832622040
-1.1686939007392901592750698827387588743201139677712 0.23806151725040900611483953664369078629929698500462
1.2217015615882025479480543823540832896266050235973 -0.25285340435703922775065753744342193903255582187776
-1.2462919544523065264360658869572290715033445490888 0.26380433005060031571300140386429152823142848569345
1.2405569779105576837271715434789776155505864601754 -0.27121484579197010348263877925161832052314012979875
-1.2002149391971184419980020178257429819677155445563 0.27530083754138043327531365062243353462761533604949
1.1172682202145943198438647959063334838470620044186 -0.27621960158527368356472877594802631007366838213727
-0.97712642400539262751838179493551763296770239170293 0.27407282677515159745723312606387282300482929108306
0.75242798674892926177055189571060083796482008833585 -0.26888918758445708881443293171698485471616420365727
-0.38879919623581495939569857869270010079745437832317 0.26057776744537855761154866713439374170781820680183
-0.23175599362820382995679010818934069364542793219511 -0.24882147132804021342833113487962317085587425749513
1.4004408963591119365130628437579888491390768958004 0.23281322571071640441602366308999984029870286368267
-3.9906310968306182210745062093655959663378732372801 -0.21047593895788791161491717191232065153662621785592
11.635020447111776049596733901774517662693232733423 0.17537108911909396762351641381362496073965800404608
-54.624164435726339956124133082220332884997486608335 -0.095149533142397895062323023354558928210247071045451
98.969316515675467777702689288435515772776603578228 0.0
-64.938361774154138183505992240358269686977066673908 -0.31496853585038671778668809887681425004301275518888
16.990343284638517852503668264098391968364418414085 0.22642342353989136726361569980569127037615492178434
-7.7085218008160375412767849084774149186594019109788 -0.17593143939520324670112849137492354387212056419930
4.1481300588382093858881744626952149468140378541155 0.12727465328643111116911161574444698239628175620718
-1.4690507435078529429663878802911696635261465855044 -0.050729066801836113447922180724368402149534638211407
0.0 0.0
0.0 0.0
0.0 0.0
0.0 0.0
0.0 0.0
0.0 0.0
0.0 0.0
0.0 0.0
0.0 0.0
0.0 0.0
0.0 0.0
0.0 0.0
0.0 0.0
0.0 0.0
0.0 0.0
0.0 0.0
0.0 0.0
0.0 0.0
0.0 0.0
-0.27709558152986959962883421196892419106368842870474 0.051061165887112593278168251118268321751792755275624
0.68481216483543285717080721751444502723506427900719 -0.12627259147419119395319088092622907770894161166597
-0.90897852685871906341858950332366742690794843170554 0.16786854146910494529962381835027931602125589972826
1.0734673519914306704628442632314769685319629697663 -0.19877126983152036297463283352078584745464325655332
-1.1977940080436865753166667074157548417032339690273 0.22268696272944900385069089976656203306007158769078
1.2890671109628503932071875633212323341749837280419 -0.24107092273840868385149096778007653664585236774029
-1.3500478697089397625697605521990420091605538066391 0.25463764088014599845727296762274929436996447443001
1.3812206060308446388922913397834089537244954276401 -0.26377952413842131303676110225713910505016816696713
-1.3812904761474713778791624138750222110756671140571 0.26871911621461140743242770942493840619176589924329
1.3469350553540876144524523177998096662075197130187 -0.26956694152143747505654288752853110063984280688969
-1.2718648451309947458341924012997737026879111983704 0.26633407963643353695248065719014896924723998897442
1.1448215108162405264235940292214957147097162973333 -0.25891283273005893077768753782612352938769115682558
-0.94549809416116389910297380505359042652458328042153 0.24702174910106443153416197151471273648968136292469
0.63584655638161593496206869989808128832103529628630 -0.23009321568465509635056128128734860065107985411014
-0.13999446594493671028320898289851801318388021632843 0.20704574988025629498081505689316845411592082417379
-0.70764422013788932632914409158517254183103033256019 -0.17578675208946639625496700558577542230665955133409
2.3185597668482206691258524303123878913166084330720 0.13198144398448146924922724071418230497235076230021
-5.9363255606614283391049740207846290572298778993363 -0.065387150899410874589701729867612347547413813819982
16.774657783681839445696566131777018061426400711482 -0.054741070782034535155154415958154223718062920081508
-78.668801818908948126460430988522585962522537043571 0.38156486626781311364036548786708759674153035460874
145.64730287343330927973971384689122025185412112647 0.0
-97.875488485067509730124415072948736620661037983029 -0.78471414165504603633105118970932754598907566634331
26.400023278280473570507239863750231337633038743384 0.44007074297933949288293703958497776366009004251329
-11.936322548392104458391092037421344116567133881670 -0.28212314729616366423840532217989885295897949895147
3.9998923223089334264923238909755270622787850687741 0.10796658149973884786289213851240778893861586568913
0.0 0.0
0.0 0.0
0.0 0.0
0.0 0.0
0.0 0.0
0.0 0.0
0.0 0.0
0.0 0.0
0.0 0.0
0.0 0.0
0.0 0.0
0.0 0.0
0.0 0.0
0.0 0.0
0.0 0.0
0.0 0.0
0.0 0.0
0.0 0.0
0.0 0.0
0.0 0.0
0.31422707377548885391797243535129666032342717649928 -0.054723699671713007442846954435133528601538079034655
-0.77664382856817238695258183028638873434368417922732 0.13526815069631543355518781914874128337590590164157
1.0310847902622132694516668719758858344701129384023 -0.17963101165627076384974068747562668857358098910395
-1.2181077042709430704131946342602277165771082755732 0.21232259909396426935391999503915813815350470870564
1.3599502821277078636384700473822999067994560505607 -0.23726794760308954210385131103989123125255090316968
-1.4648261294087921664662665300127728515047064513737 0.25598257002513896553011810818049203848301689305414
1.5360961746144867388598492092151238342486416360174 -0.26918720116914550972536302197033658186420407752238
-1.5746692207398314948603870098096531383130450844148 0.27725338645143925441448030913469779541770763186590
1.5796591845236134987840087414793513076705558025937 -0.28036314260113831533751253210539192803800253554170
-1.5482758139613512832363275708209632098821826476846 0.27856670491136103556377390986398149703555515018200
1.4750957052127982236210191126917512951051830480710 -0.27179061843145613996099570777966361201882708191778
-1.3504854384205126336389374073947305040065995890432 0.25981026355395584516371513869771426870876721237707
1.1574973653963798946046863559351745961084688539942 -0.24218316982637343067365927429671402819380704022975
-0.86562257589513526430376662005714044798899920000011 0.21812238437216781600538555708557787102975225843650
0.41743160517141668542100308928666774562833406486303 -0.18625879631375703460866838653443087273378577513561
0.30254809684491802183164940160238008986204973196063 0.14416982058734065816464190095043295549787320954164
-1.5490146749701496690151324527252548336584914543866 -0.087354688895444552346350512030273897601860028124349
3.9626624983336802264194248621916122335134264060860 0.0066994908115557995053001639652186758957732004975527
-9.5053552835947841201959870367753239966550599589924 0.11906514375321715910299004752905641797201801602407
26.514940127272230038863022957387803708571371078385 -0.35335386801750264762268478610424564189125329456190
-126.08436406674601545506222705872172806739543551415 1.0108780559481330797415260874987887296777359397376
242.29410995098932136267755635363364639141474280586 0.0
-168.56559670428630820916004139848000980628813627847 -1.4009129043226300403957844532949710813693203553335
46.289809841016794327279952171319646040027005566781 0.68705167646054720741660867710417529512749098598776
-13.632474001958743610454796347277310074674278354199 -0.24468513006606654304523988639892337225272455611903
0.0 0.0
0.0 0.0
0.0 0.0
0.0 0.0
0.0 0.0
0.0 0.0
0.0 0.0
0.0 0.0
0.0 0.0
0.0 0.0
0.0 0.0
0.0 0.0
0.0 0.0
0.0 0.0
0.0 0.0
0.0 0.0
0.0 0.0
0.0 0.0
0.0 0.0
0.0 0.0
0.0 0.0
-0.37534049116512726906869289098601872584311879109771 0.062697774341617560411916204580808921641030595844976
0.92774443829074294740661754139308143227716372306764 -0.15492608460994435850714879151506666152055574321460
-1.2318614818511268469410607323979994587360059521164 0.20556861094779108384330419937332938150619794759600
1.4556547616740359898612383975528069485528615090927 -0.24265998191588870831019030417028450223409913585109
-1.6257717327650208400497862464158192776848573320545 0.27065845528267747144767478820199728783093861733243
1.7521425366000636864203276700470102137043693892305 -0.29126509071186972843932325906415225367553451630728
-1.8389589575950665304307440670402915802167751817462 0.30527112803126600563059685502397948989148596631394
1.8875799195676055999363841318338262222372436533077 -0.31306648826353002947791212771536172305300057376505
-1.8973822379263768271407029888364457891988122494961 0.31482082722440461181986822238087864277885906848898
1.8657490376789632552375448911823001626102835252116 -0.31054785808795111723802468580283465749747114341184
-1.7874242416045560912836050026091729294953080816789 0.30011299935115044239522184345655621850314656614612
1.6530766543415532155100017646091649440819417258250 -0.28320120868433963143530837558934717322887194365663
-1.4465321708311534200155106736347369570920432832869 0.25924282153088844243896009767299865293195407269345
1.1394193026188219822551110855518673041919473709964 -0.22727899174390786591952693461497664423861855332575
-0.68032159224637463020789674510264341463991237223442 0.18572292119084107683688273185955668685925633208662
-0.028749604274452681477312182969906118360019421126111 -0.13191948249085449730306469784008642797740855041061
1.1880950942013891750552592642914411807289738084525 0.061274922405781503502552201579710280540621044251234
-3.2483756231206170237175196337889672706673804304036 0.034634536416290793629248828484232623411886790662123
7.3691774413663976587561491200162231296298548099824 -0.17273727224231772746161690885747393342536658716597
-17.190631597340743735957514037706118339115222768391 0.39234144226103812705383083357825488886772842974160
48.598608088194793111416135615229368285430945485139 -0.81010631482013675951648199245594890399413286380852
-240.88023906462946592346119695856277688156013777410 2.0019045516977589184239261291882386663769594497085
497.98542310763157782186037123267887224634354329250 0.0
-365.71092398326919964649241359432372841253942371819 -2.3360076685096937638510507232141794682018555515009
72.219683625898487805552105317581560463466556524355 0.67825533969442286601295376522306472592712172635976
0.0 0.0
0.0 0.0
0.0 0.0
0.0 0.0
0.0 0.0
0.0 0.0
0.0 0.0
0.0 0.0
0.0 0.0
0.0 0.0
0.0 0.0
0.0 0.0
0.0 0.0
0.0 0.0
0.0 0.0
0.0 0.0
0.0 0.0
0.0 0.0
0.0 0.0
0.0 0.0
0.0 0.0
0.0 0.0
0.50173355417406893689352585998868538256368351516959 -0.081606273968547016536606278845407580285235011873621
-1.2401976825000471546821415843557791891104602493520 0.20160477988121315282153516229398506784918404454165
1.6468768190464996302081550603105591644207039071258 -0.26736544291642768008517598454214889378514894547381
-1.9463491785710456644665274385875678217865701991847 0.31533839820223763784585068598761204846772342657628
2.1743027356930984372056049926839581952525622888876 -0.35129472062567060096686042024198840036856153446217
-2.3441051808498866346898842277710990534192810511599 0.37742018543719434269825520951253095121159948774022
2.4614979964231290099114491268471287290692033840909 -0.39471777763583045248626040224098449889930605969974
-2.5285087563836520447306046123351084452380752982187 0.40366819076877473337147480153425936926483534364252
2.5446366075662176959441799971243035609545489865495 -0.40446442543819626602320071098403608784954315724245
-2.5069226553937581009620533058162420327582879418641 0.39709476865439388128647442150902509297083886458556
2.4092464228188203917482970498271753722467734222246 -0.38135265700491222953438676340647224332387853727869
-2.2407154482817991679067734397749300604501859552388 0.35679626118877762673059685114309793426860148394459
1.9825954804916049270575389398491967090739059179068 -0.32265707419691964770149598100539042306648659898498
-1.6025135342161020769818213443434252069472333693286 0.27767861008862410341484114475204144320462102547359
1.0431028140476616275028125454818933585771808775659 -0.21984071174501444903810188108203650835781877862449
-0.19844418758317532297120583426577611364626908084603 0.14587553507668669573740963429454349332903080373011
-1.1385475725897713171779463395360253534292048213853 -0.050371086945386560357005599724886379124220980959729
3.4049893766298847324414444435002874716831692244508 -0.076014763416306803452952890821721400152962953957873
-7.6232617922396698956567128505280543453272590011347 0.25046592843492514118201548326229090566935592325520
16.547887986659056152746213091120338285936448702918 -0.50772918791138505182142299584754686319042652322459
-39.306063055934379718151327804141694160889122761899 0.92902568376517675018553834352326453089398941010976
118.32788650583056899904590490817868373275207767254 -1.7562693187784002616695154268135198064742073651076
-654.19528949144088037901971776728701733751640498198 4.1787245409842840307283020232773379772728310322482
1644.9198918652288665226948674997276836164625911640 0.0
-1080.9937819981690556693671615985704439069198776699 -3.2203683413581135239780393475364223349061294255169
0.0 0.0
0.0 0.0
0.0 0.0
0.0 0.0
0.0 0.0
0.0 0.0
0.0 0.0
0.0 0.0
0.0 0.0
0.0 0.0
0.0 0.0
0.0 0.0
0.0 0.0
0.0 0.0
0.0 0.0
0.0 0.0
0.0 0.0
0.0 0.0
0.0 0.0
0.0 0.0
0.0 0.0
0.0 0.0
0.0 0.0
-0.75608215214477443311566462089036427503694727812023 0.12158610787706124282987924925295440517222239241586
1.8689292713027918011416743253480219389394531234717 -0.30034504994369837553881990129967469185915800017645
-2.4818651299734130083549079196645707805260886056498 0.39822391383425124420900576278754200235368375796687
2.9333494043801321089196506598566828708138752366630 -0.46950526052725420193033898823735459969692179717513
-3.2772031172237383096802000807799294644601654110509 0.52276749655878499699355625055862602739361021524371
3.5336280284429150631131829606883489236322157548478 -0.56124961376009915084100282383134009469555003118369
-3.7113605664614196676996826241952702299126008367200 0.58642950792638414679846038728311264691340001232941
3.8135843507281077970252518157111195318215390841609 -0.59900730239297191223195301518886732600319939566319
-3.8397451422989326908060215377071438845887764052358 0.59925436118064333481958391187888795253028789201448
3.7857071599466382049488597805462962116378894645359 -0.58713668630944945974730148075195936880364537785274
-3.6427851058905770012655125747295408608949733653305 0.56232992007519008040779864166413963248531779780328
3.3954938941970846644869334110830690405417197840637 -0.52416061216825183581103518746183862732731261288165
-3.0172766819789691786439095162265442942976619332501 0.47147411430698967806197266747423934273635457599000
2.4625185611593187960538526672486511343147366470557 -0.40240421688911999952093598477754215012439386565824
-1.6511235946444538150880504841353862764979840697949 0.31398593467958428304577949368973367552100055258908
0.43711077067551265975494291219977909085204628039170 -0.20149068313080769892439396871541535363036766614291
1.4597999733276903247733924163740137431875894664889 0.057230844961491255356110732310850394883175389125840
-4.6161722426038030445951478593104206230004922173065 0.13172855338070404046373902513915044992213061652892
10.330412357454732028458539450327866451202096861525 -0.38830993862492331415144330967417946150511207103089
-21.900929859685032098867688316806671949362658433175 0.75628002557717652333327678301739456854341145223495
49.223540718495058011727170666438729961649918742259 -1.3286601219358131714232628953287959540444909595316
-130.23026913574924329412092868251446239700699701274 2.3374634961666652169434524960373951959314442360286
482.79260602659394451392804862810971433635228493281 -4.5341747091937533163631098553798705571625654123545
-4039.7895830894327502911091038966662780566008981964 12.034861528141090311933800405107977373949672991928
9318.1979543018893898553956829327602944143826459104 0.0
-6266.2202844546506721995561595536164174622135528485 -12.530675273065301047935556622486735696092897823777
750.95059100936082224784693533805777432785500965390 5.1972071975257088545511266946984255105651443199754
-204.70005576883095496346979661985677237740977660461 -3.1298675638456344427218524049968960633265366926411
79.490257867814811852916123325936762883469203310031 2.2277532759246283346239018245396169442308434023410
-37.488154129925617022512848400056769941938499008282 -1.7455017719570567304314836246219517826052929089744
19.882341295832710322285284247181360428911815587999 1.4541448902329538027523766260983835386220143713078
-11.331655899773232760867808851038034330286474793248 -1.2623150761654064577533417612112930844931034893905
6.7222079602662358210330975588534585160369931351378 1.1271589850064785122607030309520030947252430868023
-4.0392865942217083564515645304959860351826780544120 -1.0262284224446701551658109897741739226881598391288
2.3859605726866218576419084076156497738049424890823 0.94678104740595734336625287124584550502672272231875
-1.3235969571513233219457165784745423825718601110920 -0.88113004473062986032694433209016420097073059739243
0.62099550036149811561667144895505449087098005186924 0.82440959265994895689350135000947845687375211256573
-0.14855513701529895069330637919815982090913890133235 -0.77341140901404790558898339738482575022710669987019
-0.17022300220864809291531383290147126332134894819483 0.72593607374821455007438295038186784960699149116359
0.38251014681753912097544251824399143901699656024728 -0.68040740687489020111916891942678626654174605169587
-0.51847214345217620831319809507720326460991990932878 0.63562658373779118938037376463143541766111970194157
0.59795328064904797737741674089484342883005087248015 -0.59059994930958950957894294931748836027098567898537
-0.63422776837648151735232249711985368584392256726397 0.54439948658288922393565922864822477086342245113556
0.63613450228440117010662150785508839694678199357068 -0.49602118330137466541543628627576559918733303373751
-0.60923197229947541410367167345543271487833358673837 0.44419308588902711827168933933700376280422457506813
0.55619760652768404884695908214163990340758303016768 -0.38702630270713477204413907549502414653964635994217
-0.47618555862318851289200470657768767163759969309954 0.32117350689992917586945902104419422305706252093005
0.36090781988653633560381658264649173241432386962661 -0.23892656403895550070440758141559228010311132236647
-0.14637381708805169292406742062633113798540890456374 0.096162565747277517398475956447606833371621609112627
0.0 0.0
0.0 0.0
0.0 0.0
0.0 0.0
0.0 0.0
0.0 0.0
0.0 0.0
0.0 0.0
0.0 0.0
0.0 0.0
0.0 0.0
0.0 0.0
0.0 0.0
0.0 0.0
0.0 0.0
0.0 0.0
0.0 0.0
0.0 0.0
0.0 0.0
0.0 0.0
0.0 0.0
0.0 0.0
0.0 0.0
-2605.3824782176632169112644811596186213170365503072 5.2100309779519592298753279804263347274931794940680
3965.1462813400401494015143649135587240017260845835 0.0
-1578.7417500248647296413789610295722345178667118208 -7.7604633915848854354598374971699239316789865959351
287.98995737685868676983957215513942753284839062628 3.8186612442864507122974656964889037214639192496735
-97.992712205142823553269082830477042970349442786489 -2.5405286743224408803413472544649717032844501635109
43.529601667279024452263386871615869559222425480657 1.9286225880290385105804813090030599418645970646871
-22.369781797396175144525299020815329342535551890450 -1.5785811927685619374787035500860241140654718956511
12.524107503415379821330948247543926424997949846307 1.3553196784013516809811506344824207811235095633839
-7.3559313320769732553114947216577148229424263024045 -1.2012617925001763053892938663431736180170235301269
4.4002359367875859779113161652293566315855285021412 1.0879468795912572901308685399115933228602130956313
-2.6007006771121218203568464344369250173744527575388 -0.99981987311110818711290228553850286991239923327531
1.4541455809350397830095215854146518483835698675246 0.92773767920691121429503958146928500955166110931453
-0.70033290551577837945801130114522925628286576605139 -0.86601867286923900333658663707030083670033194420803
0.19544357580716593124166700668179659935875384662198 0.81096757202416058386868898792650117599616423398464
0.14448732200268088990643604051076941362333920123915 -0.76007817699038512879440178369416084869205860084990
-0.37078881846643442086968711162102817799865188124535 0.71157133235213161247077717688396390384618495201907
0.51606058496382955482898551855542957485315849090328 -0.66410697840406011971965143962145249732494140058605
-0.60163279440566696950377041085314566291150397042900 0.61658713395526944171913206411831306438859628004603
0.64171828812645841017951908055236336568971968893811 -0.56800030268283403860183697407843668632705059031424
-0.64576318007708523159906341974985251536113108669598 0.51726773741637076287715089492245511586446864496414
0.61972097268746985985808040129411727610765242925207 -0.46303957785078511731914422373035604823392678680066
-0.56651553486065401695760883607618220361449333454763 0.40332869430792545617642284922178551034826171983268
0.48541991101678294997201889176511260586510395586431 -0.33463220383163930552602053189851181923440932562108
-0.36808141471707056723699782090083283355140434692490 0.24890641108870844323606832052500459756821262858700
0.14931175013298816339675151456320085698747098516103 -0.10017376982725532445041598998417375196349386871285
0.0 0.0
0.0 0.0
0.0 0.0
0.0 0.0
0.0 0.0
0.0 0.0
0.0 0.0
0.0 0.0
0.0 0.0
0.0 0.0
0.0 0.0
0.0 0.0
0.0 0.0
0.0 0.0
0.0 0.0
0.0 0.0
0.0 0.0
0.0 0.0
0.0 0.0
0.0 0.0
0.0 0.0
0.0 0.0
0.0 0.0
175.36524862445290355300385835305145963666790084131 -1.2136744324574758259783595581262466318387199730190
-886.70148539054688024322764534492347389105893706083 4.3586700716117135896835368624805772258214218784273
1207.4073006783116090869169000334618215001280851718 0.0
-585.50823831055589971961107625424544129414322888129 -4.8631653982365609979022792442704610439889919524596
120.19578266324472846127804219977310639673220013545 2.5047228847975862104211575291457581488327766786366
-44.413765243888528442156993321018893150338022989052 -1.7275858325030491320018193545157990576398291060334
20.885200682747197108967674856398377739597539846774 1.3468873828153868051219800089885416331857547388103
-11.143064198538452584522417649753987144008081694476 -1.1235383075865721401235329408549454766577805375193
6.3722613709349284160638687718163439999430477444400 0.97727855979084314651695205019964962409917442552890
-3.7632476848211950304739190361075162495091372618533 -0.87358497855874491484874304960795811569661924176794
2.2222032507093583975008169334841041036837858618155 0.79520292045787046554697226739320391594129394089473
-1.2608067163372388566191141914447816041887404556059 -0.73259073047083234389678396179603992339445658008056
0.63792220488327685307681986397353453473059993993649 0.68007112986765512777062868140626904069967838557974
-0.22479035935286932148131810680388798393785434069787 -0.63406843541251022347485841560880501493685715305874
-0.051804698700830233834567390845632333780863499760640 0.59221776868785028140694845122033561707595347556661
0.23570335928582762743104919065165611413800310660693 -0.55287641669004476161577541157784339866206732100838
-0.35429500985735642590078345472042119723138769828055 0.51483390868839737691675335350335936976339353836093
0.42527116248031920507647692542086694646288028937639 -0.47712327928231760849958892534604338507158880723424
-0.46030999950168975402538927029248411260354154963573 0.43888015718875589430833897359686345824245878181349
0.46713572890370289432512085490353637271451232073754 -0.39921182900775083068017172551680110284780850398427
-0.45063727655524443298557592979219530220750831802051 0.35703246765801240643749010336425229571685746257904
0.41331388927542683865700394115783977914862778739738 -0.31077611745947911377286546284498351920970629552073
-0.35488466983014408442499933069427379938324308846334 0.25771675660871608092371981327606610284742266516685
0.26942036817324677553641762773657333090851374925554 -0.19163647325453648723090539489987694859297777471299
-0.10934230278910383582294368117495268279792739606496 0.077115262299948835866800390351218771161822441908948
0.0 0.0
0.0 0.0
0.0 0.0
0.0 0.0
0.0 0.0
0.0 0.0
0.0 0.0
0.0 0.0
0.0 0.0
0.0 0.0
0.0 0.0
0.0 0.0
0.0 0.0
0.0 0.0
0.0 0.0
0.0 0.0
0.0 0.0
0.0 0.0
0.0 0.0
0.0 0.0
0.0 0.0
0.0 0.0
0.0 0.0
-33.695674416337509633908981582821512465926267664655 0.51520747271655837252989937645449326292010328477785
114.01650014885929277808623078160747541580231290264 -1.5118249063035381161112666834318262339920830923401
-412.72144029544940670121380906324724420706386215483 3.4280177395054774856199698515212063615898064786789
593.00285985856055411118513709245025130306929631026 0.0
-309.98729838489199254978885978118706856336954345197 -3.8465338598871664924398799993580262884003013587433
67.140220425414158289359437125681084262420716787570 2.0198255468190459887372814383867254417152359371105
-25.820150335590885845322725668796797003101782833980 -1.4152111475442970537668256977629419531195793520442
12.482598261608298680676286414076065684383478184613 1.1160074725419310593042463991202496811757436516435
-6.7706249257084673857212860658087001508505485919306 -0.93800680030180656392717843612001878801725350055371
3.8924489421647818672505979871720614277040816700266 0.81950996219577646330731564289803384527458144617073
-2.2812990804318125925213749696384563048787991950206 -0.73398178863967553114811122878572201335304128481301
1.3123287641986285297487858143244124972191869703995 0.66813798734566693002301492672031204406463732757768
-0.70022255243788627014657684874396003192580567201128 -0.61460737735082095161008457042746674324920820413884
0.30109191538284673604458820635463395794163470635372 0.56897934779220456139120892951957523195566847444238
-0.036585119122475979020013279363854778479485766487548 -0.52845025628799777645746874740773997659632968217507
-0.13865794722655158399504057593693422541719429520733 0.49113671371724585049595408778249408952942074335362
0.25223080950011870284915377682401409512156612927385 -0.45569505622712954524304107029674989145819645175590
-0.32158785029520387748734569605863434306827715306499 0.42108988905355881112452992818853384659362534362939
0.35807400874288592550125913864174337583872939798868 -0.38643414941332212362419742747081129802088902741038
-0.36912852813048109684900465139543684928223984262691 0.35085327508220643743864417454368282067044945626577
0.35947970557332510514808761263400380492728021123949 -0.31332808222831514595639613375188016694154762503711
-0.33166921009926164639214782193836109595739067284053 0.27243526796320401927094189212821546025213568853539
0.28583458638758389746521597321469468754577821805252 -0.22574649565612854829581939242871272335280074703525
-0.21745611994389520193041345880335831188453410362652 0.16778257664467559082100162950444539683110910659560
0.088327411938755073116483059196957333223346193235681 -0.067502683460640795847912954589585261113688333524071
0.0 0.0
0.0 0.0
0.0 0.0
0.0 0.0
0.0 0.0
0.0 0.0
0.0 0.0
0.0 0.0
0.0 0.0
0.0 0.0
0.0 0.0
0.0 0.0
0.0 0.0
0.0 0.0
0.0 0.0
0.0 0.0
0.0 0.0
0.0 0.0
0.0 0.0
0.0 0.0
0.0 0.0
0.0 0.0
0.0 0.0
10.256578414538603085549883544610930061735381949816 -0.28744561630133665598342645056511949730315027798078
-30.410008878598798344531814132680903399642798820438 0.78840046166643051345775538348258648698196875022055
66.411861988298178060934885380049390028024747435564 -1.3839363316944091732988965025191097540703061805292
-242.98323274934820637182427016285675674302254734480 3.0151017058599724140999210943847639789835535115382
361.24167647593259246252611387155037756108612758563 0.0
-196.53476255942125010570482494312123279898893205776 -3.4159132034515235666910894957609276800634289671443
43.839155589598412685139380653451787849243706469828 1.8086793254279583934967804017082590256122195846214
-17.229126053265646726040176771981140512357397688763 -1.2750513342267027193489785008984867373253823832596
8.4467139964298363229537263309967939664443479797425 1.0091724938686793403434005779924258242666587942031
-4.6099651181721685202365038133923962563687496758632 -0.84946415772873841579020059295494520518044274198056
2.6436182257513678441377354642441329005605322379105 0.74191242829960219741924810123617866449809555240081
-1.5279115507565556370390708693811583921098561382392 -0.66331450694442866142566179209360798262347652858133
0.85044935536222815714237252918829724929136120890565 0.60205410438587755505684645113900330629157068184629
-0.42033650850917231959064356428592274256605612468925 -0.55167393253307937095207369246349734465123233684933
0.14001982666875041336071052894556965928437344188004 0.50829199823808642316485214684858736287343351137986
0.044292572409429799482318935963696835295432069817667 -0.46941661087081896910566442251750707170112616338627
-0.16409845597373677822009503244396262666849233959062 0.43334283113973265164829724543106478016053884553953
0.23873447410374550567110372857788824674034592605126 -0.39881351007879452174999593688700262644922073378965
-0.28048982321353588455945521377153343366883137737117 0.36480500497495908945267077040970867416681039511743
0.29731307126766115654045949265631639660324500702614 -0.33036397775473457272037415809975226673916594633071
-0.29426379227800654011173994384399796747872213858431 0.29443911545956273706268314332705374290582052080027
0.27420059623886125610063182120805317927689740208284 -0.25562501685900627985223104956481353099335478662124
-0.23774504496852265614871234708576079702702120210771 0.21159070814950963654809461235212064823356231148122
0.18149147790214560451009816783075137813765198463685 -0.15715710251725603532133423102529695589717478173593
-0.073819903670921820320028235691608399904208018655930 0.063210206532768675787598820377566916475608574472784
0.0 0.0
0.0 0.0
0.0 0.0
0.0 0.0
0.0 0.0
0.0 0.0
0.0 0.0
0.0 0.0
0.0 0.0
0.0 0.0
0.0 0.0
0.0 0.0
0.0 0.0
0.0 0.0
0.0 0.0
0.0 0.0
0.0 0.0
0.0 0.0
0.0 0.0
0.0 0.0
0.0 0.0
0.0 0.0
0.0 0.0
-4.0410041228682376772278684133176481577243199184173 0.18815489907841659261671518066304662196346159161063
11.285325757378765718265961796180754561030324656148 -0.50000765766959320988929283662806322798113518779129
-20.501264913595141639906217000897232940711635547082 0.79744859771807792910902637853293347245912038710699
43.966491165326536869551160279085374325209186774780 -1.3226742703112391563982906170411127986972641234431
-164.18974042174590645764287672490694646982404361968 2.8537338375868632160725983109268801364958324099239
249.85700094381087918229324616380182665905255110148 0.0
-139.38517846417036663501329334078024740913691104434 -3.2471732823521169682972146098738708602825468705811
31.656554500379670444628286866704066853797130860723 1.7234522817888739782971150621100016743060767884843
-12.600135457412406291377811315553346046721988770366 -1.2160764791540005870674970277156770321727283519400
6.2222249985761704583591822412773339101650925297027 0.96191727723021356924197773282809670289523687303590
-3.4010265661199037738330067688472925929724309255236 -0.80813706399537463440492677385765226480790410717734
1.9401798676924955207523526118703828761011084385192 0.70370406469135239591436064161295168378535189774237
-1.1049868130287383768659265311720378120151819723073 -0.62671294248831487413833668025398955027271785818924
0.59568853343452149123772659608508533662550445543674 0.56619402708402223595957040370736355480671812142725
-0.27228940611179629936254053620778950493915609550997 -0.51603593129915027852590305420794649351944515210710
0.062620813230522407157676071698528513735111697993330 0.47254323582379702465174474733150076273125547945741
0.073437500231579830868648774274276272079201274551713 -0.43331468647121471246060550574229307608584672080169
-0.15953814321785149747536113312738052438830024578342 0.39666781041496165292139606716665980765947096838119
0.21025747732789367300791070104670617831938653192425 -0.36130803853753757780572292728060517589306848993136
-0.23483344090017598028251323471509728871727602866968 0.32610458152205379232026948735534921738909631184333
0.23912333470926422804085779019070581111241291341106 -0.28988940347701100945736414212283990841374594990877
-0.22657606668220907764905893474040180348370920448378 0.25118470520533686762296604880792742820179721056764
0.19842492156473139916154542543418090370712177510709 -0.20762903241547995586760415772431418326429137275427
-0.15232009917428537625733916893395554271446282714903 0.15408289052819581140059506889009685219012998900038
0.062091327191556028139956202733907747900052363074205 -0.061951534345900813326520347210221565364549698821656
0.0 0.0
0.0 0.0
0.0 0.0
0.0 0.0
0.0 0.0
0.0 0.0
0.0 0.0
0.0 0.0
0.0 0.0
0.0 0.0
0.0 0.0
0.0 0.0
0.0 0.0
0.0 0.0
0.0 0.0
0.0 0.0
0.0 0.0
0.0 0.0
0.0 0.0
0.0 0.0
0.0 0.0
0.0 0.0
0.0 0.0
1.8707308968816415903227503695138914856235952146680 -0.13682059543317068924783404885634105752434647772010
-5.0622048134924896188918450653297778873959587008898 0.35722750382178013638559748175813340065669381222384
8.4149255000212275143566512968355126247291669563568 -0.54267886411418506338468352332404878283991391878837
-14.758641006049052719561498924705584433213502866172 0.80892609078168698732922048057389513125594213641945
31.968140559926938375596654871937594694341338599460 -1.3189148861442399537616805056477097394989931769421
-121.66485792965924799330709013783438081903377327582 2.8343535548287112540221865444437964709023171293332
188.35391246709089843525421253453396471479253392004 0.0
-106.91952827561711791237218085133796649762097324204 -3.2226654171557367467543852327985176893049886158859
24.576894158026427369588139662138630458712375248788 1.7087096431257015328914647821736166001656315512761
-9.8622133231592592150612047278356205222045525296300 -1.2032330786451479808241315810635589710443989015647
4.8912443794728355134534648000096834344248051708929 0.94891949105453565512878382477349430204373431186595
-2.6746240556796341737257395923728084548228770250571 -0.79418395743829557078126383431876655127126052700756
1.5196645143682888584477806623360786206956887971141 0.68844305960890036103326496484654791278443520408746
-0.85678830183514152731473347184915947658132283759317 -0.60998765463665392117866582081849667958812156544671
0.45219359801529566319259031580777363880857865420385 0.54793590156903834923058586410755846942283280747209
-0.19602047328529355428898852329030077153966678740910 -0.49620517122909646266699315988017553917624793867305
0.031301146903252856603687937586680036115126263365058 0.45108817621589888810303769847444799235742165957592
0.073797726641910822657513038164440754801809488323788 -0.41013569358407845335849535382230134341605037723802
-0.13810655869912218704499881216206266673865920001298 0.37157559765070795177446393737035298444031449602712
0.17322090795116558375270047199081451668001857845025 -0.33396319674428750502828431819053363322675796312187
-0.18640617503137061452798738719882305631408135730611 0.29591203624659651996860334833831536628367588989185
0.18206112965761626913304870496251097174375558346980 -0.25578030461183755679095619581952955351833072916267
-0.16223786975015178593958164489523118123137532253440 0.21106574767996694052439749895545342515906057918507
0.12572466558079542648669910831657098396557506073568 -0.15646722360232887795679433518709571251537872208013
-0.051440002711516636267585953418812182294152367847893 0.062882253265969963544170630586826790828229494494229
0.0 0.0
0.0 0.0
0.0 0.0
0.0 0.0
0.0 0.0
0.0 0.0
0.0 0.0
0.0 0.0
0.0 0.0
0.0 0.0
0.0 0.0
0.0 0.0
0.0 0.0
0.0 0.0
0.0 0.0
0.0 0.0
0.0 0.0
0.0 0.0
0.0 0.0
0.0 0.0
0.0 0.0
0.0 0.0
0.0 0.0
-0.96186435634522064488806506153318337087332006583137 0.10714902473035778867276740829736979460762944709693
2.5568273907585769219907344601112720037424388709528 -0.27669185017979715193913118269574604166274964220328
-4.0503533654480440746350972686402648559078438365083 0.40839100307256194332518630406508669493246529511222
6.4367887263184542840653450473346275966166229714793 -0.57548149569459168312603362580455753510405631945442
-11.334310423661649806619325278578264561413731153351 0.83880212980914254304579933244574713279450360725227
24.928081798882423117043023736671932622135836439386 -1.3571394655848710474020161376665552738619697440263
-96.456987197829789186319402072053158538622386766499 2.9073135833911865541466059145468606333412085518923
151.34798356738735746459109551280716632023546605019 0.0
-87.038745714786966654720100633716417475729379063536 -3.2909265916798887782224926843817791540477770673360
20.184595328333961794407761469373722547960969875717 1.7397243476441522432970812974967600168205461431524
-8.1495300552996297310275427951624970894977541540235 -1.2205927038571656294847960725550733079294824713973
4.0572001984023006975270145038001322490615048731624 0.95848271709032859599152995106499404793950364420259
-2.2226228845047603841566675952668309816499623887961 -0.79830402504382574651141639358279657678846565231809
1.2631718373681536540549064537633963606272543899856 0.68831319477243444428112038501851954123534859938958
-0.71159865940923767372266443545321456605237279989527 -0.60629498519641252836812444213882780518660145012764
0.37526436846168394328521605800080827969686631657623 0.54109372378600104254833444725195701093572191987046
-0.16325739877008485843861700349353487374975200658703 -0.48644302663049313434630203905624569742144913552998
0.028246477369290236953067945445333040449559168279566 0.43848054395339786479878895495810905157840183437310
0.056298353800845107724320853182362766691892007045263 -0.39459384950688797872546761573822554581692996867740
-0.10608386111063434304471143158782959416179577499525 0.35280339879555769894609466144536285418770046733812
0.13073609032423441539069496871735189480743239031895 -0.31135556209900330808008467068918728641034882404695
-0.13615134046855294127591493662306575534321642233813 0.26832756081065072592221569824522450940265705133035
0.12553319221286255174990226664512173429666259472149 -0.22095628522065687259666370216557531444167765316578
-0.099024505313048039275651044457629166486558455034233 0.16358755022807049584021848417899678724882083271861
0.040792504310776581871583374115806740245502493052335 -0.065708271906781802010733466997494592600992908752518
0.0 0.0
0.0 0.0
0.0 0.0
0.0 0.0
0.0 0.0
0.0 0.0
0.0 0.0
0.0 0.0
0.0 0.0
0.0 0.0
0.0 0.0
0.0 0.0
0.0 0.0
0.0 0.0
0.0 0.0
0.0 0.0
0.0 0.0
0.0 0.0
0.0 0.0
0.0 0.0
0.0 0.0
0.0 0.0
0.0 0.0
0.52858214309641337218829913361666463666903811711829 -0.088631014605133657407503807425798111905199880267041
-1.3911449388697642159270561386674519455581459673513 0.22718119398517983288595395438587551248491974129655
2.1456651760373938258389893127718929036588180031198 -0.32906882674266927793298713213756171696513656468890
-3.2342464279143779699667456487386153132541735880685 0.44807461298235582075666460826559833568938378417327
5.1475400478560147301296716501657443814742585342773 -0.61500316331053914437405206903978047580055566842067
-9.1913757540330455458584381405975279667532076128193 0.88708696055886481535303334673373787700184447809920
20.539210611151598739314256684978638441169194777345 -1.4279895176259615461287782709128833222992832601282
-80.629267481119752774144027850789230740351277747623 3.0485848370423862471522103996791874522790091016231
127.91081078122095384697257681096280695528302117923 0.0
-74.326960690135495450325473638164223426295814412728 -3.4274108268673194972228246818384508669847701042787
17.362797543748295936198468482840228311759053964626 1.8045483117691565071117488211884755202275748125618
-7.0504769284882686611846687387492507443970900323721 -1.2603416513742028428738118288898154031496108808516
3.5271725996029185682509956492802618491517792570715 0.98477193541098081830567545799408456360973806860896
-1.9418811705775639821310025422230973256394087063528 -0.81576727587873641780270080472081382106631909693472
1.1109310344077130657643045659986987855802664813040 0.69924822505770467425777009935649423785067079847251
-0.63298725831041516479564059441806988292871111803253 -0.61197532799362672517533753271898406417565135530685
0.34203695669888718399526035288428343717288066388697 0.54224488074050201157192261375862623680396791891825
-0.15948260911854417378876320396672057797524235351313 -0.48343467926622517360222136025963173107881843520331
0.044287639219839478345012435450183258083009810473935 0.43139473434181378513579908449374607957394183768682
0.026595094689390932854781112235719977545001967178198 -0.38321651509040186600505458549800339863407235355006
-0.066809259030163673846951240378130283315067046357125 0.33653474428269082744951201401354665045881692082374
0.084662630762174159612685461363270932144550335430689 -0.28897278144335332767046064310677764958691244655088
-0.085060009624010947465130295315726074308879436840933 0.23735211158407794089956489453365402588638355129294
0.069893465499176919412529397674784925973023960187472 -0.17545137594622327741757878609365844719399934084285
-0.029227317561171166102636919863005191536526704345603 0.070427550446534392980178191141854140533062220255646
0.0 0.0
0.0 0.0
0.0 0.0
0.0 0.0
0.0 0.0
0.0 0.0
0.0 0.0
0.0 0.0
0.0 0.0
0.0 0.0
0.0 0.0
0.0 0.0
0.0 0.0
0.0 0.0
0.0 0.0
0.0 0.0
0.0 0.0
0.0 0.0
0.0 0.0
0.0 0.0
0.0 0.0
0.0 0.0
0.0 0.0
-0.30088427231902857974175106661690585782404431583418 0.076443199787328866081837039727281708939122034119629
0.78832437023531046119397927414560300670846210763818 -0.19491114818024606839994158845026267432246250275759
-1.2003985168508257420765597536853752271503141144107 0.27865561887800717844536733161065299859988971622673
1.7614144357186845658141346713739992349648339839286 -0.37084537243129894006283673641289430961412805348619
-2.6613614348415343127842497602281019858333327296278 0.49040092315400879530155282312142725284603449305624
4.2997706761394796478004469992321810582697025358493 -0.66471779828804768830155627991638621816922124433356
-7.8077413271328527394396295137163860761120577885164 0.95257852638920341068317602511166133661419417256289
17.713093392454618707414309674415894597755487096613 -1.5267038722193496698709263738717274699088935483719
-70.411022264316679288289359554965389378659699762225 3.2468366498341604787107117104684241204859963270684
112.74881237441953821731479669958118895116283630696 0.0
-66.092720467760827425854128112725793894460666468529 -3.6206324692881497766841952880744590342053574924990
15.544482471424967343945892325781231235951746091490 1.8975293174363144604280150976016685877480007525141
-6.3522848159416520930234046057252650436019815494660 -1.3187145904956300196367040365912560484150524349460
3.2000095250752085650953955563747094442494708322244 1.0248967223533993445468960618399053992091979135621
-1.7777621962177752364894990733906004261650224766184 -0.84413937932612261690153791770896086571691513166478
1.0310815332843636018259407948083931102711562370235 0.71904776138293733670902436202675734774686216179884
-0.60148786111620543886303474961255139998675819500186 -0.62491900348325031504241773067141540195793578931536
0.34030115489249674931838117904611025306181375505086 0.54925690879079031994397301362046025140541561684594
-0.17694631754836314647952001621681487126032647499652 -0.48491147700588509045062980279332914614294139068153
0.074480545116493920898418726751355975974284734728183 0.42728325605852900990529273142990027391731638269732
-0.012098012739217454986005539348038458643888758474892 -0.37295819414485592182741156303810474661519377466760
-0.022563280724607228173469407368566135558857142955605 0.31882333415174217555149425123710276802324363376896
0.037059062572660300550779567152152007147829252842053 -0.26106059228135387624626289954438681402634622057543
-0.035708109431380544924565491351146518961471642575690 0.19261068055999498345995034178039191576123953748284
0.015716159023024957410016511266024142220090398705811 -0.077254294155524853667494810415535822817992301931974
0.0 0.0
0.0 0.0
0.0 0.0
0.0 0.0
0.0 0.0
0.0 0.0
0.0 0.0
0.0 0.0
0.0 0.0
0.0 0.0
0.0 0.0
0.0 0.0
0.0 0.0
0.0 0.0
0.0 0.0
0.0 0.0
0.0 0.0
0.0 0.0
0.0 0.0
0.0 0.0
0.0 0.0
0.0 0.0
0.0 0.0
0.17171390769619550401604357430644627385829230087683 -0.068138373803768188252586877945919611937343281473784
-0.45015984183273831073499812490022863256333766111551 0.17306057552178700119547071210372507253865484776021
0.68484740655201491997063362260295831286893037459322 -0.24506878818772279009335066689522019147763940404508
-0.99739742352348293048146255222266078549748462654851 0.32090117038218453217213878244401810072326583199206
1.4745257029349374083499243702661344614739183542401 -0.41381502601182512858530569021552114779640516435966
-2.2706855507392441457192831618959406332362767537386 0.53955037355813436380976554948738523774195839582321
3.7412590128386502746260858364126999393852151084851 -0.72581807878278042812175651572763594669495682701560
-6.9096225068681054474600372418932635296153865171555 1.0348860315946629385018343380240045939855335287970
15.891370985194366350868694179886231799783882049304 -1.6516201730034738412754706644564418329857865610408
-63.855898228023652707705295617594305952754977489891 3.4980968682128588446176132540900944113623548059049
103.09786110261274234272396402358979584645390778914 0.0
-60.910210247224558331783426953037055375288452418579 -3.8665885550957109387746416247195713610023948152147
14.426052574229694212233640133255617306953152517274 2.0166552611610726423803570515638123287502982326229
-5.9402298052991186322252553548182587620250823827614 -1.3942971182299006682346846326301036242840239002487
3.0210280943491766447730929478295944046031546754414 1.0776682742007829376093669827925008311230798460265
-1.7007981791089175557185895377121641685733040612802 -0.88228746637815618582200596809354663113775345834545
1.0065661286728169409529190479504369444354782637015 0.74652569844383936279115809169768780676201186335359
-0.60679418840026273486976212367133520583517877965461 -0.64379107960378484878541283392533450091716150736956
0.36364961015405382586523081006620498705443873134834 0.56053665437030211841505571174834770657874033394049
-0.21152675475723336393288985475474481051660156303248 -0.48886873297837293314221835046057536762940852793186
0.11594121309263940526346105906163549395558768090860 0.42347964045604897315033206179867265300728662156723
-0.057295285907322689332504048444823968215464251853415 -0.36001968007990600516140396974511160492257447555903
0.023646448566533497457595208930830423481558608815697 0.29367484826009458709422570357538416737170390589915
-0.0070718685046763143482301739260258635943132540250301 -0.21617172674763126590584656233427334930183010052063
0.0011166173551744828106215854194669063197267735580551 0.086620927952021835503209674396535901971094771381335
0.0 0.0
0.0 0.0
0.0 0.0
0.0 0.0
0.0 0.0
0.0 0.0
0.0 0.0
0.0 0.0
0.0 0.0
0.0 0.0
0.0 0.0
0.0 0.0
0.0 0.0
0.0 0.0
0.0 0.0
0.0 0.0
0.0 0.0
0.0 0.0
0.0 0.0
0.0 0.0
0.0 0.0
0.0 0.0
0.0 0.0
-0.093703506970533956731398526885411543925307541622551 0.062379242292957340218507556138670827534905287816342
0.24759515553615960086302947306678315774694657875115 -0.15796448305560152168826757987693611986638136458683
-0.38222265679158249883191939569625082464189362654821 0.22209016791638841156654091786826903775376405577424
0.56439939680088541432540499485907512928619450871934 -0.28734924305947489669647334974656500135057075452585
-0.83831975493007765297510611297371974603215626140121 0.36394099817353767186478032461879995262793920379994
1.2742271143677903402888957829281324342688678646414 -0.46216271730877682075410848929353396185743449819073
-2.0124219095849543295480104987070827193496842039053 0.59755433396174720360864052906073130835631237300038
3.3838107817233284982799164292061118387500010376257 -0.79939958433969437264290237526671707010522351433467
-6.3477240288598932622770113317721460763553301047037 1.1347177029506816940253223839666339615479922629372
14.773436632763896573799172994842179832599809732624 -1.8034070405038916924759788278358504798803355006652
-59.916712276654839425452867055927433522520629430206 3.8035211667724087641006200845410351377616282870155
97.470447405046272992205629985076747810109559859040 0.0
-58.012630666663505870725099625221217687473487475387 -4.1664531011791716259901993620314480556896524358662
13.845293116087502083329230348240790710717250663668 2.1624379295357513664356475722060576822258421420065
-5.7538358828831901168615819825372306877944465053409 -1.4872923465135662004095912744649431548703327380404
2.9620412593158941298344483711506605838646814426735 1.1430379900579686932737463964163331085537113405084
-1.6962908851762518731200517275968227824279424621797 -0.92989910163057997898235696005797537285545538603032
1.0292312806483857862928014617939926681880331397965 0.78105418504081066552572308424828216573618723013027
-0.64417930752579314140787276139482226943741621734377 -0.66755304295784994934160409908701643396992958183600
0.40913028339854599722780302445723297158438493146435 0.57447164045643465254252179102515344674614118623871
-0.26097366945369045673341433116588370084823242294844 -0.49283045832149168874293846484308156809936033636054
0.16617217805696503694084665553847206707740482167572 0.41608344429117625263744341035583333986869797403960
-0.10499768768851471568859423635765052776332719674447 -0.33780620911135913893448891818060737721893806812758
0.063786295526291093258504879766771290914156727205454 0.24794505124914383435364203227002296330671069362816
-0.023330975344263311788941233112528150470806169445330 -0.099234852790754498574260061330728118939023918962513
0.0 0.0
0.0 0.0
0.0 0.0
0.0 0.0
0.0 0.0
0.0 0.0
0.0 0.0
0.0 0.0
0.0 0.0
0.0 0.0
0.0 0.0
0.0 0.0
0.0 0.0
0.0 0.0
0.0 0.0
0.0 0.0
0.0 0.0
0.0 0.0
0.0 0.0
0.0 0.0
0.0 0.0
0.0 0.0
0.0 0.0
0.043986764638774559705418543015838803471768824169230 -0.058395126369146722389387718798284101502321888097410
-0.11930874255681484488109022612201107521671296205412 0.14753497669034291312145950255812643627605625868515
0.19349471775399126528265582734877216288999479092183 -0.20627933989295362714366890162602968304371038310181
-0.30130994635130282435524508577805273607773367631989 0.26446922517983018195572984237461056934290144746412
0.46686726465233706330241084766685808068949546576148 -0.33050686806344672579724183203114948405316855052217
-0.72609830769783328311035934138983759739974584911107 0.41181958154396537697320039728843654905959713514610
1.1440302128245253993135261874829486774465405637777 -0.51827206107351657223093718926389979493910617778166
-1.8547223030860681836539031715276304004169585105200 0.66616441782118775957340722954482951619811221360078
3.1773110603452010154125958974660870958059887339933 -0.88709204722533483382966921230393338398114574044952
-6.0404418721569430365893261183051725198623760449490 1.2539769642985206485622490274817158130504986768604
14.198382374854982562779305063824042722389707964143 -1.9848286541931496228438102442852271267053519968257
-58.043827211982552208252397118071365603874793403532 4.1686936295175168915997645007642571640744056090244
95.106088176740169594666276808476454265371871132642 0.0
-57.022409164728293749092109354440463670286905931250 -4.5258478834417632886657300763328358320627524467638
13.726738595994610571078374681447701007598680871325 2.3375448429084523435210022909300573618785300164105
-5.7672763195524745296143802707358565677533249596133 -1.5992528919252632780167451088001648434435901423769
3.0124842581796481184947243339152757684986310223293 1.2218527095051039573471437554761520161208002887829
-1.7597321337308869488646003373335306031497152693317 -0.98721554307244193634528422356660341655806460545903
1.0972062016115750789993110035633642734057732455058 0.82223004917546768160612596873866638391865674407451
-0.71277207457859814566147992033322877509499678489379 -0.69499796996772695685397340407504830060263438186596
0.47579267712644779832539079446698193576224761431283 0.58871747893998025655459386720446598860208576475819
-0.32315495381528454580319067810597833892082812313259 -0.49263665050128208601285219440326469215314760124897
0.22010842704447139695187316722876140943564021279201 0.39756968933144111594828561359123625328818673545263
-0.14311000446853534454991999713834833443066406891755 -0.29076237556636353358020556449882753822619220065889
0.054250441618469414224131752279454078189604760258966 0.11619911547693243929842325036489053159964332682029
0.0 0.0
0.0 0.0
0.0 0.0
0.0 0.0
0.0 0.0
0.0 0.0
0.0 0.0
0.0 0.0
0.0 0.0
0.0 0.0
0.0 0.0
0.0 0.0
0.0 0.0
0.0 0.0
0.0 0.0
0.0 0.0
0.0 0.0
0.0 0.0
0.0 0.0
0.0 0.0
0.0 0.0
0.0 0.0
0.0 0.0
-0.010704072889760567232726692059522471722986217402803 0.055727807615338234991646310734408303931528860657215
0.033870137006799708542505743582401763844061036782055 -0.14053970645538573665227093989146585219192924703886
-0.069359650048808201464653224774365415882772231007986 0.19564346493245503441123897419723741988808455522788
0.13179662398024702897318539640760633188140015391571 -0.24905868713925472453205149963108335464162410309392
-0.23473070177398159099929335314694879410044339580459 0.30807414229419983859496964444079246520975650862480
0.39818545057798395918395285927439123155638640507638 -0.37846997404692581141951115010309224331243934131337
-0.65613184603908311811795487455928669089966301225945 0.46713094126115754279182548200630844739910853533194
1.0722680475475133609090800622477240249604622710599 -0.58428807833270412802424176857495341040646246097191
-1.7794405806130636125439486110382662631731718374921 0.74752740642881411147224218466175875848626528388964
3.0954075366037085451330190238367934813825922484635 -0.99139487359450578810558983980152550991142482904055
-5.9473352639892481073756864286466328050573863414274 1.3959649191231441008644871325536394323134598608647
14.091702079889814890623993707950983550534990117891 -2.2009235061888441360564646685204480267312868704048
-58.006061604335710218306785605782457652414557285354 4.6039200199412728565622598433935122407457251835834
95.730019414405240125457341173236580879908888671898 0.0
-57.835664951878817077103502287756195965228283728169 -4.9551182381968514097157565087931410822157828792258
14.059332458942326875130145946772609588775972434959 2.5469039952860566138770461828126868658634981560338
-5.9819255799583379925996021834377312385094689465474 -1.7330921342626118673005786501464585862409454772889
3.1763633336705543139635390753087582037932745224246 1.3157700980390353704064987494638226434911585771353
-1.8953551870969661413179904862466200976697903888059 -1.0548181367534428436724170986558346205391884444863
1.2139706623537224896940817300763222450629523025946 0.86946134354930746036593617728881848499176376282631
-0.81449559627235003492726903140481244082850398997622 -0.72399282767560950613130608167748618307220259439437
0.56279851254381293274983007036415493533648446643141 0.59877362479068763195343946324124706399811288122019
-0.39201627568966751909552512885900189783656638538722 -0.47948978607844409477149729536752226080031175137983
0.26000622783718924473401829855810422575768649373767 0.34906071334936988006249600843511530744189137214428
-0.099564351128428237769511937656226022615795396482859 -0.13923376513439590342435372659179408309029078301008
0.0 0.0
0.0 0.0
0.0 0.0
0.0 0.0
0.0 0.0
0.0 0.0
0.0 0.0
0.0 0.0
0.0 0.0
0.0 0.0
0.0 0.0
0.0 0.0
0.0 0.0
0.0 0.0
0.0 0.0
0.0 0.0
0.0 0.0
0.0 0.0
0.0 0.0
0.0 0.0
0.0 0.0
0.0 0.0
0.0 0.0
-0.012686984510864864826145637938050972330444601300628 -0.054105142101962915074654809194293901732701900274912
0.025900257123814297130034315844419816401065149284466 0.13624877217868110708424184635729845970600220210643
-0.016533969954274576184941290935075219084927045685047 -0.18901202090604038738126143409152405068468736347690
-0.016564885757958896131620345146014747014311004850696 0.23926990902694526169756892611572346691314112568799
0.080879992191101222120700433866254365462322178203532 -0.29360594014698012994174187069393546862368412941813
-0.18826763703775270924287436997507442962308484715716 0.35680001950710559677742161259514589452685787383171
0.35819603873598051464413418769514598388719862171854 -0.43403637354595805845562283001008683827544223280643
-0.62481986936442084797157868558260429914863468586550 0.53235787959637659693393443167825136893926690617289
1.0529959949037584204955336161519501051076929244803 -0.66278243889539217980310758018108127663441930041155
-1.7787667866545956229120515043835775949270119121226 0.84461639157760298190282464735069648443904507008476
3.1286192927377014161441692012460353880068373540292 -1.1160484605033979982835293884781155432948918676462
-6.0575575517027256025564322962862905858183702617612 1.5658004796442715713544694205579997201627250603683
14.443550392711447483385551501584252204666507253398 -2.4596116912740436631936211556235650538772380903786
-59.823871284759250577893261830170956670515969599283 5.1254594535965764257262322983054473996016353143646
99.475980711369580600918875284453222380806183771316 0.0
-60.594792137235339801410197400659767409258672910938 -5.4705463462085032538572682105701248670479770020380
14.894025471183000719784872740827523183701474181569 2.7982356787924681194111108833097069483166537482609
-6.4270279877162814149839991316871063792658337147786 -1.8933161022460261048541709820200903818595534018704
3.4733360103064989859115608806801310270892408677069 1.4272374914987435108703349563052566441396781949842
-2.1168745754271664051131468750222411266916490569846 -1.1332938581111452841484904917226065842857455734679
1.3882188094689045752856981261698232569501433429101 0.92114244146076974114387459327616521857723574875363
-0.95219433362392542533079728389940543955807339103804 -0.74974220580535336279635345249666474105753267370502
0.66380286680167832589479178977354346824793327658502 0.59420537520929230090218610868057241797431676867838
-0.44183669405986247522858465413177317418869730297892 -0.42995755544559022462644375052304028149246273540960
0.16958075932929366974523014823102191479222730546296 0.17107962311278814857017360422786177321013178712244
0.0 0.0
0.0 0.0
0.0 0.0
0.0 0.0
0.0 0.0
0.0 0.0
0.0 0.0
0.0 0.0
0.0 0.0
0.0 0.0
0.0 0.0
0.0 0.0
0.0 0.0
0.0 0.0
0.0 0.0
0.0 0.0
0.0 0.0
0.0 0.0
0.0 0.0
0.0 0.0
0.0 0.0
0.0 0.0
0.0 0.0
0.030007166324368225976131839819331302356584829382595 0.053376618623834990080009697187698506191623222144946
-0.069958876195753875755983493569899522172552439125570 -0.13425628893115286885913126725688709739010801204667
0.079180023389849061810087667020863245413753946902611 0.18572822949089758732267782689960422991830421959821
-0.066080086002183127125070101856169742702266372979774 -0.23406055642983383819904864175923045167248380534549
0.026929254477171593571864055843895219200694828707477 0.28539862740644220601703138254745006138215465932685
0.045572776856680961742157394196349053288399407177082 -0.34389696221375975205677529348331117035188751095229
-0.16343296669710565140403255324900058214966119261593 0.41371333241496046411477583701345070428560126749188
0.34681582187821714789508982465875825565405380047192 -0.50007376212470814786850085751988878873195431992921
-0.63150450017619794763516699622868179707877782318817 0.61054178982424100353913758399380007171770867524177
1.0858759516967300563993643836846101784363897331510 -0.75725987422156963183879003556865044703336178548740
-1.8539268693099996636466980719367355256382050729234 0.96172283135373593630893071658548137471687088959600
3.2822604817835186961053478905588989623761040029522 -1.2666091034839359055839798638484813540636571674839
-6.3873280064387280256391388537181500323909793414701 1.7711918451594176299185741382482434870005389310326
15.306832949647079286355776905290210350858363559256 -2.7728936710530861143924807939447373274180331955432
-63.778920109879975716943866513763096917515192133241 5.7580119687847959427031341992780489944434617924424
106.93252605868362580191347501455020474543580159264 0.0
-65.735445986084784358520556078163241628166065926206 -6.0968079034884177499029399083698751942538579233623
16.360237075523886625656331327338438276489934266852 3.1031233737193143409623461094168735371357599341576
-7.1688060448205248155552801379398025177323178137477 -2.0864741003207351907344158037447431299644366886345
3.9442360475486088729443715836525030738345841928971 1.5593924959646112912683522979914575613226158517277
-2.4501467008354332855831619979223469203485392927558 -1.2223962130511607062458819159844766361786856863707
1.6328828821896640586981082951305696704197885282432 0.97252058401028467676353570816629935401220070761758
-1.1219555779891211056289803493700215491405261794774 -0.75983404191590397602484826565860841187105612982137
0.74195594907974613562264714349461193031421974871214 0.54530728462250052764814636628548926335317191772167
-0.28416351671979361642307869449777223287115042611622 -0.21626071943542194071709732475122504297986195202422
0.0 0.0
0.0 0.0
0.0 0.0
0.0 0.0
0.0 0.0
0.0 0.0
0.0 0.0
0.0 0.0
0.0 0.0
0.0 0.0
0.0 0.0
0.0 0.0
0.0 0.0
0.0 0.0
0.0 0.0
0.0 0.0
0.0 0.0
0.0 0.0
0.0 0.0
0.0 0.0
0.0 0.0
0.0 0.0
0.0 0.0
-0.043625057342464111977756302911971551205612305827855 -0.053482615245872797195744059840614767353057192303889
0.10443484912774389311630616526035168421543854081035 0.13439490268215506889683066979690970975422487859360
-0.12765665103904933322252213999605466005259802376365 -0.18550070081699715587710404771670590882227436944518
0.12892956720814476269393812822961428467364618344923 0.23293175998084149825765332160414834357199874042055
-0.10701052117199927870899172072894832276777920802897 -0.28258792522602490906968986656292446848100935600904
0.057323570309028824585508113202751699941941095026239 0.33823516347287170505158059108740093530389473769988
0.027991555920138200644417743741622638135278197791792 -0.40339288360543457245419997719319815936143579929373
-0.16183147871893532277553991338959422670525765864979 0.48219434405537061775808099987124178830444037327046
0.36600167530137606044055638495505537155779773421588 -0.58023710855705990927725686612356311488017981877926
-0.67942673407443180547590479065110017412508725672136 0.70589400891607438751340505818840827527889959159799
1.1768217506707268063214530991083529075638206776448 -0.87279678337848226433330380923059467550308609515499
-2.0160942297839659444285470010582968781043543257423 1.1052138695444973745035881922275579925544750108534
3.5785064420640483887801062857059032869553721674206 -1.4514292582094815066918532422013686679405138375191
-6.9853827198546453872887491466925104422094146807928 2.0238151887336539127104615414561170049816788872086
16.814444022629997892927973628447011067992277866343 -3.1590369758810992092602148918139807013011257836968
-70.506340127161082454052891094106758191347516067938 6.5392971065308355835873210864260197579746168686400
119.34020138969771643335503904475512947959043391362 0.0
-74.135076573495194685079114244181196806962898445357 -6.8714850848164626001771347296640960473537615735744
18.710516984049123888965159403874750663044666797398 3.4789218209399189188861657975863509054157090365542
-8.3328351810582946650933061925149067347804920566133 -2.3218196186436805363105215102258949310731819965636
4.6631664373924496134492897688389054937483395240693 1.7154743817568606945094748651517113091324534006077
-2.9366396031888312101163818123962323319198899707702 -1.3185095785725713096575250284339931200431667215838
1.9557205929656715661380864190790333166776771256888 1.0090931064344204261287003657701431477258603285953
-1.2725969716140341762106587976805041806634010589257 -0.71587241069961211218743144719829810818786636690705
0.48443935239105335665722693254492912072069134354503 0.28260423491819356201541564126228710011594340893292
0.0 0.0
0.0 0.0
0.0 0.0
0.0 0.0
0.0 0.0
0.0 0.0
0.0 0.0
0.0 0.0
0.0 0.0
0.0 0.0
0.0 0.0
0.0 0.0
0.0 0.0
0.0 0.0
0.0 0.0
0.0 0.0
0.0 0.0
0.0 0.0
0.0 0.0
0.0 0.0
0.0 0.0
0.0 0.0
0.0 0.0
0.055124003720644620692340186342885999997686284435991 0.054446116204624205602242902483804407704769220003337
-0.13339488335548136623342061976444799417545249948300 -0.13671058090127109018370527626333832236037780263471
0.16788320935440136534416422379994893010741656183290 0.18835273691363629734883934979661694103032550771217
-0.18010133863042396537325860421121005257178342156178 -0.23582623731793919923106720902331839031439987721508
0.17056897464256695042446868597218452289787227409951 0.28494088146725590145366312328316176081055583752717
-0.13644034123414109300425530104088218134457581890208 -0.33923856902178762262443835603257906104094774248938
0.072305725702452303645111217250639736417028854650151 0.40184380075786507388971756173187515670380776540734
0.030677314702322044836632208477803547224474512126292 -0.47621533339687163836312019445960235568700775115662
-0.18697618263011483111655696435983046967319167322608 0.56677509466267146703952185776239934852670183592618
0.42115513907352030094803556008984239443546170845649 -0.67975781593204797449740570797012155597555194194508
-0.77727142917914596182525342938807037478301365003808 0.82466250023861057104271894074066465008946461731548
1.3402517784542062017217590765423405741676382733887 -1.0170787462955728950639087596632868260261704665872
-2.2902690218283788264553590105772550138947132753233 1.2848484907601641127142586575265371794803205982417
4.0638932456884143635287377632639127248755352624987 -1.6834186308656759064688387966043241819251559920100
-7.9495679838250325706069910543293154284661908271703 2.3418359307664233777653256990794958323265395645602
19.225651592236333583684290212169074751921178059389 -3.6466200676338367490138205944871196986978258292602
-81.224427237856523439259489346282887954526049822059 7.5285878977190519896326615594785076388055690630002
139.06072903353569765616817816610048775741611242117 0.0
-87.456483636598591679956180426659994536590455596199 -7.8534405227288734459614831361596531488547732219752
22.421719558561144921195295380184060526860724822500 3.9521008057348313599781089033546003933911280985000
-10.152783535152089666147342718472980967902336718433 -2.6119577483442826625688981176529317651498162128358
5.7597257980316875161389206314855169657997172691577 1.8962327563187263669883900131795638671022484447987
-3.6273313535962045994194259828650484284442642758951 -1.4058487077533116581080568093592664511862026972722
2.2929834840925655895689101165258376888541899285556 0.98046070145331760516868495350255421290810746285687
-0.86331904149256935724356458887786871855801210816918 -0.38449154642658100575284746370259602901927690250146
0.0 0.0
0.0 0.0
0.0 0.0
0.0 0.0
0.0 0.0
0.0 0.0
0.0 0.0
0.0 0.0
0.0 0.0
0.0 0.0
0.0 0.0
0.0 0.0
0.0 0.0
0.0 0.0
0.0 0.0
0.0 0.0
0.0 0.0
0.0 0.0
0.0 0.0
0.0 0.0
0.0 0.0
0.0 0.0
0.0 0.0
-0.065690005207897233745086758269630793364209103552691 -0.056386060169440994670383491683531245697619114644023
0.15985735755928470680745605609639729420455318566348 0.14149359486831188201295127305900492051724466063617
-0.20416076340606152059157309328333401381621471632436 -0.19465601015061103753309723608104685589893560371826
0.22530490656162900898327700193133451575972439402622 0.24314948250909849964381111652365429204962232216992
-0.22515549646824329668884486608991573113173627346129 -0.29283719126845336871303950056476515377941593399702
0.20202739140123774485896458881467474425416170636170 0.34716539666364995874783898140428101124999651625549
-0.15202833973484396772970161149093051309380626474722 -0.40903213959510941229971955279257781870751228371790
0.068695657747369174989497034154670988137015360964801 0.48148626389383285528802750510762368520620250392994
0.058335917183932545314215563495473320897569309979427 -0.56823547020034282648937849675249195629683615478883
-0.24603718728547814154287564229107348446215915056890 0.67425113750878636307785293536961430105821221916643
0.52335329287270169868025827096827313060615975270722 -0.80670704889871539780644276206914396891582133692593
-0.94245522943716156374664629875390704642902876011303 0.97665176281236715520111321203088075339697074892157
1.6043855101297777200426599684134124056210807556114 -1.2023026983923476469892222311000176508748915231584
-2.7244777663249641730730120878923585257714736972749 1.5162480260508849071583741521252036614340883041684
4.8268152775187739983586618989465654580899192813473 -1.9833991609714133799425179495886540037200525073006
-9.4649614322499054262327900339741502035255234553225 2.7547679160872723945194836917063632367321467049182
23.031872499277306390473562193304633576109639704359 -4.2824088657277627019130167971460821152665694157469
-98.259048610091512370089621959698990864231127612973 8.8234921185003085065331400443530709041800129181348
170.65860033670895349579876733619054817178320678531 0.0
-108.94592895189595837847754974277570345259720060569 -9.1391548480194281624343488248472489388098974038194
28.429941188416652931502695248154197512073710506110 4.5641117082073253326592773722362464111614374804481
-13.077265232235329582412738831997622704982208476051 -2.9720175211893696087082727626624556705450778776232
7.4457496716831073288413176789399540568982017769652 2.0887368440110826225405118339991307653064271692631
-4.4781749620753655376904526774722879649715406356683 -1.4180308225634920562847304603900162208543852629334
1.6550433851756570612794124561925905660495464504378 0.55046115121015578237048978396122031791837368045078
0.0 0.0
0.0 0.0
0.0 0.0
0.0 0.0
0.0 0.0
0.0 0.0
0.0 0.0
0.0 0.0
0.0 0.0
0.0 0.0
0.0 0.0
0.0 0.0
0.0 0.0
0.0 0.0
0.0 0.0
0.0 0.0
0.0 0.0
0.0 0.0
0.0 0.0
0.0 0.0
0.0 0.0
0.0 0.0
0.0 0.0
0.076388687322248608477394262450951548340563821417354 0.059563515169124624324441125794175093834122532505401
-0.18650373982430927608473847993595970291586554832602 -0.14939279676350696074186742777686143469394374014803
0.24020995927873735224438789327993356836034506607537 0.20528221511677641143230402609026927672680835183170
-0.26927839784388933820927015757618515986219227089768 -0.25594664349275581332603249237070485762087181709926
0.27669766884913369403042383739112163056115398449929 0.30745685726736130963340516232381565749955184582131
-0.26160425337394553103959975731415303411605978176185 -0.36328022637612301886005771963694981909559821109903
0.22107346182037706543095383296524350931809295019212 0.42622106591008964673420128097358619339772076687178
-0.15007521037791673196083344184248041662577751844931 -0.49910555424702312757882892849301951029857249059948
0.040614498327782477092186129621708162691660378625288 0.58522621156624267100932527680043651971843023752945
0.12006823415726231927796489758888625611757086703756 -0.68881270887143000192074225625339107244383011845961
-0.35294187910546854075854595389688815255244361737848 0.81569941093891920816933482787527029142809505468465
0.69397150356713096719527404161328491861460142667972 -0.97442541963063357090513595069897231718679330500472
-1.2083624082969457752143095110482899407192126250545 1.1782299709878494235994275595786060993579550802595
2.0231445048702644998945299718533323283170189923182 -1.4490020178810169478630152659796829583167319294369
-3.4106335430952066002020092042672458685445805674279 1.8259230336675373434529699717692624052235440847981
6.0375531702805550554372550800469564253387185220200 -2.3870059991907258908131334634278779825097821642067
-11.892202736042088312134374046354015714222824839134 3.3135840349027313228791365014123266226570667289947
29.206230726761987214974164188397262787244463794755 -5.1479534246355812458019621963181375022808653090635
-126.30980327250260888977192761196121883570831986330 10.595759401344600051614175292124578172484812298934
223.59036417858793135021700786270339063607980229830 0.0
-145.45863862299735070963815509898396900321217188064 -10.897100339583935137698847858527972911700152026187
38.725969641599330423551133412792986836022826217526 5.3811773747992715415335142348868586565383790657961
-18.000363129312075564283360555174868538407478809249 -3.4087084269314002520109633924783695278064548476995
9.8941635549055145100978548172620763466203990908461 2.2087337422991149816589916763061761061225604316591
-3.5411797437045042427143474374925137954912392550588 -0.84316019663160680437270969683035233396535672693492
0.0 0.0
0.0 0.0
0.0 0.0
0.0 0.0
0.0 0.0
0.0 0.0
0.0 0.0
0.0 0.0
0.0 0.0
0.0 0.0
0.0 0.0
0.0 0.0
0.0 0.0
0.0 0.0
0.0 0.0
0.0 0.0
0.0 0.0
0.0 0.0
0.0 0.0
0.0 0.0
0.0 0.0
0.0 0.0
0.0 0.0
-0.088463118899960541637560636885374459962918644162481 -0.064498758368225623368498659371966022351162041768622
0.21642624475352643157528151543278021027413781090369 0.16170812579073750241461484044628891426549767045790
-0.28020411040463996344126432034251183543475045281920 -0.22200108644013259127863284259337240167137980072902
0.31710109757400568157166881049899526660683586481894 0.27639023075557374937106041760723753644589213203381
-0.33115230997566301770215433947994059015478806896809 -0.33134961143812009798411163444874061757516866322234
0.32211153835345178744297723654679800455998432123726 0.39049606689316066612304471341939484779267236998640
-0.28767098511790646104924780563155651451112620159261 -0.45666570305934436471230735333861024310494998554801
0.22364263471504566728502919001015730573418429409364 0.53261787214465469983286748100199749417689184544304
-0.12337173478506378996376390431721799959392895843355 -0.62145390953756967026370535788744631431753027787166
-0.023582985213217460341216086032548261339971792081891 0.72701754968025830986339023223795536059862009496244
0.23392422074224436680213357157158168073677550322906 -0.85441701230721464025707558624200033954613484557349
-0.53527402248551182107296207635031889718335985101070 1.0108274232467509327211704764417586704102713096072
0.97535731978197142373717764634815860390246366529356 -1.2068489700926921894432452169125542349802838428754
-1.6413716090639653094721611291080792509388821462109 1.4589904205145993673692381070898891602150891618594
2.7045643607033725206991100389221073898358727657998 -1.7945939079007228512798901083464347673850703853192
-4.5351287708841136177597617346026605413036091022640 2.2626091055436993140088141909992283763420489132627
8.0472944669362002751723623417106177041841586478032 -2.9604192099568777708020496124262104658514777510601
-15.991573058911264512467280231680609119079306938825 4.1140750233488801396372065562249034197698336539333
39.856712863967914390930242779149326644439127232006 -6.3985531530825022448374337868410165226366043750608
-175.88912274291592646200515647989633958549307625071 13.176813954230957441843721282250202475964912798081
319.85032588329070144715295861270532001125223652626 0.0
-213.38762569738618705255024498839383028194796500196 -13.447603287260516580000706195215647818244689769613
58.054626310687896819904682348663833631126993912434 6.5041924604367538478208946994641562114109815719940
-26.518293781185360705487892185910115926833181420127 -3.8370044125407822991872347681452633999627585438237
8.9358385015364083764059666471141819778072107892888 1.4204551737229155973438421294128703360033923674316
0.0 0.0
0.0 0.0
0.0 0.0
0.0 0.0
0.0 0.0
0.0 0.0
0.0 0.0
0.0 0.0
0.0 0.0
0.0 0.0
0.0 0.0
0.0 0.0
0.0 0.0
0.0 0.0
0.0 0.0
0.0 0.0
0.0 0.0
0.0 0.0
0.0 0.0
0.0 0.0
0.0 0.0
0.0 0.0
0.0 0.0
0.10388201379492929755058424048570974132249105204369 0.072285589231175339017962204543560151352588284014929
-0.25448209880175787741920797786443079950643130960952 -0.18117761353128623141597972289399900847905579784670
0.33056667720089699981515852497995835576703395890525 0.24855740677399859076612912967579544395939568077710
-0.37632252032678840874731152955139684841118235170041 -0.30911379031877498595951522616992410697792331577988
0.39690908554425594148520692814514125070267964232450 0.37002068221383291897135216551092330528428093029773
-0.39258169060194698871888796988787661936962098481153 -0.43522035520711858560285988809975602796618603250822
0.36139711635872513572890800625009702299669935261726 0.50773201661394499255433618358352236946038457966710
-0.29957992835302677443305051502946887710134760059612 -0.59041322080382997489100442420074852842109565247025
0.20109554992753975972280578422788091028718712672825 0.68638477065143332250681257024416409008970499816814
-0.056574232671875267312444156557451185748716934783496 -0.79940438217623963998282283179717015668986627363151
-0.14869211075649304403180766199997177438263027287292 0.93431920789345161304676686736461543066157684502581
0.43839891591959384337789118181972926848001142878055 -1.0977200458118249131408510268401211424078523358119
-0.85209594017260999449216042760905856198380008705862 1.2989857804015537024322226857696850527837925702775
1.4588236715843224988866163794703067313413122389877 -1.5520743539580757318952653796960303844193636652763
-2.3861441329336068549793210960925740375345003787400 1.8788107662712868898877251702085218098509924781125
3.8876240065251888883076303772733927409283281185394 -2.3154106215923508521467895593253293237393972026633
-6.5185546725978283051317685976849635333325809864982 2.9267386998855264494249999061146047552943844672018
11.669158868479191137958500665609115686238752990007 -3.8417525522932317820974187367460344116902573155079
-23.581646947455989176364012448384597907620488181482 5.3593061440385879440254174022476411546233047488977
60.232855030039196207564484972123083833965580350417 -8.3696723337571037835886909851136066194526843565612
-274.47381290242411082766808172479684497685330978322 17.297230505240014895207271805196455107026239027334
520.54548393108746893664389760677900724123067133087 0.0
-360.06502727603381193736779406784425977532822344918 -17.472178990599879192907358984272415213438667952401
99.150013335143198189946563243334895972177264974696 7.9948525139136849635127691670378886238788689080377
-29.265417379845675635190277935946900259753858920595 -2.7688146089734489335939012260827181188958494709599
0.0 0.0
0.0 0.0
0.0 0.0
0.0 0.0
0.0 0.0
0.0 0.0
0.0 0.0
0.0 0.0
0.0 0.0
0.0 0.0
0.0 0.0
0.0 0.0
0.0 0.0
0.0 0.0
0.0 0.0
0.0 0.0
0.0 0.0
0.0 0.0
0.0 0.0
0.0 0.0
0.0 0.0
0.0 0.0
0.0 0.0
-0.12694797821324318814308927887405360948866203405673 -0.085622771665922703254460205077037263780835612345647
0.31124424121136511530412375021567271549154189394011 0.21456133957979418267715805895743871844013185883535
-0.40513954472043974280134320668493123016151359082051 -0.29421177727755111005530147581061460481990954060162
0.46292235520313232953474306112668721139075668996563 0.36560690841760261580823322100149429192227193812925
-0.49121593146331208868216453798706062682148830553242 -0.43717725770648290530606634594384918498288570022978
0.49073897211003592264506347330801728182802964771307 0.51350232190735294713999574686172334664538358947165
-0.45968254064737611070310703409454159802354978458783 -0.59803077596237028074486364164816835260396106754016
0.39426451203286269439939459674202828687440384450902 0.69396165617614394860890160351765124788712646026497
-0.28838618521992296327165350747556226337693384762813 -0.80471505136420479564970584681278557323311575449125
0.13263226273232468733129923053892675753460729887292 0.93432090994284551905896646711922498735629163766208
0.087593783051088578102308628173732936217187370421992 -1.0878627661010814651860675476893206677472527411689
-0.39539322012026793647559908436513161113209136137043 1.2720878691481048212117831257723494255543245226397
0.82842400041799515177100711107837813391593394446133 -1.4963364960776708625487806954268637719596287476692
-1.4504150021275755537308092379048944192638908270404 1.7740569007539490990899341932968052092065696017390
2.3743707209082974168884953456092760141914656969968 -2.1254259595187779643408382390154934574680157220748
-3.8127928012008300104299327077944279953043603097093 2.5821786726322418219524845349514016348730827764603
6.1964905789874265883598871666132782082743551931528 -3.1972030922168633542202156886543646591425490310694
-10.489705554595419534810240138180402073676421421102 4.0655064456739837033721729958313858883867564854164
19.164785192239672690427016843931191135662972729396 -5.3762474839609027260557645224841225916839717662475
-39.962324208233293477957694690699461483666897925954 7.5676201813143908354856676064612504534503841688971
106.58763894296233260649154914557995205471479564010 -11.941623978052196854845932307325214604739528887139
-513.94809993611971735378731020279061324494348750212 24.939365152724177259945664848694613756768673599972
1053.0443561314495929692175850213668230704660337993 0.0
-770.24348826510295136839587149869822849623615126519 -24.601783652824150108636476646104331707191497215933
152.10354567209017133731480980166232411677619041722 6.9668625560494367315469421274793176304371940864146
0.0 0.0
0.0 0.0
0.0 0.0
0.0 0.0
0.0 0.0
0.0 0.0
0.0 0.0
0.0 0.0
0.0 0.0
0.0 0.0
0.0 0.0
0.0 0.0
0.0 0.0
0.0 0.0
0.0 0.0
0.0 0.0
0.0 0.0
0.0 0.0
0.0 0.0
0.0 0.0
0.0 0.0
0.0 0.0
0.0 0.0
0.17198681512725249973609722341972154366607153408129 0.11385793417077034643303142684929941823573273442077
-0.42186832791034395267379022776424148694882769432495 -0.28527854777148100062469853728892507384466333939698
0.54979035348733344498149264362287480899491496422147 0.39106131836301041804636089856765959053821593380301
-0.62952691760523087441030628676810431733624339013684 -0.48572396274815107330947635479707021712318165332201
0.67029580350931745960049411784650483275391809080354 0.58042254945875315132188902063662689777297394653652
-0.67338097048518044385392555460616913356243181089088 -0.68117396798908101904499116338975245491769472869836
0.63675968123279124932636644938884724118508378725322 0.79246199593485100749632347587386534639733463743803
-0.55593125389600840505123260662816994142875549291788 -0.91839319603330809064433169699197744842564534014154
0.42357946057546320006254428109730337196587694165558 1.0632982446892583297254543350590786951665694075755
-0.22843934184720220655299153769105827371729307929782 -1.2322090920108911112693150907910711229408978400780
-0.046826406410170543045297568724148728129099593356030 1.4313819783808654902754751364616493555643082305720
0.42936452340318735200148543648541813606602380367836 -1.6689918717083653855378100709297334623941970734854
-0.96279824793083515406381191443368323165135212018652 1.9561560828617824556482885531158041718505753756767
1.7195754223313728913615300143023716551972750604962 -2.3085455628120148315570725844391645216425763238899
-2.8250131845554298878799176983817829097059937650454 2.7490604091122614985959658592924987405070779020789
4.5070767968326794230673112340577979072991588323732 -3.3125171551144816826726164806511697524388547240136
-7.2074089416616678014330150925463059033604557885917 4.0543748956288796459968144936469605978786792362876
11.852945522234581708547415333505109319674217593252 -5.0682211021756034036702066162374371919892574420117
-20.603731233371548735364926702893851335511865796937 6.5242484262371851637769020306252682193463855345030
39.264299286778042365012034530137479013741271314517 -8.7652060956117802511262897016100776087284998078563
-87.029177604407301572375455512152018519226759096044 12.592489593913066724861323537695885118140516955643
252.97662523698519753204448923909873944213145893881 -20.398492548870318701318900793492925983859686598079
-1376.8205173801541187689305603137959783219609728744 43.976016692656273950468900265489571802483325661760
3443.7937580783853372416639785941063269813325024367 0.0
-2258.8859304108675208746678020572863032114221718194 -31.255962666247178582305470288652677224925927308799
0.0 0.0
0.0 0.0
0.0 0.0
0.0 0.0
0.0 0.0
0.0 0.0
0.0 0.0
0.0 0.0
0.0 0.0
0.0 0.0
0.0 0.0
0.0 0.0
0.0 0.0
0.0 0.0
0.0 0.0
0.0 0.0
0.0 0.0
0.0 0.0
0.0 0.0
0.0 0.0
0.0 0.0
0.0 0.0
0.0 0.0
-0.25278762869645413098274539462648525910199123802226 -0.16607278165054722641099853759968745897298662540361
0.62018402265937515046430313602283658742180133143987 0.41608360682322290241779629964291964987416449307227
-0.80862741611872840944551879383412728427822412767405 -0.57029634191259834237806212263672015318115517456593
0.92668414139016039080176979865786637297202573400314 0.70820218651520648766344480876747802601333109079342
-0.98804629257229999726997477266551927309928558287541 -0.84604025624098420788497913465239237113116143076673
0.99478247059054251072304977198195419965743536934825 0.99254281042121231470188073210756711601058566602278
-0.94416871468199086552080912177257801592142691957746 -1.1541884353195400275329835665676947562684312762163
0.82995077038166549313649951758951143811148328428581 1.3368787185511069943896872166540303847092513187357
-0.64191988955334897523101651081854613583741668642398 -1.5468010469839610518943557970797188396325647553641
0.36437117511559183870440780776293896998243810611742 1.7911016236813429400594703255500227432642736899668
0.026795050659573803926940325650771592400996634147386 -2.0786101361383872576983285566785101616230321185759
-0.56914801720742677974049586420792615223912576249783 2.4207869096915446561513200446536722837189435463911
1.3227023628049563795142691349360946605573929633744 -2.8330984967476991670666848392061153124322488417567
-2.3863541810677934945233813730367348691524492408918 3.3371490278251566740214310157469238901050764915009
3.9294234208612306518319946593526620800289867218695 -3.9641541914913306094269936395609629547202903351370
-6.2557402983424681964151050519752222746533921357587 4.7608887767768396830138668854843007255867162176520
9.9430872234266457967181825692160632835356954810356 -5.8004341382098816899226611776795766165099219602214
-16.172986986385844070594463239716035943490050060886 7.2028722614315059845612368478148617251816863544835
27.596102980479905227485024219540319752367519508652 -9.1783591606190650878982020922275646413047705878030
-50.928430573685225949873409922047157079960587823939 12.126135538018821459834267617936720284092488953970
106.27917355813611074311882475462180899966507544665 -16.894307334862147707604035254510234309263902101893
-270.60504905970215202859535512745428663522227384329 25.602068249143528942161571344862663478475860382284
985.33109232666773612828344357068325410798181433676 -45.131533667472981806531378878387224561205923660801
-8186.3037675704539961428682951863736323971154969112 113.27300838391628321443697246267387593205286476231
18009.631218071244914197366461021503196584645218228 0.0
-11734.588941363211362519030306687414127825273062378 -113.65866336344777860279485305762584386943416742614
1403.7796639566911441542273999989347995800519055216 45.647134990970511103633057965712233144759241478873
-382.40188251207826996465126477214328589484739751032 -26.218052098796613771801612606849077180263747376857
148.96650056050044865705792260461916356620490140981 17.592891078899752541187786127137139338702632646185
-70.992649339647435255268543767292336003799422674196 -12.894293410115812162662098378095017820851744417041
38.493459207730892088349284433242538466662124348439 10.005437707238126653411846304283807826014056926269
-22.817273083621406149207207591439654894853692166896 -8.0795162582654676689184985581802847406079353617315
14.429107347757884298770876509704392766874521754991 6.7180181582535532057162245553435083533007714628992
-9.5801026934680858188650247832740338933183657831938 -5.7111822289011135301000692437733420831184767274983
6.6054555102666415336233027224468099156676389402625 4.9391078853942063189321605120457575782178954263317
-4.6935277277225161044374130875537599254223696498155 -4.3287504076472043458105401793221673482021854362201
3.4181548358174005338616737674633691073838879611573 3.8332674495153908054779511368279642281129036416655
-2.5415717037703968588178863941915695871955606449625 -3.4212951257949106425259375281428945860420305665949
1.9242017250194610910073529369434390754648053142850 3.0710117136836514372022863674833836811509899139739
-1.4804599749077158145848388680163017006997608280050 -2.7666636838735292065384051397592238995261938602476
1.1558307427220087001901480388956177096344615631859 2.4964212400737054998148888242178540496608291654507
-0.91438203589469264288360186577925076247955670550403 -2.2509708542659964334805038077028489593311675042084
0.73165811428020461169373178575946999084486626568835 2.0225051365602780412995604756618732699398288929722
-0.59044910329736770262607743092483270168722166961916 -1.8038772129908471652951752910129139010600987668956
0.47812056587479362839700944369182405812717184100633 1.5876852930315308770015609993650609187378467552811
-0.38472000222490313570720022640763571098144305146930 -1.3648743740400179886540130774728392697372809191723
0.30116888374982807243523820335343810535477229642565 1.1216607245134849617347976229874955819412663082362
-0.21589152199155361916311222360811964410532899751725 -0.82931222608788183764966396079738473178188373275550
0.085534305964775544362731125139516215398286365353924 0.33291316046329791854165009619536310565809783587703
0.0 0.0
0.0 0.0
0.0 0.0
0.0 0.0
0.0 0.0
0.0 0.0
0.0 0.0
0.0 0.0
0.0 0.0
0.0 0.0
0.0 0.0
0.0 0.0
0.0 0.0
0.0 0.0
0.0 0.0
0.0 0.0
0.0 0.0
0.0 0.0
0.0 0.0
0.0 0.0
0.0 0.0
0.0 0.0
0.0 0.0
-4661.7718613825486890430936999513639957683649474993 45.152903209281013996552513680847113993762064857719
7086.7638880728370811545280211357258684391277152135 0.0
-2814.9244677771840532217257425267171771997495879668 -64.254750030478808861376516933830585513470075184275
512.79801072205595426098878895881374740350487811714 30.177479114357936162609511442971539491457970933177
-174.87346726720286303239228772676399657116861529497 -18.944061619717477738426435582829301531323582180812
78.401709880278206685926370781235869729976871904842 13.465078244599429442873253909966388079506060736780
-41.125995385291961229966613729332623213227860336212 -10.275007263928862406562694616976381666373117914336
23.897534711407164940993439244218849668860309999552 8.2134780666354253241694906484327345612336093599835
-14.920103651741010446340477444261176376350292100176 -6.7843832277236960561558614458096370166567951441027
9.8210207640904506482364578830823743970410334007811 5.7414113150110810984245951775458476325570313557034
-6.7310420065226559347793711921687254139429066117680 -4.9490818224619350991331756391370039299479110679348
4.7624261135177221022431864956057923538894156124338 4.3270394944048230735084523950482384962260577063181
-3.4577606181144752399004740536118661155396259936894 -3.8247481260057031867083933435155006099528709681713
2.5654162894201938224483893589125166500581241106635 3.4088650438308369215616512214804597906125596972203
-1.9392699953088071571463958049507868845627229966916 -3.0564578661770519484697628085414977083661370424568
1.4904853910519803757234122023388391687996789398776 2.7511263104783385394155851651294723620349620006229
-1.1628641393407672551167127374473453087360219740923 -2.4806536331020414080159281379338191366444564664118
0.91957383878831800754149445741229198113250350207124 2.2354913685804079318803794290629988714141256533942
-0.73566340847928206903722005533810181965655623160806 -2.0076904519880863719032782152984841279778166236637
0.59364363981670589203611206809852298426737582740544 1.7900234581737603629872064092259763923509273351888
-0.48071798901659835327241370367626794548945019442281 -1.5750531398413189477283758657634500210594226920389
0.38683486263893747476741341614293317568700987101469 1.3537310168197150602071912957702940156870562996771
-0.30284645861728910648282117440419880014356892617992 -1.1123379564708206677446638540508482358066447300599
0.21710650165554045633063293827757521669959669378781 0.82234355529344664145870707018359409807859763219439
-0.086017978966757032522712217358439996209773283761018 -0.33010294913442868912712516705893550267655004588404
0.0 0.0
0.0 0.0
0.0 0.0
0.0 0.0
0.0 0.0
0.0 0.0
0.0 0.0
0.0 0.0
0.0 0.0
0.0 0.0
0.0 0.0
0.0 0.0
0.0 0.0
0.0 0.0
0.0 0.0
0.0 0.0
0.0 0.0
0.0 0.0
0.0 0.0
0.0 0.0
0.0 0.0
0.0 0.0
0.0 0.0
313.10288731437152201753922913267145224650879558626 -10.181262865012328677681481722103297372613098074601
-1580.4171608259577768811630932050538562645045571974 36.075323077119631011310378391088126984719000283188
2146.0738283913060798160812970006232499231767888980 0.0
-1037.1102615254590263850395091191614548811169331816 -37.324845205393288983233169365458217933472675387791
212.90887946951301324935866818184455481186726465229 18.174606008724599440539504957650202102608129620559
-79.179277304923598299926067336919942391967047425861 -11.761503114540384482800738486873754967500973825978
37.869621701028295701200797603952764210588351336532 8.5666128772702048448067984597878856753914732045565
-20.873324883383316411316441782721478159027984009154 -6.6664009699014141100529268690501425631835066531115
12.609122041853432394721011496415963293976698427084 5.4137109221554696165960282420704375377376173418111
-8.1206320169609711156318757400298360557130942286403 -4.5292375415724195898003102801717697778773072104873
5.4827187850213575781528808301740019101168142132281 3.8726820275141380547544350690174366526885121159790
-3.8383742064487731591693021664025669994642744481469 -3.3658936993249511136575368237212606593874304754489
2.7658882020817919295799692467417218786297569271302 2.9619101620078636899369278700575748169295182885436
-2.0410484149254006300957676711743363500711052784418 -2.6307926660838078078045327756426574500029482995112
1.5370043704724516380797808121412945219471301996386 2.3524960966391308743911322346699582521831004458990
-1.1782001769702642859197143338950584431213863011315 -2.1129954821113568964123702474624027622514365012467
0.91761862572374889715160795066375823687342267940342 1.9020370011964223045996627989220594600175744458755
-0.72485659671000875967758354323500071853427125784016 -1.7117405351614587479462136364252823563892169789756
0.57954736727903055809369633917298852518496438141029 1.5356506516536979514494768279864416251260117242867
-0.46754881558857193108240804374637542762548011966677 -1.3679900135711137171258747807774469742374859109895
0.37859597247137330674893766102806349835090275974538 1.2029027656031788771095678984489894618944429087006
-0.30468088677404747215135170879226612263240804088501 -1.0333568484171231343874220198481083916213343385520
0.23855701666954416389322755514135308632810836727323 0.84879141385431204928082796016774213102146586066818
-0.17103506114895285437062380377367016527872652352329 -0.62736763684272865804891833012481088517978507816964
0.067767605929782395502690633736818675080346478127495 0.25181304108871353745458748496686393430185898843850
0.0 0.0
0.0 0.0
0.0 0.0
0.0 0.0
0.0 0.0
0.0 0.0
0.0 0.0
0.0 0.0
0.0 0.0
0.0 0.0
0.0 0.0
0.0 0.0
0.0 0.0
0.0 0.0
0.0 0.0
0.0 0.0
0.0 0.0
0.0 0.0
0.0 0.0
0.0 0.0
0.0 0.0
0.0 0.0
0.0 0.0
-60.087015773797466215906320952374950403872768176617 4.1196567853425187309474615469338446815626614216744
202.82608616043643923792333364197805910404131197947 -11.936044701762867102294581631613287068007819675607
-730.62986304826855317327360435558700971697285141555 26.294838217686346637739221894512085036766087409654
1045.1254310368506152712067328010902492625215355216 0.0
-543.98775078976887736640937488238724374056108698235 -26.805712201894384215147224180245743859842753085820
118.08114579830124501245232624838136137150573726453 13.246102054419313227851908580200351184837572853633
-45.942371379146821331324075752591318328573877154823 -8.6965972464655611138347023854598247193489168709838
22.791098992537641475882373284983975637287575343341 6.4159449192995066887887857283040007326268936131716
-12.942604373434488017960599337641744894202691482014 -5.0479684021840271112649220224048592848512081283707
8.0136748446777022953513920394204322235366630135825 4.1375079837843838566192698511047454094384342716980
-5.2694015155256412876009006586209637005028831234399 -3.4881626735736578489798567462539363273880223471789
3.6219701652902616499184746674130305965241112054312 3.0011056854633179385161753991824891949703827143387
-2.5762681971700861501515275012487755875154222296598 -2.6210999762971634781818788894386732626129109522065
1.8835835319832633156076411652074951727053475628760 2.3147856542709785600346189924148940579527585935529
-1.4091108583830479328669391635424534517855670794942 -2.0607465081762505535790440759146259251079437640899
1.0751917824252713814206515729565746827131468569503 1.8444998128596075239060248703475776925385951756706
-0.83477051369420353498016233769254138641587156352913 -1.6557589459508744081500957254950174567683405202610
0.65807168364904054707631997704441742183318130045334 1.4868215318232482806857927035174868216368239232066
-0.52550432032482107969008070976291207919225310757162 -1.3315322310806720725091589736508490290406964511976
0.42366922734875705725409599844203424620356104102756 1.1845155782650766360079373749020549881559218659104
-0.34296579959088855811105126631037593695329463474585 -1.0404508886136558835985894532459036178303788771845
0.27598818621662573966364318942853502279509017333536 0.89308067483406820798404088236465873575440053068217
-0.21609922042742224301704227535639759709333529795683 -0.73315131308413662978646456177388233584003377684568
0.15494302841578194624379887147987798620204537833137 0.54170284781562781334426168797044054411039506638879
-0.061393681977575256237487207438578546717684464863817 -0.21739664080884694019599172452046717879300180443727
0.0 0.0
0.0 0.0
0.0 0.0
0.0 0.0
0.0 0.0
0.0 0.0
0.0 0.0
0.0 0.0
0.0 0.0
0.0 0.0
0.0 0.0
0.0 0.0
0.0 0.0
0.0 0.0
0.0 0.0
0.0 0.0
0.0 0.0
0.0 0.0
0.0 0.0
0.0 0.0
0.0 0.0
0.0 0.0
0.0 0.0
18.333387420882666308618425565375859627512779673119 -2.1651665763059665459650550836841498096776593411616
-54.174496824458276126558738532421609106513893525457 5.8687290993755226856879042149083014993836138963627
117.47886682651295483777771011140130518964107489472 -10.028384557014375677939947750339725061877062726477
-426.07161982622482470714303816046461794903572725092 20.995239694047068397238550897613646862849742251190
629.59493291997476435240307982072289900329927822674 0.0
-340.85327153385201097656154001548860262363078178462 -21.369354712403539250745472585244878707682397541203
76.406264139411413357671829575313887942969462043204 10.640774034246347903886895352717274315131640448312
-30.557555234431346225231576956750523149600108630522 -7.0423187705907485447204774239249029316131474113049
15.517956940594480426535010259721913123916743737275 5.2344782259354699691035103285455718776503540484134
-8.9904471981138099533003845837750864376460533595218 -4.1457026236901735322409415173153112772749484231202
5.6640970898231603048546570084487117947653014823706 3.4171506680962888915870149940436511732846890672383
-3.7822255753982500675862652593555524140584921731473 -2.8942027149402060392690820725892019180535924945003
2.6365175796331430809566752503618766928165301648758 2.4990837170637764296824439378549251849396238273552
-1.9002542542577623893693633516619019342908313998683 -2.1882811889589809159735198874924228817435955316172
1.4071647576794667469997762525961014184217188182177 1.9354441399047367489655426126129792793238685005552
-1.0659786464967682574945004887953074580397211811877 -1.7235635053693067492075156766548693757861330586061
0.82345817760157065182543842495507978116159561348218 1.5410213147923724032933533753675963371369346582052
-0.64693640852586163844774723385588983330136554235289 -1.3794157995821461020513024131624734943402367523873
0.51545795389301218054280912392721424990751701608365 1.2322507253251535880794096245598175083502416418876
-0.41499282022249351519622373267111992209818803760430 -1.0940359290026159025393382081207682829533193141246
0.33567118599118828479160160614201920189960785769946 0.95951000703287082350236823195273141030748255180518
-0.27000209426272477666243104584224943492884462566855 -0.82266254147312281750064121087373551106078988046262
0.21136891760971903171775966129158287064512593118129 0.67479867434797154644756968602355848148526870148479
-0.15153879159222351163603935930706983961903192839052 -0.49833873307843468925411885133350261734318215262944
0.060043323955155813683575151414963515192888594436558 0.19995184624098961255830562350693053509578351077195
0.0 0.0
0.0 0.0
0.0 0.0
0.0 0.0
0.0 0.0
0.0 0.0
0.0 0.0
0.0 0.0
0.0 0.0
0.0 0.0
0.0 0.0
0.0 0.0
0.0 0.0
0.0 0.0
0.0 0.0
0.0 0.0
0.0 0.0
0.0 0.0
0.0 0.0
0.0 0.0
0.0 0.0
0.0 0.0
0.0 0.0
-7.2920836194752412266650519614136605527348977677168 1.3244507232117338137443050810213565419873152661909
20.271255882217097363545298753003530003217438099625 -3.4814807864159949438951827837587630917302053122178
-36.463778024348674967344153321018081093139672180732 5.4164278002903400277645486088556723273076890797966
77.189495314515400005346340031353603857103073281343 -8.6589601206249630087340078469162325468212992159036
-284.47992370559303109314608668166185830727261727481 17.835100631030791595847229675486865988791725688419
429.61379775061341730961521978421530172539535135395 0.0
-238.39201553456575118771890608149656422952542804244 -18.167323225769391900791651564945718504687865283229
54.575969016667437188559172481308968995751596076862 9.0871353257271312067762090903643646354049938503236
-22.238415472118806872529198816224345780670900061339 -6.0431920502595492379769697948479029246072048124983
11.481321197178620045100515150801232441729003950464 4.5124162425961320371205148685563679450395812206480
-6.7506694540650787414621916983595976244411586698761 -3.5882873081446921825025141186603239436573965204139
4.3106258037426676638884171646541405137499769228949 2.9676600929471031643690432400039729791974450664787
-2.9149522085164217348355608491992746834490107951992 -2.5200613020149317507030354543344245732006570274368
2.0567886454001757459517517218975370552679598395071 2.1798911248415645906983027655113739811132297751121
-1.5002879760898854968421387726075318176225493663400 -1.9104211141271863522264298659974283570729762499430
1.1243622833665632232980041131704570971878066179307 1.6893456559845824913069657318628700131595803289531
-0.86194500539614988331781947367163683506179074336838 -1.5021722904236852773869738184560731427110669386446
0.67354714739376520691735650137231210097281271309132 1.3388686327981164178901017822073920131447447472224
-0.53467690005140648416141311523550972962159689728079 -1.1919889084202699015680460060482752731687248553728
0.42939315878501410484497517483430337739477119956415 1.0554914310107289577908021166226125965838759902157
-0.34675173204544361493299809184821527600340866173768 -0.92381776317192293019491419800795875207144371306305
0.27862636020676776592266001464549154207299908563712 0.79085378871962342018929268283839225207049932412600
-0.21798430846798584367948555724541107356741310409475 -0.64801141649441769340345721821519811257905414770005
0.15622844141860280317149536112778577477524524870861 0.47823881193933362513065001690290782085203342421017
-0.061893315125173376208590787680310115657806746276170 -0.19183371539582711103302796544653215083636067528357
0.0 0.0
0.0 0.0
0.0 0.0
0.0 0.0
0.0 0.0
0.0 0.0
0.0 0.0
0.0 0.0
0.0 0.0
0.0 0.0
0.0 0.0
0.0 0.0
0.0 0.0
0.0 0.0
0.0 0.0
0.0 0.0
0.0 0.0
0.0 0.0
0.0 0.0
0.0 0.0
0.0 0.0
0.0 0.0
0.0 0.0
3.4472486760353625188734952894442140280734064231581 -0.89602837986833426728231156507289907613733210815936
-9.2708373158985028513272585844894340881908216876581 2.3162459624655628358404986010954492142104656185272
15.205073145708301076103980597981642878699443566058 -3.4395900872261208253202579795150932773265070510436
-26.184149219168488509523203209674501947987282459187 4.9564920826838874108983633002210592903577723945518
55.598175229960270826946426146205270307947009995099 -7.7429203744209800610179536306305590501121501016626
-207.84478007568789361747778480823386368550496470105 15.839386616857877613001663618554783199140851777713
318.87190464421546487409498303604701603804871583643 0.0
-180.00824867250147426314011522269130475791872313489 -16.153601650343521885395768893157950246678061818850
41.838338379552992949866006693447199615306466712430 8.1024972382994474861226910643918584009588027155023
-17.285707291298986776095978704809840075526064014906 -5.4044710179233601192762552133452169677988055289020
9.0386164543219577301437851110962845708254064521555 4.0467249657590008992160091566647007197215552631834
-5.3781243144717504427388670469349042349953578108816 -3.2255814581060955854485655060355325314574256382862
3.4736748195942732724257166928571368954878428268460 2.6725106244679105876552957144094874726322907475194
-2.3755676435556249783218447644249153353344125223559 -2.2720112327035171071020780044247978584212022978368
1.6952427970322198858189517575827862418431181789523 1.9660103598207696666216278114810944388867457761268
-1.2507820649187756851944001389765609934661576128121 -1.7219474259108152179766327584964045977524020234434
0.94818187383562483690207948504701330653386905233238 1.5199639746774277980533324801340015465426754552280
-0.73501160576474293159856025826205351834297891108928 -1.3470307568478505481689089807364245210445782663448
0.58014115263596829441459738787721612830554481703394 1.1939411532954185759045457882256906867702333134672
-0.46402957640763464277565294926595146677305330834668 -1.0535776049552075523045527745133134173020649149725
0.37367385415666375515394344345740590355580083244916 0.91970617398184687319661332729876136280916255832631
-0.29968973951277190317686938343433912919414340676755 -0.78578521687432822667491864337632538566187966344453
0.23417548969174263735598352332258922740757146695475 0.64296950753823298392557649020758680464652306498026
-0.16771289100930200846586652976123555031287547470162 -0.47411335802696972345015512799805012893784688433960
0.066424004625382780857087951156877922179166420492175 0.19011109505603588472346265376968277272034705346487
0.0 0.0
0.0 0.0
0.0 0.0
0.0 0.0
0.0 0.0
0.0 0.0
0.0 0.0
0.0 0.0
0.0 0.0
0.0 0.0
0.0 0.0
0.0 0.0
0.0 0.0
0.0 0.0
0.0 0.0
0.0 0.0
0.0 0.0
0.0 0.0
0.0 0.0
0.0 0.0
0.0 0.0
0.0 0.0
0.0 0.0
-1.8409936181605893714358367766434063556782990975947 0.65188937410616702746206765630729586069775026090767
4.8535388336861139531979530377036918042380782250502 -1.6681400503214012143034498405429981548487276164541
-7.5507840488891971947875998981543126289164953154794 2.4115254463893591837544906843452458002043752070828
11.702891984698774036904488475922669871831080799465 -3.2944927488983179574877673503711061613726094911845
-20.033325520229683636174308297382880796118228249704 4.6168963212574747457533959422121041994841340096105
42.869828082577275047953334661573740201457447049294 -7.1380121360385666084989704563590373494337458762949
-162.17924586102906129879700092784560301717453475750 14.553660473406911395043994984991723516949390140275
251.86922885930592607701089975238214974703415033864 0.0
-144.03820201159877568563116909331894258559697042865 -14.857586158810069639902807888130546162740638511219
33.873820264244248069856975474434288632327599130531 7.4653020452467879632949168080929969844567599002445
-14.151480099748210083013751138893855783874250568812 -4.9883290606419929689057923034528784630773341435760
7.4790051232817014518107659581519783439639878080562 3.7409737850602738443645807022537872934939623377284
-4.4968564657049393838230667677549802820781391015719 -2.9853568032563060107593958561557712696136721479120
2.9350471885620645060432890621691669564854233019222 2.4750386758223928469106933639756389093453779768590
-2.0287359763859803355027491837307471990355077716697 -2.1040359830449276690415264221440998704587746005816
1.4636130440170549405665277011938169811605705672294 1.8190235896288937314938039939900321557180567380973
-1.0918312667475242372540310599328836408636452945755 -1.5900221672878920029055946182062401294195809977566
0.83659328763964495777346556008691924602145587917345 1.3986198426768864802843982525593753874327017826709
-0.65478730597679716255175612765188596776727471432256 -1.2325439612329544647652630340540475004128336653424
0.52056365633167800204769384771711744955613760416696 1.0828260303490715790784462472967623592863184797977
-0.41738300476894686118510713004941565830219658927170 -0.94205011052006277401152116525892571566974938214340
0.33372987837648126501049565310377119000609188264209 0.80286491594413443105437479599841882315679147840065
-0.26024689174895437557204294904022801783421891318154 -0.65579755153744676303216958658644819962567505258645
0.18616052803318660901219974518131419881506768078762 0.48305225410416891964827161135555523250271062172383
-0.073693995272026892254850760679744598421689988736961 -0.19360839534796852681748078505980876704580105550633
0.0 0.0
0.0 0.0
0.0 0.0
0.0 0.0
0.0 0.0
0.0 0.0
0.0 0.0
0.0 0.0
0.0 0.0
0.0 0.0
0.0 0.0
0.0 0.0
0.0 0.0
0.0 0.0
0.0 0.0
0.0 0.0
0.0 0.0
0.0 0.0
0.0 0.0
0.0 0.0
0.0 0.0
0.0 0.0
0.0 0.0
1.0768837219253183314436104701314896376708246172349 -0.50138405819997726052557000131809053580027660695384
-2.8029674402906282700646532500795552894970931823486 1.2745491407859191081630128216272023869990131197806
4.2191607291388187401270397358316836578376174566636 -1.8114914302400376377794090013836294698723387621434
-6.1473849576650413623018479071702085520104899941838 2.3976476547524901165604071995132469302024115752765
9.4104369638807761018535521057818520301592435597734 -3.1743049405629522917136556720797828127503855292899
-16.158272616728275755726278501329040828339760229436 4.3909398466704393700187091828839791161312994003627
34.867282708568236889519422700702013989397816519037 -6.7524684964842673924233154529860556707369874443836
-133.23505224383960719031361480781580770431707384112 13.743237838577040322071127661719816049022323101240
208.99556216172874293806666460354463222579133579667 0.0
-120.77232339656420987091830697310100008736957578743 -14.039733425308084008073874109930066584874218793262
28.681996226464303098920585988024995459090696727779 7.0612974919499613888595748822055567682972065418853
-12.098133000476492414448872514312148176636724359828 -4.7227447488016725953168081694951613972457945964011
6.4554671637740405255148041400062885779765660915563 3.5441494183745439081979484420070017199956062163305
-3.9195591756699811961278920471265590946061244773076 -2.8289611896695645281102260068969142753384242724368
2.5841647963283318227227116520478327786229374718149 2.3445718218447636694976782681791178857270069696801
-1.8048684922319364488413853750511265284584734119045 -1.9909114830485013948308476540110254607632710349989
1.3159153430469500243549560890944278607281148449310 1.7175469839676587036331125750193948438332508948364
-0.99180323160183980882682626661611184767604185803523 -1.4959894008889580646555447830876657831224079072929
0.76701471971093157056541385302673720591104452566807 1.3085358221783628707613204359025278802284331262795
-0.60447904447701071994675942987555134960942850964756 -1.1430661621734814506148092985749870619024420543731
0.48160778238624613526401883109281539637454293474331 0.99019915031424535618810855619375650743765383139549
-0.38335817503773707595901187780302778460407567089185 -0.84124028606331507994749999750133748141199076041643
0.29804296842286186328940363926839756700996907171160 0.68563624355451801948035470529443138538178831916586
-0.21280891915091090370898130513479449877726741339438 -0.50435085134077776873324450121463889794369584244564
0.084179909213452597062732393467180321400092020852934 0.20203138752184718849588606272841725371548442146660
0.0 0.0
0.0 0.0
0.0 0.0
0.0 0.0
0.0 0.0
0.0 0.0
0.0 0.0
0.0 0.0
0.0 0.0
0.0 0.0
0.0 0.0
0.0 0.0
0.0 0.0
0.0 0.0
0.0 0.0
0.0 0.0
0.0 0.0
0.0 0.0
0.0 0.0
0.0 0.0
0.0 0.0
0.0 0.0
0.0 0.0
-0.67623448246248682136472585492216559962479175222289 0.40313746964770594865004098563753618819294894181959
1.7450209372781370781535716872294255173825080798833 -1.0201468049892481961952692671558077797109035168999
-2.5699747308180537637265194552648431143631286084838 1.4333891755471655684586699369359826220342691156340
3.5999647743033820651315529126562524007071968041459 -1.8586832238289848093345480549038968679812532643244
-5.1564919291438910757319666935073746442492981784421 2.3777773951193410803568138240598280451939968086587
7.8900682208494297293521386686164920370726838376160 -3.1009734318469860829231057453976038597931732471087
-13.624752746690230703082495943123943068256716693750 4.2598535370851784463120416247111667314934214087297
29.634853454041604219535536379782583857355236059443 -6.5310948211699001331608969709307153270827736401344
-114.22606644004070119011890239574292283879023473630 13.278733719263070478232252905709450384300599584317
180.72392089610579450322860429998815675092934717089 0.0
-105.36816110343384395510984358141173925536224921098 -13.568913569221944024248290614226842916875268742329
25.242723000223409144336933022390980511998139552427 6.8273792474658508287097747376030212505382875177041
-10.742127889775959334379869455198190102969863201479 -4.5675305381459202735310481726066321877511754031826
5.7845687987117752954381999870723714150906100874432 3.4274691937528669789057471463675805299267157513657
-3.5458603612922756241798932087681648653048360353042 -2.7343070567258425487164886036135034855336990653408
2.3610854648957804204894949012260454872023495086039 2.2633014629903965419035160029110027740021667544460
-1.6658393423809668259534068924328564002378299563927 -1.9176743686143629029860778329840341688628575999466
1.2266447950917693660762012652980661134911102817676 1.6485011246603725759242371596778680152140343599354
-0.93281314867264699331804464169170513386313337407791 -1.4279153093616382485744724130525175236716055961075
0.72619960395978788513099389898213014313159203378307 1.2382441369290087871765295862558580182692934621299
-0.57346885333648878201358393098153417934966109040449 -1.0668016454416060311752480506908524236548416580407
0.45360070568170966226872298931797019628331609731990 0.90271379252532823585575749034366357792612782459592
-0.35114315865566928931844755974720987673608647530886 -0.73371417772758632777666768189770003455505296791884
0.25007540058958022036748562003248994156193721501179 0.53880817242742984890373149385043569301851084327953
-0.098815595958351953541067766948962484691485778582777 -0.21568299629006856226427823041798589209256806375609
0.0 0.0
0.0 0.0
0.0 0.0
0.0 0.0
0.0 0.0
0.0 0.0
0.0 0.0
0.0 0.0
0.0 0.0
0.0 0.0
0.0 0.0
0.0 0.0
0.0 0.0
0.0 0.0
0.0 0.0
0.0 0.0
0.0 0.0
0.0 0.0
0.0 0.0
0.0 0.0
0.0 0.0
0.0 0.0
0.0 0.0
0.44971058267540974383809732143866991640275212945954 -0.33626281814858181994571565084056654207364256876747
-1.1535316143642347427652702961091266760289698289168 0.84814837565313438201212228807321423991702206025526
1.6735480299624525627107309595938244546184395527104 -1.1820995443945672784873752687422761365235021620614
-2.2831319632559019500642318156207938408133236017275 1.5113548796020625077010418492391734495357556727366
3.1333356828053907557106461473153148804644991296398 -1.8903419118832000886769621204906718326829232138006
-4.4744424096394565401837156884769935838454805769654 2.3783692889696083639459575347663487412618619837123
6.8714219970429123826824667112401807239572152468626 -3.0764393075228769712305157249589846431101116419678
-11.941081375129562287698295462618532147270281805892 4.2091740806751001756434247673176956406631094848594
26.164374835972747675979152886688974437376115974878 -6.4414775369513448169211471515617443583875569280960
-101.62781505373712194302102381407008189514510781682 13.087245940824265025322889500896542881717494304792
162.04231461454064736557810841973521389152372833706 0.0
-95.236613994333337054047124825409742854708468696567 -13.371520078640928925119714264002174664881661277543
23.003442070162733901416574615505831296209813981992 6.7278870202883801472148491270295629848591479449058
-9.8735624387288515101234366224188419523292931553713 -4.4997567238772813108337328550598216398454434366563
5.3651582438142428871581478061168218560325626616963 3.3742845228054006654597082350500697882404529123363
-3.3201193636180765769763681322102249554507741680881 -2.6883577057615502738140812091377960378376473832992
2.2324314255626597035679984963099922290408005760519 2.2203908591097311263420857330104561090854655387590
-1.5902605646956999214140682557168537968879184495622 -1.8747909811761836970582860406527083781163567121715
1.1812223414876985751086708776973447012338643203303 1.6029677220709247486628600021325178333545007703743
-0.90413983978921850746013377333970848848820146113417 -1.3768350561871995316869148735071755441534683886181
0.70530964919199645192980252264279688439274266193932 1.1779065228621677217324067521079684610274825312896
-0.55306145148766585160718724531517890438330110135777 -0.99169440852789697861719081335729179152235795125210
0.42562690168524909887862826392124419557930724743658 0.80324057923901711110240477711699603018067560340081
-0.30204747965392927277653691229509882869772664653880 -0.58861987668683689355966812660094018295484273406513
0.11917735286197513721057878117570736905109316921279 0.23541593513418623022052727575566784088817450026724
0.0 0.0
0.0 0.0
0.0 0.0
0.0 0.0
0.0 0.0
0.0 0.0
0.0 0.0
0.0 0.0
0.0 0.0
0.0 0.0
0.0 0.0
0.0 0.0
0.0 0.0
0.0 0.0
0.0 0.0
0.0 0.0
0.0 0.0
0.0 0.0
0.0 0.0
0.0 0.0
0.0 0.0
0.0 0.0
0.0 0.0
-0.31376627738165579986358437537386420179341437154659 0.28938060663824990495802406447408104373414403613115
0.80140489919056995589332846963739361821939540541998 -0.72813951695005291192716265911867635242953718538875
-1.1504455369057227554632979629563326188862964976516 1.0088326921282843009379601353114352161918981636408
1.5409591722279133590557087258894384573950442477231 -1.2768137565455150172255093011055331174750567075091
-2.0544718921059306100079044263866975599881709217581 1.5721056318210833454378595079016084828316067683317
2.8054914219741033845290337370288481020539469897194 -1.9314469205072739882017565091594280928111445043362
-4.0146902297500484061593983898457730428424746960217 2.4078488350065969244658758649169312450817924500580
6.1967241701668998373838317970384362371892723973979 -3.0995810661608227472040317493639992966160956369090
-10.836670890530911906036424763853426111912961155767 4.2303081426473902603432642958718329371387473418245
23.906496281837069728419738370047395030740999534762 -6.4659710678911057630336029228711886841661166580117
-93.514829798571496349512290037152529756676701068186 13.129776163363912061963357194102533472665474942413
150.20164364613343852214271084070288329520952518037 0.0
-88.951373706959135501171437543086011821105435576340 -13.408246941164817466066504676807901707153218564986
21.659720244046960889640418369659476395113033475208 6.7436487220157836722125008338492183764190075444231
-9.3772567581217837331420187576962855276687941605075 -4.5069142354634935614865921077728563191066395631291
5.1421830104234955692953198462757863855343403928568 3.3752599810802079916984741156018434700017032745000
-3.2123745336357398175649746496015708589211302472105 -2.6834503152123438125681532426978452072164410896968
2.1803626022062533496874228425946425082828346115943 2.2089790445000954123031861528111338399886062691275
-1.5665779554513628538644263937988729145369428426119 -1.8555395657576716747537474659811586407282487921241
1.1712763596515406473603401660472625094429174238316 1.5736927216506880266959143877867652135008175531243
-0.89854765486481209283560411517578265040115677635379 -1.3340648650298005390491580677054216207592131490513
0.69634033288694713038342484047902771222206672606637 1.1158809115759991186674019445565254535107645489985
-0.53165681642049647882398443314888313322569643314459 -0.89983998068225798989101959453452113748534993765408
0.37549698341583909530088723466772589929815391596367 0.65764841221822584562385649870927503666026406806481
-0.14786705258516519087072257524008169201920848308928 -0.26273311158571958176295718687276516811854554337313
0.0 0.0
0.0 0.0
0.0 0.0
0.0 0.0
0.0 0.0
0.0 0.0
0.0 0.0
0.0 0.0
0.0 0.0
0.0 0.0
0.0 0.0
0.0 0.0
0.0 0.0
0.0 0.0
0.0 0.0
0.0 0.0
0.0 0.0
0.0 0.0
0.0 0.0
0.0 0.0
0.0 0.0
0.0 0.0
0.0 0.0
0.22820507044639703672945261577683136495949943461244 -0.25591908803843055170102715970291382242312212676920
-0.58109260239932973724916427951337864650943117578054 0.64276654387791767645603389779862308494210176940673
0.82790413962023164684066784775465770798393214677757 -0.88657874257674943108308130489966093477921606096395
-1.0946216078047740472352406890593991297491591486204 1.1136700260566995559938141231736652309546331537170
1.4302439825720406718339446151157965464415959394342 -1.3556895944428250635907328473489424479142445824220
-1.8946401680705906047170474173782862947649817348356 1.6379717495360999309346912012625439145661079205125
2.5896259944625306198808910685081734112028366789652 -1.9923577603063445261349192002511658084833049227754
-3.7209517710432627644690569209040835478576597883188 2.4702520013680773069007403667073461559545064622359
5.7747327035596571751965168868848348642707607979256 -3.1704158712851601711775227554988856361690103312549
-10.160070669080804153506594547242662146751471017809 4.3200410130022284175137430085581372044977087030800
22.557763960019750551480727111783451716356449825042 -6.5975381810445834223202903108287175523532570377333
-88.834025045975465127852980632733522962454471377438 13.390558177527871104439360407966263121023448054155
143.71892050930296372609018104186076627120641757040 0.0
-85.757987788905129623607486943024195422886938945826 -13.663180318123940778737085178526645632576794083044
21.055345753062700950882929658558167639413364572289 6.8667726681993929647035584001879222615388506876749
-9.1966101930831079308487552471341251936589654668236 -4.5835962176557937728320458815695804132555477376918
5.0900874749846929524418735011404219765145481761156 3.4259445884579530705475574010132523612269481143323
-3.2095774571424826572371179270368676289119833885516 -2.7153159871531612804196883547895220746094563630267
2.1974030794721409876734904717564843086737784341955 2.2243742530602140456271429539930368192815243796148
-1.5895737200259449698084759082643991305416233659813 -1.8541268073980333994304621782469060118903868604473
1.1917043514973423890921764411371057799877016103233 1.5527863073849874374821018010329728532987959817566
-0.90889655011203767538829316986193413531634942260131 -1.2878342456395962391267956270112487594651791459395
0.68658774387659967355577216449478441809977132069457 1.0325940397943819521140569047950643949193890457009
-0.48184373520263084087844583280499088184606045669456 -0.75209454331949743457197901972210125003121454534492
0.18924973805463897187658399988276739829206536329475 0.30004189232371536077382093489393787452714433860251
0.0 0.0
0.0 0.0
0.0 0.0
0.0 0.0
0.0 0.0
0.0 0.0
0.0 0.0
0.0 0.0
0.0 0.0
0.0 0.0
0.0 0.0
0.0 0.0
0.0 0.0
0.0 0.0
0.0 0.0
0.0 0.0
0.0 0.0
0.0 0.0
0.0 0.0
0.0 0.0
0.0 0.0
0.0 0.0
0.0 0.0
-0.17228367195861466608084824681468837621181488036898 0.23191684352309995616602271612342058869365975925134
0.43774023397873522106459799915775841779478477431092 -0.58165896429452060180407968727525106876157538647019
-0.62030735909929306967338197794452240040306672772257 0.79954009865850260146111390392162980166404952036521
0.81257980363446667565821711826791707377599247608902 -0.99860082680957814443721401530428872320803697826819
-1.0466449104843114695455342683072092033344127980726 1.2052878524021961622096369520647035670879054902760
1.3573541105611840182819891654211938678265438175675 -1.4385941820015494868537274481701338861004943692839
-1.7981399138806390319217311487205443828504038232564 1.7197548945373507944541676852869398595668683066574
2.4658593316956828686444898997394371909492622091877 -2.0793864026678211672472602930800461913752277835628
-3.5599969885226615260597339141825268159572591724524 2.5694454055919835683247892287477922025723416795261
5.5550195991056789777200428993862410386721287829826 -3.2914568413238082478708466472137966107604191951693
-9.8307192598968199206647292329679430685765330835277 4.4802314630387495135576740113163531159011796882679
21.962800594729608410014294479329523008786002950762 -6.8380113174934826845387918767850628214291353437607
-87.072853453014174231855859282709408532894546539613 13.872668053622742932795447090552299242222383724361
141.92486096232049083970482050073956763712953273067 0.0
-85.353435123455754146796172202204388072515061636542 -14.139302174976239790444203031305020568144562817695
21.138560493150762958724955244971696116643471031582 7.0984493672220484210683762342136548978939979198176
-9.3183779521605748735635310616902043810223232062254 -4.7300045330061203443660799697872592658915183993065
5.2061511072703275183911476546706453688931895618079 3.5255250997826273687722341498275491453755186708998
-3.3121555908484396314659396072552601700292639924087 -2.7818183609454772576730057988214969507736311604740
2.2841767332567235828093042295841795021307853210102 2.2625186822813786151848406605761187588365072651678
-1.6581108379470118274230825035931183616758509505053 -1.8634847104662002769697696728622493699642310077365
1.2372361973613384049656627571969696206511228994708 1.5280512060769032747185085761283500530576296290776
-0.92125708514999540087395492170014292475478138814933 -1.2160449049103841409733594441715492185535058242821
0.64104613184091685512222633531220646050488930125466 0.88177842785247499232152612830631121284409754126824
-0.25090240704690259736012187577063772215092387465912 -0.35113783284655565217776498980745687316307117825325
0.0 0.0
0.0 0.0
0.0 0.0
0.0 0.0
0.0 0.0
0.0 0.0
0.0 0.0
0.0 0.0
0.0 0.0
0.0 0.0
0.0 0.0
0.0 0.0
0.0 0.0
0.0 0.0
0.0 0.0
0.0 0.0
0.0 0.0
0.0 0.0
0.0 0.0
0.0 0.0
0.0 0.0
0.0 0.0
0.0 0.0
0.13466420116437209538861880241448362723252138900845 -0.21492306851842972986551381741699148733395834613137
-0.34163055181603857192861049924310594279350469222336 0.53843940758659760021400812652370539438423799968021
0.48226809993456265520674081315146231316578552817822 -0.73814612659877511447123747540522019687518799317921
-0.62760458450169647754196777849677868739216418519643 0.91783690994431472939124262857484572130308301642037
0.80018869033416376098449676507581060173565535753057 -1.1005964319908593614039596633092476533849251506418
-1.0222048371949275102391938193285008857085677566369 1.3016445742834731513305798279988588191108555541985
1.3247922976558658711478079736492404610329263509364 -1.5363907673649243750087236095980116285441569655907
-1.7596996493184904944295868075782002969936297574002 1.8250139124132262880371679050433687540126936323625
2.4232176162484529437839609465437962375043375983906 -2.1985469925626630860287428312926392353871887600183
-3.5155723516957341064003866464420030828547640845703 2.7109511684686351311444387971177164566217712251641
5.5151046748612121197975116381338485643826524755122 -3.4685896483093956488169168301901563175763724170401
-9.8168123578353906730750151872877563767283971941572 4.7181742489968907450267077305049307914664235880809
22.071425270150870045334072209681704003324367854071 -7.1981463316142233365671040385453266031248416252758
-88.121282888100689601048665998395071462132071522336 14.597812554342243216778208535436301883574012587109
144.79104816561290755935647010565024170233934601267 0.0
-87.813281874395929835316130670598187238452441269807 -14.858209022580704343441103234566530581629542363160
21.951030058341016975331979731415905956519203010977 7.4487109441587458195550723536996559856731089174598
-9.7705079492728223306450769641497884126765836118773 -4.9515727455264072919277328442617740035687913709952
5.5103617272941101128064823913851969505676340406406 3.6761527587520870373213565111553594769922536268409
-3.5340104236152242331363526267163839039597535066956 -2.8817361328615063990968178104447845851276697286489
2.4484375096781844381558878702157777651933566941926 2.3177600038184836696128952441135435900474950091021
-1.7717633590743862322669706584210628695869553502233 -1.8710128883335075767639229633664531702379313221741
1.2934587821150628228634070522822972430702885067035 1.4739984999843402092791095357236826223165836442547
-0.88970699056065298791619132208479213388201260301047 -1.0625211956070182168499537405954101318129819960614
0.34659817321649395238207494430015037923779389169752 0.42209635461717722479364957352286467820708800696778
0.0 0.0
0.0 0.0
0.0 0.0
0.0 0.0
0.0 0.0
0.0 0.0
0.0 0.0
0.0 0.0
0.0 0.0
0.0 0.0
0.0 0.0
0.0 0.0
0.0 0.0
0.0 0.0
0.0 0.0
0.0 0.0
0.0 0.0
0.0 0.0
0.0 0.0
0.0 0.0
0.0 0.0
0.0 0.0
0.0 0.0
-0.10885186420124358030202434043492637640945761028295 0.20342089939060070274518869009538552067169442277684
0.27585686051343140977430228267138780517121042804192 -0.50917444172251343372391555538459835022241169686773
-0.38839189502648938162146278103655008586834018491765 0.69654574453552533697534975932432393975240399893857
0.50311182323826938896697912650680900734155915312379 -0.86309222129396391399645160658679789756920693821915
-0.63684479760815942362366787145955100291616377320639 1.0297039770440220472508981615711775154972884056256
0.80483566476944587982668118105473081269034765431925 -1.2092593767808352059405894837435835803431554106073
-1.0269165973056932232883667767573325704707430081200 1.4137525960371543495212461787346620384661736101331
1.3337576678730335867125039930723060891444765957263 -1.6576353091597593852803692605347651041777097009483
-1.7780968654788858922713266615813201818307315420190 1.9613802793336949771926028797589154977489415657739
2.4593693729379634433643981332957120744650558862572 -2.3575149576595127768775514165988893926350991928053
-3.5856059716326003855753535215772513385433525991349 2.9033267747213381166832706624336441304157919197664
5.6556151940641008124250631639635907577357826832692 -3.7122699822660733865917897527766952241409308758687
-10.128226882920914349004933475568368041373035481763 5.0479145530199717693228622841929433181206786242556
22.928352873584273051170971367309491006173253149523 -7.6994718727263205346196656482428563031162255214274
-92.256685921391575756003063390377415507470124851171 15.610043194961093842868942609428410506891529749875
152.95089620588856080063892151583688396938292017999 0.0
-93.632487552412327015403915128037971782479380124042 -15.863744954892824629526878422646762675321659253825
23.644899914797807285269783660580446277065577112061 7.9379384255048726398380688980057071013719969283321
-10.632270821499683643580212402110362439867542086484 -5.2594200771534753606106010074183221806897901892899
6.0516518751390876434526993141668124980069616696945 3.8823339548512045471534437143067725494754284509576
-3.9052231916130265581748219199381325596933311807953 -3.0125856404498626202878730486551608719553757471214
2.7028656461767829581620138492270110098920385903675 2.3777882369163200541046192127839311724195802786433
-1.9190498018204030604760673632574038353714788879777 -1.8470479071591742101401694870361508434007197113271
1.2991174563413021080490139749325813272705409046083 1.3207132009364326715921916181642735447546075211696
-0.50285052520983599679843043591041636093024932533717 -0.52296175453933267372897112374312553867793814055582
0.0 0.0
0.0 0.0
0.0 0.0
0.0 0.0
0.0 0.0
0.0 0.0
0.0 0.0
0.0 0.0
0.0 0.0
0.0 0.0
0.0 0.0
0.0 0.0
0.0 0.0
0.0 0.0
0.0 0.0
0.0 0.0
0.0 0.0
0.0 0.0
0.0 0.0
0.0 0.0
0.0 0.0
0.0 0.0
0.0 0.0
0.090988607302946155700329075420113560116410127882370 -0.19652176004668842586900426267322504352698496057436
-0.23042978720390092395762894383378514958672196930395 0.49155913357715114993842835170047974354293710816023
0.32386712825920335984206875449617357544045179628508 -0.67131076479008020489673098674223579465071516396624
-0.41821466977522922198025996263961547605455211721257 0.82952460520412229395037291681908139648007507788391
0.52672050121313364965900725778463071512435890069730 -0.98570582135902320003580780102226305504674253196570
-0.66059316683231367027008930062258387807267092257908 1.1512622548380100691864045509764635420286326831908
0.83348684930904973627742644364128592888292522131472 -1.3361044112690683357947554958830040843106838011412
-1.0652701559579145720334159828799520198188581947813 1.5513415064298485395684178921538617440549881107557
1.3880061130881888316674991322771556400658425734809 -1.8116406392399933926872789262496365733216283191944
-1.8577990767345004351443206627678246753774803501870 2.1386538190394252931841198399042045087153062158854
2.5813123997769955141149071367310431434770950936633 -2.5673901519850168805224460988250172192091206673986
-3.7827886133737333539411344379663847890433695501233 3.1599445178799477135408109347842315281800668561974
6.0018406931718716356622000961186241336228998605589 -4.0396110567079671016782130357104665228434449801940
-10.821596700654364708764461334630361302109405891974 5.4930377058371088919312664495759279921270539951532
24.691423075025705549772706870315444904800143097598 -8.3786169850335373988506699424332348226975427650735
-100.24902024120308703588404499694950712389656594725 16.984755298679035737687018086354052310665284932081
167.93517544833013898564555772811101541468800785886 0.0
-103.90791880315783917324154535975609911531999198299 -17.230850383649106618200422783156514511962664161267
26.538612077876189135303983586509420901278013424469 8.6005429433784575819965285510561539112366246423790
-12.062401903482627049702206294535834556711017548705 -5.6714717674584270407782210553115962166361640680662
6.9229219800711784021782895711396215569052055972215 4.1493649284215341955160144665431529458500675833809
-4.4756290873379903677732969609670415574632987167645 -3.1647266162743762940674323117735075795307562644534
3.0508725554888047820115811175421972470437789123783 2.4085052745084283511710195859409326848148773992627
-2.0188514239154165842082623193953161346734610941656 -1.7025863735781448964377286253074147285693489687575
0.77441265715175130413947804728045459708052705790918 0.67111681057633827662291673952069318365870426386884
0.0 0.0
0.0 0.0
0.0 0.0
0.0 0.0
0.0 0.0
0.0 0.0
0.0 0.0
0.0 0.0
0.0 0.0
0.0 0.0
0.0 0.0
0.0 0.0
0.0 0.0
0.0 0.0
0.0 0.0
0.0 0.0
0.0 0.0
0.0 0.0
0.0 0.0
0.0 0.0
0.0 0.0
0.0 0.0
0.0 0.0
-0.078732165292403142802353031375358377640039971701946 0.19381812241427587655143218375220208124262311265160
0.19930949218713393440712252882530762584718183975694 -0.48452297212757805447241124534943181441631713802317
-0.27982626781331435047701626249812724748318502364909 0.66080652034215326000470416190068257731469089063317
0.36060944747012445654918727782299131774132198071572 -0.81474694079590388436894298499126127881102524218074
-0.45261818959201009080659469667752900396785563561496 0.96508508977591004843167852391135310232349650906397
0.56461739639882908213447505288521568264761354250061 -1.1223394301284067580727935418066615834717371405523
-0.70669665244114065399522453270436028469816971358035 1.2951389054723615709667487088852985090595517813396
0.89279210931344944774876368978796883502675382256417 -1.4925732466658262251234880459864529761374748340172
-1.1442493687895650959561600372286502463591045041943 1.7259319924965392032592383188343824831495807850842
1.4962914100124430873248609605685672853097599208882 -2.0108821087368081318370063999869246139039545664879
-2.0112333600317943118838871958547011034137735615842 2.3710844927792079002292119947781957456760705258769
2.8083184773086719315401171267333175281835417011295 -2.8451766052032320621118416917206392667334566374234
-4.1394135141203892966945938107398202298681991044867 3.5019611903480453807429977030973710911778786686328
6.6130152888410147789229054924608904640545849994390 -4.4782317888347587857715995007456302961042407490439
-12.020986051373932662890380427098956946458564160434 6.0920872502607501894299709375225833782544989357954
27.689989411773655617907469203599475018003983279277 -9.2959340807351747477782522486857754091059896453983
-113.65286305876386146420223441024023996976306328870 18.846835752227628903061469900171899735043960478686
192.77357714721801489209197948755820705089237714067 0.0
-120.78137670552440317384614906184125900681515308678 -19.083354242069056219958984718966151868234913436562
31.247787264652922910591949485730114703604739667130 9.4920211702018312899574370500943483037656805936689
-14.362042527328628015258787241770255060935474315586 -6.2136678702652189832293234112079025394524309873153
8.2891211937364818386184549640514997006821741921000 4.4773692169205815881311157582283068048914044238884
-5.3047445178587009142729659492807817903532167927034 -3.3014226989622233113918446272036785822043883111626
3.3933811004666834312932904922748557499450579964087 2.2945240568024251928241501810773963149483843585372
-1.2846196782895303176583425823074113778223909599562 -0.89848989176456734098747200062689951206881702354004
0.0 0.0
0.0 0.0
0.0 0.0
0.0 0.0
0.0 0.0
0.0 0.0
0.0 0.0
0.0 0.0
0.0 0.0
0.0 0.0
0.0 0.0
0.0 0.0
0.0 0.0
0.0 0.0
0.0 0.0
0.0 0.0
0.0 0.0
0.0 0.0
0.0 0.0
0.0 0.0
0.0 0.0
0.0 0.0
0.0 0.0
0.070670823864656852122748830922700689647507292448150 -0.19535367883103413700128292061793600602088093714621
-0.17886607652826307285423310296080144349143694347371 0.48814132916123884385964926196767381599487309338523
0.25097633456552650194915943327540139390760910856572 -0.66502238382121011989919031779475167775801668474053
-0.32303355584050462413653143138770194901214642794949 0.81850819239004785725582073337045997942062760305679
0.40454897578118754669856043004861904848433607834988 -0.96711238049764499621800751503914788624809958364586
-0.50278825699432588967710446499278788700272072596323 1.1208975468429162522648122531335557277912916349631
0.62571989175896296376325495367262039497378795753933 -1.2877430360044808131906699755166406469917109896057
-0.78386932461293616438369396074701457245064335864217 1.4755224996400056960803598371941326760934168093386
0.99267323320006802642300972320917124185669731667739 -1.6935118088078486313976432192352675367390769025859
-1.2764372570335910214830037406608194671391926667429 1.9539221797542043237583685439998224201581296719340
1.6758427991733077752657337496979926741178196189236 -2.2741882031764594188574731985386693766913635573217
-2.2634822571720272102096371119064265169293238345851 2.6809906713918224974282613355273877404470336940049
3.1791288593630359067435173848872291921165231263219 -3.2181498460567155755171001638543942792950979629506
-4.7195537650162023628155810772852417606194398139180 3.9638661164550929428161643369933058346857678853950
7.6051977378465923007212614428177570600129971207381 -5.0736902636278887406546127597142334230193842590027
-13.967503550306715736891719276017110701843341305526 6.9092454315261606114367430586429783207469650265192
32.562473793730585151298794232036067563870496915665 -10.552735515474912929285832282754370400353369720256
-135.49005717966451778826419703732785631179013269424 21.407313179925587269678065690261705755004755004323
233.40505841749535542684553936542025127101923056253 0.0
-148.48153637946333463234977269914267516392969594175 -21.629642202371777430226367916151046049205396099112
38.991978423416253729377189829631001274428895362545 10.701723929877283987602192880114007884404348472139
-18.113672343504732055805397461520322256980880016934 -6.9179603338236512494504752830748125753984041323003
10.419967004713657419472372531217806244177370730630 4.8361463821491382490228447196821391967760899207946
-6.3173309075576025269484300615271120818216211451876 -3.2721832490864079217158871478671651003866222257934
2.3435607059457014038026632662137689801051677987607 1.2684050563202468318566691884732951158901755541909
0.0 0.0
0.0 0.0
0.0 0.0
0.0 0.0
0.0 0.0
0.0 0.0
0.0 0.0
0.0 0.0
0.0 0.0
0.0 0.0
0.0 0.0
0.0 0.0
0.0 0.0
0.0 0.0
0.0 0.0
0.0 0.0
0.0 0.0
0.0 0.0
0.0 0.0
0.0 0.0
0.0 0.0
0.0 0.0
0.0 0.0
-0.066029667868639535050080291855772164128172872893312 0.20172680860115683556271246393659965395498144301165
0.16710880342803507185639693353658628790866891116173 -0.50388593112172447778972041160272040589413784387561
-0.23442044210421677044311327008125289760516612887036 0.68588522328262384077559937522855298057122131979558
0.30152474053681328102026916826871381657032606230066 -0.84301792375442488165281374961541882284587453455621
-0.37708836113525141552233072829653826531793119739559 0.99410928427507693815864760434547998348904733065750
0.46749127493599942749064666500950299710486719461765 -1.1491404198506971209433338282316164764597387267241
-0.57945089117529606940130432034240158040566210801038 1.3156413150211099189961327546630134610539485613907
0.72150932212184352962612216635360793654508767196237 -1.5008137153456185756224238026085007577668314878694
-0.90575042667101554139456925219158158509162476178608 1.7127684963795405550866034226531259338067710952160
1.1504970386077328957465379540072344620888106917806 -1.9617143893252486616108618690456167914958916468368
-1.4851212623834404074173535397336379103153944509678 2.2615605758675604708296875975268125982688713001057
1.9593370278995619842777317695650169480797724304431 -2.6325080282364392647695575853830313813410103354393
-2.6625867183372320183937482467466863505615152917885 3.1057215839039166686354210594727908344233145165863
3.7682924139393098448100369465991124966288037622221 -3.7325623112713169684083559738852348849909568217555
-5.6470666294383734473243533602852199296283653476007 4.6047843667879370985759741802525691257517966860890
9.2043130618464915425476768744453553261806342130965 -5.9048699212007787114885402739773661543303448224909
-17.135534821593167385858548888572134699332778158233 8.0567454756177360981037182795564949038624435985762
40.583678073604422269635594039486589586067989704613 -12.327949117698519994195012576819245237672912613222
-171.90841541768074997136807537602577348302702767179 25.042288810633641724669143452998964805268641433509
302.20073724019642664618169944854027040298548463958 0.0
-195.97736286732503249696325154503204353999111003997 -25.238414164970810151294220671662188645693070418366
52.374194926565521256354322556438877709293923198214 12.374400777439458292397157493006085280594917433188
-24.480799770514117332849857700690914172993591312555 -7.7978315249484861714390242472504112071148308308704
13.522160773768012105766248279850888855400557295272 5.0360949244400232647011298633078158022032052149815
-4.8513206896660293125838153109873166492809890916234 -1.9197858964838069294347467803100558440998478943764
0.0 0.0
0.0 0.0
0.0 0.0
0.0 0.0
0.0 0.0
0.0 0.0
0.0 0.0
0.0 0.0
0.0 0.0
0.0 0.0
0.0 0.0
0.0 0.0
0.0 0.0
0.0 0.0
0.0 0.0
0.0 0.0
0.0 0.0
0.0 0.0
0.0 0.0
0.0 0.0
0.0 0.0
0.0 0.0
0.0 0.0
0.064576791987871738099139624485205458996059342032079 -0.21443884707764163779768635960819570506356280916851
-0.16343545665908349406488000720566762901265742806356 0.53548969469374487976908244022782548670164511933668
0.22925927012723743348047582809737652261202725866361 -0.72841929161587263130940421361683580869401955863482
-0.29480119698394101534487010160855314387384180630612 0.89433455969135506054172815413916948094983914854587
0.36838251146028840205421950983883203848778356212568 -1.0530147385701637416658087222421875794340694348675
-0.45595231424259819091218867791937677684217547595443 1.2147505207023914822943882513583713532295191783378
0.56356768198271417751119419085913597132803518782551 -1.3870830693946133902620767567373874391530469056880
-0.69869117874526154201347058925848436383453711396872 1.5769738936081773098919352871914034629427095525620
0.87157184012241301324771951248023536967550279206400 -1.7919762244101212921144326733754605539933916689652
-1.0972907770957158414089326149852768648394783701842 2.0412470524301543413117335379668392386002325193199
1.3992281420046900912079261626496577402891979255792 -2.3367891780975489267635901190602450719682895913231
-1.8154039643870990568189496275118000715739716579568 2.6953124095449492564844768891552400065994261317526
2.4108711987315773222008317909327592250355367002156 -3.1413561438753986639928565139684385859599804194299
-3.3037779243014036356929852178383994288741204350280 3.7129843842852739060005596397184998318041691888485
4.7252686665016415559290184515911547960633815359501 -4.4730725939391895446937922705589640794321520825734
-7.1737411300871554871671575360145774903856041183421 5.5340011201456180463198527101338788189560783282785
11.877791648404695679762577817647792570945431066287 -7.1191459668135559887308256337810911953114453420238
-22.528420292338668021158826126812407306507603949376 9.7468115048377532245021775433141392398158121167013
54.523327486915262757325253657678372883289994352079 -14.964452230842575908943804262898632352658221583154
-236.69457588857849541423126970875725570378088680871 30.482070222172882067350437291641896019381467548791
427.99189182665319639582163519182347432518326079660 0.0
-284.75236724859547484373602365397333834479477952376 -30.615260136177634564935625712601856789777359624883
77.607004646680282208493342124555641268533860075641 14.732028480355572511813591636864351168043859268253
-35.533729776215397343458531886826363172346244011404 -8.6626859985304027571697265182493121687344375157117
11.989540174077032339731076343916442609846824098218 3.2025089295424268487007492135231728474225898805211
0.0 0.0
0.0 0.0
0.0 0.0
0.0 0.0
0.0 0.0
0.0 0.0
0.0 0.0
0.0 0.0
0.0 0.0
0.0 0.0
0.0 0.0
0.0 0.0
0.0 0.0
0.0 0.0
0.0 0.0
0.0 0.0
0.0 0.0
0.0 0.0
0.0 0.0
0.0 0.0
0.0 0.0
0.0 0.0
0.0 0.0
-0.066771915932597586377485360981848190740801514866882 0.23688728538912864057922623156917356864503823295930
0.16900188289946694235135066121737038546791799480721 -0.59142314428749544298754716071205717297748203526588
-0.23708613478149562418336939085369007214094251177301 0.80410223179799437342215688151170891768714551048162
0.30484491138002333222416534391852458501449681299935 -0.98645924996699131155610818420159199741031369463162
-0.38076945619932369679522674953548759081237056472512 1.1601568106633743879310524165043662527139456373712
0.47079627344191494012789692829868737856786623292467 -1.3363093724883480132664308862103143354705172440767
-0.58081158827249117559521571789421123781625527463500 1.5228855035071107767420242164408045301793151559981
0.71788622277383596458096828169445207124431122880512 -1.7270424353631557544729748050536395678829337540424
-0.89150637371388335833215128116948316979228640123350 1.9563195092331346212699184569153198063573372157373
1.1153101251802179533788283447904765092088721714687 -2.2195861257098791864533019777348914603357844429229
-1.4099123822723235761896945869763800789926289183665 2.5281136883663139190539276342854223617352621606970
1.8078556249660909511689743076072773216195580622172 -2.8970770290171918463156443539362598178408974219889
-2.3628163541997548067409372534944402431976816186283 3.3479231676263362816574889229432814276157608226861
3.1678159127182643997117667457413323787477021735571 -3.9124178037971219030027728562280671783169338860922
-4.3939309508248746476751075616025579517927399729850 4.6400674205926429409693992954295437044764717091126
6.3802005325206797026425474189765023917871345973081 -5.6128449436079213787119135096973038076944924149516
-9.8675737959688351565192787214081059375044734799247 6.9773819100652981742609276188932829737860428545426
16.708330237575841319124103581898082531880035006623 -9.0250053924164729012094502635797503389505054351776
-32.547948343436537322700816538657580337871402918956 12.430688339572170516694592289026022572485618283391
81.284883234839157619397407461615998453336660346043 -19.205101361569106106648296570027145351382894456612
-365.91260707385285568063967191607196181633968570905 39.341234494085539233516930611413293079340843011162
690.93571765169314496886342753172776864670952523460 0.0
-476.87525627547101050372759335297281974146614367902 -39.265968123622718985602279531984791892761393634997
131.36731603780500346306192316309453496029152384512 17.909764482776321284519416585174792514510331458249
-38.792711971530750110258171704319492664144153308743 -6.1941811515155846481711493987334828662088556580248
0.0 0.0
0.0 0.0
0.0 0.0
0.0 0.0
0.0 0.0
0.0 0.0
0.0 0.0
0.0 0.0
0.0 0.0
0.0 0.0
0.0 0.0
0.0 0.0
0.0 0.0
0.0 0.0
0.0 0.0
0.0 0.0
0.0 0.0
0.0 0.0
0.0 0.0
0.0 0.0
0.0 0.0
0.0 0.0
0.0 0.0
0.074555644076734456186280918890649027718414881483101 -0.27767190524617808622461005281479825018001573657853
-0.18871646442634789475053428770898520916668062512750 0.69314492680819575263054924087321015008108896813161
0.26477348770887036211809919572611645729761790731173 -0.94207022757524668788307233397449287334291222822560
-0.34045758450424402990639604370717893520175499164409 1.1550570364624307714128877225660217224810038300712
0.42516494556572043463336564897489377705256590982844 -1.3573459375740472852279248779878058341327453450357
-0.52536048332748212385013657351624276613100074501397 1.5617619147170498799278990655446164260012815341656
0.64733068088391363315183977372932278474581868038391 -1.7773588928978133522577881147609110312284690986939
-0.79848623812303074804218789059905662789375718062706 2.0121097945813762304873631123119507640121985202071
0.98859852797052735645607283593753945605988730195470 -2.2742324191978665668954702117005575598683983956532
-1.2314803616333599464467628950461676160925374043751 2.5731801365081308276814488749443109173631218015351
1.5476372029139570283474857200761640801912099102660 -2.9206918040151265652790434171364228648171593164769
-1.9687697878245684212784697972490432391722208466338 3.3321829291523681344193428771014488092184251740110
2.5458506090215100503096023679380676214878810290656 -3.8288335154945439617782931398846176380944759532205
-3.3644146484743156364363069957967355331150270620802 4.4409745740158154471124868878085575965433232798567
4.5753198652477900294758684140245281500046757401938 -5.2139385588275093495607153548419767554398057962550
-6.4612637854489021463609131802781082004075096339622 6.2188400432317925658466854914936811180359999024201
9.5940442508467402524886983284036430822288533412522 -7.5739991631113643662071558572898673106342735100116
-15.251423806448392896484136981551954556411472508984 9.4917665830259945673545565343670386415456586984817
26.705751897248134667013392858342629691054207219407 -12.394753780124680642913913055746768633017597319471
-54.192524610864925167002261557628289178208768478325 17.261861572681560490135697719344318139607765161356
142.24345972378188489948094690356901554260544610479 -27.001875788601308082694420263632041354934658581719
-680.18358127271164252296653092678050349899253246805 56.006400980129064365122208984757838851563324804379
1389.3420813612127167671967877014746160667858210501 0.0
-1014.6770699873958206430798389308762763877157341261 -54.798807656447855129198994193747354558273949226495
200.33935801159727981304480592031520445893342858957 15.497377037292748109946236256395406150535893064476
0.0 0.0
0.0 0.0
0.0 0.0
0.0 0.0
0.0 0.0
0.0 0.0
0.0 0.0
0.0 0.0
0.0 0.0
0.0 0.0
0.0 0.0
0.0 0.0
0.0 0.0
0.0 0.0
0.0 0.0
0.0 0.0
0.0 0.0
0.0 0.0
0.0 0.0
0.0 0.0
0.0 0.0
0.0 0.0
0.0 0.0
-0.095488296034265074604182413186030997377415312178870 0.36680278418998400609207935384518281098048296888158
0.24171536050541510987931850725609103492012919048781 -0.91555557945672247089944193400149863702283315575063
-0.33916542782958658536403731394358047002658470753241 1.2440806670095051818070664484541154620596179882595
0.43614006297866472408438992317381026035684261538470 -1.5248076443171257578140502511676489909820207834141
-0.54460832389518802031513841939912419073409473639159 1.7909567530682695627430491668466553408350163660020
0.67272319051388656785478177463283367519636053582794 -2.0593071048655435137249725663758012665984168917151
-0.82831462214444533866894713699192092403644022058693 2.3415911838641077139194675807976021338900022109669
1.0205014233948598004938852097861788512564881188384 -2.6480130782585732391657632478121464878971303864474
-1.2611740718892337782411090203363770878920735846992 2.9889452913164127531103053070360056371012776695884
1.5669616971146755768007060655152260145026368251769 -3.3761488186988070750774589109822664049392399842331
-1.9622730350527823167581241702973696456645949793202 3.8240110900513131091223150166566705027498409632829
2.4843577259287143498603045834964314107334712770770 -4.3511239397354461309175856519419891395352470049003
-3.1921788374592070048220699367228313532568903586144 4.9825703014348087617690534104935275826623869044227
4.1827517215130523696777972363551260944312348938189 -5.7535020553065248371262249438216243799395371504890
-5.6228953256930392297483984053878300863450069295662 6.7150708352461720142949933757071974552967159147812
7.8149062643736773827079575100855473454144260015824 -7.9448165499267653337737529218696067493658451935345
-11.342953141083208392510311040047487827225474272400 9.5660122510099155909716311938862078981643510164338
17.431015210902790030803203339911822256634033600756 -11.786440294137582880308571869765372777474019785646
-28.927854265051471680594923973908693885719622366976 14.983739421481480510678727248613906824118028193047
53.481552449012885599799475952936179526780737254574 -19.918279285818191896460209309193692559726390699787
-116.36337502393756439664833852451757932743494789785 28.367958722878759979544312389419434429341982305534
334.77483995984783533886058883393827681170871569905 -45.641021825509100856470757279852963843354928182790
-1812.8921755991504614552840372524217908154817657573 97.907336798072294456382903651669365101148699853937
4526.0095865719995675209326841559101044742522149840 0.0
-2966.6341401246866910179880775107216357639184839052 -69.276355102748951865439121643088602418602805642323
0.0 0.0
0.0 0.0
0.0 0.0
0.0 0.0
0.0 0.0
0.0 0.0
0.0 0.0
0.0 0.0
0.0 0.0
0.0 0.0
0.0 0.0
0.0 0.0
0.0 0.0
0.0 0.0
0.0 0.0
0.0 0.0
0.0 0.0
0.0 0.0
0.0 0.0
0.0 0.0
0.0 0.0
0.0 0.0
0.0 0.0
0.15144275518884071141742675963307679490765285085909 -0.58943935641389493114830161601824462045921419104468
-0.38336659326547671158467562907917945177899082995315 1.4712092118028049804911195699751906946505433241472
0.53795033677996095609709902529132033912028538098277 -1.9989330949601478772204115442580754907617606265782
-0.69178514631458520041521040132917903874486214916378 2.4496293775828564173590578994327484410928964838035
0.86381112379373203263295167252161876453951473733734 -2.8766000552377736455066631302902619088589175815789
-1.0668752858810617360237041079208314442625559917800 3.3067004011764183237407637524162562562527395400301
1.3132504207923828730345541305566994428547741167665 -3.7586332981229990387540717119801889221613517124861
-1.6171552895620615289969133249294179314858639006020 4.2485800842370140532277897228720208477959051087871
1.9970423350102353499022757950934988134947730741913 -4.7928922429570711233309414684028743223888263873149
-2.4786003834608478698077333265287928569967299855919 5.4099957817980910885917342571327804614792223826775
3.0993567278349676018297950383105432113719663984379 -6.1222870358828010484630240696375905950244707416045
-3.9162707165277802946677163137281388489264928686765 6.9585074780114161223138016430733705539617967468715
5.0189156313357772157590637189936194286497721153439 -7.9571309261431670489617205261487476785620838451641
-6.5534688768560500293390486024249663556813292109888 9.1715774516918592099649824150271617444615884907803
8.7686528383395990680776257647514982551898753135981 -10.678695630789825256833859716657611717873642104757
-12.108988693203662872891513967164635952318451642805 12.593281015371725004101687364390108610648066982671
17.417580757239003690218176828540259956256764703330 -15.094318433206419731062606333600307530838036218249
-26.415462948801709337138846163154222265618198146209 18.475527696556553345719843449284108215722223733021
42.958826877654613593480853022403218044110738068940 -23.250600288254580621024918833674908934955738747912
-76.808892821336384362815113389778625844414963004879 30.395151876279900788579131529420199271083207112946
157.17072331021721348573738178628431034426927079778 -41.981647132047779797230914048576311511513775373675
-395.73935067123524096035881223973150966974093133263 63.189220404073099280824599189059811489502900372774
1432.8608510961399995528281254433825452908697882158 -110.83985229765797109547013010017382232237102911480
-11875.655784580581645899567817501537658549490943061 277.31837103986175212854443499970848696883072217802
30738.482773317039492884979826655549749161451439295 0.0
-22126.039742666380935401647957670014563819108614751 -277.60606412732145357708237329042578317260704305771
2647.2273182999690720548452011906661027702849067958 111.22471716633249296614583920806956681344911791169
-721.75020860849503045473561808327019898036455953964 -63.649446907599772233575344204886723420439748671852
281.83904904398724087814748407572463172703442942464 42.504241407445487452318258610133203932920850615810
-134.98219386348807016886663963261746621951207327398 -30.970678266369244421881391895711100940179570242703
73.821639603678271329684252799785467524706504684476 23.871385531133672795905792427083463468011120001016
-44.346595916403658142211444047965031474985507621971 -19.134843835440743069513548188545842826733583074542
28.585734727890469553915826204699706985924853101944 15.785944273117073537248799816878803494474345907812
-19.475031270255287692475390546257116747715226239612 -13.311239389041680302160245982505036739338312168376
13.878707352182232194663078626602570992070210651012 11.417083286172364521156857821275204004190517818319
-10.268954470396540603767341713515612816551044208098 -9.9244484143015163889813346974809728892045158793392
7.8443729770096019499663644704906822639699779961441 8.7184125904950326711790415639318864751544919534195
-6.1585132434300101635156333745144885156731818790893 -7.7219368410225149960920834731475126118557863786232
4.9498274571076542655255635684954967109359110470865 6.8813578761623726243219076011103694773798562799118
-4.0583331793816662666047595487353117894637925710760 -6.1579082349123617632597569766821477825825427511482
3.3823568852310408395139118854133586349576013233169 5.5224946136657342798600312804881756228014857106541
-2.8549270467935359608979915368940145749577855896935 -4.9522882420272826588951900947725416051324553004370
2.4302702694235233681809143972975350430135238615464 4.4283033452760255876627576197338842337612058588089
-2.0756683906012895814744622611414116808645488846553 -3.9334093977801988385473644398242330275681840002016
1.7661235939061572095497653430306960365358506176695 3.4502403312948719692714009580685631553117575464022
-1.4801619766918113161087221914654384495198059323381 -2.9580889179982738753613991813731352021605501337749
1.1948267934140549999103509871368417328378140376683 2.4261924441962661653337163617385060695923412736359
-0.87369667278089364695683864130737325533459603864539 -1.7915888244924000153957541304785530483186968768912
0.34911394756648698856627378309051378567582202567501 0.71882030782429839494220632500405044688717665966600
0.0 0.0
0.0 0.0
0.0 0.0
0.0 0.0
0.0 0.0
0.0 0.0
0.0 0.0
0.0 0.0
0.0 0.0
0.0 0.0
0.0 0.0
0.0 0.0
0.0 0.0
0.0 0.0
0.0 0.0
0.0 0.0
0.0 0.0
0.0 0.0
0.0 0.0
0.0 0.0
0.0 0.0
0.0 0.0
0.0 0.0
-10346.624327269474891217319305972822034195197528786 129.81472011724491940221459324532443143768434594105
15727.806864700621910875290672260911788108357813762 0.0
-6246.9123718193168585940716313002296681968489639768 -184.10263280710753676811433726813776251721469923207
1138.7466234710446506781228744151639787232745629844 86.148341118927824387386828728078420438265433735665
-389.15843121704141322108568877943870925408709716500 -53.819733137926754318612898402146245223381034517698
175.27700615132921362129512360361278280639823019952 38.031181458072564817662330706139475494677241794926
-92.697429125873930861107489961346928992123009982898 -28.827463144624949045793407517740823865822452387457
54.562685450010057958517485339373026648961614134558 22.874671322847739474371331268727173455691696306460
-34.705160541315340320230683567634323286861535431901 -18.747083584530958140724095720749873610351782225226
23.427126832037916874517685885975794306937911517323 15.736603757660287801309375759359184047148074786561
-16.584486782405581900875957944721919125857796696839 -13.453556816340028781395256294044830904444268519711
12.210291841290947693079562387686035418399722797462 11.666655873554274316713269377781547964501062861369
-9.2920178780721572962071369310454915784986803111981 -10.230303391409424911983381465914295620104314437727
7.2734490433400596428231426263896539993956390193807 9.0483272337703181880072744836418291434320694323398
-5.8322167925057207266732236966214246303881046179536 -8.0545064671557528722508487839041954611645516212745
4.7727985149520895412633310673234403434514943807922 7.2014490681812396680619777072194304303221811675603
-3.9717804956834178963748339505090942041151850427379 -6.4538715461108402704112960798649763290349217231518
3.3483315379420891553589898960039283562180347034750 5.7842835095462489365331624812057450412578532500871
-2.8474757881409872296127620316700734470677723864139 -5.1699734367207015894804777053061038828752857189133
2.4300933926392855043547747592146933864077902545747 4.5905797731990814311749543029297724721126693063322
-2.0664289275269743303249168877023060436523124846870 -4.0255858437850266947840895921174404413939378579988
1.7310453098532754229312251214717009728453236756576 3.4506563193315281478652979131937623528515635816961
-1.3968908620085152436626784325432038608929216960726 -2.8297795788415800483216677380768181708351771409332
1.0212457690193521032713192079941295797808944244896 2.0894237989589556513313180378076666999114440952542
-0.40803734801060209464455475293734390374409689743990 -0.83828579367633591680856799667148674321838778109265
0.0 0.0
0.0 0.0
0.0 0.0
0.0 0.0
0.0 0.0
0.0 0.0
0.0 0.0
0.0 0.0
0.0 0.0
0.0 0.0
0.0 0.0
0.0 0.0
0.0 0.0
0.0 0.0
0.0 0.0
0.0 0.0
0.0 0.0
0.0 0.0
0.0 0.0
0.0 0.0
0.0 0.0
0.0 0.0
0.0 0.0
694.59718162507672835341962573557324034953152034523 -29.183884034709322015429883690672043124877624213892
-3505.1951513402199703151383142089805745419857929472 103.30153801669288004615562846677189345150341137068
4758.8594305252479925871831348788092068776268654404 0.0
-2299.7966239797409144348785768460182127674626875928 -106.23743988441850918274014031735891841900928955951
472.81509072158481899325072520662684595611696967406 51.482247274400098906550389998757849864608096354176
-176.50145346166605576812902694123503138931620013347 -33.122870277361904990898760896790288673262423030599
85.027006851162653265744722898418591729885530159056 23.965096581943267785395249171661632189320812997781
-47.420371590240114484123776431315412194977372458828 -18.513032471531485325991802195680403957220185536902
29.147128960045191430946003331157371887024489500383 14.917296101519619143971600877510068670260337983989
-19.224010194054141771759383292597794246440190325435 -12.379493402861055488301849205200525910539544189048
13.386237469452989704539647564078455769361061002432 10.498410454985391706947505066188509274456996765381
-9.7362225175921355712173525768850859280942781810938 -9.0504203873991540498478494321347877253310234744928
7.3409749592688200012882882290686355236569703646801 7.9010270746716814857647128393250771852899101676171
-5.7050682050987141285808334019276954927094181584568 -6.9643989751728784064378195772241956222242935782277
4.5487028175377127222547143656524816348290948361474 6.1830065211002184308233123130741589695226446846533
-3.7055842532396337356571546374372429957111919405037 -5.5165686859910369187382414046234073056809790087987
3.0724473581224348032670263660037234346424589566052 4.9356467351255175716969181049878191165277442208196
-2.5825656619804654551759354962122029082052827025398 -4.4176792414706685818122970579910987912872505005593
2.1910812953826361352653846599948735140838541968267 3.9443123598944818805931762095831963853881492612039
-1.8664112585431549646898863928429951107000339483968 -3.4993354046552791928923640677131317013522304378812
1.5847849376299003997747659658662994137907132290267 3.0666457207015263379775666291073111098538601628268
-1.3261125478296420512312062344135187551394510893240 -2.6273811781694488444005279855308970801840631531109
1.0692921465133330641274798507874659416452610995704 2.1538892212505322333110838711701814249293615205875
-0.78136581533030750174322109194184452684483329851885 -1.5900246500693689799491471934822159653236010273040
0.31213043070527710012845519591185664302039484785216 0.63786718016120184652294422852162443487757889374520
0.0 0.0
0.0 0.0
0.0 0.0
0.0 0.0
0.0 0.0
0.0 0.0
0.0 0.0
0.0 0.0
0.0 0.0
0.0 0.0
0.0 0.0
0.0 0.0
0.0 0.0
0.0 0.0
0.0 0.0
0.0 0.0
0.0 0.0
0.0 0.0
0.0 0.0
0.0 0.0
0.0 0.0
0.0 0.0
0.0 0.0
-133.29049120648237811343906751977604695887070067022 11.754573732221625815474752096357856250362452263358
449.72223470984799206016464236769650518088009816546 -34.022339725107107254863682829972279504734338379466
-1618.6759033882962721698291280295361332238664724154 74.773561359956928013505920702951434128858580040206
2314.6483819258487140537979012395474631548322285370 0.0
-1204.9545749195028149872262767083447092571781760979 -75.588577695722314936680352154223559585435949507407
262.20997029611539205390087058503694647411451943249 37.136852526709562220770833020802901631644271562446
-102.60301796339602533744735684106158481977029415529 -24.220825222677620555772539934224625598568930972727
51.413319972726962188771104695460952081995705909811 17.739263971811450674776977649560427788051395613092
-29.650977433694243729919270241960953972359838069344 -13.849079804411517432104183793177388350541126096527
18.762038957079836437897042582162638397064450506891 11.260219506548091195518765161943821326706224046283
-12.694908304732873052929872939629204466136178898410 -9.4158556974530088000683028161791964197546750988138
9.0434742614540349974031403604773687382376976336584 8.0356649309496956045674860996916131360362378938588
-6.7133111212754601672054876670040608574891785773499 -6.9628587053895176565225155846607904920635163474841
5.1552120420549193320612412964703903304155809274129 6.1026619951051359682509064224070966015308410110312
-4.0719413500126399073294552408590896225033674494490 -5.3941727916849199351415406422338306625685922444582
3.2925923233217451052369087176137439528059692734345 4.7961763072528828678302992925641801476379284528162
-2.7138040767325900747152589459466200607101442989312 -4.2794042546890349668010863976025889679151003093810
2.2702247624108555601777343688051159745691000268600 3.8219903222308480865974081815115940732167081883258
-1.9187297945960021162350653776236173793446412785966 -3.4065655945734116052329399446476771767763538077784
1.6294638172945989503415749959262123356309688934102 3.0181414796419306372260121178132835725730440598589
-1.3803274595431925613771256244133653465474896589891 -2.6421597417751328115682982121760902307582398103730
1.1529770456393769199174912597162927695545666030985 2.2619048960299764052711777893403658108635398653510
-0.92852030507962033179994199698972144778366566284746 -1.8532398611676393540252599638168750469949693773146
0.67797127793409141693011404150834604556957950512977 1.3676076093070029437436860180846300926570410611239
-0.27073928821707584574142651491274556522769034603177 -0.54856082814160627842426978507469067953631817883176
0.0 0.0
0.0 0.0
0.0 0.0
0.0 0.0
0.0 0.0
0.0 0.0
0.0 0.0
0.0 0.0
0.0 0.0
0.0 0.0
0.0 0.0
0.0 0.0
0.0 0.0
0.0 0.0
0.0 0.0
0.0 0.0
0.0 0.0
0.0 0.0
0.0 0.0
0.0 0.0
0.0 0.0
0.0 0.0
0.0 0.0
40.716099734323084216487697806730309813728024583945 -6.1404086415548322858662267682092707089181399805516
-120.22546240473322556252604371098268663114216270009 16.626910234916277214245513569590027961001891748526
260.32420642818287733471538472676255273415864213519 -28.345277952939624627449648429431819789141089956466
-942.59130498100043765653174797631503099599407757757 59.130142807772193325073291961853956624451870961532
1392.1675316323056086268989556930953153431227554207 0.0
-753.96615517346960652033936481791801721958953783343 -59.556718100663364542378824351462549383732725262595
169.63968355174397722153382051866273028038805995778 29.461736519689193486413634404432416765752394326312
-68.374949743295737993271208213652391614057893587562 -19.358045965000459690483141225134308467098320918897
35.174279473789298607179739344318701669415728105625 14.278261375432983137927368457438553934763141557860
-20.768519540426866967142007557301885471017071118138 -11.218411131859430840205320919685033055543182276335
13.424039578037634528692243547880435118362589719652 9.1723390926474925333398473213125646296199760362473
-9.2607398414112340511957267521261918529080666235247 -7.7063674439904379937766932106064364041911733645387
6.7148241347401211155840253222514018033328694814657 6.6022428419399575836080442953166349327650685124852
-5.0655189476365657115773133923714230524410311531684 -5.7377754109042706668507614075350174790350946079481
3.9464393537135015114415788300291047445183207050118 5.0389077477392082598915140173020169731479960819723
-3.1567781664574312647599340592739504906314558947901 -4.4578049512155128723475929643684395117011147587772
2.5795973808171857491700842723890733465488532576305 3.9617935702222563890249263691081592634303881580583
-2.1432015684858529029779703181501845163215061644214 -3.5272848152113594458788279670004320462162160900627
1.8014964973169722886197588142337163617448758535028 3.1361304412962662750985100130320684211842139028757
-1.5233077048618733503409349694244493137800216586583 -2.7731506640725090477287238424721864089508277336390
1.2860809043564239677088137772600268539809908385548 2.4240460536044386082089428980628801830555003965324
-1.0715512940067690067846162829044589196071918780562 -2.0728494537036859522719525677977874627763320677807
0.86141349617997430626153030151348895106583078053837 1.6969961585500544017445570213630489192360864396878
-0.62827993852314405580044472491335586079695279032511 -1.2516923973486570848925873581169875843702103349913
0.25077993449159713194104548753582427611650336130122 0.50196292724214614694226563263299052454191403699363
0.0 0.0
0.0 0.0
0.0 0.0
0.0 0.0
0.0 0.0
0.0 0.0
0.0 0.0
0.0 0.0
0.0 0.0
0.0 0.0
0.0 0.0
0.0 0.0
0.0 0.0
0.0 0.0
0.0 0.0
0.0 0.0
0.0 0.0
0.0 0.0
0.0 0.0
0.0 0.0
0.0 0.0
0.0 0.0
0.0 0.0
-16.249990904665442751561652709119654658644968824380 3.7284416983828007406171911107674088748712930419368
45.123896436142078126254006668816240168523071940531 -9.7908740635183374669722335071748361032387867121627
-80.981001791667413885176244093593332886137551944140 15.197173534090921019531740649697253431991406159447
170.92814944093640394604588227544411426108504344241 -24.208589289274137171570377297173310845691001769849
-628.29483037784884772771745196060015040213935001197 49.629784891748077954906946892880024202824454912116
948.24851692427022596145629851116624231796409165295 0.0
-526.51059255312137551574027567655524058462248251290 -49.941842585692374981884262796700946892128719982168
121.14227787070940176672791169648285376616775734361 24.802293647102076604341199945888556548827603093474
-49.851673251797108130729557935869414171341494366813 -16.368903965477563171496676590459579663600028603804
26.142850721925637757238292524033711153966892533367 12.126259052910959527368681494003585981471501880171
-15.713830602697076305191010558219240033232043885163 -9.5657951086867548674853542313990375532704517682492
10.327013411359762339763078328514119142749072996914 7.8484836435717114394682928086990481026387748804759
-7.2351673953442031764843611930406187852268140282526 -6.6130914780170869207859475718794473698701382598688
5.3215157010301013849900089175836012824744125929811 5.6779077527505690163679929770425328504571528798281
-4.0668358569166808550328914231507500470536654595588 -4.9411319315339337151342693456181163684650706655432
3.2048613131484890678637265386616558011911683045490 4.3409033620981527995594140976429067850389102868168
-2.5883111494303277296830478890023996590739638206371 -3.8370246308303409886791607732118741543745795125972
2.1305333696466923554890223881549097851211090833512 3.4017012833058176171567756278612731722252412084292
-1.7777007003966160009402297205339329094599514473498 -3.0143846516535808965749425677463052833181635946279
1.4944977393864502229300996679481167279861995074540 2.6585437917884255322626008932249313324371417006799
-1.2561120771764694606001639553399703645639062244177 -2.3191985781154097398812016541750629676499927661118
1.0430723490648135188916865682086672451549705183657 1.9802170028806866860816884460390387635243331278028
-0.83653770696593796516850151141177121369702824343884 -1.6194493296598803481185760255681615349047862544680
0.60924373794111531569741173405814421147333527875905 1.1937149550022746748479257274608574333151913466692
-0.24303253775546144195575062577487027125213189807089 -0.47858164360449157815392710504691835924950131125954
0.0 0.0
0.0 0.0
0.0 0.0
0.0 0.0
0.0 0.0
0.0 0.0
0.0 0.0
0.0 0.0
0.0 0.0
0.0 0.0
0.0 0.0
0.0 0.0
0.0 0.0
0.0 0.0
0.0 0.0
0.0 0.0
0.0 0.0
0.0 0.0
0.0 0.0
0.0 0.0
0.0 0.0
0.0 0.0
0.0 0.0
7.7341430851866382289116338352092030056354862094556 -2.5009565261707173474280909468320145118410010193213
-20.768312628715908583306434135617650084359682796161 6.4586232059077329643459721268035166715951617389372
33.950300757835688870701193140643077703909978709911 -9.5689859819689582372093761559489784236308427108929
-58.207158735238892967586232052736189354564416165775 13.740584306573069478748209767303061947921188828354
123.02431756960028272354106473446849210378241559422 -21.365932509798482422802232578611956922043706057394
-458.20411885002666905924114196259153140812242802067 43.462673494864427059096418748758770680288120528224
702.46731734106048581885235525667749850649624796478 0.0
-396.93111727577009781910445274196085970164089979186 -43.729946438907240416096287512437004193074984590318
92.841238987375183683794259231255143233486667519056 21.769756402782589739796994728620823499011083977451
-38.812710989056039454599140165262244517419532477864 -14.407551579635878161307445193624297226722030819319
20.662698848561608646674082611929435160133297699831 10.702738684569343742277098547889989584825416299305
-12.599277981082444658282015311451891929301539489051 -8.4639779418536053333437455049806413835361134285003
8.3935170398748026277501303858212501339969994657058 6.9589566491029709587595957369519629236880951848632
-5.9560604359073217981242898912684898685172035657879 -5.8725928837299273007627986857096513422458902587349
4.4324984288808610615533144795588359624373413414404 5.0463978178695430330694587349160166807963243302667
-3.4231243520302896071239371331377727875436441133713 -4.3914683667941208328631520575956923367728550249846
2.7215976774019159822199316183163090831630763585021 3.8535728055516142683667746191886044534746879206407
-2.2129093023126706961727509715641935508498848463617 -3.3971550219241357368472218324237431625072605977152
1.8287053137517625720333997027384241291861866952113 2.9971617183935326669614077230698190785767637072952
-1.5258226843512566101243988088523720025685978969994 -2.6343560137106355554456980839208666628970390768308
1.2750126314515917150493099563257317221683900640625 2.2921046250532549156384468463458052132061835466115
-1.0541867137020451899464373940796054418577646704740 -1.9532861598235122780619383737724999677558573098595
0.84287905364073756191438633282319730613316795201214 1.5952512655259465881471912860460064511628834706904
-0.61270738742211735995610303560019141362666761223325 -1.1748907142056586455422655911329959151256784020233
0.24422180255627474150070671689131377236734821199289 0.47086926121172279331224854329566972800534889418323
0.0 0.0
0.0 0.0
0.0 0.0
0.0 0.0
0.0 0.0
0.0 0.0
0.0 0.0
0.0 0.0
0.0 0.0
0.0 0.0
0.0 0.0
0.0 0.0
0.0 0.0
0.0 0.0
0.0 0.0
0.0 0.0
0.0 0.0
0.0 0.0
0.0 0.0
0.0 0.0
0.0 0.0
0.0 0.0
0.0 0.0
-4.1771850818248234858233494458639828996983776644642 1.8023882681575791167360006184844151843881339468424
10.990670154836046279771072314713154760659126422132 -4.6076905001320877696624036804871156149618430244668
-17.023411670188366167745821317154389182877784483947 6.6459827803481255327746398425383204225277272798735
26.223268898282169539783950985857246035470622844592 -9.0478788266772848845894257310509525673716964479157
-44.581578875760953939143289647507671883668342409044 12.621760693197345349524619307182180635076295626258
94.785635339508148812223195576473762327133670156578 -19.406116531229877144073648777081430432510677173977
-356.87001625184345652249772930468884185909875091801 39.316410372288299181805445627882554624497159967517
553.80911402505601166944678157216969278608049341233 0.0
-317.12858580992174310699207409714860369846044757104 -39.562076984969490262120317911422215242961773445661
75.143849511932054619734366467200664392096178107417 19.725220673374750504021337516727881218294350261118
-31.817753525184156985270224911885886908360682418028 -13.077521284455720859287540406826033905460498566883
17.151087680787813757948645865999185834408339262369 9.7313104471640223273314763226098503455105130716285
-10.584785471035136292945547949663936670043560743861 -7.7069199645868711934858263013061580727354247609084
7.1330205446616014727529939615618854600270888612919 6.3430654970481198714008769658838138592671569928254
-5.1162748856027480831783608625294305475267419134302 -5.3552793331942611223472675162541105709199147993875
3.8446625205657244661502219801245376031553856571379 4.6003855928742519355260753302907068731810383061425
-2.9938756498683831395195933055075907898926595464056 -3.9978749478843813846353290102688963290191120307316
2.3955424987863177452491487416368801971450151497828 3.4983220655621746346717331029183090781381099828265
-1.9550879311613039302636953607313799147337204742454 -3.0688458605521801439442373730593330960295561024690
1.6155672010359026454450478900191878961009359652006 2.6855408351372401026966327190422529245267961142937
-1.3400466088070723475450556280836819730456672795245 -2.3288459715200966501300056472239077383332318718975
1.1018780613257594560371222676700069122152493088402 1.9796971591643061304296283026889248636444111985541
-0.87762156119306324465961016974427610854555075056196 -1.6140320944437484003054783511451733447926290227926
0.63644802590018081605476934826870416604472207047257 1.1874600688162060444656570305095195324627213881278
-0.25343289403247220558051332047623877145475202882122 -0.47569569132305516500724951725303350459345752839159
0.0 0.0
0.0 0.0
0.0 0.0
0.0 0.0
0.0 0.0
0.0 0.0
0.0 0.0
0.0 0.0
0.0 0.0
0.0 0.0
0.0 0.0
0.0 0.0
0.0 0.0
0.0 0.0
0.0 0.0
0.0 0.0
0.0 0.0
0.0 0.0
0.0 0.0
0.0 0.0
0.0 0.0
0.0 0.0
0.0 0.0
2.4848812247623095567612543310002341462807422655936 -1.3722297821906458541109244592425672788602090138842
-6.4514203624248074741287081309204777091549397116341 3.4849375391691818387567883715478015396395301297579
9.6562894872683753455705821096185318099798521713152 -4.9420212097401060989496263655833503443589740281015
-13.956709511702775352759724239139441248925561768556 6.5187592640678473414290354523719865204586718464536
21.164912662418218843817970941505935725349503571585 -8.5914526040940374414490187196377623695815650752942
-35.996425390722865049661743888340710146940402925829 11.819503577043521222634450744421106019672905627478
77.031558995779566135680413281608374328759576832993 -18.062644283460441268317485369505826677183243675159
-292.66328069435873707916008453181838515088614379543 36.510008115268783222373956861735195248115340755924
458.73831301402398869271299196054532228950230782555 0.0
-265.54583975158869652354811351469035567582373266104 -36.743190995780922210313384257414610395571677917082
63.607702042782359184806136394537412583566308131860 18.337596273775413094445073047533018029041001655014
-27.227424468782790880307124568507809005745183700560 -12.170604183117160375755373878908568149257780884907
14.835238073573211933789472291076528437783042252628 9.0650399201740501015341855249801346231644176411832
-9.2516791878321412385460519765904256979926917804880 -7.1838522079382159233212625458813117175323488408861
6.2967821900281208584994872676385603318878875371334 5.9134821987449748239446933469345286750621709377538
-4.5577135011336370463019776160806497571791654420959 -4.9899170733941043318540056901238449810835607207461
3.4520088501513670202423273348446297028018179953748 4.2800772662677747751294585760830856148939541393342
-2.7046850740341781800850505361385036902217067940118 -3.7088020234784836762104053717218322223554923825363
2.1721393647397194649784774765374123244594459380116 3.2294445770927711793803933109528896215926846004008
-1.7728926634869497624545359505113510661141900343167 -2.8101850359068359912289424457178785797932561393197
1.4568164696435420743092789431650303297396661087019 2.4265935915200977068302046739235567025571111106037
-1.1896243805843590972734523354541017785998045967935 -2.0563530623208953470748017991490754096782973887898
0.94294086847459936838391570925967351699437951330894 1.6728902080827485138598722123546929288195717465153
-0.68178777850277899605303447253945687327433938716166 -1.2291228169867574862766818707833277667631029075336
0.27115064845217400762584739290718093092664627233283 0.49211226123847658210809624455368247140957340378954
0.0 0.0
0.0 0.0
0.0 0.0
0.0 0.0
0.0 0.0
0.0 0.0
0.0 0.0
0.0 0.0
0.0 0.0
0.0 0.0
0.0 0.0
0.0 0.0
0.0 0.0
0.0 0.0
0.0 0.0
0.0 0.0
0.0 0.0
0.0 0.0
0.0 0.0
0.0 0.0
0.0 0.0
0.0 0.0
0.0 0.0
-1.5971233032346569471334299756879186775073623005640 1.0916383305450191154444533442862647855914629581031
4.1085097217339647072752260267658477654214370054412 -2.7597916718069138655747806386531024534066595036808
-6.0084505320220671234542975649121464250962960376661 3.8692017415591000878559387257134000529315075778220
8.3315933710665828388276573635680044352904231183938 -5.0002865046876738565796181348574178935806106584241
-11.789647425386941600362099399015905224066661443191 6.3683456907078273049292951087651264734601900578649
17.808879116059826089518075479440837309301567324506 -8.2605789208060210400629692823620398801001561213057
-30.381257488277930685595607340836422540103020985334 11.277736678584141098564455974688358092620259382068
65.422975538274752057952992731258665388670626354327 -17.173496406999386396419565815250328562411502953285
-250.52063802531435497224732298709648510150206964136 34.664175721826390483210093499789197742841549726255
396.10608603153552641955293444222076388011200418096 0.0
-231.43269022691441255102669912288421130402434952682 -34.888879333598452825559100400575128000202261087191
55.967628701998997951511673996234676379623859411551 17.422100202763297602804416192298430256414289687807
-24.189409340888292895846495310902795156768126255015 -11.569413846383361466771448775886085835846534264306
13.306705368511117230858528315418147710108426827692 8.6202030850578557987780935622065624359805138280670
-8.3755893874661272746438693657884446719558792742948 -6.8309221441519011368458876659513068845443893846502
5.7498973688517291876254366413279266203414110059564 5.6191658522560225151902583313055666689917802371599
-4.1936400236805009755272999875125114107116534617785 -4.7341104779955954028631247813369329886233142773590
3.1955716800269032869162776087220626452791310036461 4.0489637066607673507683424777560203031927991233039
-2.5132571720885605842530056892247226426199099985051 -3.4915597533845212109235352560716676885636116921823
2.0191197913040068913045200617765321515608563313805 3.0162422241392579923420227228241430399480250083966
-1.6395446501946987110969436508379132100049790299428 -2.5904330460312413935688795844899407205078115747010
1.3272236645034308993233217210657024971826581634232 2.1865324846130731189555104890512362678121814148524
-1.0456647545292679051067588280378983015836649674702 -1.7739406851544523026539234657957716114743755597250
0.75326488510146103781198232357609684297974047593817 1.3011930490932361267756331835127813681070044453694
-0.29911545825872914121001696905105636177234466695323 -0.52060586572947296631308732475853809693614363966086
0.0 0.0
0.0 0.0
0.0 0.0
0.0 0.0
0.0 0.0
0.0 0.0
0.0 0.0
0.0 0.0
0.0 0.0
0.0 0.0
0.0 0.0
0.0 0.0
0.0 0.0
0.0 0.0
0.0 0.0
0.0 0.0
0.0 0.0
0.0 0.0
0.0 0.0
0.0 0.0
0.0 0.0
0.0 0.0
0.0 0.0
1.0948350890972616103093897772703327805581631198723 -0.90064752283158092997357772759287360913554545005360
-2.7977360158663757444304989405036590767627018536445 2.2695607612356551934056244991728635605133468610453
4.0245417200807929731548841337759973766997120252396 -3.1563231241816323428735479504335620718801015971520
-5.4227178427620843625991705677909674769595161959058 4.0220478533441331956329099120934071003159873013136
7.3302351855239460484628364283878752409424197525363 -5.0085819815729494246261246699992393467935561387286
-10.296867326403796450845356437522839033973561853249 6.2682184628364286672726404002689155315522887610601
15.558159520136767623548415585433446293503755789520 -8.0587205464914470518139657711781880286417065072638
-26.646843621122769912595762838798605115538894280263 10.952208311720500459706378489954647795553994074104
57.723561687826985447361526630510665570203413857083 -16.641245253661098960539896798553568673685546098216
-222.61996526389615573524308577201911908218891697134 33.560345765011096236450821736970796703346783370441
354.78851204679015193603537011087540218077849620686 0.0
-209.04291532013716349727518987545644716389139528672 -33.778434590609242202975466835982050594457051531006
50.997211780443247078784412718977063950700826049873 16.871921702127676085329300498711511983851977630561
-22.237512501543321318051324322887397351586172994562 -11.205483256296606180398582520694049165870763356592
12.340393094437617350852789591028533215401690425682 8.3473848144769332203135470646403786518125794583771
-7.8321811218496350741095601496778783818708835035753 -6.6098140071508242026047992384616381272504604961987
5.4172065492666736839827118586494201431640638575853 5.4287323462056401006766824085546515863790960563335
-3.9752726800607259413157943244817291060703421966222 -4.5608119368210069547283578098392662222626330478045
3.0414373960687945509604092221793896876233739289703 3.8824153833366784564807152916145252894980716962356
-2.3939615748195386658039696706565328698878050742296 -3.3221849266193744992821023296994693828710856921510
1.9146673825514139571474939342222876394340969091723 2.8333448636250262914244993445129755667003836922027
-1.5329709463781076205638493078599014012576869329793 -2.3795662273585464155362930165869106798927163656610
1.1986366382163510363195601925097264264925331268272 1.9238989788556134871503395389512067341509404427212
-0.85947375158390845156837178444956497580645834416914 -1.4082297266968337754055312108961736999419421829176
0.34063444583559215455895822763605024679001844260506 0.56294092902514063765607637966301922115191088821647
0.0 0.0
0.0 0.0
0.0 0.0
0.0 0.0
0.0 0.0
0.0 0.0
0.0 0.0
0.0 0.0
0.0 0.0
0.0 0.0
0.0 0.0
0.0 0.0
0.0 0.0
0.0 0.0
0.0 0.0
0.0 0.0
0.0 0.0
0.0 0.0
0.0 0.0
0.0 0.0
0.0 0.0
0.0 0.0
0.0 0.0
-0.79320618565542373819570583763060349599348376357413 0.76659545956075683208976972408644110588161856307085
2.0169304175595077746218682860392755997668749098614 -1.9271310963262841219500352945443988349802537577760
-2.8662137431544523204762106916523168044552631735715 2.6643227646880061042663092221194043864742352963959
3.7825346971970696785991377914884329382710505169150 -3.3610071237688132377850550247123269488782551870001
-4.9515428666758353327831974574470872078007016143588 4.1204492728152079160813270317933012477183298866315
6.6260996844491054190506425245496114514564817390591 -5.0358058930057091048545744223624030535737055101301
-9.2891720401118983575367481782134255030092357484636 6.2403057828902332072267194037530393185775837123747
14.064623193806022029550736022436441752416000991639 -7.9800894945353772340758694115233558172839124069739
-24.194137832321307996809302353371494318806032645829 10.814731134285895508690763223309036160087537952855
52.715276386754713701932827385571375939790561154333 -16.409679107837557121417706382294400743646322069176
-204.68952951235175340457461971952577293983512323362 33.074987848437824390406250651583970240561941139311
328.68714270705253094430075387377760860165678249765 0.0
-195.21327443708479510448045413886021156931035285857 -33.287317128984444742160006984106122388552777262957
48.021498980205063629007836376449987341526645261035 16.626413033064207083390840847623653491430263990161
-21.116303277009557968315172653903773827847140776116 -11.039481683834053023512699169295972867795089703019
11.813996387228142975117702347186735993902934119386 8.2176130842210208470817509789809178251929697342714
-7.5545722534508369916367662766606897809825666855770 -6.4972739308699355148827577016737214375868340000925
5.2584821576005062665225942361956394103915678232772 5.3220429907141737261141409512210809976932590221035
-3.8760774288154232170551688393419202293019129829446 -4.4511285421118447421423208752829704808992911986501
2.9698397048860846543526536776705748540529553460451 3.7610233330271339410243165715775373550251737714309
-2.3291668877793051998125183657164531308884189141474 -3.1785388076066735067911587005438203857521012597670
1.8388453584353988728358290704427330642641927963785 2.6522456024675223815470636048694315812543089046397
-1.4240827005239450293358087692493849090007275679965 -2.1349519866306367085591840339935360854859544256265
1.0152072674525873564436561405344083049094524940738 1.5585655514986504331998231429150000754677021567900
-0.40138816876450256114725355021728782119684582736841 -0.62235367042470143020276237995759078871292975302031
0.0 0.0
0.0 0.0
0.0 0.0
0.0 0.0
0.0 0.0
0.0 0.0
0.0 0.0
0.0 0.0
0.0 0.0
0.0 0.0
0.0 0.0
0.0 0.0
0.0 0.0
0.0 0.0
0.0 0.0
0.0 0.0
0.0 0.0
0.0 0.0
0.0 0.0
0.0 0.0
0.0 0.0
0.0 0.0
0.0 0.0
0.60338515120538416488485482958771307414595824347161 -0.67061583055834994399936119084949807600237137422520
-1.5284506733380825519469488602952636546352509003376 1.6827899291877771645036862621801877488882451589020
2.1520301187406416379300061079792115901065962768401 -2.3162111746764888075164905122723597804876934525496
-2.7961528465994933695926772430623277631334921077010 2.9000915997836268378357378744984806774025579490805
3.5752467577295762347976834406344615545091418235859 -3.5153038770244262939730716511797622373140526178354
-4.6228343027063899303712587692399988194045790149641 4.2253654215637267074331005648999624193174594436300
6.1624278022151068829508951378126507641610739566352 -5.1091893571090531975943577254718766523373303559364
-8.6436070299756552008697836373434527754460972436937 6.2935226951603161516915593522774416226916525577431
13.127276357391267372898150420031635868484670561653 -8.0213936326973073054033987199497040452966209336681
-22.688269097470557884566112391707383559720671795494 10.851442089702068978621174650216545863531846916836
49.725954232233575217258522947351805735767848562197 -16.451338751260201013545687834448257139442733545245
-194.39534705440137083006365671051513446831995270133 33.147846038945236286744978937935447170008269623752
314.51686485774858706411758027077836880259601980419 0.0
-188.27407882642853891051583917937557579154970309343 -33.354718532817417539485082045978194574211726745007
46.695286081566050067222859987129592350714465485787 16.655640609034243347153454662114651001937411388863
-20.700839088226279649486658025458347281034122500221 -11.051434365973052853867488317533785221488867240566
11.671042779413231393631526030790091992902128561363 8.2152952096635657526891632639079013660593762654376
-7.5137229820954899115999772622442252164333646048522 -6.4794833724067480725225788756744861052455436705357
5.2567475633014427377200714942308621286214107113249 5.2852492705501474643284708085123041092361051327038
-3.8837566758349178680215285658389221575315647575980 -4.3893892817873100401714499058348019046225872408912
2.9683149505329719920444466821750264829933964979978 3.6648657888016767882364742153016910335681146585439
-2.3012501092644321578348582360348698485441406088388 -3.0322517624528779819360274105228483072417002130376
1.7604707564452887457192954455437122616944829739030 2.4270112315348747560175864927320952801011028007314
-1.2457846288742526448993868224969085143205464378360 -1.7657507475757687485192252689489618802161452415092
0.49105540502583481315441878618197785525857384369261 0.70409731720200161346824177615547125785055430834416
0.0 0.0
0.0 0.0
0.0 0.0
0.0 0.0
0.0 0.0
0.0 0.0
0.0 0.0
0.0 0.0
0.0 0.0
0.0 0.0
0.0 0.0
0.0 0.0
0.0 0.0
0.0 0.0
0.0 0.0
0.0 0.0
0.0 0.0
0.0 0.0
0.0 0.0
0.0 0.0
0.0 0.0
0.0 0.0
0.0 0.0
-0.47957492440920018111057669542802937955203506751369 0.60132163891612439439788950832828118335022534713708
1.2112282607167741281405471707262904462044295835278 -1.5067940384886591086393342405868624321355682582039
-1.6931664224650316230416626817386168419267496388479 2.0669142021604562898448472907807029610507978714445
2.1737764036726744403567097943658095042800490487988 -2.5732836081872707181203665191975829705572685680874
-2.7304833135344986052957556178583641802035533730852 3.0928519226233305343457474257556000352859083394532
3.4422253246721076834758215353803675542825601283382 -3.6727577171080772981871489615847524825977669545719
-4.4270167741519833618886685052564954849416211226639 4.3649770655957955228207038876970681702823080294451
5.8969932752639081301675669240150743338936776415504 -5.2439235729729442132135505052859667764322290675294
-8.2879071423156845585566791722994494905130643263010 6.4354912027016228657911705442766332578482444988953
12.635453842859581125429019731523309634619531307909 -8.1853603263112860718049000188887837024397206535224
-21.951646627362997825166970640920121130755376677402 11.061435433211542366132489441180967344148467552042
48.412380243519702627468586932656708052271368163487 -16.761747278532763755214720483328234138784096622243
-190.60519588190552233981401090528607416006808479840 33.767700254662232662018566033559523348632781349413
310.80288225229872386039523258944273858632437960374 0.0
-187.56078096431086854700522241844350766010690966938 -33.969028006883668226238736842923218312599560246578
46.906180790359775468310478789495794692457221777875 16.953337973797786870105003275745829195675369796465
-20.962931790307654030699517805515953430207927715164 -11.236052808256659324293368230041183347228134131496
11.906082647031593670784929948317317004931370222013 8.3345067855040330128963950533751997607426067675709
-7.7107229782729708980912469927699909842399556212140 -6.5485603286260920955441163228589861567684903437962
5.4131056045284064431398712231495193308521245349999 5.3068426407198196411435659369962660842072488170470
-3.9950112816642126757741568764142407822288343598756 -4.3578074449895746119474928286779557348970970261313
3.0236837626299497665742588560369422531350508051835 3.5649380320002368784251611443954650141616814397819
-2.2765240303036537802449214301770547356779527678776 -2.8321096794632976488382660739038331659480581274147
1.5957244167211947069721321442594605043211107636520 2.0513546318231785480788974447345302304152410400710
-0.62654367848823765312956459717248857198949144747838 -0.81649831964576547630847541021781015932011868854493
0.0 0.0
0.0 0.0
0.0 0.0
0.0 0.0
0.0 0.0
0.0 0.0
0.0 0.0
0.0 0.0
0.0 0.0
0.0 0.0
0.0 0.0
0.0 0.0
0.0 0.0
0.0 0.0
0.0 0.0
0.0 0.0
0.0 0.0
0.0 0.0
0.0 0.0
0.0 0.0
0.0 0.0
0.0 0.0
0.0 0.0
0.39680167682665996541672625571963313492073922596190 -0.55164232849868130659743477384542584689432286069187
-0.99982065574697754117077687621703671723247937139348 1.3807891963237642528609058875779486876637312238313
1.3897261234486209197363282072636744734902600210342 -1.8890409042984064877527735400443452506226563007548
-1.7675540462157041911643312487440050457134548060936 2.3415101359207309300875632437657159922141704164527
2.1898978989143787961980571095113402523868753277382 -2.7961137877905317470364081687097617587642919127034
-2.7080921768916658303251389385530168836209482334446 3.2902829618802575739212330691660341231156921088232
3.3915913036379047253894760878735989661218732349509 -3.8613254417114369535356736660501264527238065766133
-4.3542551956084042825325344902683769287739453458512 4.5576622409623129811810448762166236374373050986373
5.8069198792183542290226911281142538656025592465321 -5.4534389627891355755243534044066745708800793496525
-8.1872590801511620692953192158736097062066945090987 6.6773246351123701134146510910534367137148682304173
12.540439079124143348073362507385827283634839462797 -8.4827014775678419932455799693015380689822731396311
-21.914999504910505415038206764596898542718944987071 11.457035469797129429575126221352221601921277884598
48.665377368304795415271802524157456359237615895056 -17.358348209574334040339454597082945833090689911574
-193.08337586137903824033613576713526231158565727729 34.969222076052518311448812811116541297592260935622
317.49937921002446064810480356269355883269222297017 0.0
-193.25396884593996650532220296284333210540475529182 -35.164509297280700833563596154331841616224417569755
48.750578629779949590302387083785051924717605769153 17.535082276717773270702105139190391393510294594610
-21.966529825114009699139217014652659498577580596516 -11.601090380422545967272114631254291226490149183263
12.564460215807721633887251826563759024475610687511 8.5769345679765588112165470945286322968004279031827
-8.1767391348617275354402136503145387695370520391275 -6.6994390225258088639386770277462210867455154991661
5.7444223450918017256241484281038408803140225626200 5.3723748235685717405140742297800432486310432805777
-4.2077057681943718892184258932857662820166735226908 -4.3267188312905439580275730014948018735719494159455
3.1013256814240174077480331239526045826120128061750 3.4027828214945404479430816356563811149392714871587
-2.1468762186093605072033453087906249622039722735015 -2.4501985462725271594665587015478550859038523633417
0.83866773088858023656555846545179638772353899283403 0.97291315896532470565418594415492807432470594772041
0.0 0.0
0.0 0.0
0.0 0.0
0.0 0.0
0.0 0.0
0.0 0.0
0.0 0.0
0.0 0.0
0.0 0.0
0.0 0.0
0.0 0.0
0.0 0.0
0.0 0.0
0.0 0.0
0.0 0.0
0.0 0.0
0.0 0.0
0.0 0.0
0.0 0.0
0.0 0.0
0.0 0.0
0.0 0.0
0.0 0.0
-0.34083194299359253181301348540812854402591301920023 0.51716104511685317398480179845077424824503375462981
0.85717737615039231985658027173332628151565651663395 -1.2933542443507586320025337695574481761905930548375
-1.1860623034951291538323609856952653518900711757370 1.7657118866951594138390085789672322390378096537583
1.4973326773545066479634626877712591479259502935812 -2.1810995124832683132043122246415506359923468487745
-1.8351503511748638857844047534367108771491041795007 2.5914847006410678829916691995987551781338969066457
2.2357600546125507450596225946547495786553619925536 -3.0282802872296099035744540441835813956506539407367
-2.7440167121924261814668871820908834537515241556999 3.5202526552680782797555820836333825924831868986721
3.4278940167337837152447814545539953807465046527855 -4.1016953150315828214115859172545992972192760133822
-4.4033513319662725870512470040079649464056392722990 4.8209168887131681477376307982406964269379717552566
5.8883335343798228576387696881982900738059247269281 -5.7544544885831217351939781550989177281156378259370
-8.3382636697888944221046352917727253134694677203539 7.0369123418422363006423966090222657176749177688638
12.844865509687251342121768654514952610120272431027 -8.9346679495837301973022717952339564280851506235563
-22.601858816496926442466283525603539625346351080967 12.066320509759947284882219150526994114690794127014
50.587367218432405181799869490965709382472062500172 -18.283832092229595131121381290066785977665363716237
-202.45922734078195142786839372861481309635247768850 36.839498948767714230420702067650707719686852390595
336.04033764438398378598811430282371529550494983325 0.0
-206.47310033387665045978317986572310115752993113675 -37.027635710325703101717172349362525644406171945402
52.572410617442850968619780761921089601756284404640 18.440815420146375012669235088523454875033897055206
-23.890590610731877133972762462850587986092061917497 -12.167838007632207517420210374893487744591541979165
13.756302704597982470993201500659390797650769388761 8.9501726937608267352487570335606869002394196109726
-8.9789697629138505178050066195742779776398521963753 -6.9247773830942493118587393511676375469403121393478
6.2781183175774893870563057192997804778415864307899 5.4529924730259967356255175921239922633366900236370
-4.4938856647314605192669276045645594972948031658074 -4.2286663518751396035696537041916317403497919381968
3.0588279013022659228126320517861028543959450821596 3.0204072212497002163013030741209753027067072064271
-1.1868131720119551638571292323460402637420022741023 -1.1954404151635743029858327513368265733597475257496
0.0 0.0
0.0 0.0
0.0 0.0
0.0 0.0
0.0 0.0
0.0 0.0
0.0 0.0
0.0 0.0
0.0 0.0
0.0 0.0
0.0 0.0
0.0 0.0
0.0 0.0
0.0 0.0
0.0 0.0
0.0 0.0
0.0 0.0
0.0 0.0
0.0 0.0
0.0 0.0
0.0 0.0
0.0 0.0
0.0 0.0
0.30331032287660821895245690609585285054275154136017 -0.49522557234254311997832288049245822550585660749842
-0.76165449215388614688035597421208313838136247223526 1.2376364354026682326474544073474676959535239867041
1.0500510931114335528167805472978049414384304929611 -1.6868250763448562144987173285216619516533092763015
-1.3177529641994300461056836600429774310278066495869 2.0779678569919834868763026219524842404800746184876
1.6012335615393744276150827104038156597958629936146 -2.4592042447031600859554003638176885400810261222612
-1.9280025543465654503969453972560751243104698409665 2.8581545502980953923631788315747479901157711450828
2.3295024503653302385467118880318271332840719439604 -3.2983961471348682315540142731839359570923709631509
-2.8502180755388025852450515516964663799816379871597 3.8060416573095650929524749488054631623953705637899
3.5610935819594567525412273327020935409650259417724 -4.4153292603894727500052999656179603187420942197299
-4.5856259604212267871894371492558531541501216621110 5.1766150134045622220829007181169857838361697024077
6.1580536297963282816003714486724389926315030271018 -6.1711556732629754274747720113621611700268321800543
-8.7703671997359912353876612254430059616743889972975 7.5429125911095827891410060611055866706349278845613
13.606331229999945738192709015727915006293375464507 -9.5775527420810408504131078202302889625601256457376
-24.140107264442679360289411685308794232583814310542 12.939006944900115613086064497585827689108194092038
54.533591181257443493449070897203287141699024608061 -19.615172477647295191506295893416434947173241321493
-220.46449048911594287358984427405740241871078405911 39.536766909070225203368838957541801972224133944776
369.87054124961458400667310452571728534011262696809 0.0
-229.68773227963049148847728115019327399508622361990 -39.715487944477948062424595599619972847782721079050
59.088784347679332955057394105383065325968488774667 19.742431508492212911629123655110294314200355336180
-27.092321679279444830341603815869218256157017021969 -12.973262999983246333464514230255648972824118041314
15.690152724561280364211563729083953831892150230848 9.4640264417144612550944646577981329194091155618399
-10.228403489884417779656710975162112769723292215656 -7.2017170339185189832539420224674484967760817549039
7.0197161981918715553208851600032888551043911651808 5.4716521787905443075956923244078392964055058744310
-4.6665763098877176165465262966599321050747764697487 -3.8638166924265981747267878662000864450621861771962
1.7936830222187937498791092862155608241607877311266 1.5223290121964709445474714288872479580279394659251
0.0 0.0
0.0 0.0
0.0 0.0
0.0 0.0
0.0 0.0
0.0 0.0
0.0 0.0
0.0 0.0
0.0 0.0
0.0 0.0
0.0 0.0
0.0 0.0
0.0 0.0
0.0 0.0
0.0 0.0
0.0 0.0
0.0 0.0
0.0 0.0
0.0 0.0
0.0 0.0
0.0 0.0
0.0 0.0
0.0 0.0
-0.27931068400294013226362339474910469730243496253434 0.48450520576835991925274115250645448543945803182016
0.70052879946276337099801550300901798030969538315435 -1.2101720324819206785228486604289108260359318100336
-0.96294642415994938834835341784094255880097901425102 1.6471946836765442530382386918942839574937016254984
1.2026773705492264023784042009214007102536045692220 -2.0247428127441550924800406433576289060922028006622
-1.4514114575226211962667492594486101711194486003751 2.3887354647468952980904558881168848266754198107320
1.7314271940265560927040042510130711643109190035494 -2.7644711844374610935440985524089371757612339140343
-2.0664629926609678554674491055905090577670778792436 3.1723374861328539126123803323412434134922248015054
2.4881295186202408780259214322024617493781365132798 -3.6335311944479100893198250180406472396788399531342
-3.0440582749693607632282013507395794903791769159387 4.1741678534697020312252832745445318572950895928750
3.8122450947806679502711659728105899706117998958845 -4.8303225761258812065450231876411431131966605504013
-4.9301458543215126606539463877806229516006589985438 5.6563335077468622811189853554375521148760347786436
6.6602889964115107131117082492131188675899824140587 -6.7407938844575469359411105735843614679147259800132
-9.5567742945982610087134131384053552111877655208120 8.2413152951273787965339210673671445256858658117775
14.958251775216074490240596059861296937519234178251 -10.471088990038093446437143975789045417800345786219
-26.808378677324734272438938091262277880148446989148 14.158195512186354159039610524407215075356572287767
61.243194101097986312906404695853642293115971976176 -21.482264649736896741969756842082214994012338135490
-250.58932811003753461876150763193931955246638592146 43.329599455719940251626301027271215735709781265762
425.79756842238550827221016639349358971108809579375 0.0
-267.71345878224476931934754903453394251270380021425 -43.494159941289011868557593750099895162094690071410
69.684126699291349715820372772703259243480518663829 21.558951533179937803833415641960767587345100162975
-32.248477133715403297734250638196172800543414866048 -14.072440592376445949615557010470951048557817532175
18.735750629710426958959723023190221138051965097319 10.117168255383498731892005837645064315866317147780
-12.056577139244047412450210850584420692394206555076 -7.4475754573446674777051114705784122358232018731208
7.7418713740482433186154717885622167803421572840986 5.1706736114021385242053547090445456968813800099064
-2.9357637942609699587630656080727017508276199429081 -2.0238231312559498897370092937428351377759645491319
0.0 0.0
0.0 0.0
0.0 0.0
0.0 0.0
0.0 0.0
0.0 0.0
0.0 0.0
0.0 0.0
0.0 0.0
0.0 0.0
0.0 0.0
0.0 0.0
0.0 0.0
0.0 0.0
0.0 0.0
0.0 0.0
0.0 0.0
0.0 0.0
0.0 0.0
0.0 0.0
0.0 0.0
0.0 0.0
0.0 0.0
0.26609681014321949737868035450373198598960130282239 -0.48486681063831338544244860208981156353290155132666
-0.66673022246607500223633574074385367690633654956669 1.2105379627683848492550124129431178279534619806765
0.91432754810378563761499719906506026213050971034673 -1.6459423283735262403575016304710907204047087354003
-1.1375923516987356502919788662792219301081772615895 2.0197127166426936312889922699381874663011846930344
1.3653799206538477802268838406611217959261784614924 -2.3769180453442733049299095988396281868479393160031
-1.6168401982530873587770572694719256140481445231941 2.7416191469707298826397815349227082253019967428814
1.9111743391267814393111299046991548464868783770036 -3.1323245595295561138043798640014170341824823866215
-2.2726259404731325670781688061395729586690282895515 3.5672762328709104807790486929998728684740036260904
2.7360025963591224180509986802670738928574925198189 -4.0677724878773936425559583459122123041218070464746
-3.3555347618515416798745999626500164320646900632973 4.6616996683341063729930234589470595193699647055962
4.2214756279615780948999138303578968481035614011106 -5.3887421584160003305419562243655517043461715924560
-5.4943671185713944003593809829561845139523698075778 6.3095061312508513094172891647979314338244969035416
7.4828292130716876045094131351081370021015253286147 -7.5234005749365668028944652284261074381307466767670
-10.841755467854020151658434577472556913332502599337 9.2076825933844907576516576785302728909369209506601
17.161114604566742725139609666271382832117627912244 -11.714769639823607538968296548169192662889442534958
-31.147227074835972822499272169261380986517374419414 15.863752370495698552550740464340860271520938440865
72.147682929318263366139031895483824403507836567253 -24.105601502096560152466131982150262013710597933107
-299.61445771086335854355648245193941661680277901378 48.676966797543518041030989769113729825550318703842
517.15919301374873623556348248833546396012737869679 0.0
-330.05278584233655575288052502110661174496205746682 -48.816659036507156301920792443192982610810137149113
87.099237406801482782205020517709055730307139480884 24.084356409260616929677084631322683811431417369749
-40.667112806527770610099345560422305462187503033540 -15.533954773780570771050776556535228023362770093318
23.496806250200788854889028622466885564724207565167 10.841440069716235775165886496314822550440098207968
-14.289549300126647235792985332773013190454861728902 -7.3277323931787276217498515058058918636960065254968
5.3083845078293274630358153376081787639543481309426 2.8392025592210899163506771814077804627094243333187
0.0 0.0
0.0 0.0
0.0 0.0
0.0 0.0
0.0 0.0
0.0 0.0
0.0 0.0
0.0 0.0
0.0 0.0
0.0 0.0
0.0 0.0
0.0 0.0
0.0 0.0
0.0 0.0
0.0 0.0
0.0 0.0
0.0 0.0
0.0 0.0
0.0 0.0
0.0 0.0
0.0 0.0
0.0 0.0
0.0 0.0
-0.26258162682129404670008763251151651411047557723564 0.49759443430368604019336992558558557850844458564623
0.65740701651095348488267130244660549235485052741871 -1.2418779302455808955072454360406772627186475345695
-0.89985374330252111599197695843563753668471544269608 1.6871362345981514843341012952220858096439240880407
1.1161918159062680674357255714559652137774902954619 -2.0674437708084993883001276328631638217976596704317
-1.3339175823629444819427589413931565168509519250704 2.4283698018078480457744434747134277462811648589875
1.5704531522993389964136542910682276774364028017186 -2.7936599489632014188996090586540159283891736105306
-1.8423914712968957652203674712704345785949606328763 3.1809168272286906779765701214625573614590124684819
2.1697413261171999399963677192160777320404177067301 -3.6067388154676188503758946494773090049931337651597
-2.5800761865235741165556529983285868747430015930821 4.0896392884878635898875251510136922197126397659876
3.1146422175336674848944564746195776269601558908159 -4.6527776163020648498654333488463119843820680461746
-3.8390507087914640319206053973922509973548249708139 5.3275860947082456365196254096768182811565379885738
4.8638425551766502492031324117761672571680061721321 -6.1596002330002419206893415841054738474090686682047
-6.3873687958192834767483222885203081331491149040928 7.2189507405647778197899241985573110964191326186254
8.7937127571702426228500961581393350727188980526115 -8.6210861637269951505447983229961953145737771726879
-12.903367517399602453008278339267189605360826108157 10.572102453348072515961547209618197313413870299190
20.721228272877652639973412118350606538154312157150 -13.481716377693963368651980495126279856922303004843
-38.219484484600293185512262813833453633332361004095 18.301547937167635603440181286968456765998475040238
90.104751097874046404177459376305873503430192419689 -27.876706702676711494478795685006512439244291293169
-381.33324693025097213634129082038946336072459441566 56.401326979165927754487085247876102469803126646067
671.73365121112365691549769646149084811799984052281 0.0
-436.85511836039249403940368427200212608727692193606 -56.489019615953039960420393004509172575875823865690
117.18192833094155324655006002556389342888648110021 27.634756248372759990464256710985482428296156713360
-54.959804633601023823394962671289952996299749217672 -17.385767534912716178855116832312107795019274079179
30.432357313777502124004317713283755391582740970893 11.216608158149234760776965113244632747385784163491
-10.930377283934932879938396055747646764716956073964 -4.2739379731816151569366996475937762708288963561337
0.0 0.0
0.0 0.0
0.0 0.0
0.0 0.0
0.0 0.0
0.0 0.0
0.0 0.0
0.0 0.0
0.0 0.0
0.0 0.0
0.0 0.0
0.0 0.0
0.0 0.0
0.0 0.0
0.0 0.0
0.0 0.0
0.0 0.0
0.0 0.0
0.0 0.0
0.0 0.0
0.0 0.0
0.0 0.0
0.0 0.0
0.26936153197200397394896002149092687503135357117976 -0.52621573287161622729615670528936012129248700450219
-0.67396906233620435775853196935772756089507008779266 1.3129511885688971973023380860239925892305090281070
0.92117689195969291331687786583520054918342802362239 -1.7825277781615547855942208009501555071406851589969
-1.1399462083241290457348147244596295703055501206977 2.1820329361700820105301559846404212018044955195049
1.3577436059799820994331935324312844300087240901263 -2.5591181851264812833783114599095451278178929116756
-1.5913519201439429318415227929349775307048327707486 2.9381622687483830340415497054379917697444996636093
1.8560960763616693234184096780893694602075154353349 -3.3367249047001357483259088640330809826852301887965
-2.1697562866382173119928215415706279604947280827415 3.7707853996332938543323609305298013911288906090069
2.5560129402441003305321786091466566431171383783457 -4.2575058354168648334875620004739359972103583266496
-3.0491405718410488472102333025645919240923387314759 4.8175537630851821482582999011913318681159525898427
3.7017589088213450411646766637264032735072613872209 -5.4779016377825088894256180885470379632923268425557
-4.5989133237414424841871799957598478488797887865454 6.2759884442065991878222849111797990686958039194325
5.8855638710117477050369219447731288260394347237700 -7.2666822888201876678632313432098358467724208955496
-7.8244154825275068904467405317367593412323185355343 8.5349686492615013000294172731598671935815250536483
10.928923992046331449091392056714093416866725460189 -10.221093188548608828002446631346899878492020878715
-16.306036059965391876427922359120158599051646009601 12.575570772311441296113946936183031377414130319766
26.685410648476039977329133524690665875084195237626 -16.096174232252261163493440030571793967164888009886
-50.272578217522589376065664914846318695274141750773 21.937714065016915906611592963460004802019849718926
121.32316717669545630736075016052277546759954411269 -33.547829877505535227492776173313058411110595966054
-526.67844723860589285578826233068807783314476338522 68.103927107515659983959363926714493052529457568551
954.25517280497897786855162478795633877965595836510 0.0
-636.37700214444300150770318908830661632152555782221 -68.057993878244890720393501814683827516912125981836
173.88560703588984545663766137143220581471388621232 32.696135445243557157769683141807672903056324362056
-79.770843477224210078613019649362007932965149286204 -19.205989533426185876958901743646675182493440637817
26.939793521635280792587489000263845783664495356210 7.0971397171834143197774718695023316081002368163315
0.0 0.0
0.0 0.0
0.0 0.0
0.0 0.0
0.0 0.0
0.0 0.0
0.0 0.0
0.0 0.0
0.0 0.0
0.0 0.0
0.0 0.0
0.0 0.0
0.0 0.0
0.0 0.0
0.0 0.0
0.0 0.0
0.0 0.0
0.0 0.0
0.0 0.0
0.0 0.0
0.0 0.0
0.0 0.0
0.0 0.0
-0.28967035546063869507495087229195103197985712111503 0.57890331048488185244350456147596989381863937591455
0.72444972471395022756510995223330715320836378132390 -1.4441141467487441637652567784841140613159424420663
-0.98908453677870005177092715872318867533026460091522 1.9596391722587369777418900979291397671451627771123
1.2218087173885987876688335701092524182508273560395 -2.3969385429879310241054756556871167268516307314656
-1.4515859937620305249410898595960029919404044394724 2.8080029868869158090429628113330455332482095026979
1.6956358953019170857285752817054546806647675134348 -3.2190739535777230954903518321126346452707556781172
-1.9691728139639463932585138690861984707796555966871 3.6486496688134405039733937402968310552727811301644
2.2893116334880044102030962694466054631256998862328 -4.1131082433976472677165542588414032288222434127157
-2.6782332003107877700226190085253722230561743788100 4.6295226736722364957626912781340523803107441696033
3.1672229998172649566483340181785450033951490332093 -5.2178364207400803945105609417390318875146254919787
-3.8030237970248575697501203695028096559297899066201 5.9032736469156421643705556261525209166375770237569
4.6588652841608168875848932414627350022624823001192 -6.7196814053563219393210885998235636575348662404207
-5.8549372832918604077467020600020826635195639864245 7.7147824240571377629633098931143457253907821396637
7.5988975462023758437216950090466398454132300635592 -8.9591375918783401510408469367310592548683657106451
-10.272040751349306259868715591467315883127860263538 10.562580798922878165793077733296280158498136718604
14.629575115670443461178309270096108085851009396193 -12.706826943029289206722127541701029641357965454339
-22.322092259000342182921923282533274707939329559584 15.716762856816089065431915090204286781226797231894
37.477738162785308910546919315668203328868261215765 -20.237704392949988166794010429727344927549314534111
-72.686382415768157815586050445422874066653945879927 27.764621070788699651713864596543650135228158602928
181.27966340576854647091043231274443184237684108320 -42.750784036062815360308151595741655518901363561789
-816.57260173837768345951593831333147483845292675469 87.329197854385881993085122355510776112656926508309
1544.6958322720163426384464694976954592767778198986 0.0
-1068.0209050821270709573036124403845051576125790728 -86.828699379568129228438052976905485848738366503920
294.65921398244559153936883235076308895554333718397 39.562995713230424575032486847954524085998843980077
-87.074997032649271742816412544120712041988111241700 -13.677066695916066776986182548606830174268847970057
0.0 0.0
0.0 0.0
0.0 0.0
0.0 0.0
0.0 0.0
0.0 0.0
0.0 0.0
0.0 0.0
0.0 0.0
0.0 0.0
0.0 0.0
0.0 0.0
0.0 0.0
0.0 0.0
0.0 0.0
0.0 0.0
0.0 0.0
0.0 0.0
0.0 0.0
0.0 0.0
0.0 0.0
0.0 0.0
0.0 0.0
0.33315685741555799298519193490655130210923327226475 -0.67650194542774249332608058016384167399953945587981
-0.83293533790951187750377355284864455445791776304697 1.6873354059477551458941522570168396845706241921977
1.1363141118576257313982054262493572558203444599245 -2.2888924467140409432760059147396396804001932266263
-1.4019191204242975760552118903711650171804423833015 2.7980997097102778913578351746146006823438817096241
1.6626103168149201612771494261327047976558341695965 -3.2753646574062115134817953769814804472559541624356
-1.9375489609964448144842833840993508650761725034534 3.7508917290164102713951638407930741369751405437603
2.2432648409316606753470837035755823953080099743149 -4.2456519247320105098244008869090057850754632595833
-2.5979312775324025377655862396859712256377089756653 4.7778503246846728087707951191715781580815248021130
3.0246281348809802082429027969592972250742299086259 -5.3660531207215138936395542004893481233235103227869
-3.5552978567148553149256168549966219575092423645214 6.0314622717757271048958165295845920619248899387561
4.2367385335873605403582017034070848204122186294646 -6.8002734761856211793439208457917232274075695328738
-5.1406631943996555139782144024550331514634326539341 7.7067638666241917789104635487260937465731145028287
6.3816978167747034465585913361446910562180794486901 -8.7979037543615901998423713040363938177182790039117
-8.1514610099396359918813022197179205015448120870157 10.140824924627925493797859281335701000390184607824
10.787175415723837389269447147680378419022784569433 -11.835717679356730345695616029505819362328293489575
-14.920151431332687757342059294780112059808259826455 14.039596694173665680173210410932522615066660896832
21.827077808794376012179565459120031025798511185077 -17.013533663922644242601736226769340975308255700600
-34.361752055037054054400391322107725960885461714870 21.225903365513774001674464029925187731869568507889
59.836687763023971625908110844733834347479447032604 -27.608682535210661801524970574893748723017483027018
-121.13861981660057279678514352987005679047661425224 38.320512557717135617152136457683527068193683280858
317.90177934589970533651187708777353758634271360622 -59.775848116239554973427506441670482935602999634744
-1521.6989774948599035716525314395658651777885383925 123.71213188279051870948709141339644386739895887335
3112.8298816210071459632219293800554097652863777412 0.0
-2275.9865572679756419834081694172778083696114275960 -120.72518385648823240071454187908038107223921280963
449.63636350672752560916901674418784813902649026895 34.126785030664012014165055020290465495831962493862
0.0 0.0
0.0 0.0
0.0 0.0
0.0 0.0
0.0 0.0
0.0 0.0
0.0 0.0
0.0 0.0
0.0 0.0
0.0 0.0
0.0 0.0
0.0 0.0
0.0 0.0
0.0 0.0
0.0 0.0
0.0 0.0
0.0 0.0
0.0 0.0
0.0 0.0
0.0 0.0
0.0 0.0
0.0 0.0
0.0 0.0
-0.43495399543894852065747681933353421396036143369342 0.89190990611928497608542064624915912984815966931730
1.0872212206313081914608741272975962473705708054041 -2.2244066629540316905083017358135680353831346700489
-1.4825019348057260955791692049807072990242440647482 3.0167874942419506279475442611823031047991816327954
1.8276022660892239832722496048221466807232653068137 -3.6866499322900911171378137763467914171547426082115
-2.1650644579887889445332662708038785810063322834019 4.3133554896000066306405035687082754778860553663072
2.5193997212971914903317291138898160923985546202115 -4.9363578772338504887368063744201775545062603895327
-2.9114359730274228639282059769206954866550263861557 5.5827939403603784683805843312581331275161763658899
3.3637379640447182682735549499849250231500406325935 -6.2759319720015666700769031844645075828990895058010
-3.9045912726749570543394108026776604857189347140762 7.0391731497319439000058301182258418066451069719464
4.5726723379254899265810649426648329089534035906259 -7.8988541475528079220802455833193286191957868285004
-5.4239486701189249904312811890785754159258930328295 8.8870262055856770957316894243434740830617101679658
6.5430086855213504122514285704677116218884714350995 -10.044951673758877081963738979474426905696225935898
-8.0628620120270450346042915169497145369933974879231 11.428142790782563471375300176103958941347693234255
10.201403971479297367927795913626426202817183964857 -13.114230169512874146350399026728334351061554399291
-13.332334756249062018332160119408229254089000739922 15.215999392522084561060643170488485758991199696107
18.131974267861518501740928988805849146726387993308 -17.904225991546177940972517636173757152450678646510
-25.906769024451624787292230433414053077517672757970 21.450202451725257276549170238903560424688785073257
39.394542470163179406272288660890434283202793853416 -26.310992697004764288505267595623998229404512519050
-64.970480614984130282697510546390963460427440013673 33.317096669983165525018671815726122643700543906300
119.76002396200443829844772970143449275776620214558 -44.140558943300135956971508768384031537717987299078
-260.38283182901487293995319124403518334301814197601 62.690949785679103207740360179962162474340159755521
749.56251564482340659373318981599756070566855761436 -100.64147729322682266546839702893260956670611213138
-4063.5773546046109222478079629517148455803582707892 215.54438521753671627527620686243663215823663595940
10155.397629491876326080408720391654176938550557092 0.0
-6659.6929939733628927898630689119216079927591116957 -152.29025346318222945179376605615931931423863751623
0.0 0.0
0.0 0.0
0.0 0.0
0.0 0.0
0.0 0.0
0.0 0.0
0.0 0.0
0.0 0.0
0.0 0.0
0.0 0.0
0.0 0.0
0.0 0.0
0.0 0.0
0.0 0.0
0.0 0.0
0.0 0.0
0.0 0.0
0.0 0.0
0.0 0.0
0.0 0.0
0.0 0.0
0.0 0.0
0.0 0.0
0.42815373246518004372886591084661984481877402280554 -0.88156202269212007400485587271539296780837969637529
-1.0701322645658275087862436666011517860782723295772 2.1985160895539163353905086584066397731949205365640
1.4589045048848740717135557089239741030286396119561 -2.9814052431628409465282403619664027616913958986567
-1.7979249822933391948639549753640467073325553961850 3.6428817690934287759744176184896892004176125066216
2.1289247674359367809530485553102526187154007281545 -4.2612711830669009949576221295535744699218765499942
-2.4758271243431807427875559543937787562997809938583 4.8754188447020590942639091178293400741307786993398
2.8588307926716911677057389774455954084228115899828 -5.5119384476922782742857648957568828843887324103469
-3.2996820012740475851037557924585649829592294653903 6.1935310991681397310420197708989913274735203374417
3.8254885505896644286362301449423904505517909007937 -6.9428925644064347737880831750682230398999029457010
-4.4731257743554081848870931054801346195014533814072 7.7854067784781781925342236804118512820046494636116
5.2956760180844818446801769630528631957036170681947 -8.7517654596666791152168302789701071123605334429880
-6.3729019653031434158651293531389736226309175875155 9.8812053717761748588995634521352840964896390670691
7.8293669241659894473073284620165446585439145229149 -11.226098298226319760451475718761067070546844922275
-9.8674128593837239782955317808142658630606959184938 12.859001368232750597947589143717460650606439679389
12.830365530234298402486155577696612754249255636858 -14.884120372050477447509917685099777394703247739530
-17.330947259518162251137600461880936466388367541832 17.456930269802989461410531957559794806490174245019
24.530729885351702861381628691390406678939593833751 -20.819643901535852748977987463760910972804642798844
-36.801126377652858605008867997696647786698436394410 25.369537891625981989418754302410748577544851689601
59.457933806456892070451916732495979124295700840869 -31.801222684662044013225764607885169358444565493842
-105.96472719070133893581735165940482371694964487537 41.433763866852525127014235791563365461280473339647
216.62686580832266643901856866957418221085459496135 -57.069150582111977841812723313244349822837088572491
-545.67140289457475531179245735704191594278525829128 85.709841237718590191877081284623019656052783513691
1977.6532957144272630806476464161633241756950049585 -150.10118034419308146148183542168720609879681720137
-16406.052646605836698080445091929448658610285374051 375.16472878598100230802962983748901382821701342776
24717.562725456732191875720263288105928073556697794 0.0
-10936.036158588355300211136819635043060116173499274 -375.38985221022272923174045249247559558095971549872
1304.4601752165301550988736401339014505012400865060 150.40146787146198309588539889574952063213045168504
-354.43760681557377286848435001926682623237281086982 -86.067313353966263421093303920591188701195452802032
138.12386894293804884119795439183207001236021271627 57.472623062371465885605284965694284146533680558483
-66.264423473705176072138300374806445833158931470626 -41.874800722723295032146414072788867968940243231146
36.537923717309926513609680533058704133655139984833 32.272794389089764901139181524320560874158523345454
-22.337743449557144011219903058721361821176738145272 -25.865441240894988558765011659510554393208411876965
14.828585161097462333936062690089080489611467862506 21.334213090286601300579945390809193172838382758582
-10.545325917751209839396379746026260978427472664794 -17.984879391328289077493089649726302454975712248932
7.9534087863474088257434595033272718237449602825170 15.420451047480741398177406929906479089671622144867
-6.3068792470659682807201672482585460068265060090777 -13.398943808283778184734651960201348324849413475900
5.2151956597252256042039002736578878197092642759862 11.765068771248222294952239971467690367487501063179
-4.4610264896170258934349427637758205646187507795542 -10.414769810994150081773240594666554910201376631547
3.9170081715919566052225731890512186671479144223507 9.2756020672942638340378017898826219613860817236819
-3.5050357750249057703928515070862083360044128325441 -8.2952615735538885634231226439243736318344257063864
3.1751678656638931663355021020142340425866344128750 7.4345213137102128089459860348432090797082716904203
-2.8941084314202875972370026891104777118073363770441 -6.6626186124393764917255552706685492898186896138106
2.6385650670751461779334037130308905786164354101685 5.9539803644127454898403311983769868797767519558870
-2.3911153956120854528683794510607887299147213934526 -5.2855378820988965539670598297617024076630248685516
2.1372231679849270707671661558914455326936065108754 4.6339083641947961401503630706910422427118379619813
-1.8622892831649640856024791100946964984928325291279 -3.9712178100114476641600730945977232510915992566388
1.5467888118004463316180090593634414190629861851664 3.2560835851330146059222086387021431737386024818991
-1.1517426683561942066997101219511785149809566966005 -2.4038946019511007592030393863388107598110964679911
0.46377007682418754411820167473551105028523617914652 0.96439982731095205902339101799353109828417569110245
0.0 0.0
0.0 0.0
0.0 0.0
0.0 0.0
0.0 0.0
0.0 0.0
0.0 0.0
0.0 0.0
0.0 0.0
0.0 0.0
0.0 0.0
0.0 0.0
0.0 0.0
0.0 0.0
0.0 0.0
0.0 0.0
0.0 0.0
0.0 0.0
0.0 0.0
0.0 0.0
0.0 0.0
0.0 0.0
0.0 0.0
-2975.9085133841734023538214657928296580292820933073 102.15089277600095724678657784056149271011527824811
4516.8902612732523639657592442117352422466397960249 0.0
-1787.9082777197609595816459368547597095237435941041 -144.86872493587308176112195431165233179618583585930
324.65731425377993222867036697998808190741106618129 67.788247818439800234049200360489462310382670216523
-110.65637356809478736617001006411349493633664738224 -42.348123714205210438538051264473835823500921494884
49.887055638482988020703433834743558323668019345376 29.923042456349907978553604136095909470760144451617
-26.577656742384071689840295908174305566259620992275 -22.679280992684308407948412045103917983469819235677
15.906291976500443568724735979521272124140057789484 17.993422126231912724310225980574669902812300684402
-10.409970102295121819416603814302689641023067598358 -14.743607111673645076322653704521521805254539245970
7.3291882562098928692273262468997329980030616285466 12.372687931948716387714182898955995382671055502927
-5.4875790825573299000962952486792315552543497958831 -10.574092189099220241191241065462951855886546737971
4.3281077860687814973797304903975476720106818969036 9.1658913864270092836793678676067008216684711013119
-3.5646034855960310586056621284230371094480768786914 -8.0335920007018685889385027339259590290334037912554
3.0400541768805306510279231768872879779608450880961 7.1015969047937923499048095607357001803740752852537
-2.6634473888452658827741598628182094161882447625194 -6.3178786107326377740123416644238409885337568805765
2.3794550943651652898687265264594967485352479303485 5.6452247827208585972207592310430560318137282571364
-2.1529526579751869994650506934680680409681427755795 -5.0559479911409155968321627145540291823900305258663
1.9606656592650067095612450882903221015157801125144 4.5284885906217196532757622614446549886953897309465
-1.7864024223541068488898857385988901493930928772814 -4.0450426668107988747625528580670031036360707277784
1.6181173854033144966751984786921078485053763747810 3.5896526273447327580813936767867753081806544067538
-1.4458179247450597782133043370976793710077963029535 -3.1462418847701503118833064970779949485018656496522
1.2595285100105093386454972624145885780305724792573 2.6957472776057370099439113213737389582908355312579
-1.0459784528623894843663844498107658427450189542728 -2.2099779557336442583444110411625681710892977776099
0.77876385366034353127041129755705258173838798449584 1.6314308892525902982636749435621791782933340276099
-0.31357111351692846008507516769857956905005159791858 -0.65447637196647075652189976374872238001856221162601
0.0 0.0
0.0 0.0
0.0 0.0
0.0 0.0
0.0 0.0
0.0 0.0
0.0 0.0
0.0 0.0
0.0 0.0
0.0 0.0
0.0 0.0
0.0 0.0
0.0 0.0
0.0 0.0
0.0 0.0
0.0 0.0
0.0 0.0
0.0 0.0
0.0 0.0
0.0 0.0
0.0 0.0
0.0 0.0
0.0 0.0
199.27944446228895558286581697858576186619667226252 -22.976493673915833589992324174800544945448829213427
-1003.7308576654581034144523212788999092055231058969 81.329233350961000277583475940899722032994737710847
1357.8220295157280882434193324657754898365526578475 0.0
-652.70674724132832690960605525225271764708631290007 -83.638751153928954295711428560556111307038899965592
133.64402814378060546343052123599676406240988726477 40.529626369093256649442266421004345995995579022270
-49.848290666177529698285422410514680183585093708925 -26.074524303354856484904832432545047914047864164955
24.141267349351538774431947134564913230199429611173 18.863600095245337703836696644384965444541181284711
-13.659762591617342349718226464523708716609517592759 -14.569983836282293935191827573849203506574781246332
8.6201205489734311743295625778100727260261861069549 11.737695146182573506281475829750533655342724925700
-5.9181678926169920151210056609684857266569453037859 -9.7382004081435037017649476829380990532057673224055
4.3516102171062160364927690609432264141733709991580 8.2556721369094766702696478394036618225815323427583
-3.3868400685562099425351775863721396221405338124180 -7.1141028090797830415999485839599832908944516924130
2.7620834350448503899439753028017768847954533349290 6.2076618164887656484669824574178996081476343475021
-2.3385510366768831373925993353282909481056103458989 -5.4688347233441852869796170810490766066341303137897
2.0378838147349548645638783725833533189290479580721 4.8523899613900764658143992817313567005859932898895
-1.8134303155931070075194654272649010479930714291925 -4.3266747304595971543894884925762997723728858375594
1.6360763085846412300042507820212148826253016873809 3.8685698965401889354599985647405416692475606259921
-1.4868089557221605273987988800953566064037585959884 -3.4603674018964347714364634737702629058692045677137
1.3525737393545543589802341996634367603184327814928 3.0876683014720443501792835547854014649185473850550
-1.2237825292083580664985161389850298143526115999287 -2.7377589080864416573972660009396495724588921831538
1.0925883298906310568133922227929010898216882923779 2.3980130696991044138105540029836333246306560375149
-0.95126887510548474387473177068319393654357933249753 -2.0536461978118595817218490606908092079525526449351
0.78968101016622875395294031119181806160222405586241 1.6829990939593164936121292182077532163870759860989
-0.58780765429340381594957509389656580458334562918507 -1.2421420417642603402079710486186057816322466970087
0.23665987375820634782411853861257349641915194691173 0.49826159678651911617987195853862589341786391466618
0.0 0.0
0.0 0.0
0.0 0.0
0.0 0.0
0.0 0.0
0.0 0.0
0.0 0.0
0.0 0.0
0.0 0.0
0.0 0.0
0.0 0.0
0.0 0.0
0.0 0.0
0.0 0.0
0.0 0.0
0.0 0.0
0.0 0.0
0.0 0.0
0.0 0.0
0.0 0.0
0.0 0.0
0.0 0.0
0.0 0.0
-38.141048318199861311942645882850984263590002422583 9.2617078270686362228735924223991377205953432287877
128.38621142580928257663945061011989798638163162023 -26.806962093576299442246531155534350993384775702354
-459.76854225589757604240048616761494242276232697289 58.915380998700992815031097387122182087664524535605
653.66136205601148115569585468780593690475055946046 0.0
-337.85068036992199574733563453385633560137303354172 -59.554539248084479296019506492096195085141670424878
73.251757524537062834755181321823082550639435943321 29.257496628354103256135674881726644617256368197616
-28.721225459560503267465838121059893593329188416216 -19.079985710894040579220663978170826208733805220303
14.549411192989741523800876084974106638332354426753 13.972075223312412045130537851287335409403944028802
-8.5840088082596307785330638303115749014701434626302 -10.905801208086263546457089136350293779322148044648
5.6353479434742455591400546953924955642308846615207 8.8647563526301472241603507433662419162256873636586
-4.0154157306433065060890619315544353297368969340260 -7.4102523853301567485118418523343295944517960375550
3.0549241990782500441522789774391387850130108258954 6.3214653727914274701975244523236150437304048268016
-2.4502318483927523370047256418563661089661774583302 -5.4749091688910029199101190906014347820107779435320
2.0492736662758902075109425969417815015457982024448 4.7959607213199487698566645287411850764590875220731
-1.7698297302478682420458537739338902294697898341209 -4.2366864498930511738708241365351127161546447766792
1.5645845422592373622659722187451785590427363979940 3.7646636891993088480888185665113987506555901260754
-1.4048128138747661719343744278376546912865370520772 -3.3568804905432905516067167601546955764818853873209
1.2721880334762097470265233248406985534136059435418 2.9961541620106555286404095163880428244831986578264
-1.1543866459925184042317722683971639503476156793151 -2.6688426789366339578127470583680377931116363808835
1.0425387406242924746269628437465255267553202403104 2.3631779054030403907729501238463131044238200705742
-0.92953888188294021509441813899268783850478568464274 -2.0677331082287908552548912221685935654744922578947
0.80855257172677514157356778215671307613753341304592 1.7693941390346164867889250183212633277068828990973
-0.67078660990881880284962730027408864214306287205439 -1.4492390635343068367477069048542912460507236156074
0.49912026057032825072514441842739307030088996299019 1.0692442119193510463811437444499357268943215006996
-0.20092213697035491026066989461377170599861618644713 -0.42884464937155365224479799612359767075042779834257
0.0 0.0
0.0 0.0
0.0 0.0
0.0 0.0
0.0 0.0
0.0 0.0
0.0 0.0
0.0 0.0
0.0 0.0
0.0 0.0
0.0 0.0
0.0 0.0
0.0 0.0
0.0 0.0
0.0 0.0
0.0 0.0
0.0 0.0
0.0 0.0
0.0 0.0
0.0 0.0
0.0 0.0
0.0 0.0
0.0 0.0
11.639811193412367736169835191468018647870523125547 -4.8432648633128523519896367943441445300179206492446
-34.268413300212997970497386803915740224330861080907 13.114499952719905564523904595977126517667020349237
73.721655488342332585738697683301829458294364280367 -22.357236561584263234975019105668967967745450214006
-264.57522177023682016344806119757869134623188980540 46.637927180533804972706180574037310123851353720478
387.63112610410318503470271732477881601669095972050 0.0
-208.05489227924075733595734037462792134690948864420 -46.969913748201191652768540953967602700564187211019
46.689793894787264280492173903132224614963573269050 23.232957197518267676073359152529417861492455652915
-18.928131206902929467129686430409237070858738831232 -15.263144755883083565515676523997076215133286259599
9.9094674276169324850536471750775824272497340635767 11.255618489714483216099145234775411123995560353289
-6.0406541458273760253695169075412034055779674413568 -8.8411531455077695629343840485956401490223848269205
4.0945479946802062722744391176868406751422435144041 7.2262204986199773050279528576332158226951087522799
-3.0073454598709674235263915266092074538530326351977 -6.0688149439690505333978917889937363269593361704724
2.3515987203797457021674459358177630039726869800743 5.1968412591772903197164211644673179045021395828103
-1.9308072915507132820504852752190016171474961522169 -4.5139722971173943893783565807689401655498913362321
1.6452612884839015596226477013302174789439259849672 3.9618440373290961706711223538291430245178714514176
-1.4403243293342546160655796565757633419580185539963 -3.5027737123451288480653317166380394341194097724806
1.2841034542029539724465234943471369224408123750926 3.1110347818531467061135286886082372138453841195331
-1.1569073360301186931569048403900604529414081536459 -2.7680634301985193609089824395860393124252416691501
1.0458728442128347633915260741972251265366031434206 2.4595844075121899775741661494123877806619899500483
-0.94199594147314331452146952296200762719680855855873 -2.1736624692658829569967409322108903954141151708268
0.83827272888514859856869163320546492602332224611684 1.8990590504474026028237385436885792064820046344466
-0.72817734351800583487215145502294768144618693733309 -1.6232316735123245204429614839875188303479736129342
0.60355827746417565106638054434336639893018536449062 1.3284707571968683610959355550975723208669493920032
-0.44885375118855809262367283432817865800960572962088 -0.97966120530272682722441069675266771490173341944402
0.18064709774763499126067808865796923517092230660543 0.39283467062244925632874903790587196494581515590272
0.0 0.0
0.0 0.0
0.0 0.0
0.0 0.0
0.0 0.0
0.0 0.0
0.0 0.0
0.0 0.0
0.0 0.0
0.0 0.0
0.0 0.0
0.0 0.0
0.0 0.0
0.0 0.0
0.0 0.0
0.0 0.0
0.0 0.0
0.0 0.0
0.0 0.0
0.0 0.0
0.0 0.0
0.0 0.0
0.0 0.0
-4.6596759500775065852510301167269767225617911167552 2.9446117782853717489001372826809137615930751240145
12.891502159361120455227917285184910009938920010473 -7.7325262335810937349034529098913081554480345143354
-22.945307549258550814514211254204490907713150646791 12.002176430636106042182301358896421176960930566587
47.867474068809347779881873145455832547289351043882 -19.118755761005445495903635231824583855616176117302
-173.61051403627385524685104745130355965562377555633 39.193843416669754595009459219494294463142445684556
259.30133292432327262064591174702867713096924390382 0.0
-142.43440658149202970489542265832547109723934901856 -39.434004246693134057243919501635281495415719662837
32.740411490879072030556703717874571676573591318481 19.580993233419331031356438128087156997299917190822
-13.614378463385108857603999838691236514381462719996 -12.920349379410321841087660355375568206189468826951
7.3203948732947225717917048426768369634616775315544 9.5689731795301023969182860278911845714411508985761
-4.5864774180096453078166845991473580183501410344563 -7.5459424820894708462026223444442242054424263344410
3.1940618017608086779448970520839317177948799959060 6.1887320916513375921535944029835218786072101518552
-2.4058814757956506140300334459047548929175265960589 -5.2121237663592571099569907969933208535736936343656
1.9232103114754683250372111195550811541996578420874 4.4726657871242239114615551116861720225815554509766
-1.6075271687525183624687466468257726860359651674417 -3.8900104101053801951387734504731318683764275580788
1.3878961443906599690015315372718311935786112171616 3.4153489482843806775914776932899734481038257724601
-1.2250502420237650803151281577709778387197019100513 -3.0169781444754944263181584130974812558869094898625
1.0957776187363079144137058039374782934608271565386 2.6729869307975178775531450475415251249833441065220
-0.98547791326885086462050083985888036077033245666398 -2.3671839520061805262589120046173588636185830991839
0.88429008970179291377048621006175435208871809114839 2.0865495981076387562088207996070096071624774196357
-0.78482622817833588590833741744207453911649274394696 -1.8192913568636185008252201773020609846975119864511
0.68048075370979736430342927678534850857441385444761 1.5527181752785697353512884793327247151199020386300
-0.56332328696928602082589209814855536781876894863403 -1.2694216578877660054931252408728373347106852513098
0.41862158888306055441878220977135111345285017357913 0.93550588424760777775002389601947675998034849849815
-0.16842863475189535302228660251069962941186532473852 -0.37502643397209490939652727098739270306268031861635
0.0 0.0
0.0 0.0
0.0 0.0
0.0 0.0
0.0 0.0
0.0 0.0
0.0 0.0
0.0 0.0
0.0 0.0
0.0 0.0
0.0 0.0
0.0 0.0
0.0 0.0
0.0 0.0
0.0 0.0
0.0 0.0
0.0 0.0
0.0 0.0
0.0 0.0
0.0 0.0
0.0 0.0
0.0 0.0
0.0 0.0
2.2395698578561502913516347396139126513637558197423 -1.9781413443685375081728044682330157668767956163595
-5.9865663299075984794502808540156369069627847365030 5.1084646510916714861764730238989921440691115851575
9.6861041728279130545724280855646504328067719079462 -7.5685668425365748580831584304879313641457803990373
-16.359532358125277677891606730713137792886818888904 10.867908267682788366730050607388755408712060900406
33.959829780947019130324009885426394840085759480886 -16.898495493762195739875655948456539271922961362546
-124.15390041940448316123145150662844995376208038837 34.372912794642735679086009297747684047408915320729
187.89701541320775454890844701090979708301963095094 0.0
-104.85132607964044275813521412489219731828141373475 -34.575873451422549884286100931312635736195386979787
24.554617690665727592812872045232934003955344389788 17.209168836181371751557774966157831121634362035112
-10.428485973985007377210313248008684719887611164453 -11.386250758140036744732617927748515962456105890470
5.7382983048945793714499679065642872748336035381532 8.4555112286504103248637377879899613830990226468614
-3.6822894122995344615651236938266991748965753233108 -6.6841088911621224233121952292946213620300818783510
2.6246192406813663199316506912918482034620661761378 5.4929796249568251526850680995057251182677711444795
-2.0187515399952414314579692547254270462251818227859 -4.6330003175498859875333356015009063058076968890587
1.6419740545513632438728843449423983384497198259640 3.9788797317628470787389586305072468301439446756826
-1.3903703820258566120904461597236200851298325524829 -3.4603534249768470123197157776146564202338806826410
1.2103444549623790465648756057246806592168869033504 3.0345731227422720717054804268523297499320033278317
-1.0719540352509328866146385648771660924220903104348 -2.6734569951211257665101323079795222125891797202020
0.95724586955641352643933308350016917349012578155953 2.3572268046801272597210630018557913458105417188072
-0.85461938752132290193369294428721230552718078981586 -2.0707031388441782451167209791764045468574141204835
0.75577296749630487688528297160524923502401194591420 1.8007681042171321334906012447657110611608033088956
-0.65365355889581818791862109858521365336175761982418 -1.5339288428419365694872856094759085470778798645678
0.54021579937695610005709432390925665973636575451098 1.2523550615139241358626418481643312595720580884588
-0.40105332088264074929440784518585234839376969917487 -0.92215393931370072757995961181139249365651936582460
0.16129498218956121021914230507138983701415130637279 0.36954416365810416821883573326184025463221960345681
0.0 0.0
0.0 0.0
0.0 0.0
0.0 0.0
0.0 0.0
0.0 0.0
0.0 0.0
0.0 0.0
0.0 0.0
0.0 0.0
0.0 0.0
0.0 0.0
0.0 0.0
0.0 0.0
0.0 0.0
0.0 0.0
0.0 0.0
0.0 0.0
0.0 0.0
0.0 0.0
0.0 0.0
0.0 0.0
0.0 0.0
-1.2332364489368405467675364810236584657359616158412 1.4279958482887061118558696157685292571030865036293
3.2271292900941838990103786247056867926612573301221 -3.6505742292659187097110391388370678331770152823454
-4.9364930004090154844220417801426838612093887354554 5.2654372827839919525719528919723301516531153584863
7.4644814179119121132495734690807681778538697930599 -7.1682829284757891576284250049153558692906604182739
-12.400454124493412244137417781648606160636662452201 9.9993984758413570683604015528305281824653172648955
25.704898607693439903819704110681528045611488294560 -15.373277939502800411647216372207149104911490820004
-94.440924928543166500954824396593318278581514770632 31.142929622886877374122182209464009365346241054990
144.30429833680328666845969384919707066482537593910 0.0
-81.465544282354397184278450418150011345016310706301 -31.326678716564532301193395224946920335201562991720
19.378942234779961969530371504691830185458851693109 15.614995359303520304621928920155584871986331501141
-8.3852636458263897881069013393346819138025124714816 -10.349047399127090016257102213762957095540735079732
4.7104136947527557900129161574814954047060020511075 7.6978767376883468778833958487589438810770200993055
-3.0873327696795134995162216656662935921824520692819 -6.0936295146895385409843757074702003187251331061762
2.2446874176169594555768053427705537611154258760201 5.0126079429643582609911510887013181439289015556881
-1.7560888346636067615268887139622903537439907424930 -4.2295520442939363754274082709253987606957545232084
1.4470476798901229876320105606824522065295437352579 3.6311039776597387607955067166636249471285245173578
-1.2357437273436453627622397709438845900511455275624 -3.1535363021421795711080072519917797554904636886583
1.0796998594181213813954945767961456298526365986096 2.7577382262232785495136824907852781579310413190704
-0.95493416040220219100655500029440736058045361737850 -2.4177002908329815023951211574230820295567649795655
0.84676299121387403497661425467595478729033151354919 2.1145212052810835678952782694454059368352546998572
-0.74523574675091512949322005772670720748216615323646 -1.8327433618551847510206449651218589101176055814085
0.64239966775397469048279472912544163748715627349875 1.5573138985530217203381989171960032484427966193103
-0.52974689168687565420096828640875721586235467480444 -1.2692553410979052809405703783686410798282929410842
0.39276849665656414450118299437884649626743525657869 0.93360610688406419486693351342954158711006675089169
-0.15787884340557344362044986625033740400678370800168 -0.37396766442321369651826891963420878691295487928981
0.0 0.0
0.0 0.0
0.0 0.0
0.0 0.0
0.0 0.0
0.0 0.0
0.0 0.0
0.0 0.0
0.0 0.0
0.0 0.0
0.0 0.0
0.0 0.0
0.0 0.0
0.0 0.0
0.0 0.0
0.0 0.0
0.0 0.0
0.0 0.0
0.0 0.0
0.0 0.0
0.0 0.0
0.0 0.0
0.0 0.0
0.75703841997571660172934851967144988142468592276520 -1.0891679006347290692040493858030321935185835120822
-1.9530261075390735093326578749236249052223300694680 2.7660645828414940544187533148023375475456499886448
2.8807121556177883964817470809205234441854574197932 -3.9225577988663776592642207819062744145819526651677
-4.0724478299581421154930495189582270170402302928518 5.1739586312039662293920714668369675033648807462016
6.0033175790052279932775987850416576651451181598893 -6.8188379280165799218786379222976168358617622133373
-9.8841819789958865994256477020834200948867715318250 9.3803095632868737825553845763882901617339973177153
20.451757409062167711700213548339084830110430710306 -14.333668342267389344673495312051470841039815307470
-75.332974385438888029762503825137129542550026773251 28.968466437251749194763899567964243083799858254651
115.95406674236052141841932835134213315353032765109 0.0
-66.061929178677296377437843042266407896515691044439 -29.139946455919197436795247801209779421980860599229
15.935001424185824897790475421187544018140410603132 14.538175265121716795705757249730917232922821066424
-7.0135586581173813126259101535390796710915640494070 -9.6450628068782761161484229578595820991344060875536
4.0145027832285273030078554801110423580757431088505 7.1805718327227120930589516069774216735025893448402
-2.6806784297285501597776295949943960358822323497681 -5.6874412094682637033306381269132100971787988692782
1.9816817628787313302659950044798813894964936313572 4.6789827832444140391183695811197230613137723400092
-1.5708985657181342998689301946613042383653677508861 -3.9457960207714578786144401568006396495343994954157
1.3059930251337236054420490988427254898566737725044 3.3823460152644032593742427027492313443144513523046
-1.1199142476509774993505167671989672691137706267343 -2.9290421165754842803375847174312781103346520237954
0.97758850978268849887064008009890091022160832876818 2.5489118079037374575569420827637705995945556665425
-0.85890163299733001939849232332814573388369779196556 -2.2167442164297524992943843803499510075497405948385
0.75106588724952677998166562473034655026263588120442 1.9131940297522450839110380164713604703642588212759
-0.64456399651269367416485485225352505198379302071633 -1.6206033820260560205565742063605838071386127692499
0.52998304779770974439174036287439804356712041140052 1.3179725677119354540281800082930053121828576026609
-0.39226745351634301749740942737854642177517412949184 -0.96814929936407908403781255939928058563513751373812
0.15756677774127132630985146140789907548090369579885 0.38758907660171766198654503398585406768743635161656
0.0 0.0
0.0 0.0
0.0 0.0
0.0 0.0
0.0 0.0
0.0 0.0
0.0 0.0
0.0 0.0
0.0 0.0
0.0 0.0
0.0 0.0
0.0 0.0
0.0 0.0
0.0 0.0
0.0 0.0
0.0 0.0
0.0 0.0
0.0 0.0
0.0 0.0
0.0 0.0
0.0 0.0
0.0 0.0
0.0 0.0
-0.50902020423771747783531467635618828219615092465216 0.86812556125499760045293399474966269860047299377137
1.3000835190782611812888971616930934751865265140315 -2.1947215850808628064660049249394618471518113563711
-1.8699526795587119211895172741119307128355256818495 3.0769613633308573650233977850332965485729524536898
2.5278012246559686577119007804110668962984659330999 -3.9763901340651396111357841055675617367842111020896
-3.4600452958589756953823511499379335600173278247869 5.0641519300047571648558627265370762132190728583229
5.0249787637364818331505011291988331944975198911486 -6.5684826911886786767385993599680497966894201504502
-8.2125027218142277119320416371778729420388570765926 8.9667489198100541695800709112132436498042208871745
16.943301108124377514458320956041089078067309068258 -13.652425657155502680066848052845653229621421053037
-62.460874618016314110014822932708070154484016959447 27.551519681419638829579653957662299901832085576765
96.712551889567343923295930618538967835991563624851 0.0
-55.523800174303805186816987389486129947163970947424 -27.713670042989427037296709741099741800307432257382
13.566282679942313447976906950048887625406654017028 13.833555069587640147729215491538307015985342605608
-6.0660716705895389452464823381413109486104766369164 -9.1820987808776151248815689439559601237643645177199
3.5315624424583536388643150322158282088003940403643 6.8378457946346152532799901520699077679981613161210
-2.3963464596072447816366934670963555458105170596303 -5.4154030295751389418631335089965699338416947510191
1.7952595571383767882788342229153241641426360241981 4.4520239192997418066642758621093627088456065382871
-1.4365380529547002581062084077458930527220016778459 -3.7484367460499437135561184338088604015519727603101
1.1999809463715381326436025504388759901386585992897 3.2039241737647949751704068897785493717464063677406
-1.0286650486092859046020070471753428739796293130544 -2.7611740446378746837513572165030009253851667712141
0.89247970822155623086024027989406030355426486159529 2.3839386724841058149443589671337629247420798061034
-0.77366048488787831251194097329550027865693819865179 -2.0463659285239949457112246808376838263688284754405
0.66002062008863019325481584704119131055765211205566 1.7265715189581597848530603571499539166010954086449
-0.54058439444522913610234379145388589956757514213647 -1.4003225473310500678207494151435123410395247015051
0.39919999187648173916435882688104822981669661478922 1.0269260120579193481511115480447349087505178204216
-0.16020236112072769879369918441441973754198699166152 -0.41083449282543052856137160180097199355802266720801
0.0 0.0
0.0 0.0
0.0 0.0
0.0 0.0
0.0 0.0
0.0 0.0
0.0 0.0
0.0 0.0
0.0 0.0
0.0 0.0
0.0 0.0
0.0 0.0
0.0 0.0
0.0 0.0
0.0 0.0
0.0 0.0
0.0 0.0
0.0 0.0
0.0 0.0
0.0 0.0
0.0 0.0
0.0 0.0
0.0 0.0
0.37015289821604022603806686085559117283080326538436 -0.71767022170690231495871463253646723785912924572890
-0.93853182340125569293383533053589183019912132560828 1.8084699780624231552762338780106957668181053131491
1.3257027528758253891185666775160251600500435329446 -2.5150614905071129892843199795279493981258953696483
-1.7366229473186947058579426677956675229797746981267 3.2048522994967054755069566609930044047185567694467
2.2612918343842992783396469139192105827046900658852 -3.9908174060287288552869529065151853474927303198646
-3.0355110445495664811554208623804832472615689929722 4.9942013572277850899599114753233700135376577905661
4.3570267038709404508445504424080790048275843471167 -6.4201765507182433323007684941526330225427529755053
-7.0686669242055861547912885432164714581121709875327 8.7241107897253232356636632809681466012931697109857
14.526525509465776400039442920555387285371343683629 -13.253163161274420245761251836987897904553385164458
-53.534286383121278767007221310118807936210373688216 26.720641313296559858081161901666994541834452159444
83.316309306744470075770144433480961083102515506468 0.0
-48.161326331476647121811998033795325144323087947159 -26.874748830706282146288908895816607957507202402233
11.910818304642753476289807671751380854214987366329 13.417381538221691667795008391682504044058274288287
-5.4042960158762592857567830709215228361505611037552 -8.9064797176781151579213920363681596023269226636002
3.1939272966768489054180639766807181576019268399638 6.6309641838281663336400826523907543160025357014097
-2.1962290531099999088758914585027326912023212058080 -5.2474801421578274045348409722857982625196127894456
1.6616909872149796855982675334086582287514940422098 4.3071229762458455836777827402416662632796604362040
-1.3369480335164451936611912680702962794258083220388 -3.6162515616420011557250606653245108774062087941370
1.1172370098028670805193235144659472916527717533780 3.0764895386170166576536083972585099422578460162110
-0.95256457412930922036782275780278241003759292669281 -2.6310719871131592523469841680416336803717009262388
0.81594529477867007849038176032503252589333043338840 2.2428035380690750573615972814865602088881906413408
-0.69049794462988952374673276839677247913636308710072 -1.8828163872383656833385030289391101173651346027623
0.56258612937349165894360006210809130428964538061381 1.5217849682314204877304238951415078288456299500288
-0.41417401891771423151133258864084994822633045536892 -1.1136617266876491964305683648485567733874957824251
0.16600473474032464817530035567054501047605601556044 0.44514671768996014660987552813910551196502507974085
0.0 0.0
0.0 0.0
0.0 0.0
0.0 0.0
0.0 0.0
0.0 0.0
0.0 0.0
0.0 0.0
0.0 0.0
0.0 0.0
0.0 0.0
0.0 0.0
0.0 0.0
0.0 0.0
0.0 0.0
0.0 0.0
0.0 0.0
0.0 0.0
0.0 0.0
0.0 0.0
0.0 0.0
0.0 0.0
0.0 0.0
-0.28811202521307292947269714779326058421579406465366 0.61209303129066624915686537481850333789028434011798
0.72658311101572731529300300329620158762874994214439 -1.5387282868090195034505369580214214581621053513155
-1.0127677869287798302712313060749285329121967871312 2.1273322660927916040215087708986833725062303152054
1.2968641288611466374221800983527561850422386889589 -2.6835630443088022540720515322942525132513111631609
-1.6302454150491568438473194158732679518833165943530 3.2898308056739998428822161217585091057682471372963
2.0749846708735294606341761621323502780141736414026 -4.0204369919330865640159415782158154516591953279000
-2.7443786969450250365734588960440204766794102388202 4.9816089924096379371562415391313024704941320700222
3.8976143619609116954612821487337091694855081924180 -6.3695795897591012321204947641795318940842330324499
-6.2757711425805037162614546803112951261882744094193 8.6304556334930627379349698436427335498053590955645
12.839044890527268251063070683925843626425012912813 -13.091989804739348965441480807082843692143621094629
-47.273467449957761221254023221065894117994495464127 26.379310140465371618620178636024296448044905000769
73.924708767889326273323006268717402864849499152115 0.0
-43.010423137046396287235913650918427463117931789151 -26.525904277723495217673683403347508904014660115084
10.760067335334049207919892133259880402742776558601 13.242299242195117931309127120248662431097135539089
-4.9476929324392413813491487238027426301250536073790 -8.7875024461776581409262011715746470766291427501220
2.9618574609407910024138450792131365669823931983983 6.5373085083438986324452009876901867233613642034316
-2.0576420525043143902440017087832253754578785626260 -5.1655066877289358313896800654965184341669388322149
1.5665323649945302481609815483018779936201884196889 4.2285249307647173805155258446763618050565429481983
-1.2619504998172682842524722273483355820057365865804 -3.5344243777476530719849325691158117984902407223686
1.0497316886770419688626138065480730398720793140479 2.9847711374058302831076387219880312994848896344274
-0.88432357267287812689210016548542419174918572267585 -2.5212518832560670171370495943193248295388552059804
0.74007309927932409618124998226499766728935280755656 2.1029140735713750022759086815213788384875785486652
-0.59866161098325724162718004660609485037916075797099 -1.6922217768448624906224144139560413999841818073972
0.43889515475970399925342377167510287166458481621469 1.2351034714241279269528097088752017685784873260965
-0.17561626693330552654288247624716925038061262106151 -0.49314681747397421424477326831827655744847225160795
0.0 0.0
0.0 0.0
0.0 0.0
0.0 0.0
0.0 0.0
0.0 0.0
0.0 0.0
0.0 0.0
0.0 0.0
0.0 0.0
0.0 0.0
0.0 0.0
0.0 0.0
0.0 0.0
0.0 0.0
0.0 0.0
0.0 0.0
0.0 0.0
0.0 0.0
0.0 0.0
0.0 0.0
0.0 0.0
0.0 0.0
0.23783833617052982464576793974585866360418959858964 -0.53654446813850999986190365667007334578742837107071
-0.59739672931649259578272691543191881776803137205688 1.3463605714563682160320641259325613357345855420365
0.82454880321403185364504029392504332389183917825765 -1.8531374022233838887151913518148006811263666245422
-1.0384022056740565895083862449591821662290223326390 2.3202529836393868704543963943721249434710987088311
1.2726156673345674772958392196732011677618794061981 -2.8123767672452778300676509368437006155957122070351
-1.5603074715502811506654555150746678664079975404887 3.3802644631966465873022226918256850442891891453595
1.9527957027306457411690896349479592801021471085663 -4.0869421516615787398483713584219511901183242930078
-2.5502786830446548662580583183199313030522380678007 5.0336178873577279771742328662466118295233979811206
3.5861199326028323771966704462065124932562373646321 -6.4143414931461305930716960837550172267551986339037
-5.7311763827287339438484179635203748131626014004744 8.6751740722070524302333781686479187144469437118106
11.671455047728338417349431432452051131119513060635 -13.147741949898845859501656898222757870435350226889
-42.937632774278680529057758792025537725614848884038 26.481012131720539384492785560647282410390297685389
67.470495558414322302077901811189668331679211501847 0.0
-39.511242347837902780170081161403297232088910960463 -26.620228855219933476644883658731597980705516313779
9.9930311906144294545971541139476854915724054281309 13.285228740490323807625526334568335157868592282880
-4.6495980929972347919591427086445035196335119900514 -8.8097606907878420509567319521205042815389498646430
2.8122887138197923450939884177212143058902256624151 6.5448293203160726502291117423072735881700740416258
-1.9672483976152174505797943055098306710949465898471 -5.1587618139445671099478506661855990619882721496123
1.5009459860629022966016504603058108409010200187601 4.2054232693301276868168829986646847850912661812699
-1.2047242387942452825926695939985583891218703661910 -3.4906458095449855360268227012260674108745704905821
0.99110763522898760374902100779280564124096291048321 2.9130258140479866038558103674891419249346119337315
-0.81655201133132068147583128147779366907368477712092 -2.4091913653428919973041356988704480465121425895352
0.65395391911006693448457971238926041430674447357492 1.9277013067359950504986055208996951322596786055749
-0.47666904636206315682903001385850411272895960627354 -1.4021898076134983973280366342117763054154955383858
0.19028731729598675663412396718981320770132233706627 0.55907613864323104170728277860806738854518895238912
0.0 0.0
0.0 0.0
0.0 0.0
0.0 0.0
0.0 0.0
0.0 0.0
0.0 0.0
0.0 0.0
0.0 0.0
0.0 0.0
0.0 0.0
0.0 0.0
0.0 0.0
0.0 0.0
0.0 0.0
0.0 0.0
0.0 0.0
0.0 0.0
0.0 0.0
0.0 0.0
0.0 0.0
0.0 0.0
0.0 0.0
-0.20648558591788979108747121282063069801606585532504 0.48206390426695166078114164796041983408710792869013
0.51710248307388048794692228322935162561186323996210 -1.2079565624803560386538388269677667464048822495307
-0.70854936249278840012949294349315424345330658012500 1.6569830189852497368766413280577643752774629016162
0.88145890069198380139063893245255455428678928909034 -2.0628978621772239192593144695338299482658487390137
-1.0605146382773129743495009076808660069693500335855 2.4793430803891955435284289703540583778281790886408
1.2659204788050428914309694334897581032586544405681 -2.9440561861522934157157962470442905510749358372042
-1.5244636042349231390150315593472478843430334452223 3.4986179441033595611721587159218815941565650780438
1.8819312640667883339639386688275363562450371924236 -4.2025377468320093416616962174481186319263516697309
-2.4304206868308139861320495638979674388052620323288 5.1564837532659445311167191141005652507427779277582
3.3864667331508443557065916371714982940744862728297 -6.5569100609831837436451198337742669803457270269188
-5.3748483837515652670387433499549708272824104596022 8.8579489307852901864172791922646075809963041746785
10.902423754197195493452229968026881531760617084960 -13.417495757131660249104229288963147876901807013754
-40.101846677644188314127202897802721117409975019060 27.018141486868364500723086341144619641724877232564
63.350502925729615218185990058428725097480225864899 0.0
-37.353809330998483008308063057719058564164893616337 -27.149853819165455670203339676099825616987571060275
9.5445422410798981540460297428389087310687199656255 13.541870232411941662418459613884233707172068480255
-4.4856412219010911978477220185216509838374498947024 -8.9694981501454732107356033130172268909885076025776
2.7334251657078771135829287256924227760002713487425 6.6491391820816693914068801732486940405283142331336
-1.9180786933452998530935505490779712939472401832309 -5.2212154148463673311371773200091555339259331658008
1.4597318263751518924838609602162404801558114126720 4.2288321073514567335155602671620736239061411528788
-1.1600995156152191571967512986066615777711460217500 -3.4708649514375046916123790200369616514737226020637
0.93455175822751559905029480168796463899299338590957 2.8381945605870875285475548661573561412138353376980
-0.73791593732881690781808942752140893510502979407163 -2.2540456240087116050706726574177457553570007715384
0.53351300142774150246865996428506070878602664563724 1.6323120363520184860139932882132204714086494260882
-0.21228583911884833237128848273923359129816997103882 -0.64964895358276698635700447231661208245009760781741
0.0 0.0
0.0 0.0
0.0 0.0
0.0 0.0
0.0 0.0
0.0 0.0
0.0 0.0
0.0 0.0
0.0 0.0
0.0 0.0
0.0 0.0
0.0 0.0
0.0 0.0
0.0 0.0
0.0 0.0
0.0 0.0
0.0 0.0
0.0 0.0
0.0 0.0
0.0 0.0
0.0 0.0
0.0 0.0
0.0 0.0
0.18711354070932183040811384043954938328393934463881 -0.44309091760632029807426339711262515669863498460524
-0.46755771077253560345986920761659677515697415052492 1.1090787347797437661215022183279905164502034107017
0.63723332585913258392498669945170122561528643525613 -1.5173115224256405471358891593101448584079015439328
-0.78565050777686921670321608637197090866957223161243 1.8807203900816414567771857449717293328398164236313
0.93262793032573429591234838715142512919766537417725 -2.2457991509740308535614878065592772682018184694454
-1.0920279884294396968527620616705355589400337954873 2.6425682412655665724419690068445662996427787069110
1.2796649675441230662301361190313127105126829100277 -3.1009217159643002144163785399570589920899402020295
-1.5194631346936809764978985619732725608527729914479 3.6596374173770135363948476288307678314406651056660
1.8542421411905990613053834495443531879257398281527 -4.3780829077186169930655815148248207228196747058026
-2.3715120353159116038221887274591415100585730757410 5.3592807539309558254037385473702814986871802011731
3.2782941293519969027927006827103358066114465608894 -6.8061195314010424915668709449547855720955572545689
-5.1737639256928251438456184100048818357501702450057 9.1890227978552379187634984045412473726723852844340
10.467349633582706796141163416146076035027794716612 -13.915811082371249159441024072768779314485409780492
-38.550560669510221046069995392610776705919380326900 28.019688100605681870704124018123480895980161375553
61.280764431463306597393077610287202332417976656067 0.0
-36.407765733744949637562420040534662280562985201614 -28.143494134214625293368697982856798432564070178628
9.3915056470702481623339157336504065563005899496989 14.025342319084071078821404108616008508929147230885
-4.4490309188236232157546208980894243964029574931277 -9.2733536130016995161945898369349292643529426609812
2.7226353362772948603306037612323671715061475166092 6.8519073531787965830546449449431141391129816082601
-1.9082536881401132755013368138508773388012375668062 -5.3490576831443079429998747718629350965217227517950
1.4400483428918389454784438169049625675934363529815 4.2873749029042024213148053076347279652963732740726
-1.1224840163533667037563694488799517844298467893613 -3.4514774396402353903510331419072484706995244311041
0.86831788085901478420089637656176033596991465246107 2.7135859882773163169647738565985844182342240383306
-0.62052373944690082832003250697475882552978497632984 -1.9535331458714470938989265648577745033298769847831
0.24576222331696866021259019871178350592679835597105 0.77563026066915563736888495884110387205530140613505
0.0 0.0
0.0 0.0
0.0 0.0
0.0 0.0
0.0 0.0
0.0 0.0
0.0 0.0
0.0 0.0
0.0 0.0
0.0 0.0
0.0 0.0
0.0 0.0
0.0 0.0
0.0 0.0
0.0 0.0
0.0 0.0
0.0 0.0
0.0 0.0
0.0 0.0
0.0 0.0
0.0 0.0
0.0 0.0
0.0 0.0
-0.17584100009372380411993413737358655584930430148469 0.41615754724283465135398918760096300809806525054472
0.43867770714478357082437919089202160156483886081991 -1.0407568816345340049034347438181987392835436041088
-0.59552072841890340819867642771589628132346322819762 1.4208566300890596056562875611115439596536335029307
0.72941366494869003165231806630392548309078646031219 -1.7550966820066776380395418903671996356767860253090
-0.85745391119580936662480795258799161035667262223600 2.0852713229335335688668762010830660314010579697468
0.99016909651305042472009525224904752892405072686330 -2.4366181836208437587916276856442911174407922583139
-1.1379873878283822008017126290118484914814954655923 2.8322226983249749411867068178225915468616187804959
1.3149325558554944227595469338579336762816913499748 -3.2995850104149442772416993829420390315961548689019
-1.5436812469823439309162500144417569665479193118565 3.8774313342745578969990818517252336224159374041866
1.8658637329410740320004940868432179087783601135937 -4.6271136316626120325209295457758029359362086098267
-2.3674317789127280525048672600466987242790396537592 5.6565371586201768762610974283057272109819246777938
3.2527072308011014040249077481504787378253228226387 -7.1792619784996595884042275726660328422718008414513
-5.1148376475054078821727172559292239346290789490999 9.6912668031717771685246057988707147720748059955983
10.344937141696756121679081147613490016469001433093 -14.677476697873129042468142527873757507034569918214
-38.235870211526459386369199874758998527890199871528 29.556633518362252156945834937541151459988490140535
61.248135485042643606409133233284761357928755505734 0.0
-36.705187623461787799381115776313860651982837433127 -29.671692394393637965499564997324047133544014521943
9.5514045224423473785833879622366706419559323938886 14.768282349290842326246903743527373869510845304465
-4.5508778999288634567079585683777400963215387450606 -9.7388068710770349168302831976816234214874290071693
2.7868205308828397739981089728580909309893550247429 7.1595246370242535279760831397779222873194388874828
-1.9407104110316748049246419462357921169005051066950 -5.5366331528307161726243571157759367514814845046374
1.4396317567630055165397427694069459951572612560595 4.3580953892120346765018772645887530976393859964405
-1.0804791993766057148429866991856265940257638422748 -3.3785376728467446059304545852801024106720559901661
0.75914392604597951368094889762881941816043583122522 2.4126889417905052002252658329118891171467067873220
-0.29864573013830106140603644985404198510627337409700 -0.95482784076004587166958558154715135520484231554163
0.0 0.0
0.0 0.0
0.0 0.0
0.0 0.0
0.0 0.0
0.0 0.0
0.0 0.0
0.0 0.0
0.0 0.0
0.0 0.0
0.0 0.0
0.0 0.0
0.0 0.0
0.0 0.0
0.0 0.0
0.0 0.0
0.0 0.0
0.0 0.0
0.0 0.0
0.0 0.0
0.0 0.0
0.0 0.0
0.0 0.0
0.17048785429317460846560704796592479908929007599413 -0.39919010272746894712200724408950509645632419158836
-0.42481671470714673117927057188942823807306076294835 0.99763049009479714050901820929438741071275017832724
0.57504076212762959746314443881313478244497233160552 -1.3597075943083299677864451936418456140284328256439
-0.70095862536394826482591808929084816279047312731829 1.6749806884748742912197330014850458536475436068912
0.81818133428756395078795580141287670699505039257639 -1.9822317123284727312068829690290205155881879162691
-0.93541722552985252770212502405799460652536032901825 2.3036878232253940867365439247071861444772114175019
1.0602663789491800787010486100411035407294019426248 -2.6582976799001093334694906247272747544326048297204
-1.2018440441168097963639941703069183205882390840729 3.0670265515187660265551455782913234377078174960516
1.3735656035976912527179947933596529125094703834351 -3.5573498913267122855419206321942527957492751525564
-1.5979709313181391313957996932853355377484388572670 4.1696723214205371410870185506655524465284800931568
1.9171194316375678336934115702052571152205678582245 -4.9691965688836397057835171639442395995595177802532
-2.4185201613447607873962747732805541422516021228469 6.0714554568073652528850852703735144575777511169651
3.3111237073136066936250876404711138188400654466263 -7.7057307154589601038959565582298964846930553138271
-5.2035094803937836666364629336311303321105180041518 10.404949114248535001078544566796795530214326858795
10.556288209866462414360909509086964310304989219053 -15.764837005499260639265000875192476612425196961508
-39.284977845496002067315957871471493990027870784744 31.757139898313638180192533595285159026457096479812
63.543588628113508539697921016041011287414608188384 0.0
-38.473906418968767885826067736260965188916426292892 -31.861737819844071140645311769104077171142003306783
10.093858217939596662629577769647971481102854536672 15.829008669521309086066790897210913267901919645228
-4.8262985627086887817701563775509731024877464166645 -10.395937965603727386057210370181335339858207081275
2.9454403519179385751493836233142732414083869978330 7.5801599940960365592010599631383548773036693480892
-2.0229301689825357216713048240385788280938356860224 -5.7658195099533907403871484593307758301806366468840
1.4505300133113937915370182946932744430708565053662 4.3793280880643514051647458135694669312266460849828
-0.99380003114660785862875497413235016634973980393299 -3.0918351115511702517945421041519082050801182523833
0.38710593505624790304197080123269762461382070932247 1.2180630766126191296209126162962565425109845677211
0.0 0.0
0.0 0.0
0.0 0.0
0.0 0.0
0.0 0.0
0.0 0.0
0.0 0.0
0.0 0.0
0.0 0.0
0.0 0.0
0.0 0.0
0.0 0.0
0.0 0.0
0.0 0.0
0.0 0.0
0.0 0.0
0.0 0.0
0.0 0.0
0.0 0.0
0.0 0.0
0.0 0.0
0.0 0.0
0.0 0.0
-0.16991347081045414311157257091661481495323443933442 0.39116317855801355437381976872384894089304454671583
0.42301611933349995871657153343830234128998960365760 -0.97702719532964066703704496441583402525928535482849
-0.57139508729021755954423973772201772945506613412615 1.3298527198489126346368891724844271005682168000011
0.69408313014665199854472738773799199521158006165220 -1.6346483416353904700108041899636996345966978682854
-0.80599878424297861199552230311557257827136153260023 1.9284653921404236270386221875344077658365565847484
0.91487160155614401511348600528013581532750025869536 -2.2316935411927289927331014333791539036197891640573
-1.0267587847635335660064892714618268259366770560863 2.5607398873082849359220199388501536152328455062026
1.1481774266508467762823905423238694398159463840243 -2.9326416525312471322045816268002674593001329595768
-1.2878923918791711548626997465642751792910326879639 3.3683749138325715431105694202435290360741274317506
1.4595277240913905105793063503259151830365643786861 -3.8969086731219395678974913794349072825867882773003
-1.6865518221458311175371155989870676865188022688710 4.5618793758074691671623982622568537157565946294728
2.0132861944789614532235524897677059999270611582962 -5.4344430133420428022890622592506907558494670862752
-2.5325671048847864095236718089458437581989706364092 6.6412103767727675359543822319491299350911067761497
3.4670911786798514216854383964708817700843641508855 -8.4338038930873095960609140363707837666476220394620
-5.4679898202971193462898654558609145582401318610055 11.397224267732496539731694920150930307656726015241
11.177702886412516134750566926076845414604571792439 -17.282847968082137583446712594437082227492812303330
-42.068065635458569112958320305051990167772437979394 34.838200812489767202004661452132858122344605746231
68.908736544220828261894245726985292258684252591005 0.0
-42.248788886838281997011404605746252177967906510150 -34.928685919158134298434381136930038121119704953785
11.174073937271519725135863967297432307457740429818 17.303788594453894085060172176657584282944731879516
-5.3503839206581716344512449860885482683226482302159 -11.289422305365097439639386474209469954921395689326
3.2368401415558222394644704742634540663432220403509 8.1130555628915089167659071377551622574168519471026
-2.1615109042021771110297093429373411750295035374169 -5.9704197553643876353177460435475312676335959298121
1.4254424686791630422435694449812196914029926802524 4.1442714099500787492097441550472180939949367356003
-0.54707249658802237896897808377801297602471875449113 -1.6219415288280541822323681049736917256596161116210
0.0 0.0
0.0 0.0
0.0 0.0
0.0 0.0
0.0 0.0
0.0 0.0
0.0 0.0
0.0 0.0
0.0 0.0
0.0 0.0
0.0 0.0
0.0 0.0
0.0 0.0
0.0 0.0
0.0 0.0
0.0 0.0
0.0 0.0
0.0 0.0
0.0 0.0
0.0 0.0
0.0 0.0
0.0 0.0
0.0 0.0
0.17372191688409400310507740419544826027871352685596 -0.39200734327260796806772410291554358320304384598004
-0.43222159843124408805217942456567389230475127069112 0.97870154299700164081680472829718874535932655848741
0.58292955718353090693160438940394343791665783280248 -1.3307171826104131147433693673219261871363196303920
-0.70629359608565571353379346486785337649994651287870 1.6328900716556339145516376034621730163613771497147
0.81712498540012502397900349531297464195631154857304 -1.9216369219256468745010970516459300775989549802123
-0.92269551171417819937780013599641763790963213638482 2.2163764184962090285196678855966955541825241471412
1.0282283088436089604747741616719818555115322063620 -2.5320217177434695775078024941811149242438867312147
-1.1388150044909408530148179185416784058808454498863 2.8832494236074470314314038100588382760104591846417
1.2607375492909397967793603614163743586782375528303 -3.2871794153653039220094986644322530121585140561867
-1.4030907910182545434390210148988714293787071914235 3.7662190230607744978317129022539542731608717429619
1.5805355507791960984010482793149858127514085104176 -4.3522556491772987094961309795970475884004492267643
-1.8187887329848627476245682933516862619293361213901 5.0939963467388780646803678101989897250207799451114
2.1669087174922527352868031526456782477139908442527 -6.0713499537446523988973261081782403621795904426191
-2.7283387248685830496894699257815779966552519571744 7.4268299088194106913614990637403883092192397844378
3.7525418286115289169169084076455566452844902219576 -9.4438166602696368594119956104507973574958547308760
-5.9724744141529000557929593708880674196232426236861 12.781000971876931263449095399628350772865092738973
12.377052992109493717964702385304710069445052613201 -19.409474047002928870684156004479730151443535529267
-47.379236237913143227170226636672867158417095834527 39.170222513981011297345453383662579055667383260534
78.912204647232748828667249814839392284308056236145 0.0
-49.151176749730056285783702262262872485007186470434 -39.238200261212357657494901610075063310165164079872
13.115179951511862066156744412274300913602170960303 19.349310695635826606726257940795616152786209482378
-6.2747638044570608566079905779955231429345238677964 -12.474876026592484000041759610490468986782227930840
3.7242085506967248763551397867684829162213730272478 8.7037433575551015879845700990272272978081920487214
-2.3129507107245683694607537234792087735006491306603 -5.8816623690494810933648021770317221481509869489263
0.86771998752370531834008384519462481252420006112109 2.2787073813220902434302088605823621174070156700895
0.0 0.0
0.0 0.0
0.0 0.0
0.0 0.0
0.0 0.0
0.0 0.0
0.0 0.0
0.0 0.0
0.0 0.0
0.0 0.0
0.0 0.0
0.0 0.0
0.0 0.0
0.0 0.0
0.0 0.0
0.0 0.0
0.0 0.0
0.0 0.0
0.0 0.0
0.0 0.0
0.0 0.0
0.0 0.0
0.0 0.0
-0.18221864730197017356979864801817325059846709084423 0.40279258997989001575313825460352477450605636170817
0.45315071370751400727665330964658625134979806797441 -1.0052754297784621523251446217218462311748434249380
-0.61047073923784093217234671640013850623834699303193 1.3657015561054469912194452293284722467565148176315
0.73829793683745139648478893304532415377577741278329 -1.6735391251687555743179694217323399912061668528514
-0.85185193295023413504886805614415677814264822978506 1.9656545155914689894227033476247342253932387147015
0.95832264119825225128208765868349785206188542477703 -2.2612350235927448175137699594980077814357995902785
-1.0625375193831987008591357458923410663896894954122 2.5744791291334951921264078912398211707527436458204
1.1688185557444105378437985989643240678702273963215 -2.9187525280297954733110040571129199966712595501860
-1.2820870280000994301611683768606933851149976969626 3.3089458618920397198654632092097576646889058018052
1.4090150082784120779992921886664968193372946227208 -3.7636770196589757754972971121353997369481860089012
-1.5597638807774905768781885948024088829786278357894 4.3082129702080158307578870416720750111443786114379
1.7511515019220770943279244781771081721802657381874 -4.9791642155235985409824549303141554958938707309253
-2.0131154387053552210094488529948548950506140307854 5.8329306773807814019591937029494036059391757601554
2.4033134740416857167007902316965098026751741175185 -6.9623810342584815967370854514307114538522812072433
-3.0442313471618470004697257827910176903862946859842 8.5333355716848435658083838304326462305990164259266
4.2332468501456967904117776101472476947497755248266 -10.875488673331296443015591652822861607669174917845
-6.8498287326317661895591345890960290012297869487844 14.754660047281463569843660640024788515562947972718
14.504100838324751652797422957264542025680934432962 -22.460554321362954998089429035307561279362397066960
-56.890453803657581485203700744406328522152900836868 45.416593597861853918965922116277735360341448320325
96.911974457146089344720708425242251400650433486700 0.0
-61.613135627092133973688768226934860663025104108172 -45.440501555923597864955092822667133704504020412748
16.620331550090278071503306782744515070772155397586 22.220763108382890649023734951584968046904263869839
-7.9064976947750848129658153076864170504804760941139 -13.975343086997777738356278620041910776667380172403
4.4379112026532756973394776952337262696773413635579 9.0145030308740022624100453553541419648556065407621
-1.6049365095060615514612919900109809132998943737833 -3.4345532295560177478293759331646941228361022236853
0.0 0.0
0.0 0.0
0.0 0.0
0.0 0.0
0.0 0.0
0.0 0.0
0.0 0.0
0.0 0.0
0.0 0.0
0.0 0.0
0.0 0.0
0.0 0.0
0.0 0.0
0.0 0.0
0.0 0.0
0.0 0.0
0.0 0.0
0.0 0.0
0.0 0.0
0.0 0.0
0.0 0.0
0.0 0.0
0.0 0.0
0.19666279826431058984403082818434791948177044869429 -0.42640253926414942095748155108889211295275162366787
-0.48890705844915937436087495248858363763305031448136 1.0639098040811374178843962397898922438420697319838
0.65810807450001624332624050948783837524486574795832 -1.4444157243410471656321223370128312447663088710278
-0.79485346456897624874605401271470505774855214164248 1.7681291841717807401448102192900109650654155083141
0.91533586125506080461277410303191853752131528337899 -2.0736411809880693635039463949089090282718201323844
-1.0270002697604520044709274128538613801886572812896 2.3806705831029336575775981463201166278262625891173
1.1346004356090743570585562106722848328071100204596 -2.7033942246494473922636215905972740888598027818638
-1.2421068766945508345609244526259444527822691570712 3.0546885906930216527266417725416243782258307410773
1.3537303731631697073062608246770423418996425816916 -3.4483644002454818985653153308390775864253627965948
-1.4748496261142307986544185492742409510671405010840 3.9010419732292597327919480586505216855278794702278
1.6132643389848617775916655005608767627227222259356 -4.4344087654765911653217538214032686340278159764824
-1.7812983822414470436255892975110264186945782609949 5.0785730920785329165408642218376185622808839548062
1.9997785757616886222269177710708226480957085748354 -5.8776730261269776104776398932336260380367268857457
-2.3062832674861934969602207391754319384818040728513 6.9000957706283719376719478911199178282655538978158
2.7739502850676903880106764997968908115068678675913 -8.2587260995837597578239040286563118486734996437677
-3.5596343297782195530353045739854261137777849945324 10.155244868155020986840441698135131373350251199998
5.0477265391629198017386079235376013956072404343169 -12.990442922527605635804676171350082585113090461824
-8.3857956373436492343902616278234718511216788369853 17.694204700139516998538895320182353518440486931817
18.329887114676036262317965039660892738299703562249 -27.042761297142051403358428640829702763444117678236
-74.396648240313173992750700549128902976933405227560 54.868511003568309400141178200665817461631763901583
130.81159061572318439866126856545824659110217109454 0.0
-85.510052535983168941718285173583145545224039279296 -54.782950721193834327213351524369693516483567185773
23.380604904347382862337157544882288911014615556755 26.310451585923178820579441507261321402175418724816
-10.783506327189246378150331520020513191111374282984 -15.451847215920025722020210366643008252511291050033
3.6544226440256344595161435197948062229165689650987 5.7093801091792515296397691396740885686496034800601
0.0 0.0
0.0 0.0
0.0 0.0
0.0 0.0
0.0 0.0
0.0 0.0
0.0 0.0
0.0 0.0
0.0 0.0
0.0 0.0
0.0 0.0
0.0 0.0
0.0 0.0
0.0 0.0
0.0 0.0
0.0 0.0
0.0 0.0
0.0 0.0
0.0 0.0
0.0 0.0
0.0 0.0
0.0 0.0
0.0 0.0
-0.22016392992230791480677427131579207453258651249020 0.46948609302185042229881486148611766061651869190575
0.54720163807967185857276447443314402434992217886540 -1.1711662851858486496559276674814392763405023447732
-0.73615731647906436328883212181596707365995690872321 1.5892527481370295141161434496535921892907794951752
0.88828935448748565176202053717232831348940419568710 -1.9438859420610659798821832378795783315042392239165
-1.0215484892131021559799051870043915601770989599510 2.2772060659126613016130153793161131011410264558671
1.1440357066739423021487754742315845963607325264155 -2.6104559537298154557807337340053462340782553942459
-1.2607410849412234087217879800812542654665859317405 2.9585811738162796928166502754286180025587816682985
1.3756161917429876649005123164713513584003900035938 -3.3347872391745620113970411046472727958107419942891
-1.4926117742262224047765450618962862841067496978965 3.7528184981633409152441539501256722930942996264703
1.6165216087557060345546523182822050351221743683848 -4.2287166256763849049820989719095781019856050346764
-1.7540160598158637029613728356583203887707003644529 4.7827661278133557204893434104363108828753589447086
1.9152557457670671002801239478868726438106787022362 -5.4421897866360226907964443040651783939703660158165
-2.1167600293657904494182377535412032340883199359313 6.2453829204785392735138551444318495441207006839116
2.3869726634314701181264069099028763424944365050639 -7.2491360376553695119679395657733731464943673631592
-2.7779757541132024634888258533379728701259874002160 8.5418772147316467006421190020684036303469278198098
3.3925226259736952592252162030571343448676997924172 -10.269943785692263945175129154502568912120352902425
-4.4540302446950859288849174334858152995525679021793 12.695017789814330818831985938441321715409979015091
6.5178935493111897377134205076149325329621027270724 -16.336930526682256711675863042518265840099316658409
-11.267033950091582865221972588705061654719472202217 22.400022709215419475826711433394006167396939907924
25.783770397725654724617133327654558211735840548922 -34.471938921440169466714100330959202570269136699548
-109.86107821533216320354776958811852050896746025238 70.383701746822512369638206118422368003590257637886
202.65731647661809755536879280336183623996292738381 0.0
-137.87301559984877879748892019597375362491826387096 -69.930530696147752868733337663178819274070786435390
37.943339813062698204162320647799152891246560437216 31.856987512140040046229958113824637552884569612516
-11.214697062650558639155683737333742691438514376409 -11.012107914943830365048674924935643472786256560637
0.0 0.0
0.0 0.0
0.0 0.0
0.0 0.0
0.0 0.0
0.0 0.0
0.0 0.0
0.0 0.0
0.0 0.0
0.0 0.0
0.0 0.0
0.0 0.0
0.0 0.0
0.0 0.0
0.0 0.0
0.0 0.0
0.0 0.0
0.0 0.0
0.0 0.0
0.0 0.0
0.0 0.0
0.0 0.0
0.0 0.0
0.26078872626019261354742425734431778442025332298959 -0.54897597156470154669167257207334953997677359067041
-0.64806846759009332827863732011584198325622366066974 1.3692605457223645044660589954303154367513048410876
0.87152090010914346532441039381841727305745322856044 -1.8574194723785239595527819586054911217834572790930
-1.0509676441950605071247026972427990997977500615166 2.2706227911811539894104022374627262249595041907730
1.2075352028549031159124488265168651245704690822224 -2.6578629855237854656391787155447878560271374675464
-1.3506418558042010317709895010658497769141893233115 3.0436058005552664320504201012591403891679726770840
1.4859504358884024385547058565082189072209321979609 -3.4448040055287659875386387850813535571229804194090
-1.6177788557901351474971411839405898555732448165075 3.8761425232497664115881364808766084871547605703555
1.7502559570759754552166056382591520301350958882643 -4.3525719312837669153900260406657725854410867296092
-1.8881925568216236713948926473461422776540198012087 4.8911486128515627973336229546553152331170025841582
2.0380693699595912433540276320573510715010575259856 -5.5129395651316365557748251109614626440261645194290
-2.2094914832162245178239327575901065859318227466516 6.2455142188101940255617652992103928976624326379964
2.4176514342121992055192175198231337855892669511532 -7.1266639632732270903072333372051798115762624965656
-2.6878791783502622178734879000649441813165895239810 8.2104234281157879231703200935451370851962676318885
3.0646846710056501515253105359677185016123445605879 -9.5774664613632324375625966560046088004874366711126
-3.6311694138541185321337450150653987288865617583274 11.354260839332356057376846667154407684987350819710
4.5546788063739891209380932209012369743593260152379 -13.751134168764701157858075474657548507573943093967
-6.2072924766671787416852525386916241631819985589594 17.145479839111668698610617508287633562253860189876
9.5368506068406617923027412241566983484085195223558 -22.288306090096896545624248319838006002974568919313
-17.492410364256296828004238352504010890297632911546 30.919181374148457336718520261955550024928294174593
42.839184335776928361618826400195894872197699442230 -48.207404815147508829292576863024784362660242498412
-196.62468555000674895747188952985897407068275180460 99.729947507510873251109991472733461956281746048389
394.57288122726235683013015472882758365255395751677 0.0
-285.29028807177470647075605264206873555381718554604 -97.272341084397815752474873925645147743280876882291
56.217855442646576922420818823636691594367513581337 27.494693420220078755843316111973684531195475988228
0.0 0.0
0.0 0.0
0.0 0.0
0.0 0.0
0.0 0.0
0.0 0.0
0.0 0.0
0.0 0.0
0.0 0.0
0.0 0.0
0.0 0.0
0.0 0.0
0.0 0.0
0.0 0.0
0.0 0.0
0.0 0.0
0.0 0.0
0.0 0.0
0.0 0.0
0.0 0.0
0.0 0.0
0.0 0.0
0.0 0.0
-0.34691005875614703988595992301036832345845866567892 0.72406383866689717914334561195582266483998208126910
0.86200063029698978341973818400238664668919070770944 -1.8058034514722921336887771297804834262290741760419
-1.1589507854420007289054672904472016519773461765695 2.4490689844175690310770576596349566570383905363100
1.3970559697407584921482003216874091544156113329309 -2.9928538818796354549590342673267674890842070938793
-1.6043129685714862965566783573871555371177289623220 3.5015484939398282170749563047317389897374489972476
1.7931134422256565156284237265919912374357992070426 -4.0071229503506932056633677132886607671734291360289
-1.9708011363340950955155213037424669092657650477828 4.5315222112478645052322942322148052188201887383520
2.1428463384283892494706388406723429003892928241419 -5.0935205972494224091857267477891027178244280649442
-2.3143311847818214631521212995443406698670215219874 5.7119653821843487334433059499899783683775478780520
2.4910184593287701881450531479874471499072437287009 -6.4080453518462669427833126429810890864576217198387
-2.6805038720880762878252986838573124162106224625000 7.2075370115758379288818180465312598963529777160809
2.8938455836286567306122039658208519297549792848649 -8.1436276690318365254912052840735960450476223074044
-3.1482349479024683638023077938852448625001095056431 9.2609809460302028258001274384328590026538607857964
3.4717744707467424928062704479575433929476812503488 -10.622082762620551081087620744498689164016794865653
-3.9126328584789562583473440565684977333701410576656 12.317752715596870949138796061453378912970385328599
4.5578273241214713318328131850648575694985228741671 -14.485553010711230984118146500138921709303362513786
-5.5748564364412760028141030465462453188973479751435 17.344069563128636250138822204626498069826063153563
7.3130428325929405867697170054551199299462865299250 -21.261632788967213784647818007436816897124860298892
-10.581348292076673166229179933231861673248083379215 26.907585092384861522091061641977954834380154143383
17.540733967018517805401310036289295351829042011431 -35.629599667273161998215591328467825332587711751234
-35.297918230930219483379170851283057892203410064824 50.578914037372916097651334521575243781743191724217
96.671390793397301802860768387853402331860464868466 -81.164686726555306396082744019289605460951115561890
-509.67183257455381346335749421927060398447390388091 173.77728724796016225552310448618627631284609583172
1258.0321067267077396267135203557007421108037978479 0.0
-820.78499472587831027400982193277450435812796941971 -122.74467813231468267299561031105373443451609046554
0.0 0.0
0.0 0.0
0.0 0.0
0.0 0.0
0.0 0.0
0.0 0.0
0.0 0.0
0.0 0.0
0.0 0.0
0.0 0.0
0.0 0.0
0.0 0.0
0.0 0.0
0.0 0.0
0.0 0.0
0.0 0.0
0.0 0.0
0.0 0.0
0.0 0.0
0.0 0.0
0.0 0.0
0.0 0.0
0.0 0.0
0.54165750147189852903717283892001191420507268385164 -1.1263650394572776758504385401903713098513775494190
-1.3458555450099700834730363589364553063074620447511 2.8090299658343046134910425349144201502536948943465
1.8093183496122377207202667690427589021207782785414 -3.8093227874109874924020103610672455226119183305154
-2.1807053888386049891044684753075971215531245632998 4.6544589459404912612266527624902841740503777158467
2.5036627384615370405801552604918824304807554166767 -5.4444579485424554035584470631023023793878859090189
-2.7974522034363547486770865550492911580185438002370 6.2288608205340192011379841938011308348114952727810
3.0734216497131668074453030392274875552400543456271 -7.0415397782006647556156046353869577232513010305686
-3.3399419694047247788724379135884745744363367900912 7.9113215593981243877770123454633763283084970399818
3.6046946920258034672196440747504773795270450849497 -8.8669725124894934012152249044868828110456340384104
-3.8762871074108900624321337367245146615939223378774 9.9406303170450699366236151601585504285147442238956
4.1659558578469742038864035082795552251560584827278 -11.171136648979992102633487661821001115874342182414
-4.4899335144424561956015060583907970659207484981362 12.608151066996131450186503010332947332533629772698
4.8732717550588700011103017750401017198858291382093 -14.317979748169460412226258556129478100008938171829
-5.3565865288963363629917902568625058925290832449032 16.392524568371358694597514679975149309607293403619
6.0087816983731420319946216371213758172921044810308 -18.963829558956553834052491652999168742705502165251
-6.9526546540627690384579357456475050464771035569272 22.228974202359252637634292977315335070152797912525
8.4202524794314924610857895109170870339088848308965 -26.495069468415838380284416098999316104588649310259
-10.883132262154532183552566596005153837773779298497 32.265932376069864371234496480772884602671877185167
15.392701062947386769916791792105716867643810860250 -40.422558008281865322339913816801410333731975534951
-24.597309870056794789804466636296638829041026484533 52.638076056101213260166106634760080730321651868576
46.384029113074398811304045174931595051871479223414 -72.466728399551983282955228687272983578768536709401
-110.79255052035976822189815770708813335013062506417 108.79112611658105154149352414436561328344938356673
389.43817524457659202028939298115917316344076861912 -190.46409988732747171973122920322781109043425748137
-3182.6582736781176666304029579293260172687787921620 475.95212865488318278835343426675187323771005602013
7746.5461244196669604568289117678423567545138258167 0.0
-5387.3824976638934770325865804567212582637526646788 -476.06779452399859705768382081105857577224673996911
641.61173012273922537377599887440096370519983425478 190.61911084212745866363403545307935367067786635037
-174.29622434065118582547333293658174057938078232004 -108.97700334279915403534626437531235083746381869732
68.194517244278413279391712367243044440177883859046 72.678570522032984317571703904970643534807439953431
-33.100407686184228178650318249999902531138149057776 -52.872423727363303475458025756124498629120895626374
18.671445769715963232145788311790604849027925396268 40.676651754866287277075592940530607293025637904864
-11.833670422375229647874465339824363243571053093286 -32.537365276808511523682905956807778230721682692065
8.2523103593068988653410180403872540630524628173772 26.781593615220164378172896410366981785334201784423
-6.2304397994876322244927366276661454936076306688324 -22.528379796644066600162865995620711983957324236418
5.0181788039793093930523447993090910923749318523527 19.273863579850771751637395452673569241184022899868
-4.2519060687304747158935250417333693427382270630558 -16.710833611631827189037463223804562795938030542585
3.7417712635878697461700320591364492412821102985911 14.642068946712774575535721411331094016438993153051
-3.3824293242887493127025296864935879702248208187731 -12.935354165026726013322246493615831422348847407901
3.1123060447841436654803536714463205315307218003239 11.498593515409574569024333655602347247263652950142
-2.8936932545581486857468270580380323967488579806333 -10.265268258374619108652431246573701838706537081185
2.7024294924382631601465736341318345050015032018270 9.1854868597081505809615121910475021655112830011751
-2.5222409105874692899887838344071257246954352200279 -8.2201488600927749320564546967487538240379113577813
2.3414265526392960284712334129316247256526677214447 7.3368125017236670784678466676601408205999195857287
-2.1506978782712326075181184625366983198842608041720 -6.5063230629725401656208853670935074395806310583864
1.9414325333401490431582683901658187834171282077304 5.6992995698489148733892258613199270165380992990176
-1.7035911721263216696639857241993519266956488632038 -4.8809661213466761389769690879755771576637590239638
1.4216572609351579991586352437072759954337955739047 4.0000454805169396169910837175754034941657735580926
-1.0615486360739332086875004226412810295841515023118 -2.9522299058872148145136708814981704126554693160178
0.42794429160925874800584232864763421229228885351286 1.1842266258694978114484425797246104021007729312847
0.0 0.0
0.0 0.0
0.0 0.0
0.0 0.0
0.0 0.0
0.0 0.0
0.0 0.0
0.0 0.0
0.0 0.0
0.0 0.0
0.0 0.0
0.0 0.0
0.0 0.0
0.0 0.0
0.0 0.0
0.0 0.0
0.0 0.0
0.0 0.0
0.0 0.0
0.0 0.0
0.0 0.0
0.0 0.0
0.0 0.0
-2379.9445270173149814056321380653880274744146555363 210.30898447583744549524237260123090204001320659127
3608.6157822003542127425494728889711603655235769311 0.0
-1425.2371036138737153902175427917162493249665707698 -297.98987094308947781017447721217177912330839770242
258.55488423177649746481165005459906930919889021644 139.30403947280178482711279156636367908317457968718
-88.392725856737217821127023741490640238157497234875 -86.914545480859524243855923257827008198180974567616
40.273254504639946718986370057401213999070963015030 61.319053767794361098475376620196900771529278516822
-21.925072704696825658085393601662667087446924291065 -46.392895404888069949516701066498730515189908704042
13.590364595254502993517475050271156950177535153888 36.735859304341276667010101217779941060443226887537
-9.3379345282271554134207779829546968999963026139504 -30.038474671430131181039585828461969872028321999043
6.9787091773708890023971546977442600854975307659063 25.153662954241735329347647187454853761225392584619
-5.5814953536049106131401509437705301199304077243992 -21.450131445987834365370792270919238687164468037005
4.7064364866747110906583423266095833266765232307855 18.553157234397907359459203907359655851859804765849
-4.1281791076078884549235423844045207663231178848960 -16.226830987289038920978561748953184397854932895727
3.7234359648702919380416798245498687750936588590111 14.315318151694054216985322969193424854730478172649
-3.4209321413802434522348340189115505480779675036311 -12.711317836638830924887343900438590625938317466258
3.1774014380943291395230508363955672124084904856091 11.338052549854455794229854376171936964637640595111
-2.9653245712098121583045631462714370076044700125228 -10.138391635125536081225567480301507181338016480292
2.7662865704512714505248196200709711927964052105104 9.0678756769287983638049888271759609103031446109463
-2.5671293010267653527069972615685847544949928105650 -8.0898580224606846777314649111318058149823618281770
2.3574742142764071864159963426475965648526761495579 7.1716124648422920399108466624421214577362930563761
-2.1277505387786846169698921095373783738439265498520 -6.2803559531722308108833816500070844857999060040415
1.8668804877487829439966995614275294479987965336262 5.3774884422321836908285107383328217434336292963944
-1.5578119718396909990554179569300605355416567839834 -4.4063159664557667657669031923741930349272918597140
1.1631662140910805400487325107530602486599334989547 3.2517848097866362469453448671021049162948173383844
-0.46890157672863438486284549499666638433023076354396 -1.3043377281814970435392321524844812959887481929661
0.0 0.0
0.0 0.0
0.0 0.0
0.0 0.0
0.0 0.0
0.0 0.0
0.0 0.0
0.0 0.0
0.0 0.0
0.0 0.0
0.0 0.0
0.0 0.0
0.0 0.0
0.0 0.0
0.0 0.0
0.0 0.0
0.0 0.0
0.0 0.0
0.0 0.0
0.0 0.0
0.0 0.0
0.0 0.0
0.0 0.0
159.04487701887270033824336573736317348277697831007 -47.251307321849362979327243728387946683212453269079
-799.73386353796421247149068473829301826442644229740 167.20908414482318298107467114852897808716562279861
1079.0826668448629219019796020474181264022356668237 0.0
-517.00941922667989686708265067513085337510567431593 -171.68489758433891411005331290501823188311137095339
105.93384847963745284455676179606794920050944867175 83.089608622806181095629542643681780503603328984998
-39.824296810103686454048779124555072928246777089781 -53.373121468393358595926575660154812631543070763884
19.653955889997668667871442652299782238990787928726 38.544647587749861932388070344826359635672551087497
-11.490324227116422092014538093518739885986799865606 -29.713490555682672182354340658426113427037966711998
7.6007456827195222448312472268800063489524904506025 23.887793752371533292497791120199133181255664153823
-5.5363702090614900694155079242682078147446342416866 -19.775884853135110650379166551782656645416809036849
4.3507598703056616866259509373745929236400191468541 16.728627070897508533969556394887829321360207586493
-3.6248918859023647766442994397311104825652354951973 -14.384182961808670390872823326241275656964489440199
3.1537656405819925675612429116390860674888792357093 12.524916773689242909320927760888633337999744456592
-2.8290067960829059900084060020614057524586842927053 -11.011931805888903153678062978953946816231773543005
2.5895938914181376379236538482982120764191198552202 9.7521311976497635662156437272557795014518287802180
-2.3992571104276897219635509122863456258073716111078 -8.6803403816860934598677211338854325457812207268551
2.2353281968882366684045668447793885810477563158694 7.7489501089433562578808296870971065466919366039143
-2.0828709306324346457171628869642975602164782916361 -6.9215129031970488760710424061837953216828567597465
1.9313687224114261077354197855562275091419007172042 6.1684419741425661680317100993884186298987046936910
-1.7726510078054988563940371081836444872948366702202 -5.4637028515229450518489362274014010247004559616501
1.5993002126270482672009811675978360006093356856585 4.7815811256130292299258026298618071128724456486191
-1.4028517641484433645847044239173926459997566711342 -4.0921735253163632470754783266556827807629604133738
1.1704034562118240462542254362043464399528520996761 3.3519681282811508030786284180028914641205580631691
-0.87381280451086704210148001882082949146983575448849 -2.4731633802512300520517970204946159286899295451023
0.35224143738636567615599554642443378602066150574396 0.99193218454827582398866413754435464594372359705149
0.0 0.0
0.0 0.0
0.0 0.0
0.0 0.0
0.0 0.0
0.0 0.0
0.0 0.0
0.0 0.0
0.0 0.0
0.0 0.0
0.0 0.0
0.0 0.0
0.0 0.0
0.0 0.0
0.0 0.0
0.0 0.0
0.0 0.0
0.0 0.0
0.0 0.0
0.0 0.0
0.0 0.0
0.0 0.0
0.0 0.0
-30.410520362375408953492292270285412579301831321551 19.013879340895796675602655951685559284987267205563
102.11736384480562812149601983406371499106218954528 -55.018729683494265743270933956958069939684212692056
-363.90409119730263351229476922856718925200429885234 120.84274348653251551721186871702854973934516600664
515.17472827288757045996128978025694339044468395684 0.0
-265.13630175518943634396416452698402268206511122359 -121.88232322688597664600209406325644287057093398407
57.680788611053814631529810420204404936157269281622 59.785542240218259103885187671313198203254993283430
-22.937923434657138399544970973959508241977231270677 -38.919885545176406782304430196441328023427754267274
11.954818987585394447207196542192594980769720350915 28.445322229494960473774078677333887357066424960706
-7.3709301993009000360234827997022857649312559962864 -22.156825769507808092990585153686969841453845973168
5.1272371767371809696731550175273007605818232410085 17.971413153333335494316792904136862317874808396765
-3.9064036962156168396498054066840589863329325548600 -14.989962295029417497134440788932589711991916214521
3.1874070109724622938801713529102694524384234729583 12.759802550861239149854891257838118325593716028375
-2.7345191165199270800672669972968280357181602004679 -11.027733225949148744600431722708095710752675402182
2.4300315942092700091784861358935388374829246412839 9.6406918079821255715026010591507139364035605097719
-2.2104794944721040637831459751938914030389179289863 -8.5003199944136994755741013593041831109252294739200
2.0394103100956037992213829773742313913552944847550 7.5400624899965210211614414087348102912056372756654
-1.8946756053319384522601134953856706325832123977128 -6.7126742809600755968595353558390964407626189014451
1.7620368394427716143486848493494582218957725735842 5.9828919482785715685586041789462099733350341240225
-1.6316992484663571245733890761178635098812538067080 -5.3227587721454079614222548348130906460408059976379
1.4962325143269252182397645853158817847176110238756 4.7082326406717731978821957042604356352036777371366
-1.3490572468149879396424686207903707911275287649963 -4.1160877765485474760314487180910983564633566539440
1.1828361563476329747042651894903408900750618424872 3.5198453538299844592808062820155025009943106016888
-0.98656509492019872467131606083152595590977205554044 -2.8815550245401559999588329477246466566208660900159
0.73643856314191075182674526802114433374151816669604 2.1253454666272876129005653786099742727467505494264
-0.29684468577221331334075462704621119211826168377166 -0.85230634625428619779741561470574347692376413323624
0.0 0.0
0.0 0.0
0.0 0.0
0.0 0.0
0.0 0.0
0.0 0.0
0.0 0.0
0.0 0.0
0.0 0.0
0.0 0.0
0.0 0.0
0.0 0.0
0.0 0.0
0.0 0.0
0.0 0.0
0.0 0.0
0.0 0.0
0.0 0.0
0.0 0.0
0.0 0.0
0.0 0.0
0.0 0.0
0.0 0.0
9.3081267671960283925279449220458350635371425027000 -9.9201721049567012356233439025637169102868223487943
-27.311171757125364808044787182486605923709784745500 26.854450485750172908991619555814994087116022681389
58.331103263566021014473262699229407933839698406862 -45.752218108434196361589070354162587221067181195930
-207.41786138600148336515457628682686652765510498858 95.349337895723497278244517091383153790920720178584
302.04580605344444825261566783550469096135043448406 0.0
-161.28378062789202742347844001763760507217736600838 -95.760044211330151466078268789690982373447371550360
36.449726508424983700275079346834905922507322414298 47.283015061929861158770501636837667357055457210654
-15.100157138518562573368932645139859672957346402617 -31.002939707200589944263785162821764401532891582715
8.2179588719395569950833697229357267602471993364947 22.815505604046683773672635801742404906395178030602
-5.2928690370870343654336989243681451366517369743899 -17.882861997763279364502287346752609377265913277966
3.8355875894090017619977181419083815859479520549445 14.584561367429507105022964307305818399026724134536
-3.0276484817450055147458210173459637105468233322465 -12.222122105956025738277931615457517110755064485343
2.5411068556272296186703142118476893590470269259283 10.444007282041140085307597195801202976613306424329
-2.2256557525081595336887148179384429182658535134433 -9.0533979242160513204000495519834345279493083177901
2.0052502567741879365105866103408296730935314459381 7.9310027855006792001463529687613467445892567974272
-1.8383154958348753423893522577437143312088680604559 -6.9997756252345839277427584668775656691086527618850
1.7005823129621355178071270648841342693348652982534 6.2071063896485115748265110622313016307194837712160
-1.5769769553012429949219568940798460820421279985075 -5.5150424866697596506589453669781283942155065001134
1.4574576154719398283520634519821470806810313198605 4.8944330537791061625709875282017339550765296032633
-1.3346519329685866859206572326957060461183353322963 -4.3209707101841293495991534981055436734824173983836
1.2022538033581215462195658408301325693038743832933 3.7718728373878764765237312222072747737679797424405
-1.0534572263634886316374082093233948042874881095819 -3.2218735159723980247698328037728759592380851213085
0.87829368968901482891681595663410157268064489607756 2.6355318256319071676057217557602332472588958841019
-0.65545977106196183919270294623431022138041800157258 -1.9429345389981238660156211902560841627225985821404
0.26417782742717577902346220778164888597474165375517 0.77899608896670399614206471538258395775856908681394
0.0 0.0
0.0 0.0
0.0 0.0
0.0 0.0
0.0 0.0
0.0 0.0
0.0 0.0
0.0 0.0
0.0 0.0
0.0 0.0
0.0 0.0
0.0 0.0
0.0 0.0
0.0 0.0
0.0 0.0
0.0 0.0
0.0 0.0
0.0 0.0
0.0 0.0
0.0 0.0
0.0 0.0
0.0 0.0
0.0 0.0
-3.7651984417710511357560758034253361440932516326483 6.0142814347878561515111792075258804233455015031626
10.370082957895354363258136186781674458076349265524 -15.789229906870626419033316671070071402936644222656
-18.274910305334494342882482602904075246910155032713 24.492309611933911439133074631524356032441534429240
37.605368149501241889011527244134792429217780362948 -38.977576071664768209479794244631675024761446320459
-134.41025113733877610603492028454189752177410932640 79.804252735514358152752182513094460659356498302275
199.13605957094052782763501388762252357527334702175 0.0
-108.73544232564057619234915902021337870320267390942 -80.030092350136197478117283479043643111215867122755
25.286857816417950783890519877950771667337036198112 39.662259889893024780844185736828393916991132136999
-10.837059228325097178644830811534690620646947345303 -26.116869825814201836825030484715407511670443361688
6.1222752014754306748352143897253781593971110387011 19.301093052408327930011256997650784567765115561663
-4.0935242061126465172703002400094777362748895847761 -15.187505586481322748853309482029490820799815634157
3.0688687748800686003876723556619372138590634502069 12.429037978715277231857765839103854095603401757528
-2.4910239076522558887092478083353759243006070884615 -10.445705577332463633230654983016806187896846470378
2.1348936484542669696892927619809166317631693235848 8.9457475517514033127424278086612311036346992430850
-1.8964273942403517572749279130419157140867504092194 -7.7657059890092134587093494770406842827671612582490
1.7224829177076174037931221757916272832678861352242 6.8062577143221345628096995706615005980413735570872
-1.5836682197869870643179601136880278692839276355955 -6.0028762552684566512594167868761917349809142648445
1.4625378143557985022694218440551950003639192902124 5.3109719416255971245465883235224680278940330946605
-1.3479417595762593498382211538049214971627529899991 -4.6976241114826353883121984355646910530420857516947
1.2320293696587543853120315118686126660803588692135 4.1364194567406622317251949433902656263561875159701
-1.1083785560744468249303719369589033322343916793560 -3.6035315696101712857563139281908312338205168090538
0.97035411208745961991341803378922369272716836033565 3.0734686305560190776952064651276851906243785280235
-0.80855064683699896393006072844433129891011887509983 -2.5114863605991683359904330231389414994707466395138
0.60321175680196695393257613528960323127831740310251 1.8502812253000906697806639456044041705865274094315
-0.24308706452984114568750169499727851962370577439505 -0.74164562056520855519279264616530806440069505226101
0.0 0.0
0.0 0.0
0.0 0.0
0.0 0.0
0.0 0.0
0.0 0.0
0.0 0.0
0.0 0.0
0.0 0.0
0.0 0.0
0.0 0.0
0.0 0.0
0.0 0.0
0.0 0.0
0.0 0.0
0.0 0.0
0.0 0.0
0.0 0.0
0.0 0.0
0.0 0.0
0.0 0.0
0.0 0.0
0.0 0.0
1.8485017026314239625240709658595508562166618768803 -4.0270507679791559029060755802483027603324283196127
-4.9135335538158765521150481904248404157728876548913 10.396911850684784507318284853490475080244311947289
7.8495452063089520573747507936148319533041904857910 -15.394252200152146080058595682597616897211901866541
-13.015478345448759178703422231984447618952347031220 22.083992431294792598644380276695740968250033043652
26.437680595701213402967596877847971133374825430812 -34.295271036398426693935338834491976868884478172428
-94.636464101914811535737561835146247739968567768878 69.653139765456628759158542583873854924736004681868
141.76286353741939381952261515579041224494485293213 0.0
-78.579742303875975491507106778220428753942522546963 -69.807240701907585982976303569213307469885892466268
18.719518097252837866055264584967814304884022463867 34.673198548019757989879032901958751391225338022238
-8.2701924506816825609034009389312009728672186311337 -22.892177861885504096388144712240745043300239275485
4.8318076155580322053695643715452956128557612098624 16.963103423638154936863244708301394760834361600797
-3.3378276785267881088299140689665703114986343930230 -13.380565627006720027799565072426365056906463843158
2.5736759978274615891857228896729676152558162308667 10.973084703523886323721366427710238968196771209085
-2.1349146008988856055114624275614356209135395945606 -9.2366105879855205443740344953696665427596774176181
1.8572937882866474692144532811375427384072595536536 7.9175966534043343421556773196324713992092932755866
-1.6644118522760431151863536035846663717832729681098 -6.8738210852637646127107756536646692542023131838178
1.5169333587485413440570043441741366560386631163802 6.0185401578317523141554234931696417679113037770388
-1.3928362890363945404114083506376036532345058582885 -5.2949072095899694364632307617697291726410728011481
1.2787566535441714396840739691295281228526693908179 4.6629099866897553981602539953954763897414219083827
-1.1657548772326623105214285563080405548932739895594 -4.0918933814272261411162122185286012606981532651950
1.0469095943767442934678558740798345884353912128878 3.5554571810487139211216315901791864978831491161039
-0.91545814337802493559656485655415145284214675142326 -3.0265908485387224389143073220898271616868342424793
0.76222664252774802291188182890477151258247913455329 2.4698199988054813171297520664487949219947976178268
-0.56839952277202756252420866347440926900362889015595 -1.8180587011470585278137867763412725677656515872596
0.22901696548017141497374854187856849583030752340019 0.72847442452707734298119035592897362509852954349651
0.0 0.0
0.0 0.0
0.0 0.0
0.0 0.0
0.0 0.0
0.0 0.0
0.0 0.0
0.0 0.0
0.0 0.0
0.0 0.0
0.0 0.0
0.0 0.0
0.0 0.0
0.0 0.0
0.0 0.0
0.0 0.0
0.0 0.0
0.0 0.0
0.0 0.0
0.0 0.0
0.0 0.0
0.0 0.0
0.0 0.0
-1.0534083006091743481869037510723791362218850379934 2.8964074069305691453123595493593065620462701099578
2.7385416539907892105030467764389069508605420871881 -7.4025005138723229652109504939031919176356448171966
-4.1263129288105999511759442489080597795541557712386 10.670470024741347069585970899057176136727742545151
6.0993618506291522023392034996854361859428347868816 -14.512834817123208934853226763167152566086115702011
-9.8479515505005433826553047201715102131444177981473 20.219355690066323540091165296463809834949141164072
19.788715543759861571643415761647560057916922375438 -31.038462132459235465961053840198928621228241291941
-70.655497619990244892613274414382079054864837486190 62.767644492878818489541930519044030530923150984054
106.60673953339645826174162009876796928247367887595 0.0
-59.742055510314172736894612647951714610880594163387 -62.887686527453994087002650999214180172452862087377
14.546881267378722777330623816739078191471024820059 31.280118984407870360032788173125725040407901041980
-6.6119815230564495297813661461483367268699307357649 -20.686590850236362378698559230866966770126896810425
3.9834265688032416981557954654251251347905801528155 15.354225705469210075353818415276560132789173454041
-2.8309931281661978786034666379487089863764334128852 -12.129017147179956277235008916658596955467782589521
2.2335654387289381878367244139677447195943385574135 9.9573903012673704504545191354098280032965471753707
-1.8833566763157336459475540255602573576937588103019 -8.3861168983221615988628094109854453109676570105499
1.6548580645403807525017023131729515147051810350384 7.1870838048494809206558701141696682454229024148560
-1.4893731028717343454139680056950250020845090280879 -6.2320323707764350852996552747047741261126369216119
1.3564228292628319674044494619917005792490640025403 5.4422477945519801406245140696587218574515828335853
-1.2386606613255949490730480596707154709754661947000 -4.7654049410513112521894052989381480500935197053959
1.1251739864734735560438680005642330714564611025076 4.1635282744215529872071261115072030927681758427491
-1.0080507073031941498817246621404099228935261577177 -3.6056486135835776579316010655674378620779234982760
0.88007762732023650594677148638379403045616503042874 3.0617489808041277889139721696053228262550520187325
-0.73202036787965635013300062893487791352007226368868 -2.4942062163809931365963274594903643131079213555372
0.54555129293514221831972857658069807238187788935908 1.8340622570673346070235098612962292596296943212619
-0.21975852067883271558579927496905702459110851853652 -0.73456137764550112899919516172596413547343442047268
0.0 0.0
0.0 0.0
0.0 0.0
0.0 0.0
0.0 0.0
0.0 0.0
0.0 0.0
0.0 0.0
0.0 0.0
0.0 0.0
0.0 0.0
0.0 0.0
0.0 0.0
0.0 0.0
0.0 0.0
0.0 0.0
0.0 0.0
0.0 0.0
0.0 0.0
0.0 0.0
0.0 0.0
0.0 0.0
0.0 0.0
0.67800121242235983625823112875044069924930334229349 -2.2003477997217819308883686285789425869242620468009
-1.7366676672888185662702921228591080204385900736344 5.5865510278375140210561352343568491349728732218637
2.5192062766329883414828929881020306060485138110409 -7.9174179044965832076490147151553710313247455628237
-3.4708939469208898771425804360277521279300025607010 10.433417542559206556941420580389531329121025099313
4.9465915473269362994622633830825106976893447061455 -13.733213919374522350034531304157330394549466229911
-7.8272974336024573248555977192997911775744713948390 18.863466910563285040772880730049298590843004928810
15.534871835149968438403036280798776959869430674358 -28.774442416722414317586840483636302636502684107246
-55.138863722114320078566666569321884123862350905213 58.042120372602078636445304235853083423370129542064
83.592793778712512377745417701696049053109312774204 0.0
-47.245163925816450927038627647817252785321149606478 -58.142994971342113821121501680563833037852942211148
11.746036378952747197031878906902995061774234826266 28.945675137659786380495887341014406658587090956167
-5.4851204726044520612593999460976013225184680397618 -19.162419548302042918019906493558916924786129252300
3.3983695916579579852631989312086105359925576414170 14.236390583781063182704258618648298850453129009480
-2.4747239166849814789264774116539789973825143342592 -11.253635536514904424993284048160459452919508366059
1.9883998035187866099103074181044061876337554568762 9.2409104515391806775643977569736122744653811435220
-1.6962354115586266420912285949732393607968491734424 -7.7794313420747834998935524068552808591029874488182
1.4987249126109178369088578672371549716012290456958 6.6581147743085676896439660077177374869524231653672
-1.3490651922002685442009783483314499561885292795061 -5.7577683879294677009575129643975490372745489023153
1.2226697954183723009733734841282570184144228338820 5.0044588360872497286372175376492377853643437177227
-1.1051620222848345377693403739656382239781752174950 -4.3478186634008174593814005000340315755636213067701
0.98688667029833219824886845911864899318676829040963 3.7492834097622227289954062488177807244854603078002
-0.85974760704576831615382696650298419761920161812655 -3.1737927397149242917984470045153099688133149937400
0.71413055739707696634551244743128883881444971643769 2.5798756534421066814401118493380004095017662088753
-0.53179779752820819275171046725101786533425657023098 -1.8945330179554946950068868070157345031099545535532
0.21415015743850352414391593614847981245025929586892 0.75835960644959439230458368983645252552623324130217
0.0 0.0
0.0 0.0
0.0 0.0
0.0 0.0
0.0 0.0
0.0 0.0
0.0 0.0
0.0 0.0
0.0 0.0
0.0 0.0
0.0 0.0
0.0 0.0
0.0 0.0
0.0 0.0
0.0 0.0
0.0 0.0
0.0 0.0
0.0 0.0
0.0 0.0
0.0 0.0
0.0 0.0
0.0 0.0
0.0 0.0
-0.48297665283463957939572545141820706553638340880752 1.7463745446774809702532969111217228478068673583106
1.2245978999834057315567091308178962039636820489027 -4.4138711110840952999037099748596459603219184905804
-1.7313511787766464330694994509390447514727601631062 6.1843771747393317186871737900660801111873155829316
2.2780065514267621577022540949653187976711295093504 -7.9846114955311599480941587376808144601550975278944
-3.0059776803165110529517230281227452191396378950878 10.156208976415830401837029273207857255639652965812
4.1722060980297053433082227578754200663238222199356 -13.153302568380137319888129411508107641889087582944
-6.4756168111603599381040753249170837398947388402993 17.924730614253096182804335534887401912316123143187
12.667766829663985073938616744714761993113970574775 -27.239464350837236738551489151154925096644333859034
-44.576901308698178962931404391280183861736654404477 54.859256128295082881680517071689388686063124610122
67.794949311665789116800136308772507471233071612281 0.0
-38.587417023777968032299808413244004740741376835485 -54.947548700450767570301917075471199862142089240543
9.7901054013745536607885837166602121029378338081220 27.369241968787066857898113426120535447413343220913
-4.6907409456127254884811394004358321503806943402557 -18.128822094037684060738018318671776631488366780203
2.9803273414157997695754485185158696595750588505296 13.473639339722468175992333225410159799376008743566
-2.2149052992645819269108489876405015951428380694086 -10.650905195817824911897495942115952758767643326608
1.8043226765937290546833212868750337791025786283479 8.7410908484059425906231925100095282241892373882990
-1.5504053637598817768452493024415782028291974895558 -7.3481938552953239026851221351031214154412202042170
1.3717572225367149471572464512496447481097976352849 6.2720565680213847088814595679774861513278973094339
-1.2297967363120634011734997590733530624359651960777 -5.3987967149625149309579627588648758971337351693731
1.1038645370834624485680501177660257505243228897986 4.6564317842147113139718832697788652940209921744760
-0.98125859401538494805541920404313605198638852541401 -3.9937056991490679816842985927352588192251847238951
0.85232529171373947758467322116297297630496867189988 3.3673698830788300236770601423936553935030679666008
-0.70664821985271223430908223760652284279340322734624 -2.7297670162574270626352688596936286271332029226559
0.52566461130947190159185252381749805083318424719089 2.0012646133648985374929877703973474992298102580909
-0.21158979803963169117416851048925443056944838403164 -0.80052750683313027082733944563953934593742640488854
0.0 0.0
0.0 0.0
0.0 0.0
0.0 0.0
0.0 0.0
0.0 0.0
0.0 0.0
0.0 0.0
0.0 0.0
0.0 0.0
0.0 0.0
0.0 0.0
0.0 0.0
0.0 0.0
0.0 0.0
0.0 0.0
0.0 0.0
0.0 0.0
0.0 0.0
0.0 0.0
0.0 0.0
0.0 0.0
0.0 0.0
0.37423504667508876698704751766153938063166724218257 -1.4373651314885445034021618813427872725736240640206
-0.94223638050471933354988597346309973165412170942303 3.6210894992440215250717492010178982693501737016244
1.3089288776670506930485392799583896961092248460014 -5.0328181075371962180086901924702637701945002158453
-1.6697043345207077866277626872492865505164116367499 6.4071219885849482736895636575868477557420171514517
2.0956434739812562821351639164444098861129787803158 -7.9685420129441466112684101317770640542701948900054
-2.6837444538420179040164073695049551663527261933076 9.9570399081920776282139896002514825494682968882268
3.6397038761019209438451899104231147303163946587120 -12.777965969285190906073151224499041250384118225590
-5.5392719751103343171714442396583820669550504225935 17.330455712513619050908372706124025143880006588096
10.661903526197371229315285202681926553296172941829 -26.274054145735076646625703668348500247234278950198
-37.122447337538389816250712155000413083299430929245 52.861467293920485231823626588347802366173014661428
56.579728556245306910751123139070956115597720115412 0.0
-32.404494665298364708913332846653494597205032710378 -52.940283271928969313779903828660496392855157326095
8.3864356717174386797744996108387471759701095113336 26.376148864465122831455836780629608260090240502598
-4.1163649175513209496222941097823241247154959565624 -17.473931967376638834825348140449484201289536814869
2.6738007806701509379189028727721733946068060757584 12.985363568726624470267164422907488023021474048333
-2.0197000427343364205177094549434870068428990978147 -10.258483610953638459729744229133208050345779143347
1.6609125606741295927087361743721946984198620146774 8.4070606758035080067922629845949354636640929537732
-1.4314488218877235071363781448013069133952268076200 -7.0487948054254853351311079549906211760570801159803
1.2628007028164922801149563134326792414776830990145 5.9894764877385051226354600925857738278052851053163
-1.1220822333076557946142935660897368229398672652784 -5.1170844657670422318906589054954521585949871663963
0.99103823773645047859143803456504277018536043799462 4.3582975211351626570522660750636841021034484119942
-0.85727553511802896487604728288814802451461325107062 -3.6563522525050355804435913544692968156652616749592
0.70892574657495002087327363875311589297363879784341 2.9538284724352832073298345496889764173089940760298
-0.52658786154333649171579516659909647222662940653839 -2.1609940106405795573551703265082781620364218893727
0.21183762176919502363453637251914726500019610570985 0.86366957902608680783184559696277639164497680005088
0.0 0.0
0.0 0.0
0.0 0.0
0.0 0.0
0.0 0.0
0.0 0.0
0.0 0.0
0.0 0.0
0.0 0.0
0.0 0.0
0.0 0.0
0.0 0.0
0.0 0.0
0.0 0.0
0.0 0.0
0.0 0.0
0.0 0.0
0.0 0.0
0.0 0.0
0.0 0.0
0.0 0.0
0.0 0.0
0.0 0.0
-0.31052447087943005929342815201553639603315408264095 1.2204227189702537022315137716805635360711499298829
0.77806404667861781770490772013228106128003015438563 -3.0671920543985942471072489388554788119882651373241
-1.0679719282858171210718258235636498190725148577085 4.2378929077259021645135165844653076154241763203417
1.3341781385426023994563195486572925331988985182182 -5.3409713779494086474583161042486362366445313268918
-1.6199618599264132953491859058264931108702826209150 6.5395212748082149071788751879106479070696326315349
1.9703163430016987642374581193190114457762853719171 -7.9798578739192086838108581007498780774042826501248
-2.4622614918420671392560083154490736246188211210300 9.8706268434402149187308912245323139603375977314091
3.2680727664584952568250538693602953438258651606248 -12.596875080133915255382808152944718921990994938988
-4.8757723678789846853719120950616039365819114690461 17.033645149994651571489295741745599248143894788468
9.2234224990283126712867958306133130206239203582315 -25.785021897804868199421455079448229195200987763381
-31.733582040300862925976981070802799679309147408600 51.844191362922365394457367907612354642167599926480
48.444604381664038046774597176127236859689610013784 0.0
-27.906885470571479344988106541702356613377161058967 -51.914989930397884172962580459921813773026023418536
7.3633808943823183312411587425662693423367810015476 25.866033156697354415695860603624363070131941333690
-3.6950641771334572328174421932146203879103173262506 -17.132766052604896124654533288509197756208593256936
2.4451931265960851589261983534553934728364437507692 12.723846812812880792175259399856083825489298538944
-1.8693849215447046766346606528712744094011154090846 -10.038276788627737354550900975683283284648229365609
1.5450847362438814880160652743876000866593894279471 8.2060930484407525100470751083532433649701857970050
-1.3296453409658630538909138349930323547644242377848 -6.8508606476874863812197990898501971027456895160846
1.1637340835415227916709390030819939744759966262926 5.7795676371667835606507009140943082063323567604166
-1.0181819742299179202739086876032585270760754629913 -4.8779518841500520059796757150312314575578497749968
0.87555969297609982408683776634682508195098247111634 4.0659135325211994939382451093673109459226708294160
-0.72141590561928305441514443522181713567834945867358 -3.2702915983525762097081492824271602397623985742419
0.53476854082628941128270560285630485314280556075769 2.3861692632460399658308507769435460640957635317081
-0.21495351533052038833577725124433018721673084248270 -0.95261736874664342408922468166600056263124634872864
0.0 0.0
0.0 0.0
0.0 0.0
0.0 0.0
0.0 0.0
0.0 0.0
0.0 0.0
0.0 0.0
0.0 0.0
0.0 0.0
0.0 0.0
0.0 0.0
0.0 0.0
0.0 0.0
0.0 0.0
0.0 0.0
0.0 0.0
0.0 0.0
0.0 0.0
0.0 0.0
0.0 0.0
0.0 0.0
0.0 0.0
0.27215789357605567676793174440240046558066868750244 -1.0649915137548183821675881208857561606565706703000
-0.67969364258870398645127796451903353095181773114357 2.6717042972035090199704900705770722758784608295431
0.92539197201097180716723329987538009210669854215939 -3.6751169089212020385761086057398038308419240894510
-1.1399578439992489900884645760748131792038704200667 4.5972072078437289664707449205913808249664781453930
1.3541095391358184484157623799305414943386444730759 -5.5654211691641212177854426821372310634700217044740
-1.5928213486445058203438227048853771890651789629049 6.6792385228093912275873031530968867711499170605537
1.8908438468699144890125630615563500301009479372082 -8.0617722317630619295944220624436868921747406225700
-2.3131577340467793038950888355294160746243947527201 9.9104196125545057896261820208519948472798382559814
3.0085649462420072231441956396191696882127287616394 -12.603427766218193612126478357164044105054284672244
-4.4012669970075968017804576785360722039421820981166 17.010060308646550696926553647911441867593548992647
8.1794253881429043519412430911940140016795732617012 -25.725081561289960157128029007987182033668962150627
-27.793478278683714390591530366947124097687988779507 51.704019299830866159300690224666612426823845741027
42.493806249184505982865252359985812801038690334627 0.0
-24.619920341396930384470652741050310057394855216559 -51.767357168365257879185528224692654631223869142645
6.6168789225569376698019505121652974721190167323998 25.787632381685732326854300830366082920211764794305
-3.3858141792601705011842527112593827984642376920534 -17.071291670367224114963309719062911972151791756576
2.2735394345597357187296936526653663580577313163998 12.662794346862250995407596970714216462349826214747
-1.7512540714555062214181761903209828045617141813488 -9.9673549387911506511303560142242349204321817201749
1.4479237907550228776605044409589272250690629888022 8.1156762546855020635193274285871389218925124700979
-1.2377306906700669628790072722122662898163662691075 -6.7294574837784782491938342551074660053300857504176
1.0675809778288217516131069764502537530602512665312 5.6112123351552498109615635253128674325331564964199
-0.91003641689688992964602618002262946326816800291941 -4.6376705041087259993365650831770595655554800633072
0.74586370630846387741474071834740165714861110807200 3.7090404108017161119460752656914563288795618728412
-0.55126401735827803337506191487532698700884034530551 -2.6971042975138970910640518429286532995862710359891
0.22132631717878404517281453598479372905247631340216 1.0752424947319311212699717392197811259422331932845
0.0 0.0
0.0 0.0
0.0 0.0
0.0 0.0
0.0 0.0
0.0 0.0
0.0 0.0
0.0 0.0
0.0 0.0
0.0 0.0
0.0 0.0
0.0 0.0
0.0 0.0
0.0 0.0
0.0 0.0
0.0 0.0
0.0 0.0
0.0 0.0
0.0 0.0
0.0 0.0
0.0 0.0
0.0 0.0
0.0 0.0
-0.24909906685035137016192921013111056910842723927875 0.95262438412205943154774225181347757888447866822624
0.62072356871579625829830660404095244442608797492633 -2.3864665470972034557434245197021961373948374118996
-0.84048500797384488350156169124760097851156582270864 3.2715946828035601717551983634604583094262773677336
1.0256977854015519301447482265204371653577465524248 -4.0692624164846867988748227439986164912029170713296
-1.2008493619989242700570523086387476230597867181454 4.8847478362120933176518761842375691755755464727405
1.3821815374327550265240897739437814753624806292250 -5.7916922997627863012701971925418160632221834581380
-1.5881150810350321094409559308699010966017470151166 6.8709074200211571753168098546060526405118251454343
1.8478417878695949052982450940611908567198650042346 -8.2378073987749490136031397848650096257936740994584
-2.2182740961469727805043508725160272861689543038571 10.087447747128951992978837249375864655331771768021
2.8313913668724345400265896661251947669661058067614 -12.800320816008188653449451277784930998192259522131
-4.0649846829516965176873670593137420389751937705755 17.255823334676560670065893265479947012096387109741
7.4252053245940209459228615285494990350713531861974 -26.083209584847343167368280732755484192007364104551
-24.927935576871099640328349942970513089036871605264 52.415008927062407436146946477173741167570228306476
38.183764655008929112496458955497739301531709893858 0.0
-22.255605263400438651563139679251145267244642435305 -52.470810123361054029486447296985139836993406469375
6.0837874489071106946826138494832763596396455962929 26.127090494342207831345266871837606950944715805825
-3.1635696259090126648298160187327344707422419379752 -17.278719919630331646771734343927627279015375655986
2.1457439366712857491228140367484929107198813436094 12.791276377995694835500360688998880666272427196033
-1.6569049102264127232052475542786571965678365909228 -10.032338934203554713846506350360226120822816980268
1.3628429701863596901076553508363762002839197414696 8.1173004573464028298855774674915039549028569861065
-1.1493154949133778919370161103567933253543027791787 -6.6568393359540802136308260505148646287620056580345
0.96662456480501274221698308294709464567616768259643 5.4398833522664118112801055008045625819470582216078
-0.78595744637207183010595779319259424771326438687397 -4.3182120887202150307205630396529900050593526524195
0.57836217358658619259484404523235265437925607652785 3.1261797597397351735335430764629235635182392305655
-0.23180840052564926191652816772550710335622413696134 -1.2440395802197157200893197562700478054731835110325
0.0 0.0
0.0 0.0
0.0 0.0
0.0 0.0
0.0 0.0
0.0 0.0
0.0 0.0
0.0 0.0
0.0 0.0
0.0 0.0
0.0 0.0
0.0 0.0
0.0 0.0
0.0 0.0
0.0 0.0
0.0 0.0
0.0 0.0
0.0 0.0
0.0 0.0
0.0 0.0
0.0 0.0
0.0 0.0
0.0 0.0
0.23598452355035961287001028879578213111392111120325 -0.87185838191609438413541369310586730522056292746207
-0.58716027019009039737904672966147542104230917554656 2.1817389258185169525965441254322898938831149515785
0.79211000368609847907217400263701132812717554850922 -2.9830008112535994859829712488709760212925388552038
-0.96062048570354006292468112969327007539474616143578 3.6940317890708437964163750347470214518560130546775
1.1139276295573696281603908934754438585551260436992 -4.4057159963054581735810911734540062520040961028784
-1.2641043281336081350091111906923282501475849167164 5.1763977790733560541978909560956512098015671910864
1.4224595470818167331753275703805514720598258231379 -6.0639092321348102705349460038017601294533950265739
-1.6041926972263737969266570726960802422995212729069 7.1430694225652841564305602870167029562538964565526
1.8350589470522841328102002988911340116680106768562 -8.5282725199412941320523426987205767344190576748879
-2.1664514175178887114016766077295131968742455304996 10.417903043976501841226595778017827291719948409761
2.7185163341085383183256283324814325752971752773369 -13.202525491474194605737303923813290401261695077938
-3.8362865803550799864154376459783645665502569201680 17.787566694703543697853662322185076912715584982372
6.8978018400600591177156923458072914797986966654429 -26.882459264412146209356947261100592536307290659854
-22.913807781939911534986282172521658161258063132295 54.022617812446832178859486338146127735494635211364
35.195245905373526211414445050118098048103794622307 0.0
-20.648252728548973407052454649535089741550185688793 -54.070161418075251381217487160961045700067298498378
5.7285623467821528924603463536315301713551160774953 26.904570392717959266921061364021420974822398475008
-3.0143211387219833199357945688083156727714934372002 -17.764629261086162883473094777723231103332037704290
2.0541558455967844977914189301625489803313320389024 13.110353505714916724293637283416381479735184566094
-1.5807058115382577368454194610499533937736978343265 -10.224498858748487836375432479442091030887292168555
1.2842223923994807493618845232120601750062916134199 8.1883500467420593473309675763622096478891405832450
-1.0570618339157649862211876056580368116717056610951 -6.5876092148068063082397521065777678192216964810682
0.84885254463886767458783139491111500035609390299287 5.1767928898098603565213748179866071396402622091712
-0.62045811428863604834603845302174302860914838269892 -3.7256996727154657485355601354762959557093867569678
0.24803210211219127164944078024086653004328495512404 1.4790629107457983942367124080827139349428173670351
0.0 0.0
0.0 0.0
0.0 0.0
0.0 0.0
0.0 0.0
0.0 0.0
0.0 0.0
0.0 0.0
0.0 0.0
0.0 0.0
0.0 0.0
0.0 0.0
0.0 0.0
0.0 0.0
0.0 0.0
0.0 0.0
0.0 0.0
0.0 0.0
0.0 0.0
0.0 0.0
0.0 0.0
0.0 0.0
0.0 0.0
-0.22988809574435294147935825502624356281401211112316 0.81551939498266892940129096286054788570141723782043
0.57140897217250795691387251390541369324242416472227 -2.0389821935234745053136554304623010097958917558298
-0.76894166209334038962596857718836432171116435019673 2.7819758589523666927909931697690914504372044996643
0.92860865963735545427571513697221353879699675693426 -3.4332313060089121042272296405051303506383255235856
-1.0699690341372301927418979131341260353145685618774 4.0741337283392590646539585602551547476251057425755
1.2029965645720670675689853483324976791080368927458 -4.7535476629391525651344921570606778142562064852840
-1.3356199066706887571600620192690786974017690815172 5.5159498316576285850124197718909629417495780647758
1.4768877053502333651523144049613720479684522713397 -6.4141547460458751014807474359959197387825572373236
-1.6401939245494377025744777953766791282660286027250 7.5224087038696543397334950715360672115401030423981
1.8491441375125938168417272047036309029078212840215 -8.9582296489832910782678711488011897406605158595558
-2.1515554393680269123151315474578568156497531074948 10.928205053129409140175265309214764901843422444277
2.6598980344637944347734870086777656770973589514842 -13.841088771312425720321991647570773170318359007880
-3.6981405326791728652513056837905170003971429182937 18.646042673602443624737265312887759999619346358151
6.5628828754154731359579547236989575864609237450900 -28.184586695340827162082568742929423320595891210383
-21.634460646609296793544488680240943333964084532980 56.652676366062955246517911918829408859426124601148
33.373318083709206353428088190521676945060714351651 0.0
-19.725863420972477371436886224481426259308262476022 -56.690294048101345787598590518387355979106679961500
5.5377886212899390011030124875348365321252504653633 28.177643482855891237790569431396936907171641773819
-2.9332035555031494092431129578071463318649869386496 -18.559461572536004024674943733270367488460344386002
1.9955551847514226751854701431738263384783935343212 13.630342506906643144328554848853806940524198724997
-1.5187796028003976706580802505261222361386059374583 -10.531965872075969653222044664072337754404710781509
1.2056661994723449818395220800664630923434889096449 8.2847421623344413494356825503000358610939938156069
-0.94871065171641317282480875303083218502960353325718 -6.4195704057538022464808640798415025845190433193227
0.68603070709059068713356808497628712479063718806729 4.5829880057940568852057000970695886194143408088451
-0.27311496939920223680999224993260349884783300609736 -1.8134995118715104863445808939144708080524500532347
0.0 0.0
0.0 0.0
0.0 0.0
0.0 0.0
0.0 0.0
0.0 0.0
0.0 0.0
0.0 0.0
0.0 0.0
0.0 0.0
0.0 0.0
0.0 0.0
0.0 0.0
0.0 0.0
0.0 0.0
0.0 0.0
0.0 0.0
0.0 0.0
0.0 0.0
0.0 0.0
0.0 0.0
0.0 0.0
0.0 0.0
0.22926872882348841452626152727067808711421239262457 -0.77927838703760532270913918539713042855587752911510
-0.56947368976721879876131396978919447649253382205420 1.9470203527853670219596630112994142911649025354039
0.76504037954951495004084379314544269055104968513246 -2.6520757626145961938668630957823647613080147573261
-0.92127533162492571583223827807962244804740858232785 3.2640000255865205520441907676686331454515219024662
1.0570007100916880426685336082454281725427736440730 -3.8580407496095212744930086274788582589870283846371
-1.1811365949787186778973195009068282477432002158123 4.4770847401231954510229762296906607542577414226294
1.2999152712896654810882675652247147827455128260948 -5.1575055798693842510850027390725682389770829132349
-1.4194388614019976155797801164690700826836852216859 5.9394042470210477743410173182685870964248017353571
1.5475955064767778433454683110730768374841152615590 -6.8752233446069445482592240111550683117015386264619
-1.6967907191513774871001111698050040265811714884374 8.0419917446320925467723615019787262983917797275543
1.8894651939532421552143503501329570616732437094598 -9.5639282322823925660646607325513158624487505660099
-2.1715859234407940973265817398013277324380473979952 11.661044399445344976878221290252382599643564992445
2.6518517594309635004920812745649711038282559219988 -14.769857499543111864742043870620948670495813970107
-3.6443869137954300999049659834864806201284217596061 19.904837954733952337466811099921778885984251473108
6.4096581806473335660597275767870800294487936597727 -30.103381839137142623921979260796827911360211352169
-21.065049406377829477896204442489210617670696792166 60.538989827724816317100937631675999311907358444737
32.713578436602573616815887770737703858966571657701 0.0
-19.508144165363442342317564480658691131938850698891 -60.563257686307929933296533427315110360630407421331
5.5211154170231485549408235321991433072869780756394 30.052432515656504148661729147898960632057623199962
-2.9252331665995723510780052711742637106119083050935 -19.717578279049332657570507345048047502925201850769
1.9711999508613879223406292678887753777829658999654 14.365151513482211063547560496717208054292552335685
-1.4677073256847823168886470254961042953191393128339 -10.919735046378441432654611809563043746454439422387
1.1155487013860575063476374618933619576425774064979 8.2899888312015125350206002886943550366971088800322
-0.79235269481598240915645945217526945845455318060637 -5.8510427432786222177478180897920007875073830880701
0.31330813022691356502127438197884228959228752060605 2.3047925015269723707652902625049603922983831364204
0.0 0.0
0.0 0.0
0.0 0.0
0.0 0.0
0.0 0.0
0.0 0.0
0.0 0.0
0.0 0.0
0.0 0.0
0.0 0.0
0.0 0.0
0.0 0.0
0.0 0.0
0.0 0.0
0.0 0.0
0.0 0.0
0.0 0.0
0.0 0.0
0.0 0.0
0.0 0.0
0.0 0.0
0.0 0.0
0.0 0.0
-0.23348008793159504202344387210567711324544598857938 0.76092694817888772884310632817444187614037246101974
0.57965745743319911654249131676343532802936991282216 -1.9001146935949694640094849159203213236570649309687
-0.77781847060856978360705174113172352638564346365038 2.5847403703634823472384652131482949257547272713080
0.93485099479116916292993032144137256044215702389712 -3.1742313011713595148342743593449623864131144887323
-1.0694877131046758445404826199254768253272870105625 3.7402386616466727434545036769045794296630295151225
1.1901887992699090149488688566454256739086709287989 -4.3219800924899660138025098085184401872122188580415
-1.3023312105530004050967084646037238092325207776268 4.9508495508842464097045458139503988614723223938944
1.4105260348882513898598509931291478071574262341793 -5.6593210000016042560063881776592974048182146624808
-1.5199919993159514215380589522356692651586746266301 6.4872786979948233133007231249936312662236373697909
1.6380724446256342600152432169215676185610892290732 -7.4897240316400597934562450192770658381429445407406
-1.7768091559487491378081507731039930998973054407668 8.7494313154468748940454383012056717133976063102270
1.9584090889521167446239205747969025123106347523852 -10.401298280844882052194453628639511796813458771217
-2.2287878978442699407565432211257792605756358387725 12.685263904986984562197571829625306575475607266652
2.6971047055204234140665379812683965554977004061643 -16.078065569288622910199740987176144293057144253303
-3.6800318392099369268138884386532390401848408033243 21.687935121695466611184852701845784495792219541142
6.4526137049654103225380410316354838980663476619413 -32.832500650549077412847062085883405462547097345264
-21.285741699688236975514167317089689470545055102191 66.081829654060889183445699902640182098854616184476
33.397396612530299093476952735025489906105728320922 0.0
-20.136453306822726983889692641699752706113910163382 -66.085583236687645138062485767267208281922663209005
5.7207144924116300583038157846617786725194633124336 32.706235587552149204210482948566942176240490304869
-3.0096258789303575108767402288613531218301106520925 -21.320812805355690367471503502442319695133382469417
1.9876734304500352030747861224012456765694525278283 15.312153679195053075789179647938880335510657155176
-1.4201076843356412880594500346054752208733656388652 -11.262959297173183237782019396517589189815871952790
0.97784571642250737814065221305993536270783748925747 7.8156766524633762233410588388306743870805066803177
-0.38220198534736473020973311686637622195636701661414 -3.0584318390760906309720657562885069205528778912157
0.0 0.0
0.0 0.0
0.0 0.0
0.0 0.0
0.0 0.0
0.0 0.0
0.0 0.0
0.0 0.0
0.0 0.0
0.0 0.0
0.0 0.0
0.0 0.0
0.0 0.0
0.0 0.0
0.0 0.0
0.0 0.0
0.0 0.0
0.0 0.0
0.0 0.0
0.0 0.0
0.0 0.0
0.0 0.0
0.0 0.0
0.24259416015470312393208658081044183780930671559565 -0.76016386892934219973232126945464480403404073071621
-0.60208599232099867715123279680261629556732254966542 1.8973684703926214904814110397710393224598790977895
0.80726775851320452591757372923148669547139776008189 -2.5782670435749499143970078960687111852998863819676
-0.96895597332779060153499682837334740615483229288522 3.1608269181350478968128100691270678705254284324962
1.1063254596761922833704219736358642013020822408143 -3.7152613157283063663753674219124604091582281023988
-1.2277682649545915915990849731260818400380616140352 4.2788152854445270433226293770168674055875910488207
1.3382763466116871173282989234207623900114280084967 -4.8799450030394404994897789698839056528872317876697
-1.4416999437465224522648605653214658409085291690304 5.5465425277094105946942571273161582643699043582096
1.5418924043435006629731212597871008147374876146447 -6.3110556064503707726033269771782190091652791572994
-1.6437119246589800380879421170469699879392101426925 7.2158807038351108414372007276852097661374920886129
1.7544310035382883216901605955813712562406737819521 -8.3212839695252116423449147113393716122807341420768
-1.8863550993876024148822231241570411121273730653243 9.7192503292431933918853776771598350695148489952421
2.0625372814905161847294735075684144128390177740397 -11.560611785422520829921100018358318932627941049546
-2.3310630380860195991635238672701590165999114928745 14.114276764306013371142697199793965080823254854155
2.8069324881939287185482553021553267906860888479662 -17.914841887864193456875012100929890413957697716214
-3.8254102289707489576908291202563025953992690990025 24.204782518610492290224337815129961475595595143408
6.7427363390772819889624677586552617017134537064176 -36.701936745644238344975137619303097107255819805277
-22.538214084542884371819288392658666745105719160403 73.967892964829207546128777027963135770835657187861
35.912168032233729392422260674720872812870135826237 0.0
-21.964463309137896339315178889818018481745891691005 -73.935000523511221081508179706505809042204908577559
6.2379416816413233744088105704316934378204732385879 36.429214826211320836070892269597218693845199057805
-3.2308412351353090736370030346275303464320241007133 -23.471499508399983129772423873275208767562899117625
2.0560380727077906896828598355585075934017042882934 16.368423490852897684482091790571487012792098064458
-1.3389942686637034834807456233673857331062607473900 -11.057879105955291822171245522333273375674316954868
0.51280171662892622943725377423566636130138535448297 4.2835675527506678020451508317594237112200192087066
0.0 0.0
0.0 0.0
0.0 0.0
0.0 0.0
0.0 0.0
0.0 0.0
0.0 0.0
0.0 0.0
0.0 0.0
0.0 0.0
0.0 0.0
0.0 0.0
0.0 0.0
0.0 0.0
0.0 0.0
0.0 0.0
0.0 0.0
0.0 0.0
0.0 0.0
0.0 0.0
0.0 0.0
0.0 0.0
0.0 0.0
-0.25747764399708029050177297525544263304541411219985 0.77892518064165161067173576826013222570241712257684
0.63887816825631052347498825803536694355882163191149 -1.9435150582925384071169915389114966903339064207803
-0.85612262098445626066772435117277815279635183450571 2.6387594540206940259855591394288251913658239367742
1.0266521850526295240270756393561634656398429724180 -3.2305923591402624420323512875140433259101240523482
-1.1706183016727667522549220437453687457945208363228 3.7899075177472266717631710515994980943535019035543
1.2966616110409819966159980449396827433466885984595 -4.3534159564752865679118999493352261524279226379438
-1.4096959552637012786713539447712707119444003637742 4.9481461856384952619182115207678917179679755326818
1.5132216153337649633502888137335205381525954822222 -5.5994371151918900311795163271596305129006811208979
-1.6103903324636618924745303406115509209013678677915 6.3354377020396788821849256540413404910944329414470
1.7047804954201232795057436332362474617177362894585 -7.1912755753139686778893560293517929681178499907189
-1.8013017929197981241850698178777627117375936213961 8.2145614190301176428784780600868727755322967705118
1.9076632146691967517361027014593658771446587001843 -9.4742164331584124779868323175786322191241499145635
-2.0372418076266188453203484482020617971301641693585 11.076344985173997947970270569747929800838966266148
2.2154531393446451102165098190722367011726954140093 -13.195576581190926279752235062945765747863775224320
-2.4958009421031343492505059356587905230649129617634 16.143619956305373243887842289393585566911077293278
3.0071830937738874070788022530060479195521105699937 -20.540116285595504877469896006705981756853736746195
-4.1279094073463475028461077767288622716211294482209 27.824235619066922245577557018054702348360386990065
7.3985584812417318407704801660844990559417845035847 -42.298736812814653319951801341265241824647856785590
-25.379374416297426857130171948022253859210505195512 85.429998190517456345484311744228452005948826157947
41.377116076526369771965017031719301610478269609007 0.0
-25.803382696332748197023131740831101545322981479252 -85.319659372366382486376607163955110625291442142365
7.3043686046796747221887581110211415430527859639558 41.695162170358736697733060032798435038645246008163
-3.6823948009399323376025685208865631656887901835144 -26.211124696127449445315078215636285986249560405745
2.1617198932669248217826706371198375114035740821648 16.901923377491648566060053874232279721190886700383
-0.79799339871333402620428996837371550136222093882843 -6.4388748767897469950801695279546756797807383257351
0.0 0.0
0.0 0.0
0.0 0.0
0.0 0.0
0.0 0.0
0.0 0.0
0.0 0.0
0.0 0.0
0.0 0.0
0.0 0.0
0.0 0.0
0.0 0.0
0.0 0.0
0.0 0.0
0.0 0.0
0.0 0.0
0.0 0.0
0.0 0.0
0.0 0.0
0.0 0.0
0.0 0.0
0.0 0.0
0.0 0.0
0.28023601316433849244017734629038066029466408198647 -0.82266520306830586839951319025800593588635748327250
-0.69523772304451115541361660727109607184769619518631 2.0520922416491334072443997092504085771424018939337
0.93128851769346377782420727901059894929993493056062 -2.7843625377805379257844909506925374026412004128889
-1.1160821179381094947914534871892927420202282351477 3.4052609510198800255232280415059327150825202918392
1.2714080956039527418603308910095170700280136044855 -3.9888330131696083334521282954020928823306795631904
-1.4064854060605592082278173681184157463588549377108 4.5727288164845918397587185534632232710651312528636
1.5264019611476380599444451628649610278348363637175 -5.1838829666663761994876314585568934112232569850261
-1.6345821609998884776570557592467543225113210054250 5.8466591609910188355902469895439991950611079907823
1.7338599228856401859746173593779886142832936140419 -6.5871112047359908406882466902285132552897261460855
-1.8271646435561723241883950854931394072478199508452 7.4365288566731780116104192393442459905584201297443
1.9181993066128654862670356751278131626836120459804 -8.4356818583999575070663295967008674902167357501525
-2.0124026388004678199811289116603381733312215632594 9.6411088509298386569245642156400105112401798040677
2.1186478177882342625685065123770047822708108715600 -11.135626257785635800920595446210819687377848863570
-2.2526697896049957341765403902145090485988747700059 13.047471240686733152970395555577380143374740525618
2.4447849052713220849316935497698811444514827098746 -15.588230443442940176540046049812441521690187833510
-2.7595127675606004744806172296143188758794874899373 19.135820785266173027265038413754465906535978157290
3.3538363792852711396709181015183489992439776460914 -24.441136840942092908949420933532725099294143072277
-4.6930034429108419435946832701003491218570662575932 33.246207976106777150969682950251487234902270929530
8.6904677050908010421095757323055901843069322646796 -50.751823458167426753653409029770504875027606490658
-31.111300557448396448829712377570177716234622119923 102.87044909697290882944302512878633786582624549821
52.490006210598214159490203967372995603661083296153 0.0
-33.652284060704969378880168598743771216850244010431 -102.56004521727029596062270163136827386292795342644
9.4870983915183392817097575897604117256188585253021 49.233171372204559502164413470705601743173389374352
-4.5204560115064204375112822258221598416176657464679 -28.905549618273695250932526410035076383571605312324
1.5576466332173022267377455980513477753372255425069 10.679114534447856357979028960983033540119083423994
0.0 0.0
0.0 0.0
0.0 0.0
0.0 0.0
0.0 0.0
0.0 0.0
0.0 0.0
0.0 0.0
0.0 0.0
0.0 0.0
0.0 0.0
0.0 0.0
0.0 0.0
0.0 0.0
0.0 0.0
0.0 0.0
0.0 0.0
0.0 0.0
0.0 0.0
0.0 0.0
0.0 0.0
0.0 0.0
0.0 0.0
-0.31555457183322262540973682197403998597945392111846 0.90409671038129136975956915354988386113727195518066
0.78277435495376805632673287734860440644580058015447 -2.2547560351415884417443371470626614037728261329137
-1.0482708012225504462695475402769034207578772295289 3.0578469726835485026200231609324062935185511553338
1.2557344676119796558151552361406130432599595349134 -3.7367737769500257885883257208556593030160760099106
-1.4295954998411559070488284795792906741535457102249 4.3722476472929717695793795921076641897302563633479
1.5801008947157511139564997238947860832412084779440 -5.0047611202214862695877936450989027738167365367257
-1.7127961603717683021823171417407322907371375743577 5.6626654335771495890305752432958405217355454439868
1.8312718100705311064623072494716078354863922140313 -6.3709091380169595116168491607219996164227055172676
-1.9383185583579823830106378238621518870091132935997 7.1553806225875003220188022733037585891018741287600
2.0366060908564929464782961718376331599144259566126 -8.0462308002803933708663968093473257507364594760448
-2.1292722851041670275603350559999396919968774816289 9.0815253636805142142119246888588804042478533448373
2.2206631575849902745657541880540725063886836725912 -10.312288763437325599797084405447511779551601981245
-2.3175236138252018258671699087160830732238993393033 11.810418469913136750782322023244971112474482329606
2.4312160471357339473249165570026626384505738718157 -13.682180426735256719847921157159715071234947344636
-2.5823093205557025031542586103878820427715169577040 16.092951357971211019102000444029875589609017424474
2.8110734322199018903878556142136851321286287649103 -19.316307113463706637527244762506343840837468146020
-3.2044839926723705828924678205049254323544560013689 23.841344625037604518967764237274231114341342840894
3.9773228540370494928406857208464313562560825273360 -30.639529532273875369466167678824290602545761185468
-5.7759697480384237295114707856309292442586004416810 41.961415382250832497420879658633687761290068292028
11.301384659966017262339568859220959262627920056835 -64.511129113198985829398376521472190950630345764947
-43.183913686821307150000427504492660851515435443732 131.60902042755164317220130886576645519344964161959
76.835028044830467184502051631712497451986996064434 0.0
-51.348010035079797366547693904286182839024922052627 -130.61666788969799291919507911554065602653906481796
14.317293728197421827893963891041863359291117144545 59.485062113299999913862732394660526747764878497007
-4.2716304783401154648641765284043654038630129196008 -20.559814145382984197092190644496422744918402797528
0.0 0.0
0.0 0.0
0.0 0.0
0.0 0.0
0.0 0.0
0.0 0.0
0.0 0.0
0.0 0.0
0.0 0.0
0.0 0.0
0.0 0.0
0.0 0.0
0.0 0.0
0.0 0.0
0.0 0.0
0.0 0.0
0.0 0.0
0.0 0.0
0.0 0.0
0.0 0.0
0.0 0.0
0.0 0.0
0.0 0.0
0.37520906429623544084191444362919973824722270183891 -1.0557068592607853118831350334041171898679845869017
-0.93068867168392140008454821811010624715818157868253 2.6324796753214207056232517500257532116079059837197
1.2461393787945930737352865543696836718572122732909 -3.5688714510764186752863120915993855122098535110027
-1.4923417455750750516897705362604176887568857850372 4.3588252589057232425506505304984384347837418359092
1.6982645593230811161097275336913417549840868048632 -5.0960519778111156443115545286418471840365872482549
-1.8759925764750826868921566950292961169956600447371 5.8271300466256266978078782967800582536303811257305
2.0319856262173940153122779780406972671265378211606 -6.5841817340231600044686505235633783958311374717068
-2.1703226989136026126367165890589901592232551562082 7.3949204212211399148437346590226660643150445534661
2.2940406709196303457615689592467020922703802520543 -8.2874757474084454118327485007282238417795394804525
-2.4058815958263393490186020702014059488266869987731 9.2938693409238286924202720453952861999442371217300
2.5088854838354294058780115907178061206126674157358 -10.453587575337364693501838885094775681916776605804
-2.6070655965675871126568936567378646041828322639450 11.818237788214819972486022633213378641374239524514
2.7064137380293988558953809423332747867438760929824 -13.458488243626258650698374152717704845646351672174
-2.8166577353165667809352538147056571889121118104138 15.475297725817817458764289951832549140622377614853
2.9546731345907001357587123841585509007348412149871 -18.019302612055786062475738064530583140583583589919
-3.1517241519479552342412026959744056338380003969082 21.326539399910225642826744955229307927925683427467
3.4703757328245205757203199088784418945911520314569 -25.789439788188891497186044697631208417490690447935
-4.0488940169264600296774600647955352619436170548480 32.112021513737988244543874099293451638776791839974
5.2373278795172470431827785982527253650771910693173 -41.695142629089150166870831227107624224669933034906
-8.1179924461467393547126441208964389289266461136673 57.783514204902823019685872142123289684394196040511
17.346432718345185985253076527570504438059774636718 -90.019082703117746218793826988542753589611963873037
-73.163240990761683306941908938058613482198296900178 186.10923273746311409794597640548181764769961643299
142.72641697994422100714361457736146735248880045696 0.0
-101.77537609349826012690299906287469183347584393928 -181.38454493813248925566078300860704673825955208270
20.082924242397767204056663852868424975515552932193 51.263156215268224920874959724038923725994416322605
0.0 0.0
0.0 0.0
0.0 0.0
0.0 0.0
0.0 0.0
0.0 0.0
0.0 0.0
0.0 0.0
0.0 0.0
0.0 0.0
0.0 0.0
0.0 0.0
0.0 0.0
0.0 0.0
0.0 0.0
0.0 0.0
0.0 0.0
0.0 0.0
0.0 0.0
0.0 0.0
0.0 0.0
0.0 0.0
0.0 0.0
-0.50023062108674063439731027612934476905651129231829 1.3911711147542349375698265913195696984115359562864
1.2407467091893334931586822691880189083306119062773 -3.4686713324865393953063722247563628868159250150682
-1.6611214695980900625990523417973037312595497986319 4.7014930057688482540425690085992196538213289937681
1.9889827942457798836829117586671400463767821689170 -5.7401605191814934053622737217408000341378019974327
-2.2628907563397015805037394307692776946164232416962 6.7077321943780597144945589322476116551375762135803
2.4988814116919260511763818539130121955278365265251 -7.6650252720834908327750112530468333660915939156158
-2.7054665809127820440569727514337009460707799018101 8.6535911115883292329582262113184186906310325400514
2.8879435456559299945263471019829161301061025248169 -9.7088364123049556173383646439396188178453106298762
-3.0501555877386006995116086750211606840092824894092 10.866198577224666015449544696151150029571185006796
3.1954474777470974133798177627494477932067641942684 -12.165429864397941017773576259957702423650959802743
-3.3273837843364050200344200689628702676178435816189 13.654808540363222192806048464796008467975334452942
3.4505161029283633029285722002788550872802579783885 -15.396409546495161230628295052744484389311379050257
-3.5714643754966461463897964932850659033182577128711 17.473681597667846158891561355052151076406232179355
3.7007256291271679140825577766785414815114974288539 -20.003267997946693638782838267163751966372967012338
-3.8560407912571815730922275784992133899377009307623 23.154584625645042588925685530187935580537088182387
4.0692084799874539989297495811630308111411987638350 -27.184109201099273981644455043248106073748344088642
-4.4010719088639530387157610376503538283664154575672 32.499239320421896137019702627024428679175630675574
4.9777998637621021631602317722870272416805298688968 -39.786311401123760452708777914725696632553852218212
-6.0898878034155483402241355426882964174367238202613 50.292405781696381937077942846567440443154559438842
8.5088266468645166931955882596695556676320821819403 -66.528293728342535968590806687933665966694509438733
-14.757438469606017981851305968367991608516712090490 94.364787277216471436265513012753786439949538181730
36.423545280083264548171255249645318728229783578239 -151.33145233342466367320346054234558238746697714619
-181.71663177448290585316360709335183295862254699046 323.85621971885199171096442209319514168893078931435
440.38809283678653114274936173033583794219351465691 0.0
-285.30796378142329922517586815299789090357836947252 -228.65413171230850639302528260522623150338210292472
0.0 0.0
0.0 0.0
0.0 0.0
0.0 0.0
0.0 0.0
0.0 0.0
0.0 0.0
0.0 0.0
0.0 0.0
0.0 0.0
0.0 0.0
0.0 0.0
0.0 0.0
0.0 0.0
0.0 0.0
0.0 0.0
0.0 0.0
0.0 0.0
0.0 0.0
0.0 0.0
0.0 0.0
0.0 0.0
0.0 0.0
0.91898411999753192523995040874096768999801731249084 -2.5430540493013587019948171165253386836100898438284
-2.2793627095281216464741161137551204506304107814198 6.3404751141797048445921328995596266074505450936335
3.0515031631457527243266048728131569186133012257035 -8.5932087412390931044394362655070861545769519287020
-3.6535425994890800349715700130959593249191709578236 10.490123937217576810274329197784765308701356709021
4.1562752731833422857885434136964894123585297047212 -12.255843777696919468262218893657641574954979908904
-4.5891060187080042129481686219665597751055593311988 14.001116791907378518530845277802077355951969756183
4.9675988486573004728498023269974233089230405836217 -15.801312819640502189221158561175809628625581403073
-5.3013835434611905611504930696443674699521654380374 17.720321319432378343724039372275463121397948370822
5.5973730137776927814942498787410605617691729008006 -19.821706631707689924522585004355231816861163025885
-5.8614904255997473522156765240829036889479818248566 22.176325891916320600225484879676508697032461221054
6.0999396284001196156820532919374123206934710492613 -24.869672567816683167494407613234272840393675519789
-6.3205249846591531029008658605453315560150102890292 28.010902127956581559572085484526552928090170273315
6.5344663685122720544326342128487311664154274676088 -31.745596318513860433387323520413007259897190269075
-6.7593754452770131393711153107687531267216662874169 36.275348833009326292899158496951104223702503544049
7.0246944333604416313843741859781259658258970576578 -41.889597786847181829771067522173597368967063834949
-7.3824800612441363511014724491534061682500207629571 49.020103207519413788870237741580296794288410310053
7.9305258087086006321957867102531784461364014280307 -58.339425803727800257533054731289892410844864187063
-8.8664633925966570084242072896414711753019601860606 70.950635997545849852307795774489954743103838807918
10.628462303420418173475686098085275026057910033312 -88.782339805445939896472149341187033962801682759786
-14.313964904293413960478806738166736690891028683016 115.49698175211857009067790224802228610062570384543
23.173309771722280092806252947044719239154662902333 -158.87456366359194718029686313083961640373660969048
-49.522818066068066742751500382193225103168491622219 238.35861752480566224234397689166445159583459850629
163.40649143305431552588467576930229917493406949626 -417.10720987719198288422667883758444504799086745156
-1300.1824124324021843173399129904240667451552709650 1042.0041440206812380797164325438646870324139820895
4490.8148050663595674742255356509162610358519246401 0.0
-3668.9943336349268979644359465970081923941415564145 -1042.0439232552340429128574976518550847648951814339
436.68159535819796179733898955569365942740197183822 417.16085770977844743527346781248164324474200875461
-118.67037335608568871421708759891941045473151777683 -238.42357015541016118688927067528426577167914465042
46.574858902729617680548659064249143581792646520844 158.94952758549078093531122040291831564297388938014
-22.783246098242399734005862942426885498799627669407 -115.58117332375606807186972141916639723605604841412
13.032714601863436764513883189346585220530788435336 88.875205524056122629738920561360308955120795578672
-8.4309000484548802052850088521925517499224561632209 -71.051710191057302017841772444199125129748804271962
6.0318436796335524931601542258693457218784463235288 58.448243141746898935219795727260380722338993218712
-4.6834566751350296371635095007531885937725291864596 -49.136138564774771242505980793894349433040805389050
3.8772731107921764686469449258823658211191328344583 42.012222551346525770053431418959241638246316368190
-3.3671368938023378262745632255903006585693558066718 -36.403798772576512485005692449322691501130654375843
3.0247968804271218814577773341019453565992639837474 31.878948529509736356400633532426254727253056093965
-2.7792758611775772128371380363596211334364599906272 -28.148059532456250936008996556947067236378661128691
2.5892155998168672375947981196154904589666167941037 25.009354661109731806912804087467411191031243448309
-2.4293651131159992575466416612582036238954695802171 -22.317064242658321859686206135779184845126008542062
2.2835704657414422195796480393325271161916370568030 19.961843042465863880601509239033960953231780983675
-2.1409183578324424498137459982991288886239319723255 -17.858005409633676832681937720833535583882763763527
1.9934559778603577286226085642620843774335231000787 15.934493614660219989982514348913275500038723485135
-1.8346676322193248484340154636851339391068867532768 -14.127518427042439113794107215774392128067104720228
1.6581776067735442252886518486859731164099766156418 12.372905104864118130424560756939604797165597521666
-1.4560919089373084014756695351517894055748076737116 -10.594854134624577723102208430221122510110357429933
1.2156071786868276192941353763936541550054174924647 8.6818191097008343228345650963270320579358964490134
-0.90787452515753795305521298818953628789746061975315 -6.4072107778678512693913941692675535531067290049299
0.36602010622981045405251524222563150629100455684794 2.5700545951624654158275184113622839606159505782172
0.0 0.0
0.0 0.0
0.0 0.0
0.0 0.0
0.0 0.0
0.0 0.0
0.0 0.0
0.0 0.0
0.0 0.0
0.0 0.0
0.0 0.0
0.0 0.0
0.0 0.0
0.0 0.0
0.0 0.0
0.0 0.0
0.0 0.0
0.0 0.0
0.0 0.0
0.0 0.0
0.0 0.0
0.0 0.0
0.0 0.0
-2316.1632983254588772385463938300852258587394000701 657.82164561036828536021736518768724097240257991964
3510.1566462619672205591550261253444894774583743063 0.0
-1384.9146404257963042602366241798400062392763179219 -931.83110761402265620465541205422370029188533947634
251.21987723240826085309294027399510661998484633515 435.48844653696053728381754261586579676243806045789
-86.102476963666488492168394995677254459437092825161 -271.60886851117921460647807899799384689087061935352
39.511825511489209983693434921005537630722852635327 191.53668277072141519528393123434030468728864967136
-21.801790904706275208757326212298395307566378314798 -144.83901349600051597802891992796938152267673546789
13.789173558432584965400303067031660246222441456817 114.62544625365048506163062058310760296126371281516
-9.7198939930127337591457109880885230216136867584179 -93.672396321789823662447369898758356493331891766273
7.4723624077875264502468017015212940773174013437808 78.391872254848671888531347965134914477140572880743
-6.1452214648478930699647903115031894757003929923832 -66.809096027561996462052086011530949449920420918197
5.3133883449847597203626641143657033968717089474544 57.751757014608165490849093027103565112032510031643
-4.7595255128748636907460103938998035152476297925381 -50.481710775814160916733807214045701078426999402423
4.3650378380405963930690786278747502273355926536521 44.511268849420301101384781977252575013350018517352
-4.0615709014818057752890259389646772177501089595725 -39.504556986942494823344839886367643830672067801673
3.8077561676014675761804879387135945015608477336846 35.221195965878896124680442609854085696134211814360
-3.5773240532072566911020709499280122818023814603218 -31.482296796751143333114936516329366091916400176150
3.3526457564949527025525536687459470727209581262049 28.148660190891595545851800154212522097757530788562
-3.1209591276436460681618721623865136549298542532881 -25.105603230998216492293120518079314369638145077461
2.8718799223682502451041901836424376715309318507294 22.250818792158153416113283344960117656020110360950
-2.5953163769136782161750739176118062912574463582038 -19.481993250591117514116453637948110932482960970687
2.2788436794379629052569237035035228329915588141192 16.678907988503975591991173712872400148170963744920
-1.9023798243184484334362051014487361013098830670108 -13.665338138142539240694184364651245368802235429056
1.4207480933332909569876784736184548567080619173357 10.084156550542437249739746927867927441203357505397
-0.57278420914451198889301127372149075872805150493489 -4.0447951409700438504984602089591246812420343925098
0.0 0.0
0.0 0.0
0.0 0.0
0.0 0.0
0.0 0.0
0.0 0.0
0.0 0.0
0.0 0.0
0.0 0.0
0.0 0.0
0.0 0.0
0.0 0.0
0.0 0.0
0.0 0.0
0.0 0.0
0.0 0.0
0.0 0.0
0.0 0.0
0.0 0.0
0.0 0.0
0.0 0.0
0.0 0.0
0.0 0.0
154.59615372341892882251431831619243983496321973385 -147.68532672643008063143559741684413492855797335615
-776.66667017482494297823452034520081382996106354149 522.57528542942640617865310347502265005644236534486
1046.6277203470139598799473228170605797067263525139 0.0
-500.70016257214007759743240244210837412970174917404 -536.31292280766967733742308215313691478949912754657
102.70783453751561718328645971677852167232946386802 259.46063321873711915951047257985319521864227733311
-38.829086785941613740970720731415827516086956938166 -166.59134785206041859767089932038919304140016122545
19.395208421083233296840979437655784173329373192760 120.24624759174421609227707400378168004066318526230
-11.559494729801288897640408084997020630904777271621 -92.644136594415107521201053119508431761196228483739
7.8428981263403479911043155965955809957021800652307 74.436043845954872869515452274907848169786705708596
-5.8792238592305071539749437736743633505670936573690 -61.585613530012550733099924241361082172654038039283
4.7550920909631317074008674912319216314713182212365 52.064241471941122435978825352072652659449616613483
-4.0667368797973392904030834338547690612149876425714 -44.741057210971166640400322633590361899551351523165
3.6170086827246115844256676761426485205000778201026 38.935783976912537204394601002406386567333511004465
-3.3019403963675851590815579122606797865028591395911 -34.214189728672141773513521933355109006960604448012
3.0631627872351816108165665344900159614025195720075 30.285167315942314422026728334391594016129991974361
-2.8660846182540979703553250303509581397157428695724 -26.944880145850881077264844039491301203655057527170
2.6891236896984581041311931077609095858478317058742 24.044409488568128549684442604385147538159354632555
-2.5180243961824631321872396362666237859140240990755 -21.469757656078060423978755915252018002636275119042
2.3426256578007435569141303576214975752733786510641 19.128424927176082108985199908916992977874454994508
-2.1547927666794065493898493421915777679475812559373 -16.939096567650416820784169680889104366516700118031
1.9467478250188877625836102447076076380728495662592 14.821585532054068833921360340129607383302273207953
-1.7090434477139062809443808497503793302592318945044 -12.682830511700815713071258156216074815854779344550
1.4265380491044811337254393601615144240072570475335 10.387682256646707721037095905059495601410057157150
-1.0653016227189447508252934403355231333490760901345 -7.6638081521859202853714832298133486041000016574006
0.42947128822271417636170924002724338964968202035004 3.0737071988937408701255855086726122161522279159892
0.0 0.0
0.0 0.0
0.0 0.0
0.0 0.0
0.0 0.0
0.0 0.0
0.0 0.0
0.0 0.0
0.0 0.0
0.0 0.0
0.0 0.0
0.0 0.0
0.0 0.0
0.0 0.0
0.0 0.0
0.0 0.0
0.0 0.0
0.0 0.0
0.0 0.0
0.0 0.0
0.0 0.0
0.0 0.0
0.0 0.0
-29.544797415413374048415297751933196544554536441069 59.359180224066851322138596322876044401757687190783
99.076480844948205706357498638192721890335458294106 -171.74860208851876607240227514413603682685289813859
-352.11347365107669460114582093721154001821054905085 377.15786878052416900754897728756745997294044893277
497.42126692575344513897187821729211611764951979662 0.0
-255.50708265963474649963747334844522436761533666450 -380.15373879108912956948981693673667861835658978246
55.751165633019618003155125576548446434862295652827 186.38882143418800634010284142454688056490669430118
-22.382505196730191623552992303526018655854392606716 -121.27546162736938933851305666012300107828753760456
11.870258934614618499860261207750776888416452284539 88.586825085276893693555226531053855747485992610255
-7.5015680714049962846456138588481279713304031030909 -68.961847704197921256290606631846665069104647976609
5.3728469712962407138088202217992837177906686381632 55.901025193803682952906004035841001202218556022211
-4.2187265607772804340355569037853157467888319034402 -46.598729430312642755096542303653744330206975830120
3.5394732269001262046758836123120891878934394880280 39.642348647680137323289676869010618963508274441207
-3.1094076701781757050326047672840906463798394380165 -34.241658509693386684499442342351986869686637946052
2.8160992206489654806363594723138291090117812409204 29.918891007094680813837383411995249584953622883881
-2.5990953134478261759834684424368700398608452165284 -26.366976786230518661507920292024734081844624383478
2.4237725293101494819956172078016023400036384814694 23.378095690763543059409329900414852891368084185639
-2.2691321778267535431068073096378165748666136633503 -20.804705365326168866645055970685265153815141825474
2.1216492172759688449446445528350383232620758196287 18.536684730525339618262483372087984212190447089132
-1.9719166895438411732490579052990912287680378630029 -16.486761232415926541920414172604432999191445787544
1.8125941037901965418606746256586083086900341903848 14.579947410140448143853628158202101225436136558339
-1.6368433281716317335241590520799058637755093589661 -12.743909033535348292316245169594371765720207102608
1.4365396214236013172070303723295163308556039493402 10.896340108543141389160222609939124426574763681868
-1.1988416335260879808407508613602800860282156110063 -8.9195024313245361871420260726326997477343684060253
0.89516042477769112467448794525458492256611897460451 6.5783396707373285046345329577977929978709506295821
-0.36086279330279392428237765487738002436426527369405 -2.6379780819086575711381909383518208452870336219488
0.0 0.0
0.0 0.0
0.0 0.0
0.0 0.0
0.0 0.0
0.0 0.0
0.0 0.0
0.0 0.0
0.0 0.0
0.0 0.0
0.0 0.0
0.0 0.0
0.0 0.0
0.0 0.0
0.0 0.0
0.0 0.0
0.0 0.0
0.0 0.0
0.0 0.0
0.0 0.0
0.0 0.0
0.0 0.0
0.0 0.0
9.0605035610614726536532234017839533959761076450609 -30.921462665622251206737564823191165020175822779154
-26.533485169503373618231539628688310813640071094125 83.699449059845983710356907771288438166566407340504
56.437863375441821315973171160411959587316507528803 -142.57338629368121551485847343543312491790673948566
-199.64802718764567866227454757934125188323098040813 297.04438400540192959742187043669285508814749104574
289.83262473153772453348327381848719528993178643479 0.0
-154.41133452730015449414187687979099737364782612687 -298.07940005695027264967041737326631884691165519181
35.086276249299828702404813738054966805109451149851 147.10606639284526340092141593147733286413203915975
-14.741108356576151389002489502589124472476575694768 -96.401836090673831167016834944593924196441491544203
8.2083211574695407205429366118832862157762009885963 70.901547313640021464625075442686417216255581312636
-5.4439764376872409324358062629297352480075909762528 -55.539115621860813923783636134570736451441678107310
4.0721807268163655354658115732716344874432096562488 45.268011669045621335839084850935971541377331200707
-3.3128789829444603704515943533225924632454029981356 -37.912870869460610798672496303397188236974148140743
2.8540614430480178914196287107044791091138189282563 32.378777708389066053529464539129303317900647318504
-2.5530314733005219611901870793523712635502413763769 -28.052640826425893581647366542547608206076845783682
2.3377795858691934543813049039679526983310165578226 24.562813522833270860141465670966154760275426358831
-2.1690444298792518037743731958124085455381736309763 -21.669223048810888619247493728106141950175768825713
2.0239520567189272265112100952378080319169830649556 19.207918100463919757870022145759197071121667994888
-1.8882779516076084852264207093770559739170777883167 -17.060625244941772685790547565810643224481084071664
1.7524562578246627702690312267568908510071524887785 15.136525222886273685457111443901079453765125007341
-1.6092801679165442345634953358888236107674478795753 -13.359944192407660604884312504803279960272084803144
1.4522754904921531288324811941692610462539420181422 11.660049444255883941023130809668357639560311673673
-1.2739895004081197180198822135310790743449046471759 -9.9584304840556009306269235809888508682874854332955
1.0628820755108419720415942478988770795469745028596 8.1453047425763084244278200664118402808104956259046
-0.79350822606649897994149658238548994050148889960770 -6.0044095001374181088624595599021475953109566377435
0.31986245380625152096034275401574066103165870691980 2.4073327066116846783792397156277681957120558755761
0.0 0.0
0.0 0.0
0.0 0.0
0.0 0.0
0.0 0.0
0.0 0.0
0.0 0.0
0.0 0.0
0.0 0.0
0.0 0.0
0.0 0.0
0.0 0.0
0.0 0.0
0.0 0.0
0.0 0.0
0.0 0.0
0.0 0.0
0.0 0.0
0.0 0.0
0.0 0.0
0.0 0.0
0.0 0.0
0.0 0.0
-3.6882417838925475395134728108989204367108999751078 18.710736435265464826025368044744903382810331495094
10.132316402531322520508736817011344433712569800796 -49.117200924060097359654055430738863367349323647485
-17.755265159033366530916314475155966649034849960191 76.176747875126915362683731838878945370839178457597
36.250919474566731398547054269504150573217956679805 -121.19506525202286079857942655779803500224656383519
-128.49379952395421266876720871663869830657035629399 248.04755939964094775021052377531256856003664599629
189.57826859344433469240669081246105279288170790285 0.0
-103.25208569322855771457070800522022948842056505912 -248.51093655852210981066275831353637725794997772854
24.215763050120712506494410974103145018377538681933 123.09113855712120800336020404900391412914776171890
-10.578061196162983262875502721505675712339599185768 -81.005365503133048822638247505856201012451990863575
6.1468664510175196069546351599507687249485042290979 59.828901898527935060987035561793455347301871069183
-4.2480594649855425214328400995885381159745387220743 -47.049155950771413932224785864766664827909708684754
3.2915117872278873244355214391180181528004025012357 38.480884915987962661998577319713488721576071559611
-2.7512505044464993137557984164081293535789250939579 -32.322034069885280260261741391818735071637612195738
2.4152553746683723771564524797887923561964449777220 27.666009822629494104040392648954293104005363489962
-2.1857541270639721541034760769020627313909986156863 -24.004840053973194523839277115538786562908719823785
2.0129407776119412292793139667401868969341654471739 21.029821146493413932725385833103297883601443481428
-1.8693256108755433901845871758081536351987088980561 -18.540376892744742547957833820582398673333763436231
1.7385843266408829712196786394299122384836107328027 16.397899825878762808838423107602642022889830031096
-1.6102039105209544961935241776937055037627573397684 -14.500075633506513070952680600109873190488706004879
1.4766110209184741659285750009978255647018150764826 12.764862969955344680129736079504733580706525894658
-1.3313156370997216551857736831631044002825489972276 -11.118340938427032389556725807314002314195141091572
1.1671588234470991077263602245771013799961350952594 9.4815542471979281391437251779395610196507694201410
-0.97336796345653061582405289879963205754407718837438 -7.7470839127766711585020988527202420562275535157392
0.72651326568396763587454045853473627016787239465693 5.7071364391196293362571297501014694950849882380820
-0.29282966378176734161692866262236199267340365960414 -2.2875240047828392871540177656382502819718381447403
0.0 0.0
0.0 0.0
0.0 0.0
0.0 0.0
0.0 0.0
0.0 0.0
0.0 0.0
0.0 0.0
0.0 0.0
0.0 0.0
0.0 0.0
0.0 0.0
0.0 0.0
0.0 0.0
0.0 0.0
0.0 0.0
0.0 0.0
0.0 0.0
0.0 0.0
0.0 0.0
0.0 0.0
0.0 0.0
0.0 0.0
1.8330439630123642345372836554007769317355912462783 -12.500247563470835145118783288033421623646275247712
-4.8574465643290506627728123445476877725960797321421 32.270182369976053123049947285860033879315404026708
7.7054614245196748161633147351421285841751939627218 -47.772253958056636775920704494867224460697627059551
-12.644684056330162488659796576157904657876248294439 68.512880152830351100896650389406860394471598399643
25.367314137467975073333355777567432712060042888399 -106.35741938527872790352101909493482855807155836314
-89.708386801976118486165098811713292858356707009268 215.91346142439517676181007993464129060606684643539
133.66142640572984072583116088443611166919626080305 0.0
-73.882212165864818295017589909424664277734562244737 -216.15976180393977134220260412391572283383066525140
17.814134805536524360641031582483050480256468841328 107.30297904766493910303451268422270272704160011034
-8.0650268206461634582737331389178440755108090542517 -70.801362845225123982466030792798969017434385608041
4.8706182834227337163298732824474294241275027469681 52.431977978825197003450181392332933346728027599595
-3.4873574786058844257808689049453019126765517482025 -41.334026804290399131310396637762900451617584377921
2.7800775259055904970111361692668394463877838087117 33.877823360657657528571098416815512558608018167037
-2.3715233562744921241141767139844255412906992717693 -28.501553563006222024359993497920952256057115581596
2.1088311395769117793121965317344412760226863655061 24.419535015848078162021095035484480699465039906925
-1.9210722600482553360545733692223810648810022609451 -21.191011028956397253733671494196022667022659607469
1.7718089289357084059822245873278333659797239107717 18.547129290888706741511362301788133897056236594688
-1.6406465316981727041689063613770009830872950400498 -16.311692877638988397363303754708252078144603413246
1.5151385582264828037633374395770437387395655076083 14.360698783101598213062643245185264413963056203410
-1.3867965582469554246536399356491207337123195297021 -12.599186166952055905393708727485987668422705085063
1.2487600049590037975936828600928938059576730615691 10.945453440820025848942550827730858317601354124846
-1.0938690346340795405429628024585627013530463828116 -9.3160358429289620195261773673810502327723490580224
0.91176048242223597799303727389429571611659543858213 7.6015026785931885446449488678196434082054122814601
-0.68032027915357496736169170131940228773026364455051 -5.5951939482927614603678405369945426502741420543387
0.27417699666286810273503436786029404936775016623942 2.2418691987283424706311222429366513289784761535684
0.0 0.0
0.0 0.0
0.0 0.0
0.0 0.0
0.0 0.0
0.0 0.0
0.0 0.0
0.0 0.0
0.0 0.0
0.0 0.0
0.0 0.0
0.0 0.0
0.0 0.0
0.0 0.0
0.0 0.0
0.0 0.0
0.0 0.0
0.0 0.0
0.0 0.0
0.0 0.0
0.0 0.0
0.0 0.0
0.0 0.0
-1.0641205370212026379226560980776884792806189204584 8.9679136948894624214211644837811199209863261945452
2.7569760142033781440720107613886445064862724756344 -22.917951144752637297530759786452371569242027480095
-4.1211833754735944598508369793094921636936059558989 33.029425982062082954138820393219680194710933679939
6.0178085813749867172423876817438333659926465099859 -44.910440381412950470391759390338053379986807313267
-9.5641468420250871703278310884332678200171210390405 62.546268157694157988320125737165961683034974590765
18.880403018308778681718682576260723069318242676484 -95.970971434218359018872185539683757919856497015114
-66.300801529852888032916459477204884493508663183796 193.97856460942271858345876939061774072770651892536
99.368254253033805329547347293480064239042662200961 0.0
-55.519164806014793369663704111589786428352755090210 -194.12642930108528611110805346408344986485482375911
13.739486383258479962099223540443307872249925769563 96.499321515925667590649980730830858984952792453776
-6.4351931402529865391131563420955864284794628973232 -63.779542048570957169926189890342765735575917415701
4.0251992554359529419016933787778266355010289795441 47.311082284096869800299503040842253461946985011071
-2.9707282671983316792653255195990039978070916855373 -37.352034859192669058899469801051145045060792858964
2.4224709604255323980273379493546857005415622790343 30.648094438534305270340133314678336309198553258849
-2.0972641287940303842945401878772441772523269441529 -25.799252440452276644851893906913004488468464102087
1.8799203271245311680993414369563267538169754097879 22.100825075443124659921610434795985463879048826481
-1.7166939660620970633519027920606772442117477852682 -19.156566748811562850488117854753695619581267564988
1.5797033705063062589641131951346437054229023999365 16.723282771869544358022177411977049060019687194151
-1.4530216442306200089414063686987915142083892306945 -14.639322373647562505536692061085352394183263439477
1.3264732529009751317762723615919465018532632979066 12.787404209606098471036044168375240727324046032710
-1.1923927268686302454130327800372317326298485043013 -11.071958552027551508797174516730342769393155097760
1.0433205187639142880851570365625940221897367162293 9.4004751382978936442317076025860124766386117275555
-0.86900776919252604351561794475915785515162255210447 -7.6571882398350567840159241965771191998259466530244
0.64815419459918514813419322455427716049139103570276 5.6302042727547809790654775618319299821872329582516
-0.26117068447939371310938860095323907617798908502024 -2.2548979583683979966799559979479189873429858165891
0.0 0.0
0.0 0.0
0.0 0.0
0.0 0.0
0.0 0.0
0.0 0.0
0.0 0.0
0.0 0.0
0.0 0.0
0.0 0.0
0.0 0.0
0.0 0.0
0.0 0.0
0.0 0.0
0.0 0.0
0.0 0.0
0.0 0.0
0.0 0.0
0.0 0.0
0.0 0.0
0.0 0.0
0.0 0.0
0.0 0.0
0.70112860570034788073237036578258377070902410404181 -6.7938987474054584564579537473359535951153915104456
-1.7897278759811958055790012554686170307745457152489 17.247934908300604201929745072597342204086183718144
2.5750779853742044814846668809083234489014905057041 -24.439768914288891193979097559621288077504335093131
-3.5023613804804880572590432545575306598516844757724 32.197176620503944048702168356631758590450162520172
4.9045725293096758147814443616147822847666885456725 -42.364543804866285677225649818807386052012577881377
-7.5953869038181516120217903064741002928549508206871 58.164448179282361878587510571257086251614557789810
14.722255378184046931740081084216229606639019046214 -88.679123495163016539019385224909806157267671471501
-51.129747556687593805290441388136274015708540545647 178.77854176888367633095121223797934269224613931150
76.882839299703201257639593843996133402147097847329 0.0
-43.315587289940174424372317582178863272416339951509 -178.87530441820716399427538151512546270417309132368
10.995916746920447764552982189658130683221570251586 88.996611578266765573597018101240937460261883001889
-5.3209800756557421738828902053624133831438121384441 -58.882035092860399344153341510748933839831572263480
3.4359820939460224318300282094329614291282147754616 43.720612261783520234406035065822182884888251723141
-2.6015660000800225876989690710990871448855545612440 -34.542092668185887009563185696784207845686529461873
2.1589620798141305518107147170326955867842335173292 28.350386129487243457041368886936011776323306105814
-1.8880013579667478858627381418727122753794754402549 -23.856227918963618943757003927695097740946757480357
1.6988064158747463618984528237751671389461909404739 20.409742268841248167807497450542517021173751444232
-1.5491695584422211417135303621945996623158986804817 -17.643948579685327278645873963572114300458238930832
1.4168779999029843189882651602867992206661741750538 15.331221016102422846914872717763867586759784722763
-1.2887940968152476602463194432422832673898629526705 -13.316522565909765998956159741404679188302894085637
1.1558039975211953984947651133108586402751066635086 11.481216598093770067496714834844285434184835995536
-1.0097704825144811386178113631554785853006451400618 -9.7175641991999850250143813697341330567793828189825
0.84025982552291180058677991475460244624302045534211 7.8983141663739005252452618778982658650651022115634
-0.62637021555289807528207287389460083693692339679517 -5.7997722567812657602928643136806469838760287447695
0.25233774130816433047670214869433623483664283101811 2.3215213782545595118893772529366414869670024337247
0.0 0.0
0.0 0.0
0.0 0.0
0.0 0.0
0.0 0.0
0.0 0.0
0.0 0.0
0.0 0.0
0.0 0.0
0.0 0.0
0.0 0.0
0.0 0.0
0.0 0.0
0.0 0.0
0.0 0.0
0.0 0.0
0.0 0.0
0.0 0.0
0.0 0.0
0.0 0.0
0.0 0.0
0.0 0.0
0.0 0.0
-0.51244074511287646001104222883779076914584679940588 5.3762340947408843006750391808498848587353956410450
1.2951287354258010201357545283408634842734807440089 -13.587077398076058596518576578237319251508082437184
-1.8170352280638021288697401421523535085577551418201 19.033673832688828600408494642997272461283535351025
2.3612551080932808559898301767390906060447090784148 -24.567344276078449321950059658884568157658167480339
-3.0619112345150587194366349374050770151504565496575 31.237431686947396357552978784141422577348449828768
4.1545801538476452348809934659064955190416937116809 -40.437509165824792580334116468188790614116218507053
-6.2740065360249181049199722552218992004251806031484 55.078330565901901798120683437169608034730401037071
11.910521038284129890300092839371233940549643645585 -83.653578236815687216134574637296817987894756744050
-40.773101230213335289377159669733707239983178888097 168.37589770651960038292273910112021808906001408602
61.402342452659859055810904941884876395443806574042 0.0
-34.833096425939908529612890117352412852725840314228 -168.44283303670490075133182762578115178558256046211
9.0699482702747951196947981541145370986279989286264 83.851310750146806617817200779647298322553648279287
-4.5283903313539789438423401476021404966866298979212 -55.509936608007040206177604766775913661917706627657
3.0087126431854547012771142591564607392073796980989 41.234021525385547857654579555582196703485044637808
-2.3265500562346823831277495533065724790490007246394 -32.579609140086119226448298684574347089475915045554
1.9558071282498102900877364313477005246839136384308 26.726053477121600614007439728983860875581761273169
-1.7202818859653785392302007517744876307276390988568 -22.458577704139961343701014668061493915418173645626
1.5477571291296459667545097966075573177934931910221 19.163157425514678694849463111891655560658895710522
-1.4039966178918544493288783426900951062835855582070 -16.490438220239203064411197803450702802151007751785
1.2705307535935400236264910984172965107755274231199 14.219630941304058569893631998692045321216307989399
-1.1357087173799648747719345533475845588421788231182 -12.193585556997888610814210896322891883528882085394
0.99014960197350529571808392051360045825586328810401 10.279818720252226694282056424202557732943333506142
-0.82286589464722070847391011067970612243886436449997 -8.3325325856789672020049879742716846923060918404857
0.61295323100540744472594840281831418086959655444279 6.1084230326130216063967814071068523786040290912098
-0.24686023388948043440090725746771098525547828017288 -2.4433719878335543664725039351504333818771303105396
0.0 0.0
0.0 0.0
0.0 0.0
0.0 0.0
0.0 0.0
0.0 0.0
0.0 0.0
0.0 0.0
0.0 0.0
0.0 0.0
0.0 0.0
0.0 0.0
0.0 0.0
0.0 0.0
0.0 0.0
0.0 0.0
0.0 0.0
0.0 0.0
0.0 0.0
0.0 0.0
0.0 0.0
0.0 0.0
0.0 0.0
0.40710946775432410751310018978464812734683256865926 -4.4112377625522535775494368768015495696908988663228
-1.0221160630673164976219752978074009211921968834682 11.112154476351032105488662335576106078772616797646
1.4102949312435280363459219600093846878641843196575 -15.441538132660099797311921146753371393579691810931
-1.7792110973539920365972039932053849165442731042434 19.652607328438165982714005794054620041567487588691
2.1979158746921393338340759811541351518103977886030 -24.432923815964787823816429952310388678596867868890
-2.7553172697282000797250837693469321488814832419186 30.516369411918526321776933324886040407618645851977
3.6360588837667416001551770423071051054323337584841 -39.142003792873061293735185087104108288571441863214
-5.3533977343609491992019417187232502963346077170855 53.057810148022339375710034599324624399819917718998
9.9327303051416524182705918989429334497937882441233 -80.391600011517084154150020690675199742869833115069
-33.427180329669954202804330123741556613153409980767 161.64422726902297171604909609074977674440816908123
50.354765763051599446332419759529158935885072250576 0.0
-28.739144009812919396979822728771614359984919916194 -161.69161826886117442693020823862572070362026389398
7.6756715387022445671599725671679315214406232795722 80.513160322324764848696755433307764473153984555293
-3.9473678119291016250952107999415393528326884170835 -53.310889954631591725215178592843609172340403473309
2.6888647275868160820633258312350869091088515927827 39.597533881956954624026183840611500854259334254697
-2.1141509422935910268477242364074735853340370359600 -31.268509834701570150737065877795473824943272223309
1.7925194932973239955746032879375334865367366931260 25.615377882951866833608497341400369327448281334149
-1.5793803472327763850789661968219192236721538538396 -21.469751490148177390229064914888759554404390445527
1.4151312004167696927628827939571778773740764427067 18.238084574540506419448677132226593158521714329062
-1.2710505866631269360181886303772816580717765613347 -15.578042298594043720530221720895089048816274631952
1.1308982287528055096853359534185462672046629071337 13.265618948820559815865077132996252418996484713354
-0.98308647003927882662804291194582929604580011194994 -11.127509626278158112184151203423590502704798497692
0.81553602577999354986193531789300330633668229013909 8.9886001153748778967782232744738899794772037770761
-0.60688261874274814573623475164006620305035725629838 -6.5755717589055092688667820459416151933024818912288
0.24431783969476593009118311149509554069568329365842 2.6279453580232436536462183156199635677271631382231
0.0 0.0
0.0 0.0
0.0 0.0
0.0 0.0
0.0 0.0
0.0 0.0
0.0 0.0
0.0 0.0
0.0 0.0
0.0 0.0
0.0 0.0
0.0 0.0
0.0 0.0
0.0 0.0
0.0 0.0
0.0 0.0
0.0 0.0
0.0 0.0
0.0 0.0
0.0 0.0
0.0 0.0
0.0 0.0
0.0 0.0
-0.34532891606567463835411762870648534416365177748336 3.7335233960775104300633080429287022378206008430388
0.86322020350966134799008382392397098187250397153323 -9.3824279737139303216742175573380562695716817427322
-1.1781062226566196973204073066103491033041091709908 12.961182261466515119031045489951228593974258234925
1.4580489215740900532661268217933328768799019766197 -16.330250291237780140800052513231613968803792044422
-1.7465336452250552266669742394726620775494160913771 19.987480647944919749592557426452144451524300524626
2.0852772465474740759736307293267737186022714500985 -24.378862641079150199298599513707260157728615134871
-2.5429079752762870654236366795928253084386308117593 30.139905947620944619052874155298837925137188423596
3.2707147646064115591198020038100735698228119624514 -38.443079593421292131551081566081765417342364709486
-4.6947902744047354692022065810384496365594584718034 51.952610564333267117379617303690697671757766560677
8.5015837075901221085411123562697085692982970449182 -78.596802990578306067726087492650092032240461086700
-28.071213774101322368268705005601200516801645173964 157.93372204668997545821393677626865881982647181904
42.266758242967716486502324859030003260357197423165 0.0
-24.258845959984054814701463900941089725450360058131 -157.96657968874331438951273734579526057159130868697
6.6444163652518258159660368931441679371486451395906 78.663314622707525664961000606722499418769956380397
-3.5119605892462914377929966959053712680046477456674 -52.078538087721035264146427664423420197770979250189
2.4431401326816347913249641791910009459645976968225 38.659822909843423503204933023105334460875612432801
-1.9446218265175849142935979269157644151676289759614 -30.488305418356637839528609219720841907754803817093
1.6557980705567872852637721997393222847053163194789 24.915306037858049238024615486913920266434471528084
-1.4552213847582340786275288793807660394999518903323 -20.794726964549055078198762901720367513326364465516
1.2923342257284852107193410275236792259198814534007 17.538944093305267435891589042314976594064299639976
-1.1419949302974569761536469877427647103325079045294 -14.800146482917463998437611409681912196951308978428
0.98858124864348546934025189031488635326596707361306 12.334626113139009388778156106737798913341141174467
-0.81802191163499319346284316284345582373361828713178 -9.9199891867418043164077536317823468840662691189142
0.60787673781601446285923841160923851699870125266305 7.2376763281999582157209324120127216809837120071589
-0.24458229066499219771879523306779831657517210560596 -2.8893833352773212363509629876663231774284025872782
0.0 0.0
0.0 0.0
0.0 0.0
0.0 0.0
0.0 0.0
0.0 0.0
0.0 0.0
0.0 0.0
0.0 0.0
0.0 0.0
0.0 0.0
0.0 0.0
0.0 0.0
0.0 0.0
0.0 0.0
0.0 0.0
0.0 0.0
0.0 0.0
0.0 0.0
0.0 0.0
0.0 0.0
0.0 0.0
0.0 0.0
0.30814005823610276216926910954859218190342983659855 -3.2475506437978581669876792316574535299368119469946
-0.76805702982140315936203861299936703090562090275715 8.1463651647399735835053469532829844051248338144082
1.0408009950240229815947617867257012797125502946350 -11.203844463730967589543808689668475794496994626937
-1.2723040267342367597953087156733781391879547493138 14.010964345966615193918549207539098265269939415213
1.4945638546972950327785467107054989132809965053217 -16.955539250954606135019500065268089555426349712909
-1.7313237901905218103311052391329795994227087703353 20.339807822697358602729240405266242576711663858945
2.0135891141670162621765972429648179898065612128833 -24.537451094451914601423138830307529716426750200028
-2.3977173627540378439164000977611763449421366846448 30.147362687110809609973598252098478212810702549488
3.0113083416564155606759863258926882197882882875038 -38.316918076553496232121398063228396217577212485048
-4.2161752197902400482305571118721407163558173183703 51.682739793508267083662929480291934276409295508099
7.4470370856635216217414104645439457523156656882019 -78.114922945973189153656917506275638190317178384078
-24.096274866727685918510410863140912939644089230504 156.90796380898012066201574917328334924409157802991
36.251726062056174331335082898981191561592219642277 0.0
-20.920992567320353290068432583755191730288225432619 -156.92834747018809792800196862200691885551131002161
5.8725072477089862807653565079005083776750155489740 78.135053316014551317658408563133365181355681674064
-3.1810611514229738537752371954108309205195657774514 -51.702445529768394004206026890006326008884660181478
2.2503344599775183626714156175171773929864191245394 38.336023681066654926434008354632945927086547359357
-1.8049321162458090733513566607446239187359893113873 -30.165685855029592081546008098066340841665698280921
1.5363368975773566316343291158363855638251718419731 24.554798715494789540800244585217003872989859224630
-1.3400863220348559710057598402204039588921961372880 -20.355969501489165049469235378646031639156494905855
1.1718599428978797360463948084473903922454270618644 16.970275958006479771387798174231729398397308187550
-1.0081252744478838427977528425035189355690316412118 -14.023986415409571899184438430301421950455468785150
0.83112050084556231139903585347401742131388811202490 11.214761868836652669754965425931589464305673107476
-0.61636129779884015936894830538676067113580530615699 -8.1545395004571336640658334974798541277299276442965
0.24779960067954658382374184989418189080426572313225 3.2508496579282977958500063831282529473563280758786
0.0 0.0
0.0 0.0
0.0 0.0
0.0 0.0
0.0 0.0
0.0 0.0
0.0 0.0
0.0 0.0
0.0 0.0
0.0 0.0
0.0 0.0
0.0 0.0
0.0 0.0
0.0 0.0
0.0 0.0
0.0 0.0
0.0 0.0
0.0 0.0
0.0 0.0
0.0 0.0
0.0 0.0
0.0 0.0
0.0 0.0
-0.28590708970948849546259616442664495555499482545897 2.8956210840057362018414047651348634175611762046660
0.71131038200383146397403466769455361080143036683476 -7.2533913389783396081835156363188879850190480808819
-0.95946404020517244311751972653407922317687765212396 9.9418162561416574302429085373680093858874463800961
1.1635967887566280080635972092236219015764466852898 -12.362322053053303441522604520816816205431806975480
-1.3500462615679825748902807301549591205115094352207 14.834271833658516879659754630981275751924179541196
1.5348026636112069803453337064104153234248850295845 -17.580693955849619951528331204004800832329633874524
-1.7345334497296050290164308792116631280180276316751 20.846051502506147341694988435856440986951703661098
1.9743991919088966842916180375258442046182998761926 -24.979276896000516500723222681426978191005405056568
-2.3023985808678724450956553754053360720235518563013 30.569920246878781366919606869314288807279278042093
2.8287647626504101897382771671953416076884973858620 -38.767858864010986350289884455431144221598273514395
-3.8673729529034427006338069662113856758777954783170 52.230525182550968906891108377333460308270665982832
6.6646590461078242931334159455891493077346163403828 -78.902967932411291619630902330783858247963166275354
-21.126308174558785471300778319052646518427994566533 158.46841966561989437007266520759890189788911024249
31.759647066453481040137204469461282682530868551636 0.0
-18.431738558361686224452324358825400461759248413180 -158.47628706406825816734148402580905149326017849026
5.2948771888090336451724689815872820068060946866050 78.876558251966865282039795084230459772569821635024
-2.9285193902634387562806526684307992813781273117796 -52.143644722188296584984518244607775452447674579583
2.0965432931876633291540358785383019975041280840463 38.588648172226821952194429139461446600660898732779
-1.6859983661466546693331776492939976143451424889695 -30.257033144463401005798752772398173497500220899556
1.4269234318085624017591124600334079796831666851950 24.475744144165793570810348467801999091296735265950
-1.2269752845232554194772302837392344470122926226373 -20.068405758203344132815256764900326412697545078669
1.0453595377716598457506334784124113921159252911888 16.397355622367421395970026970041634128317043557799
-0.85701130618807929579076625763758391636712497241429 -13.015028507291506099937757310912226315298084622178
0.63364813825377651848841454932806916631794898402082 9.4216795194518673410633536711649124029557910506447
-0.25445164790343315359153375766838447020697661793591 -3.7491891488676827246869886137176274243471963987185
0.0 0.0
0.0 0.0
0.0 0.0
0.0 0.0
0.0 0.0
0.0 0.0
0.0 0.0
0.0 0.0
0.0 0.0
0.0 0.0
0.0 0.0
0.0 0.0
0.0 0.0
0.0 0.0
0.0 0.0
0.0 0.0
0.0 0.0
0.0 0.0
0.0 0.0
0.0 0.0
0.0 0.0
0.0 0.0
0.0 0.0
0.27351020315157589810085373050732006407885521746342 -2.6418478532779360825300908684001274891195703998724
-0.67963732459179167943985481713034206583986208606637 6.6104401649111135385779577079556669614110875544924
0.91399032403667406667387362260438609298578353257288 -9.0365259084344516914311538662450941016449044585200
-1.1027798335440259545841053681031256015160997172446 11.187342811528706271020868670288160924587168529164
1.2694280531567860712876576846789882135406600134834 -13.337752086987418145948666393707403536107067083814
-1.4262735944916646745820417800621136821508892953788 15.663916213196187891655543657899397963000283895782
1.5838320497282470979711440201382326069183574964528 -18.340227186383874578245916764383300739848393924117
-1.7552604270747966743559888828270749040714461760672 21.592133406142892591334448772079515538773456493737
1.9620168055751530581743341202169521943352973102960 -25.764201488609502067940296391169823005835660948161
-2.2461593905482471122713884780960638033384190613161 31.453866558465428683046670821123915829090242615868
2.7051382304062924424250382997369887558505505801810 -39.837185424357401245936819226378171056365696921847
-3.6172854268949802059678121283258154838433152266789 53.640390343656359948224735899888825252916918703702
6.0894340979225764373044660988000438867879564433069 -81.021314718880666793586668816571545902390763542627
-18.926850400243807195137982343084873571945154656473 162.73326402446112739122609805872766639869601066682
28.448638254510964632988061926684355464632513851749 0.0
-16.609255221682361659580013376800267899801843983321 -162.72645854948692946042934093851901176863870612346
4.8713350200163987703324891217373592703617261647914 80.939326214218101542964692463575920631185880056383
-2.7379380722529057103976809339419050791297816453689 -53.425134009233302418119107785879964526736351380702
1.9725477020466050326137997878069346307260199604748 39.416894878113623211468727386217027584377036035438
-1.5810105295034063220405634506623968822767925846858 -30.733373598959061939611292545407947774183382078524
1.3209838760832465870303560795117579669768114161880 24.608501378722945155610889252267696677298699205984
-1.1077549913204037088842060725871001706507562142236 -19.795025294139479273488236795565101468910038979153
0.90014950072818648928576904303036717302243894021454 15.554138966525310503751916575616359000345899566103
-0.66243445884830697908073397382971737540763711386019 -11.193509434988993410908594683188445452235575169195
0.26553394087473979294013891328831760100402372100363 4.4435886843187087647757037767726620983892543093649
0.0 0.0
0.0 0.0
0.0 0.0
0.0 0.0
0.0 0.0
0.0 0.0
0.0 0.0
0.0 0.0
0.0 0.0
0.0 0.0
0.0 0.0
0.0 0.0
0.0 0.0
0.0 0.0
0.0 0.0
0.0 0.0
0.0 0.0
0.0 0.0
0.0 0.0
0.0 0.0
0.0 0.0
0.0 0.0
0.0 0.0
-0.26819262953792251108779055354683135306733203160645 2.4637186524541529428422411641085793873147037375892
0.66588777784247361652362765764231655509558277946924 -6.1593660104152187406189682364820466966547034824736
-0.89373601651335848602027899841614638885026696577791 8.4022675721459278720052457871902998685382119074004
1.0747493697972617680823590158125241142531524313540 -10.366316684783702813447077437189007632150298920668
-1.2308969864360181868777247097621539775679199623349 12.296927154542454809574324045061471990891327894455
1.3727177941375946866040608101974367531193267815562 -14.341211632450626729757104338329809009922754457373
-1.5078555980602948041913353219627119772224646268326 16.632890533626635072697583342444287070065188318541
1.6442831539815024463511502813934351470062856649394 -19.330614088431968858329287759846933427063729115770
-1.7931174693069202106434210017032585544141946949937 22.657303106672099772134478281306276638792853043647
1.9733445729817403277951361534167565259219789156479 -26.965702202697653409527676524334868206087760252058
-2.2228247806795734259101925428539485999043541558637 32.875807079363002468422386598824990881740787280055
2.6298456124907310333132006316615378716493452138289 -41.614217825289554478867330466691895902790299805546
-3.4472606495437903111528738412743892181586893600284 56.029041089079337929346597056149176805050755114589
5.6822020169026521945211272375531316401842207110118 -84.646446443166083337003646237541011966807082470495
-17.357968238575507023689774483631406241153667374721 170.06185174338975287751718236859019941324895829197
26.119467777905636908340834662180000096886223297749 0.0
-15.350975345310454707562158364465545053782531900742 -170.03521982980491550546935629736853114992018269486
4.5798321558260631234266574389447105885901698750375 84.487191436004049801727868915902005847188322795017
-2.6001168590806607371344425986914348942460204620241 -55.632704917771875309385902702257117632361323935977
1.8723861644435622500068277496894175991585857190519 40.848096484474493537346812765748495858835295870856
-1.4841671685836488608907192493301010837980960524440 -31.556955799815663245102212566058256077906517431200
1.2107660739840918047565602855208742439736858555503 24.820135817261246999293230730106078183043349118886
-0.96937760842440045116180708837259294993706956063960 -19.230390253832399263583422009840040123961520223254
0.70795912608264245195455264726456167639815582675094 13.727900028220712460871253404314373649700436021483
-0.28296464378557254972040001077551131431875813562826 -5.4320231923906126813044839944821648603617722267347
0.0 0.0
0.0 0.0
0.0 0.0
0.0 0.0
0.0 0.0
0.0 0.0
0.0 0.0
0.0 0.0
0.0 0.0
0.0 0.0
0.0 0.0
0.0 0.0
0.0 0.0
0.0 0.0
0.0 0.0
0.0 0.0
0.0 0.0
0.0 0.0
0.0 0.0
0.0 0.0
0.0 0.0
0.0 0.0
0.0 0.0
0.26855403113740085882999072125103711074924775981352 -2.3475664528029799253513117016134710324667302369266
-0.66642826198473853735401373742768325776052115671768 5.8649124388762841149695330825909861097252179136157
0.89329363697731252769987927146143752964684694017547 -7.9872555075454036733878581702875928205094598924852
-1.0718606933271226678324796020823255022836380578852 9.8274336485336220528325628123302854180618753667286
1.2235358293220274910274093879782853342801087464090 -11.611725645665550936271739079135215138093776030591
-1.3579958165532973855368944183702843216738128136469 13.468897077741410383959400417923740399574043680112
1.4814812118050963644931843249461770714119130722337 -15.508006043223091422897876823324728529335274208169
-1.5995331846441932314322312471781841186850458889130 17.849171037085847644117984617651771073033665505932
1.7187532888891623476728043457167943022420030677011 -20.649387312260692848143472772749632419573817725727
-1.8490119915537630399860478705040387995977283709607 24.139171508449227785092366959122340552113695116681
2.0076885229727927384982277796205617307840785422893 -28.690176246068470667119990150786324313918069853792
-2.2298735810763847290864509186154253110075724602127 34.960559352523898900178025135971478399094814248068
2.5978399137911495656957473358981251348426022488486 -44.256022482859110158287950603450153968688750354491
-3.3478970358131229355512667468257665391697193106494 59.610858026862161228851972934080373906661063028047
5.4232539317463496511301980370707258122743152243079 -90.109696278430264267255237738974761913697696574749
-16.353065812481645525997080015442014617190197740235 181.13488412096396001318154936437335374530779639949
24.688804876254709698079654307810707135894480951598 0.0
-14.622231175521589810623815308076869433694297322755 -181.07789346371096984846854004253882433701378345319
4.4146322500643136519372270947659194009809214144063 89.828571550129079554958150316377357496536425842993
-2.5123971195131123651339411559012893974205849973678 -58.923526942799648965581989442603637795492523067983
1.7926083281975618187605899737172853009180287708874 42.920622572365214307993024035186916233686561838759
-1.3890470361861120116018114931283207834019034466805 -32.621763094574419716216838666012431317709196503251
1.0831783828554488880870528003639668634825612452681 24.763171690285693137636332014288988587983074418268
-0.78074769029076827726699301432830677776725091862057 -17.476677100194511966726020459654109369398086692089
0.31053773259496109514972443276508770158031310551131 6.8840848470173860457253074302167128887842770992536
0.0 0.0
0.0 0.0
0.0 0.0
0.0 0.0
0.0 0.0
0.0 0.0
0.0 0.0
0.0 0.0
0.0 0.0
0.0 0.0
0.0 0.0
0.0 0.0
0.0 0.0
0.0 0.0
0.0 0.0
0.0 0.0
0.0 0.0
0.0 0.0
0.0 0.0
0.0 0.0
0.0 0.0
0.0 0.0
0.0 0.0
-0.27409187446847597389594202458958067546434352587090 2.2862778298329495313287742535211283144087621709335
0.67992590532492717645239761736142924145101579583579 -5.7086267545261663174458950131979964322045294423487
-0.91058856433089746110908575453111190785061190990263 7.7640692561279532644400457953874237267554330708601
1.0910155199003893523273236582937629103140334136915 -9.5321180164124862051680127408815983513545533824920
-1.2426853813790367804887776183779247835513358505084 11.227684764854436965383146832289736964370341114198
1.3749535688577798464635946150646129346034163036022 -12.968223940524158253547081726014601064399916383620
-1.4933894655050221128739623270855797832558169096402 14.847628564335260805935626757862822535537046258682
1.6023401508963736478127832039655441377895081684125 -16.962923508589930479139073023652658187477418014661
-1.7062686077930423187591937169198229503631201118362 19.433195943576590517062460863020185670890088681199
1.8110136386860905069797016016146551191949250961254 -22.422600293504261408420430676165378628387385349868
-1.9257414364235711344671993936966784396602653901462 26.178108488392766174847363606400469755452183525953
2.0669561101338208765398853855668503341098251458037 -31.102128312957572591665318383502394227249900299331
-2.2683234555352306384128138445778327804358176301647 37.910308183552901560170071122582295621113385301326
2.6091954973112884889120555942047775019318902085567 -48.024444515628363482786328751338200115406355916495
-3.3182901547999181068677261497958602902123257129505 64.749490866252736987891850570832370183538462479950
5.3111867102301889248383824103876831249265136765889 -97.978972388485211771045184516080617612509090093113
-15.918144482312587561915589017461339749204319368783 197.12614553198228657152048852638775096357180532899
24.196457793071996551202868164176593906445786487843 0.0
-14.465936373213729064942312906665551084612147880922 -197.01702487334693440041308698812412628726448827150
4.3898127367009271031392353645688759246023455267568 97.482784951903186905725473350013894020444799552961
-2.4800690939442881411186619194517042470214250092927 -63.536282054778242684669231868018422790287262696493
1.7317012687861269313302932989790935787703537411629 45.624053813975590232893836129983975564579594036238
-1.2842832488907968357773189112627646886631666476137 -33.555762993304569316849545965685213006395963001672
0.90373175184708863938824746542358473746813138585361 23.283832489854751456027573039211774906791868685401
-0.35632675729618113337735192889850390969091242414486 -9.1111979832556827658901290235645591021380218965467
0.0 0.0
0.0 0.0
0.0 0.0
0.0 0.0
0.0 0.0
0.0 0.0
0.0 0.0
0.0 0.0
0.0 0.0
0.0 0.0
0.0 0.0
0.0 0.0
0.0 0.0
0.0 0.0
0.0 0.0
0.0 0.0
0.0 0.0
0.0 0.0
0.0 0.0
0.0 0.0
0.0 0.0
0.0 0.0
0.0 0.0
0.28505711761060657649597971449172004868570517607165 -2.2785759358754414181331986265738936284466421987057
-0.70695404965489844061861789147693416968938304134716 5.6868761003555931623894246313000258141938931805512
0.94622482769916486864723238337243627519776053903804 -7.7262837622403905278518716696849060682896651534343
-1.1325961864415688966832689523541216941715533483768 9.4693873212901928148108544528075572340841849392851
1.2881654271720972328352770235739104513423407410283 -11.126296814873980769424905923456318086010052201713
-1.4223364332855663540752421777836929562415817362332 12.808306900869504004277267341382581839277584766760
1.5404215810825100437290087836283058701534095698455 -14.600334870237205797696174776427798825549652769771
-1.6461918196027706227642321410613979404468351429241 16.585529081218199104064444744365504242760793111162
1.7430509760823172772817832674749277441652581617100 -18.860550984968948228989216045963533248047443909487
-1.8349074107000018574516797279236486073442914189299 21.551638309101807859586371276566749659408961241378
1.9272459294931117485205426161940605200081967468151 -24.838173483619401427329702674599563407534031661963
-2.0290004156976834594068685475118794211760084875784 28.993876874891851210933953428867538988991902603372
2.1565511185988051273775097338454685532760205800897 -34.467491290726162262735275606896400212046622694981
-2.3436303854775413851597713078994765898067433275939 42.058938890808727427156831594867129653539750655889
2.6702224156891485258600763547185994709638586113455 -53.358342691129006376761024731873819016538930209529
-3.3679377773719765701445642765562701746915903916059 72.061179825663801983092366187694488174618240403674
5.3678764745195427825916079743136743878414492480748 -109.22510611311026379793070870872089834828895117688
-16.157558452866857890401792825407514629827957021206 220.05586181724832465660920210406500054593433857213
24.862707827308701969903823184239411116619480965405 0.0
-15.047030257175365793113060859277411926128507838732 -219.84616481285482044170340816296363336643172675356
4.5522867177722381277296786604343789075656375846312 108.30271019566638189081660557120449544387253277986
-2.5211089879314490839966499781346899964663362773273 -69.770192524826271534371131808527218152206372829265
1.6874278454318808005317376815763477858483262797894 48.651133681382311359185653650064794075613193429033
-1.1332599352391649397164740017258908769323535246182 -32.864818451841122511659431133402926371786813623036
0.43949775951773952979892502713017486483798255684462 12.730744995383310445088750282126266012529488312501
0.0 0.0
0.0 0.0
0.0 0.0
0.0 0.0
0.0 0.0
0.0 0.0
0.0 0.0
0.0 0.0
0.0 0.0
0.0 0.0
0.0 0.0
0.0 0.0
0.0 0.0
0.0 0.0
0.0 0.0
0.0 0.0
0.0 0.0
0.0 0.0
0.0 0.0
0.0 0.0
0.0 0.0
0.0 0.0
0.0 0.0
-0.30257879938304425774806192986595234938917954700046 2.3299520244685489628597163809689009980252325313925
0.75028322956623151696239983586652900982155426680152 -5.8130620482581418242113789810256556431295909842745
-1.0038129839575272241838244448638275721435425072880 7.8910999396573096467206928149194511024253458528917
1.2007233366831588203995439257138773642014889479421 -9.6582478484080695190127254701421301759607456427256
-1.3643065619230676170471417098174341077762197888294 11.326218946838464905001725835460822781230714780522
1.5043310493454920297818393346001261931490901680614 -13.004494368733646214117756747378384575049045364576
-1.6261322211141801426300735076234155113600725538684 14.773574728073694802821792038578555724761333895865
1.7332559875039791676260830781378561860488190167696 -16.708851733317196601891723539009385111463574220333
-1.8285928858809841219998932677533907606695972875301 18.894017662611082372951539228358772428448659356197
1.9150897465450116772577244482324898834525378637360 -21.433459472211594159782427550418705245348453536565
-1.9964531465653916368675538222383983427859752698874 24.468602501498752616634511636708481187795732048137
2.0781829159031030782700166251456242846262312300535 -28.204107925053498881151922196235015237789611630066
-2.1695113515224159063088289698512031949128228892977 32.954971764554850589640126337577210311280348555959
2.2876442921763127489406441345199938719814672524616 -39.239524097800791280115966923678578860551425778177
-2.4683716024667901705851930315798299492662667600114 47.982847187931822643352535429121042904266949492574
2.7971932507256827955900596180792777976452207903583 -61.023747110051659941254990813153445528590025002349
-3.5233202894105070019541555461937397542233052045607 82.632819624242191521668124063101874210285727254750
5.6549795099510682480832568107601750311843784322899 -125.57782860921517686821561784606649481889149020582
-17.354282009617007985000205531028560448900294311490 253.55650102954112539069133194347705676450159650070
27.258784493567423146184286288194245948947507501575 0.0
-16.780974560381667837960827393706206026661324771014 -253.12473612451539199151640871844263384096057657133
5.0184003046109787939684618180945421744776850353938 123.68320500817232237163373592930971736446357926640
-2.6764087999140203146029236199085363201016446365484 -77.744156927974652553893071519970964282576334285947
1.6330316571659115119587629144687800652544823299621 50.129286790530718550890481320568241142175005232249
-0.61286681086686623775279114339627027643429407378401 -19.096517928846908263732665545373986499050447561153
0.0 0.0
0.0 0.0
0.0 0.0
0.0 0.0
0.0 0.0
0.0 0.0
0.0 0.0
0.0 0.0
0.0 0.0
0.0 0.0
0.0 0.0
0.0 0.0
0.0 0.0
0.0 0.0
0.0 0.0
0.0 0.0
0.0 0.0
0.0 0.0
0.0 0.0
0.0 0.0
0.0 0.0
0.0 0.0
0.0 0.0
0.32920512943166163057003087877537886723093388264805 -2.4564460464630646296865484666143879032471117491275
-0.81621339982791399733764073029049092705356584878507 6.1269847822558328307731208269137576119532684157583
1.0917204596341090116881604268060984250371611235627 -8.3118254771407469826349634795275260065379029858204
-1.3052808079743274009334123704791323071379466968969 10.162475292381890074863055272619821825924318885328
1.4821213662885907333204770160206343914269377763533 -11.899676422588796011703199272787529510853898677395
-1.6327240817432702696848494190594704480550827957639 13.635521504688921142582666702713376006213753172907
1.7626924011171685628426751254829794596346797348153 -15.450100523958261515714577594652433763330303772185
-1.8755903155197843534299369568610697214585425462691 17.415787404670439387477637708080403067570983655864
1.9741135582130652930440515286668949800059375982952 -19.609921232048825068707799893016135219313687175865
-2.0607502444576568836305080322254014605976400877074 22.125333752274002806696590671792931814617080166316
2.1383277022919303486937786681789055747033991827031 -25.082929449447499318380441683225220176637260653770
-2.2106884970098160517490894894122603326608195658465 28.650314214025177706850498467312233244178755870356
2.2838065438157734962380166828628867655218468270588 -33.072917559937542945450903324661068440897857641924
-2.3679803430856642692538829145836114436367022523217 38.730682640406500336719439992651711016664654818852
2.4827200248115763260780547462016054942881223920647 -46.250389773651221710929888885809301288921525083646
-2.6690967717622506666760157865147718455828204666942 56.751402830391359353593039620295383629293632368195
3.0262423117793621069151194585687683829366066037265 -72.457659619937407042933067269922128045099900762258
-3.8459468059223716818832532370481707791205718785463 98.528368272245597091854521689267735895553417214122
6.3203323390247433511992036852595999205158618938284 -150.36599495839195593728904521228433235910755556141
-20.200942404889551655849311800252953222222047505069 304.71163622262844922574579420334213289602762316778
32.812821015014868729192973660404818312983410979236 0.0
-20.722774747325945569209494987398395114413804535234 -303.69451537981756163772672598516080704693140238866
6.0810835155021294652526582734901414576494165462681 145.77182972029377888013915755356620069723925335484
-3.0079348210567185690513412188020161052461900003133 -85.579614537787349152417248676443936093660619279469
1.0550790587181866136333218288754402388715876431836 31.616452835385160773180806578289992960043077443125
0.0 0.0
0.0 0.0
0.0 0.0
0.0 0.0
0.0 0.0
0.0 0.0
0.0 0.0
0.0 0.0
0.0 0.0
0.0 0.0
0.0 0.0
0.0 0.0
0.0 0.0
0.0 0.0
0.0 0.0
0.0 0.0
0.0 0.0
0.0 0.0
0.0 0.0
0.0 0.0
0.0 0.0
0.0 0.0
0.0 0.0
-0.37048841632242387590981344778537953639975002631058 2.6957575311086670140579686733958676490738310502211
0.91849806537583270101591981825646395923318758561763 -6.7225079360426870943281549908468608550825473522813
-1.2283019814875853283428332240161758355860742462216 9.1152427220218519508834608674961436946002071658519
1.4681307883176076068535934648620928970942977632088 -11.135963223540633213860771074173098646960645018598
-1.6662912222209632709537712420771808851495681744492 13.024946671353075202915507760489736670725282108299
1.8344759413909738637793738882739442683849003479008 -14.902584638915995616897176175730752930562061884743
-1.9788513776880431742332637751153747205125752766467 16.853069040882074008851084148175086992971163130154
2.1032297178317309638318871233554704151325318067017 -18.950416786617807903440082214623700485559512556118
-2.2103492878480969012512116007510243418994454977241 21.271379466186579840791216355996225106150606762096
2.3025523639399421454907680249795640274145804725087 -23.905297591408009458106536479050111001189413718141
-2.3822797281509411930955538699600252337220116730753 26.964912462306354005014893732652217178646988692042
2.4525961471765074685912659524946226268597029512275 -30.601284945934956605321207749889140601770434507007
-2.5179575514997320016990357130201622560267117528864 35.027196908786232424583405689265243235039101382568
2.5855816802770123879709741191748489254740814659840 -40.557053119308007301870476174820321192384345873167
-2.6682360261644458567313192468362541885509671987791 47.680037591798631107015135056179546179335773736749
2.7905643437254284272440882120277793035918798274585 -57.205258312334959180585655801588667630493279489221
-3.0052841379773678796769779769318409866210090441048 70.579083808537339193152903504984886393179469412971
3.4416188015984616151474798629688288156667237621909 -90.674185115880491426460444068849085109095763715821
-4.4859272480059372369655388526250765127712478880329 124.14536985270888611397519587255507841414196620724
7.7423009716148971103929311155773293289552063090323 -190.81630403763668441034989442489695247787202801225
-26.558173512608656106725552984217683755207320420919 389.21291828091551469932710065010052542660149445965
45.586439980194619413549601760488643811082105009583 0.0
-29.984884640331704352818433837946704945209377553538 -386.18629489973812422745545553038143338336340800941
8.5362014174754792884087588497448768698032597263665 175.86502659913482164737886362893666748072147895767
-2.5807788252151347881635899771869264570972934033784 -60.782639209546214142329038034385187781095429862238
0.0 0.0
0.0 0.0
0.0 0.0
0.0 0.0
0.0 0.0
0.0 0.0
0.0 0.0
0.0 0.0
0.0 0.0
0.0 0.0
0.0 0.0
0.0 0.0
0.0 0.0
0.0 0.0
0.0 0.0
0.0 0.0
0.0 0.0
0.0 0.0
0.0 0.0
0.0 0.0
0.0 0.0
0.0 0.0
0.0 0.0
0.44028250732342196385110242870762701825392106462140 -3.1444805137435329266683983993527705458785386317761
-1.0914736907707225923009650828000150728494944665931 7.8403675557334964249606973734011079708120496636555
1.4594450178324228314368678947623237656843589019743 -10.627302318228557810038386091978064060430651560030
-1.7440594471234689172954017152967848459840942382029 12.975977847247319765875280218056723274525469497715
1.9788937213280649305310012508019400528192044295952 -15.165080665831162149840285697011392963682091905635
-2.1777671412816635306530379351467327452844878900064 17.332956722846024182073629066598114340439286689467
2.3479072878393189996602269047958744771990314678644 -19.574903586722706146622502602481833157598245734076
-2.4937042747830498330634013582828642052466054942252 21.973063674951784138785846921692287578485358199067
2.6182081228919169309830798838846876700986717467977 -24.610756910439209164127654867173664537086663284336
-2.7238932939864762662304075630862529513712879566480 27.582780839137057841997853732133669378306363221768
2.8131734903871793244733019662528881683653298407518 -31.005977370624781015139687068142180157077049155622
-2.8888895619458778151235405455153808852826698230678 35.032989714072176943057406399053696422347230767963
2.9549506079411153522643670239722272696508729816534 -39.872758966381894711562639170684327790480546922720
-3.0173900716169691120167670743497500396980214712555 45.823686941062041740664261233021239465896670121998
3.0863665447461580113172472714681845107969770075171 -53.330890146338431561489658199066625084126199041659
-3.1803660647911036479213142354686386677916509048923 63.091699297021511968054051308420358193980571593342
3.3359605087839237190317483805111505077984570440871 -76.265335551894369964981320398605476886915033066967
-3.6333140489350132200095986458657310303060682054068 94.931258514510063084357558994209168189636764776634
4.2740357096586692205809531293840370445582748434573 -123.22700685100182945391129238438757944680270386121
-5.8777285850668392227611539253400486939691155821130 170.73589561959241020508832289705217425976953346375
11.093883353893799052986256402480399561873692608948 -265.93544901628842345172704204057465385984144413590
-42.682977938344545709974254080348781041807720749226 549.72968223879734696436163693995398436942431650653
80.792485332796082346648877696199462252088137206956 0.0
-56.816438683496879505437956168554833486881226869381 -535.68799951985208375695545864690175235019285935903
11.256829812427970246377003394282526624108234371367 151.39299719097836133534802043174246171881402556251
0.0 0.0
0.0 0.0
0.0 0.0
0.0 0.0
0.0 0.0
0.0 0.0
0.0 0.0
0.0 0.0
0.0 0.0
0.0 0.0
0.0 0.0
0.0 0.0
0.0 0.0
0.0 0.0
0.0 0.0
0.0 0.0
0.0 0.0
0.0 0.0
0.0 0.0
0.0 0.0
0.0 0.0
0.0 0.0
0.0 0.0
-0.58674162320405586125155283813068841124726207921509 4.1408555343750421260477363314475920689620278028087
1.4545076686326862149663805938778920947361790602072 -10.323774568681184689456141866922173190704854501450
-1.9447324462616682413071169546259955188019592925878 13.990456841172700942926198456671054907179053382028
2.3237169931070333699270250136495289839837155804246 -17.076491828957600133101344763981773853750902648604
-2.6361596833029669671046040525045231602666760084755 19.947596920031283287971619319511979567271505291715
2.9004196201594472032269103266208393795307288828943 -22.784292159298394853657101038449781276054590060857
-3.1260540915982875263106806922131685910337814345912 25.709771516891953258737648944178597204329364826772
3.3188109901008836507616107196389373331910195514238 -28.828917520909632553607933563741704529976950216708
-3.4826077155114655923913839633380852990656293140137 32.246634830563708756758951542144667166414650092617
3.6205225742596210260175422692883762754506965181013 -36.080539858525934521777751133117945288675310120909
-3.7354330602564293683093340982321825623296567498899 40.473408497329230375904076223059506362303948699854
3.8305789696710012490531862090980984492818180557452 -45.608737770912595015895664144979001495674133064913
-3.9102496428725280859228886942142751399041228261396 51.733107324105632136627448691842575800230025104391
3.9808513593937238992625280068741284634017579693165 -59.191061187590315311458972140948622903058622712569
-4.0528326065039756308174420541254368916198660438971 68.482880703706962171495513720570023309605895810489
4.1445292073163054456309918061954503086513557469794 -80.365773285388021136838430494772277186575935185892
-4.2905653170645041384802687676062717514008511099783 96.042326549443858312954129863262808797493965180209
4.5620974117419927875714968189101115530373293764222 -117.53832010471778312522883187645094620331594949928
-5.1218324009857596084446602772852631700659602719112 148.53440659545622170261748255277960497540164400781
6.3993310193368410675288214618100972870809644174948 -196.44071107145965743389911101520325865780738210934
-9.7916062671286350495061618768893259673668246298213 278.58379250128391666879932396154978934867051215717
21.682026790732497497050646173362047081781192958735 -446.69871665270811377057933982453696573474197395608
-101.38107715771385573626150367646396411029940783847 955.86114987453796079522584787161466539371830395169
240.70640496640966833317249462426784575130769409708 0.0
-154.73946509646903072163663939508618250898150354532 -674.81346697006773390766436958377412704419075066303
0.0 0.0
0.0 0.0
0.0 0.0
0.0 0.0
0.0 0.0
0.0 0.0
0.0 0.0
0.0 0.0
0.0 0.0
0.0 0.0
0.0 0.0
0.0 0.0
0.0 0.0
0.0 0.0
0.0 0.0
0.0 0.0
0.0 0.0
0.0 0.0
0.0 0.0
0.0 0.0
0.0 0.0
0.0 0.0
0.0 0.0
1.2371514577519472167469293135188978051127953495439 -8.6868090981619875753685249758223734594795421769683
-3.0668097164121479805051508548269631106888107151668 21.656702194619896002674920916519604822214180830705
4.1003248663154222416823834558022310435507615953376 -29.345845473285732647780479302605552582949873434611
-4.8991566622448266091812814682874019182051588303577 35.813799966887768361779016054928115873194018275284
5.5575119544042292786149950924534361712506619426864 -41.826666856393779453326934082034644687064220005362
-6.1140532237307950501690348297660851677617787231707 47.761703289142389127100924441230891858375585528769
6.5888701262077349499643347991134146230864480191813 -53.875362157130747697019490378943267675202544373052
-6.9939974783563240450518827915377692724115546573570 60.384842449741737123443010597706638396509248547716
7.3375746262923085214112323073206481084137387298383 -67.506098260080853110816714334124913835915598609355
-7.6259142531146941703028595054368745632300767331052 75.479735938446339580437201460958259282470929506832
7.8648111523323298624329093585228205687307373390133 -84.595926295528574428349400769608062759798840635237
-8.0606629987766088635945659505161838953721984580190 95.224986554127770169052163887504806973281849573171
8.2217939172926593890999204910878345791745613921946 -107.86060942104625130068888394768420456801157508013
-8.3604552567908693963689929452581429196077171384567 123.18618639974304660387413747056266849264838698754
8.4963550443047492975388358441578213287133278159955 -142.18260388278042335060281930818952448609092481628
-8.6635533622322101890735244454871789994120834178302 166.31273138074823010016032552837161198803747944915
8.9251402193295838165066036039894252005217224470379 -197.85493385285698299656386249901844195479740203653
-9.4074151370214653620293518522922230174040735131287 240.54556686809208417780257258628892574768580471175
10.388416514549399985177441141576751396350535056894 -300.91685040141594547722706809979630641450322806344
-12.560384535335421518673172469834964275901620020602 391.37314049193846559854254361531220105963595592400
17.962524936953143075422070953550984882507300357271 -538.26423506458668467014469778859203774663436354429
-34.283319808051964640199360634007017673483796930098 807.44255898201689177806519330063567666982269750591
105.04995090278132081656819249069439910972636783961 -1412.8157915631588082332180363330560863103203448473
-809.27840510560137256100956559933491193341609173367 3529.2351951252767244027248249911696566296089679503
4824.0406753631955576517573821277347002551629343537 0.0
-4528.7164834422574299656678027172854708155026114127 -3529.2460301678723621819634507554891075872999810247
539.77300857955992587219172157625187606628739830672 1412.8304969943842874209243270889232424606932685832
-146.64773608192930089191667029094698557107275959426 -807.46053346456454955085178990415053552571578193966
57.259393897665904637597726619649666384256991974380 538.28523426674924243176170796989300721017780475088
-27.624254037631022078357306185915334220877855106807 -391.39706279492914502340863003066404889969363397257
15.396923287205919640648393467344088243505834684502 300.94365396385615075539372228593877036376470090795
-9.5734226688237121733709725999930694345998601062361 -240.57522456918442820636385961422244469808692681568
6.5026521597416015038961749976660968734043715013976 197.88740369890243325876752894208754198884061994477
-4.7542202398333296879159773011672311738568006654364 -166.34793501511845844249042145435316244402033335775
3.6955873931430488635206035048030229393605453689847 142.22041035591560453717781079646998718939594403981
-3.0198994494442481577645024069478611281068666696614 -123.22639998123903989407216070198199857223001564401
2.5669678792847570184350821892953858295813998270310 107.90296086356910938137060918695922413209431216275
-2.2480086574861856008203153790339748759551664273828 -95.269127435762832937365497758366719312667940457727
2.0112696083649865832792291953931636261706078430817 84.641426081271167559445803766102522675057331623194
-1.8252202491520279870012231110796723109595642937813 -75.526081285187250041049163630666372969274544319826
1.6698339447238364591046372543845967242835456258602 67.552693847622527879981431512795902674147200540414
-1.5318156996408399307628427318257927339863424490125 -60.431012195783580620297195425591768825572282757933
1.4018316002664306818022573972423652108464495442353 53.920348899913042681256599772982023924638598881401
-1.2727544515446678505998863858122712315739767459147 -47.804663462458069632940430217585743211194042224117
1.1383445048038017912511092883207922414172534490549 41.866653116999507460881010725381957966629623836102
-0.99184840364321478415273901268597180121128475977495 -35.849715198533655491306886577538946941985905286780
0.82352183179993625028241006114745963244419578331122 29.376319945566199838497523157106499681910336862433
-0.61297543920056455465229035044878709051237798756293 -21.679695309480299461548398172637625756414857805804
0.24678015059012222565532196946133406242249262580228 8.6961190299817885126726554645172308083349072884008
0.0 0.0
0.0 0.0
0.0 0.0
0.0 0.0
0.0 0.0
0.0 0.0
0.0 0.0
0.0 0.0
0.0 0.0
0.0 0.0
0.0 0.0
0.0 0.0
0.0 0.0
0.0 0.0
0.0 0.0
0.0 0.0
0.0 0.0
0.0 0.0
0.0 0.0
0.0 0.0
0.0 0.0
0.0 0.0
0.0 0.0
-4974.6784280202757187785133749262975078794734718103 3876.7858746828449895143163430056721369688898093773
7546.7067471575903699064116514177353057743007910756 0.0
-2983.9534919882800271687112128981469709042177392803 -5491.4546852959519619416344727456556994183521658258
541.58615013252455768500309468799180031326953101533 2566.3296754147029004820717029888595172708938221519
-184.86409372825762020413482716496918480632741972149 -1600.5191047005927549152061826307229999062261323910
83.763324661434860176981896044919371664166258133973 1128.6157742904004539107420650671059041600213480888
-45.082965519804456157431492655801586446501557054373 -853.40232395565098264569619790927479672747400660047
27.426982901973794958025573698439958047538050020409 675.33785675970136259458186348092933682799711936140
-18.359305414275925298080210940235333464996781040102 -551.85122563692481100407293946128902217193113267306
13.286416311865184426973870805032161565103435462027 461.79701293778699318730467659261495219961194198122
-10.252872674443402412534958118640364850598785020808 -393.53698861481656054783288113377075725239511452284
8.3345499974100142973057000956150653358902155835241 340.16212055468571524222393600224480386460034645846
-7.0580106672232398261688447337473778135086126010565 -297.32205839934696922223348386218733375105726177525
6.1645066948852477812597238476099745594634693003743 262.14247450005013249448312082664195443545786966333
-5.5048324003581214974159235268890935675640303546569 -232.64374273955479981015938117230580354969806061052
4.9888583006829083796616571084471588471552839702573 207.40903965557186617429429182066471023203067130456
-4.5597417027610791793460917378753011764231214641729 -185.38395313427262938922259443590805835768236164454
4.1799786024834111294405770108627850469644871525982 165.74801686502319563517029989962069340778334238128
-3.8233920948273790914524511778269129152304731248169 -147.82530457672089341883346616116898131175991107462
3.4701152035942198883673433119772233679977845230887 131.01290426075889491915344925068061530176933615241
-3.1028697524151982919380456769805022318482529931872 -114.70798348246113076303449979699684674990444969717
2.7030787867174904520059634315634099712842876793038 98.202384980761019689876557105946843579879219615932
-2.2440760239232278989748936330826695970181256793769 -80.458278073383958122066248351645975972172692372716
1.6702258018663837033849290590368445938294252867945 59.372787195388320359983490449649311532321486242741
-0.67240342127399516872267866691289907682406149513719 -23.814603314535428943196310261164999969172002059883
0.0 0.0
0.0 0.0
0.0 0.0
0.0 0.0
0.0 0.0
0.0 0.0
0.0 0.0
0.0 0.0
0.0 0.0
0.0 0.0
0.0 0.0
0.0 0.0
0.0 0.0
0.0 0.0
0.0 0.0
0.0 0.0
0.0 0.0
0.0 0.0
0.0 0.0
0.0 0.0
0.0 0.0
0.0 0.0
0.0 0.0
332.42454182369851610285694537799539725954108566641 -870.10562435094588696594805641605026847402723992198
-1672.9543303946522706260019144370590639325492863364 3078.7855509806814743093036364017230224629802789519
2260.1531175602332454947448628198390525730818196613 0.0
-1084.7327445973473443112935572078131093975337446382 -3159.5486270253670977548623251911815505186029727215
222.17315027532386326986234693468631097493836657010 1528.4786054497159703714428098379087779212714552165
-83.176334770908154669356525905211779772785603380370 -981.33563878155104935421994787127481502899916155141
40.637721712984231630524390933612623560904909813409 708.28944698054512941388707295441092526094751158849
-23.343605273551222818095396138243980925097324794014 -545.66860846091607444487457416002135282136597857821
15.052660207587877680805887806763369243333572136956 438.39403961202905751729609691860417857896493252245
-10.617052789613730614039016522405348307715568544307 -362.68561637850099121851692358822425871434892148359
8.0455921978681848940388298995897352076443992352251 306.59176552667998865891293661702980516550481782472
-6.4561477864706326780369708019333363823775999079539 -263.44985855578388259986084256841584358425228660770
5.4170792910443170223890769526989371657058231225088 229.25191381221489181916401507672008158478154512376
-4.7003594990088943610043833751135816801933167479539 -201.43951156239803432528190200221913365049414609448
4.1778691964802417929594372490260444659606696011187 178.29745264460053378989403138719092361555139025218
-3.7737884385452491883713359218203647691209612379377 -158.62470206162280081807036570050392866147810987550
3.4410981221025100362161606789386339693568313543901 141.54379233837753752660900914215084688494663262669
-3.1492257766278224288961970300302729832055994810400 -126.38302236118501730327409285147861636928521149505
2.8771241246860158627476974629498243585231285529626 112.59738768680289179738607857742246915644189895331
-2.6090459220255539033894077505282389651368866251081 -99.707838996355199594147161492980685656211463540961
2.3315083238887595461675806323032815321976594948452 87.242058438037867647480195690104504618615996529865
-2.0302414783375679059145348559987746960971356404037 -74.652025250229683002445807818044335050886460738364
1.6850146992393479916877993318762024482930874250490 61.142049345818568652261595349785010149780163110731
-1.2539153588263011610308681152865905521123591244798 -45.109027615466201625476746711195470068084373624828
0.50476939734036051799716461975473237186889985014331 18.091738371654989530373516657199674752970524491258
0.0 0.0
0.0 0.0
0.0 0.0
0.0 0.0
0.0 0.0
0.0 0.0
0.0 0.0
0.0 0.0
0.0 0.0
0.0 0.0
0.0 0.0
0.0 0.0
0.0 0.0
0.0 0.0
0.0 0.0
0.0 0.0
0.0 0.0
0.0 0.0
0.0 0.0
0.0 0.0
0.0 0.0
0.0 0.0
0.0 0.0
-63.485770713221126230235877499337716889294996922885 349.56048867244232635567464489113471153615511368623
213.44142100685283074009071191278146141377720612943 -1011.4015148994006509520576287941668371925404586571
-762.50354779897389294006873604619177553913971675044 2220.9775168578522379453088815200040093325354350909
1081.7041519933073777632850928780042416213783464628 0.0
-557.95906297434796119751762452443355729473254345090 -2238.4478133095417695019910748634638702012476379514
121.15976624265100986051369933083669073548533350721 1097.4501684223598954669618017335611566231401696580
-47.813364864092649540991973139480627243769873473955 -714.02265876477228872107453152036733027472309402677
24.535216952484315725304213670264596136750350956633 521.53083282199959407332297594311693231770570183499
-14.765533454007238082334688157899296582497660823766 -405.96637896911660552835230681331318035209988293112
9.9481356323723724773382752632670500780987809377141 329.05663704769384072194174278130113156587226015595
-7.3034901669129194742307664650241802431085053672839 -274.28044121308258544821457264250729426161530190483
5.7313449959233425414939973691858828216515175268178 233.31944181238374994226799669368894244408821389522
-4.7336787070799201751267344430698868364906687299236 -201.52023609280091137466775267536987015154255312409
4.0618764279287919089226760118678288759219113343863 176.06933271447373876348788217049769733725385905852
-3.5820975940203866217039945993642002892900466211905 -155.15841162978345177092646106536651091005209748118
3.2177407459192492817276535808850659027731910922732 137.56359697010011469993196701861442499693828646304
-2.9225762448706840740643759792956142626665674256449 -122.41597897094382832452895094402252837060667142701
2.6672384425666109787718565187998744662560507851897 109.06703009404810451533273731064420386142773031919
-2.4319456021001440117398187870229509183364861926723 -97.002802569648774449887221424857824808357989431899
2.2022253342726363638643847903661306707875096966444 85.781739222963805011318955586577377210639919223937
-1.9659875943443532403227160693822087743133271503816 -74.977979427696878212056460745900485371963584248997
1.7107551385309777474482960307405022038857430667317 64.107063869304487739849472959523622357921338271227
-1.4191944183679281101889559547728602798347580931060 -52.476129279242775761385170632652517146430938935161
1.0558115466494256538681757060076362741115766202402 38.702138788115466017274902929175185552747264866119
-0.42497373350534272796466349191019502929956860981334 -15.519896404231994772071215698490807176629129477543
0.0 0.0
0.0 0.0
0.0 0.0
0.0 0.0
0.0 0.0
0.0 0.0
0.0 0.0
0.0 0.0
0.0 0.0
0.0 0.0
0.0 0.0
0.0 0.0
0.0 0.0
0.0 0.0
0.0 0.0
0.0 0.0
0.0 0.0
0.0 0.0
0.0 0.0
0.0 0.0
0.0 0.0
0.0 0.0
0.0 0.0
19.358016144063971968032871016859674398203006523729 -181.98121820272621713245538509315794018398837872112
-56.895351862574519060572748273427749972992547624686 492.58942495653263138971066547170724160155871216570
121.96178140499260728649133857382200010657747331284 -839.05716477915419204386734764597403660504546520847
-435.72793497851525832467992421546031312789543979475 1748.0749179897833537379570509241275778676438760957
636.40357013521175368235035249371131466388831496380 0.0
-340.76306571666471734833607280469771287545221181323 -1753.9976601302654352947370398306562710573858342777
76.706457845004583602989075341459500334541696364436 865.56909233993669136434944182394235657580777969427
-31.395342372446353613399469139321750513158341126035 -567.18960012779954658412790737816061409850037972081
16.718513480390643347315052390962641213572256721483 417.12766556726648684922494882083273975594816721558
-10.439414943082833709329228384543102425325912482393 -326.72468402339939366611979197624082649766339130397
7.2854108234880979721543748410176455980582548117626 266.28351993436435921282204000972824729873141444361
-5.5210439380808405526529363623852982446666660748196 -223.00280765880249159983989937877282645936435494322
4.4503835278130786634521259390860243953882188825281 190.43923592597494528337899526163128324716827196958
-3.7543865427333084938565388043183014246576369153499 -164.98485815781520960795980161013902937242753385561
3.2717692928712663471551874467652771950138954025992 144.45254917675562043517760500767032795520122062552
-2.9145813203061158896084348377673828428283489421110 -127.42946009549384170594074929618169675247798548547
2.6317602921049846600637965066736376557789934813562 112.95070562919662470837194549880688862572778115815
-2.3919152713926051840094331871665139153160850913074 -100.32022111931941510231616227136110319297261726983
2.1745246495030500302619842577771084457449887245161 89.003531016827240000473197587350241118540344644394
-1.9650259849331122601885090262342416643035269565005 -78.555328391289554952262469539565918102439388756498
1.7516560438590477438281430558264125166410962358618 68.558858309253051995183456982363563636584318030304
-1.5226947743411960743389700108595629821607969284488 -58.552878132042780754901996843570626919515493691004
1.2623300392501790669174015099832668303906156048069 47.891740207041118673574288213001630441407922575730
-0.93873500435686448783286297076406480223132372626884 -35.303770457103371305090437282718660621563262953872
0.37778732322044236497185025559259763029963258580992 14.154217575907642323527974242274147926047025306569
0.0 0.0
0.0 0.0
0.0 0.0
0.0 0.0
0.0 0.0
0.0 0.0
0.0 0.0
0.0 0.0
0.0 0.0
0.0 0.0
0.0 0.0
0.0 0.0
0.0 0.0
0.0 0.0
0.0 0.0
0.0 0.0
0.0 0.0
0.0 0.0
0.0 0.0
0.0 0.0
0.0 0.0
0.0 0.0
0.0 0.0
-7.7660353866394926438518530475592653315970862393711 110.03386501411015625559080631261183778862496480211
21.437435614270902132443139868235762058411299804392 -288.84512514747774006947678163464624306047881344353
-37.968782364080182341140795269321128682485223634652 447.96539060824853245763670707803180142860131367492
78.680334793628585698336674062847877170359020857907 -712.67673542604584699974035612099931077565200843327
-283.36566193636003257978182997109090508288206667471 1458.5580363656555163748328590764542597014964996906
421.49357873036464884988126233499126588889298239332 0.0
-230.89802131533516573753482806413543425339334340553 -1461.1190974332521095145189537197183940415426661608
53.333695908710917013566900383104681890113338000509 723.66688098223130860166155508123436884134978673384
-22.462715599066147453842544592241884921531129748739 -476.20727365830301760158237812497178539872769654386
12.333119031989588489567248838399167781053335561907 351.69239486584615223216734150813442221160303766354
-7.9424190702068622532518260402070797688728056168907 -276.55000265603792240854723872489891809004645259220
5.7061345582290691265438528008345856933319567878382 226.17139248226257889579457361652586593580840407120
-4.4352088240383443677749219208415563131053258610251 -189.96064145649354763791436949148576925428657747021
3.6489923984088014513008746540116146611970821419945 162.58700399943127403135658921067450468469486592569
-3.1253122476154122984333219129226523292507429416778 -141.06357374008872889942172366474129486030761617437
2.7508639309398829235095073875093067395149380320379 123.57512256306306921019283142109124327184248008638
-2.4632272865274156695547172964811560396064961902452 -108.94220974923713941356699069425597748312486520211
2.2256576718877862482031099762307585893659950103247 96.349781911077117667897810786026260954929395825508
-2.0150473341675937175951295738175801421822639157801 -85.196212004188859754051670701434286101085434957778
1.8156212038778396093199883760043825930935165205269 74.999113917180402210882356570142673678128219589998
-1.6151675558774424647676936991134243554614733479867 -65.323905736077621063323363838002458629397538964939
1.4020639915028205207280129619000261552448945786037 55.706497984912356668014116373568720037545985011816
-1.1612398469834038256649789633758117162094094623712 -45.515625210703255574011686859521744357737005374358
0.86308127918123369365488805154655120769718276462120 33.530344430621169107094669923366128646113208020225
-0.34726252843176636743192857334569612534200813922285 -13.439539350198736596831926637981649480025139731494
0.0 0.0
0.0 0.0
0.0 0.0
0.0 0.0
0.0 0.0
0.0 0.0
0.0 0.0
0.0 0.0
0.0 0.0
0.0 0.0
0.0 0.0
0.0 0.0
0.0 0.0
0.0 0.0
0.0 0.0
0.0 0.0
0.0 0.0
0.0 0.0
0.0 0.0
0.0 0.0
0.0 0.0
0.0 0.0
0.0 0.0
3.7576323715480573684533985828208442622934409121994 -73.445557599563484808442674703031919020570892525789
-10.016198872613396895166304635843390348410773675246 189.60259815506741551299426342737537793196359015158
16.103778170968497724632916414290241346767423354118 -280.67853349584449501536402183449287670946034826917
-26.954334735240298687729806633145560598847408589240 402.52355816407907896804224671609092883525083703112
55.373014851355292553980628734838063451811628868157 -624.83878869573906332217914010094746909006982335074
-200.44339406341200841244293886269920801777119591424 1268.4026885636159946413125241837167206316095315108
301.79280972226871450696009932811302213589125285910 0.0
-167.90027778665155793982141228783414601433212054617 -1269.6914674192674312741514402912829021560617748309
39.587444870699931021018244829452766380391059036978 630.23926856669106667997504855447581384497668621324
-17.083133111837753554954465863029260625465012460839 -415.81964755955451205780446279893716592927990971707
9.6312776202034388076679446187709620805114010091791 307.91405792384534951715977038370657401977419969294
-6.3686642551426722899843260622695263232967536635844 -242.72347730067081551518289510473085817886351620447
4.6871002533544385685104072221331543089644865203626 198.92615670989269443944610619364062946058312031536
-3.7169804513146510590632281598740530802033083475704 -167.34752184146917957334487450747328740816518017689
3.1048895420108863487052890703690091890645574823438 143.37218632423378134271215950402976805858893254033
-2.6864971510584501891338890021210156641863365237031 -124.41094872798693969164477938779868456582166879398
2.3773990861688707169223474326388966398469289467882 108.88442851867431724923554672575244658340243970888
-2.1306264020029827301290924482303531090928992403196 -95.757543982652110124379848884135252967776380419313
1.9180465801046233977655085941996491965909624312017 84.301838813296487759329005404408897500489779917888
-1.7213402603565613509941682587655380177802995617599 -73.959493095248405108464207678364804113742461696709
1.5270374430992910080661865682830516385188287557581 64.250627265693700523155391533922314488300424293896
-1.3230268683016590580730527092407390034912601515364 -54.685090118841461421145822193469828684982580441604
1.0943976692942651773999717739884973314860752957116 44.620369675055509318750065986642452419726723100032
-0.81279619152602022092018894005824609964851833716102 -32.843267940071424389185858445130000716564771327420
0.32693098312047449200417630518934572957611010234547 13.159532230344122248617048347084577953537866756901
0.0 0.0
0.0 0.0
0.0 0.0
0.0 0.0
0.0 0.0
0.0 0.0
0.0 0.0
0.0 0.0
0.0 0.0
0.0 0.0
0.0 0.0
0.0 0.0
0.0 0.0
0.0 0.0
0.0 0.0
0.0 0.0
0.0 0.0
0.0 0.0
0.0 0.0
0.0 0.0
0.0 0.0
0.0 0.0
0.0 0.0
-2.0946678763079814763134785317558779057324098123443 52.637934432969795493523531484705008680025661368369
5.4630615700630949783131522682429000744432446214194 -134.51761374041581067697152347768360518791813339032
-8.2934256353569204282515700082425686821299119365241 193.86302898750346838239216390340447401863859301011
12.400431796814768618254421532516538421478801792312 -263.58876446333495404904557778932355248968468991881
-20.318847055133955788757721877703078518829003663550 367.08116126084263644041296956669303625043298774941
41.508860699304640240664661839724407434028014710208 -563.21969148373888978514838580887580372187666589519
-150.52859601258878173295469847965490952101242475283 1138.3237507364075794411266690394363989368940279962
228.56814356446774624926503565992023461746918179127 0.0
-128.60817451983147798320239078493635600322599666068 -1139.0396911515766159057857591710032985306580707784
30.861412226943961025041948409501074346016519554533 566.17170599909002587909183771994312119807154866339
-13.608244175710823313413625644503515472774999301196 -374.17536242502708131305172291861512674305172540702
7.8543657279645890468919162121225537354265809787973 277.54120495303275933850639074093231918501863647749
-5.3132395015988123203987800832670854280865590083307 -219.10444030309753335369725200639189742106528777286
3.9885748887351277124400077002963086495712258648366 179.76897876682579435321322576253522002757675791817
-3.2123948406139871437526322787343952429488556080907 -151.31959259507330627945062073708128895189846019638
2.7121434984095044220844196158834292104746536875200 129.62116980222629216597673616317382424439476575899
-2.3604680037884529734585316403166833932398781095492 -112.34850043399475730037590758225797619431341383469
2.0914907390105958475109310277856407559909897643620 98.074482093966418581021478562507889899283701626440
-1.8680822776553046478420403990387527405569231559450 -85.850529379814913624442656514033755869446039373496
1.6673955842387147726961304710960400151807864838523 74.988446248286916780636392567210509772502352449991
-1.4736153454967741889247942433473633402654457128199 -64.927487140774432760917366410614081798024362398581
1.2734590902865772841072340699454337673247318369252 55.124938315764026985669795618568803832786111027675
-1.0516195297380294716431609731463023087799219021022 -44.901780768880564391971915854179771426461871191354
0.78025043486243286590459139580076737096933364668540 33.015349617909788886705753315072478434056057663523
-0.31371334586952779699466183883337218371933530764303 -13.222622701643570550665216178497034846435984566224
0.0 0.0
0.0 0.0
0.0 0.0
0.0 0.0
0.0 0.0
0.0 0.0
0.0 0.0
0.0 0.0
0.0 0.0
0.0 0.0
0.0 0.0
0.0 0.0
0.0 0.0
0.0 0.0
0.0 0.0
0.0 0.0
0.0 0.0
0.0 0.0
0.0 0.0
0.0 0.0
0.0 0.0
0.0 0.0
0.0 0.0
1.3089282793018859321687202806486279432795870715573 -39.833042342743859410282060289166920182670513943822
-3.3642765962229379567468644445077132115789593205776 101.12474960864263135708971178204592661839140507240
4.9199044742806506386697325446142189333113203609965 -143.28741679148135953345018567399930506683085431236
-6.8655199877490669152021050299216970153697907602858 188.76190947304843781475770063332962371889348588885
9.9542578431391412712094919317484592339301830232044 -248.35918225824604127064056861309632441769035569564
-16.083433954917906803696007736743370851332551336017 340.96715514900822987610625831035640571814699030172
32.651448795414994441205224309913355673776482891085 -519.81695897973412661245784519487001647087266971610
-118.31667661914198740811514778277483836727265377792 1047.8913280397057627841998278251161195035359935599
180.76860444289742918139113692911428775161573153144 0.0
-102.61342362292203253959321801039771089252783196421 -1048.3137713542186867281026174042178660796945118024
25.015162549933222844774871907011884824120711847950 521.53597195477643743724193033881288912411834039040
-11.248896577732437679246335941913735482697770032503 -345.03599620472327286310533504303194075994816585057
6.6295084691296399528020784015659289056658156026129 256.17701293012557882827410316768282169145784310035
-4.5724313936812563235847775557718036129597256175051 -202.38435196543036282607714975507135709851032967526
3.4873890311103488191945489243283482504350158596410 166.09785841053496345678603894371296323729257531542
-2.8407950803652996755434567779045567272923905151784 -139.76107725709349960230766162242284039207671351885
2.4142006770813665195620602299715454254564687267791 119.56501965928895058733472711279223874055781678645
-2.1050355869538688151161391094097304639568081047612 -103.35876011774319234985446001466194299578253145652
1.8597630088673288829676257906886371558951228905659 89.808153213022320056313067580485323813918143274068
-1.6476013458684215692211481469082681647146776547593 -78.004527436963990755487062332810331180710841169910
1.4486748521715730797490732688530823336177479787007 67.252599149161250814005766963662822455683504192561
-1.2475659003502892914281357014863657256638840342420 -56.921029975578347590272769391530423532052077877125
1.0279088336445482285739939524262385150368108757805 46.264264935174975385851809303514493710864810190685
-0.76164816718377592444928671442369735747555787733448 -33.971890019449404078253086838064990112131237128340
0.30606924716720345860694653691016462522981980732708 13.598168566028470010543129200684904069751533098319
0.0 0.0
0.0 0.0
0.0 0.0
0.0 0.0
0.0 0.0
0.0 0.0
0.0 0.0
0.0 0.0
0.0 0.0
0.0 0.0
0.0 0.0
0.0 0.0
0.0 0.0
0.0 0.0
0.0 0.0
0.0 0.0
0.0 0.0
0.0 0.0
0.0 0.0
0.0 0.0
0.0 0.0
0.0 0.0
0.0 0.0
-0.89980014035995148124384683057103046659924976811265 31.483584630997039276761848871042234679811144699739
2.2892052686694810759884725233032774435375083588533 -79.566086916074141586565958827963113824746299390270
-3.2627877393338834420502153375795596609963632054714 111.45900899260561577080328911881651179947984665615
4.3491804214092355619636649858373991616166006680791 -143.85878281811366458713742349692917785040200958836
-5.8442504509524056793160786728543198024161210755784 182.90880210736759360290000846435638245553066499923
8.3029204530186030495768567213284579441775656866108 -236.76686902385795933217085287937243333638944850735
-13.248110514029728888958353089486056989788094270422 322.47156354220125644192989054577241123497591436380
26.695288375709263292677329231416976354925832714465 -489.74158572748049224600131367820167221873780260806
-96.481847348553888958257275373050828417603689289801 985.67268969467392884922991209901876036180420664107
148.10623881280165400091343560080397775085554868360 0.0
-84.687200161886697902574740695435002605153462196556 -985.92742140337289720194124567367565462497442527077
20.947108242565325134801730565359458377286217222281 490.76441390588422061830658983315919682259623728366
-9.5898252612081083344161193957700198788204727380624 -324.86750264896390565415944482280417023993023760523
5.7564530487741415664942217420457305838988516139650 241.30459788365569101431038892068311059977071692775
-4.0347265293825260191968494890698289350580554655309 -190.64812763825548434219445456227231515446135210362
3.1148468022065934391542164264084569685599226796108 156.38709734612202352621380845823235944548578373852
-2.5563034698761417614592133621457725292740925697349 -131.41062812772801887926303888341292589677391964015
2.1781548060105230335481261324646909343356671459548 112.12441731209230467666960790286614770850818360787
-1.8949233482472709051965708087562517352990853639331 -96.483454227811168797078738791416307474646329240051
1.6613651495105625363964598375687986822014033451975 83.195326725154022791502862660888321751839199210444
-1.4505120415090064830985642485107429917956643217760 -71.340183122571601384920207952738941300510568205236
1.2432526077576251733916960055426521385546798568237 60.142629882608240071362499029421805731103495139868
-1.0212260962333471310440399382729890426484331294289 -48.749471305775483335410068316916691678285433350534
0.75534849121808952292373531681358634735769105726150 35.737116091170660099350097811260500582749488727103
-0.30331868223781657613814656733218628232527362921054 -14.294828570506756681661751477284181143824171082476
0.0 0.0
0.0 0.0
0.0 0.0
0.0 0.0
0.0 0.0
0.0 0.0
0.0 0.0
0.0 0.0
0.0 0.0
0.0 0.0
0.0 0.0
0.0 0.0
0.0 0.0
0.0 0.0
0.0 0.0
0.0 0.0
0.0 0.0
0.0 0.0
0.0 0.0
0.0 0.0
0.0 0.0
0.0 0.0
0.0 0.0
0.67041371716702918770937207285246106995916221475513 -25.800097202582636478315057491824679793333463605826
-1.6932266658204755851295629684318519248151195548580 64.991280421364473376320446343904625704350635797319
2.3699299844986790962043566758465392473204780800683 -90.310445800943345626766800300893571718899975186016
-3.0604749575928838730363468340089533029718851612226 114.93524363092019553702772141281408504087643683110
3.9093032476912790821982935658925120827075986528067 -142.88597506813977632795168206213663119533978540883
-5.1251125497009433461876318470155777003612424610690 178.45317361167319334266826017871477552224211816600
7.1591749205353067651956452992599041461151292135064 -228.88039241486283939097080815049049586897215272061
-11.282713730535948379828748443403058877036015103524 310.23205086196196585334410951463318240701467584031
22.544334347870373897385097884978285266968742155130 -470.02218365442575187570224424462171810583550651862
-81.172781836104856422326133973604019677255980427004 945.01260321305269451266338476859580156794832594852
125.08777481200484329517037956926806317357011360077 0.0
-71.981953347394531440775783027520159752388011339087 -945.16059402045173462400016326915614090343081367682
18.046697049296778358699924322717927461776856127305 470.60583277392996435515153859846267997058956143708
-8.3970262545985262298428784283341333003129800931888 -311.58800562547572027537210588618034443049636153515
5.1205429491838576039862959381177821990699183678231 231.42470062508074174913979726470400761455074457438
-3.6352252174928401464853832448688431098266275982128 -182.73770605255951722242111480138700032385662113207
2.8302186416191725786743098780274925916114388002334 149.69383303990379447261410820679823850904415605309
-2.3310620116052474241464870802882532369330299796825 -125.46282158179584644278699601287827551908361146235
1.9833271967164867274962909129107172317812617844276 106.57486073595800103778180815949773055633800702655
-1.7133802592327507961244788455810209861311856550971 -91.028710025393878810568384497518460538706093669311
1.4812439303206622861704015860602071547118633640912 77.514903633763148986902898006628166672329638406962
-1.2613157530663456791886847120453700482620251686734 -65.020430572340623299136161652972582577580670967102
1.0317281988680918337404885653980657399521308707745 52.521830466518495414703517118912268730186270245668
-0.76126484310218242161021958777683631598537156399087 -38.421898716572611514650344662981842153440585735251
0.30539496089150983652991244385012218025749356880227 15.355380982666978501354046858393402399905269323972
0.0 0.0
0.0 0.0
0.0 0.0
0.0 0.0
0.0 0.0
0.0 0.0
0.0 0.0
0.0 0.0
0.0 0.0
0.0 0.0
0.0 0.0
0.0 0.0
0.0 0.0
0.0 0.0
0.0 0.0
0.0 0.0
0.0 0.0
0.0 0.0
0.0 0.0
0.0 0.0
0.0 0.0
0.0 0.0
0.0 0.0
-0.53444829354845717572238356121522479416977714016281 21.808056954417044591496858304345177290146550453161
1.3427819306054948324393949761532770154993566972932 -54.803624562720310696695602439644502958931542737909
-1.8552599094628184131751614657166503945768538397945 75.705819770180566037381724346080625976846814546287
2.3429808004279816478223150443821856464688648777254 -95.381271398219011239057597910484522602452744247229
-2.8901495388221026550612992351047745942696804566690 116.73724551722359061402529578066850977184586417932
3.5920834260044006843052997805631058948238875998930 -142.37773436314001732991526462748845826892073770283
-4.6182902445809188768144750891658909448396565374074 176.01296322745686320195476893234340404441778708879
6.3529639750500615116456996667221771409725952678286 -224.48779923513031328356624054257567324497666962005
-9.8900345397111528845832202991653042098687618805457 303.35579106161873782050674643519527185054451438623
19.587117506292328540244040165015170020386370437742 -458.90154057388913565710367640571529987318072761122
-70.222684009200047681248950147425962565562777444749 922.06046995595172735545801280598574939202138453693
108.58842258404651928396416310248180926678255841100 0.0
-62.855894863230209019097503741367206053877835093307 -922.13156102445506394960164875008785257142362544879
15.957703948306844001999223051508938066915586279148 459.17082210288756146141902665002985166208648675092
-7.5323996756518050721368946032935429670540185171950 -303.97481285882104305528769378421882160598866143057
4.6532872530257998364731517598943106705853225186871 225.64103850134230081028288708447535704002305606017
-3.3345650529318514942045611092109466630279787565975 -177.94003634988692870065087188090929951465468449531
2.6082335527301612427274610952751764677013698943210 145.40907327153384034033925610276447706650908172531
-2.1471191225426071264563406736159441121482953291491 -121.35733189054432119052793261886054173603351454300
1.8154987600653665366301381206523338266391117875171 102.35432601128640029687581992965597393777003834516
-1.5475661456583420622804528920414756951094955026996 -86.369609729992499076668758534718085201982100197108
1.3056972893599899546580150986586102463621375197104 71.980540378648283318205861100175475556985056816311
-1.0618022271867174567740029814642585683660469503433 -57.889026086911315362466028733768623211173038617043
0.78082339862680172556258616810892902169346697677203 42.235895793946522705743590471752563443858628259413
-0.31281788621009562701295771513732135318792194301470 -16.861130127789288431823712259108458061266824559948
0.0 0.0
0.0 0.0
0.0 0.0
0.0 0.0
0.0 0.0
0.0 0.0
0.0 0.0
0.0 0.0
0.0 0.0
0.0 0.0
0.0 0.0
0.0 0.0
0.0 0.0
0.0 0.0
0.0 0.0
0.0 0.0
0.0 0.0
0.0 0.0
0.0 0.0
0.0 0.0
0.0 0.0
0.0 0.0
0.0 0.0
0.45068176057827363953019379810226192440002411201065 -18.944489631538279022243121845523211869996107476284
-1.1280854006063404741257848758453748749157427950027 47.521134378007943239323030707145614216112450510810
1.5443041031190368884596527754480176620836627302879 -65.355268425440315851121313329110075946935399057917
-1.9197615616794995095403268492287842250604894272296 81.727304933669056375065265665944918546886299454518
2.3111752935656661197866304627242643747269678246206 -98.898994715163485207099848010913148041530506430380
-2.7698408410585821113507076054515957398698618858816 118.63268760833727835917313778207153059741590527697
3.3718903862612693980444618932479505525973546143467 -143.10707241773759832557988335682841002186952736348
-4.2634483077228973332438967646712184049706669590400 175.81373001230616526711481786914935554713416139400
5.7823656402471049827517695370481923077645455087735 -223.44177766512021371892503076492462708877567407522
-8.8959735249154445127478824820176686062033880321906 301.36239440785206997999196989462122138537460590791
17.465774993275006448768464313770848221635205439865 -455.45706027533457675442053520480990421427000226311
-62.356588881241132652080696666239364796451640518537 914.80645960632573773673268652491252573786210174225
96.758876196621710022979309063710203024484787888375 0.0
-56.330928702248898033378392488015710423025653597086 -914.81303706235689371473700420322160558576090190474
14.466876002278196035812817223699549377473669053666 455.46355599867333304552126710374289131741857192497
-6.9128683833717951962181482334525162087146370421530 -301.36875310919085674357204192011519810498139684709
4.3131571939061905637233063545180597491441043486394 223.44794271429130062306636957967755552942750269322
-3.1084635537688360611832497524277182754459110450550 -175.81964258267846488865992616196276305401908989092
2.4326930027523899396414951034740817910147263263066 143.11267019595273129497699294834852276434623190575
-1.9920401420553744639152468304349224135797873012708 -118.63790270343516836787087515369531214194090519820
1.6633644440240742810226440682535775497104098387003 98.903749996449252993403167632045146486741366036167
-1.3848685693414001632186745599969706430593921063267 -81.731506930960994640692229960918734285393593669245
1.1168413765176330007750118435099338960946281215617 65.358791283837749312182478852881507097528837420860
-0.81740378327681671612967144680926504877157756465087 -47.523772095207760440314746349521148546754294307704
0.32685084174653395561401368411458248284249388559234 18.945554166518905410033069292362948794794693258380
0.0 0.0
0.0 0.0
0.0 0.0
0.0 0.0
0.0 0.0
0.0 0.0
0.0 0.0
0.0 0.0
0.0 0.0
0.0 0.0
0.0 0.0
0.0 0.0
0.0 0.0
0.0 0.0
0.0 0.0
0.0 0.0
0.0 0.0
0.0 0.0
0.0 0.0
0.0 0.0
0.0 0.0
0.0 0.0
0.0 0.0
-0.39805624674867439783168148254924482594401204987511 16.869361766830275713760604486444441092320389779118
0.99369913857971302717202796223525490181805381988237 -42.256544438825244440746957584268190221923757489210
-1.3514364391519792178650295258772875686027763668465 57.917420203242630054794317189149213342075970505215
1.6613920877478900405442094444963893006716006412402 -72.016025464378190097337428032614111340375572473748
-1.9663976554090865566399337579151171242437511040945 86.412476330510331546355141335337058427583614703220
2.2983206389023648679415563864417815159295879582803 -102.40554819246589755145844775939034644976708380138
-2.6968475610610812149327916456696149879145960041367 121.41865205886649633034699471505422283989752373583
3.2278717879880105300058004708809810605830472835837 -145.48334457896327176298444951614929905616352316435
-4.0222432803275328488224582219857497276066865023883 178.03199865641136972579573831627733085283161056644
5.3856071530445541605091387813383898379121810488331 -225.75911892506525263445944908350768904516781793335
-8.1962002505617528825359959508141658510299619203530 304.13596579872353609108477785737267938027382857408
15.966276873169490987785827889112559359967607054139 -459.41750151051158669668912174426034731909169346923
-56.812490472927556910087335162161971499104652507202 922.63358957439248081976829086257955739725699519838
88.497495250764020692094594744611677989786899579766 0.0
-51.827397223067195505645889559628523445073038052148 -922.57561738038672355847788086417195891999026533260
13.448922600161123975612848808245780837355711009727 459.16106461738664107445503062906388068750769088880
-6.4900281593521669376439478976341062888997114721346 -303.52931911633487359760294858215829391146025117191
4.0759323301345504000597131783049471720623469006933 224.61756887310097283609836568147507662430233739866
-2.9423270813701430413305049619350583572532715147187 -176.11567720365579488064358565005751030770887641117
2.2929281532395568139020086439046255294724648424617 142.46151024805899710727061474694650354335315871860
-1.8559811379173643510032471104080209503560016755045 -116.80641586442460549081470886658506161156294883515
1.5151682194755176540300554128141600256177606238949 95.438105731066088409358834537395822367531660485038
-1.2071735875177668530875907059199216303994998903597 -75.751118681444012954916716373137364107144148408621
0.87747611787360478305708878276751132457700282091235 54.836504450711175316973765046493834766221781291563
-0.34991499530617627256052780595513263068818396047952 -21.821155850090277411514440504824868465460158576140
0.0 0.0
0.0 0.0
0.0 0.0
0.0 0.0
0.0 0.0
0.0 0.0
0.0 0.0
0.0 0.0
0.0 0.0
0.0 0.0
0.0 0.0
0.0 0.0
0.0 0.0
0.0 0.0
0.0 0.0
0.0 0.0
0.0 0.0
0.0 0.0
0.0 0.0
0.0 0.0
0.0 0.0
0.0 0.0
0.0 0.0
0.36525181354669247508289584191482327963263200753008 -15.371104027418070185662325364637505542122369475198
-0.91007317045061765528394258660758746005027319936538 38.461266963679165310133638005395861701741290647609
1.2319554791919889892630005297711799326030018177206 -52.575730206331895927971190290110451411434219332885
-1.5026521958862075695818864907576437286141911966827 65.087318763985434703794647071475839013764076582943
1.7574810895734040022999093961963497291928493125723 -77.594903794706305576081184850977763009667319570358
-2.0188622982780489915875858567058969053539038939442 91.123032875041984653290080847801422894852522754386
2.3104038613971877127201795847701327562589617887417 -106.68580908225603412305558597781438527110215892609
-2.6662635196247848305636672253891996062199215675152 125.59412200513169341351526041597495304705662291438
3.1462784788984857458683813774969098520556125400716 -149.85139674589349750872961564907706268717233381970
-3.8714123731098997656781588485549025238619668257576 182.93123830673426451591809852996464288074874076505
5.1260010192322042845999024750798133262056542247556 -231.67137997909937682579214655044463170274763818682
-7.7293368395299480561962301334831841457994268749729 311.92233823088983833443375124427558945170034704151
14.963986268450418317887788008021327786214817762637 -471.11417811768452689164967398651700012405697856332
-53.153886482167934767918358092013371030663268170204 946.18835336047249749497324802756076964867173068682
83.190252523905592162791848508228367380644867851445 0.0
-49.034370967924591890965197521212436774904619714820 -946.05336082570553177290553186839047757067936853651
12.840050883573631542763130000990662096415443271876 470.54288108687169480783202830698690628828231401921
-6.2405515604834324081874333023834454338964099190101 -310.57760579860185221861765804911655429472384411165
3.9301585045087008529490950647311773756440677231584 229.13659008741597490985168877553617620189861856341
-2.8284997585458127580331888420224714494128937447569 -178.65379085096095294708635743787947182400871204010
2.1814128006281525123285401399635189408651308404846 143.04719726618481552478329373618717906143235428540
-1.7284620348268112266639519456494363713465186682517 -115.06531169930101036546081029502482432788795074145
1.3523511815663886046543280516962927943776942345600 90.412871841581371339952455357156950735780023442153
-0.97309224346066804648539990546621055218317382206999 -65.065094897832210935721867377358645545801664412366
0.38649221184344060254293648901550623769462223648552 25.829417634523833725704081227141438515021740626115
0.0 0.0
0.0 0.0
0.0 0.0
0.0 0.0
0.0 0.0
0.0 0.0
0.0 0.0
0.0 0.0
0.0 0.0
0.0 0.0
0.0 0.0
0.0 0.0
0.0 0.0
0.0 0.0
0.0 0.0
0.0 0.0
0.0 0.0
0.0 0.0
0.0 0.0
0.0 0.0
0.0 0.0
0.0 0.0
0.0 0.0
-0.34599238358550285780165727084311454649334852125435 14.316874305374753758367485984538192541258623079656
0.86091950969724778022861359100596844533697266910265 -35.792255054149187147030683396302285572770334737287
-1.1615740336141463555819716298090027270623276937243 48.824765353192205171034663743137887429107977052438
1.4089684778483990076039916139896570388776168007431 -60.235670656848084668320834383437312899427741522713
-1.6342305938145830160633665024294849587212778193792 71.450784642872270585570048166594195232666363538537
1.8548618266479395405983813132925832355349891708057 -83.324651207757395718851632392941721784748279072426
-2.0866869604319403579382714573954693530045122179968 96.633902754512459163639406461247979481643670762816
2.3497193086275131255923494269679077225288891466426 -112.29987117930489076420555097340960419082771328280
-2.6752590398933287357019027482577007305122442230012 131.61705606346996005416245300995736198942124640922
3.1197600472501362077796201912582403502239312993782 -156.63377661470292247816058360116002762964615541625
-3.7985965376496776135591811223857415724840065281713 190.95015466140490758161829724317396087815927383064
4.9842281252301713120233492883492836017761082603899 -241.68858468241627675564293228251426999522332083165
-7.4638001254223342206608212383331229219626948159838 325.38680219420198712596182715631475115799804283909
14.397672492171888740221535860216056523780051317596 -491.55243331082193021206107385703544169325544833690
-51.183476285250855483448628113052166162787018968964 987.51750665016987406059811253175845777267056379951
80.598148355162030495871026498367821425513576222020 0.0
-47.858763588286466056736000693863690486667268624577 -987.27552347983314649186410077817933641903251026662
12.629132171073275474712483971470501564800705688125 490.54093214408654185821747767564338972021236640684
-6.1636076296282351137989397552768508965070431367172 -322.99966717524978830068806316666302858585809366382
3.8759692835280886465800396336603610932810311197295 237.15576495389600620916621231025298558894758810056
-2.7648948342140998280502167128485517596318409385076 -183.20998990978763799113577630543071876135666581978
2.0908362237596499272913591701598838062139613516054 144.09614888707804011820346592433429669125728070659
-1.5910308038862723313241463645312998693038294648526 -111.64319343624888630709090057666793953425942205811
1.1274352311498748995738906835731442811796418865291 79.697696502663979855441394712279346652962256160906
-0.44510968798319321073210421391317515613585361797530 -31.535682996796875210624675214593920995400250092766
0.0 0.0
0.0 0.0
0.0 0.0
0.0 0.0
0.0 0.0
0.0 0.0
0.0 0.0
0.0 0.0
0.0 0.0
0.0 0.0
0.0 0.0
0.0 0.0
0.0 0.0
0.0 0.0
0.0 0.0
0.0 0.0
0.0 0.0
0.0 0.0
0.0 0.0
0.0 0.0
0.0 0.0
0.0 0.0
0.0 0.0
0.33681676408252663376181850374869568041148999610248 -13.625833765510608217487831689025657757228341997849
-0.83728011313473200062185718277864117770354400190504 34.041028499407689510908715186493134815761977898481
1.1270302048223529435535877639080194176473476652399 -46.358494762417593287626750124422692947293821525450
-1.3617118925415216870916102480622031574017593809076 57.037107139431651431649505994635295014516189679552
1.5701915750816268030843416654882451355091871602887 -67.389969713630175129969370857286180854755118937255
-1.7673236731062943604119733997310251560909442032401 78.164182145680046766906338031324225640949198082455
1.9649077369269479882096452203921373834668509817400 -89.992402736212420173637785490246564140330747290950
-2.1760586322042265370464462964209343011150121705728 103.57137813019252436792116001763219596385009191258
2.4191815066693607322521996190967304598131047848008 -119.81169881618822797903939809619173274550171853010
-2.7243698377508672617506736752625089964144006055849 140.05033277540570095390384587016036578631288900733
3.1468858258008733055064158392702330048934420478980 -166.44275974861650708594723477916054252617874899118
-3.8005495269340975414691331950762527489668693227308 202.80603624079899329716813908024142359508255132737
4.9552566428363417777038919297472293418864861920121 -256.71262434567980457987337683295702270241538212383
-7.3929970130740829269995912118080921536265425097689 345.75987877246260538724134091489794422222087595543
14.261495488638242084874018843964646367833165686248 -522.63384597768515101731894134370109525920707549247
-50.924951967752948375416877614007319517940477553060 1050.5277370862552639463885191677806127513423113693
80.852857303820058649089162401936510141511288369369 0.0
-48.438463350469121916178115197170576965438062675844 -1050.1175590601148514153314195464349736395003562005
12.864738767499141882195556047854794517943690448219 520.92416094260056020733321084873681283367838880380
-6.2850641013918465932131908437831601119930793757635 -341.69506494395874459825358809448559006034116139146
3.9269199331511310522983944948007692597688594995727 248.89041491848453595005346832343726500849364678919
-2.7535155397668177285875098579920922744182331923184 -189.16629579394946454442528715526299286305451534171
2.0057265905178725697274602127560599362021310895368 143.59473999835629065128811013871858149789607093308
-1.3880626008026036301945439551634320742626660486018 -101.34180466386513176302431628084318713948782342243
0.54298353710520230334216891635575411989853663617949 39.918567724643411286087213247293506080603773070473
0.0 0.0
0.0 0.0
0.0 0.0
0.0 0.0
0.0 0.0
0.0 0.0
0.0 0.0
0.0 0.0
0.0 0.0
0.0 0.0
0.0 0.0
0.0 0.0
0.0 0.0
0.0 0.0
0.0 0.0
0.0 0.0
0.0 0.0
0.0 0.0
0.0 0.0
0.0 0.0
0.0 0.0
0.0 0.0
0.0 0.0
-0.33600476050549645531619990977066331981138549166586 13.255581454550879082514644818682302389185844039504
0.83468593084350519817723105502558158083360645396922 -33.097666495290614885112397039627700822542005314638
-1.1216588741525579407997870522082549438092141469495 45.013806131562561031875864062164207735531653662228
1.3514491912244491925819512678542249631166659530070 -55.262606918643673256038535647748890166417388331615
-1.5519245549688176291770265202925144973210293166267 65.089853464721054056464161554286697462091200573424
1.7365547274890688167700252202194123360551342030328 -75.176282221472534189991505513707591853263066127002
-1.9149872021646591340353212755394448120645447295613 86.065990295205937072430512325405687434381171467261
2.0967513010646077135345981312642307199136971237787 -98.321161120245278037504432797558697044821441648651
-2.2938923289264831127936281748194663644275576594064 112.63176187179559926586593032740566289737678681090
2.5244158421251808084433118303118048567486173348516 -129.94882391767577674358063591504687451116357412638
-2.8185992128899235009602178028331365742939043018965 151.70313290545094354632979033366665961425827214725
3.2327504424959339804976840590166627171929875135676 -180.22590249612767037511429272726804110671378400780
-3.8836058447528579715575503294372496246629819266230 219.66292341712516198233094136586483976254893907406
5.0491632781938430936565250214389917102310173021541 -278.25064022929917080108867431715478324069197112714
-7.5377165159377637832665533973115500417625188337197 375.13446143647873648897407571178762700384600803250
14.613732793210296647955876204553745320839890358927 -567.62681785099763265126126873124229696568318994601
-52.675523153077599246197981555686779537603545379541 1141.9745377861721086611825356500309460319152995529
84.579941916355898592300391152288844292780100939024 0.0
-51.240600834363193168967541030576044926811206488399 -1141.2699050378479140963239625907953632807903293657
13.685508500716653225974504658039555689516198944940 564.68012457036180645186661053165989680922437284203
-6.6719505550086165101295413734449641022130527783207 -368.03452263857041875976839647932257936144158964117
4.1149558902381854313183022749708466226013327741678 264.27422223248858246124342107676639580789081051938
-2.7926684438256478118274518090843503158791675615981 -194.36764988700359663511201318177271402085407266588
1.8618015456323025624205203376616525827018515818044 134.86797610258176607912512333209991061973641999826
-0.71792141732414063460240888530295876779510744533820 -52.775070539524795032975723902480708931634529113028
0.0 0.0
0.0 0.0
0.0 0.0
0.0 0.0
0.0 0.0
0.0 0.0
0.0 0.0
0.0 0.0
0.0 0.0
0.0 0.0
0.0 0.0
0.0 0.0
0.0 0.0
0.0 0.0
0.0 0.0
0.0 0.0
0.0 0.0
0.0 0.0
0.0 0.0
0.0 0.0
0.0 0.0
0.0 0.0
0.0 0.0
0.34311929317531626691058136471162102203860374435610 -13.197813488287967541847982243795274629759415437236
-0.85193851241981235800300425757093826276369112445456 32.938832051642667996013301988132899180807719019417
1.1434731634679390935721066372925039649994132158620 -44.750273369073137068581133751058518275708315352428
-1.3749981563421763757808291103999472784081193953229 54.844431790789230177443776228166918149419233745569
1.5743436138338336027304712130207084945322080514821 -64.438055782456172945073562840612261405784598295215
-1.7543883684896870864164129760875212560909170427996 74.175549549199339827580351887497897643443528023747
1.9236590507093471761332332386936873594820380222099 -84.548517698560045981176189206678004907736559897356
-2.0897645338822162603121383025060840865727444029917 96.038270722278310227272334244169884742506369616768
2.2614217808860119271306565759601497309141581280805 -109.20429797169119051901353202460508889817904072667
-2.4506098788630684923331643229180801199231558178061 124.77724035444887070860279112139244153010737709610
2.6759885163485524249800348409447978137844790767534 -143.79528699703386237282913638160470276236876523192
-2.9695607952773055387758006933653653900287815441069 167.84256225842700930380237639281806784264711203076
3.3914627470762482417571969302109803439634137517012 -199.51604623149612770325608776099191168310907764480
-4.0671835998704722063041180023992068482027706035977 243.44499241370417988257020019935196747691132830969
5.2970889901913466013985733480135951992887997689451 -308.83154132577853341570201960077579412773005238509
-7.9585329108587688075081048997473437854937224868863 417.06150616302339804273072132155948550249538530751
15.610968623378630979307972128710302968706963751606 -632.12560150691920475135909865963477088705660029104
-57.177424913886140765363256177206629453994775933106 1273.4993977279440781616159597935246729154836781590
93.259474470009441771958972653826015493681904946941 0.0
-57.331319532005383600642253977933532876740299881486 -1272.2198955870045767798855944627588783478881529970
15.399872530443670472475258534561424582902478089816 626.72179932790456546607186850558859253578337448992
-7.4672757903759194211727992513988435894356893122608 -403.73794633661060159189250235247225469988660571327
4.4936249465432941057554847833111828217161334077582 281.52602342214396166378599198043386525606476999690
-2.8194962219642519964992915579266633088877921281308 -190.17539526351761782075188953919757912272603128276
1.0626659056620177989579809618158200365184249529898 73.667490139604062766886702948967981886018775142255
0.0 0.0
0.0 0.0
0.0 0.0
0.0 0.0
0.0 0.0
0.0 0.0
0.0 0.0
0.0 0.0
0.0 0.0
0.0 0.0
0.0 0.0
0.0 0.0
0.0 0.0
0.0 0.0
0.0 0.0
0.0 0.0
0.0 0.0
0.0 0.0
0.0 0.0
0.0 0.0
0.0 0.0
0.0 0.0
0.0 0.0
-0.35898765959156945981854436497004008327303068435940 13.483578260616402397383255107229961884948137427861
0.89102298753345549059879520083746853379795291452366 -33.640240312179131625194538626539392520524041656031
-1.1949086450199573378599955572107430791203497905145 45.664876109388747923885197747193859953697508081040
1.4348140344031693083206515755400076965606729694264 -55.889304975811267315950302783612836891762126023479
-1.6394157069180706497305878896207088136845623162837 65.538491711686384106380612883104704052238829266675
1.8215929431836082701277165430127476529982981924568 -75.245792660257684521453833453425836822330238659217
-1.9893961767826462040572129664432712715894056391786 85.476843939031530270633774318692021821165670743229
2.1494413685622251932897623739171890759658707287410 -96.667683454292204521673037735066664962383504402735
-2.3086691820950851885067132505124014154812870025220 109.30231940463049121859409663904706947951316477535
2.4759007482202438114947533259561312703794910998192 -123.98440628655242024335905814482414533201589724528
-2.6639694438195336460628596352713779350580368892374 141.53174738137128900713358793714072009696326426218
2.8934610454730182277299363765951411147362465143194 -163.12776503281103560722213550828482062172508756598
-3.2002465119095605803644017228181329589208531118359 190.59381700771981455269544968674925558998666629656
3.6524045695157228410997251692076946414471298092623 -226.92689706608516432604468977421003197430232056796
-4.3930783733570080340309947310380629480519613293498 277.47575460607582643262125528364718254791615553223
5.7671860398866605423092423853550622618228738948600 -352.87209904712844847163088061979864542283806948600
-8.7886909412025893543634029897644319011223471114026 477.80774761892493478153912239121097097560540905393
17.597740920314284467226700695919810320588400043395 -726.10342060140909005625284398874223136381721541653
-66.065927995075748656357514340266661197278852917151 1466.0466338792786145663495674401604261824648486830
110.17527989097700114619689049593847320856527892950 0.0
-69.090196055598098207719924181222406116429670190003 -1463.4900571880583013510786855291692051534167024645
18.694875625270083821322146956158533237427658095285 715.08898931992502944942311330121976854210048927479
-8.9653780128675607613901179356424963970552009489008 -449.48277328281156992302176527206571715085587722213
5.0703025222229976608203206945650449560257988884117 289.82398803686904054781995055291148775616819804999
-1.8404763070584998751120747482469151164447087166314 -110.40683287079222077361033841799148393390382110632
0.0 0.0
0.0 0.0
0.0 0.0
0.0 0.0
0.0 0.0
0.0 0.0
0.0 0.0
0.0 0.0
0.0 0.0
0.0 0.0
0.0 0.0
0.0 0.0
0.0 0.0
0.0 0.0
0.0 0.0
0.0 0.0
0.0 0.0
0.0 0.0
0.0 0.0
0.0 0.0
0.0 0.0
0.0 0.0
0.0 0.0
0.38623144406230483726347159901977054073096514971199 -14.205030044240708284553909551091776248280109954301
-0.95840170741198322210670738808713320420341604282247 35.430532376618308146014063153774850209367298336779
1.2844847951381529533365075186350541825556553571060 -48.063777603549518826123290829176214398947243382680
-1.5408261913270305431320211510230634449009549213319 58.763358836708547951085374725125652919509736520715
1.7579586003344296742501236450949256982679903667732 -68.805536918273707990728386268601889135315032119735
-1.9493179810430387038129323524678199662460234041561 78.838299828354669532619212314155237344375918439032
2.1229670614851859465487827670723300685153911801779 -89.324571562558991015251279814359195485757067848851
-2.2851257751426477308507477522250176233118636902425 100.68263392751921612576172918553386583711745627258
2.4418529465455681746935101070814905135022179655392 -113.35943130997206317347715272375201412325034195192
-2.6003301468208481127501116444194410036465785358466 127.89140906431485904346717820126002981786915139166
2.7703910878738387132166448101750541661765611754354 -144.97720045197967044448398459476466373100363647250
-2.9669479078372172189864061360975832144921606791502 165.58525372762433188407020729537839045956113789385
3.2144877747604554322433500667783117912205036474705 -191.13363663853160746740687566625013263624856223395
-3.5563214269172808438545913031742483984609029539796 223.81755452870293785047982228583969477117410839502
4.0755824172586740521528858396925963731127489286810 -267.25828410299826717402573096037195828843572602267
-4.9488155710688678087820478715421321941224582902631 327.92294289870953299975579472128154140057448864262
6.6054976901605615175884930514572034764992846189700 -418.66019395203207663259509249261428539588139072643
-10.320192958076797766920246108901687930869846379009 569.27689399802889639913196319630492169972684604124
21.347240633698172875306250429252508071057280498313 -868.75920785635449562390292442495612384042487844712
-83.110413398036340341662204254630918730336014501340 1760.4706687897737248817046281321722959764519498854
143.15374208959237007697869575976188415018908029226 0.0
-92.326174780332161094951131337995661654689895470693 -1754.5391484266935877899418993564126645979359726203
25.237100754383206101722930644382280620924585148405 842.16202138821937927535873409879408964084861197664
-11.674056806379904630863348925282403182110827236384 -494.41300093034260024810771628692546596049989931708
3.9640786303995341139133783551945558367021436441087 182.65504165891150700580527567488078901562603717745
0.0 0.0
0.0 0.0
0.0 0.0
0.0 0.0
0.0 0.0
0.0 0.0
0.0 0.0
0.0 0.0
0.0 0.0
0.0 0.0
0.0 0.0
0.0 0.0
0.0 0.0
0.0 0.0
0.0 0.0
0.0 0.0
0.0 0.0
0.0 0.0
0.0 0.0
0.0 0.0
0.0 0.0
0.0 0.0
0.0 0.0
-0.43103670399686721898194224986830648687901494817268 15.579541209768275396747172751057356981296769357361
1.0693940889101416409090557408925440284401276937651 -38.850902360427446493731458764892508224606740914970
-1.4326322907908208850332596543410787375932762154527 52.677921856854300114211382748995329338153059071501
1.7173379778009178756464917126645297139538634802880 -64.353742361167323071053723751582204659957292689533
-1.9573464867826806733621836740319473244846800848404 75.266739095728761651479105172382250194615118897814
2.1673446807281679953969216241850323121581241966802 -86.112461928490603757959553280406985732104821003649
-2.3559022984411642885731748373511896556985959983188 97.377258609132092718639773534009310230086410662044
2.5293330184247640033907485986833974271168256422068 -109.48865784868942325453581169913759089118529773153
-2.6934388668276654630409777300198401361858002108862 122.88995269351165209513760672343193245243984347400
2.8547072193976630022463788249464152107359118654734 -138.09711610346738867520566314159422813503935870658
-3.0215748675776103490956939587917441189310117488968 155.76123458288817663356075350709158337549243657818
3.2062563691492836738595756639107343439421092920621 -176.75464897148787098783418652657814220734623365824
-3.4278985894513405280214604508846800161964217728764 202.30606970567062542628227025824435527043916426438
3.7186332022937930560955369427961751951126160897370 -234.23096140336014710078719096803040063301657164154
-4.1362493269537230103958729555831382307056214986781 275.35393227172754420646031659041163407001501594054
4.7933341980599401060190059613174477813944323381428 -330.34677246368906377591775259091968064309013401273
-5.9324771262890486175858569756468391137876533717660 407.56070073149810290806141253775749332460394404008
8.1525829156468584576946114416532770405860269629011 -523.58216386463815717285452202666653414953891594169
-13.258117177543679091074979872760234513630935636773 716.83504825822870862587117955748825926680535867761
28.804254510571040706501589515424007228657629580045 -1101.7781374397651192955854030950089935521626698179
-118.25510128825488959880701376109884162951446386138 2247.2847511018767378318584211075604319233411128336
214.11720057779067550787679901909645500885241432789 0.0
-143.94268741006544548390349373383270515182466622798 -2229.7584643426536831044367039431954895140849553241
39.515904984260688360779139859121268384295179298992 1015.4018608709728165965552159282320613011131198329
-11.677122278597959625278992586453174298782235487639 -350.94332862445830973851135254411256853469223496209
0.0 0.0
0.0 0.0
0.0 0.0
0.0 0.0
0.0 0.0
0.0 0.0
0.0 0.0
0.0 0.0
0.0 0.0
0.0 0.0
0.0 0.0
0.0 0.0
0.0 0.0
0.0 0.0
0.0 0.0
0.0 0.0
0.0 0.0
0.0 0.0
0.0 0.0
0.0 0.0
0.0 0.0
0.0 0.0
0.0 0.0
0.50922025923427279027668506482455879007882536190663 -18.164688148382026438529041472225059495147869828891
-1.2632178179874151544570807243320323439878986905205 45.290947981877219007685736625467369838396428950015
1.6918129131232430967757735313531238711277539267311 -61.388727745087239626277761868252199733407203547054
-2.0270824689581430708547871514476712339765604125476 74.953396323995889091789019851117001926991332044569
2.3088162622017130891757650346558566355557193806140 -87.594547524858394336732240452614089237869906658129
-2.5541340138211354344163588160227829484648763247978 100.11110694572422020520042819607542283794729001984
2.7728435958068162977103415250169434330860434705854 -113.05333496899350767654523177309226638386878742139
-2.9719483717266312333984998388138497456940218324737 126.89548878665617347720988557938419344303096087621
3.1576197345054773012697030538184062737443841968063 -142.11859182466620772580678309727525472626244410860
-3.3364582971081674067415229588771917757505680397346 159.26989979761148319239172534720182156219122171694
3.5167090790138697560143741464740282820830909331824 -179.02389238820017623834885156664315924548919654666
-3.7098895225325515757629694374056581642698304289128 202.26166968821026752411637945044363508601838538068
3.9334397661207475551601938741713301316335878588108 -230.18924093145342330400560837198074661359622210926
-4.2155458487520441879102061846534466017638536574136 264.52891050450098229827256514703375016140358200907
4.6046640667334446062566253156714389329000546172894 -307.84969748530375100142166519950512007391559697389
-5.1898867892033550547276962932642626393308385364380 364.17618898639483879723613937669559963312810469970
6.1486797678593497679263628048367949355927997040546 -440.19861768445232345803283386375072116831768595866
-7.8724701065908820183203468120343904256029652067791 547.91807341354738948908881516638834884531244201255
11.352149077750755661016040155646610137442878279171 -711.21320207486031499955632850477950439655289998494
-19.654602611183472856429263931352082548854047038403 985.39127706235644281995710709251735029872215919062
45.993462525855943915483334509852315499675673982506 -1534.8017883825584597495680791410283869741370867885
-204.81002423444147260130538706870924788252327714929 3172.6299774991971485653182079328675293876180671659
404.82563239522114432737096160534875480565065163070 0.0
-290.12682543988554600663503080232802049240065377498 -3091.5451693953571131377634313226548276789118344306
57.041740902666683225676015046128523731048978710572 873.71226117942328107464360715563917116710744327536
0.0 0.0
0.0 0.0
0.0 0.0
0.0 0.0
0.0 0.0
0.0 0.0
0.0 0.0
0.0 0.0
0.0 0.0
0.0 0.0
0.0 0.0
0.0 0.0
0.0 0.0
0.0 0.0
0.0 0.0
0.0 0.0
0.0 0.0
0.0 0.0
0.0 0.0
0.0 0.0
0.0 0.0
0.0 0.0
0.0 0.0
-0.67613527531003174149679345704830275349575716421992 23.913530329747615735521421748620233930557027096789
1.6771651514099532140381213992957655434177432543432 -59.619465532691199526797283013466655343878181220600
-2.2458297366664391782315379772624165268922746425543 80.792690589377483620813865474964368181834662478112
2.6901462732581443341272382797626066929980420933392 -98.610793525010301775340482053502112399823460220070
-3.0628055998211885375442955961973038440084559723352 115.18542011214110498040271752333274901756816632462
3.3863622311100372305562874840061212160406777830614 -131.55874737971629141759784065214452337434371404430
-3.6735997635139345752154610235191974623473848488227 148.44191273970638730945775741716014577873121831195
3.9334768771044036673421419602912124997863987126651 -166.44029725464052823989803062964324564306320401076
-4.1736842934990767826283576749846895069841283450349 186.15937108983078976331968596848233720185777688072
4.4022137619562356376137706758317966560583944804700 -208.27793541425884560441159284117597582624467986531
-4.6287836239881963252044571114681544294770650243528 233.61995131296579477903092614393239250923846604662
4.8666501643271352408939304295413390235425349666494 -263.24432588418874093382526609999779778137147852950
-5.1354394932056824028933596944787785089758856645873 298.57392524593422286112496293508900025273844332422
5.4661225198397088623644417832855587453933201940392 -341.59682045101423941127845672467087310682062420729
-5.9104757803727949241208106357126360344270623686731 395.19960222233419409470735649107038428763002389498
6.5604081964279737415708375600884835971806991534378 -463.75118226459003459619603984138116066106162069073
-7.5906533783838117348103537232843641433963649730035 554.19007146974871855986294051228168224802192928322
9.3623526019376845359625478862484173595618855235240 -678.20415658385632610580301533237284512892778428961
-12.706113929358757304894773307279822373726043101809 857.02907489468723961309717387659997920373846787593
19.828483421450105655451060316906463511755017368774 -1133.4176051112679640378699159002398847469691277107
-37.952327135615596057579654237032691207300991654258 1607.3353301788915649333641058847382106711629130715
100.29828315063724170399343350870705770762513024358 -2577.2676443544747923447419415545376490884013926373
-517.54468192717702714339266767234945360544797077587 5514.8735692823562531942322959722750765070518524149
1264.4510679359355526468504198412917996286160563113 0.0
-821.49749379254950213321999652795869046530044290174 -3893.3277462403079625435711633085008071733992463284
0.0 0.0
0.0 0.0
0.0 0.0
0.0 0.0
0.0 0.0
0.0 0.0
0.0 0.0
0.0 0.0
0.0 0.0
0.0 0.0
0.0 0.0
0.0 0.0
0.0 0.0
0.0 0.0
0.0 0.0
0.0 0.0
0.0 0.0
0.0 0.0
0.0 0.0
0.0 0.0
0.0 0.0
0.0 0.0
0.0 0.0
1.2528656274720750657090929483390530756197158198587 -44.148885552653840365481570605090143100390843533925
-3.1076657725210116783121214471819144447080878802157 110.06462082915252552659383445594683277205316954670
4.1610733512813726197869802937888994483556709524528 -149.13948986072750464371823320311343973797146583831
-4.9837393937215171589045991704900412460765331166588 182.00446991925799914286978469077996172270116951606
5.6731928830266318808173853439032695005487119211615 -212.55241105481494930231193630575720844267031096925
-6.2710950982335609840235993978486941137087863851601 242.70003942596029259773596193800402901550358868007
6.8009566623268334804082182603522426450894585262246 -273.75015833872080951330883804996654192887094648390
-7.2791274808497237893959159445251255308710301565646 306.80606210636252449033094342813236125885857920870
7.7194905072717539478513285844214160792854807523161 -342.96465304269218776108658948163296726346688866752
-8.1362946925697499630776176878358479048523350273131 383.44798603014588802884878170585219775308141483105
8.5466657898920131235621752123722864699135257865795 -429.72977992894821392882595593189882656336481012668
-8.9737224870610004651761724208947420712542860619925 483.69070074012058545541098144800433424526502096307
9.4513605178470353420339849181640893523400811367294 -547.83785068856415202031488484954835376873258091877
-10.032527514307226449865977671208803813590523094766 625.64151121463147898498962318725501881112018313710
10.804705319110422777874141201796922310200337130084 -722.08245742947341661812320235479531825456093202576
-11.920927757524023834441798155313949557518374717183 844.58866867707693005197342128357742730229592297868
13.666601084701665600625274464005898584940062066952 -1004.7286955951461397326447839674626823203395578396
-16.616221197376624974907242205520592670235598292963 1221.4738613877697182158329415257771789685500323272
22.041529296065511850158404135802461976727939709089 -1527.9911902962039685139320887251866504032561019070
-33.127571925265728798691305879531889989628492046600 1987.2629074011259024463489583535354477750858609615
59.314738152720452240890774887814956307812296241550 -2733.0779680272447283040579506795249450192378902797
-136.41469084230612332957462672706201384355300091010 4099.7965539180259127750223001878492190028644603219
468.33485918927767407521158997045385010140224466125 -7173.5171882224426059814427062294191151538690649110
-3781.0288520512218172661366360605399035866890357025 17919.451550686728448872521214136796878901864342769
13499.076241039360286191506818015353105793227944306 0.0
-11153.009729993458768018829549207647206422171228703 -17919.457155554286989234512024213571263516506123214
1328.0433351015000073819923697392102483196568806661 7173.5247069768901451629599885576242927158369894029
-359.98116511842142631032339683225092942505233304442 -4099.8055833493232253083862549502581040656047505955
139.90811469178597941985848246537896114830627228357 2733.0882791468379910988580644607243655418049216649
-66.950381098834947701677436167256794676552217531888 -1987.2743414000048444184914581532650852990161840877
36.842509953709206053914392091493224635080532766543 1528.0036220500564212470345260028616981984940162148
-22.496398435218909780716907916913671532643977094639 -1221.4871821300687631146918648633277641352889281889
14.926797625225023279957785579095930977005156223022 1004.7428030840882026923608401425485084291410314329
-10.614698090478315018426458961935213087197710714482 -844.60346093378452537176038855400719022253032331640
8.0045303129254135599894361268877286335634440708180 722.09782845534174055247349118768107125981839739945
-6.3420063063056284385147483643969106806307807905395 -625.65734795043669634962287696446032536360650839645
5.2335883272454354839858084695030824884066302750000 547.85403082999992130609658202388166466786577917382
-4.4613330919787948431048269157993249780041128878846 -483.70709117446340310520136488027073709823113720713
3.8983567201911240483341718882499561597615693322782 429.74623561241569837145321898805272117659104689882
-3.4675142493855025025238941614239791771829608057368 -383.46434912422968434194758219617373429230126241994
3.1199939896315654458883932301431542291024038116986 342.98075207853212350509520801686030957501438529317
-2.8236314954217633272002202155430280124218943677117 -306.82171083349022429072315925602870142049003532021
2.5561743976286759177639832862593541601241205880132 273.76515368588363317281607071796829362799707232018
-2.3011021107433450638301889565937840429276526033978 -242.71415751838561541048905967299665356162289681353
2.0446360589942558267159179683551954864148380622743 212.56539910413627852746998388144698405162922641096
-1.7728434564335506129507182223298702480970479470562 -182.01602876419505882941586555357212175240769147861
1.4669662771832331272160416431693835539762902495029 149.14923184606199469629934722619509858308152019746
-1.0896267395278504792512964670377425559300338403993 -110.07193982769027706243978475457553899441694223885
0.43829367630299233479882440261853588209766247417181 44.151843643776756675928466122497595151759974861013
0.0 0.0
0.0 0.0
0.0 0.0
0.0 0.0
0.0 0.0
0.0 0.0
0.0 0.0
0.0 0.0
0.0 0.0
0.0 0.0
0.0 0.0
0.0 0.0
0.0 0.0
0.0 0.0
0.0 0.0
0.0 0.0
0.0 0.0
0.0 0.0
0.0 0.0
0.0 0.0
0.0 0.0
0.0 0.0
0.0 0.0
-7256.1127546454313206910051692809848268337039683393 11658.341987550302493943262794977312066479046342859
11004.577983812555602220823086292729279473597096534 0.0
-4347.9804920836996670905629333306366797060678520349 -16513.983324276681986454060628944231884491874152967
787.53761883458861774466131322764740395245709805789 7717.4940628688919795694666404209236825715121277318
-267.66079889987315693397584473856526581367651415563 -4813.0896974624392746081077021799833401459293845857
120.33992325642487520518128109086720379938304893460 3393.9721861765298921749171325466348132191302079364
-63.970556451887813354705188102787641301690143478013 -2566.3442666305479773162574217760622509897457094470
38.230715870904940055686625110235036917545226336910 2030.8647863326900976061418599551516838107959890614
-25.004048483948250457473823459422631895871757297694 -1659.5130230624397517575566959227635610528608817414
17.601175847664872640223223746442107746553828332854 1388.7000848336480752060065762490222050736720120877
-13.175564555610556289097209815819785590662591333662 -1183.4272616809707424419215990377693795055391632846
10.382591775602228681596902402008207435019421740179 1022.9175711058480395915265396691108453015536979539
-8.5337956637730302693609459066100357997481805775274 -894.08854381100974311057118230001774186534796584027
7.2532102853798541474001677046670185054286418466361 788.29643275641921487110500886536364129365149847462
-6.3242981442533168843182296899724418033289448274256 -699.58805447596860192260446670077235640252520697174
5.6165225219949722185045044247464717350128347583355 623.70269772280017453799119644776186324057037937441
-5.0478633101803215518766687928718902373088146352677 -557.46950421531336298726738646069629608328486585362
4.5645956095023069412178497313488147413816638304466 498.42114611130336514812221807924760304967310767451
-4.1297549919127067225212911388211398595241937691875 -444.52496527864282331380629652704156819796137608535
3.7160511286599584021546836529609255898722098741496 393.96788261701838288648221813415787999744170744056
-3.3008618748534390192276259971373357559700788667747 -344.93707274165273965216103647734087845055029404779
2.8614595076511338997211405506367458500101352847812 295.30300078080034421259221842269778682571706382470
-2.3674157162892354180083833177942306902226747444476 -241.94478479611647895705577144208226429116135560553
1.7583071505466287586834075033875855681605471119637 178.53887046938266559913782669605916366268085631742
-0.70724009270234248755591829666099048866789944051783 -71.612464373034272387993095303809962418995714481950
0.0 0.0
0.0 0.0
0.0 0.0
0.0 0.0
0.0 0.0
0.0 0.0
0.0 0.0
0.0 0.0
0.0 0.0
0.0 0.0
0.0 0.0
0.0 0.0
0.0 0.0
0.0 0.0
0.0 0.0
0.0 0.0
0.0 0.0
0.0 0.0
0.0 0.0
0.0 0.0
0.0 0.0
0.0 0.0
484.39424908494110774995852915494071522186329081137 -2616.4915118999253059247979297595296603973342754219
-2437.5996396028298478162306520180001117240817699581 9258.2015657509701659445760328337439466401109756272
3291.0601753037131174015764523816160673979153460755 0.0
-1577.4979917198724679513264259834206504599992618893 -9501.0429152991877243734881292773581374270441236810
321.95282954753830871126668400136339120213377130888 4596.2626148628810770263281240540618050259151369625
-119.70270724003631377552059816916778022541591212048 -2950.9517736324501408544412088821961200460278340300
57.814388384748369248879388910985109318650194545053 2129.8756229472736013544749149579974816513859331225
-32.650050349276676302933667891107148976923088954128 -1640.8589948181805774914803881645373675338755210564
20.581816630206352466360257440436426596781745892862 1318.2739559688340225402362348996248675937521638329
-14.123478704281803279416690881863600364921211480437 -1090.6114498702687072207731618969852981782934907668
10.380595767413585431008465811706563507232439233560 921.93197080673318119652746563828215889601095110611
-8.0715159132277138554443900965019300548251373433708 -792.20036125144634248007536931266104510651834274540
6.5694849903933525464596539250305676157751139134323 689.36423363526578162856237054552759565235704352581
-5.5436652102995561509475117490719359863824300771751 -605.73016833852430840665223793403263905412780176941
4.8083907186017781477514295057552125500879839238885 536.14038937739610257578075666201493247075266669425
-4.2539987420808040415103620868530409695171689603333 -476.98326180660863050066808681116940299444528833788
3.8127220251242840946680559561205929860557189248420 425.62015066167288061196051119549987207958546645690
-3.4407974495163988885262762558243073172727076627392 -380.03118291033027464429109019373697101474883200383
3.1085037307132343955564155953482535256064051324161 338.57747892927850883690993471948961309035879120227
-2.7941841816025343921374091553722698259150392066300 -299.81849919021937154803201707069695307806789508057
2.4801427288560133083637298601036945734647805040820 262.33395706546651617602477204565738483208839418679
-2.1488711462862674605004199318347598802621922636022 -224.47593901521741606192804601602555883406168242711
1.7772405980333991468957190360114325336770035204252 183.85180605076784842027023700358204364205126832130
-1.3197040362133773746645138062555871113868120333600 -135.64106443757706506389779898408304446720401365390
0.53077671884898870348999551308795457291395079169964 54.401132906640219142927838090036445776655676329575
0.0 0.0
0.0 0.0
0.0 0.0
0.0 0.0
0.0 0.0
0.0 0.0
0.0 0.0
0.0 0.0
0.0 0.0
0.0 0.0
0.0 0.0
0.0 0.0
0.0 0.0
0.0 0.0
0.0 0.0
0.0 0.0
0.0 0.0
0.0 0.0
0.0 0.0
0.0 0.0
0.0 0.0
-92.290894497742217942308652492515008394274769714650 1051.0958939467696983455404160681196655194267644700
310.34049145244249026847012326853342717358709209984 -3041.1891990585485251827261927087497544990757382910
-1108.8202794819326669963354793557855383752384312876 6678.2646418624711916101222076355222035911222392270
1571.3851345140713189898242981516158045247033693018 0.0
-808.99056589629215350654899025551457956354200467581 -6730.7752942658627973788301000776668858240708974194
174.71227314100926017919303530095704022067114458689 3299.9092588415409475226946547492248243141739104755
-68.261041658901175422640638572178641924020830194988 -2146.9805652103113156599965734395871011689701851333
34.484337546124343115200781983133735264227959803511 1568.1764528949242291586101560719583013742897233123
-20.308383450265827273949807347739929619350609243757 -1220.6853903107163624761737380207900973059562955869
13.318039096122458001654515288072821649051147992483 989.42532646411128607660243392188922843052370236794
-9.4821896180108454296859266396457410800327978258786 -824.71876502981847993133415545981853659765644082239
7.2060464947761297933960694037654003711356195776169 701.55325285407908606371539884154872720591649120194
-5.7682097150772961855197726773117904994571195066301 -605.93646371854093374685242923774643467204038864067
4.8088479320581531675071245164260168536799503870503 529.40850047863434328708903684126425221647329823489
-4.1344703123634272790667068549140947251377796451085 -466.53191585390937823521213437274445140326784282382
3.6345372096014626391280899730303676056837599148903 413.62662880313457732227516574918865322641408525734
-3.2425526821900545752438007071391625317947279991527 -368.07990765843160315445723729560535809540903071896
2.9165403921523399903758559079724397238031746240244 327.94169075956694886978432574015435013675577939302
-2.6285745090658117757006775131959898724612631436116 -291.66658824362626193730664819307402175217398560292
2.3587221041474346637902418774925608786193694346278 257.92688724979762281601393848339440687569370958358
-2.0910589754075622893749906841799447935116270993890 -225.44208182101885967325478618139844846227833065420
1.8102090385005921595924203152802214480157826710316 192.75548126514537691950866192121557363564622996583
-1.4962957479168293344504510070500163800130237532769 -157.78377779097849772639209314268895639503912311945
1.1107104948627980163021276112094488600862155234201 116.36847349553218879665871029312377066384122956924
-0.44665900194734125885512749641593487796728503296855 -46.664767979445305556341954129224183814900672066617
0.0 0.0
0.0 0.0
0.0 0.0
0.0 0.0
0.0 0.0
0.0 0.0
0.0 0.0
0.0 0.0
0.0 0.0
0.0 0.0
0.0 0.0
0.0 0.0
0.0 0.0
0.0 0.0
0.0 0.0
0.0 0.0
0.0 0.0
0.0 0.0
0.0 0.0
0.0 0.0
28.009102077405080040893537678464137838811220911373 -547.15445752252362565041525361518974964072234269261
-82.362422179366612027134824045412174351413301188788 1481.0451410101847581678044240140375503786137359753
176.71027247585036654614102319050551402821232747624 -2522.7509886601474721601185166516585951832898596831
-631.71423310135646329605116518895698660325410150359 5255.8419497561711298321632351802006397896696353089
921.30576127052204458321433025069536792759069188847 0.0
-491.97820662219695127737365020449495756696882242866 -5273.6289522599705526731982540816749832388998002268
109.88719170449866863096834579525203485988865577621 2602.4430324999093637992325885380037852339431626952
-44.372649631470226894035257977557160334115968615795 -1705.3226899963036032071294528883084205329223615652
23.162199469180540406783971909720597727699983595552 1254.1400754798959295064348536321201037401422539564
-14.091291544506676266727075451938354603150966803594 -982.33063142531044311967721861643315697544438228657
9.5380464952492277386530664612061115759040753276851 800.60573733837919870207234106292383422020991085143
-6.9954473202656100817799366507419354186387042281479 -670.47627813348698303404142437195882830225299489705
5.4589079743826679396963396321187469654277965735581 572.56952251310426785144677655182249749488873398639
-4.4682899028327092687394633460039197403013449696703 -496.03766188687570843426150437048739299135575358960
3.7912498931831761350653875016354935187887197702555 434.30478758904502126247638286656635194354240805311
-3.3013047902674226236345803094778026700350307305018 -383.12296260790226560913005061598693410651225258921
2.9252352655745476992940517404454713096472979490195 339.59111719694451339074942724825933450081123347331
-2.6182776594077346045847148349676234267412147414578 -301.61643106826919267719212546651006680994113484183
2.3514912908339880776780187088504935825760030368470 267.59192778031558276284460862975152642933520184992
-2.1047931179404641427177983494258425875103884202234 -236.17873392849099917113754450846701173592710239409
1.8626243596245282789084699880421679987231094348811 206.12382955276785696302681348656474729459855927171
-1.6104591863390843129231713252056971731222389485401 -176.04044983955039638193422370496404532584851505291
1.3300905097672735922731468903008149441533266786860 143.98741893982991774261610096478788191521326265986
-0.98685348535124840925889803538603794414360393188654 -106.14140548060579627455637709385170084421198520257
0.39677221592799039343325586527866134103367765644945 42.554895863036537317275866377792543350044589229405
0.0 0.0
0.0 0.0
0.0 0.0
0.0 0.0
0.0 0.0
0.0 0.0
0.0 0.0
0.0 0.0
0.0 0.0
0.0 0.0
0.0 0.0
0.0 0.0
0.0 0.0
0.0 0.0
0.0 0.0
0.0 0.0
0.0 0.0
0.0 0.0
0.0 0.0
-11.144476504735571928583274407783884382811308890451 330.79919550423007281494279675041578295682949547213
30.789625607283785118816028226981537244681569669240 -868.36629196812014696328963219433386836982290416136
-54.629076694242899337823443217298039621936971034654 1346.7345432673801983740544345191261832510039500588
113.43601379453096249833780713656637183103027959825 -2142.5429678001561152840714726777949072074835910066
-409.06865475864194867459391723099098388151308714544 4384.9021606232285033406155281324127556413316352089
607.25882983181935088635282882702576040798745533245 0.0
-331.43680758021007638143879250712204560263603760524 -4392.5813299613582084867900245350518401061605896026
75.760262001355192139876743299414296398422508661383 2175.5632380945434590421828226548918651861205262872
-31.360670140906812090015017557475574742067308462353 -1431.6200703159804850682561030254049159116792160476
16.805938880336692509515019964947759298608469277896 1057.2882843908814512351671779580969157761131364845
-10.503959077436643277563311746321277007824645136555 -831.38613733881853410112720929143401796952928853441
7.3002038811015927265677422681565331263647140237026 679.93196800832440821615939820946005454549388763006
-5.4863224503427755138844689561343297244769075112854 -571.07102706514478406236695003339626592899951420784
4.3724389624870058393648109361692691050674310571996 488.77737568082581908537005906720349483031175833169
-3.6400527889868862125450032566979167920582359105617 -424.07140744116465721013428931185759161399071754468
3.1270023969876216603240723618155685658378264851413 371.49595731774783225981436088017014003058527412261
-2.7441868870607416722873520273039704256771923453422 -327.50524252403440816863197637462724647241742509420
2.4394070476830247179594799087663751037047132438180 289.64894760352123803286580648121050650911713546439
-2.1801491851008294586367610136940641858469610740718 -256.11838823400281647730637778441287891752300974049
1.9446479227261267199872804639667576430004033239419 225.46336111955594507458766222383238355249985099829
-1.7166834335617906689202041433848510893332238121681 -196.37738479013747729490851834247812855296280367432
1.4817540401011184828742202765252763944587192788165 167.46528092377346469950410395345699555129270115443
-1.2224155152244081295329395698831119592825653564922 -136.82931235035260490717997152516353798127032671405
0.90636069773800357639963896209900079895415841141638 100.79905507430761554836931888052741498984479777644
-0.36431038069009800631963262524707766149140848293391 -40.401989458296677852073805368712003293481555869249
0.0 0.0
0.0 0.0
0.0 0.0
0.0 0.0
0.0 0.0
0.0 0.0
0.0 0.0
0.0 0.0
0.0 0.0
0.0 0.0
0.0 0.0
0.0 0.0
0.0 0.0
0.0 0.0
0.0 0.0
0.0 0.0
0.0 0.0
0.0 0.0
5.3232298331148966168092283961474790658530886597267 -220.77525326652123226448538734359870938470459277698
-14.206732225400003644438354761521103136462259494130 569.93979443702033364080581937482501748733006093164
22.902094998674735775501255632563750469257037986376 -843.71062662608664699782550854795266481456057980199
-38.469792362516241535617349026315994136758673196274 1209.9712301889297574538832433406052028169763161168
79.307963966583120255452468193025829235266093508218 -1878.2394476110589245675679745821001865573152588002
-287.68692592405191637899868418327190429658891911185 3812.7576382177924708592120376766670664129886694364
431.98907946213553038131434828736391265859847038603 0.0
-239.16067073072752337503148793270465287806425023940 -3816.6118826455249097529195449501944343574844899479
55.635033383934057227835799554332077484592903635630 1894.4537007521563244721810638842844894981934949409
-23.502859131588026744925451856037780315185197163040 -1249.9200411463564875070767708385616844850012301862
12.880760518551294108954005201337045572457911217649 925.56177811286610857183277179674951706408413441716
-8.2401690461521230866611002857751074056575869570976 -729.60257283669598546990968279365006071697976915270
5.8569873927085966959473683631741445647482888045644 597.95041888503968753720193843693025909938025273950
-4.4910300015162005962856491229344772869973388554785 -503.02704485052591061286020723283272553567667596926
3.6389490999847737361890129884181829217187777911206 430.95884657317172048157294610553567496252262933962
-3.0670903545570170426818839402893914065159860934556 -373.96282070063244475835471561271245709683775083257
2.6557338558102709132762592579763810338129594592498 327.29143108404809707978492609607189390400028102661
-2.3385338320190517683383019813216355277979400964254 -287.83327578246059368839443141579883445029256980470
2.0760705864910074302318304615315195179287944617016 253.39865477324887089937018103817454273392404232501
-1.8430983457151077049363095793299691901267385080960 -222.31079579790524659545122192507987178795049758707
1.6216669085181468522251823515818712279674940213483 193.12721751111200328115310729553999097715352373010
-1.3965571969312116575846924022376303161871145806924 -164.37457391547571967921954421453615027508955975439
1.1504028199800379110016575859134322759833397397412 134.12155456299353850194352412043597985360443117537
-0.85221213119335504058134672077548711268354763519073 -98.721465202855703913277418707349764189528070328972
0.34242189109252935309851339860777588474679283937901 39.555383790238985660819961278635530948524203749478
0.0 0.0
0.0 0.0
0.0 0.0
0.0 0.0
0.0 0.0
0.0 0.0
0.0 0.0
0.0 0.0
0.0 0.0
0.0 0.0
0.0 0.0
0.0 0.0
0.0 0.0
0.0 0.0
0.0 0.0
0.0 0.0
0.0 0.0
-2.9137180292195670314013191610776105719175252163282 158.20617843703982266983515726108605327552442633974
7.6108824559882294307314198437815356453069640680830 -404.29986257586361195070571447497820590269057977190
-11.593956046775154557090676233046489280428729464808 582.66516778278420718625561655849802783544519072334
17.421170714185593933946481166897435495589525475232 -792.22834596452625724435656994728127869259309418168
-28.707383209730652777273845276330994610356308349255 1103.2776353128166495597194301793214953656049314376
58.948040667575365060310060115306389747237753764413 -1692.7764879137437129919534087231899555966082333902
-214.38691793900851091069257542483147616195018601246 3421.2634376286016062079371085036450950563382474347
324.36689018668138146191592396898945126432777547579 0.0
-181.35056624918282598661166454869425737634905780688 -3423.3959790458431500086794425358281003539861500041
42.794681936671711415044951737536532820129143140366 1701.6299841833484092349447766545814297954522037253
-18.399829271902939615840800400803051750293082787413 -1124.5812142543870798211578544179332755251037961788
10.286180094931660416631841369162589644605153001732 834.14544573809549457096383098026928652342792136821
-6.7160402376382169904150799061029874998559443792423 -658.51277307025894787747665420165174807715517142945
4.8659475983450421182946733125668147220402557688606 540.28951919382883712681500697411511018305299253131
-3.7926395902231560086699706012466878946156860863321 -454.78464970181782417972816738244908135013425967485
3.1119313849423055266238416258324401911777677778088 389.56999835784019348203552819118131585885936855437
-2.6447329315801457873493150964381201385760603079133 -337.65709604266846583655245945026863685034968665253
2.2987401117874827673351966743463133498995953150479 294.75675530621638014326253481870818856342596161688
-2.0222752561536415195951159949868206216626103928864 -258.01798355545410413143951230967780260771393679051
1.7839713464112836961016147461342370906907559298088 225.37239742075723391391174576195703805372354221102
-1.5627262128874961260938244235793487168823642752383 -195.13467453664519601278301288294537332515697653000
1.3417399922254548006727907275712030734267761528834 165.67369808512843171950702129956895551852634562141
-1.1030623853116197577250415180251392965762368092845 -134.94870510701444128460585018527140179522489632817
0.81619257436538493033585027738009478508157480651509 99.224946114750901674670773630195946107975688276264
-0.32779400087634791001469746830271984335400142751165 -39.739509139025310799513453304826246099743904077966
0.0 0.0
0.0 0.0
0.0 0.0
0.0 0.0
0.0 0.0
0.0 0.0
0.0 0.0
0.0 0.0
0.0 0.0
0.0 0.0
0.0 0.0
0.0 0.0
0.0 0.0
0.0 0.0
0.0 0.0
0.0 0.0
1.7783347539069493209640976391197724079906558328560 -119.70210157085751175329523886815815891590450449231
-4.5787323957083959846014012001597121996439176504580 303.88942993267367798217089305173621409395068871124
6.7227017449611778457361460733250675896292705308820 -430.59185607173013291834628059152946800616348797923
-9.4371997840567615488738407008720759959936463976250 567.24612916892440545835577434032303600940463722722
13.783845183908557592610723246997178936762904258724 -746.33985698776445968718387252837779084245418237291
-22.445308874016589250856142662235004491747516884697 1024.6322710613600854249005429953277261727329528413
45.874275268782223038910418967749276228159643566063 -1562.0857087031780735036319139480734433795877520344
-166.81352554613498005344477782151651164495401934002 3148.9769478879296816745899433836861834035197957398
253.64310400730558417180057945080734894355721714933 0.0
-142.80327599954494790579480141949703973826655390119 -3150.2277632815702691650400409044033857732388079819
34.114417948063867746139387443532305963307872565459 1567.2331203165942391589796739471216689148660110939
-14.901339152706098764266823055119182757363344554536 -1036.8416039500874298954958040712427337946343938130
8.4805313889108027077085917742260678716661770360709 769.81590175027011620348983137749546471241977707564
-5.6374241160322346338355656480776625892084750661225 -608.16639402124199302358232965174697942043889688577
4.1509555743866814215069048183073375621402563104109 499.12389670963647930933162413030734927120961464429
-3.2774564068405114481679001419542214969001429212582 -419.98086388881366896635261325474866911824479138661
2.7132184423303859561124505248290642436698879470915 359.29108121116389389785342113603203303597508188593
-2.3161170486891798242646725314196443089646395598526 -310.59090256721770543173342613637321540006749014639
2.0123827366288795291699807474609101717636036199263 269.87115095734519055902295075902069832183115462940
-1.7600641739358447191116891916373796424851393215492 -234.40122429434758371457332636567698082942623086096
1.5326980117797778397354845545767638158281119236069 202.09176786299665681009532585434377791384085215536
-1.3106950544095418360977637394928065235806497042762 -171.04559575669496787723869762945678778909303962177
1.0747327198019170986400435634544670504629103068388 139.02231592305979141400730313768081442512350456284
-0.79401783330801388196933667562027379903873230380339 -102.08416402736836378743416279672093785072615836337
0.31869100695530055901675986944639321179798308206712 40.861942582808651144800270802056445540592622970695
0.0 0.0
0.0 0.0
0.0 0.0
0.0 0.0
0.0 0.0
0.0 0.0
0.0 0.0
0.0 0.0
0.0 0.0
0.0 0.0
0.0 0.0
0.0 0.0
0.0 0.0
0.0 0.0
0.0 0.0
-1.1888471054359549260187745042793580506403280283478 94.595660772775954081140703451994072231034531480859
3.0300381649954694706743008245137172871943393668928 -239.06438372051408035719366799004564900064798776299
-4.3368390638805994021106784301094760186107336846528 334.88961454509843617143586244637245341732435499571
5.8180783705424650126464576005686684510665734969590 -432.23736239397146708819498352636867101923526948606
-7.8833875463977466671566188379007541023622272337423 549.56588200336190005058936376997627709558513209517
11.307706272465942933560452523004055316817964941144 -711.38574585676510794158135679395187463754109321479
-18.218518087881796773716939142933527499823598898160 968.89024226952560234586069608642506218634316328827
37.006127038288060876713754527215175393593636428038 -1471.4616984426767331075337552470379246108439341102
-134.24856675878804497136732810597382308865900767280 2961.5116265654932919484869919155580970869148128621
204.75961648605906094203555764719217832578868451580 0.0
-115.86158205196231868780279946292750889973473299298 -2962.2589631349094300510388432188208668741532705457
27.980971881549383199026404125480529707467716137906 1474.5171132939471003154729716770370014931433579013
-12.399838480838560359016516245403853153001197944405 -976.07172964338874763471462328786812890322255278368
7.1716753133861553865411752507691708137601140817353 725.00304207936547357599219910295980502611727369606
-4.8425821441831408179505164545623879567149692730743 -572.80344155588972548564389157555737657229003007959
3.6133677748320692917122693380007005703908222879310 469.86481616079625961498521468709483183564333849411
-2.8806178688990569752891273099713258018401957823362 -394.82217101819592445471178742130994465363462319452
2.3973107633854394778786069991616704902370200728605 336.87624139528106570913186586113904881801487190462
-2.0473212732386419904346047863945853260247292020245 -289.88269001681090640422102521719581301958665924927
1.7697210086526277630465482193630153189922706443674 249.95840291732975343485463319923205406174543335618
-1.5288551606607503806588009905359229549190637940151 -214.33964810384381457348309408272941921839436296181
1.3004244322284716357656300965194108278065568452367 180.69673475435894347357309772546676583909990539434
-1.0626295027958812321495491676088137231650583510015 -146.46623122375042514706757067265617484163872998685
0.78349807565952765066040117573384214711964019432310 107.37097928613752427303237357358129241773180232152
-0.31421308269295440158182662676668981116287894938190 -42.948330272265092115581487103649500564933711931209
0.0 0.0
0.0 0.0
0.0 0.0
0.0 0.0
0.0 0.0
0.0 0.0
0.0 0.0
0.0 0.0
0.0 0.0
0.0 0.0
0.0 0.0
0.0 0.0
0.0 0.0
0.0 0.0
0.85915824860588897448013477417500049279044045951602 -77.505647597587895991579632379041644585918398806218
-2.1736749576003768825376424930152087844654515393022 195.23916352883063971319716554782477110350646075569
3.0547301970839737778906668479994675544136890528048 -271.29978798723246443149253510177522755592553471625
-3.9697839286616429220665939023949953649755932973215 345.27418570731502630269678384930680101849288590526
5.1137614345808401222827213843038311898350945953082 -429.23954563907615837914367585195442414594427183467
-6.7730411162096744568429556986394776981410820003299 536.08477052604223315642640462565519583992014588256
9.5686971268022805293265538165298447296262713779894 -687.56967526500353482574560110140967301786322163173
-15.248129709615348456261295002609811554486947366050 931.95213773710056748647159391762257485795942124599
30.734659429090179545039332636689444306645703300742 -1411.9653535420963742346920357528809547982353560355
-111.03461889125151200548769819089374890178945377392 2838.8469171892151676233677659351486322908581796906
169.63589378439137398412643661297773811485045451446 0.0
-96.329207285626011455871183154268814267045651109741 -2839.2741350042621435037552744541755703574657250971
23.493229491841831732545146128741155664764109823854 1413.7015561964304609859340098721859352665801333679
-10.549763044592455137761893752587140175084746027080 -936.00879435122675369200968725949814170375006594114
6.1905406858284960841774831328181178376419404654720 695.19677844335552759173071740639131088759165131448
-4.2362906621277079071905036900240350418051384056875 -548.94033360609961642944154416558229684678439428848
3.1940477390744968705550656883013221480000014099615 449.67621436722949895283304655669562433523118713959
-2.5624131599484974567573089972482884395614860234410 -376.88616921046273401398913128167088531619301684187
2.1355720760834128410037767308090341332940119095202 320.14681038813331505547386054827087325222070029038
-1.8160998798464617767276906358828841934174151187770 -273.44637090292938542683791979747141763184289374932
1.5518497779292540376645426438729440354742849785867 232.85119501856332783105649893334961447539168766473
-1.3104457138171447360851042707581399315064156788981 -195.31819278367534441627596034630911667634120447771
1.0658644989926409099070258875072946645212948155658 157.77290288064768499493224753460828128536627513273
-0.78378107045222540307232883948604355790085851896826 -115.41737697610554553671678352404186675618668363281
0.31398770641164742473315976900124409251150576002223 46.126754124216550909091761494245146771307373703016
0.0 0.0
0.0 0.0
0.0 0.0
0.0 0.0
0.0 0.0
0.0 0.0
0.0 0.0
0.0 0.0
0.0 0.0
0.0 0.0
0.0 0.0
0.0 0.0
0.0 0.0
-0.66395939945381983471482731492005150846824160556442 65.501523799497530252321452915488147084407163726282
1.6707393097205606435695871440430129244068833449914 -164.60520008755589258907344129928364280540157803001
-2.3167716464033139724706103160502609014033263251918 227.38570485997808648693814604703834262352444910890
2.9426108831568769070904794230416070827977467241097 -286.48139287736528581369264737654113181475220831870
-3.6582557374322598219143432203534615408804572972398 350.62428162219753803637721002273430407780098495980
4.5913798481486426689899680243777394985210760782300 -427.63544510134807230073616730761518371432218475948
-5.9706961067809151983143791547861420947142652698406 528.65847978781607540258519981692708326009662145169
8.3144677236768557272080603178997230067160438947900 -674.25179429424690722194213927377570505088844773987
-13.094631521430275481503159686600987361690020181962 911.13010788359463864477420009550236409391218942262
26.155274990632670144238410667998780057073312818608 -1378.3081138088591164188246391119008720644901506969
-93.958382096600729997285004778043754140308041537184 2769.3947824434473166094303127564252548768097963968
143.62068205407745589467118604132442545402234872383 0.0
-81.750592691104954235186748253087049062702525563224 -2769.5916456335926034941253738074383261924708664923
20.115716707350660189206791751443167157453240102613 1379.1004634690781037114511738418454305101253150670
-9.1426252218514434536404658615214528928557413849942 -912.97327242845233833027476007940425599438097467302
5.4335285830786840771912789974282789083769889631383 677.70000135625578271259294779761615751212380307558
-3.7591970707812349534778424041831215912764449311223 -534.43157088590968162294708513722945758193176858287
2.8553526851658291412699222792537543423538664159374 436.72603225623763048822426580289647520069474171906
-2.2968053857319980568898314679632715123475092466173 -364.48767610122276332306376427369356652765702170468
1.9083258949850719790701455406284566883225148899602 307.41312233047270363324703474048426214187809618164
-1.6058964269725536960640719029530835816912329201443 -259.40398316347628665472272718844516587919524629515
1.3426021701718448444875139682090612790514034684740 216.18740194929098325557716306695680759193221576877
-1.0851453064534072690026860883378883444823929973949 -173.86462550088491698785613107231652833414702087783
0.79507783780295948027997155662082319692086250128207 126.85176389925769992718527634125722250765231048888
-0.31805179417939596885734071429302137872955345218133 -50.640898486076661837560119728972051065502868843129
0.0 0.0
0.0 0.0
0.0 0.0
0.0 0.0
0.0 0.0
0.0 0.0
0.0 0.0
0.0 0.0
0.0 0.0
0.0 0.0
0.0 0.0
0.0 0.0
0.54346701968771588080122392812941639670458937516255 -56.890335796776390827657125863118826471526189750901
-1.3620841335246020157008893558129613274397941145022 142.70599712867490048523344570054336012070901501978
1.8703299521264546203087071621592659475819425377436 -196.26174288824072203894975451935489285314665894271
-2.3363376117877031829275963796034524955806082446323 245.42660902894922605563185974215455140500308764328
2.8315427769014727244503430008267090536098472204422 -296.99256762599091002886532789610476462946740926272
-3.4225385255359801150690701554327121265659480427181 356.25186245218671165252013517169090257940676039784
4.2094166753874923524788616004889347803993307249654 -429.74694933492267876870733427893160023740495238898
-5.3845870120042165319784834508033427213023329962895 527.96278754278724745928326167770500315660366241097
7.3917935831051769751990727706194665765408481600986 -670.98628396926533457944764409969239609563404864017
-11.496649879951737686420426486512040104445900726596 904.97589551425135148631890266997356098925424066699
22.728932902538698801954067160070878766408886552822 -1367.7101237256980333315852581013786858893179151720
-81.086712276027493967359755431551399029183130260280 2747.1003389559058873658976758075591496054221307048
123.88393908892464946252057292257200560508345221303 0.0
-70.611146669501317080148042781240598578068626899969 -2747.1041391030739940294902190356909668135015904507
17.513792566767383815097459262536409922451282645834 1367.7138766515303996760763603031365956168386049242
-8.0463303365226273213559375372276062419385808996580 -904.97956927516605269539606682205543581001105371119
4.8339677965149611074282964224006659126966397176827 670.98984584699401424653756111766803437358800869049
-3.3723249166309886953501995846425676586346607718838 -527.96620355004751597668507687342278784025176626412
2.5718015637292230365617143065705569805843796401749 429.75018346996381991618559279453904798023124207377
-2.0652466398298994027180838140473516809486696161604 -356.25487549078001877551230122563847781306371697220
1.7002279655208676750233673203839815026457158849097 296.99531500562006509549233643930543480321957936221
-1.4015968994183088852551007201884340607483348440024 -245.42903674690487838416939220644665277144639871157
1.1229333727761969263657637526665823217482318955016 196.26377823143408349032078774103534502403109596000
-0.81868180304591687374529218188402142309597041919289 -142.70752107858800844443325291209818121040130444001
0.32684532133033479100190684021175992264961768720118 56.890950835413337349124840548895616283518760733960
0.0 0.0
0.0 0.0
0.0 0.0
0.0 0.0
0.0 0.0
0.0 0.0
0.0 0.0
0.0 0.0
0.0 0.0
0.0 0.0
0.0 0.0
-0.46715136285791368037587850132543874166674739635769 50.649530579202428321113849244179660846051625184864
1.1673774437217561620163421074915049588532401750631 -126.87340341160045716902495100790740286786224936009
-1.5914875056414470805781132390519075426794315377033 173.89433851629737509875408069915446734401158719230
1.9640608427980767796492999676077638094497638899928 -216.22445132913769703504757901489212036141098309068
-2.3371039578708168141326343413993986924073782326367 259.44860518424750647805490524496833431743385247176
2.7504902296444341381665077304472861809012922642465 -307.46624659951527698326450462169829733504687154292
-3.2547146504387908565412542252973062575191736234120 364.55100319730773584798035098821086141790947183929
3.9339231541863668283108914098325127667025824984926 -436.80237128811503178922132683838185826286993410804
-4.9548077503629141454313850782599459318648230371916 534.52560967287802362703413218447548513351393118668
6.7049451781599273665032589203089544242098270674025 -677.82009624277263642340178062241896591017233415993
-10.291966530512505236971306266375815702369143237923 913.13626126095917580821236096066513570214328273413
20.119335246477481410179959179146106433454606170734 -1379.3485445620603179231007258745050109419131680950
-71.202066555833983142717296884063505752274259905558 2770.0936888015203433074815445470426206555773495434
108.62471152923794179058935650941245545974003852308 0.0
-61.935175315912971617644049086646836272968719363540 -2769.9043903797337854142346492173927237182184475473
15.469228094085278025862531937178453033639298023303 1378.5635556408519606852481306469106472843249189384
-7.1735166652697676591879144266295975794997015814464 -911.30010574397907373379611472490929834482989231758
4.3469309220722974467459669568208740721205684584933 674.37837905674842836889136258173176792471044906784
-3.0486189148176840399393364766125693411271595050636 -528.75828880725868004316453082306275886485703119326
2.3247423275973802930697405454462460728874406728779 427.71657989767742551825633617551875641782256669467
-1.8527515008592708226424939671646651814060785151384 -350.69108329284436603314843930854857191028950985074
1.4965234278308114888429246870471260880967230615102 286.53615762476115549066027615490251198579551152904
-1.1841111122208814355379696070243992115099574620667 -227.42928155200339391838194459591260864609111059534
0.85726612619737198069352777510664849136976307142698 164.63679615912163863893237663068604770981069854712
-0.34130321813517860429954947718311139397165140835947 -65.514105506115907066595323265366646894255691587801
0.0 0.0
0.0 0.0
0.0 0.0
0.0 0.0
0.0 0.0
0.0 0.0
0.0 0.0
0.0 0.0
0.0 0.0
0.0 0.0
0.41857553177351979237010601620484148794448637619381 -46.142842230794164796833406639787656995304498300292
-1.0437407862512739623036078491214997530277788666655 115.45764753267444590081927610073777567714973112917
1.4154850253295768851809972837289800535060732341698 -157.82800047886942419819908417598445265614333660496
-1.7315421254262871687135424659278498711670704567692 195.38649551823586088387030624216600845828149466159
2.0333792618702245914955757203809343998834048269655 -232.93277238263263128552542594093102918272294796932
-2.3479742150817947122851808549041444678851213143996 273.54238736258275736410926320831062324872111268875
2.7042213284626784077194284457561403880828722582747 -320.25952344255718994522839041776836139187712225526
-3.1441214176239679824028765902700345734415963395848 377.01925625101778593240072514553080801836613264498
3.7410496753168710082578097957264171464086569332628 -449.83552781201940450967790593270251760527076454314
-4.6424891632811129565204539388944601744503804375852 549.13550063525267349579674228948273161441831881294
6.1927497813106651011448810182322757906424310452647 -695.44485953035869580223400980056156491631793888264
-9.3766633595724478975366699276031010630702618454851 936.34408324956313772214458670481950302386783093899
18.109181710811636198598915358638220166702666001571 -1414.2099163421103778298660099352526522549494645188
-63.509202850398277695259975964487820996003355166488 2840.2990531236567667482473630030946349688456873582
96.653927152880267084112256227492946905673634372463 0.0
-55.070374693456372923579849202761079692992337883504 -2839.8792810960647024196750440434499773028803645402
13.834196600793451878780195856901013918646095247940 1412.4805873604340332081233659537256244938518287433
-6.4639846785911627572707781799336826015212791370653 -932.29329520946703386183982605339285802988367245182
3.9405924329784267366471550315065895461480686930917 687.82209823373878059480174908274007717930958251740
-2.7678841980153049600446371135612993993184290243610 -536.28207960596002949666603217163330753065506234377
2.0987365948010439190232682639881781341054835697035 429.39787025528357246517624984562194228112393980218
-1.6443453282946164837665827785991006247233241809049 -345.40176123272895027195939518647133605370666164321
1.2774963932780442904459973429252768784574420588532 271.40016060184829351051127190357357593790753747161
-0.91558243562695124498203745339926119827867632722800 -195.31145627335234496659977588308293008297952665579
0.36307875206824445489896474291913399742483328078409 77.534356459519279595019608208646390530161368197971
0.0 0.0
0.0 0.0
0.0 0.0
0.0 0.0
0.0 0.0
0.0 0.0
0.0 0.0
0.0 0.0
0.0 0.0
-0.38856694508521722551299937507381515947484851675159 42.970716188029658248954601415359578961303054332496
0.96739349239205786581913816535940037797265270785819 -107.42695833615100684049153113216078071335340271058
-1.3069477453791025070781744310709398457254525979215 146.54263820886576291675118479492170445132229454212
1.5886112763013774985315129238440945616713607860444 -180.79108530222909298537358804612594344768686021130
-1.8478935032912782849212577775880818057013468750024 214.45170274856708869602668695367817641795950965010
2.1050828503606015924194705795574139833491827541663 -250.08927702813676037017407558911165707190093047808
-2.3787464917107126063296284679166403700797582760012 290.03473811920096707983766456358712474155839308595
2.6924217183258915645489961305252149842047053335945 -337.05329412533848688145214744375865313855834038512
-3.0827453489799792587135724098738560790386662617388 395.03013742963167578789041074582978707662227028369
3.6152755749908749223520199699999861802478257215384 -470.11289723826986551744338315256265629044447464503
-4.4227871441388563854803187583904444349473585022772 573.10662652995319097517078464146462467459249030224
5.8158701374938212760684381415863784204454669305877 -725.38777330478868978551845873672307768583642517489
-8.6830403834395660532420353328545619718674256436788 976.59104430952087753908855776840208448915275260232
16.554774569667843134652812003661532272214018555070 -1475.3036644614522004028712782362797636570135038720
-57.474257455923783788785955043395400921817554520944 2963.8431525844195143946585458530160333349620775405
87.162235809551920521030680814648416036806372965115 0.0
-49.565796795223844203165555539585281652047424978372 -2963.1030151044632437030254215133495838926732910783
12.504758838262594886830586992062043399518409457105 1472.2541088301643960024556034269114295168877926511
-5.8743265921793753506112800026618889311812148951027 -969.41303148901825140735407128929703844808441256536
3.5908646082981662034826598161080954249894642194239 711.77025533480890127399892307403379937096430047181
-2.5131840305187016350849482936341112502720072400312 -549.86336266866106705492302248687456124512836897869
1.8779858285917244521602296309845779382736851601003 432.47161027326883622589017214547295201842328339124
-1.4191221496077980096467857547024257092108745227068 -335.07126592981837349756203231425664511659562923435
1.0019069431463830176140857392582034298159534287684 239.19413118832328407766417232753055808824511677419
-0.39499674456132841731491553474217848043476317510738 -94.647013191017482226101401763350900035000319809401
0.0 0.0
0.0 0.0
0.0 0.0
0.0 0.0
0.0 0.0
0.0 0.0
0.0 0.0
0.0 0.0
0.37196355865836553916815303555747273417396839234723 -40.889931685259007691500243944731932940534244605254
-0.92500116830360114103044839316133901329738451537801 102.15410184598948176416482626311477000054921366935
1.2462209508900006003693297483236458223469623197323 -139.11760295670786284184537483711235087868110464217
-1.5078377100106230999180574049951101677305463655762 171.16291374786700395669570772335954349817930896435
1.7420120514291856058113908372509064742719733021586 -202.23050968831637820381206658200747546276198220777
-1.9654124461176024799151839928771346919560531677071 234.56233351327627718516372855373505559070074213261
2.1913168529401406396284209945607020164584577377077 -270.05689112569299797729933477678513894842080312278
-2.4344111787152913586722946669782706875939206635144 310.80499636222160075929957146941995412274600489885
2.7150918484793159659847236156927787084267378531749 -359.53916227618075311826960150680182118630294729836
-3.0662949553918400832877242759123648975614823739884 420.27137453418747520708752718476044295498597498409
3.5477313785114691288248285572796726121709983125680 -499.46980953488531194140489421329008243356715236925
-4.2808191066172684482000005348743843470241050398360 608.58870571327416163278531256169071302320140034681
5.5497926013015178951106359939381151069170105347638 -770.35152876169312567694149102227395444289839163579
-8.1674367101706238842493565537374768687707844345244 1037.5644589592439145318525708609148958047540829129
15.360604919468426550054367096908707211883625314689 -1568.3278823446778933471259676641847566592030628828
-52.732836204781509726747075478296785451092335698052 3152.4324444725642038096826071856118986981068288185
79.584756739859257134954187615634472524985704876644 0.0
-45.099064700503338718314056036872554954670712416138 -3151.1883500772771722747060437288004408901098275656
11.404650960863127911605145361040099554367761536053 1563.1843497647759886542131717459509230753146927420
-5.3712848870731843998172006467375591351848461312055 -1025.3538676672629520338769484027852148085461944267
3.2774608057933555207385930062017320906906852443583 746.86605864771122727352458938696782448743886335947
-2.2670591750667480823518910647510908498153509153191 -567.64642600652991874365288109087981779981199826058
1.6397543428212701057970323092954779674858768737279 430.89592437735617496254419693367596491314442804061
-1.1310953030906721755300272575902505459470381373541 -304.10411937648951913356866964993909062883470866805
0.44197191037835657472411622579778439602107393275546 119.78668359377480797021054584553266907673439900420
0.0 0.0
0.0 0.0
0.0 0.0
0.0 0.0
0.0 0.0
0.0 0.0
0.0 0.0
-0.36602260895541690956742377637619044069478140609577 39.772783121851350170123255233486671433944821064579
0.90947394425840026023676313432188691696155313521387 -99.308040500232705342023466678813827499125783455396
-1.2228474174171138492192285487124816329337937663863 135.06175744962383778590893130657441135303869074749
1.4746495184067926000163688620195054617269748629748 -165.81256945569668038471300397786928270291509163131
-1.6953497749488808723516806153644619091600115192192 195.29836596785662546882503506247493119618262501777
1.8996673108780228975639388594641450726985374777949 -225.56163306786018898645011484593089720494351012617
-2.0980582621525557394013695857024145323130746080039 258.23487097316740917264630102050972339956206643068
2.3006748388170503300891386419252512377092754698660 -295.00483635666410924979149097677199070393177566069
-2.5200753538483364281344243253929678948338869962829 337.94167662300837087569004393986011529120880345848
2.7746350722429701235699445426074614625302179286745 -389.89881856649951775982012656566834220869812737180
-3.0946514421538513224711478076385611810346878908204 455.16911374996267339706184851874373804098213349155
3.5354508141976670410400770782520337821228331519970 -540.74700275842117861407869111563896949705753597376
-4.2097438414826919779207629145509259633456084591508 659.07127244614035712432568246373517388069396624048
5.3813304707765455226898347621326668712585842436543 -834.85405798004026132624321084698588094348424544090
-7.8038327364838639081616542003935467318829260330163 1125.5380850849655580734818208102209461443875192562
14.465305722240824204294643955736874976945069544608 -1703.0800881892482975169918812177774061081722884425
-49.036650026620836808431969887340696243241084880992 3426.3176258060976184180944169653715278680903622733
73.519173629130630005174132552038642695389378026056 0.0
-41.430223976788689318161128439387029523586674970726 -3424.1908566437680816478692333493733062634724582936
10.474499399765487454221480446643367192511447748828 1694.2264984114046304082969051173377799916166104903
-4.9267795314323326226752451197154445083247383851478 -1104.2235644076432259285708157868929415870908960601
2.9796661395890439757328066339307434056105039168560 792.90809573825119011018588995725125156165967458378
-2.0040644239816916471888990687519124538468139806714 -583.16538680106468824273255812166447084893539541437
1.3315239584631744334669479396487202808736697732283 404.64707947122896592978464886542918696047666821018
-0.51297134102874429316266670397251187302781312213552 -158.34206843760543646165242096848729509834699186072
0.0 0.0
0.0 0.0
0.0 0.0
0.0 0.0
0.0 0.0
0.0 0.0
0.36969319911447431525887027505928519342342244686097 -39.593979020402596928425578465946534268173447126083
-0.91804363912267434648425498885877893220358631221042 98.817803381666533024719140805838360436033899893389
1.2325814908887419245082472069113647351090273118793 -134.25247962119968989432666719863901569858555666201
-1.4828328398011741857685456451614045411928450608888 164.53510974437732678250197379709153269242201400872
1.6987836533227736635718877139951551952692174885613 -193.31595844996947000319600468538005718085693503444
-1.8942206817507093359742183781915604203999254056578 222.52823397820285687563163059975381604705748397101
2.0781030903324648281499103811637582869525502516273 -253.64673580796806117450406139022477325536417019957
-2.2581704637690501037579157705522318947661326832938 288.11537292622070920071380661981409210112034827210
2.4429506423093668170704319159474294227571956717985 -327.61258063485279344136492631201011762584371597313
-2.6437392651594201749634993763889736002426363624625 374.33023331758676086578719249393504725825041020168
2.8775832961748723844427694322455444940437262692029 -431.38282440277312990366535501354361613457644034858
-3.1729287847234386105872534257811589228181484218922 503.52260856003935668783967522306253762152493425271
3.5819110834584097635050067696136785310617007395741 -598.54032558299642436729901918309681077312099415186
-4.2107664121300154323073796960152031202217063300076 730.32337096094437102122443043497107764327665688651
5.3078695267983949972295865751813272302759614389082 -926.47743129170784823284108459590423498579735982823
-7.5816105211382794309725695373972794571570660340443 1251.1582261446841952701944496059892548553742746770
13.835228690825930375628658356761055707202926665924 -1896.3327364539464373319129415285148944053262731553
-46.224089672153467403193080460325350284943673366849 3820.4018713668086663167149240105838445752965280757
68.674486710103777732901803647942271512616729625704 0.0
-38.369342085569537463737633528663673049270904170805 -3816.5513846932832246660837547953447799020913868026
9.6633929468036299975212184103322950081948326979393 1880.1098128130390929066933777143551030115581023100
-4.5126284888678828150631652883716072555556947344790 -1211.1769053427374797327974324363991098192617295829
2.6676914140418909746144154466664045555920721318482 844.55174591220343682426554390566516416344680413931
-1.6626946102736553877286356169135046757008352912417 -570.50815967918177613666812567193413157677059334460
0.62557607794042775671929839412188758061372136822799 220.99544776370088431058047630707370049704505746410
0.0 0.0
0.0 0.0
0.0 0.0
0.0 0.0
0.0 0.0
-0.38346003615374892255357219657397262103900128031492 40.446349243911329468871201208561009805219761153304
0.95181809567675676416965189416948568684977115283995 -100.90974176815423225966494470870717860721768231510
-1.2765931684957865769318775069369375337713751797134 136.97960584523066055203075147874146391680233499648
1.5331403650348511302328527211800400562721794059630 -167.64930526370320486136896972366494779912932807949
-1.7520131083896681343644416272058382164948328245250 196.59330612525132878661863579742612601597408031651
1.9467876505985333504093492614214014120323558226806 -225.71144213841600430186229152882710604104472678767
-2.1257232344838864261352512364379715746018888744548 256.40043842633692919986898366685804103513140219258
2.2952900109792896919321002342189481511548723678097 -289.96822936138095693058150466114354799235033017284
-2.4618741594320255936383758297002310447157280013465 327.86663439609278144986055472646238716774263233140
2.6331200866897802072432009577618071671500357278162 -371.90635605304512326134207510778098568639178363785
-2.8195943872088761505661466783071002464444860843985 424.54044579625181633850949262177512705068237202063
3.0375393145508955552465231601139001036682791667321 -489.31864695728987066400317416322511780307214738603
-3.3142289488108763542455764374618330463334155466228 571.70422105313519813579882500679087402629334338584
3.6996962614313721749343760170303214484358898562523 -680.68680679767271298383912934311117071258698292037
-4.2957586527069408445858504565649795613660257100848 832.31024817109663584139994808037008371475618208216
5.3399310596912414899502089825471749541909950658061 -1058.4648847643528784732914644238151176349631119951
-7.5078531410177430747312128364293428700575791679577 1433.2150347391287878032193889677278976846017846340
13.465348546823986253707708994104077334930720122612 -2177.9895580389707092998757430515976355521290603812
-44.209702242171670863935030022385157853154973395204 4397.4848443569163734396662757648961199546286818411
64.838058983365393107098126994110565583598251856018 0.0
-35.748329482669813288126045920064968685995015955875 -4389.8046749569238069731052389468994209844940383139
8.9197874922955834226911827919580320246584109612414 2144.9398007311426559758200377099610464625882044582
-4.0900593322776304071409920191711255086086789466318 -1348.2417618476873185077348542697461085728420706509
2.2673255747916480594662045483944942823256205943647 869.33840549225145289840826481243043607972184474470
-0.81786541441319114574398578029163738950484818122666 -331.16956033221337063609493168284398174162502554983
0.0 0.0
0.0 0.0
0.0 0.0
0.0 0.0
0.40982144464352336218965979613564892476875430699613 -42.606046469186804491088787552452182752899080236848
-1.0169370591297664657006965514639753954761460705324 106.26900053317182731974547644361299402979528992881
1.3629144844528610198114930457319086185538102105477 -144.16055402314568795101815864181257372171192424207
-1.6348046670722265474836155240527419535400451830150 176.25221088929193837723419024327192274580418073704
1.8648661272165684126410695284749479108979266285340 -206.37191055667556208710454739586423998889118980600
-2.0671036832486406200314751461008747642947696080357 236.46317513776924226388271224717725015118549879682
2.2496466588026500991150677823181585342785237248537 -267.91445105995018974629749654200913967753594855827
-2.4183938800900111416591781401215698074452064298692 301.98028215115940093745377819132434744425773111342
2.5786261766326049423944736174345013189446116261054 -340.00117354387147541277726665154920936911529631625
-2.7360665035546821927708636396488843690095028625219 383.58606272890512116444760132364179994188905503490
2.8979509617880392722721134370508646453391370387432 -434.83032581798158097885323303785518246837695655230
-3.0745484563188638729358189220820493923867881227723 496.63857681144306125219918549434741524854583806421
3.2818005504626802683977641606145050805058668926944 -573.26394344518759717264111800577868015198788099613
-3.5465237088939795142825547060519720782599419540274 671.29037046736470937018471426656592353514757874766
3.9178187339157965669125652068228394957698554812830 -801.57892350906168340076836922338858472337518925517
-4.4952656028437299020594681663865274668453524678967 983.52600941772761066987226095723351985459471955349
5.5102275565014482410505606841287855856018413544688 -1255.6677810156311559552224787388917381521184194943
-7.6180163047549303143281638649231928123550798648834 1707.4019781247374969542282027126235997392241249464
13.392366422169224008595275125673118158838333458009 -2605.6189234689801158927080364703641476146006305836
-42.998192350232962868507185753438167169833745017259 5280.0695452148131950065016904609811239320339636694
61.853956956859642371399062460987644727367431600439 0.0
-33.384436924495870503277176337210674364677543569785 -5262.2683669361813816539809376298820031173425291511
8.1748909041348545653438659872380154304642201453899 2525.8368130959436235809848121426228943363636949574
-3.5643726681728792373884810209109516348840611646339 -1482.8572100400495019884465997528795573432327810289
1.1845661786273885184212674928173738671716200120888 547.82397712024694329091610713780281907593031324065
0.0 0.0
0.0 0.0
0.0 0.0
-0.45510127675361648499654612489724991418523871107246 46.724783725038944201334357918220265795247626327067
1.1290503978834104902312132496258179444743495511108 -116.51815083744212821894016273734809397762410973128
-1.5123813314951687245804040485615855971504615175535 157.98677371753231074121408597696557614514434243202
1.8125388215446416727406215288079839976841926208167 -193.00356225598559163900560826491175972120162771031
-2.0650525427521332078622558805817958349613657703967 225.73237599071361925196305908975416341308313575179
2.2851102886879402001456089591762572954152656777544 -258.25921582155173793231018695984862322240087893967
-2.4812492020983947783752953486896145822239279181827 292.04266124527864593934274556514455257865223867762
2.6593255354695797312270401497453379352165318113632 -328.36488323098907343860891685417161248927850435412
-2.8241805302577870917444342407738113150724160528693 368.55532467086205068137322129342280821823240896645
2.9806050095450010551414315017513346235368250673563 -414.16139182675893614815378792903419371197956362519
-3.1341471966112724821871295157055307501396665224459 467.13569276899811523297474989295615086846835026107
3.2920783001184255306044203364603555989663260783783 -530.09437235241968152530017761267932730851746744392
-3.4648716960730662518308287870231243564691127693722 606.72232021328827946798200110375636434612337963248
3.6688352894283697652476751594395805364396836246141 -702.46408926234493098817515328099304924824162623135
-3.9313203380997299406123940696815280538633457549176 825.79063252971558179743488805954790342337518200926
4.3021185863961574527011836738456011595932681542818 -990.71256253328680735931680642445766990285101694956
-4.8815066444764497000981122437112834136048602905816 1222.2750207579388135831469214465025585146722447862
5.9007250139398749177608430650829989818459176569077 -1570.2204257432087586230907135595215966313941655126
-8.0097002814193777463976708250310472808319412141093 2149.7812247349836020189626059757422670329645419846
13.740671430579555503937362856427505384112720988925 -3304.2169519931366673600741716464598365394482860528
-42.756589539226556952212705336787492504635301221047 6739.5669760496930811762449279166182453333055099904
59.608492560104667615174116085359996429764487962571 0.0
-31.002613036687188317779298895197536511707283808091 -6686.9952232868427280950025982412762712844662571519
7.2782119413249148620688385827981634814900174263345 3045.1659239870634091299220836562597536391904407675
-2.0142556132702827039870107649780616375287392544803 -1052.4704686531442568814996586815160481015039760952
0.0 0.0
0.0 0.0
0.53578738451312190060104445760218807757978545136920 -54.474515246788627013504440977542770162344892653004
-1.3290304704079148369121460118050289764964878717518 135.82405022398663492388788174269277462284647331720
1.7796387229125477432269006233959361926438819288044 -184.09988703128034913971420772408171308987659732128
-2.1316245730871355335925984594058723561523579152509 224.77894389663467218760201489767095756453689405659
2.4265948195026789087253364877726591624928262145702 -262.68823234750218496381202892382968304189572521764
-2.6821594183239040703440248995850014884763804312405 300.22363447825586689353545766547636906017930284320
2.9080125936538844666880247016175319582225868090787 -339.03530396108527952784852848589738848459256298408
-3.1105551269790157865967943097939222460405897897705 380.54546337487301452508303935850886835401158733867
3.2947764497593712747798200546186850618514327467285 -426.19661991748693857401389144288740185613091727263
-3.4652603094624685557269043816144942478881756966641 477.62989489828619828561068789076561947897792458876
3.6269121819658616886485621439393705827006679493972 -536.86792644164118999855242933173584806068975021436
-3.7856930318984875495236929682964568300485660767594 606.55296331100251129755800104457172162299462235215
3.9495962906867034922320045113940440978584183242075 -690.30158804757640468018813057997676981010817415333
-4.1302072013559677754120699653965132135030773265938 793.27864317016716204140596991086882694436662112657
4.3455002089978268239462702367446578446481097168931 -923.18808947172373552123241968819965441935343356830
-4.6253492756404323335756157194586430381146095095981 1092.0988285502635708363963556406897172487061298331
5.0234780205988025238917613796875002894944845177387 -1320.0734699997614760521791980658847341216530314650
-5.6465624667332881418393277457943188070751061957335 1643.1007634308339025845866248721288065124245033162
6.7368513340243214091100525535809493282723153789460 -2132.7877452964853683334329167470197642907723660432
-8.9643280942930658861730911401709857590996117959119 2954.9892854243830726239047500227214147297275769057
14.896205490603719691830983823007481354656910179121 -4602.5549019348871770538172106119292730782159819789
-44.109586621480647716772814566168840255148861874242 9514.0559503792261740390280717379505986564955142448
58.020513638576327302023927013981045588016762942768 0.0
-27.966986497733735706155903793910048947322306319184 -9270.8892921516068495386787389964177893594212990618
4.5282718376549921609456615488607988385557474212972 2620.0775788260044052875013397008136520506508863176
0.0 0.0
-0.70989273266950553756192917689305108513200419016453 71.711960912753665769454976855651627810368136280129
1.7607503302791453900230942026869177317931958579084 -178.78695144298366564985604653214208842230701784980
-2.3572453684692304944897546712094434016606841122615 242.28104343542198011800222678370685608912819742573
2.8225183648262159058992217426450700683322381489409 -295.71355906608665428080790653925253867855721256219
-3.2115255037448460981704050563018214087844847064945 345.41685849441102827391293463352067906856735967236
3.5473939703168803966074603685183295585556662231133 -394.51618001159159935957488282646795457669662696110
-3.8427017843806528930617839118367982598623011400440 445.14403938426840213472900232393645040739538935534
4.1055665014016263310910644974099451175577711975514 -499.11580632652676010711828468862693582268310553863
-4.3420854243001596012297745931129878670561015906580 558.24710992751090014818526413399488975220680038041
4.5575826540657558754146142738649023224596208688061 -624.57347113792268339389942564577567694040488911138
-4.7574303396115198398637281640879069123933406441569 700.56569575951995388833091818496613802955476071716
4.9477730646708654609210068866597046080303197850453 -789.39911387931169578965151000422513397365647723951
-5.1363721129724975598691152845585337627726922450199 895.34044710944074650029443962075824087593958293872
5.3338115922781247479764879922218895916473718320109 -1024.3512778981254177131518087326080443865846927667
-5.5554618519433591228965972002958630539619323613067 1185.0875490322401282704264481610426633590092062033
5.8249843872273565691712883796818502173677534231183 -1390.6501888417671863619251149483172699154931684519
-6.1811251972680485578925064458355232772240714052586 1661.8454958965971590311096043372766467452861161673
6.6921253683297491067410264727184166706392682468527 -2033.7215628289788303931473220730583241791571758252
-7.4899080521584769970415874811918760020676803940591 2569.9570038901702829516503901663413716200282152699
8.8643040996520201486530485538850069953544888107630 -3398.7531731070654209231418823290683075837607297421
-11.585623699250839490714258628577042592985745403305 4819.8735751308149489943850432045703489005088247113
18.471493473475418730864418151876364341374062147227 -7728.3765496305874086381896352582752466060362175785
-49.887104453399203413419239323936583709857652314724 16537.277712453762462491368338923940007104133648993
57.035000107210671224806281098384811818630380558681 0.0
-18.782030257547643041427913852981036016394839138736 -11674.792219140113883475304776432560040108061342726
1.7531557520238643042775269934286923730245922707999 -176.60546531142605563967914102457764215948309239000
-4.3482071617035657802380678372700924632831279938902 440.28305757422979915266269872479506129859223370059
5.8207698771487063118066325303289278240668885936767 -596.59074043868637331094321728638610317553783195446
-6.9687086923936564345095772218693587158737290598541 728.05691328086616036515752960712238314339537193210
7.9275733173921314109246154501583151676505701794783 -850.25373104611661579542318635544612963692150811738
-8.7542757642767975556753609725592817900673978120899 970.84841906879707663190778412705937748573773765393
9.4796174060255950710895836202037224143231662126943 -1095.0523737941966930905470101216353942642091187261
-10.123292169996996297691716278931825125934469652721 1227.2789026983279230504191677231018484131771914081
10.699863404396615296545043404535327962454098144187 -1371.9157256786786688577361271238091859160890119856
-11.221765815516708561679239966072545858956534566792 1533.8511698883909096323710844245801966691119474111
11.701206137235498078925944042791724958482527975166 -1718.9802257462327034617001774322325131086012069074
-12.151735059681105911586086542075078953025660520420 1934.8256882962580661251860770891955781437302278688
12.589947900591725803546848774252100774821670116064 -2191.4161234361933810725448780695767199112811558952
-13.037751797847288845340488445162733869928897060003 2502.6328538994824724777417654191000814183951994650
13.525828281396657718292979084047350606032711578482 -2888.3992395758214815560830630858779481738646298850
-14.099418908281296476257629130324318474461938258317 3378.4275586367207661173686244785857871159627312261
14.828708504850580597265161989184800885475557489249 -4018.9925469567551281169075784784045659565516130797
-15.828818663647499995219964498227322766636916854192 4885.9803417073832608552489754487575679118896181939
17.301527544566693587624787056506286083747487425907 -6112.0604855859432505542714207246909469763638399221
-19.631474554534563333106359637039131075041686137443 7949.1645964304357401632391376571038977715174167022
23.639373399882626796829109811260893321829638226691 -10932.454248829125411525108581190855893626010682121
-31.385728505772605514541007037482379771235207722900 16399.384552718321330761599124692282966897987669634
49.592435041738654961949992306805300532534274123337 -28694.396403448494893829813359200702516488821017202
-115.31421693697363722292364449542394282922723204620 71678.594070575012211853894586963851761809188574915
84.130185134438282887745176266131588548215352209026 -52982.212372530331195613443383656511484239792336752
