tau,u_left,v_left,u_right,v_right
0.00000000000000000000000000000000e+00,0.00000000000000000000000000000000e+00,0.00000000000000000000000000000000e+00,0.00000000000000000000000000000000e+00,0.00000000000000000000000000000000e+00
1.00000000000000000000000000000000e-01,-6.38667539015370263053118241708998e-14,-5.15710843955753564452616207503988e-12,4.29345661075902053319354162064852e-25,1.32671580898266700066044393745904e-22
2.00000000000000000000000000000000e-01,-2.05053209312844369858992904575918e-12,-7.91735754813843807570707496573256e-11,-2.73858285415977842224733566122943e-17,-3.70233509640409961117668657964777e-14
3.00000000000000000000000000000006e-01,-1.03647857671113513761653307493321e-11,1.14199951912692173776107734222445e-09,-5.37114355591955586310795732586527e-12,3.75503471706631857121114989838444e-09
4.00000000000000000000000000000000e-01,-5.55397022532630468144272698040041e-11,-3.34292479428435625494622460086297e-09,1.63666671051442317976128231858863e-09,3.24617818011325827199345280056306e-07
5.00000000000000000000000000000000e-01,1.21345477604946322354424595721240e-10,-7.53555183251487099842930568256810e-09,-1.11016811923834404892978288940323e-08,3.47152897577895632158562898327435e-07
6.00000000000000000000000000000011e-01,-5.42195367184159816480886852747078e-11,1.81923605582205920598657786624365e-08,-6.30182029592540346302855078288152e-08,2.12055450410680276863522835530637e-05
7.00000000000000000000000000000005e-01,-5.02126398101694042381779526560234e-11,-9.44324938933879232506644911492910e-09,6.76371440210236214729278296508797e-07,-4.46861436939575925626727083063748e-05
8.00000000000000000000000000000000e-01,-4.19039685257757431646418128990595e-12,2.54705794107973915373510484668339e-10,1.24154100667209420850794450708485e-06,-1.30545717354872666992282566882463e-04
9.00000000000000000000000000000003e-01,3.23873994382569186186602826098563e-11,-5.82700427308014337421876226095414e-09,3.15857160420930848052948121955293e-06,7.59713310544751496646437239105643e-05
1.00000000000000000000000000000000e+00,9.83257333916567036898282399374326e-11,7.58021850375355730462698146753334e-09,3.61894958298424413856445311134462e-07,6.15023018969389886191959289084739e-04
1.10000000000000000000000000000000e+00,-1.95943234211190467851794818380834e-10,2.51638266908736244172707394449817e-09,5.63263731780839028019586325845019e-03,2.13510943289331997412579806807987e-01
1.20000000000000000000000000000000e+00,1.75161638887928134818226464739309e-10,-1.07119602910218476297779819000018e-08,4.63328373791845641443509069396473e-02,5.67094859126898001782010259651684e-01
1.30000000000000000000000000000000e+00,-2.00510695652623309301301258288073e-10,1.66877859822837529121527664424229e-09,1.13053201797072885206766671906659e-01,7.44791632237454877238932101885681e-01
1.40000000000000000000000000000000e+00,3.15623004432043141218703126286076e-10,9.44052723077404217902681373639015e-09,1.91986055092540369153717085589238e-01,8.21940409193824644719942530443022e-01
1.50000000000000000000000000000000e+00,-8.73522510947080242708180268259119e-11,-5.17497883775548724487130006466930e-09,2.75622277929576765945654612611792e-01,8.43928770862198011711503803584027e-01
1.60000000000000000000000000000000e+00,-7.27118943296156172761652056697234e-10,-5.23243680111853767268906526515462e-09,3.59683003876547690963855951715943e-01,8.33111323399138664810483241326870e-01
1.70000000000000000000000000000000e+00,1.47378212401943757282371386460187e-09,1.90199135042128047684085509133888e-08,4.41541356172921869028764248469574e-01,8.01577041584831882502914469213602e-01
1.80000000000000000000000000000000e+00,-9.79152303588107908156815319597142e-10,-5.03071020627369365897886594200423e-08,5.19493040196990003876798717195312e-01,7.55708776531588339338393910870605e-01
1.90000000000000000000000000000000e+00,-1.13031980790282415588552111267936e-09,6.88653750827862938065770461734103e-08,5.92397262867881696172409576203543e-01,7.00752565458795101105358891591291e-01
2.00000000000000000000000000000000e+00,3.42466724053851695890645534094473e-09,-2.45580075982458232245462032665171e-08,6.59453704577350502552627416948578e-01,6.39664003970094550803751739155823e-01
2.10000000000000000000000000000000e+00,-2.78547096106998584974858766694154e-09,-5.63438440941361045124829699670773e-08,7.20142978367172364931624644271582e-01,5.73647768295908637366408840284700e-01
2.19999999999999999999999999999999e+00,-1.79723870674751699308826008342136e-09,7.46065539293369025792699548849973e-08,7.74110251296418474614118633135390e-01,5.05381064056182482197479272257863e-01
2.30000000000000000000000000000001e+00,5.68362286224477649535583101463940e-09,2.08198688849131705079280671565085e-08,8.21152320167314331608059232707411e-01,4.35502827557350862415700271504819e-01
2.40000000000000000000000000000000e+00,-2.41980714799446632269490090337380e-09,-1.31516073045118842599936104067333e-07,8.61180198835552621619853197123215e-01,3.65224188444826877334365938275703e-01
2.50000000000000000000000000000000e+00,-6.01163250138514943086947642375159e-09,8.91850571577154565073452634387439e-08,8.94204323815556368191030218071622e-01,2.95466217123894719294765603868377e-01
2.60000000000000000000000000000000e+00,7.84947565406553948184109136855288e-09,9.78208178159036844533471073276923e-08,9.20324581646847962696897081640508e-01,2.27012511411279462231524869605313e-01
2.69999999999999999999999999999999e+00,2.66243592005298600204374773905631e-09,-1.79475425612356849295214692817046e-07,9.39714445609521661475466051672903e-01,1.61077919811756723868767818405431e-01
2.80000000000000000000000000000001e+00,-1.20411127314263698752259065663753e-08,-1.17795278707767139158204334808785e-08,9.52622520582043184113681831812911e-01,9.78151714096911177563044034604018e-02
2.90000000000000000000000000000000e+00,3.57589629829631635290761730655190e-09,2.42729259862915769117565123708252e-07,9.59377555671399998835199574903400e-01,3.79770891977151590459231621035990e-02
3.00000000000000000000000000000000e+00,1.37454181037618927055289944702079e-08,-1.22046639949737608824174613533391e-07,9.60370592162898214783926908754854e-01,-1.72978781398217498779468354897304e-02
3.10000000000000000000000000000001e+00,-1.21124451940571829248082326221075e-08,-2.55228785404076203874531750945792e-07,9.56062567280950138518001795068482e-01,-6.78440716621184962976876318588209e-02
3.19999999999999999999999999999999e+00,-1.10822448922571696151438218069455e-08,3.02358450115809545618536673366032e-07,9.46987035653632662599387175317675e-01,-1.12772226798997885632889886605177e-01
3.30000000000000000000000000000001e+00,2.07367005506823435644214016239556e-08,1.48182801238488278876320430904264e-07,9.33735017894083147961759498084723e-01,-1.51422488076484394180362283167562e-01
3.40000000000000000000000000000000e+00,3.34381640880232438986210563160938e-09,-4.24774702551389156074645131903081e-07,9.16955415833312938468947904909918e-01,-1.83218844673351042260979134807404e-01
3.50000000000000000000000000000000e+00,-2.66552950284686378364525181465162e-08,1.06200463788950480346814085825664e-08,8.97331965567387383011044506187668e-01,-2.07995419013830453827128243544686e-01
3.60000000000000000000000000000001e+00,8.89072671087944765318863837757477e-09,5.20191196558958868322210673704772e-07,8.75570722100583514938997017509055e-01,-2.25961566438902538648149510192687e-01
3.69999999999999999999999999999999e+00,2.68145336643457921330261650643692e-08,-2.92221381628842434350274980274799e-07,8.52355793419387698310663244837734e-01,-2.37345403682933926317555349108235e-01
3.80000000000000000000000000000001e+00,-2.42635515656188823619507126919782e-08,-4.28427979189467847058663969945592e-07,8.28297817172679326545911962480378e-01,-2.42990447807314551716047887183494e-01
3.90000000000000000000000000000000e+00,-1.49914067600905845361390034308588e-08,5.75070423796504643539220923297699e-07,8.03884451916805113344501214249823e-01,-2.44810955528965783277274623791104e-01
4.00000000000000000000000000000000e+00,7.51274502601006319374590173005704e-08,1.81350649309159873189408052949975e-06,7.79436739576883551839629900713307e-01,-2.44175660770872627564381774559193e-01
4.10000000000000000000000000000002e+00,1.04288414443802684407361298711789e-06,2.61734472678709532054122235467013e-05,7.55103322906066043686393975845063e-01,-2.42635934155453653164853071725080e-01
4.19999999999999999999999999999999e+00,8.84176357008877626051595663819102e-06,1.59005746280703103827472702589591e-04,7.30927195179656890593298874050069e-01,-2.40865201693315576653215853648026e-01
4.30000000000000000000000000000001e+00,4.15579655933964946992593696495087e-05,5.54132520198143256170186510515173e-04,7.06913583936879225955448610412863e-01,-2.39265651427627273738762291916034e-01
4.39999999999999999999999999999998e+00,1.34409242936108303939506243368772e-04,1.39020734048583242340709605919678e-03,6.83066561188212434281902441456683e-01,-2.37655333005791658047623326050346e-01
4.50000000000000000000000000000000e+00,3.39176122557556113424055647760439e-04,2.81113081606913354712801160316388e-03,6.59387759975362327687904519830143e-01,-2.35990509519646194806892137254610e-01
4.60000000000000000000000000000002e+00,7.18689224367852242878855388018033e-04,4.89121372835725513789202260493094e-03,6.35877852150811132296463005456589e-01,-2.34259285729725397503043088999097e-01
4.69999999999999999999999999999999e+00,1.33954302953835326607263302565366e-03,7.63313746434097530473377276236248e-03,6.12540670344276754846154316576328e-01,-2.32653428995102098204284545627655e-01
4.80000000000000000000000000000001e+00,2.26563710105902158455996052048230e-03,1.09834145306160215224724004430505e-02,5.89377960205793958055898143968000e-01,-2.30780642219152572846445989577064e-01
4.89999999999999999999999999999998e+00,3.55347464959669308737890249473752e-03,1.48504268382560835538074289759391e-02,5.66390848676563119868090939347681e-01,-2.28921486409798394887110710093750e-01
5.00000000000000000000000000000000e+00,5.24917048788397654848699906435205e-03,1.91206944814146665305023412236553e-02,5.43582169845710342038479212637497e-01,-2.27088053852318444785580876999928e-01
5.10000000000000000000000000000002e+00,7.38704591717299009854439641754386e-03,2.36740395592436177278094162298249e-02,5.20954982422630249364279648269152e-01,-2.25374256164843078466274944746340e-01
5.19999999999999999999999999999999e+00,9.98950483566938343572757907508981e-03,2.83934585575587937935844035177861e-02,4.98510804714648364825861964871112e-01,-2.23544883963534053821252302019045e-01
5.30000000000000000000000000000001e+00,1.30676372790468049696309880461387e-02,3.31702558687021639313514976786256e-02,4.76251929028793428850074981693198e-01,-2.21676146266354844085743673225884e-01
5.39999999999999999999999999999998e+00,1.66222149970748680462968042995191e-02,3.79073256065556922578991286781400e-02,4.54179986451553827733238758241764e-01,-2.19805581824325881127382256030910e-01
5.50000000000000000000000000000000e+00,2.06449936020940900352633360709513e-02,4.25215560665758248195804009094681e-02,4.32298653500836142364561926638724e-01,-2.17908512500070613104168798995407e-01
5.60000000000000000000000000000002e+00,2.51200893923059183261437340010806e-02,4.69431027917348243280229872545038e-02,4.10608382012094048268303412985496e-01,-2.15855982382262279900071528628166e-01
5.70000000000000000000000000000002e+00,3.00252767500915421798777655574769e-02,5.11149346226598234297299028978800e-02,3.89112597655198599336691309280913e-01,-2.13873370911270535076174802747984e-01
5.80000000000000000000000000000001e+00,3.53332454832290795957029848683843e-02,5.49922153724395837354925224554004e-02,3.67813725409885693218135512216299e-01,-2.11965585893913160230348060914289e-01
5.89999999999999999999999999999998e+00,4.10127526056186792215299963579044e-02,5.85407598871436547071062896813450e-02,3.46714683084654629948890816583339e-01,-2.10007445572685402078685553862658e-01
6.00000000000000000000000000000000e+00,4.70295882599281865789278703874486e-02,6.17353075487920547338023969344569e-02,3.25816156076823426387796697034839e-01,-2.07979659068401561097954425651726e-01
6.10000000000000000000000000000002e+00,5.33474498281070761623842801435735e-02,6.45591608304786885619922030946900e-02,3.05121242208785069304445322181235e-01,-2.05901692608942264921300452097578e-01
6.20000000000000000000000000000001e+00,5.99287341151516488033103198231432e-02,6.70026084130732615789312176015372e-02,2.84632138297500461418446636176977e-01,-2.03862217759773470664233758240236e-01
6.30000000000000000000000000000001e+00,6.67351365456833930089542200048428e-02,6.90611791133492936361711728988292e-02,2.64351712397276003556845813455999e-01,-2.01708440464775259823894031265430e-01
6.39999999999999999999999999999998e+00,7.37281561079113286972531777210644e-02,7.07354694954174365280712211551853e-02,2.44280990907219480014894104247329e-01,-1.99564462732959235208004602137104e-01
6.50000000000000000000000000000000e+00,8.08695879755231370041473264589953e-02,7.20305679890366753705036727295908e-02,2.24424157610839118148053256294480e-01,-1.97430068106192876546513424543979e-01
6.60000000000000000000000000000002e+00,8.81218889042490077310543095357694e-02,7.29543206850758900164517529583196e-02,2.04783228804933293763401442684622e-01,-1.95349240125724637592602663799315e-01
6.70000000000000000000000000000002e+00,9.54484052389383880965704496064283e-02,7.35167941640282671899696878180549e-02,1.85359867435229055558865548982405e-01,-1.93131576233438228235191816893294e-01
6.80000000000000000000000000000001e+00,1.02813636928244537215399862594571e-01,7.37309679834134520173654311049247e-02,1.66155914332618151671926642903766e-01,-1.90932450128921638991888150171776e-01
6.89999999999999999999999999999998e+00,1.10183470759241246412840428289016e-01,7.36112977514651744599719906985940e-02,1.47174528811636044734335399279043e-01,-1.88653832912820516475438347021651e-01
7.00000000000000000000000000000000e+00,1.17525264585564228131512619448595e-01,7.31727206450495104948064740781936e-02,1.28418110447093053993173034243838e-01,-1.86429083326473245383643166868594e-01
7.10000000000000000000000000000002e+00,1.24807918136854347315884415672484e-01,7.24313235904097134780635057858759e-02,1.09888680117962024121466380261866e-01,-1.84099375921226286793974818002928e-01
7.20000000000000000000000000000001e+00,1.32002020734722729140689985022733e-01,7.14046198978859310140951069368905e-02,9.15888526656161396189459130824822e-02,-1.81833526224657162484648763431302e-01
7.30000000000000000000000000000001e+00,1.39079901372622356968081016695071e-01,7.01096728462754367540597821994899e-02,7.35216000895101068367936104202796e-02,-1.79495722322145841608961555404359e-01
7.39999999999999999999999999999998e+00,1.46015573121248589356581115892138e-01,6.85633048338223703011915975192972e-02,5.56888410354633672515778842017206e-02,-1.77178118064506258072094645240167e-01
7.50000000000000000000000000000000e+00,1.52784769219835963050090176506825e-01,6.67831798106947541418141085552760e-02,3.80915966761072962193866523757722e-02,-1.74768220803333737255815248341928e-01
7.60000000000000000000000000000002e+00,1.59365014492755187979811246495177e-01,6.47871505670982660215862061821033e-02,2.07333181545703052212656323557306e-02,-1.72393837636557482189645876373958e-01
7.70000000000000000000000000000002e+00,1.65735553421296128795574531029860e-01,6.25917191877848837288702584652769e-02,3.61626049421674234281494180114264e-03,-1.69947083215090155254674785433368e-01
7.80000000000000000000000000000001e+00,1.71877253525757842775764443204944e-01,6.02131776218071995012144347840036e-02,-1.32570091119859879776034632741259e-02,-1.67523295562711934962517981431039e-01
7.89999999999999999999999999999998e+00,1.77772652053839194277605355931664e-01,5.76685241725446758052094298456108e-02,-2.98849063378400611230619418158706e-02,-1.65049613105459089876079840371157e-01
8.00000000000000000000000000000000e+00,1.83405963493775127695350801600503e-01,5.49739638104634742412914101334972e-02,-4.62639581489110002840631926360961e-02,-1.62577082906977535727530171718551e-01
8.10000000000000000000000000000002e+00,1.88762935445063354338069076725923e-01,5.21441142947999568782605404891196e-02,-6.23928786051520394706972526104035e-02,-1.60040758468278601607037713619290e-01
8.20000000000000000000000000000004e+00,1.93830766618062491153737234677822e-01,4.91937049865261640882140966516639e-02,-7.82694025829292206025923364129200e-02,-1.57501557109326369607473418796775e-01
8.29999999999999999999999999999996e+00,1.98598169703063993651414279054160e-01,4.61380389523231614896583671578069e-02,-9.38921641033757320596401263987818e-02,-1.54965366170789045671902954087946e-01
8.39999999999999999999999999999998e+00,2.03055325414442587635467148939272e-01,4.29908669185454688391441179450244e-02,-1.09257457501986586890782534443426e-01,-1.52391710817035331269230563919636e-01
8.50000000000000000000000000000000e+00,2.07193703528272670779447849796038e-01,3.97645159388533762795751967325661e-02,-1.24363838022921876396854323671297e-01,-1.49793867445072365586745764588822e-01
8.60000000000000000000000000000002e+00,2.11006015610427426740987537529222e-01,3.64717863651375219630981306880617e-02,-1.39208785707898878270039644726703e-01,-1.47164843062803201758980075569439e-01
8.70000000000000000000000000000004e+00,2.14486289938370911683598035050517e-01,3.31258548483779167351010860345154e-02,-1.53790841363033126494603282201007e-01,-1.44540216913335125865454868977493e-01
8.79999999999999999999999999999996e+00,2.17629787240408456254196439202258e-01,2.97379251359427581603936861769522e-02,-1.68106992201759431563292608544965e-01,-1.41837052632834442134746677318871e-01
8.89999999999999999999999999999998e+00,2.20432806620130809600167114838702e-01,2.63179716086314535210339825840810e-02,-1.82156368855477579317732071733199e-01,-1.39154257777159529285264794759621e-01
9.00000000000000000000000000000000e+00,2.22892672957486330076562451971504e-01,2.28767675283435690176562806416047e-02,-1.95936777700288118349000442939468e-01,-1.36444602426638794839444554038744e-01
9.10000000000000000000000000000002e+00,2.25007823908075295339707073032093e-01,1.94253745436931637971584380556814e-02,-2.09446281987835249189305795467836e-01,-1.33785830953401012911748348549156e-01
9.20000000000000000000000000000004e+00,2.26777703621502984590118117717548e-01,1.59726338222864329709812479541052e-02,-2.22682224895764200922097823408174e-01,-1.31016125425736238336205534505208e-01
9.29999999999999999999999999999996e+00,2.28202559784585527252542873946961e-01,1.25262243091875097165474004742103e-02,-2.35643218872866682265010834731496e-01,-1.28269577859897927276501846752523e-01
9.39999999999999999999999999999998e+00,2.29283453872874367711799856285514e-01,9.09497504976768640942646240916220e-03,-2.48327429588563316187957668512102e-01,-1.25458952326173250409937502933492e-01
9.50000000000000000000000000000000e+00,2.30022367058400829704180562272925e-01,5.68798892021836153165904017790032e-03,-2.60733284789422772865549318918448e-01,-1.22676588751433532709250316562376e-01
9.60000000000000000000000000000002e+00,2.30422089295448873934987248278247e-01,2.31209781600434242395014441212363e-03,-2.72858957361758429806092511678996e-01,-1.19806118968945567429376877559586e-01
9.70000000000000000000000000000004e+00,2.30486004811459056059733850734578e-01,-1.02717050091213297060359902744094e-03,-2.84702896669799429129859183354679e-01,-1.17021834788436414090133758089687e-01
9.79999999999999999999999999999996e+00,2.30218106568694427424451695513177e-01,-4.32289182848541001292822833897379e-03,-2.96263792843303834750206769301257e-01,-1.14194199550812421249716296218381e-01
9.89999999999999999999999999999998e+00,2.29623128931737422974433576481267e-01,-7.56764015902869814499543143566714e-03,-3.07539492641347758882986789796317e-01,-1.11376898345366554233025783278288e-01
1.00000000000000000000000000000000e+01,2.28706455112674897748053469383388e-01,-1.07561598006207261428724155866705e-02,-3.18528726442698591553109581881415e-01,-1.08454448344523054821973871317542e-01
1.01000000000000000000000000000000e+01,2.27473886456585772042265834130975e-01,-1.38849004635718094405602942897200e-02,-3.29229917934072514653458027926336e-01,-1.05569886755026806375461299435417e-01
1.02000000000000000000000000000000e+01,2.25931634063503298171317089138132e-01,-1.69488391224481789063144756744787e-02,-3.39642265292873383186131010454522e-01,-1.02642722334876680332265770499147e-01
1.03000000000000000000000000000000e+01,2.24086481994397355554785748251893e-01,-1.99419658395342321476954881553472e-02,-3.49763971443806830518628965798971e-01,-9.97296942361341888370093530239271e-02
1.04000000000000000000000000000000e+01,2.21945742462372328170938987386803e-01,-2.28601470482605216663455653091857e-02,-3.59594476859192286455230121790481e-01,-9.67870598222683177518981316191853e-02
1.05000000000000000000000000000000e+01,2.19517011491598263257119988225613e-01,-2.57014821252791329143150182792919e-02,-3.69131864386260501045499613371789e-01,-9.39040362739289573758684724826091e-02
1.06000000000000000000000000000000e+01,2.16808106769179075843818044692852e-01,-2.84629307388809531515268367801026e-02,-3.78375769846573023125214362645364e-01,-9.09924484228319910535671516804283e-02
1.07000000000000000000000000000001e+01,2.13827246449879805393471552795547e-01,-3.11398042534579295161314821576976e-02,-3.87324549969281019007570833387296e-01,-8.80210227097984266175042040064354e-02
1.08000000000000000000000000000000e+01,2.10583085567027784402982059309553e-01,-3.37286140261471502117517315787500e-02,-3.95977941793591829292824170816358e-01,-8.50205117197261122879435254058862e-02
1.09000000000000000000000000000000e+01,2.07084483437768761672782397094662e-01,-3.62285956728045133162297113485397e-02,-4.04334427819790371122494647663582e-01,-8.20371767581677937098831004183343e-02
1.10000000000000000000000000000000e+01,2.03340357041983893564866333373219e-01,-3.86387569804851996024696046068623e-02,-4.12394113079595294851379401720628e-01,-7.90689169928346670812546158304512e-02
1.11000000000000000000000000000000e+01,1.99359833775833358413572242083106e-01,-4.09558807241732748521206197795408e-02,-4.20155661190157180071873986443557e-01,-7.60743193507442751987181449283991e-02
1.12000000000000000000000000000000e+01,1.95152391331309168003066286831378e-01,-4.31768168505669985951845070273295e-02,-4.27619102070591504597945857462548e-01,-7.31212981503782756638511287875514e-02
1.13000000000000000000000000000000e+01,1.90727690624667031959288253930188e-01,-4.53011866369399804818512785308129e-02,-4.34783275120954465456686170021619e-01,-7.01510043749098408572197352805429e-02
1.14000000000000000000000000000000e+01,1.86095341285248939031407622219355e-01,-4.73298271102557673448171667803887e-02,-4.41648466756031824819563570444122e-01,-6.71876439759562982238901715787415e-02
1.15000000000000000000000000000000e+01,1.81264958087506197841604789851892e-01,-4.92614365648769682533972064311275e-02,-4.48214031453938324787109962065053e-01,-6.41303765255646000096815659704520e-02
1.16000000000000000000000000000000e+01,1.76246381141974056478310647596295e-01,-5.10933117454404158887142804054618e-02,-4.54480057362678143119080996901506e-01,-6.11213724419098645656176871547068e-02
1.17000000000000000000000000000000e+01,1.71049651238452781055414953423655e-01,-5.28246340936319992045971274550927e-02,-4.60446000701623307719368655746446e-01,-5.81094011598989419062519064012355e-02
1.18000000000000000000000000000000e+01,1.65684741813928171901084824987878e-01,-5.44572710034067302059603392023473e-02,-4.66112375698134874166442690332461e-01,-5.51591936103322745837476285127373e-02
1.19000000000000000000000000000000e+01,1.60161450001855880048307950075787e-01,-5.59922282026300791776082818028972e-02,-4.71479077509350456732727902883661e-01,-5.21462333947805865409408118346966e-02
1.20000000000000000000000000000000e+01,1.54489601670484521945463336874499e-01,-5.74280156923299462912771195713535e-02,-4.76546296309275526655263337368302e-01,-4.91991267478921652454985167667719e-02
1.21000000000000000000000000000000e+01,1.48679210446532325464796005579641e-01,-5.87630304912229385699066212400781e-02,-4.81314509534226028411554100175328e-01,-4.62005206419500644643827137968782e-02
1.22000000000000000000000000000000e+01,1.42740306605767576384712161720568e-01,-5.99987450182233092352655429484408e-02,-4.85784224116628933907069889878458e-01,-4.32327171336428292779312753086192e-02
1.23000000000000000000000000000000e+01,1.36682672823144007458637114740668e-01,-6.11380444915663141119220255307765e-02,-4.89955979714012281227113710519830e-01,-4.02007775544376670989351001295007e-02
1.24000000000000000000000000000000e+01,1.30515878975967844040145707469134e-01,-6.21818143016490851497389406476300e-02,-4.93830060270344409272471410240560e-01,-3.72384894657580170294803645325831e-02
1.25000000000000000000000000000000e+01,1.24249545664673394235206388458890e-01,-6.31285689629092654003061501165029e-02,-4.97407617927198696674657038477140e-01,-3.42753640911997509083233339688499e-02
1.26000000000000000000000000000000e+01,1.17893409151876805615505848899425e-01,-6.39781194006898523956359566577052e-02,-5.00689325661962736236971035911928e-01,-3.13718042918644913583924927659272e-02
1.27000000000000000000000000000000e+01,1.11457063171980927411854402530926e-01,-6.47334439742368918459967667617152e-02,-5.03676566147705424139483935984469e-01,-2.84197728768538176531445424121131e-02
1.28000000000000000000000000000000e+01,1.04949741966864242008601952500855e-01,-6.53980195451827169297020995487317e-02,-5.06369892688553832789420540208170e-01,-2.55048265479647440963673250350190e-02
1.29000000000000000000000000000001e+01,9.83804585063481059065194498460671e-02,-6.59725409365838746445058596768121e-02,-5.08771333431892348728666840811077e-01,-2.25786961532018311120985702002705e-02
1.30000000000000000000000000000000e+01,9.17582785862831740343324681141493e-02,-6.64557951004160048250588284992853e-02,-5.10881681256384649210734164217470e-01,-1.96706821388984952056713374736513e-02
1.31000000000000000000000000000000e+01,8.50923165979928983492525381095370e-02,-6.68486439866035475866758898504259e-02,-5.12702658200334804571017678022119e-01,-1.67607721155129710334971764431661e-02
1.32000000000000000000000000000001e+01,7.83914331961893866109328115603324e-02,-6.71550163323483598746616545773415e-02,-5.14235174573666479805175582486444e-01,-1.38945099221838309584481699847187e-02
1.33000000000000000000000000000000e+01,7.16640591892525328677533292142518e-02,-6.73788748856235926703737079833270e-02,-5.15481903746786780301789134270281e-01,-1.10620658185264418567477092986469e-02
1.34000000000000000000000000000000e+01,6.49183843437189762902042305668738e-02,-6.75208876770265010002973215264748e-02,-5.16444105734017476793666279126241e-01,-8.24209787131484571275910249458898e-03
1.35000000000000000000000000000000e+01,5.81626418668536068443648651207484e-02,-6.75801565698488274032508024365189e-02,-5.17124237288494519512229543618009e-01,-5.43251473906723782040198488001217e-03
1.36000000000000000000000000000000e+01,5.14050747629909350007653106682570e-02,-6.75579286568247059076224274399752e-02,-5.17523809141544464025694737763562e-01,-2.61811418790570657338805736490815e-03
1.37000000000000000000000000000000e+01,4.46536186268046126313116256270093e-02,-6.74588190205095631208892302256977e-02,-5.17645750112397930241378623934059e-01,1.38601195741517126148990777358513e-04
1.38000000000000000000000000000000e+01,3.79157243226811741284423742505637e-02,-6.72871835843364872672566446633382e-02,-5.17491720933618938723008745290778e-01,2.90433693053716855145488469995729e-03
1.39000000000000000000000000000000e+01,3.11985575280739690449541189625904e-02,-6.70441715383972962194207411985390e-02,-5.17064345824683937777501898498612e-01,5.62116278556967200498418539058658e-03
1.40000000000000000000000000000000e+01,2.45093029266054966300471129790238e-02,-6.67288692346276379283536496029044e-02,-5.16365853125675613073205501565689e-01,8.33016701067491302921269925266312e-03
1.41000000000000000000000000000000e+01,1.78551573871717166880609130571738e-02,-6.63425051677158081908834087117625e-02,-5.15399698319113998527568675208920e-01,1.09612314360806851805116402906288e-02
1.42000000000000000000000000000000e+01,1.12430152831305197098506058986928e-02,-6.58897513243878984757393069437393e-02,-5.14168387753059601874217815114441e-01,1.36204447218069457008378423426609e-02
1.42999999999999999999999999999999e+01,4.67924742222563935576229034977380e-03,-6.53756496094436887661628007609500e-02,-5.12674848117238717688333081054805e-01,1.62131491986852466194875322562927e-02
1.44000000000000000000000000000000e+01,-1.83013673321899599033938627214907e-03,-6.48020961995026193997095533417404e-02,-5.10922008765904100139084302468687e-01,1.88180822185999336602651969556663e-02
1.45000000000000000000000000000000e+01,-8.27916111001670969103360519080357e-03,-6.41683013327115878407149344794389e-02,-5.08913218151572606560450877054907e-01,2.13390007222684809618977571219033e-02
1.46000000000000000000000000000000e+01,-1.46618041763700709029440356664153e-02,-6.34748580522166492866342295828267e-02,-5.06651608811297486895817728395517e-01,2.38801239555200539881014479826553e-02
1.47000000000000000000000000000000e+01,-2.09722800725016723806123510587599e-02,-6.27258878383045326639693819655765e-02,-5.04140363822201841241994858873758e-01,2.63485217338049891594908462938433e-02
1.48000000000000000000000000000000e+01,-2.72053241868868459971364798196008e-02,-6.19270649525134151932152165810063e-02,-5.01383317602337661004290466365463e-01,2.88070906602704241213318751831890e-02
1.49000000000000000000000000000000e+01,-3.33561360890369063218661132076669e-02,-6.10814352624300963254127258790223e-02,-4.98384188345460048223991156996899e-01,3.11741920169030588992247638850119e-02
1.50000000000000000000000000000000e+01,-3.94200457793338188430274081028652e-02,-6.01888279827171413345887005694482e-02,-4.95146953535749003510598500853781e-01,3.35648461109877774981436869510851e-02
1.51000000000000000000000000000000e+01,-4.53923160398333452129918124404733e-02,-5.92487857252749555104318972584485e-02,-4.91674862748127706820000745718876e-01,3.58855915118940953946332509721547e-02
1.52000000000000000000000000000000e+01,-5.12683168809944811934208574599197e-02,-5.82642351263083018446761040737275e-02,-4.87972262068592604131389755921437e-01,3.81785906966266483634727200624125e-02
1.53000000000000000000000000000000e+01,-5.70438649729787257936453447889032e-02,-5.72407274519757719637804265713707e-02,-4.84042897672275841606361693815297e-01,4.04092162110711228849865479913123e-02
1.54000000000000000000000000000001e+01,-6.27153238422616492982894576999665e-02,-5.61829306674869722264276077371614e-02,-4.79891371347048710797018296000396e-01,4.26389330343540370987960739371480e-02
1.55000000000000000000000000000000e+01,-6.82793442548633623218937196275116e-02,-5.50918515945133244505128515059235e-02,-4.75521403872540431257147472759159e-01,4.48038689675736270675086461399526e-02
1.56000000000000000000000000000000e+01,-7.37325515532552445760565822521633e-02,-5.39665401861095911885638643616005e-02,-4.70938075971128143421823898749978e-01,4.69131553236931664771005471569704e-02
1.57000000000000000000000000000000e+01,-7.90715350985466360668720086647792e-02,-5.28078545182236777874019830912600e-02,-4.66145473197109828868014774911166e-01,4.89617939958596469649063350042197e-02
1.58000000000000000000000000000000e+01,-8.42931554234591624997500786005408e-02,-5.16202290912134368829228508180537e-02,-4.61148630945081383711369370801497e-01,5.09854459615428422879212430716064e-02
1.59000000000000000000000000000001e+01,-8.93948086804225012204662031904719e-02,-5.04093350816633104399527836023661e-02,-4.55951449220144899533110987361669e-01,5.29762038228172866480090127596508e-02
1.60000000000000000000000000000000e+01,-9.43743538602146540512258159022557e-02,-4.91782388481343186366242541810725e-02,-4.50559249117616386796548671986671e-01,5.48894941668240479178166424445672e-02
1.60999999999999999999999999999999e+01,-9.92297728511050623094991929222465e-02,-4.79265896070992810661286319180640e-02,-4.44976500823744205860653035006161e-01,5.67758432699635669144689731383651e-02
1.62000000000000000000000000000000e+01,-1.03958946449148796575283280769193e-01,-4.66533279322275293690975148800266e-02,-4.39208632545098801282910735175248e-01,5.86157843468452546425611975223116e-02
1.63000000000000000000000000000000e+01,-1.08559779435334452206354993519020e-01,-4.53604120485072773413026218621057e-02,-4.33260181033377551222875262365551e-01,6.04123767734340792975288569117468e-02
1.64000000000000000000000000000001e+01,-1.13030539739364666923235696837601e-01,-4.40528249985774735682967742652247e-02,-4.27136777797130339190913747652016e-01,6.20979399554913019897357883429924e-02
1.65000000000000000000000000000000e+01,-1.17370029151247711307181298524726e-01,-4.27356163636704937278795279209736e-02,-4.20843280096323134008996409685142e-01,6.37705025024166579492841184028480e-02
1.65999999999999999999999999999999e+01,-1.21577397920566231620144964259471e-01,-4.14103711743038291966195137144381e-02,-4.14385124523391516254297865846683e-01,6.53784741666786783243664472878050e-02
1.67000000000000000000000000000000e+01,-1.25651789711262060762756335940371e-01,-4.00757283007067867122048179124104e-02,-4.07767259613784042266051204840780e-01,6.69773574853700867579847873387234e-02
1.68000000000000000000000000000000e+01,-1.29592185705449106686042945389028e-01,-3.87304818857240274784069854338904e-02,-4.00995367316530778530857488337390e-01,6.84692008565774307730837693226493e-02
1.69000000000000000000000000000001e+01,-1.33397601943770215376980515081138e-01,-3.73767805962119231709915375509799e-02,-3.94074875228231946115380338561102e-01,6.99461053105514140426182525641225e-02
1.70000000000000000000000000000000e+01,-1.37067417847814399148458658970286e-01,-3.60193431073932579360878392749312e-02,-3.87011297341093543355069753782692e-01,7.13417761883598910782117054326725e-02
1.70999999999999999999999999999999e+01,-1.40601481457696271237719483722628e-01,-3.46621077039645185737965538504187e-02,-3.79810185454558418506387040932985e-01,7.27077383369349703757324365610416e-02
1.72000000000000000000000000000000e+01,-1.43999856323760625508083906613275e-01,-3.33052709926223353986038385528069e-02,-3.72477240572336393205115775202778e-01,7.39474343764523809594732486964589e-02
1.73000000000000000000000000000000e+01,-1.47262455416186293138884989375783e-01,-3.19460294664872653916388475040244e-02,-3.65018242950307480390767979889855e-01,7.51842951475381466981360187084171e-02
1.74000000000000000000000000000001e+01,-1.50388901737239515799138945956324e-01,-3.05820848605991924378216638437665e-02,-3.57438535838623658262243244366209e-01,7.63575025009913566129462408503425e-02
1.75000000000000000000000000000000e+01,-1.53378740051353314928738110898792e-01,-2.92142933901955459312835265266789e-02,-3.49744105702110692298126435970386e-01,7.75059452410785139920644525970277e-02
1.75999999999999999999999999999999e+01,-1.56231743774256821277299118173750e-01,-2.78459482814458610582163857467874e-02,-3.41940624311470345251358359648286e-01,7.85528941772160268592826394307192e-02
1.77000000000000000000000000000000e+01,-1.58947978156903340612145105273671e-01,-2.64788984131067220052675104970757e-02,-3.34034305040092775135935352449791e-01,7.95655702031924760530769303704345e-02
1.78000000000000000000000000000000e+01,-1.61527495921680968015222385140455e-01,-2.51108584475716433016402827706967e-02,-3.26030462710124157555745827870118e-01,8.04967993515514940752064063199231e-02
1.79000000000000000000000000000001e+01,-1.63969914821702203912725312223923e-01,-2.37358013174126445070023698247131e-02,-3.17935391033581277021378360408491e-01,8.13802373871570523710368078118899e-02
1.80000000000000000000000000000000e+01,-1.66274220010069684523924265386937e-01,-2.23477610504060699505445470965406e-02,-3.09754749294777894337024162832304e-01,8.21788317728223201227499261250945e-02
1.80999999999999999999999999999999e+01,-1.68438918517298710828813111689706e-01,-2.09433561955754104764214022467891e-02,-3.01494905075334081688328116916867e-01,8.29442050111789674496812246043057e-02
1.82000000000000000000000000000000e+01,-1.70462306332490928550682424900578e-01,-1.95212978379677202630024319721937e-02,-2.93161056102781248583388937207111e-01,8.36723259444285443833010011111366e-02
1.83000000000000000000000000000000e+01,-1.72342482602800860822505483104488e-01,-1.80782042274575727838069167198240e-02,-2.84759665074842133750665545122896e-01,8.43316183060955382586073839831190e-02
1.84000000000000000000000000000000e+01,-1.74076964338334515480670452823820e-01,-1.66054371707394297520613748978243e-02,-2.76296400579847867173215045804510e-01,8.49166101330758518195515382284163e-02
1.85000000000000000000000000000000e+01,-1.75662116925387758716331736105053e-01,-1.50890284853431732137695833730056e-02,-2.67777651553263768458196562797733e-01,8.54356572572454526592391650229893e-02
1.85999999999999999999999999999999e+01,-1.77092796034305566963632615556919e-01,-1.35134626681825949581559273933085e-02,-2.59208722357967909786204802022442e-01,8.59095207105014672291313784796219e-02
1.87000000000000000000000000000000e+01,-1.78362384462461434605775885422185e-01,-1.18652387571250002740078710732383e-02,-2.50596023481831487081959959920627e-01,8.62979227135950446140748311831823e-02
1.88000000000000000000000000000000e+01,-1.79463047676206825028160610549926e-01,-1.01331094749249661753612673941306e-02,-2.41945272955100595651392704285676e-01,8.66539166264683758241110363418457e-02
1.89000000000000000000000000000001e+01,-1.80385800435581499496534460970300e-01,-8.30462562724128611029725301024836e-03,-2.33262698669889432504850300201213e-01,8.69411804590517963426947456484178e-02
1.90000000000000000000000000000000e+01,-1.81120195685765890035458481768288e-01,-6.36268920353328263281637339710420e-03,-2.24553580963009571218848379567815e-01,8.72097262529869231181723919846693e-02
1.91000000000000000000000000000000e+01,-1.81653881590823913663829904378079e-01,-4.28718286150474146583854136908909e-03,-2.15824077925044113459772507944157e-01,8.73762718108749148209918710448248e-02
1.92000000000000000000000000000000e+01,-1.81972651996764041634283490612529e-01,-2.06285383435908694467495262617672e-03,-2.07080037681859190312007379496302e-01,8.74994999895560596040554688724569e-02
1.93000000000000000000000000000000e+01,-1.82061498229846440210480153431416e-01,3.09282325865277080626133850049028e-04,-1.98327367686977313544252482320004e-01,8.75362133666547221437785684588031e-02
1.94000000000000000000000000000001e+01,-1.81906662561706156412113150653362e-01,2.80460540377837488200339269941246e-03,-1.89571521276508568298173066199901e-01,8.75574456396504716607411997042124e-02
1.95000000000000000000000000000000e+01,-1.81498034215098559014823437424900e-01,5.37583013673715008627077949223085e-03,-1.80818357615466714231166451629567e-01,8.74754219567039255341496368344776e-02
1.95999999999999999999999999999999e+01,-1.80830939600609107826653601667301e-01,7.96384146266808059522945611383760e-03,-1.72073696975225166521281825974397e-01,8.73815216863811916161704179463270e-02
1.97000000000000000000000000000000e+01,-1.79906602831504646888030677317545e-01,1.05122939470015193786297147611021e-02,-1.63343001529944061208370889382633e-01,8.72169174048013789262867723283280e-02
1.98000000000000000000000000000000e+01,-1.78731188509417018047897718162491e-01,1.29802021396382013625837657237917e-02,-1.54631735715055180079593328806614e-01,8.70250938965140977659827501801765e-02
1.99000000000000000000000000000001e+01,-1.77313974474546280030479762180902e-01,1.53463447452079653562689706615542e-02,-1.45945241444373647860523625260556e-01,8.67264044206984260383690887441364e-02
2.00000000000000000000000000000000e+01,-1.75665474039687368259294704731816e-01,1.76061202662694340337382497113061e-02,-1.37289400947156754934354663913472e-01,8.63979814121242440050627097927633e-02
2.00999999999999999999999999999999e+01,-1.73796164133946342128026004493974e-01,1.97635032507818792681794899654185e-02,-1.28669318414424675568931528122975e-01,8.60010368463427240202092802067819e-02
2.02000000000000000000000000000000e+01,-1.71716008105912909785089973639157e-01,2.18237422897797937797073968267233e-02,-1.20090433386541823254601156590859e-01,8.55808464475107220469980195862133e-02
2.03000000000000000000000000000000e+01,-1.69434563173499642892897316871070e-01,2.37894716577175713321352651087933e-02,-1.11557703617750443909085007984895e-01,8.50764926310407646400126671738597e-02
2.04000000000000000000000000000001e+01,-1.66961262775187805487018459441166e-01,2.56607176343849479318427162468119e-02,-1.03076756946522438423570377104086e-01,8.45401897246335360801496711346668e-02
2.05000000000000000000000000000001e+01,-1.64305587898805521034931867392450e-01,2.74369326761055651005647383855280e-02,-9.46521108980634636182539169182140e-02,8.39638165716190701881829434350384e-02
2.05999999999999999999999999999999e+01,-1.61477031542763591336355044546923e-01,2.91185527449488354112945585065856e-02,-8.62890634559339119074244073749704e-02,8.33390470813749593334266616484152e-02
2.07000000000000000000000000000000e+01,-1.58484966967662173328436580969547e-01,3.07075002397231350720551604639393e-02,-7.79921788398794450684098275062293e-02,8.26346371158234959124657318645462e-02
2.08000000000000000000000000000000e+01,-1.55338541578138681305835801927444e-01,3.22061529963291264363541992603901e-02,-6.97668238381952895074249025936658e-02,8.18850953020000745427815548047707e-02
2.09000000000000000000000000000000e+01,-1.52046672462595677089603278401049e-01,3.36166593365885090970720835706713e-02,-6.16172809485922063709895424964336e-02,8.11115476647371968899800926954646e-02
2.10000000000000000000000000000000e+01,-1.48618106479824541090947507911146e-01,3.49402661728452273343214374313688e-02,-5.35484753566206243306660730795355e-02,8.02822094191148908537778563855314e-02
2.10999999999999999999999999999999e+01,-1.45061482366764825236157632052138e-01,3.61779752843445729529512883975695e-02,-4.55645416936005196862700374232116e-02,7.94094008472151499228096154821368e-02
2.12000000000000000000000000000000e+01,-1.41385343166360745109234143627982e-01,3.73307780401632551608737667378023e-02,-3.76703399741396297497789054574793e-02,7.84810132077547680419671027731680e-02
2.13000000000000000000000000000000e+01,-1.37598103325922123511517301352703e-01,3.84002648362343860570162591913600e-02,-2.98696841476489505150105367946953e-02,7.75467276792296820173435593030627e-02
2.14000000000000000000000000000001e+01,-1.33708008064797063896626005075523e-01,3.93882230799203021810731284642104e-02,-2.21670372306352952133464518358739e-02,7.65422520142861142019678297946710e-02
2.15000000000000000000000000000000e+01,-1.29723112014182401557752333516047e-01,4.02965740319068163522486234664464e-02,-1.45664054901560013817485051480856e-02,7.54971598288801387600946373449023e-02
2.16000000000000000000000000000000e+01,-1.25651292637156334002429472720861e-01,4.11269568615749204312091405792260e-02,-7.07205349474009785145616705010529e-03,7.43886419835194051663285035852561e-02
2.17000000000000000000000000000000e+01,-1.21500269352520253531975869047023e-01,4.18808666607705837854897559409829e-02,3.12456065353952940897744675929714e-04,7.32946822529171381874411956304601e-02
2.18000000000000000000000000000001e+01,-1.17277620293467070788173383226680e-01,4.25597343101815080326861304611913e-02,7.58325690956191257323733249902189e-03,7.21282050262874556683231975404507e-02
2.19000000000000000000000000000001e+01,-1.12990773909478432789337780339720e-01,4.31650797927472863737794280445897e-02,1.47367914901761837068059723955122e-02,7.09425125718939246307320676891340e-02
2.19999999999999999999999999999999e+01,-1.08646997661720534960111350391531e-01,4.36986354676908140311736759367040e-02,2.17695284379029215695142482593646e-02,6.97005260374191056640528910615879e-02
2.21000000000000000000000000000000e+01,-1.04253381975370725510352403394734e-01,4.41621457581258428153781788256454e-02,2.86781672877993175270143150834421e-02,6.84705076342135385102449564664605e-02
2.22000000000000000000000000000000e+01,-9.98168417051869475934625575449816e-02,4.45574238881431423206461980526088e-02,3.54595131001617627442314265612188e-02,6.71689427130501361499894673283651e-02
2.23000000000000000000000000000001e+01,-9.53441190186796001660356457524640e-02,4.48860671211822715392451388932922e-02,4.21101217954852031408963115427426e-02,6.58476932870174609587539501729788e-02
2.24000000000000000000000000000001e+01,-9.08417928711768841929515810418465e-02,4.51497687267692785790183272636304e-02,4.86271275940647220902437025447489e-02,6.44708091948823767539458362932410e-02
2.25000000000000000000000000000000e+01,-8.63162791987655506732704147921987e-02,4.53500837678888040091397858371608e-02,5.50076978361072582898145062193028e-02,6.31106210792528949530778637814971e-02
2.25999999999999999999999999999999e+01,-8.17738281445033153026206771856676e-02,4.54887976429885478714699932620477e-02,6.12493203250083494173981312128983e-02,6.17005724094618631491309425661157e-02
2.27000000000000000000000000000000e+01,-7.72205184655641758119225586377044e-02,4.55675622365159554127185222725842e-02,6.73489668223197038719607459862288e-02,6.02733077547814930469804620126116e-02
2.28000000000000000000000000000000e+01,-7.26622536474124192788658218371632e-02,4.55881871806026672464092872964464e-02,7.33045468306120504469262948188561e-02,5.88134063922417707770854038885596e-02
2.29000000000000000000000000000001e+01,-6.81047643443209926808787279926178e-02,4.55523378186589014034807580447757e-02,7.91135045928400893367117364409854e-02,5.73539950036930919933786750328796e-02
2.30000000000000000000000000000001e+01,-6.35536092094764077748806428180770e-02,4.54617673396895069818692165002528e-02,8.47739091271586112987015054818750e-02,5.58479916858309424169573843779080e-02
2.30999999999999999999999999999999e+01,-5.90141798676080953617204063693039e-02,4.53181215281132237121600745317202e-02,9.02831652701705288893051742573394e-02,5.43177536675036462011560835648797e-02
2.32000000000000000000000000000000e+01,-5.44916975186879445989342587705160e-02,4.51231043609076891838233590290212e-02,9.56397238574304241947753284180539e-02,5.27755302393051497884224057024637e-02
2.33000000000000000000000000000001e+01,-4.99912153240013590828807049810787e-02,4.48784141324504785060763455506988e-02,1.00841648634163407602144021573184e-01,5.12262111517227317906666353081462e-02
2.34000000000000000000000000000000e+01,-4.55176134070092619186646474603620e-02,4.45857598557419101664941837287000e-02,1.05887680031269445480001931105021e-01,4.96636689467503641000610273793457e-02
2.35000000000000000000000000000000e+01,-4.10756029861241086607381316810171e-02,4.42468836131958778190051571037446e-02,1.10775701460689053861907293464900e-01,4.80736983300801340654218826711510e-02
2.35999999999999999999999999999999e+01,-3.66697236804728237829583341816848e-02,4.38634163349885482020553933470556e-02,1.15504729846398153169465139914321e-01,4.64878373960260701313430958315186e-02
2.37000000000000000000000000000000e+01,-3.23043486041342560959905257598820e-02,4.34370843618236491318385274475091e-02,1.20073378208482337377028854553155e-01,4.48787507981993400188941754241512e-02
2.38000000000000000000000000000001e+01,-2.79836828134644188747753155898978e-02,4.29694908203742270623845730862302e-02,1.24480715496903736829774415962134e-01,4.32612203740154426419124735518317e-02
2.39000000000000000000000000000001e+01,-2.37117663583337159657813205114350e-02,4.24623772565706181321110169933428e-02,1.28725335456850621932044177348851e-01,4.16071804980368315724932520598417e-02
2.40000000000000000000000000000000e+01,-1.94924729022858037617714059975625e-02,4.19173135429711250535781379053123e-02,1.32806735705763977497823280803251e-01,3.99851365011519967488320680781166e-02
2.41000000000000000000000000000000e+01,-1.53295111160857776196887652091168e-02,4.13360203154248491015289155302150e-02,1.36724174399106723979161069078554e-01,3.83406512456933285501015182464925e-02
2.42000000000000000000000000000000e+01,-1.12264258443899264320812537105579e-02,4.07200487704298880234734882801906e-02,1.40477251407019125212580934680979e-01,3.67082257461586337849394615880296e-02
2.43000000000000000000000000000001e+01,-7.18659922493199959385239188413936e-03,4.00711016680539997993699233345406e-02,1.44065223434351326815934491964573e-01,3.50450502385225115416703288169060e-02
2.44000000000000000000000000000001e+01,-3.21325376605574119423558613218605e-03,3.93907094297790290522555478015465e-02,1.47487862037243721252269583813323e-01,3.34130671822814921029954921054078e-02
2.44999999999999999999999999999999e+01,6.90548634454782577060011683972500e-04,3.86804981166090709133766397434111e-02,1.50745166398455523184747304626273e-01,3.17455934380604704810271261501636e-02
2.45999999999999999999999999999999e+01,4.52190232583064766734422407066742e-03,3.79420033038806766560082966086239e-02,1.53837012122240418179574205268651e-01,3.00926258144717210252963692067919e-02
2.47000000000000000000000000000000e+01,8.27805985294838281267523248055370e-03,3.71768107800590312713072033092592e-02,1.56763348573580934193748701447739e-01,2.84172305653881225509963849477677e-02
2.48000000000000000000000000000001e+01,1.19564264798451164040374183005966e-02,3.63864580139540095556596120393986e-02,1.59524424735216250707458831947147e-01,2.67898711850694562024152244902823e-02
2.49000000000000000000000000000001e+01,1.55545624415490572758982930833879e-02,3.55724453448584700370831350481561e-02,1.62120873111459877777242266912045e-01,2.51463853827388518087180430741821e-02
2.50000000000000000000000000000000e+01,1.90701772791317770283245592416651e-02,3.47362947288702027992920695229597e-02,1.64552915535474852821396262634515e-01,2.35137580191572555094498138016305e-02
2.50999999999999999999999999999999e+01,2.25011312891622261376952225684005e-02,3.38794524247267883960178889025270e-02,1.66821261640118594837522018848708e-01,2.18663610709192894998834070596374e-02
2.52000000000000000000000000000000e+01,2.58454301181669785582879439182973e-02,3.30034429853430604267125052340288e-02,1.68926391041709645340493929878925e-01,2.02572795386823869223652334655304e-02
2.53000000000000000000000000000000e+01,2.91012259079490700786900603565716e-02,3.21096319411799874715980780584547e-02,1.70869491430763205155538165213442e-01,1.86332432732082141095973593534560e-02
2.54000000000000000000000000000001e+01,3.22668128824733948778450568107650e-02,3.11995084227210825339836725421921e-02,1.72651205009134834279149818293551e-01,1.70149502761835029238579570474462e-02
2.55000000000000000000000000000001e+01,3.53406268985737396254713424169935e-02,3.02743933728589914318517238899002e-02,1.74272777878854751140839884179061e-01,1.54095838975222081034508605288641e-02
2.55999999999999999999999999999999e+01,3.83212420953887320111908471432342e-02,2.93357536235785630034511292468042e-02,1.75735152416822937650672046556312e-01,1.38426158086414020015061712040058e-02
2.57000000000000000000000000000000e+01,4.12073686018017130891283606034172e-02,2.83848555065062943409665901641814e-02,1.77040093558445009846887154213019e-01,1.22847914446481512674903430550441e-02
2.58000000000000000000000000000001e+01,4.39978512796853234815686621692433e-02,2.74230941695097736898427567776008e-02,1.78188548394420005837361749381005e-01,1.07220429522433773322849055952421e-02
2.59000000000000000000000000000001e+01,4.66916656314789713703154110496845e-02,2.64517075392686584268964749752277e-02,1.79182281113242425617271247884971e-01,9.17579020413176210934797833954044e-03
2.60000000000000000000000000000000e+01,4.92879175145742201407413218173845e-02,2.54720378666200502483432146376909e-02,1.80022680214889859903970067407846e-01,7.65261343543714854923848940069538e-03
2.60999999999999999999999999999999e+01,5.17858378818634206733846790932870e-02,2.44853016363111106748575327635905e-02,1.80711746921801358778093342142867e-01,6.15341584310136718780845511276127e-03
2.62000000000000000000000000000000e+01,5.41847835921140625131781170769012e-02,2.34927414385611078002751063099164e-02,1.81250930635188797132616522438757e-01,4.64429735528168927559456291357565e-03
2.63000000000000000000000000000001e+01,5.64842312914663341378669405524962e-02,2.24955501071754030640330136532983e-02,1.81642410579933043436749887642955e-01,3.18169721129633725168596833254979e-03
2.64000000000000000000000000000001e+01,5.86837785264698429184979754592529e-02,2.14949040116926185379546069270388e-02,1.81888017291224824450215373499659e-01,1.74157339686626444270293958229184e-03
2.65000000000000000000000000000000e+01,6.07831370616864736691229107097559e-02,2.04919807836647274083097766601280e-02,1.81990113924865670139357487755361e-01,3.33270860493206844150649012267909e-04
2.65999999999999999999999999999999e+01,6.27821341299010532031673190161035e-02,1.94878555737650761016122187395052e-02,1.81950602398319246161357120337530e-01,-1.09323695356997352781091745879861e-03
2.67000000000000000000000000000000e+01,6.46807064115776800810265068749499e-02,1.84836744810309542953897390298300e-02,1.81771807930179437844945930286907e-01,-2.47120615808849486801360113029073e-03
2.68000000000000000000000000000001e+01,6.64789000351632807292604505951463e-02,1.74804437145500463316612917018589e-02,1.81456098277828253945049541708591e-01,-3.83670327380934812643508205830470e-03
2.69000000000000000000000000000001e+01,6.81768655363471876203325183852776e-02,1.64792858493151088253205559404606e-02,1.81005945807042842643238724447877e-01,-5.15619134786447464102452772058937e-03
2.69999999999999999999999999999999e+01,6.97748566469904384109836539658411e-02,1.54811280645667992902708536149004e-02,1.80423666592820889005110638847841e-01,-6.48562650784645509181065545148503e-03
2.70999999999999999999999999999999e+01,7.12732267387665488731438734291605e-02,1.44870286805275111016410958925640e-02,1.79711907444603930929348508483616e-01,-7.75759017181642746126818044888334e-03
2.72000000000000000000000000000000e+01,7.26724261042408015112721305249500e-02,1.34978670301304244190246573042920e-02,1.78873507429466882341590225661056e-01,-9.00959054293475591074899010715595e-03
2.73000000000000000000000000000001e+01,7.39729996270490585746912857726688e-02,1.25146543845103398789924446095505e-02,1.77911011518100341930737927398075e-01,-1.02201670864276894600509243842813e-02
2.74000000000000000000000000000001e+01,7.51755825186829625185411335066157e-02,1.15382172586203859833024065666132e-02,1.76827195661242975808650426129297e-01,-1.14425914309293368884575824518106e-02
2.75000000000000000000000000000000e+01,7.62808997852210456715252992643170e-02,1.05694765788507215486193984754347e-02,1.75624726866187815742103743514325e-01,-1.26113890206078994252300939484699e-02
2.75999999999999999999999999999999e+01,7.72897604473657961299563506752494e-02,9.60923147857081132603701064305612e-03,1.74306789256123797571767910184495e-01,-1.37572988701432847181832392991050e-02
2.77000000000000000000000000000000e+01,7.82030579256699517084877142732589e-02,8.65832695259651535823420581297100e-03,1.72876110129973173283494085850734e-01,-1.48631529438249404635152553299399e-02
2.78000000000000000000000000000000e+01,7.90217635149421803188277384219335e-02,7.71753954433680199821473596038210e-03,1.71335747018221228494193176142808e-01,-1.59551854789721436647175584787615e-02
2.79000000000000000000000000000001e+01,7.97469273115291094515560072669321e-02,6.78760770654807627949296223255497e-03,1.69688538522065591319963147657573e-01,-1.69989545462064716604400507677283e-02
2.80000000000000000000000000000001e+01,8.03796716896462465726862739794760e-02,5.86927806824463705111258510923718e-03,1.67938059484890020466485891534646e-01,-1.80140497263718770548826041498519e-02
2.80999999999999999999999999999999e+01,8.09211918211774266174967625551333e-02,4.96321938337327344936133629777307e-03,1.66087043521269075720082061458989e-01,-1.90009446338107006043719320819499e-02
2.82000000000000000000000000000000e+01,8.13727495290500761105429134467303e-02,4.07015123006900796462895915456951e-03,1.64138729139860810104434460584800e-01,-1.99680789152047020226031222600552e-02
2.83000000000000000000000000000002e+01,8.17356733658907917042908400749339e-02,3.19064432934908893713121453043865e-03,1.62096088884638230493975399565263e-01,-2.08976244442916997798565938864442e-02
2.84000000000000000000000000000000e+01,8.20113534515466783942670552334882e-02,2.32537971753781829294814904158940e-03,1.59962762109919170361092678571811e-01,-2.17822524262089099802163920852650e-02
2.85000000000000000000000000000000e+01,8.22012402268809541952576194517340e-02,1.47486411232323474809028203511963e-03,1.57741688404311473838942604747267e-01,-2.26490306475274115137542211635783e-02
2.85999999999999999999999999999999e+01,8.23068406330740050906569717662288e-02,6.39741205185357755060186060907222e-04,1.55436294926371766650706305934994e-01,-2.34751771954023111686479230126406e-02
2.87000000000000000000000000000000e+01,8.23297154729394701725514551121022e-02,-1.79550221559730887052975705165533e-04,1.53049655517217962887873766638253e-01,-2.42667809554508116284936311554055e-02
2.88000000000000000000000000000001e+01,8.22714774079752651341870531589681e-02,-9.82442368434867154867335867653785e-04,1.50585482666832605697473747983210e-01,-2.50126699807387405325312574484185e-02
2.89000000000000000000000000000001e+01,8.21337865905032441111405750349816e-02,-1.76852732957236118157230330998567e-03,1.48046842403537061425400016938365e-01,-2.57547429353516099383830196660582e-02
2.90000000000000000000000000000000e+01,8.19183499840382591977144038228855e-02,-2.53729901851915724430468703512176e-03,1.45437023351110015515296692510344e-01,-2.64470715700397907927201066408807e-02
2.91000000000000000000000000000000e+01,8.16269159927970157824127403390987e-02,-3.28838954458357109796099764003343e-03,1.42759293041393540219360615724856e-01,-2.71163452160898190687324068745864e-02
2.92000000000000000000000000000000e+01,8.12612749320535504147083460526319e-02,-4.02138742511801515802453840467015e-03,1.40017312678592427483045126654261e-01,-2.77292071438284116517717689355564e-02
2.93000000000000000000000000000001e+01,8.08232529143334482646851583172499e-02,-4.73594353373299600049617333012805e-03,1.37214272720720523021623664390051e-01,-2.83356142920049862412494199734618e-02
2.94000000000000000000000000000001e+01,8.03147126242724994311359448063000e-02,-5.43171726323349588551953062795290e-03,1.34353478055540024621420612974379e-01,-2.88866931581884685136985924204935e-02
2.94999999999999999999999999999999e+01,7.97375470886183451527853736070662e-02,-6.10838060682648388573680816687329e-03,1.31438326983095999856402769646473e-01,-2.94132391736709064290400944766912e-02
2.95999999999999999999999999999999e+01,7.90936807712456275609560295173080e-02,-6.76569347007446577603115428819760e-03,1.28472231737645210447249809458224e-01,-2.98892901066548111618320570422180e-02
2.97000000000000000000000000000000e+01,7.83850636650359719977653665632175e-02,-7.40335084629691163752252327622794e-03,1.25458530569325105557958653310953e-01,-3.03711240986651447400015093646693e-02
2.98000000000000000000000000000001e+01,7.76136714880905954399476108556662e-02,-8.02117248430666332011963510610990e-03,1.22400325194692869020323261871539e-01,-3.07959015755058149633336344985203e-02
2.99000000000000000000000000000001e+01,7.67815009229671699039191558029586e-02,-8.61887790056435059654705131603201e-03,1.19301061981497191411841780251507e-01,-3.11898193163487960144807489597483e-02
3.00000000000000000000000000000000e+01,7.58905688267967730948616470612864e-02,-9.19636881906466349651547474623894e-03,1.16164062590496693304318413652090e-01,-3.15387094797969444575858408382120e-02
3.00999999999999999999999999999999e+01,7.49429090312593670938046308220964e-02,-9.75340987170236326245539630615765e-03,1.12992717939923524091082893327884e-01,-3.18804397254089344608400028531954e-02
3.02000000000000000000000000000000e+01,7.39405699481610639982394708106017e-02,-1.02899394524661815891953643352314e-02,1.09789971693491537303125114045605e-01,-3.21701883123376698215088146820192e-02
3.03000000000000000000000000000000e+01,7.28856126683852999656359778301530e-02,-1.08057624113434869814869215179594e-02,1.06559338864820982006543830954450e-01,-3.24279128354950913812094812411999e-02
3.04000000000000000000000000000001e+01,7.17801076064350933757745108497764e-02,-1.13008651994454781676375076806186e-02,1.03303829443243060989056514379946e-01,-3.26513420194188998695251265317729e-02
3.05000000000000000000000000000001e+01,7.06261342011527504008749409711062e-02,-1.17751288788532601730193572742313e-02,1.00026750117279666998576625987208e-01,-3.28678895573831346017451221584680e-02
3.05999999999999999999999999999999e+01,6.94257760529204747632415703478429e-02,-1.22285508907444232353647788707854e-02,9.67309612021721418566618173985879e-02,-3.30467944071140507182643833512682e-02
3.07000000000000000000000000000000e+01,6.81811217137132164875951844824812e-02,-1.26610672553231038672597535995769e-02,9.34198725163438577643359162745991e-02,-3.31749704807567205911054481845555e-02
3.08000000000000000000000000000001e+01,6.68942591818597115447672016945964e-02,-1.30726947334428019532675994114954e-02,9.00963390232804621755631599457421e-02,-3.32762985380125854503063266532850e-02
3.09000000000000000000000000000000e+01,6.55672775505069203860048467942293e-02,-1.34634611929649734616767301032472e-02,8.67635996232387833482331073099945e-02,-3.33601536250331761983217285021641e-02
3.10000000000000000000000000000000e+01,6.42022614258731250808563629939913e-02,-1.38333882631424219605466630768360e-02,8.34243338042352884199324187249262e-02,-3.34134149564274595241654451719604e-02
3.10999999999999999999999999999999e+01,6.28012920522368714752179522612558e-02,-1.41825549504598598491755370052442e-02,8.00817761649363019580681314906077e-02,-3.34188141706955872431031176871930e-02
3.12000000000000000000000000000000e+01,6.13664423631820312037314837280093e-02,-1.45109937892436218799878911644313e-02,7.67386268087511055510340201114564e-02,-3.34161209879155092984658530526960e-02
3.13000000000000000000000000000001e+01,5.98997779926095450323911635453392e-02,-1.48188659986299257537746829969452e-02,7.33977984129018942845910729002379e-02,-3.33846798140467444407520388072670e-02
3.14000000000000000000000000000001e+01,5.84033531086282774333294160251824e-02,-1.51062223380501430847382865051293e-02,7.00619130557911261431786049335121e-02,-3.33338388846740558932726889538864e-02
3.15000000000000000000000000000000e+01,5.68792102743313812147860638803376e-02,-1.53732609429586180173488705492471e-02,6.67340126128855358622724403569621e-02,-3.32245549651299650622586799337522e-02
3.16000000000000000000000000000000e+01,5.53293775182338741186695927736583e-02,-1.56200450425526193498131605157684e-02,6.34166276296650081059167699364453e-02,-3.31062289983356888266197151341111e-02
3.17000000000000000000000000000000e+01,5.37558671060801649024742636177061e-02,-1.58468298114055790545623379439861e-02,6.01124045248789942489849012883569e-02,-3.29598306382100008002510009812943e-02
3.18000000000000000000000000000001e+01,5.21606745369767722910412272412579e-02,-1.60537258826802313746435104919663e-02,5.68238852656316008529188853637109e-02,-3.28025443913830196160539106464485e-02
3.19000000000000000000000000000001e+01,5.05457755466554980224373184635511e-02,-1.62409938685021793491187888862348e-02,5.35537077677556892074452776644639e-02,-3.25895077631721269315104051509679e-02
3.19999999999999999999999999999999e+01,4.89131263232529692152361933951784e-02,-1.64087789104282876792716026143736e-02,5.03042899584691443810052754262573e-02,-3.23815654094553959532880417945638e-02
3.21000000000000000000000000000000e+01,4.72646597747381861267073788769646e-02,-1.65573596812935665549538610419749e-02,4.70779137936730326314305706168669e-02,-3.21422250749798774636009438859337e-02
3.21999999999999999999999999999998e+01,4.56022869945475215164269076421374e-02,-1.66869520051508868355340721908028e-02,4.38769952955902495566878055727850e-02,-3.18860530902426249018076526221206e-02
3.23000000000000000000000000000002e+01,4.39278927660898752714257911112185e-02,-1.67978280474659308841828884532324e-02,4.07039086561050828891860023557331e-02,-3.15796250802911004737533630323756e-02
3.24000000000000000000000000000001e+01,4.22433373727270261818686292928504e-02,-1.68902396831955489631489439702976e-02,3.75609396664991360537871508429431e-02,-3.12715320729169664535754353382712e-02
3.25000000000000000000000000000000e+01,4.05504519195780262893286537025025e-02,-1.69644574350413812786737981145754e-02,3.44499495914452648145845323169860e-02,-3.09363894537437435157644124978382e-02
3.25999999999999999999999999999999e+01,3.88510406952060499391571317625013e-02,-1.70208089247159029110480070308622e-02,3.13732480325086220345591790822034e-02,-3.05942146256965886233659309905927e-02
3.26999999999999999999999999999999e+01,3.71468768429606575868662855035126e-02,-1.70595567275719631235740282621134e-02,2.83328294536823214299795648691950e-02,-3.02140077185848611639223980333289e-02
3.28000000000000000000000000000003e+01,3.54397038783995594384621230824212e-02,-1.70810604138317602753542277619527e-02,2.53307424959263787957089727778508e-02,-2.98282475445191598655489831171060e-02
3.29000000000000000000000000000001e+01,3.37312322923644647733102194561353e-02,-1.70855754925029486702024135028706e-02,2.23685546749083382358433887724220e-02,-2.94231559268964151750276465744509e-02
3.30000000000000000000000000000001e+01,3.20231403985974784508574156423163e-02,-1.70735170120023087845148209045308e-02,1.94483751580679605275020098394941e-02,-2.89939328434865255323393682947013e-02
3.30999999999999999999999999999999e+01,3.03170724097545297929134198111254e-02,-1.70451561720526894674952277255655e-02,1.65718884462925453659303275092517e-02,-2.85379186864261760405161845898818e-02
3.32000000000000000000000000000000e+01,2.86146378082908385851302192325773e-02,-1.70009157197207785791733412573795e-02,1.37409752174339167585050341336258e-02,-2.80777752917359122911996393471695e-02
3.33000000000000000000000000000001e+01,2.69174106514343703368407886453670e-02,-1.69410729578718038744495137048834e-02,1.09568590026436610242832930456963e-02,-2.76050644863321228364155500368510e-02
3.34000000000000000000000000000000e+01,2.52269279524418450759473991410799e-02,-1.68660730853446177947113475152467e-02,8.22133433514756734994947834770140e-03,-2.71075789643731225918873859404725e-02
3.35000000000000000000000000000000e+01,2.35446906308019670099092432248896e-02,-1.67762351617232691265689844629973e-02,5.53583379824859746337731077831716e-03,-2.66036833671390519880947788774025e-02
3.35999999999999999999999999999999e+01,2.18721606065002649449761864210008e-02,-1.66719884327282390558770849472217e-02,2.90189737885416323376649271052682e-03,-2.60835960410183991764828795554333e-02
3.36999999999999999999999999999998e+01,2.02107626573707709511565729636839e-02,-1.65536746980668453544844220479036e-02,3.20524727181234783025462492453769e-04,-2.55579507526311799487486643267694e-02
3.38000000000000000000000000000002e+01,1.85618808335160374870891278073298e-02,-1.64217126394062410694291134692059e-02,-2.20674526512473135558215944791867e-03,-2.49993409707476204564717400718464e-02
3.39000000000000000000000000000001e+01,1.69268613298409524332209786650234e-02,-1.62765021722348921006796532412165e-02,-4.67873321313596106593383218379822e-03,-2.44385114878699785655268456235178e-02
3.40000000000000000000000000000000e+01,1.53070086535553285633113766480623e-02,-1.61184378583112447979462603873867e-02,-7.09424497160523215749288219280051e-03,-2.38664081800816618599265579500073e-02
3.41000000000000000000000000000000e+01,1.37035882672004639610520929141497e-02,-1.59479413282604316113339917605201e-02,-9.45245582034294342570138932088674e-03,-2.33017739851214043942268009915880e-02
3.41999999999999999999999999999999e+01,1.21178231711050753264178104810272e-02,-1.57653870452774998670129527738059e-02,-1.17522638567712367249378112035307e-02,-2.26994608061622599602270747235614e-02
3.43000000000000000000000000000001e+01,1.05508963659148400162221470304716e-02,-1.55712464133708068770479901425334e-02,-1.39926993998167589846064820539678e-02,-2.21082119157877247791052156614559e-02
3.44000000000000000000000000000001e+01,9.00394828862785014197686924813245e-03,-1.53658784605410315999457550020085e-02,-1.61729040270555509291288585314068e-02,-2.15028488186696904201810621288047e-02
3.44999999999999999999999999999999e+01,7.47807830435957988801675538348558e-03,-1.51497661552910636866928894458662e-02,-1.82922248017969467903870406537210e-02,-2.08971352297080960998312007651260e-02
3.45999999999999999999999999999999e+01,5.97434309849418643660395830780710e-03,-1.49232502210751416497249168045055e-02,-2.03498980538671727221162459661321e-02,-2.02585053868805910972236579711876e-02
3.46999999999999999999999999999998e+01,4.49375728465808724085220256634982e-03,-1.46868400019675254423585828097838e-02,-2.23451063117256641390651751266958e-02,-1.96355953531674256055725286026394e-02
3.48000000000000000000000000000002e+01,3.03729343004457497721629541174135e-03,-1.44408866661545634984081578219085e-02,-2.42774234226529559805524002200917e-02,-1.90033943046951253945181947065253e-02
3.49000000000000000000000000000001e+01,1.60588105383022931801897790581936e-03,-1.41858811906982503836031007028915e-02,-2.61463497157646742567926092997930e-02,-1.83794430944751584874019823337498e-02
3.50000000000000000000000000000000e+01,2.00408027946234686861519191125559e-04,-1.39221799831413155525309465032262e-02,-2.79514891052646459987661218108515e-02,-1.77260533011775331276940084139989e-02
3.50999999999999999999999999999999e+01,-1.17828142673632148390953505216194e-03,-1.36502642924608004849791243813815e-02,-2.96922757860821200053425247723204e-02,-1.70828873928164468604665829800277e-02
3.51999999999999999999999999999999e+01,-2.52938415604153083188707573019674e-03,-1.33705242026744256809699653046340e-02,-3.13685737067010140454962720129549e-02,-1.64418811073714774703090424088654e-02
3.53000000000000000000000000000003e+01,-3.85214075319431344566518696629903e-03,-1.30834071259746419156925413721365e-02,-3.29799934726581050139360185510883e-02,-1.57980662654335337697528113486449e-02
3.54000000000000000000000000000001e+01,-5.14583260883161044009283183771219e-03,-1.27893143801891654076984122772502e-02,-3.45264794632327107236717141103951e-02,-1.51296772868145772003860371024254e-02
3.55000000000000000000000000000001e+01,-6.40978482058854098528434607772336e-03,-1.24886661859881246631973428977439e-02,-3.60076713086278082667791727267232e-02,-1.44756943057703479356808133798506e-02
3.55999999999999999999999999999999e+01,-7.64336270747017411247435038497567e-03,-1.21819051273596392915060475096962e-02,-3.74237551893600089804378344485152e-02,-1.38338496669035717806178785952774e-02
3.57000000000000000000000000000000e+01,-8.84597473855581091994810025213410e-03,-1.18694125604448923745269358430934e-02,-3.87745859687514684809330402336309e-02,-1.31867104124630589310261440499518e-02
3.58000000000000000000000000000001e+01,-1.00170694737560994884075628408975e-02,-1.15516408801538545285779018275514e-02,-4.00603273368120346272131104509361e-02,-1.25305275107368757904204338209359e-02
3.59000000000000000000000000000001e+01,-1.11561377070861381314209075232794e-02,-1.12289400743917332355386854495793e-02,-4.12808716113258197268204548466820e-02,-1.18742744590039069810350394745071e-02
3.60000000000000000000000000000000e+01,-1.22627101646225312271834470483989e-02,-1.09017911136874863776977017438594e-02,-4.24366514551055336774524240847831e-02,-1.12351943124724320515182308820959e-02
3.60999999999999999999999999999999e+01,-1.33363583868191366003548298973590e-02,-1.05705237911141753212607333119402e-02,-4.35276776715625814511364848539869e-02,-1.05891053804988779313355041501728e-02
3.61999999999999999999999999999998e+01,-1.43766937755457572600049467177777e-02,-1.02356058513898091928108348238565e-02,-4.45542973939070253769629861650317e-02,-9.94011038523264450972802396500654e-03
3.63000000000000000000000000000002e+01,-1.53833672680206943356879325525413e-02,-9.89735152720798715748596825439096e-03,-4.55167362945412113893603231278914e-02,-9.29176529558646822384935792721989e-03
3.64000000000000000000000000000001e+01,-1.63560692889545042841488562102696e-02,-9.55622907528323928880448894056966e-03,-4.64155936322840182360669628153395e-02,-8.67487223547197016308313567596601e-03
3.65000000000000000000000000000000e+01,-1.72945281279160460654142194268531e-02,-9.21256043890247667677245861127998e-03,-4.72511602075839309753334066161920e-02,-8.04199553086745347560708781487841e-03
3.65999999999999999999999999999999e+01,-1.81985112339463579033981676366623e-02,-8.86677460187129860854616639243107e-03,-4.80239257034731196904537834960186e-02,-7.41568195799088428346172593975150e-03
3.66999999999999999999999999999999e+01,-1.90678224643351635056398666541100e-02,-8.51919514698516175554588295436635e-03,-4.87343425849160688051212270992831e-02,-6.78802333863344824786437341266636e-03
3.68000000000000000000000000000001e+01,-1.99023041444876389224503586371395e-02,-8.17022579780701658829700743352908e-03,-4.93831330743358522469246631780810e-02,-6.18564195414670477457513468007372e-03
3.69000000000000000000000000000001e+01,-2.07018334282665628963239927399568e-02,-7.82021770445250025182104771999298e-03,-4.99708530611152877559558906225059e-02,-5.57022727849614301316906517378170e-03
3.69999999999999999999999999999999e+01,-2.14663248680410025492695086264620e-02,-7.46952332106711404682405382266755e-03,-5.04980423147643002955975573080767e-02,-4.97003262524393945562422293765315e-03
3.70999999999999999999999999999999e+01,-2.21957268030210637194994639504573e-02,-7.11849845767548204110486381337801e-03,-5.09654937194747656125582526046319e-02,-4.36785257107829404167061760074345e-03
3.71999999999999999999999999999998e+01,-2.28900235852645948137347790855852e-02,-6.76745991707738193214802156789789e-03,-5.13740554939276017841404976254311e-02,-3.79839040825815349588682163066612e-03
3.73000000000000000000000000000002e+01,-2.35492320658895120032284738105753e-02,-6.41679295032768218406791753000981e-03,-5.17244861447072733674498600257144e-02,-3.21889675349031726766394302022147e-03
3.74000000000000000000000000000001e+01,-2.41734034105847467511628925301322e-02,-6.06677053769735448159389976614659e-03,-5.20174060164917765786623082913859e-02,-2.64752552116772632863179931030488e-03
3.75000000000000000000000000000000e+01,-2.47626204492545168808449193332333e-02,-5.71777010497032124763536476728108e-03,-5.22538389184835696857267426591592e-02,-2.07990412981693385363024147187021e-03
3.75999999999999999999999999999999e+01,-2.53169984907080486723210255740883e-02,-5.37003383796481881584030684576466e-03,-5.24346625031317032905018399811877e-02,-1.53723175261233082913045674350593e-03
3.76999999999999999999999999999999e+01,-2.58366834814323044450018373309549e-02,-5.02395350479868288102656967560234e-03,-5.25608849034919627292579324086838e-02,-9.87925720656576230527204666374051e-04
3.78000000000000000000000000000003e+01,-2.63218515598693634727059181105333e-02,-4.67975198991671911889189699046125e-03,-5.26332041350706251704407536593235e-02,-4.55619856421734958637936879317048e-04
3.79000000000000000000000000000001e+01,-2.67727088152193482057084283988699e-02,-4.33778691626104138410529970807325e-03,-5.26528198075040371828057669051467e-02,6.45149650944792369500320417092149e-05
3.80000000000000000000000000000001e+01,-2.71894894905618369331535183437303e-02,-3.99827128490942575600347805385884e-03,-5.26207534131702439425417819148859e-02,5.70807579569391429668798648821774e-04
3.80999999999999999999999999999999e+01,-2.75724566695399730251682416298152e-02,-3.66154537181197969124251646231224e-03,-5.25381550582952388910820449261126e-02,1.07333661262872792725024560905505e-03
3.82000000000000000000000000000000e+01,-2.79218993308613457331803961591877e-02,-3.32783578728777750051165094315690e-03,-5.24057549316264626106022012957406e-02,1.56763965409786298768073520329851e-03
3.83000000000000000000000000000002e+01,-2.82381341158003151633822602576959e-02,-2.99742877621630996535004590748257e-03,-5.22249003037510454458617667026189e-02,2.04594361845406983899015921488648e-03
3.84000000000000000000000000000000e+01,-2.85215018861624148990739191926889e-02,-2.67054775041948521164794546415997e-03,-5.19966793808087438688772405739565e-02,2.51302904229345163076361442956535e-03
3.85000000000000000000000000000000e+01,-2.87723696710950534014587580548790e-02,-2.34744867465743510280441577986687e-03,-5.17223276004406322664172589321439e-02,2.97193549546458571704075658493092e-03
3.85999999999999999999999999999999e+01,-2.89911267096457738558936196350389e-02,-2.02838067846147144029637677727378e-03,-5.14027632787348692266769065344245e-02,3.42347392878224799809165031730271e-03
3.86999999999999999999999999999999e+01,-2.91781867278753919789752500551562e-02,-1.71354227158119527139405004839066e-03,-5.10393701246635336653034499019092e-02,3.84245109138069739203252472459810e-03
3.88000000000000000000000000000002e+01,-2.93339843261094407121149073349487e-02,-1.40318155824992362407941448224810e-03,-5.06333251022661957418700785513856e-02,4.26290216689901094578349028399356e-03
3.89000000000000000000000000000001e+01,-2.94589766886581864513146241547738e-02,-1.09745660805168854689428432822050e-03,-5.01859300039442252858348260111976e-02,4.67414754986007540558739072029560e-03
3.90000000000000000000000000000000e+01,-2.95536403855401968926076363709254e-02,-7.96640064793459428063185330787930e-04,-4.96981840724578341670808898543054e-02,5.07919633518385367401914401996978e-03
3.91000000000000000000000000000000e+01,-2.96184721725132534982980243107403e-02,-5.00853417111544976986776670173765e-04,-4.91714529896033943312770854197325e-02,5.45274863142475578836241988650668e-03
3.91999999999999999999999999999999e+01,-2.96539872888436900234560276222129e-02,-2.10344152443123062026608645753428e-04,-4.86070643343487275245133129850427e-02,5.82854359501973304098302226305208e-03
3.93000000000000000000000000000001e+01,-2.96607190115253366040942809846530e-02,7.47895266215463827039106715588695e-05,-4.80062736660661231367628254636555e-02,6.18487417029348924050589639468604e-03
3.94000000000000000000000000000001e+01,-2.96392177917045149452256090950285e-02,3.54299454020444950382647959717976e-04,-4.73702437104272531902288859769877e-02,6.53810059326051399075470804243571e-03
3.94999999999999999999999999999999e+01,-2.95900496401848696434724234427164e-02,6.28093933250099007678873931403501e-04,-4.67003487682703150382221645458182e-02,6.85556235677911353644460678139600e-03
3.95999999999999999999999999999999e+01,-2.95137966879214553434592112035052e-02,8.95970347221058040059043844221689e-04,-4.59979577646512510008834816157203e-02,7.17625466201563635192916274681224e-03
3.96999999999999999999999999999998e+01,-2.94110546119613409692758131584497e-02,1.15784496344928341175778558905441e-03,-4.52642690294402132683502102535865e-02,7.48740791443932575299889808574439e-03
3.98000000000000000000000000000002e+01,-2.92824339480313266548549342040734e-02,1.41354095246569329409718008961376e-03,-4.45005902565570474126935971351360e-02,7.79099267752609474273535552897212e-03
3.99000000000000000000000000000001e+01,-2.91285564241225074030301607319323e-02,1.66295195192412017937446987320802e-03,-4.37081794199725415030395931729047e-02,8.05707147695422988338032273213971e-03
4.00000000000000000000000000000000e+01,-2.89500571860665604478980204434086e-02,1.90595895771783540326893512716202e-03,-4.28884969398439768092658011893624e-02,8.32776405652301882600098656787982e-03
4.00999999999999999999999999999999e+01,-2.87475810709057085085897286833305e-02,2.14245863366987434314116672253092e-03,-4.20427321171654477994568920464101e-02,8.58588976435782059147763705374647e-03
4.01999999999999999999999999999999e+01,-2.85217846503680402322989526224967e-02,2.37236794396653239877948314863419e-03,-4.11722464213918229760596363571964e-02,8.82937252924937267607576554151901e-03
4.03000000000000000000000000000003e+01,-2.82733324634563257119604007733125e-02,2.59555460562101413019482062500666e-03,-4.02782751532654583496242387929441e-02,9.04542236184724292741672982042946e-03
4.04000000000000000000000000000001e+01,-2.80028988004167112340566782960405e-02,2.81198569234747741982643534004486e-03,-3.93622938077325342299338343789237e-02,9.25958634952053047020001992895190e-03
4.05000000000000000000000000000001e+01,-2.77111647989465506503499741902366e-02,3.02153697684634278765135098502360e-03,-3.84253621881082926587276862432211e-02,9.47053412239997179576942562643574e-03
4.06000000000000000000000000000000e+01,-2.73988195048964793959629373859972e-02,3.22421108121144704882926248768194e-03,-3.74689231732137409885204311961208e-02,9.66690141596983977596965716691844e-03
4.07000000000000000000000000000000e+01,-2.70665575543718748258586424788704e-02,3.41986685995376234114913833278022e-03,-3.64941894667186749264212435550015e-02,9.83423144842712080195088230891069e-03
4.08000000000000000000000000000001e+01,-2.67150791122053034128105928825182e-02,3.60852784366888765266131130845302e-03,-3.55025575454963037503612634281472e-02,9.99140025905333175568387452849698e-03
4.09000000000000000000000000000000e+01,-2.63450891868464203624205109814970e-02,3.79008553511091399718424732335199e-03,-3.44951103740608027497669900615534e-02,1.01523821592115314147955338395628e-02
4.10000000000000000000000000000002e+01,-2.59572963181234449464094082900861e-02,3.96457824240892256990113884139450e-03,-3.34732807314283559317581874916436e-02,1.02893812365512772065527224798052e-02
4.11000000000000000000000000000001e+01,-2.55524129125184178625159238999171e-02,4.13190794100701090289430417359937e-03,-3.24382255699999122992884759761170e-02,1.04096171729102039671600581317360e-02
4.11999999999999999999999999999998e+01,-2.51311526975108238074763030444962e-02,4.29210229470705104332009716420682e-03,-3.13912876491711350160607843047083e-02,1.05197782717242579977557976615447e-02
4.13000000000000000000000000000002e+01,-2.46942322251690153758573723009733e-02,4.44511300269826000024885954315866e-03,-3.03334890815947443976981571854990e-02,1.06331746130155258447051303465508e-02
4.13999999999999999999999999999999e+01,-2.42423678309293378723335363225425e-02,4.59096870811241241188711720130421e-03,-2.92661531338611519559284757227974e-02,1.07207795496465538200041302000756e-02
4.14999999999999999999999999999998e+01,-2.37762775468631098571616466237697e-02,4.72965044960571137830841795367001e-03,-2.81905160214045175094930913981284e-02,1.07977768668979325690939206511207e-02
4.16000000000000000000000000000000e+01,-2.32966774005074347310413450143070e-02,4.86115902851206910831941236819067e-03,-2.71077872548852413913385496386352e-02,1.08541946086851365322037430839030e-02
4.16999999999999999999999999999999e+01,-2.28042837932084423907317896578775e-02,4.98552670280449059039126737436329e-03,-2.60189603049563599377914759563347e-02,1.09185160535538969112645076659766e-02
4.18000000000000000000000000000001e+01,-2.22998100039180122438912385650394e-02,5.10275233499261190427292929295301e-03,-2.49253018003983614098387771301413e-02,1.09573963878840535337143605951103e-02
4.19000000000000000000000000000000e+01,-2.17839682977397736537351151686383e-02,5.21290528762161422674459376476026e-03,-2.38280072305156395433866476912574e-02,1.09872824577787563191202901565511e-02
4.19999999999999999999999999999999e+01,-2.12574667373838619131692203789430e-02,5.31595368219960141270257614800344e-03,-2.27281019669592034501218507000490e-02,1.10038120331947700067405595802493e-02
4.21000000000000000000000000000000e+01,-2.07210105250186732355529979478011e-02,5.41200455059118795453632919366577e-03,-2.16266176230443564757287075020203e-02,1.10274133724239960111498291491939e-02
4.21999999999999999999999999999998e+01,-2.01753001264698342402060369092184e-02,5.50103809775541086994835568954500e-03,-2.05246457715759023210970617800641e-02,1.10202329514513655338556616979983e-02
4.23000000000000000000000000000002e+01,-1.96210315312188868208488890092658e-02,5.58318087368812716951251470622842e-03,-1.94233939538364751021210436987957e-02,1.10080127169112164638561343806110e-02
4.24000000000000000000000000000001e+01,-1.90588953301480513919509472658650e-02,5.65840872581882932223439616053832e-03,-1.83238003450812021088804007174979e-02,1.09815910529871160386897083284823e-02
4.25000000000000000000000000000000e+01,-1.84895758018581099982200005401058e-02,5.72685143214952874479765718986520e-03,-1.72268173478650145078002500118668e-02,1.09556906273788602638575590991947e-02
4.25999999999999999999999999999999e+01,-1.79137513563741014536604365696711e-02,5.78851826638674555430024946499812e-03,-1.61333992452532041500760329825106e-02,1.09110228190737979809317459174258e-02
4.26999999999999999999999999999999e+01,-1.73320926530204447375231519788031e-02,5.84354243376030272703504118351053e-03,-1.50447560336001443024595221074265e-02,1.08610934639844825900195295139669e-02
4.28000000000000000000000000000003e+01,-1.67452639547030909173190633468933e-02,5.89194808413454026411117411023420e-03,-1.39616158420789028371304191805840e-02,1.08001815950655865392841819489336e-02
4.29000000000000000000000000000001e+01,-1.61539201783098633476566313762196e-02,5.93384653316200686873447633449326e-03,-1.28848952836612493262405249772214e-02,1.07373122605665338554935170248307e-02
4.30000000000000000000000000000001e+01,-1.55587092417089396965837538641917e-02,5.96931115854422767757730069305840e-03,-1.18154676915179484359434357283110e-02,1.06554705682754911604152596822698e-02
4.31000000000000000000000000000000e+01,-1.49602687534655308202098436867781e-02,5.99844103346448711393630194178885e-03,-1.07544344201038408944987735482189e-02,1.05640382081030040833581680167249e-02
4.32000000000000000000000000000000e+01,-1.43592285073280686515628234015849e-02,6.02133941069269102554794173280617e-03,-9.70245725806595231118637532858068e-03,1.04729224273120056812228503361956e-02
4.33000000000000000000000000000001e+01,-1.37562070789658991533611867303331e-02,6.03807351969923164569661984382269e-03,-8.66038898533888525598214357005147e-03,1.03702676877672310538392917969970e-02
4.34000000000000000000000000000000e+01,-1.31518141970169204118028084466700e-02,6.04878901740297599191290669008339e-03,-7.62891574669771694306747070190077e-03,1.02549849707215355523361513581848e-02
4.35000000000000000000000000000002e+01,-1.25466479913749379510707792141434e-02,6.05354755018005661042021571703008e-03,-6.60905257322469107571100609030206e-03,1.01351206378915805589812551290970e-02
4.36000000000000000000000000000001e+01,-1.19412967146199736800635730443069e-02,6.05252050610227570256313671312856e-03,-5.60139372164988106092740724842915e-03,1.00188975929692280091519774479935e-02
4.36999999999999999999999999999998e+01,-1.13363366220824555721482497435142e-02,6.04574339700675039589748356850954e-03,-4.60663058997121392253451960568058e-03,9.88386108926058971058445389170085e-03
4.38000000000000000000000000000002e+01,-1.07323328062601914002663414229031e-02,6.03341021910429361215364922531823e-03,-3.62543571923597255412103619947724e-03,9.74160780202930206449232526180877e-03
4.38999999999999999999999999999999e+01,-1.01298384678791387996757545064977e-02,6.01557188163439902584426094552684e-03,-2.65867669439667331208229992879842e-03,9.58679173683691231892570897828078e-03
4.39999999999999999999999999999998e+01,-9.52939446181519931889495498834118e-03,5.99242391874583798454117281656513e-03,-1.70683924336888444632165800520348e-03,9.44349452621316529890832896562596e-03
4.41000000000000000000000000000002e+01,-8.93152971861134634733366008546331e-03,5.96401918487498053001160709850528e-03,-7.70534341130511198269086503701778e-04,9.28446941117624179193235545144770e-03
4.41999999999999999999999999999999e+01,-8.33675961079525396891715558158404e-03,5.93054189464722691633214907839225e-03,1.49652984128544102087125073779008e-04,9.11790445615565953569725873019387e-03
4.43000000000000000000000000000001e+01,-7.74558765446402050752238900687174e-03,5.89208082181916987784532025912164e-03,1.05309017551712200833635616639240e-03,8.94162955736799582591628197780490e-03
4.44000000000000000000000000000000e+01,-7.15850308318164313720390082034165e-03,5.84880889705445550336920049631198e-03,1.93927355993087880808105397434198e-03,8.78099100679694297778991923395954e-03
4.44999999999999999999999999999999e+01,-6.57598306550185066587545963488986e-03,5.80082988975610804528035564584613e-03,2.80775198698072719872594686013171e-03,8.59666772193313965894623003634678e-03
4.46000000000000000000000000000001e+01,-5.99848970402309385811763863151039e-03,5.74828564542606410639996810250169e-03,3.65800170424631371335396086006221e-03,8.40721248266588964744739205086231e-03
4.46999999999999999999999999999998e+01,-5.42647290087440967820061384118984e-03,5.69132663064961586253342478931527e-03,4.48951310868151163773799222239157e-03,8.21209766695130564426489484323886e-03
4.48000000000000000000000000000002e+01,-4.86036725118569935040999230429247e-03,5.63007507995304016491740542658770e-03,5.30187068781824526757198694688336e-03,8.02937755098762753098463978414009e-03
4.49000000000000000000000000000001e+01,-4.30059473149226652863404868085671e-03,5.56470439036759862737485176430925e-03,6.09479696139032268106960801475798e-03,7.83068324565719159276717166563105e-03
4.50000000000000000000000000000000e+01,-3.74756181737153734777857104600094e-03,5.49530019519282120073700958429544e-03,6.86777169348634339506106594921876e-03,7.62748461332170735386726501567866e-03
4.51000000000000000000000000000002e+01,-3.20166173667047478888064713679469e-03,5.42207038701014659773221310185288e-03,7.62051497152016761702554036315600e-03,7.41834064772274637470426591549548e-03
4.51999999999999999999999999999999e+01,-2.66327270324120622387023033397628e-03,5.34509717783486824642125660355656e-03,8.35267013247262712438371315548347e-03,7.22265816029477431786660212016004e-03
4.53000000000000000000000000000003e+01,-2.13275896411915372805117636712088e-03,5.26459657018351246304408839412129e-03,9.06400638890915473872510105176595e-03,7.01267077393663569934861537221566e-03
4.54000000000000000000000000000001e+01,-1.61047001014212150192828089045312e-03,5.18063101608276841813137430637760e-03,9.75411355011716528449165240939809e-03,6.78948177670798533993142047157686e-03
4.55000000000000000000000000000001e+01,-1.09674061664294334519471374852823e-03,5.09342035758128265519887751119285e-03,1.04228706321663727137629499302299e-02,6.57104349925221079546710531586879e-03
4.56000000000000000000000000000000e+01,-5.91891450871923346345577310970147e-04,5.00305054347580442850001920825958e-03,1.10699632683477261668687507981982e-02,6.36399075396406562709490511687755e-03
4.57000000000000000000000000000000e+01,-9.62279643369190689097589408064615e-05,4.90972941669175769336018307439334e-03,1.16953218276394054644428702686472e-02,6.14750187621452190964729637359535e-03
4.58000000000000000000000000000001e+01,3.89958144217572050080872011169153e-04,4.81354264037748848330524478517768e-03,1.22986045347440455793895914371593e-02,5.92007040892117132173200623162773e-03
4.59000000000000000000000000000001e+01,8.66391041198006989207034650531603e-04,4.71467538734372508310293276307044e-03,1.28797734043501237277524255548183e-02,5.69787123787799098988858286737414e-03
4.60000000000000000000000000000002e+01,1.33280804956903602664843524572820e-03,4.61325291341330968063142030827441e-03,1.34386860630919286319172392428730e-02,5.47786095412313047311701907242759e-03
4.61000000000000000000000000000001e+01,1.78896242877117571148658199239092e-03,4.50943756068554609697365629195514e-03,1.39752859820772276338334032436976e-02,5.25836136413938040280069054826400e-03
4.61999999999999999999999999999998e+01,2.23462046126351352744452623746719e-03,4.40336985926158961414895728504889e-03,1.44892977432019094923494469383511e-02,5.02376886021391298884182354104762e-03
4.63000000000000000000000000000002e+01,2.66956446085891604250497634213595e-03,4.29516942158615872117562268139203e-03,1.49808379863847367793749116762558e-02,4.79836899370029689820346229966837e-03
4.63999999999999999999999999999999e+01,3.09358969735634807262795363543510e-03,4.18501942442379543751519061798935e-03,1.54498729113145637336946477853300e-02,4.57707581503302561336894476224104e-03
4.64999999999999999999999999999998e+01,3.50650687200649942145522335048141e-03,4.07302249862611123726163169042785e-03,1.58963816744257143133378803582420e-02,4.35789076371727596842861764660911e-03
4.66000000000000000000000000000002e+01,3.90813976358004072495678659594073e-03,3.95937233239563380404959253566958e-03,1.63202644097807305038090682551726e-02,4.12296563496342766485256565944359e-03
4.66999999999999999999999999999999e+01,4.29832722447789008495320290737273e-03,3.84413517985959059573941364398035e-03,1.67216286887544231218844052671078e-02,3.90312441633230862502560497873403e-03
4.68000000000000000000000000000001e+01,4.67692148053709478212072917297339e-03,3.72752581664473849951967367767959e-03,1.71005733256836573431589620671504e-02,3.67829161314858116949937894220491e-03
4.69000000000000000000000000000000e+01,5.04378877433876947177053477473883e-03,3.60961443384314268760014123483193e-03,1.74571469677224329091524301819553e-02,3.45635997653829724758784572030788e-03
4.69999999999999999999999999999999e+01,5.39880900724541764742154674678773e-03,3.49061092478423706728279797006617e-03,1.77913220620255415765673186348862e-02,3.22615879133963159442178702755943e-03
4.71000000000000000000000000000001e+01,5.74187534027224136869979529600258e-03,3.37057016281789410337393592306272e-03,1.81032569385630972694327220106926e-02,3.00955179959489043144627567934658e-03
4.71999999999999999999999999999998e+01,6.07289504542508421089456165231016e-03,3.24968773901258725850593037717852e-03,1.83932448454177827148222643207185e-02,2.79017865316760122277900643428321e-03
4.73000000000000000000000000000002e+01,6.39178761382254327939347492506496e-03,3.12804990036510438935941656742233e-03,1.86612981937773736102998875067365e-02,2.57705625995005169669681482511079e-03
4.74000000000000000000000000000001e+01,6.69848655184922593730711513406329e-03,3.00583126598476198068248363312153e-03,1.89075284222392663410112291100093e-02,2.35276439050346650699902425121709e-03
4.75000000000000000000000000000000e+01,6.99293698483744556058983733940159e-03,2.88311931173132744511472132844585e-03,1.91321466588048511982581772054129e-02,2.14100338666450392018314886099515e-03
4.76000000000000000000000000000002e+01,7.27509818442864810705892603845143e-03,2.76005367032047463543105302327140e-03,1.93354925435076978436871346205577e-02,1.92921595061657608717945947687196e-03
4.76999999999999999999999999999999e+01,7.54494031906291050423446732803467e-03,2.63676176172709596471328290520694e-03,1.95176372654056784910712532963859e-02,1.71697924510724757063520775841620e-03
4.78000000000000000000000000000003e+01,7.80244719031879663696652865226803e-03,2.51335677532303869316333939305890e-03,1.96788199661117709241953660271269e-02,1.50472074141430972289979541122669e-03
4.79000000000000000000000000000001e+01,8.04761308999091736912965733286291e-03,2.38998132721784584954732281271458e-03,1.98192339146721988849888729174852e-02,1.30529747113548972841479659848288e-03
4.80000000000000000000000000000001e+01,8.28044556937685109209665560728907e-03,2.26670019882116839377819557137258e-03,1.99393612896378090757798426188344e-02,1.10297454818547335797313920141338e-03
4.80999999999999999999999999999999e+01,8.50096255995682760621234310373801e-03,2.14368889095770059956938528020948e-03,2.00393314717933930136959205184791e-02,8.99909362526164734876139744688302e-04
4.82000000000000000000000000000000e+01,8.70919409005550613532412399355281e-03,2.02100157082689379844838476574821e-03,2.01193920911875907093677119956058e-02,7.03064724598304487508324582831872e-04
4.83000000000000000000000000000002e+01,8.90518054036092438437154304741994e-03,1.89881511400343590172587830198250e-03,2.01798154591719744962959106725339e-02,5.10659348164465073654654530508451e-04
4.84000000000000000000000000000000e+01,9.08897352763298119451753460617477e-03,1.77715426349577938319524115620894e-03,2.02211233624558166300894966693342e-02,3.21063808673705725654821621123664e-04
4.85000000000000000000000000000002e+01,9.26063521288044723587999629798832e-03,1.65619826939986744635738931347913e-03,2.02434685862497525806476547000511e-02,1.26645511220444351094620363054229e-04
4.86000000000000000000000000000001e+01,9.42023771429623170319620381949943e-03,1.53598515345623751791242508834627e-03,2.02472139723187048437942619358245e-02,-5.73840898995655761069464794804862e-05
4.86999999999999999999999999999999e+01,9.56786358107649126244279837303736e-03,1.41668061380588141783031968918080e-03,2.02326832305551199388401009706432e-02,-2.32332427627945624573590457634257e-04
4.88000000000000000000000000000002e+01,9.70360435604118792514112626278102e-03,1.29831406520286493753072501596059e-03,2.02003625635551656305668462028162e-02,-4.03367378913475255905671287075223e-04
4.88999999999999999999999999999999e+01,9.82756218734168308597169181225214e-03,1.18102413557635470869676051392610e-03,2.01505413235296844311796253877488e-02,-5.88385854924638025580909658679351e-04
4.89999999999999999999999999999998e+01,9.93984708714412978132769131530499e-03,1.06487363720899970430963108868105e-03,2.00835771510099624939845134338529e-02,-7.55967402809006432144097339361268e-04
4.91000000000000000000000000000002e+01,1.00405792941326458414715799257090e-02,9.49974827381929451672865576103975e-04,1.99998223065375485749735851386827e-02,-9.18007901180805444597955925948005e-04
4.91999999999999999999999999999999e+01,1.01298861415005628845951711998910e-02,8.36399815570669271099506489885127e-04,1.98997951313684703299168252450518e-02,-1.07639231563360631950058875487232e-03
4.93000000000000000000000000000001e+01,1.02079049256423334203708605598725e-02,7.24215299905515186700464668326185e-04,1.97838341376431813422700688994196e-02,-1.24358311091878676482267006616883e-03
4.94000000000000000000000000000001e+01,1.02747794911099336818980689611412e-02,6.13531545445837990464756372982727e-04,1.96522997616305861981820847201203e-02,-1.39369487214186148145945251988034e-03
4.94999999999999999999999999999999e+01,1.03306626972052177099959372721419e-02,5.04389968242149869609886888708538e-04,1.95056872925083688982268418903648e-02,-1.53973370044077213478909784587070e-03
4.96000000000000000000000000000001e+01,1.03757136079621454859100140723906e-02,3.96912190739807131521605011521443e-04,1.93444236397765590183236914656269e-02,-1.67774618914295693086255174595027e-03
4.96999999999999999999999999999998e+01,1.04100995344817485472335623579602e-02,2.91098700354991502434678933720795e-04,1.91689046482060769024427758442563e-02,-1.82920336966367399195071360947284e-03
4.98000000000000000000000000000002e+01,1.04339939091247663324315790033797e-02,1.87089253809725325363123694487747e-04,1.89795334592507200433463616564890e-02,-1.96560165459145426625295887961475e-03
4.99000000000000000000000000000001e+01,1.04475771327935257727790541267498e-02,8.48811771493074117693884731379634e-05,1.87768161841656223444750443867806e-02,-2.09195486850029812420501448985436e-03
5.00000000000000000000000000000000e+01,1.04510356416327966961390606814024e-02,-1.53908784041268633813391754681228e-05,1.85611455303951387905356796402098e-02,-2.21605370982764050026775834939223e-03
5.01000000000000000000000000000002e+01,1.04445617271839316085549762232652e-02,-1.13749440530384614816604296625767e-04,1.83330247377915626198920317085356e-02,-2.34937239328584897481706850321923e-03
5.01999999999999999999999999999999e+01,1.04283538967714021951389376915307e-02,-2.10070796594418933006721268534560e-04,1.80928165132052935132562080550675e-02,-2.46427176877638640197166544416420e-03
5.03000000000000000000000000000003e+01,1.04026151959286542697144904905016e-02,-3.04355982109098462150874368861075e-04,1.78410908694493913399617332870147e-02,-2.57116810884577773089667152173552e-03
5.04000000000000000000000000000001e+01,1.03675546888344732001256060956965e-02,-3.96504550080877810845793917741497e-04,1.75782310507874405964003435798157e-02,-2.67873061082165719899991241571148e-03
5.05000000000000000000000000000001e+01,1.03233850465290104932864779589532e-02,-4.86515335661498783317629363443812e-04,1.73047031530906493797048353157825e-02,-2.79058291257336156983003440751820e-03
5.06000000000000000000000000000000e+01,1.02703248407117673907951242751186e-02,-5.74322289747929849560638474105956e-04,1.70209051052014279885431112030789e-02,-2.89376461078874995332347262316142e-03
5.07000000000000000000000000000000e+01,1.02085953405375556067065600786396e-02,-6.59889184635266661768793230845602e-04,1.67274601058954236784373936696292e-02,-2.98237591861116042171357831658485e-03
5.08000000000000000000000000000001e+01,1.01384231848067096493838599676270e-02,-7.43180071334305507019733757445084e-04,1.64246741969973773037478121900580e-02,-3.06985494173190526726534291357668e-03
5.09000000000000000000000000000000e+01,1.00600370756450611869417142546212e-02,-8.24144842647038379957446494158598e-04,1.61130485698912925193614457649414e-02,-3.16165999694116894856191503395606e-03
5.10000000000000000000000000000002e+01,9.97367058923549286047299488954921e-03,-9.02793200298239126257022152888223e-04,1.57930348223422540311817646060577e-02,-3.24597851185693646023800853227885e-03
5.11000000000000000000000000000001e+01,9.87955901876622923347791382885836e-03,-9.79040058935262509198130501490997e-04,1.54651989458285845356925506287996e-02,-3.31328502430168091702423535024425e-03
5.11999999999999999999999999999998e+01,9.77794142274092219622791190897140e-03,-1.05291602096166048960218353075735e-03,1.51298786225855146199945849082306e-02,-3.38777671520088534429515730514699e-03
5.13000000000000000000000000000002e+01,9.66905853029743435433370625388343e-03,-1.12433283278720666504076468189774e-03,1.47875308006691961962135801934628e-02,-3.45845041863243693490246744510197e-03
5.13999999999999999999999999999999e+01,9.55315384192836363784302940018762e-03,-1.19334836824375953649258248208320e-03,1.44385849664553443016183200181963e-02,-3.52470677793986930404210639514550e-03
5.14999999999999999999999999999998e+01,9.43047258776070930641920072460325e-03,-1.25986781120592969272401689670729e-03,1.40836420461134421036848486004377e-02,-3.57790100201976011311205152285468e-03
5.16000000000000000000000000000002e+01,9.30126152529168742727091387991598e-03,-1.32394238786963311541576448759167e-03,1.37230564846813891808194300559433e-02,-3.63403655448892788075866277336363e-03
5.16999999999999999999999999999999e+01,9.16576913087138787348548518798252e-03,-1.38549174343985686246673662788354e-03,1.33571902449124637734496879394074e-02,-3.68202311774208527057101112930197e-03
5.18000000000000000000000000000001e+01,9.02424442883356774260980323042414e-03,-1.44457650316122251068802843541207e-03,1.29865566586047347550382574468383e-02,-3.73090784438865271237593988789127e-03
5.19000000000000000000000000000000e+01,8.87693828888892687831656103714812e-03,-1.50113344539004778937496973390529e-03,1.26116880339599028616577989815784e-02,-3.76488509756048211330114800149870e-03
5.19999999999999999999999999999999e+01,8.72410095354835291051673178994913e-03,-1.55519362376650625625113740287689e-03,1.22329225894860876523984309819976e-02,-3.80571628157042863785857234660066e-03
5.21000000000000000000000000000001e+01,8.56598437641538338354658157051738e-03,-1.60672539018296763395185660642764e-03,1.18506076575125959316101490468817e-02,-3.84051855291628204649432397901838e-03
5.21999999999999999999999999999998e+01,8.40283918051973567664948519590494e-03,-1.65574896240367194133063305289028e-03,1.14652540104111907728737772804742e-02,-3.86940469461163432122295686703883e-03
5.23000000000000000000000000000002e+01,8.23491749337647144640562390323875e-03,-1.70227081188762043433030347909306e-03,1.10773194116077580664854920253945e-02,-3.88696155639343697699320984046498e-03
5.24000000000000000000000000000001e+01,8.06246951050798461349317121150408e-03,-1.74627072455472741217204715765810e-03,1.06872222557213680950226358892667e-02,-3.91234800468188134674996117920632e-03
5.25000000000000000000000000000000e+01,7.88574623921832641898051603020116e-03,-1.78778571206538731851617513246135e-03,1.02952202810584712405789990808079e-02,-3.92649634943366737122539114924688e-03
5.26000000000000000000000000000002e+01,7.70499659043726764204353206776167e-03,-1.82678460970519479453449435935983e-03,9.90181509021067991181800156082526e-03,-3.93750917855085116086231475271042e-03
5.26999999999999999999999999999999e+01,7.52046967540076243704999314788714e-03,-1.86334104881276367397778115341512e-03,9.50745507203978956411187490408079e-03,-3.94434000875346562274599609334837e-03
5.28000000000000000000000000000003e+01,7.33241243042819638584362761067484e-03,-1.89739596497155801984051764313213e-03,9.11251410628571656762236071899752e-03,-3.95194206881693670242127449060559e-03
5.29000000000000000000000000000001e+01,7.14107089457775126304164189402689e-03,-1.92903204714686245898507727061266e-03,8.71719486774049821374684091567498e-03,-3.95335068396613902501661480216789e-03
5.30000000000000000000000000000001e+01,6.94668913009601221315018700073139e-03,-1.95819659143131758730753291825582e-03,8.32203752707448970359547458854542e-03,-3.94847182104201589636297539036511e-03
5.31000000000000000000000000000000e+01,6.74950944517519941219912561530552e-03,-1.98498982999852624185022713646137e-03,7.92740524878905531470230551850650e-03,-3.93906706640529199253072031848421e-03
5.32000000000000000000000000000000e+01,6.54977243333197940280651319370492e-03,-2.00935844748846729770298965308409e-03,7.53367391937202153269412272112668e-03,-3.93258745818200459243051783955296e-03
5.33000000000000000000000000000001e+01,6.34771573798468269200012082614682e-03,-2.03138387458522180861808634947298e-03,7.14105881560804937277040880559640e-03,-3.92018336622904401985808470803125e-03
5.34000000000000000000000000000000e+01,6.14357545599585379945474067063328e-03,-2.05103649884117106333757883500386e-03,6.74999948124103168074254158791650e-03,-3.89515610071486178120555852398481e-03
5.35000000000000000000000000000002e+01,5.93758405399415132398471189576330e-03,-2.06839647602192096078557794131600e-03,6.36083246519070377825110064751344e-03,-3.87756062871724346573999164746188e-03
5.36000000000000000000000000000001e+01,5.72997260563706050940419558601611e-03,-2.08345907850027966298600315062605e-03,5.97393306213949566938121796016825e-03,-3.86016389565827523635772192084504e-03
5.36999999999999999999999999999998e+01,5.52096772711986644890274962961201e-03,-2.09626430462557973359663419828436e-03,5.58946441519870993964019436599324e-03,-3.83432830335413788519134725885756e-03
5.38000000000000000000000000000002e+01,5.31079441907863097998235591263771e-03,-2.10684039163251980536646190948487e-03,5.20783371132104589293929230848255e-03,-3.79591018122632298014268851143604e-03
5.38999999999999999999999999999999e+01,5.09967294860544962666951789731118e-03,-2.11521465691624489419016823415147e-03,4.82937660224002151913523497752232e-03,-3.76481245500924799280146573629995e-03
5.39999999999999999999999999999998e+01,4.88782182218468970991930230454251e-03,-2.12145362025118375755630357387755e-03,4.45436717356258811517679103428589e-03,-3.73178713381185408555874351006974e-03
5.41000000000000000000000000000002e+01,4.67545455555603001763925905651360e-03,-2.12554184310542556669373146093133e-03,4.08301783277870780824232255923293e-03,-3.69835424729852135110447816362098e-03
5.41999999999999999999999999999999e+01,4.46278213389328884222431198160336e-03,-2.12756862019838285105117932412734e-03,3.71567327414332985319684711715696e-03,-3.64797407312187015639850668681730e-03
5.43000000000000000000000000000001e+01,4.25001082102961549090523071725038e-03,-2.12751333482915148461148582158037e-03,3.35258316956473542653526870770629e-03,-3.60503273404019805156034926008725e-03
5.44000000000000000000000000000000e+01,4.03734375687233410292158093959753e-03,-2.12549274746479942841079443818073e-03,2.99399241874625879511884907940092e-03,-3.56501166487344148392771944473824e-03
5.44999999999999999999999999999999e+01,3.82497968957360783121769543172024e-03,-2.12146828016894407386604401606223e-03,2.64014865758672026291798612958512e-03,-3.52035719867275167824934908751556e-03
5.46000000000000000000000000000001e+01,3.61311319047838041251372857219028e-03,-2.11554860698828023408944292801300e-03,2.29128471222098797291666534824093e-03,-3.45801634836787382468718270361523e-03
5.46999999999999999999999999999998e+01,3.40193479567518930610147888915516e-03,-2.10770911393147462068588730266060e-03,1.94767971273000845351883078725625e-03,-3.40722721396971945201690869580062e-03
5.48000000000000000000000000000002e+01,3.19163031383761682281007127674115e-03,-2.09806862150549087922424407822595e-03,1.60949450717211560621250612506712e-03,-3.35547721936383769071451574600418e-03
5.49000000000000000000000000000001e+01,2.98238196248804698603608694585889e-03,-2.08660909961008866421730861073229e-03,1.27694899582392493790507753534348e-03,-3.30025958659845958769316322340381e-03
5.50000000000000000000000000000000e+01,2.77436628230700267910549175976031e-03,-2.07341792844343658315946301174971e-03,9.50256592112704591644220478117796e-04,-3.23461290917337922588478795744757e-03
5.51000000000000000000000000000002e+01,2.56775646443770158041321978854688e-03,-2.05850507271427731216995363716979e-03,6.29645404019850356578942396657235e-04,-3.17419799597515061302163557838134e-03
5.51999999999999999999999999999999e+01,2.36271963265764257196340338014240e-03,-2.04194751942338387081746413775146e-03,3.15181213572320151025281052323639e-04,-3.11602305245349245687490297894265e-03
5.53000000000000000000000000000003e+01,2.15941984170372427876224284687643e-03,-2.02378904667675723249911148873603e-03,7.14826595652736965479593513822546e-06,-3.05430249605932438178000941256485e-03
5.54000000000000000000000000000001e+01,1.95801470324382534325881406837420e-03,-2.00405847340508386256899604928349e-03,-2.94313911318680501021589976352833e-04,-2.97882068280026356034273608910376e-03
5.55000000000000000000000000000001e+01,1.75865839232663323283937218851715e-03,-1.98282800917229642989780624167544e-03,-5.89040473932291384474449758593343e-04,-2.90952528375874907651575306098644e-03
5.56000000000000000000000000000000e+01,1.56149882076769541760119668655469e-03,-1.96011460729701314739967154096683e-03,-8.76974317695548437654892093657238e-04,-2.84846886782544777537834184186190e-03
5.57000000000000000000000000000000e+01,1.36668030258234209343889263813022e-03,-1.93602449029043208975846723888342e-03,-1.15787725309705577926885230137727e-03,-2.77801832812367907474768102859244e-03
5.58000000000000000000000000000001e+01,1.17434110377454785491329588642553e-03,-1.91053877637931054249519681342806e-03,-1.43166170685027874847431671265759e-03,-2.70126836305349213302443619175636e-03
5.59000000000000000000000000000001e+01,9.84615150811600446551419067208270e-04,-1.88377199505322938059605026489374e-03,-1.69817321080088638087360857656427e-03,-2.62784768520808856540304114519230e-03
5.60000000000000000000000000000002e+01,7.97630806635043993581525692251640e-04,-1.85570587779732515591989296581590e-03,-1.95743064857626215000452026455824e-03,-2.55869254392756675655392231961079e-03
5.61000000000000000000000000000001e+01,6.13511638178774812703414419391279e-04,-1.82647349790186476184961730677937e-03,-2.20922460876460737817570338895462e-03,-2.48325131883101656969966778638958e-03
5.61999999999999999999999999999998e+01,4.32376314604590921314632065455316e-04,-1.79604859675509149391812503177334e-03,-2.45342530107081588302114285854377e-03,-2.40566914424211092434584130188818e-03
5.63000000000000000000000000000002e+01,2.54337813512029945927415874093530e-04,-1.76454341623958493355634888067051e-03,-2.68999155066261605019828531049114e-03,-2.32429838488876570731289854954330e-03
5.63999999999999999999999999999999e+01,7.95047162484345821849997213440103e-05,-1.73194995345622787478834749639422e-03,-2.91897435845606444535741292565476e-03,-2.25322034350762561361236088507081e-03
5.64999999999999999999999999999998e+01,-9.20204561195578557607242434363423e-05,-1.69837934209165115825585944819767e-03,-3.14017861824599122578923211213654e-03,-2.17489702520117049512467380064403e-03
5.66000000000000000000000000000002e+01,-2.60138994461404479472842490001274e-04,-1.66384193620049593754862345107863e-03,-3.35352414332460878048052087039327e-03,-2.09524231257173222677227026851597e-03
5.66999999999999999999999999999999e+01,-4.24758772475532206561691317316337e-04,-1.62840673676343769583690989196456e-03,-3.55901399112287872733923142007517e-03,-2.01539037757394561026383723839867e-03
5.68000000000000000000000000000001e+01,-5.85791321126904076240541827300387e-04,-1.59211385679492367485643060906026e-03,-3.75667451118131872647050712524170e-03,-1.94096487045897567369669537048564e-03
5.69000000000000000000000000000000e+01,-7.43154794805931845969577880123007e-04,-1.55501509864126392900304298576539e-03,-3.94642671596866580936870739752748e-03,-1.85539130694346208437721764911842e-03
5.69999999999999999999999999999999e+01,-8.96770748484493463527742207180733e-04,-1.51718582936640097491687700300782e-03,-4.12815737767679820144863600378026e-03,-1.77702256334589804867437432690075e-03
5.71000000000000000000000000000001e+01,-1.04656728829859151366602880705771e-03,-1.47863220038139500718213562779105e-03,-4.30191016157204768818755933633885e-03,-1.69751579736702555250701147077957e-03
5.71999999999999999999999999999998e+01,-1.19247630080460931321853504202001e-03,-1.43945047923698336973005805896336e-03,-4.46777190280463168130767324334248e-03,-1.62051938344216944101149830111590e-03
5.73000000000000000000000000000002e+01,-1.33443574048390479628960115727570e-03,-1.39963582380704529578043714491053e-03,-4.62569968555993149373428779958329e-03,-1.53788264691266245313962341404301e-03
5.74000000000000000000000000000001e+01,-1.47238758305773068918532241942994e-03,-1.35931055492766615693567229367555e-03,-4.77556919784905475029054053156610e-03,-1.45902197940825661421093591278488e-03
5.75000000000000000000000000000000e+01,-1.60627922659144962986046553377586e-03,-1.31844524171948075121687010606355e-03,-4.91752081894666626978167956808696e-03,-1.37916084833032302660639694277311e-03
5.76000000000000000000000000000002e+01,-1.73606278017107744550024648203001e-03,-1.27715740939386633123917211748001e-03,-5.05159668017422565356986295284540e-03,-1.30353880275385779434734245281999e-03
5.76999999999999999999999999999999e+01,-1.86169510667931673527237563355102e-03,-1.23542507815903038244692148471069e-03,-5.17780334287460018561280724638588e-03,-1.21972996445591051419212219768555e-03
5.78000000000000000000000000000003e+01,-1.98313812138439962694232262438006e-03,-1.19337172750120137588265847584490e-03,-5.29607643489938160193150209905666e-03,-1.14001614256892632889121310209805e-03
5.79000000000000000000000000000001e+01,-2.10035773288088929455161925580413e-03,-1.15097740147664795700163378425151e-03,-5.40655445909227173287139631466985e-03,-1.06696106193602018876818467380087e-03
5.80000000000000000000000000000001e+01,-2.21332549908617983548717208542919e-03,-1.10833707044609662535058524214841e-03,-5.50929856771679792242031819402745e-03,-9.89977952798426869840698052225208e-04
5.80999999999999999999999999999999e+01,-2.32201640311202304114171027102623e-03,-1.06545338239868600630369366230258e-03,-5.60440139676645361120478769333463e-03,-9.08460120660792966666141012432864e-04
5.82000000000000000000000000000000e+01,-2.42641129004701142674751946565172e-03,-1.02240784352120250900564550789477e-03,-5.69176991876873130084082752376970e-03,-8.34103671516421409494133265450023e-04
5.83000000000000000000000000000002e+01,-2.52649384381730809154966656384644e-03,-9.79230717699618240510522370780190e-04,-5.77157050479242300598912194429355e-03,-7.62869705706665066540238089250919e-04
5.84000000000000000000000000000000e+01,-2.62225376911071465500888407027738e-03,-9.35955254294724196709701888961134e-04,-5.84390982547570717416308075302689e-03,-6.85607450406168616247654705758098e-04
5.85000000000000000000000000000002e+01,-2.71368355089865697327544203212369e-03,-8.92642674813122462769860746314101e-04,-5.90885826596014731408801715905638e-03,-6.08484456793337866754692828102088e-04
5.86000000000000000000000000000001e+01,-2.80078133574110458378769532124001e-03,-8.49307073503843505969550035586870e-04,-5.96639864272583619036975659538641e-03,-5.33808640591866031325186267882650e-04
5.86999999999999999999999999999999e+01,-2.88354802281894553544207260432691e-03,-8.06038098921664413724695669269792e-04,-6.01672308428760157915029888164700e-03,-4.70133412250280733917941682473773e-04
5.88000000000000000000000000000002e+01,-2.96198973046814840667648309669953e-03,-7.62813084213759527344726547496590e-04,-6.05990654819770114070484817724727e-03,-3.99170577443038691451633836019273e-04
5.88999999999999999999999999999999e+01,-3.03611570612965525851480552268343e-03,-7.19733548412567399073332570408430e-04,-6.09606656911178272938788733027893e-03,-3.23025613983052202611559790717552e-04
5.89999999999999999999999999999998e+01,-3.10593972153569371946708640174682e-03,-6.76771477924295450357008681571546e-04,-6.12525880976741974187352975361126e-03,-2.51683881639862125211624191687105e-04
5.91000000000000000000000000000002e+01,-3.17147893506728836960629018436610e-03,-6.34044144114015845452468377488996e-04,-6.14761005267146148587608041561264e-03,-1.94117536761720368447616635897911e-04
5.91999999999999999999999999999999e+01,-3.23275423669974923009372085970600e-03,-5.91507818235151335507903642823409e-04,-6.16325093277439089188381364620506e-03,-1.24359755142518711050490158494167e-04
5.93000000000000000000000000000001e+01,-3.28979052944097559142677928903263e-03,-5.49265522800917739985238766876391e-04,-6.17230102901214709676347856262443e-03,-5.44565364270955368656954617844475e-05
5.94000000000000000000000000000001e+01,-3.34261560289484141046474133492916e-03,-5.07290073667001008445926516110538e-04,-6.17484474246025195705690633257228e-03,1.13000345234104816203366142329771e-05
5.94999999999999999999999999999999e+01,-3.39126153306973996063589105292264e-03,-4.65677946938504263158662095818749e-04,-6.17104955617903241054092240197083e-03,6.64160049726984284019915253682398e-05
5.96000000000000000000000000000001e+01,-3.43576256389140547560119449162401e-03,-4.24413143138872199006373910174083e-04,-6.16105974801140525333374306426432e-03,1.27969868978758667049279562339928e-04
5.96999999999999999999999999999998e+01,-3.47615758105592679895097805537714e-03,-3.83554420556521082390935283854993e-04,-6.14493209011036738549819403374190e-03,1.91390523430142971644259181979637e-04
5.98000000000000000000000000000002e+01,-3.51248716048995990395500624562075e-03,-3.43116085563539490506274360681344e-04,-6.12286165408670105831988002174563e-03,2.54831850398026221098845355534743e-04
5.99000000000000000000000000000001e+01,-3.54479641673203584742191680940850e-03,-3.03136775753861280462881502338573e-04,-6.09498925094267068993919543396456e-03,3.04303332224324751385699517374756e-04
6.00000000000000000000000000000000e+01,-3.57313177439306922236668301497832e-03,-2.63659518811915500165253328494801e-04,-6.06144225595772263046609767074788e-03,3.60591321485283677623877549551966e-04
6.01000000000000000000000000000002e+01,-3.59754409968585107547838766497030e-03,-2.24674685514726933234903613220106e-04,-6.02232108973938752915169784450975e-03,4.20975226204378777984148994292805e-04
6.01999999999999999999999999999999e+01,-3.61808563077603974961551342377747e-03,-1.86252810040519256665891540700473e-04,-5.97784452265068058322501704764276e-03,4.73758250360012545870661294933284e-04
6.03000000000000000000000000000003e+01,-3.63481239499345281872713368513796e-03,-1.48371138352786711979204258220434e-04,-5.92813074457364237438687394689797e-03,5.18167457652055497002211010175868e-04
6.04000000000000000000000000000001e+01,-3.64778192848185673669839565710342e-03,-1.11120325565739529911830056506816e-04,-5.87336616109140237869027322891597e-03,5.69681225571987485212819687128075e-04
6.05000000000000000000000000000001e+01,-3.65705491481816840714373371848121e-03,-7.44474133219640837061669143853119e-05,-5.81360105706976218637414476080970e-03,6.22368650838090461711465400550855e-04
6.06000000000000000000000000000000e+01,-3.66269405167769134064690690255879e-03,-3.84457361812935023500744021432498e-05,-5.74907274545777830020228153611350e-03,6.70231328470453331374445099387504e-04
6.07000000000000000000000000000000e+01,-3.66476429986336414061288550011691e-03,-3.06797592530137578132195480440528e-06,-5.67995520606770198534097665637529e-03,7.12350175222542707651540035920348e-04
6.08000000000000000000000000000001e+01,-3.66333287529935808830886975752164e-03,3.15874633471120361941945590028388e-05,-5.60638600922952854576892947159378e-03,7.53449035812263997138945278578780e-04
6.09000000000000000000000000000000e+01,-3.65846849330056109345114599239673e-03,6.55747180328199566129297412914463e-05,-5.52841695050291988774320557503481e-03,8.01074745502727880370115016443281e-04
6.10000000000000000000000000000002e+01,-3.65024268536195419788300721986882e-03,9.88205547711169212845393503838564e-05,-5.44634872967129672415567199141473e-03,8.42312035729452254063208562375045e-04
6.11000000000000000000000000000001e+01,-3.63872769068342556513404618279019e-03,1.31352730916396606223390109488701e-04,-5.36033212603617888471182918636300e-03,8.76990820418068375677050399398091e-04
6.11999999999999999999999999999998e+01,-3.62399867453855469417018555708909e-03,1.63111625776169447654304507561121e-04,-5.27048834262289000381775928378256e-03,9.13060900559260346218861717164344e-04
6.13000000000000000000000000000002e+01,-3.60613088770694822653528792277834e-03,1.94106666188058166390326404981433e-04,-5.17690797115058478808293627585795e-03,9.54553505053888997978006230808391e-04
6.13999999999999999999999999999999e+01,-3.58520274686712816854032043543708e-03,2.24325183000124272886405409989581e-04,-5.07983200683139871219099055710317e-03,9.86284415625557678320203472280972e-04
6.14999999999999999999999999999998e+01,-3.56129250135950160950809670232468e-03,2.53741006120635564932915310004624e-04,-4.97946166425176411227877415222710e-03,1.01997162069683928125742549385424e-03
6.16000000000000000000000000000002e+01,-3.53448113725664869672531799499807e-03,2.82361004869334542800682684681837e-04,-4.87593594339955901778953756057204e-03,1.04996971711312974576306386800209e-03
6.16999999999999999999999999999999e+01,-3.50484935890658106659549614205429e-03,3.10133070293705168692212624615217e-04,-4.76930382037756805404914338268355e-03,1.08049237250403088298616339744269e-03
6.18000000000000000000000000000001e+01,-3.47248026760955381128017054644264e-03,3.37106923652994573941171587291731e-04,-4.65980876458309413207174095565883e-03,1.10602470316880021088584386565798e-03
6.19000000000000000000000000000000e+01,-3.43745700920745297534740463600812e-03,3.63213397162247375012712129977932e-04,-4.54770579141725253416374983652450e-03,1.13369067117780721718879469478033e-03
6.19999999999999999999999999999999e+01,-3.39986433494844371602492954512270e-03,3.88504634027281967285753976754264e-04,-4.43305529520905238942197858705095e-03,1.15751594567989211240688331202025e-03
6.21000000000000000000000000000001e+01,-3.35978720316665232002183162375988e-03,4.12897084583571096717062434215434e-04,-4.31596124617365564494787455167657e-03,1.18467028863860430545313349051734e-03
6.21999999999999999999999999999998e+01,-3.31731149184825281276219301163894e-03,4.36466767218136341138425793860797e-04,-4.19664247458270170775120236867399e-03,1.20189675564475017486900864160883e-03
6.23000000000000000000000000000002e+01,-3.27252393538625188343710673313401e-03,4.59137731801313272414541370968583e-04,-4.07532324880803382163964935177914e-03,1.22159267080100062785908195919738e-03
6.24000000000000000000000000000001e+01,-3.22551127701704905455377665263526e-03,4.80969930662508661042731648661189e-04,-3.95209785716727158884564955569333e-03,1.24295756050606433033233445546730e-03
6.25000000000000000000000000000000e+01,-3.17636136184905509697579474376472e-03,5.01891117273302824915726275806202e-04,-3.82709396002972485153680539723524e-03,1.26082112420935798847686304624893e-03
6.26000000000000000000000000000002e+01,-3.12516129886200412617243492566148e-03,5.21955081791706258128985266123656e-04,-3.70045295768402703492367264709737e-03,1.27028752885200987650567205446582e-03
6.26999999999999999999999999999999e+01,-3.07199980874123530554239720309846e-03,5.41127839778570773622402168766953e-04,-3.57245102265289763175604093523997e-03,1.28625365144349406799556410979496e-03
6.28000000000000000000000000000003e+01,-3.01696437085358124706514614114036e-03,5.59429785564712741164270329817817e-04,-3.44315408277351006407572324008693e-03,1.30144314464787216299084789970894e-03
6.29000000000000000000000000000001e+01,-2.96014395441026191167329506435640e-03,5.76843299176625391406729623465539e-04,-3.31266437370338139906549407899188e-03,1.31204353989899992012789105891919e-03
6.30000000000000000000000000000001e+01,-2.90162587748296051019222570267024e-03,5.93364775930679784907430150925253e-04,-3.18115340020357637618983017052585e-03,1.31883024178940886279428204335227e-03
6.31000000000000000000000000000000e+01,-2.84149900849045637882520433310710e-03,6.09025596971534727008633472062930e-04,-3.04887294087071946077225336404232e-03,1.32602414134546732596089468159010e-03
6.32000000000000000000000000000000e+01,-2.77985062456161453836792667205679e-03,6.23790820744811216354971949852785e-04,-2.91585809456389410400188202678013e-03,1.33623369968575159140414201656967e-03
6.33000000000000000000000000000001e+01,-2.71676898543753805652109609183306e-03,6.37705705780007017579258150553158e-04,-2.78226932349279556941933754905247e-03,1.34124154493397475235338853132754e-03
6.34000000000000000000000000000000e+01,-2.65234082946816346871190416981541e-03,6.50712152650757561235075133267504e-04,-2.64822931316268509196806590894625e-03,1.33919517500936359738952126803845e-03
6.35000000000000000000000000000002e+01,-2.58665334844079507574276811604786e-03,6.62889611030821955634789105641127e-04,-2.51393916599722982862729221585489e-03,1.34159747298492402422460875305082e-03
6.36000000000000000000000000000001e+01,-2.51979281534177033588268089798428e-03,6.74174765697574278509484340530219e-04,-2.37949545208936912104923586443852e-03,1.35125514889809720836046766139739e-03
6.36999999999999999999999999999998e+01,-2.45184513768552272118155001626989e-03,6.84640852895405584961377978080096e-04,-2.24501633712766768417965274329021e-03,1.34754619826508229081707591172994e-03
6.38000000000000000000000000000002e+01,-2.38289555945375386997383583930063e-03,6.94215710459877588669623789335644e-04,-2.11060752459815901832985614145600e-03,1.34078543927570590704541247747993e-03
6.38999999999999999999999999999999e+01,-2.31302825251164126535889122836168e-03,7.02984203798712101001696773530195e-04,-1.97647999048763794307207638466625e-03,1.33771797934501577254666147835157e-03
6.39999999999999999999999999999998e+01,-2.24232740074766856518483437883263e-03,7.10894419221125767035722292039739e-04,-1.84270122717151837321140969635766e-03,1.33999816712051494923286906106546e-03
6.41000000000000000000000000000002e+01,-2.17087540654274825983603523754085e-03,7.18006387623167823894355032064320e-04,-1.70938563018588487436211233516343e-03,1.33333574006491171480058208205049e-03
6.41999999999999999999999999999999e+01,-2.09875490255911526947131950373384e-03,7.24279558877053937492768848318169e-04,-1.57668293356731130219903381249080e-03,1.32279716543012640126377706221764e-03
6.43000000000000000000000000000001e+01,-2.02604611016350411915370747746942e-03,7.29755310020125280643424967607175e-04,-1.44469271522751148117905842114201e-03,1.31160113544164645144774778887960e-03
6.43999999999999999999999999999995e+01,-1.95282986901596825617899229108370e-03,7.34438610958425042692458630557380e-04,-1.31350325815039152514318273906171e-03,1.31168592179651836788069041866405e-03
6.44999999999999999999999999999999e+01,-1.87918441335472560543776182794761e-03,7.38335500721092412190680556306139e-04,-1.18326100161151433302812464507046e-03,1.30179757139531081344473217185772e-03
6.46000000000000000000000000000003e+01,-1.80518834578129282962622720170832e-03,7.41468645856173711331961457079243e-04,-1.05407951837135404534007975270088e-03,1.28475636712440377101689779000755e-03
6.46999999999999999999999999999998e+01,-1.73091755721826258754263230524688e-03,7.43817209662692262012238505132311e-04,-9.26025634168017702861836472752764e-04,1.27083860907917321535246411845605e-03
6.48000000000000000000000000000002e+01,-1.65644809442142029741607926674790e-03,7.45447067012183779623118507247266e-04,-7.99219745927055819973711311963253e-04,1.26471505762457638089822270029620e-03
6.48999999999999999999999999999996e+01,-1.58185367605558445920404188439821e-03,7.46315366690959486153457602618913e-04,-6.73738857824452368327523661924647e-04,1.24873408530580851981789014203673e-03
6.50000000000000000000000000000000e+01,-1.50720756762178176226815192827871e-03,7.46493935757403258285482265341058e-04,-5.49737938583764559473014531468974e-04,1.23143087374612554135760437715402e-03
6.51000000000000000000000000000004e+01,-1.43258095833174465947318118756734e-03,7.45922911869446717743471583905027e-04,-4.27257684988318077791872975319863e-04,1.21484137627699439653288347217611e-03
6.51999999999999999999999999999999e+01,-1.35804399383797701017203254417038e-03,7.44697242660533684936469321807278e-04,-3.06357497012978644209638468614840e-04,1.20212970523827171815753317845372e-03
6.53000000000000000000000000000003e+01,-1.28366544570446506689281990053077e-03,7.42760126258737729603159255239416e-04,-1.87146785513802591826653208069905e-04,1.18548096290881071612492431045951e-03
6.53999999999999999999999999999997e+01,-1.20951228826522935614844018367352e-03,7.40193873692457058076487160081674e-04,-6.97969828548031362877654642728608e-05,1.16272350496402149211594074342841e-03
6.55000000000000000000000000000001e+01,-1.13565054059691346867520052417349e-03,7.36941703144630673938352904744202e-04,4.57353247302644562631396637311499e-05,1.14187152062967793730242391041021e-03
6.56000000000000000000000000000005e+01,-1.06214373874865291142725033797112e-03,7.33082226217351450088919506568991e-04,1.59355149700274356510777568253506e-04,1.12764362125325538282416551231014e-03
6.57000000000000000000000000000000e+01,-9.89055089650709072175276815843077e-04,7.28590546006424357327773514013794e-04,2.70965302314139692001929831107628e-04,1.10731778818722789741921240750479e-03
6.58000000000000000000000000000001e+01,-9.16444860514220909619145930190472e-04,7.23511092280142566063229266070422e-04,3.80446629715937811045540529103626e-04,1.08116726062320833727291440937129e-03
6.58999999999999999999999999999998e+01,-8.44373104692725659671787184066632e-04,7.17837967169711922040631127408911e-04,4.87813325060643591053565157700471e-04,1.06148643160903573950957894127931e-03
6.60000000000000000000000000000002e+01,-7.72896633539146171437712460986269e-04,7.11591129280510749061357170297193e-04,5.93010064949621386789157771609963e-04,1.04088412263718087060782921659899e-03
6.61000000000000000000000000000001e+01,-7.02072205417234755169429450616478e-04,7.04808038359046477870667684213993e-04,6.95966779069118641581782166075599e-04,1.01829749251077959991854377054083e-03
6.61999999999999999999999999999998e+01,-6.31953408884206585457817228260931e-04,6.97475619684924846280870953974585e-04,7.96521112209981400601584194660857e-04,9.92622081106800370880036818365992e-04
6.63000000000000000000000000000002e+01,-5.62593460254406312940243863906533e-04,6.89647224535607001293456168238770e-04,8.94720919062149012726220033028382e-04,9.68562995139156742753010016474351e-04
6.63999999999999999999999999999999e+01,-4.94042583843351281453703636479833e-04,6.81285824884267567726476844780253e-04,9.90576211058039627942946609130684e-04,9.43898729758606814564701528351559e-04
6.64999999999999999999999999999998e+01,-4.26350265573924898003054726596567e-04,6.72479416337200221167440759620612e-04,1.08396430735466373751367798422692e-03,9.21981137944974204170409670522761e-04
6.66000000000000000000000000000002e+01,-3.59563605121546160256713200065305e-04,6.63176144826809538072374283582998e-04,1.17477258521945637042546496485971e-03,8.93858295450167852661556956317337e-04
6.66999999999999999999999999999999e+01,-2.93728275256080035288496391974919e-04,6.53461493551214498264413641634026e-04,1.26305960798812387483316133700323e-03,8.70685367042159104151685930586145e-04
6.68000000000000000000000000000001e+01,-2.28888037328603522847044469447169e-04,6.43276569397422719290632589076088e-04,1.34882033487921481970739607417504e-03,8.44535306590077498554726221020194e-04
6.68999999999999999999999999999995e+01,-1.65084663190736869478828368189394e-04,6.32718005676985900274569058736454e-04,1.43197152560494298078219362753193e-03,8.16213353059925801951213150062547e-04
6.69999999999999999999999999999999e+01,-1.02358724970862897522430642223984e-04,6.21738171064918539455403857938051e-04,1.51243450529537341169764336690174e-03,7.88619296674949996114434312201592e-04
6.71000000000000000000000000000003e+01,-4.07481623743098283712136864776946e-05,6.10411058854815233076016267623574e-04,1.59020088946360614916103181136400e-03,7.67196690660345584369060721616600e-04
6.71999999999999999999999999999998e+01,1.97098528066523679994863529118966e-05,5.98700148089138157388603111363115e-04,1.66534756776741339031135878475787e-03,7.37263660486021213150366273239767e-04
6.73000000000000000000000000000002e+01,7.89812636026538812294710118838943e-05,5.86664370170445581059268136696480e-04,1.73779717890214763190699073984225e-03,7.08673546153459640802158899218179e-04
6.73999999999999999999999999999996e+01,1.37032247312692331274633470804525e-04,5.74306109120496304081369006648851e-04,1.80746037151601069830614163042680e-03,6.81808857724258409591719449475510e-04
6.75000000000000000000000000000000e+01,1.93832342416546415770355102727576e-04,5.61643543730062811140874862837577e-04,1.87436585710720180236577382274722e-03,6.57604641219942023725911412024701e-04
6.76000000000000000000000000000004e+01,2.49351366370468056929267585640795e-04,5.48700508225479513229699787542539e-04,1.93858814730496001490320248750111e-03,6.29590372246347872099620257136420e-04
6.76999999999999999999999999999999e+01,3.03562440462805875302176970308654e-04,5.35471582752989485547090343911558e-04,2.00002214576628624058605737249641e-03,5.99076195978459745511183857032161e-04
6.78000000000000000000000000000003e+01,3.56438995998255828735958335800856e-04,5.22019383669303611793126872546063e-04,2.05866745762215851556080576995857e-03,5.69702799319605531167593494187620e-04
6.78999999999999999999999999999997e+01,4.07957424551969953235275358501567e-04,5.08309442675428158264136849899335e-04,2.11452139899129106561080062347676e-03,5.47463059377535200283998540063604e-04
6.80000000000000000000000000000001e+01,4.58094910365692405937011945275068e-04,4.94413210581887921755264439919070e-04,2.16764412700022292705521066072349e-03,5.19920954896475999769500495948716e-04
6.81000000000000000000000000000005e+01,5.06831194232925738230495232047024e-04,4.80279707575408261572151730201082e-04,2.21799835363166919603700218073665e-03,4.86719672070260465578530971436181e-04
6.82000000000000000000000000000000e+01,5.54147182548242221083912704964818e-04,4.66006729661565730443958050924523e-04,2.26557276472418729173063965160835e-03,4.61465174916085666293058552454947e-04
6.83000000000000000000000000000002e+01,6.00025612332446352267530853951568e-04,4.51536298891261627067725120744953e-04,2.31034951797529102656510298363524e-03,4.38302857339715980572546400040893e-04
6.83999999999999999999999999999998e+01,6.44451119005102903346238677871296e-04,4.36953095207491458041851846882219e-04,2.35243377204947077167547549521423e-03,4.08673205773626937616527069536951e-04
6.85000000000000000000000000000002e+01,6.87409596816285801277244018362559e-04,4.22201395315684735361177866813842e-04,2.39176906551654894488620585816585e-03,3.76734891956067565777864161172997e-04
6.86000000000000000000000000000001e+01,7.28889332933161221371201288188340e-04,4.07366749581344839347932368870637e-04,2.42835853310600564996986454549170e-03,3.51550053146914576646767987214942e-04
6.86999999999999999999999999999999e+01,7.68879119535227312186789567338171e-04,3.92416395047431447268905644124055e-04,2.46224147097582850342339365806838e-03,3.28281666936337001822808276451148e-04
6.88000000000000000000000000000002e+01,8.07370655537470331753736558393350e-04,3.77400128883918932108641948035438e-04,2.49345988438937173736763073259579e-03,3.03418686423416866657588713431779e-04
6.88999999999999999999999999999999e+01,8.44355887508365773147853037925098e-04,3.62304348695988970046108853770227e-04,2.52199275601405824755099470490947e-03,2.69223635581274586648973600799398e-04
6.89999999999999999999999999999998e+01,8.79829839950322469599429842569053e-04,3.47158197046574226408654446300268e-04,2.54790029051870101231155898604958e-03,2.43593654826735239387161891859932e-04
6.91000000000000000000000000000002e+01,9.13787423211038542979756827076873e-04,3.31989879693353310519778001682244e-04,2.57118150344719560745665565877003e-03,2.23968791801854943840971983693897e-04
6.91999999999999999999999999999999e+01,9.46226590251227576020759157830813e-04,3.16788554778512307281334564628577e-04,2.59186432886960056291595265934368e-03,1.98482281712854313261319879172055e-04
6.93000000000000000000000000000001e+01,9.77145426465999089104548028182056e-04,3.01597845338906811812668102396263e-04,2.60998816899218841918949191412329e-03,1.64859551297325045033020646667334e-04
6.93999999999999999999999999999995e+01,1.00654480220313023676414582309009e-03,2.86387046534531630580364999306927e-04,2.62557806036966304615435649536353e-03,1.41989024977866976822238996913000e-04
6.94999999999999999999999999999999e+01,1.03442583756471454932943282391942e-03,2.71235896077079962280176994757331e-04,2.63868846156139771709918609638170e-03,1.20689645176348295194758482011964e-04
6.96000000000000000000000000000003e+01,1.06079184443809980218098622088409e-03,2.56090270517068338411015501642860e-04,2.64933803576903440809157000892149e-03,9.80794713028121341737658164134218e-05
6.96999999999999999999999999999998e+01,1.08564704161860656749066056517647e-03,2.41029017286686093653083890109077e-04,2.65752962501310635074601333874934e-03,6.93735645577253085022705027916131e-05
6.98000000000000000000000000000002e+01,1.10899728916919785535927921459801e-03,2.25989337447526795443503725823300e-04,2.66333297506902420379772951242966e-03,4.44038472004243127643948967636492e-05
6.98999999999999999999999999999996e+01,1.13084977013102400711235579186529e-03,2.11066693718154139828026949444311e-04,2.66684465563813746159083003273848e-03,2.39907283966387459440134745553888e-05
7.00000000000000000000000000000000e+01,1.15121247598986834327554470382533e-03,1.96204473044306144537526389047139e-04,2.66800909251862513331450850332635e-03,3.61553528535731628292018795559252e-06
7.01000000000000000000000000000004e+01,1.17009537577311215278118846261082e-03,1.81472493301462124836172691652023e-04,2.66688053758940278399875804798885e-03,-2.45499538657526510660422202919155e-05
7.01999999999999999999999999999999e+01,1.18750878520490040012902272561530e-03,1.66823778541975733336585941816726e-04,2.66354237799513897281946875631626e-03,-4.60470900301888382203016176146513e-05
7.03000000000000000000000000000003e+01,1.20346537499034028417547405122033e-03,1.52319785596653777305798874189589e-04,2.65807024109479171063701898974330e-03,-6.33161468760531958607805672176563e-05
7.03999999999999999999999999999997e+01,1.21797745567638089896332307939251e-03,1.37947741902169798237120149044953e-04,2.65044437075020207470718751305045e-03,-8.56839327090664612045815075497500e-05
7.05000000000000000000000000000001e+01,1.23105998742092993402183150498916e-03,1.23725982145992746973186364840256e-04,2.64071406959787810624653266790337e-03,-1.09193983225792803583039187187043e-04
7.06000000000000000000000000000005e+01,1.24272752650776730219463343905856e-03,1.09662585617267933483028262159637e-04,2.62892658842752747417600123579592e-03,-1.28479531354593182156323319997003e-04
7.07000000000000000000000000000000e+01,1.25299723533096120344850079158221e-03,9.57530213756745703469586777189266e-05,2.61522367746542397499731022241215e-03,-1.46794126546219282835507559273075e-04
7.08000000000000000000000000000001e+01,1.26188572955694569186028806780030e-03,8.20466414803449414602634709797039e-05,2.59956406962805394166553329884415e-03,-1.65799987523107106910847495202996e-04
7.08999999999999999999999999999998e+01,1.26941186050891060689154608080090e-03,6.85057424566410326277988619854794e-05,2.58196307854326018013734605852475e-03,-1.85725538318952002668584077847853e-04
7.10000000000000000000000000000002e+01,1.27559437774065013708647115170971e-03,5.51869019210416402737158670898777e-05,2.56253871352312984332069811819478e-03,-2.05735981339297997952225094283875e-04
7.11000000000000000000000000000001e+01,1.28045389284367038207714059646360e-03,4.20361733700699369368542512313090e-05,2.54140779378492753780703346233446e-03,-2.19392151906374508642772359176101e-04
7.11999999999999999999999999999998e+01,1.28401115067776869204661056825051e-03,2.91407467975613425556363514193191e-05,2.51851268290195660453362471713465e-03,-2.36979137941553993183285128978110e-04
7.13000000000000000000000000000002e+01,1.28628799622596133230872673655904e-03,1.64334093853495014557820877472154e-05,2.49390448414919466794699887751058e-03,-2.55350577591372360681940169797449e-04
7.13999999999999999999999999999999e+01,1.28730709832321386080566441151134e-03,3.99094255404702977643026241490766e-06,2.46767652057825184782372797742909e-03,-2.70999796996773680020458029507323e-04
7.14999999999999999999999999999998e+01,1.28709164524682832635958404876058e-03,-8.25474589057934129051252931296566e-06,2.43993672297754529676341055085138e-03,-2.85069111620354948210463076272852e-04
7.16000000000000000000000000000002e+01,1.28566614058255558231746973261331e-03,-2.02229746707949090366929391484818e-05,2.41069261640113691580128779946382e-03,-3.03048252963568553129526357557219e-04
7.16999999999999999999999999999999e+01,1.28305474614219511381511905588777e-03,-3.19609537843973989801132840746213e-05,2.37993545210796095497795514955151e-03,-3.14111254535952048799187531263464e-04
7.18000000000000000000000000000001e+01,1.27928344177130653420461107944274e-03,-4.34232529919112911216555141438738e-05,2.34776675365777501101621294939588e-03,-3.27395054744541502721667994975324e-04
7.18999999999999999999999999999995e+01,1.27437756628215951499605898987520e-03,-5.46405390513520363208912871407206e-05,2.31433011034008417730766118954235e-03,-3.41523281486158850083210731338937e-04
7.19999999999999999999999999999999e+01,1.26836449940586052824614655822783e-03,-6.55849923930159644455636030121481e-05,2.27961282403823917125817014118260e-03,-3.56155101628124151534106387380802e-04
7.21000000000000000000000000000003e+01,1.26127051738889661376680006725557e-03,-7.62474266830604538242082572971917e-05,2.24359536752651068199798687505724e-03,-3.66591262297957957767561286602087e-04
7.21999999999999999999999999999998e+01,1.25312392379421633936614382893431e-03,-8.66411231158896091050319164510782e-05,2.20641827765155832011167388428671e-03,-3.76754788878811703918874802701531e-04
7.23000000000000000000000000000002e+01,1.24395206994173013460916806902520e-03,-9.67391688563587766633573359949475e-05,2.16815899402255517330162426177543e-03,-3.86285040423808364447109171621620e-04
7.23999999999999999999999999999996e+01,1.23378414932577295463057027307187e-03,-1.06576648778501766648548014703846e-04,2.12885126015388214056511428138105e-03,-4.01944116778302428019255277948685e-04
7.25000000000000000000000000000000e+01,1.22264847281535945291349195576053e-03,-1.16090144196942142038932918624573e-04,2.08850631722722511226287411852737e-03,-4.10445201175192480931986456449049e-04
7.26000000000000000000000000000004e+01,1.21057462110045884034544513996630e-03,-1.25339845975341194495992903985740e-04,2.04720783368199996349347902043707e-03,-4.14260494675055219431793372342937e-04
7.26999999999999999999999999999999e+01,1.19759185760323325356467585746177e-03,-1.34259983665771896000446257674602e-04,2.00503878562446419988830835725412e-03,-4.24160041099911653219519820701152e-04
7.28000000000000000000000000000003e+01,1.18373020020492207325023022520413e-03,-1.42922379130179642884206244101640e-04,1.96207134175202778559784824607433e-03,-4.37230231962124614197345964421590e-04
7.28999999999999999999999999999997e+01,1.16901978107167803741696611603752e-03,-1.51241715872019133217312845249080e-04,1.91826770381283869995248233172320e-03,-4.42638218939591517421951309596999e-04
7.30000000000000000000000000000001e+01,1.15349065384097241654500063169062e-03,-1.59289000320555074135455941709412e-04,1.87374646245312439657771057871638e-03,-4.46615227797495340599969545657507e-04
7.31000000000000000000000000000005e+01,1.13717363097181783817789536606191e-03,-1.67000029302166935129378072024566e-04,1.82858321965502210325559565907820e-03,-4.53729776178339548046029113071217e-04
7.32000000000000000000000000000000e+01,1.12009892209895595692284130567973e-03,-1.74436016191911746122866859316950e-04,1.78281002124337464603168340809724e-03,-4.62233920499501669576076238334668e-04
7.33000000000000000000000000000001e+01,1.10229793040063644071286388014302e-03,-1.81541385233339328645166863984941e-04,1.73644669984565507635846318448508e-03,-4.68024609829719297169968338492797e-04
7.33999999999999999999999999999998e+01,1.08380077388843375903538504088060e-03,-1.88347323967772696292467087674380e-04,1.68959978440070735938362600612473e-03,-4.67504110351976643446877295213168e-04
7.35000000000000000000000000000002e+01,1.06463909353264739405206735093626e-03,-1.94837514517966220971058477757495e-04,1.64228835983710688644236165078512e-03,-4.72441114257615056840218929362577e-04
7.36000000000000000000000000000001e+01,1.04484308370655281045185653031548e-03,-2.01021677041938991649686689742823e-04,1.59459089273906803697712964934489e-03,-4.82040057716265809722416314119795e-04
7.36999999999999999999999999999998e+01,1.02444451204693079288759726575885e-03,-2.06906027807558832123723217114761e-04,1.54653540920903178124478669345518e-03,-4.84395218277988936288054178590164e-04
7.38000000000000000000000000000002e+01,1.00347353878779614338562538474919e-03,-2.12460697490195192976700238317079e-04,1.49817551371329029255319878552393e-03,-4.79982681053229781540909560077898e-04
7.38999999999999999999999999999999e+01,9.81961639129956034265212778160121e-04,-2.17728172767831395579390570300134e-04,1.44957129164696535995714288332634e-03,-4.85489937240910986968239309130275e-04
7.39999999999999999999999999999998e+01,9.59939040721623837492941253224161e-04,-2.22665039794848735130071624891391e-04,1.40077764859827782988483166494985e-03,-4.90869228080828251077351943537202e-04
7.41000000000000000000000000000002e+01,9.37436906231732496655490951768952e-04,-2.27330108080396763855040491396334e-04,1.35182121992185636854032007983099e-03,-4.91844361176900406300094257370839e-04
7.41999999999999999999999999999999e+01,9.14485420107602316497391154274322e-04,-2.31651372819501492504807616362618e-04,1.30278760419943565967725595238318e-03,-4.87597246667583080185259597200064e-04
7.43000000000000000000000000000001e+01,8.91115070833120860537391636397166e-04,-2.35705038747114346159887421107788e-04,1.25369273742203325289982319002117e-03,-4.87760345050884132222493363933371e-04
7.43999999999999999999999999999995e+01,8.67356007424082487634532270333913e-04,-2.39422908041431141324339701413864e-04,1.20455545273076476004982819459505e-03,-4.91846851612682459657718338380346e-04
7.44999999999999999999999999999999e+01,8.43238071683001206725003537143951e-04,-2.42883160585764182848316662101045e-04,1.15548629512690513153583435574940e-03,-4.94352734372720078323833306581181e-04
7.46000000000000000000000000000003e+01,8.18791293815030381915467287838842e-04,-2.46010933717986335167091201430027e-04,1.10652275830506793393048783082023e-03,-4.86301914427155282887950304338884e-04
7.46999999999999999999999999999998e+01,7.94044603009577998642635583677117e-04,-2.48870547916743902620130117551730e-04,1.05766087224866630228886866866179e-03,-4.84686885726743243945720861618488e-04
7.48000000000000000000000000000002e+01,7.69027730137291788172386961824205e-04,-2.51419765800382794950735140873770e-04,1.00894391789955196380558143308983e-03,-4.87033600014355294473111971592364e-04
7.48999999999999999999999999999996e+01,7.43768896404779502926651143198399e-04,-2.53701970058823188356013185185264e-04,9.60462369880899966868329113205799e-04,-4.84885503992066686419371019557586e-04
7.50000000000000000000000000000000e+01,7.18297369509366884330778709419061e-04,-2.55690901797258300324503029343858e-04,9.12250458449801120815172892657849e-04,-4.78974189976528752746805313094950e-04
7.51000000000000000000000000000004e+01,6.92640507930439431245788104824001e-04,-2.57396531199737327034706626332145e-04,8.64337196286255064369941079785151e-04,-4.77003701020609760890648475401649e-04
7.51999999999999999999999999999999e+01,6.66826857063653101038773516566317e-04,-2.58833087415013540384389112071747e-04,8.16694877485873606962529018721643e-04,-4.74321175803389096001751575306206e-04
7.53000000000000000000000000000003e+01,6.40883114102082120126946846167423e-04,-2.59988394721932656209817930773253e-04,7.69436241553676974169368614239121e-04,-4.71489918822313007199331029081150e-04
7.53999999999999999999999999999997e+01,6.14837009646061087587004711747900e-04,-2.60896852886376114280681376308913e-04,7.22633251147133256355544359964939e-04,-4.65767381363474917003923674445586e-04
7.55000000000000000000000000000001e+01,5.88714474749391224318206338244235e-04,-2.61510288899640632637623460686189e-04,6.76261654448026258078135463786700e-04,-4.59904156716968392148445219283295e-04
7.56000000000000000000000000000005e+01,5.62542091848650933800008998754061e-04,-2.61895040740872987233680979386757e-04,6.30297105257992770618144296650458e-04,-4.57776391524274495353637551125569e-04
7.57000000000000000000000000000000e+01,5.36345214600963428789973662245375e-04,-2.61994904650928332664229551272409e-04,5.84880591810924165561261232653981e-04,-4.52552323358864982759652128939234e-04
7.58000000000000000000000000000001e+01,5.10149295205018497039124049066796e-04,-2.61884418557356799713988449802963e-04,5.40031624313595786701629062654027e-04,-4.44291121968564228670417709591158e-04
7.58999999999999999999999999999998e+01,4.83978975982322795891406195155756e-04,-2.61486924348710448283482352644693e-04,4.95746620674640008446414126108755e-04,-4.39876980723882299252265749474071e-04
7.60000000000000000000000000000002e+01,4.57858304199753974395197432319243e-04,-2.60884476094655636570559296832598e-04,4.52015289907993067586406237276413e-04,-4.36018995567770218783411196320528e-04
7.61000000000000000000000000000001e+01,4.31811255527274425598112230622059e-04,-2.60016547914390502938812614789818e-04,4.08919994998573839075548622131090e-04,-4.27011283457672384039394099581478e-04
7.61999999999999999999999999999998e+01,4.05860641704753024710885959369298e-04,-2.58953644012204637754658752823499e-04,3.66527581900325895565409898313087e-04,-4.21306989096829219775320702085816e-04
7.63000000000000000000000000000002e+01,3.80029636606966672469463759532991e-04,-2.57639629589697141887261217541595e-04,3.24831456224029824460125591305868e-04,-4.14015848585854987595295799381035e-04
7.63999999999999999999999999999999e+01,3.54339602696358197580651379059556e-04,-2.56120885713170221891752691732971e-04,2.83768526588869463693377199117903e-04,-4.06552486191409840524329495615558e-04
7.64999999999999999999999999999998e+01,3.28812778123389374401665272401226e-04,-2.54381919982134105209696279065173e-04,2.43450787207827155055064997385977e-04,-3.99140354377184627501035346054501e-04
7.66000000000000000000000000000002e+01,3.03469401248905966885211626017744e-04,-2.52443851445656150780838149825179e-04,2.03951397459379574985877094002205e-04,-3.92738238813305512566912829312415e-04
7.66999999999999999999999999999999e+01,2.78330643047131537132983414763231e-04,-2.50308295021122545815854311090932e-04,1.65214673144505786463606743061629e-04,-3.84294720115586204948573884639211e-04
7.68000000000000000000000000000001e+01,2.53415472836496774642499143370370e-04,-2.47960860322467789186996095466382e-04,1.27227130313841043953109107716832e-04,-3.77258453327182563324931430832314e-04
7.68999999999999999999999999999995e+01,2.28743744904085721152745697909557e-04,-2.45443694420332062320226088366145e-04,9.00626235557023203828465586547767e-05,-3.65393372911252388688187629289736e-04
7.69999999999999999999999999999999e+01,2.04333477060767690303444969878586e-04,-2.42723860734254116886388865295976e-04,5.37722978728591923624418281870909e-05,-3.58570668326811739193271496373540e-04
7.71000000000000000000000000000003e+01,1.80203218104501273689267632032025e-04,-2.39858285067438720893660041815087e-04,1.83471732481028819065233998968021e-05,-3.53506429093459638220164898347272e-04
7.71999999999999999999999999999998e+01,1.56369898418941918974240294731232e-04,-2.36782649553620314816194976170056e-04,-1.62406381063702228339385496914857e-05,-3.42765954553412118200189349790444e-04
7.73000000000000000000000000000002e+01,1.32850466146589883570032326795848e-04,-2.33577739024711789236579249262681e-04,-4.99755201312223021153968286861266e-05,-3.29116571229942939571454594984045e-04
7.73999999999999999999999999999996e+01,1.09660986671834680822556803560678e-04,-2.30181246692660118897918931827285e-04,-8.27586977692466474030624388576434e-05,-3.23895116318928378499811343108949e-04
7.75000000000000000000000000000000e+01,8.68169693095495582283881463288739e-05,-2.26673485510343693456905593196866e-04,-1.14624412601971795840686446794174e-04,-3.17250615416101940196537372175631e-04
7.76000000000000000000000000000004e+01,6.43335120677551744539999955553879e-05,-2.22980031908437041982903421144024e-04,-1.45603594488462996095615410487279e-04,-3.06769194194951629879996670063182e-04
7.76999999999999999999999999999999e+01,4.22244088579908519880973480960592e-05,-2.19175114994278346477184315430182e-04,-1.75653921759457144228224606549317e-04,-2.93827905228208038472749769847677e-04
7.78000000000000000000000000000003e+01,2.05038117697199560678109990025036e-05,-2.15214667672942164134889048525433e-04,-2.04726433421044008116173675783911e-04,-2.84017889313831674664294804396878e-04
7.78999999999999999999999999999997e+01,-8.15843487313232920243051462852683e-07,-2.11151061070984263896215884651119e-04,-2.32865511968288939456374882416599e-04,-2.78900726832092813741134541410090e-04
7.80000000000000000000000000000001e+01,-2.17214710750822612834421306702259e-05,-2.06952501924094084809419117653981e-04,-2.60038543090132578285259989898704e-04,-2.69808279188364070299727683927945e-04
7.81000000000000000000000000000005e+01,-4.22021557068247891056460888528655e-05,-2.02639248624886431855784669643581e-04,-2.86263895040292289631640322420008e-04,-2.54509176680722217349295814847759e-04
7.82000000000000000000000000000000e+01,-6.22460531984962835427139615539282e-05,-1.98222175948008938562269905906522e-04,-3.11508538917782339328628677031216e-04,-2.45805295149448782525590269486259e-04
7.83000000000000000000000000000002e+01,-8.18433806778309535037999175296885e-05,-1.93699189639590055280267854633727e-04,-3.35772035797567286767500227427305e-04,-2.41387996106621871199271508120886e-04
7.83999999999999999999999999999998e+01,-1.00983513156803210323785471587233e-04,-1.89097033706249871348436728918305e-04,-3.59061865938271322316086008427405e-04,-2.28691604684182247627204698086569e-04
7.85000000000000000000000000000002e+01,-1.19657929989012233724477164066655e-04,-1.84376743504856697278296561502432e-04,-3.81386783740828396326961497932477e-04,-2.15549032518226326905714092764793e-04
7.86000000000000000000000000000001e+01,-1.37857512249732001543497392915157e-04,-1.79601984032932971038235273631663e-04,-4.02703033419669089001778944572095e-04,-2.06923573751141892708935674735429e-04
7.86999999999999999999999999999999e+01,-1.55574651211477536915083867005118e-04,-1.74721722215394364111136922827394e-04,-4.23057078417723046763124440154122e-04,-2.00732921735646765849751485422044e-04
7.88000000000000000000000000000002e+01,-1.72801609750594229180923489656103e-04,-1.69809207006618171915164093597622e-04,-4.42428436282214097373257149176149e-04,-1.90172578929592513101155768353580e-04
7.88999999999999999999999999999999e+01,-1.89531754526243285289058420843755e-04,-1.64788947424923750189958161112634e-04,-4.60803582899968501366968077648490e-04,-1.76899291971701328542662034854932e-04
7.89999999999999999999999999999998e+01,-2.05759005317400006520531905667469e-04,-1.59744690149605232123345230738455e-04,-4.78216429775013166204014738413046e-04,-1.65727827049776393189471929425937e-04
7.91000000000000000000000000000002e+01,-2.21477573712245966596120326546384e-04,-1.54615851187062872588172071587686e-04,-4.94672076952481552995356338201233e-04,-1.62652079914645730747749838088068e-04
7.91999999999999999999999999999999e+01,-2.36682726256064565884841013312248e-04,-1.49476242161844419063010701448829e-04,-5.10126974466200953679791561883843e-04,-1.51976665715269421034739602062543e-04
7.93000000000000000000000000000001e+01,-2.51369560683805088091214998607232e-04,-1.44264107484019885943852220725667e-04,-5.24612402024913895122882435944120e-04,-1.36757779756212277303384067400767e-04
7.93999999999999999999999999999995e+01,-2.65534899304099502000176110292635e-04,-1.39033377389953563600755873308978e-04,-5.38158178234867643466129336761793e-04,-1.27614283697876985324816823486985e-04
7.94999999999999999999999999999999e+01,-2.79174791139203113366206388248428e-04,-1.33761165308672837002199172227714e-04,-5.50759047056938450025635689744152e-04,-1.23233044081578801284802005720666e-04
7.96000000000000000000000000000003e+01,-2.92287209289020765138735493072337e-04,-1.28475800492411046758715657231960e-04,-5.62411749834554576571487118747647e-04,-1.12691509173220854010606010086244e-04
7.96999999999999999999999999999998e+01,-3.04869174952662147739472996070296e-04,-1.23170982250452488345764946807169e-04,-5.73089396386167575496098221836777e-04,-1.01847529101184057092508927573507e-04
7.98000000000000000000000000000002e+01,-3.16919884655847061709119434883852e-04,-1.17839331863816706484440164578348e-04,-5.82854107049727556461097144843953e-04,-9.05578757755166168815527478085837e-05
7.98999999999999999999999999999996e+01,-3.28437560929543052801182384391607e-04,-1.12514878953049860052512905187415e-04,-5.91745176326516821594074981340433e-04,-8.37174477824009899454351254687114e-05
8.00000000000000000000000000000000e+01,-3.39422258608590742644535465069276e-04,-1.07170974739948884558757790294560e-04,-5.99706685616220479485926757632190e-04,-7.65615034384950186174939298773165e-05
8.01000000000000000000000000000004e+01,-3.49873294039536641093258271957924e-04,-1.01857075354612709662522821434927e-04,-6.06710564808470616603747636063819e-04,-6.52120335397454449450937829169183e-05
8.01999999999999999999999999999999e+01,-3.59791617625828824605665840284223e-04,-9.65126264640857739578131919021378e-05,-6.12869592758508235735207785299984e-04,-5.50701014144416167617725297318822e-05
8.02999999999999999999999999999998e+01,-3.69177897981522303124625122820746e-04,-9.12149315694293033997172697849533e-05,-6.18182811149530121022611965697438e-04,-4.95522231582707405923317197535895e-05
8.03999999999999999999999999999997e+01,-3.78033725072054795926624702089941e-04,-8.59002631738568051871305416590494e-05,-6.22621774110762775164950359530031e-04,-4.00288946164176780213492752725219e-05
8.04999999999999999999999999999996e+01,-3.86360929218563105986750019481192e-04,-8.06475181840425562766695538743056e-05,-6.26170483800399733622380726766221e-04,-3.03019091973271883956936545606151e-05
8.06000000000000000000000000000005e+01,-3.94161730256907423515945554095785e-04,-7.53800660292311165687297351612189e-05,-6.28894654671466448567215256458306e-04,-2.38972065918828990589602977035615e-05
8.07000000000000000000000000000000e+01,-4.01439313285090434418227439068806e-04,-7.01733546523486849617879710258190e-05,-6.30832704302060612655910536294794e-04,-1.51581089020694836278221825295362e-05
8.08000000000000000000000000000001e+01,-4.08196483983379435122351285206167e-04,-6.49759951494902733110578999093776e-05,-6.31976142791668955975762129268412e-04,-6.46771339410541918881251864345115e-06
8.08999999999999999999999999999998e+01,-4.14437446087975070013149339109561e-04,-5.98440566235983328217877296954976e-05,-6.32259197482714050378766254561947e-04,8.97530452139431233696348603610993e-07
8.10000000000000000000000000000002e+01,-4.20165619076433071471135214608088e-04,-5.47365330835602995244504857237339e-05,-6.31783794398001756557234163535225e-04,8.42047387118252806777585345983318e-06
8.11000000000000000000000000000001e+01,-4.25386288571211100216660254284667e-04,-4.96805505819759471544140515895658e-05,-6.30605148161139354256685936780270e-04,1.57587313151746578119125703473913e-05
8.12000000000000000000000000000000e+01,-4.30103610406946972744460233701077e-04,-4.46762751378434118020143388209480e-05,-6.28666855172884198907413863390307e-04,2.22539145521610369738662537172927e-05
8.13000000000000000000000000000000e+01,-4.34323585619638258066048256408400e-04,-3.97247676538429355480829929452642e-05,-6.25951957929303906011221190097201e-04,3.14249342032671097291327620570441e-05
8.13999999999999999999999999999999e+01,-4.38051085021814952348962571556329e-04,-3.48435980496376301407086952072005e-05,-6.22549276534714437585077037719185e-04,3.64647724633661406449370474277810e-05
8.14999999999999999999999999999998e+01,-4.41292842600937230415625494972606e-04,-2.99999315054791931713287603969202e-05,-6.18484111567445505983325247874547e-04,4.36341202147294452232934228528124e-05
8.16000000000000000000000000000002e+01,-4.44054622020904306518793762245875e-04,-2.52476565552411528809847399895834e-05,-6.13751950967794856006131632560955e-04,5.22975904996816330297118972196043e-05
8.16999999999999999999999999999999e+01,-4.46343569088684125894974954406817e-04,-2.05366180415034935559461842428295e-05,-6.08324654684937496229987532353278e-04,5.72649800145928105864850565492011e-05
8.18000000000000000000000000000001e+01,-4.48166269528420422320738177032028e-04,-1.59333660604971179506887776808289e-05,-6.02244108674088719361851629280576e-04,6.04057848150736487540612319099955e-05
8.18999999999999999999999999999995e+01,-4.49530255688924059067676232491771e-04,-1.13621346577815997401188504436073e-05,-5.95601169431129114863205870265614e-04,7.04256215366594220866463304945172e-05
8.20000000000000000000000000000004e+01,-4.50443110841546499985652634867088e-04,-6.90531142971728632178592668315678e-06,-5.88367775412065340172374309961764e-04,7.70650535697611093649504833943110e-05
8.21000000000000000000000000000003e+01,-4.50912568608223550432168975717326e-04,-2.49561588072452243010685883095951e-06,-5.80502763489975880035696584233612e-04,8.08715421511651289332554018758467e-05
8.22000000000000000000000000000002e+01,-4.50946986277254872073288706563433e-04,1.79541807106809018377658677251018e-06,-5.72075000375282154997594505778968e-04,8.41643128824513561203989466269824e-05
8.23000000000000000000000000000002e+01,-4.50554354483611407511238230233088e-04,6.03482467373141014188106890027729e-06,-5.63145678396172762076577423934496e-04,9.09927773318525902827877239402148e-05
8.23999999999999999999999999999996e+01,-4.49743881539538799574671735195048e-04,1.01650171539618845240220368827298e-05,-5.53685746090011390752471348834425e-04,9.93871761646005551683227211049569e-05
8.25000000000000000000000000000000e+01,-4.48523777547747989404713769140646e-04,1.42204855012271807743402290530214e-05,-5.43717726247995010978389770147562e-04,1.04055184052037632757070957320177e-04
8.26000000000000000000000000000004e+01,-4.46903787750568939720995748626173e-04,1.81700212120656077784541626948541e-05,-5.33251508143815109208385998077742e-04,1.02698452081604328246559429128339e-04
8.26999999999999999999999999999999e+01,-4.44892414311781335888188988485381e-04,2.20316510811703515657670679032593e-05,-5.22335015983308805644818505989751e-04,1.09058301054891862410723039709864e-04
8.27999999999999999999999999999998e+01,-4.42499947846325640671327027102443e-04,2.58060467508411339798506374651810e-05,-5.10990314210358067020662938685449e-04,1.18963859164084425401326765617565e-04
8.28999999999999999999999999999997e+01,-4.39735282674905589452329841856376e-04,2.94695154996588967592863044198147e-05,-4.99216385218146826365862838510564e-04,1.20833013365233977562794981486874e-04
8.29999999999999999999999999999996e+01,-4.36608879528755727182198212636143e-04,3.30483160189526172620712847408099e-05,-4.87015697025029770234606888770665e-04,1.20961845200173188125686255017683e-04
8.31000000000000000000000000000005e+01,-4.33130051847486418760809043481927e-04,3.65036139305787608930339376303714e-05,-4.74461117349816111577700491492014e-04,1.26235590360418474180946135156383e-04
8.32000000000000000000000000000000e+01,-4.29309468765837288541012484438025e-04,3.98916668572315897301268717966127e-05,-4.61530228264084685274385325794039e-04,1.32510842080185493410946696995132e-04
8.33000000000000000000000000000001e+01,-4.25156975049058634027956843335791e-04,4.31419737400113821189287035051379e-05,-4.48254471427441409355176409415373e-04,1.35742776427558993023821327039278e-04
8.33999999999999999999999999999998e+01,-4.20683131812418614699316400832839e-04,4.63213930340167188820607059435023e-05,-4.34668148967723454609520279132153e-04,1.35822314717831694437851738881360e-04
8.35000000000000000000000000000002e+01,-4.15898246029241041547299321994000e-04,4.93566065523367081502667793904143e-05,-4.20772085102311866920402015720400e-04,1.37745109094982219455115312571907e-04
8.36000000000000000000000000000001e+01,-4.10812821296513380484935486874327e-04,5.23285341699631444156369828309328e-05,-4.06574546375975378570150057561344e-04,1.45908130672390918097879435211587e-04
8.37000000000000000000000000000000e+01,-4.05437750431717506125883229052534e-04,5.51602344474050942893504689202058e-05,-3.92139251312996467628223559223697e-04,1.47577725055986050806297033764809e-04
8.38000000000000000000000000000000e+01,-3.99783300645078011551213486185022e-04,5.79111546980671764110972097457432e-05,-3.77450597088961063500004618546303e-04,1.45230340157084831589450443576797e-04
8.38999999999999999999999999999999e+01,-3.93860676487147612516596524010165e-04,6.05267502989859368986921134919348e-05,-3.62526930570253523199568958896309e-04,1.48829750215392364773632499758437e-04
8.39999999999999999999999999999998e+01,-3.87680067629138518769849953429496e-04,6.30578044023150520454080584089155e-05,-3.47395933018272631302158039237464e-04,1.55453706890025704765986047615034e-04
8.41000000000000000000000000000002e+01,-3.81253045564701294196532676011849e-04,6.54707390579028438672311577925652e-05,-3.32081314974353368195906192596657e-04,1.54808063294235858767588019886118e-04
8.41999999999999999999999999999999e+01,-3.74589697434013840440259959552990e-04,6.77771634539455946987856189098845e-05,-3.16613432883431108316942764910669e-04,1.54210825504982319141842774563317e-04
8.43000000000000000000000000000001e+01,-3.67701591310858515112811031467652e-04,6.99733022336676514990166740374985e-05,-3.00987032564965267848716600427265e-04,1.55135373759913498456736001261830e-04
8.43999999999999999999999999999995e+01,-3.60598820301470688934522928372528e-04,7.20540642992097330165063029082869e-05,-2.85192323323409737229493529336861e-04,1.59835474875668623198776159091035e-04
8.45000000000000000000000000000004e+01,-3.53293026086120096170227919953679e-04,7.40474834460436466408004484077741e-05,-2.69307529441531446973141122113055e-04,1.62214524187677550210185700204097e-04
8.46000000000000000000000000000003e+01,-3.45794397311315890792732261292665e-04,7.59074765290907830365559911169051e-05,-2.53366602121201328320776952500115e-04,1.59714013393478773869146268802164e-04
8.47000000000000000000000000000002e+01,-3.38114242835529686777644275646400e-04,7.76836549391825383482807555023603e-05,-2.37303121734334653880723235833519e-04,1.58185403222442986624165597006599e-04
8.48000000000000000000000000000002e+01,-3.30262865318596856867220945829623e-04,7.93198151564545132491601066540628e-05,-2.21154836391146251443066005128358e-04,1.63315473257237614332817598710965e-04
8.48999999999999999999999999999996e+01,-3.22251335698415988419855067310573e-04,8.08910274213455205268491062660356e-05,-2.04988672430378691095161562907861e-04,1.63395122991755471923612812269018e-04
8.50000000000000000000000000000000e+01,-3.14090226438046790405884514237288e-04,8.23173112732666657093884145607077e-05,-1.88823617893361660300204374207509e-04,1.61540498047145000301268679323361e-04
8.51000000000000000000000000000004e+01,-3.05790059692457051571681490037469e-04,8.36710044693328501328289966102238e-05,-1.72628751392845689576094216120538e-04,1.62153898790311193770008650896976e-04
8.51999999999999999999999999999999e+01,-2.97361503287029822971816362353396e-04,8.48829391943349621088578852279902e-05,-1.56404425045872760727877588518716e-04,1.62136439565139604820563683936675e-04
8.52999999999999999999999999999998e+01,-2.88814697515426448345768315794720e-04,8.60277028185747803904771705007258e-05,-1.40195409515551324898306156781049e-04,1.61815456153206372085742835619491e-04
8.53999999999999999999999999999997e+01,-2.80160531354018420173215960650344e-04,8.70446173314775358991740789137634e-05,-1.24087044915737636786692627149214e-04,1.62457787328011091972089158542450e-04
8.54999999999999999999999999999996e+01,-2.71408649208914665839073172072927e-04,8.79760283034917834639117775622700e-05,-1.08010434633632959986023755872258e-04,1.60722059844862733235486716211600e-04
8.56000000000000000000000000000005e+01,-2.62569810887679561564632045852537e-04,8.87888224328364964040299657306200e-05,-9.19459454625984967177363605997818e-05,1.59839668557325835319144800554176e-04
8.57000000000000000000000000000004e+01,-2.53653319493917280676857362610506e-04,8.95134119850792421789013469294235e-05,-7.59779519726730389315870104790374e-05,1.59567624999213572105566172385142e-04
8.58000000000000000000000000000001e+01,-2.44669934395077498863300378703129e-04,9.01432585130640316839086031629311e-05,-6.01545153276973334736867458810560e-05,1.57271238037336080743310630280807e-04
8.58999999999999999999999999999998e+01,-2.35628671459373133853966227286312e-04,9.06651201751433194360153980662801e-05,-4.44117623184157059277856570301259e-05,1.57803413762626274306533135966843e-04
8.60000000000000000000000000000002e+01,-2.26539853445965730188704363105598e-04,9.11017982586427537910748648785594e-05,-2.87650936833910596358442767907769e-05,1.56940323341600618205712788130693e-04
8.61000000000000000000000000000001e+01,-2.17412295178623389972927930758441e-04,9.14244353602678822598226784502221e-05,-1.32488950553468441879478278758885e-05,1.53200030606878456315584901402970e-04
8.62000000000000000000000000000000e+01,-2.08256003611649311385079096531620e-04,9.16868036141837290710011669154329e-05,2.08369190502809312063474131898918e-06,1.52132771964941733827408139029381e-04
8.63000000000000000000000000000000e+01,-1.99079753998489723254261883754760e-04,9.18243584121478707989116883409024e-05,1.72501948247123766187494571944622e-05,1.52956739991028822176859863774604e-04
8.63999999999999999999999999999999e+01,-1.89892873757467028432114030041050e-04,9.19030550943586770081015113885929e-05,3.22920438236657258052579568809299e-05,1.48452061814983444393571247198518e-04
8.64999999999999999999999999999998e+01,-1.80704014953118303918681305666074e-04,9.18556745518873216120385241112569e-05,4.71605083261273566862817109430731e-05,1.46511714958546388893043142893132e-04
8.66000000000000000000000000000002e+01,-1.71521957238800520216248966704859e-04,9.17656971419901508810074177750144e-05,6.17785809461616996873869869014072e-05,1.45914953955922607578779085035401e-04
8.67000000000000000000000000000002e+01,-1.62355443854563893769925964308849e-04,9.15553928080382470602102545433433e-05,7.62046033284304751032369641890778e-05,1.44438986358004393000448607588293e-04
8.68000000000000000000000000000001e+01,-1.53212491427352811752806738086808e-04,9.12907571724690304045573631626892e-05,9.04601779509519627413560381370440e-05,1.40992753885095399508760159640539e-04
8.68999999999999999999999999999995e+01,-1.44101664441481824771871709933194e-04,9.09150942253339813337082968506272e-05,1.04479892399834171557807301857505e-04,1.37413080857423270605801730084124e-04
8.70000000000000000000000000000004e+01,-1.35030399202318980221359285547891e-04,9.04872749370178156972098529047219e-05,1.18246929428712009398423560553491e-04,1.35294208321486620963597042891954e-04
8.71000000000000000000000000000003e+01,-1.26007212497588796925390052646868e-04,8.99694055138881131230351403372087e-05,1.31763119805539952842714801388192e-04,1.37134826111099758955065981063189e-04
8.72000000000000000000000000000002e+01,-1.17038980012634843184996135414750e-04,8.93821024844187453701226044690437e-05,1.45047500810915369623783257231691e-04,1.31754533239726132061282719676476e-04
8.73000000000000000000000000000002e+01,-1.08133793558391450892018715416239e-04,8.87158400725487559266331064298187e-05,1.58093489843791134020516741104608e-04,1.24933814870433994546662549059836e-04
8.73999999999999999999999999999996e+01,-9.92980689530245321256572056654751e-05,8.79764625840110308807589927249748e-05,1.70854261055372779022633972701015e-04,1.25587443037479108605111151732882e-04
8.75000000000000000000000000000000e+01,-9.05396148554710439703503377326391e-05,8.71852961702597051900287018823113e-05,1.83315297644189217994463901024364e-04,1.26808824364916108797903424512788e-04
8.76000000000000000000000000000004e+01,-8.18645329754348935077196727631595e-05,8.63049822747127052154291390033002e-05,1.95529210153508527034461372112576e-04,1.20820450554382978016954832602915e-04
8.77000000000000000000000000000003e+01,-7.32799618632362248043661385132491e-05,8.53820524825826666094067379391445e-05,2.07454397447796709872388150969324e-04,1.15102803215232265343363027407453e-04
8.77999999999999999999999999999998e+01,-6.47917251184820238314509878018740e-05,8.43659754252811780756827688113562e-05,2.19076281705827327467137683003421e-04,1.12704992094625147859013518114722e-04
8.78999999999999999999999999999997e+01,-5.64063826973774043541021937610412e-05,8.33297132035744003009341469624786e-05,2.30401670890627091373767133903706e-04,1.13324461324099266562597932893774e-04
8.79999999999999999999999999999996e+01,-4.81296949221100280690540984418646e-05,8.21973857457492612373021588994993e-05,2.41421566190420525193085538386885e-04,1.10997161586564431232209419907619e-04
8.81000000000000000000000000000005e+01,-3.99673913954365427760748126497201e-05,8.10424364518284625752398730110995e-05,2.52120414461491784476737849938145e-04,1.02866432924025552929558246593970e-04
8.82000000000000000000000000000004e+01,-3.19250278059323861545279226183971e-05,7.97958925460512052025993372636047e-05,2.62532113485500898933251744567955e-04,9.98136750641555713693880941377000e-05
8.83000000000000000000000000000002e+01,-2.40076429907849557635888627918305e-05,7.85364102825671762236615387754009e-05,2.72613122684203836716512383867158e-04,1.01734771518386820425957224029149e-04
8.83999999999999999999999999999998e+01,-1.62207509805575449850102629316422e-05,7.71992586486189924945404507142011e-05,2.82363386214091173963384606213816e-04,9.71875476145138721646421137500923e-05
8.85000000000000000000000000000002e+01,-8.56863852435143991677109634989253e-06,7.58348334149413726219906485854877e-05,2.91791107791936707054741184806602e-04,8.99004326704499083241520805683213e-05
8.86000000000000000000000000000001e+01,-1.05650152829379601531368149568802e-06,7.44052312279779929679453315915773e-05,3.00893287420009096240779983062513e-04,8.87539229782974126495771987158718e-05
8.87000000000000000000000000000000e+01,6.31197221912269377101479701125668e-06,7.29476104570075244105211709222732e-05,3.09669525381208283806521392758999e-04,8.71081330163307197493965063112617e-05
8.88000000000000000000000000000000e+01,1.35318007048011140479230288704924e-05,7.14482449210694685104765858053983e-05,3.18115218919182728382122145623694e-04,8.37475837444536911353035262020075e-05
8.88999999999999999999999999999999e+01,2.05998056944164114318200448014711e-05,6.99040904490571259497977630736924e-05,3.26194945814365342710492326020857e-04,7.79607283840747273402964888769079e-05
8.89999999999999999999999999999998e+01,2.75115423499918665242480408791797e-05,6.83311419088596184220156003156745e-05,3.33959126416561895658039216088322e-04,7.42787589862717089724106947783101e-05
8.91000000000000000000000000000002e+01,3.42642280729655028255302448819745e-05,6.67082105480628506296719049731656e-05,3.41411579232337569056761084864328e-04,7.40985395019027291608297751646458e-05
8.92000000000000000000000000000002e+01,4.08538857089580018724793383202340e-05,6.50824610248063374593240404474193e-05,3.48489341492515841030810520983011e-04,7.16855137269414622750857120229633e-05
8.93000000000000000000000000000001e+01,4.72779514406484237428143587422987e-05,6.33946583015553249445930303363580e-05,3.55211915475029284712438351026360e-04,6.31831507522875859173065077104206e-05
8.93999999999999999999999999999995e+01,5.35332043085194693274450676521204e-05,6.17099098193168268836019543213677e-05,3.61625070686623330237183603898808e-04,6.08153722490176578828019235414731e-05
8.95000000000000000000000000000004e+01,5.96172820979371841531032652424276e-05,5.99635515534634907246443371749127e-05,3.67709805949141558414986342913046e-04,6.08295272778556705456365730982389e-05
8.96000000000000000000000000000003e+01,6.55276157812798051537311052147515e-05,5.82362515022901193753257280112679e-05,3.73435872990412191421008189192986e-04,5.69515795571642119115431740966969e-05
8.97000000000000000000000000000002e+01,7.12618905798528316407025120688494e-05,5.64502577870611027102407855479736e-05,3.78801630361676788729263940838601e-04,5.16079603087497621334757907541960e-05
8.98000000000000000000000000000002e+01,7.68183495762343210161115729025566e-05,5.46759642810898371135320930543253e-05,3.83835950872279672282389382507653e-04,4.83286667879633240632826682701886e-05
8.98999999999999999999999999999996e+01,8.21948471710084055542612782349410e-05,5.28529368698440158089721101337994e-05,3.88583833966297949981617831901953e-04,4.48537002575354613631370049440219e-05
9.00000000000000000000000000000000e+01,8.73902665946326071335939687188562e-05,5.10448522260604442949964945013792e-05,3.92972714269094914361248512046503e-04,4.36968452819479416543118641642203e-05
9.01000000000000000000000000000004e+01,9.24025547556251088001161485293537e-05,4.92056402515963360697344533132985e-05,3.96977014812093276482254116015488e-04,3.96819335184425837278304690231095e-05
9.02000000000000000000000000000003e+01,9.72312243819633896422132968723233e-05,4.73642622060069291502313276248266e-05,4.00677658141075793391619153317671e-04,3.44852357619418867516900765191597e-05
9.02999999999999999999999999999998e+01,1.01874574856332074230367747841778e-04,4.55059905873720443146315762488080e-05,4.04099923363852731786198252494279e-04,3.24511268708516059117458269290957e-05
9.03999999999999999999999999999997e+01,1.06332552012043488489818120843280e-04,4.36428527792490996289515379629389e-05,4.07163157593904411786676279223734e-04,2.93840703020885891580335473380222e-05
9.04999999999999999999999999999996e+01,1.10603728493128209350589249636454e-04,4.17858812161244312934154112813650e-05,4.09878205859612729324311675957464e-04,2.56150508953279240902532187518602e-05
9.06000000000000000000000000000005e+01,1.14688415929456816659999357379588e-04,3.99062438781485888523461980480567e-05,4.12276200894387985778081415148944e-04,2.42409145986408223196028050110119e-05
9.07000000000000000000000000000004e+01,1.18585746609864097608039415155920e-04,3.80452329943824834162292792001775e-05,4.14395934253945245586563008783467e-04,1.97702554200159815369363046982993e-05
9.08000000000000000000000000000001e+01,1.22296231560038153723003557478235e-04,3.61573564434334865812489909398489e-05,4.16206463344392624865001539899307e-04,1.44957070472282902270193522215013e-05
9.08999999999999999999999999999998e+01,1.25819496850590325039605445101291e-04,3.43095347794194612097534111617000e-05,4.17665654422112995598768537130710e-04,1.41128767368716836411793172200959e-05
9.10000000000000000000000000000002e+01,1.29156110893811333864842915862653e-04,3.24266478725155281042509588747118e-05,4.18811804462830879835741930994775e-04,1.15803856719168107447313482409635e-05
9.11000000000000000000000000000001e+01,1.32306452218533095046137794502718e-04,3.05829467141787582938009782885129e-05,4.19716203037505709939888816113311e-04,7.27426404918227153241145458873123e-06
9.12000000000000000000000000000000e+01,1.35271137097115403582840715607502e-04,2.87101498309573973978935461381259e-05,4.20312247180786819049252962947613e-04,3.84322039571393591075693269099636e-06
9.13000000000000000000000000000000e+01,1.38051094892562318367731744356024e-04,2.68857567356433670079595011987951e-05,4.20577910174257994282837435577500e-04,1.40325678852780000294601151124995e-06
9.13999999999999999999999999999999e+01,1.40646916176883387822742605431737e-04,2.50393652366841049442497133897790e-05,4.20570964015499161881602402312736e-04,-6.80272483802806000877493453374119e-07
9.14999999999999999999999999999998e+01,1.43060211976117876625581149048997e-04,2.32276987664721915886576196655629e-05,4.20308675390438349464124114722170e-04,-3.00415270510883182574034191799598e-06
9.16000000000000000000000000000002e+01,1.45291694086680745642032488998230e-04,2.14070953330775513870156182438901e-05,4.19766972751451483246545431051618e-04,-8.88548600355399508916566594163219e-06
9.17000000000000000000000000000003e+01,1.47343405636255236108366912442585e-04,1.96206061009561075833640811085355e-05,4.18939389637332892869771306496863e-04,-9.77970411612385001543024278703468e-06
9.18000000000000000000000000000001e+01,1.49216106534787093873747155804646e-04,1.78440685208586336431644271270592e-05,4.17832129605031984673357181678666e-04,-9.61977185224080841596591567773289e-06
9.18999999999999999999999999999995e+01,1.50912282529235435471687985360511e-04,1.60811488542026077804861419010416e-05,4.16493549042618244835903774097574e-04,-1.50664147740468758315947721728076e-05
9.20000000000000000000000000000004e+01,1.52433031962860153319350266187409e-04,1.43418302008325022258537550398477e-05,4.14923152474840085156572675378602e-04,-2.01028074494562309813277045588111e-05
9.21000000000000000000000000000003e+01,1.53781029446540661731351587049705e-04,1.26119793746043283009668687445521e-05,4.13065637122473405284682872848838e-04,-1.87340887949741046812000158195896e-05
9.22000000000000000000000000000002e+01,1.54957610156073099373836673274558e-04,1.09282107393101539155290249462436e-05,4.10964767788247892396560790137807e-04,-2.00813285724766176488767040505850e-05
9.23000000000000000000000000000002e+01,1.55965568675427245881039334926280e-04,9.23579242497317960067609536870025e-06,4.08655389816854810042515807355378e-04,-2.41937082364815684620569712994574e-05
9.23999999999999999999999999999996e+01,1.56806805254359088205319768132695e-04,7.59634835638575102523223226732608e-06,4.06115526229988886950635138312956e-04,-2.92182291049425330172996365318674e-05
9.25000000000000000000000000000000e+01,1.57484085637218955014355040594484e-04,5.94772249646513514278833368177547e-06,4.03346486598868461892103342885974e-04,-3.04448417732585627071701285968721e-05
9.26000000000000000000000000000004e+01,1.57999705518347781579290502684906e-04,4.36727912849117062121831206380074e-06,4.00365234473325770958085934261815e-04,-2.79972039221260048674244384701676e-05
9.27000000000000000000000000000003e+01,1.58356298737121870312993317426880e-04,2.77447377995922101745491214547015e-06,3.97159415402975105816883092552266e-04,-3.09421365630467865182171113053327e-05
9.27999999999999999999999999999998e+01,1.58556804473046495271541016366407e-04,1.24059704885011720067003946125779e-06,3.93772546435058155752567259129683e-04,-3.87555330264329778754174362562405e-05
9.28999999999999999999999999999997e+01,1.58603788597378672501860279865299e-04,-2.96663120629396417075647036739466e-07,3.90195030263099660812194464339172e-04,-3.86954041048335929703961859892148e-05
9.29999999999999999999999999999996e+01,1.58500557848863687885993518967160e-04,-1.77072710548897023714060980458585e-06,3.86416005495771994995635941615273e-04,-3.59435841658085566112051630069020e-05
9.31000000000000000000000000000005e+01,1.58249517848791384776708415142980e-04,-3.23719232903562051710230092090027e-06,3.82451270019830729210339541984549e-04,-3.97093358736036579387524129879557e-05
9.32000000000000000000000000000004e+01,1.57854452896383141076915591763728e-04,-4.66044093516199345452535759049882e-06,3.78318073093149453735956969941797e-04,-4.40017257089520945255580821930847e-05
9.33000000000000000000000000000001e+01,1.57317858436441021271442922182322e-04,-6.06276533942029385070341084654845e-06,3.74013483222728408346171099698233e-04,-4.54270286692901408205088595767252e-05
9.33999999999999999999999999999998e+01,1.56643702468628199863806101360465e-04,-7.42546928614297018639957930990601e-06,3.69571222508510979464346876506376e-04,-4.47410446044263874859367294496397e-05
9.35000000000000000000000000000002e+01,1.55834455776593758930106475968672e-04,-8.74722644016172930781991644290161e-06,3.64955436828435175796313725094238e-04,-4.52084557983118308650291323577775e-05
9.36000000000000000000000000000001e+01,1.54894257302668413023324465425189e-04,-1.00518182358936496509408134197135e-05,3.60172039317360305276942240159429e-04,-4.94457203448009868475578436002928e-05
9.37000000000000000000000000000000e+01,1.53825893756608301102517803928373e-04,-1.13052659382623241454779442857300e-05,3.55277797580342745019614107321234e-04,-5.21065280221274932991209294778839e-05
9.38000000000000000000000000000000e+01,1.52633466663225346540040351788522e-04,-1.25465414104811837107329240097740e-05,3.50265172245286843967236733348785e-04,-4.90775976387264907956299466863770e-05
9.38999999999999999999999999999999e+01,1.51319929700664377179878248934744e-04,-1.37163745931167963036659008183929e-05,3.45093883057955315352251860089910e-04,-5.13747253379489895189258042721076e-05
9.39999999999999999999999999999998e+01,1.49889219691181753236478817150902e-04,-1.48888280895689217904498318222751e-05,3.39802952673500731169156270872258e-04,-5.54833032575111112883882345679075e-05
9.41000000000000000000000000000002e+01,1.48344805078224352139030961787818e-04,-1.59915147479759867222693587069419e-05,3.34413903245094126505747912241988e-04,-5.50124655576335726467728008534651e-05
9.42000000000000000000000000000003e+01,1.46690415553640558156224803978649e-04,-1.70935394044581626009140646784479e-05,3.28932645939171289970446908719915e-04,-5.39867812194269555457726235423329e-05
9.43000000000000000000000000000001e+01,1.44929793122001598106533361912964e-04,-1.81175283756665119239072794037714e-05,3.23346435256031789474051443727979e-04,-5.60874875022979492228060567004724e-05
9.43999999999999999999999999999995e+01,1.43066359092667107039640983758694e-04,-1.91383209540480255347981152441950e-05,3.17634342320565375593899451234820e-04,-5.76031970136297343443727595321669e-05
9.45000000000000000000000000000004e+01,1.41104299886640263511567085204625e-04,-2.00969419130828026425816948112727e-05,3.11857465882260299705517820912693e-04,-5.97817179183663727319690138475090e-05
9.46000000000000000000000000000003e+01,1.39046908970678456341705931949178e-04,-2.10428956135209780009462784017946e-05,3.06043802484014799182581522843520e-04,-5.84794603056772168354858612986060e-05
9.47000000000000000000000000000002e+01,1.36898554234002592291689196565536e-04,-2.19271826822626960740390449214319e-05,3.00125565862239151092993981274000e-04,-5.75608840497273146529068433867139e-05
9.48000000000000000000000000000002e+01,1.34662265115195571279980265151073e-04,-2.27842783882187363869594150850131e-05,2.94105135156278651070997412928659e-04,-6.04851167034773101560731677932775e-05
9.48999999999999999999999999999996e+01,1.32342633862426268561271059278675e-04,-2.36034710156654346901468271689675e-05,2.88066864725310930826363843178810e-04,-6.21173456648370732889470040255006e-05
9.50000000000000000000000000000000e+01,1.29942745192501973682211915681252e-04,-2.43831841019123699989094253705397e-05,2.81998247162842900337818091467966e-04,-6.04088029269850361407771547908935e-05
9.51000000000000000000000000000004e+01,1.27467163815937568058540895112917e-04,-2.51319543462259052402593624352417e-05,2.75867872198948258368018614953928e-04,-6.14105124286186117456249480211853e-05
9.52000000000000000000000000000003e+01,1.24918920951033303221138612020912e-04,-2.58213737814813705915093495457992e-05,2.69665945443408365710681361577325e-04,-6.14436644317063722201934009791130e-05
9.52999999999999999999999999999998e+01,1.22302456533267783503628618554717e-04,-2.65010331333204402435155916510002e-05,2.63437468977398040385339434805660e-04,-6.11903160764209323119802559335096e-05
9.53999999999999999999999999999997e+01,1.19621090275768992368122095003508e-04,-2.71159944046391917760361262354716e-05,2.57224201343689814793418652591637e-04,-6.36932546060863321783612097349358e-05
9.54999999999999999999999999999996e+01,1.16879023807442290424502491064635e-04,-2.77252675301298999180162734689443e-05,2.50994157338464822105570514657571e-04,-6.33803882772368079587736327893779e-05
9.56000000000000000000000000000005e+01,1.14079708198538970647605080426942e-04,-2.82555600625188621454682682616135e-05,2.44688655956350986931486804812779e-04,-6.11254587805048272419202697913242e-05
9.57000000000000000000000000000004e+01,1.11226967266054283852546834641942e-04,-2.87884070212361882191323708148418e-05,2.38391400711465359934984522852094e-04,-6.19088001674383070137177263883350e-05
9.58000000000000000000000000000001e+01,1.08324638952062967019620057311355e-04,-2.92514829932219514961538711775459e-05,2.32135100101734828133619296221611e-04,-6.29379853012673108189576527393083e-05
9.58999999999999999999999999999998e+01,1.05376233565539313694489147845920e-04,-2.97110712921344321102142823577188e-05,2.25867363343008063887039035653155e-04,-6.34524286550611206418028230991661e-05
9.60000000000000000000000000000002e+01,1.02385749886678731613655178612181e-04,-3.00990936211403335760633997408031e-05,2.19577710950457840880153423250509e-04,-6.34124622883562599988179804787345e-05
9.61000000000000000000000000000001e+01,9.93562943487159290316857254895395e-05,-3.04768430561092232628728680818272e-05,2.13309118892723544040531086579873e-04,-6.02275478010091679492625868212558e-05
9.62000000000000000000000000000000e+01,9.62921079483893390407552417084670e-05,-3.08026990436355462913315821464327e-05,2.07075058374640799586428181891394e-04,-6.14396153266441384930908605703832e-05
9.63000000000000000000000000000000e+01,9.31961184995222224173646376749728e-05,-3.11077683310013495276632620479380e-05,2.00880690349331000808002216738929e-04,-6.41686572828980859447198059387515e-05
9.63999999999999999999999999999999e+01,9.00725803580539530428397910445298e-05,-3.13669190501960275882341113484915e-05,1.94687822818556939623689804429565e-04,-6.15399065252258953142508177782861e-05
9.64999999999999999999999999999998e+01,8.69241593302221060207581403931915e-05,-3.15885715400237354111421211847301e-05,1.88514354727521212040883303501185e-04,-5.89415519734620193040161836490517e-05
9.66000000000000000000000000000002e+01,8.37550870088386707498559833534262e-05,-3.17890824709928899150422859775447e-05,1.82416949165857551950004638220473e-04,-6.15170039925227732306237395615025e-05
9.67000000000000000000000000000002e+01,8.05680731503254469443831005003643e-05,-3.19413421052765335422610591883598e-05,1.76366666181748849584845331867608e-04,-6.14758349245188235325947843127071e-05
9.68000000000000000000000000000001e+01,7.73671280093902152830363314718406e-05,-3.20804654956687241880225352730637e-05,1.70330986636534793374881895335497e-04,-5.98179708725018506998792446750949e-05
9.68999999999999999999999999999995e+01,7.41549349300837638708634468414831e-05,-3.21548327052287595852870895917630e-05,1.64356247366171984889229644560014e-04,-5.79643718105118170486281141116300e-05
9.70000000000000000000000000000004e+01,7.09351757922848150565528448323439e-05,-3.22335520177910273205097183877533e-05,1.58454960475572430283584038619553e-04,-5.82994304487476579306648754443782e-05
9.71000000000000000000000000000003e+01,6.77107899771169433446504156595467e-05,-3.22472987457692688663694395350273e-05,1.52609865501057159495938212490491e-04,-6.02299756971169700588588573296450e-05
9.72000000000000000000000000000002e+01,6.44850556906708212715575256728179e-05,-3.22657699502513312781029423353932e-05,1.46834060856060340872299911959074e-04,-5.84214401130826929229069661319354e-05
9.73000000000000000000000000000002e+01,6.12610280590921446227520229029181e-05,-3.22127680661538163922669942451745e-05,1.41109941794825195477280174720965e-04,-5.32505517349988352907350594902504e-05
9.73999999999999999999999999999996e+01,5.80415173319924741194175230232926e-05,-3.21665740306506280693359542619255e-05,1.35460902523212094904591250635830e-04,-5.57688240897437691362911633491573e-05
9.75000000000000000000000000000000e+01,5.48298398526129877132441324811124e-05,-3.20636059563923969623694779494953e-05,1.29910068285742686072869353166724e-04,-5.88921914613525462665740723341326e-05
9.76000000000000000000000000000004e+01,5.16284456332354012719837814074774e-05,-3.19584614900640138631754586559005e-05,1.24431710700387701807423362546543e-04,-5.47782732382199395097547954978677e-05
9.77000000000000000000000000000003e+01,4.84406879841119153290761279428903e-05,-3.17994327553836864672457936318333e-05,1.19021177487999842664613233173448e-04,-5.09940490189622868397478073310390e-05
9.77999999999999999999999999999998e+01,4.52686241289974713441014279253890e-05,-3.16291512084295098369741906715852e-05,1.13709285634878642756922840408354e-04,-5.19175593022768564490939586922590e-05
9.78999999999999999999999999999997e+01,4.21157046329509290502698413527005e-05,-3.14276935015350648115234744659948e-05,1.08476371446676698117228201981704e-04,-5.36509404226252580447589278729321e-05
9.79999999999999999999999999999996e+01,3.89837986241971549015731647521991e-05,-3.12020626166728374914825052397422e-05,1.03351091958221265372959863741811e-04,-5.31349920500159670095250070816239e-05
9.81000000000000000000000000000005e+01,3.58762069921941283589011173360076e-05,-3.09546501457033115860582367714451e-05,9.83300195093352156440619684894634e-05,-4.84335482754958557469511802165849e-05
9.82000000000000000000000000000004e+01,3.27946106221304916392587568742411e-05,-3.06662978418699360233983772063014e-05,9.33793181699562466149753645805892e-05,-4.63754182169108604384687821482041e-05
9.83000000000000000000000000000002e+01,2.97421105994055965009870779421709e-05,-3.03803003050875550813473798211653e-05,8.85221368867974485608170542748263e-05,-5.02026393735475652292536710589883e-05
9.83999999999999999999999999999998e+01,2.67204878187744686124249642434882e-05,-3.00455506718720453204616596478662e-05,8.38021968822219597536126710717102e-05,-4.89336084417266309387826820932899e-05
9.85000000000000000000000000000002e+01,2.37324471179993931983248343815497e-05,-2.97177328686932874505581396542063e-05,7.91814829578629197871774252727350e-05,-4.41851235361959619207278966714609e-05
9.86000000000000000000000000000001e+01,2.07797860107278621729761852955141e-05,-2.93301257166188197318121244504171e-05,7.46521982907452027362631260309051e-05,-4.39991622203076059683607408564624e-05
9.87000000000000000000000000000000e+01,1.78647922829929950319204726665303e-05,-2.89623038740861494823016133991887e-05,7.02239256157854217934085167346396e-05,-4.48365347541620220537008794026246e-05
9.88000000000000000000000000000000e+01,1.49895130916104766181389279733544e-05,-2.85403368733515274946670671499034e-05,6.59155933521012438867239669031684e-05,-4.28394437387546576784321760235886e-05
9.88999999999999999999999999999999e+01,1.21557610467126483339186407830580e-05,-2.81329820913532897206391074120255e-05,6.17429989232305619675622254611296e-05,-4.16167106446072093509673765733349e-05
9.89999999999999999999999999999998e+01,9.36565004272570314123878465043012e-06,-2.76706204084226155837674165849310e-05,5.76706458668952482895129652007327e-05,-3.94235097872197001673260243393445e-05
9.91000000000000000000000000000002e+01,6.62052810925104745471535874685918e-06,-2.72208899157223272632444922666344e-05,5.36758764674862444987195691860501e-05,-3.95750148005578858407841805002788e-05
9.92000000000000000000000000000002e+01,3.92270941241222787382697789650394e-06,-2.67353328348704204563630682162254e-05,4.98292551923171450116980674341998e-05,-3.94024233944978895167961548001172e-05
9.93000000000000000000000000000001e+01,1.27320735718407983465715159495771e-06,-2.62501402120699805791476507633525e-05,4.61292630238994361307808187788521e-05,-3.58252853023952931720879878590477e-05
9.93999999999999999999999999999995e+01,-1.32574572838500607478651073249411e-06,-2.57348005082964545990991993837700e-05,4.25095424836377816062922326333426e-05,-3.42095646533365274310172996693687e-05
9.95000000000000000000000000000004e+01,-3.87346131859228757483823815440114e-06,-2.52081820670104196476238415638861e-05,3.89953424298964688741646101238193e-05,-3.60125760368750240152698141568874e-05
9.96000000000000000000000000000003e+01,-6.36771437224358058952495141625798e-06,-2.46772676977309506756194364503331e-05,3.56236519707215547198401195092169e-05,-3.35081744567859447559488464979388e-05
9.97000000000000000000000000000002e+01,-8.80789953009237581780847014104412e-06,-2.41212320409157242648666245872883e-05,3.23903707247580575355945980130973e-05,-3.13961530178836550020073090279971e-05
9.98000000000000000000000000000002e+01,-1.11920898489428831699301888307576e-05,-2.35692985459644612532258809843640e-05,2.92674422730805842943906828589523e-05,-3.06547842760852542681431739361978e-05
9.98999999999999999999999999999996e+01,-1.35197800710468385206372666912528e-05,-2.29774353227249237581844755531643e-05,2.62326114308209671099512755592307e-05,-2.89261347752942125451833441295761e-05
1.00000000000000000000000000000000e+02,-1.57893448721540782763043607896726e-05,-2.24107245898775953939708171105259e-05,2.33259090739729294138411760943353e-05,-2.85056315051664323054729047670422e-05
1.00100000000000000000000000000000e+02,-1.80000735682664338982450881214573e-05,-2.18016709180554165441985692286601e-05,2.05948813800097436822068690479832e-05,-2.83593995540972889237697414756659e-05
1.00200000000000000000000000000000e+02,-2.01508179958303249819373464349615e-05,-2.12168389777101203031714775092628e-05,1.79610394697873680325966900612070e-05,-2.50703178878068339215605281241277e-05
1.00300000000000000000000000000000e+02,-2.22408235522508431341644206888569e-05,-2.05830272631676997320146368014878e-05,1.54035167119129030614060979337254e-05,-2.35504197621506420009807727513258e-05
1.00400000000000000000000000000000e+02,-2.42693897941251294311842040521682e-05,-1.99809356303772844073380948089040e-05,1.29904845409661652852234908135079e-05,-2.34617504872462247930626445681658e-05
1.00500000000000000000000000000000e+02,-2.62354831972459352284488786166472e-05,-1.93419840320848977821245113630566e-05,1.07335572550979213144913815583440e-05,-2.23876970159905297520311569784670e-05
1.00600000000000000000000000000000e+02,-2.81388323671100628225473749116009e-05,-1.87246653471059055931744132631983e-05,8.58057818374069477078081881818045e-06,-2.22267533063449382027361456937001e-05
1.00700000000000000000000000000001e+02,-2.99783997992785172056686785777046e-05,-1.80726522042640778957768801038126e-05,6.52777743867334871199459491661856e-06,-1.94779940183518327761568727704726e-05
1.00800000000000000000000000000000e+02,-3.17543241451885856188667366546931e-05,-1.74361541283519523236251136197057e-05,4.58324696520727943214013189663394e-06,-1.59600189519302008788884743175043e-05
1.00899999999999999999999999999999e+02,-3.34654099284248011185420707985924e-05,-1.67879833740015283088166434963147e-05,2.78987851116434306467808384293211e-06,-1.78500556096174256302615055474594e-05
1.01000000000000000000000000000000e+02,-3.51120118938121970536052641621462e-05,-1.61411171883225896316085046419215e-05,1.12825123018845347134921189255667e-06,-1.87305069420335675760795673212904e-05
1.01100000000000000000000000000000e+02,-3.66930929889824425675949034091235e-05,-1.54897475324483579801018522831774e-05,-4.56088427616827738604295189675309e-07,-1.39844093238700814122270517554691e-05
1.01200000000000000000000000000000e+02,-3.82092397153862797723075998979336e-05,-1.48247181886244534783362838043975e-05,-1.93239917168474767869384172828081e-06,-1.22895103133697472971702409869974e-05
1.01300000000000000000000000000000e+02,-3.96595248247379388097477155718510e-05,-1.41817386597509752724153157505435e-05,-3.25523855308434710943316806378976e-06,-1.26667862449177430894416452332678e-05
1.01400000000000000000000000000000e+02,-4.10444335396597853275780251101261e-05,-1.35141986800542279062622070250187e-05,-4.47414130264364846872638323669963e-06,-1.27908741945623479161478529506639e-05
1.01500000000000000000000000000000e+02,-4.23634228789340121855645640857178e-05,-1.28729881603717776274334181520768e-05,-5.59756859523063845344580471137204e-06,-1.12391098358292524143065394174207e-05
1.01600000000000000000000000000000e+02,-4.36169771130031634566170822707611e-05,-1.21955961686140912317494298065527e-05,-6.60567610677793980353010259025378e-06,-7.74093878684995025903177493571147e-06
1.01700000000000000000000000000000e+02,-4.48049168118164808122837976396677e-05,-1.15594717463064312890207005189349e-05,-7.50274912699569576580108029278394e-06,-7.07299511476366008077671095440771e-06
1.01800000000000000000000000000000e+02,-4.59274299412669523264189422902489e-05,-1.08912858807960009280348116210797e-05,-8.28142955401316227041417993771101e-06,-9.82338573682383026321310026851954e-06
1.01900000000000000000000000000000e+02,-4.69847718415860332162547437475746e-05,-1.02589951711774337665204476919412e-05,-8.95841475001106401265744728772736e-06,-6.30182344098129174194667565312698e-06
1.02000000000000000000000000000000e+02,-4.79770603369843014291115617775499e-05,-9.59096875064067168249990525236219e-06,-9.55088718188738440721112428195372e-06,-2.61596915084125106793836801895403e-06
1.02100000000000000000000000000001e+02,-4.89049874225581984115419739866511e-05,-8.96005406083764295751234030819152e-06,-1.00263000829532870853246570364586e-05,-4.64673394498463235092689796140225e-06
1.02200000000000000000000000000000e+02,-4.97683787628046016513493763151917e-05,-8.31095084844269218100401033269636e-06,-1.03853480971527720644213954908765e-05,-5.40907741633362411113431992685199e-06
1.02300000000000000000000000000001e+02,-5.05682375637363271927936848680701e-05,-7.68563424557331168367418230035295e-06,-1.06659860703946487177781293859260e-05,-1.78689850860129978966802258940004e-06
1.02400000000000000000000000000000e+02,-5.13044060148915407365957000617817e-05,-7.04689855713468247111404306713154e-06,-1.08452943247783645557681978205911e-05,4.60773851654816023217718425601833e-07
1.02500000000000000000000000000000e+02,-5.19781986309761576553442130557571e-05,-6.42077123089287064578423388264208e-06,-1.09291502405405197491214768486745e-05,5.35944400109342772654276511261114e-07
1.02600000000000000000000000000000e+02,-5.25893790265741548042380747118688e-05,-5.80629859251159570449021430642598e-06,-1.09248101560696916779150457134513e-05,-1.66443700630689124157848848558922e-06
1.02700000000000000000000000000000e+02,-5.31392999339342936560833263855319e-05,-5.19002426904323673186891625038916e-06,-1.08121540002769710094237734538281e-05,-3.99692208757469613007314341294837e-07
1.02800000000000000000000000000000e+02,-5.36279267362970216745885011666349e-05,-4.59283049126258009472456660224784e-06,-1.06124229745007207548801003362372e-05,5.19828043945302936757164637267953e-06
1.02900000000000000000000000000000e+02,-5.40566994978965650611361134404827e-05,-3.97785930856033222353918799327619e-06,-1.03559798628712258859295834404762e-05,4.93080088861704153132536905529037e-06
1.03000000000000000000000000000000e+02,-5.44257914677173621280399567208968e-05,-3.40444041001485269752451063791928e-06,-9.99586828307737379825547106923655e-06,1.01574597344877765077721294152264e-06
1.03100000000000000000000000000000e+02,-5.47363869108701586749965858632264e-05,-2.80777164165716831850016316772768e-06,-9.53952501625412912572777088045468e-06,3.55614741543794087636797492887002e-06
1.03200000000000000000000000000000e+02,-5.49890447982342617193199887140337e-05,-2.25212041577008771668252597615744e-06,-9.00787689934657999843328558082152e-06,7.37399567549866339494985691919314e-06
1.03300000000000000000000000000000e+02,-5.51848366415693711815614411899980e-05,-1.66560648129704521698357635893128e-06,-8.40930922942031824148233330198178e-06,7.23972611512501321871854992936671e-06
1.03400000000000000000000000000000e+02,-5.53247014203590441776105970420621e-05,-1.12801953237572287195409965291567e-06,-7.74804782552555700215625914756105e-06,6.65681347490794904856148684184993e-06
1.03500000000000000000000000000000e+02,-5.54093685346734929660065017057131e-05,-5.68550653268179618060627811294401e-07,-6.99875473820908270390017995764427e-06,6.07908070728698296768425963070627e-06
1.03600000000000000000000000000000e+02,-5.54401232053625031990440409472391e-05,-4.90923026788124651176600360040771e-08,-6.14767437145837524294002338725049e-06,8.39749953294008710994171355609691e-06
1.03700000000000000000000000000001e+02,-5.54175820394046367082844598247589e-05,4.92095337674575282541313198008484e-07,-5.26249174740598914002160500929268e-06,1.09157668114521138480785983582878e-05
1.03800000000000000000000000000000e+02,-5.53433869927629560316238614466415e-05,9.98494686261827461286335915637474e-07,-4.33465249923703078788547228209130e-06,9.36026024697266999643842537914361e-06
1.03899999999999999999999999999999e+02,-5.52179021018070418329614967197847e-05,1.50579156891743968823040409043037e-06,-3.30640259074900308714430316776577e-06,8.89727321805144060795560060019740e-06
1.04000000000000000000000000000000e+02,-5.50429400820035589855207544051718e-05,1.99418271953357468434974670195213e-06,-2.20349293554818327084278870938186e-06,1.21391599242090212502547506500637e-05
1.04100000000000000000000000000000e+02,-5.48188895658765275272811279135787e-05,2.47605066264220549347611292840742e-06,-1.06823150732618914460263692363412e-06,1.16163806169813257903356591913543e-05
1.04200000000000000000000000000000e+02,-5.45477209724480752858173915585853e-05,2.95347793021612755989288360618970e-06,1.12279405657958370126923001662630e-07,1.13394680413756537784844241077195e-05
1.04300000000000000000000000000000e+02,-5.42298333164750244785701393234076e-05,3.40010890718701798984300454506347e-06,1.35656603639337584296347862509563e-06,1.29743645794799160612077002980668e-05
1.04400000000000000000000000000000e+02,-5.38670679795797040307716824523724e-05,3.85574104026017072125460604987483e-06,2.67696748386205510285161210039967e-06,1.31517524331288335461942252805908e-05
1.04500000000000000000000000000000e+02,-5.34600720800863985059531661671164e-05,4.27504466890353084485832744186218e-06,4.03989155966308496476828148547062e-06,1.35938708591179641433632051955667e-05
1.04600000000000000000000000000000e+02,-5.30105931427544058060372095806664e-05,4.71609152073986546340567022226350e-06,5.40643611159735194372761793068618e-06,1.47485358862545854518557224250029e-05
1.04700000000000000000000000000000e+02,-5.25195395911569763407488168315531e-05,5.10538503861592305280015603767433e-06,6.84065637357819648737668298665867e-06,1.34865165623400100742056073762089e-05
1.04800000000000000000000000000000e+02,-5.19883134306605093337968304854830e-05,5.51661143405463040386580412067992e-06,8.35589560649998611543278168016087e-06,1.48440986566041149282431915801548e-05
1.04900000000000000000000000000000e+02,-5.14181731443540099410163069979893e-05,5.88139325360567663301555472424628e-06,9.87851845572417359482920509346390e-06,1.63363257197869222426143330513450e-05
1.05000000000000000000000000000000e+02,-5.08103268443557319549304017988561e-05,6.27145540696316772259128892701821e-06,1.14092307262154708033551504496502e-05,1.55056555870656249789345009371419e-05
1.05100000000000000000000000000001e+02,-5.01663564886263955321280203085594e-05,6.61266516512138880778667546110353e-06,1.30007626858754560038660026561386e-05,1.59884036486547433755958927768797e-05
1.05200000000000000000000000000000e+02,-4.94871117325786347402688311872042e-05,6.96696662220792789067372006302355e-06,1.46415635988153654825632772452047e-05,1.62391887293834360904645687691413e-05
1.05300000000000000000000000000001e+02,-4.87744469132808596650466863387540e-05,7.28576751556145299069279450708130e-06,1.63109104378318626657721933007795e-05,1.55924345239784077263511027470151e-05
1.05400000000000000000000000000000e+02,-4.80290791706905606926428307573188e-05,7.61270521741588587783637279473064e-06,1.79748020575576354375755557186460e-05,1.82130283986761697192832577265274e-05
1.05500000000000000000000000000001e+02,-4.72530801274504134006390375281968e-05,7.91451077924194440098478963687312e-06,1.96585556475134349242099563424333e-05,1.88038898042527752911335558775187e-05
1.05600000000000000000000000000001e+02,-4.64469762708433035482682034837294e-05,8.20165226270161618922539236179991e-06,2.14078923134344143717235805281192e-05,1.56091571369369264564667361379075e-05
1.05700000000000000000000000000000e+02,-4.56128596537718998681088705922642e-05,8.48150637953838809125694575252543e-06,2.31805624974615305624813815691720e-05,1.63441019816017343754244339393287e-05
1.05800000000000000000000000000000e+02,-4.47513461766496447143215716138572e-05,8.73899057478160329412552673812913e-06,2.49236549764615514386692556490377e-05,1.90583742784202981803300701709167e-05
1.05900000000000000000000000000000e+02,-4.38645039304820949085776496318477e-05,9.00314763034505336867877824715585e-06,2.66936092204663720497657291741649e-05,1.93413190757910854588468684233103e-05
1.06000000000000000000000000000000e+02,-4.29530175093526947784848361099590e-05,9.22367218756211499053689083317937e-06,2.85030617789285137920764652868644e-05,1.81203382116735142746353456846498e-05
1.06100000000000000000000000000000e+02,-4.20186918688654833685656747921666e-05,9.46159225154727162503933223106043e-06,3.03196920925021162075159182494431e-05,1.64172720414162589223945337437120e-05
1.06200000000000000000000000000000e+02,-4.10625107909368708951165950184761e-05,9.65511646369273628135931111943376e-06,3.21359765589601392712106392985170e-05,1.74222615314331064786165290942708e-05
1.06300000000000000000000000000000e+02,-4.00860545791991089360820656621679e-05,9.87370773282640203752781342158171e-06,3.39492406733353035342416572228216e-05,2.13163890144898897156506668392487e-05
1.06400000000000000000000000000000e+02,-3.90905590537550088506680620346790e-05,1.00385543533323551839074992676333e-05,3.57724063958138393219847896263389e-05,1.88661028081517789228980928146781e-05
1.06500000000000000000000000000000e+02,-3.80771965842579146139148086082817e-05,1.02240533347829349461730340727998e-05,3.76223067001770914226747646641835e-05,1.57088615755359640131132417598973e-05
1.06600000000000000000000000000000e+02,-3.70475208281316687672420107557623e-05,1.03662013649252770835441266252512e-05,3.94556896427047625102833488441718e-05,1.86049947293091496006090797019023e-05
1.06700000000000000000000000000000e+02,-3.60024901870809214052248869535012e-05,1.05286620359618930518760592909707e-05,4.12728328023668372123560202094394e-05,2.04014684833673785774598098785132e-05
1.06800000000000000000000000000000e+02,-3.49438878932272514631265230461314e-05,1.06497577688191043519569851374177e-05,4.31090497617616452686171673326169e-05,1.81363190365569214540345409524150e-05
1.06900000000000000000000000000000e+02,-3.38723140292951836350795905283692e-05,1.07747966015094554901314267072585e-05,4.49382053094032900801354808175399e-05,1.74105476041562369893292120887828e-05
1.07000000000000000000000000000000e+02,-3.27897288324405448380445019708757e-05,1.08768256411032036217072077490573e-05,4.67532118314101876954561140792711e-05,1.76420519670546457640482695883410e-05
1.07100000000000000000000000000001e+02,-3.16966570845736283109782770711450e-05,1.09749142767710774835744773946928e-05,4.85665211635923191286707575376559e-05,1.95791810577828363610627091557616e-05
1.07200000000000000000000000000000e+02,-3.05951279547389194911421164805773e-05,1.10629889709371348007546448520386e-05,5.03601129992188317597647470736301e-05,1.90116766522497060899039752273099e-05
1.07300000000000000000000000000000e+02,-2.94855377226745522989452615515602e-05,1.11234337998684586267512224672070e-05,5.21441261385324843310589208900303e-05,1.55431021801627778385813907702954e-05
1.07399999999999999999999999999999e+02,-2.83697748386574808446069498693850e-05,1.11911846413524026371436590601552e-05,5.39337131346744876796773249615258e-05,1.69247338920899614520801172447325e-05
1.07500000000000000000000000000000e+02,-2.72484269675131816742430486803370e-05,1.12268289911406480225846075237758e-05,5.56887859562388982348599428679035e-05,2.06417184344618600129209387749506e-05
1.07600000000000000000000000000000e+02,-2.61232197070485858663087175046181e-05,1.12810345408932668474864784634167e-05,5.74199039377543714599993268270271e-05,1.75978274488440049054205276627261e-05
1.07700000000000000000000000000000e+02,-2.49948535875821762784635059701281e-05,1.12857431401103619024160467282378e-05,5.91478200658010799070618555465905e-05,1.46225006031441128891976717628702e-05
1.07800000000000000000000000000000e+02,-2.38646719561286465734836308287696e-05,1.13145877627285673400110844727385e-05,6.08587840834933827375143936897703e-05,1.66296012954726877322038070397704e-05
1.07900000000000000000000000000000e+02,-2.27336992341662457710956230136860e-05,1.12994566379708521860794025846736e-05,6.25470442894115423008116202811528e-05,1.82397246125142528541748042588442e-05
1.08000000000000000000000000000000e+02,-2.16030201406061645305234596353316e-05,1.13120299502691084413727579858550e-05,6.42057773648832667060477961486101e-05,1.77901556502366454048743152720211e-05
1.08100000000000000000000000000000e+02,-2.04738788616281872233340281440383e-05,1.12757659462855701589483649424721e-05,6.58218831138228643843158247391844e-05,1.52282277116891538035090211411221e-05
1.08200000000000000000000000000000e+02,-1.93469122782207701060255075683134e-05,1.12578701676036461248335526585695e-05,6.74454295680293834132156409334162e-05,1.36326129891086268515660501266641e-05
1.08300000000000000000000000000000e+02,-1.82236274952940587598455727832338e-05,1.12061815066122207649855204340176e-05,6.90556539123050197305608143648195e-05,1.67724320044836372399648391645462e-05
1.08400000000000000000000000000000e+02,-1.71044803863918685245562038936190e-05,1.11695062521941418034698265699668e-05,7.05981442748789786734639023528450e-05,1.77210187565377837271587654843959e-05
1.08500000000000000000000000000000e+02,-1.59911347026601600645758752375408e-05,1.11059772093966040437230420946083e-05,7.21069176974706500032114162065930e-05,1.37080024401421405390618051768359e-05
1.08600000000000000000000000000001e+02,-1.48837279408441145977327093765305e-05,1.10359390645828988747518621617746e-05,7.36188887432573400431148918119185e-05,1.36248563915509941725485206433475e-05
1.08700000000000000000000000000001e+02,-1.37839482605560537647034335826603e-05,1.09601477729802574858169941100822e-05,7.51027912539762611519378903716044e-05,1.49534199083792257926464394448439e-05
1.08800000000000000000000000000000e+02,-1.26919742918709034453629937685713e-05,1.08702301869624680802708684074003e-05,7.65414985320943323534360007724274e-05,1.43025954545724752682481677461166e-05
1.08900000000000000000000000000000e+02,-1.16094398822080925652177968611881e-05,1.07876759921565334685315844358048e-05,7.79254831780251536001034928437101e-05,1.41687602502211919830892416927909e-05
1.09000000000000000000000000000000e+02,-1.05364840485220219822571301198550e-05,1.06689747151148126563508810723026e-05,7.92875502253482809416318603569443e-05,1.34279419718044787120623462948471e-05
1.09100000000000000000000000000000e+02,-9.47445079105925229916493232368626e-06,1.05707462833973019496176470500311e-05,8.06524603587670334899235404396655e-05,1.20511886371973229260505296070678e-05
1.09200000000000000000000000000000e+02,-8.42373675632900160366002413651622e-06,1.04365004579037327070183343373475e-05,8.19602504889447859745940000750677e-05,1.33887760592234035673433155258538e-05
1.09300000000000000000000000000000e+02,-7.38546005452301788176066730010653e-06,1.03312562863852301217297661033216e-05,8.31942982207456386977303411179929e-05,1.25951283493284184565328862633866e-05
1.09400000000000000000000000000000e+02,-6.36018560941530310866669526513239e-06,1.01772461526874667921188822476063e-05,8.44229096189570541218664919658008e-05,1.12744959321701726612593014136522e-05
1.09500000000000000000000000000000e+02,-5.34856601099586436974543891922899e-06,1.00513749276991786701883460579751e-05,8.56391662818949090303472646583423e-05,1.21235021240883586868050092035014e-05
1.09600000000000000000000000000000e+02,-4.35147412494061575872824776638376e-06,9.88739702704040012220566828122946e-06,8.67899421813616099375265398750369e-05,1.13636426899446508612662764271786e-05
1.09700000000000000000000000000000e+02,-3.36931907604588737088607946046907e-06,9.75184347473778681455113649788643e-06,8.78896603926660212409520485917316e-05,1.01369457231576660887022976221207e-05
1.09800000000000000000000000000000e+02,-2.40317712362969481506750721313067e-06,9.57849622022294664351131918506931e-06,8.89586030347842266287166018749488e-05,1.12473457038783385152607551497864e-05
1.09900000000000000000000000000000e+02,-1.45303289520805919150700955362479e-06,9.41881957661954950842196899381850e-06,9.00107403371126293018242929496071e-05,9.69196481971357250480747148693151e-06
1.10000000000000000000000000000000e+02,-5.20125294627323538647656147434552e-07,9.23967604416217277100191262350695e-06,9.10228374733017722099929782242330e-05,9.01159027869813459309889013682093e-06
1.10100000000000000000000000000000e+02,3.95674177025243951012855465726129e-07,9.06792906234780998357715481532225e-06,9.19572369592331482989444428359779e-05,1.06722421845987387720692155017170e-05
1.10200000000000000000000000000001e+02,1.29303821658658090451194477084493e-06,8.88843144801330133665386001647349e-06,9.28551933107485327799472073585325e-05,8.99132958684079800443739845056516e-06
1.10300000000000000000000000000000e+02,2.17230347792919939376270198267233e-06,8.69225933654272968890565513370153e-06,9.37600395901559348225762999597018e-05,7.05203004888826120866756258627321e-06
1.10399999999999999999999999999999e+02,3.03227866681567609434140798452805e-06,8.50789129006727687800768530618872e-06,9.46035675098790339580792373906972e-05,8.11947210340870021822565645722375e-06
1.10500000000000000000000000000000e+02,3.87315205581054217261632158563404e-06,8.30160456013071532096207522346436e-06,9.53755392703271701835578807331298e-05,8.50895878345988237071358433501839e-06
1.10600000000000000000000000000000e+02,4.69388443037112653450888590751736e-06,8.11841527851911689872149688279385e-06,9.61195293257060189260927884805374e-05,8.31777449976384682657335255281026e-06
1.10700000000000000000000000000000e+02,5.49458595643427315780544457324857e-06,7.89561668202609872915402357770202e-06,9.68400452100061732020104460071883e-05,6.63286158919095306825742200386264e-06
1.10800000000000000000000000000000e+02,6.27460134582538464881260682044137e-06,7.70322119507841712707939793049854e-06,9.75218381699208140029195405185729e-05,4.09308132589225544763073845262955e-06
1.10900000000000000000000000000000e+02,7.03375879436053049188380821014658e-06,7.47508937627070640448690647320003e-06,9.81492626494115617687396007272262e-05,6.66908889184681682930239504011939e-06
1.11000000000000000000000000000000e+02,7.77165725108545016690041382009049e-06,7.28272548863005523175303105813452e-06,9.87130404951803997658334836538456e-05,8.68658330503880671458995873807168e-06
1.11100000000000000000000000000000e+02,8.48790679387594249891508853404006e-06,7.04763017841376284392894403982785e-06,9.92611391501996167055636504075126e-05,4.51980917159297465944634916535242e-06
1.11200000000000000000000000000000e+02,9.18257267413854725575865697708043e-06,6.84137576092987795949090937121494e-06,9.97861067292127158685204156952784e-05,2.32040320540095927267391717410728e-06
1.11300000000000000000000000000000e+02,9.85499752616823075512637439393408e-06,6.60672824457390237309704495124377e-06,1.00242441946123576866323586799567e-04,5.11366239834408171307856678072564e-06
1.11400000000000000000000000000000e+02,1.05054647542488649937874893915165e-05,6.39718316505429580124896122029313e-06,1.00653091701179852600332064756276e-04,5.69545903990731147223401655547573e-06
1.11500000000000000000000000000000e+02,1.11331387862484717001593119141211e-05,6.16529280585419187624446521421970e-06,1.01038451149236332082034566609673e-04,4.34904220485999386450074618538025e-06
1.11600000000000000000000000000001e+02,1.17386301841797842924981851779387e-05,5.93933180109076160509272102227572e-06,1.01378709463784359921125802723900e-04,1.83122958608790576580327610350473e-06
1.11700000000000000000000000000000e+02,1.23210502028275618746219191919120e-05,5.71130376395881993106517390833811e-06,1.01685310829366255097121857245869e-04,1.52251785964332193190984281556672e-06
1.11800000000000000000000000000001e+02,1.28810245912769159665507146398244e-05,5.48063581110296207272486718612968e-06,1.01948149027665240571295674841697e-04,4.46953973566817364505074440013947e-06
1.11900000000000000000000000000000e+02,1.34176850884977093361564951263389e-05,5.26118494754227056487050918166881e-06,1.02155437138579271100764255332963e-04,3.34353373649917887673627129416374e-06
1.12000000000000000000000000000000e+02,1.39317076530503470440305858325095e-05,5.01696896673181857694796555830941e-06,1.02342726052124495483649389947435e-04,-7.40727794037150405733596272334910e-07
1.12100000000000000000000000000000e+02,1.44224669931363010546548783765584e-05,4.79915007936295683128854982509294e-06,1.02496394337689011080384414404824e-04,1.34835160464959460341554118880434e-06
1.12200000000000000000000000000000e+02,1.48904121764949565388703913046281e-05,4.55461442417726099897849792088445e-06,1.02595005543818284309247385152949e-04,2.88624756235756870185753806132956e-06
1.12300000000000000000000000000000e+02,1.53351423960665896098767614604717e-05,4.34427078837346068814270669580645e-06,1.02659551394082316314638281761244e-04,2.22725745216873394289598202296728e-07
1.12400000000000000000000000000000e+02,1.57569369644561187464503348941059e-05,4.09433289685938239060905184724394e-06,1.02690446946125970994888307030560e-04,-1.04865071802430121902152939248280e-06
1.12500000000000000000000000000000e+02,1.61558029940924168030135107526240e-05,3.88113401033391475074637670729811e-06,1.02683754530281239520285559309724e-04,-4.13579120750903026901551426377336e-07
1.12600000000000000000000000000000e+02,1.65317094083726177237355762961535e-05,3.63576672364185855852883380626875e-06,1.02652822488306142835697996711189e-04,6.05733694452920949248385355292787e-07
1.12700000000000000000000000000000e+02,1.68849375673600673964366689764728e-05,3.42749645109493849822913014367484e-06,1.02565460853482248742744514659182e-04,4.43207641002714907053902526239034e-07
1.12800000000000000000000000000000e+02,1.72152265599818779551162001468683e-05,3.18614144228511111788905400481766e-06,1.02437270014900641707702596172909e-04,-3.08265481238607143397526488338043e-06
1.12900000000000000000000000000000e+02,1.75232560240970893619685415349060e-05,2.96972404110207457697442667994900e-06,1.02306540299516146774919041567151e-04,-3.32618399941001019867916443342077e-06
1.13000000000000000000000000000000e+02,1.78085451039223587732582906684269e-05,2.73831205973015878701800819871254e-06,1.02138288388216664110087949853987e-04,3.95479550741187796745160062821813e-07
1.13100000000000000000000000000000e+02,1.80719212680319721219023385171887e-05,2.52379887443056511659020000649142e-06,1.01904823325591329651186833004393e-04,-1.00928433057949907056780763777895e-06
1.13200000000000000000000000000001e+02,1.83128039766778346114828001916305e-05,2.30389819199106781054550355843470e-06,1.01649541238239073998369458952081e-04,-4.42489980724668870042687896073978e-06
1.13300000000000000000000000000000e+02,1.85322164988789173564512432019275e-05,2.07969070028320499291232759662636e-06,1.01378446359312685704025044962471e-04,-3.81558238550778064846773766448762e-06
1.13399999999999999999999999999999e+02,1.87296147130221048243284589524979e-05,1.87085954165898449799247191674058e-06,1.01083906136687695519436125245230e-04,-2.82564984041924432615894281951413e-06
1.13500000000000000000000000000000e+02,1.89059089404190312169820639926291e-05,1.64935514744638407104991706553624e-06,1.00744661534431169909567363543849e-04,-2.62270253002890091626717883310495e-06
1.13600000000000000000000000000000e+02,1.90606960308819485932773050062966e-05,1.45390171837301347352927215081440e-06,1.00348546724227418573479546235675e-04,-3.08392533727519954598129914897623e-06
1.13700000000000000000000000000000e+02,1.91948049777952465601219777789539e-05,1.22781807348887795319139134906973e-06,9.99490696677861360567867976846659e-05,-5.78062631172475877068017057040256e-06
1.13800000000000000000000000000000e+02,1.93081333421474437188307381581296e-05,1.03826875304275882857290285166268e-06,9.95564031069471713775482225979813e-05,-5.16547054967156135173276233278710e-06
1.13900000000000000000000000000000e+02,1.94012033256498172644969253258617e-05,8.20151637051491496384600178704753e-07,9.90974709850635749563835532383231e-05,-3.37999230817451969502155413192901e-06
1.14000000000000000000000000000000e+02,1.94741725288523821474453868090640e-05,6.42006879200382783332602997326838e-07,9.85901654214570968168882026024722e-05,-4.88646871590565822538647366894026e-06
1.14100000000000000000000000000000e+02,1.95273568937071310236719176933829e-05,4.26372637494901822692440378028686e-07,9.80888989707575920949799380855320e-05,-5.67118437969078407414325921136070e-06
1.14200000000000000000000000000000e+02,1.95613117774631930725500701034527e-05,2.48743442731174673353494360471009e-07,9.75757728497220272399754014425336e-05,-5.28505188566850872363281468970939e-06
1.14300000000000000000000000000000e+02,1.95760113388937648838640667834732e-05,4.60698895587956047929611868659056e-08,9.70263865018581194190581272546371e-05,-6.66613976623128487511777169934977e-06
1.14400000000000000000000000000000e+02,1.95722541106704038483696966526649e-05,-1.24069157828058397077414365540766e-07,9.64337239019660808138560815453024e-05,-5.56173109318193210846748875502842e-06
1.14500000000000000000000000000000e+02,1.95498218176654159138835253337283e-05,-3.15133470420629721716488927557610e-07,9.58201375762050866768232739694392e-05,-5.17469338046950944002271089222592e-06
1.14600000000000000000000000000001e+02,1.95098248238746721598537258042210e-05,-4.90599060279369506881858286577329e-07,9.52188291886661567703798349403988e-05,-7.36091956489202132257094354539771e-06
1.14700000000000000000000000000000e+02,1.94518892187322188871783474138079e-05,-6.65507843031135021448486825924323e-07,9.45913006595861357764587300979596e-05,-7.01745123979586204511773860643397e-06
1.14800000000000000000000000000001e+02,1.93771357916564615095038125933279e-05,-8.34896884299617138453372729949565e-07,9.39025070770796963181495181771095e-05,-5.92152237722759364738685181842770e-06
1.14900000000000000000000000000000e+02,1.92852006889203782411563665792806e-05,-9.93761917365373257337564446714293e-07,9.32152339659742669079160509011505e-05,-7.37671662253786531990820247622704e-06
1.15000000000000000000000000000000e+02,1.91772748158615454979419171294924e-05,-1.16827864841867263955127364123346e-06,9.25394367717336184533981143317596e-05,-7.28813991637380613348231211601274e-06
1.15100000000000000000000000000000e+02,1.90531224545252507804308240989609e-05,-1.31359014629502852328903765085364e-06,9.18257009279660674471709296876859e-05,-7.29621404747225600541704074948666e-06
1.15200000000000000000000000000000e+02,1.89136833034134391648636257546194e-05,-1.47927893076106427138006901818988e-06,9.10787764558889543723654899656544e-05,-7.57837011644723165722179111257540e-06
1.15300000000000000000000000000000e+02,1.87589306407985712141932900200583e-05,-1.60936730131883247620417842928368e-06,9.03243284583376064227023365019249e-05,-6.55311742345608799705235108499125e-06
1.15400000000000000000000000000000e+02,1.85896504725037939363502055027264e-05,-1.77424037748504373010834931762487e-06,8.95674805477424503124979885079149e-05,-8.42613184392353823872948752043964e-06
1.15500000000000000000000000000000e+02,1.84061591216478740031768886408152e-05,-1.89770511550063176961898915341880e-06,8.88097995510627822186956438205548e-05,-9.70087837086178305297171281149602e-06
1.15600000000000000000000000000000e+02,1.82088646901287401280929697673802e-05,-2.04929535988149899175607060399459e-06,8.80101821449832021291432537382585e-05,-6.33992189231785453889717710306943e-06
1.15700000000000000000000000000000e+02,1.79983344308148291205658889013264e-05,-2.16009384506849962930988049084771e-06,8.71863709444437862550383231296081e-05,-6.33862874131972340468193173006140e-06
1.15800000000000000000000000000000e+02,1.77747560192701718033962247073237e-05,-2.30373495274139557673170814634013e-06,8.63873108246558760509654457778407e-05,-9.92507298702267455470156639919202e-06
1.15900000000000000000000000000000e+02,1.75390789572477939819975419709051e-05,-2.41508634392198266945636290520715e-06,8.55803319848004756575037442157466e-05,-9.68918238207050191740869915211526e-06
1.16000000000000000000000000000000e+02,1.72911686304397912416794969749798e-05,-2.54090488864755200327805141696499e-06,8.47360389411586802183947449674196e-05,-7.76217031387784486685847398812580e-06
1.16100000000000000000000000000000e+02,1.70321094852071611840205210525229e-05,-2.64406031416258328627707321382185e-06,8.38879732709685311627863211176745e-05,-6.61403407440423653599904862201233e-06
1.16200000000000000000000000000001e+02,1.67616438567609116152255336934391e-05,-2.75432104279306615527893715556962e-06,8.30357881081349865234623544940403e-05,-8.02869020977321314658867765253796e-06
1.16300000000000000000000000000000e+02,1.64810678884442106613530148788786e-05,-2.86229242201172376848514563064806e-06,8.21839145571884486885455852610584e-05,-1.11083430883421387285631350491826e-05
1.16399999999999999999999999999999e+02,1.61900723076921666197823816958249e-05,-2.95537799411059215211651405805626e-06,8.13328894205282213372670787250560e-05,-9.56272336749660831157183150236374e-06
1.16500000000000000000000000000000e+02,1.58898118771817622727233214688562e-05,-3.05484145513850474107354060637152e-06,8.04545846721875168413037477225262e-05,-5.56429061908490027055602451183596e-06
1.16600000000000000000000000000001e+02,1.55800684487643221256242172775332e-05,-3.13071383637330715933680900201840e-06,7.95682180389039215524364367934144e-05,-8.25446583655626708546657486024492e-06
1.16700000000000000000000000000000e+02,1.52619529964598715413827580762365e-05,-3.23277816250186115909147649114651e-06,7.87018513516995289794603102472608e-05,-1.11020338819137900777675361975380e-05
1.16800000000000000000000000000000e+02,1.49354805291858518511827157113812e-05,-3.29719853281934862002902836991624e-06,7.78257663597494772642287692795363e-05,-8.88676924829851442220960168811619e-06
1.16900000000000000000000000000000e+02,1.46014069300958389482551514804580e-05,-3.38735784096476335958143664943899e-06,7.69382104637283905385670173631621e-05,-7.53194705370875601070738789914135e-06
1.17000000000000000000000000000000e+02,1.42599702385512554180096981485411e-05,-3.43710339893225462680892825536463e-06,7.60526528037249898782038744574536e-05,-8.34920298284874301372711154425021e-06
1.17100000000000000000000000000000e+02,1.39117208690791888367181193178409e-05,-3.52350855547028344049727978188742e-06,7.51576806977439269655062622500396e-05,-9.27225018113299028448265295193348e-06
1.17200000000000000000000000000000e+02,1.35572696853227253025441294338753e-05,-3.56940125928814296967893030167637e-06,7.42777100062936168019519416444968e-05,-1.00039062027403142357439351394632e-05
1.17300000000000000000000000000000e+02,1.31967747867904769035338179344852e-05,-3.64051183477320397750749657101049e-06,7.34042235494873870412205829886595e-05,-7.62586595074301882466143926420757e-06
1.17400000000000000000000000000000e+02,1.28310534864128533265895087673390e-05,-3.67566986244504370912072395797461e-06,7.25044506469782913695011648229638e-05,-7.53082809280434441019886859769189e-06
1.17500000000000000000000000000000e+02,1.24600364631088718582824330204982e-05,-3.73516001746303855341889931143172e-06,7.16124953300809558528491328857148e-05,-1.07407017642981946305147504459280e-05
1.17600000000000000000000000000001e+02,1.20848740547577381289465458503507e-05,-3.77432327091357752830861679508477e-06,7.07483126448258058807649256696375e-05,-9.21202484521123781904587832458903e-06
1.17700000000000000000000000000000e+02,1.17052686247804132126717662724643e-05,-3.81557447782862402323449492561150e-06,6.98718211278860534445846153838758e-05,-6.62041214792765069418507038912202e-06
1.17800000000000000000000000000001e+02,1.13223688385161367784501604730240e-05,-3.84760850842902982533688437239804e-06,6.89890380520056704092198160400265e-05,-8.69833905896606711587507762841054e-06
1.17900000000000000000000000000000e+02,1.09358351331466875828888721343912e-05,-3.87291712504320743780271068154503e-06,6.81123740384218349935097747224154e-05,-9.84546420142589574425485759135600e-06
1.18000000000000000000000000000001e+02,1.05468965269024929215671861547057e-05,-3.90990982456604903685605579831631e-06,6.72508299681792190709337588153262e-05,-9.01197111317925332417790444951001e-06
1.18100000000000000000000000000001e+02,1.01552900453319526218802695658531e-05,-3.92109668024857929048356646865949e-06,6.64081768989901400845607360634812e-05,-8.07495443345843746824391266086593e-06
1.18200000000000000000000000000000e+02,9.76199455396778204546136063022823e-06,-3.94965664023413800021137271850078e-06,6.55504227682710500808875125299922e-05,-6.89139907154494994872977366417581e-06
1.18300000000000000000000000000000e+02,9.36688845661284634159773015561987e-06,-3.94546875505865970979631398853092e-06,6.46759017518100190968469468670765e-05,-8.79750289429916073158469080067570e-06
1.18400000000000000000000000000000e+02,8.97080126662638157495925000618311e-06,-3.97534954969929806821504796389750e-06,6.38480579320615703584542664178508e-05,-1.04586206211895066757512377962385e-05
1.18500000000000000000000000000000e+02,8.57392404439398920316253425856617e-06,-3.96418704393539717106427120168606e-06,6.30416373555167430295387025679150e-05,-7.69988437098873131931238170300355e-06
1.18600000000000000000000000000000e+02,8.17668752097167330348206812191252e-06,-3.98218895183135275591598345900824e-06,6.22047784103088862883924617133066e-05,-6.59450635063066667556564171144540e-06
1.18700000000000000000000000000000e+02,7.77951143644836423658497354440992e-06,-3.95982830582107272729826694278144e-06,6.13700196903096471269605628163149e-05,-8.53273094796137325367112357234660e-06
1.18800000000000000000000000000000e+02,7.38257200449768947773733314852798e-06,-3.97239649112081684884526619640459e-06,6.05675634590010026344085801821816e-05,-8.34612200023762270933120015060867e-06
1.18900000000000000000000000000000e+02,6.98665307089535701753081455051371e-06,-3.95098163073160509017365147413099e-06,5.97873176416404313155988941165481e-05,-8.62963107158520078123921775793472e-06
1.19000000000000000000000000000000e+02,6.59158491693138725425532750139676e-06,-3.94845886897835780225531334921115e-06,5.90100994659305511265042812237339e-05,-8.16802205092049595129845441243306e-06
1.19100000000000000000000000000000e+02,6.19829424703970647962553791188504e-06,-3.92103082398283672908728932874201e-06,5.82105176565451696415591242319547e-05,-6.19964219822206235308272893235314e-06
1.19200000000000000000000000000000e+02,5.80642643727498551292211486625365e-06,-3.90599174794574859183182090787700e-06,5.74315633234490530365518043428484e-05,-7.46230382466042512507643381852798e-06
1.19300000000000000000000000000000e+02,5.41712527209917881745107398791419e-06,-3.88567758905035154461319290393530e-06,5.67065053729154018549478696671447e-05,-9.11651364271163999466361225082117e-06
1.19400000000000000000000000000000e+02,5.02993604637971437750918732964150e-06,-3.85541943539278758061201476482301e-06,5.59702900488151480767148965488406e-05,-7.24891050338386236188014990988645e-06
1.19500000000000000000000000000000e+02,4.64588866923036913309699525785431e-06,-3.83031217418075850429697174582106e-06,5.52148972091061863066833910411690e-05,-6.84141869282828298730625827186984e-06
1.19600000000000000000000000000001e+02,4.26457613358565428401417935369003e-06,-3.78694471233012610986063671277655e-06,5.44944103567891845298285939331964e-05,-6.89738243254001985730913358463621e-06
1.19700000000000000000000000000000e+02,3.88697540884527283625499990291114e-06,-3.76741920405560616438601577348039e-06,5.38025095525115794579476451333614e-05,-6.83556006234756874121302677172813e-06
1.19800000000000000000000000000000e+02,3.51285682283843394071328047271481e-06,-3.71446517809599970026496800964264e-06,5.31136921223695572125110139577531e-05,-8.06027131415623308695231971408199e-06
1.19899999999999999999999999999999e+02,3.14287630477758198449346265581448e-06,-3.68821296573150359969134776609846e-06,5.24267931328850160609948061772517e-05,-6.87593493030140236741264622285237e-06
1.20000000000000000000000000000000e+02,2.77700798875323349285904840254153e-06,-3.62449687871955918197445699759067e-06,5.17458223668092032303524519759060e-05,-5.12771314654788191667752085640532e-06
1.20100000000000000000000000000000e+02,2.41567664531014927101767496110927e-06,-3.59921818907823958498673799811932e-06,5.11030086281772193340597980452112e-05,-7.45052897037324923417270694634224e-06
1.20200000000000000000000000000000e+02,2.05919496529051266935487483810218e-06,-3.53390507352828258811783003695461e-06,5.04810845607467773004736381841436e-05,-7.43382249020394942207427636035265e-06
1.20300000000000000000000000000000e+02,1.70758686044127699997028310468106e-06,-3.49778330557823889254530661674448e-06,4.98394153070926595779224257119649e-05,-4.82359827601127700943320294280695e-06
1.20400000000000000000000000000000e+02,1.36139630364415770544508714042586e-06,-3.42700410180613726578884050764310e-06,4.92141456139552775015589127977193e-05,-5.76913473074353023388410365847620e-06
1.20500000000000000000000000000000e+02,1.02039478561394223565941763672841e-06,-3.38516591607278638762116160495700e-06,4.86354262162113577473060367601654e-05,-6.95880055036839604630954861286452e-06
1.20600000000000000000000000000001e+02,6.85430490206530763861853665175688e-07,-3.32067480075527736728493275128811e-06,4.80588048041524895925294379161365e-05,-6.35560990614661369902911222829497e-06
1.20700000000000000000000000000000e+02,3.56001694011865454916476603628092e-07,-3.26495209448620570790772233432344e-06,4.74842333398494829522376155600942e-05,-5.35139965761004195395077050490757e-06
1.20800000000000000000000000000000e+02,3.30169159109702962801424932383573e-08,-3.19940053607704121728206472151084e-06,4.69252673080699118860764473398750e-05,-3.75678583452536459491709655983249e-06
1.20900000000000000000000000000000e+02,-2.84099093293640850324423935302813e-07,-3.13353517802086655730711362284428e-06,4.63833121200841793293836096621839e-05,-5.51966290982210145890631757908048e-06
1.21000000000000000000000000000000e+02,-5.94364508648489834428785315312155e-07,-3.07733485686761603520351568009872e-06,4.58743500715669772373813396857936e-05,-8.06456798989472796155334169328019e-06
1.21100000000000000000000000000001e+02,-8.98339451735143612845054113060626e-07,-3.00064166925544474227496003442057e-06,4.53747657146033498980539123703667e-05,-4.28194699914815001851240227055103e-06
1.21200000000000000000000000000001e+02,-1.19525139110187876437335502579981e-06,-2.94179741773241164706179588348809e-06,4.48631037904928610319093019255909e-05,-2.02792454843109704834371181222642e-06
1.21300000000000000000000000000000e+02,-1.48551593672413039773049228768506e-06,-2.85650504117384464607226645261200e-06,4.43831907237053514200631531212225e-05,-5.37222159278383038360719951859070e-06
1.21400000000000000000000000000000e+02,-1.76850206354567203669033465161071e-06,-2.80478539001207922589277867022443e-06,4.39335122389481415701943896082200e-05,-6.63424267684658811170125626414472e-06
1.21500000000000000000000000000000e+02,-2.04438806802762335788505066561644e-06,-2.71474945728422947710960470521795e-06,4.34879008525274488536538490184896e-05,-4.49723527353982130988354168843819e-06
1.21600000000000000000000000000000e+02,-2.31292594122744411017247346171661e-06,-2.65741711829929201876852208110283e-06,4.30571899435984962907467069369221e-05,-2.81339993751503359142420729554525e-06
1.21700000000000000000000000000000e+02,-2.57402640963325235691396791089031e-06,-2.56256970208236464102511245387065e-06,4.26333961621583168532033368191722e-05,-2.67299738082394305965162848905294e-06
1.21800000000000000000000000000000e+02,-2.82770218571677932770147009791497e-06,-2.50649016509987706409802111905608e-06,4.22241892055450348687113370704459e-05,-5.41968918687269719001554807185872e-06
1.21900000000000000000000000000000e+02,-3.07353121981779993244343225498957e-06,-2.41606944422733444642318060671899e-06,4.18550141454341320788742243574575e-05,-5.44976566565770550449566214585035e-06
1.22000000000000000000000000000000e+02,-3.31190902452235430476340269871685e-06,-2.34959223505232548362762923090630e-06,4.14910141757468540518096174723517e-05,-1.74110560560538464615988446446662e-06
1.22100000000000000000000000000000e+02,-3.54222284633360648436951616248869e-06,-2.25928074864877054651849560186193e-06,4.11170526057183186610350783498961e-05,-2.29776480405189647789063524183623e-06
1.22200000000000000000000000000000e+02,-3.76504016632113201445641168766321e-06,-2.18826687451064139476405678551079e-06,4.07760369426110093537481088824586e-05,-5.02639769727215321634979303531257e-06
1.22300000000000000000000000000000e+02,-3.97953282048719520486379705451610e-06,-2.10911504269867688251995410834160e-06,4.04603432608577081056547311357644e-05,-3.17760819061653620225966573516216e-06
1.22400000000000000000000000000000e+02,-4.18644758377211137345040267295822e-06,-2.02644281444671857165504118865600e-06,4.01525611956379612294414930481107e-05,-2.11367692189090566342962337176397e-06
1.22500000000000000000000000000000e+02,-4.38501098415397150783757319209063e-06,-1.94902952455436919261375353234308e-06,3.98545491250665650627463472163735e-05,-2.86021944078629651602491230985588e-06
1.22600000000000000000000000000000e+02,-4.57591241071291940551185626583591e-06,-1.86020408717681746903858859138318e-06,3.95612518909930464840413142493745e-05,-2.81983813572494011782322046886032e-06
1.22700000000000000000000000000001e+02,-4.75840804107965877745982750853069e-06,-1.79422610391358778275292875325059e-06,3.92970526209879184743625495170973e-05,-3.27077784472731801605738827656592e-06
1.22800000000000000000000000000000e+02,-4.93307555616547825195916257445674e-06,-1.69915036645980924107837408285835e-06,3.90653086819351178470697927645719e-05,-1.93478313182213733239495181688934e-06
1.22899999999999999999999999999999e+02,-5.09947700571239368812017100186608e-06,-1.63169911489977202304736690804016e-06,3.88143205365066017334887751120782e-05,-8.32020446596495475499057017447110e-07
1.23000000000000000000000000000000e+02,-5.25796409406569557609898789770283e-06,-1.53237296242940589302412559801270e-06,3.85713081662946772652900694501337e-05,-3.41979159100487570076671943095783e-06
1.23100000000000000000000000000000e+02,-5.40828585222398563962773105911964e-06,-1.47341938217455658515328253490693e-06,3.83769504740637625917643938095836e-05,-3.19227147373705848767147199756921e-06
1.23200000000000000000000000000000e+02,-5.55049986058721817727379155275231e-06,-1.37510470176855655442450729873607e-06,3.81934379455770000641183606210366e-05,-3.40377131113403008901595026753107e-07
1.23300000000000000000000000000000e+02,-5.68478378540553012158150443669580e-06,-1.31018567459094103678316195625742e-06,3.79987015324511521840042882902578e-05,-1.16251840075500167731260751611376e-06
1.23400000000000000000000000000000e+02,-5.81091922263018910662737744546397e-06,-1.21241646860783064177454955724954e-06,3.78161654455818526348188278802787e-05,-2.09081051230634964222336733172968e-06
1.23500000000000000000000000000000e+02,-5.92931373989554736812480664183775e-06,-1.14883353489356935305101626163435e-06,3.76588753924139291954822001201648e-05,-1.95158977613335953651993463575154e-06
1.23600000000000000000000000000000e+02,-6.03943723020373230701643925331767e-06,-1.06138445892546573666781334343305e-06,3.75354691705496986852915037232028e-05,-2.11320000340245598858412896382490e-06
1.23700000000000000000000000000000e+02,-6.14202173704450644287812955124604e-06,-9.87999364349182190824538762326446e-07,3.74083957240824183149629290905641e-05,-3.60625044566487213623357020658335e-07
1.23800000000000000000000000000000e+02,-6.23644448325138074223989001911879e-06,-9.04163274082958131589624758355087e-07,3.72589176172419694497019290198627e-05,3.00447379748023778945824000476550e-07
1.23900000000000000000000000000000e+02,-6.32349776670204769740913700642151e-06,-8.27675232415961418421037707766308e-07,3.71493914075020987964142113994993e-05,-2.28360292637340851380987064465099e-06
1.24000000000000000000000000000000e+02,-6.40243288035703763518234026148582e-06,-7.58416056464627045115521396655344e-07,3.70844451967885374995027539528622e-05,-1.89154780467786721739454636683301e-06
1.24100000000000000000000000000001e+02,-6.47409397297103463160238973116940e-06,-6.73759673429606574364040468466578e-07,3.69985393201792501495195614236379e-05,-1.84516837055203463076636478327287e-07
1.24200000000000000000000000000000e+02,-6.53791715888581903449940445932472e-06,-6.06841346509014856107290296155328e-07,3.69058609503841015671031139114449e-05,-1.81854132000357026816653851342570e-07
1.24300000000000000000000000000001e+02,-6.59459152502627837824535654327239e-06,-5.19222541157570882819373731795792e-07,3.68418247077567269100596283632672e-05,8.03656014468638453502221297449607e-08
1.24400000000000000000000000000000e+02,-6.64364470005922034870636365469065e-06,-4.65024857371334108208230410547352e-07,3.68014605161299843211193210993599e-05,-1.05895490176166078529970797528805e-06
1.24500000000000000000000000000000e+02,-6.68555848342926120247542263081565e-06,-3.75699828870758969117695626260824e-07,3.67754297481210817891214065133647e-05,-2.08149858835173188817256704225947e-06
1.24600000000000000000000000000000e+02,-6.72024098617944570050648399301994e-06,-3.20232507167696748379221523559719e-07,3.67344558392288421685175745042212e-05,9.31567340736452510138672518266094e-07
1.24700000000000000000000000000000e+02,-6.74790411672986048657141791070701e-06,-2.30082082524496976024401471676925e-07,3.66958620875863308169403809364575e-05,1.24039122220230517054191614908901e-06
1.24800000000000000000000000000000e+02,-6.76867569709102427284117374408996e-06,-1.82326531561394511643608616431244e-07,3.67027396649558733338161816080122e-05,-1.40957262004700832473373132287453e-06
1.24900000000000000000000000000000e+02,-6.78241813467959605131515145552801e-06,-9.94086060612841890326936400638227e-08,3.67157622495519411493587753760534e-05,-6.66643646307965919797391820935037e-07
1.25000000000000000000000000000000e+02,-6.78967657822355794725847197540498e-06,-4.46917285051983805172564025865470e-08,3.67062994244380579415829299440523e-05,6.93170497093105131424517320744699e-07
1.25100000000000000000000000000000e+02,-6.79009563584000209514784239231903e-06,3.40047807933314664453838358693757e-08,3.67195836037223722477122519149693e-05,4.68120529115327289845707703119825e-07
1.25200000000000000000000000000000e+02,-6.78438341095419552663181618308096e-06,8.81582564802906445914717245428390e-08,3.67544296417419851605413667019447e-05,3.96067167308862761555845506608450e-07
1.25300000000000000000000000000000e+02,-6.77192999144208545287057901909604e-06,1.52583147608829830407501427446776e-07,3.67922000233447886549725060357922e-05,-6.11806087094237325800606298409426e-07
1.25400000000000000000000000000000e+02,-6.75364959325706954442939920137747e-06,2.14937174625281155218274281192765e-07,3.68336041578898124043805740863282e-05,3.00667112315259037122071559440279e-07
1.25500000000000000000000000000000e+02,-6.72895607096191849344945980528090e-06,2.74364096296833999572640096662940e-07,3.68734986498807154502094508022062e-05,2.26474554625078633422576828787482e-06
1.25600000000000000000000000000000e+02,-6.69872945847279025179389315121892e-06,3.39019989296682701863008391916008e-07,3.69284092986707055955079604537751e-05,-2.74650988491310492879324155723320e-07
1.25700000000000000000000000000000e+02,-6.66234920411275656300774623768430e-06,3.82781073539467767612963658913575e-07,3.70108119732704231492445090582670e-05,-1.34059890718735833270534029120102e-06
1.25800000000000000000000000000000e+02,-6.62060771990473998050908893723247e-06,4.51863731441337939595196753200289e-07,3.70780648116101393563441578628567e-05,2.19229875551483373242907446780435e-06
1.25899999999999999999999999999999e+02,-6.57316769246707920416319276252431e-06,4.93538461363464349759759146264513e-07,3.71391287349082997146939180194189e-05,2.27650629497059048720478188549014e-06
1.26000000000000000000000000000000e+02,-6.52060033398629415161209121196484e-06,5.63638732745991533823569773603670e-07,3.72283447637617460911978393778615e-05,-2.88795732966607051912696345016737e-07
1.26100000000000000000000000000000e+02,-6.46272620959782752683825091498870e-06,5.93362432873123165355345062037705e-07,3.73247626829699520625047603643693e-05,-3.93465503531238088753049721411037e-07
1.26200000000000000000000000000000e+02,-6.39982179406479600347467846581428e-06,6.60922300665269882460435688478005e-07,3.74207386546824392126206299361024e-05,7.61283236133074113289466181403112e-07
1.26300000000000000000000000000000e+02,-6.33211362490053824205517330763122e-06,6.92881963744855767696481300022326e-07,3.75213801190967631802455627177055e-05,2.99043155191832598201757589837058e-06
1.26400000000000000000000000000000e+02,-6.25959703822054400846486543792615e-06,7.57972866671391716214397812069805e-07,3.76119361788243180953454401703015e-05,2.02591730700151117769311280397913e-06
1.26500000000000000000000000000000e+02,-6.18273278035723817022851365302312e-06,7.85196563632705952177196638493434e-07,3.77229539899641912947626508246527e-05,-1.60102737274332248783530213206863e-06
1.26600000000000000000000000000000e+02,-6.10116866226598342889853316339618e-06,8.38489567179978302246757652494215e-07,3.78568122765191362811173083828190e-05,2.42149565851144853585735338505347e-07
1.26700000000000000000000000000000e+02,-6.01569973194638673402862414644071e-06,8.73334470954034913673392081234130e-07,3.79687990461637661662847593061921e-05,3.81855492431509433845986472276138e-06
1.26800000000000000000000000000000e+02,-5.92584042906408619275407219401889e-06,9.20429239395581910471536037064534e-07,3.80763512272475705628677290826544e-05,1.69143286056325657801229945827718e-06
1.26900000000000000000000000000000e+02,-5.83246653088491670554641343210073e-06,9.55688451933848260023836763201635e-07,3.82037963463395816788539076515240e-05,-1.56458463164613457682765802369994e-07
1.27000000000000000000000000000000e+02,-5.73493871577128292943720312354270e-06,9.87448717292161913524832876046672e-07,3.83384917348109510455879062798497e-05,7.60549780022415257276753081424745e-07
1.27100000000000000000000000000001e+02,-5.63419812260653666541495809445926e-06,1.02930871938567529769454237744752e-06,3.84782750673889094121214277700709e-05,1.71877804653328766980215549254014e-06
1.27200000000000000000000000000000e+02,-5.52972649076771861351403330249049e-06,1.05587431393934474925462849531547e-06,3.86070214464690750976863503154662e-05,2.48421069399438972311959725174861e-06
1.27300000000000000000000000000001e+02,-5.42234140106064583504347941395889e-06,1.09941583558577798381739163447259e-06,3.87242746717905934937357690776903e-05,1.34990335962505103789616021420051e-06
1.27400000000000000000000000000000e+02,-5.31159290133988677100936836333591e-06,1.11159933766481438935992894319714e-06,3.88745095269157412808732023103245e-05,-8.72441632565372197219297756919139e-08
1.27500000000000000000000000000000e+02,-5.19810128993254122661241594043894e-06,1.15689644684457928704995728594296e-06,3.90322641559118785251706246500964e-05,2.17483986463921080278398045346305e-06
1.27600000000000000000000000000000e+02,-5.08175351570587878005400815825369e-06,1.16806603481857629677594902578354e-06,3.91578502316670102816968842322061e-05,2.52724924951438679855077613272195e-06
1.27700000000000000000000000000000e+02,-4.96288975428335331467457516088376e-06,1.21248072885590694590798098774560e-06,3.92897362639389962670819305526661e-05,2.41895661778095356823518025476728e-07
1.27800000000000000000000000000000e+02,-4.84161852783163030149716146441537e-06,1.21459630886949630049603040454570e-06,3.94454199134376387315279375241332e-05,1.41273495138596164354178518743723e-06
1.27900000000000000000000000000000e+02,-4.71794134959420128443202450687524e-06,1.25316520237335480007695803110829e-06,3.95963329254512578985657907812625e-05,2.37664064476420972752883711736704e-06
1.28000000000000000000000000000000e+02,-4.59235908148533416598411725582903e-06,1.26006020827773605052244862140829e-06,3.97395190297811298147768716499907e-05,1.25919387176360468486258460454221e-06
1.28100000000000000000000000000000e+02,-4.46460439623153354367362425338467e-06,1.29305513154900216188667995983982e-06,3.98705788166025280195383700919541e-05,1.53600460409572717430345116639905e-06
1.28200000000000000000000000000000e+02,-4.33537127947077555631883133751779e-06,1.29844024497023060050640375022792e-06,4.00148317076304957912920698422978e-05,9.77148849453824483827588371271455e-07
1.28300000000000000000000000000000e+02,-4.20412754332285423587786871291435e-06,1.31808514149400938091645077469849e-06,4.01836956296348730783989153081634e-05,1.07681862885322938172432641848203e-06
1.28400000000000000000000000000000e+02,-4.07178482071303299247372790312708e-06,1.33160833622344863230322953423735e-06,4.03241172048324744734567855601081e-05,3.03063065964120303393808349772495e-06
1.28500000000000000000000000000000e+02,-3.93776685291059586690593818351980e-06,1.34479902604155578521270460986776e-06,4.04408180348924688263113756409017e-05,1.51995684909385456760997263367752e-06
1.28600000000000000000000000000000e+02,-3.80296471141282225357785143167634e-06,1.35924290186775081724313290375235e-06,4.05934651874099101011148103918563e-05,-2.70812053397296730842692152636106e-08
1.28700000000000000000000000000001e+02,-3.66675839124081322395073802405334e-06,1.35795536693726033422005658971274e-06,4.07562243077543816219034840931860e-05,1.54643015561918095398004956290771e-06
1.28800000000000000000000000000000e+02,-3.52999539624655541645951319113717e-06,1.37852355706906132715910022255074e-06,4.08911672420585159023828917395905e-05,1.99909933547687250848003717120983e-06
1.28899999999999999999999999999999e+02,-3.39226130694035147869237310848898e-06,1.37314748112782258446606870326088e-06,4.10151440086356597371359271756245e-05,1.88426215813367331573689124920781e-06
1.29000000000000000000000000000000e+02,-3.25417563449556549583064781026911e-06,1.39437067120414064346796221156167e-06,4.11463038747293251631994098364399e-05,1.85178095511821303073703265379660e-06
1.29100000000000000000000000000001e+02,-3.11548545665390628489059149579117e-06,1.37732665823281869606782165907501e-06,4.12974783163626878745755942356193e-05,-2.52797099875157090349912566920914e-07
1.29200000000000000000000000000000e+02,-2.97654479171231103561014276923853e-06,1.39846157806637522137695996943254e-06,4.14463089868315904512628508591421e-05,6.56076911550703810004987891948307e-07
1.29299999999999999999999999999999e+02,-2.83747726565242022222402977072048e-06,1.38328552475757587304627946762018e-06,4.15555409605065573025152087064291e-05,3.37207637961370811881132924466681e-06
1.29400000000000000000000000000000e+02,-2.69831370976900181112898089501863e-06,1.40132516724271159816707497113761e-06,4.16690653961477440374533351169521e-05,1.71666136911638812090032546089966e-06
1.29500000000000000000000000000000e+02,-2.55940818608140707058988084247455e-06,1.38076741450262779175305603773777e-06,4.18181825415016098334513843231450e-05,-2.83017873564207408108780520159975e-07
1.29600000000000000000000000000000e+02,-2.42047054547788945137310293489562e-06,1.39057340843072251931929515646027e-06,4.19480843056554795694735227966483e-05,7.45884151213655351682390567861999e-07
1.29700000000000000000000000000001e+02,-2.28220774600184832148385904821981e-06,1.37824969643640050933695393246777e-06,4.20547840697727590181673461997259e-05,1.47657073660299384688913567855716e-06
1.29799999999999999999999999999999e+02,-2.14411583410765728098534481037694e-06,1.38107637351555119830345714061708e-06,4.21674633497238450945881648365472e-05,2.36806784927251938380025755146176e-06
1.29900000000000000000000000000000e+02,-2.00699356643310097044700446209634e-06,1.36912202621322070897341409738343e-06,4.22828312477083375252454428775712e-05,1.25030447445220033090704077800703e-06
1.30000000000000000000000000000000e+02,-1.87018194559112643949133514486110e-06,1.35892724447946302429647635977173e-06,4.24037132482266564617679697194170e-05,-9.22397917170592028216400385920486e-07
1.30100000000000000000000000000001e+02,-1.73459145736764958407460420277995e-06,1.35579383912280031644765600946849e-06,4.25127920595905173414224293109807e-05,1.32908011343112502095726912755040e-06
1.30200000000000000000000000000001e+02,-1.59962274832925889468425706858478e-06,1.34055799077497736663357372171826e-06,4.25985875454677517410809467211011e-05,2.81412819509611791990489367549124e-06
1.30300000000000000000000000000000e+02,-1.46605199762249900348430176497679e-06,1.33863753980270422065799153439409e-06,4.27027927974431654669439377412013e-05,-6.43094037689336628299110181090813e-08
1.30400000000000000000000000000000e+02,-1.33332522177581497487622565743698e-06,1.31022777313381934905903772163890e-06,4.28130522112280282200694577454178e-05,-1.05381747849172979102249174440528e-07
1.30500000000000000000000000000001e+02,-1.20209018257710221537912829923552e-06,1.31416172196151898272008176408100e-06,4.28961353335102780176187492604493e-05,1.79461691812669468964242774459806e-06
1.30600000000000000000000000000001e+02,-1.07209226202904303914227591237634e-06,1.28473237805381281958574820295168e-06,4.29772884343786943885281844404079e-05,1.24883949225541848446001666768019e-06
1.30700000000000000000000000000000e+02,-9.43662581692331046561091316624337e-07,1.28803132721334034374720121345189e-06,4.30655281536432059140674880499196e-05,5.09147077186653808499271495357071e-07
1.30799999999999999999999999999999e+02,-8.16757559078100171447032113678536e-07,1.25023915772195235242831373709051e-06,4.31456260217223405385073171288828e-05,-2.62244191127050275670493011132536e-07
1.30900000000000000000000000000000e+02,-6.91402566750137656054730262098999e-07,1.25127171394536534292040915107686e-06,4.32268442494617494789345879578705e-05,5.15477197898768683866947007382907e-07
1.31000000000000000000000000000000e+02,-5.67958792221904092820907422524602e-07,1.21972628451358363100870079785986e-06,4.32927970541584238160070878755129e-05,2.72528614607590524118415026712050e-06
1.31100000000000000000000000000000e+02,-4.46139508004011414605223004696231e-07,1.21618298036110248217911353446045e-06,4.33456689471709350094217240734867e-05,5.08490666575246653249024629163419e-07
1.31200000000000000000000000000001e+02,-3.26482359742728161717822450773498e-07,1.18266388363212106807002453388983e-06,4.34184534069113600786027223778159e-05,-2.20548042808032351869723684723100e-06
1.31299999999999999999999999999999e+02,-2.08434733560606408847643626811063e-07,1.16920207511353112604968440167196e-06,4.34870404710993791862897019709994e-05,1.12372709333699777102916006930007e-06
1.31400000000000000000000000000000e+02,-9.28125337284568210977334444915115e-08,1.14666300508779617075814146328108e-06,4.35273221796097254739789397414474e-05,2.67561852090133918283581724518584e-06
1.31500000000000000000000000000000e+02,2.10380821629818242149849801571911e-08,1.12734653173396039122194009333247e-06,4.35689868252134533139964925618819e-05,2.03747298580322702725007296513851e-07
1.31600000000000000000000000000000e+02,1.32326782986804939727836663284870e-07,1.10619955462075820493179404027025e-06,4.36129927622953795967239206563354e-05,-9.52619529096489928083640329697053e-07
1.31700000000000000000000000000001e+02,2.41774806011698101291036623494383e-07,1.07462536865682852672153166860712e-06,4.36578161882838279888466524043685e-05,-6.05973576358506709534405335775486e-07
1.31800000000000000000000000000000e+02,3.48577300056618222481712723974759e-07,1.06278593270854575026581695219612e-06,4.37020841642157251633191165286910e-05,1.27937951998748582448633299043978e-06
1.31900000000000000000000000000000e+02,4.53280241195503734746950144631774e-07,1.02859795003935248696021139866657e-06,4.37148266996463021582295769019631e-05,2.19287957251791607802580790283494e-06
1.32000000000000000000000000000000e+02,5.55307555755723202145033807191226e-07,1.01855504737756088199358426718242e-06,4.37242296461218792325724815289767e-05,-1.08664405827672381756495002854441e-06
1.32100000000000000000000000000001e+02,6.55086076135257560752563963648988e-07,9.73211218465889412571361812735835e-07,4.37636843963850260756146541575593e-05,-1.55388990373907521942764891596674e-06
1.32200000000000000000000000000000e+02,7.52263027467118158688755661601747e-07,9.67302036447928934564876377273820e-07,4.37866999061255106801186305439752e-05,1.40144364137702344980393539173108e-06
1.32299999999999999999999999999999e+02,8.46878933274888516681679855515810e-07,9.25443467553367914942524597338975e-07,4.37793313365385514205485417616278e-05,8.82254140717093298004457286528914e-07
1.32399999999999999999999999999999e+02,9.38928117882254345193406845882831e-07,9.17695353546977945300863687694520e-07,4.37769366448154065982191564478760e-05,-5.60680141343598520415859328836500e-07
1.32500000000000000000000000000000e+02,1.02823664454328111833931513825408e-06,8.71296595806708289373072081241913e-07,4.37806636194587326749483957562291e-05,-8.49174430134697478994281858698060e-08
1.32600000000000000000000000000000e+02,1.11511506001542593047843068425659e-06,8.58739063465539805394711157480270e-07,4.37871425707810310247262856431518e-05,-4.06118873127408956729497969233027e-07
1.32700000000000000000000000000001e+02,1.19900855991854125412392660531889e-06,8.22333890904782624881808092898030e-07,4.37768951840432947224688978530459e-05,1.22685319707161498602617909389610e-07
1.32799999999999999999999999999999e+02,1.28046273554816539198940168622638e-06,8.05044428266509795284705060470359e-07,4.37406050389683447776516275810842e-05,5.32889663666535142263537326259104e-07
1.32900000000000000000000000000000e+02,1.35882240346509623908372765326232e-06,7.69625577198278844817053592298315e-07,4.37232427406909133742518021120878e-05,-1.04672505161085927701976920176354e-06
1.33000000000000000000000000000000e+02,1.43482838861194993862885198313149e-06,7.41622972751306278202467205214099e-07,4.37220372360207075195042997609777e-05,-2.52470736725168713309903327270692e-07
1.33100000000000000000000000000001e+02,1.50765932516215994138602439522298e-06,7.18141549927441318265495132485321e-07,4.36810856827889968597431842211563e-05,7.70725060640408329481454401410237e-07
1.33200000000000000000000000000001e+02,1.57802290770730181419880601621111e-06,6.86439897632531236955273050798423e-07,4.36294177172747079465645823738758e-05,-1.10142653615963985559064953734585e-06
1.33300000000000000000000000000000e+02,1.64521727965437547049542885828045e-06,6.65491584311505542115085786050897e-07,4.36000864734983395601585593302715e-05,-8.50634773108908770809588199394485e-07
1.33399999999999999999999999999999e+02,1.70993649178084894156008508221636e-06,6.22659711371464771603901054671261e-07,4.35669940880621082973187511733347e-05,2.08387682321648671567996491578810e-07
1.33500000000000000000000000000000e+02,1.77157318860697789057367132042662e-06,6.10442760843630407803174443831488e-07,4.35174180555884665820446446445533e-05,-5.88440882234586800853561326334365e-07
1.33600000000000000000000000000001e+02,1.83054361599063707197475031866203e-06,5.67651087409691329994553810297279e-07,4.34511465581882571488374738675399e-05,7.45590017538279462657877607397568e-08
1.33700000000000000000000000000001e+02,1.88653139886001879513434186234918e-06,5.57260708150806996272455476972653e-07,4.33857606524822878899853840616656e-05,-7.11565603735398539805057938359436e-07
1.33799999999999999999999999999999e+02,1.93976163819469559289887038218585e-06,5.06905418219120746328123781124642e-07,4.33464093652958497441176934155573e-05,-2.14447133293470702880441742437675e-06
1.33900000000000000000000000000000e+02,1.99022308401464179440811876688011e-06,4.97484316567028791703325002543824e-07,4.32875113289676463434598283710160e-05,1.01889683717870133640787081511206e-07
1.34000000000000000000000000000000e+02,2.03772281573399832982054196430984e-06,4.54781138881131793876553389083163e-07,4.31899259632747963985236045643093e-05,8.82810502984442161264872316722438e-07
1.34100000000000000000000000000000e+02,2.08257008683086418679128818007138e-06,4.42407028307918702619689451408113e-07,4.31123201003034069850083699078702e-05,-1.47576290275746786739334566043468e-06
1.34200000000000000000000000000000e+02,2.12438125680151713004880637338373e-06,3.99031532124203888402717480790580e-07,4.30541321965001972580379068278158e-05,-1.77355038356223860256456545050019e-06
1.34300000000000000000000000000000e+02,2.16374318674214560289196756651113e-06,3.79997751098558807585100034745790e-07,4.29736076529179341763857898862021e-05,-1.19856949165843855783713229239860e-06
1.34400000000000000000000000000000e+02,2.19997865897493742425995717948063e-06,3.48554064086985697969704643728477e-07,4.28767296649144079228139629830350e-05,-9.83975848588138523609093332416223e-08
1.34500000000000000000000000000000e+02,2.23380456988104749380354165813953e-06,3.25194442881904914649084828341249e-07,4.27758503809295083541315834782142e-05,7.08958964317581148110268625659356e-07
1.34600000000000000000000000000000e+02,2.26452014453281179414715954603354e-06,2.96998308033113523016951773796649e-07,4.26841009949474389732712680844631e-05,-2.05508453309080953232618328503170e-06
1.34700000000000000000000000000001e+02,2.29294277572159989572197026216697e-06,2.63350855220223674921344030627949e-07,4.26047938522197318556298759991827e-05,-3.15977516628239592378101777619000e-06
1.34800000000000000000000000000000e+02,2.31832923787495171516623832084186e-06,2.46793907878988955887378807156152e-07,4.24962387246402486035776061555324e-05,3.99276685097209148896140495118622e-07
1.34900000000000000000000000000000e+02,2.34135522612393392288127039436549e-06,2.11143003468008179876570280761358e-07,4.23713468394081205303600046802031e-05,4.84184979150505119645919735491826e-07
1.35000000000000000000000000000000e+02,2.36147413772280625269755640944109e-06,1.97892294855166845945031844106728e-07,4.22720963088373757395117095180325e-05,-2.12661877804187856686990866727934e-06
1.35100000000000000000000000000000e+02,2.37924780188063632302405929480176e-06,1.53191087706801465727017132955654e-07,4.21691280387276979603910569456265e-05,-2.00720040499298835356612876223800e-06
1.35200000000000000000000000000001e+02,2.39432968783762710776708620925178e-06,1.46983192587986115971101861822715e-07,4.20466721816065832443389858832518e-05,-1.23585644892811054188559387398050e-06
1.35299999999999999999999999999999e+02,2.40693201635669940799075681456231e-06,1.05330007895332375797467175167125e-07,4.19265704740744251958097878044198e-05,-3.73438384318185618323358349940142e-07
1.35399999999999999999999999999999e+02,2.41704346914864441947108874235306e-06,9.92385668183319748992085358740814e-08,4.17992283945868652501539434292658e-05,-6.29588688698435378759174300012487e-07
1.35500000000000000000000000000000e+02,2.42463433396746199465298453135945e-06,5.45418957107955362788295015520746e-08,4.16773875056815309934843263668446e-05,-2.82599579939538406969700555053189e-06
1.35600000000000000000000000000001e+02,2.43001080840855872028135854884050e-06,4.64659465756292518666718644286790e-08,4.15594820267018586242079436171529e-05,-1.51546459172109306197144860255560e-06
1.35700000000000000000000000000000e+02,2.43276450771180415896256428818534e-06,1.22960629944795293005806349862394e-08,4.14175509302510939821866862961720e-05,5.25768173455810678075315193086459e-07
1.35799999999999999999999999999999e+02,2.43346442710850229467078767417896e-06,2.31210543796245233797120990110520e-10,4.12766668026169564163013278910593e-05,-2.16441735515204563865708986130251e-06
1.35900000000000000000000000000000e+02,2.43156250696930908885548522085945e-06,-3.19487857140596506967448789672124e-08,4.11533957230056180628719561700294e-05,-2.91569782543718727259171246344344e-06
1.36000000000000000000000000000000e+02,2.42782015611322196316032642286280e-06,-5.13404633853636646417267143597759e-08,4.10151798225645073870945135049755e-05,-4.07523375543349865099319887638009e-07
1.36100000000000000000000000000000e+02,2.42150022113621531714175868526618e-06,-7.06453516701556675074767023264165e-08,4.08675854408672707375372137524494e-05,-4.74028059128800861275633858603749e-07
1.36200000000000000000000000000001e+02,2.41339625987090682725571197219154e-06,-9.41901552536608548947811562151252e-08,4.07219845936904560688289079629690e-05,-1.79948720442307146605230892997907e-06
1.36300000000000000000000000000000e+02,2.40284097828009405410500231380012e-06,-1.09371934166051717668231715427177e-07,4.05733412915626706825195241813510e-05,-2.58855719603599971564940979405040e-06
1.36400000000000000000000000000000e+02,2.39060973938706655219160672185508e-06,-1.42018426632929636394602511233814e-07,4.04363999617583491497728796694259e-05,-2.34250972094296958053579103963577e-06
1.36500000000000000000000000000000e+02,2.37610047984149238970839431023231e-06,-1.46312408761290483866729641837020e-07,4.02922648087807826033748269317364e-05,3.77746654162013087069837091936433e-07
1.36600000000000000000000000000001e+02,2.35985987350819269048443936444828e-06,-1.79378555232136008068524076378584e-07,4.01199634821831880111644083409150e-05,-3.76319367796261197178007255787525e-07
1.36700000000000000000000000000001e+02,2.34156475906375312984241492459931e-06,-1.81363189959925431705037400881324e-07,3.99643402311515087216576286119892e-05,-3.95914016339643746515678531236650e-06
1.36800000000000000000000000000000e+02,2.32155650935921086858116752934453e-06,-2.20665853680479806940196311499539e-07,3.98294873435354092761631860700848e-05,-2.41337235212795889655346811555609e-06
1.36900000000000000000000000000000e+02,2.29977480157378881083640751740087e-06,-2.18171983612526937975796337989203e-07,3.96720602378820752352603184323515e-05,1.58687525206683111575097625136031e-07
1.37000000000000000000000000000000e+02,2.27617092610722318556815081856143e-06,-2.50850183959035223760381221505482e-07,3.95023835274002891538842397710754e-05,-1.07272593661720755782909344875871e-06
1.37100000000000000000000000000000e+02,2.25104009462193636999679357000918e-06,-2.51220830190544632195124564105896e-07,3.93354957785398055162728201354422e-05,-1.94366499548649045206040176137315e-06
1.37200000000000000000000000000000e+02,2.22410085402488908977775118639118e-06,-2.83584464381103886268116658947111e-07,3.91793028202700994100760183239209e-05,-2.64713179429546162481892383044880e-06
1.37299999999999999999999999999999e+02,2.19590747862506530951031467177000e-06,-2.87825831375352263118800690155739e-07,3.90360825115241821530971825959365e-05,-2.14180885311391969943228000742784e-06
1.37400000000000000000000000000000e+02,2.16587131874098596512335213506406e-06,-3.07901930148186931854025678540335e-07,3.88658020135032288056837752273753e-05,-5.05299969758772687768773994427368e-08
1.37500000000000000000000000000000e+02,2.13473057292859036898964243787146e-06,-3.16850489289385696866121787690307e-07,3.86773986499286897720853322719367e-05,-1.26764370742325064903108090685684e-06
1.37600000000000000000000000000000e+02,2.10184601227636378414250620152662e-06,-3.33962656078316107093133308326475e-07,3.85251961652328593621751670606616e-05,-3.05524592248518457341963421030100e-06
1.37700000000000000000000000000001e+02,2.06804769093889839804336029302571e-06,-3.50672226317323053702040965632769e-07,3.83774766276178491434592561016584e-05,-1.46912462247072327810047160599854e-06
1.37800000000000000000000000000000e+02,2.03259624070654543430387776970113e-06,-3.54274027834127269158496037356546e-07,3.81996777815819536057254624809279e-05,-1.19586907424834362186831209940053e-06
1.37900000000000000000000000000000e+02,1.99625193886517236252781904817744e-06,-3.74636162121199252523180544628380e-07,3.80219596733522908082468448133121e-05,-1.91079188502046089637043101128350e-06
1.38000000000000000000000000000000e+02,1.95845915596978056167201644489924e-06,-3.74838634976778009878259129082283e-07,3.78571856932989834206273475600963e-05,-1.19613400120462574646938285127020e-06
1.38100000000000000000000000000000e+02,1.91985185973414519074244916763321e-06,-4.03007009686814651826610043445369e-07,3.76993679812984701966371441997266e-05,-1.96192323566689448330058462105425e-06
1.38200000000000000000000000000000e+02,1.88002573727764688874650795074326e-06,-3.93921227660554851699813537694859e-07,3.75368943060032514946138279417408e-05,-2.08631616645018169378251573112097e-06
1.38299999999999999999999999999999e+02,1.83929616514976308348879314939434e-06,-4.19841016218626204113566854317643e-07,3.73504280584353514462194986134098e-05,-7.74384791761220777427435991606319e-07
1.38399999999999999999999999999999e+02,1.79761033820814879288951101285721e-06,-4.11035498086651616539827467086902e-07,3.71772871082991856191496103946712e-05,-2.05724533587937820845652773529529e-06
1.38500000000000000000000000000000e+02,1.75503970283009935265906190826125e-06,-4.40414884680086099650302852836418e-07,3.70329477697158083260525428917716e-05,-2.43605282961010930805247750501011e-06
1.38600000000000000000000000000000e+02,1.71180592324616776975177145293847e-06,-4.30409214001431002685705194299034e-07,3.68622344867282386592374698293530e-05,-5.34584450173041583528513505547039e-07
1.38700000000000000000000000000001e+02,1.66758541350008748367066147062898e-06,-4.49666397948889094398775063512711e-07,3.66728615485113065909738783277117e-05,-1.47879655777750664451690352251769e-06
1.38799999999999999999999999999999e+02,1.62291832924208396496053890664748e-06,-4.44734034362163473050969016769539e-07,3.65099471359838053625810223700890e-05,-2.29885085684084790006565983889691e-06
1.38900000000000000000000000000000e+02,1.57732251522270758719385426557076e-06,-4.62340264923174170140084416449264e-07,3.63546326275665224021157197913050e-05,-1.82661449523556459334603698390666e-06
1.39000000000000000000000000000000e+02,1.53151840862898837602287647033397e-06,-4.62769521540752036185875986847166e-07,3.61906335798030776754240516984676e-05,-2.00549653056934638811312963375478e-06
1.39100000000000000000000000000000e+02,1.48478897570669999190681643855765e-06,-4.67045977578800702617961289842562e-07,3.60151647278913973927863617144757e-05,-5.27909198434770487375575507685926e-07
1.39200000000000000000000000000001e+02,1.43793657627994181181432505075782e-06,-4.72307419541374828772034129125827e-07,3.58346849685136815688186873088265e-05,-6.45068545556424220777069772699345e-07
1.39300000000000000000000000000000e+02,1.39030162635144878439899370520997e-06,-4.73446462601655563938699156371466e-07,3.56821089460639761925310602431052e-05,-3.72829423297544406065123475619846e-06
1.39400000000000000000000000000000e+02,1.34268642097160757045800783283083e-06,-4.87303173100481338303199021393594e-07,3.55353549141818734766520468507407e-05,-2.41978101784382727429432839184857e-06
1.39500000000000000000000000000000e+02,1.29442703031243448812806963704807e-06,-4.75472680466989082660936298534984e-07,3.53548597590560446134642313873970e-05,4.09571977725593546216537819301135e-07
1.39600000000000000000000000000001e+02,1.24613127071985605917349487906580e-06,-4.91187018042526337400240082857770e-07,3.51790361311119602027562785277097e-05,-9.34286044504326391243804933823324e-07
1.39700000000000000000000000000001e+02,1.19742272889464911567284672448373e-06,-4.77817483724802169835807447068568e-07,3.50292241142876551539390542533535e-05,-2.63279049190506794037999592982365e-06
1.39799999999999999999999999999999e+02,1.14871202712237541396672814751177e-06,-4.99887983390620263502553877975867e-07,3.48741745995426746102213869602438e-05,-2.73643511894630863759407015009094e-06
1.39900000000000000000000000000000e+02,1.09984390414079935411548923733671e-06,-4.80401129709715716232438974257605e-07,3.47139264581705364416661949502574e-05,-1.58153448395484976302178170333472e-06
1.40000000000000000000000000000000e+02,1.05084011443151068590159770581281e-06,-4.96835455516903970299113714707390e-07,3.45483542843821170607329826263722e-05,4.27188179496886368269631593643608e-07
1.40100000000000000000000000000000e+02,1.00191507121842453025312994817543e-06,-4.80375778468266183065108727970997e-07,3.43815732017723924699845864256890e-05,-1.41038863971353621686197931824330e-06
1.40200000000000000000000000000000e+02,9.52862950164694067976982264675189e-07,-4.98006813060036517143047100884912e-07,3.42378071706045027185540170621000e-05,-3.93876443602427829078883794465308e-06
1.40299999999999999999999999999999e+02,9.04154399373580657229948312042236e-07,-4.83942576314500761416259127890113e-07,3.40912606101237590764531727874267e-05,-1.21537312544684189729716339505949e-06
1.40400000000000000000000000000000e+02,8.55230698170174570315418004043632e-07,-4.89328377571166061616668185208469e-07,3.39219581600028992582911048712014e-05,1.70715607520463149293767382406811e-07
1.40500000000000000000000000000000e+02,8.06784483586578032872186092573487e-07,-4.81045834096883120283903450390027e-07,3.37690708188925251547301634120313e-05,-2.11591815499364799941241807363272e-06
1.40600000000000000000000000000000e+02,7.58194727145383160307895539707192e-07,-4.84458284313166416404329254634691e-07,3.36257015837023526805323115616471e-05,-2.20606686563622286743292565307362e-06
1.40700000000000000000000000000000e+02,7.10262210759396318342459663838366e-07,-4.83229247464911935808200625067533e-07,3.34753579100947779940128950379300e-05,-1.41544798327233612571049215663208e-06
1.40800000000000000000000000000000e+02,6.62219603669193874926520214362918e-07,-4.73204297917214232831562712121857e-07,3.33297676985747845219258167010504e-05,-1.12437718611215096157948826191520e-06
1.40900000000000000000000000000000e+02,6.14831172005496326777576303148175e-07,-4.76574929352900420484440669819627e-07,3.31769505492621940663652499526484e-05,-9.23547349575565800897828143475027e-07
1.41000000000000000000000000000000e+02,5.67484926576220613274120224918521e-07,-4.63513348688211999896568628066967e-07,3.30282260977295469374571302071834e-05,-2.58399688515727619408477228709068e-06
1.41100000000000000000000000000000e+02,5.20855168480519149027599053604298e-07,-4.75692051509019822453526408702901e-07,3.29009121897494733951059767818196e-05,-1.94834834524936680227721402654246e-06
1.41200000000000000000000000000001e+02,4.74444867821632018559802849033576e-07,-4.52290105742692670253931534798491e-07,3.27571626120375659991970657216490e-05,5.04100819023845343310492044711420e-07
1.41300000000000000000000000000000e+02,4.28616471009888977841990963777772e-07,-4.63538942685809023514799475762427e-07,3.26017105738709820786012725436611e-05,-1.51251904898555579097794107526031e-06
1.41399999999999999999999999999999e+02,3.83221498898876917905458804584735e-07,-4.41071449200151561540848125443847e-07,3.24708013743535577174917999352160e-05,-3.40892905262020785293798596064515e-06
1.41500000000000000000000000000000e+02,3.38386393494345484276944125597728e-07,-4.56513275135737443755142665578399e-07,3.23454002757925839815667883060030e-05,-9.78327288277167881745544952898572e-07
1.41600000000000000000000000000000e+02,2.94227123156291845579600835359037e-07,-4.31985566144474000523033475614714e-07,3.22094835496864041968697108727918e-05,-1.20750238650170785548507067212752e-07
1.41700000000000000000000000000000e+02,2.50473850065681145818752290937543e-07,-4.39149173935444605969586465446387e-07,3.20705800922089667392680618857771e-05,-1.04578605479468510113335295770426e-06
1.41799999999999999999999999999999e+02,2.07566959112667391149644939761112e-07,-4.19698593795087064275869116558284e-07,3.19309191927231737257232056101665e-05,-1.90303451352005078016082120785508e-06
1.41900000000000000000000000000000e+02,1.65053915931317727571936750217301e-07,-4.26206410128442204738795671767471e-07,3.18129952352391985014082234447946e-05,-2.78281871672271349798712421650072e-06
1.42000000000000000000000000000000e+02,1.23587022208987278305121951450868e-07,-4.11980793118877659096673102666861e-07,3.17045808896439638134099255757696e-05,-6.88971103144474847045203609485079e-07
1.42100000000000000000000000000000e+02,8.24480159256106676067827834911748e-08,-4.05800763446690355459485827625106e-07,3.15620508171561164777072534679694e-05,8.10622354410506329311009554744860e-07
1.42200000000000000000000000000001e+02,4.23991351931655961422569839926177e-08,-3.97615117623728112046724572005072e-07,3.14231824625253913952416694226949e-05,-2.13665006409376073869564714100567e-06
1.42299999999999999999999999999999e+02,2.74537873055569003032713674106496e-09,-3.88963676251497866557418536512025e-07,3.13210471654128476246746156930824e-05,-2.62916571048073287472853316515237e-06
1.42400000000000000000000000000000e+02,-3.57275465093953979747436596568241e-08,-3.89087852218555188633305468863485e-07,3.12133874047519295546552691100966e-05,-6.80571269724645526336078055984446e-07
1.42500000000000000000000000000000e+02,-7.37432562699126694991546754092359e-08,-3.67967104174487848695219877555728e-07,3.10880328856042313546942995249984e-05,-7.50734191892188801139286227853826e-07
1.42600000000000000000000000000001e+02,-1.10668901611635535264069507186690e-07,-3.72058867395013212812863974586053e-07,3.09627390011628891153006389108131e-05,-5.51004080247694911184157052000222e-07
1.42700000000000000000000000000001e+02,-1.46983943222155697408060428183468e-07,-3.49072400962157115152804623256643e-07,3.08476046011000710254940142696708e-05,-1.17740999894489097608743988317767e-06
1.42800000000000000000000000000000e+02,-1.82242212137076418972492590937745e-07,-3.60243930275243210883379042037950e-07,3.07560264419186742142538163024363e-05,-2.47786771670756552291622047338081e-06
1.42900000000000000000000000000000e+02,-2.16704930478298147298241249015261e-07,-3.30914101442371236542596848797626e-07,3.06515282082594741270680152998082e-05,-6.57419988111520793141745042628137e-07
1.43000000000000000000000000000001e+02,-2.50297249793333498527024916157040e-07,-3.38439947838286493124458097400778e-07,3.05210933317448950212710684962017e-05,1.17753380343234377594565600802303e-07
1.43100000000000000000000000000001e+02,-2.82916302253470622889889802468937e-07,-3.12741219245205879116648470386283e-07,3.04185717052349711927091083741282e-05,-1.67776617838721646908298016734452e-06
1.43200000000000000000000000000000e+02,-3.14734576870991840560084413157710e-07,-3.22008849138461810809485178519577e-07,3.03366359152296072383518130057059e-05,-1.28055235649154774513501335384935e-06
1.43299999999999999999999999999999e+02,-3.45390695400136941426134799387590e-07,-2.97642386047375856589456424976730e-07,3.02301817536128356837000899692067e-05,-6.92065643833368016455354976065455e-07
1.43400000000000000000000000000000e+02,-3.75401693972152065580800932588317e-07,-2.97169144661613843672414105933555e-07,3.01207293675824369549997703335481e-05,-1.18692309431030868400247902929018e-06
1.43500000000000000000000000000000e+02,-4.04151767970508366487437241105888e-07,-2.79638921490603010900319401852483e-07,3.00255052727879039762245409774011e-05,-5.23686077549965224909051722180450e-07
1.43600000000000000000000000000000e+02,-4.32276533103733016310181371658389e-07,-2.77178808304916841147398720701688e-07,2.99379589726728371991464426455994e-05,-1.08185992709314496003182222052641e-06
1.43700000000000000000000000000001e+02,-4.59031464719208984706583359983231e-07,-2.66467921346573945814475480143872e-07,2.98537552435510696767421998571014e-05,-1.57204875501443842691886463187607e-06
1.43799999999999999999999999999999e+02,-4.85209705812309157029439904135097e-07,-2.51620937703487949245304928118031e-07,2.97514126641476745781450356407552e-05,3.33682113166577288836980319239989e-07
1.43900000000000000000000000000000e+02,-5.10055086887313647796181897191167e-07,-2.47434639547922435161556710824360e-07,2.96505759707030232948386336916453e-05,-7.32108402042338383960287109786517e-07
1.44000000000000000000000000000000e+02,-5.34247742733369558256247045415563e-07,-2.30096320224284078246299109117428e-07,2.95837198770091778215307824396264e-05,-2.49956741882685890727676795455425e-06
1.44100000000000000000000000000000e+02,-5.57117111887794704128165812484311e-07,-2.34236963488996726275244703286222e-07,2.95070915144763574015925316584373e-05,-3.35253136554021301271601491166970e-07
1.44200000000000000000000000000001e+02,-5.79253524430980125229545815725937e-07,-2.06338700057611890210276568660985e-07,2.94054441210182695492249822825672e-05,4.79265129347822690245502245653033e-07
1.44300000000000000000000000000000e+02,-6.00238342493908912697342840617483e-07,-2.12780431085441927513992662995840e-07,2.93216984558745997870544603905169e-05,-8.70764408860929317395356797907844e-07
1.44400000000000000000000000000000e+02,-6.20330111932404911539749477709480e-07,-1.85968514147880213312507820213211e-07,2.92512463634172654641988596494842e-05,-1.43816781419642269024048248681449e-06
1.44500000000000000000000000000000e+02,-6.39373252924780440447440428439767e-07,-1.96559207972499871963970215280423e-07,2.91808117078744795899991326726329e-05,-1.95261827486583590170000144098660e-06
1.44600000000000000000000000000001e+02,-6.57368617104649331563419817806219e-07,-1.67093334857277580627130875517661e-07,2.91066239413007089656562045910907e-05,1.11510993479740434269589150441759e-07
1.44700000000000000000000000000000e+02,-6.74529189940027440345092967073469e-07,-1.71754249891467178699496016773559e-07,2.90177565598059295473933766167809e-05,1.47850726108136353842527887077026e-06
1.44799999999999999999999999999999e+02,-6.90508772539814282678459093471115e-07,-1.48437161247201816071257633723632e-07,2.89433583376938172104783141284841e-05,-1.97860801833291635557573780423307e-06
1.44899999999999999999999999999999e+02,-7.05736625022247560912279556156960e-07,-1.53133569846419341804527797509528e-07,2.88934007251808377015586920971785e-05,-2.79933891256419734206136379278524e-06
1.45000000000000000000000000000000e+02,-7.19663210533645409944044611206857e-07,-1.33363336291004270263972375679144e-07,2.88240248052446822670786793617112e-05,5.58720483300860709135395187815592e-07
1.45100000000000000000000000000000e+02,-7.32992864009406347887610413545524e-07,-1.27054577254916975577360431681005e-07,2.87435039787791391101814465096314e-05,7.49986266315884080631763022774855e-07
1.45200000000000000000000000000001e+02,-7.44994529076212154209308810202373e-07,-1.15654461087802126637359052884910e-07,2.86800663468710655530498438289349e-05,-9.36681694894104158167099357361553e-07
1.45299999999999999999999999999999e+02,-7.56397502837027278917664178379561e-07,-1.06913171252486231043537758406901e-07,2.86203219869954760614255643266239e-05,-1.59040288208935948266336733968309e-06
1.45400000000000000000000000000000e+02,-7.66451476321442867122570583284791e-07,-1.03035686443216273810281985151212e-07,2.85644191445136479909903564118366e-05,-1.37245003887185865093067107654248e-06
1.45500000000000000000000000000000e+02,-7.75937429532052302481258518507747e-07,-8.21829903792268464652253403799572e-08,2.85068589284929448838834730296001e-05,6.47894949361719897121947616917288e-07
1.45600000000000000000000000000001e+02,-7.84195709625365272592308548296001e-07,-8.45118153705642073357875506226890e-08,2.84332853773845020450137775449572e-05,4.24508674470571543036565753525229e-07
1.45700000000000000000000000000001e+02,-7.91781470648116832379204168679433e-07,-6.26300649992979981633894057622676e-08,2.83782965571395719137678015486498e-05,-2.24669510532055800628665831394855e-06
1.45800000000000000000000000000000e+02,-7.98224750332146162649970982864237e-07,-7.19734939943705675296616955391168e-08,2.83389786035849665284487331932617e-05,-8.49293119465025284508989789422455e-07
1.45900000000000000000000000000000e+02,-8.03905698275270558744290526814760e-07,-4.22092382493508243986897636403721e-08,2.82772449221542619872206206956133e-05,9.54624878431771010393144451843501e-07
1.46000000000000000000000000000000e+02,-8.08681013650809252707188888232085e-07,-5.07302988585053343804220362718064e-08,2.82163499718145938799356329866491e-05,-1.05208219557441339494872947955085e-06
1.46100000000000000000000000000001e+02,-8.12540780501373273537185214204327e-07,-2.56748231984019366382837107111807e-08,2.81702481924423161766122792600505e-05,-1.24667841984819630130358007936057e-06
1.46200000000000000000000000000001e+02,-8.15617478566333701516753280702485e-07,-3.59837726180814512121583408764236e-08,2.81228366205774958179686095571097e-05,-1.55952751176776298506434094715376e-07
1.46299999999999999999999999999999e+02,-8.17662702816045894709448133633793e-07,-1.09119778099366515041835056255124e-08,2.80791340599442176074197360312907e-05,-1.66836683891805167822880481136848e-07
1.46400000000000000000000000000000e+02,-8.19149310005929580958873344631427e-07,-1.31812942233678244789893045300328e-08,2.80247608175513106265703628111208e-05,5.77448735268902221294056671320335e-10
1.46500000000000000000000000000000e+02,-8.19527125044087827623875373056255e-07,3.92527273173736246608932821930724e-09,2.79679264590347153042367483326551e-05,-1.26304857204757503889108059915689e-06
1.46600000000000000000000000000000e+02,-8.19410075907684163133074212898492e-07,2.51279411469966437489868179411833e-09,2.79396008985704481100294637286005e-05,-1.63472457536783486586398513684594e-06
1.46700000000000000000000000000000e+02,-8.18120064653020515542942320676137e-07,1.41844306104095286836296480751869e-08,2.79044980998855691185487829389559e-05,1.12010547384335434636539678226347e-06
1.46800000000000000000000000000000e+02,-8.16472364132312641114017387801202e-07,2.51503321217307369083611052447828e-08,2.78416604267871483395768503243652e-05,5.86394751514594092624848014469316e-07
1.46900000000000000000000000000000e+02,-8.13706854287731301047958533378636e-07,2.79479491919965492669131232562325e-08,2.77960618983414095089415732064925e-05,-2.04957197016604298106775395631521e-06
1.47000000000000000000000000000000e+02,-8.10542354449139551666771303989679e-07,4.08238241256842677582010497925665e-08,2.77704714852058222543979141372114e-05,-1.02481422801394054285648891965334e-06
1.47100000000000000000000000000000e+02,-8.06303259952686012834597105900979e-07,3.59363133102432232453227815181109e-08,2.77367683057287269419201783128377e-05,2.18771441455416690980578184658704e-07
1.47200000000000000000000000000001e+02,-8.01660367371453534731000607988744e-07,5.99036335201742298207453020702123e-08,2.76925856835148606769968410313290e-05,2.10074596247962606153924008530151e-07
1.47300000000000000000000000000000e+02,-7.96145272413260611618967060446635e-07,5.09249588689320317086741897624348e-08,2.76398178440877453665107036066645e-05,2.67735137752241329429482286458695e-07
1.47400000000000000000000000000000e+02,-7.90097649452637529903836463883687e-07,7.33032941649064276049449681159610e-08,2.76055931643915910636383046997176e-05,-1.62922143062871268383200770859821e-06
1.47500000000000000000000000000000e+02,-7.83300965173511491930677262234635e-07,5.93593360891974876316630546963442e-08,2.75942964619046861991091247851476e-05,-1.48294543070315649325635618041313e-06
1.47600000000000000000000000000000e+02,-7.75870168373187778028902760357064e-07,8.62038127819825586715323917528210e-08,2.75532199624500763769211112667704e-05,1.24730620950175589149052277210708e-06
1.47700000000000000000000000000001e+02,-7.67956118252951976270137829774988e-07,7.66924686625506514962550833431093e-08,2.74948668885430681679994086673059e-05,3.11286890064226294305025136712895e-07
1.47800000000000000000000000000000e+02,-7.59289401915899085514447099220094e-07,9.63555959348075940435424377104119e-08,2.74707060889557461043399428302904e-05,-1.24912789617495604194775337447018e-06
1.47899999999999999999999999999999e+02,-7.50246863084309808112002757012861e-07,8.63023995514162041878544680327414e-08,2.74527137580070247304957255352398e-05,-6.11815005948144575238824315253101e-07
1.48000000000000000000000000000000e+02,-7.40361246006314737552639058088640e-07,1.03768237091324243059758648256375e-07,2.74179075086789189462965414786613e-05,-6.36097573342686661689313796921544e-07
1.48100000000000000000000000000001e+02,-7.30307891988191272583262450163832e-07,1.03688221962694253317659558456852e-07,2.73780555160660478068109462405142e-05,3.00961464606338853903083203938241e-07
1.48200000000000000000000000000000e+02,-7.19395749338724338042428451575929e-07,1.12204137144471418055000965385348e-07,2.73397543958351231896054255842596e-05,6.41775395863219221513034955466421e-07
1.48299999999999999999999999999999e+02,-7.08346934508312838117864878075781e-07,1.13901806339954194803556029296201e-07,2.73206147055460540924158834727089e-05,-1.49215792489608937651429689294587e-06
1.48400000000000000000000000000000e+02,-6.96420573841045541123923773405390e-07,1.15142754993266987162043238444738e-07,2.73027913337023126967181923501482e-05,-8.10491457266312549335813676937724e-07
1.48500000000000000000000000000000e+02,-6.84439889819531975858557507704694e-07,1.29649327326854569192452775325864e-07,2.72558092790562183639708845374357e-05,9.54784798732070688679825851840097e-07
1.48600000000000000000000000000000e+02,-6.71716922898636710694877013349655e-07,1.23258429512187375417942827223163e-07,2.72207357662931736912765219923990e-05,-4.77786500820242896346293683010219e-07
1.48700000000000000000000000000001e+02,-6.58858033455993527944284969592778e-07,1.38453579745028732175790267784118e-07,2.72104357535726846397739977408821e-05,-9.39188057541096917755541111423648e-07
1.48800000000000000000000000000000e+02,-6.45345979395982316394840249991699e-07,1.25251087718151194693392458619323e-07,2.71820832904426064603518333477400e-05,1.56505753372312327743034246357450e-07
1.48900000000000000000000000000000e+02,-6.31642398046755715101432562981494e-07,1.49048871423631469273466931993695e-07,2.71437953203870926180066436228504e-05,-1.31253170301238107420779930066623e-07
1.49000000000000000000000000000000e+02,-6.17533379509775909769767037310507e-07,1.35098041222056838145090731735249e-07,2.71160242023215367778116037214301e-05,-5.56711385878073432582637961164475e-09
1.49100000000000000000000000000001e+02,-6.03099239957284942605173885394131e-07,1.54815932909722672172269948447615e-07,2.70918150371947080072985034757269e-05,-6.46394997792884149822708497123701e-07
1.49200000000000000000000000000001e+02,-5.88393951131927937135786034549977e-07,1.38262896659446882828818327282264e-07,2.70749806761502865710935805435957e-05,-1.29987416459594930284228933085828e-06
1.49300000000000000000000000000000e+02,-5.73252730549401086434246199867929e-07,1.59016103719895921824329843293818e-07,2.70457997709616538592252274413228e-05,1.14226745943520828049537452182225e-06
1.49400000000000000000000000000000e+02,-5.58088153464207789084965638233751e-07,1.49682683692365962483170808692408e-07,2.70015384657700866837636065343338e-05,9.81834320325306027548276684630003e-07
1.49500000000000000000000000000000e+02,-5.42411360667303828944320189807062e-07,1.62202670962104452075252246456923e-07,2.69839778989937914804781853039898e-05,-2.26472619764843363306967347853948e-06
1.49600000000000000000000000000000e+02,-5.26793234562031046075301280195710e-07,1.53533219387412922081584761076843e-07,2.69737399880228619011173197972257e-05,-1.05073991689403739098093310523682e-06
1.49700000000000000000000000000000e+02,-5.10595961640921086672009473486033e-07,1.61690017266188418829004285411968e-07,2.69386045118239444448508405934981e-05,1.21993358434645933685340750827493e-06
1.49799999999999999999999999999999e+02,-4.94613622110562569525853618650158e-07,1.64456267348480742030184129273507e-07,2.69047214157313902180604349291904e-05,6.18901575410942932869082704057739e-07
1.49900000000000000000000000000000e+02,-4.78090525746578962393655720953651e-07,1.63255568038494686861860135812785e-07,2.68792477046540747106169531908327e-05,-5.08419353356781030780214500806352e-07
1.50000000000000000000000000000000e+02,-4.61769754425417207948633216643941e-07,1.68666631707259962948771089745142e-07,2.68575628864423971775981149120406e-05,-1.88609705971866495656350710610350e-06
1.50100000000000000000000000000000e+02,-4.44941461886902569868403632629831e-07,1.59657702271663957659137606541659e-07,2.68434536248249387415936509676939e-05,-6.40459805324080218195686463434004e-07
1.50200000000000000000000000000001e+02,-4.28320353990745390265341970360390e-07,1.76503644427732185577392141970832e-07,2.68097048183533134232694029676081e-05,2.13291536305140525993112429632575e-06
1.50300000000000000000000000000000e+02,-4.11378888539529532007697003814604e-07,1.62326204190657861743324848583183e-07,2.67681365736880099635769230508629e-05,-2.78944117681277283480777953668144e-08
1.50400000000000000000000000000000e+02,-3.94525760054370256927677348252472e-07,1.78062944077655069705427319832442e-07,2.67537117256148765993586783295123e-05,-2.42004655914794544237397887602860e-06
1.50500000000000000000000000000000e+02,-3.77474897993351471802632631673925e-07,1.59251168352581595813446133194891e-07,2.67388233531190792730526661863795e-05,-1.36385099820979910180380238294684e-07
1.50600000000000000000000000000001e+02,-3.60416231165640737503046591256445e-07,1.80353226953904068197401595201550e-07,2.67040023000003795102138570860602e-05,8.66705134165832742052071767459321e-07
1.50700000000000000000000000000000e+02,-3.43405867062210686084460688585740e-07,1.63910227887848683440473199527425e-07,2.66729386839107282866187510104951e-05,-1.84631262729815712721169792864316e-07
1.50799999999999999999999999999999e+02,-3.26257320140824685406179724411642e-07,1.78857031615378245164458852867372e-07,2.66445329081504338928034005023332e-05,-4.78787056454522859928636555883970e-07
1.50899999999999999999999999999999e+02,-3.09281454588815008659132174560184e-07,1.62228217664716696100227772029831e-07,2.66235849148453060487152133404433e-05,-9.97618545315740576462827092818071e-07
1.51000000000000000000000000000000e+02,-2.92065533871804539951911715981548e-07,1.75657275279081054834844623588001e-07,2.66066134355420817385960905900146e-05,-5.54848971601862144122279626447202e-08
1.51100000000000000000000000000000e+02,-2.75222149866708340377629024914868e-07,1.67918336199202814166268093243790e-07,2.65656868149342878411269014946796e-05,7.81864856582277733534649989224794e-07
1.51200000000000000000000000000001e+02,-2.58091168016259600631632620737679e-07,1.72270193827547585062254361736180e-07,2.65301015211048667115709210257845e-05,-1.27860303205785576897112869644099e-06
1.51299999999999999999999999999999e+02,-2.41376346402039854584046961314953e-07,1.66803825474704604869529422335319e-07,2.65207073816540414282086908141254e-05,-8.47266171115630575993092574539578e-07
1.51400000000000000000000000000000e+02,-2.24345202260023501887502879157015e-07,1.65209052269402134006344063850633e-07,2.64929487653777331395882108857959e-05,1.12468239992227361765280307405157e-06
1.51500000000000000000000000000000e+02,-2.07814617156054719933771032758958e-07,1.71904665610621745344236344158356e-07,2.64512303331988449723373621808348e-05,-4.75789255985570220943073531705187e-07
1.51600000000000000000000000000000e+02,-1.91051538584963743015661373082560e-07,1.61190305536013876784745289451022e-07,2.64236220793560734900874062562575e-05,-1.31380681801227260955890418713913e-06
1.51700000000000000000000000000001e+02,-1.74711666860073263633790771506320e-07,1.70104812787198097871746272975910e-07,2.64000759681811980780210497410185e-05,-1.49271431379273857834059103680375e-07
1.51800000000000000000000000000000e+02,-1.58225186978974305982580001656597e-07,1.53259372096091553282257436949413e-07,2.63783675898857810925551899872844e-05,-8.11533410752384540294894590849321e-08
1.51900000000000000000000000000000e+02,-1.42103628454718058724769663933703e-07,1.71034282203452171540819547877734e-07,2.63433161036493401334077267640522e-05,4.68983275151233949880966879649373e-07
1.52000000000000000000000000000000e+02,-1.26040964215611020865646635203918e-07,1.51872421116137509367018902091787e-07,2.62958685907709616840401068322178e-05,-3.18217159268895212374397029720029e-07
1.52100000000000000000000000000001e+02,-1.10189830259630263180287929468480e-07,1.66276489172458024589273020010380e-07,2.62767614744959657841664468507609e-05,-2.04217822712732756173934653454277e-06
1.52200000000000000000000000000000e+02,-9.45283175576195384376378419421059e-08,1.45166192411052117963882589564501e-07,2.62653997179825983786794615084268e-05,-8.36120718430596041552377860639956e-08
1.52299999999999999999999999999999e+02,-7.89680025063574634916185933108891e-08,1.62321678243403857912947765610893e-07,2.62182291232330385125025544395735e-05,1.40937456615361015967441691026476e-06
1.52400000000000000000000000000000e+02,-6.38191910545295090422314070577496e-08,1.46153358380120623970178340773532e-07,2.61716432191706437042862179093247e-05,-6.69909516258121797828349786176361e-07
1.52500000000000000000000000000000e+02,-4.86431838379854644140246443319012e-08,1.55171002430372214653624801861593e-07,2.61501528284013737726280463670686e-05,-1.19325776836866187849424196804562e-06
1.52600000000000000000000000000000e+02,-3.39655939499009773119572797356755e-08,1.40935856033878098403455150505373e-07,2.61283298054583273919887045955028e-05,-7.55354776233974958323174796744490e-07
1.52700000000000000000000000000000e+02,-1.91858213691402938087236903913102e-08,1.46867446013200858151381282987638e-07,2.60956793598820075981967633433300e-05,-3.51694705402833344385803837586338e-07
1.52799999999999999999999999999999e+02,-5.05001888309463821275070629556358e-09,1.43016077915276177185189582185518e-07,2.60481682513914428082382855004066e-05,1.19165953354505815228816087666922e-06
1.52900000000000000000000000000000e+02,9.20785989176392991551002035137889e-09,1.38901700852147716915461178591269e-07,2.60051363750728918236213901526825e-05,-2.99835914010243514494769762903112e-07
1.53000000000000000000000000000000e+02,2.28436270661808103241129248139064e-08,1.38343063352695062707027301774763e-07,2.59914678404734858294406421414510e-05,-2.31948410405674543715738715241516e-06
1.53100000000000000000000000000000e+02,3.65842482479039650988417864378020e-08,1.27987709552883930320160052337374e-07,2.59632369480655701858413770711513e-05,-5.72811319663327524026336376769881e-08
1.53200000000000000000000000000000e+02,4.96883052657469548147535067251711e-08,1.39353120088080180613065697570708e-07,2.59060989906198467757138500108958e-05,8.81230864884111010123176126531350e-07
1.53300000000000000000000000000000e+02,6.27685534141522885371101478842483e-08,1.21571047817971059392396278786681e-07,2.58695585023960708453460288699912e-05,-5.14559366850135830127982124881822e-07
1.53400000000000000000000000000000e+02,7.53617792524240190194400866480252e-08,1.32845363080431343159619621393437e-07,2.58455730253652934869170400957063e-05,-6.23426263219685412213131737549819e-07
1.53499999999999999999999999999999e+02,8.78187087011519876765341553496725e-08,1.11709119810296220463091395005843e-07,2.58087287231660594838744771120252e-05,-1.01388389741594563318541134981819e-06
1.53600000000000000000000000000000e+02,9.98819529931242107080815399975252e-08,1.29354936738111318386421024976966e-07,2.57682629683041858087809195684280e-05,-2.82939191885288507493578914708554e-07
1.53700000000000000000000000000001e+02,1.11600567902575728072961919749936e-07,1.08798653410522119293073563607244e-07,2.57223313530732915417080802752421e-05,7.96096410883840461918051015790964e-07
1.53799999999999999999999999999999e+02,1.23100214792056853115692688477837e-07,1.20720409934826749831016087017462e-07,2.56859624496754477090886328894558e-05,-1.06232077349842849202670298374193e-06
1.53899999999999999999999999999999e+02,1.34149328317552401197067207526219e-07,1.00313360286151401990050114978457e-07,2.56611157346931232010156141206201e-05,-1.30759205226223341011021987034666e-06
1.54000000000000000000000000000000e+02,1.45087883408974130081312974432021e-07,1.12981023481146728228174588337904e-07,2.56127680105487222215015255879061e-05,9.22419305357729712316147119428920e-07
1.54100000000000000000000000000001e+02,1.55381843952032395643537073497727e-07,1.00188907949035112840037781913617e-07,2.55600799049133658121663598707494e-05,-2.22193386205512570027676104996829e-07
1.54200000000000000000000000000001e+02,1.65676960430445177428878253139289e-07,1.02863803029706652198437339578700e-07,2.55323393751944361190291929442512e-05,-1.65083981070887630358080679359148e-06
1.54299999999999999999999999999999e+02,1.75302054443081303037808307149718e-07,9.33062583244258448571926961670525e-08,2.54969203756461691581384517283562e-05,-2.53358666156552278026055723653786e-07
1.54400000000000000000000000000000e+02,1.84973226752300933794725385876650e-07,9.17132122146145278087875216409690e-08,2.54477805998556896471230747868848e-05,3.12841740336236487672001854271877e-07
1.54500000000000000000000000000000e+02,1.93886390194776035584300481334666e-07,9.39735580352840673809518493516548e-08,2.54029561423589766755188474956754e-05,1.19518031198908425396296950002702e-07
1.54600000000000000000000000000000e+02,2.02816702401152628490408862335633e-07,8.23018778045124360808700147530756e-08,2.53570796310321947748893962599864e-05,-7.94753924398718922172710349354483e-07
1.54700000000000000000000000000001e+02,2.11090303441391754183510256131705e-07,8.72178250293072738541287338480696e-08,2.53228404503533554758415119047309e-05,-2.15778730796833505742154793696461e-06
1.54799999999999999999999999999999e+02,2.19326948175141747889313667728289e-07,7.02445400297871913996496502105460e-08,2.52885871352182673542934237937970e-05,3.44295932284812261969608213344760e-07
1.54900000000000000000000000000000e+02,2.26955170674456073981574016000462e-07,8.55702099091254907679299810581792e-08,2.52279682243724164704163757967946e-05,1.87782651882492779996693708447285e-06
1.55000000000000000000000000000000e+02,2.34376385916525499351249655718056e-07,6.44453756390061756029220018562101e-08,2.51769814280050973488249607924350e-05,-1.58219970658373304461960983293213e-06
1.55100000000000000000000000000001e+02,2.41383234350311985074203883449266e-07,7.66436958705582008237759232535038e-08,2.51479166288290782684192417687108e-05,-2.22750725744315094131696541460109e-06
1.55200000000000000000000000000001e+02,2.48078411063948702106993385801035e-07,5.43718113878735663997929145397264e-08,2.51053337323929946409316044192573e-05,1.89196605606222384371337427203293e-07
1.55300000000000000000000000000000e+02,2.54473282632211863456436583920906e-07,7.08752358506929792532178708084723e-08,2.50540091704637712696578722226000e-05,6.26651280284830191923629343983478e-07
1.55400000000000000000000000000000e+02,2.60352236064424078646513535801448e-07,5.21137499386157707688881912288761e-08,2.50011727232562064463665654649839e-05,1.52202980996752155938728687032568e-07
1.55500000000000000000000000000001e+02,2.66101459806674759474585310821559e-07,6.09160530477515202885109167531793e-08,2.49508401525677069931285899906522e-05,-1.43286377459795156206760295435340e-06
1.55600000000000000000000000000001e+02,2.71269163687125200956505134972803e-07,4.39354946983419143410251606419506e-08,2.49188672958534511380928355329357e-05,-1.90406138662752886427893413024749e-06
1.55700000000000000000000000000000e+02,2.76409794519565581422923454007912e-07,5.12392703203529318435554365132453e-08,2.48764469508484638342099789290923e-05,8.57807130390898548947672678261901e-07
1.55799999999999999999999999999999e+02,2.80816864164601090452649245740643e-07,4.45690802575590998477021943717589e-08,2.48085460751045561030254057132277e-05,7.14534940209864829159888043844656e-07
1.55900000000000000000000000000000e+02,2.85261647556565536434016752193670e-07,4.09537530739524703920435474417846e-08,2.47600485428473706297562449640858e-05,-1.78704967875351767452679501212319e-06
1.56000000000000000000000000000000e+02,2.89015107771545552979968271434695e-07,3.79536327546460747638140801284215e-08,2.47268859737700154138282065296110e-05,-8.23302016571310896794194232999399e-07
1.56100000000000000000000000000000e+02,2.92820190847116068147639307384348e-07,2.93202417061615973180649167269834e-08,2.46762556847522269468578948490434e-05,1.40570391493466306797410769276452e-07
1.56200000000000000000000000000001e+02,2.95915138794671425256205582346610e-07,3.84215426288421082964047427881003e-08,2.46204090491556145534871275852658e-05,-6.68209045696532233509732586344293e-07
1.56299999999999999999999999999999e+02,2.98971716346188567737424256847521e-07,2.14659418592087365631295328330640e-08,2.45663080063342866670045934241756e-05,-3.08120284050031001917819781573489e-07
1.56400000000000000000000000000000e+02,3.01480309390094721974294789408445e-07,3.13508268833911392326751973763801e-08,2.45188883422999035335476718747073e-05,-7.25483327227051030991781027067127e-07
1.56500000000000000000000000000000e+02,3.03872275861712413696426486272715e-07,1.08791801378165388783555181715059e-08,2.44820638768285566178578288646590e-05,-7.81988876418724424330495681174927e-07
1.56600000000000000000000000000000e+02,3.05818233708884199296637413788365e-07,2.85052521153284051872722281809634e-08,2.44223268913211668432385881967589e-05,3.94248749737423458181900751143523e-07
1.56700000000000000000000000000001e+02,3.07456128419092574314847582640398e-07,7.57676596089341825466809353537127e-09,2.43558775342489470407973602293727e-05,-1.00348869772661304783460625999573e-06
1.56800000000000000000000000000000e+02,3.08847320356028266260886654145416e-07,1.98296070518042642471272993676106e-08,2.43211427206249299827735285431150e-05,-1.58857646671648679949506667445599e-06
1.56900000000000000000000000000000e+02,3.09845072725217020734969264688672e-07,-7.44098158275318922032770888012194e-10,2.42785154587626407810249722374445e-05,5.89683515362366412546762354479484e-07
1.57000000000000000000000000000000e+02,3.10723105272197963434591254422260e-07,1.35862184160553649179434112714470e-08,2.42118701314661190294999883962053e-05,4.94545489759136626154417950274076e-08
1.57100000000000000000000000000000e+02,3.11024277112071463739681289987457e-07,-7.15503291075772222938898279553612e-10,2.41545354002965380029576361359592e-05,-1.27657841258027661278809111680286e-06
1.57200000000000000000000000000000e+02,3.11348331615134328895027767117853e-07,4.29900945761824777019552460647725e-09,2.41077645772036936165353033414273e-05,-8.52099076527565105050531685096770e-07
1.57299999999999999999999999999999e+02,3.11069090682293541599136432038168e-07,-6.44176798647454353364341822532956e-09,2.40656161263014485653005703671785e-05,-9.44102140712939188508776824207903e-07
1.57399999999999999999999999999999e+02,3.10893384147111258911402091473578e-07,-5.30465310299253033967138155247683e-09,2.40138237910754417387346707108952e-05,1.56505936200122014173735426040543e-07
1.57500000000000000000000000000000e+02,3.10028527270348033449340858430664e-07,-4.22338749252872347424138413292186e-09,2.39404522086477165639564852055400e-05,7.52875290075009557815261153635972e-07
1.57600000000000000000000000000000e+02,3.09268514285119382472480839823301e-07,-1.35988032961156858195484837308385e-08,2.38872691164407292557679440929643e-05,-1.85822417162123221301947857946534e-06
1.57700000000000000000000000000001e+02,3.07920404182256447723879398008208e-07,-9.27443921560548165098872765968417e-09,2.38577333074418640178999579901116e-05,-1.88449636359991519296985497429677e-06
1.57799999999999999999999999999999e+02,3.06648891850215014159350791393264e-07,-2.33176857671744604186226987459596e-08,2.38004492924399472909707216417982e-05,6.72401648797293650263858899262788e-07
1.57900000000000000000000000000000e+02,3.04840835269148565237163357728080e-07,-8.49505659114988262749982810563457e-09,2.37280792821275253528649699808656e-05,2.99857678196816627000676831298424e-07
1.58000000000000000000000000000000e+02,3.02974183338884786772317081339670e-07,-2.80354662389170331245816718363979e-08,2.36766714134142650456941154538433e-05,-7.17818683852939436960183002026128e-07
1.58100000000000000000000000000001e+02,3.00764015393910802561308444388742e-07,-1.46778987574624717947590298859878e-08,2.36314068649033040275727698574792e-05,-1.29618595409359079589826487453736e-06
1.58200000000000000000000000000001e+02,2.98398753599716742827795063045183e-07,-3.55283189060288088725028483876555e-08,2.35835670149399286004613797529475e-05,-1.60778907406076873162926771922891e-06
1.58299999999999999999999999999999e+02,2.95822122420672379664182033686352e-07,-1.73942017238199857287131382542978e-08,2.35239945066297960511501112224883e-05,7.00694795919776384605731778375965e-07
1.58399999999999999999999999999999e+02,2.92904798767101711651984821632454e-07,-3.58833134748867756115103624506346e-08,2.34545085722979129782710191908082e-05,7.86648400261223335161152768571631e-07
1.58500000000000000000000000000000e+02,2.89962058901233650522288471351096e-07,-2.46757149255686209736736309938943e-08,2.34095305758995868079800953480816e-05,-2.15220376439692486524211448797836e-06
1.58600000000000000000000000000001e+02,2.86607128903468248822960422562563e-07,-4.10784087333867461040783337297371e-08,2.33693408659383768790726465994249e-05,-1.21307587402721814464990193332097e-06
1.58700000000000000000000000000001e+02,2.83345156507318944359412978725537e-07,-3.03763062777669398838867112555116e-08,2.33013518626926534588502455630324e-05,5.18742750792239464615239808331361e-07
1.58799999999999999999999999999999e+02,2.79528725867020953595873675502384e-07,-3.81029904584054569815506567340159e-08,2.32407358698570755652020473657965e-05,-4.31771570891657702657510209542961e-07
1.58900000000000000000000000000000e+02,2.75905930143427921008862009937597e-07,-3.82075674912110664593507505774284e-08,2.31944544620720896036807446686252e-05,-7.00224120284428193109587859925753e-07
1.59000000000000000000000000000001e+02,2.71747891096108662834079443803868e-07,-4.08992826696696351537302657718859e-08,2.31404183712890802938752285090494e-05,-8.83554864605057960609903000804455e-07
1.59100000000000000000000000000000e+02,2.67811304936951777530652958600328e-07,-4.59013745883745429029117899490006e-08,2.30867127294052135897577864917706e-05,-6.96395978585830696203684726808752e-07
1.59200000000000000000000000000000e+02,2.63326474014888800380174536735694e-07,-3.71325881932593889685658833669873e-08,2.30266175156785685774153910612747e-05,4.44110863257544975879542925380924e-07
1.59300000000000000000000000000000e+02,2.59008285619683373187490637444248e-07,-5.11765628161441222497815148235521e-08,2.29665129785341715938450809784346e-05,-1.00015622591684124011068587337360e-06
1.59400000000000000000000000000000e+02,2.54291755819222550483331530974703e-07,-4.05408804436262795054165406510094e-08,2.29251790725174336269704982823701e-05,-1.80816033184665258810386909996738e-06
1.59500000000000000000000000000000e+02,2.49665963293547478960255778348194e-07,-5.75692713503164678118485960705872e-08,2.28720817032830208644152676271514e-05,7.66445644039864310660595973097661e-07
1.59600000000000000000000000000000e+02,2.44739421539830579020854633073694e-07,-3.88822262301455411555913165214412e-08,2.28013085748401555423299635851762e-05,4.76286516122768608411145776854770e-07
1.59700000000000000000000000000001e+02,2.39746428651279272991895777892134e-07,-5.86507878741232599136643058103907e-08,2.27502677098334378940518548731370e-05,-2.01893551257360463915951188071554e-06
1.59800000000000000000000000000000e+02,2.34660380603886613116379919276814e-07,-4.38046439934184173337626983650498e-08,2.27054647991037381605891879290431e-05,-1.18493465342549342732066383137421e-06
1.59900000000000000000000000000000e+02,2.29402162108772053660735998029235e-07,-6.25050095991007660624873105488875e-08,2.26502061184990760995826403232926e-05,1.42780021606774067694703559603275e-07
1.60000000000000000000000000000000e+02,2.24179799670793502302241255597220e-07,-4.53041779165965772791883159589853e-08,2.25935960025158393453905226983693e-05,4.42694653211091459995219691536598e-07
1.60100000000000000000000000000000e+02,2.18618536531018594157621192950673e-07,-5.94906448997217906927724500390720e-08,2.25292411669391043226242410110537e-05,-1.66791283320605125708317809638860e-07
1.60200000000000000000000000000001e+02,2.13260958291936210502258359504225e-07,-5.10988448814620618511805842683333e-08,2.24766367520095691265608595371283e-05,-2.39774318851694867248111672822695e-06
1.60300000000000000000000000000000e+02,2.07516009817176212687115402093443e-07,-6.11144067216366583135409923668885e-08,2.24416150669674916545446811695859e-05,-1.18232951942796150863218912629471e-06
1.60399999999999999999999999999999e+02,2.02054099162917469243302976463023e-07,-5.54303910971018783377301676159887e-08,2.23809118667450358779839081761391e-05,1.79343847490872891788691237612679e-06
1.60500000000000000000000000000000e+02,1.96111947626419445243291915165039e-07,-5.49990548339428540045632319320581e-08,2.23095044686067797209976745244061e-05,-2.23379803412259968646563427054722e-07
1.60600000000000000000000000000001e+02,1.90498774447569237056588626099012e-07,-6.10107187452426867760313911750052e-08,2.22631413950339760006969063373582e-05,-2.12471836128859911251210794399753e-06
1.60700000000000000000000000000000e+02,1.84487207225054644360833172307125e-07,-5.56938154773561262873894613895759e-08,2.22197449267105990114856352848937e-05,-7.57297438590350578760461967159386e-07
1.60799999999999999999999999999999e+02,1.78765504035185209509152553823362e-07,-6.56422391202348142213374348366296e-08,2.21673640720803256908546563004900e-05,-1.70303970428015000301276640454604e-07
1.60900000000000000000000000000000e+02,1.72685095234959571284878815673172e-07,-5.04459567966633557618503157914767e-08,2.21076321423089750310903476287821e-05,3.11563810676713302393595918330533e-07
1.61000000000000000000000000000000e+02,1.66794466196692299164957123223560e-07,-6.74276399768406376683591243034643e-08,2.20433094438219685324586730013203e-05,-2.58274935664527294996612528405714e-07
1.61100000000000000000000000000000e+02,1.60734217049251633973661760463881e-07,-5.26548640805531902557792189065109e-08,2.20008439515370948125133280748512e-05,-1.91411650955484672490580284906809e-06
1.61200000000000000000000000000001e+02,1.54756658253609675848595703366289e-07,-7.04967185088866469550708382391308e-08,2.19630757728279269374005148887357e-05,-5.02855369647542902787136801208973e-07
1.61300000000000000000000000000000e+02,1.48720696969418999796873691635998e-07,-4.98924277256269073171128766818212e-08,2.18950942890199105849313637690566e-05,6.95651156158944082686453823342227e-07
1.61400000000000000000000000000000e+02,1.42595680117805893856650443685701e-07,-6.79016253599110256131895661040396e-08,2.18332984048971543012660821293376e-05,-1.09270073580985554316643468130944e-06
1.61500000000000000000000000000000e+02,1.36623366579788579949958949959958e-07,-5.38240832444662479990757862594928e-08,2.17960764538243536169498810560884e-05,-8.57169560158197652937757690725985e-07
1.61600000000000000000000000000001e+02,1.30467128324901346361942346337407e-07,-6.86879488461366828732249791863507e-08,2.17475385421403527915562065812320e-05,2.57132088592205343090615133015494e-08
1.61700000000000000000000000000001e+02,1.24566601960823134336848978214373e-07,-5.42766923887593928071190435500499e-08,2.16894831395506432257327196433026e-05,-8.31905914434031495527093262961485e-07
1.61800000000000000000000000000000e+02,1.18334466761783801787012089059189e-07,-6.22883425852855974742727312294274e-08,2.16334594915662653360510562747747e-05,-4.46274498887812155492460270317442e-07
1.61900000000000000000000000000000e+02,1.12489417951779134614228421366865e-07,-5.88690097874160648924207461497975e-08,2.15823389190005864877568454750605e-05,-4.95220660630500587795190212402093e-07
1.62000000000000000000000000000000e+02,1.06313571563804307837962710770761e-07,-6.13570186304404892108338694826006e-08,2.15458183678580806170884692231542e-05,-1.07591726671113475887784436788301e-06
1.62100000000000000000000000000000e+02,1.00546971752748516966226756213933e-07,-6.18021879705855425625590719939217e-08,2.14928466613091341394271455813273e-05,4.47676964584323680856943502902531e-07
1.62200000000000000000000000000000e+02,9.44059915258116817041589884521236e-08,-5.31688076566169462528340161626017e-08,2.14222652104253833317473128607527e-05,-1.69003372282735497825639761854765e-07
1.62299999999999999999999999999999e+02,8.86511106622249859679090865919071e-08,-6.45444549902015479013065620726352e-08,2.13821948879486782632738666519273e-05,-2.00709670780849271458459741440856e-06
1.62400000000000000000000000000000e+02,8.26669131999080016549725473338693e-08,-5.31233059773282356385326497964527e-08,2.13494646635207227634000521229002e-05,-4.32488318845914564412007631793056e-07
1.62500000000000000000000000000000e+02,7.69817210803119928710731440219581e-08,-6.65838604207925799540102393347170e-08,2.12899461199864287259239919920887e-05,5.42570123931988898070180541257491e-07
1.62600000000000000000000000000000e+02,7.11358057652390313393594173924439e-08,-4.70230617733249191595857937248167e-08,2.12306802198239382758206847306069e-05,-3.32875620933796833486264178860242e-07
1.62700000000000000000000000000001e+02,6.54470437222266606115322918828645e-08,-6.51061118789389047552362545356550e-08,2.11826610249970022345621237404477e-05,-6.69606872537920494855253034892379e-07
1.62800000000000000000000000000000e+02,5.98083061891782684481401315719048e-08,-4.85488922984077372873234043192106e-08,2.11437641021998383700412655398921e-05,-1.65023670916698217441160162905110e-06
1.62900000000000000000000000000000e+02,5.42125726367993929625626199861796e-08,-6.56992804147168877399750780920047e-08,2.11051084138418172975152937679397e-05,-7.77114645063876620989661877627168e-07
1.63000000000000000000000000000000e+02,4.87770172676753930778595216967338e-08,-4.54642989061896558993659614349758e-08,2.10425211403804119409713844794582e-05,1.56302659617374933240432483771176e-06
1.63100000000000000000000000000001e+02,4.32024922444391286461275111214612e-08,-5.97402479173848110008335890779501e-08,2.09823449366119799171383298410335e-05,-3.72183020290652166908421422498470e-07
1.63200000000000000000000000000000e+02,3.79772415887625452525460844637119e-08,-4.86745115160191098237010086681019e-08,2.09534042838831622426313496824569e-05,-2.46315953450248801246338651992541e-06
1.63299999999999999999999999999999e+02,3.25506760206386240095158891326289e-08,-5.82445688983114769475179338379518e-08,2.09143100255485953130638562170780e-05,-4.67478290417731792362631571977111e-07
1.63399999999999999999999999999999e+02,2.75425100693482992452462046528723e-08,-4.88554579835957056846772421562179e-08,2.08541735565433265899954690114285e-05,5.45627033345445539226229198412487e-07
1.63500000000000000000000000000000e+02,2.22145555369871013306173821709934e-08,-4.92312059584152066340267703018439e-08,2.08044147901245791567018522754162e-05,5.08466236975090600427981277346433e-08
1.63600000000000000000000000000000e+02,1.73710052775329906912625659894629e-08,-5.19567538747168844289133044186927e-08,2.07609080521836883870924920386668e-05,-6.26772620784191036554855297920654e-07
1.63700000000000000000000000000001e+02,1.22706723002373934229116010629902e-08,-4.69963748189643193859285729582352e-08,2.07212077178407736024358347624213e-05,-1.90004762229076510087843962853029e-06
1.63799999999999999999999999999999e+02,7.62061941277082129239200422225700e-09,-5.35210652940869728525944486578575e-08,2.06808817545229618277701877081890e-05,-2.01856420261049957405932532203716e-07
1.63900000000000000000000000000000e+02,2.72173534918951382077362604880981e-09,-3.82702913634437342079409940126571e-08,2.06223459087286959465333041482171e-05,1.22714661259320165495335856638962e-06
1.64000000000000000000000000000000e+02,-1.82016266222035844624319581957527e-09,-5.32701480775773049618586623330293e-08,2.05753628999777027338338258563062e-05,-1.29131929134845306488277944951255e-06
1.64100000000000000000000000000000e+02,-6.42857493344895057491303634709196e-09,-3.79828657161130086167382866048428e-08,2.05462532226010747852296134877649e-05,-1.39493456609079988359829577266521e-06
1.64200000000000000000000000000001e+02,-1.07892216027476065408914425860401e-08,-5.35810100847438777030348125017895e-08,2.04976282170808821431758574534504e-05,5.30494624459003662933953470211545e-07
1.64300000000000000000000000000000e+02,-1.51277272228083768620650318107363e-08,-3.19245895692249813175698886295623e-08,2.04453152801647857363627821738225e-05,-3.04006155440330844919991716974283e-07
1.64400000000000000000000000000000e+02,-1.93924970943128260814576962567620e-08,-4.94492445922529704484282247577320e-08,2.04063362790606885641835472238284e-05,-8.77649360075907458955537719893686e-07
1.64500000000000000000000000000000e+02,-2.34273412288247324745896640351275e-08,-3.32599363930333045563191740326730e-08,2.03644711698141585632013584511758e-05,-5.90313773160388097403292013698235e-07
1.64600000000000000000000000000001e+02,-2.74977174828238553833018307974868e-08,-4.80753765357383565244737070321496e-08,2.03253445745758017230487161728035e-05,-4.32421330020164374212953731981332e-07
1.64700000000000000000000000000000e+02,-3.12339999106781083514329329189822e-08,-3.10170789321537551932216581162887e-08,2.02809331846970518895778240904941e-05,5.75942375615743453211498806729897e-07
1.64799999999999999999999999999999e+02,-3.51761601541764452211283636728945e-08,-3.97979744633587420188054818287127e-08,2.02267289859763064885572953523249e-05,-5.21710027968779539350026093786291e-07
1.64900000000000000000000000000000e+02,-3.86472711485223360891997343313399e-08,-3.38535661059980232161911333369689e-08,2.01941132112664998240233532132236e-05,-2.20629214849903113291242717964925e-06
1.65000000000000000000000000000000e+02,-4.23433048297152363605067347582167e-08,-3.69500120837050259647647023097715e-08,2.01652118574045606039662111109332e-05,2.14430750930514887248204100066007e-07
1.65100000000000000000000000000000e+02,-4.55427224377064740563762474734047e-08,-3.43022705854920906840216784079872e-08,2.01105411245396402328081518515757e-05,1.44571881763037146720262962680787e-06
1.65200000000000000000000000000000e+02,-4.90335375949374204857240653432341e-08,-2.72101395120956316442810880167279e-08,2.00617734373730874559593308559957e-05,-1.13485710198715199161305174393114e-06
1.65299999999999999999999999999999e+02,-5.20385718750501244841934777622660e-08,-3.60200707379520955835673232657892e-08,2.00292731555723130083908892491772e-05,-1.57613278715594266906197897826228e-06
1.65400000000000000000000000000000e+02,-5.52212216812763322629644049634867e-08,-2.49966633438764059030636993392496e-08,1.99948082985568340820506803858638e-05,-4.66024519030237946013796546766611e-07
1.65500000000000000000000000000000e+02,-5.80008471272890151773559636386494e-08,-3.65242499855733811476517716927928e-08,1.99583143783878599789251413117273e-05,2.82160293634882039089251459878697e-07
1.65600000000000000000000000000000e+02,-6.09017891873134035846292651086042e-08,-1.72744946314116285805531338519166e-08,1.99063271528841247507226308802798e-05,9.13593626358717075697765327584114e-07
1.65700000000000000000000000000000e+02,-6.35409483204423605762769233914296e-08,-3.44217405469761508449635581745408e-08,1.98572683375818238469730889783185e-05,-1.22704544239050245949521809389501e-06
1.65800000000000000000000000000000e+02,-6.61089599334274257720693552699519e-08,-1.73156460650598763980556867619588e-08,1.98381155171240372524448916287131e-05,-2.12673036565672104369700370078509e-06
1.65900000000000000000000000000000e+02,-6.85390024114355756965051168231840e-08,-3.37025700731399047209225680624950e-08,1.98063996336389566987899050068692e-05,7.54086340649895125173610848054865e-07
1.65999999999999999999999999999999e+02,-7.07940309351826739265005886658347e-08,-1.25101603906627202523634697751605e-08,1.97487361337449258558462135297748e-05,7.29726608537807481478576704379820e-07
1.66100000000000000000000000000000e+02,-7.30943567824386530841933668262173e-08,-2.79367590119658674286733270668202e-08,1.97076164083902004218606891864807e-05,-1.03563480453673622894404325471045e-06
1.66200000000000000000000000000001e+02,-7.50331952652201730176615986517238e-08,-1.46678101271362474940807303391524e-08,1.96796990522331767763448412637745e-05,-6.60387504208129189919391609415366e-07
1.66299999999999999999999999999999e+02,-7.71134066469917031416777361837162e-08,-2.51013063096169845681989722828221e-08,1.96475205774209159519057747481900e-05,-7.25950058076492910924738876555205e-07
1.66399999999999999999999999999999e+02,-7.87543819268276617475773120493642e-08,-1.38007516377296037994844171878331e-08,1.96083896859074221626422521018394e-05,-1.89868389832754570413387948366913e-07
1.66500000000000000000000000000000e+02,-8.06637625072378801922421402604127e-08,-1.60618227934741631311633801015058e-08,1.95582542730534768968868515593233e-05,6.16896853817211557571385320485996e-07
1.66600000000000000000000000000001e+02,-8.20610297739997124865824954778640e-08,-1.66635238398357276198262283440218e-08,1.95233379285467235021668209032990e-05,-1.01609764277795673105839080365442e-06
1.66700000000000000000000000000001e+02,-8.36983182331162059641582033275648e-08,-1.29593411959243646503002225414358e-08,1.95047893582086859409237398232071e-05,-1.00504874775925786765872275076935e-06
1.66799999999999999999999999999999e+02,-8.48555661950819668178574398964531e-08,-1.71574679910507091561250973313274e-08,1.94606305917028943992264834375031e-05,5.75374412966732784788023339355402e-07
1.66900000000000000000000000000000e+02,-8.62580432920056376398046866136144e-08,-4.01759612649127310107759665211897e-09,1.94097170861702613831475409390011e-05,-5.43229007696544677823010198486367e-07
1.67000000000000000000000000000000e+02,-8.72522186418012287921434271322870e-08,-1.78783350504753045222961445376369e-08,1.93856365393086185809158054023264e-05,-9.56778843478504521462038946666031e-07
1.67100000000000000000000000000000e+02,-8.83410928603116950844565143823782e-08,-2.76255394080029057170418234185353e-09,1.93573088630286092813699910368802e-05,1.67707193765157117381002764543321e-07
1.67200000000000000000000000000001e+02,-8.91457400436782072337290548194513e-08,-1.74914208731916216848940117027849e-08,1.93160773101247882909139519864308e-05,-3.46376041710335709020907876407980e-07
1.67299999999999999999999999999999e+02,-8.99586014064151079956223103721723e-08,3.51036802950392722562498665419701e-09,1.92759368661201745499965343277036e-05,-2.19649225748139069659985525443207e-07
1.67400000000000000000000000000000e+02,-9.06482499041881134673643278828377e-08,-1.45099362642132591963516226200894e-08,1.92378913564766888473940204634705e-05,-3.56606981553172917755235547721515e-07
1.67500000000000000000000000000000e+02,-9.11506498727691521337838862832737e-08,2.39170746877543039382681995670454e-09,1.92160739302246959404192345732296e-05,-1.48700306651129920283975289144687e-06
1.67600000000000000000000000000001e+02,-9.16651336640477376901298335020121e-08,-1.28586840257752989671756658612601e-08,1.91881848459440583522668455595230e-05,2.98660300052065878624301487374152e-07
1.67700000000000000000000000000001e+02,-9.18919937781692701812752675482816e-08,5.36020570520151399496538825277086e-09,1.91334789026878496350658506098775e-05,1.17068094594984075681176359661116e-06
1.67800000000000000000000000000000e+02,-9.22988473346996969561910812644251e-08,-5.99146697432171619373586866868506e-09,1.90980680895475502681089746776334e-05,-1.42639326140483287556736676775434e-06
1.67900000000000000000000000000000e+02,-9.22638610517193324125242888047890e-08,1.69238883048952376110155896985196e-09,1.90833898275051264313253557950819e-05,-1.51067657631899400503636569726349e-06
1.68000000000000000000000000000001e+02,-9.24694684924941895412002981663910e-08,-2.65961516966507019659794008204881e-09,1.90492235385077885959522409141695e-05,1.91464728781715791354471923212927e-07
1.68100000000000000000000000000001e+02,-9.22118540425292479974549793243709e-08,1.59115038396671706989052239091205e-09,1.90066065540265287945461573637627e-05,4.84349151504305910777927140216397e-07
1.68200000000000000000000000000000e+02,-9.22640551497545409073761912758817e-08,5.94306389772692634693010661533286e-09,1.89687672018610977364497439632786e-05,3.34118360346825832064440004883085e-07
1.68299999999999999999999999999999e+02,-9.18389269215650438634046365002271e-08,-1.46320294584531226862973731378529e-09,1.89382375627047308493297222578533e-05,-1.37809714722836865439407145419385e-06
1.68400000000000000000000000000000e+02,-9.16425684845306985130609138993344e-08,7.98568445002350735117396214252704e-09,1.89198891201083042569153906103995e-05,-1.87111065505751576266697135948030e-06
1.68500000000000000000000000000000e+02,-9.10594453735515940359373384368317e-08,-1.91139025993003386719123359320635e-09,1.88854008004934677874106495252184e-05,1.16601182398538431905199624189548e-06
1.68600000000000000000000000000000e+02,-9.06650206968124824651500786133016e-08,1.54471277758307671955716805889383e-08,1.88350709071048757819610147516282e-05,1.10502110309565615915582283647103e-06
1.68700000000000000000000000000001e+02,-8.99963515999988452879174041726079e-08,-2.13026566901114175363825363567398e-09,1.88090242680081140369404493755981e-05,-1.76127987752551601282400068691485e-06
1.68799999999999999999999999999999e+02,-8.93331270429319736772856511907137e-08,1.48242707634501224417160635825090e-08,1.87900717489550158877865829032961e-05,-1.05016295670633549886874102073353e-06
1.68900000000000000000000000000000e+02,-8.85462373648618978187320877121920e-08,-1.45515789450347745310498105860189e-09,1.87530234333531165746843881104763e-05,1.95426851955245413642579751971522e-07
1.69000000000000000000000000000000e+02,-8.76710546097256168811440903900528e-08,1.93512385403042783291479755857764e-08,1.87177443079709021262386806514685e-05,1.30146765885031097570382047134663e-07
1.69100000000000000000000000000000e+02,-8.68396382806118914521095842194968e-08,2.09328611954173990088548199489585e-09,1.86839355859442025542511341333682e-05,1.13169942008587669634140446361478e-07
1.69200000000000000000000000000001e+02,-8.57240685010080506056610775590469e-08,1.61083585982875584423519862535324e-08,1.86539923206658730929173166477182e-05,-1.22444088416855095439117413604564e-06
1.69300000000000000000000000000000e+02,-8.47760239412410950374015431956489e-08,4.16481117182541874166599831471015e-09,1.86339006282601556239368324268017e-05,-7.45592405798956426888845501842869e-07
1.69400000000000000000000000000000e+02,-8.34731385323007646799035972480857e-08,1.69597175895283947747781739723066e-08,1.85958433024992688721672779054508e-05,1.07000282220653203275386079909162e-06
1.69500000000000000000000000000000e+02,-8.24736025551798148386151264714764e-08,1.15432006086501481951828784462890e-08,1.85544977663161275324049564001485e-05,-7.20302267898313540478292148782966e-07
1.69600000000000000000000000000000e+02,-8.10124567325740927632172394363530e-08,1.19246501571177046773974165531455e-08,1.85366271809610167735518237291491e-05,-1.42664369997239941554698915589320e-06
1.69700000000000000000000000000000e+02,-7.98523153871532043539403386234491e-08,1.38831701758073865665309430615283e-08,1.85098917393336139362489750044195e-05,6.92064850176115212333037822065055e-07
1.69799999999999999999999999999999e+02,-7.82734498589526132275407959282320e-08,1.12038865803399805120389651815367e-08,1.84699977784079525858349759244152e-05,2.41452292131108588134559756968243e-07
1.69899999999999999999999999999999e+02,-7.70148748286758834096232561553174e-08,2.14459744866703938066639744942429e-08,1.84392748272342540219182477711567e-05,-9.68905515221444860914864662791345e-07
1.70000000000000000000000000000000e+02,-7.53771485849624891987352081811096e-08,8.17289042630794956922040543668294e-09,1.84105554004433710413392407104681e-05,-7.27714084480285400632163710066609e-07
1.70100000000000000000000000000000e+02,-7.39247186941105733855274612946670e-08,2.16685887202585552413354766850594e-08,1.83872344824243025573350356682400e-05,-4.73735288046315025502434938820338e-07
1.70200000000000000000000000000001e+02,-7.22228155252024554074280796457209e-08,7.56504349344382552899583157357826e-09,1.83605720301599817072864431601352e-05,7.43384594816918329379212136831210e-07
1.70299999999999999999999999999999e+02,-7.06398917683575308191899954414408e-08,2.74951172226570866222415219064697e-08,1.83144171454799186985737084568916e-05,4.99249352672166500655130973988811e-07
1.70400000000000000000000000000000e+02,-6.89529094723392789902010457932262e-08,8.06813173087788636712977085090179e-09,1.82844141967565715617580361521553e-05,-2.05471082941877939401690269796513e-06
1.70500000000000000000000000000000e+02,-6.71775060798208573648985257099097e-08,2.47598335631976877479599093303364e-08,1.82752486803167081540356617115403e-05,-1.01233064391904684615207483899150e-06
1.70600000000000000000000000000001e+02,-6.54498039369856559492451357918407e-08,8.78409075008365775720389853424497e-09,1.82418809119505024681111807036166e-05,1.46010578228931382224857557138390e-06
1.70700000000000000000000000000001e+02,-6.35454808485983034969112984585003e-08,2.72784523267089993118366255116652e-08,1.81977961207848561484698265882596e-05,1.37304694412786661429277922473720e-07
1.70799999999999999999999999999999e+02,-6.18557884335342494213779232250308e-08,1.33369984470462028833513213288980e-08,1.81693234273013000595107146827176e-05,-1.01763611468528903262309500745930e-06
1.70900000000000000000000000000001e+02,-5.98136561010578242862369164229171e-08,2.20188758578624518689518213282891e-08,1.81473192594098397596079094516168e-05,-8.94929749419131101096327783728580e-07
1.71000000000000000000000000000000e+02,-5.80648201404880786762541541059850e-08,1.53554723825164283063161746619169e-08,1.81281358817229489435924416507334e-05,-7.08129031061959401424002759463345e-07
1.71100000000000000000000000000001e+02,-5.59384517192211341506338176417066e-08,2.11466188124738574749509836864417e-08,1.80926646357209428366619688705277e-05,1.06097543611866410021986045158449e-06
1.71200000000000000000000000000001e+02,-5.41952462723654554170176932141864e-08,2.25969155114640734555292398058472e-08,1.80454352108808359725241558052741e-05,4.06631855064262265391519948843653e-07
1.71299999999999999999999999999999e+02,-5.20331475557033761271566439046743e-08,1.58854876967303897518775668902023e-08,1.80282122747498522139159980224277e-05,-1.90744318208872129434813785855769e-06
1.71400000000000000000000000000000e+02,-5.01828099989273030704103255092835e-08,2.32972290215180921392284239986548e-08,1.80157305031630349990205900421587e-05,-4.87552165430025816098426060366470e-07
1.71500000000000000000000000000001e+02,-4.80019342662337103500760721138835e-08,1.46320338671636396602188360912310e-08,1.79740476995174451882736918811887e-05,6.44241072302504391597846002254560e-07
1.71600000000000000000000000000000e+02,-4.61124638913581278373266710498196e-08,2.95902343894212930457473745581550e-08,1.79364627498472675350455827026949e-05,-3.37991143841078517642818143025068e-07
1.71700000000000000000000000000000e+02,-4.39830646816736915245799835074500e-08,1.20476242093630014193852869160742e-08,1.79142918280984229549276944619611e-05,-1.54069084585835377641027319048887e-07
1.71800000000000000000000000000000e+02,-4.19684314057204846041268447710287e-08,2.79981107058287749402019816242278e-08,1.78910748423191892199203655618377e-05,-6.30580966545565693128922340968275e-07
1.71900000000000000000000000000000e+02,-3.98619106723854959234914977143398e-08,1.12332869517447884841870970228270e-08,1.78648055452212870658314651142920e-05,-7.67956518837851721009623317114458e-07
1.72000000000000000000000000000000e+02,-3.77819121221582032814632028722113e-08,3.17080088990644433200555535540957e-08,1.78267277269563632741697072260190e-05,6.16795226756526248738802951979282e-07
1.72100000000000000000000000000000e+02,-3.57794298790922121867127230900183e-08,1.27571397528324035701621773562640e-08,1.77931019326972389978345254373277e-05,-3.68832559251545760498619862978091e-07
1.72200000000000000000000000000001e+02,-3.35962783478219246886928928048861e-08,2.69949253546713749194057978011379e-08,1.77811024864029781624282183586318e-05,-1.20103991133195530510692863847925e-06
1.72300000000000000000000000000000e+02,-3.16201859566112435518199415810708e-08,1.35089991216715011883162978389022e-08,1.77527023785106584167378786383229e-05,5.81967285626411486844383153761048e-07
1.72400000000000000000000000000001e+02,-2.93893493932616219455575434666177e-08,2.71410576367354571043298033035639e-08,1.77070044828303420404729243827417e-05,9.47288582865210138837607242824897e-08
1.72500000000000000000000000000000e+02,-2.75098931990479851836065999246362e-08,1.87681318878088907259589037508062e-08,1.76844696774768102324926823980621e-05,-1.24925392739250081953389591573337e-06
1.72600000000000000000000000000000e+02,-2.52501090230848858949042387904878e-08,2.06116916915051441951007386833019e-08,1.76668218081971945555473925411928e-05,-3.32361492385510327582149141431946e-07
1.72700000000000000000000000000001e+02,-2.33589368411786065898384624915802e-08,2.01395465984071826781491230843829e-08,1.76355222839488074233875405332668e-05,-2.87041951849717152880997964852405e-08
1.72800000000000000000000000000000e+02,-2.11106425256392505412778698373125e-08,1.85855021100070928381780368226158e-08,1.76029125020511941730114263612682e-05,3.01018410808800314262011259799804e-07
1.72900000000000000000000000000000e+02,-1.92628790819210102854021279947410e-08,2.62740851774835899904327891047091e-08,1.75667461371661757100463480106817e-05,1.35335535055891908851725857171077e-07
1.73000000000000000000000000000000e+02,-1.70832576140458007218284424009067e-08,1.37585826064774430495038722158244e-08,1.75454139163245273978742623890975e-05,-1.92436717623432724409830717012760e-06
1.73100000000000000000000000000001e+02,-1.51819691616036902594509064524560e-08,2.54872521858576233146081929184056e-08,1.75323204023160807973174745564996e-05,-7.51928307079239945681942768797351e-07
1.73200000000000000000000000000000e+02,-1.30658359826092413233154716574850e-08,1.20359895605959433137825761026704e-08,1.74911821246213401338272562266701e-05,1.81847273623477128977030284870908e-06
1.73299999999999999999999999999999e+02,-1.11681573360653762381691175234848e-08,3.02196683101496292949646823685468e-08,1.74502522283682489847879841218049e-05,-7.62295655269968891558746219935973e-08
1.73400000000000000000000000000000e+02,-9.18627482402265801809099072411167e-09,1.01798210269588258680020035123527e-08,1.74344802769752530619364566536237e-05,-1.82208789303302865949375597173886e-06
1.73500000000000000000000000000000e+02,-7.22410225836722474380775681288326e-09,2.69762161591735818552930298659875e-08,1.74129408337112177076563657524403e-05,-7.27665408374951259646912086119464e-07
1.73600000000000000000000000000000e+02,-5.33420281462035493510480503486136e-09,9.80724389707279581908382101522527e-09,1.73818565357424729336102384344883e-05,2.24552067950178015857406375219008e-07
1.73700000000000000000000000000001e+02,-3.36010090047819753375420135079440e-09,2.83388048426058314936779126776438e-08,1.73480840629881464169501743258271e-05,9.49018402234000837563626867586673e-07
1.73800000000000000000000000000000e+02,-1.62492483616329319489045343585010e-09,1.24413122129464378361819747199246e-08,1.73126211284332831264183887660456e-05,-2.68961800041203854425854621092072e-07
1.73900000000000000000000000000001e+02,3.74449203166218107859935054542280e-10,2.21599327086642852273738799906527e-08,1.72949185912912199006850525367867e-05,-2.21045425019488403222947809382727e-06
1.74000000000000000000000000000000e+02,2.04123639108531273087560126810976e-09,1.35777809671866947035578108893068e-08,1.72770135001173456569410244209642e-05,-7.51016787911267054911075951232766e-08
1.74100000000000000000000000000001e+02,4.01515101446544906945110959549114e-09,2.06344539474722611535000666324424e-08,1.72342953128044276897500594982430e-05,1.41671016269161923672740154954838e-06
1.74200000000000000000000000000001e+02,5.56427106972098757887857407524355e-09,1.89378471989906246758722349809209e-08,1.72007151128670667356380835646896e-05,-8.61125251303311957098728982455172e-07
1.74300000000000000000000000000000e+02,7.48282899373818180198316336674455e-09,1.38984061002779154850970645904183e-08,1.71840040348824008447058647025432e-05,-9.88194998263808144901004185386340e-07
1.74400000000000000000000000000000e+02,9.01744539525832402464565535121133e-09,1.95624194432014724761267549624352e-08,1.71563078222108549509975619532499e-05,2.52767528472078476977774167870955e-08
1.74500000000000000000000000000000e+02,1.08496707972506855043100058112671e-08,1.17752408695807088639195158485054e-08,1.71261423348259074845375189323809e-05,-3.12767384375220241779005619908686e-07
1.74600000000000000000000000000000e+02,1.23235796677993739362674645154963e-08,2.44554657368542015373575383130994e-08,1.70942230943443659578989094858620e-05,1.01359335023667034613936960889520e-07
1.74700000000000000000000000000000e+02,1.40226347318041185404781284814964e-08,7.55258133212951262332486470524184e-09,1.70624855935416775653877937693616e-05,-5.85252538259053280414838342896916e-07
1.74799999999999999999999999999999e+02,1.55189153482289123310196245058833e-08,2.26658113293423299972868399501653e-08,1.70464519735750122521995295406006e-05,-8.49706863610595494355462379498930e-07
1.74900000000000000000000000000000e+02,1.70954896213188758520410753687704e-08,6.11807742196606479041030699323640e-09,1.70179961454389896049336368842089e-05,8.63898986534602280971640158414922e-07
1.75000000000000000000000000000000e+02,1.85642394325506827814531903830468e-08,2.57751723969282252826638758250130e-08,1.69737646973856633559181023133966e-05,-2.79821949726322010903095798543658e-07
1.75100000000000000000000000000000e+02,1.99626799367614639679677780602674e-08,5.41552618043099830817205393092808e-09,1.69529343778299010539381213759324e-05,-1.76669617307932253743509724589681e-06
1.75200000000000000000000000000001e+02,2.14593589960706945789411773956034e-08,2.07728706710215948320151991448540e-08,1.69362772513137319806787835216868e-05,2.48708295446068311797749729438845e-07
1.75300000000000000000000000000000e+02,2.27324357762349077759323542755389e-08,6.13826873143040992281747176073914e-09,1.69008795993911776849424965185988e-05,8.01751789108488298199658103871626e-07
1.75400000000000000000000000000000e+02,2.41959326156269103999250470987028e-08,2.03108049507125419970934926860392e-08,1.68664131534679373100735845151387e-05,-5.06460896420517952947497753617525e-07
1.75500000000000000000000000000000e+02,2.53038326769621793239595053954233e-08,9.54579922281400632663039386461698e-09,1.68366680327990517428764212917663e-05,-7.99073096356882192671322421225193e-07
1.75600000000000000000000000000001e+02,2.67405710449313271314673838829398e-08,1.31320220296603537943245944665543e-08,1.68159940461247134032481000042252e-05,-1.05511011841100514290103020171255e-06
1.75700000000000000000000000000000e+02,2.77752690480243965538140312096509e-08,1.08262973422333458070174060710680e-08,1.67984437212771281996241399218564e-05,1.08279032224899153894624581460109e-07
1.75799999999999999999999999999999e+02,2.91301328778081183013402983163671e-08,1.10047868678382215215741930808237e-08,1.67554402791146396565357390822860e-05,1.40375600086963009710414985997030e-06
1.75900000000000000000000000000000e+02,3.00521956122602092411732666858798e-08,1.57641356672781860809089809158305e-08,1.67145796293537466863017288711209e-05,-9.14616863243132791218252579566951e-07
1.76000000000000000000000000000000e+02,3.13021643079444406484623136693206e-08,4.51462091502888393546067732550705e-09,1.67053280170251625821670881750058e-05,-1.96303894664853266772219373109444e-06
1.76100000000000000000000000000000e+02,3.22135285871051889619396591810867e-08,1.53695463086460999502360934940728e-08,1.66848449214281522647669055180599e-05,3.54257981151218772311135413169754e-07
1.76200000000000000000000000000001e+02,3.33336695649188914836340434779295e-08,2.85921282186637762282213045781084e-09,1.66431335783041167328583627027392e-05,5.92888767593545508791755382953588e-07
1.76299999999999999999999999999999e+02,3.41823217953017007559817030269153e-08,1.92839553941298851606508133270998e-08,1.66091734309340987769895160783761e-05,-8.35064057892385928036575822392105e-08
1.76400000000000000000000000000001e+02,3.51384883212323533014480261528147e-08,-6.92952039281129896210394694204363e-10,1.65831733603510657346297903999604e-05,-4.98049485094203425578161811444613e-07
1.76500000000000000000000000000000e+02,3.60095428487418613061100647975065e-08,1.62211637167023492966826955167349e-08,1.65660524801868573676891650331434e-05,-1.54531682338519110698275627147580e-06
1.76600000000000000000000000000000e+02,3.68195843378779729112146901233201e-08,-1.12792682112039276024587540544369e-09,1.65410350303024301711863656068834e-05,7.33710547545844341365383124147882e-08
1.76700000000000000000000000000001e+02,3.76533349499011281680435215750104e-08,1.77425751343083007036565173552658e-08,1.64943586780509208292876944008316e-05,1.26151737437484035999387839541644e-06
1.76800000000000000000000000000000e+02,3.82757731876269686236901117254550e-08,-2.05235695509302675397110180667847e-10,1.64662302334295081959941232181430e-05,-1.00875378183492505306148758703523e-06
1.76900000000000000000000000000001e+02,3.91206524364920347960872934963898e-08,1.10497755842042972379503431813952e-08,1.64557846218492580794411720312788e-05,-1.06389431306702383383822397937740e-06
1.77000000000000000000000000000000e+02,3.96311445636359382254571903365405e-08,1.44492127204294545956967654535439e-09,1.64223188014514005264419926498031e-05,2.39833407272259986662228929380206e-07
1.77100000000000000000000000000001e+02,4.04118801016138018770223192534980e-08,9.83593906829187784826259926397966e-09,1.63837822027811183961825645978252e-05,-2.88840534928118083966840537538680e-07
1.77200000000000000000000000000000e+02,4.07749201968632590874108524497002e-08,5.49250277676583812628886264741095e-09,1.63591042753169006764026044695936e-05,-1.12941081695603300317713262622710e-07
1.77299999999999999999999999999999e+02,4.14998559710159219125813502799481e-08,2.43974385606194083322500424236334e-09,1.63343992323947680480047345127866e-05,-2.80513650193085914786159758841980e-07
1.77400000000000000000000000000001e+02,4.18202412291375032721442466434757e-08,6.49497951327929903868909453867288e-09,1.63097340574172475999470331777780e-05,-8.44371053353374059332541077896240e-07
1.77500000000000000000000000000000e+02,4.24372342897370070538259363269587e-08,6.39549627228048885526884660856299e-10,1.62766838211387511763180556869856e-05,4.37406360429522873374316416073433e-07
1.77600000000000000000000000000000e+02,4.26672669118489888137674426283195e-08,1.12611665997184314941278347542279e-08,1.62385113035585917143073432114061e-05,-1.02085887324636308086426323580735e-07
1.77700000000000000000000000000000e+02,4.31560703779118025374627630406486e-08,-4.94550509651911248795305886774890e-09,1.62221856837167547130286399658141e-05,-1.62860474202346123736459426857326e-06
1.77799999999999999999999999999999e+02,4.34042643938513182546640421803661e-08,9.85037997740078889314492191341874e-09,1.62024575534458936476828427671232e-05,2.73385709606059283310588849878780e-07
1.77900000000000000000000000000000e+02,4.37562333685672968420119625221927e-08,-5.75459821657207989880712769517622e-09,1.61580683597044701616296686387755e-05,9.78537103573911989568404084207357e-07
1.78000000000000000000000000000000e+02,4.39583520507041689421198258009710e-08,1.31856278089530584294523986338011e-08,1.61271166632955395790635425077748e-05,-9.81371970767075751725117663087759e-07
1.78100000000000000000000000000000e+02,4.41382726000189775670398071439831e-08,-7.72082567572091255764391542283211e-09,1.61090767914885766159902325978818e-05,-1.08741450398130891614618643867364e-06
1.78200000000000000000000000000000e+02,4.43794562789859024112623225309802e-08,8.61906361485491910986225012216998e-09,1.60829250757955647334389869763568e-05,-4.53347888102127802960238093156197e-07
1.78300000000000000000000000000000e+02,4.44306106424704691196491462269979e-08,-6.72295776067894869863260342057088e-09,1.60547417758677355163714770273343e-05,4.36454948067088707590567629937605e-07
1.78400000000000000000000000000000e+02,4.46378044474455756635321623638774e-08,8.87733192177288017251598360911023e-09,1.60162042083642215890936680562101e-05,1.02909935718248128789590159912742e-06
1.78499999999999999999999999999999e+02,4.45226161379675599848572992035213e-08,-3.92265358628975057150863710261174e-09,1.59838955876080261747069364578669e-05,-1.48652362234876587072584868326196e-06
1.78600000000000000000000000000000e+02,4.47296413360315153582983771744330e-08,1.39499164014104575383847809627573e-09,1.59738749544264211122580420268091e-05,-2.01465280516989460395662406034604e-06
1.78700000000000000000000000000001e+02,4.45495590126060522970614895364554e-08,-2.07317422184211933161951646259749e-09,1.59462364037759430144496999241741e-05,1.14963349930697702497767723121418e-06
1.78799999999999999999999999999999e+02,4.46852234321070868479893155797460e-08,1.57189205566712151892749610865536e-10,1.59017267099830224903474582194735e-05,1.02006714579268244752303359485896e-06
1.78900000000000000000000000000001e+02,4.43951908670385040277177383692675e-08,2.51697411282975712474144599026423e-09,1.58750180199862901977864316661672e-05,-1.14049065646201417277364243081245e-06
1.79000000000000000000000000000000e+02,4.44596526713381089116617763868560e-08,-6.72200092822934377124463443533219e-09,1.58543582799149146017918126885755e-05,-1.07228799879297243977254641677463e-06
1.79100000000000000000000000000001e+02,4.41742913542363145810566532896617e-08,2.91811096674089604780705388268449e-09,1.58297390079975762924475975159347e-05,-5.57342558380136410050067633487014e-07
1.79200000000000000000000000000001e+02,4.41332709045399930634375184177896e-08,-8.06496867038495496623151124373280e-09,1.58012034311382069420718343968552e-05,5.19414628842938575540845442958170e-07
1.79299999999999999999999999999999e+02,4.37974212570518622137479515662650e-08,7.40847388351676049326313655577451e-09,1.57610674036074088155712104526516e-05,6.93648330686804947907334491148276e-07
1.79400000000000000000000000000000e+02,4.36217167687475535701853414288765e-08,-1.21813764662388314919898009325557e-08,1.57341894848087089772532171274735e-05,-1.50225589532266834729293115106109e-06
1.79500000000000000000000000000000e+02,4.33391119146841244670485504281697e-08,4.85216852698202090429661536620023e-09,1.57223933130163020911049799072222e-05,-9.59217861360132232913027481421046e-07
1.79600000000000000000000000000000e+02,4.30459728531020561003542959895420e-08,-1.20639855090487237979391227642079e-08,1.56880093035271279706127666051844e-05,9.78742624147917914909608372717123e-07
1.79700000000000000000000000000001e+02,4.27496025535268979634696682420277e-08,7.14560651413478608140639270727536e-09,1.56483744881729579652736476080721e-05,-4.66025247684414001024864820024213e-07
1.79799999999999999999999999999999e+02,4.22991695365687704542306393007930e-08,-1.18518516257601851728955403129711e-08,1.56282257303624464098921088540279e-05,-8.73420531768893682980790803647938e-07
1.79900000000000000000000000000001e+02,4.20543798586142015058224688525509e-08,1.18731215140056771748410750979112e-09,1.56044765204807966806945709722530e-05,2.18068116107628277486821154678969e-07
1.80000000000000000000000000000000e+02,4.15192307647578031299762529503229e-08,-9.70566881639626944965667134553113e-09,1.55754843829564577663115269339311e-05,-3.74179338888980801066847516370207e-07
1.80100000000000000000000000000001e+02,4.12515789794332082136811302494976e-08,5.06234204022166620584190929050074e-10,1.55443505485203567057554518953674e-05,-1.89447174160279072391230735887338e-07
1.80200000000000000000000000000001e+02,4.05977971256815584795816982555849e-08,-5.65757745132422329028815370666627e-09,1.55098423283359295605923294151893e-05,-3.80169081711819123559879632506032e-07
1.80300000000000000000000000000000e+02,4.03202008991725412247582678175579e-08,-6.66395988587952154056316341519721e-09,1.54934382720195749199825794209072e-05,-1.04686401126756817280229365300600e-06
1.80400000000000000000000000000000e+02,3.96563196223294698893502700174891e-08,-4.01391987527939558507278086577407e-09,1.54727571782989889653314028247589e-05,6.76614348257269250069761291470374e-07
1.80500000000000000000000000000001e+02,3.93173848532875697094962551601462e-08,-7.75639838116860338180894259833189e-09,1.54270638404353327979857564584815e-05,5.57812520798662183174925890112145e-07
1.80600000000000000000000000000001e+02,3.85962988093510262812269405525745e-08,8.95958567636672149093997220072735e-10,1.53977979725967287345777361030905e-05,-1.69050806857614877279993940626648e-06
1.80700000000000000000000000000000e+02,3.81822208742903880388454757160819e-08,-1.35515962962962789361297692461706e-08,1.53865565045880359809029028019040e-05,-7.75193388396604489736339096420872e-07
1.80799999999999999999999999999999e+02,3.75135163499579372589574979545873e-08,8.06257038213510323857094273824959e-10,1.53588106415841065962649411458089e-05,6.59041452453430829379465943128504e-07
1.80900000000000000000000000000000e+02,3.70080819288508250099301630826557e-08,-1.40897282806691979688888490638439e-08,1.53230480486657399218075363442266e-05,1.95212272017013800418961391204360e-07
1.80999999999999999999999999999999e+02,3.63400585966211813201533666398762e-08,4.56649272738396713843352494208835e-09,1.52892413920787542626864581948007e-05,-1.38500262656560421846463669856424e-07
1.81100000000000000000000000000001e+02,3.57115227761406279865951869141286e-08,-1.61535259887814642141106984160305e-08,1.52651284259375852664161898987800e-05,-1.23657734075815924795995547926947e-06
1.81200000000000000000000000000001e+02,3.51261805084405251068164569673225e-08,1.02796186842103741622197152970554e-09,1.52542741439969518328060989099260e-05,-1.17824870214347424070743247786576e-06
1.81299999999999999999999999999999e+02,3.44113184896367718808671184514844e-08,-1.46297979294663026786811629146283e-08,1.52218751306610905286560174883772e-05,1.29934392068606410323038826471787e-06
1.81399999999999999999999999999999e+02,3.38435241127045212412028471932322e-08,2.05425091174170596942287659813320e-09,1.51744503162940873583692668964088e-05,6.29589931330249122167306759076117e-07
1.81500000000000000000000000000001e+02,3.30118326277385157444526149242231e-08,-1.23209249088250694761474635861278e-08,1.51565691053839716088702886133740e-05,-1.71040505571058007374642033680280e-06
1.81600000000000000000000000000000e+02,3.24998707488309089225572722701569e-08,-4.48701929140197872608979091260442e-09,1.51438697923128919680738899328024e-05,-7.40108242881004960232302178099371e-07
1.81700000000000000000000000000001e+02,3.16357653437325315207859739268077e-08,-9.35222471392256025521271128978579e-09,1.51101970338927257074097249518722e-05,1.48681720284597669892762778688825e-07
1.81800000000000000000000000000000e+02,3.11092539117618643248270563822046e-08,-5.39720948938598466481567341638478e-09,1.50768832312897136979373972201362e-05,2.57981934037079149651178945804678e-07
1.81900000000000000000000000000000e+02,3.01866548379908458315046751564892e-08,-4.84236772501131515607180115472952e-09,1.50468812751044571919650822024843e-05,3.55945981711272234464727609131521e-07
1.82000000000000000000000000000000e+02,2.96487057603778442478678962955563e-08,-1.17315880823094804194491073928526e-08,1.50260888846971248385100243238796e-05,-1.37737537547307359947492975309771e-06
1.82100000000000000000000000000000e+02,2.87655749551667608970979815840645e-08,-3.26722838587560498286828327310695e-09,1.50094670397035565352656235327212e-05,-9.30446077669070858949651898953795e-07
1.82200000000000000000000000000000e+02,2.81753057640026237527969521010034e-08,-1.25097420529430565590295354105539e-08,1.49712151560675482229782881129590e-05,1.13286944242141071556690546302746e-06
1.82299999999999999999999999999999e+02,2.72914236800891580943587551346812e-08,1.47894785197883602212014291205589e-09,1.49364580618713650218429467490119e-05,-2.94179780756670145788243145383317e-07
1.82400000000000000000000000000000e+02,2.66316541375196497558201651582971e-08,-1.70129899322033338624001732293856e-08,1.49243157874454690013052672375371e-05,-1.14198008996888776222809164314073e-06
1.82500000000000000000000000000000e+02,2.58434396146016586361356081552432e-08,5.87993912887829911033480865828335e-10,1.48990205055418152521375469724797e-05,2.19099668444948891785424190520894e-07
1.82600000000000000000000000000000e+02,2.51058333838181463905498732914602e-08,-1.62001864091259323053264057130869e-08,1.48627501245809080420671172691505e-05,-1.32166212099998239904160511236547e-07
1.82700000000000000000000000000001e+02,2.43590334131901005454434341491424e-08,3.03081623051068960863834348498637e-09,1.48376722716074541205262382560361e-05,-4.29068423706170481954171152523888e-07
1.82799999999999999999999999999999e+02,2.35257394738927192493571022432060e-08,-1.63699830014738820513008791348950e-08,1.48138421029059027521781119171300e-05,-3.06323316108490549157689679348815e-07
1.82900000000000000000000000000001e+02,2.28816540457265326640542375329986e-08,-1.63659247825729230104181175576925e-09,1.47918896123562385081566652715661e-05,-7.36397909924158860303916945113373e-07
1.83000000000000000000000000000000e+02,2.19978463650877559846696991223166e-08,-1.34534368889016099447615066912305e-08,1.47662086132486320338131796023168e-05,5.30182057022800811508972865856240e-07
1.83100000000000000000000000000000e+02,2.13832680575675444818758154351724e-08,-1.66490453676043858803403055144199e-09,1.47270402395454507427369489956253e-05,4.70106097947762904982373841582561e-07
1.83200000000000000000000000000001e+02,2.04339594844395079133838338568403e-08,-9.99407257120279400125091305537085e-09,1.47049316196850816153329587765140e-05,-1.91197754613208248014041482088709e-06
1.83299999999999999999999999999999e+02,1.98750159739811841764368316157912e-08,-8.37630619643084252711943951594089e-09,1.46949351386609435191367251923340e-05,-7.04035514634026584337866041629661e-07
1.83400000000000000000000000000001e+02,1.89444851660581825231266865966567e-08,-6.83675699069874523966942700717571e-09,1.46604074029078009196326399277512e-05,1.42285291002052513957483046432618e-06
1.83500000000000000000000000000000e+02,1.83691429390738947929703155805356e-08,-8.97995903242021418811207845844071e-09,1.46245839162928315202984358609519e-05,-1.57872250524627804295135608861242e-10
1.83600000000000000000000000000001e+02,1.74318412033678138053345755743670e-08,-2.35413076602348678489598687082801e-09,1.46032430498704618975434412018878e-05,-1.09246689957036272484178669191100e-06
1.83700000000000000000000000000001e+02,1.68479557551122175721469892194909e-08,-1.47333599043825172522900933104115e-08,1.45819319313918612696470575167643e-05,-1.07437157915229550785075711107452e-06
1.83799999999999999999999999999999e+02,1.59963874918655826636988311243846e-08,-1.02115979506515822168281369893169e-09,1.45635579497547330573284847251620e-05,-2.65306526333405238741371351379458e-07
1.83900000000000000000000000000001e+02,1.53603749380692083661309738037304e-08,-1.47386708889990617466943221706118e-08,1.45317704017030814315510856981834e-05,1.45733931620879158507613089586599e-06
1.84000000000000000000000000000000e+02,1.45518837291926455251597839671966e-08,3.06988423293385287584668314983156e-09,1.44915973000900354242388948293572e-05,-1.06719109315402843622686888651305e-07
1.84100000000000000000000000000000e+02,1.38538154580393509247281958004388e-08,-1.76365294789099820901559571338260e-08,1.44781934979348879495060079130847e-05,-2.28278746527530958783534485738803e-06
1.84200000000000000000000000000000e+02,1.31760364687933182335837114376628e-08,7.59007897130739214084997554961562e-10,1.44654559334365195463403253322114e-05,-1.35678382834342682251685692605320e-07
1.84300000000000000000000000000000e+02,1.24182878792930667114159141557908e-08,-1.50442741810304971839632799184968e-08,1.44288146387084934012156334552752e-05,1.08832891720534804704664727747818e-06
1.84400000000000000000000000000000e+02,1.17971068618181903016874357010713e-08,2.09156128919555815780161573569931e-09,1.43972276634061504612516849601811e-05,-3.28808288986783211821147099189053e-07
1.84500000000000000000000000000000e+02,1.09751652603389651554400471068238e-08,-1.35948828545144043331358846644652e-08,1.43756613912433564780942881948537e-05,-5.76699914843503193640205922815467e-07
1.84600000000000000000000000000000e+02,1.04642522104891080518241165788703e-08,-3.52257160337136437552927935456155e-09,1.43557883749178206032521431547751e-05,-7.50032937859418283774689602951641e-07
1.84700000000000000000000000000000e+02,9.63360357598564764920757976942439e-09,-9.70321552803863969445107144569244e-09,1.43363133270897707512505198929591e-05,-3.79809092090754983949369502632760e-07
1.84800000000000000000000000000000e+02,9.14560274212470135324922387869554e-09,-3.75223414732538465182818711617092e-09,1.43015366524436039290698174845272e-05,8.06457964401055380787958941616319e-07
1.84900000000000000000000000000001e+02,8.29197610295652349688390841394545e-09,-5.56340683438915373594510010503913e-09,1.42695466059899467344128418470797e-05,-5.65795521365031946822075001812191e-07
1.85000000000000000000000000000000e+02,7.85274606645290582112982281721177e-09,-1.02895778360840826662224691488577e-08,1.42605730243607728830515088290003e-05,-1.11616953059676185950615891628804e-06
1.85100000000000000000000000000000e+02,7.06607415881371214232761035370499e-09,-2.64596302563670514374998478195619e-09,1.42374973732027319726667706309247e-05,6.76865958177969209153484577810981e-07
1.85200000000000000000000000000001e+02,6.60260989950116331249295185670976e-09,-1.02545075384170164722182554969291e-08,1.41986339064146232992986945478516e-05,-2.10914863351043875727240088041250e-07
1.85300000000000000000000000000000e+02,5.84412041321888534606032201216829e-09,1.89932406588208470510749743462899e-09,1.41779046377830135425324583325577e-05,-1.07029916341893812586444414985641e-06
1.85400000000000000000000000000001e+02,5.36561096925285595913281081020459e-09,-1.52754277977939893145793845870024e-08,1.41607920980779003959250348873153e-05,1.58648464590460554692893902585494e-07
1.85500000000000000000000000000000e+02,4.73392151163836034662745763854302e-09,2.29555168242872486744185789967457e-09,1.41366119546735541403203298255853e-05,-6.18495423314844542013035396602582e-08
1.85600000000000000000000000000001e+02,4.20250365295149361286781720312600e-09,-1.39782532646121053952030695027971e-08,1.41093480883152214984777326528109e-05,-4.86057505746632450029380615332814e-08
1.85700000000000000000000000000000e+02,3.63699477701439358155338626014232e-09,5.30539198955423839912857146808228e-09,1.40757045745797876129581638960811e-05,-1.03905783208212779895566261318171e-07
1.85799999999999999999999999999999e+02,3.04696789705268864266889638461197e-09,-1.49197950235175824417084913403547e-08,1.40593352101949998023966191245978e-05,-1.44927977833328324572734932768325e-06
1.85900000000000000000000000000000e+02,2.62640682202668658902548500756927e-09,1.23399518392466739882243365065058e-09,1.40502330944232974659654158516585e-05,-6.99334663553394280820330815326978e-08
1.86000000000000000000000000000000e+02,2.00458584317601231502528394307782e-09,-1.11191343897375817862471900742469e-08,1.40121449557584401203848949333055e-05,1.37927760389013903841713382164294e-06
1.86100000000000000000000000000000e+02,1.63465315603639760650626295294580e-09,1.85332875753201667330822012752128e-09,1.39764734040715094619308807557719e-05,-6.51123183112742820219382266697143e-07
1.86200000000000000000000000000001e+02,9.72926426282352073254858686145871e-10,-8.49994506967438753193186705858079e-09,1.39664118567159701930077409039938e-05,-1.42037173184902850319033911536966e-06
1.86299999999999999999999999999999e+02,7.01507303489521845594615666594362e-10,-4.46383013053361713522509957898787e-09,1.39501348454503679404060281195152e-05,-2.18295118223591712656537795221528e-07
1.86400000000000000000000000000001e+02,7.23960737714456769492666537985038e-11,-4.55185491148554205184144736582017e-09,1.39220447476652503455859872801442e-05,2.39468238940680357888029543620777e-07
1.86500000000000000000000000000000e+02,-1.90822249907614670478289479234468e-10,-4.70353567474278913238529357992990e-09,1.38904718594523005865969347516683e-05,7.47416023187877592050997526668961e-07
1.86600000000000000000000000000001e+02,-8.14440064373022525640235020529232e-10,-7.73326971452205079025416068250192e-11,1.38618627013808232225493323882235e-05,-3.93849855438889423440054934298276e-07
1.86700000000000000000000000000001e+02,-1.05036643149675967007994895685636e-09,-1.08941350466044836280166516029518e-08,1.38533062267513286197650279564695e-05,-2.00995319114701141941145597507967e-06
1.86800000000000000000000000000000e+02,-1.56968132163913562206963396075555e-09,2.00186117227326773011650517324536e-09,1.38373031112872503420919357572749e-05,1.60860366287351699700553908252956e-07
1.86900000000000000000000000000000e+02,-1.83973726153360940972385736428374e-09,-1.03850746897673518629233739644019e-08,1.37955730360929171768281118514489e-05,1.41870885476878705475688335060929e-06
1.87000000000000000000000000000000e+02,-2.30748436925037230883453096760032e-09,6.19493126004348581714735191771951e-09,1.37704395374833247509435233435567e-05,-7.20822228948534891392950105659469e-07
1.87100000000000000000000000000000e+02,-2.61257509911452020044349611465650e-09,-1.40717366774846462371696259561207e-08,1.37607642430535490837657543193433e-05,-9.53521808696728790595100523436043e-07
1.87200000000000000000000000000000e+02,-2.93147657593095130514509265600269e-09,4.85235036926746188495123472087650e-09,1.37371153434158924877002969436086e-05,-3.10490227786743537395103142431186e-07
1.87299999999999999999999999999999e+02,-3.28506141394199876595853704198644e-09,-1.13990444148812926687184200772154e-08,1.37111585394294452526924514742109e-05,-1.21630919498445393404059711322573e-07
1.87400000000000000000000000000000e+02,-3.53347593553321523239421436558749e-09,6.48874403996676445364867807393261e-09,1.36841255373478944637572017703439e-05,6.79203141646488150693670805652722e-07
1.87500000000000000000000000000000e+02,-3.94122289320045901821019038535285e-09,-1.04426756456605284483198813776285e-08,1.36603255375643113495657979501717e-05,-6.17612488597140563497429662518387e-07
1.87600000000000000000000000000000e+02,-4.05909032088192907053347336144309e-09,1.19380558271091088917522795119085e-09,1.36492002149460991909203881565424e-05,-1.20496214184502156184628622436798e-06
1.87700000000000000000000000000001e+02,-4.46946173760576322166603844447413e-09,-6.25494371691523085628189410541585e-09,1.36233139303666840416899226076171e-05,7.91365898495892324749195190361162e-07
1.87800000000000000000000000000000e+02,-4.55148984082372942224096508377337e-09,1.39182173457199972979897548325747e-09,1.35885924933274929876549265885350e-05,3.51195222125836461238399489139975e-08
1.87900000000000000000000000000001e+02,-4.98284600683636341104806317350474e-09,-2.72971875515722368033731969587233e-09,1.35751466745370026294575417242333e-05,-1.34353729989474661927126772798042e-06
1.88000000000000000000000000000000e+02,-4.99563529770814410825041110595855e-09,-5.06251256866188892414838715310970e-09,1.35598195463380630141281453553071e-05,1.67041780662421397886281737450533e-07
1.88100000000000000000000000000001e+02,-5.36389700888926553814600215457005e-09,9.32549940675532596089756228478661e-10,1.35294297214233680994628779764934e-05,4.51682918371262846613744181133090e-07
1.88200000000000000000000000000000e+02,-5.38746952733542832963639328677511e-09,-5.24303395909186990735147526676153e-09,1.35051060557625329743100111269751e-05,-3.83302995659499358391544565079256e-07
1.88299999999999999999999999999999e+02,-5.72625796090665913861638586659697e-09,5.43728325009824290517414098431190e-09,1.34833449395176787757998648081780e-05,-5.44095980227229816614917349382103e-07
1.88400000000000000000000000000001e+02,-5.75491992368418234906849408250127e-09,-1.04983595275284008439171166870450e-08,1.34659603118119966328757468832211e-05,-1.01131318527496064198490333797521e-06
1.88500000000000000000000000000000e+02,-5.96932353190475480252880958011670e-09,6.45204933102379179864799447331343e-09,1.34512518195495042889148828579057e-05,3.42104916292246729401538411311619e-07
1.88600000000000000000000000000000e+02,-6.04508860656636627082001862688731e-09,-9.24210209347563938558960209459455e-09,1.34166709422084692909577105082073e-05,1.36899069598342435880070446824305e-06
1.88700000000000000000000000000001e+02,-6.19251318772866976256257724884926e-09,9.57618012186743649614390344200931e-09,1.33872134679810592287520496154410e-05,-1.30138457858911368937224491523539e-06
1.88799999999999999999999999999999e+02,-6.32171395297082595300422987975777e-09,-1.09829630134485681197501419733566e-08,1.33826076182849992357525918362509e-05,-1.76915277112431321638892347847707e-06
1.88900000000000000000000000000001e+02,-6.32498026810449188415360219169600e-09,6.45556697185227962893471255409466e-09,1.33638469535644000562497331745547e-05,8.04373773647227560564001151037178e-07
1.89000000000000000000000000000000e+02,-6.49538030314316977867404489917560e-09,-7.14026831787130709770505154896431e-09,1.33311587358274721289302807505623e-05,7.51056816717126259769871201483453e-07
1.89100000000000000000000000000000e+02,-6.43996900283697453086331321842083e-09,6.83172927529070213242144412066505e-09,1.33065851854378321427879321340151e-05,-2.90076603231262957349043735962497e-07
1.89200000000000000000000000000001e+02,-6.65279581267931385875189320451320e-09,-5.01739915638353602650367669268442e-09,1.32857471350214341532491525312054e-05,-9.29668962298214040445311458203614e-07
1.89300000000000000000000000000000e+02,-6.49930654048941665411316535548216e-09,1.03851963628862307587193919777304e-09,1.32754537613925652343078010749089e-05,-1.22746205400592411082680518028818e-06
1.89400000000000000000000000000000e+02,-6.69579159418087818396388498629483e-09,-8.78943805202635075843206275807200e-10,1.32572570376745164420554331359973e-05,7.69017307698508673549162381258886e-07
1.89500000000000000000000000000000e+02,-6.52909666655562087088790728097097e-09,7.19350648719330930120030780978128e-10,1.32176753439197365906241428662683e-05,1.06467948789713568978636471586625e-06
1.89600000000000000000000000000000e+02,-6.72743972732527398019299822989711e-09,3.01055154891424455840024904641415e-09,1.31967900748926612138949031504440e-05,-1.39851298405646460080966512993892e-06
1.89700000000000000000000000000000e+02,-6.52865138842348097148632621626624e-09,-5.66809637693367020365454490628440e-09,1.31924662389146207902339187367477e-05,-9.16696480061696559508761667034355e-07
1.89799999999999999999999999999999e+02,-6.64590968131719991479972279287836e-09,6.09409362432080611593028278612991e-09,1.31679241770246437151385351542066e-05,5.28723833472975050638041306774997e-07
1.89900000000000000000000000000001e+02,-6.48628329774074425549898611485786e-09,-5.63127941181058485555002068852328e-09,1.31381203284270336563772558636591e-05,-1.73804296023295809846137186386846e-07
1.90000000000000000000000000000000e+02,-6.55431469386122606499837022224109e-09,9.72043585877301620482271813612483e-09,1.31170750150018254546260091792744e-05,-9.03945481003481577867315078048313e-08
1.90100000000000000000000000000000e+02,-6.43002504625085952364864091050815e-09,-9.69531651011525489269843030751209e-09,1.30990752564064410782684897422428e-05,-2.58180185537475627504587518407755e-07
1.90200000000000000000000000000000e+02,-6.36966425719200932633193556645341e-09,9.23908637877452885281834569278396e-09,1.30857458693443245239071042542262e-05,-8.06012580296950950655997185597386e-07
1.90300000000000000000000000000000e+02,-6.30877977533629068047519636733612e-09,-7.34919762449726307380698765270248e-09,1.30600969160755459211753901556811e-05,4.17180070075474103291132391984811e-07
1.90400000000000000000000000000000e+02,-6.18217951091135982388535285213226e-09,1.06577746864703729147245230685886e-08,1.30274212504840330601854082901723e-05,-7.30703961897331574741498919585039e-08
1.90500000000000000000000000000000e+02,-6.17952766536187093031299359223620e-09,-7.47864022016149185911509201769104e-09,1.30185878544286683063328273682190e-05,-1.18885856915564935740197192110810e-06
1.90600000000000000000000000000000e+02,-5.93169669416143602458360671226046e-09,6.09391349698207317918856323666928e-09,1.30062823333082556521035329808470e-05,5.22091060590039047807439801139911e-07
1.90700000000000000000000000000000e+02,-5.96246403491549162417635646428021e-09,-2.94715429000915604415089729402943e-09,1.29710362824301137196068414605969e-05,4.20303119003704070261853073063746e-07
1.90800000000000000000000000000000e+02,-5.68359218207062354074822904655779e-09,5.68915274861247178149026742883051e-09,1.29483613953540696034078454724921e-05,-1.08405773952686751791446493125449e-06
1.90900000000000000000000000000000e+02,-5.74146361543161647413979263723293e-09,-4.39154814867434481256320509859467e-10,1.29365392349455925498450106366974e-05,-3.96780130189089896473008595659439e-07
1.91000000000000000000000000000000e+02,-5.39812530569957771860644241181633e-09,-3.97189643182255536772743657551512e-10,1.29191252803834326389283404911232e-05,-1.49542864131277761071966304044336e-07
1.91100000000000000000000000000000e+02,-5.42724712756497177528447554100930e-09,3.72339531252789171857253990510903e-09,1.28978457584038967819019839884756e-05,2.46534422612199162170952817071241e-07
1.91200000000000000000000000000001e+02,-5.10449350038236258327889030661555e-09,-9.90686205724559133235277112247078e-10,1.28658126391023948244211216608398e-05,6.71815322153274897830598842564466e-07
1.91299999999999999999999999999999e+02,-5.11702168206126705440692314614180e-09,7.54282515581275578779499741118735e-09,1.28450345594794740550490411955441e-05,-1.36002466215666670331005420712222e-06
1.91400000000000000000000000000001e+02,-4.79823120300383924656280113537622e-09,-6.94191593652057502862840235360567e-09,1.28438513757322298683438714066040e-05,-1.34497671669300833038854120887390e-06
1.91500000000000000000000000000000e+02,-4.71485086303321798510530173942082e-09,9.63759193422532850506418351137216e-09,1.28200319657699989067517454968884e-05,1.24002980162839342011920267058290e-06
1.91600000000000000000000000000001e+02,-4.46778872953783930454098534607556e-09,-5.83945447508387190302663111729857e-09,1.27824968641654900734702192733409e-05,6.83577648551009886998264077995443e-07
1.91700000000000000000000000000001e+02,-4.32861053839813523647474540025298e-09,1.19662802610385787240506506508029e-08,1.27671818538680320922360030732022e-05,-1.01935594414317023984193971676425e-06
1.91799999999999999999999999999999e+02,-4.13581357642181016930903747120463e-09,-8.48245333032411535312287093588608e-09,1.27565569787244636368597038347682e-05,-9.10730644083205124591068176799774e-07
1.91900000000000000000000000000000e+02,-3.87316156632990766377334844770519e-09,9.85449250080201183993837762096788e-09,1.27381201727568067361810747537063e-05,-4.77143489082026357972917787783271e-07
1.92000000000000000000000000000000e+02,-3.75272067392518889661818909417534e-09,-4.76120786769007016186219610928166e-09,1.27145005092384804499124470851370e-05,8.08277584318564151735795105355729e-07
1.92100000000000000000000000000000e+02,-3.44442052487495678640460959077650e-09,9.99762640311598574992689401741819e-09,1.26833229682773438464020660001306e-05,8.12583705863646599978853558085698e-07
1.92200000000000000000000000000001e+02,-3.37692905299450892483025239313126e-09,-3.78953318086368488512139885663477e-09,1.26689454450814884600830087632345e-05,-1.66923919121939736573640153053569e-06
1.92299999999999999999999999999999e+02,-2.97509232650000832126712257259860e-09,4.45563024884042710421337153274065e-09,1.26639266807366512561258235903418e-05,-9.80642881242179999535648805306408e-07
1.92400000000000000000000000000001e+02,-2.92798316381339117379829379564485e-09,1.03757822058224231071153279659003e-09,1.26339420687924348576047292823211e-05,1.16174928348333401595485982397189e-06
1.92500000000000000000000000000000e+02,-2.53153789314671009172017468427725e-09,3.86343504079844216798302513159348e-09,1.26053644988330881222327875453642e-05,-6.95685510258044738862564505732666e-08
1.92600000000000000000000000000001e+02,-2.50000943385901163469264451823995e-09,3.76775401987518579630884915653696e-09,1.25942915798058051809893549816856e-05,-6.79419228007776655543088682753541e-07
1.92700000000000000000000000000001e+02,-2.07090291035924248482870057076497e-09,-2.62595909245920899971934623906452e-09,1.25763498384038790683515644171194e-05,-1.83893745303272406538255528042474e-07
1.92800000000000000000000000000000e+02,-1.99265715869503821305008122827596e-09,7.66386906800983260992097035987823e-09,1.25563487657307589392787793159022e-05,-4.43941123254639078013406955297632e-07
1.92900000000000000000000000000000e+02,-1.62300949304022706490321867270149e-09,-2.93349797396568200972740106943457e-09,1.25344041292422366116366652430232e-05,3.32166072821141021421942507255295e-07
1.93000000000000000000000000000001e+02,-1.51561058565528193404413993758403e-09,1.08694180603611349810589616801352e-08,1.25090344293481500645051520121873e-05,-1.72777806481465648458784067644282e-07
1.93100000000000000000000000000001e+02,-1.18349414070128633528055560041858e-09,-7.98190161175385766307748414403765e-09,1.24989523535720343059291104476841e-05,-1.12880982480348698533805234288668e-06
1.93200000000000000000000000000000e+02,-9.67250832241025656158695597809452e-10,1.11367994102453550956864011789502e-08,1.24835780853440351464928726010859e-05,6.66262455868251042537694475572158e-07
1.93299999999999999999999999999999e+02,-7.27857634581472767225818299131088e-10,-5.48383174758756686578781302135931e-09,1.24501561676909947565336010520889e-05,5.16003195320473326732314500881178e-07
1.93400000000000000000000000000000e+02,-4.66238595995602699893650770122066e-10,1.21359324727354598993729667228363e-08,1.24323093860127430854222109312232e-05,-1.54787033209739335970092724171682e-06
1.93499999999999999999999999999999e+02,-2.91522405644697863645097042862910e-10,-6.86062986274211449616117881972782e-09,1.24244660173204683626639211485154e-05,-4.72547835133758326734272619653143e-07
1.93600000000000000000000000000001e+02,8.04641273881055838294195803134300e-11,8.29563194982312220952940278254225e-09,1.24022482060788391497292701858115e-05,7.77225891703219698096888467406580e-07
1.93700000000000000000000000000001e+02,1.89661894293213663367060321724041e-10,-2.30138737882440234452449142821308e-09,1.23780427254865951438347873615591e-05,1.66178123857319681141532611668553e-07
1.93799999999999999999999999999999e+02,5.76602710327667120390102914076915e-10,7.70759795418887863626288050873288e-09,1.23549742697713834839150205102582e-05,-2.91592359261356177380873065479153e-07
1.93899999999999999999999999999999e+02,6.39090534495658773717968510963811e-10,-6.47433982029446935715540038304548e-10,1.23375539405818916612614168855150e-05,-1.32366981059560064206782392974312e-06
1.94000000000000000000000000000001e+02,1.08898594332137181159941942224117e-09,1.40000762026225391559467340305240e-09,1.23324203131002758827525766694786e-05,-6.06208255853638699841319424274838e-07
1.94100000000000000000000000000000e+02,1.15215932849235454002529433384708e-09,3.99014865132812786472363693403500e-09,1.23075935790805106521646860326372e-05,1.67856631344967694003096343438028e-06
1.94200000000000000000000000000001e+02,1.56249115978535711883880425733908e-09,7.75340456892673070055068944654588e-10,1.22710657997258092951412584762422e-05,9.70929340506402947639495811667046e-08
1.94300000000000000000000000000000e+02,1.61979348883266038520029337343784e-09,7.00038662258729664907419769313779e-09,1.22619097958785209442404481520538e-05,-1.91248699473345199892978514190124e-06
1.94400000000000000000000000000000e+02,2.02614476908113042724891062070730e-09,-5.74022071101720524512296492133397e-09,1.22547253171171251985201471559938e-05,-3.14884276315595246539049609644514e-07
1.94500000000000000000000000000000e+02,2.15463111715700059650116589969674e-09,9.88400431089758875656183741920626e-09,1.22301622703053807797057980536739e-05,5.20512527617220790261013573065067e-07
1.94600000000000000000000000000000e+02,2.47145948657070888704662215094114e-09,-5.06736511284396065060103815299070e-09,1.22052129422711147798441043321177e-05,3.32571294716238611721608508180646e-07
1.94700000000000000000000000000000e+02,2.63582509826615530431326553120336e-09,1.20463507591500366810741250650844e-08,1.21810051930963056455707091592003e-05,-5.56515274166284984042464016855904e-09
1.94799999999999999999999999999999e+02,2.88826290042375716011620967086436e-09,-8.48934016675001470513728623660790e-09,1.21700258321076886236347657283312e-05,-1.40640427953303455070370803830700e-06
1.94900000000000000000000000000000e+02,3.16366899225538286401610592847233e-09,1.03468565030152767931951605522931e-08,1.21629370683493089243452184364404e-05,-4.65876300314207773003713490047160e-07
1.95000000000000000000000000000000e+02,3.32340832525128766773088920530458e-09,-4.80351821870949871704535711580727e-09,1.21306470149660717504907720856857e-05,1.18593987409209171805629233615179e-06
1.95100000000000000000000000000000e+02,3.62737811112865042357274741178413e-09,1.04916247043614471885483225541840e-08,1.21028484833401416170118957242716e-05,-3.58617101741582587946896875942878e-07
1.95200000000000000000000000000001e+02,3.71942131983254149162538513014488e-09,-4.87561104986428668119888472928470e-09,1.20983563182625269792153921350106e-05,-9.33421494850676251675500389938387e-07
1.95299999999999999999999999999999e+02,4.11157016893838081265062820553324e-09,5.46194433486292873983166052225586e-09,1.20824217005769559982405415377503e-05,2.05526978314673033168276692611730e-07
1.95400000000000000000000000000001e+02,4.15766998513227185055460741530528e-09,8.76914192051513727757643567098380e-11,1.20554287144527033750698141357498e-05,-3.13710052948298245304746453715033e-07
1.95500000000000000000000000000000e+02,4.53754370117770373687512495019152e-09,4.51990371555386477894276355650250e-09,1.20356611872503513270303638456189e-05,-2.07323303902825799849742203568387e-07
1.95600000000000000000000000000000e+02,4.54796220407845261433214868891198e-09,2.45829089542559373585738131304339e-09,1.20179827228372448730744454415864e-05,1.19615649850149473831821633246481e-07
1.95700000000000000000000000000001e+02,4.95542219318591292255681457095146e-09,-2.03478404247525208193724776251962e-09,1.20062559320368857217795373199091e-05,-7.06179356160226923145653354276104e-07
1.95799999999999999999999999999999e+02,4.99177671982403528251637698355148e-09,6.66920095537282693017160365383194e-09,1.19877211613540696261365084500210e-05,2.44312747308798104178027214713298e-07
1.95900000000000000000000000000001e+02,5.33285918132436118421472457886429e-09,-2.52019289556973680513202774478558e-09,1.19552195473934551912211202534094e-05,2.96135015538950154917425370369446e-07
1.96000000000000000000000000000000e+02,5.37974071157541848474397128338250e-09,9.58649997401256040970168546636381e-09,1.19425934939339362637036144935782e-05,-1.45417727952063287865361661060980e-06
1.96100000000000000000000000000001e+02,5.67949054397912934094727897720148e-09,-8.09426725737737028807185678313848e-09,1.19386656612478348949084313017444e-05,-1.13173086765817512782911712656963e-07
1.96200000000000000000000000000001e+02,5.81646149267325007090597046448554e-09,1.07713937849688660261541804765396e-08,1.19096831105817262674852324780303e-05,1.07144679122704505509550560194711e-06
1.96299999999999999999999999999999e+02,6.01207899340961905413884228318932e-09,-6.11270713544497763487695834024197e-09,1.18826613769513171324631977095731e-05,-3.95401571600258716410561782239351e-07
1.96400000000000000000000000000001e+02,6.18772101669286528150869716137591e-09,1.15355697796606559545793780387730e-08,1.18700754419302564805306112820866e-05,-7.41424470094748310012383760895074e-07
1.96500000000000000000000000000000e+02,6.30745245620366989629902008450661e-09,-7.86772160991091398088355603782030e-09,1.18569606661901470773427031833157e-05,-7.52019552689273825668079035505462e-07
1.96600000000000000000000000000000e+02,6.58105318518321182719828586223164e-09,8.31916623377477776550845945769336e-09,1.18432055591887088529232693396755e-05,-1.03898842423175787011898649754188e-07
1.96700000000000000000000000000000e+02,6.62060089279229953800243419317815e-09,-3.61305471407240158844541433529665e-09,1.18155946391519295815666188441249e-05,1.41405703438025225674322259482878e-06
1.96800000000000000000000000000000e+02,6.90741125923079846390680783078766e-09,7.65573915909794020407350597665849e-09,1.17867157782107079936491193621492e-05,-3.20354396538035967913207658208109e-07
1.96900000000000000000000000000000e+02,6.88742861138815639436651283754760e-09,-2.66790898838641143398636813420499e-09,1.17835235112020086198094324806390e-05,-2.11768641848963990680105056980649e-06
1.97000000000000000000000000000000e+02,7.23396554195552211730919895888637e-09,1.79278363710841076439434379835937e-09,1.17738574384331650039133568938133e-05,9.94968779075484174966871874837637e-08
1.97100000000000000000000000000000e+02,7.19065148192041890401010501893590e-09,2.37411990989676043701402647673807e-09,1.17413683491565053074544001362783e-05,1.20629787464879404290896406750375e-06
1.97200000000000000000000000000000e+02,7.50067153320572757515736369004448e-09,4.53871717826329720543009908605881e-10,1.17195318652362471725738634679633e-05,-1.30316007530720294950247666827132e-07
1.97300000000000000000000000000000e+02,7.44390300341293038831218163225440e-09,4.97373948202184884267656943912220e-09,1.17068161776814960337198688976904e-05,-7.03636906925041637469597591139404e-07
1.97400000000000000000000000000001e+02,7.74602470671733051582616354033756e-09,-5.86684821156977547280992444071621e-09,1.16927628526914827260247442176531e-05,-1.02145059489655566666225344943972e-06
1.97500000000000000000000000000000e+02,7.73880621771253757032870706718577e-09,8.37656444216655904499201279169337e-09,1.16784450268372041612206656274559e-05,-1.70271216102287860780405587583601e-08
1.97600000000000000000000000000000e+02,7.95147683894572980883194324303480e-09,-5.78384644512825790496719603604941e-09,1.16501111170384372724378738959526e-05,1.26792412112949601839901412310729e-06
1.97700000000000000000000000000001e+02,7.97599862717690825072526568545407e-09,1.03033642919232542609441243934622e-08,1.16270957770548620517325653997307e-05,-6.71322597209045806709541043117625e-07
1.97800000000000000000000000000000e+02,8.12391504458965057031917087305288e-09,-9.76464362191143434643712938730286e-09,1.16240170743923018508305672580301e-05,-1.33046217403872634693475638149960e-06
1.97900000000000000000000000000001e+02,8.24456097893106236028423661085721e-09,9.68749792734849257900774734297695e-09,1.16049699464654769285855915517487e-05,6.62885072080643070860162504294670e-07
1.98000000000000000000000000000000e+02,8.28695044687639128342919398087331e-09,-6.43368311337746217008719668525558e-09,1.15761073685782983113089367281009e-05,3.74914187479930868855153009041955e-08
1.98100000000000000000000000000001e+02,8.44260700315400028066069776998268e-09,9.22937291969359814721576576322655e-09,1.15625239759038991511926264682276e-05,-7.00628988782506832549545685753120e-07
1.98200000000000000000000000000000e+02,8.41676008438805432778527951680700e-09,-6.98054192016366490252678517646843e-09,1.15475745506012634062792386954369e-05,9.10661328147902906968300581665770e-08
1.98299999999999999999999999999999e+02,8.65244975111763282877217815726714e-09,5.16931950170196097104101993684751e-09,1.15304521038383910862190176727108e-05,-2.38314392363833776073179045038819e-07
1.98400000000000000000000000000000e+02,8.56206522644007768154800975004089e-09,-2.13956036807314078300970950399240e-09,1.15120219029486602167937682060795e-05,6.44097125752438224956296526465665e-08
1.98500000000000000000000000000000e+02,8.79439820197690761597820208557619e-09,3.84658979728349379334741345350702e-09,1.14857528330476793644677575325087e-05,-7.63970670625360829262370294666240e-08
1.98600000000000000000000000000000e+02,8.66609839947073988257913983246692e-09,-3.62689923922533892018851044102186e-10,1.14739214946577136017600077329526e-05,-1.28109281168267069736551023613316e-06
1.98700000000000000000000000000001e+02,8.93097156841091465988162967068008e-09,-2.41308308185252769483380589306388e-09,1.14674669330344012630887806306772e-05,2.97894428366044297218465246764768e-07
1.98799999999999999999999999999999e+02,8.80569653311319176124554577823600e-09,4.74312957862254171968938624540380e-09,1.14376475414532491186433356392771e-05,1.25567476653176878598623059331679e-06
1.98900000000000000000000000000001e+02,9.00677163467045798694775664055067e-09,-3.51509928290017536948516425432444e-09,1.14120576530866018094349515642967e-05,-1.05903665062588458158215361285380e-06
1.99000000000000000000000000000000e+02,8.89713641058373204362618569281264e-09,6.99210969842522892774283229235482e-09,1.14058238215314986676987707235932e-05,-1.24900909415044405878679389467899e-06
1.99100000000000000000000000000001e+02,9.06498815261728576947520134823261e-09,-8.98370974100888094186551801169917e-09,1.13926761274129446786383050770016e-05,2.68201497977970254911280831345316e-07
1.99200000000000000000000000000001e+02,9.02673916509648244950056750658312e-09,9.26789351331054062280626023736941e-09,1.13718282621793296895951017732354e-05,4.50397491018043793009952183238958e-07
1.99300000000000000000000000000000e+02,9.08740080585041464958725697683115e-09,-7.53729176417994220735529528808781e-09,1.13471495936777139819898876433595e-05,4.74235822485397666527270357559744e-07
1.99400000000000000000000000000000e+02,9.09414292975276718077387916435350e-09,9.80125912697380333751902189972611e-09,1.13243053676964622763002516095404e-05,-8.36884354687864563752324496693132e-07
1.99500000000000000000000000000000e+02,9.08722408139907466033565022952439e-09,-9.93341870554561084663043546276437e-09,1.13220993362916913684749620728578e-05,-1.66759790615896951010222697724435e-06
1.99600000000000000000000000000000e+02,9.18866981451494944755890943468242e-09,7.68508666297009341447729266613560e-09,1.13106611393361763773300014050124e-05,8.22531752682616238626031165548329e-07
1.99700000000000000000000000000000e+02,9.08546779423102878674918800034125e-09,-5.48057507570313810428263451453082e-09,1.12738884594440221047683132129107e-05,1.18633881059511869062934698940117e-06
1.99799999999999999999999999999999e+02,9.20861271710355658078454807442635e-09,6.49973767828127566478056448149374e-09,1.12552918378789345969290041051366e-05,-1.03085032963941478228320387063530e-06
1.99900000000000000000000000000000e+02,9.05517205321850992858785811577006e-09,-5.32714200591910139758439756543218e-09,1.12510547722213934209216901264397e-05,-8.33205958154956167391732282384495e-07
2.00000000000000000000000000000000e+02,9.24423723175355171508952304273453e-09,1.59834500084248107802437224743717e-09,1.12344729024517961141237276632338e-05,-1.89605398714360803641607809736515e-07
2.00100000000000000000000000000000e+02,9.04766520314782840471998913795769e-09,1.34362159365019442620890203615287e-10,1.12136791740487366187899767781845e-05,9.69131369773403099135044022261030e-08
2.00200000000000000000000000000000e+02,9.20914796765239541551998523779376e-09,-1.86721428306119865825098412644663e-10,1.11887688593988774359644528133303e-05,7.24749090860148163559503100249528e-07
2.00300000000000000000000000000000e+02,9.00274052581744738246114153130585e-09,2.27033276275022570278179085046517e-09,1.11719875481911082340391667734447e-05,-6.85595369612870775500393310364538e-07
2.00400000000000000000000000000000e+02,9.17198707385779903094285438357009e-09,-6.57482672519415073433681757921475e-09,1.11689196429320030165197447378108e-05,-1.16510362490149528689921955248458e-06
2.00500000000000000000000000000000e+02,9.00179984637974593982380215373282e-09,6.71754902038554639660840357093216e-09,1.11466529172119469898145855554904e-05,6.67686643718697592752214268165806e-07
2.00600000000000000000000000000000e+02,9.08005123365404705301598788380485e-09,-6.69565701737902835893832160302024e-09,1.11163125944753294157087550452035e-05,1.21850001483227382192347317129258e-07
2.00700000000000000000000000000000e+02,8.94746544294565824604258979948932e-09,8.00531024987043658462532638413553e-09,1.11085322010347362699806928138672e-05,-8.62596586667732938919679851695950e-07
2.00799999999999999999999999999999e+02,8.97882715870747936492326144656470e-09,-1.10706072276791252889633283768950e-08,1.10981136010185784860982405403435e-05,2.05762719972757990333796542573010e-07
2.00900000000000000000000000000001e+02,8.93637090372648635061169900918110e-09,8.64987707706277378245720680715070e-09,1.10736640971636834678364608911321e-05,-4.95258672493358433200534897785102e-08
2.00999999999999999999999999999999e+02,8.85597882792985699503202978665207e-09,-8.07175582450222464027357385764985e-09,1.10544202870167740470477230990107e-05,-4.34360802858706924010103854678426e-07
2.01099999999999999999999999999999e+02,8.85640653724236266083466264272225e-09,8.04027109038270122145099699501906e-09,1.10374262326522863143588557416839e-05,-8.24906535062517013239956095347664e-09
2.01200000000000000000000000000001e+02,8.71720193592358354890311230924231e-09,-9.28227459425178434878016939501421e-09,1.10260260968483425688728916132606e-05,-7.45610279012068422657298545789429e-07
2.01299999999999999999999999999999e+02,8.80807104496502248009912551034047e-09,4.66817458006926016701803546594648e-09,1.10142910039675713713374733059080e-05,1.88699170552160073603888439878135e-07
2.01400000000000000000000000000001e+02,8.59311951314892768850260283984578e-09,-4.04519185673749410443459319613419e-09,1.09835090075115077190299425984082e-05,1.01340978023970304599002414784152e-06
2.01499999999999999999999999999999e+02,8.68664695528814301199111122283795e-09,3.17931277759080480080705342868754e-09,1.09635455979624719815479248448208e-05,-1.28892074597517620079395301751666e-06
2.01600000000000000000000000000000e+02,8.44057931501334898774168447629350e-09,-3.08698394300351032442529623135389e-09,1.09637620512201993703164043746168e-05,-1.20424107060748417206136310985213e-06
2.01700000000000000000000000000001e+02,8.58472519303542190659197445199150e-09,-2.58309315296699550454046487853716e-09,1.09454780276330073826220036683291e-05,9.17510142580289347336752831434225e-07
2.01799999999999999999999999999999e+02,8.32944147934499831662838082409751e-09,2.72840431936068717084312478631605e-09,1.09175201374845491906368611921378e-05,5.14466092461403158726290139549192e-07
2.01900000000000000000000000000001e+02,8.41816945291786929090937185229380e-09,-4.09343013053680524171759864826992e-09,1.09003471164753699415573943055805e-05,-2.78747019353205224759704671580487e-07
2.02000000000000000000000000000000e+02,8.18085785304478338022333556892913e-09,4.82628319350366287454387415988124e-09,1.08864237069726167107638934559705e-05,-1.01338623980071114910947149610812e-06
2.02100000000000000000000000000001e+02,8.25310150742769751814099792074150e-09,-9.76911990473104514488147633856278e-09,1.08790159403756248849203516611207e-05,-1.05411514199950656923964525502193e-06
2.02200000000000000000000000000001e+02,8.08624483953074697926877075265159e-09,7.91421649692239804664129992110860e-09,1.08616622819255696200102060432741e-05,1.19857960974943097723576353009818e-06
2.02299999999999999999999999999998e+02,8.05346969650534042187587629989562e-09,-8.34096745498231332909056410992980e-09,1.08287148230859194526386337556549e-05,9.95227756380242618818229047828775e-07
2.02400000000000000000000000000001e+02,7.93440433816711119289335444073168e-09,8.33089251821031236874105534826964e-09,1.08161525807101124823137116549403e-05,-1.67365262196580556525608803093685e-06
2.02500000000000000000000000000000e+02,7.84869958353896246293962971210924e-09,-1.13318689695812244049328318124543e-08,1.08143546285909417312267617167138e-05,-9.55456100594465193170955942083030e-07
2.02600000000000000000000000000000e+02,7.83020657275123308431795833584173e-09,7.36409886654211558647875300725490e-09,1.07920712074565302707528856085763e-05,7.55941049025700278043082248123338e-07
2.02700000000000000000000000000000e+02,7.64524891631211077707628341590828e-09,-7.03209094580295867963588810616319e-09,1.07686903693857867949426813697468e-05,2.43784446831144248390929498947952e-07
2.02799999999999999999999999999999e+02,7.65947307043866109096059951532407e-09,6.12163540693667734186909010894734e-09,1.07527167545790273098164341318445e-05,-8.33627329986537260515499914470945e-08
2.02900000000000000000000000000000e+02,7.42765206503744112613696798371229e-09,-7.13454735151129867098199530065193e-09,1.07377120410816831714231338642136e-05,-7.11170279157836155021494889262006e-07
2.03000000000000000000000000000000e+02,7.52145049292570593002719619883366e-09,1.72855487129699014393143897342907e-09,1.07295807854254559156577087938641e-05,-7.67117304298152607028728564526791e-07
2.03100000000000000000000000000000e+02,7.24360613699048761296227406363853e-09,-1.42660104035691497158271864714820e-09,1.07087547580110128156572610841740e-05,8.48523259044998527268163093276138e-07
2.03200000000000000000000000000001e+02,7.32105799931700139533538911780889e-09,-2.17674813522553841808494386654785e-11,1.06811308053860226138770689343783e-05,7.05453729938319734269659499321173e-09
2.03300000000000000000000000000000e+02,7.03369017319982977625218451326289e-09,3.44364282443736461873813554533409e-10,1.06754780584884343972971734939895e-05,-1.19837215674683815577653864673977e-06
2.03400000000000000000000000000000e+02,7.13619117773281686942720502654679e-09,-6.20292583913442055380574208944446e-09,1.06650596571114204536328011405854e-05,4.81559741181073063838356240354486e-07
2.03500000000000000000000000000000e+02,6.87970032440699162131209886824753e-09,5.60217386308150996515848810093634e-09,1.06378227093961670979419217041174e-05,2.62241564040045367210520973427336e-07
2.03600000000000000000000000000000e+02,6.90344878966632050518089385202306e-09,-6.86662600731023371114193946243734e-09,1.06216227883637063581817154820547e-05,-9.47712507028917461414803106846458e-07
2.03700000000000000000000000000001e+02,6.68906205204604064812239992148942e-09,6.92736096218031225689489277165368e-09,1.06097523133571869046067326643172e-05,-1.23412191405126952422727429392621e-07
2.03800000000000000000000000000000e+02,6.67512837811585361581184959323872e-09,-1.12319635380112811899083157821480e-08,1.05958979701547565226364334143615e-05,-1.40274314320011528229512599951788e-08
2.03899999999999999999999999999999e+02,6.55208442252864180791596568255334e-09,8.24400932286712883485509979819006e-09,1.05808484421584633096721028354165e-05,1.94256504148056156541919521424918e-07
2.04000000000000000000000000000000e+02,6.43483414139844780673228151244318e-09,-8.59233558913883954240775050212443e-09,1.05541940907512135365059990053235e-05,3.20615262222439858829398289578058e-07
2.04100000000000000000000000000000e+02,6.36240686661874645657885469586272e-09,7.76647108479014661872593077771103e-09,1.05380569434578724303355023892308e-05,-1.38077992868412623057835304958498e-06
2.04200000000000000000000000000002e+02,6.19200971547780311249086285319481e-09,-1.02872661870505401923110404317669e-08,1.05387244105751234973300134548274e-05,-6.97821109938007013065280463341402e-07
2.04299999999999999999999999999999e+02,6.21715433252374345363046518976947e-09,5.35941624170805303060551428850797e-09,1.05183750073569219223054733549558e-05,1.46838793820554988255363484787738e-06
2.04400000000000000000000000000000e+02,5.96840403964458012831632600554864e-09,-5.18929306221911106165679203820308e-09,1.04871054127858426728724382468496e-05,1.18382264483513370810734024057285e-07
2.04500000000000000000000000000000e+02,6.01444072005222321989981012112755e-09,3.45824850189711724468644233529128e-09,1.04763276445818641070553220044257e-05,-1.24432663876525432509946921999904e-06
2.04600000000000000000000000000001e+02,5.73621786902786796415850666937272e-09,-4.30360122188578654246648422641903e-09,1.04691306405061022438511507144030e-05,-5.26825232385374908105209776116657e-07
2.04700000000000000000000000000001e+02,5.84022893205928344001753594848973e-09,-1.67786934949324826506170588979020e-09,1.04554196951557587654168187018827e-05,-1.03499836068950446560564379478129e-07
2.04799999999999999999999999999999e+02,5.54838639436530852745554739223675e-09,1.59195022661488450757191357785941e-09,1.04345698060440698907239027728237e-05,8.57166174682147776797913368524432e-07
2.04900000000000000000000000000001e+02,5.61560017219969293366853271678744e-09,-3.57035737949141261036494706719452e-09,1.04065617405481029991824082356315e-05,3.84733874289946185119166303896515e-07
2.05000000000000000000000000000001e+02,5.34333832856964370899945017380087e-09,3.59469641594891000090560291944345e-09,1.03992436555595218178887564025588e-05,-1.76529145400685850208760664099387e-06
2.05100000000000000000000000000001e+02,5.40495315729610019651913150908074e-09,-9.15781954669625265309244138452598e-09,1.03988255343616568737491692636156e-05,-5.33654675296741075665933040132471e-07
2.05200000000000000000000000000001e+02,5.19588509766227940376661318946425e-09,7.60580027885314363372164654586008e-09,1.03704131516277190699233177131962e-05,1.19898335267844144413592763670607e-06
2.05300000000000000000000000000000e+02,5.16379468162299079033120724791201e-09,-8.45969493866602712758701880639914e-09,1.03457555490691429135536541377238e-05,-1.02841245802882842536435289619270e-07
2.05400000000000000000000000000001e+02,5.01484058023522772555711379847863e-09,7.79648783724695797664211855865361e-09,1.03391482472943571195050575860933e-05,-5.51429586858487184896631823789924e-07
2.05500000000000000000000000000001e+02,4.93578430270178312604822508743130e-09,-1.13067033843958793212675745293446e-08,1.03267661171725006766490021457827e-05,-4.11486004386007962056578288426157e-07
2.05600000000000000000000000000001e+02,4.88276050753523621150689966829375e-09,7.80399882082693687539998580809058e-09,1.03114332787525088441280987545445e-05,-4.90716178441615754884291036504195e-07
2.05700000000000000000000000000000e+02,4.70863791015129464589241163136080e-09,-7.64161131322957901657321892498044e-09,1.02908434668534277898643479486209e-05,6.24186123901520631900239921947916e-07
2.05800000000000000000000000000000e+02,4.70512174404882751323455069256464e-09,6.50556945276088276128808408192790e-09,1.02700217805961053770847080596756e-05,5.02464853231729502631521306265922e-08
2.05900000000000000000000000000000e+02,4.48758003920558502231015520374771e-09,-8.05146860797303488636785024018726e-09,1.02658317245919000911168461845117e-05,-1.13664832940119073364403522963013e-06
2.06000000000000000000000000000000e+02,4.56843494789685962448529064385921e-09,3.03379898432973021640434896047897e-09,1.02527524931149871616391490185720e-05,3.29543053201395234870879110622116e-07
2.06100000000000000000000000000000e+02,4.29499487189129956508889080428812e-09,-2.14791696339567821020864370171655e-09,1.02234887267865249733564370472648e-05,3.89979875974321481777601237921961e-07
2.06200000000000000000000000000000e+02,4.37918274617675496565978421412342e-09,5.82570811556028569243131633287995e-10,1.02119447599445374284850174090456e-05,-1.06715387229727354045144735436812e-06
2.06300000000000000000000000000000e+02,4.10350293141743115860561325942107e-09,-6.12499855018204057139965093325927e-10,1.02065157069448716483757938679122e-05,-1.03947905708593715673457887895926e-07
2.06400000000000000000000000000000e+02,4.21869277760958729758533284614388e-09,-4.78314634382430967151982893985318e-09,1.01864742312339782443556829357141e-05,4.32645717334971128768415434207072e-07
2.06500000000000000000000000000000e+02,3.96024315449866443531961753244694e-09,5.10756348509165877384776044643735e-09,1.01673143499902520238651299619006e-05,-1.37712088081081547934245575316769e-07
2.06600000000000000000000000000000e+02,4.01307893358120915470060189562780e-09,-6.17521999132898824411561033180191e-09,1.01499932703749720086164045154129e-05,-8.13628989112428579324279486602685e-08
2.06700000000000000000000000000000e+02,3.80457337480025744840472061190118e-09,6.36048127745749805202040326690686e-09,1.01379082781925727857842306989974e-05,-1.07563144244148404975872454832788e-06
2.06800000000000000000000000000000e+02,3.82943850689421568097909498344713e-09,-1.05537395843157492563514085144464e-08,1.01337674601959232973860363139437e-05,-3.98426894855334253367944319380983e-07
2.06900000000000000000000000000001e+02,3.70262516097961638379353768111930e-09,8.81325704619098811521395214609741e-09,1.01098679427660463616304225141498e-05,1.62807314915087177917632918099351e-06
2.07000000000000000000000000000000e+02,3.62539484677137498963738673658502e-09,-8.44353014641898553121363340394684e-09,1.00820171239811191421690349582720e-05,-2.44634518940261665029380475413815e-07
2.07099999999999999999999999999999e+02,3.56442988722655440797171363412114e-09,7.83452477218562061800570750323026e-09,1.00793983370692272031529441427032e-05,-1.81037422171488259357022895966478e-06
2.07200000000000000000000000000000e+02,3.44384362937332739688056717038964e-09,-1.02954289764976058326444093820638e-08,1.00721813357504356515914976729688e-05,-4.70553756410870661079908570355313e-08
2.07299999999999999999999999999999e+02,3.47545548785863219374009856641063e-09,6.69986829237690132114324937446972e-09,1.00501467099950770735003597804490e-05,6.86615909568579493084418271163509e-07
2.07400000000000000000000000000002e+02,3.26804217409961827995544503971029e-09,-5.63393129030272396535905295928833e-09,1.00306103617147938318213109534210e-05,4.58245227316416470576056370966470e-07
2.07499999999999999999999999999999e+02,3.33824099942285765794727541104078e-09,4.40448556247743644409022571803963e-09,1.00122794823543661450743966209741e-05,-3.60393472029530793630901739308048e-07
2.07600000000000000000000000000000e+02,3.10607803706054897583121217123884e-09,-5.08512390234959335283463567833139e-09,1.00053864868961427626278412545897e-05,-1.59531081731987469742916929365526e-06
2.07700000000000000000000000000001e+02,3.24173972977836470363066878463734e-09,-1.01255296888865735225016275881765e-10,1.00000434220506672245983381195344e-05,5.46180205487805520639327815975713e-08
2.07799999999999999999999999999999e+02,2.97980936912373948271063849730198e-09,1.32831685003063599713330439165861e-09,9.97174781665333602066791251087387e-06,1.47644894613063119817561166728720e-06
2.07900000000000000000000000000001e+02,3.08951902232008399147578544624030e-09,-2.63893543577656224227355457029642e-09,9.94982668066381810949881967429852e-06,-5.81861722445083329808905626657297e-07
2.08000000000000000000000000000000e+02,2.85552040140434571717435936405231e-09,2.74498524570278879603625506885472e-09,9.94832483338929692234378929928771e-06,-1.12870116327783139548477556854479e-06
2.08100000000000000000000000000000e+02,2.97105016486961750202778635134186e-09,-7.78173456226349000306077768209844e-09,9.93535159461647541419078784027156e-06,2.10397622187951182815142278468557e-07
2.08200000000000000000000000000001e+02,2.78317055449504558266170784649215e-09,7.64265499919643378826332664361095e-09,9.91484561238832500170017895557351e-06,-1.97140045558709858847469112435206e-08
2.08299999999999999999999999999998e+02,2.81050404469697075589533154989125e-09,-7.89990549901939364783412410845638e-09,9.89881008383248681697022467299235e-06,5.04418217522999216011606554655812e-08
2.08400000000000000000000000000001e+02,2.69049054194287428768354554910059e-09,7.67759129502199209125030792691109e-09,9.88217065954449688520842706792814e-06,-4.07932227640729115055904044032378e-08
2.08500000000000000000000000000000e+02,2.68060029748755772633297240014821e-09,-1.10263889705750228228917859681408e-08,9.87556903586824488208960461478612e-06,-8.11382598154710069504452122070627e-07
2.08600000000000000000000000000001e+02,2.65165936300825525381292993204266e-09,8.68032253991212902057846830454258e-09,9.86263668084159378497635261610551e-06,3.51291369073274984246016056487827e-07
2.08700000000000000000000000000001e+02,2.53874619313557293345514896936469e-09,-7.56552860679201031842225565183932e-09,9.83457909518320266463609001246120e-06,2.41240491333116025849500421232342e-07
2.08799999999999999999999999999999e+02,2.56805345696567685955671733301480e-09,6.97397371320368360498545700203558e-09,9.82543455634592385422233264845201e-06,-1.23317818954056540897465074291634e-06
2.08900000000000000000000000000000e+02,2.42054260214754979316998088029513e-09,-8.53989792373229682600392993380253e-09,9.82230388131476687959204837999849e-06,2.15613777734689342059997878327665e-07
2.09000000000000000000000000000000e+02,2.53724829363801235404607273100849e-09,4.62573252856347120075312906454932e-09,9.79906407120048570319224557500311e-06,8.23220684640934211267982225388244e-07
2.09100000000000000000000000000000e+02,2.31819139384336546004855401972338e-09,-2.65340228079233882312581235485859e-09,9.77918178765150711937834748994424e-06,-7.07245738894699453901687045415536e-07
2.09200000000000000000000000000000e+02,2.44965290183955489229849393692438e-09,1.69971180459465409484104488011506e-09,9.76854275976515056775197553305893e-06,-5.65696690054122349435659044863208e-07
2.09300000000000000000000000000000e+02,2.22927263218477108498748239704345e-09,-1.33266165027515230735936973526030e-09,9.75863125706552061622605856942645e-06,-3.26002965310259471215134606825313e-07
2.09400000000000000000000000000000e+02,2.40222478910115756082609837147254e-09,-3.36163962899192869959533028026347e-09,9.74910602352034486174120502364678e-06,1.05724240303773257909027717462589e-07
2.09500000000000000000000000000000e+02,2.18591087444307670830832744948944e-09,4.97634222779105041515029518704518e-09,9.72477704501584475163947543053327e-06,1.04802059159833490815078565153046e-06
2.09600000000000000000000000000000e+02,2.29988400303200356909646072010783e-09,-5.07080021125778067791329707372693e-09,9.70168353530922502718830856372397e-06,-7.06050109718811173142601771072316e-07
2.09700000000000000000000000000001e+02,2.13414282093606495948173366768887e-09,5.83964878945322962552388298647263e-09,9.70346342087880896416885906995916e-06,-1.70464602650342245993105337697572e-06
2.09800000000000000000000000000000e+02,2.23291901836309539534364866853884e-09,-9.46967388724232074797069097592345e-09,9.69605284014686920614611131513549e-06,6.23000712211199585105183616788103e-07
2.09900000000000000000000000000000e+02,2.13805439892810091421455223809072e-09,9.36388253360811516364533795502697e-09,9.66656646242082059466744574278198e-06,9.80705606097627574537619869960139e-07
2.10000000000000000000000000000000e+02,2.13333549082024367526819226021653e-09,-8.01128588080832314728635893183647e-09,9.64917841900829376192445842935316e-06,-4.09608079163632966007252122660601e-07
2.10100000000000000000000000000000e+02,2.10822065336224368132693801310005e-09,8.36271344367631438528114125999402e-09,9.64179698799014622714063094572954e-06,-6.35788565515001844149593363551420e-07
2.10200000000000000000000000000002e+02,2.06333339568566154540536914353235e-09,-1.00841635526264886521435962538480e-08,9.63326288134126708499908148552821e-06,-9.09438383226613664600008666825907e-07
2.10299999999999999999999999999999e+02,2.13188690440286456728731957760097e-09,7.94927498030008909785882672637384e-09,9.62119464426235979280047307414822e-06,2.53681848243438938142877556307297e-07
2.10400000000000000000000000000000e+02,1.99248966391836540979903657669641e-09,-5.58601326274473354611612603569013e-09,9.59404107463982956257608802996790e-06,1.28570044222264265955340392687117e-06
2.10500000000000000000000000000000e+02,2.10362048452610630039754932555542e-09,5.59192902805670598733996159855354e-09,9.57786761447213800064581486928854e-06,-8.51253432605650650251459736709981e-07
2.10600000000000000000000000000001e+02,1.93843745301019265596692265711224e-09,-5.55232240770380166315575313856704e-09,9.58069714474114503583543665820429e-06,-1.26044741130375414964287312116980e-06
2.10700000000000000000000000000001e+02,2.12271447068011046451676553915583e-09,1.78380871461219386271644202058212e-09,9.56351079695555966069384012583792e-06,5.78488039869930760483224011869025e-07
2.10799999999999999999999999999999e+02,1.91371640371355008223524050165724e-09,1.04892590058241186062798850974367e-09,9.53850522904642455462540772080497e-06,1.63913675644976702716054371462407e-07
2.10900000000000000000000000000000e+02,2.08081876506996524923643339618350e-09,-1.33259699704482133977731993247423e-09,9.52926027882297103577416838900678e-06,-2.77417982664992739403145845018235e-07
2.11000000000000000000000000000001e+02,1.89460867832661647426599111968599e-09,2.47382226093977959695263832555502e-09,9.51814720505713908778248148335933e-06,-7.40074204490589888774245258690720e-08
2.11100000000000000000000000000001e+02,2.07299330619607357657622115563180e-09,-6.28422837160531929064875087137690e-09,9.50578325135279797208062984807749e-06,-5.88825571294144537188584195313075e-07
2.11200000000000000000000000000001e+02,1.92398746467890657073705387143312e-09,7.68684103386406037447138127606647e-09,9.49078665605274533245115280069333e-06,1.70052893088881026210506436459749e-07
2.11300000000000000000000000000000e+02,2.01918299300734136904930192300571e-09,-6.84269554522612886728408599343210e-09,9.46928301757694751082761970448324e-06,2.42111624531216787578866280359773e-07
2.11400000000000000000000000000001e+02,1.93313240213682068262220823997778e-09,7.72101323275695654978802880431156e-09,9.46229711725834791829720800588358e-06,-1.05821448063527582037605107071160e-06
2.11500000000000000000000000000001e+02,1.99518719983802140610525431185101e-09,-1.02617629399465441177018272370195e-08,9.45685632628663083413782000126058e-06,1.65464672947870094528990275485511e-07
2.11600000000000000000000000000001e+02,1.99417080286171766533773937043251e-09,9.63347357594633011916360467897936e-09,9.43094005355015960833499052248840e-06,9.55340473532703401111868940240024e-07
2.11700000000000000000000000000001e+02,1.95078114034960974793293638448812e-09,-7.51753900541090047936671830505396e-09,9.41379767497666597124271605425523e-06,-9.95473771939834854384072814103585e-07
2.11800000000000000000000000000001e+02,2.01358653720639084341071443872745e-09,7.78413609041914105657231541906721e-09,9.41115539268472367754118025857234e-06,-8.57489677673172558701430666533901e-07
2.11900000000000000000000000000000e+02,1.92992909293707989939889349103819e-09,-8.50097159509783817505881378935664e-09,9.39808752760800973584556452512650e-06,3.71705077605479929469704969220123e-07
2.12000000000000000000000000000000e+02,2.07868958713415178857932159305615e-09,6.03179638469889291800293771492275e-09,9.38123749145662221225282874372637e-06,3.33817414693545154829863023895139e-07
2.12100000000000000000000000000000e+02,1.91763634912121201595894060813881e-09,-3.07736201492810758930794452942970e-09,9.36265422758184282269892939461244e-06,4.17702700871315979167346152855633e-07
2.12200000000000000000000000000000e+02,2.09000452489757442290258018315525e-09,2.97229748380922888815683613785090e-09,9.34636331075402654508175200124198e-06,-9.95668095867224103142004703720440e-07
2.12300000000000000000000000000000e+02,1.91854173481502774461355332146385e-09,-1.94010401568152889363666173174646e-09,9.34672452817196695969559071898416e-06,-1.42996484481869719681227694127990e-06
2.12400000000000000000000000000000e+02,2.13592902712065392413118150259197e-09,-1.66014481069393063628755723590804e-09,9.33507761473709333663011757463727e-06,1.26888855629298618445303348142251e-06
2.12500000000000000000000000000000e+02,1.95512539675345994418206851943253e-09,4.63737930753411568055807857151233e-09,9.30445875589347580943868249651012e-06,1.01463554654965809517626786674255e-06
2.12600000000000000000000000000000e+02,2.12447558262400829693760950574756e-09,-4.18737925831041148877760164569491e-09,9.29313753099007878664266313544922e-06,-1.31167982492206292882671730203691e-06
2.12700000000000000000000000000000e+02,1.99069794006068335571935477242395e-09,5.55952669859332413041946887887316e-09,9.29093854860595235158515312975501e-06,-8.17749509857711438319272974084324e-07
2.12800000000000000000000000000000e+02,2.14268531070019380948448311262537e-09,-8.19721055714956381053197522767173e-09,9.27754371534105001818370101585972e-06,4.72305012238995378080070306853485e-08
2.12900000000000000000000000000000e+02,2.06774767671998191385916427819523e-09,9.47980659900951693166331500942692e-09,9.26113379086030038982140290827078e-06,5.05028176635272811063751649200345e-07
2.13000000000000000000000000000000e+02,2.12415614526222598743732040953785e-09,-7.58484753639424388471102757283002e-09,9.23997902256529869824764311835966e-06,5.84018738414918090366500345365771e-07
2.13100000000000000000000000000000e+02,2.11962903950600066797212070938093e-09,8.67313918900708606232342709694820e-09,9.22766337239474811473314511598929e-06,-1.08745979732315314917869038011819e-06
2.13200000000000000000000000000000e+02,2.13183877626165703326003452422755e-09,-9.81283408340008237472307343893611e-09,9.22883733097205265671098937514752e-06,-9.63317272431133231257394519774925e-07
2.13299999999999999999999999999999e+02,2.21378289689897820616383355012568e-09,9.16769760754921515268840409690279e-09,9.21065430539444074888085433420456e-06,9.75770549990928154177272440309761e-07
2.13400000000000000000000000000001e+02,2.12587974738505467947116922237684e-09,-5.92170742867020388025197282409603e-09,9.18447840847061505676886531144774e-06,1.24358097320137081890194648154829e-07
2.13499999999999999999999999999999e+02,2.26265060818473712377697516387906e-09,6.37012373359450779291328739199469e-09,9.17948344882544544707943849583697e-06,-8.21280568817244318041008243983159e-07
2.13599999999999999999999999999999e+02,2.14292023077764464789227074496752e-09,-5.79224997784474403172374996188271e-09,9.17198575480215136608096863164672e-06,1.68208319173721712863506234541703e-07
2.13700000000000000000000000000001e+02,2.34652052053784489074380945931090e-09,3.44517659535333003217769986966430e-09,9.15446703325535416318184268542189e-06,-1.67066747051394317075087258508639e-07
2.13799999999999999999999999999999e+02,2.17136171258444253807798173253305e-09,3.73927880254055211938142184168593e-10,9.14003252731946131287258472580176e-06,-3.02263320487944347472437970166684e-07
2.13900000000000000000000000000001e+02,2.37316805948986551387989961402565e-09,-2.09498682895425270649869888080794e-10,9.12369471480998404647686447283356e-06,1.73407868790900790047030328890256e-07
2.13999999999999999999999999999999e+02,2.21419149034436749286483911951805e-09,1.84840173001995729763448709358988e-09,9.11642933272865866926276696121522e-06,-5.86645428490224031051225276661738e-07
2.14100000000000000000000000000000e+02,2.42680879269282682114668402655843e-09,-4.80294952789543516498280307060584e-09,9.10967536103251482467078043836322e-06,1.90598090120652369305181820139261e-07
2.14200000000000000000000000000001e+02,2.28795888482621475791519895539927e-09,7.56235069264144498388479393687281e-09,9.08310504894712994809798832242622e-06,6.32856113880232904499996340429391e-07
2.14299999999999999999999999999999e+02,2.42606211401170648152013421760473e-09,-6.32098361764661020575329964279108e-09,9.06863627064941584441337234618534e-06,-1.26837308072267820473820217307193e-06
2.14400000000000000000000000000001e+02,2.35366888146019726943842999665453e-09,7.37728997376074349489778798909735e-09,9.07068525754567768053445995909276e-06,-5.84995400025585943737461029998331e-07
2.14500000000000000000000000000000e+02,2.45677348028642604812909303869304e-09,-9.37841097713470155362997265051298e-09,9.05503995941056362034920145111087e-06,1.02329837421652557322163918905169e-06
2.14600000000000000000000000000001e+02,2.45228311972365722576246037109431e-09,1.00845955625825957227156266706292e-08,9.03278145525791835859276033631733e-06,9.69529600287732323989602653407363e-08
2.14700000000000000000000000000001e+02,2.45146599133069848800970521576308e-09,-7.73371037224164953004798828219810e-09,9.01948178420693353198446072379070e-06,-4.48619284825119467688316708911635e-07
2.14799999999999999999999999999998e+02,2.52009451137239458668283644618876e-09,8.16438836545379865170187496448325e-09,9.01052733183693965379385517257103e-06,-7.59076122222333693481784097506180e-07
2.14900000000000000000000000000001e+02,2.47468425830679602147436238476640e-09,-8.84711083301626617926883261259550e-09,9.00693629826241125982729894610871e-06,-6.62082776459390900470177365985401e-07
2.15000000000000000000000000000000e+02,2.62235205824226183423380056510652e-09,7.25222432220926088963083452712096e-09,8.99032714468873845162506560990465e-06,1.24248866266423835076906973460916e-06
2.15100000000000000000000000000000e+02,2.48629896996602604178218921569534e-09,-3.76618313264975514796533159420700e-09,8.96178645466643983496803246050376e-06,6.23204892963046593054584127679302e-07
2.15200000000000000000000000000000e+02,2.67055649805484092026126309225868e-09,3.49550974850643257751370697121809e-09,8.95660630378668319209085400862803e-06,-1.73539602662705219766544866706296e-06
2.15299999999999999999999999999999e+02,2.52357466223076129244173295925147e-09,-2.84869571046857727169599183358252e-09,8.95837354593338599394648861133423e-06,-6.20371106786280500344875239778015e-07
2.15400000000000000000000000000000e+02,2.74956198603167695242196235925593e-09,-2.14775071518588770623653783852640e-10,8.93740859893586492319773295873066e-06,8.18582952502569713956347098945315e-07
2.15500000000000000000000000000000e+02,2.57320636308550022376589288456583e-09,3.70623446715546032858072666514956e-09,8.91724653284046860262410804682085e-06,2.90941947656605416823780321022787e-07
2.15600000000000000000000000000000e+02,2.76438902704263554073161708348877e-09,-3.64012682160335634375918238780904e-09,8.90621868434660375569959494855291e-06,-1.35647368459020774304446483584818e-08
2.15700000000000000000000000000001e+02,2.63413463003181695732593634828841e-09,4.65014214771560867150931034843376e-09,8.89701679125149501388331200746076e-06,-9.84573555144987520468183443388743e-07
2.15800000000000000000000000000000e+02,2.80977089447496644622771064471655e-09,-7.45882006949080965110968795982134e-09,8.89231746707979908654283414995254e-06,-7.30856067701505434313901014872696e-07
2.15900000000000000000000000000000e+02,2.72140288546227382449340096653829e-09,9.27130451779783340271629569349800e-09,8.87246215987733934684340887990634e-06,1.16994644819663988243818727493076e-06
2.16000000000000000000000000000000e+02,2.80214088637076583223177526624049e-09,-7.59312663687793654527473646284761e-09,8.84994788259475999874817263228509e-06,9.35557079675884629124907171717432e-08
2.16100000000000000000000000000000e+02,2.78991846135041609799029539473827e-09,8.12606278927787947472940685029727e-09,8.84966048490114070891942125411244e-06,-1.17073862707786280389600939988216e-06
2.16200000000000000000000000000001e+02,2.83009283089488673788487424184861e-09,-9.81962670494554134992214314111638e-09,8.84088706443059866730067461089213e-06,2.06901418910948401741532627059373e-07
2.16300000000000000000000000000000e+02,2.89139072007967921073108239520854e-09,9.76417833017530209970544503073825e-09,8.81834676691085594913682672136954e-06,1.49719768918486692852649138465330e-07
2.16399999999999999999999999999999e+02,2.82301309595996013478441636741295e-09,-6.74184173260460155965828743650040e-09,8.80737612279680843468645184986890e-06,-4.75070363009178253312614549140093e-07
2.16500000000000000000000000000000e+02,2.95032370270279816390999465021590e-09,6.72354563590102193855688117402418e-09,8.79762978572806773653264528366672e-06,5.94029607736448802447172873453310e-08
2.16600000000000000000000000000001e+02,2.84789237931945154756068816306648e-09,-6.67935940346885283813718575740597e-09,8.78647399161194144794200595976904e-06,-2.44379130354486724296629677166407e-07
2.16700000000000000000000000000002e+02,3.04155519518991395180718530937423e-09,4.47741348168128202203812642161678e-09,8.77558445153264307458116336488865e-06,7.04684774032343048894709377041112e-08
2.16799999999999999999999999999999e+02,2.86787853196329262711215787851577e-09,-4.95940670195491172766183989888407e-10,8.75445773210836160683337604472318e-06,3.33905105229347427997452639522309e-07
2.16900000000000000000000000000000e+02,3.06769887890978649543874680129807e-09,3.63977905911056660928027532820016e-10,8.74344379444713258008205870974561e-06,-1.19307079723119247589945603622598e-06
2.17000000000000000000000000000000e+02,2.91000315074223941149217515193199e-09,6.36903869516055583800170330182567e-10,8.74434257854596189865411699730508e-06,-4.20950897768836789561971652854910e-07
2.17100000000000000000000000000001e+02,3.12606778208466007750559269368996e-09,-3.60522857827723206375842034801878e-09,8.72542142746391806688644474351019e-06,1.44365471187749683413790464355628e-06
2.17200000000000000000000000000001e+02,2.96914735813264221705757135464703e-09,6.83566449993729389778714362970077e-09,8.70220505013485999757962914355055e-06,-1.74802910653475855695512199057347e-07
2.17299999999999999999999999999999e+02,3.11746450290048636078085382199386e-09,-5.99549856192808232455129069724620e-09,8.69688075822147701153363028256808e-06,-1.26992166402816877652019781725785e-06
2.17400000000000000000000000000001e+02,3.02695760348330158128099017307887e-09,6.75664165960588602967648076300764e-09,8.69004454559316448860848116474065e-06,-2.91208730919729743363486090862556e-07
2.17500000000000000000000000000001e+02,3.14389140593804011316690994695963e-09,-9.01453632771050045465161640658884e-09,8.67889656000087559053938816166369e-06,1.67226825004616126395188886940393e-07
2.17600000000000000000000000000001e+02,3.11182780501505619495504971078065e-09,1.01159785267613209310206431275068e-08,8.66213643182611004689714828288939e-06,9.70923448214200586651014620536697e-07
2.17700000000000000000000000000001e+02,3.12183058853304649187040466270609e-09,-7.88902427318825895801412477803806e-09,8.63949709577417569500198689310555e-06,-5.24328816856350220170968948885763e-08
2.17800000000000000000000000000000e+02,3.16506806777069240802164358018348e-09,8.10628068939085413143941769324317e-09,8.63703047236875151621419671133345e-06,-1.92645882607973640120347961077242e-06
2.17900000000000000000000000000001e+02,3.13310306303371675372726642168166e-09,-9.32583270365737004315693788855068e-09,8.63737041582733877470139616516959e-06,1.79825922094635034674295136661726e-08
2.18000000000000000000000000000001e+02,3.25298826615462612937802394272001e-09,8.17424523215868583779814927299903e-09,8.61234367043628450374799866505495e-06,1.40429623406999686073840769761695e-06
2.18100000000000000000000000000001e+02,3.11896812306137799341063705747304e-09,-4.73478011698795356522245118064892e-09,8.59283957639158472732706315589860e-06,-2.96051475979010527239084173239061e-07
2.18200000000000000000000000000000e+02,3.28485147508818400198587187972910e-09,4.07375871872512064162932465097072e-09,8.58880841197028142534001200572597e-06,-7.09780895718572582903167305148085e-07
2.18300000000000000000000000000000e+02,3.13464950228789648611633375233585e-09,-3.78150835209936677828343496922058e-09,8.58054418706515795915507087442721e-06,-4.64191107340515583585688743519501e-07
2.18400000000000000000000000000000e+02,3.34610983615934506706903015428154e-09,7.73056837849422338926075514033594e-10,8.56987504764992359593839546619526e-06,-1.77826713588028988059471316329981e-07
2.18500000000000000000000000000000e+02,3.15567407686508873352887501883821e-09,2.70323408908287895926029835560955e-09,8.55114958349399639468610202031066e-06,8.31689181261092466754098574944817e-07
2.18600000000000000000000000000000e+02,3.33915794046826857359077605851652e-09,-2.97482924756622361206346806187450e-09,8.53294833577206046603522418171983e-06,-1.16459386683854461748256537853945e-07
2.18700000000000000000000000000000e+02,3.18855071474311894000798878774813e-09,3.53577982972232242120287254264354e-09,8.53341202602745543218885782431987e-06,-1.13660137494303692780934457622737e-06
2.18800000000000000000000000000000e+02,3.36384768936125825625516688378917e-09,-6.66233700222631887775045682460151e-09,8.52461604966586871054065693499351e-06,3.37893560552538789118217118032379e-07
2.18900000000000000000000000000000e+02,3.24331660202802132988975000763163e-09,8.74259975592525648513743693326750e-09,8.49892768297797235877908211480400e-06,2.90844952373088510544780637063231e-07
2.19000000000000000000000000000000e+02,3.32865119499030739108586460170880e-09,-7.68546654406265134991213587630375e-09,8.49018659524269355718938779515667e-06,-7.75342313580914378855733853344405e-07
2.19100000000000000000000000000000e+02,3.28393274827623174795974999835280e-09,7.77185360024612862823888242289297e-09,8.48634874262583990493402355921772e-06,1.92569653496891216398148029840747e-07
2.19200000000000000000000000000000e+02,3.32744343305800674698003588664723e-09,-9.81829203316474669527286152285071e-09,8.47103671902464845864297014837340e-06,1.68799864785384752798604210589053e-07
2.19300000000000000000000000000000e+02,3.35261763770766802708668526581110e-09,9.87579385390214877245667783958872e-09,8.45727463267319230402343951522230e-06,-3.96527059831852465694979650164212e-07
2.19400000000000000000000000000001e+02,3.28800972650510470261209574145776e-09,-7.40755095850124219327188421957739e-09,8.44164172318073900792281839899218e-06,3.18730124022181378160541707177323e-08
2.19500000000000000000000000000000e+02,3.38259763780147739262408328246505e-09,7.02793424386148437677185163121402e-09,8.43328624343259812337863195257502e-06,-6.95899137053032286245824509490965e-07
2.19599999999999999999999999999999e+02,3.27850255956515687124136870952094e-09,-7.54688678991898781838734839933503e-09,8.43210310830258548112355189199161e-06,-1.14553913022648889911860911021852e-07
2.19700000000000000000000000000000e+02,3.44231460267901185893598346455154e-09,5.46669837330245023991924803833080e-09,8.40989792850325350264053617604441e-06,1.24779939535315873824332713228903e-06
2.19799999999999999999999999999999e+02,3.25858580946182757480612298454842e-09,-1.67899934770237989807515453460819e-09,8.38817569598907053115517235760873e-06,-6.21736518687585803982937096007893e-07
2.19900000000000000000000000000002e+02,3.44077705041864313989534165716109e-09,8.94553931598876496373761458302822e-10,8.38993841118917210234083228271124e-06,-1.42165695320358094483982038602503e-06
2.19999999999999999999999999999999e+02,3.26523673761143394611885228890711e-09,-2.60159269392898823848209661693013e-10,8.38372818774318255393142677157152e-06,3.55525158265475536430695630918503e-07
2.20100000000000000000000000000000e+02,3.46467048270435162122635779567324e-09,-2.58584377038296358985724056800982e-09,8.36425229383578114721392694243965e-06,6.00909536233429604114791624875898e-07
2.20200000000000000000000000000001e+02,3.28238666429558651959488548062539e-09,5.77555172733502192359051028758412e-09,8.34781138800287560493446971045530e-06,2.60142875466710146307143866865962e-07
2.20299999999999999999999999999999e+02,3.42723788853737827758421304059543e-09,-5.49876622357689050132928971536610e-09,8.33511092331173958624811927390769e-06,-4.83205061993864875044238032047494e-07
2.20400000000000000000000000000001e+02,3.30430533550892136939314320182807e-09,6.04754200194373137110869445316386e-09,8.33309086758236648385726121173967e-06,-1.48261287249000945773948656316154e-06
2.20500000000000000000000000000000e+02,3.41914432200532314892293569825185e-09,-8.47401669301026975381075214951505e-09,8.32756739252066557116942253890633e-06,3.85802490324473294347442563085502e-07
2.20600000000000000000000000000001e+02,3.34727293911281935756716585369907e-09,1.00177314288362624492783704238678e-08,8.30082846069138326076609970994585e-06,1.53569619124149539391022391295781e-06
2.20700000000000000000000000000001e+02,3.36142972025782042156928009895602e-09,-8.27479680939307219351465271876548e-09,8.28536298702895977499238249689578e-06,-7.78251199864358787905412586590966e-07
2.20799999999999999999999999999998e+02,3.37051806838258491896934504524156e-09,8.10645866419212599626774262130828e-09,8.28829494114884363222283459261058e-06,-1.17673863654050320691008430506753e-06
2.20900000000000000000000000000001e+02,3.33663336182936831134934169429194e-09,-9.40116891186843029210328241577639e-09,8.27653827845958419954784446579461e-06,1.52256964250007979811756822289449e-07
2.21000000000000000000000000000000e+02,3.41712183801164275599237606930483e-09,8.77619922603275368631402637709724e-09,8.25888594523587867443639482093099e-06,2.01365705539158759495873543771621e-07
2.21100000000000000000000000000001e+02,3.28275398567743701902032015212398e-09,-5.73705497995130850673122259693414e-09,8.24619099299537429359259023031036e-06,4.37039636486986792173132323111940e-07
2.21200000000000000000000000000001e+02,3.42162543609342922805773272078276e-09,4.72032974334966367769198851991527e-09,8.23323870768981889872620263469273e-06,-3.15025035934937786077815931883452e-07
2.21299999999999999999999999999999e+02,3.26148628324267003302649738994229e-09,-4.66423124970480653947471803463945e-09,8.23030115315494867681913157368583e-06,-1.10577962200938398461402583858200e-06
2.21400000000000000000000000000000e+02,3.44668327697991809611717230575547e-09,1.93982482399928052262393859212295e-09,8.21937767680170508334165674806641e-06,5.23863822857198055020167170589721e-07
2.21500000000000000000000000000000e+02,3.23742974140970981791620952426912e-09,1.60974933967976266596107545419690e-09,8.19551281941427641164919936747423e-06,4.29868383347314591575741567014398e-07
2.21600000000000000000000000000000e+02,3.41122177262023830866003866072788e-09,-2.55269405287668842545084868987809e-09,8.19035148025181314963976711085856e-06,-9.93223357543705093078127765822778e-07
2.21700000000000000000000000000000e+02,3.23809874261566491236580724957234e-09,2.64821629544455940811588520236715e-09,8.18718229617532652105638089450069e-06,1.35560147808272608068889414909316e-07
2.21800000000000000000000000000000e+02,3.40130651259616887161921123943991e-09,-5.62215215275902225262562648222993e-09,8.16773222614950828393864403579540e-06,4.72832501010495212364497788657286e-07
2.21900000000000000000000000000000e+02,3.24645037580025662399687376202353e-09,7.87254525295056832761182500906291e-09,8.15437275856172514061011675215558e-06,-6.12456395485814937797676211305361e-07
2.22000000000000000000000000000000e+02,3.33561484707850678287927297165183e-09,-7.69056775445655072757168107750093e-09,8.14586724399261966661229585712815e-06,-3.08259623321162615278076643914676e-07
2.22100000000000000000000000000000e+02,3.25750910475139190437977131301863e-09,7.30358770958031525298545602990355e-09,8.13664023327832716549852517997138e-06,-1.80895951098278074103501064853042e-07
2.22200000000000000000000000000001e+02,3.30157759925878993645395683619980e-09,-9.75448121640201128507486725354734e-09,8.12968109681438272503417561749158e-06,1.46567710901283758259779384911596e-07
2.22300000000000000000000000000000e+02,3.28534064669851797526283178874491e-09,1.00411991197017625698722983052705e-08,8.10993795005672587599191676314378e-06,8.11531216385304921932606869389151e-07
2.22400000000000000000000000000000e+02,3.22383720035767928090080675663170e-09,-8.23811452244186324694278257927328e-09,8.09244730386794277309021984552201e-06,-9.30984162255999187512432231864477e-07
2.22500000000000000000000000000000e+02,3.28976847944098700180661320614372e-09,6.96353347186645500320814219660779e-09,8.09594930219381804866795914206763e-06,-1.38205797416258247132952819183876e-06
2.22600000000000000000000000000000e+02,3.18492571999430048422432806876193e-09,-8.14656819733367868097123863043533e-09,8.08791038013589029092139061524414e-06,1.07060372153024781161131339132003e-06
2.22700000000000000000000000000002e+02,3.31313182483100147113619218131489e-09,6.29577721299356483808527137377168e-09,8.06328660022909848001813334482639e-06,8.16558082292397147340021738894053e-07
2.22799999999999999999999999999999e+02,3.12290005079030862865768439112727e-09,-3.11523193450569893563579645542424e-09,8.05126031278880027150279679307168e-06,-7.70185729851387878075377674098501e-07
2.22900000000000000000000000000000e+02,3.28863110424579128139271586295386e-09,1.34245678004556370385645149540728e-09,8.04560771650485889388988461898838e-06,-6.80486081915643188291733780268251e-07
2.23000000000000000000000000000000e+02,3.10073975753735905638751269856491e-09,-1.41769939474775313636874448435569e-09,8.04008204387284696790828933856805e-06,-6.02206439107290093013614920035338e-07
2.23100000000000000000000000000001e+02,3.28389460237894309856688804947004e-09,-1.64699177636537844755125299658949e-09,8.03026965062288879168303376687152e-06,6.88144839923750180774442783259008e-07
2.23200000000000000000000000000001e+02,3.07675081470530405263391567188362e-09,4.69958140820118708866610821197078e-09,8.00524279739421928379789218060163e-06,1.07266682810588783751343794235788e-06
2.23299999999999999999999999999999e+02,3.21985889120321359828457906865381e-09,-5.35203620825407837236726058234445e-09,7.99401366525040333182844115190488e-06,-1.29085984407375837152471782751777e-06
2.23400000000000000000000000000000e+02,3.07461326305776656545784778893200e-09,5.00694806971336460025238823943704e-09,7.99969265687515926392618820890396e-06,-1.03055806060361424917590134674921e-06
2.23500000000000000000000000000001e+02,3.18899692011736844017482883550907e-09,-7.78491370524191477342426264507408e-09,7.98494305471664570502589558483716e-06,8.24937541474541071860356007955730e-07
2.23600000000000000000000000000001e+02,3.07970978249134468662796629795150e-09,9.56116110929392899515306007103681e-09,7.96310957875698087978717517065249e-06,2.19195519263493618480619733333490e-07
2.23700000000000000000000000000001e+02,3.10274537564363856358831307770912e-09,-8.73777621385682648454537066367660e-09,7.95525283354174851830796790732975e-06,-2.09243163542424127004693035099681e-07
2.23800000000000000000000000000000e+02,3.08317772778665573966914109763860e-09,7.91465809443750969949012850474713e-09,7.94766627824218596617648672941290e-06,-2.51037239225367189754815205373804e-07
2.23900000000000000000000000000001e+02,3.05619457337263953350206171533471e-09,-9.70742417514560382236295914951959e-09,7.94026423409200412008409723892043e-06,-6.84880208839350500663907966874870e-07
2.24000000000000000000000000000001e+02,3.10258743243481225331722162175232e-09,9.28638748570353370110399947050777e-09,7.92736871144390511695607315589584e-06,3.45266860235395133246163787617040e-07
2.24100000000000000000000000000001e+02,2.97084604038642480184313013450089e-09,-6.61082424838240950870944165527063e-09,7.90715816729559597124019371357851e-06,3.95798677544918525630420265367777e-07
2.24200000000000000000000000000001e+02,3.08877767558412016676831879759444e-09,4.97383287681992120114018771067318e-09,7.90370919904745619164373192156578e-06,-8.82791014020306832504377089255783e-07
2.24300000000000000000000000000001e+02,2.93154468530490237713605203028685e-09,-5.55755820502343316286388286099218e-09,7.90126903708759450610837282197085e-06,8.74365520190945396959292613927757e-08
2.24400000000000000000000000000000e+02,3.09485889212339751166451012568960e-09,3.14994950124671617960285309598522e-09,7.87826963192145170650475590996004e-06,5.45733941652793011683896352159190e-07
2.24500000000000000000000000000000e+02,2.87541062543601456768959440436043e-09,3.70050231498160948378179809892050e-10,7.86538343190911961430479402447595e-06,-8.76628953020600304495987893064036e-07
2.24600000000000000000000000000000e+02,3.04429525391002176691497549846004e-09,-1.98117690591196017115372836218409e-09,7.86442197954006581673163698547661e-06,-2.86714126858994962479448799855661e-07
2.24700000000000000000000000000000e+02,2.85880401900892275003634957936021e-09,1.71731854059453764505199119670971e-09,7.85289455803919624373775809462476e-06,4.01169424844656181038958021342514e-07
2.24800000000000000000000000000000e+02,3.02076621992979569731980335276339e-09,-4.72124839493922453237154245260374e-09,7.83982988971508161061482634245452e-06,-1.90721250342107993339369988875954e-08
2.24900000000000000000000000000000e+02,2.84181096633156492764194777185549e-09,7.18766289671453594468341503805648e-09,7.82390634042238531377866520195668e-06,2.36251861376513456828427245759528e-07
2.25000000000000000000000000000000e+02,2.93800804908638328387788629343036e-09,-7.43455492181255727718510297066653e-09,7.81236641725949715621544340014495e-06,-8.37359312326063571863032512938556e-07
2.25100000000000000000000000000000e+02,2.83800682508760172192382782423534e-09,6.63752386519650909369465488856494e-09,7.81548516905370583722499327959436e-06,-9.62572243007921548286694974829221e-07
2.25200000000000000000000000000000e+02,2.89461452816217374322773194437601e-09,-9.40431996630486951001940335538798e-09,7.80243013573370695616677848247516e-06,1.31437197834177374264025489291984e-06
2.25300000000000000000000000000000e+02,2.84677801100230090787716280682286e-09,1.01929272154790849331709165176152e-08,7.77604652861805147166133760445388e-06,6.07460696409541065874479804359382e-07
2.25400000000000000000000000000000e+02,2.79829764066105273558995470630864e-09,-8.87342967736079205303496150750758e-09,7.77086771442560509453960666460713e-06,-1.38230671791159383221234306195589e-06
2.25500000000000000000000000000000e+02,2.84207935300310536231619006972214e-09,7.19579305566103281732276949622239e-09,7.77066816070817979340249295682016e-06,-5.93064997936678017226286179525395e-07
2.25600000000000000000000000000000e+02,2.74807280034980184526411445272325e-09,-8.66042154185540991615458878647055e-09,7.75828216306915965389630775134522e-06,2.27955576580164662121736565941136e-07
2.25700000000000000000000000000000e+02,2.85463859433393515862042982265986e-09,7.02049483726367027607974624943840e-09,7.74332836844292237306345684616192e-06,6.46667259784923809045379616295969e-07
2.25799999999999999999999999999999e+02,2.66915467792281897641287678829250e-09,-4.08022835840984122393479397036022e-09,7.72616458754134882964921491706264e-06,4.47321479117360530170951637880524e-07
2.25900000000000000000000000000000e+02,2.82265944299661825809272742739557e-09,1.97164235448161876145808232470515e-09,7.71925349520889013147283339120450e-06,-1.39968437119925754463862338039713e-06
2.25999999999999999999999999999999e+02,2.63642294177530685311764315666248e-09,-2.49886658455998859482107268777457e-09,7.72169793356870995181411627085290e-06,-8.18609605448800214180670766131671e-07
2.26099999999999999999999999999999e+02,2.81397497871051205560638667538156e-09,-4.63952676701027116802604721121027e-10,7.70401994537559479359353878138649e-06,1.33723854727811132172776890630941e-06
2.26200000000000000000000000000001e+02,2.59614515422960761400335544366729e-09,3.63045584823568295405462893461562e-09,7.68214099396253726190533020595722e-06,1.67650384431314756058717131529467e-07
2.26299999999999999999999999999999e+02,2.74596975524730508556836179039380e-09,-4.86846579013625087372253938873022e-09,7.68073422653517067835701406119982e-06,-9.16414240322751578990703501464244e-07
2.26400000000000000000000000000001e+02,2.58660637297928717515841450711743e-09,4.32741663834809414670138495657216e-09,7.67438611058504865951150551155290e-06,-9.00907226631476030225752343168374e-08
2.26499999999999999999999999999999e+02,2.71136275407983982153368345238135e-09,-7.09476747958898007736287644842447e-09,7.66057931103758284779441570929867e-06,-1.90354742849051415553118749978399e-07
2.26600000000000000000000000000000e+02,2.58200589348736929780150457622166e-09,9.07249316952878505587395676855905e-09,7.64963717305405861595112985660371e-06,1.84090181528031528209356749104212e-07
2.26700000000000000000000000000001e+02,2.62224921340906649300800410456037e-09,-8.64492126646851393746913742638603e-09,7.63466849772175118954882722764048e-06,2.24699598286901320157768814197181e-07
2.26799999999999999999999999999999e+02,2.58147361407906396155613092261300e-09,7.79868693503764666387255607201022e-09,7.62978731659192499468694829244603e-06,-8.24315645133693364190490113054971e-07
2.26900000000000000000000000000001e+02,2.57331096724796324616373160887956e-09,-9.74496028292791968991543342431637e-09,7.62542061416839593218510220200554e-06,1.62454812444242400218752894488543e-07
2.27000000000000000000000000000000e+02,2.59752631257345536240761591479300e-09,9.88022896196822928773558036884250e-09,7.60326294248650886364545219654249e-06,5.45281183842248811501502448236676e-07
2.27100000000000000000000000000001e+02,2.48308117351339879471743818154537e-09,-7.37432385453381589161006629260140e-09,7.59299911101881768218119863437886e-06,-1.06063926096416093257205403382240e-06
2.27200000000000000000000000000001e+02,2.58796755249448642638695683412195e-09,5.61046538135328681991044399363827e-09,7.59428789271872316388212646798737e-06,-2.66460949854388196348884423260240e-07
2.27299999999999999999999999999998e+02,2.44117278729845426070541755681493e-09,-6.00821151815108476309277946773340e-09,7.57987858612738150301279743969497e-06,8.90893568397811406342820226098366e-07
2.27400000000000000000000000000001e+02,2.59420474315329399773537194221129e-09,4.20338148190817108275969371367449e-09,7.56378167970864592052286032235819e-06,-1.47211965128156910973925114665432e-07
2.27500000000000000000000000000000e+02,2.38226976316586831757508325693945e-09,-6.32692650730505751474999273764914e-10,7.55398000258411005552501617433096e-06,-5.19245877013714740664914671462215e-07
2.27600000000000000000000000000000e+02,2.55230062210301622833528017305331e-09,-9.40571474062682480803081696032974e-10,7.54612636426938427273420646950556e-06,-5.44183246479861439159747433794904e-07
2.27700000000000000000000000000000e+02,2.36432894473463468790860076272809e-09,9.60443827421761828129410542731265e-10,7.54408954212027635572490586769168e-06,-2.71360410382764063203701624689314e-07
2.27799999999999999999999999999999e+02,2.53370832220926816445883909275413e-09,-3.47277454158590175052111505046491e-09,7.52952396741249447506123115127609e-06,1.21100281533110633690782624705614e-06
2.27900000000000000000000000000000e+02,2.34490624536548890543588495313709e-09,6.56328948721213867401977782776227e-09,7.50539529541677814254293624436575e-06,1.28738070765008467510010607722407e-07
2.28000000000000000000000000000000e+02,2.46060788691367544559312811680156e-09,-6.97634268685498119967269731849226e-09,7.50449247460167215563216659193164e-06,-1.80340711471198345649324489595878e-06
2.28100000000000000000000000000000e+02,2.34730466041706267616885923927440e-09,6.48579374634367522356679005083556e-09,7.50661828614876306838461169714545e-06,-7.99067451913109182368783231079008e-08
2.28200000000000000000000000000000e+02,2.42128522265530788861250920358843e-09,-8.66030819155820231478330036249205e-09,7.48765121201799097466610794554201e-06,1.00259958404999731634492067395276e-06
2.28300000000000000000000000000000e+02,2.35623483013374083121043760974012e-09,1.01690868204400364435691533197938e-08,7.47097634200915194190114628614322e-06,6.41728484202746791839717500919536e-08
2.28400000000000000000000000000000e+02,2.33467248550578526887012425221489e-09,-9.05060058759007264367652732221674e-09,7.46182625952625127115491934964977e-06,-2.26775883074770842927520570454814e-07
2.28500000000000000000000000000000e+02,2.36308968595617291021039477501230e-09,7.70862681328389445085775914054143e-09,7.45709611844806224777851660156032e-06,-1.02223702358035674860556680175642e-06
2.28600000000000000000000000000000e+02,2.28861916271532667388447457780704e-09,-8.85332509516050764094111883762880e-09,7.45520866595582409176922136124148e-06,-3.52560586888223584991638571631631e-07
2.28700000000000000000000000000001e+02,2.38103683078000237993405229404241e-09,7.97584827290442738512275044392930e-09,7.43526899170910020488229175288619e-06,1.34016016618611703916538517785432e-06
2.28800000000000000000000000000000e+02,2.21402016609580973309407976393435e-09,-4.99004626621709797860907324058423e-09,7.41592263005734353365231394728983e-06,-1.49589776402668073427839409191867e-07
2.28899999999999999999999999999999e+02,2.36628634445011147524978285397944e-09,2.72930199698446685060630415995798e-09,7.41934320866900209214685899831282e-06,-1.16299159138820714000738357454802e-06
2.29000000000000000000000000000000e+02,2.18876632887212512321343037594772e-09,-3.02131647437258253704890099908129e-09,7.41321538119182821406384290346600e-06,1.85033966646229554174701372900648e-07
2.29100000000000000000000000000001e+02,2.36395850429167715103693641463416e-09,7.83919794621928284185185285710992e-10,7.39373536696165764888211698869172e-06,1.15482815126570541490726785392209e-07
2.29200000000000000000000000000002e+02,2.15063547772704694935805984111657e-09,2.43392651871024186536154265750317e-09,7.38403793710288652151705817287859e-06,-1.33311597604539090811730016138870e-07
2.29299999999999999999999999999999e+02,2.31583119457359565279268911336894e-09,-4.07483162954084018361457369790627e-09,7.37620579621413334960612236347528e-06,1.67401350505431982559920290782545e-07
2.29400000000000000000000000000000e+02,2.15067786384190870510178496171994e-09,3.70633778835722895547772420899496e-09,7.36883142725235738104456141254247e-06,-5.09429993460337220270268286194802e-07
2.29500000000000000000000000000000e+02,2.29065509125509315288694171112960e-09,-6.21133734316950901718699405953430e-09,7.36081289371695765448616218784552e-06,-6.96269630623005560671385435904674e-08
2.29600000000000000000000000000001e+02,2.14871642033319468070651126668978e-09,8.59616289659810893610194051652773e-09,7.34178588473138454412972742164157e-06,4.31594765810376591258132668158066e-07
2.29700000000000000000000000000001e+02,2.21631867803347896295722455254455e-09,-8.70218305327486753359322374828913e-09,7.33410362489519005935810627392969e-06,-8.58501920894439501479620529814774e-07
2.29799999999999999999999999999999e+02,2.16506396929525923029228316097904e-09,7.64670466356864844758592021134817e-09,7.33646766520836641817090854152507e-06,-2.03100356485497744003901704555902e-07
2.29900000000000000000000000000001e+02,2.17822616976836884268431647062779e-09,-9.41165389738733613407182801365608e-09,7.31824683398196082657561727823977e-06,1.05312497179053389240270654335308e-06
2.30000000000000000000000000000001e+02,2.18467726093399971373273386572735e-09,1.01229758167882010807575345942953e-08,7.30036380991139670222828295667417e-06,-4.48658902351722562712115333550557e-07
2.30100000000000000000000000000001e+02,2.09875148634071925205478965025553e-09,-8.22332971508439718970175120940327e-09,7.29892087658308885209973702750587e-06,-9.00282019756747514393078800340440e-07
2.30200000000000000000000000000001e+02,2.19675373919237986475614178408610e-09,6.20512343316517504771062786698134e-09,7.29249845520290607448604969495590e-06,-1.09838463996784275481026452303766e-08
2.30300000000000000000000000000000e+02,2.06766486515355307560126390855024e-09,-6.56859503396116915140941847147161e-09,7.28278958446003903499094557591631e-06,1.43942866090876884368198259358022e-07
2.30400000000000000000000000000001e+02,2.21264253840095734160588939594759e-09,5.22117660717404667395140032427712e-09,7.26789370009806660802164941913787e-06,8.11242479666576056576726155625593e-07
2.30500000000000000000000000000001e+02,2.01402051576087612179063340764838e-09,-1.73499969418465776996412195335930e-09,7.25051264797710457575693164009903e-06,-2.84006911950895762369356353214012e-07
2.30600000000000000000000000000001e+02,2.19247023784805398621059018979393e-09,-3.07381029564693427353343687162102e-10,7.25270654225421077656780363953322e-06,-1.75590127549330694412722135628122e-06
2.30700000000000000000000000000000e+02,2.01146828946933532005860371502649e-09,2.05953000007940540329055151604725e-10,7.25116704112133910977206218139526e-06,3.83260822859785573705478687179030e-07
2.30800000000000000000000000000000e+02,2.18691071954993696805479121870802e-09,-2.16717254378917352072695454823617e-09,7.22750988649411655453644828949792e-06,1.39537885785835101271790438538138e-06
2.30900000000000000000000000000000e+02,1.99422659563925378186362229408655e-09,5.52551071644784804369231015787044e-09,7.21356897218382512677815510742470e-06,-4.75353657105817591641947149258287e-07
2.31000000000000000000000000000000e+02,2.13476443338137933616137141354914e-09,-6.54504847269023243258914225820987e-09,7.21257546657149414621757254939933e-06,-8.44134058819155129211529677635150e-07
2.31100000000000000000000000000000e+02,2.01450197584643128040608223699522e-09,6.12417323509101959681229442188769e-09,7.20613976940059944362300832428945e-06,-4.42951262657445456061185415140482e-07
2.31200000000000000000000000000000e+02,2.11003174522464486145347246613706e-09,-8.04603518888638316770570272686128e-09,7.19691497103379609843664071699468e-06,1.51847646339272587917823879247826e-07
2.31300000000000000000000000000000e+02,2.02985321685425465919388118392685e-09,1.01139856167863320884758997248202e-08,7.18017417520871055507554298134379e-06,1.04164162183455882229037257959119e-06
2.31400000000000000000000000000000e+02,2.03691205608115502665158893501477e-09,-9.30023838084589252788545256808966e-09,7.16574600596245834850883872239442e-06,-4.51700234699269638995478387683469e-07
2.31500000000000000000000000000000e+02,2.05745483768846330204505920064625e-09,7.80237113066469485972592762377079e-09,7.16895778531593212576760179146160e-06,-1.31915466268764707299863151444007e-06
2.31600000000000000000000000000000e+02,2.00787027793429533078236035817470e-09,-8.86027031398737744157683541266648e-09,7.16157701204124821219167421079407e-06,5.64267106516884480316497277018776e-07
2.31700000000000000000000000000000e+02,2.08480334678526925186294055255889e-09,8.79262228939559668584079338090320e-09,7.13945191850502784862196120260337e-06,4.27477655844161958897807039244437e-07
2.31800000000000000000000000000000e+02,1.94076344149623916125091163099783e-09,-6.03079001352074122639082658605420e-09,7.13322473560233679533762659449184e-06,-6.28260629873708468065334101852789e-07
2.31900000000000000000000000000001e+02,2.09332969070111173452472306377155e-09,3.49627511102760471846076006365884e-09,7.12940181841505912793023266366337e-06,1.12313122327727706948948667746694e-07
2.32000000000000000000000000000000e+02,1.93038448952609960133164411310774e-09,-3.68495263555617917908435841083080e-09,7.11771459824016387666110290997258e-06,-1.18087916094129743367413572650019e-07
2.32099999999999999999999999999999e+02,2.10545943861972083204089500388806e-09,1.91629906774344095563966771870052e-09,7.10882939578719900700208352225639e-06,-2.46057422546914087409183826018828e-07
2.32200000000000000000000000000000e+02,1.89760038445943614010474203266224e-09,1.42584964424501788547835593300749e-09,7.09442284085328221982762166022705e-06,1.93339631602842864192088555551775e-07
2.32299999999999999999999999999999e+02,2.07644036096715308392897559504553e-09,-3.39328390916745237325641620625109e-09,7.08731976232759310114923378033254e-06,-6.23640784640832327177477269903596e-07
2.32400000000000000000000000000002e+02,1.91329007931007110699608641469194e-09,2.86342061296814969791903101763599e-09,7.08762026095783317118810256438654e-06,3.55322619670320405548450278110828e-08
2.32499999999999999999999999999999e+02,2.06890011522041326498782383361639e-09,-5.11694360981153643474473160030455e-09,7.06879954839002469879005557440242e-06,9.44309564445768057207088938270561e-07
2.32600000000000000000000000000000e+02,1.91522896292033388335170575227512e-09,7.94659652636120756091519901500017e-09,7.05236727810172629425006604083065e-06,-8.23463347702551158860332817051361e-07
2.32700000000000000000000000000001e+02,2.00986422092005766775847091027693e-09,-8.66199250844051523083290747466145e-09,7.05509770885375061928531442442101e-06,-1.04980110176214468879512782346774e-06
2.32799999999999999999999999999999e+02,1.94873519463989506845696196637566e-09,7.50321854610107808924244733679329e-09,7.04853759967525011040094159153589e-06,6.56048671320418823378685533890319e-07
2.32900000000000000000000000000001e+02,1.98635106693862361917287992760823e-09,-9.22667077027416327895945621012173e-09,7.03262843859086531040298401529579e-06,4.89869985075701412712046850082522e-07
2.33000000000000000000000000000000e+02,1.97743549321684687673894159278028e-09,1.02806081889019381852344267818137e-08,7.01985278809708418264710762674611e-06,-6.26790552819791162754134510273218e-08
2.33100000000000000000000000000001e+02,1.91679538482869384247672496238845e-09,-8.74155356315264722449094324427080e-09,7.00972064682503970644523743455395e-06,-5.84572388545347134079378660365753e-07
2.33200000000000000000000000000001e+02,2.00575436218847765956619150129808e-09,6.54389879056353590241912972271387e-09,7.01060823875013500694410790634387e-06,-1.11216762087669982336426286746491e-06
2.33299999999999999999999999999998e+02,1.89927319059490547827220248078780e-09,-7.12119142035055016980605900790434e-09,7.00546974611695667879289459134294e-06,7.34936342979313202403810022386319e-07
2.33400000000000000000000000000001e+02,2.03462096433647093267214279329274e-09,6.25621542787084201036164177630513e-09,6.98014306404172511629409087815752e-06,1.28059530154525560724425085734560e-06
2.33500000000000000000000000000000e+02,1.85007923338335272811751267948218e-09,-2.90720008879088908915723425742904e-09,6.96962616201824881594712457694847e-06,-1.12459792481641651284218153221168e-06
2.33600000000000000000000000000001e+02,2.03252783537339540672419173763254e-09,4.86312874509897955408523160916465e-10,6.97532339888729235283900566217064e-06,-9.76266589477293050636961839401722e-07
2.33700000000000000000000000000001e+02,1.85816541176977126300826413153410e-09,-5.22306438104746508767773943878160e-10,6.96506329550637052650666442048318e-06,3.62048808641049005738376563616952e-07
2.33799999999999999999999999999999e+02,2.04062300602609893431355935176688e-09,-1.11818588849573398794722503539216e-09,6.94946414309899233559018540496742e-06,2.65160621257724397352941743338646e-07
2.33900000000000000000000000000000e+02,1.84644998380607195663927866959149e-09,4.59768281613833002305648670231289e-09,6.93743617323805610903683178022464e-06,4.88187600233111199985189698908603e-07
2.34000000000000000000000000000000e+02,2.00390811974107839447485026899022e-09,-5.82389577769261640045972636487802e-09,6.92869244261276418982432101988978e-06,-5.39677536742534862400442290280041e-07
2.34100000000000000000000000000000e+02,1.87612871092740355710877115763765e-09,5.56000718123575508614060519160063e-09,6.93000172691574593820375368039145e-06,-1.13322538553386000844060847008236e-06
2.34200000000000000000000000000000e+02,1.99334103186407995388244722427942e-09,-7.28661807184376572205524673153915e-09,6.91913000427357892771418015100977e-06,7.14488875690484588554508475897249e-07
2.34300000000000000000000000000000e+02,1.89782936027488451795763591773086e-09,9.98696288913045163802704747522710e-09,6.89726851616863892990779197717871e-06,4.97954843012984662164180524799457e-07
2.34400000000000000000000000000000e+02,1.93143927135032322331965444770756e-09,-9.41046047930352828997424425205910e-09,6.89513786726364217598295800002977e-06,-8.21961021877380034651056535907532e-07
2.34500000000000000000000000000000e+02,1.93877328650705676293008226513767e-09,8.14460158840439103735657296098787e-09,6.89385993220355114250058124270263e-06,3.89429525584512459532268691150593e-08
2.34600000000000000000000000000000e+02,1.91132105529579087128395619066822e-09,-8.77161409497624725144151492985723e-09,6.87744364241953902626958714404198e-06,1.21697913051351877070880311038807e-07
2.34700000000000000000000000000001e+02,1.97486881500897408427781981454014e-09,9.35723960951857470626624359418574e-09,6.86704915088024712279933393617770e-06,-4.20152538914590599573126606939308e-07
2.34800000000000000000000000000000e+02,1.85330544924540632218653558135974e-09,-6.64159229025521407003183774424884e-09,6.86008386505006129754532869175442e-06,8.64124122834892899723537819397329e-08
2.34900000000000000000000000000000e+02,1.99742102278769906928797371744905e-09,4.46546092316725404537318595090664e-09,6.85251372681836293323132172841814e-06,-1.93955135565045183357453077916355e-07
2.35000000000000000000000000000000e+02,1.84853208775031950328669720366745e-09,-4.29085292317739796100596949116550e-09,6.84757368730847745667177427707368e-06,-4.82550276930287546346121564648834e-08
2.35100000000000000000000000000000e+02,2.02092775618578455664424191936684e-09,3.21256814435917597956491565845305e-09,6.83067276449466752433834318793775e-06,6.29784420107074344349453013977960e-07
2.35200000000000000000000000000002e+02,1.81973768248509693515328840495637e-09,4.58958639257751778210594374039525e-10,6.81771918849484452620128151263530e-06,-8.50067925071401990926040252395905e-07
2.35299999999999999999999999999999e+02,2.00753008537348861551593409682402e-09,-2.45143152581623855244598223957117e-09,6.82295629763987241152782420809174e-06,-9.64401712580438108213313916547811e-07
2.35400000000000000000000000000000e+02,1.84112778443327901554552693771512e-09,2.42997182270285280238112026717285e-09,6.81310150193713864625626980809393e-06,1.12648598751512980178912687362644e-06
2.35500000000000000000000000000000e+02,2.00769307690315005550374030745362e-09,-4.02594323918042417798384828561618e-09,6.79228871935449828605812802565918e-06,4.89670854533259696554214395793887e-07
2.35600000000000000000000000000001e+02,1.84646421903597819597606290849082e-09,7.20136549617976810370249036386467e-09,6.78588822200489306626247316930803e-06,-8.25920569632413257356986000153095e-07
2.35700000000000000000000000000001e+02,1.96310295551100381162045460483564e-09,-8.09114442188454253751886444331741e-09,6.78169531398819147340263672811680e-06,-5.95207888222221560258582143252844e-07
2.35799999999999999999999999999999e+02,1.88588481327837142459128385131760e-09,7.43667705346505324282937199062093e-09,6.77711955941172679972572277447186e-06,-3.85225659636520031937092448587679e-07
2.35900000000000000000000000000000e+02,1.94454036610155867916053774862591e-09,-8.85354828469117877936395058201811e-09,6.76758681898102283925296402903764e-06,9.22747173609460378380053334620837e-07
2.36000000000000000000000000000001e+02,1.91841102752788325529179973631225e-09,1.04661970408302777605463196506557e-08,6.74602317318292179820086810999107e-06,8.27118018348285359959087722056785e-07
2.36100000000000000000000000000001e+02,1.88277774049139426142955788851430e-09,-9.21625054517568764735838223736649e-09,6.74051825114139718071734257125205e-06,-1.57531461699199190833302742004670e-06
2.36200000000000000000000000000001e+02,1.95788546518325759343931780660031e-09,7.08037488050656549763847629140026e-09,6.74643614912848085420074040071435e-06,-8.39602659175113666778428888046914e-07
2.36300000000000000000000000000000e+02,1.86676012920371702285337227676792e-09,-7.31536998146395216233398445518345e-09,6.73187867600266927898389006564864e-06,1.11133106746802816661376274840588e-06
2.36400000000000000000000000000001e+02,1.98869618697675574722351856624407e-09,6.96862005817106298347118824220936e-09,6.71380226585936134202025513714653e-06,3.00165932294201576398886402732794e-07
2.36500000000000000000000000000001e+02,1.82142275871247327163715673741307e-09,-4.04679945261713984855015752122939e-09,6.70818062839219320032758612483158e-06,-3.49629899883901476066926967734132e-07
2.36600000000000000000000000000001e+02,2.00037937306216240645299709304996e-09,1.50024130490999535612990432015839e-09,6.70288749203817076890645443418259e-06,-4.99109898815596806684829137544189e-07
2.36700000000000000000000000000001e+02,1.82820006329615080139199703299677e-09,-1.30742172818631924997264535220510e-09,6.69843040234608392948034742033259e-06,-6.06393190140027667199673598442247e-07
2.36800000000000000000000000000001e+02,2.01155261160235241512565130806543e-09,-6.25423279921402629306611465568673e-11,6.68722504661173502260518912861843e-06,7.14039800010236102987509913260259e-07
2.36900000000000000000000000000000e+02,1.81505802322908780635896383186102e-09,3.51000729551936050766045858352167e-09,6.66861200173605732299822196362633e-06,3.95115087947970187581698771531172e-07
2.37000000000000000000000000000000e+02,1.98691793370204110122920183694332e-09,-5.27754229914120975075622849248991e-09,6.66747405085538039919194029585665e-06,-1.04130285252115034523110174175820e-06
2.37100000000000000000000000000000e+02,1.84774762898046295787618531235366e-09,5.09029111524336887409537886304209e-09,6.66699480469154206863484308245855e-06,1.04208760364544698164902458744846e-07
2.37200000000000000000000000000000e+02,1.97650545141561962853332637723571e-09,-6.47623423142715999677895278333017e-09,6.64766716683439473405281205524242e-06,4.05674020225315934690430389637274e-07
2.37300000000000000000000000000000e+02,1.86508951995694725256151871952342e-09,9.32235246263526716845585374891488e-09,6.63788119872717688848815979532404e-06,-7.19477453507143543962477756535627e-07
2.37400000000000000000000000000000e+02,1.92420366050321075998410725352120e-09,-9.49071095989155286134400186482936e-09,6.63611947196283151028978710109881e-06,4.19947028940007069819931064512194e-08
2.37500000000000000000000000000000e+02,1.91239854575185885393864442336744e-09,8.35468175501483693425508456991957e-09,6.62638131745738920487623054027412e-06,2.72997779868043897097278138679016e-07
2.37600000000000000000000000000000e+02,1.90183459248008605699312898858377e-09,-8.81784634888334425802452309372333e-09,6.61804138461861040124395787855700e-06,-1.91694286066142758501825848155620e-07
2.37700000000000000000000000000000e+02,1.94610814194527639909920468774442e-09,9.74132452726769930310326262244771e-09,6.60443878567716398371434967045133e-06,1.19341014992221135296204277067913e-07
2.37800000000000000000000000000000e+02,1.84523244946843459382518493106939e-09,-7.48418828449998564775319804685710e-09,6.59477387346730835265752383825213e-06,-7.29102765694439799760672585890080e-07
2.37900000000000000000000000000000e+02,1.97892289333334996753128717246388e-09,5.07598284771016509587571396961087e-09,6.59897499043424671725096493844598e-06,-4.74329858395397343673366524113153e-07
2.38000000000000000000000000000000e+02,1.83944316698543614140540988832934e-09,-4.74414044021255559372749135941699e-09,6.58664953658486304002266982161398e-06,1.25535639758326976080721461991892e-06
2.38100000000000000000000000000000e+02,1.99944328374569589077433118174871e-09,4.24777437639613231457658885389713e-09,6.56466608078049088560653037271788e-06,1.11406437041761720310796791870586e-07
2.38200000000000000000000000000000e+02,1.80596854194278490497671293411468e-09,-9.08558617142853963320789960448396e-10,6.56306793754344098341173708744542e-06,-1.38504626569134063871951328015754e-06
2.38299999999999999999999999999999e+02,1.99861147250923066581634368838710e-09,-1.52859124767073921552155477421296e-09,6.56342451091469907878940998173316e-06,-2.18054411843204288895969680866806e-07
2.38400000000000000000000000000001e+02,1.82608351887278281387010827563465e-09,1.77747070428805973540275370669443e-09,6.55236274564892533333102018975577e-06,4.59528902878923448960653781524708e-07
2.38499999999999999999999999999999e+02,1.99719497187417416831422928506957e-09,-3.07229374526997628781055642893811e-09,6.53926068325313959125683766242122e-06,5.18989100045923433668492121775614e-07
2.38599999999999999999999999999999e+02,1.82437289998642542186407044692982e-09,6.35012220767376674342907415830061e-09,6.52457726953604949796948614726241e-06,1.55872146964157116517640765346462e-07
2.38700000000000000000000000000001e+02,1.95942478035953923904064321454246e-09,-7.79461939333333416457396302694925e-09,6.52233784088826032773107071499636e-06,-1.44390019909488232381760710910428e-06
2.38799999999999999999999999999999e+02,1.86700266497237794569651268492342e-09,7.09602159179060446931916068478870e-09,6.52615425732918871491522715919670e-06,-4.72727703608210376665138487557650e-07
2.38900000000000000000000000000001e+02,1.93969345049722282759703410544250e-09,-8.27820223401116674157661067156408e-09,6.50744050990800829663612640220986e-06,1.50181932423700141233626713718793e-06
2.38999999999999999999999999999999e+02,1.89054113250967055050391145836986e-09,1.02656510248062282980308752568071e-08,6.48900862600256045690938200753419e-06,-3.68565136782506682231112429238311e-10
2.39100000000000000000000000000000e+02,1.87907502445277510727801609918877e-09,-9.80318272459131338237767372534013e-09,6.49112474471905833696304345095457e-06,-9.53583190123559045389511620863382e-07
2.39200000000000000000000000000001e+02,1.93693009691096098411841909234341e-09,7.50902647715248052737027802703556e-09,6.48675570436826818751604995920036e-06,-1.81127193548929027272878231510350e-07
2.39299999999999999999999999999999e+02,1.85923918974114351504541296427553e-09,-7.68251935177678376983065133415797e-09,6.47527226324104376889745704046958e-06,-1.81204981586339287913299236386837e-07
2.39400000000000000000000000000001e+02,1.96249823106784718665744072014933e-09,7.55732144174323631246077211965790e-09,6.46461365309382280590859738610362e-06,5.59969922463690715432872254172200e-07
2.39500000000000000000000000000000e+02,1.80801379340735659103279443319030e-09,-5.14866997995106110750841772951485e-09,6.45191164294533755990622447811333e-06,2.49759107957867659899058602168005e-07
2.39600000000000000000000000000001e+02,1.98039877270024511994389688017967e-09,2.12461754373113903276353198146660e-09,6.45097459890264265132557204331621e-06,-1.07075531950955730826638173643381e-06
2.39700000000000000000000000000001e+02,1.81241010687801557311613782836460e-09,-2.16319472107545277922211013282991e-09,6.44746815819070776120845879091615e-06,8.09979429037125927328343804419289e-08
2.39799999999999999999999999999998e+02,1.98859545640293383308231863769757e-09,1.02747101233541003877802964920274e-09,6.42768060878666237421735181667833e-06,5.63440055471335655142208376367952e-07
2.39900000000000000000000000000001e+02,1.78745960978261799935962819227461e-09,2.12099880124408639730379281841449e-09,6.42044075210727935919165840660788e-06,-7.21900642301049688411672561258835e-07
2.40000000000000000000000000000000e+02,1.96977041819429088843046237908247e-09,-4.74874238391868941540149871584422e-09,6.42210471547054612828151542724210e-06,-6.42474404492616842468790328583364e-08
2.40100000000000000000000000000000e+02,1.81818591726146019243961122112254e-09,4.45041268121329610593272869297759e-09,6.40902446694093507324351804188165e-06,5.22309263421887070478609738855588e-07
2.40200000000000000000000000000000e+02,1.95608235793796183789457469192793e-09,-5.88561753018964357720107315774554e-09,6.39694809225253565626599492896062e-06,-3.46771227247386733418308441830119e-07
2.40299999999999999999999999999999e+02,1.82571233577735031943720722467435e-09,8.62330212672790313140801079078991e-09,6.39026324922587025747710205684739e-06,-2.75606108726932972357286568247506e-07
2.40400000000000000000000000000000e+02,1.90330288310870027136274753802354e-09,-9.51747794353013157080718449892519e-09,6.38319627752451719603829166815068e-06,-3.30130272482875824893840038799326e-07
2.40500000000000000000000000000000e+02,1.87257262405089873708360476011278e-09,8.11796870499971151370240817826309e-09,6.38165506043240722262326538637490e-06,-1.44971111765670144706734709559319e-07
2.40600000000000000000000000000000e+02,1.87868702076855456582092370948811e-09,-8.77723822584697536204148605657367e-09,6.36858229661393353761665623424182e-06,1.06616735091980921448778840379311e-06
2.40700000000000000000000000000000e+02,1.89825632668060503688437817861134e-09,9.98496941906338640515907401283675e-09,6.34936291615653453955434250383016e-06,-2.10349101761326675894037544541997e-07
2.40800000000000000000000000000000e+02,1.81567070981306859694705792776680e-09,-8.40830297726425497815447369992947e-09,6.35221949877546590873257635894948e-06,-1.65778480185932459151770716715473e-06
2.40900000000000000000000000000000e+02,1.93448030558778359604433166792261e-09,5.69167428740986827264620137384759e-09,6.35233145961523740415006840726801e-06,3.13136321646821393653161872755028e-07
2.41000000000000000000000000000000e+02,1.80445148281640739715983241114343e-09,-5.32169740601026783387841542626886e-09,6.33439374480407885143933932775585e-06,1.04403618010988395524703657003265e-06
2.41100000000000000000000000000000e+02,1.95091400076167259084007198465362e-09,5.05091252003764915885271132912648e-09,6.32256067363611840930742327600337e-06,-8.69331611508851533070358804440131e-08
2.41200000000000000000000000000001e+02,1.76251268394206994411559505019106e-09,-2.00921031762528959290766253368149e-09,6.31560140530505201194454402322788e-06,-4.89725605402291734890080785646811e-07
2.41300000000000000000000000000000e+02,1.95237135403158535676938154078532e-09,-6.22627257383807490372783224391397e-10,6.31316799236477343062236813501249e-06,-1.01582966051492921299348149178624e-06
2.41399999999999999999999999999999e+02,1.77680956825353781842564007383976e-09,9.22968224820372671508581602737242e-10,6.31178060962139107335480990288246e-06,1.19840382549671612627765443541672e-07
2.41500000000000000000000000000000e+02,1.95031473533884254406528392480644e-09,-1.94011170333438307814548597683635e-09,6.29261107087965574534650833043192e-06,1.46240809208186349772948798236380e-06
2.41600000000000000000000000000000e+02,1.76456169934570047455994818384153e-09,5.45440091597645510151063397235968e-09,6.27757035833949523953436568763117e-06,-4.96219087117188286431884938838560e-07
2.41700000000000000000000000000002e+02,1.91378183393692131882968856387999e-09,-7.30285024408215582256095075033831e-09,6.28297175915933503174828246201103e-06,-1.31012918923802650340847689050335e-06
2.41799999999999999999999999999999e+02,1.80389710929840318320721769599518e-09,6.91174446941843431818265886747804e-09,6.27786494689653658050130526006909e-06,3.32648736102795678242303296458846e-07
2.41900000000000000000000000000000e+02,1.89034731017659794066446838140711e-09,-7.74151207783475990997786450787861e-09,6.26135233386470346076755063107103e-06,3.15082042410018990978842946101812e-07
2.42000000000000000000000000000000e+02,1.82064041184562630558403696910766e-09,1.00533776551061336159878547865558e-08,6.25274917144773816728545649550957e-06,1.78196921868237083314820637363423e-08
2.42100000000000000000000000000001e+02,1.82841138397718807161822176344274e-09,-9.83712568202680188310913813645011e-09,6.24583050250033651676711977299079e-06,3.34220455105717920844167923303811e-08
2.42200000000000000000000000000001e+02,1.86464198718178121850382061448586e-09,7.91413903408532538408140087656368e-09,6.24199797827288683262053529807411e-06,-7.48093345281327776304474327761530e-07
2.42299999999999999999999999999999e+02,1.80332623048977825670725768759306e-09,-7.89925716122152652704741665837617e-09,6.23667356709563622759795849930296e-06,3.41281730494444637788620898928709e-08
2.42400000000000000000000000000001e+02,1.88697342294679578481238072015793e-09,8.32041012958350311846495594601485e-09,6.21876893644720210751300546796287e-06,5.73433412929373255831028994690939e-07
2.42500000000000000000000000000001e+02,1.74563623020995484736680055159608e-09,-6.05710352963349178335904917340817e-09,6.21257862741726370022320574711357e-06,-7.38406036127866318749706195246122e-07
2.42600000000000000000000000000001e+02,1.90707196696745541061320608622373e-09,3.07099550154036212096183175884988e-09,6.21604775737105932904142195781302e-06,-4.55585135801526051820984727481555e-08
2.42700000000000000000000000000001e+02,1.74210030964035078092818797527987e-09,-2.71844897290556509902206906299703e-09,6.20033281719251616438924320074399e-06,6.96025296502366987520406508378530e-07
2.42800000000000000000000000000000e+02,1.91198937214871706255950040504184e-09,2.00473471893297550373575044851742e-09,6.18676211802713445385623999938258e-06,-6.70877749543571558231921985760055e-07
2.42900000000000000000000000000001e+02,1.71055903579104619757733804478665e-09,9.97972584191843134204040288163210e-10,6.18589405236059055545027249168801e-06,-4.77016525880885950779785779723942e-07
2.43000000000000000000000000000001e+02,1.89626752719938167946558546177737e-09,-3.72397480326131456377286610027466e-09,6.17971183657173281061620597523813e-06,2.34089495333485142387163598224420e-07
2.43100000000000000000000000000001e+02,1.73206789414359834311402176249702e-09,3.79386760419657819511386593048831e-09,6.17266059157674689145176944344000e-06,8.37855813590454616879457647352910e-08
2.43200000000000000000000000000000e+02,1.87974082477036940190135108396856e-09,-5.09015581235757528854309108698703e-09,6.15972578838753919048875627406148e-06,4.92210956646219883075237295299826e-07
2.43300000000000000000000000000000e+02,1.73254653852503398962120278984460e-09,7.99959996098566358080850317486804e-09,6.14557424474772259038074121856074e-06,-5.07364019906949536698339763720291e-07
2.43400000000000000000000000000000e+02,1.82777194237399768445615574307368e-09,-9.35148446354139259988259113212729e-09,6.15039383301007694985175543073618e-06,-1.30419798892644549655414721563460e-06
2.43500000000000000000000000000000e+02,1.77549070714108334414675392358735e-09,8.15612136385945607951292235600580e-09,6.14798288623535365163471137909791e-06,7.38771587857022158328930397448254e-07
2.43600000000000000000000000000000e+02,1.79587417211678182303157173217894e-09,-8.57008643085945418979427122235491e-09,6.12561946031578067915617287007471e-06,1.11081454886116488621155662419929e-06
2.43700000000000000000000000000000e+02,1.79488266528184039599968068856422e-09,9.91764387152837571933543542517115e-09,6.11596057886833710969601375841865e-06,-7.60023959681345295507890879595273e-07
2.43800000000000000000000000000000e+02,1.73268650226439253553967153161709e-09,-8.95912263956735365600702162692933e-09,6.11744524377531245315073172119270e-06,-7.96130148474734146351082175131255e-07
2.43900000000000000000000000000000e+02,1.83086037951898223727361760226324e-09,6.44303350346091719487915136278640e-09,6.11235984120652332883108410324795e-06,-2.11584364028169891222912865183299e-07
2.44000000000000000000000000000000e+02,1.71108431017611195015812108775939e-09,-5.94267833551724826780389679781989e-09,6.10367422151380390151243453001518e-06,3.66238331259063679654685010069868e-07
2.44100000000000000000000000000000e+02,1.84403112099972997358940920890773e-09,5.85283567121736018396008723612771e-09,6.08762353836464954653102058811731e-06,1.00710360025104866991743492972737e-06
2.44200000000000000000000000000000e+02,1.66408422641857011619825206203396e-09,-3.15585260791054756504851870647316e-09,6.07754726073909432907525128814005e-06,-7.45654982749324810827129599189368e-07
2.44300000000000000000000000000000e+02,1.84979081969386014988318899978261e-09,2.85992484891497973622538424414117e-10,6.08402198407358867405873877227498e-06,-1.35763570303220234553629141436646e-06
2.44400000000000000000000000000000e+02,1.66963778771638198475946932200260e-09,3.00295386867837505538308606718749e-10,6.07563584348293950799171099543838e-06,7.97891184013875875794416030196933e-07
2.44500000000000000000000000000000e+02,1.84246000321728072337764992863828e-09,-9.85813840256077191941005725379079e-10,6.05558582156849061641408365040846e-06,5.53103476110015713713496630540901e-07
2.44599999999999999999999999999999e+02,1.65087677250739911752503215507073e-09,4.25926511688918233954632508603294e-09,6.05209968606770297515843017302985e-06,-5.05786176528902056808315219094120e-07
2.44700000000000000000000000000000e+02,1.81289449206417009466661383100939e-09,-6.53745434778018363644533674659820e-09,6.04936179436992881817070669299740e-06,-8.75661885047434996927327693144874e-08
2.44799999999999999999999999999999e+02,1.68360425027986354489128765141844e-09,6.61490197384103413285206598867940e-09,6.04061452444704505288133493540646e-06,-4.26648646254548136073685946355986e-07
2.44900000000000000000000000000002e+02,1.78319797741832466684743209639700e-09,-7.26079189910411083445013956343800e-09,6.03336295576153045550659365370279e-06,4.08897242804611452834841485130237e-08
2.44999999999999999999999999999999e+02,1.69481266461046199999956626494877e-09,9.71500630942346166776229793610377e-09,6.02027817311596843419990960883747e-06,5.04656455331470346524656870267390e-07
2.45100000000000000000000000000000e+02,1.72409358611107884879827687554657e-09,-9.97538724912775179730080531088987e-09,6.01539252342404777311310952666094e-06,-6.75037853369013027879637110900165e-07
2.45200000000000000000000000000001e+02,1.73965625012650080156156200936377e-09,8.24458701396736914626019453132977e-09,6.01611170219243913948777828638207e-06,-9.65726717939507191649082680084739e-08
2.45299999999999999999999999999999e+02,1.69172471493325360098023605758889e-09,-7.88294155763806960207045624880314e-09,5.99981434504795434315950630826373e-06,7.04808543600093109440516644036812e-07
2.45400000000000000000000000000001e+02,1.75549619956290901847109312029972e-09,8.67953758286546992066786713413802e-09,5.98774923434260708881384768569263e-06,-7.29634681332994873179396989402620e-07
2.45500000000000000000000000000000e+02,1.63389760987051384253597361499141e-09,-7.04089950164138705284824106656103e-09,5.99093964295459082515349926085602e-06,-6.20664958026655216448503286472689e-07
2.45600000000000000000000000000001e+02,1.78252245777236308583415432292974e-09,4.11055064160491517961455514058737e-09,5.98343710246530586738532099213873e-06,6.79411637606076850555521091347796e-07
2.45700000000000000000000000000001e+02,1.62126569577071196828568376427283e-09,-3.38759328110019774517018875866892e-09,5.97024658985531529284790615131947e-06,2.18141336831243272999640016355020e-07
2.45799999999999999999999999999998e+02,1.78363076040732804982652715936517e-09,2.89700789458223576369754304229263e-09,5.96174009931637341988775585065460e-06,-1.88234127880210282334440501063440e-07
2.45900000000000000000000000000001e+02,1.58497737400908422581021433103477e-09,-1.83039610208011853372633110924496e-10,5.95343340672580167729515545577656e-06,-5.58030388918756108930520338045049e-07
2.46000000000000000000000000000000e+02,1.77576629711517804227995325143740e-09,-2.92417674015422248586758185081354e-09,5.95491303792321053125395191459092e-06,-7.83878485244458269535027890975153e-07
2.46100000000000000000000000000001e+02,1.60210852055551807285010092541784e-09,3.16798196709825055178626520691336e-09,5.94945816207305365233388318236381e-06,1.00030224444127354027726032206636e-06
2.46200000000000000000000000000001e+02,1.75475490575149307174056218222071e-09,-4.19275756646922386396703253458617e-09,5.92682108363416606070202836853279e-06,9.08776740570462631363383051029168e-07
2.46299999999999999999999999999999e+02,1.59442072163650403757889831813350e-09,6.94900217488512746609683230690846e-09,5.92142456954356991076091520486919e-06,-1.41979479774977526100064013285540e-06
2.46400000000000000000000000000001e+02,1.71036448597429279826068628749102e-09,-9.13237619480526174169359738408531e-09,5.92721004849046381484629336786874e-06,-7.34266066571507870767227174886441e-07
2.46500000000000000000000000000000e+02,1.63732726303097768136411974878723e-09,8.09725893631309388249650857980129e-09,5.91700455933084477386713949568455e-06,6.61467419494643265618031514227521e-07
2.46600000000000000000000000000000e+02,1.67222168060063682512542437284667e-09,-8.48975487390152152478335877568186e-09,5.90423724685482407505337382846222e-06,3.86661653550202860340353299565103e-07
2.46700000000000000000000000000000e+02,1.65078708700178844817190135906677e-09,9.74765705462595135518858162988986e-09,5.89333671002158768845324152048569e-06,2.44453315821771976730945023965558e-07
2.46800000000000000000000000000000e+02,1.61027678886740712156129480929732e-09,-9.57674774950921550971764068999217e-09,5.88750493272760614759591075390898e-06,-8.53776857922542430344935617655795e-07
2.46900000000000000000000000000000e+02,1.69134876161767974919218088504342e-09,6.80554212144568604308063318006659e-09,5.89138911803455687731507440245484e-06,-9.00811812290768883105063787348356e-07
2.47000000000000000000000000000000e+02,1.58391411256461936031036661039404e-09,-6.42318545879990771799168292871340e-09,5.88040736954318408479387600829800e-06,1.04945373855748431167500524965064e-06
2.47100000000000000000000000000000e+02,1.69929755487246165252171582548161e-09,6.46938349815290046781378748238042e-09,5.86060460482537112794732176953928e-06,4.49458602752291265244752716514774e-07
2.47200000000000000000000000000001e+02,1.53225775704890142277892427975080e-09,-4.58515085543277873236915192297719e-09,5.86028889965322499452648272538868e-06,-9.56087922146333294715546341496905e-07
2.47300000000000000000000000000000e+02,1.71448975631521250613167399191621e-09,1.15493656898631663270768119835139e-09,5.86051013029010320885397213546159e-06,-3.97530600265366627492743010575123e-08
2.47400000000000000000000000000000e+02,1.53261055099218589293119341687153e-09,-5.17254419147558516464359316606583e-10,5.84738911674865639205236749083902e-06,6.31133980045841884613812108413785e-08
2.47500000000000000000000000000000e+02,1.70423838621968607312106573604130e-09,-2.26412814402645488903549009659534e-10,5.83856905234116277071416660804577e-06,-2.07771213323533707119531125764509e-07
2.47600000000000000000000000000000e+02,1.50772926332426964833609455764429e-09,3.06509510368394452513808411663683e-09,5.83130310064908422108215003929131e-06,3.33269915215525777198256756923380e-07
2.47700000000000000000000000000002e+02,1.68150835282866529239687554895380e-09,-5.96709326198042555557498564777200e-09,5.82585144446734749538396456211950e-06,-3.48072307516919718739306265147336e-07
2.47800000000000000000000000000000e+02,1.53928651477715500636758196709256e-09,5.98517688664909412036355746659537e-09,5.82378207489211262042072699977546e-06,-2.20217872988816539093983077897655e-07
2.47900000000000000000000000000000e+02,1.65096270623149228968927018794026e-09,-6.61541686346842680076569233487169e-09,5.80856066729222192924685840166135e-06,5.42425288973688304018568792535396e-07
2.48000000000000000000000000000000e+02,1.54319181108896493871029633354708e-09,9.11536208834734749092848486674240e-09,5.79797081663622689874511763388930e-06,-7.18696374687334586750595288237474e-07
2.48100000000000000000000000000001e+02,1.59580543383551017007459224520587e-09,-1.01582107565404570007272820554703e-08,5.80384315366616862949873080285863e-06,-4.96983393875371391924189788119665e-07
2.48200000000000000000000000000001e+02,1.59219389880259387960986094327028e-09,8.50913403484963191432422982690646e-09,5.79396489469286350791873898328810e-06,1.00505317333312542884925823036080e-06
2.48299999999999999999999999999999e+02,1.56041561157544842225705131416449e-09,-7.98672067818656912556242770886781e-09,5.77677564033071290551036226723723e-06,-9.27923540396394568068041083552916e-09
2.48400000000000000000000000000000e+02,1.60529363574819433296448573250659e-09,8.94403181779008098487681840974836e-09,5.77337017043760919709876184330930e-06,-7.37073418386700841470053855556972e-07
2.48500000000000000000000000000001e+02,1.50238324423217949366695363075206e-09,-7.74900339930554709313154081675874e-09,5.77005427333652291618497321412582e-06,-2.99744662526468462529063557468669e-07
2.48600000000000000000000000000001e+02,1.63831554822781821612249110302576e-09,4.90555533030104279049178596512135e-09,5.76658794292157561517865061941577e-06,-1.51920881089640347113780898073837e-07
2.48700000000000000000000000000001e+02,1.48767147533966830455217745803819e-09,-4.04632738892006720186635175214152e-09,5.75703198833369463368834347483881e-06,8.53742125502287878461466396928261e-07
2.48800000000000000000000000000000e+02,1.64056767508858788907154459554319e-09,3.97719372547948148446894600322438e-09,5.73826484113727972635377411500398e-06,4.07351893589750396573801298620026e-07
2.48900000000000000000000000000001e+02,1.44636564165109605141874145915270e-09,-1.36754933680011327742691273575777e-09,5.73747257736478890759063728705392e-06,-1.55717433415980407169027313464638e-06
2.49000000000000000000000000000001e+02,1.64157044319745743681346499406141e-09,-1.94048608193588381673855393618225e-09,5.74362110243308628367657368040710e-06,-4.61628233983883180243108697980604e-07
2.49100000000000000000000000000001e+02,1.46187333374904829799410617730417e-09,2.64874538626837349181586987085105e-09,5.72800096795680525422578774322728e-06,1.23143148924170522472152655565805e-06
2.49200000000000000000000000000001e+02,1.62171184010114274176759339659468e-09,-3.32837416682098679392354764864302e-09,5.71261460944838813114329997292492e-06,1.83232485081720800248022592125636e-07
2.49300000000000000000000000000001e+02,1.45117038954063917474034580750251e-09,6.14775057266172146641735386193331e-09,5.70999533890608398741439971017355e-06,-5.07694650302886688364224900903183e-07
2.49400000000000000000000000000000e+02,1.58371416900705310286604095549396e-09,-8.48909195069734823411585471850133e-09,5.70682679704159762132055762864566e-06,-6.03852257932441585170528074463444e-07
2.49500000000000000000000000000000e+02,1.49364330504598257917670406620570e-09,7.88538444584878148951610875792723e-09,5.70382917414860044262120865724041e-06,-4.27664501977427498673992011614351e-07
2.49600000000000000000000000000000e+02,1.54733882081071153172918889424963e-09,-8.10299789133882148575728178089053e-09,5.69224050282817382307763463480835e-06,1.03267721566743243885119247776760e-06
2.49700000000000000000000000000000e+02,1.50575927260945228610081806664042e-09,9.75703882260784240116209484594438e-09,5.67590907550549399334704426505150e-06,3.06083322427625214526697525267183e-07
2.49800000000000000000000000000000e+02,1.48747014119076624191685553640746e-09,-9.93677438436348575537498913591047e-09,5.67822699360101229684203221240735e-06,-1.29573839754068440548655323568951e-06
2.49900000000000000000000000000000e+02,1.55099848950112385596246661263968e-09,7.43211576664453636075533746784824e-09,5.67785563892424079789763812354254e-06,9.07181770028507687214566310736317e-08
2.50000000000000000000000000000000e+02,1.45880393164646841180607788597322e-09,-6.72873484567961604129319794982592e-09,5.66071338305427679849695270808787e-06,4.76022362692053162852439267023427e-07
2.50100000000000000000000000000000e+02,1.56023767446234507794046475473489e-09,7.02840821955122718228914261783623e-09,5.65362448272349073683267585134087e-06,-4.22981514483999108795538002314108e-07
2.50200000000000000000000000000000e+02,1.40777027095986297340503956504473e-09,-5.49344341400178137214458131338739e-09,5.65123691632328711728173056477121e-06,1.38419747438189195515343451551712e-07
2.50300000000000000000000000000000e+02,1.58152784155539961930304786403455e-09,2.24999935935601312688549044595642e-09,5.64338815949225150724198964762149e-06,-9.43254209807549238547764881690899e-08
2.50400000000000000000000000000000e+02,1.40347920745062201817981619237790e-09,-1.37041430413292432527041560270557e-09,5.63797370631517548514632731118112e-06,-2.52962915688808068372015259269210e-07
2.50500000000000000000000000000000e+02,1.57554903377254229354140782246546e-09,7.73867933910956389942250159044436e-10,5.62653211524765698925682813845303e-06,3.06634458287739839394350463523038e-07
2.50600000000000000000000000000000e+02,1.37641320415543095261571964919310e-09,2.00818302096184550695071518326653e-09,5.61852191424068331557544490731829e-06,-5.90212762386412879794431403969144e-07
2.50700000000000000000000000000000e+02,1.56010278967513541003665112579268e-09,-5.16739182706324526157569619728994e-09,5.62207394749590572393643302938973e-06,-3.01440095112630495549919282067391e-07
2.50799999999999999999999999999999e+02,1.40549540026436953821997239380359e-09,5.57271858719589427511435949418615e-09,5.61077946695684281405984716876372e-06,1.07232658871176877846609345436419e-06
2.50900000000000000000000000000001e+02,1.53026875930220612662502291724753e-09,-5.98925137937117567997682442228564e-09,5.59355846520702992710382914501606e-06,-2.10252063550124982142805401574766e-07
2.50999999999999999999999999999999e+02,1.40913376427054681335850260640186e-09,8.43112245386080788032176872712548e-09,5.59454296695781173056430485232969e-06,-1.19695622681898039098108256927401e-06
2.51099999999999999999999999999999e+02,1.48248415337015101951559273287374e-09,-9.82795658284363724926227410832941e-09,5.59362759925929123773251195610137e-06,1.10292925833538736172838093276333e-07
2.51200000000000000000000000000001e+02,1.45731339558735169408379684561325e-09,8.70700535489141570537117927846430e-09,5.58312315542345580566882886784512e-06,5.15333696315385297040010084649522e-07
2.51299999999999999999999999999999e+02,1.44537480564388090918877072989324e-09,-8.08490011869314380625019437397850e-09,5.57315041708697400243117559427567e-06,3.59632769495312614196253401763860e-07
2.51400000000000000000000000000001e+02,1.47314341947426286351502497376677e-09,9.25416581231818597600499621962646e-09,5.56097529642627622078935150956498e-06,-1.50354114529522561020607990101033e-07
2.51499999999999999999999999999999e+02,1.39055601310242415555355655694646e-09,-8.36511087740813964415818083082656e-09,5.56111901321197124413647713338110e-06,-1.37230949916367449799120963291213e-06
2.51600000000000000000000000000000e+02,1.51177014286144408375813375286317e-09,5.79083681329643242362982329386192e-09,5.56496641249045634987556180823581e-06,3.50080418420938036044167283747916e-08
2.51700000000000000000000000000001e+02,1.37146498281300176895878321966452e-09,-4.50694861744560559265226963336067e-09,5.54592713899653410611174602618333e-06,1.51485733248820246321383902775241e-06
2.51799999999999999999999999999999e+02,1.51634415591914532130808824426765e-09,4.76267924416977438626847048726059e-09,5.53146680653350006967365380198596e-06,-3.60467931480334935061639467965947e-07
2.51900000000000000000000000000001e+02,1.33269412578068962615261026834104e-09,-2.47126200914761233689656433240142e-09,5.53552984488993355623817928527181e-06,-1.02479300505824370984052144007402e-06
2.52000000000000000000000000000000e+02,1.52717317367740354794890833470980e-09,-6.47511104549686386128190769618828e-10,5.53215510020211744287440078607873e-06,-6.75977049062483441249396628162547e-08
2.52100000000000000000000000000001e+02,1.34205751793479672199644590618642e-09,1.98025542931327637052618797814414e-09,5.52298310223416645647178483575513e-06,6.81118473979159445020501549657932e-08
2.52200000000000000000000000000000e+02,1.51013458685432783219634985950455e-09,-2.46017283301264308659578590823668e-09,5.51195404271461995715044633801349e-06,6.60445141926804149352085654066240e-07
2.52299999999999999999999999999998e+02,1.33278996770571792952488710300773e-09,5.33653573754413056480756488077979e-09,5.50085610664887912130647357475567e-06,1.15799245461905961068727347384055e-08
2.52400000000000000000000000000001e+02,1.48165284453454632181111752143689e-09,-7.82683461779015862323291915778738e-09,5.50366620031829031689085242396885e-06,-1.18278765339606911245925504283094e-06
2.52500000000000000000000000000000e+02,1.37443885093582044634930822681368e-09,7.77908074992378511606766093765169e-09,5.50109614989371240896083715806268e-06,1.99071702287092957145708864374185e-07
2.52600000000000000000000000000000e+02,1.44423850582210028709023578810164e-09,-7.61090032997790485169735815248630e-09,5.48251832877396670742408238705323e-06,6.49453660119697267857046657745628e-07
2.52700000000000000000000000000000e+02,1.38700300261413326956075789281247e-09,9.37751190947798027174568011140143e-09,5.47664380905709811143799589710277e-06,-5.83722123851081520420206170086226e-07
2.52799999999999999999999999999999e+02,1.39380994119253625501743949384703e-09,-1.00491023085801062040138530879235e-08,5.47879851931345673156840094356677e-06,-5.58025396327209902148177299145750e-09
2.52900000000000000000000000000000e+02,1.43607833099379080189437101224630e-09,8.10328242849863151943111864323772e-09,5.46836958672700369088398750799260e-06,2.27501397438696113324598619121503e-07
2.53000000000000000000000000000000e+02,1.35989139304194739919248078484234e-09,-7.13350928345536259664569525194569e-09,5.45921152553770211969595253492132e-06,-4.69234320155206002209022529906924e-07
2.53100000000000000000000000000000e+02,1.44800880800437992518219937647201e-09,7.51087323831198980360796418176569e-09,5.45311405567137881115754694684476e-06,6.73849528656131704838787336292163e-08
2.53200000000000000000000000000000e+02,1.31293954245651592330227527125884e-09,-6.42006311546064812014136329838306e-09,5.44677269385775739666098460023677e-06,-1.58574893617225351270590219113062e-07
2.53300000000000000000000000000000e+02,1.47811611163064570138075221904651e-09,3.19290155513398081633669494513089e-09,5.44671529231609951816815585188247e-06,-1.96295343790212966975050899883311e-07
2.53400000000000000000000000000000e+02,1.30381126532751087332898503412888e-09,-2.06082293781876126045468640015038e-09,5.43473863693962331079273843577833e-06,8.26333351674320543490460994512639e-07
2.53499999999999999999999999999999e+02,1.47257529615491629149998974157671e-09,1.59799480737773964032348347643764e-09,5.41921553887497453319041662337187e-06,-4.38176304360212424962550817260820e-07
2.53600000000000000000000000000000e+02,1.27711374992633115305335755673976e-09,6.23045718862030697760490575654041e-10,5.42437504214410705479478807414735e-06,-1.23742074325996737997761844450807e-06
2.53700000000000000000000000000001e+02,1.46972201790423456748538050240620e-09,-4.23398107409117582876355429858232e-09,5.42284025037639890834588652936412e-06,6.08847273385438375179084866179404e-07
2.53799999999999999999999999999999e+02,1.30195988195418696949183009917750e-09,4.98992913067116462578915150187499e-09,5.40595904351319757917042839319397e-06,7.57182667131840087549780652997116e-07
2.53899999999999999999999999999999e+02,1.43854229238694885346477261534957e-09,-5.54271935135530743994385966686083e-09,5.39764581560369997116140270453987e-06,-2.53273654166998655718528155742170e-07
2.54000000000000000000000000000000e+02,1.30541670466433407105977320761394e-09,7.59984526412345387672927017108979e-09,5.39324878809493615301432535743219e-06,-5.24848526255971452926885943926469e-07
2.54100000000000000000000000000001e+02,1.39981174800444578789681818846306e-09,-9.67934466835743465852410958146574e-09,5.39242419306998526510153929660209e-06,-8.34741027759825581730022535486252e-07
2.54200000000000000000000000000002e+02,1.35518897953969955166504349986951e-09,8.60674545129960794542380335465068e-09,5.39004282273015352493890130258749e-06,4.34802870421533284987668362002538e-07
2.54299999999999999999999999999999e+02,1.35997498706508627270215472040150e-09,-8.06078788470308830143308125659765e-09,5.37132949921316973661615349554836e-06,1.32402218514819181641722161868017e-06
2.54400000000000000000000000000000e+02,1.36895053624624505833403223846982e-09,9.10762135261192872971602838188114e-09,5.36105232159126025082086986213655e-06,-7.66573153922568160145844630904604e-07
2.54500000000000000000000000000000e+02,1.31076265486377623293077373266570e-09,-9.18117911752156911524192888678834e-09,5.36875496162396526581817395372438e-06,-1.29675387558381999798824533874320e-06
2.54600000000000000000000000000001e+02,1.41566138241389043479197528652838e-09,6.57707801843006478843650321306751e-09,5.36279401524952793611290580259738e-06,5.03682004846099769734370310389635e-07
2.54700000000000000000000000000001e+02,1.28571852069161075814463160309509e-09,-5.21301001867299462311660140347697e-09,5.34759056314258550594372457381291e-06,4.95652524333678193492717334557863e-07
2.54799999999999999999999999999999e+02,1.42055848645725899718497223490725e-09,5.30722995768451377626404735527914e-09,5.34099039703078732683324143728393e-06,6.18291670109935317144169062445743e-08
2.54900000000000000000000000000001e+02,1.24804711898897065003381764090213e-09,-3.63632859996705319082158781708568e-09,5.33548872529997329645847435461714e-06,-2.08281565915838168927700769255728e-07
2.55000000000000000000000000000001e+02,1.44127580535564277612581546819655e-09,2.66614915723386445105139628776222e-10,5.33444601308441157982493718848570e-06,-9.20972622256842517252964450196162e-07
2.55100000000000000000000000000001e+02,1.25425325177579689533288530818645e-09,1.17335647319439186673492590412487e-09,5.32982835998854668322947708043732e-06,3.11855115341034878534060827515618e-07
2.55200000000000000000000000000001e+02,1.42492852487126286481195225179868e-09,-1.55823088365209095361314951812302e-09,5.31274783307157008298213777512272e-06,7.63865526245586916443083604530963e-07
2.55300000000000000000000000000000e+02,1.24191842001279707421102440009455e-09,4.14762021890890206935643483203397e-09,5.30888821925407860089611507404859e-06,-7.98843781231345038608772875783574e-07
2.55400000000000000000000000000000e+02,1.40758161363918051364684478480778e-09,-7.18778440020789483338387373486341e-09,5.31229608711026446944334250561144e-06,-1.08652546028328019359553542193692e-07
2.55500000000000000000000000000001e+02,1.28383217013102245770782529005044e-09,7.55043411739676214673253607237947e-09,5.29894499727978145621928522763069e-06,4.88876910322729022854697390082581e-07
2.55600000000000000000000000000001e+02,1.36874057684087036466266350490017e-09,-7.25506475922319975382368113220081e-09,5.28929284529033345065048770224138e-06,-6.01472025788332479357875308191135e-07
2.55700000000000000000000000000000e+02,1.29531533763940349384633990632191e-09,8.96612817135479407692378257110554e-09,5.28777341205859538815258067433577e-06,-1.23959504268241356938465340765690e-07
2.55800000000000000000000000000000e+02,1.32496143063323216429605164802998e-09,-1.00541320593568183569628883370382e-08,5.28147160936434714641104006084914e-06,2.19689981417960145877859730153594e-07
2.55900000000000000000000000000000e+02,1.34830527509416754559976496346840e-09,8.43414299762773111612782849420649e-09,5.27674952149210861238887921761001e-06,-5.44116337760150674819919097814401e-08
2.56000000000000000000000000000000e+02,1.28996124563612007854610819258084e-09,-7.33304474036392815373961178625278e-09,5.26646374448223650279709830239845e-06,3.54209114757650096291417719600010e-07
2.56099999999999999999999999999999e+02,1.36017521890072211298000585665824e-09,8.02397257757088285802056049729651e-09,5.25507620187740655856519284764611e-06,-5.81441628503628149211223278943080e-07
2.56199999999999999999999999999999e+02,1.24385607454593271604903482030569e-09,-7.36674836308093955960918710818550e-09,5.25979534561524887083196078448029e-06,-9.36589407292612179727805267938969e-07
2.56300000000000000000000000000001e+02,1.39967142268934875429676085555377e-09,4.24007960626141429692199844561902e-09,5.25655892887406025208406656527733e-06,9.78753221508666003919978807088982e-07
2.56400000000000000000000000000001e+02,1.23111089131294250152118927822992e-09,-2.69862141863876792800764498279882e-09,5.23685916950265847928638696234380e-06,7.58482633676576700808843206835924e-07
2.56500000000000000000000000000000e+02,1.39563623645505429615898191200632e-09,2.39950626461741814820828769466884e-09,5.23121422837499582712035569247472e-06,-1.00311385991795344114126437074747e-06
2.56600000000000000000000000000000e+02,1.20350704027426315369255692355944e-09,-4.33071949869704664084527930382485e-10,5.23334827023306467589669323976460e-06,-6.23749233544795843657607515574524e-07
2.56700000000000000000000000000000e+02,1.40100404391239865464121290683292e-09,-3.19535025180829168015972026979259e-09,5.22826881400644464613352561436160e-06,5.66283956327315370371516145211739e-08
2.56800000000000000000000000000000e+02,1.22555652781062184803868917485380e-09,4.27094124625974967184031729750722e-09,5.22085725223434305239867694809966e-06,5.36504826435304822753780706145286e-07
2.56900000000000000000000000000001e+02,1.37263162985091143286292524623407e-09,-4.73407356093715952242721272845371e-09,5.20584297412398838203787296461067e-06,7.47219004338485076386730692673027e-07
2.57000000000000000000000000000000e+02,1.22592380467236346070489278632746e-09,6.84489550049602460846449016441099e-09,5.19919302597335598370165311517353e-06,-1.05700712625661769140812994560290e-06
2.57100000000000000000000000000000e+02,1.34006420826582587706075402528525e-09,-9.34611216270083930844781306902041e-09,5.20790296737747037075610801598609e-06,-1.09698366086802824733656390293166e-06
2.57200000000000000000000000000000e+02,1.27653788700795220326114043744970e-09,8.64599505417877683791062342438452e-09,5.19828196712820007885040750821257e-06,1.06100339345060115204458482821561e-06
2.57299999999999999999999999999999e+02,1.29898662555663364176979342212713e-09,-7.96902103922124589047556053777675e-09,5.17993050726479687784632895969727e-06,4.98545435461482027891281818375423e-07
2.57400000000000000000000000000002e+02,1.29004742923978520292183950375941e-09,8.99943874097277876302506142761599e-09,5.17841502152967530792599674233281e-06,-5.53701445743688338738769593890605e-07
2.57499999999999999999999999999999e+02,1.25290054276965788494348151056196e-09,-9.49574997600532326542779874351971e-09,5.17705137345921857320915491263534e-06,-2.43749277484783430650960309564605e-07
2.57599999999999999999999999999999e+02,1.33906530414847513714031802015984e-09,7.24932210765730904322073818820118e-09,5.17148591413085905210358313774624e-06,-4.59675436477829391160097156035769e-07
2.57700000000000000000000000000001e+02,1.22451693982624956889721147955025e-09,-5.86330594120405162944902168467598e-09,5.16411277628770649886164251946368e-06,2.84764182649396962163967713074318e-07
2.57799999999999999999999999999999e+02,1.34706073878319685407259248012743e-09,6.07977967194948335530940620184979e-09,5.15109604031952537057807176352610e-06,6.34382294724697410292196316353942e-07
2.57900000000000000000000000000002e+02,1.18495580158491215149660058215132e-09,-4.68116535723853165435446086188718e-09,5.14904961299735491546582071336298e-06,-7.47307252273819430704659191044243e-07
2.58000000000000000000000000000000e+02,1.37394475234264113597256968370712e-09,1.32652825897674213299466153006912e-09,5.15116784144123548737750348467389e-06,-2.41684791635479840407552039180501e-07
2.58099999999999999999999999999999e+02,1.18634330869658349882567670301125e-09,4.92982355340045694030603321076782e-10,5.13637988989682077771782362270319e-06,5.69922727363532269467449671366372e-07
2.58200000000000000000000000000001e+02,1.35970165947885053004959335625256e-09,-7.59594260816355695680054918106594e-10,5.12659034055943671998146406837425e-06,-5.75831656858936086643660962042243e-07
2.58299999999999999999999999999998e+02,1.17322263714430179569780205899078e-09,3.14705769627603032405500262157769e-09,5.12975657096459361694300322530600e-06,-2.30324384651287182385664853014332e-07
2.58400000000000000000000000000001e+02,1.34885597475310525200159726005917e-09,-6.16900136048156627150195463708579e-09,5.12260745470838744941133661199725e-06,5.81602783233859358817625889494900e-07
2.58500000000000000000000000000000e+02,1.20976419702773488621947472825500e-09,7.10360188338711227044190797586697e-09,5.11223885934629376682083589670728e-06,-1.75745963029917264768404383477670e-07
2.58599999999999999999999999999998e+02,1.31186112826660937591456835154242e-09,-6.76398920874311871199526367421989e-09,5.10605294433462063368019952927318e-06,-1.54215310543422247144388666348764e-07
2.58700000000000000000000000000001e+02,1.22174682838034757054945420103674e-09,8.66589175168278234712139389101516e-09,5.09909351307566235675756467704099e-06,-3.54577743786797455808672362780052e-07
2.58799999999999999999999999999999e+02,1.27200093475547862280034232107033e-09,-9.90074651310749943650215237735111e-09,5.10107654650018321185242966913108e-06,-5.43003299946996770096327241746399e-07
2.58900000000000000000000000000001e+02,1.27464789059373162886015629490354e-09,8.86835193407221083673840730166202e-09,5.09485506507041864225646654188357e-06,1.03768633158583169009464023810093e-06
2.59000000000000000000000000000001e+02,1.23404476193821637147097917241968e-09,-7.41506291964976617789954606501018e-09,5.07516459523372898862745563715725e-06,4.64186023879372404257020991125293e-07
2.59099999999999999999999999999998e+02,1.28863806742193682969108935482016e-09,8.32908848971292925354762851596119e-09,5.07434614933534013504981817879284e-06,-1.45154438449432467250851097913232e-06
2.59200000000000000000000000000000e+02,1.19141322057780466085118978768527e-09,-7.90544308412669081255272925742906e-09,5.07945801189363972826831966749793e-06,-3.84770842851020990063586893785435e-07
2.59300000000000000000000000000000e+02,1.33136649374301880149790186328358e-09,5.43249623993725357771822339438571e-09,5.06843733125925833382185416215727e-06,7.64675801365234203201140382893943e-07
2.59400000000000000000000000000002e+02,1.17149260136353322663230460471991e-09,-3.45513241474702091168847445777096e-09,5.05761993658254473421291600078985e-06,4.07071462607566457328412197484022e-07
2.59500000000000000000000000000000e+02,1.33212926729630968751436078016877e-09,3.30995391712060549756962141402596e-09,5.04931838025698439727683999785447e-06,7.20371258654156206711822107294582e-09
2.59599999999999999999999999999998e+02,1.14438839329154044793103432788794e-09,-1.35785813934951816123065074263028e-09,5.04624905886464848258257468870680e-06,-1.05814239233543116287507709803275e-06
2.59700000000000000000000000000001e+02,1.34354792085866563109894486246794e-09,-2.07395017957639151182000633616672e-09,5.05047960186626866878727608455188e-06,-6.03448837139313924091147088640997e-07
2.59800000000000000000000000000000e+02,1.16014964870706180781843127443870e-09,3.72419892594651565052525274650768e-09,5.03852277846757580099364976282008e-06,1.31841132292409832004980579429501e-06
2.59900000000000000000000000000002e+02,1.31614361521508240693130172057846e-09,-3.97306608121128916081945744203602e-09,5.02133139311846691690255768297096e-06,3.48648106072101038890231093606972e-07
2.60000000000000000000000000000000e+02,1.16099910157612019434087071293166e-09,5.93020022787511416714575853896075e-09,5.02387392570472317084368399819651e-06,-1.16006552921656354775385980066922e-06
2.60099999999999999999999999999999e+02,1.29158278157246593488415217548295e-09,-8.59444301958382964843984256828389e-09,5.02430741807139038768056494777881e-06,-1.35579241721487181611876643003040e-07
2.60200000000000000000000000000002e+02,1.20615216229053323980803801719682e-09,8.58202663529764022561687129184239e-09,5.01288375014969783778783130319684e-06,1.83902192523832329931642710400207e-07
2.60300000000000000000000000000000e+02,1.24758027966953344351253245566155e-09,-7.95119285239725688368097105789174e-09,5.00566563066997183046129832681382e-06,7.87152432218499777174625407464883e-08
2.60400000000000000000000000000002e+02,1.22196619215622452699655730485780e-09,8.87787238394834356270281339417791e-09,4.99810579088742881981266232736160e-06,3.71521454759893430478763239529408e-07
2.60500000000000000000000000000000e+02,1.20571463618219461665227195046238e-09,-9.78096428171482926667388360890933e-09,4.99485843362337403793454899933826e-06,-6.44712772090841221480390918624573e-07
2.60599999999999999999999999999999e+02,1.27144827301692962855781912382389e-09,7.82801583981892464090097480456691e-09,4.99497737441275864022894151171131e-06,-2.70704586858784571172039770045765e-07
2.60700000000000000000000000000001e+02,1.17064217016115457475766763516975e-09,-6.37751243567181670558610188210097e-09,4.98078373162914468575748174255351e-06,6.46852673860369091879962396408547e-07
2.60799999999999999999999999999999e+02,1.28029287369944255515846722037185e-09,6.47038138573112170275713164496607e-09,4.97228537364449092135513404843340e-06,-5.90083717031508231937890690887743e-07
2.60900000000000000000000000000001e+02,1.13343206502941250011343874313592e-09,-5.79927863484194102340423934488723e-09,4.97727973266105791156154303395574e-06,-2.54007020913494836623213787857728e-07
2.61000000000000000000000000000001e+02,1.31314054055087199786223084689294e-09,2.48109957139648083053602227783165e-09,4.96822134205755307278097761036917e-06,8.08514812839622885903620494244721e-07
2.61099999999999999999999999999999e+02,1.12444007947642357359953609681810e-09,-4.56298811468393315637983744933211e-10,4.95548873081687583259588429126187e-06,-3.44713264485589049670299766175107e-07
2.61200000000000000000000000000001e+02,1.29977263713282077852222759489909e-09,-1.70355124240752882012116137219677e-10,4.95328153509609776479374119127654e-06,-5.76046817854779546753718643086267e-07
2.61300000000000000000000000000000e+02,1.11174233897118556103553026941344e-09,2.01659343966040051484027680574297e-09,4.94954088995036765251469556320186e-06,-2.31588077403965274724979776080349e-08
2.61400000000000000000000000000001e+02,1.29563599250717149791697160363186e-09,-5.38468903868426283881612236005266e-09,4.94681449682344539801021411925587e-06,3.56712645780996169651511239384674e-10
2.61500000000000000000000000000001e+02,1.14170222878311194855911258807924e-09,6.48848647553833894655265336685206e-09,4.93857077796562038687641980082838e-06,7.15832860376918561386100435653361e-07
2.61599999999999999999999999999998e+02,1.25631020877334224106552308706390e-09,-6.32406549347893900107893804365826e-09,4.92286645548640678552273725526298e-06,-9.98191916666408894176713978685438e-09
2.61700000000000000000000000000001e+02,1.15199767700571037863600345067313e-09,7.82051136796679141900729459842831e-09,4.92430529319715108238734373111720e-06,-1.45781542028254262448608805715163e-06
2.61800000000000000000000000000001e+02,1.22419961803917037411711253627515e-09,-9.77838365723056536199778410834366e-09,4.92977562730001407235880027017289e-06,4.67460274022270568480677977253079e-08
2.61900000000000000000000000000000e+02,1.20306698514604252378094858999383e-09,9.12509937770878580667970897877073e-09,4.91403354093442598533884115578590e-06,1.25685219344489960120875374798573e-06
2.62000000000000000000000000000000e+02,1.17931760948969179495207717802001e-09,-7.77575171900679025162530371825199e-09,4.90149465397052520876263573750092e-06,-1.24813739391494735915180572332543e-07
2.62099999999999999999999999999999e+02,1.21783324231854074656561772157152e-09,8.38856874072137344941854592258665e-09,4.90115546351146079354069518053943e-06,-6.50864834484983467693105426857552e-07
2.62200000000000000000000000000000e+02,1.14020248742208966414787135477492e-09,-8.54214661175757953006050610041290e-09,4.89912688413362232353581623521577e-06,-5.51997783035137893618121186071687e-07
2.62300000000000000000000000000000e+02,1.26412880328497607386839902644495e-09,6.23042424449796401503320905748674e-09,4.89731027255936141635414624912826e-06,-9.87562172207693168476638197492541e-08
2.62400000000000000000000000000001e+02,1.11315716280882310710845583433071e-09,-4.17489700129464445797153588977627e-09,4.88481194671513926326432029487657e-06,1.17192635787794443861256200417947e-06
2.62500000000000000000000000000000e+02,1.26489329780463817219634543684062e-09,4.03035249322397380026969380020513e-09,4.87060847407956281355789885732392e-06,1.11265020297706961976229720774522e-09
2.62599999999999999999999999999999e+02,1.08564895819916089728559942651915e-09,-2.61370726611259713208384046297128e-09,4.87664381506390343342745763825446e-06,-1.40083251264606988967998707561464e-06
2.62700000000000000000000000000000e+02,1.28536136888000620619568938632904e-09,-9.24489482891482318642938326684042e-10,4.87606841535373761807368718476852e-06,1.73632063678518496892876074437892e-07
2.62800000000000000000000000000000e+02,1.09396291618944440068602084140632e-09,3.03761371733559188463561213366938e-09,4.85983392753616605324556338636477e-06,5.74922879786193051248702599141169e-07
2.62900000000000000000000000000001e+02,1.25685817085311623563487154245276e-09,-3.36693893430032104961618744106393e-09,4.85415209701116470783996526463736e-06,-1.87471958266813989106902845297523e-07
2.63000000000000000000000000000000e+02,1.09411394279818815430778719822439e-09,5.02427220583771779319319131900439e-09,4.85203068409918145314107115520005e-06,8.88863387175620534733682246904763e-08
2.63100000000000000000000000000000e+02,1.23967778898688044286718396373858e-09,-7.90354521590106137646731834332686e-09,4.84708516703887691928886409901715e-06,-4.17237221496899915009539462376668e-07
2.63200000000000000000000000000000e+02,1.13583533625559945411325729199356e-09,8.27483933107362369881306239774148e-09,4.84316811532720480932051900758362e-06,-2.75369857015885647411246636071363e-07
2.63299999999999999999999999999999e+02,1.19376675235805776788466991166838e-09,-7.65384554412537043773548302986393e-09,4.83194351918391945907960183367953e-06,5.63441782637328102001573467557761e-07
2.63400000000000000000000000000002e+02,1.14933421659707211400478442597655e-09,8.58404030162398808971425982326280e-09,4.82573895574014318968341075292851e-06,-3.86070012681825449482837579607576e-07
2.63499999999999999999999999999999e+02,1.15642155219547510746602032804543e-09,-1.00556002469100601281051036310611e-08,4.82960136526777202256086415363772e-06,-3.29872865644794152511817511537280e-07
2.63599999999999999999999999999999e+02,1.20158113583820166428364370346518e-09,8.46318159446472952983930236726742e-09,4.81916034579945166785485454980879e-06,7.77241917335444665869105645818026e-07
2.63700000000000000000000000000001e+02,1.11494287151034436237461567373923e-09,-6.87923315649913371270226818290404e-09,4.80544997301771957662550040017553e-06,-4.00148792732064696449603383549469e-07
2.63799999999999999999999999999999e+02,1.21051187693037224565973225015076e-09,6.84315209544163563681239488917575e-09,4.80801950159593081376539328239430e-06,-8.20549338874868658379471976659302e-07
2.63900000000000000000000000000001e+02,1.07849755668892178140197343707915e-09,-6.64200368815122611549292775057501e-09,4.80583172836858711150029944464777e-06,4.08457651570215902194700050325100e-07
2.63999999999999999999999999999999e+02,1.24803604780404484862995703144525e-09,3.47282577051852096816103291654466e-09,4.79619178992608463972551100817044e-06,2.94655181789204809335049329253662e-07
2.64099999999999999999999999999999e+02,1.06321919565969684241685897648757e-09,-1.37111355765523093362499320354931e-09,4.78867706733985715950076834199530e-06,1.70775681641055847085282238574431e-07
2.64200000000000000000000000000001e+02,1.23593720317105530918233859554040e-09,6.89494551451448308166812555211130e-10,4.77912143536753394617222023944396e-06,-2.75965447402492500192386448683471e-07
2.64299999999999999999999999999999e+02,1.04675968371143517424951185274676e-09,8.36477582127268823692701150225492e-10,4.78090918940131412395719834561295e-06,-1.18676339567624367768361417030534e-06
2.64400000000000000000000000000001e+02,1.23866509910949218512757794174779e-09,-4.49166414516354965193897652874162e-09,4.78308871553037492969558364285810e-06,4.68864216101736888389953292312375e-07
2.64500000000000000000000000000000e+02,1.07177558393715692545941340633632e-09,5.93964082448394360438190746024643e-09,4.76442013196747981019833803739142e-06,1.33956775112471382483695054603970e-06
2.64599999999999999999999999999998e+02,1.19817096491733212942856802199913e-09,-5.87522784293879590774299525084791e-09,4.75453923037547078435463894544070e-06,-7.05167165704888717215984382894185e-07
2.64700000000000000000000000000000e+02,1.08004963606859446779326918374995e-09,7.10240984974621877153964075030952e-09,4.76007966246481473130884210687535e-06,-1.00525447800811516586481759416941e-06
2.64799999999999999999999999999998e+02,1.17050093881775116465599616564654e-09,-9.35748690343703818767278912605321e-09,4.75625645383661446476935417001169e-06,7.59765539488165307952421734700265e-08
2.64900000000000000000000000000001e+02,1.12814935307219587047378612474722e-09,9.10544684673906412764323245405847e-09,4.74800194359043584149479957998905e-06,3.84572615744679263529040668531085e-07
2.65000000000000000000000000000000e+02,1.12378467940769383057222825376884e-09,-7.90679437402992029760541296067850e-09,4.73786691278339517177564000490143e-06,6.56914961154440969899377999543571e-07
2.65099999999999999999999999999998e+02,1.14278234392459756628342770775070e-09,8.59752730094183528330433982661098e-09,4.72903158197502523256628127063393e-06,-3.82905297578240586004743091598625e-07
2.65200000000000000000000000000000e+02,1.08452747143512904355328333909817e-09,-9.10168788385154255183070496288840e-09,4.73401110152294204361493023967480e-06,-1.24163148587459118741382650830806e-06
2.65299999999999999999999999999999e+02,1.19195745638127582743851362913066e-09,7.10454971945825580072005849223057e-09,4.73142329128868547506935071031562e-06,4.80608463619498870096591489591435e-07
2.65400000000000000000000000000002e+02,1.05197055442009070752657827369271e-09,-4.78612407581565341986580570425749e-09,4.71370607931107996417846758907076e-06,8.23271870410820823704444124738877e-07
2.65500000000000000000000000000000e+02,1.19457361014751962387470831654263e-09,4.69276779869705747033077638097771e-09,4.70975653994080305110940421685348e-06,-6.10838657044533121439640129038411e-07
2.65599999999999999999999999999998e+02,1.02380325038931955831912725269585e-09,-3.48720943869693212478362280791840e-09,4.71195596501101990730319774628125e-06,-1.63853301365296799336158530409588e-07
2.65700000000000000000000000000000e+02,1.21918194525084141496287456887658e-09,3.46904203867021356375163812989900e-10,4.70365424838255401282017430248771e-06,4.08528489274344877077042336135153e-08
2.65800000000000000000000000000000e+02,1.02525301786450414899901822518868e-09,2.19655535683705937696330600757158e-09,4.69732979147948442592453195710203e-06,-3.35535111824764809293299375676635e-07
2.65900000000000000000000000000002e+02,1.19477604082865493007522582857079e-09,-2.45419746704724151569521996976835e-09,4.69045866306813409265507576155756e-06,3.76480158327778330687432107763023e-07
2.65999999999999999999999999999999e+02,1.02351119054265906193276070866605e-09,4.27674979335126360477348796960348e-09,4.68466681742203736370416508967535e-06,-1.73508776910935729957336751313109e-07
2.66099999999999999999999999999999e+02,1.18196311004151757729959952362065e-09,-7.04869489315650079701997412179943e-09,4.68648252593875660083986187455050e-06,-3.33056678815187608420782009465237e-07
2.66200000000000000000000000000001e+02,1.06123322090282137021733581123917e-09,8.10691962803103673599170438640041e-09,4.67577130028630702008798166209768e-06,6.51977426350705521001949311789270e-07
2.66299999999999999999999999999999e+02,1.13624999260630300037032168823322e-09,-7.25462336518158225208687634138279e-09,4.66333045555538922057100783246855e-06,-5.10917120883860899678034390440410e-07
2.66400000000000000000000000000002e+02,1.07555333241869538953528803230089e-09,8.32202565140164154727246240906040e-09,4.66850492995584467588284036430030e-06,-8.00287189271561404168820533500909e-07
2.66500000000000000000000000000000e+02,1.10289254960403211397523086312074e-09,-9.78803065234622131878751534372122e-09,4.66565232145162347940432538048503e-06,7.99782861861154362391226690351229e-07
2.66599999999999999999999999999999e+02,1.12540857228009712128280654181593e-09,9.03893726445581765382480675628767e-09,4.65154560540315994261695523292534e-06,3.72185935741167786834894823678483e-07
2.66700000000000000000000000000002e+02,1.05797400087119545264849779883916e-09,-7.32003650704675132672506235341391e-09,4.64565468841259299921431609270853e-06,-4.64128306544900095253857871877453e-07
2.66799999999999999999999999999999e+02,1.13906766957104348566440870874594e-09,7.45649678928465920538114628517045e-09,4.64251668906521606241563139123680e-06,-4.04720422156934528750726976525039e-07
2.66900000000000000000000000000001e+02,1.02148724592613768452425212057063e-09,-7.26722774841505604414376669552349e-09,4.64234566604065600370723512761421e-06,-5.08931380111971380555606950782576e-07
2.67000000000000000000000000000000e+02,1.17889672815725053854445061278668e-09,4.55910054195254515286281783937489e-09,4.63949250173204201315284192636195e-06,6.40284769098838120579512268649813e-07
2.67099999999999999999999999999998e+02,9.99785955980585084875280429298590e-10,-2.08713303189027053898238702426671e-09,4.62193667626840037439920961129029e-06,9.65606338126061091030893289679707e-07
2.67200000000000000000000000000001e+02,1.17035318596194580240052626936359e-09,1.45537759427825205237286154687203e-09,4.61522673687259441797590338762863e-06,-1.07630382653308880757959985699903e-06
2.67299999999999999999999999999999e+02,9.83824831207210804819750521280873e-10,-1.80194065018022673091875403942875e-10,4.62449408205687167755968329918967e-06,-1.00622338437533249965740278948630e-06
2.67400000000000000000000000000001e+02,1.17791463686546132831143775758688e-09,-3.24449148308750154099370392675831e-09,4.61752259562974690874709387302342e-06,7.72219059466491797294988359745140e-07
2.67500000000000000000000000000001e+02,9.99721562416340816159579340711524e-10,5.18105198008951260757070166683062e-09,4.60312985167807049140399157555379e-06,4.87063978993151622816433559937989e-07
2.67599999999999999999999999999998e+02,1.14008988713987507435670345626887e-09,-5.39360747540947377103552591172332e-09,4.59832891118883215487848897951187e-06,-4.78311756599617463397162290872355e-08
2.67700000000000000000000000000001e+02,1.00931055675058513487174479492471e-09,6.46782279183624720990468538525406e-09,4.59455590394700239330226404111096e-06,-4.52883802257543238157085311316046e-07
2.67800000000000000000000000000000e+02,1.11598272550755218162417647140863e-09,-8.90115611298334299193915699481598e-09,4.59600958807902676274797126713100e-06,-8.72065148149942153982096118124471e-07
2.67900000000000000000000000000000e+02,1.05234288627821650293295318927429e-09,9.02816648961963034082494826323769e-09,4.59063131891104725717864487542129e-06,6.52138404618355810381456189631003e-07
2.68000000000000000000000000000001e+02,1.06671771100181192311393099052855e-09,-7.99557236256836651288059990343351e-09,4.57365026175245305509282152173527e-06,7.92604439631039665435470424391788e-07
2.68099999999999999999999999999999e+02,1.06896859574837274398026244817885e-09,8.42614559164747606997956925665160e-09,4.57298654234970309627421864203340e-06,-9.05219016871322523291909101761435e-07
2.68200000000000000000000000000000e+02,1.03129160838599585211886238928077e-09,-9.47558116177843695441843007584811e-09,4.57671805357829115743392352785689e-06,-2.54172455985398116901820887187771e-07
2.68300000000000000000000000000000e+02,1.11718878645062097686848784377833e-09,7.91135635704447461579781290532087e-09,4.56475668776156084980741435314225e-06,3.66418151403267909854604137039519e-07
2.68400000000000000000000000000000e+02,9.90385310472343174653326161948462e-10,-5.69910977049756719124579701469363e-09,4.55728885015914330731901566102911e-06,-3.25907068884467148762513513818835e-07
2.68500000000000000000000000000000e+02,1.12464555909142706667072675142523e-09,5.20359226024193041231690876709664e-09,4.55520643229725500873906590114100e-06,1.50402420244171427933509463866170e-07
2.68599999999999999999999999999999e+02,9.63570680420454923359771293287044e-10,-4.42157053583420759563598100196516e-09,4.54978877921952363543050253646022e-06,3.87292605029819323887754387622051e-08
2.68699999999999999999999999999999e+02,1.15223753617109351889426801267407e-09,1.36562354024886773382775037556766e-09,4.54698903961711802330240322002063e-06,-3.24575756207390398020920939942758e-07
2.68800000000000000000000000000001e+02,9.56528305791547101744135562498473e-10,1.29033450316715404848539300742860e-09,4.53813818387513461898910038275273e-06,3.57633475680404080311849551981497e-07
2.68900000000000000000000000000001e+02,1.13004603259274198454836686546303e-09,-1.78563168103440758899706487601368e-09,4.52904206392819281896099658361865e-06,-3.81547374203549982208493131931725e-07
2.69000000000000000000000000000000e+02,9.55448842273751812069584247127123e-10,3.13640834952402457602146440940409e-09,4.53358509920099650588938563869607e-06,-6.79398382284393503446253333671469e-07
2.69100000000000000000000000000000e+02,1.12448860226822552281206982604778e-09,-6.09211052339507695828527511359924e-09,4.52916019538792974173230441683662e-06,9.49452046126094468319534204434930e-07
2.69200000000000000000000000000000e+02,9.85055889944337451967295560454623e-10,7.65881562065406045972778878883621e-09,4.51238317903388670538498420546274e-06,3.54561212386174800442773385041551e-07
2.69300000000000000000000000000000e+02,1.07755162441778384032335878800413e-09,-7.12048205125628626489105314493899e-09,4.51043175076846020831475365531084e-06,-1.03971626563952245403413377813613e-06
2.69400000000000000000000000000001e+02,1.00234141281113009274324426312903e-09,7.89413484496401785356286821055044e-09,4.51223920643327313797649138020226e-06,-2.78357667769886395046005848317052e-07
2.69500000000000000000000000000000e+02,1.04942362791152373108566532625158e-09,-9.62764850227809923791844036747801e-09,4.50650334898275513334301859348191e-06,1.81020197146629019088278655177877e-07
2.69600000000000000000000000000000e+02,1.04971100902473640389106286815856e-09,9.30953087857338114708576174346468e-09,4.50004993935267913594823718600775e-06,5.50850737881697119758983340528212e-07
2.69700000000000000000000000000000e+02,1.00006722151741245782508107231062e-09,-7.67114711532675640199692385565070e-09,4.48707564920046025937875144540543e-06,4.49951066470329633960443767792370e-07
2.69799999999999999999999999999999e+02,1.06572007208361722205143629573249e-09,7.69928146806522954019818295101961e-09,4.48378333561854706818464630254457e-06,-1.28010554741279289459603595900854e-06
2.69900000000000000000000000000002e+02,9.67269033186031992412387865488806e-10,-8.02289221500378408175999943419581e-09,4.49234594043014140147982573606862e-06,-6.71615376515699321375429246269410e-07
2.69999999999999999999999999999999e+02,1.10972388147539656729540089954316e-09,5.67238156700287653936453301097082e-09,4.48140053789598929388042607844979e-06,1.28747251624372581068368801467707e-06
2.70099999999999999999999999999999e+02,9.36554552562952018014303327131122e-10,-2.97667573368213823442693563451961e-09,4.46546369635278243096762744595598e-06,3.13289973456308536200125694920919e-07
2.70200000000000000000000000000001e+02,1.10438415263344232223496346050590e-09,2.05613927857120101687380366640475e-09,4.46600351046015811595400049098548e-06,-7.28102857309707388495847840744253e-07
2.70299999999999999999999999999999e+02,9.22604083611445778363105024438609e-10,-1.15862667868347234418624280564062e-09,4.46541423469597318688347553680080e-06,-3.74407932131157163648073378605943e-07
2.70400000000000000000000000000002e+02,1.11783826393812545180509105522902e-09,-2.17869276892599561031980141888569e-09,4.46150329488423201446048136143204e-06,-2.31620069698153163177171473942487e-07
2.70500000000000000000000000000000e+02,9.31264737771799074523208670441200e-10,4.34152101144000880568678879685390e-09,4.45423543013695992577600502285543e-06,5.79198290963251238540748149487142e-07
2.70599999999999999999999999999999e+02,1.08134873452520671324430367016714e-09,-4.75301932401070365809352786917607e-09,4.44146234686689548972930784333823e-06,4.93292149683639842832154151113506e-07
2.70700000000000000000000000000001e+02,9.40161806596589143492422825206256e-10,5.53014146657808738623333268682035e-09,4.44169706627103883393270506182916e-06,-9.63673564431306356214251790025434e-07
2.70799999999999999999999999999998e+02,1.06473314166581909034276630854916e-09,-8.37450282447222988689685210874236e-09,4.44522358506030166399233019376255e-06,-2.50309705836389539510465199426733e-07
2.70900000000000000000000000000001e+02,9.79419544511972851884007607617235e-10,8.94221121422676906521908717415997e-09,4.43138554221177191364557898929620e-06,6.62027158171913117597394084002835e-07
2.71000000000000000000000000000000e+02,1.01179717365479266972250837565999e-09,-8.15138554154247596801395287163717e-09,4.42317311656632813913497657929408e-06,-4.17156188971910578383745882919442e-07
2.71099999999999999999999999999998e+02,9.97687160298572175055620411002820e-10,8.21644617620780028523811739120459e-09,4.42563318673847318583823781100392e-06,-8.70691504230612821429308045679709e-08
2.71200000000000000000000000000001e+02,9.80420637539950493755899824878834e-10,-9.71372124020233986409850485633132e-09,4.41919370713819311601118182269679e-06,3.69754349932571475283294970686391e-07
2.71299999999999999999999999999999e+02,1.04610396455916372616440727355333e-09,8.42072623998936457702334487637156e-09,4.41260155516457373852614977011822e-06,-4.13532395910138785453969908972287e-07
2.71400000000000000000000000000001e+02,9.34268955017829991286860813691770e-10,-6.42562507015601979233296108729204e-09,4.40697628804366205614517346120478e-06,1.04403267452651588584669031642916e-08
2.71500000000000000000000000000001e+02,1.05557121009532862981534231713976e-09,5.74285561167470279729192748182098e-09,4.40023920119529320945663685348992e-06,-1.39259575093233691800781746408985e-07
2.71599999999999999999999999999998e+02,9.07145888312011973860987379431303e-10,-5.48637906984117965662369613752779e-09,4.40295055324996930928166341301896e-06,-4.03838449348000227737433562507637e-07
2.71700000000000000000000000000000e+02,1.08903299377383586224963067534751e-09,2.44095057589124914225839591142765e-09,4.39658803554273335869050078172068e-06,8.96001080531695589158022318310203e-07
2.71800000000000000000000000000000e+02,8.92744018073785355451750176228017e-10,3.96040823738427787341121264353047e-10,4.38017999870509355012333622430619e-06,6.20203505828492647363993896553884e-08
2.71900000000000000000000000000002e+02,1.06841075443853402734693272576369e-09,-1.17702236761998450485619064832094e-09,4.38185219035315107153660675372900e-06,-1.29053987012277565234162636707576e-06
2.72000000000000000000000000000000e+02,8.91357025564222019985247825946188e-10,2.14976923256483270650798582611286e-09,4.38562948987269150187817017512414e-06,6.37604356856065034005790618182134e-08
2.72099999999999999999999999999998e+02,1.06847970002300181724272937680115e-09,-5.10713310044458650009454290259322e-09,4.37482591268229659970022832950488e-06,7.29789277534537310678196107470855e-07
2.72200000000000000000000000000001e+02,9.15129309284992822410603970203469e-10,6.98665103204218838900274787326762e-09,4.36551434043014755015264297302545e-06,1.77410947834290166929414631528333e-07
2.72300000000000000000000000000000e+02,1.02331095884450969149034859323425e-09,-6.66275469571255666598982722404043e-09,4.35949855105892841853545851184669e-06,-1.74441650353386718295367218457683e-07
2.72400000000000000000000000000002e+02,9.31388063091491224307914462497960e-10,7.45867602312445159052582819585811e-09,4.35871953884084511266601972048693e-06,-9.97216300380427425815985777305613e-07
2.72500000000000000000000000000000e+02,9.99145975827534191843526758188914e-10,-9.42023267619948891803568155940806e-09,4.36254142948052016060831781894913e-06,-2.29605697719091634802209966136178e-07
2.72599999999999999999999999999999e+02,9.78358519679168213726743065778418e-10,9.64340944492519872498785276899010e-09,4.34951680295844169148555262757816e-06,1.38652106696545597247662833548054e-06
2.72700000000000000000000000000002e+02,9.46926096784601281919658491814098e-10,-7.90940107703590623041464160093177e-09,4.33458346535710689917261410580694e-06,2.92515602980186873672587434375188e-08
2.72800000000000000000000000000000e+02,9.96675300623701317998479522391213e-10,7.96397665746811501475006401993301e-09,4.34040746932003444917113526254732e-06,-1.23181173944164062654894692908924e-06
2.72900000000000000000000000000002e+02,9.16128417597236607626440605594228e-10,-8.37023876714393057159876716099882e-09,4.34083689163910104161867061113088e-06,-4.58750272237512545272577087809424e-08
2.73000000000000000000000000000000e+02,1.04254639141062593026307774370028e-09,6.68353594871378454592988134474407e-09,4.32975581353277288445082188111729e-06,3.08280482676708850072059605849855e-07
2.73099999999999999999999999999999e+02,8.80870391855079161084286697682317e-10,-3.78787338827588817207688668801900e-09,4.32333171472096204966590433453863e-06,2.92883435723127304915009138424812e-07
2.73200000000000000000000000000001e+02,1.04253595158605861781454653982933e-09,3.02383279932587524334270031892968e-09,4.31628221331070405404200205273756e-06,2.17597546779498366183940901342347e-07
2.73299999999999999999999999999999e+02,8.65291850459403009307252280753524e-10,-1.99747420511225387185330606257505e-09,4.31589876082604958098701193111902e-06,-9.14038325320385080313934651439433e-07
2.73400000000000000000000000000001e+02,1.06106752784803120913063525136389e-09,-9.69672846204273205062889272874000e-10,4.31693496050428358272727948138643e-06,-1.63562949060418793161196132004968e-07
2.73500000000000000000000000000001e+02,8.69027667627483086936276290839161e-10,3.70892810845504237265974093206972e-09,4.30251721470752574147171009183593e-06,8.09652475015945561612666920045151e-07
2.73599999999999999999999999999999e+02,1.02817440109956835327387747600515e-09,-3.99518155059580939060700590274764e-09,4.29618479043035803676581153595626e-06,-4.52162511949727244067106468239323e-07
2.73700000000000000000000000000001e+02,8.78104226829249644160726148675545e-10,4.84796817935374448676704585233675e-09,4.30078614021000208022810926146521e-06,-2.55100986109891791457438182899230e-07
2.73800000000000000000000000000000e+02,1.01633997648980667913365422768041e-09,-7.40678604652788565325573941940249e-09,4.29249784400631015698346150249012e-06,5.06305617843037123732031824162241e-07
2.73900000000000000000000000000001e+02,9.12207389365561134709094157486695e-10,8.69812638918299016441537145346369e-09,4.28339439684422807107443357834689e-06,-4.08629712557504644276756856109132e-07
2.74000000000000000000000000000001e+02,9.65587834697258346574613852713115e-10,-8.01086325802235540382984641862811e-09,4.28166193573864619152217307696267e-06,-2.82995691526885841441616143206616e-07
2.74099999999999999999999999999998e+02,9.33165343559423559053838517154233e-10,8.29142969144862431305602241118692e-09,4.27734526114825124461437125560804e-06,1.49179161289013727033300767195433e-07
2.74200000000000000000000000000001e+02,9.35191334644304110831703979854934e-10,-9.75926314834463594078092918678151e-09,4.27514010830907574481007758752441e-06,-9.91994866791300559314277455262750e-08
2.74300000000000000000000000000001e+02,9.81144946096747957252872943880069e-10,9.01893582628248528160554764392108e-09,4.26833106904998596473579192038859e-06,5.35071450372812427795725121398467e-07
2.74400000000000000000000000000000e+02,8.86125929646556981223056847839015e-10,-6.94150510347256841873644605119506e-09,4.25576902831014168718398088803034e-06,-1.53134699851479010049312731949191e-07
2.74500000000000000000000000000000e+02,9.94957708319763796494424630669124e-10,6.22902507770532467380423886694807e-09,4.25861549440145901366429660103373e-06,-1.27113417103749656897426215787706e-06
2.74599999999999999999999999999999e+02,8.59726479257948071390613918320509e-10,-6.16655061275630478760614175251032e-09,4.26190013507171363450576945516557e-06,4.22982733250802820979266478301955e-07
2.74700000000000000000000000000000e+02,1.02988056723475362114556528014227e-09,3.62208310722895938125835457822827e-09,4.24661932363350394672586652209103e-06,1.10880335814833975248389879425340e-06
2.74800000000000000000000000000000e+02,8.38003413922311880343978235106103e-10,-6.79181264397010964986853899305474e-10,4.23786156438093389290840342163475e-06,-4.41776374778904525355378206166639e-07
2.74900000000000000000000000000001e+02,1.01603814690801525024854207178357e-09,-4.00144133133626003300354548790875e-10,4.23905216365233797416644244057647e-06,-6.38681505461456220469181415469261e-07
2.75000000000000000000000000000000e+02,8.36018101300289195585341941979887e-10,1.28277350297038549028823266099026e-09,4.23707708015932032251972523451909e-06,-4.27113775003161916973026896911530e-07
2.75099999999999999999999999999999e+02,1.01859595182408225006225693839696e-09,-4.14957290561933246344946865869790e-09,4.23535262452920543562703987729985e-06,2.18600289383365799965819605486240e-07
2.75200000000000000000000000000000e+02,8.53210700047860590846293493692443e-10,6.29352063860582082493158768270365e-09,4.22280349155019306776886294131497e-06,1.16041646709087252084314958732894e-06
2.75300000000000000000000000000000e+02,9.76403402199249727270645035910039e-10,-6.24903645721953673611758831541221e-09,4.21154828263651373020576356624011e-06,-4.40752666346802056354113380423681e-07
2.75400000000000000000000000000001e+02,8.70827003769674976123902131034176e-10,6.81301135457775252977079111540526e-09,4.21975827361349362794715500307687e-06,-1.35215895938964293646837186870142e-06
2.75500000000000000000000000000000e+02,9.56017863487477697755049544019300e-10,-8.93330169307696544250925854910561e-09,4.21844432761414790498359262178849e-06,4.23168501214837522680128155395391e-07
2.75600000000000000000000000000000e+02,9.11990372538106091776647519021769e-10,9.70856776517803311562007923509080e-09,4.20303782389524511230414586152481e-06,6.62864645185697155509141308230159e-07
2.75700000000000000000000000000000e+02,9.02146474067190753078005166903483e-10,-8.35456640412497835721441287411371e-09,4.19834055527198692388092896959998e-06,-1.49451709479952030133264712398148e-07
2.75799999999999999999999999999999e+02,9.36089523962842381633776367791821e-10,8.18935408851602187122062994372046e-09,4.19690717519497223608924099994813e-06,-1.21155214739918312309760685140546e-07
2.75900000000000000000000000000002e+02,8.72269408118398698401923305623777e-10,-8.74303048076243953611481220583941e-09,4.19441055753111481615948590245386e-06,-5.46903657240608322605012828208223e-07
2.75999999999999999999999999999999e+02,9.80949455188803860344259242566192e-10,7.43783689143999390400914372519248e-09,4.19179273481064645277535721597807e-06,-8.86791217530258372079488982458350e-08
2.76099999999999999999999999999999e+02,8.31704515985175517111356185004047e-10,-4.60063062078115769495927782255444e-09,4.17980422918389116698191058420559e-06,7.21680542078766644717088061368198e-07
2.76200000000000000000000000000001e+02,9.86504924084783066223450368022345e-10,3.65436166457826154290831333461164e-09,4.17464178687633558960694181130285e-06,-3.68388060024803641633975348191089e-07
2.76299999999999999999999999999999e+02,8.17536674051659759523916255349884e-10,-2.94712890240776908503466352959755e-09,4.17984314895167993335513838207694e-06,-4.05715471449132380242435916248550e-07
2.76400000000000000000000000000001e+02,1.00857879135355612837793359245166e-09,3.21742657753330320673350259230295e-10,4.17046662178797396446020573608178e-06,5.81646109140095530623033250946881e-07
2.76499999999999999999999999999999e+02,8.11950361508803862645145184562509e-10,2.72736882457447382246891078756142e-09,4.15934749925114618356021751670303e-06,-4.37346132248090227662858112597657e-07
2.76599999999999999999999999999999e+02,9.81125578355768135096767604420728e-10,-3.41383247264228761353011263936772e-09,4.16188642741982551808161393572834e-06,-4.62457560587562024566374757745400e-07
2.76700000000000000000000000000001e+02,8.23635598202004845529259794516935e-10,4.12300807415033317327050240271226e-09,4.15843531926671428036885622119030e-06,5.58778222849506118564641495719081e-07
2.76799999999999999999999999999999e+02,9.73056864332064923422429687933425e-10,-6.57747495465102216576045388217699e-09,4.15129008308897661018789888760700e-06,-3.24500615154124672389267359605229e-10
2.76900000000000000000000000000001e+02,8.51150135161111987786485501413661e-10,8.26349876875877744535239602930826e-09,4.14546150207472990201700466745222e-06,5.05250375022304506975488862445950e-09
2.77000000000000000000000000000000e+02,9.23532050180626721982391624816398e-10,-7.84050386793322160192329339531640e-09,4.13728508448495995709988827920428e-06,-2.45271751782983911376203735990387e-07
2.77099999999999999999999999999998e+02,8.75088680317020180051291304978568e-10,7.96202804062051642211427355893549e-09,4.14027930299453495223474245159358e-06,-8.92993785962329923175901767154327e-07
2.77200000000000000000000000000000e+02,8.97845740069119914217083858573831e-10,-9.71625409508253286989478492358096e-09,4.14052375496024496703127970807800e-06,7.08380481335109478377749066324772e-07
2.77299999999999999999999999999998e+02,9.20491590590927681393773639589106e-10,9.53819215651691627078239105128713e-09,4.12320781606615702098021165711706e-06,9.92138874263968534885305406328059e-07
2.77400000000000000000000000000001e+02,8.43293800187726379941395701702021e-10,-7.67165698050220123887078481730742e-09,4.11719462658999992944793841982318e-06,-9.64500816211082914149416485945807e-07
2.77500000000000000000000000000000e+02,9.40410544889729375479266238803771e-10,6.57975043357952576924202066857122e-09,4.12350688692849521579865695139808e-06,-7.78870253518872452761036242441667e-07
2.77599999999999999999999999999998e+02,8.19260184030424205334496542291476e-10,-6.80933375941368033666603774087454e-09,4.11913708533614747797005901846733e-06,2.74914976697315864926890430236732e-07
2.77700000000000000000000000000000e+02,9.76310133995281644459065731386716e-10,4.53867543610738873672752485813230e-09,4.11076929873775302481213399786724e-06,4.76702574790168820139008085923117e-07
2.77799999999999999999999999999999e+02,7.90251510621489692339108420623426e-10,-1.72439247851193101344841649116649e-09,4.10187909513056037828516461824865e-06,5.40730836102742568539126908181634e-07
2.77900000000000000000000000000002e+02,9.67001191154358877759584126821297e-10,2.90020621832434573260387452730751e-10,4.09605102290881099478393584490329e-06,-6.78550777351288378013171919400599e-07
2.78000000000000000000000000000000e+02,7.88598936120989879784935988965606e-10,1.27903943464387324002656709397768e-10,4.10244560908436652315927450038082e-06,-1.15222214808385159019269116253303e-06
2.78099999999999999999999999999998e+02,9.75210666097296320832769087421643e-10,-3.10334027402787179947109210281133e-09,4.09859113593802545663045399347425e-06,7.89839568039585406463954976973043e-07
2.78200000000000000000000000000000e+02,7.97020151609024305378124916362414e-10,5.47094181455842109789959990738515e-09,4.08111238894204456333186042539708e-06,8.41124862955482302931823393536328e-07
2.78300000000000000000000000000000e+02,9.34317109340493903621888032592217e-10,-6.00367782344819347839258428020427e-09,4.07994012571917607835473943364108e-06,-6.93480005690740668294437487082563e-07
2.78400000000000000000000000000002e+02,8.16750595942516506838298316321066e-10,6.11382232254724844522753715845033e-09,4.08282578336211600633157721031364e-06,-3.12241312956620881083922772875460e-07
2.78499999999999999999999999999999e+02,9.18081423798598228252689120484187e-10,-8.48108313554686302780326383436469e-09,4.07553183870157889080793808980245e-06,-8.71997917030015278323685039297546e-08
2.78599999999999999999999999999999e+02,8.52587376969549147696315357907233e-10,9.46697623613963531493291846251655e-09,4.07069959699028977678091001420719e-06,-3.52849744325417522458524181637930e-08
2.78700000000000000000000000000001e+02,8.62533158586031683798027838114984e-10,-8.60506949128297177290596765339109e-09,4.06299893280585612837750025422594e-06,5.75433354445595810769145116908221e-07
2.78799999999999999999999999999999e+02,8.78707934818980076119352886680941e-10,8.17526110402962533677726045493877e-09,4.05866355999964996437624261005129e-06,-3.58982358780164886194358180289428e-07
2.78900000000000000000000000000002e+02,8.34931173803052475050618868754594e-10,-9.22742602828468476385581857776054e-09,4.06206051442762807343865193219479e-06,-4.69252157417236251651119046863612e-07
2.79000000000000000000000000000000e+02,9.24491707826843640853488728011497e-10,8.19628420617654906313425829185241e-09,4.05199361885494074196255829089655e-06,5.76118594975433883657738218811201e-07
2.79099999999999999999999999999999e+02,7.87388161535169838779680017751398e-10,-5.47613678374007103209434687151805e-09,4.04202435532564102395656667327181e-06,-3.78143592493953761889435631111685e-07
2.79200000000000000000000000000002e+02,9.33924065168769394723426139073552e-10,4.15634763136206199602207870877845e-09,4.04662876209412571633296174261548e-06,-4.92050089881083127903338140580058e-07
2.79299999999999999999999999999999e+02,7.74291084752941398915455437241659e-10,-3.75971469068277034299718996422652e-09,4.04256079357487007643940347583853e-06,7.44133068043103480397010129902148e-07
2.79400000000000000000000000000001e+02,9.59076486786595064258196526254595e-10,1.42837250341712957819453705238578e-09,4.03172431213913549079111551438874e-06,5.84022832486236330167660322217756e-08
2.79500000000000000000000000000000e+02,7.61586504668996133811985060115470e-10,1.69753475148374910519791802400170e-09,4.02813035379585437526688327743872e-06,-5.31494423716365262094992085709588e-07
2.79599999999999999999999999999998e+02,9.36007522952395598132345241351679e-10,-2.57884162965642279299972086162212e-09,4.02507064603936960872630989303519e-06,-1.99104998138610633619969472358945e-07
2.79700000000000000000000000000001e+02,7.71899522691564743207339708040727e-10,3.25380612520566630719276172419107e-09,4.02459844073956241503096265065384e-06,-2.77880532686974741717230709542864e-07
2.79799999999999999999999999999999e+02,9.33411547607298085682625438460525e-10,-5.67773213746845823018327759514601e-09,4.02159933864463634905650890045759e-06,6.86387022398096409215932638176940e-07
2.79900000000000000000000000000001e+02,7.94619542515232179663318446809315e-10,7.91670220869042698225946904952522e-09,4.00630117790812178812161062961452e-06,6.40605571627394903826174437573177e-07
2.80000000000000000000000000000001e+02,8.84330096568670207452541701866752e-10,-7.58573386539162569153207723794120e-09,4.00284601646967984913182872430728e-06,-1.31485742872304431298052946513266e-06
2.80099999999999999999999999999998e+02,8.20279356126828757797413118278700e-10,7.72871229010054891767951302838696e-09,4.01161376328582280565394079177011e-06,-6.22947093276663443328516305853456e-07
2.80200000000000000000000000000001e+02,8.62195130069849218673121632354812e-10,-9.36410788902320698948096265791702e-09,4.00329635979810813746926796754361e-06,1.02641836947930993969887870034161e-06
2.80300000000000000000000000000000e+02,8.63442070190081773117709108280665e-10,9.87937370881166842608285011078079e-09,3.99085332922591713805380060010975e-06,3.39168895153956135839355109867488e-07
2.80400000000000000000000000000000e+02,8.06239556938510142300786185934031e-10,-8.06969340656456528028098671553789e-09,3.98771311677975786804476941165508e-06,-2.20450055714126890389782617203585e-07
2.80500000000000000000000000000001e+02,8.87266442541814625371424103793948e-10,7.19744128351976331427498322294043e-09,3.98540613134232057479864311942930e-06,-6.50434538471397401449089943315845e-07
2.80599999999999999999999999999999e+02,7.81655750290473320128724483695439e-10,-7.34875140646200176770979488087748e-09,3.98805713104193079272618222462523e-06,-6.38181460511509068926895755728966e-07
2.80700000000000000000000000000000e+02,9.26205631917370352123147340259774e-10,5.61001070576566683114125163500042e-09,3.98157077545328100238951194164815e-06,9.98482621679810164987946808167755e-07
2.80800000000000000000000000000000e+02,7.47719848340476105499024654512440e-10,-2.49988250556698869946063861746955e-09,3.96535568184578186822310381572125e-06,5.96666626443899417134079368359170e-07
2.80900000000000000000000000000000e+02,9.21413986990228269573664120814479e-10,1.09999060179644478800787325222564e-09,3.96735370312784554766464797533598e-06,-1.06858894380040919977741288006533e-06
2.80999999999999999999999999999999e+02,7.45547802112938186626798853917070e-10,-6.52396381475962303294796605509882e-10,3.97169146720868752708331009808213e-06,-2.81999034979660460594036194472630e-07
2.81099999999999999999999999999999e+02,9.33096315699621981806486072302452e-10,-1.84200310230814030083594501723704e-09,3.96068562304502904196364192662098e-06,3.74273833362548044148852953680453e-07
2.81199999999999999999999999999999e+02,7.47475995889411853160790777357241e-10,4.57599004634305028353079278500362e-09,3.95392868616208092211401972159185e-06,-5.57237186217644457537283665241366e-08
2.81300000000000000000000000000001e+02,8.97651575889960739988436003720314e-10,-5.30835704662722514929946232238923e-09,3.95140972700844068682205845286477e-06,2.40085529978980112444250428435845e-07
2.81400000000000000000000000000001e+02,7.66205479763957381262921875536743e-10,5.62265961533377169649338489596638e-09,3.94752281429997416315767681854289e-06,-1.90290925061250736254339193805502e-07
2.81500000000000000000000000000001e+02,8.83349551294035012937551820556557e-10,-7.90753057293153654862388270450994e-09,3.94708115008642618072707664796450e-06,-4.89743392885302419722743597452997e-07
2.81600000000000000000000000000000e+02,7.98679439566268619407425874393976e-10,9.35038312397420679527138650918641e-09,3.93846119054029882412773774517723e-06,4.27275227107091139996362911191743e-07
2.81700000000000000000000000000000e+02,8.28334181257213951219010217534445e-10,-8.64733247964646972415325341314592e-09,3.92998647025924749752534514766919e-06,-1.56956622217925584113427460719867e-07
2.81800000000000000000000000000000e+02,8.26925498032218342886757203230651e-10,8.18468426020381087762420808508177e-09,3.93516078088321135916204087966656e-06,-4.84675687043724379237228335204724e-07
2.81900000000000000000000000000001e+02,8.01424588762018643094300090958980e-10,-9.28979905245578841118806784231314e-09,3.93026652755580982789749201956695e-06,7.75698590975687439659414330803143e-07
2.82000000000000000000000000000000e+02,8.70506164704978503725621935633290e-10,8.81706636264040193038732117003231e-09,3.91642982429318802032437337593029e-06,-2.96092560754378558365888244617929e-08
2.82100000000000000000000000000000e+02,7.50589846407648501611947695320331e-10,-6.35007063396431617105228496162901e-09,3.91667384555283628021899386571723e-06,-9.09501913862370078197353143503343e-07
2.82200000000000000000000000000000e+02,8.86255308387235318804619611926449e-10,4.90325439886327737873655973047743e-09,3.91714026057638983081035023273511e-06,1.21047861218369091334945025636310e-07
2.82299999999999999999999999999999e+02,7.34824548402397152797729293819164e-10,-4.49687961618068187583907780454547e-09,3.91179007978939642940976821179538e-06,2.11768766461924789380303746788363e-07
2.82400000000000000000000000000002e+02,9.12283463044270632191259153476313e-10,2.45229711756128393122434388265170e-09,3.90618587688042392574856193547656e-06,3.80422877983626591045577126249241e-07
2.82499999999999999999999999999999e+02,7.16673204751779560211504848847378e-10,7.32674111941064315463688403314198e-10,3.89506669812480392984173681280691e-06,1.78274859891162698934553701719025e-07
2.82599999999999999999999999999999e+02,8.94823988004526224459120323417762e-10,-1.82323675173773428425853818002053e-09,3.89486885550171069986627136226346e-06,-1.27340340548690565069776473751978e-06
2.82700000000000000000000000000001e+02,7.25995107364381509678552163650443e-10,2.40354553994412790358533439935647e-09,3.90190956710846392303613069939483e-06,-2.23269250022826816306662745675872e-07
2.82799999999999999999999999999999e+02,8.94629483088747244150307025783806e-10,-4.58351184009416712480501025782407e-09,3.88981512744497780439537880398318e-06,1.36210663269109793299436751780528e-06
2.82900000000000000000000000000002e+02,7.41112301018433524667663320539529e-10,7.22033576574554252016031062690968e-09,3.87664698478577371026773460024607e-06,2.17208759355324201445535037844194e-08
2.83000000000000000000000000000000e+02,8.50235659389451956593773994910729e-10,-7.32651496308328368223029617470293e-09,3.87935384352583196491925460848298e-06,-8.60120408282777739881570544705537e-07
2.83100000000000000000000000000000e+02,7.69286202667613316894866836706136e-10,7.55355651174867367765333673620684e-09,3.87943088324987670022941065284145e-06,-3.61180536418427835441092135634121e-07
2.83200000000000000000000000000001e+02,8.28054384719258315371419887449412e-10,-9.05832834082216472464107988117609e-09,3.87532674150178186113320825280772e-06,7.39751356897565165201518870564521e-09
2.83299999999999999999999999999998e+02,8.08689232650149193766823302319851e-10,1.00250869057559964535367162172197e-08,3.86797355372558819656747593486125e-06,8.23499804165134397679741501388100e-07
2.83400000000000000000000000000001e+02,7.72019208774026260589284963739834e-10,-8.41360158854060699104745815663449e-09,3.85666211110678286489966012909176e-06,2.50459648937722756730689784333802e-07
2.83500000000000000000000000000000e+02,8.37425156693307598144816723132513e-10,7.53046984460297812899913184643777e-09,3.85934057465302788117573528645717e-06,-1.23248792249096369992069762436600e-06
2.83599999999999999999999999999998e+02,7.47994021179689754745543770326221e-10,-7.73941067797900456799407808869698e-09,3.86311488406401129183671462838369e-06,-1.28029907131127406098120021540473e-07
2.83700000000000000000000000000001e+02,8.75371452539027043653746739206901e-10,6.61867520271463318621566607694176e-09,3.84912635778050249271591671434482e-06,8.27152384768597050457796231260499e-07
2.83799999999999999999999999999999e+02,7.08186795684376035278883566438665e-10,-3.56478991432301070145427364133895e-09,3.84263150108650354025125171743889e-06,-2.52270957543113577376917152074356e-07
2.83900000000000000000000000000001e+02,8.79118290592897977333602238968798e-10,1.88718650576785907994888629285197e-09,3.84503091718634718276093017314932e-06,-1.08827033784533675764477450036648e-07
2.84000000000000000000000000000000e+02,7.05717111438468829681793932646286e-10,-1.38441138938565438103045130032071e-09,3.83927714622755131515255965044379e-06,2.12209574604226032423616344670651e-08
2.84099999999999999999999999999998e+02,8.91580365374264209684636708869086e-10,-7.72054861178335582845983868848476e-10,3.83569187242806446391923894348116e-06,-4.28078854147857759760512889441052e-07
2.84200000000000000000000000000000e+02,7.00847096521575599682852042326958e-10,3.61240335000209519750631239200055e-09,3.82987441250084277256887239819581e-06,2.97175944484623200293442971400654e-07
2.84300000000000000000000000000000e+02,8.62151580525109316718250765621738e-10,-4.67337112819732625283193663971549e-09,3.82319031711394521054807465978447e-06,-2.25931798799748650316576502058957e-08
2.84400000000000000000000000000002e+02,7.20393435596813235391165232643639e-10,4.85407820267304277159299272675657e-09,3.82663823181559894918236561406181e-06,-3.97381637753936614653159250359268e-07
2.84500000000000000000000000000000e+02,8.50903427073517791455808653623967e-10,-7.14815319084408092041094611774603e-09,3.82056338306834465507441327628129e-06,6.51260974924053767091698080441028e-07
2.84599999999999999999999999999998e+02,7.45563387375452016500544660822958e-10,8.99900712284810171720150062645721e-09,3.80745216389831630429155069794246e-06,-1.44478456364887070919285490191254e-07
2.84700000000000000000000000000000e+02,7.96879352679391985846161025153978e-10,-8.88752505358026262613237273161315e-09,3.81019597917167279924371286940948e-06,-1.01669660518946351633301814868838e-06
2.84800000000000000000000000000000e+02,7.78978236137035152179761714095088e-10,8.13225882892701763632022171888354e-09,3.81184007654315266739097704844982e-06,3.98334330630764680913374994163784e-07
2.84900000000000000000000000000002e+02,7.70493680053832547663889319660921e-10,-9.37328523642445286515929323642376e-09,3.80195071895146862021892046457978e-06,6.21640567568689562670036167807861e-07
2.85000000000000000000000000000000e+02,8.18634340250359508621700686799004e-10,9.12628084468865868069344241946120e-09,3.79510165916444055783501798694537e-06,-1.36918065900114394148342316936274e-07
2.85099999999999999999999999999999e+02,7.16381593242590634626421434386788e-10,-7.16418076036274942453659085302972e-09,3.79051629682743321856402789138078e-06,-2.80572006664829887347563006267534e-07
2.85200000000000000000000000000002e+02,8.39817657998145630892428172835330e-10,5.34390709033349995533076480409154e-09,3.79066185868693473668833115075853e-06,-7.95275057837478955893659687703220e-07
2.85300000000000000000000000000000e+02,7.00518285990961756187069505907362e-10,-5.38870233960028835199376365726586e-09,3.79362565573010614562373792113172e-06,1.42525902464856951569481460513870e-07
2.85400000000000000000000000000002e+02,8.66792994899908047116145396122337e-10,3.48248781819223809155645796026667e-09,3.78038130990259212549546082306717e-06,1.33664804465607818055871989416638e-06
2.85500000000000000000000000000000e+02,6.73459720280518231850327767256075e-10,-4.96292573282145821172548111365545e-10,3.76840812361597129858142514707640e-06,-4.41947435712049832459863250449877e-07
2.85600000000000000000000000000000e+02,8.55338765863891523704268348419179e-10,-1.28753676858923760142331242198231e-09,3.77615188986754067615771627302194e-06,-1.21869631775127456342512445117760e-06
2.85700000000000000000000000000001e+02,6.83476372457782449252344470739740e-10,1.50804641414483700784325755705970e-09,3.77583561537814863345304868854326e-06,2.43795406953434814685328642403062e-07
2.85799999999999999999999999999999e+02,8.56741012120730095573391437384973e-10,-3.69443494252002910999644791725251e-09,3.76531679123100613018065903732594e-06,4.31221406712331584163017628410783e-07
2.85900000000000000000000000000001e+02,6.90550176444171233743644225521380e-10,6.28840025524610810510179206103951e-09,3.75927434370187776995516900888268e-06,3.50108444483728334649772916209342e-07
2.86000000000000000000000000000001e+02,8.15788935651058893202094549516633e-10,-7.00156554140898340734297581156604e-09,3.75331325429465855051180282716011e-06,-9.58444211921474549007416629836026e-08
2.86099999999999999999999999999999e+02,7.19557127715240116391332921643391e-10,6.99122281659472799710898824681187e-09,3.75561744044470924519036492533835e-06,-1.05947081402699008654368260609625e-06
2.86200000000000000000000000000001e+02,7.96498643818139099350456881537776e-10,-8.77605795024120505630865485981659e-09,3.75655085351816151276528774898072e-06,1.37404558630603161206905046174002e-07
2.86299999999999999999999999999999e+02,7.54418160400908904208912411246054e-10,1.00893555176350842694541813813034e-08,3.74167376121588230680928601623272e-06,9.23860009276832357511174242221814e-07
2.86400000000000000000000000000001e+02,7.37774935025045828851458404883770e-10,-8.90210848314288231062312955186574e-09,3.73683119814350974948739267616275e-06,-4.31520645134473114512193224950858e-07
2.86500000000000000000000000000001e+02,7.88002224771991438178568103085065e-10,7.72084706028704227570622794114705e-09,3.74209645607048948686862694160099e-06,-3.54372305181409324366624477437037e-07
2.86599999999999999999999999999998e+02,7.15033922249983176141474164206613e-10,-8.03362401982132417134163003706749e-09,3.73491903116987127066449653857775e-06,2.31917385426985170206762279225589e-07
2.86700000000000000000000000000001e+02,8.24678905343918020259014155041537e-10,7.34318489289856952341674295089255e-09,3.72777355305196791811494222290020e-06,-3.06934225016367727243324792466564e-07
2.86800000000000000000000000000001e+02,6.70409145635470338752639071624610e-10,-4.50761731468595065958793264699428e-09,3.72576411030181323837494409909004e-06,5.81264683076691228822981448567626e-08
2.86900000000000000000000000000000e+02,8.34212192160901648171684886895976e-10,2.73461219933985330249759861647987e-09,3.72117954318744988124772036216447e-06,2.05534346703598315146516353042705e-07
2.87000000000000000000000000000000e+02,6.66864535307636250779097891887235e-10,-2.27667502950062042144745055361556e-09,3.72051181379516441219536684286350e-06,-3.27931685678580628972932767510556e-07
2.87099999999999999999999999999998e+02,8.50622935325957621957966632981530e-10,4.18619331184280092016164583409016e-10,3.71478344875592821310156468898753e-06,3.27049846114854471405842714762254e-07
2.87200000000000000000000000000000e+02,6.54963069943484750266654883402944e-10,2.74058464341560805120405657223056e-09,3.70384551691307503813808968485349e-06,-1.12698104654415227701146493471123e-07
2.87300000000000000000000000000000e+02,8.25501182720560952222771308695295e-10,-4.01837621321820279586079561359910e-09,3.70797092827471605408168130925519e-06,-9.33066938530649092938904952876258e-07
2.87400000000000000000000000000001e+02,6.75371696070143534457879841113549e-10,4.24787797464510407869959439014501e-09,3.70911180947175476390366009311672e-06,6.24535500130977699113131113591016e-07
2.87500000000000000000000000000000e+02,8.17620750952866676531209885414818e-10,-6.22692143929185250000381958686291e-09,3.69480095539492147732891669626902e-06,7.48531486347686882923603307079397e-07
2.87599999999999999999999999999999e+02,6.94892452721453937552511639053123e-10,8.54035733968062335656919098728264e-09,3.68970960961405535537478093829541e-06,-6.91631829865652230241856566091836e-07
2.87700000000000000000000000000000e+02,7.66302222035619471534198265168356e-10,-8.67729494409889405363253157342812e-09,3.69127786453864501624075611891730e-06,-4.42212019434953403223780577169437e-07
2.87800000000000000000000000000000e+02,7.29884664778087052042420415022574e-10,8.15767950614712099659593263502864e-09,3.68939681251150734290738598217363e-06,-2.00921760927825266586106715785007e-07
2.87900000000000000000000000000002e+02,7.41032781446101434587318737945973e-10,-9.34682216184849255309598433689949e-09,3.68704694835563614675422467906428e-06,3.76618238526787655489540348780034e-07
2.88000000000000000000000000000000e+02,7.68935094209814430004724810325579e-10,9.62803969947138447117891220049481e-09,3.67486708963664346893331019433951e-06,9.62036633199591996668247017894927e-07
2.88100000000000000000000000000000e+02,6.84077870248421557806409096775284e-10,-7.71678738343907675003693395180188e-09,3.66740979575489985191439535059100e-06,-8.04158698608202926382828040921053e-07
2.88200000000000000000000000000000e+02,7.94258304304923437359412105422583e-10,5.87900012424446933733876246232886e-09,3.67645751592529679592223272830163e-06,-1.17230053514634955690431641924772e-06
2.88299999999999999999999999999999e+02,6.67970445254333041829834019684586e-10,-5.89418121887310551769192826689143e-09,3.67352473546919819346587700727895e-06,7.50935368721100986779442113567272e-07
2.88400000000000000000000000000002e+02,8.22002605845393241400429598349022e-10,4.51427741702312039972087664250022e-09,3.65895406674739826132949472984262e-06,6.78348062825444542176859738664425e-07
2.88499999999999999999999999999999e+02,6.35641680324978567477327947263895e-10,-1.59555327265942249690767524756373e-09,3.65573351561236758824841734692163e-06,-2.73896736558357593085281803195323e-07
2.88599999999999999999999999999999e+02,8.16982777405187523389860853115738e-10,-3.28601916100661827973509496540249e-10,3.65559745798868868365369456018460e-06,-3.57992781839435444711784883779308e-07
2.88700000000000000000000000000001e+02,6.42393113488503924262620365108875e-10,6.86964333460825516553917663984868e-10,3.65421965362133914463013961362279e-06,-5.66211370806192271359202186191579e-07
2.88799999999999999999999999999999e+02,8.21035654384970307405725779604073e-10,-2.71715062150066187357951289768036e-09,3.65191715398892168241846424219062e-06,2.76572501219710105100120167076945e-07
2.88900000000000000000000000000001e+02,6.44401603915903161650791485097244e-10,5.54769387909874259601459892364558e-09,3.63964347127498486802329316121772e-06,8.29606818012673615887612190819112e-07
2.88999999999999999999999999999999e+02,7.83595575985593892736874570273101e-10,-6.51724503072857951322555907773391e-09,3.63583190353780399870569291913364e-06,-6.03717126336099639251284151697038e-07
2.89099999999999999999999999999999e+02,6.72961916139608699337565907059303e-10,6.52821156968445050693338431508434e-09,3.64223676514592258118605683465223e-06,-5.05052933309931716237843328010715e-07
2.89200000000000000000000000000001e+02,7.65703827080692416068722471677935e-10,-8.18392337627525808303239420889950e-09,3.63336060618653004254206710134970e-06,5.28016208126393947839475469197594e-07
2.89299999999999999999999999999999e+02,7.03190293844530580825368637517654e-10,9.92730065590148370369575099317389e-09,3.62438233238775169487481660105053e-06,-2.75767712671170466422382208400198e-07
2.89400000000000000000000000000000e+02,7.08608061152351207491050046321963e-10,-9.15530342394019398682665992518742e-09,3.62635119856286071278313244982368e-06,-1.66938730998474619781721083780911e-07
2.89500000000000000000000000000000e+02,7.39938567014647044519680433433891e-10,8.11485136999579841046566867398649e-09,3.62188657676365854230650860814990e-06,4.07630152298657097375008307224017e-07
2.89599999999999999999999999999998e+02,6.83392736009012596613967495658379e-10,-8.32056543232149057581854551467669e-09,3.61764551023886372955256200217040e-06,-2.63681790165477210261112513890307e-07
2.89700000000000000000000000000000e+02,7.76338835959392380662664575078969e-10,8.01405479109094995207452367232297e-09,3.61325615185106414022157678139361e-06,-1.20506977628746807843235612429618e-09
2.89799999999999999999999999999998e+02,6.36487821809135325103944078234374e-10,-5.27386610508332173316351833071899e-09,3.60549531306412769603527151551314e-06,-1.11775881514028652667805513823731e-07
2.89900000000000000000000000000001e+02,7.91210347162376141373114378136718e-10,3.50906560425343194652482941440211e-09,3.60885196358500513694913896170481e-06,-6.04972175892163035043138908499229e-07
2.90000000000000000000000000000000e+02,6.30790608821053487117758493453088e-10,-2.96765256933571838821435467291254e-09,3.60773488661286152382756882956557e-06,7.14006789318144042288707475110319e-07
2.90099999999999999999999999999998e+02,8.08812791870336444641443966252471e-10,1.63869242665880686632688776451612e-09,3.59270984419977016437358345731735e-06,5.97457188030545910325522585970586e-07
2.90200000000000000000000000000000e+02,6.13142091925156921631534383025898e-10,1.64006245951055379039082966577343e-09,3.58981935861745564184567174198063e-06,-1.08229522146118836773760287498918e-06
2.90300000000000000000000000000000e+02,7.91904901050990195834198954564583e-10,-3.14444845491305861860468424818633e-09,3.59547003362081015942784894554245e-06,-4.40259894498925822000493629696521e-07
2.90400000000000000000000000000002e+02,6.31808158784034761671144784443035e-10,3.72547739918863708336758765078150e-09,3.59041683286046121866472301430050e-06,5.20759851487381971496818576291769e-07
2.90500000000000000000000000000000e+02,7.84440953851447342527415991627286e-10,-5.38680026596473778530889682346946e-09,3.58279543772176557060292744094436e-06,3.51765992396120241408829683327106e-07
2.90599999999999999999999999999998e+02,6.47315772923246884158887125515592e-10,8.04178450081455222960179492365343e-09,3.57516116850699067757638808548764e-06,2.84812421770313861975343592597155e-07
2.90700000000000000000000000000000e+02,7.37857669115455811570560769112048e-10,-8.36846946565497623539163868629323e-09,3.57172573592746477145117298655437e-06,-8.30256223953642033319967319055080e-07
2.90800000000000000000000000000000e+02,6.83949109884175550290233700629836e-10,8.04200566831036732099723759773995e-09,3.57888349117364918184557401762335e-06,-8.61893292414250712577581440933591e-07
2.90900000000000000000000000000002e+02,7.12942383775495519351392370484152e-10,-9.04832297962060854294951746291330e-09,3.57328013731533723561985400731334e-06,1.11027092027267006310679067129935e-06
2.91000000000000000000000000000000e+02,7.19407055361423643888265181211213e-10,9.91889503586656983485011037714225e-09,3.55667379015231583792227833097316e-06,6.02134259302875373513911808544941e-07
2.91099999999999999999999999999999e+02,6.56216857484455429076914387244858e-10,-8.36033909565645999887761593027041e-09,3.55793102096263752131092231057250e-06,-8.83583529726515309341990900194085e-07
2.91200000000000000000000000000001e+02,7.51807885875853433049322581044323e-10,6.52522120744416180391677780805430e-09,3.56147838009341656314916284019209e-06,-3.02062380481925283927073536901018e-07
2.91299999999999999999999999999999e+02,6.37344955605409869902869598706687e-10,-6.35513661705939093794757246534437e-09,3.55511217703126885463129658361418e-06,-5.02491584592113921510124356504086e-08
2.91400000000000000000000000000002e+02,7.78503927909036480364214769983934e-10,5.32782399583568069642009062579229e-09,3.55028797675987924278886951271443e-06,2.70692948543784602680330366068799e-07
2.91500000000000000000000000000000e+02,6.01816784364865710107576980127600e-10,-2.63869153124902097153678057676178e-09,3.54205490975896475279640724148843e-06,5.65316721032605483391959646705748e-07
2.91599999999999999999999999999999e+02,7.80962879618697324654210456562253e-10,4.95491817979199574584475404584544e-10,3.54000092047814081397491273038029e-06,-6.51802178364012978809539820860243e-07
2.91700000000000000000000000000002e+02,6.06490166460321008920521221809859e-10,-2.17129603120918188838609086835752e-10,3.54464406978191306538672745067605e-06,-4.81242724721825399080191702889616e-07
2.91799999999999999999999999999999e+02,7.86154110273498722077082164332737e-10,-1.63252221881473179832552901208916e-09,3.53469105002936638112197959624611e-06,6.22010489501282990053834095859186e-07
2.91900000000000000000000000000000e+02,6.01042775277555745507372117657373e-10,4.47412608244213872321536897479989e-09,3.52585381815966390496754685387773e-06,-1.81735814681177194168043648819880e-07
2.92000000000000000000000000000000e+02,7.55629655207932229186355785539699e-10,-6.14197691086867752764187363895730e-09,3.53031960741156718128276500910885e-06,-3.19720505756191483789229765407343e-07
2.92099999999999999999999999999998e+02,6.30687407444521860010383115924333e-10,6.05720969176744162023580168399483e-09,3.52608784182826588012064007777388e-06,4.88414657829665088768941199849984e-07
2.92200000000000000000000000000001e+02,7.36664509765931701531241865816911e-10,-7.73660488070900253170174904184734e-09,3.51776954723696411454871836770579e-06,-1.87705957735189020119823009842114e-07
2.92299999999999999999999999999999e+02,6.55276389858116507769165758078955e-10,9.46454433656740159904908890531071e-09,3.51584858285948679388111169203870e-06,-3.73525056940306546916058447347038e-07
2.92400000000000000000000000000001e+02,6.82226731598749639986791022478149e-10,-9.38577732722473705157129977201735e-09,3.51211716496605575123016605756487e-06,6.88446092714675788561177972912423e-08
2.92500000000000000000000000000001e+02,6.95277864695395184800899068616303e-10,8.10470248892691366672594594949760e-09,3.51170821061040054960767468488649e-06,-2.13401309119190634417494347087936e-07
2.92599999999999999999999999999998e+02,6.56180863068408174865348924593486e-10,-8.62539017208517067602040124586755e-09,3.50883240568978572882240366266033e-06,5.23123903158145960996802486474481e-07
2.92700000000000000000000000000001e+02,7.28635924049148751020730011547370e-10,8.51545188176508251240023549429675e-09,3.49547557504869711421398652065354e-06,3.73955434772013746984939738100500e-07
2.92800000000000000000000000000000e+02,6.05273939369450696589180546662417e-10,-6.37244499372292379168875953139768e-09,3.49522972059400847265415723311812e-06,-1.26966066321359553726163851329088e-06
2.92900000000000000000000000000000e+02,7.51213814583356867622997639756912e-10,4.08864887324293501282257553490480e-09,3.50237558085117778379015793522696e-06,-2.15139650888370257716618175473140e-07
2.93000000000000000000000000000001e+02,5.97859539329658936784315114988892e-10,-3.70870405986638534070826294186630e-09,3.49249914056936989353189922439283e-06,1.06984690240017049720849090703105e-06
2.93099999999999999999999999999999e+02,7.67663477646365298886827269396058e-10,2.50635600378928948952946455085118e-09,3.48277225884443865449248126874038e-06,7.31794094951846641898784693686165e-08
2.93200000000000000000000000000000e+02,5.74244601256061575707433553153379e-10,4.06384955703374206652032972397857e-10,3.48114904195682711615368720492670e-06,-3.46987922274952697932992025375823e-07
2.93300000000000000000000000000000e+02,7.58109542619774184872149844817706e-10,-2.38768070101689701030600559778061e-09,3.48023244916095842095030737587817e-06,-6.56739611144104640763413477050685e-07
2.93400000000000000000000000000000e+02,5.91535369897557192140108129987984e-10,2.83890236676606399371074756486225e-09,3.48266663253962454057936072038705e-06,-3.35215441984752283013131955515709e-07
2.93499999999999999999999999999999e+02,7.52736525367915500514721368045332e-10,-4.51121187324074150187717301123751e-09,3.47467721284747934988715508254651e-06,1.18903711333629025924720370739861e-06
2.93599999999999999999999999999999e+02,6.00038686333074941337501162064888e-10,7.34631489296494465737613568324792e-09,3.46069986225323238846661701596365e-06,2.80079377461943192507882508594873e-07
2.93699999999999999999999999999999e+02,7.09836207023014076073769288469196e-10,-8.24950760939908541279430540664118e-09,3.46494560568131366478892368371323e-06,-1.25243356980502472968684333323345e-06
2.93800000000000000000000000000001e+02,6.40042554987304867845502712373870e-10,7.84129873895476107362255591864017e-09,3.46918378818320183993054852793688e-06,-1.38552408892432193590416852989169e-07
2.93900000000000000000000000000001e+02,6.85365176322246124014151938340423e-10,-8.73471739078803701801250391417094e-09,3.45849369868423670973607823319526e-06,5.20863656041087906657801585056341e-07
2.94000000000000000000000000000001e+02,6.71014636429559919688132881769099e-10,9.92512343429009527864344487422495e-09,3.45219894360397819929163379676047e-06,9.21011184507447051225498531502728e-08
2.94100000000000000000000000000000e+02,6.29202236110719255978814275711515e-10,-8.80429785457837453044101178488481e-09,3.44987154227309457052534587155739e-06,1.40382836821336008371362322317230e-07
2.94200000000000000000000000000000e+02,7.08402259096454296534644121328013e-10,7.02579194059784110437103884778387e-09,3.44746732085922484698353177199348e-06,-4.74570607556590531299022711969160e-07
2.94300000000000000000000000000000e+02,6.09577711769131166043679884800189e-10,-6.87343367254431592643181594178227e-09,3.44883991880813726627871256099165e-06,-4.16076695553807589942631576949842e-07
2.94400000000000000000000000000001e+02,7.35729840478224369995972651713288e-10,6.26118542239976418395705288674383e-09,3.44007371820320470912829097024746e-06,6.44829248721770869189524837673083e-07
2.94500000000000000000000000000000e+02,5.68777030255013714886710035612510e-10,-3.64194996524107426841100235946249e-09,3.43164663943517752753250387950117e-06,-1.13360582775343132796741784523347e-07
2.94600000000000000000000000000000e+02,7.45146339525665675503525289892398e-10,1.28397760810994105027547037395600e-09,3.43748576510495820265321796478839e-06,-4.46541130426030273116639301013138e-07
2.94700000000000000000000000000000e+02,5.72982984112751048031241191582412e-10,-9.15447221343057366065151371730734e-10,3.43273938795830494063574355862370e-06,5.68892832850955204951158796423167e-07
2.94799999999999999999999999999999e+02,7.51758987243916208415808036076710e-10,-5.43160309517787925573549363690189e-10,3.42188594831740432993259596678151e-06,-2.22962592867078249016550662187474e-07
2.94900000000000000000000000000002e+02,5.61343909705901450172151371056942e-10,3.42756551844862695214338323078764e-09,3.42301797760142101620832064334388e-06,-6.18032585755021001059140314392776e-07
2.94999999999999999999999999999999e+02,7.27664761129625695000334288278102e-10,-5.39562056396631613383442802547911e-09,3.42139726740702881629153386020180e-06,3.35845175328376451201727177887194e-07
2.95099999999999999999999999999999e+02,5.89905384153845189279393177084899e-10,5.50497668683927792557665598497633e-09,3.41715982202949000065588145317960e-06,1.29098575611327769647985885646052e-07
2.95200000000000000000000000000001e+02,7.10772005768628049426900117255131e-10,-7.13667867267640434318284792624407e-09,3.41303309564559622427022357515348e-06,1.78073542944854842710677989770056e-07
2.95299999999999999999999999999999e+02,6.10408254474117819258206201209042e-10,9.19428844172687482888331554276735e-09,3.40341092230439235216232313661850e-06,-3.98829558444726623421228047671338e-09
2.95400000000000000000000000000002e+02,6.57386195076284667966456480032093e-10,-9.45580082365917144254253992333824e-09,3.40490266879343676793617685324375e-06,-1.05756864149801817541077320387372e-06
2.95500000000000000000000000000000e+02,6.53037763610980065796122694730328e-10,8.16157468966383250620279078834980e-09,3.41011268306415316024300826534183e-06,1.32014119184224316837949841518541e-07
2.95600000000000000000000000000000e+02,6.31493624165109209448092378438974e-10,-8.61494298644779889179689770470947e-09,3.39758940110849982956952966406354e-06,1.24769427652678134219449360775777e-06
2.95700000000000000000000000000001e+02,6.83915448024306809521321737995751e-10,8.89336997143878414463133280263559e-09,3.38755290169167371002996240423875e-06,-3.26390390719910378210596847635917e-07
2.95799999999999999999999999999998e+02,5.78909594237982558250315799664487e-10,-7.16480365049400114471860786633228e-09,3.39173032238717147472377657565027e-06,-8.79512154206191041459543681114279e-07
2.95900000000000000000000000000001e+02,7.11658143503006241318623478563109e-10,4.89977676432994551657388989519001e-09,3.39180745113336577187329794954166e-06,-1.29448926646493356209368999627138e-07
2.96000000000000000000000000000000e+02,5.67975115572877925669957680220556e-10,-4.46616925016626012008116204807104e-09,3.38738198073130422061973130343965e-06,1.76149958674592680421442564821621e-07
2.96099999999999999999999999999998e+02,7.30076863546368924693679894456958e-10,3.48645663046211917397529512939239e-09,3.37969899429600368068551648484083e-06,8.37032144162255358668081510962153e-07
2.96200000000000000000000000000001e+02,5.39525812416751968352304345815172e-10,-6.02131224450561682663266884788428e-10,3.37029190312332813351473043560209e-06,-4.09196638554669951895725936558268e-08
2.96299999999999999999999999999999e+02,7.25757450236689295706718649716768e-10,-1.57060191054042337844738586344753e-09,3.37567721449229477253626287154831e-06,-1.35289675728890904787312872700616e-06
2.96400000000000000000000000000001e+02,5.54645268486974801723481481518533e-10,2.12123164251548360536636379053614e-09,3.37861018015935287707435464616081e-06,1.69999736722235945823478120588404e-07
2.96500000000000000000000000000000e+02,7.22152561601969078627364487311117e-10,-3.49397328391089335273103795966465e-09,3.36403503499604357514441344809340e-06,9.02753966257696280010339946645046e-07
2.96599999999999999999999999999998e+02,5.57690007804805963631663663656838e-10,6.51542731885943299622499275365225e-09,3.35899144497367079513374559412081e-06,-2.46003524341901621832578928925149e-07
2.96700000000000000000000000000000e+02,6.84827340045713926168140908830836e-10,-7.75058632097485035693368515276676e-09,3.36191239122589576412878786362455e-06,-1.76410491237773213689439882554007e-07
2.96800000000000000000000000000000e+02,5.96921897205491023626756102971474e-10,7.71652997694308536972610808924635e-09,3.35770271065391978764055262991386e-06,-2.56037805446562446621806550224090e-07
2.96900000000000000000000000000002e+02,6.59835453601463407551464345384571e-10,-8.42388690868843854730658187877465e-09,3.35532600764318986712564554748800e-06,-2.74889617017419825985103304415586e-07
2.97000000000000000000000000000000e+02,6.26417926444383955141779639540373e-10,9.99823285361406792955558780056267e-09,3.34866346327229759222270824678427e-06,5.76297000348372516520253993545927e-07
2.97099999999999999999999999999998e+02,6.04929967164668993413894154300979e-10,-9.00992999400830878871495197397523e-09,3.34256475995215384781233595879545e-06,-6.19334269473534493317201018560842e-08
2.97200000000000000000000000000000e+02,6.66734425720514704022527909654555e-10,7.48878378065842196746273372735863e-09,3.34705629605275710026996559879160e-06,-4.81848577903989564472661077710838e-07
2.97300000000000000000000000000000e+02,5.83794325267976204048883284376386e-10,-7.09310620079715192606107850805155e-09,3.34158895898797599738526348393075e-06,4.43770979699380194287310941682216e-07
2.97400000000000000000000000000002e+02,6.93845450986575771553097520295657e-10,7.10297830810048506672585757774683e-09,3.33058895566757535685891541297664e-06,-1.59453367411967250361330763383650e-07
2.97500000000000000000000000000000e+02,5.41042852512810659719484918060550e-10,-4.60698608892916331050971969370981e-09,3.33372758874774969208857329363999e-06,-6.72447760166932404932960571653170e-07
2.97599999999999999999999999999999e+02,7.10924726821898599703332456267692e-10,2.38734734173036105753257785921791e-09,3.33362288609946962875747131348757e-06,5.15473132066903369978027626550269e-07
2.97700000000000000000000000000002e+02,5.40805396026290942885288266471052e-10,-1.55976599462362075972304985016638e-09,3.32469624397418549686673232623221e-06,3.73243046776653123192592760744012e-07
2.97800000000000000000000000000000e+02,7.19070607018614774342805010634953e-10,4.88510727097036858773947671357693e-10,3.32077886568549685501639031300319e-06,-3.33370194851355478949197269653304e-07
2.97900000000000000000000000000002e+02,5.26306239168429541898628615655335e-10,2.54444713728186044202688051138407e-09,3.31687575901274875282748084286860e-06,-2.14000642965507904394227431113389e-07
2.98000000000000000000000000000000e+02,7.01701378426919092937015768015188e-10,-4.54775510477760314784109377319651e-09,3.31709707320543278770514584034441e-06,-5.70001740852411100788550732047960e-07
2.98100000000000000000000000000000e+02,5.52729714786734748796502926778379e-10,4.97381242921906017500700266803083e-09,3.31901422376149963180248832153607e-06,3.47977224202021482058427921750803e-07
2.98200000000000000000000000000001e+02,6.85845256617626083294118820863696e-10,-6.28834757614297098933105799711696e-09,3.30585233439227064312006791368221e-06,1.14109582422153251922046771808938e-06
2.98299999999999999999999999999999e+02,5.68930070944811315268187752200458e-10,8.68233557638114731990107236762067e-09,3.29795013864195946111979633078174e-06,-7.88545800547539816612067046437535e-07
2.98400000000000000000000000000001e+02,6.37780608314683834986790659231614e-10,-9.37474632524266665074973929471640e-09,3.30637127478046441308179047098275e-06,-1.07101871882014233353626433896826e-06
2.98500000000000000000000000000001e+02,6.13663767777855916519577305524308e-10,8.36420126394098079637364800780301e-09,3.30411778857956965544389098746285e-06,5.29533768365796177496372210254862e-07
2.98599999999999999999999999999999e+02,6.08761064547930205245548150113955e-10,-8.63558859710645902616374016592635e-09,3.29447503615673190722359710368649e-06,4.86886983912271150773643560100150e-07
2.98700000000000000000000000000001e+02,6.42942281986069140333982667722069e-10,9.10746211234662644553930088823254e-09,3.28917957919554408282986764941070e-06,2.60202473532353901101116865366840e-07
2.98799999999999999999999999999999e+02,5.57402716485894853294896877301463e-10,-7.80273020049151224762854830221720e-09,3.28499344113087115754555964957991e-06,-3.90160135589443241458449234166316e-07
2.98900000000000000000000000000001e+02,6.75443869352174347342303433646194e-10,5.52679120153641253127790928461834e-09,3.28900075502248723466724501870044e-06,-1.04757457196584530001786124951909e-06
2.99000000000000000000000000000001e+02,5.42750803906739987621870992249212e-10,-5.14978291703512968973127449106753e-09,3.28854252058796140135006229970805e-06,5.01915855667961954480339883511265e-07
2.99099999999999999999999999999998e+02,6.93607665116243971140207238470385e-10,4.39008220959707004774454357860311e-09,3.27388948739257888046748962954830e-06,9.65372899515604382491431374868145e-07
2.99200000000000000000000000000001e+02,5.10070341679971353440216577110321e-10,-1.90550506094658267187946639056363e-09,3.27057895937015894445759608682071e-06,-5.94362033993418093938970140877259e-07
2.99300000000000000000000000000001e+02,6.97970671702196699175010889123910e-10,-7.53193038473472896253237187149224e-10,3.27664675128187894286143034623826e-06,-4.52840772176896029222047620005922e-07
2.99400000000000000000000000000000e+02,5.21336488414226697475919211544844e-10,1.37285096731988081832536865961206e-09,3.27049813049544193100324796424064e-06,1.46370285893285166166963689954740e-07
2.99500000000000000000000000000000e+02,6.93154709403252037308427075143675e-10,-2.75612928075006900842177272214325e-09,3.26424811057715119188825882380088e-06,-1.33376043617247543106896780332730e-07
2.99599999999999999999999999999998e+02,5.20062039499898384925924399749769e-10,5.48069159485464440373200901066924e-09,3.26160869288158418358353697195551e-06,3.15545640110356557929640974522646e-07
2.99700000000000000000000000000000e+02,6.62478632145734226048284961161203e-10,-7.30624085049654782932286156484984e-09,3.25703209220770154939401791818811e-06,6.46103838680420213699724247070196e-08
2.99800000000000000000000000000000e+02,5.58045676962774573659778579579208e-10,7.21832286230281267854815620763498e-09,3.25855507146535085941036567002229e-06,-5.21376741684715096836499781666282e-07
2.99900000000000000000000000000001e+02,6.36655181602664799413201427564396e-10,-8.08392062493180559664529915514124e-09,3.25375966314427397275875520045884e-06,2.89646240457991555139110607171754e-07
3.00000000000000000000000000000000e+02,5.82859056323342861746270878901963e-10,9.72808183253365118671549032759154e-09,3.24328305211182381942911810322145e-06,-5.40723256390353867820762464943994e-08
3.00099999999999999999999999999999e+02,5.84171414875486798177738586641436e-10,-9.49451107659572480986651442192547e-09,3.24779741915031901980176991793803e-06,-6.11873328734380245843181027546749e-07
3.00200000000000000000000000000000e+02,6.28087412361583551201471272863021e-10,7.82062486091223841069407857020287e-09,3.24759616132462787194621648920103e-06,6.67889216811555212044465149087773e-07
3.00300000000000000000000000000000e+02,5.59446563503314791678503140667377e-10,-7.42046127595585153282186755807648e-09,3.23527017903180283179057155590986e-06,3.39728881140644866297914560532493e-07
3.00400000000000000000000000000001e+02,6.52718795975717382776464619511738e-10,7.52235739927346659234947290682085e-09,3.23309367460089488882698364371745e-06,-7.72971219861756155151393612553131e-07
3.00500000000000000000000000000000e+02,5.15832890520915962354212382127124e-10,-5.60017778933081486367008712647028e-09,3.23369480594401522008878441994267e-06,-2.01299022429207322787479925616006e-07
3.00600000000000000000000000000000e+02,6.76948260378988245247625603855988e-10,3.22441733461638867547600527473594e-09,3.23174817117950219981396624800027e-06,3.09286821091368982023247734704264e-08
3.00700000000000000000000000000000e+02,5.11933583422726812239485259934584e-10,-2.42788935159726006400747650407583e-09,3.22936811459909934102797038287210e-06,3.99353344091557422445333370694477e-07
3.00799999999999999999999999999999e+02,6.85929307680591690489642802442043e-10,1.51855934857035052770978114756198e-09,3.21808289477642436024137576821933e-06,6.25757313567314140425643479133172e-07
3.00900000000000000000000000000002e+02,4.91863152579777837769630202094162e-10,1.38304010718004838142996547638337e-09,3.21387053766984433425138176191370e-06,-9.79321252587937140883596864150267e-07
3.00999999999999999999999999999999e+02,6.76720540244042842411614376390379e-10,-3.86560965663485989264937241690059e-09,3.22288450127580306299594381703840e-06,-8.75185284255393153767409929410116e-07
3.01099999999999999999999999999999e+02,5.17712078304881171670718737384435e-10,4.43855489135549085795055057472703e-09,3.21796132034798649754176738267784e-06,1.02704656442203245907793689323720e-06
3.01200000000000000000000000000001e+02,6.60294426507216376160975511303399e-10,-5.55236898645379972122480294624116e-09,3.20449177357729584814795723597285e-06,5.49804326151552871284721476183655e-07
3.01299999999999999999999999999999e+02,5.29009917343107194999370373936755e-10,7.95914403125869878319591947133543e-09,3.20320960016186909320933398670164e-06,-4.88684761599374265980823688720112e-07
3.01400000000000000000000000000001e+02,6.18114232843866275649417465307880e-10,-9.12334908793588607769449242941348e-09,3.20422551927897699157706792876272e-06,-4.43402603436294757199664534010042e-07
3.01499999999999999999999999999999e+02,5.75121740549585385575112841103956e-10,8.30026724437115833408621989086022e-09,3.20350342965485203063533191446129e-06,-4.78464180681107036311995527962951e-07
3.01599999999999999999999999999999e+02,5.88447738658833673146246096358954e-10,-8.58329351394811602317328402685989e-09,3.20020690798464777109516557005402e-06,5.96588012084873720894258512626111e-07
3.01700000000000000000000000000001e+02,6.01936278018969958127701614518560e-10,9.35256974232081476979818209012438e-09,3.18796716349727245013546075810381e-06,8.25826570573152996330062813589123e-07
3.01799999999999999999999999999999e+02,5.36543072253981245791799403865822e-10,-8.48145457011514929436107470809849e-09,3.18673630382072564949073076467889e-06,-9.14745422674179061624337855435133e-07
3.01900000000000000000000000000001e+02,6.40677181537563165837387588989802e-10,6.11120578225934653120634608692123e-09,3.19384235335428193413354428563555e-06,-5.20119236719985335218138097229828e-07
3.02000000000000000000000000000000e+02,5.19677741347503164148541713589895e-10,-5.64131865035660948084379053289189e-09,3.18469682314292450197471520508479e-06,5.63089440651901537457161589731789e-07
3.02099999999999999999999999999998e+02,6.57700767482858222629769932972713e-10,5.15197069041831853718160801030435e-09,3.17693776667443865858604482601624e-06,-8.17850345962370199697541984204877e-08
3.02200000000000000000000000000001e+02,4.83588395384823000777004993936032e-10,-3.06734029218316709170584236113606e-09,3.17840807742243410767901847157512e-06,4.85616882744282658475739030290723e-08
3.02299999999999999999999999999998e+02,6.69573134650267966507660479724701e-10,2.15437449018865812947320404151940e-10,3.17443273884010200513234082134720e-06,9.36922496667219978886401163133472e-08
3.02400000000000000000000000000001e+02,4.91117604760156261755201086827530e-10,4.93006044059929076276395561884035e-10,3.17233354748500772119725919417240e-06,-4.63699689729278298451062993905943e-07
3.02500000000000000000000000000000e+02,6.66501872640605251658285814424284e-10,-1.84680905044137918775630303629683e-09,3.16848924366408806489490287829800e-06,1.51406896278408969328894333833750e-07
3.02599999999999999999999999999998e+02,4.84335799646189240311853050287399e-10,4.55845986214329155794984420728159e-09,3.16089200538080893586900564564927e-06,5.92214321755769353879733907330242e-08
3.02700000000000000000000000000000e+02,6.40784632160911869015629467191919e-10,-6.84193841497288830831912535150672e-09,3.16423568001241812778494880102447e-06,-4.28370610408073520033065054709543e-07
3.02799999999999999999999999999999e+02,5.22146870413534857877900850347131e-10,6.79229347634363909953050623421059e-09,3.16277371550836023352010261725093e-06,5.59814747284721874122157953464657e-07
3.02900000000000000000000000000001e+02,6.14929722584789205614921323211421e-10,-7.56460144809364581946305374251469e-09,3.14994158217728524524057178044276e-06,2.52472750380623555544002617894001e-07
3.03000000000000000000000000000000e+02,5.42270452866198907660504842353824e-10,9.30901345602469947181280245693090e-09,3.14948833562293074334264441344598e-06,-1.00100142794785308961954327772890e-06
3.03099999999999999999999999999998e+02,5.65383145231118221767759954148651e-10,-9.62115700309599890504912336768296e-09,3.15369662410858039144807765945151e-06,-9.05004372293067074446001758653631e-08
3.03200000000000000000000000000001e+02,5.89400245767831803724458976379430e-10,8.14482092003159057659288826940228e-09,3.14755982725189249495126725024809e-06,6.27153980891016810766109492872964e-07
3.03300000000000000000000000000000e+02,5.38183984400025994445440877172300e-10,-7.75551311747610980490503394211903e-09,3.14182914217117324671909268186019e-06,1.50562968842091571977117111262050e-07
3.03400000000000000000000000000002e+02,6.13980450527259416029461017343331e-10,8.08680622724924121964018813359047e-09,3.13567586550847381522936841994173e-06,3.99992656365298448990282514412382e-08
3.03500000000000000000000000000000e+02,4.92185972618251857754543226182533e-10,-6.40693120508782614923085821132296e-09,3.13370697911633023450433277298755e-06,-8.56943484461815620428892578837254e-07
3.03599999999999999999999999999999e+02,6.43250382328177009231299366726728e-10,4.03095093082797325265160362446984e-09,3.14065179736807130565305806780053e-06,-4.90971772181733045622747813867436e-07
3.03700000000000000000000000000001e+02,4.85442537562493075955862471907743e-10,-3.06175144386442806357798050953411e-09,3.13298767238493960471885904188315e-06,1.32087918943431184781664202081329e-06
3.03800000000000000000000000000000e+02,6.53213619025099994562404780792151e-10,2.54654615179094897460065860272751e-09,3.11882366645229180132126193232106e-06,2.65158312067317548875899205564165e-07
3.03900000000000000000000000000002e+02,4.61164292345579977980257545781996e-10,2.77824977914799158778815405439468e-10,3.12229205129170178587784351792558e-06,-1.08950209194358410181845257067178e-06
3.04000000000000000000000000000000e+02,6.51315790646846629611168683940761e-10,-2.81504395113406170899228895874624e-09,3.12532229081777268567047749295425e-06,-2.07007206373893232074827910763580e-07
3.04099999999999999999999999999999e+02,4.83114485726661195441781761068438e-10,3.87024553424764750706554025518261e-09,3.11964682473744247159700902615335e-06,1.47093051629037010145406783054731e-07
3.04200000000000000000000000000002e+02,6.36483701903265605850460503620187e-10,-4.74185949467780370105487237219458e-09,3.11437830872498106677276001845495e-06,4.86587477753730712750868716251268e-07
3.04299999999999999999999999999999e+02,4.91842455485495825314667939751608e-10,7.44738051201149388891316871614461e-09,3.10652096539593737447815297768515e-06,3.82922867419508750964838844108069e-07
3.04400000000000000000000000000001e+02,5.98450828687571980295691126747807e-10,-8.66313444658248594183724774994861e-09,3.10688743234739526444284858266395e-06,-9.56466613357791783831001660870072e-07
3.04500000000000000000000000000000e+02,5.37773682743429420560322433236415e-10,8.27407310429835736714808754545388e-09,3.11188388772214407835284918780908e-06,-3.68213420474871464883036202968503e-07
3.04599999999999999999999999999999e+02,5.68882418539036185778261809771278e-10,-8.20861947137212527148969707131242e-09,3.10177963942187694882589392027592e-06,8.09594972585949450765948498902126e-07
3.04700000000000000000000000000001e+02,5.62732021513819166820935072344296e-10,9.49659224807870319653528721848840e-09,3.09350078465232056577731212496648e-06,-8.23307116255854352036069388845659e-08
3.04799999999999999999999999999999e+02,5.19166675577950642347228976088835e-10,-8.84817206313692916578739955150037e-09,3.09805982349532711649881959219088e-06,-2.98024052201059707153224048658717e-07
3.04900000000000000000000000000001e+02,6.05494461918158041044781366763033e-10,6.95634458863303197056708979959081e-09,3.09465766197055042640114504328278e-06,2.17510923005595571254272691824871e-07
3.05000000000000000000000000000001e+02,4.97912279833288810990219418676267e-10,-6.09631759353654947620152481372096e-09,3.08827495959670695921216028485938e-06,-3.42162117466240022384541064200976e-07
3.05099999999999999999999999999999e+02,6.24435989613765400065388218137988e-10,5.96721413718783375641007830637171e-09,3.08685173308206392983384775145801e-06,-6.85123412400323728731088437395926e-08
3.05200000000000000000000000000001e+02,4.60706078967790975911516974350152e-10,-3.91121940550327640234888771909468e-09,3.08197116400160256839186605593301e-06,2.67796049461485791617037549884764e-07
3.05300000000000000000000000000000e+02,6.41941213361134694713050738304635e-10,1.23810808896186221809108449577715e-09,3.08244249863213295179896987121211e-06,-2.82014828551422676250771291417492e-07
3.05400000000000000000000000000001e+02,4.63991934686390829788311761016497e-10,-2.22726225825482981617825439063481e-10,3.08038477143939753673531461207947e-06,3.25122431769997284102173716420261e-07
3.05500000000000000000000000000001e+02,6.40658314783131026341112350426830e-10,-7.92981086707541592781833923341632e-10,3.06835411995360722334872357928147e-06,1.25711067742487371346101290150749e-07
3.05599999999999999999999999999999e+02,4.53542379835550572458242322205528e-10,3.51318021896073351887241763037918e-09,3.07002031392162745079762606098357e-06,-1.01294687790475478270388928018438e-06
3.05700000000000000000000000000000e+02,6.22369116713188956723099835486244e-10,-6.07157782407950060103248558184672e-09,3.07527519921326757589734342735614e-06,1.82203748344494273365590452753739e-07
3.05800000000000000000000000000000e+02,4.88011389915548158240678911899251e-10,6.44389053568570828027775868716604e-09,3.06487737702373068660072009361393e-06,9.03656428989001085108176413959520e-07
3.05900000000000000000000000000000e+02,5.95271631316807383096954507374568e-10,-7.13572470217502449719501865905124e-09,3.05801008293879869119451487888151e-06,-2.35179676205994086803015737516869e-07
3.06000000000000000000000000000000e+02,5.06580305665460969745167009400760e-10,8.86573105878123598178164195829102e-09,3.05734391883197066714574936250047e-06,-4.24050745035919096756334563253007e-07
3.06099999999999999999999999999999e+02,5.49895660135042552945787994797379e-10,-9.57257602320286272227234242751916e-09,3.05708813601720099694624884474566e-06,-4.67258059732667900685843229411198e-07
3.06200000000000000000000000000000e+02,5.53607388620981728883464906463237e-10,8.26924632152666292164411502502080e-09,3.05895357125804314792149772941916e-06,-1.08528345782334745852442138076360e-08
3.06300000000000000000000000000000e+02,5.19844222598851400074622608052352e-10,-7.94414667877763907488111637637249e-09,3.04977306591249409129049106118583e-06,1.13766181170623324574690243531480e-06
3.06400000000000000000000000000001e+02,5.77063025393377246245501170328601e-10,8.41708199087413577047543041172198e-09,3.03854184727241894390639509522258e-06,-7.97365972587014226143982592219071e-08
3.06500000000000000000000000000000e+02,4.73979741668650754786760231979454e-10,-7.34850422237942608930098748378704e-09,3.04490805177334455470756012073304e-06,-1.34221421555787500099746446265054e-06
3.06600000000000000000000000000000e+02,6.12200883945339369688141383498058e-10,4.88929752998134516465322485341409e-09,3.04809593243620441284667224081674e-06,1.31787317963549819463841909605864e-07
3.06700000000000000000000000000000e+02,4.60782838390332439677911156694059e-10,-3.80975598221473902378569750292997e-09,3.03709268299679114933678300404320e-06,6.99693061276751730201382430026209e-07
3.06800000000000000000000000000000e+02,6.22218634410525573264105536529657e-10,3.24100643102724255989504946626227e-09,3.03166980805929018053912553367018e-06,7.63975155215745338155074473875969e-08
3.06900000000000000000000000000001e+02,4.34993865850766900800461548316980e-10,-8.69719003643272894672319276664685e-10,3.03007302695232405731715114848480e-06,-4.01538964718696280757489962424783e-08
3.07000000000000000000000000000000e+02,6.27113684981536833958344986591009e-10,-1.91783983394018908776962657108554e-09,3.02940727297815671069191114481470e-06,-7.23530852783028795278396123242789e-07
3.07099999999999999999999999999999e+02,4.51753483492198036851999291305097e-10,3.04422412613718681136019331566615e-09,3.03116959855378870422939903813329e-06,-1.95567493705889549867058849638906e-07
3.07200000000000000000000000000000e+02,6.12767012421305526251287257680668e-10,-3.95003612431179703530877882255370e-09,3.02152321057583196025999717645284e-06,9.39275310834975139665304171301229e-07
3.07299999999999999999999999999999e+02,4.56524489463186730692316227842258e-10,6.53048175268685749220727599367186e-09,3.01422884363776220610722689053650e-06,-2.10666080978482240195591003566656e-07
3.07400000000000000000000000000002e+02,5.81564538271890524925490001079901e-10,-8.33720310552024406645858815860164e-09,3.02069780455910554277416931138324e-06,-5.48814515746358942740752701349565e-07
3.07499999999999999999999999999999e+02,5.01902350804204357835101630204720e-10,8.15896925805220624046827434599772e-09,3.01621207463296124281031535458251e-06,3.70011463143860665393498368728358e-07
3.07599999999999999999999999999999e+02,5.48842536206400292502507605101469e-10,-8.03828113673335280591908633351825e-09,3.00754298260213470264758402221340e-06,-2.23841035463334343345434521850316e-07
3.07700000000000000000000000000001e+02,5.24926884044477013841584249344137e-10,9.27736841729633504321843327590853e-09,3.00860660883273085267546748187795e-06,-2.09508836685664510450295949304808e-07
3.07799999999999999999999999999999e+02,5.03255196368804487219575985200277e-10,-9.16617494472624384528277461050521e-09,3.00570778100352944463248318567149e-06,3.59810162411383870310569478917392e-07
3.07900000000000000000000000000001e+02,5.70637896414289584037882055902051e-10,7.46240037006029245607276228975233e-09,3.00267269990364477301597730180250e-06,-1.16956419903476745178702606671644e-07
3.08000000000000000000000000000000e+02,4.77930712070196056432558396291059e-10,-6.61496898662219404657453535318818e-09,3.00001779456048535406639873066870e-06,3.77927853587152161812605274968788e-08
3.08099999999999999999999999999999e+02,5.89707304362434909577194892619713e-10,6.66462647784904138714913171469144e-09,2.99170629381748051419478989291742e-06,-2.08147764443567759335411198966422e-08
3.08200000000000000000000000000001e+02,4.39222543745865110432023041550441e-10,-5.01747017176117431096440611165469e-09,2.99350624077448043067654128761705e-06,-7.46808877436367302336997102523313e-07
3.08299999999999999999999999999998e+02,6.15415816522660447406028600895785e-10,2.16843369055142329355083160776338e-09,2.99721679329568150074089861270141e-06,3.41977911624138723447193671863103e-07
3.08400000000000000000000000000001e+02,4.37913875422577682457783456852934e-10,-9.15887497995144719693585389223736e-10,2.98492707468555401929492861790935e-06,9.59982313115424863200173264434838e-07
3.08500000000000000000000000000000e+02,6.13669287558653825454451317726786e-10,1.31767790571295548206426155298203e-11,2.97825407641093569449845035735608e-06,-6.25035341162085816813779793804528e-07
3.08599999999999999999999999999998e+02,4.24887813218217515049100111855860e-10,2.38097338535104058050052257647054e-09,2.98318883979970885341806441543169e-06,-7.45144999002408074679571147019302e-07
3.08700000000000000000000000000001e+02,6.03523609422459411467525642031236e-10,-5.24182902389341602999414589764420e-09,2.98191278037881392296673248332746e-06,1.71135647378695460978588852229201e-07
3.08799999999999999999999999999999e+02,4.55942056841526495245044827618253e-10,5.81940592403775717693541768410012e-09,2.97781363509524152066155095565660e-06,2.91857949286167749684081352040958e-07
3.08900000000000000000000000000001e+02,5.76467816916111808536380176532787e-10,-6.58290287648096710663290316139083e-09,2.97036762656699045944446800313399e-06,6.55973148000567045826886907211566e-07
3.09000000000000000000000000000000e+02,4.70912538523423498725239746749176e-10,8.31481805706606081339575664064629e-09,2.96291462388510221346518226716685e-06,-3.75171780298634873497409970143640e-07
3.09099999999999999999999999999998e+02,5.35544444312744690951246714593245e-10,-9.62110444739705989300982846547598e-09,2.97031113459662817737530932200463e-06,-1.26735194115433216330230210775214e-06
3.09200000000000000000000000000000e+02,5.20047774303512070075141566000797e-10,8.37738057457348891675521909318982e-09,2.97130488450057969773621862264694e-06,5.73187611197448126435429478569941e-07
3.09300000000000000000000000000000e+02,5.02385982724683287129828920485496e-10,-8.04385304621342292051683770613032e-09,2.95682344680142598147892331036533e-06,9.03653052269576305552318680271864e-07
3.09400000000000000000000000000002e+02,5.41004023644489737069429554385498e-10,8.50100969710932510756351048972607e-09,2.95350496168266130246097220012104e-06,-4.32636735094916841351109797658422e-07
3.09500000000000000000000000000000e+02,4.57836918363943390078636628165107e-10,-8.09972181975729342468842626319163e-09,2.95662669972779506418897485710878e-06,-3.17070269298330206763512488973789e-07
3.09599999999999999999999999999999e+02,5.81025280006701380311446050324939e-10,5.64879878486310636663412104728825e-09,2.95419285638949479526851180724027e-06,-3.08131739585423106719475093217555e-07
3.09700000000000000000000000000001e+02,4.39498189418402272582511830285139e-10,-4.64594834224507272268615833736687e-09,2.95184475400876975825762806367348e-06,6.65884785335177054688481416658353e-09
3.09800000000000000000000000000000e+02,5.91953687609418165885947444150213e-10,4.04690504739855064531777264183228e-09,2.94419607017332535833941245455705e-06,7.46522868009160529423985271468370e-07
3.09900000000000000000000000000002e+02,4.09818345799632521779768387721724e-10,-2.03627963489208420203021460042606e-09,2.93927340716345035904148525558865e-06,-2.68669301112262633777991827079763e-07
3.10000000000000000000000000000000e+02,6.03588368336976545340037830020601e-10,-1.10619140709496450791961723812361e-09,2.94488487777169528881249266100877e-06,-6.28896459142366052861919752025181e-07
3.10099999999999999999999999999999e+02,4.23165390243248492810550110214285e-10,2.31644357195361229156956554412591e-09,2.94009787133180920688459846293769e-06,4.19621075981965295339919026083357e-07
3.10200000000000000000000000000002e+02,5.88989493066959834806296796068241e-10,-3.16207995390847200529470214356734e-09,2.93005236578747001594240717603820e-06,-5.67958818836823041599813320554889e-08
3.10299999999999999999999999999999e+02,4.23576123333670758176846971862314e-10,5.51790553570287438762712138964344e-09,2.93299007081139713589157022839205e-06,-3.72650019570396621549205650042800e-07
3.10400000000000000000000000000002e+02,5.64325654285176018539090487421544e-10,-7.73816138425302778402655815903432e-09,2.93207753851716308596652569754383e-06,4.68430135052673183144233736274797e-07
3.10500000000000000000000000000000e+02,4.66643456324967902637427206760492e-10,7.87110405230299842544264667961667e-09,2.92466408120318216857779720248370e-06,1.22391362326014689617315919748984e-09
3.10599999999999999999999999999999e+02,5.30911407017504740102104999945435e-10,-7.79647579509661522472232632742792e-09,2.92292660792331638723496093617995e-06,-3.49337297497855295365901512486183e-07
3.10700000000000000000000000000001e+02,4.87766136858068666757664470769480e-10,9.18765525248995391666721397837319e-09,2.91879965183173130876408648912356e-06,6.83329901880867780434466963406866e-09
3.10799999999999999999999999999999e+02,4.86907979592344822823274960450235e-10,-9.39176450396266498727351155299800e-09,2.91895275205582767765556717032073e-06,-3.75972954081012031839618232476262e-07
3.10900000000000000000000000000001e+02,5.36255890309027875879421200665123e-10,7.92261708751121341074739053124632e-09,2.92037566856442697933706183937911e-06,3.90515080497973194561110175966797e-07
3.11000000000000000000000000000001e+02,4.59107104477910195413392570037072e-10,-6.86407257384788514703341597925497e-09,2.90764056247306941141918221400363e-06,7.62781332977527764846587517814306e-07
3.11099999999999999999999999999999e+02,5.54928915159189582330849002127514e-10,7.27608535633167586849879060219752e-09,2.90338409717291920176616322043123e-06,-9.34098922841594649657624963033857e-07
3.11200000000000000000000000000001e+02,4.19589578103522340315503892042500e-10,-5.88279892957819697963019517290650e-09,2.91162569628773886071028765092043e-06,-7.10430203257393283259911381928183e-07
3.11300000000000000000000000000000e+02,5.86885232833416719922206800709927e-10,3.33232104263921448797632168556080e-09,2.90736491895410027113334971569989e-06,7.16440685049376696084386629277065e-07
3.11400000000000000000000000000001e+02,4.13075561050981284549822948603900e-10,-1.64638342447635905054355589080228e-09,2.89870115414734174428190192840255e-06,3.96468776033851627428660545414278e-07
3.11500000000000000000000000000001e+02,5.87908851220572984251950951555089e-10,1.00763059825814956610194079347057e-09,2.89455095161266988557301654379635e-06,2.89040868144203159503159050519599e-08
3.11599999999999999999999999999998e+02,3.97437269815256165891545061501412e-10,1.54103164214924868846294076685021e-09,2.89218468972566269111360583443827e-06,-5.36995448292961386979846486640507e-07
3.11700000000000000000000000000001e+02,5.83481829046146468907748294268964e-10,-4.29240393065840227678385208516784e-09,2.89702925858436453211844037475867e-06,-8.22533309250646515534876202415260e-07
3.11800000000000000000000000000001e+02,4.25718443598358877417356008805309e-10,5.35327137024762478873564422533202e-09,2.89455601291898109145905563843720e-06,7.88578456262126962782467964345985e-07
3.11900000000000000000000000000000e+02,5.57958653475123271393894767260488e-10,-5.74380915706176911510763148681705e-09,2.88037224625644288179024985230457e-06,8.66882052364171841440769811124882e-07
3.12000000000000000000000000000000e+02,4.37799891301061498064909764584786e-10,7.75063885811016731301090701382751e-09,2.87946978129175245350968299048715e-06,-8.66601531046454439047605684623301e-07
3.12099999999999999999999999999999e+02,5.22508670153375332238434471452426e-10,-9.20742857145045882644219099175282e-09,2.88595869848313222483418616756721e-06,-4.83316325644012943264240156118262e-07
3.12200000000000000000000000000000e+02,4.86225450730773471253950520673770e-10,8.61318354256304234756243839291551e-09,2.88002241674377349247921820944299e-06,2.64295575156516338006688692378082e-07
3.12300000000000000000000000000000e+02,4.87260663013705290316913771985348e-10,-8.06323851964765434548655198519802e-09,2.87424177548557483448982098260682e-06,5.68334225980533075934198771340369e-08
3.12400000000000000000000000000001e+02,5.08208925459307689185723470481327e-10,8.78426950529686544177636429600341e-09,2.87102138237562532350651008159646e-06,4.19774992036249429394175954956879e-07
3.12500000000000000000000000000000e+02,4.43676529961514261341494396788425e-10,-8.50591790667614027500146673309771e-09,2.86735747215764695053272477890797e-06,-2.48017040683848299178575951016256e-07
3.12599999999999999999999999999999e+02,5.50829045579685602225208646166492e-10,6.40476229963226085948611016245521e-09,2.87073201959956890994693196549879e-06,-6.44342370000735110164515829912453e-07
3.12700000000000000000000000000000e+02,4.21476480784281116088559525731929e-10,-5.20712474222969524912940576843748e-09,2.86590093025514368546736406092869e-06,4.90494009620620485815875953229231e-07
3.12800000000000000000000000000000e+02,5.63388856895855801337630280567735e-10,4.88521279758491057848953321393469e-09,2.85606721392064307810457852879826e-06,3.17334566608764882151861487630076e-08
3.12900000000000000000000000000001e+02,3.89834511658499325226043442706722e-10,-3.12754570955399224348822999514026e-09,2.86037520699590311311041963454068e-06,-4.59874218749530607763900054002546e-07
3.13000000000000000000000000000000e+02,5.81452362452713006693325433064174e-10,1.08710674369116145025411407339655e-11,2.85946439259812707436894953840622e-06,5.25315164723451344371955872800604e-07
3.13100000000000000000000000000000e+02,3.96666698741973758779535452286069e-10,1.56777133607267739770688362677965e-09,2.84963357582049053066029289218150e-06,1.20224319120574241223469314644032e-08
3.13200000000000000000000000000000e+02,5.68319082906398710753939088103464e-10,-2.44184895315278908679434876396094e-09,2.84923060537926492491114847034496e-06,-6.08121461559647945603099132830448e-07
3.13299999999999999999999999999999e+02,3.95635711238192933800611553167952e-10,4.64192667463775771768142250989228e-09,2.84860437910067738987647064525902e-06,5.33076991771943605650810857402468e-08
3.13400000000000000000000000000002e+02,5.48586343124353903780013343235459e-10,-7.04375613431889959632871620085249e-09,2.84616362926387121266585250401396e-06,8.77277599428837528961404643228263e-08
3.13499999999999999999999999999999e+02,4.34492345855577171095686518500411e-10,7.42608261422120611446917107264080e-09,2.84440684486443760301750393470283e-06,2.93768989902709784172021198204716e-07
3.13599999999999999999999999999999e+02,5.15046325120872374701553387226284e-10,-7.41057009771053114661014416167409e-09,2.83476494712259093558356413114538e-06,3.23277970318793440882990688910919e-07
3.13700000000000000000000000000001e+02,4.53815094920057292431349380458611e-10,8.82463408839537837509675454587142e-09,2.83257932568354085837660104363175e-06,-9.55960244682161359391640896060078e-07
3.13799999999999999999999999999999e+02,4.74764109862272735708336859029513e-10,-9.56033941916935820986934737729087e-09,2.84082561084147561858750854641610e-06,-4.93900766985119057214705912828715e-07
3.13900000000000000000000000000001e+02,5.02952438322836877965219752204312e-10,8.39513851967956564219546120331131e-09,2.83402813987864603695215019247414e-06,1.13740164936128243805919166754528e-06
3.13999999999999999999999999999999e+02,4.41716084859534403099314800251637e-10,-7.29494337718996214227898402195832e-09,2.82233180455988008929302316326237e-06,2.67973092259500826614487318547954e-07
3.14099999999999999999999999999999e+02,5.23011594313537609924173475947212e-10,7.63396346239249084052176310685227e-09,2.82331727300580058746544893114791e-06,-6.76863927350065376758633568666533e-07
3.14200000000000000000000000000001e+02,4.03343860846980727084002039182933e-10,-6.64358429040630721059732932034239e-09,2.82431389823831501082880650479609e-06,-3.65166010459385453260713852781298e-07
3.14299999999999999999999999999999e+02,5.58655681660780261262843762039223e-10,4.24999171385771637017883359562830e-09,2.82407296077601411293379290099582e-06,-2.47262565885876181718032540395820e-07
3.14400000000000000000000000000001e+02,3.90747293659430895209157690885385e-10,-2.48100868398511932474586022606984e-09,2.81957903009049274682192964621486e-06,7.73923899997046063171069110155593e-07
3.14500000000000000000000000000000e+02,5.61905932412838019357819410065787e-10,1.90140333050649006597765392216191e-09,2.80767720838110353438371544655904e-06,5.89746430608711752228692763997441e-07
3.14599999999999999999999999999998e+02,3.73101469123805336732551191824378e-10,3.88438912066424997399750210437314e-10,2.80958514321614177238553228116442e-06,-1.15995693251340672618469301093752e-06
3.14700000000000000000000000000001e+02,5.64973878479721236838203609689289e-10,-3.33622331948874309715991072452333e-09,2.81651819312047248721760170779545e-06,-3.62390776358587350799335920818704e-07
3.14799999999999999999999999999998e+02,3.96021347642837749739519986300708e-10,4.79258819661417936977373716662240e-09,2.80691234436823065688139696758736e-06,7.06824688008317772574073262475016e-07
3.14900000000000000000000000000001e+02,5.39068082294862928549577546396487e-10,-5.17744909716022964172666033047116e-09,2.79989144379247638213537522032425e-06,1.06062222472719442641367586938367e-09
3.15000000000000000000000000000000e+02,4.07554769536827468599978176808217e-10,7.00550087165433397042743296262357e-09,2.80082191992813335126110424616907e-06,4.37154867242307513055386194790033e-08
3.15099999999999999999999999999998e+02,5.10030157167120702045634791385414e-10,-8.73676946195666156037810121550146e-09,2.79851070375425444935804464503080e-06,-1.78792505732357783133794985861790e-07
3.15200000000000000000000000000000e+02,4.53373664129371484614649622131413e-10,8.51458196784179550923588660112112e-09,2.79797259013712117819126648761955e-06,-5.00797604398401706786492165489993e-07
3.15299999999999999999999999999999e+02,4.72972169154626257943558628282151e-10,-8.03849633310068330304626373982284e-09,2.79357011472057140342594436733683e-06,4.00069155442693913762529254271264e-07
3.15400000000000000000000000000001e+02,4.75225667800323602543875212594785e-10,8.83522541515422839919968284781167e-09,2.78603820527278358798907662037105e-06,1.63648955451701327024764628245836e-07
3.15500000000000000000000000000000e+02,4.32047114197952080520172269379655e-10,-9.06651272761252765389238604539326e-09,2.78957070619980840876155686333999e-06,-4.53218782370423828658269396718592e-07
3.15599999999999999999999999999998e+02,5.21841307930023965268827792492306e-10,7.12683425449192413976195896778788e-09,2.78866725500839250547097206132782e-06,3.91241245019714372344655080321119e-07
3.15700000000000000000000000000001e+02,4.03860315642420684153517049585980e-10,-5.80680585723498873652530699632638e-09,2.77756513142454921504369704001311e-06,4.25434515756992482615908627819535e-08
3.15800000000000000000000000000000e+02,5.35121269804590613647465905197448e-10,5.40256782552915466260970289251022e-09,2.77839428013855781044338354222306e-06,-7.67806510245970156567056959488933e-07
3.15900000000000000000000000000002e+02,3.72870110651378460177064920333922e-10,-4.17326219316721411699259465275827e-09,2.78100483920404332398049184791812e-06,2.24670112220002557051178068985028e-07
3.16000000000000000000000000000000e+02,5.59293347305255637154287968808769e-10,1.02517388752898425650783374094435e-09,2.77435087001758265752034219393713e-06,4.70972084785268918608797696334798e-07
3.16099999999999999999999999999999e+02,3.73037334261702871574633890826084e-10,6.11120932354556362514401228423611e-10,2.77080352913032176248522338306695e-06,-6.09112441217768682434724848204395e-08
3.16200000000000000000000000000001e+02,5.47707589774451757567158106672679e-10,-1.66599844068252020255119130582354e-09,2.76587466490454157146149083643414e-06,-5.08280442013287276271228265195047e-08
3.16300000000000000000000000000000e+02,3.69205840703151965214786622023969e-10,3.54535339465125763921543514244109e-09,2.76479325683632893012541778555262e-06,-7.44158509320091918612766882023378e-07
3.16400000000000000000000000000002e+02,5.34807712782052751731519876289837e-10,-6.45765595805954092725985914649739e-09,2.77083888866966013891201903555660e-06,-1.36685411481276017846252871326710e-07
3.16500000000000000000000000000000e+02,4.04725935450061218785878219919769e-10,6.96959423181356214920748109599456e-09,2.76146079892596646490447165030170e-06,1.25828444863152744616797260308494e-06
3.16599999999999999999999999999999e+02,4.99165862198867296993321858477171e-10,-7.11492428769187306331104858338526e-09,2.75036365398700927385471461375731e-06,-8.83061813306304861927002737403254e-08
3.16700000000000000000000000000002e+02,4.21953729778927555972702150990660e-10,8.19313828806497057024441255468305e-09,2.75594822959846399391569911657000e-06,-1.10647180623351819990721939161467e-06
3.16799999999999999999999999999999e+02,4.64040876592099615693252720091942e-10,-9.57325607947731359710287255799835e-09,2.75772056903303643313742005108953e-06,-4.14286364201930739394028924667949e-08
3.16900000000000000000000000000001e+02,4.70592898762960935699108702438522e-10,8.57989241984146705584082688720173e-09,2.75196529711067358768772221930948e-06,3.50004159101589006642257442278591e-07
3.17000000000000000000000000000000e+02,4.26854201632301377090684401555812e-10,-7.74936552414216861607709183590091e-09,2.74649626744034005715959809626730e-06,5.10967643763968692921218796739039e-07
3.17099999999999999999999999999999e+02,4.90910966600798579545068699118240e-10,7.96654877316245321221230502109334e-09,2.73992387929033945223300453783699e-06,1.18242366733315805237071094169558e-07
3.17200000000000000000000000000001e+02,3.88126837969818074433728492229124e-10,-7.53453133526805936181606654275745e-09,2.74258396584192117047766587795017e-06,-1.10523204099025490118256324576145e-06
3.17299999999999999999999999999999e+02,5.31590131565639548886014022937576e-10,5.04571488995951062987093618981704e-09,2.74701256096400470854573388276793e-06,-1.58580365337555232772795167644648e-07
3.17400000000000000000000000000001e+02,3.70055610287135213877911989453504e-10,-3.22100651522338568264293583101422e-09,2.73601324060404819478821590858514e-06,1.02188455152901917390133123397685e-06
3.17500000000000000000000000000001e+02,5.34979656860600887905748934659904e-10,2.60597117110117918648028121047421e-09,2.72890367066443962122436484015065e-06,-1.41589230603372551884390691842467e-07
3.17599999999999999999999999999999e+02,3.50674367639181943628635065758991e-10,-7.60073261744379815530498215869276e-10,2.73391057786511989689685685544650e-06,-4.07196226091716562112836656460590e-07
3.17700000000000000000000000000001e+02,5.45106554579794812424409545219429e-10,-2.27490235426040065338321856202060e-09,2.73128537802896627330009709772274e-06,5.90614379167001263354445980622650e-08
3.17800000000000000000000000000000e+02,3.67745458349117875133607315639016e-10,4.02155242535221912909239222218428e-09,2.72650895967048964856717100899950e-06,-3.29149433759846395499372818185662e-07
3.17900000000000000000000000000001e+02,5.20603523299326716200051318969791e-10,-4.47216894138192892026322904926181e-09,2.72442389901380207767692852268917e-06,2.62420778255336086271039338664952e-07
3.18000000000000000000000000000001e+02,3.76871248770969705261717164649400e-10,6.32059082347657110530572009502646e-09,2.71883284834160092143700295135664e-06,2.76957873730898078666580032803165e-07
3.18099999999999999999999999999999e+02,4.96579129214589035858210761509188e-10,-8.26430651386180506018197440543690e-09,2.72067515378235503211447963284600e-06,-4.75108834842636650697206162296756e-07
3.18200000000000000000000000000000e+02,4.21702971845964846682691661149812e-10,8.44130260196833048577313844441936e-09,2.71938823069113737243827275920620e-06,2.51605415008661653765000336421912e-07
3.18300000000000000000000000000000e+02,4.58335028093500079687045061223030e-10,-7.78165867816235915875261458555548e-09,2.70874017966030796785369461516949e-06,2.26210606010785563859092292581679e-08
3.18400000000000000000000000000000e+02,4.42227714226308945525553527492068e-10,8.78409781139461450446255292790243e-09,2.71084151696381806659344541405372e-06,-7.28989707610840407478425779785821e-07
3.18500000000000000000000000000000e+02,4.20736654292826713464560136401012e-10,-9.27860010330841949447026833589068e-09,2.71407269312389306953767606047704e-06,4.20725588136615721184564486229065e-07
3.18599999999999999999999999999999e+02,4.91292213872279647076601382960880e-10,7.91183298008709920080586661114299e-09,2.70454324278046486117452674574269e-06,6.07222741007167785674338791557173e-07
3.18700000000000000000000000000000e+02,3.88145830407898028568808796331080e-10,-6.34619158465649008973637408712820e-09,2.70031726171758985310752601640824e-06,-4.39907051142220328624130186497937e-07
3.18800000000000000000000000000000e+02,5.07267248506507729610346696438747e-10,6.17777496301781469488990405774360e-09,2.70024298386851567457873905104861e-06,-3.70995292161850359124069788243538e-07
3.18900000000000000000000000000001e+02,3.55975650962224187494621672200675e-10,-4.94614575378748114169697571286664e-09,2.69942951115964509133290157025099e-06,-2.45632193167101206477501387290402e-07
3.19000000000000000000000000000000e+02,5.36592090309667602425599978547242e-10,2.08460307822407225797839118919622e-09,2.70068158765883241516658541425211e-06,2.14387433836505694833720687310638e-07
3.19100000000000000000000000000000e+02,3.51906300578949700025910842062336e-10,-5.71867967263992180295671714185998e-11,2.69158638422181741640618925094583e-06,9.34630732339114998151531497942264e-07
3.19200000000000000000000000000000e+02,5.27107919190819554934463084546107e-10,-6.95618043589023069486576561062905e-10,2.68288675194371995671919305801180e-06,-4.12777582011990863750277358749962e-07
3.19300000000000000000000000000000e+02,3.45552909880213858101983448396953e-10,2.56678730699749650324106852854173e-09,2.69084377727747333462209912885913e-06,-1.24062346575534588018715024226178e-06
3.19400000000000000000000000000001e+02,5.20908828447721209980396293127540e-10,-5.43059923148619908678112283209875e-09,2.69213319706624640512239381852894e-06,4.44295514978017904627652049702741e-07
3.19500000000000000000000000000000e+02,3.76277521621087557863884625918513e-10,6.53377406108720053139514387135100e-09,2.68080832708162879958114092105882e-06,7.59423474412613184683884798056950e-07
3.19599999999999999999999999999999e+02,4.86170432290629774000710614217323e-10,-6.64849951810908607559970591239587e-09,2.67696970717522337268515261344133e-06,-6.79713928075620087149329036609881e-08
3.19700000000000000000000000000000e+02,3.92946080956794087234759016064312e-10,7.85326017011994241696764172398632e-09,2.67603177130528289032960389860645e-06,-2.28624712371442811365901440089494e-07
3.19799999999999999999999999999999e+02,4.53964543788129425662663444088327e-10,-9.34002885488543803776677161731844e-09,2.67711518508549436807743726400816e-06,-7.78893714330771431663909621790304e-07
3.19900000000000000000000000000002e+02,4.40491100390508945832535379650809e-10,8.75554691077835562934675529656845e-09,2.67831796120366938604315658318104e-06,9.94352196376506359930276268079575e-08
3.19999999999999999999999999999999e+02,4.15024126000805279371088175422747e-10,-7.87011078312634974332994944250374e-09,2.66713844406488070777726261731421e-06,1.07772501006396577338816017939117e-06
3.20099999999999999999999999999999e+02,4.61155038095330328431424521445003e-10,8.25585896778445324353921527827134e-09,2.66205701959140838073436131816083e-06,-3.95594894747725701482412024683969e-07
3.20200000000000000000000000000001e+02,3.76818629088609918880242632045010e-10,-8.17714084888781561517918626690084e-09,2.66924348144360507035118458776812e-06,-6.55477337571544000953398628067394e-07
3.20299999999999999999999999999999e+02,5.04932133879366599371020269895949e-10,6.02306023860676894892212740963685e-09,2.66502993677664043698509675727747e-06,2.90138093385288907050578838642069e-07
3.20400000000000000000000000000001e+02,3.52317575525754844695746237517441e-10,-4.02159368690872835534518315193452e-09,2.65751881301898064911940796627555e-06,-1.12239379192311967385541780917374e-07
3.20500000000000000000000000000000e+02,5.11502824966762772971879729280775e-10,3.34059491602985034391313670892396e-09,2.65759209019259783892418439001928e-06,9.15763513718089800234235158115724e-08
3.20599999999999999999999999999999e+02,3.31727977620725244647897173838515e-10,-1.67396295789441824677909791112599e-09,2.65470411031353776473597908992003e-06,2.80292067428141630110739133853525e-07
3.20700000000000000000000000000001e+02,5.25479937864590361758979328342364e-10,-1.25426044309375953368917699682301e-09,2.65333559019341512332595904792796e-06,-4.06463915330915183039626549611758e-07
3.20799999999999999999999999999998e+02,3.42965210625987736402395249580418e-10,3.21511930032018192236852853185358e-09,2.65150197824453249881450686465545e-06,6.10125345798598835420930013194572e-09
3.20900000000000000000000000000001e+02,5.03534662514741502434871028192980e-10,-3.66699228183718162453388479084612e-09,2.64377648349929232776920040745242e-06,1.07063349924592742442658921561831e-07
3.21000000000000000000000000000000e+02,3.49830612611026563165574723922513e-10,5.44887566155528947614981721111312e-09,2.64532641704811563190736184146158e-06,-5.11589858916560671122096218831960e-07
3.21099999999999999999999999999998e+02,4.84971672606725137292592867367836e-10,-7.60596207857293353303750033796073e-09,2.64818410710457146906809635802999e-06,4.16912569557037139933988525531609e-07
3.21200000000000000000000000000001e+02,3.90508170445931942536747583420232e-10,8.29800023046422302890401244497367e-09,2.63684113493568606071249323732946e-06,5.99063017590211807361329057456852e-07
3.21299999999999999999999999999999e+02,4.45407302139554033646948823476146e-10,-7.68635388183244178915150941172366e-09,2.63303785273562381200107068830192e-06,-7.93420855423735562438846938401460e-07
3.21400000000000000000000000000001e+02,4.12531158795226102006571146935348e-10,8.66296020211709790553952937389324e-09,2.63792678036949982937463223729876e-06,-4.38096651510718418277875649649594e-07
3.21500000000000000000000000000000e+02,4.10594892396468699164995009597960e-10,-9.33355996815462955808387737950028e-09,2.63483306983770080468135173799330e-06,3.53941880780085659263098749157806e-07
3.21599999999999999999999999999998e+02,4.60988525055387952443405873009258e-10,8.41634553725105227865989444650745e-09,2.63140863560864592310817825364026e-06,2.93149223291359744747430090885777e-07
3.21700000000000000000000000000000e+02,3.74427072554426492699982105226227e-10,-6.83099623152994897803440539114874e-09,2.62485932847730338850017515841236e-06,4.31823900231890138712330984441026e-07
3.21800000000000000000000000000000e+02,4.79782837520965676561883756681334e-10,6.79911260668079519722665244578765e-09,2.61951874970146413291358466098463e-06,-6.38814423151635031249958191122508e-07
3.21900000000000000000000000000002e+02,3.42313300572723424070790458693123e-10,-5.83308724402905678448287043281807e-09,2.62766535331897201427206408034770e-06,-9.98420680043975288793037939984722e-07
3.22000000000000000000000000000000e+02,5.13971438667645027604646058945253e-10,3.21064794715006728218021437147921e-09,2.62607387168689469861035758054342e-06,8.82465464768168953412729694846470e-07
3.22099999999999999999999999999999e+02,3.31249205799384463628318478396943e-10,-8.43970464230599114103071464661036e-10,2.61231861791005777390181094392662e-06,7.93798236802945719847732735486649e-07
3.22200000000000000000000000000001e+02,5.07391752029036849549345355098323e-10,2.67827410807602533216689797009632e-11,2.61142834589741483232291791532513e-06,-6.42740501384911168948621880185880e-07
3.22300000000000000000000000000000e+02,3.25269507360373479881808147278230e-10,1.63040960867773585708502631205540e-09,2.61468606962007837522983767680365e-06,-4.53772759989351921915197090332296e-07
3.22400000000000000000000000000002e+02,5.06577401830695358023923882610623e-10,-4.42422172451205630045034092145835e-09,2.61289308094524794480132679346405e-06,-1.89564374254960433907895116334607e-07
3.22500000000000000000000000000000e+02,3.49673161622455089641694573508747e-10,5.84022690262864025735383894600544e-09,2.61004630614217187644324058577874e-06,2.98337652467976779178095808268081e-07
3.22599999999999999999999999999999e+02,4.73717558445026233505105785129998e-10,-6.10516542304419309634904386669069e-09,2.60186640517745842006092977888564e-06,7.65209184582409252689315772498868e-07
3.22700000000000000000000000000002e+02,3.65724848694650636086737977515980e-10,7.24235268069099726527396954888438e-09,2.59881818920616557866345369070233e-06,-5.40415662978979371467459954937968e-07
3.22799999999999999999999999999999e+02,4.46418659136052083693950728927381e-10,-9.13254315475145814672641073677914e-09,2.60543761866373264873766069533196e-06,-7.54386298672122793274383734406743e-07
3.22900000000000000000000000000002e+02,4.11403212901648790790774053863241e-10,8.89208201139326586840008396708436e-09,2.60040226584673874082370316386651e-06,5.62593449842846218321678958636397e-07
3.23000000000000000000000000000000e+02,4.03663669269160836042454647076493e-10,-8.13706048674125105712216618342063e-09,2.59096300462663252294006455896209e-06,8.43202905902636113217422116773283e-08
3.23099999999999999999999999999999e+02,4.33764319860650481747673671603682e-10,8.25962187012308217268212309349086e-09,2.59367702208854580529539974842380e-06,-2.26545792774538317416760840280051e-07
3.23200000000000000000000000000001e+02,3.68268268156594628357091844485108e-10,-8.69832319178155226574527646159327e-09,2.59243820262620743374304517446084e-06,3.23675483721329765420489396576167e-07
3.23299999999999999999999999999999e+02,4.78648912329965711881213674895933e-10,6.72529221479171439448436470976196e-09,2.58732335436363408831963577613986e-06,-3.27914228582631814879281380881889e-07
3.23400000000000000000000000000001e+02,3.37413717691068927571042783256579e-10,-4.93646190819210133322546482967000e-09,2.58643575125647386963387521575936e-06,-2.02993897816530789543733934624308e-07
3.23500000000000000000000000000001e+02,4.88154882968790524811657312641761e-10,3.98756946255793343245146757803872e-09,2.58144261207908281678548731345116e-06,2.49136969551830855769434408791129e-07
3.23599999999999999999999999999999e+02,3.15583704720655928259525227859729e-10,-2.84235343119157915827186769037137e-09,2.58173119767030531058538115963416e-06,-2.98277353872135230846679823637776e-07
3.23700000000000000000000000000001e+02,5.07643328085201753250276230415891e-10,-3.36446762004565886517730068120764e-10,2.58306783470895588966320833746829e-06,3.43206191554013360884597662656571e-07
3.23800000000000000000000000000000e+02,3.19778289290928277213583270529103e-10,2.34272325669391589484634121879899e-09,2.57178219681185464018267051623864e-06,3.84563168519422844334051723715995e-07
3.23900000000000000000000000000001e+02,4.86236917100891265944232888535455e-10,-3.13527290031791389474739911473344e-09,2.56978355469010000635040079449400e-06,-9.38207072323607178366837949104207e-07
3.24000000000000000000000000000001e+02,3.25851001477737791575106628858105e-10,4.38481231813732409392199201656121e-09,2.57673698320510222934167240064411e-06,-2.68726975191279840131994603324081e-07
3.24099999999999999999999999999998e+02,4.73621439967211241754623399141064e-10,-6.91281973859146208650197705591407e-09,2.57125316124259021676596131979619e-06,7.89795354338366496689576757607965e-07
3.24200000000000000000000000000001e+02,3.60723807490610458165671582424758e-10,7.78105415939298522751203253135476e-09,2.56396457391508466752695259465190e-06,1.92341592575010565362339674848022e-07
3.24300000000000000000000000000001e+02,4.33331579081832155260533100081807e-10,-7.58707814407447542463990024561345e-09,2.56136669403107247804150993296224e-06,-2.12834125080845888826828759855989e-07
3.24400000000000000000000000000000e+02,3.82551427102196147481764664905712e-10,8.36462935412365357442038498455376e-09,2.55996308840322097952337285517920e-06,-5.57648694702510889425150606396498e-07
3.24500000000000000000000000000000e+02,4.01421364710224766438466918549175e-10,-9.55946620724314375982830689672599e-09,2.56463377743961706190659112978776e-06,-4.73514371064655591863211666247621e-07
3.24599999999999999999999999999999e+02,4.31577108954366231690086171271931e-10,8.80961376072065099839697853402090e-09,2.56070838579779167176731109884309e-06,9.76163090315616922286423779485163e-07
3.24700000000000000000000000000000e+02,3.60422268548833080835403009176464e-10,-7.29140220189001395342544226024643e-09,2.54720685403859250157572997546204e-06,5.95650976728339788132582437610305e-07
3.24800000000000000000000000000000e+02,4.51427539438728373428491876185574e-10,7.11692541660321257650881323833944e-09,2.54923595661132019692496590611270e-06,-1.11304056605636213568947446463762e-06
3.24900000000000000000000000000001e+02,3.29794318913419169518128670345811e-10,-6.61335309356717931436466924153754e-09,2.55550542902089713481223263303579e-06,-3.87216054917897907751351032409859e-07
3.25000000000000000000000000000000e+02,4.89599413495890868059195859293184e-10,4.25698856257990233404026711907825e-09,2.54890369808564991430420701399642e-06,4.60966047478985105752948588844567e-07
3.25099999999999999999999999999999e+02,3.11868023271022410288734894904423e-10,-1.77306570308940840192695712614586e-09,2.54365539412793838340765840260630e-06,2.12421313345701762769476652227153e-07
3.25200000000000000000000000000000e+02,4.86354725901790858725727195442950e-10,8.81546413181969432087900229817324e-10,2.54004816255894561172119660642437e-06,3.43954286344782141992210297106346e-07
3.25300000000000000000000000000000e+02,3.04319354645841056004181650958509e-10,6.75819914892701888088627482750263e-10,2.53827481684736878963004660605665e-06,-5.69192278299160383957713117719348e-07
3.25400000000000000000000000000001e+02,4.91449637974426832264726608700228e-10,-3.45819079506531547938842262229472e-09,2.54289439794391636248996428106281e-06,-6.36819746622615833845385226846287e-07
3.25500000000000000000000000000000e+02,3.24141193258192920986294089855683e-10,5.27082811950862842922808116068394e-09,2.53665592466072705848941526841214e-06,7.55523383133191267506112667838404e-07
3.25600000000000000000000000000000e+02,4.59456412232103065964686985601350e-10,-5.45021925041857600223741829435201e-09,2.52776889307019870699315519282544e-06,1.28016030435109279400431472669809e-07
3.25700000000000000000000000000000e+02,3.38966970957677364490459444062694e-10,6.57990661855261930853841570537913e-09,2.53223228111236051750703443199971e-06,-4.61480787261822261581659524243271e-07
3.25799999999999999999999999999999e+02,4.38129720009006998294373007546614e-10,-8.57311659759348242320584476752552e-09,2.53125074206647212776218149112220e-06,2.86455742996878327903196138608164e-07
3.25900000000000000000000000000002e+02,3.81969793153065984864485146198275e-10,8.96379607735828480202964473777628e-09,2.52364343544126394361447569254065e-06,-1.77950532644581800665333002181506e-07
3.25999999999999999999999999999999e+02,3.93727765634594644404637701204056e-10,-8.22140419670904212872711099382690e-09,2.52347175757879213930173244765841e-06,-3.23536405973553613660906887379793e-07
3.26099999999999999999999999999999e+02,4.06038097909686663078327038228637e-10,8.50146955949244903215825038372955e-09,2.52191531157664888028266942220672e-06,3.16198328107308723345733561616951e-07
3.26200000000000000000000000000001e+02,3.59418900178678310744312076009770e-10,-9.03654792651731088874609939921523e-09,2.51951379195876646292326763250808e-06,-3.45303785065745231606578669250973e-08
3.26299999999999999999999999999999e+02,4.53179819973542235800422785255321e-10,7.46344589457819017439861285778680e-09,2.51864604570469036443710956080916e-06,8.17623465636429531245107104980199e-08
3.26400000000000000000000000000001e+02,3.24505569139604962179420269721563e-10,-5.49287922295270973242553543060946e-09,2.51053445026130046638507067105031e-06,1.70013905624065024092611958269748e-07
3.26499999999999999999999999999999e+02,4.64592456521785033411604008608139e-10,4.69831222092682454622305692401120e-09,2.50940199570759248980703720575269e-06,-8.09848749233061179951527564475981e-07
3.26599999999999999999999999999999e+02,3.01910425103294353038964155173822e-10,-3.76984999894643902094751099196075e-09,2.51640515951531288097095889172523e-06,-9.79101924145034849190077151621487e-08
3.26700000000000000000000000000001e+02,4.89236973266648763848230522330064e-10,8.71210540026863596710913731382390e-10,2.50837537829308548158523304952056e-06,1.06106216932806890234593670116608e-06
3.26799999999999999999999999999999e+02,2.99262029841508682609086220783066e-10,1.46807900770795770250441216064023e-09,2.49907382006588335027784221920294e-06,-1.13453486884508877840993320986296e-07
3.26900000000000000000000000000001e+02,4.71110471048225140895059364381702e-10,-2.35916364871573176480161505027323e-09,2.50201192625341599046345852171963e-06,-7.14512183472498158580207642980180e-07
3.27000000000000000000000000000000e+02,3.03622104623271056905994260833535e-10,3.60156605030906290298211582494502e-09,2.50213020740635014214386186393050e-06,-2.03327049990624709070186637037757e-07
3.27099999999999999999999999999998e+02,4.62414793948177196992767539204508e-10,-6.12133938094727498824111255702318e-09,2.50176402916849603182217092050218e-06,2.31937299440971274731703405589168e-08
3.27200000000000000000000000000001e+02,3.34285437681353515303054632897002e-10,7.32880703746887715509126715084985e-09,2.49661669291625390962618306006149e-06,8.30030278584230646531030646155797e-07
3.27299999999999999999999999999998e+02,4.22977502342220363775410759106338e-10,-7.18015707149373483983037083408536e-09,2.48597252130214342482064348786550e-06,1.83285309017951087376936354148771e-07
3.27400000000000000000000000000001e+02,3.54885908687544921715774951178763e-10,8.00480488764263073659322963803912e-09,2.49056135570781604092699431817576e-06,-1.27325531630798164577783188883181e-06
3.27500000000000000000000000000000e+02,3.94152236267112573135167066557704e-10,-9.45558197657558919924693359355783e-09,2.49626430221180095856268571190032e-06,-8.78697487797162582584012167294254e-08
3.27599999999999999999999999999998e+02,4.02626426990794601088836196375982e-10,9.23274982522377944356813708565666e-09,2.48602581867849069999221770572118e-06,8.90754835432360242582136382010303e-07
3.27700000000000000000000000000000e+02,3.49544794505055580237532083879870e-10,-7.75674111857824487390522229779307e-09,2.48008444447793409563885182773547e-06,-1.16474518690328723763308108567789e-09
3.27799999999999999999999999999999e+02,4.25568666130708317193546147935687e-10,7.57402093502568481000215305256440e-09,2.48111591503319273858591468679896e-06,-1.73919607550429647158756826602115e-07
3.27900000000000000000000000000002e+02,3.18486801247787827078741821887577e-10,-7.16257580246023476188499887873463e-09,2.48016050674368060050982584791445e-06,-3.62546760611476723314127218145276e-07
3.28000000000000000000000000000000e+02,4.65382981277298850307302148701639e-10,5.16604021662774906993421625217252e-09,2.48058680282597634801104114820297e-06,-3.49762021464620843823901851096782e-07
3.28099999999999999999999999999998e+02,2.95770996733526187858447536442593e-10,-2.56074898792901599638922114700195e-09,2.47506707115847511524921956293049e-06,6.80706420897563056597866226614772e-07
3.28200000000000000000000000000000e+02,4.65834292943408586905147069042075e-10,1.77714275842403601505192497034881e-09,2.46778970059239389290018195011312e-06,1.52695308716463333216993107644667e-07
3.28300000000000000000000000000000e+02,2.86261903336805534958216280351170e-10,-3.04628772279615741162914843065741e-10,2.47223043038218567421366076858748e-06,-6.53691737748552628058813086512585e-07
3.28400000000000000000000000000002e+02,4.76055119159099096588660908604149e-10,-2.27852344035265792376786532933745e-09,2.47171408406596254702977529321746e-06,2.76380185100207753767726775339311e-07
3.28500000000000000000000000000000e+02,2.99531761312322392597861042462189e-10,4.59254837511267087750440375353639e-09,2.46202250593853887647531633967788e-06,1.72065915448472999286675498780511e-08
3.28599999999999999999999999999999e+02,4.47003628649448053480185644423953e-10,-4.84122600122440067638754252645615e-09,2.46317601956083501898557968959860e-06,-4.79951940936210400568329476702401e-07
3.28700000000000000000000000000001e+02,3.14743813069721925914457146433938e-10,6.04458007523764114166791603189888e-09,2.46405860274099583501087181941673e-06,4.30350056706002931521515274542294e-07
3.28800000000000000000000000000000e+02,4.29035970607531501150902934921295e-10,-7.91257161113876366098460794225448e-09,2.45830261993723663402836677426830e-06,1.40181249002644208403228143783681e-07
3.28900000000000000000000000000002e+02,3.53778741728128474490092334305658e-10,8.82843150222994243726922483982948e-09,2.45664392829783866543960949367638e-06,-2.41264007189604557041059087199315e-07
3.29000000000000000000000000000000e+02,3.85306128759225493263962160913308e-10,-8.11957721938276648438829201247100e-09,2.45212708024439324101738313777153e-06,2.03758291207678076419782957932613e-08
3.29099999999999999999999999999999e+02,3.79445463095045039122049097255445e-10,8.59289044889431527744906254272798e-09,2.45150984017333463050982899180708e-06,-5.38652939061498454562653733109948e-07
3.29200000000000000000000000000002e+02,3.52817832816703368128790501932537e-10,-9.28217223413791307875331065824243e-09,2.45626405485034051838843963447955e-06,1.37591413702056220704794383474798e-07
3.29299999999999999999999999999999e+02,4.27284895561944815838424036946733e-10,8.24158681560973612950098188754557e-09,2.44662881601412653308992938217784e-06,9.84033643360134659886695317237381e-07
3.29400000000000000000000000000001e+02,3.12919053006651727503675233648142e-10,-6.15758674925875931447508969761796e-09,2.43835530852705165981911671190154e-06,-4.45660203267950240348387866711726e-07
3.29500000000000000000000000000000e+02,4.43279020109298646025174157142991e-10,5.28438853215609419141457360000091e-09,2.44502916606180636552095971339122e-06,-9.21212783728868897430231226388000e-07
3.29599999999999999999999999999999e+02,2.90806931708521814870091191961613e-10,-4.50373736544606785762841882055933e-09,2.44547122161330194211510865934230e-06,2.26282843663510216331625718900400e-07
3.29700000000000000000000000000001e+02,4.70223455019328688015239564142996e-10,1.93095928053882707684575271292656e-09,2.43931536962668341118340999122071e-06,4.49838517853467117590145924089943e-07
3.29799999999999999999999999999999e+02,2.81710150245998392465621603076835e-10,4.79000766672608813991023048028164e-10,2.43440632830644075366746340652865e-06,3.52049135563927568749432111537705e-07
3.29900000000000000000000000000001e+02,4.56809542322826931922479389210090e-10,-1.53890455119541912548052414171371e-09,2.42931681313776120385966129406419e-06,-1.82857958571125430360946634462197e-07
3.30000000000000000000000000000001e+02,2.84608937864405232413446089620465e-10,2.59861384558240960632959332023785e-09,2.43357615139965098764495029079794e-06,-1.05160329519066954032648363149817e-06
3.30099999999999999999999999999999e+02,4.52877954353088701289020194237579e-10,-5.28471854682778782527279777702954e-09,2.43704065495968129293630519527941e-06,1.76499971236309798756902162677804e-07
3.30200000000000000000000000000001e+02,3.09089140493038954102078826410449e-10,6.77783682564051064383682681104964e-09,2.42469810940121881162717337348685e-06,1.10805667885306197544825271996358e-06
3.30300000000000000000000000000000e+02,4.13969368306869836306011157327893e-10,-6.99651475157301547564177809373903e-09,2.41953957660479665843827480359259e-06,-3.47998476358708159075427631392867e-07
3.30400000000000000000000000000001e+02,3.31025608612711142150101017411012e-10,7.48334258639128253789508188832925e-09,2.42538984013903281080181616926522e-06,-5.53176801305569443784377482838396e-07
3.30500000000000000000000000000001e+02,3.88305770701517960960262240150279e-10,-9.26611172855309262471390989605224e-09,2.42286737690389237644084234716998e-06,2.19308116860692575174167122651184e-08
3.30599999999999999999999999999999e+02,3.74800046704802213613240503704139e-10,9.26105588235318119366435604051365e-09,2.41924566973475998464470863365199e-06,-1.30618156912151344357524102111750e-07
3.30700000000000000000000000000000e+02,3.41136221552668298163119226520841e-10,-8.25558618124231073878336643890107e-09,2.41580535698013804334177496116630e-06,5.06951933951121948231212483333186e-07
3.30800000000000000000000000000000e+02,4.00607005991283033584169725185577e-10,7.80400984075444615746410537873046e-09,2.41056580269400890787741203983788e-06,9.88074231480746906755810779355169e-08
3.30900000000000000000000000000000e+02,3.10186961789818890781824142723085e-10,-7.92612700307209964333423612219498e-09,2.41417705460537276929081300839735e-06,-7.09880854804203002711793953873495e-07
3.31000000000000000000000000000000e+02,4.42121185681395710718875447237753e-10,5.95361821669330170627743598661770e-09,2.41275940646886419828751575650013e-06,2.73491299028569803818048491564514e-07
3.31099999999999999999999999999999e+02,2.80512967818920477918283994614889e-10,-3.50841121819534892630529945376835e-09,2.40326158423217852202413317277028e-06,1.36647731774954453835599198253690e-07
3.31200000000000000000000000000000e+02,4.45796310587422053702639579770021e-10,2.29883883754948236482786416346025e-09,2.40529449251262950843733648567116e-06,-4.90120632090943553752207034101334e-07
3.31300000000000000000000000000000e+02,2.71196939925557242532565428967257e-10,-1.34736375573268634449594714534605e-09,2.40694843983983484176146268152386e-06,4.22594713468512335230930666956158e-07
3.31400000000000000000000000000001e+02,4.59653920097676927688930282016605e-10,-1.24812449620541897748853436174806e-09,2.39905491728960371406381283501794e-06,2.51625535477039902107404012452798e-07
3.31500000000000000000000000000000e+02,2.76438663773200967146338111176756e-10,3.56245331180190912861765399133815e-09,2.39675877425774523297512219866188e-06,-5.11499389183320563174597338134404e-07
3.31600000000000000000000000000000e+02,4.34085608564613427576818271815414e-10,-4.25191910636298249951050194835358e-09,2.39677950373291149445898617361830e-06,-1.14000229654611834676694585742681e-07
3.31700000000000000000000000000000e+02,2.90836735153482037726555117805438e-10,5.23642252984960251268500474704063e-09,2.39511048636916561822074896288772e-06,-7.39367356727957171851130806146928e-08
3.31800000000000000000000000000000e+02,4.20375398806336523055920946570791e-10,-7.40152398706367172656439041122679e-09,2.39583908656287267325749560907312e-06,2.17366542387668146423682306658518e-07
3.31900000000000000000000000000001e+02,3.25750748342239412488910305682312e-10,8.59579305627184457116897071160939e-09,2.38770010041563605036571745826492e-06,6.80074577665606199775945202639026e-07
3.32000000000000000000000000000000e+02,3.75274070845837927679250091486174e-10,-8.11551498685119408410491819490223e-09,2.38131885945298187157841865892815e-06,-6.48861375830520152991792633845920e-07
3.32099999999999999999999999999999e+02,3.53029608696732789297805783989901e-10,8.39250372785425306825860212010143e-09,2.38989295541119487879915881059143e-06,-9.31028339265298566041875998683262e-07
3.32200000000000000000000000000000e+02,3.46274837340093143138628837625680e-10,-9.36952774400066308162704295568507e-09,2.38883438561349581657393377011660e-06,7.30886811659987248852779803351935e-07
3.32299999999999999999999999999999e+02,3.99820096642794925093617951261474e-10,8.78746135132134825090245607720523e-09,2.37781908068392850841359121129017e-06,6.02907727153145988026118474678966e-07
3.32400000000000000000000000000002e+02,3.01959442778812616632433749807069e-10,-6.85270078351581912327054221818915e-09,2.37599524981052316541935918789074e-06,-2.59458175514366883421161008688685e-07
3.32499999999999999999999999999999e+02,4.20059657417501858811519891244949e-10,5.92139838188355017331788033200081e-09,2.37561619019779921177171254434713e-06,-3.73150987675521045084443549053684e-07
3.32599999999999999999999999999999e+02,2.79564845439390837497727323863207e-10,-5.29778254578614902912102643559144e-09,2.37759350176279552867189630290393e-06,-6.23419049199250457477465096414654e-07
3.32700000000000000000000000000001e+02,4.50813391020565072056201911026155e-10,2.95349608026713076345043797579575e-09,2.37774158041960551288099748848014e-06,4.43821210424894359751347667876455e-07
3.32799999999999999999999999999999e+02,2.64486881785140227694157953599136e-10,-3.41048180622558361948835575740336e-10,2.36564435806170173190404100247306e-06,9.64014049625347360720294581965542e-07
3.32900000000000000000000000000001e+02,4.40437935799864647577817848555283e-10,-7.65019854774044852781237395067013e-10,2.36308121343889255047446505940748e-06,-6.62027313594541249011795025937084e-07
3.33000000000000000000000000000000e+02,2.66943800575098387531937779834731e-10,1.64509028361036507565955968501180e-09,2.37083583884270366016975102370848e-06,-6.85175285769539917597658422237213e-07
3.33099999999999999999999999999999e+02,4.42102088665618966474077710689123e-10,-4.19914906655600471484213783572544e-09,2.36645056941541575938851377841617e-06,3.88483584785259772923005052921905e-07
3.33200000000000000000000000000001e+02,2.84770551839067217091014139518663e-10,6.11084862916192158845166608772194e-09,2.35954381274157105539393393546238e-06,8.61548060358801813571337350282400e-08
3.33299999999999999999999999999998e+02,4.05387652599000024616869954607913e-10,-6.56916224158418987130800208248112e-09,2.35871464587791661878405219505778e-06,1.49024787686912339331436894258357e-07
3.33400000000000000000000000000001e+02,3.06945780216843315858751901429234e-10,7.10643690275286549579083508275418e-09,2.35630365700336669434773805784237e-06,7.62639544106264777294127066344999e-08
3.33500000000000000000000000000000e+02,3.82569355131133004791536001640552e-10,-8.99668665373378608521672444389220e-09,2.35693023843503164628579199672349e-06,-5.91641351446831864917632417897758e-07
3.33599999999999999999999999999998e+02,3.48827323814042178969979815707922e-10,9.36740726253000363482782390955311e-09,2.35529601674353081517809391161080e-06,1.40155087703409122563411791783118e-07
3.33700000000000000000000000000001e+02,3.33406514186642353187310838360148e-10,-8.44109959487139334553307083065450e-09,2.34724160357052148969339844357534e-06,3.02846788412083577288562772872426e-07
3.33799999999999999999999999999999e+02,3.75896551427762700518192090067545e-10,7.97719745362560820921572143671601e-09,2.34891109244987817475890341302969e-06,-4.58371126811767827592239427835134e-07
3.33900000000000000000000000000001e+02,3.03841178022344918652780651068979e-10,-8.37429327475474562204898581766342e-09,2.35122440926783040482144445218866e-06,3.45753513241194869334998257389241e-07
3.34000000000000000000000000000000e+02,4.18652898229448404435088102887640e-10,6.83098462916664781535551420461569e-09,2.34146636068069523631801038018242e-06,2.95876264996521877754066807400145e-07
3.34099999999999999999999999999998e+02,2.68187442106587597035231416196290e-10,-4.41099391720985292840172538411603e-09,2.33976520375247684790358194552041e-06,-7.75721976120276279241095444848505e-07
3.34200000000000000000000000000000e+02,4.26652872886162817831698280644646e-10,3.06735889743611343844254238345668e-09,2.34337890205550701299774963122304e-06,-4.27234192329458107365996539907412e-08
3.34300000000000000000000000000000e+02,2.57045286615812550844715795632778e-10,-2.20150314382010994812117078697903e-09,2.33929730008408676436367990029020e-06,3.69732618798809979674130260570720e-07
3.34400000000000000000000000000002e+02,4.43735358381134595051183659024533e-10,-2.29219814050049282178045536769058e-10,2.33679920558835208933768066320195e-06,1.26093410627716192324519138528205e-07
3.34500000000000000000000000000000e+02,2.56668482379164967219960447007002e-10,2.71418621822289945531255437409440e-09,2.33126018694370596856877033895273e-06,2.47031380966217424597357779522973e-07
3.34599999999999999999999999999998e+02,4.21140780416258654392321027094075e-10,-3.47391974239125395878666087427798e-09,2.32788160764467931227092541813808e-06,-7.11812334543873121897041906187895e-07
3.34700000000000000000000000000001e+02,2.69013857942957383384837089463351e-10,4.41330135517867410756091001575877e-09,2.33550117726924254382031783503334e-06,-6.10055558367721819743389561727281e-07
3.34800000000000000000000000000000e+02,4.11950073639005784877821782038685e-10,-6.57749552691944648760440175933898e-09,2.33179716459952265699965200374420e-06,1.01702059003968372586791000674336e-06
3.34900000000000000000000000000002e+02,2.98801040100981181380462339360285e-10,8.30104630432888776611062762297017e-09,2.31924708158978699092297195979050e-06,4.94166162942060746856522248900914e-07
3.35000000000000000000000000000000e+02,3.67444097712847773060550335993702e-10,-8.00092388683614554435850273349638e-09,2.32067172678734563506114567598962e-06,-7.91375101669808343101028691179162e-07
3.35099999999999999999999999999999e+02,3.27640410564393107373468012478863e-10,8.39102833136576303398550256586365e-09,2.32426809775569116896733882391509e-06,-4.09626107802687162027871603781505e-07
3.35200000000000000000000000000002e+02,3.39322882128834114571285614380041e-10,-9.30173801742041870635760878739529e-09,2.32191420611834107505370852988288e-06,1.40463993427879923868173924197572e-08
3.35299999999999999999999999999999e+02,3.73412419146865845194715084775650e-10,9.21870337110300482750076624045004e-09,2.31854333765865570391651682034172e-06,4.75972678756231194823714667970769e-07
3.35400000000000000000000000000002e+02,2.93100607853759215812588927314243e-10,-7.24905274527081061315355862806513e-09,2.31039438327913700312820109767080e-06,5.92059663453941835493563971371398e-07
3.35500000000000000000000000000000e+02,3.96649245993098573418179390088392e-10,6.54523193563046967473707325716887e-09,2.30955853553095550426147818092412e-06,-7.94853809515206227827251286712059e-07
3.35599999999999999999999999999999e+02,2.70089537045513722837812848254508e-10,-5.94235000838812053195624000686033e-09,2.31707652132579524518291667875249e-06,-6.85015686611766791590676685359504e-07
3.35700000000000000000000000000001e+02,4.30367967870860670559630446561728e-10,4.14250488980408299617245354678708e-09,2.31060541509847967692548957224094e-06,7.70785898257723737118605834388131e-07
3.35799999999999999999999999999999e+02,2.49039341075069097108876643955351e-10,-1.21312530189170276356292578470969e-09,2.30177916349635264398162213631060e-06,1.59451751735601924443210689493071e-07
3.35900000000000000000000000000001e+02,4.25462037103128988250876211095758e-10,1.15247388059164183958027657303657e-10,2.30481417840861810994435343225107e-06,-2.50905852448558225840200334473495e-07
3.36000000000000000000000000000001e+02,2.50540787845113085086904110509603e-10,9.43376214981721326414537272661625e-10,2.30349704662944198889673150415763e-06,1.09303066873165356515886978478525e-07
3.36099999999999999999999999999999e+02,4.30095315922146216685419477091499e-10,-3.11342594809861537551528734746792e-09,2.30076986483074722820058900980098e-06,-4.46523041064071720098395601149236e-07
3.36200000000000000000000000000001e+02,2.63155872146335417111450848578851e-10,5.41948044518734305632348242498545e-09,2.29950599786949260094883356838590e-06,6.52374705673126022060143995447723e-08
3.36300000000000000000000000000000e+02,3.97675034042328638425848856583823e-10,-5.89231634247776951981007505699345e-09,2.29354740851813191988764132238366e-06,3.93851909076532597580791807412043e-07
3.36400000000000000000000000000001e+02,2.84648915786772836974555561520610e-10,6.63500679382317760925018182870905e-09,2.29460272827782754657999207126329e-06,-3.79128679270185824434303765447740e-07
3.36500000000000000000000000000001e+02,3.77972348810834884929187049224202e-10,-8.50125958119088532007490404090817e-09,2.29582408364436368824244666758311e-06,2.06229594780482240498025716034252e-07
3.36599999999999999999999999999998e+02,3.23344897778602705189622961235344e-10,9.45821456760916308046025948751413e-09,2.28644128777791223973717474700762e-06,2.08193165632606501234220047732649e-07
3.36700000000000000000000000000001e+02,3.28029864256536615607783240796443e-10,-8.66802398676750125223897065948534e-09,2.28565786420176904713121175763830e-06,-7.90861378050769519537504727303338e-07
3.36800000000000000000000000000001e+02,3.54093284418059967031795348721441e-10,8.18623415953433547777692560725898e-09,2.29064078658800442638530721993934e-06,6.23082377284902705186485364914650e-08
3.36900000000000000000000000000000e+02,2.98775091390539586169226580596437e-10,-8.61349749475292780179554564605443e-09,2.28466006336152639679014855585244e-06,7.05090944589039482739638322280778e-07
3.37000000000000000000000000000000e+02,3.95784669298053584724197330498716e-10,7.46513801175917933107624201936693e-09,2.27920199200755871166373783385999e-06,-8.40518216510485420274473483538936e-08
3.37099999999999999999999999999999e+02,2.59644149928107124143030368747251e-10,-5.24987952743946914248874297018699e-09,2.27815291107788543634783872961150e-06,-2.78895106146228741524817141148679e-07
3.37200000000000000000000000000000e+02,4.08763345209438513045374496064657e-10,3.80339006906756689746180385438743e-09,2.27694796065127412629697001866493e-06,-4.47201248312075688807105322664222e-07
3.37300000000000000000000000000000e+02,2.46463786470436222309422680731551e-10,-3.17069307290120931850699766324285e-09,2.28060326176289476175351210817014e-06,-1.94970723023913394429161494295880e-07
3.37400000000000000000000000000001e+02,4.28737937940216212667704350163836e-10,8.20674923605532842097971298132064e-10,2.27582539271653610484424480885131e-06,1.03021440819536041544798776995967e-06
3.37500000000000000000000000000000e+02,2.38978068017796947883778182945901e-10,1.70715374756292439686931580660551e-09,2.26385350917513654503252058378657e-06,2.11055567861724267297416072657179e-07
3.37599999999999999999999999999999e+02,4.10523014111960855382637980659173e-10,-2.91673206347034957886438526439324e-09,2.26849595819884239966627475226685e-06,-1.20624163117505759991270118177707e-06
3.37700000000000000000000000000000e+02,2.51023503193667924332167036650877e-10,3.56854283677612569264191904310636e-09,2.27370204443826306047197767229683e-06,-1.29090965480470630921509561511288e-07
3.37800000000000000000000000000000e+02,4.03519781306180217298442729536972e-10,-5.81348925733408277003935615455456e-09,2.26610226729812918241881048811733e-06,5.86476471443249899975816534487233e-07
3.37900000000000000000000000000001e+02,2.74198916301086026765400102050986e-10,7.60862967087323389522581969340892e-09,2.26159338573745037654391339180245e-06,2.63421050974292697252325750426041e-07
3.38000000000000000000000000000000e+02,3.61516603397018354262513023533920e-10,-7.87380697878017008895306313519246e-09,2.25819474256673598939410624943362e-06,1.23199143855116342850270784840400e-07
3.38100000000000000000000000000000e+02,3.03893186926200934964555016213100e-10,8.08355631330048609578883718100948e-09,2.25845055679421695032986458033144e-06,-7.71706362321377256202706724621851e-07
3.38200000000000000000000000000000e+02,3.34443730190182307736285709603734e-10,-9.37910003713753614341994770173878e-09,2.26344804727659030547447705132277e-06,-4.13698699965857164263839011008208e-07
3.38299999999999999999999999999999e+02,3.47327960478949978158973622262753e-10,9.47934873984296268404594475274083e-09,2.25544808982638172134799231175247e-06,9.37682371453257746417900639288484e-07
3.38400000000000000000000000000002e+02,2.84882850009231170664698246805989e-10,-7.87912414538624265039298722048618e-09,2.24742587335602961661370412474539e-06,1.05237201148133787750039523241228e-07
3.38499999999999999999999999999999e+02,3.74690237676853296009601398175747e-10,6.82016255923895983923266873315477e-09,2.25269601075998317944067028414947e-06,-5.65554185692840868341410692417376e-07
3.38599999999999999999999999999999e+02,2.62254271733491010245403800802521e-10,-6.55175232647934077592938969090075e-09,2.25202799562492724695542020041511e-06,1.13153178451833211160568609604762e-07
3.38700000000000000000000000000001e+02,4.08354344481575624942205054480140e-10,4.99658806055519201108906208609366e-09,2.24596005459299326868668675570946e-06,-1.60304193872667435505023974927527e-07
3.38799999999999999999999999999999e+02,2.35175969910934807919207311438045e-10,-2.32424044828178234428312374738063e-09,2.24518387242364922079475907847227e-06,-6.97945836969562079990500531926330e-08
3.38900000000000000000000000000001e+02,4.09514465612016123592063889454476e-10,9.18195584718471253406616377004611e-10,2.24258800083019379238418813857627e-06,4.38424438207644577443991105131907e-07
3.38999999999999999999999999999999e+02,2.35023501379465633681602020673723e-10,-3.80683188540234888449174288179797e-11,2.24130196141904332509807291864273e-06,-2.43352206670988307081161212879840e-07
3.39099999999999999999999999999999e+02,4.17645517106607234489362335204978e-10,-2.14188842679330015767037999475435e-09,2.24157944736012399059726923177561e-06,-9.31238644868610383121889831997980e-08
3.39200000000000000000000000000001e+02,2.41220626331755733200262901859588e-10,4.62588569594486765444354504525139e-09,2.23405594789125870697615716454214e-06,1.94541078294377853677948020460606e-07
3.39299999999999999999999999999999e+02,3.88342051414169813083369068893963e-10,-5.42675580872553954258435248584797e-09,2.23347473980922440528889045277319e-06,-6.34842479820378865494941185432494e-07
3.39400000000000000000000000000001e+02,2.63681173198346578884224159034470e-10,5.99677309767723745822885369462567e-09,2.23894063920131226431310641079533e-06,1.70838127971450531892556228293065e-07
3.39500000000000000000000000000000e+02,3.72151276211990849571589349044338e-10,-7.89255287643855714933404660357539e-09,2.23067931137001925229423979733325e-06,8.47100130354044943696545050626344e-07
3.39599999999999999999999999999998e+02,2.97107748078416954382056057055690e-10,9.23253734189116191778310871922695e-09,2.22429271132615632938490262558954e-06,-4.54236974115760719995133011241847e-07
3.39700000000000000000000000000001e+02,3.22726668118934522943201803067376e-10,-8.82930758129423167516285028476411e-09,2.22787164172137829447057104832330e-06,-5.63516529844516544864729895084585e-07
3.39799999999999999999999999999998e+02,3.31085213396850813143155484829852e-10,8.33426438480993854944405330898805e-09,2.22704359306236505677893394995577e-06,-5.94299395854392031368108713169660e-09
3.39900000000000000000000000000001e+02,2.94081376299442316653591675094142e-10,-8.91480179873183361551006325290198e-09,2.22615922740516723374102758440844e-06,1.66803379245611719927281501959578e-07
3.40000000000000000000000000000000e+02,3.72815410553752785589388928639657e-10,8.07442532986660697322081524881342e-09,2.22084900219416437437539688182625e-06,7.51693926274299094241077400724437e-07
3.40099999999999999999999999999998e+02,2.50725839527871690980181896130289e-10,-5.96886560641214217501648767875977e-09,2.21244184212102435908191153096239e-06,-1.94488247703614267194052306785542e-07
3.40200000000000000000000000000000e+02,3.89937698162138503881153874000716e-10,4.36969287580984514912784192485261e-09,2.21864156508663719338868758931507e-06,-1.20792363439988752361342157568020e-06
3.40299999999999999999999999999999e+02,2.37729154418942004810020848650825e-10,-3.98539108545855859879855315247268e-09,2.22253693058334287735419231035231e-06,2.35359563308495642307542945100138e-07
3.40400000000000000000000000000002e+02,4.12374177624134946457742526540050e-10,1.93093012634742684216440454215424e-09,2.21153967864144646834673157975359e-06,9.43372628684490834374687007723810e-07
3.40500000000000000000000000000000e+02,2.22927868836281761788567297566589e-10,6.01915174155111310057442357614279e-10,2.20699164525573400085151584569355e-06,-1.02603219621453323980568250192705e-07
3.40599999999999999999999999999998e+02,3.99575583444740940479027168923208e-10,-2.15498469112123768841287739515747e-09,2.20917476221090666045445697588150e-06,-3.84012681267030293782824535123101e-07
3.40700000000000000000000000000000e+02,2.33568863964941305685846992308599e-10,2.75138814385095136783034359202091e-09,2.20877129551642232183879082996959e-06,-4.28785378579605108109775374194047e-07
3.40800000000000000000000000000000e+02,3.95628733938072783222768422493834e-10,-5.04760383857260011018744273505628e-09,2.20927216591339593270723506811063e-06,-9.62060910591181415535843953406264e-08
3.40900000000000000000000000000002e+02,2.51513295464872906906991043902226e-10,7.03070485026619704853871841369033e-09,2.20252794651013806330194173511499e-06,8.70942088216896064461344510149134e-07
3.41000000000000000000000000000000e+02,3.54971585630957792003132995408858e-10,-7.59043574560210839282077811190277e-09,2.19597291861385234500265751153452e-06,-5.68550347278171808616614822695998e-09
3.41099999999999999999999999999999e+02,2.81420760283735702393292545404942e-10,7.66896644479892059222012537315788e-09,2.20223085689334311605357595756412e-06,-8.38909470928109228663222082320170e-07
3.41200000000000000000000000000001e+02,3.30560958077713515783182979589327e-10,-9.14768188127593172212105214358965e-09,2.20127048040149645080990162678684e-06,2.49424010062519703818438763729068e-07
3.41300000000000000000000000000000e+02,3.21523045391100863922016464921807e-10,9.65427274088843059860673574347107e-09,2.19242936774903633432754797431812e-06,1.15332349206662557228849913540163e-07
3.41400000000000000000000000000002e+02,2.78655938772257416835702014971767e-10,-8.39867519550958708947629341541676e-09,2.19355828232686921449780777699265e-06,-2.26666442877327523111239516770355e-07
3.41500000000000000000000000000000e+02,3.52587227621805068332852001823738e-10,7.26769212062720530809088125859970e-09,2.19296957073459829706282993529966e-06,4.28885444038728619337125777355044e-07
3.41599999999999999999999999999999e+02,2.54883288706291437536148743701079e-10,-7.08257674679902403729070792219257e-09,2.18920912088787051893009952636822e-06,-1.81936684645365981292351093222226e-07
3.41700000000000000000000000000002e+02,3.87188878585101380625869638407083e-10,5.80784935495935687272400256820524e-09,2.18886827278905097959161856017808e-06,-3.00115591313576177742134776634467e-07
3.41800000000000000000000000000002e+02,2.23189598485994078605905869552923e-10,-3.16812963969877446918170720449186e-09,2.18391400734865996552213700619560e-06,1.84038339328549297939767344622412e-07
3.41900000000000000000000000000001e+02,3.92295896481854276129546766367036e-10,1.74388934054057174663893294158381e-09,2.18353106165397077017776187338502e-06,-3.48196726607187401501427888134874e-07
3.42000000000000000000000000000000e+02,2.21262402359010419490680081378923e-10,-9.31752858774102169469647877962232e-10,2.18699849745259307999852217490706e-06,2.27287322835948235188958080845296e-07
3.42099999999999999999999999999999e+02,4.04295134848373948023785735470512e-10,-9.43456132805286100997981068422363e-10,2.17836492250788820393053040746786e-06,6.84830277540591828344269248523879e-07
3.42200000000000000000000000000001e+02,2.20655448412453293734475678048141e-10,3.77133234777388156804903722561802e-09,2.17272096185566058832647862495747e-06,-6.80690588418369078279626431937743e-07
3.42300000000000000000000000000001e+02,3.79510882664587319149651045377434e-10,-4.74592209693755687659902050709924e-09,2.17909754339938420998989849305088e-06,-6.52422533246080107569114413036696e-07
3.42400000000000000000000000000001e+02,2.42619314559167271473774239871626e-10,5.55638962540533614880986399983630e-09,2.17803622528825743935144512633401e-06,5.00832486688186019599860496495432e-07
3.42500000000000000000000000000001e+02,3.65364866154526245107209610603555e-10,-7.21125054097953038212217296992220e-09,2.17190259251233420701370297631775e-06,3.86309804364077052395388035870979e-07
3.42599999999999999999999999999999e+02,2.72706820408950306654107618385300e-10,9.03478601741555107246637005037589e-09,2.16837074004186753379494451776198e-06,1.46587364799907918625717889935379e-07
3.42700000000000000000000000000001e+02,3.17572804427377770780686581902313e-10,-8.63212026018634524455858866699223e-09,2.16463823438520804958963596209203e-06,-4.00675672381976739485167837695058e-07
3.42800000000000000000000000000001e+02,3.07806461236146375612847542022137e-10,8.44799837108938955006268803000415e-09,2.16943301254099447573608490390240e-06,-8.94018990531534282159774717652390e-07
3.42900000000000000000000000000001e+02,2.90186622772515409980566978567699e-10,-8.92240249641624284845083266542399e-09,2.17139501632264252158604705521499e-06,5.61914248823245076561775704031717e-07
3.43000000000000000000000000000001e+02,3.49222908781703041369182710213201e-10,8.78120719265677490128656468628353e-09,2.15842668318314823763232540861945e-06,1.00682713398260879240490884875702e-06
3.43099999999999999999999999999999e+02,2.43862701147561128316160001031084e-10,-6.60595156150175583297725981795557e-09,2.15571638070448937029913213104740e-06,-6.20440110160946556665779278949217e-07
3.43200000000000000000000000000000e+02,3.71778823365681600006250271651754e-10,5.15855654424125487071650588594420e-09,2.16227305770308555970432857739720e-06,-6.01775159718986906511499948922962e-07
3.43300000000000000000000000000000e+02,2.29311725950873650515933944715455e-10,-4.52716994278466543888023802863354e-09,2.15930601640851528138887982916703e-06,6.55444850892903555570190473060129e-08
3.43400000000000000000000000000000e+02,3.95858996798884728251969557996810e-10,2.98489879747084866656573446323647e-09,2.15607133527049982780222710037659e-06,1.43884976208498307031745215947084e-07
3.43500000000000000000000000000000e+02,2.10300502686648816752767118340259e-10,-2.99132764467554336465051460702378e-10,2.15150979731255431251362627783538e-06,5.89831610038048355126094385948359e-07
3.43599999999999999999999999999999e+02,3.88720606846501724969424462974164e-10,-1.17701150153131879133796036342132e-09,2.14750383332354008948751309249098e-06,-1.94582559189934893626122724817787e-07
3.43700000000000000000000000000000e+02,2.18404976155286113188271410181242e-10,1.93442551155191079879960054755059e-09,2.15289493639054879729279536926071e-06,-8.24853309767521923784905896730299e-07
3.43800000000000000000000000000000e+02,3.88301792676130352678697828849805e-10,-4.02240417290401006772750791582575e-09,2.15071197533326823054944325360954e-06,3.57386994911912686908412456353521e-07
3.43900000000000000000000000000001e+02,2.30848434686337785774172854111571e-10,6.41682203282599041170411977665764e-09,2.14147957780986402667786564252010e-06,3.20785914308770459499798321665675e-07
3.44000000000000000000000000000000e+02,3.51087737358277860315831691091837e-10,-7.25003775334541436185378075031379e-09,2.14359311804898480410423052580073e-06,-3.45236182426641268836746735178740e-07
3.44100000000000000000000000000000e+02,2.61629547038503962888928497500125e-10,7.40824077063847881925728895718217e-09,2.14469560493992686769600623385348e-06,2.69927624935049290433899388710203e-07
3.44200000000000000000000000000000e+02,3.27103958912151597176074159855990e-10,-8.80540371492082961711795143889931e-09,2.13854528424904094089776171484722e-06,-3.54884295240777325276685503395621e-08
3.44300000000000000000000000000001e+02,2.98275167808248794847281725512402e-10,9.59831812272800671737234619595027e-09,2.13749045636273395979049629466208e-06,-4.73550521125713376598578116309363e-07
3.44400000000000000000000000000001e+02,2.75897886218717818313233457694381e-10,-8.70815841112071598988036366496521e-09,2.13646938640373079377560156741487e-06,2.12714913206814296393909868516358e-07
3.44500000000000000000000000000000e+02,3.31962124582568193827974414454583e-10,7.59420514302285892355063965127560e-09,2.13449358201516395929865239201520e-06,1.93499902605466944447678909591877e-08
3.44599999999999999999999999999999e+02,2.50519475947013864428049430772894e-10,-7.61863831210963329809722301501409e-09,2.13549345378011098900126597135709e-06,5.98925501385322231776161592805379e-08
3.44700000000000000000000000000000e+02,3.66859409331708007805945846957794e-10,6.58496323762676570364902373322815e-09,2.12823575301405556731632248896382e-06,4.46156019573664404956825018698860e-07
3.44800000000000000000000000000001e+02,2.14040252795781390363899172006487e-10,-4.17762593327047825770458247711255e-09,2.12390696759350639241608704380107e-06,-7.40622701789048675807220134142842e-07
3.44900000000000000000000000000002e+02,3.77629191694605714272073911675590e-10,2.41981386548038880218315885463469e-09,2.13188604094356604257131686231448e-06,-5.32811176393355272489127134699358e-07
3.44999999999999999999999999999999e+02,2.10076249815932463945785495760341e-10,-1.76292532020049926045695660294524e-09,2.12866642059004908542822013036191e-06,9.19356131071801970007122390221002e-07
3.45099999999999999999999999999999e+02,3.90401279985743892359889094908549e-10,1.61185354978077156217456739189632e-11,2.11910801244973359193943780401437e-06,2.89399548424508551541210679144931e-07
3.45200000000000000000000000000001e+02,2.03499544969511120574433219741758e-10,2.65458082656170574752432928854673e-09,2.11896965110782326066873513805575e-06,-4.22387269824964656935628463637726e-07
3.45300000000000000000000000000001e+02,3.71631684669074726481224120587858e-10,-4.05580454828463871406998200791334e-09,2.11909686237400801185097116306270e-06,-3.98567521995685303048935956379112e-07
3.45400000000000000000000000000001e+02,2.23382373373141968900351253965121e-10,4.80850391488700306153203091414076e-09,2.12096291931401540142564426288463e-06,-3.77762901008358259958774795947203e-07
3.45500000000000000000000000000000e+02,3.59269923046675330140841370525816e-10,-6.61629176066982645060718064948876e-09,2.11962392206163691287581938203867e-06,7.24273516265894486849023825209437e-07
3.45599999999999999999999999999999e+02,2.48696939919324433236978515328177e-10,8.62367472081645706459803638639774e-09,2.10810153781411712808976176177165e-06,6.97501186994699701087202184505874e-07
3.45700000000000000000000000000001e+02,3.13135811994881899760342854443751e-10,-8.67700329081246529545571582360003e-09,2.10791638579856860233222860583143e-06,-9.39273621017797139370411265826820e-07
3.45800000000000000000000000000001e+02,2.86357296623128092569236879414396e-10,8.33734233404977325604840972650524e-09,2.11585206807627627641470436591957e-06,-5.94497567118886757914489876565701e-07
3.45900000000000000000000000000001e+02,2.85982573228296367649015460042163e-10,-8.89456921797294007708863268873662e-09,2.11049326275893203543555572616881e-06,5.75910237890580685303913594662475e-07
3.46000000000000000000000000000000e+02,3.24728736271002387190641509500114e-10,9.05043784312155638789082855688683e-09,2.10383003298140004136751566074632e-06,2.60515693954013682308598977553097e-07
3.46099999999999999999999999999998e+02,2.38518648753842950077490152143858e-10,-7.31878936040728495791268026334625e-09,2.10322682925674998377012062208667e-06,6.65688516310456464186316338146221e-08
3.46200000000000000000000000000001e+02,3.52720512368153134840736487570752e-10,5.80037311803823855092517843335384e-09,2.10145861460307538302854343511151e-06,-2.18208075287296305985438658717351e-07
3.46300000000000000000000000000000e+02,2.21825077711313850230290534357148e-10,-5.28354066937479347611140899382939e-09,2.10361821374083875184964460707271e-06,-6.33065085779105314058375112301342e-07
3.46400000000000000000000000000001e+02,3.78340580808642704079007524108421e-10,3.93498362381229776557838631628709e-09,2.10147110763332255149541820451374e-06,4.07042528069909838743760339919572e-07
3.46500000000000000000000000000000e+02,1.97519311157466138886320368802334e-10,-1.31657133808892752829891594768288e-09,2.09269545274086017074004561509857e-06,4.45619579921296593659223766917004e-07
3.46599999999999999999999999999998e+02,3.77226135602815622352565755469975e-10,-4.56801650549907839349004519747640e-10,2.09542219171285222140763654998376e-06,-5.27055951213079023295078845394349e-07
3.46700000000000000000000000000000e+02,2.04917695507768241573348293657171e-10,1.10799595827324386418920893734317e-09,2.09733272621176828869363567615869e-06,1.68105679982285892885565475951582e-07
3.46800000000000000000000000000001e+02,3.78884806797807674509345505061574e-10,-3.02830709714930439647414753010379e-09,2.08907463133545014637003445774191e-06,1.03405980506965899863131233393614e-07
3.46900000000000000000000000000002e+02,2.10823854280806279154874638365166e-10,5.49753160412291526614289733576906e-09,2.08873380457190410815519386070500e-06,-5.69220688924247048266043255154502e-07
3.47000000000000000000000000000000e+02,3.47037607492644394231214346547000e-10,-6.80556000296755162182942819957377e-09,2.09021498068028914168366935525463e-06,2.77143910729603970514425416750478e-07
3.47099999999999999999999999999998e+02,2.41889118304738564809047724358256e-10,6.99136286822603651178663214952188e-09,2.08630291529066346497641923143207e-06,2.62905508379161600112861732765774e-07
3.47200000000000000000000000000001e+02,3.24051921467853661520913390552014e-10,-8.51985631912801851357478731811199e-09,2.08509664669712067289920032281416e-06,-1.23780864014810722532444216308504e-07
3.47300000000000000000000000000002e+02,2.75240984051989685847200411045163e-10,9.50665303483617363086882575520343e-09,2.08028092312713898949983512800035e-06,1.23973736591185426570726471946739e-07
3.47400000000000000000000000000002e+02,2.72643367567455444421291525066437e-10,-9.01688162728771494329584247148328e-09,2.07817528210279544535086733538788e-06,-5.91017502536102110286727147094879e-07
3.47500000000000000000000000000000e+02,3.12139162932735463775365059045442e-10,7.71109727320599323887014465115832e-09,2.08443872810519176262961244291583e-06,-2.48549024165957157920538809343336e-07
3.47599999999999999999999999999999e+02,2.47493339220498541274615464778360e-10,-7.95902760726548173071113429494897e-09,2.07954077997535035656250774234178e-06,1.01608459590047354546361155822788e-06
3.47700000000000000000000000000002e+02,3.45479203521866094804522782314414e-10,7.20045358998937534189393106281686e-09,2.06901850546893556950643759547378e-06,9.16189842161185157853736455130136e-08
3.47800000000000000000000000000002e+02,2.06776220614291557201852981465620e-10,-5.22719227029446334036446372458818e-09,2.07204960507721483086677676991123e-06,-8.89736564407619541375635148628351e-07
3.47900000000000000000000000000002e+02,3.62457485793798848932296637657598e-10,3.18013031813817059285663978654994e-09,2.07535490571663228246361395885101e-06,-1.65027365938787790528071565361201e-07
3.48000000000000000000000000000000e+02,2.00034236531226093528406019804336e-10,-2.66433250213037867895029894029544e-09,2.07207300440581200074523818771105e-06,2.18899977016860014193742393838923e-07
3.48099999999999999999999999999999e+02,3.76985858851083280470939757935725e-10,9.25045778737824935907456949290778e-10,2.06860017422742739946211051617124e-06,5.17584168374971546299163987100899e-07
3.48200000000000000000000000000001e+02,1.87546362642859612752416332241540e-10,1.63806166235166151682573487034737e-09,2.06117153049745536704938459605435e-06,2.95510116961943459122590160442610e-07
3.48300000000000000000000000000001e+02,3.62593009230719468529405578333334e-10,-3.41260413297780280703467383368201e-09,2.06234193710963219285118136002438e-06,-1.01765105665257790713513316656880e-06
3.48400000000000000000000000000001e+02,2.06212805461710873113973115712766e-10,3.99513976662186197252387075830487e-09,2.06992651116866971392216736188725e-06,-3.82917404878399179381738166249887e-07
3.48500000000000000000000000000001e+02,3.52724626194530688923666313946714e-10,-5.81843992051068481205562232588078e-09,2.06170692045296318526536662717855e-06,9.70321424277408060159259863051142e-07
3.48599999999999999999999999999999e+02,2.25240837544795226879922573246591e-10,8.02433755290591198358936208951977e-09,2.05380262619297312358339225256027e-06,1.02156513508297916261483298429614e-07
3.48700000000000000000000000000001e+02,3.09192272589667368872361111066812e-10,-8.57272742963996064227587508816033e-09,2.05756927434348953206491403848515e-06,-3.73143412413386116306883502205692e-07
3.48800000000000000000000000000001e+02,2.64352013014620041754054334393243e-10,8.28566914584159138984473120735832e-09,2.05656153759292088749697512681755e-06,-1.23820792392605711451199423894879e-07
3.48900000000000000000000000000001e+02,2.81808353232740458336678663520297e-10,-8.86466953603771319232981805020779e-09,2.05527733932132227873273639136079e-06,-3.38922305108476102481153459769930e-07
3.49000000000000000000000000000001e+02,3.00928925890448346018076753574164e-10,9.31015947941343598837972066768253e-09,2.05298363217498817443606435026808e-06,3.82382090423221480073361252398053e-07
3.49099999999999999999999999999998e+02,2.32931243866200068819878723031599e-10,-7.76924997917956283330782774850480e-09,2.04645545711588363650105896044776e-06,3.83770961237762324885966333900992e-07
3.49200000000000000000000000000001e+02,3.32293936219601816495849571398321e-10,6.33499684986515134579474681503186e-09,2.04891371202421077200645026276894e-06,-5.53688774075491099875102725174857e-07
3.49300000000000000000000000000001e+02,2.15442730654038414514874601517205e-10,-5.82973410471118418558335923963516e-09,2.05022040099762004208178375057499e-06,3.32476939672734863811358193446424e-08
3.49400000000000000000000000000000e+02,3.59241391466165523003437750086299e-10,4.99161177809937308591689605182046e-09,2.04189827585653641257061848490728e-06,2.20703232206020733466654938968594e-07
3.49500000000000000000000000000000e+02,1.85785260350924308415202832855075e-10,-2.31879321611677417151558772737541e-09,2.04166949718068953525086267244681e-06,-5.16573757333132025415505131374625e-07
3.49599999999999999999999999999999e+02,3.64709840762403301806314710253427e-10,5.20026861060024625897444948904524e-10,2.04500269932227055928146697511774e-06,2.31032689323043668396255702377513e-07
3.49700000000000000000000000000000e+02,1.90964916703994540102510896486912e-10,4.47526014318917637740373869707061e-10,2.03912576200834174201704445147936e-06,4.74172713232814592267986370233378e-07
3.49800000000000000000000000000000e+02,3.68688847672960178180158027611926e-10,-2.00004485854624620863063467433620e-09,2.03584017997688463882447767846568e-06,-3.72056026893216770316088762855097e-07
3.49900000000000000000000000000001e+02,1.92548418110853522426202080544914e-10,4.79089002104476145847903178983119e-09,2.03536503088305377589863508633102e-06,-1.58887321640522249772647957407382e-07
3.50000000000000000000000000000000e+02,3.41416961872336879200131534198554e-10,-6.06587389570282356283341460591048e-09,2.03389710074540534191874251391678e-06,-2.11397498785212108871290296625831e-07
3.50099999999999999999999999999999e+02,2.22601986640292894031430911549817e-10,6.58062583660729949569928969882719e-09,2.03679808423013942930311119076368e-06,-5.08994369329722811729230280813636e-08
3.50200000000000000000000000000000e+02,3.21097125392207056038245679739210e-10,-7.86244008700604845727682733369876e-09,2.03132551968048138639522920727834e-06,9.08235893927772458927562299099524e-07
3.50300000000000000000000000000000e+02,2.52493515108962468000028723457061e-10,9.46460932648622157216576594911704e-09,2.02178856220470013543352494767611e-06,-1.80992852309728128107016496775971e-07
3.50400000000000000000000000000001e+02,2.70916135869303557444754378754875e-10,-9.10221900897125479597190551659262e-09,2.02803236145632155635695560229954e-06,-1.11335066116090696404841634440800e-06
3.50500000000000000000000000000000e+02,2.92568864709660776350252369864826e-10,8.09273804434402403589937643478735e-09,2.03138305704482661716314318451478e-06,2.41761734224761734178646489249510e-07
3.50600000000000000000000000000000e+02,2.44602433000857198309517839787440e-10,-8.07959321078806252554858216382537e-09,2.02329997868269988298622374605419e-06,6.01161888782700374487880296400348e-07
3.50700000000000000000000000000000e+02,3.25571908628673651134921096333899e-10,7.79522934057626918511815052004840e-09,2.01958197258985894732885406017074e-06,1.56460152254239470707855445290660e-07
3.50800000000000000000000000000001e+02,2.02330657872404228961749172677094e-10,-5.89924151745186906011402701127755e-09,2.01714458575004286102614890171921e-06,-1.36154048658702321188702852905117e-07
3.50900000000000000000000000000002e+02,3.47040607023162609880872940827963e-10,4.04473145868108241832023646733836e-09,2.01890440948644098432452893777203e-06,-8.22498677943092387831368953827769e-07
3.50999999999999999999999999999999e+02,1.92684103095271420613681427023728e-10,-3.44483502001812661028262434058222e-09,2.02303325033607469128877509452715e-06,-3.37826655403973242672394788837677e-08
3.51099999999999999999999999999999e+02,3.64170752771880295028560476187746e-10,2.04669171289619900878420804598024e-09,2.01392421771123522161076200578344e-06,1.03324381878661044069588563399187e-06
3.51200000000000000000000000000001e+02,1.74654441421366306573152070422219e-10,6.21297905949016710175290639457669e-10,2.00696215412553277143053271269749e-06,-1.02993815585667713694867196484270e-07
3.51300000000000000000000000000001e+02,3.55675558209371963924323855860483e-10,-2.62965343919191693299248747949982e-09,2.01340404599566537501069912712787e-06,-7.16316049211799138260969602980671e-07
3.51400000000000000000000000000001e+02,1.91133351414120361611693397718205e-10,3.37154670846601108798032425641788e-09,2.01284229071267939370886243586324e-06,7.85159299010992429619059315048701e-08
3.51499999999999999999999999999999e+02,3.46631834678683055596999136872338e-10,-5.03861930096116802345510278791077e-09,2.00728610214279277149759034834144e-06,2.47711563642744080288968088339120e-08
3.51599999999999999999999999999999e+02,2.05821008632965982237031905574401e-10,7.32913865236157223251367178822986e-09,2.00615334810143545329012870964064e-06,1.49187223906660759618219305401897e-07
3.51700000000000000000000000000001e+02,3.07213470246038954915271057030125e-10,-8.21268369543281448602672678546078e-09,2.00266608716420835039331931586562e-06,3.22041432672180013573526192381082e-07
3.51800000000000000000000000000001e+02,2.44007746416419392011455569685973e-10,8.05765841044526991986039408544468e-09,2.00308008181130500439829557137292e-06,-5.02039015858430573196610262698121e-07
3.51900000000000000000000000000001e+02,2.79739027941312416565530902686652e-10,-8.75392335940805498175688240434952e-09,2.00432504767029666652069228949022e-06,-1.01082229291327589924066693807306e-07
3.52000000000000000000000000000000e+02,2.78428232304181867812862124853527e-10,9.47837183057625803700891383012782e-09,1.99645082832591091900365914938521e-06,3.48128791296365944562064520365407e-07
3.52099999999999999999999999999998e+02,2.30140991842539017834770896187374e-10,-8.32444612325721279018092505292693e-09,1.99637842462579760522007041206969e-06,-4.57936025161758082614680422040464e-07
3.52200000000000000000000000000000e+02,3.13832135539654046342462598294618e-10,6.81235937965809992166229181281714e-09,2.00045053266959239737928350292362e-06,2.19613491046921290534404976477497e-07
3.52300000000000000000000000000001e+02,2.10046357357613535024417417038325e-10,-6.30959283143198960844936924809342e-09,1.99271324289092069690097454787698e-06,5.31148875725609519456883095278740e-07
3.52400000000000000000000000000001e+02,3.40274326488841543144444640637386e-10,5.70696435708276956219277730629820e-09,1.98929278186997131991270723417958e-06,-6.10271990973084960310705066341938e-07
3.52500000000000000000000000000000e+02,1.77549465979183658192170204070677e-10,-3.35999994583191694062331051385695e-09,1.99211651585538766884539946332630e-06,-2.83962781006688232915143370064998e-07
3.52599999999999999999999999999998e+02,3.52030793055473527673058810234696e-10,1.45238466926784710841454743852595e-09,1.99044852041811660632143623726493e-06,1.92297091582378869830380721965067e-07
3.52700000000000000000000000000000e+02,1.78634695977162294864994294908955e-10,-4.50509352749868409691264971066693e-10,1.98942588025366981454960024583990e-06,1.35225954081651391472362974588984e-07
3.52800000000000000000000000000001e+02,3.58270600171541177227631563415885e-10,-1.02147450963935537324394034239738e-09,1.98436090690085511819205078011901e-06,5.22109070203319393158900269486700e-07
3.52900000000000000000000000000002e+02,1.75275894496791440832851004323687e-10,3.87973527982890202611691069504488e-09,1.97836887933221499676188589740638e-06,-4.06443973745636105977139236554895e-07
3.53000000000000000000000000000000e+02,3.36460541278417832641527497855491e-10,-5.51142463335965627894662681952174e-09,1.98499816040516108336463964725297e-06,-9.79461189742721388470030535517306e-07
3.53099999999999999999999999999998e+02,2.04802820166217437344121849912335e-10,6.09934363354678113632019581045565e-09,1.98691034259404264555265438936064e-06,5.67708682378388275589847697577580e-07
3.53200000000000000000000000000000e+02,3.16547620407023529130468946635343e-10,-7.26119458896069036109340670676770e-09,1.97571558540139080246935471370315e-06,8.10371551867276985953147943859990e-07
3.53300000000000000000000000000001e+02,2.30536345944680334599706533746588e-10,9.02683565716128761686958460559726e-09,1.97281972913157520512617257480913e-06,-3.57166836538022221239741299445884e-07
3.53400000000000000000000000000002e+02,2.70262269836573197763076473593768e-10,-9.11407913079248431805044079997897e-09,1.97614647926797401068314806033869e-06,-4.39378570231441467546534717503023e-07
3.53499999999999999999999999999999e+02,2.72541339482532746524650554456024e-10,8.26306486552196536591162010366359e-09,1.97582218454418323849884694360234e-06,-3.35499265167669774657534828867571e-07
3.53599999999999999999999999999999e+02,2.42382676560304332280917582574356e-10,-8.32054367549922742848087344057632e-09,1.97572871004342271351876120095548e-06,1.82449441650117597458761877305955e-07
3.53700000000000000000000000000001e+02,3.05039956810579863432548379248787e-10,8.27308695448738821539547608133647e-09,1.96806501993272139630700518265071e-06,8.90706271742648107765685703144270e-07
3.53800000000000000000000000000002e+02,1.98391070219642842228560356555373e-10,-6.69187902115000688656635152629126e-09,1.96287674241190244822265481535738e-06,-3.38026290867011278063226449201770e-07
3.53900000000000000000000000000002e+02,3.32194954018926750746042068987520e-10,4.68321326561890810248299000807834e-09,1.97091675292204956659966844597011e-06,-8.72710093434029594019285175239320e-07
3.54000000000000000000000000000000e+02,1.86495783552481568298975183485746e-10,-4.14029023121575691871503198198607e-09,1.96899555350548115177286362873378e-06,3.70765461799474821275607947298912e-07
3.54099999999999999999999999999999e+02,3.49583412075890644955005645327031e-10,2.95106506009362452314061734895506e-09,1.96044923635381715517538589606489e-06,2.38894739139224337242802780991878e-07
3.54200000000000000000000000000002e+02,1.63932102364995610448860778649033e-10,-5.93736284583388732848464488289963e-10,1.96146828651986320836377703493740e-06,-8.05393663103877991009213287373671e-08
3.54300000000000000000000000000002e+02,3.48558087037078591887131190996410e-10,-1.78524030049436552947617777122502e-09,1.96034833025706432114104433330689e-06,2.06195013271723799976778175087237e-07
3.54400000000000000000000000000001e+02,1.77169017994314442463266591585022e-10,2.53646544025331587940971381478437e-09,1.95866167823178432581345363136725e-06,-3.93153533844141352472637647700082e-07
3.54500000000000000000000000000000e+02,3.40756951108475146698162825209326e-10,-4.33243512519125797512461155187662e-09,1.95889209290909406780664868057239e-06,-1.63979404040052219368241212914209e-07
3.54599999999999999999999999999998e+02,1.87184005779256341542160262623147e-10,6.55946428417539813967666027698460e-09,1.95305948819661356777010415036094e-06,3.70274367209393505306867172877857e-07
3.54700000000000000000000000000001e+02,3.05182464480712622462059492715124e-10,-7.98284331176449429688028978128798e-09,1.95283950966094714343749751244598e-06,-2.57723057005368769320779014776020e-07
3.54800000000000000000000000000001e+02,2.25738796825241705260938202340095e-10,7.65831618549780094962298257884790e-09,1.95581964736407227239950984572522e-06,1.04615739554751448917882980655637e-07
3.54900000000000000000000000000001e+02,2.77734535711720330776670632081796e-10,-8.52061735904406516768796801888008e-09,1.94826344992630495886268984038477e-06,4.37229096292428224612848352780736e-07
3.55000000000000000000000000000001e+02,2.55844213092055978516301068797541e-10,9.30983025319808122760696977842251e-09,1.94484498945915881922057903074004e-06,-6.78088934718605913420945825937936e-07
3.55099999999999999999999999999998e+02,2.29005390122047495426508346699480e-10,-8.85777852012482731234104380034010e-09,1.95022574503692901240663525712541e-06,-3.42334790174982824993479756884384e-07
3.55200000000000000000000000000001e+02,2.95075301671210554378015596543862e-10,7.22043731856600373282919000312667e-09,1.94749175618970618755378976101996e-06,6.37961510727806306914392667236715e-07
3.55300000000000000000000000000001e+02,2.05723269073188840314002439088319e-10,-6.92286766353533158404546208909589e-09,1.94229839792128717420532853374937e-06,1.44256502674707793493330180839267e-07
3.55400000000000000000000000000000e+02,3.21412751781677550942118370576921e-10,6.32883589510811769065836761051189e-09,1.94020787273860006644230556526702e-06,-2.07849029616063391375085772519281e-08
3.55500000000000000000000000000001e+02,1.69636678896076216922856464627964e-10,-4.36777569289696240883577207294731e-09,1.93747314018659574705017962850890e-06,-4.09382644571945447669741159916907e-07
3.55599999999999999999999999999999e+02,3.38490687130357452882838458005598e-10,2.17477106567459100923521321918131e-09,1.94228518185507134296737959228440e-06,-6.69472660588253674646714868227434e-07
3.55700000000000000000000000000000e+02,1.68164246305583818228855134596327e-10,-1.32073878463159900237435447346559e-09,1.94206249596324883148677923072365e-06,8.23439646915776225243568010182841e-07
3.55800000000000000000000000000000e+02,3.46001786345065736490594795275275e-10,-2.68362247891164458346530086965463e-11,1.92973924708097774133036902217972e-06,7.25205397651721081336469260460394e-07
3.55900000000000000000000000000000e+02,1.58698073302464441677296043843153e-10,2.77116739438163098064335874308490e-09,1.92966591751603434729202697935926e-06,-8.64389061772106167063203025010402e-07
3.56000000000000000000000000000000e+02,3.30666271440992279445829219339951e-10,-4.81594046579727622216093654979755e-09,1.93615657458669380138278814045463e-06,-4.71735483105408646893725031414167e-07
3.56099999999999999999999999999999e+02,1.86481551221528019827715145783665e-10,5.57350066542295550596516008225739e-09,1.93265715801509118071574248251154e-06,1.97702626426140446246975642421140e-07
3.56199999999999999999999999999999e+02,3.11371706032080499822967216010572e-10,-6.69104193976815013322388096530698e-09,1.92902421812941227484319721127782e-06,3.26897297791960439406435084894980e-07
3.56300000000000000000000000000001e+02,2.08723919160370168829181614357462e-10,8.63555588853121995414848075495992e-09,1.92426326381851334812860658463409e-06,4.88617354087488377412290726238522e-07
3.56400000000000000000000000000001e+02,2.67705273389712230802291729889549e-10,-8.96089499000690421130696068896231e-09,1.92201988878341512809315669349154e-06,-5.10040185299047147093769758974865e-07
3.56500000000000000000000000000000e+02,2.51999757969911714131422117806932e-10,8.29890492020344062084790574823990e-09,1.92840059090513098687685595641813e-06,-7.46919714415292674483837081398071e-07
3.56600000000000000000000000000000e+02,2.40108628255971742184866022809195e-10,-8.27053667516960932561558960191834e-09,1.92528122525894694234613785722344e-06,5.58015508757181313535631788833405e-07
3.56700000000000000000000000000000e+02,2.82781563501961105008522232402159e-10,8.73525142788038491237318604669978e-09,1.91577944221141405032796863574760e-06,3.96944822814271594158526481341652e-07
3.56800000000000000000000000000001e+02,1.94865333608962284774174989548484e-10,-7.36029408700548819628220625196050e-09,1.91832947825131085623006494724062e-06,-3.64617867540860921732076408874371e-07
3.56900000000000000000000000000001e+02,3.15719293148814139328277068724613e-10,5.54718351717395003295177163803803e-09,1.91969705915846412561427157090399e-06,7.66490238362048598950741178607733e-08
3.57000000000000000000000000000000e+02,1.79963957432625345082782280874801e-10,-4.70278717644727064945447516965922e-09,1.91484246479037128698158842477418e-06,-1.60975740681231642701760030363548e-07
3.57100000000000000000000000000000e+02,3.34635764923322787386418401081277e-10,3.90364568699939288372264592328756e-09,1.91460119972039173086078401567627e-06,-2.74629319097282766374620411334792e-07
3.57200000000000000000000000000000e+02,1.54109923982443794596236207111152e-10,-1.46774055578153664701110565421941e-09,1.91176810810405610698935662766781e-06,4.25296434799196474494428586585379e-07
3.57300000000000000000000000000001e+02,3.39345163272738214022725068407181e-10,-7.88068501066305228143710041092031e-10,1.91003305986054225976044789026390e-06,-6.11793082221704986625272792698057e-08
3.57400000000000000000000000000002e+02,1.64697944512763737196621798669092e-10,1.81176722268322632919296832312442e-09,1.91217559178286917222884653323569e-06,-1.08378219627844010764433996383255e-07
3.57499999999999999999999999999999e+02,3.34402286785878956301534809918190e-10,-3.27013286522511382781707158127252e-09,1.90536577746184896191368625043212e-06,3.09145296608842538032425702971962e-07
3.57599999999999999999999999999999e+02,1.69658618585802887474486213609849e-10,5.83130487119159607552458084910623e-09,1.90263096000465916466839257004799e-06,-6.48866220155394756802910871448828e-07
3.57700000000000000000000000000001e+02,3.03821133214016525840066953901034e-10,-7.44753633195964256099724740733422e-09,1.90913293642722360799425664932120e-06,-1.98409308516788675959515711498122e-07
3.57800000000000000000000000000002e+02,2.07930556463179224469060221226289e-10,7.49966997672743477208396893462570e-09,1.90436090928032423580368653737674e-06,8.97836351370510582030862819143459e-07
3.57900000000000000000000000000002e+02,2.76181451859825843252094757897347e-10,-8.14206675105573531978083846188000e-09,1.89725151259761469385293669402403e-06,-3.71381813381126893016298597826653e-08
3.58000000000000000000000000000000e+02,2.35821370620509304665045013238953e-10,9.22642410525690863318006394763451e-09,1.89820012336077418415082938837663e-06,-4.91810269154158098393978668128063e-07
3.58099999999999999999999999999999e+02,2.29158071129810354786575453541172e-10,-8.97321059000677996216129620909836e-09,1.89834379070026222457883764441253e-06,-2.57096530481927523128703552999111e-07
3.58200000000000000000000000000001e+02,2.76610896509708990554986467212100e-10,7.61125325288279658599307683683121e-09,1.89965708717773091307576070104055e-06,-1.49033248242418871847673965466444e-07
3.58300000000000000000000000000001e+02,2.04096971321790294835310404830921e-10,-7.29421589822507544440870520671888e-09,1.89687621591770615190823708236120e-06,7.85220211549154870159270764057171e-07
3.58400000000000000000000000000001e+02,3.03399790019635172294839740745345e-10,7.07604148995779405324395528148730e-09,1.88699541213156958937904886243425e-06,3.89954574782611564861053151809655e-07
3.58500000000000000000000000000000e+02,1.64746273621040032879301565013016e-10,-5.30544897629802503680388102878206e-09,1.88893669206367933576729543617783e-06,-1.10888886195950852126481387648211e-06
3.58599999999999999999999999999998e+02,3.26203381000142466857435353622853e-10,3.07193547772610680813203667929599e-09,1.89636336965458382923806565587343e-06,-3.45477124555088144136225432823887e-07
3.58700000000000000000000000000001e+02,1.59275541073446159943483939509551e-10,-2.03052568972805534717463721597637e-09,1.88964427415762058524027968244828e-06,7.52064763225229619030233422750351e-07
3.58800000000000000000000000000000e+02,3.34747401498605165690450375565918e-10,8.73148961174108397097782211901863e-10,1.88324691587117816988072286473236e-06,2.33474804797206723876145444474739e-07
3.58900000000000000000000000000001e+02,1.46185588289568691903562590389733e-10,1.76642787598321349463667289416608e-09,1.88357991293411847033408869961912e-06,-5.10174355531278015224187267863972e-08
3.59000000000000000000000000000001e+02,3.24958711055581982308426403301709e-10,-3.94092511271983962757175205357213e-09,1.88280609048773572166895698563746e-06,-4.47486754463162718443939271356813e-07
3.59099999999999999999999999999998e+02,1.70147666419875036116602725711397e-10,4.89385057318405722025500302132952e-09,1.88570659930991594277900404912054e-06,-5.16678158613982057643589269221958e-07
3.59200000000000000000000000000000e+02,3.07394355860829796303295292821251e-10,-5.98420422340433912068941675671871e-09,1.88222511198219629960507650577886e-06,7.01169138346154056660416858585978e-07
3.59300000000000000000000000000001e+02,1.88633917579708535554925539166107e-10,8.14392735825812665308396963272702e-09,1.87314524208359723120145369122107e-06,3.89035186945242665101121760955448e-07
3.59400000000000000000000000000002e+02,2.66974501885057251192809354919019e-10,-8.81326058306477477187764591222292e-09,1.87745198617057163083331954572343e-06,-6.40541245815915805175250820960616e-07
3.59500000000000000000000000000000e+02,2.32600588692739945642248835544405e-10,8.35457244290637510657667396655561e-09,1.87932793138696899176181100247418e-06,3.60753240691931999346092671599224e-08
3.59599999999999999999999999999998e+02,2.37754846543172312296175145966537e-10,-8.20023771943073558379450576633214e-09,1.87198556405342018387309131643430e-06,4.27739417863830864461298248903111e-08
3.59700000000000000000000000000001e+02,2.61932717071941093797716871995956e-10,8.90180688525726166441447770613384e-09,1.87202931491443880280835473711374e-06,-2.67600021701135358395201320964023e-07
3.59800000000000000000000000000002e+02,1.93633386881420110767621582133393e-10,-7.85856262667188302247064754901296e-09,1.87165811366221619295977860658090e-06,3.93926487181949448734317658210537e-07
3.59900000000000000000000000000002e+02,2.98413111323385225608661876843824e-10,6.28867535940445231585936059761206e-09,1.86863612940389910660386470717104e-06,5.70581444355055461687784090384459e-08
3.60000000000000000000000000000000e+02,1.74860804170382746848067373620786e-10,-5.37406673202146802918877354451993e-09,1.86893648061300348699167763695404e-06,-2.92796104802805449187093602778756e-07
3.60099999999999999999999999999999e+02,3.19381024907613401384911691868604e-10,4.82868499288659663642131611928713e-09,1.86445649624083775118724992833807e-06,1.13067182842821636483472284212691e-07
3.60200000000000000000000000000002e+02,1.45821013711110455604039996449453e-10,-2.47246216427186442388262499087771e-09,1.86263009663027922851982342360528e-06,-3.72091104614097637224814912483795e-07
3.60300000000000000000000000000002e+02,3.30552662640982233909497813655185e-10,1.12086171100509067731447845400178e-10,1.86764421655153830045935979877633e-06,-5.08647013988052994265164642725839e-08
3.60400000000000000000000000000002e+02,1.53132238395656964164672707526404e-10,1.13314167536833515303192317867128e-09,1.86216694838149116569751543590679e-06,8.77615311143923616903146244167921e-07
3.60500000000000000000000000000000e+02,3.26603354336033114916027530384397e-10,-2.37805676881947987119191405293545e-09,1.85425195518152039498863133736576e-06,-2.32435017965606379876062253323724e-07
3.60599999999999999999999999999999e+02,1.54664941816890351737696953297816e-10,4.88765794114718551970421065555896e-09,1.85843031572728567062318135094799e-06,-8.58878478226189789131452882418983e-07
3.60700000000000000000000000000001e+02,3.02678496856086768608708897933581e-10,-6.77220506613869089330322190261926e-09,1.86017188264942259675954160197575e-06,1.41569114537605503997638346291890e-07
3.60800000000000000000000000000001e+02,1.90470625420208814103514791522903e-10,7.09429257392371604936473258874722e-09,1.85635925185787750157630647883191e-06,3.08972948125319078810047499650717e-07
3.60900000000000000000000000000001e+02,2.75198262069466656620217354355774e-10,-7.79926918778634526261504372813000e-09,1.85321764706573955111175955852283e-06,4.28236438160882026381197738421105e-07
3.61000000000000000000000000000001e+02,2.16370607720732598318670319377723e-10,9.01643611760180582007809997265168e-09,1.84707437479135930651571962766912e-06,2.90816464481941701195351453041893e-08
3.61099999999999999999999999999999e+02,2.30410813909468630514316458396537e-10,-9.19937063318507575532543827080113e-09,1.85004261867211553086823779388762e-06,-1.11093430057967977763674141252697e-06
3.61200000000000000000000000000001e+02,2.59584767748946437506278061659964e-10,7.85101028080005690557732799417953e-09,1.85619313973671437630264307269084e-06,2.89033176208153329210553680883626e-09
3.61300000000000000000000000000001e+02,2.02876554917622280463000179096651e-10,-7.59523232085615864593202328433419e-09,1.84662922720032019688677057526907e-06,1.07148816287068155500614300753368e-06
3.61400000000000000000000000000001e+02,2.85211402662097831509538850177726e-10,7.46794975020009453591841869877857e-09,1.84033127737701739722214094243592e-06,-8.91607618245803896209240278320341e-08
3.61500000000000000000000000000001e+02,1.62858212944743851705927395644934e-10,-6.28365069236823595720003291590603e-09,1.84482688064408437097223448349611e-06,-4.90179436040679571893561174915315e-07
3.61599999999999999999999999999998e+02,3.13739750719778552969004708470954e-10,3.91103140336363862990155696474967e-09,1.84444566732988759025388823926951e-06,-2.40438470915135784502430809796732e-07
3.61700000000000000000000000000001e+02,1.52061089093266567927960027013241e-10,-2.96587103132883612763252103018986e-09,1.84323076603912891780805401565363e-06,-1.22781141714420192768240101883259e-07
3.61800000000000000000000000000001e+02,3.23756011263005120600434346317330e-10,1.65947623458024536952976381020002e-09,1.83979847609965517727331822287935e-06,6.24122222404123977113528601729892e-07
3.61900000000000000000000000000000e+02,1.35098184070124241786808067581046e-10,6.39401910562200740652610732521203e-10,1.83354939019875816442980910239359e-06,2.18545448650072583295118971405993e-07
3.62000000000000000000000000000000e+02,3.19714901527109395079455176480922e-10,-3.29117314986452239337796621129427e-09,1.83750891282199974179017351161776e-06,-7.36244092509581479624769691601503e-07
3.62099999999999999999999999999999e+02,1.56081861370916561155917229862814e-10,4.11095125126839380492062738576169e-09,1.83918818234329438115651988388185e-06,-8.58096205302542904752428828166155e-09
3.62200000000000000000000000000000e+02,3.02308457014736341389843013166299e-10,-5.33308725904405057443142102489921e-09,1.83078708339164969608604554690509e-06,3.11547295478625167170880573427261e-07
3.62300000000000000000000000000000e+02,1.69835533004652180615368594012293e-10,7.26178859723768702860232153894571e-09,1.83062736720172606805808637493690e-06,-2.72790177130693970857003466161970e-07
3.62400000000000000000000000000001e+02,2.67118479337966285734859925218566e-10,-8.61681888131194896796172079330067e-09,1.83307183869984560802200067726722e-06,2.58741230139790673901780079367195e-07
3.62500000000000000000000000000000e+02,2.13117642148553769802936865270291e-10,8.19798283296381163221468522201633e-09,1.82787085118932537260712130666105e-06,1.78429554716687071210380707314550e-07
3.62599999999999999999999999999999e+02,2.35801626163595799334106046733126e-10,-8.29388330902330174528419147602450e-09,1.82682921021704024878326443603491e-06,-5.12385203004024324310348796290136e-07
3.62700000000000000000000000000000e+02,2.40945678759653018262054591720951e-10,8.93760757082664204009392714379266e-09,1.82570579815854620416073539078244e-06,4.65922867952201619155023085156883e-08
3.62800000000000000000000000000000e+02,1.92020484034706350122717495456428e-10,-8.41304400960893357305582898099586e-09,1.82352581329285557250771748565453e-06,-8.56545216737714314229587528930332e-09
3.62900000000000000000000000000001e+02,2.80867817666746150330710338966847e-10,6.75273658962848954569936009411947e-09,1.82654030290504528771929820537301e-06,-3.67078854790006878567642841761640e-09
3.63000000000000000000000000000000e+02,1.70303284140157589706676168794001e-10,-5.94943300072357800865158972525313e-09,1.82073652768327150791728421812881e-06,6.68214449733650724533191201457094e-07
3.63100000000000000000000000000000e+02,3.01691751453598636125273785061259e-10,5.56531649328348530797150831411209e-09,1.81388932687582586924393187145586e-06,-4.46913608773060896173386471064160e-07
3.63200000000000000000000000000000e+02,1.38274331925162143628873951551752e-10,-3.59895591067165389570291469045201e-09,1.82051520550898353614514993596006e-06,-8.78146394316974261152666444269031e-07
3.63300000000000000000000000000001e+02,3.20060094090070174857559091924317e-10,1.09603349952810675496708567794273e-09,1.82148254358657042167777320532380e-06,5.55029283294032400905336451938245e-07
3.63400000000000000000000000000002e+02,1.41106524166354335936111058315829e-10,3.47907257261161056655771150099302e-10,1.81383668393594367510636897466166e-06,5.29663900018660839520498128790266e-07
3.63499999999999999999999999999999e+02,3.17513942436667711469482166622520e-10,-1.52637729237248164520515704709557e-09,1.81115758841346172378059485152525e-06,-6.49964521923941411700354864840722e-08
3.63599999999999999999999999999999e+02,1.39301232756533753106908896065891e-10,4.03179275409135751677668364123777e-09,1.80988150325599017725667023982509e-06,-3.03515727165640893113094980021285e-07
3.63700000000000000000000000000001e+02,2.99071193777150055309935849858931e-10,-6.07287934377881661402102184168578e-09,1.81239300898516140171677105449749e-06,-7.17707914414722000411461832302246e-07
3.63800000000000000000000000000001e+02,1.73461836707279414947483866322360e-10,6.63182241034204715716092215802500e-09,1.81477449716907422801835945733077e-06,3.08090094251439253686733689441598e-07
3.63900000000000000000000000000001e+02,2.72746524897520927557239400222821e-10,-7.18153559064845559514131016832747e-09,1.80519955958120507411302472966541e-06,1.03675018273887173224096951006214e-06
3.63999999999999999999999999999999e+02,1.95750340317994233999331598629903e-10,8.70313007182416965799337814011796e-09,1.80005489882258194698788906074718e-06,-4.16643855476290190402851539657891e-07
3.64099999999999999999999999999999e+02,2.31486120350495935515277399528781e-10,-9.20776550242122779065444998859806e-09,1.80756004442131622029679112944609e-06,-8.02370110517354467731778721662903e-07
3.64200000000000000000000000000001e+02,2.41239449536835621489810094087989e-10,8.23576696402364442012019367135671e-09,1.80652033488551750142235335602582e-06,1.85950063901610435621251243008086e-07
3.64300000000000000000000000000001e+02,2.01434729210206170246315841814058e-10,-7.79100791096997396381216529074494e-09,1.80067469644282026517078706149610e-06,2.00762012589669756445947690402936e-07
3.64400000000000000000000000000001e+02,2.67048091659285793721028750755741e-10,7.94901587919732594235402159794564e-09,1.79944294077571341166519592356741e-06,3.09291937454997071587969726279373e-07
3.64500000000000000000000000000000e+02,1.60865664961038249744958635340222e-10,-6.90832284218777809645404054137265e-09,1.79604054371541125681810260743145e-06,6.54840801238736857641712561721732e-08
3.64599999999999999999999999999998e+02,2.99985658897643071963403079481457e-10,4.76002334115736085315568961504277e-09,1.79826914418534024468405958422564e-06,-7.33973433069521715403278014808709e-07
3.64700000000000000000000000000000e+02,1.46834436263404499969885268562987e-10,-3.66339698486756865050935989675152e-09,1.79950380629187457956470980158507e-06,7.02278371446504365404216543471926e-08
3.64800000000000000000000000000001e+02,3.11842535358876858635538774598459e-10,2.68702653243142837054416723088482e-09,1.79085813628129831367992493166828e-06,4.96496594471572242678631226712604e-07
3.64900000000000000000000000000001e+02,1.25606163737526743882974358591596e-10,-4.17065748440864911087928663031490e-10,1.79134165195372994387620732777225e-06,-3.28568091348775977467299134973108e-07
3.65000000000000000000000000000000e+02,3.14498910383441124482404740625946e-10,-2.33950558821670144246583236295488e-09,1.79478669984017609815920524924293e-06,1.24303525850314041640802511112461e-07
3.65099999999999999999999999999998e+02,1.42968879908641582509281666749320e-10,3.50874949042102458600596049769001e-09,1.78804339319507997817589425800254e-06,1.95732397158251843717875036082382e-07
3.65200000000000000000000000000000e+02,2.97924297631107800517604577953060e-10,-4.59617912798491254760412777628699e-09,1.78660958367816163115248121784409e-06,-5.56475887357107001565794917290991e-07
3.65300000000000000000000000000001e+02,1.53649202041665002478287713981498e-10,6.57788645151617237977654659463008e-09,1.78810235116651681266208623037320e-06,1.76920032075611931242715096077557e-08
3.65400000000000000000000000000002e+02,2.67003374747862411007364202408081e-10,-8.10322275022861694514758842034034e-09,1.78561316811570488530545461589247e-06,3.02365749142414583025523261715816e-07
3.65500000000000000000000000000000e+02,1.95058095658734389956353711571392e-10,7.97276589180417655727035531658250e-09,1.78525255297081698186841067304391e-06,1.21370533064426905579516645808912e-10
3.65599999999999999999999999999998e+02,2.35766548358009621290678538622612e-10,-8.06933298749516542385648203793054e-09,1.78091303312861010345667214793171e-06,2.48250654079331874385777339549917e-07
3.65700000000000000000000000000000e+02,2.20896923036473258589652680206284e-10,9.00940735287202538857393814619588e-09,1.77653690900284544807800537568351e-06,-4.42336319814602864128199215070859e-07
3.65800000000000000000000000000001e+02,1.92474978776838116728467905801236e-10,-8.82512072860552190391417193783366e-09,1.78283863226637821202224671908069e-06,-6.75665595095012088926010670251564e-07
3.65900000000000000000000000000002e+02,2.63922983849664299284981786272236e-10,7.37972590795038414331614123504811e-09,1.78269761881227613699946285981297e-06,8.04645205198991632617457864763785e-07
3.65999999999999999999999999999999e+02,1.66882169081949380756436720010223e-10,-6.41318229746101941181399672537493e-09,1.77224468776697590207614688010202e-06,5.67889276568535201136859443862904e-07
3.66099999999999999999999999999999e+02,2.85440760731076198890712709057126e-10,6.22026510794035139672248079663860e-09,1.77158355525926894133028389123522e-06,-6.51048356960992879570033541736206e-07
3.66200000000000000000000000000001e+02,1.33320413383511765176759848880173e-10,-4.45119107314142770545107591149287e-09,1.77490397729272212233929131819138e-06,-3.60665596478809131938494541415277e-07
3.66300000000000000000000000000002e+02,3.08474722979455694327969458035791e-10,2.11349107695315863362459808674160e-09,1.77433556118286438557172342758864e-06,-1.38570117860805908790789766534869e-07
3.66400000000000000000000000000002e+02,1.31336039619467130469422329761308e-10,-4.74581617173079041260768414147923e-10,1.77344497985592491099062254764791e-06,4.07880642036795064455006187930348e-07
3.66500000000000000000000000000000e+02,3.08727708465895943958815906892539e-10,-5.14557862560660597306001461594748e-10,1.76547410661878156955641771939553e-06,7.63413562551916848254226702601699e-07
3.66599999999999999999999999999999e+02,1.25605343383857779389478675340956e-10,3.12240671036097180843953662586314e-09,1.76257916329903836433563704007427e-06,-7.21024768579197585411763087386595e-07
3.66700000000000000000000000000002e+02,2.95949176621743900276141830559258e-10,-5.28441832246718917223233153467874e-09,1.77117606704593079522118590688698e-06,-7.73956694018430705711452903840701e-07
3.66800000000000000000000000000002e+02,1.57100448915286353939599150909555e-10,6.24617924655786824301195688992194e-09,1.76798055888141108134531011934171e-06,6.09644465839829236225229249194296e-07
3.66900000000000000000000000000001e+02,2.69902432268702379826994330781929e-10,-6.58691603221322772761053864985966e-09,1.75970165419382489275189567492610e-06,3.18770948590556465002598624245773e-07
3.67000000000000000000000000000000e+02,1.77460998117643819093001492396370e-10,8.27676244807860916190982811903560e-09,1.76071196718333516399309599595638e-06,-7.53320240210916725636056287006445e-08
3.67099999999999999999999999999998e+02,2.32920406670046055005095506785177e-10,-8.94164125493592250752730144287081e-09,1.76018634617062706441892197459082e-06,-9.07371472369960744510876943746600e-08
3.67200000000000000000000000000001e+02,2.22385913070224879580073469811969e-10,8.44789067619563085231404592781479e-09,1.75988295224757405385687008801098e-06,-4.88646151035510856044777216388260e-07
3.67300000000000000000000000000001e+02,2.01336496739023075341714950249211e-10,-7.93257392760312935868536378836806e-09,1.75978500652977212180789964986380e-06,1.16678679099163067978843530927152e-07
3.67400000000000000000000000000001e+02,2.49069680725632219811300318021703e-10,8.42093511904777752584925528032699e-09,1.75317684177964149248666836085527e-06,5.19548454654717430069713953743945e-07
3.67500000000000000000000000000001e+02,1.60419616343094627763156528877128e-10,-7.55301389045597531092484253244020e-09,1.75323114343042129242708595916491e-06,-3.10590510909054943715284489142681e-07
3.67599999999999999999999999999998e+02,2.86560477317742635735764906912322e-10,5.59592363982621408133008671033818e-09,1.75680811818185387631421775693658e-06,-8.82304208872817083915613092359640e-08
3.67700000000000000000000000000001e+02,1.42224319123862837339332802987980e-10,-4.26407785576760656196520072599911e-09,1.74984512900413683604379722607933e-06,2.57734350612539600785833546326020e-07
3.67800000000000000000000000000001e+02,2.99852316922820531346630955231642e-10,3.48992465640885586945695858816923e-09,1.74766827450744158823083813780676e-06,-5.09011785029352757161676713303874e-07
3.67900000000000000000000000000000e+02,1.19423866896744078576872857241887e-10,-1.44807341873366654564927071534858e-09,1.75191477335228672964162581231042e-06,-1.29795662734462738480166924819920e-08
3.68000000000000000000000000000001e+02,3.08714492256502331470526043352671e-10,-1.29750006802991674875397508515913e-09,1.74789928585125432146035280742952e-06,5.79023127411727992753049345375693e-07
3.68099999999999999999999999999999e+02,1.31359150017421822495892135946356e-10,2.68334028372915378473615538400083e-09,1.74463749188644277423825885408810e-06,-1.62020737252755225203706045306971e-07
3.68200000000000000000000000000000e+02,2.94350596477606744883979986915524e-10,-3.84066079815971063379519864417249e-09,1.74341187293805077167416643144901e-06,-1.21116425706847342991179921002488e-07
3.68300000000000000000000000000000e+02,1.39318051730010571972383478075855e-10,5.77916492160460171756757609805839e-09,1.74086744205596926483013718339707e-06,-2.70664511899544512731542230815652e-07
3.68400000000000000000000000000000e+02,2.68160003956787236050605225120349e-10,-7.68749100648608685918055007698420e-09,1.74557749688433054524463786308927e-06,-3.75665286185653612238688284407664e-07
3.68500000000000000000000000000000e+02,1.78882697211706599152977132663351e-10,7.66952387308193583711890215906126e-09,1.74333618094470139641441436328458e-06,8.76465996302898966243859852407389e-07
3.68599999999999999999999999999999e+02,2.35799186401521354649768019958394e-10,-7.87529178467335265008806983592372e-09,1.73264243653777524572586382360988e-06,3.41913152430797865704686243664959e-07
3.68699999999999999999999999999999e+02,2.02782016021586884776198979371975e-10,8.70565420241082430562362814406817e-09,1.73494366540731190940961961100300e-06,-1.00570564877609984657512148658985e-06
3.68800000000000000000000000000001e+02,1.95504762689379335612533758072277e-10,-9.15070696871518929941335079613823e-09,1.74031730469765969371427921653666e-06,-2.21172155506189371150743394428721e-07
3.68900000000000000000000000000001e+02,2.46991996330479803936493338687484e-10,7.79319323405591779480081475135646e-09,1.73632994640023975875145053840146e-06,4.06469841641420452064259705865407e-07
3.69000000000000000000000000000000e+02,1.65287945309499232980878029887403e-10,-7.07939402797574312941320004656083e-09,1.73231256060233470352318109992489e-06,3.41659870133685407922268784795497e-07
3.69100000000000000000000000000000e+02,2.69851055049166784895320166638426e-10,6.72015916852204084287845046084041e-09,1.72817935852551415144905491945987e-06,2.53611825049400381059594179455587e-07
3.69200000000000000000000000000000e+02,1.30038237564866542664195040515195e-10,-5.46209978305203960047925606158717e-09,1.72781571082225132391080853996383e-06,-7.39219457293280781573433227608182e-07
3.69300000000000000000000000000001e+02,2.97565328128486602561724389899971e-10,2.86252179214640636484588059510051e-09,1.73411409995566932803763382595848e-06,-5.45172160295785193473384041260404e-07
3.69400000000000000000000000000001e+02,1.23116332475642108479553730679006e-10,-1.35322569517788853542349616867779e-09,1.72971326237051832186987024820557e-06,8.53755284282226561269615875989924e-07
3.69500000000000000000000000000000e+02,2.98547930152559124054073412777675e-10,2.33405243255183232346121201213481e-10,1.72038647371285454268635821668374e-06,3.23216194138427780533654054952360e-07
3.69600000000000000000000000000000e+02,1.14244086049030499865127968749381e-10,1.90874485571940276461642615573492e-09,1.72388930084692671230269885259474e-06,-5.30400418829215623062849958254882e-07
3.69700000000000000000000000000000e+02,2.92476666664667320873727665075824e-10,-4.48552835175182721462324033796703e-09,1.72562868820272351977945198430288e-06,-6.69089813291857114535119749928193e-08
3.69800000000000000000000000000001e+02,1.40774696338019393557325903786663e-10,5.55144382433022414767370696781107e-09,1.72145607887570778582634190127350e-06,-1.55359510077945722420069607974944e-07
3.69900000000000000000000000000002e+02,2.66710157129012619198602197725321e-10,-6.15875799801205258633893912429686e-09,1.72125581221232732284448997653501e-06,6.06390138232485477533746608718791e-08
3.69999999999999999999999999999999e+02,1.59117220071879134961378880216862e-10,7.69821555063107685964698287340022e-09,1.71707270623655759360686132828828e-06,4.88439653897783035523686695842254e-07
3.70099999999999999999999999999999e+02,2.33452120208752409550391664940367e-10,-8.81357557148612285620685438615487e-09,1.71622806635173378179005203306563e-06,-3.29949000768544492462452625225908e-07
3.70200000000000000000000000000001e+02,2.03727076739743019545211333996854e-10,8.41330064833380717477650395329882e-09,1.71946317123223992457208370548840e-06,-2.06381818773270381140245573802159e-07
3.70300000000000000000000000000002e+02,2.00090936961084203821521887406401e-10,-7.99399553249107467436452684365034e-09,1.71273239168153776907183618869384e-06,2.91449831016770011754900079492546e-07
3.70400000000000000000000000000002e+02,2.29288621493210741002374230243925e-10,8.56525808108474375439349117609926e-09,1.71086502236393221959611917570431e-06,-4.17719774668801330458032094282407e-07
3.70500000000000000000000000000000e+02,1.60495614665015864782746379566811e-10,-8.19882279697690785530294353095754e-09,1.71586310153706331580230915018789e-06,2.63253094296467253984036784592672e-08
3.70599999999999999999999999999999e+02,2.71086872013346522350144436578772e-10,6.41597924377776026739507014239439e-09,1.71052989006033600034847359346958e-06,6.45616459906780069943778897529430e-07
3.70700000000000000000000000000001e+02,1.37102003927904995834623640860642e-10,-4.98800991092056421304263667521875e-09,1.70588611244020625202950258635057e-06,-2.95135166198604130884283016316165e-07
3.70800000000000000000000000000001e+02,2.86384620427913572616115109045590e-10,4.24804487333700880979671068707816e-09,1.70748670742527402277220701468338e-06,-4.24672119996345845300115117631416e-07
3.70900000000000000000000000000001e+02,1.12650235616716394648722386355792e-10,-2.38464236280052041769084496524953e-09,1.70683703829138865975707552415942e-06,-6.06298322656671436958010948584504e-09
3.71000000000000000000000000000000e+02,3.00921159981105184202025360320887e-10,-3.55290625327207286945331777454339e-10,1.70764846947026193254799961250268e-06,1.41557210692498577048843545843096e-08
3.71099999999999999999999999999998e+02,1.20575527069572172061492800742601e-10,1.92028662963289942000404364019602e-09,1.70432768267341099510714721900832e-06,6.22831043318954330983260396450993e-07
3.71200000000000000000000000000001e+02,2.88342558436824321397697794684501e-10,-2.93488447247614356774654857373471e-09,1.69615501709490109442049762389338e-06,8.53213699848446869770047825486853e-08
3.71300000000000000000000000000000e+02,1.24990127516571230890510153127485e-10,4.85822636515561558843127063846424e-09,1.69989068752314017247610022877807e-06,-1.10677600411111388402847220918683e-06
3.71400000000000000000000000000001e+02,2.68696310913442428775503205424465e-10,-7.02127577350514517121350590598519e-09,1.70584804074645870575778464228052e-06,1.62199914072753208297626225112519e-08
3.71500000000000000000000000000001e+02,1.62136862912559246524740874730683e-10,7.41269709224730580193665693905310e-09,1.69793903412936691014861141170898e-06,8.65062414500092309363916727024845e-07
3.71599999999999999999999999999998e+02,2.35553007559849637015351138975973e-10,-7.60871801123119190845514137094389e-09,1.69268355277728671668662949682906e-06,3.62580713583768575351718015751307e-09
3.71700000000000000000000000000000e+02,1.85057777251229299634715930937231e-10,8.52384817606368440825951822489025e-09,1.69374224834914680845737266553911e-06,-2.05864094907966222700795852970824e-07
3.71800000000000000000000000000001e+02,1.97788114357242907770097926323316e-10,-9.22239956059679883560919712637819e-09,1.69396511938438833292185651058598e-06,-5.13248857215273986545270054598667e-07
3.71900000000000000000000000000002e+02,2.30221270037837029176691256380327e-10,8.13569587702393070841908547291499e-09,1.69688354950707505107506792889563e-06,-2.51454723760829745129575599477821e-07
3.72000000000000000000000000000000e+02,1.65130957697248362958002732963525e-10,-7.42809409297054890254104424288160e-09,1.69160535559355676604525315893953e-06,9.28478336275431946819997691267077e-07
3.72099999999999999999999999999998e+02,2.53315206748255463089814003175232e-10,7.28407620810411129038326857405229e-09,1.68342321349509018287857838244151e-06,1.27403519193837179942993257378063e-07
3.72200000000000000000000000000001e+02,1.28433635574668336366453774700348e-10,-6.35202162021389700340861789276822e-09,1.68905961346586073766286039924538e-06,-7.95625363086149944221251132850675e-07
3.72300000000000000000000000000002e+02,2.86416657789752830420924300191511e-10,3.83751198730331814618013291689671e-09,1.69091296444958262704944720398115e-06,4.97417055174715445540275346199579e-08
3.72400000000000000000000000000002e+02,1.16041289690324032943270939722262e-10,-2.12113036957131149991519362607182e-09,1.68404411647448188061045719539199e-06,1.35437938227123556213372404055748e-07
3.72500000000000000000000000000000e+02,2.88977521995426753056746617872241e-10,1.03300388439752717356004661725281e-09,1.68358989367459283338218487789300e-06,-4.72645849250381791788523799143735e-09
3.72599999999999999999999999999999e+02,1.04696189345559073009124805743037e-10,9.57909571365223970599188103974420e-10,1.68246978904966517194974369390123e-06,3.16161035973132203959444179315383e-07
3.72700000000000000000000000000002e+02,2.87893681125829322666013848943795e-10,-3.55267478012119862612122317016012e-09,1.68062549733474043573416404254881e-06,-2.36600164288926510387137526987113e-07
3.72800000000000000000000000000002e+02,1.26744429406701663413007610775719e-10,4.84161487117182963897731483386721e-09,1.68211248158473718743106357250755e-06,-3.07075353927314738988719305573815e-07
3.72900000000000000000000000000002e+02,2.63922518030129641510373032431695e-10,-5.42227937181943228013479726941444e-09,1.67752548622857486870619980007151e-06,2.64006372739341071277545729155665e-07
3.73000000000000000000000000000000e+02,1.41621278045418784524923205830766e-10,7.09800332101418967410384025048434e-09,1.67528461424355238303940178750065e-06,-1.83372370458726749456640347427058e-07
3.73099999999999999999999999999999e+02,2.34748641537185674772828552427652e-10,-8.49064637170120641921978564933803e-09,1.67982945112289094139386193428877e-06,-2.26505007666117461899124659906964e-08
3.73200000000000000000000000000001e+02,1.85370858954756420544610201211964e-10,8.50661522531469741644235051107913e-09,1.67428634153507365182192463218549e-06,6.06503995471807821899955466892416e-07
3.73300000000000000000000000000001e+02,1.99362261381622338016809207997461e-10,-7.97594040556053509968782652408060e-09,1.66867194080036230761050070903099e-06,-4.17457010475452981855132239222138e-07
3.73400000000000000000000000000001e+02,2.10873141373340185371630284215343e-10,8.71620738019927039673692101109379e-09,1.67351312581204052400177567433379e-06,-6.10673228768039102306920015162655e-07
3.73500000000000000000000000000001e+02,1.61014187773164488261659583773591e-10,-8.50125106353376962600053895943166e-09,1.67299569242168331094767107667484e-06,3.87655493808437957650032033672134e-07
3.73599999999999999999999999999999e+02,2.54566904593013300871364220990360e-10,7.15033627243794510439492736399016e-09,1.66945590416905561821781122610987e-06,2.37182091502684674239115817389804e-07
3.73700000000000000000000000000001e+02,1.33986049376415259106540398787520e-10,-5.57211082858330694920342253262163e-09,1.66695431601289447545393072178591e-06,2.25762596018184363923516909058860e-07
3.73800000000000000000000000000001e+02,2.72403010716019469806286487932487e-10,5.15252228753100884403915264884536e-09,1.66202370094168032991223158589507e-06,-1.52300254752859620158564595104435e-07
3.73900000000000000000000000000001e+02,1.07074085098078909004597103140221e-10,-3.28656970366034053864492955973103e-09,1.66641041154297414682395146498899e-06,-9.55888078311122589740482890650941e-07
3.74000000000000000000000000000001e+02,2.92669928349046038860415247339139e-10,7.40406005755236441113980890863454e-10,1.67023198548865905862015917299729e-06,3.41215389566234796701589305090667e-07
3.74099999999999999999999999999998e+02,1.10359144308463815190211928432400e-10,1.28264958294650203604314772871554e-09,1.65998593072014745052820830870414e-06,9.94625730978028861709211121057331e-07
3.74200000000000000000000000000001e+02,2.82142221123951025720535991362445e-10,-2.05518390717235920493991788683329e-09,1.65589920091534715748883052215593e-06,-3.69447895019900361315265017545787e-07
3.74300000000000000000000000000001e+02,1.13031322432715138273790506134757e-10,4.06113597721259345048972811111342e-09,1.66086491609445690347751712195591e-06,-5.53329812490996230676018172344469e-07
3.74400000000000000000000000000000e+02,2.68022294385781712601044995174988e-10,-6.10734708394797290844191541129939e-09,1.66082251820062609275955972459754e-06,-1.33922851466091487975464851590054e-07
3.74500000000000000000000000000000e+02,1.46143867026537970230385451562373e-10,7.01367248527948316539656416250843e-09,1.65895535980684204584275746162226e-06,1.02345701103000027461496547156275e-07
3.74599999999999999999999999999999e+02,2.36455730859382930465148230880802e-10,-7.13660075228985381694136671747531e-09,1.65457715368209751158135507259473e-06,6.86682162961167912986707827928151e-07
3.74700000000000000000000000000000e+02,1.68161189011766320972753529429204e-10,8.35218535892405544599310775776805e-09,1.64951028141297686544156214495023e-06,-5.66638074120253688734678921376250e-08
3.74800000000000000000000000000000e+02,2.01232863223530060786376940475181e-10,-9.21203858469288292400155885111976e-09,1.65477815104242256282819098584137e-06,-8.82135916743635043091649471977683e-07
3.74900000000000000000000000000001e+02,2.14172289094412507575134452945226e-10,8.53023031644708181829298953066209e-09,1.65634748399836259289550795098414e-06,1.76404811621777841501149533937043e-07
3.75000000000000000000000000000000e+02,1.65725184850674322699032772475276e-10,-7.68348649369689617647697387134716e-09,1.64742727670402794955589784163100e-06,4.34694696643590500418607945306554e-07
3.75099999999999999999999999999999e+02,2.38398452665019085583810729131564e-10,7.66678856261787455042758012645154e-09,1.64734602111473929425789437768330e-06,-1.98808019207898918442584012470718e-07
3.75200000000000000000000000000000e+02,1.29639458329929168878789109581250e-10,-7.02174190816440651287470340650813e-09,1.64943705842748206515298239900057e-06,1.61561375940802931131544262020978e-07
3.75300000000000000000000000000000e+02,2.74667433793964848520883098455825e-10,4.76961812586890153794741011468121e-09,1.64538492259139614282640991906130e-06,-1.09713233621572794433361899785553e-07
3.75400000000000000000000000000001e+02,1.11640159336855780501597941496028e-10,-3.01464401497832268449513324104071e-09,1.64586186156567369414621764570120e-06,-4.03311328287428220384995067727298e-07
3.75500000000000000000000000000000e+02,2.80584894658403143016134703357186e-10,1.86832056581960932409610219082599e-09,1.64351976481327857000635936993610e-06,2.98530710084255932946600620725311e-07
3.75600000000000000000000000000000e+02,9.76713925723320898716715088656450e-11,-7.85844928175270041327998484538581e-11,1.64075135042632612270186469720225e-06,9.20984361379496144833944544774454e-09
3.75700000000000000000000000000000e+02,2.84460314390156975803129080944871e-10,-2.71017338684116040291790998697666e-09,1.64422241125160713930375367177248e-06,-6.07588222434766274220496055086468e-08
3.75800000000000000000000000000001e+02,1.14801601118408282604824897848842e-10,4.10007834265306599203224571902836e-09,1.63877486500260563063872172587306e-06,4.18291306098153236435228239365147e-07
3.75900000000000000000000000000002e+02,2.61452814453390668741475912479937e-10,-4.83793027501316014200819906544917e-09,1.63403555993032502815803138211123e-06,-4.99404771703883679434947364869387e-07
3.75999999999999999999999999999999e+02,1.27558604849307630685944283807956e-10,6.22983667728486860932372814506510e-09,1.64014481824966145374941320839789e-06,-5.37180381759181978632619048441397e-07
3.76099999999999999999999999999999e+02,2.37175376915284518235651002738064e-10,-8.05654963719261175244402212183307e-09,1.63890344000036318843200239584839e-06,6.70571481146047303826928583875826e-07
3.76200000000000000000000000000001e+02,1.67610835680376608438714449859780e-10,8.26416039547780167555971465743927e-09,1.63223801751882613490769281451448e-06,3.43247411072458093149692849229334e-07
3.76300000000000000000000000000001e+02,2.00348784046292482176266284096505e-10,-8.10427534155615601059764401054015e-09,1.63108847265860115579494981710227e-06,-2.81951276171939297293066420535198e-07
3.76400000000000000000000000000001e+02,1.93567438850138493178829183310972e-10,8.68977898233537959270606283445779e-09,1.63047205627465186210226703401108e-06,-3.03280852198850910970946467754000e-07
3.76499999999999999999999999999999e+02,1.62791597307102467912111140475249e-10,-8.97931262707232362252625884973483e-09,1.63291019828308136025624141662511e-06,-4.75951796646680033610627262499656e-07
3.76599999999999999999999999999999e+02,2.38703527682293144164393176069968e-10,7.62097147711658505973262575476795e-09,1.63371207034085884983565099032266e-06,4.91450566074713305456107207673200e-07
3.76700000000000000000000000000001e+02,1.31407083517486223030385769182038e-10,-6.20850523107307900795332062516441e-09,1.62395292524895884492979849575554e-06,8.77399319757276041085154649252654e-07
3.76800000000000000000000000000001e+02,2.57748541201103074521429216483282e-10,5.65455251162744781335526512728492e-09,1.62138444794819791849819166905314e-06,-7.17448399203335718943798374452792e-07
3.76900000000000000000000000000001e+02,1.03838848051602162711168470664142e-10,-4.32181956630265031433941463157463e-09,1.62936380405922263226220404853864e-06,-7.20445490826461015208421556380651e-07
3.77000000000000000000000000000000e+02,2.82910486267790347844365086685037e-10,1.74142794961390462846382044075462e-09,1.62712315346043983172479206985178e-06,4.11691619875309544250285510374755e-07
3.77099999999999999999999999999998e+02,1.00384337930697317537261009079881e-10,3.14199613015765993851344212351837e-10,1.62119460499547707201338421147990e-06,2.64716727493945999551615996389934e-07
3.77200000000000000000000000000000e+02,2.75224879135242797717487163374029e-10,-1.32222912426166522428574422157994e-09,1.61973678899118742167130604239445e-06,2.93412039200561093170851485059329e-07
3.77300000000000000000000000000001e+02,1.01234628329776646901102688366401e-10,3.11493894828227195577486499328506e-09,1.61740450595253255630184268572052e-06,-2.01110706848681263572188310830707e-07
3.77400000000000000000000000000001e+02,2.66098086493642787954267435007507e-10,-5.39032987223398366752735874577645e-09,1.62126064854271861561742763295749e-06,-7.99063704239769765763176578448832e-07
3.77500000000000000000000000000000e+02,1.30477114923115649055956767933968e-10,6.45750624945122699183306907145694e-09,1.62128583449587572187421944908617e-06,3.64123920667480139926909162255314e-07
3.77599999999999999999999999999998e+02,2.35137839396474132667784211532127e-10,-6.68442981312929303631015200960161e-09,1.61215318101960196184647537857298e-06,5.47796732715802003344537090048689e-07
3.77700000000000000000000000000000e+02,1.50962534254635065001143023832481e-10,7.83605181600373831288564479995750e-09,1.61319115704158660407767118482640e-06,-3.60465309512843711467010968720917e-07
3.77800000000000000000000000000001e+02,2.04544557298480654482433177156740e-10,-9.10345093316267594209064085191357e-09,1.61668721609226006459460881820010e-06,-6.00685019754181652536540596279451e-09
3.77900000000000000000000000000002e+02,1.96309179454644110678084246790442e-10,8.78664225871080001106653397976688e-09,1.61126946149406873648554757962627e-06,-6.50607928210135438412904087984357e-10
3.78000000000000000000000000000000e+02,1.65822089087538901063314586614078e-10,-8.04549855590889813595550785254627e-09,1.61034630701334332930887014777652e-06,-3.57494548545398757326903467769406e-07
3.78099999999999999999999999999998e+02,2.22522842107805258561671440859222e-10,8.00073683195426966358609212854947e-09,1.61060234496655084587088892078550e-06,2.59818049285260182748505601525722e-07
3.78200000000000000000000000000000e+02,1.30242249265925920635009151965464e-10,-7.63358370028956223099182766487767e-09,1.60758230720369570247316120398535e-06,2.21140278128123593699557243333975e-07
3.78300000000000000000000000000001e+02,2.61907165981788587481491731702536e-10,5.53201045819670058974927050239780e-09,1.60842330182122619226984618157476e-06,-1.78926140723750533316987835705306e-07
3.78400000000000000000000000000002e+02,1.07766774633469598702751720718244e-10,-3.76499579392429616680230006694992e-09,1.60505759307826248180138239794054e-06,1.17963632306040072086687648533941e-07
3.78499999999999999999999999999999e+02,2.69873231773113832109322530853860e-10,2.66478528288730907323926170311922e-09,1.60118721286492388368879310104730e-06,-3.52275804180200205063678574783934e-07
3.78599999999999999999999999999999e+02,9.18782302493573512555709313536263e-11,-1.18087689626738539012910666934706e-09,1.60690855405600176910909578758369e-06,-3.83011722624836418939446035963891e-07
3.78700000000000000000000000000001e+02,2.80057813019429572538710827548704e-10,-1.67525477877375533116785006091319e-09,1.60499987251489465246315079250989e-06,8.34495305327624212721471472312818e-07
3.78800000000000000000000000000002e+02,1.03002851127700657453291062260316e-10,3.31304857338009622848983392315088e-09,1.59595631046948371032597009966284e-06,2.52633455594458017572165393904448e-07
3.78900000000000000000000000000002e+02,2.58651544104396563162233830903769e-10,-4.22575737782650520757187055227174e-09,1.59776172381255427544889843100868e-06,-7.71108840806294723843938565051860e-07
3.79000000000000000000000000000000e+02,1.14216508679168579301235258728339e-10,5.48360059985545511438227647474612e-09,1.60001889187964447195891021820832e-06,-1.83489715100258575297548398664793e-07
3.79099999999999999999999999999999e+02,2.38657401001616196345008943281392e-10,-7.53169079838469991580450340234571e-09,1.59891543950567738106740904029392e-06,5.01813026967766039314014571789161e-08
3.79200000000000000000000000000002e+02,1.51182198494059782974636758609115e-10,7.94710796994220736769865811655158e-09,1.59742969312847067419344368178253e-06,4.82376180119095486870815431312629e-07
3.79300000000000000000000000000002e+02,2.01435596805469381444047222354797e-10,-7.94327531380307979507288247952765e-09,1.58974414057332279536474066128975e-06,5.11480623651904421783874610056621e-07
3.79400000000000000000000000000001e+02,1.75898088147939950386571575287957e-10,8.56107355840777987151090294917422e-09,1.58968438021492530378530418548699e-06,-9.37743081597519184377434704258547e-07
3.79500000000000000000000000000000e+02,1.65832515125048951352072537770582e-10,-9.29056947802511692726320569346001e-09,1.59761154499767429035715590538761e-06,-5.61120115143750497779330792214833e-07
3.79599999999999999999999999999998e+02,2.22508134551782905270477342518048e-10,8.19961947131422037338876152202912e-09,1.59278812032654046514466432907825e-06,8.30723581213508868611947760577503e-07
3.79700000000000000000000000000001e+02,1.29577901857872127858512989255072e-10,-6.79872586507744059445577256291834e-09,1.58511964589183203688329160124187e-06,2.90218479161414693312705163051923e-07
3.79800000000000000000000000000001e+02,2.43393279699713898881479128055839e-10,6.19424549392746464666157646692970e-09,1.58654764319643512982789318228207e-06,-2.13401239631223142124016307791416e-07
3.79900000000000000000000000000001e+02,1.01217330486418879373162566259320e-10,-5.10098116619556378316823762536027e-09,1.58708842993505704952572939328304e-06,-2.67082523594813205486108576411819e-07
3.80000000000000000000000000000001e+02,2.71998229611999058878419672411873e-10,2.69865838240202392493324471875171e-09,1.58744586834891098791522040572871e-06,-4.45032033116952603849509006103169e-07
3.80099999999999999999999999999998e+02,9.25546033458102758615880848260795e-11,-5.44779012052361410337385981977663e-10,1.58621131461986176292327606553413e-06,4.04918652184237763048059014970240e-07
3.80200000000000000000000000000001e+02,2.67084103650466148038333012469270e-10,-3.83020700180006024941809353620878e-10,1.57917531539200161730314201014501e-06,5.54719799358471806734414823852018e-07
3.80300000000000000000000000000002e+02,9.01582001917325839350061157743645e-11,2.14543412813090931031070513628387e-09,1.58010588328236483274202521208564e-06,-5.12763539860816042920047448620455e-07
3.80400000000000000000000000000000e+02,2.63748832548164036878228817698163e-10,-4.45570969454912778464758416882106e-09,1.58451400747759076391332700028042e-06,-1.78677799778634968212877105784478e-07
3.80500000000000000000000000000001e+02,1.14941395281341914236252352274432e-10,5.99651358198405988737523323291274e-09,1.57781920599890185787101846461654e-06,2.19449776722601359737105354323379e-07
3.80599999999999999999999999999999e+02,2.33515655243735366899658988598508e-10,-6.15997183355544512515055906357105e-09,1.57596333164872733672709038434274e-06,-3.21293852806859848512691666565310e-07
3.80700000000000000000000000000000e+02,1.34663613728810591341909681559007e-10,7.44793971588053156935876405312173e-09,1.57896927882869078529920462304582e-06,2.27696435687797189932048901530171e-07
3.80800000000000000000000000000000e+02,2.06499663048784836167924195170519e-10,-8.69620824273842142232634209825831e-09,1.57468018456069497091543246148617e-06,3.43615417528544411187101298914665e-07
3.80900000000000000000000000000000e+02,1.78334531088391134314862142576080e-10,8.94112725917563060432209205061013e-09,1.57368118626257738564573038626881e-06,-3.75576612009234426618871613077517e-07
3.80999999999999999999999999999999e+02,1.66916112204380619288972994427867e-10,-8.10378518795106068898084846891508e-09,1.57269009768576836622432102359530e-06,-7.16593976386683430641032307620317e-08
3.81099999999999999999999999999999e+02,2.05692975749171375242589429282675e-10,8.43654044258277726784460961809678e-09,1.56971257137575556974217942206675e-06,-1.27532140266848986213232756934763e-07
3.81199999999999999999999999999999e+02,1.31489858346694845584001111445835e-10,-8.10286239658921294896470773674359e-09,1.57392424915984065937749260470244e-06,-1.29735127214765018950777082870223e-07
3.81300000000000000000000000000001e+02,2.48514342421312352555362639082302e-10,6.47840022650205780344365581042340e-09,1.57077218957151285993261397887348e-06,7.50979132844609057757502794815090e-07
3.81400000000000000000000000000001e+02,1.04479932710695060500946447223215e-10,-4.34756995248287792588830794565085e-09,1.56215518605108718825786422177351e-06,-6.34336615263817836136906409752139e-09
3.81500000000000000000000000000001e+02,2.59375251718079390395375857062667e-10,3.48122136426524875381945923093159e-09,1.56610269376375456933197497645161e-06,-9.64828271423159776623355936721455e-07
3.81600000000000000000000000000000e+02,8.77549535075113534618211029357382e-11,-1.96850432231602047325525920552141e-09,1.56971257205867749705688854321179e-06,4.37275099204187778635625949186312e-08
3.81700000000000000000000000000000e+02,2.74069123821834331694638664075931e-10,-5.05885545699852993953085312562092e-10,1.56499845944980080335780400378952e-06,5.52601431114565103570164921952293e-07
3.81800000000000000000000000000001e+02,9.34139917916463660443851795100678e-11,2.51141572864535213969842789260704e-09,1.56150055283695214921403634134848e-06,2.18510058853473925168760595770201e-07
3.81900000000000000000000000000001e+02,2.56517169153903614733553693347654e-10,-3.32513091606363455392909776863815e-09,1.55838025690034310491521267955241e-06,1.01436738274845727856190591248857e-09
3.82000000000000000000000000000000e+02,1.02256308030055188443028848299928e-10,4.77031407589902532967673308818125e-09,1.55944272013371763074740360509810e-06,-7.92006438269401747169217099983510e-07
3.82100000000000000000000000000000e+02,2.40944696304923513589993860536273e-10,-6.86101166367800053491041993912630e-09,1.56503016722859726937646681413122e-06,-2.87911449616428696027401931732060e-07
3.82200000000000000000000000000000e+02,1.36233177586999626236023608445528e-10,7.73075672979723126771439914289719e-09,1.55883120525835142720498063968796e-06,1.06916296350009206413631453169975e-06
3.82300000000000000000000000000001e+02,2.03551106840085681361941141210391e-10,-7.71764578080246977138761865387029e-09,1.55064502843488034952914350524576e-06,1.24039628088745384080764908895129e-07
3.82400000000000000000000000000002e+02,1.61016344052615390525830188605745e-10,8.37146591131662157989557659870236e-09,1.55558724786175164944403194555999e-06,-7.13004722034356413011188609253728e-07
3.82499999999999999999999999999999e+02,1.70394255458083845613979167881457e-10,-9.30927908952660548145523427421100e-09,1.55715159154293252366143153717487e-06,-8.07568184942857173529167502526048e-08
3.82599999999999999999999999999999e+02,2.06690474523147882417615636450895e-10,8.60544601706798651200096041474817e-09,1.55339200679533064513786493043074e-06,-6.38304146976948093680534446614711e-08
3.82700000000000000000000000000001e+02,1.30986372003867572425113002200566e-10,-7.36608704374737645252105384725330e-09,1.55222556248606822930424782461235e-06,3.43046797042608788205190723924109e-07
3.82800000000000000000000000000002e+02,2.30393174310840723383902490619249e-10,6.75212241700404226935377467693935e-09,1.54768590754419503872873418203222e-06,4.14537361208265690830171191463878e-07
3.82900000000000000000000000000002e+02,1.00984361537278011221293274865580e-10,-5.93280364811462047000555201320211e-09,1.54859716334907562787664547634414e-06,-6.29178117769964818304773255957552e-07
3.83000000000000000000000000000000e+02,2.62168759840926298885044591872459e-10,3.57310579728386354245595219191426e-09,1.55211677067856013753296580576844e-06,-1.94695606889374576470866813766089e-07
3.83100000000000000000000000000000e+02,8.68149310763830043257542086441666e-11,-1.41243109569024409796736677326360e-09,1.54521930280278044301696056910760e-06,3.76313321721353103357963642052442e-07
3.83200000000000000000000000000001e+02,2.59786263840035254121094827112487e-10,3.26138424169282947431829568895189e-10,1.54343765281654734839453736113716e-06,-2.15828072898432251144229073081138e-07
3.83300000000000000000000000000001e+02,8.26745957370760165953800414105647e-11,1.08983165924072348375832681307570e-09,1.54743782014908403923918938164909e-06,1.21528364177242006436935664573056e-07
3.83400000000000000000000000000001e+02,2.60984187595287193070578101881111e-10,-3.50043366423182327594271567116689e-09,1.54275898283850097573746044156106e-06,3.21388793815109760215860481415560e-07
3.83500000000000000000000000000000e+02,1.00925589781496952217125002605789e-10,5.17822490992557719443244302888265e-09,1.53988367528149375754751650352916e-06,-4.47249823721966363820026848711506e-07
3.83599999999999999999999999999998e+02,2.33205634990338650905947557611828e-10,-5.70575688977805361753808782417687e-09,1.54157541432661793681198337725634e-06,-2.21010397413575375479009869017679e-07
3.83700000000000000000000000000001e+02,1.19605835903215656387287291860504e-10,6.88383200061322109242358528642431e-09,1.53964519412281320389629257095191e-06,2.06264030417332070893475365628047e-07
3.83800000000000000000000000000001e+02,2.08878913585293670827974820311775e-10,-8.46269317704683434052456122581250e-09,1.54023132260526999564532038193847e-06,4.88685338557713410122015941444959e-08
3.83900000000000000000000000000001e+02,1.61064402433490529358032405265625e-10,8.87970171434830981708137791606232e-09,1.53753260550928176283990414824895e-06,4.02682746666774875958898398373237e-07
3.84000000000000000000000000000000e+02,1.67757235875918336293567623084686e-10,-8.24530014096949918491998275544927e-09,1.53065639266621509114099724698268e-06,-1.62402055502683132141515672642856e-07
3.84099999999999999999999999999998e+02,1.89372173649344974541255174946915e-10,8.46509770796162339853941144087708e-09,1.53557243978431498657307203697570e-06,-9.41179104268826524761870747437541e-07
3.84200000000000000000000000000000e+02,1.33971252524730437866870957527515e-10,-8.54463069852525854955696134334473e-09,1.53933851742582104652845053619981e-06,3.60824557963535145492086995483809e-07
3.84300000000000000000000000000001e+02,2.33229754014927291418575847745635e-10,7.19753155229341959922687734769612e-09,1.53070768047680776885046640555917e-06,8.24622029096366042882397747125842e-07
3.84400000000000000000000000000002e+02,1.01819355326515785264223158356972e-10,-5.19471256774035631876951311558128e-09,1.52765116815741476633884316096332e-06,-2.52686037569090332540632176703181e-07
3.84500000000000000000000000000000e+02,2.48247413780919252438504156638559e-10,4.18061752519497357840985328995248e-09,1.52908619889357476450586489951366e-06,-3.44034227392309199962226785886009e-07
3.84599999999999999999999999999998e+02,8.38445169073015649209059361696153e-11,-2.88408029749548596929138147960988e-09,1.52972218616324571282296871707058e-06,-4.35789867460700794211428866262778e-07
3.84700000000000000000000000000000e+02,2.66849409270388073419524596106186e-10,4.36623887041910601748124233395099e-10,1.53199778457902456261407332970870e-06,6.13788528018278082784032740729116e-08
3.84800000000000000000000000000002e+02,8.41738772565740726762662563949425e-11,1.64883642728278399727726526953844e-09,1.52514631036972239866103910849270e-06,9.89579255927099881645225624453173e-07
3.84900000000000000000000000000002e+02,2.52250527644353372780876552586487e-10,-2.57708635030377428380098730399939e-09,1.51905427852406165161854432353311e-06,-1.86759528806347244382884552087143e-07
3.85000000000000000000000000000000e+02,9.14972403082919741181243629640129e-11,3.81412751378977780884952649381908e-09,1.52572612124529536129379822546447e-06,-9.24376554693628151137429087441795e-07
3.85099999999999999999999999999999e+02,2.42200114260581429427558916306377e-10,-6.07873432975638746925013636256454e-09,1.52685539089398354248079774621568e-06,1.76328422799557492913648194522427e-07
3.85200000000000000000000000000002e+02,1.20375437014549499283367129841901e-10,7.27118249072946260625937626155236e-09,1.52009936931615236679427199421841e-06,3.17587690990235828368468894062489e-07
3.85300000000000000000000000000002e+02,2.05424270363086423122134310157934e-10,-7.56656091649816238021791081882198e-09,1.51904504994374247108144323542632e-06,1.07987432965297021741166782366080e-07
3.85400000000000000000000000000002e+02,1.46109506237314517200901570800739e-10,8.12825871492870260240361541652904e-09,1.51819121057298056770097134541823e-06,1.48790013974117939010691013921333e-07
3.85500000000000000000000000000000e+02,1.74370906394599951480105386669009e-10,-9.34874633865107409822343684073531e-09,1.51772290813906313760744363008185e-06,-5.10397022369440936467569538868023e-07
3.85600000000000000000000000000000e+02,1.90965968440447333809916988527709e-10,8.82867591539950909801920262704739e-09,1.51959452855538877572565237386418e-06,-2.00033159773483964362231558860042e-07
3.85700000000000000000000000000001e+02,1.32346571691490302012325854438664e-10,-7.79796059429669239490686617579609e-09,1.51425809138032088212157728270993e-06,5.12671034309920485101799786154182e-07
3.85800000000000000000000000000001e+02,2.16288677850908812623653868001796e-10,7.09516890195981326992635839631746e-09,1.51180895783591628821634870326373e-06,-1.33178343864303272460137710560547e-07
3.85900000000000000000000000000001e+02,1.02518477190968190669840266193660e-10,-6.73659475175639586154819276421629e-09,1.51649681312591570709278417971962e-06,-8.48680021411881135705724622010644e-08
3.86000000000000000000000000000001e+02,2.51168285222886451463435916556805e-10,4.49341677164652465447372616435406e-09,1.51145182850766776426643962726033e-06,3.28962878798494145799495575706657e-07
3.86099999999999999999999999999999e+02,8.17003815082034473141586913148820e-11,-2.39407461153734975335355726016587e-09,1.50745333151200795522014388019134e-06,-4.90427380453261059028605385764623e-07
3.86200000000000000000000000000001e+02,2.52302271371069593922300870027105e-10,1.01307827573233760158658995576834e-09,1.51187789654060846937769467801270e-06,-2.29004039838296123161871817495928e-07
3.86300000000000000000000000000001e+02,7.59965420759644798904989014481307e-11,1.15440744959157255402438758669483e-10,1.50952209191729615887526466357546e-06,5.01058692123518319884773157276072e-07
3.86400000000000000000000000000001e+02,2.57322737897277071809281018925399e-10,-2.62424765363057082647914952488788e-09,1.50698588641195224205849169850761e-06,5.35642681669147810669070739055193e-08
3.86500000000000000000000000000001e+02,8.85775033943691917430227894637561e-11,4.33148277170913826932201922348791e-09,1.50540586999525382968500440025115e-06,2.62153839191706720401998713991880e-08
3.86599999999999999999999999999998e+02,2.31644257252601624877192833800369e-10,-5.10505385244495236405757818382386e-09,1.50127117850373917507950847571605e-06,-2.57896391993591787360576956825946e-07
3.86700000000000000000000000000001e+02,1.05105899028058608685212452806499e-10,6.13310719632607815973113080797563e-09,1.50598296234979573360572228633121e-06,-6.33022004577592417129481500641647e-07
3.86800000000000000000000000000001e+02,2.11544675346497445302090643884782e-10,-8.05402317907384671000684868105320e-09,1.50770320618971968740609190506366e-06,5.77655738449971044654058860435616e-07
3.86900000000000000000000000000000e+02,1.43345347224166446134961569797120e-10,8.79841637786189122940767896863748e-09,1.49765634818279385064645713970474e-06,7.57890004003550900267476284326549e-07
3.87000000000000000000000000000000e+02,1.68558850182914723766588074698884e-10,-8.38872640371690678535938557761894e-09,1.49592703787928540955844782105684e-06,-6.34128505976711413953203806228612e-07
3.87099999999999999999999999999998e+02,1.73059422386701116914621839072072e-10,8.52988958108926861701063429991902e-09,1.50108421784398829782586149113121e-06,-5.38389254864973405068240862650514e-07
3.87200000000000000000000000000000e+02,1.35814842426227975194871305989393e-10,-8.80159508677688481055207811859097e-09,1.50034311844014038426213786140821e-06,1.12905520297916387095921855313498e-07
3.87300000000000000000000000000000e+02,2.17211892360453991331666834473848e-10,7.77248264115471206900494031805278e-09,1.49801772247311722570083066901349e-06,2.82367974634479263529108276155427e-07
3.87400000000000000000000000000001e+02,1.00044653431728438573584424373884e-10,-5.81510068030909516647706552485327e-09,1.49325779561125378039858069337247e-06,5.75954053985708469013763212792442e-07
3.87500000000000000000000000000000e+02,2.34953642759339053376998389254915e-10,4.93333154598577132839920816229524e-09,1.48980428705260994465930011655047e-06,-3.55816196752011039465274982703154e-07
3.87599999999999999999999999999999e+02,8.04874666055647279045903422881788e-11,-3.76357414871483712658810644241359e-09,1.49624451569629019378201643287105e-06,-9.24618858409003605905011691115948e-07
3.87700000000000000000000000000000e+02,2.58313752908142322105930993799601e-10,1.58227572597095710693077606255877e-09,1.49645140094089903023219443643217e-06,4.82218947692262245312306565648995e-07
3.87800000000000000000000000000000e+02,7.47927144719106645724514981298948e-11,8.64274863160519608845626256589005e-10,1.48721838277950248434663654660169e-06,5.41195009820942330605743772422976e-07
3.87900000000000000000000000000002e+02,2.46978212230219248137443117151521e-10,-1.74822430278850611231383386128322e-09,1.48782792787215029400331003440244e-06,-2.77702710101128053652761277951619e-07
3.88000000000000000000000000000000e+02,8.10577747293654952832852115219572e-11,3.09389278160307938856680956662355e-09,1.48978218949316391149494643803430e-06,-7.42421182589986232656956150146189e-09
3.88100000000000000000000000000000e+02,2.41258527686013711190431251829153e-10,-5.11500181600913423948088292910620e-09,1.48714954692501478663180410370781e-06,-3.06068474182288419916459545708254e-07
3.88200000000000000000000000000000e+02,1.05417539070828068545347379936809e-10,6.80602279415206489260521769366541e-09,1.48776883771281652048809463739175e-06,-1.40554361045682809577337048119154e-07
3.88300000000000000000000000000001e+02,2.06837468085792837358784711182623e-10,-7.03477205315664757982005280829564e-09,1.48408683364416732797864760354771e-06,5.42260435027169266298139320451579e-07
3.88400000000000000000000000000002e+02,1.30487109950412326267283710774160e-10,7.93919555486642342635531805826599e-09,1.48175718084126811615887348661516e-06,-1.26651564525588784524363387888088e-07
3.88499999999999999999999999999999e+02,1.78568191101996596826996559766035e-10,-9.14593889046066367811681968027220e-09,1.48557401361105605207987280928693e-06,-2.13117847612692211821318228545514e-07
3.88599999999999999999999999999999e+02,1.75020380706953160475162213653743e-10,9.24052844386817158241924376807182e-09,1.48088428698043068709079712660490e-06,2.53643543066309439824556761652550e-07
3.88700000000000000000000000000001e+02,1.34135544543711377667555819008196e-10,-8.03815903000955474621306473371176e-09,1.47715979493214120029500674219077e-06,-3.88985021494180664052379405816126e-07
3.88800000000000000000000000000001e+02,2.02862790800730270895966046122253e-10,7.53668520386066052738091122270624e-09,1.48222636183569640236606459942056e-06,-1.78411127168283379349781419734642e-07
3.88900000000000000000000000000001e+02,1.04784962915822914060369750402953e-10,-7.14615920674601818075328857004701e-09,1.47979034667343863969998792144768e-06,6.22776768567845159189197163112932e-07
3.88999999999999999999999999999999e+02,2.39435413729101683842464371485963e-10,5.42867044119241476190490711837482e-09,1.47433506095438925293996435879382e-06,3.57508466177140340235381373389445e-08
3.89099999999999999999999999999999e+02,7.95200095973140790034104908188374e-11,-3.20605411097058662305676990848084e-09,1.47478476634449784435051224982954e-06,-3.91786056357960860422597680598404e-07
3.89200000000000000000000000000001e+02,2.44896582948724704973499534954036e-10,1.96803925159579734590038923559003e-09,1.47402424176810027887187315594673e-06,-1.61940586087113286252746040549079e-07
3.89300000000000000000000000000001e+02,7.11092498627732586537746514588798e-11,-7.92701045664147729616815101765595e-10,1.47575295794057730196568939598485e-06,-2.04611456011033674810219721249156e-07
3.89400000000000000000000000000000e+02,2.54398130775986231343656236292764e-10,-1.57847198769694870630001509751952e-09,1.47578365794132807617187744032488e-06,5.51210841211193986528466316832745e-07
3.89500000000000000000000000000000e+02,7.83168578392437317214140202324885e-11,3.61863614846983393068998092253654e-09,1.46629047160161229235681778156670e-06,5.52675610835169142873859929456590e-07
3.89599999999999999999999999999998e+02,2.31218770706581307003077577077357e-10,-4.46823410328614567929544752198959e-09,1.46637455608649516470406624734414e-06,-9.24000762264236775152808766900538e-07
3.89700000000000000000000000000000e+02,9.36748374702087869747525067318152e-11,5.46597952330788089109428234639230e-09,1.47394385149668964059760596133624e-06,-4.67528453742179150021986088248823e-07
3.89800000000000000000000000000001e+02,2.14462497356620132360352328379919e-10,-7.41198776999599570355974137276340e-09,1.46993350851165408338872118654109e-06,6.44143817657562018463143169082227e-07
3.89900000000000000000000000000001e+02,1.27507155684515094720150095559045e-10,8.50580231386056437067153240654635e-09,1.46474611947670596980049488096811e-06,2.50770992514566044365977831213254e-07
3.90000000000000000000000000000000e+02,1.72099049831676313572742883124031e-10,-8.36854069641359608250353206337107e-09,1.46328735361702913261492531200287e-06,9.44657543185133543623880187873618e-08
3.90099999999999999999999999999998e+02,1.58012954949338622272435289627288e-10,8.57465966532530538290551117761858e-09,1.46227720660797033788616636752897e-06,-4.26102282720784399799341977391066e-07
3.90200000000000000000000000000000e+02,1.39414240778494718428202165198709e-10,-9.07821665298272261310882142254979e-09,1.46703350365595869710415816293281e-06,-6.48515534521120277822132062824231e-07
3.90300000000000000000000000000002e+02,2.02421057489854577803084061044710e-10,8.28702259413009830716398477511616e-09,1.46515240742629334423499948199939e-06,6.71459889292696122519550291146133e-07
3.90400000000000000000000000000002e+02,1.00007209469998001425143686779713e-10,-6.42962759851965116745268102238720e-09,1.45618981168875965825600776678204e-06,5.13569598849834892219589458404952e-07
3.90500000000000000000000000000000e+02,2.22911814037445458495513508325077e-10,5.45633309323619393008390021131152e-09,1.45818518573579076618909263945772e-06,-5.60166232451553906009404468792360e-07
3.90599999999999999999999999999998e+02,7.96246496260695662262427194106413e-11,-4.55606621870058320219106575998542e-09,1.46178441883510287740472770152880e-06,-1.32779311696889454454771047772072e-07
3.90700000000000000000000000000000e+02,2.48649041658418077867879927539603e-10,2.60273227639900090362679061456157e-09,1.45738417560250993778454374920280e-06,1.90705728206863660450455013365690e-08
3.90800000000000000000000000000001e+02,6.77314294913930235952418057242225e-11,-1.71928819114288275966192665006535e-10,1.45610768381417801173405212263670e-06,-1.06481351583380601420222662924800e-07
3.90900000000000000000000000000002e+02,2.42297777973009364033939957233051e-10,-9.20936627256351418339861173925648e-10,1.45535882942148958510791177624914e-06,4.06086266971785169968743766140102e-07
3.91000000000000000000000000000000e+02,7.16322913422721119506659528905667e-11,2.21994593838601356441761031666421e-09,1.45264534077021729167946218486814e-06,-3.01356359735103169036029289975460e-08
3.91099999999999999999999999999999e+02,2.40056854659143114195681879511608e-10,-4.30338854656721040493027238319977e-09,1.45475084922786517584814463081177e-06,-3.71719678944507917183531128141837e-07
3.91200000000000000000000000000001e+02,9.13981491757684399140285694197040e-11,6.21083357559290452855798468568322e-09,1.45182958279756219577459914542882e-06,2.01054808721122622593073296091779e-07
3.91300000000000000000000000000002e+02,2.07633719716219334016486413687985e-10,-6.62683328156988739043697795020780e-09,1.44788462066210067710181930827653e-06,-1.99401162296217744107229924685536e-07
3.91400000000000000000000000000002e+02,1.16328840777877024396933707627473e-10,7.46850498365403239799159199022246e-09,1.45297429511050922958122800675338e-06,-1.59520024783710271074322928417684e-07
3.91500000000000000000000000000000e+02,1.82449463566288549209639914903649e-10,-8.84197447127490004850525731594235e-09,1.45009071004885628380592251836744e-06,6.79610417300210828149883290630283e-07
3.91599999999999999999999999999999e+02,1.57962443772316394184280724735763e-10,9.33099963193428740304723903622262e-09,1.44293518882829911972010128201278e-06,-1.12294370636611884281594122807123e-07
3.91700000000000000000000000000002e+02,1.36916438533432634972081104788477e-10,-8.40742286988231927317768408626384e-09,1.44624841863012913867508485245641e-06,-6.56336941192217688758941134256534e-07
3.91800000000000000000000000000002e+02,1.89171067381089685625759623582272e-10,7.88411558975737741648423553539397e-09,1.44709488376990240724262655294643e-06,6.89129979964922328003190909723370e-08
3.91900000000000000000000000000000e+02,1.07120918076081357672393895586544e-10,-7.66293965955524366735052109597448e-09,1.44544433236653816294736872315642e-06,1.59992769675819862091590923906254e-07
3.92000000000000000000000000000000e+02,2.27094896060387304470379324024662e-10,6.14326810363221114464106461975068e-09,1.44388335326576473926097393008048e-06,3.95651864285165795828612273542809e-07
3.92099999999999999999999999999998e+02,7.77716460315444159314503684716416e-11,-4.01589472682039624246421129665198e-09,1.43707588992239330089351153512385e-06,1.74416629062656836834011178844052e-07
3.92200000000000000000000000000001e+02,2.36439445593088188903380523342457e-10,2.66862310024645889334950635229595e-09,1.43911863085492062074089575721398e-06,-9.31636320074168824793445111442017e-07
3.92300000000000000000000000000001e+02,6.81771216512613971419165681370632e-11,-1.78559707485920386737834016628395e-09,1.44583130247354939638651153985761e-06,-2.26404709373642626059008947815519e-07
3.92400000000000000000000000000001e+02,2.49874607978658656048207805299393e-10,-5.16216769521116371028386509131969e-10,1.43940862261027337406920419405188e-06,9.42054947522273350698206333793616e-07
3.92500000000000000000000000000001e+02,6.85682599010849217418612818530942e-11,2.62148141012208673304368712124103e-09,1.43277408081114455152754471895100e-06,1.22927612578310832504872018609564e-07
3.92599999999999999999999999999998e+02,2.30967627499978637200815349479838e-10,-3.87966584886238878872503314178234e-09,1.43522481660681226401876675412903e-06,-4.35865869959865950311789043047473e-07
3.92700000000000000000000000000001e+02,8.30236303769489832688178931940135e-11,4.73032427584101354843031015711981e-09,1.43625702191379478630008122867207e-06,-2.74543516061417816900325505968690e-07
3.92800000000000000000000000000002e+02,2.16851867872507460896466093180795e-10,-6.89400284834172348327501594175292e-09,1.43677488694536116718341528513689e-06,-2.40428459621288831724572122216092e-07
3.92900000000000000000000000000000e+02,1.12724489967354313017239014697424e-10,8.05704974368394551370859445530014e-09,1.43421471089802628108525424340713e-06,6.12253979407057613105701342930420e-07
3.93000000000000000000000000000001e+02,1.75164105773961078686578204549368e-10,-8.30898866870181647786669061735421e-09,1.42709600554689633699682169542212e-06,4.19177044253906726539821778223919e-07
3.93099999999999999999999999999999e+02,1.43531352022096037558101881214416e-10,8.31000468959891788321363000997578e-09,1.42983706062265561270585468810533e-06,-7.87265086314995848011630919086944e-07
3.93200000000000000000000000000000e+02,1.44257820619330662206248632431653e-10,-9.26421582251176894552613713841111e-09,1.43424408381246505940995633088429e-06,-1.30846663500467016378114712635023e-07
3.93300000000000000000000000000000e+02,1.86626186267070698724292794737738e-10,8.65675263827508898477872837065461e-09,1.42750906299279908553373301580477e-06,3.49516508065482682022994578316954e-07
3.93400000000000000000000000000000e+02,1.00823823544716167223988110740593e-10,-7.19099100041675456555505634719886e-09,1.42578603190512042406538049237567e-06,-1.66361670487275595905530859411190e-07
3.93499999999999999999999999999999e+02,2.10947712951627542964373214031884e-10,5.91193745650180249437988785861332e-09,1.42755508485665011254905476820945e-06,2.73967502997469718999834364494721e-07
3.93599999999999999999999999999999e+02,7.91904322599720929184742948633573e-11,-5.34440448666633390203718423439659e-09,1.42416741655807921458630825530446e-06,1.34939470786554598416094773076587e-08
3.93699999999999999999999999999999e+02,2.38255055885257083399100709673883e-10,3.41185516724505500304343605030782e-09,1.42483419111744102704775135175840e-06,-4.48264152660391964606340724010554e-07
3.93800000000000000000000000000001e+02,6.18445007920702221694136172141563e-11,-1.18415555328143498998201454652516e-09,1.42337003167614151412841855252434e-06,1.58584819874968933715731507338308e-07
3.93900000000000000000000000000001e+02,2.35684320139227155887230908193083e-10,-1.51004120768014774029193719050659e-10,1.42009864295455660786390503466182e-06,-1.10075869489072778143775453244517e-08
3.94000000000000000000000000000001e+02,6.33936769649254178345296778810464e-11,1.18112922406755727898515549686705e-09,1.42355810890428427021780901247548e-06,-7.22603007903586608295128892749163e-08
3.94100000000000000000000000000000e+02,2.37813514636184077309953105810504e-10,-3.37072163753196459525934030926252e-09,1.42057539134423445033496439980081e-06,5.18979548971704966330120588872642e-07
3.94200000000000000000000000000000e+02,7.68274164081826775549924497803422e-11,5.48983466135704484958802902927958e-09,1.41393868013239020546761491576678e-06,-2.31499681525866019401888347433074e-07
3.94300000000000000000000000000001e+02,2.07622644245607429676221571330225e-10,-6.24523486025965759529558852938094e-09,1.41847477693579469736444540483741e-06,-7.32076131388914649025846975475992e-07
3.94400000000000000000000000000001e+02,1.01959344210137609971191935972314e-10,7.03852030985208717586258493343580e-09,1.42039273568939721612538337968989e-06,3.03037884065518055633575020778822e-07
3.94500000000000000000000000000000e+02,1.84622920650477701546433374532430e-10,-8.46616197943363525119262567260802e-09,1.41491679344093830689576388456005e-06,4.93460550881582263480804993628343e-07
3.94600000000000000000000000000000e+02,1.40648593980293988896044104559430e-10,9.27966940259074998162069071390135e-09,1.41281835632098719294714226387636e-06,8.31300484927609616871446710994042e-09
3.94700000000000000000000000000000e+02,1.38840221873395135327313322787917e-10,-8.51148719692038632376399974414671e-09,1.41067557297432685052131774504756e-06,-1.59802485604604311861473858811910e-07
3.94800000000000000000000000000001e+02,1.73457244980501357830556798723658e-10,8.15043664147373113271774233616071e-09,1.41233270186522185680287810488292e-06,-6.70680552194080910853867748449865e-07
3.94900000000000000000000000000002e+02,1.09615385768978483002814516161340e-10,-8.04849939891784402973426630064257e-09,1.41697421082090680750306223185298e-06,2.49737137251826592226040488495057e-08
3.94999999999999999999999999999999e+02,2.12938214594415481419583271770574e-10,7.00328383956882091271118734548606e-09,1.40908742150160156416883515405439e-06,1.05886807341501010279306232253541e-06
3.95099999999999999999999999999999e+02,7.55364186954071000686808922485221e-11,-4.74910824198933848772695570237428e-09,1.40283231155279902964461371643076e-06,-1.81520383605042673316943997814785e-07
3.95200000000000000000000000000001e+02,2.26774933339239860394600390828376e-10,3.46524307151871228337383982790608e-09,1.40920684773864102896706006199080e-06,-7.88369242752139931412733539142901e-07
3.95300000000000000000000000000002e+02,6.50232695956783705181463176001962e-11,-2.48718637876520937539078485869537e-09,1.40984513022443290388603929405782e-06,4.49620450492684889227560474607243e-08
3.95400000000000000000000000000002e+02,2.43307378791083617896319578868193e-10,5.99860830095600259487422668795983e-10,1.40638067832980301171024318093815e-06,1.15604889284036059798607125486445e-07
3.95500000000000000000000000000000e+02,6.01581884720273827815297835448525e-11,1.77316320434908905080024431602359e-09,1.40405755271580011419939647646034e-06,4.31969463131035236761632836222575e-07
3.95600000000000000000000000000000e+02,2.29062413958651608586884253740014e-10,-2.95368562599072666744113984640649e-09,1.39989314673121471040518949402880e-06,1.77839384355637241163210348791475e-07
3.95700000000000000000000000000001e+02,7.25097555287667736232019158960368e-11,4.03403693446385909759302849616799e-09,1.40291469266286305332042343542149e-06,-8.04405823382676376266147502874288e-07
3.95800000000000000000000000000001e+02,2.19131945370776703473771761922176e-10,-6.07617450380060156198696648981612e-09,1.40587577242654259073503522865411e-06,-4.86852889013005871132619051104899e-08
3.95900000000000000000000000000001e+02,9.82732074280770576018831671739073e-11,7.78280813412763959559174731525325e-09,1.39857167480958865155832509419936e-06,5.46166883619020991924301653961197e-07
3.96000000000000000000000000000000e+02,1.78364609516854721021019593906373e-10,-8.06384608475501159159265170788264e-09,1.39673954162393037478807197020910e-06,-1.68973473456258597610965270966508e-07
3.96099999999999999999999999999998e+02,1.30177371521016852435843089564996e-10,8.22595093130093495978428274678279e-09,1.40029652116542305622125805215864e-06,3.41092404826488322174345857599856e-08
3.96200000000000000000000000000001e+02,1.49056500363836699043062433563120e-10,-9.09645084517790903225215755744587e-09,1.39682842826047157683600350087877e-06,8.99575932091254988575004424530267e-08
3.96300000000000000000000000000001e+02,1.71525833929817845481721082517602e-10,8.98223949947152811102204373827820e-09,1.39514121678979877999506984514463e-06,-4.49470208130867692420175521254257e-07
3.96400000000000000000000000000001e+02,1.04104725651999755201630471702172e-10,-7.62251164073848878464348838906817e-09,1.39610014540517871352397153503906e-06,7.84666127343695021588468608831903e-08
3.96500000000000000000000000000000e+02,1.98790594306234334128350090327445e-10,6.52937076592318526471559496661266e-09,1.39311117604283409649882833463404e-06,2.75228594250942295994593827017121e-07
3.96599999999999999999999999999998e+02,8.07174678476182018069559754622371e-11,-6.01755105720452098615631278685375e-09,1.39400859979275473256770079060203e-06,-1.04582417158953074792061543250477e-07
3.96700000000000000000000000000000e+02,2.28698841758688636061767240621594e-10,4.38629038122812144391755063411254e-09,1.39226539049590721353400604046610e-06,2.54931222476991321471937176823585e-07
3.96800000000000000000000000000001e+02,5.80350850460757691466833401071003e-11,-2.04945541802415943822091936660539e-09,1.38644970966024039977069516496673e-06,-2.66026587955915645175412079156828e-07
3.96900000000000000000000000000002e+02,2.30091763954340129272126905097915e-10,6.42633952168019093970925589263798e-10,1.39162053563865499256355676134175e-06,-6.59281571152294995683369369951000e-07
3.97000000000000000000000000000000e+02,5.77112902186181943678673769626226e-11,3.44633742037434647943137564030038e-10,1.39314480317429106427613002588218e-06,5.85232119994430082078417520914371e-07
3.97099999999999999999999999999998e+02,2.35134147738569578545727793964032e-10,-2.34276203937383660704246801663973e-09,1.38467020110848930510977971032773e-06,5.60187800351451595425412510270445e-07
3.97200000000000000000000000000000e+02,6.52457030927436137141761469753210e-11,4.64589950086200544490341204546424e-09,1.38391008790261062391509510518165e-06,-4.25764551974842549207496323233679e-07
3.97300000000000000000000000000002e+02,2.08929055848201275402371814147307e-10,-5.62773170929293950528915088121239e-09,1.38555736436088710228375331083681e-06,-3.41131554245550493170267871466087e-07
3.97400000000000000000000000000002e+02,8.86865009400664005306582742273643e-11,6.55615613038700949347266967516576e-09,1.38595357776458428350886774168932e-06,-2.60829327239859301808008211465092e-07
3.97500000000000000000000000000000e+02,1.87821879521503757808042362345326e-10,-8.06784238002103742283101864822539e-09,1.38714336521605036943968912964717e-06,2.99008270458892802057398734561619e-07
3.97599999999999999999999999999999e+02,1.24733622257039322590634663614670e-10,9.21499159343467803773651648537658e-09,1.37965847901132478505135623122273e-06,8.21556848735169886715959352465401e-07
3.97700000000000000000000000000002e+02,1.41723321865071601892438645442580e-10,-8.59659324306213855521216523550095e-09,1.37587364991106784969850104996780e-06,-4.57736531424379526058117942608277e-07
3.97800000000000000000000000000002e+02,1.59145835770145685728052643917848e-10,8.26689161121168287088119919185629e-09,1.38345956028625848172199846774163e-06,-8.85714239070563079925367084456680e-07
3.97900000000000000000000000000002e+02,1.12947771653330343344661994817674e-10,-8.24712756289387480451472952979031e-09,1.38313647098548820654881558412279e-06,3.78085015313597620423252895945214e-07
3.98000000000000000000000000000000e+02,1.98081220161569646734953531419965e-10,7.63262166189283760594052675754777e-09,1.37611160131555584399157396419370e-06,4.47718337273766499616137358011673e-07
3.98100000000000000000000000000000e+02,7.57305721432707911254607483825995e-11,-5.53663631689591911026005974729978e-09,1.37520233766434437512013822574203e-06,2.86761093128227262495714767819431e-08
3.98200000000000000000000000000001e+02,2.16900489438719601869205954652874e-10,4.29236013403353280643917732006062e-09,1.37492036364120186544023009397556e-06,-4.39597130853531983331719237146294e-08
3.98300000000000000000000000000001e+02,6.25763570521791656210195157282278e-11,-3.29653045487177281210037538415026e-09,1.37587092209623410082879025504590e-06,-6.10948044670258506869745629383756e-07
3.98400000000000000000000000000001e+02,2.36392003162306690956078974821051e-10,1.60964699578197911982365186384032e-09,1.37737512260548493353838846087721e-06,1.15910649994913159120848640127613e-08
3.98500000000000000000000000000001e+02,5.29127588005242601858502099182808e-11,9.01894722993319018137037339386190e-10,1.37066848353684440102712450480729e-06,7.01551914663744118017640737042510e-07
3.98599999999999999999999999999999e+02,2.26600143641824641395789573701955e-10,-2.17513712534775834196240709732789e-09,1.36896533539363620067740889154938e-06,-2.56964920773336921739667612362866e-07
3.98700000000000000000000000000001e+02,6.38374358843363785138049509907288e-11,3.25062866873436639728674189730805e-09,1.37392281576096069346597314624111e-06,-1.92921620634623388489087363300479e-07
3.98800000000000000000000000000001e+02,2.20053520106988800373304746911055e-10,-5.18916650574130696542637273717761e-09,1.36952264588835461002455092608917e-06,1.92828370351941029243709538824041e-07
3.98900000000000000000000000000001e+02,8.43645090111384463386928147335509e-11,7.19056214008716244995152917665849e-09,1.36670852929839846080970015073545e-06,-4.19585228775432725947171285034400e-07
3.99000000000000000000000000000001e+02,1.82591748210724314964079225931824e-10,-7.79760683183328716224813457326908e-09,1.36955122389614039092903682501548e-06,9.70510961280264167892219343897577e-08
3.99099999999999999999999999999998e+02,1.17046935764052416971548613341125e-10,8.05297363683684598397236555571942e-09,1.36645144639983883684625718196398e-06,4.35196791359967801158394451277435e-07
3.99200000000000000000000000000001e+02,1.53866539723001892217593821862808e-10,-9.02777638157988574529775705651130e-09,1.36528741692787461041197436303064e-06,-1.83398441828580995999333407549859e-07
3.99300000000000000000000000000001e+02,1.56984627719257660849387820432600e-10,9.13529138999621697062779456467441e-09,1.36453789844339738639140386254286e-06,-4.02773498198815009353010057246086e-08
3.99400000000000000000000000000000e+02,1.07927553689970833311699588938884e-10,-8.04020156567367076454475426503604e-09,1.36094282923594420909732954798855e-06,-2.23071633843507052656632231049592e-07
3.99500000000000000000000000000000e+02,1.87060460349281594376585277848544e-10,6.85979479770011556533259835498836e-09,1.36482789727672671777859630775214e-06,-3.49429859439783571085857383452890e-07
3.99599999999999999999999999999998e+02,8.40266761721117873832499112542303e-11,-6.64224625754392365476794999412690e-09,1.36513516958980333550262117535227e-06,6.56471814208187655995943229998237e-07
3.99700000000000000000000000000000e+02,2.17858992688963290226759216775272e-10,5.21288713296423027793964118977543e-09,1.35616854940865386298967608129007e-06,4.36182198010447247461006988011937e-07
3.99800000000000000000000000000000e+02,5.61315919470305410038739546147565e-11,-3.15401361028801487264404147562890e-09,1.35648976354907775557577487217428e-06,-7.75678630196011674427399849766675e-07
3.99900000000000000000000000000001e+02,2.25004440483088203827143920133271e-10,1.38868375392942354758594128140162e-09,1.36149975091046421023169327257136e-06,-3.68432463808079788711004034621658e-07
4.00000000000000000000000000000000e+02,5.31426315367118528344440181187859e-11,-5.95518819418949733219081243320538e-10,1.35916897216425282735165970914430e-06,3.16384784592606681212817183667316e-07
4.00100000000000000000000000000000e+02,2.32202197363868179760627457668484e-10,-1.53383976194357150665666677369685e-09,1.35684361471282248461111070736912e-06,3.33176264873832459266556252129799e-07
4.00200000000000000000000000000000e+02,5.53557892023246441371700758063243e-11,3.68871845059609597775960926658278e-09,1.35250181159317893542999681428212e-06,3.73211480433778864800644313033257e-07
4.00300000000000000000000000000000e+02,2.09642325117395136052546221470311e-10,-5.11666927762002210254343488048746e-09,1.35059120280331254471969778469624e-06,-5.86515703483105938407174947661347e-07
4.00400000000000000000000000000000e+02,7.72440716102938565124740723792728e-11,5.77563228887089798684597368618607e-09,1.35783285948679976738522972018232e-06,-7.65555816592563114988636304057454e-07
4.00500000000000000000000000000000e+02,1.91018374123673565293314324364525e-10,-7.60449147374503373422357225170417e-09,1.35574438026288324098407662750599e-06,7.44187653172764275799032913635571e-07
4.00600000000000000000000000000000e+02,1.08486582045758509027366534169460e-10,8.84404663221444194684586217864468e-09,1.34664709388086245660467708974508e-06,5.11462445766844749850691487620927e-07
4.00700000000000000000000000000000e+02,1.45391633255077404714712075939980e-10,-8.82244261507691099726317327198622e-09,1.34858455386765913724414446896262e-06,-4.19275604696389865655251996470535e-07
4.00800000000000000000000000000001e+02,1.45033925688726992790635320061653e-10,8.27587667309350747524055464480014e-09,1.35051418800279919401282225704025e-06,-1.58500609601226815525735329875141e-07
4.00899999999999999999999999999999e+02,1.15941265795148397521603209742215e-10,-8.54047893643339675960748451040798e-09,1.34906172951470447995989271465105e-06,-3.04145101066878730415308255583989e-07
4.00999999999999999999999999999999e+02,1.82818515728891689815174745138646e-10,7.98597043380877684049867992136380e-09,1.34882288276787386236603758590575e-06,1.29661094006790010834640836125605e-07
4.01099999999999999999999999999999e+02,7.61159223274009131368532753435246e-11,-6.27874093028508452494328607155715e-09,1.34388165094631572726226213019257e-06,6.28598881597103448425272293288063e-07
4.01199999999999999999999999999999e+02,2.05264851348351848445161098585802e-10,4.87976578461447888990574156325885e-09,1.34300324298725327701786866726184e-06,-3.21162215210313385931143399911131e-07
4.01300000000000000000000000000001e+02,6.11420219831789097112883071809854e-11,-4.17884693010206589639069670865058e-09,1.34722921078265497119912321140279e-06,-3.56508796013506997903388678840807e-07
4.01399999999999999999999999999999e+02,2.27304625228062127294069652610442e-10,2.62494342979654205902972743128280e-09,1.34298573546989894260539019765308e-06,2.54390190069303967100785687550697e-07
4.01499999999999999999999999999999e+02,4.51787005537418437193934859336042e-11,-1.48863991550693410590379181041479e-10,1.33944405947454682320037219161002e-06,-2.23846659209655252680948148816890e-07
4.01599999999999999999999999999999e+02,2.22868214906201669816255933698986e-10,-1.42641295807015738674856817532087e-09,1.34328277454179209080766355461298e-06,3.20516760363648683656452873460919e-08
4.01699999999999999999999999999999e+02,5.46802914629506797389151291594515e-11,2.50777220794593579179831380059833e-09,1.34065718451142614695188859701870e-06,4.93991244384890506699907835115889e-07
4.01800000000000000000000000000001e+02,2.18637822193517917675893910413363e-10,-4.35526508285516616629855093801775e-09,1.33684437303487434658264134059127e-06,-2.76740530450214534046799086335319e-07
4.01900000000000000000000000000001e+02,7.05228829360948220955701933891586e-11,6.53808208719066997731018882526697e-09,1.33822958257044788130127158113158e-06,-3.33035968546789037804034613564497e-07
4.01999999999999999999999999999999e+02,1.84586605257095993266709880549482e-10,-7.32988354681881729481040359897824e-09,1.33661240277385093345811571710347e-06,4.47375035119785163358410890103693e-08
4.02099999999999999999999999999998e+02,1.02864979556055519722707742001488e-10,7.73919238402885362860431352100146e-09,1.33762570233072894466517825907641e-06,-6.82894185545430342065638145659683e-08
4.02199999999999999999999999999998e+02,1.58098897473158370950185655413350e-10,-8.75048156233858281923627575285021e-09,1.33739237408632525232312402071858e-06,5.26588009974872842331923067984042e-07
4.02300000000000000000000000000003e+02,1.40662256788890365168833723823277e-10,9.34168434213575142027523555147011e-09,1.32903042241467056579414874118606e-06,2.00775522280123105197285508662340e-07
4.02400000000000000000000000000001e+02,1.11036787452031296351786693205937e-10,-8.37434819017003466249760751067222e-09,1.33110112761351022290570169954224e-06,-9.69118311650422334749702699140308e-07
4.02499999999999999999999999999998e+02,1.74481823441492564326365340334394e-10,7.30181517543516844861133104918673e-09,1.33733612371963447760194682402554e-06,-1.20957332821122063218616408248373e-07
4.02599999999999999999999999999998e+02,8.66161355264242500526029890308333e-11,-6.99699450622315597783778186273131e-09,1.33170774615343577081392313255427e-06,7.30969934539369844716883070346943e-07
4.02700000000000000000000000000000e+02,2.05807352466846550081446231500513e-10,6.00529715480795911700118894461990e-09,1.32767704662734275486108556741579e-06,1.63620679087038765181153114315237e-07
4.02800000000000000000000000000003e+02,5.52838444073279937299884164592809e-11,-3.97796223000433228976922583633335e-09,1.32693552973326686422002389128826e-06,-1.28145430800286228206395729957691e-07
4.02900000000000000000000000000001e+02,2.17934636417454760465498024692456e-10,2.33063504226039084751380716466981e-09,1.32698257798242034558762597698934e-06,-5.45960129769244133960438282462735e-07
4.02999999999999999999999999999998e+02,4.96496710673123561632484521829778e-11,-1.45988278672971051194052112015664e-09,1.33149032519837389274046896420604e-06,-3.61608687221011712733450979055378e-07
4.03099999999999999999999999999998e+02,2.28829296920496230024112364196779e-10,-4.38225247197228994595907557463416e-10,1.32778484578733791229433342771797e-06,8.58466971711468520071755257195380e-07
4.03200000000000000000000000000001e+02,4.61573231879400637859435128997358e-11,2.87570996185879704754043969443858e-09,1.31946268806787241865787997139473e-06,3.77067090882761539956768365049987e-07
4.03300000000000000000000000000002e+02,2.10295595580811946479308932135536e-10,-4.45214499498319089705369571697076e-09,1.32311168837625111560728449042060e-06,-7.73048519537153091033773272344629e-07
4.03400000000000000000000000000002e+02,6.71837895324432577019172170815097e-11,5.23246611062291924535484046797736e-09,1.32660419426447130831613057446731e-06,-1.82489859672745178946572784775109e-07
4.03500000000000000000000000000000e+02,1.93673624819491617002433337184296e-10,-6.91280361499699756118613305135541e-09,1.32215366386845477639412820427668e-06,1.71333070470352127280182641434509e-07
4.03599999999999999999999999999997e+02,9.41026090040220725116064761753534e-11,8.45339286824809833955036579405122e-09,1.32056238411974545600348953484111e-06,9.10904343341454812608777791120477e-08
4.03700000000000000000000000000001e+02,1.50124945763263867298713788178150e-10,-8.65782585846370534361897094963969e-09,1.31899497199421420211890323947134e-06,4.10844482705363813850468801360689e-07
4.03800000000000000000000000000002e+02,1.31009730216291392947808198441855e-10,8.31959581898092941222367556428389e-09,1.31756585860080718325289405184672e-06,-3.12875395540552957683831176854766e-07
4.03900000000000000000000000000002e+02,1.20625444975656854180178547015292e-10,-8.66233623870699609312898456208971e-09,1.32078123577967772760461062994293e-06,-4.72602292610117739569982338278315e-07
4.04000000000000000000000000000000e+02,1.68373922342118581717439687138090e-10,8.48223702998799987792291815588739e-09,1.31711994494820064180462712668697e-06,4.00011393151058390228203035297073e-07
4.04099999999999999999999999999997e+02,7.78910044550457012143618370491374e-11,-6.88164203696163237819199561448535e-09,1.31319048295798985032862543226138e-06,-6.67188878055088125868389980702177e-08
4.04200000000000000000000000000002e+02,1.94463486113350453972945738275521e-10,5.50287972361196806987110595086712e-09,1.31773392600027712850407156898116e-06,-7.11213344431719962306832162753718e-08
4.04300000000000000000000000000002e+02,6.12188609894133945250280490408737e-11,-4.79595020047756842633634687813169e-09,1.31471620972075701527666058522900e-06,4.58710108746110614874006511775679e-07
4.04400000000000000000000000000001e+02,2.17752216327630523222092855228244e-10,3.59960854020300000997539567129529e-09,1.30983325635989284037638052295999e-06,-3.85454400285961612233599002849944e-07
4.04500000000000000000000000000000e+02,4.04353741034058805694042515494210e-11,-1.14391935125696111546442962663875e-09,1.31304982398771668174690680195826e-06,-4.14655546567636696245835851519540e-07
4.04599999999999999999999999999996e+02,2.18817376014887088251597133109321e-10,-4.62199820738693056674400560825028e-10,1.31252191430253395824154817658860e-06,3.07171662200267656179579779764435e-07
4.04700000000000000000000000000001e+02,4.65471599790093115189609805625298e-11,1.71856006058622336323028697433844e-09,1.31071976000983411109547691295977e-06,1.47911403388795279466534510121155e-07
4.04800000000000000000000000000001e+02,2.17608123337874859809801152981638e-10,-3.44189057569397955395876544899349e-09,1.30958374546268164844023483785441e-06,2.29502385233150657028422252247554e-07
4.04900000000000000000000000000001e+02,5.79821716524293288171300140127138e-11,5.93807137776989140683693594375864e-09,1.30422993248404550902153875089934e-06,-8.96680260681700415521615981664516e-08
4.05000000000000000000000000000001e+02,1.86594618859168418762991674251101e-10,-6.83179102763731246939022270290501e-09,1.30692672939543019239420096627578e-06,-8.04156085849734444415742411350259e-07
4.05099999999999999999999999999999e+02,9.00502614359432981540988577282387e-11,7.41339863604549874179271834168784e-09,1.31212835097986187485644207712682e-06,1.37735200955539156772476924539347e-07
4.05200000000000000000000000000001e+02,1.61746853601467040652726439870899e-10,-8.27800578530542134736987541957175e-09,1.30469314595868152769648164415736e-06,9.20080656140569778159284825678447e-07
4.05300000000000000000000000000001e+02,1.24791490045954459414268866137929e-10,9.32316732562902415122370211038538e-09,1.29960270935893080109338506722953e-06,-1.41868945524494183649242835628707e-07
4.05400000000000000000000000000001e+02,1.15800655490125837785306818743406e-10,-8.55370499638697382391983823837892e-09,1.30338440563455240140529978458795e-06,-5.78149412721219980043710568927504e-07
4.05500000000000000000000000000001e+02,1.61278759521859162644378441462599e-10,7.76350010245198393284051365613566e-09,1.30392526287226023204509481607808e-06,-1.86683944392777881508656553777147e-07
4.05599999999999999999999999999999e+02,8.98005188236142955749500870539587e-11,-7.38462241499692361593056100514141e-09,1.30409179848146405863527629975155e-06,2.37547984128367456850590760514083e-08
4.05700000000000000000000000000000e+02,1.93916543728450747530611610546626e-10,6.76243163973289407733359449988638e-09,1.30063575569809820451053239847784e-06,7.14342691719279858404970377457106e-07
4.05800000000000000000000000000000e+02,5.55520303538161858377517180571779e-11,-4.72828286959935823863315544224630e-09,1.29399631290486879927788792212725e-06,1.37027888039153795167817012394262e-07
4.05900000000000000000000000000000e+02,2.10764574742760710592090645473898e-10,3.13735214129855591425068810247216e-09,1.29899672949501563268587026662179e-06,-9.72448848207540852818075673871751e-07
4.06000000000000000000000000000000e+02,4.78717155227761648525015766248713e-11,-2.22808496183261530267734108537589e-09,1.30239864628670364955216611032035e-06,1.40631081085264923745972451727964e-08
4.06099999999999999999999999999999e+02,2.24145136006053199192318845448581e-10,6.30378582744273150772833481493132e-10,1.29513946225120262134197889241461e-06,5.22571540797317047237310260307572e-07
4.06200000000000000000000000000000e+02,3.91968156554878467166420271910308e-11,1.86173311009921552780044259624718e-09,1.29381880749739184491014766293222e-06,-5.47842157091474353930630001317960e-08
4.06300000000000000000000000000000e+02,2.11615595682044537862365314591869e-10,-3.67027859230073842436292674500935e-09,1.29486082000652378259528165423313e-06,1.36557926167999829412904535007084e-07
4.06400000000000000000000000000001e+02,5.79433178737160159734729038813535e-11,4.59319937652596074644653440171565e-09,1.29304929042766392408090535867321e-06,-2.63483025482208963051883133052638e-07
4.06500000000000000000000000000000e+02,1.96638709455052218798307926421529e-10,-6.31756649650724306291334207465978e-09,1.29444423252335403500651419177955e-06,-3.91360078972705632558808035655813e-07
4.06600000000000000000000000000000e+02,8.15155787039820836781152249227207e-11,7.97141192297844803134268158439980e-09,1.29174763873618693888862722589434e-06,4.30605040639929845407095428131306e-07
4.06700000000000000000000000000000e+02,1.55422394626402121536248738312939e-10,-8.51646485268170574092919906985478e-09,1.28854871801566086025427094273371e-06,7.55256343721185269121651149379303e-08
4.06800000000000000000000000000000e+02,1.18715091813447218213469624109886e-10,8.11667780361490443434556888182127e-09,1.29186263453856009231077170420735e-06,-1.91168851434177294126352345271201e-07
4.06900000000000000000000000000001e+02,1.26356044459252747539444806719899e-10,-8.68600460629896468883749655178116e-09,1.28944806294846890108525627546043e-06,2.92269480110649485891850826479140e-07
4.07000000000000000000000000000000e+02,1.53892981607714050681532784056675e-10,8.67995199045520762687661761081804e-09,1.28431260893755073863343857261480e-06,-3.11910080499310819814382349377903e-07
4.07099999999999999999999999999999e+02,8.22594738232669821284906338436352e-11,-7.61515859682830823090685530615847e-09,1.28841509118193144065263324267848e-06,-4.31566072324332281010538995804463e-07
4.07200000000000000000000000000000e+02,1.84266171965394440509964267497864e-10,6.04391109705697627876672352400667e-09,1.28884944713489104684809560162377e-06,5.28934986734661653931388781016949e-07
4.07299999999999999999999999999999e+02,6.23292316942833013939797451494398e-11,-5.56766559472355860037015374772528e-09,1.28349959289158477454398679762346e-06,2.53962489430898079185819405258375e-07
4.07400000000000000000000000000002e+02,2.08535550366307379298644848828313e-10,4.30450354327784783666880753594194e-09,1.28302709090486236841774664921791e-06,-2.09738966965581304772654215463580e-07
4.07499999999999999999999999999999e+02,3.74854714514834519482399987449051e-11,-2.21282477090996895198117042605860e-09,1.28138197440382171862667593883360e-06,-1.77036784536926640745832813732316e-07
4.07599999999999999999999999999999e+02,2.14307692980703524967291811714869e-10,2.53132190763438610021288444484226e-10,1.28295813817874622844827403847611e-06,-4.81327212477911628848686603265155e-07
4.07700000000000000000000000000001e+02,4.05782628420267608327670722600801e-11,7.22391595938345577325340487732702e-10,1.28635519829952386368913891025474e-06,3.34368555220502054253221539385269e-07
4.07799999999999999999999999999999e+02,2.15404168105555440401037896154395e-10,-2.58091332379850221773813256861733e-09,1.27783981797683596585652872690547e-06,8.58636454751875565886188204020704e-07
4.07900000000000000000000000000004e+02,4.60765810731782549342984284621101e-11,4.96535462907541116269935376326714e-09,1.27393939328661486004737484069800e-06,-5.19041958031680987493528225416061e-07
4.08000000000000000000000000000000e+02,1.88946813862019715036787864318773e-10,-6.44421449332850685561248776539129e-09,1.28098676200545044560423938462093e-06,-7.11991896118069849669445106205114e-07
4.08099999999999999999999999999999e+02,7.72850530286416694867473017916381e-11,6.93965169597706856003307975448021e-09,1.28030632892538613723741136029581e-06,2.32943296140887775780571304826270e-07
4.08200000000000000000000000000001e+02,1.64303592584093680023367842846570e-10,-7.99541485235224253131743732675596e-09,1.27672234447594249201136020905561e-06,3.08645274983309398108923241969379e-07
4.08300000000000000000000000000001e+02,1.09004401132629977475947030912177e-10,9.04413735898623417178196549988966e-09,1.27410601413106476250276452755388e-06,3.63837694807146519828450537594392e-07
4.08400000000000000000000000000003e+02,1.19680590696628289972068349704985e-10,-8.71796568022276194716309458759172e-09,1.27090226337238429231620022841202e-06,-1.55639548198427477589548781273373e-07
4.08500000000000000000000000000000e+02,1.47059497320449835611007077122439e-10,7.89199482605269117407125753536684e-09,1.27539691654397340946195516548194e-06,-8.23701448730687595367858908899498e-07
4.08599999999999999999999999999998e+02,9.30500381091756133954262592362756e-11,-7.75199197629290834192624048770758e-09,1.27726542296733762004522531905199e-06,1.96783247755762468811322565298926e-07
4.08700000000000000000000000000003e+02,1.79526455303035476801517944925801e-10,7.38147192907061128614225732216853e-09,1.26923588492892789731874108433049e-06,7.08737326173594087264731087671798e-07
4.08800000000000000000000000000000e+02,5.55577206059019335693420173012296e-11,-5.64290388052879449200272205006955e-09,1.26802898196925367607092648425072e-06,-2.49267373426230109713392711887768e-07
4.08900000000000000000000000000003e+02,2.02204459706258785849908106886586e-10,3.91601225823954039867041960202693e-09,1.27177489577774336964096432886284e-06,-1.75618146161233706588308051413359e-07
4.09000000000000000000000000000000e+02,4.52250176417074104231095136044669e-11,-2.97594575694833068999571260374875e-09,1.26900035126388467426723993583915e-06,-2.27547325801807720903625444088227e-08
4.09099999999999999999999999999998e+02,2.17214664015926251205052875120721e-10,1.54334855947387938401630619133355e-09,1.26812925176401860843348801094312e-06,-3.02656855711188359104918582547287e-07
4.09200000000000000000000000000003e+02,3.24177577517060831676900028954068e-11,8.94585729350528557210669585510495e-10,1.26766005633868018157629814217360e-06,3.72911267749449195290402925886450e-07
4.09300000000000000000000000000001e+02,2.10234824026846130936075714892453e-10,-2.82481666250808011412688497812490e-09,1.26434644645522463239757621124381e-06,1.99753801640609559636565719531561e-07
4.09400000000000000000000000000002e+02,4.87842268778635562925500569202595e-11,3.83941765678105431303770424912066e-09,1.26640419566619483769040298870115e-06,-3.63975028611667512140849368906335e-07
4.09500000000000000000000000000002e+02,1.98167870104262823319823990102216e-10,-5.50964793701851571758835074765406e-09,1.26490904340859014836545178020607e-06,1.85850389159809241478295433710639e-07
4.09599999999999999999999999999999e+02,6.77967159699328766107983124182286e-11,7.44745345448512917799755818292027e-09,1.25999565064856663179422464968364e-06,-2.03893873382615169623953189026607e-07
4.09700000000000000000000000000002e+02,1.60006934274226146770816414512421e-10,-8.28849452010968457984362586623097e-09,1.26459727790942939169485895053150e-06,-3.53743693559517961918642979338311e-07
4.09800000000000000000000000000002e+02,1.06173588295297180194147558512324e-10,8.03006762168090364069320009496450e-09,1.26438168693627371526294009042677e-06,6.54791932315186598857659112272886e-07
4.09900000000000000000000000000002e+02,1.30950531488300596830772151771349e-10,-8.53779352377889843033258789668426e-09,1.25727356992163055727844304039685e-06,1.77138295773151175640192710443706e-07
4.10000000000000000000000000000002e+02,1.39308830749254663039088109779045e-10,8.81563245234984421849985380119824e-09,1.25802696972528527245635632341830e-06,-5.28575394982030040342237201298429e-07
4.10099999999999999999999999999999e+02,8.69267426500297721600644622529909e-11,-8.02298999268905379484791600873225e-09,1.25947032723104830471364665270490e-06,-1.70524822423293268457990616716424e-07
4.10200000000000000000000000000002e+02,1.72708822392625365941675971061219e-10,6.60496095524426606833366213133410e-09,1.25928970470239378188647081314366e-06,-4.68258726435914754681526160104029e-08
4.10300000000000000000000000000002e+02,6.48784851562612926588186359774031e-11,-6.19605729498338266053215080704020e-09,1.25943462387408470063000067186360e-06,3.96137229032350873998152080584568e-07
4.10400000000000000000000000000002e+02,1.98599003101016481603987219682315e-10,5.20596586939309192725940051236554e-09,1.25258012616178381997139855773836e-06,5.17502518021786084237837875899388e-07
4.10500000000000000000000000000002e+02,3.53030947684298265101438622924555e-11,-3.17933996837239487701981568828268e-09,1.25059510759521734507425023605050e-06,-6.84841497314342600234429007143687e-07
4.10599999999999999999999999999999e+02,2.09751620518239538007769021978787e-10,1.08102021597757334986183440255392e-09,1.25847925055963557038908923767105e-06,-6.56483967726693630439719493499726e-07
4.10700000000000000000000000000001e+02,3.57959401090351814540080788732040e-11,-2.75860961448555322109006340664582e-11,1.25645453259426501507964058138554e-06,6.30611174299109869966791009765709e-07
4.10800000000000000000000000000001e+02,2.12420138537453682347315338370113e-10,-1.64807902265258901991928800403673e-09,1.24922337755062362237666474261496e-06,4.25595041344974787910103730560407e-07
4.10900000000000000000000000000001e+02,3.64015956223577028639670057826254e-11,4.06142887200632618753364336318783e-09,1.24940709799968142825630475388074e-06,-1.59233937190662806895668308738753e-07
4.11000000000000000000000000000001e+02,1.90759248107381901333425174288850e-10,-5.73290236444157630374960806668930e-09,1.24951413451544740419719082289036e-06,-2.40408934200428298743233397168039e-07
4.11100000000000000000000000000001e+02,6.52125420922841552952167835369482e-11,6.42377997457165747584485220922497e-09,1.25138781434071921858787266180422e-06,-5.21993831766835910297104108390945e-07
4.11200000000000000000000000000001e+02,1.67711432138101017514255349018023e-10,-7.49996044375531465855469674631569e-09,1.25200264642810161300144022399323e-06,3.22345760800574181956485395919903e-07
4.11300000000000000000000000000001e+02,9.37557351469304998760002685248016e-11,8.87393114174590894864771387509430e-09,1.24403016232148933482508438497828e-06,7.17308774800203714163300076176367e-07
4.11400000000000000000000000000001e+02,1.23918842916851152852735037604267e-10,-8.76231417295535694613275546051768e-09,1.24398486904371047481052272960146e-06,-4.86343646101015892003461438189136e-07
4.11500000000000000000000000000001e+02,1.33520408110508365456541731954807e-10,8.09393444254636126721031068681254e-09,1.24915600683692136720775704655609e-06,-3.09606937201598448873024581373631e-07
4.11600000000000000000000000000001e+02,9.64959657258528846001452090312351e-11,-7.85621865576327334396711651509243e-09,1.24488824026305470047651178581571e-06,2.05437091704443727170422771949684e-07
4.11700000000000000000000000000001e+02,1.65048215748024600612720933141537e-10,7.89559423144116533973747279548992e-09,1.24282872959463057870954708343382e-06,-1.91360314629868300336105546340258e-07
4.11800000000000000000000000000001e+02,5.74009551773128179572576016591178e-11,-6.31609745318452224358368276692699e-09,1.24389565197181951977897098181977e-06,2.59300935761375435016435632457203e-07
4.11900000000000000000000000000000e+02,1.92275509309789697127962237755767e-10,4.82375222194910277958602344089120e-09,1.24108767672700360657816018764664e-06,2.18643352792244721891417426949085e-07
4.12000000000000000000000000000000e+02,4.35648926082909248998735755373999e-11,-3.70568135183540442734731552831921e-09,1.24140561772964748597473844641261e-06,-4.10512864376874891273269891828935e-07
4.12100000000000000000000000000000e+02,2.10132592838000195901635305313418e-10,2.59505348486279241818423003091610e-09,1.24083384899155597754332129353613e-06,2.43190341480534901766659197519881e-08
4.12200000000000000000000000000000e+02,2.64815657536466885819557225053655e-11,4.71117003588627976399547764435386e-11,1.23738489189463945966684687367494e-06,-1.73838209083529448132756755245712e-08
4.12300000000000000000000000000000e+02,2.08226551941755282518497602666166e-10,-1.93490839151080350170076498054918e-09,1.24034263574235023834588540090398e-06,-2.02403956755799688355385777470023e-07
4.12400000000000000000000000000000e+02,4.08313720387904089359126034767561e-11,3.23122110813267393824443392480262e-09,1.23989741831577123253325861995395e-06,5.60149256627917225324806800305152e-07
4.12500000000000000000000000000000e+02,1.98406812174497207763676687976037e-10,-4.56482051498523312138825576247249e-09,1.23248867836297300161045176126091e-06,1.08402103020622441108132791872992e-07
4.12600000000000000000000000000000e+02,5.56660472348116254180336862933016e-11,6.82410661369532693647687307065274e-09,1.23428712359857874363118531758686e-06,-7.74651034859920148547414569512587e-07
4.12700000000000000000000000000000e+02,1.64958440381427708466546766118980e-10,-7.76686294629963664383875295357854e-09,1.23837179429273150992472931618726e-06,-2.83289437573796215436848768330908e-08
4.12800000000000000000000000000000e+02,9.33304603073169228101210389046202e-11,7.93596593217314102654977217749984e-09,1.23471831417678836712452902581902e-06,3.96554397374282840243455491823540e-07
4.12900000000000000000000000000000e+02,1.36235006062507865383701279857708e-10,-8.32489830060518447420316218773311e-09,1.23279295275833732581844849073936e-06,2.09730821037805105951487323233272e-07
4.13000000000000000000000000000000e+02,1.25622281587418309563442639061711e-10,9.00130100110534291119985741392821e-09,1.22931167381355108545045982417219e-06,1.54600182244550394717294480338128e-07
4.13100000000000000000000000000000e+02,9.23634303154190539747163892554304e-11,-8.30348613383646681642045410066396e-09,1.22871740024525968043274805498205e-06,-7.01117150620779449752406964688023e-07
4.13200000000000000000000000000000e+02,1.61853793903656730603629140137362e-10,7.08605552550192594178998106853683e-09,1.23576404402142318759058682453848e-06,-4.13179065582566125165709165319578e-07
4.13300000000000000000000000000001e+02,6.87623096629162329020957664951982e-11,-6.61428061749998090784346449125953e-09,1.23152406642677175183867083777084e-06,9.07173145710754285072061362269151e-07
4.13399999999999999999999999999999e+02,1.88395025555580035579048198851900e-10,5.98745909865727322614852096112261e-09,1.22323603223525798065916410843217e-06,2.84233593743756236747615732692743e-07
4.13499999999999999999999999999999e+02,3.62473722530434228640565156543683e-11,-4.15778784192792865644311998322056e-09,1.22657741391771741346687460193695e-06,-5.69140773682311631180540766343301e-07
4.13599999999999999999999999999999e+02,2.05426198653795714957668537779269e-10,2.02817771942199783775709321926629e-09,1.22856184251403513562441234813625e-06,-2.20525778612185376052266761735408e-07
4.13699999999999999999999999999999e+02,3.25074018327550135455044490533852e-11,-8.71969832647003716298909251892653e-10,1.22738206382562423486805367270264e-06,-1.06657767664911935814417900346418e-07
4.13800000000000000000000000000001e+02,2.10359619919541806876129939172513e-10,-7.96719146233894286515542233120173e-10,1.22616170793786649817573660757856e-06,3.54578215594069877215747369001816e-07
4.13899999999999999999999999999999e+02,2.92302195412460158025204311082604e-11,3.15141244515337724123190505016180e-09,1.22062877184986419631646559778213e-06,4.87355358995586265552403852544803e-07
4.13999999999999999999999999999999e+02,1.93084577235993071366122222902163e-10,-5.10942783136818064301329338111490e-09,1.22137091342650203780990743746839e-06,-5.48073301649377229171455570388044e-07
4.14099999999999999999999999999999e+02,5.56687362308767412725671988225141e-11,5.75519401881142691587368960930240e-09,1.22614957319469218270730143578661e-06,-3.83414498008537798244056288351575e-07
4.14199999999999999999999999999999e+02,1.71407823462958513903722946559693e-10,-6.95179484949879856488719401367062e-09,1.22146301874389992350603717598554e-06,4.17272335039649818284389546847462e-07
4.14300000000000000000000000000001e+02,8.00872384366878693684841313646529e-11,8.34858013052063958365554014044984e-09,1.21794224705837138560505975200369e-06,-6.23851747281526446147171724982638e-08
4.14400000000000000000000000000001e+02,1.30380306169228935318792000540689e-10,-8.82196737590389751504644873040028e-09,1.22100120085917074695211132789172e-06,2.76965784749741185940245562193535e-08
4.14499999999999999999999999999999e+02,1.20558456769084507389840754170206e-10,8.15328935073710788948899414528161e-09,1.21851389576813816718973134639206e-06,2.80168907783258311344142496836545e-07
4.14599999999999999999999999999998e+02,1.00760078560387734099641901618304e-10,-8.15679298187908180520849610740764e-09,1.21669048442493446380766671567656e-06,-4.54444711235812694359662384610581e-07
4.14699999999999999999999999999998e+02,1.51619965079465140295577254116567e-10,8.15436374104786748906029711132406e-09,1.21797452032966736004296431707796e-06,-1.06698598378149789429021138256922e-07
4.14800000000000000000000000000003e+02,6.04942357080536653768264143992616e-11,-7.04386606901105776287809990356631e-09,1.21514607016068662319248260272403e-06,2.45163417911909630028341450780798e-07
4.14900000000000000000000000000001e+02,1.82209915511197757736634786209946e-10,5.39215662083494130736904586546255e-09,1.21620661463857260793373145387602e-06,-1.17303542198210310638012676433852e-07
4.14999999999999999999999999999998e+02,4.35049886881717416418724586863360e-11,-4.52634486485225848486498169284208e-09,1.21571180844833233445671817409841e-06,3.88677250862262245304475874057839e-07
4.15099999999999999999999999999998e+02,2.01468961152376904047558954099015e-10,3.43955537550667735449040737869262e-09,1.20907413798854762733554540324504e-06,-3.79073168757349827468170906435697e-08
4.15200000000000000000000000000000e+02,2.19425128413327433401609366957538e-11,-1.12225512810236477643250954922239e-09,1.21219043620032108969707776019330e-06,-8.20799775628369970098237556967440e-07
4.15300000000000000000000000000003e+02,2.05839837069676767274976796083846e-10,-1.13014022566357290567938144748812e-09,1.21639107843325384921276857295654e-06,2.22871700547641759060542881657130e-07
4.15400000000000000000000000000001e+02,3.26637029463388834179863925821079e-11,2.43736503574603213126119173642777e-09,1.21015007394049166419478987434659e-06,6.40419531001370131572366501176042e-07
4.15499999999999999999999999999998e+02,1.97282551198882455359875787894521e-10,-3.87149739287065195720415570078543e-09,1.20724896672282951464859593543318e-06,-5.02629337481297400680256494530729e-08
4.15599999999999999999999999999998e+02,4.40912649066978254809247646901612e-11,6.02283973188890136633412384010475e-09,1.20757891725946065986717662108440e-06,-2.45248162308014094085932138758475e-07
4.15700000000000000000000000000001e+02,1.68212864360737546287400630372002e-10,-7.31007944930197771627468887245829e-09,1.20819637112508134628990831644335e-06,-4.81778055208000152231970893320972e-07
4.15800000000000000000000000000002e+02,8.03651872051780597381495253595697e-11,7.52600096353891293272452202301056e-09,1.21156603975384553571895892477900e-06,-5.34237051402908659375204764155747e-08
4.15900000000000000000000000000002e+02,1.40419797769624760191685314461051e-10,-8.05617082638277749755629156778838e-09,1.20672670400472956491214083855617e-06,8.82075861812453724606481545374027e-07
4.16000000000000000000000000000000e+02,1.10154486172496357044628425428796e-10,8.93143434398683343939204209975509e-09,1.19941384625310928227440197956735e-06,8.60157611065206831971597210548899e-08
4.16099999999999999999999999999997e+02,9.77153440886840585714810997320486e-11,-8.67821714971122906096261160016642e-09,1.20482803112246128299691024321862e-06,-8.80369754502694970986321429342160e-07
4.16200000000000000000000000000001e+02,1.49765050565948007762123397905976e-10,7.52496290559566091483411016181110e-09,1.20791920217728900793890400316498e-06,-4.92341300601677942948930195792387e-08
4.16300000000000000000000000000002e+02,7.14613877744751146071086032483909e-11,-7.06178978245834883419803207585658e-09,1.20256490725484568110446077444157e-06,3.35727139685337239493245068115035e-07
4.16400000000000000000000000000002e+02,1.76829716516509006339683404525624e-10,6.56569331943124832540524314453040e-09,1.20107437125073521232594406802659e-06,1.75008559532754213774156659001923e-07
4.16500000000000000000000000000000e+02,3.72606055168007750675336174083112e-11,-5.01669858944922649738407632987262e-09,1.19908118837029327259223603815588e-06,2.37052514802290011046261983912647e-07
4.16599999999999999999999999999997e+02,1.98879134945836009562283233156774e-10,2.87983866830777167128177673237850e-09,1.19932555090414012333175582950554e-06,-5.35649386248729996682061512916554e-07
4.16700000000000000000000000000002e+02,3.00080638119825408995236600934265e-11,-1.75190535141038485297506861886496e-09,1.20321403153681102018787370974756e-06,-3.48356638151380525940593834802768e-07
4.16800000000000000000000000000002e+02,2.06364010314524658035095092008482e-10,1.75478544687906092166105106178377e-10,1.19797100307766906012704480456782e-06,5.98135145420215558638101169841825e-07
4.16900000000000000000000000000001e+02,2.19840934602071266528787276769088e-11,2.13828697825134933330213496008714e-09,1.19440915967375802301468166863544e-06,-2.88750764965587437745468929707125e-08
4.17000000000000000000000000000000e+02,1.94839969097650617573482213312493e-10,-4.41487074733365627372646878015798e-09,1.19876655766822635556051610104070e-06,-1.50234623786284857276355498009755e-07
4.17099999999999999999999999999996e+02,4.63071555398964283597802891918250e-11,5.17953628518540107448083771553435e-09,1.19605043763826890479020540054188e-06,2.42289885270084877737530966610818e-07
4.17200000000000000000000000000001e+02,1.73802029830518818634952028053021e-10,-6.37775113432657059364927863855701e-09,1.19318104505922336520794661805417e-06,-4.13818428788109178668531369760329e-07
4.17300000000000000000000000000001e+02,6.73154816155734830550153752046577e-11,7.78527556570931733259215723903803e-09,1.19534411937407002526420066285385e-06,-1.40909605767142894617152900441061e-07
4.17400000000000000000000000000001e+02,1.36256934339408014580769267781147e-10,-8.62097753249983231706077770620967e-09,1.19356664774543659335187784448413e-06,4.24136526865363289047335948953640e-07
4.17500000000000000000000000000001e+02,1.07364529558924070152965264524402e-10,8.09363172577068301646554653677175e-09,1.19228106882007871533425808105932e-06,-9.64133283049194049380538363948651e-09
4.17599999999999999999999999999999e+02,1.05945754273463478891489307288567e-10,-8.26664642368081284764549672810544e-09,1.19179464795885043690774998084326e-06,4.65359804374600041072884457041927e-08
4.17700000000000000000000000000001e+02,1.37430589615507137556381618750373e-10,8.46999891520935579248958836178609e-09,1.18778149254967407570724200294386e-06,-1.27146825129687828307864403426723e-07
4.17800000000000000000000000000001e+02,6.41681692797358417111900044071093e-11,-7.71097460738911304544484653336552e-09,1.19029437049421485772247483697966e-06,-6.12252356327142556560754863313665e-07
4.17900000000000000000000000000001e+02,1.72173972492992113674548256876217e-10,6.03647884284597776866918513823895e-09,1.19376575746344302891735953762129e-06,3.82739313972449380142758010336034e-07
4.18000000000000000000000000000001e+02,4.38832512039776957740969060280543e-11,-5.14953672135787293011282786523859e-09,1.18608359894571021693125944669961e-06,7.49473585308965790923384116620470e-07
4.18099999999999999999999999999999e+02,1.92042929108337667888595858535839e-10,4.22262946299936120996440472903855e-09,1.18305344833226444864117415058835e-06,-4.33450315968341552831016079934318e-07
4.18200000000000000000000000000000e+02,1.90867646082252538435231190063398e-11,-2.11776715436018719063731768711219e-09,1.18763612565207092370426384502674e-06,-5.02869426348115150459817281145693e-07
4.18300000000000000000000000000000e+02,2.01786696004366403801096364591831e-10,-1.62737345258301813346203917189749e-10,1.18722430413281741236487375999789e-06,-3.29883087166625665907867994866157e-08
4.18400000000000000000000000000000e+02,2.55829880749855509246707591432579e-11,1.60956841762856322258812134808933e-09,1.18671524553969071509571967525482e-06,1.94007573920638549965391698634931e-07
4.18500000000000000000000000000000e+02,1.95774067039080110568632153801601e-10,-2.96349151431957393539729400025008e-09,1.18280583575346624184613934304083e-06,6.75674342494594699376338795685751e-07
4.18599999999999999999999999999999e+02,3.26277974282146955214355390441951e-11,5.29381520683481800628397848201800e-09,1.17754701392367793712049515331207e-06,-2.06122438989882182728167787995488e-07
4.18700000000000000000000000000000e+02,1.70882271855755782536879024107118e-10,-6.75010108601007469760926652058903e-09,1.18417495438676205578864053639202e-06,-9.49791836172618668687797549729285e-07
4.18800000000000000000000000000000e+02,6.78783623660434088231174126981838e-11,7.24531595201289119235956114508675e-09,1.18607109901311818025148754715979e-06,2.56320291611152471455385811120285e-07
4.18900000000000000000000000000001e+02,1.43517868232403604790336314215055e-10,-7.58426996699401435343308582294740e-09,1.17810832328603561449201409480095e-06,5.89679465982203465835402184477470e-07
4.19000000000000000000000000000000e+02,9.50622871118975064826339642689795e-11,8.79297226894354656906970482935495e-09,1.17735666341375321844057793146503e-06,-5.89219400858045753244701766719986e-08
4.19100000000000000000000000000000e+02,1.03161088535611370668012202679183e-10,-8.69828524683054837894748557771216e-09,1.17857489262952239999819077091484e-06,-8.19345445570747580493434058558894e-08
4.19200000000000000000000000000000e+02,1.36231111878823969158742093269918e-10,7.99892712531757902180870334974551e-09,1.17809825614459198063268331212711e-06,-3.73017976752569316827655401228549e-07
4.19300000000000000000000000000000e+02,7.49071834112944876248503582816284e-11,-7.37973536017634800325814228494421e-09,1.17947219681399785957818068517363e-06,-1.88139281568040342656981057721518e-07
4.19400000000000000000000000000001e+02,1.64719242301251868153843028097878e-10,7.32060056067063818866304097190189e-09,1.17534001180202499124484795684955e-06,5.96164040747966298537685246312339e-07
4.19500000000000000000000000000000e+02,3.84938657722586044182809896259170e-11,-5.70388718766093244668230814835798e-09,1.17229762398506019261753561121454e-06,3.40436585235747547867158391101829e-08
4.19599999999999999999999999999999e+02,1.91695659917854417568850990224281e-10,3.80363449310823781429306480950669e-09,1.17649564875096049071905623014943e-06,-3.71820432389384019834898692071818e-07
4.19700000000000000000000000000000e+02,2.83794538198301545082988584880508e-11,-2.35790607075930117385122968919369e-09,1.17441353680639963672612622597511e-06,1.86110541301177979328047116072997e-07
4.19799999999999999999999999999999e+02,2.01177908722161558380660315829889e-10,1.20834845579283581455683929790576e-09,1.17013472837548949235147619953092e-06,-2.35357233655014385960586485456000e-07
4.19900000000000000000000000000002e+02,1.68843076972947561934380824420691e-11,1.22073798549581782636791261840734e-09,1.17341353850644439327462409191182e-06,-1.85682011039006887319031842004169e-07
4.19999999999999999999999999999999e+02,1.95852970751047782619864566346741e-10,-3.40297341215641619782729973961006e-09,1.17234572797415710760634005898976e-06,5.87987398597213569522404318666571e-07
4.20099999999999999999999999999999e+02,3.75956038895351229472801716318242e-11,4.59590939766525978022662965977302e-09,1.16843119948947612041211650198537e-06,-4.11563269025289103098296542625831e-08
4.20200000000000000000000000000001e+02,1.76982310042832178328749810863822e-10,-5.64379763979048123620075728513491e-09,1.16925306688242049679040098869240e-06,-3.16513625818889379639080942447542e-07
4.20299999999999999999999999999999e+02,5.59927613261978869478888100961946e-11,7.34887764175909354544942047349352e-09,1.16735626675218469452395191518902e-06,-5.12320090241520268615252487271548e-08
4.20400000000000000000000000000004e+02,1.42527460162448487306081620181129e-10,-8.29198999940564615257715142688320e-09,1.16869804624138188061393045359914e-06,-3.10633109117255096330400388866717e-07
4.20500000000000000000000000000000e+02,9.58115778842618776117457323854326e-11,8.04607355016108281534753143599099e-09,1.17058464233861106523242563643406e-06,4.80260110358159340716064506233092e-07
4.20599999999999999999999999999999e+02,1.12006623957804080605422609786816e-10,-8.14200315216268017009031762028088e-09,1.16267167893473739851798486115201e-06,5.76660044089007736249701857115307e-07
4.20700000000000000000000000000001e+02,1.24428779990635157954028842457203e-10,8.63106488077450053026852679539533e-09,1.16122381999308374315122550882323e-06,-7.46064361825624593603588224187281e-07
4.20800000000000000000000000000001e+02,7.07042782093393744650526926400703e-11,-8.20701925183274540334814534288255e-09,1.16778581955494562953436388584218e-06,-4.93165897369267674642219796814706e-07
4.20900000000000000000000000000003e+02,1.62294182142127426854170199735834e-10,6.72347936177951452508700672521643e-09,1.16587792873329903633411996690660e-06,4.14050900081478404762181940550173e-07
4.21000000000000000000000000000000e+02,4.63056553010914463950769876590644e-11,-5.83602091300164314478345997177418e-09,1.16187083522260996782223328754327e-06,3.49762130257917274329018520442977e-07
4.21099999999999999999999999999998e+02,1.84130696436230556638851560271000e-10,4.96116790480865682111569188168182e-09,1.15988156992112619273465865721334e-06,2.11179909096054068401700850474833e-07
4.21200000000000000000000000000003e+02,1.86011417648631429811898108560592e-11,-3.06263497993504715411568832252628e-09,1.15809584750989822456728424402239e-06,-4.03521192438643975524066454723843e-07
4.21300000000000000000000000000000e+02,1.98289106233443363336028808226330e-10,6.58810255796619426369962882717927e-10,1.16299316903558571958086035950135e-06,-7.08809111234498005449369588213673e-07
4.21400000000000000000000000000003e+02,2.11964214664657995159543687019415e-11,7.47461311404676764542448993590462e-10,1.16349730051127567670014136750747e-06,4.75515354937836633362297070173762e-07
4.21500000000000000000000000000000e+02,1.94143120782682680146225192124693e-10,-2.10841812287152776232601350654846e-09,1.15469677424126123293028897985114e-06,7.08648549694413693652290452323290e-07
4.21599999999999999999999999999998e+02,2.39097562246869306651485552348112e-11,4.27956510035276110169056581217985e-09,1.15486082667392362928929377013283e-06,-4.09370789173767741679532582095394e-07
4.21700000000000000000000000000003e+02,1.74603012369860620224585051192768e-10,-6.14063547171528460907929429620331e-09,1.15926140859948825022175841127514e-06,-3.14004703152266057235825248497112e-07
4.21800000000000000000000000000001e+02,5.60458681949353826221858002813570e-11,6.76624236836356815528291506092992e-09,1.15642797230613999644819740235444e-06,-3.40258851888416379608200899306327e-08
4.21900000000000000000000000000002e+02,1.47272554592223694992729494754111e-10,-7.30917760804763529596004407546289e-09,1.15582543824280861008999935937717e-06,-7.18130233923888119856293527943804e-08
4.22000000000000000000000000000002e+02,8.14909336319223522030965515186095e-11,8.47181952630446651378385410500332e-09,1.15383464859264840175740552039959e-06,5.22214997919931764045944808091885e-07
4.22099999999999999999999999999999e+02,1.08863291579841902268663009778719e-10,-8.78440518381916725106999017486202e-09,1.15098870751135980058796076891609e-06,-5.20208187003404898916446800446666e-09
4.22200000000000000000000000000002e+02,1.23064932006930168828985460657507e-10,8.12945451821219640935607830635195e-09,1.15477506661896941932479313246495e-06,-5.30661895064841384890198850970983e-07
4.22300000000000000000000000000002e+02,7.89256723860166510652855547656259e-11,-7.70093896608647804609172854716603e-09,1.15272038453259013687784047400900e-06,1.99082244720541948573775406259214e-07
4.22400000000000000000000000000002e+02,1.51547677450104788762694178828616e-10,7.75390904477229435204283847792725e-09,1.14826405540012717160399552416250e-06,-5.33787876967867051336507898017585e-08
4.22500000000000000000000000000002e+02,4.12412434551456844703407147531791e-11,-6.57606178739681915480158507844600e-09,1.15201631686259044217317384845120e-06,-1.43850944897432245415156756912155e-07
4.22599999999999999999999999999999e+02,1.83489321033733267876929166936185e-10,4.63810626448295690896821552884182e-09,1.15081441925494644972953252622473e-06,5.49707244165250142603621968073551e-07
4.22700000000000000000000000000002e+02,2.64497308954356128421822847957107e-11,-3.16823888175438873970906999128782e-09,1.14582131652938153911597541584943e-06,-1.20923861590810911785938126352678e-07
4.22800000000000000000000000000002e+02,1.95026844047832487698207071184226e-10,1.98368816375439714586362733208859e-09,1.14737217106685625618404234114925e-06,-5.33509617127867583692414632651754e-07
4.22900000000000000000000000000002e+02,1.25086090328426514648180447542576e-11,2.34555077557911435760939106794577e-10,1.14786323215528268770262600100217e-06,7.37571040137545547936969390516694e-08
4.23000000000000000000000000000002e+02,1.94925913765407340875169228004983e-10,-2.55937169678965235826784138598666e-09,1.14706594247006285703861147471184e-06,9.91059146173775505861432496661694e-08
4.23099999999999999999999999999999e+02,2.95067036451035198230847734167213e-11,3.79836961383666701143558789716101e-09,1.14677486904985859935001288614061e-06,3.24622515754029235110921178541571e-07
4.23200000000000000000000000000001e+02,1.78362498743163848344464018334121e-10,-4.89562899114527404292193127475790e-09,1.14121730553219963059437351302337e-06,2.58094943360923621048043564030848e-07
4.23300000000000000000000000000001e+02,4.43293449698037759954480416301587e-11,6.61397824283968848333366991799214e-09,1.14070456697528431869918595947820e-06,-8.04938104428169991227952245004590e-07
4.23400000000000000000000000000001e+02,1.48642854969020587388350341643347e-10,-7.97878402311840802267121222067854e-09,1.14778583153248447969257048322630e-06,-3.47619623800223626317181064194542e-07
4.23500000000000000000000000000001e+02,8.34457545184525410086523691801575e-11,7.91654512065727102555067613769852e-09,1.14406513573625491233201902902388e-06,8.31419410960750975670248386402828e-07
4.23600000000000000000000000000001e+02,1.16924187448741289168241829431699e-10,-8.11682488752050472127154774645052e-09,1.13741444776703507759001822481590e-06,2.35058990182912485624375802618884e-07
4.23700000000000000000000000000001e+02,1.11421695766926226198791292046583e-10,8.60801802643043014384393840565079e-09,1.13904244594883204641681154002687e-06,-3.17577208492618505768039444278816e-07
4.23800000000000000000000000000001e+02,7.69830969472292272973659569854757e-11,-8.58806984901345338458174894775453e-09,1.13941765303935874731056260627409e-06,-3.48148910143811204372563334899601e-07
4.23900000000000000000000000000001e+02,1.51321572474815252259801887972689e-10,7.18649395038652346866663990530700e-09,1.14138357564084706867444165670553e-06,-3.45067302128186633240594536264073e-07
4.24000000000000000000000000000001e+02,4.95900490897239773503198985282102e-11,-6.48100953634884145337445393704428e-09,1.14058333680468541414333795922648e-06,6.20632229137679783286290027480244e-07
4.24100000000000000000000000000001e+02,1.74527122610286658733558462915421e-10,5.65951787809854635819371898276802e-09,1.13241168031495461599358758558546e-06,5.45610854805457391875595497084785e-07
4.24200000000000000000000000000001e+02,1.90030664485609215994938817904486e-11,-4.11987157702419585441491481882315e-09,1.13431161782717566924653518197699e-06,-7.06086066073030460684070309485879e-07
4.24300000000000000000000000000001e+02,1.94348274441215961913751099150737e-10,1.50590858018055693394842749689251e-09,1.13956963286936494686259679532734e-06,-3.28601672624941554595687146764197e-07
4.24400000000000000000000000000000e+02,1.70583743853091204714467996856558e-11,-8.53422260170249268790328547742051e-11,1.13483554302874812271426962151322e-06,2.90051477081671366797004907221269e-07
4.24500000000000000000000000000000e+02,1.91461433948635953491397684903281e-10,-1.37230089143925002054648948907512e-09,1.13277585915585101197301657718868e-06,5.52880536285956001170658441320881e-08
4.24600000000000000000000000000000e+02,1.66138273009104296399347098750723e-11,3.27663047140913543706614645625660e-09,1.13296440732401558063428140404701e-06,2.57436158357700330459706063501628e-07
4.24700000000000000000000000000000e+02,1.77003931236399678593142857482832e-10,-5.42811833656215901270097798696393e-09,1.13100415008497188263167825051700e-06,-5.03556654054351418297784414753241e-08
4.24800000000000000000000000000000e+02,4.49768243099944122112680598271945e-11,6.11018010855149719239461254339907e-09,1.13271068557906434005203777342695e-06,-5.18770611611235781324786228186829e-07
4.24900000000000000000000000000000e+02,1.50812673680284719995185037932551e-10,-6.86339913534316338624927157941035e-09,1.13161360927524674937900057751323e-06,1.65736933794777621149826020816579e-07
4.25000000000000000000000000000000e+02,6.74410356747380450621120643731299e-11,8.07047270663060559626834226368300e-09,1.12757060871783838421009763622431e-06,2.03425735917967687541274783987705e-07
4.25100000000000000000000000000000e+02,1.14696575395013598615485649718332e-10,-8.84143397600161337082328997397144e-09,1.13042069437747902714079505303997e-06,-1.79465775377324945777470366797273e-07
4.25200000000000000000000000000000e+02,1.09836105860758980095802590802406e-10,8.30138921405531356747291944479512e-09,1.12982756686743619816309393162592e-06,3.69968588271095756458338730944558e-07
4.25300000000000000000000000000000e+02,8.23019553592201945678308603264843e-11,-7.92096444342255914520463836798518e-09,1.12393460855906937009323282034200e-06,-1.25449118866958910325574969307856e-07
4.25400000000000000000000000000000e+02,1.37888715994216217626375637219735e-10,8.05763804026868842781691822895494e-09,1.12663202088927150307380384967052e-06,-6.51639544127575073951367804534498e-07
4.25500000000000000000000000000000e+02,4.44273855940282684187311729544039e-11,-7.20759624053428269690643290409888e-09,1.12872487202218126344045577567165e-06,3.14954819763212408920080170165096e-07
4.25600000000000000000000000000000e+02,1.73273503905748464923092532348510e-10,5.45283713939298729661936531952695e-09,1.12482209291515596702376889336865e-06,3.60465871390677447962010889045287e-07
4.25700000000000000000000000000000e+02,2.53700349630379775852485652922295e-11,-3.93691047938946132605672813860452e-09,1.12380717778055613736458064763257e-06,-2.32953458210278852320256179680403e-09
4.25800000000000000000000000000001e+02,1.87337221605333422151603928462929e-10,2.92451414734979028887263598399682e-09,1.12103158301158104280590784637348e-06,-1.07459751216883726667112748801604e-08
4.25899999999999999999999999999999e+02,7.86734126833239602639754063772971e-12,-7.02797408011260636966156632935106e-10,1.12150682918662360045530306936605e-06,-6.73412136748075053493480029148848e-07
4.25999999999999999999999999999999e+02,1.92813235599071449483918086526778e-10,-1.61857332350160778992030789273913e-09,1.12712281080085794426370468257954e-06,-4.15603933635479454936694808482340e-08
4.26099999999999999999999999999999e+02,2.14910622967880886439154425381395e-11,3.18360041606690718811098063741586e-09,1.12154570398801587600771638755262e-06,9.55757076307601151405839449139625e-07
4.26199999999999999999999999999999e+02,1.77792603275692657169510045093717e-10,-4.03950539158366442986441587146395e-09,1.11495177673057269652192050499947e-06,-4.06914351232146573709521629810076e-08
4.26300000000000000000000000000001e+02,3.33511426710825191422775629773270e-11,5.92866855165022453218294804112142e-09,1.11931181248837582533748467472739e-06,-6.77404935308643600638197972767194e-07
4.26399999999999999999999999999999e+02,1.53276439152258243944007002234736e-10,-7.30838947574444623916830450528293e-09,1.12117322562102913635203038777523e-06,-1.48545073618212800010364219996124e-07
4.26499999999999999999999999999999e+02,7.03408890002296445159195320381096e-11,7.77413449433213146012094083095330e-09,1.11930397910836253853171267997595e-06,1.26376628363107057331203864299977e-07
4.26599999999999999999999999999999e+02,1.22007946829475046457593012018160e-10,-7.84732096958058789124490632812979e-09,1.11737725372840941298794087520976e-06,4.90034954545848366158167098777213e-07
4.26699999999999999999999999999999e+02,9.77641490299773452506730870786685e-11,8.76409228806559852278554006920679e-09,1.11240479770226210306501436381172e-06,2.32228288894315243886721964959809e-07
4.26800000000000000000000000000001e+02,8.29848417401164561657289092098905e-11,-8.77013931300601012115134526391187e-09,1.11449820035743463145147398774618e-06,-7.69925980902431618467765029359085e-07
4.26900000000000000000000000000001e+02,1.40251804525800205337231695483530e-10,7.76943720280709190777780100923489e-09,1.11950174495946802457529099758706e-06,-2.52690089201637231215485239761012e-07
4.26999999999999999999999999999999e+02,5.31971571140968289467420807981692e-11,-6.79576386444130183647713466094442e-09,1.11353581307690444156573801513546e-06,6.19705389719067952535561750440656e-07
4.27099999999999999999999999999998e+02,1.64452807037327554785332255120029e-10,6.37005602239759346024014847810034e-09,1.11024565905651753737013730985951e-06,2.15175664557325474125072624330756e-08
4.27199999999999999999999999999998e+02,2.13660669899801481250357541288036e-11,-4.89528474227906549378918209384297e-09,1.11341747064322723217796239480076e-06,-7.80287541036508322378966372284696e-08
4.27300000000000000000000000000003e+02,1.89284380451936041557240239385676e-10,2.58896906222219018180485651098328e-09,1.11118129256766026922888874719921e-06,1.05535106552068639622475123700422e-08
4.27400000000000000000000000000001e+02,1.45908796335943721117915464459716e-11,-8.72649216135469671098686530801198e-10,1.11095629776941324418133904554072e-06,-4.49642925256233543826622198340024e-07
4.27499999999999999999999999999998e+02,1.89490996393435371581224741036887e-10,-4.17364338622442295757282897081878e-10,1.11121470549197035027081338266052e-06,1.91327429313253720698222226962311e-07
4.27599999999999999999999999999998e+02,1.09332943604160971777940993196074e-11,2.44676327454015539565712884192660e-09,1.10734144932104928547103924045664e-06,3.42320534462727277786744339657544e-07
4.27700000000000000000000000000000e+02,1.79691155376138206335612747361518e-10,-4.61915824900520289897205939556633e-09,1.10935391096535029693842728499798e-06,-2.47877450828966408089597412718984e-07
4.27800000000000000000000000000003e+02,3.62239253822200874828298118068497e-11,5.57295190053218932485727169103665e-09,1.10874582849730676190350578577507e-06,1.77536464647872715373240962195515e-07
4.27900000000000000000000000000002e+02,1.54767935082184819342517264082400e-10,-6.23651401364222146313741284363651e-09,1.10351205332870569918883091879561e-06,-1.27745614213443040143875056807399e-07
4.27999999999999999999999999999998e+02,5.57731932920496998889872106411211e-11,7.56189217744162977544426267583591e-09,1.10680352397514688065283173993548e-06,-5.43092727733670518115008746985154e-07
4.28099999999999999999999999999998e+02,1.22246406211175357575764126127125e-10,-8.62287812105783930139920746674615e-09,1.10883310327519210946221914283214e-06,4.52041463405628533114376776846997e-07
4.28200000000000000000000000000000e+02,9.72110328963494210096975674999395e-11,8.42154705475929163197453041659923e-09,1.10308492596043641330068773739027e-06,4.57038855120590867305130947416853e-07
4.28300000000000000000000000000002e+02,8.78366960147388206382860071851133e-11,-8.14026218074918221382919494557265e-09,1.10153103318546490685911106787946e-06,-3.28483750621441752909728264783427e-07
4.28400000000000000000000000000002e+02,1.25962332457268646823601044923282e-10,8.36797253962940414349965673214434e-09,1.10244890222425599459918470356172e-06,-2.45055040868302793646001264433040e-07
4.28500000000000000000000000000000e+02,4.91777052609245429071612989813639e-11,-7.77451567890199671853059063021187e-09,1.10292054385237601768357252131415e-06,-2.67587817769074439284759665925943e-07
4.28599999999999999999999999999997e+02,1.63885067395275391922883671219094e-10,6.10632996994637599256934626221578e-09,1.10505505238791481950419625423931e-06,1.67572347007451402035530009981414e-07
4.28700000000000000000000000000001e+02,2.64875307569123602151884523343096e-11,-4.62899750327174354608056429653960e-09,1.09979837694392474409863567346785e-06,7.96137574186136267381027961662780e-07
4.28800000000000000000000000000002e+02,1.79550516877915533628988278699847e-10,3.70777757617686261078932734613471e-09,1.09415542753272173898230802441798e-06,-2.83640452230829161374520936263473e-07
4.28900000000000000000000000000002e+02,6.13546950576753000965420460571872e-12,-1.75997715519849565653660731114150e-09,1.10067378902818984102495803301412e-06,-8.74927436243720233937359450873133e-07
4.29000000000000000000000000000000e+02,1.90482020095668268781404427933452e-10,-6.35340386333172891194138573274712e-10,1.10261695450938840076287193044277e-06,2.40198731476363377899782611295388e-07
4.29099999999999999999999999999997e+02,1.43989892849408609421692744883231e-11,2.36002457493152358410488672545130e-09,1.09651817698134438867074332539738e-06,4.33241356330079782430543346159231e-07
4.29200000000000000000000000000002e+02,1.77754405011069471273204115891507e-10,-3.32668883408329875679867223321419e-09,1.09541673162861686071814414580263e-06,1.50485797722525073593310706530654e-07
4.29300000000000000000000000000002e+02,2.38658279344623011565168597355618e-11,5.16144679385553277554484995479822e-09,1.09375690902859425903191427295507e-06,-3.10635956822406616583243753248302e-08
4.29400000000000000000000000000001e+02,1.57235604675104579852520667818578e-10,-6.74048681731410850548548376435745e-09,1.09539177222930014494225672217343e-06,-6.74936501862105929749743583878839e-07
4.29500000000000000000000000000000e+02,5.82244554171357135807192301435065e-11,7.37993226129588187506112421473655e-09,1.09890626352779248438606179281043e-06,-3.17427712317833994721490779275657e-08
4.29599999999999999999999999999996e+02,1.26688682579104344815170379995936e-10,-7.55054550323250049007776650465659e-09,1.09224114593322837852897509690496e-06,7.35694833856039395281780183662749e-07
4.29700000000000000000000000000001e+02,8.41449729624153455877662940049204e-11,8.58107853324312478652014705700487e-09,1.08941051693011216844511467032944e-06,-1.09125480284456614835942113343145e-07
4.29800000000000000000000000000001e+02,8.99298030740374538095720567327400e-11,-8.97940616037451233794857932981340e-09,1.09409875391303307076539512540293e-06,-3.13721634951383545467560531884900e-07
4.29900000000000000000000000000001e+02,1.28055932940569777790395477198163e-10,8.22791248134454696121277092302169e-09,1.09180712744253336599843715866631e-06,6.77491977402470980042843711078813e-08
4.30000000000000000000000000000001e+02,5.67431671964546618120444233195651e-11,-7.29607843247769509883796691111166e-09,1.08976978620594214769802777299793e-06,-2.37351305815147706381716082148986e-07
4.30099999999999999999999999999999e+02,1.54281692648625939959204392878274e-10,6.87614655613324336314207199727587e-09,1.09088864486821718470863237530080e-06,1.23333280960628619816014606930783e-07
4.30200000000000000000000000000001e+02,2.41989457455611485226448815085871e-11,-5.65772038660031275580316299062437e-09,1.08823051639844270353056554295953e-06,3.85209099035345055305134975944884e-07
4.30300000000000000000000000000001e+02,1.82810269268974313044939095018624e-10,3.41838636413305163697090915645024e-09,1.08811036738699501054372550944659e-06,-2.54761384113834407063064560478187e-07
4.30400000000000000000000000000001e+02,1.32111309959433672253283150084304e-11,-1.74017182654082384748062771889145e-09,1.08832857191230691309121332356446e-06,-9.01576752964609304872552329432690e-08
4.30500000000000000000000000000001e+02,1.85862102145698160489810982907183e-10,4.54902766059686462478475138972160e-10,1.08454738417938237696516626672857e-06,1.12870725069518307277543515369954e-08
4.30599999999999999999999999999999e+02,6.38261978022536287668491127823436e-12,1.36502083029039416792489635821902e-09,1.08686685200817498932702120051860e-06,-3.73823191793737877940901642067148e-07
4.30700000000000000000000000000000e+02,1.81968887524290006324127330239333e-10,-3.79348257460245088608718543473437e-09,1.08883666942129739805457095083401e-06,4.60028698665140492967306047396377e-07
4.30800000000000000000000000000000e+02,2.73497209874274160532807256468442e-11,4.89983808844889893143145458425090e-09,1.08159251841490562026719255007721e-06,4.58253875370646817122334957399883e-07
4.30900000000000000000000000000000e+02,1.58103642948620472770189498417425e-10,-5.77471835214083933817687827315611e-09,1.08087268552267290951598715574225e-06,-6.59444611830934260629995882591075e-07
4.31000000000000000000000000000000e+02,4.53214718034615463172948509320186e-11,6.93388412239104506371461955912759e-09,1.08497937391996995535057262988303e-06,-2.63587178105195410297236116781723e-07
4.31099999999999999999999999999999e+02,1.29131126617066625004458281284124e-10,-8.37919232120219833216509440656975e-09,1.08364964357384309534177429898655e-06,1.73828199704128325084092025509906e-07
4.31200000000000000000000000000000e+02,8.48605260156946574427247804912422e-11,8.25523972167715594143171584448270e-09,1.08279331968725886665761156265837e-06,2.28152559413812703442505574901957e-07
4.31300000000000000000000000000000e+02,9.38189821952755557808364083025868e-11,-8.29191549603072097960021595908758e-09,1.07871858871745351878621755216615e-06,4.85354846888439838081567835392658e-07
4.31400000000000000000000000000001e+02,1.13301803038291451397486461242027e-10,8.47140626800294288067194318760253e-09,1.07555201972532534367951490272183e-06,-4.94443583401623120889933927564382e-07
4.31500000000000000000000000000000e+02,5.51703942925741509147650925880670e-11,-8.42620614118332643562174945150295e-09,1.08246601389248356122371339321294e-06,-7.56337034175036648052854420640305e-07
4.31600000000000000000000000000000e+02,1.54111924363622073687040590832228e-10,6.70883511110797178729283734357564e-09,1.08265418385201131355857990454401e-06,5.61517897646720918693511154568482e-07
4.31700000000000000000000000000000e+02,2.76644991630331737909472048625062e-11,-5.38719085325521737463478733356829e-09,1.07453879457030562820565186714697e-06,5.35477733147963315199575663607368e-07
4.31800000000000000000000000000000e+02,1.71337137440994263160181788685456e-10,4.27625317479411323489514134590783e-09,1.07449177412546424220441080315682e-06,-2.24041582064100742143909004745842e-07
4.31900000000000000000000000000001e+02,5.61045255227077166669051344930777e-12,-2.76747669107794009246298115699668e-09,1.07649014086457838935065476294965e-06,-2.61762366929211536048461735050746e-07
4.32000000000000000000000000000000e+02,1.86456344992181356274690891903060e-10,2.49399615295226270276850826724201e-10,1.07650319866497874122930495550064e-06,-3.28550702764594074232189454657307e-07
4.32099999999999999999999999999999e+02,8.47682974633296953322962608777044e-12,1.38518257151780097071156840105448e-09,1.07724923617498048834345187412426e-06,1.17606341668505369997798128855530e-07
4.32200000000000000000000000000000e+02,1.76355097790925723415452861172317e-10,-2.54091886158810325034376299243231e-09,1.07220090422687487166219472781120e-06,6.51027799663917388615862638344817e-07
4.32299999999999999999999999999999e+02,1.43372070447580773278951787003818e-11,4.22812665749985728473084303453432e-09,1.06963340748748033175822272978116e-06,-1.99529459710344447108107869230555e-07
4.32400000000000000000000000000002e+02,1.60635108519353034149943120216778e-10,-6.16624230648634207872986413017935e-09,1.07512320186604424087818413439044e-06,-5.11217582982184596956207231079121e-07
4.32499999999999999999999999999999e+02,4.57252597289802152685363439644076e-11,6.98632824706300026875214832447938e-09,1.07280478134687455840043300706499e-06,2.27566341156031038858420339766010e-07
4.32599999999999999999999999999999e+02,1.29772711838430940716602340821349e-10,-7.26829289987541158320678410419427e-09,1.06872441700061286509579740802707e-06,-5.46939260034652124089590168006357e-08
4.32700000000000000000000000000001e+02,7.04421874295485143182311808744173e-11,8.28202272842745391503409810274129e-09,1.07144783828466952191027945821798e-06,-2.92118018393605184125818961052563e-09
4.32799999999999999999999999999999e+02,9.57851370885323680998236350927202e-11,-8.95997308570901244204766006455027e-09,1.06926835442736690211818362944560e-06,4.10397586454694112635665147653770e-07
4.32900000000000000000000000000004e+02,1.14204601701111519124320171914959e-10,8.53646298388397578895846767133098e-09,1.06739915606526402491231007557707e-06,-3.06468304711019763985830259060764e-07
4.33000000000000000000000000000000e+02,6.02797848863183168670429787752065e-11,-7.66502561672451659027458620790301e-09,1.06882545494425323159496972366251e-06,-2.48960957351914508720597066041514e-07
4.33099999999999999999999999999999e+02,1.42007755353225073450036398146029e-10,7.45960079750849127843837321274379e-09,1.06607039194484939522478317019666e-06,1.51639661855430446339925274991769e-07
4.33200000000000000000000000000001e+02,2.65055179190981897659287230269810e-11,-6.36834954046735899339641218867061e-09,1.06733939923489233885347628121735e-06,-1.65782539274228760608349810543163e-07
4.33300000000000000000000000000001e+02,1.74928853606697117204031063042773e-10,4.34404241753769633376237934217006e-09,1.06812591717928036118907574299724e-06,3.91828388966775433833099588429524e-07
4.33400000000000000000000000000003e+02,1.12897140215980042568660185056542e-11,-2.40244825974063609935942562526845e-09,1.06139752975531934104380937388275e-06,2.74291255120914394336942175936616e-07
4.33500000000000000000000000000000e+02,1.80177166228868822818241888190304e-10,1.34232400510967544776384247778660e-09,1.06195482663948323830086985671417e-06,-7.74329741991746465199430187619617e-07
4.33599999999999999999999999999998e+02,2.51125164761108703347646121288824e-12,4.77725822064957173440882135593015e-10,1.06717772393793273360348329509037e-06,-1.88402065658627104987716996142150e-07
4.33700000000000000000000000000003e+02,1.81905144455893769976392417410193e-10,-2.70855012986688410325662881553378e-09,1.06422237300532459069426767856374e-06,5.60751244740352933568129952895776e-07
4.33800000000000000000000000000000e+02,1.86844968319424494929882456853491e-11,4.23420447274091142424321338030624e-09,1.06035628557452501117540195171239e-06,1.85354362249502788421040587696982e-07
4.33900000000000000000000000000003e+02,1.60835623392916197929141411647968e-10,-5.00535209684090007263138253176758e-09,1.05927424022572324506846990467994e-06,5.33126699803915429679078206946617e-10
4.34000000000000000000000000000000e+02,3.44968713590376676742565908095906e-11,6.45880177151440743397080847477627e-09,1.05872632146732022120398994387878e-06,-4.60366632551149140855731678442902e-07
4.34099999999999999999999999999998e+02,1.35522386658120799928115057036902e-10,-7.93630549643596416427615235714597e-09,1.06330367306210177083674545997399e-06,-4.86777311676943650759057236516288e-07
4.34200000000000000000000000000003e+02,7.30769941446734239994767029422977e-11,8.26655802889682606022542248635615e-09,1.06224782217391344917120350949588e-06,7.29262212856313706308397932755983e-07
4.34300000000000000000000000000001e+02,9.94850622915488317552600777187579e-11,-8.14622792137517948189534536592103e-09,1.05338968862460669895737337782919e-06,5.01901100842577785924768684250850e-07
4.34400000000000000000000000000002e+02,1.01180401195139543118969356397921e-10,8.59022053705115183981470800245676e-09,1.05528082118614284753842784979720e-06,-6.40741198208678965383718632308058e-07
4.34500000000000000000000000000002e+02,6.23496986670720750199993715984819e-11,-8.68743076586142015781279202902755e-09,1.05994037633329079132199681778431e-06,-2.72245635193795400963830803603402e-07
4.34599999999999999999999999999998e+02,1.43653588838833910556167664930566e-10,7.41590910890134031673121093315895e-09,1.05681734057238584612121785600622e-06,6.43237048446605417739003254335379e-08
4.34700000000000000000000000000002e+02,3.09575175013624805370789368308899e-11,-6.00467793313327278998090779188665e-09,1.05584977371711612038367730293536e-06,1.59526113330987712058006640975254e-07
4.34800000000000000000000000000002e+02,1.63620052616693964291041321634732e-10,5.06527930444922290814493202190919e-09,1.05295435075241023045036079549828e-06,4.73158802880235665692790858588214e-07
4.34900000000000000000000000000002e+02,6.50612641920104112151932509429589e-12,-3.59449607387368954715445020360574e-09,1.05126740051528611614356420965396e-06,-3.17893612026836154810262790310046e-07
4.35000000000000000000000000000002e+02,1.82919198431182505824946877826262e-10,1.20168843398363413078027474672955e-09,1.05627553800141185084608451478840e-06,-5.15896296583130683518749949919025e-07
4.35099999999999999999999999999999e+02,4.88447503285164199904143251709921e-12,6.18035630496451197225376052522599e-10,1.05342147857380775670574115491408e-06,3.36660390570415654084814032173106e-07
4.35200000000000000000000000000002e+02,1.75003486382924362379453038030654e-10,-1.67013258891219911940805986570986e-09,1.04888821620585908401363417649801e-06,9.08899372669821229459903475578540e-08
4.35300000000000000000000000000002e+02,7.66312574966258031035612356283152e-12,3.30559241051243141069018952176166e-09,1.05210472631128465261427748992178e-06,-9.22835072052415809865273617387698e-08
4.35400000000000000000000000000002e+02,1.64347470467670403912989058746245e-10,-5.32237889961840062742857342576509e-09,1.05079411944284439331815754748734e-06,2.94282391809994517058204733348716e-07
4.35500000000000000000000000000002e+02,3.45281867197089166810938191662606e-11,6.49531376901976803751623685510936e-09,1.04756960841712853197834801140543e-06,-2.59901111492528942311757568166398e-07
4.35599999999999999999999999999999e+02,1.34510943602508852721765915487432e-10,-6.90464811273536163330664789746952e-09,1.04950517960806857060878488956441e-06,-3.67291618554751003275317839483134e-07
4.35700000000000000000000000000001e+02,5.82279588908489129552146919662966e-11,8.03703322633043776121089765376235e-09,1.04854403291815996924437356641786e-06,2.97404220560191258276575698830240e-07
4.35800000000000000000000000000001e+02,1.02196302000985132429486108840253e-10,-8.89188648263325904005537054127352e-09,1.04737983674408939396226848000049e-06,9.00184921191841053846876042182731e-08
4.35900000000000000000000000000001e+02,1.01593295795989422990836808144451e-10,8.73436797402785504779159583792812e-09,1.04758445257308555772290355501523e-06,1.17865752107649743060639991287262e-07
4.36000000000000000000000000000001e+02,6.49608694120355634254564280952605e-11,-7.88514614747474831843055828176513e-09,1.04292339492089955058097534006817e-06,1.07456259788942968742935762146257e-07
4.36100000000000000000000000000001e+02,1.30002139779742441103155143213325e-10,7.84079166873846299612645983221920e-09,1.04371150472921897934376893138696e-06,-7.26293783612996378298642825669983e-07
4.36200000000000000000000000000001e+02,3.08958476129284213967100430867944e-11,-7.00844291460629909014349125618268e-09,1.04925188298618834168594591452911e-06,-3.77721487871022855935383820296079e-08
4.36300000000000000000000000000001e+02,1.66142008198241809431100275651242e-10,5.25774530155814576639061719277616e-09,1.04403410822358081249370893192166e-06,8.53632300839290430777425958593782e-07
4.36400000000000000000000000000001e+02,1.05856808655545029989259415361490e-11,-3.21264320622903281514820884429671e-09,1.03905795768419829624521770634171e-06,-6.87541293764557791709223248562832e-08
4.36500000000000000000000000000001e+02,1.74863110723110788280094623885958e-10,2.17557550371747873392989245132075e-09,1.04164418362801689926120411204866e-06,-3.94905677931741688926639577316279e-07
4.36600000000000000000000000000001e+02,-3.34070008109392739829788438704844e-13,-3.97039876745396860675382566930042e-10,1.04213011086239387141588502812750e-06,-2.68185528757859900490665351597305e-07
4.36700000000000000000000000000001e+02,1.80845695667253170601158083230666e-10,-1.76064582918095270607289241297511e-09,1.04368368977308945254188427085979e-06,-1.34102891076341711765499778846036e-07
4.36800000000000000000000000000001e+02,1.15242644061198324302617412105806e-11,3.47866701957690325488945788459220e-09,1.04121726434461895698329893637716e-06,7.46162234821089312938752991283882e-07
4.36900000000000000000000000000000e+02,1.62618786093778846317507926010442e-10,-4.23237252434820616123870152158813e-09,1.03412596457397364628456747548591e-06,2.44295294986227283366732547283697e-07
4.37000000000000000000000000000000e+02,2.48509129099866393665995786527880e-11,5.73344893017591162633498855711227e-09,1.03769601596495072754004990111297e-06,-8.54448320570147061917056246746671e-07
4.37100000000000000000000000000000e+02,1.41990287934262950332635096739817e-10,-7.40769287379505846823118132134501e-09,1.04256313927499913947054786237523e-06,-1.68184676938054655630667460646307e-07
4.37200000000000000000000000000000e+02,6.08346399041958327524199390205592e-11,8.11506566514811533418553624166756e-09,1.03721503599028781666085150628519e-06,4.28386972590037239229481441903309e-07
4.37300000000000000000000000000000e+02,1.05537693727961299856280315741213e-10,-8.12649953512742008006960895916591e-09,1.03465763475188361009886833074066e-06,1.41928884055690732938398916812806e-07
4.37400000000000000000000000000000e+02,8.98853375592560378844114545000048e-11,8.59600561192859388217768769343071e-09,1.03503733506027094051712371108187e-06,1.24515958738914911363048626026387e-07
4.37500000000000000000000000000000e+02,6.95399975366963968849447596254763e-11,-8.92110273718734198337423383319680e-09,1.03405451676157221127266365868610e-06,-2.86572118722701535636414887887130e-07
4.37600000000000000000000000000000e+02,1.33031888216071310068591811583402e-10,7.84321169201506505005455899447352e-09,1.03664029126590322290955584379285e-06,-4.38537287312661636719555915155763e-07
4.37700000000000000000000000000000e+02,3.54695909594639572249278680570818e-11,-6.59111171061890725168214893057360e-09,1.03462908663495804081656117712073e-06,3.92194836742029276303904589032988e-07
4.37800000000000000000000000000000e+02,1.55153041143503492559369309610509e-10,5.66388487435209323210557858939332e-09,1.02971949420596641673601273369460e-06,2.46197194348152013895102507347284e-07
4.37900000000000000000000000000000e+02,9.39866547150032132662079172387643e-12,-4.56389152848492386824521209476675e-09,1.03322393645798989667570874067187e-06,-2.70825218105830221679177759953870e-07
4.38000000000000000000000000000000e+02,1.78854605040479346676335245957195e-10,2.13112616200622734277365539528729e-09,1.03285618203210220008245207400300e-06,1.91931059325912548793898604863203e-07
4.38100000000000000000000000000000e+02,2.01424291231657478169157848441958e-12,-3.28206865464865665540222878364654e-10,1.02809261303091098919066169470770e-06,-1.97485721717249766266709003468493e-07
4.38200000000000000000000000000000e+02,1.73854714952690566087931886475086e-10,-9.99405961738499687716634534900142e-10,1.03109789581594236589313371062838e-06,-3.94840473556721257715607812876227e-07
4.38300000000000000000000000000001e+02,2.76305999455953807932568872738204e-12,2.32992853609621158343858343276194e-09,1.03087354913248812870879733513992e-06,4.77669140441808927236633287730269e-07
4.38399999999999999999999999999999e+02,1.67172566463350402587719466306853e-10,-4.59864933407232615051812384859410e-09,1.02757476801103565516637523932144e-06,1.87607176495020162764358025658343e-07
4.38499999999999999999999999999999e+02,2.48027542760822416173067659639406e-11,5.73344510827307690482533996404511e-09,1.02786859877791124944710156314057e-06,-1.78351589359780869746073001986399e-07
4.38599999999999999999999999999999e+02,1.39100999322084767365349000546023e-10,-6.52047127563291785538741658785877e-09,1.02537821861839952095629761581384e-06,-5.96376361513969122493941233649394e-08
4.38699999999999999999999999999999e+02,4.64994023904431484152527919255984e-11,7.47931344629020968835557483016925e-09,1.02643832522115642473845256905136e-06,-4.85749104430717250970650176215690e-07
4.38800000000000000000000000000001e+02,1.09432602064493168816825597214294e-10,-8.88114080648616935534166958672892e-09,1.03016155253076999166950720452711e-06,1.84888897777774498047743916247534e-07
4.38899999999999999999999999999999e+02,8.86843021272551265246776030919984e-11,8.78805619270564577663951643211994e-09,1.02404210924884876681094648197212e-06,8.29684196858443373973352519896663e-07
4.38999999999999999999999999999999e+02,6.94730002497607395516882971640098e-11,-8.26712692695112754948952331377297e-09,1.01968470687901169844450919449024e-06,-3.23924921109927568841810817783039e-07
4.39099999999999999999999999999999e+02,1.18265797963734932778492474197049e-10,7.98337006841869418622598950339245e-09,1.02466150974785092579783690573895e-06,-6.72662657196379287308139632583238e-07
4.39199999999999999999999999999999e+02,3.55566490396136190139694933517142e-11,-7.60539778243671486125080617879413e-09,1.02576973179492603447447905144757e-06,6.97149972993810358976433741874360e-08
4.39300000000000000000000000000001e+02,1.55808025175880136762555056574814e-10,5.89446913999303030720595295396142e-09,1.02305193460016604280076245574993e-06,2.52949760224069668415811783784098e-07
4.39400000000000000000000000000001e+02,1.07571257247609995704102129657385e-11,-4.09873972623807004220708611213917e-09,1.02076552946166988665263549821281e-06,4.47871677953999055995524757810845e-07
4.39499999999999999999999999999999e+02,1.67570842300314305775489647737374e-10,2.93807900377762726141656282719076e-09,1.01704848384970018507057457406823e-06,-9.54480886482495153219656783706098e-09
4.39599999999999999999999999999998e+02,-2.95985269221526157087207987685056e-12,-1.45231602916611956365192920962680e-09,1.02041309717734328311654800203534e-06,-8.77625286187631498863770950253959e-07
4.39699999999999999999999999999998e+02,1.78465915594312019248638657692800e-10,-8.32585932588047178184821652529363e-10,1.02469677281220085990911913279317e-06,2.55565354851934168643074837344842e-08
4.39800000000000000000000000000003e+02,3.60173399197974876005696223021313e-12,2.67626372202776100820808492645825e-09,1.01735637412261898277597600183107e-06,7.38137542818777590171605427752601e-07
4.39900000000000000000000000000001e+02,1.62391356510450399137477474139685e-10,-3.57364779560536369034361667649413e-09,1.01469138188168561919168851246923e-06,-7.31447861460820402048349807040479e-08
4.39999999999999999999999999999998e+02,1.53780074868218186802232682279509e-11,4.96891704496327233926493588579552e-09,1.01840001547353735658820297532354e-06,-1.77882490553042053369357932961860e-07
4.40099999999999999999999999999998e+02,1.46071313840839112292758905643331e-10,-6.74961362328533516899596633274838e-09,1.01675654782696033404429856662858e-06,-1.74478568491007043118868918416575e-07
4.40200000000000000000000000000000e+02,4.76934641827028199679832651306231e-11,7.77566804331789721353021213314599e-09,1.01714008619075162317070918951671e-06,-2.84465216766840172963710532900722e-07
4.40300000000000000000000000000003e+02,1.10500480859140235710125176875643e-10,-7.92620956611788466762395828893338e-09,1.01589426105305034758585581429808e-06,4.41501977106439597532973896057066e-07
4.40400000000000000000000000000002e+02,7.67241689586418438096163810484720e-11,8.58361828499261531957351655313943e-09,1.01171106031430414174808279769439e-06,2.42187631802930749332921309550362e-07
4.40499999999999999999999999999998e+02,7.59746823686152857246146794657419e-11,-9.07954908192908629258814664406937e-09,1.01490135004426710037816825044121e-06,-3.83067698080569316552801138208587e-07
4.40599999999999999999999999999998e+02,1.21105882303651079203486954182213e-10,8.35681187401207006070438548843483e-09,1.01463661972949517213592095137403e-06,4.99879861104493763661345183393515e-08
4.40700000000000000000000000000000e+02,3.88385809172686983048517485969768e-11,-7.00086597659340834651816372326045e-09,1.00993644770748676184269248091368e-06,-7.82219252280159258757370001299032e-08
4.40800000000000000000000000000002e+02,1.45316285132012131991931590064798e-10,6.22574805377265440800507731791737e-09,1.01274343358338435699375362660298e-06,-2.65118209854630295321086862946664e-07
4.40900000000000000000000000000002e+02,1.25691583602399875174094452595191e-11,-5.23627207881234782791191206852612e-09,1.01323064921305731677493138487290e-06,4.82385636436998492579120221951286e-07
4.41000000000000000000000000000000e+02,1.72486694958539161332439282507301e-10,3.16577060903516442406537125155457e-09,1.00842122985246218794162896802911e-06,2.23498040030025011836907265453780e-07
4.41099999999999999999999999999997e+02,1.35932758646135003359746271444260e-14,-1.19347083496092662192696964563196e-09,1.00859455926850898369581677117615e-06,-4.90576060995433325635116015072783e-07
4.41200000000000000000000000000001e+02,1.71506772146903304941140661697197e-10,-4.56058163049570797353627974260602e-11,1.00927507479821920385165544774541e-06,-1.28596168931932951796489583490344e-07
4.41300000000000000000000000000002e+02,-1.98630265756563402574432892656708e-12,1.47302474569464290798696795486016e-09,1.00891207386159902806117406925542e-06,-4.45672875084566508694938221842415e-08
4.41400000000000000000000000000002e+02,1.69516298416970294399200038664363e-10,-3.69965076090741991522936144286106e-09,1.01040102892172298767980389245894e-06,2.29296981248395034764412144041382e-07
4.41500000000000000000000000000000e+02,1.59899261228811071239573924750446e-11,5.18904340368122802171738769699801e-09,1.00508064236008380918094641651237e-06,6.20047724756822578921072228478342e-07
4.41599999999999999999999999999997e+02,1.42911196924531407017813828620530e-10,-5.94281115325013365482968790460494e-09,1.00168166389632289914705131479900e-06,-5.48652968021515869212782116638475e-07
4.41700000000000000000000000000002e+02,3.61988943852809701234001716449210e-11,6.98961633939761452904833080698142e-09,1.00851956975597235592352579282407e-06,-7.31621276811431776021988680786352e-07
4.41800000000000000000000000000002e+02,1.16781897635686576493342836559123e-10,-8.48469315797306051265550322282133e-09,1.00836447684688344559585892081416e-06,5.23117244676737036580762513665927e-07
4.41900000000000000000000000000001e+02,7.59918915499418774899476168049253e-11,8.83370612036677747695096462468097e-09,1.00238197538736134474159199388642e-06,4.06805660069308236965125115007284e-07
4.42000000000000000000000000000000e+02,7.56715105214037818589237026495830e-11,-8.41709586602597437635774957441410e-09,1.00177659233823074688563402576292e-06,2.56512074624389623641081166594625e-08
4.42099999999999999999999999999996e+02,1.06828724354642918801347592157310e-10,8.29803708744635481322410440417234e-09,1.00106188285106976339123236827632e-06,-2.30809263450934056006314829114348e-07
4.42200000000000000000000000000001e+02,4.11827798794880420805905827682002e-11,-8.04321964289432311883279816552156e-09,1.00361817808781050948879519700893e-06,-6.63236296426723340445018697145041e-07
4.42300000000000000000000000000001e+02,1.46236477504925342042397756424858e-10,6.59602209762491547853558822710072e-09,1.00555576644649789906863644424552e-06,2.94234986205588730301779469735525e-07
4.42400000000000000000000000000001e+02,1.24859227716566930207688834450868e-11,-4.73500197369488600609946024994604e-09,9.98192896852572345990618635130133e-07,7.61624997179153749473086452831995e-07
4.42500000000000000000000000000001e+02,1.60186591751515373323036184867966e-10,3.69391295915539590019261193010080e-09,9.96499903099735004107933596238261e-07,-3.00623137574847613671195676426036e-07
4.42599999999999999999999999999999e+02,-3.14186925633915597035752605580686e-12,-2.34893827595770516583157749386195e-09,1.00178437716047820940293122789644e-06,-4.24689478949056021366662640029083e-07
4.42700000000000000000000000000001e+02,1.75327203559640906643092886676198e-10,2.70128645601500087004254444134888e-10,9.99834144498530544272616882609779e-07,3.53551284898956212943076305742573e-08
4.42800000000000000000000000000001e+02,-2.56983388534154007610305912855134e-12,1.81445777930111101312558564886929e-09,9.97404454492945310257078500769945e-07,-3.14855048338190593059973685293129e-08
4.42900000000000000000000000000001e+02,1.62830803543928393773755155011191e-10,-2.76375831319260953843125222065996e-09,9.97763714311788443010643972374647e-07,3.01034833871874852182679413902067e-07
4.43000000000000000000000000000001e+02,6.86891295653354186649572276583750e-12,4.29084621520042640692052798205669e-09,9.94953695239388437353939658874962e-07,2.12379745901627181124644528138786e-07
4.43099999999999999999999999999999e+02,1.49934816261696503799886189001655e-10,-6.05948489699612868829639106263105e-09,9.96298614082901716586632984029663e-07,-4.70857479772776368024385437066608e-07
4.43200000000000000000000000000000e+02,3.60503224615253808836033123042035e-11,7.43812809218912089197781952922822e-09,9.97037784053724649537678356773324e-07,-6.20292534119152641433746716557730e-08
4.43300000000000000000000000000000e+02,1.15334123024454202450487504476714e-10,-7.56339194080679375794857219831183e-09,9.92397921937938050655202920339140e-07,1.61885728766209526611210465958214e-07
4.43400000000000000000000000000000e+02,6.43612450386778626316064720447627e-11,8.41751177055535373595691293355814e-09,9.94642236427936587383325854563309e-07,-1.88238865049195067460828011405888e-07
4.43500000000000000000000000000000e+02,8.31464537550348829480477170100662e-11,-9.02220045333542723664806507823052e-09,9.95746717808301320664146817653016e-07,4.07694912824787269964893626344571e-07
4.43599999999999999999999999999999e+02,1.08436042527735550135413659100218e-10,8.80572485310717490984717995223529e-09,9.89543782920774906664475457455726e-07,1.40906209699075094590100663554965e-07
4.43700000000000000000000000000000e+02,4.34702672271751845472080053389873e-11,-7.43399469763548076633934384498363e-09,9.90788151207738047179735064809432e-07,-6.93024449651337345043781377780556e-07
4.43800000000000000000000000000000e+02,1.35702171221575883123373160854165e-10,6.82406770934436089894555401822662e-09,9.93362916693002756446602443467043e-07,-2.68924509835947612590849553655245e-09
4.43900000000000000000000000000001e+02,1.61712824923554792497984075731803e-11,-5.83087065687859054694092176068433e-09,9.91169969771728378312727441405924e-07,3.17601674318478619412175640784050e-07
4.44000000000000000000000000000000e+02,1.65626718383585354583833675074442e-10,4.06653171148438539750516053436688e-09,9.90665444847162239022977240951097e-07,1.64907011113281251200787071111182e-07
4.44100000000000000000000000000000e+02,-3.47244223149280428598202930690592e-13,-1.97241680264083110147754589026807e-09,9.86892402940773547583700272948356e-07,2.29329859599371330510115720710429e-07
4.44200000000000000000000000000000e+02,1.68276300207992078257409497303723e-10,8.61646276270257649163899453841055e-10,9.85669781746758766674653163501643e-07,-6.08138902510604165892113326192690e-07
4.44300000000000000000000000000000e+02,-4.78714931484748527861506978246544e-12,5.26437472412453644397762522062353e-10,9.91833125482742281767513698739811e-07,-4.95117656350692260840907526544294e-07
4.44400000000000000000000000000001e+02,1.71328318440873072449990603292391e-10,-2.68307743418503020328415098491899e-09,9.90147024851442490406214772326969e-07,7.83883687015758281213359414057656e-07
4.44500000000000000000000000000000e+02,7.92867401574638601220089449771558e-12,4.48042103875003077906061109298062e-09,9.82696729607058464292955241283513e-07,3.99831120062580846879717573471349e-07
4.44599999999999999999999999999999e+02,1.47513599543835450341855674720180e-10,-5.41060528784619059869793008692955e-09,9.83807750125959482654260559861188e-07,-4.62426289304037460324946676221049e-07
4.44700000000000000000000000000000e+02,2.73642443153086614074118084765313e-11,6.47982201920582877884021479070965e-09,9.86366949811890540060509391217765e-07,-3.01185559434085247040491905693525e-07
4.44799999999999999999999999999999e+02,1.23893513442407979834223372277718e-10,-8.11103335737030105962404228776238e-09,9.86135598145181632122732057126239e-07,-1.94591279397313384501854126330124e-07
4.44900000000000000000000000000002e+02,6.46875851221461724944481533277109e-11,8.65235042986644955002692514670175e-09,9.85846258455717045447793589548507e-07,3.66037950168938977031766510207927e-07
4.44999999999999999999999999999999e+02,8.28781365608282140453333598296905e-11,-8.48612744393759856857571467559739e-09,9.80445675309586917182393389015873e-07,6.15599413746027057212839370041383e-07
4.45099999999999999999999999999999e+02,9.59373249899242268960341733427004e-11,8.35022195275449321798961844184963e-09,9.79299967335638082723278617863065e-07,-5.19158572521537839331058493851306e-07
4.45200000000000000000000000000001e+02,4.88276696286342963010170609478161e-11,-8.50481408723845889860514133738778e-09,9.85547883921334297449919145888919e-07,-5.25833359729981360845527590329784e-07
4.45299999999999999999999999999999e+02,1.36455768587884412918957114341715e-10,7.18334600314517697394155874952359e-09,9.82418647293874215132811394075453e-07,3.68263125036252641987928135544617e-07
4.45400000000000000000000000000004e+02,1.56449453162814750369716094531923e-11,-5.56116931813525353125790942190860e-09,9.78188544316345368422813577722269e-07,8.76031804918517297465969870591044e-08
4.45500000000000000000000000000000e+02,1.53755062186584123399756858320435e-10,4.25599199411604583324456984777036e-09,9.80564584903212894008997181032701e-07,1.02006397061700962892599515999460e-07
4.45599999999999999999999999999999e+02,-1.79065265691487708196427415613448e-12,-3.27146352439828757711162795306877e-09,9.78434307777101931509489526995835e-07,1.20659275256845768265682288301057e-07
4.45700000000000000000000000000001e+02,1.71526739135473060456455137988858e-10,1.10800764651480350501601632849773e-09,9.78307598063432268541519903139976e-07,-4.74265675532804821746720712072494e-07
4.45800000000000000000000000000001e+02,-6.61392967419062162691572344138713e-12,7.63083940629387654451382453876698e-10,9.79431837385922487005883139184086e-07,-4.13772472404484768362826958114329e-08
4.45900000000000000000000000000003e+02,1.62635129929714674885386949746216e-10,-2.04109450237245831132729583314364e-09,9.75679472447017811641582360049636e-07,3.10783568475462526168480408712534e-07
4.46000000000000000000000000000000e+02,-2.47765888850792996696335514878513e-13,3.28947530963809374131342267571366e-09,9.76946897516548755852812591612564e-07,-9.29118433828845667030444926218558e-08
4.46099999999999999999999999999998e+02,1.53738859824767678670928218382327e-10,-5.43127672688778875536501066618923e-09,9.77704490180457022919062136694438e-07,1.94383309189238534435482717225696e-07
4.46200000000000000000000000000003e+02,2.43386005619775014804980059261745e-11,6.87500099369854718055810655732240e-09,9.72160845361645605648599486921470e-07,2.65522541827634405133040573171261e-08
4.46300000000000000000000000000000e+02,1.19847217992211432954549780787462e-10,-7.42252445540703135882711056229514e-09,9.73679455226275064819518352652261e-07,-6.38386570286224880973675247809065e-07
4.46400000000000000000000000000003e+02,5.26726413592105509825110386038284e-11,8.05041894730306241037112809538578e-09,9.77368298772376185990294013875802e-07,1.02745096857709603871409340557613e-07
4.46500000000000000000000000000000e+02,8.93368093027945681966076058836822e-11,-8.98827303103320562614847682165100e-09,9.73415675191219059157083414483789e-07,6.02614608878685696036457537087750e-07
4.46599999999999999999999999999998e+02,9.49042590276681597669732009148201e-11,8.88591985434343626003428777025682e-09,9.70843285722083229078915478921664e-07,-6.19087690759077299256858083062951e-08
4.46700000000000000000000000000003e+02,4.81709084071652604720731374722201e-11,-7.87056975097293414753048485962015e-09,9.70581437794766877019862777922172e-07,-1.81923705991596895546426145832895e-07
4.46800000000000000000000000000001e+02,1.24220987436889520750156715112610e-10,7.21580647401934169781901092667508e-09,9.70383457884329001978789233276058e-07,-3.75869007049859215078043168467377e-07
4.46900000000000000000000000000002e+02,1.98627530771903189775748117086386e-11,-6.56198333089341928651402882677991e-09,9.74395440221002717910077104761536e-07,-2.20790920504976720207535431442473e-07
4.47000000000000000000000000000002e+02,1.56951284531258782206778753352438e-10,4.90518193766535478181887915584374e-09,9.71690861080083485333546664501600e-07,8.63184285998663045073194219699412e-07
4.47099999999999999999999999999998e+02,-1.67833007370266419565445478719235e-12,-2.84129377189854366063795233986992e-09,9.63950544583905338485082096738412e-07,1.98103706472200188043761787180731e-07
4.47200000000000000000000000000002e+02,1.63289695741962779567683413099680e-10,1.59918312943952153925376626674291e-09,9.67675654702969031647350882243176e-07,-8.41195740429386346987532967644144e-07
4.47300000000000000000000000000002e+02,-7.54961092777078373603742832151607e-12,-3.69174677659273891378030237572061e-10,9.71470557576028285676093605910771e-07,-1.11768974901634375234171084213260e-07
4.47400000000000000000000000000002e+02,1.70187293481316057205835625998279e-10,-1.69389172160516470056136212558764e-09,9.68086845273536737668995050147808e-07,2.31305661896787517226678691555744e-07
4.47500000000000000000000000000002e+02,-2.05282755003266184710831983395401e-13,3.63390498128061286979531103557820e-09,9.66501416891149599130923089626075e-07,2.97871637419032265984866782164152e-07
4.47599999999999999999999999999999e+02,1.50220677837949731066586212273723e-10,-4.71995011339531724337540455691971e-09,9.63593150784952546351157709881805e-07,2.95214225725173944741378702973424e-07
4.47700000000000000000000000000002e+02,1.74964907625381305882117192486334e-11,5.88231098504384512147906079051614e-09,9.63653262683635278841722807625453e-07,-6.08799594482927035765914067025689e-07
4.47800000000000000000000000000002e+02,1.29991356766506613021771417939438e-10,-7.64557096117238925915212897568335e-09,9.68607920642519996570487534424641e-07,-3.86279784041223414167738868949451e-07
4.47900000000000000000000000000002e+02,5.24498787710764039664826120809980e-11,8.52939442472437074202742900387570e-09,9.64876506487854621098337065595888e-07,5.63905692386705255517135004564673e-07
4.48000000000000000000000000000002e+02,8.86498705126206329269742411064944e-11,-8.45586296907068032592357017220753e-09,9.60163953128522020273809171691825e-07,1.50836359384834548330024953363718e-07
4.48099999999999999999999999999999e+02,8.47848473709734989819393912144406e-11,8.37029874726444434071027541325140e-09,9.63464863457257721547176567853007e-07,-1.74034019288400158430034697231376e-07
4.48200000000000000000000000000001e+02,5.60247307321847541128050136051323e-11,-8.66239090946873237618430838330568e-09,9.62768388361087839757773155132805e-07,3.89957228737962735137860756405169e-08
4.48300000000000000000000000000001e+02,1.25174762588781260926874549975735e-10,7.72298231118647912220674704841403e-09,9.60397076739249576906560835955832e-07,-2.97613309902328550561094788301091e-07
4.48400000000000000000000000000001e+02,1.97604468219741277822489169210779e-11,-6.22227386900719567843608245036784e-09,9.62125456398676834630839328085975e-07,-7.25302075295661194537582305900216e-08
4.48500000000000000000000000000001e+02,1.46009565052506273441453420163193e-10,4.99293197107984502483097674860788e-09,9.59823205852217904649087555169420e-07,4.38118325347972333858757644631102e-07
4.48600000000000000000000000000001e+02,1.29320947983848975099323288696678e-13,-4.10134173939772201904880208695815e-09,9.58904192551136707800834628471207e-07,-7.00933470477986982015940392595184e-08
4.48700000000000000000000000000001e+02,1.67336750821453552599460258803920e-10,2.07698676799503664786368897557036e-09,9.60239844999421135984406234216529e-07,-8.18705908693695431398520159037317e-08
4.48800000000000000000000000000001e+02,-9.89867201943329447435438645145338e-12,-7.72565978831655687695309318392728e-11,9.55751036203880039584622475935764e-07,3.01634476060472227585484752981577e-08
4.48900000000000000000000000000001e+02,1.61585987639774703194278944543537e-10,-1.25317066243650069073712862949094e-09,9.57202879274115811332334993344866e-07,-5.01906162731784199626917818927426e-07
4.49000000000000000000000000000001e+02,-5.58956810872534051587084775144299e-12,2.43335924988612236425632241213299e-09,9.61137538537546401006265907430228e-07,2.34055947099999947575604565243320e-07
4.49100000000000000000000000000001e+02,1.56608500223367751585945834462295e-10,-4.53176851705911556888611408307289e-09,9.55144531568701335290803152311896e-07,6.73910277780572636509021646078598e-07
4.49200000000000000000000000000001e+02,1.36724957556665216437904805213641e-11,6.26006119615308862738027907580194e-09,9.52499653864249379778622155486151e-07,-3.55095905350813572318884608939146e-07
4.49300000000000000000000000000001e+02,1.24936680777295204973270038330381e-10,-7.01050599785494302979843856771402e-09,9.55287974439206465785941971370875e-07,-3.97506978238699577833395621362472e-07
4.49400000000000000000000000000000e+02,4.11919958915878706501268150056549e-11,7.78564283715314155176106416204205e-09,9.55338850771194845461045909727687e-07,-6.27774931830692636443638047604533e-08
4.49500000000000000000000000000000e+02,9.58518591981524408916829641034442e-11,-8.82616350360937873683155095276222e-09,9.56363927792094417091750295716139e-07,8.61863632052279656811848048545753e-08
4.49600000000000000000000000000000e+02,8.21799623915005980879736859221234e-11,9.05455328745229745425945782199512e-09,9.52841613639872648208230993020543e-07,6.60524656053215430869204149063669e-07
4.49700000000000000000000000000000e+02,5.31365774459629097649168849557849e-11,-8.07413490557214410771973780622235e-09,9.47470273255573050549803489534608e-07,-7.62075212791066628920531857987700e-08
4.49800000000000000000000000000000e+02,1.12798886839256627353212072404677e-10,7.55832611441622101700567899608867e-09,9.52272316616945751258600773654434e-07,-9.06670704532997109445315476199126e-07
4.49900000000000000000000000000000e+02,2.48205400287715941442131992602028e-11,-7.01220300220283734564509663774723e-09,9.55908811018564630271959017862557e-07,1.05437629808842687638790280188542e-07
4.50000000000000000000000000000000e+02,1.47081873359393290732595547855773e-10,5.79463626929680708833065509976861e-09,9.49969140772271310113950954706973e-07,5.93961933822807144705982271796388e-07
4.50100000000000000000000000000000e+02,-1.42413221798318705080216369550898e-12,-3.66065112894835957395029287752791e-09,9.47452388434300018853868560095944e-07,4.07763703379273875314367143086104e-08
4.50200000000000000000000000000000e+02,1.57914885105273312288235550213057e-10,2.52273564193947945037853525233182e-09,9.48488765896191641601417317906798e-07,-7.06801751790967889877638313607869e-08
4.50300000000000000000000000000000e+02,-9.90079773264933253396678891102236e-12,-1.15621474260344368423855786994792e-09,9.48395179495245809800206491100784e-07,-4.30743447355300552970149759752750e-07
4.50400000000000000000000000000000e+02,1.68479434243094030871839314272338e-10,-6.65451440602227188930754040196224e-10,9.51011711729003642573495225492112e-07,-2.31620921656977193250681445090957e-07
4.50500000000000000000000000000000e+02,-7.01390073003905452537953021749166e-12,2.92883964025176707103022887072925e-09,9.47740733679463099085923267140010e-07,6.64613771716541678913723249751147e-07
4.50600000000000000000000000000000e+02,1.51816782410619817788073148452054e-10,-3.90558099826232396826784384706423e-09,9.42818842452874618131964578942163e-07,9.88760953049492298844861949698432e-08
4.50700000000000000000000000000000e+02,8.90009731819578830670091761242108e-12,5.26619069620152823934974140646533e-09,9.47267293047262812842237499103656e-07,-4.39032120778915345436710753193604e-07
4.50800000000000000000000000000001e+02,1.35558717558591625706485473718393e-10,-6.90480385330719914434186748175825e-09,9.47035385378255440275931655569481e-07,9.09325894110164519928884076408109e-08
4.50899999999999999999999999999999e+02,4.02670411392897113311857488716676e-11,8.33475902275818193228784847332234e-09,9.42940091435024653884101042933653e-07,-1.38496627613204760034421277928321e-07
4.50999999999999999999999999999999e+02,9.53526179254507897887403271148282e-11,-8.30128303417585274386290321843188e-09,9.45417236138487344749504716291015e-07,-6.21232571124316708729860392471643e-08
4.51099999999999999999999999999999e+02,7.38728273123235198670163453305651e-11,8.49240857201386096058961515461955e-09,9.43823254593402326931531732897207e-07,4.51754767441866506910522327144658e-07
4.51199999999999999999999999999999e+02,6.32594840933664830741098857026321e-11,-8.71202752044148063870714988957140e-09,9.41585795790408236431679489874592e-07,-1.00544010488933723649569675734021e-07
4.51300000000000000000000000000001e+02,1.14465846543385043086586955499736e-10,8.19204332059758257637343914230527e-09,9.42981658415272815298770876251714e-07,-2.59988462142157372678394780248531e-07
4.51399999999999999999999999999999e+02,2.51551338985837209984302687352680e-11,-6.66995707783693891341484981971870e-09,9.40402730285697428481753342472408e-07,1.61625265006627598734734000000573e-08
4.51499999999999999999999999999999e+02,1.38053071038900965636610826886588e-10,5.64377631090737980238880070706181e-09,9.41256073727816818644290748045126e-07,-2.20159839260122903873105708480721e-07
4.51599999999999999999999999999999e+02,4.21942551130054242518280768964604e-12,-4.84463395875823713194171366906461e-09,9.43736991398231406809191529945132e-07,2.62374349778934242962313840046053e-07
4.51699999999999999999999999999999e+02,1.62627513798949404141247789251946e-10,3.12007247146452440434685651427082e-09,9.37783959114535580433872545010908e-07,5.41522968649608883840723857128654e-07
4.51800000000000000000000000000001e+02,-1.12547837529470625132466171343216e-11,-1.02385943425488436486499222595217e-09,9.35434514496907217143125284358135e-07,-5.16922111339903545398249037329845e-07
4.51900000000000000000000000000001e+02,1.61541771955101170957816097597736e-10,-4.40682175138643019582400728318386e-10,9.40651046991156734137455931894922e-07,-5.19852500605553613093814288393515e-07
4.51999999999999999999999999999999e+02,-9.21983503937248465284889542306420e-12,1.61934439538197223583049295396876e-09,9.40194003885812697732891361247563e-07,3.47609859319409426718893345755520e-07
4.52099999999999999999999999999998e+02,1.59481645586151150002921395900167e-10,-3.72831416622402147012811234040165e-09,9.37278114760647646076314578982330e-07,2.61888706117139468771237797450722e-07
4.52199999999999999999999999999998e+02,5.61580099824443678955497210073174e-12,5.53428098671670076913045770177162e-09,9.35259741246340347859446271695040e-07,2.41946547044128809995272411843694e-07
4.52300000000000000000000000000003e+02,1.30587317192600792215136422258192e-10,-6.54208829111763075663427233986538e-09,9.32587095633830153351479565335549e-07,-2.14661639956513531494844303594011e-07
4.52400000000000000000000000000001e+02,3.14833808191342409291706476145297e-11,7.25647866958623517986047338910665e-09,9.37098836857354887960315171969479e-07,-7.98831540062554658474292389090804e-07
4.52499999999999999999999999999998e+02,1.03755544601029434850106542333068e-10,-8.61294334012154360657161546713950e-09,9.39606543122779289718653922684065e-07,3.66746393677377595362167051914488e-07
4.52599999999999999999999999999998e+02,6.99989217870234419238536672419432e-11,9.01937693828358856851743749789082e-09,9.31544253214126305615535027349309e-07,7.37712802174422532843240026883128e-07
4.52700000000000000000000000000000e+02,5.97932040620429756125764186607471e-11,-8.43956411928530325427585382579838e-09,9.30192677502331070756393593448651e-07,-3.16596731405942054546958375804490e-07
4.52800000000000000000000000000003e+02,1.02714241552245823523378436010403e-10,7.74403672490474666564989234612609e-09,9.34109943532372834594991548488214e-07,-2.77395508251546996346149464629301e-07
4.52900000000000000000000000000002e+02,3.05676638977742545203712483182086e-11,-7.51299158203145600346014033791996e-09,9.33139301866142376400340579463180e-07,-1.74851677708765049878009598895021e-07
4.52999999999999999999999999999998e+02,1.37267948521781718524741249637501e-10,6.33625927878760952266874566383015e-09,9.33205472771854856389660763763210e-07,-2.56466857252910944506955718076614e-08
4.53099999999999999999999999999998e+02,8.21196628604933686906504702450085e-13,-4.55863618508814197582624564973719e-09,9.30553701239993295787104520392989e-07,5.77351617562813501780218963600400e-07
4.53200000000000000000000000000000e+02,1.51739250620070951056190644969401e-10,3.23205158810827632179457557294767e-09,9.27146809641857315882714397895352e-07,-1.78976004440548127242245222650629e-08
4.53300000000000000000000000000002e+02,-1.06131781687951878806737932737707e-11,-2.19189734450076123828953852726471e-09,9.31171414134732267665122421296989e-07,-5.32415269771487582898530483796932e-07
4.53400000000000000000000000000002e+02,1.65916990803698922620962104231748e-10,2.59697664714845111395698993301617e-10,9.31214100173749463511092486034934e-07,1.03467157522279817236345015786503e-07
4.53499999999999999999999999999999e+02,-1.35432253966464917597751158693416e-11,1.96001770846380268733203234535431e-09,9.26382485193185094804371719573174e-07,8.03181833561957708093983991663588e-08
4.53599999999999999999999999999997e+02,1.53011081874345290451763128005420e-10,-3.32035833626775468686548674875797e-09,9.28479167673962640808453301445685e-07,-8.77575745631080208932879388225512e-08
4.53700000000000000000000000000001e+02,9.24977067120096600073820487446499e-13,4.51543154487633495358834790191359e-09,9.28470094554261235141136753834063e-07,3.54399726527429151522895891512813e-07
4.53800000000000000000000000000002e+02,1.39217957889960564894808781998722e-10,-6.29811299976261751846903118460219e-09,9.24620313394810137979641834492419e-07,-6.61601881678729053376515154565536e-08
4.53900000000000000000000000000002e+02,2.82118234109607464167470293116706e-11,7.79824393508058560944528944133094e-09,9.26259764911230584504600832273336e-07,-4.52139137944269933856736290008871e-07
4.54000000000000000000000000000000e+02,1.01167478620718600743459993731115e-10,-8.12521217104983094675035300801853e-09,9.26036676820560697623628440933968e-07,1.08578057838067631638636996270189e-07
4.54099999999999999999999999999997e+02,6.17935311182542168583889965447046e-11,8.32774750162982669565342956654929e-09,9.24755182305042234779948322960489e-07,7.09943547941268019279520125724044e-08
4.54200000000000000000000000000002e+02,7.01239315763737911516043791036724e-11,-8.83239332815100134714528092561688e-09,9.26327597892251582897670976882248e-07,1.56228902470127780491222426152493e-07
4.54300000000000000000000000000002e+02,1.02036235818524006879926127713003e-10,8.54142306225123523843922550223946e-09,9.21227465113467134051584024798388e-07,3.52841837324920875185326710741759e-07
4.54400000000000000000000000000001e+02,2.96404708143008100368697197954231e-11,-7.23287652646900910375973429351763e-09,9.19811398871434056601630011514213e-07,-6.28215581456655826948599073996020e-07
4.54500000000000000000000000000000e+02,1.29073052679608839620024066168966e-10,6.12262033717717599919104120269052e-09,9.26273767194006270527701147303891e-07,-4.21102808667179943346026174311550e-07
4.54599999999999999999999999999996e+02,7.83798261999327647167291673314645e-12,-5.49306694583957723060900548219595e-09,9.23851060800384696088361242721805e-07,6.76675958758064374336940334857176e-07
4.54700000000000000000000000000001e+02,1.55416168206710850914105496895373e-10,3.97911960404253780401337676987808e-09,9.18771833362054399944154491202733e-07,2.51693582742987314201387846668861e-07
4.54800000000000000000000000000001e+02,-1.20868239133789945486908797598966e-11,-2.00974214312931106145572672335616e-09,9.18860749741458285556534133855156e-07,-1.77762153668368456405293634969610e-07
4.54900000000000000000000000000001e+02,1.59390203843315791470518228263785e-10,4.35969788666743931992959702768915e-10,9.18940062951526848761029275036389e-07,-2.98913716422610402172951920410029e-07
4.55000000000000000000000000000001e+02,-1.29114048530411127674174443079940e-11,6.92600287997861426870684795178237e-10,9.21827781004073639219263011958069e-07,-4.46411255183826115174567458562135e-07
4.55099999999999999999999999999998e+02,1.61152503904315441856467106340486e-10,-2.85333774524365673228417628449149e-09,9.21852719530982992899927406901074e-07,5.09139271833613635954380510610663e-07
4.55200000000000000000000000000001e+02,-2.82769210968847293878466591019919e-12,4.82232363183112502663988730261534e-09,9.14446608566309720353197278795194e-07,6.38822949302818348623293045436984e-07
4.55300000000000000000000000000001e+02,1.34962782095241274985075554846302e-10,-6.07677027940467826169171070147402e-09,9.14337900689146636861294735123643e-07,-5.64311040586170955438383697960063e-07
4.55400000000000000000000000000000e+02,2.24596689074437675028955784892150e-11,6.73764649341260511186323501428164e-09,9.19975827028822543955067562739704e-07,-4.26091805279961294000142461750792e-07
4.55500000000000000000000000000001e+02,1.10426146542452537859706420595015e-10,-8.19824610099406679851033467437376e-09,9.17795472561783330527710220549235e-07,2.05743356010138363670917050512962e-07
4.55599999999999999999999999999999e+02,5.75394068486325753160159801590014e-11,8.83512896095583973954972501769906e-09,9.14809955645863865976080157292935e-07,1.06090860326633482782482154230382e-07
4.55700000000000000000000000000000e+02,6.69151237933875792903074710482950e-11,-8.59590508383596406051163344789515e-09,9.14575734336618421000752881148697e-07,3.16910477529370844057635452294630e-07
4.55800000000000000000000000000000e+02,9.17033615554679587362520654807044e-11,7.95505366309878171210776714729512e-09,9.12407055451162391654728839921582e-07,-5.00696158807792832736702602011705e-08
4.55900000000000000000000000000000e+02,3.68668470204035304235308529887438e-11,-7.94072226016801786281928964527598e-09,9.15088667966912209880981300910999e-07,-5.85459048706461217614786358730894e-07
4.56000000000000000000000000000000e+02,1.27138407319821672979089261461305e-10,6.94940942200352275264925359046383e-09,9.15543479366576864946484074630911e-07,1.76907560176232734725828552193892e-07
4.56099999999999999999999999999999e+02,3.28756184160349521472477357358770e-12,-5.30522248560985189380158442411740e-09,9.10032832523788167686106671475116e-07,2.62492646627898602923342833349623e-07
4.56199999999999999999999999999999e+02,1.45000658464113964592522129513546e-10,3.90430561348238785578448070038924e-09,9.12273980092889358887695116929191e-07,-1.64496647656373173655446843986421e-07
4.56300000000000000000000000000001e+02,-1.00117754493508862792693474229889e-11,-3.02040522501730199984666200928481e-09,9.13088906516291785908628674999785e-07,2.60296588021551266264391804896460e-07
4.56400000000000000000000000000001e+02,1.61726866338646454249527821755846e-10,1.27400479004041847439499134169028e-09,9.08320976382293731947600175463690e-07,-1.05467403034805029087723721452550e-07
4.56500000000000000000000000000000e+02,-1.87097638952444327983886875070657e-11,9.75818951018094487041318625581114e-10,9.10438598521608658380434988542133e-07,-4.94309053858550058310972653180273e-07
4.56600000000000000000000000000000e+02,1.53493159198656983668547527948724e-10,-2.49922547625070452974970660716431e-09,9.11360384978602554437629126904687e-07,2.29089649435876674649930685009682e-07
4.56700000000000000000000000000000e+02,-6.90518535579233117932066542547986e-12,3.80821892047923773692729332901019e-09,9.08577935373912865817835932244576e-07,2.81326292112393306098239012107154e-07
4.56800000000000000000000000000000e+02,1.42454828055952936530734258136400e-10,-5.58868564083220892446206956377726e-09,9.08791989134203468124236427710334e-07,1.67262905997931953711729321880988e-08
4.56900000000000000000000000000001e+02,1.66519826670674597227892267513645e-11,7.38269253887753657134222342634301e-09,9.05873429403598692178295423302286e-07,3.09703570974812071672629042184899e-08
4.57000000000000000000000000000000e+02,1.05956485675065991421982899817941e-10,-7.78212711013658344601528915605733e-09,9.05580196440572139530459848794181e-07,-5.15985589609103143729051181394274e-07
4.57100000000000000000000000000000e+02,5.00780741149963492852221958635239e-11,8.14583676681862139352830002820929e-09,9.10729949327376273798204317929589e-07,-2.06667040066850546973755518712657e-07
4.57200000000000000000000000000000e+02,7.66654191720386600715246092440473e-11,-8.62396215837299824026333248934511e-09,9.07395111115369769774109951394034e-07,8.10530770173359391783712479722589e-07
4.57299999999999999999999999999999e+02,8.86037481712837325093470259010422e-11,8.85342829392842328912443013611025e-09,9.01084442650878588534958404801279e-07,1.60953839603469815522499532697383e-07
4.57400000000000000000000000000002e+02,3.49287728137448074941314654123204e-11,-7.61364782759475578661951846944294e-09,9.03822805880660169924137109393641e-07,-6.25937877249373992021111817684209e-07
4.57499999999999999999999999999999e+02,1.19029224965051459188553894148592e-10,6.78044896410189600602348257445101e-09,9.06057596502303993709814061542575e-07,-1.71243139403892544252817634694980e-07
4.57599999999999999999999999999999e+02,1.14165802610918512247830577238986e-11,-6.00884910462020256271316068435946e-09,9.05291019678858038293522802583900e-07,-3.61194900533708151560316292188373e-09
4.57700000000000000000000000000001e+02,1.47669827925311197160474992414791e-10,4.91354581356399986711477473881733e-09,9.04141941308694706202566789212165e-07,4.47369620466374216105764963683120e-07
4.57799999999999999999999999999999e+02,-1.22259017517075213858971619159637e-11,-2.73848528814050594991738268702050e-09,8.98655363316675171723008258433303e-07,4.35573292742884265823801646681866e-07
4.57900000000000000000000000000004e+02,1.55872253563777458545871782034318e-10,1.37880191289050344488944814797211e-09,8.99746750017536104515208753693425e-07,-7.60774220740597235098271346659123e-07
4.58000000000000000000000000000000e+02,-1.51529065985222785009450459607249e-11,-7.70385120400372524715203801713884e-11,9.05783771521169939091194627887276e-07,-3.70204966994787081444446789717845e-07
4.58099999999999999999999999999999e+02,1.61554324215625204550387666365598e-10,-1.73095239141395557341934137264853e-09,9.01461806394169934649548265513789e-07,5.57680623728205439616362393352719e-07
4.58200000000000000000000000000001e+02,-1.02592572599461517036889244494391e-11,4.09656039060699179591701694128382e-09,8.97380649906570774152622231290605e-07,1.05345780728109425887311357895823e-07
4.58300000000000000000000000000001e+02,1.39697751459858326450822170156670e-10,-5.37148903337779195188134749244791e-09,8.99375180986469686282587450772106e-07,3.98333290378241522796781858257063e-08
4.58400000000000000000000000000003e+02,1.39452306081400947541410272103201e-11,6.35518407313682437513583342531667e-09,8.98325020506576276789421140606765e-07,-1.14754860282660423432680325509241e-07
4.58500000000000000000000000000000e+02,1.17086082825026063027622276152592e-10,-7.67135929421242188914446121717727e-09,8.99234266637530537669723664885188e-07,-4.67506033170449201477192999174596e-07
4.58599999999999999999999999999998e+02,4.67073663510342014076353670876726e-11,8.69452271438662448087791662817954e-09,8.99272584180944001311199772296254e-07,2.31291052789261832671906547452907e-07
4.58700000000000000000000000000003e+02,7.46402263739919190432591306035349e-11,-8.50157264036109375162137572039491e-09,8.94893220397485253557931950330612e-07,3.55902701084335064833826999827933e-07
4.58800000000000000000000000000000e+02,8.15528098207599134101315745189829e-11,8.08279938755206022506346214485497e-09,8.96290688376551241144494406971347e-07,-1.94472467138053527428838138930789e-07
4.58900000000000000000000000000003e+02,4.50099636810170819258736087623720e-11,-8.14523395852642029060055046343251e-09,8.97731456943785386380082061332407e-07,3.81758306382860014623309978505606e-08
4.59000000000000000000000000000001e+02,1.17114543854195166209102095949706e-10,7.55752099387530490208433978817894e-09,8.93137301319369957348975469984594e-07,-5.94095979496932799256703563141940e-08
4.59099999999999999999999999999998e+02,8.26055247844448030446813048658994e-12,-6.05292708937969102915875384877779e-09,8.94585366276406496569867120714284e-07,-4.20174283650877522345968936724834e-07
4.59200000000000000000000000000003e+02,1.39318836216266412213120651868389e-10,4.63951281546814110240947614662568e-09,8.96941329182354837608166070295267e-07,3.07235100354583782162164140109635e-07
4.59300000000000000000000000000001e+02,-7.78444771662160919340242402853501e-12,-3.78702530687192393457387353502079e-09,8.92355776290187536796636547123756e-07,4.43116128193234090128717166045043e-07
4.59400000000000000000000000000002e+02,1.58198538681565920228460257945726e-10,2.14883861292507002035162016620589e-09,8.91706861394459982521596668920097e-07,-2.74720093035423092483324757216236e-07
4.59500000000000000000000000000002e+02,-2.09050843477080866092089427740661e-11,1.72289325302779502611371803360420e-11,8.92007156775462188798523569611535e-07,-1.93177041545639862896458669750738e-07
4.59599999999999999999999999999998e+02,1.54107078920542540498802140755957e-10,-1.70220527083719704306943511859926e-09,8.91335307925221233406795502514158e-07,-2.32012437374531514808344010817928e-07
4.59700000000000000000000000000002e+02,-1.21931419322237362886087120429127e-11,2.91504075272975138899439722604476e-09,8.94718601798327873548750016593765e-07,6.44996001605859836341477115543425e-09
4.59800000000000000000000000000002e+02,1.46226797657314967791441917454651e-10,-4.82213337464073200886930411388618e-09,8.90742492219370101246055915614334e-07,7.84380026598561398749557390939212e-07
4.59900000000000000000000000000002e+02,6.48655464880701371100275954320764e-12,6.72939343851479921660153324127898e-09,8.84882858213029321642667008692232e-07,-1.05516896569879984716375040267540e-07
4.60000000000000000000000000000002e+02,1.12135139106661802123849450434290e-10,-7.54494267811540646931150953988591e-09,8.90139837065926219782765605824882e-07,-8.45968416837103255325198987429269e-07
4.60099999999999999999999999999999e+02,3.96797954651959296185717964230632e-11,7.85393081511082607691590140625362e-09,8.92306708468208825473557014324670e-07,9.24250429357682326880124057042548e-08
4.60200000000000000000000000000002e+02,8.32307948004825597958657503511574e-11,-8.52069880739678283765911894993929e-09,8.88521175120772505940205008014214e-07,3.70067124681852659689276349629859e-07
4.60300000000000000000000000000002e+02,7.61658287325291157002210988337685e-11,8.83638972434826500879144142903849e-09,8.86693232371043934574953750283129e-07,2.63022061610514264822728944545727e-07
4.60400000000000000000000000000002e+02,4.13141543327477935692334787970334e-11,-7.98286084557216013745675760582212e-09,8.84390214776706689561777859344721e-07,6.22289119165612200818967794272802e-08
4.60500000000000000000000000000002e+02,1.08457884113594926231516568918547e-10,7.13295577679974757096475031069411e-09,8.86226425561393513792728920091853e-07,-7.06465857579811712391077114503427e-07
4.60599999999999999999999999999999e+02,1.62443824255823487302238998918624e-11,-6.65374379129179693464224099796779e-09,8.90256377322790974431377460418807e-07,-1.86392767676604681617167060654371e-07
4.60700000000000000000000000000001e+02,1.38811966437458115646537424734437e-10,5.68819258327079389575588724537189e-09,8.85348636431457024091912823479206e-07,7.53345192310957132724223689516207e-07
4.60800000000000000000000000000001e+02,-1.17854779399685697096054270116294e-11,-3.70799018199372002355613619217543e-09,8.80936688328562282179289145742718e-07,6.39774216979067292313273464080312e-08
4.60900000000000000000000000000001e+02,1.51936768799867519274020822904096e-10,2.12899915749120363521754107624451e-09,8.84883423326819191660297124443693e-07,-3.34353517462720380515013985552672e-07
4.61000000000000000000000000000001e+02,-1.71558434898487485938591147127245e-11,-9.21558463283111545006510234444727e-10,8.84808658524329393920785728776915e-07,-4.87978358115155005422827367003376e-08
4.61100000000000000000000000000001e+02,1.59973493425941465052935791975060e-10,-8.52723880382945209443479673523762e-10,8.82782016533930523457394921667284e-07,-2.44016486349236147071324721405915e-07
4.61200000000000000000000000000001e+02,-1.66993711924752116084533743759776e-11,3.15628436639677896758732910377123e-09,8.83555251193879919363237771634256e-07,2.03138601360749712424222881028832e-07
4.61300000000000000000000000000001e+02,1.42845143531644398216833252803955e-10,-4.68383853249226161845672290488981e-09,8.80403568338809270912578590286281e-07,4.28361807817064993722472887194484e-07
4.61400000000000000000000000000001e+02,5.24854107507622679572457164221517e-12,5.68286113334011862419604814525408e-09,8.80594844817222427914528482264360e-07,-3.20300339673324516743699887553155e-07
4.61500000000000000000000000000001e+02,1.22896551161004502828771833805699e-10,-7.16838140375303975819630165676707e-09,8.82774858549692053241093224725102e-07,-1.29582944560039136847113645635329e-07
4.61600000000000000000000000000001e+02,3.49077610871404417951987895336620e-11,8.38080980699448163744681776960188e-09,8.78235574377093677934585867898516e-07,5.21769567074081953078408103812235e-08
4.61700000000000000000000000000001e+02,8.17099215908967490112846219869555e-11,-8.52768033954312505462119956755611e-09,8.79492737952571614665625995472248e-07,-2.86221896259789863276599578701920e-07
4.61800000000000000000000000000001e+02,7.12501104417557366381620109653949e-11,8.07502922937351558471891091937772e-09,8.82042604428319358388567247839369e-07,3.76928825628885457678842040666243e-07
4.61900000000000000000000000000000e+02,5.21179293790561965087680250860809e-11,-8.29264521388806816005830874998152e-09,8.76438142632125175673151494879105e-07,3.73311444784457815821271187359058e-07
4.62000000000000000000000000000000e+02,1.05937502509918808885531332135145e-10,7.88440301071714045199885433791805e-09,8.75873546733171723197611953276436e-07,-5.01754656077727196058952230175874e-07
4.62100000000000000000000000000000e+02,1.39104123459169250480784895949816e-11,-6.74889613083790657855540730971962e-09,8.78400526413278522757646369899440e-07,-2.78218100153882047021686973420434e-07
4.62200000000000000000000000000000e+02,1.31968782995717089518862004735747e-10,5.29866762817352232716627140874347e-09,8.77461331961458878272411199607756e-07,1.19315036906004530982872281260058e-07
4.62300000000000000000000000000000e+02,-4.93942699541802415011672594061271e-12,-4.65086189891378973839446114663117e-09,8.77891966443259005251186431898513e-07,2.07897647732511679991540030690508e-07
4.62400000000000000000000000000000e+02,1.53544353469799936842597725867677e-10,3.02683554709802389093567686395261e-09,8.74526710403453737334112593476502e-07,4.49608928229137427475019146052077e-07
4.62500000000000000000000000000000e+02,-2.29429877842471974138067285495868e-11,-9.81259414820428642414967555213098e-10,8.70752997233711933177053305629686e-07,-3.05327147219277769300229562558113e-07
4.62600000000000000000000000000000e+02,1.53948560794680752565602768373563e-10,-1.00266613431384221957139075866796e-09,8.76310988673985130362053084792721e-07,-8.05960801140517224703281499480325e-07
4.62700000000000000000000000000000e+02,-1.64655233229075229570323413156207e-11,2.07045168920445959602841397382003e-09,8.78115524605373428081277872445142e-07,3.68152739244673374306847880311351e-07
4.62800000000000000000000000000000e+02,1.48293648433158336662626885542002e-10,-4.03536745254999593162050150681273e-09,8.71498327319587167665076005758335e-07,6.45729205370283786153526512677923e-07
4.62900000000000000000000000000000e+02,-2.79379952890606408420799804713767e-12,5.90495870314008410317295588205358e-09,8.70206537402521390202881936712324e-07,-1.52136744943771474293039781276397e-07
4.63000000000000000000000000000000e+02,1.17919771969428425407241889325200e-10,-7.13154321412574166403792674595929e-09,8.71755511702101719473195420621933e-07,-2.23807887589199604098033938095978e-07
4.63100000000000000000000000000000e+02,2.89836359073294386714594317125211e-11,7.45267398629314885236192335059886e-09,8.72285087124282386893168152114575e-07,-4.24908116915957730534365596619186e-07
4.63200000000000000000000000000000e+02,8.98380765914643134444874158794996e-11,-8.37104755530851504307241862374206e-09,8.74267837564629376651993171189170e-07,7.54883448839725946877252915064719e-09
4.63300000000000000000000000000001e+02,6.34547638822932527877989253983540e-11,8.82457972139465932096042074969474e-09,8.69425365935689367558457199505551e-07,8.10162430397519694483266514192621e-07
4.63399999999999999999999999999999e+02,4.72363436131581205869034873613444e-11,-8.29424576508038135676172619001582e-09,8.65778721910999136116992154229833e-07,-1.36938926325462641064117266405906e-07
4.63499999999999999999999999999999e+02,9.77243833601975638709720275706458e-11,7.40046157845338491083407419972885e-09,8.71179008723961284870819388313006e-07,-5.76338135086251567054586026230185e-07
4.63599999999999999999999999999999e+02,2.11940247876545798517078430547485e-11,-7.08395282753741908900480033903667e-09,8.70618918291125290891247367979002e-07,1.13378419577811619587243191620997e-07
4.63699999999999999999999999999999e+02,1.28227477288802424721539313232239e-10,6.37089354124452847350788371129193e-09,8.66856554403780021018786521189021e-07,-1.13641914548578801781810975228393e-08
4.63800000000000000000000000000001e+02,-1.03621715028364900478118573629371e-11,-4.60632146845899587474888223193361e-09,8.68097327496386173022183675244993e-07,1.60151679702388393278822925274367e-07
4.63899999999999999999999999999999e+02,1.46316082242582707770183362459540e-10,3.01800377142644610568047900690919e-09,8.66431454618453275146859296474088e-07,3.15877875090757799775548215507740e-07
4.63999999999999999999999999999999e+02,-1.92029159738669368425676371669624e-11,-1.75026127237943395081647268077516e-09,8.65624121243218119142916225502487e-07,-3.68346244357005373389542887276539e-07
4.64099999999999999999999999999999e+02,1.57272746862717803444616473076304e-10,1.10590454647596735681694216627846e-10,8.67404916778120616866973749699921e-07,-2.25728251335701701884079878154399e-07
4.64199999999999999999999999999999e+02,-2.32121976647130047352732108570526e-11,2.35872026751432920104996052141022e-09,8.64426073244615690151288859638555e-07,1.80480333181262668316872194942176e-07
4.64300000000000000000000000000001e+02,1.44163588087847755495764481122992e-10,-3.91574319014703597813772505619261e-09,8.64513142321247803554464048322173e-07,-5.96805347045807143185550760125731e-08
4.64400000000000000000000000000001e+02,-2.93139731273108869740230741773469e-12,5.08913922360065692767068216645816e-09,8.66682533547797373583475805093355e-07,2.37676869213495453537195726729790e-07
4.64499999999999999999999999999999e+02,1.26913861466765918902343191846277e-10,-6.38395788800635392662206718145019e-09,8.61560960372186162350920268893225e-07,2.43803149714997233571508116715924e-07
4.64599999999999999999999999999998e+02,2.26986425024346328266403954487747e-11,8.01662975527999652009530122737384e-09,8.60620549036983218579463113999313e-07,-6.03471887142427473425130547087002e-07
4.64699999999999999999999999999998e+02,8.84937034556750657546422717076952e-11,-8.26991210354254297752439655000481e-09,8.65426363200639284120708363040867e-07,-2.45366928913460190066294130536258e-07
4.64800000000000000000000000000003e+02,5.98041931143916811608285235573087e-11,8.20935954657856345387211161002962e-09,8.63120411455228465371656798255101e-07,5.14464697312561162762560493491035e-07
4.64900000000000000000000000000001e+02,5.88294689135803254690230713884788e-11,-8.27848177642049586035869776133620e-09,8.60740062704464207459835694430596e-07,1.67394157842635672712472373498159e-07
4.64999999999999999999999999999998e+02,9.44958007725083393949028208331094e-11,8.33934491520901042641422001112895e-09,8.59669666774056562831469129475721e-07,3.40253890447418011996293063165163e-08
4.65099999999999999999999999999998e+02,1.94127644261312011573776906306388e-11,-7.13872093588356649794137760494196e-09,8.57600819232664125120046224507952e-07,-3.58460919201016879505178581498915e-07
4.65200000000000000000000000000000e+02,1.23799214834347887377367243809526e-10,5.99060891708458469740238161412386e-09,8.62594274225164805667145814101630e-07,-5.68461771041719084780105664140372e-07
4.65300000000000000000000000000003e+02,-9.25403061586379931299797011006853e-13,-5.20670326186754107903512053924957e-09,8.62876610863899743025575802413439e-07,6.25410600879021306632390558916884e-07
4.65400000000000000000000000000002e+02,1.47594257401424458272549644414368e-10,4.06660893346177639129128495708957e-09,8.54919395464385353372855685922371e-07,6.00289051536861621629734622369874e-07
4.65499999999999999999999999999998e+02,-2.33236228133568661076344506706106e-11,-1.88420177187855936234853705415268e-09,8.55497962764965163798024217367360e-07,-5.41570850162171918855275565588170e-07
4.65599999999999999999999999999998e+02,1.53643389429697404415985771282145e-10,-2.12737824124361178422617019084094e-11,8.59274090403432877909308699162629e-07,-3.47493670662035677552416312755019e-07
4.65700000000000000000000000000000e+02,-1.98320988829738130661205788701303e-11,1.37579122294252698211292570643475e-09,8.58346539417247698038996382744592e-07,-2.82978174975581886744926161124943e-08
4.65800000000000000000000000000002e+02,1.50571889308533465530528351972219e-10,-3.14183260045625273101624592746376e-09,8.57641275338334737838445290081473e-07,2.05632679284617039652654837429544e-07
4.65900000000000000000000000000002e+02,-9.91994401312724217351135916397812e-12,5.24850953347990133239848546804530e-09,8.54172363389774936294934465938349e-07,5.55356699795776814179236449661660e-07
4.65999999999999999999999999999999e+02,1.23688868575907056456421017237118e-10,-6.51780231271085520264291776471018e-09,8.52303243063495571286668688067272e-07,-2.84217630053459470468661174981604e-07
4.66099999999999999999999999999997e+02,2.02163047176742240987801680035660e-11,7.02787621122308855869440447685075e-09,8.57010083072213160886996513674932e-07,-6.39606826670793521344944018701118e-07
4.66200000000000000000000000000001e+02,9.75411549952171870761770918339198e-11,-7.94102780092458963955665058433792e-09,8.56470975250969539498966541368775e-07,2.84807141490052714966826920595820e-07
4.66300000000000000000000000000002e+02,5.17679706409988266771669624256480e-11,8.74645528489027411746702510461843e-09,8.51270975769745078432549234994733e-07,2.46912298236375296242976076395824e-07
4.66400000000000000000000000000002e+02,5.54113178798593990890487035430361e-11,-8.49319218348006894212353669216907e-09,8.53022598488192409366874667272908e-07,-6.02080630924633902380602505860702e-08
4.66500000000000000000000000000000e+02,8.80474080287801585878795014711952e-11,7.73719851753361447861807803933873e-09,8.53215784427599399490178535126465e-07,1.87707391302748609569511999237460e-07
4.66599999999999999999999999999997e+02,2.74578136481931766947587897709512e-11,-7.46305746639056789337798911669136e-09,8.50550890873163240019056961491375e-07,-3.19024140833299930191586919965633e-07
4.66700000000000000000000000000002e+02,1.19022413211633706741836191917114e-10,6.93314316659536627495650820105917e-09,8.52615146674121514854102872157073e-07,-2.77583248174136656728591591399104e-07
4.66800000000000000000000000000002e+02,-6.59917269226193690401819762278883e-12,-5.37103901757232093711962825313882e-09,8.51001233323040095064103187951828e-07,3.73535435639932882493928572791313e-07
4.66900000000000000000000000000001e+02,1.40704952382134401823355101171028e-10,3.79166397239310803328007479173009e-09,8.49522905003516075567089212521376e-07,3.56900410977377807264278314199793e-08
4.67000000000000000000000000000000e+02,-1.86407636833177197561433821912379e-11,-2.62692395345222474151322372480853e-09,8.51525149198969414660573642568380e-07,3.68700898060329389079476032547379e-08
4.67099999999999999999999999999996e+02,1.54439444121845851575068607937403e-10,1.08164293432173161351150532337418e-09,8.47108541430118692791774009612065e-07,1.04943206058144993017405345617866e-07
4.67200000000000000000000000000001e+02,-2.78155449881075144040324236707323e-11,1.36922573669026828450399611460339e-09,8.46769780856910772519121264864738e-07,-5.74077133189869865445977829573896e-07
4.67300000000000000000000000000001e+02,1.46194756025388916389345816274577e-10,-3.18956997852204122753433779245444e-09,8.52015725046484149811208565227293e-07,-5.01575076834215162714960865851095e-08
4.67400000000000000000000000000001e+02,-1.00552951065007075727418039620771e-11,4.42915399819842422386236846425780e-09,8.48238398872508340355898255652209e-07,6.79411455611589125660251049675175e-07
4.67500000000000000000000000000001e+02,1.30535169566229785337128843570605e-10,-5.74958397287797388131272765952659e-09,8.44413868979410751084216694884579e-07,2.45347265247474251391308794524203e-08
4.67599999999999999999999999999998e+02,1.21992603375517080351534181262166e-11,7.44254545928145552671195363349484e-09,8.45523701565329689633234021739605e-07,-3.46941903101308520114305155730981e-07
4.67700000000000000000000000000001e+02,9.51340345687299807088702079186453e-11,-7.97083348394500751487635467523057e-09,8.45715779712920797225883978944699e-07,-2.63501297984647252277051783290663e-07
4.67800000000000000000000000000001e+02,4.85119996240893121141771272352269e-11,8.03045979315095780085521891866348e-09,8.48058877238352784015735718774515e-07,-1.41460781899474394493708514581592e-07
4.67900000000000000000000000000000e+02,6.60570696150093753396440202764503e-11,-8.27719732002209493400529109108652e-09,8.46853265928939469867894433678007e-07,6.04187889361313903672393018863757e-07
4.68000000000000000000000000000001e+02,8.23411092981477174900653723763893e-11,8.59469409940720547582011492727020e-09,8.39924282688637144523125393650597e-07,3.95971298210535752910303777150465e-07
4.68099999999999999999999999999999e+02,2.55803003951152245341511877933960e-11,-7.69079878188791507640078990925599e-09,8.41670351435909231121710237040222e-07,-7.86195625790508924028759297488281e-07
4.68200000000000000000000000000000e+02,1.15344137258565816934285151901128e-10,6.54588703280792897225219435793832e-09,8.47110986415824674700246602926333e-07,-3.20954912567079994554883898708451e-07
4.68300000000000000000000000000000e+02,2.92418615672451881195772911465022e-12,-5.80654973457982857897739069952559e-09,8.43735318315831311140534379208800e-07,4.49976873625763977307332929304150e-07
4.68400000000000000000000000000000e+02,1.40536473319972939510813303623613e-10,4.80677107023487542366180459310105e-09,8.40901663122339684568034658793994e-07,1.72461515669941808551559915911418e-07
4.68500000000000000000000000000000e+02,-2.23670327470326256446908752361064e-11,-2.83618240938263956103774013522881e-09,8.40385830570290002389193958305854e-07,1.92176251706775472133187557239031e-07
4.68599999999999999999999999999999e+02,1.51652344020521744769915677002174e-10,8.55142962620188926088399689009122e-10,8.39327433304416452319569225525260e-07,-3.12332445357922510472724536759217e-07
4.68699999999999999999999999999999e+02,-2.24194726530755293622497011615502e-11,4.58231083124188201837377896469639e-10,8.42955543172559992874605482787226e-07,-5.61965340427565488030875583824309e-07
4.68800000000000000000000000000001e+02,1.51843166361426584522226593833689e-10,-2.26977354080843931784116464197098e-09,8.41903807402279736631850683387277e-07,4.82678776955194089750484727954148e-07
4.68900000000000000000000000000001e+02,-1.68862880523346527286955211675319e-11,4.39507474708170336179136627485299e-09,8.36263938022611274649356495502945e-07,3.13302652848797834531620285976904e-07
4.69000000000000000000000000000000e+02,1.29128586128038012137974478939165e-10,-6.02114293622311336185782374332146e-09,8.38871391292619555665683686287218e-07,-2.80693223027288499666152031172904e-07
4.69100000000000000000000000000000e+02,1.20211155275834018038268517633415e-11,6.51398095498531276647946930371261e-09,8.39707720604003491135528185305504e-07,7.61128559807565152609458744965122e-08
4.69200000000000000000000000000000e+02,1.04007859463570192199445208041041e-10,-7.56285550642469601462828494907562e-09,8.36304314299781301259404228182661e-07,-2.09995195647839763734205018816303e-07
4.69300000000000000000000000000000e+02,4.06416609817733856772467933153142e-11,8.38056244273248996938656751560003e-09,8.37985955144448664723149421126413e-07,-2.03706060412852715127274939638791e-07
4.69400000000000000000000000000001e+02,6.39293298194280962712575952930656e-11,-8.60784541293934088276233964662147e-09,8.37634574412867517766214999771547e-07,4.15229589704486291612811866525602e-07
4.69500000000000000000000000000000e+02,7.76412499868930773503273859094451e-11,7.85747874644524200594200271952889e-09,8.35072416578682481490084341348583e-07,9.99448947822637475043763834999001e-08
4.69600000000000000000000000000000e+02,3.45193366092067247337841385630627e-11,-7.90769254197321628352386608993981e-09,8.36043480112147542497678660335189e-07,-1.85408941888438035473369095439936e-07
4.69700000000000000000000000000000e+02,1.09135742836902676758652998022921e-10,7.39894726382875780574787984822517e-09,8.34012561513328266431455242134899e-07,-2.71079726159569300503609753025885e-08
4.69799999999999999999999999999999e+02,-2.36045897434586727730872599718150e-12,-6.22908740277747042304808776565744e-09,8.33527219637492408755512469698271e-07,-3.26267555280673271413809969691311e-07
4.69900000000000000000000000000002e+02,1.34903048984435007637718685630812e-10,4.40556846522833546284964849077550e-09,8.37716745437588059663005006046937e-07,6.01786295171875026454850373231947e-08
4.69999999999999999999999999999999e+02,-1.74215878366231773917968295030640e-11,-3.46021230203119895622900293707540e-09,8.33578781293877151042803948809929e-07,6.88896213426472979519084661133443e-07
4.70099999999999999999999999999999e+02,1.50019245202389315638640331352923e-10,1.87632981577725419477324567474660e-09,8.28705667589690238852850713344605e-07,-1.67695528445066474408150631880317e-07
4.70200000000000000000000000000001e+02,-3.09210556214091874301432451872219e-11,2.60004787127081328946685214976769e-10,8.32828923790138592475915093621624e-07,-6.26241531931129519242554960768836e-07
4.70299999999999999999999999999999e+02,1.46945338874406074837506763667992e-10,-2.40275240286454419988617335745468e-09,8.33847300363077688441008612405740e-07,4.60444431333549456317892765600105e-08
4.70400000000000000000000000000004e+02,-1.69594773397550786615531359901115e-11,3.58217655696581172574485196077442e-09,8.32536614278835693148948680874941e-07,1.77115821457780756381379759817066e-07
4.70500000000000000000000000000000e+02,1.33443495380500756594070712634038e-10,-5.11238789654341293043241691472348e-09,8.31165464543026109454245173188003e-07,4.09766942656355481012788074129749e-07
4.70599999999999999999999999999999e+02,1.44143486355280637685242276109074e-12,6.81210399491973338019593046159689e-09,8.26076137236156621417268370117213e-07,1.19347077164139558283373851586524e-07
4.70700000000000000000000000000001e+02,1.00689220469003587859271568496777e-10,-7.71059474379287064330050151207274e-09,8.29177058584415628734778053072383e-07,-8.46889360424101203887498936313885e-07
4.70800000000000000000000000000001e+02,3.72765714444867553264682019832687e-11,7.77235943933009894092387987019607e-09,8.34143658871360574202804805849809e-07,-9.10177655977499237927705718137111e-08
4.70900000000000000000000000000003e+02,7.19378245923057746079259673163872e-11,-8.12750382823280835163047116551567e-09,8.28519276988696458637430166325330e-07,7.16557959167971787693744347038471e-07
4.71000000000000000000000000000000e+02,6.89640484007423699433196498511726e-11,8.64657950868108903234178906089393e-09,8.25246925092208737380939528090642e-07,3.46862143019187909696156831665851e-08
4.71099999999999999999999999999998e+02,3.17557166114353423264934019035077e-11,-8.09006138686642809881701698105684e-09,8.27227926564172210884855078356735e-07,-1.76988249742939013224854046643968e-07
4.71200000000000000000000000000003e+02,1.04823241995430841126890661257652e-10,7.11752302364694068955166846601487e-09,8.27222441895142683344116845117681e-07,-2.37095812532375222647158444438674e-07
4.71300000000000000000000000000000e+02,6.34579354697865103743828692610511e-12,-6.38595628871583532949385560479226e-09,8.28383822790357354312353150526288e-07,-2.91189090965054482689033993292943e-07
4.71400000000000000000000000000003e+02,1.31934895229814576920587055430331e-10,5.61421467722281249540227210529650e-09,8.27035432406353035781103598902360e-07,4.75919676985310769465583814993200e-07
4.71500000000000000000000000000001e+02,-2.20994492956027474610360622200935e-11,-3.64554982458055809666702408947927e-09,8.22575653106115525830039627960671e-07,3.05739080302309214074767557379686e-07
4.71599999999999999999999999999998e+02,1.47730063075459623829769579364761e-10,1.73896091197437133936483948087964e-09,8.24749132041617644337732943235096e-07,-4.46353349221099745001799805754325e-07
4.71700000000000000000000000000003e+02,-2.47441695357063141858057772648264e-11,-2.69597468736887388874286709142519e-10,8.26619996790912986071408835170595e-07,-3.56621194906123957927375750872609e-08
4.71800000000000000000000000000001e+02,1.50516574217130362477129598277991e-10,-1.23898385023534425132111837523265e-09,8.22431250307762373817413536844671e-07,3.22598159810953607869638507962369e-08
4.71900000000000000000000000000002e+02,-2.35980069583251412159232766205323e-11,3.55447298590165278109340904043412e-09,8.23443320883976082700862706989197e-07,-1.95724984588435173001798415202002e-07
4.72000000000000000000000000000002e+02,1.33294782700989324603913881003809e-10,-5.21111386617877265102520599206784e-09,8.24651632807310192700302015828472e-07,4.03480114822642454134975299316993e-07
4.72099999999999999999999999999998e+02,3.10012396282110862781633094464701e-12,6.09806926330501192800053920518526e-09,8.20491164552483494485509948349425e-07,1.24064850964411205012384581539085e-07
4.72200000000000000000000000000002e+02,1.09797320963032230409195214442722e-10,-7.00157532182701154737073094180488e-09,8.21445845616967607365556445797986e-07,-4.20719723227834810239545886184715e-07
4.72300000000000000000000000000002e+02,2.96025547517988591987593223264021e-11,8.19179539416152104172880504575134e-09,8.21605241943974044731633463259873e-07,-1.49290921905097538249122228737305e-08
4.72400000000000000000000000000002e+02,7.16131399538033629280748920059106e-11,-8.44822092961450180353982304069738e-09,8.20339917036806991904226104748262e-07,-7.48796902520969217541173440150807e-08
4.72500000000000000000000000000002e+02,6.74117823434944047410845185905705e-11,8.02667538607945996405492347475673e-09,8.23053254396625253120683479581955e-07,1.37565249588974101541157376214802e-07
4.72599999999999999999999999999999e+02,4.20284673757765251592733607625980e-11,-7.97515708756595149536289197550444e-09,8.18766912510944569354708149888453e-07,5.38718789794936407265478166752763e-07
4.72700000000000000000000000000002e+02,9.85639896645528344642808453204897e-11,7.92779191419920713721397795957405e-09,8.14875087802958133360393769718641e-07,-3.75225597402771609586036590104714e-07
4.72800000000000000000000000000002e+02,3.58799214618024171352079948538931e-12,-6.86991248935899526162811486925924e-09,8.20617002040743544434363905632266e-07,-6.38894090650100941266600065109469e-07
4.72900000000000000000000000000002e+02,1.28760537135340506462030272269799e-10,5.26326590386596764075920416033871e-09,8.21214214953746236024622718049612e-07,3.21808829739909089032470066497686e-07
4.73000000000000000000000000000002e+02,-1.50543795387662533425972972970339e-11,-4.13913752182947481790120871175153e-09,8.16945531312918953763507777762634e-07,4.03920642127604987890594704944772e-07
4.73099999999999999999999999999999e+02,1.46112728258869911717003345112195e-10,2.77593822365389583760393614407928e-09,8.15657819868905356180906303523684e-07,8.01859908549939359099268024450183e-08
4.73200000000000000000000000000001e+02,-3.20782878112102457255466196183231e-11,-5.95698515559863306849348702584240e-10,8.14214750920779742521488782719314e-07,-1.70625439037966941850318122741654e-07
4.73300000000000000000000000000001e+02,1.47427083127448132316528061678513e-10,-1.51218118423229465307376474004122e-09,8.16904602970799290397135298600493e-07,-6.04246324713597353335327300272814e-07
4.73400000000000000000000000000001e+02,-2.13609122260215152766677190729427e-11,2.81734822981323992682336076683747e-09,8.19912318379599082908128165906798e-07,9.17755114807140670215104823065134e-08
4.73500000000000000000000000000001e+02,1.36527837183894661588972097924239e-10,-4.22941765896284523263850297762225e-09,8.13719909722840059757909624623127e-07,8.10845934815686459574140622977865e-07
4.73600000000000000000000000000001e+02,-7.51964618115682510313684797068985e-12,6.11489414716372802035148542884825e-09,8.10386102195886240883775598141037e-07,-1.61648348128738063423619689736183e-07
4.73700000000000000000000000000001e+02,1.07588362987185272635153566575766e-10,-7.25844528209571823304108874717608e-09,8.15259876457330504726993484863703e-07,-4.98869913314171890809990284535657e-07
4.73800000000000000000000000000001e+02,2.70855011998609022790907774649432e-11,7.57338055142810483982196035566549e-09,8.14992102170040726809420215492841e-07,2.54888680493312322020167467194175e-08
4.73900000000000000000000000000001e+02,7.86711696494298004028736980008523e-11,-7.94160500890117922308462976356263e-09,8.13215214426242579535913632798622e-07,-6.73997664931878623036394891977314e-08
4.74000000000000000000000000000001e+02,5.73561582416842818475705130767746e-11,8.65771286267278389574675999171256e-09,8.12779113182533158909071338271183e-07,3.64142991978743199080727421310795e-07
4.74100000000000000000000000000001e+02,3.89708321559606372034470696786971e-11,-8.30924494981405871221938463628827e-09,8.09423001370764557105934499316540e-07,2.43040646804079717586223462949531e-07
4.74200000000000000000000000000001e+02,9.46194714361236933022758194710126e-11,7.52783287224020135224915012999265e-09,8.11398572110739462729533912450501e-07,-5.65589445924160029521471940363180e-07
4.74300000000000000000000000000001e+02,1.16942109990665840018719560289062e-11,-6.86194436596908158761206109414597e-09,8.13359952527957845201081367093601e-07,-2.96786485833166676883948567432933e-08
4.74400000000000000000000000000000e+02,1.22953840277306265507680328485975e-10,6.36570970247319625234358584364282e-09,8.08769621562155747681633156828635e-07,2.06549837085671948573373772792551e-07
4.74500000000000000000000000000000e+02,-1.99892527563521303761845191945395e-11,-4.53447778615315355601761899623295e-09,8.09590676423578328656069163988926e-07,-1.52988134424505882147496867768696e-07
4.74600000000000000000000000000000e+02,1.43844032888976446156540323491902e-10,2.63560754836740501838970948035610e-09,8.11132515092630652713286348535443e-07,3.19302408418894431618794303277222e-07
4.74700000000000000000000000000000e+02,-2.63258453862012899151524144571653e-11,-1.02201063048740082417447585304119e-09,8.06847561678090667438262839323264e-07,6.61905173103065296280996026444266e-08
4.74800000000000000000000000000000e+02,1.48836804225687399788287784848120e-10,-3.60739238312599301474161270637534e-10,8.07457236892653354073090837520827e-07,-5.03738199355789551675915971450829e-07
4.74900000000000000000000000000000e+02,-2.84538521966074773118623696469973e-11,2.68037057555837717875102951307566e-09,8.09341098548233890527534139995061e-07,-1.14377335079373432282753297062005e-08
4.75000000000000000000000000000000e+02,1.36365283336415032476914697112400e-10,-4.39422234164972837445534586880533e-09,8.07450965526308085166269375481083e-07,2.25778313432859106734022395767048e-07
4.75100000000000000000000000000000e+02,-4.80272866651870815949782609965960e-12,5.45973896648462832651792385871195e-09,8.07523071172624643835647626450971e-07,1.28855203158354246681226394756280e-07
4.75200000000000000000000000000000e+02,1.15393031788988722110036344121413e-10,-6.37737149020090330568816979725385e-09,8.05107164267236691815228356140788e-07,2.20766244039398776482478883880363e-07
4.75300000000000000000000000000000e+02,1.87063265187705786327284931773395e-11,7.80646632297485376905580410088194e-09,8.02459771628145647486726612887518e-07,-4.07736018373479703043372783755194e-07
4.75400000000000000000000000000000e+02,7.98158591463582504389994124432917e-11,-8.34575207166681697783346122508512e-09,8.08069614227252070227652152000749e-07,-5.41510504985755155603035911967580e-07
4.75500000000000000000000000000000e+02,5.72800354096984776072329271163647e-11,8.11382796512521270439522638933412e-09,8.08090512081844244487688087372236e-07,5.79531778267660686124684459871683e-07
4.75600000000000000000000000000000e+02,4.92276927941873886442882727337743e-11,-8.08700304280453003405822193647655e-09,8.01133514751682628818275515862037e-07,4.71506714949650919488301016487054e-07
4.75700000000000000000000000000000e+02,8.83222662927108007616139998568399e-11,8.18933691395940293762048595931401e-09,8.01714983570623537936398955743299e-07,-3.52093423273177703841912993112427e-07
4.75800000000000000000000000000001e+02,1.06054098612730434612405713257650e-11,-7.43294507526397663151845490029744e-09,8.03393265629384794972383145233299e-07,-2.68731997938054110579367516754615e-07
4.75899999999999999999999999999999e+02,1.21594957532628148544737185055624e-10,5.92115650054718130209309765184530e-09,8.04044436093376457107499540306165e-07,-2.69527391180653030222439990488632e-07
4.75999999999999999999999999999999e+02,-1.12304581247426238159764598439963e-11,-4.93115920680695308172853552284072e-09,8.05138042723711328461328070473471e-07,2.53008143376935087118338916703019e-07
4.76099999999999999999999999999999e+02,1.41526963053137450317986504881397e-10,3.61065970846591694345373506724701e-09,7.99126189386335990339257810806361e-07,7.04390378652501292268365268322540e-07
4.76199999999999999999999999999999e+02,-3.20533290347969503325159671390862e-11,-1.63095141550164580446480098004089e-09,7.97395892949579795586306804106734e-07,-4.00193339390409492832358487054440e-07
4.76300000000000000000000000000001e+02,1.47936144812189763102216244797292e-10,-7.39674786642834988924538844016763e-10,8.03481461523920731846062681577571e-07,-5.89538606007797137760653740471439e-07
4.76399999999999999999999999999999e+02,-2.47538184888103367961821248402949e-11,1.99205524856656271032672113910980e-09,8.02075589316577101230707017775648e-07,2.62253647496400331329890398417338e-07
4.76499999999999999999999999999999e+02,1.38754458706278761915321669830813e-10,-3.52936115070993432214329317742278e-09,7.98377575294617344754495737941048e-07,1.51692459326446940585541579578670e-07
4.76599999999999999999999999999999e+02,-1.45536189636178816720452576330378e-11,5.20395610878385934095540300143389e-09,7.98655894099958843896372390806253e-07,1.54416105265480007494593810213580e-07
4.76699999999999999999999999999999e+02,1.14209875885041186257145148712100e-10,-6.77336432493287765450802004244623e-09,7.97511841911220044473209576792402e-07,9.86202439399301481340537684038240e-08
4.76800000000000000000000000000001e+02,1.73189350235657659862052786096908e-11,7.06746573779454475976367897413700e-09,7.98210822302005317596913472070291e-07,-4.96014336684674885216104181269178e-07
4.76900000000000000000000000000001e+02,8.59382490540201147588100411891092e-11,-7.80413724083349503125615470370244e-09,7.99676063017480627914701730842562e-07,-6.32817312882506616310903266820581e-08
4.76999999999999999999999999999999e+02,4.57555046448977658612713003449184e-11,8.47766805054916838123728862047232e-09,7.95932545803853921379593660722456e-07,3.84338163636139718680454677434021e-07
4.77099999999999999999999999999998e+02,4.66133390949123975345389791909712e-11,-8.66694504955785927798617385361136e-09,7.95635536803151556535736000610111e-07,-1.01200241003926400358696730492912e-07
4.77199999999999999999999999999998e+02,8.46568382932515338333604094958285e-11,7.75252751574835228309053902304230e-09,7.97957472363222734490207373200519e-07,1.04292649509042083352999149633016e-07
4.77300000000000000000000000000003e+02,1.69398130018781299951011214892645e-11,-7.35523232311140950248208028258712e-09,7.93837240758147756119319043659621e-07,6.91330387781865290173215176023709e-08
4.77400000000000000000000000000001e+02,1.13084828722602753133497544492471e-10,6.79944917068884750148010980292801e-09,7.93878097018639163256694751136615e-07,-5.45312473476410141052275336902986e-07
4.77499999999999999999999999999998e+02,-1.66260431071435496296483153503320e-11,-5.45911194873885307641445217894271e-09,7.97398685745587796831067679324461e-07,8.07078614182973374849809042145201e-08
4.77599999999999999999999999999998e+02,1.38139988734907136345661052032350e-10,3.42689335224992580942577665863501e-09,7.93919471383367158670891536936732e-07,4.82105130580961351145720455067253e-07
4.77700000000000000000000000000000e+02,-2.75141915494040267380528422461872e-11,-1.96948930372884784814213101036148e-09,7.92533745816521536748459960668350e-07,-4.49489898521492864624890800305678e-08
4.77800000000000000000000000000003e+02,1.45819185320053115467031851190070e-10,4.62006035965780539548634940223443e-10,7.92386160964334907930416506662770e-07,-6.15294426795007214291973095943597e-08
4.77900000000000000000000000000002e+02,-3.36103619302758096747000097680141e-11,1.70389652765920264590721992931897e-09,7.90833234613010977765443762278313e-07,-3.61081341101134601729365290654550e-07
4.77999999999999999999999999999998e+02,1.37934943006814979417747448440762e-10,-3.69084865198014138713485017773922e-09,7.95282340274910137557397941002807e-07,-2.74440478209559812458189854066089e-07
4.78099999999999999999999999999998e+02,-1.27535522161865377297023166448297e-11,4.77930726699526759267711134964939e-09,7.93791417910920827919580974689209e-07,7.12589856879937111611101178025441e-07
4.78200000000000000000000000000000e+02,1.18534217475067971097626366190961e-10,-5.73291007769522154020787553183698e-09,7.86671979621935382171420179369392e-07,3.08722012459387380227343465373330e-07
4.78300000000000000000000000000002e+02,7.41230530952164854242986075445164e-12,7.21240603790088099153532506675074e-09,7.89035552378466494195415109655434e-07,-6.52014259687542596123351216843660e-07
4.78400000000000000000000000000002e+02,8.67966898218976647601270311846118e-11,-8.06543389656429019998566306717968e-09,7.92604755369311627513594941696061e-07,-2.73593781809499951787486853098376e-07
4.78499999999999999999999999999999e+02,4.53216338048797428052803160006013e-11,8.11020715076671315144023677409427e-09,7.90891681050761263436501200298351e-07,1.70383669586644411925220463841467e-07
4.78599999999999999999999999999997e+02,5.55158560099351714812002507889412e-11,-8.15635160685425341965252443906216e-09,7.89512384856011161049351047164839e-07,3.07463371238124868205533037659255e-07
4.78700000000000000000000000000001e+02,7.65549200958075417413096692281659e-11,8.49278468510507636633732338128458e-09,7.86082582120208032962842993768617e-07,3.63844848258970792116300760443812e-07
4.78800000000000000000000000000002e+02,1.64414144412179473336524471499404e-11,-7.87889014145343050158285995998077e-09,7.85663305415613940483424325271240e-07,-4.76673737845892261750635054216628e-07
4.78900000000000000000000000000002e+02,1.12991915118952099155232709916875e-10,6.55002235759048076289073019481252e-09,7.91077051517424895051003987989023e-07,-5.71443110293548923057949503354337e-07
4.79000000000000000000000000000000e+02,-7.79230523967482604743393168544566e-12,-5.46955374634510026418056976676811e-09,7.89011290007757825631835543284117e-07,5.09493996018819291226263113133980e-07
4.79099999999999999999999999999997e+02,1.34512282854019754556728487398333e-10,4.45901773228933037344521688639043e-09,7.83546133117689091460884084715760e-07,2.96423676289116125665240806814484e-07
4.79200000000000000000000000000002e+02,-3.13820033504637667961029847048248e-11,-2.54890453279381747661870127442346e-09,7.85714671956290083810004740497647e-07,-1.78809160365555757959648328325167e-07
4.79300000000000000000000000000002e+02,1.46609785475053483926706636802206e-10,2.87405488823609749537575500571755e-10,7.86092019406644007206149643700695e-07,3.43608060711186439166761554959110e-08
4.79400000000000000000000000000001e+02,-2.82694498687794104880426636384470e-11,1.23488910104485275703022673755785e-09,7.84807782465201305985578708705472e-07,-3.79528596663878440711672844602864e-07
4.79500000000000000000000000000000e+02,1.40150342542340055597178168712111e-10,-2.65024881940377274024689412728761e-09,7.86270233491732669278078972705391e-07,-3.38150499096671824655388946338006e-08
4.79599999999999999999999999999996e+02,-2.12269935025310633491085356667793e-11,4.49533482917749879164713573186071e-09,7.83124074706481801693515835613599e-07,5.10801510404194424911522351990013e-07
4.79700000000000000000000000000001e+02,1.19711457441121462257105379139415e-10,-6.10677253314441289503711537260089e-09,7.82449914508380343030182094232098e-07,-1.34978658288996571599261136359296e-07
4.79800000000000000000000000000001e+02,8.59924134499938625424127800403665e-12,6.66787931541244466875388002285005e-09,7.84799744488859773585702877544358e-07,-8.62485009266812518313898856416443e-08
4.79900000000000000000000000000001e+02,9.27377953452838124748011044274198e-11,-7.32785338775822255346271357060593e-09,7.81223576388301168869371812685873e-07,2.86065531992026333152834279395792e-08
4.80000000000000000000000000000001e+02,3.44328286704961522286884870028094e-11,8.29328287245109434546438634912365e-09,7.81233589619673405852059418307883e-07,-4.18899221636947680697957127948658e-07
4.80099999999999999999999999999998e+02,5.53820990283968484304090321803953e-11,-8.72228517107812881496281441976160e-09,7.84644638191896053683849583107249e-07,1.98285504404751679743129639028995e-07
4.80200000000000000000000000000001e+02,7.44968808561257306480363784650646e-11,8.13156952623893622308992906439774e-09,7.80701510604781885800567133928056e-07,5.43199545564255993424130196263822e-07
4.80300000000000000000000000000002e+02,2.31885718027302335189583034400484e-11,-7.69618722910842543432044672259184e-09,7.78223953027063880822377426660135e-07,-2.20831249449408709967826946925334e-07
4.80400000000000000000000000000000e+02,1.03931136047854030959177291019679e-10,7.34499958956407010077688957196970e-09,7.80284389444319176779499895178506e-07,-3.50567057260462432658736119031651e-07
4.80500000000000000000000000000001e+02,-1.21197641418401718793010658058966e-11,-6.11258661560659817197578552626802e-09,7.80023973523682668385885448385207e-07,-1.17821750805091813803797370509278e-07
4.80599999999999999999999999999999e+02,1.32325792950904303683013741630013e-10,4.23423159156246758568422760476236e-09,7.81239486523734686609823149209826e-07,4.99248485773895760799495810746053e-08
4.80700000000000000000000000000000e+02,-2.64741364152828736800511326700696e-11,-2.71834533659459168650899000600088e-09,7.79621722542419845298417449905534e-07,5.78165257614392688315529936217781e-07
4.80800000000000000000000000000000e+02,1.42224375102009040437752016352774e-10,1.42732962067719378560085902901686e-09,7.73668705438714902851869492479856e-07,1.00938552614462954462765288046062e-07
4.80900000000000000000000000000000e+02,-3.67134828850880273602800615519667e-11,7.32094499902757914514107753008683e-10,7.77078109912772716325003100867658e-07,-8.48608977292403444164761116658903e-07
4.80999999999999999999999999999999e+02,1.39708900613990467596752701801609e-10,-2.77351063526076482531584119330402e-09,7.81700165561895677221581366214322e-07,-8.39567734365310586375388794745853e-08
4.81099999999999999999999999999999e+02,-1.97540196312467241964850996628738e-11,4.15263081415908826507996280699238e-09,7.76715330153472595346519767013932e-07,5.75255425325928836793892394615055e-07
4.81199999999999999999999999999999e+02,1.21986000743126328137958773754078e-10,-5.04823024227230273671245471106561e-09,7.74585234581784914992506292346695e-07,1.37187286121799825026966821661801e-07
4.81300000000000000000000000000001e+02,-2.23866098031866788624829397137895e-12,6.68858974259190380126640569084133e-09,7.74345125086136662905763545714968e-07,8.08496945848083510813369571528356e-09
4.81400000000000000000000000000001e+02,9.34427370086242446599461129609336e-11,-7.62382649231188866801691121234114e-09,7.74393349275900832744592926232511e-07,-4.65162413172272115956286213879556e-07
4.81500000000000000000000000000001e+02,3.42464410998591803071283371030124e-11,7.98540942699145367357730062446309e-09,7.78323384347386815319403981628568e-07,-3.59656873321498604820055338358856e-07
4.81600000000000000000000000000000e+02,6.25129951928967281901320892153349e-11,-8.01126988704775027950586930932887e-09,7.75198720033852656196771364285279e-07,6.74378116771321455739899475555761e-07
4.81700000000000000000000000000000e+02,6.46139592831853399181121494177416e-11,8.70789580956595402212407326397633e-09,7.70016345142932792253516808695430e-07,2.48607868817914430964429127491461e-07
4.81800000000000000000000000000000e+02,2.35309833893134053133019462858292e-11,-8.26275986392935169440424952013683e-09,7.73509961368482335595441110793369e-07,-4.36237626686020750069110618025905e-07
4.81900000000000000000000000000001e+02,1.04085124440319773315804080569292e-10,7.22903160488766685070299770407650e-09,7.74496023036043847025264727900438e-07,-4.37688224059935904986468498392693e-08
4.82000000000000000000000000000000e+02,-3.88213583262947783008617437727012e-12,-5.98606984207958767893468191298876e-09,7.71817665139323035409035483332550e-07,-1.27063333103433461374429722277309e-07
4.82100000000000000000000000000000e+02,1.27558313879009482369589398650484e-10,5.20720816301107997571553204816714e-09,7.72491592510757645753946689298673e-07,1.73699739967789192046560770307471e-08
4.82200000000000000000000000000000e+02,-2.93176790222257642018825382400210e-11,-3.33226638747976866011922329767190e-09,7.71152534709807224798464569409331e-07,4.62158304539785473568628989267094e-07
4.82299999999999999999999999999999e+02,1.44039177279202724699580470218477e-10,1.25790680239269004087464931282622e-09,7.69656599451489868313671244818302e-07,-1.25619586665353543580763567321926e-07
4.82400000000000000000000000000002e+02,-3.00758076674341706932434044099950e-11,4.18881472829056505535143995272829e-10,7.71491837615645101165179465769839e-07,-3.28095462499821315063732529920928e-07
4.82499999999999999999999999999999e+02,1.40961686160363616476544424903337e-10,-1.68805975145253290865394647587656e-09,7.69572244243227307337796230060999e-07,8.44173739453706764720129090118624e-08
4.82599999999999999999999999999999e+02,-2.67980062624300255454268972411261e-11,3.64680057726095388859436477836622e-09,7.68527469375816261817992171259415e-07,-1.65729129982610959541308176184575e-07
4.82700000000000000000000000000001e+02,1.25513001945457906450401187758090e-10,-5.40513915898834204553096315575385e-09,7.71780926367108013781308971985708e-07,1.84481310696704525084900970560526e-07
4.82799999999999999999999999999999e+02,5.89356023530447246378030613895879e-13,6.23254006688907357947976041501573e-09,7.67696453971086904990474622090905e-07,5.07203808239320734690545661870205e-07
4.82900000000000000000000000000004e+02,9.94393600816823969037828115152594e-11,-6.91333014243278977756660551850125e-09,7.64686161084352294414390263560844e-07,-4.47837829408079927680134063438353e-07
4.83000000000000000000000000000000e+02,2.48119688455609518129425554748139e-11,7.95283307911974579029616024284743e-09,7.69145641343773038557072212606199e-07,-4.53522608925356257767034572454478e-07
4.83100000000000000000000000000000e+02,6.46042989612773280319125199826654e-11,-8.66216962887823465327322376362702e-09,7.68613464388202065990042118319013e-07,2.47519305890142812213944994373526e-07
4.83200000000000000000000000000001e+02,6.45958881717655942023781848148465e-11,8.25708277320706594364482402484696e-09,7.66971433897565745062328630087476e-07,2.22117469424086021650522141341553e-07
4.83300000000000000000000000000001e+02,3.11002280852470897118034660269359e-11,-8.03756647155780012633198954932394e-09,7.65796085321791256077898069084821e-07,3.12169108053955085988233337235638e-07
4.83400000000000000000000000000003e+02,9.48365065496234867145977680586519e-11,7.75826017861000274410589747982018e-09,7.61948957374049772924734542812396e-07,-1.73190387905911370651595223721211e-07
4.83500000000000000000000000000000e+02,-5.90327650588845535530308150467388e-12,-6.89610871178650078258278197245461e-09,7.65976327290870350155549101363514e-07,-7.67252915622896008708492544135197e-07
4.83599999999999999999999999999998e+02,1.26949656412449867246092903581839e-10,4.91619804559896320492018213223838e-09,7.69351138537772237381750948115230e-07,2.08786378349270538541986958091432e-07
4.83700000000000000000000000000003e+02,-2.42962047536247826427455551008132e-11,-3.53020688227320691261187728844857e-09,7.62759051010107583195557721036129e-07,7.32720042242875789823051858352133e-07
4.83800000000000000000000000000001e+02,1.38610916859687051086753692063728e-10,2.11570644301798613652531112123148e-09,7.60635374551654109061327135030508e-07,-1.00941682974603297072589430402945e-07
4.83900000000000000000000000000003e+02,-3.74057934476827807078476299297886e-11,-3.41759294238607297074622504298571e-10,7.63385566726463226755307292527438e-07,-3.66396332670532024809958629977679e-07
4.84000000000000000000000000000000e+02,1.40690179042608343554681178658480e-10,-1.94624430589558439371156215007315e-09,7.63636588098965360578051710874480e-07,-2.36936447953688635453877937874512e-07
4.84099999999999999999999999999998e+02,-2.53250177765320020826059819530033e-11,3.21331030412023131331593409682060e-09,7.64353151481388015295382449403593e-07,-4.76744534349499853978617205556533e-08
4.84200000000000000000000000000003e+02,1.25484729069435988217812411467892e-10,-4.42831846615810188768097294383934e-09,7.61849939955035622823314514201338e-07,5.95859743498021492939993326861018e-07
4.84300000000000000000000000000001e+02,-1.12418266530192782000130910774725e-11,5.91721486911830306591344227616559e-09,7.57703066549736207547494980390783e-07,1.54369597025145500427473587000778e-07
4.84400000000000000000000000000002e+02,1.00159101536687168210323416951962e-10,-7.35233314591177111168297417664721e-09,7.61470583675878153404901397919167e-07,-6.60986291639993543140078157196439e-07
4.84500000000000000000000000000002e+02,2.36176012132989205080661503360255e-11,7.67637967192903274998032916419263e-09,7.63076841324729689480665210638987e-07,-3.09364393608298933813371454525172e-09
4.84599999999999999999999999999998e+02,6.86709192007593288673082479586020e-11,-7.97899289026233168830066925395054e-09,7.58516669670152366636368424209809e-07,1.92649210913919684161883628349011e-07
4.84700000000000000000000000000002e+02,5.27479418212790483954217216628073e-11,8.56619234915529500988756845266986e-09,7.59345143748173157990959413006993e-07,-4.45594879968644157015700071735461e-08
4.84800000000000000000000000000002e+02,3.08540031377596036251823599892812e-11,-8.62380459145663351466856419688479e-09,7.59566976268383429863188494664111e-07,3.60065574292453028136023132198389e-07
4.84900000000000000000000000000002e+02,9.34430613852644545220088754161847e-11,7.64656476243698794162224593102183e-09,7.56949525781390065213855662741826e-07,-1.73267562277769836757295664922447e-07
4.85000000000000000000000000000002e+02,2.22477341711347859042148139781119e-13,-6.65277756805759889041279349403641e-09,7.58826304390857639683924585262552e-07,-4.43831006461948918350293453120389e-07
4.85099999999999999999999999999999e+02,1.19048978408538999099936202321433e-10,5.83809875703742704311197649913251e-09,7.57881279689963725646129874043204e-07,2.19191382140345280304319664331618e-07
4.85200000000000000000000000000002e+02,-2.76900846029756510940275726614557e-11,-4.24113777781947550604807095071952e-09,7.56371943277382378703262056202507e-07,4.01481737018246045097258404880278e-08
4.85300000000000000000000000000002e+02,1.39872146167268933161091258595649e-10,2.07235106968218353682485093460439e-09,7.58549840331041984090463600033226e-07,1.25733290330774618035027600427575e-07
4.85400000000000000000000000000002e+02,-3.22873229700255132341844107394743e-11,-4.02859488240635352989567763868865e-10,7.54905687560209884962432565352553e-07,2.85865809233935184543094943517439e-07
4.85500000000000000000000000000002e+02,1.39068576263584175814027815873214e-10,-8.52999461376997566021183031186398e-10,7.52729458760958391587913291168551e-07,-5.23132067135615779313497592640254e-07
4.85600000000000000000000000000000e+02,-3.20749678902273446843765539580601e-11,2.67665472195497776359683141390832e-09,7.57682299854843238420090021585950e-07,-3.61013808971612655595317886322796e-07
4.85700000000000000000000000000001e+02,1.29080023798254100216016021369208e-10,-4.58219324940026906246888328491267e-09,7.56984965886319185378502097578706e-07,5.19071644057289006640492027836165e-07
4.85800000000000000000000000000001e+02,-8.54137882899724867200553014948145e-12,5.64431066040660489197054725993484e-09,7.52652764777484418139418572115244e-07,2.95508584538556285103606196429220e-07
4.85900000000000000000000000000001e+02,1.04844518195175371776346079394958e-10,-6.44022416914269566995810279715557e-09,7.52508100387821210319603053534878e-07,-1.25500384167941944001344206992955e-07
4.86000000000000000000000000000001e+02,1.41046689286099823631792997925645e-11,7.62108484399848989043774665024304e-09,7.51920933041097035093744910740228e-07,-2.89781363489367670572424665638169e-07
4.86100000000000000000000000000001e+02,7.23769931951231172486937501759174e-11,-8.53628673530795884759606395031547e-09,7.54297797843135617797023940150389e-07,-4.35870206828929770085437214123898e-07
4.86200000000000000000000000000001e+02,5.40432756281107881547635403155970e-11,8.35653050856241293334348893652934e-09,7.56261343331159464096768324141663e-07,3.77067876915546696412799968317621e-07
4.86300000000000000000000000000001e+02,3.78769723472466108167711030186110e-11,-8.15025997405503166665238425217715e-09,7.49298554370284076005759768589278e-07,7.15614301362969569891517380198974e-07
4.86400000000000000000000000000001e+02,8.43398058822037229866195917590841e-11,8.07506997957879618202991356511698e-09,7.47728667700357153940309546001685e-07,-4.35449158695829552406457433988039e-07
4.86500000000000000000000000000001e+02,8.47021140048335565518018503824326e-13,-7.47256174943166570643007921691111e-09,7.53357539616230923096058018701071e-07,-5.37918729098212417679623969000405e-07
4.86600000000000000000000000000001e+02,1.19761304264520490150639549967225e-10,5.72181741660795472095020099589135e-09,7.52068549956990723936146468770321e-07,1.46050619896303672016148040549731e-07
4.86700000000000000000000000000001e+02,-2.17925802935183237981959505076931e-11,-4.28160455320743026390636415909875e-09,7.50254528501459325046105828871539e-07,1.48171236478526341819203073659016e-07
4.86800000000000000000000000000001e+02,1.34217488106537950797750587972511e-10,2.94373655771482459440252238463194e-09,7.49050536525003151682316863804773e-07,3.93073892936174688625870722294932e-07
4.86900000000000000000000000000000e+02,-3.76951975964554220299925791420794e-11,-1.22650860629558855862510192324389e-09,7.46272871264840628016773148290282e-07,-4.23272750473288463506454432361738e-08
4.87000000000000000000000000000000e+02,1.40684162236870013380889059186218e-10,-1.05024485371856198071277178342913e-09,7.49967305977772094155037940964571e-07,-6.76734113548157704628891297281537e-07
4.87100000000000000000000000000000e+02,-2.95701555744914623725260642917047e-11,2.44278664752336755695131272290980e-09,7.50842005052141416018989989518447e-07,1.30726033081908490547827144864176e-07
4.87200000000000000000000000000000e+02,1.27779749425457608061625137914561e-10,-3.59985906702027681861133870474366e-09,7.45854313321419995439963672745229e-07,3.87030046780764799923451340416761e-07
4.87300000000000000000000000000000e+02,-1.90926552355889857454169618575155e-11,5.13459701022362460764194906782642e-09,7.46664533476834261681413247225943e-07,-1.05635336176824669470074005137624e-07
4.87400000000000000000000000000000e+02,1.06963441165194700481819578884750e-10,-6.77046101473290600495157566760018e-09,7.47909950228368608932399583179206e-07,1.21717239865190067974588576178817e-07
4.87500000000000000000000000000000e+02,1.30925754277240987160522586828195e-11,7.42528078367449894427820474099917e-09,7.45061987649641429458432155282499e-07,-1.31643472127529010103387062470253e-07
4.87600000000000000000000000000000e+02,7.52840453737882671166367272787810e-11,-7.80496331674665298890998392865098e-09,7.46028858099132479471733322639484e-07,-4.08854466593423229250542095139418e-07
4.87700000000000000000000000000000e+02,4.15810383356929488325431286322698e-11,8.54800687036369433135443161541648e-09,7.46693132932363354846929131637240e-07,2.78741963167871461430677793964487e-07
4.87800000000000000000000000000000e+02,3.82351931414055779582770298191420e-11,-8.76163332345417996203403267262813e-09,7.44318346508227751845432573733075e-07,2.53745530490982675003562942355690e-07
4.87900000000000000000000000000000e+02,8.30512366002868157293943587006387e-11,8.04304821034974525454886914812660e-09,7.44908663418089901958277890262676e-07,-9.08869812020446660652731631185696e-08
4.88000000000000000000000000000000e+02,5.43385641822717562306843207694422e-12,-7.03989809482311120604123201186010e-09,7.43277839507698594122000333957904e-07,6.86947179141527368951337025559701e-08
4.88100000000000000000000000000000e+02,1.09664463960744682215938796227597e-10,6.49255140886463309521051485187410e-09,7.41341973815985997037159717379931e-07,-3.99119779234919447885393425298342e-07
4.88200000000000000000000000000000e+02,-2.44379685175426112182498621578643e-11,-5.02822583009666566482726634862559e-09,7.46191440924774669802940553346373e-07,-2.34317891058574444874318651165201e-07
4.88300000000000000000000000000001e+02,1.34963761376928910231394615372318e-10,3.07017847907968127494571372293891e-09,7.44736155613813447624389870193392e-07,7.12401285811658977315482151176983e-07
4.88399999999999999999999999999999e+02,-3.38221757407236080833540695346682e-11,-1.15668471712875865799870535738625e-09,7.38602463142376993673364829965137e-07,1.51338628471660896406829980107532e-07
4.88499999999999999999999999999999e+02,1.36979520433752387976878005811048e-10,5.08215768615342421216704835447466e-11,7.40730524496814505463630416063532e-07,-4.95027939618643388258194507599936e-07
4.88599999999999999999999999999999e+02,-3.62886066193845005715447550912248e-11,1.88209039385459442699677195032135e-09,7.42133486567385252199010810470368e-07,-1.96180696893465918768407730118041e-07
4.88699999999999999999999999999999e+02,1.31413760395398219923467395268020e-10,-3.65633539795373537763491027328485e-09,7.42355597376972088086760650923208e-07,-6.85612025448706571101880375443855e-08
4.88800000000000000000000000000001e+02,-1.63468227754514208542146778712324e-11,5.06132164665269395522150077937675e-09,7.42455553205912304191883624190540e-07,4.48179723521973625689785789301132e-07
4.88899999999999999999999999999999e+02,1.09660821451983518589223600209166e-10,-5.71778843887660248781523525045222e-09,7.36551518993676904381533400016951e-07,4.36760451625882859744981135748526e-07
4.88999999999999999999999999999999e+02,3.74472526782845394889656233362534e-12,7.22899619840184676336890394714312e-09,7.36629207233343368498025746093489e-07,-6.37000415351330263103571945206323e-07
4.89099999999999999999999999999999e+02,8.05653338031558149804110520400914e-11,-8.22121258168396207458956883847926e-09,7.42746754238598561453597036473651e-07,-4.65960079684696656235739391702145e-07
4.89199999999999999999999999999999e+02,4.33043670388463461194343346139534e-11,8.52830718294779303873156256636676e-09,7.40197589983787800931181759537979e-07,4.58915689830752924235051540993226e-07
4.89300000000000000000000000000001e+02,4.49096127150623755482412720291285e-11,-8.18815191138794576341995480057368e-09,7.36263224748732404397204957409884e-07,2.72077209933314622259521180396140e-07
4.89400000000000000000000000000000e+02,7.44892119229553001721032147313023e-11,8.38939545509495958103440872557700e-09,7.36764623213081893929358027723099e-07,7.88910649791094932042839515528808e-09
4.89499999999999999999999999999999e+02,8.19030519330734723933463396142501e-12,-7.81372259177473071434401570605851e-09,7.36186520362673719064041205418741e-07,-1.48031688374933213324775430209919e-07
4.89599999999999999999999999999998e+02,1.12078077376442018340010810803352e-10,6.43198561251276165979808233416094e-09,7.37862916364327635536749695952753e-07,-4.78636856003621597966761411684582e-07
4.89699999999999999999999999999998e+02,-1.73813080555926677502163917498869e-11,-4.91156651352744968474114182962946e-09,7.38548914434775979239842080531307e-07,1.87250317902473990851840034697588e-07
4.89800000000000000000000000000003e+02,1.29328584574743601500215345329110e-10,3.82698004504951192695844403357338e-09,7.33741092568726326704081203039601e-07,5.20514541129799450472975897750928e-07
4.89900000000000000000000000000001e+02,-3.61642812868034964158936902676687e-11,-2.14934146336366840390749093323512e-09,7.34187700787714527670125567611377e-07,-2.61788320795182350474087738375417e-07
4.89999999999999999999999999999998e+02,1.40905044813278047968608808085737e-10,-6.92126009853623342040623872267244e-11,7.36802327405482279253460535978501e-07,-8.27997335348406347341877724519333e-08
4.90099999999999999999999999999998e+02,-3.24732759206627090976535017710525e-11,1.67676244137194468174453184951124e-09,7.33174235961867682745702742933734e-07,1.45258124687075059393850304165012e-08
4.90200000000000000000000000000000e+02,1.30462780669737750073251215814173e-10,-2.84604961562405611264715940288550e-09,7.33827212011449018603033267595984e-07,-3.53485378468707801970567356537536e-07
4.90300000000000000000000000000002e+02,-2.44616697468801052957869076695166e-11,4.34080890257163892535707865637958e-09,7.35504470203517754833051077554921e-07,3.39612072413425927207778455488786e-07
4.90400000000000000000000000000002e+02,1.13699490266629876028992239645462e-10,-6.12514450139781865969334229734747e-09,7.32017208354395220585566844770134e-07,3.12643788268394261127199740534761e-07
4.90499999999999999999999999999998e+02,4.27755007424156917106445331851108e-12,6.94187720445357330827585921416147e-09,7.32012161537535264809932072602597e-07,-3.01422892993593544003674033607110e-07
4.90599999999999999999999999999998e+02,8.32545756907447562997368139052952e-11,-7.55754265361081020417552371503044e-09,7.32007921617039499238039114369738e-07,-6.71629006031777634706480532407385e-08
4.90700000000000000000000000000000e+02,3.13756324616290004141071384389417e-11,8.34364096342894172171748092814503e-09,7.30843490419091925206215977398673e-07,-2.07916843122993850847992874931058e-07
4.90800000000000000000000000000002e+02,4.72537686971382023019381687445157e-11,-8.97071879687692800841383757642935e-09,7.34091151681045247666626234399290e-07,-2.56648885916705832615901187912511e-08
4.90900000000000000000000000000002e+02,7.35472783400310697573447798576720e-11,8.30928225588021755483331578089796e-09,7.31769973115067998162273843372198e-07,6.48841647357417040462765155159921e-07
4.91000000000000000000000000000000e+02,1.16523192825214901959643648543930e-11,-7.51654974356220896337727031535470e-09,7.26162051492780690305481146955569e-07,-3.83771021566036393518501889289692e-08
4.91099999999999999999999999999997e+02,1.01201973516643918528186628592240e-10,6.85206053881597986344422955627586e-09,7.29527673648565062130020842884063e-07,-6.80983710158166357695215923061177e-07
4.91200000000000000000000000000001e+02,-1.92746862088217613406434805417602e-11,-5.82151836242832792803412520255640e-09,7.32532483639524891148797692440986e-07,-3.10194717356826428276864137920640e-08
4.91300000000000000000000000000002e+02,1.29235545410981957603863464056115e-10,3.83376116073704247845941384479556e-09,7.29755628315508391790405834925723e-07,3.32098495917831325967789022008894e-07
4.91400000000000000000000000000002e+02,-3.34311299071205482389095454052228e-11,-2.14234569547306171250299360019689e-09,7.28227686484175782564519821517871e-07,2.67916017753185892482327266707391e-07
4.91500000000000000000000000000000e+02,1.34493805786794738927991687752450e-10,8.42380022377387636660571223033231e-10,7.25596536857518803978650121943040e-07,1.02027961334704208875685851336166e-07
4.91599999999999999999999999999997e+02,-3.95230549803195099334667722446250e-11,8.36776248596419098768499734675921e-10,7.26138439495026303061468325918301e-07,-6.14512129017393160086545133628678e-07
4.91700000000000000000000000000002e+02,1.33394431057253117161655282301597e-10,-2.91401612454605670436058333175950e-09,7.31669952320376767484149145455486e-07,-3.10042367297085443709378570873612e-07
4.91800000000000000000000000000002e+02,-2.36851115586403178364284474959972e-11,4.31250288833654125202711562359966e-09,7.27849084940901461944195174871206e-07,7.16606989493406288441946587077013e-07
4.91900000000000000000000000000000e+02,1.13257152243606171067833766941324e-10,-5.20109853092590699497253077268467e-09,7.22625258113315562492283701532050e-07,1.84882433118785134311298239700394e-07
4.92000000000000000000000000000000e+02,-5.75604237031126745980745379062396e-12,6.54756292708731195518216554439752e-09,7.25833028227034337317212812722690e-07,-3.50607800956930110298818231907123e-07
4.92099999999999999999999999999996e+02,8.76930615925642669714630249724015e-11,-7.89321579417294014996467554246906e-09,7.26132212927896137253729629432775e-07,-1.04275652448352866708128540941691e-07
4.92200000000000000000000000000001e+02,3.15543544445033102749777188423080e-11,8.35333529922041712209590583225098e-09,7.25705710623061726383120941855641e-07,-2.39828759922924925992280735555560e-07
4.92300000000000000000000000000001e+02,5.17024926674325327274479422933644e-11,-8.31173506089162048378285045405844e-09,7.26087284491506532199885079836433e-07,2.40658398301502902043621538428691e-07
4.92400000000000000000000000000001e+02,6.33432430525200560593594959365599e-11,8.53508644730180188492072442294938e-09,7.21984783145294178371834848519276e-07,4.56331341155908684045846396758642e-07
4.92500000000000000000000000000001e+02,1.48921037622079124310768764272569e-11,-8.28153934425750324807484476480638e-09,7.22704975505681788262953552351026e-07,-3.61475233162233600653063958470906e-07
4.92599999999999999999999999999998e+02,1.03105657401296585866004572859276e-10,6.97330528969678067775051627465811e-09,7.25294485666792779779354562662991e-07,-1.94755492187629339888800839753417e-07
4.92700000000000000000000000000001e+02,-1.37749065331993010122433575020780e-11,-5.53889928974712336574318723211631e-09,7.21942968682123409456397780687892e-07,1.26652994836680994657234276826165e-07
4.92800000000000000000000000000002e+02,1.22437282222341542479659659617847e-10,4.47229512111664616079067034263628e-09,7.21914735494842090343198161179008e-07,-1.85229582461216337637156420818257e-07
4.92900000000000000000000000000000e+02,-3.41405022118020708029053342096305e-11,-3.07329057696750554390265365140113e-09,7.23833263212252522678604691611560e-07,2.56318380077284707582454535673679e-07
4.93000000000000000000000000000001e+02,1.38541171371530279222862759844279e-10,9.06888627944330547430523191659832e-10,7.20393168045417079741133239505281e-07,3.09781736299493146114066894000619e-07
4.93099999999999999999999999999999e+02,-3.55947873028844808066405110900998e-11,7.53302752287128523111894343374026e-10,7.19368435513152879737176318478807e-07,-4.30917026593138530867494114350383e-07
4.93200000000000000000000000000000e+02,1.31734417581425200914941250046805e-10,-2.04662504045696363994683805459959e-09,7.21579009876795473179497802258312e-07,-1.94394812644350690409116956149938e-07
4.93300000000000000000000000000000e+02,-3.02774601836011324905709841026563e-11,3.51952434691649972286469679818828e-09,7.20496542268234872848048140558746e-07,1.21372390773288457366881521746670e-07
4.93400000000000000000000000000000e+02,1.19005521265825006726249392692730e-10,-5.48628307030303164126388672885179e-09,7.21026647096950342180297252008809e-07,6.94100363396409707219542760679450e-08
4.93499999999999999999999999999999e+02,-4.45213435140456876278210789979887e-12,6.45682790652991816419841866982578e-09,7.19377660426650584853972518947732e-07,4.34068521274055389413566653506762e-07
4.93599999999999999999999999999999e+02,8.96223697742771668347901752849659e-11,-7.19447879785334568528748204689425e-09,7.14773667942527765232590602837773e-07,-1.72864345200214534226069784741719e-07
4.93699999999999999999999999999999e+02,2.11501179754041794166891680738446e-11,8.00122940948607419484724077466743e-09,7.19167755438059438690400301077252e-07,-7.45105518304545667003581259209390e-07
4.93800000000000000000000000000001e+02,5.61867241651378492698024302210984e-11,-8.94994843221679820449877860815179e-09,7.22215181347901989697362155122038e-07,2.57950292276868546478930304739917e-07
4.93900000000000000000000000000001e+02,6.28088804229104813346085605934098e-11,8.54057914606923810179116401845203e-09,7.16411971851975835410500639824226e-07,5.39682031142024360274772990264446e-07
4.94000000000000000000000000000001e+02,1.82747121985121567511780870453218e-11,-7.92925886578099875905390858047546e-09,7.15109071275154533428057391740181e-07,-2.62296389225937568250215386225457e-08
4.94100000000000000000000000000000e+02,9.22058453894276917302853360041475e-11,7.28331327337456152002234688617717e-09,7.15529210311712435295895964555735e-07,-1.63955054477229100540377497735835e-07
4.94200000000000000000000000000000e+02,-1.39829895990632682096891085181915e-11,-6.48143259385711973338720899464277e-09,7.16315833032489192214290894571910e-07,-4.67708929481058334465688040761079e-07
4.94300000000000000000000000000000e+02,1.22904753955948980309823414306492e-10,4.57245137059672637622813510813278e-09,7.19582746359429796411639439021605e-07,-2.78638798606056100042936995907283e-08
4.94400000000000000000000000000001e+02,-3.21568043735425896868946160178484e-11,-2.93226478138875897653927629562036e-09,7.15036052054036628056714404291959e-07,7.27803378168304167798589227514359e-07
4.94500000000000000000000000000000e+02,1.30541994063095497568515509748145e-10,1.67041811893203820384524665854457e-09,7.10656359722216869087177755460637e-07,2.17151202148771555663614867062279e-08
4.94600000000000000000000000000000e+02,-4.12818747235881924455687687469974e-11,-1.68101900358219597899467781984603e-10,7.15203848105304883506409441765940e-07,-5.70003421537745821461201271972510e-07
4.94700000000000000000000000000000e+02,1.34330709451349088134673820879794e-10,-1.94363724011869806376603414221764e-09,7.16225343841768121400833192736332e-07,-2.98074360725784052831777351634972e-08
4.94799999999999999999999999999999e+02,-3.07065730712337343852672534863393e-11,3.55706228109600356025982658066129e-09,7.13308913388976589987858988401871e-07,8.95429877145906751414942204265406e-08
4.94900000000000000000000000000002e+02,1.16548245732926548919665854244034e-10,-4.56228090416642483585848155389531e-09,7.13362350618775757843004985749055e-07,1.45660686667677143130647265724246e-07
4.94999999999999999999999999999999e+02,-1.48381238782211683386315868932949e-11,5.99556051005192658020729150155853e-09,7.11469572452470931917076770473189e-07,3.14539781818818344004241045139824e-07
4.95099999999999999999999999999999e+02,9.38571888103123917552722871007451e-11,-7.42868640102347923413188257483230e-09,7.11281799326762573912132093081675e-07,-3.53388279070673876889371642609017e-07
4.95200000000000000000000000000001e+02,2.03112719149318386757229606605184e-11,8.18375581824649223214441714620915e-09,7.13953815045020076704107673723083e-07,-3.06860299366548479038257807076583e-07
4.95299999999999999999999999999999e+02,5.80355200248378021229636054451525e-11,-8.14721491642900394842841002542665e-09,7.11054435632326249824230273384482e-07,3.06040018399648090122460927334127e-07
4.95400000000000000000000000000004e+02,5.15429753316394437914745092036843e-11,8.62973707321485755706717857542474e-09,7.09878993514404947442062517738331e-07,-6.54763163843755056086719592849610e-08
4.95500000000000000000000000000000e+02,2.21877673532525138704844580512791e-11,-8.51460450077799263435364282019555e-09,7.12504585397305677033282506292068e-07,1.19774586231943812944349962615101e-07
4.95600000000000000000000000000000e+02,9.29024375910185624412271037659144e-11,7.63863167714690827149928634384073e-09,7.08803451898219267229041910660599e-07,2.74839312512225267777573225594200e-07
4.95700000000000000000000000000001e+02,-9.95755967540354970333141242433953e-12,-6.06256176300040634900889202150063e-09,7.07776735111437411916206179758854e-07,-5.41862760845793570097157768354100e-07
4.95800000000000000000000000000001e+02,1.15026575542929253148462599453549e-10,5.22924939600076168541598686340624e-09,7.11384485231657302686127310967889e-07,-1.65033593957102261397154686059357e-07
4.95900000000000000000000000000003e+02,-3.18778783940756499667277187429265e-11,-3.75126956591643814574569195588156e-09,7.09548094364106067842603854305365e-07,3.89388733581400172297972475191837e-07
4.96000000000000000000000000000000e+02,1.34789373720015406891521899787991e-10,1.92811783856492776086008473923604e-09,7.08164039322465899330869049275749e-07,9.41594903655747526199231964729439e-08
4.96099999999999999999999999999998e+02,-3.74133886971906263804483425288262e-11,2.01786293196217394864390045555311e-12,7.07225564699176022774235587532384e-07,1.38121019462173126877971246958981e-07
4.96200000000000000000000000000003e+02,1.31564939584538604516075464784207e-10,-1.03823632555707556220973968157248e-09,7.04946293575168582371577208479102e-07,-2.92484405093881883546414697087972e-07
4.96300000000000000000000000000001e+02,-3.51684966881467722132641391306469e-11,2.72712346730596217178100204770470e-09,7.08858360997554425877554678459820e-07,-5.48984495365470885151432594485038e-07
4.96400000000000000000000000000003e+02,1.23958819032415775445519704821993e-10,-4.58247557910974175560437950690877e-09,7.10495374580584151631693515129934e-07,4.51977850863182322753776152463209e-07
4.96500000000000000000000000000000e+02,-1.29175035849173703784729411360259e-11,6.06181439011541505252231460639135e-09,7.03754867085788698979475739703820e-07,5.82971389846661890772222628182252e-07
4.96599999999999999999999999999998e+02,9.60950431097316328368705262349922e-11,-6.70574610401339536917846789640341e-09,7.02805039316945384167368069421268e-07,-3.32213914647424358123531373424971e-07
4.96700000000000000000000000000003e+02,1.20992761754879506788273540369488e-11,7.77222924639769461399792039258028e-09,7.06514711807343407091837438893651e-07,-3.86424852550981364530016681955496e-07
4.96800000000000000000000000000001e+02,6.49833115855230914228892404345761e-11,-8.68520041437217335789061444500113e-09,7.06301927441746646612636372680390e-07,-1.01860305760581079152157611174780e-07
4.96900000000000000000000000000002e+02,5.28388274394880993632271633259731e-11,8.70197321526724452890781146979322e-09,7.06246721059196317783114519572538e-07,1.61129221783919053502091783164981e-07
4.97000000000000000000000000000002e+02,2.64083070840667438934246798228778e-11,-8.08633652874058976426881775856170e-09,7.03127473147326098808604757206661e-07,5.65353720638892323850809410492082e-07
4.97099999999999999999999999999998e+02,8.32845094159223837589265379448943e-11,7.72047515266644657605514743827000e-09,6.99726764503926967925225961381636e-07,-1.31100921101210493214831060256967e-07
4.97200000000000000000000000000002e+02,-6.63329709650991835876185568691175e-12,-7.05802677930454492130795808920180e-09,7.05069835007933766238045298929394e-07,-7.04488715504113111015782653830514e-07
4.97300000000000000000000000000002e+02,1.16986851662159503655510859042438e-10,5.39924834121720066941416678490196e-09,7.05834253670336462479156382812309e-07,1.76694365669684053922890117775387e-07
4.97400000000000000000000000000002e+02,-2.91743333130471410419551828788605e-11,-3.68208628088192250195625023233965e-09,7.00546335215311679220771236722758e-07,3.12186141930336063067969692301740e-07
4.97500000000000000000000000000002e+02,1.27553078034836863700441751244949e-10,2.43452210035057564996848274703962e-09,7.01537133819893672598548246988798e-07,-1.04349458556967404906881865151463e-08
4.97599999999999999999999999999999e+02,-4.05761079060817657175223058132075e-11,-1.06123225503335694316043529422783e-09,7.01278267188536173170082833723701e-07,1.58012347343833387957483500289105e-07
4.97700000000000000000000000000002e+02,1.35103165298285488511006984891769e-10,-1.00874317621774048592591762922713e-09,7.00374535818449463001125623805039e-07,-3.36707920996309684426171239913748e-07
4.97800000000000000000000000000002e+02,-3.49889124427349445891806253533477e-11,2.66891734296311479532338365701557e-09,7.02515581552116487225499766263598e-07,-2.71872542526696555442812655074386e-07
4.97900000000000000000000000000002e+02,1.20552094350200639522109651516711e-10,-3.84067989926516901614160614755396e-09,7.00040398789014845836412654672210e-07,3.98595007482326837864508633103948e-07
4.98000000000000000000000000000002e+02,-2.22002475081752301572484441651810e-11,5.25252989741263762869507245298064e-09,6.98609526470604658174807038988180e-07,4.85247349772770205617859721259742e-08
4.98100000000000000000000000000000e+02,1.01159049317292955543547240334180e-10,-6.98881071175968185865502950516561e-09,7.00773428967641884099914635405539e-07,-3.74226352433971917125508231667334e-08
4.98200000000000000000000000000001e+02,1.03336829544099480612591341075145e-11,7.89333897370470987597610481332322e-09,6.97992413308916445059101522466886e-07,1.21927073073561439175076576617973e-07
4.98300000000000000000000000000001e+02,6.50699382295214396176040452571331e-11,-8.10004639941056917744456496982717e-09,6.96956445432975709474627740924057e-07,-4.53707175174018946112250856369496e-07
4.98400000000000000000000000000001e+02,4.13361299393312704151024790385135e-11,8.49144763302810244516351036452548e-09,7.00638896004788667431650694163409e-07,-1.12346701641500324374888565795015e-07
4.98500000000000000000000000000001e+02,3.02637901548210901419090097415327e-11,-8.71248513119325497527274749655883e-09,6.98726017214686073356714011946693e-07,5.88158853970835883486801167660321e-07
4.98600000000000000000000000000001e+02,8.24638541836579903182652070825206e-11,7.97462941496820860033350605294041e-09,6.95195411114213141132170697417534e-07,5.08406340359844660716202801437997e-08
4.98700000000000000000000000000001e+02,-4.43079776185600001550918975170217e-12,-6.68748750677768537829997637882085e-09,6.96201866020869080547161367644525e-07,-2.62868998168826498400532876969161e-07
4.98800000000000000000000000000001e+02,1.07045417238887132428707133940332e-10,5.81696427001331652944290400062121e-09,6.95986553078412983814949207237680e-07,-2.03782209746710055440806105611262e-07
4.98900000000000000000000000000001e+02,-2.86846888723019532063510238352763e-11,-4.63344748732542937872812078192517e-09,6.97711298805321758280315978338707e-07,-2.64602160304194467493235728924262e-07
4.99000000000000000000000000000001e+02,1.30475025768070281504882247963651e-10,2.77323852357249289492008583164608e-09,6.98393327406856436156612085078406e-07,5.34339227802560460014443051166101e-07
4.99100000000000000000000000000001e+02,-3.88577017225790155297205099160113e-11,-8.85957206604472417438200002129884e-10,6.91593013218083849358457200654365e-07,4.79302374360491565682478842316558e-07
4.99200000000000000000000000000001e+02,1.30293608853892679745025899300810e-10,-2.91042967899427731064889875750430e-10,6.92064677226621407708907103740074e-07,-6.60442898894558340070370844213608e-07
4.99300000000000000000000000000001e+02,-3.89123855188417695634346133610301e-11,1.78096453937195405765733794554105e-09,6.97648249691094733401405263524937e-07,-3.69102956521062913912604195412870e-07
4.99400000000000000000000000000000e+02,1.26969596157417431778639469897160e-10,-3.74603854128674667910573877709344e-09,6.95269478298944327743432788813955e-07,2.78049947760500606382268159510046e-07
4.99500000000000000000000000000000e+02,-2.12997605639169707214025930305483e-11,5.33762065119855812995820820973476e-09,6.93077777475448160709876462738602e-07,2.49392818273695740216745217242294e-07
4.99600000000000000000000000000000e+02,1.01873419344080108808859904391007e-10,-6.25306724927928793314589167662352e-09,6.91736008965382771601836271311668e-07,2.84146415087759450728354935664803e-07
4.99700000000000000000000000000000e+02,2.38432714910994767217048040512542e-12,7.34507417222792518882659186055065e-09,6.90249523676991047726578105948541e-07,-3.10663196116387983960144193911160e-07
4.99800000000000000000000000000000e+02,7.29899238807720342038345340669226e-11,-8.53655301332975833613630520070915e-09,6.94735769498344782255411866325689e-07,-5.85011658790834703223743046513236e-07
4.99900000000000000000000000000000e+02,4.22664703566336709217951913101855e-11,8.70570004688480077922859686153870e-09,6.94404618351643535512955126391371e-07,3.37519592270503027960435128977896e-07
5.00000000000000000000000000000000e+02,3.35124487469884433932089556268320e-11,-8.27240336949303269188008874564283e-09,6.88714909064016311972297471927632e-07,4.39414035789215005779839053763798e-07
5.00100000000000000000000000000000e+02,7.36799483682741984979928294078524e-11,7.88478254105528739251115499205085e-09,6.90005991814782333924154737342312e-07,-1.82280673120345202964577818669602e-07
5.00200000000000000000000000000000e+02,8.73600340255255719777261787210125e-13,-7.55450123253133176928276948632524e-09,6.91722988690316259400186417658177e-07,-7.51964107120179270550312698001195e-08
5.00300000000000000000000000000000e+02,1.09022982968777723418850830228103e-10,6.06932106659821512946099263092818e-09,6.89649199967688799665803481224272e-07,-1.60968526240772535441345089270022e-07
5.00400000000000000000000000000000e+02,-2.56451863098792340066323795800333e-11,-4.54477111020561255682192675297510e-09,6.90600740249105110987656615638771e-07,-2.15076574154058694622424519805689e-07
5.00500000000000000000000000000000e+02,1.23376574746153422705077433743988e-10,3.18971091538784892603803016215070e-09,6.89746226615282065845159145431589e-07,4.36806932682346272531706525361972e-07
5.00600000000000000000000000000000e+02,-3.97677859447578464154042673088530e-11,-2.01666347086662121726709531628963e-09,6.87340730863057221181807170268542e-07,1.40152251889889386603643044807409e-07
5.00700000000000000000000000000000e+02,1.34784102621902928105057140230455e-10,-1.60017115632157376530075451469295e-10,6.89347067390557230910204468639765e-07,-2.95352588664767625889357305018648e-07
5.00800000000000000000000000000001e+02,-3.87502064570241753284442775562446e-11,1.79540728170971490021913531488876e-09,6.87798093840389254854793647368882e-07,5.16801298463767800817520786730808e-08
5.00899999999999999999999999999999e+02,1.22997832372263087643829351283232e-10,-3.16352417905729933833231760563270e-09,6.86252680331475681665009977996709e-07,-2.78354351303127387762773519306103e-07
5.00999999999999999999999999999999e+02,-2.84869654208569565371636948697545e-11,4.39608267821575545314599944706005e-09,6.89985496993003414720588194452128e-07,-1.66149018320230717163523961796497e-08
5.01099999999999999999999999999999e+02,1.07514657995923134745282784091419e-10,-6.39085751022308357745861486528684e-09,6.87326024904751908327428213051172e-07,6.65638241354959158160189645915628e-07
5.01199999999999999999999999999999e+02,3.37921704556754284685054248109600e-14,7.43787063063253052742381515844922e-09,6.83201871839322007892927217240836e-07,-1.48631026557445945449261888516196e-07
5.01300000000000000000000000000001e+02,7.21897525258598948161156740781668e-11,-7.99600422509085581938609043056712e-09,6.86096881473818151940693255009974e-07,-5.09393708603069991084617811176100e-07
5.01399999999999999999999999999999e+02,3.08977282206002213933506502585462e-11,8.34661264602078756075435439383783e-09,6.86815140431322457426655707998927e-07,-1.81269899908214877295883160899192e-08
5.01499999999999999999999999999999e+02,3.79341831161060105705031448789588e-11,-8.86601534978446157458569105068825e-09,6.86416764987765460266035331673547e-07,7.43997317521534734019384055972522e-08
5.01599999999999999999999999999999e+02,7.18360815150936179099736337129467e-11,8.23276878493353353029712374663009e-09,6.85599328635634690001455415481260e-07,4.60484538885893211108184571708901e-07
5.01699999999999999999999999999999e+02,1.02054681034003956963872512252870e-12,-7.14798587780390142910397891012538e-09,6.80914876112037874079567972999211e-07,1.70089167703472382964706251422231e-07
5.01800000000000000000000000000001e+02,9.78622537977163570649895581561354e-11,6.29005110286700279568030202593132e-09,6.82455308968443732884892160757863e-07,-7.51973388825507734366735025939200e-07
5.01900000000000000000000000000001e+02,-2.45061780995770909929135104120900e-11,-5.40075986187824965918960131658216e-09,6.87798823295077870956261781598919e-07,-2.31576906162823343292362084641946e-07
5.01999999999999999999999999999999e+02,1.24311922881573710411751565765137e-10,3.69942047933567912157273322897112e-09,6.84084209510254207139966421377444e-07,6.15156106663325861226457585247298e-07
5.02099999999999999999999999999998e+02,-4.00384568976368626350005093103645e-11,-1.79605213512604683751319614251009e-09,6.79976236559596379099716919697856e-07,2.13460081401816587262234325373300e-07
5.02199999999999999999999999999998e+02,1.28007894609695860004251758869737e-10,5.50355697722409497737317777406468e-10,6.81571028530584366658599028633189e-07,-1.48425487988078539350740448506868e-07
5.02300000000000000000000000000003e+02,-4.27523365894258983115996987101159e-11,9.54954488529540557697770424797972e-10,6.81563620991756273931523080991398e-07,-2.92181556095083575004863756775907e-07
5.02400000000000000000000000000001e+02,1.28330269050359815569451629248342e-10,-2.86373440764287140862575015879768e-09,6.83416050810105630400843742049468e-07,-3.52566312220079495956953719549310e-07
5.02499999999999999999999999999998e+02,-2.92426758005185811164079429816248e-11,4.69083637835765980142267060311620e-09,6.83000158574479964819668502730080e-07,4.41791523411962193207494868903398e-07
5.02599999999999999999999999999998e+02,1.05804187765441851226543621250794e-10,-5.58377654061128645269690478471947e-09,6.77374699628493626311662232612616e-07,4.56499635833124068184898542348598e-07
5.02700000000000000000000000000000e+02,-7.47333676504157197399973457444966e-12,6.87361968871384222035012489218577e-09,6.79364660424589164078072905028961e-07,-4.37903678880976165224872330333147e-07
5.02772588722239781237668928485831e+02,5.08706339326566538703619145610896e-11,8.56913172100833796540103173359340e-09,6.79002868493197512617476087257190e-07,-6.72113625839300485117747560827315e-07
