145 16
0.0 0.0 0.0
0.0044779705614302809738367496877130949018401418129152 0.0 0.0
0.014853334014071067396032915600378922078186758021878 0.0 0.0
0.030717291463038282148874907793745557547266267155479 0.0 0.0
0.051495169895385882434180107104591117198931156301598 0.0 0.0
0.076435766778316410146044432082656124720808892005862 0.0 0.0
0.10463759440575382634879421987745703124003044759995 0.0 0.0
0.13508133774694710194928949754114767144250126284625 0.0 0.0
0.16666666666666666666666666666666666666666666666667 0.0 0.0
0.19825199558638623138404383579218566189083207048708 0.0 0.0
0.22869573892757950698453911345587630209330288573338 0.0 0.0
0.25689756655501692318728890125067720861252444132747 0.0 0.0
0.28183816343794745089915322622874221613440217703174 0.0 0.0
0.30261604187029505118445842553958777578606706617785 0.0 0.0
0.31847999931926226593730041773295441125514657531146 0.0 0.0
0.32885536277190305235949658364562023843149319152042 0.0 0.0
0.33333333333333333333333333333333333333333333333333 0.0 0.0
0.33624401419826301596632722063034684501952942551173 0.0 6.4106647502926768682433704134814548128642508544459e-50
0.34298800044247952714075472847357963268415472604755 0.0 0.0000000000000035300411260862088610585608696699187670132585566988
0.35329957278430821673010202339926794573905640698440 0.0 0.00000019529242430759167610889068412553463747908016414749
0.36680519376533415691555040295131755951263858492937 0.0 0.00016403988032460696075812156423572792554606262222678
0.38301658173923899992826221418705981440185911313714 0.0 0.0042126747189605329339846066121594965215762040148272
0.40134776969707332046004957625368040363935312427330 0.0 0.025579162509340797565463419627690502092245461149411
0.42113620286884894960037150673507931977095915418340 0.0 0.076773229791166230074267256671854867333080731166852
0.44166666666666666666666666666666666666666666666667 0.0 0.15664352743853190402179986470552606889958943094832
0.46219713046448438373296182659825401356237417914994 0.0 0.25391932075370748152563854523110602434574617068703
0.48198556363626001287328375707965292969398020906003 0.0 0.35549293556101368387283047156501207360131307652526
0.50031675159409433340507111914627351893147422019619 0.0 0.45096822099983274628414503360179546618533003467427
0.51652813956799917641778293038201577382069474840396 0.0 0.53366226358357836654293037803805774748285114433232
0.53003376054902511660323130993406538759427692634894 0.0 0.60002244518876019379582823469195327480840966212108
0.54034533289085380619257860485975370064917860728578 0.0 0.64864541220668946805856880954702451512790044614928
0.54708931913507031736700611270298648831380390782161 0.0 0.67934430046284534630878599491920376660275268233126
0.55000000000000000000000000000000000000000000000000 0.0 0.69230419545711353413505782355924836312708710628717
0.55201508675264362643822653735947089270582806381581 0.0 0.70117014730308258740776753647263143186856806756119
0.55668400030633198032821481202017051493518404110985 0.0 0.72136828964061498726392028768426619383548096651303
0.56382278115836722696699370850718550089626982021997 0.0 0.75128429690704046261273062332057892436313543885199
0.57317282645292364709538104819706600273951902033572 0.0 0.78859504392442066932117099299073841417206573783918
0.58439609505024238456571999443719525612436400140264 0.0 0.83037413451255856770715530487846141306446334617457
0.59708691748258922185695739894485566405801370141998 0.0 0.87332530945950117094835015455485951691829078303922
0.61078660198612619587718027389351645214912556828081 0.0 0.91405862364923872407077447891005832847023911802941
0.62500000000000000000000000000000000000000000000000 0.0 0.94937818390913179120979102325816038943344070082339
0.63921339801387380412281972610648354785087443171919 0.0 0.97656927208112807746219715124700969524705613993077
0.65291308251741077814304260105514433594198629858002 0.0 0.99369942994740515950735966130634298976500564545523
0.66560390494975761543428000556280474387563599859736 0.0 0.99995959657576384281130817717072414755406027204964
0.67682717354707635290461895180293399726048097966428 0.0 0.99603831522261610985764275883899127739806868054737
0.68617721884163277303300629149281449910373017978003 0.0 0.98441913287919117466333174619569619943528570366731
0.69331599969366801967178518797982948506481595889015 0.0 0.96933631058570774399809771390902266447564805771750
0.69798491324735637356177346264052910729417193618419 0.0 0.95604906636900978738369264894231910033653296969531
0.70000000000000000000000000000000000000000000000000 0.0 0.94937818390913179120979102325816038943344070082339
0.70104485979766706556056190826046638881042936642301 0.0 0.94568186568300480597449789152524216155473124197969
0.70346577793661658239240768030675508181824357687177 0.0 0.93646386691942669526350175454339756797475563683641
0.70716736800804226583473747848520729676102879566961 0.0 0.92048504106295834633301538894045466406478369021712
0.71201553964225670590130869165773792734641726980371 0.0 0.89573707821688864446840153354499436463309254030582
0.71783501224827382903407703415261976243485540813470 0.0 0.85944970642444990186436374623179970741296010174708
0.72441543869467589281471865130473997395600710443999 0.0 0.80809991094519879343300563063034004506887288017309
0.73151897880762099045483421609293445666991696133079 0.0 0.73753214326349558899663556741963116693117351430960
0.73888888888888888888888888888888888888888888888889 0.0 0.64341495080186488409443212621529087947499005689920
0.74625879897015678732294356168484332110786081644699 0.0 0.52257549141285291409839372373245484038603131831727
0.75336233908310188496305912647303780382177067333779 0.0 0.37635810511014364033421115371744005016923881644383
0.75994276552950394874370074362515801534292236964308 0.0 0.21769306369559634451264713321655267924205190753920
0.76576223813552107187646908612003985043136050797407 0.0 0.080464885972036418022608170561431081803816228033831
0.77061040976973551194304029929257048101674898210817 0.0 0.010087958357064088614896695820258575484331110911295
0.77431199984116119538537009747102269595953420090601 0.0 0.000040708996147220291728727946771360513915748802049150
0.77673291798011071221721586951731138896734841135477 0.0 7.2140537291655900849141834471186745941868960573963e-16
0.77777777777777777777777777777777777777777777777778 0.0 0.0
0.77941970031696888080151791932993924590845249644251 0.0 0.0
0.78322400024960383582298984683125004920644625571913 0.0 0.0
0.78904078464755848123236524396881781554510874240145 0.0 0.0
0.79665934007275260133697715038279452075071920175503 0.0 0.0
0.80580422559649379483132740287475169017540770484659 0.0 0.0
0.81614489572655418077233565839951202256578894189776 0.0 0.0
0.82730760161832504849251726020953192397336157415474 0.0 0.0
0.83888888888888888888888888888888888888888888888889 0.0 0.0
0.85047017615945272928526051756824585380441620362304 0.0 0.0
0.86163288205122359700544211937826575521198883588002 0.0 0.0
0.87197355218128398294645037490302608760237007293118 0.0 0.0
0.88111843770502517644080062739498325702705857602275 0.0 0.0
0.88873699313021929654541253380895996223266903537632 0.0 0.0
0.89455377752817394195478793094652772857133152205864 0.0 0.0
0.89835807746080889697625985844783853186932528133526 0.0 0.0
0.90000000000000000000000000000000000000000000000000 0.0 0.0
0.90094037381790035900450571743441974992938642978071 0.0 0.0
0.90311920014295492415316691227607957363641921918459 0.0 0.0
0.90645063120723803925126373063668656708492591610265 0.0 0.0
0.91081398567803103531117782249196413461177554282334 0.0 0.0
0.91605151102344644613066933073735778619136986732123 0.0 0.0
0.92197389482520830353324678617426597656040639399599 0.0 0.0
0.92836708092685889140935079448364101100292526519771 0.0 0.0
0.93500000000000000000000000000000000000000000000000 0.0 0.0
0.94163291907314110859064920551635898899707473480229 0.0 0.0
0.94802610517479169646675321382573402343959360600401 0.0 0.0
0.95394848897655355386933066926264221380863013267877 0.0 0.0
0.95918601432196896468882217750803586538822445717666 0.0 0.0
0.96354936879276196074873626936331343291507408389735 0.0 0.0
0.96688079985704507584683308772392042636358078081541 0.0 0.0
0.96905962618209964099549428256558025007061357021929 0.0 0.0
0.97000000000000000000000000000000000000000000000000 0.0 0.0
0.97032706145231675315070212259203347122531932812641 0.0 0.0
0.97108485594707354736621391678186247261446416412001 0.0 0.0
0.97224352568185026916436112867578357588289803608554 0.0 0.0
0.97376109776119283498615826185960548363559042358704 0.0 0.0
0.97558270594871350808304264631430273853064763649866 0.0 0.0
0.97764250749838477684023929298032568611714387552108 0.0 0.0
0.97986605380681536638248735073226859397940488925746 0.0 0.0
0.98217297909957260000000000000000000000000000000000 0.0 0.0
0.98447990439232983361751264926773140602059511074254 0.0 0.0
0.98670345070076042315976070701967431388285612447893 0.0 0.0
0.98876325225043169191695735368569726146935236350135 0.0 0.0
0.99058486043795236501384173814039451636440957641296 0.0 0.0
0.99210243251729493083563887132421642411710196391446 0.0 0.0
0.99326110225207165263378608321813752738553583588000 0.0 0.0
0.99401889674682844684929787740796652877468067187359 0.0 0.0
0.99434595819914520000000000000000000000000000000000 0.0 0.0
0.99440289820554060868282810753047479265680032259780 0.0 0.0
0.99453482700079364416630491869885683043552494592883 0.0 0.0
0.99473654646862153647479760207115553467612122542924 0.0 0.0
0.99500074930662389533907730410150885347736073497497 0.0 0.0
0.99531788353663673916013702702609009778746844628563 0.0 0.0
0.99567648621689991560405990693939047018904831419020 0.0 0.0
0.99606359616252538430404594942252170314778691541780 0.0 0.0
0.99646522203433895000000000000000000000000000000000 0.0 0.0
0.99686684790615251569595405057747829685221308458220 0.0 0.0
0.99725395785177798439594009306060952981095168580980 0.0 0.0
0.99761256053204116083986297297390990221253155371437 0.0 0.0
0.99792969476205400466092269589849114652263926502503 0.0 0.0
0.99819389760005636352520239792884446532387877457076 0.0 0.0
0.99839561706788425583369508130114316956447505407117 0.0 0.0
0.99852754586313729131717189246952520734319967740220 0.0 0.0
0.99858448586953270000000000000000000000000000000000 0.0 0.0
0.99860350176134926345411507734938591465904596203896 0.0 0.0
0.99864756118207710453312412692331479993704769817314 0.0 0.0
0.99871492814987953975424001095449798962023470252922 0.0 0.0
0.99880316229144589909384064367829886343495264550513 0.0 0.0
0.99890907359337612966996432554704621490675671749624 0.0 0.0
0.99902883384991105192709227986925497650541055057272 0.0 0.0
0.99915811449656238848890275462391299330263330898090 0.0 0.0
0.99929224293476635000000000000000000000000000000000 0.0 0.0
0.99942637137297031151109724537608700669736669101910 0.0 0.0
0.99955565201962164807290772013074502349458944942728 0.0 0.0
0.99967541227615657033003567445295378509324328250376 0.0 0.0
0.99978132357808680090615935632170113656504735449487 0.0 0.0
0.99986955771965316024575998904550201037976529747078 0.0 0.0
0.99993692468745559546687587307668520006295230182686 0.0 0.0
0.99998098410818343654588492265061408534095403796105 0.0 0.0
1.0000000000000000000000000000000000000000000000000 0.0 0.0
11.932291666666666666666666666666666666666666666667 -51.000000000000000000000000000000000000000000000000
-15.001463328416323496483611324186228635663085598454 68.380022114808776987697816636822574489663348228751
3.9363578853229705634064240565945408659283622020863 -26.804959324491382735143684996667162547353827438677
-0.46648346984772159760277621323675437944750761290476 14.827267404751883480893522175494263848100273213358
-1.2149863288343807699357714897662152929695283626012 -9.4604615746299583620225624710860283704396160899680
2.1801434588192208608781087103367091792906640329321 6.5149638054333758388047466311122095870069406643248
-2.7660197591779812964199534840641496856245423467832 -4.6987385720635386279726201191054854179685371414784
3.1123145458251235601548203161986632881434561547951 3.4930638573004720780395820991476211142628630146624
-3.2886816886816886816886816886816886816886816886817 -2.6521626521626521626521626521626521626521626521626
3.3348561715580573714401324154052378388563841943956 2.0450764603573665926867280559563615136872375736128
-3.2755628837598650249305540245111736741389260932242 -1.5953820705418486280616036918623329843268717208053
3.1264111064951010387620640127978334332293443170819 1.2549077432485401421254253123448928492837847423698
-2.8958094798099681039390497326084903718978182117897 -0.99093364287428190732359051589699158023355508115658
2.5842204638797622519533395101534547303898421105003 0.77910334289951719819507935104804001912743431485288
-2.1793506112902696942685215380367773496157076076167 -0.59829085383809595828424735225496015436795360474126
1.6369705845846296853406971402717054018744111769308 0.42319062846849272968423820377631646287730864372420
-0.66145833333333333333333333333333333333333333333332 -0.16666666666666666666666666666666666666666666666667
-2.4609890240735482931823020051260961191456820209657 -11.217737910386650919552974837307030695112583446175
7.7425790935845144985539015284769886145749948600665 0.0
-6.1648758424112792158739628963676158291996830630878 15.416766874732716434340053098777730708062843171506
1.0657927415189591801316745591556224378284813522259 -6.9713319503881195565807050465141670737171984185022
0.18764161598069759864661439265881670818293963315918 4.1596963553550905724751544732850455957862769456261
-0.74482544976313919110057147783964239688287600232723 -2.7767180738939703594772290399928672698699137389619
1.0466358636244516724280679781057194476220553887941 1.9682626113152628566791501374066955527519468029394
-1.2166547399193005145825458814137310829612578553481 -1.4474493380091563528339242296999626133857764416886
1.3035290342375590433521361639722288239948958670328 1.0908837045629188933704787200841494065973475758417
-1.3309761095026372387435738889760766996811341411818 -0.83661685765465757534408708623456635108709455649525
1.3122814150070435844508657214491286957093801858854 0.64991218189588655806909488650251586170497705682398
-1.2553267829640697702927063336129042537290693716812 -0.50949287171884506041062468757778612793947035555653
1.1643294150661266855124153617341405764749773608727 0.40122183553642469593098823712098292130157596798322
-1.0399378150652188056804032157672386844293267703069 -0.31476800005477267507831743613020672447321385903169
0.87747277383348998020912165847920308042080390913719 0.24132374700015558701306711717573913990180432130053
-0.65928984075820523682231966287640162378793029904000 -0.17051510613830982222528199402520434914723545060399
0.26643377690409183756289854836317392590304278167852 0.067123800242313240179642090451456985782608944302412
0.0 0.0
0.36819455993353547497470649448180879342432924317015 2.5072517515026849468867915058480224635189740547152
-3.5150464893667226450666311495451816414323447860701 -8.7902260589920860180301526922383022143471995078485
7.8889092800616097829825771380001075320911858253611 0.0
-5.4104053846722609571162629878933059972785390096102 8.5367781944287267447347644941674174008814815395959
0.78978639115378926218642893281903588863291195860031 -3.9476567285331862194993665299347130943381721837509
0.21935807345618019780093607467416473158296942169633 2.3965323008285297291707186837246472708377038472707
-0.62597588327485364399502984582014296698735723814322 -1.6192135659051390506794777725505991024084328012242
0.82674888254308928050668845944895280419773552422825 1.1572893396585638261664432463522897038384795545767
-0.92707052524121709097874509202165748715810586297407 -0.85586654727832737453991779554997663385968392275235
0.96647030892425128640597087955459725163570871596187 0.64751229956675556556380659554342545923514592067549
-0.96330776794762862784644139708794681082058143727783 -0.49780813292508015828065338808031993345609477463830
0.92722137577778772399951348433009088100558431683485 0.38703914383615104475835754945421470275082151369118
-0.86321238447521201857151426343341471802437406203025 -0.30276178060544525873579383786020050993542112608323
0.77275901314242993580084339694552818281575968305817 0.23626546563717932138602657907358570953090509575597
-0.65294481090556729947332041122515635365576402660799 -0.18041815963707840817496170136314225714155611032426
0.49097450807756432840472659504094834651758576423732 0.12714987091131716657269742803004040038014173727516
-0.19847532734066846009473753263505749191889214537698 -0.049996833724713617941612159549421808464597756474254
0.0 0.0
0.0 0.0
-0.031498654063572475254383861817520545696579181690830 -1.0011908178500373486517663172353302703599244911716
0.43868465583873138493122403094569263602854721392727 2.8694287718970754769212057931130205010673518190335
-3.9057348222812519228567658263912718308044155386893 -6.1626420745718831457530977945873998896234177732458
8.1324263121947774716512780543937167631651791194921 0.0
-5.2517820825933587434216685778731023746387594349547 5.7271361427533189310211046266524429341055711259904
0.73892127847610012997476650722827423516438587404021 -2.6500846835800092957704167980672449821517384914733
0.18624027779379205253796268592917371208299622648938 1.6103554588594534816382901449712977625447802069945
-0.53343151480891099342157114596405530725122212520371 -1.0882304612307237150772314192365691385043086395340
0.69089713889594175438533552616198836680673834404445 0.77728512814983084552666852473463417030868004510246
-0.75949270522720468229598333595857983212208071797647 -0.57410161573882914341138913944874127417271865275822
0.77602294903468898367517834028108063454440160977413 0.43353515138181583199317168207896284778997464942136
-0.75689057868821519520691499149542527443894158964579 -0.33236688065251857146011738445149143012853687107147
0.71002036025544186285402738044822919736470311121928 0.25708124140428952019943623259652951883753115762932
-0.63852134604120667382538273659785495321245481906547 -0.19883132272159775016713068750211098839107813319166
0.54099212396179377900913387525680864061480384846740 0.15081685104462457066735898565107128369306693228198
-0.40740754887014001018736971246254818925807351386876 -0.10582358326978960926969002656692361071924002786054
0.16479160028389051231363869786695306456280281746337 0.041532247415357800493642856910324109000257094433254
0.0 0.0
0.0 0.0
0.0 0.0
-0.066453899541051542273814949078905759476689865379686 0.51744167664468908853771354337590059837830726315983
0.062560785320012294185178148551603180973856688412761 -1.3868664971984532871617361602993634029883039215197
0.46182340038853336984911089153677526798455281312038 2.3083713195849011816862061407415975583046463232309
-4.2540250074451561847611090761986120850292238892072 -4.6390691748361424840054585298384029590826170009592
8.4935998252946186725423869695627990114575048769075 0.0
-5.3227792386758543430952148325774373394167161541468 4.1743535544724589771250540154962570846554169041758
0.76751153210936199514027241391072267147947293451177 -1.9177607072587026988974862383046444557651523043994
0.12927283959535578775276751536667470428823228778303 1.1581378720997950136895678969842590724747987171671
-0.44845907060385765232256034825777194808314497762206 -0.77798104164914125447951941785531628186537211481049
0.58293055501872956140763256513970283371344587777408 0.55240877341588105522546437066471534466400793183364
-0.63341555729025088136443150224281278349566284238215 -0.40557786180527432099196524220855464169805054761071
0.63592294774921404716512158646755749235261832658742 0.30430854301937123872810570645103673351988834517107
-0.60582319039460862545646592794959257555423234290950 -0.23139216772178711334546124584514142437166802095822
0.54963961732016924762570800494006411416829557963239 0.17656024359871708054217562896521043803610038453649
-0.46807346181082127195570990153512173388638783580981 -0.13257055939890782147587423955338893617282618007559
0.35347607858236778211457223047763854770814445212353 0.092404091132563968518362373284608380277584214400153
-0.14313227926564004224495937000203119494764356071786 -0.036161053290990909227273257168753874475381043919159
0.0 0.0
0.0 0.0
0.0 0.0
0.0 0.0
0.10391531432333983286452075179136120397141624110032 -0.31053209315567760020834519568423520833769891751981
-0.21640781437040748875454888202843689155347307627008 0.80677088797824264346597120618678965740047164880304
0.11178031156341910889085085138353399969132801292450 -1.2212230123908544218880170918580617564608362974438
0.52159920216445828846856897631576580482744192062923 1.8706756685560688566943544833480257308020704561633
-4.6385672597914743850160296524988154393353004815018 -3.6377649457780341449349546251096427738295643835165
9.0055735776604972195637532559247667693144982645159 0.0
-5.5572379527015747034681482782154178072603409613833 3.1692655800034857490973611197364256278326372555351
0.84714439704852418863420215198975008357022810667914 -1.4390946687440154376355402616695872957420299631583
0.054531866101105722118909136155466950479468564225038 0.85967037765884082064318132742274708741622402664901
-0.36295654977290125903568456820916694615244444139155 -0.57146020107691680822095104985857977019002114528867
0.48515806395682700155356225774129299377858273323550 0.40161253188194302405807995639200572871750377303016
-0.52448301802384387507745401611546774426870399445864 -0.29180154321605815115980628021956400649470338471338
0.51715396730825405420538557892312673706675875375993 0.21640058308968994462108585459815884749160607094531
-0.47777768625898960798969117889337885499244292866989 -0.16190143109141827171368926131992205645474082270583
0.41096983255020169985408871825063803518014810601420 0.11977430894659459864870327574804889843939820060244
-0.31199866944678157715322399165304770788223081987837 -0.082673959236418931221315735893542854235390589085257
0.12659418423426734447132430423613552125166169802240 0.032216048933900642796965598965787805137839652122955
0.0 0.0
0.0 0.0
0.0 0.0
0.0 0.0
0.0 0.0
-0.12124683214580068203913677493614502211026916354977 0.20596641258748465822166340498461789732755071726789
0.27966278758098670020557735687301271951251087011743 -0.52592293815126520991923933930402317387269854986513
-0.29335259415690101008351033976717037459429944983548 0.75881597477415181295514056252914846083809623760175
0.12090186357114678974399214745278001142042377876165 -1.0453967224192300882401305724798906088678667477658
0.61510740104024651907815845275139641228682979631556 1.5369525474321100462884623153440047514393626524296
-5.1106910971055628780512863373272341202483868221100 -2.9146020958510328588657804205349862738172542529072
9.7209937862521273481853936048142586951626648890313 0.0
-5.9595137700323834557178329031416070602790657181836 2.4496349995354536465264014527164449634777452997886
0.97588244654870643423597968268696036410367259138424 -1.0949083552416870264033485930936134415973953939861
-0.040261362714928288041443091242196287579886858235554 0.64406718827503460820556945726537204070886801003708
-0.27070620026664354304354216798997304542362033169259 -0.42165549462821675211421493694339020637109773593651
0.38822231942703230196942094877135769676887013519373 0.29182000815372386402710716921765266961882004612701
-0.42086304679637353983786862284424170680650250865777 -0.20862164691318189336626280152758003138237864019634
0.40583439323393224734128192734139679084002803153785 0.15167764863165156229993147211091180747077984425749
-0.35675090666801929293437670881161758888865621296832 -0.10980839176968411581309782452619546213036998266738
0.27381356192845743619282571730935253537321799608658 0.074714244111473679419611994358002428005608474615695
-0.11155752563569115333431222728382966703006389743433 -0.028931586044130462267248022864473000788032972713596
0.0 0.0
0.0 0.0
0.0 0.0
0.0 0.0
0.0 0.0
0.0 0.0
0.13109041092513833971842098381457215934436488515603 -0.14712753794615874131391659443722968616748515496557
-0.31237677916028092437405953423010451144173451875645 0.37163342020512054032753665393197993363485740639258
0.37228734021734336933114995995578863473764202055033 -0.52113063497357343609731031794436643598668363587339
-0.33274410825997137007337963284120965603207366779264 0.67881680094073357639934054137908226341975240949335
0.099551005653208124466441339370541151236098256305817 -0.89186398483617069749807967387301888086381158794413
0.74860099797640563623613925506912738843057019404452 1.2716931245224147577963023935163198635289606236937
-5.7264193381762535672635951184261447088539733126682 -2.3538224382250189482383525572520339883282656612871
10.724578669760343097446339339294179052679406275264 0.0
-6.5735284967157962410441719756517602878709797695215 1.8953797763068855394477837474060166413201938612693
1.1648522220767981880140761239858870702317824449385 -0.82949310457195636878014395205747800928150499620950
-0.16233958613280192543722919722702753490994576901813 0.47757837429007330775939425938855661288403067557863
-0.16469754017930435937224478883585055679012801279273 -0.30586686564950146702871872804158065159754155111921
0.28451831920885406639415600667004654525405541713324 0.20690548621500009789059742402382119294856876156082
-0.31412023703510324104646218226496221106218551582870 -0.14417097446893641493274095707342932390304124114980
0.29240259579463359490214895928540420813589922987058 0.10105057911157565943136220692632958850957960665522
-0.23040898911889246181847897060111710941143148082526 -0.067273639318563820611978163768158541799178649070407
0.094767039125301019128790521918414241374550277461371 0.025799826075047177113252432161460422096904761140783
0.0 0.0
0.0 0.0
0.0 0.0
0.0 0.0
0.0 0.0
0.0 0.0
0.0 0.0
-0.13835906982421875000000000000000000000000000000000 0.11157989501953125000000000000000000000000000000000
0.33429543821676935665786052791157298494967885140214 -0.27976165968078760615011603408633898193487702781642
-0.41698052921973025288471393447121362009481614676355 0.38495419292153927681312656653313175887406982938475
0.43047055446927276930519579678095526227317201321570 -0.48429547794924703183824099426588448103997126300620
-0.34495268256009425639599390881137909925587686289984 0.59841948772807182777832681166489009073980456614640
0.048132860218711456758927803469695091885054936511321 -0.75879292385302874300481761109451858388093645960566
0.93663024470708068919378439772813001149039785287064 1.0508686618236702626993724155025330902915696948598
-6.5659398678658785327175251203664262379530256615940 -1.8931917073483012618587375737203225454958088085680
12.157196969696969696969696969696969696969696969697 0.0
-7.4892251464346561450022711379603535664870832289900 1.4427721238823610336534395378392954227537711864671
1.4390425586450464080418417264188583619158291961759 -0.61290584426720548604527359345280630428354753703227
-0.32528627102119525726321769818116807838259406507519 0.34188481235086504850169732778348257628815743713615
-0.034900827460828589256294802290209994405868109828150 -0.21172707555804450723558300306109891633491627803468
0.16542528418043480578956557906493541923228623676709 0.13810985275071373052167212020118082720024700357869
-0.19630519570345902980219272035496187128332898877273 -0.091997625380947415989521071631551354215023759901170
0.16875772185918472151442743045550473005556791637474 0.059126539291988599427382374515280128310188689118812
-0.071411132812499999999999999999999999999999999999990 -0.022315979003906250000000000000000000000000000000000
0.0 0.0
0.0 0.0
0.0 0.0
0.0 0.0
0.0 0.0
0.0 0.0
0.0 0.0
0.0 0.0
0.14538861374737779385273697739115036921856370987881 -0.089158517274176073800391180570279252975139668471024
-0.35371012819817470695850962841361498917387886231244 0.22233295839123900238687555369083676061431310342737
0.45046288434409253647875947369253567113237307841601 -0.30179950218623605559720142111881008722757161161629
-0.49036691032911036205622812091189250550475640213735 0.37066904472845734856791886421284360340195510623902
0.46464474336213063192920743890870701225653793492515 -0.44031631305819008200716179174046407108361661187448
-0.33198116307201480905488996461642941843444792160123 0.52269072516141311489858614290853601409880939697143
-0.040043002621356644810119880932072981047415372962176 -0.64057404840061065789287100290735949993870856950930
1.2056928285179148804185673041322179098098239980768 0.85857576483339666309839360374586036619627020557778
-7.7607622845130554809574169907720553017374420493695 -1.4950827709464055141787306175578790055888310525651
14.264914760788255075568079871576644687425500502465 0.0
-8.8743058940466535803333075974095855116424879272703 1.0534539726140792472216295035236587554921759448620
1.8463484722434353312736839504494708044208413469128 -0.42704226265115921726143574054978951481303565303570
-0.55391914017919697456268212209185813419009960406922 0.22596615431414195815271047931521037699742526833030
0.13485404547190438661381848186497482519062971283721 -0.13196594822252434694050393918270889470215307639266
0.019913271223125751152987895442366958576153722437032 0.080519680422873422482157730894467090064427776300671
-0.061712921585910941805690118378831903299981106236970 -0.048520791574232148332887746801694662243009852148365
0.031770360561942055982423809945444170144212239259801 0.017760139565572881054277801154945326859705287900144
0.0 0.0
0.0 0.0
0.0 0.0
0.0 0.0
0.0 0.0
0.0 0.0
0.0 0.0
0.0 0.0
0.0 0.0
-0.15363853538663242452116187043799427911260509435425 0.074830547725217217686228654081145535848509797668832
0.37520199873419719933078759867839049043776046224518 -0.18582016544654861876542854823892196258490822725362
-0.48305489640524782848430583412461657072482218930290 0.24962806704252363188531606160323183435458627212674
0.53905495669390370300696236932498907509195585402256 -0.30114994993912626383616063979339659299422185180724
-0.54319262341028044594889617236656278429414678801007 0.34780784938976104881458050520303596044778485911817
0.47742261583631593849541121250923329317307662922517 -0.39520914886985251740422067188728233052514298275790
-0.28966585031304541474448900818358134956123460952661 0.45118729186972437498742940646727161699155047414646
-0.18078034429292896027128812409651097212999580413270 -0.53182828038251203470505481294654045607488973106497
1.6043608722449946310674077679115437839565521637634 0.68331693806085302679406801219717111948815400175357
-9.5476243646480369441250867826308374139284104110931 -1.1333824792666733979098556021261767633865007251312
17.507355847888742538347916654074713361581283188884 0.0
-11.052495384936987562215487083509115894098756832395 0.70084065178292517374064336348722728793701643738166
2.4807161029990374058526420856456359226923158644053 -0.25950802566303348081700020275595141216697742285851
-0.89543416370397077559735933759568918942237891056015 0.12263180117013136203608305104091602354555799477355
0.37106122159611836228199241535805164048504514684258 -0.062438314816898200082442364973047849209430196134310
-0.15938821935242590442782465773363291364780873805477 0.032190274069076557995507201604731092174464818445377
0.047885500634077640094458405231546285082495678065575 -0.010819183302918615286256308518913219202948638214620
0.0 0.0
0.0 0.0
0.0 0.0
0.0 0.0
0.0 0.0
0.0 0.0
0.0 0.0
0.0 0.0
0.0 0.0
0.0 0.0
0.16444639310111240752411341638570835908703445945422 -0.066007010921614584475530947256627830738906599264158
-0.40249362876737079318006064210104858043914562231566 0.16335796985468761627339914816174848085939885920453
0.52140946641434361743529084142304330054192115089373 -0.21764583813632385858976572357049254004275973000560
-0.58959749394666443338473219879838789011107839503824 0.25890490041932160507814335371185991180772713282856
0.61155241448916262344121524406427955801196660473248 -0.29264649890660546836777642699478836324253994183963
-0.57878226491195620084532423548149989425237819121626 0.32201148995012113604061526330387978749712642845040
0.46584736690957928274355843961450463435550986977427 -0.35016941480999851420045441925623905574027704752403
-0.20567331023517082468980128807208461736118697502147 0.38196472564739758212981503443194261320678773867238
-0.40668505011760904222624629954726751915946674577788 -0.42743716668048764472385796780181425312738855076554
2.2276073962993876909600747882292887306089089189174 0.51522370620442898912460067888665459368574323455803
-12.394368170663783836994518153953227872511641149695 -0.78592903816128320640643623646684017717725439774476
22.823922335756599180959272654353975367878795919479 0.0
-14.703487150692323575647122185365933834354570053990 0.36247154156074465688856919753376393550669805710149
3.5414894918708342904790538556223641995095117670951 -0.10040815524880413953381001754219748474330885123618
-1.4437001139386296695495248200176175978655676878488 0.027282111259676931017625968217341609310996849429764
0.70281904920358035960264385633246979652239074975020 -0.0027808446079676473346988921593635579995328968508150
-0.23595112136982483411348690481096026700275672126328 -0.0013476022131635128051870701779806813965271015804871
0.0 0.0
0.0 0.0
0.0 0.0
0.0 0.0
0.0 0.0
0.0 0.0
0.0 0.0
0.0 0.0
0.0 0.0
0.0 0.0
0.0 0.0
-0.17962074080549790681421070319052223962784355058659 0.061465450770556084525719279391825281960927605331724
0.44023677164342582806506910347350137307558273057231 -0.15170329230183840789411340166107013821272436097293
-0.57242865971397574296089567448778338099814486838557 0.20077274538867387610796670455272187618936328624358
0.65223118875447438672372947343080918971180839853673 -0.23615717671430059393797664500671764443325454919809
-0.68704203966914816363674409759093156804688730970918 0.26241343909514530251823113399438476147775356710394
0.67299505785321084901893838081181042798006701509474 -0.28161153571718912875111697798807797962605120184865
-0.59554169178010698449032574083733630997852960601297 0.29520978258930155460444953121428263760568238149768
0.41899543353264084510261527188776909230724374719592 -0.30469902302950897217482465116887813459571670797041
-0.051456048015806548834330389728526095760284076776703 0.31215989301081135387538470237292066201822017973501
-0.78809683278573984481528946443611626417279975655351 -0.32149676300071121171459477866700469415665697670423
3.2805702821196542065515875990589261301812270301592 0.34318087262483600443787706492139471620792461527669
-17.339180860714455141232262721179498223217837088452 -0.42744687376339811950289249226420535956865569167447
32.388247381539967145020338078847948132557967277743 0.0
-21.448365079681661645362437830070192253123013066203 0.013170570763406843316177103730931131713658695818015
5.5028206846082935410270531862511974409293324651544 0.059488396770502377839807394775827703018958307335246
-2.3691103293368400042141705046957639801977824694749 -0.059697132343588221448040842978613454805532923857595
0.77362156686341492061590398273769452306730209895180 0.025959321152099176314490477044166592705375543924778
0.0 0.0
0.0 0.0
0.0 0.0
0.0 0.0
0.0 0.0
0.0 0.0
0.0 0.0
0.0 0.0
0.0 0.0
0.0 0.0
0.0 0.0
0.0 0.0
0.20244789870081372617977314209317255432735852050380 -0.061034976251207918188863161967378199399660582075169
-0.49660950857024143298259308079222049861056369014867 0.15031358563592104216161406585631157690814937869794
0.64720967451785847408072548543042141575084166044658 -0.19787966560626206027575765254810870361240849444970
-0.74080412965385649965847396147339389846941076089279 0.23068150483913918513019344067853323434121138527802
0.78724998556648648019121732347490569695187289551353 -0.25288761007148893847577343189029105738074207958341
-0.78526292193409698432478332035919208217484385643692 0.26609696204029633299567645311451565815773621593678
0.72529960217479368138167117342870839078938875723298 -0.27107544369195867927478846677554635874793606346452
-0.58424120891724087508794296573173570134485116202401 0.26814771696831244392211937287296493984898889102462
0.30803481752569181381423327980775000108444056785238 -0.25717134778601079751726633511228602768337976021732
0.24232286992238508007371454599044329440705089790414 0.23713317011296760659467665842815993262215351496772
-1.4955576379790723657354674200192598175898761922112 -0.20482011334085488586146024737360550842326987286252
5.2746227334423697802307240647374569160204377141259 0.14954587314575867103296365672836470717049075540294
-27.088902355483149074075016585112331014330226023914 -0.016634195848982837126221166432865986988344190749536
52.228526047490206915588504065634250590445645089355 0.0
-35.962042156347684928857583984273755071870572429721 -0.38644261060713756342727526354421015760789690251863
9.6352899491224202522747232907757103035209973438345 0.22616781449417843100770221554163055077498277048648
-2.7982622912003919523552226555358418416777112107163 -0.085569717014333306791920952975474702140250000240063
0.0 0.0
0.0 0.0
0.0 0.0
0.0 0.0
0.0 0.0
0.0 0.0
0.0 0.0
0.0 0.0
0.0 0.0
0.0 0.0
0.0 0.0
0.0 0.0
0.0 0.0
-0.24065808514620647087177984598425753027641378046240 0.066067171798447152155976604508922512344389294201946
0.59065100897081297093596820974487915867790364476759 -0.16244163796848158135754916996871439819582868766658
-0.77084495808391008425011048068635003969019106982278 0.21299568720078803369284862547109898494613656371782
0.88472552400808526437899548329381432463275660995570 -0.24664225533000196374999585470068251406333819550173
-0.94501410693159488226285912704236088608708936176460 0.26765253537577183378833742582965858736684345385260
0.95211369543920354643058454588325291356417439736493 -0.27748693669842232601710737034851270729294039287109
-0.89871774206622098217980281117800652949096153204318 0.27662648662308283576023830882846020161810817475913
0.76659703211654759829296698658596943653373832361010 -0.26492608189771070541755516572609158212189931191458
-0.51525160485825072603571355781513001686450229084385 0.24147055278295948876195476574261595931939668499530
0.050438559347593982058385438730513511832104342178374 -0.20394924742158500196304763361449168437828102781989
0.87358406824936627057836008827176746336857689108302 0.14699762168020417574606694753805711032630571752416
-3.0309032646377807397080518846606619979090946674519 -0.057276050119284687560492907523182231215373153790742
9.7965287094039692718412277721956148600927187147017 -0.10590564734713408879584525110434726976941052640290
-50.691364989696289910638717836311208956778670432735 0.54472166337750003760526690924215703653134649987332
104.76271240179601324288212740729917279521271437088 0.0
-76.479103271238576085301346680685311524174121100899 -0.91835788884820264991855652517464390113013519217571
14.994175775393640647844472628035723369672104255498 0.27780404332329275922711097641905871424065861132074
0.0 0.0
0.0 0.0
0.0 0.0
0.0 0.0
0.0 0.0
0.0 0.0
0.0 0.0
0.0 0.0
0.0 0.0
0.0 0.0
0.0 0.0
0.0 0.0
0.0 0.0
0.0 0.0
0.32067079939498074437180275716469337979215847287904 -0.082900009569744383926993964246290952772352084812802
-0.78726124101397770678377721728165925405520459323798 0.20361292677541569740788230327089552897026344294820
1.0282404670851644262009642607277260426822668997886 -0.26628804653747251425043550181675450292318824012333
-1.1819303175258218812848967687404228744464314811994 0.30700486950390390108570477857032549193593844036352
1.2659877050664910788270236893898578884233875996609 -0.33094868467714441905889063431540783352048237538782
-1.2822620750113177815170760251225822337697996264505 0.33977607246807181279578723422705780894963258947763
1.2236532599075519580753322708709843553874255634211 -0.33389262286584957369693970506068758225245398702172
-1.0715945968308693764032031864168779388132823074661 0.31287871483921488297516995119392066666371959025145
0.78577172917325028871521949483478681861296473652249 -0.27530570161561707182252979764821593943171950021761
-0.27729456563641745390209763855332475917785304758690 0.21801839028446712210297267964069054559805130828774
-0.66567238473129189485822751148564691060933496843116 -0.13444015242642159925927752612444918931852676966947
2.6174825536309567272547718215299187499460716572511 0.010356594992640324646377064079396861714361967491814
-7.4819935165936277816828297069337234794881968072913 0.18853218932990167628692712808976805090195316239034
24.093484553993785814386346981725056855173103012256 -0.56554299599695274156017794563207884215599478258176
-135.67129609875232344153772855316987634072940883994 1.6291352766083729222363095235412649615080366613404
340.47693735650532278025424314272979136452709772563 0.0
-223.29302411301989038546242129057031490570051360858 -1.4208006959770571187343134221823410118316363249393
0.0 0.0
0.0 0.0
0.0 0.0
0.0 0.0
0.0 0.0
0.0 0.0
0.0 0.0
0.0 0.0
0.0 0.0
0.0 0.0
0.0 0.0
0.0 0.0
0.0 0.0
0.0 0.0
0.0 0.0
-0.48106060606060606060606060606060606060606060606059 0.12121212121212121212121212121212121212121212121212
1.1811648951865355430858592502989165252986268670724 -0.29757592073723380489223784874162192142134337703854
-1.5431958186069861955142313334821717368278554631018 0.38873801485227443633564411559044090958724218057821
1.7749112211020299493976123669555341585952992396760 -0.44732894060202036273681003059108297580437886543153
-1.9032060500033134633895569230000079364896690401695 0.48082749573336347829273442715790042771337028816825
1.9315972257536911529512941242874572429009788013776 -0.49155836914523314376395956377712844353727808314457
-1.8508918901283750660143402758860726572785745292126 0.48001457250410791892615035148110269615601736441463
1.6363159787783231725974811346670912480591904521358 -0.44547838621909912901576186841614704360451975903560
-1.2344611617338890066162793435520708247980975253701 0.38576911304184031456758729486002213274940547667820
0.52998814824891054586515180556646470814756276777166 -0.29627184943804758963881518403907778885532559452667
0.74248403017108908579000340506849664574143447452212 0.16775580740601146376054935502537571856972807010866
-3.2624290838856354240299671932170007436358572687281 0.018632912732982438371367994964404783289899583585204
9.0706701122789355938590528068823944387590505555561 -0.30437160569874469805730422918175833019608928033932
-25.977778516679057592506111899401596296266670625787 0.79438984805805142255910915469665732723662629836600
98.752147197609437689729042003656315080100764558630 -1.8296267957171297330013179604882899926343923338596
-828.99883143960684750035652508035890136745769841589 5.2748719820167557761718518702470812886298259102646
1903.4628125000000000000000000000000000000000000000 0.0
-1276.5008851660985035677395978896176423649344895046 -5.7697964254240709670284227721272755280447391869303
153.43369996753268691274580698481385030305779595769 2.4885689940367782886649659140248333910730573072438
-41.788136220574518566660670596631162316712167620791 -1.5762892661481136983216583961238974385915713294884
16.050600744739779614024206567205256281271694475730 1.1824857136663742891419535508752917090975830911794
-7.3564743129420746401944001367389016032202126736223 -0.97147732494126882052877403566839011941149723376337
3.6901777779883252446106243775788894696934610333057 0.84047355055901198466682835558875984581476437563475
-1.9076912813373049172558982462829816458697351834753 -0.74869898592912895480835748709372384085738486425402
0.95635130577787920445263102605759948417291074633772 0.67721767794495067222339949612676885404158131430859
-0.41873911160051909563864368812555587664720397113522 -0.61622707596841852263775897210760342803990809822452
0.10727481171482892504908138932879824385546184342265 0.56017030555674018207728578709668456261599899437604
0.070882839773711168666321422757742325683406398783088 -0.50553560720749268794775148019454148424337261059429
-0.16521416883179823269544386420678537631359399803394 0.44967367206986592635249066405023104542291057103360
0.20337632968939354592168841372702432668223840113297 -0.38993092729631483955995860876271875723926936583736
-0.20067339525067045190455841099926801073603119537919 0.32251921799338389171279349592271037477571063065974
0.16311887708778252561652164880213442901413428831912 -0.23944139770017553188582339039500797429265147413174
-0.067905740093240093240093240093240093240093240093203 0.096287878787878787878787878787878787878787878787879
0.0 0.0
0.0 0.0
0.0 0.0
0.0 0.0
0.0 0.0
0.0 0.0
0.0 0.0
0.0 0.0
0.0 0.0
0.0 0.0
0.0 0.0
0.0 0.0
0.0 0.0
0.0 0.0
0.0 0.0
-531.31663008580990723820399254478368408121046468773 2.4015563394134070568397277458465071274262298549854
810.52634040150546966605123049437198119483516704740 0.0
-324.18843659025346805416158094390115904679585224950 -3.7797942318464461597020922088967761636296523315076
59.199440315806359890291610924773149384352496580020 1.9519723215891266993685747518958835825112644579228
-19.976861170314153073976862832472948524591256510523 -1.3657761284823135539541786270907442313279882061216
8.6557630760281483211643236159362241242463302525205 1.0851602694337463376956375147314968906445569381242
-4.2296054738427369362932329829177269889973087165144 -0.92107918139662655271253352273357653498871203956098
2.1663687873019623723895302993020296037973204955182 0.81066434747855746213058457716771348209321957700981
-1.0925065619260214009668569192065965024661316495684 -0.72732896591381790167176728061854261299824739331690
0.49473350542380667546548992580642196579275529879478 0.65805637520001038088048790776290498026186127836325
-0.15114825288831281825063847119770979112730683684734 -0.59573818616949898763601429727442545797162379198143
-0.045170878460280665423912664516584368357788588223058 0.53602304088664465354336070158550974726135208099202
0.15013622521104593934959857813215265246401535218637 -0.47575013678204822160959939785761943194095266317526
-0.19461695382072400039652853778213391862112119084506 0.41189760177106473515219492925737921207599333325966
0.19566009543615113991115345009681426408228170723309 -0.34032515050846848353562147348678536049776422887125
-0.16034200039645866249595736757465727489928411018747 0.25249773152668234283942891485016766819519120243308
0.066941165891522742882666823603881369119088491291371 -0.10151120706078862893986345378346040413120258836990
0.0 0.0
0.0 0.0
0.0 0.0
0.0 0.0
0.0 0.0
0.0 0.0
0.0 0.0
0.0 0.0
0.0 0.0
0.0 0.0
0.0 0.0
0.0 0.0
0.0 0.0
0.0 0.0
0.0 0.0
36.371384706544351950569824109179463299441212253337 -0.58991408191318247313301257151224261426164873813783
-184.63086674662564406431093459183160930733994566054 2.1526575484607719097023924738017101766050100093079
252.91219848526800774900566535251088305222386783863 0.0
-123.43381182690367307617609825595859039451699723638 -2.5954689867417330410665988243268360110019873141935
25.277100018977117381104813987386293419853206766930 1.3997179198510817558275652771475259922277508831114
-9.1826780418157497888357649502687888280796124238478 -1.0066267500349447203954733206831368097218355833893
4.1519792260315390831492995484981206144979153073138 0.81143213038012617005711102991328771227453851233122
-2.0619538914918925590260516653755350527455998467410 -0.69236426914567511934166830031857663185513920996601
1.0439246171266222214508707617603941691999362104665 0.60872386694358630021443080648104789977314361814018
-0.49911009779536309265613007319134106174120506868906 -0.54310505303852616946425577408405164304971068085688
0.19259132095022732911149665156922784063992621319457 0.48680724720782428578240417376730178673037468505141
-0.018406864323764029253224594663670901037233061262788 -0.43487040863576577014486453168085522824818338578846
-0.076337587031027910977576492943320763168904010918797 0.38396358025863211359531872927621477011524074100463
0.11996052201355333472042996403162418923037023185365 -0.33119654788353765445508115032222542804347579959492
-0.12796872447815306968250615636173232598590050428888 0.27295657216287343967453526884972788015952543266898
0.10744916657174395499543653606601489891347450511837 -0.20220613889695590072213787016447112898511695063715
-0.045235787305921292213301983798849536027867705757304 0.081241336721217841679319756724245784134664248304046
0.0 0.0
0.0 0.0
0.0 0.0
0.0 0.0
0.0 0.0
0.0 0.0
0.0 0.0
0.0 0.0
0.0 0.0
0.0 0.0
0.0 0.0
0.0 0.0
0.0 0.0
0.0 0.0
0.0 0.0
-7.1382466569139231314037149343984753022287968328724 0.26926162787014046029564337400098059621593127601397
24.295389195152562304415377092779628112885880011930 -0.80108742579633907925879062529238713824867477695708
-88.947472564090226174389782347697582572093406322372 1.8703174038966116630806970444421798239043482440585
129.05411234561709881595991136153670076012048328829 0.0
-67.999627158140434670252546549035356518452337231204 -2.2707479087543225349020417095045956816346849587696
14.637508654946074179117240281138929747863481351821 1.2373294132750206979506534976380960145139210150875
-5.4921493027446781215708326122038378307817565180409 -0.89299320940485622689817166580175686058901030730302
2.5246476400474492349273785848223418660860405471480 0.71834022679827665690651456442694559268943226494154
-1.2554348601186436465037530002804997128113255026043 -0.60916530499944487551271632198709990218581397983405
0.62508877857197582202329464555136388595413877303125 0.53065297819921445907349728436056095883061883009669
-0.28497550546254362485307131705017483679977733702569 -0.46781723332562773399159504555056924394500514177345
0.094833516575393606801561052354845620626083700741968 0.41300113980590204338485419179889082295239842325528
0.010041347781886108573324592645037496930042780155620 -0.36158210926811563410461095440379193153074938372217
-0.062493152210096318465211465371655162449435540448917 0.31003027688813122787601712453883654518936051687406
0.080109362702345013425961173152547630714511524988442 -0.25448104715201938493418582912435924215760070782338
-0.071685166642135253165285055415838834953752292929171 0.18806100228124296328127831868730994951440384228752
0.030808212354362093706204335546402830176137402046985 -0.075482330902084795478596543634222857229180735163613
0.0 0.0
0.0 0.0
0.0 0.0
0.0 0.0
0.0 0.0
0.0 0.0
0.0 0.0
0.0 0.0
0.0 0.0
0.0 0.0
0.0 0.0
0.0 0.0
0.0 0.0
0.0 0.0
0.0 0.0
2.2156094526024787390348238039068811951646430758802 -0.16322918789349541655210269464476338421631463735500
-6.6251677598682355086959547388755300776033897176395 0.45294883397722413177862534527435937049227704941441
14.719399299388856086981178384897838966432043034083 -0.81508586639013413928597778726148297007282327345159
-54.950278777212611586072585550213505420107431725513 1.8349840408483034116990761091002204199815889932260
82.814657297339858692614560284867902879846009320312 0.0
-45.482885606945022691188883782806360850535883080804 -2.2233139542780435701972290653667831047601140678408
10.058250303738367410440287169959529883440478049474 1.2079768478301187875258874547459703964294516291166
-3.8408909842101041953103723548650663051589323616129 -0.86632051699835192012329715642340316384511804868487
1.7829883834629281487624612134099718875418548814812 0.69061119114363412842242765165346271271402002097200
-0.89003447360402776618681447140751854777359548719465 -0.57912033269213280101993329787693501171927556540664
0.44321434433213580744432538630713977448993632159306 0.49780891059941281295674278679822091009248820135886
-0.20243376565379684672719293953248022979998608585597 -0.43187405985911816054626388683088638417195937854130
0.069700969490296823821003389336151986480848309151878 0.37349627010524501103149447850999253706571734713591
0.00076565672535829868276419044848524320243902654453633 -0.31751646027665846501121794604670030187949676350345
-0.032397493722839933557418571943651156316092186159564 0.25913568748737844923454000802305517887444992734054
0.037547526061491789015468905065761752784580868855911 -0.19084442342120232484234417373310265165480030750958
-0.017275820150777651841555688428972642264725091640563 0.076491434012665002658329215091402165252286081375544
0.0 0.0
0.0 0.0
0.0 0.0
0.0 0.0
0.0 0.0
0.0 0.0
0.0 0.0
0.0 0.0
0.0 0.0
0.0 0.0
0.0 0.0
0.0 0.0
0.0 0.0
0.0 0.0
0.0 0.0
-0.88237800644250388899453620958302763109199107069201 0.11652459980424362730926265709669399941296201354319
2.4943536227624284640429995456424244406832943178869 -0.31271344023223537057648894663553538645391792617308
-4.6463854184934882943755210238598457273222858958576 0.50934769050260730863597167644732266590977804817287
10.278117252279287706124028967178746376161535345023 -0.86882386129536679612914261672139193683329841698171
-39.521283877761400617914476290115714444649398339570 1.9318963773704306695677462254811249095433158566642
61.202457835762563409366403735661542979065843604009 0.0
-34.530961335341342044826389843088611488653224743581 -2.3120274404994405283062706260007610519651222977848
7.7763051407909777944356263528639720691660089487861 1.2455479681769778515446508720555085845528799874912
-3.0117187773900923886755863296291223456046834324113 -0.88406162174904460859016012213717072355688035507483
1.4164420444393924168939353584472902863974388657352 0.69636633507660203260410710519325761509304685610187
-0.71903567232509183165079574014075532444045978587564 -0.57601007385165285427877836961586992650783335827049
0.36915205091150243370154139776836086607798008593905 0.48721908820002927611689222146373866669427785125674
-0.18121667754024031708018328521511789811360456593808 -0.41415472099228728196570393508735881702751107022705
0.078731173704539700830297387163938169716299037491303 0.34795514027026494473006053800602280600926338014289
-0.025480856828933758524129701064163530429557847444864 -0.28177444959949294940270408346833223882337640735739
0.0023477427189498366680506018185018618955463258852505 0.20655987042872452306570713567067336582747881190992
0.0017059794838441812408128410196363669958338742050399 -0.082633695767217434228527612803482325038465184697378
0.0 0.0
0.0 0.0
0.0 0.0
0.0 0.0
0.0 0.0
0.0 0.0
0.0 0.0
0.0 0.0
0.0 0.0
0.0 0.0
0.0 0.0
0.0 0.0
0.0 0.0
0.0 0.0
0.0 0.0
0.40568599683451214915743783330495062291775307795127 -0.092398895306732633319607291208630003916432791644518
-1.1171469351451004418121951176086968568135344922081 0.24328055911757088267240424254026549496332247434514
1.9255678331424729269808801711399727870009659794415 -0.37631874438149498054241000536271019976207657691236
-3.5346507941912535560715954878890305374535507413302 0.57471473968358152327616616891038624616731493181031
8.0105668610244621170440404324222419104867132507443 -0.96205393720578099971827380861040896942492021112771
-31.649470272988031346485724289618996691477437754702 2.1190966286110293906190519363598272354856346901152
50.058436683558288097903654672800657913624278585887 0.0
-28.817395363651651848250721316351688860023582333724 -2.4913270546100699268609895400799906914506174954428
6.5930817262316089397145600262195339119155773561190 1.3279222180367112484404667766583978618888015084603
-2.5953686159084735998560712911500369906035756709164 -0.93137736314619201596473616648707349957015084270922
1.2465833228614831516803237496389640882311166770060 0.72389917438552341570564585759057943865768346625474
-0.65389439988050191737227302354978825861361914389603 -0.58952321403319982313023869792421354699846950749611
0.35559392076552513986306424681601150341551073838650 0.48894297608581320070523458514959230930552663511289
-0.19477089845600016320167698641826792169465737101947 -0.40415486049764029413104341146964424949502602608427
0.10580704659536272195354161644241242767540756106216 0.32385422544437220687804975320602098748677937956751
-0.055967796721262672183618498509453698936821501790399 -0.23594553598989565188136672452323090451139670889386
0.018937118202881120866021739901046371944758412180109 0.094152542000971016688834145969486263936448108183217
0.0 0.0
0.0 0.0
0.0 0.0
0.0 0.0
0.0 0.0
0.0 0.0
0.0 0.0
0.0 0.0
0.0 0.0
0.0 0.0
0.0 0.0
0.0 0.0
0.0 0.0
0.0 0.0
0.0 0.0
-0.20077059548185723365110520507125708609421538700901 0.078795108365899111523103264212849072391415712435677
0.54776226780639023974207565125440083060274450483087 -0.20497495348318433080608586762658632907812415911145
-0.91544421421020988535030673212073766618749859534219 0.30738847601325277194647705565770290941666364316078
1.5554434858868199689017381049125610031081480692106 -0.44257171127565373982343257823295679776300035221522
-2.9283438821545447847471273561429850923259838505447 0.66049372303619478750909235467230327985021402113436
6.8230782871162578660619472088241730610102800741806 -1.0928675178461007977030104068319802414612018796107
-27.586970410764067020328672213248760568790568194545 2.3849541178781596827521942813517958705814760015905
44.412321093690397457205201594558783100274186034872 0.0
-26.007482947667663714066017829941458214736386059760 -2.7488653556546499267464632878147071053011071851887
6.0511506929052495859409654091580335544264668121592 1.4487391099834178391993105216912047209869837060482
-2.4324074550537565936767726954191011314039258917155 -1.0034312925316067805613131145799645028799103521626
1.2033286934416881880874427408360454372388518561148 0.76858543183119064307184122553804657905516863107457
-0.65970232264939580220468297932408740100811960787867 -0.61444395223581227499023352221504810227947970167742
0.38324219017966810050152375698878421427894492056672 0.49624862356169884485298531879255141653249883066750
-0.22999355473007321656330774663880706496225134588810 -0.39190217519410446554710507016704859053747102273703
0.13636942211238226480863426768219595176664050228100 0.28314051782157736496457543633794754386869104843041
-0.049495321897247164633447404572014663089308169928372 -0.11260472202997268141722703689996361051877156900423
0.0 0.0
0.0 0.0
0.0 0.0
0.0 0.0
0.0 0.0
0.0 0.0
0.0 0.0
0.0 0.0
0.0 0.0
0.0 0.0
0.0 0.0
0.0 0.0
0.0 0.0
0.0 0.0
0.0 0.0
0.10013217839720022624434389140271493212669683257922 -0.070906246409696691176470588235294117647058823529412
-0.27481977155585113490922724884309501254206407449008 0.18295943221247576827246938744000522340717083566053
0.46109060214512800854546916792159467014504469872638 -0.26886697539683026372096865362826186372407761904451
-0.76950570521004450200088738303616767749789100611616 0.37338152102036606779733928204417059412779484685836
1.3523926615006751854288820511797394463301002819019 -0.52382702855243258291784633497140533380524818033055
-2.6289702657756377586505304404728557946131387875152 0.77170940864064253777583833133522793451078022205085
6.2791656511601818483759805326286301852680315692894 -1.2646959229602069218790111701062629024211934652134
-25.873937182896638028236064288670029995766079228187 2.7347502132199838684688311467689839475151849281697
42.329842762817875940047885749243215306563722853316 0.0
-25.195880731043713042646624640676596607254072120317 -3.0897868260696073424659484221104994442647910538258
5.9780692260039909087252585739842397762643785309388 1.6099136732694203340651831827807534278628109307952
-2.4660698239661005937671922145617994534980180596083 -1.1003310965305833322665331428862798463780295691739
1.2636126738132136206900591270003889096210249279484 0.82863163579233647087506792528262896539498365448921
-0.72503384129666360877610342923286818344543612976390 -0.64625724911803349354098768865987818009557749840710
0.44254639471134164837742631298952210689592399887163 0.49978568157588502460545769078597818269061981499039
-0.26937243254212802791761858274063096318481416828084 -0.35687182122482322063038886027836926097016046733982
0.099344555608827064479638009049773755656108597285080 0.14126721550436580882352941176470588235294117647059
0.0 0.0
0.0 0.0
0.0 0.0
0.0 0.0
0.0 0.0
0.0 0.0
0.0 0.0
0.0 0.0
0.0 0.0
0.0 0.0
0.0 0.0
0.0 0.0
0.0 0.0
0.0 0.0
0.0 0.0
-0.045245932075394226367671113415877202043118652416290 0.066585058930165859072262575639454311802063282266115
0.12843253251744952006749253882362832095671452619129 -0.17083105526437097396407421150837588184149201600277
-0.22750622837518116522655296959203480564396860554831 0.24756017314431847529418450821449996405551029540533
0.39540227673057628661134757236489441774772874594155 -0.33566655317852643987441820393397770614486559498753
-0.69669215923843864369883425573716957764743144346933 0.45331794105501835636759180612162230700821874337095
1.2759976354835804197898052233705363049660561282828 -0.62731955781487054292053628987153817596683524666361
-2.5508935313618125176421620296674266922629043184455 0.91541697635686746314563593344484232748188006363176
6.2127226768011499132071283127758250478249523492929 -1.4874219430554890414765063329694100685087376168908
-26.002155221139821293507076203891421982255554179814 3.1886607778987859424406148506990622261120335550667
43.227305803474063421266651670503071420648176308012 0.0
-26.177240054652097067721421243917044670047420206363 -3.5342039724693267429653744472903404235310879073319
6.3556302116545372511788805272120788193018930586825 1.8200971989250205077387528634641171187424692559985
-2.7006383342058903330279827462502066159039427437176 -1.2254040349035899473987342122145155203664566097397
1.4334397421861528800741105439385003175425705968286 0.90234810552672261915599521760271354135339358442004
-0.84925450162500352606084008628051151019553957513365 -0.67581736645758319541966567183734539534500508121141
0.51284514910573192157442178546379657669152629138301 0.47431887077684249464234760132952106342791086154029
-0.18900766485354708714539442099244623785486030817738 -0.18650141606153880686285114922479423367997579664548
0.0 0.0
0.0 0.0
0.0 0.0
0.0 0.0
0.0 0.0
0.0 0.0
0.0 0.0
0.0 0.0
0.0 0.0
0.0 0.0
0.0 0.0
0.0 0.0
0.0 0.0
0.0 0.0
0.0 0.0
0.012419913901479203468251548760246769757611291679646 -0.064854618283317725098846950006182531799812897968668
-0.042042803374402648258577132178902300128567610125465 0.16570819010561111720017825779206971273432425701452
0.094062920461028512135525170472888085426557464674481 -0.23775999431353279928975271541661243230657486956834
-0.19314781878340941561057039977299803961712909703557 0.31707243771521510591287352603743309890307929727699
0.37173436763221321562076815268940023430003355677353 -0.41752412337241272337320837888839492621483003370155
-0.69404288966759558679687668984470382297682517294901 0.55598868250989765705030340307069617732994210006506
1.3128025410118198565918810167843772801242881117191 -0.76235311201517845796227515951494438453784442320072
-2.6758707840079831703997237302451896222786503228564 1.1038662432422755646263759662074106719514834777473
6.6103667436764585926732926138015895447576606361093 -1.7801934711090412527252427950864856724415263347189
-28.048437181997793613913636126093118753880053533053 3.7868353540409331696122831735967853117268055235201
47.463069216728583026155518300101249150365960324575 0.0
-29.312458159092551802150505439631635314015259912672 -4.1219577958508866733358767495826521416785853306673
7.3093607088036663186846314936479551311808631859176 2.0960125596637958463670483722643708555205079296922
-3.2026255073499254307005159036011315278721860138509 -1.3838963041947762489024344060936606096620293816561
1.7437369401375300224019566491431005174443825931061 0.98228156236616274250707614439891115476724643598088
-1.0144075712783139257759173047005683398509147234954 -0.67099769743065420389600658387353039328532771174985
0.36915156716697520174435050018233718738471123583656 0.26114971866813572826632665121395554997299807677046
0.0 0.0
0.0 0.0
0.0 0.0
0.0 0.0
0.0 0.0
0.0 0.0
0.0 0.0
0.0 0.0
0.0 0.0
0.0 0.0
0.0 0.0
0.0 0.0
0.0 0.0
0.0 0.0
0.0 0.0
0.0091671024731248362823904232254846959231655441490886 0.065379670592757870325893679302419008528601484928835
-0.014035155386696240776945415015784491659152654239130 -0.16654904500714342460843045153698696393112869308062
-0.010042265780379871038221190221961655796773007054235 0.23725302402021152228568101501653216145479529722413
0.071798320280601410897506763972257664863203874942394 -0.31268257450374444625365202858483769554542662091402
-0.18965837019668744609700255346321509475557973412617 0.40461891354225623396238688313411767610200665159725
0.39802588031528823109507907709570056077597236605853 -0.52532772338225187906371055787007747964097164108581
-0.76922938757169400261093229611942042664105190583405 0.69350430432333939259672203744579127173955493417887
1.4787107771197488509730483890767590085696276540109 -0.94447640730266671863981627765636860006148263417051
-3.0460718101409947236992629429291284407671658602722 1.3591211012723591757220250652965773405504442526008
7.6070029847160464632504994823823297177328740285561 -2.1784597850433472422151721081587500974963791618453
-32.743295961191624373937231936838909804544104924304 4.6044068810797043190639917289242003394724307272550
56.625549568311083943490029656488878678419789644984 0.0
-35.813029503692367368405145436287675264282771479272 -4.9269267954946487562403110398247263145791000696880
9.2035761001996998636558908792109936247925344892740 2.4661965542099968707571320635473685696621566188185
-4.1377530736646934267362143153525078553183917972293 -1.5774278904742306815697060179680458881948915941143
2.2181591433789388012116704907488870547787083868666 1.0283247669785909250672051756791128259454259001336
-0.78469888198895226002474043273235316412535122687211 -0.39355125736764166094689002082364769028176825473807
0.0 0.0
0.0 0.0
0.0 0.0
0.0 0.0
0.0 0.0
0.0 0.0
0.0 0.0
0.0 0.0
0.0 0.0
0.0 0.0
0.0 0.0
0.0 0.0
0.0 0.0
0.0 0.0
0.0 0.0
-0.025107755146382850667154905937612634805409392539016 -0.068337337735236930733319455588346030349541703110146
0.054816814984594916806491133364658919709973885961844 0.17370296336022806739967985831316683620839584116638
-0.048939547037786048946319413906632324996791001917545 -0.24615663695561059453275428040307135972798059317395
0.0089333439434542580410613465881688438913284402103299 0.32168364407402352362350723390098905149975292126322
0.076735706552548821791024327536783987292506250545668 -0.41119227452435170643683735370600982424137319921974
-0.22960101667680006370193270319684267711767731435204 0.52473285732881960101016651795853649965389895714606
0.49155508650719597198368814725212850444100474615625 -0.67589008942992305383100255358685818282468391595036
-0.95261320149770526224316957554416025949357368357656 0.88725990554278717298615721119821405218381895692436
1.8340803534477727370003808778999262690297096403169 -1.2027237736273821068899818009724021253110393983219
-3.7983152828783147103993658771291971051839080933260 1.7234706382273441950765746177054965085817604006562
9.5944296983687446644483262927651003603368446962442 -2.7512727790777825088184280243640042209007509755910
-42.083386197702803324890658147975667337482244945087 5.7895622340811578958608117332759646109025382611766
74.960186853830304698207371104760068581395110431489 0.0
-48.878044140758921944104393743317547527299222908526 -6.0924792212439833612092651299174650349179355852162
12.971672669208361984594466769526062149057423076454 2.9749467932780620043550594836408567326253190198487
-5.8131141642012520227523821991241711361278832940032 -1.7654712388140979016881723416548704936546910043767
1.9413416759530030529595194429820290204652398762131 0.65521149068406472884342729654456804517195529888571
0.0 0.0
0.0 0.0
0.0 0.0
0.0 0.0
0.0 0.0
0.0 0.0
0.0 0.0
0.0 0.0
0.0 0.0
0.0 0.0
0.0 0.0
0.0 0.0
0.0 0.0
0.0 0.0
0.0 0.0
0.038917612720181921712760087433946487101200825285132 0.074616258634009601915007527710143440029118885094063
-0.089473446795920977821733305197247533146213329240999 -0.18936632926327500160705784329196819821996903611947
0.096837831552750032594238334096607853150326140112240 0.26735758544944263293835908270992944176493290158156
-0.070006710141082085645967456665591653883403774925991 -0.34730524803900544802080767574556251761385262396854
0.0010613972809756385017834088954591154890531193341724 0.44015953421547501529783848382806307502885628241311
0.12560518301046318186115283648072186117756725365589 -0.55511644265704568275517711896993930851202667942832
-0.33902141024470455677010875031904239627829514083117 0.70347855788176071864041005711958746836119038136395
0.69683039803398075468577079604022070883164639088691 -0.90230442978681017186949281562764546146438984383391
-1.3250975629610561382400826320913773922217403259423 1.1811226691442478686135502068682401535620048870408
2.5385704233265177087385115798005608837142045439192 -1.5980261637934804379043692740525425004264006845269
-5.2933562135839899731965503743607939026717760227021 2.2873283448076103856047090695870868866981052088653
13.617940003490168863257278233486182883487920269933 -3.6490725285921423438769841377172263100233757715544
-61.545883574394351466606587678509329614533532760976 7.6714816114627967553206987317458213383614440004388
114.67170349613382149397425452954807123316704487712 0.0
-77.976808002113441515619079077315696987140316388873 -7.9256533595520256420098753433180206459879990048940
21.158765917434359572288042535839562932760940170308 3.6479339584068205908638124193602605553367197076737
-6.2015673594626458026993407092006013015944646793225 -1.2664901520301656330358825065130019976130692682055
0.0 0.0
0.0 0.0
0.0 0.0
0.0 0.0
0.0 0.0
0.0 0.0
0.0 0.0
0.0 0.0
0.0 0.0
0.0 0.0
0.0 0.0
0.0 0.0
0.0 0.0
0.0 0.0
0.0 0.0
-0.054001324193871368745990328732768916413887072955444 -0.086790104028782096571839033711137256471859993490270
0.12649826900766577690968896977425038157226301463946 0.22002719738600493236754762570442323605091657412443
-0.14527114995516541620266455501101874001052256844762 -0.30986254874088600522582181271226277987324883124881
0.12619999530346056909442384068634586866527743327823 0.40089579884355350114892967630589136244583348745290
-0.063157380318470224593477177365111577136223657169198 -0.50517275529836724222819439924288408939270788467444
-0.057166774214989771707941213267091503923425830452108 0.63216619629196630762409315763347864948337952377129
0.25899207479004658813840441402215640157472052743243 -0.79272298468103666214249484223908558138449669275032
-0.58808251118203809668283351577880540114782708244995 1.0020751042190678003881144400908985197384544884158
1.1374104357705727781152528300090497013032315110833 -1.2845239655469539707246051759512748004408624050092
-2.1150296331167852009372623312230439515970209930883 1.6830923520543054597176510372454070278030311860913
4.0529827424030898137848750994624644920622093399721 -2.2831254696805377508441267461388061135794130509271
-8.6097036489212352275674952597384398339425575517804 3.2822612714532114852448488009607427837570884394843
22.969418308037208053199688999213240573258553064250 -5.2678478004739792200112954024825247818151736105283
-109.65647412161413708458908255265107287437597017260 11.145611429683621413451950624175306049160718968603
221.53195453115274470163427110927910542821039108482 0.0
-160.28335661491792599695384376156074209158656583988 -11.162258841776491163230744707396988585007364629763
31.474105148944859194859130506216205172334381756030 3.1687218960955359130771473444366013903019201318485
0.0 0.0
0.0 0.0
0.0 0.0
0.0 0.0
0.0 0.0
0.0 0.0
0.0 0.0
0.0 0.0
0.0 0.0
0.0 0.0
0.0 0.0
0.0 0.0
0.0 0.0
0.0 0.0
0.0 0.0
0.077747642098793532272161153720871605845615159312399 0.11412538158909663047988040999850546190842697585109
-0.18361071086367279678141806120472303144068382072083 -0.28914001236386528985532003570824191188480576546188
0.21604637179788894652426515832250184253332178904505 0.40657274558549667001491914024093685426132445696984
-0.20002015246401923480625548793868569101629438899009 -0.52473882827971949310738595231420803697016624631700
0.12964698265510309994555483514310426024470778901316 0.65896228722475615790424419080833951767010986728204
0.0093292891615354322659450645368221357464274648073300 -0.82081258088656759221836270874554553094596393845054
-0.24264898892242936861174706263705897788014282857703 1.0229444270218755624287068681471194179703964081878
0.61760100147271519353304752056244898558983897026491 -1.2823099537666182077767455921483312275039889816175
-1.2262526038512356147700723065824202101838611425819 1.6245723286833818758729931641167823861461390086445
2.2622116977841008672337381730301531393926346258133 -2.0922683968487705203579351071042054935001883097929
-4.1761362692328512356477298719956065148163424473652 2.7623786534644045245652774605526527091505408788891
8.1749428950466812592669748533639275884528244710890 -3.7898526229306008749911315476734208994459998002201
-18.231871910223450793705836210959095438528223306243 5.5371087816344139586473916400881036192142252634002
52.702055139783997651898415892374421394510748980097 -9.0862395932001872946306546019798898145638277689061
-283.89439721419989537755350191196949928994368670001 19.770628793657751901546374205420533855883033583958
703.27363438442788894406703621178423479426354012489 0.0
-459.20276045725854467876270501422171234783681318042 -14.167794632884001397579268051061656947920363157017
0.0 0.0
0.0 0.0
0.0 0.0
0.0 0.0
0.0 0.0
0.0 0.0
0.0 0.0
0.0 0.0
0.0 0.0
0.0 0.0
0.0 0.0
0.0 0.0
0.0 0.0
0.0 0.0
0.0 0.0
-0.11707886222972429868981593119524154006912627602276 -0.16601358411703239289446185997910135841170323928945
0.27728922206207393392776631839372078476112016280207 0.42048809968564905621123476205408063625623261480896
-0.32901453338375055900011063895276106171685212248532 -0.59089455682591354862651145684484139858512282603695
0.31095672717968664587789115260774604503153838452803 0.76186629419551764984020575296155090292806696274430
-0.21577879485340861805285439852250311820840183448826 -0.95539484110217015865696589163600911696313821608920
0.024522280660846389495816266414970560119730996615176 1.1878024904968799447318181473472146089054034642084
0.29699091771111743051531068505425556573730243993272 -1.4765947782619143632290043356961874357735750515978
-0.81085677037435508627686269687552637305252476688147 1.8447460837547138840730253933366847664165944954979
1.6359117380578677902044190927721190561798229992108 -2.3262542635583387934485113168498748436052511287621
-3.0158894015878022776792854886565090916217199864238 2.9758985939376639881844972182322996965535440422098
5.4973817793334126972955387575519584352385258799594 -3.8890250855548593250857066961114117743505500333915
-10.461261602467778677953298251108065472643525419432 5.2466528904280863353025532970257383431048455801050
22.024871814137651412622293317856673948477633023309 -7.4334926572791110642463342662675775742146398366596
-55.876305749536233439457314758374829658471816504770 11.411113813935252048391957056796116614014999182137
201.65583219966288249914394359703142865107576945695 -20.302126079281418277507529353037729596630003393635
-1661.0912589215302705859650775673621180265532549072 51.249691529390255205047507843339893925338623402559
3656.0122126436781609195402298850574712643678160920 0.0
-2384.3827878316693767925927808920066534796774658293 -51.633615455314840094475546373801085386521320806005
285.76162763997211862525232939802340170235456263966 20.813069665493342246749948746502320888685814956449
-77.995818648657103223852350299394756800718251524478 -12.017015360469266437285916261892030029902654108745
30.418982848167136954970882665988366729252804387136 8.1133938500827514569553777191053275506404962976328
-14.491807721931262981542938288175072182295801068890 -5.9836975143739620830047410654312428118378796442586
7.8413134725919958029651000495081061153135221038691 4.6680633015466552538355720038637633084763068590698
-4.6319933468633542266917674376556511813351930318551 -3.7823917586264599873827033360388457281620556975158
2.9182103163294385864918780279281846679965802222860 3.1456810691920409788748346742077149600660572447406
-1.9327044346104358057682467832809971201035776224274 -2.6622307931530935333246621642735748649753310430728
1.3330541169479940138403970805945335209965840640043 2.2766218416072897025378571166594760433886743488999
-0.95092190848319674013502199140614658122012084708426 -1.9539108675753924409097399080467647864456973270883
0.69660024501065025870030124047232334947020342629853 1.6697046117945460610938095214948415854972291915858
-0.51846857963730814698736143296629260703472678373341 -1.4041293841175602335021251537399350062959867170350
0.38361166727383087957859024477371315289394574480233 1.1361994136624744783843920378145938636618131000850
-0.26541429212137798792807114353158593166109095873295 -0.83205923416858806447112244670669124771747292433398
0.10359521943573667711598746081504702194357366771164 0.33268025078369905956112852664576802507836990595611
0.0 0.0
0.0 0.0
0.0 0.0
0.0 0.0
0.0 0.0
0.0 0.0
0.0 0.0
0.0 0.0
0.0 0.0
0.0 0.0
0.0 0.0
0.0 0.0
0.0 0.0
0.0 0.0
0.0 0.0
-955.35041755977865925820327615024395921470089437132 20.688035636347876251478294222497569070481192405518
1453.8070397394636467819798985727064229536319394533 0.0
-578.68518659001037691247601604938543880122685383504 -29.597013183094936744078412308947995500184496407071
105.66625209892685467854936658646589255831930524539 13.973480203131069268927845801016468611675384228485
-36.094190310801793344978631647718376130525214209740 -8.8261848131905692865101436953880945626495813440231
16.186588369732694061264980859923642077887396858773 6.3129136849725312152193133773184897022533526999125
-8.4789503176287434182877766806822293259777994052612 -4.8434267290616569175726674197192083320236958699291
4.9138312298181815020646112244372340488832765991450 3.8851491662690450435394298159003549600505070695044
-3.0590225674700044827488086468484556300188748760252 -3.2101328524118742307612028857903124874841617113125
2.0103947097897184743783716298281051516869108825906 2.7047626598509730348866452019504320353549604415003
-1.3796429128369459578129865575089789342177787239665 -2.3058103017365565618097885809890477614021934000630
0.98089399927808718174286864413488997937258778153373 1.9745662042684481538245914796863595665634417453896
-0.71700957395047711170924760123339560024955867664337 -1.6846635202361912163578155929819915779680433500329
0.53292891232399442993718438014208672755180515204284 1.4151088791258886999623690119042245970691820635918
-0.39398163760449875250589017555585106463677495166649 -1.1442091814739598963842296774139976328578670872750
0.27246295356596381462099371278302388398763601068410 0.83753944406387830608160618698798569376367369534191
-0.10632710967120582256682275688758912886749911687656 -0.33480783165247821445528018117504797544477664431846
0.0 0.0
0.0 0.0
0.0 0.0
0.0 0.0
0.0 0.0
0.0 0.0
0.0 0.0
0.0 0.0
0.0 0.0
0.0 0.0
0.0 0.0
0.0 0.0
0.0 0.0
0.0 0.0
0.0 0.0
65.153245221798192691859011854844107218634144162918 -4.7453503219918506072313894711076663910062083807510
-329.29700983915127541512772757667437435425715130867 16.841986225350093467172576289054108349526252626410
448.33270289128970348884803263754488788902314507662 0.0
-217.37149476281943234204126205697037032538027166802 -17.582348708132787220915670377117602157802166891780
44.750042864424950357406549707090428947414431173995 8.6148012279994860084627654150970475230794072984679
-16.669606730752080300414879303222892857947653790131 -5.6104756439069288380229622911406970086544485891176
7.9741706541644241597243523734669731573041549707704 4.1091055503270804867816673447902653036926485081412
-4.3912676338737165331748603338585723588129748414761 -3.2093072744976027740363541671213413888345930769553
2.6500629058047517970946175368415452372615906579914 2.6076111282227427719341649064613433522013320786583
-1.7074839956603942326186602450416555761744705978993 -2.1726766495473383320199532200795451818776282472899
1.1567336565381339639316988874801797152350540973399 1.8379257402822994381331396324051627776236770916481
-0.81545938434808098679218632907102829509148776562601 -1.5652904245709937740824179318421579836953811712158
0.59278056418046344332225177800412115604263368313056 1.3302640823027058327167804923297109835864276539202
-0.43902350197773810706604352754716098323164644757993 -1.1143406074950521475371714075089235326468745248033
0.32384311262516628094702246244379841640714076428539 0.89934649312727081231276413229874324876265590390204
-0.22367984425437186794475946353544563499099337497489 -0.65757037868203655055144232632035041750389864415489
0.087246882472952410946271313904669401948719705754090 0.26274404490610189807894070539558855062371435229869
0.0 0.0
0.0 0.0
0.0 0.0
0.0 0.0
0.0 0.0
0.0 0.0
0.0 0.0
0.0 0.0
0.0 0.0
0.0 0.0
0.0 0.0
0.0 0.0
0.0 0.0
0.0 0.0
0.0 0.0
-12.798093266202016124291393334647248784621667547656 1.9718349781987432616681574107775366677138950910018
43.273650574702535201291344213852663001667556547487 -5.7225792304689725350978818138574003041921945218106
-156.43877274155909258412196182393352183027069308182 12.653733907546847347498900636489568525813482605321
224.78408143468851963460739997641353831897209605328 0.0
-117.53821420636670755336946189061206560862712556892 -13.050755971937471149913306173035360792518073114758
25.607650591565279095961769294012095438806471689223 6.4910362283987131663087285970269516134253515316605
-9.9882336566917759014818692755575765666631719769647 -4.2861134303269725547656487376881974904246297638400
4.9631065133024246320266877713404562509248663819187 3.1745035146910215193410252961640408466828486889473
-2.8234525918449880637964427864349894396316511641851 -2.4998699892811576084297363733890894473579023462034
1.7540856319185244595120876757533997762623378746623 2.0415737578635245886171313655154305382540536185956
-1.1607878131058747813933161190512677766850999466291 -1.7038270209800603820869314374359967806032732499891
0.80584708527093926098064542105947599021487484322712 1.4374974945051846751982040206692045766233694005182
-0.57990050379295824896574487908079581113748410959754 -1.2135915588006261392563776110199540598737863359184
0.42666466940558462619174930156948317310289534735724 1.0119137621173950387318123573146808797453497852940
-0.31342528634349433008274827589708200724711791852752 -0.81415435672639052457207375904520031142968469203858
0.21597324862820229245900582498844232178116206148655 0.59417772047438392405547235136243572289819993385206
-0.084161377352134104803831283093222394567981888746521 -0.23723335549042254150611764439437776651486586584985
0.0 0.0
0.0 0.0
0.0 0.0
0.0 0.0
0.0 0.0
0.0 0.0
0.0 0.0
0.0 0.0
0.0 0.0
0.0 0.0
0.0 0.0
0.0 0.0
0.0 0.0
0.0 0.0
0.0 0.0
4.0266331093468602645328651689362646196829660519409 -1.0739892411584327032937491146773636999936705190162
-11.924713579245975725976569877840106963239423454487 2.9159741495375901794370190165798155526185695159440
25.981168910063930176795386184445622924442532443770 -5.0016176858059193192513088045049576164983893411534
-94.820558791116794448760247034366615462574912618663 10.528320361690375660180826039655622880097347657513
141.05731075972693035243358507199489899597614686685 0.0
-76.845802420720305356007564452925283278685145604740 -10.857894133021526299700724482405385919113798980653
17.318993684322111606010325552207108515964610680273 5.4393316229492287837115506027119366501433928647716
-6.9597596140365927726026991381293593618769239267667 -3.6154608556862324620135184959343710389461294552638
3.5525763451835279879628561161347743529235606785987 2.6911357337192306327491417594891987831203461304371
-2.0724496099977953499551647002740415706022180112284 -2.1250927056886378746056587166381227024038900264752
1.3188020541360403889249204988580490038758262911108 1.7354532976090519530725293774782684082799912022264
-0.89266470361855942384778931483456833920759152488592 -1.4428748663669463635698472496061556720576615709525
0.63177918053959041635677674488148562388128035621310 1.2058707484090985580189757198301670469636023839622
-0.45979300364079598024794649722056321336105881393501 -0.99849794578948960200569155964529636151479379739244
0.33542870070117059403249284815149969664004223772154 0.79965709880756826111047848400244825887857732800411
-0.23021467515562590180809723556595332948947207641229 -0.58199551515604081527368895928052428702820510288155
0.089567136624134554184516154521430894601844492883052 0.23210780084589246765483509474186458907122425689512
0.0 0.0
0.0 0.0
0.0 0.0
0.0 0.0
0.0 0.0
0.0 0.0
0.0 0.0
0.0 0.0
0.0 0.0
0.0 0.0
0.0 0.0
0.0 0.0
0.0 0.0
0.0 0.0
0.0 0.0
-1.6634132852243062813981745254196386098129115674829 0.68682680112504727254777051964056787710365142462642
4.6370972657074768554627883615698412305747394487928 -1.8085092496682092177998902390652409318819144131073
-8.3921031863638481225744015792962671689041605926875 2.8245231749461813356703232737909623801435517305318
17.913208793573803471926873862290125981946289893833 -4.5406464302608474940700897923300887625906888928011
-66.634689780021431098081839986312977637419038354124 9.4151194265247207068778692698378692107074654615273
101.58081579183386207833280121445564089783535702220 0.0
-56.850620963185580288840027784812513728641914404893 -9.7204017336774802061561203526234393970532143367938
13.124285859429507919484582924703617450625531496869 4.8858130249328584840733842957791986268572490540530
-5.3957080513388422503779974516746739712984466108206 -3.2561307613112269468048555193989742402951155176559
2.8160171526312590762518856112441811223709659751391 2.4263675869754977077667512200335737642664206062650
-1.6791372819570856343397902271510323308465497613207 -1.9137972760852023213394821187702909576711214034988
1.0912919147706206294514932086143465600335829294060 1.5558988243915398098575328059713354423232940256410
-0.75230755409368390482211958159549073598975004924624 -1.2809829339111707228998805299603787797674137205894
0.53819630220134309412798274073774961090498914507002 1.0500290264438042939358681479383872108095471672104
-0.38836490178037703332392976665421421602248234872332 -0.83538602214519623496997232892173064699677819589266
0.26487225871887442978600976289230727873108060630602 0.60563415317913207779361203693831821270367008054616
-0.10278956661007834547777954983116092340076968324646 -0.24115146512733177977596281878134252316649790948704
0.0 0.0
0.0 0.0
0.0 0.0
0.0 0.0
0.0 0.0
0.0 0.0
0.0 0.0
0.0 0.0
0.0 0.0
0.0 0.0
0.0 0.0
0.0 0.0
0.0 0.0
0.0 0.0
0.0 0.0
0.82296925956573110934228542974913865288771976218114 -0.48992718022404527890175863825772935257428049621408
-2.2210082315928176175656544147012758499129995422705 1.2687054684112174167129113718991018741212060187330
3.6706939959443668846618980967975944289234023037293 -1.8915157107166014953309342781610833616292053673972
-6.3886565392382670607776200926559972414179371181736 2.7414763746771210373852587523420422888624582812637
13.731566322765615903903276692968650760974140973749 -4.3126375754531697572649108522298260603775429671201
-51.981930876300630282540581836781164339579553557456 8.8879460320600571815788420620030763886461798932030
80.774746900848524141251120950360499761921399007257 0.0
-46.137758859485487498301603597086548900550276246688 -9.1793714868767544872310752783621195416222815501431
10.863181894476065097836534456704439976321740134907 4.6184554724636850747477963166462265356813170884399
-4.5559894998676699646727946812201207328275201910528 -3.0779169502967285426118424744267702753982938554341
2.4264162986075560664458589464627772631612494598739 2.2893211216830479492966828503369007463272668708800
-1.4759878208493413390363153481202422431847051173695 -1.7970293271203375721896996242324668364498525064791
0.97633576280996293183020969048330124668020250658156 1.4467535273542170998715891115889807152727459891780
-0.68024702353646509446189057885465941187928216129165 -1.1686881611150942475916567825165387266066960024699
0.48276869662181648493305289439004607552310182847355 0.92111057047419958456294484693400417892087439103590
-0.32612354921330850169828474750287188366769704850460 -0.66414610203816204718718501493158704108596223294113
0.12607342681043151224744858672134529901983905893262 0.26386519364601027132856121308709136705465886850460
0.0 0.0
0.0 0.0
0.0 0.0
0.0 0.0
0.0 0.0
0.0 0.0
0.0 0.0
0.0 0.0
0.0 0.0
0.0 0.0
0.0 0.0
0.0 0.0
0.0 0.0
0.0 0.0
0.0 0.0
-0.46415654533925979607526992420493268200076425346486 0.37902081465479632139702952343215071686897083874154
1.2289382699528587037597519780432269143557239920272 -0.97166717202864508398798937604468279057263930377514
-1.9299867054351506312971665312323866037488247137127 1.4105085114051180829467313807979972205210842096791
3.0309320345884554172247206017193770433907820976100 -1.9386455581402442401747776225407303088799271375852
-5.2685780659862092150186269287215333038677291069764 2.7369246668064682416643441583633613832887019404712
11.457625705019955734596094969081477749618707690394 -4.2653609883216441857229674404305565779806812938139
-44.051251344541697123030344972462245007810979728519 8.7642488614332461358065018813911364696028956890799
69.593934463633377690697615537461969827365129863166 0.0
-40.452254711196633857310519657483607835399327206923 -9.0447733878241777394221643548379435694958167695738
9.6993413310053448466852700849648125401095751351962 4.5475426936078718124392137145773828967078616274424
-4.1460472602449708124651117756896605108795901724454 -3.0240797118513441648984930119271980559040490489435
2.2509537354604237765122206570231091859209635100250 2.2385279583241253071956045839577312453471833889070
-1.3933476166790613736474996340267525891398861235427 -1.7406991560349760122431765673936248493239351328944
0.93192801446751688969573101317402436909637941430926 1.3760147936895386640364854446592669286349712398908
-0.64495696460303039152560466742211259451626491647560 -1.0699988924674160265779367228907709571398404030920
0.42951142615205252194457286288436558526314372525083 0.76557581131714613520200559717455280109088164665835
-0.16509627789361334492626797087702323752483916200717 -0.30322333768699096110388605043120175090806113990201
0.0 0.0
0.0 0.0
0.0 0.0
0.0 0.0
0.0 0.0
0.0 0.0
0.0 0.0
0.0 0.0
0.0 0.0
0.0 0.0
0.0 0.0
0.0 0.0
0.0 0.0
0.0 0.0
0.0 0.0
0.29010772705078125000000000000000000000000000000006 -0.31272125244140625000000000000000000000000000000000
-0.75899457076215362183752735633029071195461221175035 0.79648755531115557254603927035490043940505935762820
1.1554914854435701362129000381311769917877067002959 -1.1369814842543494215410962853147680999903308963089
-1.7106031129407487642677980337823233503593981246161 1.5145589474258398194927751264621897764763756386820
2.6680180014573369550244072335488253962150071447051 -2.0210680599904414652279115393551484214972646589358
-4.6731911809022179478651307661954947715598134850567 2.8201158055333183612168812777362694624219298643291
10.289753292520751413051107666349742895735905937115 -4.3746636911519490905807252696331328828500739509791
-40.131823081286190402971921347659000152428145431283 8.9731276538713329869876166423407437081656140791298
64.410984848484848484848484848484848484848484848486 0.0
-38.071386659217031002040305375480976230032261170616 -9.2433794039508971239107954638693599818108366523903
9.2967563132336641422391622224603904050364192858836 4.6374413816858279565731845628629689544548872456756
-4.0501586355482820779112356936361038945607929532262 -3.0702606724346165779187534477228910669775972778108
2.2385009026305296582664402423699538050023018624214 2.2530835072924578575535578245174231261401976318028
-1.4027846973048994634300072705270075496924575913942 -1.7222703225449598002827164509010119687802101943385
0.93411547865490020084802339800576067332077844493373 1.3127554247787045380352595822557163427857585379990
-0.60891774770093850562114526028495653681366871044321 -0.92886862754443497657967946609753575157987236084677
0.23208618164062500000000000000000000000000000000003 0.36627960205078125000000000000000000000000000000000
0.0 0.0
0.0 0.0
0.0 0.0
0.0 0.0
0.0 0.0
0.0 0.0
0.0 0.0
0.0 0.0
0.0 0.0
0.0 0.0
0.0 0.0
0.0 0.0
0.0 0.0
0.0 0.0
0.0 0.0
-0.19771559851854773071470124870424914898495443576332 0.27234612040866363866376674653035231906834427696612
0.51329862838247540550343018143922071528154344239672 -0.69058625982300653321867549108909042017808415330036
-0.76612562880613285606673122296565546858827124671004 0.97485145896378972910769697700240079439217369579867
1.0935844640999650975663917982256181284189883473722 -1.2728188996518945604588741279735519270022981509964
-1.6016296431973856209417392053461982173020536845140 1.6423132584521949450587281611435359615339238978066
2.5097657240888951067896498811058027005257564907875 -2.1624918719480486172339040804570864522433094637572
-4.4408224296134115382953055610494624503564660374776 3.0001128470032745087782599030030397503796727035616
9.9019603141857818572225469523720652916914014203112 -4.6425407398775711178964461579416144500665383600078
-39.177027175668374688357948873200577181728899783690 9.5118186617436197934360257351995097226983417960338
63.928790638118428234280952536964544527279409632331 0.0
-38.457579839470196797763013894744751769168959393613 -9.7712932228487904014137019874062552689343503116280
9.5748897110844054021400292526831860466495477560326 4.8842914721994198228986110062596167651930080918337
-4.2515892739386639921063182842013215862689599254708 -3.2094865462138434110898736956329103919255156297333
2.3843390340872993519385332912654990049459878715529 2.3191500490756962133033423149571395184995596871009
-1.4931654072942342446442427745012980269586342592785 -1.7133861044456374398135812203377611299427705999559
0.94191611309388541136156314069426786662443731630218 1.1922463001062782294292248350308592831604924702396
-0.35446031305509217577408114037097371263789894342407 -0.46709198251137502243848028096245031925685341279846
0.0 0.0
0.0 0.0
0.0 0.0
0.0 0.0
0.0 0.0
0.0 0.0
0.0 0.0
0.0 0.0
0.0 0.0
0.0 0.0
0.0 0.0
0.0 0.0
0.0 0.0
0.0 0.0
0.0 0.0
0.14570609682866452705174324401312685086864246561977 -0.24884037210353216162531279085151738702984657976053
-0.37636559727136885612713585750141495855860338212428 0.62902339680276323690804192216551835835090897090691
0.55453782481378040378005969900634129205257995243775 -0.88110113890492089103684654452814917698456892039582
-0.77323024632360019880246001948470413241799750753071 1.1349624558860303189137014979247919275276984399585
1.0889606500585913050848968507646070878626062732969 -1.4329977309208327678866616917098351763369500227653
-1.5989634841719815267942124203491300283702881384394 1.8224191633702590402329287998061039399497037377773
2.5269721832882467191533134370753136417850731270090 -2.3841954888067509922916131187700730325102369833575
-4.5223861259714614951058950022180941690066918592934 3.2985769997952794258579163755581178030728284689294
10.221595329729357491495165760484003682027544426631 -5.0987729022710931632469121918159103722911528652550
-41.090024830153272918153862393109464045438799437546 10.440144253110037030688812577745018692057266972930
68.336179618059972416604357912150910882823178621022 0.0
-41.939193316661627350213476650020502880609966161140 -10.686977151479687763067146918048618795234617797844
10.666702615765875592717624411056854307817502528210 5.3109358160828954709523337398846747902952224418372
-4.8237439084094380652682911594041082433580259563906 -3.4444231829599458035625189802044887024127929127880
2.7187803072348463042457612072719532273129231992565 2.4134058481133044624445556226696982662192870965946
-1.6266923644440404728584423696882200102644838039220 -1.6352260414098456583208790501848987910771544380188
0.60006165990707266667260202565057595659192708497817 0.63423737393297256289359015594395534534137584784380
0.0 0.0
0.0 0.0
0.0 0.0
0.0 0.0
0.0 0.0
0.0 0.0
0.0 0.0
0.0 0.0
0.0 0.0
0.0 0.0
0.0 0.0
0.0 0.0
0.0 0.0
0.0 0.0
0.0 0.0
-0.11579223734861335765564359579142359387228808005991 0.23792459603460991645306878760969397576306999827369
0.29810547355166163429104725031867361592926028548083 -0.60009439737195722755115544793991113253660813203852
-0.43551667276157417835758173132288080493065043859853 0.83598287137219486874669455350101290289024807885511
0.59801665804452584052468558750094967742945271843957 -1.0667624954210039056958088547751759971594104986422
-0.82115583421070239542917943456897614460405493081039 1.3272902017412888783064498606957593874930554777083
1.1577050485382473874875894230721013142140742687920 -1.6505867033674671573489558745799487985882991058270
-1.7124684101611256064884459311929953997534153475728 2.0849467125384885415070294486842662199415334376943
2.7352977544210257605797988018378658489635325589385 -2.7201982880204419325334587896348218988664521066840
-4.9609393551085427924412020920113448878642444449925 3.7606865238899440517716570098251380231348354580216
11.397061237296006844614171507812437505316640382719 -5.8138078546238346028688199948607409515829194167545
-46.722354571798074361953651348885102511022630456284 11.905825941906424707058546738922893204578750109888
79.562241869250863218148765549378692398436478859913 0.0
-50.024173588993308644667506848515974829067961908719 -12.134794283652902959580881039338973658997261143566
13.031070758780510243648103191968452397984169162951 5.9714362519036635987439826956108618343359122908607
-5.9729196300960611912291912854329512444112786268058 -3.7725690906556286052795855830051870545306661832294
3.2574869112972206673015057918512522874208647529375 2.4402765531382844327973667129687669116171247765886
-1.1623277436616389868678599015070806636894630418492 -0.93085520308830195248289074759007323566502732532323
0.0 0.0
0.0 0.0
0.0 0.0
0.0 0.0
0.0 0.0
0.0 0.0
0.0 0.0
0.0 0.0
0.0 0.0
0.0 0.0
0.0 0.0
0.0 0.0
0.0 0.0
0.0 0.0
0.0 0.0
0.099434202194182310556645074827762176968232934313720 -0.23833719147084024102717558783751576034442677367705
-0.25544088236244734720367554401144634524059789784057 0.60017599726315761208337867077708697289594598339027
0.37111967988869036469851342397017950298375371254860 -0.83283294059099201799227247869824484430824441712813
-0.50446577439926033623704437642382496500530300994573 1.0557249071356945815477816945554200522172527704288
0.68127132333250317661348854937845966537831348503638 -1.3003359177410274504973993658763591255668473960669
-0.93555643599749626981376821731061670673075499138873 1.5930078352959247196942548639111973553759047544501
1.3278730938259633202456991302844918283215500536709 -1.9676684554116857219202975311375893275419791469348
-1.9847924424844342567585423750890724674970329261095 2.4795869230191166284105829592990340995115819699025
3.2141544084437506319145271177708597131110890421223 -3.2350928601574174405009795474878612866124538864548
-5.9323666228740668466374556134198851158453289771820 4.4782902666615983560327369745520617910902799389784
13.930041618050681497856008158695418259640349010396 -6.9357475889017999059399033303511892560818203271769
-58.640477928887465419587789286714401264530624539801 14.224925377252153160907652441254156791143670138856
103.09827122373645384446092014840046643040158534277 0.0
-66.867517111396347973191673475966083110571030980534 -14.419561819489521370768104349103185679369951881502
17.879997959296611684158957754813493038514217365925 6.9578828655381600660494900269860456511854427960457
-8.0853474858217082581895524118540658435963084627246 -4.0983229680048708937704029216729130065508905954396
2.7135361237170034375919395249693748934267309514492 1.5161851557032584015082381393987330907872569740118
0.0 0.0
0.0 0.0
0.0 0.0
0.0 0.0
0.0 0.0
0.0 0.0
0.0 0.0
0.0 0.0
0.0 0.0
0.0 0.0
0.0 0.0
0.0 0.0
0.0 0.0
0.0 0.0
0.0 0.0
-0.092996721380578523097069210548898346954862657545544 0.25185601258307724525270393493222537302944199834867
0.23857655208388919899715730348262053838454094496261 -0.63350249798400948762620140182356299109521637351000
-0.34538289349430937039240017900370696348920497100306 0.87665963580775158808625348808392745252398174730702
0.46639934020982304827792779292360212022179145875317 -1.1061518443941152681328487468869525526652151003053
-0.62303175383187058298003665700861338061504609842232 1.3529912839838373266715398197767286196744579640062
0.84102383157108736816540614507930877523556969442111 -1.6408500605978765690374537348108263232653383231543
-1.1625644760569432705990490544263387210113789481076 1.9973264015728388555627528085617231930424664553662
1.6681342923820546580175894574723938306887893902700 -2.4630415960722734131505685214410995589953764818517
-2.5310079364393962864320945040902630904322091428461 3.1074475387635862326983149042063426548594108615968
4.1805913096857518852806572027179986383666806497314 -4.0662919167174763208360989928619248385328529194000
-7.9158853328657180594207925515743019785759146905472 5.6523852575676546466658028473360704762444762227802
19.195114462856123935610266068020355159994847761281 -8.7960847181882782509035530907296081677199613437663
-84.024942165922117617871484699803509314443062470420 18.119453215559130444662213004188539462029844992604
154.94980086601490091381140997805763187058275853497 0.0
-104.89080066695352367949040534022414787107391039958 -18.213545539343828844794438734006774249299537207810
28.540230916920409031189998069224095581927543657302 8.3224409094160648588074065671099545808118884282597
-8.3831885209014057214932731061901127052120680325998 -2.8805232509306676233353704387698499818835534754787
0.0 0.0
0.0 0.0
0.0 0.0
0.0 0.0
0.0 0.0
0.0 0.0
0.0 0.0
0.0 0.0
0.0 0.0
0.0 0.0
0.0 0.0
0.0 0.0
0.0 0.0
0.0 0.0
0.0 0.0
0.096608380427303093012087560195704486149799264564356 -0.28613932932866003174106259008245888562422996559659
-0.24763513050536775296334442287066996296356567315283 0.71918679180724495302105922270720609436359880761518
0.35770541747884292226336865267819991858924967616372 -0.99338568658885821124359760897152570437687290857810
-0.48104208743171442154119266158611858385823700312316 1.2495562046709661187079706389481552515118099777014
0.63815450839356092952273488308398208194977266611350 -1.5213509807188184271918397494170698175816534034193
-0.85208979769522456672853137688983973310852949112632 1.8328739372273652610214933342816653505701017909386
1.1584233393608256240970276313035916294560520247601 -2.2102426906215809233502105095322902627760885889892
-1.6209035700359257219547152541667804816636141989552 2.6891174449173040996751135747438399559914460960590
2.3663602127612824714781211280331019232462699931775 -3.3255547919579130630227903369310238715202293179646
-3.6758300461807366065179139966925161238351372634950 4.2179627874199544527538710239870005143092497194311
6.2642223634523491811955369596425438869602516807598 -5.5606224767804137595519450721622179485204040973048
-12.353074850585019877304315127366127428141225027107 7.8023531609319411355158758661226623855163834894466
31.545563402274000078081921780799809941077264561608 -12.275747210938974112658330158200526370301254358479
-147.27030940062876004132683510349282774129460866216 25.572447438726500019375856544818540289150185374336
295.33164216155569061424500496657750851949256057909 0.0
-212.97387787233428392511049609303935266219704031461 -25.144307635537003345421327687906878089206187804850
41.826413967842193243953352222510975352026650504357 7.1165010219630677893243574973644012835814517244895
0.0 0.0
0.0 0.0
0.0 0.0
0.0 0.0
0.0 0.0
0.0 0.0
0.0 0.0
0.0 0.0
0.0 0.0
0.0 0.0
0.0 0.0
0.0 0.0
0.0 0.0
0.0 0.0
0.0 0.0
-0.11826576496041725322460134399797515857992771405350 0.37075668018783749819406178992665950316651054614845
0.30300896679032245436729597725104184598758766824331 -0.93143657980091492569247193986412283779105797930709
-0.43714896065724660244532673411750699580152025866597 1.2851234252154838761483392364306076375014715772355
0.58649018829085997127191629198207345600676059552933 -1.6135304042176181590288889394678275845433957107233
-0.77494409311490385576059451226826745304991002016474 1.9591018095812195549223765430680013477511902295001
1.0282379115915007837796765137579896014186960101185 -2.3510804788143053251131263098485954273547876210456
-1.3845929082632440091786486990492536484124681135960 2.8197043272433205772410894092885422238101002899098
1.9099100305971406768559874842986337549163454389787 -3.4042887620398966547092621501558673393921109907787
-2.7292961609506117261184297314680089517598936468744 4.1633826387165799179849839366634229383466715945887
4.1027161948145245275387039529489689931273317084598 -5.1930826276948622159487814605136059908290754863529
-6.6314763350903750312713549890772777987691699400252 6.6662652589748147031878306552248545642532937169777
11.920180376619916610126071553388454491205882467192 -8.9297478314842449629174149274485415667046466975879
-25.239529730612615421244027853459976419859181660321 12.793481613251772823090108111447787135305479566409
70.900129311742538926704741767998469898553561005524 -20.674749913011739060069449756779592354485472166891
-376.82359161231088586461767468507109661167567804746 44.488875379860483310095059000134540735059407970884
929.31148819520114251905998074511324126328733582692 0.0
-605.81281309371382548369905596588525848248110046577 -31.564754408177361180227175019352248711176372006613
0.0 0.0
0.0 0.0
0.0 0.0
0.0 0.0
0.0 0.0
0.0 0.0
0.0 0.0
0.0 0.0
0.0 0.0
0.0 0.0
0.0 0.0
0.0 0.0
0.0 0.0
0.0 0.0
0.0 0.0
0.18600492495309568480300187617260787992495309568491 -0.59732645403377110694183864915572232645403377110694
-0.47647708326445873329973271471053183146165029859522 1.5003535746732725440009664048877185742024413380105
0.68707240274017948939789314859188018959393711427130 -2.0691190002722874252087958661629748144839222685698
-0.92092362251528369643885563165564488335924056692641 2.5958914646274629810947493488978347586915342181979
1.2148874533975268084149447581752101193428219705645 -3.1483071326339981458946497503928684257183346595392
-1.6078893591880336801475225152766950978686444213919 3.7722201534491459593376481306820446938228874200537
2.1568179490376673860213339697397213396365101127198 -4.5141089615795692374043132674991408074320110284575
-2.9581858733033500602495906755594553976045123173392 5.4331388051011146283905913218061198173790438538852
4.1917107282960941497526863380521917107282960941501 -6.6153793673493485876225088232592923024442724255107
-6.2212385555730621986342543564142418848235334318470 8.1980705415310492908082484414915392615678749546235
9.8571340745978343271272137002925386811496417017705 -10.418534040228996968459653927565479888951350465448
-17.138734090298938032496553612853759473644307704343 13.725629358242213507478281355150934425493949529741
34.132505237667330280789921297718190366902848065635 -19.071497635869354781456240024827501617366885548762
-83.916771305119214764332400150043784554675124718040 28.834399976184225324394578044256659443092202879657
298.20324574988884935339669690125845928575506333006 -50.737404950933434346751748157863023420765987466174
-2441.1161462016727091096019680745748665621674144992 127.18983483231929324978815633887773049053009045629
6426.1579861111111111111111111111111111111111111111 0.0
-4670.3836506384278791604883523646054023817540560811 -127.47549410215814284492074094985106720150124953569
560.16213834631872818495962121797534094041436410755 51.118118569155236112952514174055445327171009731674
-153.37775095051980334056226693290605366208926974376 -29.286851263884582966952556638349324807580217756879
60.286556923063807222567244012048001179878530314267 19.580640153061636842775904484966779160308992198847
-29.146886160755479633944527775664990611812274487539 -14.279409240438576191240756135378196410597643229837
16.147826018113431194393415288675822329440574408563 11.006046302558081797518563901234545504424537643920
-9.8654445133174912626668094681434945212230993391609 -8.8086938425760680906818400537683963683509634019988
6.4931045513909804091167443262502674635257499547685 7.2382975697547304801838885641262126565441137048391
-4.5314193784184248616473639013596791924444259587043 -6.0570435560035470054120783066154760050603207127522
3.3125322381317305997097550015908185289014447941134 5.1269827477942291875553331046314220533714870268076
-2.5089001212386812009678697083875745181283957841043 -4.3611187373474447141749681515979452437353533769439
1.9460771838129222559712850380145849044173651117094 3.6990266814418356148020727577659539799578913480067
-1.5228083603808120434716750107018483486425851513698 -3.0922796172550213589973465127734855372182024288702
1.1719315625450612849767048498139347113656423959401 2.4913524871655255186990774839241331382891729768108
-0.83228001697433313345768276730475079516622078466698 -1.8194198881868000327220354105090200917601730955888
0.32855169897852824682092974775901605169897852824690 0.72659995830727538044611215342922659995830727538045
0.0 0.0
0.0 0.0
0.0 0.0
0.0 0.0
0.0 0.0
0.0 0.0
0.0 0.0
0.0 0.0
0.0 0.0
0.0 0.0
0.0 0.0
0.0 0.0
0.0 0.0
0.0 0.0
0.0 0.0
-2240.5784818879225854942939549729570960790268037174 61.155329073294236499817186921157918482463631446383
3409.4143765276079708111202251615674108171253817015 0.0
-1357.4188165920293273928972315638148093190439619512 -86.842495622125065816729417672210799284118419566825
248.49029476937544187817699898311548457989807927011 40.685432878570615704136010685251092803356576135501
-85.472918755642675783766676368714162703998101944518 -25.449041824373154002019961289536467674943100690472
38.859467255683032887123243764061428584763819565858 17.999585775849709197690276188257624121600941963709
-20.817545879836724786068704956517362958569524665689 -13.644526091641767676213922753841579530512164787075
12.461401813249352391692337254071098821640001530841 10.811427777925582708002768400411637816330363215273
-8.0930372345258508140895834274866437817472115150505 -8.8266042385599326302375047752015360191834834941000
5.5964846440952665219864048851928004567898850386984 7.3537745314001748142472381812444683100792368905966
-4.0645793640182628214829900520049131283639224732701 -6.2054912150855419020533790341052924709738684933245
3.0640411993689003091029597681193884857486863024398 5.2669584761666404358387096574235160014707286058574
-2.3685798624379349633385539483043729183858707031641 -4.4603317846664414983546627396229260233684240391656
1.8489058295993295106751905410212936914272190800292 3.7245727866830118778384460660930718958222654667073
-1.4205353508366004640059495096964722971718222139419 -2.9985235583143770930766377107268398228916976869765
1.0078231912137463519312301484304171652386489356731 2.1888170680247225538389706944337084421954686023679
-0.39768470751900165652493172758329319096853383846823 -0.87395926975580129000400899102602724448030634867628
0.0 0.0
0.0 0.0
0.0 0.0
0.0 0.0
0.0 0.0
0.0 0.0
0.0 0.0
0.0 0.0
0.0 0.0
0.0 0.0
0.0 0.0
0.0 0.0
0.0 0.0
0.0 0.0
0.0 0.0
152.71241108642954098585090911057233925309211187521 -13.935913555213212224526779706054365303209050672907
-771.37728233951894219977902893341363099078450638447 49.349786112998660470852611685196722153219937324373
1049.9524863222976890491027797114134711710141363967 0.0
-509.40793264132868155301984599983673836931733521737 -50.865102266969754287246491803659476795343218865233
105.39777282314134858524741954841061203491719696686 24.682452781340831486612940133918279954854414278420
-39.709689000002971076941162345504424186746863830258 -15.897098208091189513712480804827366806108855302392
19.374810820472781058550402826486004776486399402490 11.504876418254760299539571523116532376767243786767
-10.987935431609082244541472611514224475226222420538 -8.8768598779116818724787784084519606842622396448411
6.8959284991800697203915257579400506527340620565542 7.1273558843638395686289028359339552790584296887214
-4.6599442126679624957344862830887345139984936168263 -5.8726011251733575258345731713025876850757897799815
3.3301199130544373431114688785135747400394394967996 4.9177909897271753996394175841461466919238198208130
-2.4814464200977427425109199770780404089774932304803 -4.1514820790839109738844169712179325069476279726379
1.9022547643989095264312850766393463817088948731355 3.5021705543306427994704319309534707680319180776581
-1.4761025353484474337948108765052974915536703952874 -2.9165542529980568471779594700163913457063592572097
1.1295492402255063647516860894032978272280367508649 2.3437390157869061097211826811085595692000336373965
-0.79943428363111391286516258171858000206361753571311 -1.7089757992248195496156011933972755486726977189533
0.31513883296104115020327671784553954191494047469936 0.68205891151420765564293602307021740600616789855431
0.0 0.0
0.0 0.0
0.0 0.0
0.0 0.0
0.0 0.0
0.0 0.0
0.0 0.0
0.0 0.0
0.0 0.0
0.0 0.0
0.0 0.0
0.0 0.0
0.0 0.0
0.0 0.0
0.0 0.0
-30.029841706774365820472109401016256159047822521194 5.7340748713157356835415746722437269579113870262407
101.41273738069854449017806280834105471561632456682 -16.604355206564071033711452990876274782026670206926
-365.84388359871149372491864798769284064309236967176 36.530029001523446187896719937246778868647025781179
525.42286750849938683517636973302141796577035170470 0.0
-275.11113923306777285230797847100335258834467995327 -37.037480107773805939272732161502024851325430036062
60.408888368649003084975898059127338844267686092847 18.220299418757142117128323160206360137651054939975
-23.936272160067222225097066972622634542350971074746 -11.890113378904966215895559584747911886247691167784
12.195064237456442893332200494603409536022867530083 8.7011460485630498682823746347655056688325183793304
-7.1811592094729118055892559068561995987222965818190 -6.7720211497902626287131321812577263672667698180750
4.6566474044835959098759614256012160049350530615727 5.4698325749263052413314934205170366858446624953857
-3.2353591152382656322780679744015831668054871660812 -4.5195321267316240864128494356075429029872785715377
2.3634864413689680834847088293260981612390104597309 3.7799539781349373546241000115449159506126687009575
-1.7864084197071214620582293181736965163365342916580 -3.1679683840828228495262879064961630850721808364768
1.3724765572309488097331040739912219578725382071002 2.6262390132314483663176746630721790605738178325159
-1.0432254963941203564912009817011745693378797069191 -2.1040176861553927902331076736628034658351457666651
0.73536582252738382685399196427956122482699991567284 1.5313846299530885513881408060371271687897907479786
-0.28940132351637405713228615700449824517422489953742 -0.61072383268519984862164562893052410739323412765278
0.0 0.0
0.0 0.0
0.0 0.0
0.0 0.0
0.0 0.0
0.0 0.0
0.0 0.0
0.0 0.0
0.0 0.0
0.0 0.0
0.0 0.0
0.0 0.0
0.0 0.0
0.0 0.0
0.0 0.0
9.4957572049024172951764074684671109575553948143404 -3.0841536538124021429106347546254514868131527059214
-28.062738651045227145326481356310143919369284222942 8.3555097922727205031405215022480623280209371308036
60.894766789258090014898188724883357756198008367654 -14.260568944172374786136435200942844495513539008902
-221.32303550903805786896203813884238265414787708807 29.796130930611264310853751569709164198941814996921
329.03348295521054610193605509573768407263408960515 0.0
-179.64716738812995513845982727774152166547966374548 -30.114678732261896152436143095409041245395464503608
40.919455221719962343231105719433683655997798875198 14.912134267171516186178695005673323837745529906607
-16.766401258050947100769435575278024467390986827460 -9.7952994161183814753300393520310522501458200876978
8.8069297824283883297961277986790284130048933184618 7.2072335842598617257950922337388809203723665309131
-5.3307005890433870237980559946925343174800207488594 -5.6297895625603091518028762808714947355972658021034
3.5407255107729927589348476483580612417404528370152 4.5525210353984372013244954888380219757521127135708
-2.5081686188089081336539663875266694713382244298916 -3.7526328398404363636521152345773815826623650233677
1.8554527616560796874003235155515160597755270083182 3.1137548280448549182375268588425990102448850033296
-1.4043781764419419054751367045104399235374234203144 -2.5636027009110450668379533205527399315719338793822
1.0568655923779178555459349155587369339544917831632 2.0444976872097050025841880200468533872678251178616
-0.74054615643302464460184669983230912808865463323333 -1.4840383571703787854807671592686511831941869334258
0.29072595884193757220447111990909786547280784172109 0.59118552329392806108608469393576252855889122262970
0.0 0.0
0.0 0.0
0.0 0.0
0.0 0.0
0.0 0.0
0.0 0.0
0.0 0.0
0.0 0.0
0.0 0.0
0.0 0.0
0.0 0.0
0.0 0.0
0.0 0.0
0.0 0.0
0.0 0.0
-3.9675152584684646599267655518117592587900921107108 1.9437333281809198002185663713273318470490529678466
11.025941395878158278191646843906758335454950404891 -5.1071821599812771756129974012470017517269949143214
-19.827243669114683704862290605571317592994356457612 7.9374995811134868635592341327674414404285137775315
41.998773443473826736012656469965754697334380396639 -12.667510494329475922734371137651235190770158815538
-155.25217539411014561352352333962795004791173776739 26.025288639131216333595683311622058880995900713161
236.51616829206258094744275282428077427796781195549 0.0
-132.78805618816538793217047299867132928329400472414 -26.284863605450452862618667274356945201284610297004
31.054072547483050172295380311360108967115153486768 13.059029968530218034031732769835842747415721772511
-13.049440258475869192802073863475610108000715649249 -8.6048740241859984189631915443746176407505107796641
7.0185213694546754737525779088820772726521944941216 6.3440119564181156346232822149998499086435835319853
-4.3395953173681051600333872574806262874822844024559 -4.9556772171290405113336103737441424869115543805121
2.9336534154834962537872125059786542994443891320350 3.9950455373673692229731505803195593820556872259282
-2.1025591845916526968708846000771821228497986695032 -3.2659836318718785109981924175261869978497162854104
1.5574405609702275626763893286910278622545744795311 2.6621625158943912006333582275417134531879415867480
-1.1554909854229281935662304983347483696293047679047 -2.1092642938942604266034864792753640946523262554803
0.80285001596272297085974968378937837432213992332512 1.5251643440156777889705040721557891241980828917365
-0.31409910832732736621603534614802583675186073573633 -0.60661503001562004936738052714621198929710083470966
0.0 0.0
0.0 0.0
0.0 0.0
0.0 0.0
0.0 0.0
0.0 0.0
0.0 0.0
0.0 0.0
0.0 0.0
0.0 0.0
0.0 0.0
0.0 0.0
0.0 0.0
0.0 0.0
0.0 0.0
2.0020797336257186710744880595134005860911685425437 -1.3645788742695521205136033059007608252059719669112
-5.3800862115712557503993715871187313837839604407477 3.5262910965969186830474536296937129791594932502089
8.8113853720033710030089234942749101360301215634915 -5.2322523671507426792520377003284853752134394344466
-15.157694314533961629750508742025865995231922150613 7.5294391188976960823232652209329107029020459404450
32.209800176309205899870002353494949400018919928550 -11.738105073621225846400942177540162160440669370377
-120.94833120759810730324128895363459810450918994047 23.941237490468649320184399914507101208443116131257
187.85230908409362319447958606735091955505360076452 0.0
-107.74634614776006992367789924053792542841828045550 -24.174683631132442528179726234256372823596652826032
25.739746926314497729743819503117771199568050235770 12.028422231526516098738434735434814567759684022813
-11.043587129299280136681660933490626260378066916364 -7.9327244544579023340835398414054857033055660528317
6.0560566768185213616616818506936775535336902380805 5.8445583394578785636745645149681107804400419409745
-3.8072248182215042242815331048482693442646696075968 -4.5499082572035896448351449071923131119041102185407
2.6035651520317724695312110972203961512572387931467 3.6377252868348506756753538379546122716536962387560
-1.8696572567733503874548786055261790087954062372418 -2.9224166145466365502477533081542213271446817305613
1.3595799592625275524246487703308992058285297330332 2.2940301221271711743422416286981990305968274354365
-0.93361566050421997118998835121307421018861185902638 -1.6498125859801556934899707463469306870501288604900
0.36351680946191952614564765461409342154447184791545 0.65475532172783144912003939666125025975178781628988
0.0 0.0
0.0 0.0
0.0 0.0
0.0 0.0
0.0 0.0
0.0 0.0
0.0 0.0
0.0 0.0
0.0 0.0
0.0 0.0
0.0 0.0
0.0 0.0
0.0 0.0
0.0 0.0
0.0 0.0
-1.1629182860646798868644265438328073323269097609938 1.0383506928703348308240441603350602839291448205578
3.0619058866354076776174578247139159525964468075954 -2.6564888005591112980982840436735462517667099285733
-4.7510331120375192125407200439974180751218499040238 3.8382328940114365397250575080358632221137580467422
7.3421956955728189032338698556622614683446082941493 -5.2386371912736098446749146149712394163790220790987
-12.547675431634020438794549258848134252462028315551 7.3306272429874710597579319481636873049593590405228
26.892096658825966145567974978284435491928073289227 -11.308812898766907559441984287265419507674260703002
-102.43957896127250401816687486621788134493272893343 22.984022208038990148718836483466612241252497585754
161.82988569633070907700412539628496804638751835082 0.0
-94.544323866692618149110623987806953706541861380400 -23.201736610410475074322867780905531319850050671993
23.014697160094928358331077113254616521394663526667 11.546303315448535293272407141599950998385231939471
-10.056532826793914786360434414786176761864772442635 -7.6071090299513598719822627832930443136494715747840
5.6055684585171016573020397818091274953799966230140 5.5854916267301987107649255601825098315374882106509
-3.5668469750057155988867509580478465966649880688630 -4.3138868224771117881997971506021826778153209201107
2.4475538211185790473159276037791009881247380118956 3.3917383804980115914810983826501427077123618548268
-1.7296885196226975411734461701640596942768014826313 -2.6270005939078814088245629669711086003992577220422
1.1683882506412310159751629236366998063897522936011 1.8748653592586792327370049032674650350363695063496
-0.45192211915711739311301353923260566193334024098159 -0.74178753684956170304226690408928078202798406559301
0.0 0.0
0.0 0.0
0.0 0.0
0.0 0.0
0.0 0.0
0.0 0.0
0.0 0.0
0.0 0.0
0.0 0.0
0.0 0.0
0.0 0.0
0.0 0.0
0.0 0.0
0.0 0.0
0.0 0.0
0.75595413985831546963499056010069225928256765261177 -0.84271259920037415434235368156073001887979861548142
-1.9640248972710988309901434975579812858669408980108 2.1420475379668715066061106630321503691150257475508
2.9449316593162052433451827079327867226730018297244 -3.0437635763729852249066588057601415997228724172997
-4.2701873673084030037854995469224780512497680281980 4.0268984883155426509919799025007321535263842684963
6.5096624152215838894019155894162102098125651004703 -5.3272432891184638110801128809819018844374867572051
-11.161138474307736943749297310508001845797250893918 7.3597172472998288516950957431759013194842361504726
24.170187447524447758156682996076700386220203891386 -11.294952544259291183915328998910294912517950957077
-93.378302106825439508244800946807813759057560317480 22.915587969772975816500619197082408270474077074217
149.96018198028109922383050136354101111810362911684 0.0
-89.155349961888640728138813537043459000828086493806 -23.120757066382571497542151430166541329908115356707
22.094679024366411902091304064825067237539948553753 11.494447501683689676893451546046602179800900257162
-9.8180687809788853635476702630018449827583699796154 -7.5496216469884796270766932642964349017974227184169
5.5468251148614776658928486049778484963436171931810 5.5033842380981150222876886951212499348051759598075
-3.5500905407922616448664183933090035443913974378965 -4.1845883281636851327370601737707337297687961117773
2.4059569691628328835071760655110014864943412390222 3.1772072287240742046826976082835927620213101423420
-1.5874550656400425311030937624541463968036975072954 -2.2425482932452936092278316339557075738057428146051
0.60829791578577328508495909376966645689112649465076 0.88337290279515664332913782252989301447451227186908
0.0 0.0
0.0 0.0
0.0 0.0
0.0 0.0
0.0 0.0
0.0 0.0
0.0 0.0
0.0 0.0
0.0 0.0
0.0 0.0
0.0 0.0
0.0 0.0
0.0 0.0
0.0 0.0
0.0 0.0
-0.54043426228452082525831227054722681558702081179902 0.72238598824117121239137972489055216655513874157724
1.3912857275106638450667093554506643515222689590365 -1.8281478820214774151229695024014516694440367329740
-2.0385846589477456049520193570801291777761930271365 2.5690853829006362071051410951509270917102547229618
2.8365555571333444037765723483512078714168817945270 -3.3319001073728081425504314791968099364847417542428
-4.0363032397330276441257958874628507032028575578735 4.2627676176528945062755956692688857349782871833918
6.1493300388345001829198919954370874829519722238123 -5.5583535671927791000183778592404511687486976067386
-10.623104922466333467103086673062651241670310294657 7.6306876754878988717148601668827849697979211942642
23.285273333994590851121649486644723926947902954015 -11.682049380323810251281589418612658493285333246094
-91.329897910015090229445368515647361128762219540807 23.684685028746292687699669150040503385892649994228
149.24114321615782389852908436004978596885678480874 0.0
-90.348366185742092607914038217112694911077250004979 -23.876942302155747720976157894533117493798489402478
22.799571828886211070033764133298377444835778685285 11.842181985831215569962024506677909078784660769782
-10.292749845210963763636299241585340895935883901309 -7.7307387702791804443847949441865935870412900768466
5.8698439375279118355744473833028617829032732424392 5.5571846771452793502939556418506120595117882232885
-3.7292410162302419226659580770161829517474956807864 -4.0899880025751154731244478025730274345959509847268
2.3763076329781546011584580070332593323413468358435 2.8390819680501441319728624846659205092691260260896
-0.89827843388017293174751367739481282803205379518017 -1.1111339240305204592992383174142451492218879381064
0.0 0.0
0.0 0.0
0.0 0.0
0.0 0.0
0.0 0.0
0.0 0.0
0.0 0.0
0.0 0.0
0.0 0.0
0.0 0.0
0.0 0.0
0.0 0.0
0.0 0.0
0.0 0.0
0.0 0.0
0.42023907605284951516854419984655363712245927356147 -0.65042642244204036685771841027870444028565948112866
-1.0748412462639881970201021314403038993949262249955 1.6409860194509429333788901938461133200457995047381
1.5496570941333507575426652427166156086145786323607 -2.2884730561266161959953435535695901289106394967555
-2.0963709585027292051878224947877565639371365059019 2.9284588075171067677439133293612562680985397499550
2.8518025888163975525831938910704278426889543057988 -3.6667319268010732142020841867881007105083491537430
-4.0444466433929344941930346824161811292003004514544 4.6186269964712117613570120467998223218619863895841
6.1966781860721342217411800567648125999140377043281 -5.9802688617456449340498051428628411468627666775580
-10.823109533718683265966858184667871197995925158741 8.1869741474659099062093104857559503048806887186967
24.075813050715755592489872243388358956845516282457 -12.525104748822620439534838824171317568156106060859
-96.105447623685067134451575512448116289138825805790 25.398403144513172624148823885976071792711726063632
160.19503600044614393037607508370824051141894756981 0.0
-98.952972561136138324363217005016042655845038124902 -25.573609573211220452833610558609372827048565192834
25.458762604458785292133259863497743657425896514991 12.627311542293660867225596981778185825392464806696
-11.660447016783830885931866289935001370314021036227 -8.1476882473937271375889872193247559033408801605699
6.6476747510098316909854698045597357685753068907201 5.6874363378085825783699259129239314929427224147937
-4.0101680124321614541901424212313982525066774366550 -3.8443823582601879931738328851748486254598312956711
1.4847751005197203391323244670668464406045098320572 1.4895670497580307425864769897515093436577199623652
0.0 0.0
0.0 0.0
0.0 0.0
0.0 0.0
0.0 0.0
0.0 0.0
0.0 0.0
0.0 0.0
0.0 0.0
0.0 0.0
0.0 0.0
0.0 0.0
0.0 0.0
0.0 0.0
0.0 0.0
-0.35311160951944321538384096170502879122002992377275 0.61379950664989255315941654107192336256512141599193
0.89890877728575851452551313758127652298925759288833 -1.5451865349594461644923821695519386707965322042225
-1.2810702431244579259182113657589013145126417802519 2.1432419871348137140381107365099601646008601938015
1.6989909339802196715358328111720908724363482695622 -2.7172178470353058401430790715687733756871916334190
-2.2411773942119511124378621473433997614398574056069 3.3531700485997296392496890482454036471271100378782
3.0332694257756052368549434179820133912374058270773 -4.1307024950936595607014785754868901829384021273736
-4.3218514855641083292587532019787963386644383315420 5.1649242425777033430989934773838174115536292817498
6.6929216882235467010539850339802326761385273152320 -6.6689504061150902806940935593461895942179232694820
-11.868931964322383634073940254716043055064884716473 9.1266365803100264776438600537653611113424355127472
26.905848851280499872965730955565928639565004270275 -13.974997467998355727973401809425107325031240645391
-109.77947501831017949648383749756057679456845032839 28.371633116284881087271574116699321780212026559971
187.51206503975306520989602219363699776334928062310 0.0
-118.63157090236008229802329764760278699124466538612 -28.517461199993964713646811908894354510091397962941
31.185227886082460256752560363701778037025513178726 13.962650645273495041049465514287919819835764467501
-14.419897234727640293663991370410899687762718683121 -8.7885741399874815040476940430967314673783007969041
7.9156432942156391316537832606651747304909913193665 5.6715008781212212304709789063811212510335927635329
-2.8328891449958976085890733841094982751829776460872 -2.1612597180832538430386405121783504335562380346140
0.0 0.0
0.0 0.0
0.0 0.0
0.0 0.0
0.0 0.0
0.0 0.0
0.0 0.0
0.0 0.0
0.0 0.0
0.0 0.0
0.0 0.0
0.0 0.0
0.0 0.0
0.0 0.0
0.0 0.0
0.31987549799557088347791644889336433997913377445858 -0.60800671816460473456590519091130903850993338759661
-0.81152395346636862839036684573382931396906427295879 1.5282009870414753887386186979153360761142076018189
1.1469091350253528661467755851954903519166836171805 -2.1115317865679467702451816395362957433968095548009
-1.4997227976845284717749185933271474415952241277645 2.6595678544393315526914450518851605662048079207412
1.9362511809157343869636146961641934181384356756798 -3.2493478613288655252728979367964225997567640527522
-2.5388830881062848975132775114049699866464292444154 3.9437418312682937441275232528516854715833811315228
3.4516126834248001889431372960095881782474629106298 -4.8226251334850648660198140131532010928962253807888
-4.9736228597920624187545363648555812262920291233137 6.0152976186463745887390666805552934825945776402240
7.8310921343204281180577593097051217228116357837434 -7.7697616432223600480150067954465843913879488738923
-14.185469521940682674862452977321677661117296721608 10.654505438981917889278867256459515149390031136458
32.985409965513268408726604920994409793371774140060 -16.360459243681633811206857396112429538543934219130
-138.54554693781311531482810224391676368405812467931 33.304517753397015532557636258598003003341448555176
244.45838963572693091448243525268208467024507578270 0.0
-159.42816512075973885116146774827357166931616148619 -33.382677423103090929649681167784739244723222294782
42.907373465108581015361532779854494223663633072897 16.049379836261831066979226417782956848974480132581
-19.501245154437201135426228851750309488562475103769 -9.4314330864290283930295652848360819397427078957819
6.5604042773680048765575288307126860264536624986847 3.4857399071358694429401576775497710169201515146263
0.0 0.0
0.0 0.0
0.0 0.0
0.0 0.0
0.0 0.0
0.0 0.0
0.0 0.0
0.0 0.0
0.0 0.0
0.0 0.0
0.0 0.0
0.0 0.0
0.0 0.0
0.0 0.0
0.0 0.0
-0.31353693187661862502535399520268102866248705572812 0.63668146887260848522631982449015585120391513045124
0.79350677676993407167512488456561455625426241080829 -1.5984987983116042615102464492515566655556323323919
-1.1148062508669137849957167512673260137842752543679 2.2026877092702745192118968909216024045150906289441
1.4433036475441497635479598731781333508881463336981 -2.7617669148150493608263570575884914587953980958411
-1.8357705704300837046083660853672251913831028171580 3.3510819746080908303255701585499775683983735061178
2.3557461597778838979220033247502836028225898362330 -4.0267213277250246108432691645192519242097592365437
-3.1048322684184804971651529508934448412112849961930 4.8530891818460395452945483555603480690846793017850
4.2750693194017223268264383351409506107995295765694 -5.9242483514734700511685800551314709086168415970137
-6.2782676650755628900514759847112209138116831099783 7.4003649457626642613217207003752307494700869362801
10.133544747332652755220643863769139991230272413610 -9.5937779938251159605450430580893372069003949529848
-18.924409294044544623703599908980479654471267808429 13.223351297940539063126978902852897453060885360248
45.620889613497515056805065846444387175676668586781 -20.425970466745610095627474480024385201924885592364
-199.70437785279373299108858276157798987072812843462 41.816117125801472367721803265259491438023269333722
369.65034791716857340608686620306133157418318884684 0.0
-251.33272149701417501644966453517213964937238528262 -41.675438567318037146231318479605668865268935965237
68.653309557496871441186758823202569362945830836742 18.999263474206650755498661380653764322065694339056
-20.203657170943286564771493417459612304769782137189 -6.5695088578871961696835726266109795717014112041962
0.0 0.0
0.0 0.0
0.0 0.0
0.0 0.0
0.0 0.0
0.0 0.0
0.0 0.0
0.0 0.0
0.0 0.0
0.0 0.0
0.0 0.0
0.0 0.0
0.0 0.0
0.0 0.0
0.0 0.0
0.33796123138891728203366511303307018523280166069328 -0.71845539560159104395946923121488925185094741233008
-0.85390405393823562231632053373026461213294753274652 1.8024552650280861744421024263770607255895968289017
1.1948385276418435743376720443188161989627734165148 -2.4792099140719999546501991634911621117487110011266
-1.5365692857333850303609126304989719621134650949708 3.0990125954176425001281677507016828338286414926369
1.9349746137561771913448711672463205571722056293398 -3.7431922764492623467232825504392006202161651415925
-2.4479624610511983693559789094956639448066488039827 4.4685764554008398014252707366481958154517653739194
3.1622928007958784538994758689639640620793048998585 -5.3357618951272425494313672777280345758447844540454
-4.2315550447619247602201895384692075901201066962881 6.4267626741075331896822984738050928293273140109477
5.9594946578683863310279692560009969322473673473589 -7.8698620753430724154457727253997905278767212632875
-9.0172989535290384944805402479505093477536055550250 9.8895846031555913203510669834497832872915410900514
15.111169474569414854614290308473218793633771597012 -12.928402425734563106531792837963751829547453938965
-29.545964682729965852425185859246431806193743645191 18.007541726876151363292619553485316612049612344097
75.279313384981601885988765909780470147080319158488 -28.158011007386225803772296953782334602405078785222
-352.02233159403838486471957760754467591015467203101 58.371568044496320610667687156275136727846295329928
708.32623815388610118292235521839256118521296687312 0.0
-512.30192550406163937058621437466828218465888287090 -57.057896522678708067978130152960378380843247280769
100.76472050446930874672360657961125077946601752704 16.133224304021357435925111925970564934175989841305
0.0 0.0
0.0 0.0
0.0 0.0
0.0 0.0
0.0 0.0
0.0 0.0
0.0 0.0
0.0 0.0
0.0 0.0
0.0 0.0
0.0 0.0
0.0 0.0
0.0 0.0
0.0 0.0
0.0 0.0
-0.42398445566759570932432858407916424743234955104856 0.92685843128619512745064020445449720166066062226363
1.0701809391294724217010527593458964839592399190154 -2.3242472745842147706751336214998317176873035225580
-1.4938350786573830484577578300472735126072609013326 3.1934182080144312642594638839043621277100939794138
1.9133447578325308260339320915841040952132394818120 -3.9845022221398399675493661047329474737136910494761
-2.3950990524066578596330194517794786374470550633494 4.7997262994577041846359895071268851724987601056475
3.0046123403943707274904395859963848672898339324414 -5.7078252700337015114603146136405320612374607663720
-3.8360237492285753127570968462372280591421792289474 6.7787211904501703703452798254164645644607167110763
5.0493457187244840572076963173945802375728945523714 -8.1024808061550530836816891939077016907164945135735
-6.9460651820100947151906297509329595733778082083961 9.8124897868569821918977589430896608652545231484268
10.150197980826097149050549916234039286837204560182 -12.126899589758323174580508222285493426606488400207
-16.102997159303839984249364389883679031776108238070 15.437277940082029667524861790479887514064003062807
28.650886120280543511725284176770643280983374079327 -20.528151629680489618430998799355350555404883839166
-60.439643645359302994222795521573697422470967513645 29.230567089154294249201406906546146960453924897021
169.86288401706305805501955169132926602610141216265 -47.008217210941031521807739764270362729940826867134
-904.98592007487608533240825777157682515683409119838 100.79328304555450562623731120377278593979115515398
2237.4627611878490440309995234619608781142770520659 0.0
-1460.4270519793386991039713760776639079554343906673 -71.281276505552725281259731730365840324890367256272
0.0 0.0
0.0 0.0
0.0 0.0
0.0 0.0
0.0 0.0
0.0 0.0
0.0 0.0
0.0 0.0
0.0 0.0
0.0 0.0
0.0 0.0
0.0 0.0
0.0 0.0
0.0 0.0
0.0 0.0
0.39799558080808080808080808080808080808080808080818 -0.88017676767676767676767676767676767676767676767676
-1.0041667112542203427168243723222703568877692182292 2.2067753400824209278673676054380732169632123081246
1.4002831800637399589811053192190125774938352365366 -3.0306503728278970015987645412697074511927348738918
-1.7905414030693405055167370837366508669110272917054 3.7785808819985309926721594007952534682595770333583
2.2358837706026313925741068399720518514400837422251 -4.5466257028212893206681384653510639644550539814659
-2.7952122770150634182513915606477888176656368777337 5.3983527312484242338219765533964753476880161027537
3.5516627679871687572042608505998893388301489163861 -6.3971459855305684651116802377293930599068012943937
-4.6441430607996937292872686389111730503584191942959 7.6229228351841201318623150124439824753132257941444
6.3291852479731267610055488843367631246419125207008 -9.1912705924827136948349069561190773311985433197554
-9.1238237832753359546378036531047207478443005385076 11.285799302431051291856055332854225317030631585300
14.177474964814019482939367600380620208135220614803 -14.223231214588833797257298849877968599268007636131
-24.382345944913634419051869122688011186504815443919 18.601709924370768329556042766027339177968540126256
48.348635461253111842932055712184063548525810775287 -25.689082708553437923265112207873182487978598629842
-118.86693685635632354217795782624680596305775296956 38.651289119616933868297314169996500680960375121504
423.27089274812503234141341267141030976121685267769 -67.768999108829836159753079564650126067382089794265
-3472.7533127505998650900564702669099358857006075961 169.49993413656091244514160856777725513578411004416
5114.4552685950413223140495867768595041322314049586 0.0
-2187.4735892770853883132551715730573932205664003924 -169.72433380131769615234169405043852329749822685565
260.69386523991212235297544660604603951494156585830 68.066025526297492194471124907264175231021519352203
-70.994151679083452450002886126157692975484873558245 -39.000606142953800566039135334313499446225211171465
27.945814943469630692066053778226057408017013812834 26.076818101150170818975026587568118808156269472352
-13.722156603973743015999805141217225575431552875610 -19.016565640819537304624339690838857145004951803705
7.8823533115407430865696495636971754447166697932628 14.655264289085207750215538214389136759222175401092
-5.1162829818828760840984900150677529028924932709147 -11.725930930479532966923871463717604873890568130256
3.6615333814231885857230209847289737096899631334891 9.6310473813504116534419564722595025625328655631686
-2.8263266544281717070279258038770371926299522695146 -8.0543611505986583746151450812860899064943481061241
2.3031037279923041684825635121370870818269471578345 6.8125787898472932479005386007010018981012163772526
-1.9407761019640418420473391015356142857131143822213 -5.7902216611286532350958293206663389813950495757552
1.6581162862850986221002956686501608078542842674391 4.9071470383605677677751563414020532226925757079442
-1.4065310453670169734653840712799603647660199122356 -4.0991392301103208454611393194361163261536581741524
1.1506940323458287278335055377053855371215941925879 3.3005001489833401675454905810387655052611058147630
-0.85019366825676946785169727170711024104543137097177 -2.4093085762521427410822633025115825961842997302568
0.34136392332415059687786960514233241505968778696045 0.96199494949494949494949494949494949494949494949495
0.0 0.0
0.0 0.0
0.0 0.0
0.0 0.0
0.0 0.0
0.0 0.0
0.0 0.0
0.0 0.0
0.0 0.0
0.0 0.0
0.0 0.0
0.0 0.0
0.0 0.0
0.0 0.0
0.0 0.0
-586.69047940556115086988773467883100515939152025468 45.520847087160605047372295949130282664578302510156
889.71970560671599536269073042827285886488158000894 0.0
-351.47459654232208673703758786205844826265006297890 -64.649510320683625419087366224376064570650450621782
63.894230764540846240598809435704365448470082235273 30.291093048324490167011021942015941454711707110346
-21.965474726600876123291192859287164422483304341154 -18.948567745298910462493537561918487473571587520421
10.119068403684650749456786794059731070461659684872 13.401750530429292554281303860676333839915324533291
-5.6077385226594356158152586863109518440263854243367 -10.157759198312119199311086077570718572365633006392
3.5594673203293972186782445911829921318211935224617 8.0462962721298448298770003129111020634449959448364
-2.5104352539034735630686176780062498402892167533413 -6.5661071133669974816816951128521825540691424852049
1.9191031185502805871432891566083548721236837043930 5.4671131238786043932454370271364453804334336071492
-1.5538384185165636352023670763148307662550492962636 -4.6100259130106811666503016882580152016243696321710
1.3039010870861349009231958601388869025969383431596 3.9096231305109569806143362181946797964666684474028
-1.1109701540106698168864210041147114744712434496116 -3.3081615470094896894482467624488849547481312926912
0.94076646876118912257018637312689776784064444738832 2.7603777446269881915061437298601633030422286556848
-0.76882240710742570342503330993758079484761530097120 -2.2209069021338544400156028441003007531925866768897
0.56770380425574051914659078535276309144252566564089 1.6204938349384019248950420146792444310707993501729
-0.22788599105696481432618143643046964328099474233494 -0.64691481469880365197523411783603531789823835918449
0.0 0.0
0.0 0.0
0.0 0.0
0.0 0.0
0.0 0.0
0.0 0.0
0.0 0.0
0.0 0.0
0.0 0.0
0.0 0.0
0.0 0.0
0.0 0.0
0.0 0.0
0.0 0.0
0.0 0.0
39.782820102646454880937615907121826484838390935618 -10.387119950532163938981795940251582479520356414195
-199.98272102031485946589367377180724189690725579227 36.784408073157704867340593888387802235267561871447
269.96081533247363530936966833871586787282139543792 0.0
-129.40209321323492899525716765361937704117828561314 -37.920951174496817186593585104821697334704187474469
26.629268372337821206177599218522548276553309913479 18.402481230252841892299206028015065694475736235570
-10.109051121636640460924466474578708538907042491308 -11.852224037231875361901690842511396585513442422566
5.0732858502206867375286557328613922484509757422939 8.5763863093312742780005751148884870996230674576008
-3.0360089690848137574437751423314630559809696810095 -6.6153878092486768047303210113621559416863034192324
2.0622566165586652192639137211543632884501599959059 5.3091612092088534461817237088173334441587726895957
-1.5381741053610189434967770630640167250602145054180 -4.3718144529009860798751746949409535249676424812688
1.2254804957333788311826856153349480136059318543272 3.6583154257833593996893464809425434605050089217946
-1.0176157018384284318742017469559574609551048097319 -3.0857627365187665416540345800414627395519326976290
0.86119020150606925885757755980042275009650578929901 2.6010080883187865177900849835369677600064414365590
-0.72611680409618184497091733045443491712557673935118 -2.1644494807643232988925699532805637053204277415095
0.59183128586150651992180209173527400792299979440983 1.7382725754651287916751994149073046039539888640446
-0.43636200303726361425596196711046726367966713791345 -1.2669510774221916611632213915989126248041653704918
0.17505992845424224065286387303375553396860983034660 0.50554978510444919901919116618307325339118073243006
0.0 0.0
0.0 0.0
0.0 0.0
0.0 0.0
0.0 0.0
0.0 0.0
0.0 0.0
0.0 0.0
0.0 0.0
0.0 0.0
0.0 0.0
0.0 0.0
0.0 0.0
0.0 0.0
0.0 0.0
-7.7957313264268324276400655101164551946999735753379 4.2825815911233223754447947278887730494423601290824
26.159516481592670408506994701267314776645048156259 -12.401751118394514958992164886632616513668796799222
-93.113110750080826847213877452159188296940147744712 27.286558036127611010016220274620336572085358970319
131.94621781239279459052289370173434709445875532556 0.0
-67.968734736542930719527039833958515277207022197546 -27.670140674060170642370219662186542837891669972555
14.897991223485968822541911826591629690525277273570 13.611914722068856263260567530645486236851788895255
-6.0127929320157457999471728153544572087502094225517 -8.8815765576761641505774024530144489235061506282058
3.2044196065499351674508528179444403974152243388600 6.4976189568999296906937372919851006020368506322626
-2.0294268269625275651326995207330514105099408961778 -5.0547298089633849012856365210088841953793496259231
1.4477336261441539298546385520668716634547118787496 4.0802609792709702757241508089281163660325971441780
-1.1207690118625127684892093401506685870765456185210 -3.3688984554403972236503249787673492835311158681738
0.91362245444405015748606459424417407924736206083454 2.8153345086002255370215454868697723212619373612188
-0.76410122953959167629927076893686254461824032967924 -2.3576002679274666044540212005139580962092869109516
0.63946657334399607562492431803789266485418144990899 1.9529778128365232497515775395712561479618949842915
-0.51883042572080848113513106481762453515390252933945 -1.5636671022851185229164390542388125147597202353625
0.38156278801007458112820519693312129181943124019236 1.1376139996709020009349616230172401363472738001946
-0.15292134912704525807787816545821071095229862724505 -0.45360080037254588136821663008540592698028561377242
0.0 0.0
0.0 0.0
0.0 0.0
0.0 0.0
0.0 0.0
0.0 0.0
0.0 0.0
0.0 0.0
0.0 0.0
0.0 0.0
0.0 0.0
0.0 0.0
0.0 0.0
0.0 0.0
0.0 0.0
2.4750202323965619855155607204802474737682735537650 -2.3094925851125844338298559569579295600560652407265
-7.2533117835607698798159067742811980739431854159111 6.2570862418981612156280226200814843194382520204074
15.454553224639226187777004557795524141300884550014 -10.680057809391434898601736832878621015623310161523
-54.819727334503545919616587536511384935818856290094 22.317166458062666275038813882313748076756502892497
79.972857994888280849653183296224721388533266037058 0.0
-42.778990842106217090097819623493772623863223857847 -22.556901720298610320829005623554373242390793236084
9.7799853833282845510015637682576174915697504062503 11.168155604814837900420455994175971195747195056272
-4.1339077400754079606899877043760893515787504941865 -7.3338729013652177858488140617841275209819954577965
2.3102177990949848829072375964145808053711367415781 5.3936984123554585174038386725071731206475086516179
-1.5284189431892806163502769341384091256355947821651 -4.2106123244818932249258122715333384942484441062145
1.1287134962342226830274094298449668206560631760146 3.4024091656524251693401020883857115930457696096292
-0.89309209641067400218873301284503954885997760739059 -2.8023395869719289958718005966515508657646867278347
0.73303380187758734855904338423470065236647753745994 2.3233574089679051338376647221869104505294423377867
-0.60631277777187561258174518747936977246388333364743 -1.9114241098005143281744028156051384311660974596350
0.48844133119088216294172991760181675048147623404063 1.5234410082039221119456065753013267577121208693385
-0.35779643881881207043663772841819794670311172571523 -1.1053516012607594598069438088963872043656052099189
0.14317343472499799311702431027436138851797739753591 0.44024827423513106605036724958974509030998317626159
0.0 0.0
0.0 0.0
0.0 0.0
0.0 0.0
0.0 0.0
0.0 0.0
0.0 0.0
0.0 0.0
0.0 0.0
0.0 0.0
0.0 0.0
0.0 0.0
0.0 0.0
0.0 0.0
0.0 0.0
-1.0535326949463449003799439789733611342846798154034 1.4600163973055768405431386146759923731450064472728
2.8966762310198754099216781672785992176240594306093 -3.8363741272286330676945192916870181826303494689346
-5.0859406118982580021135150767179027529659423056130 5.9629441820960076712342651596275844070031199492441
10.416434123099389921086417886816654843845274159387 -9.5172302671353175007499549762854048655085807453886
-37.084651931909059108231849228985430663795763154440 19.554338063912331342819342927242570829207138133307
55.115071660749650987593186222680544486872735432031 0.0
-30.192652693957748560810438631709246679923662936205 -19.746390602175638441260651134088473291395146686489
7.1359092109896217019992361068491635605399234611097 9.8077061468153172774499525835059735896155280815710
-3.1350722738473428037864242468043330226356732073844 -6.4595792940309179283732851217980110266903125893086
1.8213978597302167697168800636329486864662707590582 4.7594831035366546806219581329961171172212515515834
-1.2451590270323567012082819666459385620989359826625 -3.7151943105257554954966412447454529286617322304997
0.93969477256946420697007597487600169183549089012007 2.9926209875904168126979795826390397606270265611772
-0.74906383283461422868349444299384999581845174715252 -2.4445125238879665575016527069331709364882658709819
0.60853177059642862355562522233317373014871405360835 1.9910804123397647350649856626996109703097705143247
-0.48497043074664410488104678742338491450817306603185 -1.5765906043299002781380637910448324812581629811215
0.35315020147971515183842723527363170894950958720185 1.1395190118316535284638714705402771065714822223501
-0.14098585579450580198315259872988537006681583832835 -0.45314475797368513485368650128572379959673512887617
0.0 0.0
0.0 0.0
0.0 0.0
0.0 0.0
0.0 0.0
0.0 0.0
0.0 0.0
0.0 0.0
0.0 0.0
0.0 0.0
0.0 0.0
0.0 0.0
0.0 0.0
0.0 0.0
0.0 0.0
0.55317778482261928980319619376897601952396185148439 -1.0284957188555083993584863770255642656095568947609
-1.4673386806255539553658714545807303378652042306608 2.6579115484676423576177127707607838818441843686094
2.3331003124368015335193991392702836916176251716481 -3.9441045051717501125257845265588188285841383384770
-3.8428266368831397191847316856028505013611213996422 5.6762904292985303744814197899646738338283436665493
7.7497031006866450268512381361748570530716458484517 -8.8496952426047674471062763299029551646992670877949
-27.598435172936387601586745270906515400137610346926 18.049738340569384036935246465317964277769132806814
41.559387166769729783526958519906112719954096229502 0.0
-23.166393293286737990399452824508642623258687970110 -18.218039536079604139854882641396837986722453798282
5.6358214492660566728702906036402470508351891176547 9.0605336708826724934035125401133077476945320636925
-2.5599045063130604255512295135526604579101387338570 -5.9717952180399911902783402701721667718440293846321
1.5339409149410258598575884926420535524477068414095 4.3966156219836990985129809780392051947344026971500
-1.0720291332050792036229212984393855202883442837767 -3.4199718857183659982127972468892315930485980781055
0.81608619064445694642444120861367551302840766711682 2.7321194592357856952559665969794181249534589359073
-0.64484310560923950659217276099932471040252310695520 -2.1932560975055280110160446114790282982751022842807
0.50555843647442939611667208590114107010504271910127 1.7206051386833238449570092559729446357677236367050
-0.36487092248520513922073113169018878883117009944707 -1.2368997980169421092169133262616402079028069909775
0.14515971825057354981996631141410044585135893329280 0.49079277645489564453283494094713563113604834817686
0.0 0.0
0.0 0.0
0.0 0.0
0.0 0.0
0.0 0.0
0.0 0.0
0.0 0.0
0.0 0.0
0.0 0.0
0.0 0.0
0.0 0.0
0.0 0.0
0.0 0.0
0.0 0.0
0.0 0.0
-0.34270290407156073829408109262753538133649233508058 0.78543555879291815591625940250342016238270064692625
0.88895958068563175418983758105311997699437795137330 -2.0095232000846063225682012915422102243264179596414
-1.3326052593579494994787371560329699969585448694494 2.9037136178009016420290070495977795346165968940659
1.9546919242444951062931033889940880898370959034754 -3.9635393803949104246089404406193907049242273257146
-3.1265259134838661224339793377194280749496007050859 5.5466994219607798590061498553579828725735699375464
6.2256814710820321524230943108835548422505509104150 -8.5566747875674840055926557183763172446030888956236
-22.111225763654002328682052394744955069578586114064 17.388256344165687288279859266816122773362771208676
33.650449461292782947321707768393165359335935789717 0.0
-19.033418398641938491972270725136817734177390381413 -17.540120192345980186679787682785003102107132796104
4.7530241405862566641749355691191531559591173420468 8.7235669311224100307093230167153588622020943008827
-2.2204632191007132186450965216508914758841503130019 -5.7432385407214884678023591115330877433749031594069
1.3606364333462793768735530785735144344786102676273 4.2136028438644775061726476523769112378620838820493
-0.96088133703462507430941460848855494092292397452879 -3.2517163610011620431922033030996191109695615555785
0.72665798475467691414617551570048930050564105591374 2.5547318480052517153060869859929817964266766835651
-0.55541729197816525063782154564664757257593329251772 -1.9775130000170780243592927311389538600216283862498
0.39542210309913738915413204089202209472469682067917 1.4107431884276039588064211902626377991410074308267
-0.15648685321380668387455304501927580838358161765433 -0.55805502357000151143405152819236345368996139860186
0.0 0.0
0.0 0.0
0.0 0.0
0.0 0.0
0.0 0.0
0.0 0.0
0.0 0.0
0.0 0.0
0.0 0.0
0.0 0.0
0.0 0.0
0.0 0.0
0.0 0.0
0.0 0.0
0.0 0.0
0.24322961091269301870378425402348847324923879947801 -0.63977455978758597488038277511961722488038277511962
-0.62177928594496919217200092859175018048031214175777 1.6262795011499999980045854209946276015735159188114
0.89770035776629489038663289025049603408098508002158 -2.3110780097284476986799603897754333127719725038669
-1.2277008463290084608720855883894613330910861832750 3.0578565247986643621728198776476737436427014868314
1.7327838762067727936398018514692502080867982353497 -4.0455552051035605413349219256523779503287276615737
-2.7125350457440532473640545649122458683708067119651 5.5889732948066294364027085456775421347993912237527
5.3345997384746685760004597863337158913169216853696 -8.5762689585253146905836767765598021557949758097467
-18.875871596293459012471054098753300413956567603888 17.394933984002592021996142615597994468395470205484
29.016982844978712747307788630102679689456548960681 0.0
-16.643613675991621962045261603157289085942486255091 -17.532430488429036933764075700235360642706197479599
4.2555773997879816188568786428286439376820166921277 8.7099628712530776224044016801328766483658457316099
-2.0322677264966300388543203099537294786060872055066 -5.7162399814757109852510294742672268108013974516645
1.2608613967015933369457057512264832824125080747617 4.1635981519765162497111279303840615719891672442604
-0.88709187022843269808863273974135054631147226185885 -3.1635342419645324225747198497305832800779857344461
0.65105798826923978543849300429864256384307468800521 2.4005068566618915298787452250611789099836813040250
-0.45368090909642927100587138416780949350846480504096 -1.6936312747423702211094199065478981989957892011507
0.17807549422281936439756415832970856894301870378423 0.66702354467656623803827751196172248803827751196173
0.0 0.0
0.0 0.0
0.0 0.0
0.0 0.0
0.0 0.0
0.0 0.0
0.0 0.0
0.0 0.0
0.0 0.0
0.0 0.0
0.0 0.0
0.0 0.0
0.0 0.0
0.0 0.0
0.0 0.0
-0.19312987007749009080310974779627104903163529552521 0.55037435964280714804881910155430878673593403042998
0.48894406939038128756530836168303313463463340253604 -1.3928967718139471550876058629600328010516633108877
-0.68875986990312031798353369363861626277066750258245 1.9576004714459378102873410622799273408770599818786
0.90091012295959455813877111481040226872573317253691 -2.5391055054324085283985692312597849664823988819251
-1.1792544699585743326205840624078804084968537374184 3.2487057472258890786092671421359309243452161407058
1.6210868000755778005256770419031176535684180325788 -4.2360515540897973578529797911463855700872742630171
-2.4925393624104706048675411881426321542363928339715 5.8146444949454539720159476251717977739918613600657
4.8487957105523957432540556629332691727713379702692 -8.8993433791240473518225463613310650846753266056708
-17.120690384979853392989631999867775693800676457303 18.034984465036302323271896527151518530120861907516
26.621376175128337895778778063446526829610380367318 0.0
-15.501811814343723237301703891475134075222569604283 -18.157676733840451904172491400363908701885652123010
4.0465851424983768892208493530906564108760943319318 8.9985508789566846066376402755164883943348745851552
-1.9606843637329467468945028615555446548792654890303 -5.8697233609837452827319328775500825326836658912815
1.2164126917330041681898212074585836022304876206109 4.2163253972240502088693088826835226687785530403350
-0.83436965672584448233785300729348972601004387575862 -3.1012757507798388273716553905278764793501695131919
0.56152309392086375074069578329122519836184509611517 2.1518743371064155980752167041151020301293627474454
-0.21752395890585420915425795655931081724631276699405 -0.84202665375406691068775096642818488042147375631005
0.0 0.0
0.0 0.0
0.0 0.0
0.0 0.0
0.0 0.0
0.0 0.0
0.0 0.0
0.0 0.0
0.0 0.0
0.0 0.0
0.0 0.0
0.0 0.0
0.0 0.0
0.0 0.0
0.0 0.0
0.16808870846304222884523786805007316140086839083810 -0.49720625092573907809155784630141661697260949100349
-0.42282891095867234391289973729047447978493007531169 1.2544755059863303340803375340583965099337750101723
0.58609321114362443978697931259037396200329829864938 -1.7496107385948213937324361568713189518015615994980
-0.74491525387374147786639906202855878170146781534903 2.2391267260671642963689436745745821000461325923465
0.93013671028847555654996079361088267905521915907523 -2.8038166274735375140758944577758910461832459391019
-1.1836524922217324681595914504977962526694829673763 3.5316766045720022892579692309851381302997312970426
1.5952356258137515529912596446497914222907245026292 -4.5722998877484992411695155015055864023454640491202
-2.4193873093080541014708920519572702092312123960531 6.2577566339414506999243789752158257690801915870954
4.6755218240351592010424593657151046399908344593104 -9.5694702892981350980749974823774144837916943800495
-16.556952706880154997357276015112434247807383957826 19.393590797614907366264746326811162122826527981410
26.133742628836581096996975304242162990152894073976 0.0
-15.494435851616251431577314748331648222097069146850 -19.498356363818644638776644652233179684223006593458
4.1158078689876212972321775961990330706698716541448 9.6199929677381618459403168440452644030925933777379
-2.0048922381353309466133599589954121610542495454017 -6.2027280305545052350774083583538593500410855925997
1.2209755319030773285617031051549117969098723110328 4.3271841594553412942885425359765512165768625785203
-0.77481374160601282167210404295427976912325692169458 -2.9237281670359941289767818209897998752046217729659
0.29367959728067823759796655939068089593851689159432 1.1326385772910010096490610142226701182518503165773
0.0 0.0
0.0 0.0
0.0 0.0
0.0 0.0
0.0 0.0
0.0 0.0
0.0 0.0
0.0 0.0
0.0 0.0
0.0 0.0
0.0 0.0
0.0 0.0
0.0 0.0
0.0 0.0
0.0 0.0
-0.15774562754456931179676021838977899509912651165822 0.47062726536696650180216856805954296365542045996718
0.39514848323606354548736165263102801543410711153872 -1.1848150640770048190927285854237986359078041311548
-0.54200206257774542538487588496614926688942339610228 1.6435376977745066626568429426638973798343734356534
0.67626104331972131731007400923399704518861712266629 -2.0839035236262327694581878859784570090292427399407
-0.81962682879839496208289398378071211417601256689204 2.5718206645396469962637439728720551669643735290897
0.99481668076266796830857045578281596124439545249299 -3.1681662647913917865436193602686145604569822181879
-1.2415941242554973967102757040955831994026769430447 3.9609156756140275746716190763063756770276303239324
1.6510520422936418753851342288835287250772806900866 -5.1129584731663810482145966655131088257454272022236
-2.4866196857788883779446096053660980409943212927320 6.9942137451925044881509483109264039044130849540129
4.8133061174950615936991165877258815721327378612805 -10.703538531634923226640924760006936237990939689521
-17.255701550463146244048417233077418153384787703947 21.714751111995590543307811745920104942446713116298
27.829171793933871617836475926219192977973068930502 0.0
-16.887563856638202685683234321094538455820746574888 -21.792396954685298258232241719326902515510459502088
4.5511883250702651605209766385450050102537628960039 10.662234495082415760518585004498313846464154088139
-2.2009874798789244162001447433661478835614103694740 -6.7071904231677159880470906740716705178111745718074
1.2581676060072499013231986428757073695729484400867 4.3265598289159261000809626150787796839972799431820
-0.45936437386148009330220362325316768896881334298497 -1.6484392307590841974833499896754822337142013718787
0.0 0.0
0.0 0.0
0.0 0.0
0.0 0.0
0.0 0.0
0.0 0.0
0.0 0.0
0.0 0.0
0.0 0.0
0.0 0.0
0.0 0.0
0.0 0.0
0.0 0.0
0.0 0.0
0.0 0.0
0.15793610881725438494791546796745031167701852188587 -0.46740733146596994611298484735886153503146286076919
-0.39455051821767197147779904772060491892478380368158 1.1748622121020849576505917062889924930787265564416
0.53752760673864078113576628913450088046940641914548 -1.6234667444854704235857058946863565121490762939313
-0.66280085240916800646053561862476279220313117920501 2.0450424718776624893881779175674770300304600928892
0.78836706996142871992952287621758579746765728175238 -2.4987367134907118668283436858543879047333734448043
-0.92930790354717277647739999438723290243726950089055 3.0327252621082079662767038090631090978652457661477
1.1076272819641274168468348065155830156728160599735 -3.7081500524410195749118841494212375544746133944368
-1.3663846663159025627236285549840888649861063338330 4.6239792611566022435577137856712402381350777253154
1.8079247486203358140164107740613670929044462146238 -5.9701027900132914793167151770705217547197041000662
-2.7330466211345284539579892969488517678440881347832 8.1819531462923678899106930117722676692471463114200
5.3715113780591447196623759317198625551711577289561 -12.554983937033215648851298548466616818006164996991
-19.790262676793615191680706503804385311619266524869 25.538157175977270112836499105719705714542538778204
32.975216464689544300915594073055517425226890412299 0.0
-20.660117064235063195953048772857062512677528074225 -25.559780306271359982909744895893138977616527260775
5.6372810083696824175942575867497494436045132398477 12.281100810727113204892978830853811684519749727940
-2.6230616603753483670211940965111189823563167256984 -7.2140648341548388298567129211865800375986344431554
0.89449964867118710068556076567526087192501797911383 2.6657471920175699277155254350712518954740804798643
0.0 0.0
0.0 0.0
0.0 0.0
0.0 0.0
0.0 0.0
0.0 0.0
0.0 0.0
0.0 0.0
0.0 0.0
0.0 0.0
0.0 0.0
0.0 0.0
0.0 0.0
0.0 0.0
0.0 0.0
-0.16830471034658488186854086383634989257838246264807 0.49050068469268549060299688928567347680762092766790
0.41972279425643378892954917445015263762830342385336 -1.2315420443330211120378940734515542894047634966889
-0.56936226583686121296872693138251405523316627822506 1.6971868075568656088016768340549441932498000001896
0.69683588413692372795078822180162436369289617310807 -2.1281878954064514405097146926831936484974768179805
-0.81918444003078871972431303469585985904948132194613 2.5825101275325862976835981065360923610630968931893
0.94842841903361303474085351250323065232429366719783 -3.1032023945000581987942185134660549513900714737695
-1.0994922581147682965431474218864161460204607346137 3.7396198831838533096118798239578271173474260476146
1.2981168014688766518289199840286627558585744604588 -4.5638256301041837308954162263039903855985449139104
-1.5979460046695329234572151112256048742268683521640 5.6985720106765760847408241498794797253232875298437
2.1301039465372785281348378854416380235943491581381 -7.3833588136250998008902399753417034678990047319813
-3.2871001852627333008163455673848084019573314372705 10.169618132360587737380090009357408734680081322411
6.7002323074546814606154191091740955539812819010940 -15.696878030751674378443089085216601501536123381693
-25.954536494671758917207150723305682344476839013069 32.109801154191789607824580232602786807507704515056
45.562483242809013972733251448320334591019268429189 0.0
-29.906793295248349096746222544452022956026236811311 -31.960044000365659923814754525642078042902161783770
8.1870910146721623032689431388934727159979017253241 14.564244455353149466151831510106494745744902777508
-2.4215524448592998089162667068919573272091921372117 -5.0350759558354945377750819072595673759444902944534
0.0 0.0
0.0 0.0
0.0 0.0
0.0 0.0
0.0 0.0
0.0 0.0
0.0 0.0
0.0 0.0
0.0 0.0
0.0 0.0
0.0 0.0
0.0 0.0
0.0 0.0
0.0 0.0
0.0 0.0
0.19328476799870206943342028103985148925711710397152 -0.55439272964283661784753057658995972214146617678365
-0.48150142784468312747925053673804219633052802686432 1.3909191961650805174270382173053291814002723581360
0.65143476896367121426515108070917373943625622902691 -1.9133344597449960729196211549779682607518238552525
-0.79364981073702122635738581345094403851466760832515 2.3919262214820382212304325051907447441234601194892
0.92637793262495545968999150630784603019835977639704 -2.8893585401856587936476488901167703688583780663554
-1.0610293147541437873063229237840805963731173957400 3.4493007047554950804205196385638254767261098813096
1.2100415915493572402842488305842700964667015361643 -4.1182257682404974384158583276402661409200559844297
-1.3928166150301010856395989993995580818596397017956 4.9589975008737850239008771722539652347828428940226
1.6462811073736682293271442834921797573690862645353 -6.0699801821787064799418797852624933813085099130060
-2.0510166093595331466485807703454687488648939061976 7.6234412694413383421681996392083286027960048778217
2.8100864997777132216146324779195625061429332318609 -9.9590544370570435466566179083523747531165040929900
-4.5485549674805143681904880337407758019965066853783 13.861062180515213105887639193595305152561700451367
9.9412502178113013028436609040078257522729570169646 -21.657514665019704262288491963337350265524555896772
-41.981762784468692241976710251805667920361785623317 44.864020443733468814340396039183383400063864057969
80.853559172362558715289638984089687555577852665311 0.0
-56.968667373668903433386225881311441449850171323002 -43.810889616894093807397553636899565951739738031179
11.165721099506342471336320937141329827296350059067 12.385388918994537970537268435601850410837206278074
0.0 0.0
0.0 0.0
0.0 0.0
0.0 0.0
0.0 0.0
0.0 0.0
0.0 0.0
0.0 0.0
0.0 0.0
0.0 0.0
0.0 0.0
0.0 0.0
0.0 0.0
0.0 0.0
0.0 0.0
-0.25264458272009084508281174947571687849216170486247 0.71595306177618331954534171354324239631202273226147
0.62899574294751619999015185253589679893889046652504 -1.7954498736981873752437158094001887934141308125325
-0.84971697851174055583636128833251198857666403232185 2.4671026210718118292174694888454471113504609217976
1.0325803319374050786354387880047749383864874043901 -3.0785964415528996774204155128472156770223457553872
-1.2005110536702111180262530780500686303506104982968 3.7087759170727655810864639182351387325058726669444
1.3668659848403037261922922576858150335143374922761 -4.4105023013585599886434286735946969320536760194239
-1.5449788742444009825094193044231212836494138218859 5.2374249076283384874891232036176421450495974263340
1.7542433481121362916848829754168291742021870066602 -6.2585951437650655346876543872739317072271182975403
-2.0295005878185295218467988823574146928770912745295 7.5763066038710218513609362298270313115720501989247
2.4419268625658694783361469355502989373529274314447 -9.3579761999723465464141082204818631992207629544582
-3.1547459878844141574508376694283867297959312585783 11.904305782578129069424656602402456585763328424563
4.5999035866936638383846450698025430617087907516840 -15.818049980028188515226659538004067223715889677133
-8.1834074484085790850119919781991306499465857537379 22.506383585613986118889932671183929173204009330709
20.331751559083915067577393723351360020466948505568 -36.168719680938240047840386422291344014604053463567
-100.78372709234005540469760094780832846272819310661 77.506196763565371098054592292493014051494531095481
241.82402140386307517378812229444733427884601040612 0.0
-155.86182271627257035391683303840588704039397762303 -54.780691636477777027910819873740306867146292690432
0.0 0.0
0.0 0.0
0.0 0.0
0.0 0.0
0.0 0.0
0.0 0.0
0.0 0.0
0.0 0.0
0.0 0.0
0.0 0.0
0.0 0.0
0.0 0.0
0.0 0.0
0.0 0.0
0.0 0.0
0.39464037378514519870273942791021088446206680573461 -1.1121328895895369883809190167571670461843872248497
-0.98227999300035000222244813300040996765672348579479 2.7884622337110636019507084321208353967970007171261
1.3261904144276063740982648609525710519325153261729 -3.8298614933839796899667279480696712061352234666774
-1.6099697808753554370865985646765711327741576586752 4.7755502115925130142789818815105292933914814180695
1.8688926743093343707643079537218120614452380953416 -5.7467139499427473740403452091591480514496247653523
-2.1229207936786749473233510680354014835479994704658 6.8233116281606125454984496689968380975139748002052
2.3912290363560161603918572683608645622799928470925 -8.0848733521711467755814030975248475626315263513312
-2.7008379206343292314672565285738576127611996055534 9.6315833471265958351497755014455037110393208490316
3.0990929612882191744912488873379970371960690277857 -11.608379812969058020730818068355290285575799676343
-3.6801362442501014432358790873659762917345571929765 14.245662053466678132291952562384304559280170627221
4.6519241678372671906495158644394290611254248675851 -17.941146814121842586713563083474317797506327402475
-6.5337017889264548203855974921178584831882194679604 23.446333594417928090551421231038830755357447365832
10.856694521397727050119233543662895721833851335032 -32.354627503769031677687424323201042446109890924974
-23.395418779565356102434663085134092355146921754455 48.645533498051556888834889562850772866684008266316
76.848058285217915845589292690962847898560047568099 -85.242420175985313885111854756589168107767131351559
-606.36136112632118845568901640601135426773639928004 213.11758174805415870573675054612512925787349082969
1480.1519484618916437098255280073461891643709825528 0.0
-1032.3613655813407377687300755983069770989031945349 -213.23032660912787323459648948005947565143661427881
122.73367116299164439430801169995283833819335319710 85.393333823728585290709642633189568383176575399786
-33.551749959590764524342607897564714855864623672671 -48.826058190451856299305027580668799412987805899906
13.459303666545381653231752054267000234661422741498 32.559480088125062228801536055901734685950848684449
-6.8909200835599628368793803803885908132867661097345 -23.671340707466316964654357116998205749392131166754
4.2299157872474538931139189305761567086322257892761 18.182444015442386794672489648321294233116717807406
-2.9856270200097438829151207572589684546708724147000 -14.499292052594848908239116633945077363301756771025
2.3344733458869034276285984115726627550064228992240 11.870059861315773034112498116702005298957479724689
-1.9545743525804594964923881483752039795230280581964 -9.8965629488601927588415047095340484569193589081110
1.7034375616498859923153624585473638073420714290109 8.3478431284484551779281326366040264460949272023402
-1.5111905879608226720668599810564150318639328928635 -7.0783292681179286076107987606355951378397912569336
1.3399316402215185842444608504512496466533704213898 5.9870959976793434552749051549505489554902216485357
-1.1659700251809907866679035516761117003538571129446 -4.9936209522033294167708848589612888298737646275165
0.96973262869893862850087558489551016224641867657345 4.0162557561737512297937382478288098745957718205196
-0.72332874904181640916726840350908250484659462346924 -2.9297549321067756035133340305725335341704680912304
0.29153427858268898731326476991216875609939193754224 1.1694561219127693116132422490803993694167104571729
0.0 0.0
0.0 0.0
0.0 0.0
0.0 0.0
0.0 0.0
0.0 0.0
0.0 0.0
0.0 0.0
0.0 0.0
0.0 0.0
0.0 0.0
0.0 0.0
0.0 0.0
0.0 0.0
0.0 0.0
-464.42042416507693390462931221281616366737097731991 95.924278097044407595666314913192452788302977090328
702.68503973223584080622743988314009919940599696997 0.0
-276.27958950848409535767657648100693578301280477281 -135.95831334036327129050633589407970358214608981074
50.290948500792971831467498531162934528700844396822 63.568667697102691251146520123412698916115425780385
-17.567143206321385400887284600945370033933415756612 -39.659592799358996886633914257042072160209342571478
8.4159372009554387158848492498907691005457910174675 27.964213073416501268731224556897176353555280960429
-4.9765311978448882334187143657782054626397349439909 -21.125559217656081734487821785977673905064377387897
3.4352656381841677050704996137063354154158626399168 16.678177422078538729410938464413168561076368867872
-2.6505711556310421271926681444169179353785332923343 -13.565687654256202598625608858066152624575666714787
2.2019452419466754095798278906986331243326481517943 11.260743527095974486552768517969663151458944038187
-1.9103103957767293447038554106532371179458981394650 -9.4694103355411745598828794367174568046162699360519
1.6902339726872119986870160789130943863531962208273 8.0117658032290880427115750370008868944219406349059
-1.4963617963105158186224547204067628700765012232208 -6.7660065624945601604119647631903979484463140298318
1.3009035300476390371752267604524642829383918483187 5.6370330077120134084392901789596993305544015136739
-1.0813839271453089431857853878043976135351020538665 -4.5303478226572861499405113284891451155950811389121
0.80638041460447095440128519313834742793278718184699 3.3032854850390374430674269101619082345046942623066
-0.32497208245765556213853246085647707670417371177089 -1.3183120091437847169293470470993728491098738544809
0.0 0.0
0.0 0.0
0.0 0.0
0.0 0.0
0.0 0.0
0.0 0.0
0.0 0.0
0.0 0.0
0.0 0.0
0.0 0.0
0.0 0.0
0.0 0.0
0.0 0.0
0.0 0.0
0.0 0.0
31.379637555080684258226513709349472847637165177448 -21.832736197143989838882923094873506344247759404281
-157.01944316056255164490926042228497855592410060829 77.269908688269419588701791935149063842244817192580
210.71233884517911006352745857943507642447416657948 0.0
-100.30957050268769251673701257176094362776844502587 -79.379117148739962856955999389359719745262326735845
20.819186027415501251727214287727594049756453013988 38.419324862674176194263904924589327397889621100617
-8.1613350405134399143774678337627708058252364852036 -24.668650298762788949400089136741673102535401572566
4.3511310413034523869504334853792861292740945103945 17.791897946336481816284063935804850825894286402394
-2.8302333646403527985490474982840270488700669047271 -13.677878254874846669570638578811546577820736977805
2.1090128803613747537868114585537526274247511355242 10.941420650055999928413899037005097747707631530932
-1.7169782038571593057549694315394220372447181469821 -8.9822997380687611442644022388788513046878633897067
1.4723304938437268515526355962040564079263800321907 7.4958359873320982094184965992759665922235115190319
-1.2939962325264476641561721219335261599933701569562 -6.3077926319478008457666384438386001298985094126815
1.1411139866444578675182264307047010798621247367462 5.3065310233919430372017201697318233019858102585664
-0.98980044026379913560230344980513856554248960650198 -4.4091430256412383348482613426904864034651683541741
0.82169622586756528356896672685538412652613574789391 3.5370787575298138161554868262329714905150354684616
-0.61230115885577439119073282973084647345788139564727 -2.5762312597535145331135100386967690201818860811623
0.24669080390416518391774820506229703917873101816766 1.0276886848855348183554373974617910891084874288712
0.0 0.0
0.0 0.0
0.0 0.0
0.0 0.0
0.0 0.0
0.0 0.0
0.0 0.0
0.0 0.0
0.0 0.0
0.0 0.0
0.0 0.0
0.0 0.0
0.0 0.0
0.0 0.0
0.0 0.0
-6.1618174965845618627279436394373945599627232357207 8.9669617832014804001227467581219529471123476563471
20.530707406660899264946672176771266316712004702806 -25.951185166052159762650393006146711754995979836169
-72.052960071925607136958718562490060615503596659562 57.018491154935386918637780868874971154690666659110
101.08228997114567152651084654890067847116641977073 0.0
-51.616796702444347043921472314014216209578476715121 -57.546814887003209539881926127792037439970623391048
11.529370570702292761334539123265701684819234044044 28.223168668596096092730894944407087919258025053176
-4.8955222127403495670838235292449287526183737734988 -18.354973308997335541083526220831484843974332008113
2.8268833148201025040501426770845580018237937558436 13.383453575957944028581220683728282164863465484313
-1.9702293573592655214167625104255063922271527842186 -10.377694747846425634928011017454424610269045305231
1.5443898440361748094970607846437003131013724650071 8.3516670002450014203148298356408338727961113774003
-1.2963302897827673969476728517178579305776979070529 -6.8768577268870550279637132395931189349660102776207
1.1256028937118566838057289297944924491724756786763 5.7333876009147150658490938313048800683916569844347
-0.98576064073195624338687098917134439934595938255108 -4.7919054245425666679303562733560554704747916737269
0.85163309497235171005973119813057440826305366521817 3.9634661038877786597990332652191919219552867135126
-0.70537968698575433002382359970355913903445529833217 -3.1698865907817173385999511828827767722129532465883
0.52498585433839124220367056820289828708598471257081 2.3045886528841548112291941931548749317174230657470
-0.21141315081022203888231870588039113816449677257023 -0.91863996032881299575503487472657879286999712537647
0.0 0.0
0.0 0.0
0.0 0.0
0.0 0.0
0.0 0.0
0.0 0.0
0.0 0.0
0.0 0.0
0.0 0.0
0.0 0.0
0.0 0.0
0.0 0.0
0.0 0.0
0.0 0.0
0.0 0.0
1.9890208918350112978406317164456000388387479597989 -4.8116520532588016851406517410103979959879538091587
-5.7708306184416968195886264842139391752078098996969 13.028230586696320627856851782401996639728951210950
12.033620209503891974571022914962807903820865574919 -22.206610935421103207579913098508184059658179574060
-41.534993583490905761675501763008646104061902286980 46.306759422923031773967075777536799683245153748731
59.706264902909768640267117466860713481614893309331 0.0
-31.608088043188446700732687914431733627021967375376 -46.539539470211928235046465578367938220379213792501
7.4604702758514716227974466920909427225363439538478 22.967155105408829708066676662704752546693911894558
-3.3832506335543293009647917702157931980979954616779 -15.031953453835082927340381015748863376705527395411
2.0825256696668211825375666567185606575994989432925 11.019541034576407454177571462521065262901699077041
-1.5262176202782957756418849785582166289711384703450 -8.5764934871923987011724714425625974802740701992891
1.2348161564848580392480804005304829721447345074683 6.9115063364901276627485226758557470215166735619373
-1.0506599325825776380356731823327416712214246926372 -5.6792395518817348038926438129021013477778174514085
0.90974478741240879325853961357463940060971096934645 4.6994338940406516130462555056588143496567987349500
-0.78092201084491063575680339287049343726441027023253 -3.8603700097891640744419772141542677388559688890564
0.64447217620273949939410686789829778215861872549731 3.0734132092999318222895079012325585827623819944191
-0.47873873455006769079627076503716111575323127967707 -2.2284145160388639459541015734743744758701561439032
0.19264840832242129726461275032423507915268937508654 0.88729229825907311031122233871743125601310568792631
0.0 0.0
0.0 0.0
0.0 0.0
0.0 0.0
0.0 0.0
0.0 0.0
0.0 0.0
0.0 0.0
0.0 0.0
0.0 0.0
0.0 0.0
0.0 0.0
0.0 0.0
0.0 0.0
0.0 0.0
-0.88031477041710478765562382697932791351174855726762 3.0240128470032849789227209966344196313077803034549
2.3899218194012367614702342661967671629720624512734 -7.9411575194449081920912386955303603467559094705422
-4.0779113863316536960286945635000291854436042082760 12.325994391774151488868170720880690963509644526133
8.0199695487063359668416132478396504329047414600184 -19.632377318613305463873193762439113787907225567478
-27.323872414739212128402494278434125256179274733288 40.231488756525069305352216203801614909883496714804
39.802451565774842308589601587977181329722892710520 0.0
-21.546243772665719969102102527350111028603021879709 -40.372837418693331649049668036067574755170898606801
5.3378726735518756165662242171398332817312370010401 19.986290256635301714471652735941294337302024574097
-2.5644137853724568187016685540923493088611967763715 -13.121105732717448914744878550236570328643716526116
1.6613591812938494728374379563171733948897290916776 9.6387296212142507865549509856437748517469082699392
-1.2605764348522347614323249129606712603825119143671 -7.5035826340804869265532375149287682904786165884796
1.0366453101257577559098592716214824660736562338607 6.0301313170052948782582139873106419458281509088528
-0.88119090058120360928021520558816692003214060493284 -4.9162190114970580394419450893774254770964837359981
0.74874225482860684766216253237565544915415065460729 3.9982786485789298662324999828022169515575224879003
-0.61444674522556977207547625719695875012494071693196 -3.1624869969905452861768249607809310513629273944520
0.45509992666893453701829608142898343399639076147333 2.2841937312379931895794507970120182035684715822239
-0.18293250365034026048620722521132409590411499574549 -0.90807640580964402646391532399662189806977365689460
0.0 0.0
0.0 0.0
0.0 0.0
0.0 0.0
0.0 0.0
0.0 0.0
0.0 0.0
0.0 0.0
0.0 0.0
0.0 0.0
0.0 0.0
0.0 0.0
0.0 0.0
0.0 0.0
0.0 0.0
0.49235468074895407895901871053077736109695747657885 -2.1164041717918850302218398957121354976315686698587
-1.2876371956245769240530605625687283656221060387492 5.4660675771114616756974053717289999072251277913658
1.9809080400004451931030787023223945762976058271980 -8.0999890268088538593360716097070543802868297279694
-3.1027852691567893758284986664483478768772006808010 11.633394421275317903119750998092425445758941349967
5.8761896134812623156168473095401616277456632651063 -18.089926411001410028501965546702194908919602984398
-19.631665406989948649963364935652031045311992585817 36.785346165074592057898470553529584136598329906497
28.802209631435319451786031059432363611982773981884 0.0
-15.841181186226164243105378698351725368598791610212 -36.887002700845459225495073063074372316580064567811
4.1069651842472627128552495712868550961794945595521 18.286646188742822546765145327845845374564911950301
-2.0755219591065767756715913342527828468532675921285 -12.016709454986970317974046226613025204551406599896
1.3982848943326178266248404199169174070682668323756 8.8233216321863553295850297912330145159517124856423
-1.0831933536636391455329514164406720860236327204053 -6.8474526563344825674375272830601074350570685319230
0.89266918573453482782254105305438868954761269149414 5.4597675595434808547207992775811759424943538951973
-0.74607838892230857810648645158168044146665717384426 -4.3763522014587440132865466861033379057403712741296
0.60685153354945180304769828163352511903479615274293 3.4295090539377044951320762222938137565080758982402
-0.44744206288799326979816135015692873739196249877305 -2.4637022169737979080512190649528569148505986565404
0.17954839162486888507807213869209891545147293598724 0.97729690294362915005668248127291057458832031282422
0.0 0.0
0.0 0.0
0.0 0.0
0.0 0.0
0.0 0.0
0.0 0.0
0.0 0.0
0.0 0.0
0.0 0.0
0.0 0.0
0.0 0.0
0.0 0.0
0.0 0.0
0.0 0.0
0.0 0.0
-0.33052558829414310107485751992300294802616563986728 1.6051526206769342775141423320706033747402349579432
0.84537673621806240913161520486223476096519527041246 -4.1042948872493144837216436614427926740982201122742
-1.2254838228336299403912970403447686633262599568286 5.9224863721324307516772444125269203242480063831204
1.7040556064624420902825236376140360840029943616500 -8.0675947890662383742196640226491578610060540320901
-2.5344688225206455091812667432802410035536489895004 11.260772995201380531696650487344433237187599211887
4.6256947380203935345882503107948342208860612160071 -17.319723291778833866707814272194372457766136951038
-15.066443449785989108038726254817237258355840143866 35.082986154316475302446490173427151164395979163962
22.189248263842239943448748056990125605360900615495 0.0
-12.362748684772103576659300637625346619922098758265 -35.161452842601697323411089491885444937881531865695
3.3460967454431148287738482168921857638323931311548 17.435537719331630445073652996482914790504777310369
-1.7646055181227028818613524209995607699718627471680 -11.448193227032273430012861757625149827890742596362
1.2210031695584869735601034544260708582301839552847 8.3797605945014541216669496866606420708481305373832
-0.95226291005934615341010110488828243524627623899576 -6.4545020334216245154482993182379171493234698375289
0.77389775195447908924982941550291314154387826692283 5.0634560030385353664021586735056164969590704959953
-0.62039848956917995867610169862375317799002008382683 -3.9151748984157104433934296117630816988118844684190
0.45413035205382549647507436845888656299995035624540 2.7911563627509038827759539259654674640691097741555
-0.18174386773443455899628471164251866948321088199617 -1.1037951734970956245728042850132287006054781085357
0.0 0.0
0.0 0.0
0.0 0.0
0.0 0.0
0.0 0.0
0.0 0.0
0.0 0.0
0.0 0.0
0.0 0.0
0.0 0.0
0.0 0.0
0.0 0.0
0.0 0.0
0.0 0.0
0.0 0.0
0.25534936565542810434032768036792181661396953147459 -1.2983708986094300176056338028169014084507042253521
-0.64447453790128350313922734854765558023847062739666 3.2984363629387117667360043796275016045437921421189
0.90227909975266651197382448884145344858048721641913 -4.6809648561540223070102848246236594095115322233373
-1.1734619045408937181712240476694083643747659632313 6.1809196975290552862256204806115228802406847005036
1.5414146199962679338856760729348845673038967803669 -8.1562892135021687854114168978588204291797422738613
-2.1957009560206885682447252807358814105173346444516 11.234545908975394437980395095646414281516004559781
3.8594065979700517721780236223813308333980151432952 -17.184368454419528980653826373525960948453144025383
-12.214940898555996394488843395640805802531497522569 34.741066030791099516465471665410047423536201018677
18.035592523394334259525406406694133052281945642106 0.0
-10.169266630675394847899329661041592346123859974432 -34.801544904439577875745619664594072661613300905963
2.8629205015996254862499247999711767274850157526857 17.243174729452932232354799267003060413616662493523
-1.5597384416259781033041953977597506495882079731365 -11.290525120191177919965321105518224750141138268901
1.0932717805386586694340285872579197873371875403238 8.2082112932583320782166867238028036572923235181805
-0.84438742539848210932053088760709300400595974642308 -6.2274028378139287717545118881150464694416993193751
0.66006776977553509488298113620900380040306071849438 4.7203008084153412141443464075071579990573008505074
-0.47733152754871730307410106232805232107474181412138 -3.3280615481176772671691977254666203050774357406483
0.19018550959425638653348663409025582063811440068984 1.3103565699617627640845070422535211267605633802817
0.0 0.0
0.0 0.0
0.0 0.0
0.0 0.0
0.0 0.0
0.0 0.0
0.0 0.0
0.0 0.0
0.0 0.0
0.0 0.0
0.0 0.0
0.0 0.0
0.0 0.0
0.0 0.0
0.0 0.0
-0.21909448867658834390037337101176337946405576343411 1.1093373839033511643327231885228089565356424726070
0.54866367057346985344099398489062655574581530527146 -2.8058649049332446301444666956267942932189112841640
-0.75276573296078046196053939115041738574817047654544 3.9380624814054266933078351348732094347716692810634
0.94263278342496637536966670650584485548005298263827 -5.0975180528932455732904023191091997271899261036663
-1.1576545082251463820487734356990086174225673723090 6.5053739508009801443474495800415580999418489177149
1.4577465344958315499244585730994830635961740979535 -8.4574274247696125456733873816434963890459229980338
-1.9987581147217132727342776726212762229929904562669 11.572267607203383207760526256882383892192854673028
3.3880375603520373862944094036199800577268836161076 -17.654079117251428701921561482368219504298040703525
-10.421327110481757574970456253947466450981495538944 35.664153234538315453978110112695858977473435450224
15.437415637887261030639907462107351929301107883796 0.0
-8.8133826816792704988355113999527904706727108782824 -35.706354241139658930262768309048530771773255216300
2.5647095533938681263187932893485311407738453405198 17.654891329987544026879487071295073965626798980229
-1.4248035623710369057334367738056832118745243632497 -11.494492405719009757870587991662903560630434139943
0.99449775133011229944331321296848725732440203722129 8.2444904725391597845378426768819521459695663084633
-0.74168114658923679394788627894038920338978328202871 -6.0576534364878747709702004188878396267883000586035
0.52480458101346233736546701468125601428764621815152 4.2003741537965700369009376291638177992932129447587
-0.20748749171468143037851948972469635277583970093445 -1.6431351505742772476136524090651227675499213265345
0.0 0.0
0.0 0.0
0.0 0.0
0.0 0.0
0.0 0.0
0.0 0.0
0.0 0.0
0.0 0.0
0.0 0.0
0.0 0.0
0.0 0.0
0.0 0.0
0.0 0.0
0.0 0.0
0.0 0.0
0.20318745202599510145958464796632942233757174243479 -0.99573768558872195500889807156324399512374341762644
-0.50651817870730498795959141731266182665046350965266 2.5108110635812275487961064378748898881257431581038
0.68689724366612190933702883150045917095299104390844 -3.4970878482791532088319799089866661655358914147583
-0.84196236476086136480745832277259377260183697613822 4.4664970335793784045101346081753611622541144610564
0.99668108201846015965675521477847792551614666508907 -5.5786179810280893795426234752800694918223898541518
-1.1770070755025394228691481716256658063237873509258 7.0061359293662971459721975195371909207061425240429
1.4329135218822122428181709034385693696737869614053 -9.0418318369304969802547970705780325024568011473130
-1.9012917486580803261366826807502344216587623816369 12.334969541949628213853882003085753147046325985663
3.1220085624594712907438732869438936885235724249219 -18.803644432060912235242021486272230077503506613637
-9.3785140950497077872409867330219911666681917604084 37.995915828037184863788504243807935326104058041381
13.982742475749669967589000649334028573075907377024 0.0
-8.0996282074587351151540765105197714684589612464522 -38.013893706578177954696050967657215911789753339036
2.4123592818387455480049492535297029736142171672776 18.719836425870895978076044045008976700564934167182
-1.3429794274487266795210661695125936520583212128901 -12.052304300173591431741012240977894505767539360343
0.90970049849848057069261074817914250421892427179947 8.3990250322911389396050450954479314696363658994892
-0.61715311290560212366046206624850265455009518077036 -5.6711175459565965078992335879658204261680234920078
0.24047621304041936883915227561906994225307397300830 2.1963414474241353729479327725484048712961404659095
0.0 0.0
0.0 0.0
0.0 0.0
0.0 0.0
0.0 0.0
0.0 0.0
0.0 0.0
0.0 0.0
0.0 0.0
0.0 0.0
0.0 0.0
0.0 0.0
0.0 0.0
0.0 0.0
0.0 0.0
-0.20004863328702636049510438123266185109826732207642 0.93701622239011654086694740077313212330982739670888
0.49737460561404385669367620546712555389530505186833 -2.3575723367563452126044734369222199273671906599431
-0.66998512767198389131817013727894443918806370256703 3.2659501980100006910014567600804613773004327825967
0.81134935473786779921611072431217640221869476873287 -4.1327011119563238899681206414396624108209796943949
-0.94115632685738518885374267768662363801850647650772 5.0873285163295177028973455032677529396258603143918
1.0742015146233651041797960398063458241310575045617 -6.2485945104204117005681902493753108145910053354198
-1.2319015036180362288877705226147194954181877002036 7.7875175237745978740892803959793646591245146820494
1.4600361386155440961311991673266852486053688415356 -10.020246962456836892725292088007298420467530200533
-1.8876534276551513168329338668282815402040827011047 13.664213097766414604853401025408425340800608061557
3.0288326687420663817358774135297774773873871329704 -20.849811844228454973785947567399775647342200278980
-8.9889873224361060737844430725337717292067480075578 42.187912809404813527575438616463308749376832690076
13.582777777434824904190327367807803482572342658525 0.0
-8.0176218318957207912816300176586761307870444016241 -42.163680893428298839221419275090097495798602281355
2.4100249378003104571881073836738704402745328570339 20.598896196698147746253014191956534261536652303569
-1.3109458839301668745146713594873593385222815442597 -12.944165171651341700705817603078905566502797662857
0.81387965719093374923992761838636760533935814806670 8.3442104059804096680441650483273807424643191471866
-0.30792810573047298678362014077015839705778928698405 -3.1782842060407520594183021271914461112641347013786
0.0 0.0
0.0 0.0
0.0 0.0
0.0 0.0
0.0 0.0
0.0 0.0
0.0 0.0
0.0 0.0
0.0 0.0
0.0 0.0
0.0 0.0
0.0 0.0
0.0 0.0
0.0 0.0
0.0 0.0
0.20721840774493923344433186451978069009950837203514 -0.92589536840111404452700342097633698990363460956043
-0.51440210158821471056345421726838978414390012659071 2.3259401594509921093549581209561417383753543513676
0.69022473756475497219284738737734689362029044407133 -3.2097573300020714557989881113052496776992639522337
-0.83008680271771211765766530428215010103385899587703 4.0351554813860724044333054669628416516973555158261
0.95202535004985137787638154362332363854619788626466 -4.9178409812443659064164996228101237082615922378998
-1.0667310051516295423292269316565141750096344148821 5.9513588306697857219744535294085355300604012201198
1.1860141855817362985566685012491585880773513711936 -7.2539322282859797929542825847240807477069798661642
-1.3302492559785266251712120769759294935593332532955 9.0165189014196798765804032988374014576056530004249
1.5457098147491738085879569839401641209468920279539 -11.605085746632216922206528227031128137316129328797
-1.9657189526454372572975335004154574195260937202085 15.858285429438654901479806382585935218220796743789
3.1276418413333779892091788862799991933214570647664 -24.270407857258884818919560397590353925008170168042
-9.3664476308875941073779028352146364068518940341138 49.256988829613395360616718503013042784810091209955
14.532602944642783624484277441741077777680133429834 0.0
-8.8152995307917268819586782045408121787608258238607 -49.134592500162191321479607370641556760810910148205
2.6275424999311719609804020407760559578202342757709 23.583403851319935976606482804163601978521399697959
-1.3292364419227111512254476996495829777325525446120 -13.843921974628678084599534714713788457149494616357
0.47174109474742422179711572406923674219018307942869 5.1141757406102747442401931724464865700383634908450
0.0 0.0
0.0 0.0
0.0 0.0
0.0 0.0
0.0 0.0
0.0 0.0
0.0 0.0
0.0 0.0
0.0 0.0
0.0 0.0
0.0 0.0
0.0 0.0
0.0 0.0
0.0 0.0
0.0 0.0
-0.22592839339916532512644349713156941430399963052732 0.96760700070362478064769792015151299494096471661081
0.56033655165888809888247473012476534231737733426858 -2.4280321823809724314766515185307585083563967219959
-0.75014785676853798973073871137618251137365271824783 3.3415919576568513239573536658459348078299104648579
0.89855011460148143640748599679614319058452715740352 -4.1818160225244307880679635846413728842082424076139
-1.0239395996327245910468915094031535899248071665662 5.0616907544724183395691880977437811321841754171911
1.1356774324511071724152068907962057436728740690956 -6.0645099172099178075294419491136940514563724321156
-1.2419998366441971710287035349062413754911747093296 7.2853319436856661593290148597957077038462286486987
1.3545576052416874689312930332190835483752795207387 -8.8625956341141542415492281083011796447376931266918
-1.4958199523810478854571294329133429046791956396539 11.031752885140937815792513052693813184086420391587
1.7191270605468530692284847156204893118034393172843 -14.251743307419611912332697461955532622272716869732
-2.1816351557297485643474482620550003314262196982488 19.578654915631903138932393219759798065200512602872
3.5276753966248814083118084748105244629964999834689 -30.151646221987296281407058095059788200633986288228
-11.045231224627505756046954333150237891510793778098 61.563754401819880186069975233670485727946324112530
18.027426050625991971896693357074938778560111563281 0.0
-11.422105072799583259881513284852600478065843844643 -61.122356752703683802819043743879957228634922353696
3.2924484759586160422847249816121660843046674430497 27.834998480064906187203600517088825306059291867360
-1.0061896400735935267726407339110161487061826080137 -9.6202666556088998749619810624278012447302452595404
0.0 0.0
0.0 0.0
0.0 0.0
0.0 0.0
0.0 0.0
0.0 0.0
0.0 0.0
0.0 0.0
0.0 0.0
0.0 0.0
0.0 0.0
0.0 0.0
0.0 0.0
0.0 0.0
0.0 0.0
0.26323595491829588112771437654034885460263528282322 -1.0902210443212005770549419520807676037319186034177
-0.65251957220047757384578085068919497657164580837003 2.7336642879124941281869744055120276932872475709790
0.87240931476679067935675853795840653511366877020443 -3.7553786399283020859276038814387422961269707481834
-1.0426114605378995240973346137361615118061169373715 4.6853632860867674566606893956553921759943733723709
1.1838062242670904703220151046370509024538861008753 -5.6454348554675240426644363572225427646756127282986
-1.3056196341802326131164278605353008378053113948259 6.7198746648006696445240143751355339691210095356100
1.4152374219553843613047840397145016057942384331507 -7.9979521905120685748847410854198547322718139532507
-1.5212283037957240087510807895037188176202348072513 9.6000795777508000251113295432030104518162553801598
1.6380828501230412243459767989461959758015631506558 -11.714318068153139796865605424270313218009109055543
-1.7961027676854489710201076535736673531447046097038 14.669603175151054749222869824969328837484260521863
2.0702412974262779926804093403826959020422570542006 -19.113992471880827766212028116508023779662255429908
-2.6882002401438984989383382501368117674632482300294 26.543054407842367003149837192742948745947446866687
4.6120845397572682679738172151697406528125504148222 -41.395582488341814305321150713459101335998275794755
-16.001324128012095808152188627845096364553651943191 85.626829348390950419539007351278397990998473955388
28.846625886327265150540250567419004827387009986869 0.0
-19.674258277294786768731034248528616566673887677513 -83.472866435629880223980645145004840250446117941375
3.9031373016853283451788271765090242236896977343180 23.591248705309082795942512688734756388742651208980
0.0 0.0
0.0 0.0
0.0 0.0
0.0 0.0
0.0 0.0
0.0 0.0
0.0 0.0
0.0 0.0
0.0 0.0
0.0 0.0
0.0 0.0
0.0 0.0
0.0 0.0
0.0 0.0
0.0 0.0
-0.34689896220246927654285056549164975174423801721200 1.4050719632003057954697237963377136784411182983774
0.85966189659800877274151131365467805655250642932306 -3.5215496478373763981891682048722419464717504341083
-1.1485453744906658262843941739638980445936050233168 4.8324561438648592634934545400811969418778252193056
1.3709487535311321273662915821863101189119182781177 -6.0182058525276279378567163582811004488326793843021
-1.5536353289090648102733017793949001571058261580962 7.2318015437493187906241621449565409739770022200063
1.7084932368425655431428205005800020052913531104853 -8.5751047468245742556197059078410273368742159332146
-1.8435619357481329704357398886464359701163757357188 10.151007258716672564652391117282333438781686416626
1.9673347748562720638903944974817706171688258734821 -12.091548053697074074334966931030768673385231243411
-2.0928665201293003856546032896955931783349483828121 14.591930742044471181260718038642649496551849301856
2.2453582027011809362596792692596184219966211229474 -17.971155172517875753533879264823196337616143665755
-2.4813586053453606302886132899506107048284871891705 22.801596605957469630805052471585790145513223560787
2.9485678018953855262649758916164329410889217639229 -30.229862508459721855243327614937279934158125728793
-4.1221503044038774744865521801979463050953171151339 42.931961073316176614906953320462272725061398765661
8.1489721383961519373229799445587638592830849639497 -68.892992173645551135227176672734247287948085103983
-34.759413697916128840928026355048751863943587948753 147.47533838850818240610065784643890528246102807035
79.486291350691686200934404429300873022961188333166 0.0
-50.264073163716243714281099070363053332472214644087 -104.13575146263854140732515763418266283722034307065
0.0 0.0
0.0 0.0
0.0 0.0
0.0 0.0
0.0 0.0
0.0 0.0
0.0 0.0
0.0 0.0
0.0 0.0
0.0 0.0
0.0 0.0
0.0 0.0
0.0 0.0
0.0 0.0
0.0 0.0
0.63434479534088319717142898465432112573732593430102 -2.5446009571203412444903051751080152538104582506325
-1.5718179373776890188009803645433923953226788817287 6.3763830030003428162003613221927846945885523237335
2.0994450717309824332078425228694735958114936660731 -8.7460736704024403386266563913755164489811265057881
-2.5048060228103100244260422928103735854660895561324 10.883972433159435563201539920637518952729659120507
2.8365107029461704499053582060654677955000550064030 -13.064287021989624900364688713934427870012558020830
-3.1157733423062588491774332835738647086472548879504 15.466689634374916159626084597189838434750013522033
3.3563784479852879349421926800246619016228932679732 -18.269048431110734141596620283138048892288395660168
-3.5721195582095091666624918966226757228256933573422 21.694753042603948557560183529982465738166907192827
3.7832698156952539954198727445933565796902419866681 -26.066299527816488071878925851392455680577088348452
-4.0276193424182291792412339392291992599973823594091 31.895527098860661368139073133686247706353298477836
4.3866927185323058223569549088258271169081125270785 -40.064981533981319691477609959417113997452601599928
-5.0613775713300554136241910236141309146707835207795 52.241078668692870128998847639417213546945265017831
6.6373355688336198865008476776046527949015420569072 -71.955784489356148737113145390591551524880976566841
-11.298796002806916207077187299755896840123274684838 108.02877122286836465186439290813753022693690088247
31.286456909388776756405117734461517474478555213818 -189.10085118928031636653614851722426302033966764022
-228.04794311388546127497619158154910617555216785772 472.46357947004307208372283351451698529973509880519
770.36583444715486538678746191529060418769450844627 0.0
-625.51975671926765346277278599885216258809034302683 -472.49994329095684743031541069546244379153650279131
74.283808418915371944124552735221075273083334937911 189.15026658555373623697340429044880405183978415738
-20.412829085345986937189999384903333154091070210411 -108.08921045962080262194545527149573287946951966883
8.3445045186743567009520847994074482494730039342360 72.026287877165546342282439075793161423097316830591
-4.4324431396438912610440657717937775042993878356408 -52.320963459234841424325154390556622027604060062229
2.8638579752190144435759040891844403781889835312590 40.153500499148355541078894440370765474331132264902
-2.1368094599983216602367469692172173625455715896490 -31.991670493528119034503732623190319762523659470753
1.7561776356270223176397279220647106525919435001584 26.168670354110239817988264193740506766492251933518
-1.5292106940097102289097196308091408901154844302715 -21.801492877664992337068572951929919838531548378894
1.3709589919281721989066719856171465019043961629201 18.377801774228156042137651782989298955580687373590
-1.2398846573753992089222821198102489072274843775948 -15.574593446430338833523152774551313889800092280552
1.1133032100290133951575818536308305876936755025845 13.167962129903854065521696736641144665207766320238
-0.97648974814754461860318962878670367232964805656156 -10.979466153818406352787424658765645715500828078308
0.81603325072860627051055577026505289384628394322975 8.8286151800331918627002021213671348458881150479921
-0.61027280489434624206340540879131586964683409564082 -6.4394002202545075578749183069015594237266484693929
0.24621633274806505705699394837709807289276027575340 2.5702451420234613415776838158847142829366718428655
0.0 0.0
0.0 0.0
0.0 0.0
0.0 0.0
0.0 0.0
0.0 0.0
0.0 0.0
0.0 0.0
0.0 0.0
0.0 0.0
0.0 0.0
0.0 0.0
0.0 0.0
0.0 0.0
0.0 0.0
-396.89713825278231415461569097514647359045181348048 299.80487954587121133542513075568023534112668255450
599.54916740590635633682289372612884549042057766816 0.0
-234.97570991254009720313540864483925943701050222994 -424.68969340991820555415986741442794745828363569318
42.900234713498856108755486777261954690110373314322 198.45260640974730708209064673825936474719346632919
-15.235426683666888028626239280565662750476549375201 -123.72142288663145446908999948704392778016456505652
7.5616136909023678274114155239449100559157677276126 87.164298362104666388135136981515073818856570742254
-4.7068166576098727641844292853243036602242609719714 -65.790412095482304940524347066055434658231333014190
3.4391724268823101653835437983678384297398011855940 51.894583275292006101206756518288384398457434148960
-2.7942025390839256779894055493462313071216993222052 -42.174889635584736509853954648909326986892701095344
2.4180051902745451845735964405214383999546456509298 34.982623093460419423347150423815345011805470134395
-2.1605312154324271819270584555942534830090823267224 -29.398538445053203494616007064156023510510508033544
1.9504106679799730329225682607318823491747561070013 24.859808075637741840823605345000219994578751895486
-1.7495256250042363153964223488717043677988004880929 -20.985453919592251001742005731441024754341956577276
1.5336594042850108659012735816558308700046127799621 17.478327073602608028490501405720595397284878396456
-1.2812447258835407810235460099402264624320601660105 -14.043857873616588085916461887027642258980956997490
0.95802455250007811856822737714914553282893941484238 10.238678290557921631627783066921253667495100871292
-0.38649355453133206680233067501553539877411849378480 -4.0859447748362300421362738471935820825880026528901
0.0 0.0
0.0 0.0
0.0 0.0
0.0 0.0
0.0 0.0
0.0 0.0
0.0 0.0
0.0 0.0
0.0 0.0
0.0 0.0
0.0 0.0
0.0 0.0
0.0 0.0
0.0 0.0
0.0 0.0
26.754303416380260211621666026098462918169703118615 -68.124988893683428843198102122402168231326266299703
-133.37840537004959782913539983738257067140782034422 241.06506202361800961512488119349258144920641783480
178.21817354719343126322431789079313533080457606360 0.0
-84.457405432545167978458260314906828379546860448426 -247.40491312221507949677218762693434543222640686644
17.710654041085052780432106027381436516163056080461 119.65611373099342770862786252560869517534497620019
-7.1605211555910310385544119424625245232765137592700 -76.766211138760902822384782599680928864486685935294
4.0159417172967245203202091475914697149707766291014 55.317880910279967726220635568585484763144055074074
-2.7729210293470042687822903164208908716287365338913 -42.489460592616720570471810979053901091585702492598
2.1851636322393828082111124981087929136580367530194 33.960577936156897006275482000163010884867960821304
-1.8605271228684686900479836186976165819907989391464 -27.858787929252888407272276473751712687657928915289
1.6481510295289444977706342333368467875759588927629 23.233379285551469136124035572471979529962071158380
-1.4809839265960753651866924665801897214491211975766 -19.540539303963358493656296318294539716829084739750
1.3250805579353151083105040802596474032008741252894 16.431846092523246994054769271842975054784185468084
-1.1599457855225819785478836372992542130029260745363 -13.648761112903411964556906988658738943124862911681
0.96827994149709926000971330969027740772797085046875 10.946856222455575422971272053283265981839844612045
-0.72371663199300330573252086330976976621312093383570 -7.9720949963542514057635402413611485782171426956137
0.29192216169188670828583314650617000368633105795345 3.1799896108527820246021920663422448458356524104757
0.0 0.0
0.0 0.0
0.0 0.0
0.0 0.0
0.0 0.0
0.0 0.0
0.0 0.0
0.0 0.0
0.0 0.0
0.0 0.0
0.0 0.0
0.0 0.0
0.0 0.0
0.0 0.0
0.0 0.0
-5.2708473675746337315602558161099570036054713098522 27.909983865161842843676167880292464451771190658915
17.458220437870575903963919119468575081375837596482 -80.760149036694339076831354891415741782914110409871
-60.550187134858386213409834589426948558843183423752 177.37241288566614278884478667343430841641538067597
84.311162890905770330326004762466100781484612862339 0.0
-42.813675130191260214252043277853994615053324500222 -178.78168401978496493485299244500518685091033405104
9.7629426580325927275160104206252175570892190882595 87.608715428877734732205541585497022872937686426288
-4.3434719317130252157545046676538972822156757310154 -56.926450731750318037209150700178571131352408993889
2.6707221485276658511664966458186151362260971040212 41.471337599180485623357743787803918159887286183326
-1.9819474390313362640484241569494057767761899726611 -32.130676239541293311475574808167855714170269497850
1.6360444346142620806015426037522336983217327700282 25.838404306174091880992107065546900776691911078822
-1.4262705212771682553639358052039908003007245095042 -21.261817669799703565112833765808725233473646422937
1.2708709280479362156851201684788346965455163292171 17.716937230702411014779043696921730037663097392361
-1.1319568850236200234409696726540517439058084183170 -14.801380438012295739560777419970512249229884523083
0.98843849273655060223775803551812452982375707729829 12.238624797247060814377873613286683199072909848124
-0.82399296081018960407753002432807651860175724269623 -9.7860380491244582293229147600852456599431965922784
0.61544151402368814604791458164092656481909108157490 7.1137658952677656080598647691654215419584788022921
-0.24818206297482196599475735858177928747790736286103 -2.8354892531333594547874425292643991631575190684237
0.0 0.0
0.0 0.0
0.0 0.0
0.0 0.0
0.0 0.0
0.0 0.0
0.0 0.0
0.0 0.0
0.0 0.0
0.0 0.0
0.0 0.0
0.0 0.0
0.0 0.0
0.0 0.0
0.0 0.0
1.7294432004978622801105860880969832332020509598131 -14.927833467822789760115658070845906102954365528761
-4.9764934215015274512221782044135227516634319347254 40.412314001956295816464976159742837351730581288532
10.191564606729250443177930003737029746509056251879 -68.855899440563529402215696252052323634656975893886
-34.364578186570279884328483284885264784323628353017 143.49987802126710300654324723335794676292040663574
48.844423609992151372028574194023745792419881932856 0.0
-25.693922302773376477170620544000344683091013646624 -143.99684281331077356698680159381455049321440111273
6.2737565713307942475826164874064320952938165281149 70.999818656223546980329846802077752011437557243122
-3.0285958438260707994097772405178493430889942844185 -46.428568369352886852246559605217423182583859628517
2.0020271970050697916316137568704315914917031926189 34.007352506201498562543788614159227775728658064292
-1.5614610119854549433175101563050847662901035978153 -26.448004638601414673906191239711966674223272088361
1.3234763340776223783654452001090604370460860152432 21.299722171822552069856706802583916903748054838584
-1.1625744550334980843711999006406840298918106938300 -17.492771090513763018335026980206001367808690957097
1.0278220922448222963374882313345774879426456234132 14.468741893380172855839754846481457840007481300266
-0.89394131093617540114483128069266187414237892359442 -11.881677618509208713113960976020272095602015440467
0.74362226208508110888574529253772487157460418565467 9.4574829995651325812431871776947085288464663579067
-0.55480590416468024472042585558452817046102520875617 -6.8563600860538450690256775090837839453482474519718
0.22363856124578778654672001910494679411272185234037 2.7298632616509365349776070403023134950940615665729
0.0 0.0
0.0 0.0
0.0 0.0
0.0 0.0
0.0 0.0
0.0 0.0
0.0 0.0
0.0 0.0
0.0 0.0
0.0 0.0
0.0 0.0
0.0 0.0
0.0 0.0
0.0 0.0
0.0 0.0
-0.79171906809802388550243894883264621513785022084568 9.3455241560671642590319006907832228819815276457798
2.1286559923312384327129499770367807773514861294162 -24.537461659681828237937180571303519908214260182276
-3.5511831974344590143103785071986851816545657836653 38.071374024754537883639146909152125480591142108685
6.7535392675050633117777181279606790721525364054734 -60.603541426907686391414638882050498131839976668887
-22.143822377954842871365557016898234869630348891010 124.10096335895194979449783963632846730948588057869
31.750466511425839884326223937942239676935137999920 0.0
-17.068351219927822296047838756343117091137481672592 -124.32496568520970733642459350945750339150065988943
4.4443180996134578429229235698187847704308514589069 61.492405510504705357631427207353641263345757890782
-2.3071540173027010327630515906432338015079575681566 -40.336623013142148470910509367547684862099654341622
1.6136608754058040588615870340888191124040359918159 29.608953581215251760739199145862689564857551295632
-1.2999475143179381345954973433186469885611116373777 -23.035109969617144307388752159809638854176606215843
1.1143206489735939252931351778339041489561172940884 18.501878235385973802878740057990059970835148396310
-0.97319799228352371844607162609785370859436092335205 -15.077774745858947157696876580074200679708347197882
0.84110159149167531830871716947532964809436370954149 12.258655147313483840580728781390725466915793316476
-0.69735208546460965351657331865973558912393761322582 -9.6940307968777492314245061472010627020425331244765
0.51942054315717899162874949749460257454186570247361 7.0008643189398416161354496742663100609768219797522
-0.20924576340180207422019200017602907337525508522753 -2.7830286860926645014221318178194753722593832222284
0.0 0.0
0.0 0.0
0.0 0.0
0.0 0.0
0.0 0.0
0.0 0.0
0.0 0.0
0.0 0.0
0.0 0.0
0.0 0.0
0.0 0.0
0.0 0.0
0.0 0.0
0.0 0.0
0.0 0.0
0.46447220881082096354672649439271529706434443958165 -6.5122590679098044259848395835564158414187964485402
-1.2030913448218735568283494608286190608956980783938 16.816434784296969272751471688306929514217735415719
1.8084069671817631363058920702783916287204163834503 -24.910033135446006636207648141655474936179242918255
-2.7281486827877805931826045441172883334209260582001 35.755686699777457962804147005819560183639313547841
4.9094198195150071245267068615441056479757121116599 -55.559681496997697051870377056933545400852978100508
-15.497865808286261394720421108057675401597078496694 112.88563318052709244206860426938477785213930972050
22.259093422871991603628341951488687925095602877601 0.0
-12.152049809925791182264027357794308142022423922789 -112.99982049494255358909390831454788861718032027363
3.3723067310428193891675987092635364544588940110596 55.973007110002900598005709793243624860577414191320
-1.8668048272224962375665661391359206487999436005440 -36.754002728815834714649871454816863895417801426844
1.3617306743232032168583078761513277328098278770620 26.969310858898455900400135205793017120962369181581
-1.1166080003180893335555011215070119563566084938504 -20.918688323358897179499291974760111484418954027177
0.95505010591368643680619848128764126356885788171793 16.672346832569342620279969011282435909923481846160
-0.81696392464109176567330419320091409441481066830075 -13.359762308679629612150013207987660327822513096704
0.67381707348916360385493196954550584734761767588096 10.467052269136567564923712100217092112497449918836
-0.50061141922568883279547025471742525590633369320626 -7.5183716673883507995221925231705828076989446691237
0.20148002869331441468628563081821656195836839699087 2.9822132052315635901023601066688294817190262830414
0.0 0.0
0.0 0.0
0.0 0.0
0.0 0.0
0.0 0.0
0.0 0.0
0.0 0.0
0.0 0.0
0.0 0.0
0.0 0.0
0.0 0.0
0.0 0.0
0.0 0.0
0.0 0.0
0.0 0.0
-0.32836706577527715024406592034465340611836394475413 4.9162132449645707531985232493426971475774883005978
0.83293441858836505359887709983459508389659460834371 -12.568367962718028996093344907432509774204538178707
-1.1831282086411180045799805949615204868702846390965 18.129069982533257407528312785579139701374394875414
1.5894441113545792235621390466140947234091393655616 -24.681104836515475586971248889359520980119830069032
-2.2455843218650930172267502733447589695084699802159 34.424951559448786667735365709509805577660367614426
3.8235871953990166059391826438366642225147261742297 -52.903858151984956202458334222833559199211470275087
-11.514234722909581621497226073645020390179141535976 107.06888773305339105259572689716970470045764352537
16.492148236263365154222983401099136825826711716305 0.0
-9.1167657074409605980268025122714820639075582583965 -107.12606366536265002237070059345700630918588026207
2.6955252681918935831375107566756863943530296921026 53.080930791794668962738162434438167215364910945577
-1.5760965955898868648660257996774404784256879363995 -34.830450098377443895268077462897861683538206922297
1.1825210279652776725916837941204072891769156907372 25.481304783208947561862858543730857867819705460426
-0.97331936713391554250939568856615120755935274897130 -19.618696788484572511745997387621483361469713719557
0.81795778551326199298470281301617765404711365298730 15.385743139168957616662763694077287010187491489472
-0.66888807020795150587696663644483888728958491315601 -11.894020298510279594770626007514309488155764527579
0.49493885616638807703374311655206233688575644662669 8.4782236812816480045011150143379609585350807604650
-0.19890637557411152563129989575723648774561234793421 -3.3526313990668089562460246431835921630442306814740
0.0 0.0
0.0 0.0
0.0 0.0
0.0 0.0
0.0 0.0
0.0 0.0
0.0 0.0
0.0 0.0
0.0 0.0
0.0 0.0
0.0 0.0
0.0 0.0
0.0 0.0
0.0 0.0
0.0 0.0
0.26559833669707928720941324635821801699900355905864 -3.9576607620016222962877138993692361221166757375864
-0.66600556084074535110838355773578667464897899551163 10.052496421520318496733918655232678378468063336668
0.91757460590413566348510320985196676447638033508920 -14.260425835529441426475444403679498022717161603545
-1.1608384929085315509841570358572384136362594454516 18.819129633564090496622074172307501553851839553134
1.4609021647981742704855013696958805342979908406184 -24.815554438863388106917796640468166193499169218935
-1.9534646850549646656552377923517711344454549211510 34.152972874636841706544855934526119436721621526397
3.1446746598709858849313281470133340869461133264822 -52.194806443711272338404954651319182679332565630546
-8.9723025171842486754477780850137050576685417164121 105.42855674093759470352895792795294279354186465514
12.781346873607308924361567531293472967076006051438 0.0
-7.1459709901115655895552291767997285170636303632409 -105.44591254517520712493172789777985150132518969242
2.2463785328750763408986254025752675340828415961002 52.211682257294626343526675684511851562454777320778
-1.3714927692053524299604237041696373433912635927886 -34.169037397215157616974637324849699101879425620707
1.0430935657277827339861940155151434942169448944341 24.830454674226490670285665398073766474560764892740
-0.84789598434982625950883865715165014589886008674499 -18.832469040111620299722352130835068241836892792862
0.68303057926014396593021278660512764014626056463347 14.271714192037461403822220513416300261470338475886
-0.50197468838115596690295942381970268197597407740096 -10.060998049997357413235558568707491988407603242408
0.20125169526622929559197852038183181471906866271953 3.9611003261518498239411516021152164638985868332441
0.0 0.0
0.0 0.0
0.0 0.0
0.0 0.0
0.0 0.0
0.0 0.0
0.0 0.0
0.0 0.0
0.0 0.0
0.0 0.0
0.0 0.0
0.0 0.0
0.0 0.0
0.0 0.0
0.0 0.0
-0.23606401999772125245876255760747809681324582582165 3.3654931075315946604275461497170632045951751388039
0.58827821306850006003889951587910184200216111449354 -8.5109474060033343767719647830749118349227284115887
-0.79744178957847428166514317143477100533187773447644 11.940573952794334207585027394848207509732814021264
0.97809339483000900148568664456114180110315265637159 -15.447240949036159537455532956200784763166791592918
-1.1630218337042203654247400171832706988545251104773 19.699247446141466651296128556993710066675027559791
1.3945908443775812520389208421773066525735491918178 -25.589252491220848209056262776092625973339625753918
-1.7768596709067033671899471956583677837380330340998 34.983145661988457728440171967929865764079339288323
2.7077719493661093102479775500208585410675680209336 -53.322095377973366117994220698979828126130373661031
-7.2940176893783034088797574298979873021890526622020 107.63048890646807140100071298785983076673453830070
10.322943891211178299413674814302549241055773590377 0.0
-5.8370436976705122244064810229384862783474551857743 -107.60782520475128844481517893473897272316457383990
1.9397990647337547861855712536796325751590713010611 53.177968974619177937072145279123962012828050461925
-1.2187649755705721358142286105191509307485708454684 -34.607816507917287197110891698234297424831475835320
0.92312418273105102223368234611135223008702955959249 24.814898301808496241116658121460810786990119027181
-0.72235142967065270650185661069438989739151506652460 -18.228853202273045771527465033148287336068000880528
0.52434708271300488618007175450926166784114098830998 12.638228483570824150360952163214028989401666949789
-0.20933869802180569000091751734722811548475640632162 -4.9436551474893078387066210369971753834898443582518
0.0 0.0
0.0 0.0
0.0 0.0
0.0 0.0
0.0 0.0
0.0 0.0
0.0 0.0
0.0 0.0
0.0 0.0
0.0 0.0
0.0 0.0
0.0 0.0
0.0 0.0
0.0 0.0
0.0 0.0
0.22433598441691742891594041109978025272629141706986 -3.0072396597668973188209049683062076406383309182122
-0.55718329397274812896276805678140347546766511761320 7.5816421312481285343519913914166902015046573022537
0.74881062271365532128338581201494090913432698800317 -10.555708123137635248570048123967236008764309518583
-0.90385578635555519577516449924475239643106441618793 13.474033602038301460723764249927728117745633900704
1.0449244907078144449325661900981950857902732321772 -16.816773197626566465167989587402850122108141656026
-1.1908919610290420115520349146523832820588007624183 21.102642208312775491441128357451816480938254161881
1.3739073311030058841153230385966882592094824972098 -27.210471646496802705321320602002418065842531515525
-1.6782765016949164271748467633717035818563119308419 37.088542737246513789598413465152472245443395473510
2.4305273304105924784083157428767111652533606754066 -56.491779473448861083351884197914888848496786966139
-6.1873537952942169316937994633741266245192888840195 114.06590736157923874356690006341517322546905081775
8.7090562019573770136067118847028032867446492835275 0.0
-4.9845917995488034524136837145281815182839228939970 -113.98547934970172655151771991632815985133257842594
1.7310964767368445373676259040842541913497546510781 56.108294440209107410001396805908641165997263781759
-1.0973555583532541409745945027182521465799477074194 -36.112660671212219181107391160154879289574479734796
0.80544198200438169662145752478946737867720992250508 25.160808396503900797364408932956925003195337522021
-0.57022575541712069213382172393496310960285729035927 -16.986648796882272222517563980169367686812323986475
0.22581390217539211237982071151322615990750191779652 6.5783290056176060449302879193789655052198224171558
0.0 0.0
0.0 0.0
0.0 0.0
0.0 0.0
0.0 0.0
0.0 0.0
0.0 0.0
0.0 0.0
0.0 0.0
0.0 0.0
0.0 0.0
0.0 0.0
0.0 0.0
0.0 0.0
0.0 0.0
-0.22435372054599105949535059523843099487358593845311 2.8181798725491556110380788190648697467112755526093
0.55621297732638993614152068761799060355755313453203 -7.0894545915471177103106790006326481053024692317469
-0.74405124605708387793491896389136021033645603248851 9.8172318798614356521035843164702984618005329545115
0.89058667766612930940896173446450944630225302740111 -12.415476598356385409280219739232162784234370076428
-1.0150022783078876677566076094367399341836962768195 15.272314331281456613123284712832094474946318095544
1.1288447996647577095881197542477663573925618277842 -18.743033299512114148486493360496137655213453469471
-1.2457889322483612133421104778636178725653697183684 23.338781723729119313996303432372244878733775259868
1.3924097888409091725765259303378366180525397099012 -30.004048446925909506519347147781408751207627927957
-1.6409245160518947264146260170313777315019262582963 40.881594430476534543889050161349149029786244809060
2.2737685936560222900889134082041139014951546528818 -62.333464288735194562612284955043008470993838018031
-5.5119733774409411133399637343692486296892925032440 126.04541211323890726549252471286155519390632448009
7.7516889287093644392985887429410283695727279278445 0.0
-4.4997825526314216094428587516341443401448924553607 -125.85316943519166852137379807398527200807360055094
1.5999596386467523295150214595649535543409634261520 61.465873019122860913989347992182876950415943295268
-0.99220313196575748223421197634042723702909689878314 -38.616288108144533305371083554203952005927900401979
0.66277661260222136163999195659937693666577064319555 24.890011977813842611737068313618053986809290783769
-0.25786275475610446969583061213150415587376027510263 -9.4800205228035627326060171410507554927048616119581
0.0 0.0
0.0 0.0
0.0 0.0
0.0 0.0
0.0 0.0
0.0 0.0
0.0 0.0
0.0 0.0
0.0 0.0
0.0 0.0
0.0 0.0
0.0 0.0
0.0 0.0
0.0 0.0
0.0 0.0
0.23458372046621019001338825310093267728663181968130 -2.7746165820455205625367001649585290316964617864384
-0.58098882647582432216031841094555239619510702682086 6.9689257885416037430726219201539016781170156745525
0.77522398967592349519184916155611954822657460910682 -9.6132731020029342115370801118994435089520456454941
-0.92371299423748582887220335019184643712689955077348 12.078399472749525375696227833501932987424228532369
1.0449526406942538120496107740712365846402262975763 -14.709890128932819517728069608873024674209872902921
-1.1480417477210839675140071255694884849393986235801 17.786632327882768801782574061590615249777714880526
1.2408014966986529967040581162377592710183605871318 -21.660719971901349483502255092184884003155810229160
-1.3345842004743227195790440121807887625829746418631 26.900525821146480407097811189124386169180085964500
1.4532849174372019226106105193364721756584658017043 -34.594907357120790786846003867177724619370386986350
-1.6635731474030763750041373616145131431534676167128 47.238504048634258590604710405735909675654993405823
2.2291084779535549737965891344817669832480854185858 -72.249858110708510818134728057933896649250066489101
-5.2399114275639828562327166805231461525841447426851 146.55362853766402661125734780721192016737835285545
7.4453365327414117687092712182552474936716247193400 0.0
-4.4040768624180952825559110905578617577358259604841 -146.08265605520396091778744611904926782084997620598
1.5493143738356578806519772157753949015709854993471 70.100998905039855430547933332578690782160233212266
-0.88118743704860631881630303853664521841483218823264 -41.145303286377676283459165041795904734103509494990
0.32788753624410311281780302097796858495302443018964 15.198946031870983475956352263359765272226135867038
0.0 0.0
0.0 0.0
0.0 0.0
0.0 0.0
0.0 0.0
0.0 0.0
0.0 0.0
0.0 0.0
0.0 0.0
0.0 0.0
0.0 0.0
0.0 0.0
0.0 0.0
0.0 0.0
0.0 0.0
-0.25710987264836666612629763744833320343039818357376 2.8908948096081462009382520432887862000717560229814
0.63641887396630288589560838951871917495835018505543 -7.2529384320390810059924730521606327011183554978243
-0.84798714694643284835451200820114974904970249653082 9.9780301285978165052509755033881828937327058092104
1.0079139916097625675273161240058338806036643172936 -12.479766077357018728635776279043822903886789553095
-1.1356756743700877846783739790230694965901940404688 15.094651155473711275242631950305641299297530259936
1.2398569709210528149530365023283081999438214735045 -18.070324907552262369737095556656552409239595729577
-1.3263119651815712474787377253314269941222394523064 21.689100421132991338696491090229450684778822344839
1.4014840551213897737450491093398805130905602378202 -26.361841732710057283468182597408361833003874427800
-1.4761712232595886376283926906147928755655614557280 32.786980211089376887317018857485023437307257396185
1.5745219563636637182117663860184421985462441307558 -42.325402098703597336544764460432580707232570298677
-1.7657286163769310831185943724139239894805057399719 58.108019661702272572542262922643665384522520906627
2.3281346907111907974858735629139210953796763052439 -89.440275750770671892575778098701548777988757614705
-5.5032791982763266545490932798748248997516934250155 182.54305440440308997759200202012255901248653941737
8.0985996094757335807344759503292044091581286136708 0.0
-4.9422880853970684611127154669273926738076779537400 -181.13874059889102636313742159810479812749821664813
1.6216375586767350727976158213990246622775249645879 82.479473773410773863818194855185645153626776918246
-0.52950565467911599505444729374697456480478082379499 -28.504832809711728975309718461969091107014016051166
0.0 0.0
0.0 0.0
0.0 0.0
0.0 0.0
0.0 0.0
0.0 0.0
0.0 0.0
0.0 0.0
0.0 0.0
0.0 0.0
0.0 0.0
0.0 0.0
0.0 0.0
0.0 0.0
0.0 0.0
0.30037933567679237554987088394325270925791539261788 -3.2497861580476044543328599798887009398061945445832
-0.74328839400244882785529816218299684940364533590815 8.1472620753858568457381983323574224177386616660213
0.98960902148284675165254625051529507537516828967717 -11.187991416891421407444657327721637931030085127513
-1.1746499323113276011089003979440634711103518827727 13.950566908602613532605302786349278854985288585145
1.3207141508837561839243265318675161231068974124948 -16.797011421154999222199699044510431504559622290332
-1.4370979489510406530508252902379180256577440779176 19.977385979966703948088119609499762812388861836468
1.5293114897554226378144141932160492572934157188483 -23.756274408678297645983382231459500260718304836689
-1.6022189095491701107760459012669364498631547018185 28.490303657098015508242210484532251507486080662792
1.6624379180524458910609199731785593293564114625041 -34.736129755932798033876780964345065840135940829467
-1.7224564961548602719523179641219945369816802323179 43.466940502940866373648768144498377901627153963404
1.8118489239782524748286093552696158696167008097738 -56.599462950989523950569638360122252088637082202301
-2.0184165606084936617464847727608525268823735110275 78.556248126616200978797093180140043712990118347281
2.7065580034505229450581210075172058130617185553260 -122.46218252438266014807440016148607969877709690882
-6.9093817559953602509066244899416251873413466940246 253.23426881891333367249032417132748304096442077967
11.147300333872839489866997977903156519094033256906 0.0
-7.2467018728125315375217026195325701762391152251606 -246.77880627474882273470860579494729321956136525538
1.5106343314205798287508075957734766411171810560517 69.741321946808342046287320525337702145445348500315
0.0 0.0
0.0 0.0
0.0 0.0
0.0 0.0
0.0 0.0
0.0 0.0
0.0 0.0
0.0 0.0
0.0 0.0
0.0 0.0
0.0 0.0
0.0 0.0
0.0 0.0
0.0 0.0
0.0 0.0
-0.39634230400456577191566344673095346386535617364818 4.1820751297364983812161610738888136556148837995024
0.98058696429144350865728997739623903363212775997730 -10.479809141732909706649496754156300336725128757763
-1.3050149264699626767531222708779027585272295989993 14.375381890600768898677885790740050227371997263305
1.5479465456054618366799441203152585988780551920670 -17.892405846710310583111924418481874582162577461426
-1.7385281916273701659816622015602432264506168660370 21.484946739166505111405357744527101086730573842468
1.8885896388604081734122831120060920542787536922947 -25.454826517742000316721011589518071989112333377070
-2.0046516108511118240676843668189348167793969459578 30.106616220060073929776093531653723902611180991800
2.0917229827066983529378568597082764047817835186532 -35.830881139595113231538343400387173301622933172067
-2.1556156229287606182254709634537620553514441921691 43.204657686569220781772195106756071867733166824533
2.2059862257935011097369459575080760147107209024560 -53.170426368993413055831754413055075806660162246033
-2.2631782681564405951941431308277407200238685519641 67.418586482099565356360764968818574058451002965894
2.3788200890742456439821053187892217672726959154918 -89.334565197848264718391495526133751145100870831701
-2.7160033463640152029475022107775806573858116150537 126.81840062002598128211468184209883723297405165152
3.9999000731615747097432048707109676190744970709445 -203.44228672762240386692686327219775064584386397519
-12.785702945352556398022228147172793884945328423670 435.40365888034765074026404609488861873631210623493
26.586719408577807038328738557828263210058769319691 0.0
-16.190606308713261948149718894039911970177624082381 -307.39209547953708762464691164342122376712527837913
0.0 0.0
0.0 0.0
0.0 0.0
0.0 0.0
0.0 0.0
0.0 0.0
0.0 0.0
0.0 0.0
0.0 0.0
0.0 0.0
0.0 0.0
0.0 0.0
0.0 0.0
0.0 0.0
0.0 0.0
0.83233545396922392792295531633258682584223962567855 -8.6887256146702652606978392550986660570861964567652
-2.0591446462488568589071875020826540772295567877408 21.768930450017241923624399832529513063200710655881
2.7399908671582154147655342513159109275218151525710 -29.847485510850105358982184157733116312152605222870
-3.2491868360912139160324821747785853142016679879805 37.122079834164648554830237364829021787893845790117
3.6477282471000215104785582751663449289666334383447 -44.526307425581653399387921901417628280462224590169
-3.9601376115077791852987367016802158910925823065618 52.670966401060812930511850537505650801579046681631
4.1995744297153064436845819483079002967671450685468 -62.160137666614183395275028702717839390269376997370
-4.3755882258666276958987249675344218614589864988437 73.751957085767813530568414067796147070768284217569
4.4984632239698250415656182719845964095285415704918 -88.540194009680178604706047708926155496942665002963
-4.5842530469311163321317292526343621234496149479620 108.25980283155232512323932120546630693737641744001
4.6650653717387057488279294840588269140789792940563 -135.90099879756315724363029710959626688284424063144
-4.8174605129740987570383121906254407228771510048018 177.10826278105245900068010488506767933466284984738
5.2604395653867117325211776881008909327743261812769 -243.84317249164544565147361393320876524507482510052
-6.7983116999543055758554869922655871968894511552287 365.97293472331182146712918526571063132928761717651
13.873265219453650962111202083469282385384672719698 -640.48581182020041388641524255849665700409555542921
-84.274898059772222297129811042766380412629036336055 1600.0288696400632720216199038920639979542837674621
474.95732932632857731528333089497864488457376309530 0.0
-442.52172726326408886587061136234501872643862070771 -1600.0359839265576255936609153656443928062811755562
52.583868738827588580390967437118872951300745079457 640.49576870368214274841907445302990010559112710966
-14.431178724904945634197682234170516476279996060315 -365.98562333430186013326121517144837552849862478521
5.8656625760478351079562986033351804749256917175782 243.85869555378698180977591348462919528986081719646
-3.0793069678794927686830315623290829250612618796887 -177.12674558654020032032255359479799332224354113579
1.9564095238194108781763521320783322200326069385452 135.92248997301838773437096389214879766405180792246
-1.4327486443597646818772480830478928434780235206887 -108.28420887839268090476215042652859276675302211194
1.1572526842777886324705760937682466255330603394570 88.567235499233001698577119608508487689939307359356
-0.99319598463529474876390312639423251721287341346333 -73.781143111354454818846284044550141751818865848884
0.88034932202189389513750135375377048495494356724063 62.190756425763056583865240027618917799841433682358
-0.78933244873862776351693424455058082042038338616465 -52.702088387476432657228782555115374750620674440120
0.70420769946006189854199200396739994506550532838261 44.556794014265064965683638957953811792625062813858
-0.61479944472803459921536274976203151065475254775550 -37.150581273030042034320580214011920264222319449807
0.51213513726824315905833246905394040837501900350507 29.872385347994927739718951291563914823099463698960
-0.38225653552369032592466120971011951475365209403121 -21.788067893655998476890594808179211873101019605025
0.15409787600301070916181998694888279607931436430979 8.6965353367080275209495159175490241090245081056184
0.0 0.0
0.0 0.0
0.0 0.0
0.0 0.0
0.0 0.0
0.0 0.0
0.0 0.0
0.0 0.0
0.0 0.0
0.0 0.0
0.0 0.0
0.0 0.0
0.0 0.0
0.0 0.0
0.0 0.0
-488.51413537467488712427757399053711547224216731782 1766.3317914133462964763103636978486978311933763633
738.38673266457925255928170896661284436388951244303 0.0
-289.76713212901257154069993099172687636656206339034 -2501.9487876108242144305593117807301454075158484349
52.873362332575684731953188806381824961574888392147 1169.0575098038551675884779424840624592307869336014
-18.683944595829158659387636885733699517814860001488 -728.76835856568690624041914717806075609605383539147
9.1685061638146421192045876231562029007911297083160 513.38649301661097860877030555666013469004153952807
-5.6111396718865772754974454495158602729017969433523 -387.46092091591681000353457472965413851299532377921
4.0219365234559353240632329967671418941975390595550 305.59597477575905570787469956914116763416879639311
-3.2092715537776695070753680047969154316949656263128 -248.33777110366725738199276602635679559824385225760
2.7356752628304349848218909595375423981927681143521 205.97234306484570020687122450555052990100608299187
-2.4157202649676178123364330509671159891066422497047 -173.08339648919251279224734658375636678739218769915
2.1613944459191297069375293167330837628666988066716 146.35456419320851444776400122307693380505825929476
-1.9259876043461846574576173244093507872532264444782 -123.54100407530620358413861252617133439148891641629
1.6802997032430669572744088453765036801581063509862 102.89200847418587057508144026418000749634142093240
-1.3991600440016879925433596095634612845700640284897 -82.672512257498752508795708853262759924900650083067
1.0441123261200032647010973489923872751729454982409 60.271859847261243323966741988472341563741867211003
-0.42087605583013801487543698530929148032351377068142 -24.052576545286913480734511043017218358753353449223
0.0 0.0
0.0 0.0
0.0 0.0
0.0 0.0
0.0 0.0
0.0 0.0
0.0 0.0
0.0 0.0
0.0 0.0
0.0 0.0
0.0 0.0
0.0 0.0
0.0 0.0
0.0 0.0
0.0 0.0
32.930237485528586485782402715082508831997248484810 -401.10547735934238155335304794831400426970077701557
-164.37997658187701945027426971058289857318667746711 1419.3130880468998594023613221738863084485564255913
219.98682943488664881267094794280831824832603535328 0.0
-104.45703249112876143572448852236391094593521740656 -1456.4847802336888062117290836108394156137632628227
21.840112669823477614157805692961163435337880927223 704.36547289013801109756052169564506014891259201902
-8.7422515377843321020874889571319087133902081758448 -451.85019212457958600154664029110494223055610826482
4.8204693191101435028400907767075665417833536590199 325.57376502953283692951242604508597087008262330908
-3.2610967474605916482805751026625973682917292964424 -250.04915281272196737567122736196989464054658181033
2.5198090685658985237803250394886370947744196900265 199.84002125461435421606670194267295227111561555475
-2.1103175513710558241720612997844791545152113467052 -163.92203162235388103531301372322338706995620015772
1.8455193871618931588885053460505528060153383238952 136.69751662695703006784281218844978977584431224666
-1.6423773649800504335843680805739456082610106144145 -114.96446418439663309757426263511070698413109323496
1.4590796036113063340665992986963305948725174526524 96.671329821242156396285565297074056495504593990846
-1.2707598796171285875880552157429713053374115090037 -80.295940809283947541299890648987167727653987148273
1.0571102340908453554149853728803459935324247610519 64.399530255784457992970345798228531188764217628497
-0.78845316404020410277562602767193164075436218512153 -46.898800700765207800614187814486263422844684405252
0.31775839877844002358194160215083447846122487539266 18.707398188348474328075025855486030483801238728727
0.0 0.0
0.0 0.0
0.0 0.0
0.0 0.0
0.0 0.0
0.0 0.0
0.0 0.0
0.0 0.0
0.0 0.0
0.0 0.0
0.0 0.0
0.0 0.0
0.0 0.0
0.0 0.0
0.0 0.0
-6.4732098615998248412630710135441100908917961696664 164.16550521149244632966240882488574893737023773773
21.483858085910546266084526496600939943386130675829 -475.01926351712124399579543929347963276308553572714
-74.819230636431312286811984699794024408732855553265 1043.2334529512037343166850160472795647519568027384
104.46496424146867446429225403569179223897265648319 0.0
-53.186161763500325192489098302786517537344849414779 -1051.3719100640393841571450599320850209067021764517
12.047907176455443045145115897391799511368653210437 515.15967469332603338253600037274708716730328430181
-5.2749926296991646192102625220116577753694864759590 -334.70959276167408042174624423996770488538745895123
3.1729198691672167466051911279172355124081472869886 243.81611170548278600282250796757630878030064266956
-2.3024783094943283962893426632692536322480819730593 -188.88499173879797399444220466273032996608110224800
1.8646696436613140140058064972526754803452751649350 151.88363869215379118099978991375595359668130625345
-1.6016523873682184587253901777316489650837894269112 -124.97375722446092949251041773090619583050474230346
1.4115233625346469350124512861192881072110062880682 104.13240922140722801165498746753699050712867781247
-1.2472441057467232900738079462774288621904324128994 -86.992888812306849489091515179296686805689893032696
1.0829763983042766103766654574542858555725141045191 71.928859965796970327048852219384430415712885472128
-0.89936931669677160405958277565520393300153591543950 -57.513577655650364706502301289930357640405446245858
0.67020287032126184422491655329252754774542544442376 41.807966037485316190677061265933779289612078013296
-0.27000988070191302658561960589281241324636056909898 -16.664254651619093802943300592640842017004594060185
0.0 0.0
0.0 0.0
0.0 0.0
0.0 0.0
0.0 0.0
0.0 0.0
0.0 0.0
0.0 0.0
0.0 0.0
0.0 0.0
0.0 0.0
0.0 0.0
0.0 0.0
0.0 0.0
0.0 0.0
2.1092879656513955864805386526544192348929274328434 -87.691408290590979424120929919625513742947678550660
-6.0861805710700290790054290002956411663560580523536 237.39183136430428707041391511833756172258593179195
12.540976247690657577084680667605035374318455522767 -404.45902449092148665152838271418749771294374845781
-42.638269152382639115977833561771397546342632420423 842.86357567786347116308321029220740371445408590578
60.858872389684622214139772639716957694395101072338 0.0
-32.116937297695081541892818812223316694655665943036 -845.63990712914301028434701491037723630261929085168
7.7498920816009794076497272771178220438711381709339 416.91665733025532934621117398305573521847646058629
-3.6574924259936048833703777128220381626745281718824 -272.60738007437048718697507968247894759963036124707
2.3553810433099177638111258437430571700420020203168 199.65876041432236789501633055410368076162501863927
-1.7948155472532607757705548768921982551122431701840 -155.26593411193334955792320785185577037782500672037
1.4939749213376129151609438289122669123162746700313 125.03463846030830563375022938506613343251707340101
-1.2950753387274176876318018571620535504222164600262 -102.68188946465415946448442148036527441897505203203
1.1342220733590090000297726336138790961995970847081 84.927877593213038098328302626757403539394072926457
-0.98003487791614044466697571088850196388382928641679 -69.740698353466505938023416158135815477114385856202
0.81168936310648031418278575642236489813890032234615 55.510741010009355782275740118281192514276474150007
-0.60401817470508408564774840014956074109706004377680 -40.243065960547280931245288170999883353056098512951
0.24321640109582202274856673837256865807541461786088 16.022738834097017948163831657846132095427123756383
0.0 0.0
0.0 0.0
0.0 0.0
0.0 0.0
0.0 0.0
0.0 0.0
0.0 0.0
0.0 0.0
0.0 0.0
0.0 0.0
0.0 0.0
0.0 0.0
0.0 0.0
0.0 0.0
0.0 0.0
-0.95292662148526449887562863138631114582077271497544 54.813889296231803169561492870070568327108118669557
2.5701739679366789208971410108860070410289744290164 -143.91576733069588671043680601610033469733095944703
-4.3200367930743108382996270486905230107886437352998 223.28452189910385088491765787402093942206648128281
8.3118980197678823526510107747127634278420040093399 -355.41066321590771506254267503095190895996513435547
-27.638966566663501606987066934819781313096854866634 727.73480559294119021779990804913355192109736498084
39.870162510438499188597233628298020075702177598567 0.0
-21.514752967735479456145019191161011265894671645440 -728.91529375967569811391334901057983951451019887946
5.4985171775477368745037032542319978199906965716907 360.49604934451203522247358735246981460841147775891
-2.7712063598124749914834234244488970870620117839750 -236.45134984169270438908080627606392518026455314589
1.8820793490477497664939984063760863715354161476549 173.55336732965405869531486708543941805801509769560
-1.4810481602926227513268313996371535264018522426801 -135.01232423757325566702520413218488151262696566294
1.2481980529997678250463485398988162195613844829027 108.43707112436941138730157305155404833445270989512
-1.0773199544067866254052906317987461186131999192912 -88.365649864966656732593927398329547719994532411210
0.92364211440627325449988744735743045386579671354554 71.841944657183444273789568290703758277904105209918
-0.76177885790855029079943808694835440222971219970488 -56.811018534677118155437430229577396143520256934056
0.56566178625051005616264301120097025515355757493307 41.027573173488156130512930379550571564527207137405
-0.22758796554190747422563647871412830226919898684557 -16.309485780501317508209352896297352845345246331659
0.0 0.0
0.0 0.0
0.0 0.0
0.0 0.0
0.0 0.0
0.0 0.0
0.0 0.0
0.0 0.0
0.0 0.0
0.0 0.0
0.0 0.0
0.0 0.0
0.0 0.0
0.0 0.0
0.0 0.0
0.54881692013120863976865481274192811215083939458905 -38.129318741980720326129363171475297176012427036769
-1.4258579695261661613854304083585499929637767966700 98.458472658578122834702210271203606305981875241796
2.1593086248550903502012121786368144122536302177499 -145.83937627562599459695903168393733253152118398068
-3.2989193580909813126477378759002555159907291649687 209.32350666871122042350972411608279272654715726744
6.0456719878112573891776266229349818968738953593062 -325.23567166276384562906600026927146195972462943204
-19.502828994307131050633067616457082055502535395431 660.75173379164245494783909494579778387558008172874
28.249455939891687807420532985619745165821032931493 0.0
-15.489517477999256534216679701705201047764626370242 -661.29802276404886157791283121476740415958550712986
4.1827412151989473490738352301476950645871832522031 327.53774007822676153231869245560154660343459109745
-2.2321537167214228562630157167259877459935454169259 -215.05774059880920667037954027839796917037374028473
1.5770807595007431618459330877068128499363158473302 157.79506837353618721324548085387150401488549489997
-1.2634706909990076045096965243983240161861840544069 -122.38744394848379103879044461389949460972381779238
1.0636887600441811713781277246352996137147918336705 97.540149695945569863378720290647859995822695839390
-0.90041360399202469359719971637878918966089302339895 -78.158180539719727305060492516026274299130301260312
0.73770000090689912236241344924919848760992196651640 61.234056679785555400309115297379751663291403262727
-0.54596201482083726992334651739480579372308470136554 -43.983361486304381843265614447949497026836943824248
0.21939056177417456226101283003193980082433568603026 17.446235620569553334765678720223246115257823927339
0.0 0.0
0.0 0.0
0.0 0.0
0.0 0.0
0.0 0.0
0.0 0.0
0.0 0.0
0.0 0.0
0.0 0.0
0.0 0.0
0.0 0.0
0.0 0.0
0.0 0.0
0.0 0.0
0.0 0.0
-0.38014134878055457557117998576647662661331948356803 28.730304772378027487376898636091377126657463687308
0.96664671912941321481077006321114997334798668650106 -73.448037947230141921421435638808542227835652008297
-1.3816449716464343289068964002299678453162334792066 105.93956003211863335888319575496668858051048000375
1.8767927954248477794029180287482538728702599096626 -144.21805173965908150506381014498600606677504131484
-2.6986076189134653208884506047468947650046481773839 201.13790191674378918720202366504376483161237811096
4.7142674375015140187993455649391784292297373771410 -309.07874466816061002038609605637357395766908136582
-14.650257905551015717066936897919946657108569908638 625.46729423205131308856615578272958093751427909681
21.229235447021220090840647993617537982445871027090 0.0
-11.792724921276364830846432700424006384660365794125 -625.69116609837141624169728865590545495674985260061
3.3573488103329099447152151953605945929822253703601 310.00674007674535316159480363271258423804218985940
-1.8793167505734480634559915571535443202585147689795 -203.40650469394276016160627588507763191564135384515
1.3630292748718916524182557384225854830804819117889 148.80113833417039312138730397975162951810370885080
-1.0965306969824568605952337153231496267278896366379 -114.56158504438115992109364944978336070155390122477
0.90806250220878430142642088928838029202060537392624 89.841369890302281753210766731227418314948850954785
-0.73584325108182116727738162966548640827906379555546 -69.451158298971479857698296522359510056110933680691
0.54168768909644971565524230464625307246606612883073 49.505297701935262781298398733314456896264459898581
-0.21724827136389494504642588260210625939154080319321 -19.576318950387805043241603327324582120653290918111
0.0 0.0
0.0 0.0
0.0 0.0
0.0 0.0
0.0 0.0
0.0 0.0
0.0 0.0
0.0 0.0
0.0 0.0
0.0 0.0
0.0 0.0
0.0 0.0
0.0 0.0
0.0 0.0
0.0 0.0
0.30161779977834489888253579728987537696764699399048 -23.083510685827748966714271510273969405159570189434
-0.75769199947741471862599679613442782422473153876985 58.631231162664553414555757301843429582151126339637
1.0487067847811314906538828701502551272993150746498 -83.170423019310119673033868869335048124606144000788
-1.3378469613874454033243978321539046208395934754271 109.75096321534579089497652445547926282569151477987
1.7071478984988447932284264095184091585403902529179 -144.70993312369398806719256308373872146824130824460
-2.3339479294924271424812074629928024802089898267918 199.14256346685507704731461882365718565060499600929
3.8861722163540339268586758816655535519617444088345 -304.31432398307038258575060381257493045591500006737
-11.584247663967974871796051911017968913496159237772 614.62990764444671154833590172250248000985078488809
16.764195998808755912365886358668254416752240374490 0.0
-9.4238698877166361197854057457615707434029766013583 -614.63339799989683691440306774129497614038813205761
2.8175786405956162152351479225434992709986540209356 304.31771780954534992283837471871095712388718666816
-1.6356975921166600213167419659219100056688189425529 -199.14579413788404461170161473110772241922855819530
1.2006512535978927261123988879238281273990894013393 144.71292964963976067208577789812852297964256689694
-0.95440299350846432633744169142239830172682046931757 -109.75364584933423542243800073835871701845382011536
0.75858875710811628580287085036743275901995835089125 83.172693174937672766965867609557580645163789213898
-0.55340379729788111956879599911193333921292934814448 -58.632940890711927144780157448349035193172434672990
0.22122932998462621568169116171065110857542594185190 23.084202402634037051625139287720442758040565785723
0.0 0.0
0.0 0.0
0.0 0.0
0.0 0.0
0.0 0.0
0.0 0.0
0.0 0.0
0.0 0.0
0.0 0.0
0.0 0.0
0.0 0.0
0.0 0.0
0.0 0.0
0.0 0.0
0.0 0.0
-0.26372887321340038706451882038290591501012369308815 19.591518731622015298463325717276789898610741565088
0.65802854215401738044138207669569010467912267278498 -49.543775342244793073674965044786804215123573814668
-0.89480459893508791342531339351084241127174131408563 69.505268374027197865494720720036841820775427935530
1.1038415642890741917333795865430493190042407095791 -89.911622626444924332022089723218622300585373469441
-1.3253291453048950075797768588703097547876609541568 114.65159640858516386294524558984783839711242823959
1.6149317706970190280512966059022327096787099674976 -148.91871958210278828208067181924032303058499210039
-2.1129007586744246961799508520895474067666883756270 203.56826676679143076556469290945749369767782809618
3.3600371835366420132710144084804575457262730342274 -310.25497577106274356289745002506256389973394022530
-9.6011495567442551003138380499971152947190111751112 626.19573986889557740191422528477795981092389730664
13.878734763585448228894688338542481226472962606327 0.0
-7.8963849173129360373250537377758234300763002719434 -625.97866853874127593416150759938509698128822081328
2.4616620461399430327723605763898059644013319455116 309.33301207813285751631961589257277052691425976861
-1.4611382729780500010638100693044331623774366935565 -201.30427314598097155500013208787556386115895736227
1.0667449305993561168399543009026387477813591129193 144.33788091598034037246585807592212587857061628767
-0.81696727386081790152877309205218304065313663780126 -106.02788645152682653165641280839706601061130012096
0.58624194613994622515212452135715987295265486223558 73.509411897747532537366058079420442604284299388902
-0.23301456049962738531936057127194288693276832608239 -28.754335266734178050194073404878924830968840924870
0.0 0.0
0.0 0.0
0.0 0.0
0.0 0.0
0.0 0.0
0.0 0.0
0.0 0.0
0.0 0.0
0.0 0.0
0.0 0.0
0.0 0.0
0.0 0.0
0.0 0.0
0.0 0.0
0.0 0.0
0.24734630804565941006925179422472002943862335016439 -17.473352465530497259125628628065867843609945225841
-0.61482922788936088369979218129552719893387755632826 44.051760697277936413488092908530387502842741628790
0.82799303295396517647430204387870941952533791619369 -61.329397120714411113158453307922897868096408398676
-1.0032306267396103870258210279221469180008636293181 78.280094841500507116437713302832401922775518655008
1.1672796308379469827083037748932613831926786982642 -97.692661730378901321131792421271534393673158693589
-1.3446619140341302371438082448025119789731349993134 122.57935642796540714123368491422882490326439470651
1.5795617467691592727352654114732324109984610394923 -158.04330395265613431423938424719049736904214496079
-1.9901017327969944417671656242486579480553459562784 215.39723802816972793213774209098404097603845071511
3.0373698232888450791551967678542000726115153231395 -328.05666519797563243407797217112017850223890315744
-8.3551833442771145036172426230192996745000200970818 662.34949283949434779105761170005313878935187978280
12.096482051304233464028698537440990817663931059654 0.0
-6.9753683353185927057128504209242398755264373776044 -661.80931335474647427008853590098124373076468224566
2.2402906981010574374930478211059913989821415271481 325.75769494175523581904760406437847020775236907079
-1.3338437206449752307273552327950335390087539062999 -209.66026701784247654333629430345207648187650521804
0.94309247882664624013219833471891156450777109911367 146.07441978533383756272300733224080646499809020070
-0.65474036515352892669909710769203989039784962795835 -98.617338218252239837641620056249363912609842584985
0.25737233909859141233687175090397568215924905672873 38.190872235574144586594254913361875380355553083027
0.0 0.0
0.0 0.0
0.0 0.0
0.0 0.0
0.0 0.0
0.0 0.0
0.0 0.0
0.0 0.0
0.0 0.0
0.0 0.0
0.0 0.0
0.0 0.0
0.0 0.0
0.0 0.0
0.0 0.0
-0.24482709950775005888932213078492339026754247441790 16.346596999180858504440978953494772879048047793522
0.60728286333742655032063524862477244632036559777629 -41.120961966735030545400908240098618977209405057095
-0.81344867163321495933610793123303189222369496479441 56.940440528390803622511577754072576348276062156111
0.97604472742711668918358082860268018093867517009890 -72.005814195188433885294935175282165421139912514997
-1.1170581099512644628054833569398435755458478270252 88.567540390600530995256145677741835432755838260887
1.2510554425131952929278250510685291992115354640601 -108.68530652992297162342452532858648790669799505656
-1.3970018422223445450090823023806042400845656554541 135.32208216537892191751912568591437732221952043099
1.5934175983506764881481289966368925248851243362420 -173.95250186285642127901347832936935238738749619290
-1.9465868018445134801973965641415614926551174070586 236.99648173352666302186878490586018977846728691660
2.8754461348109963663892561595287905642937306393660 -361.32921468414469503955992900096408863189736447465
-7.7004530649262587613412986413292345859391387481182 730.60393522380710194295344896136025647954686569474
11.238979609675406431336700687769766170432650126704 0.0
-6.5896454457134353044543100845576990536489025290320 -729.42768166011362682021080112183181297181227754702
2.1404278559977306505111046527761335787481314608590 356.23875976766522827730293966816037983586368688301
-1.2420493719738437221229848881621071265896357064543 -223.80540671629490994909977212905495777257134927834
0.80064052505513766151628090050030798543467639286387 144.25176743333256629461588579368794314088720814767
-0.30737320896858724316024947483542131405670354479286 -54.941907503214796690326320865957279314318793515396
0.0 0.0
0.0 0.0
0.0 0.0
0.0 0.0
0.0 0.0
0.0 0.0
0.0 0.0
0.0 0.0
0.0 0.0
0.0 0.0
0.0 0.0
0.0 0.0
0.0 0.0
0.0 0.0
0.0 0.0
0.25397274489350180751740268869727396914292029020119 -16.069422825302454564781314067629487368253437706344
-0.62921243289741191965982530479479245692742897158500 40.360351001947758558526697239403457447468825717414
0.84027801841260538864746785756148368549112272729075 -55.672626262785016821398907342383146206451542846521
-1.0028129232751040319784492891591742194127177868955 69.944281742495387773502391753372555453055471733828
1.1375372844473413144760763155865513097749136822073 -85.176112791697339424112709876930327861576984622547
-1.2555227097733201581924490349204186865523481531719 102.98247954613812347291870617210543707043412143216
1.3675184354861925056047315655275485158519500677559 -125.40129962804920963212624071094180434895011825637
-1.4905001794490874504121658110071958863504371478232 155.72210019885459390980172500275521662049979405174
1.6614009388697344910799664935335657627189060697185 -200.24648828378428152091631947242776715100760815165
-1.9845175150701321983815167045856578247543731524332 273.41139665202834707525982153502991478561996894784
2.8756784378938767487232862210787285403866511429872 -418.14858228713660783388416747347088840439276014274
-7.6621184390595741965242270067317924655914129871290 848.14294420712019041421299066577399706078525186299
11.422696088965269764967905022654682217542933426714 0.0
-6.8573475620596736768845986268257203719509562686728 -845.36534379137782313387654559884341332221044937336
2.1939183217066397757486796169449171920398547787948 405.66068743148860777492385837378166488208961909119
-1.1713174274436608161051250193713241988245101435110 -238.09757556057148630948793635767098811411068084130
0.42521979160720878855830815326505535949846612378778 87.952177636666459358921687257705422993668798689569
0.0 0.0
0.0 0.0
0.0 0.0
0.0 0.0
0.0 0.0
0.0 0.0
0.0 0.0
0.0 0.0
0.0 0.0
0.0 0.0
0.0 0.0
0.0 0.0
0.0 0.0
0.0 0.0
0.0 0.0
-0.27672447333105115658627932922927132705219917556331 16.721672611902515278116321211705765425309087065377
0.68510686259839439212434324833519654234407838481992 -41.952052348842040439226131151412923196218939011159
-0.91334587195620930233462530892813611067811907307229 57.711899194595169193242912858118881562293796305134
1.0867138777097471547647866974497160237618493367655 -72.177094953375719759603198579255529722358827552186
-1.2266956816321381601120988834194155420736867476272 87.293437643886914623394474256406062810524738992700
1.3434185930415963991015635488812033828354712802238 -104.49264136766402443582222679605751821993888075040
-1.4447357746548143051880671183441730239013880997163 125.40672309595954271886700085775918099077333174462
1.5404753029108024820590612406108751665258814750552 -152.41066684181162502868923032339817107621079559670
-1.6482273830241392459635891220051394685173310209228 189.54148897899701356918027977836741417492186731213
1.8082229061865279933589841856911170368920688683092 -244.66491943491829125510094925372059941506069682379
-2.1368235101761888342360390056368366506911540480893 335.87667039202393096237944035063367462142895585799
3.1060980894214773673935445653559546426786681271126 -516.95857348877391168133963020087228622885666160406
-8.5582293606226925294446482898179558058178561932583 1055.0479526102963912164764606110504794535044138890
13.370360241429261150947141816322749236650452000611 0.0
-8.3452839713069101205357506470044107057194846352789 -1046.8879368795662049568459199404796673165785194743
2.5284822339859414842918548581608102123243629679383 476.68416213601197754432982086365762629097510972001
-0.79392475847178975103464003728950380584595372965035 -164.74102277185911740051508518944015172478270233305
0.0 0.0
0.0 0.0
0.0 0.0
0.0 0.0
0.0 0.0
0.0 0.0
0.0 0.0
0.0 0.0
0.0 0.0
0.0 0.0
0.0 0.0
0.0 0.0
0.0 0.0
0.0 0.0
0.0 0.0
0.32195688513669751959915621911499957482286316080157 -18.779457682877376676077955138612480136244391854800
-0.79677922535371844525349458530135678590902824018940 47.079489267130743719636899276568581904935301636731
1.0611849773339311616374564401353592069762918042533 -64.647765058840112341485028241093891234798178943050
-1.2604723653268485417261554857471576738208827328405 80.605679913882286496654012868935502024470033041474
1.4190058956358833083172578901302158969981593280448 -97.044599011194069458730159697364745185744988214662
-1.5475175526339663301299217428860097362880548076796 115.40888468183314018017067276518998481279563250484
1.6531992649656362772389229907865135663539365623169 -137.22664683399059891506662233542107967341212073509
-1.7435056112446862824973615890881774780781628038690 164.55744348226067278325999340565751483563228645310
1.8297458658616231811936551596948722177576869101253 -200.61580146478444780348080109829056883537669963682
-1.9341719433697078853850831112788740057779314292200 251.02127068099674001812771957363228396989960062110
2.1101679698967344391425334730179421878894727462169 -326.84128945208187722440559424630802181250702992299
-2.5174014164660060373162807362239412658398303405465 453.61163621458373016942478736702582885903186420833
3.8242586252407669416868882519048231807543560280075 -707.11446615030746176939112908373805927243704026329
-11.655748283201112134386518740242102066259585288681 1462.1746024392058228237613612986227693538049489826
20.125980887793176611860790682652985350331329641509 0.0
-13.484520601990156530491586699904901454699131926432 -1424.8644194758360629538368689849850062500414668735
2.7195165144085864340894040634007033602291802492940 402.67463754351354045207601211150853924351759988482
0.0 0.0
0.0 0.0
0.0 0.0
0.0 0.0
0.0 0.0
0.0 0.0
0.0 0.0
0.0 0.0
0.0 0.0
0.0 0.0
0.0 0.0
0.0 0.0
0.0 0.0
0.0 0.0
0.0 0.0
-0.42372341116147290590204394689330611066555274348353 24.151619639072273837318019409073401428126319295830
1.0484125896393932342095029891644259428978381780404 -60.520094518630474581665403443242614286694728526449
-1.3956004899908542833094164670786732494650259999408 83.013160734343726460407134059482473840431007865691
1.6562120581157125914220550363559476993437428924830 -103.31626518308373533834113699662529878519463239448
-1.8619102754822359794186493636994052191865419482321 124.05086662406633057708359596002493765041911894099
2.0261794486364245467315334299879865401359368338632 -146.95923891654584545134776587320962316017581795030
-2.1573581233205966082565756436396834098422548553839 173.79938460473921462049378191118218341951166810197
2.2630877870887319744528720831149575917316550101458 -206.82551381649232991542462598872637388446540931979
-2.3536447058495868950444834339767984189692722498670 249.36784241387110887608391841009873178627986542610
2.4472689818633309199768209814390617477102457355587 -306.86528795301895656128452667095901476167673690419
-2.5831299718944001678975635008232504316904476346553 389.07239519329252990265034466605131793348778252457
2.8613143843725587726353333873414174838875827844281 -515.52431361094879541922314654890782700283791627458
-3.6001102584060690906374121744608699347985064980857 731.80634403090271308008951540344143059349202595392
6.2269208291045598310631677504893151696123425759874 -1173.9352953371361980538795612940447217561833907462
-23.776608570971982040568727506734733223644158606780 2512.3951061027799342554013609509912982025092304332
52.565436877445950659778440671524850583649265714636 0.0
-32.817839042264679728914891855821328500258942701139 -1773.7114451518132176458018044643109871334451345257
0.0 0.0
0.0 0.0
0.0 0.0
0.0 0.0
0.0 0.0
0.0 0.0
0.0 0.0
0.0 0.0
0.0 0.0
0.0 0.0
0.0 0.0
0.0 0.0
0.0 0.0
0.0 0.0
0.0 0.0
0.78235220533196897926444966217714743955376237522181 -44.152156901163215434476674838956750588936445914863
-1.9356077015264043552207153892340139766693843340071 110.61772642490370760376320665656330412659715222421
2.5760860699357759774990395802306494283435999786845 -151.66197986586816023931931546587448197476950337343
-3.0560991043224377808733071675304125659077808478438 188.61388917555011025132749215760905158272994216529
3.4338373321915310534836604031897692624668107072745 -226.21615369927646188219776189738855715258075964166
-3.7337778664942232731756818582531976492196758508717 267.57125261935190404246220815880984151872185995016
3.9705975899162275288511670493523681404616432123659 -315.74731632916772670085013025094260073955981027867
-4.1570656469865283136788619423772286568642155730274 374.59466301941437007172604657527275570115847644380
4.3094276288479680840823604558913596722300304509000 -449.66777068277005335934303537275343489695001271664
-4.4551875794000758142801463488503425874464430280224 549.77661936479944084597116551361753283390691511378
4.6506871939373403833973175034906761984249886350494 -690.10446520145828946358482222531369796256676132800
-5.0312064528730866456894214511814442929939033130214 899.31090771017839894833988112143746802887396023478
5.9859458673988132248849600757413848327058326218383 -1238.1290444242917999841278284867842262041942388217
-8.9551095084968856477430595311893982331101191167414 1858.2036694554071335506445310090689451428195738180
21.962623435053504795816134692621450616476063136955 -3251.9719532345280385761381596310011072493564481258
-150.31007744217422065831993926772431919690025874737 8123.8348551069593291932560923817043825640566150904
516.29895163965661539309159967394181626117840664792 0.0
-422.27326480335641818334222134752333125940078359745 -8123.8366254105121714270460032669497044789646071394
50.099894823470443992562785240606887394668465503586 3251.9743758146011501145637118267642589201527885997
-13.905413533697133133519284552758517850343925054758 -1858.2066622869708066812761854311028532566466141225
5.8693511906043125635475550052410143230731829627605 1238.1325777489532495559387460687303085692520529099
-3.3005737109325856165654330872625893791563046068186 -899.31496340589955092832649221739386517408258018956
2.2891708409894293378074163390824253365234324218010 690.10901826694683951552391900295979651602296710946
-1.8283035913296607068719417376779065982187081084831 -549.78162671842925589137189599986874200645011828482
1.5874715148983294719612137817021819530030465251584 449.67316395713450769773186622340837547869739837009
-1.4386517815345762877694615790468787943849406274373 -374.60034430591267727539957326480076669575988608917
1.3256914284058284852552297365377240118782845301339 315.75315629967982713417352690113283404359106207711
-1.2211452221313442311427699744616918650123467013977 -267.57709032288318189998816575578964247272197030368
1.1097618589857783590349194438714604688470080539513 226.22179674301834903471100175466882083404646319635
-0.98096431368014921023606278809416395498532797224934 -188.61911146984043084962358991470110241502149562909
0.82372861453025662280863759739193814499591629972422 151.66650926443575562501371086151596025597687041599
-0.61770006058340840206327489285955271912041425691946 -110.62119188260110667813691842688379866668781381117
0.24948074078486135717015268324659514667163747667087 44.153568413597632886275574299576568232785606479710
0.0 0.0
0.0 0.0
0.0 0.0
0.0 0.0
0.0 0.0
0.0 0.0
0.0 0.0
0.0 0.0
0.0 0.0
0.0 0.0
0.0 0.0
0.0 0.0
0.0 0.0
0.0 0.0
0.0 0.0
-276.08907498899316805471562267282576364969517217671 5311.4954846022837678200926280082801830302672075462
416.11077781749232009979799886642916296859162330917 0.0
-162.35480886457470383789677498479020693276186913560 -7523.5378557298495896988027557841026942607521478265
29.833137431509147864839784888730051335785954714982 3515.4320507602078350653818113264602969449694588207
-10.905191229016723713022111613760534816888189014146 -2191.4484428002859215331822666799652648735125779352
5.7247291964032219647104951610602121122189271869948 1543.7783976305388564692486446830376025645528685633
-3.8317173679269938224364240434463759948926744922799 -1165.1105428175965913522709414198321214749393793324
3.0057231788962505972771527542392230437010277027849 918.93664046581353686864467902483669691396607307323
-2.5869461067233116185975443304719887046446037646889 -746.75734812187938692008059522167719285341991657090
2.3345040220988758448173256531351730499705895171106 619.36198637755029611662595649260660891421409728497
-2.1467710584478018929083787222410534394772276840947 -520.46330484609489476340794927972158667050197388932
1.9754548937119202401643637547759843492851356472207 440.08869995539377066199034608988746789912976997235
-1.7943428211369465191043473589337632973549623559327 -371.48773895979745261350178136523096967723805167795
1.5856732826756308873684605679660853285895873541390 309.39591191421417671843379622884865486071636493758
-1.3313294687376209806543396581869667897748216829987 -248.59578926759033823421559563372434067874969697757
0.99827505984675719418335470924596108729125582487758 181.23707786442967285405307233695289226757997820836
-0.40318013649879070878179223539946835517991962997880 -72.325924302713229098676242922450382548164783630149
0.0 0.0
0.0 0.0
0.0 0.0
0.0 0.0
0.0 0.0
0.0 0.0
0.0 0.0
0.0 0.0
0.0 0.0
0.0 0.0
0.0 0.0
0.0 0.0
0.0 0.0
0.0 0.0
18.580370478694991446908729287943409386228481387664 -1206.0482143278212975604790995088023366413847691719
-92.093096586632892647787693382836204352470669678974 4267.6031789046629840642743217292417789847512857012
122.29467833447119025881097862162309509176209381236 0.0
-57.592877374333112308110946047508429961273101148246 -4379.3567911107691951366415042761368908214816329806
12.315721798752635639343074226019305585614418573126 2117.8800287930782698364780554543965521216741156894
-5.2447342126812362725353180853436955180762859833474 -1358.6154181287360689547786090121798633534894085115
3.1727748123468118880751922818344010880907073803150 978.92670027716652662286973743409323277660786818113
-2.3685368155841156116241513538772057469276763114794 -751.83903931693914135553442264260425949645156950019
1.9909420053444749642599792178726941422059003584772 600.87030202399354656840566996058190724330833002067
-1.7767395101048569334481629900270587757574746566989 -492.87241452294419600240223158859286547323998346580
1.6251965033506706520877841925763233730106419279467 411.01424827615115350651301231042757054095675152461
-1.4916342747876978147508256898084054032116912553535 -345.66794887052361150719968789726851824951729658461
1.3531302321296668949643777059788111954394896514454 290.66490425084377419892713036410615878319028769187
-1.1949862271845077571579731614822156266280826486346 -241.42823736194613944688415907225245929434935628979
1.0029740714565561408858526087259640203575100690306 193.63188756374095608365488626065428771653530821225
-0.75194165340192552028127591820998989050963523256652 -141.01189270466919409623635142965077898303220645309
0.30367400490099954557366184081092966703247638989739 56.248030948612853700739518748320310345019097015979
0.0 0.0
0.0 0.0
0.0 0.0
0.0 0.0
0.0 0.0
0.0 0.0
0.0 0.0
0.0 0.0
0.0 0.0
0.0 0.0
0.0 0.0
0.0 0.0
0.0 0.0
-3.6933383754011494646964570351047114618945624367227 493.54777969165806616752712188930796806412472556787
12.119326417556989274786467330630251952799771429449 -1428.0988253319462351768605423009565658702665099693
-41.246434386907674200986030371646285369190619105159 3136.3748570393508426563061904695282690085529708874
56.803125520793463583977474916392917486738704937154 0.0
-28.626471917368463442967263730679538798092197258773 -3160.8281393415716762796612259112446252037421442296
6.7843237701321500095554130721686728634624712076569 1548.7636442260041609989411740459758491329813835781
-3.2579431415359186477424285209454146685901927867979 -1006.2598606820197097087184368584213501058132958642
2.1895840972456289634013551731923704288636153355510 732.99853034886481812825128209211159913600810158477
-1.7547520566086817021071347064996154494462833709514 -567.85432963684441254832981668583158899284996549520
1.5325198701307140400258173519981220942129077540593 456.61418030322108828057074306860835702655892363463
-1.3879693762525945846591874164837065281581284055200 -375.71306453943650506882497581171959507881655939161
1.2679479730322647054006659319131225071526608957829 313.05642907244148939248610423557147936139693110975
-1.1475966840878815660691382982332931347357404941560 -261.52901287202879846535825312192546254803180431775
1.0123259572020365127633650368211935421174549768169 216.24141138017520462008369752338609155104767482307
-0.84918207168294368462586114955503902734598502230825 -172.90429484802479982256775366778141363388784844852
0.63646922313707575828883748435017698092097706794390 125.68812918839017838884972905560568732277689779944
-0.25701503329501036068938953012705339421854369644162 -50.098075709513670013442993716677338973268993048176
0.0 0.0
0.0 0.0
0.0 0.0
0.0 0.0
0.0 0.0
0.0 0.0
0.0 0.0
0.0 0.0
0.0 0.0
0.0 0.0
0.0 0.0
0.0 0.0
1.2495404466780200725955193943297093854112824718843 -263.58905507709878272504266545241886150525513543668
-3.5508953420603761727048909193334250932417619799076 713.56878613917119280401393745049087759299329172214
7.0697252669232947440957005318476505295950712966254 -1215.7492834392493956013791763776809282693034673598
-22.945253446784664604013040401372547900272571671496 2533.5292091973669373097770425305756737936842190413
32.060741166519267238791532029731290196976115567347 0.0
-16.723728319841422194395097813612479474741507246248 -2541.8609459716498809508072352415532011473499441576
4.3518695489239959013394893398386640386423375811335 1253.1823524841356891299479279612145118783415606255
-2.3221536276313881670563734822686090817234333442113 -819.41016157503402006199523071781453888876517555284
1.6903005924823816328404967888814897916539554106814 600.13767845971300851945009987173358413694107992548
-1.4174384553005612348480308450632700067927062689067 -466.69980077509118480631363277564828674864895415141
1.2613394972480999125124055473382639433713565639161 375.82948289157080877661673488740411313238440174729
-1.1431826971903233755715638021494879579035249004028 -308.64098465372245943619604442716177606062881320589
1.0308551385480785483555130588682316405170744987885 255.27567083523009533518182818774447134173867147219
-0.90772705081790187097268911364367752541754863721724 -209.62593645254838322106556083149852150417908811102
0.76077884547310600180414088924890286771408757478634 166.85355162987302599384559321901172609177605094562
-0.56997783148945150109281016145812658221003424554294 -120.96209959331731747731310253023760239907329079681
0.23013155538232138220725291410359414294407702218639 48.160938197150476922379915888128141871522750839804
0.0 0.0
0.0 0.0
0.0 0.0
0.0 0.0
0.0 0.0
0.0 0.0
0.0 0.0
0.0 0.0
0.0 0.0
0.0 0.0
0.0 0.0
-0.60456947157797257364652967475073993346008959839457 164.72844415125789026773559752659765887567811529064
1.6038217133760124984209653836661664123317910958909 -432.49998905036283691396989666577803867986653658312
-2.5903753951206000847334738282720408144674829517373 671.02045744144575057708508206748662585276920190022
4.6787318247190847889978116239909357960401605218666 -1068.0872547842692586901918443401284561364171409092
-14.388968386810191360046787989318288658323149337592 2186.9977851685363467901171227087149586628269023769
20.124911427472213465740391906328320310852207926525 0.0
-10.725950522667061479556230949733174504289208411044 -2190.5326743625144544505307451539115210848135088800
3.0721611850583541274942085357680805307656022895919 1083.3577534105928398849276444884228350954729110191
-1.8017216002866625032759975057317298207366241553860 -710.57834945790343289157598116721800971457770233292
1.3919156715391711728206967067118287066459353550279 521.55742103522111633987443618589298201975084904945
-1.1990341786746917280112679433670969805335907389591 -405.73415383560247986650614101330249605230016763030
1.0720676475092384793639623984054378181853646302821 325.87059442397646797822129934458523344039982113157
-0.96096978761007382949790218976796187957120520284510 -265.55243051737234748368317661754015046890994003181
0.84386949980965175543635044442425889642982361196680 215.89592895502271546024885206869404031410680366474
-0.70634700445978180391801160791664055953220586892222 -170.72560328948939646978394151456291534793428398637
0.52888570184244442538785984357406925192265825760134 123.29394093268562177777646502883722521071309012968
-0.21349643271808023574220824719842595837095904180510 -49.012415090016101387874077692285983075786187152053
0.0 0.0
0.0 0.0
0.0 0.0
0.0 0.0
0.0 0.0
0.0 0.0
0.0 0.0
0.0 0.0
0.0 0.0
0.0 0.0
0.38000835722461287896595967225294129314404837977920 -114.55990511575968625652306039191225639838882309767
-0.97286543665948166186477602016233427101431972330478 295.81925495930874367293491331779097250836475071307
1.4201579082382118548405085380518143014170098754670 -438.17496582930874970515807423484782840295535435163
-2.0362132233033949171221096294708178922129773475675 628.91202988711544664873333663223305351161112738575
3.3933650984887277315744076687863345664483152068713 -977.16744703735450725038750580453162143531915257519
-9.7206197500176480179616901758454417728246620635140 1985.2166138999250638038164668085455565536970827949
13.482362027987705177432754079615738396387159727023 0.0
-7.3019545829470683184363479743286677487257258297811 -1986.8461157371895718007066987503812015725731113159
2.3173067639789239079932914086898119948536305337869 984.07260679331618324436185119394923999302572213079
-1.4775615717449297904771829432963461506022604731194 -646.12981989273880379465882465189310250212862182921
1.1909860339623216267282118100249801336599143594076 474.08607657987513927664855792267159043602410475681
-1.0387081748062059444779565368375124870333338794379 -367.70529174883219637053204930371104775462588853679
0.92175924078796874013916901580096263212291298449678 293.05277896666997504841653179632215589284392502928
-0.80595074027131885662418001502020126315941574481082 -234.82073099933271420844339019249915109638078501441
0.67330982769812694198444966439336806206433645008382 183.97327250121801510825977620047207151359263522417
-0.50372235996600217076515477055830772529384060524330 -132.14475949415930104179078416211082919165971475887
0.20327994235560845397225944922653571845404156904699 52.415917155296224712241859550485260246350770798398
0.0 0.0
0.0 0.0
0.0 0.0
0.0 0.0
0.0 0.0
0.0 0.0
0.0 0.0
0.0 0.0
0.0 0.0
-0.28698506932901149522645218936744546946454948500198 86.298095681613769473891696077798710017051124722225
0.72161297781164502016396520506092474800445466994648 -220.61798977451798990700902449646442103995551320402
-1.0024750554554965643182487216412218341326011846055 318.21328580319427267478506236740246080928221406610
1.2940093991994122408559599715947015850180186582052 -433.19048081503424180260830897021358325335439566899
-1.7121496295693025877879124290898039288218957031072 604.16020194022988989972272672602058896523886281583
2.6326808304365699936723048949927398282383938727953 -928.38071250311742012033860914472509916951192744860
-6.9045467617644859133347381011491589067095564321561 1878.7123034940688091188490126208655249330245830920
9.4244113968976173644152592129526890160317053326187 0.0
-5.1773116977526054691232790970430963483329208375613 -1879.3739282269972181199817445923609903239149941937
1.8346478029717112486328393131965953828230970311849 931.15766416010458541439076064122653011335603188930
-1.2569038969499432173782899248339008225082608937695 -610.96452158707261821333161128891852598001503144071
1.0410966771279821870223322696784352627330090717292 446.94764034512166391131812575955281787573872946393
-0.90709427926153696376759842583364298075556584453662 -344.10328604859959779768657498124196465045404423299
0.78747763497899243377435146436193784705035902537465 269.85206149642356111773754444186788075760280590283
-0.65592959239362227982065171714773983138375731704168 -208.60685465746526060125099637838370202421550156403
0.49011427006301342747294629897344425781258332902203 148.69644424466785689426462885879344447038478431568
-0.19770758059396686140008282444407128919956168327546 -58.800344141284281431931046039128579369034115636267
0.0 0.0
0.0 0.0
0.0 0.0
0.0 0.0
0.0 0.0
0.0 0.0
0.0 0.0
0.0 0.0
0.24471186597727182137311190393320434573985991829821 -69.318005393565550439830650120275388190727482362770
-0.60993117679691914820286335652078956576220507145520 176.06496978734302140062835061109417010692112818602
0.82754218527047006034624706577751227024251916542837 -249.75389612869662889004724267404093568460329659888
-1.0184264214143959683066593738966608064903722340002 329.57240348497277274121028599365966142567508386196
1.2239193720733713659492152597704746833072267465503 -434.55000480078152457210367526087449118719180375936
-1.5162820565348861281241784007930175952624833143387 598.00426485077905777055526857163350307825210170836
2.1518781422669557217809396551536925314201827672463 -913.82132304579999134373342243230927053780048093700
-5.0844316011504616955925969459698131545319712937101 1845.6582776740188666163980244520490396049530857312
6.7807778634772295263799432033113856283637990182570 0.0
-3.7797881593013017233017291261321055398643318740645 -1845.6589785108102147213173021970428288872919253217
1.5062758760803283195591178010835746473079722707747 913.82200450030830594154146512656748382786320416569
-1.0941474144653582986815923244597862725461638106404 -598.00491354491643039376847848650452474864279035737
0.91746903803277327215633423841630124936767943892940 434.55060648036947346929920392410348326384133254169
-0.78624018847761894191472622392499539277905703450486 -329.57294213744633537021227827981346246812326247695
0.65174286137922155882049789596566436089201146211845 249.75435195865681761760663653288538253319195484239
-0.48607833078279926728692669874509437787490031777666 -176.06531308771340523290961427977263266326138707871
0.19596394083490394802169740214538418858537813725166 69.318144285032040790490084319560260127865689650353
0.0 0.0
0.0 0.0
0.0 0.0
0.0 0.0
0.0 0.0
0.0 0.0
0.0 0.0
-0.22588276660782764704657635074795911050787026597420 58.816013179927871352357016570309142841748374919941
0.56061717846794447829233215158614202687942111717041 -148.73607668540453082775995424916500510861449421325
-0.75220049590724179786545637012195470566880536581173 208.66248119921561301703344686744095223435906202124
0.90593770425281362875477812416699723368659813433601 -269.92407099941716159548263807212377350450377205155
-1.0453732895837385899237437146046309628071237766029 344.19519532569812480653754362584255400306799907804
1.1931184403686024265613814754353274486318867599475 -447.06715318471891323001933307335224091260144328777
-1.3975200761048005929631193336812201396926437518109 611.12809938857966288493810042302842933091400567234
1.8351396777072159003606819388877256504817190047337 -931.40731040230431672985710175869662202419001138484
-3.8498675043516324253098273430452688413414011950630 1879.8785080053438696471621755802911977978018305039
4.9791516952929832089168536926514017368079284760379 0.0
-2.8217269605110100341850734653801073396821253002222 -1879.2181070063633356119995415875361491715803918692
1.2705789984552183771360979435199217559000278947514 928.63097420239411403805239506743312340089750044581
-0.96348200097981099576688147592885685495271099929122 -604.32324537559993334819656535032997196032443966141
0.80362536114487709376621117227353675792972220457146 433.30749325104929486374312518725679305950590273724
-0.66043343977952879144092392502261673100111784676053 -318.29930156399142579193688197595460982898141564308
0.49109204525202161719154117452065902447019174787498 220.67765222171298906324950164317330038613148660467
-0.19781039835145286365488906323449814770516439370243 -86.321438206004858595234195847420330132201934318592
0.0 0.0
0.0 0.0
0.0 0.0
0.0 0.0
0.0 0.0
0.0 0.0
0.22018413488259301490520465320469800852800063217916 -52.443452576213029928875290638818797751308951725252
-0.54534793248020879732170360688185240900013124711365 132.21418563135330111672522866032004255640198389130
0.72783326215406398291717693300150675280986591913614 -184.06995123228094538820871397072094036602366395833
-0.86793713324047547614521013477109431515049543702892 234.94417509252497902985521192454656105313763178446
0.98404588122651343901894242349636743877569725377371 -293.20690859979947514424476698330241669658110449727
-1.0872223230273282372382576258701143736533446912497 367.89879480520764094209011522472855480676400976664
1.1916131883700900616226156573498482385079993364564 -474.33572280922640531266781069822136410230162098855
-1.3299479894721682851630472407295662575599787123944 646.47029824262897534284448527189402705278726878255
1.6229270846147101784766610420399066149764697134858 -984.59153809176808447932122326562879650196852422250
-2.9849093895484181139281819094094522541171454776447 1987.8945947331714080184472984650673133064841420271
3.7133430494043789718578065673984035665301131972451 0.0
-2.1456936940874532941151560346917170647605925514698 -1986.2656333930049804751849129871664869301938471908
1.0917431568562823133712768362595640799422724205790 977.68409073937363976213294282405290600243239743907
-0.84715167370141109121327562404254435952901480501663 -629.24470268845068954636960339590467722801972577909
0.68389902353179494011354348853927636272675899339201 438.40682890575796793033983066570879531514670851708
-0.50589400974151726387343375761791920495709940755767 -295.97582652205091481632206953928710308774660347783
0.20348760484461952783644308562609397283534847733657 114.62054568746513991773051646594362094622768854425
0.0 0.0
0.0 0.0
0.0 0.0
0.0 0.0
0.0 0.0
-0.22384978050639733617926556258911156948826848469454 49.049917939142074648994153430055772505973542151091
0.55386106997986987871292063266289180214021890968923 -123.38828844901480989518954865072607969002895101373
-0.73728289304549540111287347968605750823765697360286 170.85626797670306399840374512050071241671416119933
0.87509580590741590699648194366551685567499768862743 -216.06120591722009152636909960440361774542445934160
-0.98433919508966775471773479009003673971483312710581 265.75578790023282249850448760339917850599439017627
1.0728889478340792030256321742169409941117430782515 -326.12024063396914965228908422204645297545550845250
-1.1470120103037972223634879578140747877222104407963 406.04512038894986996558569740575742524480966374628
1.2158204061615477939788035119692798024290841736897 -521.95734897206857937556975204266598750279227125985
-1.3011162750718931406396575864670861896847176806281 711.12348784048211075784804371535371884431426114136
1.4834182591883662931990637711587528008999706601870 -1084.1892907521278540714513325231651897845781482046
-2.3681734521647387878161329887636181820826496788614 2192.2148323919982874733347571568809836620566778184
2.8082067703074906144191036197067501397918320539423 0.0
-1.6592595344712645880734644829880876722084194221232 -2188.6786269899458491792023096041459261133767538568
0.94564582125215047247950935570320734056992008445382 1068.9084123008718729970086163412685229771602031215
-0.72795879735278410204274532976799984302035298044083 -671.53647360442368317267561855888035262080985996190
0.53284834276068352314521943991241401037910112274515 432.83263645328558933430769477432245650251522058391
-0.21381376553561782263142027753727267327063143318265 -164.85515011409609455820083439516589558253514744591
0.0 0.0
0.0 0.0
0.0 0.0
0.0 0.0
0.23649095038106487970522892014311865457856225431228 -48.208007218379356794538408705525529336850309412566
-0.58483656515599206974105346841565619409142702048005 121.08032572791853771712147489050087289843712315725
0.77751141560497369268349983295048930742266305620551 -167.01665205947534220754827066536830712289661290827
-0.92074385058736017199254023372560655723739125317053 209.83088718445862310976775899826353379632917146088
1.0318632606841995435374644880948366287898595639210 -255.52531702212750833937839429864793435411431163611
-1.1179894075801329097021842261725459869389482005853 308.94291194516350883921403397468689416472090426039
1.1832793612585777031604195790903893985639456784594 -376.19726471556793739483248128339067268461002478923
-1.2314766158573711404298785713723108332665792965486 467.15667808368091998698382417879636654732325671507
1.2683148035416601285378067892909502754733112515503 -600.72541332710492188900568298845872775408036850706
-1.3076783313360762947610076677062002476944627217782 820.21294875951293334313595263069375258270980245113
1.4007532392275053101836346348620316686622368059006 -1254.4105712445118979895463384191115903575822592657
-1.9288999219943185367544218201461744355765746934474 2544.3530352934378625058002367627077909609222468404
2.1585066677506199446670453052692665981290649290628 0.0
-1.3039407199983141917852223597071301331604628070914 -2536.0145238000788136521518419969739386681640443079
0.81059020029691479860052951527609079165092952235796 1216.9421283653082987284359723191434230527622772417
-0.57732640213876361514773069633219466847842396455399 -714.26900059368979715944035214609003610402510512552
0.23056825161450103033144533161510891549694035162143 263.84772530714839600472679957288980783770420147145
0.0 0.0
0.0 0.0
0.0 0.0
-0.26084919023962548713006515800134930347819671782056 50.155894362807508518231874007823727429574962948501
0.64490294084028246288538667680742195896856033193119 -125.83319379686749167282651835927497591953122152110
-0.85680428354356188255551326753887429956066473581678 173.10387620739352064644903589446148322386248316522
1.0134946662373997339986476576431223323229606829246 -216.49105754354950641506407945951766765425115634575
-1.1337866522980421916872746830653667143796719166724 261.83100802297881337168506683664748466429746257212
1.2250527728853717282680462035440691269867532026234 -313.41801840293121419852768689660848528832624933130
-1.2910106958219607964006133321447599658343537159188 376.14715164702769782524299095921405099719764203411
1.3340236293540825056836381520760347536899600143280 -457.14190533899221464602538948804779376171745805505
-1.3562583837201328948419214082593503359910491394504 568.51083469380008861614877801749992040350835392449
1.3610137342759517505074700801301744832494586269344 -733.84623979412323573815909234886434347435409805342
-1.3562941314470917134820164141027518138744300674751 1007.4239643199020654133548401202818812131536947149
1.3717514685175433039148150769234699680135998565464 -1550.5558754999280477282441005839438235664776484913
-1.6270818487110507227586025619797104468072608211909 3164.4868025503811987591315106314180987643288652739
1.6989064731398200631044791701552941758432298804087 0.0
-1.0370707989359781217668703113744876602022830290731 -3140.0065987496877098264545092772811977711918276027
0.65259297674108768554526459457521704550841460743319 1429.7526599797781872682274791934902486416184011344
-0.25759082885330652004615590314109949767234262673864 -494.11936787062334896726048266932217744743073090327
0.0 0.0
0.0 0.0
0.30588717971190972869668565745111286854415934296713 -56.320540475705924900991290676424058816070255404128
-0.75614839048912955452701491909312227430457335982228 141.19367921398389791601356474611163914289331786136
1.0042671880573993486163988058355337840566562861901 -193.88153370653471272638736573821440239725490352643
-1.1872515616655708196957384855764558640167999009267 241.73955259108061625645164084374351709119142514664
1.3270134607484500206329591061775696655654215379016 -291.03978153971318739103429678092284278693915983754
-1.4319849489943066744543716338051301953588203273295 346.11386864378184623154958868796832654190469819964
1.5061808918369001354738854272671144497909102974211 -411.54460584269361643179789470990770377038011475343
-1.5517557268137032015305085626790320342431079928941 493.50857945902763923837223443798246361689123787840
1.5700168670453241276491863046060415729307707883931 -601.64609147120127762677607278754517461237652949882
-1.5619918622826368997836230960363203126103219153940 752.81003181664233212075547375150802024748445180426
1.5290635347614771536188834093472604927658895710532 -980.19133293738836704729240297709874620638039770906
-1.4746690420706688533371491234931027555557403867451 1360.3710152922751276473623682065391854439677221518
1.4125171830515731020677596178336140303979188943049 -2120.6173803553367302567514785085250517578154102497
-1.4482690314021080332092959510805765954752279076186 4385.0181877970078773952783468486663994589557635055
1.3883086394518027738816472413320354747401973026908 0.0
-0.81062214100977151078994165128120263521511357215867 -4273.1214545035170565552143940685142008817950403806
0.30443381810466538913084527838090146309178487243549 1207.6077744826243859899868381261225587665552230560
0.0 0.0
-0.40441857034765661149171659065813436873690120947758 72.425546193182600628442719839653683660709873886980
0.99965013997060605566017393873598606365279432578093 -181.48672399253597071005247321862875952283377476327
-1.3274556904280920622904084265839471320610044352692 248.93825011818310260506056400006419494874473201488
1.5689014482553329171302437852339920004218174720709 -309.82218895083890152598238460528173850251562574719
-1.7528759726983100687435100539217831799082731919768 371.99965730279456954349994050198491272810936512594
1.8904208337965275219416798270158462138405637915345 -440.69528408136351169898448112390861704138575395212
-1.9866882926427921232059248072450726275459204149500 521.18084779651781539392846530993766667804525933396
2.0442772839835772328060090580772912761608661101840 -620.21610417387579510710779227090524741299628691007
-2.0644797104271737200645710521220830077503839119199 747.78743169691353355671092700133859283448293719161
2.0478065823088557691860977130278280067143142581645 -920.20457907473720567446571773105293814517740667190
-1.9942031949901416012313250801167962739707530002865 1166.7185764696016750449265622406876115141556871926
1.9031267196811486436056744097806604604378378509075 -1545.9095759151984392532850185570188194762289396377
-1.7737407052820436221569050552614692046614847181390 2194.4743843009600946191230412324336929699737993761
1.6067916156826121417373839659992174286606272881582 -3520.2870218244255586151296117817216278400988357619
-1.4292058486101398917534311253096460084953822381785 7533.9296395116309816330937000961604108450300462136
1.2013501294938912898018830231417749118613061574131 0.0
-0.40425795621684057705443801466462907313455590890871 -5318.8328648845741000887631168127107343541313310906
0.99792096362087615312500000000000000000000000000657 -176.61391977585199177039853014633648825717971394427
-2.4666220699827782204238855969202079803649343077215 442.48390475335662413021054337513807504454838622400
3.2752856547276473512396264015169926611286744045724 -606.66492982410043755751869904482030618976970192540
-3.8706371289386734763542455518369768467032936244771 754.47521276720916248047564722490868402338956694614
4.3238943269197489849608368548984886435376726936746 -904.88593406425446307489782558148994493973198900094
-4.6622221889781390678475615198614168610247767342444 1070.3072002604408700249845599246123671806317283169
4.8982247401026770504710555234411432335812012800196 -1263.0116833470302230871610020514684553409782283166
-5.0381541619417777165350294953200118375675594710416 1498.4008082493337029456684250422769034730917568591
5.0849442786282591318725718725718725718725718725631 -1798.6926558302830326102934066309725088457699662862
-5.0394231673381503897377210699023358418220883746063 2199.1273419327523370507207813448059982642816410348
4.9006479627942165985566553697609786730378832209874 -2760.4381315832757826609312229745144495825791800080
-4.6655776827270751333706813853559792060196155950603 3597.2637558119328393625218352136362742637267259562
4.3278668960331915288634191623392240310780968522754 -4952.5371682987146913999735042755502408192596064606
-3.8748351735264932651007301281684722789783198434190 7432.8387973630729472680180010340811713949962024443
3.2792527620816179673626312903337337975126597479443 -13007.921244222291006713603417441469324132994412622
-2.4698140195933367439569417274970327592681721214639 32495.409862804009914586377914888924647440037887203
1.1242480081181892468749999999999999999999999999906 -24019.541216996306768974200099901762402976441096421
