217 24
0.0 0.0 0.0
0.0020413985554689814963956949307564285457488454207986 0.0 0.0
0.0068106268858321661683786430753631566978871920718449 0.0 0.0
0.014214026721301946678633572199957442037243189585471 0.0 0.0
0.024129445159005766355688134638240069576696661400583 0.0 0.0
0.036393966340592305308474486437388134873533251642280 0.0 0.0
0.050806176884534344710184405988456342013578698484588 0.0 0.0
0.067129417282864875771377730138572803262858679862767 0.0 0.0
0.085095655256892795038798094103354499045291219154754 0.0 0.0
0.10440988305670405169189307962075887962741610646476 0.0 0.0
0.12475496010206189672922029854642677671670213190863 0.0 0.0
0.14579681984152479696909361631839538834088841623474 0.0 0.0
0.16718995483766599277829633057836638513725458266157 0.0 0.0
0.18858308983380718858749904483833738193362074908840 0.0 0.0
0.20962494957327008882737236261030599355780703341451 0.0 0.0
0.22997002661862793386469958153597389064709305885839 0.0 0.0
0.24928425441843919051779456705337827122921794616839 0.0 0.0
0.26725049239246710978521493101815996701165048546038 0.0 0.0
0.28357373279079764084640825516827642826093046683856 0.0 0.0
0.29798594333473968024811817471934463540097591368086 0.0 0.0
0.31025046451632621920090452651849270069781250392256 0.0 0.0
0.32016588295403003887795908895677532823726597573767 0.0 0.0
0.32756928278949981938821401808136961357662197325130 0.0 0.0
0.33233851111986300406019696622597634172876031990235 0.0 0.0
0.33437990967533198555659266115673277027450916532314 0.0 0.0
0.33569627626370223401045084673585719923668972165591 0.0 1.6766469163293381648303446093438218246348064291930e-110
0.33877164477005283770175659390050073288183366742285 0.0 2.9922556224387272605715373123546301234370662072070e-33
0.34354562100200882983909285717914252653436922672779 0.0 4.9928252633804690739199030859763866527714316512543e-16
0.34993943641161416038185587997126197426644390951931 0.0 0.0000000016158923335544583690928463737229660754945991873867
0.35784803704354256563834148785643911209412358151105 0.0 0.0000022538127700370676099907584895936373136635731719415
0.36714154436663568998730776087619760166425756498713 0.0 0.00012805420521769837621335598280309038591341152069370
0.37766735189046896105836915679336677357095088147829 0.0 0.0015282972327441034690269263572382407211544623361394
0.38925262284324763529758058834695740193646711758901 0.0 0.0077859579646173750405137662135824363661618158881395
0.40170712570734044472680306316427643165835607457427 0.0 0.023961372357266092066728123788433202508435476315638
0.41482635692682902927790347014630522284522925386564 0.0 0.053670067043909008060535855614878662774803512240364
0.42839489847595277109252827293730736778734688507596 0.0 0.097399483955757918731905339911648286795291382205178
0.44218995483766599277829633057836638513725458266157 0.0 0.15287365616764524738409546663562586332680654373940
0.45598501119937921446406438821942540248716228024718 0.0 0.21632490573011716542475841901198847828025549660873
0.46955355274850295627868919101042754742927991145750 0.0 0.28366381217545241467817656657134291511883219838148
0.48267278396799154082978959799245633861615309074888 0.0 0.35120201814235675374557568361297772385016268984167
0.49512728683208435025901207280977536833804204773413 0.0 0.41596893296437657312982737203703190590298103022069
0.50671255778486302449822350436336599670355828384486 0.0 0.47576858711811452825443081605582836165355704741852
0.51723836530869629556928490028053516861025160033601 0.0 0.52910359362980514850324520226425391008116464566302
0.52653187263178941991825117330029365818038558381209 0.0 0.57504656719156560430406430070723652483520193615106
0.53444047326371782517473678118547079600806525580383 0.0 0.61310107826514124993173859497735057819466641256292
0.54083428867332315571749980397759024374013993859536 0.0 0.64307073606887890210404064419122100135106534105606
0.54560826490527914785483606725623203739267549790030 0.0 0.66494338670312608109050418102394251086765447617295
0.54868363341162975154614181442087557103781944366724 0.0 0.67879265485429003843548045899425280466205062591911
0.55000000000000000000000000000000000000000000000000 0.0 0.68466106747083989993976505219656935653970814555457
0.55091575413013797180461469468451296113852620047824 0.0 0.68872210392279539918408606401425448841898112849140
0.55305518963105991408551161158703575981051228022860 0.0 0.69814023587162654061001840112831546727861532248851
0.55637629219490330662576375496973650862648270481549 0.0 0.71256365122548825131682435132514232304516925856765
0.56082426506235125668571400548711889279144492879911 0.0 0.73149531342354417728226020957888612253084022724535
0.56632602555694624147006090358284394818904027304460 0.0 0.75427813303478773533683943625082029444188130772255
0.57279122133886492249297259246579668365545284494961 0.0 0.78011476793389393982161567484359617602593915844714
0.58011368895400050489267842521142003815253647164125 0.0 0.80809528357560753443573272587203865971866807233626
0.58817319138858412130357800580733976292015886493290 0.0 0.83723103706763198164545464941539228556846129345009
0.59683739066055795750784640408044614754852627701342 0.0 0.86649275798809539912260203750911171854113960122550
0.60596402018733425648650848387345433526020606012304 0.0 0.89485055543774317400307052028999893265541395102985
0.61540322053876697704682615311790090523283440072388 0.0 0.92131405260803433613270933663342263943964058630511
0.62500000000000000000000000000000000000000000000000 0.0 0.94497190578021645264481137010415313747850267234507
0.63459677946123302295317384688209909476716559927612 0.0 0.96503123700370603606480876199759239434365939947517
0.64403597981266574351349151612654566473979393987696 0.0 0.98085852337337198868726578138378914415901308692788
0.65316260933944204249215359591955385245147372298658 0.0 0.99202371235294030890610585034469817679035890670591
0.66182680861141587869642199419266023707984113506710 0.0 0.99834820283673295708046395482986270277912205500819
0.66988631104599949510732157478857996184746352835875 0.0 0.99995429363535439355533460638913619240592708436440
0.67720877866113507750702740753420331634454715505039 0.0 0.99730847123554197619573080792968926900539248604110
0.68367397444305375852993909641715605181095972695540 0.0 0.99124405377854244225168164964656166104932308158613
0.68917573493764874331428599451288110720855507120089 0.0 0.98294248433949221608086499835435833230083809227030
0.69362370780509669337423624503026349137351729518451 0.0 0.97385140453284405598817155299154685948268575449736
0.69694481036894008591448838841296424018948771977140 0.0 0.96552702726368747146690696413796570719003943796595
0.69908424586986202819538530531548703886147379952176 0.0 0.95941128221531269728825702773970611962505731228949
0.70000000000000000000000000000000000000000000000000 0.0 0.95660338877969032569842940300343307117661818277801
0.70048974402211708840338804631070451462695837041673 0.0 0.95505353494930692964429248208123761037987244417139
0.70163391112199545532716264643634715317934614043415 0.0 0.95129889464840899439628117939238005871364598989881
0.70341003210682244466324747860779699116331481989383 0.0 0.94508813288909408558440545921255944939922484013289
0.70578880174670759029660695521600532931888254220550 0.0 0.93600665381390766978952724850144673571681002975208
0.70873113552896625219282291830063388982272297962387 0.0 0.92348461925454300898568518188656236312768497852086
0.71218871314921049935655818246601360763957035336585 0.0 0.90679389474025565719625397024972566901537816565811
0.71610475854134902063404871933670969623483338535397 0.0 0.88504494913084828133120028094142643598116111473569
0.72041496911935728900716485914024160414493814167424 0.0 0.85718617315977360835332845050122944484457066088226
0.72504857071637231891113396673968869723751495568846 0.0 0.82201047433069762028183625855225445805309013080937
0.72992947936391789543114110519887558112467669387931 0.0 0.77817884106887699531409301508657246474921531114727
0.73497755044931196670936305685938501504217910116962 0.0 0.72427937743569606450723293993365304928849203736851
0.74010989462122064981602477134952156532026069287700 0.0 0.65895578556035116404473549240785950352423820972556
0.74524223879312933292268648583965811559834228458438 0.0 0.58116501798923896039150631228173342825220984165214
0.75029030987852340420090843750016754951584469187469 0.0 0.49066196335989104766865965500497718220683278109043
0.75517121852606898072091557595935443340300643006554 0.0 0.38884931673344847551399177450562517863670015313513
0.75980482012308401062488468355880152649558324407976 0.0 0.28011276442893295958651437280632037384027033756942
0.76411503070109227899800082336233343440568800040004 0.0 0.17346981811280927372348680600207960294403970783770
0.76803107609323080027549136023302952300095103238815 0.0 0.083248809787768652589858345571091351721278349071832
0.77148865371347504743922662439840924081779840613014 0.0 0.025049136647453666874155407567831178644648416303588
0.77443098749573370933544258748303780132163884354851 0.0 0.0028952902777325547770052822720529632802422207947351
0.77680975713561885496880206409124613947720656586017 0.0 0.000033041459372424322352663965044962352755821407005616
0.77858587812044584430488689626269597746117524531985 0.0 0.00000000023810385715974016143214793534320436039231282577884
0.77973004522032421122866149638833861601356301533728 0.0 2.0240022905573593491602936446981580203475348342387e-33
0.78021978924244129963204954269904313064052138575400 0.0 0.0
0.78095105072717484030148108930102256419826461597494 0.0 0.0
0.78265946429519239641890237837874365720852495229132 0.0 0.0
0.78531148006215659713648707071756148431251683894749 0.0 0.0
0.78886334091220205158306126146586299171023208194733 0.0 0.0
0.79325668778940336939930782917553450506985210352293 0.0 0.0
0.79841937121171736359945481685409176787488815898763 0.0 0.0
0.80426661597309295218823872364422681860906996258837 0.0 0.0
0.81070240864119617236298869130192121038912839732363 0.0 0.0
0.81762107274014625739804411473328263013437479941677 0.0 0.0
0.82490900346163574618291974933143999652945277203874 0.0 0.0
0.83244653284481863565178802333019265590878815221622 0.0 0.0
0.84010989462122064981602477134952156532026069287700 0.0 0.0
0.84777325639762266398026151936885047473173323353778 0.0 0.0
0.85531078578080555344912979336760313411106861371526 0.0 0.0
0.86259871650229504223400542796576050050614658633724 0.0 0.0
0.86951738060124512726906085139712192025139298843038 0.0 0.0
0.87595317326934834744381081905481631203145142316564 0.0 0.0
0.88180041803072393603259472584495136276563322676637 0.0 0.0
0.88696310145303793023274171352350862557066928223107 0.0 0.0
0.89135644833023924804898828123318013893028930380668 0.0 0.0
0.89490830918028470249556247198148164632800454680652 0.0 0.0
0.89756032494724890321314716432029947343199643346268 0.0 0.0
0.89926873851526645933056845339802056644225676977907 0.0 0.0
0.90000000000000000000000000000000000000000000000000 0.0 0.0
0.90042735192739772017548685751943938186464556022318 0.0 0.0
0.90142575516116129323990541874061668791157239744002 0.0 0.0
0.90297560302428820975868975231921037069235859558056 0.0 0.0
0.90505132369576391978666653589398881663600763343959 0.0 0.0
0.90761881192657491268602842167199384248821879408748 0.0 0.0
0.91063590329147029716338720981737178570587799430982 0.0 0.0
0.91405305484520023561658326509866268447118368676592 0.0 0.0
0.91781415598133925660833640271009188936274080363535 0.0 0.0
0.92185744897492704683699498857087486885597892927293 0.0 0.0
0.92611654275408931969370395914094535645476282805742 0.0 0.0
0.93052150291809125595518553812168708910865605367114 0.0 0.0
0.93500000000000000000000000000000000000000000000000 0.0 0.0
0.93947849708190874404481446187831291089134394632886 0.0 0.0
0.94388345724591068030629604085905464354523717194258 0.0 0.0
0.94814255102507295316300501142912513114402107072707 0.0 0.0
0.95218584401866074339166359728990811063725919636465 0.0 0.0
0.95594694515479976438341673490133731552881631323409 0.0 0.0
0.95936409670852970283661279018262821429412200569018 0.0 0.0
0.96238118807342508731397157832800615751178120591252 0.0 0.0
0.96494867630423608021333346410601118336399236656041 0.0 0.0
0.96702439697571179024131024768078962930764140441944 0.0 0.0
0.96857424483883870676009458125938331208842760255999 0.0 0.0
0.96957264807260227982451314248056061813535443977682 0.0 0.0
0.97000000000000000000000000000000000000000000000000 0.0 0.0
0.97014863274515355751189869205270234984062425089297 0.0 0.0
0.97049587679365497657327614039666565617404359917047 0.0 0.0
0.97103491295495101095524258153177914032140540487700 0.0 0.0
0.97175684736496314272164662665643252270420596142984 0.0 0.0
0.97264981823845059519042207373773096745001326297978 0.0 0.0
0.97369916081348980862720660976837013575971473070892 0.0 0.0
0.97488764408330771038833739005778270882975802994691 0.0 0.0
0.97619575281249625454284399921904762099894973909336 0.0 0.0
0.97760200770119318261596969983131437872677490149343 0.0 0.0
0.97908331797424638281144652604641226982906495766698 0.0 0.0
0.98061536048884196687885557392077897331561187446798 0.0 0.0
0.98217297909957259542853157734079226806213882011465 0.0 0.0
0.98373059771030322397820758076080556280866576576132 0.0 0.0
0.98526264022489880804561662863517226629521268256231 0.0 0.0
0.98674395049795200824109345485027015739750273873586 0.0 0.0
0.98815020538664893631421915546253691512532790113593 0.0 0.0
0.98945831411583748046872576462380182729451961028238 0.0 0.0
0.99064679738565538222985654491321440036456290952038 0.0 0.0
0.99169613996069459566664108094385356867426437724952 0.0 0.0
0.99258911083418204813541652802515201342007167879945 0.0 0.0
0.99331104524419417990182057314980539580287223535230 0.0 0.0
0.99385008140549021428378701428491887995023404105882 0.0 0.0
0.99419732545399163334516446262888218628365338933632 0.0 0.0
0.99434595819914519085706315468158453612427764022930 0.0 0.0
0.99437183452727760071668860465704626914532973337413 0.0 0.0
0.99443228823774204811992761743044443988663542906252 0.0 0.0
0.99452613213849568324461494146314509973349021537924 0.0 0.0
0.99465181784566775797808371697238506580439963645477 0.0 0.0
0.99480728027294899771060358491522179209017406239122 0.0 0.0
0.99498996634772323257864241755130721247746366085393 0.0 0.0
0.99519687622507169212040549870923255396363998954929 0.0 0.0
0.99542461238559528224458582621029320340212939024780 0.0 0.0
0.99566943537463536763606517602170103358688044357405 0.0 0.0
0.99592732518654615039906596836574230691950095058187 0.0 0.0
0.99619404726571868049081320509489863711809032198526 0.0 0.0
0.99646522203433896805150769823604738870862500925638 0.0 0.0
0.99673639680295925561220219137719614029915969652749 0.0 0.0
0.99700311888213178570394942810635247049774906793088 0.0 0.0
0.99726100869404256846695022045039374383036957493870 0.0 0.0
0.99750583168308265385842957026180157401512062826495 0.0 0.0
0.99773356784360624398260989776286222345361002896346 0.0 0.0
0.99794047772095470352437297892078756493978635765882 0.0 0.0
0.99812316379572893839241181155687298532707595612153 0.0 0.0
0.99827862622301017812493167949970971161285038205798 0.0 0.0
0.99840431193018225285840045500894967768375980313351 0.0 0.0
0.99849815583093588798308777904165033753061458945023 0.0 0.0
0.99855860954140033538632679181504850827192028513862 0.0 0.0
0.99858448586953274524595224179051024129297237828346 0.0 0.0
0.99859312762227437223535103869924875065900127434129 0.0 0.0
0.99861331696349289422691396096239183331867344632548 0.0 0.0
0.99864465741421190322831062447111783908765093921961 0.0 0.0
0.99868663187051728674042785394070096746693340638796 0.0 0.0
0.99873855066866759149600191853571080751487074775067 0.0 0.0
0.99879956117523787939576088764557676591116219593983 0.0 0.0
0.99886866155109863457280819274736352225435929334480 0.0 0.0
0.99894471714830322357630117220422190560020266215817 0.0 0.0
0.99902647912496097735254980143516859461329992884795 0.0 0.0
0.99911260494535225418980459883463106772072532228850 0.0 0.0
0.99920168042187068414271184807999734803011470220429 0.0 0.0
0.99929224293476637262297612089525512064648618914173 0.0 0.0
0.99938280544766206110324039371051289326285767607917 0.0 0.0
0.99947188092418049105614764295587917357224705599495 0.0 0.0
0.99955800674457176789340244035534164667967244943551 0.0 0.0
0.99963976872122952166965106958628833569276971612529 0.0 0.0
0.99971582431843411067314404904314671903861308493866 0.0 0.0
0.99978492469429486585019135414493347538181018234363 0.0 0.0
0.99984593520086515374995032325479943377810163053278 0.0 0.0
0.99989785399901545850552438784980927382603897189549 0.0 0.0
0.99993982845532084201764161731939240220532143906385 0.0 0.0
0.99997116890603985101903828082811840797429893195797 0.0 0.0
0.99999135824725837301060120309126149063397110394216 0.0 0.0
1.0000000000000000000000000000000000000000000000000 0.0 0.0
26.848958333333333333333333333333333333333333333332 -112.50000000000000000000000000000000000000000000000
-34.659300346808369267254604761717334171492436591294 151.58022507050910084834684320954003382957304652736
10.715200564661890698558114858975524797666236628990 -60.103861571570435545445266137634442265119740317889
-3.3387038061056229171036134574158504228839891033168 33.841890403785101318444625414549209933347963198058
-0.23826322862178666468778728258173530415855162545060 -22.110167297283147366335849034886479879871812506132
2.3630566144941816069594469887920417303481939644574 15.676389401340451889486838207848504496962269549182
-3.7670055106122379603693644730084500261294402418326 -11.696771014257437032258218473717624760341199560983
4.7471914269774957522239607046170185739510433992140 9.0326120403478485644755921718644931469396390022455
-5.4463410577135208714903541527075950976649548904809 -7.1473469793113664318681280329159010133292449697214
5.9418068705196092513292123407315873644520523491681 5.7580282583077918554409632732854074299830710105362
-6.2796671989860778228339741159249214659828696655518 -4.7024906008844455343503244264876853070574030097732
6.4896000535108273442729358098016818137332465766604 3.8815721956958561329941801900645550820652751327636
-6.5919983906253929137224331732340885658963462167123 -3.2313717601104867224129574378598473362236991258394
6.6015968661375583321598541353897202163386037344311 2.7088591707604820908502119620737070048418605762366
-6.5293846974862524782547019208082474521106161294595 -2.2839323376169546074208393098806225456354935871875
6.3836045923511404606748575353072620358915253521619 1.9347973841282988520171790877364467385785039899330
-6.1702146059408746682681137778503212940857829115008 -1.6451538882492397791037780303426232184621685142076
5.8929808082674939269523496169018046467071412001253 1.4023982323291862501599998943077141865737508726111
-5.5532360985832928576068257712245483812567262939501 -1.1964087957081138938426374006149848170255168592154
5.1492026593981944204667590066498278012599912137614 1.0186448249679943735183026171938749359356124025831
-4.6745213911687276213030934943513150762475993642387 -0.86135083962577009629529701971353645120630546029037
4.1149428223235183020267351844239013192133604468024 0.71660116208160201005772214643493608547513301307714
-3.4396428269715599446026553861143212244914800972531 -0.57454221890224998964513449389557000996631421129704
2.5703458809818058918732955853483581828393982652691 0.41804582593259947985263828971710140062943951460390
-1.0364583333333333333333333333333333333333333333329 -0.16666666666666666666666666666666666666666666666667
-5.6510002234292707619565809818657085048673255222171 -24.714286704283831722367072134771873652398144954160
17.533192687649219206309030950903135227839150451695 0.0
-14.385725582941461800069403210882531899145006846727 34.531978815329344591261928214495389397698138499824
3.2795040787583489644264893953164590141543005946657 -15.897926671238529634120291435497008870154777700391
-0.57385723013780881269377246826140901334214038666759 9.7162350141739118755244997628673035643904342015980
-0.65123708765699769648811579508277714466192622568609 -6.6801257891944144092064247658075743203319105634908
1.3609574395356810234105964069821256621967238358055 4.9010194252976054071034116891158540745566196995783
-1.8228140871240710361750697037781108655003841240628 -3.7459856474532110470008731035850425274738888697738
2.1394713107779295791115306340970769604126681972552 2.9440876862388438165700188680336916791718950803160
-2.3589703088712247091512201331241611530697276809802 -2.3605731511793315085938450117303861956744144517998
2.5071259575441314929340349346070897448112036978649 1.9211351029893590661033267359337898673783469088497
-2.5993491960713914702912152347054551277414948721467 -1.5815434970145747564315515920070678353360815434417
2.6456391132894822435367722760184226116865278263660 1.3138504795815927038426117323267155051874453364833
-2.6529139510812321820830750231528558743878079309817 -1.0995139648044679844028555256887329478834383830055
2.6261714246535943404253620883224938738792362908011 0.92571206387762037213302966110322280935758185524119
-2.5690789197190831094674127749249315509218411298400 -0.78324751967019583408637578766374877689552374379907
2.4842556251610794968320494886602222557471067969393 0.66529375912848725091209174499058883567875698891183
-2.3733615514517246859074895417532180584848555616442 -0.56660656003756751643491867578405222615406396897251
2.2370293807709578559717056172587481738592633098283 0.48299843867604328255770455694872853448049117990975
-2.0746083819578012609972652814228756863161320646267 -0.41095452500672420641339510980592752466108943164944
1.8835820361580339900060893085601538732860238919107 0.34729933662469197532133716598502679303638129076045
-1.6582408971001999590849934291176217082552928950412 -0.28880394070769429269997449287230921886174198199844
1.3861869676399656851052345337158637992561452311047 0.23147275057215950968525788960773053029490574297295
-1.0358929085602544471218846540837474737212004496087 -0.16838626772562959638025527789867365468949929524405
0.41771613356907124859246305544114012261175665473625 0.067126001066298218513498553524574233883346813228970
0.0 0.0
0.98176284592927770345177779376697362684586787768442 5.5069186835800754605847670131535636685797065916405
-8.0841158153960518940412525963569047957992341823941 -19.405383097878138556879649591734519102775960801763
17.674545504834554133327977955182772122921903502458 0.0
-12.507558245496660786519144798696028018857355938587 19.426399575440075549092774522762348194171113500044
2.4624857482889514641140823090125358719456868054537 -9.2076333915359391878638710956247508964630097334071
-0.25801636329344062639343483447334806682398212650878 5.7622923989095486811059134307089997954842289638816
-0.66550589022431967377274838357364303077429221711564 -4.0340839757879060592294875846755951412027543317089
1.1706978444131701785310522913551188026769311542412 3.0006256094523458677896704588382469667654009899601
-1.4844674903917886445401110697552821051874531892223 -2.3176115616643547484714543255343335153911934491880
1.6900686136163655616757062271843705014860977304344 1.8362256117379638294569048144533317186083804747599
-1.8250462001990170942476317987451097694875273588318 -1.4815512927988403121152387864194827556302729039470
1.9089898753299726080289749562992412914034148128166 1.2117253425810577883668957390430509516661902640867
-1.9533214592887582591341388915571019779988123070598 -1.0014832328906193146047797546104725286759584410649
1.9652994626330991145078009815084902529405490445843 0.83463478257717163943807831541005674842226437243040
-1.9498340317297239130616208239589086688148695786036 -0.70028315848948201014765699223116929950228060805010
1.9103620935322747025780035722096956748152379020224 0.59077956632323273880015011204162451124609945680100
-1.8492717591285026244220003326373967715017176547590 -0.50054723878274220524323971062064389896439957951379
1.7680803366810507852568160129443620900907171891905 0.42536653470352357576531068265970863606824275876048
-1.6674446512676666320017147212667506524441501373102 -0.36191283238088037822425890046813352417340023841368
1.5470049609208503052091363017409453105816180770525 0.30742976027653226140994433315593400651795357221159
-1.4049712210191533345770247528277982334510327883599 -0.25945668666777416109515111180215960715738606293131
1.2371456640995953020031277700911598749057719063459 0.21552098650319212274100851496266527076254959681967
-1.0343227040692077438475256518269705175679714164817 -0.17259683005388376031190144733564779539463887320532
0.77301120810262682414511017667090624922365843416049 0.12549077625896358423030871058234032217460787915110
-0.31172188256245498365750653302026623219152795720117 -0.050014774892782623685348072546460093635262725289591
0.0 0.0
0.0 0.0
-0.21581123850102809543722626856168869023598256277933 -2.1875136895644311969244740099169398600179540789025
1.3001660074063626643230141736720985355532696467674 6.3027650979501630835379677269185362097130824438352
-8.8239372453622180771250338658617258518372137664183 -13.705099540010791089949236403622667123457740111710
17.902568154221840018098621181295843861383564048599 0.0
-11.912266937127463421044357608528785641423775924216 13.322841647606000637145732657623859545307187433401
2.2018412081415412467266013886647553573981660746977 -6.3642307205986462963615479326498454038300180726764
-0.17805893873497315317841306505221842710801727214570 4.0143147726439631461941574917184149594598358816112
-0.62715385182545004310423641361967758040643726757260 -2.8292308634141257470558311703745813166311728763778
1.0466861330752138970570270822161914637329498371430 2.1157729920678666243409465153801514453384285735408
-1.2951832218258078820782502755275453804575121420473 -1.6410541805582595823527650456153599249843149811866
1.4498014088420967660291706677087362721662860323661 1.3044179176622364914144860195381027240005220380683
-1.5446395193854921084534880061416801166359386132403 -1.0550859859588529472357780901991425302227498950362
1.5971370335372308321801026682142584213430449697419 0.86457428648323840194663299090752334503850316745693
-1.6172538443771110552078847980708982705036800999992 -0.71560098704100036883788226273642530963926302129257
1.6111712405700978675123171726681537240710456544259 0.59701735186233696254395129349417213303667242737757
-1.5829420574788651876849408586559428941793692671113 -0.50125844465152661699905400186658216160617812726157
1.5352683764439340432089817586278250389193181343624 0.42296018653825689347957921194566601314215147196807
-1.4698597275775720035226724600379353350025434749309 -0.35815867528168030391093710314151364918177847069472
1.3875518834013789084680907186560552558223781145665 0.30379516840368461110018279830531356851538482957522
-1.2882375908075816465242031029470881682363804636124 -0.25738208814174757733094936391192233149346544609376
1.1705567785871589157724805150095284461183409110059 0.21673993348050402665239712658660322033210949273474
-1.0311028448667063804905037258204457143837648242581 -0.17971910273404376236069298437366824939189779000990
0.86226826968669988675280543504174952995638780484136 0.14373546599383231659262621459566064963439259636309
-0.64451832175675300877809891941421477938398784291338 -0.10441746707302287113848306104860833360883901566962
0.25992182450123904776216255274282544478804295869505 0.041600754638221415605498952668648392212626858724144
0.0 0.0
0.0 0.0
0.0 0.0
-0.012085910674529204638240977584578561439810667881224 1.1215390159009468344265305116225408892808454340964
-0.17853389606037856625151072355766808474951291625267 -3.0228377391048333893512836392853573939632620913655
1.3632948536506678009060525003391498798200773435766 5.0975804532900130694840335444386947779057004963358
-9.3480410226826137599980880223149859290761852275058 -10.454976447208260710538890388804091124198484518463
18.225513730551044468012196313828927366962537202402 0.0
-11.731247726316848550737296209931134928122062844366 10.001140017093479367448622450282457507833301894561
2.1131334450761416299817225793013111165987820378612 -4.7814501345489614633367146185080066713112945620831
-0.17089751127388059010764412943107688552519363180436 3.0207607957125061402573839089386958100548279230701
-0.57411074885825411999322670856669299666523048316386 -2.1322054376500592319231939434161868681287258127035
0.94712497736400275951086863815248804436105280409064 1.5963755804245109283765836058154234390514472713465
-1.1585878959661466265549429772184858291572507180608 -1.2391509949530806557044257202038077749764202677163
1.2833165016746844714692233267102513553413432077204 0.98537090081239453287886810784847615167686712631586
-1.3539825013775836879273291322433970996604737778352 -0.79712386475478068293025448331425577501083344702141
1.3870672321079258942399346276316035701694738803896 0.65311969554052751551702413234761825248424715329511
-1.3918227704962306898889900032016135896540648859691 -0.54040969980338402746997279452571295492241814720612
1.3738556350391438603896116659144565309909861074562 0.45060742304215302167876564323447728698947092639689
-1.3367070339775800494271588007238108105925330459543 -0.37798817179447504670234265203948606577854257546237
1.2825806794678654052730480966696723403222949251219 0.31845522735020637249675068208935816017576800523386
-1.2126519657475505614636218700715650711946231219844 -0.26893527686533665166886112564157760498764972469733
1.1271151834456861984986233762688141442589277629811 0.22699314846753599280426342455362398064671367811142
-1.0249718118358412899659230734405758268705858372366 -0.19054877535316617553310619530346837235713220729300
0.90336959036837187191057518712816167342943876638867 0.15760251166763811349110372669071549705310506271174
-0.75573533301311113828648562131910752357782220612478 -0.12580949416221688641883847656692429705947780179944
0.56501589122079817885137245102906240968146160150913 0.091283851152174191403396186135031237105032134616190
-0.22788117387869836279336256185683921173595721557765 -0.036349241798848430610178274289309416242533472041416
0.0 0.0
0.0 0.0
0.0 0.0
0.0 0.0
0.10028130591139960323834684965395879940481883820327 -0.66526074386014888846464345814664996099727038699854
-0.16950380310879020956714009313409837291565092653556 1.7387012318161160392813546714106843513435593712591
-0.11950520351749252593905408280665824179059026790544 -2.6689157116590219677833181849053313547802380078973
1.4455585435625993891262347885879857503925877731826 4.1782613829496169636205929376615239144682292303463
-9.8144892215803488962972132532742964013073364333534 -8.3670623271457432011916699708940578365251279602224
18.655549124650046450479159328112326757618785491187 0.0
-11.767842175795986537028225091196876053951996487938 7.8947237518907218080232648022692454935089089143841
2.1070689762344659071715060786551122793698785308708 -3.7658082335924232395399943654827049031863258695788
-0.19826931179807817530696806272716583481683348259539 2.3754578467645230004521317260483680225039379760166
-0.51392793708277295443514786614312564302945030903000 -1.6745043570419236546862288198849230727626981753737
0.85892509436804695661359881596439504888617394956215 1.2520445153567364136294400918620712186527109971489
-1.0468618194149946031267516483322656536683795675821 -0.97052226887809182849773671641517968760653465030866
1.1519288744077946014008242400555421456713915387298 0.77062158113529443519480948240926461668351991317227
-1.2062592297065004809275178909714346494411529687953 -0.62243477988114577727108409805763208513606558906217
1.2258881933484893830144430845418766108084680606239 0.50915793774467833446699071890299599175048588244789
-1.2196761051163721714470182675612178798262204125275 -0.42055365985496546559180902386785206180309175618082
1.1928561408217387520278560495540977428047903571744 0.34996899174170596923340447333790655816530874488486
-1.1485816842749613851991697386144702369629663746821 -0.29283426602238697683912096013131112306348500513923
1.0886151289014283293633009448190240990819198090919 0.24584167546496535250892069963311028184003505659313
-1.0135735762907941294255197958669019367422583432523 -0.20645486216387390254621288298631464310038520897203
0.92284496365037540380717049758648058471552597324283 0.17257564421396756620795276568599968426994454023151
-0.81405161973529615418664019193175982084749433219747 -0.14225179361045698728718314751171849859154437957045
0.68140140040742535015003445592204935285121205465949 0.11326703764909237139708163355216805491878543674265
-0.50961379294390525190170156563078548311996161359660 -0.082048517777871001589672878271841059360094479967365
0.20556508311740270528829164940348707997071445576394 0.032648716879989492414324381104418444055237904455177
0.0 0.0
0.0 0.0
0.0 0.0
0.0 0.0
0.0 0.0
-0.13977332428098417452617354821050323660547337491878 0.43400429423595587198587849909858103197756511818030
0.30971843049383233069612919137129919428174765494840 -1.1153442423157876062356879439728166986747905286674
-0.26950923689975706129954934020920532866639571410036 1.6336788447321935763085019938052432260391709052470
-0.10221053334193185318347590206047513498876710457049 -2.3043226969079196877486568622674861291249063834575
1.5457263302992528907442616870292002867780998703917 3.4975611157954698778764753885794621982507622151199
-10.289138654363007791952626451839437153750926509683 -6.9027019658854423531712322689560991732511382003637
19.209710026222608407109898429162660811690404699510 0.0
-11.960606938486078731628357739820764050270010039859 6.4258729023343712087361257625218601081918484155759
2.1547129050738123231194698434952422993020910342202 -3.0528303509949490489456772414343679446804981215181
-0.24820939609361927071888287798486959239188954326722 1.9191250322852873350457483246996546706998262836954
-0.44780659219074238451541092696618974719274062742764 -1.3485705909604857709024131536181289901521673269172
0.77574476329518246899040527368702924409035264493646 1.0052931312480362528417608990065925254474522381045
-0.94809201172665719313129722266605873393250751266023 -0.77694390349427028947999782364772323079354963776158
1.0394944607324337101052358059538444721564237912369 0.61510658508630790082339534001326955879843036576598
-1.0820739456843055897059097780587433733476846951675 -0.49537320086463329336759986196938667158003676947754
1.0917061488402142918154384935272618095839783893400 0.40402149167295558867651258417266813550492274687940
-1.0770225130994830877193668520577065437600122291782 -0.33267570147300041924139485063852511338734863102087
1.0429699738176982010471517379756295048175978429159 0.27586999365382553121973319195664950892511260425610
-0.99234006904707492235676042625407656715653903169215 -0.22981766409551943086931154746585015739009144633359
0.92640681853482159018374652920774259362259701864568 0.19172849932315377461498864689583644225866442637331
-0.84505406342590498340678886340655957398753642411890 -0.15938197768560707886966541836881792051996819867500
0.74639097554305577703138978417910859065141343750396 0.13079275507873309077982806038966501354306851426276
-0.62529899310646105075252361283094435308416121653517 -0.10379651072052281169759466427565241371330334572289
0.46789205279965788790612569506998023925644780039882 0.075026418238638537524155586338464952817760703235031
-0.18877469126720267532893195791446155601849485048150 -0.029826877171917887718296877831060120562663463680945
0.0 0.0
0.0 0.0
0.0 0.0
0.0 0.0
0.0 0.0
0.0 0.0
0.15921500166177988877174692306822731986871395659215 -0.30294277429841112665443466187313173458271712473530
-0.37495926081857375980757997818416392437010324236335 0.77056240640652783051915610511679866963871007097633
0.42853448055912045635197569842088238369128477611169 -1.0983803746077773299974716204996164071303375652520
-0.32540571056239547361304438580641780901841397765328 1.4679777167510225087850458090558301935920049943301
-0.11299536299862333948773563468655575444762827727746 -1.9972904233609688621340412263922324032378475225790
1.6652526733115352061461637102885729132315557953203 2.9761826968641958974113944405296021545262945384849
-10.811163134729036353906040560022067675466780894594 -5.8083306798279408096883365642599061939106427790726
19.911347490146395409474485009686988414108716731916 0.0
-12.292636857089162720815967482050315345629092770418 5.3320759178051495704473240006450031837588862374760
2.2462970851519565152482150486717341419104569932782 -2.5198527198092136922802057085873310295078177800755
-0.31707167183993281103013181502407765457379096914598 1.5764641394577500711439488976473259786525284536633
-0.37504318059803887149295825557426960237308030474851 -1.1027379671429012650505616887308144415054783147048
0.69364201496087040940549181953427827439562243362162 0.81841469675120865915784256747319881778811425171057
-0.85583976861861430558963543155312181762829896833935 -0.62978798542669373155085890194160068082160785489868
0.93760954417041803056790549568437672304886806775364 0.49648577915551096151346366810223569107182107201218
-0.97145975600867701290726349545309970624878357026072 -0.39815174316443539370762333858596958022791996822149
0.97330463344376238558384521576213668826208410611140 0.32332941486705078876673435323890078583381992951169
-0.95164194786357396967607772282185773286314853944240 -0.26500662126366693848434654737028094055136544836580
0.91115726987656844072819585696839800904462681834642 0.21857822774021602834712978690086126061262833662006
-0.85423138453230452626652233624915902574430469095050 -0.18080843846578626739397747914096817467942573165523
0.78147931850263373615136577809164116649221261572214 0.14923702361573764077451399761620250697739147137109
-0.69160228817761726515780731314848675907943236950520 -0.12176571221347594317838147035882005742461405278974
0.58014980395058994659171906894613206068501198942748 0.096217144648442057346589237547575896645582353159476
-0.43443994623374646875392523542278213410754241554057 -0.069353902976706299274203850785346732834682199552864
0.17533276556432121351523966509203609598506712125148 0.027538668332403725434577348404717230707237954287839
0.0 0.0
0.0 0.0
0.0 0.0
0.0 0.0
0.0 0.0
0.0 0.0
0.0 0.0
-0.16957980373243924592210945663642034913465427503979 0.22254311382917767768503562165792142581055161780487
0.40857353160700851772129144193085483186330950196960 -0.56223063018776119622436085197750643258506075183313
-0.50446808655493206979370500708929978442849035615853 0.78759627776141713764957217779415983009507346078312
0.50418462743419939804631254596305950495857036572319 -1.0191595971630434194468306756137433043536250418968
-0.35240544878011370863863859579594202295282285306783 1.3088081274227911071190357735613237636175836540465
-0.14547184238526679185906972547331041014690319616719 -1.7428931706249230047470390567253551403088122320601
1.8081342314065870180006005852961617162268490037849 2.5617923609743552479717050726511655038413034674205
-11.412140382708915260855703244263691781967909149649 -4.9501502088350905678721006589355821648477694720765
20.792280789314520150434558357616925535361091859451 0.0
-12.768317786575648694182496312818532691650299566294 4.4767949681569720350381670277835454261498417308408
2.3804607083890996814294932288499101945848692123840 -2.1022018258748003266626592720256645648760667703365
-0.40483440821551676733869807281108185206154961305002 1.3072287268725947256562634089615244334965006655306
-0.29404052318404494919998235036981493413723975957993 -0.90905319179782867384019362678100878120809752287577
0.60960323072959288239093836463995239237852488771340 0.67079625018005301235185421611053019695790713296550
-0.76589999100773428542208344646550103194587541855272 -0.51326942952603564875087089941982936181786119077974
0.84106997029141477757329478991201841098366102913613 0.40235391677349541912605404098534362406693693356214
-0.86836961764261710444350451908363991677851734143804 -0.32083613591287524492317233121946279216711899022297
0.86391474581183428212064147049773532824198312827547 0.25901073602286503063223643499868799438508209589611
-0.83612552553462989013160163155389258991332994972713 -0.21091020805808479382611989340120573319584442378223
0.78939506440942278203496176806561569755723781061253 0.17257263112066971195701573945525048303918541910754
-0.72554008348454669922023032968905734000614401787739 -0.14114182226467055960943835053009771954993056592499
0.64409870906530204413475934884749815145350589900738 0.11431170666743530182184395759497899077451707140674
-0.54139168104178741656076062933231251529172754827880 -0.089825771364624295317837372476354081731867832096552
0.40589434872850043850489846964617946683674531795333 0.064513159502165601746933240574172667308445654416388
-0.16389060933615851075201573197634449274501536269596 -0.025576647649209652965883179766238124613917242427719
0.0 0.0
0.0 0.0
0.0 0.0
0.0 0.0
0.0 0.0
0.0 0.0
0.0 0.0
0.0 0.0
0.17567592414345652531604589972076903061947512863323 -0.17024231139877140726424095789029013093062003491297
-0.42777032822590699581238924127268638394439045636740 0.42806098401655206799297532841638646031851090585906
0.54537065213153095883531355651929186222239274311250 -0.59253426237608909948536220560704397283202898769537
-0.59241870186602006963777397740072989754943681773838 0.75062058475992336607001304333971713633083854681938
0.55205029646541162025507231673838581529170091133245 -0.93047869447623911266686976537694371171870952541527
-0.35805528423463678074942670943814647274145922884789 1.1666326935175311378122663573967072926084082312863
-0.19778069304150165608274504463169281189627612947271 -1.5292163991064796186984698412843444171022478855534
1.9802210268754311821583955790742915868431682096298 2.2213737325211803388375702755707767848402919689182
-12.124339927419824676178737799491811758500749585634 -4.2510050960953309337636484590278880327259875175574
21.896021064766477070404873542351079998273626705951 0.0
-13.406907050325825871663905299645267119533836956619 3.7818378790240744867930463399196655968157404304813
2.5610178042287412053829932755746241257807040924617 -1.7624840709139327970902599310535219116685368754332
-0.51374154825141424066183168050048168315296879725461 1.0879122125346001219403617360076119997239381182178
-0.20245076701992022479307883050907245811190596354576 -0.75103665981358104274923877350615216203061085478560
0.52083153064166575757238854528083981607120399018614 0.55018674442792141987488051857351082150707888489101
-0.67496125194261401569539416537683719710084936720164 -0.41794289402324934836529004432823568018498031909277
0.74605787856340178367329955696725168042218139538336 0.32524721572774790001917813010388565644668163211420
-0.76850226672764899434730245024926989246253283870129 -0.25742258345541173743209339055756804219155589223763
0.75876388545914931600268089102924432474878843803627 0.20616774773968359655473990516803070498170964014160
-0.72520541105285305767117250102288556451414827079289 -0.16633741873513547820568563820594252475610304551610
0.67181138305010187196361029043566160071957018654748 0.13444594612871954612858429136032531331848058824138
-0.59946200933065367693427596792812190030334632686176 -0.10785067898511991195810179315202362212717137725668
0.50551526447987850262847012478142439382910124911933 0.084137556666050005681022828684144696837711291314379
-0.37971037814190488976874193473427018597343838843294 -0.060143124549082878267424783925673441576327215981473
0.15343448648105936944063382156856079397284152612795 0.023795534509079487338061212096078810190812885568210
0.0 0.0
0.0 0.0
0.0 0.0
0.0 0.0
0.0 0.0
0.0 0.0
0.0 0.0
0.0 0.0
0.0 0.0
-0.17983864112204129177051788228670427651407062400672 0.13467107296526416207358299264723584813166810405577
0.44036926928708743725055493861462014124971622655323 -0.33744170649244522999280567918825275640321726909585
-0.57044523787970287888269878133032369803954847467816 0.46308081382238695912930607425288835685208519695492
0.64233078462314796199262499263056591415500316544455 -0.57791900284994995423181195669191851024560671473849
-0.65411335091634964518395680674990276178925793731972 0.69959751212848161061484050414537382867288412280850
0.57963662777358679552880729056343564604583031767185 -0.84492916258052636913253623683899322597870524563625
-0.34562792809197703381583665481130755492938044650792 1.0408593070485879840437749371939793695436707805415
-0.27074259402048748499142624578971145326180362426563 -1.3461183334994876827909311189259603876797556496623
2.1894655050259077995686935686254664408648392908004 1.9335325998596647573438523106153710127128147099239
-12.986175486510424464025589851727051158498012793045 -3.6631573691223182481768670447206411494733095040111
23.282674178760402937468049357035512065953973929142 0.0
-14.242309703885351542643245797215709632874769639637 3.1989932778568247503631159726087785286753048329946
2.7963265485143964940216718810608242390357163185875 -1.4774804828969445056014740168595345927050852683905
-0.64810569547656458229997973700786772926254364271164 0.90380737559670082909541396189247140080906945076575
-0.096989955473805672883032263881220292906330911127171 -0.61830522552971059010292478528855623591185467003418
0.42425986163577426754956988714562357396236297747947 0.44882160161974875357102152622317895130480389284183
-0.57988312428939728418680324554445078554402887825408 -0.33779463182694978479755948919726460646815288901028
0.64923413617603738162078191829989950039799644038658 0.26039817288321956436103486511091790101435704714957
-0.66824835474615453701468489183470690576887987460482 -0.20406712205184023030360817104621870171835806112127
0.65390101143315473611577801332899485258973256614318 0.16165495086073354402808469623379304265856393439266
-0.61446083920439719894425735310736401296392922232919 -0.12866483035598066035139131425606501876275317254072
0.55320496738756272546438788198136788061378417765104 0.10192485740919858985278408786275181670641169614032
-0.46909545399754202811353422784694595966182975678929 -0.078758619215308683442016279744045596612580551159134
0.35346407935265923426313325744063267386589575320191 0.055946187228752982664058420561638686127089692676477
-0.14300856516207167693000747915822753389206228614997 -0.022074929310498954949090109107334578622120052769979
0.0 0.0
0.0 0.0
0.0 0.0
0.0 0.0
0.0 0.0
0.0 0.0
0.0 0.0
0.0 0.0
0.0 0.0
0.0 0.0
0.18331065284728508820248189267717953849012846785541 -0.10964212392132588431003139726949142606870386396843
-0.45032791103518248045391026219631075580456771075399 0.27399672975769346397408472710307796657737774012820
0.58852797119652629577196568172365135133315306310369 -0.37356628588372114580599273178905741996848178938637
-0.67499529979414368509156269471394445538095804963190 0.46106426286712076862839470518035339372045769752926
0.71462991577204970873764838455706701170237194324154 -0.54871539712367533506299219416291783184026024929901
-0.69680824052244492946628783189276933627845498064447 0.64599539502042893523959347007102684431422654763936
0.59055531884045017980916245970711388300260294418141 -0.76530481898515119346352638278626522216303944928968
-0.31586667124554018028255804991728350480372824172068 0.92874151286280837547495844182337752722189268500561
-0.36726360663428406437204859489099565973705917683364 -1.1859108988374054119347004983307127350345206458808
2.4467446876110731006800466512463915086260128589359 1.6838416860621867565604063004941183041154394223402
-14.047654357055855629819828711513857577945626491434 -3.1552713564161913414113062728165403409789072739951
25.036563281131665256665522749594087872660661019271 0.0
-15.326609457814394763828674526596871885040862546138 2.6966633159833727245027405358476048627275801382162
3.1000276978583708046957841947755121327629416623875 -1.2318929946257777301309654680213377989546847542188
-0.81473820138761013736834973583372491586432947042529 0.74517091285818224442440078916469971914383898343154
0.026983523675855663885574567564836405651848327181034 -0.50394827373051533245736737255646079156593889598942
0.31607883949811080508602079868577862717979306012290 0.36151682726334046739452752506656723012866821847551
-0.47716575310748619079157227645691784391268624619848 -0.26880469190181794558487916960308198830544316914048
0.54715596560249888382773374710661879163496653764420 0.20462218225898980604637159944695662848352414918365
-0.56406426192923336096791567772026330668839916236449 -0.15820606811946496331244577301483303000979335416324
0.54552451638305095919497005328618742563987121406460 0.12336990588146483678443961707355115735450419216952
-0.49955005900381202700206828810323566895459392508983 -0.096100226357016296399566599029987639155198724505921
0.42790740702748928409780835851802571348963563942338 0.073304522388595713838757726711875466086332981440814
-0.32424553103601316416987104547798578517596170802078 -0.051628123211361171649417626123021707617583939927194
0.13147848101594227838289385292419087344788830080894 0.020295269064181222038241623940342352065891985934198
0.0 0.0
0.0 0.0
0.0 0.0
0.0 0.0
0.0 0.0
0.0 0.0
0.0 0.0
0.0 0.0
0.0 0.0
0.0 0.0
0.0 0.0
-0.18682257153771140358664772727272727272727272727273 0.091579691930250688032670454545454545454545454545454
0.45987237587543520129792890206180421907726520109183 -0.22837715792575518595221424421196354682264694127525
-0.60419856050359488256821121538189460061292339315629 0.30977734095100006412296598973357921706367525890821
0.70025830486626016065991904584936685129278877428427 -0.37906911653213246302447402654634583649325763509909
-0.75648957415736654387034463590353075936819372745684 0.44536461319514192732083102803532246658250069084089
0.76929350051120287407384894260004179278366939442888 -0.51464477268687618359010938763994641409634219577322
-0.72416028240568326313648312780019642924719085680137 0.59343598470271275106275373989242620734682041510005
0.58613870858272629795095140977302311528092355864411 -0.69157364042594507594741563522226451253895626888566
-0.26763946035992770471713066934212817913263884489165 0.82743188951189582857944142117312652527732444592963
-0.49245123167830136336745999235010567692459277536036 -1.0428272948606215603371740328869577449455430131994
2.7672841450305561205456251047459972374111740547948 1.4621354995484908210665318457947619357515300024736
-15.377600449432227855209192295499286152302228491780 -2.7056350025732804386945654685975402617744797285071
27.278409090909090909090909090909090909090909090909 0.0
-16.737549596869535710907048878090989687065702697918 2.2529593024935361937429410557902059035129413902822
3.4930296999539098367536980696364961630795035374992 -1.0150848319396862939581938074389215775856361453361
-1.0239754177846523718343386752610748613555038738909 0.60520679743748249266052793373604267733457308012239
0.17619163227096807505669776441976621302359335612563 -0.40313898107912930581864127562154644199074135628758
0.19113999620640236361474918597987062368588390625777 0.28465690546434344627829593049811077126549030315332
-0.36242027314784769829937764566082922545218814707932 -0.20818397231014716219895934560135443382612892291944
0.43579787066292700438204803463919798992688854038964 0.15572989537907541557854219085984049964138062708869
-0.45204269655624248830422464024332684452579138923491 -0.11809518335560520363836628063292334109991844453399
0.42958728227567734777643978954930830086132176907127 0.089877967727593021086922929067187622369008968791651
-0.37568789240136903168256666518011276219774074139618 -0.067326097828097793943728555641926527184624571044613
0.28784831445093409787111991873132994448895557365176 0.046843374289076882450678904551995903122120949261712
-0.11722200567072088068181818181818181818181818181805 -0.018315938386050137606534090909090909090909090909090
0.0 0.0
0.0 0.0
0.0 0.0
0.0 0.0
0.0 0.0
0.0 0.0
0.0 0.0
0.0 0.0
0.0 0.0
0.0 0.0
0.0 0.0
0.0 0.0
0.19086357482692771224223848226719872989850059466624 -0.078317800301633771512717447507083631648009898695507
-0.47042639813876781786156335609250186191350940405514 0.19497066384510256938479340725350163734824682115800
0.62014964727232447437227910755204724450869665281102 -0.26336875161150769066857596638057251079434098452965
-0.72336265046045482969704418604721326876801418562386 0.32007283733337820444369063671923028094218818165353
0.79058616153107215399118126965003801149773850758548 -0.37225837447910515845729575378493782980395003523193
-0.82180513156112419490035214719268114713349223384264 0.42405486612766004196955237083802077150822010560016
0.80996862120008855951536204890553428497973455569466 -0.47928781867909638664768546315994280865668402128885
-0.73776708535358668052816519371175259627544419203921 0.54290167790276393681010693473395684665507186566150
0.56604638265196073722913155576011427053289847579495 -0.62286709087233556461288251786972558078442125028598
-0.19797017407691938951251707214403240486990246195472 0.73441489242079788328063857592643882446247686603810
-0.65429485843673548768159191178124176013294377348760 -0.91243839237562164587360685083048906463762495394254
3.1729984229933625348916866557226545386759798876989 1.2608901952535852567746346640892100393576060781951
-17.074723418570170839539986029193537601624071026315 -2.2983446137519906543108962822855421115170292618903
30.185441631340436275380789214119510674873907281906 0.0
-18.591912402650324379606130512172470719526355001502 1.8518368942894354940154946759103269360910440409536
4.0072352002892924348237484026978434079321653968924 -0.81924511181178864697129846442625604820191746017734
-1.2915618377305649805767166076866999443144523242093 0.47892609990686709995499999036317310136826392104805
0.36065075451620538693172618172729919172731387206062 -0.31234963164747747761268669633940880565473615675399
0.042080444560694639787156332057753023718255035350628 0.21562787318474400074623668846843407707141501242424
-0.22972437251943020537587469686495435986355959423885 -0.15395594005647828742126144930031061890528210225893
0.31012204762517647294554220872179511491307777874034 0.11221759513502190772040867463118906499730396060787
-0.32773400257554088505835606568532673052872837212918 -0.082578952824464497049149564755431994039278004339431
0.30188685463800806777451212599355142748036773567575 0.060213735066371605047340607992778127310865923946652
-0.23735195673080968095642752598841234856339687606354 -0.041125269920049398058068776633071667827477897190316
0.097596682857940539967816504638628538730025418535606 0.015947517858306127515786288371662692996383232918900
0.0 0.0
0.0 0.0
0.0 0.0
0.0 0.0
0.0 0.0
0.0 0.0
0.0 0.0
0.0 0.0
0.0 0.0
0.0 0.0
0.0 0.0
0.0 0.0
0.0 0.0
-0.19582311150641003773878819963868476457648963346192 0.068497531933513756663765392147929024384626241976460
0.48306906677896399878238590639868822817592209728735 -0.17027938793537688658606951288400372062909937916884
-0.63823857304075075191096912234724237017953971054807 0.22922347057523843731247225179961441327581587535973
0.74754480225180185230158209623439536280166116792465 -0.27700172830847390024876194776424767952631849066434
-0.82291176161240942076501350638400051734094579598349 0.31951589490024114354741318626141968408467998752319
0.86635661936936331020978569582639517612695259423013 -0.35983081659728412861120104672726572444998282572390
-0.87462239073702515684528508056903553456658613613915 0.40040192722067702282289076381999084818084396570261
0.83842934141218928699871746776990133910212401871717 -0.44396758482890680755761446865151894366530174389802
-0.73772493028633615414823178111788572346048833594135 0.49438785554363381610301720208249979776055590688085
0.52831779961823636765254425350035933610396788180600 -0.55809495603534215821611617225779869383084220551524
-0.10157154668181411382138656498101138940895814774483 0.64751259830675723732447205963808793191820391050453
-0.86504758551077533511987636133532385850831389067679 -0.79118457666889214431174182935568712450389982151773
3.6964234367261038799532227189396761214668380168504 1.0741916574876372964362555754640891685861331757136
-19.285979496763729790889341979738235358539316001826 -1.9209690537013010192292442090582436560209515210758
34.025920287744566440115860236801269927567735476464 0.0
-21.069220104541221609277118206589572813802939715686 1.4807401782898445079171022511385284151343765454484
4.6922654585260839186846852691428488407874055884273 -0.63826881600604972516028079753164434720609205929140
-1.6420229407990908809385688577320674523600194352151 0.36245534762971878139607069215488191752615610038854
0.59575932820804361954437110660217825127587906868645 -0.22888557119582326814376343993950955990350126693863
-0.14204664953234525221662877223077267028494685580894 0.15249745088293546531132651389287819101673348296734
-0.070828311921815154117725031370110995844323986062491 -0.10474626116773839495236230328905817124706616136563
0.16394383321085468070240040380621455426313804651698 0.073147642250855883762479939431354705743034217039233
-0.18697860331557859395956105630682992454467699167799 -0.051040569303645398248797304726194910062734359477525
0.16026375913690947686645292707796745869551289317368 0.033774399248267900903516369339191506000975959360420
-0.067881628030223859853592751860451075589676808166028 -0.012907842891761656555462685795931893687022293068355
0.0 0.0
0.0 0.0
0.0 0.0
0.0 0.0
0.0 0.0
0.0 0.0
0.0 0.0
0.0 0.0
0.0 0.0
0.0 0.0
0.0 0.0
0.0 0.0
0.0 0.0
0.0 0.0
0.20207928792527649477087825531094092901636686816551 -0.061247915970987770225480671771928981322021083946529
-0.49880148418451359765882537890811936774367504885950 0.15207202172600143003971004049985166673623424671157
0.66003235961596936067202789417445842379975064717773 -0.20411503792573270127114911632026312809229421710517
-0.77521948059850060877728794085704556025911750950254 0.24548296589406714018373104593171523893486888887046
0.85738240372172947870071172217641053133828425362162 -0.28121067865454998625544357360326096296280958171936
-0.90981791819639685273655041931964955910527966535442 0.31371218448410359646357961955997433891555828327045
0.93139422759714459379467767573709605585548310445493 -0.34469283292866718594044214160290207345811417321589
-0.91692412062458458747194518813915579276439122890938 0.37580037126410263386741651877362100486816272788128
0.85510344721304200028069498402074764184840720610308 -0.40906729925629978009833505008649689796714639465517
-0.72267153833357478689903334375027243352897890668825 0.44748559015806618066982115449428603230921553973375
0.46896603101657747550161742045563229797745329964793 -0.49611595198891397668524139946274515397662394640070
0.030240203870957563799860673851184587264457748348307 0.56477051407722264372000979441461031219118393456886
-1.1437552542949907614101555037543324913942433670847 -0.67600104697995784660996391879402456722821514968434
4.3875957217615131071937266500850551114135106741929 0.89700658134564676849671989497078318129537081726055
-22.238863777908221802363628666049154817427944074357 -1.5629424796965179164265167870935603035104016168713
39.221168829818020776577023128560200448089355017755 0.0
-24.455109456691383310489767881247827811971032294732 1.1289880268723453408817196630021790134108900059629
5.6279061716366171114484667841781961719946589475016 -0.46699690458739323397768509012290921440583321515998
-2.1148768746569577584875695535962829046345984995767 0.25258279720028178776597600311616512743134090809783
0.90600050722191281137038545305181806737892222324269 -0.15060636076886632796008543663988494208116822029057
-0.37790081391605922429270075348211833423651074906372 0.093868080601695206035360323977131467436830132587083
0.12542133576846931883221474438869108296764556911663 -0.059760696943097392719946303920169470716159290066299
-0.0083407311471616729682385634925135213026051090120366 0.038266125405816502655648478240759770169705443210634
-0.032181435992622077890391068785546259892782361346578 -0.023654589374401069500760712704522432921954317479634
0.018968142845785667156063040971278230510962502517064 0.0087428037904257061093909897791167764961742573105288
0.0 0.0
0.0 0.0
0.0 0.0
0.0 0.0
0.0 0.0
0.0 0.0
0.0 0.0
0.0 0.0
0.0 0.0
0.0 0.0
0.0 0.0
0.0 0.0
0.0 0.0
0.0 0.0
0.0 0.0
-0.21007187141161523334061359295366108244729316651436 0.056011107900827005959765282538499040856115679313296
0.51875032739965859261313877336157584784164291922890 -0.13892344727707908274858339019898773360674415576345
-0.68716666643421839965555576996127549446277922964210 0.18599720445051610804579843827743020868132084437628
0.80864103182200553896803024809991560958872002748512 -0.22277731171284515448110264609914135246144545623869
-0.89718398069312583794450352157519306927352570473519 0.25370176411533135818821349156878187266675818789932
0.95699540221228360683872018265119985828918740748036 -0.28077041694479715887148197211369003195726905260770
-0.98824443539597343097036672076858437297657566903346 0.30525351770597310021329537076957039393107729612118
0.98802784604426771197758915016096781420498685370556 -0.32822043002459820776784829914106302971631481657465
-0.94951747210478863411728363648632068607465109225921 0.35081779756283225419612302603219361513116688272084
0.85910538377762334620351004028128289408720551398442 -0.37453077317331002832011528497540111973335015536345
-0.68938482747894099540522044112791797214385703236791 0.40158177438031028758738753507372750006169015736980
0.38097219965361159651494382444748442771837319639726 -0.43573894764041221553300154049021974441699384671994
0.21166091090106554179527070294111402075449528360588 0.48429521229309797100843808028880964224166052414804
-1.5209284560578765165869698470912522696853919121572 -0.56397790056810821712341364788043811222224757574599
5.3267034434826381781130996920837294144944998317126 0.72456870356924881708473110306277314492142217927789
-26.301554749888892551128511098142428702299498688486 -1.2142305252543918339674925727450925336433332055498
46.463358867652075116922675815419858531570076626241 0.0
-29.224958093044884730113805093849706434317229981368 0.78644340833758493762487699063343567299271394957155
6.9483337191891053209595279423161552718341782806924 -0.30060999322450481486604373450628056323947152950811
-2.7766229906081483699992758696676104360222539666114 0.14643470364877092996634121511290557553863208354659
1.3316575671660386134221617426745194330071778402914 -0.075795999752822280317110834691844402778764217233934
-0.69062572991536051016754574320842599817353698059984 0.038942239049179072866308354045120617338095049170305
0.37068632026992376107044518548150617318172955860350 -0.019114636067714152744182726127181074719559832544747
-0.19858090311460958568537838697521924469741894397827 0.0087834682609969642269898142418196485156206689026406
0.068130938147072062371356404484420531363578718534107 -0.0026702670826121189843721919066547114860621368965403
0.0 0.0
0.0 0.0
0.0 0.0
0.0 0.0
0.0 0.0
0.0 0.0
0.0 0.0
0.0 0.0
0.0 0.0
0.0 0.0
0.0 0.0
0.0 0.0
0.0 0.0
0.0 0.0
0.0 0.0
0.0 0.0
0.22038745293323484771350393509150819999633101581677 -0.052447307139960898977132400147706645567571773083780
-0.54439008720290055008739435104904524580956193532332 0.12996544687425008579614882775365455045624396395075
0.72168477810148663717248265815876619623920962662492 -0.17362364528387821332966345093786881967075477000771
-0.85041627897429035088607570552544705372448062317376 0.20721975179045325312178265321048232683723616827056
0.94561461276798157500631087686356688485311699397161 -0.23478906342144832341302667740391965335614458225751
-1.0122035853036699924480730333909040644274396562508 0.25806427006951214659688040760239483098757194027062
1.0512248190037250187273908169034636757504452593797 -0.27805343531202285126295471785832409248901052403323
-1.0611534128745256027746244184785677834248650255348 0.29550261127055871102702677090210893939404445442179
1.0376560714967743206346712629276581126754467963154 -0.31110021459862032669408555771057125997854068875522
-0.97208283973779928792290298258596562389893550427384 0.32561527372392112626022619349003364443730029640114
0.84782613789698767968764624902983598242698233328932 -0.34005047629096100516701757132629199642654439659272
-0.63175884870620128698269827011645538544859555309457 0.35589256265100005591992787746505412332370649619749
0.25222675875024522337658245286710912087490691986827 -0.37563089905900809094184701965346600416881017482687
0.46651394525647134892736977621918426962614893884218 0.40403480967269890550223939797038453184570639224101
-2.0475728835477004918402705283106573485443527863734 -0.45197525738726778523648654071932348002029099895708
6.6487937774879245693024814972184864660440103130187 0.55170893377276150798150976857469547328494755494256
-32.102444304674726159659309694967764703923706137550 -0.86387654122741905843335385126766850645830050271355
56.954624317838426860376604190097892597702480948003 0.0
-36.216444020377766309825445561408105632583647087003 0.44207575170397472945697732118526748286663345845583
8.8925559171741381551933107276592768322562985021053 -0.13401989004916527860835077000361014514800550278798
-3.7452086994365180354899026453083812491424243593274 0.041244610585374128050347362830533272820602355197772
1.9406991484941022405910077597808230822831017939795 -0.0032763765415849513669178101357237158620584240277671
-1.1132822279365527421866650826303939990962446097281 -0.011872808874441820359577462652402118290009812643387
0.65235717159441437275223557596159642520109851850224 0.014565298997770661526275753930103914067858430039053
-0.23665528254109090683556527666185930210333100667345 -0.0067539060691276472675666783328730224698599564071844
0.0 0.0
0.0 0.0
0.0 0.0
0.0 0.0
0.0 0.0
0.0 0.0
0.0 0.0
0.0 0.0
0.0 0.0
0.0 0.0
0.0 0.0
0.0 0.0
0.0 0.0
0.0 0.0
0.0 0.0
0.0 0.0
0.0 0.0
-0.23389178381062158712369684929940114468265030665818 0.050390471866715129296542404459747137674967959145954
0.57787643267770355536257039097707404130748158113838 -0.12476966870896451920947761946967733149950348324528
-0.76650319051650792808285300710378133708324136324205 0.16636674596539883922498079464584324464911051726095
0.90411129397763095908128745204911455447552892974715 -0.19794909732406381588296057338477337534474698052666
-1.0068914323603621497850666448124508203970292392343 0.22330283855866198554688467863968653621630302991566
1.0804317531440997856157121756500923976291976571204 -0.24399362581570938092919451956052121757118256421657
-1.1264225006039321611500212119458522254418893045735 0.26087003432403884726641448887168090842254830159434
1.1442342193773949864845807908949357522284105725661 -0.27449123884519017338029185831745682150429937879722
-1.1310219036007274969556406015634774668116528297796 0.28529695329436603507955320023381121929316585662264
1.0808906611603551448836257686322965000179188748839 -0.29369451740502683636528428222170457094812479028071
-0.98278912475285337378697166701663929003206523556662 0.30012037717376193157821984256797425074785540586873
0.81584976937151023895180481553613349565063835594812 -0.30510671673014752015708302182931536892048782206233
-0.53860335995618184723539422790799809842580281244748 0.30938828559827181810687788991450977673142595690025
0.061302063499246820891691702581077696242485625229085 -0.31412295454990115374029896498563127648299762028272
0.83665804075936287598512537939621701036748853565082 0.32143676898989702172318827286800696557722514922500
-2.8138315316334475584865138912641966308048846638901 -0.33605996057128012942130119651129374950467677357431
8.5957121186905277041602659709899975458388304544387 0.37188152817462978916801304467346456695844194216341
-40.787096938548807645466338532396631949056138774126 -0.49786739219307188611012847733686858640825309127266
72.934690730381799761382505142221870885131956795072 0.0
-47.017680266959236735927258435922864082300340111952 0.081874389489732654640322185326455478546278008688408
11.918699840448581485089274356344224565321011200054 0.038904033711383638517121006276572993040054667096521
-5.2427160090939687731839747607760422482669959949231 -0.065675393880621951413252956675517885521893740998935
2.8442962615463602988920739903197754168595913941249 0.066674097802943524391480677752257093691888317559550
-1.6448535379153425009834477191233102565505694492224 -0.054043674835341216540142903937085093962255775225873
0.59644244167782711388340169420142695795498244075686 0.022420091592805148583754533292565259497255557330324
0.0 0.0
0.0 0.0
0.0 0.0
0.0 0.0
0.0 0.0
0.0 0.0
0.0 0.0
0.0 0.0
0.0 0.0
0.0 0.0
0.0 0.0
0.0 0.0
0.0 0.0
0.0 0.0
0.0 0.0
0.0 0.0
0.0 0.0
0.0 0.0
0.25197898870292734788163689204733025244722105396984 -0.049847929829373703884562385455533677834306007016000
-0.62266569435887060682801651890464004096002521292521 0.12334245194832953217992118789544138377280080742555
0.82624674588405623672722401091363748173403511579264 -0.16419652517804458589518508016859700755537554765536
-0.97526838622462720045343304507690347292081104465796 0.19485273177579566430123243587113836389365726673828
1.0873523221843236894188015841308124134914560104124 -0.21898518512682260913694594285275084871718502037499
-1.1687826860641940046194473676875080022457133351362 0.23806941498411387954886052600426118279028446490223
1.2217941681767994339078565686137290515076700929078 -0.25286165608841929564729518519964813602847893488867
-1.2463861834544498332611081510415033543443795727736 0.26381276037886868388277055094347255191428671287252
1.2406505034842905055403160476053694082249320839276 -0.27122328393026616029714671911330880049298159881735
-1.2003051359349657016696524019173612423332396024228 0.27530911237422795848232495372590410314172104798682
1.1173518920018935052268271059656803794734613589650 -0.27622753603001308548986343888814969560565393690882
-0.97719932126876504274840401221262999815585378619644 0.27408022954366307001265762851503912671229304268787
0.75248386940453637263599106850398429192960812083643 -0.26889583943710414191818384709686947133432654943265
-0.38882785005080278937116258937279830671597094125124 0.26058339617250465385271668406346593901794480716530
-0.23177343018974158061610678010547156603073476893014 -0.24882570199785851721343842127024456543357615893472
1.4005446540619138392252188999402328561877658995345 0.23281546948504185319192703870119977835307572172079
-3.9909255315904455878864372472202532026286012591840 -0.21047509852058107383366098078816276982425894253328
11.635876670963395543177248581432889756913066191725 0.17536453260377332827846768418698961038745622645135
-54.628177774464267109970969118972269536815223206195 -0.095126953920861794539554365571061592431496214427379
98.976583884955092241489375208218589103409475778788 0.0
-64.943130119367159206919460324955259451411081475857 -0.31500561290830324799512913441042818128008283262297
16.991591871290698936763156302281629545648071982435 0.22644407170746942974512138493245389223770909448097
-7.7090889505900757856232771659013095892916515610322 -0.17594558223128215555237510309272777146692303238766
4.1484355901020464927296361705229836120371388351097 0.12728424897931188757483719088062766549475168267237
-1.4691590082190449921130154037414582611746909941901 -0.050732799277651948505110157272494055903929989837307
0.0 0.0
0.0 0.0
0.0 0.0
0.0 0.0
0.0 0.0
0.0 0.0
0.0 0.0
0.0 0.0
0.0 0.0
0.0 0.0
0.0 0.0
0.0 0.0
0.0 0.0
0.0 0.0
0.0 0.0
0.0 0.0
0.0 0.0
0.0 0.0
0.0 0.0
-0.27711673695175525154345259033479744332033055446891 0.051062924751761464295073485434019501439324805534524
0.68486443204374244072482088648333915203733047189810 -0.12627693318406766749535417783349106626390004379909
-0.90904785289391864895061476055440852898081469990811 0.16787428838807151421326662892173300064157879103789
1.0735491303419385148312083072860733393549714643352 -0.19877802713611762097752821975071920972918859038891
-1.1978851174059465037935206345954662539562777073073 0.22269445803261175402747920873872618873765110850092
1.2891649733983279778909170545445389838543502495039 -0.24107892933854264867279573813555547990825529845044
-1.3501501241003378589595959712655208238146973854071 0.25464595256685334314082203609545209078708786986643
1.3813249399461066414531303466264617472282275105926 -0.26378794397109787036811437767011935989714895721305
-1.3813944964089811065374467225692265756851282653760 0.26872744997513735718845498114281886715492468177632
1.3470361410073021258735491364657861754799981728104 -0.26957499235138710973398253608961070812118727469440
-1.2719599313439723511364523591095021529256748331511 0.26634164188214039271115468080230709070051209489086
1.1449067252496706613052243244988355682406599479143 -0.25891968315852656837110793956421211560560782608515
-0.94556809280225088630150087019133051765865246848154 0.24702763288820945848649182113581653123330051679601
0.63589321954851526451494595454086319850030596124984 -0.23009782247615932744850765923953821666681024773918
-0.14000411684735614789291945496593505106442679186190 0.20704867008604974850526782313160354467906543547743
-0.70769741286516873755769411797176865192108317114138 -0.17578739009330252143663608029887282999814293296204
2.3187318712660932434056194848680546008852286871199 0.13197882449267257155287181978569633589413598642124
-5.9367640617221007261483937694545311213921755638665 -0.065379406466670916175182573664769623296189383593015
16.775893474198322436704445731241440694846964726591 -0.054758483223471183745105373192915431872987299453660
-78.674588161510259554126205574118816417266562216099 0.38160983030188407531843263401890859946430630899519
145.65801122848408019348527342106536734801484871481 0.0
-97.882684601269679789826003438605187542977988546541 -0.78477319858815861978795323028092670841647190974631
26.401965384785154866428336832812759268939914192397 0.44010129402833824126996467877927598486359992400201
-11.937201180104117047475917141056095916256964683344 -0.28214190460133137318457608528567985823450289880210
4.0001868525574021842256282441098395388157089925722 0.10797364000159903143462275102623382423676277826086
0.0 0.0
0.0 0.0
0.0 0.0
0.0 0.0
0.0 0.0
0.0 0.0
0.0 0.0
0.0 0.0
0.0 0.0
0.0 0.0
0.0 0.0
0.0 0.0
0.0 0.0
0.0 0.0
0.0 0.0
0.0 0.0
0.0 0.0
0.0 0.0
0.0 0.0
0.0 0.0
0.31425105477331377691064616870573410278757235990000 -0.054725589336079743738810724565726127075516646695395
-0.77670308124009769327650886759889024559743885715642 0.13527281290324749914852188345737043997978471696991
1.0311633965550556882183690443165704127779417373292 -0.17963717524991211131553099999948037491906224545295
-1.2182004603612539850574715753094034252748529903155 0.21232983186524504530943721175642206781433888406849
1.3600536755000083979182481832379243333357732603500 -0.23727594723904574798302464078952376194614802710388
-1.4649372745806099515995086310929364156889580306409 0.25599108187226272913671009985875498093207316134979
1.5362124486828966007521512329082271618932400187701 -0.26919599128766861596806053399535960968843772523809
-1.5747880823343353786712614787265702471621333665879 0.27726222962045461257402827436824847928124912403637
1.5797780434214099985004089022292571191448310964896 -0.28037181530965347179268525272881598010305055329135
-1.5483918933681349756412761346778446273869760697447 0.27857497962426657312194413466542285678659894880860
1.4752058503801381770741334046979905530117156831627 -0.27179825708953235006395362567357352075862606442374
-1.3505858088060651201689978980435489759169347480009 0.25981700852896178358093913672645103195708960810710
1.1575828977167432325605300331421336506065190726479 -0.24218873001047809083229680422913153683723034557445
-0.86568598660422503063174846487318243615942899932157 0.21812641253820723436271045300824056110279684788242
0.41746140879117774296709997167793126341801698242743 -0.18626085035184825044117215902065218447425784530387
0.30257186101791602959515540592167338835686706256764 0.14416929287996324818735366403113227496423230178764
-1.5491306923539866946743176273807186617573919635875 -0.087350666398517398860934623330626142700449676769030
3.9629565924002783535374157256382195169909179252272 0.0066904435057514358368859559371382034828887584302553
-9.5060576604547098238559737285338741575341108714073 0.11908218564944906339398200722228728844967140952334
26.516894658757141599075394316304039451191266787793 -0.35338617129290194817431788051198068161937546289916
-126.09364703824096239010643533832693016563980041801 1.0109542368085301329445548299014107445331042438645
242.31194391844380154575069366980968257563555806486 0.0
-168.57800407481296982142424726566707854419622484064 -1.4010024254087050573705721642914084443593509522956
46.293218025185899499786466963166260409931463492861 0.68709414506372968472752926599052367006484673447036
-13.633477905454132893420920397241782428819605257686 -0.24470005777135118283887259352405537128455214374806
0.0 0.0
0.0 0.0
0.0 0.0
0.0 0.0
0.0 0.0
0.0 0.0
0.0 0.0
0.0 0.0
0.0 0.0
0.0 0.0
0.0 0.0
0.0 0.0
0.0 0.0
0.0 0.0
0.0 0.0
0.0 0.0
0.0 0.0
0.0 0.0
0.0 0.0
0.0 0.0
0.0 0.0
-0.37536912794095029378759170604709005949319192967373 0.062699943721912303219255649419751888839840838311955
0.92781519816213130784978856745064095756257032442999 -0.15493143490368061342881719119032223516723724126847
-1.2319553658692168265715702064256550455416807899039 0.20557567776513970600254681720705315809822390189439
1.4557655700741129489556867037293258937534245675049 -0.24266826224326632376896223240720271621703018378131
-1.6258952915486601806466350085620785642311096507042 0.27066759387167402068556344182289774688465336726636
1.7522754292015159823472868994605463640541370653964 -0.29127478589312389624895136358656292094176805859116
-1.8390980939697861560052168584397374851184219837702 0.30528110093138664516354323014851540433616169024686
1.8877223270756271840926875978802080083743123333311 -0.31307646915243703881673515362736191980670799477769
-1.8975249175184182556144520464446666753445889710324 0.31483054758377614814383959665230761932786120670290
1.8658888200315642754849083226214318662450465924666 -0.31055704418635570781403597539141700412666216075208
-1.7875575956729453584436995282285907219432002388873 0.30012136507248248556354498096544607521742564108593
1.6531993896550503605240636348629462068224942787984 -0.28320844575610772514778796953488751408666663660227
-1.4466389351484123167608950867828965767541756221883 0.25924858490164722789813457169382902838949383029701
1.1395026842263338206821509334355300938223396832140 -0.22728287661845473356840546391713933857304631606770
-0.68037042214500938262777036785462031082689508355961 0.18572442551104189243440864417851054308962584075129
-0.028753684412180765505078475655267222396170076593301 -0.13191794270580302840533256074339729420816755988963
1.1881851713478399295226726839120122772151160944198 0.061269396493591875416512361462965546089710756422750
-3.2486179595917382084086337915125922826412173242797 0.034645500639852152911655276058425471277205490074745
7.3697237041189236876985563045746962216267676877141 -0.17275615261047141639166809348153580759813265273003
-17.191901599838122397915698051004190396010623851003 0.39237310089863468826276765622552973038744752757715
48.602191912999853820505515382128715531972889227623 -0.81016269970005232026505340590217352286785661413697
-240.89798771538725012318968616619942961700919267759 2.0020326312296114640475606302867414401999653334819
498.02211008785033367586632843594604709306765590349 0.0
-365.73786626958988449083833579178681829401021591601 -2.3361459058154493314000583866483128146070992519869
72.225004544162024376921091214380455755402411780436 0.67829503314634443859026370381972358485061063524071
0.0 0.0
0.0 0.0
0.0 0.0
0.0 0.0
0.0 0.0
0.0 0.0
0.0 0.0
0.0 0.0
0.0 0.0
0.0 0.0
0.0 0.0
0.0 0.0
0.0 0.0
0.0 0.0
0.0 0.0
0.0 0.0
0.0 0.0
0.0 0.0
0.0 0.0
0.0 0.0
0.0 0.0
0.0 0.0
0.50177182709859767217819492855616727581078101018828 -0.081609101499218645423414580714478582049937340033904
-1.2402922556521902381560170850748232357662247705244 0.20161175165157212658951963676207170204481942804889
1.6470023080136039356766846742164988856908673469137 -0.26737464601611828969232456937244285429162016261069
-1.9464973088502069577765476385204040260478493933997 0.31534917130145115132316386102531266679078360632677
2.1744679450369422056452013020301669711847290907381 -0.35130659387482336654897626654964865696024388482858
-2.3442829261279651796117091278018185678743786772820 0.37743275791191506947816008163812498635810736499999
2.4616841810086709829850113790601086060630164401696 -0.39473067736604216530243322358966134557027200434682
-2.5286994560431050220361706813644464453682224542484 0.40368105707596345104094005293908175111497847773275
2.5448278871548862821674198992093242196174383462922 -0.40447689873947361678238463697117809552621949507791
-2.5071103917704768875001242388283230796677660427077 0.39710648228371680016771818969825020941293796264293
2.4094260758429745759083916946608179795203057746339 -0.38136322819513259673055161115196641382885267199983
-2.2408817124589266265435903343876357911110833323930 0.35680527896023891076656945757756270461451302142188
1.9827417093436387293907269365384682471475755907848 -0.32266408155459239213223337126382298901824749076236
-1.6026307361442231485618770080510122816438269527254 0.27768307670135721648895216751099863606096483634066
1.0431778098734128058192027734135966610456579833752 -0.21984199064930142309198845712049714784988189482167
-0.19845603018373680890853380406579456781751356776897 0.14587279150458906626171989516327348553954871789573
-1.1386350582761176928714627485103751739106661016440 -0.050363175604325889293830669320826515571197870886761
3.4052445539449608889562379309137210324227498916769 -0.076029523776853677765326938586385199815458956019222
-7.6238283597444873387624957876695177695860675967890 0.25049020558795170253549235937694881010824918432048
16.549112667206676661921257676441180843137560087020 -0.50776764671127579344534304887245752332363017587015
-39.308965360154712290412401305636664116073225652538 0.92908766362309699418948625792652112152187321721412
118.33661364358829835482289557163200795574355239916 -1.7563781013655656715141807508347344747622286091844
-654.24351734078644618267713666585254906181463945160 4.1789720327054366225509401978045228593050056289331
1645.0411483358014516349817543232319067550945761296 0.0
-1081.0734677395891650225239851381083936705804204499 -3.2205524588957229107822538248169079725685857124250
0.0 0.0
0.0 0.0
0.0 0.0
0.0 0.0
0.0 0.0
0.0 0.0
0.0 0.0
0.0 0.0
0.0 0.0
0.0 0.0
0.0 0.0
0.0 0.0
0.0 0.0
0.0 0.0
0.0 0.0
0.0 0.0
0.0 0.0
0.0 0.0
0.0 0.0
0.0 0.0
0.0 0.0
0.0 0.0
0.0 0.0
-0.75615456847035301279274931329761160550712868067364 0.12159269442739344929330642223881191646345787829932
1.8691082276560136048989544547918073762530910072388 -0.30036129993508620989283746422834186120702449557937
-2.4821026315128040745111949760500105718619602616091 0.39824539539993270716207896199401105904918226460512
2.9336298411991463577013755308405007465356721559281 -0.46953046539002103717910984038864575123448317909610
-3.2775160189433404154473675351474236564038407110950 0.52279536850019259713776968714767309463556266438421
3.5339648584844099517826587062753748284319277733455 -0.56127926191917490773252855554666492160367342931622
-3.7117136376089176260521263630035902007827496125720 0.58646011296922222147473197610988122618505799819119
3.8139463070297848387300723692118936112899728839892 -0.59903807510729314263075070657467011970856517488480
-3.8401086152790982318818070202843495133054876798302 0.59928451901861742427090626048266178886283107438876
3.7860644409172422289849756001718364126809223393897 -0.58716543538317415261061850842308945063918347164544
-3.6431277279126588926479432359358636787375622099842 0.56235643628511736243380789638443945192664368859518
3.3958120032599963146998061926494421845407327015224 -0.52418401676834993863377992309396188637930144899050
-3.0175580083846881848219543548341901959522881536824 0.47149343881010752887843036794284221811754502401337
2.4627466444951903058934239029054039756986987045030 -0.40241835012710291431454274833969205867570250554404
-1.6512745688231516557087784305677901674394357105289 0.31399354028516546007199676823455629205455860710892
0.43714721898983736263206699896944470154639148265492 -0.20149006648837803919530833711967857547597580355471
1.4599415437477777976635114559012434433129952271725 0.057219729433230293742276192767526722542742936468064
-4.6166090310109490793766195285506316216045248939161 0.13175342387685974453197817870935285199354749466314
10.331382579180680345265575354067518048811461064161 -0.38835355688966770404037202934968903422846704563096
-21.902979229725858570574177216594238917436474730434 0.75635070310822804781570178476242352995775736019995
49.228137588632445337951531866909850023684814293706 -1.3287732303169731991790941243132589365694697638217
-130.24241854868868365231278774089586949169815696784 2.3376520330439496235590149365478905053021425754418
482.83762698971368161274685158912824921228902855299 -4.5345288140900865123024940485539433819469081368933
-4040.1662517826741822726010120405103592374327045492 12.035784564884406545044112098281647138873607882748
9319.3486392536267488631567104100686275606855833887 0.0
-6267.1163554711731820610748950034921744261958720365 -12.531615529677060905427124483071652036502103499977
751.05807490613524392363592199111934262430356403340 5.1975844239507837048403113923872348856231225622233
-204.72945265789292453631137436229226485498897185156 -3.1300839077002956507152826693424854931631609908307
79.501766885704485152878271074364536614402211031872 2.2278981983428864375225463204092700200875501254951
-37.493669535726268998786445197260222710962384775979 -1.7456078087018706228191610416146002501679970560955
19.885348576092548957665467094706120899650557736789 1.4542270538180497391398518653639494510445804838336
-11.333447275001892705575964114084086585667224699963 -1.2623813671327378812277662544734833045774116789300
6.7233446705881713410312413852855565837178771907545 1.1272141017637764604917278977657337640681796271416
-4.0400420027627798709571683371655358653646759164650 -1.0262753228163736103241398482538586018918573590134
2.3864799747571062419995135634809978796107687680621 0.94682169174240015068544559945472416666749965915368
-1.3239631010479116847060095270168039851325877000630 -0.88116578318797048429787057793569255756651452320431
0.62125824029122964490349521425104303356898305520722 0.82444138169077129878398856351166460553481491589422
-0.14874595206774015631438928702719101381343177935079 -0.77343993927956994061016268857450641963369378380698
-0.17008342718818092034642020906179549266990959856647 0.72596184908993924083283693196048193722065731880375
0.38240774541258294324509640244129708555142508201934 -0.68043079472454274401526759442354543116987856203239
-0.51839706126140376608462259855292102365218127732315 0.63564784795467346297932228455951350099484928954924
0.59789843444624753585526103636747358466533414511550 -0.59061927151440304556473291322823961127014263925989
-0.63418795546888081422792222204191818114363550277120 0.54441697922366780450814206162528910878193833779991
0.63610583643586510266015334584221801255227648399981 -0.49603689572269335507205497215957886007755483999382
-0.60921152250108407101950132154786854188981486518866 0.44420700265780408195981859184544131511462093230261
0.55618317115356405598702502069985099974733108144781 -0.38703832982602948166137143374008860300633631152254
-0.47617554707614453018028649739257749455203311846480 0.32118343098082055783337775149287421450948424279629
0.36090127511502935911357789726527071098054883993837 -0.23893392104525334377516306591580577248858513027966
-0.14637133486194939676902202510761112031713174006318 0.096165522486112878228053036685278153572055885803226
0.0 0.0
0.0 0.0
0.0 0.0
0.0 0.0
0.0 0.0
0.0 0.0
0.0 0.0
0.0 0.0
0.0 0.0
0.0 0.0
0.0 0.0
0.0 0.0
0.0 0.0
0.0 0.0
0.0 0.0
0.0 0.0
0.0 0.0
0.0 0.0
0.0 0.0
0.0 0.0
0.0 0.0
0.0 0.0
0.0 0.0
-2605.8337859057269445278644698397120694050431231518 5.2105793617036318822775975633882164597852461014003
3965.8331552479560175149897504585611886187773705723 0.0
-1579.0153183817148187302506349835179763122605938363 -7.7612533906029761402734282723283277744779326658052
288.03997313388102859260916731138734162822030789000 3.8190371399580176081513191430577544055354184829540
-98.009833790998566661711250852878931574318054698715 -2.5407686962713787700234723915290105718486750019926
43.537301824340382681262530151228833375655656559892 1.9287967067571990915622887633078670451088250599433
-22.373826182958936606811263564375996052568408800940 -1.5787171650110617821634914168486205838350074159462
12.526453295880714323726467366670141301581489359911 1.3554311333781651115694138101384436186388015893049
-7.3573863913389706073635448511764414817487853369171 -1.2013563222210206302810814617810263113921370682855
4.4011813474588600932187230287075774217990816143572 1.0880290797937797008703576712020969811748822897809
-2.6013347365977965486696734665196297757573355794227 -0.99989269175039581734568790697677842010078269538248
1.4545796023481275191467751860449436249642954228076 0.92780308673652144199499205776736123953776946734811
-0.70063329222727278309225311839636417550296356024283 -0.86607802451350876319188906036698013704984171892043
0.19565197885674365436728082539384997810295153978236 0.81102181639520766619121311259693595285974012571309
0.14434364825297103932486595247221854188723722901579 -0.76012798210708682344047358539466536580824396467424
-0.37069138118700122421803598086275175905512006583005 0.71161716433083379677258759816335979162393545777738
0.51599643431727931073095131588911778501063453106277 -0.66414915130418744070798850655028850586794489218614
-0.60159260738970556858590350645802677273174613826430 0.61662584070720801694806601104119992817717046602215
0.64169518586325296205308454590799874994125612741013 -0.56803563215790735930045455836670074577879527736679
-0.64575197422984523611526073305610251840097381880279 0.51729967925495320910776106185734376072866435850080
0.61971767138897807018744553543005721266776048245485 -0.46306801289309001580311012569638770426451661838994
-0.56651700937987227442430163404530680181377563773264 0.40335336126756493232728519196800890727961870072340
0.48542365985812441811470512681704211282994269650876 -0.33465261128982317426935081615643394160291208326533
-0.36808536048279345796786464217310540689365952968314 0.24892156421117545738512886969809299019087347746697
0.14931353264126279939723586890343991556521926399514 -0.10017986388207118192137875026307517134485109470347
0.0 0.0
0.0 0.0
0.0 0.0
0.0 0.0
0.0 0.0
0.0 0.0
0.0 0.0
0.0 0.0
0.0 0.0
0.0 0.0
0.0 0.0
0.0 0.0
0.0 0.0
0.0 0.0
0.0 0.0
0.0 0.0
0.0 0.0
0.0 0.0
0.0 0.0
0.0 0.0
0.0 0.0
0.0 0.0
0.0 0.0
175.39563803931415547758591312949499581217863026373 -1.2137991278716786178284929497242431603133453206493
-886.85508261236524741971881440883621929553297992191 4.3591135163609375836515203724199925543401031875143
1207.6164505270505531513704015084998229240684405147 0.0
-585.60973312761853764017710069682464872950540140501 -4.8636340538758883187449047528866281097014467005437
120.21671011297416056994555995257013425238367440296 2.5049549433494586297076020783360209167119786932405
-44.421577886917575834614906366298120054322188221159 -1.7277390533177176569830559786976779409227938963294
20.888945419244007447217206646577094444504275135549 1.3470015511664871192079476990024237017216790487738
-11.145126670272127977523962043150797859215693096294 -1.1236293774675683716195016867323723081686148610310
6.3735008067504395533488424591224007779840342944312 0.97735447069356432910964649753994595118760164345483
-3.7640368942445377757470015389747069002264239893403 -0.87365021233495383990653098731884669259784565993002
2.2227257416715729645110303452614270495057729405521 0.79526022255294279328875942928768927310246975365912
-1.2611615519622787232235153495896436504726017044633 -0.73264187904810304663048189489265990140415945628350
0.63816680858028728599886663900114394307026611182829 0.68011732150729691819476394132804064588337991085683
-0.22495997181533127361656206283081582202640721431121 -0.63411049541214691128565913343230157767336522802415
-0.051687408362018018119698112878317979988010007000619 0.59225627304729200154011865533105859806401300100328
0.23562321896225780321405355713268558779165469781028 -0.55291176604177262168364857590904292782950651089831
-0.35424151419039685777546788151901222958354044539623 0.51486637418965038750289863999252422231912178144476
0.42523681992022103109907257558886783555932603204135 -0.47715303085273901116326257447919826421536872106555
-0.46028932820380353817666019319987840732924482212248 0.43890727936796472567701866594038556673849002785500
0.46712462576151169966432582887289880971177500314944 -0.39923632641025324849581925167794551169762927557216
-0.45063260903617372842192360200088509057370869865228 0.35705425878286478291667888339937058999892185247277
0.41331322466435788724334499900366293222159454496809 -0.31079500992118730494363627160558678503943199830080
-0.35488609011760703064751125769439208447149999926114 0.25773238025332622221049417178785267202242175136440
0.26942232729712672881123617664142362008663167339836 -0.19164807127526160355604252715858612410966356308239
-0.10934324289048532671252788698536250690397086687117 0.077119926113728704107206886019843642898232326234698
0.0 0.0
0.0 0.0
0.0 0.0
0.0 0.0
0.0 0.0
0.0 0.0
0.0 0.0
0.0 0.0
0.0 0.0
0.0 0.0
0.0 0.0
0.0 0.0
0.0 0.0
0.0 0.0
0.0 0.0
0.0 0.0
0.0 0.0
0.0 0.0
0.0 0.0
0.0 0.0
0.0 0.0
0.0 0.0
0.0 0.0
-33.701526635566037753650157477224982251125552965785 0.51525857573209920892574710631186137771118213366100
114.03628427962860195893133842314845815434648674841 -1.5119734953047217983167979317879760533465883128313
-412.79294519525024763120280484375072784824866384207 3.4283477747693473316206077081533776812289800031253
593.10558918550885346997431270067753886661465000744 0.0
-310.04106672820317779920599979226202554147396970581 -3.8468801606101647553364697079974316988012065821953
67.151949291403139470538654304939281033467545711154 2.0200000613134934389042068317209407102705964940341
-25.824729773545681986920817575346872025140207659497 -1.4153282993323290386067672432766337400790231328432
12.484871950060306662695788933243122272061137780313 1.1160960187063206690278323145621944301966732727127
-6.7719119319866726244450728391857955547243296624004 -0.93807826811300546220097254426572845037721857090341
3.8932387096591521082808592944707567802207812278342 0.81957009794818647393346806566664743472395752363000
-2.2818098422349250057690720986556517005863048757651 -0.73403384473345690515428775126868682931255492002954
1.3126706461250285451736798196409965519805990433045 0.66818396133719466146319475012575601400228623115427
-0.70045636773850474430387468271105983296830502918154 -0.61464856518968731610275663531148541212294914971649
0.30125365322133101777102373354264313521999188954605 0.56901662126178920326809943491829869529038147795829
-0.036697288085573868709062297834267977794704181769206 -0.52848421425593444560410363263860492335905113776705
-0.13858061575494180682538252587026067961902657268440 0.49116776967917189544502957585023282067043739600552
0.25217829981002331906102407849540463365095317155141 -0.45572349092863747175434121150148697373913228506831
-0.32155312838475392205851342151985792648957746524307 0.42111588235204263192199221935942238331884218445808
0.35805199530381718607475736902499004549358075933053 -0.38645779844631762172058725418313367954946591348786
-0.36911546705609716502495648683652595565967107253080 0.35087460173164378149208465680954163346507051711804
0.35947276374668543597015871506380168327995153319540 -0.31334702948459212588742290608943370635637653467459
-0.33166621841302073445391544705123372601338173151975 0.27245167955070219324734686667350185105263847560330
0.28583387132283035706600232743883081444115900540930 -0.22576005870932303670418977146576073037976842881156
-0.21745639583462979985512322926603102884600693705296 0.16779264087542388152031198054991017813234815828579
0.088327658557320744825121622183468561015810679798399 -0.067506729806641921877476086083319147816492051152707
0.0 0.0
0.0 0.0
0.0 0.0
0.0 0.0
0.0 0.0
0.0 0.0
0.0 0.0
0.0 0.0
0.0 0.0
0.0 0.0
0.0 0.0
0.0 0.0
0.0 0.0
0.0 0.0
0.0 0.0
0.0 0.0
0.0 0.0
0.0 0.0
0.0 0.0
0.0 0.0
0.0 0.0
0.0 0.0
0.0 0.0
10.258370541349252180661415769846958198275652087619 -0.28747292220388768465426099607169618349625940605450
-30.415313789007741239341434393608214660735106028852 0.78847472925190789378536992862020900353625414705138
66.423410604012741574481595323130074522182645650329 -1.3840642502218624170340128134174982955543030416041
-243.02534867038987479942012170627587547134648596711 3.0153727768749403437841818754210043554344190219980
361.30427815729059601998855227393873480432452772587 0.0
-196.56888769063371953979004383922480565233533163088 -3.4161988871986945824599498147444239316889010592130
43.846845400598447421541981716773438866216306682928 1.8088246819055857454495402785217795902878006683918
-17.232210491862730683688171092494051542508545930319 -1.2751498219044526298214874792087193616382069856284
8.4482791890051787959104291788879097536235209666488 1.0092475376081873875357951210289642006640279676654
-4.6108665538142547585963058294981284373031781839861 -0.84952513001858765420059773733104999213039073833549
2.6441788759456270982508141370786612194430691021973 0.74196399656611101557848516306907999477178452448747
-1.5282778388251206800022427124325607046906292084784 -0.66335931142727173412349602946923528359844100839916
0.85069635038758680974097760262818046955461543432955 0.60209376545056380730846952059645136595242462842125
-0.42050629034110911547258333038745192058872122876894 -0.55170949956785853088081046224211114944732208628510
0.14013765057947184733347274019257080459973977689711 0.50832417428637406427228686311394437060567714459299
0.044210703063637763828133882509109512758469014485901 -0.46944587466861982454957386158562384014280542873910
-0.16404194053591118617265659116725620705840826580479 0.43336950721635913380748814370859034080235414737207
0.23869602678646838843510048996446942406965142561678 -0.39883781009087230616614207433341665465437453613635
-0.28046427928769114565163567511474444453545478625608 0.36482705140251783023826334804908159360258332433035
0.29729667451720526249239733316259615439884989611074 -0.33038381496561124900018874916407489298154312300223
-0.29425375550270557160696228211388629575754122894686 0.29445670892970654114116086099888867474425137540980
0.27419482546669169232513043733087181248935017019054 -0.25564023594887956172954161513884128093193400358473
-0.23774197048536904994087570852566908592316546591362 0.21160327406420737997467848445892840329772577037569
0.18148997258635085352297522518101790731120110894314 -0.15716642148681622567624387508843066115836667506095
-0.073819428878572040961798373411091280701123771537419 0.063213952342600440365742531175061599834804134212516
0.0 0.0
0.0 0.0
0.0 0.0
0.0 0.0
0.0 0.0
0.0 0.0
0.0 0.0
0.0 0.0
0.0 0.0
0.0 0.0
0.0 0.0
0.0 0.0
0.0 0.0
0.0 0.0
0.0 0.0
0.0 0.0
0.0 0.0
0.0 0.0
0.0 0.0
0.0 0.0
0.0 0.0
0.0 0.0
0.0 0.0
-4.0417190269183009107142736284463325052168016458755 0.18817193359121147053953063184770818892015302756339
11.287317189435454995672739347116337818799076688625 -0.50005258274722846266186203809774544374728857069848
-20.504863554400979587724448358709190262773249089996 0.79751902636315856405624624208628103113997887646811
43.974159424285327342791021407731435568046502118444 -1.3227881792053581095572524033261049237901588790812
-164.21822377567475764753778218760945888297293574345 2.8539720599280646939013279033095668168021462358632
249.90033509775159261324731843672367305175374161176 0.0
-139.40941988739701828218531368941864370839636931507 -3.2474256153495319241212372325632296072037960504428
31.662134264130527152238895263994389268232074958562 1.7235813911923234346209684943335621784114988609949
-12.602414025279837743793060806266677519941333031441 -1.2161644235050744837634591128654333260050309760092
6.2233984882277326555982472780095473042163364276806 0.96198458773719165721154303839825592380219762577119
-3.4017105863429343620138650776957346775312614596394 -0.80819194156324374078031524694570944421426398215409
1.9406094374214555832856433914084606607415179104839 0.70375058717489642496603255782281314890978907144415
-1.1052696635150390390467138105093449418097595189706 -0.62675341304985943155194531715229491919342846917511
0.59588049478695099502495963094524743437291631951365 0.56622985622932627849178533138828758188020873004296
-0.27242209984658122417392761129966234168621975039243 -0.51606802920326935423549339686183820799583049353378
0.062713405130554097334864352689061053340446448556555 0.47257220808443021318540913354400148096967850484166
0.073372754381596038301278285531797228324352514031719 -0.43334093984660218461424577779472488828691216023087
-0.15949305890615986340937756147957616280672932219454 0.39669161273492641449475843024740202469375049799713
0.21022639175818622954986810944541452461876683947683 -0.36132955272872804454653764646224900768948505396906
-0.23481232292750559377734463936577159345502700507348 0.32612388279717047051714976735948246427872394853020
0.23910925399360081810114250411807040863385100845655 -0.28990648251335516518623036470712250015225908138588
-0.22656687202408106269237285474408466812703490411936 0.25119945393026533449342668092373794221396549468913
0.19841905561452539538253994303162513219967431113426 -0.20764119519910473122319114108030002938784243142925
-0.15231653767081398687250348492961142228127193153007 0.15409190374892260643134628706035684231540780854514
0.062090028047077171348085821389500110903045139323640 -0.061955156115957659182794327180936309196725908193174
0.0 0.0
0.0 0.0
0.0 0.0
0.0 0.0
0.0 0.0
0.0 0.0
0.0 0.0
0.0 0.0
0.0 0.0
0.0 0.0
0.0 0.0
0.0 0.0
0.0 0.0
0.0 0.0
0.0 0.0
0.0 0.0
0.0 0.0
0.0 0.0
0.0 0.0
0.0 0.0
0.0 0.0
0.0 0.0
0.0 0.0
1.8710692325411854047275217986847850828188763593375 -0.13683237621488218643549612799528899067820759355180
-5.0631169174116838542973517029549276273161685871527 0.35725805325437706769959272920459859061109856289564
8.4164296064597604315382942188204700630072969781822 -0.54272456113273428075217475874085961367543332079981
-14.761251712508784522335686642956041966936085689377 0.80899267738641885688337896755363036448194150732338
31.973737186019670785945995076538742225413189062026 -1.3190204327457834610055023634931069303888994416519
-121.68599498428470176059007506948159070040214429606 2.8345732839319050791820976494560447680840754318533
188.38662808245504362431061258754723492773925400329 0.0
-106.93816787467146614362924361687115294194862365204 -3.2228990460648592862430222754592026078213501883488
24.581250088458266071765305524120289743848232686879 1.7088295609244009932805995843521939307179280100577
-9.8640154065910502823307163308003696094115084913880 -1.2033149910287023907283130522281597218741485513171
4.8921827611736403575158980175461049434726579922826 0.94898231785502561973836544135364230179750370879940
-2.6751761831054482319705155166728835531145316034119 -0.79423524589044252863530949198061563249743312255268
1.5200140863026404770076453762205851968098793987290 0.68848655696292279570564294408846132339781050291565
-0.85702018276746309799845195254326482491434137792698 -0.61002547331003787255252138418329365932324845588976
0.45235210563820423477426174425828914322040111140713 0.54796933145250190758057060878364160550663806505272
-0.19613089417287241176782191860204150936011923288673 -0.49623504031574872716914759436549019232728888648791
0.031378912739371590151662423730718860560871073722983 0.45111502985631848875607885565526615797813196654502
0.073742688316520452797128807566837804307263756906010 -0.41015989043694207291900620518199310572406102553994
-0.13806758789464073701015317336081092257224808903326 0.37159736271995691459731969412068343373765663749134
0.17319338825372278507746096576363890639165617199858 -0.33398264919619139338455111739093414552210414824268
-0.18638683269447578842884536053493893056255450124349 0.29592919880495295148697327389370407080318479454928
0.18204762481470529234859410654010222638691179825608 -0.25579509309772944883031992568233449111045571616378
-0.16222857384299440282314588547239189483659374967607 0.21107792449479335707664173003240960523652373893027
0.12571861606255743590775103212411445609267926076982 -0.15647623862870554697642543335390999966496000823611
-0.051437712552484756246543199405162183330924902459334 0.062885874316968799161178730011608261161701381305261
0.0 0.0
0.0 0.0
0.0 0.0
0.0 0.0
0.0 0.0
0.0 0.0
0.0 0.0
0.0 0.0
0.0 0.0
0.0 0.0
0.0 0.0
0.0 0.0
0.0 0.0
0.0 0.0
0.0 0.0
0.0 0.0
0.0 0.0
0.0 0.0
0.0 0.0
0.0 0.0
0.0 0.0
0.0 0.0
0.0 0.0
-0.96204468444866165940710322214279315073090613085084 0.10715780066986565672412693035972446000302108901389
2.5573041686017365658174259608050811976640653423368 -0.27671437443353767138801437355003453858078334864034
-4.0510999259015665349329250769724432966806405279653 0.40842379117513843602885235847600635452026533515916
6.4379568162853102104038319647678991107714830626897 -0.57552676551276492225915188058224979630095380430962
-11.336333278527510962484337193181421780793227230593 0.83886645697543895918135105728200771991542067901872
24.932465708238056317255209927336289838939551215695 -1.3572405944833400367677752692405515109334390929410
-96.473782375002777119393044469807426645480587367096 2.9075237341924631816246512028288818595559966547600
151.37433352529398130973883346952197990486190896446 0.0
-87.053969932777814948657029742907352449407269807794 -3.2911505272491391369988091395743358478017883900587
20.188195012937774603238224511409858810633420936184 1.7398394617341755749922332042769858592944855687985
-8.1510346647099409262352792342324902716796582479231 -1.2206714205922839170637992754316485221552292386878
4.0579908490291306420071198004201923785305137625356 0.95854312191524256448495820258858510623569403277180
-2.2230919690059212680298918035582250058202538887314 -0.79835332468002747957904843751737815805288486936975
1.2634712029061831705327567358042498711949929173101 0.68835496224791360452044298911519943344280496753461
-0.71179886002110327721430210624688381417059826617863 -0.60633123026300954023264365712278697404612416126144
0.37540245513287527666907529120388462438530816456713 0.54112566889631301411406349181013583809647506940064
-0.16335462232930852262904604962697572906346743525083 -0.48647145067114928916843084648622815596616409699026
0.028315864629226388576278086675211888723892090258523 0.43850595214825117899311254625141484150206197805982
0.056248397109296136304227764771956865725317782121963 -0.39461656295081164414626640694633273660148270241218
-0.10604769550200913851143442808804543335900069366060 0.35282360155030454219125087876814678085382281429984
0.13070983147869720988571700563828056452397760821889 -0.31137332119370572597362815568181951742711437152601
-0.13613229372969854235468529076857973356645553700033 0.26834282150993826494850449333010429199993799860953
0.12551955869837165343896968129535214020648051343476 -0.22096882676856987932746647468828122225683355253819
-0.099015342828044799876959318641150093563771162477054 0.16359682429196820518804442229866686509529232010860
0.040788979862205705935460911325871134291988632837302 -0.065711995160774019469812462145645021295963301706108
0.0 0.0
0.0 0.0
0.0 0.0
0.0 0.0
0.0 0.0
0.0 0.0
0.0 0.0
0.0 0.0
0.0 0.0
0.0 0.0
0.0 0.0
0.0 0.0
0.0 0.0
0.0 0.0
0.0 0.0
0.0 0.0
0.0 0.0
0.0 0.0
0.0 0.0
0.0 0.0
0.0 0.0
0.0 0.0
0.0 0.0
0.52868693621652109147498928825882997836639739820860 -0.088637932326830197863897562681659353191691548397730
-1.3914186344880042230793609156105119985630376456536 0.22719882910677072322921590103414030529413165940114
2.1460803577270446379978208178029064118231101315810 -0.32909405610659707883696724658427340070886576168057
-3.2348582581517089093963368935085803292545878525017 0.44810834264759318133369840787532187713074944485313
5.1484898331857943686789072988443551177948532704647 -0.61504841048646897424220336554946815458963047394203
-9.1930320683609827561258330569339198893274344513001 0.88715055093848488816694586665156360992073620808678
20.542841699738849057773112550222049142932899683761 -1.4280890937433176829417940016372848709856379962513
-80.643351519474330398609055820693258841248927701752 3.0487915608834615899227638371137892958469478027792
127.93315661371300790247764504899553716757537749902 0.0
-74.340018783508568272096889560164803693339144902182 -3.4276312577666302828292766551371561581780706737456
17.365915212383357401310357536164705746565464540687 1.8046616569086699944520397955879624515882479853153
-7.0517916672629009146653540928707245363992479672869 -1.2604191475211884300622827129833437515219644871142
3.5278692605946070115571256990360763385028125286966 0.98483136112780032206415563979644368587768775561527
-1.9422979039993970696642804971805519411032098165471 -0.81581570898801888356135736291914876974889315256339
1.1111992836054343301748378224062585547967419314790 0.69928916931535175168453117707298586697460427534279
-0.63316836436585780044293196273000034067481622973384 -0.61201074877162850544240062636482743597250685794442
0.34216326394287402979693070526357321099256505837089 0.54227596710916923797031514901144598781873431897419
-0.15957273218849835459740952898655578982002769336773 -0.48346218050344511821641863933518689801467549273633
0.044353011829618252997865283071500237238297494310945 0.43141912471211546497183970538499219396865577677698
0.026547102282808179535568138638329730318540462554708 -0.38323807809048696511950206058721592121585987687930
-0.066773741077353112421974959746162736413964410189987 0.33655361199807916559108812331203823984117369646456
0.084636293302552175316592115959368518388121275689550 -0.28898893974063178156282890110598392176469513637621
-0.085040743492180501348462472258874299977073617615770 0.23736535930773013182542877278985407306516831530343
0.069880294406273957392443939600266777113799411523180 -0.17546115790577368871495871774593839062395233239197
-0.029222209394460150419804735068907501769515476894097 0.070431475211790607113879465088189715333549921657334
0.0 0.0
0.0 0.0
0.0 0.0
0.0 0.0
0.0 0.0
0.0 0.0
0.0 0.0
0.0 0.0
0.0 0.0
0.0 0.0
0.0 0.0
0.0 0.0
0.0 0.0
0.0 0.0
0.0 0.0
0.0 0.0
0.0 0.0
0.0 0.0
0.0 0.0
0.0 0.0
0.0 0.0
0.0 0.0
0.0 0.0
-0.30094923718881370022864220802305224187880486875165 0.076448902099552351785172170434185673138320587130490
0.78849270112642848402423737033838632589229193927371 -0.19492561662473485891007776968533203551617210322980
-1.2006487396985277771628872600102931836203890029863 0.27867607461053932137893581137184642959789315307260
1.7617697566598823091470447896155142453461150659154 -0.37087215033734815199811230575407390201545525936104
-2.6618790509996649812213689774511549717241096572973 0.49043560912071913132652848629017159152743756597565
4.3005777628711351747129771554158146674885945792421 -0.66476371938468976053854696134899739157628069307564
-7.8091624859475766564713762941132760933013147590951 0.95264270171767691235251166486640504283648764929499
17.716243549580271115931015010857409706980568295957 -1.5268041358576064475438839029221438406975885818521
-70.423374209663442944413836475725673994463003437860 3.2470446291034189863961772819015630893736766597731
112.76860108120452893336060425865725639389678474386 0.0
-66.104397001965511423954142662045171373803784708187 -3.6208540943800793799400735779533693290260415087634
15.547294467669215724810843547199520845611524735060 1.8976432074439525760124323962707612002915391024033
-6.3534805027829121887060201017544065557866300711412 -1.3187923768904343910025850081562238308144098971398
3.2006483709931745243960824309654544924506563969257 1.0249562734738449791710977952727704481790616173766
-1.7781476897661917755475672820764890728656315640663 -0.84418780203497802879440702926594011130935018932711
1.0313320692425502996309084619019867409554007683245 0.71908856736373263853821196176988638061005095492417
-0.60165887659087701329863772914571161883940894011898 -0.62495415521476393093611038331360082622382978269822
0.34042196231872831611349798501806717060865171034228 0.54928758424621576852003257639506489668830816323396
-0.17703381154630577843673318125468165164442486337125 -0.48493840554820663010431668079219953851738205684677
0.074545087646492302310521372489251173218118952037150 0.42730688001803567914183162878394158523138285058763
-0.012146226725962728753596017345272136260632971353946 -0.37297874598620477515213138135838772396085056403338
-0.022527104423572924928334425701728032749889725365463 0.31884086034676292401553292833271053466962983256749
0.037032283502885289459220903173884403260499289944309 -0.26107491935806730612427584863664646842982552028345
-0.035689631198651439704403638151247210186433616706722 0.19262124047788517123785890175699136613777491973152
0.015708960748057760262386343913764933419101161449026 -0.077258527882511568177455740274159544163581283205052
0.0 0.0
0.0 0.0
0.0 0.0
0.0 0.0
0.0 0.0
0.0 0.0
0.0 0.0
0.0 0.0
0.0 0.0
0.0 0.0
0.0 0.0
0.0 0.0
0.0 0.0
0.0 0.0
0.0 0.0
0.0 0.0
0.0 0.0
0.0 0.0
0.0 0.0
0.0 0.0
0.0 0.0
0.0 0.0
0.0 0.0
0.17175620311893671648666274000065407535163325451993 -0.068143248853732592874152930353542311767366572335579
-0.45026887162332053428965987188377060029184467934249 0.17307290281591542218269597024743628438356637140587
0.68500737416656518294521530532735597758087248570053 -0.24508607005218301677833445003644694829222847541560
-0.99761928645811233799414359687042708943630372932458 0.32092346472739210492324241687813124934840209272563
1.4748364633801065518401541999070996741585389664286 -0.41384324131989418030024631653045952607246790477168
-2.2711395822224964129896562581386805583926508788663 0.53958638218274660485172719466378530699364564454033
3.7419730922599227381371684222560738254569208431409 -0.72586542077427503067899994399118828625777133843032
-6.9108928698293263239888488020412723036526150737174 1.0349519740725881003093619907834304713824347946474
15.894215950086030808691305765041709684708961844660 -1.6517230299093358588737968639452412197565522550360
-63.867161940067193739409298304169522644287210006241 3.4983100261886044293564513501336024159758758459950
103.11606429965218701936932889856633958529994608177 0.0
-60.921045038344964261000101420241698116171142398967 -3.8668153057306572946122006878200440991997523288398
14.428683218528115295386179696635417489277163542787 2.0167716353758826430941826067767714636485321074023
-5.9413576077243029445784487966763478681669719745695 -1.3943764610039966605400902852827251161422831331441
3.0216359068628850346945427186399650091999964781054 1.0777288725308840429589056859703850784801399870871
-1.7011684376475035991391102723735018376719604483934 -0.88233658561328570677091845212848975063992134230407
1.0068093408675061356956248547437397792046540597321 0.74656691977044578052715312411480293110876652813545
-0.60696222630885572161799189609156916607608061716572 -0.64382639341774444434968899118747190639939750467341
0.36376993786506667932833772190247541856619871942055 0.56056724060627095003563736783767864052366343677542
-0.21161517990413966013803451762304657424301709087208 -0.48889530050399617650620838817054183919896345018758
0.11600735274915533050084439574624231380253029432594 0.42350258413431280123491668076595344006749864210711
-0.057345126093010708862590488631718646705498458615059 -0.36003914231784047293151319417086825078994429189475
0.023683538819502043291703371217689656307204313526495 0.29369069993359369483139126076715700166730839098255
-0.0070975767885433728055662956368985052368891852727946 -0.21618338437980710433024032912024056126288271345307
0.0011266541455452558909238157823420548704783446660290 0.086625597456153368797056266907330599823014968108313
0.0 0.0
0.0 0.0
0.0 0.0
0.0 0.0
0.0 0.0
0.0 0.0
0.0 0.0
0.0 0.0
0.0 0.0
0.0 0.0
0.0 0.0
0.0 0.0
0.0 0.0
0.0 0.0
0.0 0.0
0.0 0.0
0.0 0.0
0.0 0.0
0.0 0.0
0.0 0.0
0.0 0.0
0.0 0.0
0.0 0.0
-0.093732082915167545597045419287171316786204953129539 0.062383539379919997817526243548085131131015791107822
0.24766858733009143466913957263266492960970531753321 -0.15797532114542673353716130541151848635777225304138
-0.38232952743858175852523539203974280016734996963369 0.22210526713436781491950484081718603987890470332993
0.56454544973128938079758931412391072341117493782444 -0.28736851552968433520978061914258761837258322232834
-0.83851937269612533443721613520540285585996354465786 0.36396499351043687499156961398610680184573880492326
1.2745073784510627824134318535247924313990709753578 -0.46219259715414839413527962389348355850359422500013
-2.0128347739157950623090700077731535014637703347973 0.59759216297374973656771616804189861985444143233795
3.3844666121842382476690597909653772731931268680206 -0.79944911488332826265299377977604421085426736619947
-6.3489024839618262830942814556004581525342227768729 1.1347865385303340901442019483106626416405592868025
14.776100771025827742168312358445099227145817888935 -1.8035142589569872031921718763729959394342625023283
-59.927352929788772157889649470596220778747979736811 3.8037431136477678347668965834416675023608294018067
97.487783884993799553264294479007339913085823861031 0.0
-58.023033921692048362216809015037801146463125520177 -4.1666885917922400419958670237797259495303924154802
13.847839491063536272198946827172716718242900731992 2.1625585702912632542436534980000442306207414061812
-5.7549368781149757728156853346375705322069816417392 -1.4873744050763483751347582464610354011320861767136
2.9626401342850665560253974652095269238225612210183 1.1431004715997033832684073434504792418660405465337
-1.6966594600926527208925946990900235960309022274306 -0.92994954576858191720840557123960091788267752634781
1.0294761664690191370031499097299316852088049164722 0.78109629484936285474561422052640815909703550283712
-0.64435062169213020736083146445583560548472742527637 -0.66758885896686395409013427682669623276252188676084
0.40925453875375791964897641874681371129073770327850 0.57450234699024365102996324901434809007542942514741
-0.26106602104099713868549893915684443090146228665287 -0.49285672688986446466391597961464999137722883391462
0.16624162573275113526717873584977241336278477140845 0.41610557700385633145762162980861761030322113065436
-0.10504938123271411757839310358679964721243635190281 -0.33782415313567040129240498854154805472441973583399
0.063822160783817291950836871554765470991658273200367 0.24795821093843631244202465116407411981316575112050
-0.023344986263355503135099475364538309105823624527218 -0.099240117877374144970597218000501845161580459085694
0.0 0.0
0.0 0.0
0.0 0.0
0.0 0.0
0.0 0.0
0.0 0.0
0.0 0.0
0.0 0.0
0.0 0.0
0.0 0.0
0.0 0.0
0.0 0.0
0.0 0.0
0.0 0.0
0.0 0.0
0.0 0.0
0.0 0.0
0.0 0.0
0.0 0.0
0.0 0.0
0.0 0.0
0.0 0.0
0.0 0.0
0.044006608455567763264114914249517405966659707277488 -0.058399014653915160404319528903209681170033821333158
-0.11935965484701559523102036000733555425618406036500 0.14754476446286912740680962400905826204084945042096
0.19356849825145099908679190480326296265695842545655 -0.20629291086423533816572103319179624815541720786467
-0.30140994366959099833524828752431858115810882003055 0.26448640906578284643684245930300903915146832386591
0.46700196210833594031003946085469615026512323203700 -0.33052800768511726919414718948895252885476879770512
-0.72628289405445443950856529724493562366892463896009 0.41184545067554459323539662556405351395837357778765
1.1442915754133059474014406220154336858571469878896 -0.51830399074415285662448360233582374652105431875125
-1.8551112152535422628714747820813221295354194961885 0.66620464964889934164135533390836906465846831555825
3.1779350422851363725324769200735132467544063679896 -0.88714457993885582319970216071804466632447555569656
-6.0415736202764330840048583532602337215653321890142 1.2540498442315189751776405321032952193309841116056
14.200963107554607126549488785791416364191163941006 -1.9849420183789361209734638410638993327686885865078
-58.054218610808070124924531066200034697441342108084 4.1689279936227902762983540459671953323438753031226
95.123151973913169396973871381497039160705338176466 0.0
-57.032730365833900803959602609739296723752928743621 -4.5260957443688666437588400603500329000369981459971
13.729285993061436651813952600828086985455997851874 2.3376715362020496263516107348792097872979248161366
-5.7683877125225749495850725171986284044602896795581 -1.5993388197993855099531820172468369840173586944858
3.0130947976525263419607657085889148663897705348961 1.2219178927889732737484620762873154548915691466709
-1.7601119869116401914941975535760733761863002965095 -0.98726790738853414614738440241821196939200196359123
1.0974615245230035191340618477730487255055963004082 0.82227346538662289382967986118584749625852302269699
-0.71295276927418857887240818047690341738299085726310 -0.69503454038093073503889877279502520090521420592205
0.47592500673684549588267249364649137956248150562570 0.58874837631357819985195995690387032003153500933931
-0.32325362740090330245888652107049430243776834347079 -0.49266245681032821836971151366874350050289855313911
0.22018154904346189358129697229243628853500711862647 0.39759048914498298846846958182925524146913954363497
-0.14316063262058327287944540377745056744003260565584 -0.29077757588728462088952329121608233487675083259445
0.054270206075482873097475614774256468237411549899533 0.11620518816839203997790294170487308847246894856757
0.0 0.0
0.0 0.0
0.0 0.0
0.0 0.0
0.0 0.0
0.0 0.0
0.0 0.0
0.0 0.0
0.0 0.0
0.0 0.0
0.0 0.0
0.0 0.0
0.0 0.0
0.0 0.0
0.0 0.0
0.0 0.0
0.0 0.0
0.0 0.0
0.0 0.0
0.0 0.0
0.0 0.0
0.0 0.0
0.0 0.0
-0.010718119068869381672049158400942771463317158017329 0.055731408126268074662223141284301723371464586627801
0.033906168319091375258968413627244861065163308994221 -0.14054875589725383476139669137896505585266506602878
-0.069411815169220540083379080870734200300674933828086 0.19565596558903531798009411500370719191717887536723
0.13186711198151590307328816131485228381114141510082 -0.24907441856030965787741980202095542186863586571649
-0.23482499241439835622347734464866697703140765112629 0.30809331994981680976501518149679556484211578014407
0.39831294377291119344513741973847324056844830538976 -0.37849314226580417636489971952978425452044567959059
-0.65630818742869664796649675397555104353722660227002 0.46715902463416714300293827999493915210948919078846
1.0725203807685248577444395006829450515658045946584 -0.58432255876975072032303136845535678008451988437788
-1.7798199059703381816693278389747978482162678908758 0.74757071789571950244919989318125318094065586742675
3.0960218670942488853862489376446372576182967632173 -0.99145131475525782497391543592877944743398335911982
-5.9484590790543597837323044923956054028512436743407 1.3960431044068869935397287711021820896780481273202
14.094285224846573042530588948838245628332494122142 -2.2010449590198557174657355156580379000424466829531
-58.016543099394284816263530159076245571931837983767 4.6041707479336806135058806237474390288197750284675
95.747367243710035349973159904119269432764603556243 0.0
-57.846242536109908860429444491503193436331343118854 -4.9553824159958912902192811388192163596019308677113
14.061966177733243465357506224615809003697171994056 2.5470386747018583744893821077528753344862726371786
-5.9830857342158183848487935395884655071666278146508 -1.7331831668438456101584960506678104793074135078904
3.1770073640238039281287169585796214509656672613900 1.3158388388843624617275247219308797318609316382163
-1.8957603298586567731663946457396403817981085919190 -1.0548730115241546310014620483916184669649240933150
1.2142459502407859435964174171701973104902878147908 0.86950642869512585178683446617780241299872139606796
-0.81469212481925526150472062417950854228507004467792 -0.72403027875186422483160963578785780000753932633375
0.56294275286251897326394488671556383703671019952195 0.59880454457790465218223303953769746350770867127095
-0.39212215547376492686444044310321257211697169970147 -0.47951451710357744825690846931308223088796521602305
0.26007915974455975370286240782129812138329133417374 0.34907870446557283811306771919922983240587944464664
-0.099592765996564373354101250619045333291302739577923 -0.13924093938342242750741132211725538254432556584892
0.0 0.0
0.0 0.0
0.0 0.0
0.0 0.0
0.0 0.0
0.0 0.0
0.0 0.0
0.0 0.0
0.0 0.0
0.0 0.0
0.0 0.0
0.0 0.0
0.0 0.0
0.0 0.0
0.0 0.0
0.0 0.0
0.0 0.0
0.0 0.0
0.0 0.0
0.0 0.0
0.0 0.0
0.0 0.0
0.0 0.0
-0.012676929267419630406891947839444876466392639684561 -0.054108546399268681736203681869597973491650229652851
0.025874430154449290309436049943860304746931744879840 0.13625731800129606359546576713744964052115664207883
-0.016496490334082887684039949048483440836130408951473 -0.18902379115614754230455606074820329424277861007066
-0.016615629175243354287171075895345808509895905351130 0.23928464982398565753351360347180526177294144578401
0.080947846537200501623716777220823012623423328761403 -0.29362378405186509479522470587794546200169199624794
-0.18835893810451831479750518819132723877548852167458 0.35682136664082120974605099496080146983661575823553
0.35832081392089006724047023901750101782516833948440 -0.43406190532201971905189494493518291999864515856015
-0.62499442173505800569126769886975027018876181950068 0.53238865348407667424532605333128863425878483608010
1.0532484245854224944357383537287522134135859488614 -0.66282009606889654590423847263640868271531866915159
-1.7791498655065674507166732834382143049857792512849 0.84466359183601067618702575469340438527644040509934
3.1292449862738475393151726165681053298355268595172 -1.1161098738832503515131951736647058774973061029364
-6.0587111335658572675045750540596595233610195639014 1.5658854403923014398314015654590485758152583731478
14.446221970910824498230827643023224678118603394464 -2.4597434946086777005629779587321477503606610404444
-59.834794166764376782460001009346490108485232983510 5.1257311431010931453073266309506628951549913336827
99.494208050606932558253205087338363173709629093087 0.0
-60.605999835168014660862908265844762642032920691282 -5.4708314352878510329621380017294005096924410488851
14.896842598947429149570669930787730300921300785218 2.7983805820672824537794216062515335137326368237278
-6.4282817614115276882791142635826742820297459298066 -1.8934136475887279382235556649538699247229473096814
3.4740395920490797697985064183877224126327788393306 1.4273107310433160387300873407697338606883866120363
-2.1173218869380134422594715921992833343789076877272 -1.1333518362979033063825209948296314031916175736108
1.3885253302366585941101348082129408237305018335418 0.92118945921762671936716655409578471445507638683592
-0.95241360196019149290233123205845488485811050549315 -0.74978041261249524570800110956746696383277449021847
0.66396130726614705051472129787463542377123675210835 0.59423562271328516291252931430603762414030148162272
-0.44194487260497056390744963081544536207039073409186 -0.42997942776218584740874504251398438723298762697561
0.16962275992673939222330088240495155333081146951409 0.17108832375642867624993593318518791477400373014788
0.0 0.0
0.0 0.0
0.0 0.0
0.0 0.0
0.0 0.0
0.0 0.0
0.0 0.0
0.0 0.0
0.0 0.0
0.0 0.0
0.0 0.0
0.0 0.0
0.0 0.0
0.0 0.0
0.0 0.0
0.0 0.0
0.0 0.0
0.0 0.0
0.0 0.0
0.0 0.0
0.0 0.0
0.0 0.0
0.0 0.0
0.029999946454030980601022858673542268325281379149372 0.053379900517931172364850496307031385342753786052779
-0.069940274956928739061390306653757969040463007310182 -0.13426451939075656214721740352273818275104413765800
0.079152860694356082098237348852728248086369616627703 0.18573953868606237957712287480051287774300821738028
-0.066043037171845976909416916792388495474568850496885 -0.23407466544885431458915075691272959553799268315624
0.026879403051615559900439224293956960325199139464081 0.28541561209675458149475660770012441286177702390716
0.045640039340406755045917466102893619690584185368532 -0.34391712781751352715182208043575904242870893788993
-0.16352462381411555903917637491107543899848630918142 0.41373720664064035768123054642336313484684961198555
0.34694265075801103102374453124012076824552761485136 -0.50010214742372270138191395839784183402627987036479
-0.63168389392144118582566537642975425990190395193528 0.61057588259803710430325661572767523389978278894927
1.0861378674133574547063546127506463447190195447738 -0.75730150000221441321011957104033909001357678557524
-1.8543276732830222967355737736534527172963363979748 0.96177492577709843994263574185249301942156629868247
3.2829201138073990077395063495168634993607049249669 -1.2666768018461949704967457223304458537092884232072
-6.3885530513559996686580947091340991130892215516984 1.7712853931784809651879691968018044748897503050346
15.309691059167642126798480004360845736833715164430 -2.7730386158362276071362385543437766815050494273566
-63.790697527121533505255874995007185016228443643387 5.7583103035915451982034855987468518511025894472513
106.95235488303950189204189826374805949145002922243 0.0
-65.747749860806429111473194213894598810638322373284 -6.0971195787164391144143591662033141222413223231073
16.363361847510230554863882331497565327186000287175 3.1032812425907963195089969068835656995237286715761
-7.1702120562573827890474001845315977079812038118403 -2.0865798464250466368540939933546012752644444235151
3.9450336339025605356434150942328279579750090601883 1.5594713002468835534079643250381140972921634597968
-2.4506582884246488266183542189983786951487182754200 -1.2224578547038702495757896607053476436060809526881
1.6332344059103721137390962366351746425310475386771 0.97256955017121550455034402535274201365422159934474
-1.1222034514122936246479121793338254284528018285665 -0.75987226003748197866121928649154111331862642650919
0.74212288969587880881375185349061531903110420287366 0.54533469570449122616118740701735717444467612566064
-0.28422798139380700316480033215077486211123005387214 -0.21627158754429779413398943767358758543731833648329
0.0 0.0
0.0 0.0
0.0 0.0
0.0 0.0
0.0 0.0
0.0 0.0
0.0 0.0
0.0 0.0
0.0 0.0
0.0 0.0
0.0 0.0
0.0 0.0
0.0 0.0
0.0 0.0
0.0 0.0
0.0 0.0
0.0 0.0
0.0 0.0
0.0 0.0
0.0 0.0
0.0 0.0
0.0 0.0
0.0 0.0
-0.043619909684811762578496081215731062103790952070541 -0.053485838927521265382118275232389912012764134730219
0.10442151237144129741125664153575364611821007892299 0.13440298073212878412697660852430374675321462760618
-0.12763695002552611810890507532910806850768215664215 -0.18551177950573962657247610169596327399000941900310
0.12890230832416462120509828938676512795631480418589 0.23294553886080636806530709273020642756633794815115
-0.10697333310800583298192794103380645986736952253502 -0.28260443946747425025318302277534274969806969746636
0.057272861502142956993519741858040598047633687192759 0.33825465379105537375623968879967513937696016994581
0.028061021303715363736805851450324993380458354557609 -0.40341577696990198274304629638977520731269261877728
-0.16192743751051094885905578594157289423825033280873 0.48222128217713091766910840908377400123324334539268
0.36613597912617085191265131503454573488353811758485 -0.58026902095268570492586075229475402816140045292691
-0.67961850110272014476375066588867377561362125826939 0.70593225289317502884364834920344443884171720470799
1.1771039873858927341815970346259229100254721635641 -0.87284340981083726282594590593462312908351488943191
-2.0165292575556271691580208911183064937380586698270 1.1052721605020872886476176733546752376716372367866
3.5792273861793856657148326223282383287505116264122 -1.4515049406810131654775234885798158854856772284029
-6.9867312103589911952656321142105157333332427270511 2.0239196733897130785491661491401773530731938661725
16.817614427959168947204294256668717124131743646469 -3.1591986918906417853902636307899610441666480548416
-70.519516468820362444852723358790275651908802100648 6.5396294999286725513563696162718754905321632013269
119.36260895496235578762477448490499788205330454285 0.0
-74.149122714405809338277152113321218700210743266256 -6.8718307391232374099064387459231863283739561275652
18.714125297827075331156498930992842770438894037616 3.4790961870272763581072794838997593690255580039609
-8.3344776315326000895016596102288795464671916585678 -2.3219356689580150278361490842109768287355372615817
4.6641074774148237257503765489482387700305327242871 1.7155599504259231735265278810730315125384102466802
-2.9372458443840497998523534303081104370139680968629 -1.3185752509067402634717553060260934241773547823763
1.9561322121819699930830655379691345608917943489247 1.0091433184272271576483716821690187088554744449623
-1.2728684852672418077231542534201726643519226524554 -0.71590801158535487627959503499996757626892570224429
0.48454334410629508742324270418175715001067627844929 0.28261828573073223256920412323417283691416820982517
0.0 0.0
0.0 0.0
0.0 0.0
0.0 0.0
0.0 0.0
0.0 0.0
0.0 0.0
0.0 0.0
0.0 0.0
0.0 0.0
0.0 0.0
0.0 0.0
0.0 0.0
0.0 0.0
0.0 0.0
0.0 0.0
0.0 0.0
0.0 0.0
0.0 0.0
0.0 0.0
0.0 0.0
0.0 0.0
0.0 0.0
0.055120410731414887980548734844816207669304076591623 0.054449342825114440801481518758309839215783049332362
-0.13338548336383812963813702460531989979298689705306 -0.13671866111227655416729740916458965165265069494373
0.16786904573482003287843439964421664470429731338477 0.18836380154887318817618744826830260902828475714253
-0.18008125932192041801600961943009916758243102788210 -0.23583996459731894724773699600532028712184366110344
0.17054092626812264354711379969358317421296722964013 0.28495727591014466940278276978936324189979855986399
-0.13640134245536801630358863174235482738771543616761 -0.33925782657203237144423543478301208128944791887272
0.072251579487471809362980301774475104924185123166207 0.40186628129528654149231473312888104911273941036259
0.030752585912221759361029016290568736780955158901130 -0.47624157492760707781050414570845979659310392502450
-0.18708135488807734311458400493476740110662518714945 0.56680586040782175162268481363641347255112829285774
0.42130366106889577960799123514569030949706201114171 -0.67979418438916866745789740813147887682385689709713
-0.77748506709408228216532053915072699474258394458739 0.82470602779920093310135370859869363799201209584378
1.3405682794782763939046535156249536183216446584523 -1.0171317706990144930795384286208187591748874149522
-2.2907600070513215882771199040822593966414953538880 1.2849147413961886789346542375053686872256807310763
4.0647124594460347668916185971857203606340401717615 -1.6835046036097880463193706228708792235520274527509
-7.9511118772577166994107069919096852709337358395954 2.3419545534355758761795665957704894368560537596032
19.229312772136135612591002799188901424187180330835 -3.6468035230035200323689063082770573988703582976369
-81.239794240561959999720043960836091578417211502972 7.5289645361357699726564846249904350532524616467112
139.08717192614105755156894304360590071257978301998 0.0
-87.473255514306306028861199094579852904368601198137 -7.8538302974157003093639771019977561812169443470774
22.426083962803137666139157192057800990266295054143 3.9522964325838404786559443697730420175533170299079
-10.154793866931896964153578174364084998262251466160 -2.6120867856424911559163671319960585974399550105611
5.7608857983505462699308858260322353684337412569844 1.8963263047139731222310734301165508480115224198341
-3.6280726654548240083140056963407007154796739506991 -1.4059179991486020760282457383066106985218910814462
2.2934569830735280132638985783758227987713343365471 0.98050899972471196356239558520344585106422214512623
-0.86349815142860799275271264433436634925410617072929 -0.38451048253303215520284108444224661539906306411610
0.0 0.0
0.0 0.0
0.0 0.0
0.0 0.0
0.0 0.0
0.0 0.0
0.0 0.0
0.0 0.0
0.0 0.0
0.0 0.0
0.0 0.0
0.0 0.0
0.0 0.0
0.0 0.0
0.0 0.0
0.0 0.0
0.0 0.0
0.0 0.0
0.0 0.0
0.0 0.0
0.0 0.0
0.0 0.0
0.0 0.0
-0.065687608609953771548181791512140216724214935102504 -0.056389354517806536355613502816676997230323511776709
0.15985097524561628688140642315521647569955482610964 0.14150184039880206561092070474785930611314008223554
-0.20415080600296860128822839529654420247002175123770 -0.19466728718912689660508644113943111717737570229438
0.22529020548031100846515513690828604848380969844169 0.24316344543077404064316817976154985626705396369587
-0.22513417054580783388300629199892505421113743656011 -0.29285382016840440224517297095853496183222683232815
0.20199681723644891754561610255592053373300800044984 0.34718485635536564902594427467198367949404941657072
-0.15198493787182954643887831683411789570046040612261 -0.40905474592216434648419937867174816297499902403513
0.068634487807510181836244118842619852299333113173622 0.48151248871788473073306016735215721082840204724218
0.058421859342936719182490868012489923485544648286190 -0.56826597297622614097135708053557036457359215791238
-0.24615820430674771013474990258484734706347688473492 0.67428682728158145382737422813143580196646344315399
0.52352524811345293947717384681993502047818278982626 -0.80674919275910319511383325070066420401374629648476
-0.94270395067674692119411944056210323042438282678158 0.97670217671729254601214001075107475404914974829875
1.6047560742460260531382588363922587910840554173810 -1.2023641000480959794490362300413370749391367598060
-2.7250562502332491955204645053483918281093801389509 1.5163247420999626658857661751367722422937239055330
4.8277876186756861611674157371533062730245501965930 -1.9834987174885696701765362058658022791927401132992
-9.4668100301912969825182497871238579124094622340015 2.7549052753179246237441942979475592573428735508048
23.036302011266729234163160997862137005900601776636 -4.2826212401128183362980650318970432792526791104473
-98.277867225463261222244690027170871104686755720445 8.8239278010466069730147236130289086199648509672796
170.69145675629819496913220835168586306753870312542 0.0
-108.96706583223741838151461887338262937690784819624 -9.1396034378474849828320845692295549377945037220115
28.435523244828084072561197948167459282182206710620 4.5643353107324471402420947630491731334104746214445
-13.079865291672224289712886177056158012648261971266 -2.9721629292914603782214741108388715729960780216213
7.4472465978526447925512972508798032764597840619344 2.0888389454556867450017187048823681849856480459117
-4.4790824855643504745634891658708251650307706477575 -1.4181001018955998898913963649763422775255229555340
1.6553800029928328141667463010198472070366130352281 0.55048803874748587855722397592058647094528842249164
0.0 0.0
0.0 0.0
0.0 0.0
0.0 0.0
0.0 0.0
0.0 0.0
0.0 0.0
0.0 0.0
0.0 0.0
0.0 0.0
0.0 0.0
0.0 0.0
0.0 0.0
0.0 0.0
0.0 0.0
0.0 0.0
0.0 0.0
0.0 0.0
0.0 0.0
0.0 0.0
0.0 0.0
0.0 0.0
0.0 0.0
0.076387236050035031603893631722277662656113496803265 0.059566954542345737678393033009140037613068713100731
-0.18649972921373221523007093311900008307864983949249 -0.14940140170451898818433655250378093104127611428736
0.24020326691559641790891912457717572157037326188031 0.20529397207177950623546724897744318618664519211184
-0.26926779290116273319131090178694958234444065082894 -0.25596117753308754265978532837169275769282017629472
0.27668133700694394945929650221862572872799781569121 0.30747412764904615451082075468009055903531844641825
-0.26157975520113213871724689240832346948622745227759 -0.36330037692980791945434534653866375742650840188979
0.22103755864612478853531631128340412220370745962641 0.42624438584424114609190326940074548662365445174064
-0.15002354909451492970463893911321517226887060491337 -0.49913247674375782232517002426531630674683327572576
0.040541082006438618469888366129569096639986653478868 0.58525733567230041077472789270178634621510685523993
0.12017194182374019215428629044926438514900374278155 -0.68884884500940804147906733469452604219663602200710
-0.35308851975601152029386079686919266959933000317522 0.81574165921756518428852418930347384308308965737452
0.69418069789655902822549969063914629316416916506603 -0.97447530182885835109986654428888352450914357275564
-1.2086663713932968033969999924566103326422655492954 1.1782896597350248944770584380164197290242028562096
2.0235999397799678891090112807165853577564887231276 -1.4490747582043281956453995465306209390131019348059
-3.4113496389394218471574041965027991899727967946356 1.8260139855907376738292136001323982453439061927137
6.0387677407720116542412694562137380313434064403456 -2.3871241298581193674730571329341948813570271755288
-11.894537775353934272568041722513604305497609175881 3.3137471533754861209829723176407256661078220883048
29.211901710198056797356133922707387864987597060075 -5.1482057727823845646449224697591245317272746741809
-126.33428030804015470232686342236859424166491249498 10.596277084298208242442959255577767839330551424035
223.63391788611120328208497525510841433145060136422 0.0
-145.48716214682089969611654543700658978806415935229 -10.897630434386635683973477874327006996931959784938
38.733632221589191015841212430697501425223775769468 5.3814388033815544349680547822078891759002375017789
-18.003954699321944158753752012440137424880111894128 -3.4088738850155259710765701152950569675351762065335
9.8961498749338423607026148522538838501306569577436 2.2088408987739402498270238316665641371218333396322
-3.5418926619129525238318587654793485537082442482929 -0.84320109391136943286133552258470415303760057865056
0.0 0.0
0.0 0.0
0.0 0.0
0.0 0.0
0.0 0.0
0.0 0.0
0.0 0.0
0.0 0.0
0.0 0.0
0.0 0.0
0.0 0.0
0.0 0.0
0.0 0.0
0.0 0.0
0.0 0.0
0.0 0.0
0.0 0.0
0.0 0.0
0.0 0.0
0.0 0.0
0.0 0.0
0.0 0.0
0.0 0.0
-0.088462437958841266794477850109651130549499578974594 -0.064502447774088032078843941354391776085535869902166
0.21642415111041957864068988306534473589040136648332 0.16171735327823390614338710395160896262928396055037
-0.28020000686086293529017182567785306802198548013084 -0.22201368421748631028448643743169498112301548299764
0.31709364399442623802590521738390149590089225029451 0.27640578490145597843221105542950891765014414982551
-0.33113966731029659388085235709045746277763058192714 -0.33136806177949128757357387342709913381692414700733
0.32209131020179650888404902118740934255820144969693 0.39051754471710980507466687890040441396368346828141
-0.28764006244338891476798611174098836454809607976216 -0.45669048608497317979667848134637934598774163269283
0.22359692882114156419644474865330972194598298487122 0.53264637822670839628655744707885528201288882409864
-0.12330574189151167706225883669032163845371180823854 -0.62148671235324654963116180292817729856243701495326
-0.023676898487711254254830978749745439758895244889371 0.72705541449451699830050254299439936047403089394046
0.23405702206634525623904751263913338192909696207073 -0.85446095726549390503727139088724661284720376893152
-0.53546212676505142274128648766676276681699835068059 1.0108788195360965610179579781692822274818452677547
0.97562648814033305784959911005170831573897267488741 -1.2069097077278464408122829152926039704424879524577
-1.6417646177707695556821274209890705221676302037495 1.4590631941032154924007930862707970963871589962106
2.7051573591766152876189734876174257330214965458139 -1.7946827404104773151550203509268815285594097374377
-4.5360700690025986978834824264685554290716883316346 2.2627203929373330633739112973719045975495036083260
8.0489107828161511102947681779826315787533354854270 -2.9605640629886030533869442993905194471458819190555
-15.994728711545816619304311514630887182442676849531 4.1142754894726777325838117582967563956593955979637
39.864521675234590372503601902556032736850115926081 -6.3988639266846139196219140929517073049196443583465
-175.92357914005805580782904647667253470340168261842 13.177452373620410147587261044261451510738337160302
319.91328938671140228425537630634628341576064138957 0.0
-213.42986063458673238607645055430739266131729212877 -13.448252820769963664022368186183205630555689918974
58.066188053622469581268247065883473192963485343743 6.5045063529974075447920716765665346648874454015193
-26.523599895228152138659224254930370064232087452493 -3.8371894936657199354776445775014256185068138309373
8.9376304171600048899392657822114267496925114879200 1.4205236766040896428007474391577489586811415660245
0.0 0.0
0.0 0.0
0.0 0.0
0.0 0.0
0.0 0.0
0.0 0.0
0.0 0.0
0.0 0.0
0.0 0.0
0.0 0.0
0.0 0.0
0.0 0.0
0.0 0.0
0.0 0.0
0.0 0.0
0.0 0.0
0.0 0.0
0.0 0.0
0.0 0.0
0.0 0.0
0.0 0.0
0.0 0.0
0.0 0.0
0.10388198846540092594941075654335925171684622622715 0.072289694115096724395792162815077025216932792064810
-0.25448161444867642781330165499109515196308153195261 -0.18118787762618068884229776096829227940400818265288
0.33056467572027157509605818301327349051553982439639 0.24857141155719588248527218997268668626072702551360
-0.37631748733086856383727579960124314754104915145510 -0.30913106543735393240069792851126832298370910617750
0.39689905367746235165033197328684873201414368984025 0.37004114704680644770986194843765298668945989598032
-0.39256416017360685036834896808916314972200866741456 -0.43524413691743122214273779096216558607983900667395
0.36136890361676564179202837388023725378676696499898 0.50775939778044408239471070396582134264194994605715
-0.29953691770475007775933823634491413844507216051622 -0.59044462883201586906655752550106861604172996722231
0.20103230013974692164627987925415379651178185580350 0.68642078952262030387658000114481531938681286811122
-0.056483345998488783331975093539338654067245479692825 -0.79944578294655469208306037627152776687031726985232
-0.14882102306726031017992720077107368107357151618011 0.93436700125297165791095545070922732642226776248164
0.43858098735995479524117536000206574745882403087718 -1.0977755661612349978701318018352870010321612734397
-0.85235415031696902977929084713213488097484490607607 1.2990508200758533079136865051033179816836015472035
1.4591946246055487581057905104708075032764761007434 -1.5521513834122375349371638754075188789839174134495
-2.3866895442529380031514539551632475378452770298102 1.8789033121585892920575628792398938007484805288158
3.8884554793015401988242772489991193030688574611767 -2.3155239582753638428152871334525605333982383108449
-6.5198931293150043246199206586535314431097845389088 2.9268812262715029381886447809839815863437322112510
11.671499274238460079059805445387028910833753293547 -3.8419388725819801181267373518275271616625818410896
-23.586321802732217287974621524869234013243612250718 5.3595652353585692197829554005174253379759375301805
60.244751738640665164197542124284446978289796879342 -8.3700759807830795953997933575804972405200680997167
-274.52809461493066075625208065810922414870316461332 17.298063222309771057213830320354921337649151391026
520.64887113818837419944479566010990182200091666234 0.0
-360.13683200958433086232869972787577082753050705634 -17.473018372347777860168728567634804167544152819711
99.169857340344448008638280297595603892025703872670 7.9952364057784873849760533329575425959112178161482
-29.271284641402230208754035759827571343894785475767 -2.7689475335816008770886663833754092653263281530685
0.0 0.0
0.0 0.0
0.0 0.0
0.0 0.0
0.0 0.0
0.0 0.0
0.0 0.0
0.0 0.0
0.0 0.0
0.0 0.0
0.0 0.0
0.0 0.0
0.0 0.0
0.0 0.0
0.0 0.0
0.0 0.0
0.0 0.0
0.0 0.0
0.0 0.0
0.0 0.0
0.0 0.0
0.0 0.0
0.0 0.0
-0.12694855780357705420840304505525999599152602847361 -0.085627608565334048529647059649143050148540311984848
0.31124520508737431072777713595882400433061119702722 0.21457343192618402664090562859892551711858044018499
-0.40513931600261863945419395149044857678098087810238 -0.29422826973284889085098524555830554926121062064104
0.46291912599476548383726724618164269711143480705026 0.36562723857247551863840276622674682993103202023440
-0.49120744276717191157327570085048044304709214803910 -0.43720131923713911423741400139269679909182890609916
0.49072240678722274218061241143512368967048749970183 0.51353024910184565920808759015288945916423181816128
-0.45965435923485057765351739475402686005600647177057 -0.59806288025545753453918124707008338927492834597297
0.39422019635550555485069503573759036120840815279545 0.69399841092877726759434592379839692303245926273906
-0.28831983923177884991041113842929741822782979609090 -0.80475710141328867993246147851432271130039921773653
0.13253598437520493432053416285978529580081441529465 0.93436910068218643359307009093011164860655927808524
0.087730911430381966798884247837627980259399626567528 -1.0879181941587364342299856317692959062281343671305
-0.39558680229942812921584029691051856253550617938546 1.2721519623462080086663197612886224678850183573211
0.82869719302265762319462237297584888711550699206330 -1.4964111378011786375451577366483437947738753762793
-1.4508036572839195197001474048074006571111979599843 1.7741446266765397170552530437852713731945322431344
2.3749331226803607671560716987184985114565379723787 -2.1255302795719501652902840489378403269690665591158
-3.8136293611360179536197022538093506521910241438256 2.5823046239474242810906580773523934435391014535164
6.1977871277983005980354105386904468439935124631517 -3.1973582511968300533907889466108136302521487005168
-10.491839299765705021900366528363654388792597560432 4.0657029436498596052980248497155348049470915680700
19.168624719095942212836890218866874341085266588202 -5.3765065139131349229902943131303931369943170005217
-39.970278825810269999337779886641366861302967559388 7.5679839202897564756771825754531036938500137284331
106.60883639159221208914300429769817543038966807213 -11.942196945224003136855665835162895736767551662021
-514.05053062072498669766537492021402244344895842929 24.940560274634761791100796999700238030949036490517
1053.2549491279908186054729661491434787324265342464 0.0
-770.39792532319641797968414654345000483317324838227 -24.602961051135602973838518861664242022063926549025
152.13408478586286460846425111874812960106033621977 6.9671959119844391124339576597158593269049326794702
0.0 0.0
0.0 0.0
0.0 0.0
0.0 0.0
0.0 0.0
0.0 0.0
0.0 0.0
0.0 0.0
0.0 0.0
0.0 0.0
0.0 0.0
0.0 0.0
0.0 0.0
0.0 0.0
0.0 0.0
0.0 0.0
0.0 0.0
0.0 0.0
0.0 0.0
0.0 0.0
0.0 0.0
0.0 0.0
0.0 0.0
0.17198808408782021175674234870970335524102540606861 0.11386434500977001203496818399967597298461722755828
-0.42187086590808217207687704234745515941447547947818 -0.28529457324579416584970882285283965341208798887227
0.54979179794106711872465156149562282713398940886428 0.39108316944409211519530756272293078956466745022291
-0.62952485086569736010206648921153980772235608829770 -0.48575088728956703302729204841811924553401640545469
0.67028727669307125905840455696193530874144639031134 0.58045439725806732825585793480864122293964753290220
-0.67336234967525819846937652578168984456139618513154 -0.68121090435073672375762165247978995696508499833153
0.63672644037495869521497247772750960569890607444339 0.79250441617764267132304180511529410500348781944945
-0.55587766145471964306214721614989957634942105709814 -0.91844170318905811807028346420828019276460020923786
0.42349809853290751037091630744422369698794139952979 1.0633536588650369748123806863081665481819845854794
-0.22832035746394936153179786447626680964856666272290 -1.2322724837437347400817219555054452476682776336724
-0.046996488080708191250841786241729533448280929200062 1.4314547274292833450731545055821521552725436728512
0.42960473482276823902718523630222784243026485967904 -1.6690757590950309640740915139242379964474728410222
-0.96313643853407525462239116297630380976678538973256 1.9562534316810849921499702729823072571451210514717
1.7200539697943835664522111980119624966380852997163 -2.3086594557457564468939665438238876317678171985702
-2.8256994878264251954682308727183288175414139672943 2.7491950334030029655098229382605642165227672965862
4.5080836864157283532238268510296223496232956980307 -3.3126783710301106071570269946958223354398024168705
-7.2089372451736389295414628965052576609421810499037 4.0545712212776756918603846135762151354155610097933
11.855380902549944935592482970764137801854033990404 -5.0684655329949239462287911524985515652077571382131
-20.607890621706090771246794759933089555561540573151 6.5245620916071709659521270935586600528903759350341
39.272160169546769492062651716358089305856771580850 -8.7656264973731248372732840852201265666506807831329
-87.046560419929614352874714012636255409640566185379 12.593092507144346425184259293930893653684035053364
253.02720628712646242974620579138617488813950812179 -20.399467999801705747594666043189438392535431738705
-1377.0964687128698371301127359394141686751848091673 43.978117891718808704830153092552787996289472264653
3444.4856007779550017367799615214853507519531564535 0.0
-2259.3402232709049477257463880851902636827207400729 -31.257455079573724766937870633827255219134116541575
0.0 0.0
0.0 0.0
0.0 0.0
0.0 0.0
0.0 0.0
0.0 0.0
0.0 0.0
0.0 0.0
0.0 0.0
0.0 0.0
0.0 0.0
0.0 0.0
0.0 0.0
0.0 0.0
0.0 0.0
0.0 0.0
0.0 0.0
0.0 0.0
0.0 0.0
0.0 0.0
0.0 0.0
0.0 0.0
0.0 0.0
-0.25278664638618822931792472248131727238579889085356 -0.16608005898263824158063850626438772269976813380192
0.62018079410579632982298452712693627917655597331129 0.41610178552981315897324147542140370068072436967426
-0.80862055349453954164307044092363241451338165773792 -0.57032108881204324833478863231886482543117317785849
0.92667098270402652310025576277760420567793112288664 0.70823260426924650962028773873212378647948568803373
-0.98802327246284909375997181460972327439149791867118 -0.84607612125506916652689801842629076049713948537538
0.99474503297861635980466542397333070421473295005470 0.99258424826343399315029196853032465914387658286217
-0.94411107651074409521140796932168609259864378129693 -1.1542358233394026061149249581598573784516356433599
0.82986552430426691932666555668439956058943745028594 1.3369326592966255651130540380361725225570595477170
-0.64179738008256791283015915235383807949229210757274 -1.5468623763556673968107845478318978919879144095298
0.36419852522857493678908415117819972216520528974475 1.7911714445922422913555886228928124630878788282092
0.027035479553355239852464844569432201764013477725930 -2.0786898784183660718645484122351011559395830431295
-0.56948112065741231879025751227248972964607435808663 2.4208784235479546436782207149697075325398107347274
1.3231644638125665428895302124772236443553755477959 -2.8332041946037658763657995228016454334543606406883
-2.3870002665662854842554930888221507173836686450510 3.3372721010342754632642247487242214951348270128333
3.9303402720643298885793760758978458699408470587814 -3.9642989492111730076376343289519423081297667558119
-6.2570716195313608702002996656564465790075390991139 4.7610611942512396452794082222128847191357615541883
9.9450849232400940517597556483423588766974858533399 -5.8006427838498722652483390850286947423262654348243
-16.176124402649525397743335762956018944510566867505 7.2031299537661736926063424263196704416610833397342
27.601350853683413054263462024242926691071379131543 -9.1786861450272167308060273962672226404040893908363
-50.938021781574901688576126368073629295483412216959 12.126566157628157780105741183195418209547304539541
106.29912551816874822992380499293808743809809586279 -16.894905870235136198951982741920989397782098061095
-270.65588064320982667376516774832573483297057293924 25.602973779167580021656665999829281618878169850953
985.51658890257968744849887820653538372735563931182 -45.133128181364360470747854867883442002040031008225
-8187.8482859903816376186043820427847889295392635308 113.27700775724284024687485879155499106705107594616
18012.711690979046990707246290149961848820579595919 0.0
-11736.451867963640161995691407562306098323669887843 -113.66267934807162932507942637630240113486422788179
1404.0029237605548228170281855740530937337905020426 45.648751654808047663933744290895114080752242428234
-382.46287875006373538165040362668889773966688696474 -26.218983982895044076360637158530009275933520180452
148.99036091002476428474747331698109031536649912315 17.593519338470746964813481275067972263644621628980
-71.004083183151011955423247982559348520803099554660 -12.894756492516957291387781473763623434635701684780
38.499702181283573182659613454404522703268001181551 10.005799365516896846619884141506749585093871619106
-22.821005310886416583880694576358259027842129340090 -8.0798103697524202698452522876577462398157808377664
14.431491524965377394980601597345052750979224000052 6.7182645433960272918122311461925838872357286880670
-9.5817042940625273824883616646305224214043128625183 -5.7113933109548575338951849191463090520350420779349
6.6065744974958971002866658104321493679266704398888 4.9392918606899430694291272895659773810739978638949
-4.6943344762339490972315364076543996790130753847191 -4.3289128984708807855977175165717354154238881294448
3.4187516060492490458398636228621323051967290723382 3.8334124282499604145482249592874808303297067022876
-2.5420227200906017287260200267899895300803352835997 -3.4214254606331375886401754284147238691876104961123
1.9245488684140548578965737949107562404546645506055 3.0711295047767554184776658077339893748561462290527
-1.4807314197926487736435743810089329782053181426483 -2.7667704767224790066126026734912908715642853196290
1.1560459291076837327498899399157635262695045698497 2.4965181629749458076709575652867636731046524943203
-0.91455464179789098003374546355294215961143835102998 -2.2510587056652681340234701261961763422344469831172
0.73179788672534493315877983207344603743959923497799 2.0225844360744859456071348277252248111461097926745
-0.59056300684244737748445953501028174720903207679446 -1.8039482214046890432497301941875967583581804896356
0.47821349611772793008129653499901732615134565738930 1.5877479977427393599069021947258222792557116168526
-0.38479518327881698539771340273297367479993146796231 -1.3649284203221521280846940596316268657824811351178
0.30122794702002976265621133568244157151815868706863 1.1217052257371975176534779927881130557704510652783
-0.21593394792098094891322581363476987456389933833840 -0.82934516904577490220048211406637476466674521996020
0.085551128401349694467542444266209663345056986480993 0.33292639177317487900004274983419840228697246569177
0.0 0.0
0.0 0.0
0.0 0.0
0.0 0.0
0.0 0.0
0.0 0.0
0.0 0.0
0.0 0.0
0.0 0.0
0.0 0.0
0.0 0.0
0.0 0.0
0.0 0.0
0.0 0.0
0.0 0.0
0.0 0.0
0.0 0.0
0.0 0.0
0.0 0.0
0.0 0.0
0.0 0.0
0.0 0.0
0.0 0.0
-4662.4287681980103874223334936850817657250006029585 45.153693128455202218403692611005536796371223139401
7087.7633479345746927916600488695176491565705140617 0.0
-2815.3222599422351754618847359704493310544589603082 -64.255881716136609963627843328284910547078046843134
512.87071368519467068769101023000620890484362327655 30.178014438400443660602518229525344012558276644705
-174.89837539156040507743821535286908030960006508155 -18.944400834269010594643612451043311047078596020395
78.412945747135915150288591998723798602119914907608 13.465322074546059860231327036600294080237836614214
-41.131935139350409382160933029396247352050872300454 -10.275195708786570780652169568526938955319848463757
23.901019088519318753492096340800734019422214819301 8.2136307994000052367685476070054296839386022060542
-14.922303707404021036713078620090716056253671406298 -6.7845112342653430841959597354260929580215845249179
9.8224878969572691909585159472790492364139170159501 5.7415212702199351517640370614486925599901304257780
-6.7320623871069489317019960182873314639798708370758 -4.9491780314964557941705857011506846658831901128710
4.7631597879545416562400455610060318407979413081539 4.3271248580108185128501861022975790622121875162027
-3.4583025671757340731598450118748283489371037823684 -3.8248246625043339304615131124615850093533999574122
2.5658256628653289409987501798095576619494834519364 3.4089341898849128966470557978189701713183799007039
-1.9395851187908407307166382778605920530946112400997 -3.0565206586240015054378826556038060468951627478169
1.4907319229386042186540589955531495909508945170014 2.7511835000484588154978930252934712698620866778857
-1.1630597204596257618071902575275793706481531508563 -2.4807057567212694024310716395283742713758504372206
0.91973084997602792563789027602819950872832475932039 2.2355387947074380002821796656562283805611837761149
-0.73579065794530767085590721361043595784656745434946 -2.0077334065506848239271308089694844490274619380536
0.59374741546034841380519911750508689882523441058167 1.7900620339638411684027433476606809420007126245612
-0.48080270861789313636095032199140079893034502600893 -1.5750872873853994711736631537183056785748253410644
0.38690343367255589989487408847316593342514142108982 1.3537605059483428674343643525169039269928750744124
-0.30290034670465991068505351060237056087580127630135 -1.1123622720099305892429561084521605188806572845254
0.21714521785910196705953468460928261945302063052005 0.82236157166070690782325384092959302617799966965866
-0.086033331693415211120066472110455114725377540607967 -0.33011018806814104120331003411483130794709286052386
0.0 0.0
0.0 0.0
0.0 0.0
0.0 0.0
0.0 0.0
0.0 0.0
0.0 0.0
0.0 0.0
0.0 0.0
0.0 0.0
0.0 0.0
0.0 0.0
0.0 0.0
0.0 0.0
0.0 0.0
0.0 0.0
0.0 0.0
0.0 0.0
0.0 0.0
0.0 0.0
0.0 0.0
0.0 0.0
0.0 0.0
313.14709444975117643305083891280825790690572453819 -10.181441722125151450437289042539956319016521242033
-1580.6404825366926374065771835131513809486979479888 36.075958097848002085359749597233175218342684854755
2146.3776756636416893444611415698685837452717987103 0.0
-1037.2575653751252856318102977576004573323937913363 -37.325509982778032679292235219863037260454594965258
212.93925660132959446115844081841284471159506579072 18.174932723680849648646048056676965305764622046402
-79.190642320715404806909663142021941131889713073841 -11.761716907951274417305533530563851138221529912301
37.875098812276370462460329413815134318536246613754 8.5667705693281464301996595239412200637508871884057
-20.876372026406388985177210253330939291634268303881 -6.6665253745985090841470009783542881225506943304104
12.610983209004672555262119556912565003758895834749 5.4138134158534697199112235381802164202424158553073
-8.1218460731010127522609201219758660045003763189068 -4.5293245662887394328328293464166676828752651928283
5.4835503492943262080372790548285947697193190206215 3.8727575480104550853059542359021776418784506142012
-3.8389656470312059281973565862622222172432757780850 -3.3659603014170192150455349353071395763578180965922
2.7663216521921306243983638979309646504332330414744 2.9619696035718608621351169351723105097614095832814
-2.0413739452224128618334362385736900331114121655140 -2.6308461776418000845729473125381458149552785016314
1.5372538949215258179329821621042949152897899377048 2.3525445558349872844403571169019238675652948713952
-1.1783947872631530166426839889014776980593662294258 -2.1130395195883486697677097285824717743635959712997
0.91777267472734147019592600625536455661039334216785 1.9020770665196139844507428185031344867455730562440
-0.72498007506294465504406597504453373652310642131334 -1.7117769377267296813257457361399369169698914409406
0.57964733591639645445983532988246765231830206028808 1.5356835843200882141793224325940142331222060217087
-0.46763028867284284801640888631399784925776631054531 -1.3680195622310854816330579234502269527226859649085
0.37866245858255017807078812808299889600519900267265 1.2029289037379923629783115149387975316475733884890
-0.30473468842818971497920549905840157694707959537961 -1.0333794087164005642011183607118907663328427474271
0.23859929374434261047227019167615498754965531039485 0.84881000911609668130993183112485050096022686443472
-0.17106543422551096107931610194936322161431478628136 -0.62738141158176590170036277558670652492054263518797
0.067779650111900385230346238006673143907046238658108 0.25181857519951379664825302009055879818592572254301
0.0 0.0
0.0 0.0
0.0 0.0
0.0 0.0
0.0 0.0
0.0 0.0
0.0 0.0
0.0 0.0
0.0 0.0
0.0 0.0
0.0 0.0
0.0 0.0
0.0 0.0
0.0 0.0
0.0 0.0
0.0 0.0
0.0 0.0
0.0 0.0
0.0 0.0
0.0 0.0
0.0 0.0
0.0 0.0
0.0 0.0
-60.095526581625814900783094428988210293704174131930 4.1197296167321912386891151873524220850992121955152
202.85483712392296255327285054084509179941903475236 -11.936256136829669975252215549633297035676098665240
-730.73362536426247739737544527220411783396843254115 26.295306140689682894482200817883624899957343166119
1045.2743120858119721728997977905823273296518298845 0.0
-544.06558101459366867036640802553240086067130396054 -26.806196960583385539094666759540951035005644616216
118.09813827087042965368343134808134652371147512793 13.246344234935047622431964780471663137825124119428
-45.949031584772809824116415423193009598537288022395 -8.6967582319364108608442556995509049560832910082661
22.794432959544045165969517428139888189931805557603 6.4160652992960126814060976145095365339222336929490
-12.944518112607560668353846641434980072244923590948 -5.0480644696360849513098548767311148870296839444601
8.0148745929513088539281414779715965552151864984970 4.1375878794167186299368593509103871104367608042475
-5.2702015356766637270367514257820234830349263052837 -3.4882310218432793783659128794832093064582716288818
3.6225285816358508302491881095005528899854737359775 3.0011653424478398750212075873594745470352109895719
-2.5766719656731499942575923472841472864036669509819 -2.6211528103626046340684887469345003734828436797458
1.8838838107298852462650309091432387926886505719138 2.3148329377156482400113507631765019254712483269313
-1.4093393805290455679254118145171586751110621292381 -2.0607891308534860019133165939918119499152713905679
1.0753690805994337538070945897629417404020100138150 1.8445384059381438768528348188155344637100962395046
-0.83491032813163753962918880295204640562237204675914 -1.6557939564702705524113123063641914551043010197302
0.65818345154729134582090153021280336366207938427401 1.4868532681161057725261726991675688846979884053099
-0.52559464063729476886433346437636462207533281156493 -1.3315608891983233032319189793317375814673232593702
0.42374274676550670318826350532337572353866765907367 1.1845412539425388677932492000791928807297198988202
-0.34302574863782045759184908037815306817052785283329 -1.0404735748834082734992962052707487320338374781975
0.27603667577061496239785509741276060242112046240320 0.89310023894375269014393273460531298917820603585859
-0.21613731380958826544228207670159242491409981588959 -0.73316742893938875431969229302832512964232696716857
0.15497039253719213121556691884968842036218324504116 0.54171478138606322544195655999499561744825804652365
-0.061404532533030974934368991110612413040498289740157 -0.21740143445598846226079961349906348568524070879461
0.0 0.0
0.0 0.0
0.0 0.0
0.0 0.0
0.0 0.0
0.0 0.0
0.0 0.0
0.0 0.0
0.0 0.0
0.0 0.0
0.0 0.0
0.0 0.0
0.0 0.0
0.0 0.0
0.0 0.0
0.0 0.0
0.0 0.0
0.0 0.0
0.0 0.0
0.0 0.0
0.0 0.0
0.0 0.0
0.0 0.0
18.335995988446754032269007307157218269142108305857 -2.1652051719485051239415304219435654775265173010718
-54.182210691293093113401278507430581894101461147709 5.8688339164081381133023697820845308914185902629803
117.49562409053102607882723239395246558016853501851 -10.028564470713768759032561940155965724617810964815
-426.13257057442638513502632857826307172750565899139 20.995618941444065530769140931152883273205963221871
629.68537218635741861311019959259947974255817032163 0.0
-340.90250512351689565132228604783970695103376229895 -21.369748380709277584006061618220960010336989715548
76.417378570757331456849111615941196223769966820923 10.640972456874823332412368259239091228986412304743
-30.562039043558444136337161911333861571789826069647 -7.0424518392545735635974354805642877576151498793400
15.520257634113108130752629653964959063246189342073 5.2345785215381834994876886508385469682808983695205
-8.9917962065165395554909690151238397759738835964279 -4.1457832011317672791765328780371049689015605823166
5.6649585522378848932387879219111389248754553615062 3.4172180449682755765288446562219872079023442442877
-3.7828094169679459195214651636473669350212230343043 -2.8942605930421135524664877035103064060213119378474
2.6369310557624700100514078459693426706479988816769 2.4991343825458481769717697329775602561487952833287
-1.9005571893180001862740815746329818940348961745378 -2.1883261364361358839981603682807831532515923272394
1.4073928043632343324568617209379252714386696116377 1.9354843848805742356013385817578137163064102687248
-1.0661541732221686419916944532274256862097674438170 -1.7235997540738626261758586583787633765795472308086
0.82359579571342780169251057342686512929624781940044 1.5410540618816900616009042652820522065631372435838
-0.64704596326395844959984680096416016612586904120729 -1.3794453859820653050475179890258015188759176716643
0.51554622573319512484044964687510960267403896216932 1.2322773718298264145900048026000422325325316060304
-0.41506452706611216914642158327450881393165400586190 -1.0940597528572483586093618715550440678440288748835
0.33572957854699405340737225122839767818458632275406 0.95953102316436919719496329877413046426740346158479
-0.27004928455352490476256850113655423402621708205409 -0.82268064334478963668170818418423214369832935250326
0.21140597137305949341870149348486286498391834322355 0.67481357292901405241284316242639449566023439323078
-0.15156540162317830514944689159075002766567023587762 -0.49834975941669499365637883777081720999061771506772
0.060053874393618355231482010302510442458588581560288 0.19995627447220414049499982256589316218332946197410
0.0 0.0
0.0 0.0
0.0 0.0
0.0 0.0
0.0 0.0
0.0 0.0
0.0 0.0
0.0 0.0
0.0 0.0
0.0 0.0
0.0 0.0
0.0 0.0
0.0 0.0
0.0 0.0
0.0 0.0
0.0 0.0
0.0 0.0
0.0 0.0
0.0 0.0
0.0 0.0
0.0 0.0
0.0 0.0
0.0 0.0
-7.2931274336245944886242313542681575002258977609270 1.3244745669471629826033151265090497332658502649635
20.274159535001245518764521691593716888056873141920 -3.4815435809525391774625438302832175068289049444737
-36.469009609564800217180618035611377226375968212545 5.4165259223923517584988938094469720121193894384888
77.200599690617918307836743561388655465427066697310 -8.6591180319866352297523340364867696305306951661892
-284.52100728442080989996814306006045730638553139070 17.835428732009603111175647527042769864831426048251
429.67616524137029928618217121961887575454454047732 0.0
-238.42685538917330786494151422812679838647398963907 -18.167664982624532864043715803119866478977404598119
54.584011293867874813741731908905790527012629184884 9.0873084907395719502807398741900509956713315586255
-22.241725122898703817417763615840276589822670533435 -6.0433087872786286474120064843821551465406682022198
11.483049684155348451489614373300177691467724941652 4.5125046357387108267685614508245854720855467472303
-6.7516990349943814410036422646071002692049468995697 -3.5883585920143331276299456518377441447845581540939
4.3112926745443673359663433721424269781193270261095 2.9677198687551273350481466331704098566776130093356
-2.9154100639309360024196969294615017267250499281464 -2.5201127471538623539129768617863720307061748950027
2.0571168207394396080280793565336941475918389312894 2.1799361985606928949572239341844678255886923939711
-1.5005311483319481060485015297248280807339250955263 -1.9104610939259303032834583962312237099191958572234
1.1245473084204374338796844929192758981919919136269 1.6893814053485830539591903636160126630268420486620
-0.86208885492548294002262886691502176224192857177019 -1.5022044035703446705967751987802455138869621007316
0.67366096420721875819750328935100140200261359377945 1.3388975168944625699126837226339835917659640071387
-0.53476820316840310534352724580408044200004906209368 -1.1920148306525056447544763520830093386758194135675
0.42946709751961128883436824592754522274797377022136 1.0555145431117730978233614667901164908430727513486
-0.34681181281390605037593700765988322932782633545728 -0.92383810776586870554448678388133378972262281145707
0.27867484523932980567757851501658532343074439356467 0.79087128405625605280100539037109898639659967788439
-0.21802234433723501277601099944593288888454378285922 -0.64802579958163633537358853363185475358076772074591
0.15625574270475210117793074724766015154881976708513 0.47824944930431225504062534480119449476356954741323
-0.061904137429268192605402597764823502051400201327080 -0.19183798615926626071386240183558762537479222662727
0.0 0.0
0.0 0.0
0.0 0.0
0.0 0.0
0.0 0.0
0.0 0.0
0.0 0.0
0.0 0.0
0.0 0.0
0.0 0.0
0.0 0.0
0.0 0.0
0.0 0.0
0.0 0.0
0.0 0.0
0.0 0.0
0.0 0.0
0.0 0.0
0.0 0.0
0.0 0.0
0.0 0.0
0.0 0.0
0.0 0.0
3.4477459035312334616051602410191801194151598215403 -0.89604469176353917126497116629313609653155807603356
-9.2721753398862529211383347174349315312850627557431 2.3162882062499656199232367158830855453436156547616
15.207270864050097775209038585613430398329375439136 -3.4396530850955650543246308362571441409419259897188
-26.187943087625201183606338747133919062602835069693 4.9565834527894933007738550119406818708031679741622
55.606259687811154316080824629430072914298310262408 -7.7430643243009014830808122459821961310486977981465
-207.87514925926375596728968360221160892624659426148 15.839684098466978413916575189104434634755592464619
318.91878928584296289739060620041516013443204192651 0.0
-180.03492392721019582844304753211907664844037904601 -16.153912433436120783035755436979099647163197369226
41.844597010714258379603040347623334641760669380467 8.1026552030919340096806088714314957070301378553631
-17.288321624717866263221648240318881640441144516501 -5.4045778263951122604239764526895820396061687439497
9.0400005701472564460525923622903013313743797895234 4.0468060427795005079070875930114924312122465728255
-5.3789592049790567584827610723047449978613665042686 -3.2256469612545900525525087372831916199713401487749
3.4742219697328133045842701008006797071879005234726 2.6725656110090955735794079016276798988626514765965
-2.3759474923614160661804810133145185157386863824634 -2.2720585667051991907417236516141550220275239254252
1.6955179611246944525503752442968224123983000093303 1.9660518029456493458554989454963013467072025831911
-1.2509880390834175332799203379655783791322727100412 -1.7219841217782307893471718842575523708188281245761
0.94834011371797658630059594574401190716392399771388 1.5199966897351618086765025646740023749584605294539
-0.73513572252194147664254504158257096077951712984592 -1.3470600094860057415579109156909384662875003551152
0.58024008858628926502991829869184299629749364910898 1.1939672855443175337989356106955709185552911506726
-0.46410933072079310608381928865566113209300381439795 -1.0536008207349117256571176813966118847731157999133
0.37373845090161565404297453029290546684065333166298 0.91972655347379303743835518702111871806806706093460
-0.29974175282293560747971616094331320223149321541342 -0.78580270615439316540229393007723521344341150480422
0.23421623403521595569424469750180342897441307977240 0.64298386484504698058151319339870866902903530761348
-0.16774211151789826892025368078195767847836523720935 -0.47412396682845187416879903970075487223774433843920
0.066435583734567647097534423422744449517219367956674 0.19011535275732644320710457294124325079850302808971
0.0 0.0
0.0 0.0
0.0 0.0
0.0 0.0
0.0 0.0
0.0 0.0
0.0 0.0
0.0 0.0
0.0 0.0
0.0 0.0
0.0 0.0
0.0 0.0
0.0 0.0
0.0 0.0
0.0 0.0
0.0 0.0
0.0 0.0
0.0 0.0
0.0 0.0
0.0 0.0
0.0 0.0
0.0 0.0
0.0 0.0
-1.8412616513486370018348129002190844869786713054097 0.65190138564567585522875978552024091968965656159483
4.8542458385457234638101159790166474590482780146330 -1.6681708415726171719967372736529216287180585467302
-7.5518853724231164822404266812555621270694009182858 2.4115701424384063784922853211139467827870301248610
11.704602619364505115471346476990272143997131791799 -3.2945541940630044705702142858519140591867008130702
-20.036263249850412828676876681120775624680261746597 4.6169831395931814978881238451311860690315287717809
42.876142548518161833193146123044642457973220031138 -7.1381476918879601755422858462018226227713916978870
-162.20327339661299457554175073104291678653923344457 14.553939967364129039302007643304579368288601686937
251.90681760386430547821013496501540500814818178349 0.0
-144.05989121507501133779021196227428365408165311603 -14.857878728817971484226090021831806958199469350636
33.878974535203348274702710763598814925910521485975 7.4654510063391396833342811367530610062820234450372
-14.153659115889657844291244581885845590748308996291 -4.9884299297259521587723939895717421788632064598204
7.4801718784146191558141715693762710144356327273125 3.7410504311148561645415591373841153590397754546446
-4.4975678476879268859902278600854713001003272354099 -2.9854187523198837492521867079802989488498182915841
2.9355182370025555015231013335400327119357218794739 2.4750906642875665920643419070502472220276272111532
-2.0290662833340905642806557198903257529809569420396 -2.1040806878419872154142086430957488632201920795074
1.4638546542043140323642092726819314639314438313040 1.8190626515753114539599484855138513027720560928731
-1.0920138125209354826031671112417528966579334555571 -1.5900566445055283601602889301155108688623052468027
0.83673473505358528151975617749686859624313065719988 1.3986504348737180405257247293622989295853384373878
-0.65489905553076662886940313202335482971856563111747 -1.2325711281873891963922501436757116453142345797959
0.52065315657549645572206105712281956847433038009645 1.0828500548049754463167861788933001407021770348530
-0.41745515729418283245574993612269420842344837798803 -0.94207112612355076244131114364101833807676039525653
0.33378778568539402603450813267778085470700468321688 0.80288290429880554361085353146970173665806714424830
-0.26029215434119649003280905474597113352904717128860 -0.65581229169531264092497877321761390094668431435809
0.18619294693827279439809955125002770072286607216539 0.48306313358711511556601142877085159509692071266583
-0.073706835018327899396556445178082817101114206997277 -0.19361275963752695506198853362812884360365458074357
0.0 0.0
0.0 0.0
0.0 0.0
0.0 0.0
0.0 0.0
0.0 0.0
0.0 0.0
0.0 0.0
0.0 0.0
0.0 0.0
0.0 0.0
0.0 0.0
0.0 0.0
0.0 0.0
0.0 0.0
0.0 0.0
0.0 0.0
0.0 0.0
0.0 0.0
0.0 0.0
0.0 0.0
0.0 0.0
0.0 0.0
1.0770422568357898085873494780509581825568497944605 -0.50139341407100218067791618891849674206086103299734
-2.8033802613973891411391116933391551011939305269512 1.2745729647582052419403355852470660833178655387703
4.2197827975507510818767338842393736813117924798085 -1.8115254253178093927032626188169239197125224853745
-6.1482930060859849305059739077357231648239659689705 2.3976929232078279492340618259982192548513114539734
9.4118309335245308327001943003592217442371937774860 -3.1743653497535190143486541469340078280813776532189
-16.160675701950945653589287152496541071727855253195 4.3910242096019614635291043319357130365802580109522
34.872495965006897551897694347504554578488831530643 -6.7525996439472583627018640894677277776362499099085
-133.25510954462340302436653238559445361014634914390 13.743507932082800076448164535886154832139529801750
209.02728681569064889364020055970388446304420921129 0.0
-120.79084027400969150678230475018019631522352087028 -14.040016414220445732101976182745782699856789193719
28.686443910796598665313597935114574740456488214045 7.0614416711255423626207928106666483632957122270940
-12.100032713375282422467970671432821025676976990748 -4.7228424164696142281010142901028217373983984154649
6.4564945228830510191832563538309222915242919680842 3.5442236256563588919563474619560880804777393667779
-3.9201916690930489338475115999249102595287856330110 -2.8290211278009483999004068478526668178854311734316
2.5845876124446351832602019281237751689997541183585 2.3446220540837088349832763206108499468437841320224
-1.8051677549188862929699539987724250566190557044892 -1.9909545818044752158069059323081641364458593692246
1.3161362226847542056860963600613419724146822613293 1.7175845181428308601808222506756522777146787624185
-0.99197151179948505741500211809413840704520018262982 -1.4960223720030585832625259077616843805335773988180
0.76714603649742685420913688999467430948460222461233 1.3085648781946863345095918739255362498163936118760
-0.60458327143513487849665750212564446697765352329639 -1.1430917073370479142429704344587279385350980385940
0.48169126005940821622899112083208017404116600891573 0.99022139754248938972227262034460505666665806228426
-0.38342486273547099128161632571128772960339803632843 -0.84125926666087886587681067562230084771790798738985
0.29809493243793995835821471208437907560828552716662 0.68565176150705272049717306034673407613294710205156
-0.21284606879698233584989667027268966820640114765849 -0.50436228893242481689667180712030957320382850956998
0.084194611385734369937486183146628536726797169316076 0.20203597302671035833771866344741147820583353020871
0.0 0.0
0.0 0.0
0.0 0.0
0.0 0.0
0.0 0.0
0.0 0.0
0.0 0.0
0.0 0.0
0.0 0.0
0.0 0.0
0.0 0.0
0.0 0.0
0.0 0.0
0.0 0.0
0.0 0.0
0.0 0.0
0.0 0.0
0.0 0.0
0.0 0.0
0.0 0.0
0.0 0.0
0.0 0.0
0.0 0.0
-0.67633532265522279199667453277251655167175222189273 0.40314508976959325497420432478404520910822619938382
1.7452812403583086563237568590414090631077973000308 -1.0201661197401068978512692723554900215688424603903
-2.5703584140173785266843584260783899660763396934346 1.4334164183846484238726591119596917589966982441079
3.6005030404745725596116037158395700075093880420793 -1.8587187568938594459382402728236846879147003308281
-5.1572647685520445711276261532334067491595950181709 2.3778232013039396151425194683359103650054737410225
7.8912548978768046827445023346745539441005173370324 -3.1010337225658517348368050618805945099356707952453
-13.626811809378751042373278936188133168605516735276 4.2599372309299763588221816893983923558813867008309
29.639360319366754611751400953553469434623004625028 -6.5312246122899596056380544855443890836530596103775
-114.24357482076102764408952222277986228004588096846 13.279000808870370712108229620008557848465871143875
180.75188001523441526567436776333301883656926064197 0.0
-105.38464201579329931976883225640107017923058615630 -13.569193388622153405725457777551150415637778219327
25.246719186748420738406930724885634450624795991442 6.8275217949861343194824970437193335761812322012925
-10.743850657851337624848047025142698858653343370727 -4.5676270561627948147771543267570595458976008281912
5.7855090498329425738379276951212739041957881283198 3.4275424586104876744982992085742553456223360107329
-3.5464445207643402104204754037630297417143982095713 -2.7343661417423499861357885432513374050505790775537
2.3614795019524636207998544704480799317724958856182 2.2633508649120816894373384592081003118500453237611
-1.6661206872011486457313222546997762960607532799204 -1.9177166133123255999895267976547261712250322867601
1.2268541525984824293811586759999989205630751101793 1.6485377411686893269011813125833315955065213499689
-0.93297376346060621399205875689372691651659325155980 -1.4279472579729556726656296565743707534918327705429
0.72632551689054450221785167423883295989870717480943 1.2382720156011268188869310905475785000686596116897
-0.57356880044733930099010096919013569958536415271000 -1.0668257893530742897208423060656081340291975533624
0.45368004483305034831338455125464699514570849171536 0.90273430722138751508917424024377253976793305664741
-0.35120471647527363705769753139249159632078747210131 -0.73373090247788070222114035425045426373677660161752
0.25011929587128313336507111457369661484814901027100 0.53882047814942119410858786650889395340327967908321
-0.098832949369001076432619423452900028337493137797904 -0.21568792628436461250232145335462211987432016355512
0.0 0.0
0.0 0.0
0.0 0.0
0.0 0.0
0.0 0.0
0.0 0.0
0.0 0.0
0.0 0.0
0.0 0.0
0.0 0.0
0.0 0.0
0.0 0.0
0.0 0.0
0.0 0.0
0.0 0.0
0.0 0.0
0.0 0.0
0.0 0.0
0.0 0.0
0.0 0.0
0.0 0.0
0.0 0.0
0.0 0.0
0.44977862329618551623051913765540655801193795990271 -0.33626925632961982842202505127835315521978816573219
-1.1537061786021082703463584215571561555843798631784 0.84816464043391972755008454413064979978538912434263
1.6738014334305863555584556854753740903599657806540 -1.1821222971032289880017394360557648309544710216930
-2.2834780539136817224054275280258574691915284376474 1.5113841342572729854743812607321164192412210874580
3.1338115569328164447383487855594648032013999947304 -1.8903787738483094006446523355897274531239056449482
-4.4751239745176598350591979178583483873527995251898 2.3784160817978669748314742926738013933498657185204
6.8724731369439720664688570630378056653495869311097 -3.0765004497086686967308164036829636976757576643201
-11.942918533617822330803229376570197717876530362647 4.2092586640365137171240322953788809455849445375534
26.168429833295253744662526760355286059579508865887 -6.4416084986821413868967825852422855578843843063410
-101.64370635297396934911277198415725557833060088276 13.087515238066006919673786049971927521721516185976
162.06791232554769339097466699949143901724673871085 0.0
-95.251837657166604794630008847769396794863561577335 -13.371801943522655306511768753151211982512526693238
23.007165777119397981202764372786247881343250422059 6.7280305048578834865479763810415376952505615742078
-9.8751818359196837987952285616574804677414951564851 -4.4998537672536420836538796377613520862056497166551
5.3660498647259254835302613622306687310561465261037 3.3743580643936076123508284855736973967408212098082
-3.3206781819154012760002210515793725898849045703618 -2.6884168739715554752248136895362353664208565154308
2.2328116179830977453220329577770906885093339602937 2.2204401671892196986078760068126260185635403171042
-1.5905342247474061857472939413846384763287128741930 -1.8748329508970584640589747021811847381353643159653
1.1814273991382400185876890930401793102389632319380 1.6030038619724701433155096987918809720651703425111
-0.90429789452109008341349701936806827850645536704635 -1.3768662875003258041281275121205751296169285191465
0.70543359188048736410933354006833513602056448908562 1.1779333775292243606436790247245094986584478295624
-0.55315899585046376200526512279173813030812915712233 -0.99171710888712376943714510424179939920975904159153
0.42570214692565891111758255341126316379148962599385 0.80325902027442434333302936346172707394949071491719
-0.30210094857275439414936080164348425316244296123354 -0.58863341591505056593854231568662569684769211266227
0.11919846080282505317409890631483260953115915591613 0.23542135443892398587082326595791967976415443031749
0.0 0.0
0.0 0.0
0.0 0.0
0.0 0.0
0.0 0.0
0.0 0.0
0.0 0.0
0.0 0.0
0.0 0.0
0.0 0.0
0.0 0.0
0.0 0.0
0.0 0.0
0.0 0.0
0.0 0.0
0.0 0.0
0.0 0.0
0.0 0.0
0.0 0.0
0.0 0.0
0.0 0.0
0.0 0.0
0.0 0.0
-0.31381451370118114757890555631478831020090795289184 0.28938621714451272689418296263376588428220997327321
0.80152811084879553439202848964235011640933787947296 -0.72815365581881559115782969145696231513044767131924
-1.1506224591906049249193003823249820781351424421197 1.0088523512966247364188989841577900451023309002212
1.5411963100640183145737862963886867178047178856611 -1.2768387736457579478562868615642197585509041226833
-2.0547884866951608702126167692198520755434588687748 1.5721366552072419005673642902062207282436308663296
2.8059247731937210811253112485677427429844012602859 -1.9314853637300970719766169086452229748936271468415
-4.0153126277310870556302054176759225640246980017628 2.4078972311481572413950750898543637164532344831177
6.1976898108774130194643634483576817545147880009676 -3.0996440343578326466468356947407754775484940653972
-10.838371065316329099509716161693941583806687929510 4.2303950580340324312076035502631068909933707434249
23.910278725252411608192289999016037011529723583323 -6.4661054734803021075704786276352190023875461341088
-93.529773819792739640863086422333774326737101511922 13.130052312923970391569684919862845430361994861720
150.22591281371294134299917371433308437601652210729 0.0
-88.965928174218313293392351970493242738759413972377 -13.408535495014922336833524279667892172052654713672
21.663310313104224617855853632516448421490368016002 6.7437954320052194078206226104703666510180894199552
-9.3788314018332603466312222429784929547552818776764 -4.5070132933169789192148196260736985714212739904090
5.1430574706815971566643228601345786748738479669179 3.3753348754364024682306257223895591552983216778816
-3.2129272749904140592891012440902774002068884040095 -2.6835103796048785766257291244841132992940987796494
2.1807417109559529183189900787547609936303817816648 2.2090288774415101674807012528173106230020519758134
-1.5668527661414804312129860881400245428160668368036 -1.8555817153531174303086165934379597426212068985809
1.1714832939932785120653521817728976689098312548258 1.5737286817567130917655396330005050693658862859792
-0.89870726431088774038224565505042126783382784374899 -1.3340955003571787094030994869050140935102699112804
0.69646449904453517667492749689017456243163251560539 1.1159066371662327975932553848633745932015457596674
-0.53175185537075091257956590093934960889408168026122 -0.89986078557465222120945704280609691962154443990442
0.37556420385383340823213125664817718191806759227776 0.65766364548104554482695551435379461952912027714558
-0.14789353845479560715009406734543446531359514160512 -0.26273920210138885731015338207889863592798030396948
0.0 0.0
0.0 0.0
0.0 0.0
0.0 0.0
0.0 0.0
0.0 0.0
0.0 0.0
0.0 0.0
0.0 0.0
0.0 0.0
0.0 0.0
0.0 0.0
0.0 0.0
0.0 0.0
0.0 0.0
0.0 0.0
0.0 0.0
0.0 0.0
0.0 0.0
0.0 0.0
0.0 0.0
0.0 0.0
0.0 0.0
0.22824075891039858414149230438686543458899607719310 -0.25592410992719568973982786992579276818563960032743
-0.58118347092560590696434686840149822710121465554945 0.64277917558020590099346563280026590938073800968427
0.82803359388566122578738067279475326584331654196827 -0.88659622567106774277122992374927372384681857215448
-1.0947927983987081809003031609749334687675983266424 1.1136921030371953296029222455923012052864588110113
1.4304678352808370890880813133606219610139285657470 -1.3557166549591785074760075198946535372068625298322
-1.8949372175262666024491573240558602538411562208796 1.6380047170809735281120324128922601815531573409648
2.5900332302776241879830227028100276977598366301932 -1.9923982413660007243195866171090919233397300497989
-3.7215395829589397727273627968085328019653927075296 2.4703027135383536161135675603200026109380509662159
5.7756506696832890476121177138440711568840621927830 -3.1704816730625558658889777492009743689474192226046
-10.161698658725912513427566274693445750393732840178 4.3201316928443013893963899799791262787974793935497
22.561413360750826973704729365646751032901231351816 -6.5976782535638802822706124352958288420114197112525
-88.848555991692414335458904292721301949751252960428 13.390845699518785882576173750969198870492746912317
143.74270785606811446389769424349914904100573921294 0.0
-85.772369803552082054607086024451732274405292536403 -13.663480077918701048879154275946439363292652708147
21.058923070619102231922296479786664623571474728880 6.8669248264533078503806733516351080355751634470400
-9.1981926658314963947836152511863963203664134116619 -4.5836987282937439865846998659086493865611151387898
5.0909738044419443395621662974077077482390247198677 3.4260218607282104735230625253620786453164397986914
-3.2101423189844009504136598455972601175471901816662 -2.7153777000623397018817604706528152585765651913712
2.1977933420731509072421666370468511631670216217349 2.2244251491665756683194480442658581206487008467395
-1.5898581262601611769994854976491747986764726646036 -1.8541694779816717191983759358610604811258700677481
1.1919187858751104895030668650564767861871098889691 1.5528222154252665012303699781673515266973366844680
-0.90906076782246792354414570469036503201391926467600 -1.2878641407215547132848906483564908753899805170080
0.68671213413353260910328977145247878026377656183656 1.0326180774061062369645685083395664936453651887653
-0.48193117074244041158611831005445738752456703436471 -0.75211208267385331880131081606242171352564076776309
0.18928410135001406596666941727133906761468671156258 0.30004889485214085710313960227076937716609268455900
0.0 0.0
0.0 0.0
0.0 0.0
0.0 0.0
0.0 0.0
0.0 0.0
0.0 0.0
0.0 0.0
0.0 0.0
0.0 0.0
0.0 0.0
0.0 0.0
0.0 0.0
0.0 0.0
0.0 0.0
0.0 0.0
0.0 0.0
0.0 0.0
0.0 0.0
0.0 0.0
0.0 0.0
0.0 0.0
0.0 0.0
-0.17231110048075246711602521467494875828262818128897 0.23192144652174819335186368546743490934007887306108
0.43780990722803057493379544844605765995795620357458 -0.58167052540635122054329679949085139890826370260083
-0.62040604591467458073525231600150639999148473866468 0.79955604327195093786880335329462036727857000441291
0.81270903300867692534701005392114857340898004092400 -0.99862084257661342877070071816288492683842229871364
-1.0468113855222902163210704324467267183760200909147 1.2053121725210354638670586555023706706305850091001
1.3575702293069018506207372228569168852939227024426 -1.4386234438016410861851160378230206923703603735655
-1.7984268827581717920998546998951524836865294162425 1.7197901968374271216733317595016053765889393755529
2.4662544110639336082267126951666620903493527890123 -2.0794295166141932477097353970641111179623092173364
-3.5605706326801606792372659070523693445232634820360 2.5694992482880753197986711878145032188657795212282
5.5559214818324537516017253667955013274364571360657 -3.2915265729705679776786224169734660579096925577329
-9.8323302033683617902671009800940220849509941809815 4.4803274351442265928774848084850968937577753427165
21.966438747573786741631175955098603854357118354408 -6.8381594106465704377381022423857762121994785150392
-87.087451682516113940690675829433359415556402729922 13.872971725347950586242858735402997490021605626750
141.94895228451984241900467131292905640178009205727 0.0
-85.368121005449938596679578420476246751516118490895 -14.139617913690090291322386273979058857585184934835
21.142244761760977146414808684882383648369140350058 7.0986093146798200981881138449485739684592072050893
-9.3200219240983048669264006141268866657877078869959 -4.7301119965710180870466525805812494769869370483070
5.2070797287704799978987829328452764403530269928466 3.5256057957719721913254964077254581002928386760161
-3.3127520042959858754082781109011366752193267669167 -2.7818824531566731904432880334329370924122687010296
2.2845912554939076640222579585504628857172438600687 2.2625711049955627549554115895098884313203816805629
-1.6584135752029225100166100129733563370232992062242 -1.8635280908524262439275144807314415056249297540680
1.2374630977504903826809764323535088215118923596639 1.5280869107869594281925852377153915405586619082324
-0.92142654646437253908223706502148608025369271754333 -1.2160733973817584707806479230116420768664064110880
0.64116426013658093801327905269573480415496625127122 0.88179912454933966402554514508063596441440022803552
-0.25094867540587949721366950261108349010702737697811 -0.35114608074310348140584942014788001653933928040825
0.0 0.0
0.0 0.0
0.0 0.0
0.0 0.0
0.0 0.0
0.0 0.0
0.0 0.0
0.0 0.0
0.0 0.0
0.0 0.0
0.0 0.0
0.0 0.0
0.0 0.0
0.0 0.0
0.0 0.0
0.0 0.0
0.0 0.0
0.0 0.0
0.0 0.0
0.0 0.0
0.0 0.0
0.0 0.0
0.0 0.0
0.13468603153923597336437673588615201464272399109835 -0.21492737967329625145176683949535624907093496138675
-0.34168590915248182799860563227782106998237221340238 0.53845022317780855080417569172165083100654374230648
0.48234617777875590370040424922477319651226063124477 -0.73816100145197791279030990405277971534135662151258
-0.62770609488470032049716030233598206936051602619680 0.91785549710765195984734994063317623050682819667111
0.80031804054954461586987570016295185614326799432600 -1.1006188646265660958575140938343246954014189210823
-1.0223701256511314214360069981951820706950002185704 1.3016713120683343694619697148003622971774662712469
1.3250068612970967851356113022605287049577815161344 -1.5364226084874424325679919244222951928288782355470
-1.7599855896031775824481174661852808528095328592801 1.8250521042020127163510209096300368326035805818912
2.4236134162118799053857309054854914188602136446055 -2.1985934772970507469858963860169749594181818207157
-3.5161506799326830464777581413406021323648271148441 2.7110091000098706814450642204840787244507046682131
5.5160201432119782611514203350652122950107813598539 -3.4686645713001762778685143608441761265053440293597
-9.8184593679569229916768783113889601060400648515384 4.7182772560155675914815265569230045805091747621563
22.075173046182261114934980616507600769182468775941 -7.1983051237114080897376241829042615214942552931444
-88.136440670657441750342259379250466824456227771962 14.598137813952269655396533459063666118485839947133
144.81627572644078690100273202170816601598700195190 0.0
-87.828792660853779400747075695977894770588163474077 -14.858546172158266072523326523658062022533201045400
21.954956288236419409241979656129871454725203983400 7.4488813306438665852353404473813856923711795353482
-9.7722756187621676807066998597053696286140967521648 -4.9516868356057400550978298376560328380028030177675
5.5113686353170646119038908053459624152400363096440 3.6762380057615729111037330735663239974949961479505
-3.5346615625883689721789573959341970358079570930774 -2.8818033273219981485664900569783377106902746924078
2.4488915915194944654818545180759091291551552003016 2.3178142964609123044064914888280805869121784767458
-1.7720935482096991759634340940836979240031152400808 -1.8710568761491909729873227371582842588929945297965
1.2937006410036016043494244866917258241428598224989 1.4740332470875147911229802301593417108115105988267
-0.88987368822119814960518436736523753043639476168500 -1.0625462857493306201729757968327559230145563255331
0.34666316620252543013006514099889428369183866096645 0.42210632918020285254504754668291251561080028538279
0.0 0.0
0.0 0.0
0.0 0.0
0.0 0.0
0.0 0.0
0.0 0.0
0.0 0.0
0.0 0.0
0.0 0.0
0.0 0.0
0.0 0.0
0.0 0.0
0.0 0.0
0.0 0.0
0.0 0.0
0.0 0.0
0.0 0.0
0.0 0.0
0.0 0.0
0.0 0.0
0.0 0.0
0.0 0.0
0.0 0.0
-0.10886982520790413832840664183924788479999772672626 0.20342501966585292168031685459175980369547779624569
0.27590234881820901546392405592667544621840934573307 -0.50918476891336608255440045658241597329515617067063
-0.38845585549078083263515514037803169653771776084634 0.69655991620083319508664958299639809841543522894936
0.50319454426612330336591903831506624547796707845123 -0.86310986553568070549966901600181367616753627164306
-0.63694936933007109628795207905000315551793188671569 1.0297251597457657741201779015963135817275683487760
0.80496775927181640413941172676918433302772124708630 -1.2092844420472283465266012744679790619040065454469
-1.0270852918280841939044155910556051089929400384935 1.4137821537732442070757416240697635290944257585630
1.3339773502208427433514148981207383319685224612574 -1.6576702945642640166564914299937018068249455695136
-1.7783911028361390695487595840481492977081339794128 1.9614220920930547842932530491665725291397278757800
2.4597791051831311177316891773932552862587649677637 -2.3575657381763614030983114734968150946111298463515
-3.5862086050501862858019631969579152525717435470084 2.9033899701288601157270186808310196654086889376179
5.6565758618314908455512464260997201992750899769427 -3.7123516295183899193044603272134517051180210066761
-10.129968174216797950250459407441258712947815094410 5.0480267074962622984166496769600837307186786519091
22.932346854417817738091198237377718008672766165315 -7.6996446130765489791954854826152872364282106714258
-92.272977115115768947242671655490136264390925279043 15.610396652059851492178230440052816065133723855563
152.97826078380965777070979757347715651768936570933 0.0
-93.649468103122252127533666465353863709263872404600 -15.864110114316423210745690529937761665965083273865
23.649239665867003199731035472752334903296945492996 7.9381224451351757752516653671326614964653948763807
-10.634242933080548541723576663139419082041673665980 -5.2595427683748119445245062886458208534505662734850
6.0527843474413699091920997447663506268120499584959 3.8824250111233325236027271798018792652246214215551
-3.9059591882625443759137592787613481770987040674673 -3.0126566156505423979876592860721350572286143964637
2.7033777687020083101359274156646219956577816648304 2.3778444567699320687854871200103418730277772033353
-1.9194147679041014690444257185124281259982766041615 -1.8470916932282141932464865445095498604706659869363
1.2993650833837328847034449876207460948895849436867 1.3207445622769438931881849465101743696901026674231
-0.50294646407645727051304135358393909383609720552935 -0.52297418153474230255549248480527259596456859762668
0.0 0.0
0.0 0.0
0.0 0.0
0.0 0.0
0.0 0.0
0.0 0.0
0.0 0.0
0.0 0.0
0.0 0.0
0.0 0.0
0.0 0.0
0.0 0.0
0.0 0.0
0.0 0.0
0.0 0.0
0.0 0.0
0.0 0.0
0.0 0.0
0.0 0.0
0.0 0.0
0.0 0.0
0.0 0.0
0.0 0.0
0.091003873428897868248486880905036391536722356834058 -0.19652577565986477298700071833713913383655809094092
-0.23046841581384943656026096651175930831004853660598 0.49156919098351172754821770174338527947688267409223
0.32392132322917298137841697630157974957781100764219 -0.67132454172700162598224828863991296718185286071307
-0.41828449562976949174597370283308938001867798595893 0.82954170838786029416455134630575566239837136825364
0.52680826133406599637897664322523629138115998534923 -0.98572626910807474983404609057478331003567934761223
-0.66070309557038575207815484481028998429885417164407 1.1512863134092856749123362616172727991810415271055
0.83362557308543995557182116084667518586460800564898 -1.3361325680938838770398589837017253985347606060227
-1.0654478188899946581227026667968948529656110001607 1.5513745012886272682650727406567343987242016013153
1.3882385712494748205917869007201914034645890544427 -1.8116795483395380532776285609143071276857359390541
-1.8581122213859537396324682236952860116804366772973 2.1387002176513499669001157304763497166914568266387
2.5817512623143286287586961800243241555027655507081 -2.5674464242140119928395867385500217902218623053731
-3.7834385893672256026336851850847434908261024424648 3.1600144840486255971290228647558877905524194009607
6.0028846259976409636050832542249032924505979410496 -4.0397013903613247786322597285373622024394442317427
-10.823504318450029669528321190782681233352024253462 5.4931617155602199274398403184428676140084585343645
24.695837124787395168210754916252413952796553723566 -8.3788078504175985906993448727676322918473270335845
-100.26719607237384691602748258973700521967067976485 16.985145474551413734820139788239560115482099324773
167.96602376691314554734629141336080872993340510385 0.0
-103.92725842819993903665304061076343978560471219021 -17.231252053017983310078965771388157117873501632758
26.543607127924900755143587991407554897556437366696 8.6007446645666013794682584401893749767408968686841
-12.064693953414136274676287880062196686266069406653 -5.6716054933916076412295414564715292923632989566132
6.9242475949036876900809495831220212604682918957594 4.1494631966181511237583548532706662066086287857416
-4.4764911293034609423705651168967308188194956269540 -3.1648018281459939101677352611564315389716519490625
3.0514626126094695074873547488990940125846106511827 2.4085626619418399070239416750663590836309765341845
-2.0192428747694119572800908338459268680967230615814 -1.7026270078548130406274809107283224429334022617735
0.77456297257587058070344191620549087406221665439543 0.67113283880810563153876369040540342859231520337964
0.0 0.0
0.0 0.0
0.0 0.0
0.0 0.0
0.0 0.0
0.0 0.0
0.0 0.0
0.0 0.0
0.0 0.0
0.0 0.0
0.0 0.0
0.0 0.0
0.0 0.0
0.0 0.0
0.0 0.0
0.0 0.0
0.0 0.0
0.0 0.0
0.0 0.0
0.0 0.0
0.0 0.0
0.0 0.0
0.0 0.0
-0.078745575748051941308247660705239523211754201980480 0.19382211375780139441243737381805531043722063914234
0.19934340426542195628789904416039836846586348083751 -0.48453296278581306211348421480005814830218114493612
-0.27987377193797774815270980611924661157560247757818 0.66082018631536264238041038599765948604844160069692
0.36067048823856547763684443777624051937191750047952 -0.81476386695816415543221850813448288366762098727984
-0.45269458890602969589489205807865991676413961084435 0.96510525894544963627355717999435625349846907593898
0.56471251027544285194462916059295764884841552456428 -1.1223630549186080418108433473265787595879123798250
-0.70681563907942299657571128996378378414553323164206 1.2951663921552484332659056655901087627885517101520
0.89294264911652501806725050070672540973191309113179 -1.4926052094922722007364253923761572302101737303479
-1.1444430342886577768245210759122083052376177019173 1.7259693069945522294256546385607798026696245823713
1.4965462244141859636719151996435738417167009584336 -2.0109260152275937892243911955846169201858858241981
-2.0115787942885578213093777789239351299323584090229 2.3711367842190873191363904319054467096143187181687
2.8088059698704900990452807459610320220633445959852 -2.8452399783989574411559199462564240373417035934914
-4.1401410401510115744452180449514659066769909243870 3.5020399528877040777581582212514497406319470701818
6.6141936132079740564863457516072567505226904511077 -4.4783334520960361723956643792421822158150926345004
-12.023159212847545052309272497397828676417828312742 6.0922267769797323852639179099559825728497462657198
27.695069099290087336802627656599358573260163472248 -9.2961487448558311857026265816633611785179401533628
-113.67401147539535314256713160694020831394003667785 18.847274268890980265010018641077983563290033662088
192.80990911162525127594237168014091864393398357918 0.0
-120.80442479980362883054140025432375320266182229466 -19.083803996858534700560002496678627899182511708363
31.253811210692768184615911638109768736421145152405 9.4922460405661408723466057540383717433187315547872
-14.364834374831821607954403991325245011568599870361 -6.2138157125581960797043195978499956367178864454453
8.2907428878660342821720515489902700291101281552032 4.4774761138888474738542583092607615068884090341660
-5.3057870941861325952392653919874638105067163324442 -3.3015017200265388765109506116211227356278878679837
3.3940499119739122385627226768222127118625776657012 2.2945790660887559857530452196395739710242875648627
-1.2848731668245795215745124342453625510345315506785 -0.89851144713000951722002425766642168482048875905649
0.0 0.0
0.0 0.0
0.0 0.0
0.0 0.0
0.0 0.0
0.0 0.0
0.0 0.0
0.0 0.0
0.0 0.0
0.0 0.0
0.0 0.0
0.0 0.0
0.0 0.0
0.0 0.0
0.0 0.0
0.0 0.0
0.0 0.0
0.0 0.0
0.0 0.0
0.0 0.0
0.0 0.0
0.0 0.0
0.0 0.0
0.070683018628404444244134807525467449673109408438049 -0.19535772918435575926908695238742976845684089838330
-0.17889690171150378279987327721781689693543097520856 0.48815146266956092355181332961480348491772255464442
0.25101946947886908478215339361985932475528871259127 -0.66503622933761926023943008027161652291019390589633
-0.32308887955219361475443597638285768311264103324905 0.81852530920971151389675653536726030045471808883007
0.40461801589845126202374705952121942279860008356605 -0.96713272319518088572836287607095936769372473162919
-0.50287383106541401767332906735799530440830841412060 1.1209212908050361332136624788176124608559880709224
0.62582626669564796431268226661456483356174988444642 -1.2877705342446640661806029166626332425885266498773
-0.78400271303902316656167553162376333361723806724701 1.4755542863461724746495882684187820659481454742393
0.99284272726897955637832523246364601395814572142021 -1.6935486343734374038356402377528753935401768953140
-1.2766565048940509548529503493319780880663600824747 1.9539650812632647063294603861783979393826834508086
1.6761330972293454400776523650257416186552173055236 -2.2742386286270035505850614442783913567747096026006
-2.2638785826586103867410841922059160730185479152995 2.6810506989152114753317887541414985964275711267583
3.1796925978462995793298889080669896422800974418145 -3.2182225898437977605957575121369865505650047424719
-4.7204025318141413837401734643281137407871725008996 3.9639565406830916977838976692182951111627685549854
7.6065860783269155652061911356429465291387687135536 -5.0738070133887095844559275538919305104361300552079
-13.970092474312053327951756457959121213571635759958 6.9094057103236199717537470424893620170563135335480
32.568599914896598284513668227965009814781604338156 -10.552982139935314462890623590781007974218650888005
-135.51590661759236965680102212294016215547998885501 21.407816846381947214025391859437164010007078030655
233.45013245588404323358735990622376828648907724684 0.0
-148.51053811923342931303325750693890441545036625961 -21.630156740964284886474524774252944867088235635178
38.999663003034365376716420505854455205995207513486 10.701979593890676409413500008478951628576147752002
-18.117267163476316249759874821135424827039356552654 -6.9181261634980314740673762494570609206104688597676
10.422045305915612218818960243488665099880108852628 4.8362625980904230461800254791315617202959779334155
-6.3185948548548638620000288686733027061667389958352 -3.2722620070786510150446991104975198665692661419605
2.3440302094858268189276623189570946887049296821657 1.2684356061754474412325393661402389505117703798481
0.0 0.0
0.0 0.0
0.0 0.0
0.0 0.0
0.0 0.0
0.0 0.0
0.0 0.0
0.0 0.0
0.0 0.0
0.0 0.0
0.0 0.0
0.0 0.0
0.0 0.0
0.0 0.0
0.0 0.0
0.0 0.0
0.0 0.0
0.0 0.0
0.0 0.0
0.0 0.0
0.0 0.0
0.0 0.0
0.0 0.0
-0.066041183194521224302560929701018545075915682448927 0.20173101529029747247803259180860175724204003672653
0.16713790372133770631248315888889980166789364372156 -0.50389645175280889460708856430027080169207316092762
-0.23446113610605805765644540010413268887958827691694 0.68589958466186831796036297713667939572195362760191
0.30157686930257221978609023678359823556889221328712 -0.84303565229264033569268343311323374215369186218743
-0.37715328250752778701229766375974313013716109774731 0.99413031021020427973911816906953527387867840176811
0.46757149345064878128666795669916832061717936233739 -1.1491648932642956450698922369517910865316425436261
-0.57955015336700916584580728858900166987839170146335 1.3156695563439745443198924001625885943442304141618
0.72163298515027357277807552570661384082175428367455 -1.5008462114370052823225153319224021214908309901264
-0.90590615112924748558226786000174883244436198214526 1.7128059241919772982703837919255714954315637238107
1.1506959969957754646371689644168411571133147926567 -1.9617576670638052459338825434875956739699363175730
-1.4853802730567906841787792431959269603416426000819 2.2616109519673619514202593025918762409555802540976
1.9596824842318608813115453947203099763147570649246 -2.6325672319742204393148133350839693680405611548638
-2.6630622752186733933118186005605231528834274706096 3.1057920874298717792480555367597883463656021368472
3.7689752743222135740077974343058732930259043053050 -3.7326478119958406581088839346359074526018993378852
-5.6481058878723513291244000971261309917016736016673 4.6048907519220466210171201559952186322385359108194
9.2060339775854558618634454191695202792740983159982 -5.9050074339651172832137596777759039117574206598389
-17.138788798249909310108229613853376591998558101940 8.0569344795294424203379003245671847933808516155245
40.591498709462135775579197284650703947597303091040 -12.328240236304830572594389340817828264132214384159
-171.94198679051200089459670966068372623400981457089 25.042883634598618771236343887701884628699187018922
302.26041607714215011740336064497869001722060456163 0.0
-196.01645288555236640628763851047181422201617334744 -25.239019204315725920506804420878482952640633774486
52.384720255167533637615323735878737760345391938303 12.374698419350429684529070024444618763160335125139
-24.485746261505061641503481157676795976765202101112 -7.7980195480639455982680284424391396700071681566486
13.524902295961160960885732151925167771007819824748 5.0362165466227538536269725628708443385307590941567
-4.8523056655723972075323671955491204861803112628015 -1.9198322904949793871580929688193478688297122141379
0.0 0.0
0.0 0.0
0.0 0.0
0.0 0.0
0.0 0.0
0.0 0.0
0.0 0.0
0.0 0.0
0.0 0.0
0.0 0.0
0.0 0.0
0.0 0.0
0.0 0.0
0.0 0.0
0.0 0.0
0.0 0.0
0.0 0.0
0.0 0.0
0.0 0.0
0.0 0.0
0.0 0.0
0.0 0.0
0.0 0.0
0.064588145954175916824191830692882648786084320283692 -0.21444334015912560809487097060344370924129435709419
-0.16346414501661324577050083689309976210319953099220 0.53550092822711093005684650308834428874139340144719
0.22929937212529066610237022192181595370522629783347 -0.72843461527980719480427660326099007640483935859901
-0.29485252744071175296831921416757998636714789491350 0.89435345453778782604946729713967064574752831920268
0.36844635257996813598251020605010455891230137785159 -1.0530371116012653134378149807545222943893280208897
-0.45603102834238252081719835838124760805887153119113 1.2147765062789613433101904282119801739127390578822
0.56366476728993204432525220020369512061382644298019 -1.3871129729454756998886736065404084086060039812967
-0.69881156570513947939987828400426215899675211251455 1.5770081819544361295738522323968603993533861184919
0.87172245184275947816462299114729389529721737558448 -1.7920155421263866172248768312004186713344422807801
-1.0974814871549298485623548309674693761462814337815 2.0412922615757580330056016669584384734361303037104
1.3994734109618250212824746688195387704226803266605 -2.3368414273301133995263326188519824455614417262788
-1.8157257236213610163112284835377333900023559313435 2.6953732477320685235444425405755909380914016719186
2.4113041810054894953451949047002380847497116414347 -3.1414277086538708070793081842518914256892575729807
-3.3043801550234257253387186559119020138159224031682 3.7130697274882011155052007394941094581978435632275
4.7261438469148076599022204684474659555703452159270 -4.4731762783802724160305494787801915754117958910774
-7.1750917154528630754647823392954798901565901209340 5.5341304101218151848722095524167779244325854471901
11.880064245288060372443742312391190918822787904385 -7.1193134970454036060745374310314733767889922364733
-22.532797203803595407393292983283840454769794354490 9.7470423716264677281910908496759632847881904838633
54.534069371623131232671018349414424792783485591718 -14.964808735437549687068707429810163348810738674572
-236.74178016076329049316457327528484152944010624677 30.482800030210120888611222004446742577910804662369
428.07809272066145518432818645154696820543414505143 0.0
-284.81019601369243163653360265500650370766736785167 -30.615998609816454228843540925537343531359034737850
77.622857129731872973101302708113393002859497453565 14.732384697702173120459696670430426440377258109096
-35.541014646465927953456861061732401982554368365797 -8.6628957857117848405920542738333068556417543024994
11.992001967755864797272738399063554099492494570479 3.2025865370482951760018407219908642932180283422034
0.0 0.0
0.0 0.0
0.0 0.0
0.0 0.0
0.0 0.0
0.0 0.0
0.0 0.0
0.0 0.0
0.0 0.0
0.0 0.0
0.0 0.0
0.0 0.0
0.0 0.0
0.0 0.0
0.0 0.0
0.0 0.0
0.0 0.0
0.0 0.0
0.0 0.0
0.0 0.0
0.0 0.0
0.0 0.0
0.0 0.0
-0.066783724409971788790579173264535932734746563062855 0.23689226742758668314827742577020014601726150524718
0.16903171754915300885433943344808550497220337599454 -0.59143559750446893239988052186031402155314700325508
-0.23712783019999782695709216264443961890187244742577 0.80411921014374711409459512797910116292473428718915
0.30489825684853276696764420555559799176316145194913 -0.98648016711823498584219532943602381933954360343495
-0.38083574664289728701040624761234142615439584758897 1.1601815482491065193093132729281731336971637024023
0.47087789010527110895284075266719397998514156140585 -1.3363380582895124988559465770132916038744641967608
-0.58091202914783136674402985061544272220101567622608 1.5229184464389925636959727330952543378561705431213
0.71801036334125546562258457081069628033513742763083 -1.7270801106527532691375414090171291011202932617078
-0.89166096542746963150018250916289143761797457681728 1.9563625700588931744963306781751789615250995153209
1.1155046356046232263542511607558765703313971059925 -2.2196354366773024733995422347305678656491219706508
-1.4101603961642239640037819358693847130489376728455 2.5281703843593612587457815419723388265142585772212
1.8081772339888003096352999689962192474475228940259 -2.8971426100671325838078052223928831087146777600982
-2.3632423926452681373258090617154172691172494779823 3.3479996509047749289659812920041666547757812024996
3.1683958566296574012368339125305597893128926640963 -3.9125079733760461206337652694725112587918917363019
-4.3947486255836295842534072222354887008436831057709 4.6401752566351624358476418498501303092313004394687
6.3814079988956840379551939360135201306678161288870 -5.6129764076024801398010222089735524884025161044434
-9.8694726385110076352004506172219301828117974131861 6.9775465084092854515109913425238636422987828815945
16.711596874942025740510009643960592318615634207443 -9.0252196750672530579207789249851760065393800531924
-32.554404792440995938836280791123973131203936249543 12.430985175607341492551990195813574642448703467068
81.301214035541343768436224743435447839081680010706 -19.205562231052270370164502200488178767594724628934
-365.98690905157584991931572997373175644120709386968 39.342182462440274245607780045824073208107155493553
691.07717682389229987108561003944999797055184479152 0.0
-476.97350901472536327122276958389040261666612326468 -39.266919663858166809579900882853182802763255859372
131.39448710203230938663708422897390815643776506906 17.910199161697437584419351940808318080093800373627
-38.800748691243411183264526043760585918252488586398 -6.1943315858820337482681552755287169112201403095771
0.0 0.0
0.0 0.0
0.0 0.0
0.0 0.0
0.0 0.0
0.0 0.0
0.0 0.0
0.0 0.0
0.0 0.0
0.0 0.0
0.0 0.0
0.0 0.0
0.0 0.0
0.0 0.0
0.0 0.0
0.0 0.0
0.0 0.0
0.0 0.0
0.0 0.0
0.0 0.0
0.0 0.0
0.0 0.0
0.0 0.0
0.074568879567838984340907555532249710083928853237801 -0.27767776103141885423112401888318730298613722039418
-0.18874990356372076083369119198708545734137603609425 0.69315956173042458392246410293863608929198885056148
0.26482021590962101422572034692711683373372112281957 -0.94209017282852655367655168176058425177001609147688
-0.34051735398098818365161578291857078854030523029179 1.1550815938585501730117039937958755395357815624250
0.42523918082970156912440729116663646895101395088388 -1.3573749554061384620925324602862326625720743223072
-0.52545179857578238678157202128237518571433786865925 1.5617955258154098539618386218843149948693168072018
0.64744289343905100873819993419067043511325312499401 -1.7773974361969639513845039986257048776754346513924
-0.79862462580676745617714492077093072744874421051690 2.0121537945708032148500564154522693154047468965473
0.98877032697676591795726530150034201632505350904909 -2.2742825947189361043769962430733631365510926830493
-1.2316955981921545904448955917573924955766887801807 2.5732374323144647092045932940721959729927067897412
1.5479100570671249078241171932525381476744081639340 -2.9207574471777313296243508840146759367040824411641
-1.9691208666998118695694084178076964885573481427994 3.3322585188997504509859554861102926501678905172476
2.5463108589617425171108160527464860222785078299298 -3.8289211635629546960090796774963398511116491860720
-3.3650323809768116924561314402173050661203553459498 4.4410771271308531707721345480242342718456578409466
4.5761740652327005692851214063930298836535009606752 -5.2140599631919416874910112190051572342724107894801
-6.4624910378863245794548781480095821468352644454668 6.2189859707477264789986934135963762983656305197004
9.5958979331324525772268293660755391224934841938719 -7.5741781577271604567190453076432780093936082850831
-15.254418972626310527990303171503163622059481179920 9.4919923438534533662202475427497975361052561922146
26.711075509730418679266217157130366512112152303019 -12.395050266107938998181761573818899289191685319948
-54.203470488558085969906344282192732016490826171841 17.262276506850575681000337910086428129705862127248
142.27250900616154112741176153228193080243066439581 -27.002527504018312939910546702874660771831200737741
-680.32370973646252203167197534360779920065808143478 56.007757141109699264209811778641343540057635049608
1389.6301129541031360831525075900506450148798738932 0.0
-1014.8882999146277160771112994933267582869927393535 -54.800139788444563847145051331495036565334876924480
200.38113483716650236455717655062470881189779324801 15.497754016103686487079017771552301945386254293637
0.0 0.0
0.0 0.0
0.0 0.0
0.0 0.0
0.0 0.0
0.0 0.0
0.0 0.0
0.0 0.0
0.0 0.0
0.0 0.0
0.0 0.0
0.0 0.0
0.0 0.0
0.0 0.0
0.0 0.0
0.0 0.0
0.0 0.0
0.0 0.0
0.0 0.0
0.0 0.0
0.0 0.0
0.0 0.0
0.0 0.0
-0.095505284777592322780174040228955626538933633459266 0.36681053308774865577309388644917921822964975628848
0.24175828185967157435967648631925135435504095412601 -0.91557494377386838364521713267725392783923235188458
-0.33922540429450797032998637994518787282325224298333 1.2441070515164616266802681165058294987914659736710
0.43621676889094007165429719060162589790758967406248 -1.5248401177016984895996484953885132710816214869793
-0.54470356844760570034425805895444683279191938341180 1.7909951043059640059944927156118436276508013459135
0.67284028848423464423706248500800985725417345613779 -2.0593514956142060729255155198387744830296057054980
-0.82845839529351392434217390306993636527482119937819 2.3416420431012824536593709831304213271239552638990
1.0206785044023555674290786959413672018103061919343 -2.6480710726656578382697510491710083873495077129917
-1.2613934979219625727301640424164557296104408275357 2.9890113331772220277505624609051506010896043180539
1.5672358963434536194349458072499792206496286773049 -3.3762241017793900152134594925790523122111217924406
-1.9626194277287612730703058038768980800521760746749 3.8240971547529007122265323339722080904729419886488
2.4848013554717473676959668617787041004673594605348 -4.3512227762041882282482895219554396116195308657982
-3.1927568160972890993310720804206740584001007801710 4.9826845080942298434716447470045322615479026149751
4.1835210301981206203654523000681171762600164724703 -5.7536350843645237958971884479445547793822390424087
-5.6239471524940902423228021760546376403405748929184 6.7152273825268154325294355695929785304816224073269
7.8163939017185277626443220071179464861880259058105 -7.9450031975814233566000919564251825420915795007798
-11.345150173349175216602484519248087879416157297996 9.5662385811409040686279145953482074764110267971371
17.434447904401542617882078996578357690731870773716 -11.786720946301230977032607131653206770764775054972
-28.933638492382969870875325289453642908813458257426 14.984098227539854727212236844187199956265307029431
53.492390812803567687549738536903258257896844789262 -19.918758585805160939410617791950906924714044236978
-116.38722448722489280863701924684971019827193898747 28.368644129897647829404635102769203503830955032458
334.84407198957769948098067383130398210193799905752 -45.642128141876448857992404527537254785939402207457
-1813.2695515194139604817049659298470080625667550147 97.909715685709297234287040192672149651224161732506
4526.9556203661475751180996885243390863514596977111 0.0
-2967.2553404706073483460890716202773116688229680955 -69.278041989056401237397007420493893761536282809951
0.0 0.0
0.0 0.0
0.0 0.0
0.0 0.0
0.0 0.0
0.0 0.0
0.0 0.0
0.0 0.0
0.0 0.0
0.0 0.0
0.0 0.0
0.0 0.0
0.0 0.0
0.0 0.0
0.0 0.0
0.0 0.0
0.0 0.0
0.0 0.0
0.0 0.0
0.0 0.0
0.0 0.0
0.0 0.0
0.0 0.0
0.15146830583444134572568181962222302776102584620691 -0.58944630505493972365505576353917942516618247508224
-0.38343113886072331882979522008353612978044846760898 1.4712265917069278641868819113316798283128457957443
0.53804050802545530943071452805746783991048287270285 -1.9989568241634278957035476359923103939123695655522
-0.69190042884041169145292574110166883461242652432730 2.4496586738072544922391800134572903709321945534992
0.86395420727761851918941544642269914235144225173015 -2.8766347941104145971613005210067420371124915641528
-1.0670511157234210764310564958573195787331662404735 3.3067408039288331441765178684861296397749266098047
1.3134661953654097176785168831626409773108692595197 -3.7586798373653726314571578055635853594907321723612
-1.6174209073455332797212879706532633570286085455510 4.2486334583316861201489250922105598209458148823987
1.9973712679446106851483497786857026809294781437669 -4.7929533847003198125505661621947007710077369763394
-2.4790111235702097626224944903901383511825526922691 5.4100658929281889440138357446593553439720617438531
3.0998751236032102290396324770284995223740771726240 -6.1223676486676465679833961118980081677960978023220
-3.9169337885742008043411031082223263525664637705711 6.9586005517645721292343384546195540743468424091849
5.0197779698198211940801686887699158121992442553851 -7.9572389942165034558131482333009933394916934831400
-6.5546137568783764862040994729942642739846418065792 9.1717038465736656950340186421829237346930355630769
8.7702124002725475720560430654917185262855425204761 -10.678844836509118200539558913612491829190129548131
-12.111182574289739332359509493898988979688949277630 12.593459237928250392949603376016010980626003800228
17.420794940045877126710399964221219789353324583265 -15.094534565117803588626675493340710971535633860675
-26.420423867795106940962866364876813651124519491689 18.475795040462431568651403420457558613237295140308
42.967025812805795131726277411147831807858473310377 -23.250939860701465001831527363441818628010561869592
-76.823761969303208183093660643641649783597743124497 30.395599344125430379990355578746993767889943476818
157.20151508745981866443577252394182730673815120334 -41.982269280506727268728814996764900624447354058531
-395.81762015143222341348884547582145616308690577637 63.190161774017620116896540069345739865767649505869
1433.1462176791980781330041043324106181353205246604 -110.84150994927896211418211384687044537312043754326
-11878.031345085670239267401080250038713894937259141 277.32252868459346253733229663313134558313988647877
30744.105350773888695881082384936891250682700940564 0.0
-22129.883646476692530522103929655913101377543397457 -277.61023547676586599429627053631657792079715601596
2647.6882149995381492555396316907848699674170356281 111.22639312204603730165351650333790026710839000298
-721.87628119402843725810624041976146294148071985812 -63.650410111194253914117668152783153815290947520681
281.88848618294897730679968015993841364805383748657 42.504888265765442522920192154014353622181350640480
-135.00598619557739897377843583778674227469742304851 -30.971152835220529881342204580699478547303452821727
73.834719744327017732597394431410036237734817625566 23.871754195544446078743633753563612347840865356166
-44.354494859720217013235990173869469525466224405784 -19.135141910041414253803101673352587818484120711919
28.590851440955503494554844629235867953281857593125 15.786192451129483989533279133850357905469332335760
-19.478531897868299246482574421748120169178838117518 -13.311450667793624052247855149462092508521232354481
13.881209923026404400292899723339497984850874207557 11.417266264156441912046753014612888779200707448014
-10.270809499738498396290749516169294391791328826429 -9.9246090103161945723394643909165619053096844621182
7.8457903952753642741768680060567041600045146194474 8.7185550049766208362440061565196173460065610425635
-6.1596245062306676261815173824459255405728506273179 -7.7220641238941618978808469598956858277384566362579
4.9507179490503400758006157287598355410292905236427 6.8814722768552849141314027354112049927594315292453
-4.0590600416219289956241693582590371132455925148757 -6.1580114248930021210480344600917448199440201287335
3.3829592668623239923367244784171747396465944243854 5.5225878302327423480817385169516238846249142129645
-2.8554322155418537589237638002850789143286260341017 -4.9523723803916970045806283631562365276361884626160
2.4306973501379247198851798639551325908353949598626 4.4283790134552590428126575180052603356416653021528
-2.0760306713643611635446073923438829154704677875935 -3.9334769402492338220478980285365160260200643051724
1.7664298933670456960722948069564529315898898463271 3.4502998186360659128493203124215015658820421468583
-1.4804172750794672586883976989683489805004791761712 -2.9581400843526535027231800233144808050174761894907
1.1950319926235837103441910498164683598685184781803 2.4262345095562536271655170385251199106434842882758
-0.87384629289376168771095367166837156173795630592479 -1.7916199338309756861359846613451618053297426679142
0.34917365881988430361446878669061615678415083913236 0.71883279747856979969769542086326639349882978612569
0.0 0.0
0.0 0.0
0.0 0.0
0.0 0.0
0.0 0.0
0.0 0.0
0.0 0.0
0.0 0.0
0.0 0.0
0.0 0.0
0.0 0.0
0.0 0.0
0.0 0.0
0.0 0.0
0.0 0.0
0.0 0.0
0.0 0.0
0.0 0.0
0.0 0.0
0.0 0.0
0.0 0.0
0.0 0.0
0.0 0.0
-10348.240926122525389294622910708568002176891824657 129.81440147465736943164785863742367717272068006151
15730.266822643493206405718942144603680157191944896 0.0
-6247.8918456586954588222117906743317463190235524828 -184.10219197106875020505893081926603786498395600264
1138.9258303051394129522648113134730467193896700259 86.148140409677013180613569132961673207372674959447
-389.21996329033070743047711103261159761797018868463 -53.819612358841888559990252475862922119235125730284
175.30487220891345896931600310922051388191600498401 38.031100081651327993974534767565242138485562208982
-92.712253498648578249309050745859265548018646355256 -28.827404936078433976085284801812608029091593334368
54.571463134578227784879063953454567973252402608415 22.874628192650310968478333225781824966279591653372
-34.710774828903540672301083195066453364774912950348 -18.747050932118195975958074008955938812584132930748
23.430934848187875201076221620597922996616746113602 15.736578719290037367356112596070568579648732610763
-16.587192343654167154526199098947974852048824069270 -13.453537487240685712497062097915622633605998530983
12.212288081990566774235164237538384778944141894667 11.666640920783377890029409739568488590732952899096
-9.2935376694450091736757635818252820139584169454764 -10.230291844183854969810459070035208108888378368987
7.2746370220830492418854821922457094765371574283035 9.0483183622249493605796595136307784261529128236768
-5.8331663362509979135754389181193017284361281281080 -8.0544997084381620469964028285008155785486871699035
4.7735718344564172859293830796832998938154857283031 7.2014439793825383771074083882476767757568217444956
-3.9724200773615221581440046946118132954357140175354 -6.4538677731507645421743574612573552197363934725227
3.3488669130140996117218662050120958683737572968861 5.7842807659426191857344654965653421536035714220764
-2.8479276497556975681814413559157991957436606915081 -5.1699714887272856569600327237979571292606730501375
2.4304761252323750734163667663117273328465441748049 4.5905784292301371796414329441259399096176018959611
-2.0667521048898725673322616329591365223858481604360 -4.0255849469104584186517872948848631808716632258994
1.7313143939253187613210107987715499459552845542671 3.4506557422346205637977530910744206875702768267443
-1.3971069706666185251036336451820118818077376177472 -2.8297792212813394265549180856216017034991526232410
1.0214032627663680520597269593526763514723236298625 2.0894235894236843804091754765721593426221603135314
-0.40810018762826872182671825678906385518110033871576 -0.83828571891178348833907262585504553317851908726545
0.0 0.0
0.0 0.0
0.0 0.0
0.0 0.0
0.0 0.0
0.0 0.0
0.0 0.0
0.0 0.0
0.0 0.0
0.0 0.0
0.0 0.0
0.0 0.0
0.0 0.0
0.0 0.0
0.0 0.0
0.0 0.0
0.0 0.0
0.0 0.0
0.0 0.0
0.0 0.0
0.0 0.0
0.0 0.0
0.0 0.0
694.70598258971416276041077827019046899462891547404 -29.183814123587922551508089584571968823712293069648
-3505.7448019916670672467889723972173482948339466485 103.30129241694679207832860348998347553355134977436
4759.6075137817940595414254625569161986344695019394 0.0
-2300.1595380609980070058263226841347617393257879382 -106.23719862318356807083891228742024917637204984512
472.89006592127131326672493517337709105277618458070 51.482134763173740496257880869439823794777319923411
-176.52960036004796982312493161918616870499329155095 -33.122801342052737685916370089826944084376677281177
85.040649320354532584724009487007665500506167178854 23.965049589341228863371848985993321497694983903658
-47.428027316317791110181726426929047264434027229375 -18.512998640897223745991284818379245284276257019939
29.151862166495464308203675904943363235565909863240 14.917270982760994699104731254199097508499523551729
-19.227147915318723712865573384523941157490268268731 -12.379474419190497117696701853361566141398395796502
13.388430994965166998094941879274191164897762820490 10.498395973785091927175660327061089906877178874243
-9.7378218823337403542705784581683106258069527020214 -9.0504093045441002950420335809594460347510219476872
7.3421817679775859020725189493994503056843905177537 7.9010186056999584574095409815098844087734567645875
-5.7060050674484451504564708544675424683174073231669 -6.9643925410190564330296147922019639235047544997649
4.5494476235220647750796944630958376031180162865743 6.1830016813017402419625769422981451246118875963293
-3.7061882478292484657121652301245720870492338319539 -5.5165650975133585417516864264813695105029529674577
3.0729451964707152900803583866196908964049567604665 4.9356441258355057487299723147034358831948383356804
-2.5829812490241385692578552875616378867519284678125 -4.4176773923997617795770840976489864575004357675809
2.1914312869542022887435448804907287204135466236742 3.9443110930087063449271811783401072215187341078296
-1.8667071904408811593948655379094100306731676528945 -3.4993345742293679403750224656516641528038251062852
1.5850344819565103764514311892531900336873156502683 3.0666452071830363087081879869434547053529270894877
-1.3263201108469897036230015175811179289343009060861 -2.6273808839175540214466037503810614486192582953673
1.0694587250046807329416038742953068353002448082727 2.1538890679452920623575461579061485346654578642748
-0.78148715816404574398450343318861257790503948878148 -1.5900245782845596391829558589045658251787324565394
0.31217883703058911019239755786767508811087287936993 0.63786715842961971128971505131814513586646326196662
0.0 0.0
0.0 0.0
0.0 0.0
0.0 0.0
0.0 0.0
0.0 0.0
0.0 0.0
0.0 0.0
0.0 0.0
0.0 0.0
0.0 0.0
0.0 0.0
0.0 0.0
0.0 0.0
0.0 0.0
0.0 0.0
0.0 0.0
0.0 0.0
0.0 0.0
0.0 0.0
0.0 0.0
0.0 0.0
0.0 0.0
-133.31144928998118151017014862312397532419583699270 11.754546645845899348845545347147004879485059140469
449.79302795100950209294278006622650255912401636323 -34.022261938545911223060813889493048014043444787259
-1618.9313776330319858453903955706663627641171030885 74.773393530733255952676647126405482023464764919522
2315.0151174377643923218756299435325050359099894739 0.0
-1205.1464825656979048564588384868877281923158157197 -75.588419355190625748507107219526700585281520555206
262.25198031416165597884952315489805105176226070368 37.136778594692506060044901536299851553133189231051
-102.61956300511595996345141829734055505864252867674 -24.220779910689459539255998115749945892476281275211
51.421665255924140945678405409302529282813540989065 17.739233147203237957066825570641605310773985508399
-29.655820655251010622283057957567134295849956029642 -13.849057722190831225590515050007227793190275956828
18.765120677834947261380914038160965850581931894361 11.260203241325322248657694048481014171637196616631
-12.697002777417557360343277822011291773589667114815 -9.4158435437082235574594713525327255495512062880387
9.0449707615329841383957255332834450275369171852631 8.0356557994745111271131409154443059730671043732607
-6.7144234383392353972203662508881600722607548088546 -6.9628518534226819285510622752207694691532273119160
5.1560657010201105211778179969720178971698271468063 6.1026568906323087220979550842806035843587984715085
-4.0726139906204873218046591088723810996084071742843 -5.3941690390152481634162466030310671585734169231099
3.2931339819609565737827280328442158792089450594759 4.7961736033566730725581212556512125449695097993320
-2.7142480510630414663409158841295781478539232277997 -4.2794023621484583533409618267495454042729581123343
2.2705937364024206308609345477945704965236495520617 3.8219890517050604740131847129784638655094231248992
-1.9190394268166806695423562965908285800451184386313 -3.4065647929880366927796617647673307064603979057697
1.6297248869098275030012553870331859458692208074064 3.0181410219784390275445644318609357427870773468490
-1.3805471237789753678420437607587347199703047753255 -2.6421595252240806376516215844801959091706562987743
1.1531594536156272115414725793364856786436660184383 2.2619048357644733215141771285448345155403039770904
-0.92866652435164717009826070199868880691562397242789 -1.8532398872425091763614288255897150484112165747969
0.67807771286850567297802702321346813712005289837588 1.3676076640551703543015962075712607189220949594030
-0.27078173450966643577363850877386183839327215276379 -0.54856085616289649449277331424900600501825811812842
0.0 0.0
0.0 0.0
0.0 0.0
0.0 0.0
0.0 0.0
0.0 0.0
0.0 0.0
0.0 0.0
0.0 0.0
0.0 0.0
0.0 0.0
0.0 0.0
0.0 0.0
0.0 0.0
0.0 0.0
0.0 0.0
0.0 0.0
0.0 0.0
0.0 0.0
0.0 0.0
0.0 0.0
0.0 0.0
0.0 0.0
40.722533065871988917053894860995283313239863914141 -6.1403952367903685975027520766681681989170283992370
-120.24448144527865283997523943255977385269074542150 16.626874235758459745923505944772611480391685638604
260.36550268643727911504535135892349971658061383990 -28.345217764029368164235693632633689104069302094552
-942.74146073937672869956714570348447370340926969834 59.130021046224369517684598314610013369362238801018
1392.3904724808455647840796137431703785909302478813 0.0
-754.08768207234513778467331472193053503801816247866 -59.556606694603714535887086011434965993314078238491
169.66721671879385766175250227591166994587665000611 29.461684932633622620790468945119947125689209373812
-68.386126556423967164029164959962446564112857126004 -19.358014637840166720444894767201636858119677430065
35.180068925404628576727205381438048367631898407575 14.278240305981760384420699820912901866846435908885
-20.771959227304023125794173489771558506255946625687 -11.218396254701302389865649068698188509724572539539
13.426274319641366188988722118107617124640797186155 9.1723283339549808229027177680720229031213419578738
-9.2622872075720829516574889940584905669040101667970 -7.7063595906725536615896154409275037340677555669566
6.7159483238471116508556588907216969498150502068157 6.6022371158701893132607024681553473442107046518203
-5.0663670983682103760636065785821753072993601975941 -5.7377712788282673082544533041829687011491371234199
3.9470989525042343826612531192045021733332959047630 5.0389048257445566479170589324771567073066807220277
-3.1573039205214266406817384513912657540031916719690 -4.4578029523108092524349794241529127938084580846896
2.5800248564835971939089239306986408845959413201483 3.9617922735221584432491687741416314351019579043315
-2.1435545625631253469439084113060017116494610206644 -3.5272840467730935501150411464262276768185282396395
1.8017912161391508254753798981771020686118418845029 3.1361300616166253700969088228513198843938159036289
-1.5235552042390622892903734776865831402134267405538 -2.7731505595740503118607938562811487814211008054283
1.2862885025137582352535451432921519410926477730371 2.4240461305883390247167389520875078976096044086317
-1.0717232790162909427146680134795918744959455801681 -2.0728496338059687290570641165302101882283538179052
0.86155113227666842576694617485447448721667535889720 1.6969963748513369987790269564729949718606725861272
-0.62838002278908723426942391975246031058880260792071 -1.2516925892769287557400410894801489035472598084879
0.25081983094833091417120944420569636068454800347297 0.50196300973812489588614972082755921416204309871440
0.0 0.0
0.0 0.0
0.0 0.0
0.0 0.0
0.0 0.0
0.0 0.0
0.0 0.0
0.0 0.0
0.0 0.0
0.0 0.0
0.0 0.0
0.0 0.0
0.0 0.0
0.0 0.0
0.0 0.0
0.0 0.0
0.0 0.0
0.0 0.0
0.0 0.0
0.0 0.0
0.0 0.0
0.0 0.0
0.0 0.0
-16.252573067077114288432702562988026267123027544236 3.7284341132609982586335650067570531386532474882255
45.131075926385958510383838414296406260323842482293 -9.7908543198020649858267930689450463503000917924401
-80.993924528823531770938787739110522022986911317595 15.197143519328959883960051031685342081163191710515
170.95554835307442601390910716092789723891954000149 -24.208543024601675403445536796541492795427953394161
-628.39612888297931531869322694788158595156052813723 49.629694246490340419326858843808225479718241232223
948.40241251066416905802421124962479074404069331564 0.0
-526.59670769634108817911687110784944647425831440228 -49.941762471712310860802384867662955553386163290310
121.16224686587386809802696701253554050139085169202 24.802257137732728474303795219474360599634556600268
-49.859953854620288659152666930501639508774939323668 -16.368882195817634939070226157992530133687338935009
26.147223883522495195457208622375661445957679632808 12.126244730968125411807136301735738899907445425607
-15.716475054458773793344261475947568587944956711382 -9.5657852700991384076184960878335878142885724479415
10.328759328951830815633003481098138858384892736992 7.8484767739840480256237495491710754718081980240911
-7.2363941237071313287970420384210920188724929182549 -6.6130866892871516730178921957578346827464440613860
5.3224188586872034826446270751452904899467516686917 5.6779044731870657200875975385033790285394014661388
-4.0675254204449666679845565299971461294382574903234 -4.9411297677326958446316448239193759119444534668698
3.2054032218217751351482624364019841675923394448003 4.3409020295252129137553906423699581710085734326371
-2.5887469154124516789518665243324646183552317706204 -3.8370239156909329044046075736106023329712603765002
2.1308900908243067789884187975945892362101262432432 3.4017010200583774191632352119872420222091555404296
-1.7779964921871338444256771205581534052743079163051 -3.0143847089279416090711749258368495342108793882584
1.4947448039736806130681201724047670780079201776880 2.6585440630610019644829898550068780590910612170812
-1.2563184485987184463475475713093685689863656110997 -2.3191989751391176945623698753650559041557517846433
1.0432427846474966909016558867707532620618295139805 1.9802174505853092766645685825617795418610390371114
-0.83667380302374467463675308861364945007453753272469 -1.6194497612346519867375353320773008527210345544704
0.60934256741162994835432532559674864987506470086925 1.1937153038783702929294476603595115204478251668379
-0.24307191150308188615437512163255947948663474785557 -0.47858178872322332304243673284314855160178335319438
0.0 0.0
0.0 0.0
0.0 0.0
0.0 0.0
0.0 0.0
0.0 0.0
0.0 0.0
0.0 0.0
0.0 0.0
0.0 0.0
0.0 0.0
0.0 0.0
0.0 0.0
0.0 0.0
0.0 0.0
0.0 0.0
0.0 0.0
0.0 0.0
0.0 0.0
0.0 0.0
0.0 0.0
0.0 0.0
0.0 0.0
7.7353796007285418829528940182738202521560955023312 -2.5009518703022956547983159512906699285536852025075
-20.771637584056735466518079310624029001717676232892 6.4586112970471347760213533434304637231822089981276
33.955753414126538303442215785486507927586079115043 -9.5689687333821114277346702978656822406371290079047
-58.216552489261975358096018638844204365844489112351 13.740560412747214134887770405747425398326871722130
123.04429673524255958410909319688939856709255564115 -21.365897156074751185967042085411930382184850985536
-458.27908580559426395686431954564979603520085007273 43.462606040929259358226044293370823304364293283624
702.58315955674452989044101853488744810497984322112 0.0
-396.99716254146709826608981070254767250184647009951 -43.729889503465642139762041772326130444543886923795
92.856819701609509704246246095709847693999192363458 21.769731137064754139250361867396568519514942305390
-38.819277204830324050005612616145038686003210701767 -14.407536992939663795865973878917314498326412015239
20.666219320946931669680079604598071259142075526907 10.702729473603991288242627884335914652457743120320
-12.601436884261480798708424943599368422838398032167 -8.4639719483996843247262904058207353550089616669050
8.3949610309400014887261026795808312708743918330809 6.9589527681430423000321890479653166740175328037984
-5.9570872243795171434556275485198370864788653961245 -5.8725904649922264193554078472422718599035538497728
4.4332626352885346155437699152972206455900718821861 5.0463964409336715730502477440993310966014523165844
-3.4237134683937429371856628191272364650035092933695 -4.3914677407964868411507500248473182074238804600564
2.7220644407289426494226013290738419946129201169653 3.8535727187458398218204448998425955497051258569012
-2.2132870188144381846673721909313178493085749658495 -3.3971553138817983257493811801458259613134982580829
1.8290157037064523833967419040610795130498589867469 2.9971622634745568339919482315511991941178186206061
-1.5260801265030555745426091960317718384442875029069 -2.6343567105082246395297619096939446892031057308339
1.2752265122501824600827788447551908306021172881020 2.2921053890646804469020852733539727061627746478820
-1.0543626401935736120596308838139642914071140185072 -1.9532869176151600218716019406165398095457089702163
0.84301913657761315852508921451828626036956117474938 1.5952519485626059449435410331946373857828717177772
-0.61280893390581378353785205273567350726799540103384 -1.1748912473834321697022577714232520326363573706891
0.24426222909805975345211414893686498253295038093721 0.47086948003575362716267962930136121485757267662512
0.0 0.0
0.0 0.0
0.0 0.0
0.0 0.0
0.0 0.0
0.0 0.0
0.0 0.0
0.0 0.0
0.0 0.0
0.0 0.0
0.0 0.0
0.0 0.0
0.0 0.0
0.0 0.0
0.0 0.0
0.0 0.0
0.0 0.0
0.0 0.0
0.0 0.0
0.0 0.0
0.0 0.0
0.0 0.0
0.0 0.0
-4.1778570637074426852899444774549242261949866484587 1.8023852609921285905638611826995001337563151350604
10.992440841603505003787382434440335230626404593761 -4.6076828939200411181358622268710649638039074359589
-17.026163701902773951880561379270744828782050695921 6.6459720825152707499029943014047882801964317938823
26.227530410945225470779709701219744990138117143984 -9.0478648351731409248995422849021740891868252385811
-44.588873282510177890077434643372042855379908503019 12.621742232694866521519931595550437033734294467599
94.801270302066538433422739740491222117083285414487 -19.406090129860527787331221969896832045353730580627
-356.92941696328612516697783712899615822759964550204 39.316361518605519031201246251689221027868021777582
553.90214149197260306378264442351547955032136218323 0.0
-317.18239474371782042676795581423749551576118579579 -39.562038563754193596454014132068137026868701965111
75.156717611718607492950661931802139075511940086498 19.725204423658700886942876000575545586947826747268
-31.823247732450637006424127192663772311913332162052 -13.077512485878793011883602362565946501383897685592
17.154070074118600831243863982302503654607112098154 9.7313053760408286950877651790799335630720034526962
-10.586635848744809035317736625573262179495847006629 -7.7069171014734079947175035013971963030220575017134
7.1342717183459453308830231191744413654442827623225 6.3430640606270567709986724042690900801884128545820
-5.1171735126837681074480554925592552379162128444878 -5.3552788609368546496573443450166932056593520430219
3.8453373659318724557714511833828237823500454160086 4.6003857834415200548363408260577209678993683722293
-2.9943998892772138479791105066279120186586064185395 -3.9978755907612037335595341081660842607039031853284
2.3959603564327689645240938294452945241304736051838 3.4983230055334039110781545765457311426825578725439
-1.9554273148633400198656550718075245037123683058195 -3.0688469779261867189116144708649261526712902042186
1.6158461593114886821634885388838987213178282270278 2.6855420336883846288684392963283508529529130344689
-1.3402767717669926489893335136402082842979922983695 -2.3288471702891561417112690196798794452026088241466
1.1020664136513104261953486287648103874452324663039 1.9796982857887332280642902625782738760526958766301
-0.87777100135480128365432013363084672202554700299919 -1.6140330775262813101559168171024332904979448892403
0.63655611610569221319649991278805573216532736698524 1.1874608223653507967131399986090408548468473397835
-0.25347588592647484755536977543535094505630748593164 -0.47569599835772527457256126932625592106410361949482
0.0 0.0
0.0 0.0
0.0 0.0
0.0 0.0
0.0 0.0
0.0 0.0
0.0 0.0
0.0 0.0
0.0 0.0
0.0 0.0
0.0 0.0
0.0 0.0
0.0 0.0
0.0 0.0
0.0 0.0
0.0 0.0
0.0 0.0
0.0 0.0
0.0 0.0
0.0 0.0
0.0 0.0
0.0 0.0
0.0 0.0
2.4852833091240558581978408250390046791017045802930 -1.3722277804295116147700600795009099326998674807269
-6.4524659541608288651445742933596553355101003957589 3.4849325166802327566856184870280490556051889347549
9.6578603117480476973487021796007026868236014467765 -4.9420142892133354093263236711948705675251046686436
-13.958992803508627175766885909686720166986601589328 6.5187505456945554203512011878750152252301513854305
21.168400954714836532086964340248240913047256993395 -8.5914418293401855048628893500643839495151226191624
-36.002410955150050505318093063323927461370055297185 11.819489953973472820738178980972675814369665168829
77.044496158820155850191016579028515971727197326870 -18.062625581598085066336702016375556001178011327076
-292.71295772661333568697085132935886102168356469342 36.509975060399187101156667759245119848513543365378
458.81698653210799100457784085774083448517416012838 0.0
-265.59188768790912147957652811533548504671361458506 -36.743168250078020415123201414071875152945518737057
63.618840200326245235504553319858533102642678839412 18.337587674959088935802572402214425865999405397952
-27.232232815172884189345256005988363214006845479505 -12.170600311557629493319277510294743799772070848736
14.837875922867614040905902566987994219639606822913 9.0650383849428688912689983155415110125535424341700
-9.2533322861791569750963433950515118978300651248484 -7.1838520272514436408623683249861243606543670651896
6.2979104592472177854897853156003896888702940900648 5.9134828629435565080792309694408452028693836709152
-4.5585307543557632277380525499422072852456610478155 -4.9899182768635003010809135293133245804743225579035
3.4526271129632611832655112908971612726770115035121 4.2800788065432545458056860096644234330994443746598
-2.7051681602715672703918734370097618619001313218776 -3.7088037559889885197939959794238052682728766104048
2.1725258248672352427507077595496367766458583630115 3.2294463920194665544936134209340328447054742869171
-1.7732066615218494305981563588635097441503304086214 -2.8101868448606250028418624102341999053537237167655
1.4570732841603398470495857078011899961210102855552 2.4265953186902633325573312859983914259248836428617
-1.1898331902171210743322151857782955596127099335920 -2.0563546370632627413085988825138455878364316209247
0.94310579552450422332608408887321603613517501676761 1.6728915556921111898355985680411332100096008874857
-0.68190674072143738687969013911564022930984443068643 -1.2291238382819411068994374968397541785798794877150
0.27119790999317837521099603956500068169943216243690 0.49211267545198762972670198166962383381071920434480
0.0 0.0
0.0 0.0
0.0 0.0
0.0 0.0
0.0 0.0
0.0 0.0
0.0 0.0
0.0 0.0
0.0 0.0
0.0 0.0
0.0 0.0
0.0 0.0
0.0 0.0
0.0 0.0
0.0 0.0
0.0 0.0
0.0 0.0
0.0 0.0
0.0 0.0
0.0 0.0
0.0 0.0
0.0 0.0
0.0 0.0
-1.5973830557379562977075768877087833998373729006791 1.0916369804211107677860651424494734145803205583963
4.1091790765256424065166146307409309353611864284289 -2.7597883067139505560069378300041188067772341378217
-6.0094333564112730013156708869254179606498221027206 3.8691971808388846321055353848895451784689900259180
8.3329645957176384360808596096327987276609339227527 -5.0002809233931757334237857052580020576812679264990
-11.791603481267316834100522780998919999271241358890 6.3683391096440641826142387081789476688014814059840
17.811862603110461589574650284707638260578681334911 -8.2605712178802291591278585359611617545947329369057
-30.386403265265397836379660196768022239594758534935 11.277727475879399753585336397551276820681906475258
65.434187941434531509848464259676926406628404555824 -17.173484612633613978835132071246327610024665378141
-250.56409830957451355594901650842068782549144618181 34.664156732212217190116087796180893928225619992503
396.17558877394124120135009455619159315758695173945 0.0
-231.47378722621813486911708035767063974465453295057 -34.888870506947151182553933014366429670086533706848
55.977668711653514169685561283150839927321596201323 17.422098406510339045894650867645915974620838176745
-24.193785927090020404583599909676214247750213398111 -11.569414364029636158903264293559776355442801516519
13.309128912862328308630655974906483931683513279689 8.6202047062668885432002423749946084415703916910434
-8.3771216723605484005129367124445146609877726598428 -6.8309243621924253338954753467254206814146770215085
5.7509517267266551792698261247433500788573175461217 5.6191683965187921282983952137002544240470936884848
-4.1944092291992399559699862566826780062234055316010 -4.7341131799972480593436206737887823287466018756444
3.1961569667903031251660469366805012268482228420719 4.0489664492783595760794654850299394325719483502527
-2.5137162122373264511940348283090461993017178674678 -3.4915624476256148373477742179977637730127071837673
2.0194872487142968771706286328238440139798762403884 3.0162447965901291242740879485014790284753420568243
-1.6398418592678336937739692475403559943557049809777 -2.5904354305385880557702174669634799029319780623051
1.3274633579018034345689228357412990190686825318035 2.1865346147377855699030164464588263944568379801190
-1.0458530096706165840498517268805151109098569360842 -1.7739424834394997220864784484462755876138582190114
0.75340020556893333884114166538609096030765589532133 1.3011944009349972708356981997947160862738257219368
-0.29916914136489564736814981313087631004059072063823 -0.52060641218362664994705691125333868993084700832122
0.0 0.0
0.0 0.0
0.0 0.0
0.0 0.0
0.0 0.0
0.0 0.0
0.0 0.0
0.0 0.0
0.0 0.0
0.0 0.0
0.0 0.0
0.0 0.0
0.0 0.0
0.0 0.0
0.0 0.0
0.0 0.0
0.0 0.0
0.0 0.0
0.0 0.0
0.0 0.0
0.0 0.0
0.0 0.0
0.0 0.0
1.0950138549535597937360075640261094622796584951177 -0.90064661612865031139554159510505347483118756190490
-2.7981936849136100636717212569869567511533306123912 2.2695585157874921226843558087050788862573791447419
4.0252029307355834680253800349582633744555995677198 -3.1563201287435358544599076162153155661567486648984
-5.4236147017407593657239592102868535761268772875032 4.0220442862133035065248656762900389906458822414750
7.3314581729263213272581924800245953272481902730234 -5.0085779515440555953902051868081227893342339083462
-10.298603505799512377166949688145815191813180315580 6.2682140478070986849885828055945984641608861384967
15.560814523374233549565506095839959746105832594468 -8.0587158031269456216564193066313635268082550913615
-26.651450595601106952117876251178948971095073701873 10.952203271677682915949962346180828952438698269981
57.733677967234408015951282686503274982054740898121 -16.641239893533702974286611341409091012681213402397
-222.65951416140778084550746092214791252732833716250 33.560339811285689956080310272347765713415569261769
354.85232302815396200969834381975808412583275548157 0.0
-209.08099414443538804391176942144869078720679460119 -33.778438638048639666826552980050440769238729050372
51.006598896361922626628435696853018042150574403236 16.871926202558588380629862203561786707668018842957
-22.241640834658015652492015888818671740991064120772 -11.205487841253930292110834173512565733184292569935
12.342698667487237834024426034205853593852803727591 8.3473893633830068442462593339844681684954987666184
-7.8336504425536874432326870905226094233541661490171 -6.6098184504303755925505589836155775645082339403021
5.4182248007178165637469651193143431357777217681474 5.4287366319408379121017469126361429031770637918842
-3.9760199270164974528221227023699202342807785440193 -4.5608160205584939089466430704025936989805150895128
3.0420082614811478479994258330329249256221965989529 3.8824192233829959688373954488552828669371265317607
-2.3944097801692705643276211687186588247242799932369 -3.3221884806909414837533318251691491991148617393782
1.9150247622837290012334324322423668320860441894625 2.8333480851775515156142279871450148253671300549792
-1.5332562045352478735912108011904901718993948209251 -2.3795690599309887117825777444119679112315023644517
1.1988590944385971356333880380625291164993332353762 1.9239013445706152290148201745142540216883148721164
-0.85963296590840431547518958578972220103698957766082 -1.4082314935874515781375004987748484554646253939371
0.34069749453427150826605850435436384585951931438949 0.56294164134092640843437816485431807180046014397994
0.0 0.0
0.0 0.0
0.0 0.0
0.0 0.0
0.0 0.0
0.0 0.0
0.0 0.0
0.0 0.0
0.0 0.0
0.0 0.0
0.0 0.0
0.0 0.0
0.0 0.0
0.0 0.0
0.0 0.0
0.0 0.0
0.0 0.0
0.0 0.0
0.0 0.0
0.0 0.0
0.0 0.0
0.0 0.0
0.0 0.0
-0.79333602320626537023051693660163233205414602351949 0.76659486716424686034520463465210477220091646942385
2.0172612235892624803350145788957655894967188050008 -1.9271296403286251772557886219811113507090113202715
-2.8666860342750957873539560321322657239103531114517 2.6643208585359872511974042580925793978351227806492
3.7831624511829432434579917447947773871150270754826 -3.3610049266814940727648513330204591536060636411367
-4.9523724284439190329628779507761230872536917138826 4.1204469161052093677803990431010592078752253853361
6.6272225843200962344402035977335265203608049852025 -5.0358035144901753321241957889942108935818230918544
-9.2907670114614184220635546008453446712436803205796 6.2403035531876330104492453859083161340636222791898
14.067072982726587577708182726601400508345949612544 -7.9800876614408711804257113519718616379995148483209
-24.198415961503740115885345328086005742955384948852 10.814730133923792178096824973095435469368313975705
52.724741097859748331502527596990104809052801804447 -16.409679949273451391088253166674658803195351608804
-204.72683146315109159413923626402771186632383074197 33.074994417536464826454185002495462993483416258248
328.74783405376497375108064472755956041088451054752 0.0
-195.24980296444718683467061251725074102437604295540 -33.287333526534373971933278700159313446484376221653
48.030580705181544085775520929350088486875930586229 16.626423576454630702243130583433008480933671942273
-21.120330550335027740968101036749331492478857917721 -11.039490173799932850927409803122588088670474897195
11.816263328565213749444040074719228765507135961370 8.2176204432918277307695731952559938913067591339724
-7.5560274076238418697667687841705451633452980946905 -6.4972805061873941760475007410057734053798584140032
5.2594967958431046937326113742510632997435810803213 5.3220489369471105058882139189922998817206329092646
-3.8768253314089919119598237709173255610152704334283 -4.4511339296703181739302305302259035530894260835102
2.9704120216822294654924150084963488519859695313261 3.7610281869334837317955151526676695451769641324760
-2.3296148335060304243771547013924841166475267632288 -3.1785431220582829815947621402612040148058008186793
1.8391982017723536459498483408322735072321087618872 2.6522493431692963514970305814176934432541255678010
-1.4243553924986618991766013038328036901175328910413 -2.1349550810594799335882334144700787780641825598913
1.0154013736039750222589148294818161858823040244882 1.5585678492883300759485163360417936384566317604597
-0.40146486117284549230848470179562175422246371062106 -0.62235459455028706826597466424210895777941389393755
0.0 0.0
0.0 0.0
0.0 0.0
0.0 0.0
0.0 0.0
0.0 0.0
0.0 0.0
0.0 0.0
0.0 0.0
0.0 0.0
0.0 0.0
0.0 0.0
0.0 0.0
0.0 0.0
0.0 0.0
0.0 0.0
0.0 0.0
0.0 0.0
0.0 0.0
0.0 0.0
0.0 0.0
0.0 0.0
0.0 0.0
0.60348399517332747433799510290276675695085616928849 -0.67061546911960775123923725678052209143141908312382
-1.5287015926629033491582067936144205038558209700569 1.6827890510443373761447507510563402440437913034473
2.1523851681964671258374095627004283701696976820484 -2.3162100582586444375345311584882806717989163105065
-2.7966177120578391623603579146510734947479686357972 2.9000903798425011262729687666258039024993762449199
3.5758472095045416314506245590927318103611027894904 -3.5153026838282709770092473299264530688554849169562
-4.6236203443863005977828728821677112687396354143046 4.2253644056792113902391278188733986203476705408053
6.1634906244431060791640925006760430633232650296253 -5.1091887126472338594277862633694427285931903343159
-8.6451212781799843611407018456506301805136980502781 6.2935226992828455495938494119211098317919063345507
13.129614536853306948067610298418363798504000277145 -8.0213947316171418019706039241530734727996711846006
-22.692379418189308148578193962398026502343369059337 10.851445126694453786430399276058695531686068788882
49.735115280918494508316861903069928712410444661614 -16.451345764111554287780566354374341793601633352093
-194.43173823033502499679692422444270523290338421200 33.147865044429704755042053216314066508742349437211
314.57656034026670845166641773224330437956629571606 0.0
-188.31030665097552390825004054736400262799645175227 -33.354747186690749622849674400267490183272108732813
46.704367465627614642927090633205343912924459019156 16.655657150381785103845091080536338424001337901454
-20.704898451726316873928870453236080823992711436840 -11.051446730465749879202112687439033806417071397922
11.673344877704330008363953914494494949937139142094 8.2153053520177438917144131745855830775744197596196
-7.5152104050118261429605534331060656409753420300463 -6.4794920496055953078816624075711009668521951897445
5.2577899257674112217883117992963546389728511102948 5.2852568373999258083855470191926204959346964102414
-3.8845269063123405798724691937670209208648267416625 -4.3893959158612629869312832264612172487794921803394
2.9689031246902765670762350199840714853517901234834 3.6648715710687984026072578799649854746820111724187
-2.3017054813666541845357037679194910742324474851323 -3.0322567063695849091343155590888793176521126480639
1.7608186267036222672622139638799719656010699206384 2.4270152827544222419495765722015916861355044390712
-1.2460305287354846243597605212799095187927360776466 -1.7657537386670506416751449735734609713889962435883
0.49115228292401663716354029401666346197137093895644 0.70409851731645009999274452922939865269076495756658
0.0 0.0
0.0 0.0
0.0 0.0
0.0 0.0
0.0 0.0
0.0 0.0
0.0 0.0
0.0 0.0
0.0 0.0
0.0 0.0
0.0 0.0
0.0 0.0
0.0 0.0
0.0 0.0
0.0 0.0
0.0 0.0
0.0 0.0
0.0 0.0
0.0 0.0
0.0 0.0
0.0 0.0
0.0 0.0
0.0 0.0
-0.47965340594945585252338943198593749531958725197520 0.60132145299430208445855640558671403647753056943193
1.2114269254995122475965768446660747479341648956612 -1.5067935982532675069102936534002902485683947285863
-1.6934456039340476960937009316293221150011411295790 2.0669136801053765427892629854412440164428798103403
2.1741377643644772429778181122135552269188432240521 -2.5732831151196864325941717658941836021820135547401
-2.7309421588855984251786390768293192198954064145711 3.0928515796737138054717071812425967802213863137946
3.4428114782586491960436365970749036133331638671422 -3.6727576712303589742919563284517469060825825071487
-4.4277822361064232715785874986553647440102227063682 4.3649775068601474137129106675702199775086066930705
5.8980303176174210882308707640624651906111340393655 -5.2439247638918898117149791602774756349365007273782
-8.2893912473158749215520005412242593885054401252899 6.4354935362749770731638094750682770756374534134049
12.637759132734819342603068315867478169705600744916 -8.1853644566764393200707069690312049624848522496840
-21.955727180347628844293656037392775404118484432881 11.061442624408633636796621251872081492553494069487
48.421543742895065044398852630402778952323284360797 -16.761760625732928328853704021233562601106237209499
-190.64188778090243081904520952106386889822428465206 33.767732012200659443198002932448335689703242356396
310.86357003418243541671674668180305323094064969881 0.0
-187.59791705913109796776751673205072292993053589666 -33.969069228356664013129811635817210304439923953887
46.915566619947302211204564998282992097657621623450 16.953360664279859734214416784681443524735109084622
-20.967160334087173517773475451057486807896893709689 -11.236069139359765056959387970832223979848927245459
11.908497848254935879970219506000617138446226335681 8.3345197658805206755186353370197204748266710841614
-7.7122925807002719769485541378086991546880090578025 -6.5485711296282086517748935244792346490974173849365
5.4142093983357726316373761060864188406280608602278 5.3068518140142769725105761649555910949656341680072
-3.9958262667779833195450371735582133678401401197124 -4.3578152652468562537004299541897533272335090636433
3.0243003818016605650107258871728534487797823024450 3.5649446160955175670634036470874427436462051343540
-2.2769879689639746140266335963279663801150817213695 -2.8321150192434393417853557856330178974293772281822
1.5960494113170729242039776286635565951547746653565 2.0513585499470342326914744808394456840237779114692
-0.62667124432170084057200867582480137913559816090805 -0.81649988771182170023548440946912873531240484290855
0.0 0.0
0.0 0.0
0.0 0.0
0.0 0.0
0.0 0.0
0.0 0.0
0.0 0.0
0.0 0.0
0.0 0.0
0.0 0.0
0.0 0.0
0.0 0.0
0.0 0.0
0.0 0.0
0.0 0.0
0.0 0.0
0.0 0.0
0.0 0.0
0.0 0.0
0.0 0.0
0.0 0.0
0.0 0.0
0.0 0.0
0.39686643055434170432711350568918278938463954436645 -0.55164228048945672354667674512750390772795550790694
-0.99998420564026681108275866746878350235164175489988 1.3807890995182690648972413190598957699492075645522
1.3899547228795503035505903470710306485081052807622 -1.8890408462037045584613755984428165015604494801081
-1.7678473096466206592339651666946604398957437801140 2.3415102058197580908233117665650536242992225201618
2.1902654246625336812128246564608704252626473961711 -2.7961140956426660115707370067317533068243051737720
-2.7085531041595014742234946636279475915319225645507 3.2902836459675384902395147769402242630666802663808
3.3921780612639747441470051638622227986603724642862 -3.8613266805163411813946251511345638068882171629048
-4.3550223076636363759687541499793278494550773985255 4.5576642741019342042905347717274924887015547141647
5.8079630949041812110727901523076235950691150958223 -5.4534421301425982395015233447071217874243476293991
-8.1887601636647874690946715330739674964808141350816 6.6773294558543124832230665871681905691820198771137
12.542786061575810040487755471060839262970181884759 -8.4827088287736333813864036726220136827371184478756
-21.919184428080913769193426603034215964583904526317 11.457047063483072233336126723575695008666777386067
48.674849790648599405286540566629019461544929692772 -17.358368263011466829313724404002577069188686740045
-193.12162099071600549701340965325556401176314634752 34.969267333913511927734613526982289909373089573803
317.56318355078497108417239262542209552804113288162 0.0
-193.29334703524213376994378338620231025290174032630 -35.164563832612092673513195328477318152645913738481
48.760615477366889771218548676115662596327919596364 17.535111476751174231790505469443736600074331085282
-21.971087609127693167552387380588257196232220109962 -11.601110898050373174768021323009238714052954824817
12.567081329684840003803782515013949163826971331941 8.5769505210674759206837922443941795466403341064663
-8.1784507277635998236075370167729108379104672456476 -6.6994520110065146180490861506329696854542463068992
5.7456270138024729238263607060196725018604733885428 5.3723855914965049216100645731537114855649237723653
-4.2085888460559148165881833017699146611220560581492 -4.3267277286245741516468649454058582073378504161182
3.1019766535018703499827079057389614779761731786077 3.4027899492433115058727663534813222195113079536183
-2.1473268029356476297264783015949279356408322564114 -2.4502037385193294719120055093495513555956670465531
0.83884373336890450044308612740127734550873182324732 0.97291523079363562298388982498845353298288010102544
0.0 0.0
0.0 0.0
0.0 0.0
0.0 0.0
0.0 0.0
0.0 0.0
0.0 0.0
0.0 0.0
0.0 0.0
0.0 0.0
0.0 0.0
0.0 0.0
0.0 0.0
0.0 0.0
0.0 0.0
0.0 0.0
0.0 0.0
0.0 0.0
0.0 0.0
0.0 0.0
0.0 0.0
0.0 0.0
0.0 0.0
-0.34088731722479348539695431696247806454593572110029 0.51716110935688567882337651009833918066946023489018
0.85731698826940511089707278461533653879691108208729 -1.2933544267692208772844834421423331274965952437248
-1.1862566120300980115897010379252105968400884809281 1.7657122048381127015021436436702468782461141848989
1.4975802053134023375306150631027283523710082143964 -2.1811000369188030154608249092071257374591330618599
-1.8354574020250304342465976242358060715069217306652 2.5914855305524844741910874795286363784056167538849
2.2361397184199458103140418378252344432964117519467 -3.0282815515716094108922787124507579274481968566439
-2.7444908000329605634141283623971152268915686810719 3.5202545202802621636778453708142916503594080812545
3.4284978090895649056116377509716076175816687046813 -4.1016979990450782512561234807967622641587426205790
-4.4041433158833346551754864229646712998927734916503 4.8209206891614546413363594451551540805090848250240
5.8894160801389520157275546981840602609821204625228 -5.7544598327384529182235175600907642115918559320433
-8.3398312704559978252913629650555413202966659000082 7.0369198892880597060769078760868194250587669066109
12.847334391338329554971421133178059973931858153344 -8.9346788236215942431550537502447744854163249585397
-22.606296406772196697960898977072394941753343479175 12.066336915153133815544909917517758311757988796137
50.597497710154694425908897417650552699447570034353 -18.283859477583570343359470868051405411415585855103
-202.50049715938688267921916381861179929135821407993 36.839558979744083582251090517470938535819401584712
336.10983172519894201043552541901212152830378221824 0.0
-206.51638270235808264400532459231333394581544635374 -37.027704831754768092524951817830788707269513258368
52.583541600002266071269008576409170551322582202234 18.440851740066855352024905903201125373313851904502
-23.895686529784024763735405575165471504281232648959 -12.167863078705625659951145713416580170640035430766
13.759252153025726365908629311250698633091970144381 8.9501918358862648461580907138823391659361040080046
-8.9809013345306316063074506546757465916470752751854 -6.9247926449765962680391346876496847477882310621191
6.2794715106876950092754544866374644188256107831720 5.4530047734465011247633648937195916808618547686138
-4.4948552625238927827983061723260214189709190234575 -4.2286760516703238289954853721004394343427997454613
3.0594881678277836974120728932162624611149630641214 3.0204142228970436294858573922424409509438494197047
-1.1870693893806805843597933834898967236184131520650 -1.1954431986906941526026095985437815336716170626268
0.0 0.0
0.0 0.0
0.0 0.0
0.0 0.0
0.0 0.0
0.0 0.0
0.0 0.0
0.0 0.0
0.0 0.0
0.0 0.0
0.0 0.0
0.0 0.0
0.0 0.0
0.0 0.0
0.0 0.0
0.0 0.0
0.0 0.0
0.0 0.0
0.0 0.0
0.0 0.0
0.0 0.0
0.0 0.0
0.0 0.0
0.30335931802307156791824480329588962243730716781217 -0.49522573159912065882174675434424909491802886091210
-0.76177784556668202906757942848480016680277893214745 1.2376368541235715871047388713333547554777474881986
1.0502221876210131497628397213743148656556364138436 -1.6868257127094411415278612089262490919863075402472
-1.3179697057288197189879520765943400239246065833258 2.0779687655028628226090850037353958049401623411351
1.6015002600283273526318996681952750303323790536734 -2.4592055151249636112231914605526633325941541313065
-1.9283286934675605254608998776217480782636616290026 2.8581563033824912898798197623209395338813108897522
2.3299037098345926302364561683300437951246430462125 -3.2983985386910847895576563046506158372503860950406
-2.8507191217801341368014522529143435995584304738212 3.8060448886244015293296203782086931963263182840257
3.5617335988978804285992797710895728913238319204543 -4.4153335974101368534253802716415257989491045828755
-4.5864695926518899591215076243916261187078888545348 5.1766208211341249675591554071218960267237157086023
6.1592140645848303264903699318582626229249603807849 -6.1711634799551186834380737195862420063362470924409
-8.7720600197444694630670805401597874021516241717324 7.5429232175475562273586163241290943121312203206687
13.609019362421133311107713641267133069110251580067 -9.5775675931026185573390159375397631841839222502843
-24.144982358249278779093008150574406379926650000483 12.939028787072122727834536650114872683650218750464
54.544827039946803953539057816473569562415658180094 -19.615208160560076388772258132919598796862358342093
-220.51072242605602828701436998021241103304538421863 39.536843689523805276895112586167112860552248368243
369.94920589266477961412689433205120306707482978056 0.0
-229.73722163756484486259388267325967652763106267579 -39.715573627359778513505649557475870718101711359266
59.101636447123431927747321674276193633984723662756 19.742475886493163702986713783638850554120029521047
-27.098255509591218164758172167419494435226182091565 -12.973293172583093865233473370407732485988754901014
15.693605914379943339167549882161449934626111988247 9.4640490666676542632727881183343124778349437513202
-10.230661761952002513820718774953895820171553136508 -7.2017346214259028051967687818977114083615628946371
7.0212690101728941806967490809909824750146926670736 5.4716657486555704118668327683274721868673795106606
-4.6676096482359501452210164716095313908099447686477 -3.8638263681975459826261745017922665877340713601905
1.7940803586502859417508301334526889893832542723534 1.5223328400724301541107632012666426162694150980382
0.0 0.0
0.0 0.0
0.0 0.0
0.0 0.0
0.0 0.0
0.0 0.0
0.0 0.0
0.0 0.0
0.0 0.0
0.0 0.0
0.0 0.0
0.0 0.0
0.0 0.0
0.0 0.0
0.0 0.0
0.0 0.0
0.0 0.0
0.0 0.0
0.0 0.0
0.0 0.0
0.0 0.0
0.0 0.0
0.0 0.0
-0.27935550116310214343505165427332535934907669676744 0.48450544920678375984964958953474776311038769188505
0.70064150521301301410313989396664587897311926085460 -1.2101726606917130617172888272038413107756698467539
-0.96310232210479238316618983306470361955872860273915 1.6471956025764760474389665713385413638509631465515
1.2028739813918240109811778675527581132850169504725 -2.0247440630857220101078987704501088444975652791417
-1.4516518383260022631188396871438181995452227371141 2.3887371286101106385437032549709036274897133967127
1.7317185987509601121780522883399640268847856875861 -2.7644733762624194557596050878158567339216376343791
-2.0668174034205656930512323110745926787647356530181 3.1723403540380229729837429339899777299818354833128
2.4885654143972872327400123178056438545453327312080 -3.6335349274820461648623297535605705983334018918030
-3.0446040865468523949395509911972055793395436971679 4.1741726956267372855666137618034207037289442852738
3.8129456990918770321818706178390149143321000913967 -4.8303288508533800945188550349901112038788261273736
-4.9310752851176072695658710862588210930612057372006 5.6563416611999065317306558999290998484235592758403
6.6615772299090293754621087881058374624006926629775 -6.7408045657237106417530444826646803008635786097747
-9.5586698564575179344880982086761252371013329756979 8.2413295173235647068212981477624385122544576526572
14.961290687540580888574310311326255661955956033605 -10.471108493055141473313309933806761156724600574196
-26.813947102687423292977220429154516411292457154876 14.158223729602779112944225150841332046728470756030
61.256169848022261281774048394328771459408750680780 -21.482310090952174945742633392657571889644332972015
-250.64333867275795276448956201025642158518300958050 43.329695990532157250342382788755384494054186324373
425.89058975084279752707846203255640279165070252737 0.0
-267.77265910156361699298266198210797009869578668044 -43.494265184613994628795638075005615447970092447132
69.699670946428750168852610281975864521180374681162 21.559005371312470916148178409115218672125362594069
-32.255716517007359730522980878581613445464134689456 -14.072476643478232983941805785535100393986820135945
18.739975035757662191595186199938889982957984856883 10.117194692381405788632840763582424777563327946674
-12.059303238359296864007336555085278814271354268803 -7.4475951994464894138085279590126089455897076265054
7.7436246890817479469302326662202334447603999931209 5.1706874422605609321422616344846289605590571428324
-2.9364290842164231767208729107334810255104433078640 -2.0238285654317280369376368246180199520985575448253
0.0 0.0
0.0 0.0
0.0 0.0
0.0 0.0
0.0 0.0
0.0 0.0
0.0 0.0
0.0 0.0
0.0 0.0
0.0 0.0
0.0 0.0
0.0 0.0
0.0 0.0
0.0 0.0
0.0 0.0
0.0 0.0
0.0 0.0
0.0 0.0
0.0 0.0
0.0 0.0
0.0 0.0
0.0 0.0
0.0 0.0
0.26613920158943303245644695149885303187020058827081 -0.48486713284543984802977224420508221823845121467501
-0.66683673032515531050634740314657100953710856633515 1.2105387872872810808709221685835215235081961127589
0.91447454975567067632961560150323461998670114039615 -1.6459435129671097302857481751171239877534194417361
-1.1377770832051005531243668448694806599710048292202 2.0197142902605764112369928960346626033107948474845
1.3656046290202548599128571085655776034438648730932 -2.3769200842982077852524153714981209938683284731789
-1.6171107359957579181754890041223741208978659819076 2.7416217617125489466904515727816483516412055358131
1.9115004137572101871404739669825099539798569106374 -3.1323278936967505606491511683420463858759505500019
-2.2730223166823104945632820477692834260964099767196 3.5672804682064046906471145560516637428947143508492
2.7364914497838560975742623671731137994590492919345 -4.0677778547634299599263174277107962808508267581736
-3.3561499447022855107021767869253223797529394793054 4.6617064641093772101487437412030103080184869339228
4.2222705596705149716244212376135630114706540868210 -5.3887507784766343326407258752469484746748855830319
-5.4954301980577254425852871650204580887763961408784 6.3095171233364696774275133942695470582910040959809
7.4843163616658153309955892296668130942834477432434 -7.5234147393184092575466866932660271541235159036207
-10.843966434417716198129633057447896378916917234621 9.2077011835354029895866882811612524450287259830484
17.164699600587307623671989142792180364397664538195 -11.714794813611350968041225407581762543674725364080
-31.153877400922404364213380749195917132710945495415 15.863788391796897578122476368498776752615353096760
72.163385143663542745446946005168984373776039384894 -24.105658941628816260280113297079111984028337536515
-299.68073172160591428229342168140210715539185482733 48.677087720426564402141716254948595103731336598576
517.27503674366669870328997648620651854277838761756 0.0
-330.12753607904328783569893925873925728948940958404 -48.816788451727611119717354200360694064672517617881
87.119117664946467416853002454467218308212635787760 24.084421806701666879416386042470979286396634108739
-40.676446619343768885015735129535111048493916763129 -15.533997746854253393733165958231391368820183391359
23.502219099405447861527117912842410231866179751935 10.841470468744847482205914341744066826685615365319
-14.292848248671801334423857045020811409373297602654 -7.3277531154385654533003525620291062872508284986503
5.3096110976741403623972333819106900682171189534421 2.8392106172135952392122341484971029763797767964912
0.0 0.0
0.0 0.0
0.0 0.0
0.0 0.0
0.0 0.0
0.0 0.0
0.0 0.0
0.0 0.0
0.0 0.0
0.0 0.0
0.0 0.0
0.0 0.0
0.0 0.0
0.0 0.0
0.0 0.0
0.0 0.0
0.0 0.0
0.0 0.0
0.0 0.0
0.0 0.0
0.0 0.0
0.0 0.0
0.0 0.0
-0.26262315902661656521977083957456993578559842946215 0.49759483530544595023990935779007889623092575116502
0.65751128943245753867120370205904101849567177464404 -1.2418789515800536039691371930323852021149489733928
-0.89999740943674375002812118796422286142795599677944 1.6871376869850887557252200815080446289953369963714
1.1163718464721933110614593805716539030456275953270 -2.0674456729984079150533967939671927863782489490545
-1.3341356929497197590025208244645644006538554640866 2.4283722264590134900468863034390578939993367831196
1.5707143316758494487547299870505625486433838007139 -2.7936630053106955305640078415971131031434971321848
-1.8427040578951345440340726123952162523748789034212 3.1809206581572400994290839273155906884227876966338
2.1701178837126971460151468895540222562027831182716 -3.6067436006733548600945769237006712972317546845999
-2.5805352475098014493875941923482852482514209440793 4.0896452526449323451992078866961609513321882619710
3.1152113637695127303935116236179456999665234849706 -4.6527850434462178113517502108755097797380491729322
-3.8397720327707194704763932248023180078695215400485 5.3275953520572069414006430728996549310255463326897
4.8647827301468515073323900249056177616711364286664 -6.1596118106967717870992068874382093972154142052314
-6.3886387924007691365112014769491386650737681020638 7.2189653205151441947920831901843179621823905850103
8.7955096498725462264959233227848184480368809021411 -8.6211047461433018317354103836792253208261581525180
-12.906072977656640566652603898155214845596207090983 10.572126609608140619354092389942946557319448337122
20.725676594624972722199974126050910587586174699553 -13.481748817986404258668274556345189637876233668724
-38.227862764190029741414475830959694960336602588583 18.301594020529307143030865663984366384703162030268
90.124861490381323019427437040565717984906733354721 -27.876779711819835365956182534131921641927403262883
-381.41963299143839981802460639858104092710152553808 56.401479731822417344658482965488775727139770267771
671.88756472737497511018884897658547497209830874469 0.0
-436.95617937298325971049639805286026920323469085577 -56.489180571821530498741977167615656704624402331669
117.20921690057481049089428180865064183098690692469 27.634836394515026830568566459359525829065795285425
-54.972660952072122475612971106548763865224069411596 -17.385818607832994991183784415347771571150642251672
30.439495255365052562064574968116556238901232667376 11.216641376118603858015818616054266435098879842230
-10.932943831754993904662288661033575004728745511215 -4.2739506738616717422314466559232278602286304277297
0.0 0.0
0.0 0.0
0.0 0.0
0.0 0.0
0.0 0.0
0.0 0.0
0.0 0.0
0.0 0.0
0.0 0.0
0.0 0.0
0.0 0.0
0.0 0.0
0.0 0.0
0.0 0.0
0.0 0.0
0.0 0.0
0.0 0.0
0.0 0.0
0.0 0.0
0.0 0.0
0.0 0.0
0.0 0.0
0.0 0.0
0.26940385168661216360121394242088442145635928608499 -0.52621621956497887989674287482144850042181699436412
-0.67407525187979489451261849966180007202814740074898 1.3129524245467117095432449759905479989165397320107
0.92132299975286594630727495968032271466878126998607 -1.7825295245136159995191511547537701679034174563597
-1.1401288962107910617093460826770288359473402636704 2.1820352027250627553269840764206856667362112101386
1.3579642454535662643964032304045335912027816140970 -2.5591210434020199666066661575621236280513758405187
-1.5916150262320392198023719896016533411458957060044 2.9381658303040625276041377906441914566773352202270
1.8564092684123430263568340149780162179494857884391 -3.3367293163700796372271128031603258454218735212910
-2.1701309753846757182375390764715730670304610032846 3.7707908453255432481076622528087803473608958096839
2.5564657341743861090979636595541554669175889960665 -4.2575125426958165099358531783510232446750125505994
-3.0496957225348812961077784821880476712088776134732 4.8175620151223558811943545526084060417180035546220
3.7024525097512097201732974502176522807600722622832 -5.4779117928764241743234225027322305993892263712352
-4.5998007222320907890067828242301709703583146872002 6.2760009672868044161542794682285892879884869947321
5.8867333810868068359959374607733722014696900580725 -7.2666978034378982639603417300302049925992419684912
-7.8260153929662432900606931111681631522213601660332 8.5349880271509009503066944421932516177736537926826
10.931220227425155449401238841764526617933551194129 -10.221117713735568339946405662706136217304534131923
-16.309549004629430714290579658574336036150091972207 12.575602468306800386179142802870172175483078572228
26.691290184437668539750494776087510174668008332734 -16.096216595238966447362453046598454083179394006756
-50.283872373442558281264531805674093121739684869120 21.937774011183635215464630939483233642755031161711
121.35087188538312164508346580140857395968372511656 -33.547924536367919862852361696601912527522179761139
-526.80031357161198501332405601718331986853634230709 68.104124494454844479130467521203029257536549092564
954.47816547937399094210537892726452951366312845169 0.0
-636.52689474737397320762518208314380511126426073374 -68.058198930825106788093447208968739810861605845435
173.92677780615467995407655975328873184073610597502 32.696235176027703881685207891454589341030128752169
-79.789790248709119366181188650193227135868563048776 -19.206048573217548212395166640097138328624404439421
26.946200419624681833713652440342010676665629469660 7.0971616058875622549186937618188414661827133419123
0.0 0.0
0.0 0.0
0.0 0.0
0.0 0.0
0.0 0.0
0.0 0.0
0.0 0.0
0.0 0.0
0.0 0.0
0.0 0.0
0.0 0.0
0.0 0.0
0.0 0.0
0.0 0.0
0.0 0.0
0.0 0.0
0.0 0.0
0.0 0.0
0.0 0.0
0.0 0.0
0.0 0.0
0.0 0.0
0.0 0.0
-0.28971560216455092330247430663671709177808714272649 0.57890390111755522841444263679730075706029522887555
0.72456320986023602513531264916638439893889057741264 -1.4441156438649814815162242780280673129344864051437
-0.98924052236552191691119902435076985390167884208398 1.9596412787558441350810930515591781351277258129138
1.2220034330538007410034294560800210139137526329658 -2.3969412607066036599650525618125209358316540702473
-1.4518206078816877377217294518547621612925591771767 2.8080063896361163892142736012892377237625434380174
1.6959147911142308510154947403813328198697724267479 -3.2190781604158184884775718886000921035694882223394
-1.9695034624934638035224351110528703237933952872153 3.6486548373716651630109234896218918912966045353956
2.2897051819876232694761341519600768792950780848280 -4.1131145705858316846773104030672937140585580674765
-2.6787057189928491849065213508124971556462865935176 4.6295304012940318497789535474614286988019674778769
3.1677976288463357766217764216318641206731197743734 -5.2178458461594447887032180182768255827672585809304
-3.8037343488177721676274876441169133185874497553074 5.9032851403898815087856344726790225995036924998013
4.6597624000440001332460729278283612427258491107924 -6.7196954373552598026657213039249622989973568702099
-5.8560993565469356719361321981897332057984267014815 7.7147996087286517106552024610785098919745751108654
7.6004511068839173130007754152372082326360827757912 -8.9591587583114595018385669333433973561613944231232
-10.274201029340652559571914918263330539358065683213 10.562607113491536621208790140384427096288594198494
14.632733604880476150882269288009421795838386880813 -12.706860133082412895784201024249441469379337181233
-22.327026903325220747078971649580204703858738903163 15.716805655835264513437880000066883427536961264312
37.486196272578693770336362663290212824886344479293 -20.237761536119752427369847577152908764298527692760
-72.703075827641993264102596943482575396219399595204 27.764701933400708599729725393310551945951033386753
181.32189473673000032564644661849815529308622358732 -42.750911816461724263105737398604535394364743676365
-816.76497020462285078246902623490060020101538732035 87.329464443096876102203497691417001711865250211148
1545.0626949550732499635578972550829138480101418453 0.0
-1068.2760893789171994392012518688564864038785783997 -86.828972065848660751329082973163064857570863405287
294.72986619468161582683881987261334861401808476120 39.563120900447698314855716607895418569974165025864
-87.095906019763180689049443156092027893271974565883 -13.677110111771470316066737920619239975276147835324
0.0 0.0
0.0 0.0
0.0 0.0
0.0 0.0
0.0 0.0
0.0 0.0
0.0 0.0
0.0 0.0
0.0 0.0
0.0 0.0
0.0 0.0
0.0 0.0
0.0 0.0
0.0 0.0
0.0 0.0
0.0 0.0
0.0 0.0
0.0 0.0
0.0 0.0
0.0 0.0
0.0 0.0
0.0 0.0
0.0 0.0
0.33320866003083522285578797898960321059714611553549 -0.67650268347623775925709096212638218327405448100402
-0.83306522654468275119856793959260804095068457879933 1.6873372744846908073390935385760601363559369450388
1.1364925141015934560250841245173029172237120662942 -2.2888950687782449184019484851838933431423862026723
-1.4021415573782996868954296153496622731527312438938 2.7981030795827968195800337256003911326208896889726
1.6628778877794076238474147734262921961270907553727 -3.2753688570116253696474268674666664412799668515327
-1.9378663323430198003225393135090686505248763413555 3.7508968941967821409342779031265427891227973176776
2.2436400367576843870388883812939241347130165734111 -4.2456582362306242850683766047413966559396604063267
-2.5983762454056339777662929994271808682783600100603 4.7778580079202789961521874450739901383071726839479
3.0251599869171500551217401251697315132290943294437 -5.3660624510496571295717173938650073974157702219534
-3.5559409961361157518434546864532776025161005898521 6.0314735850276866679456557249952784614103996621945
4.2375281666622109364472194072471428163090041657367 -6.8002871858055866227930945236849176822195387759754
-5.1416511979482445116825399866632974694195822987430 7.7067804902528769106721273192592040066378155929571
6.3829628459347524296964624855032727480776480869875 -8.7979239550291363523052289860073976947963161656049
-8.1531266641594115825683359421751664338519520522380 10.140849575883445680989890910845393774000113137550
10.789444671306598258198659536036004073181406485431 -11.835747971859053932067676286607227639082724794288
-14.923376354726791920528864277382391196378735330998 14.039634318694797903672796066399260132377149583352
21.831912901971509991116693850987464779538987001776 -17.013581146124979457273685273683490538523436053824
-34.369529811765853206089951658836326673271864610273 21.225964732284639039317616983300330033031583810764
59.850482584478062980036193368730852245183125775628 -27.608764803667478634320927345320510134369152127036
-121.16697119559151234304432194192885012459331590395 38.320629672696867946381832163434219770867853166927
317.97707084599075451954151051806840010577342522274 -59.776034605506466317811833953857394669208073183657
-1522.0626053275891735196332540715883534056135368288 123.71252408850393369833184832649245150519135785928
3113.5782977217187267731649872961361409779403575154 0.0
-2276.5359268209610396472177993909633742166013985322 -120.72557394074335923708740165754012512164654889809
449.74506721424443091213281351313588572637772761783 34.126895644505164175745876515960971533923385834491
0.0 0.0
0.0 0.0
0.0 0.0
0.0 0.0
0.0 0.0
0.0 0.0
0.0 0.0
0.0 0.0
0.0 0.0
0.0 0.0
0.0 0.0
0.0 0.0
0.0 0.0
0.0 0.0
0.0 0.0
0.0 0.0
0.0 0.0
0.0 0.0
0.0 0.0
0.0 0.0
0.0 0.0
0.0 0.0
0.0 0.0
-0.43502142166031440709703897413083552489294580392016 0.89191091960707623206841253271503004079072843411856
1.0873902514190186407971152377615099820933976076434 -2.2244092270380201409018452630537784391266448441527
-1.4827339937643420090574425719358527316019175846972 3.0167910867300995960840328702182182353330600171621
1.8278913928333787459155648742532813996755115078565 -3.6866545389380509269981742862831969089160033130043
-2.1654118923537283787147299176539358366114740779942 4.3133612147008615876351219918375886930360297407123
2.5198112567326621532910440370006699781954794462450 -4.9363648970461837378684461960926004485336805193738
-2.9119216351738841190446541010674474858860624427460 5.5828024902098950940618410745663659774744265991590
3.3643126652028707463593734141392749959264896555024 -6.2759423451249155376990315677243880521829945124348
-3.9052762876137370102868115697720896630486060154300 7.0391857031724227794356857533420334079738234006155
4.5734978271224919900680487239799576024930248836477 -7.8988693145447612213752124526943069215799317195336
-5.4249578070259502728395409356498741091766716471835 8.8870445157533369809763922545348829071982980341056
6.5442644559260270599660685239824027864657177195024 -10.044973784154788907003311878424030331815222317562
-8.0644587147567360948227095007568424343215491749414 11.428169533180604307250906274492248579623084304586
10.203487411081762842186259490581956812357244842449 -13.114262623440375315953856171960250033593039644160
-13.335139387765107814431573474587118081550105755114 15.216039001101043726370089545988972579158295308078
18.135895514951743269651223214840094239237775607032 -17.904274752344247846891176691267272424092811198769
-25.912514214916726362698358177561224111291027011818 21.450263247212267009849646417621193708214887299587
39.403474448049245589954198529547702612666004153654 -26.311069904670614345050794874116167222549163534768
-64.985492664855042621626829124635450564456008292168 33.317197387683272909138353912365514791107002780656
119.78813031026738468400105929391124572912466984177 -44.140695748534629405597180292318398188718868937452
-260.44469978892583586087813196352527722664670885785 62.691148067833133811981172730902751305510015216969
749.74227952812831027049288681135403346855331468078 -100.64180068386922575470086712486413580555527509425
-4064.5582846907453368354779543335297222307840208959 215.54508582700902010278952840583599420376670776695
10157.858852480189815255362942946469215223924460500 0.0
-6661.3097590967462497757059988560105911628815766608 -152.29075360967346351468919418958160031200739346154
0.0 0.0
0.0 0.0
0.0 0.0
0.0 0.0
0.0 0.0
0.0 0.0
0.0 0.0
0.0 0.0
0.0 0.0
0.0 0.0
0.0 0.0
0.0 0.0
0.0 0.0
0.0 0.0
0.0 0.0
0.0 0.0
0.0 0.0
0.0 0.0
0.0 0.0
0.0 0.0
0.0 0.0
0.0 0.0
0.0 0.0
0.42823151058713091979151133232393229637041805047394 -0.88158670320148262528646008419834242992619792218554
-1.0703271472252420291519238206833736258383561107229 2.1985776759793858064762692199388243324265285623692
1.4591717366634356647709778059117845875444205857143 -2.9814888740684172595737985333517370815048606279137
-1.7982573144386576628449536664532762021696980659684 3.6429841687658084901124553096442036849979951556292
2.1293231251372789057972462219584753762991860558997 -4.2613912965242395858496141165667729421815842472710
-2.4762975152735255043130859175886074931744954106375 4.8755567311011636651861998921826068543855560727477
2.8593838714318892665992965814259991206020721431915 -5.5120949388504893588235542550748097424547543922287
-3.3003337217154519283048755370119482510575814472275 6.1937076930485303291005261585660607457754638131542
3.8262617053706110781648815522772351098292522908355 -6.9430914303756227605096082650353305376486118514686
-4.4740526416927457417474384409517491211002332514329 7.7856308410879665539836052871659895251346501432692
5.2968026818006029103128743516052109802496278816012 -8.7520185601244780365849264079860821754714908693687
-6.3742953936984562750672682770103641349533118383267 9.8814925263932222389167543343944509464731653565629
7.8311268523092907663406606628165995882953138091301 -11.226426094981690509016910576835942540918385680985
-9.8696924452806634948158013984536871390944975802517 12.859378575834259576977754819389602098888597456641
12.833408870126028863651934390412428159704664322593 -14.884558894662178016373120977310465873279719856760
-17.335161226587229276061253337995471402707872601443 17.457446693442301776574252170381760873448664928328
24.536830796926138059552069503197726252443411005304 -20.820262109977413678788675422058667303896907533459
-36.810463935906282010668895810673777144205496796962 25.370293742394649454398030424965986747131001096684
59.473280893890174213077043211257434948996347388197 -31.802172974293132923800154135461260694712534996006
-105.99246894229326191887688815757742544020926744140 41.435005157934523004554931781567164920110513356264
216.68422144371311886427108696095986174020703907877 -57.070863909702148798133100942239832000027848590831
-545.81711384795982181399829118954583664623485969390 85.712418736351408735640625780174454414613596579111
1978.1845602082937419219331531964400539551232956355 -150.10569981335775979399157863273134479838366367095
-16410.476114231610066136075482538670402474185470146 375.17603367971239386987807765608778416808387559545
24724.681692646746740803934593238211665023637116911 0.0
-10939.487444682288324027461646354521893026510164543 -375.40116726222762328358894056066061096793346964799
1304.8738833292600539887338407289222972987568193990 150.40600093664575374078577862525501843565913078288
-354.55074354362546511276808693415089081210571272078 -86.069907123223352678459724655953855930956842075427
138.16823359171273830368480742127729053339548838631 57.474354884138440933921675661108491290299471977204
-66.285785950312479583375909375161464405364904155284 -41.876062406395542644036315481976205974232933198321
36.549684162352377489636536410146139432086434525343 32.273766706605855375196366800504285372150238298500
-22.344863454529754808978158587630944174268721088908 -25.866220524442204670786090611615249139874251758837
14.833215689049358441039706079517251753527713761992 21.334855922818079672449005023310011098880620371898
-10.548511876453890853769591677234143718218809838303 -17.985421423961888196512900480580045403325205219240
7.9557034594974850508334749089355994410461090305717 15.420915958441901111476175551216656702134865951552
-6.3085960477599541431579892532338057441165046789529 -13.399347974533481779207524310865068309003093952731
5.2165219838710629359795729407742159290253555185753 11.765423881247663775725673067795896114266029794960
-4.4620794135837412348520536795226477136109462658151 -10.415084408747279983901217293452690043720856835282
3.9178635016306101347740808973536262269207567863525 9.2758825051801876964141113860961615148581443920848
-3.5057440228597366735683528663555597845135866191840 -8.2955126196453986041200710397623822524612035735315
3.1757634292455417843683112734642755087140485699634 7.4347465463788515755382230718304757136210039140921
-2.8946150612042016161811887897379146932490192788589 -6.6628206760920517181125985893063405972864407834916
2.6389992020030759685355544459125244298845512064140 5.9541611266078251740253473068490472405060687481321
-2.3914882080950717631667095302121317913895595713483 -5.2856985096781872999559813183001353337112518716783
2.1375417532421560919856556835874140644437589876802 4.6340493141505126642481025999237255365180033109783
-1.8625571570276430966927713625572307679636484424901 -3.9713386935526503975145590737467873427568968735684
1.5470055450158541033580518502340156339609396723703 3.2561827573914047469363171555866905489800086146456
-1.1519013761227085457257036601286166645693847033833 -2.4039678465198417694724218351592958077908539903416
0.46383353130424235686103487777646861611159765251405 0.96442921657737549479267942538481543502575665581550
0.0 0.0
0.0 0.0
0.0 0.0
0.0 0.0
0.0 0.0
0.0 0.0
0.0 0.0
0.0 0.0
0.0 0.0
0.0 0.0
0.0 0.0
0.0 0.0
0.0 0.0
0.0 0.0
0.0 0.0
0.0 0.0
0.0 0.0
0.0 0.0
0.0 0.0
0.0 0.0
0.0 0.0
0.0 0.0
0.0 0.0
-2976.9011425771811303202011491510907714344345774300 102.15580660417211967350406006042816299125466257848
4518.4001672608112770324399141401818701109389726183 0.0
-1788.5089591026166702663559605340769081345639480874 -144.87569314718308303110170960830403700030278763930
324.76710209927138407771754553932328067512511509853 67.791508225182238957479658891969414982465105408644
-110.69403597585440276565923184011737171160657392611 -42.350160379540523062413724747071218212861428907295
49.904106069940648977331285973590184881927222953767 29.924481465082932356379393583827985025453902282775
-26.586733902771042039765522949984023214894295050150 -22.680371605462005947583170428022648557555910886495
15.911679022266808820929113093295047613618004985303 17.994287408186721302323896532352648744040409993686
-10.413430739456881774785654383625224632245161711946 -14.744316160618759481171909960030753468724450882693
7.3315515650805965756767201203030560676112954730146 12.373283041762990200369148186691814150049752328025
-5.4892743104660461196769135992403953208865442709466 -10.574600902462552135182979344435786305260218477118
4.3293741696655688179813312715064273634484795773680 9.1663324900242564933369123498721657283528415462842
-3.5655823159843178395898301757306286408175302196992 -8.0339787686702549790771525920726115499166945184447
3.0408328583350498667620889154349245206607569703912 7.1019389695500252930058020136883671925307742177703
-2.6640820405589787516866556852703720828363356822359 -6.3181830967095053030652534222808583743591943329366
2.3799828222034499697896142885192574048586117301860 5.6454970191524885150224526683000563496660484405643
-2.1533985359674511338673730456874458737702320001353 -5.0561919705194763441027573936081240427453792932029
1.9610468529110997570373460266878711829421457833922 4.5287072638583676456725255998026854437249386861826
-1.7867306882334261695497651373965178029465218067224 -4.0452381243557464259219496098591991726781268099871
1.6184005941749145430765434721191342635253565287938 3.5898261884279901224208472712930033212504566115083
-1.4460609400643761734436662374326339991550102908376 -3.1463940918965473802215220922724492476073549896318
1.2597335468442566899619731449290043947606471325697 2.6958777525055261518228593334235895399358729688881
-1.0461447809060284211236337274437357052589478117803 -2.2100849581757565037391969651138384499598448290340
0.77888585964707797470159618302844078429382620759393 1.6315098985896522626125207306517062336680654563140
-0.31361992987869034444083498643407429754161962211406 -0.65450807119957051429770533612290401839634175838424
0.0 0.0
0.0 0.0
0.0 0.0
0.0 0.0
0.0 0.0
0.0 0.0
0.0 0.0
0.0 0.0
0.0 0.0
0.0 0.0
0.0 0.0
0.0 0.0
0.0 0.0
0.0 0.0
0.0 0.0
0.0 0.0
0.0 0.0
0.0 0.0
0.0 0.0
0.0 0.0
0.0 0.0
0.0 0.0
0.0 0.0
199.34621937378450059670053625867055134571997270435 -22.977598096569932120921845002064986301866299468730
-1004.0680460195365442670782678628276918198952326875 81.333142556358837173851272974155356856972393140554
1358.2805409092973175139400496506940446837709533783 0.0
-652.92889301652943814014798931227861774385378465367 -83.642770900973156855171489287646857930909373664233
133.68986824427081841366649361559034581102513949669 40.531574113419199113124064904890745996304136308620
-49.865488408559953319678424183149394075195026322784 -26.075777294406795991987689257287578304945907936968
24.149605750228493451588530099194335627451482714160 18.864506536839843556152320996914374630015573707023
-13.664450587381597857382097876698179660118092582421 -14.570683963477893432958966415812775016734696690771
8.6230302246070913957107241104437937079753565812618 11.738259211434662456994121348214763439432318157732
-5.9201090042506272781202870362857034460160406699151 -9.7386684512700524656398987789050925649982373900584
4.3529795532358635882382856033387372714622407497776 8.2560690145710835443071037930958180460742212146303
-3.3878504396601724981332746067358014139742495017227 -7.1144449147283278088410582975950866553247435868099
2.7628570698624656931995953172857028941133302580601 6.2079604530931068567929504735671174937683617093788
-2.3391619908229364528465228845862564074711417321097 -5.4690979448779749453397408362138324518494246425705
2.0383788907870086227361651067589042910205972323581 4.8526236438180335420233616409444263774602977764920
-1.8138400864005443296424574429980598469028298286017 -4.3268832244905640321786428249453945650258572591321
1.6364212435987358491518666448457699249230871180153 3.8687564380009473846720952724909641022551558656916
-1.4871029734394653413442802644602429590011406239064 -3.4605343721061652773379211114363810321775880251273
1.3528263307577022655515643724369763576054386889100 3.0878173866320699125924835738632642181156976950645
-1.2240000394356917585929588041650010534317978516327 -2.7378911805942836202210819182833255729068082065656
1.0927746971221995395022503863687490370897898226381 2.3981289925074924578772439967756776474624385597782
-0.95142594364972088223408903969340355234855494862661 -2.0537455203707964523297260579198390953929720120716
0.78980832676173686823903126615437920730835243584721 1.6830805201492391897906617865900295260294732990109
-0.58790099936400455879038462734576034369967087776327 -1.2422021529763488169011200865612777667298894264844
0.23669721493383669366649115977084743228003708200523 0.49828571175436709485589631580209108367745872859408
0.0 0.0
0.0 0.0
0.0 0.0
0.0 0.0
0.0 0.0
0.0 0.0
0.0 0.0
0.0 0.0
0.0 0.0
0.0 0.0
0.0 0.0
0.0 0.0
0.0 0.0
0.0 0.0
0.0 0.0
0.0 0.0
0.0 0.0
0.0 0.0
0.0 0.0
0.0 0.0
0.0 0.0
0.0 0.0
0.0 0.0
-38.153904941178019385280779561407077033959711452228 9.2621524971401420088388419942988230511742714389011
128.42961610284295938647021794638688533124545717248 -26.808249111794530877241520976621103680430751341470
-459.92499820672094188826986054210385497270907163596 58.918209422325816495132121164544400715455902247208
653.88564341310459958845552122087397328639666554907 0.0
-337.96784270794556112220866074400515033100536378802 -59.557397954919497790368661688167440905765188784504
73.277375379398630561186514998642050626296359374675 29.258900942287579252944795854380170650522098528008
-28.731312158998878512024415642661809645755035560097 -19.080901485982946663917872477616013433583233317533
14.554504998728032547751345441273169468815112905843 13.972745840070970090614616627148374140017542204221
-8.5869743676156467927493965797070919353811016945032 -10.906324687712418530266424554431345298603512160425
5.6372454246468531502721414728920397837179498648913 8.8651819213789865217722095680439667691209157964320
-4.0167160410330741903640438549143112424385913479527 -7.4106082075397901439371890280401630918356816195035
3.0558636508962663244865089268501130317888837205758 6.3217690091504381897182025753968704592377647692128
-2.4509398964770429727326110722903438415951783957386 -5.4751722489169543108781907584807577913586741247102
2.0498260591422392850946751952526325713196018572422 4.7961912889102184019930848461428564717786900108119
-1.7702731002399355677754075890581189439204186761563 -4.2368902445352917912908997484341844451137091193028
1.5649487473572980613310778972913905481276807571088 3.7648448906567885698616489891889983155114552172306
-1.4051175428092104650449464212540176190306612369197 -3.3570421707910808796773530421587371361120731122337
1.2724465242798552110867326417111838869050718748696 2.9962985653141497223271407629370139420689128900707
-1.1546078587497530270290344245757048023391177129713 -2.6689713921015097635534873779435421755854970436815
1.0427286485970501687338029827881078951032352608014 2.3632919479855997619160476264725295148875248976758
-0.92970121330006046393838281943919252096042032381815 -2.0678329490362675176418091983595825628212198930664
0.80868913974408255065124877095768889362133143430950 1.7694796148250589507572191888357624915286621864604
-0.67089717027039444483834150895701522249232409527363 -1.4493090987608871037161897845891892282077068989683
0.49920125741646449143458975758164438920618194932964 1.0692958960733098402639324962825316478159829817822
-0.20095452789038104667542398122677291799676110195097 -0.42886538062443084946568297162688895602427815525258
0.0 0.0
0.0 0.0
0.0 0.0
0.0 0.0
0.0 0.0
0.0 0.0
0.0 0.0
0.0 0.0
0.0 0.0
0.0 0.0
0.0 0.0
0.0 0.0
0.0 0.0
0.0 0.0
0.0 0.0
0.0 0.0
0.0 0.0
0.0 0.0
0.0 0.0
0.0 0.0
0.0 0.0
0.0 0.0
0.0 0.0
11.643757138382256939321088448108414136183475639375 -4.8434970366172607207723691802055123936959779835557
-34.280071327105475748514907519493900093033837997642 13.115128613086960259542486605143265597284083016861
73.746933028369517847680220963144129126507177734479 -22.358308231819325627450811488444012022036875912683
-264.66695437382780312793674149118906644604063862119 46.640162569490525586163399321778186228884273145314
387.76706853484821986181638417869553852034717558076 0.0
-208.12884165266328764883919298465509895939289225280 -46.972164741774793157661299167152476835041083571612
46.706530295833508891349259761991828089448735161134 23.234070575939108405052780111357000875347703039786
-18.934927160738122474156999815242846752663243584415 -15.263876206680091613193732801828267645890948719098
9.9129952793883943228721673110081233078675972342792 11.256157924887528990901812721737017026759766490040
-6.0427596085121172340872881311691449332401926970187 -8.8415769246817996607333204611567656787180449121087
4.0959257604172471103621987254321473141020518352208 7.2265669474610404238062843908915023442145974472788
-3.0083090658543664867475293571048418637679369682395 -6.0691059941224752265409761250362546364627075900600
2.3523078583564082351807159757710216610410004021808 5.1970905913975425263504513170358025723177385576797
-1.9313506307262186463321981433636421582251211522756 -4.5141889725094552180673281522062273317158464930928
1.6456913329723678253963220838299667445083695543972 3.9620343167969605711517095901737286056632954608490
-1.4406737232593136902986219982708779362310767464783 -3.5029420478581708994468768612203943546795956715561
1.2843932494565569966431890504601896163494893598972 3.1111843896262599135365825306821044236200698930729
-1.1571514554349255797066210860216790645953489657775 -2.7681966341941392131735037868447797161106675694137
1.0460806062408885851385644031981446691578387523694 2.4597028452208276501859604835266027475045182183513
-0.94217352664090539131722507686067431433587851978560 -2.1737672040704649940225841626365801128953154820699
0.83842401565888124392572376936602435918731483606105 1.8991506050926676643864948491153651030145721590877
-0.72830429853483937277896412502264145148381433093792 -1.6233099673128809864166946037731413421792714853769
0.60366087269667365918491635869417474178372670859188 1.3285348570213597437222905071364079663832429846642
-0.44892883001008328466185871000268142322892372244416 -0.97970848609602300232091120136935362220951242000166
0.18067710818830536384829915245697974282216611017424 0.39285363173024416372736951337347526517969419672972
0.0 0.0
0.0 0.0
0.0 0.0
0.0 0.0
0.0 0.0
0.0 0.0
0.0 0.0
0.0 0.0
0.0 0.0
0.0 0.0
0.0 0.0
0.0 0.0
0.0 0.0
0.0 0.0
0.0 0.0
0.0 0.0
0.0 0.0
0.0 0.0
0.0 0.0
0.0 0.0
0.0 0.0
0.0 0.0
0.0 0.0
-4.6612607231506210504182261743179847895260483105553 2.9447526666041688285894567028112240419429231750445
12.895905063117814166768440112551749486386248036392 -7.7328961968759523405842567554942354696152355137666
-22.953218863926186193305706630264539867806146917550 12.002750647535484959129266335547028878840164713480
47.884206836406487195744765183648900326516062058191 -19.119670393111794037497631731302583933623603338083
-173.67220546984229804973202021994322388076339444878 39.195718294588434304749606805674105836971681297338
259.39483740145952279761849192397900530126413701874 0.0
-142.48660361833139118376941092871152001000388329103 -39.435890423146559729243949610880018010386035044920
32.752505130455304015063575405763884437747950223260 19.581929822336427613150106342090068554738996489263
-13.619397991597707772928498540279086125915975350489 -12.920967420611554914261051192301840683749629606358
7.3230542337165903818117554609007474974751092059541 9.5694309727737284585443457730823069366324024942115
-4.5880949137609645305921105448137829647616161440814 -7.5463035715455919515162374810308077476457022175498
3.1951389984515665750693195295388695918498139313435 6.1890283285129671851144191300290860361618591907102
-2.4066471200244106754638583264883460506383603532324 -5.2123733563762591715707100341707857585531130021335
1.9237820593922481678856074148566854006365208753363 4.4728800716160181890188068668101465151536319644056
-1.6079709345505765430359543893026772645428548514263 -3.8901968843936409561418911611459015032987757754602
1.3882512558662995132284166958749155678436847230585 3.4155127703631772142680180851521044946390163212542
-1.2253412877311552471889293552460136355593551686116 -3.0171229533502516530181995104366435267591725300048
1.0960204905374518151143579383216547796394394750348 2.6731153150642723056453384723555418131219831310981
-0.98568307841585410726596931959995577307821518908056 -2.3672977236560033706033280026993974505578766585511
0.88446443223688079809737031829256453581991906738259 2.0866499444246366987179279792451171527212309305046
-0.78497408349334660875994898712855633153399458806395 -1.8193788991719667526378064772397246280324924859706
0.68060441123121988506958536514434174343352852412086 1.5527929256473923958381105796016760058152544500988
-0.56342298058632404570091902100270218953677408856600 -1.2694827921381118438310530621724842297846022419982
0.41869443739406507464288422529232289274757809636204 0.93555094819383733975367592663282293979636526661556
-0.16845773583442194644863663934281236241139706730885 -0.37504450112131931957791999836128374227346727792228
0.0 0.0
0.0 0.0
0.0 0.0
0.0 0.0
0.0 0.0
0.0 0.0
0.0 0.0
0.0 0.0
0.0 0.0
0.0 0.0
0.0 0.0
0.0 0.0
0.0 0.0
0.0 0.0
0.0 0.0
0.0 0.0
0.0 0.0
0.0 0.0
0.0 0.0
0.0 0.0
0.0 0.0
0.0 0.0
0.0 0.0
2.2403301617007498636173095685135673354376696876295 -1.9782357807342818919323440598088238520161966191430
-5.9886088492480073914706302441538101857408494537378 5.1087085234845848915258504068153717083224439311594
9.6894466955916832680599564928168168696019794363264 -7.5689281397739207503232415600728828281574387077596
-16.365273406259020353470674338645956326347966076685 10.868427029296024901617054886431932381330889704855
33.971996465707071645668266976892572107893006396377 -16.899302056701969340485535528887267014791837635470
-124.19938535155943233794380031519278775971495728070 34.374553305136949385021517817092378630603115315648
187.96710714508364046324693466416547804299558614508 0.0
-104.89118166950865604585379846986097478852162652391 -34.577523598500008458631062560599170384507894820618
24.564014725437179817502128502930934151559844100446 17.209990205174851187995612031822548709682965562060
-10.432452498731206761063974612066370837755554559510 -11.386794283815155099353494055291386182019733565361
5.7404338375291636053794497040621362208096986156538 8.4559149451549111106118784689088454827703834365278
-3.6836082187503769696139763921721938456729363258044 -6.6844281304147268031901356244424299070940130091123
2.6255101111170126454519435981036722558242130784031 5.4932420805705462814398225489751107897760558229903
-2.0193930812002842094922194283993510678716929916149 -4.6332217911897106919357273164918705895349641149283
1.6424587595703224375224097031732917797447360601958 3.9790700430099560039187814882688796404115328865796
-1.3907503773019665519402637277349414308112936549831 -3.4605190375418180492048022100679410222700584188045
1.2106509816705957308969275099477954951775256474326 3.0347184530260987144153978397942129381281366364176
-1.0722066620270900424937659393704716589367053806999 -2.6735851171166963184094224590397517893026592061135
0.95745720185285624219470993827432845833313217207732 2.3573398464532211261517749958049323450971795430530
-0.85479760783140548909690760467092238282175703286120 -2.0708025021714315083737177963950264640789576213448
0.75592322931304546490492129306961113159740194320670 1.8008545629967659048154160553563281025055044166964
-0.65377868224965716603841998502355298729218821493068 -1.5340025248582966405630779593452995805284255432101
0.54031636656297565535495426521125721284167871761326 1.2524152400691134497460468424191801754510371663359
-0.40112666908105910233069725583736539153105605366257 -0.92219826155581177082311524932635580168198447066488
0.16132425976246097527450464354625925346241823046309 0.36956192720556752008883137871065772998737276455966
0.0 0.0
0.0 0.0
0.0 0.0
0.0 0.0
0.0 0.0
0.0 0.0
0.0 0.0
0.0 0.0
0.0 0.0
0.0 0.0
0.0 0.0
0.0 0.0
0.0 0.0
0.0 0.0
0.0 0.0
0.0 0.0
0.0 0.0
0.0 0.0
0.0 0.0
0.0 0.0
0.0 0.0
0.0 0.0
0.0 0.0
-1.2336511134219601092029674552434366915001561818124 1.4280638507785243877987914830391875307212243872832
3.2282207207941753793896832711037095240682700633451 -3.6507480691222832020272086758122445143160394663986
-4.9381850433796307363880021325902105741100871391855 5.2656880099301277404726084190176729690503397857498
7.4670919053343685644903606023530268130853212493417 -7.1686242415531595935633004566931452182262442679902
-12.404902514223842626538524636120371610685730407994 9.9998745559297005523329911257789383488908842690313
25.714387720925656316028701810867107904389884693964 -15.374009828252667295800900015479561137503889905925
-94.476812095290926948014078973102920719845006254184 31.144412215975711917634178067833959943173173715826
144.36032572281912007199183590539250899277968546928 0.0
-81.497859279454613760836732078920022471131945178004 -31.328170166416526842987038793263943488341520346115
19.386668339152682334459963575224837760077080237694 15.615738886849719952575742783768510327720744139883
-8.3885698546041046540623457962047932829160629980135 -10.349540292390499849181881301576041266652976480744
4.7122174976139840619718014549306582709263311601035 7.6982434787893078509100917160010146099333643352548
-3.0884608897706276652917760650563858217951553942061 -6.0939199435552286592999352588691688314757325366232
2.2454585185987115384850037564609755785436004418156 5.0128469657475308021492338089228044133085978047430
-1.7566500885053499407057350198507113633214877208387 -4.2297538409013445447847628852362602525260284378815
1.4474756676294067623622500910010557484445084118811 3.6312773290600962779439342504266298075412160447658
-1.2360817708576444185299963081711019483364014634951 -3.1536869532033957040543235569619123877833281053599
1.0799739683458734985714020388791073509057967010069 2.7578700577803241949260865784702462768170420367060
-0.95516058732241436164604505382191061211800914567198 -2.4178159435685817779449976973605886378347263670699
0.84695208404784662203094753819786925174087684424646 2.1146224182568152946640337882980241364718665332288
-0.74539398953926115340992174008783292812681399403930 -1.8328311364512648607368025506799748183569728377366
0.64253070902561432445690991353522985599571900284391 1.5573885173646924277141917693690467678354428833890
-0.52985180800556087511489075514552392218856073542724 -1.2693161796917307986489095742429972779197093577498
0.39284483443029853975205812545369509870298295459832 0.93365086768722299505917645206569619034766845318510
-0.15790928393466710473078728154002730191496623874517 -0.37398559578602198899808117645963027751700125139321
0.0 0.0
0.0 0.0
0.0 0.0
0.0 0.0
0.0 0.0
0.0 0.0
0.0 0.0
0.0 0.0
0.0 0.0
0.0 0.0
0.0 0.0
0.0 0.0
0.0 0.0
0.0 0.0
0.0 0.0
0.0 0.0
0.0 0.0
0.0 0.0
0.0 0.0
0.0 0.0
0.0 0.0
0.0 0.0
0.0 0.0
0.75728796647303710037574126065525280251506793806011 -1.0892196267808462218816438117596343330190361203494
-1.9536741862919276785279119549711118257810370499201 2.7661959442801408218529021248838403606954387792760
2.8816828883783326627489223619749143117560342862205 -3.9227440734712126669794596238700067618707494719701
-4.0738526594055314129103163878062988846815168808925 5.1742043158927664032007888501941194768581087454975
6.0054521402656970698568602391269404149307435290859 -6.8191616959344639597869557618067358572035033516375
-9.8878226860317733668866485768684537007898223833593 9.3807549251310684587411434996124570136894822210869
20.459579127353721606234804529934082392581783588241 -14.334348856220639238886936260841551353901579790212
-75.362846774474015135840011662946301889044694879279 28.969841770696588203915559955939901967771900224920
116.00121324392660070645207235343458085825421168245 0.0
-66.089441711810537344403458179402993257364481799982 -29.141330216320415640696153327357303705300598859843
15.941656870141663450678248692530543997791174812374 14.538865789912058472485819084752562166037881513502
-7.0164400399846815832149525296426381473597066132964 -9.6455210653332468752012791444966951691242136285490
4.0160926986758631678607387098238361303631769845729 7.1809131352402285933982650478323721837516435416452
-2.6816835157751469885264159743298508966909368959097 -5.6877116732717886706859500698262455590333958216117
1.9823755784464233425477464826483865062474337313045 4.6792054152278750506048409311355170911837805915122
-1.5714079608551996508404152031617952953882121234138 -3.9459838831782330156118255630150550941869625988603
1.3063842258377800087193247179336602043432066503130 3.3825071573381115987985257525506120965435727806172
-1.1202247859866181193809548468906503141095309562570 -2.9291817561423071790599352789124359064025142843663
0.97784088681328218819554580950033041867261566953119 2.5490334054408457273516648265269886441540547628602
-0.85910978408428762780430497226505383014675962654568 -2.2168500336258660480043263622693574813748537459937
0.75123843905106401235150331701298564360619655319145 1.9132854079770966033421818131116710939412898220842
-0.64470589338224217035629681335175824646463078676728 -1.6206808220407909602178153693278778101158119401253
0.53009610429258086886438730717199453818776620863995 1.3180355695265634336435615288504776013481675351326
-0.39234946867004522761397305259674552701157844751201 -0.96819558998904212306892513698368662983096731366736
0.15759944145555844567025086316676852349062030749458 0.38760761052229582674984422052106538864585439575269
0.0 0.0
0.0 0.0
0.0 0.0
0.0 0.0
0.0 0.0
0.0 0.0
0.0 0.0
0.0 0.0
0.0 0.0
0.0 0.0
0.0 0.0
0.0 0.0
0.0 0.0
0.0 0.0
0.0 0.0
0.0 0.0
0.0 0.0
0.0 0.0
0.0 0.0
0.0 0.0
0.0 0.0
0.0 0.0
0.0 0.0
-0.50918275517165622177579814642192949477727910672327 0.86816667041141546365528992737807300934363854935427
1.3005017632899462015647468462227970981800510062602 -2.1948255114429468494294452917398182082681051311085
-1.8705646771827693297548558064944534446814966756331 3.0771070591200855647275763849922697894293311679812
2.5286506945518886403054010375900343649580431617711 -3.9765784056187578596661702239296510584418538280064
-3.4612492529830512500376387761569850167501373047102 5.0643916866456787236371894655872757745347889394367
5.0268017270194842554885400061936259367060462169299 -6.5687936488378573892134497780628780521394563270709
-8.2156231320142465720017345026524108682452983225813 8.9671733975282296478417170959331387183647555136010
16.950051464765860414766291178899123790099522907726 -13.653071954498438144057457332167195214745372111294
-62.486878424060531229001002394375785146178534468975 27.552824039323088063578601135806852684219608940111
96.753984933307854375572275913867185898511965741072 0.0
-55.548224314252796670954723443674343374015517507213 -27.714982554079857222326000257305404448662826305457
13.572252035794194834608531748824158673050227196759 13.834210427646349096311890514540989123586122069817
-6.0686825511595087645682704206925498363865044264858 -9.1825339536325312990086313905449248740392482112557
3.5330173970186228898697867314285690176716723392484 6.8381700227615525936755008787388927025450306296886
-2.3972747576574444370139600272743718848345428078232 -5.4156599543247395537543530087226196164232084213267
1.7959056667722588631202765795722849168316220296505 4.4522352690335209986536772411533631618641711551247
-1.4370156820347985133038999414137745805022348245761 -3.7486148116381566656220142500856207296640066140986
1.2003495771832721470765393769212795023923128775885 3.2040764751852801484481648418316804940492977172333
-1.0289583744324433622206430707330075843955682357488 -2.7613053863173671650281962675582292191546035100158
0.89271779975302638618777131145751352946070135156893 2.3840521407808838780620601265766869312135237364266
-0.77385550494384749300882764029390465724251016762831 -2.0464633838940929461580290401595825253343313230334
0.66017959181304276985810833926921451257325386328588 1.7266537833764887357280985151111086217645218280204
-0.54071028667153003894617281565172487147616882514220 -1.4003892915322374049088384923936881621182493705336
0.39929097868526304597086938688850164733796061513593 1.0269749706176802272526797597782069310043543783335
-0.16023854173056002365523987819223991978893339196908 -0.41085408133702329722888780990446016493865753761304
0.0 0.0
0.0 0.0
0.0 0.0
0.0 0.0
0.0 0.0
0.0 0.0
0.0 0.0
0.0 0.0
0.0 0.0
0.0 0.0
0.0 0.0
0.0 0.0
0.0 0.0
0.0 0.0
0.0 0.0
0.0 0.0
0.0 0.0
0.0 0.0
0.0 0.0
0.0 0.0
0.0 0.0
0.0 0.0
0.0 0.0
0.37026600982793374032594078526092911174241975390383 -0.71770410358970899259431797742625834159757881984601
-0.93882091103800121663947202125626568733788483272390 1.8085553557024357984693053480390710524413305422572
1.3261187682334519327535480625209883441335629076347 -2.5151802203882613079559239108084382544778614728260
-1.7371839045834521862630581295156865315160090395722 3.2050035824790701303172418221569523481952749176639
2.2620510523501015237177058468429665992617374541689 -3.9910057761196999067958846577044942429814459764007
-3.0365795801052484323775401170020165608534242439265 4.9944370727602820010563063572526039360723224606413
4.3586457935173504300607857637058189655479919308045 -6.4204795576746695579041055051977949966211793837364
-7.0714509697996657939083497686679875103026665260442 8.7245225355591337215786367304950767506443300682393
14.532588358613038277248507480220853603628934537798 -13.253788702581437420932868929061014674142224063764
-53.557827130395236373814340655156965697320680623973 26.721902686859910891455212849923673389008945282666
83.354145503386082701245232995275559916228080449780 0.0
-48.183834988940391887863908178973160964357947391086 -26.876018158342715631883741694119720198320373517043
11.916371014879414227997485821010836653769122787797 13.418015512689937608079486684553762343338905898070
-5.4067471127142065934408648818978069646928383913000 -8.9069007559118654826370230880159020468039050744318
3.1953052354779263735029833768425593993729119361323 6.6312778269300785566565003332099428410344006666108
-2.1971152539604041807438420814898107180246498116218 -5.2477285005166485471991556877122516987430092966526
1.6623119928721758663495384962075058717118913288084 4.3073269624211362400321346928136967391637915552700
-1.3374094452799435181636342482528554305085256662141 -3.6164229431366961102300821542886700137308044339726
1.1175940895853022936357201821665012786341160526121 3.0766354360774249016343906160748448847873394375228
-0.95284849443635909695418987966085008260644256433045 -2.6311968391561172657800807850450522952366038096717
0.81617432605003688037072965487801299078871261618386 2.2429100252060462839678604155912082014532337885852
-0.69068258251165200691943579716255769875383400394833 -1.8829058245739248383551608263932992713052763314735
0.56273123481961612593160038221684276326234024784718 1.5218572821947613212207008232785591022058903665510
-0.41427840463101196707912065176257136487221994855791 -1.1137146596484317710700706419611363850911578181078
0.16604616318266805675484958579608577359212744331511 0.44516787795616078468561536152004931492026624171645
0.0 0.0
0.0 0.0
0.0 0.0
0.0 0.0
0.0 0.0
0.0 0.0
0.0 0.0
0.0 0.0
0.0 0.0
0.0 0.0
0.0 0.0
0.0 0.0
0.0 0.0
0.0 0.0
0.0 0.0
0.0 0.0
0.0 0.0
0.0 0.0
0.0 0.0
0.0 0.0
0.0 0.0
0.0 0.0
0.0 0.0
-0.28819532296236443645424256546641100785424247098890 0.61212183943477590926343056212225075298808169754738
0.72679493498583000288375976736791734015719644005228 -1.5388007053823910258928210227472246766872111637901
-1.0130688783315912178321309549410390812528668020939 2.1274323817077002411178730328570462402639540176355
1.2972616774160044113478640038728183139711749749631 -2.6836893284298562261284080564781514795628328514418
-1.6307663009246153313771433791108413445361741316521 3.2899856082917682782504522052759132209273460247604
2.0756827667990099171994734190694444626575029229244 -4.0206261608496279324893706305949852074413270110005
-2.7453596404221483658728721949693180021204716036535 4.9818433771353930948167252512889153625185344215273
3.8991046052641098816292161200465467324125127838802 -6.3698792799335823792979066714785165814064351046502
-6.2783465376367815830655366517313182028123899802578 8.6308617246260744188548420109757418946040450990663
12.844690208811983373594655819986779110158144924896 -13.092605910794642975585400045551655675170052520679
-47.295553543283337283879748050556257612491487937850 26.380551820541301916199765437875821570481074114378
73.960501877305356662099258578069223379193933499093 0.0
-43.031900060300554918897266457882789965939420680439 -26.527153748709691700409480066226986006093249208609
10.765411860090432277742728658478924096265817113625 13.242923308244804929430218022705610560710091845242
-4.9500722080912098110802360516638522479488680583153 -8.7879168044275820077225260959521000922146131124312
2.9632056103336511379573581111246846632167476897264 6.5376169537000779806759010798375980024135995300136
-2.0585150834465049900935598871137120329361670417561 -5.1657505684737722129403645210077757844153241656787
1.5671474437412477897014372975597361276835253424340 4.2287247076272265543131379277013073378679772017290
-1.2624089725838193285408623865782477978352521454236 -3.5345914721479234146314678928482833137793797310820
1.0500864730797049673822975946469164899260740254623 2.9849123341912680701087855724466299757561907730789
-0.88460417857301341986598493470471612065015414209921 -2.5213712196647652005760692043358433947260506342459
0.74029614218824786853563089220577515158891910459320 2.1030136561106949714976480614838077614582848133761
-0.59883521646321758210475066165410026448777797133760 -1.6923019403921629038747383208346228170011544555763
0.43901931469347006373877204793330148375523533645569 1.2351619944806904084316661890378235591666458472774
-0.17566542417084319660092784280678283522698322700293 -0.49317018673340368823437049609087453150197170452885
0.0 0.0
0.0 0.0
0.0 0.0
0.0 0.0
0.0 0.0
0.0 0.0
0.0 0.0
0.0 0.0
0.0 0.0
0.0 0.0
0.0 0.0
0.0 0.0
0.0 0.0
0.0 0.0
0.0 0.0
0.0 0.0
0.0 0.0
0.0 0.0
0.0 0.0
0.0 0.0
0.0 0.0
0.0 0.0
0.0 0.0
0.23790280415656874881348456369698062552464343064921 -0.53656964201316085957959061025268529723091282958349
-0.59756004002440426752740136346908031914867552026087 1.3464237392697811754423462706666335607375889917550
0.82477876833443975174768119982068249618885116104024 -1.8532243423746582521201712892564701710384581624282
-1.0387010905905216592951737671653412027661341968288 2.3203618311063174508055994922058584569543702856279
1.2729980707246005999050404572926604194641009370141 -2.8125086912954758067128404878623647808402667894779
-1.5608024902464174916597984039571936359809661916608 3.3804230155036706215506518725304666922407413180169
1.9534568245162564920209312937861505908642959033429 -4.0871338432762817076447476632143646704225965269333
-2.5512086297202663978698243584814042645697099359807 5.0338539821940775493523732909327742412647263990793
3.5875379486698310528844946811333014622427497102199 -6.4146423680085469654478157592418596257412944299015
-5.7336403666115561234442270204561316329473496771543 8.6755810508277906855872001710483697700441787357210
11.676892352733409093154121676467628796344823141374 -13.148358886555941209013444062486192266689230547857
-42.959066226508973244891689320091548158879429058019 26.482255096677365895852016225513426562287317637854
67.505515555912100914675712922539993708147144088089 0.0
-39.532431757624304025117349412486161679560140140168 -26.621479462346024926199137325770473760768262683052
9.9983484425541181691570957354607525793290964432277 13.285853224353666959395708430570590934902506264634
-4.6519841695980044485374390476910262841312041714917 -8.8101750574126514877924662513604848535976940119213
2.8136504476545996019855864357657726911861988429699 6.5451373581833147398147354972500308425280106582987
-1.9681354221789709467283641560023316526928962811789 -5.1590047784374163898370065942784932240571041243995
1.5015733684775878584429264917991848490659909686484 4.2056214648527891410178455511114331809127630632825
-1.2051922895989756977092782184305872880267876780319 -3.4908104211307462189304381438125930732824280640808
0.99146834368167528206166256841811321349531309208809 2.9131632631316194058404921620243716558607100501385
-0.81683353657673769650764158685266920997269652210147 -2.4093050949974652916181074524752459882203305031249
0.65417036138012714327204083691552058486321870224705 1.9277923400016957316832538409740143173221788662737
-0.47682269914125156515003459583769528270987010980507 -1.4022560401195856305541279134802206300826594276492
0.19034796556339139660096089058765014142008755344404 0.55910254937244571137581877076925050092138176309156
0.0 0.0
0.0 0.0
0.0 0.0
0.0 0.0
0.0 0.0
0.0 0.0
0.0 0.0
0.0 0.0
0.0 0.0
0.0 0.0
0.0 0.0
0.0 0.0
0.0 0.0
0.0 0.0
0.0 0.0
0.0 0.0
0.0 0.0
0.0 0.0
0.0 0.0
0.0 0.0
0.0 0.0
0.0 0.0
0.0 0.0
-0.20653774371687855175783231417422744382145562575998 0.48208645230628699069898096077412885538020481682638
0.51723421283688968939395154851244598937756924253354 -1.2080130620997434018867945415090034451954089781022
-0.70873350904426084106360067483843937189336327305696 1.6570605169659357925614438522761439748641238750839
0.88169534946492950163732470864707956704689418612394 -2.0629943383322491118174820375688669730164491209822
-1.0608117601195970874042969330765452875242257438472 2.4794590237815084274661987825132685554947758118499
1.2662953670341023777509854500388606031959810313091 -2.9441938520706795078831518611234581616746875893033
-1.5249464719818274209750952449517021835835256881596 3.4987815349870071775822399391607369504144622036007
1.8825760078787879704321064290292454266371202980062 -4.2027342525897672488305505171488228402895677451447
-2.4313300144120023192867112385964777029459609677898 5.1567248794270907894136178624817259685428468008102
3.3878597129989398404913492338195344472449446727249 -6.5572167151796204873693046110483713938926124952767
-5.3772834637877961110989696846548424679997316221634 8.8583632912545205892751434081973609366833207778859
10.907835345848266649384429956127701793681302241162 -13.418123600040055673673396232526731921110110995321
-40.123346080007995183750563763847053213038945271109 27.019406247973363354595650141259566862195426554136
63.385924119633840150450042597531449924200293869446 0.0
-37.375422273786641424741262275690785908941656823491 -27.151126072618904617807265579193642836090818851345
9.5500107114612453173933978692181357161620385565494 13.542505202046344645654951539456319362742984782825
-4.4881140363906166012682448026063058510642066505302 -8.9699190001466309584924493899479347872519849939460
2.7348457298261622182895422508452081645442493579727 6.6494513699128646678479852211603158935801265571391
-1.9190085392023390435854171242482606269429811580097 -5.2214607212060624338668751688730885515568877979754
1.4603908595945005446590612822001622560793888577699 4.2290309126827389939186233371875887946613518249302
-1.1605898899468088921010025436249113839741250757247 -3.4710282145725690474354287497129106331023577798523
0.93492536573703081371108335380749624350858636538117 2.8383281270553965492167764478869606839573746082367
-0.73819861239255312015427155449492991956621880785730 -2.2541517387978826194849753587676321426748485785813
0.53371176828540602152724716219169091677377048690737 1.6323888998924018818039751546618206303432613041552
-0.21236398797137775622856407663856167480765629769845 -0.64967954791604081785039571538772968421983570611718
0.0 0.0
0.0 0.0
0.0 0.0
0.0 0.0
0.0 0.0
0.0 0.0
0.0 0.0
0.0 0.0
0.0 0.0
0.0 0.0
0.0 0.0
0.0 0.0
0.0 0.0
0.0 0.0
0.0 0.0
0.0 0.0
0.0 0.0
0.0 0.0
0.0 0.0
0.0 0.0
0.0 0.0
0.0 0.0
0.0 0.0
0.18715746857139025669779738749039090980412782553766 -0.44311158051132395621787414610554136014401481107777
-0.46766839098452735082684996681404727849115153719796 1.1091304538668757935334534628000896016521438969096
0.63738715904460185001743268911926922691938884383442 -1.5173822748192056531746485081127367209879508132721
-0.78584616601852541885882815757118463624470474705284 1.8808080821304232195888794633668512943180827100677
0.93287039368662634103682520886045848745612850090575 -2.2459038574594981127927159208788911137304328230793
-1.0923280100292342882332275221882678429297823606356 2.6426914380385367730865737159330498773305679694541
1.2800411685423826046551176258523881998573081712405 -3.1010662751123877783631241418836620934714693441842
-1.5199471007776181661852055140554612787755511832499 3.6598080229803339666103545938113946476668519352217
1.8548895571721678626328425802252746594886121487425 -4.3782870183316359824881561275499272418775575984797
-2.3724287770339797191767896092498977825288113270336 5.3595306425474310864790214317748854137060169818223
3.2797062939538386733683512853629264675928986735532 -6.8064369514564191642055637813814756001507084258351
-5.1762493208974473230123434412959474687047940901489 9.1894514824789336960029216103977245390518822479368
10.472915755194676090918196805543190813407222094440 -13.916460538856077479197984240604263397467361819832
-38.572859594775310984087776303821882067206228017974 28.020996422927284191179471214388321531861702313655
61.317825946523649495095728977450778621641779537849 0.0
-36.430577276275892390966342833530803065511444385331 -28.144809781780698236278789918931666526657904549387
9.3973259739258495107532927603513340175175634872289 14.025998403336611442496141414049072631843846924163
-4.4516827881372360868400130336789437424451302728172 -9.2737876973237704954792727790166840301864272024247
2.7241680478110116201395953472409888634039492739228 6.8522283016008786442514575267625012626691716637872
-1.9092605527713953446886307060173535549702026791290 -5.3493083929454719255132522746011684148795931140078
1.4407614221737029906885687367018188977593548113097 4.2875759640924095356582360112807404400045135959670
-1.1230097609388575504385099451434881238435230958343 -3.4516393768436318697323715053754961060102734770746
0.86870727872616998945812073605191395572807773834051 2.7137133512208958132523746241595875789984686621850
-0.62079414365288188546232573487564099556574112638513 -1.9536248574685747939186327709200142476848260504761
0.24586799695496988775328315648078468269433001392763 0.77566667759312660072998527454610776257468151228202
0.0 0.0
0.0 0.0
0.0 0.0
0.0 0.0
0.0 0.0
0.0 0.0
0.0 0.0
0.0 0.0
0.0 0.0
0.0 0.0
0.0 0.0
0.0 0.0
0.0 0.0
0.0 0.0
0.0 0.0
0.0 0.0
0.0 0.0
0.0 0.0
0.0 0.0
0.0 0.0
0.0 0.0
0.0 0.0
0.0 0.0
-0.17587938692360918575157179186427473100142025132932 0.41617689832646125754622584363344677911645223162114
0.43877424212112771966330172169635566662610289682575 -1.0408052750911691282427335410638297273965512883745
-0.59565428707239465282059598009705956436627768498990 1.4209226941521505979356451621282437359795202437389
0.72958226226125383147933615365221161959610205194986 -1.7551782810948381978795219328119072178938616801153
-0.85766056700487135604903382542851165678172929782231 2.0853682651713635278565677252782997716394447328276
0.99042097792523496705630768420687486160292816239669 -2.4367314517776446716797634472686549308528472673760
-1.1382968390534136990940559096311114399293542530692 2.8323543507209393775654370841897285655120964354628
1.3153198152100522903973252897298343921816007518933 -3.2997383874909037936257602553234059637321638338265
-1.5441800803497886005864847376792544447709263143826 3.8776115824620123607644091426015712234594791636920
1.8665334236067888642811152396682472390489715302605 -4.6273287585020264574654259880301063306654622813168
-2.3683851048377115225907697226504900512890766117168 5.6568002031084869951528636820630673516409937099718
3.2541856013914424190313647016101921869649566174017 -7.1795959362225619160307987536071589050561408272040
-5.1174599193579215838856808559462401939679637754638 9.6917177907619894332249626259994417440160163319209
10.350860761343270990554775437928349611290448051691 -14.678160050429958337695970782453404849630551681764
-38.259820891311345045887142307206717607952664572989 29.558010379709093317362605248957503883908831839815
61.288322645190556957939916479533731785055604065199 0.0
-36.730154288194922659510429574309052153587901164381 -29.673076372624657809673983507562441980921656982553
9.5578309881350756897620082118183963453095324014843 14.768971648558244530971325069876591005469686891018
-4.5538283523134488018599999007259096213805736230773 -9.7392617228389060632888232302659444121879441621400
2.7885352109849648679130111668602803833982888778234 7.1598592312575892772646330296754320984948503523490
-1.9418385763146415124618862156111323365012565939866 -5.5368920472417107529572584312588672347531083003164
1.4404257046879629467507137149192610458607281854022 4.3582992709903220136609790090062791853190563739438
-1.0810502690734280413706810115679063727540778124866 -3.3786957861154073682391896559075528579458114998446
0.75953384674836718022033602424493022321652531601660 2.4128018810248660527690493395580046866077493492939
-0.29879721962027055385633979755907325213993538211576 -0.95487254138708217069675187267888015029902528652956
0.0 0.0
0.0 0.0
0.0 0.0
0.0 0.0
0.0 0.0
0.0 0.0
0.0 0.0
0.0 0.0
0.0 0.0
0.0 0.0
0.0 0.0
0.0 0.0
0.0 0.0
0.0 0.0
0.0 0.0
0.0 0.0
0.0 0.0
0.0 0.0
0.0 0.0
0.0 0.0
0.0 0.0
0.0 0.0
0.0 0.0
0.17052257408934454133147143830711986948286252585057 -0.39920861456974847428726266274966075219534513143467
-0.42490389427128043861612575715747771407795459615789 0.99767675261825195371295067607212688235701162557217
0.57516093448169450699580800835042007408160548161277 -1.3597706439383794314336935700331834480992637370247
-0.70110941582587991615401028521268785860898801048553 1.6750583517451408784088627104889808183410673259809
0.81836456792828255375345788769141810010784654423744 -1.9823236145463950196602190580625678098362856499513
-0.93563792788575316702746078774504701837342876768260 2.3037946215589664096587571160154262746008537431211
1.0605332708615157435214049939828228348168969698826 -2.6584209122685556843275349347418552781499844447430
-1.2021711137232004852371992157717938291323164190184 3.0671687312695445065113045946150644838379441478911
1.3739752839279707148588717011920156564460577310184 -3.5575148107070951551958362897224886646642258961889
-1.5985004160605687092043663326867604291226170840235 4.1698656534976482647017775044685460532944429075563
1.9178340087798491927178413617165713101989669967339 -4.9694270214537706564614284452157639628184489570172
-2.4195443171160812966110520196809402358529966879052 6.0717371138537443621238316418032339053395181398492
3.3127248044742451019935358741195667388619463455904 -7.7060883284982187763623508910361411501866112264409
-5.2063754902231946624317307235304013868018409350960 10.405432226763996889784547781282896156227693960739
10.562827006095424722784390370923882612142478776692 -15.765569389982756337899882867074953463908455632455
-39.311693072366391712124439844300706720336635128518 31.758616141953439599674578435464571767959774881525
63.588895670830430389478747185239345899989246326923 0.0
-38.502344702635285949398499933808602495508054299363 -31.863220886541875267652733297925656858559498660757
10.101248539540755610506661858612069284170894412210 15.829745947123287463471745166722929352253154045847
-4.8297182719753122935289516732292969199620923859586 -10.396422484810164939349679498048040695193033831167
2.9474366033456817094913148260378781966465845571654 7.5805134768713309464674505140802122136011305162035
-2.0242399628026496772751389836042013392604663899123 -5.7660885120223499961717885373281361970009131188942
1.4514332801305723244223461324617188284639811712771 4.3795324781814881120864632989059031318811416372377
-0.99440238077346198732541192674170399766967879239904 -3.0919794468879263893390499258524125668385496308169
0.38733776795340797528733055387385082842838009701494 1.2181199450313150792095482101834521208023105028585
0.0 0.0
0.0 0.0
0.0 0.0
0.0 0.0
0.0 0.0
0.0 0.0
0.0 0.0
0.0 0.0
0.0 0.0
0.0 0.0
0.0 0.0
0.0 0.0
0.0 0.0
0.0 0.0
0.0 0.0
0.0 0.0
0.0 0.0
0.0 0.0
0.0 0.0
0.0 0.0
0.0 0.0
0.0 0.0
0.0 0.0
-0.16994592215634449286575058843909042665092307401760 0.39118127281827977666149222494077321216074645830574
0.42309750270601933358210095394118368781231907675603 -0.97707238915823450235925550452701235658995696971989
-0.57150693925753829141947720912920959716299423679376 1.3299142309047420610777758885581330480015868175974
0.69422280754683187043177331068750761335001471325053 -1.6347239452268309164205021467684652949270905269607
-0.80616734701678762375258841234724495096901158176724 1.9285545778191260350158247419432868920406909742413
0.91507274192206511568001616782597714262403627343030 -2.2317967428056435529967380119990960646651220869266
-1.0269990328083168848671350759302455156827919330284 2.5608582996662857735357647307757009515994836035433
1.1484671254126209992797789758461170995456485026106 -2.9327772616331600104161809203364986007359678656538
-1.2882476659845509623778017576232207139903518504462 3.3685306804485690281391972019440502050067600098974
1.4599742093964681315252161955065239224225865631904 -3.8970889044518935800712692272990011155556971298360
-1.6871319799623347892225986390393419946418881565294 4.5620904069197003076373789503201359882360367243991
2.0140747291211321577472032088078815515876917737084 -5.4346944852295495395034376874680494272334610793136
-2.5337069886345142279673296963377424365822443531830 6.6415178113374237269621104752843557102398376656096
3.4688908186413296897653607323854060745185215770471 -8.4341944975298222589380569191803644659563935145039
-5.4712464742004112209048776568800351863497854502761 11.397752413239028551969964745734804515683968689350
11.185220150789977781104522586666952330830818435097 -17.283649344183711335972110155186700606747017276158
-42.099154323524370105956824671415539346630825567975 34.839817255473756129822650084496042713617457678633
68.962120710283164729223810853714842142002557706991 0.0
-42.282693915648619351950263615259592196258252625006 -34.930308712334119691830037974762811536298231706782
11.182980257500786088106174131607594924976717804936 17.304593031337849314951947780661068721911522200064
-5.3545383941118788327774135259194249727503367558665 -11.289947433104382464868047557017780776444301636218
3.2392694846710395455814037746038647898124447758813 8.1134331197123293488801971436957727811473999283862
-2.1630818084226388716361272400591460459004787567876 -5.9706977014298564759425166985372097901181643465468
1.4264543536375858925979097976831824496086500302821 4.1444643879360854603410138984986788412906937762323
-0.54745672388001123396865955991199229498646930810931 -1.6220170623603356260097807358881491413795517204679
0.0 0.0
0.0 0.0
0.0 0.0
0.0 0.0
0.0 0.0
0.0 0.0
0.0 0.0
0.0 0.0
0.0 0.0
0.0 0.0
0.0 0.0
0.0 0.0
0.0 0.0
0.0 0.0
0.0 0.0
0.0 0.0
0.0 0.0
0.0 0.0
0.0 0.0
0.0 0.0
0.0 0.0
0.0 0.0
0.0 0.0
0.17375324414610804269542226552456355195684029993393 -0.39202543567709245179541684874988988695512806778943
-0.43230008539211523579605112956348148437956291171288 0.97874671214130070125759417264062192963338029081059
0.58303717414928271900985449797529599497242560752387 -1.3307785947532904971612962245578524862553534888979
-0.70642747110030809314729031028667489878437237370640 1.6329654234321152344896755894329590227062968179769
0.81728566328603430603779121701475925836628506360455 -1.9217255910773745338164549321055231321939420297725
-0.92288583174611286036193565035323627670734415967374 2.2164786801434959218587758411635909314655587656543
1.0284534418302399791846305713407712643445168261001 -2.5321385373222907538798827668512758554318311053343
-1.1390830964037514114074549553286438317636054817443 2.8833824469819901694341217023856899544688346938573
1.2610610494353503109908127133048680342810658192489 -3.2873310828582697346689738390136834422589838241844
-1.4034888888977677720938953623381816036253890361766 3.7663928151492272804529861277425618037797573218895
1.5810386996294496242626649639012829673037140729098 -4.3524565264072667810311250077073544737623265903228
-1.8194474926602577774594047046546357271242483479499 5.0942315297516419966122989355993463688297780142027
2.1678124250690108892964045195920811095909261830199 -6.0716303698755223444607714917229741708838898224690
-2.7296592564851459425355197648095279772994302336607 7.4271730942573607737786810028760838566908155689211
3.7546520511959041958055559139057702431910017340176 -9.4442532899325820108868995524224476273282164900053
-5.9763438813547408771322395232440119792030586624970 12.781592256684679200558811980255864469435884546341
12.386111452632113543403108718189208348512355282186 -19.410372569333358746308429174052302831877399214105
-47.417252034848587705526678924793162443437004447174 39.172037031794374189992555958444783128198919517213
78.978480203299792642517356101955560943283838976258 0.0
-49.193865754452101508224910930772801465253520684279 -39.240020254050064353564401758663634162630471740014
13.126535340913659955609026416484051702154957256179 19.350208679361237317304587019061976978409989685008
-6.2801003235277954399900651984881898054292439273995 -12.475455246889313806437414491346808973568460997946
3.7273070170618042193659479880755837775685671674992 8.7041476274179013413915156197980759284282729638260
-2.3148409958507991599012500097296315067219950359372 -5.8819356247782249270121836335827833325902897414015
0.86842315416552460567846526632701531349910023468439 2.2788132585976568161344032852040440780633586965417
0.0 0.0
0.0 0.0
0.0 0.0
0.0 0.0
0.0 0.0
0.0 0.0
0.0 0.0
0.0 0.0
0.0 0.0
0.0 0.0
0.0 0.0
0.0 0.0
0.0 0.0
0.0 0.0
0.0 0.0
0.0 0.0
0.0 0.0
0.0 0.0
0.0 0.0
0.0 0.0
0.0 0.0
0.0 0.0
0.0 0.0
-0.18224991411265048052306570539865044230271908172718 0.40281114335141990985997460019637789544067547279537
0.45322898809626958025779531739831375668884756607978 -1.0053217334934201975201946610359669574321575857598
-0.61057786453013738011159677910193074041009945384917 1.3657644579275230582386231333673939817626475378923
0.73843079763685473781767626035106297826086977110971 -1.6736161997157766938036033009569320971525320271854
-0.85201070729808624875614292985967277437792521818882 1.9657450359962711129938327456565756821179160617657
0.95850962014943120732991620993891622529544120304039 -2.2613391479824057402610758504916779460332965812207
-1.0627570367601452095620432020051263457063892098428 2.5745976717301105865150551022020921410144674520565
1.1690774391607287776809698025269781164044360401780 -2.9188869218106632183764750832724467105171826651825
-1.2823955715548011036090047350087443175441497467499 3.3090982300394875915065338964175774728844891988224
1.4093887228663739552848750731160311471827422779764 -3.7638503487570051994336102697154818802973108886455
-1.5602266134118538766481336173053638416401727667960 4.3084114185486750870014165865784672634596005735856
1.7517411965968365785131168385907926109146157724621 -4.9793936385998813633332745735838053509405181316659
-2.0138954186236965218304057319216521924156613525376 5.8331995442306731688443480852925083670413622240565
2.4043963588664266269268348796201862379944360009973 -6.9627021157961167676330626886331365608902174574409
-3.0458353786211803637322791375130849461606255498922 8.5337293177393685973683767942050009484424412870073
4.2358491020877056368103486317988830674203530032730 -10.875990798439429080735225069191263569670758312952
-6.8546794451446289542991609102208810952195933725166 14.755341719035979743890509040228145040878161728366
14.515657622155825077741940299640644639464934280500 -22.461592701566670903085259144001187388419162103240
-56.939857642537610274171646004153589543888150729866 45.418694645961921326446739589034897823931158482906
96.999799720504228913920402672685050429767707591713 0.0
-61.670715166341707245455635101415727846210392231955 -45.442606189027590964783081244783408992609760493774
16.635878444267542304059552227014071636913292270011 22.221792775292523733094754000464490303526252154999
-7.9138254896133712142370753101718798919551517429000 -13.975990912418509437759774304451462437902564705231
4.4419817238610496372706414627988460785816002905772 9.0149209970827272237358735521016108197661607627596
-1.6064005180912163249598825812266343193636571045596 -3.4347124924637088870274174942136588268431639323629
0.0 0.0
0.0 0.0
0.0 0.0
0.0 0.0
0.0 0.0
0.0 0.0
0.0 0.0
0.0 0.0
0.0 0.0
0.0 0.0
0.0 0.0
0.0 0.0
0.0 0.0
0.0 0.0
0.0 0.0
0.0 0.0
0.0 0.0
0.0 0.0
0.0 0.0
0.0 0.0
0.0 0.0
0.0 0.0
0.0 0.0
0.19669517573332867084158985585886538513112978385930 -0.42642214722646662999984929260745581190547034488188
-0.48898806414985704337345769590921742083293242829049 1.0639587263732789270500712699053385555733714655602
0.65821877721856785545293411834752208605676728754365 -1.4444821400217346976351801048155134539703254023388
-0.79499044055483422942527001350685531189298748441687 1.7682104784105238487775525362528677689018801021243
0.91549900823638103653216940457425011387682727492176 -2.0737365139612730313897519467186916202092400887420
-1.0271915418085293761264478309140739440448583894008 2.3807800230263241549141153966221781705149972238070
1.1348236955854996798497049711509623953014775637408 -2.7035184938676831208361690155603505849034878846729
-1.2423682332491652884323607834971280803157984244741 3.0548290069316176101632522680807449327957596858629
1.3540389558376209485568759562213647935788175853210 -3.4485229207774458276785283632084119569401160607706
-1.4752189667903873497722407639002603673751511209138 3.9012213255259675095247047848546708027143095632246
1.6137147618110815431879199285365366728020314689301 -4.4346126820793523650977784774042817822998704650078
-1.7818612326103874266209622331322761117272718984273 5.0788067004019848088270216381796118437348278440987
2.0005040491400459007501056259884120837929199991008 -5.8779434974798633817208646634535110970256021234357
-2.3072558278824708573144775544660521217066519910312 6.9004134416370696881166503271169877746297669676251
2.7753215731547725354590348579753877403222420066358 -8.2591065297491738699303507436284261190815044432548
-3.5617012214507066284291713765398306147836029733414 10.155712945578075659879082138787590829566053700456
5.0511450220653850988836892743379206757727885701899 -12.991042070229533088663840453395876260441261701500
-8.3923040130438082666341636117718535065831736924678 17.695021340044172760438798163539018893661972629987
18.345753361468193140872327284149150574410154110781 -27.044010220886922675765161515980106963619351754154
-74.466166635048699491774858094320246860629984805624 54.871046584682541170172365762800556466850322063477
130.93856174891655368741164524566695158356717193673 0.0
-85.595296182148801535823496392810488653683442789495 -54.785484953345365303724295594849556618590497729829
23.404013835742204623009485362378870202606343876790 26.311669136375546770713208344175963003937470137537
-10.794280054533473171660459353666476359244428824925 -15.452562441316833014555192972812191668527883133822
3.6580661367125512088947945730329290619188324786268 5.7096444087630662129394265443937570251716327114577
0.0 0.0
0.0 0.0
0.0 0.0
0.0 0.0
0.0 0.0
0.0 0.0
0.0 0.0
0.0 0.0
0.0 0.0
0.0 0.0
0.0 0.0
0.0 0.0
0.0 0.0
0.0 0.0
0.0 0.0
0.0 0.0
0.0 0.0
0.0 0.0
0.0 0.0
0.0 0.0
0.0 0.0
0.0 0.0
0.0 0.0
-0.22019900766358856569013865464818198464488966063969 0.46950765302249847778750151737714721579658171804565
0.54728935965751868930875084212415683456971476202936 -1.1712200667988638933492956314946131682770317325969
-0.73627706673643346461841269224109183333467353992360 1.5893257248810189958092422113554740281836807755873
0.88843726488499292025481261136899321796595396292283 -1.9439751964054115013417332350857057168395776282445
-1.0217242203348967424782272462166692349197310777213 2.2773106159763795056077865250156432163293571555181
1.1442410461119129731777085153281991940705564959750 -2.6105757945702369831376043856493296449832212349941
-1.2609797331146143372280942178337372731303111392465 2.9587169892674697898678822677760507365764146343547
1.3758940344344187088835361088507257349193834528926 -3.3349403230676126002890566196497519372874588276488
-1.4929375611715820071397974696412440779771034999771 3.7529907803411094705666223113935416451530611857773
1.6169081600241201344010279150799762700643280024655 -4.2289107789757147718986431838537497413354047653805
-1.7544823097299379178835329224398795983565741363268 4.7829857647332254328620589807439405597213068285813
1.9158302476024736469609407339130747622359209502308 -5.4424397803675281416014117311649432395973616768316
-2.1174871795106205644588495085404425847086165811551 6.2456699213983266676818869603437505126175323811392
2.3879243185173159548760399220269617587535553033078 -7.2494693233445487960945835748350837169419178530007
-2.7792743428540450735362655072817794698703293744468 8.5422701516202813565249330180033482974441970331418
3.3943910251981466696063258718733455212377037032617 -10.270416504252765256195586705888394989018051229513
-4.4569114582709751234564850739461276526567779400648 12.695602512982562951976579665223423529317753218955
6.5227825034915812653029312898024493266705054559694 -16.337683495290651860027644773082201769610647915144
-11.276612758121100316769349176204634751968958824685 22.401055803741446434469659282472919867880615350050
25.807884020191605622212678401587140744491870950813 -34.473529762000590085978316825742529411414643415596
-109.97058768413619671814625653866769396020824900833 70.386951685509585179136925127277920317310418897391
202.86585923802748194500766775974306947457516962390 0.0
-138.01794114132414847826835201672162114477353821020 -69.933762402958304547544676785326940945904851458083
37.983454766954429214689441091183085772599272339399 31.858460074440749742350833801252557507982969544346
-11.226568115024591819046187509474097641983846237209 -11.012616993056292639488057984270653924141034799719
0.0 0.0
0.0 0.0
0.0 0.0
0.0 0.0
0.0 0.0
0.0 0.0
0.0 0.0
0.0 0.0
0.0 0.0
0.0 0.0
0.0 0.0
0.0 0.0
0.0 0.0
0.0 0.0
0.0 0.0
0.0 0.0
0.0 0.0
0.0 0.0
0.0 0.0
0.0 0.0
0.0 0.0
0.0 0.0
0.0 0.0
0.26082928901047334995719711030004508224593259095160 -0.54900115661179405489251971336823093391517288690164
-0.64816987333156712694681932349340165889101683833358 1.3693233609139033718657418657097203779136747851910
0.87165922460000023157048023144423126823705984855851 -1.8575046773028334757977874926644486666469522010465
-1.0511382849719048082983091532458876561647690938412 2.2707269429258494669194408586998584292765330305975
1.2077375835675520340805842927897713997114600986567 -2.6579848893245679799536979196840856520361066562644
-1.3508777810791923007930229296963019767744467021553 3.0437453857084936926406005102119481421135492752217
1.4862238029882398879687843401583462678431075893314 -3.4449619819150869495329266290733046107399626497575
-1.6180959014633378488358072458443788302662802582890 3.8763202785914350302746214689337330689197386646367
1.7506259255105795400866288974777900981158009043479 -4.3527715447702408268653647182460552309570603446032
-1.8886288890073003545312574203890454516880296377176 4.8913729533888432559570695239893250554781084096493
2.0385916911172755595300302922476029446614320683226 -5.5131924772987771951255829268530278218996979420166
-2.2101289367766628114149151836448360374510092049139 6.2458008236623973838280133255889821968147898631929
2.4184484328383485267218967777509874476813844176743 -7.1269911306876084669681093072421286199203665988941
-2.6889057428149294358621170625456414169049852303912 8.2108005269545399687109928336919148377210984131168
3.0660560244707369286300209167717105384177163820595 -9.5779065894303605960549093957861407582431633571309
-3.6330856421877141921728502284780559885726186796058 11.354782937501178442729136602631416064096048517631
4.5575120695223112055335145101368434440906667526196 -13.751766892365517458381418408721160748169702091622
-6.2118005292099959661953228496922387519773564930931 17.146269270574073936754743352852456742610228029046
9.5447815001612684877545993295970203797176200724192 -22.289332987208927681350502994485424601722504334889
-17.508618018298558324881241898308355244615160284418 30.920606808162308795025448502766774308783239522756
42.882069046508499882988941143291060151995905072167 -48.209628508757094499984832758019969367833326104126
-196.83135549772124818010463401074092329010154134349 99.734549979520113664122733133369462485981668175096
394.99780540579152375249473884992909708706251654404 0.0
-285.60201268621222888174204262289479652070293372464 -97.276832842963416670424072249644734658460003962516
56.279526132905301092827960184271555919202405342690 27.495963178072850833439478112880713599818223987035
0.0 0.0
0.0 0.0
0.0 0.0
0.0 0.0
0.0 0.0
0.0 0.0
0.0 0.0
0.0 0.0
0.0 0.0
0.0 0.0
0.0 0.0
0.0 0.0
0.0 0.0
0.0 0.0
0.0 0.0
0.0 0.0
0.0 0.0
0.0 0.0
0.0 0.0
0.0 0.0
0.0 0.0
0.0 0.0
0.0 0.0
-0.34696319748135986422112801326652988772634731564429 0.72409703465971931122656149118268075561607560823476
0.86213344915808904212741604076198224085982212434455 -1.8058862396654601062182267724418812012674131942706
-1.1591318734660411165772330732570799218376871771401 2.4491812573217142368805530850411362307613869219030
1.3972791933365508145092812233901225370661842733839 -2.9929910730511725095903094188409960945628895330173
-1.6045774249340126152648052424900195855630508879895 3.5017089897537829380613095562430625144780409869182
1.7934212858521624987138410446421641273178953263759 -4.0073066051051020966187752521459733604856321283962
-1.9711571701800815769877481590926968995886939131402 4.5317298891089355309066980122174735188529557799410
2.1432582855560673926182698781152552451890379057620 -5.0937540285827389957695038193191271928919992644207
-2.3148104760635739231672096592050972895267987018355 5.7122271687589923538782111324199505523384631034696
2.4915816399844108521902190940844956458961885597680 -6.4083390762792138368191693436067504707066976109801
-2.6811749330571013575292366697514490990452689108403 7.2078674501201995027819325604685709410401608138507
2.8946598202152711795714498064071482582172031127989 -8.1440011343842382408491180347842854323755831073772
-3.1492454968308889305891490879293024592912310274686 9.2614058175161063437172042997755324449594904078197
3.4730637924159345228286997121658215106137322511445 -10.622570309010377750309507095067311175580637886918
-3.9143338573268054296937541956080307220922954163164 12.318318402791519081451976571733716662679058638050
4.5601644582862380536936283010250743286266179819861 -14.486218658772928326751537278862299283283699073995
-5.5782314921389250400363761189054420073181271680372 17.344867085154130848380571814816203515821616617395
7.3182301344518930195872484684901760656041982053239 -21.262611101162828678897092733088427799768720790245
-10.589991616690587739276753561674176619742086479436 26.908824004743838401281459227672774249517337989839
17.556817436427721319681177922959643784728452834401 -35.631241186653603226124939348434390895004666890130
-35.333177429887502049020348359596940537454131860227 50.581245597399015252707843064780551625691285042950
96.773584825725780610360516501215830194059918753939 -81.168429974230439419426227491857763181204684007874
-510.22870836200448967186977059212550614082489749655 173.78530462088705445967753899521056408135980177771
1259.4284421147772038442294171618132001892000854399 0.0
-821.70199749098903575239121738242916163143996840614 -122.75034301022156040568597290519716039855303413318
0.0 0.0
0.0 0.0
0.0 0.0
0.0 0.0
0.0 0.0
0.0 0.0
0.0 0.0
0.0 0.0
0.0 0.0
0.0 0.0
0.0 0.0
0.0 0.0
0.0 0.0
0.0 0.0
0.0 0.0
0.0 0.0
0.0 0.0
0.0 0.0
0.0 0.0
0.0 0.0
0.0 0.0
0.0 0.0
0.0 0.0
0.54173634171291199116178267180818304365202314879363 -1.1264091971974654590280634897662087402465628372076
-1.3460526400084631579709954045046311722824981498702 2.8091400871296823490254016940813776122585148839474
1.8095871871820626552093357590095822956151451253351 -3.8094721131325709779503190259369566169712883465962
-2.1810369971931596608555153860867100256235332753000 4.6546413846790605928354729977420400651198315075534
2.5040559427137122092465772025884172349702653055634 -5.4446713311656574481783374968949758922582956270427
-2.7979104041104804556981123541723162618825610228503 6.2291049235231746581730102624574203093301079627315
3.0739522214345449058215826216031647754651642086888 -7.0418157118085766596728255183470356711878858218169
-3.3405566696715074878630966003351766493930234199868 7.9116315724726988008152540181303125114486584441687
3.6054108334390134728422603737923781491242571731144 -8.8673199929745474904941968058732278054779898403550
-3.8771296400188772371159131731146498011031906536353 9.9410199273593479091976644608143399402556509216801
4.1669608021192987762820003725300618447622105274865 -11.171574592574355515564294996816741155231620714990
-4.4911536069148332479992483415155695830833353264856 12.608645517039747752945276361778196347521928712400
4.8747859379120385112748918900992070109718719693388 -14.318541506154933095549461685871286919341348497644
-5.3585164551655127990721797542254534966309992151246 16.393168075944237844291813702121712026573056039981
6.0113217135842349159067875741435205991862271155192 -18.964574484141915340098094943203694194607282667508
-6.9561292107392245437221144754555022475908505314212 22.229848009016982471574834817674487214714255643512
8.4252333538034175481008310647152470263456479807761 -26.496111763223484234048823561277072200858286856386
-10.890697439489937581568379164318910061753063203128 32.267202679801955354179280513117479861658344329869
15.405065898177068744697294381243390148125675274717 -40.424150657371041636909851509083946351219712913198
-24.619576405843092098880519498234678635541902631839 52.640151498950403994519676166979384754768313377855
46.429956939808590236751040087590525920796482623339 -72.469587517826591052834618973527155496365720971546
-110.90907841139519532552062327751104798617987644515 108.79542074509277231132987703964544405541371361360
389.86277906605062172675003450672922557204600919348 -190.47162181832502828579208908235615903237945866479
-3186.1928427884766148614707094299826892804517377025 475.97093051156590448253346980435805579689944834627
7755.1176299794895920021017126550241729918503413615 0.0
-5393.3294607938668001587141426014777027719437645313 -476.08660532494468916164465264715394851088532096214
642.32497786171989999346502078856526801688575112371 190.62664471192718601519399601708181043355616525062
-174.49144343888114399522173745154105980145335678985 -108.98131219891457584820602975204368411552187437519
68.271160814378163398604664922314424785570400835877 72.681445721931143652159412161879318860788799994232
-33.137370386761867739384677300732712363595656145230 -52.874516780603052340951638851457551477856182257766
18.691833245616642368910680008939152142057228641006 40.678263273481830458959572105522453953079833245785
-11.846041127293384175625003374497415764483152760996 -32.538655471586036626296033823823535121507537959014
8.2603761719038145963908014103257572409750087596926 26.782656605000009859285397375911598384053576060279
-6.2360047469664286033652553915634209058879961597520 -22.529274897922377099943466654404612134502128752967
5.0221986124576270878260546495394824568357995109706 19.274630204286924089088695654312547711125547050849
-4.2549224157989459745868790383231675301719011700240 -16.711499034681571555738548555156885217959168370506
3.7441082245506057578610450426985939394290918967586 14.642652652703435336803636269821835717334672873448
-3.3842895055601527497668274323859578792082486926149 -12.935870415039378114060700523026386757987005477016
3.1138207391216941775737048735206975343636180090563 11.499052931982784002251867892216529685555127395526
-2.8949500318196816625079498328953097352282764346862 -10.265678835614886965537627104104657330287165408491
2.7034880583873286427428529903123092367071289642929 9.1858546197060094498682989948339647906262694194911
-2.5231425490401392021481966371250797699399368057471 -8.2204782785685994584968005683755347469630334000854
2.3421998848054080356483543473329468099292180832846 7.3371067700631456370030799493615493893148905899432
-2.1513623872335019928910825367567468500182708398669 -6.5065842164197301033849495474152954906025802139343
1.9420006030105563054722929280381327586863835816135 5.6995284756575990301377354936852976980736944274291
-1.7040689179085467355494850770340580335740563781040 -4.8811622600244153838737742676918511604464273694595
1.4220438363717469106149503043554031392206701683976 4.0002062812493767536273066608092707889052723169787
-1.0618317248547109918065825402818837997861531749205 -2.9523486138586924448990811448110913971331087067223
0.42805747709113733254738780237711603624166059509680 1.1842742481449984093439713550791480534688323388328
0.0 0.0
0.0 0.0
0.0 0.0
0.0 0.0
0.0 0.0
0.0 0.0
0.0 0.0
0.0 0.0
0.0 0.0
0.0 0.0
0.0 0.0
0.0 0.0
0.0 0.0
0.0 0.0
0.0 0.0
0.0 0.0
0.0 0.0
0.0 0.0
0.0 0.0
0.0 0.0
0.0 0.0
0.0 0.0
0.0 0.0
-2382.5446348537108081745110872602335419664695904728 210.31490760731332244145882679358586474756130380238
3612.5723672180280001299115390171394200386411446021 0.0
-1426.8125524630730984049797891664283916068653749641 -297.99826789723868411035097862921206053070762341426
258.84320845527528967006595257064827042600383917531 139.30796709785471250102146560972250519060339629578
-88.491792876406170318299344596737654644401624647106 -86.916997859834389834203112453468593630541102278699
40.318181270296365034047715268091973088296477020893 61.320785561576171521416280010812779845269636796781
-21.949029716643206947271738234510349257064020165379 -46.394207083153093723713158758277076951149285240056
13.604601182362751453434690445101034032353770954674 36.736899229793243285767378524525693927367179631312
-9.3470868667929624324639580395627472409620730098139 -30.039326157731137280706267092751632935600795640510
6.9849588369095914619159612316894193923596080236553 25.154377006907401248137277893640686382784723609457
-5.5859731860869682222523382699702991989383993886561 -21.450741290133494741601182073082690229347387005280
4.7097737007261113553411183490465653093902772724300 18.553685541166629895065057669679717669123013928964
-4.1307491975260616632162816286376879754893472479557 -16.227293783482077759735764346719397839028255237841
3.7254705561067561640737919302740447222268943606758 14.315727074924183877429600079993384428807266647895
-3.4225804549010715201490660741029092854380536253477 -12.711681502047571984048657263460243383399198968567
3.1787625969169020046074778070090050173819217897875 11.338377409470981469633661574691789720235752633406
-2.9664659907644863515112937781231789562549965859445 -10.138682530739757667628007280826504436067042415616
2.7672548263140191628389286189449206022429123009373 9.0681361962612971690846361317653291604734992314467
-2.5679567219570630048550331938679579699141623519931 -8.0900907180979350489454475266323095681131975776494
2.3581829061157134195678729573237648808562287971462 7.1718189628388408435323401829622109096263936513880
-2.1283547209476614702488487026236638506701453631350 -6.2805369482653143789062712607576308728224426482495
1.8673874829615378637559718024600991871545589169309 5.3776435278465294812572556924852513045298778840060
-1.5582215406323057893617400039732976073625139097414 -4.4064431112021218726115624954596531298694140891940
1.1634658238554710641128720747100665817823425196885 3.2518786724961575210568970580735546075910979297246
-0.46902131353295176740119674154460622494902445671237 -1.3043753833743511151928569843125944360422011612516
0.0 0.0
0.0 0.0
0.0 0.0
0.0 0.0
0.0 0.0
0.0 0.0
0.0 0.0
0.0 0.0
0.0 0.0
0.0 0.0
0.0 0.0
0.0 0.0
0.0 0.0
0.0 0.0
0.0 0.0
0.0 0.0
0.0 0.0
0.0 0.0
0.0 0.0
0.0 0.0
0.0 0.0
0.0 0.0
0.0 0.0
159.21987108289392674426201917777106922711795824723 -47.252638215996279346103413059491212169461237858297
-800.61787835517356849385950641005550366170715234745 167.21379454192778618855934940029668115103926168961
1080.2858375322814415812055128602729899585271558053 0.0
-517.59316040342981760281110443567533198328467372682 -171.68973857573283132067083347677009510134608241629
106.05450691578981103680861049683133239610916087481 83.091953270409211356537703633974659060756261819818
-39.869646831019908562699579850202848750332139030527 -53.374628973810726046719384927237239425068416219497
19.675982915436626086996109019459584064117799187307 38.545737459117517368812004775582582468504440507390
-11.502726326235304355072525741383706143855160047150 -29.714331758549659736663790814355098845857152221530
7.6084501464391581748001333830186385766113980726580 23.888470942508369608595322057312795359449798223965
-5.5415104329855185644547961389574331687442865478174 -19.776446288078592635973048689106722039274393311752
4.3543824800985989195329667951488829821998109803936 16.729102716420744134797721364281616905530903581942
-3.6275590329907589448901858568304731898787756512343 -14.384592587761173251671022900877736850232093761130
3.1558007896039801281758090584544584862755478332099 12.525274017354129783534022531168381592364096137916
-2.8306063957319563455792537606876015591305166276319 -11.012246390611654862468711903707620879588959209353
2.5908824956270621535806924525343451033710344261578 9.7524102232263376130059429569478562985430754409398
-2.4003164413412430758636418339967329983824579279492 -8.6805891109150266453349599104834003127734065705840
2.2362133068135175165698720189809704079998520920617 7.7491724622249895500798855501119901970896989658467
-2.0836195793969449124235574731465039517005883505924 -6.9217117725156657319371662532066015257485731954791
1.9320069867484115396396734917140716583463332471586 6.1686194155555097145322860378919249926240263440874
-1.7731966724986593231103201200095940915592866683837 -5.4638601838977382490537568990921390993332510236558
1.5997647365247969697648732711555031227034083650987 4.7817189372621454344442264621663093754911162875297
-1.4032411412664218592529018710000166951351212291872 -4.0922915513520376580849578508041795015071312905665
1.1707177661588210568094201856251236439301466271568 3.3520648567543705969559951982750874388998021151665
-0.87404261984479734346385804829584616496520916854880 -2.4732347732646103378724871745523484808550941320752
0.35233326289875214288896825328253234096162108268122 0.99196082292492181312650528373778626752018623883781
0.0 0.0
0.0 0.0
0.0 0.0
0.0 0.0
0.0 0.0
0.0 0.0
0.0 0.0
0.0 0.0
0.0 0.0
0.0 0.0
0.0 0.0
0.0 0.0
0.0 0.0
0.0 0.0
0.0 0.0
0.0 0.0
0.0 0.0
0.0 0.0
0.0 0.0
0.0 0.0
0.0 0.0
0.0 0.0
0.0 0.0
-30.444235305300451521591280297124406767584677908165 19.014414959701477876359758979281473652881419614722
102.23123665863918345898364564130795655594174604263 -55.020279797201911064503904415289195961255898408743
-364.31496083172882731345136558716909601102562258337 120.84614938820854652510710667600310064975905455193
515.76453989254499925181492848531555840478658404555 0.0
-265.44498990234258713483000384591741229538624530012 -121.88576297290304339816049991733915023416222847468
57.748418673165367264593871106478501019822405498477 59.787231074111007095836260571025469529478243752753
-22.964604226468014299562109198667463201431452916866 -38.920986163789153961147568911995299127768655341868
11.968315626470273805822494237032039709563247392398 28.446127629585603937598498204512193708312375673435
-7.3787968423641290680335596291841078299120286310692 -22.157453965919605451061194907300652691104660456754
5.1322723182135566622754112802520164268488669844952 17.971923421678878779515966230257800656213906210748
-3.9098518208859982545800421750932640462289433035923 -14.990388556506732636142556776678131966835561108062
3.1898934989692329107355410823318220366032249730332 12.760165961966621825764019333981574557648837968198
-2.7363871520917440848779228332561290510292247717765 -11.028047803308113076004422817823640755387449765331
2.4314824361119117177672371667570533111689891741577 9.6409672520339988102066605779406491980229946819792
-2.2116374126536276162434284605855692475520919269793 -8.5005632318502175520629131151104977959139713858112
2.0403551985059131979374475476304357367032832624540 7.5402785703501520153732122340798016568527012419028
-1.8954604468206869662370702189955667878941951456768 -6.7128669208212828479639699100663852692628787284779
1.7626975443436822587200835332869601363182477036342 5.9830638687070636801059111677222747342109030616261
-1.6322604075820163172407775522367771463039795485026 -5.3229119040085644384093318906625604195866848894759
1.4967108226197924574674360310968216636818765699612 4.7083682338889812025659513081924217029319685879397
-1.3494634800549053505652511566065284175599408058269 -4.1162064211119060360803970739204493876213962764796
1.1831760741782293314023179866668370423522962160865 3.5199468842088475566011609776543495399969783235803
-0.98683913956772109192305737829702719228626906589744 -2.8816381874908842818290824451375264306531606176804
0.73663878286507379022180264852759216408188093911939 2.1254068259956764890536728073487273967885486692670
-0.29692466010004184776887392632109957954011114905383 -0.85233095619371912402254098884317387044246092352605
0.0 0.0
0.0 0.0
0.0 0.0
0.0 0.0
0.0 0.0
0.0 0.0
0.0 0.0
0.0 0.0
0.0 0.0
0.0 0.0
0.0 0.0
0.0 0.0
0.0 0.0
0.0 0.0
0.0 0.0
0.0 0.0
0.0 0.0
0.0 0.0
0.0 0.0
0.0 0.0
0.0 0.0
0.0 0.0
0.0 0.0
9.3184820409238269260795755794199551042148836493409 -9.9204516019530958187953886396474140414742281563319
-27.341780011678347244995579415566398418274476736024 26.855207217670993655968848141876866785910206779272
58.397540576480220755401707125848310730607358415039 -45.753507831030998438047212891342614547582427301352
-207.65934668688509148001239286860739117125386714026 95.352027245635366693050761696929695115795175285742
302.40434872941306014738834033089269327486514912240 0.0
-161.47927145752075384218202384710351493913738986960 -95.762749706418939087290399897662199693904960107018
36.494069382058344204472554252896649859960627913087 47.284352401347944079444563406591308961452708245471
-15.118199009014525848422887891852821306233502195817 -31.003817666456806322529571009673469772986030788344
8.2273386510307872450966601489998556471917308967359 22.816152579972870078955431106489707241329940556203
-5.2984710559419485381597518312255092980082760947381 -17.883369833145528265666924805101969354962701231619
3.8392523368404582840344487962962514188347960672248 14.584976166572246863427180116720010179080938189666
-3.0302077421780797537095680751081365052791068761283 -12.222470258191505717547117355204114610957358456698
2.5429849644309427617637947289166047013495783896369 10.444305254489066789879297603083178918700030942415
-2.2270888088046077541384538605679898150155806286432 -9.0536566287023192700498582131236943189008975852610
2.0063784435898848658784395652735767010195858199182 7.9312297666768301417530416738334001980130132395108
-1.8392262932955730245332859479578981640307937885154 -6.9999762527667075372997336735374777211894761291259
1.7013324249113326342706567954346568902835238939190 6.2072845476632580832273541634017397902697017999967
-1.5776041537774573500443836732193106934462273443999 -5.5152009870630282459843635717956375537184171300034
1.4579874459774961085634360202481669794610632515179 4.8945738840269589728267260618864458330332642981333
-1.3351016142262693098948635640642561742931012006146 -4.3210951690410918303957044098211560798166323765730
1.2026344594051533549150688068770615648362854033244 3.7719815761569238218596706052757284596829430452353
-1.0537749500159639702326707229187852283592509879432 -3.2219664649984430394684492124074275142691958256790
0.87854939095406343514315901680338240838205663417027 2.6356078994138034385206789706520694900415945119053
-0.65564638524531257345361399097268434471385223131804 -1.9429906403311362913565136305046716319395250386100
0.26425233318452682103503881262680649412129678482522 0.77901858540267207962491809403590160505242240990877
0.0 0.0
0.0 0.0
0.0 0.0
0.0 0.0
0.0 0.0
0.0 0.0
0.0 0.0
0.0 0.0
0.0 0.0
0.0 0.0
0.0 0.0
0.0 0.0
0.0 0.0
0.0 0.0
0.0 0.0
0.0 0.0
0.0 0.0
0.0 0.0
0.0 0.0
0.0 0.0
0.0 0.0
0.0 0.0
0.0 0.0
-3.7693599850483455104137260920029508835894767743861 6.0144509191710791845887448015709939426009589429503
10.381650689386499803442735656098407587229877950943 -15.789674921871283035232360217232704478872112030991
-18.295719997958417169167405478488922452049142744835 24.493000172251062551752523779784980864725631030609
37.649458607733653705366933583323146953321044153706 -38.978675664442532701882432969154174777917212238240
-134.57316598847805156661748798301694917470400854351 79.806505785141060012918596970937066775954229391815
199.38356653931471239113867750793596662592879188999 0.0
-108.87398561240264705409362037423239436470111580183 -80.032356346734781885929615274801485135900897300284
25.319034342190042377665759380300395015698158350232 39.663383289541448636045975611612248086261796542963
-10.850440287820311189282902346805870131711965121888 -26.117610562431432454618610835093660590057575188034
6.1293731084594949272646044724119399105242639278494 19.301641268516172895065305909014247977292451947385
-4.0978422659869959338059808913127812353920794594423 -15.187937616731399948987501105063842768524140545893
3.0717416047258482086010429333695925159857062640062 12.429392092292825879119168180187878691873909585967
-2.4930611093558264517135576160010946307184526055369 -10.446003654349788567055622919383445887739146026449
2.1364093619945545055425275463088483685193742824462 8.9460032278035890474270763039329677133017849595432
-1.8975980377283305449666430988387958517852101822855 -7.7659282806197654002152930208413627192484785002639
1.7234140947280547405291050941378951290621870037847 6.8064528310733643873709134754822611887247571609718
-1.5844262521753239119965636486144465567050908477244 -6.0030485828272604000910687525772538805681194216736
1.4631658366558545462025533322148956913097460045676 5.3111246047435261829182602133068602021871609978390
-1.3484684410690799071338406494232708757930831409181 -4.6977593031683365079875275163750037564199533734897
1.2324738287300515379639713161180651789967911162739 4.1365386212204048722451046794070172702550407609456
-1.1087531303184593625764138126580321999295857021385 -3.6036354738155494782731073917519468084260387383260
0.97066572442057283236357236180464073028614961379867 3.0735573139481826169889631502652893757567379429808
-0.80880084420133187042929546631735719569959622473485 -2.5115588666953617378553940407661911563196192583693
0.60339409001867261082382437078962381906474922440992 1.8503346607639889281413135473507621865192573695108
-0.24315981698659752881191081768701001867563535283988 -0.74166704215285958928573834450316667968124577182263
0.0 0.0
0.0 0.0
0.0 0.0
0.0 0.0
0.0 0.0
0.0 0.0
0.0 0.0
0.0 0.0
0.0 0.0
0.0 0.0
0.0 0.0
0.0 0.0
0.0 0.0
0.0 0.0
0.0 0.0
0.0 0.0
0.0 0.0
0.0 0.0
0.0 0.0
0.0 0.0
0.0 0.0
0.0 0.0
0.0 0.0
1.8504989415962759596440803132854182766459266428463 -4.0271642778112891835203260825147326306524707280676
-4.9189020530488851660189006000171211291484390019675 10.397204952429129441196785786935609293191400440108
7.8583419438808129618391126244941788639851226504728 -15.394686340937966708202354482695613497296217146185
-13.030616805118535276625556856921626668689348033391 22.084615583887181511696505837009520437881515716357
26.469842133465209642880984667613588790576434913179 -34.296239488768769559855244534949722341082211727654
-94.757041119812126956233949983807590276780803266544 69.655108505544570200833812829255016002223527114990
141.94918805948861647227209252368008859930398696930 0.0
-78.686018618864373208933065278675573477911778436762 -69.809218375746809489752308984214079074899065531193
18.744638159172757725926196822895343688629634164142 34.674182181238110799654976497625414893139838461390
-8.2808149005013998063193692562859520793364850644909 -22.892828220313769195665725635527699644994046748250
4.8375314470253651347996864192708669281036844799309 16.963586068792831785002148785659777548356088407367
-3.3413612195325763360560961029554529483806194224730 -13.380946932995657770407998942923322293453753708475
2.5760589211613439995244023917501087762661309149151 10.973397896993530186914956972887319179593234579672
-2.1366253457988695021708041658273447142446547601489 -9.2368746333161644325029963129467928054494351479997
1.8585806529779011645051838997895741468087256641917 7.9178233406944178421413576524487258477066265387410
-1.6654151667896293552233229786379482471609662120391 -6.8740181801385779120517505394045151103692657197843
1.5177375512461675466988198849061834097980669775316 6.0187129709774551460533802230782597251522598482895
-1.3934945265672079174089398422736948292836345588246 -5.2950594423543613878974389866498370899506054951460
1.2793034479401391323112757664126532155949728883294 4.6630442068866625287515840836144788095710084952936
-1.1662128921982412111572284750691794414451273708451 -4.0920112872387738778893153382060182315412484267829
1.0472933904849367967422046129210698494689331072865 3.5555597199151868921717545912680193995388512502871
-0.91577606623242759909702387558740239635014763243054 -3.0266781969846827925028755534978160628274221302202
0.76248114095417771335410949533969459599243354353319 2.4698913164072699656188695734437493058770203803862
-0.56858464627320808894390670652201739770989724120320 -1.8181112166255717222841436059930023761754844598931
0.22909077390058623712108168229301835306860295033827 0.72849546992052823994488202286433181886589465571514
0.0 0.0
0.0 0.0
0.0 0.0
0.0 0.0
0.0 0.0
0.0 0.0
0.0 0.0
0.0 0.0
0.0 0.0
0.0 0.0
0.0 0.0
0.0 0.0
0.0 0.0
0.0 0.0
0.0 0.0
0.0 0.0
0.0 0.0
0.0 0.0
0.0 0.0
0.0 0.0
0.0 0.0
0.0 0.0
0.0 0.0
-1.0544974317128117856030075718113022074346192396593 2.8964890681597008242646228532660514709942540485975
2.7414101123680798430804261550867881832072626028689 -7.4027092522319392880267496093712220280298077922971
-4.1307662502232069661004513946824612491055709487424 10.670771023753003991694902383539778243138927593582
6.1062473042462485569974662725733191122561784110417 -14.513244434348996326105946358295212540784987946474
-9.8597172968783806250753835361683849983906991182657 20.219926800338759417168676645856325796208554822535
19.813894866825823877354107473252927612657071311882 -31.039339650171389608868821563681766308619751064152
-70.751054708253431795380936416503452477651676652160 62.769420986548269841094012004296768225387970128406
106.75639783494577028173790639395937354634890737965 0.0
-59.828669021767826334776719623432099993098881431007 -62.889471002697356589501995224583208818680577454406
14.567641569748126562520812824640376132256220496418 31.281007855499465250609090718324549747404417224624
-6.6208796125360489281402312643339830545727402921521 -20.687179579145369625210989129643145661651014038702
3.9882832679839101797370176913154536087813647184705 15.354663358496881864851590426359519347379303739935
-2.8340277817383620330436780790075847743325595820978 -12.129363414508680149988290065392977594516626622459
2.2356348716421143056480414410644828872207410933136 9.9576750176335553827637577582426421552631106252105
-1.8848573639562565245305886218251768581941804493018 -8.3863570551272251393840686613488474159590375893528
1.6559968154656957043500946251148070350307231273777 7.1872899291528177006104922670851577667309671785129
-1.4902672876842036228191363795556261058107284820345 -6.2322113546721850434287814244996258512728759554725
1.3571432293562772082310155781068897867198101007689 5.4424042987761471452644145802434602878924087242800
-1.2392517860594459545343611004097135312868252977690 -4.7655421422885963213887007095971039575742405095822
1.1256644434481581723425649896507008020375196015822 4.1636482711167548494897975731863946803077044296551
-1.0084587068205380936060708850081254561169886059649 -3.6057526230567838568934668996837546760731948820818
0.88041377574726558773475556922145284450904298992198 3.0618373634801803019046748936300235096694049233224
-0.73228843761488782199625356791872769948412769873217 -2.4942782540466949650934136303356460088203706283680
0.54574583276098654371972530516178981290213529703933 1.8341152464897812658000477306268072777359629138046
-0.21983600759452959614017696092269349921086918294289 -0.73458260356188698796934521767273197223842067299559
0.0 0.0
0.0 0.0
0.0 0.0
0.0 0.0
0.0 0.0
0.0 0.0
0.0 0.0
0.0 0.0
0.0 0.0
0.0 0.0
0.0 0.0
0.0 0.0
0.0 0.0
0.0 0.0
0.0 0.0
0.0 0.0
0.0 0.0
0.0 0.0
0.0 0.0
0.0 0.0
0.0 0.0
0.0 0.0
0.0 0.0
0.67865609394668206082350348442024521668189191180515 -2.2004098528693807789723057300743072007421878594678
-1.7383695733953301594963956108244424976573929820023 5.5867086015233582319886995348790792981587969676299
2.5217595248705006730368766295041573951592804173286 -7.9176413033416714773812141292005266789184589691195
-3.4745978489171136817513567673600655383008652785354 10.433712098624142166561704552864750590887373312733
4.9522369537038938936208603214463828137730836457057 -13.733601926515041862820273027594045747574136367681
-7.8369615391015450823937415311632835414305872530031 18.864000357733415064314134122068174948166844204668
15.555717450786676397378008702465689147579187008245 -28.775257023806226011941494443530835407686780744841
-55.218801865569770727085424535992240429596499585103 58.043765564381086015339012484544077097090778744457
83.719401705770177755743492086412164223092622996182 0.0
-47.319317977449986485774056800945658916892707220098 -58.144647612128610822568945578960984110318622976634
11.764019038973348979169115971135088589654288546410 28.946499123614871975954154888774409181538150697432
-5.4929162303454642051827128055431771197936335633828 -19.162965885851049209073449284481346374078111884012
3.4026712000289335510644357595134769423611713330829 14.236797114625776190098066639737996014058198582443
-2.4774393080560961522413429726959535349354226560811 -11.253957396131937169064658122012467604598270957946
1.9902688721277225747873032825118946156038639382743 9.2411751519254001800954608039622431625368762824448
-1.6976019688242271609130744199552609725506795455228 -7.7796545087346532491455975833040783839348311346247
1.4997689410678801996306246331964638046922899781041 6.6583060411610390577252694717832848374334884468927
-1.3498890645302652209399958450319604613683916288158 -5.7579340051165677395365577075424630125166427355261
1.2233351990539186984025069911352331915998558710913 5.0046029540670234491130335327390939438996017307945
-1.1057074488581456062060883953073248403307188025290 -4.3479440010284089942619182012822122842074015368523
0.98733623989349599052658920392060884084834472497120 3.7493915879224483409587740007167032025340786022478
-0.86011549516210295477718554959074893040095966272581 -3.1738843781344207258533487489087460460777710245620
0.71442255037334631641424055225482523198262237298679 2.5799501827768393550795625375085071737459623320448
-0.53200908126710142070908846890931878201677603367952 -1.8945877672235143738064750162075441816862585953326
0.21423421120670063162431559081015964604144468797952 0.75838152513511330520964104677687033265183064828684
0.0 0.0
0.0 0.0
0.0 0.0
0.0 0.0
0.0 0.0
0.0 0.0
0.0 0.0
0.0 0.0
0.0 0.0
0.0 0.0
0.0 0.0
0.0 0.0
0.0 0.0
0.0 0.0
0.0 0.0
0.0 0.0
0.0 0.0
0.0 0.0
0.0 0.0
0.0 0.0
0.0 0.0
0.0 0.0
0.0 0.0
-0.48340247123887824616513148078116345341844447494461 1.7464238086370291561399960836643224000671293186140
1.2256943537350759108285011527050065708557683440027 -4.4139956424898375083394641818911428811832677406003
-1.7329583581432682803660188194133710274814816715569 6.1845517217285317538921059504216053700557104785749
2.2802432899784815881071771019897099794207019803644 -7.9848369785169223920115768956834924373489099084060
-3.0091588211013851167951577196177863656752907696020 10.156495999742962743575404294064773126401459365265
4.1770426913758645727259416781230262957599579109545 -13.153674636145221392309351820546823243603568320646
-6.4839336652897450340929665255547288436765851329423 17.925238201182332584404806495478303728011644077008
12.685844576185661640785060128201601319867259403807 -27.240236653363105659376222217807369943836636715857
-44.646865877024646238554986345023598119082372796837 54.860813603498671322474174299600032403179468039978
67.906852585682159598488164545754003560631236559932 0.0
-38.653637497605902872562995354362412138812732983484 -54.949113277901474771625126491359387624262784675212
9.8063283804040880419567166678482105880954442755262 27.370022490611098758385856162021654954122087213737
-4.6978440449550020151453640446613433015510346188707 -18.129339907982799901476546016777552197530981355364
2.9842840495160647431616031698429441115451580201846 13.474024789777083328477923910040082377601475322382
-2.2174250209709911937419510194711782290114299283826 -10.651210360963493148417008179727984548010892588123
1.8060707329095966459854853868608808586697678432238 8.7413416641528934580047724264817664130051218800245
-1.5516919108671460402637295878164765203422665566513 -7.3484049979220526344508738945535875092887555542016
1.3727449860404039509054571192953959553045299280329 6.2722370223554733730885934912657214111110814010936
-1.2305782631433606388541431162932062436419128326365 -5.3989522268163552417333540743767247945919344581130
1.1044952779331594460757119778336968249165443552849 4.6565660508806689964342641632588337862960740854012
-0.98177246201333248191780857963379741311087281945450 -3.9938209573453813750229924929407360916043235038853
0.85274222194776067679109678304038153867062668606833 3.3674671340430923445767658809759854851698625765787
-0.70697718374781941812608364636704451115019316914073 -2.7298458946117746566718210001598215286708293960336
0.52590178467985261130164920351546496128283293795160 2.0013224608213148141358409321280917946569410176749
-0.21168400884060987653591715159719977460896517992249 -0.80055064980407816023367462824041746209520807260762
0.0 0.0
0.0 0.0
0.0 0.0
0.0 0.0
0.0 0.0
0.0 0.0
0.0 0.0
0.0 0.0
0.0 0.0
0.0 0.0
0.0 0.0
0.0 0.0
0.0 0.0
0.0 0.0
0.0 0.0
0.0 0.0
0.0 0.0
0.0 0.0
0.0 0.0
0.0 0.0
0.0 0.0
0.0 0.0
0.0 0.0
0.37453049857761905836965010450294892437104594030345 -1.4374056896921904097725828043753774681050966451672
-0.94299210534993542810205276734818026899582849468017 3.6211916915178771984194638086508606224603286915091
1.3100184782780351518928786565914149404509279746237 -5.0329601921019586264946257527476314879797008268207
-1.6711778418918412466939411668797142399992127795518 6.4073029732636301077562114004848680927654060259882
2.0976454141705620344783543757249537503204540401555 -7.9687672722170873410013163964904440696673241500465
-2.6865749978562976014937243385056517921291551894188 9.9573216394369700198496324591141274631203633842995
3.6440150596373995285161993509649254276833070130422 -12.778327908989021757168144672401376071066148606225
-5.5467259110851860726354331303461352232463207231295 17.330947202492000370559026306484527024298492125457
10.678225692894613921774409584130396879666115262306 -26.274800273369057848135122330872548502525079150017
-37.186152437529994822815076503027846959056895309134 52.862970601038694377574742890298356858809683964928
56.682534228421965580026312461921245365858548017525 0.0
-32.465897868195989596981694168339043297475179724782 -52.941793422320890038304692981813004818258181954508
8.4016172622491953927757629461484130667359240997332 26.376902438888656703140835251908585286891473534341
-4.1230716225740945402201998334478091133782093503681 -17.474431982831614757999630192887371935581843265863
2.6775682843593710306323742104751611269947846174328 12.985735712836993725153360244705177152470532933106
-2.0221177285059821429077931208881878661185743197354 -10.258778039593931822704795821872299298102519711078
1.6626009068538235446477246229677977928535346097764 8.4073023033147637047946854446452839632339839658400
-1.4326977517441071849275967330979110903601338838354 -7.0489976569836989824630648649677296741684239856549
1.2637624149712894721632874362479507826546391206493 5.9896490559707553814554900246115205440171546364936
-1.1228429622782688914710505852386591570474492968456 -5.1172320508397467783323328245577800411725638779102
0.99164886999302918184692046539373841867869535205462 4.3584233316805525121446380764481254270801554762740
-0.85776566891949387991275054321117112368920469258015 -3.6564578746911851290255087579354770683191281220759
0.70930961154868027502301545940148314219988788256886 2.9539138455808219812234966372088052711752138051583
-0.52686336797655911180576692286527252234609034817945 -2.1610564900459955940051704756473346398588738914666
0.21194685391574500309564525970555532962833819063739 0.86369455336329224553904629985135572251367971195676
0.0 0.0
0.0 0.0
0.0 0.0
0.0 0.0
0.0 0.0
0.0 0.0
0.0 0.0
0.0 0.0
0.0 0.0
0.0 0.0
0.0 0.0
0.0 0.0
0.0 0.0
0.0 0.0
0.0 0.0
0.0 0.0
0.0 0.0
0.0 0.0
0.0 0.0
0.0 0.0
0.0 0.0
0.0 0.0
0.0 0.0
-0.31074115721609201895389882816716867519769583778839 1.2204571649933308828221777401161009854126920207148
0.77861556029542360138800676538128630320033145286222 -3.0672786382397458590058657097672054107521804562217
-1.0687574730807259785365633362582201312336929536308 4.2380125824490024976799403007536695705241216656876
1.3352186257940150225208538225829131213110862858135 -5.3411222870437811252864809389888262622930085139319
-1.6213308685377734724876592557593517330136662321488 6.5397061869912380024768861623392804139206367896436
1.9721604237559072265343251205009302191854028307198 -7.9800837212517737400365019728782075053097421971666
-2.4648677230429862930964634581625402761291909092539 9.8709065054349116823175733173784954210189115325352
3.2720568408696520048269650629173865426976367414190 -12.597232419455867848140924629937038128743072489588
-4.8827015704076985154230113160896125940352165139488 17.034128994650513661290030324475136496349398816357
9.2387057716876242516262842549672199279514328436477 -25.785755376143046032436744267012100673779130023754
-31.793712759063981352521442628036691968911886833977 51.845668333352130069272555559452560684611148890478
48.542464132222111718447484793482796665240569268651 0.0
-27.965842143544874328389541727010945872241773156514 -51.916473526440605343055741545354887034864632303882
7.3780827316947888553293142112153991871261898174129 25.866773494171775535025727671279193743363088870630
-3.7016125901430411577679950386240414863806556977500 -17.133257176056860289986451700062746398998965144145
2.4488999061326188940392731475778028196189812599991 12.724212088331187934263908007108198675932565161116
-1.8717796929926471041014491540091475661232008323260 -10.038565368332437918448209916412375323337430560421
1.5467661275884214418463462421054167104860633285411 8.2063292613274841643880846864644323116288439206425
-1.3308934112025763209117909744580739553045067403983 -6.8510580808617249318044439833444468466417425000088
1.1646955542707698931263558090707938943902443054964 5.7797343686591146593314661882534164045498871284145
-1.0189390687867383541607054149590292376866209498597 -4.8780927285708972090071089580151925980514937680893
0.87615910239675488126732638572230011606589038538720 4.0660310133093752903183255454937788561178778674850
-0.72188097801263536621644441511910240393671971752118 -3.2703861401386978910723456092957812575120500348402
0.53510044197402327877631360046237109074137325828680 2.3862382690642073486549922053216381824567986323168
-0.21508479782014181959307786026058472035344547786161 -0.95264492155724163901040200479024648586708390188790
0.0 0.0
0.0 0.0
0.0 0.0
0.0 0.0
0.0 0.0
0.0 0.0
0.0 0.0
0.0 0.0
0.0 0.0
0.0 0.0
0.0 0.0
0.0 0.0
0.0 0.0
0.0 0.0
0.0 0.0
0.0 0.0
0.0 0.0
0.0 0.0
0.0 0.0
0.0 0.0
0.0 0.0
0.0 0.0
0.0 0.0
0.27232470466069916337789380064218259432298943559864 -1.0650215805594884349823009988888546071089926409893
-0.68011660779296443711392798458657540785661594730851 2.6717797362985650567296052565069700439569984121953
0.92598887879905786828915888192552505029669817990188 -3.6752207180467124354361108546425018133498585325929
-1.1407362839797963990199956415436311536128435831238 4.5973371352371687541160545302906104680001336931262
1.3551100141947576948135525458876233462684738962007 -5.5655785777845503111082287956283597135770363494229
-1.5941236239883777064076713756341579917860360750873 6.6794276077615411422567420094968625317052598166856
1.8925941649429374123233738474106084743035650983070 -8.0620007014763077142963312767274394284660558786488
-2.3156368957970601241646538395417008364115424273906 9.9107008146331310645304367166481235470451277299438
3.0123727131625369057835812860156857975221759885977 -12.603785858170825929653094178868133228697882692002
-4.4079312660206613468039133827106377138818612070589 17.010544293936637794372061027742384979930267874348
8.1942316247815368122368503017442687228844437659995 -25.725814611871083344268388196022030769377862253037
-27.852194311539650039028725771832195478111170973904 51.705494910765393515669128600567425590613591445597
42.590155332608031983390852646678668134518892097798 0.0
-24.678453288463639530667286018488281147680472272301 -51.768839202936911608127471967946382168706260745341
6.6315952128017838892306807759954863428707670425683 25.788371776082671816214630594749245166486259466582
-3.3924202064497775888341486287983346268829641252325 -17.071781865655493164074508815012265621355940256191
2.2773052525967387156399413983441005145488746525187 12.663158459689603526958730083085057931768733890482
-1.7537013615242559017416576495080274024880301389840 -9.9676419151701096554254016554572523606513221718118
1.4496491641013102224433650019167532556162743354060 8.1159101912685828728971546998652833042136057588671
-1.2390131214569450088098401232205096604867000668640 -6.7296516618666871034039361545010054439682119051113
1.0685655649209137111096084183209505930544584444135 5.6113743878510279316210442202418180417484860655819
-0.91080220098764986701832689120490622899237722665431 -4.6378045352324958045334241583402267277754841646416
0.74645079174215678163724415436612160993479506552463 3.7091476604008511922166110326232115867679541742793
-0.55167998687013835447910509347770997829688399665292 -2.6971823126410928119921777644525393929051893548583
0.22149036476970801172885245298438232047408679255510 1.0752736011766065930448009381555111247356526555751
0.0 0.0
0.0 0.0
0.0 0.0
0.0 0.0
0.0 0.0
0.0 0.0
0.0 0.0
0.0 0.0
0.0 0.0
0.0 0.0
0.0 0.0
0.0 0.0
0.0 0.0
0.0 0.0
0.0 0.0
0.0 0.0
0.0 0.0
0.0 0.0
0.0 0.0
0.0 0.0
0.0 0.0
0.0 0.0
0.0 0.0
-0.24923315117018630045621617572732361500363969175218 0.95265128511392517190661800089138373969787629335035
0.62106254957685837664300024147670858175395737483195 -2.3865339484766276842357888259562394451161824031692
-0.84095997741806548103691947985673541210089790971860 3.2716871162075567303322500114928930290136360427125
1.0263098648301455251042317694283089254223407820183 -4.0693774506917564439612719613926068666758508176090
-1.2016222226556363067002816744993724626320502927183 4.8848860262476783445827364741796953256861689495422
1.3831624808392616172842473377518789287930340092420 -5.7918562979019532298348501592066527926299382096585
-1.5893872839748465692063870858038643219416181350611 6.8711021867867159604960663747341097169977150255255
1.8495534489566270418966075786557750643809610322258 -8.2380411962914047122677886174526641006363527505373
-2.2207076945458137116295204728671143610786538075446 10.087734420945532152476098098736372586535129395816
2.8351499258918991981993811518680227980141261476474 -12.800685105828586694477122628696765814744541956207
-4.0716072156337464166059203397699010479314211633248 17.256315160971889881927007575597711195726222533275
7.4400300361927701621285613182377958028723040419623 -26.083954156451459068551400434822345962623326881564
-24.987199865482409376254475165789294178523018251484 52.416507503430184738136740819093581285964341823692
38.281827157050014487612817743668264701377069039955 0.0
-22.315676644532054756213777341793291316938609344932 -52.472314918914366625594595990090986919749636357138
6.0990132610736661522853063067007866790709864394327 26.127840886006760385139096725665778169900900651563
-3.1704561165981397024719962001573385356843342647640 -17.279216868169001132281740753107518903498450183345
2.1496955819877036054335251957733563806888708043715 12.791644738314867019541288897993742971805809521671
-1.6594859338039254873336216050941907757540490720328 -10.032628180455326851806796296735544472021143140516
1.3646671577946912909483595052591823797974905563833 8.1175347309600577630304050523027677883950952873638
-1.1506687001690969480695775062994194501533990306362 -6.6570316268760049347433651648578555808689951312852
0.96765254990302740385633091485801361009208990639674 5.4400406006387676898693749702597860324619341294222
-0.78673334245259360255470360678405044051137411784224 -4.3183369789972564116302451425461562056102537649819
0.57890684014893576458411250228916045707543347028958 3.1262702049165507724441755758972067095178369623607
-0.23202238654811281484795367193449458712842514551144 -1.2440755773989575997358426852527810558706080007944
0.0 0.0
0.0 0.0
0.0 0.0
0.0 0.0
0.0 0.0
0.0 0.0
0.0 0.0
0.0 0.0
0.0 0.0
0.0 0.0
0.0 0.0
0.0 0.0
0.0 0.0
0.0 0.0
0.0 0.0
0.0 0.0
0.0 0.0
0.0 0.0
0.0 0.0
0.0 0.0
0.0 0.0
0.0 0.0
0.0 0.0
0.23609660790725347310788465106841570417278669252386 -0.87188300767528214146781028620694169140028747853552
-0.58744297108465066047780434680243760999043525652994 2.1818005588010239242711465503291696484655369689870
0.79250388537417661261173950201428432172613699978859 -2.9830851096931487205702409122693226682912973797134
-0.96112336216159324748595523516275494783293029229544 3.6941362390231219004959360537329624695987797376549
1.1145539834454588925679616748927510647954961325411 -4.4058406619712270348104753685864596375981868860210
-1.2648842630584910483236189850564928197888707100920 5.1765443865847501578641349839561715740314151670097
1.4234447320005795059465480073552203149007154283077 -6.0640811606235459166314723300998492713376252316625
-1.6054705409084636964970702459420046228125683588519 7.1432721939690967489367512825177126389390425444145
1.8367834742393856209614925631538018174877155716427 -8.5285149355031137205662501932010739916263244090631
-2.1689156134154059759301319425700755670114681617310 10.418199594207556288343785031450631366135352369915
2.7223464336729329615229866127161762825917377899802 -13.202901869193297972616240873055906752956796702284
-3.8430848310698117551491065191732480259544884510198 17.788074563896404985139620527203547394825254018467
6.9131423924933577276609738171812050892682368287242 -26.883228007412615826281388894182227369542560016737
-22.975654885929463522528219098079890255872049845803 54.024165067752293567558282614398284588390222533055
35.298475341666552199068177184488653318250975212094 0.0
-20.712032693674270093377214836799411036928192715108 -54.071714666928084328452249548083250456439297696185
5.7448619467573204094275979103617820732748772122775 26.905344340412252810773268901732963468928552331242
-3.0217488343641628955798021980671392636597416797071 -17.765140943095923865336629304778932459863917546820
2.0584445518091254523912196995628121955239749276640 13.110731568919456378561140317390526503589014793684
-1.5835180127827552277010533567096618733056743371709 -10.224794005329573149550863405472286777878061174678
1.2862095780004794416774692894582111453260134883045 8.1885866227326833556326176464744789166807567792127
-1.0585236224788833528743902831540072502876021361667 -6.5877996764980071810764533686722315716790537753281
0.84993309709749180830950221723417590004148797883352 5.1769426403676004042306001086435963645231391227935
-0.62120742245053526035844742777179504557239057830280 -3.7258074834873388124927194575116714109101730983771
0.24832502465283048746018302510037913386525825124696 1.4791057166525809994928833586817094630885149581583
0.0 0.0
0.0 0.0
0.0 0.0
0.0 0.0
0.0 0.0
0.0 0.0
0.0 0.0
0.0 0.0
0.0 0.0
0.0 0.0
0.0 0.0
0.0 0.0
0.0 0.0
0.0 0.0
0.0 0.0
0.0 0.0
0.0 0.0
0.0 0.0
0.0 0.0
0.0 0.0
0.0 0.0
0.0 0.0
0.0 0.0
-0.22998523851335018308054141460424820695381196258487 0.81554243408695836885173244382345914378216108499367
0.57165352966046703351039193176964840535873125129108 -2.0390398053107673435390916204682231337012096747533
-0.76928086945033739195963309741409034615591628362356 2.7820544923045361549435113401718904725330650941725
0.92903854760050073235800342101185684617254631063582 -3.4333284011680789524303549301543560330691865837618
-1.0704987672633057939579217966840315116944205009832 4.0742490343764006599365503699042980038480983236484
1.2036464979828599512054704920064393593753557000971 -4.7536823209628670609840331246450317138397010394381
-1.3364246031020286813969138467790780877265684943416 5.5161062546443443740791114235575843673712323726961
1.4779035658574730375694773625231937235380978516853 -6.4143368610037603934320419206503905781547091811876
-1.6415149116753844760737435589434734800586846548102 7.5226225689496968659720356734133498880113146162414
1.8509352048026490007664421092622517318096565794456 -8.9584846975086005978234291479434102799286502784972
-2.1541305587644001363480469369168834638625099921704 10.928516653181134421025607213645215963824187835962
2.6639298934825400690302702434414249478848297777947 -13.841484034620118074034544715682658377379374884504
-3.7053555183791695549649540386827233695447965820232 18.646575982599604946907845015308745588858601686422
6.5793072215872645766888197457521179028398422832841 -28.185394073979365027388298955910275347999450008311
-21.701286088764210613366102629927050502768588857811 56.654301712038817853139833718500928326778355059755
33.485906587592137054238763426660401022456263872732 0.0
-19.796061490049000441293742142942930275066140548852 -56.691925113202267422692381405112564629948457468342
5.5558847387307543402379397929288335963838429344911 28.178455238099187783316789151142274470202716727273
-2.9415132690308884528437233731743737143876198742712 -18.559996865190893488388480956750250924088499340821
2.0003806776734973609841175606849319658590568699029 13.630736036994550919800446733328307794055262711281
-1.5219501329806395952407396857981729065857461786995 -10.532270211896988842039694233653656842444471098337
1.2078938944138019007994611702492270348008847915806 8.2849817329658642067217906713909245094555822230456
-0.95031061641300092961604388807925522994067671208158 -6.4197561383711046169192978431390303834008033924028
0.68712196667486584490837188863840119617167439612729 4.5831206466902748892775696644905758838108532603902
-0.27353872943017879509136661176638685769262074201344 -1.8135520057732327677887255788394679268754681671083
0.0 0.0
0.0 0.0
0.0 0.0
0.0 0.0
0.0 0.0
0.0 0.0
0.0 0.0
0.0 0.0
0.0 0.0
0.0 0.0
0.0 0.0
0.0 0.0
0.0 0.0
0.0 0.0
0.0 0.0
0.0 0.0
0.0 0.0
0.0 0.0
0.0 0.0
0.0 0.0
0.0 0.0
0.0 0.0
0.0 0.0
0.22935583343836686332949001971373492037957067221525 -0.77930040623264292609891774969196050744114555007896
-0.56969264663282032983387741422265522866571474012695 1.9470753759825039342356146300143448772725201944378
0.76534298340500094646062597476522346534247979512142 -2.6521507376280585548244543107833004140116512977052
-0.92165657671598375389230727985119738221284237243014 3.2640923510546905212636745700303432976194252566684
1.0574665258232875952746725408171263013333626464319 -3.8581499589982450121898171118719041252646921318383
-1.1817015104540832435370764348285077914895555650773 4.4772115886850726107427914106582809513255813888468
1.3006039575170148557674637627962423413174264683352 -5.1576518633178509486737730905131242189446253509740
-1.4202906013710546078015654902705325473924802481914 5.9395729114833581455537288247998241279795997276165
1.5486731270758025832873362249552928030784382378445 -6.8754188431522326496271123647719512420104214193005
-1.6981983001498982702464612808770134003631689804868 8.0422207455541007751725047138277976700416452110663
1.8913854462315767525603766814415554818012569199961 -9.5642009775210704793291164257754821687533160097205
-2.1743674244035694958999083759431199040231626451752 11.661377461441247654426840135460005583734256906280
2.6562438083592105730380047555536871355146036832493 -14.770280011635466712325309686977171205502982284550
-3.6523196506760179475762655021404249759935043511176 19.905408242528075451046641024826759435818514017227
6.4278952531219429373256857826800322335420699164513 -30.104245632389073426866369331699887337475326339745
-21.140012466067338327659660191617194747658205511160 60.540729489090176162253468517353442196039275586938
32.841205249905642069590150820590210069739928018608 0.0
-19.588519337653376709409005219055660090011592947360 -60.565002692488524508900827128270423549380468030413
5.5420318410990684343462468578659503095693094019911 30.053299422379913982231698379904073535763696049932
-2.9349144462961639392209682563383532092641622494476 -19.718147644572318168854001189983108321905580488924
1.9768485993825626804861830732510339180165054881627 14.365566683160118064476223050848900672912691353882
-1.4714102334753529705272655102476072087140998348854 -10.920050861187896413631989582780306421094615555683
1.1180998641878147595483977359948151872757769137281 8.2902287154716568499441929472442561344640378652967
-0.79405267483849609235049569094202944156612524636002 -5.8512121097680750568398566577971652865232623342527
0.31396218849700457010032081959832765737179305427761 2.3048592265416601720949536554592434907600954317318
0.0 0.0
0.0 0.0
0.0 0.0
0.0 0.0
0.0 0.0
0.0 0.0
0.0 0.0
0.0 0.0
0.0 0.0
0.0 0.0
0.0 0.0
0.0 0.0
0.0 0.0
0.0 0.0
0.0 0.0
0.0 0.0
0.0 0.0
0.0 0.0
0.0 0.0
0.0 0.0
0.0 0.0
0.0 0.0
0.0 0.0
-0.23356079199001275068669908244070115125697862551635 0.76094845216318964548083046441081473028830096216476
0.57986007935749256780713485548353114657237574565150 -1.9001683995227179287835700230950004653940161545992
-0.77809768693675823988010834036646542925061328534458 2.5848134530374077906482554835374009090574863337110
0.93520111649141980813782783019374307400344520713022 -3.1743211012060964686912709302765948900315669422615
-1.0699126136109641458368157832715942723261469837356 3.7403445525478503494130100850151998556585044284856
1.1906993878474705654746428822963581695294151965015 -4.3221025650130646393044761757640828752019664175341
-1.3029461770491769768465971152864647561971263999986 4.9509899939538918157560896082753411476413707483956
1.4112746676264668784344465597000797543677334850619 -5.6594817346488174165686658606565758398038562888951
-1.5209197625587413589305721221595006172114065548518 6.4874631923462391693949103193883049309066431327225
1.6392514965528820236636248759004190683300763496469 -7.4899373373693598819507354929125087121663871576944
-1.7783589552642808595023662311521267002849284683686 8.7496808686085486384980306615227447637085614416304
1.9605398384362000327118390200672694932481171713524 -10.401595404239625423066393651397441514108856069969
-2.2319021130859646321091321729911019737997979490226 12.685626835355968243951830984357841234961774155593
2.7020713613327212936199882905389117825953676945941 -16.078526281281021892190616939175757950400561571656
-3.6890995479434377528419560896002464621329754556528 21.688557525700847924916106409818958737289213579484
6.4736988009530260597288622687524674629166939715289 -32.833444260628224447558688226436175873034283480388
-21.373440014435109745858797521876300537411496881066 66.083731481109384009550122699847369114582779620006
33.548531164196541054807530802358883758995411367267 0.0
-20.232729856642082400616218745513884847104195625620 -66.087489825656154820044647418712123217909479428995
5.7460378501930095220590425143782050671312049991374 32.707180138518916358675343950195740483292538841544
-3.0214428013713766294761837614100294268779876116321 -21.321429082578292151603891694480953208757741047064
1.9945820675541691454469355997339949561854957786769 15.312596587043204845482641290483069522423748514118
-1.4245730842385688752443528648667105033651015021296 -11.263285251591717763551932546782617094210274552122
0.98072085242612839355045601914393520410406098605780 7.8159029173803505170765445894150533636187617076650
-0.38329348281969717153652065065209542127177917808863 -3.0585203938598600269207392908933924364997869016924
0.0 0.0
0.0 0.0
0.0 0.0
0.0 0.0
0.0 0.0
0.0 0.0
0.0 0.0
0.0 0.0
0.0 0.0
0.0 0.0
0.0 0.0
0.0 0.0
0.0 0.0
0.0 0.0
0.0 0.0
0.0 0.0
0.0 0.0
0.0 0.0
0.0 0.0
0.0 0.0
0.0 0.0
0.0 0.0
0.0 0.0
0.24267141050995863172866145579491815114897274073335 -0.76018535416387668015511248080735237158825043611468
-0.60227975439972119003946646186949058405206056791068 1.8974221057176204086718797312982870156265760612882
0.80753414456432028311675627420004642337935281798949 -2.5783399527282126003132963148081645174208671217642
-0.96928874716513953799326194309884090304090888705350 3.1609163505656018898453856799272903220270344823779
1.1067271353127460086026161466390138172302573139883 -3.7153665130593636246275567788262733709351970170474
-1.2282474531113655031755027405638769847065159312104 4.2789365503223845453343234435471301401675222429694
1.3388480378393093779272237542420016200785287278343 -4.8800834522883993434504305796024778484940548000264
-1.4423874082831475148097948078242125682854042656316 5.5467000790346556495198896709310533680362869871550
1.5427309882853610545993034879362691474865045667649 -6.3112351114188474341224018916479223413013954379070
-1.6447559625813692686616501633940163918881404750669 7.2160862358038082278419658654161292376550984844730
1.7557666244425450414582612183862225039255953612330 -8.3215213397813899843607409876400506144969151641430
-1.8881252539281342177887909802766329868045805999062 9.7195280025580456149906573856795836740121344943377
2.0649946031706451712012110544156427221013092713606 -11.560942578252692715501604157933473240940867229649
-2.3346938186466418953597530757918931867665959583431 14.114681251921166917250738994150797639449667285071
2.8127924748783774546999023318071970933116725443733 -17.915356070580528186980026970899603918307446894899
-3.8362471698327685828088221115287532882488878828428 24.205478246797584751056945417663751612346109226998
6.7682803742433358297224728475949640102999007155706 -36.702993142928866954898233708630099000676392669152
-22.645973264495339687906156391444526139384812871786 73.970024722991201333654498073335046034121562554244
36.100642972053703779991558519926432686723524761248 0.0
-22.086184208193706020523519725248796273482297219350 -73.937135991879700780933558009472293423949349007090
6.2703588947962336397730620979447543510669097298632 36.430267927480833579363016989515088096836998308088
-3.2460830677320940710756504416657376020264905291064 -23.472178502019675364042180187429942610619956474176
2.0648881888013310801192609477416514638040447140340 16.368897251323314040599664421681869692507926435136
-1.3443929104598124871808507346959995315419015888067 -11.058199268106779539024648041675705956562551953435
0.51480980010142698555308902661261876636730456421731 4.2836915940525511396421011229389829160685760608194
0.0 0.0
0.0 0.0
0.0 0.0
0.0 0.0
0.0 0.0
0.0 0.0
0.0 0.0
0.0 0.0
0.0 0.0
0.0 0.0
0.0 0.0
0.0 0.0
0.0 0.0
0.0 0.0
0.0 0.0
0.0 0.0
0.0 0.0
0.0 0.0
0.0 0.0
0.0 0.0
0.0 0.0
0.0 0.0
0.0 0.0
-0.25755414036197865578577393806622364859566506626187 0.77894719852742147574456514105477121168565376832164
0.63906989065290684732449051532895230612432410246418 -1.9435700040389338157961930119475828247398009076247
-0.85638571553875649330217758530279251233750236532296 2.6388340818378814286535979018571152412448188380807
1.0269798645245295639918147058931181056048678003378 -3.2306837753115083756265786946919827182347191984530
-1.1710121469252528571588963227931291511262655616694 3.7900148401060829781480745626325985162063229464579
1.2971287834714263298658861444474069499982801092312 -4.3535393486245185161067744175865055462280078486719
-1.4102491914311263317938399805236194491361389543867 4.9482865845171680501229039820031971698184491603918
1.5138805953861416369693906996315227809144453667895 -5.5995961854746151139197396683625132095328784027541
-1.6111844873006093762777716863144913293454308758380 6.3356179189559322497512100018138685512259836732913
1.7057540012036516669179259085790358389599815116878 -7.1914804271707087260969150820874116884145944079400
-1.8025224424901791898096566672036047975403960895175 8.2147957683710066859413479420104538509488352517556
1.9092387882574399363668916007493796824745291974214 -9.4744871327148569479882681609002974494491648095676
-2.0393521374201465854206783585311454191155967448062 11.076661952201751160396782606314184231715782479808
2.2184181154597564672221376327492246133866177319108 -13.195954777087686764276869093228505069320294780973
-2.5002407643260462718271497335158581164253285081332 16.144083346444891826714491012759801689654772995684
3.0144544466063130188900318284278814800661720333866 -20.540706734391748694085004234514905532131590847197
-4.1415706611606765268916065046180858635020056141729 27.825036562907169616252148973955086620935694464321
7.4313085712967361113948512435597608483500758395928 -42.299955977170894818344942839963527752416006931116
-25.520019109644394151144569017519687342588403502339 85.432463373421371775628708347968671114956176667170
41.627852084462945284950807042470445793325685320072 0.0
-25.968138862505217826783783529955659275815474901771 -85.322126029642882031790779570131001306478967268900
7.3489021650924125333156779389536265067445291030864 41.696368454796380250066501894381109725339595304540
-3.7033957159524137979517895991260418084930826728736 -26.211883407683348750001219410369409713933105658338
2.1733879208324908228743895320064890612532295568477 16.902412787982241677107889630042081488685360681347
-0.80219013672992747592427678723051996801933054573927 -6.4390613470773991803963371562414143202413850096350
0.0 0.0
0.0 0.0
0.0 0.0
0.0 0.0
0.0 0.0
0.0 0.0
0.0 0.0
0.0 0.0
0.0 0.0
0.0 0.0
0.0 0.0
0.0 0.0
0.0 0.0
0.0 0.0
0.0 0.0
0.0 0.0
0.0 0.0
0.0 0.0
0.0 0.0
0.0 0.0
0.0 0.0
0.0 0.0
0.0 0.0
0.28031467708320117403158453255736814439599971733313 -0.82268845936696403005397237453418147013485135915583
-0.69543475888569085994481295339629268083159133253408 2.0521502620318937536052148404802519257998995353658
0.93155851389361014643086827451832110161947851902132 -2.7844412902420613803375250718656750877781969846349
-1.1164176105652224889918103299055240260595013723625 3.4053573180535480519581904035759610171233466680670
1.2718100004884466129835095509539139278985149380474 -3.9889459783044633891571972556012885511989831010026
-1.4069600385373354765754770036884639086115324684591 4.5728584357256922477193852741092233921119452375086
1.5269608310794603111285501160628026839961201529952 -5.1840300666467683647239764404690242551881250312775
-1.6352430311582058137015132275831531080248231467252 5.8468252681597494065481371239020147892068731898265
1.7346490688825680155960170362630684531182323051501 -6.5872985960359176894426492734539808287962929238322
-1.8281208186627910390586772030818086586788551602930 7.4367407119590814504762903969372350271515886874938
1.9193805678626607908792219206624746407969810965339 -8.4359225351668016763570376250941280297722981534390
-2.0138984083564128413221496636921061636898719352330 9.6413843406568390073495266123691789479703651670569
2.1206012074187848307337579155771510445316261114026 -11.135944946004726439274189872072607809153851198789
-2.2553215819542903297662663705381054815366625279619 13.047845220469961198387930001212468663086280275103
2.4485674732293787291299901863081875566024729185440 -15.588677925501332699304194872302890724126912007971
-2.7652729811473792408075962010187782517758508601449 19.136370907280320119627048585693159518870611492126
3.3634467145633330593303055509414277149142915351171 -24.441840451720319563646536441703741909153894324779
-4.7114295609157588716888780475013742521743894908090 33.247166292552004508218638895145295336242711946851
8.7356297218100202167803855996682555338846945700287 -50.753288068552527211762120476157934122619564728776
-31.309947381717180363168317271273331478001168001882 102.87342079572660249896353233600731006183062822926
52.853692878754700534805989466219411028953215636207 0.0
-33.896893919807147969097019364768920294059846456468 -102.56301259908703611636939428611495009488556063327
9.5543321572395155265534873286717399682745243244877 49.234596585682920659185787363056839432881929047948
-4.5514135155036440689040941469439970685528396097182 -28.906386664376184775682318222892092972325560798168
1.5681175926225430402413394030312749879006293204879 10.679423824443799438858591164121889061976702030577
0.0 0.0
0.0 0.0
0.0 0.0
0.0 0.0
0.0 0.0
0.0 0.0
0.0 0.0
0.0 0.0
0.0 0.0
0.0 0.0
0.0 0.0
0.0 0.0
0.0 0.0
0.0 0.0
0.0 0.0
0.0 0.0
0.0 0.0
0.0 0.0
0.0 0.0
0.0 0.0
0.0 0.0
0.0 0.0
0.0 0.0
-0.31563930410453584825861578089830832025722303290798 0.90412227039875793638692660901018767876369635180315
0.78298649399656141712115817883527094717212096078478 -2.2548197898135848228749377684925529199550315959995
-1.0485611772663360018910872863168194245968428310984 3.0579334660400131462334405934032337067367467685099
1.2560946515530797910732903734541636320867192820067 -3.7368795325552194435349303227427551539382920135883
-1.4300259132783267407462565015626791900589200555544 4.3723714789308097217107774168427604035641279143984
1.5806075160285592396762571703512735414783425159384 -5.0049029950769347559620132282081403457231662559132
-1.7133901589601103170331746556274670742024315279157 5.6628261299596889172252320113295041304951345635852
1.8319704378417525675171096533811458153738926101925 -6.3710901508942505862419678384534589629577260363696
-1.9391471483943140410118488936029352416810316146362 7.1555841928329419820555975814086574656669023713010
2.0376015383359785379412053687069163586586403793453 -8.0464600391774613342889203964125579208944326112529
-2.1304889072199530250237614816380619655224009705879 9.0817844826542646003818707305267244796124546275241
2.2221827204267764661157255868454729798260276374225 -10.312583449488495194627654761181505249611098535408
-2.3194731310092336918250295114271632864034014812301 11.810756489915866296608989062211172467833146722885
2.4338010061004294352138664317601008550476384147426 -13.682572622155185598758266192421279456883915760409
-2.5858798141451309418668945285639233933833038179932 16.093413355475550082518233287040010258824812930019
2.8162669480470303012519656437819422199334076713068 -19.316862455910234249994340020242316642026071218705
-3.2125682249787659340530764896755374692014664256639 23.842031007861601863621929475587206028073946210050
3.9911466019807909210597908816378769805471286988627 -30.640412761166257900393026842194859464154838885165
-5.8032180937385434614849281873057988362102739988956 41.962626383910973123487780650338887022453216940931
11.370286910560824710958496083849411256063465342434 -64.512992799317087352057955413211704019579498266202
-43.497805715387971057700386970695302248426405956554 131.61282582924513469988403429598744251893240974131
77.433930484181376550381337432894800347420121365351 0.0
-51.764780468389566977635914784635112553387177057639 -130.62044921777524528701197650571866123401972163106
14.432730501299764803960796185369066591181947300824 59.486784773680376802493915540644001374557254193696
-4.3057997017704872319621119043613613511040255506065 -20.560409633898826872639441848594226802933673662452
0.0 0.0
0.0 0.0
0.0 0.0
0.0 0.0
0.0 0.0
0.0 0.0
0.0 0.0
0.0 0.0
0.0 0.0
0.0 0.0
0.0 0.0
0.0 0.0
0.0 0.0
0.0 0.0
0.0 0.0
0.0 0.0
0.0 0.0
0.0 0.0
0.0 0.0
0.0 0.0
0.0 0.0
0.0 0.0
0.0 0.0
0.37530661454454989945495855365195500299234640935019 -1.0557367069119522895286463833742027291588686751247
-0.93093282350908651226287821672503227012462482143474 2.6325541138899772791013429556148324752506936054263
1.2464733168059792851473794497391917556824119321874 -3.5689724038753095881420542844660654980102306375830
-1.4927554504758768148193328174011264406030940848677 4.3589486251636975922883132107738826933300742614914
1.6987580627984718635967982915257446568116761351114 -5.0961963158866320004240121721074635603789417266425
-1.8765721055985927523244261500822817269867869473204 5.8272952415911549843170881338128936430896897855281
2.0326630736982138954846813609715580800957992602010 -6.5843685899250850457660152732870498086519970236549
-2.1711164658522454298834065245305122720103797216325 7.3951305382018395169646209685656334268546881855821
2.2949776518881105406742076507778934768522485844931 -8.2877115362096364658641225973452394911420827577975
-2.4070006261129544669961944987866441898284720853700 9.2941341369599560772535794914603632635057270826955
2.5102430548373376899743318781660039897289982692165 -10.453885855666587610177309492239009058671045053156
-2.6087454177239501017240702830294251476576633552827 11.818575523021209483404434103040928674248608207616
2.7085432183834212641943667614969527187024991580989 -13.458873448461339416233484620062025676815595466989
-2.8194376144512974511579681977974624943501805488741 15.475741338869842479425243838576353061138280572022
2.9584336602627821908972423621635077323217276447679 -18.019819932669838491820693742380973943817033875601
-3.1570388438523135963746668582840438451422417762565 21.327152561335557712721059518603146757011785136299
3.4783116727886826581489446625428947595956766808412 -25.790182285783028895535980468382280656979245088851
-4.0616249391027037757407977413484527856896883423661 32.112947226252270351282082515678387506900973804339
5.2598712690704118064681183891999752991469071373087 -41.696345993717582060767271762853091259532831426676
-8.1642893820774278954162435591523682923493856528256 57.785183599955984235731411588632743382800631735389
17.469363938408379809096072170570896075865647549333 -90.021685656417143231149801272701042658051939776901
-73.757075545266023426249624480809152380483537418271 186.11461796105165921537962418662188716485299840236
143.94910091751117061712554143624286249456777215384 0.0
-102.67312835959273734493854410663304274950285518226 -181.38979795497727168080432676923408650555182980940
20.260589276314731102903924866788548946476353986040 51.264641043784522290572233521119001950666730251721
0.0 0.0
0.0 0.0
0.0 0.0
0.0 0.0
0.0 0.0
0.0 0.0
0.0 0.0
0.0 0.0
0.0 0.0
0.0 0.0
0.0 0.0
0.0 0.0
0.0 0.0
0.0 0.0
0.0 0.0
0.0 0.0
0.0 0.0
0.0 0.0
0.0 0.0
0.0 0.0
0.0 0.0
0.0 0.0
0.0 0.0
-0.50035804807749097966690082729076475811706001004421 1.3912104480366218782469880601972674484639116896912
1.2410655735348527495164605478781748703358595669449 -3.4687694189189495919404092007447415980046337394586
-1.6615573870506559943526234616285993272704127504176 4.7016260009815910632224564498512279498762660361299
1.9895224225587649905627907816875057529430211413940 -5.7403229856177336218966784415227029839253896598093
-2.2635337724895848645062721249853988742786553563275 6.7079221864010634542446790601879867688692855124185
2.4996354265950609635465133125068479538001266750909 -7.6652425763057950807472422782190249570675674179674
-2.7063463642180383387766582131137784269036795666268 8.6538367033118093408113261979996760636265465867604
2.8889719873949725654630981357769688101716659544404 -9.7091122839294530120764858839875909039304220757788
-3.0513660547360272964486468869665851700243337655058 10.866507742414822138840591869676323286299805096551
3.1968879032151885976880557547793150701782391705502 -12.165776484914110190488066880131405030832319325516
-3.3291233864317915859067149853571421794868730947286 13.655198174135378739021645114007282267105828972580
3.4526564697785501348370792094622504816523133055872 -15.396849547953959404979479311506835224728146109007
-3.5741582266138243374411614060314368187605741718637 17.474181737306138314138259854613639780954188575220
3.7042097677503091799055299900366280155015548710406 -20.003841424121643834320978326246479548077584786365
-3.8606967363706841235113698232256629006092840021051 23.155249393354453865500715134697483826681099206895
4.0756805386753486021059021608282128688335456546415 -27.184890793857370741929236913051549302304842389475
-4.4105136550403297631794327529341180025643313436909 32.500175021661298710753386203894756672153550554605
4.9924353595891976695580812792383322334714336643835 -39.787458373416397633156490014125582221765484738401
-6.1144408384215915865819580183042903425595930651882 50.293857307823874133363590590370781574945006993755
8.5547530538155776940733885094950358619093060091570 -66.530215811384817320642511755171033228062032746993
-14.858501428414735665663472005541030802157744823177 94.367515955186631295530863801073561245866429858866
36.717218407677412800903974315757291773123017570099 -151.33583133898471828355532080860721381823737979952
-183.31953766054615239542921811685581938768870106206 323.86559588392590179235813820459281236618561575906
444.41091550846819915325271461092624703474882016717 0.0
-287.95084252108286888034359212497904039271936882300 -228.66075479865736169345519783857549368586539672795
0.0 0.0
0.0 0.0
0.0 0.0
0.0 0.0
0.0 0.0
0.0 0.0
0.0 0.0
0.0 0.0
0.0 0.0
0.0 0.0
0.0 0.0
0.0 0.0
0.0 0.0
0.0 0.0
0.0 0.0
0.0 0.0
0.0 0.0
0.0 0.0
0.0 0.0
0.0 0.0
0.0 0.0
0.0 0.0
0.0 0.0
0.91921620377968953568386837681071428880887385054733 -2.5431259512425658538571808143364887659709622696744
-2.2799434108347437042395969845851044518561725643037 6.3406544111570715602866425516898825995732472227138
3.0522968771299773318710763561250922608022226899417 -8.5934518277914902956817780080820164986730846540725
-3.6545248320285616577114320214883254505795626508275 10.490420847723168701184952877518144579285586504344
4.1574451590537535168217766229347872520522908095249 -12.256190920492823589106971331141835251418866655981
-4.5904770234577096041160511077969679722587298316338 14.001513729738484755330943319708297391638415129330
4.9691972951422788271308790980717965196601263575292 -15.801761271378850132296475285806626308944362985600
-5.3032502608314234476190533387364786756791778997972 17.720824839245958742808383984721396008139970030495
5.5995674562022647632959324115717275756474194964453 -19.822270605670653003099184910078666391889630354990
-5.8640978208260558873442023572998033722121118839482 22.176957752683934562963748917909139441546303011390
6.1030826775869860617263918485839976127468976411138 -24.870382220691945882176467558732869892025309762710
-6.3243830540495132739539497754688618059370329523806 28.011702637678190293277050548008241790447161471931
6.5393077234030025924130372317426651517566528385254 -31.746504965380815453509527214726657547734519418673
-6.7656133138634714758791458841516657305686272108742 36.276388736124882714296417531440055257938511048616
7.0329888778040675184076450444579572945997433023921 -41.890800449359566067629712025091517381971191040460
-7.3939331431248339429523858502630915276189941188009 49.021512639912905022829983433065947019653695212854
7.9470802169321935836518338858098275018924103092312 -58.341105499835122112000341432910791559597886071326
-8.8917832381017421215642371791314171338557797789892 70.952681406034787726080482152454116893048311642904
10.670081347559551692884438484406297803308282879782 -88.784902244270765511541635078260394053733623592162
-14.389242686658386390407326951282957677463624717043 115.50031863402432555135647998269440768027781060209
23.329086521579485250632771722108548100301535772078 -158.87915777055931816442329017911879639832415407764
-49.918954976411093474993559835560347932058186711698 238.36551486339258457203342233408707662959379767288
164.85207658588512188242649242605097579321574250490 -417.11928593199696871253881529033669052344703234523
-1312.2263209168365517943908395967889340993581982264 1042.0343221796267383829051486035715221173432483351
4533.0045919115216082647633962120244877137231625493 0.0
-3703.6192388777984013397138985582917020513473313359 -1042.0741084137138959980549049607894568519118445662
440.83606507328593501602082258326787925247506779716 417.17294312838169989109924799972177723233477842197
-119.80799096411480305623313358956145335337301572451 -238.43047869151266860654446443523905272510385807832
47.021599478019349704753954931565620090177693730527 158.95413440765382011528408261612847170638914360367
-22.998631757581639276300371379394589872452287223828 -115.58452420907462401385928735698653630676318840247
13.151373403417700455415793159244467364857672482749 88.877783067924033071545596885460288261608088829862
-8.5027226297095240932249779376254565601386273449834 -71.053771642623240632805128924990652999064261522889
6.0784814337835387055850890454454270391582387491072 58.449939667684120216957622312489952639093490069009
-4.7154410737446537848756326383092895718513377327921 -49.137565468388296222053160875673233774307038482599
3.9001895676255965889770737723448077773739262649356 42.013443182881674877306785299962741302760231910904
-3.3841558152819325290268530347193757285409009722159 -36.404856997864508554154229202986122259435340695354
3.0378190230484524499093152925130486377441896429439 31.879875703936297733755637060995606269698851375268
-2.7894930274617992610541661451928856564460054811115 -28.148878622699888560547344966915124682566653747128
2.5974032864464221386575306560679535123099890069566 25.010082789096950861450478119066424071388696667885
-2.4360435766958878905479133121296708735709301895378 -22.317714307581246348844888272605807175429243844084
2.2890973624038788010867954873107214340412708224995 19.962424775492394320021374531031712231512602220823
-2.1455439623416119317533437665523805862668672212431 -17.858526058736128522081817815292545361183878535458
1.9973569491875895723337657156300330671953881328829 15.934958367585824624591445942276828793898939693054
-1.8379678146753551635085579787682556351293203035332 -14.127930620654589755438717425315428691883152100379
1.6609603276508915957973094990026826976162663225094 12.373266211881376293900245997537624527371298461343
-1.4584056039840622034453273822836516823656472673617 -10.595163422842071794973441455434498934585213521577
1.2174631308458260381109659283041221256080648082958 8.6820725973863427044793588999776020890779476417357
-0.90922594331561300205287561085513267685312564704937 -6.4073978741740515459811787368111189546050547549059
0.36655911386898726564306286721302185745869746731373 2.5701296467667588141919031951125499309510746057122
0.0 0.0
0.0 0.0
0.0 0.0
0.0 0.0
0.0 0.0
0.0 0.0
0.0 0.0
0.0 0.0
0.0 0.0
0.0 0.0
0.0 0.0
0.0 0.0
0.0 0.0
0.0 0.0
0.0 0.0
0.0 0.0
0.0 0.0
0.0 0.0
0.0 0.0
0.0 0.0
0.0 0.0
0.0 0.0
0.0 0.0
-2338.0213105977208023949831519193248026333229388410 657.84070001526740166291840347600674842663107679365
3543.4237347406169078498746950977480635780500245609 0.0
-1398.1662532173139733633859963307575611813539780605 -931.85810345448445340926749303718331194414906210112
253.64611152477470047736600399640390245602765504679 435.50106524763881386957283222337238176577977327732
-86.936351224274286452446786500715813597357142654837 -271.61674055767546428059234469451230119066687227907
39.889932868149235741744341909465903289446574365586 191.54223574833563628535398116030894214350674125393
-22.003242197538528356260053013012973194524346597623 -144.84321410731124034472898208568105391486004674240
13.908661677841025469819325249779988397286727542939 114.62877193877099917214183574597825604582227480731
-9.7964639161033035938738026857479741914388048422878 -93.675115277646843162395326549808612696103610314150
7.5243988052945296343484239529066075683828575350445 78.394148746860444096379255883904482434486769718583
-6.1822626216687147651696057922434574944172369623025 -66.811037119023774982463450323727204707108726432023
5.3407646001914853628670557478610632683104721453128 57.753435811292810164187436045246722004860683639624
-4.7803961293678638125869288719468665646732351459546 -50.483179002071528062292867603085199189647051643357
4.3813666239529441013139330194224976526436583344222 44.512564102784112362494147875371137109441335310455
-4.0746271689984912194425171036001557658290596651988 -39.505707135377865088411730087767800983595834132070
3.8183870059561585540140511355070185748063420199439 35.222221913577620128227585898511550956157512651898
-3.5861094000385920511870596971680363537578058533267 -31.483214264788871000628894505311795757972445363396
3.3599901180845381421635980433618020826428742990177 28.149480866166620931310110083542350245623550953241
-3.1271473299775164758936151812077602962784350299391 -25.106335475249957241976376168515329710390183150119
2.8771113138063517996085186670208176579074043658286 22.251467998589331724606887409685453595893915668683
-2.5997250246817280848173209546494560792485392387244 -19.482561840403646185079411306579780112132178094553
2.2825077037077631875555807313270219711461481403688 16.679394885891760933782689329991399025235085732078
-1.9053180763303548009933561904232035466616965340403 -13.665737133601015932016271605486343359996590870855
1.4228871943094994538197030576373404027750295602766 10.084451017939473313702717350109517769067114330369
-0.57363731434061818626757695572825952236872467200336 -4.0449132588374352173250592190445561303326424631647
0.0 0.0
0.0 0.0
0.0 0.0
0.0 0.0
0.0 0.0
0.0 0.0
0.0 0.0
0.0 0.0
0.0 0.0
0.0 0.0
0.0 0.0
0.0 0.0
0.0 0.0
0.0 0.0
0.0 0.0
0.0 0.0
0.0 0.0
0.0 0.0
0.0 0.0
0.0 0.0
0.0 0.0
0.0 0.0
0.0 0.0
156.06693870503716452106838519290114551067524017311 -147.68960460118781563399874368300818296777141763029
-784.09823473506988266086565334695135827128654402590 522.59042317814059324104681688326851256600161489776
1056.7464543248749497723711520915777088411687084648 0.0
-505.61237139727287906281535649491543189255708299688 -536.32846313229792266835784791658342074656541616024
103.72362229595421123944481875418829112099423236633 259.46815323278944601974759148928660378602204380073
-39.210896300521236815243379635848895301258895378855 -166.59617766010485491424552576240747866974703174825
19.580541541600348903271335982702097556502185310610 120.24973499309551867802706187475439473059322257336
-11.663675440827704276280936317352674125858061255414 -92.646824546216310653632326939349723101938735860035
7.9074287469687877683498452060925225651910528931171 74.438204460277372995020212579474348648507892314214
-5.9220848042855504595347712229906094500064431520007 -61.587401984107708980911914036860320956928628995322
4.7851115501535316370298528820149183316712207509796 52.065754173903790253712741605080582638393123024114
-4.0886618015856383234584568146673118349147190894882 -44.742357807390731343485042925283052523380403252630
3.6335746985723590936472478664764877592380052338252 38.936916406600591028636220672018673537822991954977
-3.3148125384808398389503892754411700331880715019712 -34.215185350487489185247179015347983560609694592614
3.0733999800851760008217134041914820571899096786798 30.286049054951988609442720719427151250160579298800
-2.8743846764994757572673108454939790135396039335419 -26.945665021311139655882235502917087842257992958984
2.6959596292588876759631345176615083135721775968773 24.045110204534687149056765715764741813777708407867
-2.5237235883172517229278687745718864546704272678584 -21.470383612528253370588887572508662628736418873905
2.3474172611840444922984599793004708281168850809824 19.128982841960103113495361542638658889962517293355
-2.1588365364513828091067648636021288393777379828703 -16.939590799129398807109950719922465667289498343591
1.9501510682351787973090153372169729218285593029455 14.822018109316895143245218960100037538285133096832
-1.7118690297969743837714380804048790707491204370743 -12.683200756830746474319044999911960196847150598202
1.4288023214564825552824465005098781364701118600097 10.387985554654777613638952025711629113491081146873
-1.0669493238490112553927019339339580302781843367870 -7.6640319447190852222495240643794109366791989216795
0.43012829373056309724288260761108650696054715036707 3.0737969593165585728406608011167203408852361582892
0.0 0.0
0.0 0.0
0.0 0.0
0.0 0.0
0.0 0.0
0.0 0.0
0.0 0.0
0.0 0.0
0.0 0.0
0.0 0.0
0.0 0.0
0.0 0.0
0.0 0.0
0.0 0.0
0.0 0.0
0.0 0.0
0.0 0.0
0.0 0.0
0.0 0.0
0.0 0.0
0.0 0.0
0.0 0.0
0.0 0.0
-29.828024370654348594804575703892045038374713291004 59.360899651905521183623949793642675945731892441508
100.03334204518441971463696832113111605542926170475 -171.75357729347286936527001816116681472218002588361
-355.56794435180405257860017995490379323975946183327 377.16879554648904328815500336938593255222604598068
502.38341755831440140601041095689426655276876138462 0.0
-258.10611648001609399875049983536198001481785032293 -380.16475701935717523299434259034990847869719852971
56.320790612346810852154364570642126536548849589572 186.39422527567591442174911378096640711871198278131
-22.607168834426539990107219916968180677469172509635 -121.27897892106540147504159310178672461047060835639
11.983768405294914392289647337614323578422043486996 88.589395350621919259949039837393006169964899279488
-7.5675646475823161414909093692073710869069465147470 -68.963849446315640190393155962963765909477308689801
5.4149202387554839102366160525671045445214481657560 55.902648586369410941905347682052294241805003604102
-4.2473744387355237079751642039576951252730665631004 -46.600083350735689682021408470950130912348058006472
3.5599763744473845668786575098060354496942655835102 39.643501041477294403499336721350894937750029224150
-3.1246679018420648043924813707216373979205390264046 -34.242654424804104973117119648119637600051695315984
2.8278216039630195590226082418469580775123220753268 29.919761647519765372328381537480485555652191803085
-2.6083355804034118540296887280905419066045745590511 -26.367744458038366506358617120042816921062466166662
2.4312120988534215375860711870423294271934355021002 23.378776677713964966792727367341283197102349390840
-2.2752255042467221155944934536094313866584003643005 -20.805311675167905724535388335435742151133248672890
2.1267068571109724018166885103759377834708153474319 18.537225178854884476784897009322371801711412044934
-1.9761539476646586596813804575209601055349339374663 -16.487242104023502313678932901562022018158273242052
1.8161600987443086808270819697642969236510372676081 14.580372813814206138957351757640926012043995222122
-1.6398379874891327066515142898523155506904775798056 -12.744280976885166579397635688215062568277336368571
1.4390219293176479434119311226652995558741937615105 10.896658205066155687748571028440071436616623577640
-1.2008285371728174418862113027625409067837342800770 -8.9197628646945524082795597216944805996822660280037
0.89660525430540852528613829642257216832145551185740 6.5785317685237780861847059601812016585802293770599
-0.36143873326493411291034808945622996917479071910354 -2.6380551187868695103305149391692901568443464252543
0.0 0.0
0.0 0.0
0.0 0.0
0.0 0.0
0.0 0.0
0.0 0.0
0.0 0.0
0.0 0.0
0.0 0.0
0.0 0.0
0.0 0.0
0.0 0.0
0.0 0.0
0.0 0.0
0.0 0.0
0.0 0.0
0.0 0.0
0.0 0.0
0.0 0.0
0.0 0.0
0.0 0.0
0.0 0.0
0.0 0.0
9.1474107009168892122522288228430540711691536793820 -30.922358366717142249973411213358567942170703497579
-26.790452883037729052832998872390664445491803516546 83.701873700478980458490156860395935348698619963711
56.996037188800550404661808573120278946886610760296 -142.57751690129998031094561865686262063912147195842
-201.67885792342428523142755328172535331432306787210 297.05299147506382343149889093921233379145537473975
292.85048744227793217569684406884905191088055467837 0.0
-156.05830878040970966896746416888361834873273614046 -298.08804220451432821133724982931166324420732400122
35.459939825770753260202086292381604114865890563477 147.11033290747293576972330427642351586018713137589
-14.893040887594735543982710936112933859324098334155 -96.404633146087750400141074440813497376718885192183
8.2871618378878078154924719230983382052681498154818 70.903605391842473980948928812202901444314483014934
-5.4909058478781960273043460512773310208098194115182 -55.540728530030560625464238143468951273599058982472
4.1027264171161822924648288331045191451078513396955 45.269326946464096407656553140221895098525397623724
-3.3340644674883615302338756678509398059031829255805 -37.913973005151399365406509169538831148211741158762
2.8694740248993451267144478834136122893391717433090 32.379719456632760071535796258089279004983559841359
-2.5646704640493765571399668190202299426692211375887 -28.053457171743446552360089703849901676748668742459
2.3468349136701632571793764192075056674700777188214 24.563528677809268718671374561412768150969167999639
-2.1762612161212018257551244337781473199422588915516 -21.669854267396842156677769219781325087344691414208
2.0298156823769612574221641355336257198592389696465 19.208477883981263794760950957982375702391019245955
-1.8931140907338961948678985199681207628783579827971 -17.061122665586837576930904832430090520729387413941
1.7564875783652974723350183073914443723550007643420 15.136966718822153204890585092416145480409408758542
-1.6126594145972275447420101505363560606083594822216 -13.360334005700606880986645133645025507080147992535
1.4551046130490768574594453400508191624826161044893 11.660389759371720764215505151997704349852483770202
-1.2763291916826363465470919328486527538322391970306 -9.9587212046996310650441148381230499644623539339519
1.0647517800020570215935869029209895589988069084076 8.1455425744396592916857151200570817423881150777992
-0.79486646052282559814827778552431371129985066669749 -6.0045848409699955385197117731082314645252212779419
0.32040364634675584820469209144320152154676289417321 2.4074030090361120775470235714108865940640172071280
0.0 0.0
0.0 0.0
0.0 0.0
0.0 0.0
0.0 0.0
0.0 0.0
0.0 0.0
0.0 0.0
0.0 0.0
0.0 0.0
0.0 0.0
0.0 0.0
0.0 0.0
0.0 0.0
0.0 0.0
0.0 0.0
0.0 0.0
0.0 0.0
0.0 0.0
0.0 0.0
0.0 0.0
0.0 0.0
0.0 0.0
-3.7231091746999320645304560628391765067256728883099 18.711278439173668574861932883891558846605743644646
10.229277100574019584924464460127140943956840122835 -49.118623799381366955157396711720879523355566757495
-17.929853749625452385588019507712966379718966731222 76.178954895570489204203885824606970526445387865561
36.621304542312076190165647984611256695681726172904 -121.19857719561974434431267089194436650272764991065
-129.86433243934453605559203816404910638712020136847 248.05474896893075759096589886219029732750052612618
191.66266887616701968790473761227224085108578299628 0.0
-104.42006387230284605204017905454340015044713251417 -248.51814425604813220473021465424205409810146897956
24.487032214398343440364220230068931688932043724435 123.09471005932565213199825744622242491997197225251
-10.690747194285507154314454763033669256960025186230 -81.007716912756294261414852401696531900419373274096
6.2064881983558375392547221155739206331417472463072 59.830639419416050282887887589010749149581449883799
-4.2841783790580358460967816481763838116086560247706 -47.050523006051728063021566796509327118660531680733
3.3153978841491887740064518432138092005347408567010 38.482003585275712749621971338565006969615413596050
-2.7680566063617251716551506475579593224681230898837 -32.322974185565886503094436279090351893811149959691
2.4276405278790417744894885853429581454173640325323 27.666814932036239933409381642990920822878299342312
-2.1952146042885190718815581959541920187496642139233 -24.005538976544108122765095842718491292301209098024
2.0203748285488739525892380738233405783844485787520 21.030433751004262837462953295094068589504447036542
-1.8752997275113316340893165980488712568722919492365 -18.540917232002887166058373210983581021848704718036
1.7434692195004753156858166287558701503802568844764 16.398377933014719002216354397803902707427606228011
-1.6142482713621868604710706491134062278773167221814 -14.500498573647607846618664837677668047045740870421
1.4799831861208866774451633098417924045608743780378 12.765235427058018056796324919596622963533500974688
-1.3341272521622968621937581404481173841052316175892 -11.118665449055610861736565308691406636312335343990
1.1694768999354586634159822900664621167526760201045 9.4818310513442736250494797398223398711460935120979
-0.97521639014678467046405577100531983180288089000927 -7.7473101213367804824905864571018715988086983887749
0.72785424573811552750896851674538418931509518745899 5.7073031020777312892745400170833176273090702848470
-0.29336368170558285867821924435837122281050649604935 -2.2875908096206249460696989356843079611116696954667
0.0 0.0
0.0 0.0
0.0 0.0
0.0 0.0
0.0 0.0
0.0 0.0
0.0 0.0
0.0 0.0
0.0 0.0
0.0 0.0
0.0 0.0
0.0 0.0
0.0 0.0
0.0 0.0
0.0 0.0
0.0 0.0
0.0 0.0
0.0 0.0
0.0 0.0
0.0 0.0
0.0 0.0
0.0 0.0
0.0 0.0
1.8497331943181819606906536897857471513795489927976 -12.500609672859429916975482991501036295875228050098
-4.9023298237623155653940771367588167664926750703245 32.271117225046811169585567650505268649352768557598
7.7790916109388554866461688343385555826979073225133 -47.773638063840566866267843638154366454217554993713
-12.771604334320463560277612756139898469230407613723 68.514865536435914100001739952897465390441596978282
25.637471772215067382286459518750973704587440846716 -106.36050218493344578145181715845474103641927229536
-90.723159025736978049041004808208206322376366280816 215.91972161303053179883957666155082102771452723771
135.23149492859091055003482269007362729201971513347 0.0
-74.778775263050935096181846365650684340380566835433 -216.16603383954229924883175091423511478115474109574
18.026007879932168429166411514315906328097285370311 107.30609388797041021868674123710956131051394160906
-8.1544799618639406567986352717570399450613725461264 -70.803419067655770065729755344004660390813043884489
4.9186655702865976272928402654743876959681496599129 52.433501469937081398906893072827742813916653480812
-3.5168715254728858678801255683666832123389849166822 -41.335228442680579788626100523863258281261237203838
2.7998458780046234254185405383464627253265180894475 33.878808749173393502993370032533107520496510590370
-2.3855944262624197036510734423853569733217877407578 -28.502383005465345471752261162773736056534280023345
2.1193093135270610964261170876384855181195379392170 24.420246027909070946659353983897415475034489014186
-1.9291496322719199854579078466126810997508892578683 -21.191628342196223068013486813866739567312697723106
1.7782051571353306578461656548703518454064384173432 18.547669838487386748390027792710215596091329685631
-1.6458170983432275465168499502721952775408715959167 -16.312168481410797577344998112782108876256953211891
1.5193813971293370812591746788571682451076827205064 14.361117666790699625738397625593768610190661291544
-1.3903097359309128133353753699373260385368449308176 -12.599553797692314058710829440031921458255369665269
1.2516736282953982276930073747937372325740624000755 10.945772912160867669028417023819179915962246171620
-1.0962616997059798915696428292095719408100285180243 -9.3163078206968755954188297539559342653043423111082
0.91366307791999477489920872752803706302316983830671 7.6017246409959294899502299122242156999348420976414
-0.68169818416064499677747859802658106665845693000074 -5.5953573456996327579184553689833182583595210749011
0.27472532445315684229985393901721884799069645367098 2.2419346716476620008836528406631159505058824006841
0.0 0.0
0.0 0.0
0.0 0.0
0.0 0.0
0.0 0.0
0.0 0.0
0.0 0.0
0.0 0.0
0.0 0.0
0.0 0.0
0.0 0.0
0.0 0.0
0.0 0.0
0.0 0.0
0.0 0.0
0.0 0.0
0.0 0.0
0.0 0.0
0.0 0.0
0.0 0.0
0.0 0.0
0.0 0.0
0.0 0.0
-1.0731856997552905950560817121331279086504913654267 8.9681734852905915010841087628917863799810352751058
2.7808660771115811739708600603252082741486577072964 -22.918615085255917436986107098849166776264678404272
-4.1583256468809640264066688684479094555204526947126 33.030382966938312475162409830820090253887285266023
6.0753537231658608380347548196110532045799005680871 -44.911741838953550758650417441988632547478571775341
-9.6627215850376594695871172303829636646635592542875 62.548081122523782163714334929502802530907873938946
19.091904166947680720795957945553573647364608219764 -95.973754080700434417273874014327160903523127685702
-67.105363228272709419307571171878913172701430950134 193.98419093372221134852262803867380875194111717939
100.63010968756724353309622818544229283818637450302 0.0
-56.250331872860271995342029902698129560113532833251 -194.13206462695412472607992043188759042303866585113
13.914658511293285443681093745440347015034604384139 96.502124128494121994098415237302940393096226252361
-6.5101217138423438065002534126084224009527871655923 -63.781395304413216653650751144820908252923770351238
4.0659418155005737309802975449340807281326953887946 47.312457716420800128472480847176840563648529580873
-2.9960431926115366796811459601975429579760505661681 -37.353121326084290882976788806719125271302839201237
2.4396067982395876169048782039450667626736084105194 30.648986369842546820607190619212639799386238024781
-2.1095791472498931717891026217709425143053739497103 -25.800003642686796394560381277430517613644087058694
1.8891694179744666833190257289354872739932360880997 22.101468907422344548619923666116307110211072947888
-1.7238757412711510546702704913372332094702973224709 -19.157125071192128241617035180309303612625134249790
1.5854224522464915914818667233197153126642892288086 16.723770387794601507891253832172618363821286807148
-1.4576605523645973576142709556086970224798902071831 -14.639749394342987164335671572666555913107396954528
1.3302802515424716981133234042177851268458647568817 12.787777340984992159019419365171148603075067836781
-1.1955286257716072780225128273613868709555700869246 -11.072281723217119452525556083282706763097674998169
1.0458827704158487548804072715072642966169278736047 9.4007495875720649453807930662787437466728067180609
-0.87103804727156061467462256066330502346592544045088 -7.6574118334030511761689898999426366692056135135037
0.64962138087443315310527407025380344157639734748766 5.6303686963648035547250339793809390758889582316491
-0.26175401183217625928740321075166276769360443467415 -2.2549638133054501590731650013128296833603523712372
0.0 0.0
0.0 0.0
0.0 0.0
0.0 0.0
0.0 0.0
0.0 0.0
0.0 0.0
0.0 0.0
0.0 0.0
0.0 0.0
0.0 0.0
0.0 0.0
0.0 0.0
0.0 0.0
0.0 0.0
0.0 0.0
0.0 0.0
0.0 0.0
0.0 0.0
0.0 0.0
0.0 0.0
0.0 0.0
0.0 0.0
0.70654963854931495427812705346124196550627795419614 -6.7940955640504042533077895465376928409247315481114
-1.8038266263214702234595034713387285306639758734468 17.248434599324735907011441814256399875414660670955
2.5962653473538471112547414223551160189328662901194 -24.440477043001240838310899197359147888762005933852
-3.5331739530957911931173973323220375511036856357228 32.198109684703766781412527276763545962525314505992
4.9516806016842747675085694348671717843075016654785 -42.365771813833381377543195584361138286926138644022
-7.6762988125183966185869248756226330786618553450989 58.166134680895600665461506926766425029184392336550
14.897354729286152000279707404961190940863836054343 -88.681695687198116270562541447448934428962655665206
-51.803106985029326621949636542187866502633877806971 178.78372941559254450438751833484971506332501409573
77.950959604778373306932319095612968443775393910158 0.0
-43.941954712573196276503829419848601367195039194747 -178.88049959191045385445842341511798986749218418575
11.147704845342781106862320100251472047555295922832 88.999197636499267395220506776160767000582361397177
-5.3866225335927218806268049121226872426425458743175 -58.883746959651776345994854051411431632642514114798
3.4720487657574971949757882016540626382339193834860 43.721884004452065745790161438983865235386006458242
-2.6241952503114228746971656988792915690277968684292 -34.543097948828565734062302780529574563982525218981
2.1744183389342583826829865155298945554111088978507 28.351211633975507153898969334140807067386059494097
-1.8991995093645628576186689274844015286256951610428 -23.856922905695819190953440244021140343682908058093
1.7072754337575021317489347773001506332915802127254 20.410337129891757028558454408534274856130796248944
-1.5557817368604889788679643265900233180344960463692 -17.644463052888498235327074053778303712248797973004
1.4221614072093324727653544961190506150929145103321 15.331668230008218132069348696627941084497625028452
-1.2930807019674061966125258991705965176323051717024 -13.316911146224219866842224737668764786015201509377
1.1593045865553947114032090781851549220093964666557 11.481551722969558047667826060450091435219699483035
-1.0126125832925097833381979986987569819569651306331 -9.7178479128672326822061999325236432544464188063406
0.84250190591741171162792168345912625254693926936862 7.8985448065362892435967341353155588928377176076208
-0.62798606379983930132436949968727293771542347701826 -5.7999416365398357898495550774552980502649418551981
0.25297944644508794007044196819893818832946644680291 2.3215891805929937198429634893848031935640593767056
0.0 0.0
0.0 0.0
0.0 0.0
0.0 0.0
0.0 0.0
0.0 0.0
0.0 0.0
0.0 0.0
0.0 0.0
0.0 0.0
0.0 0.0
0.0 0.0
0.0 0.0
0.0 0.0
0.0 0.0
0.0 0.0
0.0 0.0
0.0 0.0
0.0 0.0
0.0 0.0
0.0 0.0
0.0 0.0
0.0 0.0
-0.51594028454183899978609681088807131570654703322845 5.3763898462462985066388448448031479086554063343629
1.3041477265566823848767987338864760983207208939386 -13.587471040427199501047058556619730026818449321649
-1.8302817296902834464769071400983965879480777650173 19.034225337170335533925847732894144423999922897560
2.3797452960037529738380396214810781397265420911662 -24.568056248625150179596697206455673455690550532295
-3.0883060565618546817036316161237289385006098617191 31.238337181001346895354160916463995487125006102013
4.1948774599722250464298880631304597996100776118190 -40.438681698085214255621633478918760833752792415150
-6.3435943718873433287906489423768584452332167964630 55.079928187756124572924787365276457717661202787610
12.062374399490872409984960550566366395953457901548 -83.656005689200835397926777334610153019938769521267
-41.362702359517348247714506346397015312712220650972 168.38078576474596182141723160264884607431744896101
62.346899517182700877697714368098801898016688717464 0.0
-35.392741516500931791558449342687035522905901694073 -168.44772776350412560972500105914573654148777418374
9.2069221397264924533470393819949245191184563301527 83.853748606240906476731731196541673490901849019690
-4.5881975821956151581450039917086632873516618863428 -55.511551318834318542091157514793805136404632549665
3.0418748274246254368659522717243759355608509558030 41.235221591994284042545318272490200681355080127724
-2.3475355559692097358512932627892128774779978570857 -32.580557814702481781417847112252130022216123324415
1.9702528778144142133344830992217509166574393921756 26.726832088041033384114901561341917531504619241975
-1.7308195113531471579273128519454251055366081485169 -22.459232296831152589375948518835990662470020289059
1.5557703644742111646582966366196273990890171988561 19.163716210729623393655745357887636360133318199173
-1.4102751161321388457804747740972693727259168714673 -16.490919260683352452199766377188846527477390183984
1.2755502501138061359443260455714671996182087058133 14.220045884942926531678967911349447255965980521357
-1.1397629889376023345848618224890840533225208118935 -12.193941484043298315638472748993085824122453980034
0.99341492570770880104149167263149124653718332764502 10.280118856940128117059178384034354612468094146413
-0.82542758682335112309225248678163215814323931410434 -8.3327759115755626970941525935567239498299866869635
0.61479316234331393611870763595267300019177302304135 6.1086014308055853361938537111238035994253357039576
-0.24758989802617507640121376911722552875407753964946 -2.4434433507101360399056969684459968066497617034806
0.0 0.0
0.0 0.0
0.0 0.0
0.0 0.0
0.0 0.0
0.0 0.0
0.0 0.0
0.0 0.0
0.0 0.0
0.0 0.0
0.0 0.0
0.0 0.0
0.0 0.0
0.0 0.0
0.0 0.0
0.0 0.0
0.0 0.0
0.0 0.0
0.0 0.0
0.0 0.0
0.0 0.0
0.0 0.0
0.0 0.0
0.40951563682598136287435769865202882778721037645123 -4.4113655610756212280352127568443389837413837226367
-1.0282769223918443372170495255431358213512033597807 11.112476424046425911306607264119844802908389642986
1.4191981785557971524169709612974302537057118048455 -15.441985565909601179670632192178524690913388299721
-1.7912929578013139187043645841577772866617203371805 19.653176884489155924542789549815809081691852048890
2.2144024348124379986165093094517880912020804548237 -24.433632082890027315510050647896153577946625471578
-2.7787440536998318787916774853945322392971910832380 30.517254292123928298634588767223850357191794436236
3.6719274060490151010218814902085083730121974737353 -39.143139189142911547730460334743322855802022157615
-5.4157301467222820026469411368711856341400296294726 53.059349814559671890863876822528120139511388236185
10.069841865562759732788921247019049017198409276180 -80.393933889981549641103869405911034821161800070824
-33.964236840175283903607669378858320453433277844966 161.64892223117742845341447535340125806929289507206
51.222908095248663385165704236254806963343298370919 0.0
-29.258288591765150289867577518904422514119661850488 -161.69631933894198148177091574374228653426679041666
7.8038793649609386125687957492794560064760821850930 80.515502403110671554541649133492338800665905731829
-4.0038361670234024097417464578298137441928171497090 -53.312441543041003447379183901827876087071772943042
2.7204351732232787267096653639089950507840267430608 39.598686938093092158573051427780677691707184495000
-2.1342826829770722421548835122069170955841413367633 -31.269420803938566582754100399731411314889146779016
1.8064723271597637618633713508386760769703365492448 25.616124504483616920260457185165844533396757507604
-1.5896157472102964540281160176899346588226015848809 -21.470377549735491936904464874726891713271727770254
1.4229444420555531842162158635733776123008639764908 18.238616608569589398174032501519837336213677573449
-1.2771784152322500276569553473646348992944337051792 -15.578496893364579838415742742079987846558083654496
1.1357783551621325778750653220117362042072165407447 13.266006177781948457573711489460388045146357897137
-0.98697709993623954525278233002456394171873165038418 -11.127834520769938837750460672571071248524635929699
0.81856700453281105359217359826676239067679360988431 8.9888626061842913917179713415534482767765494819160
-0.60905036693485187456694443371732503929193467573184 -6.5757638050487043323864767592862241835685689177920
0.24517598951529991870843908468024880946862881968318 2.6280221135770664832592679705201095170140897970740
0.0 0.0
0.0 0.0
0.0 0.0
0.0 0.0
0.0 0.0
0.0 0.0
0.0 0.0
0.0 0.0
0.0 0.0
0.0 0.0
0.0 0.0
0.0 0.0
0.0 0.0
0.0 0.0
0.0 0.0
0.0 0.0
0.0 0.0
0.0 0.0
0.0 0.0
0.0 0.0
0.0 0.0
0.0 0.0
0.0 0.0
-0.34707431943544943281510568059623840052427481727749 3.7336315631867709681902326794352232595597372267256
0.86766770348884804715425497257094188978275209702777 -9.3826998136518465333381086982200220411571337473939
-1.1844576146639602179584218302821205686927836272081 12.961557833526632117634468664330639009074678674256
1.4664948496324225352286551989815648134401867902620 -16.330723573340747495226235389278789439248565144802
-1.7577023865121821307450541474752597991736141677131 19.988060063972261768312922675768077788953833821056
2.1004096938680981199010992400710596754034351868368 -24.379569570342060339020999780436744477376190207563
-2.5644288365793595574760676816848697457438575259607 30.140780240970634428574869608635020559874152285560
3.3038203535041096185381150188562874450945073264746 -38.444195187916001343164343609973617163330945359795
-4.7527075262758641493316747853461255491088401784086 51.954118857443651418348214448955401055383448500030
8.6299739261312594052706504882507497540099993304057 -78.599085894053395361136078039423263026973133494732
-28.578292443798075253217504296087654841391419259759 157.93831162273259125901054766476283415878096188068
43.093400432255854290558216813074644666916385111723 0.0
-24.757441498135744354639263370169559150828673747164 -157.97117495704556949153871041593312631863206133128
6.7685882287376068336902689925606760382430101188748 78.665604137545031291639312706588204195292648447160
-3.5670969240715095111794550594752926338373298636352 -52.080054620106045974163780101936137378819439182832
2.4742027062100917341962774694029908031389982815128 38.660949243204356265496718936008152353538182463606
-1.9645680022156308237987556173342512799048550772543 -30.489194094580967911122198451215313549959549536003
1.6697041718791776359177647708851390794092550694855 24.916032587652752176051001713215436199935655769511
-1.4654661435414853507737563453817631055168558555242 -20.795333594557693112387836620140511689061358005858
1.3001671243823172611377938343758209965041653781124 17.539455922981217294678123829248087611404271112321
-1.1481193990955648518971344459670447733097681230229 -14.800578515770079514639975542915886527804001431306
0.99340046392898554768063868544388057147447181439277 12.334986260960452451145696823690816546874189573452
-0.82174305912908377032887341379539714216559125038348 -9.9202788835189695070424588121791746128581936533901
0.61052381799214990380083004146511579713311955427985 7.2378877168388500823332116498736337706187842266775
-0.24562786638911057344481125459138871339815401472500 -2.8894677287886172948850951568436936684358244752539
0.0 0.0
0.0 0.0
0.0 0.0
0.0 0.0
0.0 0.0
0.0 0.0
0.0 0.0
0.0 0.0
0.0 0.0
0.0 0.0
0.0 0.0
0.0 0.0
0.0 0.0
0.0 0.0
0.0 0.0
0.0 0.0
0.0 0.0
0.0 0.0
0.0 0.0
0.0 0.0
0.0 0.0
0.0 0.0
0.0 0.0
0.30946660656895117350634665585157341400734035138831 -3.2476447336342074282554163063345817896922428786532
-0.77142489046786455587826310034883470088815820796227 8.1466011975230157029037257079756453862005628509741
1.0455677849327161191733428218871933661207642476002 -11.204169121761895429909419303506312996434283239791
-1.2785480608597253591664606684908902721650151765892 14.011370420425521174529047119144907199357834627857
1.5026346961044925047852995469614605707742165540894 -16.956030785946144863321184748350834613192056866149
-1.7418994845128648336274273519850110733648347019644 20.340397643010563815332114134136366102242265211802
2.0279070238001685183341177675254423994427861690599 -24.538162889663841690640904130611667698467967807791
-2.4181492395138186531927718991697940988404442399750 30.148237565762495269672669480850437608829579862707
3.0429171481027974271693873743410466729246869387574 -38.318030523250094890353815164156521615284929055079
-4.2718588100702605330028555754282413110188601631524 51.684240993072288490297801382516650760937661146474
7.5714257818603914260044187505692165978223322377273 -78.117193029854813379003573622299980206027812784803
-24.591528702888888302732323707932164354918178762966 156.91252601678543929169396017343750048916380581516
37.065762090966881532035060907549496588011632469296 0.0
-21.416065176762755218776432369518964979746611423759 -156.93291501389861885688623250344088317209810265089
5.9968061523445010234502343585127943394883888458592 78.137328669496427036365432022653789816212953459258
-3.2366857895001914476349772504182432481907590707417 -51.703951887774736086631448385172672739871627651568
2.2819000030517350109626926808307590588886748652385 38.337141129106902042560651849012273693537996136431
-1.8253303620435228923548845509652536904824696235969 -30.166565530203650384005229965257902499553959003883
1.5506277934029543949293442340119752497992559034807 24.555515051856632032144420738119536417422173367432
-1.3506399240637687040059251709432300343123043303369 -20.356563552503865111257255669824458273579314751233
1.1799126039442199357920360971273568302388506087820 16.970771350679473295365788481251720751376308613620
-1.0143544560347004406909680363730798421250709786856 -14.024395898703003552789745199425387351677021252091
0.83587552174987597286427596630346530055620906929307 11.215089384756460464365165202321791669112634540290
-0.61972065361404060031688307931758886691879631566280 -8.1547776730657956021809362564138057209493695579181
0.24912276769948369891521636199553657381850020277144 3.2509446113595862323371910639825526938119956114373
0.0 0.0
0.0 0.0
0.0 0.0
0.0 0.0
0.0 0.0
0.0 0.0
0.0 0.0
0.0 0.0
0.0 0.0
0.0 0.0
0.0 0.0
0.0 0.0
0.0 0.0
0.0 0.0
0.0 0.0
0.0 0.0
0.0 0.0
0.0 0.0
0.0 0.0
0.0 0.0
0.0 0.0
0.0 0.0
0.0 0.0
-0.28695810436867116581414233131749036161665066203386 2.8957049794183037621951618799220768751544538625640
0.71397117131253997557419876110656930496039722130021 -7.2536015034314137091781520916061330840065815872906
-0.96320425629075659226450012323606275928811680015591 9.9421043503323843466010974736510896965020744669640
1.1684402769790472310719986301813469028422493249255 -12.362680353520718958893970126213286139531928889545
-1.3562008251066742119507974721484168156878088337026 14.834701883431025793473532878159779791986697299311
1.5426727986117123753267870096744191819553237220797 -17.581203777795577478749087999197235815010432559167
-1.7448248764560352550316400780416409279076873264685 20.846656229042973496708242271892950548283908893115
1.9883653412289410731950777618179057475397242843092 -24.980001812410198265320314861972274279084881575577
-2.3224254158029978174291433135038850655420041298844 30.570807796184911908987126087666031140990165561135
2.8599433899531311398570489689390463374698960959651 -38.768984956925837552656476064885026453421504079640
-3.9226967870726365428209040642333949070719353906595 52.232043077666305071259973030516873779294403739777
6.7892090115722403061323590727080118127294800344500 -78.905262140758812708806514819586854335027417033114
-21.626239042119271919332417339783668924687320831936 158.47302973982524843168906469893957402271430906019
32.588199489004982303168597573726974880504279414558 0.0
-18.939806352574549579484860141102074608217306324842 -158.48090211598044872172307989159529467509992096608
5.4234740027128916674810955315439914299504466172013 78.878856380833244015253630451497806061433298667992
-2.9865115597906785058569086481007168222679047980097 -52.145164677929592799883004711610543107866827648906
2.1296823211945777903768797109227374177330279103869 38.589773497199536943873942761392467592963451553867
-1.7075356472858218618050913057944908130332572179937 -30.257915850706913210758884908257736505935387173983
1.4420642695548703913535816781700480851410531330749 24.476458438287119165246033712172208570764283667434
-1.2381483266388603728297167350298119013625010310519 -20.068991603237804819491149717970639104298625297757
1.0538076115642371458631473120417149843051384287253 16.397834415281474787674287987099253900101232375743
-0.86336371390943890224021095280204194730347765357926 -13.015408606238980603505665736607141378386078984653
0.63809608756601468649044074726912124729715159218006 9.4219547076973551097285087686088300246489616330162
-0.25619718437004449502621791440059682326309959800742 -3.7492986605135930916870023631560198857348775387364
0.0 0.0
0.0 0.0
0.0 0.0
0.0 0.0
0.0 0.0
0.0 0.0
0.0 0.0
0.0 0.0
0.0 0.0
0.0 0.0
0.0 0.0
0.0 0.0
0.0 0.0
0.0 0.0
0.0 0.0
0.0 0.0
0.0 0.0
0.0 0.0
0.0 0.0
0.0 0.0
0.0 0.0
0.0 0.0
0.0 0.0
0.27437506588035131963946193087339170845146499651438 -2.6419243976239826131594297016232660939842899607839
-0.68182198214933409328035667911321380292333133028561 6.6106317039737976676113645405400841058923863700784
0.91704478572071898108583380642887192739217340528836 -9.0367877744164990047179204231867498882194873905559
-1.1067002758140040020015099051468172978215151484765 11.187667063833480419435250247000114231081171251674
1.2743449907397099538995297514279232639658039432450 -13.338138760047806531387889622253127425920656343061
-1.4324466879829906110348896902344466486102948147558 15.664370459735574987067550952675268423392744578507
1.5917014846039463668071287273448722335380274935846 -18.340759231755327938755906650008897618509008962358
-1.7655670494538766705960757649574176051975972982154 21.592760037801944580366014858888504207301571600787
1.9760629448661467574089338199401024104634488229185 -25.764949526417156734515045294609763012256367885911
-2.2664196049190420374842018115438996065336474738830 31.454780219485845932359432603058379135015957433066
2.7368995891896403131715408161152677483153897828094 -39.838343173936424187881307940280470926064973114130
-3.6740751595652748791975782225259559287766832907932 53.641950039902656263596562767347693473346777031251
6.2183243497097429382598332713689293817323274634928 -81.023671791832514313764930268933002330010261332677
-19.448565591833180715127818537297305660505982065474 162.73800072071817282732703271160274772725929700982
29.320764667398680343417733005781235298152079405522 0.0
-17.148589252654292141492681246756141820167509669989 -162.73119980171263823950855021528611736274202786222
5.0089838902535542337820277828206563155037687510663 80.941685592505969478302281917433383932634635817482
-2.8004966528414809017591093267932816970083595852304 -53.426692027069471554404794478760495591282045861838
2.0085372539050314355142827415257631340797033898401 39.418044832620667455494309956788906336523491728300
-1.6045113163817146312597669346396875223778722231074 -30.734270531504228821174021726368563778759062140310
1.3375196196802707034408781386427478891692877791211 24.609219773900878259800785761490196734754054779871
-1.1198712472611948665337528979868371679788547546769 -19.795603308077092448563474811741871238331442905239
0.90907721926341265582311646074021863548671764041796 15.554593227952289679363423409904364835798586344559
-0.66861187196312525482748563994069451489274374912665 -11.193836381087317459266842086849653833032944000045
0.26794651266021301187243818389790713160158106337060 4.4437184814644479725961977329498383965709540791478
0.0 0.0
0.0 0.0
0.0 0.0
0.0 0.0
0.0 0.0
0.0 0.0
0.0 0.0
0.0 0.0
0.0 0.0
0.0 0.0
0.0 0.0
0.0 0.0
0.0 0.0
0.0 0.0
0.0 0.0
0.0 0.0
0.0 0.0
0.0 0.0
0.0 0.0
0.0 0.0
0.0 0.0
0.0 0.0
0.0 0.0
-0.26892986491716242578862099078000819929401320011462 2.4637900370149725475734542488964744902120750761527
0.66774676149531980547846227798714021067260153820368 -6.1595444827288900548396851822902682082868109782874
-0.89632410346402501604190539080149074465276806306907 8.4025110626048283329348575311723202085678480082494
1.0780480679980043052041104583252206937103508565362 -10.366617146012263444159897990327104999112749395996
-1.2349922229195760983666237665649533114503916804484 12.297283659603312555137816254191757247335979873362
1.3777872393084156307361473954702296814317937230004 -14.341627528623587401887228202091379523534470045845
-1.5141953700104586611586363781650333101571461615907 16.633373058235114704255742115203094703103034499467
1.6523727432512634215094505381496323237599603411463 -19.331175097888204452686952861000518613149784119867
-1.8037526671181683171645066284709115760197316284854 22.657960950494909167016249835975996997105711004615
1.9879196868374183659693699027782045672355928325886 -26.966485506952976987953109799112545038726276274294
-2.2439911947402378739996960855168252551608933115276 32.876762533999880631512003544771868419167780273487
2.6632818449721339610222066171959820598903934182878 -41.615427858994616563184508098359663537370632492350
-3.5075399529996547120510234081002115361469152168935 56.030671115081088842565324909114573428947595469133
5.8202056347606500894150903174992090887139498888855 -84.648910300216868777522269359333583017729164346493
-17.921614153518941530473268157499762187069829432233 170.06680436608422507031164763328234359244153831099
27.070445516959750133153483296207214792743766990456 0.0
-15.944389211956101180050238884322234788564141044266 -170.04017643560676353934581304293525415219572339619
4.7326222713509436046579426671566220617611562629946 84.489655347804047713792177535186320296880962172786
-2.6701157555699567725421348700486223346148616470830 -55.634327982679059575177248309151545975529429592194
1.9129125381131144250088384829465788876540864953913 40.849288628745301998319032274750969477365388519780
-1.5107072189431207742886772335043618218332034334229 -31.557877056763088440543097085901013454348110907941
1.2293553716912755449396961295395851829040090784404 24.820860576609293533089711960573532241358619077258
-0.98269375290858705998452250202367543731135283309904 -19.230951890428681950951558852904125757122364192472
0.71702495207485938373476070810647770288296622325537 13.728301007016610628432664598819600670020479436282
-0.28648226074698628209308340933408150117581773107596 -5.4321818643972088020763449686924474961249978526071
0.0 0.0
0.0 0.0
0.0 0.0
0.0 0.0
0.0 0.0
0.0 0.0
0.0 0.0
0.0 0.0
0.0 0.0
0.0 0.0
0.0 0.0
0.0 0.0
0.0 0.0
0.0 0.0
0.0 0.0
0.0 0.0
0.0 0.0
0.0 0.0
0.0 0.0
0.0 0.0
0.0 0.0
0.0 0.0
0.0 0.0
0.26920396397168430055187865099476502668787006283730 -2.3476344730071611459286201685704550575153665192919
-0.66806479429565495126671979876385146825417126869815 5.8650823818553503075524365889148397531090672824523
0.89556430561360843599355641651807101222713558591284 -7.9874869749612765700658620978631734178539335971588
-1.0747388031295156292464479389532974937696678899716 9.8277184950550630594173999089516102997148787049695
1.2270803696942895171314898124659813373688009763787 -11.612062291064226588607957083811470580459457513412
-1.3623355956635497963557050259144355947900779069881 13.469287682844074397791308527738099021733060506348
1.4868291583143668657508146044104870277328550821433 -15.508455941651619291796548480889222383678180381772
-1.6062246211874215773906197475710985962686532927419 17.849689060434240885296965318610427902015245395215
1.7273215557507954363237031270507432842784255395575 -20.649986866507230782155814000987876005678897981830
-1.8603379736964886058844314236959959726677948480735 24.139872717982477538609911505161800426213812893907
2.0233160452435851944887272941558572474311777964909 -28.691010068428964936852026627035379969439650174728
-2.2527454535946125213979281039592796101561015522031 34.961575930621408216780275816204292809845358772151
2.6342797845429592586390049466514370901608050259391 -44.257310021699096922360944442305346655539175258299
-3.4141938135949388306248612589383743572942316146112 59.612593183719246597578389934110693977040358149919
5.5764981736330903309833512245447817900857092583560 -90.112320535841252111048549952543610951385434562344
-16.985216692682730853428118345232685842728259557586 181.14016189814625414228005535996585287220698136756
25.766430571110374500669823231438489667932681059309 0.0
-15.301375625994202075301953005936284114452307900568 -181.08317434277534914368117514358137299126739623780
4.5911887243968968935399683817098330194886081019048 89.831192306758619080583617375454750106162397442223
-2.5939637299200715052391138121822509258253263468561 -58.925246640857872892856943761446428732714705346125
1.8400886688921564543154187649804741903506076449069 42.921875592788679517025387564700960897206362539650
-1.4200985485956183343875995644780823686928441588193 -32.622715679171471310573010395404163265610305603327
1.1045277744049581604156010790412619320094652673828 24.763894926253904717248613860035332267468673955806
-0.79495330872508727376682226741293583080970788178193 -17.477187584746636645610779344521920664645522419394
0.31599970215759694523984216799313625742744431475036 6.8842859374246025993967450104457340028513605610301
0.0 0.0
0.0 0.0
0.0 0.0
0.0 0.0
0.0 0.0
0.0 0.0
0.0 0.0
0.0 0.0
0.0 0.0
0.0 0.0
0.0 0.0
0.0 0.0
0.0 0.0
0.0 0.0
0.0 0.0
0.0 0.0
0.0 0.0
0.0 0.0
0.0 0.0
0.0 0.0
0.0 0.0
0.0 0.0
0.0 0.0
-0.27468401983691774939676159199028361149655800033655 2.2863440751045048329881584042322295588267418693233
0.68141524074627663512351229220066022231408457302957 -5.7087921711616846663077353338038001756180537358745
-0.91264939280972974864722636405970084365678297822738 7.7642942587192106620371692598736942980094087064043
1.0936161233252223076998704282562935286800796503549 -9.5323943069640212293847821459984587432951704487587
-1.2458678651840176276335092745790153751915033592593 11.228010280551625708371215852212499089752329477441
1.3788165552821175720455286746010353845246062335803 -12.968600030857890352252548008063431543269245521171
-1.4980957264033640429622848336849527497624478639844 14.848059310462276872851439701570993993995469796403
1.6081409682329159375383521031261895649152412540272 -16.963415817547435080279708265040914555874444632598
-1.7135511064555395587739736769251159927211026755377 19.433760193189745155574654544099260044817089366605
1.8203896365835381673399404388082819430153723192466 -22.423251647572071877957895170543612703613065096652
-1.9382212914936157356099761884136267499590291643371 26.178869312495892575993911421524859526942595894705
2.0843151207089514041174811743929078266521021380026 -31.103032707927829804876518096526595721938251807664
-2.2939585123766437042552435381409252731611087954986 37.911411121056282310704152957423587683787758925433
2.6504376242644560665851784719695974103497276625335 -48.025842432429267820087028640669350881136196005112
-3.3941089465251825696544246695777898132235778382515 64.751376584696980460655539007713481819294173148801
5.4883757780204577118001533861499607743816719556099 -97.981827265461530920987369895097619006947849104222
-16.657478744032022274866981357143407095422164295271 197.13189201056792613478048081152603168760965215996
25.472015509158775864329555957902739734491319492362 0.0
-15.279009559363323451488127513814519961567278381173 -197.02277293570625361527371636453432774808422423300
4.6035010942516505482213421929065483109465243619473 97.485630047721526528170297769285257239478373121787
-2.5796439222345961150698988412772811961690363355830 -63.538136950191181516109864726595860318286522006334
1.7898213947158590298566061412393423908065055890283 45.625386093891324901786355133268577853481231859716
-1.3217924960281171211618434110210626701210190578850 -33.556743039043783361730735295619056263031471944723
0.92785617252566102355686334225714367808160502524077 23.284512606937770340754972849895731660815066395471
-0.36548057788461801953879898223038400533317456337139 -9.1114641330265598461777708825120933447229406159557
0.0 0.0
0.0 0.0
0.0 0.0
0.0 0.0
0.0 0.0
0.0 0.0
0.0 0.0
0.0 0.0
0.0 0.0
0.0 0.0
0.0 0.0
0.0 0.0
0.0 0.0
0.0 0.0
0.0 0.0
0.0 0.0
0.0 0.0
0.0 0.0
0.0 0.0
0.0 0.0
0.0 0.0
0.0 0.0
0.0 0.0
0.28561488809552861984744045667845123004305784029575 -2.2786419587225634350966901507766549930650421342365
-0.70835565579500496372475711985828560058190965786230 5.6870408885749382954518856209059881468282520801032
0.94816005788186717503647132316264450165515422745295 -7.7265076723111452992708763495060354690005927702523
-1.1350297050537762422010926702443324852077868607955 9.4696617966403324707095305449328268320386972094254
1.2911284750122100668536483376788208675386174347056 -11.126619394696851023633291530315037675559489155033
-1.4259086880460208723866045798933629529321343262707 12.808678357583275659704062758903359120729161478558
1.5447349769523443110126075945060632780836190799871 -14.600758446782152231038500670120150081760409036789
-1.6514471998042560620988637019722800589839897573474 16.586010442489194984505108424576870439905225319435
1.7495504170502633730470741627139133983452646999493 -18.861098613639225898501315253229378324592865610282
-1.8431126643723248760502859823906811574943070247250 21.552264369428959229102679829966022242016640396585
1.9378864568347526435447578602764911090105874140692 -24.838895372535222655198844853712553830265107913746
-2.0432843873965395479859389450059867798819555113142 28.994719974750231111253829078171001351369718354967
2.1766110300716334869910471077087351340375819770132 -34.468494075980961895044467029058824093310316060630
-2.3735682359909387309602315552101645132408234150862 42.060163174153024332321758569437918292370765187678
2.7189410534743754576748106193357217381400093936368 -53.359896678407993406220267346250690180049007087745
-3.4586073936485106231638352558122071157387227082156 72.063279541409645693851338703393472710593618685674
5.5825563644953939640390403268264351489266252726073 -109.22829019802075784700105932384866927364389381361
-17.065710848045864655671342514850421085298315780727 220.06227958280483549394153512173476471556083543618
26.452627322338013272743661625186847449401002512178 0.0
-16.074381863094910398222502194860032017508193663208 -219.85258122760995798052871836047070528557756398907
4.8257386000779848298240378962744405133237775338252 108.30587204747374341642680849576427339671089186854
-2.6495567108981725268994628396245667718195936506791 -69.772229923793047211821390198223738134749724414132
1.7619356147287452477027229775382063252437440163760 48.652554624642899264661677799647809366069212125141
-1.1786748612963238402606649164600993196550312275221 -32.865778438056245551559060794330968467439952785958
0.45638416643511596864866102080398530433802172256963 12.731116880649725101707459172475788312775342956488
0.0 0.0
0.0 0.0
0.0 0.0
0.0 0.0
0.0 0.0
0.0 0.0
0.0 0.0
0.0 0.0
0.0 0.0
0.0 0.0
0.0 0.0
0.0 0.0
0.0 0.0
0.0 0.0
0.0 0.0
0.0 0.0
0.0 0.0
0.0 0.0
0.0 0.0
0.0 0.0
0.0 0.0
0.0 0.0
0.0 0.0
-0.30312301431671386358998241871199254358353177356202 2.3300195365753182149569904201269827829483754340982
0.75164978897172275778952557581380124432698994886646 -5.8132304944863301045137111770374676722121994494016
-1.0056965817985566608343689427332665570031744837519 7.8913286282221356372105549404075720284500312204305
1.2030853413628196125758085902340276039152395024497 -9.6585278005132743715411088070279110514758378969667
-1.3671711479787732400236433549850371369454054923006 11.326547325875105455339300017486168019451125935777
1.5077662527293538294614089207088451054613195600128 -13.004871518514092704206521190391843779993634719981
-1.6302514362246577518203940815339088519369809468165 14.774003334389676054640494786913997433340777054679
1.7382301870402632132614163578343043042668168086140 -16.709336678099147732795863785686781275166382280019
-1.8346746287303778383510214059833417499962282483521 18.894566267875674122702649903758941278595225468160
1.9226554549286440001526632914087878777868771471248 -21.434082105022365372054662699858014734103931959115
-2.0060779579929120119517829073628432669119572867185 24.469313655568428236187490919301297092380969425389
2.0907786637730033295429551817054865261266269395940 -28.204928066749769199092385054653275643865965315315
-2.1865967418979748039263974156810924975580887021262 32.955930553436282123518599601037532557691505086326
2.3119179173030602160188289941486302019600915388952 -39.240666321388611072649330173544793205124778584984
-2.5050623356587898099947546318098460880400677976686 47.984244633462473199772042811985994443265397145051
2.8577362368223750245729705003711573234353244450000 -61.025525232810601337404458173885044495968755548702
-3.6377070580197956502875543471514913247646440712841 82.635228522493970416019534426862890578667122957273
5.9302538339839381390764908450423903176451310901402 -125.58149102445672927288530999784874180514215593385
-18.539163439501866787918744564255356492764807749222 253.56389879805079061978711513066556053117082963505
29.372829840332362525720256970470335192103620672825 0.0
-18.170711327998159491552145609521156376781671580030 -253.13212605673065616070209188932800995951538085940
5.3939143539575408298294737248064447539956623514833 123.68681678215820330430509098749159553582721659282
-2.8533941161103408425430899976849911250213361595098 -77.746427604137352077800586382825127885689246888054
1.7313160616581070829249435962745547924395810610717 50.130751086790748107503406296750370456373441133282
-0.64820909052978830781960964720366621108544334647624 -19.097075773154008083791215117095691061344200226467
0.0 0.0
0.0 0.0
0.0 0.0
0.0 0.0
0.0 0.0
0.0 0.0
0.0 0.0
0.0 0.0
0.0 0.0
0.0 0.0
0.0 0.0
0.0 0.0
0.0 0.0
0.0 0.0
0.0 0.0
0.0 0.0
0.0 0.0
0.0 0.0
0.0 0.0
0.0 0.0
0.0 0.0
0.0 0.0
0.0 0.0
0.32975752593884373795427439158417985540214856655942 -2.4565172243357052351105369962291467429996100267136
-0.81759972639010143521529982189301295685869861874858 6.1271623263473243191078985183999176632547504627092
1.0936287469219466755803668501747621274020479623653 -8.3120663602825129974153874973772870225927081451398
-1.3076686011606453821437302768770609727216461557214 10.162769862014853956745112012192293230768032798192
1.4850083432735108357677529444363191381423381021897 -11.900021430214512739019737737359330492135134522477
-1.6361719403488631404284831509575484475981028360853 13.635916957986040751417023680671043930812309978653
1.7668048278999803767352971205825923730317192731571 -15.450548760574017707541919219225927577940979539449
-1.8805226602832550937654677244798371075289452582612 17.416292870537820115373697889462910050970586055777
1.9800922626499874040392364916742530123093498533896 -19.610490628194660456195750612609871462564857567647
-2.0681064550240183341202524694596933194072899352385 22.125976488183467575961091457358320309720680056561
2.1475548834440951284521749303659287780569364721944 -25.083658463299628586154641625844483281820927775538
-2.2225440734235588339749200455316470291218495341561 28.651147336573136660669760340931059623138121174214
2.2994999352410345674528018156531967235536825878766 -33.073879786881839867606027376494524345826186115484
-2.3895433692575525247023536700550657277131936570286 38.731810059773223226099210719787377197230588596542
2.5137979158133486809976324947159760490033031454177 -46.251736772439054682823110268806521081447294281231
-2.7168257218593602481105414566351976334308114738763 56.753056475807699602382102055426249238114305955130
3.1063974580922507926052441385029362713302058399811 -72.459771907766088715821704036790412591112344733972
-4.0003615358917392967887236688410946713806530461111 98.531241822549267499987617383649690121774959592362
6.6999890526455882986024431707705791898251616000824 -150.37038206826646187489928617453635876619008132613
-21.873907773910774608936017607522074695285572590835 304.72052964967138421255361244782051004217292074603
35.877667513996535134266130300239972609363836887075 0.0
-22.784876952923372987875908187117942056282209088508 -303.70338386935472765510680808109363441765534890962
6.6477834343016673110120811107615720333393403482175 145.77608731108985185115857566219808175321927252251
-3.2688076300467123277458633594754908836098243878447 -85.582114368630561434869683574785526552184574099926
1.1433040323439787329498261637338799414107218126368 31.617376416048209881970494908059431983149486054451
0.0 0.0
0.0 0.0
0.0 0.0
0.0 0.0
0.0 0.0
0.0 0.0
0.0 0.0
0.0 0.0
0.0 0.0
0.0 0.0
0.0 0.0
0.0 0.0
0.0 0.0
0.0 0.0
0.0 0.0
0.0 0.0
0.0 0.0
0.0 0.0
0.0 0.0
0.0 0.0
0.0 0.0
0.0 0.0
0.0 0.0
-0.37107703328902328349710939605989568589804337987181 2.6958356436784338021124326542435639624024603475318
0.91997466898203804113335354420617533341394302215945 -6.7227027378890249516349401838159145646318879051144
-1.2303324874739831863256406902965849292793755345194 9.1155068902287226137680845449688175973896269317618
1.4706673809026068774250524985243816151802095291285 -11.136286012426796172695226641487969588017197188948
-1.6693510442890409906388238452886196356697232040846 13.025324305974590587050936816792291797171503964851
1.8381190132042441575241987480292315383215877188310 -14.903016841485417779376467786456519845346618246225
-1.9831794393182058870882358016040972962622857853729 16.853557982843632384858852935538079990108163579398
2.1083945987052955320905980043692345329535183224626 -18.950966795578093712397658574280094961740761439938
-2.2165701847080893491758581748694887071920488720279 21.271997107868227283116262654599004328291071322541
2.3101454015614034531383181826160858511950993908730 -23.905992038469149397650867480143540004203323851243
-2.3917074397785708742915448146180480224877827011078 26.965696178431713996750675839086363006954809728182
2.4645519667155572078889944198703783790694095865533 -30.602174805338783442067232276258662517871799991495
-2.5335156852472740794925047006076015740965292751233 35.028215998950672241254276976061637400640189869574
2.6064768256338566451055514523707864298697852081090 -40.558233708873833675714486160815854328832700112606
-2.6974201007010172423489494743972798006255019548364 47.681426234757643527969578674008503096016000071070
2.8334086388408496621004348326100280095059339473379 -57.206925190782199698898506851372839730242569495787
-3.0724657433275708078769248439667774056335333637602 70.581141342403620082618465258591434367072678064773
3.5571278085208800366485748725113123962277233651569 -90.676829614525691740877396888727969010359347728410
-4.7144801759086560647280282905193445485923360062100 124.14899196218971585255214213260563251389512456815
8.3216374082911748035985806651854670362566655668597 -190.82187330091346766797311438937267682953588200167
-29.200950105174022673231850997193591654160358712149 389.22428141547162338384895573168507931526636541502
50.631253508900588476556186615932840203666539929004 0.0
-33.496462891477017703721106068747169007667314448255 -386.19757438605400292907371045187023328170783333515
9.5088043211933976354711037882110432340830484572484 175.87016374535776551782470745243240632616085129814
-2.8686556390829451869792437146510368234431484022557 -60.784414802408098511084749493071103288995064631163
0.0 0.0
0.0 0.0
0.0 0.0
0.0 0.0
0.0 0.0
0.0 0.0
0.0 0.0
0.0 0.0
0.0 0.0
0.0 0.0
0.0 0.0
0.0 0.0
0.0 0.0
0.0 0.0
0.0 0.0
0.0 0.0
0.0 0.0
0.0 0.0
0.0 0.0
0.0 0.0
0.0 0.0
0.0 0.0
0.0 0.0
0.44095461971208157970459980484278739371624508154098 -3.1445716289029784013934428743840401315341878258838
-1.0931592465692718834075784251792093996885205879956 7.8405947512728208843952317789620152997209196674425
1.4617612048461442007756004776692787181756344856762 -10.627610308483807784571909915479826442829904550401
-1.7469495988873639661764494147986281741824900812638 12.976353972512241001866808298917875432544365970848
1.9823743650255067858640256512056436453876727573944 -15.165520351383545587050888343322460104035841219941
-2.1819022928404374135101103349848933754277270432078 17.333459412578538175313719721030934905357287729932
2.3528062885908808810029343293286905541980407486249 -19.575471496767235288154994653050640212348404885509
-2.4995299178956834583612964733728109393145125548763 21.973701414299037598999299089184996934076554823050
2.6251939020521384649243719281863888491180486347295 -24.611471517830932446962706868270916266097382307525
-2.7323727250843258247660985262690627481059152362111 27.583582119725489976801951034977577484497440791332
2.8236283942667173486534273099268794167640122860496 -31.006878540713184119835474571683508694801212929593
-2.9020306397756110136424203355811884276165265756749 35.034008447363979873283291753430136564862888864368
2.9718561963495494391262843856827852735974872303700 -39.873919038720179670357579139513494910993119313214
-3.0397555222830104944565822919220834058792243798546 45.825020843688974353667449156262917651252096554371
3.1169769987584793905648624269296305400570234701811 -53.332443371373554806943967493700405519743886978679
-3.2240538952112612766097874570801814568832257130862 63.093537704339641292098463694694396232104701689842
3.4017119398227929271294027945752352005234327440877 -76.267558860199218023571033617110281928940502429570
-3.7394297950171078049662272133786444925892824334421 94.934027179757860028734760467030369907401491205408
4.4627540830696084352775038909688013475380291566329 -123.23060217857004143672615464780364623311189253772
-6.2664103551342091057843898062620649017302428923001 170.74087882307062625323195568291840519147175301142
12.127729032489619457247352433870246206618338622354 -265.94321307206705955328355628134541485954444827833
-47.681650152848914398484352797871467943802017711428 549.74573558452182152166957622875503595896500071443
91.088030709660457283163557166508736426741505515698 0.0
-64.377250326724754648515292392672562726173210526528 -535.70364741289009264702533234583062005026128659465
12.753143258588950885510546707659843126759666576348 151.39741972445860512792560454918778345440550141901
0.0 0.0
0.0 0.0
0.0 0.0
0.0 0.0
0.0 0.0
0.0 0.0
0.0 0.0
0.0 0.0
0.0 0.0
0.0 0.0
0.0 0.0
0.0 0.0
0.0 0.0
0.0 0.0
0.0 0.0
0.0 0.0
0.0 0.0
0.0 0.0
0.0 0.0
0.0 0.0
0.0 0.0
0.0 0.0
0.0 0.0
-0.58761488645782562794728515155674026402677632328629 4.1409755209942935856079170306247637565699197677662
1.4566972733467128973333287461447699295657748453883 -10.324073728247791725846269780459557093567203641823
-1.9477399336018435498590967704794336696375501717109 13.990862300074920597738451020914449260934678197925
2.3274670768313159322997761974993979595707276182551 -17.076986813990415819989820720961193814245798072985
-2.6406714017602514186171136263735689243835161759223 19.948175267784198360659093084493477296347893683314
2.9057725596410906611655346043609696129106147809897 -22.784952949960494657286294916617196614766537118105
-3.1323849313504710112628274690405125597973041244418 25.710517414346569336448414129311540075338041023548
3.3263229767805890064088656759746970095918278916850 -28.829754244318012964890684826119970814058323347359
-3.4915912172730181513545344332080066122217236289949 32.247571158351823921495613837421656363703345806198
3.6313899083369586367229721197423444361592420508235 -36.081588001612804067017531847605453378036432498794
-3.7487752717803910051275881042599353910711592400408 40.474584835234091578572580408896426731282458918918
3.8472592456811024238204810869911094943670168291813 -45.610064042035448340338409585948029971450360354586
-3.9315612441090055987810994644224114061822239447635 51.734612468988908422131019167247732157167716657545
4.0087949039194657587637096373159553046483094047942 -59.192784210997977123038799075507897263442962634693
-4.0906262219648172456942640982170592889934587818486 68.484875224268973192039459857890651806003238085624
4.1976020052469511597889831795681091318271153366155 -80.368115041093236785890385813217411980477552813447
-4.3686314319656628249007517215034491043514363014223 96.045126408157678224388953224642085584365284593499
4.6838788664135990617483909140516829976955865283097 -117.54174811113906608896007592009728099166002476879
-5.3270875498989615283958242039272862399345626517772 148.53874031261925242594403738777892967991298056308
6.7844761406223373745511410586580967314910657303469 -196.44644452387272295231973393230189146695141447021
-10.640814609380918920267656607673436646094060557593 278.59192584618968803987915024471611919115475703974
24.152446529993931651108533283405399910540450783682 -446.71176128987014070932838573434415643132563982081
-114.87229950121456541416689656652635029528881125528 955.88906822198737472470282241137449236969597458283
274.57227291797919361131177969879362399913621509895 0.0
-176.99013443216527801699601159608528978234972947032 -674.83317984689775828148074853827087378712096520520
0.0 0.0
0.0 0.0
0.0 0.0
0.0 0.0
0.0 0.0
0.0 0.0
0.0 0.0
0.0 0.0
0.0 0.0
0.0 0.0
0.0 0.0
0.0 0.0
0.0 0.0
0.0 0.0
0.0 0.0
0.0 0.0
0.0 0.0
0.0 0.0
0.0 0.0
0.0 0.0
0.0 0.0
0.0 0.0
0.0 0.0
1.2389730286959193481140578443152636862638758096856 -8.6870608098804497774375205965135350836377471250237
-3.0713767348750945178816450013887786128532853531700 21.657329757325060362968220143419609888522027255014
4.1065966367669659726085836919735453381305289532949 -29.346695949141603857195935425055048322828991558881
-4.9069746932709704481927006244936311177791197066870 35.814838078940864841698943322815409028871007903347
5.5669138392752850304145226360692340725641920672218 -41.827879552943771847182324102421107991087686046391
-6.1252018613737374441408403852139165806174262041230 47.763088476684646111312490524725900725964903396643
6.6020459667796957536755481074641184147446135817368 -53.876925202280628240431763166298452832014468950260
-7.0096173698946200277720776779380913999791584410337 60.386595046206958601416358387871783616040049232058
7.3562331299661317104880168050580304048909945397061 -67.508058399345544231189157305347760272730662195703
-7.6484535677351647871756103740658179412157753305326 75.481928633945962688138265409192644351903188463931
7.8924346392340988148364623312451081290951410529665 -84.598385033027470076808708754838286280878972117479
-8.0951208433687220703886559001725119745484788881216 95.227755634631010983913073419288753119957535213628
8.2656946027945450350467659540466532166346342280312 -107.86374756607455542341434967427388474168563064452
-8.4178070787629091114500417755938897360551534349717 123.18977229383567335072978915137846461512221514782
8.5735499654117103906898439619243354413964976883170 -142.18674486490556391612451366157915527751976801792
-8.7712519206398772156704359147265153079592888644916 166.31757752512207168443818880991188210127175254880
9.0821217194487570661210227800377106189474551576846 -197.86070179267886767502192533230538293575675301362
-9.6490855409642755277320007523447967213256168666126 240.55258238854106850523266276831429991999596394328
10.787560443197714544833400098918333458700492746093 -300.92563011593637669317756310715374610818964709600
-13.284705726306826736651600264921043369258311571364 391.38456338522413526641839635076895571712013440334
19.464538395858249048564792157598141684105333596404 -538.27994987891077735145932569330110916306749987334
-38.107503349894662656597792082831915826849377741178 807.46613819588469032364155813998283056766193044955
119.01370893776312597882183259235140039119403559005 -1412.8570564656767741150858497696861360875592153265
-925.64811065507147669550645044305865219429342067819 3529.3382873385332585726802191102519819682827488346
5533.4083603417436882474376247688230546101724751441 0.0
-5196.8817147432216650614458401165852066343668950290 -3529.3491286594484778233484273520276144264670001223
619.63259550539005007938756504196749042035356445394 1412.8717702889468470401762415834960622521012625403
-168.18436526160839238789062152990818529020181340911 -807.48412270108310166446454079198609559288184993220
65.374319350694023468952440712140361834309177967817 538.30096044298660833095987315381614936853723137775
-31.178401221360504578573333618748891702828767686404 -391.40849824644853434455295588849510464316483049860
16.968631679854434481836301543795946825786832517621 300.95244896312354859728838660064683610832915408803
-10.101486076897077012281758577382536126001914780229 -240.58226741229540008578164471970072241144137663467
6.3964287593462062490752823860341909271402676585472 197.89323245889796269508682692285099287987551013140
-4.2389329635195746090460879633595143881558864010794 -166.35290253354486580402981988678953423241809089614
2.9268052928622975645715892602773637124506170264634 142.22475397173972111068982350775220479379064960142
-2.1151023054627068220706458676721030347362038678286 -123.23027727226596966003235750939524431065660946841
1.6127202169015515924004293763707061422967952053449 107.90647451818147820748418985379569722747188934306
-1.3055062136320546869024016740194263384786807728257 -95.272344143611760981202591606114912129459622454613
1.1245050234766473456004294877233277749294225407510 84.644389197067710600424042816207169533664026828099
-1.0289497788814292402125707322734020688601092287769 -75.528817671014557414365910321661461404383326336627
0.99332778099952242227558238433033268852249344131367 67.555216660796817539424307327423781348192482377993
-0.99536792428385791900104744566622386417608025843175 -60.433322541038583187220577186410793932097013626636
1.0074894630430770536541100864195272342531986985135 53.922439964598026177618216149106443247932166737625
-0.99928448574073531958007407531229280066924626458953 -47.806528000430190577554114399392226381899384834069
0.95138980543069984527154736671597915807330775653108 41.868287850568976692260626341233033816950806086969
-0.86170039384744692469874976021642854904428404675129 -35.851115100557460312834026757561135758222813140645
0.73228010042145446371217337597420241691344721719801 29.377467093310414001022049104653579609024746235882
-0.55224143961847834802369141369111872080594748380324 -21.680541915956011908341265942677555994271283642427
0.22349439563248293182947617246162766184029050070753 8.6964586213531263302388012184515177310336231537604
0.0 0.0
0.0 0.0
0.0 0.0
0.0 0.0
0.0 0.0
0.0 0.0
0.0 0.0
0.0 0.0
0.0 0.0
0.0 0.0
0.0 0.0
0.0 0.0
0.0 0.0
0.0 0.0
0.0 0.0
0.0 0.0
0.0 0.0
0.0 0.0
0.0 0.0
0.0 0.0
0.0 0.0
0.0 0.0
0.0 0.0
-5708.6407257923941275428311261029764786740600015507 3876.8991247669240942348771190521553608607130133440
8663.5269334883318032834876054263387717000014908127 0.0
-3428.1818509724784008083107839729917799307541056016 -5491.6151082637769764141119674718428540780217872593
621.92482967095077617929253760829256660719319122965 2566.4046484498141813934385176823054733436170083532
-211.47695066945530405930926229899935261977684055273 -1600.5658643881066590086256525104170574198398217420
94.804842536716875002798118083426854043001746456121 1128.6487490726967293361738120421427317276286624555
-49.872564234290469958328093287457975791107508641065 -853.42726441828295991380142645312727504450326610372
29.079154795155040177379440661230360543820352720391 675.35762728802241930474975729781155968494667279301
-18.163325218903528585457393446545760609751882091699 -551.86748037957851699032627284353355366796782042883
11.921853731884793703681896762374461938311992731111 461.81080322313133051363079017581779073443922931791
-8.1725736368948587203947058846440886139738207238577 -393.54900780181115824331077282709088324380269670995
5.8724962935165636238255689447432216637507215159801 340.17282368065323994640866526265643434260140054115
-4.4568794093533453150414740845285662507757594069407 -297.33174012733298788918056701293302170022836367382
3.5943344875943627150698693433437742883647610481822 262.15132559208433201708736387386137785616055527544
-3.0870573945479808876944633255461396884448916286588 -232.65188710121059013984863304557745968483520166038
2.8189482360830575753316570879170401451498118093060 207.41655429378526126922696224308438658585631431891
-2.7178281737067277781097564068220914301367555917155 -185.39087645682687977736174252821951086421581589298
2.7214486847689863117223756258877025997088470401639 165.75435359734126862846049124166357808688900496442
-2.7535762671005591594589195975760442992906766035598 -147.83103733404200768021841640602561382017469307318
2.7305786122466438000247365607488035702610953599283 131.01801419182555838095184651556218447796954029666
-2.5992973375925882888440910687756214858304076953719 -114.71246239293822823752237508751786240551807495137
2.3539506903871185699982436671780644568002278243836 98.206219703483676409692590400667339135080432439296
-2.0002111904140841269757087949045196876343477744909 -80.461419975853764171537341539707520530215896120873
1.5083450163667672061944376524200818219275991567831 59.375105742092977967486371427402726224649282428696
-0.61041749176426979923337362428841595366075300130776 -23.815533296492789361300488442732336993506840527389
0.0 0.0
0.0 0.0
0.0 0.0
0.0 0.0
0.0 0.0
0.0 0.0
0.0 0.0
0.0 0.0
0.0 0.0
0.0 0.0
0.0 0.0
0.0 0.0
0.0 0.0
0.0 0.0
0.0 0.0
0.0 0.0
0.0 0.0
0.0 0.0
0.0 0.0
0.0 0.0
0.0 0.0
0.0 0.0
0.0 0.0
381.60685735821868499430599656138005270545188790456 -870.13104220308566040315868852357029925032810250859
-1922.0110786132696713882768652438152462773763777328 3078.8754903911674855992790207431455886184183130017
2599.2829573366122595132965209373443644229975306882 0.0
-1248.8323199053708021864072933695292389876519494384 -3159.6409304564426819049201910299163516748660001744
255.21875167266939411358009933765668417034207326586 1528.5232604664155944950753622557559795678261701497
-94.726449317816667564520585499832064653563856571245 -981.36431048832228620075621759428934143774610809345
45.343416341192364682024885360694893479180928881224 708.31014656414559226797699074138534171297559720728
-25.028092111475855229510169150014806239020265576404 -545.68458292520611628653308887175580466352410607942
15.095331305538931104414692383879853733829596315888 438.40695248494051946501873096653136772646559849876
-9.6725831385376170080058339197284009584191307917309 -362.69644698074115305602284530773234146762652902022
6.5141505503502303756749514265681640040029450197917 306.60112928396359359107022107934261071283843079080
-4.6162495185860616292992305772262637583642341576357 -263.45814794948444427330223506130556592421411392778
3.4641998599297465837258539940735486094161805193988 229.25937896683002286159967841882079885318834927698
-2.7684712540901385668083437497269841200515837341652 -201.44631305442773532067820244529567028589762106362
2.3611174787862299766884874842650297012274408410775 178.30369445921749317791891475429097071875600983364
-2.1452835765040177492767130091708574995567564982222 -158.63044919466976492285341308827979701008232945491
2.0617020065910472711749218478557062977734188442857 141.54907841282475806151151987926422641536174248591
-2.0606930468640926231036425654384021595364427539564 -126.38785412578745583387537105035490685535880439599
2.0830180228225848358079594629494275312129244973224 112.60175428361507075091741447310779353694506877228
-2.0644659948525218378250770274965865017896575549723 -99.711727927662433945572737189802651346587271280183
1.9644006406591436093278527258400020282256323031175 87.245464908607655125400932366625945361387675081541
-1.7783890793859191489180832836927204218283052678699 -74.654940350690287736568232069216640243557821208836
1.5107682660294121873315628719745737705670789791140 61.144436947946726316249008855571724484398415702755
-1.1390819834681003860362607543588876306121791838708 -45.110789152903207733613527859045730133871942351721
0.46094885769106908673661503502084901780463180482716 18.092444870522492450598372236595758187470182308837
0.0 0.0
0.0 0.0
0.0 0.0
0.0 0.0
0.0 0.0
0.0 0.0
0.0 0.0
0.0 0.0
0.0 0.0
0.0 0.0
0.0 0.0
0.0 0.0
0.0 0.0
0.0 0.0
0.0 0.0
0.0 0.0
0.0 0.0
0.0 0.0
0.0 0.0
0.0 0.0
0.0 0.0
0.0 0.0
0.0 0.0
-72.809266051604077913363451669794708531547631466099 349.57070017024854076902822798056117003443567922764
245.10323828844036482473629587654329868014087594867 -1011.4310606096341818132099458243922637621597576666
-877.85593126679510578229135454862508085840939507335 2221.0423987783235320602009307420620667998709388490
1247.5409175456987365863324135949747814197614455795 0.0
-644.30112406910038272689800650370095254265479225254 -2238.5132103512517252304433036399440403711548744844
139.17590066992738281892393400571687122875609068949 1097.4822326676310192158497210722628863767358999658
-54.029342827027901368066010694097448754405310845555 -714.04352591145277364931497002774334116225759154619
26.759945294856927049353730481870076329717184670533 521.54610066048251282794839507691699357983249365866
-15.127470208447909545894164290086634151275623441931 -405.97833669334419088899379516297778619816042886017
9.2883728710679387520343355037436093613895670714048 329.06646341843607222247450936542975915492067181820
-6.0676623091797758609389504962110734432882959307243 -274.28881813943528194343990519458272698472491263448
4.2006126209624258317805129677531571621342944279226 233.32678316180989261459493376983482513846716374610
-3.0938858263711863208980936221678096754229808774187 -201.52679821994801080076994116244357646725007928929
2.4356226970047271848077395947555061676748851728651 176.07527759816858865919158014817013072963929390918
-2.0531752444024044354423136530115797572904235310434 -155.16384339680684561039049915263335476186827317906
1.8498609674948160334557352378171289142060467506559 137.56858103868647664579046105429965269649304722030
-1.7680256724934811630124019289267643440123193994368 -122.42055070112091167776441232191734431832308295980
1.7614466656605153375335722782046632763528769341188 109.07119984900608288257592437898253097374425842529
-1.7773355929739411771806580599745647483556200780203 -97.006564398784860991452092340411708504859272730294
1.7596067017243324321280518630433280863968611895269 85.785084990915179003611776911578579096836115085837
-1.6730146972594160158291068850627137572056858965379 -74.980907032629042976731526062518892203177479175664
1.5136755983165789424226665142707054437867743336053 64.109567197659725751255038776746904538030582857475
-1.2853229361994952255836962774050183112888444455331 -52.478178476471080814257578650982895927569147962632
0.96883487542587974125248171594891007241354755012375 38.703650132297051223572918442436743964407137833363
-0.39201019063549257411197890055987382509198613861717 -15.520502470327853617068829539522526729677080619392
0.0 0.0
0.0 0.0
0.0 0.0
0.0 0.0
0.0 0.0
0.0 0.0
0.0 0.0
0.0 0.0
0.0 0.0
0.0 0.0
0.0 0.0
0.0 0.0
0.0 0.0
0.0 0.0
0.0 0.0
0.0 0.0
0.0 0.0
0.0 0.0
0.0 0.0
0.0 0.0
0.0 0.0
0.0 0.0
0.0 0.0
22.101476099184299757472900393788293814982708972956 -181.98653430832727724327057236289134457294379670446
-65.085951761351765574402174175821234301934119991871 492.60381479236562258163117281431456830564520373712
140.10213879382339052633104998238488756625164689253 -839.08167634214562969252651879610626105269499441281
-503.15518929878113143081720215321953049484908563900 1748.1259864778850722383959045545294862788276591752
736.82527976828658639547541503868082912982394337364 0.0
-395.00935491628683149479131866271477939196139644245 -1754.0489067403721327650026153451596079869631726539
88.002463752567391765126988332996619176859643627234 865.59438839136450592167048845238212400179887055122
-35.005435720875282501122407582772754828794292545420 -567.20620462563408945961342821981438246215909788295
17.630849746856969847869605541756778598350036756541 417.13995204431952053066003076660436364440766491335
-10.088602957059725561333609849568847072352316728390 -326.73444075458149936485265229494672261322787368162
6.2828336777915792503487715088008885911080861460126 266.29165262084786802647083986403226729676080306388
-4.1987694780356168763123774527964701916725816585024 -223.00982439513656565654979037692048393031439592275
3.0082654938505922347205019011370659772827662896221 190.44543721882577519122798101567233835326296821078
-2.3166227986546034921811121938699523673507124558838 -164.99042877786366590327843606560357525615420529664
1.9196660153736164545962978338027916636347423139088 144.45760615166871817792316438789365626726018819955
-1.7079576178757706548389396650537888928707163842088 -127.43407699143112663267291798679093822680853942758
1.6186202186855511886771561512189995021509308228076 112.95492386801777179200373162501091979376580272779
-1.6041974155907990950331154915619487605912177519131 -100.32405647148168498156741810979642000045651868788
1.6137078653699393214810975232438096617817329331418 89.006982626928830605221253869972847978587035008856
-1.5945652313657644740802015434816321555493200214399 -78.558392303554310926071032252192204015477233089778
1.5140520465888622329394546079658550063933783557915 68.561535270109750518096499521043674529048227961181
-1.3684700560770214888882039482479652642922773808634 -58.555164572446538008829648626164527410674651196817
1.1611916592577578942682482411482185765577261735059 47.893610382228836421256537542355097094942667926823
-0.87488231151676046780194380150395038618479682768319 -35.305149091815967127879621915810337600222424131577
0.35392987210046821002342518136917530721552400968978 14.154770310627079313094734037626947825367067484546
0.0 0.0
0.0 0.0
0.0 0.0
0.0 0.0
0.0 0.0
0.0 0.0
0.0 0.0
0.0 0.0
0.0 0.0
0.0 0.0
0.0 0.0
0.0 0.0
0.0 0.0
0.0 0.0
0.0 0.0
0.0 0.0
0.0 0.0
0.0 0.0
0.0 0.0
0.0 0.0
0.0 0.0
0.0 0.0
0.0 0.0
-8.7652163347745936167773188369101164265830550918301 110.03707784890894501084555652655934487989866174590
24.263276071043208897680724993815415797682247034451 -288.85355909306651331998180658572647764748755067929
-43.241240250840125230440759515973854974254551224020 447.97847094480004141404835428188051649109583908644
90.379889435924992178371561649540109035511404258323 -712.69754583183580979632480167783339800529986415678
-328.47481683368845040244893831337856961901128786872 1458.6006285369603240675658816469553567848044364685
490.39218213465281948862914852687024685276745928943 0.0
-268.84865718445923376550414122117718575866473074469 -1461.1617781490204421652739481090326452780044152364
60.959230926895467537974397521234940182186736426336 723.68805638188436007876003864350318212525788967895
-24.539017436667201074484669839510922357538504282393 -476.22129375722634717968609869811118690186962790925
12.460200162348291356309805834769856727697824390521 351.70289233972117997048723695788906157985754872995
-7.2033173078481685009846575107446979567948098505897 -276.55844508231808389191123869193973600141650557111
4.5710230834180500612840378645977091434840673821671 226.17850579807153113470798660142967358476587429080
-3.1496996304597702686320049964871148748101344199063 -189.96682454431974271931865592876395202011509840661
2.3525512359823654959460044736212205577072996593296 162.59249141390045835499095430331418322153302982246
-1.9035539934796150336077716034794789347586709772733 -141.06851012734585772094873516951477925626141335830
1.6637277638330425448865421577191701635277737689877 123.57959810662007338332060621051637296980131671772
-1.5571874920236492957391642006572594231308732320132 -108.94627678319919572414952206350936329910693849848
1.5308544561936444328552204957695654328334036027773 96.353464138418258378895113400135987104583854123549
-1.5321497509622106763301387128457930638127045724197 -85.199514787518456648389814339127523876123508672679
1.5090508482093210750970458294716725141405422481774 75.002038089685877046645585926795206185703800177757
-1.4296211222198107875048591529623138898247613393962 -65.326455482174696977016240260837165417930069667224
1.2900552197221211587929165075117057060412141027541 55.708672507161109115183035947175560723745627370563
-1.0934234566542300157484036281631573975188573218439 -45.517401969804603772801641943210805075464905217987
0.82325887715756413211965069097683417951805415247236 33.531653348798376336816949243986126063100276754919
-0.33295113263907858927085488820072708419726478953744 -13.440063990474657599633068243453355761368083537008
0.0 0.0
0.0 0.0
0.0 0.0
0.0 0.0
0.0 0.0
0.0 0.0
0.0 0.0
0.0 0.0
0.0 0.0
0.0 0.0
0.0 0.0
0.0 0.0
0.0 0.0
0.0 0.0
0.0 0.0
0.0 0.0
0.0 0.0
0.0 0.0
0.0 0.0
0.0 0.0
0.0 0.0
0.0 0.0
0.0 0.0
4.1412071652670518623853018908075052667959367033076 -73.447668708043135518734884022593447110028815291280
-11.080311062314000883704970810447536321273893339351 189.60804811220289157170571467303469305596442926966
17.968526210672252482107672156346807554965721961877 -280.68660151354343197446361424710403596247977508040
-30.458519253331994886669699493259964704216489586430 402.53512894499556482765588693005695055820442654338
63.527368363507188807357748315906352805845177112801 -624.85675082157767071549637925375481912363532626920
-233.38836819393165467291614225818004280979812940914 1268.4391532428899166548682123193263797046965168963
353.11702991799652358673251713993416962091621379808 0.0
-196.40069537867820849587522252454606771234550563730 -1269.7280427967136508449289375714764652408981662526
44.941694195903741239591822468672362802043554365353 630.25753694912557281173465219658892931635722902259
-18.197435226343708012662871203871595424444463183212 -415.83187003997066892998626291738776888749508185077
9.3121261777138122036791251240994588667348384546550 307.92331779782152050167438210001296891045165420147
-5.4698893074166171077895329680835964570949335075364 -242.73100081691992940503007309574114502148897285456
3.5686876486854893332092449548397333754376392688863 198.93254115610878339854723366029348929758599959411
-2.5575670368183989034298619171408696630348660831491 -167.35309382337556137610258331941284789290428362960
2.0042646215489285690474727460972344543873102172674 143.37713829857997556288364323931397110584186126799
-1.7095626262496975671247032442037196699694346905047 -124.41539796455540948435012230768971080781773274474
1.5718989007788413253910990900037668157256780327580 108.88844387784406047294951118634458887868300993964
-1.5264700379891903468871187041322996487454251806278 -95.761160028022799587743912394054924566642420646943
1.5153661855179425515889210622026237202449610676268 84.305068586028383945554677863645535268284899573866
-1.4844726240917591526605499127354734028475136808630 -73.962343098323460464816882486221511796041379032486
1.4011408115482288447505529851807865069374090899226 64.253105899367155746636489950044251133515086295599
-1.2610955947012396900440445798784715678179203231210 -54.687199900454207086666854359638840360105302204928
1.0670168793515398411241609534796240365811798242365 44.622091194335500968464890222387925262506352942280
-0.80253396359727088213951104469762724588914727976101 -32.844535100535555875573131675672293827509689499434
0.32442874773523204873923529704987601559821278450772 13.160039955282772579088778872129991146993260056080
0.0 0.0
0.0 0.0
0.0 0.0
0.0 0.0
0.0 0.0
0.0 0.0
0.0 0.0
0.0 0.0
0.0 0.0
0.0 0.0
0.0 0.0
0.0 0.0
0.0 0.0
0.0 0.0
0.0 0.0
0.0 0.0
0.0 0.0
0.0 0.0
0.0 0.0
0.0 0.0
0.0 0.0
0.0 0.0
0.0 0.0
-2.2101989118903780322555197550285710718007615480404 52.639251453397121399098290772084919372673643466940
5.7921258703348276487355476172187460419592176373410 -134.52097945414320443558369546750403523320966578748
-8.8918457690640379017148597755335831921966151717576 193.86787967358360581779492447701047702217407477543
13.524782190736321254031204032322392163456899621491 -263.59536001056611917519510062153522141000322195067
-22.655178021185406675978563741776309331497805725316 367.09034685294727183520108342425271225820705873829
47.443505703561752623001669079829900105089168909337 -563.23378606479455825605834734176626776968902585195
-176.07957388093584128255936309184834728493908870268 1138.3522461020355240293430984027289652804388851225
269.02017159491866367793633418229344602207391974576 0.0
-151.07464518628927044172121228582632159002500998356 -1139.0684666344602257738614682598398300877789950044
34.751875525416132879344472156920538559957104798584 566.18623974664460622657464601353076263333486519770
-14.166292143760024921740983488657217322983916742927 -374.18522172807909123013006855526295415245336157335
7.3537713792562443046318829370304953912771711908995 277.54877426176940857999992230938754601737773710651
-4.4327233990583115472894455378911533594141086797190 -219.11065652390095326305586155170575842743630281616
3.0029529520078197589670673813737157639541615855799 179.77429495814599349438747152066700066633725601084
-2.2555633289986405351784804747639173915416124130913 -151.32425562396435057947480943916146420028909277595
1.8623761051076180021791399040913538152210330093044 129.62532271925521967358661592391410374773843176233
-1.6709644054141987276114850936871830710163004086973 -112.35222520356415176991788851161441719520853480999
1.5940880475789691138773607214681302380832560483382 98.077820447035699638171783579454576870704185030214
-1.5630283386095286462946072080248412245263567722456 -85.853498816502287443353028471549371037243114559403
1.5183302064903188772328398836645700105587019609186 74.991056677699576148423438686440741995082133424642
-1.4249232369323615714186967585771138654208664802599 -64.929750124617328774214812388670966134080290988981
1.2775061818717555978605060213170412486446530964141 55.126859805904201723589491238759909362170627318942
-1.0781057003446906654563444040089145847931533028714 -44.903345950896393895500162790394731518705334891845
0.80962072542643458324818726953148830138738168893776 33.016500482969962642683026769638506685482139429024
-0.32708553088304880763795996388242697593171683402198 -13.223083625515381704781190071337759397116443436743
0.0 0.0
0.0 0.0
0.0 0.0
0.0 0.0
0.0 0.0
0.0 0.0
0.0 0.0
0.0 0.0
0.0 0.0
0.0 0.0
0.0 0.0
0.0 0.0
0.0 0.0
0.0 0.0
0.0 0.0
0.0 0.0
0.0 0.0
0.0 0.0
0.0 0.0
0.0 0.0
0.0 0.0
0.0 0.0
0.0 0.0
1.2875227925513361772991959792390995557349911013722 -39.833484725394473378075753925569554496995246277852
-3.3283028616767146687406965310469305532774959676160 101.12587271751504716779489946516829795761028686284
4.9337608350318981964732561330583745258777622531246 -143.28900825000256262212661762242092143623153999106
-7.0336804252397849049818873060315165515058995615484 188.76400617710160753959611371190803913143592922884
10.497273271412526706166116236825319798345760655517 -248.36194125094552238870548425994992836764510738289
-17.569755988084474895723787458018657145998385702742 340.97094348781517349340880403403975860682361660274
37.066934036134980387846520203080529030717090680485 -519.82273845829940136843009106402057240054559885198
-138.98337396635090761827489869427696438910238063121 1047.9030314869976729356492026205800004147546280139
213.88489791422362998723925319124284149551750904583 0.0
-120.92888786719732083174912903735609684846459940140 -1048.3260950702266490645073174490355640375510034414
27.991518424767826542894370694131036407425932778556 521.54245722591640056508647890569205389964574110853
-11.559618600834892401921710909168658868777398846103 -345.04060528134325893801091007964186705472369492053
6.1467782222955102042263010336505620522851124662395 256.18071636075004948644665136873347630424790821012
-3.8406921813969179263428542366822292457014961466533 -202.38752086299289316686879801969152755819962650353
2.7235673736257331600067833486047743676880657311002 166.10066566530024695057275372422554041637241773088
-2.1540525572654612689778854922464111158170337331808 -139.76361032919470997249075536081314008071797285535
1.8707461197946063479187268341125124150267487000586 119.56731998421921293728746370323903676465909801547
-1.7421840355388966880238061036677976393631398195043 -103.36084014500653132481485859261924684229918807598
1.6791816491702104516843044658997465748129222366757 89.810009891204999793750930652864518634025852490310
-1.6120231741265515996477246568749029469664578805249 -78.006157455536629258122319755110275560162025818409
1.5008078883348747778505375058190376416665987803415 67.254007377596050572942724736894006712332736235786
-1.3383059880181417834623430960143984179643990599266 -56.922222037113044016072247464320364417207241430065
1.1254181902796133427058490749838714410788031523809 46.265233860473840462155358346723696851509523959056
-0.84337220290890244549428906932456616662417793905241 -33.972601521824709460022103220157003846549504133765
0.34042685841277509136997647481302716300969677558395 13.598453367486803995718776538361107085287181466995
0.0 0.0
0.0 0.0
0.0 0.0
0.0 0.0
0.0 0.0
0.0 0.0
0.0 0.0
0.0 0.0
0.0 0.0
0.0 0.0
0.0 0.0
0.0 0.0
0.0 0.0
0.0 0.0
0.0 0.0
0.0 0.0
0.0 0.0
0.0 0.0
0.0 0.0
0.0 0.0
0.0 0.0
0.0 0.0
0.0 0.0
-0.80223402661122598185392883545196924061844223440247 31.482913267669147514714391759652903591255794865740
2.0539905437643060214390676509753545807741289958196 -79.564390250118258044619077429881962662011484289442
-2.9723851758445329759507074436079410245956243457716 111.45663230763710003356533911532826655532561295519
4.0605338821194357310012734294462219710330993033668 -143.85571539034763309946310312732693444575631829913
-5.6475678949584014732526939594922146336488394496512 182.90490225819660836543211331352378459004184147676
8.3880449886675551296298162948794703952532487178384 -236.76182125103977210169722956045045266624969874444
-14.111545437815083056951153527343699805342410537000 322.46469107172569827728259768972646805769470549878
30.059149395858792372389387371052701321646735840293 -489.73117304062743386105805418903169246788006173896
-113.69915321830227391783491709703151852987215763189 985.65191004676591634094834593185641088451192984938
175.86203866913877325987543655131292927452579697607 0.0
-99.956513639001477611303472930412925700070957127066 -985.90770751881542258813631621006421919662093365847
23.380017452138787220128021490206683125897869513413 490.75505404638306474166911488031621610361472490319
-9.8583004481982711729561431380020651229450922812120 -324.86166355790600550230283875016588487937460832900
5.4165513922452779381902961869821502526054567657897 241.30055059801274019728916356802982138776578988536
-3.5340723126442213223696846776306651885595997987183 -190.64516703037240508598743029206032956761737682022
2.6355359170678487540241486732989153520253056066586 156.38486005251641547533673139268465608371779182934
-2.1927193248781842656560795181342640443242812975369 -131.40889464304971492165143579518360058252701296474
1.9793424480395369124523845236725846407202440519736 112.12303749101632266281823267332014942056883714549
-1.8662820619548422800770366132374400020736560085514 -96.482319900871948511686079866561688922569914848488
1.7649064648177807295223847948117445337149107830460 83.194367144145206171993745658445312995843561498995
-1.6265837626759379337167513925062375122065902868009 -71.339363342094444829732684723782813725012928870324
1.4406384935525282860257871175907731500535845786821 60.141938954291938214179245372789085918650625165175
-1.2060927293635452284760760555266736230254573127266 -48.748911307871188866743134903265207890511564616741
0.90144909562625710039798190907040789534779509599427 35.736705590286795860908814993520015363429343465941
-0.36347712935658244830389445906216622919688179371523 -14.294664373902684861753411364026433986685110897851
0.0 0.0
0.0 0.0
0.0 0.0
0.0 0.0
0.0 0.0
0.0 0.0
0.0 0.0
0.0 0.0
0.0 0.0
0.0 0.0
0.0 0.0
0.0 0.0
0.0 0.0
0.0 0.0
0.0 0.0
0.0 0.0
0.0 0.0
0.0 0.0
0.0 0.0
0.0 0.0
0.0 0.0
0.0 0.0
0.0 0.0
0.53089222118358081607107778608088159643622099414344 -25.798099971830845451994222815787981733051260040570
-1.3495267365912477298106724276547469589553835896187 64.986249348655999404830390891863711986214754941556
1.9186175245619808825227148565436599442018397283382 -90.303454786300430708460104568451923749027347270624
-2.5423357236089220052748699674980367985494892093275 114.92634649218350668303857534227877348959987983988
3.3709630598542495384351264088343143567641836113453 -142.87491443637039638498770268963738972568337908101
-4.6476806390197387927853024246810003347317847964826 178.43936006623938176051184977037522315988123702869
6.9211975981734399048942872900798446835035650253585 -228.86267721160777999219350709279618341972054194853
-11.744178211270585059657378469870910322456978313397 310.20805468381150751263945902957045176750858064087
25.224445573091783321229657494888743398836536989299 -469.98591240092027855261398298580364983381683527414
-95.802998079490499143342653509987130423967106804965 944.94006214644421126240080095377633802895986396436
148.63412342291080428916900796185664932272979331143 0.0
-84.873882916262459107298772241370706796641100717545 -945.08955605635052193058637493093957697476146354646
20.154947947101533343402106968190080895018338736199 470.57097899746764021973829138257341775315206383171
-8.7319730648104821659708167192880826072269802151744 -311.56530321848860109448124531679159506396988186381
4.9874051438726612224857323447643315107012694110496 231.40812666606942948861568306751854770542234602335
-3.4136223795761726051995662174240053123853695122645 -182.72484239636656065345146004450705214373488318186
2.6779937201626043929585219464597182201043801462008 149.68346234093238271326927363216486582721030621865
-2.3211771729827534385591774682417920014801104647761 -125.45424064524165221069176585749398016931969670258
2.1290679305531621053796604189229426554042378273180 106.56763018253666861436353493504918097139131260149
-1.9767279499252981207172468596231909885844101374604 -91.022554461925736506441318646828747804905110723369
1.7996500592687407057608136373336840647815763942151 77.509665231102176600695727085426279070797317689014
-1.5809602123353869808256239708245808502943912197133 -65.016036731307721939608959436003404789199522718113
1.3165411748967556702238414443819994881373556307518 52.518281282130883959022956629082072735734129699712
-0.98091277398557837462680151570024478407919172317343 -38.419302363134970408899806071888646765821080601128
0.39501074109621993616133450485267684464495427211065 15.354343349146638252497072519834281028184376663083
0.0 0.0
0.0 0.0
0.0 0.0
0.0 0.0
0.0 0.0
0.0 0.0
0.0 0.0
0.0 0.0
0.0 0.0
0.0 0.0
0.0 0.0
0.0 0.0
0.0 0.0
0.0 0.0
0.0 0.0
0.0 0.0
0.0 0.0
0.0 0.0
0.0 0.0
0.0 0.0
0.0 0.0
0.0 0.0
0.0 0.0
-0.37425059630763204141192556313094043183975685949406 21.804621286255573417756048652573074313038494340408
0.94594087962883488299963944604324958967290727867425 -54.794990745853942062389217983562325506216069540173
-1.3262899631259095906686401120420239913863664416849 75.693893045055471099204193577193015933098219229071
1.7168909941325571796394359504229491705074434734820 -95.366245080854052172668969811696225911969805267094
-2.1975514618189579974160623187738596451672102976845 116.71885493194592554490049905878261781494352514315
2.8769726873275081450219233920077171064535713984630 -142.35530465862812432179843766940947936863924105813
-3.9657882922999954520583049750860587323657622616283 175.98523610208831375462080122901770970919898009616
5.9469618868013877616791631518297940562098807462103 -224.45244720541236579165895852663456384822731234054
-10.161487069641168937420168020117191577795591893570 303.30807357383766492396718586348180672122332713328
21.859057037970814652829597920472965108170175665223 -458.82954279364742265464744318766534130556829999490
-82.792817734870479381932783250647231620222464477922 921.91643258388567589382271399292021153042492596155
128.63078363885036869192715975260450582135011506123 0.0
-73.785045663872446532700569986068569412724012968680 -921.98937636145339369385722940602425582330456044146
17.854840453181772696129109598156894469944246370820 459.10057345089326916635362600080407161775504907774
-7.9857479434182285429460383400659006681472699489793 -303.92868556948718544336595496829422916337860277875
4.7647370169407982712699662901573537686796866021105 225.60707406169913579939420769685867820155867820405
-3.4286706611173836166630330054843264641311907267376 -177.91345039831051480821090263263304740866789195844
2.8100743671163152509092349626910750128238514442927 145.38747645499078545887612404541153339420996728044
-2.4863149830748693571520684928295742441114111123234 -121.33937401901819301414946186460326903594473620527
2.2557465841547640196028522499625719557285292692335 102.33920289582316458093301136954444797181129243053
-2.0231061637142941280105265634497191775683121077826 -86.356852104412912311390364711145762178841670898587
1.7597752341400856302025747155638888290147649773934 71.969908372181130333141213047664006210037091608674
-1.4561071292236374930377380854063802408965546937212 -57.880475543306222871741330169571053560398920567533
1.0808382942406158135557782680883319699355111707698 42.229657332543086346366219269134662787444042301825
-0.43458680776947052565336835016928480416416861645239 -16.858639655377900456539361348905649414011856460081
0.0 0.0
0.0 0.0
0.0 0.0
0.0 0.0
0.0 0.0
0.0 0.0
0.0 0.0
0.0 0.0
0.0 0.0
0.0 0.0
0.0 0.0
0.0 0.0
0.0 0.0
0.0 0.0
0.0 0.0
0.0 0.0
0.0 0.0
0.0 0.0
0.0 0.0
0.0 0.0
0.0 0.0
0.0 0.0
0.0 0.0
0.28306215566774459045864653051907792172096704868317 -18.939577347338215806548562673472073794909531232218
-0.71213738174138302631781291963385828103328295372525 47.508812214780121641602100008363203215506277373109
0.98728787765685230376341615136729415398120829140031 -65.338321934370108269137812712208544470787726558897
-1.2543710714274723494222565062087366579559052938977 81.706113279881589979482791240595962001630095472305
1.5617979262174835990574085911035978804902983483020 -98.873350611492440739997226098660785329651587051432
-1.9664509633718492161298025363825097362030309807306 118.60192683812804374782553638167654389785769188438
2.5665585933809818130176895368909101671478416729470 -143.06996668520256458344970162909188514585510013058
-3.5558818349097269881107784349226125370487368186556 175.76815271938752233355222045923962627267879643746
5.3598540598588251700378358624267834010142622405321 -223.38389364094029424746945679005309906786264112906
-9.1428227288857176129208634288904887706449570775005 301.28444724604441753581663115355699582072586021289
19.502573805827890282564086379215340201420406599626 -455.33956589049813206869000243246925859335849298826
-73.191392096156851710508426901224089010878859621835 914.57131111871749794321070808001251955260046447102
113.75540544229412280104546151302585619693428291465 0.0
-65.566307212787882148009637344451824332005646130039 -914.57998993395711595734892377923130312328416916292
16.222165867325984351185220117126819224575301709773 455.34809355220052455889179479949877233455282870145
-7.5293831672478230721395271029123317767237923779828 -301.29272301193050539507539769436886272880951966524
4.7140450195244254499906964077549736659976313631011 223.39181971112954273758436574462619675136300346474
-3.5536037425066437571171624021922859093817984677608 -175.77563788563452904625201666630353116268295877783
2.9885725800293359858161403958665270154064920761900 143.07693011779786099263092143818520613434045749526
-2.6286553060386676216724371023475574592308675620235 -118.60830120779626672414768927686624754528694756121
2.3120930838152126189663240073257338141429478346713 98.879076638810011483708106431705473751250636017723
-1.9860309740539704602474353008558707643101496717460 -81.711117748392749536788461629094034481817309007485
1.6302133205808253484647273163425423108706637694978 65.342486585986016300144311021448994029641799844760
-1.2044644772929242581338770527919791494417002241133 -47.511916628856278682735488240852935947181979030279
0.48338536868885444759696904576994922438276014685044 18.940827939045374384741365608258753206920628450084
0.0 0.0
0.0 0.0
0.0 0.0
0.0 0.0
0.0 0.0
0.0 0.0
0.0 0.0
0.0 0.0
0.0 0.0
0.0 0.0
0.0 0.0
0.0 0.0
0.0 0.0
0.0 0.0
0.0 0.0
0.0 0.0
0.0 0.0
0.0 0.0
0.0 0.0
0.0 0.0
0.0 0.0
0.0 0.0
0.0 0.0
-0.23107108548418012550150216426202424463992526487210 16.862948447131163037950679481417510175744515049084
0.57915561574358235544866606224430426515550569915782 -42.240479542262972061114124900343669928691399396698
-0.79565494279598504189198331589315037248606784803370 57.895401461359795651632635912305323670852358401377
0.99580806910793086438565661817883470141616933091561 -71.988646853349171872799623625552278386982394532907
-1.2128522201588875819965941810448313353440332980399 86.379624669330548635733522709991715462794734179951
1.4811428759749253895233181314068003778196246238047 -102.36661657409193718064568678343271455396363107456
-1.8548703257025282554247544598738881894042304581467 121.37249314631817215559581019726651859165456768671
2.4292325859301287515585301158416481491327973220364 -145.42804446301744352495156705051903073402975735415
-3.3772157339937711852097210261529567553313319978773 177.96435838653714244544145739525195920772370411098
5.0657645360998222905875309151585752096300405959786 -225.67343744043645355827689649657049789865768445281
-8.5205282061216716735684122290032039949504845447368 304.02074472954191725103944368089003265416918773267
17.860413638037660614038955315142816334465445582861 -459.24387645995656323090608277387087117366234352890
-66.118745678518498075837780755613302838408808887099 922.28591677207092914747125847527365768971013364591
102.75668381008451465014204966078368034113147922980 0.0
-59.559434407165185332479426232057106589490737777505 -922.23022086488037386582111299903732754221241718953
15.139069984947052187493585599515133332593151852189 458.98972393433662105619413935112475006960805019072
-7.3394200446152248056152967826176160929234759860505 -303.41639225677025754810875561019928451318703145708
4.8227636261445159783866863327064446272420116394061 224.53419956583552503648820443998826061297458871938
-3.7517394043410166660365183884859042848471100762312 -176.05040664331749124295141782189344770386237720500
3.1541917081506353196360447247188511171603748877585 142.40874402403093071320868582342487316947938077890
-2.6999435368085829756695366856477140954101539886596 -116.76315702532752201649107076879327873938979991084
2.2800833047960704325185776390900265581401421577029 95.402760853530392459148257062140413843881692883400
-1.8518529537343929671098382298301039770756255065685 -75.723064818666927100333003227211026414210675301338
1.3599562554200890418703265131187726404296081908016 54.816196191219495760878479320631687182310911050785
-0.54446329316948286080117803878687972628381630951587 -21.813074565472031392303036222922082766235610975756
0.0 0.0
0.0 0.0
0.0 0.0
0.0 0.0
0.0 0.0
0.0 0.0
0.0 0.0
0.0 0.0
0.0 0.0
0.0 0.0
0.0 0.0
0.0 0.0
0.0 0.0
0.0 0.0
0.0 0.0
0.0 0.0
0.0 0.0
0.0 0.0
0.0 0.0
0.0 0.0
0.0 0.0
0.0 0.0
0.0 0.0
0.20409999215562832983814512317795883052429032384212 -15.363132054072358700555115372156747414695684263919
-0.51007778874041548081032127371968142024509346990504 38.441319662035794439664707125835482197308786833590
0.69585262461544460723521242041979017062021786531887 -52.548462701592700765526383384337963149292797216286
-0.86080855531526065959506220954834719335109342954987 65.053562395958250677755443327137658933604000528036
1.0306071824026277041901694271051063876025354070292 -77.554660685923587178607203976995020990467187253660
-1.2289606858121090282654838430894121736194464718017 91.075773813847424130535744721895892932563102379172
1.4905842050172127495244641961296028696128844370819 -106.63047953381964313236401588531532631656622165901
-1.8710720965433497057624187236068259166560244195114 125.52899250844461981648524637967191539358881566767
2.4558529139433435793778283268331409722036615132127 -149.77371506658091801291397551528424051853353307103
-3.3893193391367203660030205282508512187197292432882 182.83648277856865460480908086183017841269268350650
4.9904959421383521892396635849835205132529363956360 -231.55153507503836894893719396463441472300700922231
-8.1915495775756857900372223354000608477384604910026 311.76126688819518669034315778314428532337825032738
16.775197667273283966609539852417713627946583859855 -470.87141995875356322194220914970688582694113257008
-61.075283528638489293952895073795338998655092303874 945.70193250903898305871909799013745644512004440540
94.922449406497286518743850753658985878596535846440 0.0
-55.419697720980037263079608082404493231032160627873 -945.56934146392856905857454863555108992654730291376
14.573356384728760185728198238155222169077886342067 470.30266643267493117777922888537072542811583603414
-7.4087530966951411020134110316873856319855683592741 -310.41932904742311507908241266264856060761970661137
5.0522949397902320257941063257409259300366400251228 229.01994319055269236122348371314919681350574052196
-3.9544322622408361463808781562963398446895196716114 -178.56288305657247117461419202637952221624752398582
3.2494699692893638157904293243525948023251368037754 142.97441398595352798305689074626001316813611633088
-2.6776840636011531168853415050448969272248616948372 -115.00676611431508559406609901407762333899616594210
2.1427474517050698986959077182217071113038243526161 90.366869574991043249002037874544998801996601397925
-1.5605465177444682148824385424448245725639731283933 -65.031989672973077242389657627310560500077477455975
0.62270990504092312852810596946362344695034364903248 25.816275591686984028391357778608450840008780999188
0.0 0.0
0.0 0.0
0.0 0.0
0.0 0.0
0.0 0.0
0.0 0.0
0.0 0.0
0.0 0.0
0.0 0.0
0.0 0.0
0.0 0.0
0.0 0.0
0.0 0.0
0.0 0.0
0.0 0.0
0.0 0.0
0.0 0.0
0.0 0.0
0.0 0.0
0.0 0.0
0.0 0.0
0.0 0.0
0.0 0.0
-0.19491151706210757010196008822379452948855281290232 14.307244859091598625384065440188071931704800732299
0.48611670467024371249758124735138718286776072211497 -35.768181400682081149834458852634431197425438141696
-0.65985136111531400074850882456476895384581006598333 48.791926140604785607514520366074942387650953596740
0.80943388224524738402379376882958935348047615675084 -60.195156599208567967065191613129601571069745229414
-0.95698760644444364537102431033199102882849828522520 71.402727469995649616265323094160863369846761320821
1.1210288507693389496324410580217758492996667611692 -83.268607915052736550655612552496103882133661329103
-1.3269305857804316632429647326189845090093638642423 96.568908542049522563474000604530891227984333399795
1.6123696816474709960214893217614673001707897826877 -112.22434595949611800099171593151047786811124726068
-2.0271330784726504327967887241719596905115175686634 131.52856308424635032524240783590877965545365203434
2.6379571251834468533695291955466556851896509922269 -156.52852733849940445518164340066306135452092203740
-3.5648911234075845561540007890281998421622081471094 190.82197626256850483385851986768829670675680346775
5.1009508223104115685113427841655482659488826480946 -241.52657027290640114120452544819602390350340146526
-8.1260584694749059649994302149467206117286185328542 325.16903831807214397457284719755139192282744504008
16.202269769261288670953989300574314879877623486900 -491.22405378251483328848894557368497742223307275919
-57.839680873374319615838314882982958039392820676492 986.85902671778740276158355547992867213691274123407
89.963897586858409739937785744236446248889815802150 0.0
-53.053336093711076702354326673124678568341136135980 -986.61951136704939222755447067686790635350117477641
14.521923337632764804642183735431560423950813171317 490.21541775233111537580120212405529663050278013997
-7.6896380751342484708671032951427637476505745355084 -322.78550759053252072366379337074739800868277592372
5.3138705752315918825511477027182024919953191565462 236.99857550643180505223741591736448537536760573346
-4.0858468941737722139271511466981582716433499172026 -183.08856417248912935242142564360789158266374178572
3.2418841854846254594684652059027428689615802205120 144.00064698448941320178759008113383954536883452520
-2.5376892405801021944884265955090943706682092432157 -111.56920032080886704391596790698183138514378496590
1.8260438054653426947623274831490939851560596295928 79.644875765837743817195623258812330557398375963696
-0.72522024066397495086313281396080394128481444656610 -31.514782299959561142645107056066269776688806986039
0.0 0.0
0.0 0.0
0.0 0.0
0.0 0.0
0.0 0.0
0.0 0.0
0.0 0.0
0.0 0.0
0.0 0.0
0.0 0.0
0.0 0.0
0.0 0.0
0.0 0.0
0.0 0.0
0.0 0.0
0.0 0.0
0.0 0.0
0.0 0.0
0.0 0.0
0.0 0.0
0.0 0.0
0.0 0.0
0.0 0.0
0.20018612696563445781430147657198663341423956292302 -13.614455810388452177949822814605451738103319925740
-0.49862438351321813195683334611847092746095613708002 34.012603289848536283110968839818890587976485433609
0.67466064067828650968391196062183212057536182900595 -46.319784151211707073077719089223421594934000669913
-0.82305513656629584060210296499321029146375493198900 56.989479645807417486732826581619711655600365454806
0.96487767205387202374139227043902877416326125195391 -67.333697386593892749839278726945073622896048217192
-1.1162809265345796987377241943924774898043528162598 78.098913209222838383405138773972091793155053218014
1.2980334131534145573497082092565365533802490807820 -89.917257649134226884766186641959273857188246229542
-1.5390846366132524521073995079796938953525691226181 103.48489958243875476282984065999293060525261119907
1.8730047980226105971658231379983877090646541511928 -119.71168169079798926481121285485976339636995725160
-2.3349624970041639395424375308797586659225682727108 139.93347770642672841282894040323303690053162151268
2.9753524594633180297131195314455807245486440619066 -166.30399633276076082091362031934090950091655762757
-3.9051349311833413205359708366996482172976800208084 202.63714382278224326868033375212748932292782440770
5.4126798701310818811708073759203878412604299726961 -256.49912139031017678675262130583341690998370563751
-8.3567320624369151544008337288393075336473587596234 345.47273190902607690520847203598389489219008066042
16.181522924403055445166885678324857632945400357840 -522.20045797156660334484845546746504580324289382240
-56.443088553851205446941255393018731983129565935802 1049.6578829780507007320306495759935864754245136785
88.030155768530706454905254210667778499158921584040 0.0
-52.611153030054313357396909671311430222284308579940 -1049.2501429690675652727753560563769369192812090790
14.955267023858192788518035029150538056088314710580 520.49415414414132838519782943834798512852544052897
-8.0740289142125069154967155370366280087327177746769 -341.41308222718914322095350587211122689123791652491
5.5111342317472423854616774903411316757656230176148 248.68502960302909887305794229161437808044774844771
-4.1046540704636528869654766429574081872788720956476 -189.01019561059285939186245686819043750476154823923
3.1022246584949860118928817114533812431562090586207 143.47624562885853194378168756835468633917037774616
-2.1911444118597599231159040318531051880623061866049 -101.25817747190584552560585354999873001895016524402
0.86401062962030364738107617161665812215373156591422 39.885626958077749943035178421081120120464196995626
0.0 0.0
0.0 0.0
0.0 0.0
0.0 0.0
0.0 0.0
0.0 0.0
0.0 0.0
0.0 0.0
0.0 0.0
0.0 0.0
0.0 0.0
0.0 0.0
0.0 0.0
0.0 0.0
0.0 0.0
0.0 0.0
0.0 0.0
0.0 0.0
0.0 0.0
0.0 0.0
0.0 0.0
0.0 0.0
0.0 0.0
-0.21811047962303969663847213452152612577004334961925 13.242481139949611577470252411214738717559288169744
0.54287914906392689233719542725594226976462171842003 -33.064956520465986611454266100797064495636079971379
-0.73320308277454393882071221148093557424987080198201 44.969319623466651566209979706905171193843221074342
0.89158213221098524649900517744405383060032308375630 -55.207991714992750099147313550979359983752622837229
-1.0397683743726191471249353648643136026179553131811 65.025526218917595798764762652973255372303993095928
1.1932130542627417523774332917582359174149604360909 -75.101986846785208152904096312096828366591948242496
-1.3705694329058061959223818857826386840692703830299 85.980933478983089389240486481640352526109011745400
1.5964639111325613255139901313866355700358992995394 -98.223997767272039732037358515611653348348073741765
-1.8965729947672657938681559973481317790547696768463 112.52047667561065448384182969240019594740123935439
2.2917608684472858039434729711611238391407078169271 -129.82048155834146582136212268529749781461136458458
-2.8040687149844537796505303512322103615182814387645 151.55340809396584845456934184911793532075348560793
3.4800027114164864155669252999237442092729554090965 -180.04819309766906288357968815246088765312911221110
-4.4364859489423845977175368168621277066589680326743 219.44656865312954157335001071567361503916587175283
5.9706581549949645336947675917017691344153249710708 -277.97691399293360202035502337517993105740736795350
-8.9445073423003222516920498059024841288771259779593 374.76589267027458992078774282690409601826229185996
16.798623920751276346085382602943546754206213193585 -567.06981930106904095739375554707660249444083656844
-57.204384319557472956576397280279987285647752824324 1140.8552173617169179759361981442247406033137377807
89.831926792616064377469565992857216983491034471003 0.0
-54.549765245947189521987848192244532071176150096866 -1140.1529109164852776396171546709285196081813280206
15.836246002841420508053042101078403452410334866688 564.12758125096886194879443262196022923540750119767
-8.4832318664168993526735889771514473323081373589678 -367.67441414826058073977412969324395180329847691943
5.6231809651959772845747277130293998422255381419359 264.01564023428084264881986772703688798960413180513
-3.9994154999663564594119960798571741537225792457562 -194.17746891142652941858733180428027970201520789757
2.7387610144167089715748973039334854636369158646283 134.73601325671906780078399424247589391702774841579
-1.0674080130504799409340381040998321971425315728566 -52.723432285943495256434657846336226172323675205411
0.0 0.0
0.0 0.0
0.0 0.0
0.0 0.0
0.0 0.0
0.0 0.0
0.0 0.0
0.0 0.0
0.0 0.0
0.0 0.0
0.0 0.0
0.0 0.0
0.0 0.0
0.0 0.0
0.0 0.0
0.0 0.0
0.0 0.0
0.0 0.0
0.0 0.0
0.0 0.0
0.0 0.0
0.0 0.0
0.0 0.0
0.24631587775609654024343791315980261647592221596197 -13.183217907324642544671850829456560061475982134182
-0.61285696406650711489366392251986714254495828656093 32.902404708311213919444716003267300282660064833515
0.82691907085688188039531156843458007849734288946248 -44.700783674876772952856437668640190663176618744965
-1.0037378482437502979377408541579756474585800263427 54.783778932954002879324304643546505520876298560882
1.1669781136298647654379884503106598432130571131812 -64.366793342763898659250375499339835198152437805344
-1.3324297229667177999892235249745300842941407427813 74.093518478816068227169708434448278328862349884621
1.5180614551038085412721940222572858132737544611072 -84.455015766759887831822692674799017659439921274876
-1.7465163513640629730168469397942398222948080457908 95.932067129523233671564143926668241709010798874690
2.0395399464444255298501332509250512003894961838323 -109.08355439341417631308859818817686132166431064143
-2.4109302538352640398035041567487822136174711674164 124.63932904417144955029921548005093341801972836674
2.8696496858414744778216873211799747530673842386831 -143.63645334450767928733358860654257571322178200281
-3.4353969032098173229035575742555369576362059404032 167.65732120828411954280013683814246920936136370453
4.1628707126655739712594308567345994058310419070152 -199.29606730167923826464561803796132365954512326361
-5.1822444900612955325609803933733252971410731445012 243.17687117200830025531201102007556926126031014480
6.8054837689432933722294093850717469991527981867445 -308.49178931987156930267990809390589394634211812058
-9.9246333411104618224992301525615810441832227968478 416.60319762244918975910020250816491451445247863839
18.142814964349273925674710898074922696010696640791 -631.43166307882210271186494933823049976375636027054
-60.862794604756505996758768374954638180089206429043 1272.1024943417309331697588000287723850072653423611
96.944268581790088834650180826117748207853345241121 0.0
-59.888631548345092125924667890811327930972873258108 -1270.8253768052670421973067273620082157681859159806
17.336874850234951362681856049384097128417317895121 626.03485743579026623124076824666748078936388197313
-9.0404893737229651561690683084327526291730382348634 -403.29541544382146555453534651602566137123969341291
5.7359576471137140768101695178614872295141552162791 281.21744737141771841060327138557002839637942593413
-3.7162002820792230523532350952131639851464271972610 -189.96694724513798663701145118933620315243927260626
1.4190978917948450690865271169544352754739823290598 73.586744473862499372128684515428031515485899785590
0.0 0.0
0.0 0.0
0.0 0.0
0.0 0.0
0.0 0.0
0.0 0.0
0.0 0.0
0.0 0.0
0.0 0.0
0.0 0.0
0.0 0.0
0.0 0.0
0.0 0.0
0.0 0.0
0.0 0.0
0.0 0.0
0.0 0.0
0.0 0.0
0.0 0.0
0.0 0.0
0.0 0.0
0.0 0.0
0.0 0.0
-0.28151231079975283853002248366092478222297806201692 13.467762544855425248741355771785908904628504743282
0.70028214220470450844027231726647845574346821131203 -33.600781619749446218404994267167904562380208285386
-0.94435235106102773974392262906405957159950991912539 45.611313013451806179970063007599266928570594015159
1.1450457035078248265590443366735622543804102347003 -55.823749078497095199395907497182360030532911825795
-1.3287290720989191018030929840963858942644612585377 65.461617786360132458007450135196543927213553304640
1.5121794181509644964120211923693186660339001337867 -75.157532599501650947637111189482822253856851904678
-1.7135639071215114127276652594048528217675911590259 85.376583954835410869543405336188749356051027370887
1.9549172907143965906638125318467894248102085665252 -96.554302036217158082838927094763443131899815854379
-2.2561198625118841882136172399040109015329010209728 109.17413847293086610345433119958382211083722864757
2.6271532706242635153025588467809751978945606169498 -123.83905781818455212504314782875578748399286891496
-3.0700300018088716368161047591177743240811209094236 141.36592395020988402031757976283498734354577539107
3.5914302213732863648139042145002891383058978380193 -162.93678939517574129540308275394422077640887975862
-4.2190930965531739715332287342883522679195169977092 190.37089559446084544112628838852054161502820944015
5.0203000119690316152641991870456498212050237421484 -226.66175219499181293328535234365037622985908126361
-6.1377726742659145174648475862186019655304765145827 277.15189225209248984959799278795610898227265300132
7.9027072799651529910112720872381187553572577896352 -352.46066713140121815870053075388614164543282606252
-11.286444536125228911562907676129511204152660026278 477.25117873702393195501057195805128566374644087449
20.359522828059573753664680728144275507033264764023 -725.25826931182862526048610726843474471187861084341
-69.008206654770795365889928574109044966582453524650 1464.3410269595345624615594504794105811037242681966
112.68231426324273053597667880283642195575108583471 0.0
-70.991699580609427933849739946026708122626979564768 -1461.7878127299561059085371650681189273037301710840
20.227487198691888726691541602714043464615155207363 714.25724252675019464651415751676311747038413710112
-10.169175841382450662702783080199782494730683796540 -448.95996343122200777494078915342685648989125771197
5.9367684913104002054514626154792749907151611017857 289.48688332346349046886484860947802260552450257690
-2.1845351790976426309209937566710720708837168891673 -110.27841473622258254556113506267494552064612772501
0.0 0.0
0.0 0.0
0.0 0.0
0.0 0.0
0.0 0.0
0.0 0.0
0.0 0.0
0.0 0.0
0.0 0.0
0.0 0.0
0.0 0.0
0.0 0.0
0.0 0.0
0.0 0.0
0.0 0.0
0.0 0.0
0.0 0.0
0.0 0.0
0.0 0.0
0.0 0.0
0.0 0.0
0.0 0.0
0.0 0.0
0.32239771227476522964656266392059199694000181912679 -14.187917657761795933910252688589630918208160149083
-0.80186182938243766936500770673557710023499615368503 35.387850253622256342722741761191512504935644477381
1.0808902773728994954995312111052574213353334152597 -48.005876608220679008415929394155061022266102879674
-1.3095804450279476146937811344957760173455516071270 58.692568428263913129325538072784484967599394326066
1.5176099410677699248707855185353616577593285612831 -68.722649089382040335280595925619322101861775243425
-1.7232394016569040366162406604962534649661448916425 78.743325981833437688452839403426531791279301835123
1.9455173460831919405669200976904420040925567289089 -89.216965944208557010792944538292186277066081453705
-2.2068805929331171690844777398785458580860875703991 100.56135077318304738029518296247065243086503261481
2.5266274085196439284113386827844411539307910287176 -113.22289794301842737182360909008866643117498706591
-2.9124961539584461264920946432535354223847038597881 127.73742498073189230025971380907148306504907130971
3.3620873514316250378041201509602110060450520441720 -144.80274303609701966158966515433136523097350695956
-3.8745476724157759217516446098492274564945521517297 165.38615042525185268940202262627041729369149142877
4.4639157886367335645577484919082881848426797487226 -190.90402305320085684395728627011258310227028630164
-5.1691778968856617387159686009132221798670201315364 223.54894546400429912770022321456967130745618876988
6.0668659274168612310664528982845283647898823777532 -266.93787260741169950303916269605219083431124589819
-7.3092400125235728811055523620231444713182490753442 327.53020212120845382524546169984892893279378548646
9.2668695933859889841498413709443530957865210191477 -418.15924676325282303515832508189200650475717592233
-13.119035405368046722614747630301504921001950100155 568.59622992909214923224885561776280126903500466922
24.029922881801749846204735409851921487637460357190 -867.72094021881461757008245538436588172372144624305
-85.395067209121868425635674276628490834562447626980 1758.3670943362736039144640357131383796077461988046
144.85934301807070178533099403888024339936022466837 0.0
-93.719537616950824734662052600735314647222231503399 -1752.4427419164112500365636223184243050727432167012
26.379902350914919473351719332651624182154103981947 841.15576705232362420678499865622883269781883896503
-12.503044677737732241618374098123470979016709810512 -493.82225357470363975134448688311975864190670598862
4.2939422526199054018851163006845645764802852838080 182.43679707294347850687928544666496445761618685019
0.0 0.0
0.0 0.0
0.0 0.0
0.0 0.0
0.0 0.0
0.0 0.0
0.0 0.0
0.0 0.0
0.0 0.0
0.0 0.0
0.0 0.0
0.0 0.0
0.0 0.0
0.0 0.0
0.0 0.0
0.0 0.0
0.0 0.0
0.0 0.0
0.0 0.0
0.0 0.0
0.0 0.0
0.0 0.0
0.0 0.0
-0.37400389579643078452821886117073337286345392888831 15.560462559830899845995039627189300036164216839631
0.93009501419794460123750333022983243034377299739783 -38.803325695160007324965151274210954829754904071950
-1.2533278862446508003064466949359440753694167194636 52.613412707055104683112278648573751873468244268243
1.5175800604051756360578094125865566529971810652095 -64.274935110651114658624743680316978687744025963604
-1.7568756906752120684530510069549668602952375617180 75.174567937369367688145181079597622207946040940622
1.9916789666951796806083612024652673493575863376064 -86.007009311525696273496398675283820034785406979315
-2.2427853439038367210412261182778346050696401510054 97.258011962951062355718583906766843784240393386315
2.5341758842985339255945349595155377984403387730995 -109.35458526904623628254899306574306360229768426602
-2.8857446359336285661094091165578861192329240651663 122.73949184989766100841187701495194830837914678587
3.3039260590717082973561640232848036797358002466606 -137.92809246974344734133224427286273543773791436675
-3.7829294734896620759920087579937061117257582498969 155.57069664456176992258277745693778289233069076095
4.3166408237895524692270508975376404255317280688283 -176.53859341619762987176861939756439412299508062128
-4.9111485716484048555388630359813043481466148761962 202.05900333904281672425668142104898343704356660016
5.5911853292132516904984226526611491619487027888120 -233.94518776076376260201894721030161356183367982338
-6.4032075690663514470829054983942258852251029979062 275.01832844560565147492703234101789533036595097580
7.4280361194987924896282525256999564001837465268167 -329.94454639103114902286320864484142215273150187732
-8.8400556891054831135737112725581616908461276621886 407.06491371089520263411214720888920028471741936325
11.138045906068744192230160160959856267298439884309 -522.94570262813241747802581915840615239528714415699
-16.049439854176382027498519257113541571235346053681 715.96406411848699807786653964605960028954076657013
31.164023470445512769570247620922011658161746266526 -1100.4396765347518518051890508744415364062514445784
-120.03738170833108725733038679567336346371493898327 2244.5548034305233814010988763766800323827362430801
215.33269017186604896370147125516831040343387173481 0.0
-144.96623402691328950526837397598341068371037565141 -2227.0498157943494951258021026492520226009658113015
40.330976351895720958051435276284699068915230730903 1014.1683795221425723554615157704017780654241424281
-12.005827104232798906991600809373986510254717455430 -350.51701271982934842371461049503108358975089421008
0.0 0.0
0.0 0.0
0.0 0.0
0.0 0.0
0.0 0.0
0.0 0.0
0.0 0.0
0.0 0.0
0.0 0.0
0.0 0.0
0.0 0.0
0.0 0.0
0.0 0.0
0.0 0.0
0.0 0.0
0.0 0.0
0.0 0.0
0.0 0.0
0.0 0.0
0.0 0.0
0.0 0.0
0.0 0.0
0.0 0.0
0.45222247790211835492397114238990721324477240881846 -18.142171220791987646604961112550504431087183084785
-1.1245036932126870061358439816221218623470953329557 45.234805383352351041924930147598860298964987623206
1.5149240214157329742599066954155672646212314655847 -61.312630395547931363307414653471252765180284659468
-1.8335220521061350741052563370448892878863642284122 74.860484304029377385347940033885308822995198218354
2.1211174691553777721855428485681220297194098845986 -87.485965673920463703270366621295666967171848100800
-2.4018976726961446039258538903213611973664300931157 99.987009783914936316504016753681338231941423558927
2.7000143279561683772051814234039939807568584099231 -112.91319556377808673357931627125513928594175514765
-3.0429174031191268117659841356159188898328538011375 126.73819719956581190866532371602617402698278399319
3.4528004902329801955564043957630798325756843150376 -141.94245617666669006722875020078057952296974856094
-3.9356011813856006166362582851639011701032796419428 159.07257233509915397777758348605455453289090885558
4.4822577719667747958712387470874955930381946177173 -178.80221214169671775403019527088056952789814478370
-5.0820287634381049984614746044592624621529167479656 202.01140125547773419225658811659756272091937537587
5.7358339592671138691917328401503659429640065471124 -229.90466880084134684789013045530845923440510410290
-6.4612232952974950611710776145227199542001958636043 264.20220321006486420233239394633462821187129819708
7.2906174722730102831523199611317980356148886030960 -307.46986898236111794095962465418103042752904572941
-8.2731334096388981341313960421354781562746128215221 363.72730904189817173413311377504671952042196725755
9.5061959699094727488444335538836274836054573828790 -439.65652334041010412542245499931120477653192704172
-11.271417771002445642857812047114550566560330296812 547.24380946039217898331028332786322607904397543859
14.488684443064374570716416775936480603337671631944 -710.33837861386128869648119079087841341844470689967
-22.292173942100412567369841715975981692446108401389 984.17942161252488283113205921660704971069984489537
48.074484781194459274782513437056392426317762451986 -1532.9143218139467706956333025021519666642589078601
-206.26328737296501557309968839615724713492554874852 3168.7283541063625103458897746672790565997193782851
405.61150855108953799027323638004422557668479647001 0.0
-290.73691206604144692084594748612121117903695601913 -3087.7432666644954894398171979959719241696992512284
57.355827987970632886735611435784776112255937323869 872.63779252808484390164106416274067296197216374988
0.0 0.0
0.0 0.0
0.0 0.0
0.0 0.0
0.0 0.0
0.0 0.0
0.0 0.0
0.0 0.0
0.0 0.0
0.0 0.0
0.0 0.0
0.0 0.0
0.0 0.0
0.0 0.0
0.0 0.0
0.0 0.0
0.0 0.0
0.0 0.0
0.0 0.0
0.0 0.0
0.0 0.0
0.0 0.0
0.0 0.0
-0.60835850391601247968355661135022086930459347975147 23.883651421000800528648040419015983992037599387514
1.5126602826505948642037613022347527799161642269567 -59.544973636458900565169630126301778263701644637697
-2.0375283434514909656631483198189458427327396517119 80.691743727398174342461876145076127271585959923196
2.4653541896236231778824740935383665783065884048405 -98.487583826337347735335129416796383672421411262557
-2.8507959086708203044232731071611991302689876573139 115.04150130944113488356725816529014372536392470189
3.2259543327982006487094585933894051951424293183585 -131.39437108765044819285867968465680091836958408219
-3.6225457409416057532707734637259596044481105647380 148.25644289038381350317005673807946620500528846991
4.0762997905173342856249075206724608029248007906673 -166.23234778415375055791094735693454506581109277341
-4.6156462325042029646864919553789774057364476304535 185.92681817320252709546480634001993125896571050409
5.2471957720553188539174241886734835276326708414144 -208.01783638183796286497490442759229067549582960858
-5.9572860034840017986124806259252838164934897101516 233.32836344007970693266390817591650143081201198023
6.7291497272551512625995275037739296497348456310044 -262.91600569261386614450164849488812007856669709470
-7.5596520621670934250650507702408391246295471173763 298.20186920588926875859881671138750067826898407366
8.4642575267792634419724951625319437035971442451846 -341.17156294679197224621788914540234323311209869635
-9.4716517445560554280502697633044034877471269952048 394.70810477873066145726455985266680523632086114953
10.619362812889413581839559288004874058808016903045 -463.17499580980725172236771242073495688801305625595
-11.977335001513713627212075813238054099323905602272 553.50213644492933841133943102322033235786898886253
13.768665100182887279462189921814763033661501185861 -677.36287821398916841735333820150811457083305002002
-16.744716829322979795196813777332364364980239988086 855.96644343695802039722324713059283680563240122263
23.215201495546592048329077554397560525079818931083 -1132.0125311453069593496042850255632675043915948751
-40.645541684406998893691255147848280554468460170799 1605.3428192652139838244562550454513911434199447120
102.36452884223430994721711951674007315615929678614 -2574.0727779727224866015237975395544950951703396647
-518.62787008107434032846295399779648423613584557893 5508.0371541664695998639652101468158551898945833307
1264.0720607973077737274053335747734147498964432585 0.0
-820.97539769401462467997315778377210396003505691612 -3888.5014548050891289604479176825088972049523774657
0.0 0.0
0.0 0.0
0.0 0.0
0.0 0.0
0.0 0.0
0.0 0.0
0.0 0.0
0.0 0.0
0.0 0.0
0.0 0.0
0.0 0.0
0.0 0.0
0.0 0.0
0.0 0.0
0.0 0.0
0.0 0.0
0.0 0.0
0.0 0.0
0.0 0.0
0.0 0.0
0.0 0.0
0.0 0.0
0.0 0.0
1.1331805743953619597854586730210796911295567243359 -44.093535087812940133286255152104642782079242055543
-2.8175366526155426812505935228722772996365400903243 109.92663033052028092492477353898738423796412659207
3.7949260042913190852232344521379498731025078999369 -148.95251040272439340415798888812878008581594264497
-4.5912274480561543697398028047656435301402001925979 181.77628707528013629924005349600675085394607270813
5.3080573091268857208782440486512839706702953721728 -212.28592986637849988850803285059392658747972929341
-6.0048779193472315068583568289732564531885938320470 242.39576195856024247755606513114153359731049959227
6.7401828789092959441561714171325118242409111156393 -273.40695487549272188740323415045195306461511581995
-7.5796251037393487768300450485712194458618172717139 306.42143150207846083562739713544184324648023241516
8.5750950394815408973950537227123364734398131676795 -342.53475345581380104945167692730231408784330178020
-9.7378940085263041534011193576854866446903801188021 382.96749731387330262764560435518020117123548032671
11.041519878769524496291060757609351524022156499098 -429.19158816939222601750210507100398751069656197059
-12.453112178299875303513508444036499527262990395765 483.08537454114613278459084653477449851871282431015
13.963786666211066820854976456229372581713645577654 -547.15284688826403997764522518547121020374936153939
-15.596761393602873840570943608116762501053984409263 624.85997408209465109178472823825362251834093169830
17.395490117242709124472385473566217949182197006098 -721.18134509148703326336780496790956742697845965335
-19.411499131647178247589779671168032424202027379427 843.53570811761721334330832352456162806133852477446
21.737528970996208562208250280102449344310033244297 -1003.4772047984862206869403558203791357154318501018
-24.698470027987837684252382331951161594001777719139 1219.9534724922835341579608647696478522925694997526
29.430181712980915242517473040985251445456532772238 -1526.0901126372418443080251204841857902928033801082
-39.317263202325724555433932226890188638747526896842 1984.7908604109958658511677358567757913247848185161
64.247350924774011763925264302609336915757634082345 -2729.6782847942785054025820449057410999584799692421
-140.25060198274838970611175032495323957288662040986 4094.6968178326266529266801282427619366864717935886
470.90697643090889823108357281464154395693398851245 -7164.5940580777379900847313734270245980328464190494
-3778.6097066702442316810048391326824958301195680498 17897.161574876017773802938852682715212341315538446
13483.155940734779689736299546142761628559735824876 0.0
-11139.156725195472615105879524990125273495314822292 -17897.167178639473274853480708458140992575106960962
1326.3937850300331538951668566214614470402684312359 7164.6015753158170084203876607443678619361024249189
-359.53403889392694523704117243472408956438392703906 -4094.7058453887501158375935497999521554663155655368
139.73434275624576252442097797742260775415708688872 2729.6885985278339066684813169344843140987370786005
-66.867232056007072775158204252297414376363004892948 -1984.8023775640479276034454464826719562100712051988
36.796759715530025750935072356235524965831577875781 1526.1029443945462379940169053528163676379783397090
-22.468468979028101557163005346267089126637734796813 -1219.9677798620992092631944400016868183786429256931
14.908271542318512553588022929023470932911214110342 1003.4930088747002496667835946362807735385389320078
-10.601528975107698577162062307572400574328063568612 -843.55286385345161660098118085826906691857376575778
7.9946039642185138617030016093430944912531391881485 721.19961597328368527159816022220823157342525663054
-6.3341454472710446609197952009320161887123098674530 -624.87909764332687832616616184800121241400310405054
5.2271045098667970919782917290222558750990559972800 547.17255993564701827843157342633655611374694612776
-4.4558085861760795714047454076374580581252950208897 -483.10541252082771973601470945468826130079533618521
3.8935314050349436858047662657549850072192522623050 429.21167871857024551985398720038313541330621047049
-3.4632238292004032708942175427486436575848844132822 -382.98736210438047194585291779868232426880400159433
3.1161347982892133593845907360421243169357424701136 342.55412241989814862804972463620098764175233380433
-2.8201398156012539768351931358154991896297704048654 -306.44005919649274683154857786055805352241926856138
2.5530141449457880418574519389589735409150795844031 273.42462086162654418286493627804379749423257346400
-2.2982577082885596250862071598169971521387399701457 -242.41224875540608458363352212404868163525109953657
2.0421090214366593489776321196448187506513239647466 212.30099206744826530029562964546412945657911270305
-1.7706525624931366083962547535009452972784244461310 -181.78962172190027719226097192631454085230436597269
1.4651535203007311652871846854895931566876198413009 148.96370737024674452209349139884266294306708717700
-1.0882803284562953392926147969571794512229590940876 -109.93502302615172619327832193606731839018852337539
0.43775210335588012824997189888686887891815958505632 44.096923844757169252226981453472708824091979135659
0.0 0.0
0.0 0.0
0.0 0.0
0.0 0.0
0.0 0.0
0.0 0.0
0.0 0.0
0.0 0.0
0.0 0.0
0.0 0.0
0.0 0.0
0.0 0.0
0.0 0.0
0.0 0.0
0.0 0.0
0.0 0.0
0.0 0.0
0.0 0.0
0.0 0.0
0.0 0.0
0.0 0.0
0.0 0.0
0.0 0.0
-7247.0896473283478033378207769988926539552083877665 11643.823511653371877048049156393110063668976820874
10990.834470002314299171769829943108242345763989168 0.0
-4342.5736477033056363751423408306703333556907902546 -16493.417980040726676587037382356747873352328918254
786.55829496002367168015056513897727692917580573327 7707.8832451136479034112930400389112317182274047581
-267.32796438265618120345466617002163081627539473951 -4807.0958200782650006617304767460682338785167800555
120.19029163194933805755940175841283419021207088252 3389.7455778318101478720399195342985998529785129680
-63.891025435455470861814100118318358175385799988588 -2563.1483279331574339901020113850046626606679859381
38.183195828439517234432197407203421103648024530263 2028.3356962085964113030709142445602426956091371477
-24.972978264393871668706753845104734161681597113623 -1657.4463883998053775774737834819334854876921197742
17.579312888061673107310295974233422929956144964165 1386.9707016344898995028523142193615078772952766917
-13.159206129517830329156597264133595887636980618577 -1181.9535108684497041945353735311227595540531602486
10.369707289384827965336220652341994414965459764648 1021.6437077894940772759829362873312540297201745878
-8.5232106811927250381182184303955779822758688777936 -892.97511508337686902905407829535485458200661374850
7.2442179172142697713036636119489805186094042351964 787.31475002172885064467449560163354701781597386717
-6.3164607858623013736236990665487428464111431763207 -698.71684281202819467659005295231399145319118118412
5.6095649024832337163601763950960785542453899422588 622.92598819530428701622458416488651595862431339837
-5.0416121551226326966513883059195601488371176685327 -556.77527665145479950250697759144257291062837715227
4.5589444494549564199978211193000429239387349798034 497.80045297193345155929466364002628790341655309753
-4.1246433134462991480965385227221183396636632281007 -443.97139035018712111028975750324676207833832175653
3.7114523344833525884453482717445651941044150284656 393.47726756139778608692577078629016503743209260835
-3.2967774625010129566644021611936802550053990304106 -344.50751677703469153640194705903721589058389574608
2.8579191699762964303191433920573733559309746224972 294.93525508282063138088020582042879128418634462168
-2.3644868484340955258832804200985977480633438053235 -241.64348703699609084334882661043172622771012126355
1.7561319450007628603828539945753481050345942432495 178.31653315670487307431547072877355027286195675004
-0.70636518106635604631849127519627202539170262012417 -71.523284230990767378114444127083351824342202593418
0.0 0.0
0.0 0.0
0.0 0.0
0.0 0.0
0.0 0.0
0.0 0.0
0.0 0.0
0.0 0.0
0.0 0.0
0.0 0.0
0.0 0.0
0.0 0.0
0.0 0.0
0.0 0.0
0.0 0.0
0.0 0.0
0.0 0.0
0.0 0.0
0.0 0.0
0.0 0.0
0.0 0.0
0.0 0.0
483.79026825738041153945331016652080195369888821434 -2613.2243359394254312415932333048864733190956303486
-2434.5602289894200183326014236862474069422419629870 9246.6409811018120857836756567768984390488700234954
3286.8969546746836674309838028495552276546546365632 0.0
-1575.5309964674084053222513674662575053935591657674 -9489.1791027551171569810971781919797609298806601674
321.55138968980805040797335479094950187521124903020 4590.5233311697770356143048062071805291944981534089
-119.55345923517533329614421328423621345592902511369 -2947.2669661858863104589327113309263190117383470349
57.742312492877592920445257573633971643558969680031 2127.2160817154184326842079679873583374672120675662
-32.609354279580498257945298266771668811062437795558 -1638.8100818149677676804771416478639345551228520524
20.556170178610397935245252718168287046787869765514 1316.6278504253599790805638596557438821184917627310
-14.105886432220127890412298332667014115420888249607 -1089.2496233483282059660599135057544677136172378362
10.367671421950202938431078236729449591127587657483 920.78077201243745810608792407157709598669956179798
-8.0614713931320228716466441839147871074565864026800 -791.21115650425725210003726331910161637032692072041
6.5613137297942300142069988056906860896664051060151 688.50343889777190719634299480343673801993861807202
-5.5367731867967719664965923361912182358193242559736 -604.97380623564473657042773929792328937565563620691
4.8024154298201699328235149540656186485511245137562 535.47092297440482110926193541470885623882752968419
-4.2487144314994757705003444580882088961032133654989 -476.38766396476855972645925828370183005679722687302
3.8079874378155549362170306793361345772474571687793 425.08868906676870076450276376061929022318284588496
-3.4365258968297900931523443590602898555873773231113 -379.55664743298732118065541041904088718983524540540
3.1046455761594338348358130591602873118587824237695 338.15470588311809180131067313771990655237009889183
-2.7907167775754348101841042755612528076957127565301 -299.44412366603605102985343390789323632300882376242
2.4770654658350742776655552652294045884170654088311 262.00638763925992042122761598361915092330418721775
-2.1462051954550005912056799574231003065399049171865 -224.19564197785687447609093302401664779201771146688
1.7750358678799248455160819831410397710850240867575 183.62223532511727275833615088355431402323362374427
-1.3180669722977073672322354305773330765219686034702 -135.47169317353331172221828288431438760634589138911
0.53011831473323186118622455073932042018796755781053 54.333203713695532770470320343396273307957884304779
0.0 0.0
0.0 0.0
0.0 0.0
0.0 0.0
0.0 0.0
0.0 0.0
0.0 0.0
0.0 0.0
0.0 0.0
0.0 0.0
0.0 0.0
0.0 0.0
0.0 0.0
0.0 0.0
0.0 0.0
0.0 0.0
0.0 0.0
0.0 0.0
0.0 0.0
0.0 0.0
0.0 0.0
-92.175335577572044652860129043947985498751394472793 1049.7778918271129881544773035598039093076771347743
309.95190513550257302854424460167688753121290311704 -3037.3757567535642758186442738216699076529857691488
-1107.4318656624146535274700295854420214606358157443 6669.8905581235130518589059187303518101962720632805
1569.3570478376318114834007969679955802925312075855 0.0
-807.97756012644444309932776288630755281014964953740 -6722.3353704692743647795097258341565842362518151584
174.49350791624078459576297447198286972152143255983 3295.7714039114185875726098089363509070372584137771
-68.175576616365800969127125643248637506972308021531 -2144.2884033003551959475072827499163968266988349943
34.441169428519381613248236945506579884893136980671 1566.2100714689902073558976647992799042513085619388
-20.282967812123926489657070012083455466269064846295 -1219.1547387752810125411932666795988356127863090316
13.301377789932561783452687226285889136547655637957 988.18465915635063852769457130212805097325559728132
-9.4703323134606505616132679811129318758481034568221 -823.68462843104320432793638015459143292955635616013
7.1970398931704164432146020325683295277518521341510 700.67355733182940917612377933693573160407307228592
-5.7610038791740264883520737417277099993179622677988 -605.17666504960649769227496197312587064247786346824
4.8028435210967777733595683179124771559886329094907 528.74466256553604116416137693092684230229316160372
-4.1293102845495700783897347240069813901896263698787 -465.94692078165189248522680353993906245890106496545
3.6300029462582280957172029528736847555912274959741 413.10797322326600051371241426494906091334557418110
-3.2385088325595765807377455104612496949426902976950 -367.61836440643905608116589826339815623542798910958
2.9129041662835008426440467613356190303426945655253 327.53047791206031650544257148215646987568889809840
-2.6252980793541178314451623524199140953672457787396 -291.30086168718035621386055951837305265069645698507
2.3557825903270068106187858000631383346494965922223 257.60346772787639225431886396297708038181144484463
-2.0884534144673014020182384813858206624473061778282 -225.15939573771945701000904608270456267056009336957
1.8079536787981222709466668748687212316346015638694 192.51378160465673426200667271499621821472159928967
-1.4944316409695218558042090099719316561458760033704 -157.58592984299979307686036636492300768100215824980
1.1093268219851436691225755001328874437394760679796 116.22255697308455334448277987044129901766598111661
-0.44610258553382870852091272733348354876996639015386 -46.606254191199067644768153782764913463918212029092
0.0 0.0
0.0 0.0
0.0 0.0
0.0 0.0
0.0 0.0
0.0 0.0
0.0 0.0
0.0 0.0
0.0 0.0
0.0 0.0
0.0 0.0
0.0 0.0
0.0 0.0
0.0 0.0
0.0 0.0
0.0 0.0
0.0 0.0
0.0 0.0
0.0 0.0
0.0 0.0
27.973833834666726168382214483989280931240557636246 -546.46448231273360438597159852003089408968119843608
-82.258712258341820809907781345443799153724784553684 1479.1775068323166110273734107319330565877701001373
176.48775365088010755681158517099932193609701777086 -2519.5697383913015563237885203896758212256386972713
-630.91872895216114805786480498969028913899584860035 5249.2142069674508561557498368447989278663810879013
920.08396751127098680710850631050224350881245927850 0.0
-491.35864944380335251030322537522048409142474623006 -5266.9787843337679079338576433728401908623279942371
109.74881612217770912882168852288522258117141325310 2599.1612932285536872279993685423537345797586832631
-44.316780750167082577625913284105334411108078301067 -1703.1722407991315541693251381344575718776756501885
23.133043078411142344756031408415606026060173478848 1252.5585783303145296672705437681567735866855911224
-14.073559498586012058118224797839505179276684383373 -981.09189249431531425971647168744389483325874824995
9.5260492483364671537317047989302758745862766664893 799.59615785499379516526783974338239563722024775558
-6.9866525590837114472036723177989634065031266955988 -669.63079500954458737485702244379443371304022369855
5.4520485300924055027556519322557007690995322913418 571.84750213198588532770387658487708731107143264278
-4.4626780956138136841316599422161207429400005805981 -495.41214997460729268379586945092546322662067123967
3.7864906534118305422051052583742576230073774941599 433.75712224748069070037889680322947284123204976365
-3.2971623398433461385775953697107448565161513698200 -382.63983868730037009746221607887215338376296670676
2.9215660368314409102125723179443513954638452762149 339.16288786426469670639045139068199127438598212190
-2.6149944561659716821755654163285066565626711604253 -301.23608858511198235623795785161694174600403127705
2.3485433577681647219615413822487087377489137425714 267.25449084172881797678980770871838869221012435860
-2.1021549800799747061478006400791955666544014731606 -235.88090957767448097057947848591636949445600227029
1.8602901154868582541608037369292392454682915935732 205.86390491602920158875119213185619850876240991277
-1.6084411896785764714305327724187786620727507277004 -175.81846077817864868798111216003410579288693703923
1.3284239666650399305409184158703417531387971019968 143.80584916748018241466216033719071610141547154035
-0.98561706485514231669033482314841627132347251980129 -106.00755998196298062251082351584633834955867878553
0.39627511377900529332052642274726914703342091677173 42.501233667230113984354403569305240775588987221564
0.0 0.0
0.0 0.0
0.0 0.0
0.0 0.0
0.0 0.0
0.0 0.0
0.0 0.0
0.0 0.0
0.0 0.0
0.0 0.0
0.0 0.0
0.0 0.0
0.0 0.0
0.0 0.0
0.0 0.0
0.0 0.0
0.0 0.0
0.0 0.0
0.0 0.0
-11.130345741404816637384238001578927197347757385486 330.37911113393461403349622599766987041415381279520
30.750584746228426451795183455854610332813016959681 -867.26354719619989828849849940866344081101429195908
-54.559804559096598468700314812293653890932605007835 1345.0243153756595079254765256342803257288126564707
113.29216300640528338495965949481866745671317263709 -2139.8221376981626465829331114083408933890157345438
-408.54987317111917459883628086206212196828371360429 4379.3337448527813191611581725583926119838484819514
606.42562829195020704582529766189622757510491867150 0.0
-331.01646277718273005981232709754630748248979750885 -4387.0031670726318066424631411338621615950795057422
75.664186721365544691034637421606710120662851216199 2172.8004799497279195744661668868704378442784536334
-31.320907351513280781562871432803420768611342961883 -1429.8020501866700061700353932640181471866853360126
16.784636602947038029433751241927240509704545886221 1055.9456305349961235178846800071347953751583539807
-10.490650209345447534389149230501574782281456154360 -830.33035804010370959021221432166242107498051893950
7.2909587667432501781103194864719822207451793290811 679.06852130728493396828040270581946857333440335763
-5.4793781416049110029300241971056136139518428941615 -570.34582354023875844143474938763503257952630151714
4.3669074909887540218905512883985882754306653629663 488.15667734663665513201981175826676670562603874945
-3.6354501485740396302713160734804088764162916092226 -423.53287956830708971407627287580436934318238304722
3.1230502557729565293928287304847595188229990098526 371.02419526315547073554056960173657955151585183303
-2.7407199216309659476884435109378284678990318331448 -327.08934445488314703822898162096647668840500270314
2.4363261376027520280211148952598578975453992418945 289.28112335629504468298954748289246114893938942830
-2.1773964420683400304234765897836278734616101487369 -255.79314450267491359224785214779112347699656608631
1.9421930532572002829786359023086314385668730478520 225.17704621742985170893021527658165462410070278505
-1.7145166970375622546105781784041298885728440794596 -196.12800613497205844273048058126816738435921691755
1.4798840536070306045696038836671619535179471261485 167.25261767121808339638722078665027934969268314207
-1.2208729497855900233195367747250492947132348956570 -136.65555358914351575949344647208556014695445344280
0.90521702278910875154185927420913957030194101458850 100.67105095016661439446012534377181509321185333295
-0.36385069244567784865558869908939666356025795911092 -40.350683214060767762823427985220985092800694769908
0.0 0.0
0.0 0.0
0.0 0.0
0.0 0.0
0.0 0.0
0.0 0.0
0.0 0.0
0.0 0.0
0.0 0.0
0.0 0.0
0.0 0.0
0.0 0.0
0.0 0.0
0.0 0.0
0.0 0.0
0.0 0.0
0.0 0.0
0.0 0.0
5.3164246901564329458563970334577163643310829464282 -220.49254977946714488355640789747255478216397936925
-14.188570051255261177389004420508983857834357686720 569.20998457563945335295258226511985709362536846067
22.872814741472488901103608620459404075246286907782 -842.63025243679537355461718823950227066766451508949
-38.420604649194837596802797089947618001313993275746 1208.4218584706390317738811159502135663387800159368
79.206550391049533493340241128548514193127803508001 -1875.8343572233869545835698633455405241545782630371
-287.31901840437165133252260927345170422224111253693 3807.8753942478039832386118686722106732098816935665
431.37177030065539719649701973089399515172161338956 0.0
-238.85480733080010059514447576387140788549874686273 -3811.7247080225973454813324350395399307195873491001
55.563889451661741785257254942329317435628950076801 1892.0278526146374543952036633295050182922108706367
-23.472811601816160094386830544880978928751927397356 -1248.3195193901054403831564443341848124054642986107
12.864298867837838200209322518607898110538615597742 924.37659764787154112488599003446324649862738459201
-8.2296429861872032893109817805659716315301070905614 -728.66831845731715732818153460115229933397310355106
5.8495096075097558608097914531280616181717308093475 597.18474529439425230357729667438388132771344292884
-4.4852993381045932540291903824091262034354568328712 -502.38292076889306418255740059641644086952813029568
3.6343081789876121310159139827554122173026184247390 430.40700589123768034520379072157403223006781684339
-3.0631806385530829183504556764244522923981597556898 -373.48396345599191611395293120828196294591449500473
2.6523499278479092423984544277730554167833761211430 326.87233654072710605633096955207015277426853095539
-2.3355551286591363292261001364955589768447946050459 -287.46470735829669461782344529052532660300051616833
2.0734269565506079760188258482258612940542672475858 253.07417979868463285672613574448156790052141178586
-1.8407519172302067730652845649366240007762628218428 -222.02612871034787346884788370279718787798439392054
1.6196027498312782038266041339540942445098659788161 192.87991984352362105393678161387838013163948007167
-1.3947798085412014199577466728490117682545985664569 -164.16409381559581363892456668843026994744074279337
1.1489388471905637136774660859788099731386705393152 133.94981321068402488976699176726648292852367466235
-0.85112769052130087712275228064924041158210645073613 -98.595053341310458651154366558944320596506680848085
0.34198616940373977866963148286925770706878048751694 39.504733515075124555153268717235529037317038546166
0.0 0.0
0.0 0.0
0.0 0.0
0.0 0.0
0.0 0.0
0.0 0.0
0.0 0.0
0.0 0.0
0.0 0.0
0.0 0.0
0.0 0.0
0.0 0.0
0.0 0.0
0.0 0.0
0.0 0.0
0.0 0.0
0.0 0.0
-2.9099583775501000791186041325933511951868265536646 158.00166289320855368563534477805356441132361677958
7.6010616067038164599651091821506948914196332477160 -403.77721800003940079442876791204578310142398995354
-11.578994463839607722616236552839070348229460814800 581.91194777819928818609859906698080272471005748711
17.398686878058363178116455912009145474228282031840 -791.20422073083604405624747978724364231689224071855
-28.670328401633203915976644689401622783962352717326 1101.8514125278043236912442101721686362569895983412
58.871941234116161712709885641254437872520292502401 -1690.5882123614953965435141092432833524672638797542
-214.11011958856301660267861892488281800678218147092 3416.8407250983544549836689150514949785449111959268
323.88111623759160137225487513066160067355208949427 0.0
-181.11641003868253510925037678185149567490658338618 -3418.9705144705378415311767631881283742532383353708
42.739434363244459077121703401085177222766987359147 1699.4302682475335960536741148731481148633112478953
-18.376082108005891391321025439209029113243681001384 -1123.1274565781676611283862961242800747968127643851
10.272910169099114155636127617788730179174764038704 833.06713806679657930609486428776873769641287768934
-6.7073805635470059850101191823819140289671268275597 -657.66150797576932518366635960386929323307680704634
4.8596769951479938011103451182089896723275011500403 539.59108277645367393349074577032329579746557147601
-3.7877548802643507641000529156214928612862597586557 -454.19674647254159072580956092689060160851604219344
3.1079254795948992356421764474899505157358685501206 389.06639887417735839902372794661106339018086344397
-2.6413299977150981706700438504262884833436510209930 -337.22060494352247374544790945315130187484759448010
2.2957835052257748570569404900704373081360614182917 294.37572191616716330908927876404383348958473511519
-2.0196750585583578826484944388674393630725693574588 -257.68444271165787409127645983784588764163425901115
1.7816781339295398795518949127381291109271914148262 225.08105778332079889544675928579354326875218469775
-1.5607177936723099395893275523429669401720195432728 -194.88242339937838430644958227661740530420974124694
1.3400158364816348996139515727674168353905509939825 165.45953130050071261176033653025740826977055628630
-1.1016450785277683470692262992416677132171669773591 -134.77425663442889665028501464236225913146621751468
0.81514392777164427343071249529200867877093522186540 99.096677839043257586408491227364422871503071040296
-0.32737286122406667374079436801984276511919807116289 -39.688137803597872038859804696022177088335766300407
0.0 0.0
0.0 0.0
0.0 0.0
0.0 0.0
0.0 0.0
0.0 0.0
0.0 0.0
0.0 0.0
0.0 0.0
0.0 0.0
0.0 0.0
0.0 0.0
0.0 0.0
0.0 0.0
0.0 0.0
0.0 0.0
1.7760164156593357521759200953674615456254902072601 -119.54572008578258607945082451229109240855409365188
-4.5727630844760683821980056768407126542011523198876 303.49242205440124902204394652108390980455660735541
6.7139365995340132855558423566979731174571246155844 -430.02932142169045219061854702423434839304139122190
-9.4248938750031990058419428558849087885941722637792 566.50506654632688007367991516440947532478229720958
13.765868400781303014883393278336099447534506544344 -745.36482273948663498249408732383548826685630810669
-22.416030410206366397622588329300962291373681314707 1023.2936701947516692345173180303530517257938511980
45.814423949854079531662653314578997629574579306678 -1560.0449684147631031246080793369021957104871777990
-166.59585264357500031321307295773817982556945586082 3144.8630629317920705458235730508055643998435988932
253.24269635560257689691196555578424708336045324189 0.0
-142.61692366105404765480745884633297141931010884921 -3146.1122489588459231458967050600555749464102954274
34.069908237114098452167746389949734964993544535487 1565.1856600067950489010925823807172308280146104895
-14.881903819880929145219601350977765620472907392889 -1035.4870571198409659161374868130526367055693838813
8.4694758447161204120282511302169095294278683732534 768.81020232803117805159236256479365512182009208402
-5.6300791251161664313586473463332965815196801601228 -607.37187654469875603440315551174206747094828343991
4.1455505001361687587940521486122239600185110319522 498.47183437040715966795741246206943480069136127405
-3.2731911486315647683120982534588711864681823990678 -419.43219544308901830718738392777538196126920784739
2.7096892606715474664737147785279601631306146803870 358.82169896419815635697880550117826859014770470114
-2.3131056862407395912695281386339497696844397722652 -310.18514305218880512912940220163337701087093894918
2.0097672068640616488275067532793328349342724462819 269.51858837027393146185682233992827212699575110370
-1.7577772315059925735852204698746949690413684279134 -234.09500013899331187090558905536850998806016273216
1.5307069319869799849019809687110154901257954847097 201.82775321182715561023838476957084870004006038189
-1.3089926478114513320091920868519231014754403577562 -170.82214019520825326798222809393776789707582873623
1.0733369528871866038615842412667099692662788090154 138.84069591456133101631110275853589013839006537345
-0.79298670559055196069410046261234181968806846990235 -101.95080037361472168433129018280387869053679127761
0.31827716032910732344046997785735326366123572109589 40.808560183390230579764141342526413779336849478425
0.0 0.0
0.0 0.0
0.0 0.0
0.0 0.0
0.0 0.0
0.0 0.0
0.0 0.0
0.0 0.0
0.0 0.0
0.0 0.0
0.0 0.0
0.0 0.0
0.0 0.0
0.0 0.0
0.0 0.0
-1.1872799271592447160144745933234730958086817586334 94.470654667123046297420215694020380470949245152405
3.0260437147079908207331634440665824793926630203016 -238.74846536325304477654938276556691477508968205009
-4.3311213698357007444505877679490841825458295482868 334.44706530413467158912202481299284831978878889503
5.8104067475114475816618914285050697203093154938173 -431.66617037936718349792571744409258738701740539564
-7.8729907287224051680039579162598384196511472883596 548.83964319108579125264806629458479478146697601396
11.292790071036820990405974432042584487202270829051 -710.44566612580752625280364137527086861888407755030
-18.194479851952064072480286149598703473300297179249 967.60987689197074984652660369580912998974930801692
36.957287977888810352468997741221978790972415620110 -1469.5171978218277251340796615919593314003146269599
-134.07135660598433810541212809274445262326122281622 2957.5980635726143007671028371388557804013057969599
204.41710780342046490514824442913547976166119276120 0.0
-115.70863411149969280671772921042083850046909909851 -2958.3444172816940153418656770044993577983141668053
27.944042715564178541413111699083446800688052393779 1472.5685796836574645763297030818295688105824569975
-12.383479816225925764413010568538857573539359600298 -974.78187867157430631042893008198660528612725437130
7.1622190672556128049143761129123655571623257388614 724.04497184721699065706574610224914395213056177436
-4.8362008012851102970278402118830164530281666827314 -572.04649911251272244709186626064649948125351200904
3.6086091214284520641595033627900081130528909669662 469.24390438637897415936742258086657157484419733379
-2.8768263293534658188091394814055806175509457588738 -394.30042607820327400733556775008144952926846748258
2.3941568852435970970612370381380275219600469825799 336.43107040218677698429196583474184378979536422352
-2.0446289122671085649810604432676468770841526405836 -289.49961966388938176788072409505223453344096698336
1.7673944521040692613893402453466979501652318331347 249.62809133000622841046766688090555294421891121872
-1.5268457529029475381662923190420058960853330809976 -214.05640560412638619775217789510597537893401865021
1.2987155689479842478435778486090526477315999026942 180.45795028405343707865849365353036109852941704710
-1.0612332996101143860917562867857998641486224464616 -146.27268122089045936093959664546521706504746995605
0.78246870758695934424245690582656146131802508409266 107.22909231229101009279693066569938227367206709206
-0.31380027966605877624745176977921618566524323013030 -42.891575567461026497343991357597872479117499835821
0.0 0.0
0.0 0.0
0.0 0.0
0.0 0.0
0.0 0.0
0.0 0.0
0.0 0.0
0.0 0.0
0.0 0.0
0.0 0.0
0.0 0.0
0.0 0.0
0.0 0.0
0.0 0.0
0.85801221056831863122897375886923445180018158533459 -77.401967568602152649772051262722094200784602856106
-2.1707753658432417223525731770616219611429629902364 194.97799029151429222675946679715922380103344900862
3.0506549515628511333015200273616612510254557143782 -270.93686780008168801375933979276419141084940229650
-3.9644871872991226342745905958631366377285578874959 344.81230940003144412288537417484238908386973992095
5.1069370192511630913669361189079445295717750362731 -428.66534830415278152774528665813232819118657855977
-6.7640001959332050979138841062232783242117726658457 535.36764570315189691825390562025370446589874931035
9.5559208879621275001875180412914558298273556321904 -686.64990828927368333038479402892524054772524055113
-15.227764075993757721280856658862641841172014456792 930.70545916815063086842214833103591408987785792939
30.693597701660770404766689059245168770986254950165 -1410.0765591239027840705483070410545629405510602329
-110.88624067618721658031301518057133136122633737070 2835.0493770555239012311834456341883273117824225366
169.33385636530163822699507416226731870881335879669 0.0
-96.200472403065633814588984782983566987360417540763 -2835.4760281078761451704857311356794645602564374572
23.461841386048110183148972179942985994351316095012 1411.8104439200873197979876991554577342393972983728
-10.535674506743060285311885733330547863913282967080 -934.75669374074086366077664865057933816104660672443
6.1822784691550115176012834918879482577301793614573 694.26681307951112506605937625256684169828126016829
-4.2306402770196172744311408325459654824751487632077 -548.20601607191254842452244822926710701778426448746
3.1897901050615664548475997354750262291894358874096 449.07468280456800760160833506611096154036146683599
-2.5589993415816826504008761259462732248173320924040 -376.38200911424931173354224437565506370625668308429
2.1327282186407220310765317730104586789364383138267 319.71855066291294886760737177186911810748505233548
-1.8136823352925983000887103157112507984790696500739 -273.08058241793214510326255663271414165861732731498
1.5497845808768990996780796736821005429407566577478 232.53971070793711182770068272985649295579741059017
-1.3087021427957190527740269632020599995355876270119 -195.05691633018417603181880497017219766747897948272
1.0644465547765177788970132277159638582957095621468 157.56185067541270252305236290316823777044741376683
-0.78273848159893396632942196650557496419516200957379 -115.26298361716138316073342404795822696537175396167
0.31357005418312162968811871315496698776921509653064 46.065050555359741711810221224544867652955347502336
0.0 0.0
0.0 0.0
0.0 0.0
0.0 0.0
0.0 0.0
0.0 0.0
0.0 0.0
0.0 0.0
0.0 0.0
0.0 0.0
0.0 0.0
0.0 0.0
0.0 0.0
-0.66306271493246416937139029664527404114528943160564 65.412775004470608464812950615019522008941958186234
1.6684828778597474282938233259659115177760155620133 -164.38217455422902835046733419783152852943351885068
-2.3136424467838739029964526548423346722411545975236 227.07761732142003476310624135800096650512445102747
2.9386358469344086738668304036397692924041582731177 -286.09323598834892221390910997845756941750752577543
-3.6533130508084709467662441046184146443557722303253 350.14921694524035093798213737375824701655548501189
4.5851749298226526774398481023701526486315539928101 -427.05603736677246292266239757335186787704242831361
-5.9626247961306699246522015247851363023337494100465 527.94219519374011745060453346127197438744020066534
8.3032242916254032800980280451234190979189036707845 -673.33824432319356602711477032200629859229523009053
-13.076917630649192468128704540417334274122683250663 909.89560996019377555356477909690275248774951674293
26.119880859080370042806258208849386246124413477825 -1376.4406335071612065752692042874442306540167732065
-93.831199190448646921462986561177664616980835212691 2765.6425103444070590391125575329737680261651310763
143.34747532994542359940245476376956544368000518109 0.0
-81.639927379441428400751421476318829826494925502065 -2765.8391115343901418125524787635882299180965436391
20.088494621856098680898696780281202379619374486649 1377.2319142797434435579816478127289318839773633776
-9.1302590765892965844678338485105545333271998642863 -911.73628176258549515879836106795611964993832436326
5.4261839262805149271846448944818694096544822267630 676.78178382034593176697422378676595952483637472136
-3.7541189829104845466432877000311068698755181905177 -533.70746854402124904420360002189004623748516503596
2.8514978931063930132037679736606307310892103841120 436.13431164911268476414644564319172578897219392332
-2.2937062633798195091033885180206679218794716090785 -363.99383156658861201971852210234154600053879611435
1.9057520471880442915805956470275988334595016804346 306.99660831608076007499031416065332903718732244601
-1.6037311937012210809732042940473800057231529133181 -259.05251685624754104555135988941338107348510987404
1.3407923798220815330511388508020091929891062985610 215.89448984957423781316924339441761058374817281881
-1.0836828093728002147697890250710550119505796841998 -173.62905654160916925546030211335235140553975939830
0.79400638842506939534103345788538986299818282782002 126.67989263061802874711128573960842858672735561009
-0.31762320507255746965615260782452958987049745222349 -50.572285211253199364654880776318185738366731408580
0.0 0.0
0.0 0.0
0.0 0.0
0.0 0.0
0.0 0.0
0.0 0.0
0.0 0.0
0.0 0.0
0.0 0.0
0.0 0.0
0.0 0.0
0.0 0.0
0.54272364035560135589226791696575322573295594825083 -56.812233822838827167775073576579664607731313480414
-1.3602209527018446464746930028257277061858264920638 142.51008302047215192374513397371968584420002406658
1.8677713536373262039407822459365446618432971414179 -195.99230474449129574927471314615167661069236164721
-2.3331411296874349158616461161944424754479258187103 245.08967491907866833668201253063389104076764875465
2.8276681140617918986346624549451323702371800577120 -296.58484126829534640226895229479589216856100905501
-3.4178541009941513715749088400906153975972168076672 355.76278212492997148709645612922633392165213363013
4.2036536396914788033848770227312930166324511414769 -429.15697153521126555268043280819149402460982381255
-5.3772125933115347629148230956104553157234289037513 527.23797454448371496193478530201612650858108499667
7.3816663028719103352006038077445752118923551898953 -670.06512184216295724603627851438622221907599886739
-11.480892110698223465647054969675002228727243137559 903.73350193765064347428574940390862429090759852879
22.697767154128598763114370854574026431751676170517 -1365.8324679034365199241862346656282863469685044108
-80.975490934572212974911950822477618122481938857978 2743.3289946671020476784313896750256142891094361847
123.63145704303144364979499270020341686269724446397 0.0
-70.514287772285985256311722756800008028761904110383 -2743.3327943304474222865189663930752358798869232057
17.489777003382870861818789625588252368547810441538 1365.8362203514582254984469146898715202263802112900
-8.0353031130126495652638429687165025761897189082592 -903.73717523083371113322247342324463401452666128517
4.8273474191422821469250002262651986405350851506139 670.06868326640461714697943517680745967881579155858
-3.3677094128852400389008776801036491560662777382553 -527.24139011682873091873763997210498345344328718525
2.5682837882050898165168129806057222317383339028565 429.16020525849255050991728692373803413316665046773
-2.0624231415600046420763372617714215418199920611357 -355.76579477991272367233562002951370326606640190212
1.6979044048503053362883553387482720482946973818547 296.58758829813680657977665890264994907831962778457
-1.3996820069360512267366485353918824376149900177379 -245.09210232794494017443054845814218410735636349227
1.1213995047126915006870313854014945424337007716204 195.99433982855119185821266740743064712202035139394
-0.81756366377201006962625869734325443490865629654172 -142.51160677636077139372786492131208764259309268882
0.32639894521862631028822495345611883504130990782006 56.812848783170997457269346804760653373213267629466
0.0 0.0
0.0 0.0
0.0 0.0
0.0 0.0
0.0 0.0
0.0 0.0
0.0 0.0
0.0 0.0
0.0 0.0
0.0 0.0
0.0 0.0
-0.46650404029418329341301709687190400246936220333200 50.579063815298352415181355182208478443494438952785
1.1657597871634328020535567045293193815558395459964 -126.69688928531090908393335758955003314692772612945
-1.5892820075813200377453286448755402057510393832096 173.65240599002146098457532168484611247559698784047
1.9613387415680785303730749895437804361308014619400 -215.92362660408027314146840907907228103107283403874
-2.3338643508592877291469975598147964015093205534724 259.08764446727574363052661135164625139208029895050
2.7466768452925620129678994366577248245799405926335 -307.03848096387622503068517287158379025245066038250
-3.2502010487345042820030354576963201745653430455069 364.04381800733297724474540893424697806765221100503
3.9284659276351733282220634406284796345285058479112 -436.19466595403108128365621313157791438524647401937
-4.9479317526192126303527874775975676045947806352543 533.78194636677043427910540816167500170336411591223
6.6956364211856405968877005811164441968519690251981 -676.87707378855288837640278804298286946377209907304
-10.277671074341915228508406000752785400191294027236 911.86585411858826427080821946021627580410909541441
20.091376890004149836909294916951727850890863526255 -1377.4295175224816619114081864925812523646802563907
-71.103086145564607950496299428893378189816743745787 2766.2397815197658177210375184343377507672884812345
108.38711677503444161840605300985395358559413100392 0.0
-61.849071614507968452784548062355214611141550069997 -2766.0507511953153765879444463074942102676602321140
15.447730952910051458964955185325275958606627878948 1376.6456253962195971250521383036908887676403001282
-7.1635538961119083397213322985921570189072478404949 -910.03225773704750950486563862546827510968876781978
4.3408979764310896951176020216667087472312158846801 673.44014934174790390178716540741910478387983025741
-3.0443906752863716430359402720945518958172859271673 -528.02265356271775465414919252801357169606742846867
2.3215199188418632330563698206462875511188922484851 427.12151923200738220764702646709785265627132248090
-1.8501845208704191833469072000392403489259373003761 -350.20318451822690163725732716079630536337660777961
1.4944507186114115470407658076834267393751119642408 286.13751446950198399218306942776042260701273842219
-1.1824714946940798666775210697825213808242757774579 -227.11287084953619564831132508340601540437805646333
0.85607925983439101306609817995307394231594878593266 164.40774545484050726957147044364836239344453223792
-0.34083072007377797927798877236742782309940996002578 -65.422959107088315663115423163626715912636564026100
0.0 0.0
0.0 0.0
0.0 0.0
0.0 0.0
0.0 0.0
0.0 0.0
0.0 0.0
0.0 0.0
0.0 0.0
0.0 0.0
0.41798796001455302180327530183167507629103896450606 -46.077787832916372795904684026107157583008315802616
-1.0422756104787672716801160401378972647450292706631 115.29486979855992786864695548284123980772833578900
1.4134978954081596869969967508669424061729074471228 -157.60548701737954459944281501025493249823163366368
-1.7291110818221916530430817997769582341286075742723 195.11103035270331687261249059727039648234332352331
2.0305240843730389878170755069500115657358244324600 -232.60437278466364767506938285582893364368964564286
-2.3446767396632999034196289855357965783332956672127 273.15673455072351663738420999899848449427467207066
2.7004227138057191767861658249285932236397676901020 -319.80800681949321223037921540048568670184756927457
-3.1397036636220431231362217784555576681603031450321 376.48771739039415038634340740705951807784049870223
3.7357914091613624091128503891413058026666517675171 -449.20132959149946900645519121268751440126705303051
-4.6359612168232549377027459569022616846552506273773 548.36130530403591733068492889441045779138548664476
6.1840378565414055976463928442389421632465312576692 -694.46439141245397288333222689417520819059066244614
-9.3634655153601875007782542516539439177212349243109 935.02398582273069691529707304698563056486181094014
18.083679714901906036806842089234513688469689917226 -1412.2161047033710197675393807124768614613754131475
-63.419730452979915952862327867862643150728588661400 2836.2946844770527071366393673948822324274367832103
96.426906031842893407401510503851856326527489835504 0.0
-54.992786120812859048156996738152415852759190690519 -2835.8755089973037463606987583673394628444723529376
13.814714166721956100080653066245704710198150092487 1410.4892184738199381171143246809041179411363744186
-6.4548874720921816398611522292095943011844327110233 -930.97891331726918522494665937929675478892923332571
3.9350505178803819496813237208210735075052070152265 686.85238141464209690943537613074701454071941941483
-2.7639941108180759369850719673382841915987767229758 -535.52600977455227308113787431357341540346898455779
2.0957885698710535481167032051358526042000330579590 428.79248985246234260147163158778917885384031024395
-1.6420365388634847627570915676985320588499793747380 -344.91480167268760103033908323435905281692931708383
1.2757032153201736724327842303905245559620761935611 271.01753118412640855106636444421763855265235559423
-0.91429749481296387218357718986304482627787828700658 -195.03609940394488367836592881389967536473046265433
0.36256924039641567436445926246321580367759808891128 77.425045839317000796639467918715902822857924817588
0.0 0.0
0.0 0.0
0.0 0.0
0.0 0.0
0.0 0.0
0.0 0.0
0.0 0.0
0.0 0.0
0.0 0.0
-0.38801451235000376676537671579857429391630456471209 42.909341663156571224681928735580939492255916850958
0.96601810523144747651795576643609165757522341616806 -107.27352179301279482084946040872590986626686147707
-1.3050895140830165531150491502920225196205705352629 146.33333327123609173422362766647200719739930599548
1.5863524066298817220630885313386231124468656941933 -180.53286380834306326460661808963213797708319972681
-1.8452656807195841443673669299539915778322859739031 214.14540432949986023705824123304696297286893080476
2.1020888671509885314386045201703287995565714452607 -249.73207807483764245334328862148327539104844967484
-2.3753626699883975139884648123434521434753471529888 289.62048580057977612375565739433723653069359440665
2.6885907999708360246624432407332577171255796294739 -336.57188612104123192408961557993530032139195529189
-3.0783577876943920793387562632311415455388643770662 394.46592228253777813347334229752479720862734480470
3.6101282450990258782725755003422868190913441684916 -469.44144296660171923389504903701530993463660232446
-4.4164873821296857760108310844302841104340765146230 572.28806853198659821637205461881462423669411852812
5.8075818962829861867449030514547475725098278482942 -724.35171546854697924003465495186202678175450533399
-8.6706591952636038482058804420331472428317684008803 975.19619836455164652287650707109674633842510549777
16.531155901911711636034209550500936995280153014696 -1473.1965182771763133355442106625948635470395770697
-57.392222232552988512402459697592865125029839973935 2959.6099582710473688839207912751058989685042703650
86.942544371661490971787037536026601550190080531972 0.0
-49.495045325710837220610733061160430561137552397503 -2958.8708826507567480184341939213635738774879973926
12.486917756097700014837409195598990333566242097702 1470.1513229326071464766172239590692991556176170598
-5.8659511459557207895067644360889276628333615716481 -968.02844230739305150494097697654723683327406374263
3.5857485457279038448549173738560167371696213330217 710.75365151162077859453701445508099324437979610216
-2.5096056828420279881889355890540654876143674490477 -549.07800672157870170985754645353004176685722054426
1.8753132516746867227729420168475364510434933268410 431.85392217301384522387973822582843920503647988977
-1.4171033155467070007715491092427038421687729791769 -334.59269234147025437192675719131838908680350212553
1.0004819540704617243513808379645240693393443100622 238.85249646795297411055898969868600832105332007135
-0.39443500181855286109210836498425979812921364853005 -94.511831345800319722873970800737813211739354151607
0.0 0.0
0.0 0.0
0.0 0.0
0.0 0.0
0.0 0.0
0.0 0.0
0.0 0.0
0.0 0.0
0.37142820238278595799489826995337981644177698957955 -40.830795246434250956329142833682415172637937954480
-0.92366982047743821903560402591715997571612628064710 102.00636304567461090355361011756600315202337440394
1.2444272069681449471600813754257800934443054917787 -138.91640628745467872357664593727915895671098174445
-1.5056672782134900560444029102649872549654755878153 170.91537209724608370282325412665558462648586665712
1.7395043262286240685648263395798160303912869557636 -201.93803710010770219897044136532197699738015172477
-1.9625827980169204778844261325975606649029533475536 234.22310166584805809615402415403664063682617456677
2.1881614943158003031874033650151604204306483954508 -269.66632602501322557105060725444981933944870901530
-2.4309051127973738453791740768284191739892473997592 310.35550022411587852494725411941915482808825957463
2.7111806061229141103402374802609566575339419311774 -359.01918548649750168255064449285280438384358204157
-3.0618764630168697965864544827980166866185610357526 419.66356524472598577948508676282548316114624715818
3.5426172492176072069605848193942125430596266316268 -498.74746146022109316766086338775807911951598448312
-4.2746454330368814859205764292682928043614374315283 607.70854716507924338124378221932613277979450267388
5.5417845813704879291147992175210703854752131453865 -769.23742481430409538600307996624447132666363049660
-8.1556445508326025494568237970551449476185696352736 1036.0639050853450632572646712859293139157515327876
15.338413927712321880179072637932094565101047131528 -1566.0597253356361180020894054754761282112148174025
-52.656617559045002330948820641141929279910916166364 3147.8733163903249099607428135762611193311712972037
79.369936498912916388271769632181652209489729586025 0.0
-45.033875955978250595281101799566235515489956747385 -3146.6310259730127637806862960443063264425063280643
11.388174496606392017441744675638211621317855303781 1560.9236361286792128175196877191867115711295245803
-5.3635303939013311352441281030443773638919240928649 -1023.8709776046256239714101696369341727460410296006
3.2727325433822159057798371255691433413975555948585 745.78592435228546136319826212629827357130516356535
-2.2637905613689327392563584648791178618531680619176 -566.82548335475174735125598209897552441057724966316
1.6373912243368285605997241432089802110669707735850 430.27275341479802545007474676758989625877748772490
-1.1294656894724164724608524030454717402177345299215 -303.66431751057675293105600625951726655466385629986
0.44133521834222216807433089530133292139856879678639 119.61344554602586778450213253081457405513819891572
0.0 0.0
0.0 0.0
0.0 0.0
0.0 0.0
0.0 0.0
0.0 0.0
0.0 0.0
-0.36548966641389191551144331605927758187426727371101 39.714582373534155756290202722866787672035105936706
0.90814969954202697221849839156667761411776652827884 -99.162719969618032013961649522810395139213935118790
-1.2210668294560202030388056579945745070946615111741 134.86411742379182383975545204137253232514375221412
1.4725021760297214144746313519239558671275678838341 -165.56993086968045719995731452420460463662048759578
-1.6928808827812988933225784192506435675038729138004 195.01257999500070888609159545445137386254735517370
1.8969006179401285916539473151069444376595370161714 -225.23156205716634537008634482572201083196744240317
-2.0950022604309939714655222280695674086189676012068 257.85698839638044803989275467609594946139493896989
2.2973231913260909681851237070282172631339953318565 -294.57314741655652588274288641538185075422654307777
-2.5164033664450477280195245331901057250350871123186 337.44715723141831633900159096269246660473604994735
2.7705911796637301499435666046177814709674538552615 -389.32826915654981200466572661400673736897896400180
-3.0901397650488790658318549952363248551550913749443 454.50305293711089191928511815044829176524076453342
3.5302945442762339740342594609172924530219761538262 -539.95571405077161393825200770072133183081014978734
-4.2036012965146835157626774194509478840337807048991 658.10683742232650049685988004994127416135717584864
5.3734740739372926075004770731606809921469393385919 -833.63239644980094691464958428955327219255416780054
-7.7924324792064254464738910982784581380603208840458 1123.8910597520312043417766429605607384500101383697
14.444160500599967792814251103625410129828060102507 -1700.5879339790058824742393352026773261047584868353
-48.964931290249428042251194624317605495299629250555 3421.3038232184902967810429503680715210978208043686
73.307369531979129998935590283431626849475272488322 0.0
-41.369626815603874632862118053785086563024865295236 -3419.1801709379236460284736245888812147672269604540
10.459187408131927380366782236583954024921117694936 1691.7473044996967301922358396890660668530448115316
-4.9195825758901543866940075989061605243029592184072 -1102.6077335759498593278091307291742545609604548101
2.9753165144693391779149254378536900266336333543419 791.74781892598027648756171137459865952124468074730
-2.0011405497343984358274587310354640092680500033025 -582.31203047710976031329513179897427290103885144190
1.3295819860062669169201189634077581707687249042791 404.05495225207289921782778162560969649693804386687
-0.51222330515541658241412348763153837910820852040955 -158.11036370492759150218880100966848772477066847688
0.0 0.0
0.0 0.0
0.0 0.0
0.0 0.0
0.0 0.0
0.0 0.0
0.36914914105678172587683943808690043999033053758677 -39.535411166705044860989053251269553925370966906647
-0.91669258845202799202462206716277421141774983931985 98.671630997034455467825618577038672052671611666590
1.2307675014083254553227563957556445336007137783368 -134.05389189837097853755847668841668338286468108434
-1.4806504677772365160751058765867793481831649694832 164.29172767579549159444894987113808632230839178428
1.6962833110774852540870046969133681597238151464531 -193.03000352360809299021257087098293649890388650622
-1.8914324743971043350841414336372446093439981957796 222.19906806724054843870028087866982063971555372534
2.0750439149406052923424259832624077114833434116242 -253.27153925570545918752821317520107802265960492568
-2.2548457952481074090860947910166924690386925011404 287.68919024230483277661222467038863430370897410175
2.4393533586520760656738258671505942908234321126522 -327.12797358558120814905738795893529882958333875021
-2.6398455492487671328484411371961729236772138705169 373.77652144786375815723092129231211180879026770122
2.8733441275368020573143864733660513113865833036616 -430.74472029884814044929842520172389002814261713274
-3.1682530804018881843998546281300618407445127789379 502.77779527393896287948948691615589538425728919658
3.5766306645182638427690056072990359252657124706479 -597.65496210650992638331976481719257865662268421010
-4.2045559971513710586240633192157595316948406671952 729.24307405457125232692608952469434022599897843663
5.3000365327363263768782176531007822216102762409077 -925.10698339278803954403214719714312382098872515570
-7.5704147760478257133287263596616822128979151455259 1249.3075105698752596054922434956506722836143411961
13.814784479988050172192679167608092573548308352198 -1893.5276790202751766910653596448615443161523714470
-46.155746778260641410987760307632171072562222486330 3814.7507315568978334735782641560040475247301938929
68.464327346823961475405697728128060287906960391447 0.0
-38.312609797610000810504845958198564465154571416984 -3810.9059452571671611748692252122527761999750537238
9.6491129445310294308398585214312411774389356480746 1877.3287569697301992756813733541149412631349900283
-4.5059647693797392827221197134833835000189613733411 -1209.3853346187877235879407226163343153264868054262
2.6637546111383207589261720087747718362658635056863 843.30248672436644888979603555732908012813190396062
-1.6602419973980199615651941044770287458521250854980 -569.66426530458444442352539870270276868715060598500
0.62465347815638154484812925394190381739623651986780 220.66855181730202507314441753542669158050675282261
0.0 0.0
0.0 0.0
0.0 0.0
0.0 0.0
0.0 0.0
-0.38289031582482488767756910977360406041554234517995 40.385941990326916484775171727647376614925553934958
0.95040393313989489482189081841495568339134827220747 -100.75903150283839726356306169092483009621448939808
-1.2746964325856623769646396301673132650060434617589 136.77502470439011543118385440695876834559729904481
1.5308623806022091289480424974043323956757409756143 -167.39891850654207426874709952164563615896788515309
-1.7494097935678026870677439940206182832905177276820 196.29969114606670691140017518697114905189849728776
1.9438947386643212742057471615856172210785537739384 -225.37433890824871112482277586933846033283161607073
-2.1225641700547272487040590384051870248477275200574 256.01750089477517621195880194635797091163943129300
2.2918786023840490121271289505648638136261995598837 -289.53515806910684771963624404861730785773979427085
-2.4582146942468243625207241227897462889778002033165 327.37696158366921039219557474908965857680231705620
2.6292054473333632497325865837798568276060667097396 -371.35090966871297338753837588432883929033168586502
-2.8154016840674358527992642425623903680343160910058 423.90639014606054809827093409573505100963038581276
3.0330214087750067859207066369500167610455283459603 -488.58784479223076784401642769488943898834436803453
-3.3092979778674542423505599550047097272558274620091 570.85037572311356465453342695727502166471263198349
3.6941896539263385224724254171732999569322712364825 -679.67019559467417265436257802913444145881493630171
-4.2893618016987224007892171534113271674796170329563 831.06718684839205163434740510533128592535988865721
5.3319746943765049339345951812812514561959493116042 -1056.8840607383831828674579222723615977417681946086
-7.4966591029420297196121733690195949125427809418164 1431.0745201007010886119384421346044523165024406154
13.445257963854014373332492509432253543218106720707 -2174.7367200790673879398551246583450628324983258755
-44.143702068915327326519941255189103922085849178549 4390.9171823263478036927746206783187930803888498615
64.628573905174042319450925898131250139740193826010 0.0
-35.694958936908344877512387251054740815328327134647 -4383.2484880171555073928716545587017099400653482479
8.9064784566875120022283631624021871919102155207297 2141.7363273238446607133276056253982308872642950995
-4.0839608248320216613886098299178843897445991676084 -1346.2281595242790625850769644603854395076893731301
2.2639466749607724322273250289549646058037931713963 868.04004665412467181035723561403925628198981221531
-0.81664688371590391980032930923248070647851541374780 -330.67495788611393636550765191157114255112723653978
0.0 0.0
0.0 0.0
0.0 0.0
0.0 0.0
0.40920755035138096839947483473291088324599151565315 -42.541885858753157820142305380559857901557066838204
-1.0154137214727818702019607799258032072681361096895 106.10896964229296922755002061155834264405655976140
1.3608728484720911011912073007032994597522206684771 -143.94346212578562025056059114825760631431783004011
-1.6323556725839745725455631871781285541784891116114 175.98679210270738037602835903731368000345026335051
1.8620723814950945173184247213416516825610384708971 -206.06113449705000819936848356558018844086543698845
-2.0640068031907356361925028442833003743125037954018 236.10708467188987103589777789486593477957277275757
2.2462760698020824005652761420639433595438387119438 -267.51099819692567195908847428242568671537594422839
-2.4147701533210364707005682303606117662877941398034 301.52552968874461722536948285337994040347081892389
2.5747619486529991969822972883063779491616370942297 -339.48916562191465835498818374132803661208420205611
-2.7319658043839717349068714327848404602233024992224 383.00842060042116640475924417014728815144027358670
2.8936069327605867799567210745448782930192589389469 -434.17551532607194058700239295690191803285219468868
-3.0699387811160938770453282634484028574007064221020 495.89068976536140362395808185620907677701208184986
3.2768789120771609751298426089816895506348501383709 -572.40066690543322033345892029193011805503435895478
-3.5412034140054518416032242012887202398549612666830 670.27947678867304910477084301047466981356857563167
3.9119391582828540517137897300462830394270840538590 -800.37182946114449008502761402077543292742071202018
-4.4885161837075407131318625809872037763184689683299 982.04492288871639223619216784335193659162665462235
5.5019493649048835439391752319114614291276677306112 -1253.7768786338141812001729345682035557388576697064
-7.6065637018729518655687013248820174525548015770103 1704.8308132333077014372161423598421964867876056022
13.372218464718155911082188940611071221667478821018 -2601.6951415752267427771066149508173979061276539619
-42.933465411089825485125530673728226340450978880765 5272.1183313622238058985357769873971409252759142360
61.644514390022921292935031547557965485948144065059 0.0
-33.334180153229749026542488742701361612914456069579 -5254.3439644442771771743755085064242750879430188268
8.1625916262340828306576877098645593619057271135634 2522.0331789656709958406524117788985576135102809825
-3.5590132069713441897499298540304894745081428724195 -1480.6241894648668812767445330509403859167788037228
1.1827855906590793553160903431937079699905168101968 546.99901424638076501851868501367332930432483975635
0.0 0.0
0.0 0.0
0.0 0.0
-0.45441498740069380369111469565912202028925710157241 46.653945790482773706066777264712900874201190239065
1.1273477873903265789626023347583988444515555060030 -116.34150144413535618761899589367650445982104449219
-1.5101006224661917489211674879370212192621198091302 157.74725511890956002802182119233726491616144716963
1.8098054007624990189918842585311017711548062556929 -192.71095590288297567112854219759008961785986001862
-2.0619382085806404013746237962184389411045767967310 225.39015064940544549310082080040122980203455760274
2.2816639258262204734246527848411644133961266158938 -257.86767774832544690207474211945517285056264567253
-2.4775068090245367983751338209162611778278547260491 291.59990540074351082826510060232885058139462506557
2.6553142643668304893302090878547018979050287484766 -327.86706072909230491400245121123251439734052242768
-2.8199202132566755887690877867919202220547708326274 367.99657111414017342361946930972911249525535574799
2.9761082280512148863551141025063866810889289327541 -413.53349686311395915694975896320284423129832824799
-3.1294181287652092404163090892044582927010427126232 466.42748578428758440867625563197930450377678128649
3.2871101059847642242947719633280675168774855861996 -529.29071651282144797227940286881159603625268661573
-3.4596416613244982161207590426453626896749625649003 605.80249219000332248162490595399049059171273174447
3.6632959789873652456907812229961856447308558829776 -701.39911148593803482683861336228376321805117802958
-3.9253828537184938650715132943165578110096762911826 824.53868500196930799441943972797405399667367025691
4.2956185468643001446250677913397357736453143552977 -989.21058440016486308518915825858256683877318111902
-4.8741276520192968167020088575899668164029840046447 1220.4219813594078856938921374727048178633692076497
5.8918001186879721986329164665124188748170965559531 -1567.8398821884753040482196745101986847794860181504
-7.9975772745744620582595781854493350523225968442781 2146.5220354313270490795640271785460693061845356959
13.719859357471190857567774548379717422816726276060 -3299.2075750889557542249362320707523537548905184992
-42.691789387250630656466121904971608595482016963982 6729.3494205374205875659372657246006805158977706995
59.398746034933641490576249320381762092005783137438 0.0
-30.955625325840187654572601707982870261949567977773 -6676.8573741283853185076295377112003060946036345913
7.2671870096654546462552272347634805590857268610611 3040.5492870899336908110316208581297454730298390571
-2.0112055581624218281516015595261972116996033134203 -1050.8748663589392995395070889908315285899280550632
0.0 0.0
0.0 0.0
0.53497535570144745338486002344758330061318071367412 -54.391509990466295701740440860195018253477951262003
-1.3270162064753577133276300681660769713123247635619 135.61708905239850924103460173580347664921836069131
1.7769414853836516118571465166790751159027909648697 -183.81936584627508482593024427214368439811840966122
-2.1283937918945409064823021449683124674841673900186 224.43643829046164518320335167583145677580504008292
2.4229168559773246469965368041179052658355237022588 -262.28796278852175124790456630329192840291694127864
-2.6780939339472078245185111760168053710689002755173 299.76617073181586300321842213358790679983960131978
2.9036045456521756443127106572374536735744499992647 -338.51870139028609420746614995376365304751233299245
-3.1058397575020695790584556961284798763859300886440 379.96561025116522550020051101528160768527577926984
3.2897814213734684933319797353845143802021592846037 -425.54720651483478855220254835874060916653873056625
-3.4600063147451194859089391641113901403530562069922 476.90211085999479604704245572428846530041560804331
3.6214124480330990173414625629655837172103262834403 -536.04987945202145782141905570355220653143049095946
-3.7799517087052021642467857876386608157878430264811 605.62873497566871190924617586281743788260426383482
3.9436053517243517165910939226078655880666041764613 -689.24974927074098396471188838341890687763855428255
-4.1239409689370423080932145149696872693287159356564 792.06989502239102822299465313161443883778278423400
4.3389056174202125380616642309729475390228597982568 -921.78139425558597950176330804928222906727730736292
-4.6183277383403971587042137485011817273415582968623 1090.4347588026482943778670911864887928949511655495
5.0158490887991809013885355172055154646449033850345 -1318.0620282271455443112972006683432592208655370361
-5.6379831442075196800019974925055379246390980139661 1640.5971149477459105095047627015998199374552590171
6.7266095040267648817846954321894484630498388161667 -2129.5379455187243484645885523939267524356766705131
-8.9506907839018102684018744443886660929433702780932 2950.4866714725840929778985632427869745319980658475
14.873528095792250416504440520579489519122999073145 -4595.5418405725856891213133621947869090449019041668
-44.042395272432756295480922786668935409283780083983 9499.5590802538043211829258582525070347303567238457
57.810349799883191391352511832098426700089810099102 0.0
-27.924383716767945001341242159906406182543947956108 -9256.7629473655838581803131146263956234183519714615
4.5213763407099588094925893701716523562160976763244 2616.0852846591677091537294006235295443799648955242
0.0 0.0
-0.70881333289079077614897605735464735105540182496973 71.602332629797037006235981152336394130390940624918
1.7580730756247866375374513735351842829877916888615 -178.51363433937260292940164509453276166434664052061
-2.3536610863436738471388543247611522544534782458020 241.91066100973258656392324811530810358512288964121
2.8182265302450650196931598346987275581404289665804 -295.26149281086432598181643169926857883102680512069
-3.2066420179859079870978934081294109709107762023554 344.88880944069667646905468628432775967489832770721
3.5419995570252776826878393370665730889660763038649 -393.91307155503208824140599923831482131564837954574
-3.8368580284026107918517039264828697061768190870111 444.46353489179920726850718975582528339932112690366
4.0993226286764463327103954626624762733721226450221 -498.35279396947365393064047733353745156061706555483
-4.3354813701784581577875521036824454247028594278077 557.39370228838789128859847707722716797945040678043
4.5506502338488418007438290782083246441256182234277 -623.61866905980602314922428092382222334287092162593
-4.7501931680267717647281120963416081665084841988608 699.49472291968557822573403068657025321709804015814
4.9402453703610736451234824271666321187765077050288 -788.19233977146814349475951568715640615823612735085
-5.1285562636763631764345204263361690851499358850770 893.97171861505873798227176474387654780396604646437
5.3256937768863121713953286232934112204152510924098 -1022.7853283236127068199985995771780407226462927431
-5.5470047613021761685673474949708184551891118969239 1183.2758791937870635625777631380756444257876084736
5.8161145368232514650702701944260345988373878205169 -1388.5242719389897201856184336684340978320100931089
-6.1717098642927533950627878336851729123250642017721 1659.3049981794269594034113065665061729021546401080
6.6819274980650474909870432454215261970275518208950 -2030.6125719198485089612986547842192029742206084297
-7.4784889005213758467692796479424453395489834734140 2566.0282608082155421402046712726361851354503918224
8.8507818290185536466501162520718212281216002059192 -3393.5574352341426971748713103859957244272014652536
-11.567938851398348446223659600293534865609986659628 4812.5053461676376074223937659746586378987913977941
18.443279202599493651679657836038376101881783640341 -7716.5620420226437955070147727405734322688224101227
-49.810861481989499547917687654987363014747570442863 16511.996884857576948081357403850404390062311009152
56.824483113939491056004298044993431412134466381457 0.0
-18.753323682370675319993680278951516048896994266198 -11656.944761937394443724552450499536082251269591441
1.7504863410085255511943849557316723282146733801378 -176.33510445519531914416590579211834369784266170749
-4.3415864083121281397872804411209325772055605236679 439.60903937299814315471677378095767287895782199570
5.8119068325674436042844836954371387033679278067720 -595.67743487189954653488893934533477217724486121987
-6.9580975208123515659524445980132631876630850278018 726.94234971552519979899975634971242163299970817729
7.9155017616449705812039746589304537751825962306922 -848.95209986024613422776179063589183225313227273500
-8.7409448817844427364727315849976273583850971800993 969.36217310925616620491068536936223650182290489315
9.4651813229674129226653952702133538560622064269048 -1093.3759879460344043889538336467292823161821437088
-10.107874988921000309631890372617610768314273509915 1225.4000956642085580829863943530435958543332032380
10.683567008676170832771192965939324419789029728449 -1369.8154991581159722541143332084169087381018983599
-11.204673099565898192596957186305878537035834491310 1531.5030422221436147774998751069107939458776557216
11.683381337929364559990371713474280108483687099079 -1716.3486908573295959388929752731758290095609512896
-12.133221687279982820553017418155994172819681157074 1931.8637237487573444733079142817641141270114040878
12.570764069435243377560869759044772551703290991150 -2188.0613544488508757421563645951159005452299874508
-13.017882087952091377126339891716873465510884089099 2498.8016553103857471665876996624829559215640110113
13.505210299859726600749591178924090179913083160439 -2883.9774863223409400767008168919713444187915009456
-14.077920993194736165896707148649813333533180853250 3373.2556402800941581108665799569313337711253422768
14.806091532287919706116073808365769430017595933928 -4012.8400128573309914522835866965306204031917920723
-15.804667244147475281465434824585784855245557833588 4878.5005700771718524007715124153415609309372422037
17.275117346497573707884062633108248083267782899037 -6102.7037559714390395083191739895455042243306036151
-19.601492340569679928818752312932674797850107430341 7936.9955160175852910857485801510415367347840200209
23.603249408064506208944358696358991408218567776611 -10915.718166661491622227053032277506226185667510753
-31.337738405480059268673005154749083886502168970913 16374.279359559484885736099108363967260380497988488
49.516563772910208567784674179028316315652109840791 -28650.469253540832513901748693056965641938834072189
-115.13772270641038974351523750888996495501847508195 71568.864076377113735119826890859948557763116530844
83.877385431997220023367077701368041568276776684171 -52901.103952107393875952686892637332370089758701740
