tau,u_left,v_left,u_right,v_right
0.00000000000000000000000000000000e+00,0.00000000000000000000000000000000e+00,0.00000000000000000000000000000000e+00,0.00000000000000000000000000000000e+00,0.00000000000000000000000000000000e+00
5.00000000000000000000000000000000e-02,-1.61195526586224052654090157405276e-13,-1.14697982162510425795328243180436e-11,-7.91137619983156447836166476808606e-27,1.45598330449857190354229757194528e-25
1.00000000000000000000000000000000e-01,3.79676056900601752713061210683211e-12,2.05576165527856522456075910152577e-10,9.45273545311285694087927189465342e-25,2.90668041182374250617565550366397e-23
1.50000000000000000000000000000001e-01,-2.62085535806623583148684985472209e-11,-1.08820329045179856029662436377000e-09,-2.16906428927747128030847699229366e-23,-1.23810932529266892543165383603736e-21
2.00000000000000000000000000000000e-01,7.96249834357307456390159910778342e-11,2.40604226100040410897823791642172e-09,5.56568115878777354210829295290232e-23,1.55133814751295508760368385868957e-20
2.50000000000000000000000000000000e-01,-1.70535921969706240016316065569427e-10,-5.87058503305832097014494247855453e-09,3.92060254804321353449346579167495e-21,7.13323223911659937094809006348385e-21
3.00000000000000000000000000000002e-01,2.44617027809548745045390694965101e-10,1.32809040566075414181030947362432e-08,-5.84140733597982913556409962320843e-20,-2.07004589385634862223102897117032e-18
3.49999999999999999999999999999996e-01,-1.71872129373139202416797433795948e-10,-2.21730648528551081847366018552879e-08,2.93887739512008133556734948444774e-19,2.20116660538298655325810837759330e-17
4.00000000000000000000000000000000e-01,-7.99089040239460420413407007786005e-11,2.59879694252184470781942083973154e-08,7.76583325431920184004763709484711e-19,-8.33937328839633332601796332291840e-17
4.50000000000000000000000000000000e-01,3.84783367299228706562875738987620e-10,-2.21191805931679513338987438762937e-08,-1.86231442717666785054731781654781e-17,-2.69454858716958451555673458540610e-16
5.00000000000000000000000000000000e-01,-9.58207375955971354211213578436970e-10,3.99187706635787405755261253850553e-09,1.00871974103335504237149404809352e-16,4.56294962274527315545515818121471e-15
5.50000000000000000000000000000000e-01,1.94021522866529199940429653000179e-09,5.98810370850512379672228279304760e-08,-1.28924319931872701318805325142722e-16,-2.12959200579130433633585434137663e-14
6.00000000000000000000000000000005e-01,-8.48855245086666268988290876805600e-10,-1.49535695748475209466324444468944e-07,-1.38309789056960695819177052806349e-15,2.45892898181259371432548176503500e-14
6.50000000000000000000000000000000e-01,-5.01912712688032132772463772030549e-09,6.46535663948074388522761596248105e-08,8.90073995334884696474121349792524e-15,2.33536697950162304004370003422409e-13
6.99999999999999999999999999999993e-01,7.32489668155186764671058334866701e-09,2.89406462288944151524380489948351e-07,-1.98955172015160524318180906213186e-14,-1.40334359539497537826840011585744e-12
7.50000000000000000000000000000000e-01,6.70056371842486501808479365079856e-09,-3.47625240200895679646105483146754e-07,-2.56762989151822115367657630750093e-14,3.05697186946585626066113066587801e-12
8.00000000000000000000000000000000e-01,-1.81658269506421458303184179092323e-08,-3.89420090243871225309914377676556e-07,2.96773009024277214416911762696443e-13,2.56678547767863204871150994635931e-12
8.50000000000000000000000000000000e-01,-8.13730645155423309581811940935801e-09,7.43413727104048382757631133114762e-07,-7.61168834689599520118900886817881e-13,-3.45664769935659246491258502895269e-11
9.00000000000000000000000000000000e-01,3.37518141073469902774952861135133e-08,5.43399998164635250317345498898267e-07,1.77047844857310355065591259862263e-13,8.84231330974142493150074083916721e-11
9.49999999999999999999999999999991e-01,1.33597507912781937890916813821045e-08,-1.24053008782218923095744449148937e-06,3.25776334078538407231093995141922e-12,-8.35820611706827845543349379751791e-11
1.00000000000000000000000000000000e+00,-5.41962293549193408332939357319784e-08,-8.95951880998694311544044915090651e-07,-1.22605185307814285757847920083700e-11,-1.60798660332245196107607808124350e-10
1.05000000000000000000000000000000e+00,-2.86986090034043495966950008010930e-08,1.77120863385296238411700581119901e-06,5.28205862976993867601470612818789e-11,2.41949727326620699651206970875160e-09
1.10000000000000000000000000000000e+00,7.56385383269953311496347014072616e-08,1.60952090463471377656057439799476e-06,5.69090484297717822697029142410329e-11,-6.15038008705521344745209203688802e-09
1.14999999999999999999999999999998e+00,6.16121949834863797947627198601274e-08,-2.11032098198487821932643380667234e-06,-1.08439926910961299191556612147751e-09,-3.48719967452133034293157337602472e-08
1.19999999999999999999999999999999e+00,-8.68074178809651018892017538917245e-08,-2.79147567501473093704479499657716e-06,-2.11452559132942845410984675683102e-09,4.74721412705611936018788926824705e-08
1.25000000000000000000000000000000e+00,-1.15549309161057695797688429395292e-07,1.85404040696841895330820979159591e-06,1.36921233993245905702711889344105e-08,6.50691308257235014855090622104264e-07
1.30000000000000000000000000000000e+00,6.86827683156427948224213506964895e-08,4.31391281977885461427001003974198e-06,6.62529116666650792777085427235066e-08,7.60848912631786837112071927034118e-07
1.35000000000000000000000000000000e+00,1.80999937729594352409100822234145e-07,-5.29753229180926969792398551050905e-07,-5.02574124747621757230800645297980e-08,-7.74373096555078255845658354286380e-06
1.39999999999999999999999999999998e+00,-1.40680110633906699662198038329064e-09,-5.62861727138154505759594557153512e-06,-1.01314323162615187541948032416650e-06,-2.73554528065965092396741847897688e-05
1.44999999999999999999999999999999e+00,-2.28748651848715748701121373884688e-07,-2.10556618950881422149257885996510e-06,-1.88869057826508584692994755576202e-06,2.29151900296078499645027895427024e-05
1.50000000000000000000000000000000e+00,-1.19784968423522187770325412612731e-07,5.78543462357498406547692323930437e-06,5.93157660536377074683141764241404e-06,3.26839557309199581099010088177448e-04
1.55000000000000000000000000000000e+00,2.15224509738728239892086194153464e-07,5.66401603549452119602377378912356e-06,3.34571407471722373949527832619559e-05,6.22248846801627764001266534693108e-04
1.60000000000000000000000000000000e+00,2.67727055649622075236297674748424e-07,-3.81149690138715069669563225627701e-06,4.08774619130839653502134344179811e-05,-9.28547665451586539514823000344941e-04
1.64999999999999999999999999999998e+00,-1.05049906101725032122035549892797e-07,-8.96317736998293392560279235860206e-06,-1.37800895574135033011871505507042e-04,-6.76809893274566428969105005662133e-03
1.69999999999999999999999999999999e+00,-3.88081761852794874469629761234223e-07,-8.72319208699447090366943071338211e-07,-6.70606718308803508955603983201913e-04,-1.28640870759205436773991112712856e-02
1.75000000000000000000000000000000e+00,-1.25247645399410531422848650903723e-07,9.95949581588602820868032530987597e-06,-1.14601750269544196843636237370150e-03,2.35433208546450914334527186979310e-04
1.80000000000000000000000000000000e+00,4.02158607272393526117359267755749e-07,9.09717341309478123714913851362228e-06,1.42184388091061027068520720740688e-04,6.10101188069097067331918533454366e-02
1.85000000000000000000000000000000e+00,6.45678200486309635754081331260092e-07,7.50449405045944399782321407596052e-07,5.93799676745533064080210692677545e-03,1.76805825817350725696259306741336e-01
1.89999999999999999999999999999998e+00,5.40047148837577193479224431291896e-07,-6.53506312053840714032983137039920e-06,1.81809076235190422836019657988101e-02,3.08239024065192803636553425699737e-01
1.94999999999999999999999999999999e+00,-3.72497887896318581131324954682159e-07,-3.99917913681022974437518872056277e-05,3.59695996634364240125807934150269e-02,3.89639476702976434597443556465677e-01
2.00000000000000000000000000000000e+00,-4.81181878080805706579189848122429e-06,-1.48325847098499486960366690197020e-04,5.56705832243722929200244045231751e-02,3.85334675930208695925687237759091e-01
2.04999999999999999999999999999996e+00,-1.60548572856025658543549696483705e-05,-2.75130784303959884727505259578734e-04,7.33747801924023722385245902220971e-02,3.17750035647811686991664281363704e-01
2.10000000000000000000000000000000e+00,-2.80121961666752162176238053861668e-05,-7.92264752792742935052375883600178e-05,8.71713799934020487900963596088436e-02,2.35770260310250661833469867906540e-01
2.15000000000000000000000000000000e+00,-8.17310976249504114548936930700621e-06,1.14618966058886797206170222941751e-03,9.72037499323009058836710558748898e-02,1.68506406999779334251783519711454e-01
2.19999999999999999999999999999999e+00,1.18269534128894368900407200353004e-04,4.34100981359697037958697615908074e-03,1.04286515117164554843155581155012e-01,1.16371013817757409779347382921330e-01
2.25000000000000000000000000000000e+00,4.72527297551085087380192549280035e-04,1.03611438085119203234139950060944e-02,1.08961887822394417584322783964867e-01,7.13689621390461255051943679071791e-02
2.29999999999999999999999999999996e+00,1.20902871002220747127051497469221e-03,1.96356678304398439230594519881297e-02,1.11493773692261431815290819150966e-01,3.06644114488713489392466447376196e-02
2.35000000000000000000000000000000e+00,2.48838932347366663378002437284071e-03,3.19778948511488767280828199286663e-02,1.12107863678226621671371874254660e-01,-5.31562997057414614686621734998699e-03
2.39999999999999999999999999999998e+00,4.44700326424262851724666900174843e-03,4.66390246354528768571894087221187e-02,1.11037245763593030571782842796467e-01,-3.68772246299880126468127449949767e-02
2.44999999999999999999999999999999e+00,7.17473834354010266322758264169248e-03,6.25588557981630169154120232452386e-02,1.08479233948375942070644538985372e-01,-6.49335200105112300271732596061905e-02
2.50000000000000000000000000000000e+00,1.07072636536839967820704588007639e-02,7.86744185957949108535540413140920e-02,1.04593120427261915020239875153547e-01,-9.00611665356423288998194902516604e-02
2.54999999999999999999999999999996e+00,1.50320994755954572193957752895633e-02,9.41434314459472118184097053942597e-02,9.95168120257812101332145246144807e-02,-1.12593582191907985730479812392345e-01
2.60000000000000000000000000000000e+00,2.01020329587941031892803635165570e-02,1.08415451061286878768765268492439e-01,9.33721687213435544094931835953075e-02,-1.32843017915112269050023175135287e-01
2.64999999999999999999999999999998e+00,2.58487249773774513863948250996415e-02,1.21180836523357249045024154960637e-01,8.62663815916203296283974422691389e-02,-1.51076471857402273345241681774737e-01
2.69999999999999999999999999999999e+00,3.21924295190002097186249902266682e-02,1.32279404864546969090588914462055e-01,7.82949098090289015034877161057373e-02,-1.67500290489132054754567974714303e-01
2.75000000000000000000000000000000e+00,3.90476028807889275044394033484563e-02,1.41632199108780165482608669437051e-01,6.95438821982484945164566076637759e-02,-1.82283396509871322572985151684561e-01
2.79999999999999999999999999999996e+00,4.63260218837377066640988427562426e-02,1.49207730708142234567069719880044e-01,6.00917702074331431535382346291685e-02,-1.95563767979304462466701515149258e-01
2.85000000000000000000000000000000e+00,5.39387083657226300217821312388792e-02,1.55005584617798697406137719974716e-01,5.00107753192345384831601375916936e-02,-2.07456534185202683440753071370050e-01
2.89999999999999999999999999999998e+00,6.17972687792269443372941797257549e-02,1.59050183461731808940902939947813e-01,3.93676263717047421717568142005670e-02,-2.18066237730050820340063935107821e-01
2.94999999999999999999999999999999e+00,6.98153224717066170688344708971573e-02,1.61400991589164359340652779760986e-01,2.82240911056614222723589738247251e-02,-2.27484817454508337160204177114250e-01
3.00000000000000000000000000000000e+00,7.79108068870603925252772071299695e-02,1.62174095299363651616692489005028e-01,1.66379374208244519139977439484847e-02,-2.35779389587862192151897478893116e-01
3.04999999999999999999999999999996e+00,8.60091374614480951626757132348301e-02,1.61550302336063139114681938261635e-01,4.66418770419513864314681108574888e-03,-2.42996522531265018810126567104407e-01
3.10000000000000000000000000000000e+00,9.40459304013731395956593203798775e-02,1.59749025592976282151775610430973e-01,-7.64456389167871227164480844960987e-03,-2.49191199397663499222503940929807e-01
3.14999999999999999999999999999998e+00,1.01967660890092953858287639407914e-01,1.56976419173833635124238960132103e-01,-2.02390679040992619863631515067184e-02,-2.54438431033851944657676266592341e-01
3.19999999999999999999999999999999e+00,1.09729751480726563054899642159525e-01,1.53380030074744157837498670028875e-01,-3.30735562821115043335817746568198e-02,-2.58793974729656106570057004928272e-01
3.25000000000000000000000000000000e+00,1.17293191095819192664385653886120e-01,1.49037271783491578446077460713190e-01,-4.61036491009103565662631385727574e-02,-2.62260078595670525352944857034456e-01
3.29999999999999999999999999999996e+00,1.24621525487144544362788550468449e-01,1.43979293130795559100046757879886e-01,-5.92845654891838747801761134994245e-02,-2.64833069353815459430218145732294e-01
3.35000000000000000000000000000000e+00,1.31679528110458218703695514508451e-01,1.38230136143708619405322319476990e-01,-7.25730430832270135491130497840342e-02,-2.66581443431516460171333447842010e-01
3.39999999999999999999999999999998e+00,1.38433695697495433274860879412361e-01,1.31837600650467825139076927555944e-01,-8.59308304387341753140248503422170e-02,-2.67618133696339295904496230456804e-01
3.44999999999999999999999999999999e+00,1.44853767008881521531771357229402e-01,1.24882710314682097336052795026891e-01,-9.93236316071738350078576412471943e-02,-2.67971082603926363641726698690429e-01
3.50000000000000000000000000000000e+00,1.50914168988965883223016363367097e-01,1.17468900347280886016460853219536e-01,-1.12714988380352487241675623805632e-01,-2.67540787672603052923544151368597e-01
3.54999999999999999999999999999996e+00,1.56594658069788962126356153721076e-01,1.09703260157353185879750732295647e-01,-1.26063157527922103669576206603412e-01,-2.66248975716352189333240727950376e-01
3.60000000000000000000000000000000e+00,1.61880156322745759705412536625160e-01,1.01684791122458885919559515213133e-01,-1.39326957420804189762758171498825e-01,-2.64201947072460689657826187851194e-01
3.64999999999999999999999999999998e+00,1.66760327965673176536591630996894e-01,9.35048791997952790134992727659516e-02,-1.52474420296420241559956772833428e-01,-2.61624461587280368287882702640270e-01
3.69999999999999999999999999999999e+00,1.71229296177295715232929314195516e-01,8.52497772800192398090907076145422e-02,-1.65482369512031480376911766048326e-01,-2.58606895935585818948690353332503e-01
3.75000000000000000000000000000000e+00,1.75285198604442175372785650343403e-01,7.69904406687802875200601984706940e-02,-1.78325295999417001967147916824583e-01,-2.54979442907704493156507753347924e-01
3.79999999999999999999999999999996e+00,1.78928858070620339409088426451762e-01,6.87596542493718202958136670278199e-02,-1.90966079382161671170655070372280e-01,-2.50500784216103074412774266649791e-01
3.85000000000000000000000000000000e+00,1.82161380979346373096466742665418e-01,6.05361924419304915014241942788597e-02,-2.03360582260830557407853705430373e-01,-2.45162335000148009501788640642487e-01
3.89999999999999999999999999999998e+00,1.84981647388701025215679853640349e-01,5.22581469084759769424702934186858e-02,-2.15472276638614141115798243199209e-01,-2.39246032774751127787265056023794e-01
3.94999999999999999999999999999999e+00,1.87385302013167171347782032122473e-01,4.38667873729888953405916146229194e-02,-2.27280530939362141537095265031150e-01,-2.33044425245564674699279701524108e-01
4.00000000000000000000000000000000e+00,1.89366225950037067272557157478455e-01,3.53562669199643484357304279340062e-02,-2.38772222400512052822596035099581e-01,-2.26541344851848837296863832609558e-01
4.05000000000000000000000000000001e+00,1.90919918192252673605573170381127e-01,2.67960680658191300090578115627299e-02,-2.49924602642963109983838524350215e-01,-2.19410005335785940727789315835415e-01
4.09999999999999999999999999999992e+00,1.92046887435542369241611391519452e-01,1.83092423728195349303296459560694e-02,-2.60697556291366726097098921256090e-01,-2.11348621561820212591286550306921e-01
4.14999999999999999999999999999998e+00,1.92754022511180637161192589438720e-01,1.00179976579880175968728614352370e-02,-2.71044254447520697277717260362056e-01,-2.02412258644006259795825602080451e-01
4.19999999999999999999999999999999e+00,1.93053096732829009864590968926126e-01,1.98960757236179064570437012824600e-03,-2.80930270519605112752862654517426e-01,-1.92995343542466472435388004826345e-01
4.25000000000000000000000000000000e+00,1.92957323409921850815867552577990e-01,-5.78380765759942466420673840626083e-03,-2.90342070813843688785155610353255e-01,-1.83468134301701670904021571453176e-01
4.30000000000000000000000000000001e+00,1.92478082550448355538176444738624e-01,-1.33596729678309114422684323514929e-02,-2.99275637110362914791523424569747e-01,-1.73813787055250544507978116772552e-01
4.34999999999999999999999999999992e+00,1.91623742109849303378016342677477e-01,-2.07926209475683996167690631126975e-02,-3.07715024100799442163155216206104e-01,-1.63615630523549504092492649014697e-01
4.39999999999999999999999999999998e+00,1.90400964803174546390671098570329e-01,-2.80934869080272527209217829321318e-02,-3.15620539505122816041297865864986e-01,-1.52416226420186759249670451520239e-01
4.44999999999999999999999999999999e+00,1.88817096694973776022700507661220e-01,-3.52286491613409402402949877045473e-02,-3.22937869806321672341678364273882e-01,-1.40128686006648543157946240822173e-01
4.50000000000000000000000000000000e+00,1.86881548929038842982537112074486e-01,-4.21567784190221548908101604871417e-02,-3.29620849459324560290030560871290e-01,-1.27135173007045462506116041941973e-01
4.55000000000000000000000000000001e+00,1.84605055159133839031511266758760e-01,-4.88705393687828872892263698389415e-02,-3.35648456273705151483305675373691e-01,-1.13983115395407315457890347837622e-01
4.59999999999999999999999999999992e+00,1.81997512273930451947208614554834e-01,-5.54079889760949613811732691411811e-02,-3.41021345651532334926188959387367e-01,-1.00934305324212152291370873167230e-01
4.64999999999999999999999999999998e+00,1.79066310361598982027019195835093e-01,-6.18236080242255227452236308577580e-02,-3.45740360477795294110646102653177e-01,-8.77424815850210798692788096733569e-02
4.69999999999999999999999999999999e+00,1.75816728106235256842757115181755e-01,-6.81403537040234679268709419911900e-02,-3.49784341504119783630027082429406e-01,-7.38407601079658070468625534257526e-02
4.75000000000000000000000000000000e+00,1.72254451009194476695361434508151e-01,-7.43178153886187742900852051752793e-02,-3.53105049271169955496365227867893e-01,-5.87848216522358618886006222401195e-02
4.79999999999999999999999999999996e+00,1.68388717185737567011361078084263e-01,-8.02601808031944921218085635760998e-02,-3.55643233254728305618564853648362e-01,-4.25997033626920866717972667785077e-02
4.84999999999999999999999999999992e+00,1.64234043251889553739523931415533e-01,-8.58618713117025991823778044681652e-02,-3.57353379687675049088882271314250e-01,-2.57653392323491070487249008452967e-02
4.89999999999999999999999999999998e+00,1.59809224273691411530318300516147e-01,-9.10653233280086487957832337236974e-02,-3.58218325154716233740824428643729e-01,-8.86078239976027755481790089836889e-03
4.94999999999999999999999999999999e+00,1.55133864118864559644113341562309e-01,-9.58971340987433704474233838605578e-02,-3.58243005233078565154783156909948e-01,7.85796393362719236197206322342863e-03
5.00000000000000000000000000000000e+00,1.50224179003034769847498129789536e-01,-1.00459716256702109998033479351997e-01,-3.57432435128148386189262942706692e-01,2.46306682775753240459568679793104e-02
5.04999999999999999999999999999996e+00,1.45090366346588137131485686710836e-01,-1.04880295089142152349904309085525e-01,-3.55770653576414283771344984724247e-01,4.19920568790258297721541997378996e-02
5.09999999999999999999999999999992e+00,1.39737071595199148434306011744096e-01,-1.09244106391938794586244517456074e-01,-3.53216439282807761274702111989778e-01,6.03492696700681188313274922330628e-02
5.14999999999999999999999999999998e+00,1.34166797013055505950767006016473e-01,-1.13548966228210916449620044937422e-01,-3.49719226162744151122885284473566e-01,7.96453389879819964175144988558519e-02
5.19999999999999999999999999999999e+00,1.28384440122101687773014122959260e-01,-1.17707113540148958414918444654007e-01,-3.45244169012035113823607449608217e-01,9.93451722857440376919117745040094e-02
5.25000000000000000000000000000000e+00,1.22400488771816912795213054049824e-01,-1.21593976870747038996808264689345e-01,-3.39789121000769005667191057595895e-01,1.18746132472769341780033166513605e-01
5.29999999999999999999999999999996e+00,1.16231106289512198184780092630403e-01,-1.25117737170082026466786861407921e-01,-3.33382293708687244963328415650009e-01,1.37391195663035135072740687034808e-01
5.34999999999999999999999999999992e+00,1.09895011015161837417422291618068e-01,-1.28272204100900682607893689044416e-01,-3.26062903610784555928073749448411e-01,1.55299043950112096368703893424729e-01
5.39999999999999999999999999999998e+00,1.03408796894224760769688008444728e-01,-1.31143771466407933457751448444317e-01,-3.17858769120914267467171305336763e-01,1.72854584799622493786833979736228e-01
5.44999999999999999999999999999999e+00,9.67832527299268780671707596932462e-02,-1.33866659255140370490507713724383e-01,-3.08776933404945746565308139542424e-01,1.90431938089012936123997250237360e-01
5.50000000000000000000000000000000e+00,9.00228195462611760079607626612930e-02,-1.36548104963418885324176156954151e-01,-2.98814803472635570657804405195332e-01,2.07998012791038183556701622665720e-01
5.54999999999999999999999999999996e+00,8.31287267917868721332550841166247e-02,-1.39202854625325861978987318393764e-01,-2.87985831765604768716867917553140e-01,2.24956559598562809451034410048859e-01
5.59999999999999999999999999999992e+00,7.61043481451537122473652041975354e-02,-1.41733933513915111354375838481155e-01,-2.76344176787720296249584842299811e-01,2.40338388954371535208664627847847e-01
5.64999999999999999999999999999998e+00,6.89599768061374982210803904919286e-02,-1.43973995891284426698888872594710e-01,-2.63993027714257457525183826879084e-01,2.53227330036528191272887952706999e-01
5.69999999999999999999999999999999e+00,6.17143030566585971089635624782355e-02,-1.45770022909812594221787758126775e-01,-2.51070923086211537057122956322275e-01,2.63170303309460708325070905417012e-01
5.75000000000000000000000000000000e+00,5.43913996475236675534680965552353e-02,-1.47070579002249677310874500812017e-01,-2.37723242368963488195339627035943e-01,2.70335905368954655074249261998833e-01
5.79999999999999999999999999999996e+00,4.70142414949605597076170138485528e-02,-1.47971341071807752694889751170243e-01,-2.24074277605651577848646943868107e-01,2.75341549091892286963171317984429e-01
5.84999999999999999999999999999992e+00,3.95976239555225776403003476209736e-02,-1.48692470014560295180491182386487e-01,-2.10214222862433179923395339549856e-01,2.78865172290914993886058923355703e-01
5.89999999999999999999999999999998e+00,3.21439153868040815373296792726454e-02,-1.49492110962068957515803266852891e-01,-1.96206085650389546597918729802234e-01,2.81276950306558848839508309168383e-01
5.94999999999999999999999999999999e+00,2.46440697319253547282456742934995e-02,-1.50550532536638495451591072039788e-01,-1.82105730340941401437367613857559e-01,2.82503810556311760100997208795714e-01
6.00000000000000000000000000000000e+00,1.70841015417024201656459503496323e-02,-1.51875947466681814436092898725818e-01,-1.67980949648682352918030382742630e-01,2.82194896107151991807140876924238e-01
6.04999999999999999999999999999996e+00,9.45471619502732572611566857077161e-03,-1.53277504462144257154972954928309e-01,-1.53916661594481741269607130258250e-01,2.80078008002588391626853146139501e-01
6.09999999999999999999999999999992e+00,1.76012217692954865907437838929757e-03,-1.54424057299580814784600390037361e-01,-1.40002041952068635665168482248572e-01,2.76288102793919349157504514700247e-01
6.14999999999999999999999999999998e+00,-5.97794850713035930051386801135881e-03,-1.54970274684074203497942091298494e-01,-1.26306415975376041738046342429500e-01,2.71467600248353796998134068699681e-01
6.19999999999999999999999999999999e+00,-1.37232347505767014638480334868611e-02,-1.54701303833758535268528853274659e-01,-1.12857752114870393456441475654702e-01,2.66569283613452940525092634634399e-01
6.25000000000000000000000000000000e+00,-2.14343875947561252621384011939098e-02,-1.53637221898676764739026030228745e-01,-9.96367699812068433562865038588819e-02,2.62459768143814454737339618186485e-01
6.29999999999999999999999999999996e+00,-2.90776184470861309757384019227791e-02,-1.52052664594275960208111877305111e-01,-8.65915704824258372069637381292213e-02,2.59532656085603293340931592197723e-01
6.34999999999999999999999999999992e+00,-3.66378364709036128477055319740712e-02,-1.50398739742414263691632992139898e-01,-7.36668107979101849309100445899667e-02,2.57537619257305517554050144968413e-01
6.39999999999999999999999999999998e+00,-4.41238490658839899403134799122375e-02,-1.49151125602564960106761775904030e-01,-6.08336244801412233860459816439853e-02,2.55719680318015484815386289650837e-01
6.44999999999999999999999999999999e+00,-5.15651740970833733490240433668175e-02,-1.48636832690172881178638105408953e-01,-4.81057934003096704668631933623658e-02,2.53203499826205167115518592038473e-01
6.50000000000000000000000000000000e+00,-5.90009828320164572884757443978404e-02,-1.48902262681174754875183237693843e-01,-3.55343742414668574487680111846696e-02,2.49433767099665459597342512741402e-01
6.54999999999999999999999999999996e+00,-6.64646029767784789160069421309432e-02,-1.49672833784297123591036391922259e-01,-2.31835596317770765021045910061162e-02,2.44456178568339085969199047217403e-01
6.59999999999999999999999999999992e+00,-7.39688009260814179814567409894829e-02,-1.50423483911634722864369655345797e-01,-1.10996712423452397950664943971770e-02,2.38903963848863952868253209577045e-01
6.64999999999999999999999999999998e+00,-8.14970576772834036156186235202376e-02,-1.50540822745708989998881498705741e-01,7.11601686548643581610977149241673e-04,2.33699265502686216946177305753879e-01
6.69999999999999999999999999999999e+00,-8.90042237153047727888272090415483e-02,-1.49525391648123140480730429417879e-01,1.22887005227088662541737542141766e-02,2.29614736469409117894008026224515e-01
6.75000000000000000000000000000000e+00,-9.64268978837104498882568838637472e-02,-1.47167561150196893439908029609865e-01,2.36966681814843475664258804732464e-02,2.26903898212327311262762142361245e-01
6.79999999999999999999999999999996e+00,-1.03700643021664784610113457287794e-01,-1.43637818766833436980365422126207e-01,3.49967276708845294528314359397034e-02,2.25172325762683206931242888213823e-01
6.84999999999999999999999999999992e+00,-1.10778798258978428637053259511410e-01,-1.39458983939936250278231198194634e-01,4.62170180612054776075134814852123e-02,2.23546820621642527120852331322418e-01
6.89999999999999999999999999999998e+00,-1.17646951466097723019394430564795e-01,-1.35365427020091706386964459570674e-01,5.73378807588830538504421054164743e-02,2.21062651692877833185760899938891e-01
6.94999999999999999999999999999999e+00,-1.24328329921560679155554716516118e-01,-1.32090377804266907926503570159070e-01,6.82983855238218804033932338587556e-02,2.17092824513906354817311288003418e-01
7.00000000000000000000000000000000e+00,-1.30878069181638008616595942855682e-01,-1.30145190279751460918933947251705e-01,7.90212571906227134722910358742821e-02,2.11629163032745964197712294552960e-01
7.04999999999999999999999999999996e+00,-1.37367667511431393374294613783330e-01,-1.29657073856765896377756914533187e-01,8.94453289229910945200455101793657e-02,2.05294890881694097421642405191034e-01
7.09999999999999999999999999999992e+00,-1.43863892312780161945446082049533e-01,-1.30314364998912611099700532953853e-01,9.95515516566445140026835039220747e-02,1.99087585518771380397972032659412e-01
7.14999999999999999999999999999998e+00,-1.50408107268854931220523777148742e-01,-1.31437042755929661893253712408360e-01,1.09371562056499239520452661471921e-01,1.93966001529383832641298772955487e-01
7.19999999999999999999999999999999e+00,-1.57001968516651754587195483196435e-01,-1.32154344490992511447339300903630e-01,1.18975331566336710967464831691232e-01,1.90455963141986513643339169481480e-01
7.25000000000000000000000000000000e+00,-1.63603724755596618590108038844449e-01,-1.31640987431127476220396876676676e-01,1.28443135025623983920018669101897e-01,1.88436521067176907791742981216943e-01
7.29999999999999999999999999999996e+00,-1.70136444420459681109094426598991e-01,-1.29346933546878624484362299115666e-01,1.37833334603815736176813089328093e-01,1.87188163866680861846536616855217e-01
7.34999999999999999999999999999992e+00,-1.76506206717173172029042209488912e-01,-1.25157419004883711168090188827988e-01,1.47158849167618070859388969860143e-01,1.85676505998077387723674253524826e-01
7.39999999999999999999999999999998e+00,-1.82625554799595818849470011716365e-01,-1.19439362092679438506882426898864e-01,1.56381375455742931723970837291247e-01,1.82952980797401018427668775692077e-01
7.44999999999999999999999999999999e+00,-1.88436065891121942048748206710453e-01,-1.12961260026298154820751358433418e-01,1.65425235726106212164558748301641e-01,1.78513937640942247966010252147749e-01
7.50000000000000000000000000000000e+00,-1.93924102441816031604358392704014e-01,-1.06707229683263083696536835211073e-01,1.74205146261452695434380887593645e-01,1.72483194401833148680722900491989e-01
7.54999999999999999999999999999996e+00,-1.99125566322216709845816499418086e-01,-1.01632992299627001536308325914049e-01,1.82657167787589769097426107861794e-01,1.65556747532758022718860811660634e-01
7.59999999999999999999999999999992e+00,-2.04118288781754725537279622669065e-01,-9.84258646883509394586148410431458e-02,1.90761356816314216597272082966332e-01,1.58740239577308576887754162281601e-01
7.64999999999999999999999999999998e+00,-2.09003817737322128029150573171873e-01,-9.73291958544040669236476807798283e-02,1.98548179333147630719358727545226e-01,1.52984095641694265933018211478174e-01
7.69999999999999999999999999999999e+00,-2.13883020005813195586701274058953e-01,-9.80749446383344867959937504807937e-02,2.06086976478395222437147234438619e-01,1.48851961040757373163347732139830e-01
7.75000000000000000000000000000000e+00,-2.18831441209159111562249377618139e-01,-9.99406839527064042487923778733905e-02,2.13461234196822277798847289006882e-01,1.46337677078616218158944056878211e-01
7.79999999999999999999999999999996e+00,-2.23880400818442659336587843431110e-01,-1.01916453251343799254141246283945e-01,2.20739777206435258027367195799828e-01,1.44886277985227876782229509789047e-01
7.84999999999999999999999999999992e+00,-2.29008373693079577173130485648023e-01,-1.02940503445640637898729474746735e-01,2.27953904554021979432278500639683e-01,1.43600052084095586931615451646052e-01
7.89999999999999999999999999999998e+00,-2.34144716278392719355392494096348e-01,-1.02147393083440333067799779499017e-01,2.35087876077681307156063887047941e-01,1.41548903746849598772199526616271e-01
7.94999999999999999999999999999999e+00,-2.39184868226115925600453853499465e-01,-9.90702462204717799865633556839703e-02,2.42085229280300141865344797041071e-01,1.38075125321604588484867117102077e-01
8.00000000000000000000000000000000e+00,-2.44013500895598977495051338977350e-01,-9.37509530527042496594925679261848e-02,2.48868016373153824601501412153956e-01,1.32992927543903908254792646449291e-01
8.04999999999999999999999999999996e+00,-2.48530301411155453285299629351926e-01,-8.67343678420746828393831669171018e-02,2.55362035545517236212384979290946e-01,1.26625339213735875023910297611803e-01
8.10000000000000000000000000000002e+00,-2.52672558504416188686500602949360e-01,-7.89496434649290060239354893460389e-02,2.61519682920460654715939490742376e-01,1.19678184429724135645016047734451e-01
8.14999999999999999999999999999998e+00,-2.56429533416340817039548890463617e-01,-7.15072947838762618797857593706426e-02,2.67333403532530295702505900351172e-01,1.13002680935227224843435288568730e-01
8.19999999999999999999999999999984e+00,-2.59845522058010162280628936136148e-01,-6.54586027383914885056990826755261e-02,2.72836175083210752677962884868458e-01,1.07328731820890577263254310846563e-01
8.25000000000000000000000000000000e+00,-2.63011067715581401947119918910113e-01,-6.15708429789765461718044627840542e-02,2.78089726991756994855739677290800e-01,1.03052880482969221364027354004478e-01
8.29999999999999999999999999999996e+00,-2.66044374654188672008403256107709e-01,-6.01666248479832694039156699601772e-02,2.83164875126110042600470672945109e-01,1.00140737044601915977231730772382e-01
8.35000000000000000000000000000002e+00,-2.69067032920172011770979896120282e-01,-6.10601241409561243362066276768233e-02,2.88120373407906904370974678889219e-01,9.81637877712723927017301162984452e-02
8.39999999999999999999999999999998e+00,-2.72179268437328151496740686083126e-01,-6.36010545894700609599982263782489e-02,2.92986605040377291137079228019653e-01,9.64487077637711116892783950219495e-02
8.44999999999999999999999999999984e+00,-2.75439883773267363600736687997085e-01,-6.68139484371875490127407461519187e-02,2.97758496640666406300578385160906e-01,9.42862958606096700843095875738103e-02
8.50000000000000000000000000000000e+00,-2.78854919293337083515010875604568e-01,-6.96008671665752817759031382629762e-02,3.02399000932967884351767783742589e-01,9.11348383164985511918310164142530e-02
8.54999999999999999999999999999996e+00,-2.82377139644363754775475567380134e-01,-7.09639870748490519854241986613130e-02,3.06851355014891730096886044591334e-01,8.67605177467637036027768306470479e-02
8.60000000000000000000000000000002e+00,-2.85916181394424784484674273904325e-01,-7.02024684171910695305091017755827e-02,3.11055993207570839602615815932348e-01,8.12808440446580895728668707229288e-02
8.64999999999999999999999999999998e+00,-2.89357066129540986226376891074657e-01,-6.70452929121865260487299334074822e-02,3.14967050857082263097761737275590e-01,7.51075570559045930652751904771562e-02
8.69999999999999999999999999999984e+00,-2.92583208531489188794059489474971e-01,-6.16962552285715858259981992126352e-02,3.18563955445776488261240304184162e-01,6.88136666182301948560712135408198e-02
8.75000000000000000000000000000000e+00,-2.95499313551205062822867865611567e-01,-5.47857380529709390247791184127642e-02,3.21855348994714378497374411983603e-01,6.29677020347842993314370628719218e-02
8.79999999999999999999999999999996e+00,-2.98049761083152764238919816839009e-01,-4.72423897088071267801712795437979e-02,3.24874915304919449577357673275694e-01,5.79829319347273550575450848983468e-02
8.85000000000000000000000000000002e+00,-3.00229125822829002788644493628128e-01,-4.01126014723759370254208412954630e-02,3.27670902314307477620610915507666e-01,5.40205866024532893112535596798730e-02
8.89999999999999999999999999999998e+00,-3.02083114272229931748750827091855e-01,-3.43640246388881900436205074213140e-02,3.30292648526871231047291513313714e-01,5.09678399120571541265393745573189e-02
8.94999999999999999999999999999984e+00,-3.03700064192827007412736766834719e-01,-3.07101979364399224973598435802260e-02,3.32777911039103314934103478002650e-01,4.84894414367771839647522410949254e-02
9.00000000000000000000000000000000e+00,-3.05194877207414833806847300792207e-01,-2.94872499421942128567592621676296e-02,3.35144230342823030306140073799249e-01,4.61326279758673744959376706840957e-02
9.04999999999999999999999999999996e+00,-3.06688536668499491640277035300583e-01,-3.06023673827476714350459536768893e-02,3.37386212777877273214040124732546e-01,4.34530615835600554659064491270720e-02
9.10000000000000000000000000000002e+00,-3.08287001284603869518682242363030e-01,-3.35597155712035138540958098475798e-02,3.39478902804086431608757225061832e-01,4.01273159578277549541125734626914e-02
9.14999999999999999999999999999998e+00,-3.10063191163616277549854397464147e-01,-3.75554554592784806225307220690718e-02,3.41385835197611588840438965758984e-01,3.60243663800920222731849312837185e-02
9.19999999999999999999999999999984e+00,-3.12045060322050373979682561687099e-01,-4.16219529103560578417367290123591e-02,3.43069296760277345772244106684187e-01,3.12218270223248869597517534191895e-02
9.25000000000000000000000000000000e+00,-3.14211553722753033280771489456611e-01,-4.47940930299506454154215617173530e-02,3.44500005254491771412389107080495e-01,2.59682109113624471611802289329647e-02
9.29999999999999999999999999999996e+00,-3.16496821566372696394815518327017e-01,-4.62686400956001758458155690118884e-02,3.45663833996663717991713299198074e-01,2.06060440771374242870869686747804e-02
9.35000000000000000000000000000002e+00,-3.18801667737944646489351309896241e-01,-4.55306022741619171503207035463965e-02,3.46564187864238558359080456411796e-01,1.54790111260609781444032544770371e-02
9.39999999999999999999999999999998e+00,-3.21010069320691195896013009325859e-01,-4.24275435642194920512128182204513e-02,3.47219863434625152059068645697707e-01,1.08479040647326184570427100211704e-02
9.44999999999999999999999999999984e+00,-3.23007881695505617906052457035813e-01,-3.71822259147420435508091474219095e-02,3.47659366456279499215644266734585e-01,6.83533798408861691135994988214774e-03
9.50000000000000000000000000000000e+00,-3.24700619090077423740314267833257e-01,-3.03441476041132896598990220547065e-02,3.47913436996835269443574947432060e-01,3.40991198110266401527494053664207e-03
9.54999999999999999999999999999996e+00,-3.26027468222766207045367612133685e-01,-2.26898133762803247169432113220326e-02,3.48007791827623509824341592770083e-01,4.09562780936959869622110681863445e-04
9.59999999999999999999999999999992e+00,-3.26969372209672832686692742336527e-01,-1.50886086121580045239516538576936e-02,3.47957827403778994201896559346680e-01,-2.40579778991319311366166662669778e-03
9.64999999999999999999999999999998e+00,-3.27549979463827686199498360308199e-01,-8.35516634611748827416342792681776e-03,3.47766359852171620506036652946879e-01,-5.28838595772319825140935396507641e-03
9.69999999999999999999999999999984e+00,-3.27829329000806584213402909921582e-01,-3.10987980503525577242082736958199e-03,3.47424621048439877061964090338169e-01,-8.44087281825181116008880411581738e-03
9.75000000000000000000000000000000e+00,-3.27891180885937813220934357823396e-01,3.33044447909108571221085728869566e-04,3.46915915503117193719267265087793e-01,-1.19734007636075682853858216667158e-02
9.79999999999999999999999999999996e+00,-3.27825761041499272606655436054985e-01,2.03528247189244931827866779231851e-03,3.46220766642068690643492107645783e-01,-1.58875399321410030605952722227505e-02
9.84999999999999999999999999999992e+00,-3.27710272672771660060870117314780e-01,2.45338034023440058289181716034973e-03,3.45322156317348888586649691146898e-01,-2.00879364295680705264717968811173e-02
9.89999999999999999999999999999998e+00,-3.27589778162797808847425561924807e-01,2.40542216208915635640914228142713e-03,3.44209601163098332814529080825829e-01,-2.44156175501003697436861680483232e-02
9.94999999999999999999999999999984e+00,-3.27460968965739658989092685500059e-01,2.99030691453784373618831860717492e-03,3.42881235973926113314033069706022e-01,-2.86924181606254760455062061490050e-02
1.00000000000000000000000000000000e+01,-3.27260950864724076340386629500109e-01,5.47008110576968144339065344625665e-03,3.41343649306237432195411394288596e-01,-3.27645955996770688300387114290392e-02
1.00500000000000000000000000000000e+01,-3.26862542574705193887075887175352e-01,1.11297579196938367723786211857977e-02,3.39609782472217351252634349349842e-01,-3.65353642118176049189776711492451e-02
1.00999999999999999999999999999999e+01,-3.26076803115827569889643789230869e-01,2.11311612477729032704186366431626e-02,3.37695624339480083823242902536817e-01,-3.99800153778607160860570474342120e-02
1.01500000000000000000000000000000e+01,-3.24662665832131888229735295613573e-01,3.63774304480361114838690121430951e-02,3.35616627578822579855873723267368e-01,-4.31422484344572316497386201453334e-02
1.01999999999999999999999999999999e+01,-3.22342762910112297643279381228324e-01,5.74030308065710839926797029136899e-02,3.33384719953755445030266159210726e-01,-4.61149882134949333622719330648889e-02
1.02500000000000000000000000000000e+01,-3.18823860068844468941189626181828e-01,8.43007870656487106794689911024261e-02,3.31006531176661624021470316136455e-01,-4.90122249709102130827828108749147e-02
1.03000000000000000000000000000000e+01,-3.13819851973673183422473914748785e-01,1.16693065822457245350635585328457e-01,3.28483088590021280158660745608600e-01,-5.19396824484750201933702080160082e-02
1.03500000000000000000000000000000e+01,-3.07075035538666595621594586774703e-01,1.53749279903696122148142787589663e-01,3.25810856201562015449702126260368e-01,-5.49713594782171952617898290541636e-02
1.04000000000000000000000000000000e+01,-2.98385395823385002270303944285970e-01,1.94246892402014034555890472605120e-01,3.22983693214009927093534505945846e-01,-5.81366532185893189496756237178155e-02
1.04499999999999999999999999999999e+01,-2.87615896345649772744809210694700e-01,2.36668598224226102548483933810724e-01,3.19995150389240533559505119730977e-01,-6.14196302590796883557599782400570e-02
1.05000000000000000000000000000000e+01,-2.74712224599367088874069115688754e-01,2.79324856781767668934643438285619e-01,3.16840523778255994439610168058207e-01,-6.47689277277724912463017954887566e-02
1.05500000000000000000000000000000e+01,-2.59706044838826301759370925472981e-01,3.20488799063975322051643351841849e-01,3.13518223351406229882057603806602e-01,-6.81144702183417694188830027805688e-02
1.05999999999999999999999999999999e+01,-2.42713481356518326121030451890528e-01,3.58529891169597360941087760955524e-01,3.10030237070581582984291992225239e-01,-7.13861184341150931304407544517424e-02
1.06500000000000000000000000000000e+01,-2.23927221184255930368309404770887e-01,3.92033574528303522563435762330210e-01,3.06381714118947993622418815682906e-01,-7.45296047506803539497759608254875e-02
1.06999999999999999999999999999998e+01,-2.03603215186099828544138926527360e-01,4.19896249126289173568724293070445e-01,3.02579893828860516141802388726078e-01,-7.75164176787441737883794504944486e-02
1.07500000000000000000000000000000e+01,-1.82043412366478971164684905214458e-01,4.41388125069496994028737100885330e-01,2.98632726978561056012204431532545e-01,-8.03462087862344340390294181411257e-02
1.08000000000000000000000000000000e+01,-1.59576243080964595954690255012658e-01,4.56180231350494759707276792910509e-01,2.94547556951323000052734243903895e-01,-8.30422697711609538274807458733365e-02
1.08500000000000000000000000000000e+01,-1.36536654283508259264221800927751e-01,4.64335764576954713453068521247511e-01,2.90330159230098826483379672116407e-01,-8.56421838376258713265167233900180e-02
1.09000000000000000000000000000000e+01,-1.13247399190170276061130261635614e-01,4.66269526401147583363879238781364e-01,2.85984308371600718971332164641805e-01,-8.81865835989281692886143404280314e-02
1.09499999999999999999999999999998e+01,-9.00030209817621438386570543240575e-02,4.62682062854376358150187807889629e-01,2.81511891574273033711340626926008e-01,-9.07089566637524518406695424949847e-02
1.10000000000000000000000000000000e+01,-6.70575874373593251323038230973366e-02,4.54477024425899366167886134203143e-01,2.76913455955025419395898137225924e-01,-9.32287480681486122567733638935529e-02
1.10500000000000000000000000000000e+01,-4.46167824007598785810802871838986e-02,4.42671084446262108004096179526435e-01,2.72188991422585854734066805222536e-01,-9.57488837846398672028939777172014e-02
1.10999999999999999999999999999999e+01,-2.28344953677468641190581573240591e-02,4.28305496896973812353492525830016e-01,2.67338725931916948300906441810778e-01,-9.82576143066256928183795200400639e-02
1.11500000000000000000000000000000e+01,-1.81362283577491887101590472784420e-03,4.12367188610321293730708310764861e-01,2.62363741902948895734182233990548e-01,-1.00733560746190365197412742423153e-01
1.11999999999999999999999999999998e+01,1.83895549153519648945320198073111e-02,3.95725406337991698325902992014489e-01,2.57266295381634432426034278895369e-01,-1.03152251803594523952423583242544e-01
1.12500000000000000000000000000000e+01,3.77583028994961859910727128142818e-02,3.79087661926834194107717011869182e-01,2.52049809417361106510184720638981e-01,-1.05492347929500440840128521509636e-01
1.13000000000000000000000000000000e+01,5.63066747937365175415463677276389e-02,3.62976331248150223094981163411414e-01,2.46718595905452448341429642769269e-01,-1.07740104664538870498053281498151e-01
1.13499999999999999999999999999999e+01,7.40700899107217655424828638385893e-02,3.47725040931246722092930156801750e-01,2.41277416987002549666175152566571e-01,-1.09891276546078482435785797432223e-01
1.14000000000000000000000000000000e+01,9.10961720427280237030140036861810e-02,3.33492152210397834915129301678746e-01,2.35731018300077896073110058050069e-01,-1.11950405476198985981871327995523e-01
1.14499999999999999999999999999999e+01,1.07436609466500034120302593875152e-01,3.20287372251315257675000910426818e-01,2.30083752262769535197152653589306e-01,-1.13928080366339613818854646549760e-01
1.15000000000000000000000000000000e+01,1.23140577418137238289461943713760e-01,3.08006841261582197267867805568472e-01,2.24339368936151596019295156507820e-01,-1.15837157597270754256743794570724e-01
1.15500000000000000000000000000000e+01,1.38250026762183265385280031690068e-01,2.96471931205706034086631068605861e-01,2.18500998781731594941303568138416e-01,-1.17689032161873032062798285023653e-01
1.16000000000000000000000000000000e+01,1.52796912165995471650539084878357e-01,2.85467375512422455601127160752080e-01,2.12571300702211275143774008923372e-01,-1.19490868174894252403346027172726e-01
1.16500000000000000000000000000000e+01,1.66802232155103572690159220433786e-01,2.74775123708952942250677344648843e-01,2.06552712226879851315497048558261e-01,-1.21244321888442862092195884215919e-01
1.16999999999999999999999999999999e+01,1.80276598216500175811475392615503e-01,2.64201344010269883173847418066506e-01,2.00447723295011821244528096902807e-01,-1.22945842052488076199994068050641e-01
1.17500000000000000000000000000000e+01,1.93221949476030377161790214067512e-01,2.53595125203255855335866107304409e-01,1.94259101337767577451596056850459e-01,-1.24588231825768817825499001113384e-01
1.18000000000000000000000000000000e+01,2.05633984664743209725895430186811e-01,2.42858514364738206010205425974593e-01,1.87990018442063098639933274629689e-01,-1.26162893711521799553412155191533e-01
1.18499999999999999999999999999999e+01,2.17504889202382975874799377767810e-01,2.31948466400681312447273899772972e-01,1.81644063107388901622711742470448e-01,-1.27662097519018536152897589210011e-01
1.19000000000000000000000000000000e+01,2.28825983286325943552852179589346e-01,2.20872012545237461238617292861602e-01,1.75225150396395247655897946223618e-01,-1.29080704236589511672875655935158e-01
1.19499999999999999999999999999998e+01,2.39589995454865335110230241803227e-01,2.09676440553433246888425162104299e-01,1.68737367498662339891004016468560e-01,-1.30416997433296335163894828023870e-01
1.20000000000000000000000000000000e+01,2.49792762387200869399287718707109e-01,1.98436502309751115901669757901803e-01,1.62184802352958309311427360831568e-01,-1.31672545932076687772595353999640e-01
1.20500000000000000000000000000000e+01,2.59434256728211772832714422253120e-01,1.87240636422889399901791196130338e-01,1.55571400254603798166239143732126e-01,-1.32851272136391080358415523317257e-01
1.21000000000000000000000000000000e+01,2.68518938900252079066201812313133e-01,1.76177957201544524889725020938123e-01,1.48900879950155599618082932386649e-01,-1.33958071227594026658004797982305e-01
1.21500000000000000000000000000000e+01,2.77055507306718525894034199373507e-01,1.65327379122464299055925509585134e-01,1.42176721464225701771820304681681e-01,-1.34997387412487355335911226767518e-01
1.21999999999999999999999999999999e+01,2.85056178342622129338990088480048e-01,1.54749780835873491570336942436080e-01,1.35402218399716081719269514559164e-01,-1.35972105584045206093473616880953e-01
1.22500000000000000000000000000000e+01,2.92535660530041992998025138244855e-01,1.44483622595633234488845937961137e-01,1.28580572538637308803023068236753e-01,-1.36882987653855622427238667073816e-01
1.23000000000000000000000000000000e+01,2.99509995990207507677166157923153e-01,1.34543969157129866392229408750803e-01,1.21715001252634652501068995150593e-01,-1.37728715987846441924734721561529e-01
1.23499999999999999999999999999999e+01,3.05995429989207197598213977976952e-01,1.24924483809039848968969312062660e-01,1.14808829209124316988991991804029e-01,-1.38506448407728472529604272953721e-01
1.24000000000000000000000000000000e+01,3.12007440133180283279499366969676e-01,1.15601681653536568758824168722689e-01,1.07865543688691126569526693692390e-01,-1.39212677536520921533660935444545e-01
1.24499999999999999999999999999998e+01,3.17560016829006371222758539626663e-01,1.06540576453310193129971811186562e-01,1.00888804607740002584565920346504e-01,-1.39844142261987011691231416520133e-01
1.25000000000000000000000000000000e+01,3.22665242085034575089218289136484e-01,9.77008243610073050170074757969500e-02,9.38824126282329607339218091541426e-02,-1.40398561986879819775186737309154e-01
1.25500000000000000000000000000000e+01,3.27333170467928415884329266387861e-01,8.90425468283900222220044743359793e-02,8.68502484654307275929901557110477e-02,-1.40875039918039216634409542174109e-01
1.25999999999999999999999999999999e+01,3.31571979004682845055594075018515e-01,8.05311801679924482326449050957957e-02,7.97962016614244621886159653728661e-02,-1.41274084119225290699137146428967e-01
1.26500000000000000000000000000000e+01,3.35388325526810326585075851735144e-01,7.21409174335932116408276085691636e-02,7.27241070642719207840332674974188e-02,-1.41597295475543968528852154426400e-01
1.26999999999999999999999999999999e+01,3.38787839141643702680658798303954e-01,6.38565438293587138800230934460560e-02,6.56377027907723693504893165404049e-02,-1.41846845598576892559647336373699e-01
1.27500000000000000000000000000000e+01,3.41775662266660214704538578762020e-01,5.56736897540373326282785658810931e-02,5.85406162903564151557903183524808e-02,-1.42024900763872458732285316958224e-01
1.28000000000000000000000000000000e+01,3.44356969765516575589297273306848e-01,4.75977137174343323899509740439967e-02,5.14363774055301968010258558524270e-02,-1.42133138318132840837864210011342e-01
1.28500000000000000000000000000000e+01,3.46537404997575634666308282719450e-01,3.96415636894196467925046914023833e-02,4.43284509906818527909489228905742e-02,-1.42172458426232698352205695920602e-01
1.29000000000000000000000000000000e+01,3.48323392112620533714699940604713e-01,3.18230379581142577864142459388495e-02,3.72202780299112204289195335992280e-02,-1.42142932003609723263150198864134e-01
1.29499999999999999999999999999999e+01,3.49722305395661667100446802382233e-01,2.41618732959455242199491366908044e-02,3.01153137678630748584602748585960e-02,-1.42043962694145442724123761358597e-01
1.30000000000000000000000000000000e+01,3.50742496828980288821277355324751e-01,1.66770399019043335753435311503250e-02,2.30170537806379209592451964136521e-02,-1.41874592165486299547466022598108e-01
1.30499999999999999999999999999999e+01,3.51393199985041028293384976271750e-01,9.38453736333085093918807660844206e-03,1.59290431707017815944614193827617e-02,-1.41633853682707620601568368632073e-01
1.30999999999999999999999999999999e+01,3.51684340494094008993118840034779e-01,2.29588082204727116082785599266866e-03,8.85486886228837635977692625118046e-03,-1.41321081398155711096721553682874e-01
1.31500000000000000000000000000000e+01,3.51626289989347369798540060998181e-01,-4.58264525204700141207164214517318e-03,1.79813905367532342891770381549122e-03,-1.40936107449233398440767927046447e-01
1.31999999999999999999999999999998e+01,3.51229601590340098662596163430237e-01,-1.12499943218898480765208127860060e-02,-5.23754363424989389016824363584392e-03,-1.40479316350857814468472742812534e-01
1.32500000000000000000000000000000e+01,3.50504761270176177064291241845854e-01,-1.77097415230008204669243468236395e-02,-1.22486082472643005693830316170692e-02,-1.39951565293595206566186977856476e-01
1.33000000000000000000000000000000e+01,3.49461982115763648712430500044502e-01,-2.39690164649501430980762042460820e-02,-1.92315350223675773517984474866408e-02,-1.39354010149147668847319698577902e-01
1.33500000000000000000000000000000e+01,3.48111059112127998385597361554000e-01,-3.00371826811876256048333305504468e-02,-2.61828650258687662064106801564823e-02,-1.38687893902551606742624429084588e-01
1.34000000000000000000000000000000e+01,3.46461292169062342547548109435654e-01,-3.59244588122265848077587339539409e-02,-3.30991994984195583364410332009283e-02,-1.37954354833651574393039397788352e-01
1.34499999999999999999999999999999e+01,3.44521475869416307469914113428051e-01,-4.16406531205339456021232956522203e-02,-3.99771910744151892986104818465843e-02,-1.37154298280456364182255628274251e-01
1.35000000000000000000000000000000e+01,3.42299946765950865162283726702141e-01,-4.71941437975885729996477334011354e-02,-4.68135306979477524921377841161735e-02,-1.36288353634228219003934540809809e-01
1.35500000000000000000000000000000e+01,3.39804673640099084258176189881211e-01,-5.25911882214946258585892559322428e-02,-5.36049345268192332610272296206485e-02,-1.35356914082085090138513938341983e-01
1.35999999999999999999999999999999e+01,3.37043373291703589962897962715802e-01,-5.78355921882311946170789814583656e-02,-6.03481344633201229669691926124492e-02,-1.34360236697088691950427204552619e-01
1.36500000000000000000000000000000e+01,3.34023634096403176968886176527452e-01,-6.29287228595711569148859623433014e-02,-6.70398745022309039871359804236749e-02,-1.33298568992137646463551497070641e-01
1.36999999999999999999999999999998e+01,3.30753031359894976144308731223797e-01,-6.78698119480892715919031285166330e-02,-7.36769133154389555394085884179181e-02,-1.32172266587515235342214924675793e-01
1.37500000000000000000000000000000e+01,3.27239221851938103777825428170440e-01,-7.26564705564555006391852578843541e-02,-8.02560318824627091306669626291941e-02,-1.30981874114531053724564340094209e-01
1.38000000000000000000000000000000e+01,3.23490009198232338869225460211448e-01,-7.72853245116137112796709684083751e-02,-8.67740439006236709125043653757770e-02,-1.29728154717301194501462361174534e-01
1.38499999999999999999999999999999e+01,3.19513376423476246264557800245492e-01,-8.17526786364548316703683877568412e-02,-9.32278063522985028004537657070349e-02,-1.28412068352266919501861092023521e-01
1.39000000000000000000000000000000e+01,3.15317486298807454699107079540033e-01,-8.60551285741884332827893100173353e-02,-9.96142279481179098766576976538322e-02,-1.27034711629069432482742628397906e-01
1.39499999999999999999999999999999e+01,3.10910653794469569546694003847968e-01,-9.01900565385841288991733325090035e-02,-1.05930274016349402810567352441894e-01,-1.25597239520364160856258664264426e-01
1.40000000000000000000000000000000e+01,3.06301297577492102221179190933447e-01,-9.41559694828544571072601625577179e-02,-1.12172967488579697859185270113858e-01,-1.24100790820414179610064799852907e-01
1.40500000000000000000000000000000e+01,3.01497878973060507797224337459090e-01,-9.79526620681258875145101015220152e-02,-1.18339386644376900141308096721723e-01,-1.22546435210896570240102543771377e-01
1.41000000000000000000000000000000e+01,2.96508837098978793572269693225686e-01,-1.01581209982308712068662720076564e-01,-1.24426660982869257851985066383982e-01,-1.20935151906539949302351660459862e-01
1.41500000000000000000000000000000e+01,2.91342528094836440075713263465797e-01,-1.05043818644460686592853346797403e-01,-1.30431966854672699987020018049429e-01,-1.19267840589436183846064425738355e-01
1.41999999999999999999999999999999e+01,2.86007174754870369352705309978573e-01,-1.08343565605842974600315455623914e-01,-1.36352524310167546169342180465377e-01,-1.17545357252931491504041373386843e-01
1.42500000000000000000000000000000e+01,2.80510830770688004478811543007979e-01,-1.11484081414280936195314312257799e-01,-1.42185596109617918478305279948336e-01,-1.15768562532622443860105466108767e-01
1.42999999999999999999999999999999e+01,2.74861361512631250862256660104730e-01,-1.14469214470293351581915405404419e-01,-1.47928489172825679046964768142511e-01,-1.13938368853601070050568852882442e-01
1.43499999999999999999999999999999e+01,2.69066441079110242390129175040373e-01,-1.17302721612813327084927554787907e-01,-1.53578558106263282267502582793685e-01,-1.12055774950189705916148489716930e-01
1.44000000000000000000000000000000e+01,2.63133563440960632949323059774141e-01,-1.19988018106337457432271713158674e-01,-1.59133209983488764053355758843064e-01,-1.10121880968084908779869524096170e-01
1.44499999999999999999999999999998e+01,2.57070064108561978058444002579692e-01,-1.22528008894832962989797109073226e-01,-1.64589909356612579790402017414487e-01,-1.08137883018206233549202850351435e-01
1.45000000000000000000000000000000e+01,2.50883147994494162522065094243388e-01,-1.24925009497967526097599510371423e-01,-1.69946182555146847745211164253751e-01,-1.06105051228552653486116740189970e-01
1.45500000000000000000000000000000e+01,2.44579919044161669064960668986783e-01,-1.27180752631841972815307272520902e-01,-1.75199620626897833919265623460596e-01,-1.04024698807529353383724933995087e-01
1.45999999999999999999999999999999e+01,2.38167407648809454361513317285830e-01,-1.29296467328475463635089571752757e-01,-1.80347880689025359347825071777112e-01,-1.01898150742335986201559744006846e-01
1.46500000000000000000000000000000e+01,2.31652592684645694370240323847218e-01,-1.31273011054562803256181076909228e-01,-1.85388685867169094001292340938872e-01,-9.97267195812276475676398295847667e-02
1.46999999999999999999999999999999e+01,2.25042416099865350214296952507074e-01,-1.33111031644189784229622219573669e-01,-1.90319824307112256193541432749817e-01,-9.75116929427392495740781032097220e-02
1.47500000000000000000000000000000e+01,2.18343789165275736456758387755178e-01,-1.34811135011845802630767705043438e-01,-1.95139147888294409303814433403158e-01,-9.52543338925769128303202623724831e-02
1.48000000000000000000000000000000e+01,2.11563590657338669211398969409475e-01,-1.36374037089958231697786765748418e-01,-1.99844571240679727763291963160617e-01,-9.29558920632853530605454999648790e-02
1.48499999999999999999999999999999e+01,2.04708658194921422892779660029743e-01,-1.37800683767930135138193342267175e-01,-2.04434071497614444603667285651849e-01,-9.06176211051829387020813431300861e-02
1.49000000000000000000000000000000e+01,1.97785774596879133695751348616087e-01,-1.39092329258315703672719658604013e-01,-2.08905688968391539662406857995223e-01,-8.82407971683826397003043308307079e-02
1.49499999999999999999999999999998e+01,1.90801651441670516508526843723184e-01,-1.40250569773616689028685852908557e-01,-2.13257528657343411322179314956930e-01,-8.58267336459274787011182581352793e-02
1.50000000000000000000000000000000e+01,1.83762912022069334495662428884024e-01,-1.41277334991329910749881103321351e-01,-2.17487762354948412946669802239685e-01,-8.33767890153119634449504888645922e-02
1.50500000000000000000000000000000e+01,1.76676075645066962343938076769183e-01,-1.42174844351940673824889160828068e-01,-2.21594630921022748673840935801931e-01,-8.08923667455089566960192609794409e-02
1.50999999999999999999999999999999e+01,1.69547544786977824251253039607110e-01,-1.42945538481100049585005217811448e-01,-2.25576446381794829758669237277425e-01,-7.83749083038616861990790013841827e-02
1.51500000000000000000000000000000e+01,1.62383596053411686138196720869328e-01,-1.43591997553819327020962586832900e-01,-2.29431593555645382340842934859675e-01,-7.58258818187303537749089958361226e-02
1.51999999999999999999999999999999e+01,1.55190375302475424319539720163338e-01,-1.44116858175997147490873065671717e-01,-2.33158531070847002444961523502092e-01,-7.32467696307048058354159264741279e-02
1.52500000000000000000000000000000e+01,1.47973896747052733255949226427995e-01,-1.44522738733484354770029139045344e-01,-2.36755791798006786081775151593581e-01,-7.06390577398321012697797970215911e-02
1.53000000000000000000000000000000e+01,1.40740045415104415218034612099627e-01,-1.44812180627560544408584780254159e-01,-2.40221982848909865902571888725721e-01,-6.80042292200456714912156476531562e-02
1.53499999999999999999999999999999e+01,1.33494582051285679462624322087365e-01,-1.44987609761753592377532291567612e-01,-2.43555785365165560394846305314832e-01,-6.53437623820458548179067845543998e-02
1.54000000000000000000000000000000e+01,1.26243149404455366769833556550698e-01,-1.45051319508493782221029122895827e-01,-2.46755954326514468238950455332909e-01,-6.26591332003882994616671950106045e-02
1.54499999999999999999999999999999e+01,1.18991278854596995248860260362421e-01,-1.45005473685712982492399650355950e-01,-2.49821318558749570703246792597395e-01,-5.99518205654537852776154998821463e-02
1.55000000000000000000000000000000e+01,1.11744396458118182456403463971033e-01,-1.44852126119301930520091623811687e-01,-2.52750781035032597395184545524019e-01,-5.72233124401312428267133422603235e-02
1.55500000000000000000000000000000e+01,1.04507827695986841790015205146104e-01,-1.44593252087671350080862185917484e-01,-2.55543319467437004412910533698342e-01,-5.44751110471176448548749752781991e-02
1.55999999999999999999999999999999e+01,9.72868004655252529444558625272140e-02,-1.44230786189306528901350962596431e-01,-2.58197987103100312083466321952362e-01,-5.17087357225341844160778177221406e-02
1.56500000000000000000000000000000e+01,9.00864461360387161920239254333431e-02,-1.43766661048695965692813051504894e-01,-2.60713913590422937547248600865195e-01,-4.89257228614058245240320333208725e-02
1.56999999999999999999999999999999e+01,8.29117987534453937555127169698372e-02,-1.43202841979655813956352908695702e-01,-2.63090305772984764810330329895627e-01,-4.61276231963207629504784862510199e-02
1.57500000000000000000000000000000e+01,7.57677926900184325110619347060648e-02,-1.42541354108571417905745427593417e-01,-2.65326448297582023255303168763443e-01,-4.33159972683188417790827263072209e-02
1.58000000000000000000000000000000e+01,6.86592591710953189679557428231446e-02,-1.41784299994298859453365511054306e-01,-2.67421703974703504041550055454648e-01,-4.04924102523231929039532761195824e-02
1.58499999999999999999999999999999e+01,6.15909221758124849074205143673819e-02,-1.40933867048921805419336654307589e-01,-2.69375513888626931489777446152654e-01,-3.76584272811756385967640545902715e-02
1.59000000000000000000000000000001e+01,5.45673942174449089055535529257371e-02,-1.39992325103664715242420055037744e-01,-2.71187397305337231662836837775190e-01,-3.48156101308661838491874385679634e-02
1.59499999999999999999999999999999e+01,4.75931724658624607253045946976269e-02,-1.38962015500803738163149311971817e-01,-2.72856951458702815597589802534283e-01,-3.19655156784373987496739676265108e-02
1.60000000000000000000000000000000e+01,4.06726355802236058422292526356301e-02,-1.37845334057088848502523871893996e-01,-2.74383851303288530119528853815252e-01,-2.91096960459241687047752497672268e-02
1.60500000000000000000000000000000e+01,3.38100414868063989057524491605612e-02,-1.36644710778906371296586378983333e-01,-2.75767849306887360404235455809050e-01,-2.62496999320130706020568445746268e-02
1.60999999999999999999999999999999e+01,2.70095261929096129340280173075341e-02,-1.35362589118232860651469122957491e-01,-2.77008775324405215500024701065714e-01,-2.33870744081740323343624478950472e-02
1.61499999999999999999999999999997e+01,2.02751036002008041456557368548150e-02,-1.34001407055015002225558605211819e-01,-2.78106536557543247899660145967624e-01,-2.05233664483234961583202575483466e-02
1.62000000000000000000000000000000e+01,1.36106661810400584673713608538784e-02,-1.32563581723044297254132169291767e-01,-2.79061117571936395074271286028137e-01,-1.76601236339956553609598185082641e-02
1.62500000000000000000000000000000e+01,7.01998630860011044422775667425112e-03,-1.31051498765192882936314663882801e-01,-2.79872580322302406904356532903883e-01,-1.47988937578073526748861002992095e-02
1.63000000000000000000000000000000e+01,5.06717987110135873154281894433717e-04,-1.29467506988218716119156763442973e-01,-2.80541064130083253178060813084183e-01,-1.19412233552497512788616942346767e-02
1.63499999999999999999999999999999e+01,-5.92560128166909153634103627841125e-03,-1.27813918151454588994680313017102e-01,-2.81066785566383461529350870181402e-01,-9.08865545240361402525946422560268e-03
1.63999999999999999999999999999996e+01,-1.22735487335217325510765813381736e-02,-1.26093011045215934783728314247651e-01,-2.81450038211687730339054596891658e-01,-6.24272696781146185095878768567142e-03
1.64500000000000000000000000000000e+01,-1.85338148621617736655012214647544e-02,-1.24307038592354740123233579044999e-01,-2.81691192286797771109541307967850e-01,-3.40496622799220515987048305749334e-03
1.65000000000000000000000000000000e+01,-2.47032023409047071231492230199779e-02,-1.22458236565236455104975487736640e-01,-2.81790694170470225317797141507784e-01,-5.76890964071432991565522957714368e-04
1.65500000000000000000000000000000e+01,-3.07786253917499844623166574747935e-02,-1.20548832553090310874357600590100e-01,-2.81749065833661854174368458046177e-01,2.23999300792052191701087806209093e-03
1.65999999999999999999999999999999e+01,-3.67571095833334792030528469381021e-02,-1.18581053976955453553183338061929e-01,-2.81566904225622625120683246084680e-01,5.04419241144199573313841809040762e-03
1.66499999999999999999999999999997e+01,-4.26357919855318457979180537990859e-02,-1.16557134224705016581469946829967e-01,-2.81244880643185157777056496518839e-01,7.83422659773327878845454549938288e-03
1.67000000000000000000000000000000e+01,-4.84119215708918891767646473556890e-02,-1.14479316335179616929266496312960e-01,-2.80783740103562581706495967736594e-01,1.06086273667368128202846066662126e-02
1.67500000000000000000000000000000e+01,-5.40828597337901923960396559470178e-02,-1.12349854027165361295830324456300e-01,-2.80184300726573772290841782965218e-01,1.33659388132123654984508999110398e-02
1.68000000000000000000000000000000e+01,-5.96460807965187172654631967779911e-02,-1.10171010203121961480476807530890e-01,-2.79447453118733435447734857252770e-01,1.61047174345728122551167822105136e-02
1.68499999999999999999999999999999e+01,-6.50991723856592031988336643883291e-02,-1.07945053356674411829574820630230e-01,-2.78574159742321549933628705106585e-01,1.88235326331918154558042580602807e-02
1.68999999999999999999999999999997e+01,-7.04398355898494404256859156654923e-02,-1.05674252545380714137457032988633e-01,-2.77565454248799657902130659560243e-01,2.15209676317457505292957844412916e-02
1.69500000000000000000000000000000e+01,-7.56658848461247327589680049727133e-02,-1.03360871681676938474261875783980e-01,-2.76422440757602660375656529514239e-01,2.41956207207737957985199807775575e-02
1.70000000000000000000000000000000e+01,-8.07752475383305038153114380855653e-02,-1.01007163821260797224401308741722e-01,-2.75146293067285494472381211097139e-01,2.68461066874466060399455594750332e-02
1.70500000000000000000000000000000e+01,-8.57659633212359982295138104039065e-02,-9.86153659747769729392619145614247e-02,-2.73738253794474898974038887752938e-01,2.94710582457072541024424843157756e-02
1.70999999999999999999999999999999e+01,-9.06361832068734907325665587263275e-02,-9.61876948401544915781959497507223e-02,-2.72199633444755609368893605185552e-01,3.20691273082779148957814320432710e-02
1.71499999999999999999999999999997e+01,-9.53841684670169141279080021486879e-02,-9.37263437495582816130045372638875e-02,-2.70531809426161886608274707293177e-01,3.46389860028325388993750913506841e-02
1.72000000000000000000000000000000e+01,-1.00008289416826995000751273951371e-01,-9.12334809677345832068888405923263e-02,-2.68736225018857771917246530951284e-01,3.71793274130651090291344977884178e-02
1.72500000000000000000000000000000e+01,-1.04507024145941452148883940180462e-01,-8.87112492528163355989361107450313e-02,-2.66814388313771056068648442518871e-01,3.96888660927423131565582892467650e-02
1.73000000000000000000000000000000e+01,-1.08878957253555642031318164327272e-01,-8.61617663977226509022132580424917e-02,-2.64767871129392336285936599483388e-01,4.21663384420861047530422525402594e-02
1.73499999999999999999999999999999e+01,-1.13122778627837729631124201788892e-01,-8.35871264082764760198151701950477e-02,-2.62598307911029565861045308439444e-01,4.46105030498399160751495047395889e-02
1.73999999999999999999999999999997e+01,-1.17237282293739805303566767496317e-01,-8.09894010163868036588490992730550e-02,-2.60307394611792927673404577840808e-01,4.70201410947177990230189537851029e-02
1.74500000000000000000000000000000e+01,-1.21221365339399625063744435929766e-01,-7.83706412673717621936621020842598e-02,-2.57896887550577683774323438951450e-01,4.93940568700647407216578739328271e-02
1.75000000000000000000000000000000e+01,-1.25074026918259343940544695315059e-01,-7.57328789173584437171221011312341e-02,-2.55368602240179490765750685752839e-01,5.17310784522801499762629978046676e-02
1.75500000000000000000000000000000e+01,-1.28794367310891083955946447344176e-01,-7.30781273905384557211867305071005e-02,-2.52724412178785791819514928338184e-01,5.40300584895312523343650936664119e-02
1.75999999999999999999999999999999e+01,-1.32381587019982837084689781741179e-01,-7.04083821367317875412437143310704e-02,-2.49966247600122546909584226744550e-01,5.62898750558756838922453978486418e-02
1.76499999999999999999999999999996e+01,-1.35834985867395916830739432519542e-01,-6.77256203655070962029776856659698e-02,-2.47096094180660523307897075854322e-01,5.85094325039499412445248434960823e-02
1.77000000000000000000000000000000e+01,-1.39153962063804714989870057656540e-01,-6.50318002332274555551429775980925e-02,-2.44115991705530229811302142926088e-01,6.06876622558155301573328496401260e-02
1.77500000000000000000000000000000e+01,-1.42338011226300920220138406883307e-01,-6.23288595938634241837387494484171e-02,-2.41028032697359900720234993430252e-01,6.28235234912918868318373004574784e-02
1.78000000000000000000000000000000e+01,-1.45386725325059667585666739854958e-01,-5.96187144321223506521731679981209e-02,-2.37834361013626324045042872653827e-01,6.49160037198011858820912119302122e-02
1.78499999999999999999999999999999e+01,-1.48299791546521676916559225833393e-01,-5.69032571165412153646778799755829e-02,-2.34537170418127008733463183490202e-01,6.69641192480632896447662426293821e-02
1.78999999999999999999999999999997e+01,-1.51076991068022331883101118817769e-01,-5.41843546307529650588488523728118e-02,-2.31138703131049554014022708771190e-01,6.89669155748445253144765932751962e-02
1.79500000000000000000000000000000e+01,-1.53718197746682352181544753868158e-01,-5.14638469342988106127233625241869e-02,-2.27641248360313744885919444853528e-01,7.09234677517280250798345804557556e-02
1.80000000000000000000000000000000e+01,-1.56223376732089876731337477896671e-01,-4.87435455672081771570209610434652e-02,-2.24047140814939986934163987319285e-01,7.28328807464271360565150432636132e-02
1.80500000000000000000000000000000e+01,-1.58592583016818972867131872750923e-01,-4.60252325647912898864548911569018e-02,-2.20358759199593374450202747962886e-01,7.46942898353361142494906131967731e-02
1.80999999999999999999999999999999e+01,-1.60825959940993378094531180384536e-01,-4.33106597032755345507241018635610e-02,-2.16578524688476590293667184972695e-01,7.65068610370747070950416713832390e-02
1.81499999999999999999999999999997e+01,-1.62923737667045655605762140032662e-01,-4.06015480542672024214463826545360e-02,-2.12708899376592535373635830029798e-01,7.82697915814620708717024150111075e-02
1.82000000000000000000000000000000e+01,-1.64886231638822915765729336045280e-01,-3.78995877929327374087287032696427e-02,-2.08752384707070187620163049835337e-01,7.99823103936588833879746288722979e-02
1.82500000000000000000000000000000e+01,-1.66713841036013493836742101009006e-01,-3.52064381911246663013644888806824e-02,-2.04711519874468185745360279392935e-01,8.16436785665228584208640712530916e-02
1.83000000000000000000000000000000e+01,-1.68407047231432762704928631720967e-01,-3.25237277272110292318237948496899e-02,-2.00588880205282748704486523955565e-01,8.32531897968843457518330056677549e-02
1.83499999999999999999999999999999e+01,-1.69966412255263134578122485768597e-01,-2.98530542416201907608254434325893e-02,-1.96387075517903266866070438388616e-01,8.48101707697315053839670463791125e-02
1.83999999999999999999999999999997e+01,-1.71392577266558236750412210461197e-01,-2.71959850587041098319215566344814e-02,-1.92108748464827276343049248549822e-01,8.63139814834352612184418422306131e-02
1.84500000000000000000000000000000e+01,-1.72686261028401287207462319297145e-01,-2.45540570021995917585871462114234e-02,-1.87756572860081652045452733296570e-01,8.77640155173552156110913566957753e-02
1.85000000000000000000000000000000e+01,-1.73848258380266290694285270248062e-01,-2.19287762667085776999579845667735e-02,-1.83333251994535612456187138202815e-01,8.91597002507926965016870862505873e-02
1.85500000000000000000000000000000e+01,-1.74879438700405383272269932719633e-01,-1.93216181513731882992089180946069e-02,-1.78841516941177612510150160662249e-01,9.05004970483065602480990011256869e-02
1.85999999999999999999999999999999e+01,-1.75780744352033948277236845265835e-01,-1.67340266822259766659752080625386e-02,-1.74284124851611716783933846408923e-01,9.17859014280719246397846188063964e-02
1.86499999999999999999999999999997e+01,-1.76553189108298242319575060774283e-01,-1.41674141436660355382850486661770e-02,-1.69663857244277499795585192899035e-01,9.30154432258748561603019768477801e-02
1.87000000000000000000000000000000e+01,-1.77197856551855651316363019986578e-01,-1.16231605356787169945072354993748e-02,-1.64983518284453255010288869649752e-01,9.41886867597926992697044901162648e-02
1.87500000000000000000000000000000e+01,-1.77715898446096672586164534472026e-01,-9.10261299053413064020997158790925e-03,-1.60245933056035551700226615780712e-01,9.53052309935767177471556320167499e-02
1.88000000000000000000000000000000e+01,-1.78108533077316069583405566153658e-01,-6.60708520354817689094401911077946e-03,-1.55453945825307752302455780220801e-01,9.63647096923827569434240745130496e-02
1.88499999999999999999999999999999e+01,-1.78377043569906014476047985867504e-01,-4.13785692894172665790468041289224e-03,-1.50610418297286368222396360235083e-01,9.73667915624324496345050825927199e-02
1.88999999999999999999999999999996e+01,-1.78522776178534844107273309487778e-01,-1.69617356414450152074306489610159e-03,-1.45718227865674623021285672812399e-01,9.83111803656578422014346697040326e-02
1.89500000000000000000000000000000e+01,-1.78547138561752124939199200313730e-01,7.16754178495875777864481761068759e-04,-1.40780265857878361445582528572688e-01,9.91976150015825429165174975152151e-02
1.90000000000000000000000000000000e+01,-1.78451598041255858049914283341583e-01,3.09975051688444489929742264965944e-03,-1.35799435776853595125157523622468e-01,1.00025869551885119054059685687059e-01
1.90500000000000000000000000000000e+01,-1.78237679851023673008943176586968e-01,5.45167475916581409884821718213386e-03,-1.30778651541675552364452505845034e-01,1.00795753287379023843649648663808e-01
1.91000000000000000000000000000000e+01,-1.77906965380570917379201240554990e-01,7.77142138061145150563758277267929e-03,-1.25720835728632594247660527160647e-01,1.01507110640903978317655479289439e-01
1.91499999999999999999999999999997e+01,-1.77461090416114832924853617687873e-01,1.00579200349016338842977908209243e-02,-1.20628917814411890843585363943346e-01,1.02159821151796272267540746236086e-01
1.91999999999999999999999999999999e+01,-1.76901743382227299922946867263827e-01,1.23101355279193080841264470238162e-02,-1.15505832422642607915936652564184e-01,1.02753799388051436618143636454591e-01
1.92500000000000000000000000000000e+01,-1.76230663585192983871342019468110e-01,1.45270677786893172459549021004706e-02,-1.10354517574777839490567669387743e-01,1.03288994851225990146045744591852e-01
1.93000000000000000000000000000000e+01,-1.75449639458323862975045184782828e-01,1.67077517816150755281416792566169e-02,-1.05177912946097070839775912115273e-01,1.03765391866886395373422671016740e-01
1.93499999999999999999999999999999e+01,-1.74560506808971685831113820913965e-01,1.88512575772255258233463503899537e-02,-9.99789581275377796818476621333373e-02,1.04183009460773856165349120591508e-01
1.93999999999999999999999999999997e+01,-1.73565147066681016252026613367743e-01,2.09566902364530244416218929384068e-02,-9.47605908941111561310481259183925e-02,1.04541901218841853513975984420025e-01
1.94499999999999999999999999999999e+01,-1.72465485531720100590297687371880e-01,2.30231898613451831369206797389807e-02,-8.95257454807757378428687624465975e-02,1.04842155128415370542602715550481e-01
1.95000000000000000000000000000000e+01,-1.71263489623169325283995380247297e-01,2.50499316015474930141827189628155e-02,-8.42773508667861225825477023364844e-02,1.05083893397552296328268219078113e-01
1.95500000000000000000000000000000e+01,-1.69961167125866040127868269684005e-01,2.70361256825720611956228552042222e-02,-7.90183290696777202486414052502682e-02,1.05267272249835248444380241416351e-01
1.95999999999999999999999999999999e+01,-1.68560564435779152615154131307534e-01,2.89810174387407076413788055303236e-02,-7.37515934501734805893682424846680e-02,1.05392481692506591108686482431302e-01
1.96499999999999999999999999999997e+01,-1.67063764803839448490575575633064e-01,3.08838873398752693056295643805418e-02,-6.84800470293664534441565108337220e-02,1.05459745257441359282796824714172e-01
1.96999999999999999999999999999999e+01,-1.65472886578865851504627107041170e-01,3.27440509988798553798548859542914e-02,-6.32065808195057483465374061107649e-02,1.05469319716460557971100471946943e-01
1.97500000000000000000000000000000e+01,-1.63790081450801684864125388263923e-01,3.45608591510120376083690649480381e-02,-5.79340721696011440293626843276203e-02,1.05421494773753403073984429953045e-01
1.98000000000000000000000000000000e+01,-1.62017532695752216982122655035078e-01,3.63336976027633048829831498890805e-02,-5.26653831269209331389752007973327e-02,1.05316592738078145863708855637157e-01
1.98499999999999999999999999999999e+01,-1.60157453424305237361836246415217e-01,3.80619871516609538471453234842044e-02,-4.74033588153457032676791879814451e-02,1.05154968176532643803784911001487e-01
1.98999999999999999999999999999997e+01,-1.58212084834612085129743970317627e-01,3.97451834753380797292903245413994e-02,-4.21508258314705029147376606675920e-02,1.04937007550990922436777383916662e-01
1.99499999999999999999999999999999e+01,-1.56183694471883609379168095526842e-01,4.13827769853862734252275928266730e-02,-3.69105906593014325463899562127819e-02,1.04663128837973743968319255282250e-01
2.00000000000000000000000000000000e+01,-1.54074574496103569702666632558688e-01,4.29742926456783708787997315808867e-02,-3.16854381043648831231138875319596e-02,1.04333781132226334803890276779833e-01
2.00500000000000000000000000000000e+01,-1.51887039959563249486869640389568e-01,4.45192897630622120006498236659641e-02,-2.64781297480554710649013776888082e-02,1.03949444233401263743918906743039e-01
2.00999999999999999999999999999999e+01,-1.49623427095315858381967336096320e-01,4.60173617612250278739268131749941e-02,-2.12914024230989452214737211012866e-02,1.03510628214550580176623178158849e-01
2.01499999999999999999999999999996e+01,-1.47286091617225914565452339359225e-01,4.74681359431246878382092235224266e-02,-1.61279667110719358490676946064156e-02,1.03017872971242011989221045058257e-01
2.01999999999999999999999999999999e+01,-1.44877407032197656652891861060390e-01,4.88712732411013804857917123806672e-02,-1.09905054629607968294689736667828e-02,1.02471747750913782567809465252008e-01
2.02500000000000000000000000000000e+01,-1.42399762965229189061995186021709e-01,5.02264679541882167434687031700334e-02,-5.88167234373906107929411238940849e-03,1.01872850662905532054660596646782e-01
2.03000000000000000000000000000000e+01,-1.39855563497837173364630389650073e-01,5.15334474770273560484494681290814e-02,-8.04090401908969372713688471250347e-04,1.01221808170027390493288378596571e-01
2.03500000000000000000000000000000e+01,-1.37247225520115882184255593401231e-01,5.27919720260934166062306847432266e-02,4.23964933509468632155626067516676e-03,1.00519274562680251833292502197147e-01
2.03999999999999999999999999999997e+01,-1.34577177096518994445107898482004e-01,5.40018343640015602683295049706981e-02,9.24698923879394353148818017527152e-03,9.97659314166661720491093764712183e-02
2.04499999999999999999999999999999e+01,-1.31847855845566597541247211900600e-01,5.51628595172369855649888735235497e-02,1.42154064300653753523820768848075e-02,9.89624870359052105560688384882047e-02
2.05000000000000000000000000000001e+01,-1.29061707333941958847221345525853e-01,5.62749044823820948215274883587230e-02,1.91424141013197342504098199179463e-02,9.81096758811425904664042838269021e-02
2.05500000000000000000000000000001e+01,-1.26221183485601023629454796482993e-01,5.73378579194718563778863904865739e-02,2.40255628097833686666209271779274e-02,9.72082579853949417633105881532592e-02
2.05999999999999999999999999999999e+01,-1.23328741006519278506171137958993e-01,5.83516398331775991500156460603028e-02,2.88624417412291829345862274509991e-02,9.62590183565148803874714372432668e-02
2.06499999999999999999999999999997e+01,-1.20386839825690283314070365392078e-01,5.93162012412175095473459788666170e-02,3.36506799435162873925380750947211e-02,9.52627663669676335542364379783150e-02
2.07000000000000000000000000000000e+01,-1.17397941553073153620870613863419e-01,6.02315238275590265946716601412052e-02,3.83879475292972780163699056405661e-02,9.42203351307408345930333096875249e-02
2.07499999999999999999999999999999e+01,-1.14364507955308738174629885484050e-01,6.10976195783213338738790935464462e-02,4.30719568472471077643729230200894e-02,9.31325808673030049685883551848842e-02
2.08000000000000000000000000000000e+01,-1.11288999450081807983108344519812e-01,6.19145304001955740244794918612148e-02,4.77004636211678982981840027884492e-02,9.20003822527413171284987772000801e-02
2.08500000000000000000000000000000e+01,-1.08173873619973658592297420118154e-01,6.26823277227030309045023562631168e-02,5.22712680563390506160166289149825e-02,9.08246397585435427801794594805133e-02
2.08999999999999999999999999999998e+01,-1.05021583746567838699417432010093e-01,6.34011120861268918884311075236606e-02,5.67822159125117927985455801214705e-02,8.96062749787154500517705842377719e-02
2.09499999999999999999999999999998e+01,-1.01834577365478006511265391862425e-01,6.40710127169757428435665457294774e-02,6.12311995429829899870924833483169e-02,8.83462299459483500100573488116006e-02
2.10000000000000000000000000000000e+01,-9.86152948428815302146910421133200e-02,6.46921870924526500458291837568808e-02,6.56161588992177645503924315642240e-02,8.70454664375251806057174246186459e-02
2.10500000000000000000000000000000e+01,-9.53661679740886707570676223773125e-02,6.52648204946105272332593336160976e-02,6.99350825005266915657966185869951e-02,8.57049652717421003883738850772624e-02
2.10999999999999999999999999999999e+01,-9.20896186046567649578121975300652e-02,6.57891255545093703936139468651053e-02,7.41860083683456421997380909332413e-02,8.43257255957399167498009571363726e-02
2.11499999999999999999999999999996e+01,-8.87880572745267809364988898104518e-02,6.62653417874730741408212031824662e-02,7.83670249247101839986598556763146e-02,8.29087641655612463616643865414250e-02
2.11999999999999999999999999999998e+01,-8.54638818855762949183153582300207e-02,6.66937351215026514379442250866804e-02,8.24762718545501656220936368046995e-02,8.14551146189544909675425759455370e-02
2.12500000000000000000000000000000e+01,-8.21194763928874076717882729670721e-02,6.70745974202921789262202635316324e-02,8.65119409314488856903315940797977e-02,7.99658267411912771113867497314663e-02
2.13000000000000000000000000000000e+01,-7.87572095200067346204198445117988e-02,6.74082460002473099162912515089478e-02,9.04722768065236505329843271176171e-02,7.84419657241682399565159332587240e-02
2.13499999999999999999999999999999e+01,-7.53794334985431566257259878658630e-02,6.76950231397369613159752390731135e-02,9.43555777601024539190756539291511e-02,7.68846114192399557786345180084647e-02
2.13999999999999999999999999999996e+01,-7.19884828325157309241530975089788e-02,6.79352955799592707595848947567281e-02,9.81601964158970461378347104745225e-02,7.52948575843292896348667166528921e-02
2.14499999999999999999999999999999e+01,-6.85866730878434729347875319417229e-02,6.81294540186762543625158907214164e-02,1.01884540417398935997901337824338e-01,7.36738111258088324305901887407524e-02
2.15000000000000000000000000000000e+01,-6.51762997072955265107823959593442e-02,6.82779125980915004378774971494709e-02,1.05527073066247899133491029306077e-01,7.20225913356015900155819087468381e-02
2.15500000000000000000000000000000e+01,-6.17596368512012739517549979470420e-02,6.83811083863017268625762887592055e-02,1.09086313922346903596117532073154e-01,7.03423291240466757497506441538201e-02
2.16000000000000000000000000000000e+01,-5.83389362642861119229252285675254e-02,6.84395008506077230436575419898713e-02,1.12560839365528943409573930208269e-01,6.86341662492382537433004638723078e-02
2.16499999999999999999999999999997e+01,-5.49164261690628797724174391816700e-02,6.84535713221144255200344344721765e-02,1.15949283118618753380199149292816e-01,6.68992545436017437556354369887956e-02
2.16999999999999999999999999999999e+01,-5.14943101861845690245948915409037e-02,6.84238224530088888916258306311033e-02,1.19250336731768671525942837989919e-01,6.51387551383814656702377606040569e-02
2.17500000000000000000000000000001e+01,-4.80747662820762640271685319034078e-02,6.83507776682794442624577089944025e-02,1.22462750027978395596299033499619e-01,6.33538376865933295027010879773426e-02
2.18000000000000000000000000000001e+01,-4.46599457441076129370734667359206e-02,6.82349806122952151046512850612601e-02,1.25585331509734475468907554683455e-01,6.15456795849453324963498052252638e-02
2.18499999999999999999999999999999e+01,-4.12519721835783783410809934829647e-02,6.80769945896244962747012807505420e-02,1.28616948726730568429014629815534e-01,5.97154651952324065757507690397571e-02
2.18999999999999999999999999999997e+01,-3.78529405668119398515966029682508e-02,6.78774020000304366525048467153350e-02,1.31556528604654854467837402300528e-01,5.78643850657100112555601365974827e-02
2.19500000000000000000000000000000e+01,-3.44649162746221151402637366591374e-02,6.76368037688021054118913186945667e-02,1.34403057735055747526193265529298e-01,5.59936351529317562744527825740211e-02
2.19999999999999999999999999999999e+01,-3.10899341903480448931579262227639e-02,6.73558187738695147149963434949317e-02,1.37155582626320997452727973694035e-01,5.41044160445275984683631615123193e-02
2.20500000000000000000000000000000e+01,-2.77299978165975149818404237323225e-02,6.70350832703624831758323391787425e-02,1.39813209915829296733289121247599e-01,5.21979321834084909193051987633348e-02
2.21000000000000000000000000000000e+01,-2.43870784208276190272309882801406e-02,6.66752503125275076966568755096953e-02,1.42375106543358168610438877066163e-01,5.02753910938988684520858847190906e-02
2.21499999999999999999999999999998e+01,-2.10631142098981863901901389834124e-02,6.62769891729346482028454346963522e-02,1.44840499885857527869589924881694e-01,4.83380026103228105878541500515158e-02
2.21999999999999999999999999999998e+01,-1.77600095337262035836924105509011e-02,6.58409847593189391637193199940732e-02,1.47208677853725571017836531968298e-01,4.63869781086091052226986166280624e-02
2.22500000000000000000000000000000e+01,-1.44796341181459503254448746141689e-02,6.53679370295915995360658916028091e-02,1.49478988948752758851430553256851e-01,4.44235297415071442382793673827964e-02
2.23000000000000000000000000000000e+01,-1.12238223270549613632343656469804e-02,6.48585604054460599783428944657892e-02,1.51650842283928825705159793660149e-01,4.24488696779790494291975404201990e-02
2.23499999999999999999999999999999e+01,-7.99437245390926655836281632584015e-03,6.43135831848027590666444245851887e-02,1.53723707565334308002286651798064e-01,4.04642093472645868925887292889260e-02
2.23999999999999999999999999999996e+01,-4.79304604262347967744276292745255e-03,6.37337469531660192570746816364064e-02,1.55697115036361522005488873438918e-01,3.84707586880696330847389999145686e-02
2.24499999999999999999999999999998e+01,-1.62156723793143327731552746357225e-03,6.31198059938399015994907595431725e-02,1.57570655384532646367587179959756e-01,3.64697254033433636960737339599544e-02
2.25000000000000000000000000000000e+01,1.51837783473558665438618618088573e-03,6.24725266970556249427628370488395e-02,1.59343979611206712501843237963721e-01,3.44623142211393615807607179222173e-02
2.25500000000000000000000000000000e+01,4.62514165980789002269181135026808e-03,6.17926869684492012266765205411322e-02,1.61016798864491819801389938277261e-01,3.24497261620362312895809987455588e-02
2.25999999999999999999999999999999e+01,7.69711589255935178925508911365534e-03,6.10810756376095628691158549641979e-02,1.62588884235701129640520781244351e-01,3.04331578135322998120028372112257e-02
2.26499999999999999999999999999996e+01,1.07327318905303299169934710245688e-02,6.03384918671955720566769586490147e-02,1.64060066519710898440449427813172e-01,2.84138006117994639008297494255120e-02
2.26999999999999999999999999999999e+01,1.37304612154214892689304054114528e-02,5.95657445626304422568335745083994e-02,1.65430235939598827313141650998213e-01,2.63928401312190843733851689434999e-02
2.27500000000000000000000000000000e+01,1.66888161054840494569240795311648e-02,5.87636517822980478737788887444873e-02,1.66699341835963637705133131032934e-01,2.43714553821761997345003030319671e-02
2.28000000000000000000000000000000e+01,1.96063499184397882149527992316167e-02,5.79330401486710536085432983854956e-02,1.67867392321350855458022723886920e-01,2.23508181175877661946770790395518e-02
2.28500000000000000000000000000000e+01,2.24816575449993406704738621382125e-02,5.70747442612565991569359547617119e-02,1.68934453900232328882687829491223e-01,2.03320921485889317837868278406095e-02
2.28999999999999999999999999999997e+01,2.53133757930888916481906238691662e-02,5.61896061120286578192421505392290e-02,1.69900651055007018562582550557645e-01,1.83164326697613077465093924567570e-02
2.29499999999999999999999999999999e+01,2.81001837429126621142013157022380e-02,5.52784745033916920561618164326022e-02,1.70766165798509815553000215043582e-01,1.63049855942934744242416427024922e-02
2.30000000000000000000000000000001e+01,3.08408030729721614608874630956934e-02,5.43422044684924802195386104422964e-02,1.71531237193535246492306218538827e-01,1.42988868994840838839709094990520e-02
2.30500000000000000000000000000001e+01,3.35339983571631946917285645639603e-02,5.33816566941189436789814186877442e-02,1.72196160839903308833795898753903e-01,1.22992619829860445805530894194939e-02
2.30999999999999999999999999999999e+01,3.61785773330969674203986026405718e-02,5.23976969468856098052450977683243e-02,1.72761288329613583635596095842891e-01,1.03072250301485904795837519387272e-02
2.31499999999999999999999999999997e+01,3.87733911418262142291866094082003e-02,5.13911955032927410369442641002674e-02,1.73227026670650675220699671243244e-01,8.32387839278126678278974838470600e-03
2.32000000000000000000000000000000e+01,4.13173345391738954170352637729320e-02,5.03630265837453106805179068360101e-02,1.73593837680020050688970942478545e-01,6.35031197966045697827276654999553e-03
2.32499999999999999999999999999999e+01,4.38093460788583052138456559592347e-02,4.93140677903872152081109965511369e-02,1.73862237346609635391906722508793e-01,4.38760265910837522804597025268206e-03
2.33000000000000000000000000000000e+01,4.62484082676068029783923837463303e-02,4.82451995488778370022107875580655e-02,1.74032795164489057520806743947812e-01,2.43681367397360897665804721379782e-03
2.33500000000000000000000000000000e+01,4.86335476924666974580474954637012e-02,4.71573045545924017074184187049452e-02,1.74106133437274587009273019391694e-01,4.98994069329310380726634861645142e-04
2.33999999999999999999999999999998e+01,5.09638351205474940360976225956371e-02,4.60512672237284911674565074687065e-02,1.74082926554203235083298859809324e-01,-1.42482186680986436768970204383694e-03
2.34499999999999999999999999999998e+01,5.32383855714461604934001597801051e-02,4.49279731495311411353285202668127e-02,1.73963900238574204474008423909434e-01,-3.33361514946408121993333528394939e-03
2.35000000000000000000000000000000e+01,5.54563583626125264235761396708477e-02,4.37883085636868553745920805978204e-02,1.73749830769229959394857286096531e-01,-5.22638262908254669734628792933346e-03
2.35500000000000000000000000000000e+01,5.76169571279160990464798319797172e-02,4.26331598030300279672063154018827e-02,1.73441544175762684039424871437871e-01,-7.10213751009027666857955949158496e-03
2.35999999999999999999999999999999e+01,5.97194298096872248575973207469255e-02,4.14634127818709060267286462932611e-02,1.73039915408145007694749129374391e-01,-8.95990985532840391719248493702127e-03
2.36499999999999999999999999999996e+01,6.17630686245227667999074303711891e-02,4.02799524703024748595139686378008e-02,1.72545867481496610654128991475154e-01,-1.07987470761393384932777602040240e-02
2.36999999999999999999999999999998e+01,6.37472100031630159239037942198103e-02,3.90836623787838597840577117273023e-02,1.71960370596710249184396392928967e-01,-1.26177144078700492731510889986720e-02
2.37500000000000000000000000000000e+01,6.56712345047595007072951263626409e-02,3.78754240492237744534224817534653e-02,1.71284441237671394930389872448392e-01,-1.44158953705926258275979609365642e-02
2.38000000000000000000000000000000e+01,6.75345667058631135190978144424259e-02,3.66561165527348178152681809188486e-02,1.70519141245815330920763953772748e-01,-1.61923922148539793854631236617655e-02
2.38499999999999999999999999999999e+01,6.93366750644697757823001536963612e-02,3.54266159942087652765751266244190e-02,1.69665576872775009713639960848422e-01,-1.79463263522633591428903279374792e-02
2.38999999999999999999999999999996e+01,7.10770717594692039769103671412991e-02,3.41877950239075515442457338159349e-02,1.68724897811882624654352567899784e-01,-1.96768387707258714285924675393464e-02
2.39499999999999999999999999999999e+01,7.27553125058543832416718239684650e-02,3.29405223563529847281162900949822e-02,1.67698296209297051832561233669671e-01,-2.13830904341483030827937249278410e-02
2.40000000000000000000000000000000e+01,7.43709963460645074772371480714414e-02,3.16856622968153836964717993214624e-02,1.66587005655537290978797855129132e-01,-2.30642626664711916428629328842609e-02
2.40500000000000000000000000000000e+01,7.59237654178465325633536579350746e-02,3.04240742755824884180119982757539e-02,1.65392300158208874999824762613807e-01,-2.47195575198962472534824627739966e-02
2.41000000000000000000000000000000e+01,7.74133046990256935898506479782215e-02,2.91566123900541101042402470235452e-02,1.64115493096716782159040305348450e-01,-2.63481981271763567996513100479437e-02
2.41499999999999999999999999999997e+01,7.88393417295773948596747259270428e-02,2.78841249547304026624456641829789e-02,1.62757936159765087828994871513346e-01,-2.79494290378353902838124322849780e-02
2.41999999999999999999999999999999e+01,8.02016463114002790944209240171150e-02,2.66074540593230868384039254749564e-02,1.61321018266449851285431571641742e-01,-2.95225165382029631573646436311350e-02
2.42500000000000000000000000000001e+01,8.15000301862046920798850093955403e-02,2.53274351353039127633202052947677e-02,1.59806164471756762678754051527704e-01,-3.10667489551772027338981901545123e-02
2.43000000000000000000000000000001e+01,8.27343466919441458864066922749541e-02,2.40448965310879976677551927927535e-02,1.58214834857278902347045539695283e-01,-3.25814369436465883824268136270223e-02
2.43499999999999999999999999999999e+01,8.39044903982224894761304725108447e-02,2.27606590958764185107160141662711e-02,1.56548523407973305086169755099584e-01,-3.40659137575049439453583080065123e-02
2.43999999999999999999999999999997e+01,8.50103967211096568397430493252581e-02,2.14755357721751963875091985044982e-02,1.54808756875778308451872747265195e-01,-3.55195355041955760885903951521930e-02
2.44500000000000000000000000000000e+01,8.60520415178035125331039640532954e-02,2.01903311971650196114584004972028e-02,1.52997093630916579378878635529033e-01,-3.69416813827337881716593498344765e-02
2.44999999999999999999999999999999e+01,8.70294406615873843817209880805413e-02,1.89058413132005755566868818090484e-02,1.51115122501710737665530476644407e-01,-3.83317539051773698130266924061288e-02
2.45500000000000000000000000000000e+01,8.79426495975453363180230768251386e-02,1.76228529876353171338830686934164e-02,1.49164461603739591151178287921990e-01,-3.96891791015300662101160255531374e-02
2.45999999999999999999999999999999e+01,8.87917628795028845440327658388161e-02,1.63421436420133637198747394228926e-02,1.47146757159163553005933082727210e-01,-4.10134067080700513585120124042135e-02
2.46499999999999999999999999999998e+01,8.95769136886614338256435613263922e-02,1.50644808906376117206311286192297e-02,1.45063682307048083274100473502027e-01,-4.23039103391011549956627066109236e-02
2.46999999999999999999999999999998e+01,9.02982733343975693674376762868343e-02,1.37906221886264286448910575872611e-02,1.42916935905513864159165490834449e-01,-4.35601876421352456883263243556392e-02
2.47500000000000000000000000000000e+01,9.09560507377065150352768612095027e-02,1.25213144896547605108533170100644e-02,1.40708241326541643591252485313240e-01,-4.47817604365284836581943149973626e-02
2.48000000000000000000000000000000e+01,9.15504918977782806740236986441457e-02,1.12572939135353096817202558714381e-02,1.38439345244258192621497055036884e-01,-4.59681748356079650217788477313099e-02
2.48499999999999999999999999999999e+01,9.20818793422002240446850291123906e-02,9.99928542369672734792653856499484e-03,1.36112016417527691440142840670656e-01,-4.71190013523372237422907120906903e-02
2.48999999999999999999999999999996e+01,9.25505315612812410232289051521202e-02,8.74800251457667192830653360786071e-03,1.33728044467670163349906302050690e-01,-4.82338349885797584968017089494488e-02
2.49499999999999999999999999999998e+01,9.29568024269945199220909280289641e-02,7.50414690898652735697352153231295e-03,1.31289238652125376251880459606741e-01,-4.93122953080292101828060067125952e-02
2.50000000000000000000000000000000e+01,9.33010805970398970230822067130405e-02,6.26840826554834353633562726997817e-03,1.28797426634876984328586720008452e-01,-5.03540264928835476342329395104185e-02
2.50500000000000000000000000000000e+01,9.35837889045319812834094524725729e-02,5.04146389630138765142614131725172e-03,1.26254453254447567986793250130524e-01,-5.13586973843509786363587595543693e-02
2.50999999999999999999999999999999e+01,9.38053837338242674823588290470243e-02,3.82397849454223325168997141874666e-03,1.23662179290270521044826171287733e-01,-5.23260015070884555820035684697731e-02
2.51499999999999999999999999999996e+01,9.39663543829818731635692447078611e-02,2.61660387293372945581251034342098e-03,1.21022480228239355728154568987628e-01,-5.32556570776864723427008622900114e-02
2.51999999999999999999999999999999e+01,9.40672224134169146411742032550312e-02,1.41997871190505793320585131248621e-03,1.18337245026229081379557248765419e-01,-5.41474069973222573391846800691738e-02
2.52500000000000000000000000000000e+01,9.41085409872016129516138649944251e-02,2.34728318366226448007297466742010e-04,1.15608374880378080935611569320837e-01,-5.50010188287085984909480618049251e-02
2.53000000000000000000000000000000e+01,9.40908941925757547661489992620137e-02,-9.38535605223420069483988992262573e-04,1.12837781992912377597353932887199e-01,-5.58162847574732421474079604271305e-02
2.53499999999999999999999999999999e+01,9.40148963581676151943207559049630e-02,-2.09921518137612198271354153451398e-03,1.10027388342287124349862176465327e-01,-5.65930215381168510037990428867572e-02
2.53999999999999999999999999999997e+01,9.38811913564501406364896761874540e-02,-3.24672656764133058871729606201827e-03,1.07179124456412388795248254792720e-01,-5.73310704247113204229866634271828e-02
2.54499999999999999999999999999999e+01,9.36904518969553689139695194638842e-02,-4.38050015621493923465955551782696e-03,1.04294928189721975358291278919724e-01,-5.80302970865088755382644407433385e-02
2.55000000000000000000000000000001e+01,9.34433788097691360914626563205069e-02,-5.49998076312301026631971256915093e-03,1.01376743504835399377510199829153e-01,-5.86905915086365523413968754512602e-02
2.55500000000000000000000000000001e+01,9.31407003198268470089402851705519e-02,-6.60462780699268365407941714411318e-03,9.84265192595542665620887818500870e-02,-5.93118678780567601593884068138399e-02
2.55999999999999999999999999999999e+01,9.27831713125315968420025788057382e-02,-7.69391547738025080548873866573590e-03,9.54462079999250091105826404160510e-02,-5.98940644549858793266319041647870e-02
2.56499999999999999999999999999997e+01,9.23715725912177784148912619021210e-02,-8.76733289262282821159358074716765e-03,9.24377647600900092343955967912107e-02,-6.04371434299752722487705538017472e-02
2.57000000000000000000000000000000e+01,9.19067101269838108427919932232321e-02,-9.82438424723104183831093099905405e-03,8.94031458696386970593651679721678e-02,-6.09410907668672155069641690492253e-02
2.57499999999999999999999999999999e+01,9.13894143014153668238098913361967e-02,-1.08645889488876316320039321141115e-02,8.63443077691594781607538088673292e-02,-6.14059160318423573254410457157966e-02
2.58000000000000000000000000000000e+01,9.08205391427172616715136939126344e-02,-1.18874817451063936016928090876511e-02,8.32632058346824049922748552808097e-02,-6.18316522087803274529502762232035e-02
2.58499999999999999999999999999999e+01,9.02009615557706327200923022104582e-02,-1.28926128395601392606725320083508e-02,8.01617932116912186651242809630379e-02,-6.22183555011638263453419417596743e-02
2.58999999999999999999999999999998e+01,8.95315805466321756812111431611439e-02,-1.38795479980733430073754274586059e-02,7.70420196593716173239917219954563e-02,-6.25661051207664238638105144761949e-02
2.59499999999999999999999999999998e+01,8.88133164419915090797751655772254e-02,-1.48478686443163103669457768728039e-02,7.39058304057503958009161452053767e-02,-6.28750030633717710115796128932618e-02
2.60000000000000000000000000000000e+01,8.80471101040996082387648041765065e-02,-1.57971719452832232303363051686829e-02,7.07551650143675898952399875364584e-02,-6.31451738717768115066125923035709e-02
2.60500000000000000000000000000000e+01,8.72339221416769461693724388164233e-02,-1.67270708866359587328808514384985e-02,6.75919562631110129447291619978256e-02,-6.33767643863364687931456718935212e-02
2.60999999999999999999999999999999e+01,8.63747321173067191964716009238780e-02,-1.76371943379624078378313720610963e-02,6.44181290358295431023419431266347e-02,-6.35699434833137011840361533273938e-02
2.61499999999999999999999999999996e+01,8.54705377518166269576966976226337e-02,-1.85271871079836485261993603388258e-02,6.12355992273281473078279941610265e-02,-6.37249018013058598951213949972443e-02
2.61999999999999999999999999999998e+01,8.45223541261504520178580104980984e-02,-1.93967099897684809069273608417275e-02,5.80462726623339195845269643948292e-02,-6.38418514560245666006983361400431e-02
2.62500000000000000000000000000000e+01,8.35312128812268749026241911473925e-02,-2.02454397960462088136998422932706e-02,5.48520440290084152815877092912476e-02,-6.39210257437116144613239773392557e-02
2.63000000000000000000000000000000e+01,8.24981614162781137401664551635649e-02,-2.10730693847159119574417855985413e-02,5.16547958275673184264240257284858e-02,-6.39626788334781001263214766222326e-02
2.63499999999999999999999999999999e+01,8.14242620861563951473700347034059e-02,-2.18793076746365994441248527304596e-02,4.84563973345540095780131216931179e-02,-6.39670854488583300149934975719950e-02
2.63999999999999999999999999999996e+01,8.03105913980923357038817703781056e-02,-2.26638796517737657669618366155375e-02,4.52587035832989193297701414758007e-02,-6.39345405388742912869707695044802e-02
2.64499999999999999999999999999999e+01,7.91582392083853851536526147108179e-02,-2.34265263657860440059920228987215e-02,4.20635543610816481946254111470440e-02,-6.38653589389111701609188871542153e-02
2.65000000000000000000000000000000e+01,7.79683079195019039771829411877564e-02,-2.41670049171510606247198988525617e-02,3.88727732234976813989356653037003e-02,-6.37598750217094876835754807584887e-02
2.65500000000000000000000000000000e+01,7.67419116780511960120712011064067e-02,-2.48850884349402206310023146979128e-02,3.56881665265161325689953455803171e-02,-6.36184423387838280082959849628325e-02
2.65999999999999999999999999999999e+01,7.54801755741042133499508053356762e-02,-2.55805660453559881127940624716944e-02,3.25115224766993741939080910662161e-02,-6.34414332525810206256583188960347e-02
2.66499999999999999999999999999997e+01,7.41842348423139719826914263345328e-02,-2.62532428311447544246861911677603e-02,2.93446102000397169587170556776429e-02,-6.32292385596928184821603169551460e-02
2.66999999999999999999999999999999e+01,7.28552340652911295790823780229744e-02,-2.69029397819957829646392050203056e-02,2.61891788298524760301473393224109e-02,-6.29822671054412253156583310930248e-02
2.67500000000000000000000000000001e+01,7.14943263796826734736423836391997e-02,-2.75294937360371357120723575774080e-02,2.30469566141487493281761952643184e-02,-6.27009453901588702220773651006159e-02
2.68000000000000000000000000000001e+01,7.01026726853959224163117239667481e-02,-2.81327573125489111134827008419506e-02,1.99196500428950135838679981760355e-02,-6.23857171674905134840614227234194e-02
2.68499999999999999999999999999999e+01,6.86814408584036446815964806781423e-02,-2.87125988360290293112034805260872e-02,1.68089429955502885566839625005877e-02,-6.20370430350435349064914240057583e-02
2.68999999999999999999999999999997e+01,6.72318049675590965652565388827146e-02,-2.92689022517538433575967720577324e-02,1.37164959092552108006870917337210e-02,-6.16554000177159562899820055787720e-02
2.69500000000000000000000000000000e+01,6.57549444958428133038484127318215e-02,-2.98015670329687711038351394594519e-02,1.06439449680308980847099230693758e-02,-6.12412811440321052161685695571330e-02
2.69999999999999999999999999999999e+01,6.42520435664564917196685566112539e-02,-3.03105080798352230706346356641700e-02,7.59290131332891147638692320791274e-03,-6.07951950158188413546713340948575e-02
2.70500000000000000000000000000000e+01,6.27242901741729152533332573938932e-02,-3.07956556102659387578363443118654e-02,4.56495027625690746628942149043118e-03,-6.03176653715577694740123580291813e-02
2.70999999999999999999999999999999e+01,6.11728754223438079807607288877769e-02,-3.12569550427992712858775017256298e-02,1.56165063178777374293235504746726e-03,-5.98092306437497056131150290791959e-02
2.71499999999999999999999999999998e+01,5.95989927659596176423412396221118e-02,-3.16943668716744170810433189002231e-02,-1.41546612475676547325865196035070e-03,-5.92704435106274382733500348163126e-02
2.71999999999999999999999999999998e+01,5.80038372611472368691341878266867e-02,-3.21078665342631309522005329045399e-02,-4.36489647867389303352479648158886e-03,-5.87018704425530940732341268234382e-02
2.72500000000000000000000000000000e+01,5.63886048214842243460170870196953e-02,-3.24974442710017440065572044998040e-02,-7.28516557404145366717214041768678e-03,-5.81040912434376084793492999822392e-02
2.73000000000000000000000000000000e+01,5.47544914815009182354041557815808e-02,-3.28631049779693878895195580186738e-02,-1.01748278688332877675935123507988e-02,-5.74776985875208687544848170998886e-02
2.73499999999999999999999999999999e+01,5.31026926677341522091230986144310e-02,-3.32048680522743164471460664974272e-02,-1.30324677667646442340917468008341e-02,-5.68232975518510703604476585646821e-02
2.73999999999999999999999999999996e+01,5.14344024776878295389299045094218e-02,-3.35227672304222466954214684456575e-02,-1.58567002256610790583384805715403e-02,-5.61415051448009716263974918818475e-02
2.74499999999999999999999999999998e+01,4.97508129670469453578462568375322e-02,-3.38168504198374202188301717413521e-02,-1.86461713421611088165938142681204e-02,-5.54329498309579270354026159419595e-02
2.75000000000000000000000000000000e+01,4.80531134454833700458212582110682e-02,-3.40871795236975715589471253122989e-02,-2.13995589125797206250962656355785e-02,-5.46982710527241386312725833330960e-02
2.75500000000000000000000000000000e+01,4.63424897813837129840575006711267e-02,-3.43338302592435244407296633093857e-02,-2.41155729697766512733819005066098e-02,-5.39381187489630668224106658305536e-02
2.75999999999999999999999999999999e+01,4.46201237158213087834850381605500e-02,-3.45568919697344251500619985327076e-02,-2.67929562958901231544867421357048e-02,-5.31531528710269680978505186388436e-02
2.76499999999999999999999999999996e+01,4.28871921860855486965991297091588e-02,-3.47564674302290266220454546149858e-02,-2.94304849108134384413872244944953e-02,-5.23440428964990908805190430236414e-02
2.76999999999999999999999999999999e+01,4.11448666590727196639152239091407e-02,-3.49326726473736790558029400494535e-02,-3.20269685363084676924368941063418e-02,-5.15114673409823573105796437308594e-02
2.77500000000000000000000000000000e+01,3.93943124748336050949560310711268e-02,-3.50856366533728703674597854376564e-02,-3.45812510356666142964149727610326e-02,-5.06561132682644921945565596052822e-02
2.78000000000000000000000000000000e+01,3.76366882005643690716619511938926e-02,-3.52155012943167870573513001695643e-02,-3.70922108288442854968616830070858e-02,-4.97786757991876072766519469245019e-02
2.78499999999999999999999999999999e+01,3.58731449953184325560507788471364e-02,-3.53224210130444384305038745108172e-02,-3.95587612830162523305417653778834e-02,-4.88798576195482906658606714922472e-02
2.78999999999999999999999999999997e+01,3.41048259857079868422990829300147e-02,-3.54065626267260067518483822959990e-02,-4.19798510785065327699717228052183e-02,-4.79603684873521781744678935251950e-02
2.79499999999999999999999999999999e+01,3.23328656528545315656655693869404e-02,-3.54681050993505819135490290653645e-02,-4.43544645500725711670870401457221e-02,-4.70209247397444896490931391720815e-02
2.80000000000000000000000000000001e+01,3.05583892308385103592059290309177e-02,-3.55072393093054539091954059867223e-02,-4.66816220035344872535663748326082e-02,-4.60622487999349953895434319737996e-02
2.80500000000000000000000000000001e+01,2.87825121168888314250684393722447e-02,-3.55241678122321969990491386627602e-02,-4.89603800077570108243736437155144e-02,-4.50850686844326858714939587606157e-02
2.80999999999999999999999999999999e+01,2.70063392935438212803774047312381e-02,-3.55191045993440435936690660306173e-02,-5.11898316620074068677686072226750e-02,-4.40901175109024595648311122392708e-02
2.81499999999999999999999999999997e+01,2.52309647630059241514354205697798e-02,-3.54922748513898663702700841137541e-02,-5.33691068387282415738935757790319e-02,-4.30781330069533035450945867230770e-02
2.82000000000000000000000000000000e+01,2.34574709939031218876762691989166e-02,-3.54439146884531896456570828706359e-02,-5.54973724017792347264059644785566e-02,-4.20498570201641827996544136284952e-02
2.82499999999999999999999999999999e+01,2.16869283806605353819201000306447e-02,-3.53742709157779985186612141170583e-02,-5.75738324002176588225128804036361e-02,-4.10060350296499388891184170565309e-02
2.83000000000000000000000000000000e+01,1.99203947156760605338131055833056e-02,-3.52836007658131937872853786631115e-02,-5.95977282377017556283563162113530e-02,-3.99474156594653361193596782650782e-02
2.83499999999999999999999999999999e+01,1.81589146744843800733527676683527e-02,-3.51721716366641585898428320227543e-02,-6.15683388176164490784787450525680e-02,-3.88747501941415013918136842433866e-02
2.83999999999999999999999999999998e+01,1.64035193140843455189274307190292e-02,-3.50402608271375443855677481054312e-02,-6.34849806640352541860442185898424e-02,-3.77887920966453211135253426036628e-02
2.84499999999999999999999999999998e+01,1.46552255845953764920516732890386e-02,-3.48881552685677214766289210803338e-02,-6.53470080186467121483073336226737e-02,-3.66902965290483537114616191314662e-02
2.85000000000000000000000000000000e+01,1.29150358543989815981647523327318e-02,-3.47161512536178741218990116084227e-02,-6.71538129137878966496286336076088e-02,-3.55800198761872163508982244348669e-02
2.85500000000000000000000000000000e+01,1.11839374489118098001265459444218e-02,-3.45245541622496313108458973553273e-02,-6.89048252217415121861325885033883e-02,-3.44587192725925301076276555500322e-02
2.85999999999999999999999999999999e+01,9.46290220312703902235494416139421e-03,-3.43136781850510595914993704225479e-02,-7.05995126804668408437578735540966e-02,-3.33271521329588064381699738338014e-02
2.86499999999999999999999999999996e+01,7.75288602805153296771382607196128e-03,-3.40838460441088816709742471423769e-02,-7.22373808959483001299137379343141e-02,-3.21860756864231291603145941195221e-02
2.86999999999999999999999999999999e+01,6.05482849115690191493241815266232e-03,-3.38353887116116385488711461207291e-02,-7.38179733213586506180139712760949e-02,-3.10362465149157566780037791152619e-02
2.87500000000000000000000000000000e+01,4.36965241095316863992367574317387e-03,-3.35686451263743226255096912011229e-02,-7.53408712132469211578748450108610e-02,-2.98784200958406212456387727726889e-02
2.88000000000000000000000000000000e+01,2.69826346578416608757490232764560e-03,-3.32839619084761096778780326576770e-02,-7.68056935649738836301340449327189e-02,-2.87133503493383105715316713124878e-02
2.88499999999999999999999999999999e+01,1.04154981693428853475814171273718e-03,-3.29816930721993328815777052002526e-02,-7.82120970176304040703275504876754e-02,-2.75417891903787570510590468420376e-02
2.88999999999999999999999999999996e+01,-5.99618253873074993656573897627769e-04,-3.26621997374537093854844847268521e-02,-7.95597757486862260700851760101073e-02,-2.63644860859255671625524651822214e-02
2.89499999999999999999999999999999e+01,-2.22438869251426442263544164012713e-03,-3.23258498398691494957816475886653e-02,-8.08484613386287050314221298557906e-02,-2.51821876174085326089952249276397e-02
2.90000000000000000000000000000000e+01,-3.83192800597928317990878992503228e-03,-3.19730178397423945900645230172256e-02,-8.20779226158626997584378163812211e-02,-2.39956370487352646937299445310027e-02
2.90500000000000000000000000000000e+01,-5.42142158130828682353881356524663e-03,-3.16040844300233002302586793582500e-02,-8.32479654801542311659398740185358e-02,-2.28055739000671238149303193988940e-02
2.91000000000000000000000000000000e+01,-6.99207398990720680986845580374087e-03,-3.12194362435241242069637699997991e-02,-8.43584327049116302792117536670056e-02,-2.16127335275787586170722318137315e-02
2.91499999999999999999999999999997e+01,-8.54310927720816937728672320115432e-03,-3.08194655595317798339043861897662e-02,-8.54092037186087159005060879264541e-02,-2.04178467094146613752193275971728e-02
2.91999999999999999999999999999999e+01,-1.00737712376493133398133852177575e-02,-3.04045700100011730944491744507305e-02,-8.64001943656650641554932728920029e-02,-1.92216392380502013129421110940929e-02
2.92500000000000000000000000000001e+01,-1.15833236749575069317240432689449e-02,-2.99751522855074334924083587540731e-02,-8.73313566471086559609710225332607e-02,-1.80248315192586178408029936071531e-02
2.93000000000000000000000000000001e+01,-1.30710506477263468176213692869373e-02,-2.95316198411343734682027393613739e-02,-8.82026784413561115720075276426871e-02,-1.68281381778793945415023184407703e-02
2.93499999999999999999999999999999e+01,-1.45362567002906530015447211648189e-02,-2.90743846024748938412324388269501e-02,-8.90141832054553377797179935636897e-02,-1.56322676705772229168415609497075e-02
2.93999999999999999999999999999997e+01,-1.59782670789074004934396451765942e-02,-2.86038626719166539989609076888712e-02,-8.97659296571447153673197818970993e-02,-1.44379219057744178957325009289682e-02
2.94500000000000000000000000000000e+01,-1.73964279332616312195045895573936e-02,-2.81204740353838257243843719319813e-02,-9.04580114380919382791431112776910e-02,-1.32457958709332877448434472187040e-02
2.94999999999999999999999999999999e+01,-1.87901065033243734441903168401326e-02,-2.76246422697035386123637231235109e-02,-9.10905567586842837544226017184831e-02,-1.20565772673586754694108618035514e-02
2.95500000000000000000000000000000e+01,-2.01586912915979818242183167270547e-02,-2.71167942507639322497793120837710e-02,-9.16637280247504467511219987161518e-02,-1.08709461526845994659858787628781e-02
2.95999999999999999999999999999999e+01,-2.15015922207926249513104033682148e-02,-2.65973598626294486676985425356984e-02,-9.21777214466021081272358762050504e-02,-9.68957459120247934908127485511114e-03
2.96499999999999999999999999999998e+01,-2.28182407769858921058492332467423e-02,-2.60667717077773673128679272729451e-02,-9.26327666307911154890843523328854e-02,-8.51312631218182612723078550674097e-03
2.96999999999999999999999999999998e+01,-2.41080901383256269006583635104265e-02,-2.55254648186168409367891431950465e-02,-9.30291261549855337769854955797116e-02,-7.34225637632765998732985384749865e-03
2.97500000000000000000000000000000e+01,-2.53706152893440714578319205474794e-02,-2.49738763704482433436203237798974e-02,-9.33670951263748728734606613097426e-02,-6.17761085051241736675465941155302e-03
2.98000000000000000000000000000000e+01,-2.66053131209592207587373516397107e-02,-2.44124453960178827150396822908458e-02,-9.36470007240215264909642171255500e-02,-5.01982649091365406910295177727308e-03
2.98499999999999999999999999999999e+01,-2.78117025162469998387380673954940e-02,-2.38416125018216704314623441587443e-02,-9.38692017255818584559837049653962e-02,-3.86953043468228510288163629328661e-03
2.98999999999999999999999999999996e+01,-2.89893244220755265379303906287705e-02,-2.32618195863099838938684201123431e-02,-9.40340880188264421177262395328602e-02,-2.72733990025939353382977690692947e-03
2.99499999999999999999999999999999e+01,-3.01377419067002720001588786533862e-02,-2.26735095601431945090248599093971e-02,-9.41420800983946918970409824844486e-02,-1.59386189645292174663459354022496e-03
3.00000000000000000000000000000000e+01,-3.12565402034263056932159397372115e-02,-2.20771260686433488267978979769265e-02,-9.41936285482245259005269595158757e-02,-4.69692940378945392497218885468573e-04
3.00500000000000000000000000000000e+01,-3.23453267404509933817694019333950e-02,-2.14731132165840215394373079570701e-02,-9.41892135101027699506443359153421e-02,6.44581215634315291791213334682278e-04
3.00999999999999999999999999999999e+01,-3.34037311570075633253721330334321e-02,-2.08619152954583677704917535080989e-02,-9.41293441387867566157456373051624e-02,1.74838584808818768030096574014458e-03
3.01499999999999999999999999999996e+01,-3.44314053059369212371129489410474e-02,-2.02439765133638309689924118343844e-02,-9.40145580441519839622511994841988e-02,2.84115751721606292574272413124746e-03
3.01999999999999999999999999999999e+01,-3.54280232428219547329577858754699e-02,-1.96197407276392027586629335394941e-02,-9.38454207208247753891587796884339e-02,3.92234431266854037797493503266291e-03
3.02500000000000000000000000000000e+01,-3.63932812018252545067860700283035e-02,-1.89896511803857375007610391957725e-02,-9.36225249657626261198456454534237e-02,4.99140608990961364705887410426967e-03
3.03000000000000000000000000000000e+01,-3.73268975583776655172165671633957e-02,-1.83541502370002374288506659469859e-02,-9.33464902842483375660738893223838e-02,6.04781469725885455788419074105552e-03
3.03500000000000000000000000000000e+01,-3.82286127788714075894706709953978e-02,-1.77136791278453923003192821933961e-02,-9.30179622847671296964636040686973e-02,7.09105419352108442999339065748274e-03
3.03999999999999999999999999999997e+01,-3.90981893575177172224506794185230e-02,-1.70686776931805247549346993324165e-02,-9.26376120632386834156715907965993e-02,8.12062105615156831776024007857434e-03
3.04499999999999999999999999999999e+01,-3.99354117405350533911446180855381e-02,-1.64195841314730565867674618122553e-02,-9.22061355770784996934452595241782e-02,9.13602437991130123147921852261895e-03
3.05000000000000000000000000000001e+01,-4.07400862378398342731703057469457e-02,-1.57668347512072778878769651358452e-02,-9.17242530095650712722484096816029e-02,1.01367860659734447251299728077677e-02
3.05500000000000000000000000000001e+01,-4.15120409224174040976437588980437e-02,-1.51108637263032109857281612096770e-02,-9.11927081249911487725585434454546e-02,1.11224410014484065959527478038431e-02
3.05999999999999999999999999999999e+01,-4.22511255175564867816225958748434e-02,-1.44521028552551712275602854015618e-02,-9.06122676150788486762907640401162e-02,1.20925372293014355612828024088616e-02
3.06499999999999999999999999999997e+01,-4.29572112721357929749640651446927e-02,-1.37909813240968163303610746249457e-02,-8.99837204371394986950376248994202e-02,1.30466361086429306783960441876790e-02
3.07000000000000000000000000000000e+01,-4.36301908241567130845758492721612e-02,-1.31279254732964594668456194758294e-02,-8.93078771444599486761653818887111e-02,1.39843124653779550528600189929205e-02
3.07499999999999999999999999999999e+01,-4.42699780527211331331918821607147e-02,-1.24633585686829926848528301369806e-02,-8.85855692093975940358909755335034e-02,1.49051547332077050765355889332032e-02
3.08000000000000000000000000000000e+01,-4.48765079186583371781859155624500e-02,-1.17977005764991488584161903918490e-02,-8.78176483396665654506343799053851e-02,1.58087650849819025185600963931778e-02
3.08500000000000000000000000000000e+01,-4.54497362940097069180229935940032e-02,-1.11313679426752739826370408697215e-02,-8.70049857882974364401229428750474e-02,1.66947595544072094946452892009145e-02
3.08999999999999999999999999999998e+01,-4.59896397805845019974393332188423e-02,-1.04647733764133798200990767841868e-02,-8.61484716577523942436042895248302e-02,1.75627681481228020008922205574237e-02
3.09499999999999999999999999999998e+01,-4.64962155178044112613597532786571e-02,-9.79832563816799202623707933332468e-03,-8.52490141986771131968514228623339e-02,1.84124349481602077443118386540047e-02
3.10000000000000000000000000000000e+01,-4.69694809800588109053726590041006e-02,-9.13242933210708894175518753193080e-03,-8.43075391037695659176230513510021e-02,1.92434182048104532997295152372970e-02
3.10500000000000000000000000000000e+01,-4.74094737637967462662073078259778e-02,-8.46748470313301663990030623953495e-03,-8.33249887972447076766303630111231e-02,2.00553904199274596933194538593465e-02
3.10999999999999999999999999999999e+01,-4.78162513645855562936401939098394e-02,-7.80388743853955291536249576148160e-03,-8.23023217203723769426323506670301e-02,2.08480384207024225360285534291968e-02
3.11499999999999999999999999999996e+01,-4.81898909443697729828889043420406e-02,-7.14202847437750974244840960906666e-03,-8.12405116135638759499010016823743e-02,2.16210634239495883770975020459341e-02
3.11999999999999999999999999999998e+01,-4.85304890891674589340349076739340e-02,-6.48229380659778715824352985747531e-03,-8.01405467954805346614349513429532e-02,2.23741810909494249336882866505824e-02
3.12500000000000000000000000000000e+01,-4.88381615574445127725345579318844e-02,-5.82506430703764156286900349507198e-03,-7.90034294396351229936246103327972e-02,2.31071215729007204633478551766573e-02
3.13000000000000000000000000000000e+01,-4.91130430194106805883092391011868e-02,-5.17071554431267603914610707066942e-03,-7.78301748489542620035763655418514e-02,2.38196295470386294168226442132627e-02
3.13499999999999999999999999999999e+01,-4.93552867874840459795727474729721e-02,-4.51961760967335835368022862937320e-03,-7.66218107287669988658371854775760e-02,2.45114642434810610737501049629837e-02
3.13999999999999999999999999999996e+01,-4.95650645381736129991637853802294e-02,-3.87213494788095262011919965136991e-03,-7.53793764586814588525613147688379e-02,2.51823994628710590101795869911537e-02
3.14499999999999999999999999999999e+01,-4.97425660256322481813465828690076e-02,-3.22862619315413466063365392222248e-03,-7.41039223638079761842038585208610e-02,2.58322235848879637747033616850056e-02
3.15000000000000000000000000000000e+01,-4.98879987871347308494476517651664e-02,-2.58944401023437473188942566528251e-03,-7.27965089857833389418274617480029e-02,2.64607395677052221603464090230517e-02
3.15500000000000000000000000000000e+01,-5.00015878407379867921484560094196e-02,-1.95493494061498474095716678635231e-03,-7.14582063540467647601942502632765e-02,2.70677649384777030528897224463335e-02
3.16000000000000000000000000000000e+01,-5.00835753753827371618757193640439e-02,-1.32543925397513775998362463229521e-03,-7.00900932578139582160415331723819e-02,2.76531317749462716670024020411043e-02
3.16499999999999999999999999999997e+01,-5.01342204336977634459992888320190e-02,-7.01290804856320798410706949867278e-04,-6.86932565191910935511559994303062e-02,2.82166866782521408994877070645585e-02
3.16999999999999999999999999999999e+01,-5.01537985877697697875287067213708e-02,-8.28168946150436288389634240829391e-05,-6.72687902678658237348988438241796e-02,2.87582907370581692332433239193363e-02
3.17500000000000000000000000000001e+01,-5.01426016081434326137136943874935e-02,5.29661861317634216809373559007001e-04,-6.58177952178074442041681616618363e-02,2.92778194830788267601897916116783e-02
3.18000000000000000000000000000001e+01,-5.01009371263176768164697112615388e-02,1.13583166084237891611394031126955e-03,-6.43413779464031417117965153028140e-02,2.97751628381250068440890042689639e-02
3.18499999999999999999999999999999e+01,-5.00291282910055020324454735965473e-02,1.73538563723971443595126011246727e-03,-6.28406501764518406555559680337966e-02,3.02502250527742089280970770395531e-02
3.18999999999999999999999999999997e+01,-4.99275134184257889948780826241779e-02,2.32802397583970201475785760925166e-03,-6.13167280614315267367878205608787e-02,3.07029246367808478435989498353131e-02
3.19500000000000000000000000000000e+01,-4.97964456368964418220055729935025e-02,2.91345402529640128648265880201167e-03,-5.97707314744500867889724037928588e-02,3.11331942813455547897047563860535e-02
3.19999999999999999999999999999999e+01,-4.96362925259989770313715534048109e-02,3.49139040345365148642827974575910e-03,-5.82037833012836600820183978845881e-02,3.15409807733663267283677521041673e-02
3.20499999999999999999999999999994e+01,-4.94474357505852633669065972332571e-02,4.06155509779190699677590451055463e-03,-5.66170087379002562041804691749592e-02,3.19262449017982566083672541765267e-02
3.21000000000000000000000000000000e+01,-4.92302706898975485630617651915604e-02,4.62367756044913072583286662578059e-03,-5.50115345928599634681123204178059e-02,3.22889613562523395328783911150740e-02
3.21500000000000000000000000000000e+01,-4.89852060620731750328117528825304e-02,5.17749479781211288837427697444962e-03,-5.33884885949764553039764522308358e-02,3.26291186179674995984782704727731e-02
3.21999999999999999999999999999998e+01,-4.87126635443054838572269245746120e-02,5.72275145467794017183428395855927e-03,-5.17489987066177061100530205773962e-02,3.29467188432935111085843523554461e-02
3.22500000000000000000000000000000e+01,-4.84130773889323380156765774263846e-02,6.25919989298861097678833824668020e-03,-5.00941924430168588264925269067375e-02,3.32417777398258866266010607993602e-02
3.22999999999999999999999999999994e+01,-4.80868940357234663162640827764006e-02,6.78660026514496674390584914819407e-03,-4.84251961979570506401758142960679e-02,3.35143244353370731396044491052408e-02
3.23499999999999999999999999999999e+01,-4.77345717206374431814765930068490e-02,7.30472058190921481820104122503671e-03,-4.67431345761867069499100024660132e-02,3.37644013396514474913051236853536e-02
3.24000000000000000000000000000001e+01,-4.73565800813185786309867069500799e-02,7.81333677490840260188021346658095e-03,-4.50491297329143627333775388633038e-02,3.39920639996146402331473595849788e-02
3.24499999999999999999999999999998e+01,-4.69533997596032971020606520198875e-02,8.31223275375431840652385455048478e-03,-4.33443007207244705132790188597696e-02,3.41973809473106347432841941111614e-02
3.25000000000000000000000000000000e+01,-4.65255220013047312935027959712350e-02,8.80120045779843816155269664128079e-03,-4.16297628442479116267212423499839e-02,3.43804335416828713316232780065407e-02
3.25499999999999999999999999999994e+01,-4.60734482535432486700320589824152e-02,9.28003990254361894520650159972331e-03,-3.99066270229130493268965763487100e-02,3.45413158037182319990150125932334e-02
3.25999999999999999999999999999999e+01,-4.55976897598894692776214250941924e-02,9.74855922073717361983620808387470e-03,-3.81759991620951549373481978135763e-02,3.46801342453553032694253487755776e-02
3.26500000000000000000000000000001e+01,-4.50987671535850311110359982660944e-02,1.02065746981727849446357885598527e-02,-3.64389795329739077362485894860919e-02,3.47970076922807220873445938125103e-02
3.26999999999999999999999999999999e+01,-4.45772100491049154734170921260834e-02,1.06539108042315674877450639923769e-02,-3.46966621614004212754009252571679e-02,3.48920671007796970780490878921474e-02
3.27500000000000000000000000000000e+01,-4.40335566323235561735529776814919e-02,1.10904002171955177301238085879523e-02,-3.29501342260668898122852485370765e-02,3.49654553688089508231533533248302e-02
3.27999999999999999999999999999993e+01,-4.34683532495452212171133506914985e-02,1.15158838443694974495390159879999e-02,-3.12004754662634853007440330550493e-02,3.50173271414623448326093572790608e-02
3.28500000000000000000000000000000e+01,-4.28821539956572791706494004404054e-02,1.19302108370506332614228519259221e-02,-2.94487575994985745845470884779005e-02,3.50478486110013376284326769194594e-02
3.29000000000000000000000000000001e+01,-4.22755203016629533509884656530619e-02,1.23332386003866002732105423425215e-02,-2.76960437492496741582000179604750e-02,3.50571973116241970581480553820284e-02
3.29499999999999999999999999999999e+01,-4.16490205218480294036502201457412e-02,1.27248327981668379239546841905675e-02,-2.59433878831038220249225103138619e-02,3.50455619091495379591457821125630e-02
3.30000000000000000000000000000001e+01,-4.10032295208337131411422914865443e-02,1.31048673525934047840432178921593e-02,-2.41918342615372290648680000123494e-02,3.50131419857912764923832886708551e-02
3.30499999999999999999999999999993e+01,-4.03387282607654334646371762446835e-02,1.34732244390808296249015996317595e-02,-2.24424168975751825371089607270587e-02,3.49601478202034797314589521356799e-02
3.30999999999999999999999999999999e+01,-3.96561033888848539215981582267347e-02,1.38297944761368230648695872454860e-02,-2.06961590275642184012413429683481e-02,3.48868001629748489891715111891656e-02
3.31500000000000000000000000000001e+01,-3.89559468257297040350043634656016e-02,1.41744761103780677238211385815628e-02,-1.89540725932795632529509455851427e-02,3.47933300077537140479127030475981e-02
3.32000000000000000000000000000000e+01,-3.82388553542032729465471722275301e-02,1.45071761967376173187181728073831e-02,-1.72171577355817768521909563562437e-02,3.46799783581854332520236620900165e-02
3.32499999999999999999999999999999e+01,-3.75054302097525227508185163565159e-02,1.48278097739227847220162291111866e-02,-1.54864022998274086109514930777771e-02,3.45469959908449880063855768573432e-02
3.32999999999999999999999999999994e+01,-3.67562766718907760748171068257361e-02,1.51363000351847393070971186284631e-02,-1.37627813532293222644562806337590e-02,3.43946432143483280021078752871640e-02
3.33500000000000000000000000000000e+01,-3.59920036572978149535495244448181e-02,1.54325782944632711916320379067567e-02,-1.20472567143531485370314990526763e-02,3.42231896248266668959914276846016e-02
3.34000000000000000000000000000000e+01,-3.52132233147270019821614338403128e-02,1.57165839479722919756492441397716e-02,-1.03407764949271020890611560890744e-02,3.40329138579484496287693605496681e-02
3.34499999999999999999999999999998e+01,-3.44205506219457050433798986973533e-02,1.59882644312936850996229239400180e-02,-8.64427465413315243722435817438032e-03,3.38241033376741141945984354042882e-02
3.35000000000000000000000000000000e+01,-3.36146029849318755478725234522673e-02,1.62475751720491446103222943146014e-02,-6.95867056553827482271465961263397e-03,3.35970540219290541546881519787170e-02
3.35499999999999999999999999999994e+01,-3.27959998395460979889823921992285e-02,1.64944795382216402485378909372569e-02,-5.28486859681523204963213313646843e-03,3.33520701453803539934654012171180e-02
3.35999999999999999999999999999999e+01,-3.19653622558947980272076238922090e-02,1.67289487822000803408742830058773e-02,-3.62375770239305803772670825643915e-03,3.30894639595029164216719167439859e-02
3.36500000000000000000000000000001e+01,-3.11233125455965712175485441170590e-02,1.69509619806225908083017738636005e-02,-1.97621102916813419514976185956768e-03,3.28095554701205283762313088272805e-02
3.36999999999999999999999999999998e+01,-3.02704738721597791412278927289206e-02,1.71605059700955941488341781026842e-02,-3.43085535397476631950081136483046e-04,3.25126721726072234511904593447382e-02
3.37500000000000000000000000000000e+01,-2.94074698646756577891967694386999e-02,1.73575752788675718262077138461750e-02,1.27477837711340858630095905220495e-03,3.21991487849339976073192119722637e-02
3.37999999999999999999999999999994e+01,-2.85349242350271974725807627188930e-02,1.75421720545380422932586805941146e-02,2.87655721742498798712415792976972e-03,3.18693269787455246002646389869118e-02
3.38499999999999999999999999999999e+01,-2.76534603988099865706607361991150e-02,1.77143059878838933541219026177344e-02,4.46144474638658663281157106035029e-03,3.15235551086509957592326078435874e-02
3.39000000000000000000000000000001e+01,-2.67637011001570653632735444325740e-02,1.78739942328867609160160639369284e-02,6.02865230398299386508390324919429e-03,3.11621879399125734795916095515284e-02
3.39499999999999999999999999999999e+01,-2.58662680406556143886109048927841e-02,1.80212613230466183663135000200362e-02,7.57740912302924152138732974923808e-03,3.07855863747142015512591839770948e-02
3.40000000000000000000000000000000e+01,-2.49617815125390087881678705952225e-02,1.81561390840681171935284118680799e-02,9.10696262914712358847373240285353e-03,3.03941171771926640710119931565502e-02
3.40499999999999999999999999999993e+01,-2.40508600363334102836442251304227e-02,1.82786665430075232364626945874166e-02,1.06165787269660974462209108051069e-02,2.99881526974118317047279488399050e-02
3.41000000000000000000000000000000e+01,-2.31341200031336443918189207448930e-02,1.83888898339693613794963196528824e-02,1.21055420725002278327691217012840e-02,2.95680705944599782355892452004698e-02
3.41500000000000000000000000000001e+01,-2.22121753216786237278332008940233e-02,1.84868621004431166950930288346197e-02,1.35731563316618002258260389948807e-02,2.91342535588488896340801808724030e-02
3.41999999999999999999999999999999e+01,-2.12856370703920313868076038169332e-02,1.85726433943715016882987533460726e-02,1.50187444248811352722394925190147e-02,2.86870890343922243252956447307593e-02
3.42500000000000000000000000000001e+01,-2.03551131545493760821554558542091e-02,1.86463005720428557645456559007214e-02,1.64416487578109751977904009674088e-02,2.82269689397392222355742024951388e-02
3.42999999999999999999999999999993e+01,-1.94212079687278779168603960488541e-02,1.87079071869012137648346766530966e-02,1.78412314381025820269096229650895e-02,2.77542893897384054205175088775329e-02
3.43499999999999999999999999999999e+01,-1.84845220646909434612119789131955e-02,1.87575433793685107912526543891369e-02,1.92168744782493812660960769647723e-02,2.72694504168043647082299620366373e-02
3.44000000000000000000000000000001e+01,-1.75456518248542427065603510654158e-02,1.87952957637742922916010540968292e-02,2.05679799845025987466176073474037e-02,2.67728556924590839541818692924895e-02
3.44500000000000000000000000000000e+01,-1.66051891414756106962290240824367e-02,1.88212573124891358412377239305323e-02,2.18939703318718678870549150160586e-02,2.62649122492175178650673468133264e-02
3.44999999999999999999999999999999e+01,-1.56637211017061674290506771413674e-02,1.88355272373587299251477292172056e-02,2.31942883252322251826300015508725e-02,2.57460302029853149263107515813956e-02
3.45499999999999999999999999999994e+01,-1.47218296786351858351232981950144e-02,1.88382108685362056893640533041328e-02,2.44683973465672589122152129224086e-02,2.52166224761346672489174279898582e-02
3.45999999999999999999999999999999e+01,-1.37800914284563426807597753482426e-02,1.88294195308109176746640026351590e-02,2.57157814883864256537872016460454e-02,2.46771045214222756188651887721241e-02
3.46500000000000000000000000000000e+01,-1.28390771938780631512513757897859e-02,1.88092704175324341634110905961422e-02,2.69359456733626970402267136386095e-02,2.41278940469113414131124136932864e-02
3.46999999999999999999999999999998e+01,-1.18993518138957188255639287286494e-02,1.87778864622290049766342265519669e-02,2.81284157602447411511611598062479e-02,2.35694107420573389728071230414044e-02
3.47500000000000000000000000000000e+01,-1.09614738400384644089758714661350e-02,1.87353962080201982921765410546027e-02,2.92927386361057750142425267441685e-02,2.30020760051150851287887578565590e-02
3.47999999999999999999999999999994e+01,-1.00259952591985051787063162679389e-02,1.86819336749237400045034413215207e-02,3.04284822949990430103818004842625e-02,2.24263126720223096405985069306015e-02
3.48499999999999999999999999999999e+01,-9.09346122314557817295302567757971e-03,1.86176382251568709998522511302233e-02,3.15352359030975768037214275473779e-02,2.18425447469125438340286981655567e-02
3.49000000000000000000000000000001e+01,-8.16440978482440831513468867692312e-03,1.85426544265327722401627525161487e-02,3.26126098504034721280904382362282e-02,2.12511971344076869208934084242144e-02
3.49499999999999999999999999999998e+01,-7.23937164152786840046935538787940e-03,1.84571319140527877974743922729555e-02,3.36602357891193728392735854937924e-02,2.06526953738380822272424608077142e-02
3.50000000000000000000000000000000e+01,-6.31886988503353223446175055823770e-03,1.83612252497952893773748616206812e-02,3.46777666587821796542057733193422e-02,2.00474653755353404829201341295935e-02
3.50499999999999999999999999999994e+01,-5.40341975878626667902036106262189e-03,1.82550937812020688855247638619894e-02,3.56648766982661966017664985656631e-02,1.94359331593404865185593129064031e-02
3.50999999999999999999999999999999e+01,-4.49352842220446433479323241167951e-03,1.81389014978631235046765742338823e-02,3.66212614447699891907319949107010e-02,1.88185245954672821713016017027883e-02
3.51500000000000000000000000000001e+01,-3.58969472218247714659790317937301e-03,1.80128168869006173115928190281373e-02,3.75466377199081516048526690746078e-02,1.81956651478577951359941738809178e-02
3.51999999999999999999999999999999e+01,-2.69240897185677515730805685499235e-03,1.78770127870526690427531017817668e-02,3.84407436030359629479864674183763e-02,1.75677796201644431412864686767633e-02
3.52500000000000000000000000000000e+01,-1.80215273669832661908239762021322e-03,1.77316662415574277654993422538627e-02,3.93033383919415518501341649510577e-02,1.69352919044898463907692870856045e-02
3.52999999999999999999999999999993e+01,-9.19398627988678470156154924695231e-04,1.75769583499376522670502827879887e-02,4.01342025510466818390659290135621e-02,1.62986247330128703110221436410203e-02
3.53499999999999999999999999999999e+01,-4.46101037322128845439753502030951e-05,1.74130741187856993560335587179998e-02,4.09331376472636141306093552698452e-02,1.56581994326262383417570552891562e-02
3.54000000000000000000000000000001e+01,8.21758722947930524951541501363881e-04,1.72402023116484511324566397184820e-02,4.16999662736616974159935437737874e-02,1.50144356827080444021387304896124e-02
3.54499999999999999999999999999999e+01,1.67926326788774322594726654758218e-03,1.70585352981112815744024446812028e-02,4.24345319611033735070343710299640e-02,1.43677512761463993111508973978840e-02
3.55000000000000000000000000000001e+01,2.52746865239646671986388425089147e-03,1.68682689021796881018260797198238e-02,4.31366990780151711101260549052640e-02,1.37185618837333060991295856398128e-02
3.55499999999999999999999999999994e+01,3.36594987217428009216345993300964e-03,1.66696022500566912214619487991619e-02,4.38063527184649853709936670754824e-02,1.30672808220406773118960585211332e-02
3.55999999999999999999999999999999e+01,4.19429195860578518891437445957639e-03,1.64627376174135229582376280865050e-02,4.44433985787225061053306163516768e-02,1.24143188248881859148435945877800e-02
3.56500000000000000000000000000001e+01,5.01209013240637856001380148867476e-03,1.62478802762504779045141070137070e-02,4.50477628224850609117681431827951e-02,1.17600838185093837469298617313121e-02
3.57000000000000000000000000000000e+01,5.81894994960342566135810955648735e-03,1.60252383414440997609855527870122e-02,4.56193919349563789175280755653361e-02,1.11049807005192303490431308254071e-02
3.57499999999999999999999999999999e+01,6.61448743983894306570829921721584e-03,1.57950226170761343932015230062302e-02,4.61582525659708551024784251865801e-02,1.04494111227828520123802749845043e-02
3.57999999999999999999999999999994e+01,7.39832923698524661357191155017698e-03,1.55574464426388976355689713048754e-02,4.66643313623608024290134360999426e-02,9.79377327828199768982479800344120e-03
3.58499999999999999999999999999999e+01,8.17011270206973520888568677000573e-03,1.53127255392108707436955761364486e-02,4.71376347897689179219089124248082e-02,9.13846169207227752146178425682010e-03
3.59000000000000000000000000000001e+01,8.92948603850964848305501398430416e-03,1.50610778556954420530744627574532e-02,4.75781889441127580866857424863677e-02,8.48386701642086420833869704957102e-03
3.59499999999999999999999999999998e+01,9.67610839966225901437577358914084e-03,1.48027234152147677096920368579196e-02,4.79860393529124174654034177949303e-02,7.83037583021090999141103018478861e-03
3.60000000000000000000000000000000e+01,1.04096499887005339577292098747884e-02,1.45378841617497393637717358827341e-02,4.83612507666968306591123902974226e-02,7.17837044269548457393467994815884e-03
3.60499999999999999999999999999994e+01,1.11297921508288249574106445499139e-02,1.42667838071160247605049964486797e-02,4.87039069407081718459350099894346e-02,6.52822870168037387541252354041757e-03
3.60999999999999999999999999999999e+01,1.18362274578576170546982064619119e-02,1.39896476783650805877199347786412e-02,4.90141104071277058465283057548474e-02,5.88032380621159829307174054533191e-03
3.61500000000000000000000000000001e+01,1.25286597851607845552947821784806e-02,1.37067025656979202236187426410332e-02,4.92919822380501504096580945741900e-02,5.23502412384001471026266400292605e-03
3.61999999999999999999999999999998e+01,1.32068043810431620506557244451150e-02,1.34181765709782561278882936547965e-02,4.95376617994371400114510792130012e-02,4.59269301253186131720411422649444e-03
3.62500000000000000000000000000000e+01,1.38703879285505398948145330054096e-02,1.31242989569304356463683252431736e-02,4.97513064962837366042062903220920e-02,3.95368864729059071263874649385790e-03
3.62999999999999999999999999999994e+01,1.45191485997584336342696167433011e-02,1.28252999971063533151879601344674e-02,4.99330915092351120483313001614540e-02,3.31836385155181691975363779955337e-03
3.63499999999999999999999999999999e+01,1.51528361025801543837497777136493e-02,1.25214108267042497925086015808033e-02,5.00832095228935301546091608400353e-02,2.68706593340967796665942405278279e-03
3.64000000000000000000000000000001e+01,1.57712117201388199876280209356138e-02,1.22128632943209944894265132496971e-02,5.02018704460585831977458985864154e-02,2.06013652672938962825114439704930e-03
3.64499999999999999999999999999999e+01,1.63740483427519930085074769882671e-02,1.18998898147180967280491921967617e-02,5.02893011241462883873947041623814e-02,1.43791143719724003602886820526722e-03
3.65000000000000000000000000000000e+01,1.69611304925816092655300948995132e-02,1.15827232226803022596406606318163e-02,5.03457450440351241681245557947859e-02,8.20720493355751558001323879375312e-04
3.65499999999999999999999999999993e+01,1.75322543410057681015062027799530e-02,1.12615966280442113578145365105203e-02,5.03714620315893845542256429732684e-02,2.08887402668217975439100260310701e-04
3.65999999999999999999999999999999e+01,1.80872277187727912074042959294170e-02,1.09367432719729031632537248836258e-02,5.03667279421123522863501745617372e-02,-3.97270387346686477414456734739525e-04
3.66500000000000000000000000000001e+01,1.86258701190017191421306078137047e-02,1.06083963845510688145905716781088e-02,5.03318343439837388143005589442168e-02,-9.97441822873032428726576433778040e-04
3.66999999999999999999999999999999e+01,1.91480126930971021077556084160876e-02,1.02767890437736424248188684105723e-02,5.02670881957376114453343138788327e-02,-1.59132237241479339021002510074589e-03
3.67500000000000000000000000000001e+01,1.96534982396495524929011568730984e-02,9.94215403599937382804593058999138e-03,5.01728115168386260405752725067881e-02,-2.17861415024181397214265696853136e-03
3.67999999999999999999999999999994e+01,2.01421811863970596379440416561435e-02,9.60472371793921232844867816927372e-03,5.00493410524158081030796295672219e-02,-2.75902603463782958569773885746706e-03
3.68499999999999999999999999999999e+01,2.06139275653255208315165442194080e-02,9.26472988024777061952198441601606e-03,4.98970279322143767960654005642221e-02,-3.33227378092722548777583885889507e-03
3.69000000000000000000000000000001e+01,2.10686149809903155352073251868864e-02,8.92240361278451542362877429814959e-03,4.97162373240271862607591812243498e-02,-3.89808012926065075065384948871365e-03
3.69500000000000000000000000000000e+01,2.15061325721440411121347224648751e-02,8.57797517160968523774681908569427e-03,4.95073480818682675542581884103915e-02,-4.45617490714300987538692971642142e-03
3.69999999999999999999999999999999e+01,2.19263809667587366608913521730952e-02,8.23167384777826349633423276054900e-03,4.92707523891516936805965492602472e-02,-5.00629512669073918510630069387605e-03
3.70499999999999999999999999999994e+01,2.23292722305340456375636440578711e-02,7.88372783799363840429405530751648e-03,4.90068553971395607342630502951049e-02,-5.54818507660863465753615443309942e-03
3.70999999999999999999999999999999e+01,2.27147298089858066510451221659350e-02,7.53436411718086346879326217573631e-03,4.87160748589232814066644332418644e-02,-6.08159640887983066316964830286396e-03
3.71500000000000000000000000000001e+01,2.30826884632125142510897055760724e-02,7.18380831303769946671971033156082e-03,4.83988407592026243964453059479357e-02,-6.60628822016583365042660003278046e-03
3.71999999999999999999999999999998e+01,2.34330941994399568984504769566210e-02,6.83228458261986886396436707987544e-03,4.80555949401270060643873529617242e-02,-7.12202712791678957436868201776712e-03
3.72500000000000000000000000000000e+01,2.37659041924471167190438903711552e-02,6.48001549101518488946440795210902e-03,4.76867907234634505192510741522551e-02,-7.62858734119540695495372852432229e-03
3.72999999999999999999999999999994e+01,2.40810867029791041287129400655784e-02,6.12722189215942967288739688502044e-03,4.72928925293553828438809959800412e-02,-8.12575072622116697121793915358457e-03
3.73499999999999999999999999999999e+01,2.43786209892554991177587289357201e-02,5.77412281184505318276452168774553e-03,4.68743754919360090929344279913529e-02,-8.61330686664462626063077924889821e-03
3.74000000000000000000000000000001e+01,2.46584972126849792765615000771846e-02,5.42093533297195128348471600759237e-03,4.64317250720594678147569365395654e-02,-9.09105311856475562684358051686858e-03
3.74499999999999999999999999999998e+01,2.49207163378995320164990138777499e-02,5.06787448308775762489366288641555e-03,4.59654366674122130426464698643247e-02,-9.55879466030535720971162344969451e-03
3.75000000000000000000000000000000e+01,2.51652900272238743398536878475483e-02,4.71515312426324855021319042718736e-03,4.54760152202662099127081143486355e-02,-1.00163445369696622858835310456734e-02
3.75499999999999999999999999999994e+01,2.53922405296979373259319303190001e-02,4.36298184534661262265659105422457e-03,4.49639748231344933232956207178675e-02,-1.04635236997952301636449668648594e-02
3.75999999999999999999999999999999e+01,2.56016005647724136877565751644949e-02,4.01156885663847950124020726789093e-03,4.44298383225884594586705501947273e-02,-1.09001610403342441079655715953502e-02
3.76500000000000000000000000000001e+01,2.57934132007994149381652708017215e-02,3.66111988702774001631275370897660e-03,4.38741369214949317335212439952834e-02,-1.13260934194872314796233230543623e-02
3.76999999999999999999999999999999e+01,2.59677317284422396271107384948542e-02,3.31183808362632171069528247126210e-03,4.32974097799295690200377368191313e-02,-1.17411656914211209667014550721597e-02
3.77500000000000000000000000000000e+01,2.61246195291301155319595840519503e-02,2.96392391393921152982644857270140e-03,4.27002036150215672052122978779408e-02,-1.21452307224053886446063635603592e-02
3.77999999999999999999999999999993e+01,2.62641499386855463473287866297180e-02,2.61757507060413988903638722728347e-03,4.20830722999828475663626584145615e-02,-1.25381494046028353568132336590412e-02
3.78499999999999999999999999999999e+01,2.63864061062535671192813682671289e-02,2.27298637873345948089180345942710e-03,4.14465764625730295845828140225233e-02,-1.29197906648542792830279352400100e-02
3.79000000000000000000000000000001e+01,2.64914808486637922817928620375648e-02,1.93034970588886995532442266027512e-03,4.07912830832494541400986876766031e-02,-1.32900314684991382794887021694816e-02
3.79499999999999999999999999999999e+01,2.65794765003576256571013739588978e-02,1.58985387471775766450471339997196e-03,4.01177650932493581133705474946760e-02,-1.36487568182765154524323536148949e-02
3.80000000000000000000000000000001e+01,2.66505047590143932184442563109872e-02,1.25168457827803905741120538524483e-03,3.94266009728490058699408045647869e-02,-1.39958597483539874137139268458448e-02
3.80499999999999999999999999999994e+01,2.67046865270114568676493685241104e-02,9.16024298076517688875193301608082e-04,3.87183743500421596043559916700691e-02,-1.43312413135338267852329400721786e-02
3.80999999999999999999999999999999e+01,2.67421517488545710635818276688987e-02,5.83052224843888729489347149086898e-04,3.79936735998777217780624130529996e-02,-1.46548105736888677310311320289708e-02
3.81500000000000000000000000000001e+01,2.67630392447158539976880934086088e-02,2.52944182067652237008069927348548e-04,3.72530914446937116805552086865906e-02,-1.49664845734826445151495504070680e-02
3.82000000000000000000000000000000e+01,2.67674965402177613604305597891864e-02,-7.41274476976711096310267963753994e-05,3.64972245554819472977598741047575e-02,-1.52661883174307973020980713503653e-02
3.82499999999999999999999999999999e+01,2.67556796926023738795655575699167e-02,-3.97993793725488708543744098706173e-04,3.57266731546148960581865720012335e-02,-1.55538547403630457982760508878067e-02
3.82999999999999999999999999999994e+01,2.67277531134261401203261373287601e-02,-7.18489565201568513625162846155073e-04,3.49420406201631365562185441980226e-02,-1.58294246733472791345770117750277e-02
3.83499999999999999999999999999999e+01,2.66838893879209539316804884001079e-02,-1.03545311648411879913313687429141e-03,3.41439330920287409713286992433595e-02,-1.60928468051394988235057894486149e-02
3.83999999999999999999999999999998e+01,2.66242690911630918170062449921322e-02,-1.34872650952751441514182930338230e-03,3.33329590801166476018721275409592e-02,-1.63440776392254798348171738937546e-02
3.84499999999999999999999999999998e+01,2.65490806011920898527030806073176e-02,-1.65815557345949465458388193807956e-03,3.25097290747627477439433392188676e-02,-1.65830814465220820276284583986685e-02
3.85000000000000000000000000000000e+01,2.64585199092221031182078992859021e-02,-1.96358996130347182191664785436513e-03,3.16748551596339641370416704552985e-02,-1.68098302138081497139574769683056e-02
3.85499999999999999999999999999994e+01,2.63527904270886635762216719066071e-02,-2.26488320383939011281391359841316e-03,3.08289506273120524653602093876929e-02,-1.70243035879568804697191381814369e-02
3.85999999999999999999999999999999e+01,2.62321027920740356327243014463788e-02,-2.56189276059836132468581480069665e-03,2.99726295977692160698403768004229e-02,-1.72264888160434248997752131827580e-02
3.86499999999999999999999999999996e+01,2.60966746692545628866786854136613e-02,-2.85448006798807734552500115496252e-03,2.91065066399398902441680344509815e-02,-1.74163806814032963073218217553344e-02
3.86999999999999999999999999999999e+01,2.59467305515135055421802263293841e-02,-3.14251058454775834355551882509430e-03,2.82311963965892294392807439643138e-02,-1.75939814357189225588688514372332e-02
3.87500000000000000000000000000000e+01,2.57825015573628863720046244917130e-02,-3.42585383333313815540995436849497e-03,2.73473132126749215924193731141219e-02,-1.77593007272133614295788920187187e-02
3.87999999999999999999999999999994e+01,2.56042252267177948544241111267838e-02,-3.70438344143371299939032634263748e-03,2.64554707673949618547561154561284e-02,-1.79123555250318250030474497335617e-02
3.88499999999999999999999999999999e+01,2.54121453147664450651432264896113e-02,-3.97797717662618594502765250080926e-03,2.55562817101099464597587858945209e-02,-1.80531700398932179485226639433666e-02
3.88999999999999999999999999999996e+01,2.52065115840790440066711794309628e-02,-4.24651698116972759226365261022869e-03,2.46503573003242996132509040885275e-02,-1.81817756410953883686551780924062e-02
3.89499999999999999999999999999999e+01,2.49875795950982042254299298221533e-02,-4.50988900275034247519818345650694e-03,2.37383070519066253724736434088413e-02,-1.82982107699592180942347455517296e-02
3.90000000000000000000000000000000e+01,2.47556104951532287859783125148908e-02,-4.76798362258327934449845213858816e-03,2.28207383817250858060793548359678e-02,-1.84025208497980415546156294714223e-02
3.90499999999999999999999999999993e+01,2.45108708061401089993079920608823e-02,-5.02069548068405035743935813503123e-03,2.18982562628693495911817969956988e-02,-1.84947581925001784929694350364596e-02
3.91000000000000000000000000000000e+01,2.42536322110085068445374127116732e-02,-5.26792349832022869406108928216820e-03,2.09714628826262349164318738432209e-02,-1.85749819018135956912473602593705e-02
3.91499999999999999999999999999997e+01,2.39841713391963459054078272607392e-02,-5.50957089765777598241800316160575e-03,2.00409573053716904363506740547439e-02,-1.86432577734228764246789382819321e-02
3.91999999999999999999999999999999e+01,2.37027695511519080067687442408059e-02,-5.74554521861720964775769744531966e-03,1.91073351405372213806430650000636e-02,-1.86996581919097735133989036454770e-02
3.92500000000000000000000000000001e+01,2.34097127220825287604935317701164e-02,-5.97575833295645497806933549567788e-03,1.81711882158042780844216696169434e-02,-1.87442620246896525395298437564852e-02
3.92999999999999999999999999999994e+01,2.31052910250681051432001727318455e-02,-6.20012645559873633021312885859624e-03,1.72331042556754844938024371197394e-02,-1.87771545130170960503185329542824e-02
3.93499999999999999999999999999999e+01,2.27897987136766733022791066100690e-02,-6.41857015322534572191224824136358e-03,1.62936665655668979374167071847137e-02,-1.87984271601548374308227838186847e-02
3.93999999999999999999999999999997e+01,2.24635339042182863266201701500092e-02,-6.63101435015458452691417001517007e-03,1.53534537215607619546240879078219e-02,-1.88081776168010247257212479774622e-02
3.94500000000000000000000000000000e+01,2.21267983577723210527347808768686e-02,-6.83738833152960466683868605585614e-03,1.44130392659534445450735439617629e-02,-1.88065095638705801759774680847405e-02
3.94999999999999999999999999999999e+01,2.17798972621221714569850724782239e-02,-7.03762574383927909614837088679477e-03,1.34729914087284481531895753502850e-02,-1.87935325927271207758164149429726e-02
3.95499999999999999999999999999994e+01,2.14231390137300451886659531799173e-02,-7.23166459279760689203083726902938e-03,1.25338727350795383180925891977858e-02,-1.87693620829625389318709538786571e-02
3.95999999999999999999999999999999e+01,2.10568349998832707400238898034518e-02,-7.41944723860850512310972635954672e-03,1.15962399191041684868072553431607e-02,-1.87341190778219105624254774202429e-02
3.96499999999999999999999999999998e+01,2.06812993811421470797041216029072e-02,-7.60092038864415715204392016864210e-03,1.06606434437824822747117705361425e-02,-1.86879301573719010267522280168338e-02
3.96999999999999999999999999999998e+01,2.02968488742179267770649369685139e-02,-7.77603508756637468402773776152038e-03,9.72762732735225471338123193103499e-03,-1.86309273095112774784976342144036e-02
3.97500000000000000000000000000000e+01,1.99038025354080192125229541784163e-02,-7.94474670492168851095381997900870e-03,8.79772885618519398572583284609724e-03,-1.85632477989225099512900174532352e-02
3.97999999999999999999999999999994e+01,1.95024815447139339107509001940795e-02,-8.10701492024211021825400490390173e-03,7.87147832426506802703588845568903e-03,-1.84850340340637530781274434256436e-02
3.98499999999999999999999999999999e+01,1.90932089907658568801907428935742e-02,-8.26280370568470347406031638143870e-03,6.94939877936314936405809680424182e-03,-1.83964334323007462383847019010716e-02
3.98999999999999999999999999999996e+01,1.86763096566760666618842653040324e-02,-8.41208130624426815270393888125709e-03,6.03200577600148984562822054422978e-03,-1.82975982832783526054372518774486e-02
3.99499999999999999999999999999999e+01,1.82521098069416531818614149182645e-02,-8.55482021757457301836626099334146e-03,5.11980713528954763515752478516383e-03,-1.81886856106315775636079313490761e-02
4.00000000000000000000000000000000e+01,1.78209369755152030744302832797405e-02,-8.69099716145467294436267106811183e-03,4.21330271171469510814507083944836e-03,-1.80698570321359648136383433634250e-02
4.00499999999999999999999999999994e+01,1.73831197551602615110071850581948e-02,-8.82059305893791457296815957044230e-03,3.31298416696214122052843130721477e-03,-1.79412786183972647397864014894546e-02
4.00999999999999999999999999999999e+01,1.69389875882064743566474523702749e-02,-8.94359300122226947605357938797035e-03,2.41933475083480855145796176410018e-03,-1.78031207501802048563863470545038e-02
4.01499999999999999999999999999999e+01,1.64888705588173573392383359284689e-02,-9.05998621828163562250609091483799e-03,1.53282908933871661160942849029843e-03,-1.76555579744760670285396086347209e-02
4.01999999999999999999999999999999e+01,1.60330991868816325363138145001186e-02,-9.16976604529871590268525271501308e-03,6.53932979994442146916331116907784e-04,-1.74987688594085913510950164504129e-02
4.02499999999999999999999999999998e+01,1.55720042236370185534058351595056e-02,-9.27292988694101656643727647844361e-03,-2.16896805569742975440308067249934e-04,-1.73329358480774827709641612959736e-02
4.02999999999999999999999999999993e+01,1.51059164491332609767124685147538e-02,-9.36947917952240870403640259488625e-03,-1.07921271169241220513186524008961e-03,-1.71582451114384944644184091696255e-02
4.03500000000000000000000000000000e+01,1.46351664716390457285047510470052e-02,-9.45941935109356208801159158568832e-03,-1.93257658137549892524356049067649e-03,-1.69748864003187023757380795698138e-02
4.03999999999999999999999999999997e+01,1.41600845290952515509848346862474e-02,-9.54275977950539237673588341148360e-03,-2.77655983156200164726219376424284e-03,-1.67830528966651689652542556891600e-02
4.04499999999999999999999999999999e+01,1.36810002927147707268752217000764e-02,-9.61951374849045956688251698071927e-03,-3.61074362095899451014427620527567e-03,-1.65829410641247219153547430873326e-02
4.05000000000000000000000000000001e+01,1.31982426728268610544968229072143e-02,-9.68969840180801762661864412039372e-03,-4.43471901037493113869949062762548e-03,-1.63747504980520461402884960341968e-02
4.05499999999999999999999999999996e+01,1.27121396270616887724001790849291e-02,-9.75333469549914247980086580786596e-03,-5.24808711554507551624200942366890e-03,-1.61586837750427057994177517151414e-02
4.06000000000000000000000000000000e+01,1.22230179709683833153511794326820e-02,-9.81044734829905786931551965427878e-03,-6.05045925242370870606800134684140e-03,-1.59349463020870780043012723943583e-02
4.06499999999999999999999999999995e+01,1.17312031911575522280271007054261e-02,-9.86106479025443592756036733404376e-03,-6.84145707492654237009689729281677e-03,-1.57037461654404924390699990169932e-02
4.07000000000000000000000000000000e+01,1.12370192610568000221614205236081e-02,-9.90521910959407137603650406042659e-03,-7.62071270511151648092576726221331e-03,-1.54652939793041321073559991835871e-02
4.07499999999999999999999999999999e+01,1.07407884593653599988036306886317e-02,-9.94294599790191512393100598140551e-03,-8.38786885579086685259413438229984e-03,-1.52198027344104608330185703405232e-02
4.07999999999999999999999999999994e+01,1.02428311912914848313007743138481e-02,-9.97428469364200467731816074955919e-03,-9.14257894557201562100618142979784e-03,-1.49674876466061039576452010352199e-02
4.08500000000000000000000000000000e+01,9.74346581265375177531886080263901e-03,-9.99927792408534526686742428599351e-03,-9.88450720632946213219387910335876e-03,-1.47085660055242208929850118192270e-02
4.08999999999999999999999999999998e+01,9.24300845692492349576059307121992e-03,-1.00179718456892769965657278287637e-02,-1.06133287831144304405489114248668e-02,-1.44432570234374728092141556044850e-02
4.09499999999999999999999999999998e+01,8.74177286529446743146190260195050e-03,-1.00304159829803096217526016492872e-02,-1.13287298265135604257056090269426e-02,-1.41717816843817067952772773789113e-02
4.10000000000000000000000000000002e+01,8.24007021982327711155417763999838e-03,-1.00366631659918177843693693268406e-02,-1.20304075774724101037371459593730e-02,-1.38943625936394503677467001620685e-02
4.10499999999999999999999999999992e+01,7.73820897976155964566158854786103e-03,-1.00367694663083657228993426416610e-02,-1.27180704446039647868617036020395e-02,-1.36112238276712383082534908999290e-02
4.11000000000000000000000000000001e+01,7.23649472109825648159306260588147e-03,-1.00307941317687717914688973686861e-02,-1.33914380740067221413956301345280e-02,-1.33225907845816785687835661255934e-02
4.11499999999999999999999999999996e+01,6.73522997940775119711412777944742e-03,-1.00187995198803297808065822661560e-02,-1.40502414116212387664166091220863e-02,-1.30286900352060064960197190760841e-02
4.11999999999999999999999999999998e+01,6.23471409605699029517850233663133e-03,-1.00008510299968761984680841550957e-02,-1.46942227581582815807534692443687e-02,-1.27297491749016779978964147643521e-02
4.12500000000000000000000000000000e+01,5.73524306783350242708100386342774e-03,-9.97701703431363042237736387455613e-03,-1.53231358166359240346306063278300e-02,-1.24259966761283136367093381412112e-02
4.12999999999999999999999999999994e+01,5.23710940005214989359242667292301e-03,-9.94736880773193809433842960060603e-03,-1.59367457325670609827466378221477e-02,-1.21176617418980281351180538658305e-02
4.13499999999999999999999999999999e+01,4.74060196319578538024853395605503e-03,-9.91198045664721749891527047684211e-03,-1.65348291268428850538645759539212e-02,-1.18049741601768645875132064327243e-02
4.13999999999999999999999999999999e+01,4.24600585314231836515197205084416e-03,-9.87092884671354430521785940892378e-03,-1.71171741213618696724838480647604e-02,-1.14881641593167009457275339735919e-02
4.14499999999999999999999999999999e+01,3.75360225502802117553162430908355e-03,-9.82429352963841222636785877548472e-03,-1.76835803574577377336272146526754e-02,-1.11674622645956092671356464770779e-02
4.14999999999999999999999999999998e+01,3.26366831079422593053942679911469e-03,-9.77215666906127606809863072566252e-03,-1.82338590071837585639279850633803e-02,-1.08430991559432269613250843534506e-02
4.15499999999999999999999999999993e+01,2.77647699046188225107206311123229e-03,-9.71460296556951947951056103348689e-03,-1.87678327775145075425099751326152e-02,-1.05153055269262450512199260027763e-02
4.16000000000000000000000000000000e+01,2.29229696717576328972491197136672e-03,-9.65171958090549277928018843214057e-03,-1.92853359075299409854671925363940e-02,-1.01843119450676324874774910981410e-02
4.16499999999999999999999999999997e+01,1.81139249605742596462759449725320e-03,-9.58359606141823690527009359817454e-03,-1.97862141586502820605881071742254e-02,-9.85034871357169903564911279543875e-03
4.16999999999999999999999999999999e+01,1.33402329690335187921533541759254e-03,-9.51032426081344821024675934815476e-03,-2.02703247979937800976339967361409e-02,-9.51364573452555341163009365020159e-03
4.17500000000000000000000000000001e+01,8.60444440762019867978550213336063e-04,-9.43199826225514581116019933286927e-03,-2.07375365749328942583214666766076e-02,-9.17443237364593939698615858134520e-03
4.17999999999999999999999999999996e+01,3.90906240420991003364993559722009e-04,-9.34871429987237878321605949103309e-03,-2.11877296909278617549719275198971e-02,-8.83293732663883185478155787039596e-03
4.18500000000000000000000000000000e+01,-7.43458551675762072388700214411225e-05,-9.26057067972415503094282689559867e-03,-2.16207957627199393451774642527526e-02,-8.48938848723754812726518852728470e-03
4.18999999999999999999999999999995e+01,-5.35071362497217271776733162419458e-04,-9.16766770027558760410683269953991e-03,-2.20366377789698534314075109540967e-02,-8.14401281698347947063223311071670e-03
4.19500000000000000000000000000000e+01,-9.91034861130141155758201214398723e-04,-9.07010757243803800744713112775861e-03,-2.24351700504301575709635098318427e-02,-7.79703621681187321173703445211192e-03
4.19999999999999999999999999999999e+01,-1.44200608731241201248267542655107e-03,-8.96799433922579009490253556614334e-03,-2.28163181537432754269532751661356e-02,-7.44868340050340044059458077733697e-03
4.20499999999999999999999999999994e+01,-1.88776002356346741540799898365805e-03,-8.86143379508151283902584654309003e-03,-2.31800188689600011010747494102488e-02,-7.09917777006052752525521110597788e-03
4.21000000000000000000000000000000e+01,-2.32807698422471273516022294583161e-03,-8.75053340492246605044237026370616e-03,-2.35262201108761363823037684935503e-02,-6.74874129306597379824025970571603e-03
4.21499999999999999999999999999998e+01,-2.76274269695452080803185833721968e-03,-8.63540222295907046031436102322288e-03,-2.38548808542877647827538550621424e-02,-6.39759438207878366381114285381700e-03
4.21999999999999999999999999999998e+01,-3.19154838015953821322837887455766e-03,-8.51615081133710296659577920377041e-03,-2.41659710532683944360792098120498e-02,-6.04595577612177035992314840397042e-03
4.22500000000000000000000000000002e+01,-3.61429081635475292759694446098486e-03,-8.39289115865438978241140116990400e-03,-2.44594715545738451901492929193001e-02,-5.69404242431230192091303472973208e-03
4.22999999999999999999999999999992e+01,-4.03077242144731149900082131048403e-03,-8.26573659840245520778218442412584e-03,-2.47353740052833087816853869126280e-02,-5.34206937168659876492356330240537e-03
4.23500000000000000000000000000001e+01,-4.44080130994158583747649827483674e-03,-8.13480172738314226774553466334698e-03,-2.49936807547874741452906429797125e-02,-4.99024964726589800903429194511144e-03
4.23999999999999999999999999999996e+01,-4.84419135606547895627111458431775e-03,-8.00020232414975402407644806455443e-03,-2.52344047512369820537393633232868e-02,-4.63879415441101332930838348140487e-03
4.24499999999999999999999999999998e+01,-5.24076225082042421804118825832578e-03,-7.86205526752177150465155550277783e-03,-2.54575694325667538430896153138852e-02,-4.28791156350998216379300466817374e-03
4.25000000000000000000000000000000e+01,-5.63033955495997259749312738888301e-03,-7.72047845522168646588539477311696e-03,-2.56632086122139274391132819741622e-02,-3.93780820704164552790208102978190e-03
4.25499999999999999999999999999994e+01,-6.01275474790427593163574695283463e-03,-7.57559072268194518186419908693653e-03,-2.58513663596492298256290177191272e-02,-3.58868797705615088824113202690363e-03
4.25999999999999999999999999999999e+01,-6.38784527260015989191188644532012e-03,-7.42751176206943369435249936024175e-03,-2.60220968758436180960482940126649e-02,-3.24075222511150663035334695574621e-03
4.26499999999999999999999999999999e+01,-6.75545457633883730541070117936628e-03,-7.27636204157434600230847198374983e-03,-2.61754643637939309825351192014140e-02,-2.89419966470344886098236952509794e-03
4.26999999999999999999999999999999e+01,-7.11543214754563932919783384146297e-03,-7.12226272500966507930346799130574e-03,-2.63115428942331089983806094726303e-02,-2.54922627622400880322327782144317e-03
4.27499999999999999999999999999998e+01,-7.46763354855843772574328396627414e-03,-6.96533559176685298562104363717981e-03,-2.64304162666522638538623956984053e-02,-2.20602521448229306037218686697690e-03
4.27999999999999999999999999999993e+01,-7.81192044441369501253673115582576e-03,-6.80570295717269131287998268191667e-03,-2.65321778657635064683984860285528e-02,-1.86478671881911071622047158756393e-03
4.28500000000000000000000000000000e+01,-8.14816062766130951016297953863461e-03,-6.64348759329153736870291088802852e-03,-2.66169305135339776150798342791120e-02,-1.52569802584520177000724186478918e-03
4.28999999999999999999999999999997e+01,-8.47622803923161826486138320499997e-03,-6.47881265021656545900381395205001e-03,-2.66847863169229659685197246360066e-02,-1.18894328483094192849349400542922e-03
4.29499999999999999999999999999999e+01,-8.79600278538008147758084667562962e-03,-6.31180157789284694743991041120602e-03,-2.67358665114553451117723565787424e-02,-8.54703475773520441473172341479988e-04
4.30000000000000000000000000000001e+01,-9.10737115073729646595012034478559e-03,-6.14257804851438809478022104296271e-03,-2.67703013007658139782257032335106e-02,-5.23156330165711604109133404452763e-04
4.30499999999999999999999999999996e+01,-9.41022560749407638480072694667970e-03,-5.97126587953649165839892972954907e-03,-2.67882296922495844015731890992741e-02,-1.94476254488487879312278221001130e-04
4.31000000000000000000000000000000e+01,-9.70446482075337803375393772231755e-03,-5.79798895734403750500221196927859e-03,-2.67897993289562251185515152208733e-02,1.31165743552145578257900434572813e-04
4.31499999999999999999999999999995e+01,-9.98999365008287321719217344256369e-03,-5.62287116161548967660193446541010e-03,-2.67751663178643439674016805760819e-02,4.53602126025577795139184133772398e-04
4.32000000000000000000000000000000e+01,-1.02667231473039284537869684004787e-02,-5.44603629042163307032456068210970e-03,-2.67444950546756694565975611323622e-02,7.72668892997618956246946253779502e-04
4.32499999999999999999999999999999e+01,-1.05345705505546875523396815818795e-02,-5.26760798609722279146608752880822e-03,-2.66979580452678797035657244219519e-02,1.08820564795731436528693182248951e-03
4.32999999999999999999999999999994e+01,-1.07934592746668399035056033541119e-02,-5.08770966192289398044134192838129e-03,-2.66357357239462213750594794312543e-02,1.40005566043657165206428465383359e-03
4.33500000000000000000000000000000e+01,-1.10433188978975035417127593379279e-02,-4.90646442965383015856606624771558e-03,-2.65580162686345641648179579635708e-02,1.70806592581145705402698844305619e-03
4.33999999999999999999999999999998e+01,-1.12840851450594553996053337507648e-02,-4.72399502793082453131042540302780e-03,-2.64649954131470480366971800719430e-02,2.01208722227583532437303331844786e-03
4.34499999999999999999999999999998e+01,-1.15156998670947010321413195501769e-02,-4.54042375160849187313599396717369e-03,-2.63568762566819015096406645636414e-02,2.31197416497983470401876226417000e-03
4.35000000000000000000000000000002e+01,-1.17381110171380917848936148907311e-02,-4.35587238203449924741023155392526e-03,-2.62338690706793402813543729820619e-02,2.60758525732741245481586719499032e-03
4.35499999999999999999999999999992e+01,-1.19512726231193683098930757156555e-02,-4.17046211831278255134309947532813e-03,-2.60961911031856971458793808879137e-02,2.89878293942907671870399868936831e-03
4.36000000000000000000000000000001e+01,-1.21551447569536349145200411927371e-02,-3.98431350958280338514853372222457e-03,-2.59440663808660871698825922238756e-02,3.18543363370758599200684680095063e-03
4.36499999999999999999999999999996e+01,-1.23496935003718489196959148279336e-02,-3.79754638834597768804001304951814e-03,-2.57777255088079772139067771330095e-02,3.46740778765619735474791122912070e-03
4.36999999999999999999999999999998e+01,-1.25348909074444424910693957158039e-02,-3.61027980486947461708967220644559e-03,-2.55974054682580069246066460045494e-02,3.74457991375076785969336362310690e-03
4.37500000000000000000000000000000e+01,-1.27107149638526808118599791557493e-02,-3.42263196269664192143684140023764e-03,-2.54033494124343001338517978485053e-02,4.01682862651872927137918208178069e-03
4.37999999999999999999999999999994e+01,-1.28771495429637995420087990442247e-02,-3.23472015529236323819462676067519e-03,-2.51958064605563120764188700955378e-02,4.28403667676965377662133825244323e-03
4.38499999999999999999999999999999e+01,-1.30341843587673558416227047904037e-02,-3.04666070385069396679069072077497e-03,-2.49750314902339799190141822794259e-02,4.54609098299380650935323166458438e-03
4.38999999999999999999999999999999e+01,-1.31818149157315704467673839402660e-02,-2.85856889629115632751186615355158e-03,-2.47412849283575827610179044336173e-02,4.80288265993673890927881211047726e-03
4.39499999999999999999999999999999e+01,-1.33200424556397330248781624579290e-02,-2.67055892746910153514736133346688e-03,-2.44948325406292735442851159516296e-02,5.05430704435961425207055714370750e-03
4.39999999999999999999999999999998e+01,-1.34488739014679889904283036611212e-02,-2.48274384062456836667209698340872e-03,-2.42359452198767202584145985156350e-02,5.30026371799657235534525195970735e-03
4.40499999999999999999999999999993e+01,-1.35683217983670228461743731976208e-02,-2.29523547009308341303821900622227e-03,-2.39648987732886885511090025694235e-02,5.54065652772203370602701397956633e-03
4.41000000000000000000000000000000e+01,-1.36784042518113006804966567229835e-02,-2.10814438530085962276557399028084e-03,-2.36819737087117134907630374585555e-02,5.77539360294241331829692877065613e-03
4.41499999999999999999999999999997e+01,-1.37791448629806324786256229014770e-02,-1.92157983606585701857699514703289e-03,-2.33874550201462459574791430503415e-02,6.00438737022826078646383526656816e-03
4.41999999999999999999999999999999e+01,-1.38705726614398632088891747948230e-02,-1.73564969922517334392026549198982e-03,-2.30816319725798201725441770285676e-02,6.22755456520436453550549734468765e-03
4.42500000000000000000000000000001e+01,-1.39527220351835000705066281388686e-02,-1.55046042660823350644405603396671e-03,-2.27647978862938744630921756585288e-02,6.44481624171685450728648728973759e-03
4.42999999999999999999999999999996e+01,-1.40256326581130317141698175181315e-02,-1.36611699437424565137627848427587e-03,-2.24372499207798687801014606248486e-02,6.65609777829780778749363392999664e-03
4.43500000000000000000000000000000e+01,-1.40893494150155935789660809256799e-02,-1.18272285373138913986291157664349e-03,-2.20992888583992810586149251568068e-02,6.86132888194930533389831325581292e-03
4.43999999999999999999999999999995e+01,-1.41439223241134816685511667216711e-02,-1.00037988305419625098193253249178e-03,-2.17512188879209315753131383189408e-02,7.06044358927030439012126744368536e-03
4.44500000000000000000000000000000e+01,-1.41894064572548150865564835518491e-02,-8.19188341414585693894783078187436e-04,-2.13933473880678813969427193564126e-02,7.25338026495107976320403453199145e-03
4.44999999999999999999999999999999e+01,-1.42258618578163954675207588826330e-02,-6.39246823541002617994003340528379e-04,-2.10259847112048792295383568123334e-02,7.44008159766134733337660214756766e-03
4.45499999999999999999999999999994e+01,-1.42533534563905091067952400225501e-02,-4.60652216219117340277816900015218e-04,-2.06494439672959919069739308103224e-02,7.62049459335951439837559822350000e-03
4.45999999999999999999999999999999e+01,-1.42719509843280651721725244115935e-02,-2.83499656146534062140877083268739e-04,-2.02640408082606488592733342845011e-02,7.79457056605180320309934058358941e-03
4.46499999999999999999999999999998e+01,-1.42817288852110609623200168925083e-02,-1.07882489252962014503847578757602e-04,-1.98700932128548616633369053269028e-02,7.96226512603126576194808530383895e-03
4.46999999999999999999999999999998e+01,-1.42827662243279128829003464503941e-02,6.61077685036946606878219160110171e-05,-1.94679212722028477130606679340361e-02,8.12353816562794936289476787788549e-03
4.47500000000000000000000000000002e+01,-1.42751465962256897901484412836052e-02,2.38381468855864835406952017330063e-04,-1.90578469761026936875741513817043e-02,8.27835384250268248952368216025251e-03
4.47999999999999999999999999999992e+01,-1.42589580304137337818209478746554e-02,4.08850867450981675421966750056782e-04,-1.86401940002280414032297298724304e-02,8.42668056051812987358776378321972e-03
4.48500000000000000000000000000001e+01,-1.42342928952935526030389458465556e-02,5.77430158574807427293716934459309e-04,-1.82152874943460673860122050300632e-02,8.56849094822191258288868294671242e-03
4.48999999999999999999999999999996e+01,-1.42012478003902178135329044499781e-02,7.44035508366901514192628893460437e-04,-1.77834538716702596952515920520006e-02,8.70376183497770406747190065456604e-03
4.49499999999999999999999999999998e+01,-1.41599234969608039945754947270485e-02,9.08585086522695890994342285982487e-04,-1.73450205994646727848840932591661e-02,8.83247422478129556450422794871021e-03
4.50000000000000000000000000000000e+01,-1.41104247770556568469763840497377e-02,1.07099909647760971946610095461105e-03,-1.69003159910144651407375188751663e-02,8.95461326779967385545066220337392e-03
4.50499999999999999999999999999994e+01,-1.40528603711084823610485457888485e-02,1.23119980406959696953022887260965e-03,-1.64496689990755967337168308356835e-02,9.07016822967217075849372054113366e-03
4.50999999999999999999999999999999e+01,-1.39873428441314056666428073246980e-02,1.38911156467747501637948083420447e-03,-1.59934090109145856470369776720473e-02,9.17913245861372662808531648069390e-03
4.51499999999999999999999999999999e+01,-1.39139884905912570629630026318272e-02,1.54466084883332917874705490407384e-03,-1.55318656450471972527438102426235e-02,9.28150335036125924866471680327871e-03
4.51999999999999999999999999999999e+01,-1.38329172280434044758305887272680e-02,1.69777626630822693223461254638773e-03,-1.50653685497828667237280371389622e-02,9.37728231100504460042487835539422e-03
4.52499999999999999999999999999998e+01,-1.37442524895994666110150552847858e-02,1.84838858867140574255455226697318e-03,-1.45942472036795381792677388007308e-02,9.46647471774789681419717493880296e-03
4.52999999999999999999999999999993e+01,-1.36481211153052098071482249161557e-02,1.99643077032401961541718509005004e-03,-1.41188307180114430926137661746897e-02,9.54908987763578101596633183107918e-03
4.53499999999999999999999999999999e+01,-1.35446532425048545053482605558823e-02,2.14183796800944108278881304212502e-03,-1.36394476413501384656668958527040e-02,9.62514098430430450821300828747948e-03
4.53999999999999999999999999999997e+01,-1.34339821952678948329163877598756e-02,2.28454755880301698212645300240599e-03,-1.31564257663568834342764696519507e-02,9.69464507278630868683691382262343e-03
4.54499999999999999999999999999999e+01,-1.33162443729543675558424471927177e-02,2.42449915658506758939810429478942e-03,-1.26700919388821531513668628458911e-02,9.75762297242652611285801020519002e-03
4.55000000000000000000000000000001e+01,-1.31915791379942951219910790626813e-02,2.56163462700179899981289212413703e-03,-1.21807718694657727534574173685031e-02,9.81409925794997413393939536570629e-03
4.55499999999999999999999999999996e+01,-1.30601287029567722480838577737890e-02,2.69589810091966768233533463306684e-03,-1.16887899473288037037791512176890e-02,9.86410219873142829114714808138610e-03
4.56000000000000000000000000000000e+01,-1.29220380169838670745005398772857e-02,2.82723598637959344722325832044829e-03,-1.11944690569459315806852165613129e-02,9.90766370631395538279072994936585e-03
4.56499999999999999999999999999995e+01,-1.27774546516641669185981575665620e-02,2.95559697905826225610759269646021e-03,-1.06981303972846902048520481880624e-02,9.94481928022508744316338882549101e-03
4.57000000000000000000000000000000e+01,-1.26265286864204157156623635405908e-02,3.08093207124459298010118450903438e-03,-1.02000933037954136361087459526127e-02,9.97560795213978400465240070131708e-03
4.57499999999999999999999999999999e+01,-1.24694125934852659820661321032630e-02,3.20319455934026199088720575081812e-03,-9.70067507323333678455193600488199e-03,1.00000722284398608437267956849642e-02
4.57999999999999999999999999999994e+01,-1.23062611225387032219211081078429e-02,3.32234004989398597926946915667521e-03,-9.20019079139176893446482778330441e-03,1.00182580312200589830347800219204e-02
4.58499999999999999999999999999999e+01,-1.21372311850801957990630588153390e-02,3.43832646418005627357800908772543e-03,-8.69895316382274413557418741629984e-03,1.00302146377913880729321427481043e-02
4.58999999999999999999999999999998e+01,-1.19624817386080791009402001296308e-02,3.55111404133239682921958120465062e-03,-8.19727234961900993394898100207094e-03,1.00359946187328034668834700030718e-02
4.59499999999999999999999999999998e+01,-1.17821736706781000372203623680281e-02,3.66066534004618264654849335572023e-03,-7.69545579832865305042062499413586e-03,1.00356537745426664176364425673750e-02
4.60000000000000000000000000000002e+01,-1.15964696829124272674742533746796e-02,3.76694523885980532375617964477050e-03,-7.19380809007107911926138878509835e-03,1.00292510709417919566088681129719e-02
4.60499999999999999999999999999992e+01,-1.14055341750297747788303153670880e-02,3.86992093503070745103690551599050e-03,-6.69263077892046521987377279250137e-03,1.00168485728802092995739653240032e-02
4.61000000000000000000000000000001e+01,-1.12095331289665922911344943914324e-02,3.96956194201932729990425621314559e-03,-6.19222223962019040869510405202443e-03,9.99851137730004518955745399802519e-03
4.61499999999999999999999999999996e+01,-1.10086339931585462237488778628454e-02,4.06584008559609946888223231789143e-03,-5.69287751768912251908515329455909e-03,9.97430754470719160467582658428496e-03
4.61999999999999999999999999999998e+01,-1.08030055670507503986224275521615e-02,4.15872949858714553905958951685545e-03,-5.19488818297800086674092840873619e-03,9.94430802960463590564218196983924e-03
4.62500000000000000000000000000000e+01,-1.05928178859044070760382673847684e-02,4.24820661427496110725878197121646e-03,-4.69854218673150589073502399019665e-03,9.90858660984051397510188659694733e-03
4.62999999999999999999999999999994e+01,-1.03782421059666871327295987501349e-02,4.33425015847106154893877383768746e-03,-4.20412372220894987868191949095580e-03,9.86721981492409542785663084923238e-03
4.63499999999999999999999999999999e+01,-1.01594503900698140194124421694502e-02,4.41684114027818827720016011759007e-03,-3.71191308891385946046598871085383e-03,9.82028685336302478489919519383148e-03
4.63999999999999999999999999999999e+01,-9.93661579372442041045582710945452e-03,4.49596284156029988090070729385972e-03,-3.22218656048005218774945004014591e-03,9.76786953907522386072843013088783e-03
4.64499999999999999999999999999999e+01,-9.70991215177132002769334032572670e-03,4.57160080513917812950141590183404e-03,-2.73521625625913791221734656003252e-03,9.71005221692890878624349495979321e-03
4.64999999999999999999999999999998e+01,-9.47951396565488083897023046799724e-03,4.64374282173706722310789515037829e-03,-2.25127001665170248619039042461859e-03,9.64692168746419036971146884632697e-03
4.65499999999999999999999999999993e+01,-9.24559629138020056539546128053697e-03,4.71237891568533565364979635543558e-03,-1.77061128222175817184306311374243e-03,9.57856713084970919402118342697247e-03
4.65999999999999999999999999999999e+01,-9.00833462821527205408984795488088e-03,4.77750132941970344949164313029781e-03,-1.29349897663137368097407197814498e-03,9.50508003012770728457698213927654e-03
4.66499999999999999999999999999997e+01,-8.76790480819828546874292222044441e-03,4.83910450678311323514796325003136e-03,-8.20187393429728580601645551922773e-04,9.42655409380085670011570385711212e-03
4.66999999999999999999999999999999e+01,-8.52448288650914730975057349990292e-03,4.89718507515784129672844639168561e-03,-3.50926086728173477636047140324419e-04,9.34308517781405235596311720374805e-03
4.67500000000000000000000000000001e+01,-8.27824503276320389769226420639633e-03,4.95174182644894456169774160422816e-03,1.14040234209779492715657278856009e-04,9.25477120698423215901203218975854e-03
4.67999999999999999999999999999996e+01,-8.02936742328404004371626385031170e-03,5.00277569694162095071920439613250e-03,5.74471806437260255608281021841334e-04,9.16171209593111250447843908780925e-03
4.68500000000000000000000000000000e+01,-7.77802613441108309941499765790265e-03,5.05028974605552382397713775510432e-03,1.03013391082800223545317594574173e-03,9.06400966956152175960726150097273e-03
4.68999999999999999999999999999995e+01,-7.52439703689657934387652561708388e-03,5.09428913401951612000971839199952e-03,1.48079696559445378812879576465624e-03,8.96176758315977895684449328312631e-03
4.69500000000000000000000000000000e+01,-7.26865569144532464861139000647427e-03,5.13478109849077617899890777684890e-03,1.92623661580164762888126162353296e-03,8.85509124213629997067979186649192e-03
4.69999999999999999999999999999999e+01,-7.01097724544932548812003899651660e-03,5.17177493014257507452080030563181e-03,2.36623381886103814077840091292562e-03,8.74408772148631940428873373409130e-03
4.70499999999999999999999999999994e+01,-6.75153633096834056481137690239763e-03,5.20528194724543448067512950276609e-03,2.80057492599110291070283911079687e-03,8.62886568501029372345898451418597e-03
4.70999999999999999999999999999999e+01,-6.49050696400600852469416467319410e-03,5.23531546926674461998620227828060e-03,3.22905175963407446134499909598354e-03,8.50953530434720031813199188654743e-03
4.71499999999999999999999999999998e+01,-6.22806244513000439011440107750030e-03,5.26189078951427362722134953031550e-03,3.65146168682071953212326860697240e-03,8.38620817787156863081345801248414e-03
4.71999999999999999999999999999998e+01,-5.96437526148338736511741112448740e-03,5.28502514684933269213078797707070e-03,4.06760768847761503758886835649853e-03,8.25899724950467376284263589290086e-03
4.72500000000000000000000000000002e+01,-5.69961699023300651644958683219247e-03,5.30473769649567558887614289908791e-03,4.47729842467388065197194917844684e-03,8.12801672748989056252776754808779e-03
4.72999999999999999999999999999992e+01,-5.43395820349951943820710094141677e-03,5.32104947997050665276172476641264e-03,4.88034829580681651210444921580847e-03,7.99338200318174763316696239323240e-03
4.73500000000000000000000000000001e+01,-5.16756837481225331025708145747330e-03,5.33398339416424792869876440324633e-03,5.27657749972835950328302385766700e-03,7.85520956989773650449712728630539e-03
4.73999999999999999999999999999996e+01,-4.90061578713079869895454480753874e-03,5.34356415959597410427861962677105e-03,5.66581208481671172576819962655778e-03,7.71361694188142192906684161998558e-03
4.74499999999999999999999999999998e+01,-4.63326744247387496156303569318907e-03,5.34981828787166297768308230817507e-03,6.04788399899990879290788626234791e-03,7.56872257342486544633696121296385e-03
4.75000000000000000000000000000000e+01,-4.36568897319464313987475053082007e-03,5.35277404837262963236977986170348e-03,6.42263113474048237246616134743236e-03,7.42064577819781656247869348096303e-03
4.75499999999999999999999999999994e+01,-4.09804455494026869847205184609342e-03,5.35246143420171424351202604134208e-03,6.78989736999272966602872250417298e-03,7.26950664883054469249388302278263e-03
4.75999999999999999999999999999999e+01,-3.83049682133215331090179691495217e-03,5.34891212741497658365730193287612e-03,7.14953260514643117144181071043385e-03,7.11542597679658098173459868282111e-03
4.76499999999999999999999999999999e+01,-3.56320678040186305160273381547396e-03,5.34215946356681489556867430933404e-03,7.50139279597315596334217347431695e-03,6.95852517264101285269684475873504e-03
4.76999999999999999999999999999999e+01,-3.29633373281638073790790763946472e-03,5.33223839559657293745951555193891e-03,7.84533998259355975969665364082235e-03,6.79892618659932620446632662095087e-03
4.77499999999999999999999999999998e+01,-3.03003519192490370581886149388488e-03,5.31918545708482676886106636403128e-03,8.18124231448631415054064545808150e-03,6.63675142965112122815174781411479e-03
4.77999999999999999999999999999993e+01,-2.76446680565799591178314609644418e-03,5.30303872490765233367449496236244e-03,8.50897407156150451169766793335261e-03,6.47212369505233840076451814273833e-03
4.78499999999999999999999999999999e+01,-2.49978228030848584143374208048234e-03,5.28383778131726622037148453296111e-03,8.82841568132349830469084599889814e-03,6.30516608038892199752469733518441e-03
4.78999999999999999999999999999997e+01,-2.23613330622208018045944907860161e-03,5.26162367547750525760042264485057e-03,9.13945373215041369874943083519068e-03,6.13600191019412003978761303690095e-03
4.79499999999999999999999999999999e+01,-1.97366948542423846152929549226176e-03,5.23643888448266596603886164112339e-03,9.44198098271940979740492409631874e-03,5.96475465917087259960693035805420e-03
4.80000000000000000000000000000001e+01,-1.71253826120842683684517403613174e-03,5.20832727388826247304076570579559e-03,9.73589636760907329777443908144730e-03,5.79154787605997544448696695023830e-03
4.80499999999999999999999999999996e+01,-1.45288484970944062362348822771753e-03,5.17733405778228145363394949292986e-03,1.00211049991121912740830539542758e-02,5.61650510819392376402634725370116e-03
4.80999999999999999999999999999999e+01,-1.19485217348405620714489584103861e-03,5.14350575842551514722730022025649e-03,1.02975181652941751090772009116236e-02,5.43974982677554181517317762907026e-03
4.81499999999999999999999999999995e+01,-9.38580797119844132390835725403129e-04,5.10689016548953868072419385767816e-03,1.05650533243343355806850676596186e-02,5.26140535291968939986043379745217e-03
4.82000000000000000000000000000000e+01,-6.84208864891547631573812007534339e-04,5.06753629492086598129236693949379e-03,1.08236340951891029618912664576600e-02,5.08159478449550579648472827401308e-03
4.82499999999999999999999999999999e+01,-4.31872040483005272933809551875396e-04,5.02549434745976967002305017944305e-03,1.10731902446181379571236850075977e-02,4.90044092380580675668328205985019e-03
4.82999999999999999999999999999994e+01,-1.81703448791173718467141350066011e-04,4.98081566684218468357648277995203e-03,1.13136576706160886589627187016806e-02,4.71806620613939110544316684914083e-03
4.83499999999999999999999999999999e+01,6.61663801726124226003039018862807e-05,4.93355269771303317534766013225430e-03,1.15449783822945147779112574114411e-02,4.53459262923114100226213754465451e-03
4.83999999999999999999999999999998e+01,3.11609565270421139405151564078782e-04,4.88375894327920970968335158991936e-03,1.17671004762602225214146363697155e-02,4.35014168366391469217960062652475e-03
4.84499999999999999999999999999998e+01,5.54500926102230609575184268690836e-04,4.83148892273035109931014693046704e-03,1.19799781095379310553509527633974e-02,4.16483428424533325766783809342654e-03
4.85000000000000000000000000000002e+01,7.94718032736253498384839643874736e-04,4.77679812845538467205715695695629e-03,1.21835714690868238838894327086178e-02,3.97879070239165413621550563193206e-03
4.85499999999999999999999999999992e+01,1.03214125329556372953603871250297e-03,4.71974298308270252002753696514435e-03,1.23778467379621251770489457143936e-02,3.79213049955000465509714324302521e-03
4.86000000000000000000000000000001e+01,1.26665379939289988986182404082375e-03,4.66038079637164762156351312262765e-03,1.25627760581743815376544525771068e-02,3.60497246168931921561100314423395e-03
4.86499999999999999999999999999996e+01,1.49814176940689936617064722989232e-03,4.59876972198282087983286062368260e-03,1.27383374903006234419210020383892e-02,3.41743453488938469503496341968469e-03
4.86999999999999999999999999999999e+01,1.72649418959438803170770839330238e-03,4.53496871415452634485761123816916e-03,1.29045149699030271548652732860267e-02,3.22963376205645078607915398104195e-03
4.87500000000000000000000000000000e+01,1.95160305303471106225112534753908e-03,4.46903748431246543811956920442561e-03,1.30612982608120968904200807665900e-02,3.04168622079290602002086261482629e-03
4.87999999999999999999999999999994e+01,2.17336335640344054077526896155561e-03,4.40103645763957014648786012678661e-03,1.32086829053327379667054902959450e-02,2.85370696244755677886484743330782e-03
4.88499999999999999999999999999999e+01,2.39167313457413419144076845762916e-03,4.33102672963263016710633385075221e-03,1.33466701714328943424387271917929e-02,2.66580995237207634983296701665846e-03
4.88999999999999999999999999999999e+01,2.60643349304814616869966341822804e-03,4.25907002267212014505040831756255e-03,1.34752669969756778867405611577669e-02,2.47810801140821466610200048167106e-03
4.89499999999999999999999999999999e+01,2.81754863821380462987219764335745e-03,4.18522864263137073488934843297369e-03,1.35944859310571217400445263851475e-02,2.29071275862937746224476489527818e-03
4.89999999999999999999999999999998e+01,3.02492590543757116832963721371477e-03,4.10956543555095152517017377577284e-03,1.37043450725128459093543146049491e-02,2.10373455535919679959647816887491e-03
4.90499999999999999999999999999993e+01,3.22847578499108342267573853365534e-03,4.03214374440384518581168973269855e-03,1.38048680056580295799750293242969e-02,1.91728245048872393075407858018008e-03
4.91000000000000000000000000000000e+01,3.42811194581925366317874513753611e-03,3.95302736597669083190803440820329e-03,1.38960837333261413234757556441317e-02,1.73146412711288091493325310716040e-03
4.91499999999999999999999999999997e+01,3.62375125715585226337941294153113e-03,3.87228050789206084773299581911143e-03,1.39780266072728852754005575222263e-02,1.54638585050580990424333499003884e-03
4.91999999999999999999999999999999e+01,3.81531380799424508083111262523691e-03,3.78996774579640959069781090245899e-03,1.40507362560127783152655452387241e-02,1.36215241745375922800965091956953e-03
4.92500000000000000000000000000001e+01,4.00272292442217730041352610932658e-03,3.70615398073799480992443121716764e-03,1.41142575101566802063233483941706e-02,1.17886710696314393627579792280094e-03
4.92999999999999999999999999999996e+01,4.18590518483070265646709030745514e-03,3.62090439675872358531692456490596e-03,1.41686403253194554753904196945740e-02,9.96631632360415947697396843820166e-04
4.93499999999999999999999999999999e+01,4.36479043300854558195087597186680e-03,3.53428441872351444172207047722597e-03,1.42139397026677524966881216473124e-02,8.15546094799375998950126817310874e-04
4.93999999999999999999999999999995e+01,4.53931178913435418591119383880891e-03,3.44635967041039634373520880002508e-03,1.42502156071786417818630675383596e-02,6.35708938190556824571191893187026e-04
4.94500000000000000000000000000000e+01,4.70940565868045350306539293661148e-03,3.35719593288418385810281658645062e-03,1.42775328836805618952968765972066e-02,4.57216905566305013875207077082339e-04
4.94999999999999999999999999999999e+01,4.87501173924284067604854894543745e-03,3.26685910317617621389067105265623e-03,1.42959611707486777638067805346797e-02,2.80164996894188394950202096224257e-04
4.95499999999999999999999999999994e+01,5.03607302531327612327902916657343e-03,3.17541515329192663001080855857654e-03,1.43055748125273625170141114885095e-02,1.04646428350357177831124718406698e-04
4.95999999999999999999999999999999e+01,5.19253581101041683169962035755098e-03,3.08293008956871745243166263983271e-03,1.43064527685530704926374201497180e-02,-6.92474069365089640819717282842098e-05
4.96499999999999999999999999999998e+01,5.34434969078800922898805347705004e-03,2.98946991240395668895813651405269e-03,1.42986785216513758124989287469951e-02,-2.41426976661028604510833876695164e-04
4.96999999999999999999999999999998e+01,5.49146755813920918638024123787638e-03,2.89510057637528278958262441514479e-03,1.42823399839824081516259913142275e-02,-4.11804645628070990798433688239338e-04
4.97500000000000000000000000000002e+01,5.63384560231712515032491090394385e-03,2.79988795077272733883551230621528e-03,1.42575294013093251843713795822266e-02,-5.80294710543168025542835979224471e-04
4.97999999999999999999999999999992e+01,5.77144330309268678533893821017826e-03,2.70389778056284004893864186278440e-03,1.42243432555648199258401192253002e-02,-7.46813433299700722910830442609434e-04
4.98500000000000000000000000000001e+01,5.90422342357192543553128066189772e-03,2.60719564780422741613527190671600e-03,1.41828821657909710495447982835778e-02,-9.11279072757149757661302432060919e-04
4.98999999999999999999999999999996e+01,6.03215200109571379957876825507983e-03,2.50984693353349597588263023232969e-03,1.41332507875280055357189494545364e-02,-1.07361191500566850265531302842461e-03
4.99499999999999999999999999999999e+01,6.15519833624595010219219396005381e-03,2.41191678014012361524050884019535e-03,1.40755577107277559984237392297002e-02,-1.23373430211319927762608394942203e-03
5.00000000000000000000000000000000e+01,6.27333497998308639053160279257228e-03,2.31347005424830822325353163816654e-03,1.40099153562677600890873765417954e-02,-1.39157065935230888723451273155209e-03
5.00499999999999999999999999999994e+01,6.38653771894079106038443325378123e-03,2.21457131012336243363478030853040e-03,1.39364398711420668408392575555802e-02,-1.54704752090486739820449201355020e-03
5.00999999999999999999999999999999e+01,6.49478555890440201555383822057945e-03,2.11528475361973669036114497389813e-03,1.38552510224048850887127165448494e-02,-1.70009355404363399135529078043653e-03
5.01499999999999999999999999999999e+01,6.59806070650066869375576621398964e-03,2.01567420668726069785298878513373e-03,1.37664720899432325871338719283194e-02,-1.85063958179074513205376473823080e-03
5.01999999999999999999999999999999e+01,6.69634854912709827992906301813024e-03,1.91580307245169585515971376768978e-03,1.36702297581547215841140936153294e-02,-1.99861860405402274931627395953254e-03
5.02499999999999999999999999999998e+01,6.78963763315001351735147749779096e-03,1.81573430088518886972541146345746e-03,1.35666540066065478611274297663099e-02,-2.14396581724293312690362356570693e-03
5.02999999999999999999999999999993e+01,6.87791964040119638003225922372264e-03,1.71553035508170975222783343684616e-03,1.34558779997516360920629152136053e-02,-2.28661863236693032695278402409153e-03
5.03500000000000000000000000000000e+01,6.96118936300373326578055854872440e-03,1.61525317815204616047770691203359e-03,1.33380379757777353200312616122741e-02,-2.42651669161981073611643552815722e-03
5.03999999999999999999999999999997e+01,7.03944467655839310491081673112492e-03,1.51496416075241093743018295225533e-03,1.32132731346650549256401089826094e-02,-2.56360188345458730460799883475367e-03
5.04499999999999999999999999999999e+01,7.11268651172255966899877041868865e-03,1.41472410926020102493606779787396e-03,1.30817255255277842148880345306292e-02,-2.69781835615426280954449092379762e-03
5.05000000000000000000000000000001e+01,7.18091882421440323911818763822737e-03,1.31459321460992407864430459190738e-03,1.29435399333145482605695088134348e-02,-2.82911252990474059606227068611635e-03
5.05499999999999999999999999999996e+01,7.24414856327561450259309614144367e-03,1.21463102180178440675423721003411e-03,1.27988637649425194802327297644510e-02,-2.95743310737695832447023202060466e-03
5.06000000000000000000000000000000e+01,7.30238563862663495779324535150802e-03,1.11489640009489265082114281161301e-03,1.26478469349395292386301712278038e-02,-3.08273108282616488205913339881332e-03
5.06499999999999999999999999999995e+01,7.35564288594890310137391182724689e-03,1.01544751389653426346504534700758e-03,1.24906417506681071551615008388433e-02,-3.20495974971708241833492518625176e-03
5.07000000000000000000000000000000e+01,7.40393603092919415220386477280104e-03,9.16341794358400656539394862876273e-04,1.23274027972049184279455324492345e-02,-3.32407470688450405811618280528264e-03
5.07499999999999999999999999999999e+01,7.44728365190166294861798750424827e-03,8.17635911690154232801891951050777e-04,1.21582868219485720252110895360324e-02,-3.44003386323967287547198648098886e-03
5.07999999999999999999999999999994e+01,7.48570714112370487503165697537789e-03,7.19385748200164710740561420101269e-04,1.19834526190282357288454891544612e-02,-3.55279744103356882193609135985206e-03
5.08500000000000000000000000000000e+01,7.51923066472222818157500723458964e-03,6.21646372072719539751977449034487e-04,1.18030609135849184486152493671931e-02,-3.66232797768899715569173615273724e-03
5.08999999999999999999999999999998e+01,7.54788112134738282408259548848705e-03,5.24472011890476112446772144223458e-04,1.16172742459966666798668735305281e-02,-3.76859032621412418726358808945435e-03
5.09499999999999999999999999999998e+01,7.57168809957121595582741364676720e-03,4.27916031910388240686132817460262e-04,1.14262568561182711895777061597014e-02,-3.87155165421084352645820814333461e-03
5.10000000000000000000000000000002e+01,7.59068383406912244747203917490227e-03,3.32030908100804297174332996040810e-04,1.12301745676053927380690002920700e-02,-3.97118144149207818171117016434007e-03
5.10499999999999999999999999999992e+01,7.60490316062233031465486234544809e-03,2.36868204946899856935357360004768e-04,1.10291946723922926439810135958758e-02,-4.06745147632283053561169810235378e-03
5.11000000000000000000000000000001e+01,7.61438346998000572627643806971457e-03,1.42478553031073921266552809169906e-04,1.08234858153915960599549036919160e-02,-4.16033585030048312036055105903347e-03
5.11499999999999999999999999999996e+01,7.61916466061988039957671111926233e-03,4.89116273944051857235153729654938e-05,1.06132178794837237412154637390629e-02,-4.24981095189052797769383010627289e-03
5.11999999999999999999999999999998e+01,7.61928909044659572482988530462107e-03,-4.37838733152663654091039388553383e-05,1.03985618708628026672713035200368e-02,-4.33585545863456095508370957575348e-03
5.12500000000000000000000000000000e+01,7.61480152746722298272811851722425e-03,-1.35560246903596685485375010660385e-04,1.01796898048050079390204295938979e-02,-4.41845032804801932184182263837416e-03
5.12999999999999999999999999999994e+01,7.60574909948365761634494062219149e-03,-2.26370806893825237141392489280929e-04,9.95677459192439875223434086538542e-03,-4.49757878722576635548890735829821e-03
5.13499999999999999999999999999999e+01,7.59218124284179780709456106763908e-03,-3.16169900990709458930139080814211e-04,9.72998992498039078742924328602710e-03,-4.57322632117423483317171294172534e-03
5.13999999999999999999999999999999e+01,7.57414965027760370531570909618381e-03,-4.04912928740845055239058480383659e-04,9.49951016630005690980798170689170e-03,-4.64538065988943246014322419217743e-03
5.14499999999999999999999999999999e+01,7.55170821790029372062369788113360e-03,-4.92556358386430479197209255996765e-04,9.26551023587746850549336887452251e-03,-4.71403176420068598490107589060349e-03
5.14999999999999999999999999999998e+01,7.52491299135306843901682102327451e-03,-5.79057742910050196639340076248920e-04,9.02816550021128196520935488031655e-03,-4.77917181040055690841362831321976e-03
5.15499999999999999999999999999993e+01,7.49382211119186117109532590143577e-03,-6.64375735268564033316882410586718e-04,8.78765166194073964613247855299976e-03,-4.84079517368190012524033584127012e-03
5.16000000000000000000000000000000e+01,7.45849575752269703079388841951999e-03,-7.48470102814698841092613474107898e-04,8.54414465033919298714050275178165e-03,-4.89889841040355738191510005604502e-03
5.16499999999999999999999999999997e+01,7.41899609393829999257618898541669e-03,-8.31301740905443600435533262120804e-04,8.29782051272316821989579523595697e-03,-4.95348023920667995968061094716447e-03
5.16999999999999999999999999999999e+01,7.37538721079461978637117504954607e-03,-9.12832685696849639800061039644487e-04,8.04885530683388321272938626858107e-03,-5.00454152100415935380889663960357e-03
5.17500000000000000000000000000001e+01,7.32773506786795798611194092160373e-03,-9.93026126125333636245850723683910e-04,7.79742499424698831697902160189650e-03,-5.05208523786611081184853205308789e-03
5.17999999999999999999999999999996e+01,7.27610743643335546496436708639851e-03,-1.07184641507607221003621082228502e-03,7.54370533486514557274020069709717e-03,-5.09611647082480230194518788192022e-03
5.18500000000000000000000000000000e+01,7.22057384080486177625839745780768e-03,-1.14925907973956298844957958142675e-03,7.28787178254688019438104545228916e-03,-5.13664237662285071579128022981014e-03
5.18999999999999999999999999999995e+01,7.16120549937824123420254578521246e-03,-1.22523083115790774564655800384590e-03,7.03009938192393682151997037630616e-03,-5.17367216342891778677228395675733e-03
5.19500000000000000000000000000000e+01,7.09807526521658078522551784620115e-03,-1.29972957296284838672600483294187e-03,6.77056266645815151813854594121487e-03,-5.20721706554553025252246437599961e-03
5.19999999999999999999999999999999e+01,7.03125756621915146363154915423674e-03,-1.37272440930805590131281193241299e-03,6.50943555778760986396889865444043e-03,-5.23729031713402215436930515988648e-03
5.20499999999999999999999999999994e+01,6.96082834491373861010669154148839e-03,-1.44418565199863573714078503742881e-03,6.24689126641060264372702650911874e-03,-5.26390712498195179789912726859432e-03
5.21000000000000000000000000000000e+01,6.88686499791249640565480488921905e-03,-1.51408482682127011496802109917887e-03,5.98310219375461453864365865939318e-03,-5.28708464033868176477258767353359e-03
5.21499999999999999999999999999998e+01,6.80944631507119995491746484870733e-03,-1.58239467907886840655676416202137e-03,5.71823983567628879998022410862698e-03,-5.30684192984512744331178678299890e-03
5.21999999999999999999999999999998e+01,6.72865241839156347034645242479914e-03,-1.64908917833404061712734682775977e-03,5.45247468743700307555851627905032e-03,-5.32319994558397782322226500519345e-03
5.22500000000000000000000000000002e+01,6.64456470070606640151666610819543e-03,-1.71414352236614604847874467039406e-03,5.18597615019736930779280259409725e-03,-5.33618149427697177854726925602861e-03
5.22999999999999999999999999999992e+01,6.55726576418448097121296429886234e-03,-1.77753414034709917080281940373546e-03,4.91891243907263486499926358504273e-03,-5.34581120565607375440406479535321e-03
5.23500000000000000000000000000001e+01,6.46683935870102488076661647928329e-03,-1.83923869524153740824013760147065e-03,4.65145049278961374570316510961448e-03,-5.35211550003563470031380103134080e-03
5.23999999999999999999999999999996e+01,6.37337032010077229986298519224792e-03,-1.89923608543737075981693116133458e-03,4.38375588498441674566883700711682e-03,-5.35512255511284729024103619895203e-03
5.24499999999999999999999999999998e+01,6.27694450840364503822241402625503e-03,-1.95750644561314075425382097835476e-03,4.11599273717887883485355308206069e-03,-5.35486227202400898205349703582974e-03
5.25000000000000000000000000000000e+01,6.17764874598397439450874718001266e-03,-2.01403114684901600128316599810823e-03,3.84832363347220158931107569266853e-03,-5.35136624068429235312338022890446e-03
5.25499999999999999999999999999994e+01,6.07557075576327298637089279897831e-03,-2.06879279598864338697369102846181e-03,3.58090953698293929104580884927389e-03,-5.34466770443888947108567290893679e-03
5.25999999999999999999999999999999e+01,5.97079909945348528766737263095929e-03,-2.12177523425945760598218592077181e-03,3.31390970807506017313715653772069e-03,-5.33480152405354589681109527143797e-03
5.26499999999999999999999999999999e+01,5.86342311588759604550322901755567e-03,-2.17296353515942707594152301530570e-03,3.04748162440041017017369910701482e-03,-5.32180414107263035835410393985777e-03
5.26999999999999999999999999999999e+01,5.75353285947406763908646903727545e-03,-2.22234400161858119116269223713069e-03,2.78178090278849635256243579025175e-03,-5.30571354057299827820628443745796e-03
5.27499999999999999999999999999998e+01,5.64121903881115120014729036835842e-03,-2.26990416244402220381229712634790e-03,2.51696122301309188984950175711654e-03,-5.28656921334200128996306404791994e-03
5.27999999999999999999999999999993e+01,5.52657295549667237318726954481796e-03,-2.31563276805747463660235352485418e-03,2.25317425346374480937835766810683e-03,-5.26441211750807076280876368750782e-03
5.28500000000000000000000000000000e+01,5.40968644316843139210949528803961e-03,-2.35951978553476590422782827669902e-03,1.99056957874884989283097947190690e-03,-5.23928463965236129115713932654120e-03
5.28999999999999999999999999999997e+01,5.29065180680987913301042683118521e-03,-2.40155639295696363031542417149905e-03,1.72929462925551767821125437591629e-03,-5.21123055542998024009909413768691e-03
5.29499999999999999999999999999999e+01,5.16956176235523642216112022032655e-03,-2.44173497308321787810237480735420e-03,1.46949461269004759527733014227343e-03,-5.18029498972935191220864708272146e-03
5.30000000000000000000000000000001e+01,5.04650937662771359009564931758602e-03,-2.48004910635567005864097525110396e-03,1.21131244762138463735803730697873e-03,-5.14652437639826987421938557556165e-03
5.30499999999999999999999999999996e+01,4.92158800764396152910975082708829e-03,-2.51649356324709453880982088690323e-03,9.54888699048511532892801575711991e-04,-5.10996641756517861867352986466044e-03
5.31000000000000000000000000000000e+01,4.79489124531734479910064971227317e-03,-2.55106429596223384817869743050563e-03,7.00361516011301988408075542949341e-04,-5.07067004258419621033388897780732e-03
5.31499999999999999999999999999995e+01,4.66651285259207210686417603670117e-03,-2.58375842950407379077591857240933e-03,4.47866571262936084537573689124552e-04,-5.02868536663234306311600773709189e-03
5.32000000000000000000000000000000e+01,4.53654670703965023225992066519993e-03,-2.61457425211658062357786893947942e-03,1.97537003020557162287065668044450e-04,-4.98406364898737870224040013791545e-03
5.32499999999999999999999999999999e+01,4.40508674294854467052067876936744e-03,-2.64351120511568869317898957781910e-03,-5.04966411905686275778692178950021e-05,-4.93685725101456848823732308478920e-03
5.32999999999999999999999999999994e+01,4.27222689393733438646156507667778e-03,-2.67056987212058345724851469956145e-03,-2.96106458585542699200410235115850e-04,-4.88711959389060602248966617987100e-03
5.33500000000000000000000000000000e+01,4.13806103612103961973454664538349e-03,-2.69575196769757159619869515345953e-03,-5.39167243048535459754389641861488e-04,-4.83490511609280453421573121996055e-03
5.33999999999999999999999999999998e+01,4.00268293185968112980283029981993e-03,-2.71906032542906688763270239892442e-03,-7.79556534930662442214585398738461e-04,-4.78026923068154218992035031623589e-03
5.34499999999999999999999999999998e+01,3.86618617411749711680911586612697e-03,-2.74049888542044762273138070021439e-03,-1.01715466870739450414484882154113e-03,-4.72326828240380219962254129687848e-03
5.35000000000000000000000000000002e+01,3.72866413146060079409754475271792e-03,-2.76007268125775854733582813944701e-03,-1.25184481848724957296520507144086e-03,-4.66395950464548905812620162062242e-03
5.35499999999999999999999999999992e+01,3.59020989372020771589846838955050e-03,-2.77778782642943757504656561203033e-03,-1.48351304136489317881301992997953e-03,-4.60240097626002749983074079039065e-03
5.36000000000000000000000000000001e+01,3.45091621834789797731807179640382e-03,-2.79365150022544481550711931420903e-03,-1.71204831861314566342631648878001e-03,-4.53865157830056101452562168197105e-03
5.36499999999999999999999999999996e+01,3.31087547748870480233765007191399e-03,-2.80767193312735876480139714256476e-03,-1.93734259470975474533507918276495e-03,-4.47277095068286232835321608931334e-03
5.36999999999999999999999999999998e+01,3.17017960579713831907773692962272e-03,-2.81985839170318179946909096191390e-03,-2.15929081419614232904967466524225e-03,-4.40481944880584936414634045797339e-03
5.37500000000000000000000000000000e+01,3.02892004902056199087748411776367e-03,-2.83022116302076439014933734802000e-03,-2.37779095636667335331518939207697e-03,-4.33485810015636713032749540330044e-03
5.37999999999999999999999999999994e+01,2.88718771337363972792654992271284e-03,-2.83877153859391470058494048602397e-03,-2.59274406778832137902128812567152e-03,-4.26294856092464902513807650481936e-03
5.38499999999999999999999999999999e+01,2.74507291572686464849487903377267e-03,-2.84552179787540746405294380526443e-03,-2.80405429265191983321040212214592e-03,-4.18915307265661046652840986751663e-03
5.38999999999999999999999999999999e+01,2.60266533463146629224349072653171e-03,-2.85048519131124323967665920770975e-03,-3.01162890095748867831170992568057e-03,-4.11353441896885385647603160345542e-03
5.39499999999999999999999999999999e+01,2.46005396220227231115296857461808e-03,-2.85367592297063635894877153998611e-03,-3.21537831453741310632121054249460e-03,-4.03615588235197695598679573902346e-03
5.39999999999999999999999999999998e+01,2.31732705687937377594225634187247e-03,-2.85510913276632709750402566686858e-03,-3.41521613092252302206210628990603e-03,-3.95708120108747708280286697819528e-03
5.40499999999999999999999999999993e+01,2.17457209708871073602102471897791e-03,-2.85480087827992087392583096273169e-03,-3.61105914505737894889078290823173e-03,-3.87637452630323145195025871117178e-03
5.41000000000000000000000000000000e+01,2.03187573582095705617168719659614e-03,-2.85276811620705461713930835928753e-03,-3.80282736887231095057663159921527e-03,-3.79410037919220976835743403875353e-03
5.41499999999999999999999999999997e+01,1.88932375614734131874724150952920e-03,-2.84902868343727789342629099258539e-03,-3.99044404872098161643613140894644e-03,-3.71032360841873916387974186109073e-03
5.41999999999999999999999999999999e+01,1.74700102769029421967797959023544e-03,-2.84360127778361398561568364991669e-03,-4.17383568069345152075529153635339e-03,-3.62510934773629406531779975730423e-03
5.42500000000000000000000000000001e+01,1.60499146406606289122819461116525e-03,-2.83650543837683391842328368701217e-03,-4.35293202381591527565777921075254e-03,-3.53852297384042490646689504987390e-03
5.42999999999999999999999999999996e+01,1.46337798131567944292734564828003e-03,-2.82776152573953447857408250004489e-03,-4.52766611114944779858180786191907e-03,-3.45063006448007008059246426663478e-03
5.43500000000000000000000000000000e+01,1.32224245733991521031100841931469e-03,-2.81739070155515964495687527124603e-03,-4.69797425880125317745264234138649e-03,-3.36149635685011549814292557978220e-03
5.43999999999999999999999999999995e+01,1.18166569235309422186886902462529e-03,-2.80541490814714358665147795643322e-03,-4.86379607286304202100342516308795e-03,-3.27118770628767589933866881713136e-03
5.44500000000000000000000000000000e+01,1.04172737036987971740224779519909e-03,-2.79185684768338257445310995011009e-03,-5.02507445429227692767190059179681e-03,-3.17977004529417200684037045795452e-03
5.44999999999999999999999999999999e+01,9.02506021738386651745227576361513e-04,-2.77673996112126285882842413810762e-03,-5.18175560175311921003724556189168e-03,-3.08730934290486802706796613666281e-03
5.45499999999999999999999999999994e+01,7.64078986732211468562001637567001e-04,-2.76008840690848187342409969926084e-03,-5.33378901243498280572942334133915e-03,-2.99387156442711525949153959816002e-03
5.45999999999999999999999999999999e+01,6.26522380213208497668096068298204e-04,-2.74192703945490111258687087337511e-03,-5.48112748086765294004995527451827e-03,-2.89952263156811999320618437079954e-03
5.46499999999999999999999999999998e+01,4.89911057376080579669392982607528e-04,-2.72228138739066079294400950345926e-03,-5.62372709575295714723966586008656e-03,-2.80432838297261780324580378275768e-03
5.46999999999999999999999999999998e+01,3.54318580585090412731556181678200e-04,-2.70117763162576903676025082043517e-03,-5.76154723483398429070981686051478e-03,-2.70835453519039215112119727208398e-03
5.47500000000000000000000000000002e+01,2.19817187312439102237525103922627e-04,-2.67864258322635190697657477237290e-03,-5.89455055782383284923976826874980e-03,-2.61166664409312319231824503946291e-03
5.47999999999999999999999999999992e+01,8.64777591870999241805286226075663e-05,-2.65470366112271528351123298600188e-03,-6.02270299741683257516040623648737e-03,-2.51433006675959324666677171736049e-03
5.48500000000000000000000000000001e+01,-4.56302078378611686660046413382779e-05,-2.62938886966432540493972664727772e-03,-6.14597374840612331837640352037681e-03,-2.41640992384780884544127472734485e-03
5.48999999999999999999999999999996e+01,-1.76438632192200823979661892727283e-04,-2.60272677603676202074944039406737e-03,-6.26433525493239100073688148677205e-03,-2.31797106247212598255710993351063e-03
5.49499999999999999999999999999998e+01,-3.05880874263123072539027899243318e-04,-2.57474648755563662286377562951694e-03,-6.37776319588945309030547279136054e-03,-2.21907801960298551775902034692434e-03
5.50000000000000000000000000000000e+01,-4.33891762831835247873268893073918e-04,-2.54547762885239827101239628553167e-03,-6.48623646851325415365634134494820e-03,-2.11979498600637995922568743208141e-03
5.50499999999999999999999999999994e+01,-5.60407620367000876980205750883646e-04,-2.51495031896687121872407980467652e-03,-6.58973717018167586318727989010980e-03,-2.02018577073968144376271683201919e-03
5.50999999999999999999999999999999e+01,-6.85366287170795457089696686379875e-04,-2.48319514836128201303220954511504e-03,-6.68825057845338492996302165168807e-03,-1.92031376621996398700566620342108e-03
5.51499999999999999999999999999999e+01,-8.08707144374006584755899954674135e-04,-2.45024315587043911295179369701768e-03,-6.78176512937473656276053740651665e-03,-1.82024191388045134591927074056133e-03
5.51999999999999999999999999999999e+01,-9.30371135777350523914824401457730e-04,-2.41612580560262548458339476475436e-03,-6.87027239408451998035974764143236e-03,-1.72003267043021547309854318387199e-03
5.52499999999999999999999999999998e+01,-1.05030078853690259443672215411299e-03,-2.38087496380565422300959397342507e-03,-6.95376705374707600385739673151509e-03,-1.61974797473173989810690233930565e-03
5.52999999999999999999999999999993e+01,-1.16844023269225834465024227260977e-03,-2.34452287571241916505518461765483e-03,-7.03224687284503462356726279038650e-03,-1.51944921531044779568932675931255e-03
5.53499999999999999999999999999999e+01,-1.28473521953675596001724652987423e-03,-2.30710214238014683784139662470107e-03,-7.10571267086361248308897918894171e-03,-1.41919719850977634354217093903933e-03
5.53999999999999999999999999999997e+01,-1.39913313882979738264153479395742e-03,-2.26864569753742308439285839815764e-03,-7.17416829239907628100234766372288e-03,-1.31905211730485758157532370286900e-03
5.54499999999999999999999999999999e+01,-1.51158303485200580715142162583649e-03,-2.22918678445292747090739885133902e-03,-7.23762057572461800537033026180280e-03,-1.21907352078734170703935519763651e-03
5.55000000000000000000000000000001e+01,-1.62203562130465021990625154540175e-03,-2.18875893283966126514399212924275e-03,-7.29607931984750155210771707443318e-03,-1.11932028433337192068912149400417e-03
5.55499999999999999999999999999996e+01,-1.73044329505545311043556808013779e-03,-2.14739593580830053898896134323453e-03,-7.34955725009192751680464285579277e-03,-1.01985058046619092170771178673421e-03
5.56000000000000000000000000000000e+01,-1.83676014873357506445240261358522e-03,-2.10513182688314495056322025986445e-03,-7.39806998224262368941646011189740e-03,-9.20721850424328274834579221265654e-04
5.56499999999999999999999999999995e+01,-1.94094198217723931267583871642811e-03,-2.06200085709396516472222412730054e-03,-7.44163598528470293799309741395773e-03,-8.21990776445785481277780982992196e-04
5.57000000000000000000000000000000e+01,-2.04294631273812013322508079328212e-03,-2.01803747215687784039179430348962e-03,-7.48027654277583767387551086242413e-03,-7.23713254778102012441196554990647e-04
5.57499999999999999999999999999999e+01,-2.14273238444727096998411940248573e-03,-1.97327628975719681609860801070781e-03,-7.51401571288728089587014838143827e-03,-6.25944369423651146630938015353030e-04
5.57999999999999999999999999999994e+01,-2.24026117604801092597527465861155e-03,-1.92775207694702273069681878064714e-03,-7.54288028715071788081184468310086e-03,-5.28738366628979515379245105241488e-04
5.58499999999999999999999999999999e+01,-2.33549540790182161883604355600981e-03,-1.88149972767014099612223876708452e-03,-7.56689974794835990514014186986005e-03,-4.32148630126469146613464646912181e-04
5.58999999999999999999999999999998e+01,-2.42839954777392995300327685502654e-03,-1.83455424042659996641681646922267e-03,-7.58610622478409194550563196913252e-03,-3.36227657136065812321714385643659e-04
5.59499999999999999999999999999998e+01,-2.51893981550586588692375117652688e-03,-1.78695069608913749746364007283332e-03,-7.60053444937386013105958214405356e-03,-2.41027035134282971122247065701061e-04
5.60000000000000000000000000000002e+01,-2.60708418658288747908561750193953e-03,-1.73872423588341504174899585536603e-03,-7.61022170959383183707070704419138e-03,-1.46597419397156860340168808587274e-04
5.60499999999999999999999999999992e+01,-2.69280239460475811834018637809517e-03,-1.68991003954380415048002031636998e-03,-7.61520780232518176583383464544499e-03,-5.29885113232956533953843948956040e-05
5.61000000000000000000000000000001e+01,-2.77606593266894262525662048794983e-03,-1.64054330365625094143196822126190e-03,-7.61553498523465121914886493600646e-03,3.97509624573656316324742077222645e-05
5.61499999999999999999999999999996e+01,-2.85684805367585960455026309941429e-03,-1.59065922019951991619387114505343e-03,-7.61124792753029510511443607534271e-03,1.31573270184022299472075456173755e-04
5.61999999999999999999999999999998e+01,-2.93512376956638679546664852857666e-03,-1.54029295529588965743714905990148e-03,-7.60239365973207213405916586999759e-03,2.22431694270114540590407321746477e-04
5.62500000000000000000000000000000e+01,-3.01086984950236397805378440696016e-03,-1.48947962818213958893471883374593e-03,-7.58902152249714825268080800415841e-03,3.12280549809069880534108317265628e-04
5.62999999999999999999999999999994e+01,-3.08406481700137402837977052960364e-03,-1.43825429041142932274753582562032e-03,-7.57118311453997176532208556223837e-03,4.01075202277166561904151385660184e-04
5.63499999999999999999999999999999e+01,-3.15468894603760676405919653409828e-03,-1.38665190529643033454263643519348e-03,-7.54893223968734093489049703612648e-03,4.88772084430530553093310846858247e-04
5.63999999999999999999999999999999e+01,-3.22272425612112208132987327105543e-03,-1.33470732760382398539480781597582e-03,-7.52232485310882129577951114582285e-03,5.75328712393795331904633377096537e-04
5.64499999999999999999999999999999e+01,-3.28815450636832836407559988966604e-03,-1.28245528351003043322869029503050e-03,-7.49141900676298061403259807442849e-03,6.60703700938466570380004424404830e-04
5.64999999999999999999999999999998e+01,-3.35096518857697906066627735987162e-03,-1.22993035082777993632918328293948e-03,-7.45627479409999457664480228570189e-03,7.44856777949543072560829550567857e-04
5.65499999999999999999999999999993e+01,-3.41114351931946450269106437768901e-03,-1.17716693951288163249172330612216e-03,-7.41695429406123607678334329615379e-03,8.27748798079450517378358934977205e-04
5.65999999999999999999999999999999e+01,-3.46867843106863731637753733693999e-03,-1.12419927246028526804627265838635e-03,-7.37352151441649559277234192437462e-03,9.09341755588845467387443265436385e-04
5.66499999999999999999999999999997e+01,-3.52356056237085799788993735651977e-03,-1.07106136659826873893938569727385e-03,-7.32604233447948985709380322382123e-03,9.89598796374343458743246578763752e-04
5.66999999999999999999999999999999e+01,-3.57578224708138224234171961173538e-03,-1.01778701428931887907601134412014e-03,-7.27458444724230101153606016441543e-03,1.06848422918371653208360670753918e-03
5.67500000000000000000000000000001e+01,-3.62533750267763329718769220321464e-03,-9.64409765046004876880375446516948e-04,-7.21921730096934899279604555421998e-03,1.14596353601959204661191656199616e-03
5.67999999999999999999999999999996e+01,-3.67222201766631082700368753967618e-03,-9.10962907569873206989756226672728e-04,-7.16001204029143624856079603903963e-03,1.22200338173316579495199202430341e-03
5.68500000000000000000000000000000e+01,-3.71643313810068241120666245341729e-03,-8.57479452121120217274211222551575e-04,-7.09704144684031631875140912650383e-03,1.29657162280991806412248913651380e-03
5.68999999999999999999999999999995e+01,-3.75796985322478474105098067984952e-03,-8.03992113226523698668836777744361e-04,-7.03037987946412661347001229450701e-03,1.36963731534979113378042956960664e-03
5.69500000000000000000000000000000e+01,-3.79683278026162873861423941032174e-03,-7.50533292732838072755035064042628e-04,-6.96010321406389117308797025177732e-03,1.44117072224475053799624988159889e-03
5.69999999999999999999999999999999e+01,-3.83302414836285609910638327950928e-03,-6.97135063212579445120767117578747e-04,-6.88628878309114161298240838855546e-03,1.51114331955711001837295859111545e-03
5.70499999999999999999999999999994e+01,-3.86654778173763407860280944920026e-03,-6.43829151728846875993478873578050e-04,-6.80901531474652415279501413250460e-03,1.57952780210245124735600610859463e-03
5.70999999999999999999999999999999e+01,-3.89740908197890064133464980362638e-03,-5.90646923965544997335019973484942e-04,-6.72836287191905793557695139984677e-03,1.64629808824141389013924907955918e-03
5.71499999999999999999999999999998e+01,-3.92561500960538328225568108060938e-03,-5.37619368729090740409394830627595e-04,-6.64441279090548509401817141898858e-03,1.71142932388506919676112283117381e-03
5.71999999999999999999999999999998e+01,-3.95117406483811189915200665039465e-03,-4.84777082827403611606297221282818e-04,-6.55724761994890656745176494643348e-03,1.77489788571902087403890003731950e-03
5.72500000000000000000000000000002e+01,-3.97409626763042896053683873843437e-03,-4.32150256331694847681682154739568e-04,-6.46695105763562987257132698483553e-03,1.83668138365180028733388994451889e-03
5.72999999999999999999999999999992e+01,-3.99439313697076886644895714774274e-03,-3.79768658226286073949634314284974e-04,-6.37360789118886625037136247039812e-03,1.89675866249353889845079338436550e-03
5.73500000000000000000000000000001e+01,-4.01207766947773280345604042981007e-03,-3.27661622451402958352767815711779e-04,-6.27730393469760522844630126867849e-03,1.95510980287130907822491063666302e-03
5.73999999999999999999999999999996e+01,-4.02716431730722553592457718029888e-03,-2.75858034343603977318846148589219e-04,-6.17812596731866503703419624788391e-03,2.01171612138792486686505735925322e-03
5.74499999999999999999999999999998e+01,-4.03966896539164644501797935119244e-03,-2.24386317478218960896107485638011e-04,-6.07616167148956789316230651241996e-03,2.06656017003138672461419781298706e-03
5.75000000000000000000000000000000e+01,-4.04960890803133872569552095132640e-03,-1.73274420917886738224059457572884e-04,-5.97149957118952032224270345224601e-03,2.11962573484253865891268485126187e-03
5.75499999999999999999999999999994e+01,-4.05700282485869798960435139664388e-03,-1.22549806870996131584600322525952e-04,-5.86422897028539083065696900120227e-03,2.17089783384888217761711267139532e-03
5.75999999999999999999999999999999e+01,-4.06187075619552461611974700311385e-03,-7.22394387635499179166714412018958e-05,-5.75443989099917079399699231106619e-03,2.22036271427285915305654629547159e-03
5.76499999999999999999999999999999e+01,-4.06423407782437307127372583456232e-03,-2.23697697276873586896287090403966e-05,-5.64222301253297980866200738923721e-03,2.26800784902327474743847757677951e-03
5.76999999999999999999999999999999e+01,-4.06411547519480610964477120072426e-03,2.70332684901823416468405647858454e-05,-5.52766960988723440132285657614679e-03,2.31382193247888191153891930132279e-03
5.77499999999999999999999999999998e+01,-4.06153891708560233043279026338672e-03,7.59442761989655879158105763220729e-05,-5.41087149290713933980192862789893e-03,2.35779487557349049748119452669945e-03
5.77999999999999999999999999999993e+01,-4.05652962874409202702479552538760e-03,1.24338396007800093043822541019584e-04,-5.29192094559218428487790654866475e-03,2.39991780019229660106411673653997e-03
5.78499999999999999999999999999999e+01,-4.04911406452390870851018790052807e-03,1.72191322644191793538281218008215e-04,-5.17091066570283561602331791212114e-03,2.44018303288945125447181446859039e-03
5.78999999999999999999999999999997e+01,-4.03931988004254214888972996474434e-03,2.19479312343542566275438364211248e-04,-5.04793370469810441132345969322193e-03,2.47858409793720191781150638868935e-03
5.79499999999999999999999999999999e+01,-4.02717590388016341000006633089169e-03,2.66179191808515271431025826388935e-04,-4.92308340803714722426977157783193e-03,2.51511570971724526590888539482386e-03
5.80000000000000000000000000000001e+01,-4.01271210884126306998727973413240e-03,3.12268366736957859743066238339345e-04,-4.79645335587751694416005279604765e-03,2.54977376446522543986803359831347e-03
5.80499999999999999999999999999996e+01,-3.99595958280070096060646253268672e-03,3.57724829917381618970762625334796e-04,-4.66813730420212712346189063120296e-03,2.58255533137959814239047366274110e-03
5.80999999999999999999999999999999e+01,-3.97695049915580917122706592890929e-03,4.02527168891259947110444987049962e-04,-4.53822912640642517996369805523859e-03,2.61345864310635761964463149991564e-03
5.81499999999999999999999999999995e+01,-3.95571808690622002001220553887758e-03,4.46654573181683183997589068461203e-04,-4.40682275537668831305004334690586e-03,2.64248308561139061504952879217223e-03
5.82000000000000000000000000000000e+01,-3.93229660038310723530572153686477e-03,4.90086841088171866415660950016328e-04,-4.27401212608976129480749900866891e-03,2.66962918745247873270258135983699e-03
5.82499999999999999999999999999999e+01,-3.90672128864953185182368270872025e-03,5.32804386047715155565018797228566e-04,-4.13989111876394799399282752674317e-03,2.69489860846321824788798269068215e-03
5.82999999999999999999999999999994e+01,-3.87902836459357443271608854035818e-03,5.74788242562362983357282675930807e-04,-4.00455350259014905323567063211939e-03,2.71829412786136419320061633648842e-03
5.83499999999999999999999999999999e+01,-3.84925497373591231259500748948954e-03,6.16020071693959542008743171455778e-04,-3.86809288007170705889714698871512e-03,2.73981963179433348183755721547327e-03
5.83999999999999999999999999999998e+01,-3.81743916277346475747367940096839e-03,6.56482166126861969257184406596759e-04,-3.73060263200077831277046059083647e-03,2.75948010033481986151480464313615e-03
5.84499999999999999999999999999998e+01,-3.78361984788068040093693613441517e-03,6.96157454799741331647721846468146e-04,-3.59217586309839743128752310882638e-03,2.77728159393968158663774271507084e-03
5.85000000000000000000000000000002e+01,-3.74783678278998019377945564080438e-03,7.35029507107813156182217974178706e-04,-3.45290534834473795875624207790937e-03,2.79323123938546082253417913155458e-03
5.85499999999999999999999999999992e+01,-3.71013052667279555496808655649333e-03,7.73082536677091684736598019345112e-04,-3.31288348002539948542055690035873e-03,2.80733721519408192981730117045882e-03
5.86000000000000000000000000000001e+01,-3.67054241184255559926652024505211e-03,8.10301404712505607673679115554174e-04,-3.17220221551886990887296678104485e-03,2.81960873656245390162908462752296e-03
5.86499999999999999999999999999996e+01,-3.62911451130087941120220055286673e-03,8.46671622921953157829959492762103e-04,-3.03095302584962096934739042964124e-03,2.83005603980987033019732011079011e-03
5.86999999999999999999999999999999e+01,-3.58588960614811951193324780231636e-03,8.82179356018611001547695814987534e-04,-2.88922684503059652688558548763945e-03,2.83869036635725835657125674983953e-03
5.87500000000000000000000000000000e+01,-3.54091115287928110618251953583505e-03,9.16811423804044240910421564112096e-04,-2.74711402021814673261919427830950e-03,2.84552394625247610945042229674462e-03
5.87999999999999999999999999999994e+01,-3.49422325058620858729766598025664e-03,9.50555302834893935344734869806518e-04,-2.60470426270174777856276579122392e-03,2.85056998125599617261624489677853e-03
5.88499999999999999999999999999999e+01,-3.44587060808678631141241670605467e-03,9.83399127676143759101985224212196e-04,-2.46208659975012679099525009707785e-03,2.85384262750144064854115977994902e-03
5.88999999999999999999999999999999e+01,-3.39589851100174502339295489704139e-03,1.01533169174418863499309304583402e-03,-2.31934932733468516154810554517591e-03,2.85535697774555142714052239164410e-03
5.89499999999999999999999999999999e+01,-3.34435278879949872937961815290768e-03,1.04634244774314532864291152736499e-03,-2.17657996375038168625729912365135e-03,2.85512904322228734806700765851597e-03
5.89999999999999999999999999999998e+01,-3.29127978182925946959300558018138e-03,1.07642150769805795936950763256541e-03,-2.03386520415349980343312396729163e-03,2.85317573511583809293450424561440e-03
5.90499999999999999999999999999993e+01,-3.23672630836248956149878115437620e-03,1.10555964258886009490126301585502e-03,-1.89129087603498148194621185205215e-03,2.84951484566743289662492082650931e-03
5.91000000000000000000000000000000e+01,-3.18073963166255267259911186523683e-03,1.13374828158915946227491866345314e-03,-1.74894189564726440615805913154853e-03,2.84416502893090056624277535552409e-03
5.91499999999999999999999999999997e+01,-3.12336742710221676339895020565976e-03,1.16097951091411124461469463887240e-03,-1.60690222540180952374484618215100e-03,2.83714578119200588976509372653755e-03
5.91999999999999999999999999999999e+01,-3.06465774934844373784364999088372e-03,1.18724607228184136474671793263066e-03,-1.46525483225375325707074163281183e-03,2.82847742106664635689207710315133e-03
5.92500000000000000000000000000001e+01,-3.00465899963367277793160897264801e-03,1.21254136099307200690472984906902e-03,-1.32408164708936321377727989874715e-03,2.81818106929304226033441280276807e-03
5.92999999999999999999999999999996e+01,-2.94341989313256705211789364350333e-03,1.23685942363378782577496230255768e-03,-1.18346352513121855103694257851293e-03,2.80627862823309276037909909317447e-03
5.93499999999999999999999999999999e+01,-2.88098942646294700786862116569413e-03,1.26019495540596276995426453577912e-03,-1.04348020737527673032897809263376e-03,2.79279276109810044787661294931615e-03
5.93999999999999999999999999999995e+01,-2.81741684532937802493284781457592e-03,1.28254329709154414020902985397117e-03,-9.04210283073227721921508552912823e-04,2.77774687091408740473194248667750e-03
5.94500000000000000000000000000000e+01,-2.75275161232761605832995355445826e-03,1.30390043165506235089029035658867e-03,-7.65731153272775252950503802595824e-04,2.76116507924193681553447486900704e-03
5.94999999999999999999999999999999e+01,-2.68704337492784228242085554360695e-03,1.32426298049040180816664411659495e-03,-6.28118995427722908465196033380951e-04,2.74307220466759591303503546921126e-03
5.95499999999999999999999999999994e+01,-2.62034193365433690623351111780432e-03,1.34362819931743030758344433236812e-03,-4.91448729088981255136199782442627e-04,2.72349374107756853251627878869071e-03
5.95999999999999999999999999999999e+01,-2.55269721047895351454174054130197e-03,1.36199397373434133556243509112506e-03,-3.55793982686851122016230111440232e-04,2.70245583573490889918431441047376e-03
5.96499999999999999999999999999998e+01,-2.48415921744545875057229537847593e-03,1.37935881443171558805238179374944e-03,-2.21227061414178196532894583369743e-04,2.67998526717090257664731661367741e-03
5.96999999999999999999999999999998e+01,-2.41477802554149814840990426763327e-03,1.39572185207445485136742170631071e-03,-8.78189162192156264883015747915065e-05,2.65610942290758586598253648259876e-03
5.97500000000000000000000000000002e+01,-2.34460373383463770203083086953408e-03,1.41108283185788308554506695728445e-03,4.43608860837251952922053240082972e-05,2.63085627702621147089170141812683e-03
5.97999999999999999999999999999992e+01,-2.27368643888861258117009966584106e-03,1.42544210774444607304961348879777e-03,1.75244191578509608875001418503991e-04,2.60425436759671604638740149870933e-03
5.98500000000000000000000000000001e+01,-2.20207620447558953139030412824788e-03,1.43880063638757231254742534244087e-03,3.04764286879725669157138794919661e-04,2.57633277398318444192795661492080e-03
5.98999999999999999999999999999996e+01,-2.12982303159991818779802634099616e-03,1.45115997074938391946149095111905e-03,4.32855925627714416481475895481713e-04,2.54712109404023615461026564679517e-03
5.99499999999999999999999999999999e+01,-2.05697682884850905125461318085567e-03,1.46252225341906711619653625220877e-03,5.59455353841002089352656333842279e-04,2.51664942121518184760880102895542e-03
6.00000000000000000000000000000000e+01,-1.98358738308263248626660401595313e-03,1.47289020963882743286747771748447e-03,6.84500334121792211948825572057764e-04,2.48494832157071189105525250886157e-03
6.00499999999999999999999999999994e+01,-1.90970433048558406566959101014161e-03,1.48226714004446497503020143187977e-03,8.07930168710911270280387572774707e-04,2.45204881074278487828536866657679e-03
6.00999999999999999999999999999999e+01,-1.83537712798030717425659169113223e-03,1.49065691312771003266275326094679e-03,9.29685721389332571934640499200711e-04,2.41798233084828209477667267735149e-03
6.01499999999999999999999999999999e+01,-1.76065502503070425786479185579369e-03,1.49806395742755889220311374298588e-03,1.04970943822412847024428558264708e-03,2.38278072735688410862693388259617e-03
6.01999999999999999999999999999999e+01,-1.68558703584000373286945601838826e-03,1.50449325345794396188581420373366e-03,1.16794536715742103631793569910917e-03,2.34647622594150815194942226738898e-03
6.02499999999999999999999999999998e+01,-1.61022191195918062065111302574572e-03,1.50995032537916122431887918430486e-03,1.28433917643761510073746420270834e-03,2.30910140932151991724611765200751e-03
6.02999999999999999999999999999993e+01,-1.53460811531805570971044483124895e-03,1.51444123242056158687773314848639e-03,1.39883817189290498726360434584805e-03,2.27068919411280094999192268975762e-03
6.03500000000000000000000000000000e+01,-1.45879379169132074204807125295863e-03,1.51797256006209091099394452195834e-03,1.51139131304774685749400887894919e-03,2.23127280769861312969766000648918e-03
6.03999999999999999999999999999997e+01,-1.38282674461135603741978562410402e-03,1.52055141098233636993960433352267e-03,1.62194922808368201962587911726735e-03,2.19088576513505495092075629735658e-03
6.04499999999999999999999999999999e+01,-1.30675440973932237605018661591797e-03,1.52218539578080431860024024544831e-03,1.73046422764658247561297473835355e-03,2.14956184610475060016940529445665e-03
6.05000000000000000000000000000001e+01,-1.23062382970562112382105785160459e-03,1.52288262348221706849465767563789e-03,1.83689031750306804632209384997947e-03,2.10733507193225233419176628063683e-03
6.05499999999999999999999999999996e+01,-1.15448162943042576972388962332545e-03,1.52265169183067286056316662241450e-03,1.94118321004951428908893815387664e-03,2.06423968267446956211068553516390e-03
6.06000000000000000000000000000000e+01,-1.07837399193459451859882078783190e-03,1.52150167738156493371218645951060e-03,2.04330033467773177982880505962273e-03,2.02031011429926448304907430683180e-03
6.06499999999999999999999999999995e+01,-1.00234663465087760708369603348467e-03,1.51944212539920191852103530410569e-03,2.14320084700204985435294976388785e-03,1.97558097596517429939903417998014e-03
6.07000000000000000000000000000000e+01,-9.26444786244934850412992804021974e-04,1.51648303956811286563430750931358e-03,2.24084563695318128096659295264961e-03,1.93008702741503408301830383127700e-03
6.07499999999999999999999999999999e+01,-8.50713163955278844171624237891299e-04,1.51263487152605607288716324974818e-03,2.33619733574487826748644845219731e-03,1.88386315649608248875788070364600e-03
6.07999999999999999999999999999994e+01,-7.75195951460857498899255967293158e-04,1.50790851022678153276165302054103e-03,2.42922032172001439783883380432152e-03,1.83694435681893486014644865670752e-03
6.08500000000000000000000000000000e+01,-6.99936777284586435630035301624229e-04,1.50231527114062231383908170917072e-03,2.51988072508334126242004975597877e-03,1.78936570556760503091304002829556e-03
6.08999999999999999999999999999998e+01,-6.24978693740737474468563216571483e-04,1.49586688530101055080756857488889e-03,2.60814643152877241725448922613771e-03,1.74116234147254847014899763004676e-03
6.09499999999999999999999999999998e+01,-5.50364156433684261788470921761152e-04,1.48857548820502898439062094125217e-03,2.69398708476964061338993248413241e-03,1.69236944295848552669753786859474e-03
6.10000000000000000000000000000002e+01,-4.76135004315100258315429092047075e-04,1.48045360857611920509185798660673e-03,2.77737408798095672259774363662395e-03,1.64302220647854457966862576550278e-03
6.10499999999999999999999999999992e+01,-4.02332440306298101884569677006601e-04,1.47151415699707295538773484216212e-03,2.85828060416327019999868420255930e-03,1.59315582504604107799103371300167e-03
6.11000000000000000000000000000001e+01,-3.28997012491993014515855170947030e-04,1.46177041442143307905210884459375e-03,2.93668155543829102950305967937001e-03,1.54280546697497993502051297937343e-03
6.11499999999999999999999999999996e+01,-2.56168595891366690782724842348248e-04,1.45123602057142602134224618808940e-03,3.01255362128698166387417532804130e-03,1.49200625484013571789468627973857e-03
6.11999999999999999999999999999998e+01,-1.83886374811902227965142478147484e-04,1.43992496223053823001088432623741e-03,3.08587523574136427693200238409252e-03,1.44079324466732771999541241028135e-03
6.12500000000000000000000000000000e+01,-1.12188825791055380312161371793495e-04,1.42785156143883443719114323898951e-03,3.15662658354181347928817486558197e-03,1.38920140536426551382305877898687e-03
6.12999999999999999999999999999994e+01,-4.11137011304229793322051954176350e-05,1.41503046359909667119515587687021e-03,3.22478959527211730870485771062195e-03,1.33726559840209513680043883927352e-03
6.13499999999999999999999999999999e+01,2.93019869733340039899000191467913e-05,1.40147662550183901258836154863579e-03,3.29034794148508959867489509997363e-03,1.28502055775752685060473798521283e-03
6.13999999999999999999999999999999e+01,9.90219816969573370811765486198011e-05,1.38720530327722463025757179514364e-03,3.35328702583200457044765226144562e-03,1.23250087012517262265397351932457e-03
6.14499999999999999999999999999999e+01,1.68010796254993444990215382076429e-04,1.37223204028187857252507239429348e-03,3.41359397720959951015642613040338e-03,1.17974095540946529379576068352826e-03
6.14999999999999999999999999999998e+01,2.36233727957074225064757732329044e-04,1.35657265492855220979186832115993e-03,3.47125764093885351900049309744782e-03,1.12677504750527200675372745360778e-03
6.15499999999999999999999999999993e+01,3.03656871655417373671838392543464e-04,1.34024322846655319495547469594993e-03,3.52626856899019940504750672761989e-03,1.07363717537605206330619620686634e-03
6.16000000000000000000000000000000e+01,3.70247132580281392577042677404839e-04,1.32326009272080839423179158740654e-03,3.57861900927026167399194686773189e-03,1.02036114443814414234517758453266e-03
6.16499999999999999999999999999997e+01,4.35972238561502564834896500023328e-04,1.30563981779737651430147947415944e-03,3.62830289398563613636472079530385e-03,9.66980518259499933636997663149401e-04
6.16999999999999999999999999999999e+01,5.00800751634630669614392927334948e-04,1.28739919976317218411657686639749e-03,3.67531582709963575285240903343688e-03,9.13528600580910910815268336953043e-04
6.17500000000000000000000000000001e+01,5.64702079030566832092966019280677e-04,1.26855524830760411533106730925463e-03,3.71965507089832286953586682417745e-03,8.60038417667502369097774871219952e-04
6.17999999999999999999999999999996e+01,6.27646483547990471949526011745195e-04,1.24912517439376674005556432778345e-03,3.76131953168252984233121673150374e-03,8.06542700997994175215452376507927e-04
6.18500000000000000000000000000000e+01,6.89605093308242619461807378285616e-04,1.22912637790675748612143398029205e-03,3.80030974460293811537214136767292e-03,7.53073870298951105318229928941763e-04
6.18999999999999999999999999999995e+01,7.50549910892709713078882362660859e-04,1.20857643530662067759428566129422e-03,3.83662785765564001146772133916694e-03,6.99664016930967366775925971954949e-04
6.19500000000000000000000000000000e+01,8.10453821863125181916603683830338e-04,1.18749308729334402283801100719574e-03,3.87027761485594773332321399457268e-03,6.46344887633450096665807069956098e-04
6.19999999999999999999999999999999e+01,8.69290602665575460318233403699228e-04,1.16589422649125485648749457206487e-03,3.90126433860854029036162407682686e-03,5.93147868634385487316937728483138e-04
6.20499999999999999999999999999994e+01,9.27034927919362393002762078347498e-04,1.14379788516008081921684380603183e-03,3.92959491129235119534681604622216e-03,5.40103970131188890588881770858561e-04
6.21000000000000000000000000000000e+01,9.83662377092235086192218880625680e-04,1.12122222293985357558848100938895e-03,3.95527775607889776432443940881271e-03,4.87243811148456979559764602694155e-04
6.21499999999999999999999999999998e+01,1.03914944056386096457350117486762e-03,1.09818551463674457229124822431700e-03,3.97832281700303665847466393068349e-03,4.34597604778155979784662155819508e-04
6.21999999999999999999999999999998e+01,1.09347352507975793248706859047748e-03,1.07470613805682881476834389445070e-03,3.99874153830539989212904082594874e-03,3.82195143807495301797419648402959e-04
6.22500000000000000000000000000002e+01,1.14661295859825694125459360831788e-03,1.05080256189467627886929169024066e-03,4.01654684306602087120445646528710e-03,3.30065786739450790247674393834878e-04
6.22999999999999999999999999999992e+01,1.19854699453340676846348430261953e-03,1.02649333368357096616459188208522e-03,4.03175311114890110328497014735813e-03,2.78238444210616429718342922413116e-04
6.23500000000000000000000000000001e+01,1.24925581539707025927037436787581e-03,1.00179706781405484846120350060305e-03,4.04437615647749502597034083451484e-03,2.26741565810777888040383339538752e-04
6.23999999999999999999999999999996e+01,1.29872053584379350892265670377410e-03,9.76732433627388121403252761878644e-04,4.05443320366130293405989630637280e-03,1.75603127308315908358348011140026e-04
6.24499999999999999999999999999998e+01,1.34692320512235632893327075364087e-03,9.51318143590408392348894864517224e-04,4.06194286399396025743831430080621e-03,1.24850618285262453123765901548440e-04
6.25000000000000000000000000000000e+01,1.39384680893823369058394239988838e-03,9.25572941558159758390605278768112e-04,4.06692511084339546750822371409291e-03,7.45110301855478266126246346451917e-05
6.25499999999999999999999999999994e+01,1.43947527073151353732212699828610e-03,8.99515591130548281672129100864122e-04,4.06940125445479869645898943090915e-03,2.46108447796929255888464136086523e-05
6.25999999999999999999999999999999e+01,1.48379345237512626558460775007363e-03,8.73164864109163237055296057881577e-04,4.06939391618729877471364676386858e-03,-2.48239769510825435032915469151083e-05
6.26499999999999999999999999999999e+01,1.52678715429854515987161277902011e-03,8.46539529060283788407527358743051e-04,4.06692700220538786995393907863585e-03,-7.37680055086474238724059800819080e-05
6.26999999999999999999999999999999e+01,1.56844311504241500560629531260541e-03,8.19658339989968541653683198393849e-04,4.06202567664626029673408312040307e-03,-1.22196353147234877006283735953146e-04
6.27499999999999999999999999999998e+01,1.60874901024985787042370480535049e-03,7.92540025137000823170449420171894e-04,4.05471633428434541744553120274884e-03,-1.70084683716079431642880126922658e-04
6.27999999999999999999999999999993e+01,1.64769345110049052392739633274342e-03,7.65203275889335639508508614998479e-04,4.04502657271441393980401721985420e-03,-2.17409222073566813585196921729618e-04
6.28500000000000000000000000000000e+01,1.68526598219346704544881690823764e-03,7.37666735829565187657906033956103e-04,4.03298516407472240742447942456420e-03,-2.64146763071325122429584590582726e-04
6.28999999999999999999999999999997e+01,1.72145707888613274171499837598671e-03,7.09948989914788603351734034504798e-04,4.01862202633173236044828007573391e-03,-3.10274680106961270369402739284817e-04
6.29499999999999999999999999999999e+01,1.75625814409514145931369451153034e-03,6.82068553796138457771106638010947e-04,4.00196819414799860217734711509602e-03,-3.55770933244420080757571228553030e-04
6.30000000000000000000000000000001e+01,1.78966150456714763316515696452322e-03,6.54043863283081440257893802298606e-04,3.98305578935486534227884405050265e-03,-4.00614076901214912544359031557103e-04
6.30499999999999999999999999999996e+01,1.82166040662643686958377273403975e-03,6.25893263957473796234509370735334e-04,3.96191799105163980168930964956828e-03,-4.44783267102047986172065179671647e-04
6.31000000000000000000000000000000e+01,1.85224901140710443366034592681131e-03,5.97635000942213525569755498339082e-04,3.93858900535293027038312863138845e-03,-4.88258268298605594828845106437831e-04
6.31499999999999999999999999999995e+01,1.88142238957762961334314643018507e-03,5.69287208829191187276004991529171e-04,3.91310403480583972523099341752764e-03,-5.31019459755577952724165298251800e-04
6.32000000000000000000000000000000e+01,1.90917651556592548947747653142426e-03,5.40867901771099501836466478989365e-04,3.88549924749869706671452505801719e-03,-5.73047841503215422651877146106798e-04
6.32499999999999999999999999999999e+01,1.93550826129316807992072175827817e-03,5.12394963741518892742862639583825e-04,3.85581174588298595249644077542779e-03,-6.14325039856992144832150120184903e-04
6.32999999999999999999999999999994e+01,1.96041538942492607942625599128561e-03,4.83886138967551763954829902335556e-04,3.82407953533009623159767939783112e-03,-6.54833312505204527077004992478992e-04
6.33500000000000000000000000000000e+01,1.98389654614832242302359871082461e-03,4.55359022539132769774985671080550e-04,3.79034149244447526049522304210291e-03,-6.94555553165585524891444949949649e-04
6.33999999999999999999999999999998e+01,2.00595125348416160183672378444915e-03,4.26831051198995697632508587483437e-04,3.75463733315469606343371237226131e-03,-7.33475295812266014416350637999197e-04
6.34499999999999999999999999999998e+01,2.02657990114315200437132332967594e-03,3.98319494317129951752225535945336e-04,3.71700758060388654140975113208570e-03,-7.71576718474661719427542181152450e-04
6.35000000000000000000000000000002e+01,2.04578373793554049591393065156956e-03,3.69841445053411095571753392298214e-04,3.67749353286087890141730894395650e-03,-8.08844646610107977332925091511603e-04
6.35499999999999999999999999999992e+01,2.06356486274365694140570572116775e-03,3.41413811711940581563082438630374e-04,3.63613723047334133926404749361475e-03,-8.45264556052305002821422220104094e-04
6.36000000000000000000000000000001e+01,2.07992621506703938547993795098710e-03,3.13053309290479766859053307093721e-04,3.59298142388404494090182998448785e-03,-8.80822575537873119277653753812499e-04
6.36499999999999999999999999999996e+01,2.09487156514997609467280574544182e-03,2.84776451228212679301633089029996e-04,3.54806954073129794961127307845746e-03,-9.15505488813550568285580353592907e-04
6.36999999999999999999999999999998e+01,2.10840550370145861338151835932114e-03,2.56599541354920858166123670689976e-04,3.50144565305444716575944531468063e-03,-9.49300736326795870774195956966003e-04
6.37500000000000000000000000000000e+01,2.12053343121769036403448629178320e-03,2.28538666044502043194910786449437e-04,3.45315444442520249363514515257799e-03,-9.82196416502782197184054609355171e-04
6.37999999999999999999999999999994e+01,2.13126154691743811503576515033781e-03,2.00609686575612620338408272212133e-04,3.40324117702538572251905943408269e-03,-1.01418128661099270936389573300205e-03
6.38499999999999999999999999999999e+01,2.14059683730064883399590344348203e-03,1.72828231702061647661312234940039e-04,3.35175165869153872799858508408933e-03,-1.04524476322484326801245494384438e-03
6.38999999999999999999999999999999e+01,2.14854706434088202993498365998493e-03,1.45209690435432074360128160444940e-04,3.29873220994664961062316223902812e-03,-1.07537692227797216401943261235731e-03
6.39499999999999999999999999999999e+01,2.15512075332222766259855919466012e-03,1.17769205042252523053840503539568e-04,3.24422963103906806288152879522217e-03,-1.10456849872104554109967775376542e-03
6.39999999999999999999999999999998e+01,2.16032718033149206046410176608796e-03,9.05216642578908228754695121344069e-05,3.18829116900848368709416709874109e-03,-1.13281088578313184515545787236944e-03
6.40500000000000000000000000000003e+01,2.16417635941653904673336453594467e-03,6.34816967191884499037970390489530e-05,3.13096448479863329526801881077943e-03,-1.16009613384189888079283572856996e-03
6.40999999999999999999999999999987e+01,2.16667902942177063445427363355495e-03,3.66636646177032426547777492456665e-05,3.07229762043618563038785852557565e-03,-1.18641694890708279877577882220977e-03
6.41499999999999999999999999999997e+01,2.16784664051182123224501019331701e-03,1.00816575752763032060589900219129e-05,3.01233896629502468399333515817158e-03,-1.21176669072186950482248087158034e-03
6.41999999999999999999999999999999e+01,2.16769134039462131970213155602000e-03,-1.62505132565120425018263988147648e-05,2.95113722846491607785429581452085e-03,-1.23613937048701549842187477951078e-03
6.42500000000000000000000000000001e+01,2.16622596025506102965786226347159e-03,-4.23193208715828812207876122629345e-05,2.88874139624329506224428995339809e-03,-1.25952964821271695216616409397098e-03
6.43000000000000000000000000000001e+01,2.16346400041055104054134004013440e-03,-6.81115278580315377748969547367294e-05,2.82520070976865979717549763632561e-03,-1.28193282970341286285888383294389e-03
6.43499999999999999999999999999986e+01,2.15941961569983766800679854648944e-03,-9.36141916191174385249901613044402e-05,2.76056462781378996659218459219956e-03,-1.30334486318088028428408934332446e-03
6.43999999999999999999999999999995e+01,2.15410760061648108675001553778091e-03,-1.18814669365604357058153158022033e-04,2.69488279575673867248483256262374e-03,-1.32376233555114693044552193614207e-03
6.44500000000000000000000000000000e+01,2.14754337419845025123147485125261e-03,-1.43700622878632036205327254393429e-04,2.62820501374726521253428130706573e-03,-1.34318246832090876325891485828235e-03
6.44999999999999999999999999999999e+01,2.13974296468532536214188205671038e-03,-1.68260023042446904339515942043239e-04,2.56058120508608801018984916951183e-03,-1.36160311316929749957784412351358e-03
6.45500000000000000000000000000001e+01,2.13072299395462869219071609258727e-03,-1.92481154146465321786764020232356e-04,2.49206138483404089143129360286634e-03,-1.37902274718099524204021364195093e-03
6.45999999999999999999999999999987e+01,2.12050066174882729243765892332188e-03,-2.16352617956287426614094519079706e-04,2.42269562866791234152836725427399e-03,-1.39544046774684061303436974897363e-03
6.46499999999999999999999999999998e+01,2.10909372970456660507504059291651e-03,-2.39863337553423120976522005278336e-04,2.35253404199943658364798446115022e-03,-1.41085598713821281109853354053147e-03
6.46999999999999999999999999999998e+01,2.09652050519570237027922279315024e-03,-2.63002560943633973987439707159198e-04,2.28162672937358755683477214034642e-03,-1.42526962676161687777456152405883e-03
6.47500000000000000000000000000002e+01,2.08279982500169949719677347370908e-03,-2.85759864433935740578010050408048e-04,2.21002376416200239311160880805690e-03,-1.43868231110002512730757404663705e-03
6.48000000000000000000000000000002e+01,2.06795103881296083970370970329615e-03,-3.08125155778445735393805617747132e-04,2.13777515856703006318295570060174e-03,-1.45109556134765612205450930131459e-03
6.48499999999999999999999999999986e+01,2.05199399258463614725295370272751e-03,-3.30088677093397385339643826039614e-04,2.06493083395156373983740280675584e-03,-1.46251148874499374692665537228518e-03
6.48999999999999999999999999999996e+01,2.03494901175044192440245786949605e-03,-3.51641007541780844390012886889668e-04,1.99154059150947238121852924324482e-03,-1.47293278762096482396743566626039e-03
6.49499999999999999999999999999998e+01,2.01683688430799660742733675415425e-03,-3.72773065788203521788268846449207e-04,1.91765408329109832729490463434420e-03,-1.48236272814930429399584154964865e-03
6.50000000000000000000000000000000e+01,1.99767884378714243405380908397378e-03,-3.93476112224697683436136681235096e-04,1.84332078359793359761895969486272e-03,-1.49080514882624226026027337795298e-03
6.50500000000000000000000000000002e+01,1.97749655211268572737619384999402e-03,-4.13741750968333871441443955650231e-04,1.76858996076022834303766968584052e-03,-1.49826444867674712675012808993005e-03
6.50999999999999999999999999999987e+01,1.95631208237294112518869532230169e-03,-4.33561931631628685427478679196054e-04,1.69351064931092080516376390123728e-03,-1.50474557919665366205193047324987e-03
6.51499999999999999999999999999999e+01,1.93414790150541265214817296767919e-03,-4.52928950866863419980566001646906e-04,1.61813162256890944226721249226007e-03,-1.51025403603809407258084949506501e-03
6.51999999999999999999999999999999e+01,1.91102685291088554827338116071988e-03,-4.71835453685556095900579771848978e-04,1.54250136564431485614498997845998e-03,-1.51479585044573407412537330310573e-03
6.52499999999999999999999999999998e+01,1.88697213900713753010915399306518e-03,-4.90274434554453500827454165005415e-04,1.46666804887800206885995727236907e-03,-1.51837758045139450863148918794161e-03
6.53000000000000000000000000000003e+01,1.86200730373340677012072078628128e-03,-5.08239238269531911197168012722686e-04,1.39067950172725281827773518623712e-03,-1.52100630183471226797029877402674e-03
6.53499999999999999999999999999987e+01,1.83615621501667643797717109145330e-03,-5.25723560609615147948648223837952e-04,1.31458318710909313406686540469240e-03,-1.52268959885756216522210431262968e-03
6.53999999999999999999999999999997e+01,1.80944304721075225945224448173977e-03,-5.42721448771336470353688835368279e-04,1.23842617621239378781929564179935e-03,-1.52343555478002394707318933227257e-03
6.54499999999999999999999999999999e+01,1.78189226351902032241874568677463e-03,-5.59227301587286484964715118242549e-04,1.16225512378947054815884028865209e-03,-1.52325274216573588168473212305827e-03
6.55000000000000000000000000000001e+01,1.75352859841167740503901326634384e-03,-5.75235869529302690967207413686990e-04,1.08611624393751777934972214407129e-03,-1.52215021298452830136766482560599e-03
6.55500000000000000000000000000001e+01,1.72437704004812553136172273414429e-03,-5.90742254498967452002013514186980e-04,1.01005528637981306430869745758674e-03,-1.52013748852027714813944102205741e-03
6.55999999999999999999999999999986e+01,1.69446281271511638904201342547520e-03,-6.05741909407490032435829525800208e-04,9.34117513256232473322593707307248e-04,-1.51722454909195898530954284681134e-03
6.56499999999999999999999999999995e+01,1.66381135929111978994622911372840e-03,-6.20230637547254819594867771755124e-04,8.58347676432216100236063504222146e-04,-1.51342182359592512516283068460030e-03
6.57000000000000000000000000000000e+01,1.63244832374727363625253592860457e-03,-6.34204591757421930975651932699165e-04,7.82789995334921809110429245187127e-04,-1.50874017887744351002398053131343e-03
6.57499999999999999999999999999999e+01,1.60039953369515099361908961960569e-03,-6.47660273386068037103325407726483e-04,7.07488135324902035578084543438909e-04,-1.50319090893958280280520636462534e-03
6.58000000000000000000000000000001e+01,1.56769098299145299231070895899433e-03,-6.60594531051454378580221448381584e-04,6.32485186611234225905961554960557e-04,-1.49678572399753382770203438857813e-03
6.58499999999999999999999999999987e+01,1.53434881440960450195201064752385e-03,-6.73004559205105583882186058800626e-04,5.57823643717630328937406433377731e-04,-1.48953673938647908892488778259073e-03
6.58999999999999999999999999999998e+01,1.50039930238809298266540285068513e-03,-6.84887896499476968415641068606413e-04,4.83545385506644935491495808151877e-04,-1.48145646433113162488336902137332e-03
6.59499999999999999999999999999998e+01,1.46586883586524973327517347585537e-03,-6.96242423963079482917581280882451e-04,4.09691655768695438299978506612411e-04,-1.47255779058506996939974866741873e-03
6.60000000000000000000000000000002e+01,1.43078390121002706610255248963189e-03,-7.07066362986020350012665298510697e-04,3.36303044382201212810125799795203e-04,-1.46285398094799653526987996812012e-03
6.60500000000000000000000000000002e+01,1.39517106525817486920511648004189e-03,-7.17358273119003653061787949383348e-04,2.63419469050742542520137365034799e-04,-1.45235865766904235633989275571317e-03
6.60999999999999999999999999999986e+01,1.35905695846306570367310633251720e-03,-7.27117049688918694646193364832034e-04,1.91080157622734076846123602873913e-04,-1.44108579074423187227310224300615e-03
6.61499999999999999999999999999996e+01,1.32246825817025916001909900182617e-03,-7.36341921234224798305253923777274e-04,1.19323630998702257185540634888394e-04,-1.42904968611620736785775084837793e-03
6.61999999999999999999999999999998e+01,1.28543167202473379921443355234140e-03,-7.45032446763419363530205568414811e-04,4.81876866308516174945458590249749e-05,-1.41626497378429384097773718149349e-03
6.62500000000000000000000000000000e+01,1.24797392151954876706529039045311e-03,-7.53188512839951379422727503119346e-04,-2.22906173807986038160435852143925e-05,-1.40274659583296152751527726361819e-03
6.63000000000000000000000000000002e+01,1.21012172569452723292063463229123e-03,-7.60810330497015237630033372403663e-04,-9.20749775918282796134518213745851e-05,-1.38850979438671511705370575362894e-03
6.63499999999999999999999999999987e+01,1.17190178499338030361553872575921e-03,-7.67898431985729542795978595141711e-04,-1.61129859912902027451537221345515e-04,-1.37357009949940591211672043478317e-03
6.63999999999999999999999999999999e+01,1.13334076528751314035120285168248e-03,-7.74453667360272683297238503049608e-04,-2.29420513702246949404941919912003e-04,-1.35794331698592587981384095631211e-03
6.64499999999999999999999999999999e+01,1.09446528207457479990194629651129e-03,-7.80477200903611182780907414184136e-04,-2.96912985248439688890882177229499e-04,-1.34164551620420078427769358558842e-03
6.64999999999999999999999999999998e+01,1.05530188485962997276260843448400e-03,-7.85970507397518292130892348960091e-04,-3.63574130641214738828201821888318e-04,-1.32469301779535343935398445104261e-03
6.65500000000000000000000000000003e+01,1.01587704172664444079740067178604e-03,-7.90935368240638891930712612404812e-04,-4.29371628028398243570179275734336e-04,-1.30710238138985765381566781960199e-03
6.65999999999999999999999999999987e+01,9.76217124107786867269991033506670e-04,-7.95373867418412549033310501024031e-04,-4.94273989257461215315478309983467e-04,-1.28889039328744872803207218871423e-03
6.66499999999999999999999999999997e+01,9.36348391757857604837559082222894e-04,-7.99288387328719501063397974601628e-04,-5.58250570900572923685060388744175e-04,-1.27007405411849747551978077831686e-03
6.66999999999999999999999999999999e+01,8.96296977940960704468735955388745e-04,-8.02681604467164424916107738289293e-04,-6.21271584662419008131303399187868e-04,-1.25067056649449176093516278379643e-03
6.67500000000000000000000000000001e+01,8.56088874836338372774918531219292e-04,-8.05556484975960076696566435512856e-04,-6.83308107170429403932468627628950e-04,-1.23069732265520254538771384079958e-03
6.68000000000000000000000000000001e+01,8.15749919170087899504748693039487e-04,-8.07916280060417269940349532067320e-04,-7.44332089147438264754343658291229e-04,-1.21017189212004048969292931424471e-03
6.68499999999999999999999999999986e+01,7.75305778079279703533834310542494e-04,-8.09764521277089186972913152284098e-04,-8.04316363967171513167179411849499e-04,-1.18911200935103436719831833831358e-03
6.68999999999999999999999999999995e+01,7.34781935214791767103841942163921e-04,-8.11105015697656697234657086958090e-04,-8.63234655593327264207679955726737e-04,-1.16753556143478396251772949010733e-03
6.69500000000000000000000000000000e+01,6.94203677088970486685703564407709e-04,-8.11941840952677190346251555267656e-04,-9.21061585903379959348665428026497e-04,-1.14546057579065786480025127238496e-03
6.69999999999999999999999999999999e+01,6.53596079674021006776047764840033e-04,-8.12279340159352426327802771501345e-04,-9.77772681398600436590056458326474e-04,-1.12290520791242068936978394717352e-03
6.70500000000000000000000000000001e+01,6.12983995256821561972052955256743e-04,-8.12122116737501068089777344024165e-04,-1.03334437930214116862172626120789e-03,-1.09988772915038486639016043363294e-03
6.70999999999999999999999999999987e+01,5.72392039555646374185819438058855e-04,-8.11475029117948901100213333186110e-04,-1.08775403304738835130640736573712e-03,-1.07642651454108930762406458076764e-03
6.71499999999999999999999999999998e+01,5.31844579104070376741699121603794e-04,-8.10343185347574272639630179238957e-04,-1.14097991715913024969439624269550e-03,-1.05254003069141109157731903448804e-03
6.71999999999999999999999999999998e+01,4.91365718907116605663464486168272e-04,-8.08731937595268010519333323051417e-04,-1.19300123153043404350658355628073e-03,-1.02824682372391688373265437909926e-03
6.72500000000000000000000000000002e+01,4.50979290374493650366039298556492e-04,-8.06646876563086022373923884994934e-04,-1.24379810509846119815035093255998e-03,-1.00356550729015822365609253889632e-03
6.73000000000000000000000000000002e+01,4.10708839535556230152458795097412e-04,-8.04093825806888947010975999202368e-04,-1.29335159892278396510605752819390e-03,-9.78514750658509157013926777801977e-04
6.73499999999999999999999999999986e+01,3.70577615540406897507856331496030e-04,-8.01078835970776645704769207704810e-04,-1.34164370867009283583202781198403e-03,-9.53113266883036061444470331352649e-04
6.73999999999999999999999999999996e+01,3.30608559451341201423234293857506e-04,-7.97608178939636002154985376855773e-04,-1.38865736650950648977153973175504e-03,-9.27379801059778005162090442488027e-04
6.74499999999999999999999999999998e+01,2.90824293328622510160242547721712e-04,-7.93688341914128464971705382911579e-04,-1.43437644242301184793462138755866e-03,-9.01333118676701681341887236819142e-04
6.75000000000000000000000000000000e+01,2.51247109614356228241611414358175e-04,-7.89326021412449037322902938254272e-04,-1.47878574493587213197882831379915e-03,-8.74991994063477975720942753602471e-04
6.75500000000000000000000000000002e+01,2.11898960818016481175585201462185e-04,-7.84528117203191017542808937298496e-04,-1.52187102127214520265174496605590e-03,-8.48375198947107646138983355900159e-04
6.75999999999999999999999999999987e+01,1.72801449506961616479299740947006e-04,-7.79301726173650746199247575865273e-04,-1.56361895694075278365924149396544e-03,-8.21501491119301518248327043189078e-04
6.76499999999999999999999999999999e+01,1.33975818605058212696303482582261e-04,-7.73654136137903944874858314492631e-04,-1.60401717475783334514366441905608e-03,-7.94389603221396129243982275067310e-04
6.76999999999999999999999999999999e+01,9.54429420023168297384825355757070e-05,-7.67592819588979966591220039182864e-04,-1.64305423331139730755896189754406e-03,-7.67058231652458979601929129631507e-04
6.77499999999999999999999999999998e+01,5.72233154782266030777407513521093e-05,-7.61125427399452445568002275647658e-04,-1.68071962487458271931053069413206e-03,-7.39526025606108580313059125088281e-04
6.78000000000000000000000000000003e+01,1.93370479412601086823747592849906e-05,-7.54259782474754464314940028040173e-04,-1.71700377277408255253367989463727e-03,-7.11811576241443409187914557079003e-04
6.78499999999999999999999999999987e+01,-1.81961470131951687524577311468791e-05,-7.47003873363513479607899103257329e-04,-1.75189802822058114823285716652388e-03,-6.83933405993340814025318069307791e-04
6.78999999999999999999999999999997e+01,-5.53569592244368202469954713925723e-05,-7.39365847829185897627852583594802e-04,-1.78539466660829702709468551699635e-03,-6.55909958027251922581138404646155e-04
6.79499999999999999999999999999999e+01,-9.21264897657505653873091440484147e-05,-7.31354006387253395559488227977228e-04,-1.81748688329098217301667775958009e-03,-6.27759585843481839326754013620692e-04
6.80000000000000000000000000000001e+01,-1.28486258419800599107062621045749e-04,-7.22976795812222886529156145626092e-04,-1.84816878884197390515819673050141e-03,-5.99500543035805927062914007663603e-04
6.80500000000000000000000000000001e+01,-1.64418210828702998239189673229376e-04,-7.14242802618649452311283293453951e-04,-1.87743540380613449852631274054716e-03,-5.71150973209132887732218109324803e-04
6.80999999999999999999999999999986e+01,-1.99904725317588306825507312853468e-04,-7.05160746520376660243889622369378e-04,-1.90528265295174571517147481841465e-03,-5.42728900060783771435556263494672e-04
6.81499999999999999999999999999995e+01,-2.34928619390668469313414588891950e-04,-6.95739473872161474824812389022248e-04,-1.93170735903065029540916936831309e-03,-5.14252217629813055831763657288495e-04
6.82000000000000000000000000000000e+01,-2.69473155899030913963081654928472e-04,-6.85987951097821509096815890867590e-04,-1.95670723605515016353050619721881e-03,-4.85738680718653649796598564204812e-04
6.82499999999999999999999999999999e+01,-3.03522048879588693051684465560317e-04,-6.75915258109010675753581675930603e-04,-1.98028088210038156263988098834056e-03,-4.57205895491222185272623456880817e-04
6.83000000000000000000000000000002e+01,-3.37059469064820051812324040561171e-04,-6.65530581718695433453266380835467e-04,-2.00242777164109049097062131695080e-03,-4.28671310251474369257174358420950e-04
6.83499999999999999999999999999987e+01,-3.70070049063133516553851884802300e-04,-6.54843209053367821583694975615455e-04,-2.02314824743192761466194686793581e-03,-4.00152206406252573160663131245525e-04
6.83999999999999999999999999999998e+01,-4.02538888209895458239557947280145e-04,-6.43862520967993379049298982655848e-04,-2.04244351194057023187174642939222e-03,-3.71665689616119338281833230361775e-04
6.84499999999999999999999999999998e+01,-4.34451557089355997263157287916018e-04,-6.32597985467651892770501346177176e-04,-2.06031561834315981752675424484642e-03,-3.43228681137721172444166057344346e-04
6.85000000000000000000000000000002e+01,-4.65794101727905966737404745302993e-04,-6.21059151139786763552765194105433e-04,-2.07676746109171714916823781916434e-03,-3.14857909361077002010597339011342e-04
6.85500000000000000000000000000002e+01,-4.96553047459292346014127041126967e-04,-6.09255640600934655637219380859567e-04,-2.09180276606336296932275021954799e-03,-2.86569901545035023117628396971380e-04
6.85999999999999999999999999999986e+01,-5.26715402462612016355803996857507e-04,-5.97197143961761057186043659765108e-04,-2.10542608030133055056404913798725e-03,-2.58380975753990563049709498618244e-04
6.86499999999999999999999999999996e+01,-5.56268660974093781947466964936596e-04,-5.84893412314179468503303608285193e-04,-2.11764276135790737271900687267983e-03,-2.30307232998806013591461252958215e-04
6.86999999999999999999999999999999e+01,-5.85200806173866249376311848106962e-04,-5.72354251244282199951632266578256e-04,-2.12845896624958637909465662744368e-03,-2.02364549584722028653729996030342e-04
6.87500000000000000000000000000000e+01,-6.13500312749094277284470449760902e-04,-5.59589514374759249954275258057206e-04,-2.13788164003484293652013204968024e-03,-1.74568569668897083446906459666127e-04
6.88000000000000000000000000000002e+01,-6.41156149135049207485682329092309e-04,-5.46609096940428493443908809186817e-04,-2.14591850402508167349046925150747e-03,-1.46934698030060266170590657342586e-04
6.88499999999999999999999999999987e+01,-6.68157779435857884225334422182326e-04,-5.33422929400445491488672391510870e-04,-2.15257804363941780754283984583762e-03,-1.19478093052609908974225592453565e-04
6.88999999999999999999999999999999e+01,-6.94495165026852476708173184391762e-04,-5.20040971090704682992250710553677e-04,-2.15786949591407039761043667752316e-03,-9.22136599273384553143341379398632e-05
6.89499999999999999999999999999999e+01,-7.20158765840617261254554821206089e-04,-5.06473203919885589239524183812142e-04,-2.16180283667725017450749210195611e-03,-6.51560440708118973624524540690596e-05
6.89999999999999999999999999999998e+01,-7.45139541338999715717576798726349e-04,-4.92729626112538002028808106305959e-04,-2.16438876740052222247785959307476e-03,-3.83196247652802904056093651730129e-05
6.90500000000000000000000000000003e+01,-7.69428951173521454873507176450984e-04,-4.78820246002538987023073264337861e-04,-2.16563870173771382097120982751219e-03,-1.17185090208443508144988138641791e-05
6.90999999999999999999999999999987e+01,-7.93018955536789618711913003363482e-04,-4.64755075880191966998375533750916e-04,-2.16556475176252022703015244248074e-03,1.46334743385479413404559619589671e-05
6.91499999999999999999999999999997e+01,-8.15902015207671245796141185313773e-04,-4.50544125896174206471243280088693e-04,-2.16417971391603610781236815290033e-03,4.07227803638513971453208454109461e-05
6.91999999999999999999999999999999e+01,-8.38071091293151853624382887221760e-04,-4.36197398025473751687046572748740e-04,-2.16149705467550774711066917663636e-03,6.65361534431469879199653847647951e-05
6.92500000000000000000000000000001e+01,-8.59519644669954842286140680164759e-04,-4.21724880094390340388653147713361e-04,-2.15753089595566108083170076673936e-03,9.20606325362145062318703897417284e-05
6.93000000000000000000000000000001e+01,-8.80241635129150374387024119616720e-04,-4.07136539873607036665891670287968e-04,-2.15229600025401310003566242806127e-03,1.17283556180479060002925243188778e-04
6.93499999999999999999999999999986e+01,-9.00231520227131003546229604759771e-04,-3.92442319240270420250762899685748e-04,-2.14580775555161923627155827468677e-03,1.42192567267503664183724160878081e-04
6.93999999999999999999999999999995e+01,-9.19484253846476468737679631850665e-04,-3.77652128411947119808427979165671e-04,-2.13808215998074705660912023317110e-03,1.66775617589346996370806084280273e-04
6.94500000000000000000000000000000e+01,-9.37995284470371687980590743034861e-04,-3.62775840255253379181481271540154e-04,-2.12913580627099699304506635247976e-03,1.91020972154251183272401463549185e-04
6.94999999999999999999999999999999e+01,-9.55760553174380020679683916588425e-04,-3.47823284671882237407150629472675e-04,-2.11898586598541396488657874212171e-03,2.14917213271269205509534199727412e-04
6.95500000000000000000000000000002e+01,-9.72776491339508274225000327873383e-04,-3.32804243064679840973210531171939e-04,-2.10765007355814967922142093679311e-03,2.38453244403585071703783783991991e-04
6.95999999999999999999999999999987e+01,-9.89040018090630660910195896164123e-04,-3.17728442886348443601773873980898e-04,-2.09514671014524417342702806195638e-03,2.61618293790422243425784007598513e-04
6.96499999999999999999999999999998e+01,-1.00454853746446592211068829109993e-03,-3.02605552273278838274937953107278e-04,-2.08149458730009685835475635531790e-03,2.84401917837576816109824246115541e-04
6.96999999999999999999999999999998e+01,-1.01929993531142508694485168251854e-03,-2.87445174766939361665029683101788e-04,-2.06671303048519199852980255788715e-03,3.06794004276751604735715411150828e-04
6.97500000000000000000000000000002e+01,-1.03329257593576678395874007946742e-03,-2.72256844125172265993486893072895e-04,-2.05082186243163129721056728437490e-03,3.28784775094005475730674398262957e-04
6.98000000000000000000000000000002e+01,-1.04652529847861264103162403421970e-03,-2.57050019225671220938845769643685e-04,-2.03384138635800711375336855408034e-03,3.50364789227768938506261852729881e-04
6.98499999999999999999999999999986e+01,-1.05899741304848705766382467497418e-03,-2.41834079063836041770927744890693e-04,-2.01579236906012390617193859500265e-03,3.71524945037012093263961148312025e-04
6.98999999999999999999999999999996e+01,-1.07070869660415348470596114771010e-03,-2.26618317847122492501346163853030e-04,-1.99669602388304284417099665091393e-03,3.92256482540284459739945174730004e-04
6.99499999999999999999999999999999e+01,-1.08165938859462327169677556579738e-03,-2.11411940187926237446378066487768e-04,-1.97657399358688526165528357161554e-03,4.12550985426477919618260496628087e-04
7.00000000000000000000000000000000e+01,-1.09185018636131311621434181692399e-03,-1.96224056396960763943352832423159e-04,-1.95544833311778480035398463046816e-03,4.32400382838293930289973552207308e-04
7.00500000000000000000000000000002e+01,-1.10128224030742315056381041475583e-03,-1.81063677879009425571987653774449e-04,-1.93334149229532582845419401055835e-03,4.51796950929524248028439499461362e-04
7.00999999999999999999999999999987e+01,-1.10995714883969970889517344407857e-03,-1.65939712632851711383587706439530e-04,-1.91027629842774709373438436820713e-03,4.70733314197380574750138114173980e-04
7.01499999999999999999999999999999e+01,-1.11787695308783481524507700272980e-03,-1.50860960857083484330589203409528e-04,-1.88627593886612468630190974557707e-03,4.89202446591232756326240767387613e-04
7.01999999999999999999999999999999e+01,-1.12504413140683840539795191347202e-03,-1.35836110663470303005471391395832e-04,-1.86136394350867734119650019326536e-03,5.07197672399237355637864595623775e-04
7.02499999999999999999999999999998e+01,-1.13146159366779923081032136779450e-03,-1.20873733899392096294257528422272e-04,-1.83556416726626000812282110396194e-03,5.24712666914458545726573348313796e-04
7.03000000000000000000000000000003e+01,-1.13713267534252628164336638175438e-03,-1.05982282080856451614233814390391e-04,-1.80890077250002855939843750915549e-03,5.41741456882201264758940855023280e-04
7.03499999999999999999999999999987e+01,-1.14206113138763440124773143725464e-03,-9.11700824374766546352735363948676e-05,-1.78139821144216960541923072220497e-03,5.58278420730392394171617625583417e-04
7.03999999999999999999999999999997e+01,-1.14625112993370554180568857618221e-03,-7.64453340707294319581165890899676e-05,-1.75308120861049474962403087065289e-03,5.74318288584959315170464639718817e-04
7.04499999999999999999999999999999e+01,-1.14970724578522082832163936668791e-03,-6.18161042267261478753649968444385e-05,-1.72397474322759835456612122902022e-03,5.89856142072266519422806201624096e-04
7.05000000000000000000000000000001e+01,-1.15243445373701825630006907236147e-03,-4.72903246846500413356331547004451e-05,-1.69410403165517212207283479002591e-03,6.04887413910779951835404505739151e-04
7.05500000000000000000000000000001e+01,-1.15443812171308645024892684058299e-03,-3.28757882619310083363568914372234e-05,-1.66349450985395863062473109429071e-03,6.19407887294235403122788621230954e-04
7.05999999999999999999999999999986e+01,-1.15572400373355646100993724807525e-03,-1.85801454371484864339032382804075e-05,-1.63217181587970954117712003379661e-03,6.33413695068691505660889313873169e-04
7.06499999999999999999999999999995e+01,-1.15629823271580108765836762128532e-03,-4.41090109157222958390231779233936e-06,-1.60016177242539259988591290806674e-03,6.46901318705949677966213686214006e-04
7.07000000000000000000000000000000e+01,-1.15616731311559468451714214184142e-03,9.62458862982977975502117338253408e-06,-1.56749036941976495574346371153608e-03,6.59867587075922672980858415376492e-04
7.07499999999999999999999999999999e+01,-1.15533811341432586821982191811429e-03,2.35191193371673018611542623256501e-05,-1.53418374669229879799107092041296e-03,6.72309675020630176986558546727330e-04
7.08000000000000000000000000000001e+01,-1.15381785845829098857169988007034e-03,3.72656412935186628111605381710935e-05,-1.50026817671430902912880428746929e-03,6.84225101732594145096894430954556e-04
7.08499999999999999999999999999987e+01,-1.15161412165612768731661933785051e-03,5.08572621913469807484043555510792e-05,-1.46577004742599175283509111870254e-03,6.95611728940498213440809216083017e-04
7.08999999999999999999999999999998e+01,-1.14873481704047536018601685843577e-03,6.42872498069315200500556942977186e-05,-1.43071584515893690215816897090419e-03,7.06467758905064566784261685182230e-04
7.09499999999999999999999999999998e+01,-1.14518819119997288136802262999847e-03,7.75490345323826178310998157409541e-05,-1.39513213766352849345071289302865e-03,7.16791732228188034748582501932489e-04
7.10000000000000000000000000000002e+01,-1.14098281508772356955075660995962e-03,9.06362117848868501471748969132516e-05,-1.35904555725049189857696946967812e-03,7.26582525478450913158522997345866e-04
7.10500000000000000000000000000002e+01,-1.13612757571237309687301881287497e-03,1.03542544292906788814699877366058e-04,-1.32248278405568931611177165539912e-03,7.35839348636223034449030217400093e-04
7.10999999999999999999999999999986e+01,-1.13063166771795789447408979516384e-03,1.16261964259136802147144597729238e-04,-1.28547052943710242695631511394253e-03,7.44561742361629919407778432480314e-04
7.11499999999999999999999999999996e+01,-1.12450458485868962096069959672701e-03,1.28788575400092833055822973821880e-04,-1.24803551951277517750677645717530e-03,7.52749575088747410628086742531569e-04
7.11999999999999999999999999999998e+01,-1.11775611137484546512527014664597e-03,1.41116654862289905599301369271812e-04,-1.21020447884831988173251306120550e-03,7.60403039949453996553877788983251e-04
7.12500000000000000000000000000000e+01,-1.11039631327593448577166663469551e-03,1.53240655015036226693150805435004e-04,-1.17200411430241651067505100817944e-03,7.67522651530442066430550953222199e-04
7.13000000000000000000000000000002e+01,-1.10243552953730688560394080634009e-03,1.65155205119947124622075996607474e-04,-1.13346109903855828321965216563116e-03,7.74109242466956575197475007010593e-04
7.13499999999999999999999999999987e+01,-1.09388436321636611079495660923561e-03,1.76855112877355662360827882578883e-04,-1.09460205671111662550599699000677e-03,7.80163959876894029573984157918686e-04
7.13999999999999999999999999999999e+01,-1.08475367249453300293299808760299e-03,1.88335365849869544475820295415160e-04,-1.05545354583361536866541771164763e-03,7.85688261638956320336963489835701e-04
7.14499999999999999999999999999999e+01,-1.07505456165109694723356659373120e-03,1.99591132763395865363126771767648e-04,-1.01604204433691784688381485506369e-03,7.90683912518612710920562105814517e-04
7.14999999999999999999999999999998e+01,-1.06479837197507110367628175560357e-03,2.10617764686026288461369746626574e-04,-9.76393934324841481738445733011377e-04,7.95152980145679240652661958147732e-04
7.15500000000000000000000000000003e+01,-1.05399667262114742130290149784929e-03,2.21410796085245366417562740995010e-04,-9.36535487034522636361500578210739e-04,7.99097830847377905640627964953377e-04
7.15999999999999999999999999999987e+01,-1.04266125141582226721170258587947e-03,2.31965945763993877427047220542938e-04,-8.96492848008660136544341540222417e-04,8.02521125340788236776180075249434e-04
7.16499999999999999999999999999997e+01,-1.03080410561973519938072930707021e-03,2.42279117676187230463029338295942e-04,-8.56292022486569027907461838692830e-04,8.05425814288651299560713809695630e-04
7.16999999999999999999999999999999e+01,-1.01843743265223172653249525322271e-03,2.52346401622356150116628690280484e-04,-8.15958861020777011321965322479002e-04,8.07815133722530693226721767129076e-04
7.17500000000000000000000000000001e+01,-1.00557362078412588056437565388394e-03,2.62164073826142959466996917032980e-04,-7.75519045325694715496061370793223e-04,8.09692600337376827454577377876735e-04
7.18000000000000000000000000000001e+01,-9.92225239804600130878543362391530e-04,2.71728597392451806907343289684140e-04,-7.34998074364687668583693370846434e-04,8.11062006661579606084011433903550e-04
7.18499999999999999999999999999986e+01,-9.78405031668138649990052169236717e-04,2.81036622648115101222318414307109e-04,-6.94421250681672662226941394098256e-04,8.11927416106630652526138534663350e-04
7.18999999999999999999999999999995e+01,-9.64125901127345252232232795324381e-04,2.90084987366001200450612888901058e-04,-6.53813666983154303765550094357241e-04,8.12293157900549376708917293519108e-04
7.19500000000000000000000000000000e+01,-9.49400906357449529751434950022569e-04,2.98870716873550017136831757031980e-04,-6.13200192976409067269723198036976e-04,8.12163821909257515614931901373774e-04
7.19999999999999999999999999999999e+01,-9.34243249578253861152578856690795e-04,3.07391024046783629406403370692977e-04,-5.72605462469314223004976873492852e-04,8.11544253350114287717844725635787e-04
7.20500000000000000000000000000001e+01,-9.18666267679220128266588339374794e-04,3.15643309190898198785343942669948e-04,-5.32053860737107788862352279633803e-04,8.10439547401848996438047764832031e-04
7.20999999999999999999999999999987e+01,-9.02683422853338206934835267515801e-04,3.23625159808601467709010250496685e-04,-4.91569512161153246558273264500388e-04,8.08855043715149811264963789617531e-04
7.21499999999999999999999999999998e+01,-8.86308293245358661000172812162699e-04,3.31334350257416819078618191387604e-04,-4.51176268144569339753570509335474e-04,8.06796320828186561157153708811978e-04
7.21999999999999999999999999999998e+01,-8.69554563619909628547357719408721e-04,3.38768841297230304876116860127367e-04,-4.10897695309370959663285811287104e-04,8.04269190491361708510424277381892e-04
7.22500000000000000000000000000002e+01,-8.52436016054952710619051370409288e-04,3.45926779529411169572470771979233e-04,-3.70757063979552064428139324246756e-04,8.01279691905597250187348225929922e-04
7.23000000000000000000000000000002e+01,-8.34966520665964820951927154925715e-04,3.52806496728889186690920028304943e-04,-3.30777336954325908817125152472469e-04,7.97834085878476133143250294935336e-04
7.23499999999999999999999999999986e+01,-8.17160026366162497519104245949774e-04,3.59406509070623574241316496681172e-04,-2.90981158575521717097917433652414e-04,7.93938848902564895857839246472699e-04
7.23999999999999999999999999999996e+01,-7.99030551668012180552326618803519e-04,3.65725516251948338648690241131474e-04,-2.51390844092920449490786719696809e-04,7.89600667160249674335933159177451e-04
7.24499999999999999999999999999998e+01,-7.80592175531194495855942134819418e-04,3.71762400512327600083244004750192e-04,-2.12028369331095625757546935325348e-04,7.84826430459420465549530382906864e-04
7.25000000000000000000000000000000e+01,-7.61859028262112716054501556992779e-04,3.77516225552101758585171230577657e-04,-1.72915360661108411245860317867035e-04,7.79623226104338645930503672948407e-04
7.25500000000000000000000000000002e+01,-7.42845282469955376160102467934462e-04,3.82986235351851254892070467617778e-04,-1.34073085280189472949121707761236e-04,7.73998332706020223333368538667278e-04
7.25999999999999999999999999999987e+01,-7.23565144084240564461544269190161e-04,3.88171852894049148245715074718212e-04,-9.55224418023236063852912937716053e-05,7.67959213936462184558474403053994e-04
7.26499999999999999999999999999999e+01,-7.04032843438684766865722618441164e-04,3.93072678788716762504308115498907e-04,-5.72839511624369475042739297379183e-05,7.61513512231031615158676123449936e-04
7.26999999999999999999999999999999e+01,-6.84262626426152384737019934405914e-04,3.97688489804838229439580860558856e-04,-1.93777478366708451253051102377208e-05,7.54669042443327043232012863392011e-04
7.27499999999999999999999999999998e+01,-6.64268745729353245841217072287813e-04,4.02019237309329872974109902417480e-04,1.81764286189886951948670697316282e-05,7.47433785456808724867820823036656e-04
7.28000000000000000000000000000003e+01,-6.44065452131864658599358213184451e-04,4.06065045615399020124601695793289e-04,5.53592417096715507962238738109159e-05,7.39815881757479377725816413371795e-04
7.28499999999999999999999999999987e+01,-6.23666985913961895371419368761700e-04,4.09826210242163984362439425402980e-04,9.21517658203332040165361359394968e-05,7.31823624971879213940843533731561e-04
7.28999999999999999999999999999997e+01,-6.03087568337646505232242642342530e-04,4.13303196087442636769607863811740e-04,1.28535493710585546597641998479396e-04,7.23465455374639058374597886668822e-04
7.29499999999999999999999999999999e+01,-5.82341393225165625371840735389727e-04,4.16496635515651152523080406071938e-04,1.64492343684232304336914402337837e-04,7.14749953369812898522840384466058e-04
7.30000000000000000000000000000001e+01,-5.61442618635217557884927491676490e-04,4.19407326362787188626446009852848e-04,2.00004666432303077432471534009784e-04,7.05685832950186434571958419667307e-04
7.30500000000000000000000000000001e+01,-5.40405358640939380635062761140074e-04,4.22036229860502908136645635201772e-04,2.35055251548589152914423752055984e-04,6.96281935138731119685640738701712e-04
7.30999999999999999999999999999986e+01,-5.19243675213671342652026183668541e-04,4.24384468481302912082806257718107e-04,2.69627333716891995862582957039965e-04,6.86547221416343840125221465102485e-04
7.31499999999999999999999999999995e+01,-4.97971570216390331904074414789807e-04,4.26453323706930269477223721100116e-04,3.03704598569401553664614865895352e-04,6.76490767139980821797912398155071e-04
7.32000000000000000000000000000000e+01,-4.76602977510600872181229642657963e-04,4.28244233722030445859581296677974e-04,3.37271188215826102249464686436054e-04,6.66121754955260604781814151800783e-04
7.32499999999999999999999999999999e+01,-4.55151755180366982230538396073538e-04,4.29758791035208020220950186616781e-04,3.70311706443098216969112829478099e-04,6.55449468207575041721767494276916e-04
7.33000000000000000000000000000001e+01,-4.33631677877061890248458978687720e-04,4.30998740029614648384694215987066e-04,4.02811223585682457621275413804818e-04,6.44483284355709292048601946365997e-04
7.33499999999999999999999999999987e+01,-4.12056429288305116412102332596022e-04,4.31965974445228778363359364689876e-04,4.34755281066709413168347163031984e-04,6.33232668391931744931080787829514e-04
7.33999999999999999999999999999998e+01,-3.90439594734447891330620295808772e-04,4.32662534795008151166663056050957e-04,4.66129895610357755355566277139255e-04,6.21707166272472753737417490551241e-04
7.34499999999999999999999999999998e+01,-3.68794653895858345043416236303134e-04,4.33090605717115131215317800714555e-04,4.96921563126100802226537016388701e-04,6.09916398362267048367302184192070e-04
7.35000000000000000000000000000002e+01,-3.47134973674147455272917704597041e-04,4.33252513265432407024886804982884e-04,5.27117262265626695298736936158078e-04,5.97870052897788754679902520767025e-04
7.35500000000000000000000000000002e+01,-3.25473801190365460668757040764402e-04,4.33150722140602589155668383341661e-04,5.56704457653431553013753399246125e-04,5.85577879471760138675715888751155e-04
7.35999999999999999999999999999986e+01,-3.03824256923086400148158181654954e-04,4.32787832863839713446520967427405e-04,5.85671102792272785466758741193403e-04,5.73049682543465554066351880877375e-04
7.36499999999999999999999999999996e+01,-2.82199327989185708269895254402742e-04,4.32166578895773638994264744395119e-04,6.14005642644855051162442843053092e-04,5.60295314978350653015643546898962e-04
7.36999999999999999999999999999998e+01,-2.60611861570002453694201811014201e-04,4.31289823702599818789651358331234e-04,6.41697015893304017852644157393551e-04,5.47324671620533769405567327330819e-04
7.37500000000000000000000000000000e+01,-2.39074558485463927646058174142190e-04,4.30160557771816923799641984006791e-04,6.68734656878163071023731659912197e-04,5.34147682901801550802108432372513e-04
7.38000000000000000000000000000002e+01,-2.17599966918635945990032113397469e-04,4.28781895579843326845000471014943e-04,6.95108497218825312414254396954874e-04,5.20774308490604448748263762935193e-04
7.38499999999999999999999999999987e+01,-1.96200476293047495683987430767976e-04,4.27157072513810509927519715435719e-04,7.20808967117487526632264851011215e-04,5.07214530984509626985506884019196e-04
7.38999999999999999999999999999999e+01,-1.74888311305023307175838645450756e-04,4.25289441749837057579160828010426e-04,7.45826996348884188590483253576429e-04,4.93478349649509264070657953077655e-04
7.39499999999999999999999999999999e+01,-1.53675526113142641398377387427072e-04,4.23182471090091049989995661696296e-04,7.70154014938227962699231004444545e-04,4.79575774209521161424268835914876e-04
7.39999999999999999999999999999998e+01,-1.32573998686827115506193342995971e-04,4.20839739760951384550470961372337e-04,7.93781953529948433715891237039137e-04,4.65516818689356071339060605924523e-04
7.40500000000000000000000000000003e+01,-1.11595425315944826899621378907722e-04,4.18264935174579845202531302273536e-04,8.16703243449982938580071046883123e-04,4.51311495314362283485079736671241e-04
7.40999999999999999999999999999987e+01,-9.07513152832024412792396210175752e-05,4.15461849656215618564248867571304e-04,8.38910816464532270788375681414781e-04,4.36969808469892804902439650258596e-04
7.41499999999999999999999999999997e+01,-7.00529857009813576916618608951258e-05,4.12434377139502437833847935962704e-04,8.60398104238349638808736605539186e-04,4.22501748723673989606406935576297e-04
7.41999999999999999999999999999999e+01,-4.95115565141586212832352216623394e-05,4.09186509832155634365466789124171e-04,8.81159037495783515247081977351368e-04,4.07917286914086772245525319054396e-04
7.42500000000000000000000000000001e+01,-2.91379456703379915565621625044603e-05,4.05722334854272107613232909816764e-04,9.01188044887943854135438265436778e-04,3.93226368307302788488167532649476e-04
7.43000000000000000000000000000001e+01,-8.94286445880155833854553908297812e-06,4.02046030851580602617434760862738e-04,9.20480051569506522628927182734308e-04,3.78438906826147675903295688764181e-04
7.43499999999999999999999999999986e+01,1.10631869806224033735533234028345e-05,3.98161864585922726778478622267203e-04,9.39030477488812636049338107385558e-04,3.63564779353492796150475078180868e-04
7.43999999999999999999999999999995e+01,3.08699239776939686486199683056287e-05,3.94074187505246861402819719317380e-04,9.56835235395057749723389890666244e-04,3.48613820112904555538023988094200e-04
7.44500000000000000000000000000000e+01,5.04672814799309906116294699476341e-05,3.89787432295387546115636074442993e-04,9.73890728566500498227224195231685e-04,3.33595815129207479781325184059276e-04
7.44999999999999999999999999999999e+01,6.98454180279592865505665176920305e-05,3.85306109415892054039926267044308e-04,9.90193848263751235926391516415965e-04,3.18520496771543273496313429288433e-04
7.45500000000000000000000000000001e+01,8.89947195573022355092134351243487e-05,3.80634803622143751562961781504505e-04,1.00574197091232847822488214166859e-03,3.03397538381433319029392416926623e-04
7.45999999999999999999999999999987e+01,1.07905803025980591343782405657049e-04,3.75778170476018468053139031689489e-04,1.02053295501879442951170965769698e-03,2.88236548988276496088145890766533e-04
7.46499999999999999999999999999998e+01,1.26569519867404766714667706279368e-04,3.70740932847295508122898870572741e-04,1.03456513782490057289427842175743e-03,2.73047068114637886698698655504678e-04
7.46999999999999999999999999999998e+01,1.44976959268152535159829658666925e-04,3.65527877408029142573687017753949e-04,1.04783733170429015257796769622081e-03,2.57838560673606922612843972148484e-04
7.47500000000000000000000000000002e+01,1.63119451270334970595394619415381e-04,3.60143851122069435153877125018146e-04,1.06034882030641636899935905002130e-03,2.42620411960425887662703188274124e-04
7.48000000000000000000000000000002e+01,1.80988569698362437724085155447355e-04,3.54593757731903122369018369088156e-04,1.07209935445244319901366898502799e-03,2.27401922740511458827276272525652e-04
7.48499999999999999999999999999986e+01,1.98576134910030505410566455417177e-04,3.48882554244965984958407063238683e-04,1.08308914778799992069448040408098e-03,2.12192304435913209890355371415015e-04
7.48999999999999999999999999999996e+01,2.15874216371952721731797590715371e-04,3.43015247421557754921220392887276e-04,1.09331887219776063938829179630285e-03,1.97000674412173763300986285664384e-04
7.49499999999999999999999999999998e+01,2.32875135059473208900030302564653e-04,3.36996890266469114225120308958775e-04,1.10278965298691635597328212911052e-03,1.81836051367475611745442312555962e-04
7.50000000000000000000000000000000e+01,2.49571465681296954521569080685781e-04,3.30832578526407784085221741465010e-04,1.11150306383469936981797099288149e-03,1.66707350825879593304686807645927e-04
7.50500000000000000000000000000002e+01,2.65956038729179439817996166687286e-04,3.24527447195287100907100182165151e-04,1.11946112152520805034632615480001e-03,1.51623380736379644927154340782962e-04
7.50999999999999999999999999999987e+01,2.82021942353119803827878269943168e-04,3.18086667029415850991623916470512e-04,1.12666628046086422761016312969095e-03,1.36592837179417830010623516156143e-04
7.51499999999999999999999999999999e+01,2.97762524062603044782653466875597e-04,3.11515441074602515632823951975070e-04,1.13312142696391563164383405234480e-03,1.21624300182422788541532097801083e-04
7.51999999999999999999999999999999e+01,3.13171392254536756612839425840071e-04,3.04819001207160486398546461354724e-04,1.13882987337147194298683416894158e-03,1.06726229645853743505271627367272e-04
7.52499999999999999999999999999998e+01,3.28242417568626541955820078448040e-04,2.98002604690773272609156640804622e-04,1.14379535192963509550504448477810e-03,9.19069613811510657868196656948741e-05
7.53000000000000000000000000000003e+01,3.42969734071031486450526359560744e-04,2.91071530751150265091343602949112e-04,1.14802200849235249294005048101100e-03,7.71747032619132017407198821512899e-05
7.53499999999999999999999999999987e+01,3.57347740267236877159854026157116e-04,2.84031077170374268260009991899873e-04,1.15151439603068576038718964694771e-03,6.25375314895385527929030320384012e-05
7.53999999999999999999999999999997e+01,3.71371099945175656612404218975643e-04,2.76886556902811792839096651139474e-04,1.15427746795824755154242527720657e-03,4.80033869744897141451113580809821e-05
7.54499999999999999999999999999999e+01,3.85034742849722880480082198366469e-04,2.69643294714426040710908865745096e-04,1.15631657127861477491435379994319e-03,3.35800718342563786923436697978135e-05
7.55000000000000000000000000000001e+01,3.98333865189778649924572463901440e-04,2.62306623847300638374402830964500e-04,1.15763743956057839254661447939079e-03,1.92752460090122409222484788998914e-05
7.55500000000000000000000000000001e+01,4.11263929979244579121537008136374e-04,2.54881882711149513420994145108116e-04,1.15824618574713769081455951512100e-03,5.09642399588044158688158523801564e-06
7.55999999999999999999999999999986e+01,4.23820667213286795736076056660797e-04,2.47374411603554886641845958406492e-04,1.15814929480419063459826326811619e-03,-8.94902829735847550116719800165343e-06
7.56499999999999999999999999999995e+01,4.36000073881364719878057933595978e-04,2.39789549460641198399798678438122e-04,1.15735361621491160598600389457554e-03,-2.28538965783624215075541932605970e-05
7.57000000000000000000000000000000e+01,4.47798413818589389394227233016790e-04,2.32132630639857929446513488991592e-04,1.15586635632584351133657023965897e-03,-3.66111210754537436188577734455457e-05
7.57499999999999999999999999999999e+01,4.59212217397057861728180526756163e-04,2.24408981736508741314816762956772e-04,1.15369507055076293301641128875064e-03,-5.02137993213812560263609686866194e-05
7.58000000000000000000000000000001e+01,4.70238281058891191869290013384199e-04,2.16623918435628177782451165779053e-04,1.15084765543840472367072203579278e-03,-6.36551888151034594307975946398966e-05
7.58499999999999999999999999999987e+01,4.80873666692782630391274733912686e-04,2.08782742400770364823954480764860e-04,1.14733234061015621294539047856718e-03,-7.69287095611568481574627524509831e-05
7.58999999999999999999999999999998e+01,4.91115700855939974933745537188118e-04,2.00890738201236750184178960637355e-04,1.14315768057385104279169933590803e-03,-9.00279464862514700366773970116604e-05
7.59499999999999999999999999999998e+01,5.00961973843381413803397062029521e-04,1.92953170279231963548405991507455e-04,1.13833254641980859364788467619561e-03,-1.02946651732813633231547260556401e-04
7.60000000000000000000000000000002e+01,5.10410338606617694181504556021665e-04,1.84975279958398382646898560121510e-04,1.13286611740527703780263852182458e-03,-1.15678746829272804323632571928325e-04
7.60500000000000000000000000000002e+01,5.19458909523825003658100579493868e-04,1.76962282495140987963444629527987e-04,1.12676787243344628808116389506182e-03,-1.28218324736966272091207645224884e-04
7.60999999999999999999999999999986e+01,5.28106061023682547831016013648931e-04,1.68919364174114607498237901488412e-04,1.12004758143320153166632464745888e-03,-1.40559651773611021198815231130660e-04
7.61499999999999999999999999999996e+01,5.36350426065116415294699797130423e-04,1.60851679449205721760912589927479e-04,1.11271529664578868438479740797106e-03,-1.52697169413367429913284630123694e-04
7.61999999999999999999999999999998e+01,5.44190894475256922709011273005763e-04,1.52764348131300646333235108901123e-04,1.10478134382456000611728426677455e-03,-1.64625495963593837227000820858885e-04
7.62500000000000000000000000000000e+01,5.51626611147980206415903116246043e-04,1.44662452624091163417122543752623e-04,1.09625631335396132101586689661448e-03,-1.76339428118464679480639291581096e-04
7.63000000000000000000000000000002e+01,5.58656974105466354318852497732355e-04,1.36551035209127563210252475203920e-04,1.08715105129391182668891361466483e-03,-1.87833942389697737646463228960175e-04
7.63499999999999999999999999999987e+01,5.65281632425265834933462091724275e-04,1.28435095381287609113324076735867e-04,1.07747665035571339603626946045552e-03,-1.99104196414708027620652905151246e-04
7.63999999999999999999999999999999e+01,5.71500484035423363552811022267230e-04,1.20319587235788185984963019497286e-04,1.06724444081560861736686990378776e-03,-2.10145530142576971803177964362254e-04
7.64499999999999999999999999999999e+01,5.77313673380263633656516579462256e-04,1.12209416907824356150973424978127e-04,1.05646598137208562793646356847931e-03,-2.20953466898295676416841873266210e-04
7.64999999999999999999999999999998e+01,5.82721588959496521745633755864876e-04,1.04109440065878261770225148774120e-04,1.04515304995300311993666334858795e-03,-2.31523714325810371822405235632757e-04
7.65500000000000000000000000000003e+01,5.87724860743350433827441202697913e-04,9.60244594596978024674454100389194e-05,1.03331763447858078473800540448029e-03,-2.41852165210466319813663411104468e-04
7.65999999999999999999999999999987e+01,5.92324357466491391322890727429173e-04,8.79592225239023117367024321541571e-05,1.02097192358626896094179721959286e-03,-2.51934898181513720726119486210605e-04
7.66499999999999999999999999999997e+01,5.96521183803532244133057169429421e-04,7.99184190381295822216176868789647e-05,1.00812829732347641619793021749528e-03,-2.61768178295405333288598057816912e-04
7.66999999999999999999999999999999e+01,6.00316677428981041269431429506710e-04,7.19066788445955761472349048905607e-05,9.94799317814097074988756327951078e-04,-2.71348457500680621543771422086743e-04
7.67500000000000000000000000000001e+01,6.03712405964520078489915319780014e-04,6.39285696238950302915580993111672e-05,9.80997719904735159326580748168896e-04,-2.80672374985295236857087907084674e-04
7.67999999999999999999999999999996e+01,6.06710163816547472815525260195818e-04,5.59885947298279521244066480340431e-05,9.66736401796483692654802493110239e-04,-2.89736757407317500969448890726534e-04
7.68499999999999999999999999999986e+01,6.09311968906951282013649164054525e-04,4.80911910839937320800242300056091e-05,9.52028415668063686649563445169533e-04,-2.98538619009975251129932269743455e-04
7.68999999999999999999999999999995e+01,6.11520059300122190846871051787323e-04,4.02407271308512931163632440814342e-05,9.36886958296080644890046902997609e-04,-3.07075161622096914438148786313900e-04
7.69500000000000000000000000000000e+01,6.13336889729244624158057639965070e-04,3.24415008539003892586054058771043e-05,9.21325361678101336583787410603535e-04,-3.15343774545049970469699347988071e-04
7.69999999999999999999999999999999e+01,6.14765128024937820068050584217435e-04,2.46977378535958759858979031202125e-05,9.05357083664197179014691941195409e-04,-3.23342034327338014867819732576820e-04
7.70499999999999999999999999999994e+01,6.15807651449347906383741590662484e-04,1.70135894875635330918123699827465e-05,8.88995698602541081626815271709402e-04,-3.31067704428074428656912517114489e-04
7.70999999999999999999999999999987e+01,6.16467542938819372726098461589291e-04,9.39313107364285074553187978781933e-06,8.72254888004582311302653496071672e-04,-3.38518734770606166353231490027890e-04
7.71499999999999999999999999999998e+01,6.16748087258299524142943729540262e-04,1.84036015623911732575371719924647e-06,8.55148431235258902163243785706777e-04,-3.45693261187615379289097856712309e-04
7.71999999999999999999999999999998e+01,6.16652767070652544586678480269240e-04,-5.64080516357580168764618363005247e-06,8.37690196233639419867543979147714e-04,-3.52589604759079468698231183444076e-04
7.72500000000000000000000000000002e+01,6.16185258924080697377531815594406e-04,-1.30465278338174060946125807126793e-05,8.19894130269315566665937578971277e-04,-3.59206271044521696796227700125754e-04
7.72999999999999999999999999999992e+01,6.15349429160868952635155462636009e-04,-2.03730533928432664277641310525943e-05,8.01774250739794247049575965628923e-04,-3.65541949211034655095728745567887e-04
7.73499999999999999999999999999986e+01,6.14149329750685967857641863134033e-04,-2.76167114457969674629203084541563e-05,7.83344636014062373302749368411720e-04,-3.71595511058607680284283803122065e-04
7.73999999999999999999999999999996e+01,6.12589194051688867767530491099184e-04,-3.47739170759719778933279129298250e-05,7.64619416327419945015475793599748e-04,-3.77366009944336702929093137172254e-04
7.74499999999999999999999999999998e+01,6.10673432502691684819494651027404e-04,-4.18411721908681039052556759182275e-05,7.45612764732596856840651272110658e-04,-3.82852679607140997822544817012978e-04
7.75000000000000000000000000000000e+01,6.08406628249667645126412851198867e-04,-4.88150668027548874863988531246878e-05,7.26338888112086545413743034192879e-04,-3.88054932894655862712212175438700e-04
7.75499999999999999999999999999994e+01,6.05793532709863729904596046448585e-04,-5.56922802435977241883241287663584e-05,7.06812018256545051009137107381927e-04,-3.92972360394013371234842372711980e-04
7.75999999999999999999999999999987e+01,6.02839061076812124883751879863523e-04,-6.24695823142435774770877021309426e-05,6.87046403014017414438617898791676e-04,-3.97604728968265013859938877070363e-04
7.76499999999999999999999999999999e+01,5.99548287769527305595118662333165e-04,-6.91438343678039358721802038493652e-05,6.67056297514664627743693663245849e-04,-4.01951980200240246304711157825814e-04
7.76999999999999999999999999999999e+01,5.95926441829179612247625720606910e-04,-7.57119903272130733353534303420909e-05,6.46855955475573681771389477213026e-04,-4.06014228745673697961334339145834e-04
7.77499999999999999999999999999998e+01,5.91978902266536262294855120989214e-04,-8.21710976369797117912000351701841e-05,6.26459620590140678617107701666776e-04,-4.09791760597471044122179530260462e-04
7.77999999999999999999999999999993e+01,5.87711193363458851094024709137421e-04,-8.85182981491898266340664437964836e-05,6.05881518006422576470815753446536e-04,-4.13285031263019306927213204579972e-04
7.78499999999999999999999999999987e+01,5.83128979931742521590618995846808e-04,-9.47508289438575614327318380996465e-05,5.85135845898756983305808466097962e-04,-4.16494663856481613699628242292770e-04
7.78999999999999999999999999999997e+01,5.78238062532576164054386156420421e-04,-1.00866023083760007063287890222539e-04,5.64236767136851589134350735619423e-04,-4.19421447108049201366666286366891e-04
7.79499999999999999999999999999999e+01,5.73044372659895258844703063273727e-04,-1.06861310303929933913702293487213e-04,5.43198401056445399544803282030902e-04,-4.22066333292154706638847838061276e-04
7.80000000000000000000000000000001e+01,5.67553967890889322248197649866668e-04,-1.12734217636018424803720808601996e-04,5.22034815335542981496581989777348e-04,-4.24430436076680519163278584595923e-04
7.80499999999999999999999999999996e+01,5.61773027006914381790091965162681e-04,-1.18482369967776722512252570046823e-04,5.00760017980120531643693532091982e-04,-4.26515028295224195554055092462573e-04
7.80999999999999999999999999999986e+01,5.55707845088047518159172028445208e-04,-1.24103490537943461437093879615681e-04,4.79387949423098803693086391452422e-04,-4.28321539644509633564476703341247e-04
7.81499999999999999999999999999995e+01,5.49364828584505291971990324806271e-04,-1.29595401366859780545623897691195e-04,4.57932474740272860489035385177204e-04,-4.29851554309057886174270029576695e-04
7.82000000000000000000000000000000e+01,5.42750490368130851859262168924244e-04,-1.34956023623170597513630966224277e-04,4.36407375986782324710585522525217e-04,-4.31106808515255154427739202424814e-04
7.82499999999999999999999999999999e+01,5.35871444767135723443355804138245e-04,-1.40183377927005545388748198706589e-04,4.14826344657598365343500136241449e-04,-4.32089188016977635809321964398719e-04
7.82999999999999999999999999999994e+01,5.28734402587261735155005031043852e-04,-1.45275584590067717348691491592585e-04,3.93202974275395151469320934901788e-04,-4.32800725514953523032253325967240e-04
7.83499999999999999999999999999987e+01,5.21346166122506275757378918771025e-04,-1.50230863793092416748588531382406e-04,3.71550753109064006344916295721339e-04,-4.33243598012061548502263628541679e-04
7.83999999999999999999999999999998e+01,5.13713624158530129911458945584713e-04,-1.55047535701171553769019351827833e-04,3.49883057026018079038732851282579e-04,-4.33420124106783055457325523957772e-04
7.84499999999999999999999999999998e+01,5.05843746971841532865431348725345e-04,-1.59724020517472152200815863592767e-04,3.28213142481324093682324932538993e-04,-4.33332761227040651819293525556721e-04
7.85000000000000000000000000000002e+01,4.97743581327822854826085351758860e-04,-1.64258838475909616362834841613706e-04,3.06554139646585713105974425521874e-04,-4.32984102806671071942823147818124e-04
7.85499999999999999999999999999992e+01,4.89420245480637501896225601065144e-04,-1.68650609773367945491694807625986e-04,2.84919045681390339411072131165525e-04,-4.32376875406792940394929830730426e-04
7.85999999999999999999999999999986e+01,4.80880924178024236417704552088208e-04,-1.72898054442089958336033938289073e-04,2.63320718150017843739592461953110e-04,-4.31513935784341707181644426587328e-04
7.86499999999999999999999999999996e+01,4.72132863673954208552202615317367e-04,-1.76999992162890791824443173915547e-04,2.41771868585995845634731211628065e-04,-4.30398267910054112833945882608318e-04
7.86999999999999999999999999999999e+01,4.63183366752092586970911118853093e-04,-1.80955342019877452774554565982651e-04,2.20285056206971823059231279073861e-04,-4.29032979938193152679257763323008e-04
7.87500000000000000000000000000000e+01,4.54039787762971814195245841555392e-04,-1.84763122197386019418036352316010e-04,1.98872681782257601031008221256102e-04,-4.27421301130311651478349820962476e-04
7.87999999999999999999999999999994e+01,4.44709527677747226568466726442697e-04,-1.88422449619876199309918196155452e-04,1.77546981655286713160161107237726e-04,-4.25566578735358242223558645275030e-04
7.88499999999999999999999999999987e+01,4.35200029161368105700273674357729e-04,-1.91932539535550341779817978250686e-04,1.56320021923109828827149260331245e-04,-4.23472274828433776884240185692891e-04
7.88999999999999999999999999999999e+01,4.25518771667958203666993281059742e-04,-1.95292705044490666809009091913524e-04,1.35203692774937961478679146688192e-04,-4.21141963110508993635026547689592e-04
7.89499999999999999999999999999999e+01,4.15673266561159444892351556997516e-04,-1.98502356572134398955981173008907e-04,1.14209702991627592097177948252371e-04,-4.18579325671415636757497705502357e-04
7.89999999999999999999999999999998e+01,4.05671052262150890544427736648244e-04,-2.01561001288931676113103135070036e-04,9.33495746078862272571505129866873e-05,-4.15788149718423184857330230844240e-04
7.90499999999999999999999999999993e+01,3.95519689428012193945797800772889e-04,-2.04468242477055530400918373037470e-04,7.26346377388613335898701855929668e-05,-4.12772324272711903908225378150278e-04
7.90999999999999999999999999999987e+01,3.85226756163056715778219636777049e-04,-2.07223778845056904870773995280706e-04,5.20760255726601195103773627932775e-05,-4.09535836836050118257390913893183e-04
7.91499999999999999999999999999997e+01,3.74799843265714244005459122807096e-04,-2.09827403791380567900172741168042e-04,3.16846695302323395569129080770129e-05,-4.06082770029979400141006288276084e-04
7.91999999999999999999999999999999e+01,3.64246549513496914009212393416689e-04,-2.12279004617679910769777647182142e-04,1.14712945939332447230010569905317e-05,-4.02417298209805832181566261808353e-04
7.92500000000000000000000000000001e+01,3.53574476988534488314404243711624e-04,-2.14578561692889956978596261715725e-04,-8.55358519403093900601626235564775e-06,-3.98543684055688614159483065079723e-04
7.92999999999999999999999999999996e+01,3.42791226446116671635445521941859e-04,-2.16726147569038468986060328188691e-04,-2.83796710621869856352492841953636e-05,-3.94466275143109082107280003250140e-04
7.93499999999999999999999999999986e+01,3.31904392728630645225049942763646e-04,-2.18721926049794804395541552558790e-04,-4.79968836684340005222955848318455e-05,-3.90189500494993702139238377840294e-04
7.93999999999999999999999999999995e+01,3.20921560227231544303083289319471e-04,-2.20566151212775144767721953197485e-04,-6.73953670858774246555309995876891e-05,-3.85717867117753811693428997557397e-04
7.94500000000000000000000000000000e+01,3.09850298393532213539980274967022e-04,-2.22259166386640892451531298992416e-04,-8.65654926151098708633159994087601e-05,-3.81055956523492825918473907994407e-04
7.94999999999999999999999999999999e+01,2.98698157303546298200965343991288e-04,-2.23801403084044400742660446165199e-04,-1.05497862422303159473656051050333e-04,-3.76208421240618326259572471937236e-04
7.95499999999999999999999999999994e+01,2.87472663276065602809279385217666e-04,-2.25193379891492767539756733309225e-04,-1.24183313002587433687512230686549e-04,-3.71179981315081921928939512140126e-04
7.95999999999999999999999999999987e+01,2.76181314547598715370868300775182e-04,-2.26435701317216180195022707066952e-04,-1.42612918468303991139336846333545e-04,-3.65975420804454043475136621416758e-04
7.96499999999999999999999999999998e+01,2.64831577005943193732345106525983e-04,-2.27529056598142247688133189561121e-04,-1.60777993661828408066311504418947e-04,-3.60599584267023912215028823284996e-04
7.96999999999999999999999999999998e+01,2.53430879984408182006676006062172e-04,-2.28474218467091894335714864213528e-04,-1.78670097092769597532955517063536e-04,-3.55057373248096851495477464777080e-04
7.97500000000000000000000000000002e+01,2.41986612118648209735288749610362e-04,-2.29272041881325716231032282298972e-04,-1.96281033699458575694174922495230e-04,-3.49353742765641887738579323011204e-04
7.97999999999999999999999999999992e+01,2.30506117268012165124618987927144e-04,-2.29923462713582217235926018861669e-04,-2.13602857434747853679817116380574e-04,-3.43493697797422253600301921111308e-04
7.98499999999999999999999999999986e+01,2.18996690503254066863307177712528e-04,-2.30429496406761045858739533217272e-04,-2.30627873676248472041605009206133e-04,-3.37482289771719975402325399969760e-04
7.98999999999999999999999999999996e+01,2.07465574162394327232947861839847e-04,-2.30791236593415248475698508299680e-04,-2.47348641461236695677480059880422e-04,-3.31324613063743225785549937841125e-04
7.99499999999999999999999999999999e+01,1.95919953976461742961595399236941e-04,-2.31009853681226639300034658093236e-04,-2.63757975546566236783276567478212e-04,-3.25025801499781574207561303553958e-04
8.00000000000000000000000000000000e+01,1.84366955266787509953741409383142e-04,-2.31086593405647664962070826961153e-04,-2.79848948294024519928153356243943e-04,-3.18591024871149696795053750059688e-04
8.00499999999999999999999999999990e+01,1.72813639215463173985513731865436e-04,-2.31022775350901613695808798748311e-04,-2.95614891381672896285373376496447e-04,-3.12025485459934537880065865445009e-04
8.00999999999999999999999999999987e+01,1.61266999210514641881967495243063e-04,-2.30819791440540688561041114176176e-04,-3.11049397341810804095836683421646e-04,-3.05334414578534373376100317757928e-04
8.01499999999999999999999999999999e+01,1.49733957267284226654185841149061e-04,-2.30479104398768333952770294880581e-04,-3.26146320926302611582996975658351e-04,-2.98523069124950736414216027409145e-04
8.01999999999999999999999999999999e+01,1.38221360527452225461335899222796e-04,-2.30002246183738278403960549349896e-04,-3.40899780300103220038848517220213e-04,-2.91596728155765754115950623337640e-04
8.02499999999999999999999999999998e+01,1.26735977837068770782363216430233e-04,-2.29390816394048038363121024743716e-04,-3.55304158063914403221600566442190e-04,-2.84560689478708137095160994591713e-04
8.02999999999999999999999999999998e+01,1.15284496404905692328646449980297e-04,-2.28646480649649121655510967175699e-04,-3.69354102106998270417140858357095e-04,-2.77420266266680886611275166118336e-04
8.03499999999999999999999999999987e+01,1.03873518542376919265258844745827e-04,-2.27770968948399880580357915353992e-04,-3.83044526291267121713828943125811e-04,-2.70180783695092764871001304824151e-04
8.03999999999999999999999999999997e+01,9.25095584862145782431544786474125e-05,-2.26766073999489898347668621306127e-04,-3.96370610967860273756819645724592e-04,-2.62847575604303738676734707444174e-04
8.04499999999999999999999999999999e+01,8.11990393050264413111943375019730e-05,-2.25633649534966954527742667395689e-04,-4.09327803327508132367334995935816e-04,-2.55425981188961982565053765730309e-04
8.04999999999999999999999999999996e+01,6.99482898907987874131598854177050e-05,-2.24375608600599011497106141194149e-04,-4.21911817586071836178765110572086e-04,-2.47921341715976642101262844091942e-04
8.05499999999999999999999999999996e+01,5.87635420363471000022028685545329e-05,-2.22993921827304301043312996841661e-04,-4.34118635006733155471558869330916e-04,-2.40338997272836438626915209002369e-04
8.05999999999999999999999999999986e+01,4.76509275996553691086854362502896e-05,-2.21490615684382475261429047648683e-04,-4.45944503760393966680038960485753e-04,-2.32684283547949371206594319239365e-04
8.06499999999999999999999999999995e+01,3.66164757559831364062890279489273e-05,-2.19867770715778925948994179911563e-04,-4.57385938625927500983605063415551e-04,-2.24962528644643267658389723383556e-04
8.07000000000000000000000000000000e+01,2.56661103385578534896878984884902e-05,-2.18127519760612779576126474448285e-04,-4.68439720532004651766486078011391e-04,-2.17179049930430782391990206454461e-04
8.07500000000000000000000000000004e+01,1.48056472686086533651193657458025e-05,-2.16272046159196748637443678745426e-04,-4.79102895942297888722275630402977e-04,-2.09339150923105662455403324038031e-04
8.07999999999999999999999999999994e+01,4.04079207543629931062710576784819e-06,-2.14303581945773973210410425697624e-04,-4.89372776085942735589470492630384e-04,-2.01448118215199732947809199951735e-04
8.08499999999999999999999999999984e+01,-6.62286249284709039690279570761327e-06,-2.12224406029193227633273364897787e-04,-4.99246936035212294944016585925194e-04,-1.93511218438292117121216149603354e-04
8.08999999999999999999999999999998e+01,-1.71798387673359034958861723883954e-05,-2.10036842362739405503811467212080e-04,-5.08723213632433919574612783188424e-04,-1.85533695268623733466109074638374e-04
8.09500000000000000000000000000002e+01,-2.76247763645945617491181914234182e-05,-2.07743258104331041153929985611254e-04,-5.17799708268248809577688874989914e-04,-1.77520766475431130306474036849707e-04
8.10000000000000000000000000000002e+01,-3.79524343007152419648112614335707e-05,-2.05346061768290787169247577966705e-04,-5.26474779513385032706456853407566e-04,-1.69477621013374256401641221064327e-04
8.10499999999999999999999999999992e+01,-4.81576930127784520019482292361028e-05,-2.02847701369888255511121783126575e-04,-5.34747045606182199391821012062999e-04,-1.61409416160392852266842039650321e-04
8.10999999999999999999999999999991e+01,-5.82355562873849174677265422301083e-05,-2.00250662563847454784961083324533e-04,-5.42615381798171751346880876077224e-04,-1.53321274702285809880682418742541e-04
8.11499999999999999999999999999996e+01,-6.81811530959866534471794972781502e-05,-1.97557466778003228907900252100110e-04,-5.50078918560080523320516905176828e-04,-1.45218282165267116627047596523462e-04
8.12000000000000000000000000000000e+01,-7.79897393368041067946170270652587e-05,-1.94770669343282633877088043791984e-04,-5.57137039650686892351601767727635e-04,-1.37105484097710901167068224683600e-04
8.12500000000000000000000000000000e+01,-8.76566994831748264815808626500644e-05,-1.91892857621178090825000464131269e-04,-5.63789380051018420187272972395719e-04,-1.28987883402256662847256544075388e-04
8.12999999999999999999999999999990e+01,-9.71775481382372210265594021725556e-05,-1.88926649129869436640775954251286e-04,-5.70035823766437406178003385525846e-04,-1.20870437719404020547420742689570e-04
8.13499999999999999999999999999987e+01,-1.06547931495910562502888794417173e-04,-1.85874689670141669969753878625309e-04,-5.75876501499216185174648581560690e-04,-1.12758056863684289795759193991100e-04
8.13999999999999999999999999999999e+01,-1.15763628708189466006237553594624e-04,-1.82739651452234272463434259754547e-04,-5.81311788194257314363457704633769e-04,-1.04655600313453916666251917230823e-04
8.14499999999999999999999999999999e+01,-1.24820553158827582345427578964355e-04,-1.79524231224746485068531423571718e-04,-5.86342300460664982623436517815721e-04,-9.65678747553122914450399484644384e-05
8.14999999999999999999999999999998e+01,-1.33714753643541161306037054384953e-04,-1.76231148406710849479748252521829e-04,-5.90968893871923035313400783104497e-04,-8.84996316841037621943375086747448e-05
8.15499999999999999999999999999998e+01,-1.42442415456918444964999478544444e-04,-1.72863143223934698423097115437262e-04,-5.95192660147481927221166197930060e-04,-8.04555650594207958918802996903593e-05
8.15999999999999999999999999999987e+01,-1.50999861386275507690720135093244e-04,-1.69422974850696108185559087011822e-04,-5.99014924218601688945017225373843e-04,-7.24403090194822203538526369810940e-05
8.16499999999999999999999999999997e+01,-1.59383552612753144786702500196498e-04,-1.65913419557867125966976221759762e-04,-6.02437241181340610812528096079502e-04,-6.44584356532173510529867241189405e-05
8.16999999999999999999999999999999e+01,-1.67590089520002699032045817359925e-04,-1.62337268868522866599582460426541e-04,-6.05461393139619808523489679625122e-04,-5.65144528313435904200273885604139e-05
8.17499999999999999999999999999996e+01,-1.75616212410861278118727992990321e-04,-1.58697327722080351541692401289137e-04,-6.08089385941332132336422985215381e-04,-4.86128020971818102559660294934964e-05
8.17999999999999999999999999999996e+01,-1.83458802132468631346111545355393e-04,-1.54996412647995751560915227102977e-04,-6.10323445810500014450205487260735e-04,-4.07578566179105172510339158697913e-05
8.18499999999999999999999999999986e+01,-1.91114880610328996762337750317053e-04,-1.51237349950033007098913672271214e-04,-6.12166015878520816244429521263912e-04,-3.29539191969164838337321111920790e-05
8.18999999999999999999999999999995e+01,-1.98581611291871476794832162081481e-04,-1.47422973902100651028193001365987e-04,-6.13619752617570038535227032931383e-04,-2.52052203478562279373807868824181e-05
8.19500000000000000000000000000000e+01,-2.05856299500111928550000677163149e-04,-1.43556124956637061589630737113179e-04,-6.14687522179262395585757885204567e-04,-1.75159164309994717864229398135206e-05
8.20000000000000000000000000000004e+01,-2.12936392698067942361604370042207e-04,-1.39639647966507343089344313522871e-04,-6.15372396641698230184486670636819e-04,-9.89008785238252720586372213753133e-06
8.20499999999999999999999999999994e+01,-2.19819480664626207525254537244237e-04,-1.35676390421357582910919425062845e-04,-6.15677650168048066851460786186761e-04,-2.33173732625646868993565194643140e-06
8.20999999999999999999999999999984e+01,-2.26503295582608406896643796554480e-04,-1.31669200699354380153891285140640e-04,-6.15606755079851268599473860249111e-04,5.15521179872800932775435005390271e-06
8.21499999999999999999999999999998e+01,-2.32985712039827722309340775411392e-04,-1.27620926335219298435689724640031e-04,-6.15163377848225786358932798527626e-04,1.25669171491999730543914485428721e-05
8.22000000000000000000000000000002e+01,-2.39264746943973051477137547893440e-04,-1.23534412305449277880240333821664e-04,-6.14351375006204877101299682495521e-04,1.98996188722554375157203221411702e-05
8.22500000000000000000000000000002e+01,-2.45338559352202115820523640596909e-04,-1.19412499331595063934624173594786e-04,-6.13174788985433426011513522354213e-04,2.71496411158383848160771002062136e-05
8.22999999999999999999999999999992e+01,-2.51205450216367759876873851249295e-04,-1.15258022202450388352746872039888e-04,-6.11637843880471150109433407697508e-04,3.43133934440438689356241646117034e-05
8.23499999999999999999999999999991e+01,-2.56863862044843889748400531355381e-04,-1.11073808115984985473744082732195e-04,-6.09744941143962497030160178545140e-04,4.13873721871134552755156862801790e-05
8.23999999999999999999999999999996e+01,-2.62312378481958654291867230842200e-04,-1.06862675041834559869818556289259e-04,-6.07500655215943495932269841785551e-04,4.83681617259349696279489391916838e-05
8.24500000000000000000000000000000e+01,-2.67549723806082623095046466890680e-04,-1.02627430105140554655756536150770e-04,-6.04909729090564181544939144132742e-04,5.52524357108999697323280284150117e-05
8.25000000000000000000000000000000e+01,-2.72574762347458845109042138736917e-04,-9.83708679925120183887466105449337e-05,-6.01977069823511512147914900758803e-04,6.20369582150134807814187898230771e-05
8.25499999999999999999999999999990e+01,-2.77386497826899767263108805614665e-04,-9.40957693808610477168974559351966e-05,-5.98707743983421953865488497290095e-04,6.87185848211913322651828987248193e-05
8.25999999999999999999999999999987e+01,-2.81984072616513040388898084209375e-04,-8.98048993898422079494982308105722e-05,-5.95106973050575124194903978718496e-04,7.52942636437208758995369991513713e-05
8.26499999999999999999999999999999e+01,-2.86366766923654227993360434116589e-04,-8.55010060586050197206097641158878e-05,-5.91180128766160095392556752576420e-04,8.17610362839009320180297321289043e-05
8.26999999999999999999999999999999e+01,-2.90533997899339350272988690279710e-04,-8.11868188475470620973172605650216e-05,-5.86932728435404172462059269421868e-04,8.81160387199164840713492891693610e-05
8.27480157165012990802909560585344e+01,-2.94332626628910502185057032566713e-04,-7.70366705187483659789403310433110e-05,-5.82557417026100307888822278450091e-04,9.41110614826775770722370003158408e-05
