217 24
0.0 0.0 0.0
0.0020350091780843817880326548544732469745026677294303 0.0 0.0
0.0067893102912442535233591368600794662455828449524537 0.0 0.0
0.014169538210896236946141677710525574725517121812192 0.0 0.0
0.024053922360780570412697789971375317314322063998031 0.0 0.0
0.036280056793213869933468674628542107086756162321327 0.0 0.0
0.050647158530810938873272427701770408123228544332469 0.0 0.0
0.066919308786667788650396500469822307005636603647218 0.0 0.0
0.084829314196853602896840012905199473155908588739771 0.0 0.0
0.10408309035679546112854756462321366121894728225205 0.0 0.0
0.12436448930518723663668551971878741168934680027341 0.0 0.0
0.14534049008614883788183589581755756718407644605307 0.0 0.0
0.16666666666666666666666666666666666666666666666667 0.0 0.0
0.18799284324718449545149743751577576614925688728027 0.0 0.0
0.20896884402814609669664781361454592164398653305992 0.0 0.0
0.22925024297653787220478576871011967211438605108129 0.0 0.0
0.24850401913647973043649332042813386017742474459356 0.0 0.0
0.26641402454666554468293683286351102632769672968612 0.0 0.0
0.28268617480252239446006090563156292521010478900086 0.0 0.0
0.29705327654011946339986465870479122624657717101201 0.0 0.0
0.30927941097255276292063554336195801601901126933530 0.0 0.0
0.31916379512243709638719165562280775860781621152114 0.0 0.0
0.32654402304208907980997419647325386708775048838088 0.0 0.0
0.33129832415524895154530067847886008635883066560390 0.0 0.0
0.33333333333333333333333333333333333333333333333333 0.0 0.0
0.33465608929908818149555455898874094386676006735746 0.0 1.2616380597310944558643524704235253985174764454066e-109
0.33774638502264209812351677229238498639296218255243 0.0 5.4791562639927382199759203930360324308607490924220e-33
0.34254353317041588734832542384517495690491946251126 0.0 6.6714616806930011842511903894095030098014847470965e-16
0.34896838286784070410158689681472728958764267493205 0.0 0.0000000019167023577773659874663260443197083743183847947001
0.35691537024892234879008797184188570293972483884220 0.0 0.0000025238575955488903625421938207845043176564633937143
0.36625398637836044360096041133948409861343188714944 0.0 0.00013886303656650446371821723917323503573130012809557
0.37683088404466739595609105863871783288699712570403 0.0 0.0016249027331024723931280676082749063626772948712730
0.38847238756128817521627934172171299088467391601418 0.0 0.0081713201865327562902462088737535308619375238320738
0.40098734206525038306688925033842221312564906679716 0.0 0.024922286785758994808784509645722786722797037348163
0.41417025138170503714717892115054515093140875351105 0.0 0.055462116860334280431693781003714255463784105514602
0.42780465188933007795652666561474575200298302326783 0.0 0.10016838524323244149584331648414691867890848324795
0.44166666666666666666666666666666666666666666666667 0.0 0.15664352743853190402179986470552606889958943094832
0.45552868144400325537680666771858758133035031006551 0.0 0.22102661847442798587567008958950659209821405956208
0.46916308195162829618615441218278818240192457982228 0.0 0.28917311172275099680817261954317436533996129390279
0.48234599126808295026644408299491112020768426653617 0.0 0.35737169372738571511913300597763764361833989992787
0.49486094577204515811705399161162034244865941731915 0.0 0.42265090664632897763673397385122896808936232660437
0.50650244928866593737724227469461550044633620762931 0.0 0.48282713921896107056507378903207771175837435712168
0.51707934695497288973237292199384923471990144618390 0.0 0.53642233624599244531923200138976272161302025145757
0.52641796308441098454324536149144763039360849449114 0.0 0.58253146770718057854063194617098245993133279313925
0.53436495046549262923174643651860604374569065840128 0.0 0.62068105187787766154276365454074963535127431304199
0.54078980016291744598500790948815837642841387082208 0.0 0.65069659102481928136209799500068468885678971890979
0.54558694831069123520981656104094834694037115078091 0.0 0.67258540147300284111723669465016888232510046947566
0.54867724403424515183777877434459238946657326597587 0.0 0.68643683910197248346065318001623094437508939515418
0.55000000000000000000000000000000000000000000000000 0.0 0.69230419545711353413505782355924836312708710628717
0.55091575413013797180461469468451296113852620047824 0.0 0.69634422704162188472782214425655095524072522698753
0.55305518963105991408551161158703575981051228022860 0.0 0.70571171938428203663076363031502903422501367744274
0.55637629219490330662576375496973650862648270481549 0.0 0.72005219184483684980943551227418995278864143844559
0.56082426506235125668571400548711889279144492879911 0.0 0.73886452304588797441187650582680354760739358035543
0.56632602555694624147006090358284394818904027304460 0.0 0.76148662298906930318595914830199604797479873921839
0.57279122133886492249297259246579668365545284494961 0.0 0.78711556239550684912422147656256028151588937919446
0.58011368895400050489267842521142003815253647164125 0.0 0.81483544715274186517967337098872628801345497954473
0.58817319138858412130357800580733976292015886493290 0.0 0.84365136263481566520444963710212924520962132799419
0.59683739066055795750784640408044614754852627701342 0.0 0.87252736965165893939034119200225165442067521152510
0.60596402018733425648650848387345433526020606012304 0.0 0.90042634105334149737096112538388495247835879696432
0.61540322053876697704682615311790090523283440072388 0.0 0.92634994570094530845440174925724563926036937181234
0.62500000000000000000000000000000000000000000000000 0.0 0.94937818390913179120979102325816038943344070082339
0.63459677946123302295317384688209909476716559927612 0.0 0.96870919224200757878065694892166223802621490685882
0.64403597981266574351349151612654566473979393987696 0.0 0.98370109005203853560248661733081856940894924331061
0.65316260933944204249215359591955385245147372298658 0.0 0.99391789257456222253627936897610349373030956550973
0.66182680861141587869642199419266023707984113506710 0.0 0.99918035685472846562821761224507808025355817919183
0.66988631104599949510732157478857996184746352835875 0.0 0.99961943279567205325015901739913327265727458961300
0.67720877866113507750702740753420331634454715505039 0.0 0.99572438494284073676268611896430535905866828555646
0.68367397444305375852993909641715605181095972695540 0.0 0.98837014054062377753528552271672972731898614812705
0.68917573493764874331428599451288110720855507120089 0.0 0.97880136330569581187603829576448283439347885171768
0.69362370780509669337423624503026349137351729518451 0.0 0.96854898474984084129195612625591182835060322139064
0.69694481036894008591448838841296424018948771977140 0.0 0.95926463265750519744018456772429273598442705799788
0.69908424586986202819538530531548703886147379952176 0.0 0.95248322088693492236545524334200457069460305111912
0.70000000000000000000000000000000000000000000000000 0.0 0.94937818390913179120979102325816038943344070082339
0.70047483547488635575054095279937709096071728913687 0.0 0.94771892834481614547136246652472415903214973356761
0.70158417240129032582211713193401854212396933048890 0.0 0.94370853182527461952667656489359756596245001479038
0.70330622558254245528743305813245596743595399508951 0.0 0.93710033744594880773996570333018079077627528787518
0.70561258188418213309629615099332090737334181493287 0.0 0.92748595205001604140321202439056115791591441489230
0.70846534658508323631780935741332649165357643787498 0.0 0.91430426276624944611502979554326343801696232627919
0.71181767032385588573709689979707976189541999367758 0.0 0.89683889147586609847792220459384159795535704009265
0.71561450538355581735175918344295853830131520751768 0.0 0.87421601966645469440989650948712720078742454239187
0.71979350664593250734259600301121321040304533737261 0.0 0.84540533871541767764939501020518129506384844363645
0.72428605441658560759666109841208318761775436585881 0.0 0.80922938273428604976743863322214052991697059131451
0.72901838083787702188189328793438372939418092006380 0.0 0.76439149617442693661167860817849734377993157207444
0.73391278102010139550576170902409676567628450407905 0.0 0.70954166423017694151375083884382556956965095314062
0.73888888888888888888888888888888888888888888888889 0.0 0.64341495080186488409443212621529087947499005689920
0.74386499675767638227201606875368101210149327369873 0.0 0.56510252010543325541900175718362325419478426672843
0.74875939693990075589588448984339404838359685771398 0.0 0.47455109741588668136193287072381314114193591052219
0.75349172336119217018111667936569459016002341191897 0.0 0.37342004019221861432793893466185052296578171209061
0.75798427113184527043518177476656456737473244040517 0.0 0.26638939016591820357402595085346916346001460308435
0.76216327239422196042601859433481923947646257026009 0.0 0.16268506052519361751528581097736642645284851589442
0.76596010745392189204068087798069801588235778410020 0.0 0.076444330614188452199926029287409238813460683375113
0.76931243119269454145996842036445128612420133990280 0.0 0.022228841704265345128449192426373094644616934101210
0.77216519589359564468148162678445687040443596284490 0.0 0.0024170937222719771911833476057744505154539009177597
0.77447155219523532249034471964532181034182378268827 0.0 0.000024313012114624821644003455667316630789265173317336
0.77619360537648745195566064584375923565380844728887 0.0 0.00000000012549279754878770500016018086210631983328415657233
0.77730294230289142202723682497840068681706048864091 0.0 2.3885778355513707977513079835038968502714138352748e-34
0.77777777777777777777777777777777777777777777777778 0.0 0.0
0.77852394780974205110005641789108463500176208927857 0.0 0.0
0.78026719155123400406967612795980691540115815426034 0.0 0.0
0.78297327512177306465802972627163715517713405577558 0.0 0.0
0.78659754931006398692910030076728206079302920124372 0.0 0.0
0.79108046526862286342004962514157655037625503729560 0.0 0.0
0.79634840257240845536464433460176026075629491069968 0.0 0.0
0.80231485766622263361625649461671262367984453244842 0.0 0.0
0.80888185964995743217328578250968425126827759364903 0.0 0.0
0.81594157757526944685824521813962278689139178127020 0.0 0.0
0.82337809052301309787789580167466649539720493787803 0.0 0.0
0.83106929080936568500111760624421555241193914133057 0.0 0.0
0.83888888888888888888888888888888888888888888888889 0.0 0.0
0.84670848696841209277666017153356222536583863644721 0.0 0.0
0.85439968725476467989988197610311128238057283989975 0.0 0.0
0.86183620020250833091953255963815499088638599650758 0.0 0.0
0.86889591812782034560449199526809352650950018412875 0.0 0.0
0.87546292011155514416152128316106515409793324532935 0.0 0.0
0.88142937520536932241313344317601751702148286707809 0.0 0.0
0.88669731250915491435772815263620122740152274048218 0.0 0.0
0.89118022846771379084867747701049571698474857653406 0.0 0.0
0.89480450265600471311974805150614062260064372200220 0.0 0.0
0.89751058622654377370810164981797086237661962351743 0.0 0.0
0.89925382996803572667772135988669314277601568849921 0.0 0.0
0.90000000000000000000000000000000000000000000000000 0.0 0.0
0.90042735192739772017548685751943938186464556022318 0.0 0.0
0.90142575516116129323990541874061668791157239744002 0.0 0.0
0.90297560302428820975868975231921037069235859558056 0.0 0.0
0.90505132369576391978666653589398881663600763343959 0.0 0.0
0.90761881192657491268602842167199384248821879408748 0.0 0.0
0.91063590329147029716338720981737178570587799430982 0.0 0.0
0.91405305484520023561658326509866268447118368676592 0.0 0.0
0.91781415598133925660833640271009188936274080363535 0.0 0.0
0.92185744897492704683699498857087486885597892927293 0.0 0.0
0.92611654275408931969370395914094535645476282805742 0.0 0.0
0.93052150291809125595518553812168708910865605367114 0.0 0.0
0.93500000000000000000000000000000000000000000000000 0.0 0.0
0.93947849708190874404481446187831291089134394632886 0.0 0.0
0.94388345724591068030629604085905464354523717194258 0.0 0.0
0.94814255102507295316300501142912513114402107072707 0.0 0.0
0.95218584401866074339166359728990811063725919636465 0.0 0.0
0.95594694515479976438341673490133731552881631323409 0.0 0.0
0.95936409670852970283661279018262821429412200569018 0.0 0.0
0.96238118807342508731397157832800615751178120591252 0.0 0.0
0.96494867630423608021333346410601118336399236656041 0.0 0.0
0.96702439697571179024131024768078962930764140441944 0.0 0.0
0.96857424483883870676009458125938331208842760255999 0.0 0.0
0.96957264807260227982451314248056061813535443977682 0.0 0.0
0.97000000000000000000000000000000000000000000000000 0.0 0.0
0.97014863274515355756771657323730886732146974404845 0.0 0.0
0.97049587679365497675949884604501541963111582485031 0.0 0.0
0.97103491295495101134389616050043029630857437717925 0.0 0.0
0.97175684736496314338141710573686012580293606883058 0.0 0.0
0.97264981823845059618554087775249027292900483452499 0.0 0.0
0.97369916081348981001639792529447285345289676773351 0.0 0.0
0.97488764408330771222385443196437864595755557542627 0.0 0.0
0.97619575281249625686961118621956368427925322422448 0.0 0.0
0.97760200770119318547084506522456762826239658563231 0.0 0.0
0.97908331797424638622261654059922550589225822731575 0.0 0.0
0.98061536048884197086537233969663725409903710595835 0.0 0.0
0.98217297909957260000000000000000000000000000000000 0.0 0.0
0.98373059771030322913462766030336274590096289404165 0.0 0.0
0.98526264022489881377738345940077449410774177268426 0.0 0.0
0.98674395049795201452915493477543237173760341436769 0.0 0.0
0.98815020538664894313038881378043631572074677577552 0.0 0.0
0.98945831411583748777614556803562135404244442457373 0.0 0.0
0.99064679738565538998360207470552714654710323226650 0.0 0.0
0.99169613996069460381445912224750972707099516547501 0.0 0.0
0.99258911083418205661858289426313987419706393116942 0.0 0.0
0.99331104524419418865610383949956970369142562282076 0.0 0.0
0.99385008140549022324050115395498458036888417514969 0.0 0.0
0.99419732545399164243228342676269113267853025595155 0.0 0.0
0.99434595819914520000000000000000000000000000000000 0.0 0.0
0.99437183452727760952757978454122132200299684517459 0.0 0.0
0.99443228823774205615507532952350719620484204409033 0.0 0.0
0.99452613213849569007555546027759874439648875690820 0.0 0.0
0.99465181784566776319622221611952932955201707627302 0.0 0.0
0.99480728027294900093384447523327156541219763745311 0.0 0.0
0.99498996634772323345765119914122626434565579896410 0.0 0.0
0.99519687622507169034434175387544361547647604520346 0.0 0.0
0.99542461238559527754620618796415311167652451671964 0.0 0.0
0.99566943537463535979611104956226174922607002783346 0.0 0.0
0.99592732518654613924986356809983938010655202393764 0.0 0.0
0.99619404726571866591902666492850349928987068667182 0.0 0.0
0.99646522203433895000000000000000000000000000000000 0.0 0.0
0.99673639680295923408097333507149650071012931332818 0.0 0.0
0.99700311888213176075013643190016061989344797606236 0.0 0.0
0.99726100869404254020388895043773825077392997216654 0.0 0.0
0.99750583168308262245379381203584688832347548328036 0.0 0.0
0.99773356784360620965565824612455638452352395479653 0.0 0.0
0.99794047772095466654234880085877373565434420103590 0.0 0.0
0.99812316379572889906615552476672843458780236254689 0.0 0.0
0.99827862622301013680377778388047067044798292372698 0.0 0.0
0.99840431193018220992444453972240125560351124309180 0.0 0.0
0.99849815583093584384492467047649280379515795590966 0.0 0.0
0.99855860954140029047242021545877867799700315482541 0.0 0.0
0.99858448586953270000000000000000000000000000000000 0.0 0.0
0.99859312762227432726562658115837240290323865087262 0.0 0.0
0.99861331696349284990252814674888453612614458710508 0.0 0.0
0.99864465741421185990570113021591826102023340687566 0.0 0.0
0.99868663187051724475950347924103432320333584065622 0.0 0.0
0.99873855066866755117462682773080695129660558263082 0.0 0.0
0.99879956117523784102454539405746021893253800229232 0.0 0.0
0.99886866155109859841033949920246174619647567369852 0.0 0.0
0.99894471714830318984489822697775115662825403204247 0.0 0.0
0.99902647912496094623461316602925985202123864193692 0.0 0.0
0.99911260494535222582482158807562598105323096077122 0.0 0.0
0.99920168042187065862496622599843942765765908751460 0.0 0.0
0.99929224293476635000000000000000000000000000000000 0.0 0.0
0.99938280544766204137503377400156057234234091248540 0.0 0.0
0.99947188092418047417517841192437401894676903922878 0.0 0.0
0.99955800674457175376538683397074014797876135806308 0.0 0.0
0.99963976872122951015510177302224884337174596795754 0.0 0.0
0.99971582431843410158966050079753825380352432630149 0.0 0.0
0.99978492469429485897545460594253978106746199770769 0.0 0.0
0.99984593520086514882537317226919304870339441736918 0.0 0.0
0.99989785399901545524049652075896567679666415934378 0.0 0.0
0.99993982845532084009429886978408173897976659312435 0.0 0.0
0.99997116890603985009747185325111546387385541289492 0.0 0.0
0.99999135824725837273437341884162759709676134912739 0.0 0.0
1.0000000000000000000000000000000000000000000000000 0.0 0.0
26.848958333333333333333333333333333333333333333332 -112.50000000000000000000000000000000000000000000000
-34.659300346808369267254604761717334171492436591294 151.58022507050910084834684320954003382957304652736
10.715200564661890698558114858975524797666236628989 -60.103861571570435545445266137634442265119740317889
-3.3387038061056229171036134574158504228839891033160 33.841890403785101318444625414549209933347963198058
-0.23826322862178666468778728258173530415855162545086 -22.110167297283147366335849034886479879871812506132
2.3630566144941816069594469887920417303481939644575 15.676389401340451889486838207848504496962269549182
-3.7670055106122379603693644730084500261294402418326 -11.696771014257437032258218473717624760341199560983
4.7471914269774957522239607046170185739510433992140 9.0326120403478485644755921718644931469396390022455
-5.4463410577135208714903541527075950976649548904809 -7.1473469793113664318681280329159010133292449697213
5.9418068705196092513292123407315873644520523491681 5.7580282583077918554409632732854074299830710105362
-6.2796671989860778228339741159249214659828696655518 -4.7024906008844455343503244264876853070574030097732
6.4896000535108273442729358098016818137332465766604 3.8815721956958561329941801900645550820652751327636
-6.5919983906253929137224331732340885658963462167123 -3.2313717601104867224129574378598473362236991258394
6.6015968661375583321598541353897202163386037344311 2.7088591707604820908502119620737070048418605762366
-6.5293846974862524782547019208082474521106161294594 -2.2839323376169546074208393098806225456354935871875
6.3836045923511404606748575353072620358915253521619 1.9347973841282988520171790877364467385785039899330
-6.1702146059408746682681137778503212940857829115007 -1.6451538882492397791037780303426232184621685142076
5.8929808082674939269523496169018046467071412001253 1.4023982323291862501599998943077141865737508726111
-5.5532360985832928576068257712245483812567262939502 -1.1964087957081138938426374006149848170255168592154
5.1492026593981944204667590066498278012599912137614 1.0186448249679943735183026171938749359356124025831
-4.6745213911687276213030934943513150762475993642388 -0.86135083962577009629529701971353645120630546029037
4.1149428223235183020267351844239013192133604468024 0.71660116208160201005772214643493608547513301307714
-3.4396428269715599446026553861143212244914800972531 -0.57454221890224998964513449389557000996631421129704
2.5703458809818058918732955853483581828393982652691 0.41804582593259947985263828971710140062943951460390
-1.0364583333333333333333333333333333333333333333329 -0.16666666666666666666666666666666666666666666666667
-5.6510002234292707619565809818657085048673255222171 -24.714286704283831722367072134771873652398144954160
17.533192687649219206309030950903135227839150451695 0.0
-14.385725582941461800069403210882531899145006846727 34.531978815329344591261928214495389397698138499824
3.2795040787583489644264893953164590141543005946654 -15.897926671238529634120291435497008870154777700391
-0.57385723013780881269377246826140901334214038666756 9.7162350141739118755244997628673035643904342015980
-0.65123708765699769648811579508277714466192622568607 -6.6801257891944144092064247658075743203319105634908
1.3609574395356810234105964069821256621967238358055 4.9010194252976054071034116891158540745566196995783
-1.8228140871240710361750697037781108655003841240627 -3.7459856474532110470008731035850425274738888697738
2.1394713107779295791115306340970769604126681972552 2.9440876862388438165700188680336916791718950803160
-2.3589703088712247091512201331241611530697276809801 -2.3605731511793315085938450117303861956744144517998
2.5071259575441314929340349346070897448112036978649 1.9211351029893590661033267359337898673783469088497
-2.5993491960713914702912152347054551277414948721467 -1.5815434970145747564315515920070678353360815434417
2.6456391132894822435367722760184226116865278263660 1.3138504795815927038426117323267155051874453364833
-2.6529139510812321820830750231528558743878079309817 -1.0995139648044679844028555256887329478834383830055
2.6261714246535943404253620883224938738792362908011 0.92571206387762037213302966110322280935758185524119
-2.5690789197190831094674127749249315509218411298399 -0.78324751967019583408637578766374877689552374379906
2.4842556251610794968320494886602222557471067969393 0.66529375912848725091209174499058883567875698891182
-2.3733615514517246859074895417532180584848555616442 -0.56660656003756751643491867578405222615406396897251
2.2370293807709578559717056172587481738592633098283 0.48299843867604328255770455694872853448049117990975
-2.0746083819578012609972652814228756863161320646267 -0.41095452500672420641339510980592752466108943164944
1.8835820361580339900060893085601538732860238919107 0.34729933662469197532133716598502679303638129076045
-1.6582408971001999590849934291176217082552928950413 -0.28880394070769429269997449287230921886174198199844
1.3861869676399656851052345337158637992561452311047 0.23147275057215950968525788960773053029490574297295
-1.0358929085602544471218846540837474737212004496087 -0.16838626772562959638025527789867365468949929524405
0.41771613356907124859246305544114012261175665473625 0.067126001066298218513498553524574233883346813228970
0.0 0.0
0.98176284592927770345177779376697362684586787768433 5.5069186835800754605847670131535636685797065916406
-8.0841158153960518940412525963569047957992341823941 -19.405383097878138556879649591734519102775960801763
17.674545504834554133327977955182772122921903502458 0.0
-12.507558245496660786519144798696028018857355938587 19.426399575440075549092774522762348194171113500044
2.4624857482889514641140823090125358719456868054538 -9.2076333915359391878638710956247508964630097334071
-0.25801636329344062639343483447334806682398212650888 5.7622923989095486811059134307089997954842289638816
-0.66550589022431967377274838357364303077429221711553 -4.0340839757879060592294875846755951412027543317090
1.1706978444131701785310522913551188026769311542411 3.0006256094523458677896704588382469667654009899601
-1.4844674903917886445401110697552821051874531892223 -2.3176115616643547484714543255343335153911934491880
1.6900686136163655616757062271843705014860977304344 1.8362256117379638294569048144533317186083804747599
-1.8250462001990170942476317987451097694875273588318 -1.4815512927988403121152387864194827556302729039471
1.9089898753299726080289749562992412914034148128166 1.2117253425810577883668957390430509516661902640867
-1.9533214592887582591341388915571019779988123070597 -1.0014832328906193146047797546104725286759584410649
1.9652994626330991145078009815084902529405490445843 0.83463478257717163943807831541005674842226437243040
-1.9498340317297239130616208239589086688148695786036 -0.70028315848948201014765699223116929950228060805011
1.9103620935322747025780035722096956748152379020223 0.59077956632323273880015011204162451124609945680100
-1.8492717591285026244220003326373967715017176547590 -0.50054723878274220524323971062064389896439957951379
1.7680803366810507852568160129443620900907171891904 0.42536653470352357576531068265970863606824275876049
-1.6674446512676666320017147212667506524441501373102 -0.36191283238088037822425890046813352417340023841368
1.5470049609208503052091363017409453105816180770525 0.30742976027653226140994433315593400651795357221159
-1.4049712210191533345770247528277982334510327883599 -0.25945668666777416109515111180215960715738606293131
1.2371456640995953020031277700911598749057719063459 0.21552098650319212274100851496266527076254959681967
-1.0343227040692077438475256518269705175679714164817 -0.17259683005388376031190144733564779539463887320532
0.77301120810262682414511017667090624922365843416049 0.12549077625896358423030871058234032217460787915110
-0.31172188256245498365750653302026623219152795720117 -0.050014774892782623685348072546460093635262725289591
0.0 0.0
0.0 0.0
-0.21581123850102809543722626856168869023598256277928 -2.1875136895644311969244740099169398600179540789025
1.3001660074063626643230141736720985355532696467673 6.3027650979501630835379677269185362097130824438352
-8.8239372453622180771250338658617258518372137664183 -13.705099540010791089949236403622667123457740111710
17.902568154221840018098621181295843861383564048599 0.0
-11.912266937127463421044357608528785641423775924216 13.322841647606000637145732657623859545307187433401
2.2018412081415412467266013886647553573981660746978 -6.3642307205986462963615479326498454038300180726764
-0.17805893873497315317841306505221842710801727214579 4.0143147726439631461941574917184149594598358816112
-0.62715385182545004310423641361967758040643726757254 -2.8292308634141257470558311703745813166311728763778
1.0466861330752138970570270822161914637329498371429 2.1157729920678666243409465153801514453384285735408
-1.2951832218258078820782502755275453804575121420473 -1.6410541805582595823527650456153599249843149811865
1.4498014088420967660291706677087362721662860323660 1.3044179176622364914144860195381027240005220380683
-1.5446395193854921084534880061416801166359386132403 -1.0550859859588529472357780901991425302227498950362
1.5971370335372308321801026682142584213430449697419 0.86457428648323840194663299090752334503850316745693
-1.6172538443771110552078847980708982705036800999992 -0.71560098704100036883788226273642530963926302129257
1.6111712405700978675123171726681537240710456544259 0.59701735186233696254395129349417213303667242737757
-1.5829420574788651876849408586559428941793692671112 -0.50125844465152661699905400186658216160617812726156
1.5352683764439340432089817586278250389193181343624 0.42296018653825689347957921194566601314215147196806
-1.4698597275775720035226724600379353350025434749309 -0.35815867528168030391093710314151364918177847069472
1.3875518834013789084680907186560552558223781145665 0.30379516840368461110018279830531356851538482957522
-1.2882375908075816465242031029470881682363804636124 -0.25738208814174757733094936391192233149346544609376
1.1705567785871589157724805150095284461183409110059 0.21673993348050402665239712658660322033210949273474
-1.0311028448667063804905037258204457143837648242581 -0.17971910273404376236069298437366824939189779000990
0.86226826968669988675280543504174952995638780484136 0.14373546599383231659262621459566064963439259636309
-0.64451832175675300877809891941421477938398784291337 -0.10441746707302287113848306104860833360883901566962
0.25992182450123904776216255274282544478804295869505 0.041600754638221415605498952668648392212626858724144
0.0 0.0
0.0 0.0
0.0 0.0
-0.012085910674529204638240977584578561439810667881237 1.1215390159009468344265305116225408892808454340964
-0.17853389606037856625151072355766808474951291625266 -3.0228377391048333893512836392853573939632620913654
1.3632948536506678009060525003391498798200773435766 5.0975804532900130694840335444386947779057004963358
-9.3480410226826137599980880223149859290761852275057 -10.454976447208260710538890388804091124198484518463
18.225513730551044468012196313828927366962537202402 0.0
-11.731247726316848550737296209931134928122062844366 10.001140017093479367448622450282457507833301894561
2.1131334450761416299817225793013111165987820378613 -4.7814501345489614633367146185080066713112945620831
-0.17089751127388059010764412943107688552519363180438 3.0207607957125061402573839089386958100548279230701
-0.57411074885825411999322670856669299666523048316384 -2.1322054376500592319231939434161868681287258127035
0.94712497736400275951086863815248804436105280409062 1.5963755804245109283765836058154234390514472713465
-1.1585878959661466265549429772184858291572507180608 -1.2391509949530806557044257202038077749764202677163
1.2833165016746844714692233267102513553413432077204 0.98537090081239453287886810784847615167686712631585
-1.3539825013775836879273291322433970996604737778352 -0.79712386475478068293025448331425577501083344702141
1.3870672321079258942399346276316035701694738803896 0.65311969554052751551702413234761825248424715329511
-1.3918227704962306898889900032016135896540648859691 -0.54040969980338402746997279452571295492241814720612
1.3738556350391438603896116659144565309909861074562 0.45060742304215302167876564323447728698947092639689
-1.3367070339775800494271588007238108105925330459543 -0.37798817179447504670234265203948606577854257546237
1.2825806794678654052730480966696723403222949251219 0.31845522735020637249675068208935816017576800523386
-1.2126519657475505614636218700715650711946231219844 -0.26893527686533665166886112564157760498764972469733
1.1271151834456861984986233762688141442589277629811 0.22699314846753599280426342455362398064671367811141
-1.0249718118358412899659230734405758268705858372366 -0.19054877535316617553310619530346837235713220729300
0.90336959036837187191057518712816167342943876638868 0.15760251166763811349110372669071549705310506271174
-0.75573533301311113828648562131910752357782220612479 -0.12580949416221688641883847656692429705947780179944
0.56501589122079817885137245102906240968146160150913 0.091283851152174191403396186135031237105032134616190
-0.22788117387869836279336256185683921173595721557765 -0.036349241798848430610178274289309416242533472041416
0.0 0.0
0.0 0.0
0.0 0.0
0.0 0.0
0.10028130591139960323834684965395879940481883820327 -0.66526074386014888846464345814664996099727038699855
-0.16950380310879020956714009313409837291565092653555 1.7387012318161160392813546714106843513435593712591
-0.11950520351749252593905408280665824179059026790549 -2.6689157116590219677833181849053313547802380078973
1.4455585435625993891262347885879857503925877731827 4.1782613829496169636205929376615239144682292303463
-9.8144892215803488962972132532742964013073364333533 -8.3670623271457432011916699708940578365251279602224
18.655549124650046450479159328112326757618785491187 0.0
-11.767842175795986537028225091196876053951996487938 7.8947237518907218080232648022692454935089089143841
2.1070689762344659071715060786551122793698785308708 -3.7658082335924232395399943654827049031863258695788
-0.19826931179807817530696806272716583481683348259538 2.3754578467645230004521317260483680225039379760166
-0.51392793708277295443514786614312564302945030902999 -1.6745043570419236546862288198849230727626981753737
0.85892509436804695661359881596439504888617394956215 1.2520445153567364136294400918620712186527109971489
-1.0468618194149946031267516483322656536683795675821 -0.97052226887809182849773671641517968760653465030866
1.1519288744077946014008242400555421456713915387298 0.77062158113529443519480948240926461668351991317228
-1.2062592297065004809275178909714346494411529687953 -0.62243477988114577727108409805763208513606558906217
1.2258881933484893830144430845418766108084680606239 0.50915793774467833446699071890299599175048588244790
-1.2196761051163721714470182675612178798262204125275 -0.42055365985496546559180902386785206180309175618082
1.1928561408217387520278560495540977428047903571744 0.34996899174170596923340447333790655816530874488486
-1.1485816842749613851991697386144702369629663746821 -0.29283426602238697683912096013131112306348500513923
1.0886151289014283293633009448190240990819198090919 0.24584167546496535250892069963311028184003505659313
-1.0135735762907941294255197958669019367422583432523 -0.20645486216387390254621288298631464310038520897203
0.92284496365037540380717049758648058471552597324284 0.17257564421396756620795276568599968426994454023151
-0.81405161973529615418664019193175982084749433219749 -0.14225179361045698728718314751171849859154437957045
0.68140140040742535015003445592204935285121205465950 0.11326703764909237139708163355216805491878543674265
-0.50961379294390525190170156563078548311996161359660 -0.082048517777871001589672878271841059360094479967365
0.20556508311740270528829164940348707997071445576394 0.032648716879989492414324381104418444055237904455177
0.0 0.0
0.0 0.0
0.0 0.0
0.0 0.0
0.0 0.0
-0.13977332428098417452617354821050323660547337491878 0.43400429423595587198587849909858103197756511818030
0.30971843049383233069612919137129919428174765494839 -1.1153442423157876062356879439728166986747905286674
-0.26950923689975706129954934020920532866639571410031 1.6336788447321935763085019938052432260391709052470
-0.10221053334193185318347590206047513498876710457054 -2.3043226969079196877486568622674861291249063834575
1.5457263302992528907442616870292002867780998703918 3.4975611157954698778764753885794621982507622151199
-10.289138654363007791952626451839437153750926509683 -6.9027019658854423531712322689560991732511382003637
19.209710026222608407109898429162660811690404699510 0.0
-11.960606938486078731628357739820764050270010039859 6.4258729023343712087361257625218601081918484155759
2.1547129050738123231194698434952422993020910342202 -3.0528303509949490489456772414343679446804981215181
-0.24820939609361927071888287798486959239188954326721 1.9191250322852873350457483246996546706998262836954
-0.44780659219074238451541092696618974719274062742764 -1.3485705909604857709024131536181289901521673269172
0.77574476329518246899040527368702924409035264493646 1.0052931312480362528417608990065925254474522381045
-0.94809201172665719313129722266605873393250751266024 -0.77694390349427028947999782364772323079354963776158
1.0394944607324337101052358059538444721564237912369 0.61510658508630790082339534001326955879843036576598
-1.0820739456843055897059097780587433733476846951675 -0.49537320086463329336759986196938667158003676947754
1.0917061488402142918154384935272618095839783893400 0.40402149167295558867651258417266813550492274687940
-1.0770225130994830877193668520577065437600122291782 -0.33267570147300041924139485063852511338734863102087
1.0429699738176982010471517379756295048175978429159 0.27586999365382553121973319195664950892511260425610
-0.99234006904707492235676042625407656715653903169215 -0.22981766409551943086931154746585015739009144633359
0.92640681853482159018374652920774259362259701864569 0.19172849932315377461498864689583644225866442637331
-0.84505406342590498340678886340655957398753642411891 -0.15938197768560707886966541836881792051996819867500
0.74639097554305577703138978417910859065141343750397 0.13079275507873309077982806038966501354306851426276
-0.62529899310646105075252361283094435308416121653518 -0.10379651072052281169759466427565241371330334572289
0.46789205279965788790612569506998023925644780039882 0.075026418238638537524155586338464952817760703235031
-0.18877469126720267532893195791446155601849485048149 -0.029826877171917887718296877831060120562663463680945
0.0 0.0
0.0 0.0
0.0 0.0
0.0 0.0
0.0 0.0
0.0 0.0
0.15921500166177988877174692306822731986871395659215 -0.30294277429841112665443466187313173458271712473530
-0.37495926081857375980757997818416392437010324236334 0.77056240640652783051915610511679866963871007097633
0.42853448055912045635197569842088238369128477611166 -1.0983803746077773299974716204996164071303375652520
-0.32540571056239547361304438580641780901841397765325 1.4679777167510225087850458090558301935920049943301
-0.11299536299862333948773563468655575444762827727747 -1.9972904233609688621340412263922324032378475225790
1.6652526733115352061461637102885729132315557953203 2.9761826968641958974113944405296021545262945384849
-10.811163134729036353906040560022067675466780894594 -5.8083306798279408096883365642599061939106427790726
19.911347490146395409474485009686988414108716731916 0.0
-12.292636857089162720815967482050315345629092770418 5.3320759178051495704473240006450031837588862374760
2.2462970851519565152482150486717341419104569932782 -2.5198527198092136922802057085873310295078177800755
-0.31707167183993281103013181502407765457379096914599 1.5764641394577500711439488976473259786525284536633
-0.37504318059803887149295825557426960237308030474850 -1.1027379671429012650505616887308144415054783147048
0.69364201496087040940549181953427827439562243362163 0.81841469675120865915784256747319881778811425171058
-0.85583976861861430558963543155312181762829896833935 -0.62978798542669373155085890194160068082160785489868
0.93760954417041803056790549568437672304886806775363 0.49648577915551096151346366810223569107182107201218
-0.97145975600867701290726349545309970624878357026071 -0.39815174316443539370762333858596958022791996822148
0.97330463344376238558384521576213668826208410611139 0.32332941486705078876673435323890078583381992951169
-0.95164194786357396967607772282185773286314853944240 -0.26500662126366693848434654737028094055136544836580
0.91115726987656844072819585696839800904462681834643 0.21857822774021602834712978690086126061262833662006
-0.85423138453230452626652233624915902574430469095051 -0.18080843846578626739397747914096817467942573165523
0.78147931850263373615136577809164116649221261572215 0.14923702361573764077451399761620250697739147137109
-0.69160228817761726515780731314848675907943236950521 -0.12176571221347594317838147035882005742461405278974
0.58014980395058994659171906894613206068501198942748 0.096217144648442057346589237547575896645582353159476
-0.43443994623374646875392523542278213410754241554057 -0.069353902976706299274203850785346732834682199552864
0.17533276556432121351523966509203609598506712125148 0.027538668332403725434577348404717230707237954287839
0.0 0.0
0.0 0.0
0.0 0.0
0.0 0.0
0.0 0.0
0.0 0.0
0.0 0.0
-0.16957980373243924592210945663642034913465427503979 0.22254311382917767768503562165792142581055161780486
0.40857353160700851772129144193085483186330950196960 -0.56223063018776119622436085197750643258506075183313
-0.50446808655493206979370500708929978442849035615852 0.78759627776141713764957217779415983009507346078312
0.50418462743419939804631254596305950495857036572317 -1.0191595971630434194468306756137433043536250418968
-0.35240544878011370863863859579594202295282285306783 1.3088081274227911071190357735613237636175836540465
-0.14547184238526679185906972547331041014690319616718 -1.7428931706249230047470390567253551403088122320601
1.8081342314065870180006005852961617162268490037849 2.5617923609743552479717050726511655038413034674205
-11.412140382708915260855703244263691781967909149649 -4.9501502088350905678721006589355821648477694720765
20.792280789314520150434558357616925535361091859451 0.0
-12.768317786575648694182496312818532691650299566294 4.4767949681569720350381670277835454261498417308408
2.3804607083890996814294932288499101945848692123841 -2.1022018258748003266626592720256645648760667703365
-0.40483440821551676733869807281108185206154961305003 1.3072287268725947256562634089615244334965006655306
-0.29404052318404494919998235036981493413723975957994 -0.90905319179782867384019362678100878120809752287577
0.60960323072959288239093836463995239237852488771341 0.67079625018005301235185421611053019695790713296549
-0.76589999100773428542208344646550103194587541855271 -0.51326942952603564875087089941982936181786119077974
0.84106997029141477757329478991201841098366102913612 0.40235391677349541912605404098534362406693693356213
-0.86836961764261710444350451908363991677851734143803 -0.32083613591287524492317233121946279216711899022296
0.86391474581183428212064147049773532824198312827547 0.25901073602286503063223643499868799438508209589611
-0.83612552553462989013160163155389258991332994972713 -0.21091020805808479382611989340120573319584442378223
0.78939506440942278203496176806561569755723781061253 0.17257263112066971195701573945525048303918541910754
-0.72554008348454669922023032968905734000614401787740 -0.14114182226467055960943835053009771954993056592499
0.64409870906530204413475934884749815145350589900740 0.11431170666743530182184395759497899077451707140673
-0.54139168104178741656076062933231251529172754827880 -0.089825771364624295317837372476354081731867832096550
0.40589434872850043850489846964617946683674531795333 0.064513159502165601746933240574172667308445654416387
-0.16389060933615851075201573197634449274501536269596 -0.025576647649209652965883179766238124613917242427719
0.0 0.0
0.0 0.0
0.0 0.0
0.0 0.0
0.0 0.0
0.0 0.0
0.0 0.0
0.0 0.0
0.17567592414345652531604589972076903061947512863323 -0.17024231139877140726424095789029013093062003491297
-0.42777032822590699581238924127268638394439045636740 0.42806098401655206799297532841638646031851090585906
0.54537065213153095883531355651929186222239274311248 -0.59253426237608909948536220560704397283202898769537
-0.59241870186602006963777397740072989754943681773836 0.75062058475992336607001304333971713633083854681938
0.55205029646541162025507231673838581529170091133244 -0.93047869447623911266686976537694371171870952541526
-0.35805528423463678074942670943814647274145922884789 1.1666326935175311378122663573967072926084082312863
-0.19778069304150165608274504463169281189627612947270 -1.5292163991064796186984698412843444171022478855534
1.9802210268754311821583955790742915868431682096298 2.2213737325211803388375702755707767848402919689182
-12.124339927419824676178737799491811758500749585634 -4.2510050960953309337636484590278880327259875175574
21.896021064766477070404873542351079998273626705951 0.0
-13.406907050325825871663905299645267119533836956619 3.7818378790240744867930463399196655968157404304813
2.5610178042287412053829932755746241257807040924617 -1.7624840709139327970902599310535219116685368754332
-0.51374154825141424066183168050048168315296879725459 1.0879122125346001219403617360076119997239381182178
-0.20245076701992022479307883050907245811190596354578 -0.75103665981358104274923877350615216203061085478559
0.52083153064166575757238854528083981607120399018613 0.55018674442792141987488051857351082150707888489101
-0.67496125194261401569539416537683719710084936720164 -0.41794289402324934836529004432823568018498031909277
0.74605787856340178367329955696725168042218139538336 0.32524721572774790001917813010388565644668163211420
-0.76850226672764899434730245024926989246253283870129 -0.25742258345541173743209339055756804219155589223763
0.75876388545914931600268089102924432474878843803628 0.20616774773968359655473990516803070498170964014160
-0.72520541105285305767117250102288556451414827079290 -0.16633741873513547820568563820594252475610304551610
0.67181138305010187196361029043566160071957018654749 0.13444594612871954612858429136032531331848058824138
-0.59946200933065367693427596792812190030334632686178 -0.10785067898511991195810179315202362212717137725668
0.50551526447987850262847012478142439382910124911934 0.084137556666050005681022828684144696837711291314378
-0.37971037814190488976874193473427018597343838843295 -0.060143124549082878267424783925673441576327215981473
0.15343448648105936944063382156856079397284152612795 0.023795534509079487338061212096078810190812885568210
0.0 0.0
0.0 0.0
0.0 0.0
0.0 0.0
0.0 0.0
0.0 0.0
0.0 0.0
0.0 0.0
0.0 0.0
-0.17983864112204129177051788228670427651407062400672 0.13467107296526416207358299264723584813166810405577
0.44036926928708743725055493861462014124971622655323 -0.33744170649244522999280567918825275640321726909585
-0.57044523787970287888269878133032369803954847467815 0.46308081382238695912930607425288835685208519695492
0.64233078462314796199262499263056591415500316544454 -0.57791900284994995423181195669191851024560671473849
-0.65411335091634964518395680674990276178925793731971 0.69959751212848161061484050414537382867288412280850
0.57963662777358679552880729056343564604583031767184 -0.84492916258052636913253623683899322597870524563625
-0.34562792809197703381583665481130755492938044650792 1.0408593070485879840437749371939793695436707805415
-0.27074259402048748499142624578971145326180362426564 -1.3461183334994876827909311189259603876797556496623
2.1894655050259077995686935686254664408648392908004 1.9335325998596647573438523106153710127128147099239
-12.986175486510424464025589851727051158498012793045 -3.6631573691223182481768670447206411494733095040111
23.282674178760402937468049357035512065953973929142 0.0
-14.242309703885351542643245797215709632874769639637 3.1989932778568247503631159726087785286753048329945
2.7963265485143964940216718810608242390357163185875 -1.4774804828969445056014740168595345927050852683905
-0.64810569547656458229997973700786772926254364271161 0.90380737559670082909541396189247140080906945076575
-0.096989955473805672883032263881220292906330911127167 -0.61830522552971059010292478528855623591185467003418
0.42425986163577426754956988714562357396236297747946 0.44882160161974875357102152622317895130480389284183
-0.57988312428939728418680324554445078554402887825408 -0.33779463182694978479755948919726460646815288901028
0.64923413617603738162078191829989950039799644038659 0.26039817288321956436103486511091790101435704714957
-0.66824835474615453701468489183470690576887987460484 -0.20406712205184023030360817104621870171835806112127
0.65390101143315473611577801332899485258973256614319 0.16165495086073354402808469623379304265856393439266
-0.61446083920439719894425735310736401296392922232920 -0.12866483035598066035139131425606501876275317254072
0.55320496738756272546438788198136788061378417765106 0.10192485740919858985278408786275181670641169614032
-0.46909545399754202811353422784694595966182975678930 -0.078758619215308683442016279744045596612580551159133
0.35346407935265923426313325744063267386589575320192 0.055946187228752982664058420561638686127089692676476
-0.14300856516207167693000747915822753389206228614997 -0.022074929310498954949090109107334578622120052769979
0.0 0.0
0.0 0.0
0.0 0.0
0.0 0.0
0.0 0.0
0.0 0.0
0.0 0.0
0.0 0.0
0.0 0.0
0.0 0.0
0.18331065284728508820248189267717953849012846785540 -0.10964212392132588431003139726949142606870386396843
-0.45032791103518248045391026219631075580456771075398 0.27399672975769346397408472710307796657737774012819
0.58852797119652629577196568172365135133315306310368 -0.37356628588372114580599273178905741996848178938637
-0.67499529979414368509156269471394445538095804963188 0.46106426286712076862839470518035339372045769752926
0.71462991577204970873764838455706701170237194324153 -0.54871539712367533506299219416291783184026024929901
-0.69680824052244492946628783189276933627845498064447 0.64599539502042893523959347007102684431422654763936
0.59055531884045017980916245970711388300260294418141 -0.76530481898515119346352638278626522216303944928967
-0.31586667124554018028255804991728350480372824172067 0.92874151286280837547495844182337752722189268500560
-0.36726360663428406437204859489099565973705917683365 -1.1859108988374054119347004983307127350345206458808
2.4467446876110731006800466512463915086260128589359 1.6838416860621867565604063004941183041154394223402
-14.047654357055855629819828711513857577945626491434 -3.1552713564161913414113062728165403409789072739951
25.036563281131665256665522749594087872660661019271 0.0
-15.326609457814394763828674526596871885040862546138 2.6966633159833727245027405358476048627275801382162
3.1000276978583708046957841947755121327629416623875 -1.2318929946257777301309654680213377989546847542188
-0.81473820138761013736834973583372491586432947042530 0.74517091285818224442440078916469971914383898343154
0.026983523675855663885574567564836405651848327181042 -0.50394827373051533245736737255646079156593889598941
0.31607883949811080508602079868577862717979306012289 0.36151682726334046739452752506656723012866821847550
-0.47716575310748619079157227645691784391268624619848 -0.26880469190181794558487916960308198830544316914048
0.54715596560249888382773374710661879163496653764421 0.20462218225898980604637159944695662848352414918365
-0.56406426192923336096791567772026330668839916236451 -0.15820606811946496331244577301483303000979335416324
0.54552451638305095919497005328618742563987121406462 0.12336990588146483678443961707355115735450419216952
-0.49955005900381202700206828810323566895459392508985 -0.096100226357016296399566599029987639155198724505920
0.42790740702748928409780835851802571348963563942339 0.073304522388595713838757726711875466086332981440813
-0.32424553103601316416987104547798578517596170802079 -0.051628123211361171649417626123021707617583939927194
0.13147848101594227838289385292419087344788830080894 0.020295269064181222038241623940342352065891985934198
0.0 0.0
0.0 0.0
0.0 0.0
0.0 0.0
0.0 0.0
0.0 0.0
0.0 0.0
0.0 0.0
0.0 0.0
0.0 0.0
0.0 0.0
-0.18682257153771140358664772727272727272727272727273 0.091579691930250688032670454545454545454545454545454
0.45987237587543520129792890206180421907726520109183 -0.22837715792575518595221424421196354682264694127525
-0.60419856050359488256821121538189460061292339315628 0.30977734095100006412296598973357921706367525890821
0.70025830486626016065991904584936685129278877428426 -0.37906911653213246302447402654634583649325763509909
-0.75648957415736654387034463590353075936819372745684 0.44536461319514192732083102803532246658250069084089
0.76929350051120287407384894260004179278366939442889 -0.51464477268687618359010938763994641409634219577322
-0.72416028240568326313648312780019642924719085680137 0.59343598470271275106275373989242620734682041510005
0.58613870858272629795095140977302311528092355864412 -0.69157364042594507594741563522226451253895626888566
-0.26763946035992770471713066934212817913263884489166 0.82743188951189582857944142117312652527732444592963
-0.49245123167830136336745999235010567692459277536034 -1.0428272948606215603371740328869577449455430131994
2.7672841450305561205456251047459972374111740547948 1.4621354995484908210665318457947619357515300024736
-15.377600449432227855209192295499286152302228491780 -2.7056350025732804386945654685975402617744797285071
27.278409090909090909090909090909090909090909090909 0.0
-16.737549596869535710907048878090989687065702697918 2.2529593024935361937429410557902059035129413902822
3.4930296999539098367536980696364961630795035374992 -1.0150848319396862939581938074389215775856361453361
-1.0239754177846523718343386752610748613555038738909 0.60520679743748249266052793373604267733457308012239
0.17619163227096807505669776441976621302359335612566 -0.40313898107912930581864127562154644199074135628758
0.19113999620640236361474918597987062368588390625776 0.28465690546434344627829593049811077126549030315332
-0.36242027314784769829937764566082922545218814707932 -0.20818397231014716219895934560135443382612892291944
0.43579787066292700438204803463919798992688854038965 0.15572989537907541557854219085984049964138062708869
-0.45204269655624248830422464024332684452579138923493 -0.11809518335560520363836628063292334109991844453399
0.42958728227567734777643978954930830086132176907129 0.089877967727593021086922929067187622369008968791651
-0.37568789240136903168256666518011276219774074139618 -0.067326097828097793943728555641926527184624571044613
0.28784831445093409787111991873132994448895557365176 0.046843374289076882450678904551995903122120949261713
-0.11722200567072088068181818181818181818181818181805 -0.018315938386050137606534090909090909090909090909091
0.0 0.0
0.0 0.0
0.0 0.0
0.0 0.0
0.0 0.0
0.0 0.0
0.0 0.0
0.0 0.0
0.0 0.0
0.0 0.0
0.0 0.0
0.0 0.0
0.19086357482692771224223848226719872989850059466624 -0.078317800301633771512717447507083631648009898695507
-0.47042639813876781786156335609250186191350940405514 0.19497066384510256938479340725350163734824682115800
0.62014964727232447437227910755204724450869665281101 -0.26336875161150769066857596638057251079434098452965
-0.72336265046045482969704418604721326876801418562386 0.32007283733337820444369063671923028094218818165353
0.79058616153107215399118126965003801149773850758548 -0.37225837447910515845729575378493782980395003523193
-0.82180513156112419490035214719268114713349223384265 0.42405486612766004196955237083802077150822010560016
0.80996862120008855951536204890553428497973455569467 -0.47928781867909638664768546315994280865668402128885
-0.73776708535358668052816519371175259627544419203921 0.54290167790276393681010693473395684665507186566150
0.56604638265196073722913155576011427053289847579495 -0.62286709087233556461288251786972558078442125028598
-0.19797017407691938951251707214403240486990246195473 0.73441489242079788328063857592643882446247686603810
-0.65429485843673548768159191178124176013294377348757 -0.91243839237562164587360685083048906463762495394254
3.1729984229933625348916866557226545386759798876988 1.2608901952535852567746346640892100393576060781951
-17.074723418570170839539986029193537601624071026315 -2.2983446137519906543108962822855421115170292618903
30.185441631340436275380789214119510674873907281906 0.0
-18.591912402650324379606130512172470719526355001502 1.8518368942894354940154946759103269360910440409536
4.0072352002892924348237484026978434079321653968924 -0.81924511181178864697129846442625604820191746017733
-1.2915618377305649805767166076866999443144523242093 0.47892609990686709995499999036317310136826392104805
0.36065075451620538693172618172729919172731387206062 -0.31234963164747747761268669633940880565473615675398
0.042080444560694639787156332057753023718255035350640 0.21562787318474400074623668846843407707141501242424
-0.22972437251943020537587469686495435986355959423887 -0.15395594005647828742126144930031061890528210225893
0.31012204762517647294554220872179511491307777874036 0.11221759513502190772040867463118906499730396060787
-0.32773400257554088505835606568532673052872837212920 -0.082578952824464497049149564755431994039278004339430
0.30188685463800806777451212599355142748036773567576 0.060213735066371605047340607992778127310865923946651
-0.23735195673080968095642752598841234856339687606354 -0.041125269920049398058068776633071667827477897190315
0.097596682857940539967816504638628538730025418535604 0.015947517858306127515786288371662692996383232918900
0.0 0.0
0.0 0.0
0.0 0.0
0.0 0.0
0.0 0.0
0.0 0.0
0.0 0.0
0.0 0.0
0.0 0.0
0.0 0.0
0.0 0.0
0.0 0.0
0.0 0.0
-0.19582311150641003773878819963868476457648963346192 0.068497531933513756663765392147929024384626241976461
0.48306906677896399878238590639868822817592209728735 -0.17027938793537688658606951288400372062909937916884
-0.63823857304075075191096912234724237017953971054807 0.22922347057523843731247225179961441327581587535973
0.74754480225180185230158209623439536280166116792464 -0.27700172830847390024876194776424767952631849066434
-0.82291176161240942076501350638400051734094579598349 0.31951589490024114354741318626141968408467998752319
0.86635661936936331020978569582639517612695259423013 -0.35983081659728412861120104672726572444998282572390
-0.87462239073702515684528508056903553456658613613915 0.40040192722067702282289076381999084818084396570261
0.83842934141218928699871746776990133910212401871716 -0.44396758482890680755761446865151894366530174389802
-0.73772493028633615414823178111788572346048833594134 0.49438785554363381610301720208249979776055590688085
0.52831779961823636765254425350035933610396788180599 -0.55809495603534215821611617225779869383084220551524
-0.10157154668181411382138656498101138940895814774483 0.64751259830675723732447205963808793191820391050453
-0.86504758551077533511987636133532385850831389067680 -0.79118457666889214431174182935568712450389982151773
3.6964234367261038799532227189396761214668380168505 1.0741916574876372964362555754640891685861331757136
-19.285979496763729790889341979738235358539316001826 -1.9209690537013010192292442090582436560209515210758
34.025920287744566440115860236801269927567735476464 0.0
-21.069220104541221609277118206589572813802939715686 1.4807401782898445079171022511385284151343765454484
4.6922654585260839186846852691428488407874055884273 -0.63826881600604972516028079753164434720609205929139
-1.6420229407990908809385688577320674523600194352151 0.36245534762971878139607069215488191752615610038854
0.59575932820804361954437110660217825127587906868641 -0.22888557119582326814376343993950955990350126693863
-0.14204664953234525221662877223077267028494685580891 0.15249745088293546531132651389287819101673348296734
-0.070828311921815154117725031370110995844323986062529 -0.10474626116773839495236230328905817124706616136563
0.16394383321085468070240040380621455426313804651701 0.073147642250855883762479939431354705743034217039232
-0.18697860331557859395956105630682992454467699167800 -0.051040569303645398248797304726194910062734359477524
0.16026375913690947686645292707796745869551289317369 0.033774399248267900903516369339191506000975959360419
-0.067881628030223859853592751860451075589676808166029 -0.012907842891761656555462685795931893687022293068355
0.0 0.0
0.0 0.0
0.0 0.0
0.0 0.0
0.0 0.0
0.0 0.0
0.0 0.0
0.0 0.0
0.0 0.0
0.0 0.0
0.0 0.0
0.0 0.0
0.0 0.0
0.0 0.0
0.20207928792527649477087825531094092901636686816551 -0.061247915970987770225480671771928981322021083946529
-0.49880148418451359765882537890811936774367504885949 0.15207202172600143003971004049985166673623424671157
0.66003235961596936067202789417445842379975064717771 -0.20411503792573270127114911632026312809229421710517
-0.77521948059850060877728794085704556025911750950252 0.24548296589406714018373104593171523893486888887046
0.85738240372172947870071172217641053133828425362161 -0.28121067865454998625544357360326096296280958171936
-0.90981791819639685273655041931964955910527966535441 0.31371218448410359646357961955997433891555828327045
0.93139422759714459379467767573709605585548310445493 -0.34469283292866718594044214160290207345811417321589
-0.91692412062458458747194518813915579276439122890937 0.37580037126410263386741651877362100486816272788128
0.85510344721304200028069498402074764184840720610307 -0.40906729925629978009833505008649689796714639465517
-0.72267153833357478689903334375027243352897890668823 0.44748559015806618066982115449428603230921553973374
0.46896603101657747550161742045563229797745329964793 -0.49611595198891397668524139946274515397662394640070
0.030240203870957563799860673851184587264457748348320 0.56477051407722264372000979441461031219118393456886
-1.1437552542949907614101555037543324913942433670848 -0.67600104697995784660996391879402456722821514968434
4.3875957217615131071937266500850551114135106741929 0.89700658134564676849671989497078318129537081726055
-22.238863777908221802363628666049154817427944074357 -1.5629424796965179164265167870935603035104016168713
39.221168829818020776577023128560200448089355017754 0.0
-24.455109456691383310489767881247827811971032294732 1.1289880268723453408817196630021790134108900059629
5.6279061716366171114484667841781961719946589475016 -0.46699690458739323397768509012290921440583321515997
-2.1148768746569577584875695535962829046345984995766 0.25258279720028178776597600311616512743134090809782
0.90600050722191281137038545305181806737892222324265 -0.15060636076886632796008543663988494208116822029057
-0.37790081391605922429270075348211833423651074906367 0.093868080601695206035360323977131467436830132587081
0.12542133576846931883221474438869108296764556911659 -0.059760696943097392719946303920169470716159290066296
-0.0083407311471616729682385634925135213026051090120128 0.038266125405816502655648478240759770169705443210631
-0.032181435992622077890391068785546259892782361346592 -0.023654589374401069500760712704522432921954317479633
0.018968142845785667156063040971278230510962502517065 0.0087428037904257061093909897791167764961742573105284
0.0 0.0
0.0 0.0
0.0 0.0
0.0 0.0
0.0 0.0
0.0 0.0
0.0 0.0
0.0 0.0
0.0 0.0
0.0 0.0
0.0 0.0
0.0 0.0
0.0 0.0
0.0 0.0
0.0 0.0
-0.21007187141161523334061359295366108244729316651436 0.056011107900827005959765282538499040856115679313296
0.51875032739965859261313877336157584784164291922889 -0.13892344727707908274858339019898773360674415576345
-0.68716666643421839965555576996127549446277922964208 0.18599720445051610804579843827743020868132084437628
0.80864103182200553896803024809991560958872002748511 -0.22277731171284515448110264609914135246144545623869
-0.89718398069312583794450352157519306927352570473518 0.25370176411533135818821349156878187266675818789932
0.95699540221228360683872018265119985828918740748035 -0.28077041694479715887148197211369003195726905260770
-0.98824443539597343097036672076858437297657566903346 0.30525351770597310021329537076957039393107729612118
0.98802784604426771197758915016096781420498685370555 -0.32822043002459820776784829914106302971631481657464
-0.94951747210478863411728363648632068607465109225920 0.35081779756283225419612302603219361513116688272084
0.85910538377762334620351004028128289408720551398441 -0.37453077317331002832011528497540111973335015536345
-0.68938482747894099540522044112791797214385703236790 0.40158177438031028758738753507372750006169015736979
0.38097219965361159651494382444748442771837319639725 -0.43573894764041221553300154049021974441699384671993
0.21166091090106554179527070294111402075449528360591 0.48429521229309797100843808028880964224166052414804
-1.5209284560578765165869698470912522696853919121572 -0.56397790056810821712341364788043811222224757574598
5.3267034434826381781130996920837294144944998317126 0.72456870356924881708473110306277314492142217927788
-26.301554749888892551128511098142428702299498688486 -1.2142305252543918339674925727450925336433332055498
46.463358867652075116922675815419858531570076626241 0.0
-29.224958093044884730113805093849706434317229981367 0.78644340833758493762487699063343567299271394957154
6.9483337191891053209595279423161552718341782806923 -0.30060999322450481486604373450628056323947152950810
-2.7766229906081483699992758696676104360222539666113 0.14643470364877092996634121511290557553863208354659
1.3316575671660386134221617426745194330071778402914 -0.075795999752822280317110834691844402778764217233932
-0.69062572991536051016754574320842599817353698059977 0.038942239049179072866308354045120617338095049170302
0.37068632026992376107044518548150617318172955860347 -0.019114636067714152744182726127181074719559832544743
-0.19858090311460958568537838697521924469741894397825 0.0087834682609969642269898142418196485156206689026389
0.068130938147072062371356404484420531363578718534105 -0.0026702670826121189843721919066547114860621368965400
0.0 0.0
0.0 0.0
0.0 0.0
0.0 0.0
0.0 0.0
0.0 0.0
0.0 0.0
0.0 0.0
0.0 0.0
0.0 0.0
0.0 0.0
0.0 0.0
0.0 0.0
0.0 0.0
0.0 0.0
0.0 0.0
0.22038745293323484771350393509150819999633101581677 -0.052447307139960898977132400147706645567571773083780
-0.54439008720290055008739435104904524580956193532332 0.12996544687425008579614882775365455045624396395075
0.72168477810148663717248265815876619623920962662492 -0.17362364528387821332966345093786881967075477000771
-0.85041627897429035088607570552544705372448062317375 0.20721975179045325312178265321048232683723616827056
0.94561461276798157500631087686356688485311699397160 -0.23478906342144832341302667740391965335614458225751
-1.0122035853036699924480730333909040644274396562508 0.25806427006951214659688040760239483098757194027062
1.0512248190037250187273908169034636757504452593797 -0.27805343531202285126295471785832409248901052403323
-1.0611534128745256027746244184785677834248650255348 0.29550261127055871102702677090210893939404445442179
1.0376560714967743206346712629276581126754467963154 -0.31110021459862032669408555771057125997854068875522
-0.97208283973779928792290298258596562389893550427384 0.32561527372392112626022619349003364443730029640113
0.84782613789698767968764624902983598242698233328933 -0.34005047629096100516701757132629199642654439659271
-0.63175884870620128698269827011645538544859555309457 0.35589256265100005591992787746505412332370649619748
0.25222675875024522337658245286710912087490691986826 -0.37563089905900809094184701965346600416881017482687
0.46651394525647134892736977621918426962614893884219 0.40403480967269890550223939797038453184570639224101
-2.0475728835477004918402705283106573485443527863734 -0.45197525738726778523648654071932348002029099895708
6.6487937774879245693024814972184864660440103130187 0.55170893377276150798150976857469547328494755494255
-32.102444304674726159659309694967764703923706137550 -0.86387654122741905843335385126766850645830050271353
56.954624317838426860376604190097892597702480948002 0.0
-36.216444020377766309825445561408105632583647087003 0.44207575170397472945697732118526748286663345845582
8.8925559171741381551933107276592768322562985021052 -0.13401989004916527860835077000361014514800550278798
-3.7452086994365180354899026453083812491424243593274 0.041244610585374128050347362830533272820602355197771
1.9406991484941022405910077597808230822831017939795 -0.0032763765415849513669178101357237158620584240277651
-1.1132822279365527421866650826303939990962446097281 -0.011872808874441820359577462652402118290009812643391
0.65235717159441437275223557596159642520109851850223 0.014565298997770661526275753930103914067858430039054
-0.23665528254109090683556527666185930210333100667345 -0.0067539060691276472675666783328730224698599564071844
0.0 0.0
0.0 0.0
0.0 0.0
0.0 0.0
0.0 0.0
0.0 0.0
0.0 0.0
0.0 0.0
0.0 0.0
0.0 0.0
0.0 0.0
0.0 0.0
0.0 0.0
0.0 0.0
0.0 0.0
0.0 0.0
0.0 0.0
-0.23389178381062158712369684929940114468265030665818 0.050390471866715129296542404459747137674967959145954
0.57787643267770355536257039097707404130748158113838 -0.12476966870896451920947761946967733149950348324528
-0.76650319051650792808285300710378133708324136324205 0.16636674596539883922498079464584324464911051726095
0.90411129397763095908128745204911455447552892974715 -0.19794909732406381588296057338477337534474698052666
-1.0068914323603621497850666448124508203970292392343 0.22330283855866198554688467863968653621630302991566
1.0804317531440997856157121756500923976291976571205 -0.24399362581570938092919451956052121757118256421657
-1.1264225006039321611500212119458522254418893045735 0.26087003432403884726641448887168090842254830159434
1.1442342193773949864845807908949357522284105725661 -0.27449123884519017338029185831745682150429937879722
-1.1310219036007274969556406015634774668116528297796 0.28529695329436603507955320023381121929316585662264
1.0808906611603551448836257686322965000179188748839 -0.29369451740502683636528428222170457094812479028071
-0.98278912475285337378697166701663929003206523556664 0.30012037717376193157821984256797425074785540586873
0.81584976937151023895180481553613349565063835594813 -0.30510671673014752015708302182931536892048782206233
-0.53860335995618184723539422790799809842580281244749 0.30938828559827181810687788991450977673142595690026
0.061302063499246820891691702581077696242485625229093 -0.31412295454990115374029896498563127648299762028272
0.83665804075936287598512537939621701036748853565076 0.32143676898989702172318827286800696557722514922500
-2.8138315316334475584865138912641966308048846638900 -0.33605996057128012942130119651129374950467677357430
8.5957121186905277041602659709899975458388304544387 0.37188152817462978916801304467346456695844194216340
-40.787096938548807645466338532396631949056138774126 -0.49786739219307188611012847733686858640825309127265
72.934690730381799761382505142221870885131956795072 0.0
-47.017680266959236735927258435922864082300340111952 0.081874389489732654640322185326455478546278008688405
11.918699840448581485089274356344224565321011200054 0.038904033711383638517121006276572993040054667096524
-5.2427160090939687731839747607760422482669959949230 -0.065675393880621951413252956675517885521893740998940
2.8442962615463602988920739903197754168595913941249 0.066674097802943524391480677752257093691888317559556
-1.6448535379153425009834477191233102565505694492224 -0.054043674835341216540142903937085093962255775225876
0.59644244167782711388340169420142695795498244075686 0.022420091592805148583754533292565259497255557330324
0.0 0.0
0.0 0.0
0.0 0.0
0.0 0.0
0.0 0.0
0.0 0.0
0.0 0.0
0.0 0.0
0.0 0.0
0.0 0.0
0.0 0.0
0.0 0.0
0.0 0.0
0.0 0.0
0.0 0.0
0.0 0.0
0.0 0.0
0.0 0.0
0.25197898870292734788163689204733025244722105396984 -0.049847929829373703884562385455533677834306007016000
-0.62266569435887060682801651890464004096002521292521 0.12334245194832953217992118789544138377280080742555
0.82624674588405623672722401091363748173403511579263 -0.16419652517804458589518508016859700755537554765536
-0.97526838622462720045343304507690347292081104465795 0.19485273177579566430123243587113836389365726673828
1.0873523221843236894188015841308124134914560104124 -0.21898518512682260913694594285275084871718502037499
-1.1687826860641940046194473676875080022457133351362 0.23806941498411387954886052600426118279028446490223
1.2217941681767994339078565686137290515076700929078 -0.25286165608841929564729518519964813602847893488867
-1.2463861834544498332611081510415033543443795727736 0.26381276037886868388277055094347255191428671287252
1.2406505034842905055403160476053694082249320839276 -0.27122328393026616029714671911330880049298159881735
-1.2003051359349657016696524019173612423332396024228 0.27530911237422795848232495372590410314172104798682
1.1173518920018935052268271059656803794734613589651 -0.27622753603001308548986343888814969560565393690882
-0.97719932126876504274840401221262999815585378619645 0.27408022954366307001265762851503912671229304268787
0.75248386940453637263599106850398429192960812083644 -0.26889583943710414191818384709686947133432654943265
-0.38882785005080278937116258937279830671597094125125 0.26058339617250465385271668406346593901794480716530
-0.23177343018974158061610678010547156603073476893008 -0.24882570199785851721343842127024456543357615893472
1.4005446540619138392252188999402328561877658995345 0.23281546948504185319192703870119977835307572172079
-3.9909255315904455878864372472202532026286012591839 -0.21047509852058107383366098078816276982425894253328
11.635876670963395543177248581432889756913066191725 0.17536453260377332827846768418698961038745622645135
-54.628177774464267109970969118972269536815223206195 -0.095126953920861794539554365571061592431496214427375
98.976583884955092241489375208218589103409475778788 0.0
-64.943130119367159206919460324955259451411081475856 -0.31500561290830324799512913441042818128008283262296
16.991591871290698936763156302281629545648071982435 0.22644407170746942974512138493245389223770909448097
-7.7090889505900757856232771659013095892916515610322 -0.17594558223128215555237510309272777146692303238766
4.1484355901020464927296361705229836120371388351097 0.12728424897931188757483719088062766549475168267238
-1.4691590082190449921130154037414582611746909941901 -0.050732799277651948505110157272494055903929989837306
0.0 0.0
0.0 0.0
0.0 0.0
0.0 0.0
0.0 0.0
0.0 0.0
0.0 0.0
0.0 0.0
0.0 0.0
0.0 0.0
0.0 0.0
0.0 0.0
0.0 0.0
0.0 0.0
0.0 0.0
0.0 0.0
0.0 0.0
0.0 0.0
0.0 0.0
-0.27711673695175525154345259033479744332033055446892 0.051062924751761464295073485434019501439324805534524
0.68486443204374244072482088648333915203733047189811 -0.12627693318406766749535417783349106626390004379909
-0.90904785289391864895061476055440852898081469990811 0.16787428838807151421326662892173300064157879103788
1.0735491303419385148312083072860733393549714643352 -0.19877802713611762097752821975071920972918859038891
-1.1978851174059465037935206345954662539562777073073 0.22269445803261175402747920873872618873765110850092
1.2891649733983279778909170545445389838543502495039 -0.24107892933854264867279573813555547990825529845044
-1.3501501241003378589595959712655208238146973854072 0.25464595256685334314082203609545209078708786986643
1.3813249399461066414531303466264617472282275105926 -0.26378794397109787036811437767011935989714895721305
-1.3813944964089811065374467225692265756851282653760 0.26872744997513735718845498114281886715492468177632
1.3470361410073021258735491364657861754799981728105 -0.26957499235138710973398253608961070812118727469440
-1.2719599313439723511364523591095021529256748331511 0.26634164188214039271115468080230709070051209489086
1.1449067252496706613052243244988355682406599479143 -0.25891968315852656837110793956421211560560782608515
-0.94556809280225088630150087019133051765865246848158 0.24702763288820945848649182113581653123330051679602
0.63589321954851526451494595454086319850030596124988 -0.23009782247615932744850765923953821666681024773918
-0.14000411684735614789291945496593505106442679186198 0.20704867008604974850526782313160354467906543547743
-0.70769741286516873755769411797176865192108317114127 -0.17578739009330252143663608029887282999814293296204
2.3187318712660932434056194848680546008852286871197 0.13197882449267257155287181978569633589413598642123
-5.9367640617221007261483937694545311213921755638664 -0.065379406466670916175182573664769623296189383593015
16.775893474198322436704445731241440694846964726590 -0.054758483223471183745105373192915431872987299453664
-78.674588161510259554126205574118816417266562216099 0.38160983030188407531843263401890859946430630899518
145.65801122848408019348527342106536734801484871481 0.0
-97.882684601269679789826003438605187542977988546540 -0.78477319858815861978795323028092670841647190974631
26.401965384785154866428336832812759268939914192397 0.44010129402833824126996467877927598486359992400202
-11.937201180104117047475917141056095916256964683344 -0.28214190460133137318457608528567985823450289880210
4.0001868525574021842256282441098395388157089925723 0.10797364000159903143462275102623382423676277826086
0.0 0.0
0.0 0.0
0.0 0.0
0.0 0.0
0.0 0.0
0.0 0.0
0.0 0.0
0.0 0.0
0.0 0.0
0.0 0.0
0.0 0.0
0.0 0.0
0.0 0.0
0.0 0.0
0.0 0.0
0.0 0.0
0.0 0.0
0.0 0.0
0.0 0.0
0.0 0.0
0.31425105477331377691064616870573410278757235990001 -0.054725589336079743738810724565726127075516646695395
-0.77670308124009769327650886759889024559743885715642 0.13527281290324749914852188345737043997978471696991
1.0311633965550556882183690443165704127779417373292 -0.17963717524991211131553099999948037491906224545295
-1.2182004603612539850574715753094034252748529903155 0.21232983186524504530943721175642206781433888406849
1.3600536755000083979182481832379243333357732603500 -0.23727594723904574798302464078952376194614802710387
-1.4649372745806099515995086310929364156889580306410 0.25599108187226272913671009985875498093207316134979
1.5362124486828966007521512329082271618932400187701 -0.26919599128766861596806053399535960968843772523809
-1.5747880823343353786712614787265702471621333665879 0.27726222962045461257402827436824847928124912403637
1.5797780434214099985004089022292571191448310964896 -0.28037181530965347179268525272881598010305055329134
-1.5483918933681349756412761346778446273869760697448 0.27857497962426657312194413466542285678659894880860
1.4752058503801381770741334046979905530117156831628 -0.27179825708953235006395362567357352075862606442374
-1.3505858088060651201689978980435489759169347480009 0.25981700852896178358093913672645103195708960810710
1.1575828977167432325605300331421336506065190726479 -0.24218873001047809083229680422913153683723034557445
-0.86568598660422503063174846487318243615942899932162 0.21812641253820723436271045300824056110279684788242
0.41746140879117774296709997167793126341801698242751 -0.18626085035184825044117215902065218447425784530387
0.30257186101791602959515540592167338835686706256753 0.14416929287996324818735366403113227496423230178764
-1.5491306923539866946743176273807186617573919635873 -0.087350666398517398860934623330626142700449676769023
3.9629565924002783535374157256382195169909179252270 0.0066904435057514358368859559371382034828887584302514
-9.5060576604547098238559737285338741575341108714072 0.11908218564944906339398200722228728844967140952334
26.516894658757141599075394316304039451191266787792 -0.35338617129290194817431788051198068161937546289916
-126.09364703824096239010643533832693016563980041801 1.0109542368085301329445548299014107445331042438645
242.31194391844380154575069366980968257563555806486 0.0
-168.57800407481296982142424726566707854419622484064 -1.4010024254087050573705721642914084443593509522956
46.293218025185899499786466963166260409931463492861 0.68709414506372968472752926599052367006484673447037
-13.633477905454132893420920397241782428819605257687 -0.24470005777135118283887259352405537128455214374806
0.0 0.0
0.0 0.0
0.0 0.0
0.0 0.0
0.0 0.0
0.0 0.0
0.0 0.0
0.0 0.0
0.0 0.0
0.0 0.0
0.0 0.0
0.0 0.0
0.0 0.0
0.0 0.0
0.0 0.0
0.0 0.0
0.0 0.0
0.0 0.0
0.0 0.0
0.0 0.0
0.0 0.0
-0.37536912794095029378759170604709005949319192967374 0.062699943721912303219255649419751888839840838311955
0.92781519816213130784978856745064095756257032442999 -0.15493143490368061342881719119032223516723724126847
-1.2319553658692168265715702064256550455416807899039 0.20557567776513970600254681720705315809822390189439
1.4557655700741129489556867037293258937534245675049 -0.24266826224326632376896223240720271621703018378131
-1.6258952915486601806466350085620785642311096507042 0.27066759387167402068556344182289774688465336726636
1.7522754292015159823472868994605463640541370653965 -0.29127478589312389624895136358656292094176805859116
-1.8390980939697861560052168584397374851184219837703 0.30528110093138664516354323014851540433616169024686
1.8877223270756271840926875978802080083743123333312 -0.31307646915243703881673515362736191980670799477768
-1.8975249175184182556144520464446666753445889710324 0.31483054758377614814383959665230761932786120670290
1.8658888200315642754849083226214318662450465924667 -0.31055704418635570781403597539141700412666216075207
-1.7875575956729453584436995282285907219432002388873 0.30012136507248248556354498096544607521742564108593
1.6531993896550503605240636348629462068224942787985 -0.28320844575610772514778796953488751408666663660226
-1.4466389351484123167608950867828965767541756221883 0.25924858490164722789813457169382902838949383029701
1.1395026842263338206821509334355300938223396832140 -0.22728287661845473356840546391713933857304631606770
-0.68037042214500938262777036785462031082689508355968 0.18572442551104189243440864417851054308962584075129
-0.028753684412180765505078475655267222396170076593248 -0.13191794270580302840533256074339729420816755988962
1.1881851713478399295226726839120122772151160944197 0.061269396493591875416512361462965546089710756422739
-3.2486179595917382084086337915125922826412173242797 0.034645500639852152911655276058425471277205490074755
7.3697237041189236876985563045746962216267676877141 -0.17275615261047141639166809348153580759813265273005
-17.191901599838122397915698051004190396010623851003 0.39237310089863468826276765622552973038744752757716
48.602191912999853820505515382128715531972889227623 -0.81016269970005232026505340590217352286785661413699
-240.89798771538725012318968616619942961700919267759 2.0020326312296114640475606302867414401999653334819
498.02211008785033367586632843594604709306765590349 0.0
-365.73786626958988449083833579178681829401021591601 -2.3361459058154493314000583866483128146070992519869
72.225004544162024376921091214380455755402411780436 0.67829503314634443859026370381972358485061063524072
0.0 0.0
0.0 0.0
0.0 0.0
0.0 0.0
0.0 0.0
0.0 0.0
0.0 0.0
0.0 0.0
0.0 0.0
0.0 0.0
0.0 0.0
0.0 0.0
0.0 0.0
0.0 0.0
0.0 0.0
0.0 0.0
0.0 0.0
0.0 0.0
0.0 0.0
0.0 0.0
0.0 0.0
0.0 0.0
0.50177182709859767217819492855616727581078101018828 -0.081609101499218645423414580714478582049937340033904
-1.2402922556521902381560170850748232357662247705244 0.20161175165157212658951963676207170204481942804889
1.6470023080136039356766846742164988856908673469137 -0.26737464601611828969232456937244285429162016261069
-1.9464973088502069577765476385204040260478493933997 0.31534917130145115132316386102531266679078360632677
2.1744679450369422056452013020301669711847290907382 -0.35130659387482336654897626654964865696024388482858
-2.3442829261279651796117091278018185678743786772821 0.37743275791191506947816008163812498635810736499998
2.4616841810086709829850113790601086060630164401696 -0.39473067736604216530243322358966134557027200434682
-2.5286994560431050220361706813644464453682224542484 0.40368105707596345104094005293908175111497847773275
2.5448278871548862821674198992093242196174383462922 -0.40447689873947361678238463697117809552621949507791
-2.5071103917704768875001242388283230796677660427077 0.39710648228371680016771818969825020941293796264293
2.4094260758429745759083916946608179795203057746339 -0.38136322819513259673055161115196641382885267199982
-2.2408817124589266265435903343876357911110833323931 0.35680527896023891076656945757756270461451302142187
1.9827417093436387293907269365384682471475755907847 -0.32266408155459239213223337126382298901824749076236
-1.6026307361442231485618770080510122816438269527254 0.27768307670135721648895216751099863606096483634066
1.0431778098734128058192027734135966610456579833753 -0.21984199064930142309198845712049714784988189482167
-0.19845603018373680890853380406579456781751356776902 0.14587279150458906626171989516327348553954871789572
-1.1386350582761176928714627485103751739106661016438 -0.050363175604325889293830669320826515571197870886751
3.4052445539449608889562379309137210324227498916769 -0.076029523776853677765326938586385199815458956019228
-7.6238283597444873387624957876695177695860675967890 0.25049020558795170253549235937694881010824918432049
16.549112667206676661921257676441180843137560087020 -0.50776764671127579344534304887245752332363017587015
-39.308965360154712290412401305636664116073225652538 0.92908766362309699418948625792652112152187321721413
118.33661364358829835482289557163200795574355239916 -1.7563781013655656715141807508347344747622286091844
-654.24351734078644618267713666585254906181463945159 4.1789720327054366225509401978045228593050056289332
1645.0411483358014516349817543232319067550945761296 0.0
-1081.0734677395891650225239851381083936705804204499 -3.2205524588957229107822538248169079725685857124250
0.0 0.0
0.0 0.0
0.0 0.0
0.0 0.0
0.0 0.0
0.0 0.0
0.0 0.0
0.0 0.0
0.0 0.0
0.0 0.0
0.0 0.0
0.0 0.0
0.0 0.0
0.0 0.0
0.0 0.0
0.0 0.0
0.0 0.0
0.0 0.0
0.0 0.0
0.0 0.0
0.0 0.0
0.0 0.0
0.0 0.0
-0.75378787878787878787878787878787878787878787878759 0.12121212121212121212121212121212121212121212121212
1.8632581021098970231413223294817973403747427625348 -0.29942119850713486135931218226333486310719848457036
-2.4743338935671656543746159304879812455653494514919 0.39699892634758994803484513638471631258028560570462
2.9244478673450311902249955328473558339004713399705 -0.46806088105583678542190825812340413702043150557403
-3.2672577150599574403434589323259435934531446027027 0.52115907024019838070808150544183167081787138390313
3.5229038948698927413130388360704806861046084252705 -0.55952251284489758727604666795516481265277555545297
-3.7000963377383392239091313003813086944852560950899 0.58462455029933755818483982876078359184959074206718
3.8020090289245716603016173995868718401936266891985 -0.59716314464878433241444527294776270511177637195531
-3.8280894517134445827207688598996103017103700607461 0.59740881721482213425966945112505006341260426485488
3.7742144303200336253374779953562854389447638993160 -0.58532766512326818629117590343237432186666300727090
-3.6317250952167688739164100946847871528602640994402 0.56059631576065723232865465996387270521415596890231
3.3851834445408504327678486986087234614373826795862 -0.52254337217538906164948516227402968684277910114476
-3.0081133475937621852280621966986215202664253680505 0.47001771056152534144188471823415961254162896375845
2.4550384888916798466403463284769001518339005339246 -0.40115882013548922755166973427702104637653491566071
-1.6461062412775394614907893973742054972035278711480 0.31301077128112473115357876818758999108967022797877
0.43577899104274123596526434635968967267733084627541 -0.20085942232994393381831902132203545954391838086295
1.4553720698165509586732311536105436592687776876544 0.057040637288673737501730736426663133829818862703722
-4.6021594972551541127313554079992673551748283476374 0.13134104857434612513913928679668351645466810228470
10.299046364370388506701610520253177206216190975249 -0.38713804832228280743426078615433319044980468262289
-21.834425051625337234572443137729951262922884829514 0.75398339954356201959521378452100305921639299815223
49.074058343228790855367268066873542772723756114117 -1.3246143003499152441833249812973822826577367553638
-129.83477254474636058503578735304487130856167410539 2.3303354113127447723491365863433238462597763324963
481.32639254406515641865360227656456100005494569724 -4.5203361833679065149924217242068358316937307996625
-4027.5209274240347854437951039037664114345570758492 11.998113738921115046544080080552849318905370955819
9245.2991586538461538461538461538461538461538461536 0.0
-6197.8521189980909599109956347002592105486458687406 -12.493940797638507482438282513529792366139777499315
742.74343358346423886130041851183779382510435966023 5.1833743885163352365513257374681043778808344913038
-202.44903405290534117645924822147573529013206165309 -3.1227239590839004058036864755365872978544600677429
78.602979796313372127086707134805267030086573901300 2.2236560329664553614197550312296146302558747068906
-37.057430982570196557081413843221684092433414217360 -1.7431028234453826057292812684843069681485570725454
19.642470501206286642032847960962899617712606350403 1.4528052369147011917951920785056089526935534221996
-11.184239781780414060796040209450692172961562511896 -1.2616810705446915807206602694533161926307287753678
6.6245976654952162711150795401334796706367462187159 1.1270126292064267046893707080722321820914728498239
-3.9707784634793344836361704809380693641059595568167 -1.0264243579582624130851087885480248719826367466379
2.3356043401718554646707362586185455758128699102496 0.94721660615621255840789114435452143063077851475381
-1.2851969747587678507882006485162429662726950952991 -0.88172966351936065557676248308516628139807293663097
0.59084841738434208691102154349097202985810004044682 0.82511609089075773690122862286006719981682964587797
-0.12434246670740373894175651456418271245414112848394 -0.77418078535491305048123995821398726257077575517812
-0.19001254020602756947773261032938403891501447294392 0.72673420136268245578752257243146502119277404192668
0.39889793681264222259792573000254034234756056221410 -0.68120778764122973469122033512147828431314682494012
-0.53217133253145587020446148529835518316321814659619 0.63640870097228461773026794023025419177492294930921
0.60947601012493861677240007224664804395091978325355 -0.59134795181249936127929640897866117838807651516939
-0.64394950558394705579208779975869312964699391138234 0.54510103574759643939316460312231324037501009601796
0.64433220750562337241360127036352712986399427928421 -0.49666633681318166385867994137513290612026927451936
-0.61610479407736601612988624593965105844196341881318 0.44477308051894344772395388133584350509526260208233
0.56187334920362818020411511680595952453931152611204 -0.38753199152234214173189225172064168227348138574048
-0.48070929075731992965398227534244481853477475149776 0.32159278926340426683887529863197882587679421614933
0.36418609837711298557437261843743519651723609547491 -0.23923811566637740669092177267975675071260953103197
-0.14767846736596736596736596736596736596736596736521 0.096287878787878787878787878787878787878787878787879
0.0 0.0
0.0 0.0
0.0 0.0
0.0 0.0
0.0 0.0
0.0 0.0
0.0 0.0
0.0 0.0
0.0 0.0
0.0 0.0
0.0 0.0
0.0 0.0
0.0 0.0
0.0 0.0
0.0 0.0
0.0 0.0
0.0 0.0
0.0 0.0
0.0 0.0
0.0 0.0
0.0 0.0
0.0 0.0
0.0 0.0
-2564.6022849323467784066632929235601651361371266725 5.1698537658257175022777274286940790113874209196923
3903.0790217390314448446931249250277137971385124555 0.0
-1554.0171798996678663158064177780774260424467721315 -7.7035581643775421333114067609763750912899354149179
283.46400494336563761559237890595817276952996854438 3.7920598559658285978921718061605286017807352212094
-96.438269802395956242141709089951350134107916091272 -2.5239210803723695006499117853371154276157580764437
42.825927560101119266277557595798212363951847092350 1.9168843874224176729290750047981576245425003138258
-21.996074613258366503420389678711459246439136195067 -1.5696681871948989136042861914342376059344155875998
12.303673132221294331148232966452774391586730664651 1.3482197026735655077956103091034334687607453983865
-7.2159104464826449527843452500067109097981456840496 -1.1954046449348630331621115026324924105751200277631
4.3063173207735408428193285884187570564873786933936 1.0829825578376245333579402446695237629342049712313
-2.5350748665841178431824918453346074794695944942789 -0.99552028004110027810606441201340814019192912015931
1.4068479736380255373346744518185416580089453320200 0.92394779574050444135322948681181737062091497426158
-0.66544176406515485457081693462716795808569840829001 -0.86263017204900033356926227273747897321198015960711
0.16925872424767690337428388536032705777700643272423 0.80790359846318118204422935171898628240789654388971
0.16437970644792246932558027833664699968366178921592 -0.75728409654929267500433203721309941059893682543230
-0.38602436820412537923127389432506635470495095078907 0.70900887077340569406754593131157461852155238899951
0.52778597336765485388346510494919886340587971870004 -0.66175039378541630477850941901624069019540598516615
-0.61067664883462859233227360233410753770645230674177 0.61442069128951667737351188771925403840476129690225
0.64869508685903431154797058231555965922087132716708 -0.56601666873466131823863167228087468729442945088626
-0.65113741046548365795751090297081018546438659398009 0.51546715141829167255053308940759622810405654182776
0.62384636003083224459974026031438714378990888695557 -0.46142989261576121762281154981222643892764493124344
-0.56965692775050685746253078820034274147496215490025 0.40192680801336380956254114711189719336328832126780
0.48775946218869333606628915808313847200700947131206 -0.33346864279623203548293483170090649407449704444525
-0.36969787910980529868504463656238926357102325278995 0.24804052413296687859018296568547383761797643803772
0.14994136254127455160138637805026852897912672163467 -0.099825200915516794056710168261100491250543153464674
0.0 0.0
0.0 0.0
0.0 0.0
0.0 0.0
0.0 0.0
0.0 0.0
0.0 0.0
0.0 0.0
0.0 0.0
0.0 0.0
0.0 0.0
0.0 0.0
0.0 0.0
0.0 0.0
0.0 0.0
0.0 0.0
0.0 0.0
0.0 0.0
0.0 0.0
0.0 0.0
0.0 0.0
0.0 0.0
0.0 0.0
172.61970581057165887312886010087065025140888294930 -1.2046590001272567377625078157433825702017490462734
-872.82776259370163385078927630159819084365043788291 4.3267729106175053032706225244807913679168195870735
1188.5158324009181852256181215086619882958047228070 0.0
-576.33704607577695421556406024124050568286990627179 -4.8304287205161676283896167571166717250626380978069
118.30017629240858469391871789838091918567895281674 2.4888716689342165671216191553947992213180592473872
-43.702213955406067411812589596084957432083424893353 -1.7173868269424248198416122565286882399638420832540
20.540783048267073288654356058582263816738073517295 1.3394967086800260133370730902138260835029810205035
-10.950435675210814226402484306835896005847197155162 -1.1178079781986752275248685197621438771529587713469
6.2539216099094334341797389089438446805548779790314 0.97263177066371524221090260231872798781362492406283
-3.6856165082490801498635265742921959292687706585053 -0.86969207489896294649112580286060762643599830213895
2.1687866920153169629492592972889540979198991975927 0.79185903338013686196789649991672169861477066931189
-1.2227265954898021697291482217159602870629650236122 -0.72966112351356169923131524616505251949609365730797
0.61004994244116336253846756370591309139510328086422 0.67746379613427283205078605161612490793241402180544
-0.20398971342136066875056016056913613583035797646170 -0.63171913784467802157306998785785459882792220763553
-0.067545328753337502573146074455064122951463038834576 0.59008132105908604467472162930395808803137740968186
0.24772851509505658018292262134087415617423756131537 -0.55092133546564003862609748531920716516537931348050
-0.36353662217874925297648747211048218814993108639595 0.51303900719740953770509594641704436101413981568944
0.43239618696247610793763304111004136667259244379130 -0.47547546032824797710916662738812770978470144700289
-0.46580889326750078142017852479657854469900552267805 0.43737302022794701516564242235774832229907356281189
0.47137650630460902630529989228731668910216938927397 -0.39784493274840782707733728670132379711447598400681
-0.45389834008272844141490140680235661458113712928372 0.35581129264266789740114268417622179570373123165724
0.41580235660084306081583722515782081046406359785634 -0.30971310759386718696928157742872215908644162446533
-0.35674184796784466842591071290775497056809277035939 0.25683476491294657141797328760483808623861185687973
0.27070566952929636023368086816383423055989700656877 -0.19098026086771737549663702272124219982467498680385
-0.10984332424397687006345066448252087474877322726866 0.076851122786451733186558304614790589027351454393316
0.0 0.0
0.0 0.0
0.0 0.0
0.0 0.0
0.0 0.0
0.0 0.0
0.0 0.0
0.0 0.0
0.0 0.0
0.0 0.0
0.0 0.0
0.0 0.0
0.0 0.0
0.0 0.0
0.0 0.0
0.0 0.0
0.0 0.0
0.0 0.0
0.0 0.0
0.0 0.0
0.0 0.0
0.0 0.0
0.0 0.0
-33.166622918772759621324322291509471874587596380815 0.51158657543057102536547221569361915033846548737613
112.22888492071500260999532524507321351785420068759 -1.5013498778184555704196590561413821616754924645827
-406.26604789553510531600508070300184763865199851870 3.4050200300106470476772389553961375116081014578887
583.72902554336198406538812023711222670278568899619 0.0
-305.12994807573590435238834793354369942827913136029 -3.8233388053438287338981050205700195899428462221873
66.076578628688902314631332005952132355450367440516 2.0084320664513059974893463736629348055440665222442
-25.401576194629934002213602957103114297141819758123 -1.4077708915886915006726780173351086431369595692998
12.272029245589093582782370451387825801635028914764 1.1105398987872548730003951268315971584033132337978
-6.6490890163794502411446792939764916118635940198424 -0.93371242857813481092708196348064476173989321286189
3.8158430437705833046715710305072947285099888922401 0.81598630323995083467170030473725672758442439663179
-2.2299903250271452950893727321282528217158050323981 -0.73099825240211082473380791966390173899193547203761
1.2764331574679057112563279573938511197082927482469 0.66555105790203500321783734230618961738050269150925
-0.67429799724076338914672636896859650978685632593092 -0.61232274465271288426385021615803218568027515293017
0.28192782664045686157959754966479330908570756521252 0.56693290332329933859310569671871835263448344895432
-0.022178782057606300669715153341677206650306534399017 -0.52659769826153556900640717184538613356398933263899
-0.14961559738677350057783099959556487100713476910028 0.48944747693905640700394577649421257724481220530734
0.26063057657824089442308411072472946659802375459442 -0.45414859114570920957568381986437289790690060888054
-0.32805742699339030928413270138731373886815056573192 0.41967331603186969060523307925682602274529862987195
0.36306884374361894813908120074996164947756955988315 -0.38514079778374414175984631346128638520757628454951
-0.37298638919419362164482529347368380655103316815185 0.34968188847622146680569852897533096078076799519958
0.36245345035988133343454732121251171406579503169574 -0.31228268433341145670982443239543679397280453838288
-0.33394507586115608727121490894304761888338256242427 0.27152598829860826954805547966398230819728387928474
0.28753807791070224421908785847680866686097166872775 -0.22499247426507399889715263733519533641448789660363
-0.21863778303825151252092721568175540978439664870650 0.16722176776079984731731584354373004706162512735708
0.088788544060980351658747893956626326097186194313326 -0.067276978198861717243933678570100416429057845087841
0.0 0.0
0.0 0.0
0.0 0.0
0.0 0.0
0.0 0.0
0.0 0.0
0.0 0.0
0.0 0.0
0.0 0.0
0.0 0.0
0.0 0.0
0.0 0.0
0.0 0.0
0.0 0.0
0.0 0.0
0.0 0.0
0.0 0.0
0.0 0.0
0.0 0.0
0.0 0.0
0.0 0.0
0.0 0.0
0.0 0.0
10.094165201201771607995599825993067183688425902888 -0.28556107421852638948678900240561311275981432511991
-29.929674443897276352254188400155532441470407114612 0.78330040981052272633131194841093595017486315691640
65.368006187590229416212755477976956552968904522391 -1.3752522080176308257070157279007849172528149318138
-239.18320928140496152104890423112564391751864604524 2.9970130804901796080436130950157115842311686647138
355.59380123315952550962558700431180573899387119606 0.0
-193.45264586355858310947656131747590127718710574261 -3.3977282185566323714743373040773875842341176463394
43.140883692447602216167142053386812354821854453615 1.7996757600630649995250440010743078455604033001964
-16.946151506989545404582272103066989224163896627261 -1.2691181101531721306404992645756610188353988549255
8.3007696842412103605048393378136894462932139217734 1.0047716980448165893915576546985652215725657060785
-4.5239506718535770785626237986639831224400741172001 -0.84597625564120834385538815217214960513578564302429
2.5884559232844280794614463583134931272986571661901 0.73902603609912236949348599728513227145385998354779
-1.4904407742510867534024145859303709830554900470363 -0.66085159251761606656002726247664831625546216401641
0.82393815528994133260622554731921654628255551226353 0.59990424349329958863402874709426058270607689283915
-0.40102091414212486193571306405817616216175560295425 -0.54976500052244066693405038531200112366544710652930
0.12564586607002805962650181470303304021176678094920 0.50657547437279016712132127761940145042940418944156
0.055151519545354952670291103459969941281425192547634 -0.46785954711712060724109261349546687354839920284662
-0.17238808807187276919279560402486969272267032278675 0.43192317482557635638307434702840046872784433089246
0.24510673579484877032250435601998684274895555082382 -0.39751726470762127051950835588772700081165877171994
-0.28540900361769699837521753549816611363256253433184 0.36362449793162322560128318569977956278061947327981
0.30111795477316932264772116770257119703994245494631 -0.32929689783037622521839264976201964613385111088834
-0.29720437627200740014772917107968596065206202271143 0.29348824373033618674685527499160626097076594471371
0.27645853434926475366094578121389536026606789041204 -0.25479888463859299536219748252718908531069957962033
-0.23944079156368315899397495090664003746549426608637 0.21090617628459325310136568959767758053964823548101
0.18267089099427016397318748383287305946610571144134 -0.15664822413325926529766820606511661383288137282310
-0.074280743113373371995303407753562310854254042671894 0.063005442955118211980418326604779302927732997779522
0.0 0.0
0.0 0.0
0.0 0.0
0.0 0.0
0.0 0.0
0.0 0.0
0.0 0.0
0.0 0.0
0.0 0.0
0.0 0.0
0.0 0.0
0.0 0.0
0.0 0.0
0.0 0.0
0.0 0.0
0.0 0.0
0.0 0.0
0.0 0.0
0.0 0.0
0.0 0.0
0.0 0.0
0.0 0.0
0.0 0.0
-3.9758511979777778430881698725734804165741927792248 0.18701559350008413836264841059900000162829896095307
11.104084970540545063141156903285057013006959173371 -0.49701777239429929682523024853399471649497131472718
-20.174682153950905603939237652439237122252788601158 0.79281414448019523320226047859597337484471645527213
43.272981285704622487175999695047127925723017536413 -1.3153048331019635347815510994436869714587366460928
-161.62111164569415497155669377807750694346075386424 2.8386513366189708339613774018593026710837934524634
245.94955201139498488629060066083031983367791043282 0.0
-137.19595286967755098680125148459125468146839394267 -3.2320057515370072967760941253236951478470900223156
31.149166727465234921692680040799319975334048944062 1.7159017380429964897331978199966049134832804561562
-12.390343063790327302837970659405355200094084134222 -1.2110682105348768491187681376760664353480829311952
6.1121288885727023893512756215863896933095074683543 0.95817678695537766326354955874686055047184844776254
-3.3351768490762474228539548323511513904708484570447 -0.80515214452054643061913154619970722515923355741982
1.8974283669328430566672691028786159755351836767090 0.70121802440111703172775683105492551507847776032769
-1.0756541687730626034883474549283626730171408225589 -0.62457961390190539204123512669646939201570772549483
0.57476798386071070381267296485921423952311999043808 0.56432330162192473986576815785117767662720841091268
-0.25695017102725535594463863275803662402088749130718 -0.51436950755211128044552028172508906698000833579158
0.051148778895494251959404995835882020992534130376835 0.47104247580207043433479580389679051530309889400860
0.082139142309138299917404514014427669251922940139815 -0.43195399727499934450075734491009299962821683535041
-0.16620383282746144739160454187779443784809544865685 0.39543082051476506340338136607861499121814745895523
0.21539758967051200624602657172740438135258469343592 -0.36018533406687005607753745210544511851024370013873
-0.23881263724908686782505016572976623409918516631334 0.32509243642148190208258027304572280848595468111476
0.24220579916895004647844287358873071219596014729765 -0.28898931039138025996168258957820316701550721824671
-0.22895053423626642591194853230136859106700108810990 0.25040386544960495925496514374749503127170426934538
0.20021414935184417601287870392697092035067836287726 -0.20698270994799677847375587065178074844723516854869
-0.15356785585622064245477231240036516676911784599814 0.15360272791455338727847932876938031443253551920462
0.062579497367738990678619770003942245195867878813572 -0.061758377707154914203156759799832380569585442150454
0.0 0.0
0.0 0.0
0.0 0.0
0.0 0.0
0.0 0.0
0.0 0.0
0.0 0.0
0.0 0.0
0.0 0.0
0.0 0.0
0.0 0.0
0.0 0.0
0.0 0.0
0.0 0.0
0.0 0.0
0.0 0.0
0.0 0.0
0.0 0.0
0.0 0.0
0.0 0.0
0.0 0.0
0.0 0.0
0.0 0.0
1.8395830716975471871342411073597833076593946664437 -0.13606007045486978557050379298316944090386876220464
-4.9783985777002200733979867454206919200696918935558 0.35526492831053295850533735524183478579609974462632
8.2773008267925522231801666536330176379858959725284 -0.53977578109800802620840250801160196742209932153143
-14.521063229901673334916136992376679992504159801941 0.80476620715749484327210684596243087667074954071506
31.461609319536593962888493795032292396754763381058 -1.3124602655011550207374649723789236992792205538697
-119.75944692913734817494947053396664677782596154219 2.8212437260706537551715671082224273143514629562852
185.40496247004885451720395583378457554195946495751 0.0
-105.23597241664460154338565428772414365130216621844 -3.2094555440635739992783628135688929354175906648471
24.180202815180092233254061208135828890547564190383 1.7021048691098670674742382899747222088739213397451
-9.6957549703138396367130545839915573121159561932205 -1.1988292287511031255593904380720113936506699396164
4.8027610199948156508644203282880176739005502516172 0.94561226599027093214392706053892247043406001616871
-2.6211189034136992565022931631016477278109555267148 -0.79153061657414130106054510122550832764323071719295
1.4846077113674554824617282006023297031220935550086 0.68622250191153715944643722937801495485974308626428
-0.83255238551972741492022912730865904014339877220627 -0.60807463473846511024197020474014432576657392594167
0.43480018212652213631557674846526548772717463851584 0.54625381641340779055265236034931925354015667992577
-0.18320109877212912429851892549969621127434928028326 -0.49470505913332988739035813630551778341593849467449
0.021670631377503064360231700656984449624716964727980 0.44973822275348963664547134439287434176721078665537
0.081132621347425206819068875371191234533897628306101 -0.40891554543815616796835707347857608260988740114716
-0.14374749426102013106136178197579934412257782410221 0.37047313592483896962409636851375417919778797624720
0.17758658735286978649603983543074830545263793777045 -0.33297273696289938730894991222669208913622820216782
-0.18979313460877336928557190030393541208467052506161 0.29503354689002771355999680388418274143509751955474
0.18467696643773844782293197831611554354347191965877 -0.25501969040784119886327407388557998625233089223129
-0.16421472709788397776392557333979038477111328642420 0.21043702203152969480644519309531279813037272189810
0.12710656842351151957788846646157726999352447988695 -0.15600052422793860308342820248991256870901287172955
-0.051981283913815847604095808215818488018867703182056 0.062694577977827360712773736314024121240245187716469
0.0 0.0
0.0 0.0
0.0 0.0
0.0 0.0
0.0 0.0
0.0 0.0
0.0 0.0
0.0 0.0
0.0 0.0
0.0 0.0
0.0 0.0
0.0 0.0
0.0 0.0
0.0 0.0
0.0 0.0
0.0 0.0
0.0 0.0
0.0 0.0
0.0 0.0
0.0 0.0
0.0 0.0
0.0 0.0
0.0 0.0
-0.94499446349519936058999661507552315693332737052047 0.10660372538719219283524502650661299279511685527087
2.5123420326512806486208540660068274783219972195353 -0.27529900964330077854478920677777119369410365030804
-3.9810959234190081533476780211927702172428237746300 0.40638572903961810596674576533652813187694033431102
6.3292701366107017327859424081317119694134013650702 -0.57275833329970484983041555977093369877674671457318
-11.149682014754155667320289580511514848258805644203 0.83501338705352909910398185924973895550246552678226
24.530952665319586765320787915961967605354112041751 -1.3513268166226047914133365215654893477856023504235
-94.943167862974502706134542327714697155481646344841 2.8955486367567105182917828869293596169019757427637
148.97289001796538977843641273129432255173391442415 0.0
-85.663035866791227483350619340925171228086865583277 -3.2790348278981172499921761467615455736018441277748
19.856267804900588600191910025319843033328979819132 1.7337556568088895629590955962336671349696262599517
-8.0101726663972331751483839499742715978156350330781 -1.2165953312119065982818202300726789298237661179239
3.9823779585839711195747458454164860272660125271476 0.95546720774887247294351415979564577262454426063553
-2.1769877246517534296270464500292353871152400003094 -0.79587465257021111972349879773032855109989044725999
1.2330516321116929000048635574955983685249033952637 0.68627310841340956645435348065923350384171948759267
-0.69064483803660307735747847103899836728115878426271 -0.60453335289408041474226192628850996342825090677190
0.36014412744817110397116713365685373328112504490811 0.53954339613132239130068241289575438079815093987289
-0.15205807486597010621386901369785090528364050652645 -0.48506173002371833862753059997752056984666021936820
0.019793180186879160272274347333006926289460807531098 0.43724151860082484853164251037447723132378909622170
0.062766504089988142992816070274028167167299998431271 -0.39348083777234865758583381608496457482194970137947
-0.11107942328862030372836417149769285681745724243451 0.35180791393899250403985523383355920882066070156241
0.13461227314699322353299380770154977717376087605857 -0.31047559272138136429705070734526180900838702791280
-0.13914965343782383124532976519215271817148436606367 0.26756755677247799539238087191756776634732108121788
0.12780389147748264410104424760104744006589895596817 -0.22032914895500954912011526415220556079467731440038
-0.10061476280416843084172255485810644902178650708162 0.16312252400167869700166182851497195449948231000022
0.041415972298679817872254101183679508856877923909355 -0.065521352040014940480144890368405283476928085032056
0.0 0.0
0.0 0.0
0.0 0.0
0.0 0.0
0.0 0.0
0.0 0.0
0.0 0.0
0.0 0.0
0.0 0.0
0.0 0.0
0.0 0.0
0.0 0.0
0.0 0.0
0.0 0.0
0.0 0.0
0.0 0.0
0.0 0.0
0.0 0.0
0.0 0.0
0.0 0.0
0.0 0.0
0.0 0.0
0.0 0.0
0.51854670317279225510971378527759955558965750034556 -0.088217988898108598472620019488305304353209326947855
-1.3650252653111621614693980804509474843416285835093 0.22613328625797983239831824659026067794421296301018
2.1063437691760072814128480027194497159610702818060 -0.32758595288338003382091500754824258838760457809576
-3.1769104500680274969536230018692202628158056291209 0.44612438852916557718796006009107896847557711498695
5.0595901250053744136963099007776683597595811458063 -0.61244115361540113422158779303150811447389235349259
-9.0397597426242253958984479101033506870181583926566 0.88357244014970081198366972557930824477548289963732
20.209939556583362687539722081960307069880334503208 -1.4226281221297706949015649363665683691884329466952
-79.359520877633683265795923253903562171367369807153 3.0377470311433178794042069214312332490232373990800
125.89582765056940612647929499378457464540830103357 0.0
-73.145964735680584304459328815268274615560058937061 -3.4164122695506232054638043258484808703458412381579
17.077981744964255425467855546336124682620444026729 1.7990083344936781481816653212831336206735199060967
-6.9284507534074390065546654780358943427228602460040 -1.2566172214891648022182736091825454435979818850044
3.4611123214166454892003497364566125330197693602853 0.98195211761300890590356030864081568807259033300025
-1.9012972784169965610358388010367068157720276564248 -0.81348866873937477854013431481411648479523605949745
1.0839729948227340559363475654423798344062120574273 0.69733082878017756823020850554167700393536559954197
-0.61412462822970434813635743872672562697391877335139 -0.61031849603506721179099328726525108793272606359654
0.32835176958429649328281262942875627479502374823113 0.54078831558964590131056977110812365946974973513637
-0.14929253772212135435516852493964421397760610988784 -0.48214114475331256785391560124732209856952180554676
0.036556040384043432212477396809178415291583719317686 0.43024151529362786422557195522989145179090988310666
0.032539088818526623588026989544716825844974080032104 -0.38219096413485514390074909620849050541788815311330
-0.071413008597630360777109779092865549479521860591262 0.33563209026821672123571177100957099803693075734122
0.088223839129932641384930780166151756563295578197195 -0.28819563623511873598441656977127645586203464954331
-0.087759636075056465232072362089976591521408168615015 0.23671222763781522802977042932273219401650261717475
0.071786202086545970175657211404747590332117697138155 -0.17497752969983064695252992883497168914815895593621
-0.029969814625136179779049983763706347014539686249120 0.070237190984921076345197000398393663118135859220226
0.0 0.0
0.0 0.0
0.0 0.0
0.0 0.0
0.0 0.0
0.0 0.0
0.0 0.0
0.0 0.0
0.0 0.0
0.0 0.0
0.0 0.0
0.0 0.0
0.0 0.0
0.0 0.0
0.0 0.0
0.0 0.0
0.0 0.0
0.0 0.0
0.0 0.0
0.0 0.0
0.0 0.0
0.0 0.0
0.0 0.0
-0.29445986783307291405635582856173292758261940533759 0.076116253667852012700577180404417430963671326729123
0.77175183117945704894477995546267163310826339474283 -0.19408550505898759988160282774732252122922204914465
-1.1760046757627724103567994688649177257326864823120 0.27750091314869043584441359029306581321892850344671
1.7272508439285782805829120822230673491147123218121 -0.36935822955460712427662039319800822715465697156853
-2.6123834156360541797410964983729238282233522614162 0.48851424353693953896237236921738781771502029381170
4.2246248119931418174352821341691218473393676953098 -0.66227946141901875936792411468572130218914562946402
-7.6773049546844046979353588919818455977387513355138 0.94925847506369199014944711990108947055072666912632
17.427106372631807408026655954161292793422555527950 -1.5216527371726750230136148321550650901300217957830
-69.296684639790716846759805434321457277499847251268 3.2366248021755402336777543160058672887552710568066
110.96279060563331921507817125518560577311667168365 0.0
-65.035275458538330429017275215634705094602312229683 -3.6102206833531941337083116590571669394829962080292
15.287168781495872523802539890237146272363444546550 1.8922677519216992468291220100797291931001671852209
-6.2411460368972259331297458319259733264307327712476 -1.3151659285526616118335199538027082346617578359409
3.1394039656424367011620748097480669050755792788990 1.0222026086646026601416631644783611926602269073852
-1.7402829020985655300623832808833027563796058797109 -0.84195829727343825803331186427879724746701790390093
1.0060328517615257860805466581576690793963753740962 0.71721134117725054236518957323881400037571981886573
-0.58385809024635957436241212647749544503567927207859 -0.62333384546356199345309729553119108486425467752216
0.32743626486165490719334485602271172578660950287575 0.54786782396999918313002175330746627713251028825040
-0.16731246128007658344859828512321653792393029488715 -0.48368526636844113893540842284716946852501335204456
0.067133553071164896414071713843994091333243712564031 0.42620082589668122915505205752217167082180914555563
-0.0064328073079902020796230563004544367590534084275767 -0.37201069529141961859956210986563692080376825758316
-0.026936943787802748090504074923646507983806465245972 0.31801082663039757663830674534204592228340795802986
0.040372944835198502197494989792579202811085947869852 -0.26039342712699971396892042230466391722955655162969
-0.038031852680248206706233589187068588646404963089843 0.19211745872054114956644497407720781497679802577174
0.016627899424482263644166388667667299795343072155528 -0.077056288618728065561678117491341561821085640320264
0.0 0.0
0.0 0.0
0.0 0.0
0.0 0.0
0.0 0.0
0.0 0.0
0.0 0.0
0.0 0.0
0.0 0.0
0.0 0.0
0.0 0.0
0.0 0.0
0.0 0.0
0.0 0.0
0.0 0.0
0.0 0.0
0.0 0.0
0.0 0.0
0.0 0.0
0.0 0.0
0.0 0.0
0.0 0.0
0.0 0.0
0.16735045026895825438564828338749422787587462842840 -0.067869853988545363624280823006739112689224752125666
-0.43897479635496760911928329699481025208214131599020 0.17238477567612367960247315794741577119366009566778
0.66864084115826789375769481482404713519649341955174 -0.24413156540815231602559662968648681731600973028297
-0.97531532031790774455547127745827281599746995425261 0.31971160892131530993444857942941876332958835461132
1.4442320809356551403164487567683967250311763799341 -0.41234046150060052222997688067240753581745871606116
-2.2273664081165243358822589577141154824071837644956 0.53771326717644979474166563085983205230891064440052
3.6744749746120061500035191224852398123909118858800 -0.72346481380228098131132489486457908557139697601603
-6.7927666357312831284581384351923260710647273158263 1.0316941368455721822838627660356676597058863945748
15.632764530764135352972458753785655191017564345060 -1.6467679906212884966394520485978573507649233281196
-62.838547885405588264980830176943390838045683654754 3.4882765343617425611091522266638461996405506407426
101.45253588834991911477395953956461360006686937340 0.0
-59.927224369436290689563021107260431202419428158570 -3.8565249195020735179314427981112501792996896335078
14.184920828642603663485568530497885249030060463701 2.0115547879388372009831950730274930408009142593099
-5.8353060880519893740031692657881894167487353929256 -1.3908483313151285445313523839945883178176689970797
2.9634177500699321559875108415757853077015685229422 1.0750453660308756337172824499799467712574277201184
-1.6649392075168656122482026901084385633077282100903 -0.88016280146785280259857337417040513081430669455310
0.98244878417266669896757371514236696602011655288006 0.74473859535749111080599729569139635915215311390299
-0.58971355135360062322221878029207436015339432023993 -0.64225324775031409058894303257523281582425458660205
0.35110899639140210945868299302322989330619840338736 0.55919686929944045361561700053280927424675721495072
-0.20208458495703907597720379432507168991147386990510 -0.48769739247559763961249890701929607777385070736944
0.10871785117616015657178094256621125284254281330213 0.42246153267361390979833069726315795088657537308450
-0.051743974932575755002209616355399154444271487287976 -0.35915104710695000669528772664110599895151150562843
0.019450070611752514936128849557099436708748211412787 0.29296407143412093241196015253507619769175691034770
-0.0041322979976299014405094473859876259528628343213277 -0.21564737046532018779269106477755766078699851582557
-0.000036382296494884125774501108414564024589706849846951 0.086410607166139356886905904160268128240593536422386
0.0 0.0
0.0 0.0
0.0 0.0
0.0 0.0
0.0 0.0
0.0 0.0
0.0 0.0
0.0 0.0
0.0 0.0
0.0 0.0
0.0 0.0
0.0 0.0
0.0 0.0
0.0 0.0
0.0 0.0
0.0 0.0
0.0 0.0
0.0 0.0
0.0 0.0
0.0 0.0
0.0 0.0
0.0 0.0
0.0 0.0
-0.090591299915565004417361813593483774394196212855293 0.062151590737540896035615119356545744111443380467950
0.23965425884912267296511362834131771180712573431022 -0.15739300077383018026083110788163949285762221003157
-0.37084685852455998256410838349401328249908204238239 0.22130256791716452756521302380509487682222112869694
0.54919848415842780660102785895039426518907177938397 -0.28636018266316946953304675173433299188072785356790
-0.81808818799106036171553731308001718514660772790186 0.36273489775224384994756843658395616555642716820939
1.2466007174233083016926256557451219713202432950564 -0.46069665001457542623364616446551740306244474630470
-1.9727871236587534339502201676597234615071208214696 0.59574611679212330631100352468743318070844233802510
3.3222818823969332489067339704576306621770135655253 -0.79709445626230175708351436056888501746524624036264
-6.2391375608401024297381501073070188685985176864418 1.1315960790131516504292282769049529315570420916410
14.530929721573861790242891101057278038510618287691 -1.7986593927619480004849741893454650923633933272315
-58.954009679277095670503322096067744272175387834037 3.7938951757734682219270536642896437339195434201565
95.900289455931454421133175666676420077462038522267 0.0
-57.066651192998401556615039638318007724843777684152 -4.1565370937259621789818437608243999050454620388273
13.611463808669994788108125282401390308320785046582 2.1573999864964831697407286222954134168870460829611
-5.6513567569758322583816359133874817710102461728098 -1.4838798767844630329810132294142639990956326637808
2.9053845226704839114367373200011458467641602845762 1.1404410270333627364535096064726964772702294092372
-1.6607866825940242887510828943983339123407880641107 -0.92779729718531239981829105765818157701743432807316
1.0051919109129701375177945108964457108900879128451 0.77929139947006632135357430050860032879790437840738
-0.62704217434724265555654194216988406329142849567092 -0.66604453601350789649819836721882763047389354303748
0.39647534248476135320346237947691010685511948187456 0.57316956785262309413685376417815979283827875897605
-0.25141361174414426107774062171203674200518305546256 -0.49170909911340366136088536112057736735314661015430
0.15888270153507326502413620540745053856820558147273 0.41513295408272236686553097354551222290540388466894
-0.099512885211388599857520319909687234216384269517723 -0.33703189040290872271872896189589537131525048002054
0.059953564909439710799886591684788926796447586457234 0.24737534403513709933395903624930419090013172321284
-0.021829027754357133461518439566973295144878670729435 -0.099006593788274345809420873294218594445312999232162
0.0 0.0
0.0 0.0
0.0 0.0
0.0 0.0
0.0 0.0
0.0 0.0
0.0 0.0
0.0 0.0
0.0 0.0
0.0 0.0
0.0 0.0
0.0 0.0
0.0 0.0
0.0 0.0
0.0 0.0
0.0 0.0
0.0 0.0
0.0 0.0
0.0 0.0
0.0 0.0
0.0 0.0
0.0 0.0
0.0 0.0
0.041673381845434228857080419580419580419580419580787 -0.058196615089069713245738636363636363636363636363636
-0.11342633722412290162748584392646742367642219178572 0.14703763135755460946998809563689445490537002305553
0.18513840086411184437297373928438638220148436863739 -0.20559720628401927265502653903251203229671500094972
-0.29030130916560745958734017862286408102959663804304 0.26361949039141309052513039688147812784365012951454
0.45252844759669894592168047929517030751776114696765 -0.32948314660724040009786320275927991413632855233688
-0.70713204740795719578797436767710378348004002877136 0.41059689440101594134141234595201839655993987075652
1.1180753841367575521342523684895363214284432430483 -0.51680217040050586285646910549956985294886180463950
-1.8172549244213190504722462638999912613528116331675 0.66436163843628664834372686575233302487459073543332
3.1186740890005203855742655521989404439461309656890 -0.88479897254112687235322270513279346925868884055026
-5.9360364423769307342466708845390881320352189631475 1.2508716882295973862942647708086078782492844477275
13.963104021663650543269993614835105274161394650980 -1.9800990846949498761810365569029652935105270227486
-57.101597676976505951866467404521817286579123836895 4.1590824745028897846169708077471067565490949393563
93.556677767933424042021327089200392367813182292820 0.0
-56.081359638496016986717261516765332402242642414179 -4.5158974380951587776964865213717114860023075118394
13.492365384884607328495806181334726164569180457086 2.3324801991630663857840794812540394581824668866099
-5.6638047842596245348729267580646389752171662029943 -1.5958196097278364161099740489628585786014607479176
2.9548643804425544064294774775317552268394064656343 1.2192416180116604844117357610381565937316425700328
-1.7233638338297777848705934416419467048103157739005 -0.98510777070013734467115063300548950329014626136351
1.0724085472898218557256417255456898763427699809063 0.82047140369817520937263645158782642737105392200539
-0.69498454960343802526314412030791561727040269192780 -0.69350626827892948789170648929633717618914487195492
0.46260901768485376764509035649841209144586053124259 0.58744846189252228817698247424117098951671691119056
-0.31322548338394274849291071501994037436423252514975 -0.49157016062557947417002361489446166132982260766275
0.21269382735663128967235277011695782222333291825747 0.39670583321618929738454310472828532902490789608926
-0.13795065330308701754624869315721181438243442570617 -0.29012896669470103693590418689828071523401992264268
0.052231981620921955242023601398601398601398601398883 0.11594569141214544122869318181818181818181818181818
0.0 0.0
0.0 0.0
0.0 0.0
0.0 0.0
0.0 0.0
0.0 0.0
0.0 0.0
0.0 0.0
0.0 0.0
0.0 0.0
0.0 0.0
0.0 0.0
0.0 0.0
0.0 0.0
0.0 0.0
0.0 0.0
0.0 0.0
0.0 0.0
0.0 0.0
0.0 0.0
0.0 0.0
0.0 0.0
0.0 0.0
-0.0089220147071074310420105878387781634809796915712164 0.055550227816778835984476882244482314348542492815698
0.029350513523391770815488010109752051095064313598702 -0.14009549934685821510677371891263975226495903266909
-0.062979639859374009051868921793185963978316173654600 0.19503651986387837858103960806613012411705658515297
0.12347978235779356727262752787694976599482400658940 -0.24830734996269179073597167948765225313613604196174
-0.22406760951987703489463868899662871597649234775939 0.30717731948788011420954616588598801684581510618826
0.38439808143725483026144769418571516582421570393962 -0.37741280054731564581096006523829601760421548004509
-0.63786934456771880783085427397856262878829592501526 0.46588319900945030319850508510420721459741110045025
1.0471331867560592258547515427459139336609235639771 -0.58279745006884329901488952551511211243255953587997
-1.7428704735313925303774972545221647762960263367201 0.74570420806506837370029887307095805567307662579815
3.0376672822380662233500782303624218777629469518448 -0.98907673371797054883949689537776667317755262776424
-5.8435866230785729464248463393784781321394559096465 1.3928220012735394092023383815587635861582994544230
13.855796364658634495107425423804454742218988914349 -2.1961263909743604717339253232540066388617250583458
-57.053109789742630110371291323638929993748918798720 4.5941466825280786783227534068864747559025696564676
94.150063039579738026862088401987029342818105253846 0.0
-56.868298189446782790235998897895157980798612651034 -4.9449546330287569332408636832381797015972578836819
13.816518944476959695753875825323492919394728782278 2.5417255254994122694492204999883214680783177092653
-5.8738946296996746373754672415788217469813530666660 -1.7295828942834165352923743421432268433871669080695
3.1157370665611662916777858017226566652362289737274 1.3131071093586814507903866475253172419981103065310
-1.8567984916380517682231389036383015769150271249527 -1.0526785854707302709356452590031204928620438176904
1.1875026232896916069916671320093210560437686856849 0.86769091344471134122267072217701220769096001064745
-0.79542906782290184804796004402904553872013087438113 -0.72251175656386931104179088122765005783308425199662
0.54870090712314482636525963750329437216621706099940 0.59754307211493919796948123528919607039706604553247
-0.38161033913928684773741857669450772296927871722627 -0.47850052288199619332546720674022747761003130896626
0.25281280086471994528500522931205443900678930837441 0.34833858450007159783110223840438680675608570707758
-0.096757458358798281105608919994084118555149938813861 -0.13894537208006903235245730233208566679846714887187
0.0 0.0
0.0 0.0
0.0 0.0
0.0 0.0
0.0 0.0
0.0 0.0
0.0 0.0
0.0 0.0
0.0 0.0
0.0 0.0
0.0 0.0
0.0 0.0
0.0 0.0
0.0 0.0
0.0 0.0
0.0 0.0
0.0 0.0
0.0 0.0
0.0 0.0
0.0 0.0
0.0 0.0
0.0 0.0
0.0 0.0
-0.014103844426340035588577081324442882160049914109644 -0.053942471924253576464961218456756929200400663090311
0.029486595375470261560615037315079295373244831329142 0.13584237508236385558100608407073828406803966155890
-0.021572427274493623180238194323881002494688872319819 -0.18845842665256515892033601835127004554325934345672
-0.010048642461210602089826271930841781967585757060159 0.23858803323746366228126677157338614188499190167198
0.072622643137112326034770006504712395115001691843244 -0.29279793317580746907526903434193410314175020816643
-0.17776626287607478123740698685447117856021309833017 0.35585710929628738856703076492161652106729994959709
0.34460507369953814654108125954925170476725998032332 -0.43293872542357868581264476103313260272496639511036
-0.60671847601115702923733293296267949134542661682397 0.53107115895995825314967192119602510889044501751134
1.0278869145959512224239432936607855023336146476705 -0.66125008415427488141012123463679569294517604382652
-1.7419057113717142526824142579874392297618991596278 0.84274342119252762590116157782670198833046216998310
3.0698737208635170494576040779387288863232956293783 -1.1136646251904257679358549316966211724227616652972
-5.9510167429612787871837552537814788882911530389558 1.5625617654357938231365569053215892472260851702736
14.199095161191962930472964883942012431155252977004 -2.4546554562341932272928286411820400973053503593323
-58.827720549955882252118307183201000014564674241175 5.1153352315017683528918884639123786675575208269335
97.810304105785555350881651655306420595015173778326 0.0
-59.566410233038757770452025313967041703984379831027 -5.4599801509017639999790576828716965794062805214285
14.633733989234070971686839463025713494949906932627 2.7928517238601897160794315915016890991455841710336
-6.3102449298988595944598910391400348212811370686215 -1.8896738333838500581995294393525966813504620781850
3.4072533671751245263104453596032848384409939377129 1.4244849308079738423893942145222773299033669888184
-2.0745302043779316141199210126465899046388360687212 -1.1310990414237356600098785926321050605223315529228
1.3590015551600985777635008067918292307980498002080 0.91934970605005289321470146391107758087830462945843
-0.93117636751207304700126637383959928925314629063066 -0.74827598186491760530618471159082130058091241215340
0.64855234059659197492714015076170064177338601479480 0.59303856567006379661971361460312803684386389389484
-0.43139653540692806053965859201915153354474302104296 -0.42911086782513294624380386824525728024687931852650
0.16552280119033877561517041061209766820310057402069 0.17074230052110113711949404929413923879734871507606
0.0 0.0
0.0 0.0
0.0 0.0
0.0 0.0
0.0 0.0
0.0 0.0
0.0 0.0
0.0 0.0
0.0 0.0
0.0 0.0
0.0 0.0
0.0 0.0
0.0 0.0
0.0 0.0
0.0 0.0
0.0 0.0
0.0 0.0
0.0 0.0
0.0 0.0
0.0 0.0
0.0 0.0
0.0 0.0
0.0 0.0
0.031166739671973429308853815416482779712526975531489 0.053224205543853526542611968972735313558512079155380
-0.072889586940183162694148614688776523329587127109102 -0.13387591039400852635672088569029222923999135813059
0.083282553359660320796893116559037654489846793408255 0.18521136131739590747302376197890350737042402691059
-0.071354424896003228411493599337769145382763765380138 -0.23342648656812827584407325372712751119125652286933
0.033554878314572807209801874853162486744202007828668 0.28465163428390696295017517767801858641790569558518
0.037248607342950128424838576602938586589586416818060 -0.34303216228976339174791633712747167501143343594794
-0.15283906163375009026939205704545689708540807255601 0.41271726823785721397301450638192969891272904464918
0.33302982279212305556481375972229190026276064943944 -0.49892259211732712566894529230617904483803527961680
-0.61299612251724182908807610711369661843479916052911 0.60919698441098121188185650458344969936004794708031
1.0599644286572247914727409780718821083374282808828 -0.75565972636610444519922821946801132935710213877958
-1.8155171359785071845132261064893766473391939565730 0.95976516217607813916441127639863677769139602024946
3.2204488459741149607550354696933464841920067511658 -1.2641121891966768666713287020434682170741700058016
-6.2741542350667022973312764916296594342087499669935 1.7677901594705519751037529022849453567102631078732
15.044742679298606423020527085831498614972065887782 -2.7676730040477855442306001701311667893446849669076
-62.701187592734689438726177395342097797480986719229 5.7473203161807296307983386601981789568919171397234
105.11392420126139769310466233953311898082270812769 0.0
-64.602589472052626905151286814271149813479085372219 -6.0856229935763148711086558281994618759206932236013
16.070855650954718924631954029770781260566910689888 3.0974303473825520819659567141326613947733515643841
-7.0377736455408635883160706780418017469372891805063 -2.0826357799396846660922053256785397385657856032604
3.8694514358573084674442628274212046030819828320614 1.5565111587041102523436224671845276205988315683037
-2.4019197729032163524921998576977550779989492977953 -1.2201259529804803196720779936637651962869504613602
1.5996001424994070859127086800987170400379275495099 0.97070531171622914944150262238119312660360494895008
-1.0984111353085302494522046602733644766459474021411 -0.75840974487819254954913130896428437213904348251702
0.72606681829561546034541259599375159646831794298385 0.54428210466226263507207219837650601684124727573559
-0.27802263675336816058435797682809170341885979923424 -0.21585361610011361686869711707817236046787526198838
0.0 0.0
0.0 0.0
0.0 0.0
0.0 0.0
0.0 0.0
0.0 0.0
0.0 0.0
0.0 0.0
0.0 0.0
0.0 0.0
0.0 0.0
0.0 0.0
0.0 0.0
0.0 0.0
0.0 0.0
0.0 0.0
0.0 0.0
0.0 0.0
0.0 0.0
0.0 0.0
0.0 0.0
0.0 0.0
0.0 0.0
-0.044600627884835513807676196061444681945919479818228 -0.053336634124422087786083087842610853226981595486450
0.10689774054076532401452900626685995479427969386630 0.13403088650926614917189382594746644920130919673946
-0.13109499560625430177690247052067656250279760662640 -0.18500707299115409714800985997418382515580114380972
0.13333044156220605763345181713206444653388475431139 0.23232819797002454610088624559031909366605420902642
-0.11250332340880449714976032823528846659241024198897 -0.28188022251804260165686589976714769519265385497025
0.064163027394365656575621919433647122608745033416370 0.33742105628461226702178136573827889137638807032036
0.019392677122265554847835227592197505182313313875284 -0.40246303817682735145397796356287096886477402544208
-0.15082599185737189979644174189868736312937280572501 0.48113141381913496674678206123114415222852882177242
0.35156083538715179061615192299274175748484704019803 -0.57901314872462661463369973520099684470742330428889
-0.65985170637904282058241906349695061309895886938788 0.70446553442359620631820823431124540059482499309091
1.1491369906194265131999309728350627852047416468678 -0.87109545256135913148184082691898882418106950927588
-1.9746337409635326023333343405650055472207407373518 1.1031277327774255203544922194770022087126676194343
3.5111095561982915235219597887772761053414708641747 -1.4487605335288696959581691272453758488621913726019
-6.8607594462899879298059644185256525369665426723386 2.0201676959096617561281043615231765238476196487114
16.523019224152735834951711001102647040457429712299 -3.1534222746907619827332007776894270434499994459764
-69.296266985793269414984221560772065431254853940693 6.5277717067391062588742708261916512858760801594468
117.27740790822134335819574324909253024749274197066 0.0
-72.837320386958774051145956375669772643413936692964 -6.8594169815939260142983179723540383045131239090711
18.375563541562495992114400960175848958747839439757 3.4727945034463351650556875612730526221543354688032
-8.1796438322652466261946864782620234403334355453309 -2.3177116502626118068263785222622097069005052590632
4.5750199835492771181705358456909434865630739541892 1.7124231709604792969274761961999015425840526805528
-2.8796551055294030300281593129112011490759096277274 -1.3161523046468153219546227737005281647407214176230
1.9169305056298777599588769568119550071248308993523 1.0072811598519620854721134648586382418811809154155
-1.2469688077889784356828283049766967392245997568368 -0.71458309321997946671950051832430271494824517033388
0.47461692134759791750475931415006860221192675416857 0.28209456884618617861622982376782714252962502736112
0.0 0.0
0.0 0.0
0.0 0.0
0.0 0.0
0.0 0.0
0.0 0.0
0.0 0.0
0.0 0.0
0.0 0.0
0.0 0.0
0.0 0.0
0.0 0.0
0.0 0.0
0.0 0.0
0.0 0.0
0.0 0.0
0.0 0.0
0.0 0.0
0.0 0.0
0.0 0.0
0.0 0.0
0.0 0.0
0.0 0.0
0.055967855500096129242645637311690600621253401613440 0.054303165616863592019210482882891327654778518624354
-0.13552348131930340913607659979643997349941143476096 -0.13635437221493860455852037172146705633097071157038
0.17084896614328705288581755580871129426836039825127 0.18787050689379529041277101876602311380636226126998
-0.18388503248118077331601305976702420360032309949074 -0.23523820831393661338017464734727776124360892663585
0.17526931894170992486133379845396093923787146290758 0.28425404151761569344745164101661955751262009719429
-0.14225523978878764956482253333146705759590087117255 -0.33845252083085871234659243507224313302824640669961
0.079552579064473829711957463396501121256610826643806 0.40095199340177276138611422657428799440450363401968
0.021511705038002401157409056964427957766437069803992 -0.47520461541315468282035681963005391230761675223605
-0.17514259528842826565266454451454215974690470634918 0.56562406049124692377106291600790845620984005396462
0.40546966958770832409403099416502062649974981495420 -0.67843366603485500866925477716835070979559234786617
-0.75578026415013703727095569655303873569829117785915 0.82311543989763541440389570134699819083590541107314
1.3095263415718532925007319024631494095514096822110 -1.0152316232226436111766420666672124305579019663535
-2.2437597678996243779108068052081455343006373783963 1.2825760524579857798384555727709895170186905187708
3.9874880587933393550276170340691978138534900638817 -1.6805008916440259780728512067727402833508617089461
-7.8067994414326054063833972126305076745844566684995 2.3378339178329327321274106184750977748105244012102
18.888238920227235883232638478868323795448231641049 -3.6404411632338001624516484692396971835321846972304
-79.808015906549012215569228486339475970345256475324 7.5158786274449043526504774477001421357780640273108
136.61742917468100601276618988520961323223055619101 0.0
-85.901684627280439926077405367848464872569147351235 -7.8401428525747595820197885171805551440580829768987
22.015622023737578049529781662817237550852162659036 3.9453779984537049809112190957963270446641252579154
-9.9650795964767984409111114009683973762421142478092 -2.6074907165257938286563036654665090583098644677395
5.6511062004798245549266391939959853442498873836420 1.8929727072366622761949908209106608797584646204681
-3.5577693154755472276803397966571321385959593354536 -1.4034210171844426440012333724116768156770847304075
2.2484925923829234994278365726479755936042182656315 0.97876238182036168882527735165168967079894523026766
-0.84648006134294869541610953686035189102882502181278 -0.38382463255847298202938497964739064199671959967014
0.0 0.0
0.0 0.0
0.0 0.0
0.0 0.0
0.0 0.0
0.0 0.0
0.0 0.0
0.0 0.0
0.0 0.0
0.0 0.0
0.0 0.0
0.0 0.0
0.0 0.0
0.0 0.0
0.0 0.0
0.0 0.0
0.0 0.0
0.0 0.0
0.0 0.0
0.0 0.0
0.0 0.0
0.0 0.0
0.0 0.0
-0.066441853008532679761853669945358437305118486891045 -0.056242799439837915805176068746760015018859230782485
0.16175276584477781606165465948833426606333596444450 0.14113681995864151476640344421017797806812220261085
-0.20679791069835418074422485582356088873409645146056 -0.19417367956310536246792168274902890320560182255313
0.22866166415457685212283026585783445059322836374772 0.24256263590946064071300381910684761285765180549530
-0.22931168917571117944734824652795202384903511085995 -0.29215388018403835329756647697959452446325358887449
0.20714571199847707784719961615610665017094676327285 0.34638664058786060895003530290988659941657497441997
-0.15836780965644174905957570072523350790527124530671 -0.40815333425175212323178848479845740606242578805274
0.076646983534978838120659610402272517870550523056656 0.48049703789186427666596532735572429626099238402992
0.048185980460059361937635163561365319800618528828152 -0.56711856730780802126735806519391039910868218559270
-0.23279184100209171286130010535935240279140702114830 0.67298025958156527201783937018725356858578607705788
0.50559674326704054301195907060765763781684501558899 -0.80524315488557903896437897776562418908756141893136
-0.91784612170633488967642295076878003102561327497791 0.97493664584856764413518025461863666847216982991157
1.5687997804495380670687720162018718901047131720928 -1.2002472017214944039759631446847817512016924087110
-2.6699998716136205428906536783198997771260701118198 1.5137085153369144503439507264326936865393339063994
4.7362989468700239755900767865982719823401542569383 -1.9801246783157869822272279533130000876818685290467
-9.2938494512873316221525837199375726366829246074686 2.7502594393452230836720580063230856890064877266868
22.622525792693370954847688142306678785869222771260 -4.2754271480839791004708929105763173472756382701278
-96.518275155794894255017046043555585044161237441450 8.8091062286947634177484056884924798165098626941178
167.61195637240427590289408132252066548461800185490 0.0
-106.98034996369950318802646657682827404619862629905 -9.1241416741001795203760703404390187070942716991359
27.909369512086892384958806006863664739226241129992 4.5565733897244688464242652525231581705077638720745
-12.834200754516060854640820153143946715176841967268 -2.9670826670188025572806475863056653161690085012899
7.3055562544654200716395823722556891548148547831031 2.0852530527551770243566564548442602849566949624110
-4.3930835369204441138023106998738438849530793915422 -1.4156583267701014793972181287516158773065979906122
1.6234660079645011485783626821464575380197014648453 0.54953890292485429175805668655965832368676646104098
0.0 0.0
0.0 0.0
0.0 0.0
0.0 0.0
0.0 0.0
0.0 0.0
0.0 0.0
0.0 0.0
0.0 0.0
0.0 0.0
0.0 0.0
0.0 0.0
0.0 0.0
0.0 0.0
0.0 0.0
0.0 0.0
0.0 0.0
0.0 0.0
0.0 0.0
0.0 0.0
0.0 0.0
0.0 0.0
0.0 0.0
0.077081519669660507902082187992613705548460255501767 0.059416238338496176455316563941334111271334841512834
-0.18824968608020431892484612901544667561004565155939 -0.14902619305774689914634922555491409506550257172134
0.24263687831434646915708863150042416990111439825424 0.20478715261399720536077338423863359341141994484515
-0.27236284850766312026690367286440127035779096808285 -0.25534539054543411615556123569527218867911791152000
0.28050827780889027429066333224457859518220148130567 0.30675854506182196862629948753468632883375933139872
-0.26628267977235901569271236388446240122100921417292 -0.36248703645337950731162316442856561666371512892721
0.22684399883409218469668890238536783843260718554794 0.42532979703760170600987379955506095580412291858507
-0.15727194195975560651346621997473995453459978072073 -0.49810767992764901779697384865187414443804938500335
0.049729883850567140133405207520942325918418135636079 0.58410708305824119494779902464389661402805505251462
0.10830028653177792950311613589505770290409334310165 -0.68754995755641824598762101778294352925656560111048
-0.33740071834859091473351903327252202757084075133105 0.81426027914490704586749245683637459368406234750612
0.67288339902479718044064907263440841354558783403403 -0.97276235293010871100793431613239174972708625254320
-1.1787804071441565937372869648691684954338451892120 1.1762730577900276477495911066774350704312108837020
1.9798466327931609515069151048480833376493867932449 -1.4466451691110520215390768334157030537025884833773
-3.3435278517325927935259460812204187169062206218083 1.8229964259316852522571522332913998645548549367879
5.9246165130723717065530973132001334726126397146413 -2.3832142272633621809664764121155360388431945027343
-11.675764439346992302592110145705728746916798355228 3.3083415148287974530192226229497267115637770646946
28.680672967222284840323777428952580826888365045997 -5.1398091765800721177288571500148859499255459291217
-124.03793288840678055940462815395041674438624724618 10.578949059527050203152529304840285505438414292710
219.53871006461566234770975410688364953429517778416 0.0
-142.79875954660427302514157752278959764340901529100 -10.879637023753152246655182049925564619788696521093
38.009910212979475458667389893928890591976119586851 5.3725075438103987859208158965532411936469740960669
-17.664194260808846197003625014854863479603969414964 -3.4031916882010232712952247238462443067795984591493
9.7080532034640315750439712371490155226499903343067 2.2051478431614887771681700141471015106693046759150
-3.4743529145557232118787289128424155160557998518688 -0.84178940561966782883816919851276583648379318821004
0.0 0.0
0.0 0.0
0.0 0.0
0.0 0.0
0.0 0.0
0.0 0.0
0.0 0.0
0.0 0.0
0.0 0.0
0.0 0.0
0.0 0.0
0.0 0.0
0.0 0.0
0.0 0.0
0.0 0.0
0.0 0.0
0.0 0.0
0.0 0.0
0.0 0.0
0.0 0.0
0.0 0.0
0.0 0.0
0.0 0.0
-0.089128281698915332475358979928154823552083324242172 -0.064342723500393348172298265361251124345720999773883
0.21810206424013914522509293555148740517025647169047 0.16131986740554101634591309799677090804806732754712
-0.28253222463327258099515198344188007818993037034279 -0.22147724982129449140223304049809468741733383217799
0.32005722822503629730385958205652813176835296101001 0.27575494252071978124905621717957167921059421867537
-0.33479945920437274704798930971877225983874707081249 -0.33061325178411385415215203816079313205094221269261
0.32658081574726452486134511153467365145256239028956 0.38966187041633550183950738162650646311083049061742
-0.29316907010005923835993715386709954352087178179642 -0.45573150350441257887177818923855535524202744289640
0.23047446161097588945746115142920726124805645917979 0.53157630729310157006863371664968453933872036583756
-0.13198054139900797664354558252866108356133323113757 -0.62029181873664719164088962069233949704747922835639
-0.012549055298573343690328667798378808716035336584062 0.72571469396792531724874823770078319622529686625395
0.21949983293048573404253530829312306998279302552766 -0.85294397229356979896472431871903744239585342686910
-0.51598008037937132822412256443425322272768292842284 1.0091422605312122998245366291831007573109169741000
0.94883865916019754987765565987736186886561312614811 -1.2048917976076686960033065485598954262906302911833
-1.6036845572163371208274341228448633327468070710684 1.4566741313339846515623450956235372714474375312202
2.6486565946646092243909001067130048545865795326540 -1.7917872518148663884887848846113299539697469365898
-4.4472327538728335092380376480895065188491892587208 2.2591029738626249655658571256954570588874401329469
7.8970419355175055271318629269959983264800030499055 -2.9558510435042150827647977953015516055927142795756
-15.698554569799340449365244748694265865511289608455 4.1077278818824197444472887465618455262302299943128
39.131009266459111316129158517804728028172808791973 -6.3886543714070723149248436688765184296351829444064
-172.68115816868604963013066792193656752868977750844 13.156335024769381120182383619967254037307290633366
313.97643345389975008725989312934562263226117148993 0.0
-209.43987746146567579169075660816332778240006101900 -13.426477237256077688583747062991572237044109820228
56.972344805948397730826833458124348750144752559212 6.4939280772487374989187896971421398678465463768872
-26.021120013830624974318911218127628572515264808127 -3.8309300598425349729424476883979030020436822515163
8.7678707500219744505938235194247527745522060409350 1.4182032965689905724024227367020092590407134047395
0.0 0.0
0.0 0.0
0.0 0.0
0.0 0.0
0.0 0.0
0.0 0.0
0.0 0.0
0.0 0.0
0.0 0.0
0.0 0.0
0.0 0.0
0.0 0.0
0.0 0.0
0.0 0.0
0.0 0.0
0.0 0.0
0.0 0.0
0.0 0.0
0.0 0.0
0.0 0.0
0.0 0.0
0.0 0.0
0.0 0.0
0.10455582931227996291511941022304507877372856589834 0.072113633465775153967821481781998572725740021303427
-0.25617950737321763524874308328853110186090444490685 -0.18074986305099270963488790114080521105200477289532
0.33292408381485471248650055385801460514091143404525 0.24798068350084645020478650166331971684319509998599
-0.37931438912211971655402900891140577858680084711229 -0.30841513119087878271740047470752837423198261193935
0.40059767219013330345503004551268503598319702996021 0.36921211458753481887646727141991477343889022812117
-0.39709705457484050438824242322103884040664510853923 -0.43430620398369904886589589913841974929523570078856
0.36694354746110336360758548824724566695005538981115 0.50671088915809200071979693370227063036655952718845
-0.30645672236617471258732735683140560313614414331909 -0.58927833763278504209903230322788354905269003411206
0.20973330486465576063729583919474150484020371623717 0.68512347491638498774501435547224955782799966193571
-0.067593927701607804622119212603793788241636380882157 -0.79799701825553789621726256078956305203020716137542
-0.13438227658031012663185921470672416781014942768474 0.93273729761432620933069502077818135911280812850508
0.41943979915157603815344592995756214849720561425279 -1.0959234781340868176445756602619831552986318201568
-0.82638844742401603486185111221665250552803026302624 1.2969184290200436031899754722818164153868851072197
1.4229906288073263087402386742529827226237893509416 -1.5496569823192703784082605113655537456739147896213
-2.3344604388160680505113132380877537489586273676931 1.8759289195097099083817261962287411369623843359495
3.8097078144163192929720215580761725936997393482398 -2.3118925244420063209301681766909551018030968397192
-6.3938257575852228897134998135287252849190984625488 2.9223112483843375469036127186728343638538198877318
11.451469910638281003639466371978758426059264193252 -3.8359427746623389044679017069962474922494032319791
-23.146680890014344551268113175498221355513590985437 5.3511797876163545538841193845161059087989795618500
59.124330220687322875346089205011805350549859381575 -8.3569234537394750104862463992629609194223207042702
-269.40661018532953937961157394831913480446246272221 17.270740238497154093862727253345582316563583293962
510.87789633435623380808539148647203079627568977760 0.0
-353.34107660842510127605888398290033992964865496123 -17.445155264491963526815039937079092903769415053060
97.290089468748131795018693405593697680402007552949 7.9824480011131248525304487132586459610019937618066
-28.715281019931428502551590803618687913853994053187 -2.7645125718468334177286670152900531640526383993415
0.0 0.0
0.0 0.0
0.0 0.0
0.0 0.0
0.0 0.0
0.0 0.0
0.0 0.0
0.0 0.0
0.0 0.0
0.0 0.0
0.0 0.0
0.0 0.0
0.0 0.0
0.0 0.0
0.0 0.0
0.0 0.0
0.0 0.0
0.0 0.0
0.0 0.0
0.0 0.0
0.0 0.0
0.0 0.0
0.0 0.0
-0.12768609050564481938420364661872268531697557312557 -0.085421536020571533190662107914335302560827880514881
0.31310352862228452452085245242439623024891912724162 0.21406085752979724648147829336078033794184243449973
-0.40772146929614346367965206543150932100254014081011 -0.29353732485591362441400963681821296679125918452354
0.46619852499655561693805571358456599692062464619084 0.36479050148717336194783462322580885846035521610347
-0.49525379909062872065200791685260261615390637950822 -0.43623346036609616656530913777732728016899111585139
0.49567957856497225619607156820807829895520714484699 0.51243682211970454842710471410322055830061345553505
-0.46574680260982585779005396980221938090362150875544 -0.59684275517808517270736732148038469971617378337768
0.40177448879361385170046255915672091790603100063445 0.69264425491556709269855128694278083838969179403129
-0.29780193646513342826607791509141537089310454564742 -0.80325492365564707243513773120838603251565201600268
0.14461090608750817329286096968003939729806827592038 0.93269712154456013725940650332715563695487747627082
0.072103217480377348227431652231367527064235364028282 -1.0860450112601373456831452607879677851505212482072
-0.37499337506802418265386119322306176788241166001559 1.2700337832560326977550369787572070252460261107298
0.80100143020233250070456798767789420260302352359655 -1.4939875958081890481328495859588636268500015976718
-1.4126603333923209622467582445151375746234743841275 1.7713322697374752196984600761318997150514637038939
2.3208702425312614214750639161372235947246697407289 -2.1222119998379432552910848361490576576441996068539
-3.7341900517747088983373566821253118754475788029916 2.5783115569905930491935345259500633260291109772004
6.0754429336739449281262450467719716947931022733064 -3.1924366516535003757430009971116363434498515259252
-10.290981761060201236517394215805037037712490378713 4.0594481570548919037930352253372833948145533534077
18.807212920761160329091442348344532461715237409846 -5.3682152037173737331337910111609936965044662636257
-39.220622146594685693990716866966552453928569449612 7.5562628741862667409070306994220514743074273562369
104.60783705127915423032538241871348459864803036663 -11.923605609727969834662357892611709825868164489835
-504.36551400433836607048934069895204121927716392204 24.901533629535504336002773262816552272683840209068
1033.3172758385002644333054544878058255907475240963 0.0
-755.76360330270169523599993977659066676112995607598 -24.564176105291354125617986568418658184363213728444
149.23913707307485867875273531601960125549768507061 6.9561976423824927346065618562741195862080421013179
0.0 0.0
0.0 0.0
0.0 0.0
0.0 0.0
0.0 0.0
0.0 0.0
0.0 0.0
0.0 0.0
0.0 0.0
0.0 0.0
0.0 0.0
0.0 0.0
0.0 0.0
0.0 0.0
0.0 0.0
0.0 0.0
0.0 0.0
0.0 0.0
0.0 0.0
0.0 0.0
0.0 0.0
0.0 0.0
0.0 0.0
0.17291875806600459312432391202293021758218842386917 0.11359235848767622250348023829220392626257611846795
-0.42421584671210338569073482016000906842027953115062 -0.28461813526587172700726910040861490048691799088861
0.55305018774908234276559739341928932217467735432323 0.39017161817451041502970943363531376606786952756394
-0.63366309536948736725751935033692609805587548298817 -0.48464753666994272589901453960568526283231540075366
0.67539321420185958216559767517941364028298648390994 0.57917901982365589583155287595454743519080572528354
-0.67961702660424689098915821574260640795427021065863 -0.67977135346167113545309761077313676403760154913732
0.64441173844481687972253747261471193858661985448625 0.79089987451375039961079077959785334712863221042702
-0.56540241188361556284939904929027324697241136555936 -0.91666337953411202882156350994071969305273731004230
0.43544303737026495277582976162702622597352348250601 1.0613842881976325912124464044037760372427814843364
-0.24350942248217669794380119434712047301466701390769 -1.2300849978333761618805801702950108275018150604456
-0.027383109615812046446618419564562192459032764441252 1.4290101021756869238309184101449979948224584899284
0.40384709076460098600911965701105065422416876799462 -1.6663198121143390116271567326695974730424653468855
-0.92866662186380381782021277560123838008236362082697 1.9531120799641386577394256715990305332110631242406
1.6729168199214832227230426232273919990382234233763 -2.3050315294344428215145768635918686628534428488465
-2.7595619731899577310310491583944821523168553171598 2.7449409903484401084454250075111229388426945683245
4.4123072821431291219833271469490753072086727219222 -3.3076017708382756240361627836893935717018666999024
-7.0645554268600134169943483148633335435037539152100 4.0483866457739957228347250723258778685578979368393
11.625942056962318647438187793891896196260287584168 -5.0607392602163743750808105271938518763741572405885
-20.216142184933256593837466136950442133221331967221 6.5145927180185446249530307015179782806788021946721
38.531016257076367811789827107024802753556590488494 -8.7521757054024384282317612563228655489592004205175
-85.405095717409922190108259802687233714362203290664 12.573668937910932385726021315168800869837443253572
248.24329578160579088228511571953678430855688702398 -20.367842305645597001749765531110429284156566134318
-1350.9635843297307139520158665105457164921456960808 43.909639538462412740858818125395142521398627353493
3378.9116515097632287548478916430486667077073361106 0.0
-2216.2652324042267801393117166426543513293680181065 -31.208569079938471764600605294627519340039341563509
0.0 0.0
0.0 0.0
0.0 0.0
0.0 0.0
0.0 0.0
0.0 0.0
0.0 0.0
0.0 0.0
0.0 0.0
0.0 0.0
0.0 0.0
0.0 0.0
0.0 0.0
0.0 0.0
0.0 0.0
0.0 0.0
0.0 0.0
0.0 0.0
0.0 0.0
0.0 0.0
0.0 0.0
0.0 0.0
0.0 0.0
-0.25461804718270235511614821959649545856442408166417 -0.16601358411703239289446185997910135841170323928945
0.62476205443025576363728839156453667048318578134904 0.41594258282615964076253076672714731597439463478015
-0.81488087096042099766387633035495761917684990701998 -0.57012577051485207728688890843776637992970484258207
0.93442273557155346920824887776558079610843218979023 0.70803208538245749867214219695395114551838268546295
-0.99727940022025513742720478780665149453065422341383 -0.84589932366440291499596286199955249733505391566917
1.0056555704515001158718626243016759315886720906055 0.99246013751567536174566522109572181960964174481426
-0.95696424987863419778965232769067111661903135587851 -1.1541936879720459352645899903463195846217158846130
0.84511745813207734055238900152414780400421546948347 1.3370020167605605838868808856547166064974647331016
-0.66012729883352571670810567935016201726309598949651 -1.5470728712363443183792419270582982874401672124002
0.38659741012163579258846640400968321362871865531940 1.7915529107497655228218491320716696513714535797706
-0.00087545636306514720960670661930060583789034365614316 -2.0792727004068257671546288877450269573332539106471
-0.53393649047545108214805616106316466722752593156566 2.4216943519478623604990469194897987270105395408360
1.2768087210313584623452790107733652869872566644870 -2.8342878322223015201603306931447814566626677599055
-2.3249467052756299113294886302954702861019869398612 3.3386634013570954285438616354338040248632335974947
3.8448073967318544959686843795061138210784838927818 -3.9660473074259433165473532603103732749861270409420
-6.1351132071852833998612767293340360686077598456146 4.7632321828861499926858707596412887474803891238559
9.7639540631315775991781171221791265348743623983562 -5.8033295649310506051268957308184362681557278308448
-15.893029466084286396312969441650599684852559719923 7.2064735764512408932663437059814866188795934728627
27.128468957630937205176204274189004817152200324005 -9.1829142069314293917160771664680621149698458067029
-50.073218781505144387889375258560739928269695158636 12.132073543523946222706130079031258851446207768808
104.49733141649821136927554538772049316451332653082 -16.902445773070809306769846662065104492062680951995
-266.05734889752483260028076748378058125175156486238 25.614197727994341894865229622581442095562824929158
968.70972926698719910219466712618367732916047589595 -45.152608538472576990982301975780625714748459571732
-8047.7596270766648268221576607410504726066737274309 113.32536313259857230296722962645041043134580347299
17754.714246242263483642793987621573828470380194518 0.0
-11591.159338259767831889931179052728050780179098907 -113.71002502541480252233745915333551703183323060442
1386.5791668404247206159094515165223780736994211571 45.666894308256356148248498743681916023355234111126
-377.70016672238276102507241075268221951269837583276 -26.228632378192854591307737364855774144152136296065
147.12788701379275850770132006985143690900966739997 17.599306595881973531190666371104076640926736018213
-70.113411154615708729899776427660577498538287392427 -12.898382949375189885232453920706053012457768605901
38.015763397083446308712685173662689934704655399887 10.008060429667059529377267470880169741743872564558
-22.534317021528045647498440135632072801499168483786 -8.0811385318067616301044126429454384277218218398839
14.251072322349495360354814722676550781539279776232 6.7189211281398990291125756197153278506653237736553
-9.4632357719656117313709124069639784711757577030201 -5.7115494210694667948144879801773469285042605856947
6.5264932446794035650317586191073257223948804520056 4.9390670276039720611589826478254932619094702342125
-4.6392103581314392838504836862025876444134269770932 -4.3283953072695842810406649222525340358072091758262
3.3804808269093154514221070726099945236506986591791 3.8326702794840243143955065084283756681304037656821
-2.5154742855663960805894949281959219331148042987672 -3.4205137283860998034735466944043117406730353188596
1.9063357861025424509894493932804764570448519138963 3.0700941543687641331486604557877175877288343900236
-1.4685338866031192829037705939294554387715858086406 -2.7656512145989552800105441382785273559771015307458
1.1482213196195921746363969592853382439477899384120 2.4953503140458537011818912391777901584661739937240
-0.90990391784449721737327790983120597884627780464395 -2.2498745744089799992879847646677923610367651618907
0.72942094853812727344511756009797396301630137891640 2.0214143917943858353015261992128252869168277646414
-0.58976644975888470566003189356767010109046524051081 -1.8028217113513253723840804423219076455413213047827
0.47845011957538293966815253774410563819687136102420 1.5866947396726782797751440402309337288362163936826
-0.38562288072728025658659929677810356387935926863291 -1.3639802494115273666740920545982551925965145161254
0.30227924570646806964358708782281651663054327506104 1.1208998887141093910817007316792383583361352967291
-0.21688424303701228997595579149864742834308653648637 -0.82873731994854410128614717175093934607456493344397
0.085961990595611285266457680250783699059561128527833 0.33268025078369905956112852664576802507836990595611
0.0 0.0
0.0 0.0
0.0 0.0
0.0 0.0
0.0 0.0
0.0 0.0
0.0 0.0
0.0 0.0
0.0 0.0
0.0 0.0
0.0 0.0
0.0 0.0
0.0 0.0
0.0 0.0
0.0 0.0
0.0 0.0
0.0 0.0
0.0 0.0
0.0 0.0
0.0 0.0
0.0 0.0
0.0 0.0
0.0 0.0
-4617.9032095850828952001386788978820981214474070111 45.301930048845225323908450784504057226266475650978
7019.9789560536250682852235838927665420576308158003 0.0
-2788.3072042187161464022987175718331702710010308960 -64.465074636721158280054432225662448388543474896637
507.92651364774302562573496813422889465744753255412 30.275373902800196791715207469963670662832738675550
-173.20349981379095176634700418872335519848836962965 -19.004778841001885747994891259733147007111152323128
77.649430234839020233378517794892550561914092761965 13.507595106209940416956614557882697596351918746381
-40.730202010520675150683875523109793750692279127362 -10.306885725837442656278963826506461716763401762600
23.667647774792825436150638298202590397131628007799 8.2384566281683795671583035566313189788862024077196
-14.777425867225236763231066087350061773313539600394 -6.8045651955599757599097353987286390654828642692972
9.7284128837181789227510276839639100070912700680755 5.7580879650267007777072128466843408112242649577497
-6.6691675509406848436426007133999293248108114791050 -4.9630977623787502158354989162852263023363340664429
4.7204200314879537180327079147504575231519903035171 4.3389744698540110529312363795605331698108068316077
-3.4291293283378512856752412639478544846569495499186 -3.8350154220363419486468979523927078224271011046557
2.5460725605525451499092072283275855504482659610226 3.4177682714181690751456488266774844069116511849308
-1.9265230509802747198048434984916990450749589720143 -3.0642253975216852479075285911419165561598782721308
1.4824913596722341197472488871454249552126424705415 2.7579329535446255659345778026269932782386996838267
-1.1583123707222295364793245188286058392140585130125 -2.4866346113887606314703977518337967562525274517622
0.91750044393661879016314962297698172043457485217735 2.2407513920708879384824383360033203448212539703123
-0.73533645243508382030932479452460934000794712923851 -2.0123094192070512412884709142094348127821784461984
0.59449011930097571235811724557399701186858932083780 1.7940595499280154702543815440713457138914844722259
-0.48227567555156464065902202537889375351691896556575 -1.5785434038456605313504625591311841849233327475037
0.38871852313485318761691863428120794447382442975689 1.3566885633476659564861867360525597530430232741272
-0.30471984757902987891652659395308707973588069300471 -1.1147422742391014604176172728673657128004303262645
0.21864386429756819474428978304966527049101325744759 0.82410876840418786398198879330978067530440097367199
-0.086661037559374885098073129604220464480192142113804 -0.33080942860924421929874046041634060515307652830825
0.0 0.0
0.0 0.0
0.0 0.0
0.0 0.0
0.0 0.0
0.0 0.0
0.0 0.0
0.0 0.0
0.0 0.0
0.0 0.0
0.0 0.0
0.0 0.0
0.0 0.0
0.0 0.0
0.0 0.0
0.0 0.0
0.0 0.0
0.0 0.0
0.0 0.0
0.0 0.0
0.0 0.0
0.0 0.0
0.0 0.0
310.14899473864631751509010036923978287098708723276 -10.214736887195520340050351167817271202573435553360
-1565.4830797222187820400996776141441472046935889182 36.193638715320264916143342944069580141096463910580
2125.7254522432094748357609146763539221183148949471 0.0
-1027.2250542224287763625627101715169585848837510706 -37.445465794160442588406951078459084974340861151346
210.86776977889862743353664796076863284915793162424 18.232637512753206469364520133384720055103282736464
-78.416027471394662800261156122855582401835484187395 -11.798502217497126985747746173658420753829385741164
37.503154502532085619994955268144090591829153349363 8.5930929260989792905578312297464959908056093749998
-20.671195573929778146565465428245511240727676948459 -6.6866007392078802834273520813306362767072209614337
12.487573024310568169026954893284469199363495922821 5.4297575750081116289057030568394537506220704670505
-8.0433043893227806334203302438530226528276044650362 -4.5423466750099689180281652018209327356152853699725
5.4317049806657236048477851051255172013265665288577 3.8836112945803239408410685062704720114209856406328
-3.8039980197547735498212251707166269726638096524758 -3.3751456968034546057334566356455716997282577442067
2.7425308931361917730465943175441318725251042927152 2.9698342987673619841950307842872401520981849951868
-2.0252506103066828253410569726410020104948486291624 -2.6376408078364588793261796630286762986332477314372
1.5265281195626815985173041893258735317602186837196 2.3584549472282016710121731065612966447431537338534
-1.1715336802194821144789453999151876978335067651984 -2.1182063396002003229600249055036349645043416506893
0.91370013137468728337408504676305410996631736796830 1.9066082082468216560632227143200676073203391200456
-0.72291335791195974964094951581798643506694180367259 -1.7157554320987742157474466260646086430217224266881
0.57899802051830807149330428877112163833278356281812 1.5391725469260966728383335972063164540795473306139
-0.46794212869258692529563483708728386451627900886297 -1.3710649297138286105129396427724950162758663668172
0.37957100227323452185074723860924454091540605791347 1.2055601340171562621182906817056094598670864309251
-0.30593956141948151486445393219286257945475853430397 -1.0356075388410840403790966718039964380414620047324
0.23984224115947585217179618346638490809397678239559 0.85062047514791317842607465620131838283515534291680
-0.17210255276770660663446937301977017187571097482650 -0.62871022225906376791171149421603760060656571788987
0.068216074264127708939591177608952073274557503578612 0.25235032760177163708347739552268146567403651917461
0.0 0.0
0.0 0.0
0.0 0.0
0.0 0.0
0.0 0.0
0.0 0.0
0.0 0.0
0.0 0.0
0.0 0.0
0.0 0.0
0.0 0.0
0.0 0.0
0.0 0.0
0.0 0.0
0.0 0.0
0.0 0.0
0.0 0.0
0.0 0.0
0.0 0.0
0.0 0.0
0.0 0.0
0.0 0.0
0.0 0.0
-59.518185417867781582875066064585978991584511665465 4.1331213027761209210609972618901452532509143807767
200.90254528197199035167747173570192092281977978856 -11.974959985361608377598099458612906693596771465076
-723.67305361278138765643206868778036575350512711966 26.380075586966119322679595199702741421757668878823
1035.1209222314435250334942288611901301488045435109 0.0
-538.74365855126014298065158623472829482679615343275 -26.890806383824522173517791968413196425342269146044
116.93529313989836007604071489392055171474903067127 13.287532044186151915388213597245899397316080937183
-45.494193421172015948690068835084949471275291424323 -8.7233264275304523798416265579904853199961342988582
22.568238494021381360950272523343332158642712068647 6.4352767699789939159090197284526776918936584707008
-12.816354505039036037234025822626091441072726868084 -5.0628482035091090799995122564281300223384051673457
7.9362520213430083151883010775839482085096932420264 4.1494180306321799279260420391842284293318096151059
-5.2194864267543173460335815227936681592264040761809 -3.4979538960317526173843921230637802980264079801590
3.5887947053520477200523302199807480351989719034312 3.0093113277881777356836449302941003567615074439560
-2.5538766098172194173528919299436023579663743605686 -2.6280757820580149575015387265371870957232240730816
1.8684410162543001709291012408335140507411668049350 2.3207802643535175523209267113214733925428577253055
-1.3989953750063885837825255656213294573277090600729 -2.0659399330971092276119752554113706916328743745630
1.0686367522244381232356755219582231889860404287299 1.8490258128715837058242552306448875733460689776087
-0.83076573187926620304964999859289864674270887543171 -1.6597186395576257834942858975649797110299124910664
0.65589408444668622552002412496028776296035646270376 1.4902918751880383507717972388077716892764505303705
-0.52461790506419758793198400724861514389119438012060 -1.3345712583087587249064289582669006615096671427541
0.42366360264983969479287058333750038755366918783748 1.1871653519699019842406473910702622553399913969885
-0.34351702956360150323022948145701819278451610928259 -1.0427384677832944096268511326230913303396703948978
0.27683260062014894975948591156402040613152221593977 0.89501665931138011762122200639107243243257293805685
-0.21701363963483999076573345754415520768443359127812 -0.73472375930247833222781723855147063901145137559723
0.15572199080742143696082267653092975934487582376251 0.54285667743767314193853322655552979037284365765985
-0.061723864770185616037564628365750087036008772106910 -0.21785832371297649137998991183817873468201805537723
0.0 0.0
0.0 0.0
0.0 0.0
0.0 0.0
0.0 0.0
0.0 0.0
0.0 0.0
0.0 0.0
0.0 0.0
0.0 0.0
0.0 0.0
0.0 0.0
0.0 0.0
0.0 0.0
0.0 0.0
0.0 0.0
0.0 0.0
0.0 0.0
0.0 0.0
0.0 0.0
0.0 0.0
0.0 0.0
0.0 0.0
18.159203444527688764706584816441168662358444965997 -2.1721877167125926692087672111843459855463374477262
-53.658744836351606119974989117450942686277667720396 5.8877134676664138980007558515042002997893934553842
116.35533315205718024768446419922196346724478367953 -10.060639491096793666504545183597492013784545022973
-421.96988944113578136977335255180510081229057178841 21.062170137239345435583187494960997043627449797569
623.49003996235956258937719015248780554125775488259 0.0
-337.51919566758814834342881285568921993714192761206 -21.435683773947727429539255006894873181520610044967
75.653563933926422203870492420695815128532941981811 10.673232853016972515188096462483766191701276338921
-30.255136795313966726165845202751210472837483809281 -7.0633804491876701155355963128847568341277907664745
15.364338227439472668982701841928076572212415290678 5.2497948306479164132783373628202515825556600538884
-8.9020006038652622087038898402067308988090998084957 -4.1575501389036136963364473997776071702029975562707
5.6092286060046749949103699792436916553200429503795 3.4266743647298263278295922285747457884570867033540
-3.7465987585792891795672944998468474308674946054875 -2.9020606447982690402840280873147498511566043536351
2.6127718995785012192980639735043004840156593288579 2.5056889069113017536738605578389282338812613011215
-1.8842534657948747987736376019066200804117733901020 -2.1939096699725540049225836558021321974049088557314
1.3964154651575641183737377210660067442581683101025 1.9402890961722595631827542770082671340964256787762
-1.0588892066496342898993344127880379309233661395496 -1.7277647933998508936029848788416119142765423137396
0.81896199592040616062540149996401871082043373621947 1.5446825573465328516497994515863248210449700730371
-0.64428772534247776294563239534737440840555808157617 -1.3826146714595072382642902985930191412828303393607
0.51411520739948091728307734442645898251260028868913 1.2350451919742806078796540882802471676541500920130
-0.41454908162277237084395301906341580204061773165367 -1.0964678051506885265318499412367912985014611780775
0.33581106249801262802515470834787697091122855053553 0.96160637103938896633431686776956241367960199668488
-0.27047388855133245407487117818551205551877803958510 -0.82443473873059065195592431056126455509659294452096
0.21196502827516249510501982145604682525837867991792 0.67623696857802202948300485912743673232962796863521
-0.15207652701574313629765003597613276811662534014535 -0.49939361613201532404597977124046858312290852533306
0.060275648696704189591057839510749607329758437073668 0.20037385240916839372132141418905786434040201409752
0.0 0.0
0.0 0.0
0.0 0.0
0.0 0.0
0.0 0.0
0.0 0.0
0.0 0.0
0.0 0.0
0.0 0.0
0.0 0.0
0.0 0.0
0.0 0.0
0.0 0.0
0.0 0.0
0.0 0.0
0.0 0.0
0.0 0.0
0.0 0.0
0.0 0.0
0.0 0.0
0.0 0.0
0.0 0.0
0.0 0.0
-7.2226118874091068543441386456680923245129658233054 1.3287046298899018694067058412134523625026795670088
20.077678920807767916116305816087790856843985935616 -3.4926355121286837785424507727032010206061335371110
-36.113727074723022818948370468819657432376593332248 5.4336836832067012278825829582523820069448869968554
76.442746900977606814451602533983767379365145816188 -8.6863035249516327885982772140986090084075907980928
-281.70195598470889067378490592760306600967921315646 17.890757398396567254580547863388480028229157009436
425.38052221451835489426138153283537532490639773137 0.0
-236.01862814162161098950289816631685810456895650040 -18.222233405827528093299426645162026869653374358592
54.028639633514849243402930755805590893467801585678 9.1140666143350262507953250797055420298862009462993
-22.014606648328061487602987514074119903183610344186 -6.0607172177676420163239433408567089875008791229848
11.366038016731790658043668991340900072372788620492 4.5251983070443438870566447754458271411643135108692
-6.6835972044340532253246336586433461661550693306116 -3.5982012971310443532496020921883950943972603366826
4.2687173828110828877434304935824945939957573788274 2.9756486836932436959981767503913490993125418920017
-2.8876294768697327287135131319753527412387927729009 -2.5266659304170976696953186596235958061960376876033
2.0385580977072769378130859859238151215600191333703 2.1854515718981622942571022843262886550691994785720
-1.4880267822254291694907153823031723631681577078469 -1.9151643697370563930285034795040656414697973050346
1.1161659707868179920563588052673281109419758631044 1.6934303539364940122444290726388876410574071409068
-0.85658360521095184074786399555768238869068033383089 -1.5057128351870433121948257701760735499532033123600
0.67018685838241919449492680677125027871676822283604 1.3419490537524271132208354214061763465611426298961
-0.53272824988759054695463642922181663992326427535222 -1.1946710264175408833728556742498215790109989126441
0.42842381858636580755493125549711296283374573120953 1.0578195270975013312202384882361519123410503650444
-0.34643432364625082040820478827844525261186547792483 -0.92582069079126100889273177273983153916054943895984
0.27870605838332897472020195144572527684874820492649 0.79254449640142598801836417012105570130539148902298
-0.21825772769437792546235043605939509343747775747827 -0.64938215014332801456235664341569377060022371153346
0.15652704777032334231290250355066188882555794331073 0.47924349923059809277819055979650922182759149765968
-0.062029523526504838099958219326964889828361246610845 -0.19223553284332875700644585425333166881604113958514
0.0 0.0
0.0 0.0
0.0 0.0
0.0 0.0
0.0 0.0
0.0 0.0
0.0 0.0
0.0 0.0
0.0 0.0
0.0 0.0
0.0 0.0
0.0 0.0
0.0 0.0
0.0 0.0
0.0 0.0
0.0 0.0
0.0 0.0
0.0 0.0
0.0 0.0
0.0 0.0
0.0 0.0
0.0 0.0
0.0 0.0
3.4143880661619423181288952991738869187192084908981 -0.89887454684401746865811463698597437592965848015601
-9.1822217736061216038101108841328169392934195349840 2.3235855914834159558243565102491901779669149810268
15.058830872999877784213871674365060968198716837888 -3.4504279644358819883073064603916248247081005237431
-25.930006642502076067663425500211646741323511462757 4.9719732387938509662209635326107124468552067030066
55.052463709390873047690417319146582016041083784747 -7.7668219942126851666989930740039025859311553089273
-205.77957411833499311872449613514854586426595486827 15.887574041342456590963043063998853168034576794926
315.66919557186287859171708628061880586228155967164 0.0
-178.17888110334433565364121961087056308456727068614 -16.200975306050625687544672233434596222277458271558
41.410069578227426722803449343294778692490353069124 8.1257521322159525404407268801542760750486616552371
-17.108394923203007527555733268467675304183225732840 -5.4196244010376866736211415728830115380357305055049
8.9463819642190458805459517150304006637526979200503 4.0577936388915957325855645770650343393823470939304
-5.3240641195222423711870851299106792603352758240146 -3.2341787311817147076453588181998811565253789410439
3.4397214899313883436967993623207069633081344669931 2.6794467710288055217227994974657649920932592875971
-2.3533597955535952146867785176824151532371823198553 -2.2777512018856527985026791020282179562587819666435
1.6804011424453551209866394974063797471670553178773 1.9708455878728588099365380314945450983115801938493
-1.2407954185599081628009002708768490524764305815054 -1.7260722059779365678891220414555591533671199216283
0.94150520092234305156977215609641981696785551238902 1.5235135338986930433058590662392200979919045064469
-0.73063832036629765115915311375192054393076919038129 -1.3501018060861691244514642579914546400421424986642
0.57738328998761684606727893526920548742271575253229 1.1966035134385115061826976418093245822420482771539
-0.46239749322532670343174837978618158186470270038742 -1.0558807768277636082454478900914230582339062970177
0.37280712965551950430146645116234167572047669640044 0.92168255747573049490946443941119012106206208495624
-0.29931610299704133017554716072939728643673089854476 -0.78745032654468896726045626522721889818259022380069
0.23408603133882023047739955156790867845959847366875 0.64431767789951801114404503542641454581116059483836
-0.16774724007612816872332173923561548114076801385345 -0.47510069027028793374492388161111202363623794192176
0.066454775144960565669741667037309804295002430744768 0.19050583498951699380761829186329880248227159893093
0.0 0.0
0.0 0.0
0.0 0.0
0.0 0.0
0.0 0.0
0.0 0.0
0.0 0.0
0.0 0.0
0.0 0.0
0.0 0.0
0.0 0.0
0.0 0.0
0.0 0.0
0.0 0.0
0.0 0.0
0.0 0.0
0.0 0.0
0.0 0.0
0.0 0.0
0.0 0.0
0.0 0.0
0.0 0.0
0.0 0.0
-1.8235019390579612210691858668565711088686357739712 0.65393469739809285751459618567230128860016065680046
4.8072751148119039884979959866575364079962459777026 -1.6733613711807791259315633870914977141791431545563
-7.4782799400769531775694400415000781650176272486345 2.4190314486882754050875979818032419100908278192847
11.589294173111965779161076640796736610828424292950 -3.3046582520136712362771757938195014352582271843255
-19.836230862314180404842630029390172906886652769049 4.6309770868444387012013842048536962972639200389132
42.441691175624286331967532726772531224559950088395 -7.1594695558413848441778514608496381323027483657565
-160.53468980514811152376873042049611674920444424831 14.596671217108038723335627409699659474368480988271
249.28331431362307395585092596116444569310471496563 0.0
-142.53994674819991911761876523304846220802751549327 -14.899740439337677164450126533861477768189752308732
33.519036616704327117585494897954423336723541861581 7.4859974536065092718313600942790225522608649917360
-14.003195854467046331333664242502049410001752430197 -5.0018215103391946399281749539593587330864549040172
7.4012799571717765589225403974688131838128518932366 3.7508355539354527091097282950043115941469185828920
-4.4510243813537875938161502371976341036193855764469 -2.9930213207253735674240957886248098424969999534866
2.9061230956300545418437053531286680756198241793286 2.4812251143471734485874787823596474798607362652459
-2.0097411248663681147491835520586767176373891946964 -2.1091564599180287125210189505132583636749875379259
1.4508684115233193214462588922972489161515248951265 1.8233358755248406096157088567595180533913706328778
-1.0832131670239836199702190917522636491365623256607 -1.5936974428456372185778002912490514441874660215643
0.83078656506452959020269007087217295072859291270243 1.4017763467109640351344666698020039911432672472288
-0.65093012720924987050789877081505583306492547161903 -1.2352649676015345528300232335548223381299258148557
0.51806459699973571532414216477747381304734560106128 1.0851697266763951946660146244732787602299373659237
-0.41582110415856523687628232520165709317642643332652 -0.94405463782309570981088274441439162970171174715760
0.33279794576526825892970238326340611121433801944243 0.80454961987329843635982895801842817529751054425569
-0.25971959378552759376435990286766529048066378284448 -0.65715926481691072383129070110213562602109931716145
0.18588021399059749464384077111883601273788439582151 0.48404845995936906571792727410719332496779539616404
-0.073599923686024527962013853902911614913922636250641 -0.19400650884427839818265406832853998247858863036061
0.0 0.0
0.0 0.0
0.0 0.0
0.0 0.0
0.0 0.0
0.0 0.0
0.0 0.0
0.0 0.0
0.0 0.0
0.0 0.0
0.0 0.0
0.0 0.0
0.0 0.0
0.0 0.0
0.0 0.0
0.0 0.0
0.0 0.0
0.0 0.0
0.0 0.0
0.0 0.0
0.0 0.0
0.0 0.0
0.0 0.0
1.0667461342348926003586423768161256021857370669114 -0.50293640910319469883288968069958711064746249552336
-2.7764788715844987014900848065387864093706090550150 1.2784859599731499835383518896571203321040972481131
4.1789374177449876706683063818982546579440363685070 -1.8170558086276672905196585173861388510566734541392
-6.0880125604757767040722225595742628928362916873718 2.4049493514421008669268057450565981717037038667585
9.3180620113995085294397959768184299429700154194089 -3.1838607725868990314389641413161170356612115283982
-15.996732487542622375058878500242393588411409251108 4.4039702168667065802063556139734770325579818611562
34.512016073933165092773850474115238190924521682641 -6.7721713838240262490419562096380081932628029868514
-131.85247799997797335914070819376446950064350445377 13.782576346500304651309993115784145998164227199449
206.79645855706523387009355766777148922436183867613 0.0
-119.48338504790363761392249836958133952681289398708 -14.078181203075879147577257376481759242027066391289
28.373931633572041486724296066506312063731406335068 7.0801680882911416795182391521857328380421237098175
-11.968359426378852227223841027628150175090456682115 -4.7350477105759885488344507157478797417881132576979
6.3869880651893892237027920102776800997797922643012 3.5531428183373689761860787581454846854875892122387
-3.8789405143123962485148616308465014648589643354219 -2.8359513103712060828264094617750978162592657764346
2.5583866460398946435025935369576060650796854883626 2.3502132850173768981569950790341077076050403269886
-1.7878371349527538485900871062953267929494680282734 -1.9955787169288007391265455443117454191894150892973
1.3044021073974156563524261929143402327827938758609 1.7214733958893738234515052174343656682535062304129
-0.98393532815265711619858946390729140249288957221652 -1.4993289809662662621120089512177763398312260211449
0.76162762923023929351165430914492409904070238776816 1.3113935389909054422810743228136138404332465700626
-0.60080809073958247227843448202544025446092937251511 -1.1455138915345909548602581988658911188409588275235
0.47912964981176248471968694096108308536351974678692 0.99228386072479341764880223546391459692658010535124
-0.38170555275875876041686781563128972773174890429065 -0.84298697229504891400265052874892774095352992372231
0.29695929929470163682244816365850189176637347529153 0.68704502751643489995963467334700331796122690606277
-0.21213282704993434702523823501385908482691739593788 -0.50538013697440656854415363360513852277108059595971
0.083929502886347732574785358359766261552570199664184 0.20244249507540644703355327810362771902476520421333
0.0 0.0
0.0 0.0
0.0 0.0
0.0 0.0
0.0 0.0
0.0 0.0
0.0 0.0
0.0 0.0
0.0 0.0
0.0 0.0
0.0 0.0
0.0 0.0
0.0 0.0
0.0 0.0
0.0 0.0
0.0 0.0
0.0 0.0
0.0 0.0
0.0 0.0
0.0 0.0
0.0 0.0
0.0 0.0
0.0 0.0
-0.66998156095263250320604958962765906110636669113461 0.40436832483054522170641813861881807858145381537624
1.7288098729166069722569380477510095864016035579612 -1.0232541979916268142716380362683676891949677194472
-2.5458451660948137787733893443411937587951375469691 1.4377314055964303716147690551168426087888135632689
3.5656288503008285323562149583342838772329286505052 -1.8642659787254113831103648306003746663401001730659
-5.1063315869459670769980326619812924110953902546597 2.3848380317315515864585198475165856226123687234837
7.8115840997831922200800420970098029686865426015298 -3.1100518132736033989199222592466621394654356989203
-13.486004269561377425785404309173984394229074137151 4.2721177608945234681645823431738604705352059562978
29.326003911760956314849094808637549185696391015046 -6.5495435658938756849736450015992842427448831518480
-113.01007788047213178232760779901246307358726274839 13.315461003529025698637026878956910914191332378024
178.77045872057075995837455472196774852307522014470 0.0
-104.21188879384512650781294511188997830956868016526 -13.604718577122397945246863732132748212620611088021
24.964124233047443873748907180043636697396220782759 6.8449443595989508642797474982647318692703306911021
-10.623923018960899949434350764006115887493036980852 -4.5789792794060616106213315967849536555220495319770
5.7217796754536954791742719043119955401946806816770 3.4358363065327526431382344594397859281044924030067
-3.5083706588078967987379969975356715603355789507900 -2.7408082939766643083738943257459280996550557801398
2.3371210059709291730226324350315494832323993196232 2.2685452116609567260305209208750240771934449425250
-1.6498676960548763105203040522130310565325440790428 -1.9220076778303227436687745753636625505861825239222
1.2157237774315332640017128264350164513862977308045 1.6521391829275720763550936026881120614837171989548
-0.92523120985627242397514486629426209100056877337067 -1.4309985382860740601362044227906875713006002908603
0.72089173108665343945955147779790172083325661672707 1.2408660213880858500011384270954724685398672070070
-0.56973891862270217898230517879209871511728270993803 -1.0690227043533845175622787458729172508782234053227
0.45098072049187079267083578953539179618803255227661 0.90456744512835148183755598956599496339570272292640
-0.34932247646693137803141215756341382761530705629359 -0.73520519701527043732548195047297913397008766275319
0.24887947313259103411369773119603293480134949171477 0.53989574257570383728570951670746586218056334442582
-0.098360599370694963294310513444962217419063568448046 -0.21611708504185311146531214373470050276206005585067
0.0 0.0
0.0 0.0
0.0 0.0
0.0 0.0
0.0 0.0
0.0 0.0
0.0 0.0
0.0 0.0
0.0 0.0
0.0 0.0
0.0 0.0
0.0 0.0
0.0 0.0
0.0 0.0
0.0 0.0
0.0 0.0
0.0 0.0
0.0 0.0
0.0 0.0
0.0 0.0
0.0 0.0
0.0 0.0
0.0 0.0
0.44567566215858170998586400033337481882331991026797 -0.33727484047693170156957040430979618742591005058607
-1.1431223182693045214488583300145305856659128688856 0.85069504950844410391755707710132183070053795482671
1.6582480372323054511382252891143772925314873909561 -1.1856297110270766771867665106483369672819810283823
-2.2618525642455653718703322731668320039532707093581 1.5158303600134256385374221832206556657056326100251
3.1034186765219589371686302945511943031664326360496 -1.8958765935261471167136813795313049324089371147939
-4.4305343993571999337463604788125666883097451632155 2.3852356949599726411417546459781626974749090287545
6.8020105019815450991637309512782948329417370138130 -3.0851751084410494252287085100483853502928020314166
-11.816921731901419208547477511998312283308492826896 4.2209031366053655842758152780053710830412279297440
25.884811693455260299949816369661920909674816301878 -6.4590561537331547956389865613551120463280084943955
-100.51551521477806153114865339755068041850854476663 13.122162096464039703887356104414659373303562672204
160.23941784436183945186339452641743429378522446315 0.0
-94.160087514933901748739065778853920859693918709978 -13.405482914909561073368362518180255469836617691713
22.742098148270313342380704903707421022084526263605 6.7445390376425493454968231203910342863633703984930
-9.7618870435946096469984270223293221161449055574187 -4.5106056266932601662813784492249552958019595950071
5.3054105773447936356794556006419266815864414325214 3.3822096098996893616846329590670383123993968981172
-3.2841656660938382195467267618848402690224994958234 -2.6945113739483002048409055353375085948817569995209
2.2092366053893474446718883566516544237824380639668 2.2253486701190433905023886503221107844640857558071
-1.5746237945619822023076140470766094492201004027086 -1.8788799205765415080465737519625546090920775262156
1.1703716536156706968879385272456150702986083276625 1.6063887781353552172647980886805517335822234201836
-0.89646261615790308463179327227486664427133307393424 -1.3797168871144188026220116821709602787575796935232
0.69980786109029872737220087649414123187837253572992 1.1803309323187972925046087989219496971562169118839
-0.54909553030820336507355209856864788942140440425251 -0.99370769814343235050061122836495261040169777534505
0.42279344958380971184125659346209223223104362088490 0.80485447417713551920210781848285567745802991226993
-0.30014282033119753765343764480062712918793616828782 -0.58979462838302171247188718209860781244576679918254
0.11844435351776047552404422855746082325601260333777 0.23588441705146663137299419492823180796507263915576
0.0 0.0
0.0 0.0
0.0 0.0
0.0 0.0
0.0 0.0
0.0 0.0
0.0 0.0
0.0 0.0
0.0 0.0
0.0 0.0
0.0 0.0
0.0 0.0
0.0 0.0
0.0 0.0
0.0 0.0
0.0 0.0
0.0 0.0
0.0 0.0
0.0 0.0
0.0 0.0
0.0 0.0
0.0 0.0
0.0 0.0
-0.31108057179213423190957133756878319852110457426608 0.29023898102998329643573893682315987790346446442076
0.79449563914331639874405326256375680890800706950524 -0.73029439576514776419934997891994264614348142010813
-1.1403637361135942646329221503891387531878970415101 1.0118022503551746379445978708161724388279470895472
1.5271262176242273667404247372803516622391122210208 -1.2805408508894046202277959728541266667476043694297
-2.0354676837966194543717666412291772974440437477632 1.5766435211078784330921046573112318787023053938136
2.7786448688545425341697741099779060259808866324618 -1.9369450364064842828219794374481228381132850231794
-3.9748700650623865262986047492779492491360867000867 2.4145915479299747005578418887763072976154438713100
6.1330121556061093184753275606924608093543483580631 -3.1081002446982302640772706086934291181777150983428
-10.721360833869171613798127644654311488588537957035 4.2416970665820908123568573628720520706334691827466
23.644055409641859378710514968589489342006527100821 -6.4829930424727961528982706732968472762937987939651
-92.460588012250128788892731520600265188288085934636 13.163526772467454008722835807006822221875064371673
148.47864672711206787574586727382779898853425906795 0.0
-87.914171289372393738737158295970295084399524724287 -13.441012836846428768892829325280247666888668225586
21.406040285709032271122092075179313924256334423969 6.7597047408512434656900677448985043327204090644120
-9.2680379076839555211857734604512391561509267675225 -4.5173693325011540224932427889762882295918121288027
5.0832735479619041756675419436488716460565861116663 3.3828922904305239085530560764665266234000665602379
-3.1765939863262227528603468989318336577526294393067 -2.6893703632917916504542086789333086345047468871884
2.1570211509896733974776210427060781405065305200970 2.2137398826064421323283103888527670201051737316598
-1.5506275861449457833155211194843144536508138167124 -1.8594533362931401547236961321186746333601610578723
1.1600265741052700926827587857798734834953490198559 1.5769484217071827310282730171150246792929184034606
-0.89044142454547137727800740150577586796486967133925 -1.3367791170175865008108493917177749237749069764613
0.69043283618272190107994658910111460989600337291585 1.1181204386661057276259036827817375681635312220763
-0.52738152619835449166731020024590585241404254530864 -0.90162740885999661647027290784762359729701252996308
0.37259154186954386085024069173258072409343106595313 0.65894605069191435118673823597141425807455921465919
-0.14674283621408332660769872642377750385984622831105 -0.26325003593735380816757661883069872466943352951101
0.0 0.0
0.0 0.0
0.0 0.0
0.0 0.0
0.0 0.0
0.0 0.0
0.0 0.0
0.0 0.0
0.0 0.0
0.0 0.0
0.0 0.0
0.0 0.0
0.0 0.0
0.0 0.0
0.0 0.0
0.0 0.0
0.0 0.0
0.0 0.0
0.0 0.0
0.0 0.0
0.0 0.0
0.0 0.0
0.0 0.0
0.22638499845157970081676136363636363636363636363701 -0.25666734991651592832623106060606060606060606060606
-0.57641474560399804804346553355034581264633255726887 0.64464160643132624907988481709995990008017032741969
0.82109798958234939721907026512589862668702889952055 -0.88915132304017120969354089839117147941738780392468
-1.0853419080304507217358742442909865458653804345807 1.1168749393697638262834697349072067336401575466690
1.4176494958906349973390305894868821925253766505113 -1.3595479254482991671450742558113795040361689938231
-1.8772298552789633587562668380536659322110628260917 1.6425697122460662001059381341456303681104552608569
2.5647396356290082100628997706731710690190394120992 -1.9978603951893842941480338855142884720060253776256
-3.6835562925267789363949749951551903928007726946165 2.4769494783741213571924851335812258214659656100498
5.7141513405056873358327292904156491880659320185080 -3.1788372846769356390466142634317759052264159740794
-10.049186189776290756541887852274974764141812588158 4.3312640025492016783646454737395115284660593017338
22.302865816156341478541844536846339378913545415215 -6.6142775467623522613470129292550687053034792217728
-87.800953255401024732587612411896791455134500047305 13.423703169637455757770674560338057777508869453461
142.01704545454545454545454545454545454545454545455 0.0
-84.725435458213041164716477954168214799809768030324 -13.695308589685302304741649208022458392465792456396
20.800841033638427823614895547660313079119440374685 6.8825079473276349776120157522685729202030155360553
-9.0861281895093493061305625033650857121882768913318 -4.5938363010030851189706331332300605690326412615800
5.0299423016745507167502300275342551801546341042122 3.4334130297365955527030943507627239551983658278647
-3.1726519865138607790412822307979996819846914762081 -2.7210995193510823349939569564157180662300451894892
2.1730107137670685287619683713059954784303209620655 2.2290116026249236474663105220889315361184402729340
-1.5726660497763275244696222707449312958471329130873 -1.8579186386307466609128784522136939167834322020677
1.1796020983050893470051923612021667007448690685320 1.5559095833520212013545531042528189793257183416072
-0.90007648469970300323368055216541454624423163915798 -1.2903896286524874914460003933947016621147067464534
0.68018256433745096425890859208369557206658858731662 1.0346220689139125718010833588461630933448182166428
-0.47747369077246266855182332950712916321644975816926 -0.75356187661333323118080602089594048630048592262781
0.18755520907315340909090909090909090909090909090943 0.30062560204303625858191287878787878787878787878788
0.0 0.0
0.0 0.0
0.0 0.0
0.0 0.0
0.0 0.0
0.0 0.0
0.0 0.0
0.0 0.0
0.0 0.0
0.0 0.0
0.0 0.0
0.0 0.0
0.0 0.0
0.0 0.0
0.0 0.0
0.0 0.0
0.0 0.0
0.0 0.0
0.0 0.0
0.0 0.0
0.0 0.0
0.0 0.0
0.0 0.0
-0.17104528204147826972265162609281329111196541437965 0.23258545664950550100054430431703753728372051940255
0.43455429210478817113538285040878314722340013694863 -0.58333210717372903869931306985232793997327451819334
-0.61566474043806248756367437301090937760309843786208 0.80182789974795665723036293285392758464662394089643
0.80624698633411042748135425307439760517755671281447 -1.0014349277290959330847869275679434606972678798864
-1.0380750281016168363021282442123650924003285578578 1.2086711706529491053001834196231452812791591177018
1.3456159585006200027309407681493230862385576254628 -1.4425777293194947619723384836849176272866334344948
-1.7816827832266220522124929948572661660839718313178 1.7244409922107856424525937722749394188043216597157
2.4419872589148487957543397062598399978981456218308 -2.0849495758959599086817483715979346648731968832684
-3.5236340922685879273634062583824215517810868548032 2.5761814816098434715033315654120470697037308023909
5.4953980872600706702139597657548659774819828576215 -3.2998978181664511587633464715877606230983900715318
-9.7204410288162540877265621231251949070660766089163 4.4914549618035316906875918737717113523191958292502
21.706946339935504637049986255689036521149079595078 -6.8547263354178703975933423745608644591666508147316
-86.027214195836790089964622092914339585523440704261 13.905732548332775947688542533803782829091581622147
140.18860173533054264117211416784935347218573700396 0.0
-84.291695339921998362574545070422971215323181423511 -14.171317329067258164419698904054698974552312718933
20.874673545425888957465664717991351731766876562933 7.1141219586201497224462175980077859275482973519090
-9.2027650345389589798873391727286183363565500534241 -4.7401965464234109864428638529560568433231228202418
5.1425535778239799907022697835309679540191222827264 3.5329485799485710772695993775051172082004025837335
-3.2726469869319024900643592746409270502345799620992 -2.7875523499019720294955902928789636854135737782078
2.2577399054785367380873599212442286902872545686494 2.2670939395236777178754910737090800720625598526295
-1.6395553018748222897497742806762934875170283401186 -1.8671913308395483689221510238203182867596668053098
1.2238466587329970481119096173468438554570483402232 1.5310498111443714592940260468770049346591905269500
-0.91157407400672892671868716176286191621351962550385 -1.2184070301643392927060127078647602097293839950778
0.63444787307734278343590158247238160810978159493449 0.88347995741460701769338381578993268037615679530887
-0.24834430675913101342066607917460805091008211458806 -0.35181348430937856909847873136069617014440308580928
0.0 0.0
0.0 0.0
0.0 0.0
0.0 0.0
0.0 0.0
0.0 0.0
0.0 0.0
0.0 0.0
0.0 0.0
0.0 0.0
0.0 0.0
0.0 0.0
0.0 0.0
0.0 0.0
0.0 0.0
0.0 0.0
0.0 0.0
0.0 0.0
0.0 0.0
0.0 0.0
0.0 0.0
0.0 0.0
0.0 0.0
0.13383331741903781374256337932780464210582811281144 -0.21553437146978358451559993328845158308641585624894
-0.33948540056717185211567933489367129919285028419193 0.53996747455289167407117171383607995570509641416571
0.47911960734342760066618471103360820160122831070292 -0.74023006440055390282037743139983822851787963319377
-0.62327343355034211829496954737973547390371392523457 0.92040724266462943162819151126620684299999668073150
0.79428744197477617212358179385255523297126098773283 -1.1036452268998035154489469073962015319665257571887
-1.0141037977636231512077780809609776928691441119251 1.3052019519348234680029240617462017328680514154900
1.3134956745625595452945253339515834602691111856741 -1.5405233247667151103017325281977708734669312525339
-1.7435850335355112886696302943636400579645860520805 1.8298344952971694785695467680783692006668254055957
2.3994819567886298501614386075458471937298598153732 -2.2042385113028736684496124666327433675856309537505
-3.4789414766848971968332200962574898495174552591106 2.7178176369760512880409665129566803185882720673203
5.4543727727196914708488571106820995670775120655531 -3.4771733005252851499193072497784227036910078326411
-9.7033974623727528693991958429001796847031949641769 4.7295695760210898768830290258396423667151409913024
21.806028234385223590748076186062937635959577036752 -7.2151006961738928530205204612845585784512316856749
-87.027881966319567830164831396633935297928856056343 14.631331436006987415606508224705240109692126789197
142.96058732464245054757915232605083618594778589859 0.0
-86.684717677530527097072018280427365900473806811565 -14.890645405858994144276019618949955813957924040573
21.667951811951087890986911515359784576431584766290 7.4645830602864313636725360239150505719753787085683
-9.6452104479840585409135170826202990687474007712260 -4.9618847380976014847838961011928816203883705099422
5.4406478521478303528831860092725125795005158500280 3.6836480915232687161608108982692314608970926059384
-3.4901752825168983978575228004960170864179656365233 -2.8875010515365745592157473385769651999100233649310
2.4187728515540811493204903478530170847368505488387 2.3223211616622354032550052416109890182272271373045
-1.7508090620055390991848464801906178518993786135074 -1.8746457039523864879300546986799712987175920836311
1.2784851349990179003561759754964430985381234241784 1.4768315767171950230380037345636353292004156160779
-0.87956536380056020863041922177907462440306698409394 -1.0645499999589401280926943575436289089913538989721
0.34267509258432585431801250248953245626452545348502 0.42290003882615215933003409673852701809401492583738
0.0 0.0
0.0 0.0
0.0 0.0
0.0 0.0
0.0 0.0
0.0 0.0
0.0 0.0
0.0 0.0
0.0 0.0
0.0 0.0
0.0 0.0
0.0 0.0
0.0 0.0
0.0 0.0
0.0 0.0
0.0 0.0
0.0 0.0
0.0 0.0
0.0 0.0
0.0 0.0
0.0 0.0
0.0 0.0
0.0 0.0
-0.10831784246352879648894916453267554545431498758681 0.20399214162155541586440803160502672385342868539640
0.27446707203699957550653672657684576838253552408473 -0.51060114293084674843962429816244381138096656262864
-0.38631813869247074838554832055810118744286345275745 0.69848741380413023029113297598955188507016229359209
0.50019993303770800384780931081875515056175270984967 -0.86547892523643367455843395011120116612487755901464
-0.63279749850689267388176192179760932644371833214433 1.0325209024757429548528273739180885001359776260036
0.79919291453892922465764282665093998579645882304249 -1.2125235632987106503992202425821110866854588041087
-1.0189832519015792273108057289508146929538563745589 1.4175089971767250881359388388591487756151462809374
1.3224590233216048017993794931367333932581355704392 -1.6619611826837737245992633326892888893429240240590
-1.7616938921039852091919562890196358237206609704640 1.9663977037366329539776696528275084717078419581178
2.4348602376355354813851280128155222552480581530908 -2.3634165792186028151150841246688259581294661873412
-3.5473338200207397247838716295897752976054105559867 2.9104291004314537485839188034335432631195458841422
5.5915303503232731956163085957396567645761108255005 -3.7211345671926147325678987468670559938079444191190
-10.007502807552445945160741480085934945422811580978 5.0596721420686063563271980127541680185463326263164
22.643549376149569269260615455687514585475878995567 -7.7169576562438488683191986953158605318992238349055
-91.073856060021702235693181082708331045289976845819 15.644608792277944823755211452885014432083172417330
150.95326018532242227354968934952124135561407059607 0.0
-92.389896153373966493966302747410455139459872641081 -15.897194332010890730598560894444672836473553248327
23.330012777770429274950732998489948995137430483846 7.9542988108650734164425880803229229288971403190967
-10.491310811764712900621531185517940812604331572269 -5.2700339255955045847140187626093072905437135728975
5.9722863489000916521845040297264307310923191166242 3.8900219634787833756012303251226179016843346840125
-3.8547707584918492263807386569207680071087796391177 -3.0184546539531803883175363669574737166043785819788
2.6685188880239422764045113993696041507564109842135 2.3823589962399920625199348148841617690706970974263
-1.8950305098945804048102365067165074883801108251198 -1.8505627819526841349956405700924359107156765338934
1.2830378834313706002341404255888809518420227372549 1.3232100679972496486116950185384052764189760757746
-0.49665843762048873282670097599404821157994772867536 -0.52394765719333254318188992208366824029834051565012
0.0 0.0
0.0 0.0
0.0 0.0
0.0 0.0
0.0 0.0
0.0 0.0
0.0 0.0
0.0 0.0
0.0 0.0
0.0 0.0
0.0 0.0
0.0 0.0
0.0 0.0
0.0 0.0
0.0 0.0
0.0 0.0
0.0 0.0
0.0 0.0
0.0 0.0
0.0 0.0
0.0 0.0
0.0 0.0
0.0 0.0
0.090679316760110074256313794175282185998249714815272 -0.19706711388164260092866875457598714667704606879104
-0.22960977732610245448459273472147314664151676689486 0.49292024659665084804174195711203679309082675593473
0.32259721443018204155921359511943859389516608489155 -0.67316012756259587600502626926052168912320492871951
-0.41635012694457375698859377508298221830319061529271 0.83179173111646608468828186487033642935165471756456
0.52401604523895703349676547840861086880117496777164 -0.98837119290331130206956625982989615852572826611057
-0.65668819500457622651384818624213829888443631221768 1.1543343088976043334033961822118628424224757223809
0.82785865285740879416985319426583525237992220567689 -1.3396143330358857896223752480564100770886005674720
-1.0571454225912488352120688367102030161319955062462 1.5553447908396233487338260493870969183552954099398
1.3761969499044689886526310320790480910063461663080 -1.8162240181377205016088304916500339022241669855210
-1.8403844800604005955140139010344530824593154939026 2.1439495477691954385894235008974979823803555896348
2.5549701923277368660027234651660493346175125424925 -2.5736037080954937942698472130634655967555335224210
-3.7412395696553201468509359429850110583799499386898 3.1674110270044039088357195452184891172974377607846
5.9316629916286935868249762186792201491338714406323 -4.0489229859921423318834532650608604788819734188431
-10.688327417747254666786629058042226640486010736117 5.5053858837531865390950345737473346776981974488160
24.374496384187491472871764933462802259812478360089 -8.3969843754251715965371994848611509957291226720609
-98.921588848431117865780234805111291564693278066579 17.021079003533032460863541720563829604846769038302
165.67115543359435265750123115375988512945347752209 0.0
-102.48561099274137386156716392783187013122858192745 -17.266023166537148829874894221747473256211463257331
26.173992557878944958149689846008985463134979062016 8.6177348219687135310686833909777038773420345088859
-11.897170766821807971089067273500173261397085873611 -5.6825973025907797782414753266748467902889315494790
6.8288224922894645578381557459717715322521625954850 4.1573733399735598615240857686688809638658260454966
-4.4154069036783781538962462494074230618766519204912 -3.1707538525512161451459986045057945275051382942942
3.0102307764257356514157880041180244267350268999119 2.4130464329796862631412988401643450116334890586465
-1.9921627616002187009666677712433532692188167752161 -1.7057756820418400324964251891757881099200509330222
0.76421171921620441662433930664144669051054663331658 0.67237043742184887040579338219322433488727250994392
0.0 0.0
0.0 0.0
0.0 0.0
0.0 0.0
0.0 0.0
0.0 0.0
0.0 0.0
0.0 0.0
0.0 0.0
0.0 0.0
0.0 0.0
0.0 0.0
0.0 0.0
0.0 0.0
0.0 0.0
0.0 0.0
0.0 0.0
0.0 0.0
0.0 0.0
0.0 0.0
0.0 0.0
0.0 0.0
0.0 0.0
-0.078599932631214822905697572451470830703863305849937 0.19435017973782473913056277791271832909977350081090
0.19893672854530902349406186652665501417202122546792 -0.48585017518827850936971974754372126582406671573351
-0.27918185033076959449647174710090104126488679180937 0.66260744943482013034418841459017967264297806804240
0.35954880302529101571127368651666389415982158587856 -0.81694998108453022832655113951817647519514315950340
-0.45092540071779229197759180060054705858365630491427 0.96766716211266100748651146347166630432409872565863
0.56199100554570180172122032198848687841787364476039 -1.1253030235921040325058332565355431159261517379788
-0.70271612819315776171782772167649304329064144666455 1.2985060971943307203273459158004468910782416703433
0.88685837980038050493341581947603486746320187202151 -1.4963856566337478660396168866911800694309351738936
-1.1354804451176587669303045143674975502788799735471 1.7302547128597928030292220809428290305616801130433
1.4833319790286421601933947730253232238363291414075 -2.0158122505593055425826719580905532904722938123234
-1.9918857428568766908014664562466003116293668231510 2.3767671613126741654071466011210238769503388613145
2.7787675544486498601305653774285536947042023724067 -2.8518350675204826513038599524548905020717525779922
-4.0924172579591283661147110811623606832485894349645 3.5099578147721333052275745792887258753458015835795
6.5330238926504765679566147977099719720840256500630 -4.4882055451673120571044613205684375413615918336699
-11.867889774497078928763342393402250039609806547541 6.1053205073207718300406408954496189150631523258976
27.322824144423693310400709694954770826548988940760 -9.3156360295073430320172214415405621059265071340753
-112.10033245563177448868322237249046207719308341642 18.885840835671455438076166808942256820279175852839
190.09489384526216183944770627597967224887276753332 0.0
-119.07912524093733328374356621444175913715181283420 -19.121171266918933457625903825628977367125426293523
30.805612943810535261045076063381689868072870532448 9.5104822678671848958612793973502728975633922162882
-14.159087248016648924331487722371174212702572855825 -6.2255588783856356642900308340747946265993073168724
8.1725243479596460496093364177568661841552350111617 4.4858246620584747449563609421487385791939282031801
-5.2305485889181949372049871834810007644893694797795 -3.3075953352259440838380191303762073642833756622028
3.3461425862407151082379660368834042654513072273438 2.2987863428793466061042944155676817816110334494815
-1.2667776803240936012473664669630625898154174903363 -0.90015426656201290928102172058300646568345889641383
0.0 0.0
0.0 0.0
0.0 0.0
0.0 0.0
0.0 0.0
0.0 0.0
0.0 0.0
0.0 0.0
0.0 0.0
0.0 0.0
0.0 0.0
0.0 0.0
0.0 0.0
0.0 0.0
0.0 0.0
0.0 0.0
0.0 0.0
0.0 0.0
0.0 0.0
0.0 0.0
0.0 0.0
0.0 0.0
0.0 0.0
0.070684403916610956284467037302223310613463063217997 -0.19588479277816667637396168526863365168564192656620
-0.17886011828113761048209768345531418472882110604546 0.48946560386844789284877670696298028357370478777862
0.25083996984610027675241176453289278022586395382725 -0.66681747014138420653429999082280968764548065646309
-0.32261605142214504803656536555092294711340134036664 0.82070037171981071101411108482515871512294642833692
0.40364913125284472394696942597832373825120117203018 -0.96967549612095863503648376306231688537246397356043
-0.50113866777709644476605640669009439414460845443573 1.1238297325833798312016994842644130197568768000378
0.62296036353228504294749852990123943871606784659840 -1.2910601547745728062999052438238452491940144578224
-0.77950321560001977013829539156652132462952753670795 1.4792571032035149104283618178775154648207223430563
0.98599457365542477328969125533938749949051059206807 -1.6977153450678398299015361226482719064055916518016
-1.2664045207317573837574330914823357545603751097863 1.9586704369035886105440242934581848337948842551084
1.6608489534058259259273524968940042725031412393833 -2.2795913697044152614637606214667265887824047230627
-2.2409081230658250793127140083061553871206229937275 2.6872113736351696684903856354482007583277818073938
3.1444020307361243486783264446925912836600648874291 -3.2254367479292137014963376752668860828691677501431
-4.6639438385413760036328624093020158678010474244518 3.9726214464473072513951599281718227104229867326017
7.5098479216690349671621254754129248165552689070435 -5.0846218531429527316347287087030860034725800558283
-13.783486748120114185972819269557418370781774116993 6.9237718793091968009689957306140013478975372702470
32.116832732120492342546286298812850800890314439685 -10.574403090965356087858125221488191118431913501882
-133.58397577441757501857039049801248321825646849938 21.450292602758140187944199478028204018387803991426
230.06922003933133066807481494507276381828132950533 0.0
-146.33206041397751567231923400362068552024366818398 -21.671389734446300950538697622667646693003698871739
38.425091451482336814803093609960554276167471591301 10.722049189659575966623858634324438138770358601349
-17.850281292132641422094491088840499797451895309353 -6.9309269461585110924737410998698383925761894147019
10.268742670617791861456046964480678315400244382082 4.8451211039022954589147180128549964208271310888636
-6.2258521047101266167683925708729757290815334316621 -3.2782164881747348806655555912496566806925672302319
2.3096652020366699706671142498004922997881235198420 1.2707372440183189033816162268960264654635528510322
0.0 0.0
0.0 0.0
0.0 0.0
0.0 0.0
0.0 0.0
0.0 0.0
0.0 0.0
0.0 0.0
0.0 0.0
0.0 0.0
0.0 0.0
0.0 0.0
0.0 0.0
0.0 0.0
0.0 0.0
0.0 0.0
0.0 0.0
0.0 0.0
0.0 0.0
0.0 0.0
0.0 0.0
0.0 0.0
0.0 0.0
-0.066169854254494742220124982821395639405898957135928 0.20227066143848389369288543920219129187368359679644
0.16741979500162603205018267245919337251774292265535 -0.50524150413607192602421625942691101594204464749190
-0.23471808552776725242300808795586683105292791368599 0.68772122812670948377959357881360820654290151549740
0.30164682914325493329024311403204720184583344307086 -0.84525709041480396192087686538417817189899548034019
-0.37683764061653935893679502511996569096987161044252 0.99672236418309588914583387997943557053582625144747
0.46661698303724135340615553871437096469458271370470 -1.1521221158076520246677598486726020006129230579683
-0.57762558609973436321368792558581289678536396633950 1.3190031552990559561470885257402550362781504315619
0.71829393641931128376557441084010482901757779264852 -1.5045823226902602879768065745210164194158651999709
-0.90053864352214525281199214240895898116732027711100 1.7169867415541642712517184400255555782585197377694
1.1424230819194976502159902429700363978988431664704 -1.9664450614054319014944901128225303941211782489203
-1.4729000366234668061333292604199702646337919856695 2.2668932501284511285769110609348492618950336168402
1.9409718198611494085562621165396797336005891108687 -2.6385709743494161888625889758067333807588996548741
-2.6347988117166356182344773053529460259139480663513 3.1127026758329949041206635811191995217738744739551
3.7253133333396682033192326254364547006488150232902 -3.7407476655514164776697901938608797243732462501729
-5.5777945147869995631426434124183172726837466809650 4.6146357196959545433717949673510661785637765614844
9.0845769691662565332922733856253848037854460614615 -5.9171985190359521503812241492843563438140825824669
-16.902119873534118942035425378004363044046393766613 8.0731749324187515511195571931434382115221023878396
40.011361584737542788147703375769857002388104147026 -12.352532817929994581663478851559143816131386326305
-169.42372833674639145387472490919792814448663484924 25.091204461014149091584543112300593664656818378234
297.77056001931925810966847017982808810350283056827 0.0
-193.07210624611422364861489858991861524303212350221 -25.286034644405430219018103347256493503245158603414
51.594407965531800255911660330585986362197755839710 12.397443953101922913183474434240369209142547048499
-24.115844481515616053873846521153419371026661165563 -7.8122089174216414397027033341955921718686418817154
13.320595920022615662706293321223302669697695380856 5.0453206633735025226903310308823507124177409301902
-4.7790254880684216907265922167026463301599318145212 -1.9232930660378252445743922752280722498289400828903
0.0 0.0
0.0 0.0
0.0 0.0
0.0 0.0
0.0 0.0
0.0 0.0
0.0 0.0
0.0 0.0
0.0 0.0
0.0 0.0
0.0 0.0
0.0 0.0
0.0 0.0
0.0 0.0
0.0 0.0
0.0 0.0
0.0 0.0
0.0 0.0
0.0 0.0
0.0 0.0
0.0 0.0
0.0 0.0
0.0 0.0
0.064834746885470195683498065994365933491634761531516 -0.21501290860264236159275298185581888109763779494818
-0.16403954660660745789152664916687455542168618140753 0.53692018360566665710035376207284483122551445536524
0.22995267802159120649819743068211048099060657365729 -0.73035553209556069729729058502901551532804869126712
-0.29540437189634984995591298752868800991875815405316 0.89669354243951757648876025380057644062331114435773
0.36869254373146775307013263915958993609176251921826 -1.0557636081717710468010234528766848288615191704036
-0.45572083541184073109176956387537464105117836112458 1.2178809946089099142330933165273577697838202909364
0.56247885096414763729399407862154818898558728190363 -1.3906036248868997699511130719662859915856690301571
-0.69633119229077117177491537569391989706941811696822 1.5809074743169154441413729857394049904142049808723
0.86738251971022829151935075119664623258518078198365 -1.7963607047098985150708498540962183768625218574789
-1.0904954285406287274215090700687372553329930315401 2.0461378606917833768483324162766422844555375593002
1.3887080191512292619212281449500913032981925569048 -2.3422643872699468674792459558674489314036636924698
-1.7994827377275530509937835110297051901925501632974 2.7014813989092299678887638956775226982772954678047
2.3869181183731408127849595074384995602150646520639 -3.1483741681958321888999452533203147235009152902436
-3.2674278374040414678544087652800690992544733818129 3.7210778588366491423377461853176392458302325405396
4.6687583405910310929330361009940419824413955676207 -4.4825855747782649678451455350172042787878777801311
-7.0819634260972178322768472928026448709001393045360 5.5454881241738976066368859083977027700046145066127
11.717483301510255861593129121904856263468825229542 -7.1335801661688864039492662230541894092579889820889
-22.211596291975479122567741373467920022602746771101 9.7661380339325960630358137023069454289422059219592
53.732951169748886988451696578310828568485807333100 -14.993519176787754211481836864625171131294072513041
-233.19034857610132866719328423797518585439623321991 30.540192198037664686423789890756635242874365905833
421.57779204431544840562546796338024843599883510975 0.0
-280.44527469623448582508438107247739833632999496623 -30.671960472893349430864081455028218293818849308281
76.428443472342440949497428998986361301143702607746 14.759043861735162284153057382690723698648355204879
-34.993197491124517938466111300028638103085446339356 -8.6784697503806056178620046121442393687192269222758
11.807066549046636848619410609760799976559190512795 3.2083279275026470631612964811954729550398730258315
0.0 0.0
0.0 0.0
0.0 0.0
0.0 0.0
0.0 0.0
0.0 0.0
0.0 0.0
0.0 0.0
0.0 0.0
0.0 0.0
0.0 0.0
0.0 0.0
0.0 0.0
0.0 0.0
0.0 0.0
0.0 0.0
0.0 0.0
0.0 0.0
0.0 0.0
0.0 0.0
0.0 0.0
0.0 0.0
0.0 0.0
-0.067150772851209974048031690804154050583760434789535 0.23751787686723396351119036821188600865929853967818
0.16990474462190309065868360955154635252270812820695 -0.59299418517052407567663284874539566156083596512956
-0.23817608559787998470087456649575512940198309477380 0.80622770285869056094723394740579914633540690055691
0.30591653242354063893298404320176598388844510449484 -0.98904678229544684460328334818624643211027180503935
-0.38160299032003932094289796356764987605949140041387 1.1631687010837108117658339146655843547996164944461
0.47113074755018426373438698715583728747117376917299 -1.3397343539006574143124396485176878755975883597968
-0.58032213924797206517809564712899513583402589737489 1.5267299469565964317425655819484880572505812333517
0.71615499944675650332177249127943011739975164201558 -1.7313274913711387904835476388266762041198694540920
-0.88797996048984626615051747155588676214508332629952 1.9610810818492501594670788022884768507357779635734
1.1092335760548417111190495048767179399229958232557 -2.2248768879702022765320683505747755336998048303493
-1.4002226668047652729954747020026564220275306222069 2.5340072288292567017197042537838207522584634852662
1.7930022534212523072272473877497703522274629490776 -2.9036748559191088488785447366107969963467492708665
-2.3404451561838832257585598289278597061276346322133 3.3553661353315330058854539970647818340513769933111
3.1341805409601079078568404672027042335886573725918 -3.9209050342116678585144228395649383197245722483647
-4.3427233511972071086956500691551206803773882329965 4.6498889287504721953746841548503452045855223925280
6.3000279091633946210188933076562197159376014390488 -5.6244414207885414712560748061136261526532594602467
-9.7359048382987265559384923382392018302748008430045 6.9914638554354898477924740235913601823358670078456
16.474711007467142819017453954527571030806529599698 -9.0428197936214020610660406092447616408983497840007
-32.076569609156958026314284733102382618228085365861 12.454725895127542635757995895149800352109589797235
80.077542971007060429179155015194614927739211634500 -19.241559115251264731448743410617227160893405567590
-360.38374613668544750955431990096825471249900388742 39.414734402462243057745341908831055071658630885716
680.39159115477646003833789175060045983703934729932 0.0
-469.54627940789468224939429955938120596274560447672 -39.337662298939494552613838845144791844045722878262
129.34204833140117809154672074232976611674657111086 17.942256234297380757705295512639732928630497106851
-38.193979389147660315728244225748994791973116797750 -6.2053876550695948316185227642979171856566242927954
0.0 0.0
0.0 0.0
0.0 0.0
0.0 0.0
0.0 0.0
0.0 0.0
0.0 0.0
0.0 0.0
0.0 0.0
0.0 0.0
0.0 0.0
0.0 0.0
0.0 0.0
0.0 0.0
0.0 0.0
0.0 0.0
0.0 0.0
0.0 0.0
0.0 0.0
0.0 0.0
0.0 0.0
0.0 0.0
0.0 0.0
0.075079814902447927797258921752492011922351974787211 -0.27840798653623559657455594186492708609502160023666
-0.18997552607780962282684868400312693212744347512482 0.69497852428146531214821011874233353836921817138994
0.26632677488604147832555958859670553505902671070204 -0.94455007884763294966538539126060446341105492128404
-0.34205771379252229488759202568731556590682494665623 1.1580743486858043266073772912747712590842283416719
0.42655720344355203524991309167639172097704800883158 -1.3608553851031024073018073883175222893438980097062
-0.52624903371089223867095193149937084544200278383622 1.5657485882953717968365568326944411534242931814505
0.64735304975902431576809119328805774862253007684170 -1.7818278665171026644691272288447407328608268935176
-0.79718248604320877410996703235458871158830167672745 2.0170825343492598275407845837135322440001652049687
0.98536755804485221557265262097327508212364166991193 -2.2797463579643039590061481607727374742504424841986
-1.2255137940830526633437149233309684645018920330550 2.5792904010545564723165756850269942616715563378488
1.5378149830101335147095275641975126148156463231290 -2.9274750371623029670816698292541930226303286388759
-1.9534889231180133662621036044748762967749343150620 3.3397437500022447883302080570992486389319019529568
2.5227324349057628210371439538777314201411992119857 -3.8373148445238990397291115529338992718287076405484
-3.3297805410744982326650767849046220296587068568067 4.4505741615898990475223975489917128062132872724114
4.5231990884562728056162838521565060997939197359679 -5.2249361832554964020130673482854276737435573302848
-6.3813863846888062150343004725597941670693992512836 6.2316443345398360050403331502170078383037155293524
9.4674282456240277446403479523273989022778034822828 -7.5892334024702636074039163069018872982912216994718
-15.039571594300348226847465184403941321773956166409 9.5104396801699319276567701920329289205026337403077
26.320053404172273616683625828394618535632045822753 -12.418642699975107996574843094057746068772047832219
-53.387209705279513427138251941599821289704970417342 17.294523360171874830650015802646431523799630814179
140.08728748420919449799113149729606721053445144028 -27.052159202995458455770745677185767172373837854112
-669.73816251645446673342533296061790231647136308476 56.109343894721482899570716337492832053103304656719
1367.8469328218447720101332252462542171955863735169 0.0
-998.90553437538278503337600626968170859961486139256 -54.897906656377054077147373786460097880227611253502
197.22044393095745158591585032468186459282131215284 15.525325725545350815341804669045733233806170774110
0.0 0.0
0.0 0.0
0.0 0.0
0.0 0.0
0.0 0.0
0.0 0.0
0.0 0.0
0.0 0.0
0.0 0.0
0.0 0.0
0.0 0.0
0.0 0.0
0.0 0.0
0.0 0.0
0.0 0.0
0.0 0.0
0.0 0.0
0.0 0.0
0.0 0.0
0.0 0.0
0.0 0.0
0.0 0.0
0.0 0.0
-0.096247711705594830058162209331663133053481878065555 0.36777254784923527974829239225898042658844949871030
0.24354642351269382849766895288160471971109366664719 -0.91797107490348714509527647128945629108946781892516
-0.34144756264291873677741161793235220438251496000388 1.2473468263355481126595512464613568957726444168478
0.43854064767625966860088794531746433646530384242104 -1.5287803455666700329678768127711431773256308477604
-0.54679281791090277470737657473814132485159607992427 1.7955752144660191259763029536348729309011133878610
0.67430848513267054995713873064821334466674226515715 -2.0645502651403977714823809415099420293228248150037
-0.82883604861368760349064667413771081646955175994938 2.3474638309313034555019806044820768664175041761894
1.0193744547127767239919464270936170360687964442796 -2.6545409236004027537120482470414622074548638509766
-1.2576412050217375731109587681532647883342839068116 2.9961741108033763718389591817470467721528051638587
1.5600132992149683110643070908740614951573247362006 -3.3841462616683197651930942578601410114283663341712
-1.9505242113129623639535967678349517642588660096958 3.8328709682076610256652329266125452688171357931025
2.4658495802935663213870580104415697135171473769217 -4.3609735056832713793856776417692177296546883593824
-3.1640452867667714638423993036392294693200383050266 4.9935817408665698855783203530022853902370199995912
4.1406368257729532006815778370813103744671754167582 -5.7659104896349628157326425160392045163987212786483
-5.5598834577272249151180040899525553901186463929711 6.7292030567466729334696102306685567879699673795033
7.7194411928827514578752786544940084341254810836053 -7.9611385116841124467937131910408437234650395782399
-11.194497325080660845976438009548268185515137105860 9.5852114485196899668868747528059312204846281658992
17.190171770900605937881532562214023639446326532722 -11.809578067948369643010353819418373341443720347086
-28.511222781057305252212168128638020350161869417950 15.012557164371786502166260961606075890846664078423
52.687300933269982340667567634693236736642079976496 -19.955888587269281134987097835986234290724488728217
-114.59743246972471202282595356507279459281167825156 28.420676659000291030041117164056352664084664607902
329.62028117648324169348641890154957237682089629328 -45.724740107226223037524610080349649538132027084343
-1784.7277147670890355395933380022958937748879934423 98.085166335171492408596365199170559419815567017922
4455.3579305564504898834867100676803021431168419556 0.0
-2920.2305666213795857456264126506587398439084223491 -69.401037120785266169962284527147782980599286795209
0.0 0.0
0.0 0.0
0.0 0.0
0.0 0.0
0.0 0.0
0.0 0.0
0.0 0.0
0.0 0.0
0.0 0.0
0.0 0.0
0.0 0.0
0.0 0.0
0.0 0.0
0.0 0.0
0.0 0.0
0.0 0.0
0.0 0.0
0.0 0.0
0.0 0.0
0.0 0.0
0.0 0.0
0.0 0.0
0.0 0.0
0.15434451219512195121951219512195121951219512195343 -0.59732645403377110694183864915572232645403377110694
-0.39056260888857176894116467104893447469674304774764 1.4908867597395533639462547183267689182187987799204
0.54757768878264020995947446131839112486878851079224 -2.0256429388869811320109055366587453722487953176527
-0.70329144462186327530573064844413409277009391261198 2.4823120810316688788405956493222087819950657360410
0.87684902905823457522366030051550405266834165248840 -2.9149021492529248840346759648886321371995685543305
-1.0811600570085406746210455157403454818548167308760 3.3506202826006371628290871038455117883448211445385
1.3285006089385653551965609739354392303474233465984 -3.8084113178903053639002098559313664024200004894146
-1.6330529374405412218122419279426254527255061799177 4.3046634192488012252148308954600011688632897592764
2.0131950130552321675659814808760820207617101706089 -4.8559351300835737574930129866965202088193228160444
-2.4944953883110110084039482320992857559928594104168 5.4808843726173824413991109004093155100393318145835
3.1142972697675200735010545540991354103879210820162 -6.2021884048185696946992875614060188413062656469600
-3.9292785224404908280236857308573753865612742908523 7.0489486160078663973304905506266922493139274915650
5.0285722189606793753061977809727425413834615439801 -8.0601203145059847799504289952831329016185431779004
-6.5576422425708360009160535949406823401981299024765 9.2897920484677577094142597876473776737125728139439
8.7640011301322881229944537756402310767134423337930 -10.815774179132487291894157080084101454952112346328
-12.090006051048815906242445302338355120837114040618 12.754299265002402676590193676245497032165763427888
17.374638976648422797160146878719740800079223317817 -15.286593119453034336326311815680251181491244186734
-26.330462811440046488794355193781145790143183629348 18.710053712192310469492695518316694727901560521558
42.794542894773037553224148738310812486278081326886 -23.544806168952375068455467999849009074804575097903
-76.479309901800879049686595241669929708573807118157 30.778686323546490035853678972562775746425128267928
156.44280262411252755766932048999075861585985680826 -42.510119734715326285800811429643534355288467357985
-393.81424140142886685171922706277018326579351172599 63.983121713612030602860607684454778517614816622059
1425.6791470037618312955410332358541026440320998383 -112.23041940367870625842186843855416909388315899631
-11815.155977563786013194616627728712513489706105439 280.79429342302569434324910331439969755859269993470
31205.951789529914529914529914529914529914529914529 0.0
-22703.644024215430925064804273586849206480703912908 -281.08040486847707803827885829082912935865795392165
2716.4750085650211399761448209909321681757830248948 112.61319708855860310961235021108210674507646980938
-740.68967291215251793600722892464771190369700220917 -64.440905345553995707456199027816399276273212996811
289.26547200147719816527169903501414047426237150409 43.030020233582725159098335595369687430076019090604
-138.55657276211304816087126425190548060950007414696 -31.351354437721013128391213056478808122706795291634
75.787137207521678747481016277021636329796344891116 24.162644455177201692122757629385561560676116715607
-45.533871965468266290438394109974981941951664996493 -19.366401993674414870826770027395957987839658051832
29.354948673887044060320647846232617035760833410094 15.975290573888893832297543786399804402035583980669
-20.001179619227469565490308055462338408123935877698 -13.469421556982079940029530294392174265770182258083
14.254488163595556755206598727137986601573624893670 11.551462946053307553925954068878193979970543854908
-10.546920400252774679880481826796209391547042104725 -10.040137843294988204328543184203660958380319897827
8.0559977389020914760644237212535931339100401471395 8.8190783997011657639838313063291893528956991777130
-6.3235204886156193385966981662998814259272893296106 -7.8102751043870431057386572036320466622665531500760
5.0810567623187656209015861050010961723815967132541 6.9593876000616140825681538516709258938536505429183
-4.1644158965876781561163249691996072759721464336284 -6.2271587856099895255360415095748755013050639024854
3.4692533757323864235098701928972246215795797387357 5.5841280223702319120347496771433821113209923731828
-2.9268414435061996929066012869073357990074063417311 -5.0071792201681581964792392928486225298520160308536
2.4902086380401475403588665863691934922893398237336 4.4770896020949062837715257866836498962128532964112
-2.1257818974188312167928758953869694166625384094780 -3.9765180997563179260020649380528090930716316250537
1.8079116920006604302791700525074792844051892073988 3.4878902815668330519318869058889461868402917428695
-1.5145679896843731372971069919767351800575099608125 -2.9902578755188905657371795487558790388274535044969
1.2222112608126038087112568247078542733061264082499 2.4525107114355807556734638343894025411166903610502
-0.89353211862017514340987421612006396952731751759477 -1.8109920587275401003696855058404456123994507606069
0.35700698353137377527621430060454450698353137377782 0.72659995830727538044611215342922659995830727538045
0.0 0.0
0.0 0.0
0.0 0.0
0.0 0.0
0.0 0.0
0.0 0.0
0.0 0.0
0.0 0.0
0.0 0.0
0.0 0.0
0.0 0.0
0.0 0.0
0.0 0.0
0.0 0.0
0.0 0.0
0.0 0.0
0.0 0.0
0.0 0.0
0.0 0.0
0.0 0.0
0.0 0.0
0.0 0.0
0.0 0.0
-10833.616544161944716277788435241958884857615236617 134.12460665675456130697879231869703079762884684188
16468.442505355876877284167031921757852721635682916 0.0
-6541.4294822157858667834248399876650166532436775285 -190.20635312463171045887088851377271377537508157497
1192.5304293635804764906772425422923092514004815672 89.000198314672043338872853039170034278812876269676
-407.58219318334489259510937265939324877820465424498 -55.597837076825462125081396914661118268059765761961
183.59860423548238878055616866322079421711777997824 39.284615617502506274775913724721818347308864140365
-97.112219354769004399790482756928224861472733998169 -29.774905329143841091888488514827029695020694215092
57.169600402536097549544059710519810519112391998434 23.624141774454442720867481729622327235525093410264
-36.368221491531405770040904558768704855122678318636 -19.359275786542475333081613804771471039843308270120
24.552379167207092026206827428413109658181601442384 16.248702425176423426301313530528156450707825761879
-17.382128349948426103806192703987445041562510472791 -13.889806516986684761158999629482611785397574685696
12.797498334840392710940672226746020129192224662965 12.043618166281652339322743276400626598890347797587
-9.7380514236639512239330347667254449439464877648337 -10.559701133758578523401757784687931903655438249100
7.6212407441779776066956386955423777368252672200686 9.3386854055739928641835105507627873061503971156131
-6.1094355814316575556092132871294695093723837947257 -8.3121468425368625557851780553688275707438651130896
4.9978591720659843632003075536447427900709494968333 7.4311160185414890619201692969353249208238397710079
-4.1572604749968486135325034135512895286932084411251 -6.6591351728772745107719674697759571307619429319899
3.5029886873871468630354011074023623165786549627967 5.9678000705681769396628156649518185984330178282821
-2.9774727838544545896348007785956858242916470494263 -5.3336464989076722487862935276821689759492104368310
2.5397479797030594557558740253820792240020770413581 4.7356419934212778037674746799894070373925694400410
-2.1586573435389928113814730554030511148930107468026 -4.1525998750061634531310741316783604312120844379317
1.8075702013611095252034218067937961023457568392946 3.5593989153064582824185496735991698893958217718482
-1.4581796842992887187253160949955487379467878438499 -2.9188771920930341544470239912760350593586748187510
1.0658276907747223279815353834671448430310794851458 2.1551737652230796422514760184617166037986184817763
-0.42581079590690599901944805967058870796790301237123 -0.86465865435103644757310156257762366820225591378339
0.0 0.0
0.0 0.0
0.0 0.0
0.0 0.0
0.0 0.0
0.0 0.0
0.0 0.0
0.0 0.0
0.0 0.0
0.0 0.0
0.0 0.0
0.0 0.0
0.0 0.0
0.0 0.0
0.0 0.0
0.0 0.0
0.0 0.0
0.0 0.0
0.0 0.0
0.0 0.0
0.0 0.0
0.0 0.0
0.0 0.0
727.31172085487157231745677093376424981962662286377 -30.151169404173779425722998246042771856487926448386
-3670.3683020252875223383529050360633807584822278773 106.72397696107231489997710210503442507003789001116
4983.3665939717417656651870963061688371481251472487 0.0
-2408.4941469894783035362766304762138615018083918823 -109.74841788783644118750096945449102664377333637483
495.21601640089572606534819005261542941247159976985 53.180267167379861373203456236191657823276975700009
-184.88786503066403543274497048666947020480740090401 -34.212701807534121025981865471795636994168781414173
89.080000921855622295063273767744505408200096672617 24.751409115731677778624990364692570846179286270676
-49.688206126637618255167840796763136443201008595105 -19.118578235707418148791410813982455981099554348810
30.545337992460674079464455399528538250442049717552 15.403606976349476402012149011233753994699019353480
-20.148478723295124907042382304470811392004626259287 -12.781668658870157380409029746759034547259926245737
14.030916801109232626857135353771308887353915734265 10.838263732623927962911600067472698574291381529205
-10.205146620330191135641607614955321371068376484206 -9.3423581151521580332204107197447112447314180558708
7.6939382394472205953364892561363311963851760592999 8.1549989759018659311636344144659297925977947828927
-5.9783618444164147465093568168589839013719645051721 -7.1875092066879990209293882311027004018651790196484
4.7653413391259100371970421593973489158335626402772 6.3804509403168420358648319161076189449308293579950
-3.8806924888859504898354507419753203625532178967826 -5.6922064482943227232350627576458002794951445753238
3.2162533063870039909288749473305144672046955284449 5.0923601207465140358781180381385082166183923067443
-2.7021356723284270142520434563517780998176467864631 -4.5576026270763132719366697806963460959247664227335
2.2913581849636869802774097603167809019982200412278 4.0689733921869642220515981361536114030685518530922
-1.9508440630700455075577740333467111393964443374937 -3.6097287659919501417698234827263729352380191244809
1.6556998530736738059851562832762911710068977613658 3.1632412204169281564834009127588605251689136856187
-1.3848904062532829073278970694375943825549437874202 -2.7100404960125489167655633381104002223028374510919
1.1163318740245409143359799993780733422116223278536 2.2215921748818999818130460494169109119091941140226
-0.81556680150571227208917130286530403099666508203944 -1.6399755914205422652748783665438822507562455341848
0.32576263301034237136602720806128706422069897460019 0.65790111366422437760111349011717252646403358591354
0.0 0.0
0.0 0.0
0.0 0.0
0.0 0.0
0.0 0.0
0.0 0.0
0.0 0.0
0.0 0.0
0.0 0.0
0.0 0.0
0.0 0.0
0.0 0.0
0.0 0.0
0.0 0.0
0.0 0.0
0.0 0.0
0.0 0.0
0.0 0.0
0.0 0.0
0.0 0.0
0.0 0.0
0.0 0.0
0.0 0.0
-139.57459444762322184233268621409945236640628053485 12.143160028248591982112571424179236637392298539869
470.93575392025461303318704825266711601783290977753 -35.146587844085645199424965854249970474784204129841
-1695.1214046025322559642106141671627568129227861984 77.241994760698790001961201146975981972630450938493
2424.1602431575922070085880020181819546537722106669 0.0
-1262.1084069525956014927791073378069045335408228747 -78.075204198083207310462863932175571681667351336663
274.68425423343491661521734995691925719900853572070 38.355577262896481272523795945736203023450334179061
-107.50044589578728044534178301134142541401548188130 -25.013461793435027145374407500390176968850502248647
53.875808192203381963696732312769469503243528476271 18.317991569792850506832733399499519367431689717804
-31.075745571573461095532339594728523605632026592457 -14.299392322082006186594002680406475087518616175119
19.665994240913849312581797232829668433050335272471 11.625081487924383973959957764852504206279237243482
-13.307590388663471639012739493420196628876867052846 -9.7198721245107745476470666505805131140528916604846
9.4800689844298072170179872797643800667946127890715 8.2941959777651125163529345638522799767916475682825
-7.0369493689763054483580558110658112465917681409161 -7.1860921191996420245859625818341633541870613798515
5.4028856671983749898160475666629591936259069785130 6.2976575695334314647117889948308155219554767538013
-4.2664898709816746748516476634088089483788198567482 -5.5659793403819846852979909615649926248437308713572
3.4487171999563893130702015850167124581004495076571 4.9484811884515637215832770104426699011978189584776
-2.8412863709861852376092343246457733840684689829941 -4.4149279638284523446368471488456290533078998045278
2.3757362862158203072632348084116338387140290220773 3.9427316017065268834909019623890755823119510545072
-2.0068921019868922378233703359594587295240458409021 -3.5139512725429733172172848474605725239272009389971
1.7034801669922000185657712390791188159177150462202 3.1131072919120762682107700903956351584985030468419
-1.4423525819502608898893576317762300875727839429023 -2.7251682809884047760187612339181904750964643974110
1.2042986348923438699395511343842067666135635039568 2.3328812320630839902349945189003294117168576122100
-0.96954300957354871731877734503680160640602675144072 -1.9113412426496993130021099652844630225607291363465
0.70777501530767948264088190814220284258831316421808 1.4104596933264108168902601138234664634525691278515
-0.28261502966801234114936584254866751304169825772164 -0.56574511058419770559871140454404754403831852035347
0.0 0.0
0.0 0.0
0.0 0.0
0.0 0.0
0.0 0.0
0.0 0.0
0.0 0.0
0.0 0.0
0.0 0.0
0.0 0.0
0.0 0.0
0.0 0.0
0.0 0.0
0.0 0.0
0.0 0.0
0.0 0.0
0.0 0.0
0.0 0.0
0.0 0.0
0.0 0.0
0.0 0.0
0.0 0.0
0.0 0.0
42.638207499115530704619171742621645857389017336229 -6.3426959281240125101587810059070882410256228428277
-125.90403604704199545128265494818879346532046732471 17.174430582420848835920439715049733298717200273541
272.63534068699321307040567015549329290876270878227 -29.277769249826918899396008285801545066386721613973
-987.25403137259297321752562804839305660999480222373 61.072455955593000338302966692099311259300682795236
1458.2948343065872200851303044181010774028912779737 0.0
-789.89430724990107071593264498253338490606558982806 -61.504417887456493773226505591105151044661431379883
177.75162295260389048213708707067295230953890275673 30.422539287760456385025111660266371944013024022818
-71.656476813591427497526694004784635870379473486329 -19.987393972595904207608516095431957489423112146378
36.868309719541599112429817666581866234775461257284 14.740918441334492997495913328618464202140854019145
-21.771730483818922826821271669900888852579289744549 -11.580657391081859865131980628438993151128122048681
14.073801772243405989914304424430914554639200078050 9.4674655910631496276682215487249057022943165019031
-9.7092924900360307973333916289694739663696758557379 -7.9534439801835217107017804000861043762890439965351
7.0397238657996035010659703613758834842876577629462 6.8131804879526190757828296908478640049047221223017
-5.3098720798997712698372554613698671816341075367411 -5.9204760465045307507484670279394117129753770824740
4.1358294367505643091240167091678503123105721257908 5.1988423559733206389344289542833654566595764891882
-3.3071815796939463707399943130661098117668727658678 -4.5988737772643632348174993078431275432059800503252
2.7013957130431599016052103487273657722919276863113 4.0868238633753552962490792257487327954392277843519
-2.2433471261059782937491845832698985016001896410889 -3.6383296344970879479659690399000781278672333911043
1.8847378675663660512444131866028695979793408304351 3.2346484102011262178658846126527858940074662493455
-1.5929039533578342562144615845360270730851305934823 -2.8601053556706769252084992754347001154757456237220
1.3442146918265060898436187661534368071040045924786 2.4999381504868754992070867754744305637334861386918
-1.1195368025312856007882711412828383448798065619682 -2.1376679705921156213993627293362953871902348096415
0.89970399442778930535148516298455528963468133383225 1.7500147104039888003758973066275207844284631951041
-0.65606914155138920297831191199399564315539365507088 -1.2907765125848119927634102540022361615865194440740
0.26184802262344630691613206136571830748848196148237 0.51763298181441899875842249875687140967560691848485
0.0 0.0
0.0 0.0
0.0 0.0
0.0 0.0
0.0 0.0
0.0 0.0
0.0 0.0
0.0 0.0
0.0 0.0
0.0 0.0
0.0 0.0
0.0 0.0
0.0 0.0
0.0 0.0
0.0 0.0
0.0 0.0
0.0 0.0
0.0 0.0
0.0 0.0
0.0 0.0
0.0 0.0
0.0 0.0
0.0 0.0
-17.018279491671170490934845793065914329936424954918 3.8507455953000771058762117009409497239482189535959
47.258507713563622473463720462633044422505932303035 -10.111908627600173605071269686431141389032484144020
-84.816833434716937529486506057555115236821355199295 15.694989122622996034221038012180145261420632449387
179.04087816019020080495429614501043362102012462651 -25.000400021670132425832093468022006847776296840866
-658.19588377764341369819771266899405405316968938996 51.249837245448760811261365010015598783002215368401
993.51699271360530532575962102529751763872556319121 0.0
-551.74344265847425498268115597577594775642742452641 -51.563585275080526721667090878609499593106747866141
126.97081464150287496990512698331629093722963923936 25.605195833517311984102402272795431686827932847032
-52.259409572071224619407155944543458371998692824872 -16.897038900705309818425979824367933571501351591717
27.409762273703556183746670196105964475743171655115 12.516147895022854869488306591497277604688943186180
-16.477237086687630008775391590773803278581681973911 -9.8722669535189842149739742199309805050000915196386
10.829308506171105024180975848426001762778609393715 8.0990420448936351418590207424974850548549717812862
-7.5868938915466005372894530450786736283149533005170 -6.8234734817321219918406610375152213861329108781182
5.5795633827355730605253269221113008280014782165114 5.8579300750699452641769871667986401343286052457184
-4.2631280132067132933890189637210961144250371979412 -5.0972934733977826831159813728523554791151029659844
3.3585097329443036759799454817102186218865027553971 4.4776862610734360982534014353763055401846170110377
-2.7113385748007968530850143782330481966655885396294 -3.9576003355618862848673415005982825076895461901077
2.2307913964866511649734334878437954149842771711724 3.5083353306524319803654300721636877925182262404533
-1.8604502269751831679733964434227303591691007650541 -3.1086738808503322135938431889908679550436736025748
1.5633005305257763140382608359595665270639665580955 2.7415490476230836597139675220120756603683328357663
-1.3133372353689660968451699613098961229884384629829 -2.3914981905422030809723361424907172279663360400121
1.0901562452541605936609749147569157022181055737680 2.0418745965295202288119893689806424830724643345774
-0.87402363285301374909351954863507255945727356735117 -1.6698291843969301891423870838771843746422554285478
0.63641080852308789739887902003104375971326715662667 1.2308296510752493285602346657184166686409445964273
-0.25384646656509508734580145536918327999731225645137 -0.49345803277118028452268018349766216550798873193912
0.0 0.0
0.0 0.0
0.0 0.0
0.0 0.0
0.0 0.0
0.0 0.0
0.0 0.0
0.0 0.0
0.0 0.0
0.0 0.0
0.0 0.0
0.0 0.0
0.0 0.0
0.0 0.0
0.0 0.0
0.0 0.0
0.0 0.0
0.0 0.0
0.0 0.0
0.0 0.0
0.0 0.0
0.0 0.0
0.0 0.0
8.1003882802342090934625521134786181775405343843316 -2.5825860320893361108837962901190331998650746666523
-21.752357027848558557791271298762623517388039364287 6.6693396103311423337172006470094631864523709372970
35.561139983624083891010878588352122551180397290882 -9.8808746660052035542470736238717450088456369905396
-60.974818312272776420918633830016310695930210216186 14.187767087907926724208654618786041603844521197586
128.89069567953088613874628597533324593914741081531 -22.059895645413367211552265679209757955637403819739
-480.13016855141615968317699869101310333886885513141 44.870914586590395083457641626791121947677100710306
736.20854122531615165010350714014834876841473522980 0.0
-416.08336959239292533875135208628841195347540557358 -45.138512852872782872314692494916359786653742611110
97.340097051554325305956386968060842900732161482023 22.468642411456138242981000757271158769684380955863
-40.700801824998662063684685844491536666168159190014 -14.868477923214545308284024947369635169717836949118
21.670950519001722218604291744645615578408564654037 11.043925097484799419550681407740776794513892209696
-13.215183695563877753781405651210319127385707370617 -8.7328371826739670033589142916384162835864479594790
8.8038881634434822267272860970556108709592068709234 7.1792368082512865491250752993132841342538392709332
-6.2467288053409594929498685095726331845885448573424 -6.0578586190392129979788418674006770083792983864966
4.6479560074989198565809521894736924319109176156408 5.2050902890736493774676290157788655456889720818859
-3.5885054561237791817825252419337870652821831085811 -4.5291540212895957663777434462590223651526002784785
2.8520365236645467628643733060578109906100162450304 3.9740642226034307334465750374361652744635245822652
-2.3179637540104491824706610235259414624463682322030 -3.5031151563366643097423533895476345449582264208873
1.9146182751931030473937971940242861502191999156072 3.0904444201233413079457303341678311053450102738408
-1.5967438276747190411281993769775057857041483758534 -2.7161956851978644914686089090496790517863019514010
1.3336740945416186607256618930508149255439750194749 2.3632030890443371985731552666218890890458097829538
-1.1022533030073402745804960082107395983251355658481 -2.0138017824035377073895232671501008318910041326403
0.88103625114215363396607282023362416958326104417639 1.6446307522183758824508424944244292240441620790888
-0.64031126284179725037306499807703690193336759188104 -1.2112378945099498800817250633154162600881229862821
0.25520133524762274714338406833308924610546220334570 0.48543289796777229592551706984863801442585861296204
0.0 0.0
0.0 0.0
0.0 0.0
0.0 0.0
0.0 0.0
0.0 0.0
0.0 0.0
0.0 0.0
0.0 0.0
0.0 0.0
0.0 0.0
0.0 0.0
0.0 0.0
0.0 0.0
0.0 0.0
0.0 0.0
0.0 0.0
0.0 0.0
0.0 0.0
0.0 0.0
0.0 0.0
0.0 0.0
0.0 0.0
-4.3752773820693202871023665014867083939204845302011 1.8608867851002327658293062295597806258284543688477
11.512198653778914275561177821234332337755298948098 -4.7571753382500813467108395889954271092113868087322
-17.832385936444887918444187491233818200854503435886 6.8613840633799687829717679381866869608030466072783
27.472281150869234395870408777817503334919612981755 -9.3406861337335339816038561933615346865218912229980
-46.711532869970073317621771472123890728726309351997 13.029412720984727285635597727749216483729470215208
99.331363283591647270215519807597834748139147157361 -20.031367180464289318765142189855797090660611417661
-374.05979620149771539091329837242858035872914681861 40.579614934201327309421885473254761294562477052843
580.60290906015439336648141725846622043015857550325 0.0
-332.55098790750988840159625480163679420637834572821 -40.825027026489687189148770249663950477467347271135
78.814779833642892483230247657706768073428272876294 20.352725851171655302826690821662664986087319228680
-33.378026610300710596209850745018485163301957959590 -13.492070536008307375839033045515664597441977794102
17.994335722946250719026034601336823774114936816738 10.038690362249265596189309130005070172713118519924
-11.105712538438584426021052835295082974564791886748 -7.9495059246412412006376099915987789889328595988964
7.4837323067281220935187259806642684926777504233895 6.5420493573918355439494044877550857470507133719412
-5.3670459376815477797712670288941169975969525483800 -5.5227390436455672372561341052876046735706584197353
4.0321131941969401988142676934263262249401060710103 4.7438111341231787002226293771564113795306942004807
-3.1387892849884145399955097399149275078314685279156 -4.1221760769554591841968972918399288649143204101123
2.5104734880143845462622514553275850460388963125932 3.6068246985407783808052278920398430603357583981961
-2.0479656240062543562385322709586891182543976861044 -3.1638230731735135222585363997158556805964366718390
1.6915351682366537027140908156022205600254460526828 2.7685019625089170864543548640860793622583500840647
-1.4024420212795209231456783893285194911600494400503 -2.4006783248638672488815887938996133667151345836958
1.1527377845996499648046107109829426391207267300211 2.0406865103398511487048552170684261922209628864054
-0.91784851445827785527318842068711401906261120929500 -1.6637122927414478340770270751170446521194429759586
0.66548356098858703199719270882158302406543498231740 1.2239897592335242210707906988787900804114389472016
-0.26497097622773658703888733228627127240407021452559 -0.49032596526036533171358583102033413658681256203113
0.0 0.0
0.0 0.0
0.0 0.0
0.0 0.0
0.0 0.0
0.0 0.0
0.0 0.0
0.0 0.0
0.0 0.0
0.0 0.0
0.0 0.0
0.0 0.0
0.0 0.0
0.0 0.0
0.0 0.0
0.0 0.0
0.0 0.0
0.0 0.0
0.0 0.0
0.0 0.0
0.0 0.0
0.0 0.0
0.0 0.0
2.6028387118693224848356959506460425832591327554175 -1.4164938661966709515713880853220773711512539113409
-6.7578742223962025151370844885102840164312829168103 3.5973040593309868264969326756222790448414715470997
10.115701246032279917632102404806884774755893553773 -5.1012133610212343453081242307778537635630390368694
-14.622357710313879067171349612301067905331086515264 6.7284251987461484115103809627888813388541757380776
22.177716006341924558964842052790284806091259498345 -8.8672332784294941903394093617383081830777452191394
-37.726099977218765211552138842636649077751752536855 12.197982795956384090474253528711214001978711968241
80.750900208722898305465449500258942874713188701904 -18.639421534910026208703712479064141125485391631068
-306.86910373144852490750939680209436809704961513744 37.672236465932143612260985913561623286972221310388
481.11793775560558354548551767361882527094244323746 0.0
-278.57525094204107192191450995254583291685840354133 -37.904902292056941051323433700789095928738949413144
66.743343504731055862718259356273398171429072719279 18.915317937614575018069331323771346175254484842704
-28.574454706433262399474806865319235213134781492041 -12.552672930048723379885353793637053271024502524789
15.570675537964119451030965258593714799604786020939 9.3486224383483902664841323114216743853091477663972
-9.7103667203207415684333421162221240380722286392483 -7.4078278092719926571141154120686904061889715244362
6.6083288504030390547954854387978247264719609194551 6.0972612306362123875900530760856513937639291230260
-4.7822570124399412455482284356483940922492339673084 -5.1445314562190989452561062092318557173679612431217
3.6210078404632322570738589436485691838757114491058 4.4123351800153773994615649384475377010848476673149
-2.8360428201639097893265388253313786461301950534264 -3.8231262480058599154935039302647952404823624088757
2.2766732693425936537975526164544569238795649456192 3.3287782005024388434649102012645467428510400243684
-1.8573966514365729198042088345465778243792250969077 -2.8964633997617526958014108400769824225009126902248
1.5256085077606153440573028036988688211910165721027 2.5009811827231788999982283178801498831682940784931
-1.2453315531674862012953011393200109464011870021767 -2.1193148551354026944422898803163893691457675538195
0.98680081469464724983571571361391489610616821713403 1.7240657881886382325562129224754157942286201150953
-0.71335668164448348124448730344863235406999491689786 -1.2667019245583590943611378462890551814628645533220
0.28368072426774954629112717103612229318608312652202 0.50715447101484216981285292805233821306113673958472
0.0 0.0
0.0 0.0
0.0 0.0
0.0 0.0
0.0 0.0
0.0 0.0
0.0 0.0
0.0 0.0
0.0 0.0
0.0 0.0
0.0 0.0
0.0 0.0
0.0 0.0
0.0 0.0
0.0 0.0
0.0 0.0
0.0 0.0
0.0 0.0
0.0 0.0
0.0 0.0
0.0 0.0
0.0 0.0
0.0 0.0
-1.6729559269609854100433927343944297031868287411042 1.1266209821358318418180874706700516081565066378578
4.3037256777166842617321386651287827643334426206076 -2.8481947668114266879674323493924863796725855944768
-6.2944281194954438038287190595871648286388007645678 3.9930207995032407902828265769753044745448775856971
8.7292053952801381437814708703107802571234295587201 -5.1600607018303118734987640548453889840333013474934
-12.354338542620610162902112027871487527425197911929 6.5714281215202276939424515517852914885178782921258
18.665758361888008604039624880789249431470850533043 -8.5233644092668408109541463879236226973164259017689
-31.850886216800760721442625644065292829570750364959 11.635500464721769108230504949094658623926174142724
68.606544713431802824341754428326858540203545695378 -17.716603397178935393255639120880712133726075218847
-262.78797498167525293835302915571509784436869388193 35.756774808686535890850663697988685042571621886761
415.61236840968887644777105638877671752408256025038 0.0
-242.90145385959085028479915970748929311306667607271 -35.980844551079994411184311379383263162692301906194
58.754284507693317490650189333352617850078854718481 17.965444251611063224111537716128895609751632426493
-25.397747301875088370941284120365366154482043104028 -11.928969110827750315996749111359736802559699845061
13.972339040329442505951988963237537466869190763421 8.8871992111618103976849184823122749256793909179932
-8.7942350581490557039430945960577275539979686778807 -7.0418217542877549468392902772525443999494889796347
6.0364352047717660388739203485065472807250451173197 5.7921362906904191600035658010491241425926824826422
-4.4015518095113065869136302660666806196344443474237 -4.8794392750062676193037699827944477475828971110011
3.3529055211290784796327613290396902021047290891659 4.1729551016478443044413118000703482109266363759380
-2.6359845253393084690020682023856553210396161714184 -3.5982515039427479555053225570363419738017687158602
2.1168498723036918605988121089599500295281077229365 3.1082397261303643865491323825604015173794581505691
-1.7182128609117608366217558008814929018569362893489 -2.6693224377937892526218946491111687156469877739027
1.3904060376285422511666408716883706991777752062575 2.2530411295424894683836582583659122864664138829090
-1.0951270871558337275329534181960110776953855394258 -1.8278516596348515833719194126677277793651986658561
0.78874200066695758836823696354928340564605417830782 1.3407147535965153926391731588743944386284134814357
-0.31317627812555938343479651545050341957208420413945 -0.53641467875552003123880133810644113832968013768014
0.0 0.0
0.0 0.0
0.0 0.0
0.0 0.0
0.0 0.0
0.0 0.0
0.0 0.0
0.0 0.0
0.0 0.0
0.0 0.0
0.0 0.0
0.0 0.0
0.0 0.0
0.0 0.0
0.0 0.0
0.0 0.0
0.0 0.0
0.0 0.0
0.0 0.0
0.0 0.0
0.0 0.0
0.0 0.0
0.0 0.0
1.1467701135884079835255462301719792500477737437918 -0.92931239078713030283262386667757385626949877608050
-2.9305544831306572972577233865689730334012359011213 2.3417635595984724809489544308354604674457674053527
4.2159545011799938250654838112628034860836715767768 -3.2566387083785829499481463910957517393588341572837
-5.6813831384614328437850041536558552181623348650192 4.1496857044262384967433826168351072110859409715235
7.6812840756031576766253215777461740304423753398882 -5.1672102433884186854382407906738533514652104562627
-10.792464025616226115793113628022174096755431312792 6.4662592027163806472876881384430218624444173115842
16.311442314353206256899401179371743195594435945923 -8.3126186363494690937490613413421041824699689473820
-27.945660941662799238305149972331438252737263862246 11.296198933580092104873266078678097382433651853745
60.557336495105409156653324710951338047357659481545 -17.162179973480559188898254091955819911814515023755
-233.62857647264581338420408542835421842870875842198 34.607258866435396829196419528484375513783161702216
372.44261335442938829636574381949394515857529534094 0.0
-219.51520612754356312826453315975833813574139911687 -34.824669703995422796839810843820729544490825478173
53.564019242188047123872498538088479099205496765799 17.392676821162404783888263378537858893446108754122
-23.360013219462843881278668954904281411904418820282 -11.550176003882074076349371589100632580830947035851
12.963776751259799824658603278383318045645921028421 8.6033379337896590009256950738121738910717673894361
-8.2272246896459037960903323302571188956768651264819 -6.8118842468813607147822960054162947408560990656918
5.6894226299605930358052593589995397732275079955274 5.5942424115915833324813916017273957752375514688250
-4.1739041479534898868651460518366700678565512180578 -4.6995201573387995198936895923445969144491099528836
3.1923348497737993167164906781092332422315141463177 4.0002371384009997387228499668541725139895247624716
-2.5118032404243001159562001491168425104107888949367 -3.4228191188204467453556152636716050074386531875052
2.0081701466963350038162163797183162408396628454585 2.9190402583731792901432841932445777027478019771388
-1.6072905665879697676968455652183613617606107163992 -2.4514501356662211824903570971437849920146480431423
1.2564031136432165915613021593252932452048158074787 1.9819663298884074472173443680169870825007669213983
-0.90072689975297976487923771479536739191384555866553 -1.4507091948078024306753524121382165328859871249037
0.35695495509102022888191679051365619538756648613924 0.57991807368863433539282404844117669667137824423745
0.0 0.0
0.0 0.0
0.0 0.0
0.0 0.0
0.0 0.0
0.0 0.0
0.0 0.0
0.0 0.0
0.0 0.0
0.0 0.0
0.0 0.0
0.0 0.0
0.0 0.0
0.0 0.0
0.0 0.0
0.0 0.0
0.0 0.0
0.0 0.0
0.0 0.0
0.0 0.0
0.0 0.0
0.0 0.0
0.0 0.0
-0.83074011759939136470809504845667290368779863441464 0.79082281615144057652436871270454194677367652886638
2.1124513026399467236821010551051753299264633159471 -1.9880101734099662130648896708895137538125149094819
-3.0022295243801060030252475409480303738752166932308 2.7484076813522927266004563088298972981363622559997
3.9626063200463520746618960339613918204335215136771 -3.4669192233912715398233270870057887127383311779103
-5.1882961560557028415140958524983951395783931823253 4.2500339620150224955629695942783349663650781000914
6.9446717346964875549911280852551210165058927518221 -5.1937931526504971188989124207640101740761293091937
-9.7387313424326250802428743447283187164161252139908 6.4355333333593235481383554210983458636488911829869
14.750417906146560297556291007664703533697492966408 -8.2289716249296394457373993770842792392853743988032
-25.383501767570367746827283547540177003522835047849 11.150896798597099107208758041633897047191518270304
55.328661936784213240001634103127780400675254394174 -16.917983086176062012049721267751625627952973941700
-214.92126432526564676178445556333789660908859341848 34.095870507229289709410324854582243544946060908077
345.22855959064940693336972391533598174040209559876 0.0
-205.10777421577691613121259826667533416928805976500 -34.307514704582389793759173321884632254617689313867
50.466718447713058194878131803166794471471302796905 17.134263446244883579749262074648100159506688787987
-22.194219695890013189514585128087416847331729642911 -11.375601126498845927750148081653452554564621276680
12.417179559456783087716410857912301057840208026861 8.4670686063070233038885055169039415488333273480535
-7.9394773083501138689982179912428957088057603034710 -6.6939678435307611883273704716929628764883180741310
5.5252948718411175498992057551585385618120958184764 5.4827636530882564207493008857681921620939802844006
-4.0716228510683987003010918888231852268064446749089 -4.5852587351257240715483915188923395873990389425423
3.1186628129941228090859890571239141013568663451048 3.8741488089740454101290851539864250965697525664071
-2.4450716595552441882064493174873487585875499005695 -3.2739980472180261288415091950677712404395138490836
1.9297544494048713429519919431960673184022163681628 2.7318028718543924340252387536110875317365377450122
-1.4941071192078703757283581339276050657882159299708 -2.1989357821319014769165068796704401780997645897107
1.0649410824435492571608656808127986922775170019666 1.6052489759167008921369929086891504184229527466047
-0.42101924409510976355982460352601895348032065926033 -0.64099046089298088474873237004716083639948628651232
0.0 0.0
0.0 0.0
0.0 0.0
0.0 0.0
0.0 0.0
0.0 0.0
0.0 0.0
0.0 0.0
0.0 0.0
0.0 0.0
0.0 0.0
0.0 0.0
0.0 0.0
0.0 0.0
0.0 0.0
0.0 0.0
0.0 0.0
0.0 0.0
0.0 0.0
0.0 0.0
0.0 0.0
0.0 0.0
0.0 0.0
0.63181342401168419926177037444933920704845814978118 -0.69166008990241567468853248898678414096916299559470
-1.6005295105250701837203338542342305389500853737978 1.7355744544370650088567287539182184028205807798237
2.2537375295929797516932923484563718958742700333224 -2.3887931867650170809823880450383103848289383670294
-2.9287604727269372404499227195234730767905222679417 2.9908333069544539829630573675867954530178660938558
3.7456120737788534302848353678432242809458971530777 -3.6250755829342756370559521133657074384580454863506
-4.8444558704540777059431035244771314507748215251961 4.3569893869606210097185588343042356299788939821359
6.4600175233175737550540297159945844973752301651102 -5.2678992195659516364749866578263032456790330206800
-9.0645225126261399852017581608136080387504337262031 6.4884153239839325650445701709913706479543873674529
13.772444672100693523201937895502158181962918709753 -8.2689659147150213240956335030877388564385434684115
-23.814190385608074197515043538604504461453012250762 11.185194424243943922302971725924628236443478404143
52.217723270804842484338701796549974729738909404748 -16.955523465847007891591646594467773196414096457064
-204.22651188466279508852474970193924731662585487017 34.160109661068604417444170035673777823791492497011
330.53811359345500314663310258023914411579609817494 0.0
-197.93587761400870042691684072719792974538701748471 -34.366306433704047390695262389349012945572298947110
49.102283517342028128801356715598584603598148778031 17.159157999022119733455092203128539245023582910051
-21.770196251510050142495353737391869501910375389068 -11.384533452585585242116915367564296157108563386875
12.273813611962607536786441396386193483445562825368 8.4622341382037792908509935693874453789576302149709
-7.9008562220536467118248773104002043582301542173971 -6.6737685856360453778542044329670424402349000584517
5.5264686901535045774246981227050153287627167676118 5.4433840569289088254111819898513993751153303787923
-4.0819657897885243736532511364166440993580582913524 -4.5204774852585355445749290904586979716293037891931
3.1189186609128226532315131434623432131856035778091 3.7741489707995095455527223991868883616954860337873
-2.4173513496835832990791209096958913912041917247105 -3.1225617861896494820658890128702534236806295832663
1.8488672184112382484970453157550623126211764939962 2.4992313301082245467820935546641997598663561693426
-1.3081306927332849906429046945380107695988772091414 -1.8182642924460189145045646751554019021978247779479
0.51559424190269167727835903083700440528634361233567 0.72503221376351848047735407488986784140969162995594
0.0 0.0
0.0 0.0
0.0 0.0
0.0 0.0
0.0 0.0
0.0 0.0
0.0 0.0
0.0 0.0
0.0 0.0
0.0 0.0
0.0 0.0
0.0 0.0
0.0 0.0
0.0 0.0
0.0 0.0
0.0 0.0
0.0 0.0
0.0 0.0
0.0 0.0
0.0 0.0
0.0 0.0
0.0 0.0
0.0 0.0
-0.50202547100806820581135694012107637558410672596751 0.62005919725277783515860247234825247284434439672601
1.2679864480232341342766024057770676223855437389735 -1.5537268712664687205040141014635473431507385886640
-1.7726955202018454190540348688113524979293137631047 2.1312302104974193365481441395059335928656578512671
2.2762633950550453296420613321308156110680814906491 -2.6532353788551747207447426522138794453909973001784
-2.8598848002049130682970356379864507942836872715821 3.1887546819574584497786203377176661007063407957299
3.6064383973841820774552414663265560971317826997154 -3.7863650796213334703831522628704896755136673609453
-4.6399055466985005260787044639104390409245036470748 4.4996177493031371684201029392778955111912618006724
6.1832108619059338920049137826714160877536559954287 -5.4051733797831418914177075848372629763876309121163
-8.6943380444377232653179614313070873593478109163314 6.6327216060764645095822866241664436147764503028228
13.261939662166879996238833516698520947833433580613 -8.4353449600594619554481259650926345726501180103167
-23.052348049771721476669743162583899692531520019451 11.398053364788874881806501828792250140073286488476
50.866560557249595501424552581361961082458166206635 -17.270016280041664610017836179311396880485769717398
-200.36498576603918686446291116769545185175212671298 34.788056528328530388396605923262815407823889129484
326.83826337332464072233692675980272561497547484411 0.0
-197.31115562375645730684466774044829867901684666579 -34.988719325519363008978194308185285726488639401978
49.355086036302374838087585267888997498152431271177 17.460727493518696590797206595599340034964692534382
-22.059428179276888809988323901882679023631078205579 -11.571412425031109055034075742694497829590360969566
12.528581404255230044705960409135645502635668083238 8.5826538432022334617022492038171667416829052821705
-8.1129120393202280167529646017900322466937077129192 -6.7431129114060393884771739362950771664914866174820
5.6943803299333007166803197513881973335280051922709 5.4642135428422980677209980272392403066951199944927
-4.2016545380300907159964047703515673347706760986606 -4.4868377125978631213262267775097408943450553140737
3.1793643960607349143951584535429792298474739669057 3.6703647486212218246175593694305957341013480751498
-2.3932671379101009249927287728214598653780516162157 -2.9157901548347792232056170220535441545163352692174
1.6773233937546341175258254955207602260210884527319 2.1119319899033085325763816832676898179103237989107
-0.65854174034772893389611788004647374282919253889929 -0.84060408997735987668018555198293801767935196510201
0.0 0.0
0.0 0.0
0.0 0.0
0.0 0.0
0.0 0.0
0.0 0.0
0.0 0.0
0.0 0.0
0.0 0.0
0.0 0.0
0.0 0.0
0.0 0.0
0.0 0.0
0.0 0.0
0.0 0.0
0.0 0.0
0.0 0.0
0.0 0.0
0.0 0.0
0.0 0.0
0.0 0.0
0.0 0.0
0.0 0.0
0.41521900745641328572581067293533381835125672445088 -0.56871437320517910582521944549851862474644111369840
-1.0462762770690044587916295872256309429582579073302 1.4235033559061407845265032393384740761734964312438
1.4544618061280153936682686357167783742083294795183 -1.9474202450871334031648517756073696873224407468773
-1.8502218831800624806971961515443889823608423644783 2.4137633249632788566882443363525563626636444968173
2.2928912555767624135345581450712892516828089681189 -2.8822223835465799704928184735211234085798332732176
-2.8363709833350433737616699879170903194331347911096 3.3913631626120085202538487748209434437506416792485
3.5536516533837064500873796517819954645860457690578 -3.9796154873099554012213748707452685488508399027127
-4.5644397883886141756863072813158147458326296490624 4.6968500222289009716685992902757430193124744824510
6.0904431546122199549220769503260201607895982688254 -5.6194272053737082359196163633952682691678403905016
-8.5919622268402123208236627398362133323849494335754 6.8798555099931907836111512036930486251358159528333
13.168308257801206753925316795350841272179499121491 -8.7390741241488329651061847432557132482442432140131
-23.026267452800776978272153864354344030422038227382 11.802065473094806015132309176466676111755853432366
51.162923859604787744183554769814820719441316504876 -17.879264085321703137247073419735624367063649185923
-203.09909925794065916536727871939487995779067235257 36.015081644711085513802472229932011682012988684097
334.09799007086554940550593609728176720901480802426 0.0
-203.43414736859338125918477523318073876819744966402 -36.209700960965452081270077597948378671944293708885
51.329240793434939368151345136622678658244894580840 18.054849507818681811168788208331503716220269466455
-23.130430822975539227508921465279985324180483992913 -11.944119710545101350505927432945028593708246462299
13.229904914720719766844427201114232676907383150776 8.8299958723896533900233200409021333603343399211359
-8.6088993698844428631129671577653361441580752288730 -6.8967396782414846670713243364038431626348040421509
6.0470861520998741147930536659501906657530203149846 5.5303508711925046414113641192987068087764098081891
-4.4286372610804248310823782792596455841266695337421 -4.4537933210488593728290320058365633862590100235019
3.2636527564728745261013916068745757882837650352972 3.5026330449955523969810572085670276045594911555004
-2.2589887948959925866679250285942890558789630576475 -2.5220559355933152418097270057368043992942824722518
0.88241822990691870328327429279670395086570138992051 1.0014391211201745253517946504016461377945880633480
0.0 0.0
0.0 0.0
0.0 0.0
0.0 0.0
0.0 0.0
0.0 0.0
0.0 0.0
0.0 0.0
0.0 0.0
0.0 0.0
0.0 0.0
0.0 0.0
0.0 0.0
0.0 0.0
0.0 0.0
0.0 0.0
0.0 0.0
0.0 0.0
0.0 0.0
0.0 0.0
0.0 0.0
0.0 0.0
0.0 0.0
-0.35648488632885176756856116112544754969482129232624 0.53306106953891508813072305175116184007338663514196
0.89658847103127020683618834336649748041980980492547 -1.3331013779577801232026665539104711434110416139361
-1.2407417152158988139450813880140751750073053227182 1.8199220918035638366746324633483696560888277865364
1.5666591674967087882567737916719129847604485912976 -2.2479614794656651113757649836996288694762005594958
-1.9206256540341864269047662115720062386237699680240 2.6707680674420166826606388690370830495966804273788
2.3406965674584489651262355474583360644379240933099 -3.1207010533991088539937643244593848172650406876269
-2.8740234210336576240502182450589178017113648486495 3.6273860786366536149090393423770216426934530034883
3.5921025990196349451079154687669526221684620136526 -4.2261353993401446955186628161337254578259969144282
-4.6169376235891567370948127204272345884132007984609 4.9666884849916174893786632751808360791745913711070
6.1778687848772411230823345727992344085745898449255 -5.9278459511542004936554036546518427512406196384822
-8.7541835102485871664080276488226309877039671493236 7.2481896383381113582657750511110925933335376490266
13.494924911970269545910961497418839108339687205884 -9.2019652707359820502628707229249217151897690145999
-23.761828505236991664514682162894586413744940398786 12.426040095697728093458553552292296240481926592782
53.217211875803921171813321175750631928451385641186 -18.827061386232660494419862550392777845161172678956
-213.10208560812879661125955270333594404687692450314 37.930519009905770970469270881338900386310209498204
353.84541416223906183769601203341439701395599347821 0.0
-217.49520338659741217922164873843597739162954539974 -38.117950445843984744751581803566186338134606036278
55.389967930496736182014863763543937078653061163647 18.982487438873101803000886159285498765690521846865
-25.173086672772793905719546665970232970395913017210 -12.524478021915248189287533980982091049082179485077
14.494594959649523303125186489844414621315107835654 9.2120174121515846862145580681041103378118045383948
-9.4601230167089246902037253044488419289203740268597 -7.1270571820391286892393387202413310924774035058930
6.6138030840083357651487687160926387671401269899517 5.6120872531307272737608693086481350409716978676240
-4.7336367577156224042235285300983615294514104797760 -4.3519312031830139355885769189998392314823479316195
3.2217411221319738152430880237973110224542382610962 3.1084019167031675458307294328983273926146813732504
-1.2499728183966883986723805706756108081047185981798 -1.2302593045415829848573734410487473509543075589175
0.0 0.0
0.0 0.0
0.0 0.0
0.0 0.0
0.0 0.0
0.0 0.0
0.0 0.0
0.0 0.0
0.0 0.0
0.0 0.0
0.0 0.0
0.0 0.0
0.0 0.0
0.0 0.0
0.0 0.0
0.0 0.0
0.0 0.0
0.0 0.0
0.0 0.0
0.0 0.0
0.0 0.0
0.0 0.0
0.0 0.0
0.31706980199660858339342649313443025775122008045685 -0.51035717908694525069981850662648648017839069880060
-0.79624772999758891656216566551308205679304806571730 1.2754363834165697929289039645276831533941622266949
1.0978783856120634120319626704343842982417567900246 -1.7382934662571346070595256696846922640771920854280
-1.3780462223349323983393550013586064820298084173128 2.1412747636286166605229072630222192196496867980426
1.6749611062675246621520628954956613044899035658243 -2.5339756727489624296916006282849304313049471406689
-2.0175025641896854215019073832298468961371309484219 2.9448438860575305381989992936985121496825345035154
2.4387293800186282009783373455169350258702002418352 -3.3981567547708582462644395759985950512521889275527
-2.9854514556679243413097881127556813203963476029635 3.9207973049747407854362162433956005771433828099222
3.7323502771349459793244693987948988031702003379991 -4.5480101556023917870170552467901340173365126638933
-4.8094541650437196281191497373589422411452244732311 5.3316286073348147763199400760938563229001742020912
6.4634191301177472252368870331611605415335173072156 -6.3552904702823109984758486021153659021245623017592
-9.2123675805337671103622148850574932332309018360658 7.7671728190496293121860865575719691887909378588538
14.303057098138379086849911619122473069519937015352 -9.8613048790782967830125396071669772389015404436922
-25.394887320627467792597794817796877904266274978901 13.321048591378593470771921636183326299139557776679
57.406427812717211205583641149925674972235036990258 -20.192475067206348598152151569817846152901905016368
-232.21032106141731073558697608763762190532543920814 40.696904453103312238841386340298081397724305705818
389.73126208945294060084746094403823750518000353315 0.0
-242.11039369354798920280679862421507032553561910526 -40.874812340387921674590417875487926205751769981174
62.296685622056256451227797056877127128995246776920 20.317480950823047173805008204366611063668327186992
-28.565613717354651388902233672582261989523309176922 -13.350443104848369353965895740009739890082534721286
16.543469751954874829020216688609955402362280539286 9.7387584058767591129894756218293968172800585372352
-10.784193520126341450210984634014257094911424122058 -7.4105231282650563544360094697730363827173919613116
7.4006824339518013981569723324841618808158296176048 5.6301561212559721973984538689380552998002572059724
-4.9195657391811993766989321418379741274405505771326 -3.9756813887742795249235677383116042348451962377746
1.8908733045174108635837440246275498798249163074597 1.5663927117198074319982822710614987083405120977831
0.0 0.0
0.0 0.0
0.0 0.0
0.0 0.0
0.0 0.0
0.0 0.0
0.0 0.0
0.0 0.0
0.0 0.0
0.0 0.0
0.0 0.0
0.0 0.0
0.0 0.0
0.0 0.0
0.0 0.0
0.0 0.0
0.0 0.0
0.0 0.0
0.0 0.0
0.0 0.0
0.0 0.0
0.0 0.0
0.0 0.0
-0.29181138583161329787053017036505933402473641578698 0.49922482496836079802502797862975116949610759036398
0.73192044908150903385251306911264257333447288193427 -1.2469223561600897885315766785832449459438914430094
-1.0062254916070153939504834456022991035641479767309 1.6971671670458938470759719371582480675036063698049
1.2569881488227924526103932407169391026521715671756 -2.0860761887121309335937330935252790319798115256166
-1.5173898529457840370676084740320579572208422508888 2.4609497142962516332252976754587791247717421058049
1.8108124786228775029057689418849039448979130279193 -2.8478401906804907341286957516116682049102537958813
-2.1622173277981113559116990745634995753364944222917 3.2677371590466984590325271430447785052496099381278
2.6048796749321578734588641807554985372870965723199 -3.7424590991013674186959759700168644588112583880782
-3.1889660003020406350528380228013270461430193092161 4.2988841822382517307889798077575441317916785588537
3.9966439810439064055063284650829919387692433548979 -4.9741383361590000990393895220707812260102715845934
-5.1727414340278611545598897826591828019266473916500 5.8241401278548054779369358469079023128496692048787
6.9938929731375164624310648446615528169196726323160 -6.9400571510005719520645873977598910664026295753205
-10.044022628044819099771061468708893277350719177401 8.4840782827256421557190000743168111183706088196690
15.733962620574882286856921082667979943207057214845 -10.778487236265420706879192506954153275764551030222
-28.220426934787970734744787558851859863753958178616 14.572498029608159249490348642468816944467491902417
64.512983122342404444312853848170547338201125310805 -22.109001639082818842816554163894187891673754472369
-264.11776235783044175125361187091296491659667938824 44.590254087993699551817463345381793316584368363555
448.95965325951696549385669966824605122123992590076 0.0
-282.37529778967034703386192851392282302615396044391 -44.753749967673242882701996933330890562465972544221
73.514197607967675115779830851324142044854429041319 22.182141047505609027162715294781461518825003915671
-34.024044427713600398447880313315532249469077544280 -14.478598572488778099512631904013351012365140835369
19.767798755256742553810926789708104543347075367726 10.408815531911170501872994806436424770876664781266
-12.720552106888178728298620919839939387325461978592 -7.6620757973522922131171830706977181116947312140102
8.1680490128643720318149948815907637066195225910913 5.3195119883133186006658376267581248279252516083708
-3.0973330350541905454806102851279523262679151309824 -2.0820651155370374343267034808925912511211699137452
0.0 0.0
0.0 0.0
0.0 0.0
0.0 0.0
0.0 0.0
0.0 0.0
0.0 0.0
0.0 0.0
0.0 0.0
0.0 0.0
0.0 0.0
0.0 0.0
0.0 0.0
0.0 0.0
0.0 0.0
0.0 0.0
0.0 0.0
0.0 0.0
0.0 0.0
0.0 0.0
0.0 0.0
0.0 0.0
0.0 0.0
0.27783964020073098360074385881586710175971700489489 -0.49952158433257673257130310573719393209232942108079
-0.69619096391868206690828323171575740198147236842570 1.2471101389780318266357299845001100430051958025271
0.95485314636032114450770666780543004049037884849597 -1.6956196859495909969909498691252305729146292751172
-1.1882625541091233923724161383224765826219284370448 2.0805785771905885757187187843607398742854449041779
1.4266159907617284685794488599926752580093086529122 -2.4484047494856409273263135978336178961145092143279
-1.6900050756996868120875994068467376267443849056077 2.8238727170217300571753326645884687570306218132859
1.9986205025269712947108803042674058551793941272148 -3.2260350065631905729834446485100309758768838743122
-2.3779905572704966122880151185099287613110593931463 3.6736658587869745349946918432709338592146203182796
2.8647930151713744236794395951900984967111573035146 -4.1886820855097007047169839344846573306404351223135
-3.5161908475019153137987874891450806847131419624142 4.7997774203719527442396719631154070192714559057070
4.4273328443597956218194693011438235179381501517518 -5.5477830808774649432288061762978910787292413012868
-5.7674853542530967926520914208547038910453180876693 6.4950545685633396401641574840267405954608310753064
7.8620657801137765472287283329614903395400136568700 -7.7438679057836037865497312839303859628537798313131
-11.401668706583564741623476145869182805957021092507 9.4765897983752518214836125203250061014391959708493
18.063088764542464640529708713833027528213164262510 -12.055793315343327339700981319920305439371690881255
-32.810127443087084013171505819539294383829588234337 16.324168958653927585275098532490921525817026965950
76.050934020677185274416058235421253617909958822586 -24.803300333370242272309272209299057219300477631203
-315.99640179183319184993096437151061031512385644302 50.082369340288126556147626556928641303926548093043
545.63802850533210384236225177065444884002061666136 0.0
-348.34073046368135938768248098092629183103065475937 -50.220430418116948385721762110252071344973623402735
91.941425476332050533336589291033965645973240745112 24.775862194563303947000671414620536500998541168146
-42.931949550772875400258877441945642083418465410148 -15.979421951478036909932639187012092181750276361205
24.806368114863659079674481363708721446346592625500 11.152063647738333766130815628788868193016622936980
-15.086125183721804336897546650360399913482130005290 -7.5375643125002907762448659519860529165942856812520
5.6043093521110961193114027891512874345006120993719 2.9204844961420713259898449648393238084123279478177
0.0 0.0
0.0 0.0
0.0 0.0
0.0 0.0
0.0 0.0
0.0 0.0
0.0 0.0
0.0 0.0
0.0 0.0
0.0 0.0
0.0 0.0
0.0 0.0
0.0 0.0
0.0 0.0
0.0 0.0
0.0 0.0
0.0 0.0
0.0 0.0
0.0 0.0
0.0 0.0
0.0 0.0
0.0 0.0
0.0 0.0
-0.27400940730995065824738868362285101081698137845464 0.51256592644548299646174486374569196265208270517764
0.68605589677172251982009041592077800565840281196699 -1.2792273645065826141875994815644340915894156367790
-0.93919214720111420724981682663968478516448387707911 1.7378267052315810973712280980178170339697497866061
1.1652356557817186745374970971147495581442860551242 -2.1294663049790754014506293869175246005739863117712
-1.3929451569521141797836679923383132373308870913714 2.5010735237087478273873136670403304402962043037651
1.6405925110893008766081410020882561542185338961666 -2.8770954454942374372520265489581461186906477135452
-1.9256248444538473604222733408674468281501996369897 3.2756499841506547100351289050408768755135117750094
2.2691164852895979651534822654599386391838658701955 -3.7138178151118992981445158769033099597727437605986
-2.7001351046978301682274936273457169253064697577356 4.2106474667757321013841259785839716133546827869621
3.2621801280832942751056632068269031153640498634041 -4.7899655051432301466398310142050648296130942020856
-4.0244602935002244253226471677683554837893294513347 5.4841077572618335712384822843395099839158907056382
5.1035887957898757255634974575176280421117788331188 -6.3399167015815154760109788223537733415331230121494
-6.7088273595140555317056074538605659043960735958509 7.4295338552410857496352355488244141946567450179262
9.2454151487517445561181181099643858346031016082378 -8.8717155753452034324214181354036648134935939457302
-13.579107325609630326281336831939368063413033084636 10.878460098539708325636321469365697477955630875042
21.825581642442607493365270696937679099321081772696 -13.871214661756841522708989935051285984538119778933
-40.287606458598671642365649064606494501356025270619 18.828840968652996134560254149480515477222038714357
95.041865711765423811126506889419424333617765476620 -28.677889975472868295140700426228376302636286995119
-402.43204399281045506795276021558707575215531728195 58.018797963876578598721742877044974598637995779037
709.14186334538039899009743511351960226914379648159 0.0
-461.31525317130181555473725571298102218296771811217 -58.103511248107485071594993850648008830001130637702
123.76266873245087965042837378308492454537936500542 28.423616072659498618980738633552576983266069795753
-58.051382005005208317794024251281426584772631716818 -17.881618890280598248861324416328868686141570333064
32.145601660149563828333394501559968951278052582265 11.536330865738994282016691581214822727669414945997
-11.545893827214228818060625359927598023787309211963 -4.3957347438875002041606080765021876935853385448183
0.0 0.0
0.0 0.0
0.0 0.0
0.0 0.0
0.0 0.0
0.0 0.0
0.0 0.0
0.0 0.0
0.0 0.0
0.0 0.0
0.0 0.0
0.0 0.0
0.0 0.0
0.0 0.0
0.0 0.0
0.0 0.0
0.0 0.0
0.0 0.0
0.0 0.0
0.0 0.0
0.0 0.0
0.0 0.0
0.0 0.0
0.28093373802578630639718763663323571618795382100246 -0.54198778566449182985693936495802354577288636902456
-0.70296305886313389528532221835019664341675355326113 1.3522870218870708243826540814649567624977360095311
0.96093369505137961512085085368652395445813518958950 -1.8358792921501927050159166785104206362415105881052
-1.1894002778837262583609297335597204819481639914668 2.2472424227263601772065885044875641297990332828003
1.4170754718204567182518002153288252564086002406904 -2.6354428765463771004401368541990155536169614122954
-1.6615538552417629840382024038865510459790748511235 3.0255770804996345376241099961125200272903533135080
1.9389475690833528997368410910328475764620572374775 -3.4357170942333228550495338913635627494616196593267
-2.2679871574393147255835067478493246852559480381716 3.8823049561554691664794243193635867131063937794945
2.6736456906257386337942760665917519727485693588569 -4.3829970320099398095433020748591293608786229851494
-3.1920872976040149980596476018414421792918292500058 4.9590539337305780626059697120325174767154384719130
3.8788452431285815229289256832923545834995979677960 -5.6382201674088336877813362452663250969377984032005
-4.8236830173186169150108033460061635234050665445987 6.4590044702299595047641025547398430992141959968906
6.1796121709570055495939717698282556245987082363347 -7.4778407039738455173224262746815366137047134117654
-8.2239451255863287419646135410424043013624223825315 8.7821373227690735514377324215546581864156950588125
11.498724295574998624546196089482459118849463353152 -10.516135924994726802387118392405481510946175272228
-17.172615334135241510438778928951419840282361674954 12.937486249953870712261127369371574276078978241996
28.127713139940367874152714662618916856518860571120 -16.558134834278966578527970440410223750998732587999
-53.028529488733201382295388214293670584787591922972 22.565770891463239635238772164185167499673230312671
128.04995926222330964601298458788838164868438601061 -34.506188350505620553782156643973177685532216378127
-556.13180135211215770401989442862741817585616080112 70.045831246975369716530981842811790860287179965512
1007.9226585140414982148475202077080639084118367144 0.0
-672.32814739428989904859670058522454378825101851240 -69.993248461329749481196385814645937085271537539724
183.73332914680842382493744576715898581844943879570 33.625034492728330537893687730439255665734852340522
-84.294550220778176676449199431015723636797861625653 -19.751323925456329884385405740943790935326496453274
28.468288255817590345745997134083855932320815433887 7.2986072643367598665732743971402224755895425449627
0.0 0.0
0.0 0.0
0.0 0.0
0.0 0.0
0.0 0.0
0.0 0.0
0.0 0.0
0.0 0.0
0.0 0.0
0.0 0.0
0.0 0.0
0.0 0.0
0.0 0.0
0.0 0.0
0.0 0.0
0.0 0.0
0.0 0.0
0.0 0.0
0.0 0.0
0.0 0.0
0.0 0.0
0.0 0.0
0.0 0.0
-0.30197631962474114800148434374179661237844407364233 0.59620107788377925624179656420245316782313752623612
0.75526854228508313525669453184249771344985317283688 -1.4872462647095585971330658191973432583406363545348
-1.0312991224653493286184950579957722473095727378437 2.0181108719964291060454183143777432329697927434904
1.2742311655038136986314336191665231740324374396062 -2.4683495315756538631047277319944385219502849127805
-1.5143286794018502502091367389105800012315422972400 2.8914921846134929855914554194063066852942780439981
1.7696376179072732608852636734938858193033708083297 -3.3145506552828550820384463798608859434194936331228
-2.0561518675777398705269274901163679470263769036261 3.7565614768612230620531954661105107210860884292346
2.3919033845393087909065833387526929660704096515189 -4.2343757930697427645612973131506055691755613714770
-2.8002910608878498677404268228354413041342124857011 4.7655569546500775421918503190022711450317879740906
3.3143385563960959108959786214049602483300885298429 -5.3706190009970611964015154662966337726662312749655
-3.9833986456216635783476512595891213194635752828988 6.0755057941711674077242259256159121212524136058815
4.8847984551294052231499266685161452598774362944977 -6.9150282059293814073432778638878699479824202711809
-6.1454597431185779412307047501574297102375429699359 7.9382658854869115760964129733349740761171649554937
7.9846815176562911685101888938874505759446915813718 -9.2177837833512707543439289482727538903346091909450
-10.805156073388861124827521800345277893193048716054 10.866532776452627511689451987347218412135212079234
15.404526295168086489610646198850794846334088429856 -13.071381860561146007886021842607710022887188815068
-23.526261755892809439515389370585500363699054820002 16.166429741666843682220345238327529215836624909851
39.531144480925661783840867882875917941715600061215 -20.815286302824333089215636886992418400185209996922
-76.719586198943140213769860671327958038898730654178 28.555298621271993314340674086298812909884009250221
191.43749848362907894236184261505233701705747834391 -43.965971439837523761116302484956896658199640885505
-862.65813710535584087126758606638460047933915847584 89.807701137630292253312059572440474538248860564717
1632.2825076620145894380938966186330361874435273630 0.0
-1128.7875215726936528187343137215505947559085807294 -89.287808847043227407020730719900558932280194986845
311.45402975788671099312403956418447543634688312530 40.682840102714658198660015299568659725642715635923
-92.041499365903478899206268399413922093307666694877 -14.064107674890994099829183839263915675673750343705
0.0 0.0
0.0 0.0
0.0 0.0
0.0 0.0
0.0 0.0
0.0 0.0
0.0 0.0
0.0 0.0
0.0 0.0
0.0 0.0
0.0 0.0
0.0 0.0
0.0 0.0
0.0 0.0
0.0 0.0
0.0 0.0
0.0 0.0
0.0 0.0
0.0 0.0
0.0 0.0
0.0 0.0
0.0 0.0
0.0 0.0
0.34718602537046585593027590075771913990510700819076 -0.69666961300593518102336755463692210824727651131485
-0.86805872696502319691882232488747110442045149415506 1.7376163217862194123994063230946981964839479203779
1.1843891161659605828615116539966603317140343874838 -2.3570316800178939829657080829608412692061397994083
-1.4615475510971956534525624161564547452125637145988 2.8812709543792807470211984731485319720274562206099
1.7338569457738033393342144038232714806349133950808 -3.3725260526047596791095232143476409216132690508548
-2.0213923212216082142005118951427562813571130882665 3.8618862971401366582078892747911431357881094241918
2.3415282356906096144109204774002024841939694111880 -4.3709317733658952346988391226973153231440212395486
-2.7134133361150623571281138827839881988040463823477 4.9183923615626411615782282092990637358334683233108
3.1614005363443675505459029933937779418656121519522 -5.5233664446853044238938939760023804104192677221121
-3.7192175836527443914868058551122128544520564665074 6.2076612957117261850687204870750883583107475948521
4.4362929892606550640509644425954502107755697001109 -6.9982183574335369481526236269123256754466698010515
-5.3883794976444602070063536832945902861370331887821 7.9302884865163750216097434155980239192459734842197
6.6965661627910522280349202514549027037597467689990 -9.0521741050564782018228240379481856825097232296823
-8.5632832697982779697289082617096287787746800061398 10.432908493843658939495525549214787039826824326734
11.344796778730965820815368250950081676625588454004 -12.175517143216778236567112904296860197961403123726
-15.708107237081619213734816451733997193150019159167 14.441454958827503274349923292865825550196179845861
23.002172829968806444102359287070661216028999193184 -17.499173260929050188338205010546576498726604317993
-36.242561069918622463090887844019145479208597670218 21.830282811192997219796999888789712184328549778175
63.156879910801057156715212483906029985795320461878 -28.393094115853044122691830437508328007154732473543
-127.93275417455121154879888242070517424429542404425 39.407240184842413607694876986118188321524083824635
335.87464089906185861565135414359624816938031970779 -61.468414238766748926930282603535604721690808460563
-1608.2147500765858414759764509169573512618008820711 127.21080668022442872307086413004642798803472433142
3290.4343786387790773286022860345820429603305850246 0.0
-2406.1371658055563659020873334875744318352324567666 -124.13440876217136731168994649023144035731280850923
475.37011175094232028333594554060984638713719615881 35.090278057023149813837072424060470174245761332075
0.0 0.0
0.0 0.0
0.0 0.0
0.0 0.0
0.0 0.0
0.0 0.0
0.0 0.0
0.0 0.0
0.0 0.0
0.0 0.0
0.0 0.0
0.0 0.0
0.0 0.0
0.0 0.0
0.0 0.0
0.0 0.0
0.0 0.0
0.0 0.0
0.0 0.0
0.0 0.0
0.0 0.0
0.0 0.0
0.0 0.0
-0.45316241824932961833539409271137315519198800078641 0.91846003480055984969952841404917494019274749964470
1.1327989189882863516407064450555379828003712660086 -2.2905939980805388442299648592759531449154206716312
-1.5448573522833559339300792623611291652854970143327 3.1064633151984971938251327309339368619029715928867
1.9048854312953281066633687318238206981435761646548 -3.7960708744130833166844864489405160336740929510242
-2.2573088656394447323512222665115236750330255046599 4.4411192066234909798423233109046215008173643792022
2.6278026427166848246153878750500591556546183559872 -5.0822163396872251103541552929330655999900087448045
-3.0382571189276270544066444139133906161401204092052 5.7472863109999704667774327767981255400603623421511
3.5124491042695211994001251668962268744193100449077 -6.4602673686910049605161277300071731756404388562668
-4.0802288190623699635193057940520320569285315506121 7.2452306549230360430079428513889566396928413091581
4.7824429212933455029205311077677376222257094326997 -8.1292637863703629365428428816519046572015716264124
-5.6782186535592790628537023471538613461325280188057 9.1453291925740278858678360641986026180187556440151
6.8569310659265402496461211531539187974871969369328 -10.335859657375419115768110126416498066328305096277
-8.4591229992136764715274459320696863651749658981993 11.757939310132156464209534414093177266113791084413
10.715037602958118908636056364043284570122145791535 -13.491393950005591483685563711302666513462762620738
-14.019567466063399027674353707602183562339324054945 15.652195098145262818951517836372969981779009856657
19.087424470856246475216485333043370618268924792145 -18.415938637203165835960133626445753701204085861915
-27.299307096199383877012182707399815560731906683007 22.061570655392347363921649406535339173107723384618
41.548850738990768115479728863036214191629424396680 -27.059045465888420856125076835806363777319165906147
-68.574547745029682708011353233079295301216501183326 34.262281237498356657601762607245546667064882179189
126.47902451723919110200441922919317300384505280904 -45.390467095086771780223493964249387195187671136293
-275.11643223463500250526563211215614430674790717413 64.463405475799067259239121428449177257920023629395
792.23414780389195806526355969718091864400284469563 -103.48344243312845949521902274309825226606741565119
-4295.8404564169866980406642699904742321054602478328 221.62560920146342487760646458312295339837065950823
10737.181981301474238569094846066510495433559905106 0.0
-7041.5886928292662889948794702567828068787245570093 -156.58339804934263828403902887206677973763435761855
0.0 0.0
0.0 0.0
0.0 0.0
0.0 0.0
0.0 0.0
0.0 0.0
0.0 0.0
0.0 0.0
0.0 0.0
0.0 0.0
0.0 0.0
0.0 0.0
0.0 0.0
0.0 0.0
0.0 0.0
0.0 0.0
0.0 0.0
0.0 0.0
0.0 0.0
0.0 0.0
0.0 0.0
0.0 0.0
0.0 0.0
0.43246527777777777777777777777777777777777777778081 -0.88017676767676767676767676767676767676767676767677
-1.0809691752935065634809678719767294752722301932459 2.1950344178417156797442473052509944969044659961274
1.4738759306009707870759861023343032326166600933963 -2.9765986576934644116686800114578332245044821416880
-1.8167689617901180592336395960501345577313410040946 3.6368488908791487356187530066571710633291356067160
2.1518970483182141672821868856964389507975454865481 -4.2539671467385916253073898797618400492773776061835
-2.5035549940695906891576253711226154170784618097189 4.8667186076086060954182710573173450585308732418956
2.8923253267938619645161199796073369083675394548114 -5.5016556394142427744719381535761307621175011884491
-3.3404257969374469725883061244949397929377051032651 6.1814223073860088843269908008840473304239643893905
3.8755953630083505684911277106373159498801759456739 -6.9286537577326943991023520734668869766306727834907
-4.5355974369325375456729467486348726302883170535896 7.7686632482460839034577843562502139705281167332523
5.3748111465028190478775427294326563157838413128925 -8.7320545129435769078181081770768672926259440038851
-6.4749581292830571173018285085218496418966593414746 9.8579493782339147810431363460594476916440866923732
7.9636667426141110351636667426141110351636667426279 -11.198563635553809197637438315860714568481428085682
-10.048263549012554356554077824241733146276344710720 12.826235482067274182935196591463477919216699958781
13.080544565784773898551114558422572211686868195596 -14.844853165731352881184943779530834946223527606564
-17.688380631782947819407420951999547956043445042938 17.409414456257386311220023348822243374037213377738
25.062137085215894256765835776537037723787530806718 -20.761385110582062012961808681215108331386473192961
-37.632181958849210133081636485162584145430155978001 25.296812577563635593416542152524690290481114088248
60.846858375400047759683635748153732036870573011821 -31.708154450355103848943266310741852237929317172233
-108.50639209650956125888711923219391001736071010279 41.310384870184486382198479819873857256772005789924
221.92651982376831285296101159262632761186524893615 -56.896800228363891093248317722507404813005795840345
-559.20893677765067475469028877675989154321210351692 85.448137566038757679053212261504108634226867083606
2027.1713040935491848332888954129436001034275149324 -149.63920316288135634515689352798191498261117579792
-16819.050277710617053073318437465018340928436862778 374.00424241315787474381597433404453857344662720881
24835.261880165289256198347107438016528925619834710 0.0
-10653.237315430374351785486287191197886136795316680 -374.22936050049851139922412007440026051222876047298
1270.5749406673017036074470745047445680517231821418 149.93943524268266544839837948187277027612818710680
-345.19167563421180604787152033294473878375656362725 -85.805454077663665349336570931261699097612751865309
134.52044257220721627103190642659676338017525148178 57.299961012746471674232176489651983167396655946798
-64.551561453213740538178649043406020828192276372841 -41.750895943339104743520292850971667324006191761558
35.616721507523314198049791628517017565930398189108 32.178929769434251487492344257121797293922929108278
-21.801040503292472802059935099073502274391589106876 -25.791597192528085959103377507011978033011590491161
14.499653447975406231087168501290288213943935743992 21.274469245266405446451945967619383680659253729586
-10.338117107149758268463047782463092793406615863356 -17.935478671670016158797599095039793308840915182432
7.8221625725028917211162866827185799069482710045461 15.378878244359757016171743985911065958873941707188
-6.2254669951410771022716372108152996852819580971437 -13.363445278808584918782231105432045794914234432564
5.1677735128193405950108797671787918854084617248701 11.734383825593948086881186894647656526778885104366
-4.4374599991320113806281566412131909512034135499759 -10.387971811923042540785083637624987192464246099127
3.9104846504054771839281358243655985288392775867075 9.2520000384883434331660993861307469781664977054973
-3.5107506407550913796661653753587122717478761342212 -8.2743369844502505956696622174372224639535044056298
3.1895691279579375529790805952526894441647958190036 7.4158863330965150742554317251405602795313829296556
-2.9144452637911380813386144719673713286484068897549 -6.6459881823551666587866985193870279522667565252684
2.6626081506001843109786610593196851317412176283619 5.9391538689066290555056534300694155220171639824115
-2.4169758427118628779800542351539906340404021287629 -5.2723884206301030723241572700426908089646016781642
2.1632254001754487410587121848311375419249033480664 4.6223796619561843043714536667269675837643436687616
-1.8868632119824227417165916997688449844272155046665 -3.9613319870198884611232801851676018551829532943578
1.5683334769336798637549893079746758617423753666536 3.2479717710207135183829886033978175609981292270747
-1.1683109568966377023706408062223698176935949409728 -2.3979019828674848898765325147152106868110660280401
0.47053058999081726354453627180899908172635445362792 0.96199494949494949494949494949494949494949494949495
0.0 0.0
0.0 0.0
0.0 0.0
0.0 0.0
0.0 0.0
0.0 0.0
0.0 0.0
0.0 0.0
0.0 0.0
0.0 0.0
0.0 0.0
0.0 0.0
0.0 0.0
0.0 0.0
0.0 0.0
0.0 0.0
0.0 0.0
0.0 0.0
0.0 0.0
0.0 0.0
0.0 0.0
0.0 0.0
0.0 0.0
-2841.1231041798378365137247170055643378408678123764 99.803623152222907482117470442737442390285713297135
4312.0406015505445283601821638114475026849534346176 0.0
-1706.5785542271898425404266821709065737516105364399 -141.54381790866164316943956089885961826192689536439
309.84616621862556446118769469847947720297784478752 66.234386631652439329014065116664973622699865944791
-105.60425003343321814055192166781781363220329108004 -41.378994324362759615225180682735442680531782592568
47.619127296661218989066493203017451081376004949926 29.239586796697035131362445652551929376075615556726
-25.384814257915498570127639680412286362889300301510 -22.162396796346564886037593221445841510702404777728
15.210181642620904000998957331220026013442496413388 17.584276997603952039864053478693943497605817001905
-9.9728252355454228314905299528867777470516867407903 -14.409145876735574474325688505024891252783840107919
7.0394221955523351499843316105520929685500117741389 12.092660660600860863534025207563202347059428307531
-5.2874970296511865751533678906019821994681195931387 -10.335298414837831782848999390365587108698994081251
4.1855717709116100901708415887061554053394125121986 8.9593171376434446242616248169033724695217940264881
-3.4606122977164942253910786009173685449866932054277 -7.8528608931229976487374804780430661913998030956961
2.9628062522374226455940360232937074524701582354064 6.9420766276338586405971220560781447764945674791203
-2.6052989493255248225079702445425447131902066541406 -6.1761392634217925373556790769654091235362797663663
2.3352709172418046708411351193741765645597878118174 5.5186980531149147379940674515601170970110760118987
-2.1191692163366988262025614252241930931330653885047 -4.9427075691164097365652027111003313171060407455468
1.9347382572608646445255094438180515090348126203944 4.4271082991341647569402903440160579129299760693711
-1.7664691413842306589379267457170930802564919496761 -3.9545087131950966599647502365305560754051294497612
1.6027910514471305017422971381876735093113156531786 3.5093192415641493866373870447517442937007272978180
-1.4340578458157861197949499320146005658151258500809 -3.0758313792877862955014046639914178451370699678553
1.2505669586800757875704531869300481214859307199980 2.6354146058527348560482673134742188689250328798839
-1.0392952768533200873251321456611258299770283284505 -2.1605129858148569696749945779990462212916073319967
0.77414005303324235384625025595885778280552310750655 1.5949127234053768795676998315188020861605898148685
-0.31176887221361634368099183170362932952064466411948 -0.63982598943832174910443137733359230725651135764102
0.0 0.0
0.0 0.0
0.0 0.0
0.0 0.0
0.0 0.0
0.0 0.0
0.0 0.0
0.0 0.0
0.0 0.0
0.0 0.0
0.0 0.0
0.0 0.0
0.0 0.0
0.0 0.0
0.0 0.0
0.0 0.0
0.0 0.0
0.0 0.0
0.0 0.0
0.0 0.0
0.0 0.0
0.0 0.0
0.0 0.0
190.23703812110791275696785464063923816487779999990 -22.449706148886335136131098064914514672881245461489
-958.10393442064471399860409944665055344466666675285 79.465248461779471367091950506046074926706634695529
1295.9015148978892329950040452568447356477135477616 0.0
-622.80297212334943424668462305499316771972535082037 -81.725836336709873964898996845064164696985606867980
127.50591033713477658762027769752846893137552445706 39.604182552716705202837150113992284663841089928606
-47.563724368408515939552865905768812480227960788237 -25.480300047198392935640661312811278311896415061095
23.046273895493179699025835568868946536791939483003 18.434639479045332365493229506853370731047282591708
-13.053992747721828924674772405325679893066271599473 -14.239423282736239878635668490073555393153958392695
8.2522960986373594913402930451854927310119151686950 11.472018914719429977475571005074509144432706169399
-5.6797880971867038419396574172905675260158214601195 -9.5182917334499731257683718116530994882505939148454
4.1895885214634258744053991747919675602074309596439 8.0696522601707422706320008200839981675399146444309
-3.2727271874080323398244092031096510049296093318493 -6.9541292007100106955254881629975292917203671983252
2.6795279904788301021831378293374044921998530791781 6.0683211936287655966216769062143644956297134611178
-2.2776123482768793711178562419575655286550547766774 -5.3462655703888442686234826298719092509887693961610
1.9922299886533442640286912392656045664299176279130 4.7437720570274980261787682307419513686865576656758
-1.7788639637230843648062437802444889533406589095777 -4.2299178108084936814674695427051432199292924455921
1.6097164220674218995987033726706474710286442959584 3.7821176399730905895069861659835022954389438513579
-1.4666169252961973976117093755803266994196763146713 -3.3830726862985849077401930462338068896386399272653
1.3370693981566100435534060684526101324977390966613 3.0187163242478405075207771737251229616939282406819
-1.2118702981269615943983465656448063984312271146794 -2.6766271424812331291200565481019230087423082155352
1.0834507945503603998388690181828374300484266296052 2.3444672759901690835285751213187969524184049472508
-0.94430579012713547331410101299096023611458541761861 -2.0077868581970820706595314232504250782552442255179
0.78448727933768086166772342534456817405335967140203 1.6454133856295694234726096352696335587927054712827
-0.58421356665761082633515237278310674827205205149557 -1.2143998504740642479969378215489204352598009226676
0.23525882235880140141923884565097286005216026925548 0.48713296662521809416576771731312499486094565950734
0.0 0.0
0.0 0.0
0.0 0.0
0.0 0.0
0.0 0.0
0.0 0.0
0.0 0.0
0.0 0.0
0.0 0.0
0.0 0.0
0.0 0.0
0.0 0.0
0.0 0.0
0.0 0.0
0.0 0.0
0.0 0.0
0.0 0.0
0.0 0.0
0.0 0.0
0.0 0.0
0.0 0.0
0.0 0.0
0.0 0.0
-36.408143325313514300366759374615790331490367402177 9.0500944566913697898543720460437838390334100823863
122.53944098429737273827648783147379350541057618268 -26.194691420043841171442355837847824816319930097539
-438.72673938971750190886385861176628925388944330554 57.570871214148739449050629269996189276825919994098
623.59136910654902642036784850508800552440142546789 0.0
-322.21184527607479403928004036624311415698473072543 -58.199378102605252300130695549057865201333291089990
69.856732001444792578455476705712159059112282051224 28.593036407534682589110727757755571195005179968962
-27.398543983150066871552631227422696435421978727229 -18.647603429134588643752393707882339457174040735545
13.891429231444703417709637052082528013950442207325 13.656175660627276097937638548648162060202126309416
-8.2087887656045121814691117738928325661046281674522 -10.659808186493727429352312884373478811726428225753
5.4018069766723649789067271288656940506492686530254 8.6652645521296337738277355871437146595293948128021
-3.8609961067219399366812127882386003933432716816833 -7.2438598316966918170605708903210213754418915466878
2.9482695890105054319756173391093854945137661998159 6.1798079065700752438535395155229705080529315183799
-2.3741628417866937283722246934787205539565515674122 -5.3524419591856810803558658330074323278055935579484
1.9937126765725463892591575810691314896152863348836 4.6888445359428194648960183995558684333714238731233
-1.7285320711082547007907098703734415588990142662306 -4.1421791811461120752213599384189974327323619446829
1.5335001424955291350775660202209892150818387421718 3.6807665068961399132208336207966686879031783638133
-1.3812107614964552135284631724715630214866992331538 -3.2821228559350912784178270671577012981140330679419
1.2541642124551655217365757018964547500753447466014 2.9294602757597155945918610341419560082439172355925
-1.1405755710005685798461933165028717010858519096799 -2.6094498656568428148085750107587151650916110104057
1.0319402475577696707420211098175860858492246464324 2.3105926994798279413917746713742830798199431020508
-0.92141329732531722720975333936072441154141563988325 -2.0217218316160035425215688674973994581719180637042
0.80236071818673224909301444412814307483396850110596 1.7300188964326356075547217616679459722253704287317
-0.66616686224209747061513929902193688281734407267796 -1.4169856432733844737641902610854670337448913700760
0.49592230471368128549058552342673596060228571655187 1.0454460418156956011760835858621807619533188051925
-0.19967527465483680742875953346008772633138250072652 -0.41929952561229963095135934276555425856588178032861
0.0 0.0
0.0 0.0
0.0 0.0
0.0 0.0
0.0 0.0
0.0 0.0
0.0 0.0
0.0 0.0
0.0 0.0
0.0 0.0
0.0 0.0
0.0 0.0
0.0 0.0
0.0 0.0
0.0 0.0
0.0 0.0
0.0 0.0
0.0 0.0
0.0 0.0
0.0 0.0
0.0 0.0
0.0 0.0
0.0 0.0
11.111709174969044996180384081680729743419185793833 -4.7331133494371206925022974828048809063021348762150
-32.708868827323026635706767083522372660519444779951 12.816341171246744158512868841013676683263217264656
70.344169223420392508466775492071742213363485853243 -21.849366135870534628698111748082803692336425668278
-252.34567325479169785367739097163949555864906727113 45.579830368212135480471603823041973025425763721632
369.58397467441429906330666344027591423046619525445 0.0
-198.29322414288839516432958552364195592887453788299 -45.908099978222918454299196827285641214069794357182
44.500898600652041473099114651584174681993754801130 22.708886444564573301181937840785275979267153928325
-18.051259361125025933782521147541065591377477469528 -14.919644936323372621182249959687535158742429748442
9.4628419207077081695597673040347686798668415719705 11.002905370240059539595696720421554075477186111743
-5.7808781519706625374089762853632590697765544438280 -8.6431102296501800731056449234427058451705419080165
3.9301980680996671731323743994461894812649935621101 7.0647090375910618055640338565482267033001270665535
-2.8972259012229581776208845910764514483626721892529 -5.9334469004141680198171418322394965317159560990646
2.2747399355147846136758402912472734656716375004027 5.0811308458638673754720299600816450935736902710389
-1.8755491789415405214176852173908583591842306226348 -4.4136197851490598031983739834039654847263728321208
1.6046653421546308315475768905215369523770286163713 3.8738757412563951265101535862012061067498689936429
-1.4100308438112210345806496689569500142733358956754 -3.4250732759433568270872944421502094611383810297410
1.2612466883587159716205045242023703359595211443636 3.0420719332073746810414781848210703659671023169821
-1.1395305846414551916541235245473742816329031485109 -2.7067311399229442050247334740783946088611716362691
1.0325972403301222061926468939034885644308930643196 2.4051009513473806149001157793324901100520982257281
-0.93182626993547603019232656217010901893510875496860 -2.1255173772670119256827834162842032812081764654088
0.83048200901176626571625222334942619827795475466624 1.8569959037769132833515879086091360057698034681199
-0.72224106637680174268977498371618275776621338362524 -1.5872755131189445044635483271597450343195147686362
0.59912768152920073606459008747218942477551333607304 1.2990412893314541817531633933898821256592675346475
-0.44578539180145080238835850549439584761864758045254 -0.95795731493741390492557683163292719134096309894510
0.17945047052948392126180340549260308195303224485811 0.38413131851623654663428031578186427022533618690463
0.0 0.0
0.0 0.0
0.0 0.0
0.0 0.0
0.0 0.0
0.0 0.0
0.0 0.0
0.0 0.0
0.0 0.0
0.0 0.0
0.0 0.0
0.0 0.0
0.0 0.0
0.0 0.0
0.0 0.0
0.0 0.0
0.0 0.0
0.0 0.0
0.0 0.0
0.0 0.0
0.0 0.0
0.0 0.0
0.0 0.0
-4.4497412904446854550957471356899071350532979350217 2.8780200108216951804444538924468923000990521906032
12.308382707681593486914692628854100673081740638716 -7.5577198688698857241316177349958826197012828280466
-21.898233047975828116558041534656627656131595688568 11.731073543444001706741310582481223804859062813295
45.656020701969940235918522994790055980565954978516 -18.687451083849501956467978722051522500739523261453
-165.47915907104360902742832951737432125689643489567 38.311111293805534961971649015532567731056449934511
247.04222496246002117221901115320815714936656190636 0.0
-135.63840183535706451797628854809331685995193810005 -38.549519247286780303521772614279054060492298688001
31.183956309607720186498028932635220875893507505155 19.142816036960892617622348215793659753395649038225
-12.979125085650747107593785615186482125773294824737 -12.631903928287530118301180658304593812051568559919
6.9915944694460059507140783793541422789460152664508 9.3558428181098457384720137860782389704388018306973
-4.3926233364835761598357352549841272106710167929426 -7.3782421264929175971159906401990053141422019447256
3.0700402382833330292511705230432243749113338102635 6.0514729357682100281296508519922679279663736253808
-2.3220364778887310035473674367808575442627420827991 -5.0967321063101352349566975928956711956294849047763
1.8642845164475059824131881041017287896289194127817 4.3737963286657319016424832619885247570390084532092
-1.5649459854808204111305829454163986149526406012255 -3.8041276730952428721200796940640831716750577776483
1.3565026564940038888456666557075338084086510259552 3.3400180716512302804797631068715134219926590689371
-1.2015700551283746361028956353044650539184238739064 -2.9504799945767802662614220459932337869065545168736
1.0780369608353837707746075086032221092852046212144 2.6140974451029901606132202096819288025313883465594
-0.97198014017968356034322542384428618258881021435600 -2.3150448499461408032930618080429320560511525899139
0.87397574060141644689597403042930473669879805267391 2.0405961457284923178859073789523212373108204143672
-0.77693383186541689628389618679068815427966779850310 -1.7792235159780811845480083315129797807534331837552
0.67446823580602837214942785640386154091326187509239 1.5185189224394945458698639445440914728910575037372
-0.55883419748177237100450779811870462960737777066424 -1.2414596646841925756543903714099547556799690171385
0.41551116858937703171725880936687989266725321213213 0.91489766629869906297627213634606791109052078082291
-0.16721525618783219051167830329096936525342596215298 -0.36676470298612505928036624123014166863603061023271
0.0 0.0
0.0 0.0
0.0 0.0
0.0 0.0
0.0 0.0
0.0 0.0
0.0 0.0
0.0 0.0
0.0 0.0
0.0 0.0
0.0 0.0
0.0 0.0
0.0 0.0
0.0 0.0
0.0 0.0
0.0 0.0
0.0 0.0
0.0 0.0
0.0 0.0
0.0 0.0
0.0 0.0
0.0 0.0
0.0 0.0
2.1402851496643591590128183939266789903782312034723 -1.9337008742667303072241705910997634397964169657378
-5.7198315302994891454174901509333184749634992285246 4.9937405369520685714474868105944274493740385395347
9.2496143671092070702181365514947398322442725796436 -7.3987364270282785362139823722318405018192483595589
-15.610145952940638747140668556688260364462277061959 10.624353300685135631906476812143381063052219591777
32.373816422831281937294132681172227109589528591348 -16.520415183537063834530617566087833084633063477733
-118.24215928548346969820176489267165158329816120366 33.605367901262805531853830157195920225670084759692
178.84535313637120926934012621650368759883817062624 0.0
-99.746706859267664316469092114769423372581906171545 -33.807261083165683426207983425075621209092163757597
23.367885659405872526672221772018298038957795080655 16.827517747561265545415049606078452274075413839390
-9.9376374976043007546120269695886134257866183875504 -11.134322975055508352284433499462728306806232292964
5.4813011447042466788705193436535185865020449765562 8.2688414137255070856720904006926772860149997321311
-3.5292981731857511756121760967091454635042082519463 -6.5368452303405150553004778918116801974139257811456
2.5259669151517390201053878374101683498829684639934 5.3721762181111098757634943299482902546865322945305
-1.9516429677370883962835797651300618956258751186056 -4.5312656496170829556140882442220000545239098545162
1.5945887495489527918610193699770978647427695843703 3.8916174258850492724833547433820060392751389874212
-1.3560114408986828674376867822039034982748587828479 -3.3845359453151011356159794264836041015975996456325
1.1849514003550228570572976335396503877855350710999 2.9681305481321923434709858225098130888506893297311
-1.0529285585065947604969695257800280728083795948375 -2.6149475034907509775608484915466846683373271293766
0.94285187492479328069291078621527309075055269897604 2.3056509987391257684080479059025296928215871917349
-0.84365798730598324670023078267407903779626030342468 -2.0254007208964632777594976861239367452962633322006
0.74739998457423894362598879882202329868906282587352 1.7613707943989566177448259041991293074391399533924
-0.64727807872840338626100576808963697109349531135120 -1.5003670480467021972208837793322894927361993040501
0.53545453801494802808533676780268502441251298667025 1.2249515386267556104143210207479661382280768844144
-0.39775272325724075057512791541777123574799649192185 -0.90197424758710114985467637360284816341865655875777
0.16000703724107374463063674443349567758246362417620 0.36145706172011384887738444419544078128206459463175
0.0 0.0
0.0 0.0
0.0 0.0
0.0 0.0
0.0 0.0
0.0 0.0
0.0 0.0
0.0 0.0
0.0 0.0
0.0 0.0
0.0 0.0
0.0 0.0
0.0 0.0
0.0 0.0
0.0 0.0
0.0 0.0
0.0 0.0
0.0 0.0
0.0 0.0
0.0 0.0
0.0 0.0
0.0 0.0
0.0 0.0
-1.1801352525489350794579308744068973567067812469127 1.3961523103380200676811918592729759586310863080655
3.0873119372622173434763808185474383936975041473703 -3.5691978937783138066556117688920899976556490516552
-4.7195776834436294247767008644728179333668115623344 5.1481616122421989963741658255629024875639172957480
7.1295689687281004398683995596030270049402379637753 -7.0088285805119071958329108429718045289150776949809
-11.829584461148718807375713802683938750035493679162 9.7773344437497118882217410256052510860223476366591
24.488250854735914357692557223120988266362233392777 -15.032540339813505514025732096227028968103108367192
-89.853589380300274580009686102308872272128445161490 30.454175892997270726412808889997647634041426407137
137.19601537653449438236908066694735699936035099424 0.0
-77.404853546429077635025332079370436360746320673263 -30.637106496868833619690369958444345943347682015048
18.424179158851402450749074556924639982672959039079 15.272074672291095070651092937527741455407029581284
-7.9863839308276664010915367890685950433390812297125 -10.122275581027277999715612775602583494984848052145
4.4997636094975109090122864049382925085767690917622 7.5295411907852185654404679979778481460971273737205
-2.9610290578787985867174440174024482466683312470979 -5.9606150762799280127141187024144491466989440973525
2.1627697807281035042351877270660291328077576253242 4.9033580270462009350071361189480866815169329664823
-1.7001089412838061528709760581656221507438698175348 -4.1374836400805178628627392769874975429362442781788
1.4073802419930287785614180531363740071095950330811 3.5521383658215019516993072694223212885033738587903
-1.2069012010121274083756316183063483116095805634910 -3.0850036477782155555310767407020422368780617154092
1.0583348134415835657356336657213664758032861225409 2.6978339574212205777117226065580749002625796304410
-0.93889394154655160672470358479964764830070673914778 -2.3651954107448085064685044248005463620585333274585
0.83460666701232948152795247262358717248470038690443 2.0686046611028422937584395209743073974290207172760
-0.73597426748874484081693205756079492405752216120366 -1.7929450089714588787245255034530579352123573805485
0.63535487298212632655274802546596721507630525321962 1.5234940428277183578165286729790313590942853632512
-0.52448600378258359478795662907436248018878951263954 -1.2416886696902508732933487157549292797804295180634
0.38912029047374930195977093656317472707187246890496 0.91332779844965641673152543799684813686224970570642
-0.15645490577496528717458755141452032324082243672945 -0.36584463933018652970871270358914041621231744041872
0.0 0.0
0.0 0.0
0.0 0.0
0.0 0.0
0.0 0.0
0.0 0.0
0.0 0.0
0.0 0.0
0.0 0.0
0.0 0.0
0.0 0.0
0.0 0.0
0.0 0.0
0.0 0.0
0.0 0.0
0.0 0.0
0.0 0.0
0.0 0.0
0.0 0.0
0.0 0.0
0.0 0.0
0.0 0.0
0.0 0.0
0.72590462507647412261922638282775518769762237218854 -1.0650761879651983029979170465014898561114661499275
-1.8721114496015170992579540658035895560288490637922 2.7049032082371433818464431168427208125906483018119
2.7593192670930259809372778176415828807847263751209 -3.8358976029795996183255193195684664582199434832423
-3.8963934377498020113100314617346924115624903499382 5.0597972309337488664132091617349077264466947688360
5.7352314322112472919384966253193990432401968012820 -6.6686318184133076590887548141306398330222312091928
-9.4262585851986744997615071104401132857322392567510 9.1740846987495677747017278365693782810371004541546
19.468104213239895383666121116874342389810507312018 -14.019234514176230373013698166769075160239441105596
-71.587232368691003460445321240656907562598275957447 28.334472082944238106087201500879568196487467054344
110.09276101674266789360054420063948270929996730616 0.0
-62.678802885194879842151078868215692618888927119229 -28.505201458946212570699558085180379841677281043427
15.132361604062613097794657789752489263446318208765 14.222198731159962369514300031038441425875571889008
-6.6755624048381921550365965928550191699335901742434 -9.4358616542915794615101202951486772905179993070712
3.8347891545884878558766553689546546036807267713896 7.0251062443293928824961128348027532951272459842212
-2.5723106266258864960913720497040364886461393042098 -5.5644920170168200014502668289825543089808001019798
1.9110679025638160247335909656429360837838563808446 4.5779601987940121799316049183672687642545012833476
-1.5224570465836007088646610608636729823580714655431 -3.8606852302294310879898717329516028256974971572213
1.2715544819059168441366274085829839508834262570550 3.3094390954634705405169683772531504762333984353634
-1.0947990527853404017184602804754135090810605204988 -2.8659344644205763679901590645194308334860686342566
0.95893118711388270130468243302368274079087248251859 2.4940077278669068342513337559674740370556520872407
-0.84485765928449795338667431500477604690329942026470 -2.1689993809485028419841064866467890890330777932056
0.74040844719141445878274541286814088954184230832250 1.8719864395947773752272943813238776473377184635796
-0.63647273266927913068421977791130125463918276018657 -1.5856951308443470135740629536194557975346345557675
0.52394423791681886921729942618544155364980225930959 1.2895804176752051704650284527052419164557545230991
-0.38807963493458234123814911337399467033027106612299 -0.94729154651408989158635349203364284471746533818048
0.15593201971915031064394444464009689342170870746774 0.37923857314270759120591156587765062696956930773690
0.0 0.0
0.0 0.0
0.0 0.0
0.0 0.0
0.0 0.0
0.0 0.0
0.0 0.0
0.0 0.0
0.0 0.0
0.0 0.0
0.0 0.0
0.0 0.0
0.0 0.0
0.0 0.0
0.0 0.0
0.0 0.0
0.0 0.0
0.0 0.0
0.0 0.0
0.0 0.0
0.0 0.0
0.0 0.0
0.0 0.0
-0.48941957021979503490844726492808369011948631933142 0.84908829840051469033242965613490395043231024508560
1.2495926062661442983930903777963075556110952784699 -2.1466107489787598070800286950963611384492948479517
-1.7958796410383747486220268314715707181960350915223 3.0095676192626750462471136447763988827419525950912
2.4246034972426055609754154102289118357484415052953 -3.8894079015330570285353148163884816792543615000181
-3.3131501685471251135597424618481561187341857377644 4.9535591931435333622420582557809588941216727849587
4.8016235083753493266226182799080915900990978356324 -6.4253204347620725221322583787927610189510199025345
-7.8289827625403026972005263995705163381625617872037 8.7717450616688824323771071716319792630952089186506
16.112891034817653341303865056785868065099164198446 -13.356213753056331616263361574321441758649471387349
-59.270506153277785315833795449754800934719731368679 26.955168904031013488886613920170895330141568462602
91.677918933897482443270668033959208375675184186914 0.0
-52.592265946249560206943649811209618337524185285131 -27.116549457973072396317483702907085266692188746773
12.865500339027993542790096019221194506525737658178 13.536105502700292761778097078664351962985233018070
-5.7689945592100390078502375652264962980670467863383 -8.9850218913135972629018228184081615071573140796789
3.3726926393550000310765084811083182217289700676134 6.6913095377352687174013125224918111214793845175400
-2.3000717383614590952450272157291466623266687634075 -5.2994948841885126788146987701865814922783523848253
1.7322541893964865943831537312046234847044797835046 4.3568269119239522463407411029211077509222748254478
-1.3931464509008528186799794862766011068692861256601 -3.6683396303417162764556382223345896982201613371700
1.1690164470655496664753670766750332282787394285508 3.1354928127966030383025578148137190431393087028295
-1.0059986079011427769550481303986527973028969889134 -2.7022135664814182108522341721618082412199261688681
0.87558175364537580592290029663288585137618104416793 2.3330379041414641506382722125923071446711637820611
-0.76091293637442903649027225782304919325678193927493 -2.0026720070116544821234405017680102019921041417019
0.65037386209455657691856408444053949328479717757859 1.6897029343894292301722555379506275224824326140082
-0.53339527256568877829811685864786836004762438099570 -1.3704177152138206704989932972971372609400659225867
0.39421688589434637680758558403680340153169044412624 1.0049936055381186990866082398675916606207177847958
-0.15825733229219443227619231404651735767343838611895 -0.40205983407937889521572912760057168971977064656356
0.0 0.0
0.0 0.0
0.0 0.0
0.0 0.0
0.0 0.0
0.0 0.0
0.0 0.0
0.0 0.0
0.0 0.0
0.0 0.0
0.0 0.0
0.0 0.0
0.0 0.0
0.0 0.0
0.0 0.0
0.0 0.0
0.0 0.0
0.0 0.0
0.0 0.0
0.0 0.0
0.0 0.0
0.0 0.0
0.0 0.0
0.35709579611112142769428616971403910127507089679773 -0.70207346358034578528270128816009436055101968841707
-0.90510629580971801495154678903268657154917215907639 1.7691818287336294995628706234069520337095576823966
1.2774222623818005660848945032779862150737818570790 -2.4604691830740947401974070605498878645243544964263
-1.6711638986862200717484439833848637799597882976862 3.1353766497715281156355591713373546066261219671697
2.1720997157609369402483036158890489309979113457529 -3.9044476198384112727392907613029130049619647066588
-2.9090678750095576261266008362472065957247726107978 4.8863299900886013014186756381308595559528775408918
4.1641260274354647390552096706192792122530371596383 -6.2818109858637432006144261046886860695481065024670
-6.7352469209633578524357773119442428176011141932290 8.5365324320428904265362268137144306243545864054943
13.798842867438431894074203798868675789796283456048 -12.968886856898198447591379573985481004302339195530
-50.715405068072724413648786570706405946641583478318 26.148840805129863340164652491743478543186430744123
78.833710184930613281578121350688367617863489057914 0.0
-45.530742822804118103135339822528171021758928292331 -26.302112979579043548249516276572801178666453307795
11.277715705228851363704956895980254906180380216865 13.132008042251339644880595782049024697990501480313
-5.1342868962317457676072877373683068273151152002672 -8.7173402491536915781405005325597818646683281186759
3.0487535105025482792146187503625642800635620872466 6.4903241563101675028104742677927560859444697962020
-2.1078219893582441118131731780230257756873966356269 -5.1362903017070535611740234918893698700771610992836
1.6035656195536856097303298372912692815576583826693 4.2159213844988765113246607425885841213100454653102
-1.2967328632856005405713307572166636725182944539932 -3.5397129720680126849265094740228323680908679304053
1.0884049587039404962677162166302358110177238988995 3.0113908427244632397569446517914295441809919319386
-0.93136433217225428129395289172643764706541645580846 -2.5754030933669051791172358722280140969495793528431
0.80009192591956718163143882693290063493224636069114 2.1953486877232015918900314287878005076064420155277
-0.67856329324282420554369828747872258417141509467330 -1.8429751787022315231068648569151590335597667271209
0.55371683088952459422840203074147983321136262083139 1.4895802096668606359960824466926717329994654612965
-0.40803420808196933333230620640936309837032020870374 -1.0900920041353521444359879201051134269050771050877
0.16360922664080890437240159866013618726897302153394 0.43572520125734950101218030366592379396883399167695
0.0 0.0
0.0 0.0
0.0 0.0
0.0 0.0
0.0 0.0
0.0 0.0
0.0 0.0
0.0 0.0
0.0 0.0
0.0 0.0
0.0 0.0
0.0 0.0
0.0 0.0
0.0 0.0
0.0 0.0
0.0 0.0
0.0 0.0
0.0 0.0
0.0 0.0
0.0 0.0
0.0 0.0
0.0 0.0
0.0 0.0
-0.27900830395732062133660929148768047913790949368327 0.59891285347379052125973332097971397612680128816145
0.70338246466723827826323676623255073534372526454707 -1.5056070986063980338040603684446521440164650107586
-0.97962578623835395002820014229017727166966860752468 2.0815802527200652024951663278784779940523283816531
1.2527781460899636982794715186718140194686411569737 -2.6259227857732286922856204446581682578862840462464
-1.5719364141282828703392053176384758609830541149036 3.2192868495758542033118866538620710735668095128290
1.9960032868556526800635339036287941165698313507392 -3.9343979012032181418853412053881779840224513141354
-2.6321815930844809541131258836301719726740480230322 4.8752366186768223619125614235095799355811508980136
3.7254636596424411912601685500206280268365908863448 -6.2338901583284875382924562991473171119181013522376
-5.9760072152295559562567293295214644275236452047985 8.4470451938380420248667885723410016384967815868672
12.179570981204358368425646347832118812832071741780 -12.814422559151307812241481497932623557168508088459
-44.698405415716282145923861480034995668546119091969 25.821289888166851833128681561500046784114776824775
69.799969635441015306065180957061964837216099512412 0.0
-40.572019664120555487084194595153834993367516750473 -25.966957282931841330098411344999813785650850745472
10.169424898677876673933223478035136439099546676116 12.963692374441284427960759810583446144328497483245
-4.6942953878409879928058371589616064203147761032747 -8.6028527823724810736767274728898915482716956784230
2.8248545308043056023170134644586987824271443213590 6.4000740374487272646558895172509329892040576322204
-1.9737575871312396271897337307817986548967330869115 -5.0571445082154065218618678091849607605321364380412
1.5110778243887565674630495825060138949578108760703 4.1398582178174470571304058158160544446615792730801
-1.2233675330442314410532974083030289795311526675396 -3.4603298638548236645363202012614779537319248399158
1.0219193953895163478525306630895253571999365014854 2.9222045770692396765871307177956167997290828579477
-0.86379248725504646189863990306925751399379534772634 -2.4684003037118909538931340724483553524036845191861
0.72474090157664598842707891057155693459664452239606 2.0588282081375704548923504551508582589432389447224
-0.58732067527787761613958202183188845522312980311096 -1.6567422232212111839906662847784311518087613985331
0.43106334141657672678077161651954224111690992591542 1.2092058912709060578164058744256349718146992407714
-0.17256333433796335221242609712395434083703401587757 -0.48280614492895451745596585955949213147797709034427
0.0 0.0
0.0 0.0
0.0 0.0
0.0 0.0
0.0 0.0
0.0 0.0
0.0 0.0
0.0 0.0
0.0 0.0
0.0 0.0
0.0 0.0
0.0 0.0
0.0 0.0
0.0 0.0
0.0 0.0
0.0 0.0
0.0 0.0
0.0 0.0
0.0 0.0
0.0 0.0
0.0 0.0
0.0 0.0
0.0 0.0
0.23125087166978934937899135987978963185574755822722 -0.52509779723222590675038739669421487603305785123967
-0.58066333395199148808335104101882952014855328779187 1.3176478596781470774691862757057290199803438598770
0.80083568105399508067444784195085635052418722704564 -1.8136508195555942831991099548037531907424633793026
-1.0072845953273258309463454095656779127659756217914 2.2708772279554277362106692114310682960533765413710
1.2323074677099016435514822330918452062769009702882 -2.7526291634529913110132161933890555058773384970282
-1.5073737050096405719653749287527664451677579753429 3.3085957226286270109798001790394375649836198040092
1.8810046407532542152034695651850721616491701567670 -4.0004832749775880104414952644288605749773167118060
-2.4477553825872299521234491869375634611131977168693 4.9273841462895876653298546024676445965960075634619
3.4276735729889566855338541600091970119186056130051 -6.2792946496980396925972563753771741160672786565283
-5.4530584430326393104652293728445957183852114214966 8.4929616387036102936828074774280552672637233800870
11.054602976899766249279275311981208983842673306190 -12.872210914949421273621436650835979472938468298833
-40.509915751798518018963943023743454971795963523094 25.927209455445811066612700169640653791868626490019
63.553672051089406461307287753568745304282494365140 0.0
-37.178947395666160788670618072246526560450766274262 -26.065394669154364572966353937760787438074780298530
9.4243714312972382453276151603642023509478762635706 13.008679013482635287159771420439341266483846423643
-4.4040891390657117077069481426328980696867974589608 -8.6265510537064632722367310234846503931660194649211
2.6787192292712469114309442822975990915367393524687 6.4088156427985684205979216829666038257021303365243
-1.8849428507544764072848074548342128563576663068584 -5.0516008338041818470183227228571231070900129635276
1.4461770722093183886022580468032153944672874521370 4.1180865208658448744104430268966614321573172725769
-1.1663741504588050274522343505850813420440542553170 -3.4181592114910082980570154285828383178172396512918
0.96332874819678405085067985603323404675812047088918 2.8525324630882183108741791162803141862878109722167
-0.79605658198527438883445790145216585692698998910994 -2.3591566312747081974337111253983902772070945552965
0.63890466597247938820548552417022584479151789031709 1.8876622516667960288327719083685734855476472734925
-0.46631784220923319298785800948768067515948015589816 -1.3730634357356594016959707478124559848994517942811
0.18625851393104226494265354996243425995492111194598 0.54746252199835028530152376033057851239669421487604
0.0 0.0
0.0 0.0
0.0 0.0
0.0 0.0
0.0 0.0
0.0 0.0
0.0 0.0
0.0 0.0
0.0 0.0
0.0 0.0
0.0 0.0
0.0 0.0
0.0 0.0
0.0 0.0
0.0 0.0
0.0 0.0
0.0 0.0
0.0 0.0
0.0 0.0
0.0 0.0
0.0 0.0
0.0 0.0
0.0 0.0
-0.20157158807577958756962062336116240444553762920542 0.47187354374469676438391227651828285192587513829067
0.50464929216005549199976811564837815785445688272139 -1.1824310326099433329893985105003059023462640692690
-0.69100292361629656237375604745541194111462700263812 1.6219990826633596398191224416656234571292577054064
0.85865601855978616452034354208590776554437723546760 -2.0194006027989305980757143795768861488554576358603
-1.0314085894347663907323435493302709354497344738249 2.4271532882283640646763077312550328842467176450662
1.2285109990185290837153147142661499567629098381313 -2.8822086166717416835301960433697393147332185972054
-1.4752904788445048779636436835749874556181957163224 3.4252848397503563804548260872953819554233822452455
1.8148912094562897189673703923846509718491163050573 -4.1146595719065337212679834445719685197842793747813
-2.3339757369564670450627345788413972892364597759025 5.0489195285255411728410393222562221710113011965823
3.2361731263515503619277624454091097190653688985600 -6.4204593841257612845028754850536647641152519621722
-5.1087788038562744414980009239452318113049700772495 8.6740308812048480299768960896022819286045811038366
10.307327266828536867193767375126814511435453729449 -13.139486374222386065849255312555697531712873289301
-37.740882347710619154965273890285696652208479382436 26.459355696279583893936351495567798043731411885258
59.512945361091304898210118634619802824546592870489 0.0
-35.051601588159831822505868254303098437325055156030 -26.589928105998199784328206899428303722468312168966
8.9792206058279170547700544450361757142035901770434 13.262860004256576384651278511216774453633469769628
-4.2398302229787630726127750624865944379448454618134 -8.7848228075755632960126740989600152829770942417580
2.5987088723455844731431560686058426590210315606146 6.5122992158334082856699600846849112031041995967140
-1.8344369456445273295160165784145865159590631759131 -5.1137878986495613504660356828624938350540681668318
1.4036599975681727165605603998450096137962108586251 4.1418300353141074278098152828701412024262641651675
-1.1206060614660180179548817171263810684290170994115 -3.3994549545410395012970420298912443732637470086123
0.90593154242683455057906908939158882587995113658297 2.7797961205054157476180054178441899147916154018227
-0.71713243631857564822797510991108483134026446673661 -2.2076618309180885061190251452807259188430323329910
0.51930583099477928299042026414014327719321475086123 1.5987195041995367367882452413530512071025231743483
-0.20676968307348651742616927646593713643549794390188 -0.63627882854060383483818342161678131625278512186027
0.0 0.0
0.0 0.0
0.0 0.0
0.0 0.0
0.0 0.0
0.0 0.0
0.0 0.0
0.0 0.0
0.0 0.0
0.0 0.0
0.0 0.0
0.0 0.0
0.0 0.0
0.0 0.0
0.0 0.0
0.0 0.0
0.0 0.0
0.0 0.0
0.0 0.0
0.0 0.0
0.0 0.0
0.0 0.0
0.0 0.0
0.18335480373667553448217564324029896562981286975614 -0.43380777649973528109509010351463775377669232121366
-0.45804782068136013917424537439939071936703286148259 1.0858512534875556746524591163245886247444751115246
0.62388765204611164662844663026343066566655067008351 -1.4855618213544608530031349423563263827324103047536
-0.76842401804747776038669032827898491455062251177477 1.8414179424557315767442987044172148497235170523946
0.91086413276324637487222802935761867768967997609627 -2.1989472663216898394609410740055590816923355942322
-1.0644690772299183988625714343729668844533463648668 2.5875501847434963790101447419196665633036445658777
1.2442071852602633832583621877047133423385171031274 -3.0365060363932934913301070200417998692809875149620
-1.4725969499541895884007662259924221186349467873445 3.5837972737600141906433758196029977223862992486564
1.7898469018365419095467976694236933078231794769377 -4.2875754794216927000548087461779695515233681308637
-2.2780497528089830338750225577824196361155591699187 5.2487549886328376985973016915684394242068256834698
3.1313104030636928522438020879066739506142466302445 -6.6660749975026968758175003983403692254929131862733
-4.9111921591070373919767877925521442152783057040646 9.0003418276947704960354688247550760516956450286939
9.8749338345838957206625625615610714917030581065696 -13.630600774804033030798502155925971927370129267050
-36.180511928872308427313918775480128401435962523063 27.446312506070874945009267734101747314418248185206
57.397548742668295141467168050278150490929311793093 0.0
-34.059386130834138204275124091827162497856390527831 -27.568876558098465045187781396657879181832051194585
8.8101920907115780086332489015102721291766820896569 13.739179859780141828488158169863578058355116225242
-4.1941558887457665103691221971918004815183229938720 -9.0842314636864184439530710268439170404113045364035
2.5817420084210305798746068755674386417855663536735 6.7122018381467270611899830359232273577689548375628
-1.8200267075855591245552556392092875465706121587770 -5.2400028217295236333268632638423142681822729803522
1.3804834569907129830657560113397913976101674404583 4.1999627125824748043347020924936746291577150840089
-1.0804571250608186313050562401499466246466415662343 -3.3811015229868707118442028611771936775761263738807
0.83829793627666616051455265061709587703022699159980 2.6582499944955233432786641768557809742912717285415
-0.60019211628606300854449791213995454656854014824374 -1.9136929596970132018431580223888583930588255885287
0.23789707620695176618025419052514052266043237415656 0.75981149146207984885856026279705177216689270574235
0.0 0.0
0.0 0.0
0.0 0.0
0.0 0.0
0.0 0.0
0.0 0.0
0.0 0.0
0.0 0.0
0.0 0.0
0.0 0.0
0.0 0.0
0.0 0.0
0.0 0.0
0.0 0.0
0.0 0.0
0.0 0.0
0.0 0.0
0.0 0.0
0.0 0.0
0.0 0.0
0.0 0.0
0.0 0.0
0.0 0.0
-0.17290527009873203100708421243872414651769641251492 0.40751298442449018107499789413670105968904573646784
0.43125790361274729336115773121408832527329394283700 -1.0191460594512485702360680593190791234829875554593
-0.58513515862784767476174833278703256695838095428944 1.3913788123685216592644688869038584781398039891207
0.71606731285495355670434937563950178910919279676898 -1.7187325314169750775167031572189421640918860517239
-0.84070625940736200441398607891556626631956748670113 2.0421401096669712468360884435056024553700217167322
0.96917206059223442728775945615596934703771828530924 -2.3863220476721807249258133987796752422526036915138
-1.1113578026390651945885715244409857406818646234433 2.7738928431499605517515432601614221416825999469125
1.2804574011236411275052986429641803794650417519801 -3.2317931747360053939560027235419123519262379232781
-1.4977225007918230270064741303504353163999635311125 3.7979627410603378166355052366085382476761108968588
1.8021045504174140084067758931795046660590244348508 -4.5325089420592679241636356929397433325725475862114
-2.2739676295389939999159382694349401242753697807852 5.5411500311527628352261052458889963325802851120082
3.1042675206572592758008455438242577848828131276925 -7.0331203775640360562178622129595087470166903870294
-4.8471274659826532503659630449161247765975218221603 9.4943565465599687592953400132877860281861435038832
9.7353601465814404393065800485298878599123671640484 -14.379724519890355012383959456325268143240344037294
-35.775305904647247117349312568376498887911259994804 28.957802954074448013821786058752808088330404929904
57.180545179329673807727949115541224469870758897343 0.0
-34.223132457517578236317048551324576716228076174694 -29.071537471903140090194837845206573436703951588151
8.9312031963412774572175364597100884079564151542421 14.469704998983478811802949457717346764027764921475
-4.2762724584033043271226110686064795252972343924438 -9.5419597543326978408010913281679031193597370164080
2.6335173324182197970777798536803528457449232823243 7.0148229900350519388134293963271376844416958828724
-1.8438891532429519749233897420388561549478031434719 -5.4247284476863177797683856505188052769706646168312
1.3740386230771211177046809060069518823426286971433 4.2700029955365217454949327017172787850167702256022
-1.0347666771311971445101843760895037136609960559687 -3.3102383979146003236468408698612255862442498939152
0.72860769448204385714018353362480639066184967187527 2.3639107710662314728154261003121064148291173298788
-0.28689717356463081560255805435520584808023565761478 -0.93552297429480530017315945251387104058740643258855
0.0 0.0
0.0 0.0
0.0 0.0
0.0 0.0
0.0 0.0
0.0 0.0
0.0 0.0
0.0 0.0
0.0 0.0
0.0 0.0
0.0 0.0
0.0 0.0
0.0 0.0
0.0 0.0
0.0 0.0
0.0 0.0
0.0 0.0
0.0 0.0
0.0 0.0
0.0 0.0
0.0 0.0
0.0 0.0
0.0 0.0
0.16815362317515189448049278714094413477240571126148 -0.39096445505278770699894195056362827604542913535295
-0.41892029118322838843180163500638492153303498629596 0.97708124397311517672862853882785593321189086818326
0.56679863402300596795932613278599941920234877299657 -1.3317246955198643127341987654520226209771674945717
-0.69039231054865576148540783641172578208105146422307 1.6405551166996144998997338866129127195496271424799
0.80497366137366752392883835969791732054443002259793 -1.9415613177329051598986906988449459197116726550308
-0.91895722615086755761310382592937047804662524019111 2.2565183778154533174111976917082642393179641593289
1.0395779305353781785477248509998122337680122920736 -2.6039911947963653324597431353516356806207434811611
-1.1754153769203548366652834436770478366885028493530 3.0045215982989677792029603266158970781821582279931
1.3390205500228153113817841503113198707312386459211 -3.4850311338860802654085471161250786977362716705076
-1.5514261210827173712034971765157083477956359770665 4.0851110232057616184515593119350532801321394376093
1.8518382364449719130343726251186403300228518948059 -4.8686529110258635264302078654182298615069376603872
-2.3217894242556800990061580135499242817078481920371 5.9488686516833619045745836587453964399016221235771
3.1558873952402427929087748248840207425126739693903 -7.5504368970498265249860587084755745287626050455317
-4.9207104487748806209595535088734629714611388559203 10.195589706774322366681564925806116949790884588283
9.9059898984323579363765568123448529537203406107401 -15.448037398323616030998566207494090439694754812599
-36.634116453535900633073350064878547730283238481486 31.119596972926664403262353269749959445694804190968
59.116031994881561637943573308250754292562600637737 0.0
-35.744028813216935342401922244352533053012341490409 -31.222829753256053545481468554407497037425183820718
9.4040678173399849613174121347286469764237132559745 15.511673030666179031784991181522972928798127179787
-4.5173674929170041983572649845107255781671129828827 -10.187539289413457704887150782401798998229699004046
2.7711671642086887539093754040615405243672084581326 7.4282020683101219886075951981110839837736638255807
-1.9122288706714744079854071037170754344117047095567 -5.6502227659801418024390259574227912873858275059549
1.3762338889137557767109618203929621101999039709332 4.2915192647867660791669232565907919380526981196646
-0.94518494172823997339041454229953537091807736634829 -3.0298361814615466405327218891481836405413183778811
0.36855272252918731405556157937534892768521255193977 1.1936369074368265633359536678449164554850563901449
0.0 0.0
0.0 0.0
0.0 0.0
0.0 0.0
0.0 0.0
0.0 0.0
0.0 0.0
0.0 0.0
0.0 0.0
0.0 0.0
0.0 0.0
0.0 0.0
0.0 0.0
0.0 0.0
0.0 0.0
0.0 0.0
0.0 0.0
0.0 0.0
0.0 0.0
0.0 0.0
0.0 0.0
0.0 0.0
0.0 0.0
-0.16802710581165190600850186851964243278450373330413 0.38316250897330551745447932676524842996483574987748
0.41825121658928235050974406705182536364738509472135 -0.95705112830448989195322876861247554477142334713933
-0.56473583463160962223565180626457502959548770191457 1.3026867099125973668289699069086681190178620992207
0.68555078052483747689595257034584554714479237011614 -1.6013004984667206254212754233075138714835403213017
-0.79534737309107648951243849501751186181283526380946 1.8891915064121674915512567404621925959551944898725
0.90163151851114970823147805861307296272278931536469 -2.1863375140105539188245358428866469549413550871966
-1.0101936894602214269583889481923958357537320877783 2.5088154794118179877087351505557093658038202021526
1.1271765994584341109177030960690352317728572127519 -2.8733206801926585981316386318288202758709340954713
-1.2607701432513842786065530419134087305068895195261 3.3004089618673371371692574390019493140598204279077
1.4236531098959786875989555092092691026869282770471 -3.8184698814114068733294632631510570788016051593384
-1.6376310400133297817246244992495177548735763647449 4.4702683181090191257719756542047863764266004116818
1.9438604416481388059223353479890625634085497395663 -5.3255408118390601767289881272217478381032453441139
-2.4285202231689480585443957080142176217563415689439 6.5083749246615940957810721795510078837219425936918
3.2982700156728887903221999664721338653951726303220 -8.2653818845380111826320351463929406642570442241910
-5.1571089316951592161734400338354061492997240354755 11.169916536643825454277116060463056161265533749795
10.455027201128528077125742563613056613218052488838 -16.938497090588082559054627467917571429926956638243
-39.088835715638150283175555687328756374019399547636 34.144557939453045271620411558640840121876898614637
63.870797173138684600557052487685893520503029238597 0.0
-39.103915893909774890538972765929292549789774924657 -34.233721430413172674220145865484509234931150344132
10.368693151646760522984686995386482081252012242164 16.959527651741267667380015420844067324998177234184
-4.9850081592856025520517550610798980168428948418180 -11.064810663588458593699478143027573125653459276177
3.0288799784125404383641478308795904386819972736004 7.9516252975812080417334523986558164502205228753218
-2.0300956325665319313335355642174115790073807949737 -5.8516100600140081079855360780536571208627647365494
1.3421520311197582018340435996841318707638534809255 4.0617944401495203063379497026531981884044998299707
-0.51567505000505048727092001254040418215581798099697 -1.5896612298021554845992699736463388481197417169495
0.0 0.0
0.0 0.0
0.0 0.0
0.0 0.0
0.0 0.0
0.0 0.0
0.0 0.0
0.0 0.0
0.0 0.0
0.0 0.0
0.0 0.0
0.0 0.0
0.0 0.0
0.0 0.0
0.0 0.0
0.0 0.0
0.0 0.0
0.0 0.0
0.0 0.0
0.0 0.0
0.0 0.0
0.0 0.0
0.0 0.0
0.17217192743570685673703040288400066722326048963479 -0.38404282985327498912586734525508417850908498229980
-0.42830455105822536202817011430636510273591998421873 0.95882460631813354815102598769747850945760894753293
0.57744981069021341669226966953573506956376987476851 -1.3037148052057934914590784032507300966988080077582
-0.69926361609229196381714572595270962454374733145102 1.5998004827247345630709742768355274329746092543538
0.80833887501585516919289584550823327983862703519956 -1.8827636966085272101743609213937848910334916356033
-0.91176825205998550985408959787281114147305388858804 2.1716332556811885527650271570969523412131651930747
1.0145672881398867177207909522939388851469594168395 -2.4810239480876737636290377268446360498358398676424
-1.1215459180285855969189334404841583524096648036210 2.8253193900594156572792888982854542708144177079849
1.2385700853512755853171488606264645127717787709329 -3.2212982598552251937941295320292431235814610233146
-1.3740817770796677063591682852619450769906253434713 3.6909220254551766054671807508725625504722882130461
1.5416567769076052941144494882356651323704054803690 -4.2654446430783845319341452316788266625947476831453
-1.7650899440227755358034099828353287225730831697979 4.9926071116937341394272294346060897921174788857965
2.0897611416980049730267995519223630742373387290305 -5.9507354630568882407717913730325424489657794607068
-2.6113375066189172579970643509114801961874629053076 7.2795231105344350217215233363503239836790713066600
3.5604608812684185662394992564638953932435936124351 -9.2567467988466883871479662168305762593774883246122
-5.6145144698319148984905805932893452017296455169646 12.528077112106706704507951548946842242390117279963
11.534442975960653343380591455385907835324696143574 -19.025650549229484974436389953755148374842631425219
-43.858309774498660052274143958175397193094571335067 38.395979658466748612572493931390690011138641837675
72.865489356683385690092311433791217705901307507860 0.0
-45.318704268784537845560651065077378071235024567545 -38.462860862211454524842642553652803146296208320439
12.117742940688738416707556619442869694977749235998 18.966959506032433421724383887240626020223061310918
-5.8162243751929542801240050477259320685830198286563 -12.228343937791886726858153250759096301551011763048
3.4630306944439701059559188712090578336390838911442 8.5317189322435045946007462040570933471616417708747
-2.1557757457262985873949786659246764707809497135933 -5.7654046324455485209392464769888053775906813082649
0.80961232521895841306061774774380773849413571663064 2.2336642790174827467492981898966732124026322232126
0.0 0.0
0.0 0.0
0.0 0.0
0.0 0.0
0.0 0.0
0.0 0.0
0.0 0.0
0.0 0.0
0.0 0.0
0.0 0.0
0.0 0.0
0.0 0.0
0.0 0.0
0.0 0.0
0.0 0.0
0.0 0.0
0.0 0.0
0.0 0.0
0.0 0.0
0.0 0.0
0.0 0.0
0.0 0.0
0.0 0.0
-0.18091911610719327637643278237261671111065250731379 0.39465675906960823634277143249326912143996368855635
0.44986334318734775761420015589375369518084147182327 -0.98497810110453513514872848838199653677743325731808
-0.60586169978203008926823286889443229858147051865345 1.3381513456784994279994329439553254487098115361618
0.73236651690429708393660945835303135869151962160708 -1.6398243321814102713117587617191497031589719098683
-0.84441223776971398224284382816735036414692684295359 1.9261239384040247052719945776984900863702261087976
0.94903781115956704739943756559010542569905272513553 -2.2158542962189843323730300876158811022653658294799
-1.0508987427158289541889871376572887847397197733234 2.5229312151511133222831593934576309565212512902934
1.1540893552806312199080072787125117752779474622172 -2.8604547675239454764687957240468469213184582858500
-1.2632047559845037829006820507301254065228941200316 3.2430200562565542499052476107853955759536326508543
1.3844235118117693431732234849334480096047155308698 -3.6888760129983939458728376140870897196176204844437
-1.5271224088569931133398149749626689844299004022024 4.2227897718041731520088914400751683078011036802861
1.7068037774084065398473813697356663156962086790063 -4.8806489367009428190665795935069197598889562656705
-1.9510577612348359465880168080459709042275596030749 5.7177416492748490364762031303255142925792910581731
2.3130190234718477384455368041943299591597918347428 -6.8251084167576836671857528586452703104854743306501
-2.9055489839509140568149823168521243970175313918866 8.3653084930680400817791637047289360122905569041095
4.0025805599434470759788756479197909550387629251116 -10.661556613176597773768467747811332219112742036891
-6.4139173547915391112276081210462478476565146613977 14.464626832650328266905559638631580337332512180451
13.462097330379604034182709472811258474252801075436 -22.019246648141455348619685328148384380056500244555
-52.460756331283732783611711164279085775330548021802 44.524458588424303388939196402438335534002494564109
89.148794937917042338922474165141924670760112979820 0.0
-56.596221481602434195985592750231700859145310157208 -44.547937428182777016817993888919928641911426909608
15.289223309623552961737029998626234574727651890285 21.784251523494944244278052286176644335618903854747
-7.2888843413468107232816064422827450900433474619923 -13.700777342502252802472026391096218250821462234603
4.0987184333953959396539450945843291067189894458670 8.8373846663458537731597802842005920699726520829619
-1.4835734252043838947846676342671479561926858660529 -3.3670677853173519347377834273328329998713132982821
0.0 0.0
0.0 0.0
0.0 0.0
0.0 0.0
0.0 0.0
0.0 0.0
0.0 0.0
0.0 0.0
0.0 0.0
0.0 0.0
0.0 0.0
0.0 0.0
0.0 0.0
0.0 0.0
0.0 0.0
0.0 0.0
0.0 0.0
0.0 0.0
0.0 0.0
0.0 0.0
0.0 0.0
0.0 0.0
0.0 0.0
0.19554119224426065616192910014202411610017545101016 -0.41783238585827748409160951054990787590382713456666
-0.48606539705006014091180859233919422868711729085471 1.0425347938332756451882753023806080986561999918407
0.65411014884496738477522710954217347082947997371329 -1.4154217677199769892211727708451788450726538393200
-0.78968291583216692171674001181789454092339144661531 1.7326852082843368427162643906840094474013248343974
0.90881217205950282967673402922251040008721797929949 -2.0321457448853480324614307024926485232282871136722
-1.0188083806837246438346386777061700348685276378496 2.3331302549095736675061402111008089811738585603418
1.1242732356419732064354034511745082277822105374293 -2.6495344969966199560457190672200769592963529076375
-1.2289792581882351676945297784525545659633938329588 2.9939799860349599814193709016624175845390621906962
1.3368599381606083397686515038379466827170228698817 -3.3800042197886888541787019506077827688680019565571
-1.4528861002060099182864089659276683940504754131278 3.8238991390036333425479872183540067047621399030028
1.5842308760984477191872905699405684271220067671840 -4.3469244748295842211980035722711391082597137356645
-1.7422108477713790655867795735552906477433081647987 4.9785959581971333100563869924540098260147652468969
1.9459474107641542927147019124677839130297635528835 -5.7621846862326877283542520397643838112804595302801
-2.2299472314030864637564354809734743695110632614203 6.7647368908937276488848453877829355789417256821822
2.6613744591498873642383149531027165583446538763930 -8.0969267947729372988886019689094171464723421248576
-3.3842547554194846943946402048742207579682317525712 9.9564895284802575415038952817160814234335201668536
4.7514372618099147601035811178724828620518799423796 -12.736379295869952178644389575015933087869018599732
-7.8158985733193211335449440304412766888860106853292 17.348304178499685484300719421145198571503627117070
16.939599425166825802703172257403027240190401482537 -26.514236018880930191655894205894300053700164432057
-68.345791131002176197702394635153727094255894045791 53.796241994233735870506230102931366387704964313682
119.90250197553641577918833022256572876775209309261 0.0
-78.274147632518207315530946308666517833639826233591 -53.712218253994852881796537116526757983333363578360
21.418613987523324961347523881478362048125142700735 25.796157997067390204416685927365131778876221070465
-9.8889820155305873635210535666577030005142260751521 -15.149781597413041844371372603001403208882540938561
3.3532183946985879460022981748316026369717019659494 5.5977637180006442484355916016483005418975916293369
0.0 0.0
0.0 0.0
0.0 0.0
0.0 0.0
0.0 0.0
0.0 0.0
0.0 0.0
0.0 0.0
0.0 0.0
0.0 0.0
0.0 0.0
0.0 0.0
0.0 0.0
0.0 0.0
0.0 0.0
0.0 0.0
0.0 0.0
0.0 0.0
0.0 0.0
0.0 0.0
0.0 0.0
0.0 0.0
0.0 0.0
-0.21914907577104529011597367824232252915800413171639 0.46008753483809721521487935940549122370037290897258
0.54462519195560409456899321512246571074233914782988 -1.1477299760982530770449246403519134017432874301410
-0.73251595550437171470535985284550912823947328192978 1.5574784399906573621555086747311306558234208857015
0.88354905478030920115014870310987200004811698408931 -1.9050740222546513947949965489225198568345952428274
-1.0155208072750129009319039874275830721407337148105 2.2318189666737360204207752466356090803356262618131
1.1364039062467884149660020372237712819828333297162 -2.5585353669141341128932412341528503632466163121685
-1.2510435486246793109286956456753238341476912102314 2.8998734511685461386272793595279545323716485942543
1.3632045581574464884265713497861473365863661635464 -3.2687779882139768079353244442825347181411618312857
-1.4765803608102039387272560027964443382021806869664 3.6787220697068881641524218788095537635738963215853
1.5955940987584077536254928966313366690690104417029 -4.1454310941766607248725847427977541675614517743192
-1.7263612907904022000265805465895721219356211108298 4.6887903311040209580549007324547209267650743896389
1.8781782375766725596170217531316934894542562855680 -5.3354879337164291625273661641073485045858320347739
-2.0661567054416885523310021797209177228695827618119 6.1231668743185278891756945813418515663542965143905
2.3163263151398485963784970088094018956176156135909 -7.1075071383447057048833501656631931057561650523383
-2.6763632449174511584080740954054160868974582464710 8.3752104859756545527623355350030228211922426715521
3.2403350609577890151226422054825707579492446080482 -10.069760910974906175961251756144382702033944411710
-4.2127422353722719520769689309184818910594135326962 12.447742239739400885627832393507012638137514388635
6.1017982920262572168014088928368791172242067835671 -16.018863079891033474497909491916112785126486911841
-10.446848441188694645865948994511968597852190227697 21.964017817074387646413820847600925701078088940542
23.723158067074433453266359947634767894177053689585 -33.801013419660877138578141862182442747156081126851
-100.57292665303746200982725726125598738022565500381 69.013782330690749665988000494767103758443587418804
185.16532523605472073641056002506079464073880310683 0.0
-125.82940229193093251252469701600871970201421089801 -68.569155329445913150679467519619402870591460851597
34.635547393381786321332692354332069776693397924162 31.236755803114221451685367741968962117739678148305
-10.239383720528308698155094718870402692264207794364 -10.797701437363035289277638444467911776523792649085
0.0 0.0
0.0 0.0
0.0 0.0
0.0 0.0
0.0 0.0
0.0 0.0
0.0 0.0
0.0 0.0
0.0 0.0
0.0 0.0
0.0 0.0
0.0 0.0
0.0 0.0
0.0 0.0
0.0 0.0
0.0 0.0
0.0 0.0
0.0 0.0
0.0 0.0
0.0 0.0
0.0 0.0
0.0 0.0
0.0 0.0
0.25979062844224000037779124374089317638937367441148 -0.53801862930699136762101735402346184824118728749799
-0.64552872296806192273357776478516501194898302915982 1.3419412362881496350141072221230264935217833909200
0.86791297990231891200162716797093581624130513675518 -1.8203936154307110441934230306506575540012091050049
-1.0462365188268033601479349205840828907796241737566 2.2254216033146593890936580013064254841037009834363
1.2014670774691051809244105167124867890928732969679 -2.6050462856617171175504477613393227606071893047912
-1.3428887408792326967086076681574561208320242367417 2.9832501544690943357837954796865670078571145886104
1.4760122898897584073506103742572032349025023234861 -3.3766517923917307605942479411478386995762176614492
-1.6049607244664851343119747727894246910113256141509 3.7996467636798879072309713809573634752555350172803
1.7335971931737255342755838894419678395805441741145 -4.2668910747873538801979155889289431065004180674058
-1.8663553931419869884372233997433638682589109792942 4.7951052909484668003533196587524449137447549927559
2.0091617089647238368027301285431729184992003252908 -5.4049422967448402429292296255815976642257137934012
-2.1707767579986614643073194264137327148679925192099 6.1234307994726580484572425027044154129803203003912
2.3650548688165745610808418263752586185789523146974 -6.9876227812337149068598940686253676617302338660950
-2.6151076299370082774626927260391512949060540220610 8.0504980753511839380037453992036801534576909782765
2.9615683327082094391014229645875519707038483073273 -9.3911587556640460953033965648542734665314485540543
-3.4803206264163464161699999613439180279678881607108 11.133612271471404029832172514865484274549150149600
4.3241734433798862369066933730929163849955994118481 -13.484098732077533997856668491791087859186266806043
-5.8328139094718916047401167852664432419001491904872 16.812682123602754303275479236749708158007313560213
8.8712807654657766188524105678387837134128191635516 -21.855790704195444271981426059986423679735608888736
-16.129985578294278485175133962631855330899347653357 30.319227277675267339922146526476244822014731024433
39.250025794375733322626749819903481148886467222289 -47.271960145062785257950870507881969095521555733033
-179.46012878322166995375299392315792871283976976344 97.794547393858238889313032972193288267831577077926
359.58877478526498149479661151618111135069371636307 0.0
-259.78136284094145527926207072692884204224441984787 -95.384261480506068101908338395249542292022180398747
51.186836245451876411263868434085028897507628155997 26.960992396859399413880850774157260512782282838695
0.0 0.0
0.0 0.0
0.0 0.0
0.0 0.0
0.0 0.0
0.0 0.0
0.0 0.0
0.0 0.0
0.0 0.0
0.0 0.0
0.0 0.0
0.0 0.0
0.0 0.0
0.0 0.0
0.0 0.0
0.0 0.0
0.0 0.0
0.0 0.0
0.0 0.0
0.0 0.0
0.0 0.0
0.0 0.0
0.0 0.0
-0.34575197826560289773096273940361947118981346647464 0.70963928684338674302148224334076361855184201131938
0.85904776374915113833131293154122699538491977212552 -1.7698428120959447267235628805466309632097400555646
-1.1547369739889478620905245052040669045081349598533 2.4003420813589268157792151535885022518761063062400
1.3914949916338978975813123671686024443038493370972 -2.9333887937343474210890122463812638024583611986355
-1.5971270969395206577325907739751029597281797872341 3.4320989730399476067945553704122642430292913458996
1.7838606108336053622583016986330548847114908214538 -3.9278123748021014795643309219469233465595568142665
-1.9588522873867986105218806161204692423123111128931 4.4420420395394891525329966483036378552883291371255
2.1273333059464620796514992365143287841532399458405 -4.9931928312532609653620369261514449634551085784489
-2.2940619199694410735725189220793139019125723603985 5.5997410540062379220068849644461300809253140591988
2.4643453147394116199590514938794495364997728113631 -6.2824586459107074700150297929500989372574698467056
-2.6451170724876740536457327854881176101441584435354 7.0666157729145061255784900588431077306141354385416
2.8464405711911671511148006018534676923065069641031 -7.9847492865569876383544534907119137575123918186893
-3.0839572548285451868048737232980689620312316387225 9.0806496356980941370649735451330258422231064407249
3.3832536328588323517531596933220848375114217904281 -10.415584127264942584978432722421785898559495205136
-3.7882166051827363610482881332438723527154697466059 12.078604917379955064353347417281629677962593265666
4.3781610241045611512553917795109556027973344380155 -14.204601571906944284435160832601473887105334967081
-5.3057747386333786088218514546408228749615205049746 17.007918306868417970382482736824891022617447262860
6.8894490580272113881771817378504046995691959515940 -20.849743718110388421769738872015404057831450539021
-9.8663091880793122036993834684226263002834786659466 26.386448038883610916333236977889070458565555266382
16.204743507868077220683698204509804520396415650291 -34.939592491077050440103092138505559960152863788292
-32.375860931599674764047451539184102023774847953709 49.599364360421057743781777678165431324294906767894
88.252913862767403468250214144637873499938827144475 -79.592641858211264272677789848023725535034590693588
-464.11878547752830634005566991369591969806478174812 170.41109919462853765620961206868405452803523829943
1144.4780549789406634030541056648175235940660790325 0.0
-746.40526743166620739862975422283422296030399253889 -120.36671782182384243941804013746866888717901623972
0.0 0.0
0.0 0.0
0.0 0.0
0.0 0.0
0.0 0.0
0.0 0.0
0.0 0.0
0.0 0.0
0.0 0.0
0.0 0.0
0.0 0.0
0.0 0.0
0.0 0.0
0.0 0.0
0.0 0.0
0.0 0.0
0.0 0.0
0.0 0.0
0.0 0.0
0.0 0.0
0.0 0.0
0.0 0.0
0.0 0.0
0.54396599998938411970466621018381396731370457066811 -1.1121328895895369883809190167571670461843872248497
-1.3514755535583395091860037685875051301432325163715 2.7735584284523785418150582993551218957496270563182
1.8164984064835790014430308499970654791300305382450 -3.7612883068451801794163217034243052136770990956559
-2.1886179910866762983929625953231108210733907640798 4.5958944440943987332675713158310804222931186531649
2.5115158035164849393405914158818215669636926858834 -5.3761457087995920463780108944219241370001679169905
-2.8043471983111274762234260292025194040265833327800 6.1509672664269518796764701774205302318481201242841
3.0782598552957167364614772965005229512673481002251 -6.9538114178677732263172563464848604413973961883549
-3.3413234297708202058759295049440942244915147221628 7.8131475583657119446444606519012398179909069076244
3.6007855374905754352919820631017715795896484371553 -8.7573852496128260665026589771669267359270345379520
-3.8646293631413116770555608680247612443044152103409 9.8182638239727779354958526937231167547388754461472
4.1431798390547922600485349788893246229521521317638 -11.034144627924369876308394168324398276901653183762
-4.4513036613863297689297535732704868264164508989562 12.454075304624406342344088413859026190729827012885
4.8119390677955425457916547677335862592445014642290 -14.143548352012759190691010764974928225180906245660
-5.2623034549972734902628207707532129006554246181788 16.193342408813602564358713377051119478942302997864
5.8655844236013147865817621202822185917034346668655 -18.733893330056089589727722950854124214574607653341
-6.7344466281490668381358885622389389393561041840071 21.959887096539667616696896556501191890915858121260
8.0818224644352004002377697285417410672340468231236 -26.174712553203118136486212678092142497294582939573
-10.340381648115600046793044871034498054677817971882 31.876089035539133363970882297471173498509579925378
14.474578281621183385472645349421734431247808996184 -39.934358030870554327597542374982541411233295685779
-22.912938545899260148453918014029795800919106532614 52.002425989954052808127332449565562435445766874461
42.885378486080177918101213481504260096835678141383 -71.591583805469247746592494636522069442364225108421
-101.91978169056259534402362235212303448507828903145 107.47711027271994942915454025504140262873689629132
357.23755833389312606393493287438461555184020785882 -188.16320367853362404904040428921049669284383854239
-2915.7639638090102277161090770169137140326252289623 470.20158294766104120976201662773599171085382726092
7185.3638105896628623901351174078446805719532992258 0.0
-5033.5347992079410163336642665722905165280087297395 -470.31439028982913372339038793072619652418018930412
599.36499827577874377011993730509310973264938190997 188.31442608828653897195943864296124520511903862637
-162.81826937713729950018626798630955304712989102990 -107.65852269986414278836373105808334054116703005596
63.735685669168988855178208444740113623036865520198 71.798455244484552074388640515339613824381109516035
-30.980344316488103022000456524457531687271031190098 -52.231433574292358032085849221078291808901931044735
17.523203366944364630201493796673622427446089005434 40.182860145832276851726912241576559606157759305101
-11.152571388366650746224235068662959668912376623582 -32.141783709944968326744141107246797011320850572181
7.8202771958281555638148632299051118217955491367460 26.455446075510410511502877024571161118657413238706
-5.9419082629817292635326063970765897593345909077250 -22.253533769328321559644805479660096695841592695097
4.8174577815499427425992453012659329071132391164006 19.038274174350528239836497564501237751895235255090
-4.1075628153959097015478921532592590876020428586202 -16.506167849295758317314029682055854393764821619590
3.6350727273895223632227466710559560138380568815975 14.462377032343660547302422565510433162354977892743
-3.3017009738135709470676760250606693626461636505377 -12.776284246869134314103268592556603706086696416566
3.0499969772220157793321380535568600033374168003347 11.356907110966890961223391639592026046837931861998
-2.8447660896181199703986036076899811381416309016217 -10.138531400172480997948978300116339552575186803843
2.6634369275307866524933066854480686044910497569338 9.0718694188108009315704819023220091400534011801866
-2.4907761984311275437996917474686684510170750431701 -8.1182944766542900126309138753230420716999875697221
2.3157869471731106309928729768593252404774553365084 7.2457586220122119672027941432086851340000711876183
-2.1296751289707028718375622126933101523526620769455 -6.4254620514946100221780025173639769077937705212857
1.9241841608932861420140908439692966251838815163159 5.6283829436691861350138891084737515338915806596627
-1.6895702986985065065093674790515147819764590803482 -4.8201727192318113537157921213345879058901177906065
1.4106015192366208629346907391859798494431699454682 3.9501877006058956533569487241664685865105802491924
-1.0535878339401388731254344549504494887510084672554 -2.9154150636426591089980252954536814367746019305280
0.42478440995420764206891374521432324900532993018578 1.1694561219127693116132422490803993694167104571729
0.0 0.0
0.0 0.0
0.0 0.0
0.0 0.0
0.0 0.0
0.0 0.0
0.0 0.0
0.0 0.0
0.0 0.0
0.0 0.0
0.0 0.0
0.0 0.0
0.0 0.0
0.0 0.0
0.0 0.0
0.0 0.0
0.0 0.0
0.0 0.0
0.0 0.0
0.0 0.0
0.0 0.0
0.0 0.0
0.0 0.0
-2252.2199307918731567883159948878463449119586170686 210.43888356859298964843794625755954835083853717772
3414.5525868915798762782859008360179445215193517952 0.0
-1348.2483699127384145933931931790577970828901805684 -298.17166062306318154258062501225147305070863557555
244.56439652517165937031775541253511123365701211786 139.38786808431664159129449074587646232893937191963
-83.642212048608769912827423494895967364353738315542 -86.965880581718353750362287689375389578417026062366
38.158433137350590106965817755319248886857849405163 61.354424083640213113897635772025600617190389305676
-20.827978663288119735511042782882275756667969362056 -46.418899546623738791428458393286633732581034526374
12.963516247824328605192733332869814823991764232096 36.755768691625811443236684286685177956819922490401
-8.9561953970443746515870772970221663058063658119016 -30.054137258608288953157607921285074619837117102101
6.7363332502745049100140026130190960626126478965259 25.166219570201515654743066900932887977725526815083
-5.4237182474625067220794024647661093527435017871746 -21.460333851615471083032234665188738304750869573468
4.6026688453493244599959656534932401809051439600402 18.561526452972739715338057393762897958587539858971
-4.0602600062401669495748021435924650993159369586433 -16.233743046033951423137645704190252533610993182908
3.6800190831494137361290996527212529250086586196230 14.321053605107277499028834377616486009580577016757
-3.3946095806251026004870460023024675939757376883883 -12.716091846424219994737442028628938632294096615214
3.1631434032798205222923404322336484943444892586408 11.342033882593949354384674441808214827704585430376
-2.9595912409963293332994649708734246226753282079767 -10.141715007886806069345158893535981348606500749038
2.7665012437716638724043719443915440233555523311247 9.0706499089115873996495689302919721054478061527005
-2.5713540736816345829716153839383180486390949786439 -8.0921713908401842816583364766706916581906898195583
2.3642029039111884117216246952053647675442821011216 7.1735360371078106199441731589810425888193873540782
-2.1357703056808458336489445272042872790735978532001 -6.2819452161375247800311329231656081248212740165916
1.8751712173028382188904975275382521761683564075169 5.3787830295016005360627627289965816309679071617413
-1.5654554812494493815236128568259404293774178586039 -4.4073361222962995229566162424668102816051596800420
1.1692045773704282534164551302694545232703777080159 3.2525183093269219003656506389062422654151613966022
-0.47139131248628543571004882973818041932905267402846 -1.3046286177671964863808303660516959331817415774532
0.0 0.0
0.0 0.0
0.0 0.0
0.0 0.0
0.0 0.0
0.0 0.0
0.0 0.0
0.0 0.0
0.0 0.0
0.0 0.0
0.0 0.0
0.0 0.0
0.0 0.0
0.0 0.0
0.0 0.0
0.0 0.0
0.0 0.0
0.0 0.0
0.0 0.0
0.0 0.0
0.0 0.0
0.0 0.0
0.0 0.0
150.48378396452909262277675903942943302515820083051 -47.280484336582898556257865040434255620869835271753
-756.53758308086499047093900291362324550501820143660 167.31195268241269831021173986435449988331522903735
1020.4979366584485101283652882168301837525656806709 0.0
-488.75346764663649993440610724845431702608816453353 -171.78818344285752959117770166203345198568601899749
100.15537502633349422234095014800414670764531202935 83.138671148767143908560282020009139754442412747602
-37.689143652660769994726986634222195500820071201272 -53.403900049923148550491472500259719962586074989945
18.643243589519323132284507112502264297298987820733 38.566246860279226036287214096868371572426378176745
-10.941994333214442741012801166867888827081232051098 -29.729589858044290799801308771102360247167906499611
7.2772444178227683292084519871651016619776758380286 23.900246042411900476207748194749640595574251119724
-5.3350670333170453359833520722570127240031447705419 -19.785754392392787049255907169851923695450544606076
4.2213754999352002959118281442195146229260192508586 16.736581786323389480388769128974134019001404302104
-3.5404186461876228655490221962416628596450505984655 -14.390669996757392215954172515806488683887523784763
3.0986235506353323133946317992549197173254067695513 12.530250672986746168758476317258576722753116339572
-2.7936733324642534722843197855557114937415704121923 -11.016342722653924685675522972941179204320007599635
2.5679585159883539222932145868412952294785393815490 9.7557929857976888395755483419657288280149962479382
-2.3872287284554749097212578345387882034634857350544 -8.6833877858677741829315901488234170447105970958313
2.2300611036556011381786198969668773044243842933568 7.7514896687800020580016123984235251578467576341188
-2.0823143198358540567285311961244096754008531031801 -6.9236300260834210244503779583823105871897813411034
1.9339937352520702791698133348393626861949939907918 6.1702055303616125141278148763090220374036287228338
-1.7772788756992678623005766399153764094211586265822 -5.4651680304095067890832509027554112011741269561528
1.6049890184545076007997365397133060219899457163107 4.7827908785037887256417789147532511942389221860596
-1.4088156113640262302696531190229320679997267107774 -4.0931584907875308823254094920904610289976787825679
1.1759417434956607714245348575479763606353413030360 3.3527440305771435793397106295521251219732118111411
-0.87820438467601534261078195619758739050803062796379 -2.4737211409312893513144484338290338119699407712436
0.35405474308007325373014270854777351976764228762988 0.99215336027995192838701765582021598059925137302791
0.0 0.0
0.0 0.0
0.0 0.0
0.0 0.0
0.0 0.0
0.0 0.0
0.0 0.0
0.0 0.0
0.0 0.0
0.0 0.0
0.0 0.0
0.0 0.0
0.0 0.0
0.0 0.0
0.0 0.0
0.0 0.0
0.0 0.0
0.0 0.0
0.0 0.0
0.0 0.0
0.0 0.0
0.0 0.0
0.0 0.0
-28.773548494903094440535529633658303712833513688150 19.025615096171409575415505494944273827344101167047
96.593032636906088714658842968170588941650762053526 -55.052563179086427518530962592409071655035887272103
-344.01851450884816414065077775553797263035236841666 120.91641203641096124597331299030906077894847482267
486.78481465608656261443605941617424665367236483161 0.0
-250.39986261658022411504499913610713588809367599239 -121.95426167785509621340059220783416878683490448431
54.499528654705955256828563147815642146835842718890 59.820004306314438017539699681238010921113482185878
-21.711393722781559989554924192563275854180804930424 -38.941686125716193924227232404490433116762690811941
11.355018444964815974223982695537912863484046285614 28.460728174071255914663012457788843315486838039772
-7.0376202393967542380245649874607056542101634311072 -22.168371135925366871121364817432262920697541001670
4.9273304136892289879269645646203327749297005548120 17.980378628379159825351041101099734858953535695272
-3.7808409340153572619373557607165898254907531354918 -14.997087515922070036001383907416317079601146796984
3.1065345262304590980941243312869343719435007014623 12.765554855840823944884677652522622710956268453262
-2.6820421227156658009147329843508407314152136654918 -11.032427805415409003278031295359132465939798486833
2.3963480081342492783420192960657480630453194911159 9.6445520777881406741880481708093297787675058045922
-2.1896006314331516444200209340437872882645807625349 -8.5035106264071605494647304496454546971965446663576
2.0274173601893183135475168606208145045372637607484 7.5427086715505328544576981944049762110930760955818
-1.8888938260236947375331989901166394396436051106404 -6.7148734879568061904805353689394644724151890993573
1.7605694275819436690685124925581542684266754735349 5.9847213731754053721143413327473419294040019712075
-1.6331519536219980964051320673679835864324127885233 -5.3242800630516498998523087965743588213297282779540
1.4995440143746157428894598467602020635651782498829 4.7094948348698915851068051605495288065706942287567
-1.3533897776684301442785381767973349980140673822130 -4.1171288398965774968630200020932911828703079279345
1.1874995819243875728704802902475904903548485966414 3.5206923086175920306233789821801346895590951434766
-0.99095352051457984283171274590895782386411980163797 -2.8822218398073882824103154558642298492303702177439
0.73994176108942086927472084295035226251561969411870 2.1258246450641641396455213667694224721121846659116
-0.29829484015627818034048734494665000320000379451649 -0.85249633346888151681838894144635950066843313247472
0.0 0.0
0.0 0.0
0.0 0.0
0.0 0.0
0.0 0.0
0.0 0.0
0.0 0.0
0.0 0.0
0.0 0.0
0.0 0.0
0.0 0.0
0.0 0.0
0.0 0.0
0.0 0.0
0.0 0.0
0.0 0.0
0.0 0.0
0.0 0.0
0.0 0.0
0.0 0.0
0.0 0.0
0.0 0.0
0.0 0.0
8.8115962415120046348991832676309811229307528513195 -9.9262915545083021276544491503279802166446306576508
-25.843998944521611940725865246992361391314729692631 26.870955118417451789628412324636487875952046612275
55.150297870837451173447723160229556864060041697764 -45.780093951368639056786348926421124683601083551053
-195.89155904852318007192422683447393744532450985082 95.406643610134056200360394979735770148105427974862
285.05927838971316768115471272815407914387015749246 0.0
-152.12039737916414822773502164501278948196810766411 -95.815212582761190489431571303088040375372915354764
34.410937305457636286235405840555646154688383970519 47.309485764054966210043880651899251879942650386346
-14.294743567093710731992855316422801052248345732019 -31.019721859821322243390165747855804892082370281135
7.8167012382718965668225586042140293051675775217599 22.827387930478510648282461322906182309157203252858
-5.0669498655150201370419504616908105383070890105150 -17.891778684323276171370554616446666482238115405688
3.6990428774617350551781602153902378461447345368294 14.591490374547567003782193618090561707712834425216
-2.9417046714058544838661888920582391039762557780058 -12.227629283142812608067519770110382503632842046912
2.4859863905282054641264381088199467758589682755121 10.448451208526645847113204673597118126181534517874
-2.1903228666157347437848230676592400295039104469215 -9.0570213150454981083026997293594804327875945118611
1.9831031136341279390319837562859806368251636039072 7.9339783442715900966700203533694106897721503409586
-1.8251743746934811244254929301232831636934502913880 -7.0022310840032175416665909225097971766433993796086
1.6936703916842219576440981189057482674159143195007 6.2091390663491308254101021053667320588267490001279
-1.5743693387147971535666909951304706330122729862574 -5.5167281291433081935457301768544739081968955227721
1.4577670966497460692507998547130881980007632240556 4.8958313378525027701545693111752573535044453594805
-1.3368411911437502666292973387160051347600513951069 -4.3221286104448298493984380495211992597674374733126
1.2055177635406570587193303291229836754430888281817 3.7728264560326096836389120578586183506569661961710
-1.0571442499624868614601864809381327874995257371959 -3.2226484653594939859401923307554306392147472325483
0.88184367244424144141457940395087704250196585388388 2.6361414712535622275314411827758683462537033009203
-0.65832574685678051869112750577448053146621176774832 -1.9433724219658084832185167181193977781766357031772
0.26536919345446179145982102852445199335602136029416 0.77916966780108041648572647199896536780554121944430
0.0 0.0
0.0 0.0
0.0 0.0
0.0 0.0
0.0 0.0
0.0 0.0
0.0 0.0
0.0 0.0
0.0 0.0
0.0 0.0
0.0 0.0
0.0 0.0
0.0 0.0
0.0 0.0
0.0 0.0
0.0 0.0
0.0 0.0
0.0 0.0
0.0 0.0
0.0 0.0
0.0 0.0
0.0 0.0
0.0 0.0
-3.5694859419396426702748999419593712853382108922963 6.0179888888957768603603082089090978163326655155131
9.8258978995735808777472974754809608829927281313772 -15.798927187680770917463867674951934087915213217256
-17.295669575842161536327481573058518177904156781786 24.507221969198639808180027593701898872113785634178
35.532183119714050639798279972029332746453240118484 -39.000985874590876805361658064831716790245916060190
-126.77539144585576690625221231175071404419788602282 79.851297333721037638863119348722433017449827580296
187.64573256068392195385733380014055182156922807940 0.0
-102.38806552157246520126803664640670076579650722414 -80.074866367101796515404861480496609807974532696138
23.847901805894470141733274795739835578391500128581 39.683715410053035726959575965299028118876728059127
-10.260061377669909218604471529168893996444207451829 -26.130462788182111055286258010034552979740863544505
5.8316579976234803027896170838571729932282362589897 19.310710839854529124966457505727479275991825498375
-3.9287782682074652317665343449889716494401375452285 -15.194716601096968364447065188966647329622247998748
2.9690446727130083893287746124886140502261550555808 12.434635013008140212437393761861077282902446844954
-2.4283323481307179907295602130154611718859787338625 -10.450147606429280650663421464743882740028852986770
2.0950045114452294914228343892915766789730548133153 8.9493257971387164785373804779907850261078203414873
-1.8712555606848715699040104406360557598158070519410 -7.7686178946762454413798512561402539330268808118659
1.7071365744463715379692777875856476694002582759077 6.8086439801113711868443715851949974493785266211146
-1.5750137990340661912459526162931907196909870587381 -6.0048410005787323411044115718596261261150669002530
1.4584679303764638749272538548558411764549056640354 5.3125943643104401182682387770362484516516302250028
-1.3469766830671572408852607342784882350569381393781 -4.6989654859504014256083009068476678021743134634163
1.2330879719759760208256536977255601904470247723352 4.1375273504709079698965762004879994179003010517553
-1.1106399039027494823974030617080893162309199992812 -3.6044421832257341050153152658171904059164984763167
0.97316856531588497763169748433802675587519757414639 3.0742075302541225101797929367092882219065667416774
-0.81137483652592792007173718088009481171866674840711 -2.5120670377964556381381142818413206360180981859304
0.60553632975144609023914620378261903253007535137048 1.8506980316316964000191940875588102283712492311715
-0.24406021688854066006187237511620612745044042676715 -0.74181079979950094779124577822787241563880782678488
0.0 0.0
0.0 0.0
0.0 0.0
0.0 0.0
0.0 0.0
0.0 0.0
0.0 0.0
0.0 0.0
0.0 0.0
0.0 0.0
0.0 0.0
0.0 0.0
0.0 0.0
0.0 0.0
0.0 0.0
0.0 0.0
0.0 0.0
0.0 0.0
0.0 0.0
0.0 0.0
0.0 0.0
0.0 0.0
0.0 0.0
1.7572242214828680048973553788305026971599796314172 -4.0295312254330051031793880511530564128325558272064
-4.6679165331872927418347104862375008475362421674560 10.403292232480029202215112109155963216515172555883
7.4462365386347855741836326384470103397172812143669 -15.403617677905608143586751106247112143774454940529
-12.320010912452036898818078615259585199567762023829 22.097245535863313427613287188008241585468258406720
24.959636451135096755488535057814370174559794311299 -34.315472283682371869004834365855237890489527793095
-89.113516514441807953362053157497978952226512909402 69.693209751023106309214991069268728937488660750908
133.32553780491518512001393282372053574375851133351 0.0
-73.842884080540479024407738591876581457374316529204 -69.844974956312253680223526814394727120165659563367
17.632217547275253743980091016977995144470588523138 34.691231476296705995745499469311297453539154214790
-7.8300224622316147209907392082052449121661980518328 -22.903576837738706838408359037207382184317524197813
4.6086755651920936054628702834346109429253125768340 16.971151778920163398219444191287998980017788266409
-3.2109370648700040160658716436072563918235678361937 -13.386586972632651171385390374268944191730841099931
2.4968171728218372520599876544022314350412254109456 10.977747837552595433048467509706270650192510675660
-2.0868561211211917569667256286268426677462234133174 -9.2403027324694230902837048423159078556303493329157
1.8269989717501236763208470013531868048457913648871 7.9205635974098868047640114261978079701995578202133
-1.6456010372510029395790786173980868093809870122182 -6.8762295220698532211932389023030412301498259558056
1.5057731303762239057724928737779943315360624286570 6.0205088212815110001049900722203842588418085422772
-1.3868477917377215370643567149123450881270108282431 -5.2965237568247480188517605087636977565417881333683
1.2762560660944733993661964832739004779188659938640 4.6642406711688508964353162161583651777360621439801
-1.1655472927276587298723182889005773858058740776656 -4.0929887238132327975728482989140940984904491107212
1.0481119381058376193275507459052919904556658519891 3.5563551440654656859419669878794546143390730878259
-0.91739067986619557624735790805909771354144274370081 -3.0273180788114715530014768355204399199234579218030
0.76433952133489481368753439849105885387396895520106 2.4703907333396160935344479201249870432878590806920
-0.57020340979119074778569003758296083869395482396999 -1.8184680292901625296329710966851731641416058857152
0.22978189186021398696055501375741078388972852624713 0.72863658366777028570161585048564572986360385946393
0.0 0.0
0.0 0.0
0.0 0.0
0.0 0.0
0.0 0.0
0.0 0.0
0.0 0.0
0.0 0.0
0.0 0.0
0.0 0.0
0.0 0.0
0.0 0.0
0.0 0.0
0.0 0.0
0.0 0.0
0.0 0.0
0.0 0.0
0.0 0.0
0.0 0.0
0.0 0.0
0.0 0.0
0.0 0.0
0.0 0.0
-1.0056152968745198910139102358892262286182732892057 2.8981898650986060092893497491928912358139783085414
2.6124137052648549379785798543810239920340792510076 -7.4070392663459205240889752558673254199530517830074
-3.9296603862837268154184535940913630751583320702730 10.676955955916551025571018669367363038919671316501
5.7936787798517685875636825571936263289323718163285 -14.521536682695977231014992509847345096876216167603
-9.3231205843924750542797910016530122094296518078096 20.231255358729550075973348332905210105433452273313
18.663263951522560926950335456876997690643392132238 -31.056302617442961598384301966148906759896759263123
-66.397515652909968401377279286318251708993327221777 62.802704359172749902634280662615831021110512693627
100.02757938465133304284607658188955313748928566484 0.0
-56.004452705802425995958532139638736244400542029509 -62.920366619425799712383416695478476014167321562231
13.681429984062228324236308163445648006057577552764 31.295682199524580017846618107463467754615766808632
-6.2593902675764146301397964874815120698813530473686 -20.696398168261986009158032340178109419994086518723
3.8040011640668134744338478221218086112228395778072 15.361129917453994277077041408882508394415738994757
-2.7288310208531981029633601942534669350916124775151 -12.134167650927620193043229555910246200805448837809
2.1717794237021182022059604978958886379842641860029 9.9613676571009239016496560348519724184356703564532
-1.8449000318370505036606930879295246610090804666821 -8.3892571734694226143187025867039449878443013253641
1.6308142709566073635535838577083809214782568903634 7.1896002555656044379679025925244201919834501626821
-1.4746349051888681538331089288291378050973174350948 -6.2340694898000784305779829982419593659585008722938
1.3478501682793922201758901496274310328375238255281 5.4439082306337385822612496384079544269997660681152
-1.2342076266771717854722453165947455592686526763874 -4.7667640012264044826237077578522205571878648840571
1.1234399394590944725854046942069125225958005822581 4.1646420928089123607843069384066426664853352477680
-1.0080338977643557934840356219047499614989161555590 -3.6065586932907845127570482478800119242236581619609
0.88103192255812806989100698003753376331682161406611 3.0624842150111540589928800824589605659436068495596
-0.73336556570887483306514342053049383446872056989334 -2.4947822434070353539756843916757801734525933922759
0.54680292007974961683073753757195607435776694717030 1.8344749451518524521248844035716761423587955037397
-0.22030421633356227089061123043247546252991392962808 -0.73472479585793037829083345558405233412164690583609
0.0 0.0
0.0 0.0
0.0 0.0
0.0 0.0
0.0 0.0
0.0 0.0
0.0 0.0
0.0 0.0
0.0 0.0
0.0 0.0
0.0 0.0
0.0 0.0
0.0 0.0
0.0 0.0
0.0 0.0
0.0 0.0
0.0 0.0
0.0 0.0
0.0 0.0
0.0 0.0
0.0 0.0
0.0 0.0
0.0 0.0
0.65082664042673607012862827024902492596716844631702 -2.2017006122877936218812670335517114721414617027291
-1.6658236076195039500192809084909163076128968047113 5.5899731004694777698653944112878501315029151190085
2.4121916531692257520224458123942002886714312891495 -7.9222258731616614439391727827484662417694637039282
-3.3141999935405345421141701643275116977699489499266 10.439667526275289396096400529144164614018463527851
4.7053806358362512547731670810154307929681346363020 -13.741288794420152410743315533318441004090528303037
-7.4109468332766319351571925832035644472565545621532 18.874299414387121074985056428074566793842668369374
14.633103026270562124677378595518280010446189704827 -28.790500283913336637206497721832491800446623890277
-51.690278592320204536871481774587485686553000158769 58.073440995381379190806457280912902199065667102265
78.215693434194588982800295652191721939944512839867 0.0
-44.162311619038487494133415128808222951875520044662 -58.171898833270037885031364190449194898391208170256
11.027553912939219024353012103403152615302735033168 28.959386499746060389484765435089953828874921533850
-5.1910784343601547054177999150411080392667423879525 -19.171029098966900685346676176497464605502055258281
3.2483543082452728821892128731716763991648789946718 14.242431134320746067715107984998366355381946827086
-2.3892522809185495673530277696559955313983623074217 -11.258127156390453762972085902356622377399416085042
1.9367701443156977522126496634578359415562840731557 9.2443681848928127672085240274961975353631903180214
-1.6641944989009532624839188982613051432493889350888 -7.7821531792440488627236253793452200822650972441020
1.4787803827653228707744471827699879744760442002137 6.6602896025631259903521139223030828160313867839849
-1.3369026159182919283760720308565487271469590100133 -5.7595238567586022615198709357102978922158742407735
1.2156217386462372806218248208839607367747853265797 5.0058850961457878900717015179737426525681182809286
-1.1014809773446580193473581152898429238853090644171 -4.3489810057072772388213008774932949899016666050134
0.98537075030207159058322442898488294288661253724634 3.7502291248309618274190793552687363955081076603839
-0.85953520023112488561510289728072056664534485523379 -3.1745543906203994597572166973197530843396435022745
0.71458120575457257249057153704153609644590434002195 2.5804710888229179293351534593001072565188133466090
-0.53241555316041400897463392530963731740039854433565 -1.8949590459133695398378744762039252741825644616429
0.21444585515092938273262222583803157506139666044647 0.75852821391578315240872244143211634081462395621056
0.0 0.0
0.0 0.0
0.0 0.0
0.0 0.0
0.0 0.0
0.0 0.0
0.0 0.0
0.0 0.0
0.0 0.0
0.0 0.0
0.0 0.0
0.0 0.0
0.0 0.0
0.0 0.0
0.0 0.0
0.0 0.0
0.0 0.0
0.0 0.0
0.0 0.0
0.0 0.0
0.0 0.0
0.0 0.0
0.0 0.0
-0.46658525939936932596350216480927860255022024716989 1.7474471780391078548001952093663562588357262485825
1.1821998873488173194108404014770153993522624428417 -4.4165721670131837493597881179295207673157491409726
-1.6685784357541278294297768446569993103365784690249 6.1881290165810374158669488924868823586759703777428
2.1894068240386065565521573718189137622514275219959 -7.9893898648247062449775395035213410696286368034830
-2.8779268584579265145215880905187408563594959274816 10.162174836510890802488418400389842356073441024532
3.9744559011783559753820859338435788293609275377620 -13.160848713125100293640453340971229926055188394226
-6.1313258871683508180405571402802934489595929888963 17.934724229891081700497565288567792826810505482156
11.914606535492475000832157766282541750252515949963 -27.254149610203135914560184674654834823463019217738
-41.669059209329719668428819648434773742872408482472 54.887713254522858910637534360520108410718566622987
63.226419005177084554841325437055650614427907815827 0.0
-35.948421351757407811591806209248735388591402432439 -54.973554220317205671543844734544688017730588613883
9.1718677818387422638691829460066374062266311087014 27.381528299131672480617238512522450815509409474882
-4.4367968537508799717312886355523158202253509639118 -18.136507816541665575737417267943902662230811884016
2.8504720402210796884038755720667853263412037840311 13.479012661842292020557485115363000625352428093456
-2.1408321889975281991577010630345887408251508875113 -10.654887371276828082836459219357903254483851118879
1.7595561354698261789251231461042234462232136872980 8.7441467985908008563246181046773964184481831688086
-1.5226083543542199526953847028448703097304022338513 -7.3505922995291227916451420545330551254084422201336
1.3544188804559578684188084948449947639118789768347 6.2739674455562258808478648746152525450862118016551
-1.2191526271213522034164183684109233730653130479338 -5.4003342699585816621827488375096371051808734603019
1.0975788113781690284216275944474152307047136117330 4.6576757700129916143612887678840957654275455968132
-0.97779790986391647413449017721636539921006940487103 -3.9947123857246766825174026002824386501809464411074
0.85063763468833514770909109905765294126242912391813 3.3681774527140497629221098629743017110262354942400
-0.70598974789514042970089696441582247144749413188840 -2.7303966348108911396512081858391440276643471979615
0.52550652581854127917770582254975772588337273872795 2.0017143511410750284743222260182410123304849226076
-0.21158120847035041393735443610434548111109502952297 -0.80070537492337652618822395808111166764097339447123
0.0 0.0
0.0 0.0
0.0 0.0
0.0 0.0
0.0 0.0
0.0 0.0
0.0 0.0
0.0 0.0
0.0 0.0
0.0 0.0
0.0 0.0
0.0 0.0
0.0 0.0
0.0 0.0
0.0 0.0
0.0 0.0
0.0 0.0
0.0 0.0
0.0 0.0
0.0 0.0
0.0 0.0
0.0 0.0
0.0 0.0
0.36393501229778022427623548544666725185507539679932 -1.4382470713716499930186599768700952118683109217755
-0.91572552545642955501981918856093402337718630310192 3.6233031651183369289984464829824392222520897504275
1.2701692103481728358832643065906342374911665015957 -5.0358682547402651901254235868143168310146321711725
-1.6162332515871291267205922591241352065859186094456 6.4109524688342822880524810049372286744827978034152
2.0212654857688345139364771860434199944724143709987 -7.9732181694090827252106664727956471637846825723471
-2.5759890029598207239679787971672544466056351478021 9.9627467358638657513372922091650598436409839703720
3.4719093557926304862387754849520533957305753837840 -12.785083221051974105469389144084866249740268842367
-5.2442222964340153528863796324396148065846877740683 17.339789993938192720917977063743709712834311185144
10.010181147859867021052607076489456633036666539972 -26.287670600567513694818853941640743422325233803499
-34.584434047720000734689382990738593675998108800442 52.887698230130337903898421462145710876510905951396
52.565616076191680353164991843173023236737162301960 0.0
-30.070667031830774111615530023839678491563811878442 -52.964028078103640041013618254736238482645765186876
7.8371709463393718206191741660739174244936714566398 26.387321589817556397575685896159842765258673138338
-3.8899478549485704675946137453341806658782418640453 -17.480894881051691841367067512776084022866554840813
2.5576882693845624595320234761787285065554032397256 12.990214668143950914767979457356245392544460100651
-1.9532852808118330934783285961491430615479107553503 -10.262067261381177165517658957545528143091199279171
1.6206362993772393757884392322189036453280377998654 8.4098026566959982363605968279626262807830997178822
-1.4062996826308137777899832776237508650413590754478 -7.0509407474178386020460980986222520912113512891734
1.2469501363748840204217652193415472946747797773976 5.9911810435875280551079474074058359328608370194394
-1.1121524758555009314256765053904071776528477009352 -5.1184505617508778743056598293924809936556126544267
0.98493313953280570188700746503757565549702488706732 4.3593953595414416956615863430060241282399077026880
-0.85362752783652395367264796634841718554462395438826 -3.6572285393460751573641911108259572918132262558465
0.70681882021061655568023437396961139083000469450062 2.9545093213899834012139294957696519937186432521990
-0.52542797670322394837756545454681225235826066351568 -2.1614793270046848474991281265329512143616523811054
0.21143803926864860665626941088513962654077879110712 0.86386135191466252705420167510483777128512952203865
0.0 0.0
0.0 0.0
0.0 0.0
0.0 0.0
0.0 0.0
0.0 0.0
0.0 0.0
0.0 0.0
0.0 0.0
0.0 0.0
0.0 0.0
0.0 0.0
0.0 0.0
0.0 0.0
0.0 0.0
0.0 0.0
0.0 0.0
0.0 0.0
0.0 0.0
0.0 0.0
0.0 0.0
0.0 0.0
0.0 0.0
-0.30388856759533893013583973899760391052497315028534 1.2211707841471563476451709994659195275687817350164
0.76103066336978434128108483234606903085097227769783 -3.0690652020153200299787585036451746632376952836476
-1.0432453125141149059125456256200299855639928018780 4.2404586910140952780392123692731391835353928472852
1.3005170279601014148946529524998772779180032166273 -5.3441612578904067964886128135495649002337620295609
-1.5741905170104473466082264902034154914527674243790 6.5433550315721070786421893165555545947857058663164
1.9064588902913140325948534852511672660164154674521 -7.9844270064199474531488832274253743918491780398468
-2.3689083681348093903797967761430402990262387126990 9.8761194192131473122841028828467932235027615484190
3.1211448934327659601591354725794172138245337671367 -12.603653398455354958481200386516900933257381883389
-4.6147116020022822898642933643917102416646089046732 17.042464590737869948697681286010142393647862945100
8.6413751986688301560615227733358606732504532270496 -25.797805329715474417900807803399627622873007158104
-29.448778719878875679869048490806303138145143107565 51.868684566740915956118170138449229041627202902000
44.808808766437169956350328288501128812990004701537 0.0
-25.780387974125846310484377566477871918718577665703 -51.936962204582531432056052006145410983946947265705
6.8606173872953353088705422439142512388132329404371 25.876331675927321818621252293232298504016503267256
-3.4869631589740465833820619647780890216122347585502 -17.139161459665375122931199353565054503091364909454
2.3380235407143389351617929739245029734911223399443 12.728288269787714722263777284742869208776979861462
-1.8077696280637802310467811818760015489299831936654 -10.041548338894412671270671735718760229382622388949
1.5074441864334299769969538534361765862342184100617 8.2085894988971173921288718197713649325271522819758
-1.3058699693373265649079182844897973236831147557783 -6.8528089644186092344438391222448490656657214206647
1.1484643537121748136577261599981039145685171743314 5.7811095291622197175535829292681122604805294917598
-1.0083149471161632962875629851275096204389972040295 -4.8791797927199765733340186058773045193766402648242
0.86918594666163332415954819559045998204118891807427 4.0668873313373684430635629167561980470632468987408
-0.71732836149955721432756995673482077432801049434768 -3.2710449007553937591922528467856321460707666192858
0.53225334433616581575677474277345053506245998044207 2.3867048045642603335526729353443125898585970321692
-0.21402737542227708655837404145186036781585929310565 -0.95282875646306624993979471042298464315266178100045
0.0 0.0
0.0 0.0
0.0 0.0
0.0 0.0
0.0 0.0
0.0 0.0
0.0 0.0
0.0 0.0
0.0 0.0
0.0 0.0
0.0 0.0
0.0 0.0
0.0 0.0
0.0 0.0
0.0 0.0
0.0 0.0
0.0 0.0
0.0 0.0
0.0 0.0
0.0 0.0
0.0 0.0
0.0 0.0
0.0 0.0
0.26784616185066125922199865861837692823608316566089 -1.0656436527838729356935886150234741784037558685446
-0.66863398441092343619695468138686779852559222091043 2.6733342884669330392815379551317207659494654897042
0.90937458984477560966401996873382486791841812623238 -3.6773397543122697424578012329205763088488866333516
-1.1182724541629687215694461261565418634011327652892 4.5999501696288562422696656676755246370238007213352
1.3249489437213611508649104157953932168414116194626 -5.5686806834530382228003198504253187125198634351323
-1.5529626571068896521773456267504756917368803718209 6.6830592635032601912423158513777794138271510937586
1.8346168847321016854491931780740155384963408524894 -8.0662540126410827495036567092099574640023512713459
-2.2299345041285611454814794742567860962234566467602 9.9157474086555984288147658460223148831521449860341
2.8760242377114252955637812303156847952602841914942 -12.609947456245716852727048720081046052986378588884
-4.1632912685504212275862950860925685425994291117000 17.018485885999058822620557319789223285086385024400
7.6440887646848714644234476479587831855116866516119 -25.737224551553942140377303221243160591018933753297
-25.676251657410285241637628413024383863700282336062 51.727170018723702364439863284034077766536016708365
39.104705614640222286097537606591932547666954105585 0.0
-22.626127139530445655125770874012368213772335019783 -51.787951826340043610475621303781917027786157536878
6.1431009668366382166458946913770910371786720214040 25.797251073120194767021896967238357934885340158527
-3.1886801603152050332615107051349440200935037764154 -17.077246196920663411050379284276153665056684273630
2.1713870932540980583480139032188873402253905822255 12.666918241133872357661127988450882627549741388714
-1.6920399441651176268642534962416396440005343625773 -9.9703850547584238119534363791449007845625728105409
1.4113258065869584963354873848976163896611458944672 8.1179826866055305234074337968941107631699182979955
-1.2142161236385312709123152527003233670607978882673 -6.7312515897521010455387046862506011469417609569716
1.0521024653582392275954169895123301452714733818875 5.6126239026709290692666038493723075152841913799416
-0.89969844686803039553791672873992394484671382818449 -4.6387805304542544959758345004825853174179486643230
0.73894644234708296869106975375475048357784416954217 3.7098942404780678876555767757141033836401582280601
-0.54683382806590920840807721451953613276901692389523 -2.6977092472087593279207112448701013979205220313548
0.21965964279424256721972459758551307847082494969824 1.0754809455132820236850792253521126760563380281690
0.0 0.0
0.0 0.0
0.0 0.0
0.0 0.0
0.0 0.0
0.0 0.0
0.0 0.0
0.0 0.0
0.0 0.0
0.0 0.0
0.0 0.0
0.0 0.0
0.0 0.0
0.0 0.0
0.0 0.0
0.0 0.0
0.0 0.0
0.0 0.0
0.0 0.0
0.0 0.0
0.0 0.0
0.0 0.0
0.0 0.0
-0.24633179112379367478739275344549933675196938034050 0.95320715213130281551686573833347762547346095485475
0.61361373990488412408833640585812248969585473478710 -2.3879211122154422466106540054863621643052837296944
-0.83015659671426240298258387040648523676231311683694 3.2735715649364786442648692639652262684514137625598
1.0116780445686381146318809352305758290079287698736 -4.0716880660392297783245284169050007289661802578293
-1.1820039757423189940935487177085702279157817337836 4.8876060081989922433461036656684456216405923697775
1.3565888828711058366947186747219966000817686602225 -5.7950022633673814616387335903691091041327443707909
-1.5526070530867769795773653398327028302388445243184 6.8747236811808379178320203460485826412962690596284
1.7969731246665392061722719131620253096865589288405 -8.2422320468526830454674978780484244712831245646447
-2.1419116928985060298063380591592225969786783156924 10.092661368995454440879395462745401054996821460523
2.7082854750214866666389544509923750157737505383410 -12.806655773009053547453478597537996639855497991479
-3.8416746780733686799844553882939914091619032233166 17.263961810996187305398421921023708602299375984105
6.9185610590918091943250745174185924791850910119879 -26.094879014349546681415451381153403519741238728362
-22.909764602886376394493852108455079976941755811366 52.437157198423313347289706931459903571628412060082
34.933680563252073800095511461059034424878734366684 0.0
-20.331939732720258164521551948377963235044321728095 -52.490367073174542283260874395923121881035819389401
5.6239110760362004895482788557160822821317966131428 26.136197186975926019984031360301241680969521853204
-2.9708923744447089682490511900797260210379504707945 -17.284343176723125754282139983632694282452422843645
2.0450297323450234097398468636013081271351081131048 12.795162360076521088193572430726332148563811312497
-1.5978463941725206766641759881049853298415213407331 -10.035188208673115359603806485652397842249558343248
1.3257679410342867507452977423433833092605530995968 8.1194631940230140366303814171602442005967815530051
-1.1250039446329969232688849596806857423594939447149 -6.6585129060014097701475846197807071600435167723961
0.95023564007765853263130152599800854381370618077063 5.4411845988459109027276447284989817013605083553516
-0.77481014153754266706537238071121120491104937355236 -4.3192055585615006464594502592976543220460595336510
0.57110536428943633220349705551521899867996924429662 3.1268805360645051238659097720357293465593422677119
-0.22905439519386484344871344085908340723699619024482 -1.2443153024266368426912493721682675145389356052663
0.0 0.0
0.0 0.0
0.0 0.0
0.0 0.0
0.0 0.0
0.0 0.0
0.0 0.0
0.0 0.0
0.0 0.0
0.0 0.0
0.0 0.0
0.0 0.0
0.0 0.0
0.0 0.0
0.0 0.0
0.0 0.0
0.0 0.0
0.0 0.0
0.0 0.0
0.0 0.0
0.0 0.0
0.0 0.0
0.0 0.0
0.23428831952638455214704504029271236660880657761123 -0.87239125216090179344862291070397517129539967722070
-0.58277825543031365553926774971540183393482574910911 2.1830674916041749103991441832835396026139197442876
0.78567133137360411624630025896567487893352570559288 -2.9848016687321361449233645657565311479279563242697
-0.95175649182772507222932640596572168946317157713740 3.6962317811864163347053109920115065394008846527265
1.1018553840512381916519425541837961747794077368368 -4.4082915787274844319971486649526544521394478597576
-1.2475699247863351729202482891028855053723553695747 5.1793535026331887350720608754789550218306467119069
1.3995095025436277757740683834631834998447418212325 -6.0672743616586696993460001723077270976646514409183
-1.5716911497573873149157846235168848169203743986803 7.1469028267354652665644537304595057369476171565475
1.7876649932156683642917967008576789470364267731105 -8.5326766508828441376200922013304725662273583781989
-2.0942512470078994305506719413290541860835263489111 10.423054772207080474285962943697774731082329485117
2.6007159343621302251610298877840612325517370859933 -13.208747399993277415676103693711822964249608113444
-3.6204990588424614412873703541883337066764494599670 17.795518651916256968707811147599655805538724871843
6.4042246604069991640818617952195420246776646977334 -26.893810208407192355718066165554056885133179663471
-20.933763588683669948030483550657015352107901442778 54.044077910811690526587389183725121543459176358844
31.985730898625322321921118600717968875412875252098 0.0
-18.735774531667196778541815118633565319862394156858 -54.088995121363738418690178907817519202173414388316
5.2679257324608592892306957224351329673893804294742 26.913320638667240520379242178634542596412203195812
-2.8195684218404664452717298083005368878551644997985 -17.770022750354138185423090305706660713237996608246
1.9511819261950542133020029508101310784418011473303 13.114074693505859978082631530559133380635137738133
-1.5194338363790470346989179720556141828208776962412 -10.227221414169483420787395805061965892952713861027
1.2450689121070588385375027771446149069854998437214 8.1904074600724467263784145908063564557541877035208
-1.0309073961948554491667765114614884677759669636309 -6.5891841138589305528584947086878149642083672600226
0.83105651468541930517369213886536719908526782051786 5.1779832287711691488439540707549078505413044186480
-0.60882748546021878425142496840577823551307394369380 -3.7265343820337372843036392093440221588194108425853
0.24360635323673406789516785164297108929854087240499 1.4793905435317354348690808363286644050901256382994
0.0 0.0
0.0 0.0
0.0 0.0
0.0 0.0
0.0 0.0
0.0 0.0
0.0 0.0
0.0 0.0
0.0 0.0
0.0 0.0
0.0 0.0
0.0 0.0
0.0 0.0
0.0 0.0
0.0 0.0
0.0 0.0
0.0 0.0
0.0 0.0
0.0 0.0
0.0 0.0
0.0 0.0
0.0 0.0
0.0 0.0
-0.22896596670346207599279855312403553190057079101462 0.81601740525018623779635104450116386131533190943990
0.56899117558077655874924135745562738758351943096736 -2.0402227687946636220954129474140938991836296244191
-0.76527949697287400542918222954063316313462366881783 2.7836539321008891117319202507106324948036007063941
0.92337315065672381270760394102024866416133888499962 -3.4352742594080613838475465429631317442848900032169
-1.0625681832202194074994880140330593407720982796510 4.0765134907545339284891456035255722511531206422479
1.1925406806617241760573584991225635670661899999648 -4.7562597204963323762048400975152952857795944305652
-1.3207944772695436772281037072966480628849723484583 5.5190084179573645936678301767602690862237371370800
1.4557004481300929292897465469093493996965279425281 -6.4175942658166482075423845905295831611187969437955
-1.6094788691661515296220567715688286433366381221498 7.5262904106937185614501221094465882983437009680803
1.8035260789530017137817259966904380323149658513266 -8.9626562469636806116287248473694217404372711393554
-2.0810577276379548199905053779732004533697212007392 10.933351408331765142473070811545929546654949370916
2.5435665368837088422276049205185907226035777390520 -13.847272087324589676348133923829183212157173352427
-3.4830764592203980368116382553171534485838390689462 18.653910466493957200333970111112517842110760876597
6.0670851445740233442432980522416989172501609112372 -28.195775421207658775420743912775033219069546222793
-19.631107198580425269557967501784347225732622243988 56.673763857282011809632666511142615720794299215920
30.101816660377403409398331215640073281255808715823 0.0
-17.761106350295979651459072629742210271330285526962 -56.708720583369693113260573343046190118896174997684
5.0600655363560830429315335955135002270019948459037 28.186193513452175002285442690705280352884856054276
-2.7288724777543790837809072848505644177754076491703 -18.564726469156515173919558388085767230638281673454
1.8859742081031927062806143325710016246166718979353 13.633969994879681259124272093366562257963579276895
-1.4524990039221099670518272009575412673710874682382 -10.534610748802128008554167181662354860866793002780
1.1626394032294807717833464694633907009502291810782 8.2867217739755411781147142720165609445621001941699
-0.91982877589312879808351092006022263575272850553238 -6.4210457588390313678264791200948159445486120222478
0.66725588006616963514611393719602974092809873506568 4.5840142694194953679889473956337122217656834781235
-0.26598121903053134089434924931352560828608773551615 -1.8139010271705308428789988249381969000077442038165
0.0 0.0
0.0 0.0
0.0 0.0
0.0 0.0
0.0 0.0
0.0 0.0
0.0 0.0
0.0 0.0
0.0 0.0
0.0 0.0
0.0 0.0
0.0 0.0
0.0 0.0
0.0 0.0
0.0 0.0
0.0 0.0
0.0 0.0
0.0 0.0
0.0 0.0
0.0 0.0
0.0 0.0
0.0 0.0
0.0 0.0
0.22893024783112191461168158529842703436499848843134 -0.77975389350229941641893763209604724656484549242048
-0.56853181531628228019135472426224789298435499331029 1.9482040506084269508883699744250612581141766019990
0.76344753778566637007515236352884865120752750600156 -2.6536742388360339315086044001359475447222459655412
-0.91870910061207556165140575148945361003805741590502 3.2659407838878089519558340286140239280965714167961
1.0529742002364086440612050649613849401853398425175 -3.8602925779696884092645121215191307392954071373503
-1.1749670536945892943909637077058618096499451937533 4.4796371578975979058655448720602595498665741318301
1.2906444704996248822497675394248283916966668911217 -5.1603633130574885843543820061135075817909059959753
-1.4056862999525300021577809621050393939398915084699 5.9425869033268701218867193408772955892754570320051
1.5272891547665151768563494679653401065899045785101 -6.8787686096949905630128580436821163122251840545652
-1.6666480490139142813506504979220536445021086207723 8.0459628899795683995367066170450145348623923986752
1.8439128984575963074682846118933618942052620095826 -9.5684291399147068093865268799519784579553653148351
-2.1002630838335384830730277372982090262101229837270 11.666250474236780787340063843538284658243777198871
2.5329445965673147559840704692418325249329157087517 -14.776085854851962043153367168191020799109755632793
-3.4226694134945944971578298016730257043492599810260 19.912735053006287480776182932408308682832139260294
5.8945299253691817032190406191996308473503568844043 -30.114580567857079789451407233412368740025774292056
-18.967338933789121742155416433711162589429153342835 60.560051980567752966808337493648267963806486870068
29.257329347865741664997195333427658530092363376611 0.0
-17.412584936995325195374499567087932292150056230878 -60.581625037421860250937677504835297293101137579029
5.0054572150860244679602528722930873915735153342912 30.060953423675993851022304995065751568089071059099
-2.7014967020504778277866594029715086526041097273472 -19.722823228661319469239363458600977025925036046470
1.8492636300466896467351393739109915322935936364447 14.368757305303716142026396992409267288221389461436
-1.3928460566364431418201589011778077531342018741657 -10.922343075634317164354223244312982753488277344430
1.0667829752172543547470641774189641031794178317204 8.2918931824698180444233572016344926805260548651145
-0.76112364883786862403222120573077497229230357368853 -5.8523523746295205605727686124817903583286362436853
0.30150687657843678913203029606017352515712220839595 2.3053025637171713647669306655227542029618316101919
0.0 0.0
0.0 0.0
0.0 0.0
0.0 0.0
0.0 0.0
0.0 0.0
0.0 0.0
0.0 0.0
0.0 0.0
0.0 0.0
0.0 0.0
0.0 0.0
0.0 0.0
0.0 0.0
0.0 0.0
0.0 0.0
0.0 0.0
0.0 0.0
0.0 0.0
0.0 0.0
0.0 0.0
0.0 0.0
0.0 0.0
-0.23360256420567338127217743081866569678280777508414 0.76139093023199861254841643141664180875517607213970
0.57987721771128550915659629760152104258418969638747 -1.9012690646189006575176196746951561713068153242754
-0.77784104930595907612590096156217345116679945183443 2.5862971757882850303239865960161106202630554377945
0.93434176966983697914367230067696417454176962598461 -3.1761173806554370470769866622707368441542708032483
-1.0680155970864548085551062731816235539586596952480 3.7424202453157530525650590045205606573156309378335
1.1871903204661826598900454324877341140197477536680 -4.3244424333996504123620592487074437486090618237663
-1.2970538832181848225090142624742588119759451919491 4.9535909760788864502613430972746360616861890489450
1.4019342848303890776923705839249078284477093568112 -5.6623516260256623034613027528652334014899611934302
-1.5066053220624601286637292750838417865719552967654 6.4906218237728039799741794847186515410368707710985
1.6176733319529792449750345292819771748473021624034 -7.4934202178286069949321421102013512397364292632174
-1.7458818732650954184073031762441103358125680411123 8.7535464826061095091684719613322071406792300531558
1.9109705379476722249702756487114146091893456763563 -10.405939292261658287890568857442802944262861167744
-2.1536800578911618643780727620846213812930640902075 12.690610251830942474654920167004253122535503799101
2.5707497265141202156676640003565144292616240068641 -16.084441031648029296267201009148854848411145229210
-3.4425028478231501766527889215282436115194135213926 21.695999093380940193540328228684318873490746576931
5.8962334298852702860282256208243031199387212405346 -32.843917783506136954663807682170310909167106453494
-18.999640556652880692782137329155777691723293947249 66.103287031405967003723491692840032900093600133608
29.588350991754402568607162258180239191745203604246 0.0
-17.799266092187596131319862924668823352595971320454 -66.104312496247240427217073506206714396138052338613
5.1368826243885968138496285795396653815031359235206 32.714931840235138858881969050306261801059596360154
-2.7520024547659371762681543374175510028459085753123 -21.326162308587484087458208126484630661868868482958
1.8450436886173528474322539458304007030000392951178 15.315809293634822103355935540462259449879028578400
-1.3321383747527194464032392747080060439543987098059 -11.265545560865841209004851897561967941059855426385
0.92305998342935463191986997644534641736676056650361 7.8174253383198133107093097808016509996921964530583
-0.36171437572667979319953817864024816278689877671956 -3.0591084211688917594893969772780354426194805937548
0.0 0.0
0.0 0.0
0.0 0.0
0.0 0.0
0.0 0.0
0.0 0.0
0.0 0.0
0.0 0.0
0.0 0.0
0.0 0.0
0.0 0.0
0.0 0.0
0.0 0.0
0.0 0.0
0.0 0.0
0.0 0.0
0.0 0.0
0.0 0.0
0.0 0.0
0.0 0.0
0.0 0.0
0.0 0.0
0.0 0.0
0.24310088146227092443903222969678420122836354011844 -0.76062709914840262780078505913674096813268191960105
-0.60327050543024025964452934749157446042242431421374 1.8985204624078198905109585156772849606418778884339
0.80862035430933121344454160273467482540967774591761 -2.5798189989855920230330818957394898588602350945126
-0.97011727080748251283455964090134072458214097800540 3.1627038943480121548805003500951234087291769594670
1.1068891965191795700582267814428317390724343567327 -3.7174270350204098468531030970975462120508851301485
-1.2272373778784973074016932441067544451385405373350 4.2812516016150017346227822688600068802246958485821
1.3360172681072471573175283809164286463037070073083 -4.8826456107347042107112507766753200543804668484174
-1.4368760252710058533757185999344177405214736570426 5.5495110899024211755926249791819986438537205734660
1.5333567707930636112212406921407368169791243287630 -6.3143061381374294346567505776164603985685401131888
-1.6298248638793742925410400617150637810287645225208 7.2194398557140381467988787572589492271597648628852
1.7327308087749129180111844361182947285897823176496 -8.3251957494885436518394273419527730899615572006755
-1.8529244759199557437032593524402529444312723787547 9.7235848569352487229909391031961841899578477825227
2.0106796917455326444052979277338949514397969814601 -11.565481797128792277067742566168093846939063447635
-2.2482273766106168674873157734388423561766835513660 14.119870935317818846059320314007322076957181036865
2.6664562838803668434780303627327477095309271213798 -17.921499991528484513490776603848032952459114156203
-3.5591541780459509457828851516632855269264667727886 24.213195858588571689209349365555206238194883180704
6.1132326466380975813314170770713699509858692954290 -36.713849297286439248119090908754104869279298941688
-19.922651077682808116846740074818536795673269818295 73.990306441392174050038291292008898125125502951919
31.489809626753315580246650707098572460228690217396 0.0
-19.208919941525013666185371410947084807340878832380 -73.954651825852719170165556311106430530307900207637
5.5366065127125060901302286227504864121905079671314 36.438351834656994313012559406690721254051470972686
-2.9156663472250051450916027078228713614665545149920 -23.477101126178605263235412778792081725635582701084
1.8800928720955653021051696373035382439440582568318 16.372180815584021696878932063554505287014303327529
-1.2346429868081498890332292159547181036316955610116 -11.060352370915211194149643057633209795521691511796
0.47447894407183013083056548366336724107754556922348 4.2845148401761627772568394397859630473091460206007
0.0 0.0
0.0 0.0
0.0 0.0
0.0 0.0
0.0 0.0
0.0 0.0
0.0 0.0
0.0 0.0
0.0 0.0
0.0 0.0
0.0 0.0
0.0 0.0
0.0 0.0
0.0 0.0
0.0 0.0
0.0 0.0
0.0 0.0
0.0 0.0
0.0 0.0
0.0 0.0
0.0 0.0
0.0 0.0
0.0 0.0
-0.25832662525711002802938090296432340987635271850238 0.77939959240753461915948230823316101139579059526159
0.64091854163128168115039989786697989153891206431500 -1.9446944454879550955653680865813752335889908092246
-0.85864385185509237628074119679539459425804716224615 2.6403469893377412362027455061811871155842264615372
1.0292591551345306366915722838189235928556136592718 -3.2325097685579980836184832981867646358505018005382
-1.1729073379684993010461271926336621195484443821586 3.7921156203281715537833257530925824337990565873962
1.2981666179752001088142345274154042751879010644261 -4.3558935042838573511222789063633092248607925055982
-1.4098471527736017419543566982125983520810655413014 4.9508831899031949982870008536872531717970601154732
1.5112934902055480716927366155424797488531200666704 -5.6024325492010778512391450368721633531415051034684
-1.6054235823969509067366906441658307231758827844626 6.3386992690425627627565958971338586104329907686104
1.6954557284331170102851367613253266666583495185147 -7.1948209855991811867975135909017402625144823770391
-1.7857235366808142157796501566165592918406618865392 8.2184213386971159542764693679563577393862412276191
1.8829690555544683842364189708040999462529757146908 -9.4784398967176442225906268958078463434273773684914
-1.9988466826344313913892658197501207321108322745082 11.081009095674937655583379765849933737095377101159
2.1554631246480280909180653563062956192668867482474 -13.200804578967331885389862070016063828860268187062
-2.3993100681966796385340607724484221543857988039170 16.149617522781071598611608469929241904563035228227
2.8422821585579967859193470374833701204986058638744 -20.547253244643128315279544710235604282329862840923
-3.8124090461660907837209126341119506774228789929927 27.833263551945715941038978612835909422005908121893
6.6437388820692615291324954486314137214615836266446 -42.311549744060057550686502095223050643213217419147
-22.195801182755565595523111023787669834617909519922 85.454192815810081458782387652534142828988345607350
35.885384927456760918124733412958420551349691688212 0.0
-22.311199665927827654311746218028821267989972740667 -85.341052434342053909648733688513564932133603913613
6.3950345276664707881000675057974264416024644406197 41.705110070458783573436380189993913546404432893068
-3.2675406099093090401251242077087486062772155075595 -26.217139663897717833949011309524866341905006660560
1.9366718026201658417540718765769018744350931382107 16.905702686858287897756853006326512321793574719369
-0.71792460343126859658106864221876097241166298739876 -6.4402983994904873493317890148542670497046521091015
0.0 0.0
0.0 0.0
0.0 0.0
0.0 0.0
0.0 0.0
0.0 0.0
0.0 0.0
0.0 0.0
0.0 0.0
0.0 0.0
0.0 0.0
0.0 0.0
0.0 0.0
0.0 0.0
0.0 0.0
0.0 0.0
0.0 0.0
0.0 0.0
0.0 0.0
0.0 0.0
0.0 0.0
0.0 0.0
0.0 0.0
0.28141707185185539571618058087939537306026774641918 -0.82316603548642969949104461177224578770146114533161
-0.69810480401297297860260567009462647427744208075628 2.0533369727387018762366343333950254969851398025050
0.93492665973789773699396583206177210827413195250516 -2.7860369440846589709650682381817192231726374378351
-1.1200474099429746546420559004389729033255979032168 3.4072811614345127131193323213120128984417837881078
1.2752798332134413609560387091273394925210440668920 -3.9911560319619105041767211754968973420000268322718
-1.4098004404373588929473879354169946982966590919430 4.5753300953677859421655780486025587361498058438291
1.5286138580274792737297907880685829302366425081560 -5.1867492007679337927550028081413153141790574774872
-1.6350162826326853241739663011127953338142886798539 5.8497856082805676470218358456513302548300021348595
1.7316507151817861411148987628055702633603355279437 -6.5905010313308933253936915837555160605749375541154
-1.8211588863514788578696208547493007071489948505237 7.4401938133548467534971379949917196366706517409557
1.9067977605868466268086572636845475147883533407065 -8.4396442514151425410394588510956296890402138635527
-1.9932871234740670632277358647365315231951817528859 9.6454052196284211379859014996845778018758044301357
2.0882838007653466656751502351474247222048073794750 -11.140313763778876326451372647806104940310926697607
-2.2053378071710627994785245256302783660392997429311 13.052638900685569289698782495369547277777302458293
2.3705327819825959415497330362959441038470045139405 -15.594019891669311129606921830125261886979348558469
-2.6393396139576567289182366740661985220413751676825 19.142467837746343179172299695334012389055954120287
3.1466024118715123471787386595618327449138547217885 -24.449064837404263179438534678270404426832591913016
-4.2915059878605387245965843970232869986343468176193 33.256276020717785246445438918868856542148238077858
7.7136429426090796303107446708903532909938201327891 -50.766193122871021047073511507163796556211482644628
-26.901154326692579205100930470322856214776139990984 102.89777583966270380116360153954604434406971420475
45.014582186686030712149927567189307151502895734566 0.0
-28.764405014635663029775023977504022848161020433475 -102.58450885428849992581864334797147195772485458905
8.1806275711136084095114538609346187088431904700549 49.244466854061245172845095691080533765868980712952
-3.9310695622561692412230381714790070470065375698774 -28.912011489606628058169926500977129988769210414369
1.3601531449249621446537014289204385155918631566754 10.681474964004964827374424620859316296993989174471
0.0 0.0
0.0 0.0
0.0 0.0
0.0 0.0
0.0 0.0
0.0 0.0
0.0 0.0
0.0 0.0
0.0 0.0
0.0 0.0
0.0 0.0
0.0 0.0
0.0 0.0
0.0 0.0
0.0 0.0
0.0 0.0
0.0 0.0
0.0 0.0
0.0 0.0
0.0 0.0
0.0 0.0
0.0 0.0
0.0 0.0
-0.31709747096467325351719667453100721131767816131442 0.90464692712621162488343694452680464655005231897631
0.78653801571571533721595841353888338132990297033492 -2.2561232232834088430828969665490316575655645487255
-1.0531066172034692409216313525525627202767413857059 3.0596852115639343884185430776185230762320163067341
1.2611295067913434154887539844799708673137874874504 -3.7389899098201907063663446823857857364732573145411
-1.4350890051764707213064976128253884499837091862604 4.3747931092188682015484746092674698741107975878245
1.5852039594971027589548040492286474171463697409237 -5.0076072357442170611476703691017111589006018835770
-1.7169480541073590018746561643150483312441607990707 5.6657953897433240223516620723422171979234697154985
1.8337971665994883640603839795821410142049469684603 -6.3743148601662455699376754137454874493099286428462
-1.9383714492864122796008435014389156687370897072917 7.1590617735385005011805530668153884695790699688562
2.0330873277779340904883377669105931587445001283766 -8.0501950743447405191323125400960837435994048589755
-2.1206988567343835127693340277782970454195673969953 9.0857899133881843707822950313629605004026421731285
2.2049515923573712138374907200800506301767218716955 -10.316882977240818066065479404516968051769835871152
-2.2916123785634682246556669528257544307616723708146 11.815388725004049242742827664042635598325682137846
2.3903698388188382718773114234867212131492662338876 -13.687598111415697311479944598489991556871174698456
-2.5187492779163602748308375690030009398246630207244 16.098926819323323546133518477053615744313759849050
2.7110478189172693974987840790491340911976027067494 -19.323015312320681701597957675608704196025949670401
-3.0412972500010997090839153564670848576541711908758 23.849076357880444119057698658813145250505660612417
3.6921579136650082409818607761376487782350207902605 -30.648806224233298786742243844099605999707408287591
-5.2127440868703051155395287998329236420202289144322 41.973293751124637349791616483245767463756433761310
9.8947219398019986705410004209467374651645878924788 -64.528262643580188819176451590477890590555092979857
-36.912044656857912101030205666193959135026800677380 131.64200580560122694555781301960105935783765243114
65.185125315914284951744402322342105118795297453869 0.0
-43.418787231085813917411753193096849775379939858409 -130.64662966284328906994836350237497303093924769116
12.159554246582202003656932206361000646259632907609 59.498357718710340733439354544187697399804247554388
-3.6381334905028188175672555716688441135451527937745 -20.564357729886184221316871464519071723415524457458
0.0 0.0
0.0 0.0
0.0 0.0
0.0 0.0
0.0 0.0
0.0 0.0
0.0 0.0
0.0 0.0
0.0 0.0
0.0 0.0
0.0 0.0
0.0 0.0
0.0 0.0
0.0 0.0
0.0 0.0
0.0 0.0
0.0 0.0
0.0 0.0
0.0 0.0
0.0 0.0
0.0 0.0
0.0 0.0
0.0 0.0
0.37721948202736334129422278366225486842664882330533 -1.0563491801283556707774645633214437028365298888892
-0.93560550126944848679568722144502170472916122161513 2.6340754951861247668491906642577902362422003746274
1.2524985985378643241904937740356549329913235883552 -3.5710163558536506042253192746501732285136557529469
-1.4995217235816210638917536548099377588509759708552 4.3614096640256873993158591933348582719419771771281
1.7057266838471716005134212400467737659139923849372 -5.0990181031181086569669898579506468559285275315959
-1.8831801428610962087706375492298960556794854324600 5.8304430334191277784303586326852830982574927149896
2.0382732432693081586090288611404230911140149240660 -6.5878201919907751034376033903707302134127464889961
-2.1749707581329596800065229473169425936540056833781 7.3988726510151468862326935905162141516565287886325
2.2961390377678802542759398053950204625045813680034 -8.2917383708979173062402117564653959136452901596875
-2.4042691828375399663222198841143590402556317769236 9.2984473295413653259036050858346622797526730891550
2.5020267609170781282023200677437420104778421405634 -10.458495410880489094747809256724747104390587982405
-2.5928513609511886219869432543661477852944263695725 11.823501868692394793440064864964595481833108372755
2.6818248244293977174396545729020862752939030688822 -13.464150985719951152356043819336166587291721327616
-2.7771691792830078941165554806253582035567130796128 15.481424304051439009689323086214613153890411918418
2.8931376499291483702882052095368924192272253270143 -18.025992173986137743816695791311564572075321965971
-3.0561339645427696588413139388536644045843181986535 21.333944475065270273383221117990402461776327734530
3.3189834105929911874113629827651137272013481914825 -25.797801946944047999495720637920272610885750427581
-3.7983607334817094211101940329119309154118009373974 32.121742538634602758409882749594759120449858602799
4.7894003125484663811494954865432913276329760971748 -41.706943885095683745793576995291167813888352595333
-7.2036889100584834744824801280131774622055587161717 57.798858773943813581293560457342151320801200834908
14.957967462695238733799195382221460860606467494780 -90.041641245446789082431309298369059568201992989585
-61.865844243217313991867371335074196423056205251707 186.15361130667466790969728189641795195729849375032
119.95822267069662699520945145336266807878109720485 0.0
-85.303461764936274423779876023917256958374408718149 -181.42508132469143563471771484322905291285057451385
16.846733061215725706969762094738735632313052390695 51.274483601070485371409404253116964724675031447017
0.0 0.0
0.0 0.0
0.0 0.0
0.0 0.0
0.0 0.0
0.0 0.0
0.0 0.0
0.0 0.0
0.0 0.0
0.0 0.0
0.0 0.0
0.0 0.0
0.0 0.0
0.0 0.0
0.0 0.0
0.0 0.0
0.0 0.0
0.0 0.0
0.0 0.0
0.0 0.0
0.0 0.0
0.0 0.0
0.0 0.0
-0.50305447772556750268037936755283426315054866877297 1.3920174046707317526246693341525894871828292815161
1.2476623129937963038232422347600536156060708036627 -3.4707737169453678678238244100688699306145403570683
-1.6700964286892178964653891299055330774176843553271 4.7043181691315407523674330373173418887592049055462
1.9991782607004603953949930348393627377140076148881 -5.7435633991199407281314671612635592557680707458483
-2.2735954202878831991637580348743607701748057696989 6.7116357815129944012462636832001101682019766189800
2.5093719580951609247733480542865295517539940340217 -7.6693825214165846622177906737879323185363394621327
-2.7149410387730722743982515782954538779559846954934 8.6583724257710134499766371697905169171732293086365
2.8954644560490220433106091682510845580337968715772 -9.7140245674346038070905425032983048496486908450629
-3.0545823030154155107115441764664081276137040741014 10.871786769238065306081279277051565376205619646430
3.1953417488967753889966049176217613973525336493856 -12.171421516800549154391452622282830488396659729029
-3.3208674685273923690225117407298875400567058107446 13.661218471810955690564808637912940304880747126143
3.4350457253629179511279563696177966770040219751086 -15.403266553161475859162141171375814437151808487015
-3.5434582627053087172392551369960103852504897334185 17.481032869177646210578656331011094270219182429914
3.6549192350502121669108919048600383174400435954542 -20.011186256647230636404701564644210364988889100736
-3.7843151288272123433506078987856068049497257027517 23.163179680307810443607133031204808208823738769250
3.9583328450684680840229689085122637701320039366628 -27.193547163805194460690977120475836345661283243360
-4.2280364860722629925173905009929810704984505938158 32.509776048958527212794316324740836032343825775504
4.6992797244498089015600715186114658429536009904674 -39.798354439853210060997064307336283658614457062912
-5.6156202823969374474954308019992041981250207434269 50.306639059393004277925023209949367171600442296585
7.6233259635863897865053299025902972514551247071804 -66.545958923467325720304939780180618217489992374295
-12.833679710460977356906373630549044470499437799564 94.388432808556804627253740965798766994720176942726
30.934664809227438423956642087047394888921611912556 -151.36753497729229414930703367278951691374580040726
-152.30745482649604994683165216925591804801843298323 323.93049246228859221673961352269294581256159571101
367.64311081222367229600793391072320857579061001030 0.0
-237.82284157189607851753893064413464859769773415765 -228.70465234822793649868470192785217823006647689121
0.0 0.0
0.0 0.0
0.0 0.0
0.0 0.0
0.0 0.0
0.0 0.0
0.0 0.0
0.0 0.0
0.0 0.0
0.0 0.0
0.0 0.0
0.0 0.0
0.0 0.0
0.0 0.0
0.0 0.0
0.0 0.0
0.0 0.0
0.0 0.0
0.0 0.0
0.0 0.0
0.0 0.0
0.0 0.0
0.0 0.0
0.92428163475799214293430169038141982061594148869088 -2.5446009571203412444903051751080152538104582506325
-2.2923430314558945190757495312003714531374957922445 6.3443178551653478707942227605429989752792123843110
3.0683708309967546972026430783969115050196208731280 -8.5983721163422432133082472927135058317081442060885
-3.6727486292880813020010785404300875630554715769946 10.496342271896491364959980238296498851376833941723
4.1765177578275172848634117571955004401960905482455 -12.262975636206294658045772224638659805837296416783
-4.6090700820456074026132429596761160494508882616394 14.009075331829463096944639252003147978761892206668
4.9858346972684001040540968231629654008761501111359 -15.810042867781337636564663390883128130662227000236
-5.3162048149952399526253688406549608369929567255064 17.729790025999026658132388490932257533267058039093
5.6067376691295342973842810820791175161281444714007 -19.831899791515906985157496165777678479105019491117
-5.8628364070460232242065698342477395512339361510110 22.187247427864325097683177299342103924950559489960
6.0899391865129155071924950388985212388974680306398 -24.881346407373690648263886140080474206728936556318
-6.2946984798443805776632878669254412304008906052033 28.023376509787333750588512077951497609985042595564
6.4865490181561973124760643136976801594121247038948 -31.758951177479235510148428781882314326507399914580
-6.6802337191276284087667662506011365148366856816443 36.289707662940121482895662296021694296049902543771
6.9003820471167638771261448233400002302703521379497 -41.905146608965172278110248633739659520104690056419
-7.1905540485902535648886137121771095968242926829970 49.037121576489620535521748565387045463893879260667
7.6325949308277155008842014432241565241439827765017 -58.358339489727618236351720948312060910777493309710
-8.3918676385458725047075187233237461189164811419520 70.972111381629167607956975927790411080049657247941
9.8347826681776111853909727738310436558614306384789 -88.807465153469996062452408049737099007966538303009
-12.878307187044439909530282026009732066824217922478 115.52764840271910817117062826954974393661700738156
20.235771186823446335523206748048111771985140901528 -158.91437233805923340769890332299826082519906979502
-42.179154780731897614247382379611250141712110857201 238.41544844890505283155679268003010103114417864444
137.07608174514674326150208205095069274798049185103 -417.20286538649053413337556588103897698652189260274
-1083.7897676703029885491516403354087298447085623498 1042.2369878154475663139763732659471715905257587777
3737.6695057862491868345289547999443231050744281406 0.0
-3052.3096719004278837638600029332367747086751113221 -1042.2732400761122655553353043715636554539567229639
363.10142057166764989441732008419223614464839755704 417.25180588007856914865645251755626038013634518252
-98.705883490496806013967327474349364507981748635134 -238.47479215357215604558596727201464016889520058260
38.837946691089274434877598779041882126907003667847 158.98299773502387715427755263419697337387533682206
-19.119411695394068247614306874394909729580021612982 -115.60490066730557499018371803032351754626513707796
11.060972794002463072962482296894609001164158405205 88.892897652042203132586720074853326058834957321758
-7.2724175933565076680351371010139927089524507989520 -71.065352640917579628811286825150469377816392289724
5.3069409553056995479969381832044006176624234548075 58.459010406922861011788454939225522731089858265084
-4.2083506938501626015594951492902977280014026521759 -49.144777903219027604800936565576268365959208028993
3.5549822210043956542247281343750172100912846490521 42.019236836237630875223620382580312451882114164137
-3.1428797957881814795636134624032776359587718701071 -36.409541913924850676350771220864695291928915561414
2.8658712828894269793171201827765557117429163141576 31.883678896148775933460308430578976380688596475351
-2.6652407476634332553980135589070422431726218688093 -28.151971571222172386357110448848605903777712065226
2.5067845800064127471524081946349890066506692939889 25.012598463663613325021092319124035978950558854796
-2.3696052340017506573311856519668903359124765569048 -22.319758088796035597775427091230811899170890705322
2.2402953372236983976335478328147049741278048241216 19.964081654993190194377394274620975490520397418496
-2.1097308368131809030864860231060037346312641847526 -17.859865469287576441517469581097123091923788828427
1.9711595614564495632794958303281695350357598575082 15.936037429530857141133219653614070100791372059977
-1.8188956120461292748566808755981234089824326382888 -14.128796256152900243956185859432937388065785116278
1.6471564080469163150875133341055735284971185425605 12.373956344487984102448332631085290946265831641511
-1.4484924711361451175143018519057670748025705098868 -10.595707237128568856949824843808373368436813806186
1.2104632355594142359037605440363764676307476755128 8.6824893407047884852850514113644116954701915956367
-0.90458045742501654993613036790201536398602061619412 -6.4076916911562410912797050236974459536737919085290
0.36478383182547931517761638828106733917919326505400 2.5702451420234613415776838158847142829366718428655
0.0 0.0
0.0 0.0
0.0 0.0
0.0 0.0
0.0 0.0
0.0 0.0
0.0 0.0
0.0 0.0
0.0 0.0
0.0 0.0
0.0 0.0
0.0 0.0
0.0 0.0
0.0 0.0
0.0 0.0
0.0 0.0
0.0 0.0
0.0 0.0
0.0 0.0
0.0 0.0
0.0 0.0
0.0 0.0
0.0 0.0
-1926.8641942591952514066656167242074765540049538370 657.96698330636944581293034506640175731782698711787
2919.0310969249898443765680060771401863446552436829 0.0
-1150.7342248242259357139681477165366808822499604617 -932.03426032072005995264225479760369042342257200680
208.73037294817316385001083926810970254512234274035 435.58200412257540224070423241407342151826246431125
-71.689023818113148806416970430057508984451729192452 -271.66606079725664026148657093865085145096312149452
33.091233362383781889993173923676524072181864733042 191.57600237655359869243074260798526533641690343196
-18.459346430528883492317720988333470109498233088296 -144.86784586162415643878555085515146011686600764690
11.864229339084805212527797362014034244378866545638 114.64745494589079629108804433742899701794729959227
-8.5308310009249837030847509263573518176367242524027 -93.689652358716025462811404679820439329668843714620
6.6998169887108296117727970868979427683236115089285 78.405655329624685062208381262158499555014711754472
-5.6243474506177022044834898474436682733158002029054 -66.820250244569478840454796042375653558407235356802
4.9525220689050445513241815134337962273774504307332 57.760867969590328696950005917873715905137705891531
-4.5045791370024857182048049552523840147620028721908 -50.489201450492752463378649168578029198441459158510
4.1825009879476081646117703693807530237443233968452 44.517455005688390334714052078213523663865072259854
-3.9298126403817742609914159109662912260131423438524 -39.509680826448844287352185615712733477874773635524
3.7123135958562077166430497536247948230109793109970 35.225447409229036836771103386549798284166079103312
-3.5082263372202838756011476732340871731354700963266 -31.485827339376006158627884545564651495268075553777
3.3028324809795354902352422148575203571712273800787 28.151592087098740506708445710817092219393473036032
-3.0853140381909868899981373031187127914900832157398 -25.108035573548042499193479385762612317418364319211
2.8466253126048336646673275118938631280966500863825 22.252831358430024098234353802375717866020998127441
-2.5776282340291039272092212080383659210323992637100 -19.483648490272479246470657257164676394716190985789
2.2666108070852000014945595038057283059567780664557 16.680250974395757225240132273189464463620321132987
-1.8940717456462971008728087241985650517549801989931 -13.666393088150617399240211988118045466377442856815
1.4154117910161695297323771669593067195548441055373 10.084913444675464647161097507007350795834008375207
-0.57077832245735831021124704317235886169637176224448 -4.0450950253239382382521526825539135258232878034001
0.0 0.0
0.0 0.0
0.0 0.0
0.0 0.0
0.0 0.0
0.0 0.0
0.0 0.0
0.0 0.0
0.0 0.0
0.0 0.0
0.0 0.0
0.0 0.0
0.0 0.0
0.0 0.0
0.0 0.0
0.0 0.0
0.0 0.0
0.0 0.0
0.0 0.0
0.0 0.0
0.0 0.0
0.0 0.0
0.0 0.0
128.54731505800806853875563661183814635724704481727 -147.71795512268640302843663482437676512520703316667
-645.33850439998395431274663131753008036806528099140 522.69028123917509083114720733142693535697229622598
868.78504959911466804721256726188710183471597435953 0.0
-415.11112488961413182440864480360969085753589294588 -536.42813782725111940372783991016841515569023089853
85.232623497932703148028353085576889550522566670641 259.51526603554045233061942890122968150471465274499
-32.373152851017002322718445594892339978216137845480 -166.62554567195968584814491687731658351178719027861
16.331549090854505888435369804076334474759460465416 120.27018379396957871647950727786491955217419022303
-9.8862631438538140599065254579618291936729019860575 -92.661924317975528520991187614116809829825332858167
6.8430987940817488464907779580384609584747505603971 74.449755890638897155168404004013345907250391830005
-5.2438187717112028344335856420885916121713454475878 -61.596441427905146645738718287287880853806992428457
4.3331547629216703559899167630999763141446013985886 52.072933741125403948172746484900526348658763618156
-3.7775393848701559932716863501037202955080196754048 -44.748115434626298508073086195419492931997947514843
3.4142500012941838648942846299622120372227988360321 38.941561299765312167812974311095000185076220994725
-3.1575445185460596797858615256012803203555813093499 -34.218944705449618945262295220157310066463693861617
2.9593072634957130474635061365690573628971337007337 30.289095301940318587215001040527243564983295194325
-2.7910107679039091580514574925734746912570087226347 -26.948132520753943131307276222837059144597370527862
2.6348124295661017068522522975738213489606509639306 24.047105871923291630891411810446804192940749874022
-2.4788481732307442016972153567631744118397980886309 -21.471993857426081297899630332715418511325314508434
2.3145373331593059004284232443907809514350538237832 19.130278145600516621866345802905066388663549684117
-2.1348234847430505268746803964967811614532160739230 -16.940628671369493873243137595955481234973382277301
1.9326910847336871916310133258809919112475526765775 14.822844794559663983945191316170755206715830116429
-1.6992589040962551962043890666541524860873487260773 -12.683851720301809421235247000546566027976727368960
1.4198445408105196707107161395280881773044713039872 10.388484165218249548051982511217271652430501987296
-1.0609747127287668147843681936844108007335955625694 -7.6643833736253660018525702220966479989102309793567
0.42783938526247970178556786380831726199603628772780 3.0739350833641909749014909053620994442367520922258
0.0 0.0
0.0 0.0
0.0 0.0
0.0 0.0
0.0 0.0
0.0 0.0
0.0 0.0
0.0 0.0
0.0 0.0
0.0 0.0
0.0 0.0
0.0 0.0
0.0 0.0
0.0 0.0
0.0 0.0
0.0 0.0
0.0 0.0
0.0 0.0
0.0 0.0
0.0 0.0
0.0 0.0
0.0 0.0
0.0 0.0
-24.574483041186656246091042967716895936216019396167 59.372294014193166643561116650793494352084609450588
82.319833969795611337029138157327184675579896778017 -171.78639482670967083120761004717540941054894924279
-291.92457794108055292890307497634449849894399517418 377.24008907875462359963684585025363395089181957573
411.70211219330298939010660808888106995451282738656 0.0
-211.14182949017564335359177983235685605377666475339 -380.23378188497729312557515849540013703045512439877
46.187492811765217702495836234110153340148805225520 186.42708175391340569398117466968796085726611879938
-18.691729773167907955632785523241951578940700999805 -121.29960176417030291094355803032027874835659435677
10.056685965514766092783339705028954794010161780807 88.603833154737471198987482472037441487749485320992
-6.4832004085012789041098303095494168240746622338391 -68.974550862058359455771218602571482898576788657461
4.7508278021439613927623825627497819097389228131051 55.910853280577677370650212905021904182053577688391
-3.8165675827404036347785752527587510256641569932909 -46.606508945400387271970849989206516257339487929585
3.2689018754364957030974824193874532087914890531059 39.648602302655760813639799761087012199744342658121
-2.9221736442234657716884317397130266997240298876285 -34.246739149894711628282689036146217024989617903174
2.6839755287442749718830546168962358924333789730475 29.923048908277978780488910750604978364193189315189
-2.5046516812962137661267484226908376820323109859287 -26.370396481776730313845010291202811199427449791605
2.3557572376421934205432627906908106650339501077834 23.380917458542043528318866347688064207275927159862
-2.2200060044400201433907102915881757748259402702309 -20.807038380366976475427798688011630190209532262659
2.0861977031862507853560538018050222757900969484539 18.538615386670735343561340522211981477182585844097
-1.9464352507597926852186204012973095477641611027915 -16.488358480968460140896880206976782064219479149223
1.7943934175729281553133978347948688874885599061282 14.581266104848932413972426164611810615208144513938
-1.6239430242954165973980526471866071645061771710670 -12.744991751229795596850200337665063624163041425794
1.4274803673262471737889245635200193661930372817312 10.897217453526249177559276723609932540198071790242
-1.1925834963332988148323195550035256344034489393132 -8.9201909864316736169589413166125720102348310642667
0.89108027960469798049424332699816287873833560881116 6.5788334113889284029498896056902908489242530114588
-0.35931717181817239191294738488082853510216678924028 -2.6381736579681243037469889991213094843710116159372
0.0 0.0
0.0 0.0
0.0 0.0
0.0 0.0
0.0 0.0
0.0 0.0
0.0 0.0
0.0 0.0
0.0 0.0
0.0 0.0
0.0 0.0
0.0 0.0
0.0 0.0
0.0 0.0
0.0 0.0
0.0 0.0
0.0 0.0
0.0 0.0
0.0 0.0
0.0 0.0
0.0 0.0
0.0 0.0
0.0 0.0
7.5554709182453656749016250866227136594058654504571 -30.928293543335937488531028567750528223734405472186
-22.092020112308620898766710250385336086613242056789 83.717865850591427819422409099887766885534510728645
46.835598180506071142844498679807581223849570676032 -142.60446555470057981353663033978688384683231285272
-164.98262405182437517861717925896883301603810236595 297.10819139914431310324805094732065324982163543814
238.92037101919722308936253822861035306792268959657 0.0
-127.04630382235422593820720823437744282457108309128 -298.14058406305264066282360922189066246039140469453
29.004352947390709082437876809828032439463804305444 147.13534665888358135871404477943564040655505469119
-12.332794502417978892810818246632694664272671469430 -96.420343657729782228814135756173013593084838993071
6.9995017216518333837746202471289409771465130083987 70.914607134470266740996214272584159530328056242241
-4.7533721620829313254408589658327565904068960775117 -55.548879615400569298196008401533860297856032753294
3.6445180669654125716308947073871214462491221914196 45.275568676504762950299050126891559897354907301258
-3.0334173106605115899132033522182512476426757790752 -37.918851430182816453497217346764650764150842950853
2.6645483315347080376714687105254940982416736074820 32.383581736571667332773879436917682160921622072780
-2.4211714739477663758869626198198884197863575271919 -28.056539210854157314624141116359598563994570466353
2.2444241061853991355035657273720834123281838646634 24.565999101115870790255921103200790457337065055482
-2.1022178822488764833277832107563060249538455279861 -21.671838456478599489540362735035550099470668373669
1.9758308420252285476148825737748537728099223889992 19.210071978191892871441895813685896425197449249037
-1.8535617312982720142374144767954591289383777013378 -17.062402105980241260072003733694478020595443449312
1.7274437776924034114620042579157152296427562022339 15.137991614127629669623252138000399176317280915847
-1.5913235894821243326829113937893180360356632677904 -13.361152507757179529015230898492194923249255495545
1.4394498347591983016431092972891019442926722444847 11.661040050526654904837348177168121686334099863162
-1.2648932144219382831161163152612676277167659836636 -9.9592322902776665105202050287479822273128700278051
1.0565301585992152175900406583181049448479959672054 8.1459335167965561003460924098616536378529790478707
-0.78932826711777952054353790312830971255874320148298 -6.0048601534538549487229593449516314193028947475613
0.31827150372321794174801889510859667747950839012783 2.4075111787640789930108914000093470395877104233041
0.0 0.0
0.0 0.0
0.0 0.0
0.0 0.0
0.0 0.0
0.0 0.0
0.0 0.0
0.0 0.0
0.0 0.0
0.0 0.0
0.0 0.0
0.0 0.0
0.0 0.0
0.0 0.0
0.0 0.0
0.0 0.0
0.0 0.0
0.0 0.0
0.0 0.0
0.0 0.0
0.0 0.0
0.0 0.0
0.0 0.0
-3.0951741132940321694904455047749716734176436692691 18.714869558542515869281667063195037839455873563366
8.4859603873544214163015800597564556001804281249819 -49.128007697143140848409289995815698702142194243310
-14.803366631612178943429232588856022755096642877147 76.193352378310916355958323428023924882834137004981
30.032646015348917134911421906101899795887739203272 -121.22109716601897167954266331475825182850981031753
-105.72247392997035071238685198660394530381175203070 248.09978077084473250292111445488030666205633408032
155.46006615348904270333497604305251551882966914380 0.0
-84.486737120247603753554964569585600508782179959919 -248.56039754577903855676374296561501684812072802363
19.964212384591803424969321990218368688546433955901 123.11476858665392604713028156969537904360077483431
-8.8665145353366983477622607886656894179745294393630 -81.020285523861703762619616068043726480979425123081
5.2758520979277255948130567284408505636911908127285 59.839419445107259246416776074975799528017631907209
-3.7448282415282691786069439367872013272957197339710 -47.057009861746311977082352750388301092393387692344
2.9771068203626700705705375839708100697516847697574 38.486954750673674328455029199795846788166606763840
-2.5444127446166088113086718327708143215462788961284 -32.326829430644825798011190049426351426062145442088
2.2743157418739015575009843729763683029413051569960 27.669854287655875794886165590654677953672461336628
-2.0873837943631577978780978744482450643666823255639 -24.007953120994274235787352900329751997713974588341
1.9431753616394976042375423877385549246305601433537 21.032359266503610672153572729327124111592702907001
-1.8193515441826002795212836699689723519980230313087 -18.542455827630109579650420785718314238545318490979
1.7025944621704505726747677823971436568860768388547 16.399607595921805141396852473701895018773324341409
-1.5842350244884731119452696145611491453398303295200 -14.501480314239130745104561374376993891722359823638
1.4578820209772098248126519672944533708295621049293 12.766017423606149853866084083071566789164771522348
-1.3178380905197823620082953039601830195702016620834 -11.119285491348333203771420801665876675160413913717
1.1575069802559012262247643323358449395648060607849 9.4823176337428676253239655128289274659787637041440
-0.96655673635050484687810745275805744438020066532905 -7.7476819286885109713618940421695173619602640502894
0.72199074569777041339950780407322568716902677530066 5.7075647686846582595231074618230481051943659475253
-0.29110054414694690086784091493889581204860585644082 -2.2876935898968057143056592362517898589561852927571
0.0 0.0
0.0 0.0
0.0 0.0
0.0 0.0
0.0 0.0
0.0 0.0
0.0 0.0
0.0 0.0
0.0 0.0
0.0 0.0
0.0 0.0
0.0 0.0
0.0 0.0
0.0 0.0
0.0 0.0
0.0 0.0
0.0 0.0
0.0 0.0
0.0 0.0
0.0 0.0
0.0 0.0
0.0 0.0
0.0 0.0
1.5557535152999203967919406472738500442493003959452 -12.503008603578516474308806594197257615867053358396
-4.1128348749244300419426567472818733904725738253669 32.277281915543619608327383390768207165388405813817
6.4884324181035219117732480754684748589768973927868 -47.782666244260756597622750207394754924989372942295
-10.559797989334635210098875711524890527913608017194 68.527595164312522626008265456961776415106285849219
20.970335136614994026586520749638866435341515087076 -106.37980910918372346298770501561099140109315012836
-73.404966574371394618300895545660951929794935583610 215.95777391180311685103926236482277940599573962271
108.89221983521900672807500821582387418821853481787 0.0
-60.046986911477230454152255527094829619837965483067 -216.20125547079594518475715281269835806367083153064
14.638584364682623952987122042568430537556277768219 107.32274135757770702837914505624303262097420781247
-6.7722522285462678282204835088174014146330579736525 -70.813808455389870816591880451541973192512208500448
4.2065444881480449170671990998370582763340842971185 52.440729881785960921313596284777675300080876758637
-3.1007784757451891770893938584900978566420238877945 -41.340546279827633114647277954973473947657206936930
2.5371270394097392703467986114729900253475382030237 33.882849242870887269952229994008303221173765921461
-2.2109891768563510661703663882228121950845535032577 -28.505513910115343024735808355648154426136166213643
1.9991015083676904506604625394503588767232963311936 24.422701691211140819877132726130667659215910073601
-1.8443238582755247140605988321038686691299614549403 -21.193568471888101915957132225634279419782508561877
1.7172989760374990735638463413825840512172500194028 18.549208881986000366033901238423078058205172314485
-1.6015505285655889162896545762580489894442719818719 -16.313391591948582753740790511346620580815418142661
1.4869350475413340754327501842313922546491890248470 14.362089902112551456099988409712358154987257996027
-1.3663898216217827685376370828491450832065248776863 -12.600325590921815086515170408267011507437515293651
1.2339824873977166740920133720385988183624232524185 10.946383271026188648504088902170459146185456176181
-1.0831953974870611905786623272133848713852682653184 -9.3167858763849477001036256529668330180628176025100
0.90415753885880587863663521236040898525027760988291 7.6020894368303634795395251736148463716243695692189
-0.67523211752317000517822315852019968892029018712479 -5.5956138626350859765085457899616987796171445428775
0.27222392204777622806581660261093933994430561632331 2.2420353938706437810793944235708030043507840481879
0.0 0.0
0.0 0.0
0.0 0.0
0.0 0.0
0.0 0.0
0.0 0.0
0.0 0.0
0.0 0.0
0.0 0.0
0.0 0.0
0.0 0.0
0.0 0.0
0.0 0.0
0.0 0.0
0.0 0.0
0.0 0.0
0.0 0.0
0.0 0.0
0.0 0.0
0.0 0.0
0.0 0.0
0.0 0.0
0.0 0.0
-0.91792716211308762562569709912768938092080773504884 8.9698943490036539245406810040308131987283888065847
2.3721734002358794711000730705403152718106082346522 -22.922992741841466356274965413571267602684547204188
-3.5247353672151004094141760825792513090036607358907 33.036624363051326753799020538848299405320521607513
5.0985061878925615930267901140459169321247039471882 -44.920085320304198931980585115588707438659447429851
-8.0017620107656651026918250542464402736572548242025 62.559433938036096831420548401779064473467727457191
15.565785236374804594652422373779315770017499413544 -95.990666214555065745730313254662672169772526832365
-53.885654894681220015306054486393162822011951538373 194.01716621137139341810832929828108385206765434232
80.312456827863135075399385799425599993732869810479 0.0
-44.756892724377902660496301575797426055369249032046 -194.16217944754348624338948323413141519529060348565
11.246285792257539818871421468728533569606811482900 96.516283125135304947225411523985648517506956205490
-5.4121120049827457066838829630354544210899760180924 -63.790187324685773081662448664192386865200615074724
3.4961852276223724465621434398647269678741016465202 47.318543992020086187849611799266308831897381604708
-2.6611322601084182186653299786056753740267397072299 -37.357575789564990298748341649227850394982532763345
2.2270905802585814885682777846370801477989492005006 30.652352785762982692745339283808777335512967560478
-1.9677491148393165953424730676529597376007851345870 -25.802597835824823236720120877927199651980501226886
1.7911714245177152945728216987847761796942952317764 22.103492169142897419151011582414448982368876854937
-1.6544863212125211814563197037601492732291136512482 -19.158714558495509131483451716552206220427485842432
1.5354209115725677873217497663469902792185428342043 16.725024262211622605481009617647758677470316061627
-1.4211685216253011453476933522503851330549598250818 -14.640740416160763050028211560214421495617203454250
1.3034012670486859176646320095587294553630001909121 12.788560604315440688502144948855680837670591950047
-1.1756125928388787016629302393153952226836798213053 -11.072899090076499493440483526761318869663552876216
1.0311193450884381391512305984436745612470498681252 9.4012319404268950691115743851950806181173788875717
-0.86025096053252674912571643138698871353686626921673 -7.6577792744817419786905961242349192742147699495587
0.64225611761181054766097816273185544317398110858835 5.6306267994408136042417705295785987274037812839637
-0.25889945643642227887956738483632847574436786204272 -2.2550651134643103231957808334255312411747499627205
0.0 0.0
0.0 0.0
0.0 0.0
0.0 0.0
0.0 0.0
0.0 0.0
0.0 0.0
0.0 0.0
0.0 0.0
0.0 0.0
0.0 0.0
0.0 0.0
0.0 0.0
0.0 0.0
0.0 0.0
0.0 0.0
0.0 0.0
0.0 0.0
0.0 0.0
0.0 0.0
0.0 0.0
0.0 0.0
0.0 0.0
0.61689005004500882544948002206109710604383513448266 -6.7953991120730275835601864305803920829323481077520
-1.5708413847867970316920977215531179741961190504259 17.251728845103310362768474109645881747654500581241
2.2468871353707787901676070812074350455236654959790 -24.445094799280642544489596147552828113212679745023
-3.0269943196082168149634969654796919562929981977043 32.204090649920790955301337766873486128699686288563
4.1823979926177030792744518978108769340912873709271 -42.373460614920399214354744971831263022586847060113
-6.3665753075958806269680558041997211658591550919868 58.176383422688203918444233223397290170988288925616
12.098042974739580099792826216807447015327176139221 -88.696769083995110335362141059746488617392817378553
-41.218674823052348214301642912357094780350597020273 178.81285429862628583372633746539881400073879656743
61.550114899328979550895851524974019269924648427463 0.0
-34.583467750681189290895089476907256425728455540688 -178.90674273411667421746904685594818551173186874869
8.9589956536798579981802857684628681199152225448213 89.011464649284977067079507708758865373840566330283
-4.4801821420757861932778119582015452812516617804765 -58.891321049679914302952206290372635797742923895815
2.9990786796838684313109659644412203981105680155655 43.727097477835658074308599578371249177910796149670
-2.3448412469513561222767678494318529603068870458402 -34.546891741505651254885601797419097195485452878895
1.9964065982732392921733802018025613150099779680496 28.354062098653928095002293036270877412180132689992
-1.7799345158320664071742773520712902606306091184899 -23.859106679587200919862949650321329380413689492550
1.6245495738954704545953481451615497356821789280085 20.412030453614484666197127628957408692771853438288
-1.4969597792584674750053239979156479803501307171875 -17.645785846503412203564554023676510125232737684525
1.3795690601926825400517768127298842812283863339690 15.332706005540402907040103026314766754853825241969
-1.2618231528882737150864431261205036050564827295412 -13.317726753771999528278528421870652837204070230818
1.1361548637777840387681961637799429949199329230504 11.482191858971896849469225977268373364332670909417
-0.99542226059550490662668699800901421680907308771082 -9.7183464968598182007765040211043436685201308323696
0.82990647681075552615484967720885027200061633472706 7.8989237888442241916961917869628230973603780569809
-0.61936360022429126871276716230821502793706990136309 -5.8002074924371099682273271068619910998833362907886
0.24963315139221741331918258368572810300977731373460 2.3216934657087811379798813536941131791516763529153
0.0 0.0
0.0 0.0
0.0 0.0
0.0 0.0
0.0 0.0
0.0 0.0
0.0 0.0
0.0 0.0
0.0 0.0
0.0 0.0
0.0 0.0
0.0 0.0
0.0 0.0
0.0 0.0
0.0 0.0
0.0 0.0
0.0 0.0
0.0 0.0
0.0 0.0
0.0 0.0
0.0 0.0
0.0 0.0
0.0 0.0
-0.46047770481698290564241219799355098733487207092301 5.3774212699728047670415012742071492318765163248348
1.1612804369463255235139395153564686726994120794805 -13.590065793389598423428266967288291090006312691257
-1.6207248677221445510144894066852526232989501324037 19.037821238970625172751495798542541420308230984456
2.0879717709452914601914632817797407698913731374931 -24.572619383642443218560655408130928317416088910405
-2.6735802560755324092206213777808273516478227630455 31.244005881031721642391808194867634029891676646625
3.5659786320949111735933004918776784533728966146827 -40.445806125238427699284525373183113422467269174283
-5.2684436811199037706573920706846150405249624328674 55.089289220540306131488745138717493447708676687827
9.7493662863775055517244857223466681655353276544210 -83.669632282906156472782371632191561104548556300780
-32.553801638647785170190854514443460450870954142912 168.40690056792549802164828911841160715045050603702
48.606021612722686820225488717017018562804582785896 0.0
-27.497258350964487859804110400867998697722340181843 -168.47094306988585635825551202666568497998911414582
7.3494206904722691070379915256203955552767201732369 83.864533477573771116363908063812440063412148818529
-3.8148652605046611395254498513889980434508761843415 -55.518169978568671506356293425187924162793603186799
2.6364557902332392322307430219154569643290844610000 41.239749941848180690866521069393379944283097640691
-2.1070445866631429907054106389380241310734620427231 -32.583833203040937553218017231349029185305955810797
1.8163679621376455247958764989313735945271967697856 26.729278343731250326400000878276572765849037229332
-1.6272771477189505083002258410170572678470604843815 -22.461095441905300481623705933576624781694655475143
1.4836109189751456602181747843882788692043893005168 19.165152778414081314842352228130277868687379949539
-1.3586887379754291610851018760692733601668796037467 -16.492035409983720698270652666555239816822488656855
1.2379711881342039786985360838228644267060750275924 14.220916733730449806959713378519671798720468692530
-1.1120264788646565503133731746280675060506083890158 -12.194621282707201464896795093740695096651994869286
0.97283212086716227506050457913334753808613342301324 10.280646246240544880316427966220065821121563376460
-0.81033269335669876922630585228835606360295594737894 -8.3331756968599631354493746741689911441979060403636
0.60444600100956523530060296397398300978235199922999 6.1088814126768115304016279204977998801011011434363
-0.24357121351573422137636572072377714360626831310980 -2.4435531007690361051142664963264230003762123682320
0.0 0.0
0.0 0.0
0.0 0.0
0.0 0.0
0.0 0.0
0.0 0.0
0.0 0.0
0.0 0.0
0.0 0.0
0.0 0.0
0.0 0.0
0.0 0.0
0.0 0.0
0.0 0.0
0.0 0.0
0.0 0.0
0.0 0.0
0.0 0.0
0.0 0.0
0.0 0.0
0.0 0.0
0.0 0.0
0.0 0.0
0.37328936751559981419064697900622126801996984192990 -4.4122117543686990042334467227209627560094527727134
-0.93553020743648819393858189329719173414887618031165 11.114598292712983733946196648646291223289914833405
1.2852195567224608142767011809933869499568770272366 -15.444902497524078954616119193936847990520089307318
-1.6096809099736825471093289999078288228927959907805 19.656826743799210189226934280751732696292386226949
1.9671750947113505686802027845494937580186095829102 -24.438065462376198452856492123677133673967451348864
-2.4290112747170256214270098411645273728349154597796 30.522630181299118782220122249703433891512043726195
3.1404089499262410962852544142570265163844721809706 -39.149790980560568686096958368265036711355875554693
-4.5024152879248699570893799433092360855894743914934 53.067991639092497994492982789615326236802534221668
8.0928968132499266094620547807035884153289489721321 -80.406401169200561979357340957690528651527579962817
-26.387661058721153533192877550726290005557789587029 161.67263249411642193272545524148182757896328870799
39.336776008064505766222628388948547133888977612505 0.0
-22.388119938387425539041820672838538887974754694697 -161.71711389386117410183839649665695775680209390647
6.1793306841651141533677842851649950969722319213516 80.525101363414936380110688018135118944038677202395
-3.3243028734716017054094742925117115634585262362549 -53.318295630348311171856709292715546113193722798601
2.3626006405667383384632139289096144080339958455625 39.602667505802599134306630896765340031275311373154
-1.9210777852481074177945900625525771198587734461093 -31.272282576241873048061391133149600563766774818587
1.6694104508509019370468313753432011417674195663263 25.618249347955213141093866318186972337504207173973
-1.4969151102640338576524043700733645424819479220418 -21.471986892700508513776194764049541965731653746956
1.3579605469831256012504992177715730501207378158472 18.239850942350657106320159477834146961305984839688
-1.2304224302475497060722429231659530642954411866238 -15.579450855731836358680450428935613937627796525246
1.1015164422069810763991076518831937400652700505678 13.266745682373294197700090653787837535078457784289
-0.96164295518027532354441204946176535623927371851592 -11.128405353350170040696016121043040587892584081416
0.80001150693689928598411115413159045329993109284202 8.9892938343129472517367701686242220244191630742688
-0.59633286599601852243574794105603547356194236789908 -6.5760651748782145127354507390535498294231546898672
0.24023612703371982456307954791367470680171791383493 2.6281401448349786727990307944508039554534462894014
0.0 0.0
0.0 0.0
0.0 0.0
0.0 0.0
0.0 0.0
0.0 0.0
0.0 0.0
0.0 0.0
0.0 0.0
0.0 0.0
0.0 0.0
0.0 0.0
0.0 0.0
0.0 0.0
0.0 0.0
0.0 0.0
0.0 0.0
0.0 0.0
0.0 0.0
0.0 0.0
0.0 0.0
0.0 0.0
0.0 0.0
-0.32234972560945616991957687383727454699253195855969 3.7343476709634469418420030596605428586995647001364
0.80464337431181153311362443082303304324911822572651 -9.3844911864281295436375827247950598897223098203439
-1.0943934188996439206602936661497506658311950773833 12.964005944176250822530214010479895706894492611151
1.3466665339796302558342644404738150300715393310939 -16.333756066913022950850511033428423191110194004360
-1.5992870388943263612163137409781819879513125048292 19.991686408899086875218143732453745573467562274952
1.8861811133529590015262033177961372399052382105153 -24.383863778306526491369220948589769540423186061897
-2.2611158151648273257021979319629597373683275024303 30.145901660520050128669019687869045642188029896593
2.8409563098544006094148920436762630766117250034749 -38.450455961303104603912991663100668330927510841584
-3.9530444215025701787856468914679477751916787891655 51.962174922310570512538368384666081223150278633921
6.8889963956110532451690862307167125617457482570810 -78.610613431829938380366404916576387309294867616591
-21.867995293334891608046230179401594268767544995970 157.96007414713632012977765331246732773393606873740
32.512116701817716020455315908676406328195748073584 0.0
-18.608966831196164066665756069304114120969795654349 -157.99000628997760244893569327822485528466630798730
5.3077482237546921737394445937179953843661478754150 78.674241378822868024921610634049235689147629385163
-2.9532047161353361350677960964434511702914726350326 -52.085289373271040630198314321983618206094932724535
2.1494098074475211470627922285796903668561889971433 38.664487173413221069132088801722055374526168606351
-1.7700749908353932539131607500051864562576884684932 -30.491722937657960639267913970992000610371146957128
1.5439699750946774242614148444867142057640845482027 24.917900046644885571084247770044937595758741229270
-1.3798888689842308103605349220282128807492348767016 -20.796740842527567865677773023134547867049264749874
1.2397671997890373659525874182787732529187755377371 17.540529878990695245458102555566755300069729880308
-1.1043943650489690344656524699212112308321737708243 -14.801403498045835641376031384844018525988302809691
0.96130202163917357471460450900148365672796186643566 12.335618967703551268896349517073661243325446170114
-0.79832482057683972584171944348866555913420856200495 -9.9207547578233882033594670033658362746253315993619
0.59450270156381034345017681045899429325398510969691 7.2382194062881477866087167588943883393751178171769
-0.23940855333401885682240903685735175254884621028182 -2.8895974921864549999076643171915569560234745292063
0.0 0.0
0.0 0.0
0.0 0.0
0.0 0.0
0.0 0.0
0.0 0.0
0.0 0.0
0.0 0.0
0.0 0.0
0.0 0.0
0.0 0.0
0.0 0.0
0.0 0.0
0.0 0.0
0.0 0.0
0.0 0.0
0.0 0.0
0.0 0.0
0.0 0.0
0.0 0.0
0.0 0.0
0.0 0.0
0.0 0.0
0.29197122295336898262850318149236231381277412975279 -3.2482675600752898401807131614409467496596194504688
-0.72696763386531953910801402408440282592262294233332 8.1481563977225163466666254842251459910801968756853
0.98252503351887610424887343557470350896777598267423 -11.206285071926861982875663146207502513439346101090
-1.1957710566179869058611951443517525582454568091645 14.013971941723027504408219699286217393358041394366
1.3954095582564337533407826945496130935251247984137 -16.959106709002087712720338795255813736014792954203
-1.6012545282555946864928492394072302623381432107712 20.343980008544548373050465423266856187666297320890
1.8377148097799325336134607389527756475067588965381 -24.542331891134224952506886034223854342764950381991
-2.1479314438225068980053807152182117674678727572947 30.153146803804447987385967655714302933481250907673
2.6284984059270453027249293855502235457494629148382 -38.323971556632508109343878797666877468278735820603
-3.5519421820063661600969885367107227094484885764974 51.691820378628702836304147416082184575679580948012
5.9953786672768358692534036865952048253538510484267 -78.127955853158987370692276313047924941463495189445
-18.484431421239566992698923587180624235499806480959 156.93270147661290470394261207151056141711157035612
27.388303425442025297189993439363746591099815158720 0.0
-15.764091164923001764859695256385784015465204230931 -156.95014421472223091704482032834630769986732545238
4.6473925417094483103312316114150619492530310498070 78.145181844559290383945006540811286986174122398382
-2.6667677727972184508909133715453932671977679953851 -51.708683001752674775830169120453335066993284167900
1.9787365857515147139073267762610898636571038618144 38.340320634089357083475496633383262706247000200971
-1.6426903378738113501476651837205402308312924025544 -30.168826333408062607562225068557039977695635486031
1.4317539247479649121998431976799336573237170471423 24.557176624255686158144767172222371717371408913506
-1.2691436403499728707272151195268699960287992618013 -20.357809905327870437473152984424989176264374220635
1.1220186273675051814820632499404151002150701291289 16.971717226763199988735459699222549861307018943553
-0.97235879633352973822315254323328534118890564495049 -14.025115207136311576363446199144200222918248096284
0.80545436721651112167824349946553947326958787001846 11.215627330716826566787596053654439753902145450811
-0.59898797766413395591838065438201811761236281867540 -8.1551513529308738099274422751387323599124685342372
0.24108611177207310818863527529718864174429687591661 3.2510905975516831817299827456565278057468152002713
0.0 0.0
0.0 0.0
0.0 0.0
0.0 0.0
0.0 0.0
0.0 0.0
0.0 0.0
0.0 0.0
0.0 0.0
0.0 0.0
0.0 0.0
0.0 0.0
0.0 0.0
0.0 0.0
0.0 0.0
0.0 0.0
0.0 0.0
0.0 0.0
0.0 0.0
0.0 0.0
0.0 0.0
0.0 0.0
0.0 0.0
-0.27419858750488688741347242479735886839724469569161 2.8962602523146009312019254079128424233101199528938
0.68161997237426588034256984081027214359306729404312 -7.2549860809572741182780998325859176537009634854692
-0.91757841616037835182933166706936042303917560340855 9.9439817557866078452025576365845831890989280464773
1.1090879076137621739697434962640067813067598587056 -12.364975517728845776494805312452860390264743954879
-1.2804099499151163980176099183294823321023703335781 14.837392705270358604314689906160794235567106851137
1.4453364878210505571294851404639125782540184956874 -17.584299874602957873508709125666323425645337263070
-1.6172155876830014536428362426289339966000039979578 20.850197691107135534098533669291498686535249610508
1.8152533109019016305042280993382092244129303350769 -24.984069069534192181018665297648017415355046152890
-2.0752895732791626486527847652030018399964348454855 30.575547199011722412945010748276538211466018497700
2.4788633024088404953284405222733094485932656800576 -38.774669808637600840381646075469147798847058793753
-3.2570255615085543148416421462266823283138253787898 52.239238834083873800896083806324627421808545768182
5.3240184123400531990021267408459798735055144636701 -78.915406688495028844926112929100367865103590368966
-15.918947056931731519036323995513788538920883535845 158.49191749736794191700528661706163009450914005108
23.498904752185507999784732098636257439760833901083 0.0
-13.603420860629996451508510468997865337440058430217 -158.49682888443944558710998426509098870418787054959
4.1425457876825207435440693825308849428368893312540 78.886073523233587360117592186811996127943985672305
-2.4423488837002077642064989901151447379179985144531 -52.149489017166545648959318817127343583582614606240
1.8383223325721245495111768721806429446162494198817 38.592665348167609952616869460303649103268957247615
-1.5307175917799460485668519809825530793895537782050 -30.259963128593958292493917132882259280006934617165
1.3260768170078338833364651750559141424879841352994 24.477956926599866686293976204751418961536995889530
-1.1580676003224934484929593616542058332482592048256 -20.070110080176113894594096823149328695097028877980
0.99677193811494786024449013667827664366032537042419 16.398675397412124063443349012485796143716721697009
-0.82251294950519380417359497671269589924767220808647 -13.016032863127198912451299682451998053314681272644
0.61043092719761628610501150359035854099009111510659 9.4223864239800484327950480893842346115161285395467
-0.24549988844363580421185676960489309058354044238264 -3.7494670140273526570481450450685891546047604304036
0.0 0.0
0.0 0.0
0.0 0.0
0.0 0.0
0.0 0.0
0.0 0.0
0.0 0.0
0.0 0.0
0.0 0.0
0.0 0.0
0.0 0.0
0.0 0.0
0.0 0.0
0.0 0.0
0.0 0.0
0.0 0.0
0.0 0.0
0.0 0.0
0.0 0.0
0.0 0.0
0.0 0.0
0.0 0.0
0.0 0.0
0.26482675049529066257358664591758075660061365210497 -2.6424309553390459399956777600953417197747563175721
-0.65764900681102737638757316140119006334670270785549 6.6118934241125864494818683101004007361617767088803
0.88307956519498570746575071735077429820560150451664 -9.0384940554604523461383238446470105601524253870516
-1.0627982343002892537749081448725524320039860225087 11.189743878528677802547200408648502900185723264906
1.2188337869648349565288749051119753555909953261016 -13.340557888534129117537844571018164493237683918230
-1.3621865410016298802281852095056582286290781242207 15.667128731539263364111958262654147475901718192166
1.5015237884990842604176622844216863417357067847584 -18.343874693343224134953839460315493556251504544333
-1.6469679597088726254891376991857451155198475208694 21.596275456247451824299167599565019474332502515066
1.8143886643374197648751480847460540291002014580034 -25.768943512916535590262209776882339278076005881348
-2.0343322260310749930792648793720568845939822656720 31.459392151517313671080478235424820571792766240810
2.3769878813310829152363014919742263047977716836475 -39.843831036588568489432808382090809587930041652765
-3.0418574406126923775489277912150148061286321333170 53.648846001398937353677058459324321284377550958355
4.8191542301537852954762414416966039745993493909833 -81.033327887087067791028345629249656830136689518243
-13.968964144565645884218564779689981397351453579157 162.75586430776321632451973175147746077211109377428
20.546198175164085237139132553444122746148283735389 0.0
-11.966988645151385856616946586792845850399039443752 -162.74608803239510662995549498225988356266432894511
3.7572947501830293054285617630810145305435701050395 80.948397507818637936501453660358075332616950423310
-2.2649550571436861559368669547812268064263556095387 -53.430695448622038589290319538289561641916107804535
1.7194915925068715685329403626269382218512565410005 39.420711709643018269142789797527011861308640406438
-1.4275856513713345319453583077982778013465072180660 -30.736152006662733248563356233617520421421098586425
1.2205379206930132625628395751430104170639026675937 24.610591194577518813798175334136520570329691336891
-1.0388135028855687625016026998637368492722044415336 -19.796618482891888584341962976258311614037828282552
0.85200375013318476866804059906564508747995056672009 15.555339223703381306005679335002936983123968102839
-0.63033128120768584442287517051668767361436903594510 -11.194349252801022911647306382475915142737996280295
0.25320112736425867397873100953407717789463441833537 4.4439180036320729518507287759306731099315230485780
0.0 0.0
0.0 0.0
0.0 0.0
0.0 0.0
0.0 0.0
0.0 0.0
0.0 0.0
0.0 0.0
0.0 0.0
0.0 0.0
0.0 0.0
0.0 0.0
0.0 0.0
0.0 0.0
0.0 0.0
0.0 0.0
0.0 0.0
0.0 0.0
0.0 0.0
0.0 0.0
0.0 0.0
0.0 0.0
0.0 0.0
-0.26162152150964867769323169491583237390882577341264 2.4642623957479801081578729866721349787662087950380
0.64926143719699284685632631628753564753941162288881 -6.1607199985345733387260656286427063681170694778698
-0.87041008954073782548459346001659581860314624437136 8.4040974367006330971903294665068027926377827007096
1.0446881060120355515757959674939883163729495914866 -10.368541370177445904784509965059146506479681691479
-1.1930809618235399414100137142901377804320752376746 12.299513807997761568101150323556963413871439146400
1.3252533241594419245583332062421115467058512579156 -14.344152660175944089549897696518245200479372179275
-1.4477287003257378139819247522539985120012945510912 16.636198247611353749313503948242793323999934967105
1.5667698525759440413572516003170971231834376728653 -19.334322049374028383952969627517828367155279584630
-1.6905887773704775056011956491928685051129672964726 22.661473010280532015836376410925451342341501796424
1.8327558554207778056544876613890411610554290377869 -26.970439039230795700884201429968774282963719769136
-2.0199202807690766127182709630883523108594453826016 32.881291057943442145696682809648990754170599362614
2.3137538743828513851654933452676082997871920849424 -41.620777335498927733211905435005472818868086013988
-2.8900096738466658704098282269786104951356253980916 56.037348141562089974044496754222176779249197765208
4.4456576448695105182985097975418846456493060940056 -84.658201455510116565973241774156615277410778616494
-12.506549561228805758530072245631797038645964640372 170.08389296817180366663082214453872661155308876998
18.343589942247541900635051229402579058377735403369 0.0
-10.755547942729283705802260498045132906383048374385 -170.05427572528841162511567164124035266264077068402
3.4693086984081682765833300665115392136760538062090 84.495986005939864419487095151903855418823131327727
-2.1247880103286241276319392145861446238081644418645 -55.638091758823824632903221295778644041640044480574
1.6157384774354314380915803895133211661826910966780 40.851789168461652842117624636811144651061210037312
-1.3271272195286364542408161682874276568069241948135 -31.559635607321814997980479898295132541793968695853
1.1073465720457292375446166277439294224743505026612 24.822133386673346857231142690308801398034927911189
-0.89894715765493669616788962136847955707626969695876 -19.231874150651078388379000310318844673821450893025
0.66165258402911289301098822924617320169150820497108 13.728929965234770776011381933194976539205904803827
-0.26527413622548413828748672528597414752724288627840 -5.4324257545232083273793825299073986511853272380373
0.0 0.0
0.0 0.0
0.0 0.0
0.0 0.0
0.0 0.0
0.0 0.0
0.0 0.0
0.0 0.0
0.0 0.0
0.0 0.0
0.0 0.0
0.0 0.0
0.0 0.0
0.0 0.0
0.0 0.0
0.0 0.0
0.0 0.0
0.0 0.0
0.0 0.0
0.0 0.0
0.0 0.0
0.0 0.0
0.0 0.0
0.26349335283744080190182646579791142533453963926559 -2.3480845244777372074882242550249425600519454799403
-0.65362624129367471982076563296467938687871689879868 5.8662016072099660792721403110084817377791017014172
0.87534454620942174292708673241822896943645694242214 -7.9889948676821089388028974224657240668423932731886
-1.0487625898353147723944767626081396737215737559332 9.8295425395035403830708297422734282150877974744982
1.1945624860911829927916469403195621705090779752948 -11.614168000707050709079232168495345263273757644326
-1.3218143210667106575870525051165601218397430157486 13.471659030976388942482234622136685627068478846126
1.4360277516745275432818720374459956606650524419618 -15.511089855537118375688660488063320163428506201515
-1.5416939115463717495571241907168293397297675170675 17.852594614527070267571979502317235220795901349139
1.6437427396586896620869495703218454812980187320070 -20.653187442822688039339288175313182365101932546012
-1.7491587638818902455066456222073472049191148215272 24.143411583987737705739897144438287553090647079675
1.8699040824875804891952605537539569089936081488239 -28.694961755816043570114834902902430400196273676197
-2.0298152965070683266835991950184503732365261893969 34.966069774537151696575793950944861988751103268602
2.2843834451750520638988238520362211106971202730907 -44.262583696027027926309885168828259323067361256103
-2.7921794204651477389242425978119094872735429932338 59.619135903672567372869642701302872414270699656871
4.1830669676917376845327690265879157425170849344578 -90.121374610294141293711267149220951372867766233578
-11.457753181515507060045130214071837575158163584786 181.15673223686179234090270517960490054223812501210
16.787508663025889036001205415166658142862656126724 0.0
-9.9170025951736963287643367397641651008885066494020 -181.09674181215962583330941198996537927689174506042
3.2671064681313290488138732303954693181333963316284 89.837269236822041835993112141421289036374080015120
-2.0160659520476450748198655401271867007491573794425 -58.928853485396454633091227577880382420191214990586
1.5216958606800946701229411102264522154047205869561 42.924267272671468049641023659132109477409005021287
-1.2219429276037681618083787943863424037619632713055 -32.624388481319719284012473056763996966065766727947
0.97367477030726140358626091059185684513986616464755 24.765082470122997359498068959411516831192107189397
-0.71026088204916187561426688927479305837558954693852 -17.477988256972277933180317721976182590596681082854
0.28383301017732005584564808319407534042567233673787 6.8845950076118355781925261164116993635975376419385
0.0 0.0
0.0 0.0
0.0 0.0
0.0 0.0
0.0 0.0
0.0 0.0
0.0 0.0
0.0 0.0
0.0 0.0
0.0 0.0
0.0 0.0
0.0 0.0
0.0 0.0
0.0 0.0
0.0 0.0
0.0 0.0
0.0 0.0
0.0 0.0
0.0 0.0
0.0 0.0
0.0 0.0
0.0 0.0
0.0 0.0
-0.27013054699723999753460224239688435636208632394163 2.2867823441417451604964386924673610828435062928432
0.66990108379019508931453803412762289230606736487811 -5.7098814905604582318840808992049556624529842838728
-0.89652315893291753022714198087382834908079643209871 7.7657599079812330098446284690583403454590465556616
1.0729037412006974836466997618020724240491551106955 -9.5341634087036004761350714839045391030383127185696
-1.2199679591749899803104036211014302261876511570910 11.230046199365645801136412244253931617224391117759
1.3466269574172626901700974829418954062485034651210 -12.970883067234078671522777701734951592158839668876
-1.4579405843951961123930840834941186846025013200339 14.850580888219014357694765830082356712970739732090
1.5575596434785116050614757616016610546769249148220 -16.966176916490819580782851106033947978637518822555
-1.6488960181039149989456278294615535414025536460211 19.436772064127799138306202571888582525796632427139
1.7360810005816254214578148099474194847702860060554 -22.426538647230213312328567985217992382145950032953
-1.8253057951039999167978816106582624076358399502774 26.182474770216132311939631582094800659579146681547
1.9274626183328649276183609092290384499297050296444 -31.107030345144914327158777922193581548055542583385
-2.0645194637517640912648707518090124375556403018186 37.915928357187593377558611503963849482499596055449
2.2879131873300458533023197678846873489227591830493 -48.031113162154737552572630095598879752530642220539
-2.7451204113937132946342026779157961787834673584609 64.757882152391301927045006615396709942517751437882
4.0233899394878058632746757857720322777735058012722 -97.990789974782506447402577333121878442775581495576
-10.795995264147810130987657085315971729831409987905 197.14823589016415967173866909945577031996650033002
15.851566698113810549908680915138077528326734184220 0.0
-9.4459574145285557376864165648679673752508960229702 -197.03610056253408573466491530398715564675107726347
3.1504478451981006377678787467207453226621324977916 97.491596916938309488400108043148429182017485280351
-1.9369037127329398973119750904792615092941882997256 -63.541677243349044039519125590801652933451175486489
1.4319112361630697961475206554224334064580968346835 45.627725533301571735457609660052760255892245662722
-1.0995046633463693953108257525325660139346764535106 -33.558352170724340315075225710712287308651370084829
0.78860611296660924991111819525783520091216802853346 23.285579280737570471840406301796133957484307602114
-0.31325705382555564788559711558925550682653694079621 -9.1118731748582182720847341263503038913000007055353
0.0 0.0
0.0 0.0
0.0 0.0
0.0 0.0
0.0 0.0
0.0 0.0
0.0 0.0
0.0 0.0
0.0 0.0
0.0 0.0
0.0 0.0
0.0 0.0
0.0 0.0
0.0 0.0
0.0 0.0
0.0 0.0
0.0 0.0
0.0 0.0
0.0 0.0
0.0 0.0
0.0 0.0
0.0 0.0
0.0 0.0
0.28190369380137001569304740063681960604080690354424 -2.2790787228925674793635374556735728432968676504292
-0.69896567206119739372290711179247883570003202878500 5.6881259870361053328066102024001677124555051511090
0.93499247105272772654433743081625043298577573420865 -7.7279660945740771478656797768670063903091880950498
-1.1180921446697242421710112093387587741939553508868 9.4714191437259200888300492958584694717330476273765
1.2699237050352383813310286432726243692497777030934 -11.128636801763662868859702956686107664329212421335
-1.3995487685145260752157951639437057650712898719083 12.810933101282844560883973872941666413097716179211
1.5119015654330643411452455677659325262317341650224 -14.603237876327453380309972292513284437817153511284
-1.6102568400548710655086378562396390253723741435664 16.588709952306725019544134863270831447455259988512
1.6973012129597903474417332209228762933370480993676 -18.864021564476678103184050835097265062543178828119
-1.7758336339255905045634125064434872599863935622898 21.555423515603278235030209530205679908075338656528
1.8495153970563781053024173505349151494865402369258 -24.842316098827005963117713636531015201479024351404
-1.9240819396252107695476460667669407998296651816556 28.998446438392543325403029745877795081974698295745
2.0098516353122335309302799807535225740103767736590 -34.472600873505515577977367775097284115323744482867
-2.1278709717801750996007945508467416040328948409142 42.064778960043476439427508296704568789462276340787
2.3277385824416477849687601456584252180549528718673 -53.365257494551315787441756897977732267500478346148
-2.7523085926256300383336124008827926883484453149682 72.069871102774232668805057997547284734340528460509
3.9726278622677482906765801942125104886190062547762 -109.23734574354938294565371705339769763738580090518
-10.550628264390549321965297145728309645905842093537 220.07876602354189328004620150298103163051014253234
15.608102749901805170345614351492850536209930699582 0.0
-9.4015485781894837029182948561822133882439196838212 -219.86603736760984001665710801789494467388989006400
3.1354514384448897142163131913969578623503562100294 108.31190653244622610275467670963633317364423616474
-1.8904728189155041762166511197149925664482933095787 -69.775807358097262642224175510471517239893413791404
1.3375036221307125650092510934325063947107822850333 48.654887553588855594320450374137628142724601633306
-0.92641976312246134316415162210649923453502769739833 -32.867283979270630834870981111641576227611551649742
0.36363489385772074703806363395692415077902638179848 12.731688399266516001389545687219995371090002983585
0.0 0.0
0.0 0.0
0.0 0.0
0.0 0.0
0.0 0.0
0.0 0.0
0.0 0.0
0.0 0.0
0.0 0.0
0.0 0.0
0.0 0.0
0.0 0.0
0.0 0.0
0.0 0.0
0.0 0.0
0.0 0.0
0.0 0.0
0.0 0.0
0.0 0.0
0.0 0.0
0.0 0.0
0.0 0.0
0.0 0.0
-0.30001668437339400607180058486067601318574938033314 2.3304661239958573559161055854592604908335426256572
0.74378159078707167813304841603146876132609455593311 -5.8143396090805252470943164998834993790418958588656
-0.99463684168109270067244742025244174865086864445298 7.8928180799037698940382523138347706358207765563983
1.1888141039277799525703384214388108644434733071158 -9.6603200997107896428112219865541472724553606169246
-1.3492451189885743239901647642587487334527112287163 11.328600873075808958485920031443013832426291833061
1.4854206341920048265749722325621270286120046313119 -13.007160678727971029872199655436415376774411495948
-1.6023772977434170491648577929689903255076193259018 14.776512055032896861045494395535046793801641634386
1.7032812215218838980678557751587458025335375218278 -16.712056124471608140181005196187521355202152060378
-1.7904929447590675606183819946496013702627822686698 18.897494263183163931310917401709628312836283548987
1.8661712103672406575092130210580713764659436626029 -21.437223780235941499325652869549361611569278457266
-1.9327856147149198944487187059928040315486905625246 24.472683331250988777698292054404237077661189631364
1.9937846141413970745133926752393985446279118908100 -28.208552865868737497742087446995683714744651441000
-2.0547786354974194394946256898700830910527565700678 32.959856968948286637778074710088949583560464707826
2.1260699326923352965815184698233097597175165548448 -39.244972514344635126220666078847962885713882547289
-2.2289225040742105357973085225190267210514280438087 47.989065195834105033074130632007276465351074392736
2.4138553014040590982430587871429052276854827325109 -61.031106972615109136739732402284768974098931426486
-2.8273396152755221842132171038719399119651591713509 82.642079130797670723576654528254461215742205724748
4.0584787751402802155282118868759685380442996262122 -125.59089890823000502621844233966386425635234948230
-10.843214293659504723354398339933911239705756983572 253.58104989272463304413196715232708861316087630794
16.305787370571625504526971412994220971756621020564 0.0
-9.9661690501631661469598275620787963552710322312136 -253.14622939346318550494248054171078287264886675293
3.2706583760820897155694497294454359051028811633911 123.69315838726158391702000241149428383598922015214
-1.8874727774087388100130884753535532599348096755412 -77.750155495588904248525848134634699848919808447845
1.2078274796386254271511323734649345918218103891696 50.133047447144202719907566719368637085697241845171
-0.46199394924095150786877693512934294081502812874271 -19.097933043724240055897330308214093357493741641979
0.0 0.0
0.0 0.0
0.0 0.0
0.0 0.0
0.0 0.0
0.0 0.0
0.0 0.0
0.0 0.0
0.0 0.0
0.0 0.0
0.0 0.0
0.0 0.0
0.0 0.0
0.0 0.0
0.0 0.0
0.0 0.0
0.0 0.0
0.0 0.0
0.0 0.0
0.0 0.0
0.0 0.0
0.0 0.0
0.0 0.0
0.32706140825370533999569956336888842919377374870270 -2.4569880358215739620543552973834813204339303152989
-0.81075984059236483275525857911851681425637103143224 6.1283312836154426224685887374580295510268444755680
1.0839814331389033993502051889663179589230880384412 -8.3136351538644088198404413003550123777431682890363
-1.2951614215281575495841536650920005170514970692666 10.164655647970945186503879550167591248459924262040
1.4692162374563716931618137621870061867844069561474 -11.902178856221755905856189320077055797767259913820
-1.6163892698881023173189389594644543141793295415446 13.638317093983028423834082638936933134200753913071
1.7420314511967955253295220148292251150113970510978 -15.453172253032220419175396057650652651421599014395
-1.8493932975172796489949982158544992412013778689590 17.419127258429474083424803748206925811004903966027
1.9407450380527213102840364916988057168598107496961 -19.613529446305745948777673850724598596702183319440
-2.0179616420660324000973239487013554031292817938741 22.129219452714358867803340441709152343628900680163
2.0829423953817785488756855216459530879124124955644 -25.087112612860063002818860328102938999047367514368
-2.1380561695462238690273944776013489640146293626416 28.654829351231576500695431814306356117332904043535
2.1868105526328486773092578890583710726336311087299 -33.077820120387538854025420943712223355128342471954
-2.2351136185412102853116672149104943318105526474478 38.736060272587479650166454372410799517929631488064
2.2940395559259986156600862613484643012693510619897 -46.256383138861114659957407957689818491366547637987
-2.3867644046688249584824523814293006033248023533043 56.758247275365409558425193283299210010385317814249
2.5689634935194096863528264072678617097417699059875 -72.465778779393779969338315251670572722661443259308
-3.0036951037832191064322129232139340091881575004343 98.538623044261185409742576445913719272158987189429
4.3532695149029275394732717588790891241361480347119 -150.38055286946869626774443499073527575088890079014
-11.997343125198714518221542707853437569804851548743 304.73917907642949141969868451810972476396742441486
18.608592724160558268378205956479709748419909481199 0.0
-11.628351910454426448224999974036574234566214097946 -303.71895481021662753421476671740402785423864798572
3.6852141895553740487968722216175418924268604809504 145.78307701448754509917868417047224575080519145546
-1.9369296682375305760959865265419287019336372500955 -85.586034572120066226418196312871810197741387735136
0.69759170460038521599641366901071581586557051773809 31.618795691523185615615475667707624231979415066266
0.0 0.0
0.0 0.0
0.0 0.0
0.0 0.0
0.0 0.0
0.0 0.0
0.0 0.0
0.0 0.0
0.0 0.0
0.0 0.0
0.0 0.0
0.0 0.0
0.0 0.0
0.0 0.0
0.0 0.0
0.0 0.0
0.0 0.0
0.0 0.0
0.0 0.0
0.0 0.0
0.0 0.0
0.0 0.0
0.0 0.0
-0.36860644831496251613345071455754028815502393610895 2.6963523041301406225931055273713770700428835668309
0.91369474595558049274385447821933046197424067786135 -6.7239852686156242337489655439014533106224675256646
-1.2214373005621680941236609863695455347211407615275 9.1172272622081099498970070404009138796591637503547
1.4590678217754423563417349686464872730988099693203 -11.138352370555595285448994367062513566218608783038
-1.6546085798428241771751223437654852930076174451486 13.027685664099268176380952313969300873352691196210
1.8195321985497923424110084374430977258553068608392 -14.905639919041570693182275681264172002606106190623
-1.9597741521194422902966719999969801269489858862930 16.856419611576874290304884559302788246222908637006
2.0788646228728758510373693529985912066081615971319 -18.954050843357740593372099628826143626105969185689
-2.1791670576492391389216296589938283630674208092669 21.275293289210007356936229150917606161838746425301
2.2624964368161386629558613344587496243161661732707 -23.909495792093122198228698551982136230799780875547
-2.3305174209085031152761107208395866551958394036873 26.969409387553926985546484746683197271926130791448
2.3851022826846738086594853707894587254172120613810 -30.606107441685576722757175527591709808103631412214
-2.4287894361221747420282189005339079300589796999086 35.032389056317845711901853503926232976752012544686
2.4655494663843917720190648461571676581954097514683 -40.562684230419940256449608075051890377987200630430
-2.5023003417728126286989053708145265775371645866678 47.686216109132675531682974355046043719302944089635
2.5523062570250310542915798116089112226295035746569 -57.212157381293667319853154236768335966810372546995
-2.6438281327084933361256677939409046034334914645356 70.586992347070407443532171794314776792146119620704
2.8458770667926755149973788645579070144646359330475 -90.683622298460533413142928385135171557445697379755
-3.3638617466336291377657570282703006688509022983393 124.15738902135015074599822583392532863176070943563
5.0459650513483475740254309082610077752065790907446 -190.83355170242097327121545694834624440134325454842
-14.902886379697848644393292269149804419586688435765 389.24596621709568707883039540016334931144239703820
24.441893737180691203174382977707765656040126251926 0.0
-15.854281851843193764574792648303118349808857662560 -386.21609153528781715363646324242216131018898402543
4.7342302273842483119926426500078185623584427143969 175.87821956988568359842519930428033266189016288546
-1.4699363484651919089976938096611074977175150752689 -60.787143311363372749883105296672062653505059349914
0.0 0.0
0.0 0.0
0.0 0.0
0.0 0.0
0.0 0.0
0.0 0.0
0.0 0.0
0.0 0.0
0.0 0.0
0.0 0.0
0.0 0.0
0.0 0.0
0.0 0.0
0.0 0.0
0.0 0.0
0.0 0.0
0.0 0.0
0.0 0.0
0.0 0.0
0.0 0.0
0.0 0.0
0.0 0.0
0.0 0.0
0.43848229228366796363795736390738310748630931711883 -3.1451742746084257217236004271768653230078402928674
-1.0868619076638989818057303696092475440351865248749 7.8420905104646831761117759400815971283440160530949
1.4528011999626730581068229769337358141862272132254 -10.629616008810927986012677516614998371759472768172
-1.7351934534905291602495742084909314993342071370680 12.978761697718194646204928415009803102956252396649
1.9673293787586811774418419313482121066441297131929 -15.168269636766799899016734014484213167091633190566
-2.1628044195011577852266207113354643691132555692865 17.336510197555784937614148912819617664859537190164
2.3286118162999919564852294388334378729706285068640 -19.578795210307864785313395702055359908872208000759
-2.4688585586500045293900350164494289426279094665150 21.977277294004278565768621548486551300246987073646
2.5862237769919275749831805014027798858823420695709 -24.615285078699781200708956672164241718915036676281
-2.6826692620762362997645894504536052478898341359052 27.587624787596311006456278060745286519842909017727
2.7598692188703195265804482712323494817660308210535 -31.011148136720337002574326867497922046511550517498
-2.8195548935854437083286478986916309414697655898367 35.038510521657591568109705757904370193676419232297
2.8639011795401225349066510071783491605130128831086 -39.878669294108104530636350966214171209159695574109
-2.8961058523203988600337151983918529593545785789554 45.830049206610437178752547934601023796193119527043
2.9214410355945995443032385697902070110407772520387 -53.337800829653059349508544108984846593399445010123
-2.9494236134174792188446101104539704342577377118934 63.099308193126045206954527511896668009909833154959
2.9988171371253492453541271819922428831949067521387 -76.273881154681043648355238831930495478229198640648
-3.1106481085841046323090019376489023254134403029989 94.941138666347107939668562409370374873554395443065
3.3877896530490448095014290757988460720202954185573 -123.23893699945748642295386527973572612693200950415
-4.1451812084634362207317738576601588457968559506469 170.75132811074847960487561021757852814552500171087
6.7230869562493701175069488426461511306128700360657 -265.95802933132915736925696961360171021270926520066
-22.568377853619843572711345208141216147470610947558 549.77392028029727760013326017426238862413121648950
41.055822534430871172221222409973946029427886167482 0.0
-28.448340987088626525783491077125614042048774433334 -535.72818528646095986786474115782978859160375561241
5.7144619187874653994352050613734695270084238885156 151.40421561134115303555677497920682366048489321964
0.0 0.0
0.0 0.0
0.0 0.0
0.0 0.0
0.0 0.0
0.0 0.0
0.0 0.0
0.0 0.0
0.0 0.0
0.0 0.0
0.0 0.0
0.0 0.0
0.0 0.0
0.0 0.0
0.0 0.0
0.0 0.0
0.0 0.0
0.0 0.0
0.0 0.0
0.0 0.0
0.0 0.0
0.0 0.0
0.0 0.0
-0.58469782527909568891611629886794356993028055962172 4.1417691108903368780269263260919284088488492644680
1.4492542176471965252899908072350644387571689967704 -10.326043231425833877717469349195836881495205513035
-1.9371098458428572033556860953963863137802516741484 13.993502688842587774544707623908089474635592037184
2.3134480921625310825554687895775230691718251157679 -17.080155349173087191464200575625283097361342743851
-2.6226277756405122233488579540340806489809133100913 19.951791521150624215240452869725922792919656406921
2.8827391675605018934774860748767269411170997595907 -22.788963166244182322966056863757739505184081767138
-3.1030580636611069801818915123995775809367802933879 25.714882729919705549379531630341222554964630357009
3.2889942549260203403604332876685180529211355486704 -28.834445771969351665120267514686582511465128225629
-3.4440261966919812333403094461400499846121595730747 32.252567866385018398494608887307407806849286617117
3.5706320775202183281509734737005019113926325962789 -36.086876070713999643171968574519310389670941957668
-3.6708347653866987814417942026295917331836097527016 40.480158045746352852100842018949805883019131627154
3.7466107616293590829697562928555457304879368826804 -45.615925127504028411481272259950855529336373810193
-3.8003099170638076530051890229873563538914555369697 51.740775637199011453375283589367771458810799430604
3.8352355072756167826404027996066442447954436890935 -59.199279339300684083592511936371833387896111666834
-3.8566328900594041807644450550430206415243202053371 68.491754730064828904054215339508147979151204247604
3.8736183003069478770894072951165475620927122971086 -80.375465373571148114297528915562402328612356591171
-3.9033526102292060316399654044385869696576515773285 96.053088109794004011522374347851993099553540838357
3.9810512593679780435797355823649759987599536014069 -117.55055305362349178580548881803582802767782812267
-4.1870977824113010232360979403171571871795099056968 148.54878678283880254750448275081358259320979457536
4.7331639903746602211709980850987631001479851792704 -196.45846687936121626138387454194425416715199117083
-6.3052696848102642489309886950285975476169548012200 278.60744666157598547192651551272844173153244936730
12.025052062826821466349750712672595485555848988968 -446.73466339082318561411052470128107354776818466309
-50.762238636134330466147154412805940488361079571030 955.93489961178939705107399350268189148725381891651
117.24764184468350046036491961709110289587898438802 0.0
-74.645546117931346608742886677349447945857537294921 -674.86347134137092788854924954493102617259942354857
0.0 0.0
0.0 0.0
0.0 0.0
0.0 0.0
0.0 0.0
0.0 0.0
0.0 0.0
0.0 0.0
0.0 0.0
0.0 0.0
0.0 0.0
0.0 0.0
0.0 0.0
0.0 0.0
0.0 0.0
0.0 0.0
0.0 0.0
0.0 0.0
0.0 0.0
0.0 0.0
0.0 0.0
0.0 0.0
0.0 0.0
1.2331534341134379624137684433762196866365517039615 -8.6887256146702652606978392550986660570861964567652
-3.0565147269996071582504348799918086134997245160459 21.661461254844953225863660663109418124932264503544
4.0853308654409648578311094695102892937091999715688 -29.352234289335492265473296133316051883471144494542
-4.8788577731844395572883330064707544644545438398813 35.821483267995732883708753204772506545093718774962
5.5306224820531580256335882736017340249601731407949 -41.835462161407387947244749473114416741419896632975
-6.0787459518597679890562401033869163171893821080884 47.771494860761492913660530700624837859563147968686
6.5427504440444686391137258210767219936954726317113 -53.886072753870971113894813461301453289348674057337
-6.9339908138116738341326092349665423068473360370363 60.396421825430037528001029229522631638523528621293
7.2597269295942612474252243780070719285860850815583 -67.518518599267010967158268376361815583197352491223
-7.5250746335132741076052831007631440967259923307092 75.492991100329495584268813171197262293399968659069
7.7341335415485377478117332534508387550232204793851 -84.610033873903590864965048151574470526148644914282
-7.8908114166518705291174978966531465354083187470142 95.239992737692791877787135009959093247751988028006
7.9996384684072474978851039611623466272327095622504 -107.87659735887037510132444633651060923958785559656
-8.0668515685009120847597670217781127059295667865756 123.20328964260704930744372894905998024374852609361
8.1021883257947969222935752652105974501215339022505 -142.20102787306765647527647097041897867782148787008
-8.1222991001525004510698686801666818705294926870060 166.33278858404694908411986872030504310677789211264
8.1579314195438655477678174383350211441907770989004 -197.87710347131171464680994940423694638579485916188
-8.2705758231750468502511767462282833195227994341097 240.57060188590619567298495321723230187375381081883
8.5954397597628442295139203419129205393310619933485 -300.94598324985044692049635827602712755834588642099
-9.4684783699358072424717870793133507954140379415051 391.40851570044007259948926462077767353864322290988
11.876497482109342916809801649452494293246232872497 -538.30993823646665028901063286161499285155320906752
-19.526903441250132881388386814862259262499042600597 807.50753537715802449615679295459264538212179635724
53.328138303493202109436988255232081203103769151206 -1412.9247975751189865254481671862437748625066615576
-390.39222336076378675826233184539393844076314340220 3529.4999466636925437773206793796915432813166850224
2302.7496710070419718777621104320088299060215165025 0.0
-2158.6724426262829200580405416238119835005400191467 -3529.5069877204668561340097081972167033498626496529
256.90390608402860086975636029722204328566954362489 1412.9344373401678684075322222845675858941113780776
-69.834921985991905335552687956452163134829641100739 -807.51947035479398077438713293442863617876215515630
27.439863437146484073756244671848293195684329092806 538.32410683011191332302961399970528028056865595993
-13.457128440527971429650103853833105228452298847580 -391.42495250632848891843597384607481909385952261596
7.7309477023345518621180235109319120143593133783231 300.96475909351151605679052341944874754478184047702
-5.0309592285226479709241308269532975502924845281637 -240.59178887762572830350065500430774897183427570681
3.6247140091719874185678245636044851336435328250695 197.90075058882714329245353004554591526110151991858
-2.8348642521394806582965140177723158494565562043161 -166.35890310900917803066287339795776818719371286974
2.3625708583060116403913798915074629946302689225968 142.22956094833030840063537421372276465530061734069
-2.0632329015688048946152562337858699727679930285818 -123.23412526056418469641630242772401553267732026355
1.8615647208257954584994161126668262876577668107578 107.90954447303815140706971325491025094772521805067
-1.7159429619573972245209977924681805910943307304203 -95.274780294810280246127468387658073197207327423212
1.6021453875425108889618886883285009963653680515255 84.646308527932685698069290847300200502207165268912
-1.5054053593723729874571617715387594942798019006652 -75.530317238326607203423097304680184208681631220832
1.4162880006543678960932707849905153875872499549654 67.556380080088316074957499170935611225099016946538
-1.3284191986516007528627914474099857146308747191023 -60.434224455054163006118869272327369311203651023309
1.2371391364746003093505398416004214204561184661238 53.923145855166821072367927154989668251822669297395
-1.1385967374530144381601456787709632440746944088221 -47.807088976405440158326427567925278159741216559702
1.0289686635814771492549065227176603823675495607565 41.868736934143728519108204157738525252187353705111
-0.90344536601321300064317907244664186868907251335489 -35.851471551062060213649753604059632969633158653459
0.75413708851309711390362712608627594923167549174687 29.377742026950684407793474850359283700639448771721
-0.56317250715432262388045946061494713813168299786762 -21.680736660967699455001214130938362122638317126726
0.22703960307279750761856004905407560008920213508747 8.6965353367080275209495159175490241090245081056184
0.0 0.0
0.0 0.0
0.0 0.0
0.0 0.0
0.0 0.0
0.0 0.0
0.0 0.0
0.0 0.0
0.0 0.0
0.0 0.0
0.0 0.0
0.0 0.0
0.0 0.0
0.0 0.0
0.0 0.0
0.0 0.0
0.0 0.0
0.0 0.0
0.0 0.0
0.0 0.0
0.0 0.0
0.0 0.0
0.0 0.0
-2371.2464634983470851651125690877836672499205373863 3877.0731479494730550418896628155225217083258788901
3593.2686295989214048595170897594633969349858074811 0.0
-1417.4287577311999023427083566478001121704538336235 -5491.8586853093056438581789118725771288341672609183
257.15739618778170548328773110891019538999919504501 2566.5169928654870954831973117870908165003142223870
-88.224371969329445183768060680539372688930062967794 -1600.6346870341367520753385367478537612232569160346
40.581854629867484970556159171160826977898381755391 1128.6961958441098033115855190316641118156434141017
-22.485299402400492705184477595587808948590241801338 -853.46217290687052366514050552320812418337850534106
14.305263850778211889843558332504319372362796736018 675.38435573647332404088388539798152598141357282236
-10.154890209865846921796010365375393020002264350161 -551.88844627685484717002671982140012062070397111515
7.8641564282820775929650094749235859123288450135725 461.82746135804803202668153366513007672125756929371
-6.5114364025295877898079078634275745016798119634110 -393.56230914220992196872815327420589908951367792009
5.6622956888975313805456846972828943462587802029232 340.18344591072671758602036211475335205765744901382
-5.0947679126118095429427971806455740685643480105009 -297.34019925407038120563200990924203645587566529234
4.6878488159295587158798615068803484450668076456794 262.15802890080566073082068692607477064437150752152
-4.3718837361729680618774230814094623369337034081708 -232.65716253319431835938007278893401168326859367132
4.1047788596282882264180943569907727079318019922244 207.42067238983550717780596197468863139724142157973
-3.8598373540869832629776061487452755501583646990920 -185.39406921118526288115213514963471999416989819723
3.6191441640844919337860435556085066863257535465804 165.75682733356402633673084377320170886315360708518
-3.3696899321401053749589292138872438135973882690523 -147.83297256699250472198299109343072333939896627931
3.1007985833660703939186883963929565972152424230286 131.01955159528725990492765825591423571790120865774
-2.8019443293984855714213896376325766663440620826153 -114.71369281003527727186366020463412254566349816628
2.4599599561035058769807730701439683031285214144788 98.207196120514734432922945998699063791199985629103
-2.0533178850677014358030256944079444301864836966637 -80.462172986322961204527392876602445602933220407030
1.5333295595448663544385288253110979702197657062454 59.375639077471388993235945049514432483143429295428
-0.61814575169150447046815795666660732140416021587030 -23.815743383871971890267138715198099093641601032187
0.0 0.0
0.0 0.0
0.0 0.0
0.0 0.0
0.0 0.0
0.0 0.0
0.0 0.0
0.0 0.0
0.0 0.0
0.0 0.0
0.0 0.0
0.0 0.0
0.0 0.0
0.0 0.0
0.0 0.0
0.0 0.0
0.0 0.0
0.0 0.0
0.0 0.0
0.0 0.0
0.0 0.0
0.0 0.0
0.0 0.0
158.21689366152955440718778380063840144065677565970 -870.17009990592847180880606913106334846029505010071
-794.68211148059385228348621720196832769471989352585 3079.0132006213156483663306698083966841566087916365
1070.6185696065136056472564045818712649533204539659 0.0
-512.04021458080654950703023993827483979735990908508 -3159.7792436218707635938519819190800094200354318787
105.09478371633347595860662411428728887678432784538 1528.5889852710476438056043149845196161453090952101
-39.808740800464798555573792125769652395159239608895 -981.40556558041096961845040279960468498546138878068
19.959982195692099682304142549097543597759246040830 708.33911916213409508251175520241062884014036270541
-11.963877651307909021742307899438470953258646407890 -545.70617931083832284958409140338571495648549524096
8.1747427658702745596073566880919348819134314912221 438.42360790298385117394545980066668522457615559092
-6.1742194492303950711778985771350187467603759255712 -362.70952991165055171188799485940457370993486231759
5.0290817673373812345273879792442082614075546313354 306.61149190939944311252373362185273785941036270278
-4.3269714342965745374484760596045859746034386829869 -263.46637467850192717249674561903848362247861856673
3.8666704455038133287461522961217721077396045898217 229.26590141810809388701286796804620853432728992239
-3.5421607463789920491480788334694870986268376115047 -201.45146410676913847709393153065088291448915064482
3.2939921554574099013515253689649089888266310141301 178.30773752930672454954638214332228155137759506341
-3.0869818227702817076306996269916420595426765775533 -158.63359867639999534549145656027258626150407633569
2.8992052599367752507992303478956694289970132667661 141.55151613203863273905462894782436846176465931904
-2.7161823577369187898672917358070173766434048684237 -126.38974034981516694116604782169464793864610091592
2.5275627760086824840010079982232082096191129677707 112.60322833381431727680731940049683283714486455145
-2.3249923781518840312323810234170203177676971523930 -99.712897972701750930673839964597180591758658692295
2.1003695528811141100392363401201116296756558433973 87.246400710922860327541774594939923437265101993977
-1.8436945747038291341045596330292260519700813171967 -74.655682607870452118381101301774628533510007564077
1.5387509832690999558252015311201147168890983399231 61.145009176832160948261426897929810394966689185064
-1.1489977926039421701289346429845633426952455308533 -45.111194358959951743769179777411342925206551288475
0.46319412746338090965410342370001817205578418218251 18.092604471819915613194747089465054529212372798572
0.0 0.0
0.0 0.0
0.0 0.0
0.0 0.0
0.0 0.0
0.0 0.0
0.0 0.0
0.0 0.0
0.0 0.0
0.0 0.0
0.0 0.0
0.0 0.0
0.0 0.0
0.0 0.0
0.0 0.0
0.0 0.0
0.0 0.0
0.0 0.0
0.0 0.0
0.0 0.0
0.0 0.0
0.0 0.0
0.0 0.0
-30.232507406948300077865009838663083406423891468142 349.58639137097219800299839587515288899772863799705
101.34692742820398319043859627355627333388695724628 -1011.4762992438066849471417221734217472033120273829
-359.93447047261175875134738851968641508418373256572 2221.1409113529793396363170410144802774287010824572
508.23815372360252477436899392197235213320882634261 0.0
-260.98215831320689977131058322712083871359980246371 -2238.6094637435551820772486525694816558783215063158
57.013438821068122509190033729069717768733739373446 1097.5283690923216253986145994210827293264870486536
-22.960417196500608799771385919009946228015492328683 -714.07273296904933293208203504326181782259156005166
12.240871722540243535240259084397228896784866785383 521.56674168474335802450427887385698799537896791781
-7.7900142521615729215949209536829027855709809355909 -405.99376009343796191258283132093064545713343444970
5.6229558129034625652240322919995070248548151920602 329.07833324950199689852962551661737218391896717989
-4.4483410342904351105097160492136984675803425852219 -274.29808864307102599946957373140463340601141556123
3.7563725499866002689574855396196461947752390341665 233.33406899683055119090520701625710281089896305395
-3.3169542758076147573242467633761280893311602555583 -201.53253166592809333804178190478322350019028659271
3.0155456818779648969752333708137910394145840013608 176.07977989594281727600988154609953778854859174950
-2.7906253970407509133555355838999941492368436203543 -155.16736175989340024968051726803860395693203481503
2.6070030052736986536341510030188891922126729142137 137.57131234872226474805824711144564728778750149999
-2.4433610777902313461035756970365337149135332726027 -122.42265899025583342741402739013175109446292694037
2.2859723079100491450738126982372206036076134720547 109.07282763472915800872484696812622802285434316263
-2.1252654823186484143142045406776886855616361458695 -97.007834292745698624914590458842342086265026174353
1.9537149950656770116939243962988494399430395415483 85.786091615066891905804050427719731724094697731494
-1.7642130665025785339397247096210321718979976331997 -74.981711282820052875526914896550523455403136207763
1.5481765913471996862863416896910440909065615577274 64.110204606281511710981486487533903114659072392217
-1.2918729272628999130276892338683439560796531590575 -52.478669600085506952180117609743601185730354380118
0.96454834464122849083479506806092972995756884802276 38.703997785847568139682189703198906008147486905401
-0.38882033621307978574735825566973422524239553596394 -15.520639383167502551196527393307889477659473115011
0.0 0.0
0.0 0.0
0.0 0.0
0.0 0.0
0.0 0.0
0.0 0.0
0.0 0.0
0.0 0.0
0.0 0.0
0.0 0.0
0.0 0.0
0.0 0.0
0.0 0.0
0.0 0.0
0.0 0.0
0.0 0.0
0.0 0.0
0.0 0.0
0.0 0.0
0.0 0.0
0.0 0.0
0.0 0.0
0.0 0.0
9.2767716267050601310907019324390738242585799491543 -181.99470313152005428232455367850466019049721838042
-27.152732833666248216390568563053314653386051328176 492.62584761097548473637806863487708909805894657083
57.691779431174764396563769688055528230098463597823 -839.11889306714280893472467891972586563693429093095
-203.80940566027007107451745410894766656524458209349 1748.2025103167427849575283321608218257226276023299
295.67693451505309600343061045782120738544617300183 0.0
-157.47376228132237971614609916352386887967406394509 -1754.1226440462178943917799232426721611555606340266
35.852521118108224357578941079186283243268634475746 865.62979437789311545231739711118906481921499797251
-15.129518385663444996017524365965069736039133207602 -567.22865267870957848969431110929787386088097582019
8.4808629208063585115392563840814760813935195967566 417.15579945236681240801191142235758388033091250594
-5.6697594539379146035298586867090599428981105804143 -326.74622644543935019761941457235761138124715180949
4.2753525532924984155853367273920859643686657834784 266.30065281804447512864469419231791309830187626997
-3.5031007031110655980502052939581720791043043075660 -223.01678806251773409536220509860875896400924851179
3.0353514914294277919568275598896686419338492784990 190.45085539123074662307456839420560513630237094956
-2.7269256549495289741025123152937760140576032635223 -164.99464762670980833242049026713596736049520030979
2.5046285395800777040026573448078168862795851599847 144.46088174506005797283002724913563328988710701036
-2.3285981880219695767252694149761944080609437014420 -127.43660708652183228095819541574845094342138612139
2.1756364753589149826956833896958262087177094957156 112.95686914132086539984482571974325042016054482816
-2.0313221670118388798811454134737535596991431832234 -100.32555371332009254067264712892245541996169969279
1.8859374656322426237955289445016038547681884349728 89.008147799501713496104941430597116575990933274556
-1.7321107914236433924236680615875699942832286700752 -78.559314127737758913553810230540130516584883628043
1.5631319883309382241659679425070435721499591398722 68.562270665777647851150423283985430080827561992078
-1.3711491023149093657493240629411430215079733762942 -58.555746756674719279871474686541634877069965142266
1.1438463087527984015907308865269855747282038383428 47.894058600813355597807687689549154188549098595048
-0.85389459389975017445278384319916923220235196264837 -35.305466218704849847929037786872796038517584257760
0.34419289816445501520894448222867388337526953891338 14.154895175858157892966213052184822151962779704653
0.0 0.0
0.0 0.0
0.0 0.0
0.0 0.0
0.0 0.0
0.0 0.0
0.0 0.0
0.0 0.0
0.0 0.0
0.0 0.0
0.0 0.0
0.0 0.0
0.0 0.0
0.0 0.0
0.0 0.0
0.0 0.0
0.0 0.0
0.0 0.0
0.0 0.0
0.0 0.0
0.0 0.0
0.0 0.0
0.0 0.0
-3.7832273298989776262466015878639903456152820831607 110.04201858299661272405010655203744125162517688920
10.386087638334670800723050449784337914162870965706 -288.86648266844271166769556877308659421912083681027
-18.172150933843333036496186120233378408220108015101 447.99834675586826497307768688050788666192283333818
37.024206701715689863555590189065438646860770100229 -712.72875375577536360612683848312823309846103350560
-130.94934324817635992152067306729523235059282838334 1458.6633664359413608866902872943149784674582014338
193.02825962915070694908506415353438779691873422393 0.0
-105.09860506269648181525800677672980148557590473640 -1461.2215650181231782875651896556278319722485380159
24.720326227693932109389550487098036262695275476412 723.71670734870434579405191670155685073632250751234
-10.861039025969151874298803587536035050999785760772 -476.23939222342544667902357469065544432852826986897
6.3614077054195733850268214733727100236196215619954 351.71558349004111506478544205577443640592178460682
-4.4343839913269056083376845182577777761783510304190 -276.56779607045116841404077404043362220302500645271
3.4634528118279867516606300855524524334467838589801 226.18557151262240958533679292956033215161780901668
-2.9141328526150383834061570233811724479441812490663 -189.97223170766682606833760997605937519564684151261
2.5710955503250657015144130182149117245167240700081 162.59665118008686918283453344171451259816372359322
-2.3351199020954327171297574495214326003281502920191 -141.07171081146105799828569115679794757583626529009
2.1557116849478244387560642950269043160147670235723 123.58205337389867881653561415997875044153864878734
-2.0050295717880443928775197910543419335472847545577 -108.94815452008211434454835755134251705808666361199
1.8665477461526027811871215563918106473933173645111 96.354903449505666952248942447414493862518587690717
-1.7296069847864218019548270711110069502299507385600 -85.200631290794058250086860565485833538383687082617
1.5864828226216280249442508128766141319595772613630 75.002919216063604024086573633903541222232765573568
-1.4304731955425159446734311438048980655217997014793 -65.327157078415680412802309425015942513307204422483
1.2540621325620398333866149786508857644318314497415 55.709227158017252137123155405131785939717854868865
-1.0457835062591079802827355393401948827394005196285 -45.517828577796466051137117926284143245308923322424
0.78052262326031149032075243988437356283465668537117 33.531955007619047706889838199650204597111829903558
-0.31459053743199968125684793867999469240273853006296 -13.440182736273065301575458860478879508525139340434
0.0 0.0
0.0 0.0
0.0 0.0
0.0 0.0
0.0 0.0
0.0 0.0
0.0 0.0
0.0 0.0
0.0 0.0
0.0 0.0
0.0 0.0
0.0 0.0
0.0 0.0
0.0 0.0
0.0 0.0
0.0 0.0
0.0 0.0
0.0 0.0
0.0 0.0
0.0 0.0
0.0 0.0
0.0 0.0
0.0 0.0
1.8867519272599786032941416592499383867991168603118 -73.450999944747117501686071455861840334006333931297
-4.9956360722512464761376047193802891283718163565834 189.61661754970091885478241966713471896011075477488
7.9097010664298294876077333344672347664348032314634 -280.69918255938736343540497559832018248317187376915
-12.943756260543243804966136362243636046155830173225 402.55293833511206790725032182404318448424231610099
25.881345325758819088911911075071635070305923996953 -624.88391147601370806855765822239536310022388434187
-91.236575900042390955356495903930892945107399817396 1268.4930703316630139161352313822990549234684445488
135.78312932700193874272045954698559218803970647000 0.0
-75.035305750233091548134127681971229969003285779591 -1269.7788888672809443752894836630125466369414574773
18.163976221067690862358893891526740500030850230760 630.28177599896512751059495221107787962329589965107
-8.2825211245132049172571366204352372384774686517809 -415.84706433295620860256956104328416446712372320331
5.0469268203045553856897301231703510311380525328338 307.93386929377739016657439155022030897099073416832
-3.6460787599302858766365892180194439783761387558603 -242.73869398541842710352653523734331855006016573161
2.9290680202518122484876026128989987691649289183649 198.93829396680445740378677391276673303377989588798
-2.5135888711224610299989003048377412951083138790978 -167.35745147766168094676937603442879200023505103576
2.2448295889539182564971689829002581366763254236387 143.38045655552792095807305331539549467642899738606
-2.0510169453374091791290352273173984734296980621068 -124.41792640942482473571059141436581499836921610343
1.8953124230596517910447485955105741606528794767872 108.89037013069453656742074309580600764934230867408
-1.7571077112494784815666451793468903288125434970277 -95.762634035679464776187030557324970071157075562349
1.6238124975881165717190505999007240665046201233966 84.306211703462177964168528521434110213655446265377
-1.4867977765198423302241274502074577003389953662946 -73.963245643060044548887000593463906391015279023477
1.3390099401943843304015611065349271116062703634790 64.253825185871530880943630561854526552594756629768
-1.1729649870040560441709008703283030822627704071880 -54.687769249345122657785024625490208145058686113487
0.97766943251964527080865757133436194075247852969161 44.622529702339622726594626194998799791740197706162
-0.72947630583626603348050151260250927205493666934905 -32.844845513480227208804654324085101542473052129365
0.29398230804624705858147679558583291804349593489177 13.160162211365257273372769288474506549388084045374
0.0 0.0
0.0 0.0
0.0 0.0
0.0 0.0
0.0 0.0
0.0 0.0
0.0 0.0
0.0 0.0
0.0 0.0
0.0 0.0
0.0 0.0
0.0 0.0
0.0 0.0
0.0 0.0
0.0 0.0
0.0 0.0
0.0 0.0
0.0 0.0
0.0 0.0
0.0 0.0
0.0 0.0
0.0 0.0
0.0 0.0
-1.1007812295509864914141343870198760805145676862830 52.641834916709258852244377962749713017078359647575
2.8494178548532134372061940275162182164579509104636 -134.52756007847771848998886397206897010028627955760
-4.2505001383036908701359594833405491088042605489564 193.87729114567827115825875015466521889865395892936
6.1867283725622023215673503259315891206152835484370 -263.60800375221923478233058794975802017485649595266
-9.7917519091607375806844939634496884210184225516380 367.10767000094905489602392234873909170186986703952
19.239526279522883106155838223628017582964878227880 -563.25982439367202123394706937712286447320472634486
-67.271917561687967054768117728952848020119129538108 1138.4035805462966098413010963083623430558663117744
100.68221668050618316907016191064427727828591888293 0.0
-56.242939663539729282175070602491119860912234873880 -1139.1165152537411021336384003063317619554444757202
13.990290002870075647238615864935813955083544482237 566.20903606490653408079783711274345700462067131529
-6.6086046542710723091314400198575109865498613056355 -374.19943704670279333785375560617482094327224017827
4.1741773881285380653694485519743282839214914769977 277.55860438450633744574923786515524557171565292897
-3.1085822864978284056655238520957271961948956849835 -219.11780869600848648434585462568556226932915625241
2.5533523953954812191259053848798211926713145585111 179.77964542093718998029200933004436527869422031321
-2.2224221173279635925048584147799121777963906958372 -151.32832125073146146867132731724560119072153698623
1.9995023005630054238228236587851899657581535530589 129.62843969428537761921193341048315569986066575385
-1.8303754781320004941450089097069433696718871785924 -112.35463106704597052064009940646268875116636207105
1.6869306995649966750789456208230846939328126313431 98.079695300095919511316627331497799002354609219261
-1.5531000614704026540492470227670331297375450654966 -85.854982599284214977970839489007113063042719941265
1.4185781375554731804464609045816214726264137689920 74.992250999766862033942915273158700209694240345396
-1.2755236212118871036729144269192756721024811234913 -64.930718747476878940853950722026964149083414982830
1.1161807425323234346782578246106780860889050952638 55.127638993309968798605881940850518970910784461884
-0.92972196420403671415318097812857868425217463298111 -44.903954417476160479020236461554197631350926583114
0.69343625962874987863610340027792130567012459332333 33.016935455917598954392205933683946753716033214483
-0.27941518857827964406314854066929815993820603908186 -13.223255702550593428211750791413388171559161936841
0.0 0.0
0.0 0.0
0.0 0.0
0.0 0.0
0.0 0.0
0.0 0.0
0.0 0.0
0.0 0.0
0.0 0.0
0.0 0.0
0.0 0.0
0.0 0.0
0.0 0.0
0.0 0.0
0.0 0.0
0.0 0.0
0.0 0.0
0.0 0.0
0.0 0.0
0.0 0.0
0.0 0.0
0.0 0.0
0.0 0.0
0.72962879118803243214321484875483570875501769876927 -39.835993974132858644227186353576179327182099125077
-1.8608591412230032597461017562779131145511987585811 101.13222683509572686537242288943588103471625803774
2.6718997923070817359883874544943239653296131535521 -143.29795816808131984160407089911384986202322098456
-3.6221376725175729139352668841473551181315440292452 188.77568713477653031553262744377445031123549786562
5.0495577158644440524534228620817842500941422699076 -248.37711745988443115320653497579419077248914124774
-7.7765962218176403435361664637713303411131348280719 340.99145113005863199168306337638566336861603065911
14.981561258705120072904721765894368141809559075576 -519.85341328633999913465865039463653006210314370468
-51.742333516626916363941622471003177839203544228860 1047.9634777121355972960037145221819710305371134281
77.673612386731261779674162748484193272652821717552 0.0
-43.757876376822448871647394389709514884904419212377 -1048.3828909331965542370371134352018897554701322363
11.179502671532683274314694025569911298743645732815 521.56952776965728886285876655864707991664171961081
-5.4628064745969183247745826945727279414102759307103 -345.05762693955157217285655803896847123352399610567
3.5641546186931410182772836407869302565307519702847 256.19264323688439255323651571444607905363382748753
-2.7226954211730947335358690726061669607347943219705 -202.39636049291897619830178596854879210195844617889
2.2747939495312968199178354350133282550208806831281 166.10743951640483546099672856018734839030699021222
-1.9987799102924089873929341489793918483260942803870 -139.76891584290543527586003475525342336797883144830
1.8042227878173247420510520374872746983011974965224 119.57154407575546631730099263836118208786916961470
-1.6486787840917342456918524933002371433641095145770 -103.36425420683935303086156077786786242781457819459
1.5098051775683229644321416145384657883855791323360 89.812811716861225072422141390789535943921820362398
-1.3743501857943504270772528361011307289954465125987 -78.008485214265074837367245216849813095874963192291
1.2330432395723121877271592201277625274198655913078 67.255946479790369844155930369106057634453487183651
-1.0774772406895877159421707550917973242831381133408 -56.923818644929972041961365575247718780365022462023
0.89668460534922302797136275380175732013184681972832 46.266504538536877022041010380799974918549972890601
-0.66845505526484765987578946231304650624052609575642 -33.973521802123532199145765951759936749446709565721
0.26929434675101164047457680913454523942582763196704 13.598819544817992375348052805068961616488582269144
0.0 0.0
0.0 0.0
0.0 0.0
0.0 0.0
0.0 0.0
0.0 0.0
0.0 0.0
0.0 0.0
0.0 0.0
0.0 0.0
0.0 0.0
0.0 0.0
0.0 0.0
0.0 0.0
0.0 0.0
0.0 0.0
0.0 0.0
0.0 0.0
0.0 0.0
0.0 0.0
0.0 0.0
0.0 0.0
0.0 0.0
-0.53654057866689985036366628605709102262318589213853 31.485917561355891149531821656502952774345034603934
1.3549788011269723799818907166221447317803320201654 -79.571970067632486857417711683702702751719202281804
-1.8974494788310934372473461190566714664375701716923 111.46720879571553756353794877228621868509572125497
2.4582919608049309991644010055861717815857982106792 -143.86928299274998341315536201706699276445069693426
-3.1740957235150447295504652277796833571640501959536 182.92201079444670241431340632953092755310278943958
4.2826589985377544967703298294354227339219103092408 -236.78374006374636321007028529662148836735051772939
-6.4231903314379472555625002485833514213473558050473 322.49417814038922169760562785794487519567698053702
12.101711776488743568584816026395062778016274381995 -489.77530546509950485958700520355342716450108698346
-41.143224571072036601536370058648975419819311195203 985.73916948541057468678804807294564353657679132100
61.838717871833727413496617548707685407691050316665 0.0
-35.083098020577967944607407942603764899420843036693 -985.99085621694326758279767602484765960659241950439
9.2058144841878853349278729169895316556999115377351 490.79518048251801075712301370760784135096103792650
-4.6464301909212055520210717725816457077837320094752 -324.88732398401222575839361291039117571020499891599
3.1202454299737338019950374423948026109306633829903 241.31891573198128747244046833980045866955330117301
-2.4336713416410812130535742662411787584778138697807 -190.65912487389218588399432535284783199954355205519
2.0586483578541113794712306422980926579163781077612 156.39586840087381292406667867400388790977609507106
-1.8184163002106549809895391307673104537178585545878 -131.41779892585299600793105539237952490880132535478
1.6405680965931163507722740731330857203312539228599 112.13037733758865922177271649066336746862576523176
-1.4907785759025045334078203957540158541180224673117 -96.488458985848049754211275828160241385490251943510
1.3504958480438637851297703865801109369885795400997 83.199547868108184875774658271759033756960304452048
-1.2079394907117332880575351839310484105961698644545 -71.343733899372493559454178646690563179109645611814
1.0534875881364946774147153215337995554957325398624 60.145576381820986511641817781468902357661716720425
-0.87566071863095187632796461192462848395387815277864 -48.751831213459538316501147529757635420540267770664
0.65233506524744706854067323407752802815094699971441 35.738832662218315561747322587424684703435917766260
-0.26272844994089133786405553109742371171263590932907 -14.295512899667940387547393706106353652776257249713
0.0 0.0
0.0 0.0
0.0 0.0
0.0 0.0
0.0 0.0
0.0 0.0
0.0 0.0
0.0 0.0
0.0 0.0
0.0 0.0
0.0 0.0
0.0 0.0
0.0 0.0
0.0 0.0
0.0 0.0
0.0 0.0
0.0 0.0
0.0 0.0
0.0 0.0
0.0 0.0
0.0 0.0
0.0 0.0
0.0 0.0
0.42859637687912901430688320353526473172845001344202 -25.802008982398068697071991965703195423218442392573
-1.0753516530362985321387436677791120145559427260675 64.996085893497305836784756642921574092132708856309
1.4813927111019051225143346566672296980955030928818 -90.317089732892743763710187393814475047981919617467
-1.8640613953032648671984725130420423193166086952844 114.94363267194543532750272902425214399028330842120
2.2941439564589490938938037820977949549086246690401 -142.89629349820606577436093744185818514882457615762
-2.8614549282863396258437283246694410244717785244965 178.46588942656643064234687369758744953731423031131
3.7515314653346937248693914766447153761131729024517 -228.89644352484490690557455663016890926800439900833
-5.4792763766669248657270374201739021041302327228280 310.25341094461536312929441126513655993475776790676
10.075298460939304083329634184542262634810407158780 -470.05388475747141417227829782787580187981248028595
-33.627244661833057912369293561229860367424328424257 945.07491148272283146473189555235001357451316410228
50.543222276297257997431960327043219775378191497872 0.0
-28.853843962048841097555187442739977737956729780916 -945.21984710217701628285852941539303962232264964032
7.7764346293069399341120549997610086508326168724368 470.63454608057699170932591375292912569389681105716
-4.0467561641726045322594177504988343174026414697957 -311.60649372241152606683677610955967956571858217882
2.7865664891970454555268070522549151816675741940897 231.43804997330488334078618443482202658918405905906
-2.2091454979942638406272482607879927361480144059321 -182.74795498153937788690952898991869742018412428067
1.8838295230008365407467359291832672106170995351259 149.70200150337335217840732390268910249471365906483
-1.6661161493053243505657809129499042849916971071742 -125.46949060869287325448942538123166865657150200004
1.4964528309083231561304363589586612008434086675200 106.58038894626424766209427107381526496013181512453
-1.3461123693445442426675113404637947278649062800438 -91.033328612015399885189396300397998516163873358534
1.1987733255430648862478282440949081512335701402768 77.518761738140004483953065472742308551890406165910
-1.0426454646507416592951338473936962487661913682502 -65.023616041383288353057005283351456569671003674031
0.86520139076011005212115541986969516835777728213951 52.524372987879256845321799917196345813858067632938
-0.64393852254927341202228473447692461378576261742963 -38.423744245123564186682112076592754066150061083476
0.25925019975070299504852745593970900513999580713579 15.356116082564407552547226594521299895240077661297
0.0 0.0
0.0 0.0
0.0 0.0
0.0 0.0
0.0 0.0
0.0 0.0
0.0 0.0
0.0 0.0
0.0 0.0
0.0 0.0
0.0 0.0
0.0 0.0
0.0 0.0
0.0 0.0
0.0 0.0
0.0 0.0
0.0 0.0
0.0 0.0
0.0 0.0
0.0 0.0
0.0 0.0
0.0 0.0
0.0 0.0
-0.36514589321979104136909497978505096764377422912590 21.809672921177828251632265846628188462890959036572
0.91226447228102582414576616406862861171149774436661 -54.807676746905060537622934229325167900889897532537
-1.2434262967232361480246271452530970815262632719437 75.711389259689801280111306894709908689307980527672
1.5356254759306033815307573686960241353105932486519 -95.388233191982072963242264218409254025761481337994
-1.8338164667910303929935608200084964557862617824655 116.74567561151949202893674662429148549807128390105
2.1803057488410200625667900422165638068637100080898 -142.38787957199830888503106013422150987430360947557
-2.6440042241392739436963066342778157171443858191641 176.02530677965067897220059284874794897256241191845
3.3762830565784070794286184297299910855139143298683 -224.50325562496212334612256491864971116623551204026
-4.8029245540613806342668427720070763187777804117237 303.37625114505074669950323725847696141727306692077
8.6081550062626347968088531210074346467342073406491 -458.93179763472781359355809525657892803345863435626
-28.148690244203586915305424336550114056577958705950 922.11979532946012746161500311850601457841676631362
42.277709153322228747959796730606919167186735159505 0.0
-24.276297696403003348777885454855485191545957890616 -922.18782339897840456156013528166288139681474536195
6.7186057443772018770198664885698323725570299364270 459.19806699398145781542108182156668352737976376386
-3.5962359866133189834428763231733127801712797168929 -303.99234711364850938254203964142425009776993874048
2.5289967343077171811471457463923212121110087158123 225.65369366642164255251616096707066108851209649613
-2.0288546139203895844933436450752720123588813079963 -177.94974613441977781496535319750026633549232389592
1.7366526691341328568248609175509782345650056986715 145.41680254057041339018324580332437613206037782788
-1.5314738774456160541992627155546568276075927106885 -121.36362688484765239753175482055663288568991833548
1.3629608314207164512768487501535489938515122799483 102.35951922844420313799326407965429110316100406297
-1.2059940978971802790156622727633750843634477550969 -86.373908550633878940525401634652399243987843145207
1.0448118865125517482563832050478183057199257950186 71.984066833135479981514865976434867740045002650647
-0.86494832533075981438556374737043982693944362688467 -57.891828425790463481518626122971871052112713860221
0.64290413308178884882005764827043018566907449907555 42.237924519595778481534772678050828426719636256650
-0.25869960545016888409390023407028684440669270071476 -16.861937310993241495171166208981250880327772979800
0.0 0.0
0.0 0.0
0.0 0.0
0.0 0.0
0.0 0.0
0.0 0.0
0.0 0.0
0.0 0.0
0.0 0.0
0.0 0.0
0.0 0.0
0.0 0.0
0.0 0.0
0.0 0.0
0.0 0.0
0.0 0.0
0.0 0.0
0.0 0.0
0.0 0.0
0.0 0.0
0.0 0.0
0.0 0.0
0.0 0.0
0.32683862156124350472016166946746870156752430099798 -18.945893405857014354735515488459236600008098619968
-0.81430984687792146730379184991869652716467791704637 47.524648085707869196146532508168574997911816377148
1.1023264877979734093051852922552057279906868660209 -65.360076438872780282934054313088525428744174282624
-1.3452196405563243160033377124187330355772060270670 81.733270122343438907484458417194271121222043180359
1.5763378362034542924170620516863193416898000865050 -98.906136616530849301271764249578253200289087382786
-1.8199293815646846085833152712441333308231143759715 118.64114083060623605447373660787317189162129442233
2.1071847793546214722212336016127175181003832491621 -143.11710830176864030620565731834857413512389458142
-2.4944073678307931854721945292360618467148120886526 175.82583507867635044140802378652346882958168464357
3.1087339054002263918099495899774972312069029963296 -223.45684785039800084410111537012003416484989281282
-4.3102686637981472710725101611666317755715460237814 301.38226429608514694782050928076654568388019769830
7.5261367153009412250523362145606234637058755274035 -455.48636432911191233279128198737094371896625888074
-24.083495388705045176323549990448320478799864170758 914.86380955198127373452329182891822319735700434579
36.133437332270566410210137214680888019522784241011 0.0
-20.867488212153405774681126757212405509522349222636 -914.86731739035001137425010793139946385558362207489
5.9260992907533751714886277582484438124771087767151 455.48982857842843559154155356340249703076185218753
-3.2527596026465683899750793717441508832385175639699 -301.38565546988028662954623714824594119884331618394
2.3258081207106073605347449305850811636698293538267 223.46013574710533802526985736351768856267525140346
-1.8794283224266420873920465987651822458773150979881 -175.82898832532848639188885989634472879962385971192
1.6075430795960768426287063815285553063899660626127 143.12009366588353749338071749191018523300583429200
-1.4065168976340950057196980429331351335347071060561 -118.64392210509812787751044760719505356097887882414
1.2323064953774045523946522839405112140246918891728 98.908672666649518764937756675735294682558614215720
-1.0613646819784447102852605023489449301017182523151 -81.735511099288959010844380690725107710719606120619
0.87561464290558337204244754589558346523447877260892 65.361955222675455867675671164111873023121397147988
-0.64959925656594927450195144112057305852076562293562 -47.526054812800467007042529976070070971171709978397
0.26119981004840600407409442943891645860000672657918 18.946461135482604621143657171390880441072972578203
0.0 0.0
0.0 0.0
0.0 0.0
0.0 0.0
0.0 0.0
0.0 0.0
0.0 0.0
0.0 0.0
0.0 0.0
0.0 0.0
0.0 0.0
0.0 0.0
0.0 0.0
0.0 0.0
0.0 0.0
0.0 0.0
0.0 0.0
0.0 0.0
0.0 0.0
0.0 0.0
0.0 0.0
0.0 0.0
0.0 0.0
-0.30384753914342544245677699021239674518603272114863 16.870611772541749863233819607306469592962275665560
0.75567755651775696273994539792744268729491338265657 -42.259668875859318726739223364657319785710594053094
-1.0184483185408076241364530546817116434472483034524 57.921681023894174394238549265360970256332223751407
1.2334378515169646087114691724149651307959166025280 -72.021281824912792424808632603603683743633672443056
-1.4282730895960819326109241819059642688635525963907 86.418716515019661055111887142386638233935651994279
1.6194257906950980634290265429714562742186150519640 -102.41284512681620269037700728859093615554926650174
-1.8237489445371621281392644779266101785691531093886 121.42716694815630375112381143758685943674866923904
2.0663953463090630611849704095909575490824538688653 -145.49336132718890765320080747293121048071978659018
-2.3951003815466868902531979738366902496775487724458 178.04400612367744706817319780986398563636196623322
2.9192502462184715999931737105385824782835822186520 -225.77400399355482682116139947359660609762165943745
-3.9499923981447378220911797183329442512818823556643 304.15553383551054789735609265343860926470702602409
6.7222377237540607726254992910941241736256256553494 -459.44630271024020532299801410567328233870472434307
-21.045915487805698169693093132197379446580021545409 922.68988239509315294233719872272812162514226705051
31.546075692159047483106117676787596888800143915120 0.0
-18.325907800184433995422440706666712770221108756039 -922.62883438816061191016224985356721411939520961991
5.3321822863627837424048427716345136186398388276994 459.18681677586813468390675616643212852001949243266
-2.9895188297729262068628328388295074085814409549694 -303.54588198324614170143754027727340311218748313180
2.1627431065008025904472112515387403084373819430471 224.62950847019174835907835214653710072185347004864
-1.7515378833781438588753425167797733357300248251385 -176.12481258011148730783194936651977486029655515294
1.4890705773330539728313717212077257609303892319960 142.46873839553473777640218843999442120239317149698
-1.2840070023448703681345064540733334342261766986207 -116.81222958705377508891159443408376664472571712891
1.0958297682050612710981749625023681940528899530493 95.442781405705560507007943664685197632934063882746
-0.89930449036427845011611286934123626254450027659919 -75.754785697311579347893952290321913349018473019190
0.66528719597472251897040663525904178882972514619513 54.839138420122954679648596930846422316626329302517
-0.26721428785882869911166240058009649142940694025273 -21.822200480229883504988645631522546819226442167449
0.0 0.0
0.0 0.0
0.0 0.0
0.0 0.0
0.0 0.0
0.0 0.0
0.0 0.0
0.0 0.0
0.0 0.0
0.0 0.0
0.0 0.0
0.0 0.0
0.0 0.0
0.0 0.0
0.0 0.0
0.0 0.0
0.0 0.0
0.0 0.0
0.0 0.0
0.0 0.0
0.0 0.0
0.0 0.0
0.0 0.0
0.29095856233265781025933480358784736124895616012618 -15.372243010873692628107966196482181058137401980812
-0.72278290718271566749916331993958373019017921170581 38.464110772494412801610985382432236326011799877857
0.97133633064972723338506432471025681896236257036258 -52.579598045254307993141325482673300827603218466681
-1.1706558643703161961358090007994837845767695527131 65.092069396241144761731537789912717773510396534236
1.3454192076764696911225087893913151714392745679742 -77.600507215440845603001602772798056602455939752504
-1.5084411202864566861071297367454326628275769854028 91.129525856985575759336269408582190783600211195919
1.6704386483946810146437196055403661995791003685598 -106.69329076619942670553907463327091819780769173843
-1.8446142153458795815412702940273689103269125971921 125.60276933310148206347192536111981336271951873002
2.0523104955875570718074701519672093977257231894257 -149.86150353746700114661038553250892977560359422721
-2.3351825704180674848551125597609275383275166860129 182.94329956503085144027881398043715320659783014925
2.7895553027395833352353210366762299213065299980107 -231.68628563561563414502595278239072817699308526813
-3.6902792828895955901052664440712005934113577619840 311.94189282526131765975623907528757801716788539648
6.1297521091182676054104936548247130643155133611776 -471.14292225360140505495467270711854354217596294475
-18.794978791768807260639445377653342987559347300584 946.24449517449467121156668133786276674311330046847
28.164055427710396512115896201584471789606679715680 0.0
-16.464513153660869929833863761792850511031041668724 -946.10642039024039979323204878897933756893353228196
4.8955294099054191807692574808694045008583002302924 470.56855745420381451846365349642131674433063152319
-2.7896609045411845283485296997238054296322111464159 -310.59411460350299962242062481074052211940638310283
2.0303220845543058419431102138830575921388386592010 229.14847572442560080459209626949770066615583528534
-1.6381666823095200564918397318384197668424952897126 -178.66285529798443790320277338926306143444821500023
1.3744430180883245299045010024114328826934422450028 143.05431704676888696811412653372282309012905648105
-1.1555231862453816942343448267104339366215514274119 -115.07094893976596897305466090944783615004007882177
0.94038585408183476302516726230743178771633196576336 90.417248611236678907589776287734907352908406172619
-0.69261507986114876361323507698707567697871388904627 -65.068220176383897277567871354441602077799072179655
0.27772056262466331012517306239352494910821911908071 25.830654148757135632082916517882500732148093020540
0.0 0.0
0.0 0.0
0.0 0.0
0.0 0.0
0.0 0.0
0.0 0.0
0.0 0.0
0.0 0.0
0.0 0.0
0.0 0.0
0.0 0.0
0.0 0.0
0.0 0.0
0.0 0.0
0.0 0.0
0.0 0.0
0.0 0.0
0.0 0.0
0.0 0.0
0.0 0.0
0.0 0.0
0.0 0.0
0.0 0.0
-0.28537277648162350528390453581845512861400662963780 14.317935169186202785839024793135790623167093146650
0.70836794286270638079455149028830715967022515582550 -35.794901511769265895022020818320305734910637748639
-0.95019121097204319975858912223197782319464224587427 48.828357237268509731583905782961920526568013926319
1.1415609363293363124738177320689634283644660138403 -60.240067164930387329213254086355406663626737006086
-1.3056859121663530796469283398207734700607048070846 71.455944363030027697553224121245740371750682809357
1.4535826072305231313762270809578913233311933146766 -83.330588503295666580569457117029984537299967821864
-1.5931118367765084051359736284954746676839230359352 96.640679503228474547555247080208703871317440660869
1.7323305860158785616288129149091568123028506115297 -112.30760316539549492500922838343537511218549049073
-1.8823303378989734605456811237078686984001238413609 131.62593301623727407087454766791286536494767546887
2.0619158978907611369099015264039648689781511762402 -156.64410397720077133596109436237943157354465392033
-2.3084461620159845326166402206068477571573964578780 190.96244030844721182495401717883731327658085060658
2.7088763748362070565538934439881043346859316687475 -241.70373625841141288714884825727747518742332846043
-3.5120106172288422477123509415092505224926142384471 325.40665502285582190486549461036656666798782227845
5.7083579075634867786161304324589335262199186521691 -491.58159939416125978531059555363946942667287962797
-17.186156328569852156297503175822536665763873604996 987.57446956000137671912624524292442004439489949918
25.781267060739939400523204408134375094805462313752 0.0
-15.177024831952895531598856769740489812090707405786 -987.32939661922144244556908118550777549754707780560
4.5932803289991896080741908818605730103343936888597 490.56700690459018748255834735557411840700530997297
-2.6436431692556673166867945972228449672242923434416 -323.01642160708768629102748740534009065940997763227
1.9223593446761390329278854565934153026584795294011 237.16779763507937275778837680566385947407102313254
-1.5332960285163854892908259691113719025239204570798 -183.21910867594559449785048993592635394535365248779
1.2556275637057240258234713094005497923986545103318 144.10320839141905774669709496049976831577855537189
-1.0075678847930506273309899883540701651803488863183 -111.64859793457645976323523263595376539131306844335
0.73675358039538511189166483571342350255742317003997 79.701524628044828756802757840470348955363955698494
-0.29461375397488259350518508651004865770917774514977 -31.537192682255189152813269588030798823954506275690
0.0 0.0
0.0 0.0
0.0 0.0
0.0 0.0
0.0 0.0
0.0 0.0
0.0 0.0
0.0 0.0
0.0 0.0
0.0 0.0
0.0 0.0
0.0 0.0
0.0 0.0
0.0 0.0
0.0 0.0
0.0 0.0
0.0 0.0
0.0 0.0
0.0 0.0
0.0 0.0
0.0 0.0
0.0 0.0
0.0 0.0
0.28568041689806975975937266781836756807447543009521 -13.626843422020886021283026612155311663362315170981
-0.70877428290923251199791423303674502354069322215840 34.043545467439724056799363469919104694636716100677
0.94956721836160905844304954474365860500791524785725 -46.361905204083265031479169615570171008151052663790
-1.1384528039032858226918219314224048540232197071576 57.041270181319482390949276572843471545806382883092
1.2980765574975052126410322869984805128886900126317 -67.394836178444264284153608418891024125053471837883
-1.4385986115337563369565333232269672117046905326323 78.169751721908162640134086762828564481530421310628
1.5664900391523896022187059003848366893167594346388 -89.998713718124188863210098725003959438909722440010
-1.6874031927673715732826832133423867404947651627746 103.57850913639757158392869876445642741191391495988
1.8079684288411284564097924829850783644550134001825 -119.81977953968701385445071201469974199310116537896
-1.9379916663762885955553655810447423110046401702702 140.05956672424990461622476628347712233342808871094
2.0946276948683385729742429793517055191165560215092 -166.45346858493215956592032800077400841580942949916
-2.3123930555580243621889041779656706826507118176425 202.81875023288000331840746844188679292625520581587
2.6720682552129412415364825783692337768359569732101 -256.72828713530407234215132784337556948809649240436
-3.4054719929685447906117447555450017853086009864737 345.78039428284771741514695522480781594083844768565
5.4375008884251972315466092515682335395724735953325 -522.66399299838558161164040211882067226279819052888
-16.149402439137009390230695425223814862892193201593 1050.5866559844351608318362782338940323121407511059
24.309200787949197462724372091855938075268265402775 0.0
-14.425977359547289438316797127781326085045676037305 -1050.1733781319371105069467849668941635139317952899
4.4190717303140286792718206021634032953951893658673 520.95118196497374107433015358141908892218363978226
-2.5485106413284579510066540677073441016056835454114 -341.71240167072416261779615119356024926490122318777
1.8351635772928521635173362916172815970657760704739 248.90280273599467746754098236603581751367437957240
-1.4302133160506117634063894590252249379412789283869 -189.17556335199317112062187874279248784362486262479
1.1190779233713057477562306836257347094042248770352 143.60169122425875562410608542582713613206738177131
-0.80810923055611865999932731084762829634710047425153 -101.34667241943906450363700251568762882298423778958
0.32164957676901350368488698240326230122983232332535 39.920478716910723273799205542557274914823624068491
0.0 0.0
0.0 0.0
0.0 0.0
0.0 0.0
0.0 0.0
0.0 0.0
0.0 0.0
0.0 0.0
0.0 0.0
0.0 0.0
0.0 0.0
0.0 0.0
0.0 0.0
0.0 0.0
0.0 0.0
0.0 0.0
0.0 0.0
0.0 0.0
0.0 0.0
0.0 0.0
0.0 0.0
0.0 0.0
0.0 0.0
-0.29139570916319878227854973105473268585710598030568 13.256563674089909856280510805262863840951716499161
0.72270979893879006705065394231806362753990253740491 -33.100113707483443183663811834263664626492000488798
-0.96744166417184534356902715957815274683760199496680 45.017117643069447157582486410964772420022664851334
1.1582904040080977798729931761223856463167518420675 -55.266640435745527922165103120491531052093948809376
-1.3179893380745094613496403887828929791954254870500 65.094553822100217800137448575454117898810164423128
1.4563879324432535737151299654363203888942935883887 -75.181638886467548645045736914122694203461462580467
-1.5792988777211593300219078600281616545460439184794 86.072025916171939970711038280537013473333943091764
1.6912002458945372914947143296435534552993791625934 -98.327930632572214936386737332687229321761838360637
-1.7966183934691634559400342021041407086964570025051 112.63935833173010140708865042060570087754598943641
1.9013933245960219968243906366278939459613863358387 -129.95739183083826610585406390817120891779684965394
-2.0146037136767852214541734998003236137248858722822 151.71289338909441713597995344694241648979348694382
2.1524982710376985576048514586536451857048798655287 -180.23720091621411904697072688866932475003312570409
-2.3481105827992894434048685966155781898292270779260 219.67632567999226181561353861592165406044627709213
2.6791687553532867877043119573759508922209074379415 -278.26715009043117899174426932827769972910358213434
-3.3695368223420828124636125818644100711615206903759 375.15610024701823706102812114995978338654735601043
5.3151053548686514951484103726201751528219108302117 -567.65865319798426408468608828144725259141670067120
-15.687883656913738128879982540336393864585688712750 1142.0368523466835393650185973321572886629004591014
23.783401883674395559840357098063345979490817997052 0.0
-14.251973333609986749570924580956466125651776960084 -1141.3291041677424999553465350132147537975799596516
4.3864264065455501042040821269685474371510281317598 564.70877496497194489285559246234927462182307386763
-2.5092338532444102350238829161600345267164674243375 -368.05284050618886183922948962381874976443367310824
1.7668910416048731838446350501436731231708512370113 264.28716943994449245604353953415912800162219141371
-1.3170695418041332695805336895907606710975163857762 -194.37705895520862202265059265193283099703071564033
0.92936585673850330873804376682623711587192710106844 134.87445421887819062397139000693623416606394749943
-0.36682512040444269134838024903804775123945350995362 -52.777597000396834559311265065035737258218493026722
0.0 0.0
0.0 0.0
0.0 0.0
0.0 0.0
0.0 0.0
0.0 0.0
0.0 0.0
0.0 0.0
0.0 0.0
0.0 0.0
0.0 0.0
0.0 0.0
0.0 0.0
0.0 0.0
0.0 0.0
0.0 0.0
0.0 0.0
0.0 0.0
0.0 0.0
0.0 0.0
0.0 0.0
0.0 0.0
0.0 0.0
0.30281507445474503879540301631105639146799975692425 -13.198791425754610325039037282221705125716804942007
-0.75085994398177950880694975909741783561818618290627 32.941267515914781898196597701425542556149419459349
1.0045666353932990795325517176321572400266030509076 -44.753565488232478765278337995255393737669671328990
-1.2016296008127099304648411673726036352499401059572 54.848434779886083066187066512939740822099653647065
1.3654358889142343065153399973761267130826374144198 -64.442709064310752710698296550981072500701297728570
-1.5059006985705486869925347229387747863891656693970 74.180834899497084682666880373649627206879067668747
1.6285937277801439241386627569230850015485660868143 -84.554446894021899260511511144321755398384527291331
-1.7374333934604298453228104887860861161281961954228 96.044883046193352423105359017994818245803316401859
1.8359110630567902665505628156746026611066847657902 -109.21166325630803162285028317267539940356174980602
-1.9279767047723341152894210392623513704025898947233 124.78546727938881486364610872177604346862251072378
2.0191023052043167811536613565731977655162562421007 -143.80453868389144825500291712614251398694376672747
-2.1181190817275764069767740420438993440478342882121 167.85308435114997705839367302913618876736023883759
2.2411263145847949474398646173732721298460594788525 -199.52821926305470824343619878694068258135707966059
-2.4211717864950799059887334335433324931909248695371 243.45943708523086647943019812646008742626517294125
2.7364950408455810966098296033643980043542798942227 -308.84935558136680385002424388174767875826623721187
-3.4135219304414202172377723558766615777972432181736 417.08489703584147484043812030915880158135307248604
5.3624233924461246154048262342485845510140271765440 -632.16009491950845971120518440712197286979842699857
-15.903251872893714717944364893049349734154523630754 1273.5670905753930575994861803967553120642112409609
24.420062274420706227391604294887942138506235423983 0.0
-14.817693897230596666212927511055923361020565426067 -1272.2844446634362200154769909376672471560018585901
4.5416391425754689046294844599918111907639461515255 626.75299259915794541602938156723474911343523277567
-2.5433403687998625136545360046416325129514657700971 -403.75772607997115284066144261771051401779219621248
1.7147475915077627083578615336798650818367524899257 281.53965169971464723901167958383982408125848415425
-1.1562791616958362302654587193303186650204882967586 -190.18452995800369064564176804198628179533411689393
0.44913153411262030956483517428976875206964537939236 73.671016765809766366653874135021611511438881442635
0.0 0.0
0.0 0.0
0.0 0.0
0.0 0.0
0.0 0.0
0.0 0.0
0.0 0.0
0.0 0.0
0.0 0.0
0.0 0.0
0.0 0.0
0.0 0.0
0.0 0.0
0.0 0.0
0.0 0.0
0.0 0.0
0.0 0.0
0.0 0.0
0.0 0.0
0.0 0.0
0.0 0.0
0.0 0.0
0.0 0.0
-0.32115521212004473819071271043908325518034032488363 13.484577371444402242373048577504626981775947507027
0.79621187005620103215048600486824043066601925803057 -33.642727634493691288548045234364443956290581585381
-1.0648401725227757481772823583046146134794580501989 45.668235508108574495327991207911330642043955115218
1.2729306210963363568376244295101093170211084761828 -55.893384222770630244621392430761044257012067302925
-1.4451262417582777326601307851958354437273855456102 65.543224453451653376818004114641921026463529727466
1.5917335600981373892889027056188453277183474445713 -75.251154263528290444350221149713807075419900001676
-1.7183628531144621136766415051089160382830263273715 85.482838228550638760923177160354746187707838747896
1.8287236626463135328075315131815179377459092850483 -96.674339105992665634211658584250842663196132792568
-1.9258135076408022587657957155943704895962928460845 109.30969129196085040503351758870747646274083898494
2.0126487465783796939206836454271526273573245950300 -123.99258092883604095709265866367847907179101408692
-2.0929685475328777776065396051583598675312024312001 141.54085342440379130681694611958008150154478847666
2.1722522171554559825713188625159083597569285410227 -163.13799154388143417873133878668296554981627658106
-2.2596166355874463547199013485344640614331869832661 190.60544565868726030281083535689569073601001773223
2.3719604674325729998119238694041783748987377810919 -226.94036163446277525895142114416925021496464476139
-2.5443327621341828874500490560973235293483738376512 277.49176016095492195231232168834200110808365143309
2.8603589056816062122006292231864274494053922645700 -352.89188984626606175396621171146411053902578365780
-3.5637119690893391936423469099312159225982990011910 477.83382029962467325797534517038394009114355420583
5.6403736894397679393962203148388318518138327400283 -726.14201659811082582199568113512722603307623537651
-17.075235944118831462014767263892988002763588941630 1466.1226795028244971084012680092549135079191376459
26.785374310689337187741081597490064786266491417373 0.0
-16.535676306479903093856118278585461009229597437429 -1463.5628981536988870182131014437335726800140335482
5.0001164238314307361699438689211201778732930085406 715.12402261484553859672880723653981589780050100755
-2.6909297659445009444890016105720687515133377889292 -449.50453210073012341946719561837713325416512312129
1.6508960076951915762462207512799009657195733723418 289.83790914656883568400329184787445600514681857305
-0.62092764687534449891257890886977840583097066468074 -110.41211828879867678953002233600557912778560231147
0.0 0.0
0.0 0.0
0.0 0.0
0.0 0.0
0.0 0.0
0.0 0.0
0.0 0.0
0.0 0.0
0.0 0.0
0.0 0.0
0.0 0.0
0.0 0.0
0.0 0.0
0.0 0.0
0.0 0.0
0.0 0.0
0.0 0.0
0.0 0.0
0.0 0.0
0.0 0.0
0.0 0.0
0.0 0.0
0.0 0.0
0.34912956326463609277229589894438968473897670959808 -14.206082612254466926536880322899995622328845042749
-0.86547400818650023390047200203106963298509074370872 35.433152068188912519031125743004467280940642315227
1.1571723405516542919186652650022305124021915421928 -48.067313476753986536224500582076916528296867657611
-1.3827192051411042552080283161115855000881703294624 58.767647850288256449863743586132947013061346020490
1.5687914265126302524532037003003617718269468221320 -68.810505578328906395228850783911546043669689545493
-1.7264506145349648949816414382665321746373255081340 78.843917408098549506483826037015348535501244987743
1.8615993147856789441051842036637610073873628005135 -89.330835677749133982842549565812515118020187726997
-1.9779839546919877435016065706560199345353572567681 100.68956600513843841242520487634561406019214804557
2.0784259977238155167565493620691162546510950955828 -113.36707682173704996769992617451864461016086336687
-2.1655057945028171300845242818644696835379058466682 127.89984129877865381022149434684199763919307790749
2.2421150522796678671842395907333913050100971308254 -144.98652816488705308282996680656444724107564582624
-2.3121259758117807468789672168834330631680954813117 165.59563429085568138617346228074099027061582801915
2.3814857302465914368287563397636364043904451202816 -191.14529821667279441057803734265842965936448024787
-2.4603618985713232184510505097028932174684654629614 223.83083459692870034725995553506866155130757228578
2.5679230018875704672000171805343241968551422281565 -267.27370027653498594148921634061232175249909484693
-2.7444252364283475722495287789282421123708046269647 327.94133441584115918871797943472155042130643000267
3.0869554514317013914265862566975816241977165884761 -418.68303909777081193603203931129471041450582224872
-3.8813035145330047111305460858057575360931561400483 569.30715387227073684006306965890561349279857485185
6.2956149120499071225592272037492962604727262519211 -868.80427143350395138046601747695928092791271651185
-19.891218993796232180113827518951790686792527035663 1760.5599903381065631696647648477755996659074404688
32.298845961911993439857549517945868839490901802624 0.0
-20.455491901942397894046724954530730992677823921040 -1754.6251059316789016732286101259389010585957981720
6.0528536410212760070844479492706150346509405568113 842.20278923284851208827337594466287495884570359476
-3.0123925764497040171347165302758038045979850764062 -494.43674905216982012713280791793805772485388798111
1.0594338799392170798150513298785361437530207431093 182.66378575482710114035251721632834741861273837964
0.0 0.0
0.0 0.0
0.0 0.0
0.0 0.0
0.0 0.0
0.0 0.0
0.0 0.0
0.0 0.0
0.0 0.0
0.0 0.0
0.0 0.0
0.0 0.0
0.0 0.0
0.0 0.0
0.0 0.0
0.0 0.0
0.0 0.0
0.0 0.0
0.0 0.0
0.0 0.0
0.0 0.0
0.0 0.0
0.0 0.0
-0.39262843764127005234316795320679057711563579646777 15.580695625625766603900852072509313054983711020716
0.97323550910731232537472301392555354272588101345168 -38.853774947517573103979870639631679661921410923081
-1.3010281366239820603166604894562087892869836561831 52.681797172024511371373297343454475623353679129715
1.5541711330989671954828454024359756741152224693378 -64.358439400926152586842627801264353870073728633822
-1.7625831790150359720237968159505682655218060762821 75.272174334454836020509332801892333569804535364650
1.9386029558169204274132051622342968995228792782140 -86.118597819526871914842268369238098366766265992733
-2.0887325707290891135390353878618840447161602263250 97.384087434170677346242928001501039227069382909414
2.2169921991107974771575810138485183418150972677040 -109.49619622202461013293728485837376890036227379128
-2.3262679970024296815279459554502177957474336693502 122.89824098383896231963582572632683000252552677964
2.4190173019233624629906329427960427515738367629998 -138.10622122196977577281203508270372750432085274648
-2.4977724034632446400211603051297550463965307457722 155.77125612488185103582722486984696183696873190696
2.5656640932386113185096004206457813659116733635684 -176.76572973870489915372393209922532144064164768396
-2.6271765492989144324751083779204007317255174296117 202.31841293676485798751850741301027931955847844104
2.6894908774604532622584601460934777901528849221890 -234.24485933663989696003860574418690693818642024192
-2.7652175413248640156063681929136782662725729087300 275.36981541586125173919045343101837284630775083676
2.8786019498961521733946054587404734190441244803007 -330.36529991233055502142025624918916194409458741805
-3.0814262589637661874153778260870871839695719892127 407.58294019859816088711779303274955641548529536262
3.5005929766335835734709724200592687857668473108925 -523.60999482770138098939785520571627492080708407878
-4.5157032731642286099206485698752517946044696616958 716.87223133450164299937823669542212888802338945984
7.7039762319883936750081270397353086019262957941400 -1101.8340386816632873362749381655747189209919808393
-26.200242353555984174319922795820979335865146049624 2247.3966030940810788246149136063572640760814554640
45.001166475984169306695709915671503932833920941334 0.0
-29.675101059270529721749510664105525795698708865416 -2229.8664036940009007701857698549484850260800954633
8.4907545017163080553962561628853999625137674438686 1015.4506336193525085709806113955658453409707681448
-2.5734860175408114833177187498665894954526209554191 -350.96012904410315309522415619618859114265217286399
0.0 0.0
0.0 0.0
0.0 0.0
0.0 0.0
0.0 0.0
0.0 0.0
0.0 0.0
0.0 0.0
0.0 0.0
0.0 0.0
0.0 0.0
0.0 0.0
0.0 0.0
0.0 0.0
0.0 0.0
0.0 0.0
0.0 0.0
0.0 0.0
0.0 0.0
0.0 0.0
0.0 0.0
0.0 0.0
0.0 0.0
0.46632855809876772752121780232558429191424669826309 -18.166034118062819554172429187076981808847516473430
-1.1558672370768519836995622082130187591226376691181 45.294296735663191596472563972911280456923442799650
1.5449979590418303054054971446909498238966998514991 -61.393243878290834497486937512051681822775943884551
-1.8452703104176344174992187134954251720719657442809 74.958867005924630258321466619676572862816687906259
2.0921579448066382158094098439555007873823085803823 -87.600872987894950297502447059002706728999971425814
-2.3002416338830652460211957620326798857218689782105 100.11824029729762066987962852896660170137572763537
2.4771464478940646516025873206671472273123778082501 -113.06126311356969970994541258038828347582987082502
-2.6275112614722447270892088908620512046035490755350 126.90422562789087915697275686696880348824606144027
2.7545661717270208837718472616594635257452376342622 -142.12817698177602812074272815541261303334228716248
-2.8609302837537272593090066365160645897077768679542 159.28040088985508961470695966119394150364415352949
2.9491391796835742451008023666163511949453657503078 -179.03541062362567609590690303742947543931979342822
-3.0221339453924671653049004359706142789662513884312 202.27434948731034151662706539517579667316107099686
3.0838943975817820455976003345061882555224176032160 -230.20328538285437931404248352152564421257575451056
-3.1404768690581992370011788123832440669778729883614 264.54460613946231052802767723461396145095915166293
3.2019797563157648774675582611376075278682651033279 -307.86745506462636685630165942903129109504375844361
-3.2866763985303014947879833922271762798925123739312 364.19661374572461442512711337346405621464174357090
3.4306241902310626843457208333712545176086971250274 -440.22263810540438862117713881537141690541783903849
-3.7128073076346634808048365245331065392883653040871 547.94719794131949069359940798805658026529139581603
4.3319453493551176551821055489610325021677094265095 -711.25009352965012439326659156024303629605861579844
-5.8992803522666633118695482542576714858618200722504 985.44127313776495238859830797103865665397657249643
11.031064122220254585217373934531504012407326397979 -1534.8781786127522974361478870168221609597519869804
-42.223483660333080274009518438273256929827266277765 3172.7854093250318939878165073627066110986098742282
80.030657403165105239451882340558002916424889559795 0.0
-56.387046202508916029259366583747609364722825887626 -3091.6936654067050405215862620784407290112909593210
11.192130257705860282508351393044203408930473136389 873.75408767595982076074086284612612990249883159056
0.0 0.0
0.0 0.0
0.0 0.0
0.0 0.0
0.0 0.0
0.0 0.0
0.0 0.0
0.0 0.0
0.0 0.0
0.0 0.0
0.0 0.0
0.0 0.0
0.0 0.0
0.0 0.0
0.0 0.0
0.0 0.0
0.0 0.0
0.0 0.0
0.0 0.0
0.0 0.0
0.0 0.0
0.0 0.0
0.0 0.0
-0.62121693341996574732748979053740115675630343559703 23.915302277214163871855012732519331594496327222690
1.5397400254487954342845005364201121488269861472983 -59.623873716568224353570703307533199394900692485528
-2.0579692835658043208697818694691617334426865381227 80.798634195207280889559705191597744097343840130019
2.4576742796814034701940630238735366677753972673100 -98.617990904857010833430713332520174593079049810223
-2.7860646142493481093799233910814467107764114618913 115.19373799087135391985601441595744154864471258574
3.0625084434853628067579564162923691070191483805763 -131.56812150870344848405114447567591977981382165854
-3.2970912234205213845179892191774052360261182060856 148.45232259182552920477657829690454473462594958872
3.4958933055262150895488876684536076644941296437008 -166.45175677881151090839669773050476612452520535645
-3.6630752085228953817081185516052490135292028517632 186.17192656320564606686788195039251727304836269371
3.8019137319214934159678205356015341588005326683739 -208.29166773334656671329396337635001339287459861220
-3.9154582202344152266360533415428836784925661666162 233.63498220475211946164405437110999630868157075219
4.0070973364713168603656772867737383992026453006712 -263.26082868566186306586982115209955443917419489650
-4.0812399480211072292278269561765227129214727524266 298.59214202187150424655688448640118006734165489186
4.1443662625992629099327444157685059219795022060517 -341.61708885045765470697629891259763435340688033007
-4.2069230150555677519878151675234826474408700050548 395.22239836823880634337108918520152114784252641806
4.2871138044010896220657627280839122193790398921650 -463.77719166472704274619561767991639008621516782968
-4.4191934403367857754580299733854616931376950828200 554.22031208297658312241687117996241195374000606289
4.6734816773919289041285788766509018238738182247529 -678.24020644812792846122403380717493193613664442554
-5.2108142706276939082636003777155430317212368338659 857.07352998070938049838669964696636937607570430071
6.4561931947554334857259632853732089980001485336413 -1133.4751116314493441662044345272387274874802983075
-9.7932971573712710464515322827011591665480709186031 1607.4153305407847552764732199235402688008257657731
21.551041682013768715347372224832637740470194835824 -2577.3939084841466041360043049040160846163909930455
-100.58644803855007862924776379015844095431436207362 5515.1405361735182506139911673630188194524660396495
239.16745007100197012674676475733116414578055520845 0.0
-153.88077241856274117068560586966726990259890038304 -3893.5141282422394136661009561402343392879653005163
0.0 0.0
0.0 0.0
0.0 0.0
0.0 0.0
0.0 0.0
0.0 0.0
0.0 0.0
0.0 0.0
0.0 0.0
0.0 0.0
0.0 0.0
0.0 0.0
0.0 0.0
0.0 0.0
0.0 0.0
0.0 0.0
0.0 0.0
0.0 0.0
0.0 0.0
0.0 0.0
0.0 0.0
0.0 0.0
0.0 0.0
1.1526760703582159593356693004600901171613954291858 -44.152156901163215434476674838956750588936445914863
-2.8569760418158390056327527146131679636039414300003 110.07275885916507266381813111078979829413608308916
3.8184451537074743477367082953815564839916615885459 -149.15046147433872557784646746902570812421975844247
-4.5598768559130848409365930972384131257089481240571 182.01775401349976711700678812484879149126201854604
5.1688347029175101879201713065655149385625276179176 -212.56776008834867203300129018115364166794983589105
-5.6812156265558941232975641283374941143994128493041 242.71733284916794482923576170811240033040542907572
6.1156804740421883223264340624613120919702102483639 -273.76935573488096610735282628850840922705152328636
-6.4834393237516665932975329249277889162740515974501 306.82718590267925071772747654515528153130075089888
6.7921094906135283368253937842946717547047562370591 -342.98778420662128938167603163462725167738877253972
-7.0476196232382468300272917236416918634080390599802 383.47326777371030550454732033327737083161340487904
7.2553957356811184956103642576884306254888442061866 -429.75742834219331304463101293982923333635165419860
-7.4213558961992667897062861976888374973798531351627 483.72102333332108959273451099923173542786962360594
7.5530660909011015613336092987301493255050944253179 -547.87127570448456013783771553982765677116229459312
-7.6614762360615979374340022561532831935483989547385 625.67863319562129633066334402017983148599989302426
7.7639812251482722761568876965526818452906259747941 -722.12410902857200667247924542463009561002439618768
-7.8904104176536703314590954365631049969369959140905 844.63603727350933326056023323992848176188448156026
8.0957995648349597496346358459523255417473202243979 -1004.7835208452972125529435273829621656512286072999
-8.4901764897527552088648872476602111831330148626269 1221.5387886859337883303311996868101637463023149213
9.3158022666222180503055089914097507044268477030073 -1528.0704489549430796842445936085613282660955449455
-11.176391749543069798446770163169278275664626510898 1987.3637356982412469938439512014255485858997827377
15.852400625463380331905190395898131148901822230892 -2733.2139988910518596001215444502216435850592966448
-30.064058936449899339877452861901161261644560056060 4099.9974089653868859381966882455623325589722599350
91.891787953815257067144033159616932834257267364427 -7173.8644475851956334471917085915918880835512764618
-708.25259751422812170158273267687951722496294442704 17920.312274525998209503847154459725955298989108867
2503.4233440647091638263321815569754853909638434636 0.0
-2062.8426999587609809308356692451535343069855136448 -17920.314036396770140093299112541396859928157535341
245.10001090403666984595710728741320280953183997548 7173.8668339531348285082153927627665083175410190783
-66.747004672057102062945945985731262477780630821026 -4100.0003169710346502818442191128803198813271978908
26.508401194065895553463803527028654800598330158265 2733.2173831511218477746386662205910329259038168893
-13.332385820272587140984187039568344906141110899993 -1987.3675738349875397482274053260974309919757842263
7.9940455337984812643952644665191133043721669113079 1528.0747284631387000256506714602747235167654521295
-5.5137180138185838510262625302451915410440899050837 -1221.5434999357567222664812659832236323015113339444
4.2457079312990496657169535598594614623586318418535 1004.7886525718539304970462004739713723815858521398
-3.5483115215154344487585850832691893496186783896066 -844.64157334985749709355445696529935760085540347259
3.1392923940284370644227751772564106695295089544593 722.13002605319629641592384042191332387539147685038
-2.8825543627281255009740898611530767366893536631943 -625.68489869040055861209919893692466616096800169138
2.7074966248695793804249615052489148000516181068048 547.87784682276104085780226225246917813068990559639
-2.5752175733976390860943736438772068840396901907435 -483.72784601503272324547102018721694345416222613102
2.4631268139657462575780978221092632501360741110692 429.76443685794374664162819509802648185587771172542
-2.3574336141368596710005103803502324059367386128119 -383.48038458397677267250188202320420628021156130286
2.2492418253804627215226194887347758768438864836806 342.99492002715937977339551475730479787275709435951
-2.1323786248750810411994769011641786957235812411063 -306.83423980403040976472896935144913599374653178696
2.0020662627143004197205757574719024847946718626311 273.77621498745995433001625057188676491316705767747
-1.8539539564183883556975149964675977597705120328750 -242.72387198970555582419733387543183543412484899372
1.6831505701089043200862556575652230717789572317639 212.57383814325839267811288825152060462111610872726
-1.4827563985185877806410543514850785442473616019550 -182.02320736852254901776416584386895468106361532427
1.2405480769056919699497307700475833211487219862898 149.15508507989682816055161740734670244821096657658
-0.92770624871941807697564824514990832936415776590644 -110.07624566023233823758183708947176272516313442962
0.37421558181414082191836272943907195165716115678508 44.153568413597632886275574299576568232785606479710
0.0 0.0
0.0 0.0
0.0 0.0
0.0 0.0
0.0 0.0
0.0 0.0
0.0 0.0
0.0 0.0
0.0 0.0
0.0 0.0
0.0 0.0
0.0 0.0
0.0 0.0
0.0 0.0
0.0 0.0
0.0 0.0
0.0 0.0
0.0 0.0
0.0 0.0
0.0 0.0
0.0 0.0
0.0 0.0
0.0 0.0
-1342.0789896226433065024613104700302094455772332418 11658.900097505569213354402177695493667082799244706
2030.8924807342801053142758814189785831052175856043 0.0
-798.78939663300579687021104854932856713229297005192 -16514.770925814172905015326214229164020478790669387
144.97624197228644914022395554531788920776828998867 7717.8606303840798358453184066829872499763175083239
-50.184943622422567122330100980377108872449933375068 -4813.3170553374291252222149144142435328312575764675
23.634675473971894021487683517178678518853134750317 3394.1314134557626133391652971994650523848168125540
-13.653213868575167909437542476291365195524007889690 -2566.4636927433594898297239949821026221683270452786
9.2055460274620548722952411859289059573210867116325 2030.9584212463871372455171997206650654173254679600
-6.9897822380003774570990456544848223589542179079369 -1659.5887517174343577162752391388093281800270829979
5.7920519184957338621107301204332576306907242079235 1388.7627494061570908957593573860501029386462436326
-5.0984184757295306486997558136663608371412431157112 -1183.4800294821680814177862857311346950283776688625
4.6674650971520487194710238241188656600132219099216 1022.9626151476514926000402000846718326237404341580
-4.3762970187832216986615442077305065142817671717140 -894.12741110942719583236292012247261659140728375534
4.1581498798062801422149382448500204867399123774363 788.33025687634532185079229481477831780657041433840
-3.9746785589906182561111348933305325503432363283256 -699.61768445945908792094245956311501610424714382211
3.8026844217915869462624646784739516063535688166121 623.72877931153823522804663281400768542060647922517
-3.6273192523673034104152239410309288650291806240279 -557.49253232757414952767907326445556689626474073605
3.4383561215720165641408877161736308710090816328044 498.44149898599880030091090468553406571980806486694
-3.2279380263265834985954057982992213073883285525190 -444.54292601842257845716165983904929573694312742392
2.9889618741926939654714408884773349156803085662584 393.98365091718061145135241885466027699782506167422
-2.7134901755274970754161611401445777657449272976605 -344.95076705625011990840970166204365761868029455334
2.3903685439562162472270942107285718888569451947574 295.31464735617139740749449775181142355547408072146
-1.9998728020828922904900837372941100538088367278223 -241.95427971192995076581239262536575629311033918834
1.4955320913379050258492746186442292167992539707545 178.54585461520230540617712921521558242335341831135
-0.60326166784190549675329633925348881918446068543615 -71.615261878351280636489965589047259639188091905973
0.0 0.0
0.0 0.0
0.0 0.0
0.0 0.0
0.0 0.0
0.0 0.0
0.0 0.0
0.0 0.0
0.0 0.0
0.0 0.0
0.0 0.0
0.0 0.0
0.0 0.0
0.0 0.0
0.0 0.0
0.0 0.0
0.0 0.0
0.0 0.0
0.0 0.0
0.0 0.0
0.0 0.0
0.0 0.0
89.398481105603851890905132734807242053963434240926 -2616.6167689824245187943247868023022802468592920986
-447.82376396365315142851569025040263285572772680890 9258.6442786664537761119445856783864653710060975503
601.16245787354851246391826660731228326794324340947 0.0
-286.28493356581245267693553242247564597309121963884 -9501.4941982591009593506869374182320035924375605328
59.029242112009564999266477163766829128246850056070 4596.4797303809850186650795049875952197234505573712
-22.792998010399275385989806695000052643787912024241 -2951.0902167250834922891395627282467561433783701648
11.878971519286185669611891132634980975469915099976 2129.9747377703758472045630604530582029889029254859
-7.5406373495984149867938257452786639314992963433465 -1640.9346481490181625281540892994946652973572434519
5.5204150031154533713162912151923192209635013420764 1318.3341128397315926111989445478074825339481691041
-4.4753304753752879933343504430238190920098367743385 -1090.6606633031595534017208417812016120879193819215
3.8887823207142965537981640806108829725672827325325 921.97307880155836908946904755003622726547863208687
-3.5333125711842107827129598954394967807981656101437 -792.23524569023169714776948177703804952611503137237
3.2983484715905567991675572588145729069937919626805 689.39420127665860567460468101790801434732092947995
-3.1258433930129736869657021549186123279061644302992 -605.75615892867396296023481961754032910921028734164
2.9833318750156333536969156717754376814276790358703 536.16309678434330185152360684135339909280065936367
-2.8515906360867783944669962850177494612597379488879 -477.00320797833209219396641661751732610744976066395
2.7185426841631876577577919582898096196101257489639 425.63773230234578637413396552611273714085233505215
-2.5760138408507632411744047468604605108015880651165 -380.04670136704822708591131363573943691575542454133
2.4178333937632406511761944441012880781246191478143 338.59115893024983676551695966690517648543232262898
-2.2385180966099349815243453249129989254700009322147 -299.83049922442786583786957190982791530632984669592
2.0320281325551816764376166598868752569765270747419 262.34437196143141139711705155652432626870640810479
-1.7899538356448155661788494209819336021438486316214 -224.48479221322511268843600103327504195572963552016
1.4974913269669745532160002573634541124019058880096 183.85902115739070917662605555526020741583608218861
-1.1198227231005026608588017571601619989076339826722 -135.64637049205380324859725163582397197956038097153
0.45170609532033403545761552662108508265849330347932 54.403258059850487727230807432930587665920999676224
0.0 0.0
0.0 0.0
0.0 0.0
0.0 0.0
0.0 0.0
0.0 0.0
0.0 0.0
0.0 0.0
0.0 0.0
0.0 0.0
0.0 0.0
0.0 0.0
0.0 0.0
0.0 0.0
0.0 0.0
0.0 0.0
0.0 0.0
0.0 0.0
0.0 0.0
0.0 0.0
0.0 0.0
-17.112403831809194202198307362851281928988277968636 1051.1462121674220307677147341847404623288689741356
57.129985301311750448919543236822194241432871572649 -3041.3346240255096645904441060252707249013602376175
-201.22916386060261744793361178072677679278247913148 6678.5831483601695807381380079115552471765892730655
282.41366495295119172891777996985068133537940635464 0.0
-144.22666790489695741372415154254383975608981797557 -6731.0932386059383588920461308269612688367218256759
31.859210848077096242820559812041917235624311547403 3300.0640731705352488442597797441247526210895007141
-13.250571558803863675864162673844481863573759446810 -2147.0804760153178934163513593585948495266395060107
7.4620194113625065509222963165461075478205708592819 1568.2487551260423923318260304567033959814028166823
-5.0969847762318452207524887374465028779718405265432 -1220.7410939144955305654973435791035728099910094108
3.9677433162067472957741720195595033968412898772769 989.46997390924458561196033180117976503729786213010
-3.3676882333397695714000732234199418227200844692033 -824.75553838675049203305163434287838444105386478288
3.0188971996308627662343365952283544283881769522613 701.58414565829452023791099332863109014030954040746
-2.7964283226255512431605084170522822329104510388384 -605.96280463558905697110164247373530571599394381658
2.6383308106023506217515846161668388109134874731518 529.43121626811814222650360550383466579333864955713
-2.5114329507830367387992209419990536979825535016471 -466.55167509986912848279043706995002755917179946776
2.3967671837589328279579152445266135403012944510834 413.64392556859403940220543758765200562755400658839
-2.2827672772709099370846577584458114645181021991920 -368.09511240981070222855960680540062453792849279780
2.1618186916964537827869840795092376743349768902722 327.95508215769172810502071096761886529102049773897
-2.0283305824086856034422029006032961627019927136434 -291.67837284071484694125719733467179927638300555875
1.8774699388647241093217722017880969725544503415134 257.93721060028285698277290248094066597992877695603
-1.7040362562407842336240712972986506988564043537943 -225.45103207604438512579766342759473426089706895603
1.5008978908302334640147800960022323819155791868135 192.76308342707690558891687063732040558283290153569
-1.2555942362616496187832273968949788717269383596646 -157.78996988015676763719388456558799392577088353130
0.93890295861086547012075327478451839399057470638046 116.37302563807149726027189158844377180338272293242
-0.37872330688626257768700645947324481435663809870981 -46.666590915405998612699994621186583777162681385543
0.0 0.0
0.0 0.0
0.0 0.0
0.0 0.0
0.0 0.0
0.0 0.0
0.0 0.0
0.0 0.0
0.0 0.0
0.0 0.0
0.0 0.0
0.0 0.0
0.0 0.0
0.0 0.0
0.0 0.0
0.0 0.0
0.0 0.0
0.0 0.0
0.0 0.0
0.0 0.0
5.3068900817207864554211362514601339060014135920458 -547.18065098088821220643106783968875242489728419117
-15.442515049694403109667814121676662842238978027673 1481.1159622940888448017434886114553213257739110654
32.399399081017661604873010101380363410407122528251 -2522.8713062220293705170094210219831233585604841485
-112.62190996253917745011378380296272847646089486551 5256.0915930443912671767398179016378097361135975858
161.91829497130209350651073718706850653895686508399 0.0
-85.675206121697452912499763068137336988737268325587 -5273.8763630841503882394837178953099140908422267856
19.902452715501520666950330829728468319437009799225 2602.5641384684074269077450057723442553675987871405
-8.8087707612565699324606305856972040857477152785676 -1705.4013154769513058288942701271712395969193023831
5.2999834711210239474222370631398078758184919696984 1254.1973057197337652546188222630071082010919040760
-3.8431463844587117183664571412569516006604042597387 -982.37495872254027160488905222336929163520012645535
3.1345790538673002072834181081833733464941096187862 800.64143551852697761730807314859030791450427377923
-2.7480996969360494625927112837809138145408671957394 -670.50580246589838917169070520239536802746661467288
2.5140490348423828956935954143190610585138179439343 572.59441292090188161760088524137639348913959877239
-2.3552218781761690165904878245746980973425848440519 -496.05894580409815391737328220670987780452211259737
2.2328391959072806122973628672522142720640488527305 434.32318190369882428311655848237262433927382635234
-2.1258130035337006739812394623735505369306312781222 -383.13898379076181441813744855383871157631084605030
2.0218138006191637504735898990884961512581615406998 339.60514512482455958463727394911835414020784756313
-1.9130305955909716184449856599877383193678039312891 -301.62874748230208745476488475892325461433019264370
1.7939435469215422842537523939706919126488772684479 267.60273965641049999261348169594280328019272097695
-1.6599607501669985173358090625627575522269577405772 -236.18818682365568085193165882281698167578786327151
1.5063035393411516725844216660071104528870826867699 206.13201285561566790709227616968716255154457853436
-1.3265629031400357609507289175772766339305286787324 -176.04739277052501922888494995401950185183792970925
1.1096637268963615285586293716628292410363182937564 143.99306960271541935936690119266978094883753359667
-0.82974289955795129092999723395045933211991813163168 -106.14555755712882970587194999609366832801870518004
0.33468580984891336439163900386614714515413923787271 42.556558248886316905015440114829166493398355517692
0.0 0.0
0.0 0.0
0.0 0.0
0.0 0.0
0.0 0.0
0.0 0.0
0.0 0.0
0.0 0.0
0.0 0.0
0.0 0.0
0.0 0.0
0.0 0.0
0.0 0.0
0.0 0.0
0.0 0.0
0.0 0.0
0.0 0.0
0.0 0.0
0.0 0.0
-2.2192943540530870262692938770091598405537250324839 330.81503157024550355925610971420067544256613235474
6.0470660700893090297564374948682170625768610853606 -868.40781589472725331793742235107191961909297164137
-10.402115659170759711527321616499367670225502830492 1346.7987730712691097784074101077777957456716741642
20.685346970814961570723933650605365231316456173802 -2142.6447348294414710659339851650122182723834177028
-71.237002271425279913744227296231346323202666294028 4385.1092919763167406852666137284042834876255964293
103.70764234965834345212064550649016655336133407681 0.0
-56.051024609239678246857110258478760739706408219881 -4392.7857408803442597928481893538300572304939319360
13.611005797029657019250134356372426332206614182887 2175.6635444429104364345162003300692971371718650202
-6.3825070933287017601970632026283606666650963131127 -1431.6853995049248776341214789819421478859403324846
4.0736827922787817037825295591681062867166299753012 1057.3359941205291183243860037201209424085293190089
-3.1035054633733667677242127267141951682653965030258 -831.42320798279690462537951605882625881261984032040
2.6228475319870726414211145435421848625644551927252 679.96190871908114812477759917555768819827467585291
-2.3522715453559283368543864495176634501251012542428 -571.09585232998291319966410595818299329165612401773
2.1797441350467598147060391382562896935295470378315 488.79834807374773309035915050014804783230460023075
-2.0538734544656460097483500413917485359979851287743 -424.08936833598797264411378230548814532049087038403
1.9485782492231927350748599712371168171274260567772 371.51149228969388000442381687123030683933081693574
-1.8494442241107226827626769482199036976200860335112 -327.51877120476625157270821247470134817763597250820
1.7477860822084840481705844628137051776969829576207 289.66077532881257177984025001728780634579499044234
-1.6377608748836074127623404801125857437221695584662 -256.12873652910745131092728910743245726359739602180
1.5147446187481991401692557277163979542100121453718 225.47238513902187043299142847109199081036317281196
-1.3741362673263461280941237544605686951067768053391 -196.38518115023710175638799639127069678409938517107
1.2099521184911599608660668537695017079125764006282 167.47188565514106339202017573495792618928067226252
-1.0120111114995776201527644796279680930072801442377 -136.83468209946693250940521897490712336580239306789
0.75667914526284262236527517792927340066596328434532 100.80299816690149782633546143417504301535827763284
-0.30520767386116679969078332867229568100231799056991 -40.403567741928121426975246816717823230984386200096
0.0 0.0
0.0 0.0
0.0 0.0
0.0 0.0
0.0 0.0
0.0 0.0
0.0 0.0
0.0 0.0
0.0 0.0
0.0 0.0
0.0 0.0
0.0 0.0
0.0 0.0
0.0 0.0
0.0 0.0
0.0 0.0
0.0 0.0
0.0 0.0
1.1550298446826010466004864604421103955039881623410 -220.78582224956830488737464029333884322856382003991
-3.0321418640491924534318414791116769614558856134474 569.96704806921268153080993309082316930665069528449
4.7056391446286885250428204524828623389916938818058 -843.75086570834610483898786364541070008451223050122
-7.4676157130957962346607259432946569272665973752320 1210.0287016917592525361428086542725320367084532832
14.364040851010629096087473700248966742073795251058 -1878.3281707394056411592091645092767088249344719562
-48.652270087869284959556237740234717813274304966019 3812.9365126399702263354413105016231921177066733138
71.219712991998815979389901916154533146613046581549 0.0
-39.041801936782569891996744778670872833479304565162 -3816.7878510381671372655304529784138269454405950370
9.9029385747803304283081496233802148849005887751782 1894.5401504434901657070969669828339447495840369505
-4.9123229577868978707797857511898960758328856320086 -1249.9764433059281882484259095506796699950939269881
3.3070061045305275482381142001196647993451588637223 925.60304794782618071799322781434069634853583976572
-2.6243032758148720754832439632970784430891090653696 -729.63470078361310146981406554383587111280094204762
2.2782478954921976486421073198136412542753545816621 597.97641263352950353201585681900926590134248325965
-2.0752657599774417768603729123445854573929298691099 -503.04862866521142685096429645556942423914322782769
1.9373909188525997696886011604745295387045331240389 430.97709917413257274531758193046939956588157245850
-1.8286280772839743636605357594633872171141099420278 -373.97845882966522427808328049886220140717283693687
1.7305053952178554013352376456980114790648304703647 327.30495093219060902442935321408948556625328645465
-1.6325794004666095125417801786483405246191131606273 -287.84502936507549011185696672214399687078819962225
1.5282402200170881932836977417468065528290474914694 253.40889317912678821643100289012075233365982506971
-1.4125726070697605307039636279587479144937431145047 -222.31969363794845154539365631443495695887442191918
1.2809611139225310291068344460699503395525603601746 193.13488483656007537708068254423145650326456923548
-1.1276471167559972397332012920749049546860835930237 -164.38105675115894475780188987709806360619245237810
0.94303947023444632370234426064104858684753968113447 134.12681804846097778456744868018977630598097311728
-0.70505529288891059474691670359698720294573190181527 -98.725327023561539650257817243056468698394562834910
0.28437662700429573760557828205612313204451517315149 39.556929001640915339381807145657948157118108690295
0.0 0.0
0.0 0.0
0.0 0.0
0.0 0.0
0.0 0.0
0.0 0.0
0.0 0.0
0.0 0.0
0.0 0.0
0.0 0.0
0.0 0.0
0.0 0.0
0.0 0.0
0.0 0.0
0.0 0.0
0.0 0.0
0.0 0.0
-0.71413422039792393269254245899573270356296051150719 158.21375210384047036547330498959303063398410780720
1.8326219412467298986193543753935827882920785515985 -404.31919556238292281784565907251822967657889865783
-2.6776668275761555660853539810366239037989738014550 582.69295682320238836263513335705327947724400852048
3.7697489433087951095140510886924633364797442174879 -792.26597541137515009220157675941167045206224611631
-5.6989394606063842060439620961866644193866226626817 1103.3297512620505461914726920649077991544142770736
10.590549068150797846333261590086535958703108121894 -1692.8559040242191161637832472494333974715573755027
-34.997623805477725255955974486105593293126480203570 3421.4226477621364716885249276575104664526413729539
51.270379611140952989053819245022771948608326236450 0.0
-28.399136532127690301857876527191812197007794623085 -3423.5521990143329415891460306874745100666581474174
7.5386434397383540124646263692666668567956461529329 1701.7067695730223368347311889622717467676069213767
-3.9535514364334341238277959019643635149598738462631 -1124.6313581545138847682405438829398546628425196625
2.7925723989474247921218760840552845903112570219037 834.18217721307409392901842574790060142663670540197
-2.2913568117812942922584422266936247226657032410814 -658.54139954789022715788422775405997933267938088213
2.0293494482429605027693647047088770468735280585725 540.31270186028132322474822144615082886050735287655
-1.8673027144807721818084971712834739882836379602481 -454.80391140718922508528097361095278410655139031207
1.7489314636892579413945926990345974191279896201738 389.58628913680344553773179202137238457377685006850
-1.6480667030163597963770761170077389000966058039727 -337.67104407820056651578273236949040767790146169895
1.5510607600512285717586547404495706111929814015068 294.76879160665356977367318554868606975109842837344
-1.4498952536468046425774386636190370692077867514685 -258.02840860206204413470186061423552577403564733977
1.3390411843762999302763917701236300921321648348496 225.38141779921564432524715476430973690284961800061
-1.2136722538026485051058293032372224471774948180127 -195.14242155988108387761801904745647337561687066178
1.0680890175841696695774145501503599985072527880618 165.68023215746128277444194927388693083021435251632
-0.89307224849334359319910499647760501115128598856033 -134.95400105328175020629755002406302471198622267280
0.66763289299928911315882607168473030234110674785157 99.228827630795483542920765353457728660394484002469
-0.26927253038376206359743950421438035997865705340136 -39.741061543192448816597121277823158831207866143592
0.0 0.0
0.0 0.0
0.0 0.0
0.0 0.0
0.0 0.0
0.0 0.0
0.0 0.0
0.0 0.0
0.0 0.0
0.0 0.0
0.0 0.0
0.0 0.0
0.0 0.0
0.0 0.0
0.0 0.0
0.0 0.0
0.50582228442784246503388575068662751739406135963052 -119.70783196468308739630823936854872878274520818397
-1.2799692150151460751978936886263964340242618746685 303.90396144750624232301646300707250781985139213792
1.8031537587585406659944648593684762637602841687541 -430.61239227938756046918377198879887253566447517520
-2.3685466379155940929178404120139406536667183314288 567.27307235438824044776165000229673354496229041371
3.1540298639469816374969096575663126770809673288626 -746.37511212561922346607032058849341136730498930129
-4.5680633115997406343017374585844595918298406723375 1024.6803413767315612917181883094327920853578596136
8.1655480811876359528431360387254209481864343438398 -1562.1584011016583463706708206459449492556200594509
-26.122677339310563521222094425376016590053424905517 3149.1221343284343536655036675962889579928348519880
38.160188421264412978600741210820601263908746431609 0.0
-21.313516760433031260983947905680591409382068054057 -3150.3699160676918580990018620340527833751796135006
5.9415382951814274017094230852736295991822305331853 1567.3030015961184678579587674416818888257653422737
-3.2927789007406539179667080614299708287977818354352 -1036.8872611176936906597517534873634663603451225392
2.4278936474522950806023713941619381789717723537016 769.84936672930303779918888129335711462890984894005
-2.0466422645915487645662827570030832034770260551397 -608.19248913745836287076532444935581138578028867210
1.8388679793231155261137712086473308412288417561489 499.14503633460279683460245746287121532997261829542
-1.7017212999341781852735493369725459069257755923889 -419.99842636833792139448515093238059264176983214546
1.5934699016603659000809116723566242261985538427754 359.30592290898220257409880631350765582141753309543
-1.4945064146509072787741606001964424673113667014208 -310.60358544977080415390683731090738914799327204216
1.3943123062425745290940822112623026147377819324513 269.88205492313450284535246640119009695274840026961
-1.2862597225506445953677136613891960397156678161434 -234.41060604537586584251069616366511507697234610920
1.1650611872018177436102515307416818026836671327886 202.09979108905270668913390140810585817305374186750
-1.0249075468566492084940863115954164316408246404783 -171.05234169344273560232629678704414928444579013879
0.85677126654561744713210947907040873924151964505315 139.02777173467606500402611320082453609722927484919
-0.64041688907231349994970377943260188805863950900753 -102.08815739129282237899047072259089438559981647162
0.25828342382810952109895918961582281847700737622427 40.863538834280227886772573162488934696665437722339
0.0 0.0
0.0 0.0
0.0 0.0
0.0 0.0
0.0 0.0
0.0 0.0
0.0 0.0
0.0 0.0
0.0 0.0
0.0 0.0
0.0 0.0
0.0 0.0
0.0 0.0
0.0 0.0
0.0 0.0
-0.39741228955073972432172350917879449053772908396237 94.600189267301295836160713447168572774790460187254
0.99710302271324794603920730823651046033205939368599 -239.07581540188848527896501868333102841323548257459
-1.3742250250089770713151595716962042937476633127990 334.90558642563841342274028357153705288840799398719
1.7333404859710771840088482377091484818287808940247 -432.25789289950905722837387858308377745037963554311
-2.1500567394890320202067255346008047716662249174283 549.59184205109194054579671874266155186397004152187
2.7409412377749652502381892923630333096702801143353 -711.41912030111151263223103699348501209885368477476
-3.8078503733482343274530319723828910012750678714532 968.93533003036297775638167206276473377279892193086
6.5189471669575282510330695968967296485014651119948 -1471.5295415119833681482934840322270222320183583401
-20.036728935986453232716177051618793371030681604355 2961.6467693176810969738003848830701040588780443045
29.098083645734506791398091158556626317970344212871 0.0
-16.370523631620531018608284573031001437889164285054 -2962.3910471400200904244689944907240647616520933005
4.8139991256051790268713991104662523136939852285917 1474.5820434328461286924812654574332599793533430370
-2.8171112410177747252458654934174446124967774879162 -976.11416084995220735378560840476306525674279162868
2.1573942468083510745681654220804956511552016662137 725.03415040366326606012511589196817690450656269205
-1.8578658328876979175252229568262415119055169221834 -572.82770176330346161494727661769734152200136835861
1.6854628443937569972732573894231167629306173620528 469.88446465323158615944221084906961746366966303743
-1.5627889028438954289738014853535701302510081554832 -394.83848044371934130889264566687100950338991911517
1.4582543227033994938121921684950203662004410331446 336.88999763102411809953854404396526697446302530384
-1.3567319057996978546342630469295393240894195038185 -289.89440253536329061026927487536992341024969919017
1.2496588052773860609372703527240348384327298692942 249.96840733378291272109990233575757629273159082829
-1.1309093573083536789094467026129318828409597964528 -214.34815758173536201785814029452329795831362287379
0.99435617091915523406051214166534169828939571436896 180.70386132625293724485147776291946461430264734330
-0.83098952145563729309994368497862547679641815827392 -146.47197916542382943097480144698412254171364561641
0.62104949449653756981214896917940300086881021470512 107.37517946154084858155497557200434573687248589776
-0.25045759891643502864028834447310435259455463513111 -42.950008027434463577693766765693928634171078107688
0.0 0.0
0.0 0.0
0.0 0.0
0.0 0.0
0.0 0.0
0.0 0.0
0.0 0.0
0.0 0.0
0.0 0.0
0.0 0.0
0.0 0.0
0.0 0.0
0.0 0.0
0.0 0.0
0.33695391289653733310754746651347707394400365325429 -77.509357956447430328242963371389057721254359932713
-0.84112831031902614726133764794109981648250227759341 195.24849955597407548751509765661278577428682397688
1.1443676184316515859018233881225341480072307760973 -271.31272707813561577621703279544784990220956747703
-1.4099099528703625358909630440422966387264551372891 345.29058561434675157355577014583881663523457113903
1.6805885710372604430093525760515807859696142363205 -429.25982178411661181546140319335695873654062556708
-2.0011710668168949826430930153358378748319150579224 536.10992077544579146759204292534385025861428237856
2.4566718212868082692662206361737121210552701409517 -687.60167163749977631342483566607678984416540259130
-3.2763541264006877798224393011235838592508350909030 931.99510622610573558842007347320595041317024350773
5.3529081726291897776858800380789689504822283895841 -1412.0297857937044100200983466593256095370850553233
-15.688512049470615154441469984287138583037978249078 2838.9750190110095592300119056383888902743214338802
22.586330171539761048535022941288864406187389953299 0.0
-12.795447812967962814539106375030945978895755422112 -2839.3991620021763371648958779810040387998309720548
3.9898120444735657613402493677655506801946421465806 1413.7630117804068202042508917663484299851844783073
-2.4621915104116898960362430976665059960519795837520 -936.04895647673077879960026731328756434214560013355
1.9486486254761781489334792313070386345577770839159 695.22622243032193191116132333304347212421767192925
-1.7056554743492184331822234818434779396744468051835 -548.96328882449484144630832132882703393547213285469
1.5558893701049753535254916831719821978406103924763 449.69478971830311617132769442730372351241366633496
-1.4403256796239935939264537673445340062938955967067 -376.90155923858874912743457432058352354732874364761
1.3346008654339224461260904289376493235375789230761 320.15974570816608413500994405676066867339365223110
-1.2265975371206636865762146199814434582537497464944 -273.45731540926990584389699760841824188514871260777
1.1087055331274930028940461194458180524489875319736 232.86043942150593490996760878903047287982584176504
-0.97417570997583564173297427682810550830929946127693 -195.32589601713827179455567976950280502218648991322
0.81381819843796901050261533400170711470824826268726 157.77909454293683856267007198646544722164208820874
-0.60809685590804434615228973023067331600763906008765 -115.42189191329480686670895221786389979488025652599
0.24521576834200519573459777253272927303220642508658 46.128556042933474970223697160628623605137856385456
0.0 0.0
0.0 0.0
0.0 0.0
0.0 0.0
0.0 0.0
0.0 0.0
0.0 0.0
0.0 0.0
0.0 0.0
0.0 0.0
0.0 0.0
0.0 0.0
0.0 0.0
-0.30178248252750198944852749201152389965178129320074 65.504659495147466005774158866456442551625498988319
0.75107902595699321744471988756677013607835876217649 -164.61307124595888366565072977679774314116048337587
-1.0141723579741120123263247351592054684533551208189 227.39654955649077931735236134759492063904528683735
1.2327800724321744989436709787510908356459847982585 -286.49500022977051174359460500041075707339012315080
-1.4371180593811921297134713932058199845131017688760 350.64084418697292698241036059494954232187256870245
1.6496147474678091015717037633534590505068696701310 -427.65550748181460360641022911849987069474315862973
-1.9015333840933745955377915468862142652056528231596 528.68308115121013902254701948543736849385999949116
2.2572812207753299526054869654721067001990449642836 -674.28288127401243475123436656914074573671254242920
-2.8935517037227159580808801442011541879085250962511 911.17168550266777814129384754732681221970462228540
4.4999011711571728351459798621600670807578204421589 -1378.3703093998050097852484933762912992015012505984
-12.480537053161094819502281740992164458432899887251 2769.5182668142113822613137619011850223428655976439
17.762824106199801908477646984288653747433658009833 0.0
-10.135283832542882967489161541752536210239932377300 -2769.7120436468610330320746113829049894497626326475
3.3702190920839354507516610231392690939863430888997 1379.1596377016969747514899336081627517041937422414
-2.1890443227575372787010090248160619258906540574116 -913.01194000056926081438976054057284107023978596367
1.7815175422220656925546690896670884374559811000619 677.72834095862006333797245233922012914108940462039
-1.5775504631341323219993309798465101035087151885129 -534.45364733411805088943365546069893712742663990973
1.4412084270888807833173881822480175568221391015487 436.74386582577751416442895959599504365161185941244
-1.3270103243706286356340236805441826910582062273651 -364.50240298424109161289163150717877066647687799010
1.2157327747779982218458988837465978065327045496623 307.42542633288996201906078655984970284557800925124
-1.0970371707027969032873499238155747599214232247603 -259.41428173599454036874898512960092753339828099725
0.96304615430684907719761599510567913905763699720106 216.19592825190515248587968983592679556889631913064
-0.80412410852592814298979851996021758480942817956184 -173.87144866900817291280609942555081371413556166596
0.60070200611796894157923968489759741558770559461192 126.85672613077605219036493991903723899995173529042
-0.24221093286635411634203989647059267174245227671791 -50.642876747598775014335578867616964761522350075728
0.0 0.0
0.0 0.0
0.0 0.0
0.0 0.0
0.0 0.0
0.0 0.0
0.0 0.0
0.0 0.0
0.0 0.0
0.0 0.0
0.0 0.0
0.0 0.0
0.28115348486589210583979713820565715315679374038886 -56.893059256338215270241687156008223044229817949986
-0.69850637142611551312717382711742382435458167895190 142.71282110105097461462772385547578529257310622500
0.93904255652854649922846766348525924718843083265109 -196.27110318959370421735181378838821740647226148596
-1.1326611373332185620092457731649552744920068694930 245.43826635104399206923449458938843330851539257015
1.3040454658615427489047710287372365148472608218843 -297.00659676829548660386623094481795718822593393190
-1.4674251794283404019221974701966563327567737479776 356.26857589237219153676859454141549528107012368714
1.6373817155616215861441983893166260613229184217127 -429.76694780255349919412482962155067767101992815791
-1.8371007609858970028190426948638278487682117677470 527.98712973456382996620601085760921026607410004157
2.1162031778803170324387436714043248395501131159220 -671.01690309674551129903120821086932586937693289523
-2.6119207279065983509708968585444768212571859095339 905.01673217776179828721614232290560526376377424287
3.8600172710334009770035553253506742035697597153394 -1367.7711084609774878212370940542992494617436700894
-10.052982858586560516279927224344903865718843155364 2747.2213070738230354192771282157662867524652925842
14.103030844985858218988491632120806457226555258757 0.0
-8.1109386781810259514606640299161221468092282374948 -2747.2220114210512885064225418242779963117237150514
2.8935016597993403510110414259806748689812839234318 1367.7718040558560366011826508396252316205961518220
-1.9728029267508965972049780531959302884750668329976 -905.01741309963220667376619811590419998807957698601
1.6427216254879900307929935238768413284853354919674 671.01756328136326174174730953708893993488133605571
-1.4648996146517013680581657682589390141433020736614 -527.98776288247600972378294885652811772710521746085
1.3347331280285334148229061979707551787328637368745 429.76754724093081837823745448418231839800729363911
-1.2167968119367999272096962990862664627952301280484 -356.26913435110758646175634806553241588337034093876
1.0953123616783783145892257638617036856852380274028 297.00710598784440172905069816968586360478869193786
-0.96031816493316286409717596764036637204118135405605 -245.43871632214705751062269192545686213718737340796
0.80131783382397022375350854914405218149427059859008 196.27148043507220029835305932647209295529560777956
-0.59840950261005683430723869575049441716476443419739 -142.71310356113733724779530901379508628866016916737
0.24125740566376680892453432774068214865069647896571 56.893173252123125271904290638732515900085218732438
0.0 0.0
0.0 0.0
0.0 0.0
0.0 0.0
0.0 0.0
0.0 0.0
0.0 0.0
0.0 0.0
0.0 0.0
0.0 0.0
0.0 0.0
-0.26965535772517021844865825187894362654648347816185 50.651955277981674021541079776290224975183032433860
0.66924217299798705192518105472541541875788807386087 -126.87947029378501877427849106537582949482678453931
-0.89737823611925418478970916234552886597483991575160 173.90263204895367235822827064862750312822122069595
1.0775691171749345900399514265861893744794430573321 -216.23472159984320371976539830970613821689453030106
-1.2318856482023503987002267948866111396266453738410 259.46086084750062607780980826170357238193882056184
1.3711772809715736582648442865641830194772435662518 -307.48067127648471275379827406317515220477334998401
-1.5039806840207027240806555434037924329400642315161 364.56796774009569323023896370521865459655810077175
1.6406527507148208796514707182386068082118358020312 -436.82251044576963996299907581088234333679000395844
-1.7988262688654955352983135032726088439601690108942 534.55000168556093921387370623830525905030884330041
2.0169962504577340167017531819834109752855570097647 -677.85068259149156002089376031261123294534775752358
-2.4020288520023171010871295921593079435126665066447 913.17697702881884384047906173955277764684027918554
3.3708291465815991767940797573901995593419409621215 -1379.4092839463439209809729110028021049255197703812
-8.1788208841676915377678766422573412398458658854329 2770.2141086208549972461704687387263232821958099779
11.273161716620077089775000705575184531386078696581 0.0
-6.5429758246012654617476242358643821957689986729952 -2770.0217053863239785003454489726034345833144813209
2.5193966780219373452202604418921578362270255182848 1378.6212034778878069957174759741291827671570547381
-1.7967973731351893153617445453827335490243391545840 -911.33774997964893344936126622465992171989224080028
1.5228978777476090077209767443312472242654666473797 674.40591708306888406529433859230930083138600588898
-1.3610785198518877272065860896294454645154073140750 -528.77965293451883869850594272016371561884250081154
1.2307162882109893427307611901246547172220348829405 427.73369896408217293773330607033257920639625460535
-1.1036910378591382018076899386611780778360423088283 -350.70500604540813365051426552360989920796909561466
0.96590285190466215832379715124392313876930202004225 286.54745844032858928100872360891850522805028136976
-0.80524746846222028372014164465412566849405268103850 -227.43820681906014519211930899947826957882946375777
0.60108236241345454034120534316879581612852685987210 164.64323647869080745777587100762982712358958111698
-0.24229688967083272249534085313589611127725847377573 -65.516664782075713462496249722339082302989224942176
0.0 0.0
0.0 0.0
0.0 0.0
0.0 0.0
0.0 0.0
0.0 0.0
0.0 0.0
0.0 0.0
0.0 0.0
0.0 0.0
0.26447305350759895404229041471180657040236622261583 -46.145051184674704007165038136106381437253753835119
-0.65597109751130223867929086176501348396764115769925 115.46316853097517717774714381469599169419495463398
0.87823232109597853594903477821360057739464026423297 -157.83552775953030866662294888872989395068932279347
-1.0518092990266785062975488263378495822829391927109 195.39577602241538385158696052242962171569255282199
1.1975552170956863720387340834726485005141496536005 -232.94377550687341679030364347514701548839286613072
-1.3248335084258075579080855829860555852510456865410 273.55522051129817554617604859255250262662153714890
1.4397441704629324503914924997822126384730235558555 -320.27442685984376459362489007942860535199931293417
-1.5480111799941265058620339893805192385726696907255 377.03663905354257259461294142475654161749892118438
1.6572856282640745608944048684518475558841282839085 -449.85605515910234066731416456487555006984179995411
-1.7811047163324199889006375701458209278714319982351 549.16028014287323004777990913458495317575655269021
1.9493483585760903775849927871610174703632507842242 -695.47586866895182429238492752633983760077313309686
-2.2450845031867887039132580016833278142590154504571 936.38531500251523560517232453860875222534644936523
2.9918708762894658810561930956657943923801749075840 -1414.2713940065286933331811709694764728062430044615
-6.7092634699274325533751454703850855234845013430274 2840.4209242187023104189527090149320608185281159070
9.0528425497640594822321374745212071762920254670913 0.0
-5.3118669585145488039999056211596891424481625429520 -2839.9980372388846845194664840195232739192494193795
2.2205950171319527778798376748957001233363365079175 1412.5389344952430774774678264293832599780160358694
-1.6492261960492861029542744586924044115327862174625 -932.33136510811814925533482004632601566441986419815
1.4148345096249246518570596566390295127440619693383 687.84988922788657567528178369367227308336552603383
-1.2602745896834435186333040588855782179272281262020 -536.30354393261091203044995431471895891794690662207
1.1232254338242088142736573626015854269221652716646 429.41491773815386398494192754174466720123204802972
-0.98028109236821601275827889777022451330728277805114 -345.41538367259190223758048015113373927391743404431
0.81617706784533193718341755474150673419526279204989 271.41081146830128487763664239006261320232229939927
-0.60887899837686078290937793733589275470824847888694 -195.31909653495927385088723470117993775111946632265
0.24538841589502641233765961787061618241546213466881 77.537385300606446439197704513171338218904051903112
0.0 0.0
0.0 0.0
0.0 0.0
0.0 0.0
0.0 0.0
0.0 0.0
0.0 0.0
0.0 0.0
0.0 0.0
-0.26417377343949414768854930708904870216522843871653 42.972773285354674910246243650581917030169706902177
0.65498076859871586996041706287014479218329119268784 -107.43209531916303580943745740224787090395570374429
-0.87609378263495770119454735938648040605201249515198 146.54962725653622034809910296546418453213871428387
1.0476032529813923363509141530545313258053368596533 -180.79967254977107073258432264917476237004040031857
-1.1899226452411322376805193853975367238033929370127 214.46183287497943700032369535494868250120104059487
1.3117801146840912340607643574001708753529622527608 -250.10100988067212369117768727539583016749469939328
-1.4182376920000054106679913483483452332467227981960 290.04823501128884248116877368028541706361611374982
1.5131700116383890806843185254711701118802830258591 -337.06883426052602974284833218922312452610773772963
-1.6006295088286179339741155046377224716191433560586 395.04816384019402547139949566855433727590517473847
1.6863583186537967246676571286100415741727327954345 -470.13411088227133830905830604513474187269867811975
-1.7807493898024595883289656900585195224475018112763 573.13218073606243984887301340642701844607656869782
1.9068819625286213514639031841441634958537907776167 -725.41971562991728720751670025931686962790350826468
-2.1289153064593623665843151957734266144069794477364 976.63349807233207541425221433000015091513880095488
2.6961972041430980702488824829780575161961962059474 -1475.3669665500402713469189255471992938584415574604
-5.5437387981161479911924742058388788936592506416684 2963.9686815533016869373168954979907466134535639612
7.2920817039106789226929001036761737141889731593835 0.0
-4.3355593788264375633764903719724327177165172829369 -2963.2254157707181814165133567065298890274230275103
1.9778243291073972249071490783656773984337988055754 1472.3142278543329230236917152194633452671133338736
-1.5211104215823544431166785402550791347592129432448 -969.45219997660242147573853216249434899931961978152
1.3122197274375292373260078735642873528369307765635 711.79874345628451048869559649225586010681727107764
-1.1563662156476875421925395683139401451662467214215 -549.88519274004938542849846559700832322260274614542
1.0046528008490752574129700217472060008426992643747 432.48866669604839632593282868041874240781223771139
-0.83484444822025748288333032279907506421597253804231 -335.08441551413540538743540281482217526461355526422
0.62228207870947666432467065638018154401241211089097 239.20348806769139706320512893504435592934164847021
-0.25071852481732876455720212799772332746145565696967 -94.650710529531928360174529629738754287864780017370
0.0 0.0
0.0 0.0
0.0 0.0
0.0 0.0
0.0 0.0
0.0 0.0
0.0 0.0
0.0 0.0
0.26815483866247469732222963580182129010903782125608 -40.891889170864718145289512486126220558570457016197
-0.66469636404272022374090330184714701199272663991829 102.15898668893450231960675045591713418843198825323
0.88858470567849360884021552647009438383568477638928 -139.12423788187172121089142426391034393005570338044
-1.0615290563266617706308614002550797422964574969801 171.17104367379229099723617077033131816693704646662
1.2040210677159862047121065364562431873923012903164 -202.24006251703989644024767347520934104726627273937
-1.3245967654216190013593809021997795184581167599623 234.57333792334149211775429434749156474276043633793
1.4278936307182511622421240782802641741349357632080 -270.06945833866562649559971021310780529438238275918
-1.5170118708867618891563768647409907800628550074982 310.81932629535828909778431620298189479460779939612
1.5945770465936905705287118520182840922574968098961 -359.55556912548602245528266180457608935695383320704
-1.6635285324226221159251136223320129632808804589354 420.29033909906631939584847542010720403997107124979
1.7281819492720002701167549149193367054680288398704 -499.49208035299128422798833224447146932046629010857
-1.7964545218698314837297386891531094243946030624916 608.61550480972827570873954377675380598295257877389
1.8859836115142231874082185003367728402644989536365 -770.38501700549481438092413485973597271780955230595
-2.0457542630457765477458067304333275577343780760988 1037.6089786030309481320634043652609980606820714558
2.4656089093945220003094288551061132639637595490739 -1568.3943064306905316074495814959079288983070430749
-4.6125851643338710327326072707876858946610054964605 3152.5642707402643038398222857277376201336338011945
5.8862000706069968429318171263395817063782689983983 0.0
-3.5562186626690673318177230128461505717646927474806 -3151.3170278391743192192093201109822455830413932371
1.7768050774990808144498996531872341562587347748358 1563.2475091855846157069564775403175871300938562149
-1.4048323089948943779688785886707977766062673626078 -1025.3949067594522133788654953214120498665866899987
1.2084432646911926284332489689147350816726505937749 746.89570990351831332866189929572481754461733457050
-1.0413415140046386329572119007821180052079187544050 -567.66881364342432355755768329646394824041477274395
0.86262745534462522690566958101267222161863590757591 430.91283451812511709864452755200481036560121301251
-0.64219045088338851518439612578483034541861861451745 -304.11601542738325266283497218481489697065557075610
0.25863534086288286931794644801818821269781311711858 119.79136300101479332357734243831605042760737814576
0.0 0.0
0.0 0.0
0.0 0.0
0.0 0.0
0.0 0.0
0.0 0.0
0.0 0.0
-0.27641860535163649834047852382636875072934771827220 39.774687127023836774260047574527226825619633941312
0.68508087219465757770313332745016961605948128381206 -99.312789248607337098808548712430717904581305059991
-0.91551261640716972739288499529345000548128173081643 135.06819893892711060158745057981786218891565497528
1.0930574261773383816497932274695538066963635292721 -165.82044524916071862681284393834342229453524950889
-1.2387061939639705209615128221508289336395351973009 195.30759133964646871000276594623306133424992510490
1.3610816923110091110536395234901412023540565169659 -225.57221521210797878917532791739380033400950001738
-1.4647067228580043393655741741224642691750784296426 258.24688804218973491857700321572801604156552359123
1.5523743876759934880712298302690961106031771928431 -295.01843780849564584439110033860420891919933064449
-1.6261211214815383327915207782151220210685654992394 337.95709791298987827255784867768922621173407947205
1.6877832471673987183526596287390060902133121847114 -389.91641258145377234942571808520771468080435092613
-1.7395019446327333831225120595784029938852612723923 455.18940924651751085796552547320864203879467466076
1.7844863223068422988310310549643265875049813464780 -540.77081445586812909185004988714394370421249179666
-1.8286696991141836386861697964851791891295249229767 659.09992318199356109548800873949082232374353344618
1.8852919196427844093995406982919186559992487138243 -834.88987975772208223682955376030379850830691133017
-1.9910791198676489854249080327951920319099022102360 1125.5857554963308695551691393761317398655812645851
2.2879179092845721036176066105509283135692551499778 -1703.1513064270233127128322445326402619549402429714
-3.8667128403091371832666592952493901264159840307262 3426.4591610587611769913318601019980411258584724236
4.7606492912609771387124735345723860068343932778479 0.0
-2.9320378304802098269212050616584275950250887965100 -3424.3292087884855771273125083689491248292288162392
1.6061433643604693598690766659017240249477327899330 1694.2943086755089699136445132705864138965486594247
-1.2927502344915368022001806082199694785390202051667 -1104.2674030782040450004343358363221682912863304537
1.0948520731509881015150426463869035440805913673875 792.93936756105460777712495619879545243509554547840
-0.90191190551724242917493056984285832371190392138049 -583.18827262615793280026458922637209118879330291607
0.67011235340964091588104891396789732017015021941824 404.66290859665414279558578034963349844956533124914
-0.26971978040195307606628458283094954816681610780607 -158.34825399178568169762644400584516603013099824859
0.0 0.0
0.0 0.0
0.0 0.0
0.0 0.0
0.0 0.0
0.0 0.0
0.28955606831658069912214666523239309725670368506708 -39.595874465657665369010539486913448037771959607791
-0.71757524310260935543454614889066142813192330017377 98.822528687216208703043388186973054311073248476005
0.95872441139615393833308040549190900226873817943260 -134.25888251303242258405344208551106865116629902016
-1.1442310355828511590823908485016140537335037236763 164.54292486006888624940892629026878543904689846872
1.2960042876497188848050940084461553795402340648444 -193.32509017725924770939102897101969919884947401485
-1.4229763440625625811494147964117639261276530814227 222.53867381064070022959776805597505424923622834733
1.5297457683719760213000466637990175615911878117366 -253.65853936514034155416073280977196383312305887979
-1.6190324704908024494098604482166250681801574112631 288.12865673231070336762871117494568462920652257166
1.6926471746194921833658897995661727182622074479676 -327.62753057611766712107583474418636492029314612761
-1.7519782501019300428943383291076888209720574288566 374.34712480568200191862558621993776474615187791118
1.7983196494901361917294898718451703883320990815581 -431.40205929325943493187690173460589294412239060182
-1.8332091031888854929403072279869601970317052104407 503.54478108665131648383172069380863370845801145659
1.8589731473721694156986330191007464055232374922565 -598.56634495387419931722092107629382456078286239052
-1.8799325934821701050146107144639343663964882990632 730.35470755204210856825473716465048114612278669303
1.9057468498817108302515715014223707934569978334617 -926.51667079780386774836585094115532185384116972846
-1.9632008690034410801851406555138032533779348209315 1251.2105462215590168505482059787503092526159923634
2.1554826088660182160071174014035470518101723173094 -1896.4110706760358501983141217526549838679147469291
-3.2713035294405628311824824109569445780737870510101 3820.5578762404690452629739086856396235135189234256
3.8615123936882234702965164916497764889176933233073 0.0
-2.4318876561201771359716029272224126449311390757148 -3816.7041395667641996318538998321358627284185691866
1.4554961005846907424533444413291908120472740950536 1880.1844548662747878741595568459202884599181841019
-1.1752015452116074671857295653708732612429682431493 -1211.2246734379331207096689789158857951006781980979
0.95693609606668954668121918935131159457250872448313 844.58488962054981899767857973512135379224100296358
-0.70855544861422670512910087772178088114196214743395 -570.53047701611069686725672325408480347379146855212
0.28492609278212472183188975586049380172773251195511 221.00408084099498688687000068529353685088772056014
0.0 0.0
0.0 0.0
0.0 0.0
0.0 0.0
0.0 0.0
-0.30894884094705993993879611577993751198014265994455 40.448285493708877947574597037667150572655193024605
0.76558962010055091608603683778425167847848996003574 -100.91456710634066278006254448154443960836391223818
-1.0227310146370787268578573004186144549725690329767 136.98613880108133799895162082430221986562673753332
1.2203414952335478313454827258241381439225728969169 -167.65726829727934811414333980971254556540900104763
-1.3817481373377534602022891050803713747841276098406 196.60259266487790173701814064754328494651801206982
1.5164217651200115500547272020347590210382148739640 -225.72203130907547864148313820636535999756335936107
-1.6291903080143326495825230116996942919001870712547 256.41237012730337160391198188100751938630786648827
1.7228452417253769468775318836643205717543511456856 -289.98159859404129854773071394608072359920397600946
-1.7991544739584511292470585808721564683469577204178 327.88159592958451617387475925490185909519392086083
1.8593430643899152152635879553501034983441270094126 -371.92313816369755642035942869004619952776064187111
-1.9043684521021647120872520755443631542931188567398 424.55937559145438387563645014947253602716489744577
1.9351259229767849719415706336458415052202945998146 -489.34019401393509055042438461671392724500948152925
-1.9526757926517439793024328079162447047149958769746 571.72907382052953215481703224080644303101621595098
1.9586211879042450319456295890699781081713135034012 -680.71601359035848229149920977670589869239624000913
-1.9559518011083109571419501286944508422344603771764 832.34549937188279638546135255029969138437273512358
1.9513894861902747508257988833197376042711515124755 -1058.5091469219419250402704259517939781042264892596
-1.9636434162470105795242383134482961287784706603740 1433.2742383694233368147490648014854507971258694038
2.0647571704327747323701606240756775072220669168066 -2178.0784955358863930103184556904530367699780492143
-2.8020566466378456545044183164235447234991879821303 4397.6625217899180986700247592278044411585331445455
3.1493953376969912878210384394133037231814072587031 0.0
-2.0314285368357258599778732458893705927042532572268 -4389.9789541558634048341404170932212813596494820488
1.3131614413721870697194697558488714570112074203976 2145.0243958780139892950515183144486838286399786545
-1.0360959988583012619108856417428872459935465526641 -1348.2946724382682821444970684139772730595847419557
0.76186255325212065226185151977836010928720088035025 869.37241257481582479430340999636432736673012203232
-0.30587049462567884821484196868952659967107295383091 -331.18249730643945949228180474860986525850485965789
0.0 0.0
0.0 0.0
0.0 0.0
0.0 0.0
0.33736900575484184637275049432383309805793841869173 -42.608086107971644641719917069343638125731773445740
-0.83598503133147851777555276869290425898388231559055 106.27408214193277360303136283584681892335891105294
1.1166706961089431009137654567813789790189638812605 -144.16742945879451709047416462996885312703359000879
-1.3322379606608355576177909522145038322336647993916 176.26058254445334156131225603430825164133695713022
1.5081278211771426350221461583951115759761492911202 -206.38165901062187215084538192586778247459628215267
-1.6546455645799926326585683197810711941894617740630 236.47426872134634825759906389053827471233348235387
1.7770169503610356951642333731853238229014077844339 -267.92691856948113703780730692483937163796242848916
-1.8782281409723256615698006497544252723369496168478 301.99420520892318164797126937335993125671158014202
1.9601220021097654202985463872592047010238024608506 -340.01668881174214183512008879001462561027896987092
-2.0239065623366574061882383599362017626043142885562 383.60337188028114823240441852837962779773762860258
2.0704258982831818077836127417284022987838212980851 -434.84971442678600765590151628575020252315673383082
-2.1003275804704914322904191436322196364519637118172 496.66044619891993747354144707411557055731696054873
2.1141931183080428516577323517646792979149021594764 -573.28886401491218844948674859120787126867188269755
-2.1126842879380501164132722090656796127279460432627 671.31917407842163726504116836932153543589017186837
2.0967878152090044978034974701474107143371877304950 -801.61287313162329022839321750515093910438472298402
-2.0683659498861982018055022646985881173401323840968 983.56713783192225511420555282987719415028481136805
2.0316972421135584979078562533711125347671154472268 -1255.7196504754421241983919741341729100835667575282
-1.9989129748308737682906695980294054713420275376010 1707.4716993294555007066263356341174668880105525356
2.0171539047887358733298821829289065683415080369124 -2605.7242017570806930869527643972085605195951353827
-2.4434088105774406714310889832088916504189247761121 5280.2808764034748574721383134926411718814620832080
2.5954120736483697762924733239117544441663987585530 0.0
-1.7094127375059668884959046355472410332785944225421 -5262.4759076624001619293002291203123746923830189007
1.1609026577450667123094074868394026612864176407609 2525.9359373932818091506345763691918271783754386867
-0.83825085173678680953763914546062036028030584495446 -1482.9152169648914445967777365990286484764237207822
0.33548088374639365607602262249357240214771272113213 547.84537759155031007152511572603483439324770348980
0.0 0.0
0.0 0.0
0.0 0.0
-0.38063711592179256193335893740949094471182672376073 46.727020536084540062357730002543232495531812295680
0.94317922760000754048144660678850967338419126590544 -116.52372254337371056647001576578109334975619905896
-1.2597847535165385277517911632719559555207422056719 157.99430856532228746754266813211003126159202207262
1.5028416933524980140747584861514445808139048090435 -193.01272956893255134262181266500392750205210214033
-1.7010325256211152657597969009032154835506164078203 225.74303898037358575119225917053292302079432418990
1.8659606299013916232117701862694722443572379105441 -258.27133195777282261554729838292194763558380269055
-2.0034935686804818635806643305430115389236886506211 292.05625157033127211874597615716145256748029513531
2.1169640538890846956240853748002939693071491121299 -328.38002277249732336923033192966980834316002649122
-2.2084022184661966298861751697389620417514984114267 368.57214294907709076569754093614990746077936279662
2.2791019299137742898235684991326491200077837968552 -414.18008067555745258953491361229524820471815868264
-2.3299139827903303993688067777888551443691561974434 467.15652183800507820936903269818944646340503401607
2.3614127742785075762736304967099417601883180777516 -530.11771495884338400359786879633059588863103732113
-2.3740011451432265863500879864283581058791177031348 606.74869526373480386031360022930769119734019591556
2.3679888293199219788064091997099605586744698567638 -702.49423046913932929959687489517598620093615020142
-2.3436745060888338422388303592177187322802689588059 825.82560760058468561375404158299068803241107225542
2.3014794354861201480073152060179529829594784848370 -990.75399146903441092796986792869190969238939896401
-2.2422551097606047585443556472696637853566661919680 1222.3255108199199050536366103567737581949939701017
2.1681724480633063334350111015162823940799111591670 -1570.2845451830526516131229704958527177460920835712
-2.0859286894833938257468869478946425548577927011666 2149.8680852052584272173211597956276839022093042393
2.0228879298318542418562582344587946618245984545254 -3304.3492010261238332953719882508040072602034317770
-2.1893038977307634798584353831409635889222563133866 6739.8345429254847825429398962113839398433256556987
2.1785044029985619686048209622570407561710371409705 0.0
-1.4415298378109688553048639427862076867911793331325 -6687.2576486733750936187929338480857263671726386563
0.95614566730740353777544861114826213542361873232749 3045.2850458483071283196222841103955785470263158897
-0.37968543142345299013209745447260245590495036462798 -1052.5115828887431648484889470997937102492188259487
0.0 0.0
0.0 0.0
0.45309544896064641557625610953615092556864359500956 -54.477123053230041929374406681194561848239429729343
-1.1227072039099302069425469922723431905255999225199 135.83054510591955315905033904932964041242357759054
1.4995246398516091173481691303461674787196165565819 -184.10866728885298918221992288765111199675677327415
-1.7887356975977680484441655185688668217569303266974 224.78962048110015860474354147698746239296842075251
2.0244680746767874823456855293666182678974641997341 -262.70064103179956438768280119405928354916457138079
-2.2205182445042244401541791549344941225186197052665 300.23771935919969555508883770028383091912142199252
2.3838525103492782501016858839895234484461782362290 -339.05108110744856131580829525864749918904390311688
-2.5184156028075229861982725968757886420384339909729 380.56300874567018096178264193920392432354415275984
2.6265952212865932776371520839064478472970323674414 -426.21606853919927546175299288017409630383081173141
-2.7098927060113115845394374537845316053918311642818 477.65144773442578737114082507886862000342194239106
2.7692665585914131203900435702160933830632730105152 -536.89186479391790401214993001443705516489421634107
-2.8053216461881542280344153425131634565153773528622 606.57967275648928082699448035706150489780985366587
2.8184177254045288438546817281800561396924723749544 -690.33159640262616754429131982368199032516855874653
-2.8087322575827889368880134631397170976873980372337 793.31268103136072261316738183068204172299732415752
2.7762964066702566937210865856276861361129413649641 -923.22718965891983898524362544978770367059431788464
-2.7210181313011126743630242032106957595026736102683 1092.1444971864330963915265454331182932610409211965
2.6427123216128725803516149817232561092415759572111 -1320.1279999455020754563869730322880323928729002774
-2.5411907685404740498393279925774330396066462630219 1643.1678589149365389291840823715131026680834001988
2.4166002336563268412516190431672085737958277377125 -2132.8739191560220047908927688428862945118358429947
-2.2708501178891685744478323017728081868786498332647 2955.1075568573008912247015565271300072981886426086
2.1153863269352618584751822163410298947231508402601 -4602.7376275070454686606938393856908822814674313172
-2.0509657553197411853528871025637282066922278762772 9514.4311790704876145143214473924370859869652397775
1.8836420503911897562269763793761434724210631835104 0.0
-1.1794204267630417361500905909090716865685313776702 -9271.2519540278825913325293859790738686300592143913
0.45290923813705240559904592470931334944587699396716 2620.1799308539915868395246338998612916633006497555
0.0 0.0
-0.60440668794107394948450800462675148909107496285505 71.715393910870471657567719180149767869072425256071
1.4976231720380577478576195534049041334951557698727 -178.79550073970914935110870123699751838253159277315
-2.0002360290098400740985930050176250838282123738987 242.29259852076800101102959745336336946478995344889
2.3859440078455260288853334618131540888680495625204 -295.72760491330849525318009626403330067465387932915
-2.7002611401794782722479732232554662624950555999660 345.43317505566774865913904805456935570049780858020
2.9615802740912272201434356710217701702784724081594 -394.53468859201753314454852641319228100834469974849
-3.1791818342881172932575005163725615232947576549503 445.16475434347770882533088717913169464637548890013
3.3583133183016075767655963706475199290467341787146 -499.13881848285425442846548453915398938372096608215
-3.5021416871037910996952907607308020048769869401035 558.27258440601331751338619862518273764377975923923
3.6126462733875145022044612131341924615920491753224 -624.60165473689757959912219133102074430075157850759
-3.6910744165160981267824318428838104018700742683965 700.59693321531105428872803843039811891574780682959
3.7381897422851864092504655015777401234866409543832 -789.43387492003734767063500591454246305177599070122
-3.7544101372002366213866635710165824093187232556753 895.37936878383476048600194322348750186567809430620
3.7398797449147882841247432114779079255982123347042 -1024.3952305829437780991349898391501979405644906632
-3.6944952839825280936114693937838831672369645153590 1185.1377415607677837223961275750376177845332229452
3.6178940574269526066617846212236063919542218265145 -1390.7083420924498428216740979951202443198272250788
-3.5094021334904962576234886839045640033768181496804 1661.9141438515188026433428137808592391873931555737
3.3679330724012465067706694475472127109329292913509 -2033.8046091856250137374081297236819182376283235086
-3.1918200441861923035656648147367864725399142666188 2570.0608412801757392357497128050362991836766037565
2.9785697949038244717800455518065981255518960657395 -3398.8892058868288790499607414457463107555227593357
-2.7246490463352424010659840119657702626007600301962 4820.0649284495033426815914750851814600248148846305
2.4266185521685872655604775062985203333597199748946 -7728.6813521911248112190940931412044829120872147657
-2.1038332975302179440401476332903605710521201709983 16537.926703718821728687213351850352361054734034544
1.7006355224949259853077925650980670219787630567600 0.0
-0.60491633460101106733882016345219711793611177112380 -11675.248289093772806228233742998793811200682352402
1.4968593280230256781250000000000000000000000000160 -176.61391977585199177039853014633648825717971394427
-3.7089662943752452038591336702017161418598674884667 440.30411118259708728971883567704497272852447481378
4.9536835832303530853496777177215327858039295693322 -596.61919358030428375123063201025500702215567972410
-5.9088357035707898143655171905399083697380067467540 728.09149463752037293245499875059827310139190133408
6.6871314899638302656897436125361005916487002935472 -850.29389473989271201909382281452638750399427102633
-7.3341119487372162933977643367118391763658297114850 970.89396606220622367066624066362921731869388916158
7.8727494721634256404166649627064235101853681586834 -1095.1033325019722639135941274161428774093520319472
-8.3160267868215348220748263446888896160189941160421 1227.3354874294335439764995900774212490796071357007
8.6717712335092803473892566557265285112657023854342 -1371.9783302792619163041142989111205593293586471911
-8.9448648326107516765767285991453183120454467954892 1533.9203842368944326958568577503683467765807238090
9.1383708518876711835214518590393878488964233451960 -1719.0568731880397664444463579970513380225995339735
-9.2541459192064703771676309890172691736762730495770 1934.9108879790340683531803819899976968673775411525
9.2931773982429811336493900499823235050048887712061 -2191.5113872931702583733282742176108716894791658922
-9.2557546535390793690104132224739848980825702594642 2502.7402364300977536948360049488505477235380157614
9.1415222525152712030839412173699577777949686254255 -2888.5215732048361794135293889359769191929093528699
-8.9494287962957420256914019197933071188670559288590 3378.5688353902567994222296898925718127416266621454
8.6775575407722439974280314366001426375827751207226 -4019.1585645673094560092497771594805953524458575004
-8.3227905921512024879699680317452765802488630385140 4886.1798591204098649939451255180571773550576752282
7.8801978222911221388264227107173632584272796018955 -6112.3074392922675855715399478254232006724095025682
-7.3419104042988133192359185863003401449477397374648 7949.4827563262390724538133484070471503067403586965
6.6949091315270286096176890251809089039357827130436 -10932.888277101335441414507326251262434906570466102
-5.9161847469351922667169931827150032883003430910357 16400.031334661232532289646742871437842747660012522
4.9601430329385922363759780780167748128278968877906 -28695.522490398304334489599791000466710699818202608
-3.7139465881083602852819512522645913232227255091178 71681.398018782007016321343502039575580465388218298
1.6238941295855724218749999999999999999999999999801 -52984.282096315382578619559043900946477153914183281
