tau,u_left,v_left,u_right,v_right
0.00000000000000000000000000000000e+00,0.00000000000000000000000000000000e+00,0.00000000000000000000000000000000e+00,0.00000000000000000000000000000000e+00,0.00000000000000000000000000000000e+00
5.00000000000000000000000000000000e-02,-1.17651992701619399949162911700224e-22,-6.04717301073236167638830424599110e-21,6.65310215745582026121651801056881e-35,6.96972434758580709913593822828409e-33
1.00000000000000000000000000000000e-01,4.43160290460931411382471856692853e-21,1.82764598298124416872629134149117e-19,1.79879926879734025003935949262445e-32,3.20724825098225680406349506812267e-31
1.50000000000000000000000000000001e-01,-7.02847494632851597173866105968055e-20,-2.26778249161804379619642478686327e-18,-1.17597738177789413262833267173368e-30,-7.33451353299421075342490894313606e-29
2.00000000000000000000000000000000e-01,7.02677947017704439792510961275767e-19,1.72734164908617043752642098978912e-17,-3.17972941431954850095817566524547e-29,4.78625525978950937048236113273922e-28
2.50000000000000000000000000000000e-01,-5.40014386454382681924907790837260e-18,-9.95558893563400079369343746629292e-17,2.15582027498454872519302429129384e-27,1.00011721199609103008504756071359e-25
3.00000000000000000000000000000002e-01,3.28057213326060706215937101565875e-17,3.68214739482496434355747373334353e-16,7.27090862410995214490442875969708e-27,-1.37552725073740684281314372891545e-24
3.49999999999999999999999999999996e-01,-1.49820877770252936313128654263314e-16,4.81578071821769560146485862489824e-17,-1.27551534387167914279887921012467e-24,-4.56928406515574602573556894865285e-23
4.00000000000000000000000000000000e-01,5.10361948330814991037514100550183e-16,-8.67031583366291684856902582665784e-15,3.88645617624754889348826567448230e-24,7.84879377724925420044172969851628e-22
4.50000000000000000000000000000000e-01,-1.39558169112069843585048884168196e-15,4.70518326942588638985444373655607e-14,3.56118575510080933172738598644558e-22,9.75695071993068295031549425334786e-21
5.00000000000000000000000000000000e-01,3.46289032387870448382793054135583e-15,-1.32095527597952950220289786389820e-13,-1.93279390134559142381738403761972e-21,-2.00743356618396845907762669290161e-19
5.50000000000000000000000000000000e-01,-8.19030167419182396367073767961348e-15,2.08976048149605613738098138917696e-13,-5.74710334216979718865700626313392e-20,-1.18425488821629331586946501469864e-18
6.00000000000000000000000000000005e-01,1.71347732469506987327037674746217e-14,-6.80139090979598275043805768932254e-14,3.56465873895497762689683013261981e-19,2.91088355427634848199061091945875e-17
6.50000000000000000000000000000000e-01,-2.70635636889119885628299962825020e-14,-6.37720986082220468990638676378068e-13,6.12313852136609959148875555188387e-18,9.79207897400873386024540788818283e-17
6.99999999999999999999999999999993e-01,1.90339899792165807180861768267875e-14,1.98615921030446440597281471413883e-12,-3.64110261724936172613945593694361e-17,-2.70076012447881116257277505534117e-15
7.50000000000000000000000000000000e-01,5.07914742740270737002125668413684e-14,-2.67520350812855623045763746487398e-12,-4.71347761037274950863093908542279e-16,-6.77421432599541528313976633671260e-15
8.00000000000000000000000000000000e-01,-2.30239124393634374907527810732960e-13,-1.37864223328399204627134453773745e-12,2.29007106798338322976698960633949e-15,1.71602702894485379522869762649520e-13
8.50000000000000000000000000000000e-01,4.81980753641403400609322389001778e-13,1.64356719893173429322305671882638e-11,2.75438247233767802241615018370270e-14,4.39482287148603719602656169677435e-13
9.00000000000000000000000000000000e-01,-5.43895663972099490788121734757312e-13,-4.44927206073606379855852267721157e-11,-8.84127512142809115041202157819722e-14,-7.68633855916807531405895763961653e-12
9.49999999999999999999999999999991e-01,-9.04018029065249772880678974001484e-14,7.04689942476102274110972107275331e-11,-1.23245180838345512567640186922959e-12,-2.47490749310681844940722911783547e-11
1.00000000000000000000000000000000e+00,1.77941412380744970649729719397049e-12,-5.41787734157652055938120545078778e-11,1.67006213403595246810158336179142e-12,2.39622700196940847512168635999353e-10
1.05000000000000000000000000000000e+00,-3.88494722267088441322389812622629e-12,-4.93754574023107018618516366666093e-11,4.11495480081404135141026573357405e-11,1.06957657665379649210865573539226e-09
1.10000000000000000000000000000000e+00,4.21638332640650680948762772592177e-12,2.29130052381034316287574686837147e-10,1.94848543946656992820267216914743e-11,-4.76205853978774708892847591299513e-09
1.14999999999999999999999999999998e+00,-1.89940073487060595741955280898699e-13,-3.57426747002751260694634667544110e-10,-9.64913103649326522420691101481315e-10,-3.28464526148222978759928497574071e-08
1.19999999999999999999999999999999e+00,-7.85343681927411314407745704068455e-12,2.29005313821261781820988138401188e-10,-2.24452603959254528216562377334097e-09,3.87446659182919980412667283239335e-08
1.25000000000000000000000000000000e+00,1.38373903450229159040808824313576e-11,2.37665598236420915957701662625732e-10,1.37609322305431229458022750634843e-08,6.70627112547323995537397903966296e-07
1.30000000000000000000000000000000e+00,-8.79145377996910359759447045252949e-12,-7.63717126156461966313734612400755e-10,6.73103361245565842982056502979553e-08,7.52864145444660861875710438680812e-07
1.35000000000000000000000000000000e+00,-8.25747264364888297132540208783351e-12,8.04865987396252823990750089323367e-10,-5.38638365832538358239375347546796e-08,-7.90487457474457266098905866161064e-06
1.39999999999999999999999999999998e+00,2.49053635175407075264725010744511e-11,-1.07635898203310100993915799724589e-10,-1.02364807079814186932693197854566e-06,-2.73608113201383765333943986022084e-05
1.44999999999999999999999999999999e+00,-3.72255072071481012814823202806091e-11,-1.49141903735386999734706972069371e-09,-1.87855609559730373754218961680536e-06,2.39189950647004133591674051930110e-05
1.50000000000000000000000000000000e+00,-2.11790558740056923290812585389252e-11,2.52708869248669605808260667502245e-09,6.04500328052238601080652794156144e-06,3.29715225020564535990936214945405e-04
1.55000000000000000000000000000000e+00,2.33888596959177428539931578961642e-10,7.22201543271876508373233593592347e-09,3.36874650799113265446833781064208e-05,6.21627218648982960939510448147997e-04
1.60000000000000000000000000000000e+00,6.68251351160691526952634880436574e-10,4.24469525961499492451210026072921e-09,4.05781043891568203258941925952302e-05,-9.52467080773062600818110602062170e-04
1.64999999999999999999999999999998e+00,-5.12178803509527587463326470606727e-10,-7.31264190684544297598056121091095e-08,-1.40235378716036668170232168725193e-04,-6.82375458343503947110863770357570e-03
1.69999999999999999999999999999999e+00,-9.59622355844831409329682137287380e-09,-2.75245843626445651238072415967709e-07,-6.75392672830021220751820318152763e-04,-1.28762269604136344403552901499071e-02
1.75000000000000000000000000000000e+00,-2.32430758357434842349288008425959e-08,-3.29804232001168957047379595232247e-08,-1.14637700311121062210503043653786e-03,4.62117867090342611651231036283294e-04
1.80000000000000000000000000000000e+00,2.40363717086637646567937769242332e-08,2.44224775755727744774010895760443e-06,1.63667489121001764182090933454196e-04,6.16658265089545947229664203009910e-02
1.85000000000000000000000000000000e+00,2.82921504434064096618435541949660e-07,7.61176472886870124392639662395091e-06,6.00246705330506996216274064689434e-03,1.77815303145734297245648003465271e-01
1.89999999999999999999999999999998e+00,6.99024733501541447398435464873419e-07,4.68814744562710327129738268269190e-06,1.82961869089661639863185657731033e-02,3.09175200390777416843561068858003e-01
1.94999999999999999999999999999999e+00,1.17431249527142606698910594155185e-07,-3.88419691871071668819008240772927e-05,3.61193886124279877008035647836658e-02,3.90041384407851345984453536782868e-01
2.00000000000000000000000000000000e+00,-4.51450578371360398238809743639084e-06,-1.55129483240601657184458786216767e-04,5.58240128075739289448625298158649e-02,3.85110818007791615608895699477185e-01
2.04999999999999999999999999999996e+00,-1.60195323093336090893656650566769e-05,-2.77908324351561279504882217435862e-04,7.35069557802428068853472805925542e-02,3.17184362079669620038768302388846e-01
2.10000000000000000000000000000000e+00,-2.80128114361616443522754843958857e-05,-7.99634146957589964210037860967465e-05,8.72739355282651836056058252063255e-02,2.35183574752607742274294692805898e-01
2.15000000000000000000000000000000e+00,-8.44906699925204047311064095471053e-06,1.13572706981260809314739824066607e-03,9.72793307744363009159264515622095e-02,1.68011497986357343973728730894302e-01
2.19999999999999999999999999999999e+00,1.17374877471357590435869920718122e-04,4.33256858175995765477347981076766e-03,1.04338827775037267556546056688941e-01,1.15925701870530776942965230458017e-01
2.25000000000000000000000000000000e+00,4.72136945000866758401596087884122e-04,1.03963417602055686311486261203539e-02,1.08992232886618107427319041359497e-01,7.09349693883795352512316074285953e-02
2.29999999999999999999999999999996e+00,1.21215575795071796853217847679645e-03,1.97387566017298006963800186147679e-02,1.11502796931592880643531181472724e-01,3.02474261161538912007495670650896e-02
2.35000000000000000000000000000000e+00,2.49772142577681786073022666601817e-03,3.21109103682419981186414413806556e-02,1.12096621882429896945179031977152e-01,-5.70970280460892607977526641301660e-03
2.39999999999999999999999999999998e+00,4.46209394507638863700833825356227e-03,4.67259456327208769191382688803332e-02,1.11006795696979977413711364971990e-01,-3.72518497293557540182605533099357e-02
2.44999999999999999999999999999999e+00,7.19199505255657600291313358141720e-03,6.25610096644730585353330874394783e-02,1.08430518923526731171629758688754e-01,-6.52894524347122290477493451916424e-02
2.50000000000000000000000000000000e+00,1.07232234295021918941636997493931e-02,7.86344468952463865909667665902424e-02,1.04527067716437292687975923270949e-01,-9.03990248792614608683070179934172e-02
2.54999999999999999999999999999996e+00,1.50469221315886756958452872657894e-02,9.41518954093245865951210829711558e-02,9.94342864632991765995613721959567e-02,-1.12914642891915287036895703383378e-01
2.60000000000000000000000000000000e+00,2.01200326055025496097466256022461e-02,1.08537374756907440926582711134885e-01,9.32740182997930143318834776354690e-02,-1.33146856691264454450664942640995e-01
2.64999999999999999999999999999998e+00,2.58757122589609627661175135387133e-02,1.21409482555936676847694114618697e-01,8.61534750645798383392505572015973e-02,-1.51362854227409616689487648546023e-01
2.69999999999999999999999999999999e+00,3.22321436075302171024208206199461e-02,1.32544576496237609642652024429599e-01,7.81681317342000962504448137526161e-02,-1.67768493364560992442140859939653e-01
2.75000000000000000000000000000000e+00,3.90995320955243425148650515359732e-02,1.41841778837176171772675096767917e-01,6.94041859144421793631631693017026e-02,-1.82531925982046396870967865625821e-01
2.79999999999999999999999999999996e+00,4.63854400012159151156012199501839e-02,1.49291225354987221142585785396245e-01,5.99401143491821812911994208993006e-02,-1.95794304896001552888953511175889e-01
2.85000000000000000000000000000000e+00,5.39985925126794070523210481901587e-02,1.54944867942208293322659557188091e-01,4.98479487821247578851031775394949e-02,-2.07673076902510886948403343254841e-01
2.89999999999999999999999999999998e+00,6.18513279207763420932681536118960e-02,1.58892092181969329192979633528557e-01,3.91943328027998107367264512432862e-02,-2.18267114279810512737277896866281e-01
2.94999999999999999999999999999999e+00,6.98610344298449883982294354228940e-02,1.61243877951793827489743512656119e-01,2.80413420739704631583222547786743e-02,-2.27660749132279171529323960066684e-01
3.00000000000000000000000000000000e+00,7.79510210680226518062893717540963e-02,1.62125310655397632577431043459265e-01,1.64471417232053489819623699065157e-02,-2.35926464126370133725770722753191e-01
3.04999999999999999999999999999996e+00,8.60511107751617244442581219345816e-02,1.61670861938183575590553836676824e-01,4.46652121304377721017489662884376e-03,-2.43127126685084980617505145053981e-01
3.10000000000000000000000000000000e+00,9.40979405188338488374770376104780e-02,1.60017114770064801406124382768839e-01,-7.84867122672411611441170143622713e-03,-2.49317767320544366674270440226610e-01
3.14999999999999999999999999999998e+00,1.02034835485445649554885864466042e-01,1.57293821018259339947769247503623e-01,-2.04491726029406934709519832331959e-02,-2.54546962565659383588611906455870e-01
3.19999999999999999999999999999999e+00,1.09811314842298274537006681640629e-01,1.53618963864365744465384128541877e-01,-3.32880109625270861192302331805884e-02,-2.58857932585331425435891048831013e-01
3.25000000000000000000000000000000e+00,1.17382535518953262553270234326976e-01,1.49100982295710335904706109376294e-01,-4.63202598307435694880214302477443e-02,-2.62289397853462980584472260164641e-01
3.29999999999999999999999999999996e+00,1.24708960378959743475315689907872e-01,1.43844347654659049147974029999786e-01,-5.95028308239985787533541131707564e-02,-2.64876262738883071793858562267248e-01
3.35000000000000000000000000000000e+00,1.31756234424437642493001896631967e-01,1.37951457732852452884630016835731e-01,-7.27942976857801588791443135695904e-02,-2.66650194067314617160816778050084e-01
3.39999999999999999999999999999998e+00,1.38494987665817848335483613918677e-01,1.31518193338792440098458115917876e-01,-8.61547468851360062193300016539249e-02,-2.67640099238188044061167485219363e-01
3.44999999999999999999999999999999e+00,1.44900339512227796332698845828976e-01,1.24627593713904749786514020464107e-01,-9.95456487451466588081081104424191e-02,-2.67872466888392513403143269903848e-01
3.50000000000000000000000000000000e+00,1.50951188342441209540222852989675e-01,1.17348316877440071926797926028487e-01,-1.12929742291373539379965392932540e-01,-2.67371588482103145896254833104267e-01
3.54999999999999999999999999999996e+00,1.56629605631510413129094444289649e-01,1.09739941898953339041533381021912e-01,-1.26270930294114815714308596099447e-01,-2.66159762274191874730635169802479e-01
3.60000000000000000000000000000000e+00,1.61920583161631473485877082796591e-01,1.01860628389434609558354165306099e-01,-1.39534186000912126395781185504994e-01,-2.64257555001620288518983418038554e-01
3.64999999999999999999999999999998e+00,1.66812072193908756893599908590901e-01,9.37703043798023532666925340833360e-02,-1.52685473283680954989314507866572e-01,-2.61684049821743454155950759545482e-01
3.69999999999999999999999999999999e+00,1.71294992521588246653567989213954e-01,8.55265831186298213989287904005322e-02,-1.65691675056178153937116418842831e-01,-2.58456910932105687078151878039605e-01
3.75000000000000000000000000000000e+00,1.75362929027603693232628576456328e-01,7.71775571229114581847168581426787e-02,-1.78520519276127854286373052146340e-01,-2.54592256944482720812125985883875e-01
3.79999999999999999999999999999996e+00,1.79011549523643159780696388435873e-01,6.87587786887625689779265343527851e-02,-1.91140499900507399017300367030768e-01,-2.50104643105095209732182382209901e-01
3.85000000000000000000000000000000e+00,1.82238062748960974818744405252280e-01,6.02975949196434147209612223332161e-02,-2.03520805673916778591438128237245e-01,-2.45007371878106293872562839234563e-01
3.89999999999999999999999999999998e+00,1.85041006076067377753275225851123e-01,5.18208763795793005785216574536679e-02,-2.15631266688163487707077801941438e-01,-2.39312800780455546643905438397814e-01
3.94999999999999999999999999999999e+00,1.87420360283831488533376392368721e-01,4.33595684419874887002597238024965e-02,-2.27442305283655083833127595148651e-01,-2.33032198184073709255773046383135e-01
4.00000000000000000000000000000000e+00,1.89377735762984822912096704543092e-01,3.49470955061848382592033112760170e-02,-2.38924871665615266216074565086617e-01,-2.26175375453980686288240979462560e-01
4.05000000000000000000000000000001e+00,1.90916359075228445576507587732780e-01,2.66136553473534930999053340190713e-02,-2.50050368009139901748534157811573e-01,-2.18750630529410763768925861002802e-01
4.09999999999999999999999999999992e+00,1.92040764137593601151042064248970e-01,1.83808743374779707533403996437270e-02,-2.60790578075217544018200743121567e-01,-2.10764971470362212658864213923863e-01
4.14999999999999999999999999999998e+00,1.92756318006429819080937280116112e-01,1.02609831044894130421309868071907e-02,-2.71117609118927359239747098740730e-01,-2.02224383021208389920159592819383e-01
4.19999999999999999999999999999999e+00,1.93068859130494975494022372970476e-01,2.26184794112811881284916447728309e-03,-2.81003849795933402694821194170737e-01,-1.93134179937371117672568207643305e-01
4.25000000000000000000000000000000e+00,1.92984671114906907190490582703968e-01,-5.60566944399776567656281800445278e-03,-2.90421940573115057534017222349389e-01,-1.83499022084379380188421561444644e-01
4.30000000000000000000000000000001e+00,1.92510743409216182353512855786606e-01,-1.33244533006504294631967081338068e-02,-2.99344720460132807869024682970545e-01,-1.73322007551159609350643218086697e-01
4.34999999999999999999999999999992e+00,1.91655010679570366602796603890083e-01,-2.08749479695916032431441494350228e-02,-3.07745124763538700291603540965353e-01,-1.62603969014273616935188493958368e-01
4.39999999999999999999999999999998e+00,1.90426297995762401204991337859360e-01,-2.82419582446289143699398338741044e-02,-3.15596096017717502784282596181226e-01,-1.51344728801779465107285506972064e-01
4.44999999999999999999999999999999e+00,1.88833997679755504495519099556756e-01,-3.54178867154297880342454749499012e-02,-3.22870588137787352037891599570618e-01,-1.39545032855113676177659015465868e-01
4.50000000000000000000000000000000e+00,1.86887729216221482667362152927614e-01,-4.24005356807785941136815418540010e-02,-3.29541613292774236330597759637690e-01,-1.27206131216387935999543688473432e-01
4.55000000000000000000000000000001e+00,1.84597178931982325454419516706404e-01,-4.91887977279979644742142896492081e-02,-3.35582212931524817953964009018113e-01,-1.14327775860101265847100477798104e-01
4.59999999999999999999999999999992e+00,1.81972132149559103537370860579144e-01,-5.57794971470303003477146210969767e-02,-3.40965374224147701913517389180982e-01,-1.00908381780331879614141856404938e-01
4.64999999999999999999999999999998e+00,1.79022618786764166954561023681109e-01,-6.21659918831808392898124554069588e-02,-3.45664020543835147750533473668637e-01,-8.69472603767134018022065691664948e-02
4.69999999999999999999999999999999e+00,1.75759082591668247558106051180073e-01,-6.83387657877735308921778338811333e-02,-3.49651083891979949491569503293585e-01,-7.24453414108363158804954198721555e-02
4.75000000000000000000000000000000e+00,1.72192450405046162809069213898134e-01,-7.42887962790990879198939785124500e-02,-3.52899568021695330095867997976133e-01,-5.74046793958797830472896445091027e-02
4.79999999999999999999999999999996e+00,1.68333985718651189919718148070555e-01,-8.00121699197922598332583637087225e-02,-3.55382640028603924809664721513208e-01,-4.18302955062160735713814522008787e-02
4.84999999999999999999999999999992e+00,1.64194975289709459796600851552690e-01,-8.55114681642520662296879114839702e-02,-3.57073859130823426879595379290054e-01,-2.57329746669427010510650471874602e-02
4.89999999999999999999999999999998e+00,1.59786492831729204089711450063602e-01,-9.07915861727032657068553160286922e-02,-3.57947455720740987139963848810849e-01,-9.12825307769011825330217913865982e-03
4.94999999999999999999999999999999e+00,1.55119440834128551911311252930511e-01,-9.58538810464836182231178645315441e-02,-3.57978489377473801959464733952870e-01,7.96613860062575794095445672745689e-03
5.00000000000000000000000000000000e+00,1.50204788258309687251804253144144e-01,-1.00694758119278269350383559453788e-01,-3.57143015694970847156335523688468e-01,2.55267202830306869137591381156343e-02
5.04999999999999999999999999999996e+00,1.45053732336043734222483272224034e-01,-1.05309482291112528440249729073172e-01,-3.55418598139721002077376615787624e-01,4.35155033655107513144493536497352e-02
5.09999999999999999999999999999992e+00,1.39677643714713404821179015497073e-01,-1.09696114774616945809932467830195e-01,-3.52785164083332292893304462427055e-01,6.18763208933805860920140455293095e-02
5.14999999999999999999999999999998e+00,1.34087908430685404621629964433350e-01,-1.13855683736105974628675358444375e-01,-3.49225817035456932163185443886776e-01,8.05390204135551371543757954131842e-02
5.19999999999999999999999999999999e+00,1.28295827693189703332578078612223e-01,-1.17790350268121470984563842259977e-01,-3.44727460560597153206908338496686e-01,9.94208878702861522161515740207437e-02
5.25000000000000000000000000000000e+00,1.22312580466318138211124937186723e-01,-1.21502924809742702631730875282069e-01,-3.39281607479128629502615470554525e-01,1.18418422861198117042043338833843e-01
5.29999999999999999999999999999996e+00,1.16149177920920770690177092021945e-01,-1.24997209151318329570359830076024e-01,-3.32885681819187482681021483557088e-01,1.37397985616589771475295097345200e-01
5.34999999999999999999999999999992e+00,1.09816442351424338926504128275963e-01,-1.28276522119544920792270184073938e-01,-3.25544577739649285041610267409524e-01,1.56194962219898260544196357573697e-01
5.39999999999999999999999999999998e+00,1.03325098177951339297684526606525e-01,-1.31341322911587440317514930181195e-01,-3.17272125022699279201347503882450e-01,1.74616449225526924370428498378648e-01
5.44999999999999999999999999999999e+00,9.66859133906925470050972853737794e-02,-1.34190025363808978598939392349757e-01,-3.08092561051442527528948869229977e-01,1.92438055972615208976227516420509e-01
5.50000000000000000000000000000000e+00,8.99096928821085356168707970706375e-02,-1.36823426314717914264491299334608e-01,-2.98042247308740315414283869970404e-01,2.09399522920405613165233211181172e-01
5.54999999999999999999999999999996e+00,8.30070759079921949072938891130988e-02,-1.39247052709030596867020539447921e-01,-2.87171343147670080020397119940204e-01,2.25211901747651371621317989549628e-01
5.59999999999999999999999999999992e+00,7.59883801682527051915875575454428e-02,-1.41467167649499917429523260172042e-01,-2.75544791633570815135220244782777e-01,2.39576049618145136700007071258502e-01
5.64999999999999999999999999999998e+00,6.88637242218187029281083383763771e-02,-1.43485165703586725904487650295680e-01,-2.63242372523082116523805880821805e-01,2.52200028289905670582827063102602e-01
5.69999999999999999999999999999999e+00,6.16432699819566641122408269240924e-02,-1.45299139783253877896920156778747e-01,-2.50357995483402809160966905562821e-01,2.62814106130286254054300810455897e-01
5.75000000000000000000000000000000e+00,5.43371736906378238105812995903284e-02,-1.46912488532514514199034039370935e-01,-2.36997969750234702328976695099256e-01,2.71199206170378464011554699091079e-01
5.79999999999999999999999999999996e+00,4.69551722595923612051310404814519e-02,-1.48337756742711810927987591496380e-01,-2.23277289287892494954366556711134e-01,2.77235876203213855766889046032800e-01
5.84999999999999999999999999999992e+00,3.95063261263264996507089736658702e-02,-1.49586863870401895149201907749785e-01,-2.09313358738893530365276368763254e-01,2.80952050457269719334613767096156e-01
5.89999999999999999999999999999998e+00,3.19994462025662995394365048023786e-02,-1.50656723482951208115346865863343e-01,-1.95218073082347070725933252658209e-01,2.82537829753926151940699947311342e-01
5.94999999999999999999999999999999e+00,2.44439159045593748895879730853797e-02,-1.51530235149629462763262680765552e-01,-1.81090243159987035877604672514438e-01,2.82318793033055650227077034677797e-01
6.00000000000000000000000000000000e+00,1.68498799157594615141022940639134e-02,-1.52198499801030322883673715472785e-01,-1.67010047150031386399326259271688e-01,2.80705151639473032203342071162714e-01
6.04999999999999999999999999999996e+00,9.22720056639434845290248598000380e-03,-1.52682563257369794407862146637056e-01,-1.53036243916990726675008329979301e-01,2.78133258087973158451245942226391e-01
6.09999999999999999999999999999992e+00,1.58401033474186439210140147673517e-03,-1.53025283446453093686048054787287e-01,-1.39206429321270896174515899122338e-01,2.75002814644763805968960013351452e-01
6.14999999999999999999999999999998e+00,-6.07344347654026099801604819094690e-03,-1.53252166746287327933868395613074e-01,-1.25540422846530637279549732238244e-01,2.71617755936784227305042464159365e-01
6.19999999999999999999999999999999e+00,-1.37389558503006675366491290801922e-02,-1.53338557191827340876665684003456e-01,-1.12046007972494997043845385722592e-01,2.68155668075241659831688057213017e-01
6.25000000000000000000000000000000e+00,-2.14040025815232397042248289781244e-02,-1.53224683479463192223099504073269e-01,-9.87249973935416742285024172826683e-02,2.64685147243541981127294900367415e-01
6.29999999999999999999999999999996e+00,-2.90574364097590808940472783988640e-02,-1.52876163785565389961443878554448e-01,-8.55774632489807978779224529794786e-02,2.61215637334899669108582460186926e-01
6.34999999999999999999999999999992e+00,-3.66882558231725720932243829509751e-02,-1.52335171570505509566503818569278e-01,-7.26035274252821070993613009389678e-02,2.57739413160728771257603705695470e-01
6.39999999999999999999999999999998e+00,-4.42893445919001513184610550376346e-02,-1.51703677041121486868055671651869e-01,-5.98038189219139816430604248108504e-02,2.54243711703989251634439751315059e-01
6.44999999999999999999999999999999e+00,-5.18584698084576228470562019518402e-02,-1.51059091590049531223794309135083e-01,-4.71797757600651808535236225546635e-02,2.50709733692229517025725619458084e-01
6.50000000000000000000000000000000e+00,-5.93947703078482273039356616426541e-02,-1.50373425870891779310023053051360e-01,-3.47337323926968056129726134295347e-02,2.47123555440309501836408304724861e-01
6.54999999999999999999999999999996e+00,-6.68931596906108924557694221946710e-02,-1.49518391111296054048854127513936e-01,-2.24681935038133463865339367543365e-02,2.43493448497453287482045855620817e-01
6.59999999999999999999999999999992e+00,-7.43416790253577948783559618433545e-02,-1.48369602831400099127478099965372e-01,-1.03846963349185593182218788190051e-02,2.39845804795699464439273350002484e-01
6.64999999999999999999999999999998e+00,-8.17250060523889747894857798274191e-02,-1.46929387714338736777956633247052e-01,1.51636604602996842305180787259803e-03,2.36194723747896813598308490711795e-01
6.69999999999999999999999999999999e+00,-8.90321067250753997712630812068156e-02,-1.45356413412311722908121969518999e-01,1.32344355489136153916772080939353e-02,2.32520143226144592968938767888031e-01
6.75000000000000000000000000000000e+00,-9.62618122790477472621399482234744e-02,-1.43858798944767290308420860392961e-01,2.47674144812827796722857018783026e-02,2.28787711121704651416201143132984e-01
6.79999999999999999999999999999996e+00,-1.03420931298543926370581142097158e-01,-1.42524323336338502408601216815923e-01,3.61121052354428975732792538741893e-02,2.24993182972403222009980313681550e-01
6.84999999999999999999999999999992e+00,-1.10515263752762194959727436126645e-01,-1.41227022318118165508181841842038e-01,4.72663049322252382147810129602742e-02,2.21176580928658044661919867583098e-01
6.89999999999999999999999999999998e+00,-1.17540089474771865093604061083640e-01,-1.39701161103249268772216464921191e-01,5.82301340802488435819496889830519e-02,2.17380758622080386287098466673774e-01
6.94999999999999999999999999999999e+00,-1.24478059763319373448409211815757e-01,-1.37742641038240676022738776268196e-01,6.90046825057948106315779538806642e-02,2.13597360895809028393673813721806e-01
7.00000000000000000000000000000000e+00,-1.31307294025753092697454382311562e-01,-1.35387822321873375220115030379385e-01,7.95891496042732108505663248910424e-02,2.09767114034677593483934106527926e-01
7.04999999999999999999999999999996e+00,-1.38014509001852105201707775426033e-01,-1.32922827326786217083983748737647e-01,8.99797895143725198441326165774412e-02,2.05843935147889434684936165958421e-01
7.09999999999999999999999999999992e+00,-1.44603404660002067486350260571791e-01,-1.30697683394164488035809351808540e-01,1.00172315404341146267503994306772e-01,2.01854759633617881731864853496413e-01
7.14999999999999999999999999999998e+00,-1.51091220914081782730135726637687e-01,-1.28870099155908000704691150486053e-01,1.10165476540564453911073430067160e-01,1.97882130873059761987109702936596e-01
7.19999999999999999999999999999999e+00,-1.57494786793555074115032212336129e-01,-1.27267739896240144866261550377518e-01,1.19961759890873586656169182556174e-01,1.93978511302228294323042090383494e-01
7.25000000000000000000000000000000e+00,-1.63815442672148747130192455820926e-01,-1.25482440686172361991441049642724e-01,1.29563938393669340923819377975654e-01,1.90102111014122336100674862861023e-01
7.29999999999999999999999999999996e+00,-1.70033842318291900156738076877046e-01,-1.23145547471399850841419439938628e-01,1.38970778984460098881085794929630e-01,1.86149989089410715741106852084804e-01
7.34999999999999999999999999999992e+00,-1.76119288049675207325911343521764e-01,-1.20198427875797458680649962017194e-01,1.48176588273657445364274347905718e-01,1.82063212965828377341467495753640e-01
7.39999999999999999999999999999998e+00,-1.82048156795150654416540641097672e-01,-1.16965224414466801514744505795957e-01,1.57175586596671615700987255903281e-01,1.77897088734242626328467831789831e-01
7.44999999999999999999999999999999e+00,-1.87819200599839784985616182895300e-01,-1.13964653620336369006559579310750e-01,1.65966985809675235999736781543915e-01,1.73777729647186647223434263100368e-01
7.50000000000000000000000000000000e+00,-1.93454946055483292623992706905987e-01,-1.11575959911429621269879233424119e-01,1.74555503950717963413781604014488e-01,1.69780425364000055776177211666533e-01
7.54999999999999999999999999999996e+00,-1.98987339570940823990327202207809e-01,-1.09778389418864116027185911552674e-01,1.82946344441806344627476347834048e-01,1.65849019609027412030154440065027e-01
7.59999999999999999999999999999992e+00,-2.04436301986664831558511573234737e-01,-1.08141624076142167628201302567157e-01,1.91139245517892785197414569984458e-01,1.61840793398900898989452595677569e-01
7.64999999999999999999999999999998e+00,-2.09794930154533426206697872283928e-01,-1.06083412647645385664203181133465e-01,1.99127444828585778590886996517959e-01,1.57659874306503291776371512317029e-01
7.69999999999999999999999999999999e+00,-2.15031258762724467808133938886615e-01,-1.03236476078576910029723550587156e-01,2.06902901437002629011935798843370e-01,1.53353508642670782777209035651668e-01
7.75000000000000000000000000000000e+00,-2.20106160039418704548258514115503e-01,-9.96934069966807157158955832258582e-02,2.14463131584836873368509831578930e-01,1.49077264302303468103759287878333e-01
7.79999999999999999999999999999996e+00,-2.24996714864050854116234108706967e-01,-9.59724308389499223580161692618223e-02,2.21813296724463380046605996750882e-01,1.44957461572686776943235651955355e-01
7.84999999999999999999999999999992e+00,-2.29710734696775668318927388424527e-01,-9.27200060080804407399458946803150e-02,2.28961417761723880507907996718481e-01,1.40975636937452339581580700502259e-01
7.89999999999999999999999999999998e+00,-2.34283319596756967656950054451771e-01,-9.03285034119293277684402530147643e-02,2.35910853509520733008015186290180e-01,1.36980746562322657326597940551707e-01
7.94999999999999999999999999999999e+00,-2.38757131457193417888921872851486e-01,-8.86986886360474011277642331565367e-02,2.42656717170484319261857459200445e-01,1.32819535001825717304966355492429e-01
8.00000000000000000000000000000000e+00,-2.43157817402679897159804763142143e-01,-8.72887764634594977942771090819341e-02,2.49189457429141144986666764344588e-01,1.28470431219041959897960890232789e-01
8.04999999999999999999999999999996e+00,-2.47478908236642412374675022299403e-01,-8.54212243764239003902875362724220e-02,2.55502563762753434724888027559879e-01,1.24064624602302622798600130507340e-01
8.10000000000000000000000000000002e+00,-2.51684979586706037584974631862623e-01,-8.26688588756406545791593200354956e-02,2.61597818887439760511637369111552e-01,1.19777411385663720211612313090576e-01
8.14999999999999999999999999999998e+00,-2.55731340070534192302105557545577e-01,-7.90998060873579664180534796685104e-02,2.67483684082374804338264943264918e-01,1.15683529387656149504620271303269e-01
8.19999999999999999999999999999984e+00,-2.59589191548400296861015057162384e-01,-7.52456641121020404190090054756831e-02,2.73168229810179404407166384718865e-01,1.11697510502000089224361216241923e-01
8.25000000000000000000000000000000e+00,-2.63262321247537978198558458258513e-01,-7.18153024888542716441357244892565e-02,2.78652489548724833386584201891391e-01,1.07645567385648567021847441567979e-01
8.29999999999999999999999999999996e+00,-2.66786293306952753510552412288748e-01,-6.93156854640131047172834509933341e-02,2.83929595571827980841130800593915e-01,1.03406521244719017549705616806482e-01
8.35000000000000000000000000000002e+00,-2.70210778638555387007471450553224e-01,-6.77857846178123052711787966450846e-02,2.88990225467196205296145752760990e-01,9.90066654494411507431435699329639e-02
8.39999999999999999999999999999998e+00,-2.73574640246457931788945608984871e-01,-6.67813863280083758533415152380153e-02,2.93829865139830551032101602241396e-01,9.45958155482596809878389750563319e-02
8.44999999999999999999999999999984e+00,-2.76886923787583743533973360018171e-01,-6.56109812979328616085575411619875e-02,2.98452174112387233859723612360954e-01,9.03288895595021574257825679798501e-02
8.50000000000000000000000000000000e+00,-2.80123426355809834174662280478906e-01,-6.36928828817839113967796765487943e-02,3.02866036938378513590375807696358e-01,8.62490669704511660614402670632969e-02
8.54999999999999999999999999999996e+00,-2.83240225240200047223282887466447e-01,-6.08479784176717887236963760219722e-02,3.07078842293953608794340835068803e-01,8.22612890563145384070062776295845e-02
8.60000000000000000000000000000002e+00,-2.86196951714852329703754856464762e-01,-5.73840212393036612007391391096233e-02,3.11091234613931017822783855720826e-01,7.82105007917253772047803324233575e-02
8.64999999999999999999999999999998e+00,-2.88978024222323138075275612872048e-01,-5.39379944705019808605456579499448e-02,3.14897152642766018506212824113999e-01,7.39995486989468510047080363084559e-02
8.69999999999999999999999999999984e+00,-2.91601513963207898020982900165271e-01,-5.11629555657142974264864759623076e-02,3.18488800418632081524996284047811e-01,6.96571160816025775584925096260003e-02
8.75000000000000000000000000000000e+00,-2.94111705236757344791773667859944e-01,-4.94160552376283925307463195979874e-02,3.21862606526995340733933795785117e-01,6.53098106802886641121672074901754e-02
8.79999999999999999999999999999996e+00,-2.96559349453490439957858958819895e-01,-4.85955397800909048476409971224082e-02,3.25021806583249988316758138596159e-01,6.10860226706144530862040098801299e-02
8.85000000000000000000000000000002e+00,-2.98979247193033964658910819067659e-01,-4.81969728341202544170287442245976e-02,3.27974058296828703292226126595416e-01,5.70259835304016393999904015822195e-02
8.89999999999999999999999999999998e+00,-3.01375653259608293785124993726152e-01,-4.75539248017852971961530603618193e-02,3.30726171655060686971161916788334e-01,5.30613455730924176880027878164714e-02
8.94999999999999999999999999999984e+00,-3.03721993764616869630688157972272e-01,-4.61458848960067207795531374346102e-02,3.33279893391384053304098873459660e-01,4.90724128575285594452907160694112e-02
9.00000000000000000000000000000000e+00,-3.05974626692789862736219897066464e-01,-4.38314671088690365233712638503807e-02,3.35631585691162831409404064580150e-01,4.49757728481455426515928820211936e-02
9.04999999999999999999999999999996e+00,-3.08094054933777553240196694149386e-01,-4.09048555380801711178987034164015e-02,3.37775660332262036694995131141706e-01,4.07786434267794704545320912758609e-02
9.10000000000000000000000000000002e+00,-3.10063886222061627437006885940636e-01,-3.79560049134606103168656034317378e-02,3.39709052620531733253658554681719e-01,3.65659686770446937755341578905303e-02
9.14999999999999999999999999999998e+00,-3.11899122430244112946713254207898e-01,-3.56019183745356207510127344168363e-02,3.41433589492042013278741703353555e-01,3.24362121218500119631970609085066e-02
9.19999999999999999999999999999984e+00,-3.13640276190810731309548265927800e-01,-3.42099129011212090436127094283119e-02,3.42954877374943803844039732146082e-01,2.84350196689211926200294509916867e-02
9.25000000000000000000000000000000e+00,-3.15336075321202051631012844464728e-01,-3.37331720840221832709271203230974e-02,3.44278839037859488099393936446287e-01,2.45316465478647485909276800339653e-02
9.29999999999999999999999999999996e+00,-3.17022390256130392811117102657927e-01,-3.37269992107108384196289497159166e-02,3.45408473832200759539212060209998e-01,2.06488355703210201576496970795952e-02
9.35000000000000000000000000000002e+00,-3.18706483381667199570694937204382e-01,-3.35350902788068832212626670253016e-02,3.46342956450458999546794997873318e-01,1.67197222100774857075943140796718e-02
9.39999999999999999999999999999998e+00,-3.20363223529465336375124862584815e-01,-3.25630219403136882613203014955080e-02,3.47079376615027045699246510145083e-01,1.27307401736038777413530383910851e-02
9.44999999999999999999999999999984e+00,-3.21944682820822375665092193832219e-01,-3.05208393958442663057183175360003e-02,3.47615644245520078678661904047370e-01,8.72418332857912074538414850769620e-03
9.50000000000000000000000000000000e+00,-3.23398802564947372167102169024744e-01,-2.75316837026480634683781220303991e-02,3.47952518166089483695299996304859e-01,4.76421884154231181499467317948451e-03
9.54999999999999999999999999999996e+00,-3.24688990037384843692974144367513e-01,-2.40611848285270948954634805255320e-02,3.48093568139952066470704797740301e-01,8.93552380648623141390255432865323e-04
9.59999999999999999999999999999992e+00,-3.25806146656148442050377864585118e-01,-2.06979027877404959173484178408733e-02,3.48043388301245794167410473842730e-01,-2.88987443593970732499538906131864e-03
9.64999999999999999999999999999998e+00,-3.26767820694365317119080995828501e-01,-1.78768566464010768822304473552497e-02,3.47805461718237512744070163893424e-01,-6.62411756088868219108074076210009e-03
9.69999999999999999999999999999984e+00,-3.27604548338848791353457594974813e-01,-1.56610169854619127531083313786811e-02,3.47381089456075027208821169128679e-01,-1.03529108987495862840126998884220e-02
9.75000000000000000000000000000000e+00,-3.28338751212477697359197757315288e-01,-1.36708925034862788207015273671614e-02,3.46769897750325083622974527703373e-01,-1.40965487253903672349651353515448e-02
9.79999999999999999999999999999996e+00,-3.28964616490159540601777828982404e-01,-1.11908609581336425514907616011792e-02,3.45971349023476705630696643046388e-01,-1.78423209786467796050449332448749e-02
9.84999999999999999999999999999992e+00,-3.29436962916870090790096563460981e-01,-7.40811414466525416949560964920341e-03,3.44986138128920695511557490924614e-01,-2.15573430586973311673667254594731e-02
9.89999999999999999999999999999998e+00,-3.29673380257066377760611429905203e-01,-1.68545181031663513578036650095046e-03,3.43816615209576988184471025703564e-01,-2.52118592131296373144448161552423e-02
9.94999999999999999999999999999984e+00,-3.29568428701730351014539804765426e-01,6.24565435346922375346498246468591e-03,3.42466139382774028992620740317633e-01,-2.87964743758295249613905767451787e-02
1.00000000000000000000000000000000e+01,-3.29013606416901938615050447783114e-01,1.62546586449112442714205955863592e-02,3.40937959012776098677072376757288e-01,-3.23235233974212528893931147443184e-02
1.00500000000000000000000000000000e+01,-3.27914171630810762353764419695724e-01,2.79631183839211699134091618753525e-02,3.39234405449820519731750059693808e-01,-3.58145994741752920517834540473336e-02
1.00999999999999999999999999999999e+01,-3.26194819555486326429192190062852e-01,4.10236404489702595044914686941160e-02,3.37356845057352549476216294534392e-01,-3.92846648288829373645219695798704e-02
1.01500000000000000000000000000000e+01,-3.23790393565741412191156545285792e-01,5.54188982180043469698348761958096e-02,3.35306273710371244356791935769716e-01,-4.27333923211443235621638596481561e-02
1.01999999999999999999999999999999e+01,-3.20623755277400621585444596776283e-01,7.16581296200468076758189768277982e-02,3.33084055920084771615065918734921e-01,-4.61477916305640259379835291787976e-02
1.02500000000000000000000000000000e+01,-3.16578488925118247192835606257796e-01,9.07783354980218756678005929704765e-02,3.30692316861597657094152657370519e-01,-4.95122459059950652913038081446337e-02
1.03000000000000000000000000000000e+01,-3.11477236115778141740095052003457e-01,1.14121608068251840556680571538478e-01,3.28133811923961582116274011384931e-01,-5.28181458871393181932740328074487e-02
1.03500000000000000000000000000000e+01,-3.05075952077435388985843464935115e-01,1.42936511470548052144353881982218e-01,3.25411463519406338420522495052861e-01,-5.60671146213164170415917146433641e-02
1.04000000000000000000000000000000e+01,-2.97080286978584157411957797692394e-01,1.77914296193426177224806536004335e-01,3.22527926525082500611809693728196e-01,-5.92670978007046925296462480687871e-02
1.04499999999999999999999999999999e+01,-2.87183869936357202426833137820562e-01,2.18799125489481913726885486219572e-01,3.19485450738620139766379043766653e-01,-6.24252872396800895221645490410289e-02
1.05000000000000000000000000000000e+01,-2.75121517363058940239144173813217e-01,2.64196361830239558266018338701426e-01,3.16286063601599088429109017182412e-01,-6.55430539519090803355868455197249e-02
1.05500000000000000000000000000000e+01,-2.60725404457169741242155171892792e-01,3.11649451458200512410922996799898e-01,3.12931886980322006816896428238485e-01,-6.86157103364053884775693403204740e-02
1.05999999999999999999999999999999e+01,-2.43970556153514470017840302422762e-01,3.57981114986303362395519059618119e-01,3.09425355243687504815581133034904e-01,-7.16362315363439067228008156927834e-02
1.06500000000000000000000000000000e+01,-2.24998126588703065550409599759060e-01,3.99821417763213017051250466587032e-01,3.05769214869047149091252897708697e-01,-7.45996935804739934185958858014707e-02
1.06999999999999999999999999999998e+01,-2.04110195957915166702901338234217e-01,4.34195368506191617045560667251228e-01,3.01966352601210893597801393385020e-01,-7.75053980274457467666088674710188e-02
1.07500000000000000000000000000000e+01,-1.81736676905540639105105384187410e-01,4.59029489984891789600430266691933e-01,2.98019600678503764486619830579018e-01,-8.03557872990217340889178771307293e-02
1.08000000000000000000000000000000e+01,-1.58381455079239821089591471227964e-01,4.73462253700748585435214857552116e-01,2.93931651314614590930980860748388e-01,-8.31535339376989335859436835850370e-02
1.08500000000000000000000000000000e+01,-1.34559354151910811646018503974370e-01,4.77897952376955932562947481176922e-01,2.89705113313019182159502731830967e-01,-8.58990964612551101827549249684160e-02
1.09000000000000000000000000000000e+01,-1.10736863753033942233524401627294e-01,4.73810379987357157052386272849497e-01,2.85342643282031320298953891945528e-01,-8.85902579198373072861943545401453e-02
1.09499999999999999999999999999998e+01,-8.72876806711973086875486879530067e-02,4.63362436529878843062323372591091e-01,2.80847048439984899549718488101807e-01,-9.12235495742667663014958900991328e-02
1.10000000000000000000000000000000e+01,-6.44697563406555748827905646733724e-02,4.48945020782376581099332831304126e-01,2.76221297614253472490286937713649e-01,-9.37962380608877711644954702330802e-02
1.10500000000000000000000000000000e+01,-4.24250714564303799571249248411747e-02,4.32745665254485296673442821376566e-01,2.71468450569965393794402017295887e-01,-9.63074461072315845609987004091203e-02
1.10999999999999999999999999999999e+01,-2.11982772154903246891266394425807e-02,4.16435813261908309058493642507279e-01,2.66591568007165568973604798316594e-01,-9.87578331932016656669022148664715e-02
1.11500000000000000000000000000000e+01,-7.66877484360608682635515762063744e-04,4.01024640287101727109276733223274e-01,2.61593665218433311675307654484926e-01,-1.01148328244807686581177358014755e-01
1.11999999999999999999999999999998e+01,1.89255792013567143838914152991874e-02,3.86880238407436201713199993209896e-01,2.56477731228938126583933812419505e-01,-1.03478937784727632229483448499789e-01
1.12500000000000000000000000000000e+01,3.79408122059976917191605156232042e-02,3.73879032332375956450534697303383e-01,2.51246787634592159302251382143624e-01,-1.05748404561585357941876412766907e-01
1.13000000000000000000000000000000e+01,5.63265158728798568331390547319647e-02,3.61620871270675960221938168707613e-01,2.45903940005716867576902830062689e-01,-1.07954779952675544770620792344483e-01
1.13499999999999999999999999999999e+01,7.41080583614459329286394425121649e-02,3.49643831418091907941291117595796e-01,2.40452388622871173807945298349529e-01,-1.10096358112521125620568968870134e-01
1.14000000000000000000000000000000e+01,9.12897679902972401027013518909785e-02,3.37586865662183502613222607310057e-01,2.34895398454514862670133212512686e-01,-1.12172287796862981563021872972231e-01
1.14499999999999999999999999999999e+01,1.07862407738813371284761088550111e-01,3.25273188133389620509975487315075e-01,2.29236255098130166383312143071972e-01,-1.14182522064242980064659716286056e-01
1.15000000000000000000000000000000e+01,1.23812766909972605675415845860897e-01,3.12714083393588345759919870296178e-01,2.23478237454755861890922914810664e-01,-1.16127267289488703311905480416420e-01
1.15500000000000000000000000000000e+01,1.39131852283484615513865421824615e-01,3.00054046578037725288083934288626e-01,2.17624620944100447877626160466552e-01,-1.18006390579974335248964869642676e-01
1.16000000000000000000000000000000e+01,1.53819527486983914589842059236777e-01,2.87489096797327106899102194492214e-01,2.11678702336216879195078451856326e-01,-1.19819182478263924786712715905682e-01
1.16500000000000000000000000000000e+01,1.67885075960911990091555841551286e-01,2.75189815730822408899757771077827e-01,2.05643824846524664985970548056454e-01,-1.21564560825285139461136103681863e-01
1.16999999999999999999999999999999e+01,1.81344537686360210409102211864581e-01,2.63251543570556330545411476867723e-01,1.99523386171873642784585243588143e-01,-1.23241495031923004910509204121632e-01
1.17500000000000000000000000000000e+01,1.94216458393390862069372332082596e-01,2.51680656586925679271087053010275e-01,1.93320826761855669005150861622064e-01,-1.24849328668037039198407321132127e-01
1.18000000000000000000000000000000e+01,2.06517796231015892669632477198218e-01,2.40412779398627197133927316726959e-01,1.87039609130230038875520221671063e-01,-1.26387808756171626653582986105257e-01
1.18499999999999999999999999999999e+01,2.18261277471467650635801596470424e-01,2.29349884452401735691758199774338e-01,1.80683202741612481545146708560493e-01,-1.27856861147303993648208306474329e-01
1.19000000000000000000000000000000e+01,2.29454741255007797228131523938131e-01,2.18400258022237341627017537246405e-01,1.74255082424505626142939371633434e-01,-1.29256310997070030248391909616534e-01
1.19499999999999999999999999999998e+01,2.40102258749857393128682530293785e-01,2.07507907017637350100049999568843e-01,1.67758737731066941224942678184186e-01,-1.30585744384165101002390284300598e-01
1.20000000000000000000000000000000e+01,2.50206288154340026276594346884380e-01,1.96664186066599759395789750624037e-01,1.61197683910762970489444163758979e-01,-1.31844575283717154779474317987516e-01
1.20500000000000000000000000000000e+01,2.59769948024905579057468789070729e-01,1.85901583158371964138873244721708e-01,1.54575465911003786600451209209132e-01,-1.33032233603350549808882360971077e-01
1.21000000000000000000000000000000e+01,2.68798641681194288023121471085317e-01,1.75275301279940339165700622732886e-01,1.47895653106868343152448509110894e-01,-1.34148326145397430395667578432225e-01
1.21500000000000000000000000000000e+01,2.77300630010912982836884307212009e-01,1.64841032450068965020884123633652e-01,1.41161829056108242684610694564880e-01,-1.35192668921291221863986319942857e-01
1.21999999999999999999999999999999e+01,2.85286570165260389562284032247022e-01,1.54636864762196407717900370880747e-01,1.34377583051015105209026413392733e-01,-1.36165194051903885923841398129712e-01
1.22500000000000000000000000000000e+01,2.92768368918663382184641528349432e-01,1.44674373998887622522119790557340e-01,1.27546507750144245005157607829973e-01,-1.37065817001757529386140035823468e-01
1.23000000000000000000000000000000e+01,2.99757853945397124905447523886993e-01,1.34940019106553376247795995942942e-01,1.20672202320026879633699529476506e-01,-1.37894359857818877217898649435763e-01
1.23499999999999999999999999999999e+01,3.06265729115536339252391899765695e-01,1.25404432930025443385673626382406e-01,1.13758276962730438892807378501609e-01,-1.38650571124294335470211424586259e-01
1.24000000000000000000000000000000e+01,3.12301099917516820250599179317935e-01,1.16035117364399764474673718239042e-01,1.06808354551582623488542833250758e-01,-1.39334211053468889980728971175489e-01
1.24499999999999999999999999999998e+01,3.17871617069548952191110655102092e-01,1.06807801370434490848090124356834e-01,9.98260677981771338425686285498911e-02,-1.39945134143923395378633410607025e-01
1.25000000000000000000000000000000e+01,3.22984077440146267658982072208249e-01,9.77130346351510822112107738992579e-02,9.28150536034068976307922609183869e-02,-1.40483315255304254849233615215193e-01
1.25500000000000000000000000000000e+01,3.27645203037163943396579717140491e-01,8.87567569943575150448221074487819e-02,8.57789477746452855779392094256788e-02,-1.40948813046513769117374798674658e-01
1.25999999999999999999999999999999e+01,3.31862312171179494663606518907090e-01,7.99557543782085908428395296840651e-02,7.87213824386028285589706118906916e-02,-1.41341706795177766849924474677178e-01
1.26500000000000000000000000000000e+01,3.35643683524194333939818336526304e-01,7.13303926095147618457252341183523e-02,7.16459862621175058469650628422447e-02,-1.41662053171392699583503417824241e-01
1.26999999999999999999999999999999e+01,3.38998548929721679727003133530770e-01,6.28974643234147710861370037477213e-02,6.45563857305242542677755193879064e-02,-1.41909887436906755819212134299041e-01
1.27500000000000000000000000000000e+01,3.41936782063266834441177735311289e-01,5.46654381866707754007554061999331e-02,5.74562053796472619844924019766239e-02,-1.42085259656118253561302185478578e-01
1.28000000000000000000000000000000e+01,3.44468436447950180472607684163124e-01,4.66332170264720461585861861253942e-02,5.03490659719226535625958101888217e-02,-1.42188275392958341513750144578893e-01
1.28500000000000000000000000000000e+01,3.46603307630310204390181901046290e-01,3.87921852378803579415748675930592e-02,4.32385811489093718846311115741130e-02,-1.42219113420803113285998393345761e-01
1.29000000000000000000000000000000e+01,3.48350655745795225651534188252352e-01,3.11303062623085113523798068923771e-02,3.61283539815717379616028359261946e-02,-1.42178013473845302149244900639232e-01
1.29499999999999999999999999999999e+01,3.49719149054168625705774675165448e-01,2.36365900492239793374176740216596e-02,2.90219746200582211506042416370822e-02,-1.42065248126923502198729997376489e-01
1.30000000000000000000000000000000e+01,3.50717007220987111087579895664973e-01,1.63044269135046125423728504106710e-02,2.19230192786874915852946737693401e-02,-1.41881100538998847321535203941642e-01
1.30499999999999999999999999999999e+01,3.51352262508871556219557645254851e-01,9.13291240273289431013090616193738e-03,1.48350498623666151747413808660037e-02,-1.41625861619020467528052078336532e-01
1.30999999999999999999999999999999e+01,3.51633033356452196483206466348354e-01,2.12608668803332620001122178600463e-03,7.76161325339239774304705824814737e-03,-1.41299844654814872827098190285306e-01
1.31500000000000000000000000000000e+01,3.51567719189461162881754621919458e-01,-4.70930455909341392295359450803381e-03,7.06239696345960210313044475407810e-04,-1.40903404256821211377375211815457e-01
1.31999999999999999999999999999998e+01,3.51165066455439288747159599382444e-01,-1.13665516873025134841210873426281e-02,-6.32755957105511502068930301136835e-03,-1.40436946153687919025635711773717e-01
1.32500000000000000000000000000000e+01,3.50434105920143351204372137007150e-01,-1.78412572719818447428488788811892e-02,-1.33362948182181087407158451444856e-02,-1.39900923032770721793307770306227e-01
1.33000000000000000000000000000000e+01,3.49384002606650975229077901306800e-01,-2.41324965305057979878269420206410e-02,-2.03164998592004968711385670978015e-02,-1.39295821787628813231558855133703e-01
1.33500000000000000000000000000000e+01,3.48023880658917293774962979885054e-01,-3.02426819836074916678102073937807e-02,-2.72647334506270174534858045567907e-02,-1.38622152201141896085437757478672e-01
1.34000000000000000000000000000000e+01,3.46362682726541164145085990525504e-01,-3.61763988260689862561216569951548e-02,-3.41775803276222428908941499801724e-02,-1.37880444228728000636213309530523e-01
1.34499999999999999999999999999999e+01,3.44409102150398540467665132336096e-01,-4.19387611471980886117951149438982e-02,-4.10516523394214108622232553194582e-02,-1.37071253987269895929930341000693e-01
1.35000000000000000000000000000000e+01,3.42171596332215643674062177929277e-01,-4.75338976386843613057909273175763e-02,-4.78835899895810434211246593751591e-02,-1.36195172766895228645110954409875e-01
1.35500000000000000000000000000000e+01,3.39658462244845167967113991700530e-01,-5.29640291323377731210165189658108e-02,-5.46700643563521103065971186835397e-02,-1.35252832443305735898716359449201e-01
1.35999999999999999999999999999999e+01,3.36877938428014282083499703667124e-01,-5.82293314539808389056182539763678e-02,-6.14077791167832208513070169049635e-02,-1.34244904272153554425286886117393e-01
1.36500000000000000000000000000000e+01,3.33838295461462134274990684935141e-01,-6.33284927307849921920997832818504e-02,-6.80934723747705045908070992267567e-02,-1.33172092951991907528340319606903e-01
1.36999999999999999999999999999998e+01,3.30547887109728169114478765810495e-01,-6.82596679079624909583625284518569e-02,-7.47239181703768974846123730402555e-02,-1.32035130571255035035622814610502e-01
1.37500000000000000000000000000000e+01,3.27015151672210018769275301103822e-01,-7.30214572544163395821061121752960e-02,-8.12959277706525842974689500202631e-02,-1.30834774230654991345743758766206e-01
1.38000000000000000000000000000000e+01,3.23248570785305731249809416868056e-01,-7.76135918765592466783780419175375e-02,-8.78063509558620154768981542003210e-02,-1.29571807980834636095455493466084e-01
1.38499999999999999999999999999999e+01,3.19256605290574791093205768742962e-01,-8.20371570591368512987112335215212e-02,-9.42520774660732302569056019702191e-02,-1.28247046755464295745358609143413e-01
1.39000000000000000000000000000000e+01,3.15047631771611967596322579877155e-01,-8.62943607478787643744102554553816e-02,-1.00630038625205362863227366121843e-01,-1.26861339117883681905373653373893e-01
1.39499999999999999999999999999999e+01,3.10629899133584343484026696164716e-01,-9.03879984501492117260323938788157e-02,-1.06937209029105863793227235812474e-01,-1.25415567032146013883417580272457e-01
1.40000000000000000000000000000000e+01,3.06011514908484030475976854723794e-01,-9.43208368905679530216706681430216e-02,-1.13170608153213026656209283557807e-01,-1.23910643161557080103538330332892e-01
1.40500000000000000000000000000000e+01,3.01200459842875145016967529291489e-01,-9.80951267148223610173317860536059e-02,-1.19327301804577298406384192079035e-01,-1.22347507707092665482760163127188e-01
1.41000000000000000000000000000000e+01,2.96204620559353082364500843005574e-01,-1.01712377441249455650168405190307e-01,-1.25404403447167585424689975331414e-01,-1.20727126685614720069162297479569e-01
1.41500000000000000000000000000000e+01,2.91031826071747254995613875578942e-01,-1.05173421439917142369747341211213e-01,-1.31399075493022798946749386657634e-01,-1.19050492206206138416316368739671e-01
1.41999999999999999999999999999999e+01,2.85689875144529218085473092303648e-01,-1.08478696945419852023992925315971e-01,-1.37308530640983657481905711156547e-01,-1.17318623857710490187819630705192e-01
1.42500000000000000000000000000000e+01,2.80186546640185789482921415556441e-01,-1.11628622208655427514050980048883e-01,-1.43130033281279098931068481714483e-01,-1.15532569745672906192984584668816e-01
1.42999999999999999999999999999999e+01,2.74529591776619309457414838598804e-01,-1.14623925682765944076219197923750e-01,-1.48860900920453637155994567625108e-01,-1.13693406222136416711486268892746e-01
1.43499999999999999999999999999999e+01,2.68726713180511907994010279896901e-01,-1.17465834239348252408165681978555e-01,-1.54498505559333694925281751158483e-01,-1.11802236392957621882212767711887e-01
1.44000000000000000000000000000000e+01,2.62785539010098410475804718625881e-01,-1.20156083402350636018884946385366e-01,-1.60040274983270159845064482728475e-01,-1.09860188271751830786093860870078e-01
1.44499999999999999999999999999998e+01,2.56713600593237274528229031681431e-01,-1.22696776442896863459204389212956e-01,-1.65483693971879830857342424477907e-01,-1.07868413507513811716417089208911e-01
1.45000000000000000000000000000000e+01,2.50518319479471579052126951584542e-01,-1.25090162721522390669948311201682e-01,-1.70826305469028788610475301180335e-01,-1.05828087045401713319347325865163e-01
1.45500000000000000000000000000000e+01,2.44207005814869330677344016834358e-01,-1.27338419336380151277580932684506e-01,-1.76065711753391200819199168143193e-01,-1.03740407382152484254384071563673e-01
1.45999999999999999999999999999999e+01,2.37786866033289665701605043659215e-01,-1.29443504705310433283748390637311e-01,-1.81199575622268879630431089716992e-01,-1.01606596735491796354041094482895e-01
1.46500000000000000000000000000000e+01,2.31265015250841752041649991754035e-01,-1.31407118077412482194292593383304e-01,-1.86225621569891548072105931108903e-01,-9.94279006190332533458268610269604e-02
1.46999999999999999999999999999999e+01,2.24648489057386460737467040963055e-01,-1.33230759447309770059803330030911e-01,-1.91141636927628769505939059319917e-01,-9.72055867892870896996749448275942e-02
1.47500000000000000000000000000000e+01,2.17944250512920000421139044963835e-01,-1.34915853343782120865979739128889e-01,-1.95945472943189335652425159218231e-01,-9.49409439388905986072253929376036e-02
1.48000000000000000000000000000000e+01,2.11159190414071050898897653521677e-01,-1.36463885885451249770416376721170e-01,-2.00635045798197653203274453904439e-01,-9.26352805948458472422703373509075e-02
1.48499999999999999999999999999999e+01,2.04300121383150029473828655781128e-01,-1.37876508921313123119622990888073e-01,-2.05208337581481212885382110921048e-01,-9.02899244485511154259775008856393e-02
1.49000000000000000000000000000000e+01,1.97373768218829135595620874225837e-01,-1.39155583431169504759611712269223e-01,-2.09663397238077073512983977283039e-01,-8.79062220089074695069124942505139e-02
1.49499999999999999999999999999998e+01,1.90386757736185020005363953631211e-01,-1.40303158431269117002752192720928e-01,-2.13998341502586567909257508348770e-01,-8.54855382708315169529372577142324e-02
1.50000000000000000000000000000000e+01,1.83345610951260629395602944058629e-01,-1.41321402782911297149164922795623e-01,-2.18211355810272062558010749252302e-01,-8.30292561330187335524626001446613e-02
1.50500000000000000000000000000000e+01,1.76256739248365090114885024870064e-01,-1.42212519307442480382941173947210e-01,-2.22300695170935274546652962360144e-01,-8.05387755066054487874236944443922e-02
1.50999999999999999999999999999999e+01,1.69126444638334861266099703884312e-01,-1.42978671213341694738166499528914e-01,-2.26264684993267236078210241002664e-01,-7.80155122615610249490249038363684e-02
1.51500000000000000000000000000000e+01,1.61960922913077250049725191042643e-01,-1.43621941795779290429092233424391e-01,-2.30101721857109095290886980455423e-01,-7.54608972260477412066597538400249e-02
1.51999999999999999999999999999999e+01,1.54766267801562364199022212487227e-01,-1.44144334201715086388787134703765e-01,-2.33810274240113426552113947730447e-01,-7.28763753676620450262055345062467e-02
1.52500000000000000000000000000000e+01,1.47548474254731504924770615627832e-01,-1.44547804147111048031137696252949e-01,-2.37388883207850496299805371998418e-01,-7.02634051317898069074665616626178e-02
1.53000000000000000000000000000000e+01,1.40313439600926254029715939024857e-01,-1.44834309207573059213702278978616e-01,-2.40836163072089288270288027831098e-01,-6.76234578058607972142286724776301e-02
1.53499999999999999999999999999999e+01,1.33066962222804254540808190653712e-01,-1.45005855834175520340742546794411e-01,-2.44150802015030947601047927207466e-01,-6.49580167800611827605488138173015e-02
1.54000000000000000000000000000000e+01,1.25814738271488747368606034205416e-01,-1.45064529195251039440447895186177e-01,-2.47331562672826215712320833449785e-01,-6.22685766626843795391789334842824e-02
1.54499999999999999999999999999999e+01,1.18562357486444548952865040643553e-01,-1.45012498957032990459334577758807e-01,-2.50377282672248516862695479649186e-01,-5.95566423070364373760423953824105e-02
1.55000000000000000000000000000000e+01,1.11315299307911680491465349709427e-01,-1.44852002946172708144276919708724e-01,-2.53286875118616064437137568271097e-01,-5.68237278490897421669358218778444e-02
1.55500000000000000000000000000000e+01,1.04078930189447114449882290561549e-01,-1.44585317336339289306972562580183e-01,-2.56059329037466667457040387718662e-01,-5.40713558237409352039875827278832e-02
1.55999999999999999999999999999999e+01,9.68585024981714245817892149056879e-02,-1.44214724804223510863303381270470e-01,-2.58693709774139949159195886496984e-01,-5.13010563574343948902455285061476e-02
1.56500000000000000000000000000000e+01,8.96591548362533603614449827830670e-02,-1.43742490784309846063108927762429e-01,-2.61189159353756863809227214340505e-01,-4.85143663798827604971454943193193e-02
1.56999999999999999999999999999999e+01,8.24859132109648195507842000112195e-02,-1.43170853641773093583117311810674e-01,-2.63544896800851326611983020501962e-01,-4.57128287912301226098234728097840e-02
1.57500000000000000000000000000000e+01,7.53436923260531616877907728112943e-02,-1.42502029162405508421203418211252e-01,-2.65760218415558212899197839521586e-01,-4.28979915582986204748945661853710e-02
1.58000000000000000000000000000000e+01,6.82372963701907240205047393874304e-02,-1.41738225140702585747548345968748e-01,-2.67834498003203452229392453514804e-01,-4.00714067616804731196628659393874e-02
1.58499999999999999999999999999999e+01,6.11714189619695505237443479119129e-02,-1.40881659361830434331227889563450e-01,-2.69767187056006209532214456680808e-01,-3.72346296406427681700358730677391e-02
1.59000000000000000000000000000001e+01,5.41506422541801028449806919156012e-02,-1.39934574344282915928867135288070e-01,-2.71557814887825643134478634702693e-01,-3.43892176728788036988744044055433e-02
1.59499999999999999999999999999999e+01,4.71794354836521539058321339354789e-02,-1.38899244376888524341639846868590e-01,-2.73205988723963103632909115791776e-01,-3.15367296942898542204030196840678e-02
1.60000000000000000000000000000000e+01,4.02621533968693846503512913293285e-02,-1.37777973598936632366654293094315e-01,-2.74711393747500264543629062814593e-01,-2.86787250352990715912741035152686e-02
1.60500000000000000000000000000000e+01,3.34030349640610282371881123358850e-02,-1.36573086934461034380454990317141e-01,-2.76073793102193265373281409824478e-01,-2.58167626428565875474531649145218e-02
1.60999999999999999999999999999999e+01,2.66062026487270798893030698089368e-02,-1.35286917654213063153643164094271e-01,-2.77293027850708414556482629469628e-01,-2.29524001719464777708967892248633e-02
1.61499999999999999999999999999997e+01,1.98756622938400753366535305881995e-02,-1.33921795766124525507403843820065e-01,-2.78369016886758756486300807874879e-01,-2.00871930531549298611854028789878e-02
1.62000000000000000000000000000000e+01,1.32153034959321750704634452096607e-02,-1.32480040454039162545626508896559e-01,-2.79301756800451542728908611410333e-01,-1.72226935572133139470720652908142e-02
1.62500000000000000000000000000000e+01,6.62890022163687268522495906015615e-03,-1.30963957948054200128191463568382e-01,-2.80091321697219314425226393592995e-01,-1.43604498756437234292236105651577e-02
1.63000000000000000000000000000000e+01,1.20111402514504407488754157038574e-04,-1.29375844248232441974137621300052e-01,-2.80737862971344301351049925305247e-01,-1.15020052230875254636236137151075e-02
1.63499999999999999999999999999999e+01,-6.30751868766711676789360251248288e-03,-1.27717990681856808398459070281802e-01,-2.81241609034986015272012887082039e-01,-8.64889695283908522685889435887561e-03
1.63999999999999999999999999999996e+01,-1.26505603502560463669203642961115e-02,-1.25992689722163036838583962611649e-01,-2.81602865003021144044626243752331e-01,-5.80265567190491510372370218454085e-03
1.64500000000000000000000000000000e+01,-1.89056986279176497644462136577308e-02,-1.24202238856852204635068823427544e-01,-2.81822012333422757163188993548008e-01,-2.96480434724550900865298804938831e-03
1.65000000000000000000000000000000e+01,-2.50697335869236670124853351297126e-02,-1.22348941296637314233500743336917e-01,-2.81899508422746994744830756233808e-01,-1.36857405124409336776933181214255e-04
1.65500000000000000000000000000000e+01,-3.11395805529587062863086683794249e-02,-1.20435103528978485744443198046329e-01,-2.81835886156604484422953115530520e-01,2.67968016708681174914782594114882e-03
1.65999999999999999999999999999999e+01,-3.71122701650288291125656987818822e-02,-1.18463030727154511270003867471962e-01,-2.81631753415496044145549725884939e-01,5.48331370709833538429948974009142e-03
1.66499999999999999999999999999997e+01,-4.29849481777523053770018915787704e-02,-1.16435021536371043654052012677970e-01,-2.81287792536737604822529356171556e-01,8.27255974810868804412415114014323e-03
1.67000000000000000000000000000000e+01,-4.87548750190574052832607594162538e-02,-1.14353363698772278732658770392646e-01,-2.80804759733208638372151673158579e-01,1.10459468764251649870555888821319e-02
1.67500000000000000000000000000000e+01,-5.44194251718212431103647182816483e-02,-1.12220331465112508997165158688627e-01,-2.80183484469409620418170097459560e-01,1.38020165823897168223744004608540e-02
1.68000000000000000000000000000000e+01,-5.99760864773275504896170416294958e-02,-1.10038185013858161330479573523243e-01,-2.79424868795041525708950104071662e-01,1.65393241087600235332042850960353e-02
1.68499999999999999999999999999999e+01,-6.54224594517998142839626771719996e-02,-1.07809171426222577044988186517473e-01,-2.78529886636230008022924312343377e-01,1.92564392959496652038430091518730e-02
1.68999999999999999999999999999997e+01,-7.07562566729615114030808754890149e-02,-1.05535526352327429105583058037606e-01,-2.77499583044655539643614784119926e-01,2.19519474196443449931377222502048e-02
1.69500000000000000000000000000000e+01,-7.59753022472446663776315829602948e-02,-1.03219475436224415239506519975622e-01,-2.76335073405105178297874984169435e-01,2.46244500156868869233909676696117e-02
1.70000000000000000000000000000000e+01,-8.10775313267034660928094668808770e-02,-1.00863234807992132497929652902670e-01,-2.75037542602163449495591868441962e-01,2.72725656895628344315663810068556e-02
1.70500000000000000000000000000000e+01,-8.60609896202878665122515249411804e-02,-9.84690103703122527268693475160618e-02,-2.73608244146806768320790736578173e-01,2.98949309111464941474956018627429e-02
1.70999999999999999999999999999999e+01,-9.09238328417101526568893859563268e-02,-9.60389960409828830321451827028422e-02,-2.72048499263576174237634989412535e-01,3.24902007972425901854000783934804e-02
1.71499999999999999999999999999997e+01,-9.56643260527020845612044937282900e-02,-9.35753714212665947178981536234778e-02,-2.70359695938880676036100882346716e-01,3.50570498839427834859672185051987e-02
1.72000000000000000000000000000000e+01,-1.00280842887497700638069801857553e-01,-9.10802994663007681770526010049596e-02,-2.68543287930932938027630019480310e-01,3.75941728887188929496349841841138e-02
1.72500000000000000000000000000000e+01,-1.04771864671503630962718270702082e-01,-8.85559246388509670824039848503844e-02,-2.66600793741877316248013651257508e-01,4.01002854601833661196285546759205e-02
1.73000000000000000000000000000000e+01,-1.09135979465701921092952444065104e-01,-8.60043717961227412727777139265199e-02,-2.64533795552795576463939867746990e-01,4.25741249128497182990517175483592e-02
1.73499999999999999999999999999999e+01,-1.13371881073931511221525452702140e-01,-8.34277457881768448400714637074248e-02,-2.62343938122390321501292264088732e-01,4.50144509451418691024629602143511e-02
1.73999999999999999999999999999997e+01,-1.17478368043262544798937819510019e-01,-8.08281315287100926972364454077366e-02,-2.60032927650194677339652083796390e-01,4.74200463404352340604230961249967e-02
1.74500000000000000000000000000000e+01,-1.21454342672569121595510551153771e-01,-7.82075941946617740164971029878613e-02,-2.57602530605137778773612763592721e-01,4.97897176519399922453691088815368e-02
1.75000000000000000000000000000000e+01,-1.25298810027330590859139687290590e-01,-7.55681792339971626298489331781736e-02,-2.55054572520252005357730218791004e-01,5.21222958721907802317746280707287e-02
1.75500000000000000000000000000000e+01,-1.29010876945419559196352693033185e-01,-7.29119119820186842170851612255346e-02,-2.52390936754289893979157156998853e-01,5.44166370870407338687556233701531e-02
1.75999999999999999999999999999999e+01,-1.32589751012738012234224182339914e-01,-7.02407968503593740105606647284590e-02,-2.49613563221048988438985712252606e-01,5.66716231131172357849566215559029e-02
1.76499999999999999999999999999996e+01,-1.36034739489654998978831886783541e-01,-6.75568161999899208613033598786458e-02,-2.46724447087267306301563545140790e-01,5.88861621173309734338494524602646e-02
1.77000000000000000000000000000000e+01,-1.39345248177248182077225336859949e-01,-6.48619290961713175812325124377096e-02,-2.43725637440015963230210427750463e-01,6.10591892173807150944649517351959e-02
1.77500000000000000000000000000000e+01,-1.42520780222779676680738456212124e-01,-6.21580701521673361840108773096384e-02,-2.40619235924550705614811796296769e-01,6.31896670629025569640259005481418e-02
1.78000000000000000000000000000000e+01,-1.45560934872923826205166870652599e-01,-5.94471486102075457659119604794954e-02,-2.37407395353586509986587707885827e-01,6.52765863974465876857427538278864e-02
1.78499999999999999999999999999999e+01,-1.48465406188355441700022535333288e-01,-5.67310477127371260608981209679419e-02,-2.34092318288946975383123968587217e-01,6.73189666015131001223848868969808e-02
1.78999999999999999999999999999997e+01,-1.51233981733472188142082172486769e-01,-5.40116243211178555364588692794348e-02,-2.30676255596536920260917182404892e-01,6.93158562165127995611698957144400e-02
1.79500000000000000000000000000000e+01,-1.53866541251059934526795244518040e-01,-5.12907086731964194770831607637890e-02,-2.27161504975605330705196770598684e-01,7.12663334490625294522305294997763e-02
1.80000000000000000000000000000000e+01,-1.56363055325586619150877775361727e-01,-4.85701041512541758369668110098051e-02,-2.23550409463301999645508230321804e-01,7.31695066548157881879529759132154e-02
1.80500000000000000000000000000000e+01,-1.58723584032847565078467194677861e-01,-4.58515869562505317782880117694868e-02,-2.19845355915569040690569384763267e-01,7.50245148011619146694092916709936e-02
1.80999999999999999999999999999999e+01,-1.60948275569753103257047845894546e-01,-4.31369056376122766287319686895755e-02,-2.16048773465433445007659312863985e-01,7.68305279084673674064132928191179e-02
1.81499999999999999999999999999997e+01,-1.63037364857051456552627787493231e-01,-4.04277804881844423257541795238406e-02,-2.12163131959775047194559326848387e-01,7.85867474698275299889061030758938e-02
1.82000000000000000000000000000000e+01,-1.64991172109532117352100208010635e-01,-3.77259028609534656887732108781196e-02,-2.08190940375642891428717634716796e-01,8.02924068493753130094005325332033e-02
1.82500000000000000000000000000000e+01,-1.66810101371730786136550422747142e-01,-3.50329344851337566389911514909466e-02,-2.04134745217193539834861774818517e-01,8.19467716590562301115634041248995e-02
1.83000000000000000000000000000000e+01,-1.68494639020957757435491155888888e-01,-3.23505068519622517040864220040845e-02,-1.99997128894334771926830823352611e-01,8.35491401135710776781664088312857e-02
1.83499999999999999999999999999999e+01,-1.70045352242335138485340749542375e-01,-2.96802207122100353660716896214361e-02,-1.95780708084176683306849094071409e-01,8.50988433630685745192882423046090e-02
1.83999999999999999999999999999997e+01,-1.71462887481706275304325486175735e-01,-2.70236456906136245361798310882042e-02,-1.91488132076412617620875170133694e-01,8.65952458032125940289452261307882e-02
1.84500000000000000000000000000000e+01,-1.72747968881688909746112424504538e-01,-2.43823199903001974999495199379706e-02,-1.87122081103767425170799573169713e-01,8.80377453624038137327878975930390e-02
1.85000000000000000000000000000000e+01,-1.73901396704274509477768320104817e-01,-2.17577501422402514548081091625555e-02,-1.82685264658657373591999942998873e-01,8.94257737660912851188432782061947e-02
1.85500000000000000000000000000000e+01,-1.74924045741043995400894721621792e-01,-1.91514107541261001374984711310892e-02,-1.78180419797207149845115083243183e-01,9.07587967781753955739250654741079e-02
1.85999999999999999999999999999999e+01,-1.75816863710096383449997706297633e-01,-1.65647442270603099380332554570878e-02,-1.73610309431769940331579046450229e-01,9.20363144194668948163507128371240e-02
1.86499999999999999999999999999997e+01,-1.76580869637738292101152400089966e-01,-1.39991604300876502732512268887063e-02,-1.68977720613100425985199612602943e-01,9.32578611630844855351807223076264e-02
1.87000000000000000000000000000000e+01,-1.77217152223033987532031361929071e-01,-1.14560363437160231476461392207546e-02,-1.64285462803337965179778390148925e-01,9.44230061066219707107935251532130e-02
1.87500000000000000000000000000000e+01,-1.77726868184262733209582097739204e-01,-8.93671569752221880266990275254053e-03,-1.59536366140965478609135563697068e-01,9.55313531209358318776872505099539e-02
1.88000000000000000000000000000000e+01,-1.78111240587718062356703149547731e-01,-6.44250863051698344559653940009806e-03,-1.54733279698915199829474353825997e-01,9.65825409754807124535307696248091e-02
1.88499999999999999999999999999999e+01,-1.78371557160595284253324620610046e-01,-3.97469139678946165592524215247533e-03,-1.49879069736993879223918762471608e-01,9.75762434402040014980473225305739e-02
1.88999999999999999999999999999996e+01,-1.78509168590544910273607673214083e-01,-1.53450612668739358638324153654316e-03,-1.44976617949798107862922592132217e-01,9.85121693640566595539634423045210e-02
1.89500000000000000000000000000000e+01,-1.78525486814638488792203191527034e-01,8.76839359639414158040890221001806e-04,-1.40028819711287493464303567922363e-01,9.93900627301742878994986972668004e-02
1.90000000000000000000000000000000e+01,-1.78421983300059068284153183838523e-01,3.25817169963313852786082582089515e-03,-1.35038582317181435528495741816779e-01,1.00209702687753601698807732583915e-01
1.90500000000000000000000000000000e+01,-1.78200187318032000745491775462777e-01,5.60835211413813739597555930955738e-03,-1.30008823226344571183249830740562e-01,1.00970903560630946622972650197405e-01
1.91000000000000000000000000000000e+01,-1.77861684211667545435476704880794e-01,7.92627652702953093761000393558253e-03,-1.24942468302325417977745404842770e-01,1.01673514832583729223115836526096e-01
1.91499999999999999999999999999997e+01,-1.77408113657770287647178165130315e-01,1.02108756874678701126337817779690e-02,-1.19842450056210674461470128443873e-01,1.02317421109419186345310416850970e-01
1.91999999999999999999999999999999e+01,-1.76841167922437470818507842874618e-01,1.24611152953489217790440634454450e-02,-1.14711705891953111661133378061846e-01,1.02902542057965627548058347110688e-01
1.92500000000000000000000000000000e+01,-1.76162590110425919267545986079587e-01,1.46759961235381794449664650447757e-02,-1.09553176355324255821181126853142e-01,1.03428832322116342772015556089249e-01
1.93000000000000000000000000000000e+01,-1.75374172408696819394257939509531e-01,1.68545541267647330539273378983451e-02,-1.04369803387635192704914652681550e-01,1.03896281416087414586975813219396e-01
1.93499999999999999999999999999999e+01,-1.74477754325064465068509648865823e-01,1.89958605272224784798141634266566e-02,-9.91645285853608486729521123928573e-02,1.04304913595046498584310759898283e-01
1.93999999999999999999999999999997e+01,-1.73475220923298198850675674137935e-01,2.10990218702694379776680649005636e-02,-9.39402914667953607838703401798027e-02,1.04654787703267108739354239185233e-01
1.94499999999999999999999999999999e+01,-1.72368501056235903703236321667665e-01,2.31631800485251289886943057260742e-02,-8.87000277468582022347231894748828e-02,1.04945996999974410181195786057548e-01
1.95000000000000000000000000000000e+01,-1.71159565598430735991919177948106e-01,2.51875122973151833012881205952905e-02,-8.34466676211618165479370640705496e-02,1.05178668963074603542608434110253e-01
1.95500000000000000000000000000000e+01,-1.69850425679622001171818134296625e-01,2.71712311673710286387846029066177e-02,-7.81831340604411125415117381609963e-02,1.05352965070991483246023309991015e-01
1.95999999999999999999999999999999e+01,-1.68443130920000545126647074355723e-01,2.91135844813122545321981826340928e-02,-7.29123411164333034327332034436950e-02,1.05469080562859608439913392363771e-01
1.96499999999999999999999999999997e+01,-1.66939767667943658287682592925066e-01,3.10138552789267669913105380519469e-02,-6.76371922402836864339077557310465e-02,1.05527244177338436848425850102906e-01
1.96999999999999999999999999999999e+01,-1.65342457240711335527541431508761e-01,3.28713617534680221287850178551147e-02,-6.23605786145395585258066022637654e-02,1.05527717870318517969408729910481e-01
1.97500000000000000000000000000000e+01,-1.63653354168561135387972189205484e-01,3.46854571782210140379351410408774e-02,-5.70853774997807759362345858532382e-02,1.05470796511796832469753284036045e-01
1.98000000000000000000000000000000e+01,-1.61874644442835581763305012785937e-01,3.64555298204247835408674876512667e-02,-5.18144505969213536117363565985893e-02,1.05356807562209816564856476597269e-01
1.98499999999999999999999999999999e+01,-1.60008543768747883819214251349495e-01,3.81810028388316137828785842337754e-02,-4.65506424262016420970332922410553e-02,1.05186110728530660484293196888169e-01
1.98999999999999999999999999999997e+01,-1.58057295823768175080775843560608e-01,3.98613341617582783067928388617433e-02,-4.12967787238747636283878347666325e-02,1.04959097600458410176561503106609e-01
1.99499999999999999999999999999999e+01,-1.56023170522633473035237662819817e-01,4.14960163440249267041507285934173e-02,-3.60556648575741262796073713368918e-02,1.04676191267045075923894937347394e-01
2.00000000000000000000000000000000e+01,-1.53908462290037921884614230406666e-01,4.30845764030294689079097227086566e-02,-3.08300842613311657939431781834408e-02,1.04337845914120458979269933779811e-01
2.00500000000000000000000000000000e+01,-1.51715488342006665118335760402661e-01,4.46265756357294878197315694181259e-02,-2.56227968911942399817677366061551e-02,1.03944546402883594448724265842754e-01
2.00999999999999999999999999999999e+01,-1.49446586976845193505051524893992e-01,4.61216094190737317429797444417339e-02,-2.04365377023809564094530102182935e-02,1.03496807830037894001524961718944e-01
2.01499999999999999999999999999996e+01,-1.47104115876428085743939260638251e-01,4.75693069963278676155188997597469e-02,-1.52740151488771152900269183450557e-02,1.02995175069857373746606788936744e-01
2.01999999999999999999999999999999e+01,-1.44690450418486496148108725935818e-01,4.89693312509562545728520147510602e-02,-1.01379097063757570934194587870638e-02,1.02440222298584654242092853639514e-01
2.02500000000000000000000000000000e+01,-1.42207982000497983193318576219952e-01,5.03213784686215005862422934944481e-02,-5.03087241942939986407051249301526e-03,1.01832552501576196730769380122464e-01
2.03000000000000000000000000000000e+01,-1.39659116375780776917171371148083e-01,5.16251780868524646302094394295417e-02,4.44765263325758755276950655579813e-05,1.01172796963624008708304611083062e-01
2.03500000000000000000000000000000e+01,-1.37046272002434533507364449390439e-01,5.28804924313171814913718108987364e-02,5.08554920609118830184835517968276e-03,1.00461614742894177157206704580547e-01
2.03999999999999999999999999999997e+01,-1.34371878405827135180630841506306e-01,5.40871164375489002181551561123033e-02,1.00897913310217951146455721438657e-02,9.96996921289311891636142380339643e-02
2.04499999999999999999999999999999e+01,-1.31638374555376700374748605504751e-01,5.52448773573507042054036290321432e-02,1.50546835959893836964694381874553e-02,9.88877420851845359188942766217451e-02
2.05000000000000000000000000000001e+01,-1.28848207256401001410575287358227e-01,5.63536344497489976822095296482938e-02,1.99777429989929017624683316999647e-02,9.80265036765221512265227027297721e-02
2.05500000000000000000000000000001e+01,-1.26003829557795836130812760620181e-01,5.74132786570293246852879643627462e-02,2.48565241316197737679611391682527e-02,9.71167414822044581304253998656536e-02
2.05999999999999999999999999999999e+01,-1.23107699176264302668728275686147e-01,5.84237322668571689556366547458648e-02,2.96886204397956839297795796601147e-02,9.61592449948026585408188105513582e-02
2.06499999999999999999999999999997e+01,-1.20162276937763430058155517255442e-01,5.93849485616472101913773796769331e-02,3.44716654541391275686866509310914e-02,9.51548280055542710193704171611138e-02
2.07000000000000000000000000000000e+01,-1.17170025236779011692437032647985e-01,6.02969114562001947527630297097410e-02,3.92033339892550893300491066475277e-02,9.41043279766569263600076170633469e-02
2.07499999999999999999999999999999e+01,-1.14133406513996818914271070465090e-01,6.11596351242767297220385577016552e-02,4.38813433113274255509771720647131e-02,9.30086054010079686718341575462125e-02
2.08000000000000000000000000000000e+01,-1.11054881752915264943672564947887e-01,6.19731636143697504635608838571327e-02,4.85034542733950483012549508111610e-02,9.18685431499030629505637879764181e-02
2.08500000000000000000000000000000e+01,-1.07936908995940249545028412106503e-01,6.27375704546129098026544930581773e-02,5.30674724177228056505827374190098e-02,9.06850458092125202588946085891900e-02
2.08999999999999999999999999999998e+01,-1.04781941880510653414866703007591e-01,6.34529582466108501451530841720812e-02,5.75712490447040310766086366383554e-02,8.94590390045597967987269629551722e-02
2.09499999999999999999999999999998e+01,-1.01592428195813326398390548879965e-01,6.41194582480188069961747242420367e-02,6.20126822477581041219244788447593e-02,8.81914687160324388115474749959844e-02
2.10000000000000000000000000000000e+01,-9.83708084606507079031987553440567e-02,6.47372299438881011583078068580561e-02,6.63897179137130159617728500631224e-02,8.68833005829611399556703621795396e-02
2.10500000000000000000000000000000e+01,-9.51195145230170888630095038424310e-02,6.53064606070464024455390176498480e-02,7.07003506881898345567381939213165e-02,8.55355191993071241135176845100499e-02
2.10999999999999999999999999999999e+01,-9.18409681819201275955508848925555e-02,6.58273648480071048330824387123757e-02,7.49426249055330682840038060156690e-02,8.41491274002016739685259452003666e-02
2.11499999999999999999999999999996e+01,-8.85375798319557198809260042041694e-02,6.63001841550345924437026503568658e-02,7.91146354828581926528581546617231e-02,8.27251455401845375366245331983910e-02
2.11999999999999999999999999999998e+01,-8.52117471311121620908150393398116e-02,6.67251864250063061183977062581612e-02,8.32145287778150062597859443884142e-02,8.12646107636905142667203780720907e-02
2.12500000000000000000000000000000e+01,-8.18658536922493822211831683962700e-02,6.71026654856249346275012456779300e-02,8.72405034096930086430220627269049e-02,7.97685762683359577211693552319166e-02
2.13000000000000000000000000000000e+01,-7.85022677986748526951747616343007e-02,6.74329406093907671394526403421263e-02,9.11908110435226372256720889106921e-02,7.82381105615591863205422713147002e-02
2.13499999999999999999999999999999e+01,-7.51233411442210164189162682520327e-02,6.77163560196010150555605145635323e-02,9.50637571368539487232393825225002e-02,7.66742967111706443436528149190352e-02
2.13999999999999999999999999999996e+01,-7.17314075982184166753648539984840e-02,6.79532803885458540384106992090681e-02,9.88577016489221561209269263052638e-02,7.50782315903698844453524569874441e-02
2.14499999999999999999999999999999e+01,-6.83287819957512167666304878290258e-02,6.81441063280435151314307132760925e-02,1.02571059711937302037271507537920e-01,7.34510251177869815402888991568331e-02
2.15000000000000000000000000000000e+01,-6.49177589535739150793089612946135e-02,6.82892498724962111645287135097389e-02,1.06202302264263230458925135293285e-01,7.17937994931059355028368188035106e-02
2.15500000000000000000000000000000e+01,-6.15006117120569933536245198369920e-02,6.83891499547314176642327798959593e-02,1.09749956645278886293679297430681e-01,7.01076884288271502365858934720235e-02
2.16000000000000000000000000000000e+01,-5.80795910035136449581458925842704e-02,6.84442678749856618622036432798925e-02,1.13212607151742808595342374577516e-01,6.83938363787253122991206450957616e-02
2.16499999999999999999999999999997e+01,-5.46569239472399315774895228343814e-02,6.84550867634596467491403141151676e-02,1.16588895555509474553123095831888e-01,6.66533977635579387966322373459127e-02
2.16999999999999999999999999999999e+01,-5.12348129715782973982204789472481e-02,6.84221110369052785172494385411660e-02,1.19877521582473880907922642304628e-01,6.48875361945784323146098622850587e-02
2.17500000000000000000000000000001e+01,-4.78154347632914678696350083618748e-02,6.83458658496938883005995486099307e-02,1.23077243352648395674448029722451e-01,6.30974236954055665502434853547095e-02
2.18000000000000000000000000000001e+01,-4.44009392445122941803746224367219e-02,6.82268965397716994553436691174934e-02,1.26186877781303450360155851085213e-01,6.12842399227988860741466652076644e-02
2.18499999999999999999999999999999e+01,-4.09934485775162047036676176400533e-02,6.80657680698526511253903060823304e-02,1.29205300941131045614049097138077e-01,5.94491713868865733183539343583035e-02
2.18999999999999999999999999999997e+01,-3.75950561975467110399480571632174e-02,6.78630644641499840088114973314407e-02,1.32131448385417288884223806848676e-01,5.75934106713889955239315957822876e-02
2.19500000000000000000000000000000e+01,-3.42078258739101373083522139491736e-02,6.76193882409206826175145737472070e-02,1.34964315432237252556117236632853e-01,5.57181556543774605537061370547902e-02
2.19999999999999999999999999999999e+01,-3.08337907995421650150590480872533e-02,6.73353598410958182483938263033406e-02,1.37702957409712318639129882368692e-01,5.38246087301036993938012665336548e-02
2.20500000000000000000000000000000e+01,-2.74749527092346768410999869454212e-02,6.70116170532906729351735799610636e-02,1.40346489862396844360009755608119e-01,5.19139760324312246807953988274383e-02
2.21000000000000000000000000000000e+01,-2.41332810266958986796032986633713e-02,6.66488144355206047708636962461297e-02,1.42894088718887423021306598346741e-01,4.99874666603949463296543381936823e-02
2.21499999999999999999999999999998e+01,-2.08107120405997341305884857555731e-02,6.62476227339794897172745233633321e-02,1.45344990420774205580046226362048e-01,4.80462919064102384595139800183702e-02
2.21999999999999999999999999999998e+01,-1.75091481097617884672663151009035e-02,6.58087282992572563826460258637615e-02,1.47698492013079669985458106951811e-01,4.60916644876470643190592992105696e-02
2.22500000000000000000000000000000e+01,-1.42304568975605935625884026743185e-02,6.53328325003767454998528654436778e-02,1.49953951196355858359358984711701e-01,4.41247977810788189994508926229289e-02
2.23000000000000000000000000000000e+01,-1.09764706357037646717641747302009e-02,6.48206511370189404741862646418496e-02,1.52110786340636429663995816425617e-01,4.21469050627092814048740700161423e-02
2.23499999999999999999999999999999e+01,-7.74898541742086235343291957847253e-03,6.42729138502850932412962809132024e-02,1.54168476461464882007379518110222e-01,4.01591987514744928647946946037629e-02
2.23999999999999999999999999999996e+01,-4.54976052014787736638446022884440e-03,6.36903635323219331791299820442792e-02,1.56126561158244968773348339410031e-01,3.81628896583094925431585712430223e-02
2.24499999999999999999999999999998e+01,-1.38051775775241553759070477922566e-03,6.30737557351187505346956440787120e-02,1.57984640515183650269887326221985e-01,3.61591862408626239013083779551301e-02
2.25000000000000000000000000000000e+01,1.75705913766652752236778318785014e-03,6.24238580787766621465062731825585e-02,1.59742374965120870909367542912660e-01,3.41492938643325758454091346927647e-02
2.25500000000000000000000000000000e+01,4.86132510438531535008535157857882e-03,6.17414496595512019046255535814256e-02,1.61399485116564014555732052585224e-01,3.21344140688954484854264111457815e-02
2.25999999999999999999999999999999e+01,7.93067431006528468860524347474006e-03,6.10273204579768541366187144825031e-02,1.62955751544268052034681749850453e-01,3.01157438441809612020469852706219e-02
2.26499999999999999999999999999996e+01,1.09635406811772437381769028203175e-02,6.02822707473918851985415421241174e-02,1.64411014543725140637049974933249e-01,2.80944749112484751731419563082104e-02
2.26999999999999999999999999999999e+01,1.39583984028689998370173607098571e-02,5.95071105031894296155464593413892e-02,1.65765173849949752528798891237391e-01,2.60717930125047992785225318851161e-02
2.27500000000000000000000000000000e+01,1.69137623893204462064844163197546e-02,5.87026588131232387709172574318653e-02,1.67018188320967284566213295826796e-01,2.40488772099967914726256947000488e-02
2.28000000000000000000000000000000e+01,1.98281887246470908188566267019288e-02,5.78697432889928944776381418300281e-02,1.68170075586435523385177185430094e-01,2.20268991925025558545381932357036e-02
2.28500000000000000000000000000000e+01,2.27002750744289513795785780162008e-02,5.70091994800247529713961468778219e-02,1.69220911661849294045810387472201e-01,2.00070225918355702876365182430010e-02
2.28999999999999999999999999999997e+01,2.55286610679572808612894401304624e-02,5.61218702882538715015267669242470e-02,1.70170830528799095493736191529807e-01,1.79904023087663699046964043920105e-02
2.29499999999999999999999999999999e+01,2.83120286513065749547883543351292e-02,5.52086053862014556574749425627726e-02,1.71020023681774509827368199613208e-01,1.59781838489564742620536896449935e-02
2.30000000000000000000000000000001e+01,3.10491024113538196362613539796586e-02,5.42702606371341114778247076616186e-02,1.71768739642022653881719167926490e-01,1.39715026692890978044428004143980e-02
2.30500000000000000000000000000001e+01,3.37386498708811164604172550042247e-02,5.33076975181863571826082663322765e-02,1.72417283438990910795960718069559e-01,1.19714835349708385423764942419574e-02
2.30999999999999999999999999999999e+01,3.63794817549118428343717992493744e-02,5.23217825466261135622769547816339e-02,1.72966016059901626424072804679662e-01,9.97923988776800702765751195246301e-03
2.31499999999999999999999999999997e+01,3.89704522284444891032689357960985e-02,5.13133867095429505118719735974161e-02,1.73415353868024371413661911563427e-01,7.99587322573054239898552318423078e-03
2.32000000000000000000000000000000e+01,4.15104591057623112191222897091697e-02,5.02833848972390332120214709262872e-02,1.73765767990228745539297955105750e-01,6.02247249474557080274148530560421e-03
2.32499999999999999999999999999999e+01,4.39984440315109134417123902364251e-02,4.92326553406015145868130152288683e-02,1.74017783674417527853008427648591e-01,4.06011349225160356724779116566109e-03
2.33000000000000000000000000000000e+01,4.64333926337497379259276451958259e-02,4.81620790527317382216303862998161e-02,1.74171979617456246397100227645583e-01,2.10985828343316100095474428192293e-03
2.33500000000000000000000000000000e+01,4.88143346491970741983134766270594e-02,4.70725392751010244822175981776696e-02,1.74228987264230947282712352039172e-01,1.72754630204256397298880432188917e-04
2.33999999999999999999999999999998e+01,5.11403440209015151658483045849200e-02,4.59649209284956594160312169927875e-02,1.74189490078481078199340994670908e-01,-1.75016456672230397611133740275271e-03
2.34499999999999999999999999999998e+01,5.34105389685857238926338992025215e-02,4.48401100690059893993071438717753e-02,1.74054222786068959762618924094834e-01,-3.65788181239444571419281623119080e-03
2.35000000000000000000000000000000e+01,5.56240820319209340968530848628564e-02,4.36989933493072172645115644408642e-02,1.73823970591361293844521920381155e-01,-5.54939554853552305124180496032586e-03
2.35500000000000000000000000000000e+01,5.77801800870028256088770959455392e-02,4.25424574854732415254426551493113e-02,1.73499568367411545875921543422660e-01,-7.42372067055234252432329278088079e-03
2.35999999999999999999999999999999e+01,5.98780843363113527383870386307496e-02,4.13713887295598469437059688150100e-02,1.73081899820644833224016695776497e-01,-9.27988903038656816209446784918152e-03
2.36499999999999999999999999999996e+01,6.19170902724488141486816614771041e-02,4.01866723481894631744154294028591e-02,1.72571896630759149810637811530085e-01,-1.11169499249715431384948421412818e-02
2.36999999999999999999999999999998e+01,6.38965376159619710972298173297997e-02,3.89891921073659996344481432867161e-02,1.71970537566568354418629399725749e-01,-1.29339705700686118908280689125588e-02
2.37500000000000000000000000000000e+01,6.58158102275653502334803035882052e-02,3.77798297637443269206804944774430e-02,1.71278847578523343479690986196350e-01,-1.47300365592691333119046383722890e-02
2.38000000000000000000000000000000e+01,6.76743359950939835459396096059640e-02,3.65594645625743476528857897428162e-02,1.70497896868658215924203716192049e-01,-1.65042523079605298483637644480069e-02
2.38499999999999999999999999999999e+01,6.94715866955247011191868471642823e-02,3.53289727425340953679353126429375e-02,1.69628799938718015746374239509855e-01,-1.82557414820669102444922391114732e-02
2.38999999999999999999999999999996e+01,7.12070778324156597364554966524742e-02,3.40892270476600189953412982246870e-02,1.68672714617233805578990591197556e-01,-1.99836474113870265381507146813781e-02
2.39499999999999999999999999999999e+01,7.28803684491240303705174599846320e-02,3.28410962465758597662546239083917e-02,1.67630841066319380511143315190084e-01,-2.16871334873645695051070741210702e-02
2.40000000000000000000000000000000e+01,7.44910609181716664000393808932393e-02,3.15854446592146897286628586098628e-02,1.66504420768971874829319320381386e-01,-2.33653835451380611370404800317650e-02
2.40500000000000000000000000000000e+01,7.60388007071381362654307345637862e-02,3.03231316912220809370873280954390e-02,1.65294735497665845033447128626330e-01,-2.50176022297298576967529858872735e-02
2.41000000000000000000000000000000e+01,7.75232761214697462240762303311205e-02,2.90550113762221864118796233795445e-02,1.64003106265037130597678568897994e-01,-2.66430153462460224598040168824953e-02
2.41499999999999999999999999999997e+01,7.89442180246021220702667968004477e-02,2.77819319261227341176876162857141e-02,1.62630892257458900216667997471206e-01,-2.82408701939710540897043263535721e-02
2.41999999999999999999999999999999e+01,8.03013995358025802375666055152116e-02,2.65047352896294140589995933220658e-02,1.61179489752317786858683335834139e-01,-2.98104358842536559499687157186383e-02
2.42500000000000000000000000000001e+01,8.15946357061469060691662701892443e-02,2.52242567191346549596535540282695e-02,1.59650331019802901423819292778485e-01,-3.13510036420918950237212051719626e-02
2.43000000000000000000000000000001e+01,8.28237831730532666245563302122971e-02,2.39413243461401318327165906759730e-02,1.58044883210024794192436718296378e-01,-3.28618870913382178904435753145600e-02
2.43499999999999999999999999999999e+01,8.39887397938038048993618957708257e-02,2.26567587653663877510785680858137e-02,1.56364647226285107994739580064052e-01,-3.43424225234568565926789446256313e-02
2.43999999999999999999999999999997e+01,8.50894442584919755871874992271996e-02,2.13713726276966683757716930273264e-02,1.54611156585320740029083870249348e-01,-3.57919691497781603445110811460718e-02
2.44500000000000000000000000000000e+01,8.61258756828408747048242042886788e-02,2.00859702420955301582719243627208e-02,1.52785976265348803835534604264382e-01,-3.72099093372063212208564839772067e-02
2.44999999999999999999999999999999e+01,8.70980531813446771016307012732571e-02,1.88013471866361252216707239450137e-02,1.50890701542740562847719319048417e-01,-3.85956488273488149396589486797937e-02
2.45500000000000000000000000000000e+01,8.80060354211918246755893471094078e-02,1.75182899287634280789914682769125e-02,1.48926956818153796359546292770959e-01,-3.99486169390476437114550615284150e-02
2.45999999999999999999999999999999e+01,8.88499201574348078470828407577219e-02,1.62375754549141548866068171549134e-02,1.46896394432953762201334235786688e-01,-4.12682667543041392251123830463347e-02
2.46499999999999999999999999999998e+01,8.96298437498772609683142413666959e-02,1.49599709096077758685229314601707e-02,1.44800693476753042850395226626364e-01,-4.25540752876006525796278653743223e-02
2.46999999999999999999999999999998e+01,9.03459806621546567509152615716208e-02,1.36862332441168134321801784629189e-02,1.42641558586900108411472622595915e-01,-4.38055436386339167761985489796689e-02
2.47500000000000000000000000000000e+01,9.09985429434901410106622812993443e-02,1.24171088748184856282222126945230e-02,1.40420718740745406578196331739214e-01,-4.50221971284862087277108071824834e-02
2.48000000000000000000000000000000e+01,9.15877796936119987688849306648469e-02,1.11533333513236160152171421752095e-02,1.38139926041512202385533447820173e-01,-4.62035854192716542846597425875913e-02
2.48499999999999999999999999999999e+01,9.21139765113238839572699015035070e-02,9.89563103447252080332832242304969e-03,1.35800954498597245702759987399430e-01,-4.73492826173061044643844398634867e-02
2.48999999999999999999999999999996e+01,9.25774549272232731179091543199098e-02,8.64471478428127111960617371586575e-03,1.33405598803123648759305302946305e-01,-4.84588873598599571559619814323627e-02
2.49499999999999999999999999999998e+01,9.29785718210676134954013628476683e-02,7.40128565791532089885772711072720e-03,1.30955673099565116635427411041898e-01,-4.95320228855640995522355172516748e-02
2.50000000000000000000000000000000e+01,9.33177188242913239787992662931681e-02,6.16603261776102919918381258905771e-03,1.28453009754256898000434479171470e-01,-5.05683370885497960918017150284465e-02
2.50500000000000000000000000000000e+01,9.35953217081801721025145360251270e-02,4.93963224965914407443558874582087e-03,1.25899458121604519171563896956426e-01,-5.15675025564138385531988648837153e-02
2.50999999999999999999999999999999e+01,9.38118397582125930750793973482098e-02,3.72274849135790372430546971278618e-03,1.23296883308796539833249770564696e-01,-5.25292165921106030391421517238647e-02
2.51499999999999999999999999999996e+01,9.39677651350802409811310849174970e-02,2.51603237123708137976211825885061e-03,1.20647164939822231836108288448277e-01,-5.34532012198828170152124870514578e-02
2.51999999999999999999999999999999e+01,9.40636222229024722921098214546056e-02,1.32012175734806093317811757366707e-03,1.17952195919589242013743497218562e-01,-5.43392031753528226577233476076903e-02
2.52500000000000000000000000000000e+01,9.40999669651515618382344428862669e-02,1.35641116808866925100900111805290e-04,1.15213881198929964816572761656897e-01,-5.51869938799059251068663942867696e-02
2.53000000000000000000000000000000e+01,9.40773861888072446086244402572929e-02,-1.03679871441304092228321670162284e-03,1.12434136541278529933094350177195e-01,-5.59963693995070306343056873182721e-02
2.53499999999999999999999999999999e+01,9.39964969172606649579551999590526e-02,-2.19660075130348881169219715314603e-03,1.09614887291793013372083778711593e-01,-5.67671503881012052368399929512905e-02
2.53999999999999999999999999999997e+01,9.38579456724889986534231335554885e-02,-3.34318206916919116843432774459763e-03,1.06758067149689717380577139451972e-01,-5.74991820157580139507517967735575e-02
2.54499999999999999999999999999999e+01,9.36624077670228927867308294159929e-02,-4.47597400255568392870280813004607e-03,1.03865616944548144974754239046675e-01,-5.81923338817285306125081364008162e-02
2.55000000000000000000000000000001e+01,9.34105865862294441624076197176686e-02,-5.59442233370711167653840190294875e-03,1.00939483417336628893309119619001e-01,-5.88464999125927324369803147880076e-02
2.55500000000000000000000000000001e+01,9.31032128614337093810548075551758e-02,-6.69798747056543390677017811640540e-03,9.79816180068994727911066664841893e-02,-5.94615982456836094332887270200979e-02
2.55999999999999999999999999999999e+01,9.27410439344017115547093066880674e-02,-7.78614461431260544836678308430206e-03,9.49939756426369350251377369105410e-02,-6.00375710979827213511585292294105e-02
2.56499999999999999999999999999997e+01,9.23248630137075825371890251540128e-02,-8.85838391646520505363089473941069e-03,9.19785135440994431886192270150674e-02,-6.05743846206901207900426146511531e-02
2.57000000000000000000000000000000e+01,9.18554784235068595543595910389034e-02,-9.91421062553682426049097083254580e-03,8.89371900282070815488349861793404e-02,-6.10720287396795267566538582364061e-02
2.57499999999999999999999999999999e+01,9.13337228452370452828108310625641e-02,-1.09531452232892847221847085595584e-02,8.58719633247946548390901223106139e-02,-6.15305169820573749629813459100255e-02
2.58000000000000000000000000000000e+01,9.07604525527653447267551499960526e-02,-1.19747235505994319860125452920421e-02,8.27847904011715117073744618182027e-02,-6.19498862890518863461547062396967e-02
2.58499999999999999999999999999999e+01,9.01365466415020142802766567885024e-02,-1.29784969229738658864734561981320e-02,7.96776257963738209499745918115296e-02,-6.23301968154655806936872146891912e-02
2.58999999999999999999999999999998e+01,8.94629062519960013129331245892927e-02,-1.39640322357495198333672958278197e-02,7.65524204657751450165573590382633e-02,-6.26715317159317151141441861718979e-02
2.59499999999999999999999999999998e+01,8.87404537885275193792964907864279e-02,-1.49309120590234966546975100519119e-02,7.34111206367089598559034264941556e-02,-6.29739969182219448619488842049036e-02
2.60000000000000000000000000000000e+01,8.79701321332098975937392226180090e-02,-1.58787347223610052605880463317148e-02,7.02556666757442397919980924170243e-02,-6.32377208838590843759224651003474e-02
2.60500000000000000000000000000000e+01,8.71529038561104659215625273904767e-02,-1.68071143893356135803494980508980e-02,6.70879919682423727034724559869814e-02,-6.34628543562951871972419268471448e-02
2.60999999999999999999999999999999e+01,8.62897504218973946128189704814337e-02,-1.77156811219613298437168077812297e-02,6.39100218108105063517808621869582e-02,-6.36495700969212627613383608274307e-02
2.61499999999999999999999999999996e+01,8.53816713935162997079763079236845e-02,-1.86040809350812372457482224324734e-02,6.07236723172529633831876544459983e-02,-6.37980626091808041689287770212410e-02
2.61999999999999999999999999999998e+01,8.44296836333970618427076037987253e-02,-1.94719758407825294545718536375380e-02,5.75308493386086125170235479686175e-02,-6.39085478510649123867166459136820e-02
2.62500000000000000000000000000000e+01,8.34348205026876871047205284474113e-02,-2.03190438829128226625861067359252e-02,5.43334473978480590005932731952089e-02,-6.39812629362721675588310517054381e-02
2.63000000000000000000000000000000e+01,8.23981310590081711801401507310552e-02,-2.11449791617775534648672116775949e-02,5.11333486397902308948922389071408e-02,-6.40164658243215160756302302214496e-02
2.63499999999999999999999999999999e+01,8.13206792532132161681260531377568e-02,-2.19494918491031123660475025087711e-02,4.79324217967834015428088709934375e-02,-6.40144349999113117937685927178608e-02
2.63999999999999999999999999999996e+01,8.02035431256482978380903538149116e-02,-2.27323081933551123072717452750455e-02,4.47325211706809150934910201322536e-02,-6.39754691418222705686768111211132e-02
2.64499999999999999999999999999999e+01,7.90478140023789942622403664564983e-02,-2.34931705155058515387739330576936e-02,4.15354856316268836771949896158802e-02,-6.38998867816664684722482210848152e-02
2.65000000000000000000000000000000e+01,7.78545956918686691636233260597861e-02,-2.42318371953495999739743071834531e-02,3.83431376341519142325712840088909e-02,-6.37880259527886353318208981726405e-02
2.65500000000000000000000000000000e+01,7.66250036825745595345390570041363e-02,-2.49480826484688154988750391833307e-02,3.51572822510635125864182230275278e-02,-6.36402438296298663306672766676046e-02
2.65999999999999999999999999999999e+01,7.53601643419270518154953336097665e-02,-2.56416972939587778482728754730212e-02,3.19797062256002146838904829882891e-02,-6.34569163578674953262715630389041e-02
2.66499999999999999999999999999997e+01,7.40612141171514490970433685285238e-02,-2.63124875130224083694657570293817e-02,2.88121770423027223713302001278002e-02,-6.32384378756482444228905735570341e-02
2.66999999999999999999999999999999e+01,7.27292987383858385365004973714987e-02,-2.69602755985512204541488249736956e-02,2.56564420170393863385541772422023e-02,-6.29852207262348855098209635750105e-02
2.67500000000000000000000000000001e+01,7.13655724245427687556684420857403e-02,-2.75848996958124148620035075498880e-02,2.25142274066072942059407132778621e-02,-6.26976948623895214511984035159258e-02
2.68000000000000000000000000000001e+01,6.99711970923563467973908555874310e-02,-2.81862137343660950902003380056465e-02,1.93872375383139997378722637576603e-02,-6.23763074428192180616264339590781e-02
2.68499999999999999999999999999999e+01,6.85473415690500687075565404477070e-02,-2.87640873513404299395244279481940e-02,1.62771539599285821839642787579936e-02,-6.20215224210120937654318321598204e-02
2.68999999999999999999999999999997e+01,6.70951808090542124183811258268278e-02,-2.93184058061963336556566647528154e-02,1.31856346103742651528482575458468e-02,-6.16338201267941029208738752669265e-02
2.69500000000000000000000000000000e+01,6.56158951151949517709589777858149e-02,-2.98490698871168686707846987608546e-02,1.01143130115182645155653493516144e-02,-6.12136968409386323614807175653310e-02
2.69999999999999999999999999999999e+01,6.41106693647705016627463479755094e-02,-3.03559958091601017936998105864174e-02,7.06479748139788685997344352320865e-03,-6.07616643631626700922875468674126e-02
2.70500000000000000000000000000000e+01,6.25806922409225818994553974048751e-02,-3.08391151043175608104573149878688e-02,4.03867036920517614676802247297539e-03,-6.02782495738447017636774009864787e-02
2.70999999999999999999999999999999e+01,6.10271554697042968913022204609279e-02,-3.12983745036237433875441271587830e-02,1.03748731233561854647959636673549e-03,-5.97639939898006461676415422816814e-02
2.71499999999999999999999999999998e+01,5.94512530632381754646026747842525e-02,-3.17337358114653221080732920927050e-02,-1.93722348421042402578731425909119e-03,-5.92194533144550573476689822200353e-02
2.71999999999999999999999999999998e+01,5.78541805693506054567431112550508e-02,-3.21451757722417666238870723749192e-02,-4.88396194580176049899798434527550e-03,-5.86451969827454999167124678345841e-02
2.72500000000000000000000000000000e+01,5.62371343280612372036895919298718e-02,-3.25326859295320647968541848663521e-02,-7.80125680327101357664797119960760e-03,-5.80418077010984479126160644465466e-02
2.73000000000000000000000000000000e+01,5.46013107352981243542166973710737e-02,-3.28962724779250683519643136012766e-02,-1.06876662448918989755730260857955e-02,-5.74098809828152682013050416409419e-02
2.73499999999999999999999999999999e+01,5.29479055142014255295638389810037e-02,-3.32359561076737145035045796698848e-02,-1.35417785450181094440373482025465e-02,-5.67500246792068294156835690027120e-02
2.73999999999999999999999999999996e+01,5.12781129943704120800423822335979e-02,-3.35517718423359831554280818319318e-02,-1.63622126691796938171117341606784e-02,-5.60628585068150291764487931251673e-02
2.74499999999999999999999999999998e+01,4.95931253994003214591102476554913e-02,-3.38437688695679397059321441426057e-02,-1.91476188554497250909570909188386e-02,-5.53490135710590584931998850906385e-02
2.75000000000000000000000000000000e+01,4.78941321430472684240950667605997e-02,-3.41120103652365862642150794653968e-02,-2.18966791719109259454065706282644e-02,-5.46091318866435255290731483351262e-02
2.75500000000000000000000000000000e+01,4.61823191343509832654282287845643e-02,-3.43565733110224991078067551551720e-02,-2.46081080500687542438396759566603e-02,-5.38438658950646441901152427757876e-02
2.75999999999999999999999999999999e+01,4.44588680920365934578974232236005e-02,-3.45775483056843671586081312363106e-02,-2.72806527940742338644012313526767e-02,-5.30538779795495592502422562814269e-02
2.76499999999999999999999999999996e+01,4.27249558685080084328635500648945e-02,-3.47750393701595646696763955700977e-02,-2.99130940656365369925810537899703e-02,-5.22398399777625320370982332985747e-02
2.76999999999999999999999999999999e+01,4.09817537837367125291549030579486e-02,-3.49491637466767906918542642285370e-02,-3.25042463445219721149339601148868e-02,-5.14024326926101522877979720101527e-02
2.77500000000000000000000000000000e+01,3.92304269693409245551480410576305e-02,-3.51000516920585878234028384637204e-02,-3.50529583645525969431058851350449e-02,-5.05423454014759759483759171539280e-02
2.78000000000000000000000000000000e+01,3.74721337231411497637457334526456e-02,-3.52278462653932130271295553859377e-02,-3.75581135250341470803706499812257e-02,-4.96602753642130188525120614687049e-02
2.78499999999999999999999999999999e+01,3.57080248744691373883992119339695e-02,-3.53327031102568739602261712108535e-02,-4.00186302775593393069045136060611e-02,-4.87569273302203658894104866856749e-02
2.78999999999999999999999999999997e+01,3.39392431604981701873578215168016e-02,-3.54147902316687655605252512026211e-02,-4.24334624881488629705624051788071e-02,-4.78330130449277880692591098047653e-02
2.79499999999999999999999999999999e+01,3.21669226138534576529618738262980e-02,-3.54742877679626439923329200094619e-02,-4.48015997747085043754087291933531e-02,-4.68892507560096995215049354150942e-02
2.80000000000000000000000000000001e+01,3.03921879617521875974283271417521e-02,-3.55113877577598589829604250756836e-02,-4.71220678197968476965668750354575e-02,-4.59263647196470367089065173155415e-02
2.80500000000000000000000000000001e+01,2.86161540369135176346891008031437e-02,-3.55262939022298315982048201327183e-02,-4.93939286587138524447294328493911e-02,-4.49450847071527068866672779643667e-02
2.80999999999999999999999999999999e+01,2.68399252004694645225178137458377e-02,-3.55192213228249131032138576106599e-02,-5.16162809429363126804932445131950e-02,-4.39461455122731360399186806580741e-02
2.81499999999999999999999999999997e+01,2.50645947770982812698327158991794e-02,-3.54903963146773921926134343318753e-02,-5.37882601789417480610318837343146e-02,-4.29302864594751522309414144186027e-02
2.82000000000000000000000000000000e+01,2.32912445025925051875394162584359e-02,-3.54400560958471330014829481883337e-02,-5.59090389424776526166595964577135e-02,-4.18982509135239725899981985725608e-02
2.82499999999999999999999999999999e+01,2.15209439840644204811562006950580e-02,-3.53684485526089254141097456354471e-02,-5.79778270683482253370147088268890e-02,-4.08507857906544252705782208521824e-02
2.83000000000000000000000000000000e+01,1.97547501729822123371100283861578e-02,-3.52758319809691128376839383300034e-02,-5.99938718158057188410084269325788e-02,-3.97886410716337358074006530239849e-02
2.83499999999999999999999999999999e+01,1.79937068512206014983361541163813e-02,-3.51624748246014314797834014502587e-02,-6.19564580096483604703427807536803e-02,-3.87125693170102447722842840138208e-02
2.83999999999999999999999999999998e+01,1.62388441303002447781956736449864e-02,-3.50286554093922500560181229773937e-02,-6.38649081571414161592086471890839e-02,-3.76233251848383047862986799095574e-02
2.84499999999999999999999999999998e+01,1.44911779639806735018149826700328e-02,-3.48746616747855406582358035969167e-02,-6.57185825408923736883997547010043e-02,-3.65216649511653342388774208314044e-02
2.85000000000000000000000000000000e+01,1.27517096743620241206198729581780e-02,-3.47007909021179412170232706875413e-02,-6.75168792878254109486099607848069e-02,-3.54083460335625869595783931706004e-02
2.85500000000000000000000000000000e+01,1.10214254916412987983374616367443e-02,-3.45073494401341886328399862572697e-02,-6.92592344144142793581037961474728e-02,-3.42841265179766361073716539996598e-02
2.85999999999999999999999999999999e+01,9.30129610765938414150568747192496e-03,-3.42946524278730103005457837178852e-02,-7.09451218483464655744366317303568e-02,-3.31497646891738712511587706798713e-02
2.86499999999999999999999999999996e+01,7.59227624336555891672603714545341e-03,-3.40630235151132615105188952558465e-02,-7.25740534268049893079186700652701e-02,-3.20060185650454746194598763899427e-02
2.86999999999999999999999999999999e+01,5.89530423031674197709408708948224e-03,-3.38127945805696882030081501094115e-02,-7.41455788715674448167568261965256e-02,-3.08536454350353804393790059377966e-02
2.87500000000000000000000000000000e+01,4.21130160631927507071414876784377e-03,-3.35443054480271799483665106086103e-02,-7.56592857411348922039322740104319e-02,-2.96934014029486348408030964016929e-02
2.88000000000000000000000000000000e+01,2.54117272531160702452317286995081e-03,-3.32579036006017580468097776469030e-02,-7.71147993601159458420834221391525e-02,-2.85260409343923676766930295882975e-02
2.88499999999999999999999999999999e+01,8.85804381576851223643955062291412e-04,-3.29539438933158195758639810153096e-02,-7.85117827261038852591061988559078e-02,-2.73523164090962665358100059267117e-02
2.88999999999999999999999999999996e+01,-7.53934551635167489200888943661158e-04,-3.26327882641743314205150169843577e-02,-7.98499363942968229951541282251906e-02,-2.61729776783540119544434575934480e-02
2.89499999999999999999999999999999e+01,-2.37719346900607228705215394479470e-03,-3.22948054439277402255952116615772e-02,-8.11289983401228989007193195124120e-02,-2.49887716278215961419854610312208e-02
2.90000000000000000000000000000000e+01,-3.98314036550625900847522656161173e-03,-3.19403706647063362941893829237171e-02,-8.23487438001441259340751511673592e-02,-2.38004417459028102105851891855713e-02
2.90500000000000000000000000000000e+01,-5.57096215415955393853140106395655e-03,-3.15698653677096832463074155457281e-02,-8.35089850915238838229107134336781e-02,-2.26087276979464517430283891991951e-02
2.91000000000000000000000000000000e+01,-7.13986496917252309156617001742530e-03,-3.11836769101335023088690451866045e-02,-8.46095714103541393081446608082999e-02,-2.14143649064739803558598725139696e-02
2.91499999999999999999999999999997e+01,-8.68907445439483824971197322318821e-03,-3.07821982715150820185425286500955e-02,-8.56503886091492606570094962553228e-02,-2.02180841376504385327689723286196e-02
2.91999999999999999999999999999999e+01,-1.02178360370861236447005631815672e-02,-3.03658277596768724969819022004220e-02,-8.66313589538237855277674343906067e-02,-1.90206110942054632350209524305391e-02
2.92500000000000000000000000000001e+01,-1.17254151869736529190227671576129e-02,-2.99349687164464199478174179635853e-02,-8.75524408604816911410026922676868e-02,-1.78226660150051454591098671518796e-02
2.93000000000000000000000000000001e+01,-1.32110976605941343131149920838764e-02,-2.94900292233292033079018499812140e-02,-8.84136286123546003542869842165198e-02,-1.66249632814693548207495644935518e-02
2.93499999999999999999999999999999e+01,-1.46741897309216084306996699731068e-02,-2.90314218073092527873169238398033e-02,-8.92149520572359331806215532067318e-02,-1.54282110310229392056434674597158e-02
2.93999999999999999999999999999997e+01,-1.61140184022921830547456458453325e-02,-2.85595631469506611274251580346066e-02,-8.99564762857672773090068574303686e-02,-1.42331107777629403378463676312167e-02
2.94500000000000000000000000000000e+01,-1.75299316106449390317621279814836e-02,-2.80748737789712446169119120845791e-02,-9.06383012909422002898824506063690e-02,-1.30403570405176395594191371271165e-02
2.94999999999999999999999999999999e+01,-1.89212984091068560146444032636337e-02,-2.75777778054576741015695995422813e-02,-9.12605616092013574898981171511565e-02,-1.18506369784668689577643559930985e-02
2.95500000000000000000000000000000e+01,-2.02875091389580227509005087921846e-02,-2.70687026018893783141711944434612e-02,-9.18234259435010611883047919035881e-02,-1.06646300344865959676839519699852e-02
2.95999999999999999999999999999999e+01,-2.16279755860217096169997522077250e-02,-2.65480785261364247791591237825531e-02,-9.23270967687454650068421350368910e-02,-9.48300758637431943998009927959083e-03
2.96499999999999999999999999999998e+01,-2.29421311225320873218328744342922e-02,-2.60163386285944092827893345683873e-02,-9.27718099199801821976994392072644e-02,-8.30643260610530660864668518496905e-03
2.96999999999999999999999999999998e+01,-2.42294308345404713229431890339449e-02,-2.54739183636171354343537862411939e-02,-9.31578341637524943556751869678712e-02,-7.13555932726315807806546470345685e-03
2.97500000000000000000000000000000e+01,-2.54893516349289528084187080976098e-02,-2.49212553024055431886722456267140e-02,-9.34854707530503172997326343377546e-02,-5.97103292078161653347449200194646e-03
2.98000000000000000000000000000000e+01,-2.67213923621081404862470911716391e-02,-2.43587888475089513829033619705894e-02,-9.37550529662387718457716905344029e-02,-4.81348917912793896264577077499222e-03
2.98499999999999999999999999999999e+01,-2.79250738644834793845487794392371e-02,-2.37869599490922164093689000266267e-02,-9.39669456304195578562749978908183e-02,-3.66355420905153633889539617121825e-03
2.98999999999999999999999999999996e+01,-2.90999390707822299963076850552340e-02,-2.32062108231198791679330424594875e-02,-9.41215446296443494209933442078035e-02,-2.52184413301495349176997428023350e-03
2.99499999999999999999999999999999e+01,-3.02455530463406801007925563242201e-02,-2.26169846716057775048228524121237e-02,-9.42192763984191166392862483576336e-02,-1.38896479941761977784168747343154e-03
3.00000000000000000000000000000000e+01,-3.13615030354585192655296274911195e-02,-2.20197254050739435590759893877223e-02,-9.42605974009416348061252169123212e-02,-2.65511501716152612710111715942333e-04
3.00500000000000000000000000000000e+01,-3.24473984899345292881664622773410e-02,-2.14148773673738869332057482933345e-02,-9.42459935965194646386047905045199e-02,8.47931293461654656245573691012543e-04
3.00999999999999999999999999999999e+01,-3.35028710839048296945787833979379e-02,-2.08028850629905875309100687693156e-02,-9.41759798916203775257690541266803e-02,1.95079020911867730921939432250971e-03
3.01499999999999999999999999999996e+01,-3.45275747151118629937831770072243e-02,-2.01841928869866884295659984042640e-02,-9.40510995790115578660536148749861e-02,3.04250321152229463224606207835533e-03
3.01999999999999999999999999999999e+01,-3.55211854927391069361080526331467e-02,-1.95592448577114914632417617730117e-02,-9.38719237644479408122363437018012e-02,4.12251985459300521969717520322893e-03
3.02500000000000000000000000000000e+01,-3.64834017119531578727239311062295e-02,-1.89284843524084184824403146445680e-02,-9.36390507813737388235540728872317e-02,5.19030151497722692679125511547426e-03
3.03000000000000000000000000000000e+01,-3.74139438153013379264375763030877e-02,-1.82923538458496117426737297787794e-02,-9.33531055941045751873717869487318e-02,6.24532161774028257425468188478532e-03
3.03500000000000000000000000000000e+01,-3.83125543411193366209579747618598e-02,-1.76512946521233097800368773151856e-02,-9.30147391899606781831302060322926e-02,7.28706585262214555192928163438696e-03
3.03999999999999999999999999999997e+01,-3.91789978591096025554882760256286e-02,-1.70057466696965526929615983089432e-02,-9.26246279608242970867666929731347e-02,8.31503238080506515397633543968042e-03
3.04499999999999999999999999999999e+01,-4.00130608932572504422711309654355e-02,-1.63561481298726452078032099471710e-02,-9.21834730745968822217272817573229e-02,9.32873203214870584061465127397258e-03
3.05000000000000000000000000000001e+01,-4.08145518322561412476674861538762e-02,-1.57029353487596395095848703045567e-02,-9.16919998370336274170296522952999e-02,1.03276884928549137594638015763558e-02
3.05500000000000000000000000000001e+01,-4.15833008276235263059954970642557e-02,-1.50465424828628948184272020620358e-02,-9.11509570444347063909516434208122e-02,1.13114384835306639388869708110293e-02
3.05999999999999999999999999999999e+01,-4.23191596796872182357387688773047e-02,-1.43874012884115293373044050180070e-02,-9.05611163276739467882099507893472e-02,1.22795319276241388192135652887183e-02
3.06499999999999999999999999999997e+01,-4.30220017116346605183684260742900e-02,-1.37259408845253047361131403313159e-02,-8.99232714880467790929880423450300e-02,1.32315321102152395176023829280419e-02
3.07000000000000000000000000000000e+01,-4.36917216318185120517590768831066e-02,-1.30625875203251760153466217739709e-02,-8.92382378254200748370241111716766e-02,1.41670158271481318016422633401259e-02
3.07499999999999999999999999999999e+01,-4.43282353845184413259893250730228e-02,-1.23977643460874026502195064194985e-02,-8.85068514591669520178769151240056e-02,1.50855735244996756209707487320144e-02
3.08000000000000000000000000000000e+01,-4.49314799893637356640743564369641e-02,-1.17318911885377525884693606543302e-02,-8.77299686423697782100394228210814e-02,1.59868094283837767343847163987525e-02
3.08500000000000000000000000000000e+01,-4.55014133696260729104160302691145e-02,-1.10653843303789411932657170837617e-02,-8.69084650697744464355259121830235e-02,1.68703416650978280664270043069851e-02
3.08999999999999999999999999999998e+01,-4.60380141695963748334500156392148e-02,-1.03986562941410348133310714667139e-02,-8.60432351799785385740547518298392e-02,1.77358023716234736030206331112146e-02
3.09499999999999999999999999999998e+01,-4.65412815612640622453201790791947e-02,-9.73211563044111554784816852265096e-03,-8.51351914523352292136482205450220e-02,1.85828377964999256388475684745957e-02
3.10000000000000000000000000000000e+01,-4.70112350405212604506201821264312e-02,-9.06616671073505217163099684148244e-03,-8.41852636990537228086437890959213e-02,1.94111083910939938471727453279513e-02
3.10500000000000000000000000000000e+01,-4.74479142131185592492604265498073e-02,-8.40120952464075430839181570685487e-03,-8.31943983529756624186672117771045e-02,2.02202888912968388630344070755244e-02
3.10999999999999999999999999999999e+01,-4.78513785706028135767253693632776e-02,-7.73763948190880499165949155224305e-03,-8.21635577515053028965765061135629e-02,2.10100683896832408415471920608615e-02
3.11499999999999999999999999999996e+01,-4.82217072564711783197906504897447e-02,-7.07584721911287292985859080203999e-03,-8.10937194171693090718009270845405e-02,2.17801503981748718449226793188469e-02
3.11999999999999999999999999999998e+01,-4.85589988227791033581006241768259e-02,-6.41621841112880227880417619383786e-03,-7.99858753352798242783320272161735e-02,2.25302529012546770780957287284768e-02
3.12500000000000000000000000000000e+01,-4.88633709774433720216902280879886e-02,-5.75913358746776669230811048821690e-03,-7.88410312291719606845746295894027e-02,2.32601083997850011707727561578175e-02
3.13000000000000000000000000000000e+01,-4.91349603224844475995520785059742e-02,-5.10496795352535802470748968288692e-03,-7.76602058334840946120604040125977e-02,2.39694639454875392151340591162579e-02
3.13499999999999999999999999999999e+01,-4.93739220834553980699891396363952e-02,-4.45409121680496043493004060585645e-03,-7.64444301659463118301687679986933e-02,2.46580811661485455205316519571624e-02
3.13999999999999999999999999999996e+01,-4.95804298303074987414091891362010e-02,-3.80686741817023990754483536030475e-03,-7.51947467981390442604835760584866e-02,2.53257362816179935325669036595987e-02
3.14499999999999999999999999999999e+01,-4.97546751899452659894095062339413e-02,-3.16365476817805945842496945814398e-03,-7.39122091256803753164082613923579e-02,2.59722201106765456637953231795021e-02
3.15000000000000000000000000000000e+01,-4.98968675507261528537371925132370e-02,-2.52480548853961360546742999573265e-03,-7.25978806382966710591633709919250e-02,2.65973380688492595640724564033381e-02
3.15500000000000000000000000000000e+01,-5.00072337591624391214099834336269e-02,-1.89066565875406410986174327291611e-03,-7.12528341902271234027509712120835e-02,2.72009101572499253749937938082207e-02
3.16000000000000000000000000000000e+01,-5.00860178090849749763638254518467e-02,-1.26157506795545455910276859528339e-03,-6.98781512714084747904027213342419e-02,2.77827709425447946078750278702504e-02
3.16499999999999999999999999999997e+01,-5.01334805235303887487125526734297e-02,-6.37867072010186074281961502838552e-04,-6.84749212798816362415902679062658e-02,2.83427695281292233896304202697715e-02
3.16999999999999999999999999999999e+01,-5.01498992296151462549752622695610e-02,-1.98684558988522624657033005966067e-05,-6.70442407958571176812389615546110e-02,2.88807695166154089558894193903560e-02
3.17500000000000000000000000000001e+01,-5.01355674266614522898302298031337e-02,5.92100698587239542442927512913926e-04,-6.55872128578711663574869595884041e-02,2.93966489637339465449366300945004e-02
3.18000000000000000000000000000001e+01,-5.00907944478414147127363351676461e-02,1.19772713980798976694802649578802e-03,-6.41049462414592613696200912637916e-02,2.98903003237563724579886743680856e-02
3.18499999999999999999999999999999e+01,-5.00159051156071490678089126275509e-02,1.79670456787143896411831471267809e-03,-6.25985547407681453899822665538173e-02,3.03616303865501862887162626442123e-02
3.18999999999999999999999999999997e+01,-4.99112393911755876761149079707878e-02,2.38873375084569953507234408103790e-03,-6.10691564535218941823806207597771e-02,3.08105602063820595650011667734935e-02
3.19500000000000000000000000000000e+01,-4.97771520183376726330161851541648e-02,2.97352263556927494279897477173673e-03,-5.95178730697516361833454299841229e-02,3.12370250225890377553621340478006e-02
3.19999999999999999999999999999999e+01,-4.96140121618623582084287207007619e-02,3.55078645304653172211829129447920e-03,-5.79458291646924439845689276449790e-02,3.16409741722415263273864701392850e-02
3.20499999999999999999999999999994e+01,-4.94222030407664259546891562122497e-02,4.12024781841844246277326930635912e-03,-5.63541514962446328678978513800131e-02,3.20223709949257179512870082830097e-02
3.21000000000000000000000000000000e+01,-4.92021215567215266341751238401335e-02,4.68163682550204475281980112757347e-03,-5.47439683073902244968538511668749e-02,3.23811927297768657529691772243330e-02
3.21500000000000000000000000000000e+01,-4.89541779178701082336366451180742e-02,5.23469113589536007915322250514248e-03,-5.31164086339486724203102440592845e-02,3.27174304048984355613207432899176e-02
3.21999999999999999999999999999998e+01,-4.86787952583219702671353945206343e-02,5.77915606264778618697272016343590e-03,-5.14726016180491062107710743329770e-02,3.30310887193056772761339974734638e-02
3.22500000000000000000000000000000e+01,-4.83764092536031028016804316253422e-02,6.31478464849921473058349274140378e-03,-4.98136758276893389099598586950647e-02,3.33221859175355408068630246282125e-02
3.22999999999999999999999999999994e+01,-4.80474677323282257688141252707225e-02,6.84133773869433157007957509749334e-03,-4.81407585827447041041720779530928e-02,3.35907536570681245870963529318251e-02
3.23499999999999999999999999999999e+01,-4.76924302843680418320600559553717e-02,7.35858404838172818438136010410265e-03,-4.64549752877824505604860599432771e-02,3.38368368687079836316320491487671e-02
3.24000000000000000000000000000001e+01,-4.73117678657816561237835289307132e-02,7.86630022461058781990755387545813e-03,-4.47574487720299301208658191510119e-02,3.40604936100766387360204473993629e-02
3.24499999999999999999999999999998e+01,-4.69059624007839003822410803855219e-02,8.36427090294080765204899745778308e-03,-4.30492986368371747074794597215635e-02,3.42617949123705180727233345048327e-02
3.25000000000000000000000000000000e+01,-4.64755063810164293222733056326597e-02,8.85228875868547691701006098055652e-03,-4.13316406109666771025780971151290e-02,3.44408246205413265500997128265458e-02
3.25499999999999999999999999999994e+01,-4.60209024623904354464888566517062e-02,9.33015455280764922513331681629902e-03,-3.96055859140352739194484293610468e-02,3.45976792270584763922764527152902e-02
3.25999999999999999999999999999999e+01,-4.55426630597676570046985036469269e-02,9.79767717249632368133588947981666e-03,-3.78722406284249841884570758253957e-02,3.47324676994157240764965633334957e-02
3.26500000000000000000000000000001e+01,-4.50413099397450345642692607559048e-02,1.02546736664494826387356924278419e-02,-3.61327050799714895727836603332877e-02,3.48453113015465437208557742661117e-02
3.26999999999999999999999999999999e+01,-4.45173738118069068572829764925532e-02,1.07009692748949225601589850165188e-02,-3.43880732277306587441848099943801e-02,3.49363434093150250239986560693335e-02
3.27500000000000000000000000000000e+01,-4.39713939181070284821578796955265e-02,1.11363974543824572586988653780145e-02,-3.26394320631151252413368624353893e-02,3.50057093202512147765898555947315e-02
3.27999999999999999999999999999993e+01,-4.34039176221409429820523504478992e-02,1.15607998973838684703918111524233e-02,-3.08878610186844315583531000964729e-02,3.50535660577018247313059268765867e-02
3.28500000000000000000000000000000e+01,-4.28154999965673571864099658862877e-02,1.19740265467397260553325341398115e-02,-2.91344313868636586263600041957474e-02,3.50800821695691052538080135374519e-02
3.29000000000000000000000000000001e+01,-4.22067034104351389321461599761917e-02,1.23759356049948979431329765081322e-02,-2.73802057488567756109333878664983e-02,3.50854375218124337818490009155956e-02
3.29499999999999999999999999999999e+01,-4.15780971160704028822018350228377e-02,1.27663935386672170893152870071342e-02,-2.56262374140121764001338529891180e-02,3.50698230868887898726864512391731e-02
3.30000000000000000000000000000001e+01,-4.09302568358758606927306866454708e-02,1.31452750774963680863555413734854e-02,-2.38735698698890226383105800579198e-02,3.50334407273097847778318785937952e-02
3.30499999999999999999999999999993e+01,-4.02637643492921948614796053576958e-02,1.35124632087225986133611224776180e-02,-2.21232362432640949914227205221593e-02,3.49765029744942833835386921268816e-02
3.30999999999999999999999999999999e+01,-3.95792070801686728865165006752406e-02,1.38678491664473495905203486989507e-02,-2.03762587723098708133777950623703e-02,3.48992328030969004060863776145657e-02
3.31500000000000000000000000000001e+01,-3.88771776847875525939070586834640e-02,1.42113324161303317498940494471189e-02,-1.86336482901655038004072309814010e-02,3.48018634009937714186392579187930e-02
3.32000000000000000000000000000000e+01,-3.81582736407840434206465903803145e-02,1.45428206342799544072703826221341e-02,-1.68964037201132858262501383453856e-02,3.46846379351079931709148237325790e-02
3.32499999999999999999999999999999e+01,-3.74230968372006848762162392428022e-02,1.48622296833963336284238453213066e-02,-1.51655115825640291695505325726577e-02,3.45478093132579973764920679982921e-02
3.32999999999999999999999999999994e+01,-3.66722531659119852071837148536564e-02,1.51694835822283708783164564286216e-02,-1.34419455140456249676295611590966e-02,3.43916399422128683892723918032153e-02
3.33500000000000000000000000000000e+01,-3.59063521146520333502991187114021e-02,1.54645144714085988179136776870110e-02,-1.17266657983798171119512632653825e-02,3.42164014821392387446490487611727e-02
3.34000000000000000000000000000000e+01,-3.51260063618745585157436822953272e-02,1.57472625745316374077204195927317e-02,-1.00206189102229860539903863416019e-02,3.40223745976248982456990198135969e-02
3.34499999999999999999999999999998e+01,-3.43318313736715671658347268724702e-02,1.60176761547441901698875742990711e-02,-8.32473707113747018579809481564420e-03,3.38098487054646330413390586496035e-02
3.35000000000000000000000000000000e+01,-3.35244450029732397527763909406974e-02,1.62757114669165366740715207620501e-02,-6.63993781835066962008459309439307e-03,3.35791217193940719495389294078385e-02
3.35499999999999999999999999999994e+01,-3.27044670912482223920131160456551e-02,1.65213327054674424102956486775970e-02,-4.96712358634988429231782717095410e-03,3.33304997919574591671807976072637e-02
3.35999999999999999999999999999999e+01,-3.18725190729198047461849889914172e-02,1.67545119479163106005501726431079e-02,-3.30718130145154126065352567104275e-03,3.30642970536952965856276032110124e-02
3.36500000000000000000000000000001e+01,-3.10292235827097378780769173701892e-02,1.69752290942382416267533021331424e-02,-1.66098198947417075004460905936737e-03,3.27808353498377063665805227844154e-02
3.36999999999999999999999999999998e+01,-3.01752040661176178253952155459065e-02,1.71834718020994441041215244464379e-02,-2.93803966352026762232378740433455e-05,3.24804439746891564564611109028243e-02
3.37500000000000000000000000000000e+01,-2.93110843932398453063581820928684e-02,1.73792354180521567352414610890808e-02,1.58678537621761916799855656503533e-03,3.21634594038898696190466566860410e-02
3.37999999999999999999999999999994e+01,-2.84374884761281724561199738002055e-02,1.75625229047698915117181033822031e-02,3.18669422593866370485366753462755e-03,3.18302250247388016932757209528622e-02
3.38499999999999999999999999999999e+01,-2.75550398898837670135676066598841e-02,1.77333447644053961991208536679824e-02,4.76954238588836947221316713861821e-03,3.14810908647625285405760796097574e-02
3.39000000000000000000000000000001e+01,-2.66643614976785661380112491282490e-02,1.78917189581552570006134500951393e-02,6.33454375112562238587962776289052e-03,3.11164133187137249935099874281782e-02
3.39499999999999999999999999999999e+01,-2.57660750798914592639771048064431e-02,1.80376708221165205405360894104941e-02,7.88093018991461041600774934592828e-03,3.07365548741821545684500368667015e-02
3.40000000000000000000000000000000e+01,-2.48608009675425353421391417525544e-02,1.81712329795221075787266796875792e-02,9.40795184148133582438423987968944e-03,3.03418838360002173250507717771722e-02
3.40499999999999999999999999999993e+01,-2.39491576802042577198962125311702e-02,1.82924452494431189390471758714821e-02,1.09148773999640439973704358373529e-02,2.99327740496241266607807187558829e-02
3.41000000000000000000000000000000e+01,-2.30317615685639930506917385451340e-02,1.84013545520473968330141894205495e-02,1.24009943845108548718571768335288e-02,2.95096046236707056851493467816984e-02
3.41500000000000000000000000000001e+01,-2.21092264618078222592329912546876e-02,1.84980148105049019451052478471141e-02,1.38656093954868533537759932937267e-02,2.90727596517886118384742676409554e-02
3.41999999999999999999999999999999e+01,-2.11821633199910050084299388580111e-02,1.85824868496315982252686856404731e-02,1.53080483567618039225322474782246e-02,2.86226279340415163630314243312614e-02
3.42500000000000000000000000000001e+01,-2.02511798915558575949917215808660e-02,1.86548382913646032525378767863648e-02,1.67276567440584968412167002917741e-02,2.81596026979793849035520405470690e-02
3.42999999999999999999999999999993e+01,-1.93168803761531410277225989816312e-02,1.87151434471623622780591128622981e-02,1.81237997993505041838977254589892e-02,2.76840813195725287554092663402545e-02
3.43499999999999999999999999999999e+01,-1.83798650929183444988502221883558e-02,1.87634832074245386527046882931731e-02,1.94958627313068184733260285329953e-02,2.71964650441815249798043578522019e-02
3.44000000000000000000000000000001e+01,-1.74407301543494928250984401233410e-02,1.87999449280271823592320479552942e-02,2.08432509017894604159890486416806e-02,2.66971587077344396927312397656788e-02
3.44500000000000000000000000000000e+01,-1.65000671459283079883513552317837e-02,1.88246223140695419054423376817460e-02,2.21653899984186704449266896645348e-02,2.61865704582810342733515343071108e-02
3.44999999999999999999999999999999e+01,-1.55584628116217179161806455478238e-02,1.88376153009296230343435343086438e-02,2.34617261932287370515166156376369e-02,2.56651114780917910288767851266078e-02
3.45499999999999999999999999999994e+01,-1.46164987453958333727665613253238e-02,1.88390299327262707482118662439599e-02,2.47317262874458588239451178290762e-02,2.51331957064676650330756019078504e-02
3.45999999999999999999999999999999e+01,-1.36747510888696095335520513183952e-02,1.88289782382861592402980717618617e-02,2.59748778424276824333188049953256e-02,2.45912395634244544931325969378590e-02
3.46500000000000000000000000000000e+01,-1.27337902352304757334167057618324e-02,1.88075781047146177312483931147536e-02,2.71906892968123013436081057223125e-02,2.40396616744135851952684392768858e-02
3.46999999999999999999999999999998e+01,-1.17941805395292582359159156158847e-02,1.87749531486696992031144198029513e-02,2.83786900699325356998873551870632e-02,2.34788825962389274635895927334795e-02
3.47500000000000000000000000000000e+01,-1.08564800354667398826922797032109e-02,1.87312325854393139333330963831744e-02,2.95384306515592387089161766913935e-02,2.29093245443270087975585087246721e-02
3.47999999999999999999999999999994e+01,-9.92124015877920034308588687476682e-03,1.86765510959216009104660399995926e-02,3.06694826780451850138558761209644e-02,2.23314111215056541162939045845277e-02
3.48499999999999999999999999999999e+01,-8.98900547732526457112286884827386e-03,1.86110486916089980537550817661582e-02,3.17714389949487883375768894035452e-02,2.17455670484436805425736910743613e-02
3.49000000000000000000000000000001e+01,-8.06031342797135814691040716160210e-03,1.85348705776766970851708150074480e-02,3.28439137062244653944194211793710e-02,2.11522178959017971391498575870173e-02
3.49499999999999999999999999999998e+01,-7.13569406036802956634173001855416e-03,1.84481670142763313753474189232017e-02,3.38865422100739072284593645402261e-02,2.05517898189423142196791556930578e-02
3.50000000000000000000000000000000e+01,-6.21566978770435435741085949543694e-03,1.83510931761358455972429887190624e-02,3.48989812215598343205971856184267e-02,1.99447092932426540711401470350957e-02
3.50499999999999999999999999999994e+01,-5.30075514452258722832890727624602e-03,1.82438090105665351005902443742415e-02,3.58809087820909947246332254191153e-02,1.93314028536549774373723311297094e-02
3.50999999999999999999999999999999e+01,-4.39145655167017934982053215840232e-03,1.81264790939782211260847584170028e-02,3.68320242558942119665163417661521e-02,1.87122968351515002344622145988191e-02
3.51500000000000000000000000000001e+01,-3.48827208846123137045970808496582e-03,1.79992724870034459027897172845040e-02,3.77520483135961984096443073485393e-02,1.80878171162922750234337798505232e-02
3.51999999999999999999999999999999e+01,-2.59169127211441185829141622228840e-03,1.78623625883314299387072533139737e-02,3.86407229030446173075567300450600e-02,1.74583888653493540929926496306682e-02
3.52500000000000000000000000000000e+01,-1.70219484452933852096529220935111e-03,1.77159269873523330765562123787478e-02,3.94978112075045000059498760382383e-02,1.68244362892183379558476983782448e-02
3.52999999999999999999999999999993e+01,-8.20254566458398713439913152371595e-04,1.75601473157121018276107497310748e-02,4.03230975913726010088264933989708e-02,1.61863823852453469977427858416866e-02
3.53499999999999999999999999999999e+01,5.36669808740207046067879642182061e-05,1.73952090978778688275381169174928e-02,4.11163875335586002972369869353583e-02,1.55446486960944373089864107840669e-02
3.54000000000000000000000000000001e+01,9.19116586657913288081392036687562e-04,1.72213016008134967185345930355718e-02,4.18775075486882369106351239443936e-02,1.48996550677774167514827266500604e-02
3.54499999999999999999999999999999e+01,1.77565059384763093459629697617656e-03,1.70386176828644291172311714191272e-02,4.26063050962894780165519501663349e-02,1.42518194109649064533153118548300e-02
3.55000000000000000000000000000001e+01,2.62283507493839429073700537900735e-03,1.68473536419505263690219027059732e-02,4.33026484781286912695514282282754e-02,1.36015574656943385653123985057575e-02
3.55499999999999999999999999999994e+01,3.46024600013719072917261019185272e-03,1.66477090631650243327309967339560e-02,4.39664267238694930801849495242884e-02,1.29492825695873856499327895021434e-02
3.55999999999999999999999999999999e+01,4.28746939790080729483004901537501e-03,1.64398866658771613251335136280016e-02,4.45975494652324894833702751784090e-02,1.22954054296860828936621146958027e-02
3.56500000000000000000000000000001e+01,5.10410150781860734464638747350447e-03,1.62240921504353724465988732923995e-02,4.51959467988395077373139381822091e-02,1.16403338980136338310201619287649e-02
3.57000000000000000000000000000000e+01,5.90974892582248733486169965973808e-03,1.60005340445672526938766855448703e-02,4.57615691379311338423231549733047e-02,1.09844727509625858306138672956168e-02
3.57499999999999999999999999999999e+01,6.70402874171124176970931138720146e-03,1.57694235495717414531486226415954e-02,4.62943870531514222065560740621225e-02,1.03282234726097256075745173987125e-02
3.57999999999999999999999999999994e+01,7.48656866898131718901227821164147e-03,1.55309743863981820873181667328178e-02,4.67943911025985271850769321266321e-02,9.67198404205367987368573407858979e-03
3.58499999999999999999999999999999e+01,8.25700716696064776002698857955669e-03,1.52854026417060623390242082005611e-02,4.72615916513447207805833075357847e-02,9.01614872486781429196076416337680e-03
3.59000000000000000000000000000001e+01,9.01499355524693311948201427962873e-03,1.50329266139983451389573269729682e-02,4.76960186806338051385139544929163e-02,8.36110786875760753430743630302755e-03
3.59499999999999999999999999999998e+01,9.76018812045634120294604342884080e-03,1.47737666599203561320250907622279e-02,4.80977215869683014337669066607106e-02,7.70724770350823880831238130594828e-03
3.60000000000000000000000000000000e+01,1.04922622152931925684364561138192e-02,1.45081450408152048257446244154699e-02,4.84667689713029972865022676075595e-02,7.05495014530466907094728909040015e-03
3.60499999999999999999999999999994e+01,1.12108983499557058887392187302390e-02,1.42362857696256817588414049599909e-02,4.88032484185654620331756555138223e-02,6.40459260550302062045077515596611e-03
3.60999999999999999999999999999999e+01,1.19157902758973546235408953345638e-02,1.39584144582314955343543003796849e-02,4.91072662677279922052983775263826e-02,5.75654780392856917718795531590819e-03
3.61500000000000000000000000000001e+01,1.26066430619678002124435722637486e-02,1.36747581653095920286423692620340e-02,4.93789473726591277375725038520959e-02,5.11118358677215924017165946984874e-03
3.61999999999999999999999999999998e+01,1.32831731629617253313217035799458e-02,1.33855452448041346597117694035725e-02,4.96184348539863821592570783934334e-02,4.46886274915333973292078293087181e-03
3.62500000000000000000000000000000e+01,1.39451084806081897599531629258578e-02,1.30910051950915203744443679999013e-02,4.98258898422051568524658844275899e-02,3.82994286241499500849607748484548e-03
3.62999999999999999999999999999994e+01,1.45921884170373692063972995661246e-02,1.27913685089245621078397888951630e-02,5.00014912122719600366172756085852e-02,3.19477610621071842901187856410451e-03
3.63499999999999999999999999999999e+01,1.52241639207657120671728445378886e-02,1.24868665242386860044914353182907e-02,5.01454353099230252200245996277406e-02,2.56370910544264421064409838665059e-03
3.64000000000000000000000000000001e+01,1.58407975252446586724949263305282e-02,1.21777312759016718114160369498143e-02,5.02579356699622213197487658071343e-02,1.93708277210392025177840056422424e-03
3.64499999999999999999999999999999e+01,1.64418633800221102304411850537064e-02,1.18641953484871087013327107117756e-02,5.03392227267647674719490393466242e-02,1.31523215207647243861634240244290e-03
3.65000000000000000000000000000000e+01,1.70271472745698086584332807990529e-02,1.15464917301503475260533052701018e-02,5.03895435172457098290772127001408e-02,6.98486276931181625808156451186156e-04
3.65499999999999999999999999999993e+01,1.75964466548336920485581162620368e-02,1.12248536676843052997634102254310e-02,5.04091613765443855676146028519927e-02,8.71680207740702723070830868166493e-05
3.65999999999999999999999999999999e+01,1.81495706325681219873985717098509e-02,1.08995145228310197493543730630626e-02,5.03983556266781912179256689546084e-02,-5.18406037821421297368840310476587e-04
3.66500000000000000000000000000001e+01,1.86863399875186367326730409830100e-02,1.05707076299233622294308828780738e-02,5.03574212584208886892284656874110e-02,-1.11792574875949673679956519142309e-03
3.66999999999999999999999999999999e+01,1.92065871625215667890543070518126e-02,1.02386661549297973764971999963176e-02,5.02866686066624235151309315902133e-02,-1.71108751821132767237343365604381e-03
3.67500000000000000000000000000001e+01,1.97101562515924552348513899002952e-02,9.90362295597352877038505060913521e-03,5.01864230195087965091920629099077e-02,-2.29759443121904677888718452824291e-03
3.67999999999999999999999999999994e+01,2.01969029810787528007678389786382e-02,9.56581044539579278785516554882405e-03,5.00570245213819229177268907555882e-02,-2.87715636908828429904287120522011e-03
3.68499999999999999999999999999999e+01,2.06666946839557058231494712811482e-02,9.22546045343145898587283421701275e-03,4.98988274703806331109551326032488e-02,-3.44949012154657236378781356801301e-03
3.69000000000000000000000000000001e+01,2.11194102673477224792071593286555e-02,8.88280409356346595784084796325803e-03,4.97122002101650167846359400093805e-02,-4.01431949364837206720894936728850e-03
3.69500000000000000000000000000000e+01,2.15549401733607879138389722281688e-02,8.53807162962096788701921934226118e-03,4.94975247166271895706864355673140e-02,-4.57137540741088752295222276224629e-03
3.69999999999999999999999999999999e+01,2.19731863333147008012665454031327e-02,8.19149234468439020309989220783218e-03,4.92551962396122679906090959410474e-02,-5.12039599816821718503357539041054e-03
3.70499999999999999999999999999994e+01,2.23740621154670214254855429310297e-02,7.84329441185889405893561691341782e-03,4.89856229399538770373754535782963e-02,-5.66112670563475369388997618006690e-03
3.70999999999999999999999999999999e+01,2.27574922663236534487308244534768e-02,7.49370476697603001524895630830460e-03,4.86892255220888856394320819237841e-02,-6.19332035967207758214540210909634e-03
3.71500000000000000000000000000001e+01,2.31234128456339271655512835618993e-02,7.14294898328162258337247534055632e-03,4.83664368625162702348635566128949e-02,-6.71673726075689555227940743035768e-03
3.71999999999999999999999999999998e+01,2.34717711551709102720433932661651e-02,6.79125114816617036146673991568569e-03,4.80177016343650471433104617422297e-02,-7.23114525515084896425385998185102e-03
3.72500000000000000000000000000000e+01,2.38025256614004421372457685262476e-02,6.43883374199227263923790506720355e-03,4.76434759283360919337338417075083e-02,-7.73631980477626092558779712102107e-03
3.72999999999999999999999999999994e+01,2.41156459121450684301012247964168e-02,6.08591751907180376926092180104394e-03,4.72442268702823801983326126888627e-02,-8.23204405180509927681002022515108e-03
3.73499999999999999999999999999999e+01,2.44111124473516439756055524370786e-02,5.73272139084375253637609830491733e-03,4.68204322356917407908377930348867e-02,-8.71810887797160616678625734410393e-03
3.74000000000000000000000000000001e+01,2.46889167040738721938981218283416e-02,5.37946231130182642364174170227483e-03,4.63725800613356114862961157257779e-02,-9.19431295862218120854414218336018e-03
3.74499999999999999999999999999998e+01,2.49490609157834587832908067877201e-02,5.02635516471909129320652504324038e-03,4.59011682543465300639429533072512e-02,-9.66046281151920282924218120146408e-03
3.75000000000000000000000000000000e+01,2.51915580061258748706025723040201e-02,4.67361265571507678755658810250164e-03,4.54067041989861829768764325954213e-02,-1.01163728404185298496576124499447e-02
3.75499999999999999999999999999994e+01,2.54164314772389501582734439289597e-02,4.32144520170892791973045727986949e-03,4.48897043613647710994185342038935e-02,-1.05618653734434410608204013038440e-02
3.75999999999999999999999999999999e+01,2.56237152927546491964713366742365e-02,3.97006082780032506302595757436276e-03,4.43506938923712396561205120036312e-02,-1.09967706962807431605294666183886e-02
3.76500000000000000000000000000001e+01,2.58134537556064234086500791792275e-02,3.61966506411802906756931902396734e-03,4.37902062290725595275352448250943e-02,-1.14209270802277054637772859946995e-02
3.76999999999999999999999999999999e+01,2.59857013807664775692686154816196e-02,3.27046084567403671187368811280722e-03,4.32087826948387419586338398058940e-02,-1.18341808051213619433436314456443e-02
3.77500000000000000000000000000000e+01,2.61405227630391418004030356834852e-02,2.92264841475945532356749559295487e-03,4.26069720984486205948007330536395e-02,-1.22363861771845560666173270399175e-02
3.77999999999999999999999999999993e+01,2.62779924400382986064069420640968e-02,2.57642522591632534811251025359825e-03,4.19853303324296461315279773081075e-02,-1.26274055418258902909284734900676e-02
3.78499999999999999999999999999999e+01,2.63981947504784788476856452607221e-02,2.23198585351773707225248000888419e-03,4.13444199708830121440659697352838e-02,-1.30071092914334787237848486219469e-02
3.79000000000000000000000000000001e+01,2.65012236879108107691388210922786e-02,1.88952190198670377571204553473402e-03,4.06848098670433683800501182772921e-02,-1.33753758682050871507958150155469e-02
3.79499999999999999999999999999999e+01,2.65871827500364822065268245631484e-02,1.54922191868236943619951069785360e-03,4.00070747508201825278873944573338e-02,-1.37320917620598782303524725179904e-02
3.80000000000000000000000000000001e+01,2.66561847837317579126007244406774e-02,1.21127130948024588467890485512225e-03,3.93117948265654858493626692932227e-02,-1.40771515036795600414272376920013e-02
3.80499999999999999999999999999994e+01,2.67083518259198816484893774707678e-02,8.75852257071293124883885418678433e-04,3.85995553713102847737733367134312e-02,-1.44104576527292622840084101581138e-02
3.80999999999999999999999999999999e+01,2.67438149404263864046921379482550e-02,5.43143642002778506300611358253074e-04,3.78709463337093423323428488120210e-02,-1.47319207813109352494908671043021e-02
3.81500000000000000000000000000001e+01,2.67627140509554360355711086277328e-02,2.13320966481976674257827059256694e-04,3.71265619339313329550779819015934e-02,-1.50414594527044812237262797071428e-02
3.82000000000000000000000000000000e+01,2.67651977703258279516853107195791e-02,-1.13443719038096197687755591737228e-04,3.63670002647285544947468368091316e-02,-1.53390001954541853255999362499217e-02
3.82499999999999999999999999999999e+01,2.67514232261061996099357302358158e-02,-4.36981886473582384813912990905289e-04,3.55928628939174452669207213121199e-02,-1.56244774728603120305570359846830e-02
3.82999999999999999999999999999994e+01,2.67215558827898017199351040814876e-02,-7.57128597909839804773022784208355e-04,3.48047544684981043270063736382215e-02,-1.58978336479379739375619979129461e-02
3.83499999999999999999999999999999e+01,2.66757693606499287465566976710938e-02,-1.07372257057302542302794283843551e-03,3.40032823206378531119389769557230e-02,-1.61590189439075599102230962386799e-02
3.83999999999999999999999999999998e+01,2.66142452514177328854081993476719e-02,-1.38660623896141029728119704232126e-03,3.31890560757406089616052623612890e-02,-1.64079914002831298035455375651982e-02
3.84499999999999999999999999999998e+01,2.65371729309246917232696855490708e-02,-1.69562581412645754911779394949027e-03,3.23626872628204689456335690188312e-02,-1.66447168246272418669064688066531e-02
3.85000000000000000000000000000000e+01,2.64447493688524528228613671510895e-02,-2.00063134009550884422709572425105e-03,3.15247889273944289318266515542688e-02,-1.68691687400426759259020072247097e-02
3.85499999999999999999999999999994e+01,2.63371789357331410936521860365579e-02,-2.30147674742972670715225369310684e-03,3.06759752471055910522851518210447e-02,-1.70813283284734499697935318192059e-02
3.85999999999999999999999999999999e+01,2.62146732073434876793696248448614e-02,-2.59801990391272822915013823275632e-03,2.98168611502845457911692792605078e-02,-1.72811843698893992309719804640627e-02
3.86499999999999999999999999999996e+01,2.60774507666363229077422961861427e-02,-2.89012266236711950256108454089518e-03,2.89480619376528560007773850589955e-02,-1.74687331774303947061635171168003e-02
3.86999999999999999999999999999999e+01,2.59257370033530713549674162042750e-02,-3.17765090559789850402315919197513e-03,2.80701929073687224423791634522427e-02,-1.76439785285880218483007620381401e-02
3.87500000000000000000000000000000e+01,2.57597639114608950685649118757459e-02,-3.46047458846343624193305142057583e-03,2.71838689836109771605062769011507e-02,-1.78069315925042194095019158741110e-02
3.87999999999999999999999999999994e+01,2.55797698845580523048204255856382e-02,-3.73846777707647088910609587277232e-03,2.62897043488935353707313907163063e-02,-1.79576108534679927398229631323375e-02
3.88499999999999999999999999999999e+01,2.53859995093908746522111417439281e-02,-4.01150868513925646657500973403026e-03,2.53883120802983418268005286870452e-02,-1.80960420306928648875327184054250e-02
3.88999999999999999999999999999996e+01,2.51787033576255160545129899027507e-02,-4.27947970741869557472305096793606e-03,2.44803037898106771054683894415498e-02,-1.82222579944592122923120424775202e-02
3.89499999999999999999999999999999e+01,2.49581377760172939833975593159450e-02,-4.54226745036895384847669242332326e-03,2.35662892689364461931979391622217e-02,-1.83362986787070494440050317332607e-02
3.90000000000000000000000000000000e+01,2.47245646751200268481982021567475e-02,-4.79976275991070142857451955466541e-03,2.26468761377767594770729506428272e-02,-1.84382109901661783703925153557012e-02
3.90499999999999999999999999999993e+01,2.44782513166772737183950795668585e-02,-5.05186074637775299528862441559782e-03,2.17226694987307380421120725460778e-02,-1.85280487141119040346982405532080e-02
3.91000000000000000000000000000000e+01,2.42194700998368036597581758349104e-02,-5.29846080664348202887215919447426e-03,2.07942715949930343760413050954110e-02,-1.86058724168357355263815309821742e-02
3.91499999999999999999999999999997e+01,2.39484983463289635737804169115602e-02,-5.53946664344096618743226888964268e-03,1.98622814740080595038403376003776e-02,-1.86717493449216452185086532753503e-02
3.91999999999999999999999999999999e+01,2.36656180847488765450448431861106e-02,-5.77478628189237829374901664913174e-03,1.89272946560383515452797015135708e-02,-1.87257533214195437846454281488793e-02
3.92500000000000000000000000000001e+01,2.33711158340815885416925550501078e-02,-6.00433208326467068487103649622539e-03,1.79899028079999120382766825062995e-02,-1.87679646390086481021352508251907e-02
3.92999999999999999999999999999994e+01,2.30652823866083911144919206708517e-02,-6.22802075597010891076476226581651e-03,1.70506934227126784280418013017654e-02,-1.87984699502443716421180473596965e-02
3.93499999999999999999999999999999e+01,2.27484125903315827684767606458133e-02,-6.44577336383169330137918567197091e-03,1.61102495037095972132081952036950e-02,-1.88173621549832530255195690139160e-02
3.93999999999999999999999999999997e+01,2.24208051310538932389671610137946e-02,-6.65751533163496310783686956110924e-03,1.51691492557430156876829051041371e-02,-1.88247402850812581143790549516220e-02
3.94500000000000000000000000000000e+01,2.20827623142476843240673862452329e-02,-6.86317644798910713804579642452745e-03,1.42279657811223243367951716024891e-02,-1.88207093864615444547735765010300e-02
3.94999999999999999999999999999999e+01,2.17345898468478595721961023541062e-02,-7.06269086552170644734489586429994e-03,1.32872667820119600461512169495385e-02,-1.88053803986484642758466851508476e-02
3.95499999999999999999999999999994e+01,2.13765966191011643891486744796561e-02,-7.25599709843280813101306768947930e-03,1.23476142688140256589485347102778e-02,-1.87788700318652038022820563032057e-02
3.95999999999999999999999999999999e+01,2.10090944866032394363466397050555e-02,-7.44303801743537404051176287458767e-03,1.14095642747548973577504682953003e-02,-1.87413006417930126163002298436947e-02
3.96499999999999999999999999999998e+01,2.06323980526534049893060042204008e-02,-7.62376084211046377493775463799591e-03,1.04736665767902811212616394081610e-02,-1.86928001020904675087752832013845e-02
3.96999999999999999999999999999998e+01,2.02468244510557036881059443011877e-02,-7.79811713070679707192484653179390e-03,9.54046442293824637099318870164936e-03,-1.86335016747716410232448843367755e-02
3.97500000000000000000000000000000e+01,1.98526931294932153399142115005063e-02,-7.96606276741559624959115252643920e-03,8.61049426614481211467350462290650e-03,-1.85635438785424060937240389314673e-02
3.97999999999999999999999999999994e+01,1.94503256336010816514333573628743e-02,-8.12755794715283416736365554691097e-03,7.68428550478169163114131886198453e-03,-1.84830703551944052154680545270882e-02
3.98499999999999999999999999999999e+01,1.90400453918620425231963477843020e-02,-8.28256715788220683573000372817471e-03,6.76236022987081922225969884904313e-03,-1.83922297341564459105316146875030e-02
3.98999999999999999999999999999996e+01,1.86221775014465903962592178916659e-02,-8.43105916051331189308312047535042e-03,5.84523297912528995508129832919783e-03,-1.82911754953032543351146358454643e-02
3.99499999999999999999999999999999e+01,1.81970485151180966937444456576409e-02,-8.57300696641064428454877816880104e-03,4.93341049789134378129615439748401e-03,-1.81800658301216262352203347736990e-02
4.00000000000000000000000000000000e+01,1.77649862293214562529085651941670e-02,-8.70838781255011824852718450159825e-03,4.02739150707102207368903647647086e-03,-1.80590635013340596363471744130560e-02
4.00499999999999999999999999999994e+01,1.73263194735719334241226480739403e-02,-8.83718313436088978994885974265887e-03,3.12766647810012055562677717799903e-03,-1.79283357010799372297224227325761e-02
4.00999999999999999999999999999999e+01,1.68813779012589788645600213708590e-02,-8.95937853629128586607781171484140e-03,2.23471741505106088449127643050262e-03,-1.77880539077542490018698286034261e-02
4.01499999999999999999999999999999e+01,1.64304917819778206355494764211168e-02,-9.07496376013864522507492150859639e-03,1.34901764392530681719448127747247e-03,-1.76383937416037078872868460558529e-02
4.01999999999999999999999999999999e+01,1.59739917954996186972707863906041e-02,-9.18393265118384093632134849400391e-03,4.71031609194962936353473462599280e-04,-1.74795348191799137774759010531077e-02
4.02499999999999999999999999999998e+01,1.55122088274889099701237068687427e-02,-9.28628312217218587445573242257509e-03,-3.98785322351782684076561316280438e-04,-1.73116606067489647951922718829080e-02
4.02999999999999999999999999999993e+01,1.50454737670749634985120458655089e-02,-9.38201711518331952887459580883747e-03,-1.25998705041167281417461073667972e-03,-1.71349582727566000713513918865867e-02
4.03500000000000000000000000000000e+01,1.45741173063815136210645169032195e-02,-9.47114056143353729266951435636173e-03,-2.11213692256909849014841731469163e-03,-1.69496185394475861028090961629013e-02
4.03999999999999999999999999999997e+01,1.40984697421171451427258783408061e-02,-9.55366333905485164810187942894226e-03,-2.95480790826069072528416138796631e-03,-1.67558355337376299090879891210714e-02
4.04499999999999999999999999999999e+01,1.36188607793263700489623414391453e-02,-9.62959922889586824105658076859960e-03,-3.78758276526685998465136241819711e-03,-1.65538066374356174588859441136231e-02
4.05000000000000000000000000000001e+01,1.31356193373991620386666689786338e-02,-9.69896586839031857853236443267194e-03,-4.61005419870023355411951281899885e-03,-1.63437323369134360428355667251231e-02
4.05499999999999999999999999999996e+01,1.26490733584344048250834333945531e-02,-9.76178470353981486781815970433682e-03,-5.42182501246578924196203644615550e-03,-1.61258160723200452928341692852342e-02
4.06000000000000000000000000000000e+01,1.21595496180503645136683499570816e-02,-9.81808093905808124275800984990671e-03,-6.22250825317230112416423512368480e-03,-1.59002640864358142802822423428064e-02
4.06499999999999999999999999999995e+01,1.16673735387329171671943930128570e-02,-9.86788348672456921291622656237854e-03,-7.01172734647949664067043943874103e-03,-1.56672852732624424795199561450782e-02
4.07000000000000000000000000000000e+01,1.11728690058098516699403913167622e-02,-9.91122491199598356911158058842107e-03,-7.78911622587007167362425797993088e-03,-1.54270910264430312954238489974081e-02
4.07499999999999999999999999999999e+01,1.06763581861371269650365145464458e-02,-9.94814137892482814915404684035889e-03,-8.55431945384041874199559719829590e-03,-1.51798950876060712845310493786396e-02
4.07999999999999999999999999999994e+01,1.01781613495804934237725794343871e-02,-9.97867259343462879776574781108543e-03,-9.30699233550859063015939149361511e-03,-1.49259133947262591276265541303871e-02
4.08500000000000000000000000000000e+01,9.67859669337339227478772962702986e-03,-1.00028617450020035530292857321091e-02,-1.00468010246426451808442698473532e-02,-1.46653639305941588395000092410772e-02
4.08999999999999999999999999999998e+01,9.17798016942952643549233553509757e-03,-1.00207554467962275877965624755770e-02,-1.07734226221170942258054950188576e-02,-1.43984665714857746493871807057080e-02
4.09499999999999999999999999999998e+01,8.67662531468595250676624920498044e-03,-1.00324036743273827786387167695598e-02,-1.14865452668097083525158526336474e-02,-1.41254429361221094932702765933581e-02
4.10000000000000000000000000000002e+01,8.17484308454997887084193828287683e-03,-1.00378597026545890379987129001393e-02,-1.21858682189554071164791005269436e-02,-1.38465162350077441846889110293260e-02
4.10499999999999999999999999999992e+01,7.67294168952057052317464479729471e-03,-1.00371800422061868183826314511472e-02,-1.28711019359783891641566309626363e-02,-1.35619111202363891493100224276039e-02
4.11000000000000000000000000000001e+01,7.17122643505235921882290205780864e-03,-1.00304243732640775918839870091609e-02,-1.35419681408280263428437605714365e-02,-1.32718535358502342120259994435724e-02
4.11499999999999999999999999999996e+01,6.66999956472773946315473960636765e-03,-1.00176554791647317550504580086428e-02,-1.41981998828483581080078115210377e-02,-1.29765705688387534212781215598079e-02
4.11999999999999999999999999999998e+01,6.16956010679989855926275991992284e-03,-9.99893917826964145858938599513812e-03,-1.48395415912152753182249166591838e-02,-1.26762903008614124059670333257105e-02
4.12500000000000000000000000000000e+01,5.67020372416698406601066303980222e-03,-9.97434425475822948348740747500743e-03,-1.54657491209796738120156827960910e-02,-1.23712416607774764220601586188810e-02
4.12999999999999999999999999999994e+01,5.17222256783495633787170519654373e-03,-9.94394238829642466867877190097390e-03,-1.60765897917589860258213511442780e-02,-1.20616542780648292083708653547533e-02
4.13499999999999999999999999999999e+01,4.67590513392400901746687550863301e-03,-9.90780808263427974815143248364536e-03,-1.66718424191235614321107868070026e-02,-1.17477583372083871958548755749292e-02
4.13999999999999999999999999999999e+01,4.18153612427076812992686377749793e-03,-9.86601859318613900362251419818941e-03,-1.72512973387283619035794581981004e-02,-1.14297844331373316755612063634699e-02
4.14499999999999999999999999999999e+01,3.68939631067580246907312723826505e-03,-9.81865385364696112725304664854467e-03,-1.78147564232443644549511399614966e-02,-1.11079634277889844112009868516498e-02
4.14999999999999999999999999999998e+01,3.19976240284329594044299133000269e-03,-9.76579640169846737994983664593627e-03,-1.83620330921479194488338722622609e-02,-1.07825263078757210771421272706994e-02
4.15499999999999999999999999999993e+01,2.71290692005704809329824689876991e-03,-9.70753130385881680500151963467076e-03,-1.88929523144300956071550276053697e-02,-1.04537040439298530145319654151469e-02
4.16000000000000000000000000000000e+01,2.22909806663428387642673857943943e-03,-9.64394607952950921191496909220750e-03,-1.94073506042917524360080500148774e-02,-1.01217274506999123384494696923487e-02
4.16499999999999999999999999999997e+01,1.74859961119606931892428318743660e-03,-9.57513062429318319623094251455064e-03,-1.99050760098937144011387620343870e-02,-9.78682704897024961615530520755893e-03
4.16999999999999999999999999999999e+01,1.27167076979044797921920448770576e-03,-9.50117713251591093938810526146626e-03,-2.03859880952349778967365661901520e-02,-9.44923292887429839589518532843338e-03
4.17500000000000000000000000000001e+01,7.98566092901735218374112784076921e-04,-9.42218001930749428628233381568973e-03,-2.08499579152353603060404099385414e-02,-9.10917461477027802835273432683955e-03
4.17999999999999999999999999999996e+01,3.29535356376735214374272072341109e-04,-9.33823584189313799086745745508067e-03,-2.12968679841023988945654024922921e-02,-8.76688093174649672474961950128605e-03
4.18500000000000000000000000000000e+01,-1.35176543704019298687209442659006e-04,-9.24944322044971643130674129692503e-03,-2.17266122370656246034558177022279e-02,-8.42257987382178187693228758043045e-03
4.18999999999999999999999999999995e+01,-5.95329692184560769612235855566273e-04,-9.15590275845965992023683899696002e-03,-2.21390959855645707816229105063816e-02,-8.07649847390490556912177471070368e-03
4.19500000000000000000000000000000e+01,-1.05068925199851617237615693212909e-03,-9.05771696263526638172527246104986e-03,-2.25342358659800283332262367472983e-02,-7.72886267557519118447722554611635e-03
4.19999999999999999999999999999999e+01,-1.50102555732070823540225720296192e-03,-8.95499016246599405778661038998376e-03,-2.29119597820011255463550900224544e-02,-7.37989720674478330017839543974624e-03
4.20499999999999999999999999999994e+01,-1.94611420268778575995019555940703e-03,-8.84782842944101148096018259893752e-03,-2.32722068407237919565383547082605e-02,-7.02982545526133892133559716540044e-03
4.21000000000000000000000000000000e+01,-2.38573612807294645322271291585336e-03,-8.73633949599897265589934542973633e-03,-2.36149272825790599944905734618114e-02,-6.67886934650815477590973721161555e-03
4.21499999999999999999999999999998e+01,-2.81967769990240579854318603309992e-03,-8.62063267425664869558637391747835e-03,-2.39400824051924649432749607155816e-02,-6.32724922305698412868427962169055e-03
4.21999999999999999999999999999998e+01,-3.24773078800383804662518944086633e-03,-8.50081877456768253262006380572303e-03,-2.42476444812785220202233202076210e-02,-5.97518372642701861962580018327898e-03
4.22500000000000000000000000000002e+01,-3.66969283847956905430553556190833e-03,-8.37701002396234126112433646436183e-03,-2.45375966706768884002165695323935e-02,-5.62288968100171723614075294808870e-03
4.22999999999999999999999999999992e+01,-4.08536694249983406060621141676813e-03,-8.24931998451872166005279302340521e-03,-2.48099329266393569682224328330877e-02,-5.27058198015335693247541426217581e-03
4.23500000000000000000000000000001e+01,-4.49456190101392524036896032509853e-03,-8.11786347171541901524877456399882e-03,-2.50646578964792768512841182307582e-02,-4.91847347462335885202851908393567e-03
4.23999999999999999999999999999996e+01,-4.89709228537954270454782293687869e-03,-7.98275647281519801779209322049660e-03,-2.53017868166973527162895151902525e-02,-4.56677486320461182466939120779119e-03
4.24499999999999999999999999999998e+01,-5.29277849391312724150710676861471e-03,-7.84411606532870780276997969966400e-03,-2.55213454027000398742898151946407e-02,-4.21569458577017203138842170008483e-03
4.25000000000000000000000000000000e+01,-5.68144680436639226021230277326490e-03,-7.70206033560676164873739785676997e-03,-2.57233697332289249107128607039617e-02,-3.86543871869086567725387140504409e-03
4.25499999999999999999999999999994e+01,-6.06292942233668487627899695333014e-03,-7.55670829760915603672035264120888e-03,-2.59079061296215614304338657962670e-02,-3.51621087268246140891382999003798e-03
4.25999999999999999999999999999999e+01,-6.43706452562119067560455771621698e-03,-7.40817981189743423106427174684481e-03,-2.60750110300262171949669409573169e-02,-3.16821209312121226599250097278636e-03
4.26499999999999999999999999999999e+01,-6.80369630452735222624209159820302e-03,-7.25659550489840686419230017322823e-03,-2.62247508586948821240406172694423e-02,-2.82164076286469437026827295514148e-03
4.26999999999999999999999999999999e+01,-7.16267499815419674456908683096541e-03,-7.10207668848462676350869073450860e-03,-2.63572018904806860835090948292325e-02,-2.47669250761299252776736146132559e-03
4.27499999999999999999999999999998e+01,-7.51385692666156234314927833329071e-03,-6.94474527991737803956370821943297e-03,-2.64724501106675808934609910774780e-02,-2.13356010384340263319324265251801e-03
4.27999999999999999999999999999993e+01,-7.85710451954647391109179544238592e-03,-6.78472372219708085626061246831580e-03,-2.65705910702617524311313574822461e-02,-1.79243338934993840018891454385920e-03
4.28500000000000000000000000000000e+01,-8.19228633994814784927124007292634e-03,-6.62213490486533392972057451882258e-03,-2.66517297368757459979980688825229e-02,-1.45349917641704666134290818485559e-03
4.28999999999999999999999999999997e+01,-8.51927710500529857892335037933406e-03,-6.45710208530211726267052650561128e-03,-2.67159803413377112525072840786674e-02,-1.11694116765505244433461655623523e-03
4.29499999999999999999999999999999e+01,-8.83795770229157796998444949817416e-03,-6.28974881056095853251087811557553e-03,-2.67634662201595020199853329791761e-02,-7.82939874522973379493713325597077e-04
4.30000000000000000000000000000001e+01,-9.14821520235710063319135305658533e-03,-6.12019883978412853609816742748849e-03,-2.67943196539986012771356473977035e-02,-4.51672538562463861652036068067193e-04
4.30499999999999999999999999999996e+01,-9.44994286740609245675940168591961e-03,-5.94857606723917478072813397939997e-03,-2.68086817022499827240734714355148e-02,-1.23313055364773895259136996495959e-04
4.31000000000000000000000000000000e+01,-9.74304015614274594529297710284949e-03,-5.77500444601732833178755958463024e-03,-2.68067020339050678117647732001596e-02,2.01968098709263197043230146006173e-04
4.31499999999999999999999999999995e+01,-1.00274127248193729681011388806398e-02,-5.59960791243352802053046328944063e-03,-2.67885387548158911516483939322416e-02,5.24003937038064932862276180086235e-04
4.32000000000000000000000000000000e+01,-1.03029724245229126109136885020303e-02,-5.42251031116699872195626433760243e-03,-2.67543582315034482160673429100814e-02,8.42631030460664419772406205733208e-04
4.32499999999999999999999999999999e+01,-1.05696372947377781459115639913608e-02,-5.24383532118049727797080373526216e-03,-2.67043349116499675154247002109808e-02,1.15768957219616443341350297569652e-03
4.32999999999999999999999999999994e+01,-1.08273315532249119191302553557934e-02,-5.06370638245550141322794004633460e-03,-2.66386511414155254360449737761179e-02,1.46902343994868054412400382741611e-03
4.33500000000000000000000000000000e+01,-1.10759855822587594632836972284888e-02,-4.88224662357976432138032030137906e-03,-2.65574969797200061189476896870682e-02,1.77648025518700393238715056521177e-03
4.33999999999999999999999999999998e+01,-1.13155359112656736721223826816592e-02,-4.69957879022279114137618211047383e-03,-2.64610700096319016827655263677745e-02,2.07991143959003437360670289101207e-03
4.34499999999999999999999999999998e+01,-1.15459251959090157465407861935022e-02,-4.51582517453391395235642736388090e-03,-2.63495751470058503229372288305928e-02,2.37917226865084163276351248326259e-03
4.35000000000000000000000000000002e+01,-1.17671021936679312025558754423209e-02,-4.33110754549674984864787365377704e-03,-2.62232244465111219827391753982662e-02,2.67412192243400820610538683454957e-03
4.35499999999999999999999999999992e+01,-1.19790217359584459096432754123144e-02,-4.14554708027292277153507604324024e-03,-2.60822369051934840670775416918381e-02,2.96462353348268701447469265630094e-03
4.36000000000000000000000000000001e+01,-1.21816446968471483303266427426655e-02,-3.95926429656701473097687434134767e-03,-2.59268382637130137824733774001466e-02,3.25054423187357334339822626944136e-03
4.36499999999999999999999999999996e+01,-1.23749379584092993169208126809001e-02,-3.77237898604378650772772181650599e-03,-2.57572608054004699084958992799930e-02,3.53175518741974010920179876515600e-03
4.36999999999999999999999999999998e+01,-1.25588743727847394804615046656537e-02,-3.58501014882777254402919213191796e-03,-2.55737431532747959552013440366794e-02,3.80813164902301849743590819634888e-03
4.37500000000000000000000000000000e+01,-1.27334327209864458046195094162157e-02,-3.39727592911441016846908882597128e-03,-2.53765300651641996011431234601970e-02,4.07955298117932127816585439592025e-03
4.37999999999999999999999999999994e+01,-1.28985976685180233912517618955792e-02,-3.20929355192091021641491226003259e-03,-2.51658722270730409445585680767720e-02,4.34590269764200277999094511448529e-03
4.38499999999999999999999999999999e+01,-1.30543597178578045845499006766191e-02,-3.02117926100411515921749185959518e-03,-2.49420260449364653868497274382074e-02,4.60706849225002674859851423090747e-03
4.38999999999999999999999999999999e+01,-1.32007151578685658507190254888046e-02,-2.83304825797162269931483197152924e-03,-2.47052534349043368950213219162391e-02,4.86294226692937029392369748117051e-03
4.39499999999999999999999999999999e+01,-1.33376660101931623457297551846139e-02,-2.64501464261147807878074543121869e-03,-2.44558216122955649919848914538709e-02,5.11342015687772803068787100733771e-03
4.39999999999999999999999999999998e+01,-1.34652199726976207735724559267383e-02,-2.45719135446475773786554546530533e-03,-2.41940028793633751743290902335733e-02,5.35840255294419454905203113316098e-03
4.40499999999999999999999999999993e+01,-1.35833903600244226427821644443654e-02,-2.26969011566438109714916016752101e-03,-2.39200744120114486690716816153354e-02,5.59779412121719474516139640491619e-03
4.41000000000000000000000000000000e+01,-1.36921960413198521233749598693526e-02,-2.08262137506249676852933920042435e-03,-2.36343180456001546648077979158776e-02,5.83150381983549954654288139046027e-03
4.41499999999999999999999999999997e+01,-1.37916613752003751755591484989568e-02,-1.89609425366779506944008269860161e-03,-2.33370200599813175762201732681906e-02,6.05944491303870845721759603848773e-03
4.41999999999999999999999999999999e+01,-1.38818161420240592835339124134397e-02,-1.71021649141310096067265270321298e-03,-2.30284709638991047476181719297054e-02,6.28153498247509941630901612567536e-03
4.42500000000000000000000000000001e+01,-1.39626954735340358320989591056702e-02,-1.52509439527260108600199380972900e-03,-2.27089652788936875292583311492993e-02,6.49769593578624002811647571758683e-03
4.42999999999999999999999999999996e+01,-1.40343397799419497920461699409245e-02,-1.34083278874705609199859039498953e-03,-2.23788013228433221615390274002652e-02,6.70785401248922161948651195500940e-03
4.43500000000000000000000000000000e+01,-1.40967946745202338451666026546119e-02,-1.15753496273434547451237957034602e-03,-2.20382809932794177011471163090932e-02,6.91193978717881817259129530466652e-03
4.43999999999999999999999999999995e+01,-1.41501108957728863251109842292310e-02,-9.75302627801687454681596314928396e-04,-2.16877095506080076756573442627300e-02,7.10988817007328535116083300419902e-03
4.44500000000000000000000000000000e+01,-1.41943442272552243510949231149878e-02,-7.94235867874871446696785675153616e-04,-2.13273954013698216450100437849078e-02,7.30163840492889999172281883065070e-03
4.44999999999999999999999999999999e+01,-1.42295554151138252929389361119131e-02,-6.14433095358836150799978844701943e-04,-2.09576498816698637949182104691259e-02,7.48713406434969699719175878319337e-03
4.45499999999999999999999999999994e+01,-1.42558100834185612638650797548590e-02,-4.35991007702922790795651574597197e-04,-2.05787870409060495317723949545384e-02,7.66632304252018799985464531345516e-03
4.45999999999999999999999999999999e+01,-1.42731786473592727574966689029999e-02,-2.59004545423131111897867424152292e-04,-2.01911234259250292610544569866498e-02,7.83915754539014392909726447854449e-03
4.46499999999999999999999999999998e+01,-1.42817362243802189229282019990058e-02,-8.35668515927060514995374710422742e-05,-1.97949778657318426073610753012952e-02,8.00559407834179122390689998051824e-03
4.46999999999999999999999999999998e+01,-1.42815625433259834311512476252115e-02,9.02307671886139251159744827204197e-05,-1.93906712568784977941267992440952e-02,8.16559343137100839228736160933667e-03
4.47500000000000000000000000000002e+01,-1.42727418516730065810832830550090e-02,2.62298878337349394792452561881506e-04,-1.89785263496549612886438614438437e-02,8.31912066181531548351909390473970e-03
4.47999999999999999999999999999992e+01,-1.42553628209213564060683284578480e-02,4.32549959332685660042749547314142e-04,-1.85588675352043736988240877618912e-02,8.46614507466262337230326125270542e-03
4.48500000000000000000000000000001e+01,-1.42295184502217442823106252981702e-02,6.00898432259168905523765351365480e-04,-1.81320206336825808691946641976031e-02,8.60664020047585214721654239112884e-03
4.48999999999999999999999999999996e+01,-1.41953059683131341473736828741752e-02,7.67260696839310301011924913725914e-04,-1.76983126835802857715887883277313e-02,8.74058377096963796392578228184805e-03
4.49499999999999999999999999999998e+01,-1.41528267338465891751271316906580e-02,9.31555161950690057446044412598559e-04,-1.72580717323242887463065539728062e-02,8.86795769227642510400840253556393e-03
4.50000000000000000000000000000000e+01,-1.41021861341712459158274568375467e-02,1.09370227562312185922533855923411e-03,-1.68116266282723925651314654947938e-02,8.98874801594028433411433860669164e-03
4.50499999999999999999999999999994e+01,-1.40434934826585038153940573922847e-02,1.25362455351239986970326062744736e-03,-1.63593068142146063178044303515788e-02,9.10294490767780967206408218299268e-03
4.50999999999999999999999999999999e+01,-1.39768619146406680215085168826062e-02,1.41124660584810512018863934468273e-03,-1.59014421224912899428836050817293e-02,9.21054261394642304410213431435108e-03
4.51499999999999999999999999999999e+01,-1.39024082820403858366880436772483e-02,1.56649516285389503745926763191316e-03,-1.54383625718368410208868607414034e-02,9.31153942636135979198423789181204e-03
4.51999999999999999999999999999999e+01,-1.38202530467672724859085313943011e-02,1.71929909863963864197593838264698e-03,-1.49703981660554389236217536264806e-02,9.40593764400351731414669778177542e-03
4.52499999999999999999999999999998e+01,-1.37305201729581304493235754141705e-02,1.86958945356569006952181452705205e-03,-1.44978786946332302817611330081457e-02,9.49374353366122407929479890031772e-03
4.52999999999999999999999999999993e+01,-1.36333370181371289139974903690526e-02,2.01729945508051405367764955898798e-03,-1.40211335353891657166794484076169e-02,9.57496728804982663380397576718275e-03
4.53499999999999999999999999999999e+01,-1.35288342233722263909046902115524e-02,2.16236453703378838632470901677532e-03,-1.35404914592644826153876150248116e-02,9.64962298205379785973930155744391e-03
4.53999999999999999999999999999997e+01,-1.34171456025039907165009007321072e-02,2.30472235746800968955531404817637e-03,-1.30562804373485741504146995841031e-02,9.71772852703684047427548868564073e-03
4.54499999999999999999999999999999e+01,-1.32984080305227970263709166721914e-02,2.44431281489251963684000800316504e-03,-1.25688274502366925081260650866816e-02,9.77930562326619546274372655485853e-03
4.55000000000000000000000000000001e+01,-1.31727613311701663883686424261286e-02,2.58107806304474861667301958429696e-03,-1.20784582998126061436737611403539e-02,9.83437971049806569789823859934698e-03
4.55499999999999999999999999999996e+01,-1.30403481638397461724501970650682e-02,2.71496252414434231173477261140758e-03,-1.15854974235469685878462826770847e-02,9.88297991677173033113790397765044e-03
4.56000000000000000000000000000000e+01,-1.29013139098531284932688978564941e-02,2.84591290064669335548497238716894e-03,-1.10902677113997616535725389325146e-02,9.92513900546055558342308967537251e-03
4.56499999999999999999999999999995e+01,-1.27558065581853557892505302290600e-02,2.97387818550324472185673538825424e-03,-1.05930903254127505934336915101526e-02,9.96089332062870227263686649014747e-03
4.57000000000000000000000000000000e+01,-1.26039765907145734179229173328922e-02,3.09880967093676340952061285801152e-03,-1.00942845220754346114865774507435e-02,9.99028273074288977016126069885381e-03
4.57499999999999999999999999999999e+01,-1.24459768670698586907162116076566e-02,3.22066095574060191863112767096942e-03,-9.59416747754549490070094993455197e-03,1.00133505707891000841471404945273e-02
4.57999999999999999999999999999994e+01,-1.22819625091507846990419628857017e-02,3.33938795111177061520364102667975e-03,-9.09305411580223582843599946342294e-03,1.00301435828445944434788490855776e-02
4.58499999999999999999999999999999e+01,-1.21120907853917662731646007382833e-02,3.45494888502843597807105827016331e-03,-8.59125693980898479201766807239325e-03,1.00407118551560681491312910991278e-02
4.58999999999999999999999999999998e+01,-1.19365209948436851597821006068859e-02,3.56730430518323757922050979541123e-03,-8.08908586575786437727131540860087e-03,1.00451087597751876338454336601252e-02
4.59499999999999999999999999999998e+01,-1.17554143511447027139485659916769e-02,3.67641708048458012547127146928751e-03,-7.58684806046777853367073598329767e-03,1.00433908888031367129199253516285e-02
4.60000000000000000000000000000002e+01,-1.15689338664515418030565723808397e-02,3.78225240113880566503453621335205e-03,-7.08484778200386428462157579772735e-03,1.00356179892961470250438241864104e-02
4.60499999999999999999999999999992e+01,-1.13772442354018559579548263521460e-02,3.88477777732688482551094885018946e-03,-6.58338622358405376850443163325952e-03,1.00218528968843007793265819879372e-02
4.61000000000000000000000000000001e+01,-1.11805117191776038370605079917127e-02,3.98396303648998440132275622777611e-03,-6.08276136083576989681726761194633e-03,1.00021614681561722898273795451907e-02
4.61499999999999999999999999999996e+01,-1.09789040297386115663390475631967e-02,4.07978031923897146146640445206067e-03,-5.58326780246314435360144232314198e-03,9.97661251186211855843706952109608e-03
4.61999999999999999999999999999998e+01,-1.07725902142947352681173115385226e-02,4.17220407390360112792340524361064e-03,-5.08519664438250077002335224770658e-03,9.94527771898923854680002137564885e-03
4.62500000000000000000000000000000e+01,-1.05617405400842318951602215326215e-02,4.26121104973780601834853901210796e-03,-4.58883532738119040445489626161949e-03,9.90823159176119596304379437792312e-03
4.62999999999999999999999999999994e+01,-1.03465263795251091563983995642978e-02,4.34678028879815980323931167667201e-03,-4.09446749835220424587217797813800e-03,9.86555137161624160315176303667069e-03
4.63499999999999999999999999999999e+01,-1.01271200958053556824881689866283e-02,4.42889311651322515941529803708625e-03,-3.60237287515431582944481497552273e-03,9.81731696621687877206563520480691e-03
4.63999999999999999999999999999999e+01,-9.90369492897705146996338231892378e-03,4.50753313096211738234808678247442e-03,-3.11282711514483488782506466571546e-03,9.76361087554468932637110475474913e-03
4.64499999999999999999999999999999e+01,-9.67642488261842691003825894858950e-03,4.58268619088121883608388522509820e-03,-2.62610168742937492641100380043015e-03,9.70451811713387870682827689962513e-03
4.64999999999999999999999999999998e+01,-9.44548461112697721044914688347806e-03,4.65434040241856606998295899312386e-03,-2.14246374887035955795128312056462e-03,9.64012615049710626064273337922334e-03
4.65499999999999999999999999999993e+01,-9.21104930770574862413844376525142e-03,4.72248610465600062746968465235149e-03,-1.66217602389331459827224951895544e-03,9.57052480079714250292416868557435e-03
4.65999999999999999999999999999999e+01,-8.97329459310389448427234424837514e-03,4.78711585391972613708038434182439e-03,-1.18549668812731713157837728597238e-03,9.49580618181783806368985319800338e-03
4.66499999999999999999999999999997e+01,-8.73239640517155349673951237717593e-03,4.84822440690044804638114269269536e-03,-7.12679255913300604757497359297849e-04,9.41606461828780025687108531708226e-03
4.66999999999999999999999999999999e+01,-8.48853088928803095248011462231890e-03,4.90580870260478818329252920738939e-03,-2.43972471711248091773159380887143e-04,9.33139656761005285292356355753452e-03
4.67500000000000000000000000000001e+01,-8.24187428972116639358937445311387e-03,4.95986784316016406788573131803668e-03,2.20379794565354250577759652585718e-04,9.24190054105080311432342839451075e-03
4.67999999999999999999999999999996e+01,-7.99260284197464970661913994787132e-03,5.01040307349580242404455151087420e-03,6.80138648262083286906752144322504e-04,9.14767702444025785620979876063980e-03
4.68500000000000000000000000000000e+01,-7.74089266617890253738727314626999e-03,5.05741775992301754006392617788525e-03,1.13507026672008621571529735429606e-03,9.04882839843821763034975183211052e-03
4.68999999999999999999999999999995e+01,-7.48691966157997424283685688683215e-03,5.10091736763832789806216311647233e-03,1.58494599201608125160711143088456e-03,8.94545885841693552157655477237291e-03
4.69500000000000000000000000000000e+01,-7.23085940217971224081048448328136e-03,5.14090943717340874397011248954890e-03,2.02954241968802148194658868042147e-03,8.83767433401345492809947595681842e-03
4.69999999999999999999999999999999e+01,-6.97288703357925651596461641087806e-03,5.17740355981628392485571736134676e-03,2.46864148343119501163383476825406e-03,8.72558240840333952050449673011456e-03
4.70499999999999999999999999999994e+01,-6.71317717107667812098892243579306e-03,5.21041135202854731246508176944247e-03,2.90203053575212204293557173478671e-03,8.60929223734737880204268782891263e-03
4.70999999999999999999999999999999e+01,-6.45190379906833271136084552146419e-03,5.23994642888377240702021149696354e-03,3.32950242457017987696082816049114e-03,8.48891446806249480099220245632884e-03
4.71499999999999999999999999999998e+01,-6.18924017180223340601090184995684e-03,5.26602437655261823120641132642618e-03,3.75085556575943857558339754968377e-03,8.36456115796768990299473106923578e-03
4.71999999999999999999999999999998e+01,-5.92535871553046351427663027911795e-03,5.28866272386047035029049798759774e-03,4.16589401162572181830071853902949e-03,8.23634569335546317786330285913907e-03
4.72500000000000000000000000000002e+01,-5.66043093210634985140081210421220e-03,5.30788091294376777139418882313322e-03,4.57442751531641798391232499704043e-03,8.10438270803868328361200230062320e-03
4.72999999999999999999999999999992e+01,-5.39462730407080242126556390780786e-03,5.32370026903145957553671419637624e-03,4.97627159116305436412209391544330e-03,7.96878800202244066374366533806122e-03
4.73500000000000000000000000000001e+01,-5.12811720127089711682497642210663e-03,5.33614396937830942395377946496794e-03,5.37124757095911138377872661838168e-03,7.82967846024991082629471737253993e-03
4.73999999999999999999999999999996e+01,-4.86106878905243571611017706392348e-03,5.34523701137702157045253150225934e-03,5.75918265617799249599743671909148e-03,7.68717197147074454926598130264267e-03
4.74499999999999999999999999999998e+01,-4.59364893806686277400501575162683e-03,5.35100617987639873038279129339874e-03,6.13990996613847780285595227194161e-03,7.54138734727996045126611855765528e-03
4.75000000000000000000000000000000e+01,-4.32602313573155296491398760759772e-03,5.35348001373296014144703295313987e-03,6.51326858212737421469182812351518e-03,7.39244424137475106234223313799156e-03
4.75499999999999999999999999999994e+01,-4.05835539938110595451596585925748e-03,5.35268877162364745022409083774365e-03,6.87910358749143092262992957718200e-03,7.24046306907602590099828203931444e-03
4.75999999999999999999999999999999e+01,-3.79080819114589990288681065308944e-03,5.34866439714742672995499698035483e-03,7.23726610371291496808651827102872e-03,7.08556492716090469084567875117056e-03
4.76499999999999999999999999999999e+01,-3.52354233459276015603129166053989e-03,5.34144048324375704954833380545890e-03,7.58761332248553662716053742411277e-03,6.92787151405174132390623189261763e-03
4.76999999999999999999999999999999e+01,-3.25671693316119749418959554038072e-03,5.33105223595603965120152331324708e-03,7.93000853380967709424534173873735e-03,6.76750505040660509474782028156270e-03
4.77499999999999999999999999999998e+01,-2.99048929042726139479906364317119e-03,5.31753643756828704524623986437921e-03,8.26432115012810048514409950334083e-03,6.60458820015547069513123557931461e-03
4.77999999999999999999999999999993e+01,-2.72501483222563905252535914252947e-03,5.30093140914335829686121015326471e-03,8.59042672652552745312933085601435e-03,6.43924399202567308429895404792516e-03
4.78499999999999999999999999999999e+01,-2.46044703065921128984949963707521e-03,5.28127697249119557136280990513567e-03,8.90820697701760772017475106082991e-03,6.27159574159946825348560080076218e-03
4.78999999999999999999999999999997e+01,-2.19693733002385289501752064651426e-03,5.25861441159556774409036189411046e-03,9.21754978695695259948263274707670e-03,6.10176697394580670870668620268445e-03
4.79499999999999999999999999999999e+01,-1.93463507467483823913054767007779e-03,5.23298643352787969848499405956523e-03,9.51834922158597518525133947073197e-03,5.92988134686767383297028547907048e-03
4.80000000000000000000000000000001e+01,-1.67368743885978414338352612481389e-03,5.20443712887664097250383971142714e-03,9.81050553076833440380347115537072e-03,5.75606257480558079245589578500615e-03
4.80499999999999999999999999999996e+01,-1.41423935854163177628795960084049e-03,5.17301193172120481916166384278801e-03,1.00939251499327886810070298544858e-02,5.58043435343700196029821865756776e-03
4.80999999999999999999999999999999e+01,-1.15643346523373873673513995371103e-03,5.13875757917838868116042693217180e-03,1.03685206972652347407291459734673e-02,5.40312028501075059003276649275957e-03
4.81499999999999999999999999999995e+01,-9.00410021867722291370995313053640e-04,5.10172207055056971072558506720308e-03,1.06342109671866361965020057319991e-02,5.22424380445446432595442823123855e-03
4.82000000000000000000000000000000e+01,-6.46306860713265844715536072722312e-04,5.06195462610381447124012840196954e-03,1.08909209201564343547504567133695e-02,5.04392810629253674044709092010566e-03
4.82499999999999999999999999999999e+01,-3.94259323367673979439554003195414e-04,5.01950564550455052301743070014375e-03,1.11385816688428792665447812870358e-02,4.86229607241098109256047341254716e-03
4.82999999999999999999999999999994e+01,-1.44400202831537654369608937589482e-04,4.97442666594321941597114427425077e-03,1.13771304607035218323698326077092e-02,4.67947020070484856407349085928839e-03
4.83499999999999999999999999999999e+01,1.03140312314548778635301148467512e-04,4.92677031997326588962375313935118e-03,1.16065106570208670001839208335404e-02,4.49557253464294600743885567782761e-03
4.83999999999999999999999999999998e+01,3.48234691618692358901093780870816e-04,4.87659029309371702643917597125942e-03,1.18266717084399031533847462462496e-02,4.31072459378370839449177575972473e-03
4.84499999999999999999999999999998e+01,5.90758114339711546826835681956131e-04,4.82394128110348793624491039171964e-03,1.20375691270558930475532027228566e-02,4.12504730527517934704384857381382e-03
4.85000000000000000000000000000002e+01,8.30588518891738512063424704955265e-04,4.76887894725541749347218135329850e-03,1.22391644551024365414510844629865e-02,3.93866093637114002275227452943549e-03
4.85499999999999999999999999999992e+01,1.06760665014209721548832017367810e-03,4.71145987923788893839701668379002e-03,1.24314252302913943302747562579181e-02,3.75168502799450288468852199794883e-03
4.86000000000000000000000000000001e+01,1.30169610455452952146821518168717e-03,4.65174154601172602897577058041697e-03,1.26143249478577944123224022143166e-02,3.56423832937815316361106583338032e-03
4.86499999999999999999999999999996e+01,1.53274337317122169144292169076726e-03,4.58978225452987613865215642136433e-03,1.27878430193643286218581240630013e-02,3.37643873381247779050030143658826e-03
4.86999999999999999999999999999999e+01,1.76063788242845438595544880572679e-03,4.52564110636719749183592433941087e-03,1.29519647283214847919966361647698e-02,3.18840321552786989511356385196539e-03
4.87500000000000000000000000000000e+01,1.98527203280206000076341599403334e-03,4.45937795428745887333053190985941e-03,1.31066811826807505558889395692163e-02,3.00024776773953729469070777096396e-03
4.87999999999999999999999999999994e+01,2.20654123528022105765889707857131e-03,4.39105335877443690787889373835302e-03,1.32519892642596670693530097989005e-02,2.81208734188097639447593934196277e-03
4.88499999999999999999999999999999e+01,2.42434394566248174966830243564567e-03,4.32072854455375865440488197973237e-03,1.33878915751588046932581255213773e-02,2.62403578805149924548857036745818e-03
4.88999999999999999999999999999999e+01,2.63858169668517090478111165831749e-03,4.24846535713188607559136521955339e-03,1.35143963812319775921284232737103e-02,2.43620579670222180974241315630322e-03
4.89499999999999999999999999999999e+01,2.84915912797474789774720055170712e-03,4.17432621937837421201589498324998e-03,1.36315175526722100019450906188069e-02,2.24870884158393642097359671704950e-03
4.89999999999999999999999999999998e+01,3.05598401383188273564999229683283e-03,4.09837408817725690153535647415922e-03,1.37392745017771133428918621203337e-02,2.06165512397930164893782087252497e-03
4.90499999999999999999999999999993e+01,3.25896728885036701442134141996380e-03,4.02067241117312293463342525118467e-03,1.38376921179584301820684046557722e-02,1.87515351824078892311985885457270e-03
4.91000000000000000000000000000000e+01,3.45802307137622304963924557904195e-03,3.94128508363714192574587052973438e-03,1.39268007000615480994432836337920e-02,1.68931151865482798913268820423106e-03
4.91499999999999999999999999999997e+01,3.65306868481363360042459845114377e-03,3.86027640547798321471747870608044e-03,1.40066358860617836219770711518413e-02,1.50423518765159319592338646573692e-03
4.91999999999999999999999999999999e+01,3.84402467678555362000550929568006e-03,3.77771103842224310167530498776066e-03,1.40772385802051834421387578198352e-02,1.32002910537887037743375469763119e-03
4.92500000000000000000000000000001e+01,4.03081483615808778614209460954670e-03,3.69365396338865597723521850778213e-03,1.41386548776624870357324453326512e-02,1.13679632065744032706422224055699e-03
4.92999999999999999999999999999996e+01,4.21336620793892261052518710955793e-03,3.60817043808001375671074470441318e-03,1.41909359867657414791105801401876e-02,9.54638303334410190497000243537280e-04
4.93499999999999999999999999999999e+01,4.39160910606128913593169840092771e-03,3.52132595481635578434504355874888e-03,1.42341381488978557075704519371561e-02,7.73654898049919140016024099837838e-04
4.93999999999999999999999999999995e+01,4.56547712406610105700535483596908e-03,3.43318619863261836763088287545443e-03,1.42683225561061276558579417098362e-02,5.93944279431640053492967959395166e-04
4.94500000000000000000000000000000e+01,4.73490714369606301509187505617493e-03,3.34381700566354966197516965110479e-03,1.42935552665114737095346171302215e-02,4.15602908730495209660241993385567e-04
4.94999999999999999999999999999999e+01,4.89983934141667430620172542303166e-03,3.25328432183830208487456161217931e-03,1.43099071175857357339386804860160e-02,2.38725491910001827718587427058170e-04
4.95499999999999999999999999999994e+01,5.06021719288016380721200892130656e-03,3.16165416190671113183696528124459e-03,1.43174536373700367268355174317051e-02,6.34049392006632165679833636176703e-05
4.95999999999999999999999999999999e+01,5.21598747534948208900113356799713e-03,3.06899256881885673157785102411223e-03,1.43162749537077019823261317571414e-02,-1.10267673870176057164849050610437e-04
4.96499999999999999999999999999998e+01,5.36710026810054598344908385926212e-03,2.97536557347908145599755318427943e-03,1.43064557015657587069882334101966e-02,-2.82203143963586644069445461886080e-04
4.96999999999999999999999999999998e+01,5.51350895082197885832354385833998e-03,2.88083915489520933372037240351196e-03,1.42880849285194734731301113846745e-02,-4.52314175920988406443546589752407e-04
4.97500000000000000000000000000002e+01,5.65517020003261610137884012048214e-03,2.78547920074327004909218697330566e-03,1.42612559984747839353591644908830e-02,-6.20515417255313604491086954070804e-04
4.97999999999999999999999999999992e+01,5.79204398353804941116251921020664e-03,2.68935146836758628774151874546765e-03,1.42260664937038291102759516644128e-02,-7.86723491134931767741297573849584e-04
4.98500000000000000000000000000001e+01,5.92409355294846504304587821104517e-03,2.59252154623562726285067497992839e-03,1.41826181152690814874128415509750e-02,-9.50857027854844045726937530873044e-04
4.98999999999999999999999999999996e+01,6.05128543428098978828231568521992e-03,2.49505481586656937217688844699391e-03,1.41310165819118345920719142580125e-02,-1.11283669479062407365708256127052e-03
4.99499999999999999999999999999999e+01,6.17358941667069381234182356959275e-03,2.39701641425203584469439143812555e-03,1.40713715274810016736866721646976e-02,-1.27258522483154504256785263290214e-03
5.00000000000000000000000000000000e+01,6.29097853921531120478885219708566e-03,2.29847119678701148844467088184600e-03,1.40037963969783352891729437443161e-02,-1.43002744329028820921052212470336e-03
5.00499999999999999999999999999994e+01,6.40342907597962687254635787055112e-03,2.19948370072844659938828997391012e-03,1.39284083412962840576515366781751e-02,-1.58509029328757600804684734344983e-03
5.00999999999999999999999999999999e+01,6.51092051918634193509569848856263e-03,2.10011810919857608680543090408893e-03,1.38453281107247621744210180910131e-02,-1.73770285961101273502034836863758e-03
5.01499999999999999999999999999999e+01,6.61343556062106876518477171914257e-03,2.00043821574948626640112883988217e-03,1.37546799473031198064499401587690e-02,-1.88779639104834696887323686168903e-03
5.01999999999999999999999999999999e+01,6.71096007127992099075734200920213e-03,1.90050738950496292008764063347098e-03,1.36565914760935686915814366467808e-02,-2.03530432119629199925803102440441e-03
5.02499999999999999999999999999998e+01,6.80348307928895287949130605442878e-03,1.80038854089515047363260022617474e-03,1.35511935954522375955549570415769e-02,-2.18016228774695307048522505383189e-03
5.02999999999999999999999999999993e+01,6.89099674612546633056040496399761e-03,1.70014408799904385180172223666692e-03,1.34386203663739072346109352357900e-02,-2.32230815025481276453389742324368e-03
5.03500000000000000000000000000000e+01,6.97349634117194198060796758728348e-03,1.59983592350932208653597582099391e-03,1.33190089009863043593989548790617e-02,-2.46168200638811788653601005721056e-03
5.03999999999999999999999999999997e+01,7.05098021463406349158157273258838e-03,1.49952538233351642754485202027619e-03,1.31924992502696204529560482325250e-02,-2.59822620666939234062867746287855e-03
5.04499999999999999999999999999999e+01,7.12344976885499074366183092629335e-03,1.39927320984498588592967160251954e-03,1.30592342910766624781708353552734e-02,-2.73188536771067026501239556724249e-03
5.05000000000000000000000000000001e+01,7.19090942805869824110818941084840e-03,1.29913953079665017832232010699285e-03,1.29193596125287418960802047621983e-02,-2.86260638394990171443176672632151e-03
5.05499999999999999999999999999996e+01,7.25336660655582940389885764350181e-03,1.19918381890990427836049380229527e-03,1.27730234018620643638499187250747e-02,-2.99033843789582902944416214915039e-03
5.06000000000000000000000000000000e+01,7.31083167544612543232101963296163e-03,1.09946486715061056931192759842518e-03,1.26203763297989967287119522611648e-02,-3.11503300888946531939597940016085e-03
5.06499999999999999999999999999995e+01,7.36331792785206898114621775400385e-03,1.00004075870353426965698987961708e-03,1.24615714355181607992956282870529e-02,-3.23664388039112682605044314374158e-03
5.07000000000000000000000000000000e+01,7.41084154271893786779611645579773e-03,9.00968838656055713745359991671908e-04,1.22967640112968355554312243762236e-02,-3.35512714580277795492202618073902e-03
5.07499999999999999999999999999999e+01,7.45342154721699238506760858761403e-03,8.02305686401459551316402072481500e-04,1.21261114868986416266861947603480e-02,-3.47044121283624110085331531893853e-03
5.07999999999999999999999999999994e+01,7.49107977778202143053793547843053e-03,7.04107088771566319332388014696414e-04,1.19497733137789347214199531930711e-02,-3.58254680643860270427515404602107e-03
5.08500000000000000000000000000000e+01,7.52384083983094755547064171244982e-03,6.06428013907936471208757392898192e-04,1.17679108491797489319686901494551e-02,-3.69140697028691191784435515212453e-03
5.08999999999999999999999999999998e+01,7.55173206618963914628225234131271e-03,5.09322585880341153316350655399037e-04,1.15806872401855072042075068395564e-02,-3.79698706686501851463849502341017e-03
5.09499999999999999999999999999998e+01,7.57478347427049926828313669326663e-03,4.12844060060658124773199792634808e-04,1.13882673078100554836489317250133e-02,-3.89925477613613191572813859837439e-03
5.10000000000000000000000000000002e+01,7.59302772203779522768140509794225e-03,3.17044799259815549082849620832129e-04,1.11908174311848798932415778293822e-02,-3.99818009282540315578108638164934e-03
5.10499999999999999999999999999992e+01,7.60650006279906066311326706005652e-03,2.21976250634871266845397834039678e-04,1.09885054319176335326911157402367e-02,-4.09373532232753595159791499344875e-03
5.11000000000000000000000000000001e+01,7.61523829886124299761509308185346e-03,1.27688923372780905833902906230145e-04,1.07815004586893319021321434807140e-02,-4.18589507525512151358679186789261e-03
5.11499999999999999999999999999996e+01,7.61928273409058341718313024902802e-03,3.42323671568751128462832729189098e-05,1.05699728721577743445485524141348e-02,-4.27463626064406407989778046736202e-03
5.11999999999999999999999999999998e+01,7.61867612541550425971744631743954e-03,-5.83448485784653881913523363058547e-05,1.03540941302339140845912325493863e-02,-4.35993807783312010531944761338204e-03
5.12500000000000000000000000000000e+01,7.61346363331203988050630272234882e-03,-1.49995154599977988377349174020103e-04,1.01340366737970322417827995740804e-02,-4.44178200703521336252126990340674e-03
5.12999999999999999999999999999994e+01,7.60369277131158180501480476873152e-03,-2.40672001030098391810215380579328e-04,9.90997381291367245060586115922022e-03,-4.52015179861881068461849172971529e-03
5.13499999999999999999999999999999e+01,7.58941335457091739918150972363064e-03,-3.30329875700046853279452711997904e-04,9.68207961362436327676979141297321e-03,-4.59503346111824848056074329445772e-03
5.13999999999999999999999999999999e+01,7.57067744754472350911664746204834e-03,-4.18924321698037072634607197981903e-04,9.45052878536119633659536583409765e-03,-4.66641524799248828613587743611445e-03
5.14499999999999999999999999999999e+01,7.54753931080083268806966150094484e-03,-5.06411954109743960514049003448352e-04,9.21549656905833977330908978122901e-03,-4.73428764315235028348778255298015e-03
5.14999999999999999999999999999998e+01,7.52005534701871989521760909606676e-03,-5.92750475948682816930240764387671e-04,8.97715862601655039764885250090990e-03,-4.79864334527682675343583690602916e-03
5.15499999999999999999999999999993e+01,7.48828404621176208880644240365206e-03,-6.77898693274665239244886708678758e-04,8.73569092758170424666557017149943e-03,-4.85947725093961265241913452640176e-03
5.16000000000000000000000000000000e+01,7.45228593021390212996546849603766e-03,-7.61816529499006023251150289020761e-04,8.49126964569629544802479006767375e-03,-4.91678643656750777681635524487222e-03
5.16499999999999999999999999999997e+01,7.41212349647140206130356217415142e-03,-8.44465038875660169263323276629983e-04,8.24407104438175799885959615065544e-03,-4.97057013925284415131164389806713e-03
5.16999999999999999999999999999999e+01,7.36786116118039933780783057496592e-03,-9.25806419177969588199516001453503e-04,7.99427137220834528640524250034302e-03,-5.02082973644257322680709094667466e-03
5.17500000000000000000000000000001e+01,7.31956520181098319140131405156354e-03,-1.00580402356119495970507001086610e-03,7.74204675580815880645730867217160e-03,-5.06756872452711008132049353454582e-03
5.17999999999999999999999999999996e+01,7.26730369905848724249031168434885e-03,-1.08442237161149916977020701261736e-03,7.48757309448575149482356331124515e-03,-5.11079269635247598077988110436544e-03
5.18500000000000000000000000000000e+01,7.21114647826264898230533982205420e-03,-1.16162715958253459881948779226377e-03,7.23102595597954330094392991701601e-03,-5.15050931767970628423505997472907e-03
5.18999999999999999999999999999995e+01,7.15116505033521710154759836615829e-03,-1.23738526982126699818720286860930e-03,6.97258047342607803055861692203465e-03,-5.18672830261589769046461845102698e-03
5.19500000000000000000000000000000e+01,7.08743255223649410862521715319140e-03,-1.31166477938514354416259341111520e-03,6.71241124357792199820018823728310e-03,-5.21946138804165715302117680980286e-03
5.19999999999999999999999999999999e+01,7.02002368704118455124174662205113e-03,-1.38443496785318166104009436915356e-03,6.45069222632475759592233170927631e-03,-5.24872230706008438315264551125547e-03
5.20499999999999999999999999999994e+01,6.94901466363377872644701246013894e-03,-1.45566632433401813031305945515265e-03,6.18759664556595944007382731751439e-03,-5.27452676149277067137303010545798e-03
5.21000000000000000000000000000000e+01,6.87448313607353834587031852640195e-03,-1.52533055367441463068498848512327e-03,5.92329689148165824297239576720268e-03,-5.29689239344862875714026391554700e-03
5.21499999999999999999999999999998e+01,6.79650814266896453505234282765944e-03,-1.59340058187216596731074255827281e-03,5.65796442424799891220805078832177e-03,-5.31583875599168164224048559970175e-03
5.21999999999999999999999999999998e+01,6.71517004480142011952938465238916e-03,-1.65985056069780063905553514406098e-03,5.39176967924098554889164746471178e-03,-5.33138728293423256878946013332836e-03
5.22500000000000000000000000000002e+01,6.63055046553734772688167598768552e-03,-1.72465587152989985613457081614953e-03,5.12488197377197793947048324841295e-03,-5.34356125778211387044836787600386e-03
5.22999999999999999999999999999992e+01,6.54273222806827316463344399678096e-03,-1.78779312840929046002161265589784e-03,4.85746941539656275532271430619412e-03,-5.35238578185896907010049753260246e-03
5.23500000000000000000000000000001e+01,6.45179929401751017969016443792732e-03,-1.84924018031778922198055214620839e-03,4.58969881183716893076818303884645e-03,-5.35788774163676046469794858633887e-03
5.23999999999999999999999999999996e+01,6.35783670165218843631537896540987e-03,-1.90897611268759052125559636428205e-03,4.32173558255843152237567734632158e-03,-5.36009577529991354525230252677964e-03
5.24499999999999999999999999999998e+01,6.26093050403891174596120790434542e-03,-1.96698124814779625045398741138449e-03,4.05374367203293269736109942310013e-03,-5.35904023857070999500801191515321e-03
5.25000000000000000000000000000000e+01,6.16116770718101863180997483093703e-03,-2.02323714651498579193249868239060e-03,3.78588546473356329064065900456287e-03,-5.35475316982372275057292422047316e-03
5.25499999999999999999999999999994e+01,6.05863620817506261033805715420743e-03,-2.07772660403511488941047280018216e-03,3.51832170188735453969870621799417e-03,-5.34726825451724976879052222916293e-03
5.25999999999999999999999999999999e+01,5.95342473342375552637789603822531e-03,-2.13043365188441504435429310615628e-03,3.25121140002422808107639041338713e-03,-5.33662078896984779661366549114005e-03
5.26499999999999999999999999999999e+01,5.84562277694222429963085302332673e-03,-2.18134355393733954413432761278645e-03,2.98471177135270399493910855556886e-03,-5.32284764351019368280656282474132e-03
5.26999999999999999999999999999999e+01,5.73532053879401994945025996992199e-03,-2.23044280380996823223961359730754e-03,2.71897814599319253300281449262360e-03,-5.30598722502860869986764255066055e-03
5.27499999999999999999999999999998e+01,5.62260886369288818820161288585349e-03,-2.27771912118764052013453162519483e-03,2.45416389609807607295777491790964e-03,-5.28607943895867107315836260883481e-03
5.27999999999999999999999999999993e+01,5.50757917980586364567436872323858e-03,-2.32316144744593478235522242195571e-03,2.19042036188636471648840147355423e-03,-5.26316565071741356282454120197791e-03
5.28500000000000000000000000000000e+01,5.39032343779278534842795905433354e-03,-2.36675994057445204440350466235511e-03,1.92789677961928268881998174662900e-03,-5.23728864663265664347613202334583e-03
5.28999999999999999999999999999997e+01,5.27093405011684987533890217914880e-03,-2.40850596941319264668433202184211e-03,1.66674021154171419941862147910793e-03,-5.20849259438606371712942729280608e-03
5.29499999999999999999999999999999e+01,5.14950383066032109655857291974946e-03,-2.44839210721163623349678682859092e-03,1.40709547781300757276498330243187e-03,-5.17682300300052302642783404416134e-03
5.30000000000000000000000000000001e+01,5.02612593467900203569277186928208e-03,-2.48641212452094786685493270395895e-03,1.14910509044920613402809607825576e-03,-5.14232668240046166671170976529570e-03
5.30499999999999999999999999999996e+01,4.90089379912854563756416411368627e-03,-2.52256098143003620020048558779086e-03,8.92909189297344407814381920362315e-04,-5.10505170257368049523939037193648e-03
5.31000000000000000000000000000000e+01,4.77390108339513754456559759556309e-03,-2.55683481915648337298912343627626e-03,6.38645480061019521161375437285000e-04,-5.06504735236326498078334331575267e-03
5.31499999999999999999999999999995e+01,4.64524161046252585603414298404484e-03,-2.58923095100365051640304006803944e-03,3.86449174395021147719085439945496e-04,-5.02236409791807631263501614614737e-03
5.32000000000000000000000000000000e+01,4.51500930854680074414942034319704e-03,-2.61974785269553741238187362869078e-03,1.36452932085379732250341893327372e-04,-4.97705354083025958893567154157577e-03
5.32499999999999999999999999999999e+01,4.38329815322974120733157889363074e-03,-2.64838515210123984868560251707064e-03,-1.11213194670227073096829414502378e-04,-4.92916837598812183268358778195391e-03
5.32999999999999999999999999999994e+01,4.25020211012094764227003477180138e-03,-2.67514361836110349430370804774485e-03,-3.56421814868185023445142112042006e-04,-4.87876234917263215031216672566708e-03
5.33500000000000000000000000000000e+01,4.11581507807836779605048082776397e-03,-2.70002515042691862126909049555016e-03,-5.99048250178655977435450289446655e-04,-4.82589021442567977083130628278645e-03
5.33999999999999999999999999999998e+01,3.98023083301620051074457842836763e-03,-2.72303276502873566643074725369840e-03,-8.38970584288581245950203562481610e-04,-4.77060769121809320929096434072685e-03
5.34499999999999999999999999999998e+01,3.84354297232852698722055506750475e-03,-2.74417058408110741210802536661354e-03,-1.07606971009866068661994656256798e-03,-4.71297142144527562033781916865546e-03
5.35000000000000000000000000000002e+01,3.70584485995637356799187101313624e-03,-2.76344382154177942639173199736805e-03,-1.31022937476638136384651208033291e-03,-4.65303892627814778671806263933114e-03
5.35499999999999999999999999999992e+01,3.56722957212525376772226062609382e-03,-2.78085876973605630721080288587648e-03,-1.54133622258854975852870943695274e-03,-4.59086856289691137158869857258359e-03
5.36000000000000000000000000000001e+01,3.42778984377957096321405693822746e-03,-2.79642278516026719057468934802917e-03,-1.76927983571815236073931751614612e-03,-4.52651948113495130710765611791068e-03
5.36499999999999999999999999999996e+01,3.28761801573958729225800135883922e-03,-2.81014427377793989039594994509257e-03,-1.99395277271173027176076804310792e-03,-4.46005158005998775624532728301687e-03
5.36999999999999999999999999999998e+01,3.14680598260597940350643675507669e-03,-2.82203267582246891904072015968628e-03,-2.21525060490480345184929194006240e-03,-4.39152546451936523773506941462288e-03
5.37500000000000000000000000000000e+01,3.00544514143630824907951346745901e-03,-2.83209845012022848451359787776161e-03,-2.43307195061421876310831578877881e-03,-4.32100240167612951934499072136396e-03
5.37999999999999999999999999999994e+01,2.86362634121702861978989039396619e-03,-2.84035305794823736838215197013310e-03,-2.64731850716762227299475038753019e-03,-4.24854427756229204191898111047136e-03
5.38499999999999999999999999999999e+01,2.72143983315395509156570388315607e-03,-2.84680894644062836070016155355207e-03,-2.85789508076156971746865302904461e-03,-4.17421355367541722130974370027755e-03
5.38999999999999999999999999999999e+01,2.57897522180338498247797986651882e-03,-2.85147953155831067283661999630805e-03,-3.06470961415108890224781611778718e-03,-4.09807322364439027828825666201848e-03
5.39499999999999999999999999999999e+01,2.43632141706535631377477088692114e-03,-2.85437918063633948075232470897963e-03,-3.26767321217479348934024016126127e-03,-4.02018676998993256388090992139090e-03
5.39999999999999999999999999999998e+01,2.29356658705979012565567126090373e-03,-2.85552319452362249026406628738945e-03,-3.46670016512091843222743127341279e-03,-3.94061812100512798048641652655919e-03
5.40499999999999999999999999999993e+01,2.15079811190553231818812082146312e-03,-2.85492778932969918838723886047264e-03,-3.66170796994090266016517103693938e-03,-3.85943160778090835346833273235429e-03
5.41000000000000000000000000000000e+01,2.00810253842157096731888418041190e-03,-2.85261007779342428288137386425012e-03,-3.85261734931838385887111054135152e-03,-3.77669192140111779416304220179546e-03
5.41499999999999999999999999999997e+01,1.86556553576896130117958497587317e-03,-2.84858805028847277323876805053104e-03,-4.03935226860269275582726602888696e-03,-3.69246407033143652816145570442660e-03
5.41999999999999999999999999999999e+01,1.72327185205124270661331846541117e-03,-2.84288055548066018374913011579095e-03,-4.22183995061713961382904943998476e-03,-3.60681333802609366117394938312301e-03
5.42500000000000000000000000000001e+01,1.58130527189038076155117656404585e-03,-2.83550728065213777166027091768834e-03,-4.40001088835357310258985388258659e-03,-3.51980524077593624148262949902899e-03
5.42999999999999999999999999999996e+01,1.43974857499451284446165523158907e-03,-2.82648873170757905500064529400119e-03,-4.57379885556586080771740546320484e-03,-3.43150548582104907925261766861381e-03
5.43500000000000000000000000000000e+01,1.29868349573301884365823348891112e-03,-2.81584621287752084486864895379151e-03,-4.74314091527609081817318861091121e-03,-3.34197992975073642853124431904949e-03
5.43999999999999999999999999999995e+01,1.15819068373367935974742309065883e-03,-2.80360180613405918075198888073940e-03,-4.90797742620842459293300762989203e-03,-3.25129453721328316048182494100269e-03
5.44500000000000000000000000000000e+01,1.01834966551592304352590007039111e-03,-2.78977835033412822475404914597679e-03,-5.06825204716664214722649541930459e-03,-3.15951533995750979207053159514085e-03
5.44999999999999999999999999999999e+01,8.79238807173402815155268233547171e-04,-2.77439942010560834663414744541069e-03,-5.22391173937251103754536269257525e-03,-3.06670839622772302153513385897372e-03
5.45499999999999999999999999999994e+01,7.40935278118378140536524991263083e-04,-2.75748930449151840651344911073543e-03,-5.37490676678318019866031765181845e-03,-2.97293975053324160145742437641185e-03
5.45999999999999999999999999999999e+01,6.03515015899617765419395724505577e-04,-2.73907298536754670110226442246510e-03,-5.52119069440684794836471626085176e-03,-2.87827539381324679531110896595623e-03
5.46499999999999999999999999999998e+01,4.67052692104774790481497813812971e-04,-2.71917611564816527236174745929453e-03,-5.66272038463697999696863805108381e-03,-2.78278122401726765913844138572801e-03
5.46999999999999999999999999999998e+01,3.31621679357424170347013711598620e-04,-2.69782499729655337936833071537273e-03,-5.79945599162635766640371533267693e-03,-2.68652300712116431346867621154204e-03
5.47500000000000000000000000000002e+01,1.97294019418192090378569691658162e-04,-2.67504655915352800419412499114886e-03,-5.93136095372321834325707331068096e-03,-2.58956633859801757022121353055505e-03
5.47999999999999999999999999999992e+01,6.41403923986476660801866761925152e-05,-2.65086833460064240478202516216093e-03,-6.05840198399270908368106232345882e-03,-2.49197660536287110494685197464229e-03
5.48500000000000000000000000000001e+01,-6.77699129041295352033918839034588e-05,-2.62531843907256805043999614846898e-03,-6.18054905884780989599180868102853e-03,-2.39381894820980316725705725395887e-03
5.48999999999999999999999999999996e+01,-1.98369027545147093738192609360042e-04,-2.59842554743382089137909277521224e-03,-6.29777540481479520650967554989762e-03,-2.29515822475932895345021808033442e-03
5.49499999999999999999999999999998e+01,-3.27590529834854910125319750778027e-04,-2.57021887123482993954610051179202e-03,-6.41005748345919004105020723920656e-03,-2.19605897293365257759212340973940e-03
5.50000000000000000000000000000000e+01,-4.55369471602598551145584999396432e-04,-2.54072813586227469480508296347522e-03,-6.51737497449904122131972561439501e-03,-2.09658537497679942350229312633855e-03
5.50499999999999999999999999999994e+01,-5.81642403315255735003623448526329e-04,-2.50998355759853816321182733047415e-03,-6.61971075713316309282921417461237e-03,-1.99680122203616589330776071505027e-03
5.50999999999999999999999999999999e+01,-7.06347398046881093385781013767044e-04,-2.47801582060503421144735694278229e-03,-6.71705088961283169699150289679051e-03,-1.89676987932152454151751687375333e-03
5.51499999999999999999999999999999e+01,-8.29424074295919916112655993577643e-04,-2.44485605384407191589242612091245e-03,-6.80938458708619062063685499916092e-03,-1.79655425185701864979303171146009e-03
5.51999999999999999999999999999999e+01,-9.50813617647282149006647386197902e-04,-2.41053580795381553238825245035861e-03,-6.89670419774539576473026064929051e-03,-1.69621675084117180916334163832219e-03
5.52499999999999999999999999999998e+01,-1.07045880127729308303859118506437e-03,-2.37508703209078687296504004596268e-03,-6.97900517730726475166539699929725e-03,-1.59581926062942538513941312652841e-03
5.52999999999999999999999999999993e+01,-1.18830400530025655605747057050154e-03,-2.33854205075423737160495035935489e-03,-7.05628606185890943577950263078361e-03,-1.49542310635320019795934773236228e-03
5.53499999999999999999999999999999e+01,-1.30429523495607970786023741827047e-03,-2.30093354060659009854650192874446e-03,-7.12854843910051681083600942896743e-03,-1.39508902218895870493175168337152e-03
5.53999999999999999999999999999997e+01,-1.41838013763911501282555767049952e-03,-2.26229450730401759095106314206529e-03,-7.19579691801810435477732168204440e-03,-1.29487712029022077317659953324310e-03
5.54499999999999999999999999999999e+01,-1.53050801876907509715261155897595e-03,-2.22265826235107975915119732447840e-03,-7.25803909701971036707471538819246e-03,-1.19484686039496012617852697418473e-03
5.55000000000000000000000000000001e+01,-1.64062985650556837293377517628053e-03,-2.18205839999319745727424738623010e-03,-7.31528553056908800583105628497079e-03,-1.09505702012028008200780596903454e-03
5.55499999999999999999999999999996e+01,-1.74869831530848843969187848660799e-03,-2.14052877416058173263278847803906e-03,-7.36754969435155340599187203620754e-03,-9.95565665955736618530799214984486e-04
5.56000000000000000000000000000000e+01,-1.85466775834716717443169109127536e-03,-2.09810347547707645039184499209407e-03,-7.41484794900719335929334227586363e-03,-8.96430124966144443095992154756724e-04
5.56499999999999999999999999999995e+01,-1.95849425876187012058274407539669e-03,-2.05481680834720309168633519596586e-03,-7.45719950246716648065298568163275e-03,-7.97706957214167950497992663103254e-04
5.57000000000000000000000000000000e+01,-2.06013560978187286955006883057285e-03,-2.01070326813452121001053302357976e-03,-7.49462637092933351123465526395069e-03,-6.99451928912464060542938959040644e-04
5.57499999999999999999999999999999e+01,-2.15955133370500828937434532057107e-03,-1.96579751844423647007184779724132e-03,-7.52715333850992736882715402289817e-03,-6.01719986314608269734930432562564e-04
5.57999999999999999999999999999994e+01,-2.25670268974421638510861010782641e-03,-1.92013436852280055531220488709965e-03,-7.55480791560842172155385370650729e-03,-5.04565230353499162184728135732592e-04
5.58499999999999999999999999999999e+01,-2.35155268074726097536836136967331e-03,-1.87374875078705368693263525570350e-03,-7.57762029602317821788051654602035e-03,-4.08040892035400431585120690213865e-04
5.58999999999999999999999999999998e+01,-2.44406605879639994817701629491519e-03,-1.82667569849526122243414231039380e-03,-7.59562331285584705737333874203967e-03,-3.12199308597243494673014010533300e-04
5.59499999999999999999999999999998e+01,-2.53420932969540833452287001795679e-03,-1.77895032357219097115602995614440e-03,-7.60885239324286335184473907206172e-03,-2.17091900434278349405153854355308e-04
5.60000000000000000000000000000002e+01,-2.62195075635195553661088466655682e-03,-1.73060779460016765549612060871122e-03,-7.61734551195272274061099605258361e-03,-1.22769148804625767075114940959566e-04
5.60499999999999999999999999999992e+01,-2.70726036106392950518882419730602e-03,-1.68168331498782553845479676424872e-03,-7.62114314388803403763277320870419e-03,-2.92805743167505221604801047423844e-05
5.61000000000000000000000000000001e+01,-2.79010992671888122109617545988136e-03,-1.63221210132805981132467279564329e-03,-7.62028821553163436905131299322193e-03,6.33252837946565315746036108661787e-05
5.61499999999999999999999999999996e+01,-2.87047299691633225392667862769522e-03,-1.58222936195645207154021139826044e-03,-7.61482605537631338928780008017930e-03,1.55000887599429827575449255759808e-04
5.61999999999999999999999999999998e+01,-2.94832487502324620813176054826368e-03,-1.53177027572121530289152436980515e-03,-7.60480434337792783994402150990424e-03,2.45699719604884180283788585425165e-04
5.62500000000000000000000000000000e+01,-3.02364262217351129591978648135038e-03,-1.48086997097546938254515877878647e-03,-7.59027305947189605081035577263320e-03,3.35376301087069485747761091208449e-04
5.62999999999999999999999999999994e+01,-3.09640505422281587804843519415581e-03,-1.42956350480241946659143098778259e-03,-7.57128443119324410379867042951254e-03,4.23986209616943807309306725310384e-04
5.63499999999999999999999999999999e+01,-3.16659273767082137845855084244534e-03,-1.37788584248376683395309484333874e-03,-7.54789288044053143066386399228579e-03,5.11486095778603536585295408218010e-04
5.63999999999999999999999999999999e+01,-3.23418798456304730635906039227062e-03,-1.32587183722143508392802948153386e-03,-7.52015496942411375046698325109717e-03,5.97833699077225959126307523899579e-04
5.64499999999999999999999999999999e+01,-3.29917484638538101888418746457775e-03,-1.27355621012244417244195603565716e-03,-7.48812934583930564355730215449282e-03,6.82987863034892639213673201171374e-04
5.64999999999999999999999999999998e+01,-3.36153910696461014720998089745948e-03,-1.22097353045651082373354161334101e-03,-7.45187668730508389004646102884897e-03,7.66908549472971292806879705781038e-04
5.65499999999999999999999999999993e+01,-3.42126827438884811682305869778955e-03,-1.16815819619569655547445364086646e-03,-7.41145964510902617064837168521787e-03,8.49556851980238970228171588112604e-04
5.65999999999999999999999999999999e+01,-3.47835157196218275566127515599787e-03,-1.11514441484516409422575365109803e-03,-7.36694278729920804814330788959777e-03,9.30895008566430154416541234814626e-04
5.66499999999999999999999999999997e+01,-3.53277992820832444867622685929014e-03,-1.06196618457383952271137873855184e-03,-7.31839254116378454356043915031213e-03,1.01088641350138953535793899048464e-03
5.66999999999999999999999999999999e+01,-3.58454596593846351998623629942165e-03,-1.00865727565351127867421706212864e-03,-7.26587713513896133035157783697657e-03,1.08949562834050049078006283344843e-03
5.67500000000000000000000000000001e+01,-3.63364399039896636957878907690796e-03,-9.55251212214628304946666703330515e-04,-7.20946654018601484289761559752870e-03,1.16668839213754643698882106734421e-03
5.67999999999999999999999999999996e+01,-3.68006997651494623525426786969456e-03,-9.01781254326788419434082828525949e-04,-7.14923241067795069557788192585302e-03,1.24243163084664296694180417983366e-03
5.68500000000000000000000000000000e+01,-3.72382155524613717632139194034075e-03,-8.48280380411634519230238216980321e-04,-7.08524802483629601037516521002557e-03,1.31669346591535382604120344066686e-03
5.68999999999999999999999999999995e+01,-3.76489799907187887695361219063043e-03,-7.94781269995600741843904946065501e-04,-7.01758822475840384143979868564176e-03,1.38944322207157305613168934672084e-03
5.69500000000000000000000000000000e+01,-3.80330020662238504691478922556382e-03,-7.41316286809673364728254827659923e-04,-6.94632935607550716258257263936107e-03,1.46065143430721883704908664207031e-03
5.69999999999999999999999999999999e+01,-3.83903068647381946767602025639681e-03,-6.87917462243052217510490934026958e-04,-6.87154920728159615793719300802695e-03,1.53028985406224145090073893604187e-03
5.70499999999999999999999999999994e+01,-3.87209354012504101414582728462919e-03,-6.34616479157317894285830623719604e-04,-6.79332694877300614760305784210890e-03,1.59833145461289817113964365681702e-03
5.70999999999999999999999999999999e+01,-3.90249444417420220691243745588749e-03,-5.81444656067428269964063321511132e-04,-6.71174307163839472016880157834549e-03,1.66475043566869152652042004288533e-03
5.71499999999999999999999999999998e+01,-3.93024063171369495680992909041664e-03,-5.28432931695584927865272862390199e-04,-6.62687932623855587418983310735569e-03,1.72952222718280410539086994364206e-03
5.71999999999999999999999999999998e+01,-3.95534087296223210165000831444302e-03,-4.75611849903726277413761067276800e-04,-6.53881866061526654254892642426314e-03,1.79262349238129265083412041284631e-03
5.72500000000000000000000000000002e+01,-3.97780545515313406205283633052009e-03,-4.23011545010119561571380898514623e-04,-6.44764515876808714849469013053378e-03,1.85403213001672646051009695256799e-03
5.72999999999999999999999999999992e+01,-3.99764616169815642641202155287371e-03,-3.70661727495238803018061556606307e-04,-6.35344397883774319076976523501309e-03,1.91372727585236986150548469008346e-03
5.73500000000000000000000000000001e+01,-4.01487625064644649002719833274073e-03,-3.18591670101830194105524830047341e-04,-6.25630129123439965744947972346780e-03,1.97168930338341560127122757185724e-03
5.73999999999999999999999999999996e+01,-4.02951043245845470508703231097445e-03,-2.66830194333780674903787711413240e-04,-6.15630421674880471253466684639551e-03,2.02789982380217520836481644905700e-03
5.74499999999999999999999999999998e+01,-4.04156484711485064003337633383284e-03,-2.15405657358119641303736243023021e-04,-6.05354076468392398306342792230430e-03,2.08234168521452356519889136939282e-03
5.75000000000000000000000000000000e+01,-4.05105704058070240114403878202610e-03,-1.64345939314198054563788104794325e-04,-5.94809977104431230274960653870061e-03,2.13499897111527793976339347566928e-03
5.75499999999999999999999999999994e+01,-4.05800594064537354682610396895639e-03,-1.13678431033803856587911005907694e-04,-5.84007083682007635396052027686507e-03,2.18585699813056639126297836502342e-03
5.75999999999999999999999999999999e+01,-4.06243183215877234554215616585771e-03,-6.34300221756877014596765913860660e-05,-5.72954426640186971374364455693317e-03,2.23490231303560664924405598486901e-03
5.76499999999999999999999999999999e+01,-4.06435633168475481937184131549333e-03,-1.36270897776887612757587270893498e-05,-5.61661100616293177929596372493763e-03,2.28212268905667412707401462755934e-03
5.76999999999999999999999999999999e+01,-4.06380236159263541316198262537714e-03,3.57045127706330809436376652420274e-05,-5.50136258324373435827107011046309e-03,2.32750712146638653514589196888928e-03
5.77499999999999999999999999999998e+01,-4.06079412360789737850564623368744e-03,8.45394663322348127018534807174090e-05,-5.38389104457433480067531095118838e-03,2.37104582248177248006903238125082e-03
5.77999999999999999999999999999993e+01,-4.05535707184331911501762814692486e-03,1.32852996201355150763020625861125e-04,-5.26428889616905286903019536244679e-03,2.41273021547492235312457648349369e-03
5.78499999999999999999999999999999e+01,-4.04751788533184282917112326006294e-03,1.80620881854744229496555913180522e-04,-5.14264904272759054503578255913334e-03,2.45255292850634161077802028631264e-03
5.78999999999999999999999999999997e+01,-4.03730444008260802187005419490361e-03,2.27819466273574271353526121830775e-04,-5.01906472757620011273722176914370e-03,2.49050778719143912502830954757916e-03
5.79499999999999999999999999999999e+01,-4.02474578068165457628906774832009e-03,2.74425664834524388378296688954381e-04,-4.89362947298197660393800906170437e-03,2.52658980691088653142850003220713e-03
5.80000000000000000000000000000001e+01,-4.00987209145886867132476645171149e-03,3.20416973768807904038973875786603e-04,-4.76643702087280650993780401924147e-03,2.56079518437587833394419876471486e-03
5.80499999999999999999999999999996e+01,-3.99271466724279948481858511464923e-03,3.65771478188183919420883477445463e-04,-4.63758127399494602774319712060718e-03,2.59312128855960685123593028987789e-03
5.80999999999999999999999999999999e+01,-3.97330588372501577350106017072332e-03,4.10467859677266129961273897264972e-04,-4.50715623753962949604443753132348e-03,2.62356665100654082786834154916956e-03
5.81499999999999999999999999999995e+01,-3.95167916745569902962005199086144e-03,4.54485403451710984077155026662719e-04,-4.37525596126952256767263907771745e-03,2.65213095553136161235107693042344e-03
5.82000000000000000000000000000000e+01,-3.92786896549218413085135791833956e-03,4.97804005082134021649932804637100e-04,-4.24197448217523554568965415337695e-03,2.67881502731966615435314013183525e-03
5.82499999999999999999999999999999e+01,-3.90191071472215934075933315249591e-03,5.40404176783867499565046566189336e-04,-4.10740576769150066766483569042780e-03,2.70362082144279163499374825718403e-03
5.82999999999999999999999999999994e+01,-3.87384081088322530905785700737866e-03,5.82267053272934067385726442708785e-04,-3.97164365950199344789008759220827e-03,2.72655141079935226240029434613195e-03
5.83499999999999999999999999999999e+01,-3.84369657730048749822528849649145e-03,6.23374397188870165679555553833656e-04,-3.83478181796114297366539893281264e-03,2.74761097349630459182354059850982e-03
5.83999999999999999999999999999998e+01,-3.81151623336381836623915693572422e-03,6.63708604085288852363654843826044e-04,-3.69691366716062979497426369600185e-03,2.76680477968257362404683006341710e-03
5.84499999999999999999999999999998e+01,-3.77733886276637481133861437294258e-03,7.03252706989324791520606834859024e-04,-3.55813234066761324439755674552293e-03,2.78413917784847786256793879841468e-03
5.85000000000000000000000000000002e+01,-3.74120438152589298709944301167701e-03,7.41990380531354040321482111686891e-04,-3.41853062796106317511423545631447e-03,2.79962158060438744038937703944399e-03
5.85499999999999999999999999999992e+01,-3.70315350581020678415244818676311e-03,7.79905944646627921903585906304909e-04,-3.27820092159189470971192676303310e-03,2.81326044995223533887380752404679e-03
5.86000000000000000000000000000001e+01,-3.66322771958834821400207747124689e-03,8.16984367850703557329947350826021e-04,-3.13723516509191915264466268019887e-03,2.82506528206367759793479630694396e-03
5.86499999999999999999999999999996e+01,-3.62146924212848779183808178680404e-03,8.53211270090793433298981599734601e-04,-2.99572480165593023654094586187385e-03,2.83504659157886424899826632566276e-03
5.86999999999999999999999999999999e+01,-3.57792099536386097586963256487402e-03,8.88572925175392592462152331159079e-04,-2.85376072362054284953258657860105e-03,2.84321589543993848602154241391945e-03
5.87500000000000000000000000000000e+01,-3.53262657114770296293928542534865e-03,9.23056262784774541661173457399821e-04,-2.71143322276269182972303068673712e-03,2.84958569627352732784806257602455e-03
5.87999999999999999999999999999994e+01,-3.48563019841807885172194411363123e-03,9.56648870065175674997843789028949e-04,-2.56883194143998181594849346374105e-03,2.85416946533662272581809760463604e-03
5.88499999999999999999999999999999e+01,-3.43697671029334955858333886197923e-03,9.89338992809712801585125735338042e-04,-2.42604582459435601263571688168284e-03,2.85698162504037774835516857706899e-03
5.88999999999999999999999999999999e+01,-3.38671151111885610507272316386212e-03,1.02111553622929915361997442250047e-03,-2.28316307263982256148238172891555e-03,2.85803753106645814963832365327053e-03
5.89499999999999999999999999999999e+01,-3.33488054348523619280454774076806e-03,1.05196806531704093395721803087995e-03,-2.14027109525424251336747098718594e-03,2.85735345409069532874463385315132e-03
5.89999999999999999999999999999998e+01,-3.28153025523860754856347248446129e-03,1.08188680480980895193778191561301e-03,-1.99745646609444365836694276574462e-03,2.85494656112888244088298744669929e-03
5.90499999999999999999999999999993e+01,-3.22670756650266257176597358354245e-03,1.11086263875088810354710484877999e-03,-1.85480487845318019628563941877326e-03,2.85083489651964127132932349461679e-03
5.91000000000000000000000000000000e+01,-3.17045983673251856417792419156421e-03,1.13888710965781129221382917292509e-03,-1.71240110187570990896949273330504e-03,2.84503736255936346883778793027018e-03
5.91499999999999999999999999999997e+01,-3.11283483181995748842394024594770e-03,1.16595241729968377833947380978890e-03,-1.57032893975300862077253782160111e-03,2.83757369980429590761742178554782e-03
5.91999999999999999999999999999999e+01,-3.05388069126946901171512845964731e-03,1.19205141708849881110199389901252e-03,-1.42867118790788679427491125005394e-03,2.82846446705489635987481642499694e-03
5.92500000000000000000000000000001e+01,-2.99364589546428077255743454030394e-03,1.21717761808913566083124764216225e-03,-1.28750959418951559117756919922853e-03,2.81773102103763237425836925847812e-03
5.92999999999999999999999999999996e+01,-2.93217923304132059280385802962738e-03,1.24132518065291676346247013813329e-03,-1.14692481909111011660940721029912e-03,2.80539549579943333442368905955088e-03
5.93499999999999999999999999999999e+01,-2.86952976839380698055549641300154e-03,1.26448891367978154291288255520880e-03,-1.00699639740475633885855145883494e-03,2.79148078183003318670189991114869e-03
5.93999999999999999999999999999995e+01,-2.80574680931990696965159328517121e-03,1.28666427151431052890851801400685e-03,-8.67802700926605812122896303760190e-04,2.77601050492745935193514238520957e-03
5.94500000000000000000000000000000e+01,-2.74087987483563436047136392963658e-03,1.30784735048100457656209039524862e-03,-7.29420902224899299708613845997734e-04,2.75900900482193195440610715572148e-03
5.94999999999999999999999999999999e+01,-2.67497866316988700907835572136116e-03,1.32803488506439026315392579022906e-03,-5.91926939482517167486083124605999e-04,2.74050131357343679581112010721713e-03
5.95499999999999999999999999999994e+01,-2.60809301995923920469682049500446e-03,1.34722424373968383391612937416953e-03,-4.55395482424991456247241939074100e-04,2.72051313375822556461072010023410e-03
5.95999999999999999999999999999999e+01,-2.54027290665981462901516878801262e-03,1.36541342445990234251307796132958e-03,-3.19899899344152306175000412216760e-04,2.69907081645947769575979667740975e-03
5.96499999999999999999999999999998e+01,-2.47156836919326715715474100346980e-03,1.38260104980546183721715640774454e-03,-1.85512225226820351350351452899791e-04,2.67620133907733018231058629953445e-03
5.96999999999999999999999999999998e+01,-2.40202950684359109383235656324667e-03,1.39878636180244853787578010025564e-03,-5.23031309971972764122197585394303e-05,2.65193228297344459274825618421581e-03
5.97500000000000000000000000000002e+01,-2.33170644142116959583544762278230e-03,1.41396921641588989253078594713073e-03,7.96581061191506248382501778208082e-05,2.62629181096523467461875644735486e-03
5.97999999999999999999999999999992e+01,-2.26064928671015027184110138171503e-03,1.42815007772448816034540842181351e-03,2.10303631102575889451337480562364e-04,2.59930864468482333879853781164212e-03
5.98500000000000000000000000000001e+01,-2.18890811821491053296221577306455e-03,1.44133001178340970714788546709661e-03,3.39567038511512220168467489457250e-04,2.57101204181773463658051308876683e-03
5.98999999999999999999999999999996e+01,-2.11653294322104245383448184913347e-03,1.45351068018184849269786914072963e-03,4.67383398713876135444266608954387e-04,2.54143177323625468463249625830502e-03
5.99499999999999999999999999999999e+01,-2.04357367118594795755616417556837e-03,1.46469433330220224944131054905559e-03,5.93689282972813087018959614100811e-04,2.51059810004231548581026251227479e-03
6.00000000000000000000000000000000e+01,-1.97008008447379032252632473390625e-03,1.47488380328781457917727302403761e-03,7.18422787382633722991952102609355e-04,2.47854175053466736561522691902917e-03
6.00499999999999999999999999999994e+01,-1.89610180944919759037208037424110e-03,1.48408249672634560824940688679326e-03,8.41523555651521885744544961502730e-04,2.44529389711500942735024941521591e-03
6.00999999999999999999999999999999e+01,-1.82168828794375769772638633546816e-03,1.49229438705593792850551046665536e-03,9.62932800728326830233962275109075e-04,2.41088613314764315993952721484357e-03
6.01499999999999999999999999999999e+01,-1.74688874910898432729991959114738e-03,1.49952400670144329860573817992647e-03,1.08259332527147763499281025601263e-03,2.37535044978710225063548190095488e-03
6.01999999999999999999999999999999e+01,-1.67175218166906684267245676738313e-03,1.50577643894806897990104118979991e-03,1.20044954095877746854816567021179e-03,2.33871921278809190351649464039026e-03
6.02499999999999999999999999999998e+01,-1.59632730658634750403657546681513e-03,1.51105730955989062795426440910529e-03,1.31644748663754888808925404304950e-03,2.30102513931194369012854144542904e-03
6.02999999999999999999999999999993e+01,-1.52066255015209472645794294867449e-03,1.51537277815076135302608597738946e-03,1.43053484531530831262498939232548e-03,2.26230127474365731033018846531735e-03
6.03500000000000000000000000000000e+01,-1.44480601751476270577929914341551e-03,1.51872952931522390194214974486563e-03,1.54266095999184786469592804676005e-03,2.22258096953345877187690010360342e-03
6.03999999999999999999999999999997e+01,-1.36880546665754556764380453307645e-03,1.52113476352710490436964867415862e-03,1.65277684833429555575157207729618e-03,2.18189785607665556194252977297958e-03
6.04499999999999999999999999999999e+01,-1.29270828283664855948828331268473e-03,1.52259618781353677653212267390039e-03,1.76083521619740995122636332899905e-03,2.14028582564541354081896774571384e-03
6.05000000000000000000000000000001e+01,-1.21656145349130997052581155223452e-03,1.52312200621221419581637021014928e-03,1.86679046999204265077580426000060e-03,2.09777900538591769831285280903182e-03
6.05499999999999999999999999999996e+01,-1.14041154363621569683762245734559e-03,1.52272091001974806474190054390245e-03,1.97059872790537082380416197744932e-03,2.05441173539420974025955530867194e-03
6.06000000000000000000000000000000e+01,-1.06430467174655393307812086866155e-03,1.52140206783903058963211644600995e-03,2.07221782997716232529362331995482e-03,2.01021854588381988189942569682729e-03
6.06499999999999999999999999999995e+01,-9.88286486145560633376021299046373e-04,1.51917511543357052836344222737501e-03,2.17160734703698726534575879115422e-03,1.96523413445812838469767142013762e-03
6.07000000000000000000000000000000e+01,-9.12402141904007405110023003815534e-04,1.51605014539679783610394363993707e-03,2.26872858850793200954293453202115e-03,1.91949334350020445378946129803853e-03
6.07499999999999999999999999999999e+01,-8.36696278260682642428832112164745e-04,1.51203769664437188428728950312053e-03,2.36354460908300414656723499885925e-03,1.87303113769267628688852684784845e-03
6.07999999999999999999999999999994e+01,-7.61212996572514232364199646715501e-04,1.50714874373755717542690617491725e-03,2.45602021428103968347792827884353e-03,1.82588258167998650641953264009360e-03
6.08500000000000000000000000000000e+01,-6.85995838802578334310003810164685e-04,1.50139468604575505686205751531584e-03,2.54612196488953633540169611193936e-03,1.77808281788518209082313819039534e-03
6.08999999999999999999999999999998e+01,-6.11087766553833800992234638977487e-04,1.49478733675629938507347921911989e-03,2.63381818030243899173123323166619e-03,1.72966704449317742610789886683387e-03
6.09499999999999999999999999999998e+01,-5.36531140656016031499815721898326e-04,1.48733891173963844651897021165859e-03,2.71907894076149500077850259305856e-03,1.68067049361221340399986780605462e-03
6.10000000000000000000000000000002e+01,-4.62367701312717678196581576647411e-04,1.47906201827803474145084301885366e-03,2.80187608851037756370682086636282e-03,1.63112840962501477910550095118384e-03
6.10499999999999999999999999999992e+01,-3.88638548815276921013911768586267e-04,1.46996964366591852698914246032627e-03,2.88218322787134502005375162876467e-03,1.58107602774092244629135109816261e-03
6.11000000000000000000000000000001e+01,-3.15384124829687224134303887942437e-04,1.46007514369003034055363696888954e-03,2.95997572425476190396387556722244e-03,1.53054855276004709410612461143308e-03
6.11499999999999999999999999999996e+01,-2.42644194262335848471313117975405e-04,1.44939223099748213287913113381432e-03,3.03523070211235412426866620686870e-03,1.47958113806025601469179896460628e-03
6.11999999999999999999999999999998e+01,-1.70457827709972153207004265768041e-04,1.43793496335985618203009658474043e-03,3.10792704184560525390375501846887e-03,1.42820886481756589034763484615268e-03
6.12500000000000000000000000000000e+01,-9.88633844989011229403259969498243e-05,1.42571773184144568931433301320777e-03,3.17804537568122349524127916046574e-03,1.37646672147027131763215614134170e-03
6.12999999999999999999999999999994e+01,-2.78984963179928429835569269349612e-05,1.41275524887972093038108981721591e-03,3.24556808252611921744939983630457e-03,1.32438958343689185821237798218091e-03
6.13499999999999999999999999999999e+01,4.23999485503049495648489621973405e-05,1.39906253628608010801615796519026e-03,3.31047928181483084902980897218346e-03,1.27201219309776970876676422942161e-03
6.13999999999999999999999999999999e+01,1.11995820397166353682114836798606e-04,1.38465491317491468742595575800725e-03,3.37276482636282217165475937568973e-03,1.21936914004989584774098169674479e-03
6.14499999999999999999999999999999e+01,1.80853762649414605302995072574599e-04,1.36954798382898505255937632638814e-03,3.43241229423954652814548064424726e-03,1.16649484164428493260031368878231e-03
6.14999999999999999999999999999998e+01,2.48939205823391814495474492785598e-04,1.35375762550906386783056913263168e-03,3.48941097967563296512516371421951e-03,1.11342352381495847559386289051731e-03
6.15499999999999999999999999999993e+01,3.16218380868082577268282473829183e-04,1.33729997621576163015575930843830e-03,3.54375188301899572617512447063735e-03,1.06018920220833210721911436125191e-03
6.16000000000000000000000000000000e+01,3.82658331895297460734270010460088e-04,1.32019142241140162021960407929442e-03,3.59542769975510165026932794190430e-03,1.00682566362153623281323852708632e-03
6.16499999999999999999999999999997e+01,4.48226928295114448993698212564030e-04,1.30244858670975988003883597591996e-03,3.64443280860704977831760340959139e-03,9.53366447757930287134552442968386e-04
6.16999999999999999999999999999999e+01,5.12892876235165840510532432946701e-04,1.28408831554143002881193108788135e-03,3.69076325873152370267025071779827e-03,8.99844829307799282328696869365157e-04
6.17500000000000000000000000000001e+01,5.76625729542744596125795740646855e-04,1.26512766680251275521422316580062e-03,3.73441675602706979467139159192827e-03,8.46293800361947613842785156135879e-04
6.17999999999999999999999999999996e+01,6.39395899969087544147128879561886e-04,1.24558389749426576800130154999514e-03,3.77539264857153330740650863949476e-03,7.92746053165629323738944378285420e-04
6.18500000000000000000000000000000e+01,7.01174666835572952993093702617499e-04,1.22547445136128192604414315902554e-03,3.81369191120584937762257676952692e-03,7.39233963219976407977857355477056e-04
6.18999999999999999999999999999995e+01,7.61934186061946584418086756572857e-04,1.20481694653569128344167901244120e-03,3.84931712928173705466754248158881e-03,6.85789572737807479426930455063877e-04
6.19500000000000000000000000000000e+01,8.21647498577063247188569166041663e-04,1.18362916319480695646252242479988e-03,3.88227248159118158673269606140021e-03,6.32444574460418346646648039857052e-04
6.19999999999999999999999999999999e+01,8.80288538112999892118473620077868e-04,1.16192903123955512963403399151466e-03,3.91256372249591322645049156258101e-03,5.79230295841674024084444762313933e-04
6.20499999999999999999999999999994e+01,9.37832138383761238677286229155364e-04,1.13973461800094625269080379562951e-03,3.94019816327539971894912368454447e-03,5.26177683605438535328849165187199e-04
6.21000000000000000000000000000000e+01,9.94254039650159619288846591523512e-04,1.11706411598175762410838658033615e-03,3.96518465271216435487284131540414e-03,4.73317288682094789626117789151892e-04
6.21499999999999999999999999999998e+01,1.04953089467280699259667252274638e-03,1.09393583064050719773356648662631e-03,3.98753355693352196679726401352012e-03,4.20679251529621983823362363376414e-04
6.21999999999999999999999999999998e+01,1.10364027405550873842709534070184e-03,1.07036816822470467502411114003457e-03,4.00725673852909148706803361034463e-03,3.68293287844412586872420920385142e-04
6.22500000000000000000000000000002e+01,1.15656067098169573643232895224472e-03,1.04637962366026884629875061223744e-03,4.02436753496369564448068537002298e-03,3.16188674666725180217172774989223e-04
6.22999999999999999999999999999992e+01,1.20827150534687318345214218421489e-03,1.02198876850389981099912259126918e-03,4.03888073630549604138522107669349e-03,2.64394236885383431522454177466217e-04
6.23500000000000000000000000000001e+01,1.25875312729040146207427392746097e-03,9.97214238965091231195650782953213e-04,4.05081256228943521552354992012974e-03,2.12938334146045446440363251396603e-04
6.23999999999999999999999999999996e+01,1.30798682013025597990092973529560e-03,9.72074724004361247364912829177204e-04,4.06018063873626635469129112599773e-03,1.61848848167081846940211769923646e-04
6.24499999999999999999999999999998e+01,1.35595480270473910551330937796784e-03,9.46588953514171204714517360215528e-04,4.06700397334764610828802531972344e-03,1.11153170466815336888862350138199e-04
6.25000000000000000000000000000000e+01,1.40264023112543798765654819378251e-03,9.20775686588888996803026207728152e-04,4.07130293089794644765376234544655e-03,6.08781905055894059553066407153810e-05
6.25499999999999999999999999999994e+01,1.44802719994603701809127040652352e-03,8.94653699890038726481438606462387e-04,4.07309920784360779490302318147291e-03,1.10502842458493594980548548614251e-05
6.25999999999999999999999999999999e+01,1.49210074275190285002086736982470e-03,8.68241776112960608599831527244638e-04,4.07241580637100770422904337100787e-03,-3.83046968668647891616062555292957e-05
6.26499999999999999999999999999999e+01,1.53484683217566308198512567043209e-03,8.41558692560884691487336382711568e-04,4.06927700790395728507291927381917e-03,-8.71614364993967029008935333489776e-05
6.26999999999999999999999999999999e+01,1.57625237934429683545648432770382e-03,8.14623209832299152547174487599249e-04,4.06370834609206135598947427768406e-03,-1.35495163600588057699847734435693e-04
6.27499999999999999999999999999998e+01,1.61630523276354637182553901932005e-03,7.87454060627368725578503739920763e-04,4.05573657930128807237598993045334e-03,-1.83281662142973748892552307320028e-04
6.27999999999999999999999999999993e+01,1.65499417664574349467864668176386e-03,7.60069938679031342291879489808254e-04,4.04538966262818954925965064536979e-03,-2.30497280434781669335188958309757e-04
6.28500000000000000000000000000000e+01,1.69230892868742265485694040537279e-03,7.32489487814271416990561072528848e-04,4.03269671945929687865979824532434e-03,-2.77118940000737938954730727158606e-04
6.28999999999999999999999999999997e+01,1.72824013730336431230943488636024e-03,7.04731291150936470964631403256654e-04,4.01768801259728100392292230074769e-03,-3.23124144030453880684983146735476e-04
6.29499999999999999999999999999999e+01,1.76277937832397710875836389770748e-03,6.76813860435330081499096627040051e-04,4.00039491497552525269366181500065e-03,-3.68490985393444542242552547997771e-04
6.30000000000000000000000000000001e+01,1.79591915116318567221912584979351e-03,6.48755625525678549470704431324717e-04,3.98084987998279604507850315886682e-03,-4.13198154220100009396952284458536e-04
6.30499999999999999999999999999996e+01,1.82765287446424231699837738866313e-03,6.20574924026431309410160372602072e-04,3.95908641141972549061591526033014e-03,-4.57224945048199999862186649628728e-04
6.31000000000000000000000000000000e+01,1.85797488123112543447849073215667e-03,5.92289991078216056854891116284826e-04,3.93513903310883338057929910463897e-03,-5.00551263534829125922249507036027e-04
6.31499999999999999999999999999995e+01,1.88688041345342490934376124063271e-03,5.63918949308128940080550372862709e-04,3.90904325817981659161788865061958e-03,-5.43157632733814629424810818435572e-04
6.32000000000000000000000000000000e+01,1.91436561623284536648582587583046e-03,5.35479798944898057136314717238558e-04,3.88083555805182127037412222052678e-03,-5.85025198939070188702313529479751e-04
6.32499999999999999999999999999999e+01,1.94042753141968138422666550329373e-03,5.06990408103315014711843946412333e-04,3.85055333113438750082699354053505e-03,-6.26135737094488440070775185460889e-04
6.32999999999999999999999999999994e+01,1.96506409076783493330797549137294e-03,4.78468503242184542799861231739618e-04,3.81823487126871760761080451347060e-03,-6.66471655771281016526176561294306e-04
6.33500000000000000000000000000000e+01,1.98827410861715415690530334651053e-03,4.49931659799896218272513064194816e-04,3.78391933593086796679848030868819e-03,-7.06016001713918055818655850112227e-04
6.33999999999999999999999999999998e+01,2.01005727411207413831236308842861e-03,4.21397293011575331007227015423737e-04,3.74764671421840033425745707203316e-03,-7.44752463956069144996036332944691e-04
6.34499999999999999999999999999998e+01,2.03041414296573445845862003641847e-03,3.92882648911621927427292659827016e-04,3.70945779464195242045822653478046e-03,-7.82665377508194427624559849208298e-04
6.35000000000000000000000000000002e+01,2.04934612877893507858370386472111e-03,3.64404795525298187259055294310884e-04,3.66939413274309890529407073152462e-03,-8.19739726618677985207507314523259e-04
6.35499999999999999999999999999992e+01,2.06685549392347135264730714205221e-03,3.35980614252874628536748996183270e-04,3.62749801855977346862962392096633e-03,-8.55961147610635501001670325469544e-04
6.36000000000000000000000000000001e+01,2.08294533999956074277266249534585e-03,3.07626791449695291526816160740628e-04,3.58381244396040988917115599020221e-03,-8.91315931296764510864875023872827e-04
6.36499999999999999999999999999996e+01,2.09761959787723804746830848397242e-03,2.79359810205371121893312746111085e-04,3.53838106986783601857780135054133e-03,-9.25791024974838133596471733166608e-04
6.36999999999999999999999999999998e+01,2.11088301733175262967515395168437e-03,2.51195942325159354104545056105009e-04,3.49124819339381865758113185194419e-03,-9.59374034006671947386700096861538e-04
6.37500000000000000000000000000000e+01,2.12274115628315022780774814452435e-03,2.23151240516434884176020276880723e-04,3.44245871490501023949189458700186e-03,-9.92053222983618537720143239912216e-04
6.37999999999999999999999999999994e+01,2.13320036965036343066651554730766e-03,1.95241530783007512057216957687466e-04,3.39205810504088996209267879336204e-03,-1.02381751648186508698294460687784e-03
6.38499999999999999999999999999999e+01,2.14226779783026878392465292496619e-03,1.67482405029886623260741182641877e-04,3.34009237170412280462470039442134e-03,-1.05465649941102611208004872713117e-03
6.38999999999999999999999999999999e+01,2.14995135481229476410100531642338e-03,1.39889213880942460870780667798387e-04,3.28660802704357993012295440209836e-03,-1.08456041695973599195652596011914e-03
6.39499999999999999999999999999999e+01,2.15625971593928350246767538085324e-03,1.12477059711760706178043134713899e-04,3.23165205445007351697935471399258e-03,-1.11352017414215417383993799534451e-03
6.39999999999999999999999999999998e+01,2.16120230532542016780159335585208e-03,8.52607898998347313008373521303899e-05,3.17527187558465830388458231113493e-03,-1.14152733494949982052778407092096e-03
6.40500000000000000000000000000003e+01,2.16478928294214732946412749086954e-03,5.82549902940877017534304966593177e-05,3.11751531745914128993365281575474e-03,-1.16857412111093207984774500449774e-03
6.40999999999999999999999999999987e+01,2.16703153138307743172314694433850e-03,3.14739789055647815089011432264916e-05,3.05843057958822033137260935495363e-03,-1.19465341046828704371028594490113e-03
6.41499999999999999999999999999997e+01,2.16794064231900473175789238667481e-03,4.93179982098411713251904511117895e-06,2.99806620123244204671231615600635e-03,-1.21975873496937274363751514327007e-03
6.41999999999999999999999999999999e+01,2.16752890265419870709472655983510e-03,-2.13577826593158605909502379643910e-05,2.93647102875092971486636409413188e-03,-1.24388427828470913147744698110624e-03
6.42500000000000000000000000000001e+01,2.16580928039523404738831911883691e-03,-4.73812896576458921964157787080087e-05,2.87369418308258296216267383584696e-03,-1.26702487305278085090061379935363e-03
6.43000000000000000000000000000001e+01,2.16279541024367793889856047608385e-03,-7.31255331282151788364529661396480e-05,2.80978502737419322238850598719782e-03,-1.28917599775904665344805096085279e-03
6.43499999999999999999999999999986e+01,2.15850157892401346040311936448891e-03,-9.85776210382728878349801608000484e-05,2.74479313477365246141307787672346e-03,-1.31033377325412049210259015170799e-03
6.43999999999999999999999999999995e+01,2.15294271025822857352646292473966e-03,-1.23724962320202783241101895727666e-04,2.67876825640615772927215424399435e-03,-1.33049495891670557886301593383097e-03
6.44500000000000000000000000000000e+01,2.14613434999854344960529268785580e-03,-1.48555271593779554372157283244640e-04,2.61176028955103098552424437812757e-03,-1.34965694846702396741454386811446e-03
6.44999999999999999999999999999999e+01,2.13809265042978477437913691692939e-03,-1.73056573657942136549460936204536e-04,2.54381924603648258839958138783858e-03,-1.36781776543664046803675890234906e-03
6.45500000000000000000000000000001e+01,2.12883435475294426014235422212009e-03,-1.97217207751585016741106040124205e-04,2.47499522086934809735761308834119e-03,-1.38497605830073087322113157281153e-03
6.45999999999999999999999999999987e+01,2.11837678126147992561825758202569e-03,-2.21025831583013114346876999416247e-04,2.40533836111652186696262345559470e-03,-1.40113109527899052645006944613080e-03
6.46499999999999999999999999999998e+01,2.10673780732193283369466461693476e-03,-2.44471425127849247023040469866739e-04,2.33489883505449756434063672191653e-03,-1.41628275881152016409170879025019e-03
6.46999999999999999999999999999998e+01,2.09393585317043896707738896080198e-03,-2.67543294195325357831668454578738e-04,2.26372680160310548162306887571408e-03,-1.43043153971616166576073483529295e-03
6.47500000000000000000000000000002e+01,2.07998986553671583639249864753325e-03,-2.90231073763029519172167305910322e-04,2.19187238005920959913704804638875e-03,-1.44357853103388682964262524696064e-03
6.48000000000000000000000000000002e+01,2.06491930110709632247736792982854e-03,-3.12524731080320168482707548610741e-04,2.11938562014579404661257573816041e-03,-1.45572542156896751750567107520660e-03
6.48499999999999999999999999999986e+01,2.04874410983816822630557164468694e-03,-3.34414568540756999694188378422910e-04,2.04631647239152917163349187033801e-03,-1.46687448913077546421633549802151e-03
6.48999999999999999999999999999996e+01,2.03148471813255711145805545614843e-03,-3.55891226324034363551508054643724e-04,1.97271475885556212142804616721334e-03,-1.47702859348417469675090124340222e-03
6.49499999999999999999999999999998e+01,2.01316201188836235397602312667447e-03,-3.76945684808037851449380287376202e-04,1.89863014421192594134464903302043e-03,-1.48619116901557883959949119935411e-03
6.50000000000000000000000000000000e+01,1.99379731943372194484941042160866e-03,-3.97569266751777885242392526029296e-04,1.82411210720760495729098966956713e-03,-1.49436621712184958212280119812131e-03
6.50500000000000000000000000000002e+01,1.97341239435794060661354572416086e-03,-4.17753639250085545102459388963262e-04,1.74920991250793290699590408169235e-03,-1.50155829832931123725480968021678e-03
6.50999999999999999999999999999987e+01,1.95202939825056827603292467082709e-03,-4.37490815461085476097630303136438e-04,1.67397258294263418364473061938143e-03,-1.50777252415024962170058898837912e-03
6.51499999999999999999999999999999e+01,1.92967088335976206123081105379762e-03,-4.56773156107588460629107206376107e-04,1.59844887216544792303116733984339e-03,-1.51301454868435143053087284209707e-03
6.51999999999999999999999999999999e+01,1.90635977518120449847606968490305e-03,-4.75593370753672068773547437859156e-04,1.52268723773989976981653079416176e-03,-1.51729055997262286218845475470407e-03
6.52499999999999999999999999999998e+01,1.88211935498878440869122419419095e-03,-4.93944518857841644252043552319966e-04,1.44673581466340726774565863794293e-03,-1.52060727111140347501980911657947e-03
6.53000000000000000000000000000003e+01,1.85697324231817398696565318563953e-03,-5.11820010604285694253842024535155e-04,1.37064238934152220053032249883090e-03,-1.52297191113416312837995552181619e-03
6.53499999999999999999999999999987e+01,1.83094537741435705306493732832106e-03,-5.29213607513859472520366262906786e-04,1.29445437402372713204619483178899e-03,-1.52439221566883638817433313807716e-03
6.53999999999999999999999999999997e+01,1.80406000365407875290494621123564e-03,-5.46119422836548124569614813370214e-04,1.21821878171181412348707883137297e-03,-1.52487641737850996960088766368473e-03
6.54499999999999999999999999999999e+01,1.77634164995409653856426523418984e-03,-5.62531921727276151142485212382921e-04,1.14198220155148140753089640610713e-03,-1.52443323619333466316184569117996e-03
6.55000000000000000000000000000001e+01,1.74781511317601607848106365554771e-03,-5.78445921207043092129497169142140e-04,1.06579077471738894095309913734573e-03,-1.52307186934158376113275959403635e-03
6.55500000000000000000000000000001e+01,1.71850544053839397325238392105378e-03,-5.93856589911476191468938918238884e-04,9.89690170801516502085521887537334e-04,-1.52080198118782529105298760232785e-03
6.55999999999999999999999999999986e+01,1.68843791204668189145692837607418e-03,-6.08759447628999328719228673855803e-04,9.13725564714268611575530469462286e-04,-1.51763369288621539388343509915698e-03
6.56499999999999999999999999999995e+01,1.65763802295147411189609086000430e-03,-6.23150364630923651976409722165322e-04,8.37941614107369296318479873352077e-04,-1.51357757185695498366761741222571e-03
6.57000000000000000000000000000000e+01,1.62613146624540258344620714651898e-03,-6.37025560795869078171449593011099e-04,7.62382437327186848089679961009109e-04,-1.50864462109398142214683347238558e-03
6.57499999999999999999999999999999e+01,1.59394411520890061321309244167920e-03,-6.50381604531027101049798815774002e-04,6.87091591906724509626286826841426e-04,-1.50284626831199136800202239176008e-03
6.58000000000000000000000000000001e+01,1.56110200601492829168094174200821e-03,-6.63215411492874126690505364152343e-04,6.12112053604107709361009349351348e-04,-1.49619435494091025122582057075942e-03
6.58499999999999999999999999999987e+01,1.52763132040261988568853212050137e-03,-6.75524243110040805525681990501681e-04,5.37486195994992317524860416177981e-04,-1.48870112497593801634176599028341e-03
6.58999999999999999999999999999998e+01,1.49355836842967580372322620958262e-03,-6.87305704911136514615985800497841e-04,4.63255770625911664795092228266805e-04,-1.48037921369130991427848984287634e-03
6.59499999999999999999999999999998e+01,1.45890957131317949222018507373653e-03,-6.98557744660419232448909187260528e-04,3.89461887735173001854899274837797e-04,-1.47124163622591524484101386772896e-03
6.60000000000000000000000000000002e+01,1.42371144436837288686480754415718e-03,-7.09278650304289510661030990282241e-04,3.16144997547506933717422975301772e-04,-1.46130177604891610568394509904709e-03
6.60500000000000000000000000000002e+01,1.38799058005477295135270291993123e-03,-7.19467047731673054630442396207786e-04,2.43344872148266383658392676619748e-04,-1.45057337331350243783359379114942e-03
6.60999999999999999999999999999986e+01,1.35177363113885652105911725724042e-03,-7.29121898351439551506820987702794e-04,1.71100587942565072829142331385629e-04,-1.43907051310690902299117742140320e-03
6.61499999999999999999999999999996e+01,1.31508729398238126527416349432391e-03,-7.38242496490085805483847470850979e-04,9.94505087043395852096755915833614e-05,-1.42680761360480463739785406864858e-03
6.61999999999999999999999999999998e+01,1.27795829196524722491319472424143e-03,-7.46828466612988933381225841571805e-04,2.84322692199140629085448929064332e-05,-1.41379941413814335667615337474388e-03
6.62500000000000000000000000000000e+01,1.24041335905163620983785515707225e-03,-7.54879760372610318164873760077393e-04,-4.19172404697573195237465997548794e-05,-1.40006096318054309384765368494638e-03
6.63000000000000000000000000000002e+01,1.20247922350799548903725414705397e-03,-7.62396653487103195024841267130220e-04,-1.11561890224397487535347096177197e-04,-1.38560760626422689901638770909192e-03
6.63499999999999999999999999999987e+01,1.16418259178125781673200769914669e-03,-7.69379742452846137032424458707928e-04,-1.80466324353891533544228096526440e-04,-1.37045497383252841658248005051972e-03
6.63999999999999999999999999999999e+01,1.12555013254551204759309812758294e-03,-7.75829941094491300034258675811350e-04,-2.48595975558977168464478820074476e-04,-1.35461896903692424906076255569677e-03
6.64499999999999999999999999999999e+01,1.08660846092515754504208433778570e-03,-7.81748476956180065968899434646532e-04,-3.15917078260565086253817980628406e-04,-1.33811575548651288248313563381951e-03
6.64999999999999999999999999999998e+01,1.04738412290239141897012879700478e-03,-7.87136887537639678691557579005813e-04,-3.82396681315508583932503873695578e-04,-1.32096174495781235586775260883107e-03
6.65500000000000000000000000000003e+01,1.00790357991669048466212679635828e-03,-7.91997016378932586960126424758228e-04,-4.48002660117034111894688716541147e-04,-1.30317358507269707723572733793592e-03
6.65999999999999999999999999999987e+01,9.68193193663759855160598197991532e-04,-7.96331008997685487568246873801002e-04,-5.12703728078434066528165349160298e-04,-1.28476814695223817396451126360263e-03
6.66499999999999999999999999999997e+01,9.28279211101227407023876284626565e-04,-8.00141308682677491598025021623534e-04,-5.76469447499009869302336729902131e-04,-1.26576251285415159056573746818642e-03
6.66999999999999999999999999999999e+01,8.88187749668168136957465182134626e-04,-8.03430652147716414074150948538082e-04,-6.39270239811636997481246240030558e-04,-1.24617396380149388874231238470402e-03
6.67500000000000000000000000000001e+01,8.47944782725344796831600111232388e-04,-8.06202065049778909366227745691394e-04,-7.01077395211703939240335644196553e-04,-1.22601996721017744102810891079901e-03
6.68000000000000000000000000000001e+01,8.07576125222851299931863349894450e-04,-8.08458857375434040692345011930598e-04,-7.61863081667553841936651622885959e-04,-1.20531816452280452032811926622408e-03
6.68499999999999999999999999999986e+01,7.67107419601643374710271109574373e-04,-8.10204618699610882946166031353950e-04,-8.21600353312930712361557664574327e-04,-1.18408635885624375474834314957884e-03
6.68999999999999999999999999999995e+01,7.26564121935236946509461745550192e-04,-8.11443213320808916444584622634913e-04,-8.80263158222301221865048373824009e-04,-1.16234250267029262326584203388310e-03
6.69500000000000000000000000000000e+01,6.85971488317648895245597520055005e-04,-8.12178775276885279419698705619248e-04,-9.37826345570288281342762313751656e-04,-1.14010468546468619754984908181789e-03
6.69999999999999999999999999999999e+01,6.45354561503447310119911321416644e-04,-8.12415703245585415189707971549692e-04,-9.94265672176813399543037261444693e-04,-1.11739112151162527452552002133368e-03
6.70500000000000000000000000000001e+01,6.04738157805569283004687617331124e-04,-8.12158655334013283637615031645108e-04,-1.04955780843990124563410297471526e-03,-1.09422013763090648033954990636216e-03
6.70999999999999999999999999999987e+01,5.64146854256353791710841729240374e-04,-8.11412543761264115250524019748222e-04,-1.10368034365845163051862567742199e-03,-1.07061016101464294778816442699910e-03
6.71499999999999999999999999999998e+01,5.23604976037025463877080796539153e-04,-8.10182529438466680498060000800495e-04,-1.15661179074763113250013173701068e-03,-1.04657970710846686576369674971655e-03
6.71999999999999999999999999999998e+01,4.83136584180652122122021472002436e-04,-8.08474016450503240331990858679126e-04,-1.20833159034987865761618704424445e-03,-1.02214736755600466177491027087153e-03
6.72500000000000000000000000000002e+01,4.42765463553385131099313721508383e-04,-8.06292646443693749227245047020979e-04,-1.25882011434485618385220123152721e-03,-9.97331798213311899089227816889247e-04
6.73000000000000000000000000000002e+01,4.02515111118576836173633459414108e-04,-8.03644292923746516170485542780549e-04,-1.30805866876200763675818239807431e-03,-9.72151707239848241538760113909274e-04
6.73499999999999999999999999999986e+01,3.62408724488153939750156157941752e-04,-8.00535055468290408581010789412867e-04,-1.35602949609971513160386305033561e-03,-9.46625843272463155482974185716975e-04
6.73999999999999999999999999999996e+01,3.22469190765409642099618676411329e-04,-7.96971253858313828070286126765932e-04,-1.40271577705536254874071978430649e-03,-9.20772983688750474669276917237123e-04
6.74499999999999999999999999999998e+01,2.82719075683160915108532759399702e-04,-7.92959422132843115439794970818198e-04,-1.44810163167093144367062079557659e-03,-8.94611922966014645436855941601485e-04
6.75000000000000000000000000000000e+01,2.43180613041000514984906770053556e-04,-7.88506302571197777062108646963749e-04,-1.49217211989906349563024294976676e-03,-8.68161461141973493279065669294608e-04
6.75500000000000000000000000000002e+01,2.03875694445156407679651579887488e-04,-7.83618839607161988889806658096551e-04,-1.53491324159482693730603791755168e-03,-8.41440392383201804312222490775318e-04
6.75999999999999999999999999999987e+01,1.64825859354254311568279510634708e-04,-7.78304173679411252287628785026907e-04,-1.57631193593872155748506628902093e-03,-8.14467493667196994411758020004803e-04
6.76499999999999999999999999999999e+01,1.26052285434062187443082495683739e-04,-7.72569635022529873545813874768607e-04,-1.61635608029674780681119563930074e-03,-7.87261513583822742944151573824470e-04
6.76999999999999999999999999999999e+01,8.75757792240788564327025277166918e-05,-7.66422737402949143502146221333959e-04,-1.65503448852365014806895157989549e-03,-7.59841161261758795909967790034794e-04
6.77499999999999999999999999999998e+01,4.94167671186126310414032175687798e-05,-7.59871171804127733675966592446664e-04,-1.69233690871572296522288475441632e-03,-7.32225095425455294111365621749494e-04
6.78000000000000000000000000000003e+01,1.15952866647800305750146010316153e-05,-7.52922800065284930471807968147938e-04,-1.72825402041983897343175056771766e-03,-7.04431913587958055220837859916130e-04
6.78499999999999999999999999999987e+01,-2.58690218203605542347604012607777e-05,-7.45585648477983930358232343020989e-04,-1.76277743130562505405261567745320e-03,-6.76480141384837334209670174367867e-04
6.78999999999999999999999999999997e+01,-6.29569233115398571915864122220147e-05,-7.37867901344846548694868267475639e-04,-1.79589967330796867786752752822286e-03,-6.48388222054316804583113928418996e-04
6.79499999999999999999999999999999e+01,-9.96495958140866229523925268430861e-05,-7.29777894504662386473322789473149e-04,-1.82761419824728948503092968792615e-03,-6.20174506068561943525594371494618e-04
6.80000000000000000000000000000001e+01,-1.35928637778240257802255194453023e-04,-7.21324108828134787209493969523858e-04,-1.85791537293525507519196288492031e-03,-5.91857240920947767754734825270613e-04
6.80500000000000000000000000000001e+01,-1.71776075187604668363990398905398e-04,-7.12515163688482836246236229802942e-04,-1.88679847377385754455457863184547e-03,-5.63454561073985054037329091422501e-04
6.80999999999999999999999999999986e+01,-2.07174368320591048662669748779437e-04,-7.03359810411093243551330960357422e-04,-1.91425968085599771198335008532115e-03,-5.34984478072441889340605214704615e-04
6.81499999999999999999999999999995e+01,-2.42106418183906384853985803408822e-04,-6.93866925706388246533886182980711e-04,-1.94029607157594723234609750727358e-03,-5.06464870826053730811718335385336e-04
6.82000000000000000000000000000000e+01,-2.76555572617352014057469305977500e-04,-6.84045505090045710280659304171540e-04,-1.96490561375827483582164548397077e-03,-4.77913476066070215397451245814581e-04
6.82499999999999999999999999999999e+01,-3.10505632069402587374391077777803e-04,-6.73904656294675428748484024324325e-04,-1.98808715831403169561331605014519e-03,-4.49347878979740842941828461104261e-04
6.83000000000000000000000000000002e+01,-3.43940855043240137593981179990774e-04,-6.63453592677021282611659001009724e-04,-2.00984043143319235711157330628529e-03,-4.20785504026694464787508244235257e-04
6.83499999999999999999999999999987e+01,-3.76845963213120531640375372738244e-04,-6.52701626624722429348294221546069e-04,-2.03016602632254170773829868629125e-03,-3.92243605941019341703702190032861e-04
6.83999999999999999999999999999998e+01,-4.09206146211150290933568546343571e-04,-6.41658162966628131341483654501245e-04,-2.04906539449838508213960391394149e-03,-3.63739260922701489448619059739969e-04
6.84499999999999999999999999999998e+01,-4.41007066084750486128497655006912e-04,-6.30332692390620211710584408436393e-04,-2.06654083664363774067663036772111e-03,-3.35289358021929206104577434207815e-04
6.85000000000000000000000000000002e+01,-4.72234861425281054947829027290604e-04,-6.18734784872854509538613828568977e-04,-2.08259549303902159381827668492331e-03,-3.06910590719621170676785524007552e-04
6.85500000000000000000000000000002e+01,-5.02876151168493354059781879935340e-04,-6.06874083122288131176721438558920e-04,-2.09723333357826113948585626043186e-03,-2.78619448707384414966605808865155e-04
6.85999999999999999999999999999986e+01,-5.32918038067670941467738013624213e-04,-5.94760296044312808193685347311999e-04,-2.11045914737732710792467586103637e-03,-2.50432209869956897473660411919874e-04
6.86499999999999999999999999999996e+01,-5.62348111840508400277370987223566e-04,-5.82403192227266321825701137310084e-04,-2.12227853198792524740585048401275e-03,-2.22364932473037445464551593113149e-04
6.86999999999999999999999999999999e+01,-5.91154451990965365937181337874617e-04,-5.69812593455543785683295866641541e-04,-2.13269788222556901692143593744739e-03,-1.94433447559253575092653123430230e-04
6.87500000000000000000000000000000e+01,-6.19325630307517717434359043676798e-04,-5.56998368252978640852474146128507e-04,-2.14172437862270866672305654593778e-03,-1.66653351554865244542711698028280e-04
6.88000000000000000000000000000002e+01,-6.46850713039410051203272358391031e-04,-5.43970425460109558865822779413797e-04,-2.14936597551751527649383287344213e-03,-1.39039999089650035790857739480634e-04
6.88499999999999999999999999999987e+01,-6.73719262752692989840685100184408e-04,-5.30738707848894117375462450322527e-04,-2.15563138878903678124913405488892e-03,-1.11608496032262690056316937983899e-04
6.88999999999999999999999999999999e+01,-6.99921339868005503758817507279490e-04,-5.17313185778373160336389781960683e-04,-2.16053008324955384849201116564789e-03,-8.43736927432094328248034408487884e-05
6.89499999999999999999999999999999e+01,-7.25447503882236162776366437454716e-04,-5.03703850894731229216645024918040e-04,-2.16407225970506668306179843659231e-03,-5.73501775474252079549755434791412e-05
6.89999999999999999999999999999998e+01,-7.50288814276368008997847577939850e-04,-4.89920709879138404772351972425743e-04,-2.16626884169493943941801547912358e-03,-3.05522704282898873623658792359550e-05
6.90500000000000000000000000000003e+01,-7.74436831111979477352539622478271e-04,-4.75973778246697381279133957967457e-04,-2.16713146192181693020568809414837e-03,-3.99401694476782260269320945955501e-06
6.90999999999999999999999999999987e+01,-7.97883615319038413606367998134625e-04,-4.61873074199756658214413226440199e-04,-2.16667244838300875470978965032639e-03,2.23108176267961542340691902857539e-05
6.91499999999999999999999999999997e+01,-8.20621728677787681853857928703081e-04,-4.47628612538786430018940330128712e-04,-2.16490481021460885547604155023308e-03,4.83487539248419032570269634072850e-05
6.91999999999999999999999999999999e+01,-8.42644233497679047370814746986016e-04,-4.33250398633948134839618909469127e-04,-2.16184222325968387453926184864485e-03,7.41066039074880617233165127815213e-05
6.92500000000000000000000000000001e+01,-8.63944691996466901802557831870060e-04,-4.18748422460421740470459134420620e-04,-2.15749901537192155522233121025774e-03,9.95714760290721958045064897286380e-05
6.93000000000000000000000000000001e+01,-8.84517165382724904144871853800179e-04,-4.04132652700486752722244170215608e-04,-2.15189015146618085842814827919512e-03,1.24730780187402806453828558754938e-04
6.93499999999999999999999999999986e+01,-9.04356212645196683651458362084485e-04,-3.89413030915283681043880111942529e-04,-2.14503121832742847497610338469032e-03,1.49572232440936743591524280260810e-04
6.93999999999999999999999999999995e+01,-9.23456889052536333127487175729743e-04,-3.74599465789112341456105182028909e-04,-2.13693840918958206315403347412531e-03,1.74083859495242402913888805025820e-04
6.94500000000000000000000000000000e+01,-9.41814744367135459156070119549704e-04,-3.59701827449051970960688226885699e-04,-2.12762850809580887260795244723011e-03,1.98254002958254873130298824998661e-04
6.94999999999999999999999999999999e+01,-9.59425820776870998429402427150255e-04,-3.44729941862615723893765303730828e-04,-2.11711887405184948526931144812148e-03,2.22071323363973889986882344414987e-04
6.95500000000000000000000000000002e+01,-9.76286650548741807964423262825087e-04,-3.29693585316078772624337597222281e-04,-2.10542742498395026839965922671378e-03,2.45524803964398960114041709675903e-04
6.95999999999999999999999999999987e+01,-9.92394253408492145692258668132670e-04,-3.14602478976044996034502118913799e-04,-2.09257262151299485500217388106894e-03,2.68603754289638267062425698095214e-04
6.96499999999999999999999999999998e+01,-1.00774613365044653351400126243066e-03,-2.99466283536742162853071519857694e-04,-2.07857345055642460753215621506701e-03,2.91297813476268889880593100217465e-04
6.96999999999999999999999999999998e+01,-1.02234027698190309687977561968468e-03,-2.84294593955459656633250621237709e-04,-2.06344940876953065041928964463478e-03,3.13596953364165378768189349836125e-04
6.97500000000000000000000000000002e+01,-1.03617514710655126541402216820412e-03,-2.69096934278466198408828527446922e-04,-2.04722048583768574736325807049550e-03,3.35491481362151771789119197411435e-04
6.98000000000000000000000000000002e+01,-1.04924968205149466288829618546610e-03,-2.53882752559667755198111454644737e-04,-2.02990714763106312615796572488192e-03,3.56972043082968632003594664442059e-04
6.98499999999999999999999999999986e+01,-1.06156329024257107941021502580073e-03,-2.38661415874187930811398728512313e-04,-2.01153031923336139584228408967911e-03,3.78029624748181567932023270025123e-04
6.98999999999999999999999999999996e+01,-1.07311584633276857418986468394580e-03,-2.23442205428974672981370172696025e-04,-1.99211136785602004051773151487065e-03,3.98655555363790905881305469748959e-04
6.99499999999999999999999999999999e+01,-1.08390768678863997645160776175914e-03,-2.08234311772458150635904704896644e-04,-1.97167208564936869673114328091169e-03,4.18841508667433645881275273340165e-04
7.00000000000000000000000000000000e+01,-1.09393960523971731041165395096102e-03,-1.93046830105205209934039528387918e-04,-1.95023467242210561558999338407474e-03,4.38579504848198491007107041867318e-04
7.00500000000000000000000000000002e+01,-1.10321284759602294580453048951055e-03,-1.77888755693435960028084290569899e-04,-1.92782171828044646855345391990623e-03,4.57861912040202531611076854175383e-04
7.00999999999999999999999999999987e+01,-1.11172910693886554890008424693124e-03,-1.62768979387187821685116651249472e-04,-1.90445618619822407192910261982592e-03,4.76681447591204032080481905880543e-04
7.01499999999999999999999999999999e+01,-1.11949051819019616359963035689567e-03,-1.47696283244831845904105099116943e-04,-1.88016139452915277723432122720196e-03,4.95031179107649650541373663413968e-04
7.01999999999999999999999999999999e+01,-1.12649965256588297392071300924068e-03,-1.32679336265565327195432297395124e-04,-1.85496099947239830332178295321832e-03,5.12904525277676265559006625861241e-04
7.02499999999999999999999999999998e+01,-1.13275951181834247643643613305136e-03,-1.17726690231423748604116674291459e-04,-1.82887897750251477483873425042797e-03,5.30295256473707334236788171774044e-04
7.03000000000000000000000000000003e+01,-1.13827352227403991504802020935621e-03,-1.02846775660273953847116841779866e-04,-1.80193960777472578616956310990268e-03,5.47197495136401310865248842370300e-04
7.03499999999999999999999999999987e+01,-1.14304552867144289439851975950837e-03,-8.80478978711691966959948906067786e-05,-1.77416745451643553905097724713793e-03,5.63605715941825063902767443130742e-04
7.03999999999999999999999999999997e+01,-1.14707978780507908836133168087506e-03,-7.33382331633654191457597903163149e-05,-1.74558734941575961658013430985876e-03,5.79514745753838392877749582548257e-04
7.04499999999999999999999999999999e+01,-1.15038096198141189493685007232080e-03,-5.87258251102168076986516847083313e-05,-1.71622437401776286977890845776383e-03,5.94919763363786618912569703256349e-04
7.05000000000000000000000000000001e+01,-1.15295411229230675961675065094892e-03,-4.42185809690874205142629979077472e-05,-1.68610384213898432095061574065178e-03,6.09816299019706757946144395470556e-04
7.05500000000000000000000000000001e+01,-1.15480469171191569933072744660639e-03,-2.98242682083345159916729121210970e-05,-1.65525128231071604869309964164111e-03,6.24200233747358941185763788779370e-04
7.05999999999999999999999999999986e+01,-1.15593853802285831440269837834366e-03,-1.55505111523381937873429559677951e-05,-1.62369242026138483265130412737338e-03,6.38067798465498481517323250653006e-04
7.06499999999999999999999999999995e+01,-1.15636186657762428483815253839800e-03,-1.40478774547113001676891767508558e-06,-1.59145316144826202396060337833587e-03,6.51415572897905258077365264826390e-04
7.07000000000000000000000000000000e+01,-1.15608126290116502043690362706570e-03,1.26055735641784034534774836196933e-05,-1.55855957364859879383322093858827e-03,6.64240484284785866340741509063747e-04
7.07499999999999999999999999999999e+01,-1.15510367514068078471207241527748e-03,2.64733968205973536334386336056409e-05,-1.52503786962015072369120622705633e-03,6.76539805896260222178757798173301e-04
7.08000000000000000000000000000001e+01,-1.15343640636864425574275346223829e-03,4.01916614344996310704447112491203e-05,-1.49091438984091776320713586161551e-03,6.88311155350737981546604537785926e-04
7.08499999999999999999999999999987e+01,-1.15108710674513214051908419840936e-03,5.37535049362654837002446496501714e-05,-1.45621558533778302677985580015306e-03,6.99552492741081210798056546284068e-04
7.08999999999999999999999999999998e+01,-1.14806376554556314292459852590971e-03,6.71522256066743824516630540192006e-05,-1.42096800061358685510041286405050e-03,7.10262118571538186013564679429766e-04
7.09499999999999999999999999999998e+01,-1.14437470305996332132398793246151e-03,8.03812849850160210417707389512401e-05,-1.38519825668202116876335078116950e-03,7.20438671508518984960128528780706e-04
7.10000000000000000000000000000002e+01,-1.14002856236989868404394617055576e-03,9.34343102542422455547633229198891e-05,-1.34893303421957351892450022988310e-03,7.30081125948366636053313130206364e-04
7.10500000000000000000000000000002e+01,-1.13503430100922978625109081910803e-03,1.06305096502900393376783735722668e-04,-1.31219905684359053064126133273368e-03,7.39188789405357980517264266724372e-04
7.10999999999999999999999999999986e+01,-1.12940118251485413834890310907916e-03,1.18987608863665594146712409227170e-04,-1.27502307452536677377356660447692e-03,7.47761299723246064266339401444285e-04
7.11499999999999999999999999999996e+01,-1.12313876787360944460676615124122e-03,1.31475984528366026628749438701780e-04,-1.23743184714699762127340579518255e-03,7.55798622113730784161305012653641e-04
7.11999999999999999999999999999998e+01,-1.11625690687151409389816341385258e-03,1.43764534639470894646244370544446e-04,-1.19945212821056350343655720878923e-03,7.63301046025316650388320453957892e-04
7.12500000000000000000000000000000e+01,-1.10876572935152095675022738997250e-03,1.55847746058085943064476312740512e-04,-1.16111064870803827821585763760398e-03,7.70269181846085875793001798903920e-04
7.13000000000000000000000000000002e+01,-1.10067563638595644092981486335660e-03,1.67720283008575642712345878153183e-04,-1.12243410116013635178735959460699e-03,7.76703957443981548948487399067816e-04
7.13499999999999999999999999999987e+01,-1.09199729136980895995624461141485e-03,1.79376988600004693356112296612816e-04,-1.08344912383213184071569271234488e-03,7.82606614548259377261575319737602e-04
7.13999999999999999999999999999999e+01,-1.08274161104101951554755057520546e-03,1.90812886224664189490966311353625e-04,-1.04418228513449860839783430343901e-03,7.87978704975827388073151148063475e-04
7.14499999999999999999999999999999e+01,-1.07291975643391202820861048213091e-03,2.02023180834019628762080333631210e-04,-1.00466006821603257561725404158880e-03,7.92822086706251039858551642887907e-04
7.14999999999999999999999999999998e+01,-1.06254312377188241386900654272070e-03,2.13003260092488882097456679696135e-04,-9.64908855756927440091163829856223e-04,7.97138919809256414460578171930391e-04
7.15500000000000000000000000000003e+01,-1.05162333530544324432562637510807e-03,2.23748695409528253842111011443781e-04,-9.24954914969081985266502077295722e-04,8.00931662228616528770333211587535e-04
7.15999999999999999999999999999987e+01,-1.04017223010169519258165481445565e-03,2.34255242850573805930194392203625e-04,-8.84824382810721656995897584109196e-04,8.04203065426355316170376029221898e-04
7.16499999999999999999999999999997e+01,-1.02820185479126739998889149908905e-03,2.44518843927453169924433768081211e-04,-8.44543251422219180951412907690263e-04,8.06956169891250481901464822594924e-04
7.16999999999999999999999999999999e+01,-1.01572445427873646098533143001875e-03,2.54535626268950093009542842103976e-04,-8.04137353789798826639145504186309e-04,8.09194300515660231592527784826156e-04
7.17500000000000000000000000000001e+01,-1.00275246242249795532177361824536e-03,2.64301904172269928089569908400431e-04,-7.63632349643606638581845386451457e-04,8.10921061844739809524758596450399e-04
7.18000000000000000000000000000001e+01,-9.89298492690025420646642268730610e-04,2.73814179036219154282123301067847e-04,-7.23053711596424694465536073656344e-04,8.12140333202151865525908805712116e-04
7.18499999999999999999999999999986e+01,-9.75375328794409405286814251064210e-04,2.83069139676975773539531158054621e-04,-6.82426711529101356445977373644393e-04,8.12856263696409901152549204994968e-04
7.18999999999999999999999999999995e+01,-9.60995915318023828559224603459729e-04,2.92063662527390044021885604976622e-04,-6.41776407228561697763686469819390e-04,8.13073267112026433141372082788751e-04
7.19500000000000000000000000000000e+01,-9.46173348329118361876473121410791e-04,3.00794811720816454320161796320133e-04,-6.01127629284052954356236963025793e-04,8.12796016689667062783153629256615e-04
7.19999999999999999999999999999999e+01,-9.30920865997083987492579561021023e-04,3.09259839060538088763964190534794e-04,-5.60504968247069111887265916082293e-04,8.12029439799538363324285230577929e-04
7.20500000000000000000000000000001e+01,-9.15251839212084353466946514862352e-04,3.17456183875903557903667325840645e-04,-5.19932762060186733624543756206448e-04,8.10778712512261404780637983226780e-04
7.20999999999999999999999999999987e+01,-8.99179762214688085022809915869625e-04,3.25381472766354445863692723813678e-04,-4.79435083759831004393571143136564e-04,8.09049254071503839304809476715823e-04
7.21499999999999999999999999999998e+01,-8.82718243241076896832115352568881e-04,3.33033519234577734638146946761030e-04,-4.39035729457776850235564545766043e-04,8.06846721272661784703374336687204e-04
7.21999999999999999999999999999998e+01,-8.65880995189341241887515527425891e-04,3.40410323210072882545727448272150e-04,-3.98758206605975031486457724294534e-04,8.04177002751898284629699800071825e-04
7.22500000000000000000000000000002e+01,-8.48681826312309395614723398247404e-04,3.47510070464477138973813843556891e-04,-3.58625722549077437016782689158690e-04,8.01046213189857908681010804479887e-04
7.23000000000000000000000000000002e+01,-8.31134630942287374850759650986481e-04,3.54331131920045250214459911764523e-04,-3.18661173368819566678417455420066e-04,7.97460687434387102908075519306956e-04
7.23499999999999999999999999999986e+01,-8.13253380253015997357084606701918e-04,3.60872062852730932619611393128119e-04,-2.78887133024201513963493915179971e-04,7.93426974546597231380236281002897e-04
7.23999999999999999999999999999996e+01,-7.95052113064077766667939870767207e-04,3.67131601991367341473466304647909e-04,-2.39325842791191786813293961265965e-04,7.88951831774611884164877931405376e-04
7.24499999999999999999999999999998e+01,-7.76544926692910188185376969339172e-04,3.73108670514492229894672252614103e-04,-1.99999201005461165618736887115604e-04,7.84042218459341989528286475356402e-04
7.25000000000000000000000000000000e+01,-7.57745967859503655240314119502414e-04,3.78802370946410555743442694112442e-04,-1.60928753111436626734635481360154e-04,7.78705289876631582888116824751845e-04
7.25500000000000000000000000000002e+01,-7.38669423648781258835119982727993e-04,3.84211985954132940927780327648226e-04,-1.22135682020748289031362909363876e-04,7.72948391020113777956417954859903e-04
7.25999999999999999999999999999987e+01,-7.19329512535574843183662449690873e-04,3.89336977046872602693352174343777e-04,-8.36407987829255005449608538277906e-05,7.66779050329110583853726623295187e-04
7.26499999999999999999999999999999e+01,-6.99740475477026422859625492228865e-04,3.94176983179826147462124318415163e-04,-4.54645335709817011798740707572837e-05,7.60204973365901744304448606555487e-04
7.26999999999999999999999999999999e+01,-6.79916567077156768867307729281509e-04,3.98731819264004932577286883322382e-04,-7.62692698431170322741704781841237e-06,7.53234036446676771174975637757136e-04
7.27499999999999999999999999999998e+01,-6.59872046828253633349091629323549e-04,4.03001474583923548938171776102580e-04,2.98523783288903497752248002149932e-05,7.45874280230470835669814817096676e-04
7.28000000000000000000000000000003e+01,-6.39621170433640789552294945822936e-04,4.06986111124990347987742318139270e-04,6.69541457276987291537790894944962e-05,7.38133903270369198755388639618336e-04
7.28499999999999999999999999999987e+01,-6.19178181216295889181373156695590e-04,4.10686061812481820858964091219851e-04,1.03659552311229739101980718588308e-04,7.30021255531246441319661214301645e-04
7.28999999999999999999999999999997e+01,-5.98557301617690157870276093484932e-04,4.14101828664018027695744678371064e-04,1.39950196326554175814214249265536e-04,7.21544831878285928835850714968582e-04
7.29499999999999999999999999999999e+01,-5.77772724791126236110367044028260e-04,4.17234080857490164223397627122778e-04,1.75808104250393298617641661957158e-04,7.12713265540501750639542856921046e-04
7.30000000000000000000000000000001e+01,-5.56838606293752102774203206301705e-04,4.20083652716423734514610798846336e-04,2.11215737543453467425256819194734e-04,7.03535321553459847199275208625710e-04
7.30500000000000000000000000000001e+01,-5.35769055881329066874765162228496e-04,4.22651541614791668512767343979206e-04,2.46155999076463750429425104816266e-04,6.94019890185367217866481678364034e-04
7.30999999999999999999999999999986e+01,-5.14578129409730356112731573548904e-04,4.24938905803321076132520007487430e-04,2.80612239227188507962999753821830e-04,6.84175980350668025460432930456707e-04
7.31499999999999999999999999999995e+01,-4.93279820847043943991626208239400e-04,4.26947062159365163511869994084531e-04,3.14568261647893101104193387233474e-04,6.74012713015253122596425551183416e-04
7.32000000000000000000000000000000e+01,-4.71888054400049016856160032097049e-04,4.28677483862438149043569159809337e-04,3.48008328702945347144160239590859e-04,6.63539314597355058776291511187777e-04
7.32499999999999999999999999999999e+01,-4.50416676758729964253201909992207e-04,4.30131797997535805909754875583670e-04,3.80917166576438040791817161873149e-04,6.52765110368164028727089586871377e-04
7.33000000000000000000000000000001e+01,-4.28879449462385056687395953809316e-04,4.31311783088387523657196189947874e-04,4.13279970049918674390143313080627e-04,6.41699517856161533982630451069246e-04
7.33499999999999999999999999999987e+01,-4.07290041390779130297519922758923e-04,4.32219366562807524478555390692444e-04,4.45082406950511319049185134985559e-04,6.30352040259127794793176118054271e-04
7.33999999999999999999999999999998e+01,-3.85662021383680704315547483516553e-04,4.32856622152333091817557282427833e-04,4.76310622269912370248012237191416e-04,6.18732259867736212480437771923452e-04
7.34499999999999999999999999999998e+01,-3.64008850992014090390230266770167e-04,4.33225767228356372105608715596989e-04,5.06951241954936417143397604199490e-04,6.06849831504603488471628677408157e-04
7.35000000000000000000000000000002e+01,-3.42343877363746288820054360991746e-04,4.33329160076973498169452062202093e-04,5.36991376370480767845583939599929e-04,5.94714475982617401341248071594216e-04
7.35500000000000000000000000000002e+01,-3.20680326267516881118495828631059e-04,4.33169297114790459311049712956403e-04,5.66418623435967058892383980848087e-04,5.82335973586315773870601969514213e-04
7.35999999999999999999999999999986e+01,-2.99031295256906796568264713267063e-04,4.32748810047939313310331901155838e-04,5.95221071436505804030825800625131e-04,5.69724157580039875690528390672049e-04
7.36499999999999999999999999999996e+01,-2.77409746978128827676893564354683e-04,4.32070462976571005556827800676702e-04,6.23387301510214605540017521896198e-04,5.56888907746533451434540623376866e-04
7.36999999999999999999999999999998e+01,-2.55828502623809170572636481871412e-04,4.31137149447102236944059559775871e-04,6.50906389813302973451277473124149e-04,5.43840143959604788039002558201888e-04
7.37500000000000000000000000000000e+01,-2.34300235535415145866949085706158e-04,4.29951889454503512664018594148937e-04,6.77767909364716189334828226277505e-04,5.30587819794413786999346257369552e-04
7.38000000000000000000000000000002e+01,-2.12837464956769687446751104095190e-04,4.28517826396923717045641492055384e-04,7.03961931572307329488840719131331e-04,5.17141916178888937680793735278437e-04
7.38499999999999999999999999999987e+01,-1.91452549940978244693431555125059e-04,4.26838223984953304330563713721429e-04,7.29479027442680347544129007557064e-04,5.03512435089720446346091205357315e-04
7.38999999999999999999999999999999e+01,-1.70157683412978500921326342314201e-04,4.24916463107833481810400324511324e-04,7.54310268477017931363858695600974e-04,4.89709393296315613027217380985810e-04
7.39499999999999999999999999999999e+01,-1.48964886389807840029713250103699e-04,4.22756038658922600887340900535515e-04,7.78447227255375618892029316648748e-04,4.75742816156040915791824698972309e-04
7.39999999999999999999999999999998e+01,-1.27886002360567866552143146741442e-04,4.20360556322733374961519569814466e-04,8.01881977712088310070053458565313e-04,4.61622731464012210795301640452570e-04
7.40500000000000000000000000000003e+01,-1.06932691827949572949166166593429e-04,4.17733729325855522950741772609138e-04,8.24607095105096777462385506928761e-04,4.47359163360630038585868609873653e-04
7.40999999999999999999999999999987e+01,-8.61164270130670229727370244329315e-05,4.14879375154078006811515571298256e-04,8.46615655682159989774106207119735e-04,4.32962126299991294591317685936021e-04
7.41499999999999999999999999999997e+01,-6.54484867252317514069655261909797e-05,4.11801412238023204485590471044861e-04,8.67901236047073955584797018715350e-04,4.18441619082241527003649992300050e-04
7.41999999999999999999999999999999e+01,-4.49399513981845379251217952109031e-05,4.08503856609602150788801885131718e-04,8.88457912229169307571796999040445e-04,4.03807618952863921092653410179755e-04
7.42500000000000000000000000000001e+01,-2.46016982941858649167933429737176e-05,4.04990818531595403133784621540914e-04,9.08280258459507921100672472167712e-04,3.89070075771831668246636435118412e-04
7.43000000000000000000000000000001e+01,-4.44439687725128387230797762252993e-06,4.01266499102658162563446107044035e-04,9.27363345657343438821256213305193e-04,3.74238906255479953873674254833584e-04
7.43499999999999999999999999999986e+01,1.55214956432968406087045038222539e-05,3.97335186840041019963737860222406e-04,9.45702739630551600983567719719353e-04,3.59323988293882283971778194004189e-04
7.43999999999999999999999999999995e+01,3.52857385979040996102530518945000e-05,3.93201254242309119768795702785976e-04,9.63294498993873708405751496552821e-04,3.44335155346443359085934211155615e-04
7.44500000000000000000000000000000e+01,5.48383119695421099819191901969117e-05,3.88869154334332656849396051720053e-04,9.80135172808950322884403384930809e-04,3.29282190918347249997655219405637e-04
7.44999999999999999999999999999999e+01,7.41694203333200463350337755011058e-05,3.84343417196810465084021130491792e-04,9.96221797950252392510552254380894e-04,3.14174823120425285378133060171277e-04
7.45500000000000000000000000000001e+01,9.32694966222325782384981567246126e-05,3.79628646482576037446893198114631e-04,1.01155189620114333369407138284014e-03,2.99022719314932881341786843772764e-04
7.45999999999999999999999999999987e+01,1.12129205718439286498098589071605e-04,3.74729515921921656986704677571323e-04,1.02612347108442816723537536987085e-03,2.83835480849648579915824787431156e-04
7.46499999999999999999999999999998e+01,1.30739447869582049353845937078875e-04,3.69650765819161436054295407657406e-04,1.03993500443186455472260484172533e-03,2.68622637882631871404199750316323e-04
7.46999999999999999999999999999998e+01,1.49091361929757532172476857610018e-04,3.64397199542637978353097653729764e-04,1.05298545269722547875562711363565e-03,2.53393644299899007907889131373696e-04
7.47500000000000000000000000000002e+01,1.67176328424871723238999686740341e-04,3.58973680010360116145277923551782e-04,1.06527424301761432355493355293961e-03,2.38157872728198025198994979400349e-04
7.48000000000000000000000000000002e+01,1.84985972442212375132683539459335e-04,3.53385126173440755069691545391198e-04,1.07680126902784021161700942568056e-03,2.22924609644985630928089414751155e-04
7.48499999999999999999999999999986e+01,2.02512166344183178583137525894932e-04,3.47636509499484303824951652780438e-04,1.08756688643276461009675645291451e-03,2.07703050587629541799118468847276e-04
7.48999999999999999999999999999996e+01,2.19747032306250457442413675712062e-04,3.41732850458052498222663488751010e-04,1.09757190834262941304732886811506e-03,1.92502295463780313702386418732202e-04
7.49499999999999999999999999999998e+01,2.36682944679259074431100539105098e-04,3.35679215010315672054619836938406e-04,1.10681760037647191067940194826110e-03,1.77331343964776759453737987777220e-04
7.50000000000000000000000000000000e+01,2.53312532176379023744389687910242e-04,3.29480711104973704509002543905159e-04,1.11530567553882325519020648013380e-03,1.62199091083868741089169223097263e-04
7.50500000000000000000000000000002e+01,2.69628679885047805756040691069452e-04,3.23142485182507009594194152283156e-04,1.12303828887497420784246087529271e-03,1.47114322740960509663732538337942e-04
7.50999999999999999999999999999987e+01,2.85624531104376079465944803650083e-04,3.16669718689793051660027458407841e-04,1.13001803191017508982441400564214e-03,1.32085711515496896940891412160856e-04
7.51499999999999999999999999999999e+01,3.01293489008585219765763547629759e-04,3.10067624607097997497394164635656e-04,1.13624792687821594855284528397108e-03,1.17121812489033591628418281164055e-04
7.51999999999999999999999999999999e+01,3.16629218137145220063708545073349e-04,3.03341443989426274858513553246766e-04,1.14173142074490798260988879205072e-03,1.02231059198951508942574803691770e-04
7.52499999999999999999999999999998e+01,3.31625645712379828599835460485111e-04,2.96496442524183025121888988134440e-04,1.14647237903205823609207461621930e-03,8.74217597046939368874941629528286e-05
7.53000000000000000000000000000003e+01,3.46276962785402842468758428319583e-04,2.89537907107075740099265016852770e-04,1.15047507944759647297678314949562e-03,7.27020927678237659192008213310150e-05
7.53499999999999999999999999999987e+01,3.60577625211345061820167980217989e-04,2.82471142438151785820683944511427e-04,1.15374420532757597285684754018930e-03,5.80801041471167303690489286054862e-05
7.53999999999999999999999999999997e+01,3.74522354454925484117554416011210e-04,2.75301467639838065996358182929216e-04,1.15628483889582875221320540440983e-03,4.35637030098252593969736885074420e-05
7.54499999999999999999999999999999e+01,3.88106138227512852220344205019956e-04,2.68034212898817791464964139456713e-04,1.15810245434711041389407667387938e-03,2.91606584601663010949955078938314e-05
7.55000000000000000000000000000001e+01,4.01324230956914619274988938402380e-04,2.60674716133547226269460614797273e-04,1.15920291075962046767802433017377e-03,1.48785961860053939021204191866701e-05
7.55500000000000000000000000000001e+01,4.14172154091219718171579801028242e-04,2.53228319689182403255707538401550e-04,1.15959244484283055514644203003263e-03,7.24995224628362407318258360869929e-07
7.55999999999999999999999999999986e+01,4.26645696238109185224939826552629e-04,2.45700367061652169679690056845852e-04,1.15927766352659556337742598192805e-03,-1.32928151515886429837848570758879e-05
7.56499999999999999999999999999995e+01,4.38740913141134649729113175657225e-04,2.38096199652579563843246625172329e-04,1.15826553639756113733710578853383e-03,-2.71676584288804146504705686321390e-05
7.57000000000000000000000000000000e+01,4.50454127494548927452789460715447e-04,2.30421153556718465038533628575257e-04,1.15656338798891561573587718926955e-03,-4.08925137245149564838165398746992e-05
7.57499999999999999999999999999999e+01,4.61781928598355412724680435998739e-04,2.22680556383536729008135225336043e-04,1.15417888992956493726361984213921e-03,-5.44605185373661071922317447484167e-05
7.58000000000000000000000000000001e+01,4.72721171855323617636980025648886e-04,2.14879724114540647800245548520550e-04,1.15112005295883561349372137660422e-03,-6.78649713761451135239802984240478e-05
7.58499999999999999999999999999987e+01,4.83268978111797026613645064587009e-04,2.07023957997898584517591223611701e-04,1.14739521881283346353648150387944e-03,-8.10993342648785240209489860712919e-05
7.58999999999999999999999999999998e+01,4.93422732844196390102894993646302e-04,1.99118541481884058328978352459420e-04,1.14301305198860447809151595433844e-03,-9.41572351252980403913560526901654e-05
7.59499999999999999999999999999998e+01,5.03180085193196643832027857672867e-04,1.91168737188620421623172588222322e-04,1.13798253139225895340104911352773e-03,-1.07032470035885678790564268056190e-04
7.60000000000000000000000000000002e+01,5.12538946847628782700612730507630e-04,1.83179783929570607793294617225681e-04,1.13231294187723093735139288880001e-03,-1.19719005367394715501737856924914e-04
7.60500000000000000000000000000002e+01,5.21497490780229215202733933863893e-04,1.75156893764176263352544932360305e-04,1.12601386567885209128577583087536e-03,-1.32210979794743379745556030043514e-04
7.60999999999999999999999999999986e+01,5.30054149837428350903808082153058e-04,1.67105249103010940436942768235218e-04,1.11909517375142232468425671855204e-03,-1.44502706185254070432517203212536e-04
7.61499999999999999999999999999996e+01,5.38207615185437407023470702480305e-04,1.59029999856771943799696619765486e-04,1.11156701701395904043157241126866e-03,-1.56588673363285974209485029743991e-04
7.61999999999999999999999999999998e+01,5.45956834614957639091599138307263e-04,1.50936260632394928692630986503308e-04,1.10343981751080257257671122195239e-03,-1.68463547751383310562169856675457e-04
7.62500000000000000000000000000000e+01,5.53301010706899384875089326259851e-04,1.42829107977534461088935427464384e-04,1.09472425949324744484253920929908e-03,-1.80122174888134988262058809766126e-04
7.63000000000000000000000000000002e+01,5.60239598861559441669323847488640e-04,1.34713577674612508015368847209370e-04,1.08543128042835746709048383898585e-03,-1.91559580823014189176367613446503e-04
7.63499999999999999999999999999987e+01,5.66772305193764357384153614824845e-04,1.26594662085595251761407729980726e-04,1.07557206194110746072898175359672e-03,-2.02770973388538264335199075661044e-04
7.63999999999999999999999999999999e+01,5.72899084296544189823213452098680e-04,1.18477307548616745774430846008997e-04,1.06515802069597560670121268780110e-03,-2.13751743350160297982998763746809e-04
7.64499999999999999999999999999999e+01,5.78620136875956161766691645329166e-04,1.10366411827525780399971541975229e-04,1.05420079922408808696106369128911e-03,-2.24497465434373733825694672129576e-04
7.64999999999999999999999999999998e+01,5.83935907259730398941152521516470e-04,1.02266821615389931443024249565945e-04,1.04271225670199188970276949767813e-03,-2.35003899235580530409312943136869e-04
7.65500000000000000000000000000003e+01,5.88847080782460572120451518312634e-04,9.41833300929481518451700490414938e-05,1.03070445968810241915368373169143e-03,-2.45266990002341387025322431685656e-04
7.65999999999999999999999999999987e+01,5.93354581050110763272271619256294e-04,8.61206745429604644876284341685507e-05,1.01818967282283994317794639185424e-03,-2.55282869303693626144598300834639e-04
7.66499999999999999999999999999997e+01,5.97459567086656230059339695993103e-04,7.80835340213603499810429247094707e-05,1.00518034949843297853446883964264e-03,-2.65047855576288302475290840805854e-04
7.66999999999999999999999999999999e+01,6.01163430365719945719658397269841e-04,7.00765270860723248561537305024635e-05,9.91689122504327508158333542708447e-04,-2.74558454553163002596708666074586e-04
7.67500000000000000000000000000001e+01,6.04467791730108836356579510503554e-04,6.21042095843140002060593276481590e-05,9.77728794654098502525628037407898e-04,-2.83811359575030573964295935767502e-04
7.67999999999999999999999999999996e+01,6.07374498202193520301762816277973e-04,5.41710724991586257294781638604054e-05,9.63312329399714634668164749885628e-04,-2.92803451785026650086980970437763e-04
7.68499999999999999999999999999986e+01,6.09885619688113071160129480329368e-04,4.62815398560907862481355216815790e-05,9.48452841438958393743870053316867e-04,-3.01531800207920292986686764666386e-04
7.68999999999999999999999999999995e+01,6.12003445578821875436393629618764e-04,3.84399666902445538526981970232489e-05,9.33163587321752074577094716254360e-04,-3.09993661714852328768712461753564e-04
7.69500000000000000000000000000000e+01,6.13730481251029036638786719247734e-04,3.06506370749700353590895745890348e-05,9.17457956061085410867177752707945e-04,-3.18186480874724982344450405297832e-04
7.69999999999999999999999999999999e+01,6.15069444471111991136367875094352e-04,2.29177622123309179615929991037546e-05,9.01349459754182989651085234542075e-04,-3.26107889693424199118957225709286e-04
7.70499999999999999999999999999994e+01,6.16023261705115048795873407844560e-04,1.52454785860923318114022547839095e-05,8.84851724219489097096787887667237e-04,-3.33755707242112551835780394321800e-04
7.70999999999999999999999999999987e+01,6.16595064337970456817429979758473e-04,7.63784617771514240645368272419590e-06,8.67978479654984364920907666596512e-04,-3.41127939175885847801148573316697e-04
7.71499999999999999999999999999998e+01,6.16788184805104312777190442240576e-04,9.88467458296835320848646386672817e-08,8.50743551323282577862834095619359e-04,-3.48222777144140454424376307819177e-04
7.71999999999999999999999999999998e+01,6.16606152639612228482038713982750e-04,-7.36761783038103188376933905254530e-06,8.33160850268887331927083447922277e-04,-3.55038598094050929443653958624499e-04
7.72500000000000000000000000000002e+01,6.16052690438210076905698314804206e-04,-1.47577271435014054880129910835840e-05,8.15244364072916967718631407889290e-04,-3.61573963468608757388647677192743e-04
7.72999999999999999999999999999992e+01,6.15131709749183448495116808201221e-04,-2.20677437855620761819074920253018e-05,7.97008147650532411258122918227997e-04,-3.67827618300722837797541890782476e-04
7.73499999999999999999999999999986e+01,6.13847306885575610011812117749160e-04,-2.92940148107753360241464938514634e-05,7.78466314096226305164311705774970e-04,-3.73798490204930826493231325137770e-04
7.73999999999999999999999999999996e+01,6.12203758666867809501189230155045e-04,-3.64329731330672177319222758024505e-05,7.59633025582053175841934380784262e-04,-3.79485688268317482871726413754874e-04
7.74499999999999999999999999999998e+01,6.10205518092417716837297779051203e-04,-4.34811388581882971429453174222146e-05,7.40522484313799427899497953373596e-04,-3.84888501842281808709388741679105e-04
7.75000000000000000000000000000000e+01,6.07857209949931643603699723374543e-04,-5.04351205502269468738665834029287e-05,7.21148923550008756750900962209512e-04,-3.90006399236838963501162814383433e-04
7.75499999999999999999999999999994e+01,6.05163626362253963015674662190185e-04,-5.72916164323901755592343073431290e-05,7.01526598688693196207774397481034e-04,-3.94839026319185694847992661649653e-04
7.75999999999999999999999999999987e+01,6.02129722275762865458118160161783e-04,-6.40474155219582682658887448748273e-05,6.81669778426472542448846803430580e-04,-3.99386205018299317966450335440179e-04
7.76499999999999999999999999999999e+01,5.98760610893665254401059263030421e-04,-7.06993986993601861396894670644978e-05,6.61592735994795392234070328060806e-04,-4.03647931737380105043075416891528e-04
7.76999999999999999999999999999999e+01,5.95061559057485228434878317656190e-04,-7.72445397113570656563683636837505e-05,6.41309740477803575313085704782003e-04,-4.07624375675985292940345582037716e-04
7.77499999999999999999999999999998e+01,5.91037982580040226473598436699037e-04,-8.36799061083611590394218639200650e-05,6.20835048216308422831442986025918e-04,-4.11315877063739777711833176280775e-04
7.77999999999999999999999999999993e+01,5.86695441533196554378716046870111e-04,-9.00026601159571569290446301124141e-05,6.00182894302252169759167244025136e-04,-4.14722945307543928519052364441740e-04
7.78499999999999999999999999999987e+01,5.82039635493691682945963778580686e-04,-9.62100594407320121298782967592468e-05,5.79367484167930914924620217730358e-04,-4.17846257054232814862030472836344e-04
7.78999999999999999999999999999997e+01,5.77076398750304430955415708757454e-04,-1.02299458010558119571736610907264e-04,5.58402985274157032427555756929484e-04,-4.20686654170673493516953165545075e-04
7.79499999999999999999999999999999e+01,5.71811695475645945365360078621800e-04,-1.08268306649512983281582237578796e-04,5.37303518901438818601029247711251e-04,-4.23245141643317840165724334139294e-04
7.80000000000000000000000000000001e+01,5.66251614865834287234992450248007e-04,-1.14114153687656297444800891539445e-04,5.16083152048153545093060096004440e-04,-4.25522885399257731317222526741918e-04
7.80499999999999999999999999999996e+01,5.60402366251303451018216775173781e-04,-1.19834645505922667257314550275420e-04,4.94755889439587047026677618734784e-04,-4.27521210050857181629769366489083e-04
7.80999999999999999999999999999986e+01,5.54270274181983811810373725876867e-04,-1.25427527016424978442480476192185e-04,4.73335665651608581684852647726507e-04,-4.29241596566062317970931162659434e-04
7.81499999999999999999999999999995e+01,5.47861773490075336158909711797484e-04,-1.30890642078499674716949883958577e-04,4.51836337352644023953767593084141e-04,-4.30685679866514823259231940811525e-04
7.82000000000000000000000000000000e+01,5.41183404333617434228551070504967e-04,-1.36221933850860903316594292745621e-04,4.30271675667503596081195223630217e-04,-4.31855246355617710022211244793364e-04
7.82499999999999999999999999999999e+01,5.34241807224040102330834211977043e-04,-1.41419445080265623611958472376464e-04,4.08655358666512337395570420453525e-04,-4.32752231378723986301810432702334e-04
7.82999999999999999999999999999994e+01,5.27043718040860033779996414475948e-04,-1.46481318327126327028452109973119e-04,3.87000963983282480660562750809653e-04,-4.33378716617638956583071476331673e-04
7.83499999999999999999999999999987e+01,5.19595963036662692193948599655798e-04,-1.51405796128541972621949146878972e-04,3.65321961564356891784706847545921e-04,-4.33736927421645560264036744902076e-04
7.83999999999999999999999999999998e+01,5.11905453835486974945155462852967e-04,-1.56191221099251086938860132061139e-04,3.43631706553841824596159540250489e-04,-4.33829230077279293168488022049030e-04
7.84499999999999999999999999999998e+01,5.03979182427703076434040798569778e-04,-1.60836035971043694919442748427761e-04,3.21943432316035518069726327794289e-04,-4.33658129019094887959529057223588e-04
7.85000000000000000000000000000002e+01,4.95824216164446522860941732811096e-04,-1.65338783571200826811374964154436e-04,3.00270243598946695264279542399904e-04,-4.33226263983681052146508668723928e-04
7.85499999999999999999999999999992e+01,4.87447692754642124541174058216566e-04,-1.69698106740561771096917976878796e-04,2.78625109841483886524015570099014e-04,-4.32536407109192183659137468752752e-04
7.85999999999999999999999999999986e+01,4.78856815267620811520369483200777e-04,-1.73912748191850002575963946652996e-04,2.57020858626982769127337719832491e-04,-4.31591459982677110510908956314263e-04
7.86499999999999999999999999999996e+01,4.70058847144300016905919319528739e-04,-1.77981550308918795791145868660209e-04,2.35470169285624466081144962533235e-04,-4.30394450637494540548109835623578e-04
7.86999999999999999999999999999999e+01,4.61061107219864484133775325487130e-04,-1.81903454887606925261939442739969e-04,2.13985566648183052300933650247869e-04,-4.28948530503113068166072140669984e-04
7.87500000000000000000000000000000e+01,4.51870964760849134106807999101611e-04,-1.85677502818923544375649129357731e-04,1.92579414953425450688709636395054e-04,-4.27256971309600276469328801751889e-04
7.87999999999999999999999999999994e+01,4.42495834519488971083716975287578e-04,-1.89302833715309313660356559786397e-04,1.71263911911371536836619846205020e-04,-4.25323161949110705755145047041277e-04
7.88499999999999999999999999999987e+01,4.32943171808162968195301071144367e-04,-1.92778685480748106467923958011588e-04,1.50051082924506681935189149014430e-04,-4.23150605296686243294571196683261e-04
7.88999999999999999999999999999999e+01,4.23220467596719490837068060992919e-04,-1.96104393825530146287743665737619e-04,1.28952775468923221078277644701922e-04,-4.20742914992684836827504064943890e-04
7.89499999999999999999999999999999e+01,4.13335243635430125716490561432155e-04,-1.99279391726493215992231956649905e-04,1.07980653637251510057759433109000e-04,-4.18103812189154357391320073548878e-04
7.89999999999999999999999999999998e+01,4.03295047606276822239224441621072e-04,-2.02303208833593616815469886209612e-04,8.71461928451253988155936167316429e-05,-4.15237122262467949221974128772651e-04
7.90499999999999999999999999999993e+01,3.93107448305234058830861651554957e-04,-2.05175470823682835853136447708568e-04,6.64606747028111741795152973537993e-05,-4.12146771494535319384908906153499e-04
7.90999999999999999999999999999987e+01,3.82780030858163357722207551328621e-04,-2.07895898702389397944348491063636e-04,4.59351820535133778491156152996235e-05,-4.08836783724901152105491707329379e-04
7.91499999999999999999999999999997e+01,3.72320391972891926046292528465384e-04,-2.10464308055028124085775046751430e-04,2.55805941797554565724899245438898e-05,-4.05311276976037197766041924963176e-04
7.91999999999999999999999999999999e+01,3.61736135230000537504130799117885e-04,-2.12880608247480987697914865429416e-04,5.40758217911801802916943045778562e-06,-4.01574460054128600190173041491631e-04
7.92500000000000000000000000000001e+01,3.51034866414798026357040749405999e-04,-2.15144801578014946304633186993709e-04,-1.45733954894973847332657044129648e-05,-3.97630629127647704780563965548907e-04
7.92999999999999999999999999999996e+01,3.40224188892910983376759636877732e-04,-2.17256982381022524219565836169033e-04,-3.43520972880254690676746650883109e-05,-3.93484164285999951596420951901184e-04
7.93499999999999999999999999999986e+01,3.29311699031867461162106458307807e-04,-2.19217336083690526902169044818376e-04,-5.39185027088759545777773614037505e-05,-3.89139526080516519465733415461189e-04
7.93999999999999999999999999999995e+01,3.18304981671002753668689870344179e-04,-2.21026138216621075520915848177467e-04,-7.32628162112277850423795700126937e-05,-3.84601252050057168252901986168757e-04
7.94500000000000000000000000000000e+01,3.07211605641963651850759347126131e-04,-2.22683753379447157231430587789132e-04,-9.23754709832656799438147204222360e-05,-3.79873953233474245569233899573302e-04
7.94999999999999999999999999999999e+01,2.96039119342035034108918957470453e-04,-2.24190634162502089551708196881281e-04,-1.11247132529758065490375318358266e-04,-3.74962310671175101226517182198586e-04
7.95499999999999999999999999999994e+01,2.84795046362459267047898209232287e-04,-2.25547320025618693319093984363647e-04,-1.29868702084486928599342206892350e-04,-3.69871071898005207858801956285934e-04
7.95999999999999999999999999999987e+01,2.73486881173864709269705336369071e-04,-2.26754436135149555881030363181217e-04,-1.48231319847150853525190613495277e-04,-3.64605047429658140185400649311800e-04
7.96499999999999999999999999999998e+01,2.62122084870864669049501507913105e-04,-2.27812692160314542749527974249988e-04,-1.66326368044472380154094912748122e-04,-3.59169107244801239696263243043325e-04
7.96999999999999999999999999999998e+01,2.50708080977832506324708949874546e-04,-2.28722881029995680789333074663097e-04,-1.84145473815349806998059578787177e-04,-3.53568177265087307955127509160503e-04
7.97500000000000000000000000000002e+01,2.39252251317802231077347067959556e-04,-2.29485877651112688465096723799842e-04,-2.01680511920001593271590650973540e-04,-3.47807235835203052572451780718017e-04
7.97999999999999999999999999999992e+01,2.27761931946386974530399374136021e-04,-2.30102637589724768594507866677524e-04,-2.18923607273158536911203087941808e-04,-3.41891310205084278007558404462518e-04
7.98499999999999999999999999999986e+01,2.16244409152550137231266882213730e-04,-2.30574195716015806786757911141693e-04,-2.35867137301464863945492584883873e-04,-3.35825473016405991979932682202807e-04
7.98999999999999999999999999999996e+01,2.04706915528005889649715247991945e-04,-2.30901664814330835122114023414182e-04,-2.52503734125354205357319614847839e-04,-3.29614838795432711100902814730733e-04
7.99499999999999999999999999999999e+01,1.93156626106967056911045031821102e-04,-2.31086234159441526966009024377101e-04,-2.68826286565770107811574556248196e-04,-3.23264560454290320493489161548498e-04
8.00000000000000000000000000000000e+01,1.81600654577899300176525357546325e-04,-2.31129168060227586905938936160941e-04,-2.84827941976203172879491368333354e-04,-3.16779825802695896162815520513536e-04
8.00499999999999999999999999999990e+01,1.70046049568880953329789642142635e-04,-2.31031804371969191921010238043714e-04,-3.00502107900618095436234145101039e-04,-3.10165854072155960604451585106401e-04
8.00999999999999999999999999999987e+01,1.58499791008107925262069622186370e-04,-2.30795552978453128779280370148154e-04,-3.15842453557943726758892689270370e-04,-3.03427892454616736846585288879236e-04
8.01499999999999999999999999999999e+01,1.46968786561022775254590704215361e-04,-2.30421894245101961505834243597145e-04,-3.30842911153897773794776267647901e-04,-2.96571212657522119409279455158138e-04
8.01999999999999999999999999999999e+01,1.35459868145486451645569029418321e-04,-2.29912377444341455228961517645859e-04,-3.45497677021014816680599851904087e-04,-2.89601107477206318448829164856899e-04
8.02499999999999999999999999999998e+01,1.23979788526350291860485233555633e-04,-2.29268619154426582895780014493166e-04,-3.59801212587841936751045366517202e-04,-2.82522887392518481860491999440835e-04
8.02999999999999999999999999999998e+01,1.12535217990724754479883077167409e-04,-2.28492301632950753797095749852383e-04,-3.73748245178360353177858021732990e-04,-2.75341877180546085847404601517246e-04
8.03499999999999999999999999999987e+01,1.01132741105180030582927074942228e-04,-2.27585171166266432533969747624173e-04,-3.87333768642784025557901557865288e-04,-2.68063412556272534203027083820762e-04
8.03999999999999999999999999999997e+01,8.97788535560522011417186734725181e-05,-2.26549036396048069402650064017422e-04,-4.00553043820977151095309588839810e-04,-2.60692836837972247322807022279586e-04
8.04499999999999999999999999999999e+01,7.84799590739670084743885600339960e-05,-2.25385766624230243997400065080715e-04,-4.13401598839821828730901119223741e-04,-2.53235497640113581011151656783179e-04
8.04999999999999999999999999999996e+01,6.72423664436316311160326607381942e-05,-2.24097290097555139371559057980316e-04,-4.25875229245954840261250803014683e-04,-2.45696743595506219946151181293990e-04
8.05499999999999999999999999999996e+01,5.60722865998831310353233968312039e-05,-2.22685592272963920999188018286213e-04,-4.37969997975378473138166661635250e-04,-2.38081921108395268862753895539639e-04
8.05999999999999999999999999999986e+01,4.49758298109205176686942527010493e-05,-2.21152714065066300081955566838328e-04,-4.49682235161534545611988600510777e-04,-2.30396371140169143944650172904397e-04
8.06499999999999999999999999999995e+01,3.39590029495856821592793464560872e-05,-2.19500750076921521874963479664135e-04,-4.61008537783513257939658999045083e-04,-2.22645426029312575560306558422296e-04
8.07000000000000000000000000000000e+01,2.30277068534968344893760121649411e-05,-2.17731846815362244466262026797458e-04,-4.71945769156149150684216425210035e-04,-2.14834406347199599460240284502185e-04
8.07500000000000000000000000000004e+01,1.21877337747765624986206273664600e-05,-2.15848200892090270013223820175972e-04,-4.82491058263835271258581915729045e-04,-2.06968617791284365109747236447774e-04
8.07999999999999999999999999999994e+01,1.44476492005526128302267955814675e-06,-2.13852057211769867351348750494663e-04,-4.92641798939963602800125733379206e-04,-1.99053348117209955302845976110439e-04
8.08499999999999999999999999999984e+01,-9.19563191863051006549027372945791e-06,-2.11745707148340491036393168472916e-04,-5.02395648893974866609471070868910e-04,-1.91093864111317219009960035920437e-04
8.08999999999999999999999999999998e+01,-1.97280046414861646843495276499087e-05,-2.09531486710766066491162046631055e-04,-5.11750528588073943575969599347113e-04,-1.83095408604996898038454784110877e-04
8.09500000000000000000000000000002e+01,-3.01470190266558655913040108845380e-05,-2.07211774699432683570246286278180e-04,-5.20704619965738345497386737330905e-04,-1.75063197532289106062185162054324e-04
8.10000000000000000000000000000002e+01,-4.04474608235305379155202708371496e-05,-2.04788990854400531420789324218611e-04,-5.29256365034216379663987583458447e-04,-1.67002417032094524462584704507619e-04
8.10499999999999999999999999999992e+01,-5.06242377532898362449855320023110e-05,-2.02265593996709226212146743768747e-04,-5.37404464303278866627128271406112e-04,-1.58918220596321541789142665776078e-04
8.10999999999999999999999999999991e+01,-6.06723814163605643642691675123428e-05,-1.99644080163928340645663616398380e-04,-5.45147875082553470247728283876479e-04,-1.50815726265253011054308772568067e-04
8.11499999999999999999999999999996e+01,-7.05870491065334379520185908218361e-05,-1.96926980741136950948515649011118e-04,-5.52485809639833860886343763518365e-04,-1.42700013871375360065971209410556e-04
8.12000000000000000000000000000000e+01,-8.03635255315390584093234690623500e-05,-1.94116860588507384401254361039808e-04,-5.59417733222817038345695704752390e-04,-1.34576122332871493067770769812360e-04
8.12500000000000000000000000000000e+01,-8.99972244399424962092186570890155e-05,-1.91216316166659089724440216873224e-04,-5.65943361946781173723675478677569e-04,-1.26449046997937295543947800519650e-04
8.12999999999999999999999999999990e+01,-9.94836901542739338806724991071651e-05,-1.88227973660938675501686139901895e-04,-5.72062660550773272915521677914488e-04,-1.18323737041039626517024804192852e-04
8.13499999999999999999999999999987e+01,-1.08818599010370361442822044606279e-04,-1.85154487105771680150358627993542e-04,-5.77775840024930804769593286207493e-04,-1.10205092912191482298362803663972e-04
8.13999999999999999999999999999999e+01,-1.17997760702960320863953114860251e-04,-1.81998536510220562923082404185956e-04,-5.83083355111614160914647637397842e-04,-1.02097963840277570611313196515228e-04
8.14499999999999999999999999999999e+01,-1.27017119537580131625620739470081e-04,-1.78762825985871751429770456466711e-04,-5.87985901683077410505838730228412e-04,-9.40071453914208723389850082088616e-05
8.14999999999999999999999999999998e+01,-1.35872755588965868041858909308942e-04,-1.75450081878162359839059234282430e-04,-5.92484413998453271448678331670456e-04,-8.59373770833379177592857374765351e-05
8.15499999999999999999999999999998e+01,-1.44560885766120572570108909939041e-04,-1.72063050902244416099323319643886e-04,-5.96580061842874531313333159997475e-04,-7.78933400565874927701060352610600e-05
8.15999999999999999999999999999987e+01,-1.53077864784310750555593000834392e-04,-1.68604498284471119274486456622668e-04,-6.00274247551598308787630294672698e-04,-6.98796548035743458587379960307960e-05
8.16499999999999999999999999999997e+01,-1.61420186044300073933846503712256e-04,-1.65077205910575802682666105138258e-04,-6.03568602922041544152286091347255e-04,-6.19008789561262158284198084804916e-05
8.16999999999999999999999999999999e+01,-1.69584482419181398304528341373476e-04,-1.61483970481599918413047640572336e-04,-6.06464986016675940277335835614480e-04,-5.39615051324191707582030809619371e-05
8.17499999999999999999999999999996e+01,-1.77567526949220644088443204224464e-04,-1.57827601678611497618035866298262e-04,-6.08965477859768240770247474060741e-04,-4.60659588439828673228641024647356e-05
8.17999999999999999999999999999996e+01,-1.85366233445177783480271979187388e-04,-1.54110920337240192546631434909569e-04,-6.11072379030987227232961457774798e-04,-3.82185964634739331915830075977786e-05
8.18499999999999999999999999999986e+01,-1.92977657000621086597937914400411e-04,-1.50336756633039184577441601025047e-04,-6.12788206158932142518027387887818e-04,-3.04237032538622702693949411309543e-05
8.18999999999999999999999999999995e+01,-2.00398994413800889294644861689250e-04,-1.46507948278667961655533621750486e-04,-6.14115688317668402143266258497247e-04,-2.26854914596316992996069334650686e-05
8.19500000000000000000000000000000e+01,-2.07627584519698428940339720441675e-04,-1.42627338733873242809766654995992e-04,-6.15057763329385443666231085171232e-04,-1.50080984605530427945139887704699e-05
8.20000000000000000000000000000004e+01,-2.14660908432913731211647259363232e-04,-1.38697775429228171233112142728062e-04,-6.15617573976318387162712878659488e-04,-7.39558498854449910915578346195768e-06
8.20499999999999999999999999999994e+01,-2.21496589702104099392645392033836e-04,-1.34722108004572325278109049655281e-04,-6.15798464125099843604017184101528e-04,1.48066591908978873707265604335073e-07
8.20999999999999999999999999999984e+01,-2.28132394376731437452030017839516e-04,-1.30703186563077123296752642548900e-04,-6.15603974766730717754829899887382e-04,7.61895393934859642007954380781802e-06
8.21499999999999999999999999999998e+01,-2.34566230986922409528911647260506e-04,-1.26643859941842838285894216395018e-04,-6.15037839975379215333336900382947e-04,1.50132563265610717111539384097057e-05
8.22000000000000000000000000000002e+01,-2.40796150437290282473071340783387e-04,-1.22546973999914706626009475982291e-04,-6.14103982789235488934708400735065e-04,2.23272361670812590517451694555475e-05
8.22500000000000000000000000000002e+01,-2.46820345815611196533501252461999e-04,-1.18415369924586526746524146721279e-04,-6.12806511016665453178763022888656e-04,2.95572404766773392608837448364144e-05
8.22999999999999999999999999999992e+01,-2.52637152117290544707032325728605e-04,-1.14251882556840713311412990108031e-04,-6.11149712970921277459579512609787e-04,3.66997022695601213890696785565115e-05
8.23499999999999999999999999999991e+01,-2.58245045886597096933825769725920e-04,-1.10059338736754015554207650240733e-04,-6.09138053136677936484321601717349e-04,4.37511418890999949451383467409855e-05
8.23999999999999999999999999999996e+01,-2.63642644775683465299845536209585e-04,-1.05840555669678039814597423324124e-04,-6.06776167771674977585613755113068e-04,5.07081682728767934827646625592326e-05
8.24500000000000000000000000000000e+01,-2.68828707022451455476261311315557e-04,-1.01598339313983351295317057447825e-04,-6.04068860446750363812124455751346e-04,5.75674801519292560738169272259487e-05
8.25000000000000000000000000000000e+01,-2.73802130848359773348843676038426e-04,-9.73354827911352837570362619499858e-05,-6.01021097527558888402293813244209e-04,6.43258671841118806614973163614263e-05
8.25499999999999999999999999999990e+01,-2.78561953777309440483671863219426e-04,-9.30547648188486735129723230388003e-05,-5.97638003601271245884051777550619e-04,7.09802110215077307254660770505284e-05
8.25999999999999999999999999999987e+01,-2.83107351876779104816753968554907e-04,-8.87589481680475709001507670497549e-05,-5.93924856851551405256971965733649e-04,7.75274863118861627047882697527495e-05
8.26499999999999999999999999999999e+01,-2.87437638922418201583787591429631e-04,-8.44507781443345836210061727223524e-05,-5.89887084385109480100027906349603e-04,8.39647616342344652382123505544648e-05
8.26999999999999999999999999999999e+01,-2.91552265487340612623018614619900e-04,-8.01329810946528871924137927716341e-05,-5.85530257513124848643314660430478e-04,9.02892003684320219540396846314874e-05
8.27474648298765549372654918720677e+01,-2.95258353348389740365027235148673e-04,-7.60276653200974499697165146318699e-05,-5.81104330922511389999922640098635e-04,9.61860745763456281589393073830257e-05
