study,bridge,resolution,timestep,end_time,relative_l2,difference_to_next,observed_order
spatial,minimal,192,0.0025,100.0,0.04881887735767061,0.05544661510899711,
spatial,minimal,256,0.0025,100.0,0.006630836307264901,0.007375242311829992,
spatial,minimal,384,0.0025,100.0,0.0007448124730551647,0.0007448124730551647,
spatial,minimal,512,0.0025,100.0,0.0,,
temporal,minimal,512,0.04,100.0,0.0016478191108665232,0.0013007366495566977,1.3790145297506884
temporal,minimal,512,0.02,100.0,0.0005830552370323157,0.0005001089642701009,1.706745019069681
temporal,minimal,512,0.01,100.0,0.000153208617437494,0.000153208617437494,
temporal,minimal,512,0.005,100.0,0.0,,
