tau,u_left,v_left,u_right,v_right
0.00000000000000000000000000000000e+00,0.00000000000000000000000000000000e+00,0.00000000000000000000000000000000e+00,0.00000000000000000000000000000000e+00,0.00000000000000000000000000000000e+00
5.00000000000000000000000000000000e-02,2.94416428718277922608073227367580e-18,-4.47459585920311110783277019826715e-17,8.61272363514826125264690446069592e-33,4.54588158664786107274168748842265e-31
1.00000000000000000000000000000000e-01,-3.05366177978549154784663635798385e-17,6.33214990339859885658869628185337e-15,-3.00986492583272950100586275104278e-31,-2.32890275558038824394033933444603e-29
1.50000000000000000000000000000001e-01,-1.04539085002955775522801893503055e-15,-1.69438446402734119741997596803757e-13,1.83087062109987906998550546348550e-30,4.30078203663469547432227643777511e-28
2.00000000000000000000000000000000e-01,2.09937500919151564666566464697164e-14,1.87022975370822960750168713472333e-12,2.53014566532890861285582186729398e-29,-4.44767891868794462350298157801704e-27
2.50000000000000000000000000000000e-01,-1.57008942568950638676658393654657e-13,-1.05959822795512048764231366670315e-11,6.77381234927414408679156954638409e-29,9.70497252570867128571782498278564e-26
3.00000000000000000000000000000002e-01,6.38823470061296826826658339344114e-13,3.50760924888666166723459750341646e-11,3.80476731647695731981546942102705e-26,-6.09082704038335883409606188060162e-25
3.49999999999999999999999999999996e-01,-1.70933497113011395769347502084678e-12,-8.11189488445135357803144108511753e-11,-1.53615502805652678864375148827472e-24,-5.66181962185457007552003843648806e-23
4.00000000000000000000000000000000e-01,3.50041126590985147046042922592257e-12,1.64116566034898909744403994466832e-10,5.25051646747262889108537574257930e-24,8.68478544951511621895532322927807e-22
4.50000000000000000000000000000000e-01,-5.81563798403947804824139294804651e-12,-3.09881138531696709451101368369928e-10,3.47603508119399427748930144654100e-22,9.15104311352080635305748290234759e-21
5.00000000000000000000000000000000e-01,8.15342898881553462003616601790577e-12,5.44446937391264771329671359340846e-10,-1.87560870243491866577417909185657e-21,-1.94773884751191408044349668798709e-19
5.50000000000000000000000000000000e-01,-1.02590536015630588138364511578620e-11,-9.10260701805326530489397408176716e-10,-5.67713693686219619196956159008271e-20,-1.19696433475333573743790535785697e-18
6.00000000000000000000000000000005e-01,1.10058208199518300505066270210880e-11,1.50509071710490484639481481361666e-09,3.44560385666285639277873643830093e-19,2.86195084701953868390938761943746e-17
6.50000000000000000000000000000000e-01,-1.14848268056871940622645232102461e-12,-2.30732932293110907590695224352169e-09,6.09357741556678058753582588573745e-18,9.98034707999051798466843003856098e-17
6.99999999999999999999999999999993e-01,-4.35446141082286314698141365378482e-11,2.44469321919195858471019261767262e-09,-3.54910425141854041479568578163726e-17,-2.66306905883928944916048466108192e-15
7.50000000000000000000000000000000e-01,1.35973130770924811445603113313552e-10,4.20545529381078791645500480553973e-10,-4.68711109231275119116503126942607e-16,-6.89865538241523897737588711956525e-15
8.00000000000000000000000000000000e-01,-1.99783735948407948854292438250666e-10,-7.98942999104303286143898540270380e-09,2.23034812919589837371861357489966e-15,1.69157075892232462206646974387373e-13
8.50000000000000000000000000000000e-01,4.61469138107597116818523486136304e-11,1.54033885738423886397779315648728e-08,2.73753941711640460543231091922733e-14,4.45523333858819257221758855392851e-13
9.00000000000000000000000000000000e-01,3.94015964755385524300816525793611e-10,-9.26158740236965794433054085400741e-09,-8.57351372040998617630912764519776e-14,-7.57266417123844677563219659342021e-12
9.49999999999999999999999999999991e-01,-6.95034144161428860228175909930723e-10,-1.73351273839086176690594584496010e-08,-1.22324335840327581549990752228218e-12,-2.48899406233728491927808422872873e-11
1.00000000000000000000000000000000e+00,1.37395526450466859462588178350196e-10,4.07603817704222322675213305850048e-08,1.58732805568008973348597486959805e-12,2.35649644301166352102512259556540e-10
1.05000000000000000000000000000000e+00,1.12229478386245235008581014426883e-09,-1.74881927075126482959696108326372e-08,4.07590608579098648882808917358375e-11,1.06877205553943162581021565002958e-09
1.10000000000000000000000000000000e+00,-1.39043498373369464577206776412563e-09,-4.97330374698939810963944946020354e-08,2.10983143047092746263955598656247e-11,-4.66141722967657383678246229185937e-09
1.14999999999999999999999999999998e+00,-5.78095567243368669870963040194343e-10,7.39898986303761685442192729281446e-08,-9.53105097476695366827591938856212e-10,-3.26707975567470679602189591909923e-08
1.19999999999999999999999999999999e+00,2.64793827293654434236894192735452e-09,1.41085206361521035321171594787002e-08,-2.25642296427669483941697308050463e-09,3.70606849513856463559184961370500e-08
1.25000000000000000000000000000000e+00,-1.04345194089082988195175442928248e-09,-1.18243184977692271541407219420537e-07,1.35233352023571642761695025017961e-08,6.64485497218781766805585918124318e-07
1.30000000000000000000000000000000e+00,-3.15850406094322025934518876323159e-09,5.83157632021791195742962089560793e-08,6.70132164783743623696573823724858e-08,7.66627194853336210764410157305266e-07
1.35000000000000000000000000000000e+00,3.27540686509161651611771608780822e-09,1.26538418894571711114826506343977e-07,-5.11236693726735262406526570159727e-08,-7.79355594188339134774650511187109e-06
1.39999999999999999999999999999998e+00,2.59939521029704617324104963457493e-09,-1.44159092079013595453956031830570e-07,-1.01368275281366754851822914112938e-06,-2.72844290102938788521653473149492e-05
1.44999999999999999999999999999999e+00,-5.52630119842892582616207936968800e-09,-9.52221524264018893082066213096821e-08,-1.88572689406368641789611499721272e-06,2.29193807986089069893171845298773e-05
1.50000000000000000000000000000000e+00,-1.09018111325037705096957728505942e-09,2.22743564238315193482085008816657e-07,5.92835460473497478790832962302494e-06,3.26675197523043073095156550157317e-04
1.55000000000000000000000000000000e+00,7.50993616151007278502315189778697e-09,3.98127776210402920009495412863228e-08,3.34555446734318090617079768720730e-05,6.22477032947111842897734929880296e-04
1.60000000000000000000000000000000e+00,-3.86520720484085052680966145845589e-10,-2.72890405841098854503512065061626e-07,4.08853623293622234768972960778881e-05,-9.28559964997321362597566536763646e-04
1.64999999999999999999999999999998e+00,-8.98411707758107174853973938953166e-09,-2.81122194444138407628273252148851e-08,-1.37808717420989155610366546527306e-04,-6.76847982250543148274428319816626e-03
1.69999999999999999999999999999999e+00,-6.21264236070101057277034743233909e-09,3.37459578020965394800002748467972e-08,-6.70609473584388955528365959507946e-04,-1.28635415385031972059039431430752e-02
1.75000000000000000000000000000000e+00,-1.42545642038802051242449639666964e-08,-1.55547416892450260183503424550097e-07,-1.14599816139474607104433945333242e-03,2.35447985272592714277524535929578e-04
1.80000000000000000000000000000000e+00,1.89123647470890779171272723326544e-08,2.13824315857066415196569656015597e-06,1.42174816676408008709666376015474e-04,6.10093826640901762136153830676816e-02
1.85000000000000000000000000000000e+00,2.74474318405083900385771509488402e-07,7.78112552380100264524276953471366e-06,5.93798983265367445586105163600925e-03,1.76806601159167827979839238666538e-01
1.89999999999999999999999999999998e+00,7.03008357143018334156931003397606e-07,4.88724936571067378738002390210723e-06,1.81809330083840784947358058509939e-02,3.08239062092637710530254473653590e-01
1.94999999999999999999999999999999e+00,1.20346259920570694101669557471060e-07,-3.89843442523215212768477644551990e-05,3.59695842433494396186809248836349e-02,3.89638407041321062412199177151782e-01
2.00000000000000000000000000000000e+00,-4.50628949800066198016715471914636e-06,-1.54617717964985041353937351213801e-04,5.56705658734146266449498975303926e-02,3.85335614168140491125761228372680e-01
2.04999999999999999999999999999996e+00,-1.59588086141928363336805969980940e-05,-2.76646082507256793748025638965246e-04,7.33748088081982105192447113285471e-02,3.17750330751543463652393236798563e-01
2.10000000000000000000000000000000e+00,-2.79280629586139348480447395089730e-05,-8.10004359619418576983128832367615e-05,8.71713706669603776552667315558491e-02,2.35769061682329762757635355815913e-01
2.15000000000000000000000000000000e+00,-8.56641751024045054184369103388435e-06,1.12811436441640646325538076962973e-03,9.72037279088352417595699371518900e-02,1.68507139067634481321930767815547e-01
2.19999999999999999999999999999999e+00,1.16653284095321648112444911289458e-04,4.31576642079973432531190612545545e-03,1.04286538981226806166266906255748e-01,1.16371514002960882510582833934045e-01
2.25000000000000000000000000000000e+00,4.70318220907654550192868536602088e-04,1.03689558585731541215545149075476e-02,1.08961886894205682856138596451129e-01,7.13679337263832827344866878194548e-02
2.29999999999999999999999999999996e+00,1.20865648808881869599495132812855e-03,1.96983235545162698769764077962316e-02,1.11493752708854156485833721714384e-01,3.06647723177264100415973637035550e-02
2.35000000000000000000000000000000e+00,2.49179209172569721842398779478668e-03,3.20535732350874531773240601372529e-02,1.12107876935029656863480361096022e-01,-5.31509868884927691705068889835335e-03
2.39999999999999999999999999999998e+00,4.45281491038882355374588185107466e-03,4.66495138794474134767390836236584e-02,1.11037248814160469304570356918899e-01,-3.68779046620183503335727146622772e-02
2.44999999999999999999999999999999e+00,7.17847887814081394207779841488744e-03,6.24694308324875348751633675365173e-02,1.08479218077638352028756262054784e-01,-6.49334177003925801365534977883012e-02
2.50000000000000000000000000000000e+00,1.07049662673111449090487329272239e-02,7.85383604177126958420685431578163e-02,1.04593128790713084391699006742696e-01,-9.00606088281424411799174498704220e-02
2.54999999999999999999999999999996e+00,1.50239820564821004741468599034677e-02,9.40614209563788399984296484182221e-02,9.95168269400519329332055795269916e-02,-1.12593845807296539709533115459702e-01
2.60000000000000000000000000000000e+00,2.00927448672290140832464465272097e-02,1.08452710012271934334496251704643e-01,9.33721629728897586143887803194469e-02,-1.32843472388296145761155156122571e-01
2.64999999999999999999999999999998e+00,2.58441392705256137722741225612328e-02,1.21321006865048389848782835710197e-01,8.62663538735752573747573841281104e-02,-1.51076900167569259750047944252389e-01
2.69999999999999999999999999999999e+00,3.21958631923858852368237254554681e-02,1.32444870487935539724472646188058e-01,7.82948686843412306644702802662990e-02,-1.67500160382343820229738479451204e-01
2.75000000000000000000000000000000e+00,3.90580752032524320563879266110622e-02,1.41736905568233003792296786149349e-01,6.95438939717921237589579868990530e-02,-1.82281461461513303829567229159417e-01
2.79999999999999999999999999999996e+00,4.63389636451344758588298714701803e-02,1.49198186304157176263355310195955e-01,6.00918928351688827100305640055118e-02,-1.95562004367525358000092417432689e-01
2.85000000000000000000000000000000e+00,5.39480851968644356567550975598642e-02,1.54877466675041973662521076183710e-01,5.00108817171735460595306669650852e-02,-2.07459249463443027517753427101230e-01
2.89999999999999999999999999999998e+00,6.17981119482339649605987776602275e-02,1.58849202209041872342729715114367e-01,3.93674891321834093257142857310199e-02,-2.18072058130582504081852759172481e-01
2.94999999999999999999999999999999e+00,6.98059830278610968128336682892109e-02,1.61210135342063377792018137003605e-01,2.82237750801031876604046007613034e-02,-2.27484803998184447225789922556493e-01
3.00000000000000000000000000000000e+00,7.78941102179025379591412035626452e-02,1.62082565789712637346549971356357e-01,1.66378855309912217869218625858700e-02,-2.35770045235348959927531159314618e-01
3.04999999999999999999999999999996e+00,8.59916366548504717822948188429268e-02,1.61611780119158332569167205372211e-01,4.66458986939105753307061748999043e-03,-2.42990588123203556857476830804606e-01
3.10000000000000000000000000000000e+00,9.40352784685963023617316295472895e-02,1.59952070453125650848501046220156e-01,-7.64427595175085291750565634659750e-03,-2.49201253636527511882633617363512e-01
3.14999999999999999999999999999998e+00,1.01969245879717879197308294468563e-01,1.57245673373250793891650147359092e-01,-2.02394542412001279853897104552481e-02,-2.54450602196719297950177740870573e-01
3.19999999999999999999999999999999e+00,1.09744197333641798574177992270948e-01,1.53607534822798610952910505687732e-01,-3.30739864238246946700149042460972e-02,-2.58782131089684562083830400698807e-01
3.25000000000000000000000000000000e+00,1.17315858250117650917967000474453e-01,1.49127794577663600634650989443911e-01,-4.61029692235447947081298067339152e-02,-2.62234591860661921917971975257388e-01
3.29999999999999999999999999999996e+00,1.24644205719430147008459462203641e-01,1.43889713710932371441971107652978e-01,-5.92833269090690489746147394170448e-02,-2.64842535433488832253870283511909e-01
3.35000000000000000000000000000000e+00,1.31693594713593374078021481542865e-01,1.37986412178513416302244782771822e-01,-7.25736359061707075960650540905515e-02,-2.66637674145615288726574757282501e-01
3.39999999999999999999999999999998e+00,1.38433357312076338367312169920731e-01,1.31522426495566707032633918165720e-01,-8.59339997612361186191487026679204e-02,-2.67649232638015920257987210577375e-01
3.44999999999999999999999999999999e+00,1.44838111444139616876406123894252e-01,1.24602347092483979385446150319562e-01,-9.93258963188972750058414458395320e-02,-2.67902925583231982989061961398220e-01
3.50000000000000000000000000000000e+00,1.50887428534349591482622258090309e-01,1.17318122680876927718601362266523e-01,-1.12712016538201481598947386001913e-01,-2.67422105721835365520311667393934e-01
3.54999999999999999999999999999996e+00,1.56564984444111463823587694536447e-01,1.09741207650901179889898607574980e-01,-1.26056236060934109482373680525631e-01,-2.66230997030947744097343313496429e-01
3.60000000000000000000000000000000e+00,1.61857433034864511192236653025049e-01,1.01919407626269398543912931813855e-01,-1.39323648482541080306667406328966e-01,-2.64353090224837036114221939476625e-01
3.64999999999999999999999999999998e+00,1.66753281778369666799144262599728e-01,9.38809302586844655013368177860144e-02,-1.52480358733205298037238513642686e-01,-2.61804822575059724934214794759719e-01
3.69999999999999999999999999999999e+00,1.71242252163999511314186893808195e-01,8.56495011765010196608119973119477e-02,-1.65493115926071831613862589868253e-01,-2.58597188067021234720110497846248e-01
3.75000000000000000000000000000000e+00,1.75315575280301985117669523154246e-01,7.72641473677164897905872322667104e-02,-1.78329337048455220980894969474537e-01,-2.54747353075423043534885964208651e-01
3.79999999999999999999999999999996e+00,1.78967032096074714916119791587635e-01,6.87866273762410968290564337809551e-02,-1.90957544573435213787846373048193e-01,-2.50280376012236147690090084562116e-01
3.85000000000000000000000000000000e+00,1.82193797276265720584768696234044e-01,6.02868184772280406472787171317122e-02,-2.03347369274473762674313065182895e-01,-2.45212796733096465003753422653920e-01
3.89999999999999999999999999999998e+00,1.84996201206963099994870634114068e-01,5.18177826996123794081717474746196e-02,-2.15468809117188629006840149414628e-01,-2.39544545309690546402865498652255e-01
3.94999999999999999999999999999999e+00,1.87376482093070175030084535343639e-01,4.34031506907576528993603709550999e-02,-2.27291818169409434041160712818278e-01,-2.33278110949261308700057404821837e-01
4.00000000000000000000000000000000e+00,1.89337476916650261997170718001439e-01,3.50463187298919767297961076418120e-02,-2.38786984544380882909119311231161e-01,-2.26435471484000499607183477687322e-01
4.05000000000000000000000000000001e+00,1.90882090897022397535561340521812e-01,2.67491010750564967912664648614570e-02,-2.49926154231059714423009585169662e-01,-2.19039413240483411428013134813855e-01
4.09999999999999999999999999999992e+00,1.92013527257637965046709835558446e-01,1.85217565274197535729017924268223e-02,-2.60681663515969352392635046104499e-01,-2.11086010103764905436249857594563e-01
4.14999999999999999999999999999998e+00,1.92735678414584516697897640832486e-01,1.03807417862682492846790545371645e-02,-2.71025167134112007840015519799628e-01,-2.02558685931763783757249073344989e-01
4.19999999999999999999999999999999e+00,1.93053323409914541408026095359208e-01,2.34519858460140782136951172962854e-03,-2.80928092819581950688859251965342e-01,-1.93468623824199973560270256777723e-01
4.25000000000000000000000000000000e+00,1.92972323518540500846419311310371e-01,-5.55988067266708671407863499190562e-03,-2.90363273272566512823935133876626e-01,-1.83853931641230010000707166997510e-01
4.30000000000000000000000000000001e+00,1.92500027596688070677111727566396e-01,-1.33005788351665744390494433366820e-02,-2.99305029674485406406997647033981e-01,-1.73728005247841505406288426530203e-01
4.34999999999999999999999999999992e+00,1.91645556740360464061246085679135e-01,-2.08427504785588090194404620839741e-02,-3.07726992199878137875067125596989e-01,-1.63054029214732008974855021339700e-01
4.39999999999999999999999999999998e+00,1.90419350642167369488262143004443e-01,-2.81704871946224989509103889664607e-02,-3.15600626049833115926636157292273e-01,-1.51794364567374859165619273937085e-01
4.44999999999999999999999999999999e+00,1.88831915760401466299992655665724e-01,-3.52963322924381925502227028288206e-02,-3.22896931060729508352911674912874e-01,-1.39970413768460495154367273685745e-01
4.50000000000000000000000000000000e+00,1.86892629198914229582276720774779e-01,-4.22486466772391936528103241229382e-02,-3.29589245819588532410009402475283e-01,-1.27641923827194365157153862475916e-01
4.55000000000000000000000000000001e+00,1.84609643088767724967645770416768e-01,-4.90438976268054388440041302248718e-02,-3.35653093933547623330305243170818e-01,-1.14826041405661451156493496059922e-01
4.59999999999999999999999999999992e+00,1.81991025891347537761546182879238e-01,-5.56688247616002620190672081718543e-02,-3.41062900125823516178754872709042e-01,-1.01468507374553005604551041453018e-01
4.64999999999999999999999999999998e+00,1.79046130782271677960739703056804e-01,-6.20892260237606358698236319509915e-02,-3.45789937991959238551110737125400e-01,-8.75133888765057544102779366468291e-02
4.69999999999999999999999999999999e+00,1.75785993295550970134513837775041e-01,-6.82760645501283684082975479458369e-02,-3.49804491276958319486044633688650e-01,-7.29803195094757777285522265031480e-02
4.75000000000000000000000000000000e+00,1.72222538272219758444858610952154e-01,-7.42232069011235575954868492478126e-02,-3.53079525426643950398568441737717e-01,-5.79425895005094816222949385531804e-02
4.79999999999999999999999999999996e+00,1.68367497503420374367150069895048e-01,-7.99414834907232439499349005021265e-02,-3.55590962605073818124239251418628e-01,-4.24322969102178868415396150368671e-02
4.84999999999999999999999999999992e+00,1.64232057347647242574184714968613e-01,-8.54391437598492658909702636236248e-02,-3.57314144002370419483451057010988e-01,-2.64006654682368562877525310133263e-02
4.89999999999999999999999999999998e+00,1.59827323118347491961219407930071e-01,-9.07117271912872919099672345216131e-02,-3.58221348367099493976299096154759e-01,-9.79245688853350871560712462517230e-03
4.94999999999999999999999999999999e+00,1.55164773124680683593264620193123e-01,-9.57516324113604489554256379214646e-02,-3.58284174820481099283116126138740e-01,7.35770319686609915501058712486590e-03
5.00000000000000000000000000000000e+00,1.50255980466037617968857219756224e-01,-1.00564102663833215028008399385424e-01,-3.57478370946375527649171550432920e-01,2.49331000089048673637321872191116e-02
5.04999999999999999999999999999996e+00,1.45111852857213931310017320565905e-01,-1.05168313715418421310159327073748e-01,-3.55785335562815804356655802448090e-01,4.28422590382921615622888279330959e-02
5.09999999999999999999999999999992e+00,1.39742357769910163364638924488843e-01,-1.09578858680270238232822168920533e-01,-3.53188546972440667002886623857537e-01,6.10914381676421578863579569721734e-02
5.14999999999999999999999999999998e+00,1.34157304734750740304216712690163e-01,-1.13786235752476986266294312195068e-01,-3.49669705668518858762693495952977e-01,7.97240953167033022160696974441532e-02
5.19999999999999999999999999999999e+00,1.28367605018778774292023287534333e-01,-1.17759243452333019120786309336349e-01,-3.45210284726054120207673677488739e-01,9.86894467320235889931632384145304e-02
5.25000000000000000000000000000000e+00,1.22385743158432057569793663493800e-01,-1.21471378673227276170808169337201e-01,-3.39798122063921689396773804484364e-01,1.17791521453701275793056815914677e-01
5.29999999999999999999999999999996e+00,1.16224788280737651198464584416159e-01,-1.24927759485564766525568550529210e-01,-3.33432807212115059474278250453546e-01,1.36779541402418294077428711732373e-01
5.34999999999999999999999999999992e+00,1.09896668794636812171578265921432e-01,-1.28165219256875996031443416763468e-01,-3.26124924157050245342439737186967e-01,1.55476396942726055598360419224457e-01
5.39999999999999999999999999999998e+00,1.03411277177465651797919043707096e-01,-1.31221960012642572388706549686589e-01,-3.17891287261323302560645091246064e-01,1.73796378405630665146688192806303e-01
5.44999999999999999999999999999999e+00,9.67773444829542399429478359830787e-02,-1.34103090510407191560695007238557e-01,-3.08753021071396100848301504360917e-01,1.91628525811285908004196385287754e-01
5.50000000000000000000000000000000e+00,9.00043934020636776965907199087982e-02,-1.36775392633934988723791040312865e-01,-2.98740289677328742305074125733664e-01,2.08714348620274660686332075672003e-01
5.54999999999999999999999999999996e+00,8.31039437117608142747971860712684e-02,-1.39199750382428041635740837919670e-01,-2.87900086047180414429715114232131e-01,2.24657008871855999031210345676526e-01
5.59999999999999999999999999999992e+00,7.60886651427757845669379525169526e-02,-1.41373906814827884748587802682137e-01,-2.76299946028519106810355137616873e-01,2.39057029632855615094269944284173e-01
5.64999999999999999999999999999998e+00,6.89700285242201765464551637150353e-02,-1.43344792109093955083061299079462e-01,-2.64024526963793096646286227368688e-01,2.51637071115946238784284594805553e-01
5.69999999999999999999999999999999e+00,6.17565702768582156128307516823907e-02,-1.45173557976640252656849851772703e-01,-2.51169010798158298225745763677627e-01,2.62239870274487139586419970855816e-01
5.75000000000000000000000000000000e+00,5.44546378599229812336540860744149e-02,-1.46879167967836650370253363104894e-01,-2.37835498660879092893950179403367e-01,2.70731140127345723206676904551226e-01
5.79999999999999999999999999999996e+00,4.70714260754631912783285409140195e-02,-1.48410551904538592595575910647726e-01,-2.24133665907293794052991817431283e-01,2.76948389239170655622918616105437e-01
5.84999999999999999999999999999992e+00,3.96179035595430340918709564961532e-02,-1.49679022125247034874561061103127e-01,-2.10180511046186644762429165545785e-01,2.80786956497154789274499733631122e-01
5.89999999999999999999999999999998e+00,3.21088453586304216722977014849627e-02,-1.50633452782304036590251417541892e-01,-1.96093377397997711712738002356015e-01,2.82357997384303807102226873316845e-01
5.94999999999999999999999999999999e+00,2.45592267488647765661553384622447e-02,-1.51320048866587560836600481965832e-01,-1.81976740848575263720899550205718e-01,2.82056336369403302328124686447270e-01
6.00000000000000000000000000000000e+00,1.69792699638004665789482085723590e-02,-1.51872017743879347387044857569188e-01,-1.67910264542633255118186213553451e-01,2.80444585327880379443607047775507e-01
6.04999999999999999999999999999996e+00,9.37204026213990524498971746049339e-03,-1.52424117479963876252880485235902e-01,-1.53946033961487707435237383597861e-01,2.78029432992317741217752814011551e-01
6.09999999999999999999999999999992e+00,1.73613888162215943424227598631241e-03,-1.53007481325413897783137695431904e-01,-1.40115870539964586672822121455994e-01,2.75108838637633428021582824101695e-01
6.14999999999999999999999999999998e+00,-5.92757244351744159428109539484514e-03,-1.53504357370357968492283272823848e-01,-1.26441707233419147843651228940134e-01,2.71802852461953669117314644472486e-01
6.19999999999999999999999999999999e+00,-1.36096145178968776456910508314469e-02,-1.53707928901718416320462684803045e-01,-1.12940657033757468228646631863235e-01,2.68209589818610522555024187968119e-01
6.25000000000000000000000000000000e+00,-2.12907692393099831942419605087912e-02,-1.53459664460303822522942442604980e-01,-9.96227366653387716199217993609450e-02,2.64516575284071705006743294781201e-01
6.29999999999999999999999999999996e+00,-2.89479797936811576915676306098363e-02,-1.52776071437557886448743068580166e-01,-8.64869843741951009884109902200070e-02,2.60951739001465427281278722715181e-01
6.34999999999999999999999999999992e+00,-3.65642776426796851676596074186597e-02,-1.51873164971538461522152866613362e-01,-7.35234032506095897013073879979821e-02,2.57623852288044163319340222222907e-01
6.39999999999999999999999999999998e+00,-4.41364831456812969643940976601174e-02,-1.51057471116009673040250584549651e-01,-6.07221471489591977540009218379675e-02,2.54419669889998463343137937758635e-01
6.44999999999999999999999999999999e+00,-5.16751001856749373251932492416255e-02,-1.50539877402075100219499008177664e-01,-4.80834315495463139324060560615949e-02,2.51081311346098338823887132883569e-01
6.50000000000000000000000000000000e+00,-5.91953286982587931989479341395646e-02,-1.50285877206818892403284749847902e-01,-3.56195197347648505347998871923495e-02,2.47420830849234068519685144467237e-01
6.54999999999999999999999999999996e+00,-6.67037888247475460623938338028019e-02,-1.50003110489615996094906827367235e-01,-2.33462322874112343958558842685771e-02,2.43492799330753743229614267113141e-01
6.59999999999999999999999999999992e+00,-7.41888048562469675174337135142592e-02,-1.49288914517148596555823592022118e-01,-1.12705626298509276754519878775097e-02,2.39567467013657130006334851933078e-01
6.64999999999999999999999999999998e+00,-8.16207060246711527573481582282538e-02,-1.47863016338789954522110859201616e-01,6.15041170835482203426912086867581e-04,2.35913003648501195001531751296740e-01
6.69999999999999999999999999999999e+00,-8.89631282024789204226810145318375e-02,-1.45752930854082030661873222232514e-01,1.23262226713047156771844399209992e-02,2.32562780887178084379002122030699e-01
6.75000000000000000000000000000000e+00,-9.61898239641942758040436879972601e-02,-1.43318337552227123480550500418085e-01,2.38727151175455499170212091558411e-02,2.29266278539207270242543153851172e-01
6.79999999999999999999999999999996e+00,-1.03297795810974756839925029779824e-01,-1.41087079263797878673132702617234e-01,3.52481383283472657932520274241051e-02,2.25676406563912067823994852588297e-01
6.84999999999999999999999999999992e+00,-1.10308933919350438427704360316268e-01,-1.39481292573571423878203571717580e-01,4.64324423059157893578669595380998e-02,2.21630829450974693554065640210650e-01
6.89999999999999999999999999999998e+00,-1.17258201648209252243187255841985e-01,-1.38577945123893180883685758647763e-01,5.74058912069064753636520112572334e-02,2.17301350744183203559842258104278e-01
6.94999999999999999999999999999999e+00,-1.24173670653985179542097889234989e-01,-1.38036445743714919232982150053620e-01,6.81640107304590364428982672455116e-02,2.13083534342444248386369699188100e-01
7.00000000000000000000000000000000e+00,-1.31058443251244460690102089701420e-01,-1.37242240267741499853271020419539e-01,7.87215961311908686164938047599340e-02,2.09301611951996350798324957710166e-01
7.04999999999999999999999999999996e+00,-1.37884102072330300513234740252559e-01,-1.35603397043948133041593924506969e-01,8.91019356302204324346040403979212e-02,2.05951368949006425315925181515976e-01
7.09999999999999999999999999999992e+00,-1.44599876100968573707549331300324e-01,-1.32855577471512609427947530864103e-01,9.93187141394976565422297081389853e-02,2.02680685316665894647836071762541e-01
7.14999999999999999999999999999998e+00,-1.51153912177770045741844620716922e-01,-1.29221602524816941508646740333793e-01,1.09363958410482414134069218200928e-01,1.99031439182336013785003865382261e-01
7.19999999999999999999999999999999e+00,-1.57516804359912999589411988611866e-01,-1.25339825257405761114005996473700e-01,1.19211336731609383828554154641263e-01,1.94771305180494727450184367767758e-01
7.25000000000000000000000000000000e+00,-1.63695993265144418012589221693620e-01,-1.21986841271954269881319018718025e-01,1.28833089046278314881753359567835e-01,1.90075090824888985332485003588592e-01
7.29999999999999999999999999999996e+00,-1.69733618237380385341502095414061e-01,-1.19720151125015555465829387220700e-01,1.38218925418769635985238661427936e-01,1.85421537766680646867542396058536e-01
7.34999999999999999999999999999992e+00,-1.75688025787115889671173048420592e-01,-1.18607130270904616697920982028474e-01,1.47383568456697572099063171550088e-01,1.81273292835167789323242633596375e-01
7.39999999999999999999999999999998e+00,-1.81606815410621133216629120521790e-01,-1.18169203664108133750345671499946e-01,1.56357351325211772595919695174685e-01,1.77759693802563304812697061389764e-01
7.44999999999999999999999999999999e+00,-1.87503447432823271979685421384992e-01,-1.17572700652134210302270039127909e-01,1.65165896839378929442275906594720e-01,1.74579272610904041806850845088033e-01
7.50000000000000000000000000000000e+00,-1.93348129494093184981871856329012e-01,-1.15986004652794918598877620854261e-01,1.73812341457305049956207179418334e-01,1.71188162378000708963326241545593e-01
7.54999999999999999999999999999996e+00,-1.99077534988329056712527567380497e-01,-1.12947265686554862828601199868936e-01,1.82273888138807706186513320728102e-01,1.67149214059148069676745830303770e-01
7.59999999999999999999999999999992e+00,-2.04619663975674146784711746083032e-01,-1.08581270832255161309850398674562e-01,1.90515035545571422102143113712940e-01,1.62413688414474734502485409071414e-01
7.64999999999999999999999999999998e+00,-2.09923490239926556599670996372479e-01,-1.03569331592023820630263678009548e-01,1.98509064113463500665189625524215e-01,1.57356317225655601063240078236064e-01
7.69999999999999999999999999999999e+00,-2.14980843124215519158882516202651e-01,-9.88823457011260208988873143883192e-02,2.06254249711622701411662856753324e-01,1.52546115466578207153892795320366e-01
7.75000000000000000000000000000000e+00,-2.19831146477705357092337471087656e-01,-9.53877991665437454637408320252133e-02,2.13774829198440779390196171327675e-01,1.48400798737888508630728305466942e-01
7.79999999999999999999999999999996e+00,-2.24546757059555823491600271900047e-01,-9.34937236313962726085042001367764e-02,2.21106341769386772214846334063771e-01,1.44938414091875910828748629279152e-01
7.84999999999999999999999999999992e+00,-2.29204657167091954705563578636808e-01,-9.29759006587885867672846383528575e-02,2.28274412687501547318521720302583e-01,1.41771807650196411689404964391073e-01
7.89999999999999999999999999999998e+00,-2.33855822611046547323033484322901e-01,-9.30579680953690759883445573382641e-02,2.35279632224646085922511046094890e-01,1.38340158044278987658109112037041e-01
7.94999999999999999999999999999999e+00,-2.38504484196690763125722152303132e-01,-9.27109827550014588684238626334340e-02,2.42097127512909628809693487465757e-01,1.34233276998038371567677614180343e-01
8.00000000000000000000000000000000e+00,-2.43105485779243116992092567070626e-01,-9.10521778313410663670397438870618e-02,2.48690591677906282353973346880436e-01,1.29418980216743834966686948102747e-01
8.04999999999999999999999999999996e+00,-2.47580759132153919927727142713793e-01,-8.76862315664869171977932061292888e-02,2.55032342863587221305199027033263e-01,1.24250265685349950337491875406563e-01
8.10000000000000000000000000000002e+00,-2.51848518366641842510399321161717e-01,-8.28585772718470474272913740879895e-02,2.61118044533902674814324779324556e-01,1.19260095472828073132618006443773e-01
8.14999999999999999999999999999998e+00,-2.55854020213194763884191407604544e-01,-7.73660035936281527904732293979090e-02,2.66968281056020050339260703459896e-01,1.14868183794726376162867127807039e-01
8.19999999999999999999999999999984e+00,-2.59590366770101000047042523714946e-01,-7.22633591561129232205709553165662e-02,2.72616776001728911871493247831265e-01,1.11163299901671809518060744461224e-01
8.25000000000000000000000000000000e+00,-2.63101801166887891992151760800124e-01,-6.84800011402829943638442587117092e-02,2.78092209445390974238048750375692e-01,1.07872157834322419055100116146780e-01
8.29999999999999999999999999999996e+00,-2.66468579388799999174121545468951e-01,-6.64886202692539923940719068855182e-02,2.83403526666154920644021660221226e-01,1.04518862224886866516309286252075e-01
8.35000000000000000000000000000002e+00,-2.69779212037531310146969366618632e-01,-6.61441967455454672043428518766139e-02,2.88536145502100362088927030130802e-01,1.00679094806590013065932889569073e-01
8.39999999999999999999999999999998e+00,-2.73100205163052235291340633454663e-01,-6.67445963984663497581248431624793e-02,2.93460338542378002173980313113143e-01,9.61920976806967103929298999947977e-02
8.44999999999999999999999999999984e+00,-2.76453958394887749788536425658944e-01,-6.72833972475908109914248244730707e-02,2.98146777628510972830550146206471e-01,9.12262923507679166365386903925823e-02
8.50000000000000000000000000000000e+00,-2.79812233610505716601588001005727e-01,-6.67998298444679197485087053150894e-02,3.02580997894526940962272247408319e-01,8.61768248547317642496488740004239e-02
8.54999999999999999999999999999996e+00,-2.83106954884157162034771423750534e-01,-6.47022300139544648366691240217839e-02,3.06769707071912646746082163885778e-01,8.14588547176416591320006188100475e-02
8.60000000000000000000000000000002e+00,-2.86254146749436513432556349775460e-01,-6.09571930800966681038534172099056e-02,3.10736435503579337379217327426544e-01,7.73061593072313417889257872953317e-02
8.64999999999999999999999999999998e+00,-2.89182610409731515398406469407473e-01,-5.60877852992636347860398747938207e-02,3.14509417163456143591869255438524e-01,7.36722626115850143610564126101365e-02
8.69999999999999999999999999999984e+00,-2.91857767382013469328508179990418e-01,-5.09905756170885130036719909577377e-02,3.18108101600435275988563463655923e-01,7.02729711217496196713479041564863e-02
8.75000000000000000000000000000000e+00,-2.94293136009781718358284574621971e-01,-4.66395827586903068455558257560577e-02,3.21534810496005726383108930518452e-01,6.67379411560721075589658505453036e-02
8.79999999999999999999999999999996e+00,-2.96546248129351295162856680202608e-01,-4.37771589838205638332785804654843e-02,3.24775052174748901773676354864015e-01,6.27901987719059558281755424452618e-02
8.85000000000000000000000000000002e+00,-2.98700894040539540696811515540993e-01,-4.26894814467884600627588731453673e-02,3.27805629299110565888765697852253e-01,5.83670962732373061955634155634408e-02
8.89999999999999999999999999999998e+00,-3.00841743891020547228990363698515e-01,-4.31315988720660212340023941010575e-02,3.30606121237375438897863200531941e-01,5.36319168159645819696494558695497e-02
8.94999999999999999999999999999984e+00,-3.03029414731990225865570408619055e-01,-4.44168916779422869669956144592815e-02,3.33168170605545419860546942343071e-01,4.88810388456137175593665845509504e-02
9.00000000000000000000000000000000e+00,-3.05283489165861349175658102801094e-01,-4.56352624022171747193017812676081e-02,3.35498538747483674622162339245087e-01,4.43991592879197671489550183693272e-02
9.04999999999999999999999999999996e+00,-3.07578220435119687831943580476129e-01,-4.59285332750689040901899716365915e-02,3.37615126147002921290648244426682e-01,4.03334581903787738816803030025747e-02
9.10000000000000000000000000000002e+00,-3.09851674311666395353829572168484e-01,-4.47394795224812552372889077653591e-02,3.39538418526813055294906790381066e-01,3.66415922113947630857503309703313e-02
9.14999999999999999999999999999998e+00,-3.12025111596228410573001234071141e-01,-4.19638465580293423168968795271876e-02,3.41282626763623574945002446522834e-01,3.31292319049687105516726983164562e-02
9.19999999999999999999999999999984e+00,-3.14026627912151410424744321602667e-01,-3.79665704676404611573692620205524e-02,3.42850481350451528960183697044943e-01,2.95509639599519012099744533523715e-02
9.25000000000000000000000000000000e+00,-3.15812132479819815888541934942524e-01,-3.34636671146044963238218324878668e-02,3.44233596376045548381179353026610e-01,2.57230083004598847370405457772558e-02
9.29999999999999999999999999999996e+00,-3.17377786778861647060066597654389e-01,-2.93082006633443198102413404360030e-02,3.45417649236904519569728385032630e-01,2.15967951833001244856724487430878e-02
9.35000000000000000000000000000002e+00,-3.18760617772838160257210685179148e-01,-2.62428260981036308635351533351807e-02,3.46389592024902769303261754096518e-01,1.72656139425151814192015967653555e-02
9.39999999999999999999999999999998e+00,-3.20027372958041566668728073897391e-01,-2.46873542762151270207922747075363e-02,3.47143542382203584609344326376982e-01,1.29092089789158931893940730674287e-02
9.44999999999999999999999999999984e+00,-3.21254864532877760748434095888159e-01,-2.46174353490602967836554968029989e-02,3.47682968692111402607755959309719e-01,8.70771261844606133912232103083183e-03
9.50000000000000000000000000000000e+00,-3.22507236594377283028184524893671e-01,-2.55641871698354843329742100108608e-02,3.48018672662794833983450849115000e-01,4.76576342063956524807246826769608e-03
9.54999999999999999999999999999996e+00,-3.23816265585289499023635803200572e-01,-2.67318602284671932924602239514177e-02,3.48163941084160924480979723625989e-01,1.07811284178732690118141444571025e-03
9.59999999999999999999999999999992e+00,-3.25169860749485061360920466447158e-01,-2.71999244096455402118463423888842e-02,3.48129277986208297752725801578043e-01,-2.45386459774934093455405529078696e-03
9.64999999999999999999999999999998e+00,-3.26511666024682046185775101806877e-01,-2.61547811927249026443434272655869e-02,3.47918997176024954375017440599998e-01,-5.96840657276174260951097770334847e-03
9.69999999999999999999999999999984e+00,-3.27751689092478432945329800878799e-01,-2.30894896468050616468070773549225e-02,3.47530865650510332200414132879912e-01,-9.58008283518962624257482091267744e-03
9.75000000000000000000000000000000e+00,-3.28784961994491084585106050822469e-01,-1.79186662005388716319512869755782e-02,3.46958538318176294762959547711261e-01,-1.33350110793845537611826068594738e-02
9.79999999999999999999999999999996e+00,-3.29513101111624700334704197155706e-01,-1.09775514068645406803130062332485e-02,3.46195383851373156062341919807485e-01,-1.72008497528130935966401131918282e-02
9.84999999999999999999999999999992e+00,-3.29862805642060079431449760519436e-01,-2.90357360912277067928205861274482e-03,3.45237913204183078754680527857620e-01,-2.10908466223537761812103919464952e-02
9.89999999999999999999999999999998e+00,-3.29796010057682042343386301451478e-01,5.57163254963262245220275676947518e-03,3.44087444120374955075088500446911e-01,-2.49069708926911524411152600032440e-02
9.94999999999999999999999999999984e+00,-3.29308418413523952287349364258560e-01,1.38690108987070746625025689991770e-02,3.42749570690742159230968865980523e-01,-2.85813258733940985510009420081578e-02
1.00000000000000000000000000000000e+01,-3.28416009082773294467287559150008e-01,2.17863668526221648408963300837737e-02,3.41231985508022164273762612721106e-01,-3.20988588281910044129696647200716e-02
1.00500000000000000000000000000000e+01,-3.27132122562064223688649159821565e-01,2.96428830435883587125025235327754e-02,3.39541804138340677592329037899378e-01,-3.54947860951118185729002072630656e-02
1.00999999999999999999999999999999e+01,-3.25440216053126062779685501210625e-01,3.83041311736513775652965244697482e-02,3.37683571102347270739927511462430e-01,-3.88317319283149086625969743728582e-02
1.01500000000000000000000000000000e+01,-3.23268707956297222122614475609592e-01,4.90746113134501736487007663849957e-02,3.35658659111902981042198443032000e-01,-4.21692648568965890445152616255064e-02
1.01999999999999999999999999999999e+01,-3.20474234323578752928320379158812e-01,6.34745600999821027592676885644286e-02,3.33466082700921416020457737109172e-01,-4.55396711950512915834440906690742e-02
1.02500000000000000000000000000000e+01,-3.16838122774354205465475142922462e-01,8.29436336316228147165972800592368e-02,3.31104158475087261810188651009651e-01,-4.89389759839423492134889127412361e-02
1.03000000000000000000000000000000e+01,-3.12078300084735504713989130625650e-01,1.08530409280094217388775023356588e-01,3.28572187385379576144555370548792e-01,-5.23343973531030988818979522731579e-02
1.03500000000000000000000000000000e+01,-3.05875758776280178074812779843290e-01,1.40630150098146113423080324109658e-01,3.25871463288395037953254681521504e-01,-5.56823782730336682041380515839535e-02
1.04000000000000000000000000000000e+01,-2.97911778037391454359595346310356e-01,1.78823618960771376815099781549879e-01,3.23005309199209076563406628828050e-01,-5.89479151105417425056925775927402e-02
1.04499999999999999999999999999999e+01,-2.87909928999950900568283725854944e-01,2.21849487171723673668549606930161e-01,3.19978297109126878108225218939540e-01,-6.21169387650723572274573403156172e-02
1.05000000000000000000000000000000e+01,-2.75675911429523792587928283374375e-01,2.67716748482745674332398930192912e-01,3.16795118979913500705644171157283e-01,-6.51978211517853977957046750746142e-02
1.05500000000000000000000000000000e+01,-2.61128622209430086399591312170920e-01,3.13937162889901831737241997376020e-01,3.13459639098501297872942278238658e-01,-6.82133072352600709994202442861982e-02
1.05999999999999999999999999999999e+01,-2.44317421170840850392881494138613e-01,3.57836413023020715387488437908769e-01,3.09974487886546198616574259998744e-01,-7.11879533015482990067439406329381e-02
1.06500000000000000000000000000000e+01,-2.25422979747401440597387277363780e-01,3.96890229197491680261792680570918e-01,3.06341266266411506582124445257901e-01,-7.41371388309602187614564454582327e-02
1.06999999999999999999999999999998e+01,-2.04741873106720389178059700664406e-01,4.29029998423032517539365519194076e-01,3.02561161354999406348395781996775e-01,-7.70619772330101780142526216322726e-02
1.07500000000000000000000000000000e+01,-1.82657675905623126119281034335229e-01,4.52870832825035055067183184870347e-01,2.98635637738468225054000783174289e-01,-7.99511898498496964381553930522865e-02
1.08000000000000000000000000000000e+01,-1.59603289673126732321864465466511e-01,4.67831317459099628766911657490143e-01,2.94566898258974326490231461682380e-01,-8.27878737439299156013867215959982e-02
1.08500000000000000000000000000000e+01,-1.36020265683625334273389553102193e-01,4.74134515128725933676208785520433e-01,2.90357962065089594881940685852369e-01,-8.55573938007214034525601312242992e-02
1.09000000000000000000000000000000e+01,-1.12320888057072092898851106391608e-01,4.72700195335365693097578020247093e-01,2.86012398278103494523504252179451e-01,-8.82528337536881071719667187844411e-02
1.09499999999999999999999999999998e+01,-8.88578414827389974025340184425988e-02,4.64955007183235079593288498230355e-01,2.81533893392805322568710869664253e-01,-9.08761264029544189132542306763520e-02
1.10000000000000000000000000000000e+01,-6.59046591619510765222562319671748e-02,4.52597819291838486990630802915624e-01,2.76925868967959719704955675077905e-01,-9.34351702051142374544244023232211e-02
1.10500000000000000000000000000000e+01,-4.36481777991195710316251057001544e-02,4.37360513109022065281370906844417e-01,2.72191304942032994778763165128358e-01,-9.59389047507012580443154191827264e-02
1.10999999999999999999999999999999e+01,-2.21922882123094154452558788352227e-02,4.20800427808026537909594965058080e-01,2.67332807024731668386160273316930e-01,-9.83928407532768718975144312840461e-02
1.11500000000000000000000000000000e+01,-1.57068551163123470038616141598734e-03,4.04150958474670476204723457586476e-01,2.62352844135183791063347023380006e-01,-1.00796898203901751728866889815616e-01
1.11999999999999999999999999999998e+01,1.82346850262648825117802115485279e-02,3.88243874367727997016032209981127e-01,2.57254021375980651491185802231071e-01,-1.03146080053208950358209936606192e-01
1.12500000000000000000000000000000e+01,3.72731262607878740906984822683635e-02,3.73503416894516994819871038547269e-01,2.52039262424258636800287517930058e-01,-1.05433188743527736339596079980285e-01
1.13000000000000000000000000000000e+01,5.56059702985599353666326106948722e-02,3.60000597295423987661770019217227e-01,2.46711836758595302376090738403231e-01,-1.07652046555779728647959049298259e-01
1.13499999999999999999999999999999e+01,7.32911842644064537751354570082036e-02,3.47548135023188901535814269301145e-01,2.41275245939368452584715651355272e-01,-1.09799729857848731530504242293913e-01
1.14000000000000000000000000000000e+01,9.03732597018105286950521097201942e-02,3.35813055647465096837621380969600e-01,2.35733042134275552928740164800912e-01,-1.11877012592510346323614622953404e-01
1.14499999999999999999999999999999e+01,1.06878705788811070005773204788443e-01,3.24425048743234364062394613756903e-01,2.30088669132150702921843420999444e-01,-1.13887129736922291636910502566079e-01
1.15000000000000000000000000000000e+01,1.22816478044056080947047466447684e-01,3.13063402808124847484345759775546e-01,2.24345391045974910426915945504251e-01,-1.15833681818842942759358040139866e-01
1.15500000000000000000000000000000e+01,1.38181983736665611069736978978930e-01,3.01512273658270482145734992423137e-01,2.18506324820266917807747975465573e-01,-1.17718735080039188630884244304842e-01
1.16000000000000000000000000000000e+01,1.52962983486953514667157115877297e-01,2.89681591358508513761601172867017e-01,2.12574544878121793433616078409628e-01,-1.19541909202848388882833927898641e-01
1.16500000000000000000000000000000e+01,1.67145747672986693841247470135424e-01,2.77597588773213377504486226578595e-01,2.06553202223418563443341927842190e-01,-1.21300683826063219423518401122792e-01
1.16999999999999999999999999999999e+01,1.80720153497683184490514176657967e-01,2.65371659217962925383063665446920e-01,2.00445603621043229989545026537443e-01,-1.22991589313276495342573758195822e-01
1.17500000000000000000000000000000e+01,1.93682910374875829556944615377616e-01,2.53158482514011515243068139696756e-01,1.94255222725708700608259743156222e-01,-1.24611621559327676763392292578738e-01
1.18000000000000000000000000000000e+01,2.06038651484076898942228697165387e-01,2.41114121547003658688547471522003e-01,1.87985649012576595557156784265179e-01,-1.26159234826556457661991995318636e-01
1.18499999999999999999999999999999e+01,2.17799115235195206332779485975400e-01,2.29362575678836939126883537749317e-01,1.81640506117712321329215242079328e-01,-1.27634556894664174088968340463886e-01
1.19000000000000000000000000000000e+01,2.28980981997733233781971704613695e-01,2.17975867674152665464638589423341e-01,1.75223379016693835934354459919965e-01,-1.29038865200288619899071919666390e-01
1.19499999999999999999999999999998e+01,2.39603091146799531125964599475626e-01,2.06969013209477874441041327212992e-01,1.68737779024796247319024728171440e-01,-1.30373673549135261341277206982308e-01
1.20000000000000000000000000000000e+01,2.49683745694103731174619908157799e-01,1.96307957222739567287342780999576e-01,1.62187154484102402974215591250139e-01,-1.31639886730883131219666241761429e-01
1.20500000000000000000000000000000e+01,2.59238654574403368073193386330940e-01,1.85926308893918576297251438317595e-01,1.55574934106273617679165667890965e-01,-1.32837373182735852539453556116351e-01
1.21000000000000000000000000000000e+01,2.68279824232316725476208048550369e-01,1.75745718970889262298717643286135e-01,1.48904578206735040474316093296867e-01,-1.33965066522800147190382694094571e-01
1.21500000000000000000000000000000e+01,2.76815454765238724569938498415678e-01,1.65694978001360955708117468982290e-01,1.42179613969351877105340159539828e-01,-1.35021460854603525636776272909920e-01
1.21999999999999999999999999999999e+01,2.84850676537313211990592618565578e-01,1.55724097763008240679776913592163e-01,1.35403641863093912728721451508502e-01,-1.36005219145140643587602780887705e-01
1.22500000000000000000000000000000e+01,2.92388818332146194370148598013815e-01,1.45811359729933245420926590115199e-01,1.28580314939315515186285391556309e-01,-1.36915614121022342582308394544014e-01
1.23000000000000000000000000000000e+01,2.99432843438300157434479342989006e-01,1.35963130831199878085513517173015e-01,1.21713304065038096787610566051907e-01,-1.37752641893614356276400057186339e-01
1.23499999999999999999999999999999e+01,3.05986620298082758187477245825793e-01,1.26207775819144435371504287017365e-01,1.14806265888863002129848962436929e-01,-1.38516817160055590719470036651104e-01
1.24000000000000000000000000000000e+01,3.12055788078108123297834566417625e-01,1.16585980146858506579742564727204e-01,1.07862826194549797034540211466089e-01,-1.39208794451052489727225278797070e-01
1.24499999999999999999999999999998e+01,3.17648104291458589148926563668004e-01,1.07140134118040590473489864838040e-01,1.00886582422964105717635258615031e-01,-1.39829009749686995331309771922733e-01
1.25000000000000000000000000000000e+01,3.22773289607814189480979016783845e-01,9.79051627106114785630418564334441e-02,9.38811201833070301215539178648986e-02,-1.40377494173822276677809139456337e-01
1.25500000000000000000000000000000e+01,3.27442487684906170574749036627896e-01,8.89024741295191449329254201500272e-02,8.68500334124174990223467041473504e-02,-1.40853910628910223590725142946278e-01
1.25999999999999999999999999999999e+01,3.31667518416689039207579499786135e-01,8.01377651492722197410893016251576e-02,7.97969380514119843071498023500396e-02,-1.41257758929924604476952868894484e-01
1.26500000000000000000000000000000e+01,3.35460116083080426211504403334681e-01,7.16024922587548842929803165471739e-02,7.27254736750915191549881166822170e-02,-1.41588631205006626904402222793510e-01
1.26999999999999999999999999999999e+01,3.38831314819702133240531199124878e-01,6.32780847240613837638126155369998e-02,6.56392937062133687894633524004923e-02,-1.41846397812117504116056469624130e-01
1.27500000000000000000000000000000e+01,3.41791085722163122804919746393098e-01,5.51415575625651835556346009357890e-02,5.85420497102581849099021180518557e-02,-1.42031254584249546876780769978339e-01
1.28000000000000000000000000000000e+01,3.44348259699621990585505271632128e-01,4.71711134488599871562900359465217e-02,5.14373769162155076385697108273028e-02,-1.42143634179344800191198749310708e-01
1.28500000000000000000000000000000e+01,3.46510704540795463677820620129220e-01,3.93505593521337688647901868070779e-02,4.43288863759004583381857903076690e-02,-1.42184042865741639204198725859659e-01
1.29000000000000000000000000000000e+01,3.48285676501258534478222187057586e-01,3.16718064971117960897340389075818e-02,3.72201653821570497029179352431557e-02,-1.42152906154176338790075672469059e-01
1.29499999999999999999999999999999e+01,3.49680243230441373837226745860583e-01,2.41352447155912569495287297987281e-02,3.01147839056517803417673940456926e-02,-1.42050488911673715618150934488597e-01
1.30000000000000000000000000000000e+01,3.50701676865738705799885153720430e-01,1.67482621075684460530279715092802e-02,2.30163025645867289263655163633473e-02,-1.41876912382197250714147736518259e-01
1.30499999999999999999999999999999e+01,3.51357738996254909685609975925736e-01,9.52252481792640816168991821956157e-03,1.59282777126157404509173387073178e-02,-1.41632244866260339895816524172352e-01
1.30999999999999999999999999999999e+01,3.51656814705475318313726755752137e-01,2.47079014304806923572231926695530e-03,8.85426119914328403473601117258567e-03,-1.41316614829282694449154612659074e-01
1.31500000000000000000000000000000e+01,3.51607891523721907747853040744928e-01,-4.39600335372082691415443189867304e-03,1.79779505506932922630445994999025e-03,-1.40930294025110058129263755018660e-01
1.31999999999999999999999999999998e+01,3.51220412265028769945610114020572e-01,-1.10708051858123514527724503427290e-02,-5.23759650077543053718001298743485e-03,-1.40473719840278811110603552895761e-01
1.32500000000000000000000000000000e+01,3.50504052367344014791301796624609e-01,-1.75513863119536844653787466905431e-02,-1.22484145839306187134693941636787e-02,-1.39947457327509872796221518554420e-01
1.33000000000000000000000000000000e+01,3.49468479880506740717022804962465e-01,-2.38401265539161724832745936521773e-02,-1.92311902689589372768216460575758e-02,-1.39352127209390885889339738299490e-01
1.33500000000000000000000000000000e+01,3.48123150414732855302928323680002e-01,-2.99428865193683539862640799037560e-02,-2.61824855336141243731177641411497e-02,-1.38688336301490092282984004135336e-01
1.34000000000000000000000000000000e+01,3.46477173589973811620270537331094e-01,-3.58673473510162719381075984192477e-02,-3.30988914413457736075602380822141e-02,-1.37956639597929389512340459305957e-01
1.34499999999999999999999999999999e+01,3.44539266728726238080918381790084e-01,-4.16212497227323336422510301799226e-02,-3.99770255002425115272790872112039e-02,-1.37157544724829484616295290729824e-01
1.35000000000000000000000000000000e+01,3.42317790854020835605354253926760e-01,-4.72109142349174934679629390252181e-02,-4.68135301519315029953117210334548e-02,-1.36291549491724460400846322420173e-01
1.35500000000000000000000000000000e+01,3.39820847757535873976083709611011e-01,-5.26403050077192761540633312733168e-02,-5.36050735201488211153833795950647e-02,-1.35359190687262768100294986381906e-01
1.35999999999999999999999999999999e+01,3.37056407647407120500558229241077e-01,-5.79107433837630853957755935805424e-02,-6.03483523828354675121420176972975e-02,-1.34361081217786732869487712216777e-01
1.36500000000000000000000000000000e+01,3.34032435439531497772569765003013e-01,-6.30212268191671279570111565220118e-02,-6.70400963827814520670371502464640e-02,-1.33297921649747607907462751021364e-01
1.36999999999999999999999999999998e+01,3.30756989153669601532456220485800e-01,-6.79691900248577929760524115131414e-02,-7.36770721299388704256578753436331e-02,-1.32170485617718776507164641681033e-01
1.37500000000000000000000000000000e+01,3.27238273898759807954291435686401e-01,-7.27514800160040513879861346718563e-02,-8.02560861275119415957009652146946e-02,-1.30979589872008720288364991820259e-01
1.38000000000000000000000000000000e+01,3.23484646769802575240360892530648e-01,-7.73653089087008161408783348116876e-02,-8.67739861427731809633093161958774e-02,-1.29726064455424021847110546131436e-01
1.38499999999999999999999999999999e+01,3.19504578898896232461113035016601e-01,-8.18089904573107469324631718964461e-02,-9.32276613746224469219873905199901e-02,-1.28410735724581942102908333949640e-01
1.39000000000000000000000000000000e+01,3.15306588797933367081005433327889e-01,-8.60823418270841220284812724496195e-02,-9.96140422208060320137999689735181e-02,-1.27034427154946586859270960171147e-01
1.39499999999999999999999999999999e+01,3.10899164849726760655463580991487e-01,-9.01867201216239077273066525778806e-02,-1.05930100472466674774907012976987e-01,-1.25597974307212654352510363683048e-01
1.40000000000000000000000000000000e+01,3.06290694239448690904939125044288e-01,-9.41247436179225898043783328560354e-02,-1.12172850425381680692322468202960e-01,-1.24102244817105358503833326822315e-01
1.40500000000000000000000000000000e+01,3.01489411561421849754447576154345e-01,-9.78998050955888609036582082855214e-02,-1.18339350904889130329603597331709e-01,-1.22548153660235333111316391597023e-01
1.41000000000000000000000000000000e+01,2.96503374176675940201762082895384e-01,-1.01515510812465311739707667776868e-01,-1.24426707794791440936400669795030e-01,-1.20936667660526223769261461421064e-01
1.41500000000000000000000000000000e+01,2.91340464741020336159335856367542e-01,-1.04975173049190131608090629537946e-01,-1.30432076501025722184844713895414e-01,-1.19268798906316658554562700823497e-01
1.41999999999999999999999999999999e+01,2.86008415629934008912358783695814e-01,-1.08281452858542898454133443682169e-01,-1.36352663895575382761494283448483e-01,-1.17545591609805187831211391058530e-01
1.42500000000000000000000000000000e+01,2.80514846285827287690476065262174e-01,-1.11436203223187744364911886754810e-01,-1.42185729578654154991069030956020e-01,-1.15768109024288363020967208347079e-01
1.42999999999999999999999999999999e+01,2.74867303260196673918678847544589e-01,-1.14440513276670903653434493682940e-01,-1.47928586610657409448135282556648e-01,-1.13937425893311219273790040614547e-01
1.43499999999999999999999999999999e+01,2.69073293792232461971390659376209e-01,-1.17294912380983377723447708024406e-01,-1.53578602060309311613577587038750e-01,-1.12054628584385230445267314855489e-01
1.44000000000000000000000000000000e+01,2.63140306567162623875491822043523e-01,-1.19999666187900251496355545018940e-01,-1.59133197727249002201908855256065e-01,-1.10120821362495830301021773346532e-01
1.44499999999999999999999999999998e+01,2.57075816974748583034974951335157e-01,-1.22555088492789002402352509688854e-01,-1.64589851251510345095506804252456e-01,-1.08137134847654713564864799423546e-01
1.45000000000000000000000000000000e+01,2.50887277837145064042063545894900e-01,-1.24961801536536429506696218329802e-01,-1.69946097608328711766491216027969e-01,-1.06104732402148726187986768827147e-01
1.45500000000000000000000000000000e+01,2.44582099441873745376350140876353e-01,-1.27220898841350900142242230244049e-01,-1.75199530808300497759455051040201e-01,-1.04024811781261151916852460416334e-01
1.45999999999999999999999999999999e+01,2.38167624329469811518948915356369e-01,-1.29333992201868717964045300680243e-01,-1.80347805551173206415832669243877e-01,-1.01898601854192695269990770413554e-01
1.46500000000000000000000000000000e+01,2.31651102512147131881065762238132e-01,-1.31303151385564153399021916505452e-01,-1.85388638629578214167933310105888e-01,-9.97273563450620746829207073055997e-02
1.46999999999999999999999999999999e+01,2.25039671815201324106805403836626e-01,-1.33130765928966750128267112342347e-01,-1.90319810006141473994341414155947e-01,-9.75123474896513064443286070100894e-02
1.47500000000000000000000000000000e+01,2.18340346235512709521178664534287e-01,-1.34819369814247749545777941482030e-01,-1.95139163625727024493741454517453e-01,-9.52548620467112520378568223928052e-02
1.48000000000000000000000000000000e+01,2.11560013104017863812816654144885e-01,-1.36371470942139519049480078007618e-01,-1.99844608112825691362609970837804e-01,-9.29562006764788751728066457077662e-02
1.48499999999999999999999999999999e+01,2.04705437906733466602361667518373e-01,-1.37789419611793501243337897670288e-01,-2.04434117512915374902027829615521e-01,-9.06176800805987280050833387434312e-02
1.49000000000000000000000000000000e+01,1.97783274232368875416801614783939e-01,-1.39075336697601914560554395776214e-01,-2.08905732175720196606931788994492e-01,-8.82406362147161704685636916152882e-02
1.49499999999999999999999999999998e+01,1.90800075671787125919118417927834e-01,-1.40231106603252613397833593731802e-01,-2.13257559785694445577171514149178e-01,-8.58264267113296764219633676403444e-02
1.50000000000000000000000000000000e+01,1.83762306608502570625523250960861e-01,-1.41258425922126603607452068797306e-01,-2.17487776465884874165063572231962e-01,-8.33764313051062323177430557407373e-02
1.50500000000000000000000000000000e+01,1.76676349565356655407550815929701e-01,-1.42158888712252973512195330832254e-01,-2.21594627847214179922090199810997e-01,-8.08920501125414953184943317619572e-02
1.50999999999999999999999999999999e+01,1.69548507863423380324879785702116e-01,-1.42934084796613914853236301475099e-01,-2.25576430013023057948019936611766e-01,-7.83747005576658489230958327412754e-02
1.51500000000000000000000000000000e+01,1.62385003522711095776326485274513e-01,-1.43585688564641822931631613537637e-01,-2.29431570281770044096368473295553e-01,-7.58258141721769439199020649648781e-02
1.51999999999999999999999999999999e+01,1.55191971336112668634561537840232e-01,-1.44115521274146780449625335930479e-01,-2.33158507850189094152517141913855e-01,-7.32468343310196484943335502599453e-02
1.52500000000000000000000000000000e+01,1.47975450699662694486183063448979e-01,-1.44525577995309424335443360300692e-01,-2.36755774358290669689759051463663e-01,-7.06392153895614307134718687382937e-02
1.53000000000000000000000000000000e+01,1.40741377004941148184383176788137e-01,-1.44818019016138233236450174013332e-01,-2.40221974443071230416767834056357e-01,-6.80044229964397449315422442405314e-02
1.53499999999999999999999999999999e+01,1.33495574215241868175020649493260e-01,-1.44995132876541456711015585268858e-01,-2.43555786323166031315942862439632e-01,-6.53439348822396303329401259840585e-02
1.54000000000000000000000000000000e+01,1.26243749757880407530256975393641e-01,-1.45059282914867732118266501210737e-01,-2.46755962417829298618059156648648e-01,-6.26592413353693932418049762674731e-02
1.54499999999999999999999999999999e+01,1.18991492219458135538095929972998e-01,-1.45012850737926198609556454481014e-01,-2.49821329969844975655050109237858e-01,-5.99518448448481420991543972036026e-02
1.55000000000000000000000000000000e+01,1.11744271686656014495119902656513e-01,-1.44858188546992199520819976162055e-01,-2.52750791627037982839358618915063e-01,-5.72232588377328265852141664982043e-02
1.55500000000000000000000000000000e+01,1.04507442064929060912673565292810e-01,-1.44597588542621469535252558557795e-01,-2.55543325944226540604481364153282e-01,-5.44750058418654111055177825154408e-02
1.55999999999999999999999999999999e+01,9.72862444156286468899562197373297e-02,-1.44233272805255183254719508742636e-01,-2.58197987789857761985296621212915e-01,-5.17086155956753658256267634357270e-02
1.56500000000000000000000000000000e+01,9.00858103045860479494423446123290e-02,-1.43767402279559163398986351938418e-01,-2.60713908666901202810141521791243e-01,-4.89256235591927768412600417158096e-02
1.56999999999999999999999999999999e+01,8.29111643233882973450738068262782e-02,-1.43202099757085308797946581469036e-01,-2.63090296974356177992114720540452e-01,-4.61275700273195150831539245512941e-02
1.57500000000000000000000000000000e+01,7.57672252596102802267703035981164e-02,-1.42539479665434792314048129680373e-01,-2.65326438238123360641818156595060e-01,-4.33159997487456136019382034004023e-02
1.58000000000000000000000000000000e+01,6.86588057656650390253708851519788e-02,-1.41781677205872668863909122970444e-01,-2.67421695329379528070909159137955e-01,-4.04924617480816012032110668364936e-02
1.58499999999999999999999999999999e+01,6.15906107210890181556026670102922e-02,-1.40930870702575775257984191107786e-01,-2.69375508671755306698074598411316e-01,-3.76585090084572593733597791199192e-02
1.59000000000000000000000000000001e+01,5.45672347329731816544993968804134e-02,-1.39989293409016481182890684101039e-01,-2.71187396423885901824121420052779e-01,-3.48156977867208696186469855662801e-02
1.59499999999999999999999999999999e+01,4.75931593373026880659281949447323e-02,-1.38959233796800587909121690390262e-01,-2.72856954617313558259831024834171e-01,-3.19655865278601042646163043391128e-02
1.60000000000000000000000000000000e+01,4.06727504467930414839515902027643e-02,-1.37843025889330382806463709693520e-01,-2.74383857232774934436000451160672e-01,-2.91097345221155282977365729344826e-02
1.60500000000000000000000000000000e+01,3.38102564636082843734781668189335e-02,-1.36643033010010343584129391916206e-01,-2.75767856207701817257731411980143e-01,-2.62497005341995129709871596546562e-02
1.60999999999999999999999999999999e+01,2.70098072820616281523156283633313e-02,-1.35361629135518486244601614541405e-01,-2.77008781378977798304637752912916e-01,-2.33870416073145984430561167005626e-02
1.61499999999999999999999999999997e+01,2.02754141975724547559929379579329e-02,-1.34001181868269414676921536487485e-01,-2.78106540372587747832900995820608e-01,-2.05233121357200097290280851148345e-02
1.62000000000000000000000000000000e+01,1.36109705593829365785737770908064e-02,-1.32564040066102504575046226842835e-01,-2.79061118453136713510853580607626e-01,-1.76600631691048730491680705658076e-02
1.62500000000000000000000000000000e+01,7.02025288784867554129350031679429e-03,-1.31052527722051042217177458237896e-01,-2.79872578341797172527666690793347e-01,-1.47988418196689907635952480651565e-02
1.63000000000000000000000000000000e+01,5.06922136563439868729701370318369e-04,-1.29468944146304516571518015900321e-01,-2.80541060003952381752980861537418e-01,-1.19411906217443152182825528074066e-02
1.63499999999999999999999999999999e+01,-5.92547518873246033967413405329043e-03,-1.27815569198574955886583348655306e-01,-2.81066780401264816253731810213721e-01,-9.08864674089056620880589982925808e-03
1.63999999999999999999999999999996e+01,-1.22735062566945788591807855460429e-02,-1.26094671481773522899372579271146e-01,-2.81450033199795723596477558403367e-01,-6.24274101278622306979111967113256e-03
1.64500000000000000000000000000000e+01,-1.85338515709764779378962145184380e-02,-1.24308517134030873107692754488156e-01,-2.81691188426883559855537649590290e-01,-3.40499686989259152042711523219790e-03
1.65000000000000000000000000000000e+01,-2.47033050398627753354145302129214e-02,-1.22459377111455948197044831987598e-01,-2.81790692073579572593912951755456e-01,-5.76929253445211110239837961876991e-04
1.65500000000000000000000000000000e+01,-3.07787743396020659230094773533139e-02,-1.20549531501634911075734657082253e-01,-2.81749065644273279226272150262933e-01,2.23995640059280734709013298428277e-03
1.65999999999999999999999999999999e+01,-3.67572814039783487987912923898708e-02,-1.18581270252446270385675532930835e-01,-2.81566905658526700654411929551429e-01,5.04416505815896878228229163660333e-03
1.66499999999999999999999999999997e+01,-4.26359628633504530030770040418488e-02,-1.16556890537853229918366785405289e-01,-2.81244883110884833216676163757628e-01,7.83421287854670096217875846722436e-03
1.67000000000000000000000000000000e+01,-4.84120702850307267606141803694645e-02,-1.14478691641401167075587448094590e-01,-2.80783742892694021570773225686005e-01,1.06086279533322735542672780187387e-02
1.67500000000000000000000000000000e+01,-5.40829701215784810704777173762308e-02,-1.12348968612001677087508748472903e-01,-2.80184303176937248857388387619697e-01,1.33659510557398992912745752160755e-02
1.68000000000000000000000000000000e+01,-5.96461433389833658983149730957924e-02,-1.10170006003314336421606810083047e-01,-2.79447454764331327071165779060148e-01,1.61047364444083829598988095120345e-02
1.68499999999999999999999999999999e+01,-6.50991847576604809315104342067523e-02,-1.07944072785809293833207441695410e-01,-2.78574160387591731663669233547350e-01,1.88235527304804523691171647252304e-02
1.68999999999999999999999999999997e+01,-7.04398021838198804415045783085307e-02,-1.05673419108958244072783938007712e-01,-2.77565453971204731115322009963081e-01,2.15209837837893154517341762454756e-02
1.69500000000000000000000000000000e+01,-7.56658154304757538856379561949780e-02,-1.03360275104551329406268995605843e-01,-2.76422439845773828746673852641474e-01,2.41956296367061174988956049422951e-02
1.70000000000000000000000000000000e+01,-8.07751553252659653602805628878090e-02,-1.01006851473041531769711942856761e-01,-2.75146291918069930995458636808094e-01,2.68461073476812130253325410816882e-02
1.70500000000000000000000000000000e+01,-8.57658627805524561654742544661825e-02,-9.86153412700309179160615281825836e-02,-2.73738252799371450702347695477929e-01,2.94710518056458107976248673831130e-02
1.70999999999999999999999999999999e+01,-9.06360879675540517420110814278689e-02,-9.61879221571715727484703951734463e-02,-2.72199632895013099895865791751893e-01,3.20691164802936401533245858004001e-02
1.71499999999999999999999999999997e+01,-9.53840895994046407921487757366141e-02,-9.37267584053894792642399300385863e-02,-2.70531809457326722694659344867809e-01,3.46389741407009651528542157646464e-02
1.72000000000000000000000000000000e+01,-1.00008234296158683020617769366749e-01,-9.12340021056478759600099373416213e-02,-2.68736225602863780526804218184372e-01,3.71793175692909852061542625285234e-02
1.72500000000000000000000000000000e+01,-1.04506995983688992748742730995275e-01,-8.87117932959814114795869163585275e-02,-2.66814389293602938917715189347570e-01,3.96888602899976485233985266575899e-02
1.73000000000000000000000000000000e+01,-1.08878955270785360231209237293461e-01,-8.61622589869835456327941813791706e-02,-2.64767872281275471795965175256319e-01,4.21663373142851042585344310480657e-02
1.73499999999999999999999999999999e+01,-1.13122798754005659964013917544972e-01,-8.35875113014547407903924851296964e-02,-2.62598309014142719792751061422407e-01,4.46105058941796533471510321124016e-02
1.73999999999999999999999999999997e+01,-1.17237318214813126244490593873643e-01,-8.09896450955215644074956774508906e-02,-2.60307395506330585145817612289527e-01,4.70201462638162810085705462286644e-02
1.74500000000000000000000000000000e+01,-1.21221409693599953843943036071517e-01,-7.83707354799693366578159387059496e-02,-2.57896888170751122610441903933085e-01,4.93940623523532913232536833132789e-02
1.75000000000000000000000000000000e+01,-1.25074072445389045034969602462258e-01,-7.57328356172597062534180956630410e-02,-2.55368602617308359059966324191048e-01,5.17310824593839382706835216809883e-02
1.75500000000000000000000000000000e+01,-1.28794407798135508443132126995901e-01,-7.30779750559276204356240325196511e-02,-2.52724412418261928082185589417861e-01,5.40300598944606038696080579604465e-02
1.75999999999999999999999999999999e+01,-1.32381617943944195571876240342953e-01,-7.04081587146298813578308931283216e-02,-2.49966247842324866801156770983459e-01,5.62898735901760319075929438065863e-02
1.76499999999999999999999999999996e+01,-1.35835004695326803416390644618746e-01,-6.77253664796155332388228302655696e-02,-2.47096094558518041621761215892761e-01,5.85094287005142988968453696949448e-02
1.77000000000000000000000000000000e+01,-1.39153968233690857523510351995988e-01,-6.50315532622479920857768892307676e-02,-2.44115992310283158764269886203032e-01,6.06876571928700568461317732979442e-02
1.77500000000000000000000000000000e+01,-1.42338005867682611071927928775024e-01,-6.23286492964783553779964157149350e-02,-2.41028033560095182403132028306661e-01,6.28235184356177490215655983880423e-02
1.78000000000000000000000000000000e+01,-1.45386710807511903659083417225906e-01,-5.96185604454515625864182308803288e-02,-2.37834362104889091039843802041713e-01,6.49159997767416408551508840638814e-02
1.78499999999999999999999999999999e+01,-1.48299770950643292922088212220213e-01,-5.69031683249231085188855569541707e-02,-2.34537171662944069160616437993853e-01,6.69641171055251517629782285398280e-02
1.78999999999999999999999999999997e+01,-1.51076967666335037620179676050845e-01,-5.41843301230804218394604196706005e-02,-2.31138704433274026868378154413440e-01,6.89669153896630387858281503348727e-02
1.79500000000000000000000000000000e+01,-1.53718174562618572834045775510547e-01,-5.14638780815955502560162043047810e-02,-2.27641249628877257573797440384170e-01,7.09234691835799282150778316426242e-02
1.80000000000000000000000000000000e+01,-1.56223356219597707150559367730040e-01,-4.87436186816686276101205263702818e-02,-2.24047141985295173505138727330176e-01,7.28328831082196139184663267233886e-02
1.80500000000000000000000000000000e+01,-1.58592566876687789505728518173131e-01,-4.60253316362530074074977448664949e-02,-2.20358760245822316056050548507339e-01,7.46942923060057942671092048302718e-02
1.80999999999999999999999999999999e+01,-1.60825949067294611836417855187522e-01,-4.33107688171965169171367716118563e-02,-2.16578525624486654521042710108418e-01,7.65068628757751535054192428693348e-02
1.81499999999999999999999999999997e+01,-1.62923732200903888225284480270640e-01,-4.06016532427537862781138488734471e-02,-2.12708900247703825538241900922046e-01,7.82697922911871508652910291758010e-02
1.82000000000000000000000000000000e+01,-1.64886231098190506365856704660371e-01,-3.78996782223580614451637800536635e-02,-2.08752385575399495430293026831219e-01,7.99823098034057672931199796244351e-02
1.82500000000000000000000000000000e+01,-1.66713844488533891101495790625662e-01,-3.52065067115484326177923168233464e-02,-2.04711520802425325404550790995598e-01,8.16436768261514668473526090226247e-02
1.83000000000000000000000000000000e+01,-1.68407053480758374329920503020621e-01,-3.25237708820189216982909087213345e-02,-2.00588881241233585377825890877940e-01,8.32531872997110204261897286342315e-02
1.83499999999999999999999999999999e+01,-1.69966420017081292752882058479368e-01,-2.98530718703911168393459777528227e-02,-1.96387076686949059402898958227442e-01,8.48101680306279813251098976125398e-02
1.83999999999999999999999999999997e+01,-1.71392585317678569117569173624725e-01,-2.71959796420160868494242146534762e-02,-1.92108749766107828628963201652083e-01,8.63139790052456956795175949890170e-02
1.84500000000000000000000000000000e+01,-1.72686268319774556888776286341297e-01,-2.45540328963063245767998712752454e-02,-1.87756574270375303584455434723196e-01,8.77640136771933653703516929929424e-02
1.85000000000000000000000000000000e+01,-1.73848264111601692442772530847740e-01,-2.19287389470511030957220369782577e-02,-1.83333253476510595314266533814977e-01,8.91596992303894148768497522560977e-02
1.85500000000000000000000000000000e+01,-1.74879442358702054329670103699494e-01,-1.93215735307896736524209550164195e-02,-1.78841518453748878681895312661058e-01,9.05004968196222728280969908525616e-02
1.85999999999999999999999999999999e+01,-1.75780745718342813993029265629692e-01,-1.67339805225350241947713205727888e-02,-1.74284126359680735709702836894142e-01,9.17859017902208539602211707943682e-02
1.86499999999999999999999999999997e+01,-1.76553188237456238924523520370428e-01,-1.41673715644766764779228835230017e-02,-1.69663858725660060132687783808744e-01,9.30154438771632463385898552763681e-02
1.87000000000000000000000000000000e+01,-1.77197853730354140249241534135259e-01,-1.16231256342684060486476614076199e-02,-1.64983519732785370393284571396102e-01,9.41886873828065183947144361087705e-02
1.87500000000000000000000000000000e+01,-1.77715894134141480772077841654452e-01,-9.10258859163429688338623685103664e-03,-1.60245934479559526924595094523236e-01,9.53052313317652547208980766807396e-02
1.88000000000000000000000000000000e+01,-1.78108527841784501066920219284018e-01,-6.60707274420700531855122797263987e-03,-1.55453947242407730706599792983037e-01,9.63647096015274828840462626889659e-02
1.88499999999999999999999999999999e+01,-1.78377038014698486230604924383244e-01,-4.13785646688689563488363680984381e-03,-1.50610419730289729668176734646655e-01,9.73667910280366762736027984300011e-02
1.88999999999999999999999999999996e+01,-1.78522770878133876498685936827504e-01,-1.69618389636193061799702944082534e-03,-1.45718229334659104637595744511377e-01,9.83111794863236979160407847237163e-02
1.89500000000000000000000000000000e+01,-1.78547134003344281153747239750711e-01,7.16735292664095712729704310001662e-04,-1.40780267375999866657571207019550e-01,9.91976139469475397826786141813176e-02
1.90000000000000000000000000000000e+01,-1.78451594580484001663441414744265e-01,3.09972603701650375450655558435026e-03,-1.35799437348124565842236395808452e-01,1.00025868509247152838412800252289e-01
1.90500000000000000000000000000000e+01,-1.78237677685531733590547179698923e-01,5.45164797809527522956472018393814e-03,-1.30778653161371788065986704617326e-01,1.00795752412194983814765383130532e-01
1.91000000000000000000000000000000e+01,-1.77906964543503435832564894472859e-01,7.77139552111130947811445291966987e-03,-1.25720837385813220621632264276504e-01,1.01507110023151784680612118052268e-01
1.91499999999999999999999999999997e+01,-1.77461090789074524894745957173400e-01,1.00578978827132026712291750820050e-02,-1.20628919495578736443491521979931e-01,1.02159820804317499757532217449623e-01
1.91999999999999999999999999999999e+01,-1.76901744724731547918110691878918e-01,1.23101191442399704944192358108914e-02,-1.15505834115426759336828008867048e-01,1.02753799256380650196585066346083e-01
1.92500000000000000000000000000000e+01,-1.76230665575898374133249155829762e-01,1.45270583201366863650000990494823e-02,-1.10354519270712868317385109356417e-01,1.03288994838884746535944650646705e-01
1.93000000000000000000000000000000e+01,-1.75449641742217745374799067189552e-01,1.67077494426588247602383044103794e-02,-1.05177914641927555535402180217058e-01,1.03765391867101970791557372453300e-01
1.93499999999999999999999999999999e+01,-1.74560509044303499451254819059092e-01,1.88512616567106164621286017007791e-02,-9.99789598249751326755523973977379e-02,1.04183009385578083187677601857497e-01
1.93999999999999999999999999999997e+01,-1.73565148965719653334986341614755e-01,2.09566993138299796019052768210212e-02,-9.47605925983493139841155854421508e-02,1.04541901018817296228907171934981e-01
1.94499999999999999999999999999999e+01,-1.72465486890549189512551975986111e-01,2.30232020525530476708111404104315e-02,-8.95257471983336103932247706234306e-02,1.04842154799699984073526469894122e-01
1.95000000000000000000000000000000e+01,-1.71263490337535388078729837447023e-01,2.50499448535481636276145104374091e-02,-8.42773526033261507078919651545015e-02,1.05083892976154908956708782694917e-01
1.95500000000000000000000000000000e+01,-1.69961167192280773432210447068279e-01,2.70361380613015290496711197196391e-02,-7.90183308283671158622557224417634e-02,1.05267271796413141787707556182522e-01
1.95999999999999999999999999999999e+01,-1.68560563939286956485521668305071e-01,2.89810273687150060257525811529579e-02,-7.37515952309359932104371230478918e-02,1.05392481272965666374859167250724e-01
1.96499999999999999999999999999997e+01,-1.67063763895682135697447121576279e-01,3.08838937656127156262502470382552e-02,-6.84800488290832347320801418647481e-02,1.05459744925228435781549251787625e-01
1.96999999999999999999999999999999e+01,-1.65472885448334170714922357934379e-01,3.27440534558842335032315419855224e-02,-6.32065826329609386096587554727127e-02,1.05469319500930448334676275742133e-01
1.97500000000000000000000000000000e+01,-1.63790080295748518724312384874128e-01,3.45608577501931221416101985651936e-02,-5.79340739908136614396681212367560e-02,1.05421494676361443066531651093463e-01
1.98000000000000000000000000000000e+01,-1.62017531695785441473016067483361e-01,3.63336929416388600217485670730242e-02,-5.26653849504794759635271236927578e-02,1.05316592735781372508104692819783e-01
1.98499999999999999999999999999999e+01,-1.60157452719883692659843788006742e-01,3.80619801706594832106875241625355e-02,-4.74033606374325817423258622480260e-02,1.05154968230430765129717476507322e-01
1.98999999999999999999999999999997e+01,-1.58212084514215334229616588371457e-01,3.97451752832770498298919444114104e-02,-4.21508276503749570814977991057001e-02,1.04937007617640975381887466329024e-01
1.99499999999999999999999999999999e+01,-1.56183694568057193361655654964435e-01,4.13827686841434996209240920352172e-02,-3.69105924753599118371033900138968e-02,1.04663128880519128525613030561893e-01
2.00000000000000000000000000000000e+01,-1.54074574989655793829304637598466e-01,4.29742851833621378404240618268187e-02,-3.16854399194085130222452328081554e-02,1.04333781128604764899961755921745e-01
2.00500000000000000000000000000000e+01,-1.51887040789963222736385682652763e-01,4.45192838342292827942912513363949e-02,-2.64781315645621856777594639108396e-02,1.03949444179812200091499041306544e-01
2.00999999999999999999999999999999e+01,-1.49623428174790842665382422700599e-01,4.60173577581381625515099468038144e-02,-2.12914042433004595114962839263194e-02,1.03510628123926857109295272361605e-01
2.01499999999999999999999999999996e+01,-1.47286092846117685355375856135949e-01,4.74681339529529690385287595612720e-02,-1.61279685362393814518641305492532e-02,1.03017872867934368029460833493801e-01
2.01999999999999999999999999999999e+01,-1.44877408313455837809366324876935e-01,4.88712730820279951518696688350860e-02,-1.09905072930108467441831294067896e-02,1.02471747663519496377912045739980e-01
2.02500000000000000000000000000000e+01,-1.42399764216283407497334094530794e-01,5.02264692424086788215546200593681e-02,-5.88167417720428863515616299465199e-03,1.01872850617149991489934574281057e-01
2.03000000000000000000000000000000e+01,-1.39855564658590991732649753100641e-01,5.15334497122485709982154641702100e-02,-8.04092236229643397490314546990796e-04,1.01221808183226400992038969662881e-01
2.03500000000000000000000000000000e+01,-1.37247226556551771583602930620314e-01,5.27919746787790081719386604190152e-02,4.23964750306451094790042788045361e-03,1.00519274640811080977992061324229e-01
2.03999999999999999999999999999997e+01,-1.34577178000234536552264339934503e-01,5.40018369490401670466660131461622e-02,9.24698741220940558548129827848530e-03,9.97659315544445173106691590199794e-02
2.04499999999999999999999999999999e+01,-1.31847856630157953830289028444979e-01,5.51628616459138057175501950699898e-02,1.42154046115875950534252013416539e-02,9.89624872195274228280903938117100e-02
2.05000000000000000000000000000001e+01,-1.29061708029360230596265358425497e-01,5.62749058918089400773869494449506e-02,1.91424122927970601031472688243578e-02,9.81096760927138798836673839128148e-02
2.05500000000000000000000000000001e+01,-1.26221184131554246373540781094723e-01,5.73378584817655733813091816152086e-02,2.40255610121691431020415935802481e-02,9.72082582077427923291470683753198e-02
2.05999999999999999999999999999999e+01,-1.23328741645869599124283669230448e-01,5.83516395469437256822906962567672e-02,2.88624399547229754620836829862564e-02,9.62590185771409270598661986642165e-02
2.06499999999999999999999999999997e+01,-1.20386840498655357251556579373540e-01,5.93162002086544022365636884297867e-02,3.36506781678613345803195776797382e-02,9.52627665802576883620129914467882e-02
2.07000000000000000000000000000000e+01,-1.17397942292826820807339062772390e-01,6.02315222224354359779539890501596e-02,3.83879457641367750439153098043974e-02,9.42203353381277195900536627052440e-02
2.07499999999999999999999999999999e+01,-1.14364508785275373822659896033632e-01,6.10976176112885702849759088497167e-02,4.30719550924425143938431966612432e-02,9.31325810756886490796631974109734e-02
2.08000000000000000000000000000000e+01,-1.11289000382907954311997509732495e-01,6.19145282871124826619084184787496e-02,4.77004618770094122494805348974396e-02,9.20003824718982075975329151227942e-02
2.08500000000000000000000000000000e+01,-1.08173874657927060994714723970854e-01,6.26823256595588269971868024909150e-02,5.22712663236176658036115042018764e-02,9.08246399982955833093516934767958e-02
2.08999999999999999999999999999998e+01,-1.05021584882991762972867815682123e-01,6.34011102319225322531829112502662e-02,5.67822141924588493125153950194619e-02,8.96062752465414353815762592565620e-02
2.09499999999999999999999999999998e+01,-1.01834578586907972315477928471275e-01,6.40710111841448728380309714609905e-02,6.12311978371103147816081960753361e-02,8.83462302454583223783123376100205e-02
2.10000000000000000000000000000000e+01,-9.86152961314809053247315271777423e-02,6.46921859434495968260629821224147e-02,6.56161572091098503081994052505829e-02,8.70454667680864963571355056702700e-02
2.10500000000000000000000000000000e+01,-9.53661693101277668276307523763918e-02,6.52648197434623724119095973753178e-02,6.99350808276442745871803100979363e-02,8.57049656292730107724982783886221e-02
2.10999999999999999999999999999999e+01,-9.20896199688012467478540845591830e-02,6.57891251728322662327622442044170e-02,7.41860067138918101181156992583137e-02,8.43257259743237049552692905433408e-02
2.11499999999999999999999999999996e+01,-8.87880586497228748615612794861607e-02,6.62653417143722501177356134390560e-02,7.83670232895849398608103486701085e-02,8.29087645592629417339821461777759e-02
2.11999999999999999999999999999998e+01,-8.54638832583775751202042934594739e-02,6.66937352755916271501911802253998e-02,8.24762702393880464142831557970167e-02,8.14551150232591053207470651059666e-02
2.12500000000000000000000000000000e+01,-8.21194777541827591789948529976505e-02,6.70745977112595490918955485896583e-02,8.65119393367122343566729334651093e-02,7.99658271537806804026388251708840e-02
2.13000000000000000000000000000000e+01,-7.87572108652199075796920168565047e-02,6.74082463383784069945856862683930e-02,9.04722752326179930558088300563703e-02,7.84419661450473398791777182870254e-02
2.13499999999999999999999999999999e+01,-7.53794348274036250450248656161768e-02,6.76950234437172981051625305498465e-02,9.43555762074844540943200835684139e-02,7.68846118503350572962338839761579e-02
2.13999999999999999999999999999996e+01,-7.19884841484598807889793686994965e-02,6.79352957839016114005642933350698e-02,9.81601948851517772202623335121894e-02,7.52948580286876325056633629447652e-02
2.14499999999999999999999999999999e+01,-6.85866743970872270230240169225645e-02,6.81294540779954303759644903365133e-02,1.01884538909270693880177421823586e-01,7.36738115865826729576599775621335e-02
2.15000000000000000000000000000000e+01,-6.51763010176774647852999144431224e-02,6.82779124925464006571047269099782e-02,1.05527071581620614569287788324156e-01,7.20225918150997404606729456877212e-02
2.15500000000000000000000000000000e+01,-6.17596381709713543002777561013311e-02,6.83811081191666716504827434475961e-02,1.09086312462185162150877015843493e-01,7.03423296231415693999341844768107e-02
2.16000000000000000000000000000000e+01,-5.83389376010177887972594892496371e-02,6.84395004448658690757062123682430e-02,1.12560837930801655094924956595704e-01,6.86341667672638677943374018725172e-02
2.16499999999999999999999999999997e+01,-5.49164275287903425645810727792225e-02,6.84535708154974000704768942426717e-02,1.15949281710228937016003868027322e-01,6.68992550786726631797723175516507e-02
2.16999999999999999999999999999999e+01,-5.14943115727939132057239344236780e-02,6.84238218927973630834851574078581e-02,1.19250335350505923218980862583221e-01,6.51387556879486244036719536051891e-02
2.17500000000000000000000000000001e+01,-4.80747676969682224588522166310901e-02,6.83507771055660586045587101397936e-02,1.22462748674501145383582340060936e-01,6.33538382480548537111013404442478e-02
2.18000000000000000000000000000001e+01,-4.46599471861668094837044730260865e-02,6.82349800955586171035416447526824e-02,1.25585330184581270778943343614292e-01,6.15456801561792282783657359607976e-02
2.18499999999999999999999999999999e+01,-4.12519736494624663933389735072820e-02,6.80769941586188854285924173032859e-02,1.28616947430353969221181228731431e-01,5.97154657749561315954168042314194e-02
2.18999999999999999999999999999997e+01,-3.78529420515049367856210466604750e-02,6.78774016815239359146961078859286e-02,1.31556527337467599412296424813732e-01,5.78643856536069043263554111273153e-02
2.19500000000000000000000000000000e+01,-3.44649177721353703989584773803444e-02,6.76368035749245908134802760285882e-02,1.34403056497477046791377874944910e-01,5.59936357495343639382658944725550e-02
2.19999999999999999999999999999999e+01,-3.10899356944447686775596366001868e-02,6.73558187026893956811855468754543e-02,1.37155581418811743690381693243260e-01,5.41044166509041321451419308935560e-02
2.20500000000000000000000000000000e+01,-2.77299993214498604879479671217956e-02,6.70350833079007891993927843742851e-02,1.39813208738908487458520252502581e-01,5.21979328007433825059513001015910e-02
2.21000000000000000000000000000000e+01,-2.43870799215483004306129185078545e-02,6.66752504357216192439093527824087e-02,1.42375105397598139271500931420293e-01,5.02753917230848728320011540071760e-02
2.21499999999999999999999999999998e+01,-2.10631157029043111458922092361766e-02,6.62769893533492438114311464864506e-02,1.44840498771861582096149325916411e-01,4.83380032516799508220752715835871e-02
2.21999999999999999999999999999998e+01,-1.77600110169045095953226685326841e-02,6.58409849672984391195159842832633e-02,1.47208676772096361374955949489338e-01,4.63869787617984047675136328330684e-02
2.22500000000000000000000000000000e+01,-1.44796355908106389634322000320660e-02,6.53679372382940368681976746829805e-02,1.49478987900061151957581821549047e-01,4.44235304056259495038221357612264e-02
2.23000000000000000000000000000000e+01,-1.12238237897207611428028696539228e-02,6.48585605940986419101705007363955e-02,1.51650841268690543565207538862503e-01,4.24488703517624935095845791474637e-02
2.23499999999999999999999999999999e+01,-7.99437390793317860940285513099303e-03,6.43135833406396871087153263792230e-02,1.53723706583997604333148695526728e-01,4.04642100293168000301609341135687e-02
2.23999999999999999999999999999996e+01,-4.79304748978842833654370410804071e-03,6.37337470718259331304214565876787e-02,1.55697114089306284074206935182169e-01,3.84707593770860965540748006096177e-02
2.24499999999999999999999999999998e+01,-1.62156868004488619270525004652707e-03,6.31198060784526276948977484828290e-02,1.57570654472079979941911915228819e-01,3.64697260983025561887677896492258e-02
2.25000000000000000000000000000000e+01,1.51837639617631727474983540460936e-03,6.24725267565872082791200163589873e-02,1.59343978733636520249764068923049e-01,3.44623149214220097310598014009093e-02
2.25500000000000000000000000000000e+01,4.62514022386049760688280575271079e-03,6.17926870158072776119582897050784e-02,1.61016798022063418845548903060059e-01,3.24497268674232865177952561463453e-02
2.25999999999999999999999999999999e+01,7.69711445898407760966360864490706e-03,6.10810756876352586178963972424198e-02,1.62588883428670483386834688579309e-01,3.04331585240788846021349255542489e-02
2.26499999999999999999999999999996e+01,1.07327304598325543316078121782356e-02,6.03384919344858560514967596787901e-02,1.64060065748339685930114210877198e-01,2.84138013276491478446995472311607e-02
2.26999999999999999999999999999999e+01,1.37304597887847978643752878476724e-02,5.95657446594186118990873324998950e-02,1.65430235204154585449920082908101e-01,2.63928408524429424947591400989429e-02
2.27500000000000000000000000000000e+01,1.66888146846108886217771810921157e-02,5.87636519169720339082309621716131e-02,1.66699341136713503618705018030797e-01,2.43714561086782847605512270024658e-02
2.28000000000000000000000000000000e+01,1.96063485053443247894583661909603e-02,5.79330403253493325713557854705575e-02,1.67867391658552087421045750794814e-01,2.23508188490667698778231254192814e-02
2.28500000000000000000000000000000e+01,2.24816561418029558972983267666473e-02,5.70747444802278731622445849298564e-02,1.68934453274121846776220625532137e-01,2.03320928845361561755625708604869e-02
2.28999999999999999999999999999997e+01,2.53133744018467898918951596565725e-02,5.61896063704725300960131239830991e-02,1.69900650465791737849809758048069e-01,1.83164334094960517341730200743256e-02
2.29499999999999999999999999999999e+01,2.81001823654750969388518702809861e-02,5.52784747960438413389746496641470e-02,1.70766165246359874282077017663707e-01,1.63049863370421862398295451158431e-02
2.30000000000000000000000000000001e+01,3.08408017108800376742052470672895e-02,5.43422047884017881516264735942851e-02,1.71531236678581981219945186369374e-01,1.42988876444850312348191242646411e-02
2.30500000000000000000000000000001e+01,3.35339970115892650123327690180755e-02,5.33816570337124374799656573557046e-02,1.72196160362242244078587050055792e-01,1.22992627295784139219948562592897e-02
2.30999999999999999999999999999999e+01,3.61785760048453659166405695927177e-02,5.23976972991659857436529030204360e-02,1.72761287889310724076946097377927e-01,1.03072257778132179313257534265034e-02
2.31499999999999999999999999999997e+01,3.87733898313853543637211729920296e-02,5.13911958627106239455093989701966e-02,1.73227026267749495634787773331374e-01,8.32387914113035435858269357013020e-03
2.32000000000000000000000000000000e+01,4.13173332467984450328148851384539e-02,5.03630269464979383525756471503690e-02,1.73593837314547092168003904060876e-01,6.35031272839605725971515743694427e-03
2.32499999999999999999999999999999e+01,4.38093448046548381757423878272872e-02,4.93140681543238891711087067558740e-02,1.73862237018577719325124804983147e-01,4.38760340797134676405091592399312e-03
2.33000000000000000000000000000000e+01,4.62484070116121299754671878201244e-02,4.82451999133367189956445364103452e-02,1.74032794873898006514533514876445e-01,2.43681442269629098603602993317291e-03
2.33500000000000000000000000000000e+01,4.86335464547192256512953431075305e-02,4.71573049202712541306537026890170e-02,1.74106133184109819026881268149164e-01,4.98994817598488983820699551598474e-04
2.33999999999999999999999999999998e+01,5.09638339011503508782502599223813e-02,4.60512675924593157496726102352991e-02,1.74082926338432843040172170540072e-01,-1.42482111937606592501681777679320e-03
2.34499999999999999999999999999998e+01,5.32383843706140574498273144395183e-02,4.49279735238590170509939367593032e-02,1.73963900060145279605579121615271e-01,-3.33361440332297889981841447976769e-03
2.35000000000000000000000000000000e+01,5.54563571806941434260258605922699e-02,4.37883089463415455629815595166043e-02,1.73749830628065033077379499407140e-01,-5.22638188475512583385833458888047e-03
2.35500000000000000000000000000000e+01,5.76169559653912807224877688194354e-02,4.26331601964719929226552338208947e-02,1.73441544071757244283687272426697e-01,-7.10213676813061930730514106271398e-03
2.35999999999999999999999999999999e+01,5.97194286671459474068106219336210e-02,4.14634131880199139161846852766388e-02,1.73039915341166889587890987725625e-01,-8.95990911628164115962938514363519e-03
2.36499999999999999999999999999996e+01,6.17630675026350283143489479895451e-02,4.02799528904344883001242674034538e-02,1.72545867451387437026566925007448e-01,-1.07987463405047771198458828193720e-02
2.36999999999999999999999999999998e+01,6.37472089026461548588644352200576e-02,3.90836628135174779281062190283462e-02,1.71960370603288216426592296077111e-01,-1.26177136760855905486956629281568e-02
2.37500000000000000000000000000000e+01,6.56712334263454420450810602653323e-02,3.78754244985239848033410476636775e-02,1.71284441280734221016938555673332e-01,-1.44158946430422715895174023508591e-02
2.38000000000000000000000000000000e+01,6.75345656502656647415423938769864e-02,3.66561170159160830239985376528170e-02,1.70519141325142514024061851958878e-01,-1.61923914918852861490793886792892e-02
2.38499999999999999999999999999999e+01,6.93366740323530111128164443014352e-02,3.54266164699878606980997983186225e-02,1.69665576988129265253518840575282e-01,-1.79463256342020439196626832983651e-02
2.38999999999999999999999999999996e+01,7.10770707514212885256193160011492e-02,3.41877955105727012140826834315357e-02,1.68724897963010688676947082395580e-01,-1.96768380578877338704245816701192e-02
2.39499999999999999999999999999999e+01,7.27553115223727923083048526856335e-02,3.29405228520353493219818512525001e-02,1.67698296395929790276850180977263e-01,-2.13830897268556590441814972692954e-02
2.40000000000000000000000000000000e+01,7.43709953875549670253683934612927e-02,3.16856627997430507128442458569110e-02,1.66587005877388863042694280454913e-01,-2.30642619650726404787267370333891e-02
2.40500000000000000000000000000000e+01,7.59237644846315077808228959801389e-02,3.04240747842023145951343549311673e-02,1.65392300414975080765049146053539e-01,-2.47195568247773326338299571140730e-02
2.41000000000000000000000000000000e+01,7.74133037913556996431910715664064e-02,2.91566129030409210011219588911167e-02,1.64115493388073343200639406948793e-01,-2.63481974387515675205178859156730e-02
2.41499999999999999999999999999997e+01,7.88393408476426197745579164564564e-02,2.78841254710087465229449420190288e-02,1.62757936485366713011919094691747e-01,-2.79494283565270892187593316530045e-02
2.41999999999999999999999999999999e+01,8.02016454553453705553615356159229e-02,2.66074545781656789441407674968850e-02,1.61321018625930361759718837836208e-01,-2.95225158644222319963641637120403e-02
2.42500000000000000000000000000001e+01,8.15000293561488036082452693957464e-02,2.53274356564200555359874698392346e-02,1.59806164864729911062079068503375e-01,-3.10667482893152253378227229449479e-02
2.43000000000000000000000000000001e+01,8.27343458880022490724709166437900e-02,2.40448970545763528541205520084233e-02,1.58214835283339418849897892767793e-01,-3.25814362860728809988267919043197e-02
2.43499999999999999999999999999999e+01,8.39044896205205799436974944381874e-02,2.27606596220459581750673119103122e-02,1.56548523866698022169870959029421e-01,-3.40659131085654383806305854249929e-02
2.43999999999999999999999999999997e+01,8.50103959697905018594883269538175e-02,2.14755363013695278853009159835120e-02,1.54808757366727409599219333263326e-01,-3.55195348642103194534004215381875e-02
2.44500000000000000000000000000000e+01,8.60520407930262395707147403494052e-02,2.01903317296935693995935207630684e-02,1.52997094153634860415803991924110e-01,-3.69416807519994692498344836929374e-02
2.44999999999999999999999999999999e+01,8.70294399635257650353185220345179e-02,1.89058418493374791483979025950461e-02,1.51115123055728557007333820557011e-01,-3.83317532839768198858360144455952e-02
2.45500000000000000000000000000000e+01,8.79426489263853543274927087664361e-02,1.76228535275804427062175807716361e-02,1.49164462188573255191665067497714e-01,-3.96891784901441970419166317118956e-02
2.45999999999999999999999999999999e+01,8.87917622354365545536975267165827e-02,1.63421441857905320638432774469770e-02,1.47146757774315188673803187765253e-01,-4.10134061067856696080898517280032e-02
2.46499999999999999999999999999998e+01,8.95769130718755804331307487167728e-02,1.50644814380112157771091863043070e-02,1.45063682952005294117399442673998e-01,-4.23039097482119118548143421060623e-02
2.46999999999999999999999999999998e+01,9.02982727450607452254558725815419e-02,1.37906227391135025025938700686454e-02,1.42916936579749478130038557628403e-01,-4.35601870619375954319613102472346e-02
2.47500000000000000000000000000000e+01,9.09560501759587716863210212307501e-02,1.25213150426151845202469441100274e-02,1.40708242029513712961103683691186e-01,-4.47817598673161533846924706436331e-02
2.48000000000000000000000000000000e+01,9.15504913637257392537395047282436e-02,1.12572944682621829910527198644164e-02,1.38439345975410250042788343928342e-01,-4.59681742776674601287140851032421e-02
2.48499999999999999999999999999999e+01,9.20818788359130179211855802132272e-02,9.99928597946080124172273980295593e-03,1.36112017176289185844229497412692e-01,-4.71190008059450487200306309191039e-02
2.48999999999999999999999999999996e+01,9.25505310827928290724801342482020e-02,8.74800307064369484641615612103877e-03,1.33728045253457009173045412903757e-01,-4.82338344540004351680170399750370e-02
2.49499999999999999999999999999998e+01,9.29568019763020663926071350795123e-02,7.50414746464646815135099998477829e-03,1.31289239464340609692605937595505e-01,-4.93122947855129306450851626694177e-02
2.50000000000000000000000000000000e+01,9.33010801741067081441824022632031e-02,6.26840882016590422073280066720263e-03,1.28797427472911541154885149980105e-01,-5.03540259826639856085018456081263e-02
2.50500000000000000000000000000000e+01,9.35837885092925532495629814376908e-02,5.04146444936484667881027622947492e-03,1.26254454117681117347927642048116e-01,-5.13586968866456143725409636774037e-02
2.50999999999999999999999999999999e+01,9.38053833661911120859532172231789e-02,3.82397904568262944411148051752416e-03,1.23662180178072182186930543079338e-01,-5.23260010221027857520593345143689e-02
2.51499999999999999999999999999996e+01,9.39663540428522716083200143656611e-02,2.61660442190368510353972141602771e-03,1.21022481139968146272272937323409e-01,-5.32556566056198290286530899640023e-02
2.51999999999999999999999999999999e+01,9.40672221006778267723749169403995e-02,1.41997925853058149338560661283322e-03,1.18337245961234129366169299821307e-01,-5.41474065383708910611456923989636e-02
2.52500000000000000000000000000000e+01,9.41085407017321216739979718677336e-02,2.34728862501290959106276325745490e-04,1.15608375837998800517234907937534e-01,-5.50010183830642874065939616245021e-02
2.53000000000000000000000000000000e+01,9.40908939342478727301363581283726e-02,-9.38535063715949036199814247418724e-04,1.12837782972478774030473076330549e-01,-5.58162843253202150568404792482133e-02
2.53499999999999999999999999999999e+01,9.40148961268467541172658908732851e-02,-2.09921464262321149941575518844581e-03,1.10027389343120209349737420805257e-01,-5.65930211196307327578541612118491e-02
2.53999999999999999999999999999997e+01,9.38811911519955167689611983114216e-02,-3.24672603176819978345256269663471e-03,1.07179125477824585642759450552451e-01,-5.73310700200601613392014268233014e-02
2.54499999999999999999999999999999e+01,9.36904517192192925222699314124729e-02,-4.38049962337976946211041820076290e-03,1.04294929231017487209299520829473e-01,-5.80302966958531046432545710696841e-02
2.55000000000000000000000000000001e+01,9.34433786585943112039422681522166e-02,-5.49998023355512543482854071992019e-03,1.01376744565310653846510880623769e-01,-5.86905911321261351933285415983692e-02
2.55500000000000000000000000000001e+01,9.31407001950425369410294831397381e-02,-6.60462728099606436035074016866107e-03,9.84265203384985313728506392440561e-02,-5.93118675158278222868709158927391e-02
2.55999999999999999999999999999999e+01,9.27831712139507160434396215537252e-02,-7.69391495529743801624704609037435e-03,9.54462090966211122401898209872805e-02,-5.98940641071601996688062608169151e-02
2.56499999999999999999999999999997e+01,9.23715725186360262263076995083948e-02,-8.76733237479675828341444502894436e-03,9.24377658738149953334561518836321e-02,-6.04371430966629724143398791804620e-02
2.57000000000000000000000000000000e+01,9.19067100801799280275780583074367e-02,-9.82438373399957621610989992579942e-03,8.94031469996643285762231708370549e-02,-6.09410904481697458292188571674738e-02
2.57499999999999999999999999999999e+01,9.13894142801509452102160071532939e-02,-1.08645884406009636363674167993388e-02,8.63443089147526388503272893679485e-02,-6.14059157278533207448868044731783e-02
2.58000000000000000000000000000000e+01,9.08205391467359423225492193388162e-02,-1.18874812421291112387631595940723e-02,8.32632069951055121449352267905522e-02,-6.18316519195846367900406996837398e-02
2.58499999999999999999999999999999e+01,9.02009615847980250672141499082866e-02,-1.28926123422427257199850335854979e-02,8.01617943862026740740385557623451e-02,-6.22183552268372547824315183679787e-02
2.58999999999999999999999999999998e+01,8.95315806003774639180556728893944e-02,-1.38795475067195441401882330521177e-02,7.70420208472262484118966868750960e-02,-6.25661048613763477566343890713870e-02
2.59499999999999999999999999999998e+01,8.88133165201500356799595626335536e-02,-1.48478681591788657305673391850551e-02,7.39058316061998507399278921425793e-02,-6.28750028189780139156719815971477e-02
2.60000000000000000000000000000000e+01,8.80471102063548946355271817073609e-02,-1.57971714665865083795672281483228e-02,7.07551662266607174811894031490115e-02,-6.31451736424313310672716768939664e-02
2.60500000000000000000000000000000e+01,8.72339222677015287822433206712677e-02,-1.67270704145960112449329620990805e-02,6.75919574864942894530186375023156e-02,-6.33767641720819386653883290602904e-02
2.60999999999999999999999999999999e+01,8.63747322667625323965213128167407e-02,-1.76371938727852146292287956774659e-02,6.44181302695475756220445721122045e-02,-6.35699432841820588346818570646429e-02
2.61499999999999999999999999999996e+01,8.54705379243558391385280068160769e-02,-1.85271866498525487336456081375756e-02,6.12356004706242290945817011501737e-02,-6.37249016173177505109277611078200e-02
2.61999999999999999999999999999998e+01,8.45223543214167155742754695706551e-02,-1.93967095388424558658031678784086e-02,5.80462739144505856714471120034571e-02,-6.38418512871898299995628904092931e-02
2.62500000000000000000000000000000e+01,8.35312130988562185711910074153216e-02,-2.02454393524743623623423794171347e-02,5.48520452891879577473361780767882e-02,-6.39210255900302856743865566155283e-02
2.63000000000000000000000000000000e+01,8.24981616558989763776858185291773e-02,-2.10730689486545152146541363715876e-02,5.16547970950522552103569756380432e-02,-6.39626786949411629234795477157302e-02
2.63499999999999999999999999999999e+01,8.14242623473890667685581086727622e-02,-2.18793072462548120697395113659890e-02,4.84563986085875326319633047860499e-02,-6.39670853254477964918629285846626e-02
2.63999999999999999999999999999996e+01,8.03105916805484405268038751108300e-02,-2.26638792312474874395502380906626e-02,4.52587048631253508284836601533298e-02,-6.39345404305629199140975420336279e-02
2.64499999999999999999999999999999e+01,7.91582395116677786495506925463057e-02,-2.34265259532891745560895093669460e-02,4.20635556459469032703492320725242e-02,-6.38653588456625849303543368923770e-02
2.65000000000000000000000000000000e+01,7.79683082432048809203409415607013e-02,-2.41670045128524395294590569486141e-02,3.88727745126497062941210888938403e-02,-6.37598749434789771821931628756153e-02
2.65500000000000000000000000000000e+01,7.67419120217606659663254737927186e-02,-2.48850880390073772794668057930308e-02,3.56881678192052991288563167886552e-02,-6.36184422755191180019582108215289e-02
2.65999999999999999999999999999999e+01,7.54801759373976230090182713698401e-02,-2.55805656579602600724965501793126e-02,3.25115237721788578727504996698551e-02,-6.34414332042220959229862323195667e-02
2.66499999999999999999999999999997e+01,7.41842352247600979863254253170876e-02,-2.62532424524605317526614369668329e-02,2.93446114975659092256862036866795e-02,-6.32292385261708759759153738930199e-02
2.66999999999999999999999999999999e+01,7.28552344664501267059053138121400e-02,-2.69029394121916369866488747615230e-02,2.61891801286854474574320953561912e-02,-6.29822670866778902908076033907055e-02
2.67500000000000000000000000000001e+01,7.14943267991066506258752705750580e-02,-2.75294933752652598392283076457221e-02,2.30469579135527242084169841200085e-02,-6.27009453860665204269542576060621e-02
2.68000000000000000000000000000001e+01,7.01026731226298723943825439576518e-02,-2.81327569609425167672070779159287e-02,1.99196513421388076956266057960074e-02,-6.23857171779732407122310646480391e-02
2.68499999999999999999999999999999e+01,6.86814413129862341541576665038025e-02,-2.87125984937095048574455764074747e-02,1.68089442939077081166595505825903e-02,-6.20370430599976033521667411148533e-02
2.68999999999999999999999999999997e+01,6.72318054390230375656982023442201e-02,-2.92689019188383477639508660452184e-02,1.37164972060054518585018420656763e-02,-6.16554000570294110428748858319392e-02
2.69500000000000000000000000000000e+01,6.57549449837150761823444681649016e-02,-2.98015667095685112482300518199393e-02,1.06439462624589708222197152306601e-02,-6.12412811975843424182475668601721e-02
2.69999999999999999999999999999999e+01,6.42520440702588237768125501928627e-02,-3.03105077660466796231438270588288e-02,7.59290260472606700618841039157444e-03,-6.07951950834809712445828768702500e-02
2.70500000000000000000000000000000e+01,6.27242906934227219302526661679467e-02,-3.07956553061668953663987163606497e-02,4.56495156392102861105686981980570e-03,-6.03176654531935534028600250202991e-02
2.70999999999999999999999999999999e+01,6.11728759565549420521967939249235e-02,-3.12569547484559673524720342386365e-02,1.56165191502372442019945755027939e-03,-5.98092307392161480677954985871177e-02
2.71499999999999999999999999999998e+01,5.95989933146426664000406184558646e-02,-3.16943665871523480429136217788151e-02,-1.41546484663679993674838975144720e-03,-5.92704436197745929014846557840730e-02
2.71999999999999999999999999999998e+01,5.80038378238094450599396936775445e-02,-3.21078662596297650153020082179164e-02,-4.36489520635004511127505862193408e-03,-5.87018705652235694137685644464231e-02
2.72500000000000000000000000000000e+01,5.63886053976295467851042813608027e-02,-3.24974440063198651108841852119167e-02,-7.28516430818579664084086633155046e-03,-5.81040913794664758898652692444090e-02
2.73000000000000000000000000000000e+01,5.47544920706304367341151057996463e-02,-3.28631047232909876557986365746973e-02,-1.01748266101094681592779139207678e-02,-5.74776987367360735681206041122687e-02
2.73499999999999999999999999999999e+01,5.31026932693465893098862411539768e-02,-3.32048678076429242242809688815885e-02,-1.30324665158275380193337338377351e-02,-5.68232977140738893453822895818296e-02
2.73999999999999999999999999999996e+01,5.14344030912797853784346557960854e-02,-3.35227669958801443317268677493329e-02,-1.58566989831564629755585450925991e-02,-5.61415053198461476438747319677965e-02
2.74499999999999999999999999999998e+01,4.97508135921128561340447327141576e-02,-3.38168501954284680520319987331409e-02,-1.86461701087253312332451898979919e-02,-5.54329500186335678052708443037678e-02
2.75000000000000000000000000000000e+01,4.80531140815155268038599767626713e-02,-3.40871793094625473860955257875496e-02,-2.13995576888393684297115030655793e-02,-5.46982712528317042418191043248677e-02
2.75500000000000000000000000000000e+01,4.63424904278725882864788281937865e-02,-3.43338300552137784591865575446003e-02,-2.41155717563482229059163537445116e-02,-5.39381189612976274453252520954264e-02
2.75999999999999999999999999999999e+01,4.46201243722560897100582820696372e-02,-3.45568917759304069329788395329089e-02,-2.67929550933797200234872865343458e-02,-5.31531530953776478045882104095917e-02
2.76499999999999999999999999999996e+01,4.28871928519546057521421047436764e-02,-3.47564672466636102181672018023194e-02,-2.94304837198164785098152291254992e-02,-5.23440431326494740721311641972236e-02
2.76999999999999999999999999999999e+01,4.11448673338638953207672664536903e-02,-3.49326724740552429602068026128286e-02,-3.20269673574094142524138077582934e-02,-5.15114675887106774063713457529332e-02
2.77500000000000000000000000000000e+01,3.93943131580344387543608000929749e-02,-3.50856364903047174230124817106108e-02,-3.45812498694387081539860846460329e-02,-5.06561135273436034535152778349257e-02
2.78000000000000000000000000000000e+01,3.76366888916624249350411970909687e-02,-3.52155011414941580888487479889153e-02,-3.70922096758492743080122211140236e-02,-4.97786760693849422950399442919618e-02
2.78499999999999999999999999999999e+01,3.58731456938017634986974005299183e-02,-3.53224208704525200013960428268470e-02,-3.95587601438041227390358987460648e-02,-4.88798579006260327585559126009113e-02
2.78999999999999999999999999999997e+01,3.41048266910656265454832773237284e-02,-3.54065624943407928545198398216973e-02,-4.19798499536152573272315856464936e-02,-4.79603687790676471707761155817405e-02
2.79499999999999999999999999999999e+01,3.23328663645768848014217598053801e-02,-3.54681049771417272260224376061039e-02,-4.43544634400278745408287275659848e-02,-4.70209250418504788205617483118592e-02
2.80000000000000000000000000000001e+01,3.05583899484176009677050354772196e-02,-3.55072391972387153709167512996080e-02,-4.66816209088496226573088323741788e-02,-4.60622491121798409844865611818764e-02
2.80500000000000000000000000000001e+01,2.87825128398184839424544947913698e-02,-3.55241677102695364855000045196641e-02,-4.89603789289325348810292822709873e-02,-4.50850690065601872106994185145687e-02
2.80999999999999999999999999999999e+01,2.70063400213198976344565845954551e-02,-3.55191045074416354434463203134357e-02,-5.11898305995309539720795871915754e-02,-4.40901178426519815935911739637459e-02
2.81499999999999999999999999999997e+01,2.52309654951266631213880599784612e-02,-3.54922747694964450810865829477043e-02,-5.33691057930743116982279618375577e-02,-4.30781333480601890064249807355405e-02
2.82000000000000000000000000000000e+01,2.34574717298694988215331763624469e-02,-3.54439146165109858276138888430978e-02,-5.54973713734090048202736101883547e-02,-4.20498573703602227682823303555538e-02
2.82499999999999999999999999999999e+01,2.16869291199765159948881347749702e-02,-3.53742708537255837018477631283723e-02,-5.75738313895788118381671226790512e-02,-4.10060353886635851560478619973772e-02
2.83000000000000000000000000000000e+01,1.99203954578487320669023975389324e-02,-3.52836007135870394264079784675037e-02,-5.95977272452283129874617132706592e-02,-3.99474160270216687557661564341486e-02
2.83499999999999999999999999999999e+01,1.81589154190240877245730622406010e-02,-3.51721715941969586910866360778311e-02,-6.15683378437286018225377302189196e-02,-3.88747505699622581739677269411579e-02
2.83999999999999999999999999999998e+01,1.64035200605049611665185024764585e-02,-3.50402607943552174661183343396433e-02,-6.34849797091392022103946803915050e-02,-3.77887924804491864544450493475629e-02
2.84499999999999999999999999999998e+01,1.46552263324146699417324974365273e-02,-3.48881552453886877077478987680001e-02,-6.53470070831345219616209919959200e-02,-3.66902969205513630802526287335605e-02
2.85000000000000000000000000000000e+01,1.29150366031389430840139466090517e-02,-3.47161512399553887362616485726769e-02,-6.71538119980373761401879111495131e-02,-3.55800202751030051432735370573232e-02
2.85500000000000000000000000000000e+01,1.11839381980988392937252377383064e-02,-3.45245541580141588785665721366966e-02,-6.89048243261160920417692192979527e-02,-3.44587196786323746368790302665505e-02
2.85999999999999999999999999999999e+01,9.46290295229208624522588251927277e-03,-3.43136781901497615213306397431470e-02,-7.05995118053154568583113009814443e-02,-3.33271525458316574144200071676830e-02
2.86499999999999999999999999999996e+01,7.75288677673032717269184858779291e-03,-3.40838460584430504174149618409413e-02,-7.22373800416052813296905601057868e-02,-3.21860761058358177409097656804465e-02
2.86999999999999999999999999999999e+01,6.05482923889028912796138769812832e-03,-3.38353887350754219023787083230920e-02,-7.38179724881436216267670981776871e-02,-3.10362469405733311695322820240869e-02
2.87500000000000000000000000000000e+01,4.36965315728743807919938136901087e-03,-3.35686451588562776877461610782697e-02,-7.53408704014647209512874765937822e-02,-2.98784205274466423574760590049304e-02
2.88000000000000000000000000000000e+01,2.69826421027126463931883035199790e-03,-3.32839619498616123007940809265663e-02,-7.68056927749144957480093332411683e-02,-2.87133507865950180890173960143314e-02
2.88499999999999999999999999999999e+01,1.04155055913195592617013930605089e-03,-3.29816931223711253514804611994618e-02,-7.82120962495688931095454914680666e-02,-2.75417896329871739179114773742251e-02
2.88999999999999999999999999999996e+01,-5.99617514401140957942922990537335e-04,-3.26621997962904420427424206896852e-02,-7.95597750028826802577860051933816e-02,-2.63644865335856502190823625420528e-02
2.89499999999999999999999999999999e+01,-2.22438795619816497521180017112036e-03,-3.23258499072441071964521921727621e-02,-8.08484606153281884880091074691872e-02,-2.51821880698194048125312060583296e-02
2.90000000000000000000000000000000e+01,-3.83192727324265610335543874053432e-03,-3.19730179155240000921852468068525e-02,-8.20779219152952174820210806780052e-02,-2.39956375055954794657386279185888e-02
2.90500000000000000000000000000000e+01,-5.42142085256810342647422232779297e-03,-3.16040845140767011874531817136838e-02,-8.32479648025347064930208927804689e-02,-2.28055743610748912814071138673411e-02
2.91000000000000000000000000000000e+01,-6.99207326557363723295323459199576e-03,-3.12194363357121288973235646911801e-02,-8.43584320504398918750936246210451e-02,-2.16127339924321020310427666620360e-02
2.91499999999999999999999999999997e+01,-8.54310855768445958929704908526916e-03,-3.08194656597144566555787211003205e-02,-8.54092030874694913119983510270413e-02,-2.04178471778115337043577300855279e-02
2.91999999999999999999999999999999e+01,-1.00737705233316237194119227143023e-02,-3.04045701180349190634441556138843e-02,-8.64001937580279796711884747003094e-02,-1.92216397096886317167816787361921e-02
2.92500000000000000000000000000001e+01,-1.15833229662347160058588009679196e-02,-2.99751524012446226758224921086930e-02,-8.73313560631282456881330931696556e-02,-1.80248319938369331605198536442719e-02
2.93000000000000000000000000000001e+01,-1.30710499449798609920326306269257e-02,-2.95316199644238935268665295931844e-02,-8.82026778811718389316938931497241e-02,-1.68281386550964810039041522018721e-02
2.93499999999999999999999999999999e+01,-1.45362560038942549344804364731490e-02,-2.90743847331630215444667068304609e-02,-8.90141826691916292123676238215749e-02,-1.56322681501327410379914956972346e-02
2.93999999999999999999999999999997e+01,-1.59782663892271328506585261666003e-02,-2.86038628098475032843747544890794e-02,-8.97659291449110025101383649611085e-02,-1.44379223873689314269486455893433e-02
2.94500000000000000000000000000000e+01,-1.73964272506556833356023251921129e-02,-2.81204741803990407219477720535564e-02,-9.04580109499827055951039399937334e-02,-1.32457963542683697146931793228477e-02
2.94999999999999999999999999999999e+01,-1.87901058281429404785299911294920e-02,-2.76246424216416270210827425312970e-02,-9.10905562947791230079058077792241e-02,-1.20565777521370838332022989163361e-02
2.95500000000000000000000000000000e+01,-2.01586906241830988883306355108870e-02,-2.71167944094600421552172172891402e-02,-9.16637275851141224117340272773512e-02,-1.08709466386105267877288669775500e-02
2.95999999999999999999999999999999e+01,-2.15015915614780121223031345147647e-02,-2.65973600279159939272525059555657e-02,-9.21777210312846352132045962235763e-02,-9.68957507798178397953768624234862e-03
2.96499999999999999999999999999998e+01,-2.28182401260968427905617940609526e-02,-2.60667718794849753012743580899806e-02,-9.26327662398278467009717309092442e-02,-8.51312679952217226258123093374085e-03
2.96999999999999999999999999999998e+01,-2.41080894961789304639002406944117e-02,-2.55254649965746690219392781502859e-02,-9.30291257883972519278911762520779e-02,-7.34225686393860548510394205463535e-03
2.97500000000000000000000000000000e+01,-2.53706146562479275309269190042999e-02,-2.49738765544834172788322400248115e-02,-9.33670947841678885569323778448163e-02,-6.17761133810554707931680298972521e-03
2.98000000000000000000000000000000e+01,-2.66053124972131197177143813857290e-02,-2.44124455859548897086187709286358e-02,-9.36470004061877845260278386025660e-02,-5.01982697820279083833407497404682e-03
2.98499999999999999999999999999999e+01,-2.78117019021415935888973167325661e-02,-2.38416126974826293656999563245106e-02,-9.38692014320990555152704695980817e-02,-3.86953092138371093045007051065482e-03
2.98999999999999999999999999999996e+01,-2.89893238178925345847129585083346e-02,-2.32618197875156354941840542504007e-02,-9.40340877496581539015540643452378e-02,-2.72734038609200597946578711114960e-03
2.99499999999999999999999999999999e+01,-3.01377413127124327089849434073187e-02,-2.26735097667135560781847255605951e-02,-9.41420798534905064667719301385975e-02,-1.59386238113833417861771669362863e-03
3.00000000000000000000000000000000e+01,-3.12565396198973356679471320942565e-02,-2.20771262803974143305889112746060e-02,-9.41936283275201821154829547654595e-02,-4.69693423641601354484920391937466e-04
3.00500000000000000000000000000000e+01,-3.23453261676355179738975688388072e-02,-2.14731134333390836207868145822657e-02,-9.41892133135203030073374881438170e-02,6.44580734066973939049142758360504e-04
3.00999999999999999999999999999999e+01,-3.34037305951510262822547982199312e-02,-2.08619155170299569803748080653421e-02,-9.41293439662346527884190398379026e-02,1.74838536848553048030958801462472e-03
3.01499999999999999999999999999996e+01,-3.44314047552755131445610942564064e-02,-2.02439767395664324258135663199584e-02,-9.40145578955253442005604776743300e-02,2.84115703984411215878438194957561e-03
3.01999999999999999999999999999999e+01,-3.54280227035825806609283898543047e-02,-1.96197409582869560821707691140089e-02,-9.38454205960054856593359489005667e-02,3.92234383778985628392329808591070e-03
3.02500000000000000000000000000000e+01,-3.63932806742255195405761182369986e-02,-1.89896514152924336834611335058975e-02,-9.36225248646195330320155816102124e-02,4.99140561778319113771863051453426e-03
3.03000000000000000000000000000000e+01,-3.73268970426258452760976660187395e-02,-1.83541504759788396773489675202581e-02,-9.33464902066374296372534677903108e-02,6.04781422813999890085586269228670e-03
3.03500000000000000000000000000000e+01,-3.82286122751663990645354971774980e-02,-1.77136793707078240994624767300617e-02,-9.30179622305317254555072943959917e-02,7.09105372766126492179812166376241e-03
3.03999999999999999999999999999997e+01,-3.90981888660489944362544712204585e-02,-1.70686779397380428359725319483269e-02,-9.26376120322096269129416780396356e-02,8.12062059379827253298469862988020e-03
3.04499999999999999999999999999999e+01,-3.99354112614826490626239885678988e-02,-1.64195843815368190967984690527801e-02,-9.22061355690743628115117088537878e-02,9.13602392130791028181640081855154e-03
3.05000000000000000000000000000001e+01,-4.07400857713743427990714828896164e-02,-1.57668350045885851121855933282890e-02,-9.17242530243923616504672551715086e-02,1.01367856113591316333639135098065e-02
3.05500000000000000000000000000001e+01,-4.15120404686999856864189361313794e-02,-1.51108639828133554799062300915880e-02,-9.11927081624445225395891444478741e-02,1.11224405510580420792349896107723e-02
3.05999999999999999999999999999999e+01,-4.22511250767388614977196736550219e-02,-1.44521031147052494672115764455055e-02,-9.06122676749413281521993849720312e-02,1.20925367833654813823063607168938e-02
3.06499999999999999999999999999997e+01,-4.29572108443602317091653630826893e-02,-1.37909815862978111499219429757177e-02,-8.99837205191826959033245764344058e-02,1.30466356673873156983488845359054e-02
3.07000000000000000000000000000000e+01,-4.36301904095560398330932305287136e-02,-1.31279257380595757904209617505886e-02,-8.93078772484442951456129850692669e-02,1.39843120290239519116138891231204e-02
3.07499999999999999999999999999999e+01,-4.42699776514187453317496689674258e-02,-1.24633588358200005569070300677987e-02,-8.85855693350725762127643095967462e-02,1.49051543019718311428118731427464e-02
3.08000000000000000000000000000000e+01,-4.48765075307682383973153773457190e-02,-1.17977008458225198076944994452029e-02,-8.78176484867709643435200724456943e-02,1.58087646590758465486180279929650e-02
3.08500000000000000000000000000000e+01,-4.54497359196365404137707208463129e-02,-1.11313682139981019445436551086985e-02,-8.70049859565595707973101405865945e-02,1.66947591340377588206776050445728e-02
3.08999999999999999999999999999998e+01,-4.59896394198235786982963100552174e-02,-1.04647736495492785123740490619076e-02,-8.61484718468903679027492567126488e-02,1.75627677334917478739150839454649e-02
3.09499999999999999999999999999998e+01,-4.64962151707417370544760479687993e-02,-9.79832591293118901829800906979000e-03,-8.52490144083990676044489059959308e-02,1.84124345394642378309093310934894e-02
3.10000000000000000000000000000000e+01,-4.69694806467711247682837254986572e-02,-9.13242960831273908224594530364029e-03,-8.43075393337739376951135282064217e-02,1.92434178022410613817605976693028e-02
3.10500000000000000000000000000000e+01,-4.74094734443515750632245514574020e-02,-8.46748498059750722666432242699294e-03,-8.33249890472204898986716764910537e-02,2.00553900236708858273887432537262e-02
3.10999999999999999999999999999999e+01,-4.78162510590412789359384313225298e-02,-7.80388771708055906482340971957421e-03,-8.23023219899993830192789002805052e-02,2.08480380309396035793544562638686e-02
3.11499999999999999999999999999996e+01,-4.81898906527756810606602320648511e-02,-7.14202875381383904456599735853216e-03,-8.12405119025130063523695150697169e-02,2.16210630408560916535428919673046e-02
3.11999999999999999999999999999998e+01,-4.85304888115638105318621094540931e-02,-6.48229408674931142152931613764383e-03,-8.01405471034140474742940210856800e-02,2.23741807146953649034713725814756e-02
3.12500000000000000000000000000000e+01,-4.88381612938625901692337592611639e-02,-5.82506458772551593302298409635566e-03,-7.90034297662069085338846714852501e-02,2.31071212036506836201614375222654e-02
3.13000000000000000000000000000000e+01,-4.91130427698728636055681174289347e-02,-5.17071582535969186549894086829898e-03,-7.78301751938101205464369166281162e-02,2.38196291849516249923373887151815e-02
3.13499999999999999999999999999999e+01,-4.93552865520038991906254203627263e-02,-4.51961789090410898344360489098989e-03,-7.66218110915449203542051526868589e-02,2.45114638887104871711005467541224e-02
3.13999999999999999999999999999996e+01,-4.95650643167559737531686440391928e-02,-3.87213522912172722720420858143278e-03,-7.53793768390119044116773432785050e-02,2.51823991155646618008044607362554e-02
3.14499999999999999999999999999999e+01,-4.97425658182733074547609704936658e-02,-3.22862647423279128559229187905581e-03,-7.41039227613141620463680292765586e-02,2.58322232451877834325573113971530e-02
3.15000000000000000000000000000000e+01,-4.98879985938221134324812684843567e-02,-2.58944429098045318113499659556575e-03,-7.27965094000815231237399743455687e-02,2.64607392357475398854104880170377e-02
3.15500000000000000000000000000000e+01,-5.00015876614508428565950144752335e-02,-1.95493522086000792664711474749020e-03,-7.14582067847465360101953927283737e-02,2.70677646143930041070400983312967e-02
3.16000000000000000000000000000000e+01,-5.00835752100918477187929974346009e-02,-1.32543953355282615524446042165059e-03,-7.00900937045185263935294523488623e-02,2.76531314588592232425997603392503e-02
3.16499999999999999999999999999997e+01,-5.01342202823656505133928708069878e-02,-7.01291083602575403410700309861206e-04,-6.86932569814975810046682988350524e-02,2.82166863702815723676399125944403e-02
3.16999999999999999999999999999999e+01,-5.01537984503508024743856998820504e-02,-8.28171723678404259582962947745658e-05,-6.72687907453655578085546759731329e-02,2.87582904373170466873074763213681e-02
3.17500000000000000000000000000001e+01,-5.01426014845839307806653102951648e-02,5.29661584718215494478819683563891e-04,-6.58177957100862511136730748043572e-02,2.92778191916742250470082295030974e-02
3.18000000000000000000000000000001e+01,-5.01009370165560208329645273996731e-02,1.13583138555395987549789006830358e-03,-6.43413784530416416997985603428399e-02,2.97751625551580875258668699856243e-02
3.18499999999999999999999999999999e+01,-5.00291281949722531278797429666407e-02,1.73538536341741949575798068898041e-03,-6.28406506970257439814300021705750e-02,3.02502247783402089693120152713336e-02
3.18999999999999999999999999999997e+01,-4.99275133360438162906487165862664e-02,2.32802370363609473303430971790815e-03,-6.13167285955119299933377330244735e-02,3.07029243709690769258029414875593e-02
3.19500000000000000000000000000000e+01,-4.97964455680810494562221260810579e-02,2.91345375486152430527979560361272e-03,-5.97707320216037692675523735983037e-02,3.11331940242393950391895533104122e-02
3.19999999999999999999999999999999e+01,-4.96362924706580294767733889277887e-02,3.49139013493504042918087765341961e-03,-5.82037838610733802058455937989814e-02,3.15409805250432300557509029979878e-02
3.20499999999999999999999999999994e+01,-4.94474357086193125427537986654115e-02,4.06155483133450581188829751826049e-03,-5.66170093098850481468114406723854e-02,3.19262446623297408660132082152259e-02
3.21000000000000000000000000000000e+01,-4.92302706611999669825328860922704e-02,4.62367729619514944101673685607815e-03,-5.50115351765954338567083166865273e-02,3.22889611257039901374245714628684e-02
3.21500000000000000000000000000000e+01,-4.89852060465302955886119297739049e-02,5.17749453590091610271802456517939e-03,-5.33884891900150795746344317784364e-02,3.26291183963989819150869539747320e-02
3.21999999999999999999999999999998e+01,-4.87126635417967432282529833022040e-02,5.72275119524601323683329462534649e-03,-5.17489993125091240090246905571087e-02,3.29467186307585909728064177036884e-02
3.22500000000000000000000000000000e+01,-4.84130773993304202392392708706471e-02,6.25919963616957646390390828785573e-03,-5.00941930593081688603681016956271e-02,3.32417775363724506727756106463153e-02
3.22999999999999999999999999999994e+01,-4.80868940588944457760452974381528e-02,6.78660001106958025691768341457009e-03,-4.84251968241931036293932466201746e-02,3.35143242410071447142187752570370e-02
3.23499999999999999999999999999999e+01,-4.77345717564409295274717262826564e-02,7.30472033070529118124917946989560e-03,-4.67431352119103987997582158004962e-02,3.37644011544812035817960339976970e-02
3.24000000000000000000000000000001e+01,-4.73565801296078668224327266963437e-02,7.81333652670069632460914099107554e-03,-4.50491303776669261382107591541457e-02,3.39920638236344379930357256567811e-02
3.24499999999999999999999999999998e+01,-4.69533998202255229020573370919014e-02,8.31223250866443745602332819461756e-03,-4.33443013740457650473099406074016e-02,3.41973807805450485266703752922169e-02
3.25000000000000000000000000000000e+01,-4.65255220741010289651055290468239e-02,8.80120021594484059638088960803711e-03,-4.16297635056767118812184221131319e-02,3.43804333841507323126547569383673e-02
3.25499999999999999999999999999994e+01,-4.60734483383489074651334747174214e-02,9.28003966404164959733688091036531e-03,-3.99066276919873311656339927562307e-02,3.45413156554326636874476770342064e-02
3.25999999999999999999999999999999e+01,-4.55976898565340890989456646104515e-02,9.74855898569904959218192770236899e-03,-3.81759998383523800429763061136524e-02,3.46801341063237556572535962362966e-02
3.26500000000000000000000000000001e+01,-4.50987672618926810936795733154151e-02,1.02065744667075004214829198241675e-02,-3.64389802159513063060995664504356e-02,3.47970075625050125438813852703721e-02
3.26999999999999999999999999999999e+01,-4.45772101688942979594709176600896e-02,1.06539105764447900059926191591981e-02,-3.46966628506352724147688420240490e-02,3.48920669802560610726175853414344e-02
3.27500000000000000000000000000000e+01,-4.40335567634081740772586172354297e-02,1.10903999931895618364504982081486e-02,-3.29501349210967992455559247439518e-02,3.49654552575280972415886266990774e-02
3.27999999999999999999999999999993e+01,-4.34683533917335446522981341514509e-02,1.15158836242433680105775026088954e-02,-3.12004761666266603501426096063297e-02,3.50173270394095095118717632347555e-02
3.28500000000000000000000000000000e+01,-4.28821541487529100609551319032902e-02,1.19302106209000483475268593968842e-02,-2.94487583047340965334811242219555e-02,3.50478485181563351824389634187038e-02
3.29000000000000000000000000000001e+01,-4.22755204654647908891593751757720e-02,1.23332383883039358649975543106628e-02,-2.76960444588977679537973415035481e-02,3.50571972279614763492793885524514e-02
3.29499999999999999999999999999999e+01,-4.16490206961504395015299416564233e-02,1.27248325902410381702021461859799e-02,-2.59433885967061230267242524864412e-02,3.50455618346382447582769756809201e-02
3.30000000000000000000000000000001e+01,-4.10032297054267013428368647237276e-02,1.31048671489099419896532094291742e-02,-2.41918349786370465114279647982288e-02,3.50131419203953213893171964479841e-02
3.30499999999999999999999999999993e+01,-4.03387284554348179644797642001954e-02,1.34732242397217330820437985976177e-02,-2.24424176177177595788751515334092e-02,3.49601477638816070745151198577869e-02
3.30999999999999999999999999999999e+01,-3.96561035934124366464608008386172e-02,1.38297942811807151223801561478455e-02,-2.06961597502969887049283864727188e-02,3.48868001156807052523613456401422e-02
3.31500000000000000000000000000001e+01,-3.89559470398934411583384831078138e-02,1.41744759199001478345376450309815e-02,-1.89540733181524041656044577908822e-02,3.47933299694359175629709932220595e-02
3.32000000000000000000000000000000e+01,-3.82388555777774474272310966064113e-02,1.45071760108096057458436145599498e-02,-1.72171584621472589850482814926875e-02,3.46799783287876479424091436599489e-02
3.32499999999999999999999999999999e+01,-3.75054304425079194592929632853726e-02,1.48278095926128835453384110793957e-02,-1.54864030276410416159492648707367e-02,3.45469959703060017939398247830575e-02
3.32999999999999999999999999999994e+01,-3.67562769135948576391521180580921e-02,1.51362998585576412932696613388419e-02,-1.37627820818497966019666424820716e-02,3.43946432026021343902823910517189e-02
3.33500000000000000000000000000000e+01,-3.59920039077148963971473550963391e-02,1.54325781225801918415382506951845e-02,-1.20472574433425731307156054187781e-02,3.42231896218025476532189342713867e-02
3.34000000000000000000000000000000e+01,-3.52132235736184241139328671588707e-02,1.57165837808909830138913422996208e-02,-1.03407772238512378427603262946613e-02,3.40329138635710576939825343021381e-02
3.34499999999999999999999999999998e+01,-3.44205508890700079906363388496542e-02,1.59882642690684176336214288218322e-02,-8.64427538256164158248418344666837e-03,3.38241033518635578764478160462457e-02
3.35000000000000000000000000000000e+01,-3.36146032600449734500601725509152e-02,1.62475750147306846907188523918688e-02,-6.95867129304486597977861006566075e-03,3.35970540446009846485017953134765e-02
3.35499999999999999999999999999994e+01,-3.27960001224014544833777344378581e-02,1.64944793858572441675661592312479e-02,-5.28486932297800080652703685651756e-03,3.33520701764460570036118531947685e-02
3.35999999999999999999999999999999e+01,-3.19653625462436012814230834953141e-02,1.67289486348335156924754910717178e-02,-3.62375842679462287514704272609800e-03,3.30894639988694062769567247634703e-02
3.36500000000000000000000000000001e+01,-3.11233128431879075829641859169933e-02,1.69509618382941667061442559584645e-02,-1.97621175139586769808912792830050e-03,3.28095555176906422035117475723424e-02
3.36999999999999999999999999999998e+01,-3.02704741767408055540639182742540e-02,1.71605058328421786922514151666873e-02,-3.43086255043712007988771498295167e-04,3.25126722282797149852904626005047e-02
3.37500000000000000000000000000000e+01,-2.94074701759917738272508331584590e-02,1.73575751467225897669972523701276e-02,1.27477766045117571336064554626576e-03,3.21991488486036328073760254406065e-02
3.37999999999999999999999999999994e+01,-2.85349245528222177438161109626605e-02,1.75421719275314681126110466180741e-02,2.87655650414390265964814707063062e-03,3.18693270503031811415505936215714e-02
3.38499999999999999999999999999999e+01,-2.76534607228263130446863060883419e-02,1.77143058660422629879398663953170e-02,4.46144403687824270528535435754123e-03,3.15235551879837656732016402003492e-02
3.39000000000000000000000000000001e+01,-2.67637014301358584509467553138062e-02,1.78739941162332080082773919091149e-02,6.02865159863324730255261761411392e-03,3.11621880269038662280569571495907e-02
3.39499999999999999999999999999999e+01,-2.58662683763369619864638179264475e-02,1.80212612116009147513666779265465e-02,7.57740842221802882552737159775566e-03,3.07855864692438461603396767926178e-02
3.40000000000000000000000000000000e+01,-2.49617818536620937586549420223468e-02,1.81561389778466932532654434327532e-02,9.10696193324828533429932997183581e-03,3.03941172791370118456533126272305e-02
3.40499999999999999999999999999993e+01,-2.40508603826366774779185962699883e-02,1.82786664420234693839974075621157e-02,1.06165780363472070213733667887479e-02,2.99881528066438618036378954391357e-02
3.41000000000000000000000000000000e+01,-2.31341203543549675202949217104880e-02,1.83888897382324372571297396264884e-02,1.21055413875224255364399972214937e-02,2.95680707108494062097948640664322e-02
3.41500000000000000000000000000001e+01,-2.22121756775554710883715851104971e-02,1.84868620099597875888464774506027e-02,1.35731556526796328258004906400890e-02,2.91342536822622768431989774321727e-02
3.41999999999999999999999999999999e+01,-2.12856374306616292750929657460820e-02,1.85726433091449901804015455763039e-02,1.50187437522424010147915099573031e-02,2.86870891646930866035974880418868e-02
3.42500000000000000000000000000001e+01,-2.03551135189488698608016133848942e-02,1.86463004920731803928309653956578e-02,1.64416480918565742401314525409826e-02,2.82269690767881384087186518072012e-02
3.42999999999999999999999999999993e+01,-1.94212083369944917543797794641899e-02,1.87079071121852055940752689771504e-02,1.78412307791663723294114522136068e-02,2.77542895333931273845452686007134e-02
3.43499999999999999999999999999999e+01,-1.84845224365621394036394079191091e-02,1.87575433098998281052451788891372e-02,1.92168738266580400449275605483056e-02,2.72694505669199296633229670702689e-02
3.44000000000000000000000000000001e+01,-1.75456522000678785250748688125293e-02,1.87952956995434562127592459554396e-02,2.05679793405754895714211666701096e-02,2.67728558488879277214279521942854e-02
3.44500000000000000000000000000000e+01,-1.66051895197700954118138484258448e-02,1.88212572534835844432670889099584e-02,2.18939696959209134415107153108797e-02,2.62649124118095879753558266149101e-02
3.44999999999999999999999999999999e+01,-1.56637214828206141383510897536783e-02,1.88355271835628686536791285096755e-02,2.31942876975617856667005884715438e-02,2.57460303715881832990155572707608e-02
3.45499999999999999999999999999994e+01,-1.47218300623095624510009656802899e-02,1.88382108199314407421078010704867e-02,2.44683967274740160842644376599092e-02,2.52166226505936432541647874033494e-02
3.45999999999999999999999999999999e+01,-1.37800918144316212639531839040609e-02,1.88294194873756821473071963730425e-02,2.57157808781592725515289482400389e-02,2.46771047015805201964628809766291e-02
3.46500000000000000000000000000000e+01,-1.28390775818963677109208955184088e-02,1.88092703792422250213916082088230e-02,2.69359450722826334333504893002543e-02,2.41278942326099821221901447977982e-02
3.46999999999999999999999999999998e+01,-1.18993522037004708569239282017320e-02,1.87778864290564353167333178728365e-02,2.81284151685847747553572140584813e-02,2.35694109331355852751842431315885e-02
3.47500000000000000000000000000000e+01,-1.09614742313745256639684060416853e-02,1.87353961799350533423928489767318e-02,2.92927380541308284610161060752558e-02,2.30020762014103432884000337722556e-02
3.47999999999999999999999999999994e+01,-1.00259956518123178216275270762483e-02,1.86819336518930249729943630671219e-02,3.04284817229658665490691043685629e-02,2.24263128733702971649214431358919e-02
3.48499999999999999999999999999999e+01,-9.09346161678530277354502328942626e-03,1.86176382071448510232233608235599e-02,3.15352353412546667230522496674452e-02,2.18425449531474039096205932229721e-02
3.49000000000000000000000000000001e+01,-8.16441017924005984808211123472960e-03,1.85426544135010137579599598976935e-02,3.26126092989909949107682333032659e-02,2.12511973453621033288820022908308e-02
3.49499999999999999999999999999998e+01,-7.23937203647144996808169594695479e-03,1.84571319059602085490308778893443e-02,3.36602352483690950747773614761622e-02,2.06526955893433946677102830738907e-02
3.50000000000000000000000000000000e+01,-6.31887028025916607969305657451900e-03,1.83612252465982158053372327078667e-02,3.46777661289174037140614116418762e-02,2.00474655954216596172299837981142e-02
3.50499999999999999999999999999994e+01,-5.40342015405032228670033636578966e-03,1.82550937828542940168700066652840e-02,3.56648761795017020446349454402809e-02,1.94359333834368080858518234347334e-02
3.50999999999999999999999999999999e+01,-4.49352881726568376118431171860187e-03,1.81389015043159596199271354431634e-02,3.66212609373119798503377354129555e-02,1.88185248236016002860708999276961e-02
3.51500000000000000000000000000001e+01,-3.58969511680209785143706174798944e-03,1.80128168981029439970222514179986e-02,3.75466372239542083371341622579304e-02,1.81956653798572154632916818629429e-02
3.51999999999999999999999999999999e+01,-2.69240936579865042157677884641418e-03,1.78770128029509828874682664336978e-02,3.84407431187750020439837499843591e-02,1.75677798558552963144207666358790e-02
3.52500000000000000000000000000000e+01,-1.80215312972904330040959430539164e-03,1.77316662620958994503327794830579e-02,3.93033379195537891166169799845492e-02,1.69352921436978011556909965341990e-02
3.52999999999999999999999999999993e+01,-9.19399019877671722811185390480755e-04,1.75769583750581898665924303500357e-02,4.01342020907036023106848188506058e-02,1.62986249755630455554425828247237e-02
3.53499999999999999999999999999999e+01,-4.46104942518777137793699950277643e-05,1.74130741484280103966677868002775e-02,4.09331371991279473490247358098222e-02,1.56581996783433138116882924657152e-02
3.54000000000000000000000000000001e+01,8.21758334022130644075174925899113e-04,1.72402023457500979558286964414224e-02,4.16999658378873982238370787228737e-02,1.50144359314163706971117733902332e-02
3.54499999999999999999999999999999e+01,1.67926288077717037921450895745329e-03,1.70585353366077332931722535974272e-02,4.24345315378356083367316330720081e-02,1.43677515276701076926098257926457e-02
3.55000000000000000000000000000001e+01,2.52746826731920528042707532520322e-03,1.68682689450043775464511877545627e-02,4.31366986673903097551880881191464e-02,1.37185621378964178660169877862054e-02
3.55499999999999999999999999999994e+01,3.36594948934503651358312211609627e-03,1.66696022971410801072185307884377e-02,4.38063523206105981994313931428735e-02,1.30672810786672120096600857678646e-02
3.55999999999999999999999999999999e+01,4.19429157823579114774327039653113e-03,1.64627376686871692058642644741394e-02,4.44433981937573666447732052375738e-02,1.24143190838022680147841232758076e-02
3.56500000000000000000000000000001e+01,5.01208975470329733685253991830712e-03,1.62478803316410972757838591687294e-02,4.50477624505191537361346751599712e-02,1.17600840795353481185707121771737e-02
3.57000000000000000000000000000000e+01,5.81894957477126143785819694905700e-03,1.60252384008776218653478183662985e-02,4.56193915760909127880288985316652e-02,1.11049809634817269948647025029493e-02
3.57499999999999999999999999999999e+01,6.61448706807795303651711233411618e-03,1.57950226804767605435717493467112e-02,4.61582522202982813281829106404302e-02,1.04494113875069500543335194194862e-02
3.57999999999999999999999999999994e+01,7.39832886849185616995971297467944e-03,1.55574465099291658205205233944754e-02,4.66643310299648383986303131480857e-02,9.79377354459328815073962027557191e-03
3.58499999999999999999999999999999e+01,8.17011233703645649884672013795226e-03,1.53127256103117245279207323008361e-02,4.71376344707245757356354888272489e-02,9.13846195979697452865446865365780e-03
3.59000000000000000000000000000001e+01,8.92948567712500235837193990448521e-03,1.50610779305262963511348575918841e-02,4.75781886384863782087411851177840e-02,8.48386728538590465843793817199192e-03
3.59499999999999999999999999999998e+01,9.67610804211070012220330474696581e-03,1.48027234936935692622525207324744e-02,4.79860390607617073270844991314756e-02,7.83037610024405194223323276365887e-03
3.60000000000000000000000000000000e+01,1.04096496351623788125508051688504e-02,1.45378842437930264862337437449260e-02,4.83612504880709081529598435599829e-02,7.17837071362540448573211908330932e-03
3.60499999999999999999999999999994e+01,1.11297918014801830997301934506120e-02,1.42667838926389913666361879506562e-02,4.87039066756476136504851686303114e-02,6.52822897333676254891865099066728e-03
3.60999999999999999999999999999999e+01,1.18362271128703255245618678291434e-02,1.39896477672816441307083956327614e-02,4.90141101556646005096223872049423e-02,5.88032407842525523667256979702661e-03
3.61500000000000000000000000000001e+01,1.25286594447023457681418022175183e-02,1.37067026579207891483729155922816e-02,4.92919820002081561069338513555386e-02,5.23502439644294077487807239712802e-03
3.61999999999999999999999999999998e+01,1.32068040452766849609228841056363e-02,1.34181766664189939145038344993884e-02,4.95376615752315468935625483411821e-02,4.59269328535734963223476653172331e-03
3.62500000000000000000000000000000e+01,1.38703875976346842959386240681707e-02,1.31242990554995227525807205803138e-02,4.97513062857215336514722368232404e-02,3.95368892017331606856869224316435e-03
3.62999999999999999999999999999994e+01,1.45191482738473575737165095688327e-02,1.28253000987132502481457043366410e-02,4.99330913123150583578194873252793e-02,3.31836412432792367569196569756969e-03
3.63499999999999999999999999999999e+01,1.51528357818234647990270645900939e-02,1.25214109312574627937852232050422e-02,5.00832093396062305837601385484257e-02,2.68706620591686636648781789430874e-03
3.64000000000000000000000000000001e+01,1.57712114046815266685414934756612e-02,1.22128634017281424974976371385575e-02,5.02018702763865682788155153733965e-02,2.06013679880700028157575601124429e-03
3.64499999999999999999999999999999e+01,1.63740480327344658871635374447945e-02,1.18998899248859772189985329544828e-02,5.02893009680640984163943522861820e-02,1.43791170868633641909641883737002e-03
3.65000000000000000000000000000000e+01,1.69611301881395389402616685593944e-02,1.15827233355149548104740205255837e-02,5.03457449015093973708089849120572e-02,8.20720764099200627955271554241790e-04
3.65499999999999999999999999999993e+01,1.75322540422701294983522600057612e-02,1.12615967434509799164469487121829e-02,5.03714619025789492399867580261967e-02,2.08887672510769090928353315191585e-04
3.65999999999999999999999999999999e+01,1.80872274258698103676542356269320e-02,1.09367433898564991081130344684032e-02,5.03667278265683229069309000033686e-02,-3.97270118558324310529341893525133e-04
3.66500000000000000000000000000001e+01,1.86258698320528432110680387564967e-02,1.06083965048156358756912207788181e-02,5.03318342418496158384703099865915e-02,-9.97441555290115210610375983293726e-04
3.66999999999999999999999999999999e+01,1.91480124122189725956904425208122e-02,1.02767891663228222707952089013425e-02,5.02670881069493849480598631195177e-02,-1.59132210618646890836370827481685e-03
3.67500000000000000000000000000001e+01,1.96534979649539817809436816963365e-02,9.94215416073636997938176407679247e-03,5.01728114413248828995645511411193e-02,-2.17861388551505069642195456988047e-03
3.67999999999999999999999999999994e+01,2.01421809179910106119044184026848e-02,9.60472384476685152051905402608022e-03,5.00493409900978427019961154553215e-02,-2.75902577155734747710377742026742e-03
3.68499999999999999999999999999999e+01,2.06139273033110895520393040671506e-02,9.26473000906856331855541711561284e-03,4.98970278830063051422312218360737e-02,-3.33227351963542862120843854484040e-03
3.69000000000000000000000000000001e+01,2.10686147254647169655591954953137e-02,8.92240374350071780244281486361162e-03,4.97162372878360634237335970787184e-02,-3.89807986989756189690199930870032e-03
3.69500000000000000000000000000000e+01,2.15061323231995979901733475152882e-02,8.57797530412336266606759300353052e-03,4.95073480585942083213371694201602e-02,-4.45617464984620726454856652681940e-03
3.69999999999999999999999999999999e+01,2.19263807244828715354238823520895e-02,8.23167398199135320068109028752524e-03,4.92707523786879963179416856903378e-02,-5.00629487159529550214529599747824e-03
3.70499999999999999999999999999994e+01,2.23292719950092759704983796978946e-02,7.88372797380800941048439717930731e-03,4.90068553993728337452228361340438e-02,-5.54818482384705813222231644088677e-03
3.70999999999999999999999999999999e+01,2.27147295802897428602656363293914e-02,7.53436425449837467228851962075611e-03,4.87160748737335731861661093324412e-02,-6.08159615858200813558618609860002e-03
3.71500000000000000000000000000001e+01,2.30826882414178606624511201597535e-02,7.18380845176025822797564715731672e-03,4.83988407864635556819889589550260e-02,-6.60628797245897566568529763969012e-03
3.71999999999999999999999999999998e+01,2.34330939846145156669662472522445e-02,6.83228472264949103236288753182371e-03,4.80555949797059050782506516819349e-02,-7.12202688292537766062284879979675e-03
3.72500000000000000000000000000000e+01,2.37659039846537947564249709626849e-02,6.48001563225405464651127520252306e-03,4.76867907752214906901463889038740e-02,-7.62858709904114316501922582237393e-03
3.72999999999999999999999999999994e+01,2.40810865022759229721613710239048e-02,6.12722203450995719365222695278460e-03,4.72928925931477229958535192002231e-02,-8.12575048702292563491858016968002e-03
3.73499999999999999999999999999999e+01,2.43786207956956076211987063367296e-02,5.77412295520993010574506108988141e-03,4.68743755676119359934260840533512e-02,-8.61330663051840785709765714040303e-03
3.74000000000000000000000000000001e+01,2.46584970263166690563432754702485e-02,5.42093547725420570444141767481570e-03,4.64317251594625409766852211168736e-02,-9.09105288562364275891844935631676e-03
3.74499999999999999999999999999998e+01,2.49207161587662556645901931182611e-02,5.06787462819080979859962114772332e-03,4.59654367663804116739552474144986e-02,-9.55879443065947274441671985335658e-03
3.75000000000000000000000000000000e+01,2.51652898553642664298191029899052e-02,4.71515327009096665492367795543177e-03,4.54760153306320819030899872518327e-02,-1.00163443107261297340502402455365e-02
3.75499999999999999999999999999994e+01,2.53922403651458381763651022035990e-02,4.36298199180336711734131021670941e-03,4.49639749447253061553987605214345e-02,-1.04635234770581363166667663461611e-02
3.75999999999999999999999999999999e+01,2.56016004075568957928029996994959e-02,4.01156900362919551732929923167461e-03,4.44298384552263529318269682693945e-02,-1.09001608212046038903352630346563e-02
3.76500000000000000000000000000001e+01,2.57934130509448119825040648032403e-02,3.66112003445794852821919403400137e-03,4.38741370649970723906877096486936e-02,-1.13260932040629549620589190925199e-02
3.76999999999999999999999999999999e+01,2.59677315859681780511995229558610e-02,3.31183823140221046131775324803759e-03,4.32974099341083061705469086824575e-02,-1.17411654797969825246521869908383e-02
3.77500000000000000000000000000000e+01,2.61246193940515486432005085984663e-02,2.96392406196767586261748340535428e-03,4.27002037796845904351835417184081e-02,-1.21452305146729983034883169012583e-02
3.77999999999999999999999999999993e+01,2.62641498110127909572714935641010e-02,2.61757521879283281989334206476965e-03,4.20830724749333456259135436809752e-02,-1.25381492008506123797473972889669e-02
3.78499999999999999999999999999999e+01,2.63864059859923426491031507338250e-02,2.27298652699084029616933789881487e-03,4.14465766476098505392893946032915e-02,-1.29197904651674280059859396311462e-02
3.79000000000000000000000000000001e+01,2.64914807358152622565710927127833e-02,1.93034985412425122250946113113885e-03,4.07912832781672666757196464754382e-02,-1.32900312729596261328380927009919e-02
3.79499999999999999999999999999999e+01,2.65794763949184415207201987762529e-02,1.58985402284135115637917477022805e-03,4.01177652978388138863441521501370e-02,-1.36487566269630531040420694458708e-02
3.80000000000000000000000000000001e+01,2.66505046609767404309140873981913e-02,1.25168472620100117630157624086646e-03,3.94266011868969027978396488033902e-02,-1.39958595613420110356998255708054e-02
3.80499999999999999999999999999994e+01,2.67046864363631032645337260029663e-02,9.16024445710994462805212070964211e-04,3.87183745733316059886692615810087e-02,-1.43312411308954825032450427007651e-02
3.80999999999999999999999999999999e+01,2.67421516655789174435833331191208e-02,5.83052372103059821510520664758222e-04,3.79936738321883011490607749372709e-02,-1.46548103954929982883367039201520e-02
3.81500000000000000000000000000001e+01,2.67630391687919868714325321720156e-02,2.52944328865773336026137999065173e-04,3.72530916858016482544193785116052e-02,-1.49664843997947781041238410024377e-02
3.82000000000000000000000000000000e+01,2.67674964716205077762069056263252e-02,-7.41273014452275174084502134581640e-05,3.64972248051602719397496140862956e-02,-1.52661881483131384814988129956578e-02
3.82499999999999999999999999999999e+01,2.67556796313023582605393632671537e-02,-3.97993648102193531887391289907135e-04,3.57266734126336126486476908218642e-02,-1.55538545758744684658057151745751e-02
3.82999999999999999999999999999994e+01,2.67277530593898430813195294050027e-02,-7.18489420289696672587214896534134e-04,3.49420408862893886558526500438870e-02,-1.58294245135433215921093948391058e-02
3.83499999999999999999999999999999e+01,2.66838893411107730511260615309464e-02,-1.03545297236471052130105922983662e-03,3.41439333660269786799698253289754e-02,-1.60928466500723609711230837352931e-02
3.83999999999999999999999999999998e+01,2.66242690515374043104499863860003e-02,-1.34872636628033798203158549696651e-03,3.33329593617487945047689071631920e-02,-1.63440774889440224653005332705451e-02
3.84499999999999999999999999999998e+01,2.65490805687053170629614209315121e-02,-1.65815543116301095254274603371481e-03,3.25097293637883678423619496323401e-02,-1.65830813010718281479994044753548e-02
3.85000000000000000000000000000000e+01,2.64585198838247767415915129015227e-02,-1.96358982003480022158397549329328e-03,3.16748554558104286632924457512800e-02,-1.68098300732312878451011437561883e-02
3.85499999999999999999999999999994e+01,2.63527904087274935772510460341149e-02,-2.26488306367427499370711820874488e-03,3.08289509303947064833575138301426e-02,-1.70243034522922699295843016228959e-02
3.85999999999999999999999999999999e+01,2.62321027806919798194129978770677e-02,-2.56189262161113920821554697085748e-03,2.99726299075115447613953203528240e-02,-1.72264886853266030912572114473708e-02
3.86499999999999999999999999999996e+01,2.60966746647908981011944032312134e-02,-2.85447993025164525807019619246545e-03,2.91065069560936847809465300310118e-02,-1.74163805556664879964454431141356e-02
3.86999999999999999999999999999999e+01,2.59467305539039003905770584626590e-02,-3.14251044813354389842511931904167e-03,2.82311967189047523421694137602025e-02,-1.75939813149910510903870127363504e-02
3.87500000000000000000000000000000e+01,2.57825015665394754096566616253595e-02,-3.42585369831107115080853245567880e-03,2.73473135409010714828542336061974e-02,-1.77593006115200618269649099321204e-02
3.87999999999999999999999999999994e+01,2.56042252426092541661001939646302e-02,-3.70438330787219796415229419700331e-03,2.64554711012794375045188939937023e-02,-1.79123554143954589286502741701786e-02
3.88499999999999999999999999999999e+01,2.54121453372980692003305617300293e-02,-3.97797704459207541303115733293640e-03,2.55562820493994100463339083559553e-02,-1.80531699343328905202947182445947e-02
3.88999999999999999999999999999996e+01,2.52065116131728242266213852092332e-02,-4.24651685072829644085974321830968e-03,2.46503576447645390880838570330722e-02,-1.81817755406269668233412546731366e-02
3.89499999999999999999999999999999e+01,2.49875796306729079968509154091337e-02,-4.50988887396526375513055525331135e-03,2.37383074012427158505235428257895e-02,-1.82982106745953522650145057147523e-02
3.90000000000000000000000000000000e+01,2.47556105371244804440306285394041e-02,-4.76798349551660163656437213779009e-03,2.28207387357015498871082812498166e-02,-1.84025207595481861159829490998847e-02
3.90499999999999999999999999999993e+01,2.45108708544204715111131749161997e-02,-5.02069535539617633787706236399998e-03,2.18982566212303165255847317716939e-02,-1.84947581073706169284381047002820e-02
3.91000000000000000000000000000000e+01,2.42536322655075646205302416405082e-02,-5.26792337486989464471407249643089e-03,2.09714632451155985302469002879211e-02,-1.85749818218074659554751883763365e-02
3.91499999999999999999999999999997e+01,2.39841713998207886112340260460134e-02,-5.50957077610203229578786714857935e-03,2.00409576717332657311157434076417e-02,-1.86432576985401982851092441955475e-02
3.91999999999999999999999999999999e+01,2.37027696178056153197840313112882e-02,-5.74554509901140257690879194495418e-03,1.91073355105148997245193505654652e-02,-1.86996581221474775529421749278697e-02
3.92500000000000000000000000000001e+01,2.34097127946666560034967542546836e-02,-5.97575821535420980111708508120717e-03,1.81711885891421809123923419067268e-02,-1.87442619600416107824540351386572e-02
3.92999999999999999999999999999994e+01,2.31052911034811697252542265493465e-02,-6.20012634005194187257990437468726e-03,1.72331046321181154371092175203940e-02,-1.87771544534741541580951666347430e-02
3.93499999999999999999999999999999e+01,2.27897987978146419036999866337644e-02,-6.41857003978414003498932601497995e-03,1.62936669448592933049853846314743e-02,-1.87984271057048484212778117533840e-02
3.93999999999999999999999999999997e+01,2.24635339939746627746615414245638e-02,-6.63101423886734157736182763907887e-03,1.53534541034486394910127366752678e-02,-1.88081775674288841905454536336682e-02
3.94500000000000000000000000000000e+01,2.21267984530382348370276745900113e-02,-6.83738822244292208485693457646244e-03,1.44130396501833503903661809564451e-02,-1.88065095195582629817795600880095e-02
3.94999999999999999999999999999999e+01,2.17798973627864668270518585251966e-02,-7.03762563699796717511538977107620e-03,1.34729917950479019313082051606925e-02,-1.87935325534537192185573878929861e-02
3.95499999999999999999999999999994e+01,2.14231391196793707668865998007844e-02,-7.23166448824467896958522614634982e-03,1.25338731232371762821338573548597e-02,-1.87693620487043022916002442955000e-02
3.95999999999999999999999999999999e+01,2.10568351110021695823582566370831e-02,-7.41944713638516925472342608532750e-03,1.15962403088498846528418470841509e-02,-1.87341190485522860026602954936435e-02
3.96499999999999999999999999999998e+01,2.06812994973131471252660935143105e-02,-7.60092028878980885276786043708351e-03,1.06606438348675674778000408239103e-02,-1.86879301330615758027743863666811e-02
3.96999999999999999999999999999998e+01,2.02968489953216316368180590980240e-02,-7.77603499011859063158530406986036e-03,9.72762771952953352084918347428595e-03,-1.86309272901282224351797402193275e-02
3.97500000000000000000000000000000e+01,1.99038026613231992463341314190268e-02,-7.94474660991622134630767850846980e-03,8.79772924920915940381643649117131e-03,-1.85632477844320242834099393716627e-02
3.97999999999999999999999999999994e+01,1.95024816753176175322005747321895e-02,-8.10701482771288465331630044430418e-03,7.87147871789201393894666616809432e-03,-1.84850340244285103051127824892097e-02
3.98499999999999999999999999999999e+01,1.90932091259334220222545227517335e-02,-8.26280361566381372378926523850322e-03,6.94939917335130064007929595420851e-03,-1.83964334274808413371672130120245e-02
3.98999999999999999999999999999996e+01,1.86763097962813323420449331107585e-02,-8.41208121876197648662811278007828e-03,6.03200617011113006864732066361959e-03,-1.82975982832313502575908294771033e-02
3.99499999999999999999999999999999e+01,1.82521099508569711160481487626501e-02,-8.55482013265930924927276582200308e-03,5.11980752928314438655159520663004e-03,-1.81886856153125614884109103236243e-02
4.00000000000000000000000000000000e+01,1.78209371236115492926260341057664e-02,-8.69099707913303490287522707109158e-03,4.21330310535702276043502842885566e-03,-1.80698570414975881583850323377015e-02
4.00499999999999999999999999999994e+01,1.73831199073073279202790865431122e-02,-8.82059297923466976174850403877336e-03,3.31298456002040118493117483970503e-03,-1.79412786323898014851834387391339e-02
4.00999999999999999999999999999999e+01,1.69389877442727601896565303922683e-02,-8.94359292416035798518686893710616e-03,2.41933514307874693087027294903628e-03,-1.78031207687516021854091978106182e-02
4.01499999999999999999999999999999e+01,1.64888707186702604278927288398065e-02,-9.05998614388217417492982647479495e-03,1.53282948054073921208529245860785e-03,-1.76555579975719986110167940320582e-02
4.01999999999999999999999999999999e+01,1.60330993503875403590090116440463e-02,-9.16976597358100284895857558923393e-03,6.53933369929726802824696787028914e-04,-1.74987688869725115063382213285726e-02
4.02499999999999999999999999999998e+01,1.55720043906613990098811706264828e-02,-9.27292981792253780014755565225531e-03,-2.16896417123136805652835631772704e-04,-1.73329358800506814750317447476936e-02
4.02999999999999999999999999999993e+01,1.51059166195407528416733935598439e-02,-9.36947911321884461759559151914247e-03,-1.07921232495343661388727435528120e-03,-1.71582451477601531640562701149015e-02
4.03500000000000000000000000000000e+01,1.46351666452935487291043828491926e-02,-9.45941928751879566308191796969322e-03,-1.93257619656001354071580452118510e-03,-1.69748864409259505639667661344961e-02
4.03999999999999999999999999999997e+01,1.41600847058600160121051629555773e-02,-9.54275971867151836159612134641067e-03,-2.77655944888267246508126990130397e-03,-1.67830529414931414709044027803313e-02
4.04499999999999999999999999999999e+01,1.36810004724524867331209382005209e-02,-9.61951369040779461245588619044471e-03,-3.61074324062519560648425445668206e-03,-1.65829411131066168621073391504354e-02
4.05000000000000000000000000000001e+01,1.31982428553997470832496873231041e-02,-9.68969834648511130783223840825890e-03,-4.43471863259264929723556886381249e-03,-1.63747505511191835363306198841430e-02
4.05499999999999999999999999999996e+01,1.27121398123315797532023668831382e-02,-9.75333464294278923260562853787755e-03,-5.24808674051681779960522538466384e-03,-1.61586838321245867214526593202428e-02
4.06000000000000000000000000000000e+01,1.22230181587968180680585873463551e-02,-9.81044729851430990967456367561752e-03,-6.05045888034841300055819075531465e-03,-1.59349463631114443366819239380907e-02
4.06499999999999999999999999999995e+01,1.17312033814058602299546010895068e-02,-9.86106474324461716651920820921520e-03,-6.84145670599949093030222698013984e-03,-1.57037462303333871230027472485913e-02
4.07000000000000000000000000000000e+01,1.12370194535861874556862516158714e-02,-9.90521906536079227230270113187913e-03,-7.62071233952425249855859594519990e-03,-1.54652940479899598527876375958673e-02
4.07499999999999999999999999999999e+01,1.07407886540369950346864936458067e-02,-9.94294595644508839214693225981560e-03,-8.38786849373111407157237537189985e-03,-1.52198028068120492501648992220783e-02
4.07999999999999999999999999999994e+01,1.02428313879665821062497073856946e-02,-9.97428465495986181009365378973080e-03,-9.14257858722360101883288541631589e-03,-1.49674877226447650716093910201116e-02
4.08500000000000000000000000000000e+01,9.74346601119365602281021101499921e-03,-9.99927788817445388967932769970759e-03,-9.88450685187224168591733199865149e-03,-1.47085660851198130058933535141790e-02
4.08999999999999999999999999999998e+01,9.24300865719119228734573122951341e-03,-1.00179718125445590972063488758156e-02,-1.06133284327242179936732524644220e-02,-1.44432571065084626684829621736293e-02
4.09499999999999999999999999999998e+01,8.74177306714895298453931469874735e-03,-1.00304159525950606548301075677993e-02,-1.13287294803620596701941478504121e-02,-1.41717817708452320212859915405635e-02
4.10000000000000000000000000000002e+01,8.24007042312820712129006235881557e-03,-1.00366631383577265863710502948720e-02,-1.20304072357271496889343201684191e-02,-1.38943626834113820962213462643979e-02
4.10499999999999999999999999999992e+01,7.73820918437961710270226766802445e-03,-1.00367694414155351566596911094046e-02,-1.27180701074282365651036246275817e-02,-1.36112239206662440097286026874309e-02
4.11000000000000000000000000000001e+01,7.23649492689265844006735514313040e-03,-1.00307941096057400938239858986960e-02,-1.33914377415595225583170185906949e-02,-1.33225908807132850110392282174221e-02
4.11499999999999999999999999999996e+01,6.73523018624232645691650804242445e-03,-1.00187995004340926518050686016935e-02,-1.40502410840572134021813123079118e-02,-1.30286901343866628115767920345425e-02
4.11999999999999999999999999999998e+01,6.23471430379625596037456902263640e-03,-1.00008510132529096658223299838668e-02,-1.46942224356276728463836359778875e-02,-1.27297492770428188130118301800375e-02
4.12500000000000000000000000000000e+01,5.73524327634273930229704067223191e-03,-9.97701702025591444421884399680500e-03,-1.53231354992845220253999604141104e-02,-1.24259967811404222181951060216462e-02
4.12999999999999999999999999999994e+01,5.23710960919747668366542781740055e-03,-9.94736879634298081296669707600628e-03,-1.59367454205361574885476730453650e-02,-1.21176618496906995166857674363374e-02
4.13499999999999999999999999999999e+01,4.74060217284423166227965901011817e-03,-9.91198044790808008981378620723512e-03,-1.65348288202692307246725321966588e-02,-1.18049742706588686416328485112524e-02
4.13999999999999999999999999999999e+01,4.24600606316189630299708565475429e-03,-9.87092884060386643787154006942403e-03,-1.71171738203776343353290820622825e-02,-1.14881642723960453657860071022929e-02
4.14499999999999999999999999999999e+01,3.75360246528779594503244423520436e-03,-9.82429352613643817587440209884120e-03,-1.76835800621904738556224754020344e-02,-1.11674623801796024206758360885795e-02
4.14999999999999999999999999999998e+01,3.26366852116438482298493139580420e-03,-9.77215666814388146479928170015142e-03,-1.82338587177563678538837999088929e-02,-1.08430992739385405738072426135047e-02
4.15499999999999999999999999999993e+01,2.77647720081380242466825307592266e-03,-9.71460296721223862601577652629474e-03,-1.87678324940452106817035564455258e-02,-1.05153056472389766825402712081337e-02
4.16000000000000000000000000000000e+01,2.29229717738207814252557776807321e-03,-9.65171958508254646989618694362773e-03,-1.92853356301322504763392973242730e-02,-1.01843120676033677670573612721584e-02
4.16499999999999999999999999999997e+01,1.81139270599209010426548539172762e-03,-9.58359606810256073800687706080362e-03,-1.97862138874329781804696942074151e-02,-9.85034883823557362286010923413239e-03
4.16999999999999999999999999999999e+01,1.33402350644170466418561892491254e-03,-9.51032426997672141534658166265913e-03,-2.02703245330608899429078774217293e-02,-9.51364586122231464677385045458763e-03
4.17500000000000000000000000000001e+01,8.60444649780847494443763698979862e-04,-9.43199827386782059651204036776625e-03,-2.07375363163836738626415324470514e-02,-9.17443250228000760657266336346865e-03
4.17999999999999999999999999999996e+01,3.90906448798587112633977704501005e-04,-9.34871431390371015191524220935331e-03,-2.11877294388567812633527225142472e-02,-8.83293745711436127530941312930992e-03
4.18500000000000000000000000000000e+01,-7.43456475513514226555732754837010e-05,-9.26057069614223101347813881578532e-03,-2.16207955172166712240270087387779e-02,-8.48938861945848741381417547482107e-03
4.18999999999999999999999999999995e+01,-5.35071155760879483360396763046017e-04,-9.16766771904735987491383408460493e-03,-2.20366375401192636929495649791325e-02,-8.14401295085363175871387656442349e-03
4.19500000000000000000000000000000e+01,-9.91034655390525854587178693365861e-04,-9.07010759352935288580685882254203e-03,-2.24351698183122999889431533050991e-02,-7.79703635223495570157590833077451e-03
4.19999999999999999999999999999999e+01,-1.44200588268462002457632333674529e-03,-8.96799436260141993159739786331111e-03,-2.28163179284333887189613422094921e-02,-7.44868353738310347220073408767352e-03
4.20499999999999999999999999999994e+01,-1.88775982016081199567058142013268e-03,-8.86143382070518776756216536831971e-03,-2.31800186505285090512159673274607e-02,-7.09917790830057311168045089457425e-03
4.21000000000000000000000000000000e+01,-2.32807678215866825715681473701617e-03,-8.75053343275690606181830529948383e-03,-2.35262198993886508763097537295380e-02,-6.74874143257017358501492140912540e-03
4.21499999999999999999999999999998e+01,-2.76274249633467306471268762952224e-03,-8.63540225296601776125013838095641e-03,-2.38548806498050917260975748662709e-02,-6.39759452275109628490059415403355e-03
4.21999999999999999999999999999998e+01,-3.19154818109353634213194271017677e-03,-8.51615084347735459880543964759498e-03,-2.41659708558465425242262427135695e-02,-6.04595591786635816274410764968785e-03
4.22500000000000000000000000000002e+01,-3.61429061894826297340597986072247e-03,-8.39289119288783049689388274088217e-03,-2.44594713642640374987213475243425e-02,-5.69404256703358703311968019742073e-03
4.22999999999999999999999999999992e+01,-4.03077222580397162609380824179279e-03,-8.26573663468809058763171866039983e-03,-2.47353738221319971429130524819021e-02,-5.34206951528931847431633203641343e-03
4.23500000000000000000000000000001e+01,-4.44080111616296320439388403868288e-03,-8.13480176567913207590619817335313e-03,-2.49936805788363562756800933810272e-02,-4.99024979165515942752288688683618e-03
4.23999999999999999999999999999996e+01,-4.84419116425102826237027338736799e-03,-8.00020236441344573626178929110861e-03,-2.52344045825230213964645527082179e-02,-4.63879429949234731375465038521148e-03
4.24499999999999999999999999999998e+01,-5.24076206106744793060990104846277e-03,-7.86205530970973399068723576034458e-03,-2.54575692711222020873345304942634e-02,-4.28791170918939646926886233239346e-03
4.25000000000000000000000000000000e+01,-5.63033936736358286624564481132989e-03,-7.72047849928974380300282324544362e-03,-2.56632084580663496774012667577019e-02,-3.93780835322567716993308693286535e-03
4.25499999999999999999999999999994e+01,-6.01275456255735819714203228463234e-03,-7.57559076858521059802636422944911e-03,-2.58513662128215323089839826551658e-02,-3.58868812365191768965131202917161e-03
4.25999999999999999999999999999999e+01,-6.38784508959333819427901344372667e-03,-7.42751180976234363074372069477654e-03,-2.60220967363540785455869667585185e-02,-3.24075237202675792754956443943645e-03
4.26499999999999999999999999999999e+01,-6.75545439576044129841883403718490e-03,-7.27636209101069426199995109291373e-03,-2.61754642316562314148537631098993e-02,-2.89419981184661534572342624965664e-03
4.26999999999999999999999999999999e+01,-7.11543196948167300313446349219653e-03,-7.12226277614263702097092799415207e-03,-2.63115427694563710209637170117952e-02,-2.54922642350425147835743273325283e-03
4.27499999999999999999999999999998e+01,-7.46763337309254984046332599598582e-03,-6.96533564454905973718801841450390e-03,-2.64304161492410863857106842356145e-02,-2.20602536180955128955435287953781e-03
4.27999999999999999999999999999993e+01,-7.81192027162715124158464399619113e-03,-6.80570301155620400015903887788077e-03,-2.65321777557180058400741527185225e-02,-1.86478686610414934744940301091110e-03
4.28500000000000000000000000000000e+01,-8.14816045763296629664220691525618e-03,-6.64348764922792135388739202848924e-03,-2.66169304108498300013419082851889e-02,-1.52569817299965731227156458529784e-03
4.28999999999999999999999999999997e+01,-8.47622787203789838902003777858542e-03,-6.47881270765691456487723624977099e-03,-2.66847862215914521056963519884007e-02,-1.18894343176736776143431602402377e-03
4.29499999999999999999999999999999e+01,-8.79600262109495133446263583196703e-03,-6.31180163678781762994155928710203e-03,-2.67358664234633972510545011368783e-02,-8.54703622405431039718042609223660e-04
4.30000000000000000000000000000001e+01,-9.10737098943224504972181827094697e-03,-6.14257810881423353466254401951765e-03,-2.67703012200960650251931395331492e-02,-5.23156476407625759531466854333097e-04
4.30499999999999999999999999999996e+01,-9.41022544923809597537390715473686e-03,-5.97126594119109576056312942009852e-03,-2.67882296188804191914453523325152e-02,-1.94476400255970905081069661855066e-04
4.31000000000000000000000000000000e+01,-9.70446466561294658097187226801077e-03,-5.79798902030294879989102765644394e-03,-2.67897992628618337758491512068207e-02,1.31165598342440677966039840659674e-04
4.31499999999999999999999999999995e+01,-9.98999349812193841733070651329750e-03,-5.62287122582795510700015844452524e-03,-2.67751662590147772979036080447986e-02,4.53601981455870205589666767572910e-04
4.32000000000000000000000000000000e+01,-1.02667229985838935119322489338753e-02,-5.44603635583663163447225745125075e-03,-2.67444950030368963187082769047914e-02,7.72668749148960997585405580888104e-04
4.32499999999999999999999999999999e+01,-1.05345704051343986227076995036129e-02,-5.26760805266349901398345232082633e-03,-2.66979580008018463055023812087857e-02,1.08820550490955351643230429285478e-03
4.32999999999999999999999999999994e+01,-1.07934591326025751986095879744617e-02,-5.08770972958899119348933578128169e-03,-2.66357356866109124436240796521223e-02,1.40005551826831366537892461780015e-03
4.33500000000000000000000000000000e+01,-1.10433187592429641006429758112003e-02,-4.90646449836812358352921291791100e-03,-2.65580162383840659309219783302749e-02,1.70806578460003017246620414226014e-03
4.33999999999999999999999999999998e+01,-1.12840850098657575051737385989342e-02,-4.72399509764155414881592741436692e-03,-2.64649953899316129822276708261136e-02,2.01208708209725561254314117999099e-03
4.34499999999999999999999999999998e+01,-1.15156997354103702658339469657566e-02,-4.54042382226379506137229634879242e-03,-2.63568762404480148196944067883329e-02,2.31197402590877250413287808510941e-03
4.35000000000000000000000000000002e+01,-1.17381108890090587074382911781676e-02,-4.35587245358244316458358488767387e-03,-2.62338690613697879453397679365546e-02,2.60758511943715997754761889384475e-03
4.35499999999999999999999999999992e+01,-1.19512724985889657540968350465645e-02,-4.17046219070139624122443480440299e-03,-2.60961911007396356505196456368996e-02,2.89878280279151677758919373867965e-03
4.36000000000000000000000000000001e+01,-1.21551446360625968761456439035024e-02,-3.98431358276010959122748143035811e-03,-2.59440663852191147267508157890309e-02,3.18543349839316188896685138948124e-03
4.36499999999999999999999999999996e+01,-1.23496933831583110315408186959823e-02,-3.79754646226002436559517846792377e-03,-2.57777255198922064637575481721334e-02,3.46740765373388392387748265981436e-03
4.36999999999999999999999999999998e+01,-1.25348907939439440648445381242546e-02,-3.61027987946836613038560858751350e-03,-2.55974054860021390604151857959981e-02,3.74457978128804367627992102099103e-03
4.37500000000000000000000000000000e+01,-1.27107148540981684316869734899288e-02,-3.42263203792856990776200614975315e-03,-2.54033494367637003841364065075114e-02,4.01682849558155003247255560285795e-03
4.37999999999999999999999999999994e+01,-1.28771494369856321923436389492906e-02,-3.23472023110563711758961637370282e-03,-2.51958064913930864901373364191404e-02,4.28403654742242685819258685663169e-03
4.38499999999999999999999999999999e+01,-1.30341842565933115514209957326818e-02,-3.04666078019377107977771638709279e-03,-2.49750315274970533931069789811758e-02,4.54609085529936670380071416112405e-03
4.38999999999999999999999999999999e+01,-1.31818148173868544309942799820671e-02,-2.85856897311267168977853585362599e-03,-2.47412849719627782515019970351058e-02,4.80288253395632534639339680588691e-03
4.39499999999999999999999999999999e+01,-1.33200423611469873040092695113249e-02,-2.67055900471789720076046262186276e-03,-2.44948325904893924016510226156002e-02,5.05430692015284850639611957118649e-03
4.39999999999999999999999999999998e+01,-1.34488738108473034680773003939779e-02,-2.48274391824972238709829293724956e-03,-2.42359452759016236279408458541600e-02,5.30026359562143774243535568090297e-03
4.40499999999999999999999999999993e+01,-1.35683217116359478241855864044538e-02,-2.29523554804393837346066418555040e-03,-2.39648988353853797786076252908673e-02,5.54065640723485576904525377302823e-03
4.41000000000000000000000000000000e+01,-1.36784041689848607898891498782991e-02,-2.10814446352705073741422447330875e-03,-2.36819737767844214742295833087060e-02,5.77539348439784150516530906276707e-03
4.41499999999999999999999999999997e+01,-1.37791447840713420040147136000701e-02,-1.92157991451733977323212571530233e-03,-2.33874550940965093851331027432817e-02,6.00438725367925131695220089098241e-03
4.41999999999999999999999999999999e+01,-1.38705725864577427835738179826682e-02,-1.73564977785225067889847507033093e-03,-2.30816320523065725877852262998215e-02,6.22755445070216445731914875134494e-03
4.42500000000000000000000000000001e+01,-1.39527219641360947190553854972284e-02,-1.55046050536158253147859310848019e-03,-2.27647979716935300969525458368081e-02,6.44481612931098693983727949085714e-03
4.42999999999999999999999999999996e+01,-1.40256325910054302187581120794192e-02,-1.36611707320494387800194228355251e-03,-2.24372500117464090918586626191338e-02,6.65609766803605835124849114946423e-03
4.43500000000000000000000000000000e+01,-1.40893493518504491449204092556199e-02,-1.18272293259094021495322764966352e-03,-2.20992889548243419253606157221535e-02,6.86132877387770976215480924370935e-03
4.43999999999999999999999999999995e+01,-1.41439222648910338638330449327947e-02,-1.00037996189455517947624792792221e-03,-2.17512189896938910714546466868674e-02,7.06044348343313731918900055284632e-03
4.44500000000000000000000000000000e+01,-1.41894064019729130294705615783146e-02,-8.19188420188183544143456501655506e-04,-2.13933474950759481048291790202077e-02,7.25338016139084469643405924247717e-03
4.44999999999999999999999999999999e+01,-1.42258618064705222366374336270340e-02,-6.39246902200770703581248229645726e-04,-2.10259848233331810226413912764664e-02,7.44008149641876777406178329853128e-03
4.45499999999999999999999999999994e+01,-1.42533534089738073466768983283008e-02,-4.60652294718510868273561471877289e-04,-2.06494440844276651473152220665523e-02,7.62049449447352614596514040546256e-03
4.45999999999999999999999999999999e+01,-1.42719509408313638679054700939988e-02,-2.83499734439555235052410085418938e-04,-2.02640409302769279510884061585004e-02,7.79457046955954780638555982026382e-03
4.46499999999999999999999999999998e+01,-1.42817288456229033552482550399409e-02,-1.07882567294182575032854327291940e-04,-1.98700933396351689053025194217756e-02,7.96226503196808512206019511848920e-03
4.46999999999999999999999999999998e+01,-1.42827661886345854995163872698176e-02,6.61076907591114489701411269108398e-05,-1.94679214036248833917894005528838e-02,8.12353807402738147824908509203089e-03
4.47500000000000000000000000000002e+01,-1.42751465644112525558141845015264e-02,2.38381391452142776453318562017781e-04,-1.90578471120425263554855364864717e-02,8.27835375339645833436720601212576e-03
4.47999999999999999999999999999992e+01,-1.42589580024600511907165027103849e-02,4.08850790431710804515488119830652e-04,-1.86401941405601982843366156182662e-02,8.42668047393617140131956136556807e-03
4.48500000000000000000000000000001e+01,-1.42342928711803259153612592877404e-02,5.77430081982923758750337083540942e-04,-1.82152876389436248536148356802118e-02,8.56849086419233184479366234292455e-03
4.48999999999999999999999999999996e+01,-1.42012477800950182505261767834020e-02,7.44035432244667381654793329121132e-04,-1.77834540204049337660173562609749e-02,8.70376175352680343679891698657730e-03
4.49499999999999999999999999999998e+01,-1.41599234804591069015849378849854e-02,9.08585010911680887051778796312503e-04,-1.73450207522069095743131083744484e-02,8.83247414593356905508290865073334e-03
4.50000000000000000000000000000000e+01,-1.41104247643208767944419236984668e-02,1.07099902141867223903566952042732e-03,-1.69003161476335312255700953837824e-02,8.95461319157780952345234952342928e-03
4.50499999999999999999999999999994e+01,-1.40528603621120091531622132714970e-02,1.23119972960286636059822633859349e-03,-1.64496691594396693674190298372039e-02,9.07016815609705417554056305590950e-03
4.50999999999999999999999999999999e+01,-1.39873428388426412271948059848605e-02,1.38911149084233434262124826064162e-03,-1.59934091748908427750993646118616e-02,9.17913238770444541352670610895461e-03
4.51499999999999999999999999999999e+01,-1.39139884889776531676400805720981e-02,1.54466077566839859981803090821427e-03,-1.55318658125019072751506375516844e-02,9.28150328213510864828515961713678e-03
4.51999999999999999999999999999999e+01,-1.38329172300705012999350938306020e-02,1.69777619385134770742502809460790e-03,-1.50653687205814779526081989687088e-02,9.37728224547753409815453040256635e-03
4.52499999999999999999999999999998e+01,-1.37442524952309320613313007602307e-02,1.84838851695962486162269242591534e-03,-1.45942473776867679404263897416782e-02,9.46647465493275776278617520365505e-03
4.52999999999999999999999999999993e+01,-1.36481211245028796065495438795376e-02,1.99643069939357505831664476624692e-03,-1.41188308950913664203559913384336e-02,9.54908981754497527219054611261019e-03
4.53499999999999999999999999999999e+01,-1.35446532552287729986706704785607e-02,2.14183789789574770962998848174200e-03,-1.36394478213662763410536392057530e-02,9.62514092694803405788122173886024e-03
4.53999999999999999999999999999997e+01,-1.34339822114763564825253724237671e-02,2.28454748954065305610124491165515e-03,-1.31564259491722905176991233525070e-02,9.69464501817302624445035791451923e-03
4.54499999999999999999999999999999e+01,-1.33162443926039590951491159759214e-02,2.42449908820776193644919739017466e-03,-1.26700921243595049610986197508682e-02,9.75762292056294668019282749379144e-03
4.55000000000000000000000000000001e+01,-1.31915791610399383350030416852992e-02,2.56163455954241880776871980422416e-03,-1.21807720574674522426406983856726e-02,9.81409920884108750125696825393550e-03
4.55499999999999999999999999999996e+01,-1.30601287293517673430007689251428e-02,2.69589803441020693984989346196500e-03,-1.16887901377169871891337096505302e-02,9.86410215238051246434469791903512e-03
4.56000000000000000000000000000000e+01,-1.29220380466799366193882999853602e-02,2.82723592085116202158736336186184e-03,-1.11944692495826739770626403841741e-02,9.90766366272259091953693970367618e-03
4.56499999999999999999999999999995e+01,-1.27774546846115003072064311828046e-02,2.95559691454107560986724285575713e-03,-1.06981305920320095206175010985832e-02,9.94481923939317268074862923602062e-03
4.57000000000000000000000000000000e+01,-1.26265287225677141314141553050499e-02,3.08093200776796252780123266192472e-03,-1.02000935005153746852049427396259e-02,9.97560791406555116184439779610395e-03
4.57499999999999999999999999999999e+01,-1.24694126327797878281804108258974e-02,3.20319449693258609698583766019213e-03,-9.70067527178813407199779275245744e-03,1.00000721931198929784537340438245e-02
4.57999999999999999999999999999994e+01,-1.23062611649263099856236724077241e-02,3.32233998858274159633254041253367e-03,-9.20019099164380867295995704187297e-03,1.00182579986493077873457140601645e-02
4.58499999999999999999999999999999e+01,-1.21372312305053983179319072690049e-02,3.43832640399179121826081167515708e-03,-8.69895336563472535181472162229702e-03,1.00302146079631924864215782988941e-02
4.58999999999999999999999999999998e+01,-1.19624817870140841995592058371630e-02,3.55111398229272269367883709844007e-03,-8.19727255285400462420680971962001e-03,1.00359945916389090895220558952952e-02
4.59499999999999999999999999999998e+01,-1.17821737220068575024050152650797e-02,3.66066528217976834399455830905270e-03,-7.69545600285018534589831935292312e-03,1.00356537501732457026482417781684e-02
4.60000000000000000000000000000002e+01,-1.15964697371046771303859366140060e-02,3.76694518219037126707871634680302e-03,-7.19380829574320342271167398701238e-03,1.00292510492854651636910623502941e-02
4.60499999999999999999999999999992e+01,-1.14055342320250948723745296100683e-02,3.86992087958102036227965626817715e-03,-6.69263098560784327596591136151862e-03,1.00168485539240661884330482807835e-02
4.61000000000000000000000000000001e+01,-1.12095331887034460511880726279710e-02,3.96956188781119564693930595787480e-03,-6.19222244718816727161849214699145e-03,9.99851136102966743348164739460285e-03
4.61499999999999999999999999999996e+01,-1.10086340555743307029604167302721e-02,4.06584003265036952515461985579563e-03,-5.69287772600380138189949832916596e-03,9.97430753110667590366598806468213e-03
4.61999999999999999999999999999998e+01,-1.08030056320818444617271777185627e-02,4.15872944692369806270165259587863e-03,-5.19488839190631671801086985486278e-03,9.94430801865661777843562225945950e-03
4.62500000000000000000000000000000e+01,-1.05928179534862197458020713540274e-02,4.24820656391270863623239098209172e-03,-4.69854239614129796502564903337221e-03,9.90858660152619220920511756232297e-03
4.62999999999999999999999999999994e+01,-1.03782421760337060558105152380638e-02,4.33425010942794630846125952687758e-03,-4.20412393196903286854195316475150e-03,9.86721980922325716645809312248052e-03
4.63499999999999999999999999999999e+01,-1.01594504625556540216392791019622e-02,4.41684109257118069475870921048920e-03,-3.71191329889409345858770983860075e-03,9.82028685025407122930943377858434e-03
4.63999999999999999999999999999999e+01,-9.93661586856187211127981958313921e-03,4.49596279520539770335628372985502e-03,-3.22218677055141132906623449516465e-03,9.76786953853519656683771257177498e-03
4.64499999999999999999999999999999e+01,-9.70991222889239848385196246733588e-03,4.57160076015140613656575948493708e-03,-2.73521646629377768677787943488266e-03,9.71005221893351653338425902755065e-03
4.64999999999999999999999999999998e+01,-9.47951404499087418768297766164852e-03,4.64374277813047753169245350598886e-03,-2.25127022652302569473175150711031e-03,9.64692169198783658020491424071424e-03
4.65499999999999999999999999999993e+01,-9.24559637286171863768192417896673e-03,4.71237887347300860769485096300078e-03,-1.77061149180447949707461024128039e-03,9.57856713786551988153415127424370e-03
4.65999999999999999999999999999999e+01,-9.00833471177229492907813147815197e-03,4.77750128861374908946809969007990e-03,-1.29349918580158284868203012468241e-03,9.50508003960755950924910374074539e-03
4.66499999999999999999999999999997e+01,-8.76790489376021194014722085783450e-03,4.83910446739467334059884912114635e-03,-8.20187602064952085789442110192525e-04,9.42655410571540750830455385682322e-03
4.66999999999999999999999999999999e+01,-8.52448297400484323604704139335968e-03,4.89718503719709199455853855655668e-03,-3.50926294707434852024230681170788e-04,9.34308519213276818241514161670881e-03
4.67500000000000000000000000000001e+01,-8.27824512212105040789059272637325e-03,4.95174178992509949286497700495566e-03,1.14040027005900894396045440128344e-04,9.25477122367541866924591695313639e-03
4.67999999999999999999999999999996e+01,-8.02936751443198157098351433509062e-03,5.00277566186293498829666226266213e-03,5.74471600126571971983040114220220e-04,9.16171211496194485510807259962932e-03
4.68500000000000000000000000000000e+01,-7.77802622727667521515711242173382e-03,5.05028971242929733555486662756582e-03,1.03013370552664293787125902878001e-03,9.06400969089807525424350293571198e-03
4.68999999999999999999999999999995e+01,-7.52439713140703636524861688187565e-03,5.09428910185209976676752364092638e-03,1.48079676141683906224618422436419e-03,8.96176760676706007515946402509302e-03
4.69500000000000000000000000000000e+01,-7.26865578752756699283313041051089e-03,5.13478106778757624296327545214116e-03,1.92623641286041731656020603875997e-03,8.85509126797827774822773078599799e-03
4.69999999999999999999999999999999e+01,-7.01097734303002674740730885268798e-03,5.17177490090805930521429535629137e-03,2.36623361726700525928065310343761e-03,8.74408774952595714072157490385374e-03
4.70499999999999999999999999999994e+01,-6.75153642997397427616896829942118e-03,5.20528191948313845263959286814846e-03,2.80057472585320416503819419792585e-03,8.62886571520958099680084975462145e-03
4.70999999999999999999999999999999e+01,-6.49050706436289460923284331927471e-03,5.23531544297927859287561843502680e-03,3.22905156105932236451969140285159e-03,8.50953533666718528277671224303955e-03
4.71499999999999999999999999999998e+01,-6.22806254676435523697780921845415e-03,5.26189076470332989978904251777860e-03,3.65146148991415614691611431145252e-03,8.38620821227239057692153514464449e-03
4.71999999999999999999999999999998e+01,-5.96437536432135353555666907695759e-03,5.28502512351569344070337060490995e-03,4.06760749334226735236811978736952e-03,8.25899728594559591487177044735161e-03
4.72500000000000000000000000000002e+01,-5.69961709420072204406724681889205e-03,5.30473767463922118046403320924426e-03,4.47729823141071760195483010188371e-03,8.12801676592933309472557467803085e-03
4.72999999999999999999999999999992e+01,-5.43395830852314670188356135936284e-03,5.32104945959022442305557714470746e-03,4.88034810451470765635528607262674e-03,7.99338204357732087995315934187560e-03
4.73500000000000000000000000000001e+01,-5.16756848081802745675320306427370e-03,5.33398337525824141543640262321526e-03,5.27657731050403536664443627678562e-03,7.85520961220627434374855156398588e-03
4.73999999999999999999999999999996e+01,-4.90061589404507159266139729951920e-03,5.34356414216147272633369622765735e-03,5.66581189775472581382256623227196e-03,7.71361698605901531640458761941491e-03
4.74499999999999999999999999999998e+01,-4.63326755022315863936422731625092e-03,5.34981827190503214972503937731920e-03,6.04788381419260128697383505898380e-03,7.56872261942689607862274348847082e-03
4.75000000000000000000000000000000e+01,-4.36568908170565274960671898628442e-03,5.35277403386938130450082705134672e-03,6.42263095227794551054853294934300e-03,7.42064582597899064886556503129461e-03
4.75499999999999999999999999999994e+01,-4.09804466413996490000097939541957e-03,5.35246142115651785519803026443980e-03,6.78989718996277481456163030311163e-03,7.26950669834492681153475325523762e-03
4.75999999999999999999999999999999e+01,-3.83049693114778411936667730755588e-03,5.34891211582167042139996225548399e-03,7.14953242763455759159366704267748e-03,7.11542602799762800321436249092219e-03
4.76499999999999999999999999999999e+01,-3.56320689076100510290028226774529e-03,5.34215945341841784378269333632892e-03,7.50139262106252127458880883192460e-03,6.95852522548160790301241653775054e-03
4.76999999999999999999999999999999e+01,-3.29633384364697995702696881786098e-03,5.33223838688529661178182604322773e-03,7.84533981036495210231385771024177e-03,6.79892624103181265454060132172410e-03
4.77499999999999999999999999999998e+01,-3.03003530315531535917932436396463e-03,5.31918544980208802078075376099635e-03,8.18124214501812604762116582384300e-03,6.63675148562733668304819891508403e-03
4.77999999999999999999999999999993e+01,-2.76446691721702402529613423380735e-03,5.30303871904408611515867280976679e-03,8.50897390492970843026113611568866e-03,6.47212375252364867037694075828304e-03
4.78499999999999999999999999999999e+01,-2.49978239212542196656703531556466e-03,5.28383777686273879714838491925036e-03,8.82841551760162391442943325908371e-03,6.30516613930625502794168975399177e-03
4.78999999999999999999999999999997e+01,-2.23613341822674149115711653946950e-03,5.26162367242112775983148116558271e-03,9.13945357140952682593764819665910e-03,6.13600197050799978515532576876800e-03
4.79499999999999999999999999999999e+01,-1.97366959754700516539775177544110e-03,5.23643888281280826509164067278079e-03,9.44198082502809307049858246929190e-03,5.96475472083145281453072069652959e-03
4.80000000000000000000000000000001e+01,-1.71253837338027888458634450661048e-03,5.20832727359256737289200136093463e-03,9.73589621303340848023135548286351e-03,5.79154793901707337723767016265755e-03
4.80499999999999999999999999999996e+01,-1.45288496186199370127567523601408e-03,5.17733405884767918518696408380265e-03,1.00211048477157432789575243611614e-02,5.61650517239705373106750684920663e-03
4.80999999999999999999999999999999e+01,-1.19485228554959699628172435958688e-03,5.14350576083823815369998956934241e-03,1.02975180171379776889728869182990e-02,5.43974989217394863779994334953277e-03
4.81499999999999999999999999999995e+01,-9.38580909031364824019925733016406e-04,5.10689016923513668232112660707952e-03,1.05650531794768786856974762298187e-02,5.26140541946238168401951181515330e-03
4.82000000000000000000000000000000e+01,-6.84208976582779680063045605608750e-04,5.06753629998422130748428203381010e-03,1.08236339536863217572312466342252e-02,5.08159485213128903711483429634447e-03
4.82499999999999999999999999999999e+01,-4.31872151888452376876879356807903e-04,5.02549435382511284772544151213960e-03,1.10731901065234034911870457964377e-02,4.90044099248331624818607304675107e-03
4.82999999999999999999999999999994e+01,-1.81703559846144015990126476519651e-04,4.98081567449311026932311887584826e-03,1.13136575359802001716987023786100e-02,4.71806627580712464018405069300200e-03
4.83499999999999999999999999999999e+01,6.61662695319749559893570607816846e-05,4.93355270663251581938043934571289e-03,1.15449782511656936384453235752544e-02,4.53459269983749133931300016399981e-03
4.83999999999999999999999999999998e+01,3.11609455107106101717381926685178e-04,4.88375895344962043989790972160464e-03,1.17671003486841077829996660112605e-02,4.35014175515720177883724658369400e-03
4.84499999999999999999999999999998e+01,5.54500816478331402687370578793508e-04,4.83148893413347381315090647953184e-03,1.19799779855575766148556183609075e-02,4.16483435657383618659881677554056e-03
4.85000000000000000000000000000002e+01,7.94717923712938387933106713222618e-04,4.77679814107243282453365178195841e-03,1.21835713487426972321828474206959e-02,3.97879077550364282139233691279255e-03
4.85499999999999999999999999999992e+01,1.03214114493304774386535707149430e-03,4.71974299689433599592362384633217e-03,1.23778466212921077258070114871614e-02,3.79213057339377121001611003979700e-03
4.86000000000000000000000000000001e+01,1.26665369175041756693930954986095e-03,4.66038081135798977976100847465112e-03,1.25627759452137705072963456554082e-02,3.60497253621320901762460718990003e-03
4.86499999999999999999999999999996e+01,1.49814166254267835676568271446040e-03,4.59876973812347575765913984315614e-03,1.27383373810821352945847291843041e-02,3.41743461004182711998638025123232e-03
4.86999999999999999999999999999999e+01,1.72649408356562356654066406811843e-03,4.53496873142859601050783485522122e-03,1.29045148644568025555494862340212e-02,3.22963383778598959778109607235736e-03
4.87500000000000000000000000000000e+01,1.95160294789754129021882789545462e-03,4.46903750269856747933931239410970e-03,1.30612981591657071786552821642277e-02,3.04168629704822939947449253461159e-03
4.87999999999999999999999999999994e+01,2.17336325221292274477127562933037e-03,4.40103647711585528370615981813727e-03,1.32086828075111931203714418866975e-02,2.85370703917752697847167230452905e-03
4.88499999999999999999999999999999e+01,2.39167303138422188769604868524672e-03,4.33102675017679997913357137151886e-03,1.33466700774586524146166597389219e-02,2.66581002952575895822024504058957e-03
4.88999999999999999999999999999999e+01,2.60643339091166709497416785668334e-03,4.25907004426144489544202816468809e-03,1.34752669068686558957792334440362e-02,2.47810808893490746956032118468296e-03
4.89499999999999999999999999999999e+01,2.81754853718243962723514000835306e-03,4.18522866524270728718198540297218e-03,1.35944858448347079923286994578946e-02,2.29071283647863888916022651823875e-03
4.89999999999999999999999999999998e+01,3.02492580556183396068047935980618e-03,4.10956545916076133534493149578509e-03,1.37043449901899137335929434117363e-02,2.10373463348087393464438820081117e-03
4.90499999999999999999999999999993e+01,3.22847568632030129757820681858907e-03,4.03214376898821236042948999778214e-03,1.38048679272469524511744233545375e-02,1.91728252883298008600552471400672e-03
4.91000000000000000000000000000000e+01,3.42811184840154905700305693002550e-03,3.95302739151134024038078630286730e-03,1.38960836588368093541301959117184e-02,1.73146420563022274541369862203669e-03
4.91499999999999999999999999999997e+01,3.62375116103812525317127973922683e-03,3.87228053435237627721010603086630e-03,1.39780265367127230508196638407459e-02,1.54638592914711405587778691567273e-03
4.91999999999999999999999999999999e+01,3.81531371322215678475168195921529e-03,3.78996777315745193212415771988951e-03,1.40507361893867640493644756995551e-02,1.36215249617029850629227479226439e-03
4.92500000000000000000000000000001e+01,4.00272283104013418802552978679297e-03,3.70615400897452026396285933515792e-03,1.41142574474673661936289752425675e-02,1.17886718570661298440852805931508e-03
4.92999999999999999999999999999996e+01,4.18590509288184176958087652583832e-03,3.62090442584520187697394398009989e-03,1.41686402665669898144639891286977e-02,9.96631711082956423347105667823186e-04
4.93499999999999999999999999999999e+01,4.36479034253472066618879380645859e-03,3.53428444863414703262161329129663e-03,1.42139396478499020596324653212718e-02,8.15546173453601239177475873024717e-04
4.93999999999999999999999999999995e+01,4.53931170017612273259774000458161e-03,3.44635970111913463105070186660617e-03,1.42502155562908164040702437549965e-02,6.35709016729575988891623510561604e-04
4.94500000000000000000000000000000e+01,4.70940557127706470050262359714317e-03,3.35719596436474734922769301717733e-03,1.42775328367158397591004855498198e-02,4.57216983943746695827379514866927e-04
4.94999999999999999999999999999999e+01,4.87501165343222426869305730260679e-03,3.26685913540207066604918402088784e-03,1.42959611276978319492324498796882e-02,2.80165075064223692966723039857502e-04
4.95499999999999999999999999999994e+01,5.03607294113203217680110607042353e-03,3.17541518623646214418327983143112e-03,1.43055747733788886923718581297595e-02,1.04646506267722216624427887881243e-04
4.95999999999999999999999999999999e+01,5.19253572849380640137833538194179e-03,3.08293012320502651113818586622365e-03,1.43064527332932157172705978800502e-02,-6.92473293164910699916002378973170e-05
4.96499999999999999999999999999998e+01,5.34434960996994592837641742296172e-03,2.98946994670501212756542380157390e-03,1.42986784902641684235961660716813e-02,-2.41426899382426353083637059960141e-04
4.96999999999999999999999999999998e+01,5.49146747905225165266000284809401e-03,2.89510061131391569088604668744634e-03,1.42823399564496887066150605167784e-02,-4.11804568734323668119012388827252e-04
4.97500000000000000000000000000002e+01,5.63384552499247040226080334594301e-03,2.79988798632164484078506838624853e-03,1.42575293776107784300475784487656e-02,-5.80294634077065461934587827092270e-04
4.97999999999999999999999999999992e+01,5.77144322756016446923992410296336e-03,2.70389781669464305555741666654237e-03,1.42243432356780077650365794798435e-02,-7.46813357303363636213172911229994e-04
4.98500000000000000000000000000001e+01,5.90422334985999295413398785259266e-03,2.60719568449142820188445044611312e-03,1.41828821496913664758280100845021e-02,-9.11278997272010689943095903590212e-04
4.98999999999999999999999999999996e+01,6.03215192923145231828545800179325e-03,2.50984697074853567389579636417127e-03,1.41332507751890275062895312349645e-02,-1.07361184007245335622137336720783e-03
4.99499999999999999999999999999999e+01,6.15519826625506142661985394427985e-03,2.41191681785538957997157206724194e-03,1.40755577021208052151200824503530e-02,-1.23373422777190945575538455077848e-03
5.00000000000000000000000000000000e+01,6.27333491188989070885896698510740e-03,2.31347009243615125820962707424999e-03,1.40099153513622556571283824510317e-02,-1.39157058564220404466783062418605e-03
5.00499999999999999999999999999994e+01,6.38653765276822554352157260744911e-03,2.21457134875611387504530374382158e-03,1.39364398699054837747020158740377e-02,-1.54704744786444880597891138118112e-03
5.00999999999999999999999999999999e+01,6.49478549467402026770695833303236e-03,2.11528479266972533785193327288168e-03,1.38552510248027926343215412697621e-02,-1.70009348171062852016622243034620e-03
5.01499999999999999999999999999999e+01,6.59806064423264104551852062166220e-03,2.01567424612682958339674076031665e-03,1.37664720959393333293384147557305e-02,-1.85063951020208985791198846988776e-03
5.01999999999999999999999999999999e+01,6.69634848884021291559939501258400e-03,1.91580311225321884173515520140659e-03,1.36702297677108913082561737734847e-02,-1.99861853324585018485579990668148e-03
5.02499999999999999999999999999998e+01,6.78963757486167842774830218863823e-03,1.81573434102108707126791818798381e-03,1.35666540196828761373387221789212e-02,-2.14396574725055708128449593719414e-03
5.02999999999999999999999999999993e+01,6.87791958412744213166978701254160e-03,1.71553039552446776663521676935670e-03,1.34558780163064675507987125219892e-02,-2.28661856322483239689211232739022e-03
5.03500000000000000000000000000000e+01,6.96118930875921657685158334737827e-03,1.61525321887422810765114709651242e-03,1.33380379957677115872290783765387e-02,-2.42651662336162743017290290765103e-03
5.03999999999999999999999999999997e+01,7.03944462435640121813486232661043e-03,1.51496420172667629455010468575674e-03,1.32132731580451571857957493609061e-02,-2.56360181611309780244117744084110e-03
5.04499999999999999999999999999999e+01,7.11268646157501551100599607979952e-03,1.41472415045932025136945379808113e-03,1.30817255522513763702656918769773e-02,-2.69781828976137735747027444240362e-03
5.05000000000000000000000000000001e+01,7.18091877613187135566426816691906e-03,1.31459325600679402305934352475239e-03,1.29435399633334206547063415242153e-02,-2.82911246449148953982840957786584e-03
5.05499999999999999999999999999996e+01,7.24414851726730775853368177052261e-03,1.21463106336944348920553481445714e-03,1.27988637982069331538620532810917e-02,-2.95743304297348177978050383312061e-03
5.06000000000000000000000000000000e+01,7.30238559470042199038993686345919e-03,1.11489644180653581277890096041067e-03,1.26478469713982606861308184285415e-02,-3.08273101946170304298171880201682e-03
5.06499999999999999999999999999995e+01,7.35564284411131651515797533574811e-03,1.01544755572552767898680210871402e-03,1.24906417902684935496438648533820e-02,-3.20495968741996650334181915753695e-03
5.07000000000000000000000000000000e+01,7.40393599118543944328943060737048e-03,9.16341836278296198004334902184085e-04,1.23274028398929032831070695804308e-02,-3.32407464568214789311715318909706e-03
5.07499999999999999999999999999999e+01,7.44728361425562814603270404043813e-03,8.17635953674703684834627611525841e-04,1.21582868676687512621353615395806e-02,-3.44003380315856511282814625621381e-03
5.07999999999999999999999999999994e+01,7.48570710557797088631906808191749e-03,7.19385790223333726149693624444028e-04,1.19834526677239041159789600028968e-02,-3.55279738209926579406303911122173e-03
5.08500000000000000000000000000000e+01,7.51923063127807982961926841635771e-03,6.21646414108701331514687489592801e-04,1.18030609651981163832348749143909e-02,-3.66232791992611636148998082990340e-03
5.08999999999999999999999999999998e+01,7.54788109000482056181322809756748e-03,5.24472053913704875994142913158270e-04,1.16172743004682272794488580579743e-02,-3.76859026964633840924606512151687e-03
5.09499999999999999999999999999998e+01,7.57168807032896824518038430075891e-03,4.27916073895552300977866355693327e-04,1.14262569133878676615933806414173e-02,-3.87155159886087557608294430721316e-03
5.10000000000000000000000000000002e+01,7.59068380692465878871362334323628e-03,3.32030950022858975278474076850398e-04,1.12301746276115859968672828888658e-02,-3.97118138738169627007172299076566e-03
5.10499999999999999999999999999992e+01,7.60490313557187491191585608012919e-03,2.36868246781080051039722247800411e-04,1.10291947350725791435680623915750e-02,-4.06745142347284426628742227054979e-03
5.11000000000000000000000000000001e+01,7.61438344701855177489573548343254e-03,1.42478594752906397254607335801204e-04,1.08234858806824558116501545371628e-02,-4.16033579873074010088201386169101e-03
5.11499999999999999999999999999996e+01,7.61916463974120498061530615317464e-03,4.89116689797205726667677482324972e-05,1.06132179473206684853490555452541e-02,-4.24981090161991104573665223319618e-03
5.11999999999999999999999999999998e+01,7.61928907164327529188982998334818e-03,-4.37838318903218792539587010368120e-05,1.03985619411804241682906499019345e-02,-4.33585540968098601516847807283100e-03
5.12500000000000000000000000000000e+01,7.61480151073064942599635543110293e-03,-1.35560205662549960349357088867535e-04,1.01796898775370263735930551492616e-02,-4.41845028042843378798915587776442e-03
5.12999999999999999999999999999994e+01,7.60574908480405488857879596308030e-03,-2.26370765859865097039392991911417e-04,9.95677466700371116016972907193159e-03,-4.49757874095614819495633404489056e-03
5.13499999999999999999999999999999e+01,7.59218123020823909607326732702819e-03,-3.16169860186675918323906593953252e-04,9.72999000233911955549406353899380e-03,-4.57322627626959220608172125580944e-03
5.13999999999999999999999999999999e+01,7.57414963967802913710047540197319e-03,-4.04912888189218860594929816479391e-04,9.49951024586959825877641991909559e-03,-4.64538061636380394949986024816629e-03
5.14499999999999999999999999999999e+01,7.55170820932152857779818756415465e-03,-4.92556318109322968735052099707715e-04,9.26551031758854095105708377495215e-03,-4.71403172206714141118700128079252e-03
5.14999999999999999999999999999998e+01,7.52491298478084187792102947697787e-03,-5.79057702929193481331847946269637e-04,9.02816558399397472366947107696047e-03,-4.77917176967119872266138284307909e-03
5.15499999999999999999999999999993e+01,7.49382210661082542191863292567561e-03,-6.64375695605301501971327542694659e-04,8.78765174772456095610864522893210e-03,-4.84079513436786537418044379555815e-03
5.16000000000000000000000000000000e+01,7.45849575491644706425682960610610e-03,-7.48470063489975992133165407593286e-04,8.54414473805311831885905904176146e-03,-4.89889837251502023851891270974251e-03
5.16499999999999999999999999999997e+01,7.41899609328939363680488108610395e-03,-8.31301701939799202791094033128727e-04,8.29782060229568834396018014665669e-03,-4.95348020275285481213718741509702e-03
5.16999999999999999999999999999999e+01,7.37538721208459827745361914998599e-03,-9.12832647110407225079404690248417e-04,8.04885539819305210063079420636576e-03,-5.00454148599330444570327749827857e-03
5.17500000000000000000000000000001e+01,7.32773507107736693572209617587968e-03,-9.93026087937793324151553341828537e-04,7.79742508732047084597358450413750e-03,-5.05208520430553242604411411098990e-03
5.17999999999999999999999999999996e+01,7.27610744154176622834800794989037e-03,-1.07184637730670286874268597613558e-03,7.54370542958026500810030039199102e-03,-5.09611643872085948041583363320410e-03
5.18500000000000000000000000000000e+01,7.22057384779089320379393965985250e-03,-1.14925904240719473145437170771691e-03,7.28787187883066542242235076254861e-03,-5.13664234598096050739907597642830e-03
5.18999999999999999999999999999995e+01,7.16120550821958178967983834118027e-03,-1.22523079428092476639319438798991e-03,7.03009947970316930721209468545448e-03,-5.17367213425356101474412846214503e-03
5.19500000000000000000000000000000e+01,7.09807527589001101392600067785658e-03,-1.29972953655918213208308789532872e-03,6.77056276565941196152548716720232e-03,-5.20721703784025779314283708256111e-03
5.19999999999999999999999999999999e+01,7.03125757870056679324439928761027e-03,-1.37272437339517858477526890806330e-03,6.50943565833732453005530225742454e-03,-5.23729029090146171817798756060751e-03
5.20499999999999999999999999999994e+01,6.96082835917817246747778316941850e-03,-1.44418561659355419239988231614634e-03,6.24689136823508934092742658409221e-03,-5.26390710022381520446185898055491e-03
5.21000000000000000000000000000000e+01,6.88686501393414363233835751134579e-03,-1.51408479194051999028278238520370e-03,5.98310229678012822134380603595124e-03,-5.28708461705577270187982583350512e-03
5.21499999999999999999999999999998e+01,6.80944633282344050448382000318534e-03,-1.58239464473850870015234845078164e-03,5.71823993982906677122201131923304e-03,-5.30684190803734970125558772735198e-03
5.21999999999999999999999999999998e+01,6.72865243784698637039323503723589e-03,-1.64908914454964855364220455297371e-03,5.45247479264330976633248588118744e-03,-5.32319992525034399460340055309984e-03
5.22500000000000000000000000000002e+01,6.64456472183649396333461203484845e-03,-1.71414348915281229627721448431621e-03,5.18597625638354060990441692100247e-03,-5.33618147541561241387406780494958e-03
5.22999999999999999999999999999992e+01,6.55726578696099323007205369417087e-03,-1.77753410771942339976206964249727e-03,4.91891254616512199496664374102949e-03,-5.34581118826424696356165788499626e-03
5.23500000000000000000000000000001e+01,6.46683938309398424981289140561328e-03,-1.83923866321362418741379799345237e-03,4.65145060071502661764447154294744e-03,-5.35211548410973618980788500514883e-03
5.23999999999999999999999999999996e+01,6.37337034607984842065135267283024e-03,-1.89923605402282579417743181392169e-03,4.38375599366956683164645304116801e-03,-5.35512254064842082595376935997458e-03
5.24499999999999999999999999999998e+01,6.27694453593783981095548726862861e-03,-1.95750641482506745952210735135481e-03,4.11599284655082149165935514833848e-03,-5.35486225901575726709024604750628e-03
5.25000000000000000000000000000000e+01,6.17764877504164717110611272439209e-03,-2.01403111670001241566352312428433e-03,3.84832374345827783120195764592600e-03,-5.35136622912608831017751901262346e-03
5.25499999999999999999999999999994e+01,6.07557078631216590955712242873021e-03,-2.06879276649079941841828256697003e-03,3.58090964751081698847089511410065e-03,-5.34466769432378791860488577412634e-03
5.25999999999999999999999999999999e+01,5.97079913146074875934073534592784e-03,-2.12177520542435261341564029255623e-03,3.31390981907277465803738929569971e-03,-5.33480151537379560811309764155296e-03
5.26499999999999999999999999999999e+01,5.86342314931981430773031751100065e-03,-2.17296350699812778268615032310771e-03,3.04748173579640422898030531297833e-03,-5.32180413381968649271237408926031e-03
5.26999999999999999999999999999999e+01,5.75353289429728445116049843164414e-03,-2.22234397414163992862318464614243e-03,2.78178101451165958857276917441453e-03,-5.30571353473753517280690087539270e-03
5.27499999999999999999999999999998e+01,5.64121907499089559524930384360928e-03,-2.26990413566147548330221937116576e-03,2.51696133499279943721653082167588e-03,-5.28656920891392560152178160312866e-03
5.27999999999999999999999999999993e+01,5.52657299299798447829978129129046e-03,-2.31563274197884204701795185860057e-03,2.25317436562989538151325408743217e-03,-5.26441211447653494753317638373274e-03
5.28500000000000000000000000000000e+01,5.40968648195588829495128377074121e-03,-2.35951976016904933309647849963043e-03,1.99056969103190314858645972970072e-03,-5.23928463800577741164249990208433e-03
5.28999999999999999999999999999997e+01,5.29065184684762077988923470041784e-03,-2.40155636831264680557070729527850e-03,1.72929474158653088978613652094643e-03,-5.21123055515603408765819146292142e-03
5.29499999999999999999999999999999e+01,5.16956180360699153077765306459368e-03,-2.44173494916826622776961223234093e-03,1.46949472500071160235978645253471e-03,-5.18029499081501743305586668308788e-03
5.30000000000000000000000000000001e+01,5.04650941905682556147713229858217e-03,-2.48004908317753088545533816298837e-03,1.21131255984405907260586509565766e-03,-5.14652437882982388785642894527500e-03
5.30499999999999999999999999999996e+01,4.92158805121341434300418513342353e-03,-2.51649354081269750662958058602232e-03,9.54888811116259304433319393547487e-04,-5.10996642132821581675919072608107e-03
5.31000000000000000000000000000000e+01,4.79489128998978887732377762984072e-03,-2.55106427427799177689649271294196e-03,7.00361627857923005627598889778572e-04,-5.07067004766364442426291450019315e-03
5.31499999999999999999999999999995e+01,4.66651289832985012925998147232952e-03,-2.58375840857588375627318655925162e-03,4.47866682823000214020444188271031e-04,-5.02868537301247878848252593901156e-03
5.32000000000000000000000000000000e+01,4.53654675380482289011206827538647e-03,-2.61457423194982535911534385409883e-03,1.97537114229436401356509840135019e-04,-4.98406365665184286831962225710192e-03
5.32499999999999999999999999999999e+01,4.40508679070291634243631852256383e-03,-2.64351118571523828847027710655225e-03,-5.04965303966687716705752979534781e-05,-4.93685725994638246058505060813868e-03
5.32999999999999999999999999999994e+01,4.27222694264247872194013243584116e-03,-2.67056985349079735132199822678433e-03,-2.96106348269552635796270943232433e-04,-4.88711960407218782673237329197683e-03
5.33500000000000000000000000000000e+01,4.13806108573832501583242907495583e-03,-2.69575194984230086001315184908870e-03,-5.39167133272491757777437942861488e-04,-4.83490512750598528908460196191634e-03
5.33999999999999999999999999999998e+01,4.00268298235029608650996312960832e-03,-2.71906030835165679227407585538671e-03,-7.79556425755678899796311341034677e-04,-4.78026924330758273757068744904226e-03
5.34499999999999999999999999999998e+01,3.86618622544247545696557115869537e-03,-2.74049886912374048888409173034042e-03,-1.01715456019363405444749841311868e-03,-4.72326829622340992127548380916882e-03
5.35000000000000000000000000000002e+01,3.72866418358084673389674673626870e-03,-2.76007266574409687159337819957808e-03,-1.25184471069389703517102908737186e-03,-4.66395951963883486307260620210135e-03
5.35499999999999999999999999999992e+01,3.59020994659652077224853354617116e-03,-2.77778781170066742850282785567715e-03,-1.48351293435012886264876822964198e-03,-4.60240099240676297584718740520297e-03
5.36000000000000000000000000000001e+01,3.45091627194099769856370260556306e-03,-2.79365148628291950995016183221529e-03,-1.71204821243411983499517010650393e-03,-4.53865159557983572776961060409173e-03
5.36499999999999999999999999999996e+01,3.31087553175925530908185327252743e-03,-2.80767191997194278171474063240866e-03,-1.93734248942256296143213868048203e-03,-4.47277096907334126082870920334628e-03
5.36999999999999999999999999999998e+01,3.17017966070577264208525983921165e-03,-2.81985837933525497693121482770045e-03,-2.15929070985580164654242990251805e-03,-4.40481946828573047686193899568139e-03
5.37500000000000000000000000000000e+01,3.02892010452790619329008795198050e-03,-2.83022115144022636261248636131828e-03,-2.37779085302709941957743604038034e-03,-4.33485812070339904030772406439663e-03
5.37999999999999999999999999999994e+01,2.88718776944033679927381538946788e-03,-2.83877152780018958641004885685540e-03,-2.59274396550230640881807749935537e-03,-4.26294858251614878449326620424583e-03
5.38499999999999999999999999999999e+01,2.74507297231359815824289338893693e-03,-2.84552178786744879557839216843848e-03,-2.80405419147111147684314902688488e-03,-4.18915309526948143184029591624874e-03
5.38999999999999999999999999999999e+01,2.60266539169898379088727989814454e-03,-2.85048518208753913050301674522262e-03,-3.01162880093236978524686495662792e-03,-4.11353444257960363681430455693374e-03
5.39499999999999999999999999999999e+01,2.46005401971140846712676691355907e-03,-2.85367591452921490302869785730728e-03,-3.21537821571728238794325411980230e-03,-4.03615590693673542793649428905155e-03
5.39999999999999999999999999999998e+01,2.31732711479107323689450492348132e-03,-2.85510912510476199453699741786446e-03,-3.41521603335547661661236901196941e-03,-3.95708122662201446095369196326813e-03
5.40499999999999999999999999999993e+01,2.17457215536405070327813820946581e-03,-2.85480087139533727547303209015808e-03,-3.61105904879029289107806420390902e-03,-3.87637455276297640337646307294251e-03
5.41000000000000000000000000000000e+01,2.03187579442116956149584957758218e-03,-2.85276811009613518779536449562228e-03,-3.80282727395082454777408940324250e-03,-3.79410040655226755970066676208851e-03
5.41499999999999999999999999999997e+01,1.88932381503383519277852805061287e-03,-2.84902867809626908131022160317688e-03,-3.99044395518948173281175241940682e-03,-3.71032363665390982973693256322575e-03
5.41999999999999999999999999999999e+01,1.74700108682467674173978052156764e-03,-2.84360127320833249637202833264022e-03,-4.17383558859505777012072263255653e-03,-3.62510937682109058673182930158440e-03
5.42500000000000000000000000000001e+01,1.60499152341016111046709350704388e-03,-2.83650543456267338685601202331669e-03,-4.35293193319246612326270320919791e-03,-3.53852300374909138841939020254403e-03
5.42999999999999999999999999999996e+01,1.46337804083156116105409174048108e-03,-2.82776152268147233197213512173958e-03,-4.52766602204148757152867530824577e-03,-3.45063009518659991750546827996763e-03
5.43500000000000000000000000000000e+01,1.32224251698990961650775767444342e-03,-2.81739069924776415211194202876947e-03,-4.69797417124801998285971165776657e-03,-3.36149638832826951650923263718723e-03
5.43999999999999999999999999999995e+01,1.18166575209981217072919044449347e-03,-2.80541490658458108651518608936604e-03,-4.86379598690245657050299240248468e-03,-3.27118773851100046671908417768044e-03
5.44500000000000000000000000000000e+01,1.04172743017623364107429469857752e-03,-2.79185684685942487833081670084551e-03,-5.02507436996093226629558622309151e-03,-3.17977007823601709658996250233574e-03
5.44999999999999999999999999999999e+01,9.02506081567610097754800711801692e-04,-2.77673996102929481995993474632975e-03,-5.18175551908627134701151406401958e-03,-3.08730937653840522828244700654456e-03
5.45499999999999999999999999999994e+01,7.64079046547878255100806110268694e-04,-2.76008840754150911775877635481076e-03,-5.33378893146654224418240314179011e-03,-2.99387159872535572179915468321517e-03
5.45999999999999999999999999999999e+01,6.26522439979251478443089338440213e-04,-2.74192704080555792452269953012144e-03,-5.48112740163017710211535679048160e-03,-2.89952266650393229616975642026044e-03
5.46499999999999999999999999999998e+01,4.89911117056810010721486986897933e-04,-2.72228138945121814976714367341169e-03,-5.62372701827764369053541067805533e-03,-2.80432841851874574028368531827870e-03
5.46999999999999999999999999999998e+01,3.54318640145211913945851895162253e-04,-2.70117763438814278549248238633375e-03,-5.76154715915066531166812937483335e-03,-2.70835457131947241800467533551767e-03
5.47500000000000000000000000000002e+01,2.19817246717071206582541529420549e-04,-2.67864258668211107731250884289083e-03,-5.89455048396096996827217342113563e-03,-2.61166668077770297045629722200459e-03
5.47999999999999999999999999999992e+01,8.64778184017912080303672103733702e-05,-2.65470366526309053050490510319175e-03,-6.02270292540151289815554922877958e-03,-2.51433010397214767154689687801525e-03
5.48500000000000000000000000000001e+01,-4.56301488471153804551427516617282e-05,-2.62938887448021757508262658666638e-03,-6.14597367826405626855108029653849e-03,-2.41640996156075835075730101160467e-03
5.48999999999999999999999999999996e+01,-1.76438573458942184248937774062180e-04,-2.60272678151875083506869228922074e-03,-6.26433518668790601439135628384534e-03,-2.31797110065785351072125608250672e-03
5.49499999999999999999999999999998e+01,-3.05880815820414374953935364763160e-04,-2.57474649369398947066027562802032e-03,-6.37776312956549816957326618202362e-03,-2.21907805823385358766586836460049e-03
5.50000000000000000000000000000000e+01,-4.33891704712245032370488136119981e-04,-2.54547763563707910785348578514397e-03,-6.48623640413139526888639516255747e-03,-2.11979502505474758230995521737648e-03
5.50499999999999999999999999999994e+01,-5.60407562602588482587384486507910e-04,-2.51495032638754956230355931264395e-03,-6.58973710776209719715293372961497e-03,-2.02018581017792087957068646081206e-03
5.50999999999999999999999999999999e+01,-6.85366229793096526851874051697750e-04,-2.48319515640734203051237999713480e-03,-6.68825051801488995565775373877011e-03,-1.92031380602047732968172829128917e-03
5.51499999999999999999999999999999e+01,-8.08707087414019027183154161937776e-04,-2.45024316453098879340817890900378e-03,-6.78176507093474994611510913692539e-03,-1.82024195401568693319414768644619e-03
5.51999999999999999999999999999999e+01,-9.30371079265520935046996216431711e-04,-2.41612581486650589018301726444851e-03,-6.87027233765909029879941628855288e-03,-1.72003271087268410955416685940954e-03
5.52499999999999999999999999999998e+01,-1.05030073250311314430294849707300e-03,-2.38087497366144881256781316953064e-03,-6.95376699935087927121138547811715e-03,-1.61974801545403088468446203445990e-03
5.52999999999999999999999999999993e+01,-1.16844017716581413158370956354990e-03,-2.34452288614846318363363381267355e-03,-7.03224682049137861144585419527500e-03,-1.51944925628524475760153730162581e-03
5.53499999999999999999999999999999e+01,-1.28473516454637283596920483763310e-03,-2.30710215338453676607030658173949e-03,-7.10571262056444182845657461706578e-03,-1.41919723970987284894823691857744e-03
5.53999999999999999999999999999997e+01,-1.39913308440359025232337018696791e-03,-2.26864570909802614122538081958899e-03,-7.17416824416497836929775272885028e-03,-1.31905215870317254357726722596859e-03
5.54499999999999999999999999999999e+01,-1.51158298101747740351965567413890e-03,-2.22918679655739116354184670903034e-03,-7.23762052956482961815851900295269e-03,-1.21907356235693456176115748246204e-03
5.55000000000000000000000000000001e+01,-1.62203556808868035819292269080369e-03,-2.18875894547542297988210361140845e-03,-7.29607927576991626789052024131269e-03,-1.11932032604745757440531716279267e-03
5.55499999999999999999999999999996e+01,-1.73044324248428842261573082319984e-03,-2.14739594896259716683383388297337e-03,-7.34955720810310385327131463836323e-03,-1.01985062229815446019551775721713e-03
5.56000000000000000000000000000000e+01,-1.83676009683281921573161292222634e-03,-2.10513184054302254139906512545581e-03,-7.39806994234779397507901268401798e-03,-9.20721892347739428333221091700957e-04
5.56499999999999999999999999999995e+01,-1.94094193097184370127362810037955e-03,-2.06200087124628860395972130332183e-03,-7.44163594748778290082575773396026e-03,-8.21990818434412838650276391783498e-04
5.57000000000000000000000000000000e+01,-2.04294626225237507442572443628320e-03,-2.01803748678834054200799931524486e-03,-7.48027650707943673426274629212733e-03,-7.23713296805926978347311422806742e-04
5.57499999999999999999999999999999e+01,-2.14273233470479736512365711363334e-03,-1.97327630485433042604916359505786e-03,-7.51401567929271315086351546905958e-03,-6.25944411464881635735173681229930e-04
5.57999999999999999999999999999994e+01,-2.24026112707175241673391990376275e-03,-1.92775209249620683473026407339302e-03,-7.54288025565801376640251908882702e-03,-5.28738408658063377834382698365470e-04
5.58499999999999999999999999999999e+01,-2.33549535971403722690796531899596e-03,-1.88149974365761282608105504092131e-03,-7.56689971855627852297145979778083e-03,-4.32148672118107319278254027967950e-04
5.58999999999999999999999999999998e+01,-2.42839950039618720492139921090700e-03,-1.83455425683846409916746570540824e-03,-7.58610619749013404017838113154926e-03,-3.36227699065225190390622974012505e-04
5.59499999999999999999999999999998e+01,-2.51893976895903442352583160213947e-03,-1.78695071291137554065851963639373e-03,-7.60053442417428170392218316719811e-03,-2.41027076976208995065639463105149e-04
5.60000000000000000000000000000002e+01,-2.60708414088713314881959495536521e-03,-1.73872425310189530068710710484802e-03,-7.61022168648365838213687685037495e-03,-1.46597461127385813274715644809454e-04
5.60499999999999999999999999999992e+01,-2.69280234977953755332179067018561e-03,-1.68991005714429127040003538432003e-03,-7.61520778129822311323186633175973e-03,-5.29885529176666642267404958059089e-05
5.61000000000000000000000000000001e+01,-2.77606588873299829871064697745973e-03,-1.64054332162441551964092895957509e-03,-7.61553496628351697127933101576175e-03,3.97509210226988837297720743536255e-05
5.61499999999999999999999999999996e+01,-2.85684801064721536798886900211958e-03,-1.59065923852094807850679663863879e-03,-7.61124791064641065047695374988934e-03,1.31573228932580183449094166226644e-04
5.61999999999999999999999999999998e+01,-2.93512372746234389368364523374047e-03,-1.54029297395609259347744504361918e-03,-7.60239364490569522350387790738569e-03,2.22431653225080378780433858393237e-04
5.62500000000000000000000000000000e+01,-3.01086980833949753974331658668977e-03,-1.48947964716656304092260358096290e-03,-7.58902150971738612264644787335813e-03,3.12280508993279164535017684611273e-04
5.62999999999999999999999999999994e+01,-3.08406477679553002992112273257422e-03,-1.43825430970546302248368926490145e-03,-7.57118310379479879243992060295749e-03,4.01075161713096482625896356988327e-04
5.63499999999999999999999999999999e+01,-3.15468890680389946374688013285029e-03,-1.38665192488541738337673746650905e-03,-7.54893223096361680616208102784798e-03,4.88772044140289848285679683505936e-04
5.63999999999999999999999999999999e+01,-3.22272421787393192106973846220801e-03,-1.33470734747307017205332785605133e-03,-7.52232484639230967837602290840435e-03,5.75328672399114454256359392441273e-04
5.64499999999999999999999999999999e+01,-3.28815446912130033531359818868972e-03,-1.28245530364481348446316572666128e-03,-7.49141900203836830861458451587348e-03,6.60703661260688179056532795506384e-04
5.64999999999999999999999999999998e+01,-3.35096515234302153106677804199675e-03,-1.22993037121335869543523787228779e-03,-7.45627479135091113796336542073463e-03,7.44856738609612850824673864880940e-04
5.65499999999999999999999999999993e+01,-3.41114348411074849983641501720504e-03,-1.17716696013450516084040887206069e-03,-7.41695429327027388519718759583876e-03,8.27748759097908318713147550456664e-04
5.65999999999999999999999999999999e+01,-3.46867839689659626451996540037863e-03,-1.12419929330320186486277533493042e-03,-7.37352151556523036019960029399153e-03,9.09341716985816792324607405910335e-04
5.66499999999999999999999999999997e+01,-3.52356052924618790355102102487836e-03,-1.07106138764773487465960488769721e-03,-7.32604233754850155081314927776557e-03,9.89598758169531264368973458928273e-04
5.66999999999999999999999999999999e+01,-3.57578221501404232432360520929170e-03,-1.01778703553060803770875833114314e-03,-7.27458445221119517915824729338291e-03,1.06848419139639337598328988278764e-03
5.67500000000000000000000000000001e+01,-3.62533747167684705633408968979956e-03,-9.64409786464416302901901075968159e-04,-7.21921730781677847164463992482425e-03,1.14596349866859256678999335363878e-03
5.67999999999999999999999999999996e+01,-3.67222198774056755082752220417259e-03,-9.10962929150740552398069822918069e-04,-7.16001204899512324262943573161216e-03,1.22200334483687952704688492886220e-03
5.68500000000000000000000000000000e+01,-3.71643310925773910828519094761594e-03,-8.57479473849820084533219130433354e-04,-7.09704145737707482634436335400304e-03,1.29657158638628259701949621803413e-03
5.68999999999999999999999999999995e+01,-3.75796982547166849987828054640385e-03,-8.03992135088484075376565247969312e-04,-7.03037989180988518858306473745937e-03,1.36963727941628560450996645088336e-03
5.69500000000000000000000000000000e+01,-3.79683275360463950539533085691655e-03,-7.50533314713546653975877544167615e-04,-6.96010322819371600354763460827547e-03,1.44117068681838946659094703813427e-03
5.69999999999999999999999999999999e+01,-3.83302412280756986877690805413936e-03,-6.97135085297591839428677845090817e-04,-6.88628879897925989833312249519555e-03,1.51114328465443748314486627859633e-03
5.70499999999999999999999999999994e+01,-3.86654775728890649316323992680153e-03,-6.43829173903794691381351279045901e-04,-6.80901533236634776490616643555668e-03,1.57952776773953540084466287052315e-03
5.70999999999999999999999999999999e+01,-3.89740905864087098939850026643349e-03,-5.90646946216143803255192668376247e-04,-6.72836289124320734493427951839720e-03,1.64629805443384181577274428162068e-03
5.71499999999999999999999999999998e+01,-3.92561498738147889352721065525743e-03,-5.37619391041147902321238085261165e-04,-6.64441281190581354466714055775221e-03,1.71142929064794210606564560563333e-03
5.71999999999999999999999999999998e+01,-3.95117404373105292737049978319796e-03,-4.84777105186825994518946349711973e-04,-6.55724764259652448357388187919265e-03,1.77489785306694964402772393808131e-03
5.72500000000000000000000000000002e+01,-3.97409624764223354825177494795415e-03,-4.32150278724496385293035328631429e-04,-6.46695108190092947969786601837577e-03,1.83668135159890133750439256430993e-03
5.72999999999999999999999999999992e+01,-3.99439311810275868482328274175234e-03,-3.79768680638595200096690254516384e-04,-6.37360791704154639427256117538156e-03,1.89675863105343040661804903370325e-03
5.73500000000000000000000000000001e+01,-4.01207765173053896013337720713253e-03,-3.27661644869469897603276461954410e-04,-6.27730396210669637477760891499644e-03,1.95510977205710753422272124679376e-03
5.73999999999999999999999999999996e+01,-4.02716430068079484384059335192261e-03,-2.75858056753807891650043660193399e-04,-6.17812599625255443487450485721367e-03,2.01171609121224196295010338887601e-03
5.74499999999999999999999999999998e+01,-4.03966894988524804488634766011072e-03,-2.24386339867074949522861224534508e-04,-6.07616170191602488564213628766828e-03,2.06656014050632658121639503435129e-03
5.75000000000000000000000000000000e+01,-4.04960889364357105475493183225946e-03,-1.73274443272052687755899783539320e-04,-5.97149960307572178753291938430825e-03,2.11962570597969538418491550514664e-03
5.75499999999999999999999999999994e+01,-4.05700281158749608907496241805269e-03,-1.22549829177279413808781871978166e-04,-5.86422900359794673667063761527604e-03,2.17089780565933775905034595502011e-03
5.75999999999999999999999999999999e+01,-4.06187074403816776968525908935341e-03,-7.22394610089139326225735865003129e-05,-5.75443992570414985024830651643769e-03,2.22036268676718167924205712591221e-03
5.76499999999999999999999999999999e+01,-4.06423406677749276677900657890904e-03,-2.23697918992579190684497679420992e-05,-5.64222304859593519882666874544765e-03,2.26800782221151695787749897319838e-03
5.76999999999999999999999999999999e+01,-4.06411546525439431607861795125977e-03,2.70332464051107833741034227483193e-05,-5.52766964727322958015375922168107e-03,2.31382190637058007222170789177092e-03
5.77499999999999999999999999999998e+01,-4.06153890824702008215105706538581e-03,7.59442542129238768698006602241194e-05,-5.41087153158077387817228467832880e-03,2.35779485017766359978223231314412e-03
5.77999999999999999999999999999993e+01,-4.05652962100207830706070876205139e-03,1.24338374133138472165929278805813e-04,-5.29192098551761974685093208638407e-03,2.39991777551744588132809023282702e-03
5.78499999999999999999999999999999e+01,-4.04911405787258962271625158564479e-03,1.72191300893074170166108747017062e-04,-5.17091070684382145198310129462151e-03,2.44018300894356003149617415085653e-03
5.78999999999999999999999999999997e+01,-4.03931987447544038255917697230228e-03,2.19479290727940946683720657698799e-04,-5.04793374701800385134549589533470e-03,2.47858407472773574526588391820029e-03
5.79499999999999999999999999999999e+01,-4.02717589939020795852534861432247e-03,2.66179170340204365087439259241009e-04,-4.92308345149896315606170025432246e-03,2.51511568725115239656950406318369e-03
5.80000000000000000000000000000001e+01,-4.01271210542079923502860778457231e-03,3.12268345427509854908824494663599e-04,-4.79645340044391776006321276858104e-03,2.54977374274893759838655863088765e-03
5.80499999999999999999999999999996e+01,-3.99595958044150060316489574264769e-03,3.57724808778161131156494325471603e-04,-4.66813734983547252117222528569233e-03,2.58255531041903160316157702505302e-03
5.80999999999999999999999999999999e+01,-3.97695049784908121294410950033134e-03,4.02527147933419141778747520137165e-04,-4.53822917306879190180613740620507e-03,2.61345862290691458618494729817387e-03
5.81499999999999999999999999999995e+01,-3.95571808664262118395127085450646e-03,4.46654552416157074784870775691325e-04,-4.40682280302989580882356926658434e-03,2.64248306617796089715270419882040e-03
5.82000000000000000000000000000000e+01,-3.93229660115275301741013868106844e-03,4.90086820525673790027451565018888e-04,-4.27401217469539729340848758191811e-03,2.66962916878944171749083962493298e-03
5.82499999999999999999999999999999e+01,-3.90672129044200771419119752917447e-03,5.32804365698732424380897092423134e-04,-4.13989116828339396922177113624285e-03,2.69489859057444516074006485270429e-03
5.82999999999999999999999999999994e+01,-3.87902836739794720978090983668486e-03,5.74788222437152716664040757490919e-04,-4.00455355298460556939682397429682e-03,2.71829411075022064439920785311258e-03
5.83499999999999999999999999999999e+01,-3.84925497754074182126546468987214e-03,6.16020051802544676663487334496269e-04,-3.86809293130221898201182515904697e-03,2.73981961546368229464637927531208e-03
5.83999999999999999999999999999998e+01,-3.81743916756681560223637508234150e-03,6.56482146479027450465828610594228e-04,-3.73060268402825987344245094758556e-03,2.75948008478702417726649772986882e-03
5.84499999999999999999999999999998e+01,-3.78361985365013396490689653740213e-03,6.96157435405030484428785065595324e-04,-3.59217591588365712548316111196366e-03,2.77728157917660824228853226244825e-03
5.85000000000000000000000000000002e+01,-3.74783678952264680665016034760009e-03,7.35029487975524237971022727011395e-04,-3.45290540184850327299194796572336e-03,2.79323122540848399602013021831521e-03
5.85499999999999999999999999999992e+01,-3.71013053435532682879535743088556e-03,7.73082517816274619470961500674612e-04,-3.31288353420834143308683620995442e-03,2.80733720200408704842977865510648e-03
5.86000000000000000000000000000001e+01,-3.67054242046115692300602660308024e-03,8.10301386131958901589091778173911e-04,-3.17220227034162736466584289751850e-03,2.81960872415984180851386907960819e-03
5.86499999999999999999999999999996e+01,-3.62911452084132259491174480239460e-03,8.46671604630220997080134101898274e-04,-3.03095308127282478902575963366544e-03,2.83005602819456170397271602105795e-03
5.86999999999999999999999999999999e+01,-3.58588961659575557154798327668393e-03,8.82179338023980531655276680412369e-04,-2.88922690101489343982586110766476e-03,2.83869035552869837895549352468427e-03
5.87500000000000000000000000000000e+01,-3.54091116421905317977376847216445e-03,9.16811406114543027942594417298792e-04,-2.74711407672422299489663201661076e-03,2.84552393620963937568771547073707e-03
5.87999999999999999999999999999994e+01,-3.49422326280266497373399712412487e-03,9.50555285458287608599527605796692e-04,-2.60470431969035257455183134454360e-03,2.85056997199739183939407803386009e-03
5.88499999999999999999999999999999e+01,-3.44587062116409362235505189635079e-03,9.83399110619933834983280027478972e-04,-2.46208665718209537174909601885634e-03,2.85384261902511781399868631264642e-03
5.88999999999999999999999999999999e+01,-3.39589852492370143957634120064323e-03,1.01533167501561052164585568440377e-03,-2.31934938517096170848945920772757e-03,2.85535697004910473747948664787352e-03
5.89499999999999999999999999999999e+01,-3.34435280354954735215206268458824e-03,1.04634243134916651081492945304058e-03,-2.17658002195204188898961925884345e-03,2.85512903630286282519225776680213e-03
5.89999999999999999999999999999998e+01,-3.29127979739050175872155831035936e-03,1.07642149164537636286204396000611e-03,-2.03386526268177314076155065818788e-03,2.85317572897013917747102678199295e-03
5.90499999999999999999999999999993e+01,-3.23672632471769885027699941562325e-03,1.10555962688390262986851704397465e-03,-1.89129093485127319548240459963402e-03,2.84951484029172670058237686255865e-03
5.91000000000000000000000000000000e+01,-3.18073964879418775133587911572715e-03,1.13374826623808074453109331150856e-03,-1.74894195471317715617127991671593e-03,2.84416502432102432952676678154987e-03
5.91499999999999999999999999999997e+01,-3.12336744499243552241107795255872e-03,1.16097949592279249400787130756859e-03,-1.60690228467916471721338921052891e-03,2.83714577734337363466684080246430e-03
5.91999999999999999999999999999999e+01,-3.06465776797911686112448971031960e-03,1.18724605765588947956068241118894e-03,-1.46525489170461203818282854085750e-03,2.82847741797425573462484273860853e-03
5.92500000000000000000000000000001e+01,-3.00465901898639747872226229367711e-03,1.21254134673781881315341478362485e-03,-1.32408170667604710742861856560968e-03,2.81818106695148158362586277018779e-03
5.92999999999999999999999999999996e+01,-2.94341991318868084166675433132961e-03,1.23685940975428950015930184175294e-03,-1.18346358481632975017307948772194e-03,2.80627862663654821607383540075514e-03
5.93499999999999999999999999999999e+01,-2.88098944720354148872883025938020e-03,1.26019494190699943515803218116745e-03,-1.04348026712171801828414884872942e-03,2.79279276024036348345235387670108e-03
5.93999999999999999999999999999995e+01,-2.81741686673531270021571018245112e-03,1.28254328397761963111870047046548e-03,-9.04210342844222021211699466922086e-04,2.77774687078856228258623878038258e-03
5.94500000000000000000000000000000e+01,-2.75275163437953214840536407329077e-03,1.30390041893040415023418365830155e-03,-7.65731213031884792286670721515930e-04,2.76116507984164832885643504956766e-03
5.94999999999999999999999999999999e+01,-2.68704339760617654063322768098329e-03,1.32426296815896114998061035807718e-03,-6.28119055138868000062836811115208e-04,2.74307220598519725703826844598991e-03
5.95499999999999999999999999999994e+01,-2.62034195693933542528349986912076e-03,1.34362818738288244682416907457444e-03,-4.91448788716458674709536817792218e-04,2.72349374310534932477513146368522e-03
5.95999999999999999999999999999999e+01,-2.55269723435068551527011427815268e-03,1.36199396220008598210509115421774e-03,-3.55794042195352084158922958743039e-04,2.70245583846480334278546714305983e-03
5.96499999999999999999999999999998e+01,-2.48415924188383034497254467052706e-03,1.37935880330087750322687630579017e-03,-2.21227120768805918502264484376613e-04,2.67998527059449775984287999607523e-03
5.96999999999999999999999999999998e+01,-2.41477805052626606879048561529221e-03,1.39572184134988460510691896275536e-03,-8.78189753855024737263056691097300e-05,2.65610942701613019200894536671119e-03
5.97500000000000000000000000000002e+01,-2.34460375934542298834623281140693e-03,1.41108282154215797214185398384941e-03,4.43608271398009882507653142017519e-05,2.63085628181062321160089970550636e-03
5.97999999999999999999999999999992e+01,-2.27368646490491421864208956568629e-03,1.42544209783987118343673900016726e-03,1.75244132890507648138514599576047e-04,2.60425437304759201332302482067544e-03
5.98500000000000000000000000000001e+01,-2.20207623097679803064666687196935e-03,1.43880062689618176094989822562023e-03,3.04764228480727547570317000671390e-04,2.57633278009080876846941948923821e-03
5.98999999999999999999999999999996e+01,-2.12982305856532909986574115443063e-03,1.45115996167294222218819162968727e-03,4.32855867550308301469417254381858e-04,2.54712110079458918280181339518253e-03
5.99499999999999999999999999999999e+01,-2.05697685625733640985763043519003e-03,1.46252224475907072027340609835460e-03,5.59455296117267757590464313691704e-04,2.51664942860594911328866064151038e-03
6.00000000000000000000000000000000e+01,-1.98358741091402216999507709036609e-03,1.47289020139650639214404262833948e-03,6.84500276783286535612196877574651e-04,2.48494832958729320090197381918279e-03
6.00499999999999999999999999999994e+01,-1.90970435871862707270748445315298e-03,1.48226713222078477132507812428889e-03,8.07930111788654159313565965515945e-04,2.45204881937430347240424840092392e-03
6.00999999999999999999999999999999e+01,-1.83537715659405280247792071600036e-03,1.49065690572337353944949090853477e-03,9.29685664913793376453502618220126e-04,2.41798234008359388845875841353083e-03
6.01499999999999999999999999999999e+01,-1.76065505400417318323524380903335e-03,1.49806395044300847827554986341511e-03,1.04970938222521284687426828716896e-03,2.38278073718458700692647064744990e-03
6.01999999999999999999999999999999e+01,-1.68558706515220097921969529822821e-03,1.50449324689336373238209217025750e-03,1.16794531166445828194921930566332e-03,2.34647623634995143074268759474862e-03
6.02499999999999999999999999999998e+01,-1.61022194158910841402056926222172e-03,1.50995031923447939642541002210076e-03,1.28433912147934595686347697679998e-03,2.30910142029881366445534536105356e-03
6.02999999999999999999999999999993e+01,-1.53460814524472621059572112863819e-03,1.51444122669545299747870469478504e-03,1.39883811749746991775369310135549e-03,2.27068920564682556068239317572024e-03
6.03500000000000000000000000000000e+01,-1.45879382189376864902817544875783e-03,1.51797255475597965347849474101119e-03,1.51139125924267480233720844756767e-03,2.23127281977702884878398545283554e-03
6.03999999999999999999999999999997e+01,-1.38282677506865105577107307102918e-03,1.52055140609439855732748695811096e-03,1.62194917489587962687028715099912e-03,2.19088577774531145724986156378034e-03
6.04499999999999999999999999999999e+01,-1.30675444043058154510709787649263e-03,1.52218539130997097009772828779943e-03,1.73046417510232381341447257639781e-03,2.14956185923409662578264665522130e-03
6.05000000000000000000000000000001e+01,-1.23062386061002099698432829209709e-03,1.52288261942717711654556661242758e-03,1.83689026562798479670722112292262e-03,2.10733508556774531260698645358378e-03
6.05499999999999999999999999999996e+01,-1.15448166052721444116578894387621e-03,1.52265168818987627541524605079948e-03,1.94118315886858642472979776054323e-03,2.06423969680298529950671845408171e-03
6.06000000000000000000000000000000e+01,-1.07837402320310349086503731874031e-03,1.52150167415322596247673258026613e-03,2.04330028421527872482311263126485e-03,2.02031012890750684628022892980522e-03
6.06499999999999999999999999999995e+01,-1.00234666607053349394360131730901e-03,1.51944212258130243566341694803981e-03,2.14320079728172212969991128940082e-03,1.97558099103968491481534396826903e-03
6.07000000000000000000000000000000e+01,-9.26444817795270909464094761011060e-04,1.51648303715840583179517459809618e-03,2.24084558799795263512935644781554e-03,1.93008704294220204011876703690780e-03
6.07499999999999999999999999999999e+01,-8.50713195615946333859930262209103e-04,1.51263486952206909889842007678990e-03,2.33619728757703829213458794420611e-03,1.88386317246215404275847487549131e-03
6.07999999999999999999999999999994e+01,-7.75195983211636854774908665670309e-04,1.50790850862582054568783320400275e-03,2.42922027436116162856984089438862e-03,1.83694437321002312760231797862980e-03
6.08500000000000000000000000000000e+01,-6.99936809105398260816841149250984e-04,1.50231526993977532184355902872336e-03,2.51988067855437676396728085839812e-03,1.78936572236969967259486174255840e-03
6.08999999999999999999999999999998e+01,-6.24978725611653339486796082328029e-04,1.49586688449715150361407484251574e-03,2.60814638584989385240059324089000e-03,1.74116235867152535543706800481419e-03
6.09499999999999999999999999999998e+01,-5.50364188334937309032486416635691e-04,1.48857548779482172608381067420486e-03,2.69398703996033679451960880491135e-03,1.69236946054011637382351220324519e-03
6.10000000000000000000000000000002e+01,-4.76135036227095606651060650579860e-04,1.48045360855602151597615181977358e-03,2.77737404406000264454189533588866e-03,1.64302222442850656620403335068263e-03
6.10499999999999999999999999999992e+01,-4.02332472209623046995882152403865e-04,1.47151415736334067960138425972830e-03,2.85828056114872255254377388332216e-03,1.59315584334992641605359902038347e-03
6.11000000000000000000000000000001e+01,-3.28997044367427020796495672942212e-04,1.46177041517012433461335015283761e-03,2.93668151334748418766488029754637e-03,1.54280548561830540574387886444480e-03
6.11499999999999999999999999999996e+01,-2.56168627719891170733722997521290e-04,1.45123602169840548928654434513267e-03,3.01255358013652415376444620585481e-03,1.49200627380835215978428264635374e-03
6.11999999999999999999999999999998e+01,-1.83886406574710105228463186573414e-04,1.43992496373148151926259423242034e-03,3.08587519554713571477931902032116e-03,1.44079326394582946587287284816316e-03
6.12500000000000000000000000000000e+01,-1.12188857469560432637493148223293e-04,1.42785156330923252179942188116872e-03,3.15662654431896198091200376792470e-03,1.38920142493839977114368588326025e-03
6.12999999999999999999999999999994e+01,-4.11137327062689579432677229004466e-05,1.41503046583426039655263005788195e-03,3.22478955703505736648259446677156e-03,1.33726561825717130621268334753204e-03
6.13499999999999999999999999999999e+01,2.93019555182644819939324402527588e-05,1.40147662809690366724188214753904e-03,3.29034790424750042278761173700912e-03,1.28502057787882577770741369882669e-03
6.13999999999999999999999999999999e+01,9.90219503805341264838208578062548e-05,1.38720530622715457991335429447402e-03,3.35328698960682889094016137256969e-03,1.23250089049795577799590446139690e-03
6.14499999999999999999999999999999e+01,1.68010765094830443400063663616101e-04,1.37223204358147195284561747165405e-03,3.41359394200904283610179327351168e-03,1.17974097601898387625367369004853e-03
6.14999999999999999999999999999998e+01,2.36233696970521179896558851145094e-04,1.35657265857244567457925480925502e-03,3.47125760677438385081824081138859e-03,1.12677506833677596551738661962230e-03
6.15499999999999999999999999999993e+01,3.03656840859551927850440095053906e-04,1.34024323244922671631489999153177e-03,3.52626853587254739578857459178202e-03,1.07363719641479903379494917911969e-03
6.16000000000000000000000000000000e+01,3.70247101991901371478075813736103e-04,1.32326009703659011131058377220249e-03,3.57861897720942123517209995241838e-03,1.02036116566940829147717096641190e-03
6.16499999999999999999999999999997e+01,4.35972208197118506805920698326765e-04,1.30563982244044762720220298932962e-03,3.62830286299086548370162737130146e-03,9.66980539668580709971242563544134e-04
6.16999999999999999999999999999999e+01,5.00800721510458602250281380619333e-04,1.28739920472757188958827823954272e-03,3.67531579717945888704012741322054e-03,9.13528622153141695187419669742565e-04
6.17500000000000000000000000000001e+01,5.64702049162521296269686773170181e-04,1.26855525358723458085013441216947e-03,3.71965504206053148697407668653468e-03,8.60038439388259021472851439180084e-04
6.17999999999999999999999999999996e+01,6.27646453951677795451277739983457e-04,1.24912517998239811291707631545143e-03,3.76131950393418567051528432660507e-03,8.06542722852703473584690950929881e-04
6.18500000000000000000000000000000e+01,6.89605063998954441867787319136631e-04,1.22912638379803293417323492745396e-03,3.80030971795037566744409879298458e-03,7.53073892273099072572757222060763e-04
6.18999999999999999999999999999995e+01,7.50549881885416763407899877749895e-04,1.20857644149406145825929902330651e-03,3.83662783210446975422754188321980e-03,6.99664039010107481596869141586522e-04
6.19500000000000000000000000000000e+01,8.10453793172471310360400578580678e-04,1.18749309377035457708549897441358e-03,3.87027759041105966280444870196169e-03,6.46344909803211384578767509776267e-04
6.19999999999999999999999999999999e+01,8.69290574305871925227826167375116e-04,1.16589423325112792443102819687496e-03,3.90126431527410790888559559202064e-03,5.93147890880480488168345559660024e-04
6.20499999999999999999999999999994e+01,9.27034899904582404126474564123626e-04,1.14379789219600257403565668884603e-03,3.92959488907183588378520690294835e-03,5.40103992439421498812550870859060e-04
6.21000000000000000000000000000000e+01,9.83662349436008604999418154310273e-04,1.12122223024490877248960130672094e-03,3.95527773497505354312132176711173e-03,4.87243833504730153713901541401882e-04
6.21499999999999999999999999999998e+01,1.03914941327946976233447432963642e-03,1.09818552220392170925231129134565e-03,3.97832279701791533080585091762729e-03,4.34597627168479317952568536612261e-04
6.21999999999999999999999999999998e+01,1.09347349818013090661707279757215e-03,1.07470614587902530182525143163528e-03,3.99874151944035656240914677595928e-03,3.82195166217992479559087588298404e-04
6.22500000000000000000000000000002e+01,1.14661293209596569026896258564453e-03,1.05080256996470361273887190368636e-03,4.01654682532171983199028122596075e-03,3.30065809156366858044330786495195e-04
6.22999999999999999999999999999992e+01,1.19854696844066142573086717236589e-03,1.02649334199415990702009594702532e-03,4.03175309452532208346781404312788e-03,2.78238466620324966547671475106763e-04
6.23500000000000000000000000000001e+01,1.24925578972571558559280129290118e-03,1.00179707635786059570781228562285e-03,4.04437614097393979299965078684239e-03,2.26741588199788008536566292668256e-04
6.23999999999999999999999999999996e+01,1.29872051060530524381425177811774e-03,9.76732442396995485331730164599081e-04,4.05443318927640224279627503573959e-03,1.75603149663279120428144465668049e-04
6.24499999999999999999999999999998e+01,1.34692318032783780031414672244556e-03,9.51318152578336958578076707414846e-04,4.06194285072568113809542465747887e-03,1.24850640592979363427503638157947e-04
6.25000000000000000000000000000000e+01,1.39384678459841268245219256830740e-03,9.25572950756869042043521690807943e-04,4.06692509868904884501051632512336e-03,7.45110524329746912971503254770296e-05
6.25499999999999999999999999999994e+01,1.43947524685673941481495409757431e-03,8.99515600532442868266188177510220e-04,4.06940124341104733341549749838271e-03,2.46108669539480437980786992786056e-05
6.25999999999999999999999999999999e+01,1.48379342897536735668957267935114e-03,8.73164873706597907124070092623312e-04,4.06939390625016553008734668018223e-03,-2.48239548627125956956064778324736e-05
6.26499999999999999999999999999999e+01,1.52678713138338639290082127035151e-03,8.46539538845568622910242380026626e-04,4.06692699337026426539138543198759e-03,-7.37679835187017213439012644980370e-05
6.26999999999999999999999999999999e+01,1.56844309262105580140013904505104e-03,8.19658349955374005268480968741567e-04,4.06202566890791538241120378809411e-03,-1.22196331268072237397865250486639e-04
6.27499999999999999999999999999998e+01,1.60874898833111028810660485685346e-03,7.92540035274762822608831858371910e-04,4.05471632763693492918262098552157e-03,-1.70084661959872673098458466618802e-04
6.27999999999999999999999999999993e+01,1.64769342969277765889592879247804e-03,7.65203286191660554031050161434065e-04,4.04502656715148973910610157213451e-03,-2.17409200452297180296780398042050e-04
6.28500000000000000000000000000000e+01,1.68526596130482167813269873738372e-03,7.37666746288634869015290514601778e-04,4.03298515958924219601233433023601e-03,-2.64146741596776879745641628705925e-04
6.28999999999999999999999999999997e+01,1.72145705852419623551373997350191e-03,7.09949000522765342420399024675507e-04,4.01862202291606966076048742344649e-03,-3.10274658790716471104875693912643e-04
6.29499999999999999999999999999999e+01,1.75625812426716290597634569022814e-03,6.82068564545169915199220562650349e-04,4.00196819179395299524483086631526e-03,-3.55770912097853504224556426145511e-04
6.30000000000000000000000000000001e+01,1.78966148527998324374754498511930e-03,6.54043874165305538485009999085061e-04,3.98305578805367295430036133992871e-03,-4.00614055935489177703330465671267e-04
6.30499999999999999999999999999996e+01,1.82166038788654960898701253737256e-03,6.25893274965023570296997669532086e-04,3.96191799079398403056934946853769e-03,-4.44783246328108840184681644882479e-04
6.31000000000000000000000000000000e+01,1.85224899322056389662624960442452e-03,5.97635012067221930153964964165379e-04,3.93858900612895274343258220288546e-03,-4.88258247727177378174911729162737e-04
6.31499999999999999999999999999995e+01,1.88142237195011213965652508466623e-03,5.69287220063795857532019914219852e-04,3.91310403660515147917578462782688e-03,-5.31019439397159241927288567964131e-04
6.32000000000000000000000000000000e+01,1.90917649850271451600226473113138e-03,5.40867913107447465517240096487681e-04,3.88549925031038994110810283214339e-03,-5.73047821368074851540824867222587e-04
6.32499999999999999999999999999999e+01,1.93550824479915472697641246113591e-03,5.12394975171771231286408562565674e-04,3.85581174969564418758861120307752e-03,-6.14325019955164405147970428990258e-04
6.32999999999999999999999999999994e+01,1.96041537350460996889335973459152e-03,4.83886150483888220180978969729963e-04,3.82407954013180826167466357684854e-03,-6.54833292846486549119636991487671e-04
6.33500000000000000000000000000000e+01,1.98389653080581272545178062256754e-03,4.55359034133756299922934692341501e-04,3.79034149822284569367403361218057e-03,-6.94555533759532838783931901667106e-04
6.33999999999999999999999999999998e+01,2.00595123872317830971696906718332e-03,4.26831062864136965520955143411893e-04,3.75463733989685783886791097710164e-03,-7.33475276668189292449908294198826e-04
6.34499999999999999999999999999998e+01,2.02657988696702742862397769401439e-03,3.98319506045051762900257493894536e-04,3.71700758829651325484334085276187e-03,-7.71576699601623499836701867602450e-04
6.35000000000000000000000000000002e+01,2.04578372434722098253779602005119e-03,3.69841456836412769175801057961498e-04,3.67749354149019729000888728860320e-03,-8.08844628016919569736824655225690e-04
6.35499999999999999999999999999992e+01,2.06356484974570480512958058186213e-03,3.41413823542362258283103671624651e-04,3.63613724002514391659435098435666e-03,-8.45264537747523575455117784448958e-04
6.36000000000000000000000000000001e+01,2.07992620266163505715711113159869e-03,3.13053321160706650425665872699521e-04,3.59298143434370277307439195963004e-03,-8.80822557529798968026130207354231e-04
6.36499999999999999999999999999996e+01,2.09487155333892047906107513380674e-03,2.84776463130679210015092095162377e-04,3.54806955208377356335804032323004e-03,-9.15505471110224567423006266991768e-04
6.36999999999999999999999999999998e+01,2.10840549248617565385634314095173e-03,2.56599553282114816417822894856459e-04,3.50144566528430757947080199171648e-03,-9.49300718935997105201955616338010e-04
6.37500000000000000000000000000000e+01,2.12053342059922981069092142104982e-03,2.28538677988968581202422785362174e-04,3.45315445751663236224681687773477e-03,-9.82196399432025775853251254643629e-04
6.37999999999999999999999999999994e+01,2.13126153689647849254589672740848e-03,2.00609698529958220345927541329985e-04,3.40324119096220058720675616072821e-03,-1.01418126986752775946140981501452e-03
6.38499999999999999999999999999999e+01,2.14059682787750060550262806224571e-03,1.72828243658958004918686928977231e-04,3.35175167345719836165492598118354e-03,-1.04524474681565110938431194174148e-03
6.38999999999999999999999999999999e+01,2.14854705551549095318017618330829e-03,1.45209702387619903255417646856855e-04,3.29873222552427145012034363407625e-03,-1.07537690620976466320123811319894e-03
6.39499999999999999999999999999999e+01,2.15512074509417833440397228933915e-03,1.17769216982545284836476701558166e-04,3.24422964741144071915727962197476e-03,-1.10456848300026364422126322007948e-03
6.39999999999999999999999999999998e+01,2.16032717270001164560675529342447e-03,9.05216761791783734695878703621205e-05,3.18829118615808052413771478782875e-03,-1.13281087041594428888569759853201e-03
6.40500000000000000000000000000003e+01,2.16417635238050118718372987002870e-03,6.34817086144406063740967848770584e-05,3.13096450270762606912698943051101e-03,-1.16009611883420108039089133709166e-03
6.40999999999999999999999999999987e+01,2.16667902297969953487525144161088e-03,3.66636764799732669503299715105836e-05,3.07229763908645817936618312354493e-03,-1.18641693426449591221684835703713e-03
6.41499999999999999999999999999997e+01,2.16784663466189591758255240889995e-03,1.00816693977043018707648325818971e-05,3.01233898566818666126425230518594e-03,-1.21176667644973967186951984716314e-03
6.41999999999999999999999999999999e+01,2.16769133513468006063437943685051e-03,-1.62505014806958038999570300046676e-05,2.95113724854231671777134874077432e-03,-1.23613935659041325341975981452217e-03
6.42500000000000000000000000000001e+01,2.16622595558260593160887076011048e-03,-4.23193091490547501257543314855313e-05,2.88874141700603697169673368923781e-03,-1.25952963469643680924142796364124e-03
6.43000000000000000000000000000001e+01,2.16346399632275279190784040230074e-03,-6.81115161953713342647257405414517e-05,2.82520073119761276340267346023111e-03,-1.28193281657197307211650445365321e-03
6.43499999999999999999999999999986e+01,2.15941961219354044319202036221142e-03,-9.36141800228054035763700675340289e-05,2.76056464988960477294410008911072e-03,-1.30334485043852275750290347617495e-03
6.43999999999999999999999999999995e+01,2.15410759768820759954734847869025e-03,-1.18814657842018190446608528901527e-04,2.69488281845986091369331802831676e-03,-1.32376232320183733468569496820627e-03
6.44500000000000000000000000000000e+01,2.14754337184440695405269958761983e-03,-1.43700611434044024970048700120533e-04,2.62820503705794910114058757083863e-03,-1.34318245636833678070856717578065e-03
6.44999999999999999999999999999999e+01,2.13974296290140778653983747842557e-03,-1.68260011683021142678232825050096e-04,2.56058122898441016586031684172949e-03,-1.36160310161687725188144717134165e-03
6.45500000000000000000000000000001e+01,2.13072299273642692608459257415716e-03,-1.92481142878255023182390860365172e-04,2.49206140929991410498266627411843e-03,-1.37902273603186587726875814703545e-03
6.45999999999999999999999999999987e+01,2.12050066109163158941060944837406e-03,-2.16352606785232328931361256514949e-04,2.42269565368109930557834663499614e-03,-1.39544045700386705337660668216660e-03
6.46499999999999999999999999999998e+01,2.10909372960337312107847578420931e-03,-2.39863326485346985203440523903605e-04,2.35253406753956358190463765153368e-03,-1.41085597680398665927382565231289e-03
6.46999999999999999999999999999998e+01,2.09652050564521902304599311503261e-03,-2.63002549984242177233302998912864e-04,2.28162675542015810414030247115524e-03,-1.42526961683845748009108870610049e-03
6.47500000000000000000000000000002e+01,2.08279982599635194363643110187810e-03,-2.85759853588812963876702152306261e-04,2.21002379069441081846169289136199e-03,-1.43868230158998079121483687554575e-03
6.48000000000000000000000000000002e+01,2.06795104034689856652717100329307e-03,-3.08125145053053746798555885648839e-04,2.13777518556457502805223003346953e-03,-1.45109555225250548596629796920220e-03
6.48499999999999999999999999999986e+01,2.05199399465173867005113635260115e-03,-3.30088666493072918733023607049210e-04,2.06493086139346168425465177288772e-03,-1.46251148006624730001992037359852e-03
6.48999999999999999999999999999996e+01,2.03494901434432509038382807917354e-03,-3.51640997071733574370980944187471e-04,1.99154061937487089015157975824654e-03,-1.47293277935986657359383518109658e-03
6.49499999999999999999999999999998e+01,2.01683688742201899700275373006649e-03,-3.72773055453514134936458060973529e-04,1.91765411155908941002506696284871e-03,-1.48236272030683357827617005900870e-03
6.50000000000000000000000000000000e+01,1.99767884741441185644357612773609e-03,-3.93476102030316046192372154601851e-04,1.84332081224756687290796407091330e-03,-1.49080514140311570336751682225324e-03
6.50500000000000000000000000000002e+01,1.97749655624606580540379686369009e-03,-4.13741740919077294782724761242228e-04,1.76858998977052412301632825935675e-03,-1.49826444167342073432456152830729e-03
6.50999999999999999999999999999987e+01,1.95631208700505796441830697681584e-03,-4.33561921732180286454374744641200e-04,1.69351067866088307100093028298094e-03,-1.50474557261332505413149193253341e-03
6.51499999999999999999999999999999e+01,1.93414790662866158951859971700528e-03,-4.52928941121770580475209911755671e-04,1.61813165223753870480990902366482e-03,-1.51025402987470485137200425231607e-03
6.51999999999999999999999999999999e+01,1.91102685851743797537970441712431e-03,-4.71835444099229017854201880689585e-04,1.54250139561062089485571730683812e-03,-1.51479584470197232388384050064087e-03
6.52499999999999999999999999999998e+01,1.88697214508894778628483833495462e-03,-4.90274425131163858877748825299775e-04,1.46666807912101654251508268461889e-03,-1.51837757512669742486855026487778e-03
6.53000000000000000000000000000003e+01,1.86200731028221910047740176083753e-03,-5.08239229013411601857718913817907e-04,1.39067953222604174103136565796552e-03,-1.52100629692826891314895610403163e-03
6.53499999999999999999999999999987e+01,1.83615622202403201156666222167018e-03,-5.25723551524655135455211188540425e-04,1.31458321784276921062763813593597e-03,-1.52268959436831634805811861009080e-03
6.53999999999999999999999999999997e+01,1.80944305466799624272548526086758e-03,-5.42721439861385728895359751660378e-04,1.23842620716012860163295219335854e-03,-1.52343555070667722250900433187146e-03
6.54499999999999999999999999999999e+01,1.78189227141730900316941598991186e-03,-5.59227292856051037011927003506917e-04,1.16225515493050659663717913321814e-03,-1.52325273850675066855950182312915e-03
6.55000000000000000000000000000001e+01,1.75352860674198536203532969529074e-03,-5.75235860980344741353131160201386e-04,1.08611627525118035033643701430639e-03,-1.52215020973813111476403787589007e-03
6.55500000000000000000000000000001e+01,1.72437704880125284488847256015540e-03,-5.90742246135704617359308182744307e-04,1.01005531784552194812459357146309e-03,-1.52013748568446194334743289559102e-03
6.55999999999999999999999999999986e+01,1.69446282188169588759613431592055e-03,-6.05741901233194665536826077575328e-04,9.34117544853513504886618863282362e-04,-1.51722454666449061030974213558668e-03
6.56499999999999999999999999999995e+01,1.66381136886162432835316875202511e-03,-6.20230629565053428090200162316773e-04,8.58347708140712525914384140363428e-04,-1.51342182157434287849534268210011e-03
6.57000000000000000000000000000000e+01,1.63244833371202340049718474451604e-03,-6.34204583970294689974096081587150e-04,7.82790027134405473103310782624016e-04,-1.50874017725906480087590931885665e-03
6.57499999999999999999999999999999e+01,1.60039954404432082771423071512223e-03,-6.47660265796848394984193415373378e-04,7.07488167195284380813488649650090e-04,-1.50319090772150691011811465276910e-03
6.58000000000000000000000000000001e+01,1.56769099371507974255762935372850e-03,-6.60594523662828755379108494775609e-04,6.32485218532577104569438426537284e-04,-1.49678572317664575507169579139640e-03
6.58499999999999999999999999999987e+01,1.53434882549759437398212345759158e-03,-6.73004552019613161541202938584169e-04,5.57823675670156617929926033779357e-04,-1.48953673895945351203875510776851e-03
6.58999999999999999999999999999998e+01,1.50039931383022890668839614093146e-03,-6.84887889519509572140507879525844e-04,4.83545417470748952270216654936404e-04,-1.48145646429443692821651931374043e-03
6.59499999999999999999999999999998e+01,1.46586884765119873299828241070237e-03,-6.96242417190881552836128220478684e-04,4.09691687724953152721484830105099e-04,-1.47255779093497236886762461662307e-03
6.60000000000000000000000000000002e+01,1.43078391332934762682700015533101e-03,-7.07066356423689002282404844709086e-04,3.36303076311380250761262795318324e-04,-1.46285398168056428351592006761763e-03
6.60500000000000000000000000000002e+01,1.39517107770032430064953748363111e-03,-7.17358266768488829528308091651781e-04,2.63419500933811977288129360228176e-04,-1.45235865878015002731812020238493e-03
6.60999999999999999999999999999986e+01,1.35905697121740749311980718300254e-03,-7.27117043552023400109192445529744e-04,1.91080189440874004347061271900149e-04,-1.44108579222956472176991467335082e-03
6.61499999999999999999999999999996e+01,1.32246827122607031142727062606493e-03,-7.36341915312605424405111757496246e-04,1.19323662733313151338461470850425e-04,-1.42904968797126576658350807024741e-03
6.61999999999999999999999999999998e+01,1.28543168537121215399486350358932e-03,-7.45032441058586098225079797893940e-04,4.81877182635634621970981308879410e-05,-1.41626497600439777684726932037392e-03
6.62500000000000000000000000000000e+01,1.24797393514582030226367395482754e-03,-7.53188507353268700984294789907037e-04,-2.22905858681174094850773804433522e-05,-1.40274659841325517372711724629412e-03
6.63000000000000000000000000000002e+01,1.21012173958965333261120292315488e-03,-7.60810325229702492045177348615346e-04,-9.20749462170622461697978853845915e-05,-1.38850979732217146257067267498905e-03
6.63499999999999999999999999999987e+01,1.17190179914636499936335502718806e-03,-7.67898426938861603421975055084477e-04,-1.61129828693680132794261842529297e-04,-1.37357010278483145114542782273410e-03
6.63999999999999999999999999999999e+01,1.13334077968731031666007227113402e-03,-7.74453662534780691579316861377390e-04,-2.29420482655934432483289748403120e-04,-1.35794332061596535687775886676435e-03
6.64499999999999999999999999999999e+01,1.09446529671009536062538388506623e-03,-7.80477196300283368803489022669396e-04,-2.96912954392130081943641205681672e-04,-1.34164552017334199147753731844046e-03
6.64999999999999999999999999999998e+01,1.05530189971974896451766237014695e-03,-7.85970503017000873737333096851063e-04,-3.63574099991722140719825294918309e-04,-1.32469302209793206241041588462004e-03
6.65500000000000000000000000000003e+01,1.01587705680020812948527432447525e-03,-7.90935364083437051111020776550567e-04,-4.29371597602249836577717121645157e-04,-1.30710238602006216349255725428898e-03
6.65999999999999999999999999999987e+01,9.76217139383619763873294635260189e-04,-7.95373863484891484245081681419948e-04,-4.94273959070890027550406921643393e-04,-1.28889039823932531354385746962271e-03
6.66499999999999999999999999999997e+01,9.36348407224769436731591697533994e-04,-7.99288383619105554118116975062450e-04,-5.58250540969510839164450461885804e-04,-1.27007405938595501653375361634434e-03
6.66999999999999999999999999999999e+01,8.96296993587753328553394396853823e-04,-8.02681600981546281031021501636759e-04,-6.21271555002490026343530690816942e-04,-1.25067057207130683478878590665113e-03
6.67500000000000000000000000000001e+01,8.56088890651812626804594272294239e-04,-8.05556481714290036281540940893064e-04,-6.83308077796943150573950339835337e-04,-1.23069732853502446615230220116921e-03
6.68000000000000000000000000000001e+01,8.15749935143050388065848773283276e-04,-8.07916277022512590659494452747556e-04,-7.44332060075383755145670840875203e-04,-1.21017189829639637572818843298815e-03
6.68499999999999999999999999999986e+01,7.75305794198549515193289432911282e-04,-8.09764518462633494592297790506150e-04,-8.04316335211211169689609163582834e-04,-1.18911201581733423385729641622350e-03
6.68999999999999999999999999999995e+01,7.34781951469207119327085833696436e-04,-8.11105013106201463740155584699418e-04,-8.63234627167791188934344791549936e-04,-1.16753556818432583667867973801055e-03
6.69500000000000000000000000000000e+01,6.94203693467395295199063340256934e-04,-8.11941838583643277789449806221655e-04,-9.21061557822260462879144076793445e-04,-1.14546058281663291792068867284675e-03
6.69999999999999999999999999999999e+01,6.53596096165351376126216389523121e-04,-8.12279338012031694832978280813318e-04,-9.77772653675546823932222234690294e-04,-1.12290521520791838577862721275453e-03
6.70500000000000000000000000000001e+01,6.12984011849992194114262618635067e-04,-8.12122114811058046431230204291053e-04,-1.03334435195045478280113620913354e-03,-1.09988773670839812355624528543217e-03
6.70999999999999999999999999999987e+01,5.72392056239636892012439275359812e-04,-8.11475027411422518236684438268507e-04,-1.08775400608001787522100627411142e-03,-1.07642652235451966516346786083380e-03
6.71499999999999999999999999999998e+01,5.31844595867911559544182598241033e-04,-8.10343183859879648571193933350082e-04,-1.14097989058866726657107150168842e-03,-1.05254003875307388578781304377565e-03
6.71999999999999999999999999999998e+01,4.91365735739896533602811241906808e-04,-8.08731936325198304811997827685949e-04,-1.19300120536910885615620517685987e-03,-1.02824683202654642447118491701366e-03
6.72500000000000000000000000000002e+01,4.50979307265363755110153551944618e-04,-8.06646875509314338678212594974188e-04,-1.24379807935813890705944977919796e-03,-1.00356551582641297040440941529004e-03
6.73000000000000000000000000000002e+01,4.10708856473737248922921781239766e-04,-8.04093824967970291883001116264531e-04,-1.29335157361496080524631613755237e-03,-9.78514759420976891008358389470545e-04
6.73499999999999999999999999999986e+01,3.70577632515194727863623936289370e-04,-8.01078835345149940021737880823756e-04,-1.34164368380589277191336260855339e-03,-9.53113275864239050778289896668027e-04
6.73999999999999999999999999999996e+01,3.30608576452112654194563363611193e-04,-7.97608178525626143401703619813788e-04,-1.38865734209967806951081979217445e-03,-9.27379810252178159802935690317121e-04
6.74499999999999999999999999999998e+01,2.90824310344840958032680694746736e-04,-7.93688341709948438660459299682421e-04,-1.43437641847792531276007417150375e-03,-9.01333128072705695042232164451379e-04
6.75000000000000000000000000000000e+01,2.51247126635577147577096034154052e-04,-7.89326021416202075796099474663473e-04,-1.47878572146551678444000219998014e-03,-8.74992003655442451836643340668581e-04
6.75500000000000000000000000000002e+01,2.11898977833892884745528554465532e-04,-7.84528117412872804395945388826277e-04,-1.52187099828612702965660541408455e-03,-8.48375208727344204409392133549817e-04
6.75999999999999999999999999999987e+01,1.72801466507249374872929215460335e-04,-7.79301726587151664551146234294078e-04,-1.56361893444829233451364375478428e-03,-8.21501501080081879631356932020022e-04
6.76499999999999999999999999999999e+01,1.33975835579621262256420658716735e-04,-7.73654136753011367702645004257642e-04,-1.60401715276776386322414062198397e-03,-7.94389613354957175940760386255003e-04
6.76999999999999999999999999999999e+01,9.54429589411322649661427893546168e-05,-7.67592820403380587339237274993324e-04,-1.64305421183216311430755183590159e-03,-7.67058241951007787448278067793549e-04
6.77499999999999999999999999999998e+01,5.72233323713896515370785466965018e-05,-7.61125428410734647232723107858303e-04,-1.68071960391423784910033957767954e-03,-7.39526036061827420758938094694079e-04
6.78000000000000000000000000000003e+01,1.93370647789889865268504754341633e-05,-7.54259783680410725201980439008624e-04,-1.71700375234028963681602665689207e-03,-7.11811586846494718131106200657933e-04
6.78499999999999999999999999999987e+01,-1.81961302405545224207932359337869e-05,-7.47003874760942813952407560970680e-04,-1.75189800832061054724134556705827e-03,-6.83933416739872124812020013072378e-04
6.78999999999999999999999999999997e+01,-5.53569425264061318830895987089686e-05,-7.39365849415696329265876910072588e-04,-1.78539464724902620724834724048883e-03,-6.55909968907400760533671154266103e-04
6.79499999999999999999999999999999e+01,-9.21264731517147399807322923205261e-05,-7.31354008160064462835373539721474e-04,-1.81748686447889532803355996368230e-03,-6.27759596849380575207288997530718e-04
6.80000000000000000000000000000001e+01,-1.28486241899003359148064060487475e-04,-7.22976797768468176622603902330593e-04,-1.84816877058316181876245199817516e-03,-5.99500554159586586931916772341618e-04
6.80500000000000000000000000000001e+01,-1.64418194410242650098748818040857e-04,-7.14242804755379163167390492094694e-04,-1.87743538610629464650605108537048e-03,-5.71150984442931916711151221027403e-04
6.80999999999999999999999999999986e+01,-1.99904709010413635884125819722662e-04,-7.05160748834560188290278372274430e-04,-1.90528263581618260442140716762016e-03,-5.42728911396746748935253405994193e-04
6.81499999999999999999999999999995e+01,-2.34928603203574765082642766175201e-04,-6.95739476360690026661842417094166e-04,-1.93170734246427603747145964861198e-03,-5.14252229060099359860729555590022e-04
6.82000000000000000000000000000000e+01,-2.69473139840656126353141874799656e-04,-6.85987953757510735349834314839339e-04,-1.95670722006248528002930254941418e-03,-4.85738692235441068017267335196918e-04
6.82499999999999999999999999999999e+01,-3.03522032958409720848098303142735e-04,-6.75915260936603325280193455439537e-04,-1.98028086668555601988976144194593e-03,-4.57205907086711470528279247487599e-04
6.83000000000000000000000000000002e+01,-3.37059453289149164334221767774464e-04,-6.65530584710864026103692486003135e-04,-2.00242775680784496092670908839766e-03,-4.28671321917893737347760998393319e-04
6.83499999999999999999999999999987e+01,-3.70070033441114909376695121485707e-04,-6.54843212206717337718410266729553e-04,-2.02314823318361495926976684135304e-03,-4.00152218135862140702042206071770e-04
6.83999999999999999999999999999998e+01,-4.02538872749501943775390443161359e-04,-6.43862524279063964025294345743212e-04,-2.04244349828015720776804678116996e-03,-3.71665701401215498540150586780451e-04
6.84499999999999999999999999999998e+01,-4.34451541798385830902266002695925e-04,-6.32597988932921574615680562530878e-04,-2.06031560527322899793854293025833e-03,-3.43228692970640907094813344615444e-04
6.85000000000000000000000000000002e+01,-4.65794086613979809166473914110989e-04,-6.21059154755674182057151637155428e-04,-2.07676744861446905975621800094316e-03,-3.14857921234202126829765782572827e-04
6.85500000000000000000000000000002e+01,-4.96553032529850362237651315612322e-04,-6.09255644363801801099795760906095e-04,-2.09180275418061843461721483485560e-03,-2.86569913450796365673604607357451e-04
6.85999999999999999999999999999986e+01,-5.26715387724911111859741825184786e-04,-5.97197147867916017067164059030680e-04,-2.10542606901453324754614372284510e-03,-2.58380987684872070520815763954876e-04
6.86499999999999999999999999999996e+01,-5.56268646435204976356910112337325e-04,-5.84893416359879180244684921623943e-04,-2.11764275066812658800812044503867e-03,-2.30307244947348788897853515277051e-04
6.86999999999999999999999999999999e+01,-5.85200791840672187872368546149633e-04,-5.72354255425735208238935425898145e-04,-2.12845895615751996611357972997951e-03,-2.02364561543528293151093703261275e-04
6.87500000000000000000000000000000e+01,-6.13500298628286879959654446494797e-04,-5.59589518688128466711208398138254e-04,-2.13788163054082046892355373823306e-03,-1.74568581630634064491391939827961e-04
6.88000000000000000000000000000002e+01,-6.41156135233127456731913589332065e-04,-5.46609101381833958861607556039277e-04,-2.14591849512906779105939356590266e-03,-1.46934709987464007926063917983157e-04
6.88499999999999999999999999999987e+01,-6.68157765759125750164234019811166e-04,-5.33422933965967134409819068285378e-04,-2.15257803534101575066760771805020e-03,-1.19478104998489004895035985022902e-04
6.88999999999999999999999999999999e+01,-6.94495151581416980589718767314224e-04,-5.20040975776385078985966447007846e-04,-2.15786948821252572640825984705938e-03,-9.22136718545777007992757850393986e-05
6.89499999999999999999999999999999e+01,-7.20158752632386676667396735778085e-04,-5.06473208721732714720487324749114e-04,-2.16180282957145466854675788587848e-03,-6.51560559723758611383805454554688e-05
6.89999999999999999999999999999998e+01,-7.45139528373681907372440429053548e-04,-4.92729631026527982792300247391870e-04,-2.16438876088901795701096371076393e-03,-3.83196366342168032622244233002604e-05
6.90500000000000000000000000000003e+01,-7.69428938456622354640165236862615e-04,-4.78820251024618839586711679901482e-04,-2.16563869581869741551033127810019e-03,-1.17185208502879103750910810539589e-05
6.90999999999999999999999999999987e+01,-7.93018943073611838510242412780781e-04,-4.64755081006282331161138370326221e-04,-2.16556474643384726203621001570536e-03,1.46334625553728510640442304847243e-05
6.91499999999999999999999999999997e+01,-8.15902003003312826862821769419078e-04,-4.50544131122172067521012050318144e-04,-2.16417970917522570520640084478742e-03,4.07227686336270726016453840365137e-05
6.91999999999999999999999999999999e+01,-8.38071079352505151598887529609013e-04,-4.36197403347255150709259301928976e-04,-2.16149705051974731025906890022965e-03,6.65361417724593603952539199454802e-05
6.92500000000000000000000000000001e+01,-8.59519632997705547482845707029568e-04,-4.21724885507813071150760844593664e-04,-2.15753089238181118960209962829314e-03,9.20606209315500848162469479324048e-05
6.93000000000000000000000000000001e+01,-8.80241623729776666544570670007513e-04,-4.07136545374513327575120210535772e-04,-2.15229599725861255646884084332100e-03,1.17283544648221964142398008424980e-04
6.93499999999999999999999999999986e+01,-9.00231509104902840270726499760539e-04,-3.92442324824489599906181284058712e-04,-2.14580775313089025636649473768522e-03,1.42192555813932746750948281732728e-04
6.93999999999999999999999999999995e+01,-9.19484243005455006782989763486550e-04,-3.77652134075298264692491397990890e-04,-2.13808215813060060367324709644198e-03,1.66775606220633058123880699656515e-04
6.94500000000000000000000000000000e+01,-9.37995273914408836436819161202093e-04,-3.62775845993547942061032409660866e-04,-2.12913580498703824801992509288305e-03,1.91020960876454279507295897521145e-04
6.94999999999999999999999999999999e+01,-9.55760542907118125070118446081097e-04,-3.47823290480926655039303932789782e-04,-2.11898586526294792902037753632509e-03,2.14917202090336045648199443696974e-04
6.95500000000000000000000000000002e+01,-9.72776481364379930442175476981896e-04,-3.32804248940278119737590305668734e-04,-2.10765007339218690442447974765788e-03,2.38453233325346512496629278292965e-04
6.95999999999999999999999999999987e+01,-9.89040008410858657853487727545088e-04,-3.17728448824304721707206517188000e-04,-2.09514671053050661561374278385822e-03,2.61618282820590876384023135536416e-04
6.96499999999999999999999999999998e+01,-1.00454852808306331182093043591020e-03,-3.02605558269399923215889594728020e-04,-2.08149458823102384904651299775558e-03,2.84401906981744649720251167655179e-04
6.96999999999999999999999999999998e+01,-1.01929992623119538096591832148744e-03,-2.87445180817037241630811173560452e-04,-2.06671303195594632996721227448367e-03,3.06793993540387841947806704910024e-04
6.97500000000000000000000000000002e+01,-1.03329256715930427459189692495187e-03,-2.72256850225066593961496450456584e-04,-2.05082186443610541620045881240807e-03,3.28784764482454387143546753839669e-04
6.98000000000000000000000000000002e+01,-1.04652529000830284608572845934799e-03,-2.57050025371191770211863602206866e-04,-2.03384138888982941945615009969248e-03,3.50364778746247831620996539524680e-04
6.98499999999999999999999999999986e+01,-1.05899740488650728724318537774913e-03,-2.41834085250825131747694445283684e-04,-2.01579237211266514701820843744615e-03,3.71524934690609378105161419814639e-04
6.98999999999999999999999999999996e+01,-1.07070868875247352851786922733880e-03,-2.26618324071437383499325383908549e-04,-1.99669602744942260908262110378977e-03,3.92256472333957811089157828941570e-04
6.99499999999999999999999999999999e+01,-1.08165938105500620530241462995381e-03,-2.11411946445441493425701628771710e-04,-1.97657399765997856073555111846827e-03,4.12550975365052536041100612372626e-04
7.00000000000000000000000000000000e+01,-1.09185017913531622458999562045002e-03,-1.96224062683570582011450674644819e-04,-1.95544833769022873020386309394300e-03,4.32400372926460890078474478534190e-04
7.00500000000000000000000000000002e+01,-1.10128223339639896728403232291424e-03,-1.81063684190629931179293464115905e-04,-1.93334149735952631726713895510804e-03,4.51796941171838962120340412346234e-04
7.00999999999999999999999999999987e+01,-1.10995714224479716919588136835526e-03,-1.65939718965423218151961404927512e-04,-1.91027630397588572132054543183679e-03,4.70733304598261336627550177475957e-04
7.01499999999999999999999999999999e+01,-1.11787694681000052117240790627979e-03,-1.50860967206572717487687164455319e-04,-1.88627594489016557419392955240282e-03,4.89202437154959388837430823123682e-04
7.01999999999999999999999999999999e+01,-1.12504412544681800119816793908836e-03,-1.35836117025872585430202101858155e-04,-1.86136395000037410799336870378236e-03,5.07197663129949954627792401744024e-04
7.02499999999999999999999999999998e+01,-1.13146158802613888666712039758061e-03,-1.20873740270733496210661874314472e-04,-1.83556417421716278523540601618123e-03,5.24712657816156320304344067701467e-04
7.03000000000000000000000000000003e+01,-1.13713267001957428382162757125318e-03,-1.05982288457195891003603066784890e-04,-1.80890077990149106237032648064935e-03,5.41741447958741473973517502022072e-04
7.03499999999999999999999999999987e+01,-1.14206112638354284665703403958372e-03,-9.11700888149079774690420936203070e-05,-1.78139821928535625600936017066013e-03,5.58278411985489379811006545712301e-04
7.03999999999999999999999999999997e+01,-1.14625112524843213495289213372761e-03,-7.64453404453834313870184209317274e-05,-1.75308121688638784385320397341313e-03,5.74318280022183630344168199967452e-04
7.04499999999999999999999999999999e+01,-1.14970724141853077857941594056618e-03,-6.18161105947725515435003946610893e-05,-1.72397475192700527194789817399655e-03,5.89856133695044152532657373412631e-04
7.05000000000000000000000000000001e+01,-1.15243444968848627337754334013152e-03,-4.72903310422994540214337747010164e-05,-1.69410404076873257127037370900339e-03,6.04887405722391645485983896520111e-04
7.05500000000000000000000000000001e+01,-1.15443811798209883571151625780668e-03,-3.28757946054368111559402442342143e-05,-1.66349451937215192679892953227116e-03,6.19407879297816067469501007273799e-04
7.05999999999999999999999999999986e+01,-1.15572400031931329365809958220785e-03,-1.85801517628086918759508982436848e-05,-1.63217182579286191031781412714357e-03,6.33413687267229725641468377276385e-04
7.06499999999999999999999999999995e+01,-1.15629822961731850053926348164147e-03,-4.41090739573129167895749860975621e-06,-1.60016178272368450544689330404379e-03,6.46901311102287313809954266159103e-04
7.07000000000000000000000000000000e+01,-1.15616731033170723130921101992218e-03,9.62458235077920079408297049778043e-06,-1.56749038009323844293362113480372e-03,6.59867579672754553339268212419652e-04
7.07499999999999999999999999999999e+01,-1.15533811094368897669795601667092e-03,2.35191130867826211567944912584471e-05,-1.53418375773086485110804651592009e-03,6.72309667820503883979398191436892e-04
7.08000000000000000000000000000001e+01,-1.15381785629938349883008387830952e-03,3.72656350753056990923123613125594e-05,-1.50026818810775493735804568431943e-03,6.84225094737909890518757716105673e-04
7.08499999999999999999999999999987e+01,-1.15161411980725447239738838697332e-03,5.08572560087583319363782547780901e-05,-1.46577005916398847997615874666659e-03,6.95611722153508805325504910740434e-04
7.08999999999999999999999999999998e+01,-1.14873481549977002673467064944633e-03,6.42872436633649866864889832633201e-05,-1.43071585723104645578145167917560e-03,7.06467752327875465477314753988580e-04
7.09499999999999999999999999999998e+01,-1.14518818996540054791102040743080e-03,7.75490284311796748411994700361301e-05,-1.39513215005921128903134954485669e-03,7.16791725862757497592195032604536e-04
7.10000000000000000000000000000002e+01,-1.14098281415708371996690557363248e-03,9.06362057293311673975086693267784e-05,-1.35904556995911411419868514675623e-03,7.26582519326590226848342212182064e-04
7.10500000000000000000000000000002e+01,-1.13612757508330250660815448798729e-03,1.03542538286222800890845681608129e-04,-1.32248279706653023338147372581984e-03,7.35839342699596834078080355107707e-04
7.10999999999999999999999999999986e+01,-1.13063166738793362702812868319181e-03,1.16261958304488327742632687683899e-04,-1.28547054273936175382060515285903e-03,7.44561736641756593169942001622553e-04
7.11499999999999999999999999999996e+01,-1.12450458482503209215741777264330e-03,1.28788569500581744330019342515262e-04,-1.24803553309558034871396748687022e-03,7.52749569586999589111584854491110e-04
7.11999999999999999999999999999998e+01,-1.11775611163472157265812148372365e-03,1.41116649020954847828203622645004e-04,-1.21020449270073333273824563411176e-03,7.60403034667059125514314380823006e-04
7.12500000000000000000000000000000e+01,-1.11039631382636080150359508565398e-03,1.53240649234851388503518857110225e-04,-1.17200412841344292084612337894040e-03,7.67522646468483061893266329793389e-04
7.13000000000000000000000000000002e+01,-1.10243553037515290808545575811599e-03,1.65155199403821059065918344698184e-04,-1.13346111339715178424916556156361e-03,7.74109237626372559700214101827338e-04
7.13499999999999999999999999999987e+01,-1.09388436433835757545272092109213e-03,1.76855107228130159054028759272813e-04,-1.09460207130618797101331249628772e-03,7.80163955258481148323237282276687e-04
7.13999999999999999999999999999999e+01,-1.08475367389725524737081624896103e-03,1.88335360270318552991642133455932e-04,-1.05545356065403906101667160836942e-03,7.85688257243368636014794371259172e-04
7.14499999999999999999999999999999e+01,-1.07505456333099832907894581114303e-03,1.99591127256224470038474427361506e-04,-1.01604205937153921733278885474972e-03,7.90683908346363175843311185590719e-04
7.14999999999999999999999999999998e+01,-1.06479837392846646839866110632294e-03,2.10617759253869734741075675950730e-04,-9.76393949562483720053381391892448e-04,7.95152976197140744948612913049058e-04
7.15500000000000000000000000000003e+01,-1.05399667484422161742419209070762e-03,2.21410790730668138829563462169112e-04,-9.36535502463993766170926600304058e-04,7.99097827122784400080562145241572e-04
7.15999999999999999999999999999987e+01,-1.04266125390463370632594259593723e-03,2.31965940489488829249188206005324e-04,-8.96492863618759932704091692153956e-04,8.02521121840235928858726131270068e-04
7.16499999999999999999999999999997e+01,-1.03080410837021945839741858900572e-03,2.42279112484174765110374953769687e-04,-8.56292038266095872261742240830971e-04,8.05425811012099921423536553490247e-04
7.16999999999999999999999999999999e+01,-1.01843743566020518955752093907635e-03,2.52346396515183454246582576661911e-04,-8.15958876958534683303525076331734e-04,8.07815130669804839924892845128278e-04
7.17500000000000000000000000000001e+01,-1.00557362404528941783335782885810e-03,2.62164068806083287768272615751083e-04,-7.75519061410499114084171563106679e-04,8.09692597508167364118937402191126e-04
7.18000000000000000000000000000001e+01,-9.92225243314542812159902905931088e-04,2.71728592461703818507880913872885e-04,-7.34998090585373462213687880790400e-04,8.11062004055445142444974846552728e-04
7.18499999999999999999999999999986e+01,-9.78405035422341489879114675598709e-04,2.81036617808802247620636393039867e-04,-6.94421267027099863321459759244646e-04,8.11927413722999083262213906522453e-04
7.18999999999999999999999999999995e+01,-9.64125905121184984763215903858222e-04,2.90084982620171164844829530870050e-04,-6.53813683442214764635288858630649e-04,8.12293155738719486054221468477727e-04
7.19500000000000000000000000000000e+01,-9.49400910586202409761203421434786e-04,2.98870712223174204995704503898397e-04,-6.13200209538032894210388360200109e-04,8.12163819968400644636170107244360e-04
7.19999999999999999999999999999999e+01,-9.34243254037099489838573592275132e-04,3.07391019493756710097228683189990e-04,-5.72605479122476105497176800623105e-04,8.11544251629276062648613452954073e-04
7.20500000000000000000000000000001e+01,-9.18666272363245300391322802212379e-04,3.15643304737037698044451957598008e-04,-5.32053877470833240862318139482588e-04,8.10439545899951116436895080180257e-04
7.20999999999999999999999999999987e+01,-9.02683427757540777140785275366281e-04,3.23625155455647410711889461350175e-04,-4.91569528964524756949482964388197e-04,8.08855042430991893943414275213829e-04
7.21499999999999999999999999999998e+01,-8.86308298364651426711742598181801e-04,3.31334346007031423838429856239214e-04,-4.51176285006732429112522552863446e-04,8.06796319760448044204873141802097e-04
7.21999999999999999999999999999998e+01,-8.69554568949124226950865004723691e-04,3.38768837150997725671519658954081e-04,-4.10897712219540140576761624630610e-04,8.04269189638603805726862486824522e-04
7.22500000000000000000000000000002e+01,-8.52436021588843527227314825900825e-04,3.45926775488837290078286063456642e-04,-3.70757080927016702684246705924369e-04,8.01279691266264960212556575973920e-04
7.23000000000000000000000000000002e+01,-8.34966526399212907277038289991566e-04,3.52806492795401462458239141241145e-04,-3.30777353928455982878171862817813e-04,7.97834085450900299165121506236400e-04
7.23499999999999999999999999999986e+01,-8.17160032293379495395299088752428e-04,3.59406505245570924147195684848392e-04,-2.90981175565773473349662950706110e-04,7.93938848684964314558759643285303e-04
7.23999999999999999999999999999996e+01,-7.99030557783744250670516602159629e-04,3.65725512536601084909607683365411e-04,-2.51390861088841950849802359422681e-04,7.89600667150733252328768075705917e-04
7.24499999999999999999999999999998e+01,-7.80592181829926248092393868609968e-04,3.71762396907877456401017592640201e-04,-2.12028386322332191306220537867498e-04,7.84826430655989421540978846433164e-04
7.25000000000000000000000000000000e+01,-7.61859034738271139198346603656762e-04,3.77516222059661865969066495282639e-04,-1.72915377637407944652952403684297e-04,7.79623226504888756839154387340402e-04
7.25500000000000000000000000000002e+01,-7.42845289117913764667785272297691e-04,3.82986231972456264676375087714926e-04,-1.34073102231407677522656501250618e-04,7.73998333308344112580260730638479e-04
7.25999999999999999999999999999987e+01,-7.23565150898322439890952956265073e-04,3.88171849628655351798129799857625e-04,-9.55224587184290846938896518882593e-05,7.67959214738251650739608711397656e-04
7.26499999999999999999999999999999e+01,-7.04032850413167791668566910849699e-04,3.93072675638202267097113044583104e-04,-5.72839680335161835927476476873193e-05,7.61513513229879999301726200176632e-04
7.26999999999999999999999999999999e+01,-6.84262633555272266114995942586672e-04,3.97688486770003179732689822315436e-04,-1.93777646529330674403752806717604e-05,7.54669043636731632833450862692699e-04
7.27499999999999999999999999999998e+01,-6.64268753007307627399602724204379e-04,4.02019234390896717536832778522051e-04,1.81764118672067719625486597981147e-05,7.47433786842173192901781992525369e-04
7.28000000000000000000000000000003e+01,-6.44065459552816997560887745944409e-04,4.06065042814012822401203062492489e-04,5.53592250319011066570391893220096e-05,7.39815883332116254812281461919271e-04
7.28499999999999999999999999999987e+01,-6.23666993472045323143562334917972e-04,4.09826207558392777465419610849983e-04,9.21517492259688190264489579715626e-05,7.31823626733012391858103608642868e-04
7.28999999999999999999999999999997e+01,-6.03087576026967669152333644579792e-04,4.13303193521777821464046748233432e-04,1.28535477208880832124133707314518e-04,7.23465457319406323099476525913740e-04
7.29499999999999999999999999999999e+01,-5.82341401039808509486841595019457e-04,4.16496633068507937745381934527261e-04,1.64492327284295661677271263000368e-04,7.14749955495268490981769803021021e-04
7.30000000000000000000000000000001e+01,-5.61442626569247280655924444370479e-04,4.19407324034505073861408927433718e-04,2.00004650143093585124555719512752e-04,7.05685835253303637286733450509374e-04
7.30500000000000000000000000000001e+01,-5.40405366688405967490877909373742e-04,4.22036227651346206957969457310016e-04,2.35055235378912583989292434721690e-04,6.96281937616404867499491619901250e-04
7.30999999999999999999999999999986e+01,-5.19243683368613471351524878391006e-04,4.24384466391461316143926599657407e-04,2.69627317675396966197669844234418e-04,6.86547224065393353197744831880145e-04
7.31499999999999999999999999999995e+01,-4.97971578472839048702848276009404e-04,4.26453321736519452221763059432105e-04,3.03704582664575802505710266529924e-04,6.76490769957152259061366148012891e-04
7.32000000000000000000000000000000e+01,-4.76602985862583276835298096104292e-04,4.28244231871092705203704830055816e-04,3.37271172455992905879476660804113e-04,6.66121757937229736056303617922622e-04
7.32499999999999999999999999999999e+01,-4.55151763621909879907509206930091e-04,4.29758789303712959443536100317080e-04,3.70311690836412936411615642404396e-04,6.55449471350949936692914386804858e-04
7.33000000000000000000000000000001e+01,-4.33631686402195408455189400317200e-04,4.30998738417459894445467311263888e-04,4.02811208140129221177204152019109e-04,6.44483287657033024318380098905669e-04
7.33499999999999999999999999999987e+01,-4.12056437891066285087276066325555e-04,4.31965972952240736854000256963342e-04,4.34755265790097934494930066947563e-04,6.33232671847685109360609683126569e-04
7.33999999999999999999999999999998e+01,-3.90439603408884184290770217347584e-04,4.32662533420942797085395128751921e-04,4.66129880510320287707749427926940e-04,6.21707169879076995309611163271164e-04
7.34499999999999999999999999999998e+01,-3.68794662636031181011747377924276e-04,4.33090604461658834741593568744431e-04,4.96921548210089229392799119272558e-04,6.09916402116086600807362274917040e-04
7.35000000000000000000000000000002e+01,-3.47134982474135656761787755490483e-04,4.33252512128202793457546630471529e-04,5.27117247540909759675363890039805e-04,5.97870056795133987082704398641487e-04
7.35500000000000000000000000000002e+01,-3.25473810044268669028820999888872e-04,4.33150721121149432165329529230751e-04,5.56704443127092221174391190691577e-04,5.85577883508890108401149849246138e-04
7.35999999999999999999999999999986e+01,-3.03824265825028445139948040345576e-04,4.32787831961645860780975301834906e-04,5.85671088471205751497436185403025e-04,5.73049686716590764176631016259052e-04
7.36499999999999999999999999999996e+01,-2.82199336933317930556952905765073e-04,4.32166578110255969764320152003260e-04,6.14005628535764377946299221151561e-04,5.60295319283635812542459128084844e-04
7.36999999999999999999999999999998e+01,-2.60611870550506978700781938936735e-04,4.31289823033110231452145809497820e-04,6.41697002002700916403356421160901e-04,5.47324676054100554749744180753486e-04
7.37500000000000000000000000000000e+01,-2.39074567496556889266835798834192e-04,4.30160557217643353944290600744654e-04,6.68734643212363817882156273020024e-04,5.34147687459731366584069218014581e-04
7.38000000000000000000000000000002e+01,-2.17599975954570658684154887550396e-04,4.28781895140210793882304765308990e-04,6.95108483783949305039123846433860e-04,5.20774313168941186444134268071613e-04
7.38499999999999999999999999999987e+01,-1.96200485348117573531173827540497e-04,4.27157072187882191766174028279961e-04,7.20808953919455476632951276201906e-04,5.07214535779262419701066098364579e-04
7.38999999999999999999999999999999e+01,-1.74888320373565728518008024398478e-04,4.25289441536715392373233054414612e-04,7.45826983393416452567903458706586e-04,4.93478354556655235823538105097986e-04
7.39499999999999999999999999999999e+01,-1.53675535189540757736474785226399e-04,4.23182470988818864028636417942999e-04,7.70154002230843010379959359634412e-04,4.79575779225008169323822745145469e-04
7.39999999999999999999999999999998e+01,-1.32574007765513603368408999161127e-04,4.20839739770513045356015873489411e-04,7.93781941075961452984509687509835e-04,4.65516823809105439073117332515601e-04
7.40500000000000000000000000000003e+01,-1.11595434391404581444070846833364e-04,4.18264935293902438896603138386819e-04,8.16703231254504576935757725113781e-04,4.51311500534271524543384984518802e-04
7.40999999999999999999999999999987e+01,-9.07513243499754104413333113968968e-05,4.15461849884170150555837507434673e-04,8.38910804532467512673753548497304e-04,4.36969813785838333987904823144187e-04
7.41499999999999999999999999999997e+01,-7.00529947536653157338216213554047e-05,4.12434377474905055878344015811399e-04,8.60398092574396818182108231857007e-04,4.22501754131513820707350012259744e-04
7.41999999999999999999999999999999e+01,-4.95115655474118806522788183157903e-05,4.09186510273768873039246272708651e-04,8.81159026104433462693402091297850e-04,4.07917292409663201864857409965414e-04
7.42500000000000000000000000000001e+01,-2.91379546788820520019432000696820e-05,4.05722335400806153244631462360409e-04,9.01188033773479177736757108949361e-04,3.93226373886445062548940480368373e-04
7.43000000000000000000000000000001e+01,-8.94287343742369229267551665883497e-06,4.02046031501694577711808944158609e-04,9.20480040736001021741609033796840e-04,3.78438912484674638874157530036519e-04
7.43499999999999999999999999999986e+01,1.10631780370666301034932002294720e-05,3.98161865338225992972521551259215e-04,9.39030466940130847063153534673928e-04,3.63564785087215520959360545470617e-04
7.43999999999999999999999999999995e+01,3.08699150742782417796774277971218e-05,3.94074188358300339981377556649364e-04,9.56835225134854622806629309128148e-04,3.48613825917628952867815252159970e-04
7.44500000000000000000000000000000e+01,5.04672726216558587288173480242516e-05,3.89787433247705055122953897028895e-04,9.73890718598221203992314942042767e-04,3.33595821000736885367232309278927e-04
7.44999999999999999999999999999999e+01,6.98454092197498397008395083480102e-05,3.85306110465941661016532405187924e-04,9.90193838590631100882150737969473e-04,3.18520502705681012071322953101195e-04
7.45500000000000000000000000000001e+01,8.89947108040058518027433011363770e-05,3.80634804768349140939273380177774e-04,1.00574196153739304781453196499945e-03,3.03397544373985243591294350683208e-04
7.45999999999999999999999999999987e+01,1.07905794332364752271152766808029e-04,3.75778171716760322231332681469989e-04,1.02053294594485965747014701546112e-03,2.88236555035053501189352416705940e-04
7.46499999999999999999999999999998e+01,1.26569511238154941840210374150212e-04,3.70740934180912901279632767477376e-04,1.03456512905457313559385601431883e-03,2.73047074211458394488289891890929e-04
7.46999999999999999999999999999998e+01,1.44976950707870136802991878331637e-04,3.65527878832820946217879007126400e-04,1.04783732323996788696923031206597e-03,2.57838566816299340388995321568413e-04
7.47500000000000000000000000000002e+01,1.63119442783535379063789111555961e-04,3.60143852636295734475929646940009e-04,1.06034881215028883269181512517380e-03,2.42620418144831035722842810267017e-04
7.48000000000000000000000000000002e+01,1.80988561289473097613760796978944e-04,3.54593759333786642420629952318327e-04,1.07209934660649235098178405189495e-03,2.27401928962484967432967894761712e-04
7.48499999999999999999999999999986e+01,1.98576126583389093441074715324018e-04,3.48882555932693525705413537758420e-04,1.08308914025400092103567903537726e-03,2.12192310691327884193978677345782e-04
7.48999999999999999999999999999996e+01,2.15874208131805386535846012684796e-04,3.43015249193281634215760066452839e-04,1.09331886497728276650286874950515e-03,1.97000680696921915111772149095256e-04
7.49499999999999999999999999999998e+01,2.32875126909972883139936585801606e-04,3.36996892120308617747808378770556e-04,1.10278964608132403948077148248917e-03,1.81836057677471357043290817324180e-04
7.50000000000000000000000000000000e+01,2.49571457626501739657384457164698e-04,3.30832580460450621312942332745154e-04,1.11150305724515333747072285754498e-03,1.66707357157061114441429901896286e-04
7.50500000000000000000000000000002e+01,2.65956030773051063805081210263418e-04,3.24527449207590866167471519374993e-04,1.11946111525266658714881165063860e-03,1.51623387084711416486499734609468e-04
7.50999999999999999999999999999987e+01,2.82021934499522151974913992321030e-04,3.18086669118009488671154899334956e-04,1.12666627450608454530188620927673e-03,1.36592843540892807329909652107303e-04
7.51499999999999999999999999999999e+01,2.97762516315300763954581126677334e-04,3.11515443237487788612250255001408e-04,1.13312142132745534665468880959468e-03,1.21624306553064557930613342610209e-04
7.51999999999999999999999999999999e+01,3.13171384617193932917069034932513e-04,3.04819003442313446795802405482581e-04,1.13882986805369066092632272521024e-03,1.06726236021718633230315922801586e-04
7.52499999999999999999999999999998e+01,3.28242410044805452004254823992002e-04,2.98002606996145733917896485752051e-04,1.14379534693069610020097653536358e-03,9.19069677583302169195154587030819e-05
7.53000000000000000000000000000003e+01,3.42969726664191422244542304721471e-04,2.91071533124671274810863356010487e-04,1.14802200381222453799819312877411e-03,7.71747096365345980063330137944911e-05
7.53499999999999999999999999999987e+01,3.57347732980733044600375274632970e-04,2.84031079609951580120828899017674e-04,1.15151439166914496120083615686019e-03,6.25375378577690085837752605559496e-05
7.53999999999999999999999999999997e+01,3.71371092782258147592646519934993e-04,2.76886559406333337737326610643105e-04,1.15427746391487937564001366126108e-03,4.80033933325368198995282711639152e-05
7.54499999999999999999999999999999e+01,3.85034735813535718474425534893026e-04,2.69643297279761395473860279550461e-04,1.15631656755281612849409939091309e-03,3.35800781783704028721989524283176e-05
7.55000000000000000000000000000001e+01,3.98333858283358908943387820769131e-04,2.62306626472302491489636899003027e-04,1.15763743615155980100963248450399e-03,1.92752523354879878565720063284817e-05
7.55500000000000000000000000000001e+01,4.11263923205521575858656061332187e-04,2.54881885393655126871224162195332e-04,1.15824618265392557107215047798047e-03,5.09643030105906448205889085875809e-06
7.55999999999999999999999999999986e+01,4.23820660575081354692976263399803e-04,2.47374414341387552998703471492340e-04,1.15814929202562965689492184795080e-03,-8.94902201708770704979845103627212e-06
7.56499999999999999999999999999995e+01,4.36000067381388511206760203706066e-04,2.39789552251611692340503933793299e-04,1.15735361374966714294729375969508e-03,-2.28538903265604001341104595717377e-05
7.57000000000000000000000000000000e+01,4.47798407459444339159389279253152e-04,2.32132633481765952868912823585889e-04,1.15586635417240417192028846282921e-03,-3.66111148556298495327083672348704e-05
7.57499999999999999999999999999999e+01,4.59212211181235634247935837067773e-04,2.24408984627144361238061712742915e-04,1.15369506870744317901644666287622e-03,-5.02137931369917296486849260437507e-05
7.58000000000000000000000000000001e+01,4.70238274988772743754049335335611e-04,2.16623921372773256232784184751678e-04,1.15084765390334756639569438515797e-03,-6.36551826695498218512268484423876e-05
7.58499999999999999999999999999987e+01,4.80873660770637835859992635619770e-04,2.08782745382199979917623273612191e-04,1.14733233938133598766854246930747e-03,-7.69287034577843699061098151431969e-05
7.58999999999999999999999999999998e+01,4.91115695083927321948077081835007e-04,2.00890741224720607632414397622943e-04,1.14315767964907625854459760365376e-03,-9.00279404283476886328437056012066e-05
7.59499999999999999999999999999998e+01,5.00961968223547770521746416591722e-04,1.92953173342535797822656157868296e-04,1.13833254579672485590827138262772e-03,-1.02946645723606919936454557231313e-04
7.60000000000000000000000000000002e+01,5.10410333140898145197215397031502e-04,1.84975283059285347056102354417807e-04,1.13286611708137004160625480926496e-03,-1.15678740871930980490634251992713e-04
7.60500000000000000000000000000002e+01,5.19458904214042755448973838042759e-04,1.76962285631373032909041034228206e-04,1.12676787240604487906853921509816e-03,-1.28218318834595275473139746459196e-04
7.60999999999999999999999999999986e+01,5.28106055871548902810979623080922e-04,1.68919367343453846186830088147504e-04,1.12004758169948083255838569572228e-03,-1.40559645929253622538457265346227e-04
7.61499999999999999999999999999996e+01,5.36350421072230813822812897018332e-04,1.60851682649415782669027797243178e-04,1.11271529720277328436569152858863e-03,-1.52697163630002000109338114999591e-04
7.61999999999999999999999999999998e+01,5.44190889643107052376076427562672e-04,1.52764351360148011733430082221377e-04,1.10478134466912721058902786197278e-03,-1.64625490244133165334577241268659e-04
7.62500000000000000000000000000000e+01,5.51626606477942177894798585165290e-04,1.44662455879346493289768525361129e-04,1.09625631448284445917731180733283e-03,-1.76339422465754841771998115470749e-04
7.63000000000000000000000000000002e+01,5.58656969598804943031295925854362e-04,1.36551038488567003880681508322779e-04,1.08715105270370361438106491117068e-03,-1.87833936806517017924673053428241e-04
7.63499999999999999999999999999987e+01,5.65281628083134787753290044120821e-04,1.28435098682694085969617908969083e-04,1.07747665204286935128717696285272e-03,-1.99104190903765888945983054178323e-04
7.63999999999999999999999999999999e+01,5.71500479858865769734017874355473e-04,1.20319590556952679647505301213852e-04,1.06724444277645052606214250138905e-03,-2.10145524706513079759381843474622e-04
7.64499999999999999999999999999999e+01,5.77313669370212359143253074742765e-04,1.12209420246547161480953301787907e-04,1.05646598360280505703590859514367e-03,-2.20953461539678974012084745317021e-04
7.64999999999999999999999999999998e+01,5.82721585116774705991131168676567e-04,1.04109443419970229120563828226752e-04,1.04515305244966497565362059513520e-03,-2.31523709047138206087435139540693e-04
7.65500000000000000000000000000003e+01,5.87724857068672048219411995596661e-04,9.60244628269815605961049084250684e-05,1.03331763723712691309561364782626e-03,-2.41852160014163620127941704474794e-04
7.65999999999999999999999999999987e+01,5.92324353960461858284370781150982e-04,8.79592259022134718190155366373822e-05,1.02097192660252178811968641797268e-03,-2.51934893069932228871033627948663e-04
7.66499999999999999999999999999997e+01,5.96521180466649115939907399496514e-04,7.99184224253179224151382586308603e-05,1.00812830059314262608365993335220e-03,-2.61768173270822885195590097714182e-04
7.66999999999999999999999999999999e+01,6.00316674261634737598816601970028e-04,7.19066822385262061796360638475517e-05,9.94799321332771321350704857589134e-04,-2.71348452565300480674247228809144e-04
7.67500000000000000000000000000001e+01,6.03712402966994681688033257428809e-04,6.39285730224495355592906471016720e-05,9.80997723667903810028913431708450e-04,-2.80672370141245479120340093865851e-04
7.67999999999999999999999999999996e+01,6.06710160989021579847677912165209e-04,5.59885981309055168071593992034725e-05,9.66736405799528603340594547590736e-04,-2.89736752656650451054545984992537e-04
7.68499999999999999999999999999986e+01,6.09311966249498912035435123971476e-04,4.80911944855122407934898567361854e-05,9.52028419906266001325104449956769e-04,-2.98538614354666970097612854426428e-04
7.68999999999999999999999999999995e+01,6.11520056812713747311843387277093e-04,4.02407305307484106433959541102681e-05,9.36886962764624620851792074455964e-04,-3.07075157064046738389226686730954e-04
7.69500000000000000000000000000000e+01,6.13336887411747910354637083247110e-04,3.24415042501346179165484661365591e-05,9.21325366372078191139325617519916e-04,-3.15343770086080100077348647942952e-04
7.69999999999999999999999999999999e+01,6.14765125877119106956817384515545e-04,2.46977412441475902056479393172474e-05,9.05357088578608955460451918352046e-04,-3.23342029969193155532380299885050e-04
7.70499999999999999999999999999994e+01,6.15807649470873051585454212759216e-04,1.70135928704359908020618157902110e-05,8.88995703732304531958008889297648e-04,-3.31067700172421481013551244527557e-04
7.70999999999999999999999999999987e+01,6.16467541129254989490907816130760e-04,9.39313444686318117357928033621623e-06,8.72254893344532793145136777808080e-04,-3.38518730619033966834924669844603e-04
7.71499999999999999999999999999998e+01,6.16748085617114199112291144452846e-04,1.84036351785928484428223927632555e-06,8.55148436780154287432540535896128e-04,-3.45693257141634490419978674214883e-04
7.71999999999999999999999999999998e+01,6.16652765597218103141286996966118e-04,-5.64080181547805802036021500620938e-06,8.37690201978164012677200652292194e-04,-3.52589600820122018765385510362714e-04
7.72500000000000000000000000000002e+01,6.16185257617673515347725873722520e-04,-1.30465245011376576354984301035209e-05,8.19894136208084028025638074779684e-04,-3.59206267213941268521533072508959e-04
7.72999999999999999999999999999992e+01,6.15349428020671313133475309407263e-04,-2.03730500774495050070710547849433e-05,8.01774256867355523913017443463889e-04,-3.65541945490106222903327098271405e-04
7.73499999999999999999999999999986e+01,6.14149328775787461978357209978782e-04,-2.76167081495287406978102082492755e-05,7.83344642324903629546140470548697e-04,-3.71595507448527595733769279849474e-04
7.73999999999999999999999999999996e+01,6.12589193241087837883203604136878e-04,-3.47739138006395500369573739454677e-05,7.64619422815970491949641824814083e-04,-3.77366006446222727859492768690075e-04
7.74499999999999999999999999999998e+01,6.10673431855296709191196210847381e-04,-4.18411689382516424932124040784999e-05,7.45612771393232080883091359514852e-04,-3.82852676222032384727682320193016e-04
7.75000000000000000000000000000000e+01,6.08406627764299062531554010721384e-04,-4.88150635746036760242276821911579e-05,7.26338894939131830571556038673172e-04,-3.88054929623513481844083420485579e-04
7.75499999999999999999999999999994e+01,6.05793532385255202974606068697718e-04,-5.56922770416294011057750094762836e-05,7.06812025244279693849489547083698e-04,-3.92972357237719883908204630785511e-04
7.75999999999999999999999999999987e+01,6.02839060911612240833000928194951e-04,-6.24695791401434015566531060226778e-05,6.87046410156678529250341385123817e-04,-3.97604725927625091408433816115539e-04
7.76499999999999999999999999999999e+01,5.99548287762301213012557590403839e-04,-6.91438312232240783414727394335881e-05,6.67056304806451039621643909424961e-04,-4.01951977275980834116512305329329e-04
7.76999999999999999999999999999999e+01,5.95926441978410692613586389468916e-04,-7.57119872137719367949166143943876e-05,6.46855962910649805384345967265277e-04,-4.06014225938444324000541563859178e-04
7.77499999999999999999999999999998e+01,5.91978902570627834877322659069911e-04,-8.21710945562612761314563864217531e-05,6.26459628162640380450214353961505e-04,-4.09791757907844171320983779475058e-04
7.77999999999999999999999999999993e+01,5.87711193820735909871453519004127e-04,-8.85182951027430220772975285325477e-05,6.05881525710453018364829749199129e-04,-4.13285028691490728813231619109809e-04
7.78499999999999999999999999999987e+01,5.83128980540453502842012986724227e-04,-9.47508259331956688182646097449340e-05,5.85135853728402445147707854787758e-04,-4.16494661403470892602769788388575e-04
7.78999999999999999999999999999997e+01,5.78238063290894743251895933721771e-04,-1.00866020110360085476440490097149e-04,5.64236775086177268587122154829620e-04,-4.19421444773900148530437703156243e-04
7.79499999999999999999999999999999e+01,5.73044373565922175479403436955920e-04,-1.06861307369232275741530124831861e-04,5.43198409119501186738459502681455e-04,-4.22066331077135903542155092254138e-04
7.80000000000000000000000000000001e+01,5.67553968942654231215992151860045e-04,-1.12734214741426038283209708675115e-04,5.22034823506367206637615088850116e-04,-4.24430433980985879340525823373589e-04
7.80499999999999999999999999999996e+01,5.61773028202377729961840938763995e-04,-1.18482367114654841819339670017284e-04,5.00760026252743683536223100350078e-04,-4.26515026318973566183696544514517e-04
7.80999999999999999999999999999986e+01,5.55707846425102444757150650657995e-04,-1.24103487727619084347767475899102e-04,4.79387957791547217201882847697209e-04,-4.28321537787749436079141933117230e-04
7.81499999999999999999999999999995e+01,5.49364830060979551373645570861389e-04,-1.29595398600621233683370406477969e-04,4.57932483198572371012355504243946e-04,-4.29851552571761795129163820525833e-04
7.82000000000000000000000000000000e+01,5.42750491981788757448945703419904e-04,-1.34956020902267129180668664964465e-04,4.36407384528961887769319793874074e-04,-4.31106806897324813848218135760913e-04
7.82499999999999999999999999999999e+01,5.35871446515680111133255123187628e-04,-1.40183375252646945961822664879099e-04,4.14826353277693639432468466164795e-04,-4.32089186518243412223374061460705e-04
7.82999999999999999999999999999994e+01,5.28734404468335945197869492309802e-04,-1.45275581963423967203714938183381e-04,3.93202982967452042356633231319990e-04,-4.32800724135175294379058113494462e-04
7.83499999999999999999999999999987e+01,5.21346168133696151475831768343312e-04,-1.50230861215293361662092932082074e-04,3.71550761867142171046106224861796e-04,-4.33243596750929528094090436252475e-04
7.83999999999999999999999999999998e+01,5.13713626297366031971691857975710e-04,-1.55047533173306607728269479720301e-04,3.49883065844194387733844996557801e-04,-4.33420122963918650158740094352555e-04
7.84499999999999999999999999999998e+01,5.05843749235800367726884712649298e-04,-1.59724018040590027538501075348756e-04,3.28213151353696047886256076042258e-04,-4.33332760201997353594989063404587e-04
7.85000000000000000000000000000002e+01,4.97743583714330116003315541497339e-04,-1.64258836051018081116535369906078e-04,3.06554148567274818445106982366189e-04,-4.32984101898935381913373315658499e-04
7.85499999999999999999999999999992e+01,4.89420247987069322674539370479999e-04,-1.68650607401433607872807024494757e-04,2.84919054644545431402560099310674e-04,-4.32376874615785324528379061770830e-04
7.85999999999999999999999999999986e+01,4.80880926801709452670289702762225e-04,-1.72898052124038078177546867563191e-04,2.63320727149818365013535760277298e-04,-4.31513935109417582738106036325491e-04
7.86499999999999999999999999999996e+01,4.72132866412176430313392086691814e-04,-1.76999989899605118861892604303001e-04,2.41771877616655073083871093788619e-04,-4.30398267350504864670271181139664e-04
7.86999999999999999999999999999999e+01,4.63183369602092277427873139392085e-04,-1.80955339812200091599648385166168e-04,2.20285065262740043445685748608183e-04,-4.29032979493247178511369678055139e-04
7.87500000000000000000000000000000e+01,4.54039790721948374768783937037738e-04,-1.84763120046117320929851915544672e-04,1.98872690857425233624910163673103e-04,-4.27421300799135435190002025353463e-04
7.87999999999999999999999999999994e+01,4.44709530742861086762728044378793e-04,-1.88422447525774678474226179656821e-04,1.77546990744187378030831356822956e-04,-4.25566578517057454302085062528790e-04
7.88499999999999999999999999999987e+01,4.35200032329742816410989771495875e-04,-1.91932537499332621492993555686528e-04,1.56320031020123359453600241305984e-04,-4.23472274722054401056298829035345e-04
7.88999999999999999999999999999999e+01,4.25518774936682532648401443191778e-04,-1.95292703066831447649156504794418e-04,1.35203701874493360392770346243612e-04,-4.21141963115038478768414429687439e-04
7.89499999999999999999999999999999e+01,4.15673269927289473094153786696026e-04,-1.98502354653666454590327721913539e-04,1.14209712088205928319600655136799e-04,-4.18579325785784073088818088161798e-04
7.89999999999999999999999999999998e+01,4.05671055722712108042025376555169e-04,-2.01560999430245874117418959366219e-04,9.33495836960234743335744566750770e-05,-4.15788149941504503599627522253725e-04
7.90499999999999999999999999999993e+01,3.95519692980001594199578701365625e-04,-2.04468240678700878233694556150750e-04,7.26346468131511470820075272069358e-05,-4.12772324603325099287663877656227e-04
7.90999999999999999999999999999987e+01,3.85226759803444886970857905213272e-04,-2.07223777107540620732148754679002e-04,5.20760346277565528443786499625138e-05,-4.09535837272960491023638379625810e-04
7.91499999999999999999999999999997e+01,3.74799846991447456220000624837109e-04,-2.09827402115168176193138741060593e-04,3.16846785608524971793740000011854e-05,-4.06082770571899821592188613011960e-04
7.91999999999999999999999999999999e+01,3.64246553321499201025147900124522e-04,-2.12279003003195361869037590143717e-04,1.14713035948598715628987166087380e-05,-4.02417298855398027741481717044196e-04
7.92500000000000000000000000000001e+01,3.53574480875709722813961762091893e-04,-2.14578560140515771000563433704163e-04,-8.55357622794693272296016902017859e-06,-3.98543684803564465542199592345276e-04
7.92999999999999999999999999999996e+01,3.42791230409350632627949043655916e-04,-2.16726146079115903241930027750262e-04,-2.83796621360240651249797806910458e-05,-3.94466275991831947102282547540982e-04
7.93499999999999999999999999999986e+01,3.31904396764793076513378498139421e-04,-2.18721924622624044198092444308738e-04,-4.79968747871976135904395990638280e-05,-3.90189501443079751048940595712989e-04
7.93999999999999999999999999999995e+01,3.20921564333178202833006512898731e-04,-2.20566149848615517251547239364267e-04,-6.73953582544976760634116210523356e-05,-3.85717868163673379454109836692576e-04
7.94500000000000000000000000000000e+01,3.09850302566106906490429194814108e-04,-2.22259165085711103055751868700163e-04,-8.65654838384392646719087585122006e-05,-3.81055957665671778935539236434284e-04
7.94999999999999999999999999999999e+01,2.98698161539582907691104141916735e-04,-2.23801401846522791994839284247430e-04,-1.05497853705114410076983265271433e-04,-3.76208422477439442988469516344066e-04
7.95499999999999999999999999999994e+01,2.87472667572390097116559614785198e-04,-2.25193378717517599769719069182731e-04,-1.24183304349571346198560681529515e-04,-3.71179982644886286234061426193195e-04
7.95999999999999999999999999999987e+01,2.76181318901031145573055514767603e-04,-2.26435700206885933797592656479797e-04,-1.42612909884067411743238169148496e-04,-3.65975422225542449800639833712383e-04
7.96499999999999999999999999999998e+01,2.64831581413299674705792911492875e-04,-2.27529055551515946544427761677325e-04,-1.60777985150892244907272317188264e-04,-3.60599585777658281603640406046201e-04
7.96999999999999999999999999999998e+01,2.53430884442502856732867971586578e-04,-2.28474217484189449993592724678867e-04,-1.78670088659566912653293778883882e-04,-3.55057374846501657494086835774315e-04
7.97500000000000000000000000000002e+01,2.41986616624295195887857974935007e-04,-2.29272040962128292436579908766841e-04,-1.96281025348332748495838246325558e-04,-3.49353744450005591232681083781866e-04
7.97999999999999999999999999999992e+01,2.30506121818027482929671978575484e-04,-2.29923461858032614399479966749869e-04,-2.13602849169950816330955352559476e-04,-3.43493699565898745623177217138229e-04
7.98499999999999999999999999999986e+01,2.18996695094457547246906419853863e-04,-2.30429495614764105030892333557678e-04,-2.30627865501939017203170582212832e-04,-3.37482291622430026969210274246373e-04
7.98999999999999999999999999999996e+01,2.07465578791611499291029423632649e-04,-2.30791235864838274401018914289462e-04,-2.47348633381478856877462110951812e-04,-3.31324614994775943807932895474311e-04
7.99499999999999999999999999999999e+01,1.95919958640525699809397279564423e-04,-2.31009853015899842108851991841302e-04,-2.63757967565327741719065361794853e-04,-3.25025803509195862548170622290061e-04
8.00000000000000000000000000000000e+01,1.84366959962540752033978371553411e-04,-2.31086592803364620053629285275494e-04,-2.79848940415175316930705676763014e-04,-3.18591026956975721530029630840152e-04
8.00499999999999999999999999999990e+01,1.72813643939759428937038123053767e-04,-2.31022774811419739359391773150131e-04,-2.95614883608983754132333346157179e-04,-3.12025487620175195841254757177176e-04
8.00999999999999999999999999999987e+01,1.61267003960220660093486136313309e-04,-2.30819790963581740875298667835863e-04,-3.11049389678951985314584798690001e-04,-3.05334416811166763053349885519924e-04
8.01499999999999999999999999999999e+01,1.49733962039281551650743515829392e-04,-2.30479103984018918497455507253947e-04,-3.26146313376842619338777817766006e-04,-2.98523071427927630304980260145410e-04
8.01999999999999999999999999999999e+01,1.38221365318638938294709292066075e-04,-2.30002245830850378312592866292989e-04,-3.40899772867507618657688898107429e-04,-2.91596730527017071617426282817913e-04
8.02499999999999999999999999999998e+01,1.26735982644361207620218347522311e-04,-2.29390816102639558239747206862470e-04,-3.55304150751544712352698563727048e-04,-2.84560691916142417042559577033102e-04
8.02999999999999999999999999999998e+01,1.15284501225240134461280729670263e-04,-2.28646480419304446873726673833893e-04,-3.69354094918110932794805621368335e-04,-2.77420268768186758574679171838955e-04
8.03499999999999999999999999999987e+01,1.03873523372711254772958829517324e-04,-2.27770968778670451478085152486920e-04,-3.83044519229012544434904148722343e-04,-2.70180786258540418332550093328308e-04
8.03999999999999999999999999999997e+01,9.25095633235299345916352726572353e-05,-2.26766073889894798826855771121983e-04,-3.96370604035281942945852392521730e-04,-2.62847578227546389219623580018330e-04
8.04499999999999999999999999999999e+01,8.11990441463287881672294036856482e-05,-2.25633649484993514564163959358501e-04,-4.09327796527541801058578589825527e-04,-2.55425983869837334216000018250640e-04
8.04999999999999999999999999999996e+01,6.99482947331205089973438931739649e-05,-2.24375608609703423061785369877509e-04,-4.21911810921544785201449942760741e-04,-2.47921344452308344978684059054547e-04
8.05499999999999999999999999999996e+01,5.87635468767485363207982468848527e-05,-2.22993921894912246933781000591075e-04,-4.34118628480363527082751230787175e-04,-2.40339000062435541058067541840471e-04
8.05999999999999999999999999999986e+01,4.76509324352263254316687138496254e-05,-2.21490615809889770338044696048230e-04,-4.45944497374790170647853456928519e-04,-2.32684286388615765488321365939630e-04
8.06499999999999999999999999999995e+01,3.66164805838443603840190837337057e-05,-2.19867770898552170268912950269431e-04,-4.57385932383587692782562041785222e-04,-2.24962531534167128647924980357934e-04
8.07000000000000000000000000000000e+01,2.56661151558624793260482521212960e-05,-2.18127519999990022915187511947651e-04,-4.68439714435316282506430356736737e-04,-2.17179052866593998126427263520531e-04
8.07500000000000000000000000000004e+01,1.48056520725436124905240280356688e-05,-2.16272046454488165888263730001022e-04,-4.79102889993537326392515502232058e-04,-2.09339153903683256010986756809159e-04
8.07999999999999999999999999999994e+01,4.04079686322369702390779821151187e-06,-2.14303582296262550143319226927282e-04,-4.89372770287274957160674547408628e-04,-2.01448121237961274763094522062626e-04
8.08499999999999999999999999999984e+01,-6.62285772394863282300743598277679e-06,-2.12224406434135456505397789710115e-04,-4.99246930388690648831937929453813e-04,-1.93511221501003127021387912564572e-04
8.08999999999999999999999999999998e+01,-1.71798340200299417251577302390811e-05,-2.10036842821365990000612654340605e-04,-5.08723208139999957931912690836575e-04,-1.85533698369047071639320927449002e-04
8.09500000000000000000000000000002e+01,-2.76247716415455567619171246889648e-05,-2.07743258615847610146816259394198e-04,-5.17799702931732189843021229548546e-04,-1.77520769611328376496971849649723e-04
8.10000000000000000000000000000002e+01,-3.79524296045473243356529950960020e-05,-2.05346062331878616772523559163905e-04,-5.26474774334503487803566716628572e-04,-1.69477624182507076598638722757299e-04
8.10499999999999999999999999999992e+01,-4.81576883460742224766431765592385e-05,-2.02847701984704998921487812808472e-04,-5.34747040586541575935720631607961e-04,-1.61409419360524352182626226943734e-04
8.10999999999999999999999999999991e+01,-5.82355516526842842162966181199342e-05,-2.00250663229027879387043932272045e-04,-5.42615376939266115179209016036507e-04,-1.53321277931181874526221602169901e-04
8.11499999999999999999999999999996e+01,-6.81811484957857063429508753973429e-05,-1.97557467492659960129872886208620e-04,-5.50078913863292331661976706102108e-04,-1.45218285420697735308446634684802e-04
8.12000000000000000000000000000000e+01,-7.79897347735540290441125981244292e-05,-1.94770670106506905281319629218184e-04,-5.57137035117287231825921900898859e-04,-1.37105487377451477241551483867197e-04
8.12500000000000000000000000000000e+01,-8.76566949592808439041113210110640e-05,-1.91892858432040499919864337773657e-04,-5.63789375682167309938459572408234e-04,-1.28987886704089307592947582849154e-04
8.12999999999999999999999999999990e+01,-9.71775436560575892567541875691679e-05,-1.88926649987420705901229319188989e-04,-5.70035819563184165270758452633669e-04,-1.20870441041118830517016797255654e-04
8.13499999999999999999999999999987e+01,-1.06547927057755592363832125868255e-04,-1.85874690573413412556084727743603e-04,-5.75876497462499863436735973994037e-04,-1.12758060203080607040256336010973e-04
8.13999999999999999999999999999999e+01,-1.15763624316320587275395201388222e-04,-1.82739652400239762129644558839138e-04,-5.81311784324907185798511629439945e-04,-1.04655603668341571231151353530309e-04
8.14499999999999999999999999999999e+01,-1.24820548815456446110181316122021e-04,-1.79524232216481429754186833796658e-04,-5.86342296759401100493240118428323e-04,-9.65678781235128255579453971114972e-05
8.14999999999999999999999999999998e+01,-1.33714749350828781080400192884010e-04,-1.76231149441154168081769442661623e-04,-5.90968890339356847960023957630245e-04,-8.84996350634516355795259750064016e-05
8.15499999999999999999999999999998e+01,-1.42442411216974376713982596157344e-04,-1.72863144300049300246891676362521e-04,-5.95192656784116953671551511610701e-04,-8.04555684477645716642819437627916e-05
8.15999999999999999999999999999987e+01,-1.50999857201157068883864884678636e-04,-1.69422975967429674578091757903059e-04,-5.99014921024834253313649454241009e-04,-7.24403124146857309618978309913833e-05
8.16499999999999999999999999999997e+01,-1.59383548484464672577516887369051e-04,-1.65913420714152893637843988509448e-04,-6.02437238157460634491724710185765e-04,-6.44584390531608437569579176537775e-05
8.16999999999999999999999999999999e+01,-1.67590085450494847635469925373371e-04,-1.62337270063280412139895392049963e-04,-6.05461390285811659125614001230799e-04,-5.65144562339248518098781238052346e-05
8.17499999999999999999999999999996e+01,-1.75616208402030355434347978196098e-04,-1.58697328954216376654556034627140e-04,-6.08089383257675528327955803051497e-04,-4.86128055003172693300274974703835e-05
8.17999999999999999999999999999996e+01,-1.83458798186155974850634731991859e-04,-1.54996413916404868521560967127392e-04,-6.10323443296970984394120942373357e-04,-4.07578600195363265946089715798856e-05
8.18499999999999999999999999999986e+01,-1.91114876728320388670855479860220e-04,-1.51237351253598523967025011071655e-04,-6.12166013534992711544712881531519e-04,-3.29539225949895784542658641577926e-05
8.18999999999999999999999999999995e+01,-1.98581607475896598466642105877041e-04,-1.47422975239695356139722236367619e-04,-6.13619750443814598555650731537509e-04,-2.52052237403553613306839951761204e-05
8.19500000000000000000000000000000e+01,-2.05856295751843854091248748144587e-04,-1.43556126327124006860388052110261e-04,-6.14687520174950863994202515925498e-04,-1.75159198159262288262977553572454e-05
8.20000000000000000000000000000004e+01,-2.12936389019122671353750052405286e-04,-1.39639649368740625667863243587547e-04,-6.15372394806402521354159528800556e-04,-9.89009122776231346742921862290927e-06
8.20499999999999999999999999999994e+01,-2.19819477056562236785374005534061e-04,-1.35676391854183124723554436341136e-04,-6.15677648501241981131329457032605e-04,-2.33174069013947583496143676050017e-06
8.20999999999999999999999999999984e+01,-2.26503292046926341152873957984720e-04,-1.31669202161610704890778954319777e-04,-6.15606753580911755248099147574495e-04,5.15520844826586245713578588124587e-06
8.21499999999999999999999999999998e+01,-2.32985708577969923652345404120129e-04,-1.27620927825738305532099209295222e-04,-6.15163376516434252918656244118179e-04,1.25669138140561239691205775024947e-05
8.22000000000000000000000000000002e+01,-2.39264743557323327426354768455877e-04,-1.23534413823057013053945814406346e-04,-6.14351373840748543973417769971217e-04,1.98996155542997885577904291578904e-05
8.22500000000000000000000000000002e+01,-2.45338556042085445822142656324061e-04,-1.19412500875112485846245976855586e-04,-6.13174787985406724977654542140271e-04,2.71496378169124368803053345864073e-05
8.22999999999999999999999999999992e+01,-2.51205446984050060028998207515532e-04,-1.15258023770694130962523240471954e-04,-6.11637843044877165529844477337704e-04,3.43133901659598807163060691697013e-05
8.23499999999999999999999999999991e+01,-2.56863858891531815527695269984287e-04,-1.11073809707768115674906155920786e-04,-6.09744940471714448436011104119561e-04,4.13873689316536283009052724124347e-05
8.23999999999999999999999999999996e+01,-2.62312375408799441035167647479018e-04,-1.06862676655967329985641136604471e-04,-6.07500654705866260716386861807528e-04,4.83681584948506593273718294301549e-05
8.24500000000000000000000000000000e+01,-2.67549720814163963968936149837570e-04,-1.02627431740431149394440624863520e-04,-6.04909728741395856443594063041163e-04,5.52524325059109227626271204354804e-05
8.25000000000000000000000000000000e+01,-2.72574759437808806280296564193186e-04,-9.83708696477672958575504693906306e-05,-6.01977069633905012195412102957614e-04,6.20369550378070988213610094080596e-05
8.25499999999999999999999999999990e+01,-2.77386495000486739963156706091295e-04,-9.40957710548872741043649727971004e-05,-5.98707743951946647493311710629327e-04,6.87185816734219624684324796054649e-05
8.25999999999999999999999999999987e+01,-2.81984069874245729546084503347458e-04,-8.98049010814457854922305009774292e-05,-5.95106973175718503138103778829545e-04,7.52942605270091281788358000929504e-05
8.26499999999999999999999999999999e+01,-2.86366764266381677087810933190030e-04,-8.55010077665932075787818542087595e-05,-5.91180129046329478057875498154313e-04,8.17610331998330233153286854097980e-05
8.26999999999999999999999999999999e+01,-2.90533995327851002050281370016212e-04,-8.11868205707286897710508778503067e-05,-5.86932728868928439404998753005883e-04,8.81160356700436097508173383822051e-05
8.27480157165012990802909560585344e+01,-2.94332624140489754016311649184528e-04,-7.70366722554013802223541422471341e-05,-5.82557417605249284739270411063850e-04,9.41110584670696785030280328468307e-05
