tau,u_left,v_left,u_right,v_right
0.00000000000000000000000000000000e+00,0.00000000000000000000000000000000e+00,0.00000000000000000000000000000000e+00,0.00000000000000000000000000000000e+00,0.00000000000000000000000000000000e+00
2.50000000000000000000000000000000e-02,-9.41301600731861576880610788579527e-15,1.66813121265947575358153191411890e-12,1.19226549524381391520325378538208e-40,1.56339921545363493322350315704194e-38
5.00000000000000000000000000000000e-02,-1.28653701954022969132889966692235e-13,-5.36127013651834664929689343840967e-11,4.83630089552638322655556582366624e-39,-6.18895864206506389724652949312284e-37
7.49999999999999999999999999999992e-02,1.68194180633375121445260553839944e-12,3.99939076489260554555423444178717e-10,-1.00531236607285497853036842666574e-36,-6.70033662976997649900254865344427e-35
1.00000000000000000000000000000000e-01,-3.73177888278528570111075864982252e-12,-1.15328384317075197707935554124796e-09,2.22802376438618655071884347676681e-35,3.44338869577261527021654831551881e-33
1.25000000000000000000000000000000e-01,-1.83126423631032731775766455181501e-12,2.18176024144973011696974813898585e-09,5.00681328327659341853578115387736e-34,-1.44360287843975632853222290131284e-32
1.50000000000000000000000000000001e-01,3.20221159090624663436301205046992e-11,-2.00390274565136127591226196402109e-09,-2.21843266215235027357693458669541e-32,-1.73874574901940932966743565432126e-30
1.74999999999999999999999999999998e-01,-8.44561204537528087427069994805182e-11,-2.44209374021462475013227803128856e-09,1.27295579558413374820253948612889e-31,3.08670631013229125479116887298159e-29
2.00000000000000000000000000000000e-01,8.16425190174153527867226526095885e-11,1.09611953999935177825579803367419e-08,4.41271417550987735277794712739410e-30,8.23727131886171873647815130226910e-29
2.25000000000000000000000000000000e-01,8.23871369055499120466510848681665e-11,-1.25375486507555059291410733547659e-08,-6.91401435186764331103580919739176e-29,-6.74260411800837344827896848837137e-27
2.50000000000000000000000000000000e-01,-2.86268034242385376357177793057990e-10,-6.14328874923155319486446557097560e-09,-5.56572699769262636912156534496333e-29,4.71936988983158175980717102351408e-26
2.75000000000000000000000000000000e-01,1.15264411941994459105088832916033e-10,2.91913768386274001150513540056019e-08,8.34557573313073391792588249223372e-27,3.98590752159713581440829391952266e-25
3.00000000000000000000000000000002e-01,4.35860997730939685504041355384087e-10,-1.20224525222630247653752179688505e-08,-4.96001717250143745984569378520237e-26,-6.88886574422531259006620613034822e-24
3.25000000000000000000000000000000e-01,-4.25685899670999077305639276260256e-10,-3.88339419243869636289933020342838e-08,-3.28966641539126285294557086115370e-25,1.20076082380181977465482092636262e-23
3.49999999999999999999999999999996e-01,-5.42242487167797241250084506268563e-10,3.22776359733870564491211607478463e-08,4.71438363059590936497205335775361e-24,3.46808171719428801714310983413407e-22
3.75000000000000000000000000000000e-01,7.49372229836782148514842544882241e-10,4.79366959369222831329047131183516e-08,-5.23503159662650982768793143908820e-24,-2.25043161303925501546536839454538e-21
4.00000000000000000000000000000000e-01,7.64701388581321935632791739109541e-10,-4.74251590531182747174005672161889e-08,-1.79131002271998380815514497300250e-22,-4.80044991572207850928337328134843e-21
4.25000000000000000000000000000000e-01,-1.03966506501079240891791739532518e-09,-6.89486630596931429169412903948529e-08,8.72597264589685865747933250782811e-22,9.90575792727931151521500416887762e-20
4.50000000000000000000000000000000e-01,-1.29168725155967484363324304915308e-09,5.40662146437620962401526984616517e-08,2.54717886246176073179093780057379e-21,-2.09104778702361221306603504297938e-19
4.74999999999999999999999999999996e-01,1.19123410034774151390535768186041e-09,1.09564999794535176617911143097693e-07,-3.16656608049514023534597096118719e-20,-1.93485628381124865584565819291960e-18
5.00000000000000000000000000000000e-01,2.24052108527130869652650389289346e-09,-4.25559590475126497064333476063567e-08,3.31838405745312286966334373328276e-20,1.07299193670726816069391519967037e-17
5.25000000000000000000000000000000e-01,-8.82604356481470927089986004422367e-10,-1.66322864212824695210787761162886e-07,5.63165279143123777164526650489578e-19,8.99159958374318714418143419696884e-18
5.50000000000000000000000000000000e-01,-3.50840794713879356670933812470540e-09,-7.86569957476592293548949738484355e-09,-2.02422833338206620528698393917724e-18,-2.15941994953183153702011001185922e-16
5.74999999999999999999999999999993e-01,-4.32619256538302685456804233607555e-10,2.16323969704632999633668580375406e-07,-4.35816307521059734241224875387021e-18,3.84334315215196492704560344679778e-16
6.00000000000000000000000000000005e-01,4.47927509758806243765533444227839e-09,1.17169653722453698762809453658440e-07,3.87474451473646773353490967966339e-17,2.19336584008856006890748703919178e-15
6.25000000000000000000000000000000e-01,3.14916399984323696138813192125980e-09,-2.08165355304943814443408529029907e-07,-2.29114234983052494653388644776535e-17,-9.58888280964326055864595728644864e-15
6.50000000000000000000000000000000e-01,-3.79240857095675057363983645193265e-09,-2.70685713405171209140781306449077e-07,-4.07573456989252854202601997765965e-16,-5.99271886626497627496661423804348e-15
6.75000000000000000000000000000000e-01,-6.59570745897661334208377808057301e-09,7.46942360188751635240128283661287e-08,9.75016712234782901792761821208079e-16,1.11006980110910679715970218803735e-13
6.99999999999999999999999999999993e-01,-1.08769643056126205359581192540998e-10,3.77977184351238171663984410054808e-07,2.24960884171853035527304261648035e-15,-1.40086492603061865506608543468867e-13
7.25000000000000000000000000000005e-01,8.09847537272313009333589576119196e-09,2.00978943780149616910040750392862e-07,-1.20797778325961130039650047069806e-14,-7.21839266557189132514174910782865e-13
7.50000000000000000000000000000000e-01,6.94301281934275281780430356830976e-09,-2.81059715642762395679355735993448e-07,1.91590559609124711732309392709363e-16,2.23880391777467230153789940867260e-12
7.75000000000000000000000000000000e-01,-3.77990915114569565975317266797222e-09,-4.82897723191103013585746258712217e-07,8.79875162980579874883872697158607e-14,1.88854489596493489773079794948931e-12
8.00000000000000000000000000000000e-01,-1.21147080513495173477130399770350e-08,-1.13538417663534621121117341400202e-07,-1.18601461687245405373556122657393e-13,-1.75211334232879609979397605774983e-11
8.24999999999999999999999999999991e-01,-7.18154641735213535927912468211891e-09,4.70435577066633089115287394782094e-07,-3.96070742268610884822209223341039e-13,1.16205404872692513095262452474707e-11
8.50000000000000000000000000000000e-01,7.86699916761102862239722916668408e-09,6.13891236590840483111712666712702e-07,1.14974616128924937061514902067395e-12,8.47807180537054672362370085154880e-11
8.75000000000000000000000000000000e-01,1.72271484187504878498628199379834e-08,5.57233068579884028083196760644798e-08,8.15844264620199915483837981937383e-13,-1.61201236320118931731042799173622e-10
9.00000000000000000000000000000000e-01,8.35148530856202325867152613624172e-09,-7.03243678914481972749172394302031e-07,-6.53582666052128676951638420860205e-12,-2.34167608115060980559796079710224e-10
9.25000000000000000000000000000000e-01,-1.26625613948193413227756299173875e-08,-8.15205508063774715810886251445381e-07,2.76485848619429728465436042174829e-12,9.79686683790177207805172578811387e-10
9.49999999999999999999999999999991e-01,-2.40821166080292735847641513205562e-08,-5.11242816822499866875296390168550e-09,2.54265466326029912990739405801560e-11,2.00023345476286826864027399269494e-11
9.75000000000000000000000000000000e-01,-1.06620311452368735164863881936504e-08,9.80766335255074743837681178324502e-07,-3.35834559100966244102977865760986e-11,-3.90649029164229836260438738983538e-09
1.00000000000000000000000000000000e+00,1.74267203004687830454857918767115e-08,1.05746341543094687419603165203318e-06,-6.75344991090961371141018085351616e-11,3.37675568554147328635278212613823e-09
1.02499999999999999999999999999998e+00,3.19155790995031955614118602265357e-08,-1.17014185469232908242095342917657e-09,1.71264525675494603969512362549493e-10,1.08241623890092801871758625467071e-08
1.05000000000000000000000000000000e+00,1.52636940644047368312933550760802e-08,-1.20711594851948573351197962867160e-06,9.79904421068146627455218093983883e-11,-1.95474348732427155326139529923617e-08
1.07500000000000000000000000000000e+00,-1.94182912627699425860766449190845e-08,-1.32905790599723454379594249313126e-06,-6.02334516292848763440865843819748e-10,-1.90990076021856235789521697970362e-08
1.10000000000000000000000000000000e+00,-3.95550594498728810942976408442414e-08,-1.59225351121966949875754119467642e-07,9.97544237986784402989661703427876e-11,7.01709552758985463224290642502459e-08
1.12500000000000000000000000000000e+00,-2.43354477520284060904780343418382e-08,1.26536465951080235321805239670391e-06,1.61752990294274715422339849949781e-09,7.40464839638542934012521917302333e-09
1.14999999999999999999999999999998e+00,1.51772002325338269909568646834694e-08,1.64705850717222616390944829477227e-06,-1.17141985768082565842569075940576e-09,-1.87603939865148651323866493310780e-07
1.17500000000000000000000000000000e+00,4.53284294483301405327854283765774e-08,5.93076356364524965237658539597941e-07,-3.43354940831713154070439433835931e-09,8.70094925446174203829382419784370e-08
1.19999999999999999999999999999999e+00,3.88264620130669977247207674753891e-08,-1.06133378021968117356693874012133e-06,4.44478829902396519783538074210930e-09,3.95596856252412806180613630284238e-07
1.22500000000000000000000000000000e+00,-1.83742953758887871899919260580859e-09,-1.95169494691042280186488531802912e-06,5.77204157625580063586950863319039e-09,-3.86023424790788628217281662252424e-07
1.25000000000000000000000000000000e+00,-4.54063262981130531580622748158645e-08,-1.29364825701733009118895932761780e-06,-1.19507681412679256118038258136162e-08,-6.70426731852762086943492582341934e-07
1.27499999999999999999999999999998e+00,-5.62074885734774856885941017908527e-08,4.79288812726566151779418121804572e-07,-7.35219206221273238191869683329308e-09,1.06110046352768111269007976670697e-06
1.30000000000000000000000000000000e+00,-2.23877809629760982456419197525363e-08,2.03863350926184677904133718996828e-06,2.60208207741917964679455068169913e-08,9.02937899181887624707148141557656e-07
1.32499999999999999999999999999999e+00,3.36935114047226395467593121947106e-08,2.14987537240143462822306829512392e-06,5.68703774552832993955643101087567e-09,-2.28643792162173905324016803224788e-06
1.35000000000000000000000000000000e+00,7.02559423083573397936108644175475e-08,5.80737005026943702942461526597358e-07,-4.85617680400571176564521118361784e-08,-8.95892695469418503642450459514258e-07
1.37500000000000000000000000000000e+00,5.59607724886035797524937224851720e-08,-1.65495024480000489549673560128557e-06,2.51566177471120528628221275365650e-09,4.17816857700575079770233948143939e-06
1.39999999999999999999999999999998e+00,-4.96718930363894073759363222513577e-09,-2.90280739479316706151742659656555e-06,8.05563814722328770975761795127426e-08,4.15849465688595184795455068325752e-07
1.42500000000000000000000000000000e+00,-7.11589141845931797641571098621304e-08,-2.04019503107060492341103506025619e-06,-2.06488294152374866743203459182768e-08,-6.79763682267312594610839864291105e-06
1.44999999999999999999999999999999e+00,-9.10312035445460192400976374290553e-08,5.67394838567438444590750109139187e-07,-1.24302042940484999683732714584698e-07,6.25868097486979215935984991268437e-07
1.47500000000000000000000000000000e+00,-4.17363710770909983732249386654159e-08,3.12974674997156431300591076189813e-06,4.83406717650445357915021102869943e-08,1.03342215355521931086969985459250e-05
1.50000000000000000000000000000000e+00,4.84397579424225615546347179781694e-08,3.60900229006360700814939426548554e-06,1.97654838308444099964714618776475e-07,-8.65203423175861006147290914546580e-07
1.52499999999999999999999999999998e+00,1.14043437166968743396165967720119e-07,1.27611459052720637972986707311087e-06,-1.98502359057748437638796326157387e-08,-1.31748501196997955986996957097225e-05
1.55000000000000000000000000000000e+00,9.85176664569996138146525068936406e-08,-2.44979996538892823799115600474754e-06,-2.69194744817552839789194206102997e-07,-6.24793248441964059855062638562452e-06
1.57499999999999999999999999999999e+00,2.16615702206859354299663508054010e-09,-4.74034863977572684393779987842445e-06,-4.61359788312142788770825584789782e-07,-1.29310707064831771559925146465063e-05
1.60000000000000000000000000000000e+00,-1.08404223767170545726050161003123e-07,-3.50737290562801825777744058355326e-06,-1.00495730293251579127152297385218e-06,-1.54089045348354204454390715669932e-05
1.62500000000000000000000000000000e+00,-1.46296794496864381863306456645876e-07,6.63696795610821141479660039200184e-07,8.11033494754781773329638661750461e-08,1.41412397594772821600229874461220e-04
1.64999999999999999999999999999998e+00,-7.41442663980182551272918956692525e-08,4.70088080259908593762492862006307e-06,8.17453934569550595544268249293117e-06,4.96526156698875992093583204680080e-04
1.67500000000000000000000000000000e+00,6.13987052191969789116792288247730e-08,5.43069137281645355043893301619046e-06,2.28201709900771836344347526568293e-05,4.86391195838667619976434973009139e-04
1.69999999999999999999999999999999e+00,1.61643230681513826673328386482067e-07,2.10123887412934140298832563715722e-06,1.93648345181940612518768062804889e-05,-1.17035391096502048973988156051982e-03
1.72500000000000000000000000000000e+00,1.48765848393459097430185586960181e-07,-3.02889580324108907972306038031344e-06,-5.90475369955372343761108916534299e-05,-5.41270254882327238677932058971407e-03
1.75000000000000000000000000000000e+00,2.41862767895855924973601947650010e-08,-6.28774026396120950148309692920240e-06,-2.61724146909480762823344368044390e-04,-1.01519540011278572203750087994697e-02
1.77499999999999999999999999999998e+00,-1.28145998960080162849627095167619e-07,-5.13504394491009049509652250269676e-06,-5.13217031464869777260153095138370e-04,-7.27168040544596976079160248011799e-03
1.80000000000000000000000000000000e+00,-1.97230132083174292164443304785323e-07,-7.37231481353988922682513398898057e-08,-4.56266692413540268362172511379663e-04,1.68586265524939421820652753561677e-02
1.82499999999999999999999999999999e+00,-1.25461470637879046148659955733685e-07,5.40497430489634179723262567025254e-06,6.08234238788988265807303663335880e-04,7.41779909376514076178059627059389e-02
1.85000000000000000000000000000000e+00,4.30725594548128753440838180293309e-08,7.20585807348014520379032929998193e-06,3.53888897170385715535939988437413e-03,1.64075222139852503812037210472308e-01
1.87500000000000000000000000000000e+00,1.89601898001970440121206302998755e-07,3.84294480502519139250485006586928e-06,8.95192998507229579134917449564962e-03,2.68266557965193530951563449522478e-01
1.89999999999999999999999999999998e+00,2.09543322662817593852432032058199e-07,-2.19573126568511075435672234670569e-06,1.68494977839018698176571222567001e-02,3.58352685692332314364367831095577e-01
1.92500000000000000000000000000000e+00,9.38486924393139069287328475973564e-08,-6.35446340302398731207014537122752e-06,2.65653410738303938973137954220977e-02,4.11766069501498290185814706514301e-01
1.94999999999999999999999999999999e+00,-6.77854768731502625551979042693823e-08,-5.92057221712734473505883367317429e-06,3.70800955016850698090898756474551e-02,4.23394965405834275702055551026388e-01
1.97500000000000000000000000000000e+00,-1.77234338999265923195604946644504e-07,-3.12535428304208218624286307216037e-06,4.74668299897632299204119686942315e-02,4.04240906031796168297012002860418e-01
2.00000000000000000000000000000000e+00,-2.57798386863530884963365228961624e-07,-4.87512589650863723157064138521259e-06,5.71635925225666515604164578580022e-02,3.70535170301170674726141623966477e-01
2.02500000000000000000000000000000e+00,-5.16023140058163825842561587046235e-07,-1.74206732676682520051230324643105e-05,6.59660381626286168940358354168213e-02,3.33772798051790553267754005541317e-01
2.04999999999999999999999999999996e+00,-1.20010703846642016006305503833399e-06,-3.56155271786004835779479957439274e-05,7.38625614902463168207562608227701e-02,2.98220569546687440927540826103246e-01
2.07499999999999999999999999999999e+00,-2.14176561895062631217745711575495e-06,-2.90702075767985337725324738328545e-05,8.08893936390165874651749909827095e-02,2.64128377299159550274538547979491e-01
2.10000000000000000000000000000000e+00,-1.96611887276012654775467726114236e-06,6.95431331853369078309467513818982e-05,8.70788550443202456002168260827594e-02,2.31259147029845487869666437961880e-01
2.12500000000000000000000000000000e+00,2.90103417455374810617380714758164e-06,3.68303223551954886322821071037373e-04,9.24650450631624419222176035656826e-02,1.99943732477903070379570534510115e-01
2.15000000000000000000000000000000e+00,1.91872118022983540619063173214173e-05,1.00910295216400378218707556793546e-03,9.70921324154857172593469824885800e-02,1.70555398660601818867418247873890e-01
2.17499999999999999999999999999996e+00,5.74265811414538083583869194042334e-05,2.15106023247013076817620202208669e-03,1.01009217130293457974612193737638e-01,1.43119742850720783710575748614471e-01
2.19999999999999999999999999999999e+00,1.32115626199232132999501626497000e-04,3.94809904329512399945842086895445e-03,1.04263141474763187972678684427790e-01,1.17477402473631013880536094791509e-01
2.22500000000000000000000000000000e+00,2.61288089589406709511579776764956e-04,6.52582569511790394733367319727798e-03,1.06897050946581496372682283085289e-01,9.35036679883044312396551727538384e-02
2.25000000000000000000000000000000e+00,4.65560975890150529725321038800919e-04,9.96316839557247200737742791168235e-03,1.08951563779491411853849470167258e-01,7.11077266769910898871227598120635e-02
2.27500000000000000000000000000000e+00,7.66829793623378405140450268035568e-04,1.42831073024377984966629851064652e-02,1.10464661475733801168460842488105e-01,5.01668928127085919572295316166031e-02
2.29999999999999999999999999999996e+00,1.18686501595065349167631501294007e-03,1.94538795103416224322394597232653e-02,1.11470951498816709458093902529490e-01,3.05425189036637727236702288269687e-02
2.32499999999999999999999999999999e+00,1.74605186649418272208992186221609e-03,2.53986278856056046578029149342018e-02,1.12001892933800470322615859606190e-01,1.21239682914947796756635961936282e-02
2.35000000000000000000000000000000e+00,2.46243519976002068969426403018438e-03,3.20094317319604312340082360357004e-02,1.12086540315445806861774125762379e-01,-5.17518930253739300620807456071522e-03
2.37500000000000000000000000000000e+00,3.35112522358759849813800438874221e-03,3.91615647046223417235569915536414e-02,1.11751788887864814878344348769163e-01,-2.14432974565585661913467894140202e-02
2.39999999999999999999999999999998e+00,4.42402945485862425777151931567613e-03,4.67250370752443918442266412525070e-02,1.11022264076325911305500969656031e-01,-3.67708905184521371874429452169430e-02
2.42499999999999999999999999999996e+00,5.68982481608208315051087340875826e-03,5.45722731443960899760183934654515e-02,1.09920486013517944980657053372105e-01,-5.12342357415468290876194631074558e-02
2.44999999999999999999999999999999e+00,7.15407756659087506306999818629704e-03,6.25824678830865875775436563697972e-02,1.08467292551610657225481963201633e-01,-6.48932987935446518913261562703081e-02
2.47500000000000000000000000000000e+00,8.81944462829848467671998876774169e-03,7.06439427388977912138209630018836e-02,1.06682102310724534813501661795408e-01,-7.78032117780046952453519535216442e-02
2.50000000000000000000000000000000e+00,1.06859197270588657944680860601721e-02,7.86554520749391938599563270685756e-02,1.04582950313680123498315337859240e-01,-9.00189444436475854080617946573723e-02
2.52499999999999999999999999999998e+00,1.27511024034519771054335612115441e-02,8.65267292456417372905097763246166e-02,1.02186555977124959541144305530043e-01,-1.01589797886005897005884153372598e-01
2.54999999999999999999999999999996e+00,1.50104730996620163442621972471626e-02,9.41785019291145460296740199408473e-02,9.95085219427912957460374009658808e-02,-1.12556137821513020945617341897597e-01
2.57499999999999999999999999999999e+00,1.74576676532783420795359388136488e-02,1.01542525541338284187680272386097e-01,9.65635166074849607697460626000461e-02,-1.22953200068238529240404069444798e-01
2.60000000000000000000000000000000e+00,2.00847581746825928453496149821559e-02,1.08562067683791067375519728725515e-01,9.33653446007702725461917354536889e-02,-1.32814966365581902376126678904572e-01
2.62500000000000000000000000000000e+00,2.28825503607046929670827977124720e-02,1.15192638336084091306642129075841e-01,8.99269822797537511323970134825030e-02,-1.42173261261339688065801740191805e-01
2.64999999999999999999999999999998e+00,2.58408950151631264255802033086242e-02,1.21402277605533542304083395043144e-01,8.62606652046013378477324136911046e-02,-1.51055386703560563786463990360249e-01
2.67499999999999999999999999999996e+00,2.89489943542997780763904605632060e-02,1.27170793535024198713747562265846e-01,8.23780028153060694111382151222820e-02,-1.59484493671831528144163807004613e-01
2.69999999999999999999999999999999e+00,3.21956735783352780335922561568771e-02,1.32487770303522468371918177819621e-01,7.82900517400915368371114534524564e-02,-1.67482018490659384991093176586491e-01
2.72500000000000000000000000000000e+00,3.55695898943544028570775085196650e-02,1.37349662061103251973948653680484e-01,7.40073357308269729582486047017051e-02,-1.75069143628645821887751647534113e-01
2.75000000000000000000000000000000e+00,3.90593651737161748979906781539722e-02,1.41756754283520667483076017260710e-01,6.95398584310338758270288270088208e-02,-1.82265982583639049374020747283845e-01
2.77499999999999999999999999999998e+00,4.26536516546732031738462379066819e-02,1.45710988241991552007161555546361e-01,6.48971554967666301037776280416387e-02,-1.89089595003005266978540047717810e-01
2.79999999999999999999999999999996e+00,4.63411617846835421709802498155999e-02,1.49215287986289342640647984914120e-01,6.00883869369447011923456609372720e-02,-1.95553128133610095675044480638062e-01
2.82499999999999999999999999999999e+00,5.01106991590849814173700084672051e-02,1.52274198399738593090920711507702e-01,5.51224153352570397839427532116655e-02,-2.01667833866481040225944367828695e-01
2.85000000000000000000000000000000e+00,5.39512126475411340572654475530733e-02,1.54894920833056612799317398423130e-01,5.00078044310579161510170312473766e-02,-2.07446843753504139430898254642296e-01
2.87500000000000000000000000000000e+00,5.78518701837821210125706416248733e-02,1.57087728151597191948534027994015e-01,4.47527452505953286230083333206200e-02,-2.12906476471876962990891612828472e-01
2.89999999999999999999999999999998e+00,6.18021290271935331558731217586823e-02,1.58865278453139594065604846491863e-01,3.93650184499911091115326473309657e-02,-2.18062181002225802820593492138099e-01
2.92499999999999999999999999999996e+00,6.57917778043848691532922754864720e-02,1.60241186917568711730747538311716e-01,3.38520976216110732675761462226418e-02,-2.22922510122077353074248401575119e-01
2.94999999999999999999999999999999e+00,6.98109439208206463428349528792510e-02,1.61228871051783206689754842542500e-01,2.82213456959380540408459800267639e-02,-2.27488665144411704020098048077501e-01
2.97500000000000000000000000000000e+00,7.38500868113721279457162456923723e-02,1.61841659551604639393986540494653e-01,2.24801103904174674263793083422098e-02,-2.31762382036414483513560507595552e-01
3.00000000000000000000000000000000e+00,7.79000127027406569116433175878244e-02,1.62094294064908924548172418628899e-01,1.66355845484370837583244537167356e-02,-2.35754983325490055509735669494764e-01
3.02499999999999999999999999999998e+00,8.19519346951452166548096175096666e-02,1.62004801406608591090634905356728e-01,1.06945450580041767990562340014558e-02,-2.39486977284981953450562303148602e-01
3.04999999999999999999999999999996e+00,8.59975678828874044334525876798449e-02,1.61595213202257686651172050606075e-01,4.66325801076413847765066139095727e-03,-2.42976329263219956007851895663949e-01
3.07499999999999999999999999999999e+00,9.00292168839814949848705326530749e-02,1.60890222275754884065885514354175e-01,-1.45228470263321224847554713770621e-03,-2.46226114313474043329862486757669e-01
3.10000000000000000000000000000000e+00,9.40398060293733534345216502923456e-02,1.59914125229972326896442381433062e-01,-7.64596304048186426832020796223006e-03,-2.49224823398773132970437960744598e-01
3.12500000000000000000000000000000e+00,9.80228253356738742972265325025318e-02,1.58687414479712533549389227755052e-01,-1.39113338662480253076848138998743e-02,-2.51961239114991375597576179576432e-01
3.14999999999999999999999999999998e+00,1.01972203908948651979197925463905e-01,1.57224594830539807674490434424719e-01,-2.02418681260278361100547597259162e-02,-2.54441267581507348176077785611867e-01
3.17499999999999999999999999999996e+00,1.05882155831958956111074791026599e-01,1.55534225787403436996757352828819e-01,-2.66314549099350185285608732538751e-02,-2.56690795302309867652012453056984e-01
3.19999999999999999999999999999999e+00,1.09747056307182920299167513678060e-01,1.53621183740986478924960507834851e-01,-3.30747335545337209348144258774252e-02,-2.58740232552591927912779497707153e-01
3.22500000000000000000000000000000e+00,1.13561392731247673982104880725783e-01,1.51490156557323346600415007395342e-01,-3.95669212598095724446206511335450e-02,-2.60602703638945408394658335928640e-01
3.25000000000000000000000000000000e+00,1.17319802771691618409494066551456e-01,1.49148858636372472047147571824054e-01,-4.61032172992606421507306297463506e-02,-2.62264405829156350546739895471806e-01
3.27499999999999999999999999999998e+00,1.21017174373874049499939579137554e-01,1.46609619390331943430291765464053e-01,-5.26782395649142880435158545014147e-02,-2.63696491838644496309228993220689e-01
3.29999999999999999999999999999996e+00,1.24648757657856018975784329752187e-01,1.43888759510139754519935125164710e-01,-5.92859622608204959597135315748048e-02,-2.64880356253834867030781595819909e-01
3.32499999999999999999999999999999e+00,1.28210236730985370977045689358739e-01,1.41004179349464611012074047321166e-01,-6.59202498857019981780524813275006e-02,-2.65826858801706230605349202225298e-01
3.35000000000000000000000000000000e+00,1.31697731295706490567018260697469e-01,1.37972406374213876986932574112508e-01,-7.25756147533965457715216270356825e-02,-2.66574018613083505114397741990847e-01
3.37500000000000000000000000000000e+00,1.35107733702962720280225355519506e-01,1.34806591918406277013256179873531e-01,-7.92476294091648054564598836732957e-02,-2.67163709751663770099850910890017e-01
3.39999999999999999999999999999998e+00,1.38437019275578878695266624648865e-01,1.31516426688223704219580732954430e-01,-8.59326526423471000572569407297496e-02,-2.67613567201525789127281048572047e-01
3.42499999999999999999999999999996e+00,1.41682579031786713545482063469242e-01,1.28109879809289471441423953487931e-01,-9.26270150074580734762250928486957e-02,-2.67904378563553077267403282431381e-01
3.44999999999999999999999999999999e+00,1.44841607923154952585590072974940e-01,1.24595656472186991759738042630184e-01,-9.93262102836415215671471753672047e-02,-2.67992895979022607245002225790808e-01
3.47500000000000000000000000000000e+00,1.47911547801902261134792993223625e-01,1.20984906479892044925294982815352e-01,-1.06024664735471802515480269254508e-01,-2.67842277764487075380117757585863e-01
3.50000000000000000000000000000000e+00,1.50890151888933434043476858147376e-01,1.17291165421253302057050738296659e-01,-1.12716277584453567635563663891323e-01,-2.67449739985767459118196987702006e-01
3.52499999999999999999999999999998e+00,1.53775523581211553965824867366973e-01,1.13528459617825639253317314678713e-01,-1.19395405085397333816056395172704e-01,-2.66852659611792757224744816874180e-01
3.54999999999999999999999999999996e+00,1.56566093142367176267819988305762e-01,1.09708447377972323163995965913496e-01,-1.26057658042742072114532852135523e-01,-2.66108740960479495807965691051998e-01
3.57499999999999999999999999999999e+00,1.59260525238549120297385517253274e-01,1.05837974813143644149196527037434e-01,-1.32699990287475082074104379457461e-01,-2.65262340618340211565870633204500e-01
3.60000000000000000000000000000000e+00,1.61857584242334929222833742226183e-01,1.01918274830731996530865047212275e-01,-1.39319986804347630053912023688460e-01,-2.64317410163043510182285961001674e-01
3.62500000000000000000000000000000e+00,1.64356006449753105454060848846866e-01,9.79462925496889527018034189272120e-02,-1.45914750533872102186013351626699e-01,-2.63233939305000335605245033924994e-01
3.64999999999999999999999999999998e+00,1.66754427956751650336484885321080e-01,9.39176384848630576168399877833178e-02,-1.52480051978442950496902998823815e-01,-2.61951193929554990473729310797667e-01
3.67499999999999999999999999999996e+00,1.69051394434480208360529359252768e-01,8.98299592396698198376423931290422e-02,-1.59010271628870022374457601474496e-01,-2.60424375732415664303912319165748e-01
3.69999999999999999999999999999999e+00,1.71245446301664392124589006539219e-01,8.56854285445364087006827381468602e-02,-1.65499191528677130227683508397057e-01,-2.58652499898093479820606703864987e-01
3.72500000000000000000000000000000e+00,1.73335246006159043371229188540678e-01,8.14915798661479035344549387547513e-02,-1.71941184712390209931606914227644e-01,-2.56681301304662028186425147025368e-01
3.75000000000000000000000000000000e+00,1.75319704350572436991092865233685e-01,7.72604675977140518891838208834828e-02,-1.78332138701639905026176639020612e-01,-2.54580601596107394255621752130036e-01
3.77499999999999999999999999999998e+00,1.77198070436892745828298045073822e-01,7.30067147892118285595498783022307e-02,-1.84669615774985296499679340393037e-01,-2.52408717535317576172544742589872e-01
3.79999999999999999999999999999996e+00,1.78969966372815167614024538122198e-01,6.87451472430930955793574050150086e-02,-1.90952145079662990972429574402609e-01,-2.50181492432111706101824859859665e-01
3.82499999999999999999999999999999e+00,1.80635363381347456580863671523954e-01,6.44885332128751079950252898404267e-02,-1.97177975256592561771248457602815e-01,-2.47862075896923956005584179896078e-01
3.85000000000000000000000000000000e+00,1.82194506186432850595809700986300e-01,6.02457542589876624193652446046117e-02,-2.03343932754804181867059794714934e-01,-2.45379268455137939182109420211035e-01
3.87500000000000000000000000000000e+00,1.83647800254153849102349417032817e-01,5.60207247171438128604482814314953e-02,-2.09445032752925847155850984122630e-01,-2.42666175287994422246788163305197e-01
3.89999999999999999999999999999998e+00,1.84995685491322576344465680799311e-01,5.18124457872253600213799822903290e-02,-2.15475078113090417527261801218865e-01,-2.39696513291149071955073633463164e-01
3.92499999999999999999999999999996e+00,1.86238528618072669307588414861598e-01,4.76164410347893392594304407021607e-02,-2.21427897805880315253854320702647e-01,-2.36497687625110831544181651775299e-01
3.94999999999999999999999999999999e+00,1.87376567165176592189518395647896e-01,4.34273444916561810954925154586720e-02,-2.27298558515655694817115100638473e-01,-2.33136862434237501489072747348426e-01
3.97500000000000000000000000000000e+00,1.88409924516800854893905448188457e-01,3.92418104784707106021725990046885e-02,-2.33083997711184624988074041160796e-01,-2.29690894602431974081690703080243e-01
4.00000000000000000000000000000000e+00,1.89338689540030265307980226172488e-01,3.50605895294437178692340064815611e-02,-2.38782839641004165792686519555027e-01,-2.26212837850781747391913356565189e-01
4.02499999999999999999999999999998e+00,1.90163027166953495857056669060444e-01,3.08888477525262571529545290569680e-02,-2.44394440960542908222071004781899e-01,-2.22705764830241638549947033249638e-01
4.05000000000000000000000000000001e+00,1.90883271816915232629389578865024e-01,2.67345435796420382349865242834006e-02,-2.49917507857317701930408082531472e-01,-2.19116738884272659606339034599168e-01
4.07499999999999999999999999999999e+00,1.91499962258440765589286452036875e-01,2.26055587277260256396316838181176e-02,-2.55348931314426755738395162797699e-01,-2.15360127948507369794445365883904e-01
4.09999999999999999999999999999992e+00,1.92013802316774604151482834751444e-01,1.85068628883335738601172268749182e-02,-2.60683508306879090589735775791201e-01,-2.11361384225112951047975149067234e-01
4.12500000000000000000000000000000e+00,1.92425565056895121642278885454346e-01,1.44389861531976000799696934672544e-02,-2.65914738279120583417619995498647e-01,-2.07094683257235671260624205495566e-01
4.14999999999999999999999999999998e+00,1.92735983512500249547066028096340e-01,1.03984906362929861424856460099725e-02,-2.71036224435648188350789256760809e-01,-2.02592380187975979704735339200988e-01
4.17500000000000000000000000000001e+00,1.92945677425498213019500561900501e-01,6.38025623099974441387483243375115e-03,-2.76042940486536202194552307099569e-01,-1.97927075060490420041168839104507e-01
4.19999999999999999999999999999999e+00,1.93055150477426909404929486765270e-01,2.38062474878529990220846983913791e-03,-2.80931871558547474245888419318714e-01,-1.93181973753564477345029641767073e-01
4.22499999999999999999999999999992e+00,1.93064863258836039498258770101256e-01,-1.59988887952726136692866758084694e-03,-2.85701898675875223282301936751798e-01,-1.88420886152350299831364502134270e-01
4.25000000000000000000000000000000e+00,1.92975356632235659678181891591421e-01,-5.55539138165731930874256556779664e-03,-2.90352970281071080594557302580923e-01,-1.83662120542311068835489180979080e-01
4.27499999999999999999999999999998e+00,1.92787380791224581766890006039927e-01,-9.47535018096344831202545510796389e-03,-2.94884750752273305762613791430105e-01,-1.78864978971283184225190470147640e-01
4.30000000000000000000000000000001e+00,1.92501983820774251898750005892065e-01,-1.33469784656073428571835262261076e-02,-2.99295237619075532906940447507374e-01,-1.73942059591735818869407856022349e-01
4.32499999999999999999999999999999e+00,1.92120528290856891889741539542180e-01,-1.71584429727564994357077947442444e-02,-3.03580047634624591234079713966695e-01,-1.68798129706096289482781361328929e-01
4.34999999999999999999999999999992e+00,1.91644627819372605994411455717549e-01,-2.09019034198226733534790395130395e-02,-3.07732807151607979352341286910610e-01,-1.63374879289712520563133754547292e-01
4.37500000000000000000000000000000e+00,1.91076019016435029827732676093090e-01,-2.45755335155536067336041568907070e-02,-3.11746440732582651303663847893133e-01,-1.57675093898669092900267384164697e-01
4.39999999999999999999999999999998e+00,1.90416401716711329683072621517449e-01,-2.81839907648368685369668321184130e-02,-3.15614676551752914637252317715541e-01,-1.51756691864264263740845892200475e-01
4.42500000000000000000000000000001e+00,1.89667288882830346805688167070968e-01,-3.17371960934989254138207753620326e-02,-3.19333122098513404310432360223685e-01,-1.45706940603474070460606390594621e-01
4.44999999999999999999999999999999e+00,1.88829905792385183391541639946841e-01,-3.52477016647151369760097294564041e-02,-3.22899607243193119449255685859589e-01,-1.39611338695452773799183723351217e-01
4.47499999999999999999999999999992e+00,1.87905166239091916397417087452722e-01,-3.87273015312952204370551403335271e-02,-3.26313768623402833780207482355939e-01,-1.33524792909322185233126210494738e-01
4.50000000000000000000000000000000e+00,1.86893733761968192936534679364803e-01,-4.21837724554045510103954754532815e-02,-3.29575990753536700684666434246006e-01,-1.27450215157244567164468446903342e-01
4.52499999999999999999999999999998e+00,1.85796153235131743391192697068871e-01,-4.56186285155177450855186603581961e-02,-3.32685996226114190542644099669831e-01,-1.21333432178943569335095610453718e-01
4.55000000000000000000000000000001e+00,1.84613018818302513138468815164661e-01,-4.90265170963485913570731399024288e-02,-3.35641602602073274561425599408307e-01,-1.15081662222444516498117194051533e-01
4.57499999999999999999999999999999e+00,1.83345133772129300627857252652790e-01,-5.23964526234262026196617164734741e-02,-3.38438203890706767233832864807382e-01,-1.08600612388404187246236990887978e-01
4.59999999999999999999999999999992e+00,1.81993618821682307009300639879906e-01,-5.57146021119818006274905876603838e-02,-3.41069235691487450578118295543863e-01,-1.01832743813229911594526952563647e-01
4.62500000000000000000000000000000e+00,1.80559938411222101312270094904106e-01,-5.89679156188211024864462704231713e-02,-3.43527410931322089767295066221042e-01,-9.47786904912657918557128624329219e-02
4.64999999999999999999999999999998e+00,1.79045835730759896661179949147176e-01,-6.21476178467470400210745076798342e-02,-3.45806187926213105221467449411047e-01,-8.74946390071712521026886353463134e-02
4.67500000000000000000000000000001e+00,1.77453193254371118375506704872922e-01,-6.52515218000473515379117184565646e-02,-3.47900909779103899001173899551826e-01,-8.00701694671367083205951824746750e-02
4.69999999999999999999999999999999e+00,1.75783859129359903830759595119082e-01,-6.82843704702924513684797999171045e-02,-3.49809246842792632548951496939654e-01,-7.25963999971219815114590750231881e-02
4.72499999999999999999999999999992e+00,1.74039493078934197005976414225189e-01,-7.12559781150042640303125255978200e-02,-3.51530828983627089333235965643573e-01,-6.51346356410277948503773273547973e-02
4.75000000000000000000000000000000e+00,1.72221481767680785521977263607682e-01,-7.41776992604971257455659956192612e-02,-3.53066200016544009585216985967050e-01,-5.76948946590791526097067029920868e-02
4.77499999999999999999999999999998e+00,1.70330951489904592300029495361558e-01,-7.70584106552653690833589740739261e-02,-3.54415442266461631952855306071812e-01,-5.02317670877368486504252951129884e-02
4.79999999999999999999999999999996e+00,1.68368872287173375343778841626350e-01,-7.99014281863583757311484078450359e-02,-3.55576949748351961690061566420609e-01,-4.26600460376154143969566617291657e-02
4.82499999999999999999999999999999e+00,1.66336215149761040372046857895106e-01,-8.27034450219355954873189661089180e-02,-3.56546796372992300405322470865761e-01,-3.48850981580905074459264558078621e-02
4.84999999999999999999999999999992e+00,1.64234106048836877220805483799571e-01,-8.54557991630144106543642347480771e-02,-3.57318935246265344560409246039842e-01,-2.68368495902790705623761865698270e-02
4.87500000000000000000000000000000e+00,1.62063924075295998578848725092277e-01,-8.81475083926572667954050836046516e-02,-3.57886159530576949087354729304547e-01,-1.84949734760237006355658358683642e-02
4.89999999999999999999999999999998e+00,1.59827313279623011454494200907945e-01,-9.07689258067402352159433686647081e-02,-3.58241484144145458777018786831360e-01,-9.89662011219288403656856971969480e-03
4.92499999999999999999999999999996e+00,1.57526108633411477831020492769502e-01,-9.33147810118974843344912994133523e-02,-3.58379470853656658355454850558003e-01,-1.12456489357170935110121892604963e-03
4.94999999999999999999999999999999e+00,1.55162203455697571542607926595114e-01,-9.57857415124116222547145562642933e-02,-3.58297051865501465980907112838772e-01,7.71972080955911033805412938894932e-03
4.97499999999999999999999999999992e+00,1.52737399938912649881016723164736e-01,-9.81882215348176379135203304816226e-02,-3.57993584760279979908000034882253e-01,1.65488278471571388971207077591354e-02
5.00000000000000000000000000000000e+00,1.50253284130038607501306365683831e-01,-1.00532700087957951035750174705224e-01,-3.57470130592726972437870761082540e-01,2.53171107093222566461994634677296e-02
5.02499999999999999999999999999998e+00,1.47711155897157322892650513432175e-01,-1.02831108427798056956414704719396e-01,-3.56728202477794734696239778657733e-01,3.40343181006153757270068779172025e-02
5.04999999999999999999999999999996e+00,1.45112029337641846088363728691183e-01,-1.05093904306400060306221834811994e-01,-3.55768402090594151645233572274201e-01,4.27608756729606675908483795626089e-02
5.07499999999999999999999999999999e+00,1.42456704363036456892248456334101e-01,-1.07327389305443253866757430645359e-01,-3.54589393304988176040295346406852e-01,5.15865459307932457694283133470757e-02
5.09999999999999999999999999999992e+00,1.39745897022734026996805698718899e-01,-1.09531774047924073683493574954953e-01,-3.53187548958142263562346349541137e-01,6.05994833775101213850407837203862e-02
5.12500000000000000000000000000000e+00,1.36980403726414386216298755729304e-01,-1.11700474401741181794327619072884e-01,-3.51557388234874180143958689720834e-01,6.98556362840619854590291000355108e-02
5.14999999999999999999999999999998e+00,1.34161263300585930565613164090799e-01,-1.13821025645110996112152239552041e-01,-3.49692670068198890663008078870491e-01,7.93581696491807397681381237935855e-02
5.17499999999999999999999999999996e+00,1.31289874395909679240636719228457e-01,-1.15877701837321633237152170047169e-01,-3.47587802629602434361297021190285e-01,8.90532559366743961720111127557662e-02
5.19999999999999999999999999999999e+00,1.28368029737823862348170596479596e-01,-1.17855415154341018148708731546253e-01,-3.45239134363737065285628854005761e-01,9.88433163641171216090993383175718e-02
5.22499999999999999999999999999992e+00,1.25397846491144834523280106713765e-01,-1.19743923531694658762554737868700e-01,-3.42645735525166796722967364024456e-01,1.08613312869320655929143285079224e-01
5.25000000000000000000000000000000e+00,1.22381600855606144194345889753543e-01,-1.21541079547460337647529983514458e-01,-3.39809443771513602355804279040326e-01,1.18261725465202463058088894569622e-01
5.27499999999999999999999999999998e+00,1.19321505655694999830908256153124e-01,-1.23254016692418302455881783924501e-01,-3.36734178630321071926188477645649e-01,1.27726584420104387475372561594254e-01
5.29999999999999999999999999999996e+00,1.16219490357176004064487795554302e-01,-1.24897774644505923597000212621377e-01,-3.33424754443351198369768146813810e-01,1.36998653797116810844062424259663e-01
5.32499999999999999999999999999999e+00,1.13077045269636150594173549775460e-01,-1.26491673669664782740469012745525e-01,-3.29885571102173245985112688877534e-01,1.46117952425806410466732484998591e-01
5.34999999999999999999999999999992e+00,1.09895174700181711141622429023886e-01,-1.28054437983142240513017035260953e-01,-3.26119593048740236441860118835902e-01,1.55154932055670732238265322129458e-01
5.37500000000000000000000000000000e+00,1.06674473754824321151433831520031e-01,-1.29599403610572702873146052823653e-01,-3.22127933468682011800886759835790e-01,1.64182224390119065226345272215479e-01
5.39999999999999999999999999999998e+00,1.03415310314661639498022558297139e-01,-1.31131066851116927975104139941946e-01,-3.17910174000296356986057896940642e-01,1.73245556836999723817500386967486e-01
5.42499999999999999999999999999996e+00,1.00118066906452895627902606000192e-01,-1.32643824622446735651011721215191e-01,-3.13465329018190821594875834449821e-01,1.82342488707518458047586386733465e-01
5.44999999999999999999999999999999e+00,9.67833829284001899543010736694531e-02,-1.34123186109211277716421547046536e-01,-3.08793174150140853565728167685817e-01,1.91415119614930861070765261083102e-01
5.47499999999999999999999999999992e+00,9.34123381614660319990879702512515e-02,-1.35549150829603167262296447433857e-01,-3.03895555821487164231569232948818e-01,2.00358695688612394854856418730979e-01
5.50000000000000000000000000000000e+00,9.00065324331526721085295725973950e-02,-1.36900970601864026204100353958296e-01,-2.98777309842567524833592785069424e-01,2.09043369830173649250525171643821e-01
5.52499999999999999999999999999998e+00,8.65680399605013332542669666611795e-02,-1.38162221665612557746176143202264e-01,-2.93446536105897126478033068794692e-01,2.17342615941791633684545157181204e-01
5.54999999999999999999999999999996e+00,8.30992450291862672025005025302353e-02,-1.39325049130722385162594582974832e-01,-2.87914166262505935222109360090366e-01,2.25160009396224382451773226665966e-01
5.57499999999999999999999999999999e+00,7.96025925023518133040905651237713e-02,-1.40392609301790738826917157000316e-01,-2.82192965255445027822074898404637e-01,2.32446736954879944666562755775362e-01
5.59999999999999999999999999999992e+00,7.60803068965431992112656634661089e-02,-1.41379090503680522091920016732471e-01,-2.76296266463393885159152604644941e-01,2.39205043148872167379367605072978e-01
5.62500000000000000000000000000000e+00,7.25341433376303007098201762517009e-02,-1.42307179481950422692246096143410e-01,-2.70236809154286232741225034785409e-01,2.45476976607517995463244535463843e-01
5.64999999999999999999999999999998e+00,6.89652302564015761775218580260267e-02,-1.43203381822195024627757680060274e-01,-2.64026008303682491749408819048290e-01,2.51322040515086663020507146000989e-01
5.67499999999999999999999999999996e+00,6.53740469550416219149901264994495e-02,-1.44092108108251185855286841144489e-01,-2.57673854009063833441393439567725e-01,2.56790478541405413064892933316393e-01
5.69999999999999999999999999999999e+00,6.17605514670819358078408624704518e-02,-1.44989794240726131992392969296116e-01,-2.51189450154166639787246135974026e-01,2.61900098680616452679403724098759e-01
5.72499999999999999999999999999992e+00,5.81244404802904265853395617085904e-02,-1.45900429056215204084647479507645e-01,-2.44582013436330075504811054859563e-01,2.66623464595013956247016346883158e-01
5.75000000000000000000000000000000e+00,5.44654907513775979444721690872341e-02,-1.46813649487768236325632966864723e-01,-2.37862017499335627430279400186795e-01,2.70889302679814023228430889117986e-01
5.77499999999999999999999999999998e+00,5.07839084096995344860598078132452e-02,-1.47706043508327740255827635722520e-01,-2.31042120347411016161408043609222e-01,2.74597953222444495051438288278638e-01
5.79999999999999999999999999999996e+00,4.70806054131805244742199231243684e-02,-1.48545575009777884970694084590226e-01,-2.24137568233816624845551603442245e-01,2.77646776761813365791308492540185e-01
5.82499999999999999999999999999999e+00,4.33573342538177641619367308707288e-02,-1.49298286924672916667751183285122e-01,-2.17165909370573329397402636264029e-01,2.79958675998982740246344998482688e-01
5.84999999999999999999999999999992e+00,3.96166410489202671806865930544005e-02,-1.49935851978286829131627061137494e-01,-2.10146037089021306933859789031949e-01,2.81506018765173045026267041605673e-01
5.87500000000000000000000000000000e+00,3.58616368528537484975507539941417e-02,-1.50442293527318585354394893687223e-01,-2.03096763847155470434540815464674e-01,2.82323458011836828553710898434697e-01
5.89999999999999999999999999999998e+00,3.20956276979882021732765635645766e-02,-1.50818366229808103605490554628226e-01,-1.96035255739002826210224420910617e-01,2.82506101104686906308761905905514e-01
5.92499999999999999999999999999996e+00,2.83216755880631545245714752954850e-02,-1.51082613305034800231820380600458e-01,-1.88975697846523125316523255164613e-01,2.82193357384181340597789214389301e-01
5.94999999999999999999999999999999e+00,2.45421783446332932302208607535376e-02,-1.51268839241555790765294470496916e-01,-1.81928504262404972258211833973780e-01,2.81542515718489171897014225994025e-01
5.97499999999999999999999999999992e+00,2.07585535520414354715217823756433e-02,-1.51420451180169530664825268743115e-01,-1.74900249572521153425037935381379e-01,2.80698696573401247840539950679556e-01
6.00000000000000000000000000000000e+00,1.69710931508322919381891059749646e-02,-1.51582676176672716628931167189313e-01,-1.67894317887584280686343033062916e-01,2.79768669477517778716862796132956e-01
6.02499999999999999999999999999998e+00,1.31790253776033753868732454458880e-02,-1.51794000602938687013095445044047e-01,-1.60912087893318781636623301413884e-01,2.78804955491682761866680785728097e-01
6.04999999999999999999999999999996e+00,9.38078493376901672709664956443009e-03,-1.52078321316896294680008693184260e-01,-1.53954343217715272646918176898513e-01,2.77803925180973431345999278524060e-01
6.07499999999999999999999999999999e+00,5.57445502447584132497458600072545e-03,-1.52439267687790348297106842523024e-01,-1.47022549505210462707694469714649e-01,2.76717965860001059658082216436547e-01
6.09999999999999999999999999999992e+00,1.75831082637053971574622803386847e-03,-1.52857922511857726425365443752553e-01,-1.40119683957837139737020522005964e-01,2.75478214132909017783505226083723e-01
6.12500000000000000000000000000000e+00,-2.06863125105640828975678780779765e-03,-1.53294684521538292093519722531727e-01,-1.33250425993810990781790179730947e-01,2.74021768347368822807475640226847e-01
6.14999999999999999999999999999998e+00,-5.90616386294209440198416518527421e-03,-1.53695274789122574899692332355166e-01,-1.26420685895111628832048116138651e-01,2.72316300716374666290076796731061e-01
6.17499999999999999999999999999996e+00,-9.75263304359015965757747111784172e-03,-1.54000014685160859760007163096347e-01,-1.19636619329055129379112562396911e-01,2.70375746004880168031327747395030e-01
6.19999999999999999999999999999999e+00,-1.36049389142051547165225628667104e-02,-1.54154725899210379192515959625283e-01,-1.12903407412950072861440478067384e-01,2.68263054241251831534706962054586e-01
6.22499999999999999999999999999992e+00,-1.74588075494630549963160858694513e-02,-1.54121169856276372567481709608099e-01,-1.06224141775669396054469773786457e-01,2.66079317577567674705004210035485e-01
6.25000000000000000000000000000000e+00,-2.13092963291159156985718703664978e-02,-1.53884995831519325518432464283537e-01,-9.95991267647008853494711306026168e-02,2.63942067179719652762365487978977e-01
6.27499999999999999999999999999998e+00,-2.51514499412135488279491548966587e-02,-1.53459675069627600672901860818698e-01,-9.30258044369757219569983862693666e-02,2.61958252777648266048075702713753e-01
6.29999999999999999999999999999996e+00,-2.89809957533891750195714198207751e-02,-1.52885690180327348041905787131869e-01,-8.64993507364835831379326534729575e-02,2.60198695996690298471048858556000e-01
6.32499999999999999999999999999999e+00,-3.27949598153172178044455599122895e-02,-1.52225103116221001851287348665923e-01,-8.00138229374958244627264130988488e-02,2.58680425377521579246117710031163e-01
6.34999999999999999999999999999992e+00,-3.65920974726705184955270078392213e-02,-1.51552365127069729524924587075828e-01,-7.35635992536440848524937878442606e-02,2.57361408952974521042755555663085e-01
6.37500000000000000000000000000000e+00,-4.03730613661485774750104076441861e-02,-1.50942773015991649940076065593358e-01,-6.71447744645049341674886666961382e-02,2.56149219978128124247703654107347e-01
6.39999999999999999999999999999998e+00,-4.41402692419884035977974281194563e-02,-1.50460305413543884693139529574637e-01,-6.07561797223224041218915148932796e-02,2.54921780325857691313207690161855e-01
6.42499999999999999999999999999996e+00,-4.78974793497087203158719020549025e-02,-1.50146698649545797686126628935208e-01,-5.43997799312290561403616238682668e-02,2.53555385290110105913862302532940e-01
6.44999999999999999999999999999999e+00,-5.16491270495585619513889521891118e-02,-1.50013530436640586166982822786080e-01,-4.80803467430972502299485664183516e-02,2.51953489294688624646998727883855e-01
6.47499999999999999999999999999992e+00,-5.53995167170996848948977363575211e-02,-1.50038735250633909164573280703567e-01,-4.18044732628101749852289148787226e-02,2.50069593831418634008407981253254e-01
6.50000000000000000000000000000000e+00,-5.91519914686869944390520782409466e-02,-1.50168361271486069286110301979661e-01,-3.55791485883672233856617660003384e-02,2.47918949685769617055840623944132e-01
6.52499999999999999999999999999998e+00,-6.29082133755580254037410433667763e-02,-1.50323548331110496769282827428355e-01,-2.94102127083659137645074324627376e-02,2.45576307265315915240620863888121e-01
6.54999999999999999999999999999996e+00,-6.66676749063589248019210687211256e-02,-1.50411802391678874106904268291513e-01,-2.33010424427414656121090442471842e-02,2.43160101856776849374220386411300e-01
6.57499999999999999999999999999999e+00,-7.04275289603080062297467132447642e-02,-1.50340863124638074786732032503506e-01,-1.72517694734660840208619051804681e-02,2.40806565928702778736049795854330e-01
6.59999999999999999999999999999992e+00,-7.41827755566832030591493099578690e-02,-1.50032988605999814974873110947061e-01,-1.12592128538330919902026890429062e-02,2.38639564035297495346797502320917e-01
6.62500000000000000000000000000000e+00,-7.79267871198272955830806195510382e-02,-1.49437410988350823600716854695474e-01,-5.31754864753672734451069390224834e-03,2.36742875990142132594704594995862e-01
6.64999999999999999999999999999998e+00,-8.16521014307636778104378864413468e-02,-1.48539035033180477450283222725912e-01,5.80424191731668648409230350388142e-04,2.35141048154820752597617902807498e-01
6.67499999999999999999999999999996e+00,-8.53513702890819761118054187346526e-02,-1.47362059326211316754065902046409e-01,6.44169382693485071400393964609077e-03,2.33793021136843880148284175817045e-01
6.69999999999999999999999999999999e+00,-8.90183283527336584215100254675283e-02,-1.45967966470039258378407219633146e-01,1.22714651939161296790696101057723e-02,2.32599973007126656982013671619171e-01
6.72499999999999999999999999999992e+00,-9.26486428720581184358544692848120e-02,-1.44448129916049485318078572212115e-01,1.80719504106729506148758904847306e-02,2.31425744763166426064086792005699e-01
6.75000000000000000000000000000000e+00,-9.62405206720381243325057879083171e-02,-1.42912020467692269197408732875447e-01,2.38417843999333990285170055454768e-02,2.30125478038929747280171027992927e-01
6.77499999999999999999999999999998e+00,-9.97949810737759783619463444818268e-02,-1.41472584756817458913029590595941e-01,2.95761961211309892510999580416729e-02,2.28576324608937467934320961758553e-01
6.79999999999999999999999999999996e+00,-1.03315748019447098493753736037866e-01,-1.40230749750299547241767379563731e-01,3.52679043628452399025073836225339e-02,2.26703696033995498114153507648559e-01
6.82499999999999999999999999999999e+00,-1.06808765746653863344206174513286e-01,-1.39261142609458154518966740179736e-01,4.09085539646032791928377365621015e-02,2.24497547484790887373135224416964e-01
6.84999999999999999999999999999992e+00,-1.10281393568305700999336472998291e-01,-1.38600990723711464206067062292961e-01,4.64903957744387425175595351816552e-02,2.22015331487607160476552230524422e-01
6.87500000000000000000000000000000e+00,-1.13741380239300471001733341395535e-01,-1.38243792277490148850329564625935e-01,5.20078636624108695534683656304200e-02,2.19371032418905151499315935162232e-01
6.89999999999999999999999999999998e+00,-1.17195751106333937896556913834662e-01,-1.38138752742875789232729269103243e-01,5.74587235340055144422187025404958e-02,2.16712551995562403225648091549847e-01
6.92499999999999999999999999999996e+00,-1.20649756836936509276958179529339e-01,-1.38196221137461589037788783073644e-01,6.28445575047727423222888263168292e-02,2.14192094146750321323406466027370e-01
6.94999999999999999999999999999999e+00,-1.24106027883974761982297455942505e-01,-1.38298521718573580799917686574468e-01,6.81704825959718612927604900834746e-02,2.11935593894290819905477150702521e-01
6.97499999999999999999999999999992e+00,-1.27564053596504128608434156365341e-01,-1.38314790596314636016589639910099e-01,7.34441586643001060769336988000818e-02,2.10017355098337731016249684515969e-01
7.00000000000000000000000000000000e+00,-1.31020062169711733702946702894284e-01,-1.38117837176396682438537819126347e-01,7.86742824103367066829474524455460e-02,2.08444919548581828320207868122454e-01
7.02499999999999999999999999999998e+00,-1.34467323919023655262902904017140e-01,-1.37600772613377518241983708377832e-01,8.38688648958051763882943669751297e-02,2.07157078865497936283801369504610e-01
7.04999999999999999999999999999996e+00,-1.37896844168179440491285949600012e-01,-1.36691223274576041795564889490063e-01,8.90336303729203312405169346032455e-02,2.06035319108677187518174909765548e-01
7.07499999999999999999999999999999e+00,-1.41298361782964845546844330199158e-01,-1.35361331027108758376716269542335e-01,9.41708480280159931655215468739335e-02,2.04926368538003433848738232261303e-01
7.09999999999999999999999999999992e+00,-1.44661531496855207581544811028570e-01,-1.33632328219947263976173696781205e-01,9.92788218391486514715853334319375e-02,2.03671396795231976172037188436262e-01
7.12500000000000000000000000000000e+00,-1.47977146232630282910104245299463e-01,-1.31573148383803954291437631218747e-01,1.04352134945316021644864367068459e-01,2.02136193656408853123061217197029e-01
7.14999999999999999999999999999998e+00,-1.51238250679280840292786785332872e-01,-1.29293211437392533941556388456820e-01,1.09382599570027773540190722726303e-01,2.00236563106800918529689997334851e-01
7.17499999999999999999999999999996e+00,-1.54441008980328480745440459774436e-01,-1.26930163702652890659648940609105e-01,1.14360730160621662362979766813471e-01,1.97954190056535728707119749091847e-01
7.19999999999999999999999999999999e+00,-1.57585216339424347714055105171112e-01,-1.24633934575193350267390002668702e-01,1.19277461218489995112269410589850e-01,1.95340131736491407535174326062797e-01
7.22499999999999999999999999999992e+00,-1.60674384701986208755852568941333e-01,-1.22548951774505931591624849914760e-01,1.24125789397269109917080523726781e-01,1.92505459299397267088871686861502e-01
7.25000000000000000000000000000000e+00,-1.63715383008188047928705888274677e-01,-1.20796660880455031297865849110556e-01,1.28902038094039389891331827234211e-01,1.89600969012362354436648332583648e-01
7.27499999999999999999999999999998e+00,-1.66717667292103019936570649151934e-01,-1.19460534313008019264539089895693e-01,1.33606516797863172710003626588154e-01,1.86789854410590347165045476177295e-01
7.29999999999999999999999999999996e+00,-1.69692187698502837803471771093438e-01,-1.18575475524529750693431605915938e-01,1.38243461652353357696736891330877e-01,1.84218428128497297817141630418747e-01
7.32499999999999999999999999999999e+00,-1.72650100424903800799805239626971e-01,-1.18122948186615340671587363363773e-01,1.42820275811402943813583272142897e-01,1.81990207342348962706116431377609e-01
7.34999999999999999999999999999992e+00,-1.75601436457272359075330853580432e-01,-1.18032394527666183800872407971111e-01,1.47346213460294464719800212794003e-01,1.80147925884637641289347809729409e-01
7.37500000000000000000000000000000e+00,-1.78553882924166418161173748832003e-01,-1.18188705722646238447572438935119e-01,1.51830747377847816608278846406045e-01,1.78666490565179849406585874957687e-01
7.39999999999999999999999999999998e+00,-1.81511817896281569745050611432376e-01,-1.18444808922050840767154018197972e-01,1.56281910533070037195566752378080e-01,1.77457875534174569830116632302439e-01
7.42499999999999999999999999999996e+00,-1.84475709172216413427410452240832e-01,-1.18637915316084842922118283227327e-01,1.60704900215273292363831813536069e-01,1.76386827604663057730479324619600e-01
7.44999999999999999999999999999999e+00,-1.87441946665996374734580598065812e-01,-1.18607639483415825608340170362362e-01,1.65101180945169226547748062452093e-01,1.75294412042915470729407969316371e-01
7.47499999999999999999999999999992e+00,-1.90403130818648873917586933328776e-01,-1.18214030110094427107541546564676e-01,1.69468230892796870990188083493242e-01,1.74025169397840797054966926457771e-01
7.50000000000000000000000000000000e+00,-1.93348789942597711275349622513218e-01,-1.17353539180248077480474671151295e-01,1.73799963028592739254436290889466e-01,1.72453171107046824393291351668651e-01
7.52499999999999999999999999999998e+00,-1.96266451768701248987611103685899e-01,-1.15971125532193225808075382565295e-01,1.78087737078805554786867017783228e-01,1.70502603877495773676956708903364e-01
7.54999999999999999999999999999996e+00,-1.99142953684297988861316577734095e-01,-1.14067070655303920739939449272014e-01,1.82321781256227920739308349009413e-01,1.68159584885799197231657057936745e-01
7.57499999999999999999999999999999e+00,-2.01965847613506741280351808657886e-01,-1.11697674519006983445870363328340e-01,1.86492779434394805768471742616814e-01,1.65473495870354975341389585764994e-01
7.59999999999999999999999999999992e+00,-2.04724743670383912163027261845756e-01,-1.08969728877758622837919674193463e-01,1.90593359202488065691127590058676e-01,1.62547931210473283658516329102262e-01
7.62500000000000000000000000000000e+00,-2.07412443670810452063753506339076e-01,-1.06029416000693181574067422789233e-01,1.94619240625158668666523566671104e-01,1.59523067271913810843263728566900e-01
7.64999999999999999999999999999998e+00,-2.10025740204186493163624968709735e-01,-1.03046925012382423658686525384698e-01,1.98569868492541104578828268220292e-01,1.56552594932624281864096249178663e-01
7.67499999999999999999999999999996e+00,-2.12565795332167361633423078394629e-01,-1.00198524819227682313054134952305e-01,2.02448440200926093958077794126666e-01,1.53779112256455706508354307422748e-01
7.69999999999999999999999999999999e+00,-2.15038059614366877416560619514031e-01,-9.76480470670897707410072250384856e-02,2.06261341273931886096557864519960e-01,1.51311958288274737706105393764490e-01
7.72499999999999999999999999999992e+00,-2.17451741341259444229971019287591e-01,-9.55297270843453816117916424082914e-02,2.10017094238159026255520650668303e-01,1.49210908093106212721116359724041e-01
7.75000000000000000000000000000000e+00,-2.19818882502949216196426582670230e-01,-9.39341599130755863734267465481331e-02,2.13724999424803422625807372884374e-01,1.47478072769466419888447767434069e-01
7.77499999999999999999999999999998e+00,-2.22153137959165645825274397222036e-01,-9.28987876126465696791090535837627e-02,2.17393687819321972918424571014852e-01,1.46058958523127311562592593107821e-01
7.79999999999999999999999999999996e+00,-2.24468384120076228677192911383830e-01,-9.24038721980092977170024279919230e-02,2.21029811439907869164910284156813e-01,1.44852173067315183050450361026829e-01
7.82499999999999999999999999999999e+00,-2.26777300531446773391806108303153e-01,-9.23743555524743315288404938237677e-02,2.24637066953682852902682632303285e-01,1.43725958064439286005185283675113e-01
7.84999999999999999999999999999992e+00,-2.29090070280950744971620269690397e-01,-9.26874044996222565481486870734735e-02,2.28215689775691137644452971635637e-01,1.42538765802920448648901575758721e-01
7.87500000000000000000000000000000e+00,-2.31413332541992108144302180027795e-01,-9.31848436272851460823872073731943e-02,2.31762479211450230023727596125016e-01,1.41160613528423891445905565163475e-01
7.89999999999999999999999999999998e+00,-2.33749493896186253141114414673808e-01,-9.36891598250173817636568337298915e-02,2.35271332941111310274386701344087e-01,1.39491985715637197209079866721996e-01
7.92499999999999999999999999999996e+00,-2.36096467122118233308034132913000e-01,-9.40213885690594986900147401818251e-02,2.38734194044236282062130205356596e-01,1.37477576317193034434890337648708e-01
7.94999999999999999999999999999999e+00,-2.38447861207106729739650846628927e-01,-9.40190130569856261753402880163642e-02,2.42142256717884915178212628514948e-01,1.35113061298916585643158439856470e-01
7.97499999999999999999999999999992e+00,-2.40793599637322056013421971345036e-01,-9.35520443891799178418636237567937e-02,2.45487245349330808811930999922681e-01,1.32444208453128430461476598528076e-01
8.00000000000000000000000000000000e+00,-2.43120900862866742926125840924294e-01,-9.25356918259108923929641757016406e-02,2.48762578886893139872477827219932e-01,1.29558786897946823446122377916507e-01
8.02499999999999999999999999999998e+00,-2.45415519839541042581576967801411e-01,-9.09384350437763177896896354234914e-02,2.51964257269909744913111857857403e-01,1.26572760388173677510325912661181e-01
8.04999999999999999999999999999996e+00,-2.47663126028975912266748645961369e-01,-8.87848142621484428030508339603792e-02,2.55091353839858899217161037823738e-01,1.23612996125374854086955836488804e-01
8.07499999999999999999999999999984e+00,-2.49850682877946770826168577794372e-01,-8.61527923884257898176238939802016e-02,2.58146059053552695762860221580022e-01,1.20799103621464654450000774350704e-01
8.10000000000000000000000000000002e+00,-2.51967696691057679496784190605525e-01,-8.31660575019461697334959164764519e-02,2.61133286823375751992510209646113e-01,1.18227005243389152651562330109571e-01
8.12500000000000000000000000000000e+00,-2.54007217808508764658840410015319e-01,-7.99820835771732638645602761678743e-02,2.64059915764484354038079940532909e-01,1.15956459673585682736757277703929e-01
8.14999999999999999999999999999998e+00,-2.55966502184589151740667716596364e-01,-7.67771303294113595756169910699702e-02,2.66933785246078401869424967469372e-01,1.14004090242541630606727898560202e-01
8.17499999999999999999999999999996e+00,-2.57847274505000850742772528286487e-01,-7.37296264387787463275930419804968e-02,2.69762594568603381655644259346062e-01,1.12342625017319027744939307340769e-01
8.19999999999999999999999999999984e+00,-2.59655572198994152537135704594773e-01,-7.10035272070919043558878753948825e-02,2.72552860030131728497585010567684e-01,1.10906163465438565991358234689252e-01
8.22500000000000000000000000000002e+00,-2.61401189866519286374331544038705e-01,-6.87332420511091118432412357624365e-02,2.75309069528465586920451953657435e-01,1.09600470952984468379290642341430e-01
8.25000000000000000000000000000000e+00,-2.63096781855832703235588574768957e-01,-6.70115649833824346062328012897639e-02,2.78033141009957582730064112562895e-01,1.08316672517345330393825689743280e-01
8.27499999999999999999999999999998e+00,-2.64756712742690047262782680475457e-01,-6.58817116382717596589544523770437e-02,2.80724245100346509147096343120283e-01,1.06946343775092741714468247082987e-01
8.29999999999999999999999999999996e+00,-2.66395767501940349023822858612464e-01,-6.53341088950251729971056913994015e-02,2.83379000544185559120316331200439e-01,1.05395912872529518743835703045831e-01
8.32499999999999999999999999999984e+00,-2.68027842929491036946911245695268e-01,-6.53080733357564039888558556360714e-02,2.85992000877683679017611974433321e-01,1.03598486679086415266732522688327e-01
8.35000000000000000000000000000002e+00,-2.69664739151376823236176864038380e-01,-6.56980377332869236211558184634355e-02,2.88556588679226760349989449859271e-01,1.01521654225508981672362327789179e-01
8.37500000000000000000000000000000e+00,-2.71315156510024467162995507280863e-01,-6.63636013120270882439410438042972e-02,2.91065764939776105360506227400525e-01,9.91704284304101510880082218139400e-02
8.39999999999999999999999999999998e+00,-2.72983981397862542440713202389392e-01,-6.71424078900797846148231356776860e-02,2.93513108659173056958191406514763e-01,9.65851722880337700238469677770346e-02
8.42499999999999999999999999999996e+00,-2.74671917352214555702547959024758e-01,-6.78646808159451692197605806754330e-02,2.95893586418833459986813089187046e-01,9.38350216677431626023715161723196e-02
8.44999999999999999999999999999984e+00,-2.76375487055665664037890971842920e-01,-6.83681440551960370450113836773362e-02,2.98204151802201929142565595914088e-01,9.10078765512956594275224296405736e-02
8.47500000000000000000000000000002e+00,-2.78087398628100296195465697223725e-01,-6.85120339615664531342900419162630e-02,3.00444066587798813454200487042740e-01,8.81984193535572169472134309721120e-02
8.50000000000000000000000000000000e+00,-2.79797237873503709074402091092461e-01,-6.81889786501828795931030870537568e-02,3.02614914758123836148219435755680e-01,8.54957943083742560619559686669391e-02
8.52499999999999999999999999999998e+00,-2.81492419739278376835186313549166e-01,-6.73337170104915137201659910837692e-02,3.04720321102035118874407454509386e-01,8.29725377945394897309021147949149e-02
8.54999999999999999999999999999996e+00,-2.83159310311644915249251608665933e-01,-6.59279477171185090691401443040982e-02,3.06765423258636991607893766708856e-01,8.06761065954046288424383854603801e-02
8.57499999999999999999999999999984e+00,-2.84784417873692214997216943311862e-01,-6.40010009094204055241290726810971e-02,3.08756174991874653341828580619607e-01,7.86239526624635361606653652193936e-02
8.60000000000000000000000000000002e+00,-2.86355549158505004112850205660384e-01,-6.16264427872596328373251194581241e-02,3.10698576113834972814337919971442e-01,7.68025970871269646864094211329148e-02
8.62500000000000000000000000000000e+00,-2.87862834408920738610791010390358e-01,-5.89150865644515959365853144172534e-02,3.12597929171709265049209108736173e-01,7.51706285915106916880046583709266e-02
8.64999999999999999999999999999998e+00,-2.89299540242171494671279606421835e-01,-5.60051498494190699599315419043793e-02,3.14458214838081953208726699897233e-01,7.36650601787965827364404388564408e-02
8.67499999999999999999999999999996e+00,-2.90662610076665761168562119249768e-01,-5.30504643365379792282281779529055e-02,3.16281658577692131820999760998242e-01,7.22100826957315146725396418228832e-02
8.69999999999999999999999999999984e+00,-2.91952895735972347015291792897081e-01,-5.02077300789826676669066263532336e-02,3.18068533645978740055559189868803e-01,7.07270022842722085501344091162045e-02
8.72500000000000000000000000000002e+00,-2.93175069125381788510681700072087e-01,-4.76238360820326595816956143634850e-02,3.19817213742464491456489412987717e-01,6.91440647628246022175999725833880e-02
8.75000000000000000000000000000000e+00,-2.94337228260299309927211010729872e-01,-4.54242463157289251084747776983637e-02,3.21524456947362201568105404616454e-01,6.74049544702996628577698156371464e-02
8.77499999999999999999999999999998e+00,-2.95450235960967578533478139040105e-01,-4.37033620080430140939617134448279e-02,3.23185874893859679913286928902420e-01,6.54749864680452390580623862367627e-02
8.79999999999999999999999999999996e+00,-2.96526850356080644949121773351302e-01,-4.25176017283329749202850589195356e-02,3.24796520685276188363628431454097e-01,6.33443504248254545223567826098466e-02
8.82499999999999999999999999999984e+00,-2.97580721905171659400048885109207e-01,-4.18816925270478748111974066056797e-02,3.26351517950831766392809526393535e-01,6.10281625159634534812738720405004e-02
8.85000000000000000000000000000002e+00,-2.98625340289945897496357172137740e-01,-4.17683664717387719274258309967754e-02,3.27846652447764434242618482511257e-01,5.85634854935523905190172431503403e-02
8.87500000000000000000000000000000e+00,-2.99673015527104776359722727351302e-01,-4.21113526460791719277810004422989e-02,3.29278856278253225887748692705344e-01,5.60038377198247335395987398949948e-02
8.89999999999999999999999999999998e+00,-3.00733971458521406061220006376307e-01,-4.28112885835293668597923313760363e-02,3.30646531491991982945599520720226e-01,5.34119892170176170592719840996246e-02
8.92499999999999999999999999999996e+00,-3.01815617703436878786365383658357e-01,-4.37439731491588607080108010622352e-02,3.31949682122739214313157257400773e-01,5.08520082996921208421749006885332e-02
8.94999999999999999999999999999984e+00,-3.02922049911677429035396787952304e-01,-4.47702499710033885391672904789308e-02,3.33189848553393349638987804072911e-01,4.83815616307119512871424879989824e-02
8.97500000000000000000000000000002e+00,-3.04053809371885316077910089149462e-01,-4.57467384836194531357783846624376e-02,3.34369862343964985206793638761302e-01,4.60453847405401543235457116796630e-02
9.00000000000000000000000000000000e+00,-3.05207913093969305995713257465207e-01,-4.65366085104225754933184933937561e-02,3.35493460346605479079510737053322e-01,4.38706462810903710184966177312159e-02
9.02499999999999999999999999999998e+00,-3.06378145597532714357847682196859e-01,-4.70196189770093515510260209708996e-02,3.36564811732137722836827395449409e-01,4.18646580197937501541396735310965e-02
9.04999999999999999999999999999996e+00,-3.07555584933106905926510951393175e-01,-4.71007113956666396563112061352171e-02,3.37588019000201716114327018394929e-01,4.00150724500478247430770305583074e-02
9.07499999999999999999999999999984e+00,-3.08729319082665003488771229900296e-01,-4.67165644310310769224005499728106e-02,3.38566653681626396445434254312878e-01,3.82924016855027851029484361918017e-02
9.10000000000000000000000000000002e+00,-3.09887295943404360800521008273694e-01,-4.58396741456013063860241630615696e-02,3.39503379797843856700588147832948e-01,3.66544226132634488947723634623765e-02
9.12500000000000000000000000000000e+00,-3.11017241567046686102959204437427e-01,-4.44797170025301817445848540576200e-02,3.40399704602645210513912355303998e-01,3.50518342029279029709307099214016e-02
9.14999999999999999999999999999998e+00,-3.12107577889747994881902813812120e-01,-4.26821646628075187610155589721110e-02,3.41255878704178325897375973602012e-01,3.34344227905884696010543739557943e-02
9.17499999999999999999999999999996e+00,-3.13148273084462323127803694475864e-01,-4.05243305184230784336697542145078e-02,3.42070948688540843000963292556515e-01,3.17569771028843985695501550769223e-02
9.19999999999999999999999999999984e+00,-3.14131564577643594674243215680069e-01,-3.81092143380599143629098861832157e-02,3.42842947200922069620827499845563e-01,2.99842716928852976398502109281396e-02
9.22500000000000000000000000000002e+00,-3.15052505814119239499144910280680e-01,-3.55576531211501212708774598412247e-02,3.43569190186275734711701976919784e-01,2.80945899949130994127287283491093e-02
9.25000000000000000000000000000000e+00,-3.15909301756004109596167070427805e-01,-3.29993731506708230149239550518780e-02,3.44246640264084758111212204783178e-01,2.60814633714475850520871295722523e-02
9.27499999999999999999999999999998e+00,-3.16703413510209028663108653180314e-01,-3.05635737086101064878368500106124e-02,3.44872289986289567649686455126505e-01,2.39535326944244651173010695193285e-02
9.29999999999999999999999999999996e+00,-3.17439428266223041333210377275603e-01,-2.83696702303075724688047969960668e-02,3.45443519266460387530038075510082e-01,2.17326653814688774102812770243680e-02
9.32499999999999999999999999999984e+00,-3.18124706120789779295977559036896e-01,-2.65187974159168600570365735425158e-02,3.45958387137719986341006353770092e-01,1.94506570003865222827685373956909e-02
9.35000000000000000000000000000002e+00,-3.18768829836033365201036280675508e-01,-2.50866254895680245783379753782619e-02,3.46415828164925341654795198061846e-01,1.71449915101932510150850209256783e-02
9.37500000000000000000000000000000e+00,-3.19382896549780167480312291458309e-01,-2.41179683765030228856853652722874e-02,3.46815736832682873636113787727866e-01,1.48542140886374615044023317386532e-02
9.39999999999999999999999999999998e+00,-3.19978701103446708198132576718693e-01,-2.36235496139312583296756907058287e-02,3.47158937340081957041558136539127e-01,1.26134797008064289486545152997749e-02
9.42499999999999999999999999999996e+00,-3.20567867935305105221652091642496e-01,-2.35791367885830073417562970876009e-02,3.47447049709351513274124879273740e-01,1.04507821849102766963681984762146e-02
9.44999999999999999999999999999984e+00,-3.21160991482277066560975749788000e-01,-2.39270713885311146205921811281581e-02,3.47682274397131553381924670172897e-01,8.38425413226689077158087847883827e-03
9.47500000000000000000000000000002e+00,-3.21766843354510319024027251061855e-01,-2.45800362588981146018333959578242e-02,3.47867125497425939766294501015743e-01,6.42077535075723679133178327680389e-03
9.50000000000000000000000000000000e+00,-3.22391698572525338503137510459499e-01,-2.54267478836893465197905233196865e-02,3.48004146463621354069243212957290e-01,4.55595890893443724234045701255012e-03
9.52499999999999999999999999999998e+00,-3.23038823891363686139380043979979e-01,-2.63391531080118144498080092242282e-02,3.48095641919931965312876165949544e-01,2.77542022162568567743803385342899e-03
9.54999999999999999999999999999996e+00,-3.23708159866847071992731575147796e-01,-2.71806468161261887181462803617372e-02,3.48143454950998086225366447529360e-01,1.05709475431307821966185185515042e-03
9.57499999999999999999999999999984e+00,-3.24396215750998633472370346398786e-01,-2.78147910735448906488220575947527e-02,3.48148812023647271468455429257500e-01,-6.25732779560978015376821017643817e-04
9.59999999999999999999999999999992e+00,-3.25096182985407368722151535380600e-01,-2.81139909512941038221134888510484e-02,3.48112248449745555272508249547477e-01,-2.30108220031630826148496217860760e-03
9.62500000000000000000000000000000e+00,-3.25798259206616119510629070207755e-01,-2.79675664700770429060549814791248e-02,3.48033617225361245289610799501658e-01,-3.99501808973539736718742631849926e-03
9.64999999999999999999999999999998e+00,-3.26490160701683523531348397455705e-01,-2.72886698595565547909622994543981e-02,3.47912174373958101827197135728747e-01,-5.72884248579510530285827850589983e-03
9.67499999999999999999999999999996e+00,-3.27157788073761286074653442297856e-01,-2.60195540085166927277227657985450e-02,3.47746725667761492954464785874275e-01,-7.51702879707158858193110878276072e-03
9.69999999999999999999999999999984e+00,-3.27785998830784458711773844883980e-01,-2.41348110623405383923749224108657e-02,3.47535813668038641882857900027365e-01,-9.36607958744809103702825856059937e-03
9.72499999999999999999999999999992e+00,-3.28359432994532811048784160956613e-01,-2.16423572923872622231474075889014e-02,3.47277920957319295168603561024249e-01,-1.12743703551616574977072593927966e-02
9.75000000000000000000000000000000e+00,-3.28863334393919419179942667789890e-01,-1.85821123668151017230455797289148e-02,3.46971665395643230173203238817763e-01,-1.32329224152264110675607094769714e-02
9.77499999999999999999999999999998e+00,-3.29284311027273794373799123711809e-01,-1.50224778032019414790641778927294e-02,3.46615965989453782673707337737631e-01,-1.52269453346073066016435872722131e-02
9.79999999999999999999999999999996e+00,-3.29610982133969216881240061748536e-01,-1.10548450717691510367276217325033e-02,3.46210162956600185900516713097345e-01,-1.72379142843515797183572258454367e-02
9.82499999999999999999999999999984e+00,-3.29834466642697050936392213712621e-01,-6.78646182883836105755631345168160e-03,3.45754082027285017392851640245425e-01,-1.92459062693323897761710097619368e-02
9.84999999999999999999999999999992e+00,-3.29948676935273122203709287245795e-01,-2.33206835836966393815356644794369e-03,3.45248040074857824227306398245499e-01,-2.12319124760632095108058743378998e-02
9.87500000000000000000000000000000e+00,-3.29950393154783028654188939812042e-01,2.19520582519500273616598551414122e-03,3.44692795985835667289085762085783e-01,-2.31798689764399271926396179379693e-02
9.89999999999999999999999999999998e+00,-3.29839106416841312702807823474970e-01,6.69312829211619183957427758179790e-03,3.44089456527823494093839551676480e-01,-2.50781992045913372119820604191156e-02
9.92499999999999999999999999999996e+00,-3.29616633778660637881933053036922e-01,1.10792369414321299678140071328875e-02,3.43439351289450628256324224726269e-01,-2.69207318121097949200363026235938e-02
9.94999999999999999999999999999984e+00,-3.29286522746643210118340404422926e-01,1.52987108494288630154503340195308e-02,3.42743893176037986573226946400014e-01,-2.87069382590842664636838345312580e-02
9.97499999999999999999999999999992e+00,-3.28853277195484647799382352533467e-01,1.93307089366807212940314983702216e-02,3.42004441301146298236758770262543e-01,-3.04415163728917340618951310559482e-02
1.00000000000000000000000000000000e+01,-3.28321448580611465546773075948274e-01,2.31927511222347855128553907811694e-02,3.41222181511707688728308767320984e-01,-3.21334194148806507030043582024038e-02
1.00250000000000000000000000000000e+01,-3.27694645348938860024153722041144e-01,2.69428476431799439521330880752239e-02,3.40398036548906341560409616025208e-01,-3.37944863686303873464413707979375e-02
1.00500000000000000000000000000000e+01,-3.26974519076794595479309193018528e-01,3.06792206153848200940601522825277e-02,3.39532613487668044976788428554249e-01,-3.54378623060775545797403950609852e-02
1.00749999999999999999999999999998e+01,-3.26159788074330441312030773290071e-01,3.45375955866155597461049589761078e-02,3.38626191225812792819323214615888e-01,-3.70764056078369642346632026768539e-02
1.00999999999999999999999999999999e+01,-3.25245358165876278163061090503796e-01,3.86861665212655139643129236399603e-02,3.37678746027506166959477548745683e-01,-3.87212630723355321961741562360664e-02
1.01250000000000000000000000000000e+01,-3.24221596267080669637288384999025e-01,4.33184569418128159600848084187739e-02,3.36690009004804545896390496777738e-01,-4.03807589971696622181706100411445e-02
1.01500000000000000000000000000000e+01,-3.23073805377729489014672262137011e-01,4.86444133192750031804246759354759e-02,3.35659546351771411235216252301811e-01,-4.20596962388106193129347594486431e-02
1.01750000000000000000000000000000e+01,-3.21781939885405996564923928671942e-01,5.48801698950610660004046097042594e-02,3.34586851373419846216019651957033e-01,-4.37591126579277089278936473833748e-02
1.01999999999999999999999999999999e+01,-3.20320587992510503613903319582912e-01,6.22370080125517208779791479359023e-02,3.33471436958446645627775794474390e-01,-4.54764816519898817301166760072025e-02
1.02250000000000000000000000000000e+01,-3.18659234248058093935998674692921e-01,7.09100875078959960861475293930517e-02,3.32312918058622731096102761941947e-01,-4.72062964809232267334437490634938e-02
1.02500000000000000000000000000000e+01,-3.16762800427758176780161815669335e-01,8.10675450101753547792073081980240e-02,3.31111075752579648292420461699396e-01,-4.89409396842283188752561625878100e-02
1.02750000000000000000000000000000e+01,-3.14592448336655862926720282669453e-01,9.28405313883082708087477039727734e-02,3.29865897275225855946765644222941e-01,-5.06717146125690353679851693139224e-02
1.03000000000000000000000000000000e+01,-3.12106614479599452402808848927657e-01,1.06314701070511543121507573722354e-01,3.28577589606170276522139469071707e-01,-5.23899077679503965851558924306191e-02
1.03249999999999999999999999999998e+01,-3.09262234785968245546747951813277e-01,1.21523577596081640717116596125935e-01,3.27246567430332812490737134421142e-01,-5.40877581246122441020854282073421e-02
1.03500000000000000000000000000000e+01,-3.06016108271737927636185280474688e-01,1.38444113600950973651125814952450e-01,3.25873419138049110379155511461739e-01,-5.57592308590559629938593656540950e-02
1.03750000000000000000000000000000e+01,-3.02326341977135580316608099584321e-01,1.56994650413199419897852181356621e-01,3.24458856718042493705821270618038e-01,-5.74005243880545221731229673019221e-02
1.04000000000000000000000000000000e+01,-2.98153815800831662619192017771865e-01,1.77035369894344039429166795441899e-01,3.23003656715028997356464774748935e-01,-5.90102767416679161008246765883356e-02
1.04250000000000000000000000000000e+01,-2.93463604915147296614811791500974e-01,1.98371221049038432008351326873605e-01,3.21508599794681545614894231415487e-01,-6.05894751592032322025778710834289e-02
1.04499999999999999999999999999999e+01,-2.88226299252286285744734815672324e-01,2.20757194317538623294733340986409e-01,3.19974415923489264243254192562272e-01,-6.21411067360231426679123427793664e-02
1.04749999999999999999999999999999e+01,-2.82419164109034716620649380871980e-01,2.43905706293663097817518039866424e-01,3.18401740877441780856850675800357e-01,-6.36696141977523834919432438492088e-02
1.05000000000000000000000000000000e+01,-2.76027093197009635530188020099162e-01,2.67495751602721108392567343624016e-01,3.16791087966916842595930595929045e-01,-6.51802370450482406987835860028568e-02
1.05250000000000000000000000000000e+01,-2.69043315227247222034868393486809e-01,2.91183388501063796171239556355757e-01,3.15142836770660015680871255977651e-01,-6.66783236254358202721185130840340e-02
1.05500000000000000000000000000000e+01,-2.61469826783926358095894131517794e-01,3.14613064541148007072497478556215e-01,3.13457238574162404493039924741713e-01,-6.81686948736345550540259168007911e-02
1.05749999999999999999999999999998e+01,-2.53317536933056044886604558730064e-01,3.37429267186574047544538889359440e-01,3.11734436339482506231008693705502e-01,-6.96551272954274544611772509631261e-02
1.05999999999999999999999999999999e+01,-2.44606121761932117718891752796157e-01,3.59287999438773075998188962496376e-01,3.09974495575329044737565575639080e-01,-7.11400035330607761829041639910519e-02
1.06250000000000000000000000000000e+01,-2.35363599076740401777487939259626e-01,3.79867620336880118135977983835304e-01,3.08177441549830904571140038089768e-01,-7.26241559422224691515929430174697e-02
1.06500000000000000000000000000000e+01,-2.25625644371124028727079582576116e-01,3.98878640229562834888436536850684e-01,3.06343297955423744095578377884140e-01,-7.41069044632233955534299361975898e-02
1.06750000000000000000000000000000e+01,-2.15434678781219977415430527993731e-01,4.16072113150423941321983056584490e-01,3.04472122395044400681613286840887e-01,-7.55862672364353436742341981671589e-02
1.06999999999999999999999999999998e+01,-2.04838767988803444843149028795986e-01,4.31246326040618711010882926056223e-01,3.02564034845098368579321342675135e-01,-7.70593035503040315098288830676206e-02
1.07249999999999999999999999999999e+01,-1.93890377688732143774185970842115e-01,4.44251555898067743812996730267255e-01,3.00619236432846818257404680203929e-01,-7.85225362154894569689615783698657e-02
1.07500000000000000000000000000000e+01,-1.82645035856572915364910191888301e-01,4.54992757402955336035763205521106e-01,2.98638017263324320697585673726460e-01,-7.99723958282183284059323533836905e-02
1.07750000000000000000000000000000e+01,-1.71159954159180617595375700253366e-01,4.63430151209852177750287610704241e-01,2.96620753443175582837274698093860e-01,-8.14056326651182188453057392994438e-02
1.08000000000000000000000000000000e+01,-1.59492660207277452727113483245816e-01,4.69577792520693791063843999504523e-01,2.94567894693920882230327989326867e-01,-8.28196516759560144613471702662011e-02
1.08249999999999999999999999999999e+01,-1.47699689136603958894762935231329e-01,4.73500293220519915630269094067770e-01,2.92479944893419076073123003650136e-01,-8.42127397934932573281929596099545e-02
1.08500000000000000000000000000000e+01,-1.35835377777642598326396997231902e-01,4.75307937756709928529123829683417e-01,2.90357438463027370113211298923421e-01,-8.55841700714019906704510800532016e-02
1.08750000000000000000000000000000e+01,-1.23950798115743211651879393511244e-01,4.75150473878119975777031406217582e-01,2.88200915715813088289909370130369e-01,-8.69341821133229500011194223512972e-02
1.09000000000000000000000000000000e+01,-1.12092859386571269170118660556336e-01,4.73209884282159268096334188038395e-01,2.86010900121943642531946179176088e-01,-8.82638517381291465226553657150868e-02
1.09250000000000000000000000000000e+01,-1.00303600252290445381828557056058e-01,4.69692464788446754881444715621447e-01,2.83787879977194906315193941815395e-01,-8.95748741003764992501737205239281e-02
1.09499999999999999999999999999998e+01,-8.86196841347399480712370343587561e-02,4.64820552106799712450082434648529e-01,2.81532296244081544873382293441780e-01,-9.08692927562896770671978078858028e-02
1.09750000000000000000000000000000e+01,-7.70721020592235474989249834790253e-02,4.58824253399359462353538681756211e-01,2.79244537459604042007726914943084e-01,-9.21492114641700807558402917129679e-02
1.10000000000000000000000000000000e+01,-6.56860786279193469568213400331288e-02,4.51933520164590762290972514970814e-01,2.76924941679506874435601403891644e-01,-9.34165250303182657138480269007836e-02
1.10250000000000000000000000000000e+01,-5.44811685641332757665771445698686e-02,4.44370873993038307464502151342262e-01,2.74573804578768670251960601506012e-01,-9.46727001763362903895043622070716e-02
1.10500000000000000000000000000000e+01,-4.34715242646711815250968722739885e-02,4.36345034306780753979803110912779e-01,2.72191392163156925174012301776279e-01,-9.59186281869443202433909403743008e-02
1.10749999999999999999999999999999e+01,-3.26663094001636075457155059064266e-02,4.28045629335144486369704580796740e-01,2.69777956141988642369184569874615e-01,-9.71545598534549541407464358244087e-02
1.10999999999999999999999999999999e+01,-2.20702299310690385265626767487895e-02,4.19639104116848909140361588482351e-01,2.67333749891602967376445887786604e-01,-9.83801220630332937236835156504252e-02
1.11250000000000000000000000000000e+01,-1.16841518125275030569829632423805e-02,4.11265881008308438653930437891838e-01,2.64859043078202159329346959976129e-01,-9.95944059532774253661027167035583e-02
1.11500000000000000000000000000000e+01,-1.50577390118315198053776072583701e-03,4.03038779065474652623839909787910e-01,2.62354133352225598524737928100084e-01,-1.00796109683543922672423170691475e-01
1.11749999999999999999999999999999e+01,8.46967501972718332311534531618889e-03,3.95042653814391445254658465741570e-01,2.59819354007944555639486376115535e-01,-1.01983714672311863818088325735949e-01
1.11999999999999999999999999999998e+01,1.82487446571314234191462749993916e-02,3.87335173837590971346738238882170e-01,2.57255077057444531160131361666318e-01,-1.03155672399174985236091024848700e-01
1.12249999999999999999999999999999e+01,2.78391039659364785491445334408024e-02,3.79948605273131746254501280667512e-01,2.54661711738691917177839799575288e-01,-1.04310579405478327812017961360773e-01
1.12500000000000000000000000000000e+01,3.72489373955587336501365226570638e-02,3.72892434476972394888662820102694e-01,2.52039699006323329708334598294797e-01,-1.05447320911276532414481912224625e-01
1.12750000000000000000000000000000e+01,4.64864151253704197507737800314132e-02,3.66156629216441553846496421358475e-01,2.49389502985842971408124506078890e-01,-1.06565168381149449858557051906276e-01
1.13000000000000000000000000000000e+01,5.55592505845871613477766036752463e-02,3.59715324414597544533147776635414e-01,2.46711600658694712665227719612779e-01,-1.07663822950136040316946817218860e-01
1.13249999999999999999999999999998e+01,6.44743531951857264870682085173773e-02,3.53530720311309649137271437683766e-01,2.44006471156178812078754521413323e-01,-1.08743403958734479081989836006670e-01
1.13499999999999999999999999999999e+01,7.32375791406170577776403722340266e-02,3.47556996006465777293106507371035e-01,2.41274585969811014699809932882302e-01,-1.09804388788093942184309950339520e-01
1.13750000000000000000000000000000e+01,8.18535783210034546609178122993978e-02,3.41744064924338364520342053137782e-01,2.38516401158223505505371499831207e-01,-1.10847515676956689131666568747640e-01
1.14000000000000000000000000000000e+01,9.03257316581715268309112806011462e-02,3.36041026100506426692337515363494e-01,2.35732352291694571613913803796036e-01,-1.11873664576382810665705316919788e-01
1.14250000000000000000000000000000e+01,9.86561696114556064578128320156790e-02,3.30399193108343725064331130277510e-01,2.32922852480911619790425857545850e-01,-1.12883732179116540588858871735061e-01
1.14499999999999999999999999999999e+01,1.06845860152637654011251175083204e-01,3.24774609749512354953095353996864e-01,2.30088293441865255418898362422608e-01,-1.13878516262531443691466215766409e-01
1.14750000000000000000000000000000e+01,1.14894752517394192170722503008033e-01,3.19129989127430894456005456997781e-01,2.27229049200549664614268824979068e-01,-1.14858621850072004111148607757769e-01
1.15000000000000000000000000000000e+01,1.22801961828410742050663985121154e-01,3.13436042199486311310515890597588e-01,2.24345481773649533255215744698814e-01,-1.15824397965362185813887436521803e-01
1.15250000000000000000000000000000e+01,1.30565979239251909361669139350097e-01,3.07672194471349201487668659008823e-01,2.21437947995017201940457508732904e-01,-1.16775909484568857428490794877958e-01
1.15500000000000000000000000000000e+01,1.38184892645678216997036930151135e-01,3.01826723878723357235373317534289e-01,2.18506806599278284381416073527774e-01,-1.17712944304990468843476598994333e-01
1.15749999999999999999999999999998e+01,1.45656604250035499015545014715230e-01,2.95896384907353820904289544638207e-01,2.15552424718325228104329339605684e-01,-1.18635052159859762604548530471508e-01
1.16000000000000000000000000000000e+01,1.52979033213691639143290179921351e-01,2.89885607975659576982337209511032e-01,2.12575183079928356660868691782655e-01,-1.19541608208984996856408628223970e-01
1.16250000000000000000000000000000e+01,1.60150294032322468059555973154604e-01,2.83805374899034545969696064644159e-01,2.09575479400540289425663402916462e-01,-1.20431892212421860931428703036050e-01
1.16500000000000000000000000000000e+01,1.67168843805255766882599020997719e-01,2.77671870934876941277136987062392e-01,2.06553729712580678740014966521479e-01,-1.21305172817142048282022318734098e-01
1.16750000000000000000000000000000e+01,1.74033593991727342103735559776086e-01,2.71505006133568232651324282358645e-01,2.03510367631642116849298408495894e-01,-1.22160786435408600141553287806644e-01
1.16999999999999999999999999999999e+01,1.80743984451793120132898496209310e-01,2.65326890106067893987768994887233e-01,2.00445841818627122146600187972005e-01,-1.22998201493297047402403143546961e-01
1.17249999999999999999999999999999e+01,1.87300019600737464953816856700333e-01,2.59160339216671659709678830068145e-01,1.97360612092450983556930489738867e-01,-1.23817061394784503728514225845625e-01
1.17500000000000000000000000000000e+01,1.93702268451847165443345221230146e-01,2.53027492808990607323394515411955e-01,1.94255144773401878318671982296436e-01,-1.24617202969974441723580845846325e-01
1.17750000000000000000000000000000e+01,1.99951832189109510827901909495987e-01,2.46948610074805672183634621262768e-01,1.91129907872491112479948516644525e-01,-1.25398650762114965627966188059113e-01
1.18000000000000000000000000000000e+01,2.06050284556406176415583549498368e-01,2.40941105873187441330368098495551e-01,1.87985366693654006980797774702194e-01,-1.26161590517985099536321567427552e-01
1.18249999999999999999999999999998e+01,2.11999591535306786056795730857703e-01,2.35018860814915319965457042416766e-01,1.84821980304722400598084461939524e-01,-1.26906327200964769510290225789373e-01
1.18499999999999999999999999999999e+01,2.17802017316908941424793870225492e-01,2.29191813061046017510753344145638e-01,1.81640199187458514260799432063340e-01,-1.27633233704802906378196314891607e-01
1.18750000000000000000000000000000e+01,2.23460023437718282737322383859773e-01,2.23465815002535613567090541355217e-01,1.78440464220427109874963247487768e-01,-1.28342696527046695022347356716821e-01
1.19000000000000000000000000000000e+01,2.28976167329647537209645494011644e-01,2.17842724026247627297821611028603e-01,1.75223206995371705529586960182820e-01,-1.29035064353628069733291973963868e-01
1.19250000000000000000000000000000e+01,2.34353005710489704169056718534216e-01,2.12320693593500079221807564520588e-01,1.71988851325009762877566074139303e-01,-1.29710604977225875829141115624394e-01
1.19499999999999999999999999999998e+01,2.39593007426885902430617666199693e-01,2.06894633300911035401340038373145e-01,1.68737815674594521975069930090749e-01,-1.30369475082990176848868472814476e-01
1.19749999999999999999999999999999e+01,2.44698479594071082955861338298835e-01,2.01556806885077095807751773864872e-01,1.65470516153594495928104145435222e-01,-1.31011705931049667952049526085162e-01
1.20000000000000000000000000000000e+01,2.49671510038245357978468671811484e-01,1.96297531191294134190320800805643e-01,1.62187369654224541011277868842343e-01,-1.31637205792579829909369179296145e-01
1.20250000000000000000000000000000e+01,2.54513927998375200635672767966242e-01,1.91105929185819560479869548713411e-01,1.58888796733525248633446912157496e-01,-1.32245777499485118737212162566228e-01
1.20500000000000000000000000000000e+01,2.59227283765743842584724075570430e-01,1.85970682872172083257953149099086e-01,1.55575223905438057567617581773365e-01,-1.32837147295415261615901454194922e-01
1.20749999999999999999999999999999e+01,2.63812846585195298240744037692025e-01,1.80880733669473300831265769113867e-01,1.52247085122471970302513889607694e-01,-1.33410999942908152309516325862345e-01
1.21000000000000000000000000000000e+01,2.68271618962301749058446439159518e-01,1.75825889600314572798448475539464e-01,1.48904822355664358021820631387159e-01,-1.33967014980233420214950106130079e-01
1.21250000000000000000000000000000e+01,2.72604364718375594965755090936765e-01,1.70797315862526281303496697329177e-01,1.45548885299765463812137482219511e-01,-1.34504899868568613167777155478308e-01
1.21500000000000000000000000000000e+01,2.76811647754414637968534033677339e-01,1.65787900778029641833192178382028e-01,1.42179730322070670315110214836150e-01,-1.35024416967951086641962972518783e-01
1.21750000000000000000000000000000e+01,2.80893878407676038865768308746220e-01,1.60792497662058761645110858768445e-01,1.38797818835966601555127750763576e-01,-1.35525402344489291935971264502643e-01
1.21999999999999999999999999999999e+01,2.84851364328682731884641580893836e-01,1.55808044874662925218882220190084e-01,1.35403615319961654854075136481998e-01,-1.36007775199558444576930217153439e-01
1.22250000000000000000000000000000e+01,2.88684362851299121611083184932092e-01,1.50833565569868768343818142773125e-01,1.31997585224620118159880014974313e-01,-1.36471537416947176603736296097869e-01
1.22500000000000000000000000000000e+01,2.92393131880501485844294700057021e-01,1.45870050580826892746824300255753e-01,1.28580193011791898172022632209953e-01,-1.36916763621205517755230920680277e-01
1.22750000000000000000000000000000e+01,2.95977976485258040792606459036575e-01,1.40920234728516702791895825930430e-01,1.25151900546519693450808893218440e-01,-1.37343583297693004538804700100204e-01
1.23000000000000000000000000000000e+01,2.99439288764098360760356826626337e-01,1.35988286720779462687743120255307e-01,1.21713166008069527853272452813506e-01,-1.37752157695648946984829851079297e-01
1.23249999999999999999999999999999e+01,3.02777579170229341141785274823086e-01,1.31079441313756425794094798698124e-01,1.18264443407563749425715226530595e-01,-1.38142655002331877776802656244238e-01
1.23499999999999999999999999999999e+01,3.05993498254341049905479886759647e-01,1.26199605712547554211147392062379e-01,1.14806182710285231075914447320156e-01,-1.38515227323409381116053558900406e-01
1.23750000000000000000000000000000e+01,3.09087848557756004655372653767868e-01,1.21354969344966836957344201188977e-01,1.11338830479706836696149092601535e-01,-1.38869992319880014931359142070166e-01
1.24000000000000000000000000000000e+01,3.12061587034514743763498308393282e-01,1.16551639255473287147590089601825e-01,1.07862830902799642995234970372013e-01,-1.39207021221979131522156064284509e-01
1.24249999999999999999999999999999e+01,3.14915818840868394049961190334395e-01,1.11795315906580588920609228328966e-01,1.04378627028191484675603452357861e-01,-1.39526333769007366716643099167064e-01
1.24499999999999999999999999999998e+01,3.17651783627643136275121690978954e-01,1.07091018847300434382920727487031e-01,1.00886662047169218428077157998759e-01,-1.39827899709692277427194678392139e-01
1.24749999999999999999999999999999e+01,3.20270835671707146320673941370604e-01,1.02442869238260710631450453890263e-01,9.73873804644585702705273445855699e-02,-1.40111645921995873341577731056174e-01
1.25000000000000000000000000000000e+01,3.22774419347555189441012180271595e-01,9.78539355162630869849248531547133e-02,9.38812290336946749390187365355602e-02,-1.40377467879889808968149377962890e-01
1.25250000000000000000000000000000e+01,3.25164041589458384729992228241042e-01,9.33261476616844273975956561479835e-02,9.03686573672155258413804475410281e-02,-1.40625243970038087174188471317160e-01
1.25500000000000000000000000000000e+01,3.27441243104810809176475267449508e-01,8.88602830574415396580946002507743e-02,8.68501181696356013274699219431655e-02,-1.40854850978271253408597699643472e-01
1.25749999999999999999999999999998e+01,3.29607570119760562239943457136212e-01,8.44560222704966213719287652436752e-02,8.33260670882565277127533617014039e-02,-1.41066178960341187796016768770670e-01
1.25999999999999999999999999999999e+01,3.31664548320459474923442532780518e-01,8.01120669180287156950649441902442e-02,7.97969622177134373443344001031505e-02,-1.41259143771232253723559771320784e-01
1.26250000000000000000000000000000e+01,3.33613660378868111093089119555469e-01,7.58263057543911991301829198414565e-02,7.62632633362647634589188567777411e-02,-1.41433695818363628234261744591983e-01
1.26500000000000000000000000000000e+01,3.35456328050462679587367441188718e-01,7.15960112682723464600577244883109e-02,7.27254309808716634413880876664824e-02,-1.41589824126642779639656363956434e-01
1.26750000000000000000000000000000e+01,3.37193899377943697821370884088118e-01,6.74180488930341119115432175825701e-02,6.91839254826349382420904162504728e-02,-1.41727555488381949304251561824777e-01
1.26999999999999999999999999999999e+01,3.38827641125281354268360675237458e-01,6.32890843903287739599402297392623e-02,6.56392060806244779851635362589721e-02,-1.41846949199020511871789753793038e-01
1.27250000000000000000000000000000e+01,3.40358736271407289543605693943804e-01,5.92057802395630888031615310682094e-02,6.20917302113803085351956453538377e-02,-1.41948088505072307397892130932689e-01
1.27500000000000000000000000000000e+01,3.41788286222389159251701064846837e-01,5.51649761141572031189790127867659e-02,5.85419530377599557537619963131906e-02,-1.42031070274468154588571182851510e-01
1.27750000000000000000000000000000e+01,3.43117317298582322730326609646009e-01,5.11638495871796662384459875271324e-02,5.49903272416617458821017942200052e-02,-1.42095994454768026570763244561266e-01
1.28000000000000000000000000000000e+01,3.44346790934640789732072600347106e-01,4.72000511393180857947840850259957e-02,5.14373030687440706367521232647642e-02,-1.42142954626139532396122844774178e-01
1.28249999999999999999999999999999e+01,3.45477616844603469457157196949997e-01,4.32718048087178152971177821969002e-02,4.78833285859987048638626818754662e-02,-1.42172030513492542865769232546976e-01
1.28500000000000000000000000000000e+01,3.46510668178083702946363506427347e-01,3.93779657557649459585160483186520e-02,4.43288500971016267855833245084475e-02,-1.42183282888695199874576400929411e-01
1.28750000000000000000000000000000e+01,3.47446797521947066742260626295440e-01,3.55180304232871976608937888893661e-02,4.07743126535199005821268118310389e-02,-1.42176751019458227650505873602484e-01
1.29000000000000000000000000000000e+01,3.48286852587268106453101951856356e-01,3.16921026038439908675980887501213e-02,3.72201605969250110791167054462966e-02,-1.42152452719631676561507036523714e-01
1.29250000000000000000000000000000e+01,3.49031690599849130925753649775096e-01,2.79008258418952890789754299972651e-02,3.36668380676739593860091112716174e-02,-1.42110386996827318823649469905245e-01
1.29499999999999999999999999999999e+01,3.49682190720138348851058831366400e-01,2.41452954146646357431954637510314e-02,3.01147894161398800085875886340753e-02,-1.42050539107498803590538512560413e-01
1.29749999999999999999999999999999e+01,3.50239264125322315291841844038141e-01,2.04269604733243564164177665703785e-02,2.65644594628444846034288018628450e-02,-1.41972887452863769183101630271842e-01
1.30000000000000000000000000000000e+01,3.50703861579259415781657094404909e-01,1.67475211381594014578102605520815e-02,2.30162935732700823450691378000071e-02,-1.41877411302666632125753137539643e-01
1.30250000000000000000000000000000e+01,3.51076978370510026357715367442978e-01,1.31088207430216951007081380455324e-02,1.94707375426130876295356329093236e-02,-1.41764098064335068952268721642684e-01
1.30499999999999999999999999999999e+01,3.51359656491509933209510517986467e-01,9.51273328310928881539916807730910e-03,1.59282373172906924403796236187426e-02,-1.41632948925390472110698319688871e-01
1.30749999999999999999999999999998e+01,3.51552983980956228242276074494557e-01,5.96105034622376107910915189386204e-03,1.23892386037120547064436582692094e-02,-1.41483982188337489729916526805357e-01
1.30999999999999999999999999999999e+01,3.51658091527759372183274574621419e-01,2.45537702856367762343855229596101e-03,8.85418642363432148171173016381144e-03,-1.41317234265065065377193665021820e-01
1.31250000000000000000000000000000e+01,3.51676146707858181247124312138285e-01,-1.00295167963322463610337666062050e-03,5.32352466945114201839699401418447e-03,-1.41132758788472599388936719631850e-01
1.31500000000000000000000000000000e+01,3.51608346480863672907024154584193e-01,-4.41292586440676626263809206710175e-03,1.79769569886204281281544140343545e-03,-1.40930624435250988572990290659719e-01
1.31750000000000000000000000000000e+01,3.51455908692421910874190275252020e-01,-7.77388587311939801732913869900263e-03,-1.72286000465325679507419824622839e-03,-1.40710911879823074426591723656274e-01
1.31999999999999999999999999999998e+01,3.51220063266738674282736439374701e-01,-1.10855232561169587645295800742552e-02,-5.23770408634699636750875603694782e-03,-1.40473710055155111395077881377879e-01
1.32249999999999999999999999999999e+01,3.50902043591649011686574611294711e-01,-1.43478656329391697097334735096144e-02,-8.74640047354189599075500166020867e-03,-1.40219111833103564827788070599054e-01
1.32500000000000000000000000000000e+01,3.50503078415114505151017099085554e-01,-1.75612513851290483532365624951623e-02,-1.22485154165087491336144910215300e-02,-1.39947209432899503983817664617318e-01
1.32750000000000000000000000000000e+01,3.50024384483692509029542494204507e-01,-2.07262953548228855142856821717854e-02,-1.57436174172634173878232029726230e-02,-1.39658090172536258933429630803132e-01
1.33000000000000000000000000000000e+01,3.49467160173099020442287701415108e-01,-2.38438433671163391744957113902962e-02,-1.92312770645986714554335136801446e-02,-1.39351833334518380201555461435912e-01
1.33249999999999999999999999999999e+01,3.48832580417758453726932889026341e-01,-2.69149138849281958841483347083197e-02,-2.27110668115422166393479400624685e-02,-1.39028508749109788064412394842167e-01
1.33500000000000000000000000000000e+01,3.48121793243287844002219817986752e-01,-2.99406290184944677281292087117555e-02,-2.61825607411526213936330056956774e-02,-1.38688177244238893460457149798754e-01
1.33750000000000000000000000000000e+01,3.47335918090425739323660504953345e-01,-3.29221416411224018252298156964914e-02,-2.96453343636439666949186536490503e-02,-1.38330892600130320520795044548997e-01
1.34000000000000000000000000000000e+01,3.46476045916622702204943786671045e-01,-3.58605674319555502450529927499347e-02,-3.30989644742814221246086006002041e-02,-1.37956704338742274918245753649889e-01
1.34250000000000000000000000000000e+01,3.45543240854981352423058926269508e-01,-3.87569290017787613206017729597932e-02,-3.65430290843202882463263486082279e-02,-1.37565660693481583843463509731181e-01
1.34499999999999999999999999999999e+01,3.44538543082272513789312534172831e-01,-4.16121150278260948361839127797651e-02,-3.99771074238553283222007604011578e-02,-1.37157811359015355904188700463496e-01
1.34750000000000000000000000000000e+01,3.43462972530820826457144230754736e-01,-4.44268530984135464496580802837564e-02,-4.34007800092024021032263483761461e-02,-1.36733209903821651870850113273337e-01
1.35000000000000000000000000000000e+01,3.42317533142914298589432772181650e-01,-4.72016929255068183987981216625640e-02,-4.68136287665406644513334741599788e-02,-1.36291915857509820487997530640144e-01
1.35250000000000000000000000000000e+01,3.41103217446098649139599048935138e-01,-4.99369972447048265294430934623055e-02,-5.02152372033560439283930578658263e-02,-1.35833996423519411130284849569838e-01
1.35500000000000000000000000000000e+01,3.39821011267770553217939922367511e-01,-5.26329399351008660427113926068160e-02,-5.36051906161510436316562204753994e-02,-1.35359527624787175360911826660190e-01
1.35749999999999999999999999999999e+01,3.38471898392288989036178514541630e-01,-5.52895128252598440295783768260937e-02,-5.69830763169206023996181046279029e-02,-1.34868594622765711056615284131018e-01
1.35999999999999999999999999999999e+01,3.37056864919077995996705796185538e-01,-5.79065429821291937355381894973471e-02,-6.03484838552862829742577134037762e-02,-1.34361291047447425863183471583454e-01
1.36250000000000000000000000000000e+01,3.35576903050685725648987907769852e-01,-6.04837208223227567548667705729568e-02,-6.37010052118597614281656855800750e-02,-1.33837717405007821297749312001656e-01
1.36500000000000000000000000000000e+01,3.34033014061218358433977241903741e-01,-6.30206369652057863642220892387014e-02,-6.70402349432552795245838217386570e-02,-1.33297978872546930070918302927230e-01
1.36750000000000000000000000000000e+01,3.32426210276538272755103668598506e-01,-6.55168235994324792010720297438770e-02,-7.03657702689550651124302329548466e-02,-1.32742182928241102556192683223163e-01
1.36999999999999999999999999999998e+01,3.30757516017578453462380453815606e-01,-6.79717952673443423689539831754831e-02,-7.36772111015485552129583773397012e-02,-1.32170437249978213645372363097775e-01
1.37249999999999999999999999999999e+01,3.29027967578764343956596565345489e-01,-7.03850847656134855601420989550921e-02,-7.69741600311145470414808674509194e-02,-1.31582848176560533819444301217477e-01
1.37500000000000000000000000000000e+01,3.27238612396401672464458276741691e-01,-7.27562719562376749736520593785002e-02,-8.02562222795198492394939067129923e-02,-1.30979519838503943376043329795258e-01
1.37750000000000000000000000000000e+01,3.25390507585592953907328950666089e-01,-7.50850057254810733234562015577658e-02,-8.35230056409483142010480883880972e-02,-1.30360553904878126984693468059707e-01
1.38000000000000000000000000000000e+01,3.23484717994936338319822130658295e-01,-7.73710209568990103415695551803907e-02,-8.67741204223482379519481064458043e-02,-1.29726049803388217565976121360432e-01
1.38249999999999999999999999999998e+01,3.21522313877948776011593878991817e-01,-7.96141523876472598794154731380945e-02,-9.00091793936621928342570911928684e-02,-1.29076105262318570844886096658551e-01
1.38499999999999999999999999999999e+01,3.19504368250933255013630152193558e-01,-8.18143456490197216808131155875282e-02,-9.32277977544872413064857100883469e-02,-1.28410817073936660169130564027589e-01
1.38750000000000000000000000000000e+01,3.17431954026742083908796442431520e-01,-8.39716636895587524211662608650202e-02,-9.64295931221789600059659188447546e-02,-1.27730282045857025354081290808446e-01
1.39000000000000000000000000000000e+01,3.15306141076696200027111084402381e-01,-8.60862856621558614939770607236056e-02,-9.96141855460942720522911823232762e-02,-1.27034598137771221291894012541446e-01
1.39250000000000000000000000000000e+01,3.13127993438714787006598900054840e-01,-8.81584962824211345605504854064792e-02,-1.02781197552254403594025981264194e-01,-1.26323865741010673566855689624309e-01
1.39499999999999999999999999999999e+01,3.10898566907120447360490166704353e-01,-9.01886664174970916639759979059321e-02,-1.05930254220438605486732318072103e-01,-1.25598188957372333017518155750201e-01
1.39750000000000000000000000000000e+01,3.08618907180383106200775807729654e-01,-9.21772287099938440775591671899817e-02,-1.09060983290754647551903105082111e-01,-1.24857676632958048954954970020545e-01
1.40000000000000000000000000000000e+01,3.06290048625183718735294498144834e-01,-9.41246534384184648208325262362066e-02,-1.12173015290150735498441901335118e-01,-1.24102442885498647857916139148969e-01
1.40250000000000000000000000000000e+01,3.03913013595953206517199560365181e-01,-9.60314285416325504840951181203687e-02,-1.15265983663963387559809146234355e-01,-1.23332606977441232742327283908011e-01
1.40500000000000000000000000000000e+01,3.01488812189762212322953667885402e-01,-9.78980445095013038278687490379086e-02,-1.18339524896480020444607494359131e-01,-1.22548292598908638559573175834511e-01
1.40749999999999999999999999999999e+01,2.99018442340830145370947684331351e-01,-9.97249817608715465066527598396287e-02,-1.21393278608817263129603758731372e-01,-1.21749626826647401229392247572597e-01
1.41000000000000000000000000000000e+01,2.96502890235182208029291806095636e-01,-1.01512697269246970900940413295937e-01,-1.24426887630352653632302123875963e-01,-1.20936739098677039159843631668530e-01
1.41250000000000000000000000000000e+01,2.93943131087203918256789631421772e-01,-1.03261609131473414487101011853356e-01,-1.27439998047479660317871080350693e-01,-1.20109760443067031512009896885862e-01
1.41500000000000000000000000000000e+01,2.91340130310421660588340906352727e-01,-1.04972081105643801868259001105117e-01,-1.30432259236834306447825850954261e-01,-1.19268822989437435840834160917132e-01
1.41750000000000000000000000000000e+01,2.88694845030511284101884592642580e-01,-1.06644411433064563538456176771795e-01,-1.33403323888385378649003843520085e-01,-1.18414059614573976556140577813811e-01
1.41999999999999999999999999999999e+01,2.86008225780814759659543320885250e-01,-1.08278829749267562226615955538303e-01,-1.36352848019381099225509497977716e-01,-1.17545603548667044285905958537163e-01
1.42249999999999999999999999999999e+01,2.83281218161431659827066479361291e-01,-1.09875502775744587879709254886097e-01,-1.39280490977321032969865459053114e-01,-1.16663587907157946428131148751033e-01
1.42500000000000000000000000000000e+01,2.80514764274080087950455251191931e-01,-1.11434545797428203998130344378993e-01,-1.42185915431754134555828265102963e-01,-1.15768145305413659858668390878695e-01
1.42750000000000000000000000000000e+01,2.77709803848648574653942102098123e-01,-1.12956035105105311117459508753129e-01,-1.45068787360151463916928143176465e-01,-1.14859407805905279129004519797210e-01
1.42999999999999999999999999999999e+01,2.74867275088884134428503270391791e-01,-1.14440017742882243655983079656092e-01,-1.47928776038546120360159070451470e-01,-1.13937507354906198482417769159966e-01
1.43249999999999999999999999999998e+01,2.71988115317358291011548296213847e-01,-1.15886518105734719043648629876391e-01,-1.50765554048783287561899764282458e-01,-1.13002576636193991422360051719713e-01
1.43499999999999999999999999999999e+01,2.69073261470656132564546469499402e-01,-1.17295543886040206609733923435107e-01,-1.53578797309460540847108767701849e-01,-1.12054750053274762578996106489613e-01
1.43750000000000000000000000000000e+01,2.66123650418755233818322324386957e-01,-1.18667094565505609796172953960327e-01,-1.56368185129294254806862344741989e-01,-1.11094164495197686338653561985674e-01
1.44000000000000000000000000000000e+01,2.63140219022617998264624354180082e-01,-1.20001173745594236004391129851870e-01,-1.59133400274468540672015460855119e-01,-1.10120959681374839450350646621785e-01
1.44250000000000000000000000000000e+01,2.60123903850350815939905247602087e-01,-1.21297803569189323164175551105560e-01,-1.61874129039424046596499347601890e-01,-1.09135278121136988097937703291846e-01
1.44499999999999999999999999999998e+01,2.57075640545614621303227413792280e-01,-1.22557037467997249784438204832417e-01,-1.64590061313997340954715812264781e-01,-1.08137264903899972068533036223865e-01
1.44749999999999999999999999999999e+01,2.53996362936832411367461928150468e-01,-1.23778967810217518627263700644718e-01,-1.67280890645720837154804528738831e-01,-1.07127067545987307298486927171566e-01
1.45000000000000000000000000000000e+01,2.50887002033968161170622994532620e-01,-1.24963727391018371210561545037825e-01,-1.69946314300100160480981297887691e-01,-1.06104835974225175273521312831668e-01
1.45250000000000000000000000000000e+01,2.47748485049845173524326376804179e-01,-1.26111486465725024638946129566953e-01,-1.72586033321288899523727615379628e-01,-1.05070722544328775203921720149192e-01
1.45500000000000000000000000000000e+01,2.44581734518696492775844221831649e-01,-1.27222448431905792102253343137279e-01,-1.75199752591674263731032234324686e-01,-1.04024881908824781720498364949342e-01
1.45749999999999999999999999999999e+01,2.41387667511262029251653576199922e-01,-1.28296846630668154843875512808898e-01,-1.77787180884864888633844451990904e-01,-1.02967470619739207082060416279304e-01
1.45999999999999999999999999999999e+01,2.38167194908002147202489173229928e-01,-1.29334942744701264415073100310469e-01,-1.80348030905753018798966626973411e-01,-1.01898646518619019336030555461053e-01
1.46250000000000000000000000000000e+01,2.34921220705893610078937889114908e-01,-1.30337025368344185372735340056453e-01,-1.82882019314639345294442133135589e-01,-1.00818568110516687285973025942430e-01
1.46500000000000000000000000000000e+01,2.31650641380998686067102345919479e-01,-1.31303406701064865752188753812040e-01,-1.85388866737928546502032997730807e-01,-9.97273941436626401344011842063029e-02
1.46750000000000000000000000000000e+01,2.28356345371555231870441249451980e-01,-1.32234416196786680677351441193243e-01,-1.87868297772340914726084251306043e-01,-9.86252835134441334064999667297447e-02
1.46999999999999999999999999999999e+01,2.25039212754826922349120132396521e-01,-1.33130391668720139604267936075973e-01,-1.90320040990555361305713289004359e-01,-9.75123954518380465803010881453653e-02
1.47250000000000000000000000000000e+01,2.21700115159401606886474740528788e-01,-1.33991669729439253681058910381711e-01,-1.92743828953621403811634457132472e-01,-9.63888898502470682592584854362345e-02
1.47500000000000000000000000000000e+01,2.18339915900819324401906391663532e-01,-1.34818577794772091111566094371020e-01,-1.95139398231315742503804834081184e-01,-9.52549275519118648936661297821891e-02
1.47750000000000000000000000000000e+01,2.14959470280363244822336830082372e-01,-1.35611429130149513917206878086362e-01,-1.97506489428373339079600666476838e-01,-9.41106705264701113525675899568030e-02
1.48000000000000000000000000000000e+01,2.11559625966401144880959408340862e-01,-1.36370521077598132094449517292206e-01,-1.99844847213654517039976513047140e-01,-9.29562819412134688641821078168910e-02
1.48249999999999999999999999999999e+01,2.08141223390504465397202875598472e-01,-1.37096135388635957148460839447367e-01,-2.02154220350597988380683704798351e-01,-9.17919262069173578580025201647972e-02
1.48499999999999999999999999999999e+01,2.04705096125820100631952026566395e-01,-1.37788539063752005250889677584259e-01,-2.04434361729345527938727920323594e-01,-9.06177690730193301190728226475838e-02
1.48750000000000000000000000000000e+01,2.01252071252365379139265517172887e-01,-1.38447984453067669712287741220409e-01,-2.06685028402174520754838127132863e-01,-8.94339777931071264971803643254882e-02
1.49000000000000000000000000000000e+01,1.97782969733120789269412622318629e-01,-1.39074708382247034653358294777820e-01,-2.08905981623553269196924376905231e-01,-8.82407213165775438936844176767005e-02
1.49250000000000000000000000000000e+01,1.94298606815967930697506376128301e-01,-1.39668931193905558095067497274962e-01,-2.11096986894450603185201271221553e-01,-8.70381704227263279560726213064011e-02
1.49499999999999999999999999999998e+01,1.90799792444878374763585325409241e-01,-1.40230857204456701446656640405835e-01,-2.13257814008396030766182937247077e-01,-8.58264977176098892728621248491555e-02
1.49749999999999999999999999999999e+01,1.87287331628287057952523005628104e-01,-1.40760677753753575498918442435455e-01,-2.15388237095295125444351874149345e-01,-8.46058774590488724938255846789645e-02
1.50000000000000000000000000000000e+01,1.83762024696787256358535544045358e-01,-1.41258576849882542001035975138512e-01,-2.17488034658969379222628979928122e-01,-8.33764852421886517667356442864687e-02
1.50250000000000000000000000000000e+01,1.80224667400486210607913044962789e-01,-1.41724738009007966557975185974875e-01,-2.19556989606009604336057703479940e-01,-8.21384976382100171013071393270490e-02
1.50500000000000000000000000000000e+01,1.76676050843172790999134319620359e-01,-1.42159350129515633311344036500270e-01,-2.21594889266244681081453889861936e-01,-8.08920919020384942375834871112818e-02
1.50749999999999999999999999999999e+01,1.73116961301353528389835679097118e-01,-1.42562610692862425190247796919322e-01,-2.23601525407744067972593332092157e-01,-7.96374458337302486527172868923597e-02
1.50999999999999999999999999999999e+01,1.69548180001266185903902125396750e-01,-1.42934726082547743585329535051155e-01,-2.25576694250482990880886986111920e-01,-7.83747378018475264626474570166403e-02
1.51250000000000000000000000000000e+01,1.65970482910353829298411398279232e-01,-1.43275910459347735105257398617265e-01,-2.27520196481913805374678049438322e-01,-7.71041468542193526337953601070725e-02
1.51500000000000000000000000000000e+01,1.62384640551945440332313347394899e-01,-1.43586385336960319847348593843652e-01,-2.29431837275188196324166196826131e-01,-7.58258528022033012991790590880028e-02
1.51750000000000000000000000000000e+01,1.58791417805100845938805870593252e-01,-1.43866381238688623033795239469402e-01,-2.31311426308204783264656077167142e-01,-7.45400361982624595018990920063742e-02
1.51999999999999999999999999999999e+01,1.55191573638667512552150595697709e-01,-1.44116141042036502316711838101143e-01,-2.33158777780731389326289963841174e-01,-7.32468782165818392198996670972438e-02
1.52249999999999999999999999999999e+01,1.51585860760360055758622831165778e-01,-1.44335923033148718866014094486382e-01,-2.34973710428286746488420071610245e-01,-7.19465605339045442610201257952502e-02
1.52500000000000000000000000000000e+01,1.47975025217867072134401374415929e-01,-1.44526001429614072244521288667636e-01,-2.36756047534348752102452902867381e-01,-7.06392653290466571960755021867930e-02
1.52750000000000000000000000000001e+01,1.44359806031030578329276818160835e-01,-1.44686663441349251950361721124171e-01,-2.38505616944723922373038859929581e-01,-6.93251754523002010236650170716152e-02
1.53000000000000000000000000000000e+01,1.40740934931550829156511118103565e-01,-1.44818203976135128613943361193957e-01,-2.40222251087744272955112921813070e-01,-6.80044747004372489224561627685231e-02
1.53249999999999999999999999999999e+01,1.37119136238845595649716852991747e-01,-1.44920920471401341649821645279730e-01,-2.41905787001129498983095572633649e-01,-6.66773480486184169659819704560696e-02
1.53499999999999999999999999999999e+01,1.33495126838157590529577618703482e-01,-1.44995110092168560723915514016908e-01,-2.43556066362539923353716582167980e-01,-6.53439817004179864895457278649466e-02
1.53750000000000000000000000000000e+01,1.29869616190594057758114388832075e-01,-1.45041069838964484830159146220113e-01,-2.45172935518555723634011134909052e-01,-6.40045629209751822526113711807185e-02
1.54000000000000000000000000000000e+01,1.26243306317288689470830531500805e-01,-1.45059098133624338311853244305928e-01,-2.46756245507641433049543932667196e-01,-6.26592797484121778346649064538145e-02
1.54250000000000000000000000000000e+01,1.22616891750290046929894694494033e-01,-1.45049495554107814762101717651825e-01,-2.48305852076094603484095503644825e-01,-6.13083207463154510779254415457983e-02
1.54499999999999999999999999999999e+01,1.18991059494383178933831148196737e-01,-1.45012563158760140652347349984250e-01,-2.49821615689737349592852963707878e-01,-5.99518749184883665144335204579526e-02
1.54749999999999999999999999999999e+01,1.15366489060404782295388988257193e-01,-1.44948598693391396619180693390217e-01,-2.51303401545681332095510613009787e-01,-5.85901317860202852248360780168286e-02
1.55000000000000000000000000000000e+01,1.11743852600781481584074135403763e-01,-1.44857892596334017102150010301218e-01,-2.52751079586922702007318301501153e-01,-5.72232815115651250142578050380183e-02
1.55250000000000000000000000000000e+01,1.08123815123271562456529920306613e-01,-1.44740725999584638474192621859863e-01,-2.54164524519057467251381941694292e-01,-5.58515149269651063230001876626119e-02
1.55500000000000000000000000000000e+01,1.04507034716797109968877520468991e-01,-1.44597371726439830659478044940634e-01,-2.55543615825598046468969098435701e-01,-5.44750233959816494703319566423476e-02
1.55749999999999999999999999999998e+01,1.00894162721271459264292163296977e-01,-1.44428097481640760776469672293731e-01,-2.56888237778236607140240128947669e-01,-5.30939985677900154819082877816902e-02
1.55999999999999999999999999999999e+01,9.72858438107330236606329610197526e-02,-1.44233169251227790717134900834413e-01,-2.58198279441018138184522499634377e-01,-5.17086321604367115148466848031113e-02
1.56250000000000000000000000000000e+01,9.36827160092722444075315523589627e-02,-1.44012853104591614622340007993322e-01,-2.59473634670896054474357255193409e-01,-5.03191158991695876950009917844303e-02
1.56500000000000000000000000000000e+01,9.00854106893191738911188678583150e-02,-1.43767414891995241969320690309846e-01,-2.60714202119115246220180812594172e-01,-4.89256416353401722677421444105131e-02
1.56750000000000000000000000000000e+01,8.64945525949859215297424740723766e-02,-1.43497118806797453301207692684153e-01,-2.61919885237011337108699739118623e-01,-4.75284015584751347881945423540327e-02
1.56999999999999999999999999999999e+01,8.29107598980440041174761205031811e-02,-1.43202226460823868551408453325806e-01,-2.63090592286809536445766942386454e-01,-4.61275883637326634019783218380482e-02
1.57249999999999999999999999999999e+01,7.93346442567672545178799810903410e-02,-1.42882997651892290640773797449442e-01,-2.64226236354918711287456104052541e-01,-4.47233952782951616646006484396882e-02
1.57500000000000000000000000000000e+01,7.57668108329169223472900039048135e-02,-1.42539692809773913132952670020338e-01,-2.65326735364007069027331699869876e-01,-4.33160159484017234936265436628657e-02
1.57750000000000000000000000000000e+01,7.22078582373118398962375955771337e-02,-1.42172576022372019421613346241979e-01,-2.66392012081368961802885220114624e-01,-4.19056442741111796210181904479957e-02
1.58000000000000000000000000000000e+01,6.86583784078022555127526985080248e-02,-1.41781917223651127617461983160827e-01,-2.67421994123664270561138823121757e-01,-4.04924742975471317158621606684089e-02
1.58249999999999999999999999999999e+01,6.51189564534622951208908466832527e-02,-1.41367992667710364247467178687762e-01,-2.68416613960203545477564002222777e-01,-3.90767001983584048097907412537345e-02
1.58499999999999999999999999999999e+01,6.15901705085448190463856595161114e-02,-1.40931083789765900821129040805449e-01,-2.69375808917274019313804952237055e-01,-3.76585163700544800632902166036783e-02
1.58750000000000000000000000000000e+01,5.80725916262161745695645698542411e-02,-1.40471475351308939430775747143144e-01,-2.70299521184569842767345731958569e-01,-3.62381174977562219442272929112981e-02
1.59000000000000000000000000000001e+01,5.45667837157175430789139342808002e-02,-1.39989453970974130386094212355050e-01,-2.71187697822734569879940898532120e-01,-3.48156985616553207856693547675783e-02
1.59250000000000000000000000000000e+01,5.10733035032682527001580925356988e-02,-1.39485307731313579830542174967531e-01,-2.72040290769710808935331549231022e-01,-3.33914547408182293488498546789175e-02
1.59499999999999999999999999999999e+01,4.75927004887717853758188860020875e-02,-1.38959326824860969259648956744596e-01,-2.72857256843740909862989091899879e-01,-3.19655812518425157568290990067427e-02
1.59749999999999999999999999999999e+01,4.41255168798765058890229386542882e-02,-1.38411804571511506296601212637346e-01,-2.73638557742224187207914670034363e-01,-3.05382731901294996992689453534049e-02
1.60000000000000000000000000000000e+01,4.06722875055001972738729262350552e-02,-1.37843037914289795023293106744978e-01,-2.74384160037312828085049251370698e-01,-2.91097254340541693684910808761131e-02
1.60249999999999999999999999999997e+01,3.72335397307436918733493751237821e-02,-1.37253326772938105003401342050743e-01,-2.75094035170198830406309591033093e-01,-2.76801326349057476533566763037767e-02
1.60500000000000000000000000000000e+01,3.38097934031705392079382042367948e-02,-1.36642972257651704328037936023386e-01,-2.75768159446051979815611563357345e-01,-2.62496892719107020256756498898936e-02
1.60750000000000000000000000000000e+01,3.04015608517466276158296031383085e-02,-1.36012274400042388771750722985439e-01,-2.76406514030649632665983518317277e-01,-2.48185897235394587325860425405276e-02
1.60999999999999999999999999999999e+01,2.70093469381320131656625815412612e-02,-1.35361530388885595379982296344938e-01,-2.77009084948437734691612680075620e-01,-2.33870283042049238172936487721720e-02
1.61250000000000000000000000000000e+01,2.36336491368340211887247832106738e-02,-1.34691034087299099205575148930684e-01,-2.77575863080731125028144163910761e-01,-2.19551992377504888144151845303393e-02
1.61499999999999999999999999999997e+01,2.02749576093094449789052035959582e-02,-1.34001076924384682943923987508514e-01,-2.78106844162485563622342825217211e-01,-2.05232965747333068616958761341304e-02
1.61750000000000000000000000000000e+01,1.69337552451007801123203259868082e-02,-1.33291949465359855201930580178760e-01,-2.78602028776683408551585863038645e-01,-1.90915140927444527470047481110931e-02
1.62000000000000000000000000000000e+01,1.36105176669030896444541167681880e-02,-1.32563942556282413135744012082780e-01,-2.79061422346563769159410958769509e-01,-1.76600452309509117114641845136072e-02
1.62249999999999999999999999999999e+01,1.03057132220138728437756839136137e-02,-1.31817347214938816342389139325339e-01,-2.79485035127046687404405343881840e-01,-1.62290830925259511164983831136540e-02
1.62500000000000000000000000000000e+01,7.01980299337169125292858188112351e-03,-1.31052453279854492052711316359596e-01,-2.79872882197054485950238703643268e-01,-1.47988205078611630157694058800292e-02
1.62749999999999999999999999999997e+01,3.75324085121968317644164389522074e-03,-1.30269547716892493205701867904027e-01,-2.80224983453696289532936684555372e-01,-1.33694501096373697759512075992648e-02
1.63000000000000000000000000000000e+01,5.06473538119410091303493325486066e-04,-1.29468913813751653891302823071704e-01,-2.80541363607784157240568639717948e-01,-1.19411643554000699108716756631407e-02
1.63250000000000000000000000000000e+01,-2.72005924600087954518763156556273e-03,-1.28650831995785373865856872239065e-01,-2.80822052178781096412801534004564e-01,-1.05141554587542986694579326041796e-02
1.63499999999999999999999999999999e+01,-5.92592479768574353554000046900918e-03,-1.27815581959447589511296417893334e-01,-2.81067083486975591752578465854608e-01,-9.08861524507737088546919606607637e-03
1.63750000000000000000000000000000e+01,-9.11069742161936196481640725439285e-03,-1.26963444930170965444550860076219e-01,-2.81276496641762657518586762289852e-01,-7.66473499768600204714734286297382e-03
1.63999999999999999999999999999996e+01,-1.22739584858064336818453413598793e-02,-1.26094704734583622197349968857042e-01,-2.81450335526794288768876962859188e-01,-6.24270537047341562096764976646805e-03
1.64250000000000000000000000000000e+01,-1.54152964814942132940318835248554e-02,-1.25209647144364143868259855730845e-01,-2.81588648784236440237101269934695e-01,-4.82271640240311994742701996477936e-03
1.64500000000000000000000000000000e+01,-1.85343070501141468080150262433353e-02,-1.24308558094736889828008134056048e-01,-2.81691489800412180111452252585785e-01,-3.40495760234458026398588233385632e-03
1.64749999999999999999999999999999e+01,-2.16305929655427646274597087632500e-02,-1.23391722118572619727556153023657e-01,-2.81758916693627790343267070870343e-01,-1.98961802478876165518275354288541e-03
1.65000000000000000000000000000000e+01,-2.47037640931559793518234131418865e-02,-1.22459422152532160405052100040214e-01,-2.81790992302941310933667876420418e-01,-5.76886262701658352776404373219526e-04
1.65249999999999999999999999999997e+01,-2.77534373646261143808274712017514e-02,-1.21511940890953654995439259743397e-01,-2.81787784175446606081138334886118e-01,8.33049658664872673706350416732295e-04
1.65500000000000000000000000000000e+01,-3.07792367972487799299948402515278e-02,-1.20549562769319546548371625604820e-01,-2.81749364550165220443015481269306e-01,2.24000243284732476976407208285699e-03
1.65750000000000000000000000000000e+01,-3.37807935560632682608611786218422e-02,-1.19572575209883246074553148129970e-01,-2.81675810338534191348105749443356e-01,3.64378558042052169214918287148961e-03
1.65999999999999999999999999999999e+01,-3.67577460273756727016138975014173e-02,-1.18581268256522112672290258609889e-01,-2.81567203103438541886594505957706e-01,5.04421345445472427667120093508235e-03
1.66250000000000000000000000000000e+01,-3.97097398637226471129609411486071e-02,-1.17575932803151176288074851346589e-01,-2.81423629039383707596868194831487e-01,6.44110115341379740794882585832705e-03
1.66499999999999999999999999999997e+01,-4.26364279780870760932970370053381e-02,-1.16556858527545946538458088368455e-01,-2.81245178955271120498663662775565e-01,7.83426441519970580491104674215095e-03
1.66750000000000000000000000000000e+01,-4.55374704964762512422866881533371e-02,-1.15524332771649643866206743517594e-01,-2.81031948259112100573390505749159e-01,9.22351957838342357182859109514577e-03
1.67000000000000000000000000000000e+01,-4.84125347014020404587652293701936e-02,-1.14478640910301509660163347885984e-01,-2.80784036942361732397845696235186e-01,1.06086836499261449516870205907926e-02
1.67249999999999999999999999999999e+01,-5.12612949993599584316315500579878e-02,-1.13420067737797979310410118200567e-01,-2.80501549561491151722051531301585e-01,1.19895744465460229144420783263091e-02
1.67500000000000000000000000000000e+01,-5.40834329242678608622230022622378e-02,-1.12348898770970660888141976523577e-01,-2.80184595215932385871206289254100e-01,1.33660107297960760287847869612468e-02
1.67749999999999999999999999999997e+01,-5.68786371615081361113654203746791e-02,-1.11265420509567975304203225429702e-01,-2.79833287523530800713310856466927e-01,1.47378122640955469461463425172359e-02
1.68000000000000000000000000000000e+01,-5.96466035621544148703562366022296e-02,-1.10169919455438702373394001659282e-01,-2.79447744595752247987111541447921e-01,1.61047997832747891751734893838212e-02
1.68250000000000000000000000000000e+01,-6.23870351230426197185438836083578e-02,-1.09062680521003390900592304690461e-01,-2.79028089014421933218528512490955e-01,1.74667949135809913030929960743753e-02
1.68499999999999999999999999999999e+01,-6.50996419299080220863084197565476e-02,-1.07943985810993126550528697318995e-01,-2.78574447810142909099110245577108e-01,1.88236201268985324293573396306977e-02
1.68750000000000000000000000000000e+01,-6.77841410827537605177978910943480e-02,-1.06814114459589219694407092888258e-01,-2.78086952440929845965294031251563e-01,2.01750987724556475209551125252744e-02
1.68999999999999999999999999999997e+01,-7.04402566311316173284026218596804e-02,-1.05673343508125798935472875008259e-01,-2.77565738769072755208899038435614e-01,2.15210551796890560716472099481299e-02
1.69250000000000000000000000000000e+01,-7.30677195382192566139459066983361e-02,-1.04521949195139814443264690970983e-01,-2.77010947035073088801933360613832e-01,2.28613147787701987825169302850069e-02
1.69500000000000000000000000000000e+01,-7.56662676737109490004516236348965e-02,-1.03360207865386394528711354643237e-01,-2.76422721829014645720387540598767e-01,2.41957041780107188948484490131250e-02
1.69749999999999999999999999999999e+01,-7.82356458190204047368403242316653e-02,-1.02188396027803430119271967950205e-01,-2.75801212060900608582097855099684e-01,2.55240511696552810692538020819496e-02
1.70000000000000000000000000000000e+01,-8.07756056634921551070788719278585e-02,-1.01006789647157456395396479583768e-01,-2.75146570931601502539439208641811e-01,2.68461846822734196587991046893191e-02
1.70249999999999999999999999999996e+01,-8.32859057784980206606764770846963e-02,-9.98156631890380687202044266817026e-02,-2.74458955905165457189264273506012e-01,2.81619347278748347274036886998025e-02
1.70500000000000000000000000000000e+01,-8.57663115711883268547155190909416e-02,-9.86152890268462786703551657653334e-02,-2.73738528682011858613588575319095e-01,2.94711323887740225222465618750164e-02
1.70750000000000000000000000000000e+01,-8.82165952321763559256951066531654e-02,-9.74059375622362827228639203708625e-02,-2.72985455171743987516815988858475e-01,3.07736098598586607856574500232568e-02
1.70999999999999999999999999999999e+01,-9.06365356949520060198779073103620e-02,-9.61878779878823727434695366367899e-02,-2.72199905464372236978327164363246e-01,3.20692005278211926763954174917386e-02
1.71250000000000000000000000000000e+01,-9.30259186182250688537889585043104e-02,-9.49613792694263827835833662015028e-02,-2.71382053799478094759420856567235e-01,3.33577390505379762447840472507028e-02
1.71499999999999999999999999999997e+01,-9.53845363898391228914718208116512e-02,-9.37267108133261492141650753093092e-02,-2.70532078533751419907377156394877e-01,3.46390614046250233783186295944742e-02
1.71750000000000000000000000000000e+01,-9.77121881392368036074310402823348e-02,-9.24841424609504794776184244069181e-02,-2.69650162107882165226908931656990e-01,3.59130048905144066447248174950697e-02
1.72000000000000000000000000000000e+01,-1.00008679740864493134625394081329e-01,-9.12339438138050192843745515436207e-02,-2.68736491013741851461817296449326e-01,3.71794081083390787655502590968651e-02
1.72249999999999999999999999999999e+01,-1.02273823795922340320838235076900e-01,-8.99763832643053543841153234170791e-02,-2.67791255762247979358516113316587e-01,3.84381109323322106192905929362480e-02
1.72500000000000000000000000000000e+01,-1.04507439592011766291920001318466e-01,-8.87117272810272334442905109146674e-02,-2.66814650851588325643880789015819e-01,3.96889545108640551297904750876115e-02
1.72749999999999999999999999999997e+01,-1.06709353052901423720215268502736e-01,-8.74402403626472003683086426262354e-02,-2.65806874734959027537289099259534e-01,4.09317813052640603121543559996600e-02
1.73000000000000000000000000000000e+01,-1.08879396696350931793204917067509e-01,-8.61621856814423300886006211807318e-02,-2.64768129786897887624647496773902e-01,4.21664351600059941155496305000738e-02
1.73250000000000000000000000000000e+01,-1.11017409612703713793899105936567e-01,-8.48778260008841962818939205024447e-02,-2.63698622267719334966129944742282e-01,4.33927613792536926513668851325474e-02
1.73499999999999999999999999999999e+01,-1.13123237463236590739713982249697e-01,-8.35874242455513780409290121419215e-02,-2.62598562286283183577474521874784e-01,4.46106067794223119129449462056558e-02
1.73750000000000000000000000000000e+01,-1.15196732483212815464461764738244e-01,-8.22912432838550038593686696887265e-02,-2.61468163761977227660145014712327e-01,4.58198196988330833146834013089453e-02
1.73999999999999999999999999999997e+01,-1.17237753469434993250183163847705e-01,-8.09895449724213948733161745759548e-02,-2.60307644386977289679852846499901e-01,4.70202499695227007524236339081142e-02
1.74250000000000000000000000000000e+01,-1.19246165739965648460292655368323e-01,-7.96825890045927711152680728200012e-02,-2.59117225589403983073721135127803e-01,4.82117488798783666248802869684413e-02
1.74500000000000000000000000000000e+01,-1.21221841070252283090014294610321e-01,-7.83706322688274474376815847118962e-02,-2.57897132497132723707790820623144e-01,4.93941691646975135934889432343731e-02
1.74749999999999999999999999999999e+01,-1.23164657624560403581333083911126e-01,-7.70539291190397772425387057320059e-02,-2.56647593901246283630018328329163e-01,5.05673650440252478754934517680214e-02
1.75000000000000000000000000000000e+01,-1.25074499904352903916860532154222e-01,-7.57327323666805788935461255426782e-02,-2.55368842217965516836252174020448e-01,5.17311923010615358071945089460596e-02
1.75249999999999999999999999999997e+01,-1.26951258723651656587113394194847e-01,-7.44072943167036840972953946266243e-02,-2.54061113448514925168757287369240e-01,5.28855083621325551043043609806630e-02
1.75500000000000000000000000000000e+01,-1.28794831202858604117930227190117e-01,-7.30778671290250093476541618963813e-02,-2.52724647137417476884902374083674e-01,5.40301723376061558193599038854804e-02
1.75750000000000000000000000000000e+01,-1.30605120759498733297472675379943e-01,-7.17447022383694306789437991454995e-02,-2.51359686330483789152529807692081e-01,5.51650450067207488457843439026910e-02
1.75999999999999999999999999999999e+01,-1.32382037075933418342431384751450e-01,-7.04080492092169297358879585878241e-02,-2.49966477533710299664630175702423e-01,5.62899887668717777871703266473351e-02
1.76250000000000000000000000000000e+01,-1.34125496039422122291848763106375e-01,-6.90681547956670163367842747335200e-02,-2.48545270673413463781487791313086e-01,5.74048675933378129042287864375250e-02
1.76499999999999999999999999999996e+01,-1.35835419668574446066373324869742e-01,-6.77252628422206225765691453002799e-02,-2.47096319056776690096447747622403e-01,5.85095470500240840451767181623752e-02
1.76750000000000000000000000000000e+01,-1.37511736049418093613719576615404e-01,-6.63796150904636700874264302288968e-02,-2.45619879331363985087444976825985e-01,5.96038943578833073456544082021388e-02
1.77000000000000000000000000000000e+01,-1.39154379297734194458500539490130e-01,-6.50314523440743037019926567816617e-02,-2.44116211442510836366723959091074e-01,6.06877784880952536592237260214875e-02
1.77249999999999999999999999999999e+01,-1.40763289546611613864588090392655e-01,-6.36810152131968879719277799486505e-02,-2.42585578588615269057099649746022e-01,6.17610702295718689593766303399102e-02
1.77500000000000000000000000000000e+01,-1.42338412941567542062415546121764e-01,-6.23285439614809427787109816402689e-02,-2.41028247175460278626205059412714e-01,6.28236421976265647556801814379588e-02
1.77749999999999999999999999999997e+01,-1.43879701621283831145278424351523e-01,-6.09742775947935558160156129803737e-02,-2.39444486771035668923696711109737e-01,6.38753687909135567633673805278250e-02
1.78000000000000000000000000000000e+01,-1.45387113672503202757938395777576e-01,-5.96184528297787989429153080630923e-02,-2.37834570061661970892295566830645e-01,6.49161261388379485350176371993049e-02
1.78250000000000000000000000000000e+01,-1.46860613065255396586139021427211e-01,-5.82613036288487750757203521025089e-02,-2.36198772809021666185633473462313e-01,6.59457920871002702423212546511722e-02
1.78499999999999999999999999999999e+01,-1.48300169587189540576310003134705e-01,-5.69030615745575622426649882675267e-02,-2.34537373806808408640541947984707e-01,6.69642462415349511964080087961690e-02
1.78750000000000000000000000000000e+01,-1.49705758795228403731559869843808e-01,-5.55439567840468260634691787835316e-02,-2.32850654835721305656143289302178e-01,6.79713700497935052749039294968927e-02
1.78999999999999999999999999999997e+01,-1.51077361990182448742705854344985e-01,-5.41842187257306694443559339812768e-02,-2.31138900616419298419671662002294e-01,6.89670468751976347047758245488215e-02
1.79250000000000000000000000000000e+01,-1.52414966204442612178457800239355e-01,-5.28240764042774754867405092788986e-02,-2.29402398761171340454224787324477e-01,6.99511620240224097128424403365561e-02
1.79500000000000000000000000000000e+01,-1.53718564184772822506565437516499e-01,-5.14637578240722018666871039220155e-02,-2.27641439725519880931810963891082e-01,7.09236027203312498016050148456889e-02
1.79749999999999999999999999999999e+01,-1.54988154356217326364269008232385e-01,-5.01034891071872819121683689453230e-02,-2.25856316760953071054626557218880e-01,7.18842580574875212510828049534152e-02
1.80000000000000000000000000000000e+01,-1.56223740765635671240920455886668e-01,-4.87434938263223106402432906465284e-02,-2.24047325868624579898116884279610e-01,7.28330189687867134706811533818293e-02
1.80249999999999999999999999999997e+01,-1.57425333015670890110552865675620e-01,-4.73839929263248169533149715269189e-02,-2.22214765753248062833757149347135e-01,7.37697782438680368754741306828681e-02
1.80500000000000000000000000000000e+01,-1.58592946204364390851106193540933e-01,-4.60252052076804306703646333212159e-02,-2.20358937776024500014944116326568e-01,7.46944305855127752119024092175889e-02
1.80750000000000000000000000000000e+01,-1.59726600880267184477405475038214e-01,-4.46673480055487178571805279283230e-02,-2.18480145905956354523436426701837e-01,7.56068726757511029597033256517685e-02
1.80999999999999999999999999999999e+01,-1.60826323012130550608178361114858e-01,-4.33106376193764371085764943338041e-02,-2.16578696669770297566479584299718e-01,7.65070032170829449649526297554805e-02
1.81250000000000000000000000000000e+01,-1.61892143963192339564712281483392e-01,-4.19552892443904888291090178684390e-02,-2.14654899101315499424211661352854e-01,7.73947229336749502186440745007726e-02
1.81499999999999999999999999999997e+01,-1.62924100457867910143968453080643e-01,-4.06015164746828216873004284323150e-02,-2.12709064691342178810530050507388e-01,7.82699345438346965960809730856596e-02
1.81750000000000000000000000000000e+01,-1.63922234533772460812517530525119e-01,-3.92495306879259993415777749096068e-02,-2.10741507338042906969360351784888e-01,7.91325427312548799691032041703299e-02
1.82000000000000000000000000000000e+01,-1.64886593480682016805136407077162e-01,-3.78995406600830531960011462933202e-02,-2.08752543298048954712428455114062e-01,7.99824541397984212110608964534585e-02
1.82249999999999999999999999999999e+01,-1.65817229775063652225697038216407e-01,-3.65517526014318868293797354201329e-02,-2.06742491137156022151473049633198e-01,8.08195773993723318928395931543101e-02
1.82500000000000000000000000000000e+01,-1.66714201020524815271818698518191e-01,-3.52063705609275610192339813445798e-02,-2.04711671680118670751463996851396e-01,8.16438231712101103238826265031153e-02
1.82749999999999999999999999999996e+01,-1.67577569900507239128293235978046e-01,-3.38635969500689484677124131241603e-02,-2.02660407959294803064587342719419e-01,8.24551041911017408093793469464246e-02
1.83000000000000000000000000000000e+01,-1.68407404142321964489277627831515e-01,-3.25236328845756009485297450135992e-02,-2.00589025162437772645743094624337e-01,8.32533352926406714634558390939123e-02
1.83250000000000000000000000000000e+01,-1.69203776485157350485519191244569e-01,-3.11866781503395885669368791914392e-02,-1.98497850580232165207027740195713e-01,8.40384334051912035216081243474219e-02
1.83499999999999999999999999999999e+01,-1.69966764642413847974016467216865e-01,-2.98529308107191357275908461020003e-02,-1.96387213554122294340651988164709e-01,8.48103175349705125539153096342369e-02
1.83750000000000000000000000000000e+01,-1.70696451251879033373641728606826e-01,-2.85225866770002189235266568536358e-02,-1.94257445424656668519984148221934e-01,8.55689087455161411320468556533325e-02
1.83999999999999999999999999999997e+01,-1.71392923814245605203636226324002e-01,-2.71958389514421922101372446750831e-02,-1.92108879480157962389006867680101e-01,8.63141301529585737350839062261787e-02
1.84250000000000000000000000000000e+01,-1.72056274627456649534763837944523e-01,-2.58728782642090603744508421642530e-02,-1.89941850905236722278460229646154e-01,8.70459069431325728189049460892309e-02
1.84500000000000000000000000000000e+01,-1.72686600727181540233914354062425e-01,-2.45538930973272018965870185403870e-02,-1.87756696728639125673471776349567e-01,8.77641664057561842557608273728169e-02
1.84750000000000000000000000000000e+01,-1.73284003840336537171524806267521e-01,-2.32390703463342328820300545287317e-02,-1.85553755770171325692024221782122e-01,8.84688379712281591503778272404514e-02
1.85000000000000000000000000000000e+01,-1.73848590350587823980135664492110e-01,-2.19285956657376237045979535249573e-02,-1.83333368586854069263208043453908e-01,8.91598532331501083558826086318624e-02
1.85249999999999999999999999999997e+01,-1.74380471266947452379581178291444e-01,-2.06226533601959421119180965477749e-02,-1.81095877418813570005347337104685e-01,8.98371459466839996297466446795428e-02
1.85500000000000000000000000000000e+01,-1.74879762184009268574024159376155e-01,-1.93214258646929362754220990652928e-02,-1.78841626135495352186288687180634e-01,9.05006520065468182778881672223537e-02
1.85750000000000000000000000000000e+01,-1.75346583227159615742787763793312e-01,-1.80250931300873725848820634265244e-02,-1.76570960182517606014184512003934e-01,9.11503094213447789088976739466014e-02
1.85999999999999999999999999999999e+01,-1.75781058985541570886956239680616e-01,-1.67338323091258331859001027511574e-02,-1.74284226528990649847771119647210e-01,9.17860583046084716561632570327016e-02
1.86250000000000000000000000000000e+01,-1.76183318443575603620281891925563e-01,-1.54478179540034728218073900965968e-02,-1.71981773614713440559902128788886e-01,9.24078408935567406370493803308006e-02
1.86499999999999999999999999999997e+01,-1.76553494922925764088078140957684e-01,-1.41672225994817839243517897638285e-02,-1.69663951296600567679580890314250e-01,9.30156015889156703635259851137215e-02
1.86750000000000000000000000000000e+01,-1.76891726039885478618985446763489e-01,-1.28922173399023099417362600059833e-02,-1.67331110794068080930918548526207e-01,9.36092869942411521483964947614460e-02
1.87000000000000000000000000000000e+01,-1.77198153672657472967451228893527e-01,-1.16229720016503551229327662375764e-02,-1.64983604633697433258187703195705e-01,9.41888459317856019347403474154930e-02
1.87249999999999999999999999999999e+01,-1.77472923926003648077195944224142e-01,-1.03596547793185589647525348824279e-02,-1.62621786593915512543129207905963e-01,9.47542294262571434030190511562549e-02
1.87500000000000000000000000000000e+01,-1.77716187082136167179632415321020e-01,-9.10243156695388615497698007839806e-03,-1.60246011650374201648794970039913e-01,9.53053906690596932549773273391310e-02
1.87749999999999999999999999999997e+01,-1.77928097535704117627428350914484e-01,-7.85146542538792835692339437717913e-03,-1.57856635922194602460486069247495e-01,9.58422849892842906371346321278798e-02
1.88000000000000000000000000000000e+01,-1.78108813721221721151288838576092e-01,-6.60691653536846712644139187296454e-03,-1.55454016618595790129128475077647e-01,9.63648698537497966402286503381482e-02
1.88250000000000000000000000000000e+01,-1.78258498046105839766101588874848e-01,-5.36894265554319537612610600639473e-03,-1.53038511985099573662299547169096e-01,9.68731048987309916895577246204089e-02
1.88499999999999999999999999999999e+01,-1.78377316838371684642320360720287e-01,-4.13769976318519942537118005266693e-03,-1.50610481248730126172011811195419e-01,9.73669519739530354607720141025188e-02
1.88750000000000000000000000000000e+01,-1.78465440307887817290769952467342e-01,-2.91334243898972658578540612115501e-03,-1.48170284562265356400089154268672e-01,9.78463751704607758743135201595630e-02
1.88999999999999999999999999999996e+01,-1.78523042510929356910299997938955e-01,-1.69602374145813075911649375369169e-03,-1.45718282948207979330874618216660e-01,9.83113408146531495324513984847713e-02
1.89250000000000000000000000000000e+01,-1.78550301305781643072753147463379e-01,-4.85894667799970538483292856893263e-04,-1.43254838243303585511808688504069e-01,9.87618174338045132477311650247498e-02
1.89500000000000000000000000000000e+01,-1.78547398293449559172587962221685e-01,7.16896428069765138063527339881581e-04,-1.40780313044030061020234123787966e-01,9.91977757176606671679842226058083e-02
1.89749999999999999999999999999999e+01,-1.78514518747557344977264331170490e-01,1.91220407677040732161035780789220e-03,-1.38295070652800287868732959354896e-01,9.96191885027632413697570612505299e-02
1.90000000000000000000000000000000e+01,-1.78451851544389498376097528265673e-01,3.09988545451527345857899892620338e-03,-1.35799475024132667087302542396442e-01,1.00026030789833693926363650736862e-01
1.90249999999999999999999999999997e+01,-1.78359589103309933656653960351162e-01,4.27979984821543045366094514124568e-03,-1.33293890710081841843698622655894e-01,1.00418279781571854417970862288699e-01
1.90500000000000000000000000000000e+01,-1.78237927340416597125408797678000e-01,5.45180819082756491117745538940926e-03,-1.30778682804743216835373439319074e-01,1.00795914914664756426424179817583e-01
1.90750000000000000000000000000000e+01,-1.78087065629531700747624867205016e-01,6.61577296237404080820274478487267e-03,-1.28254216888276270710005775716133e-01,1.01158917864619140442058599756190e-01
1.91000000000000000000000000000000e+01,-1.77907206760312045578613408027594e-01,7.77155849432171712065133876391176e-03,-1.25720858971200423255697200776263e-01,1.01507272521076845035201652820903e-01
1.91250000000000000000000000000000e+01,-1.77698556885834664280121175158490e-01,8.91903145422179485151828782822993e-03,-1.23178975439512343246210730916459e-01,1.01840964950812565559057820687338e-01
1.91499999999999999999999999999997e+01,-1.77461325459229495373356203991497e-01,1.00580611926603504688825909120648e-02,-1.20628933000623442458751039543245e-01,1.02159983372398502318612757029851e-01
1.91750000000000000000000000000000e+01,-1.77195725165777555825961061233028e-01,1.11885197499370274688990911871571e-02,-1.18071098629610704594619478688847e-01,1.02464318156889489716565345127274e-01
1.91999999999999999999999999999999e+01,-1.76901971859103379657299177936483e-01,1.23102815501191872990324457877185e-02,-1.15505839515143853916303982578135e-01,1.02753961850555155234509442341212e-01
1.92249999999999999999999999999999e+01,-1.76580284506776126041053841285884e-01,1.34232229985337555331698604544445e-02,-1.12933523004751336922181265951679e-01,1.03028909201550684477079841504737e-01
1.92500000000000000000000000000000e+01,-1.76230885144426569720913147012726e-01,1.45272222347885360301044886059585e-02,-1.10354516549583099084965184501098e-01,1.03289157171340487267775313090133e-01
1.92749999999999999999999999999997e+01,-1.75853998832451678165216673680678e-01,1.56221591748248121646562899715769e-02,-1.07769187649181794650118778777058e-01,1.03534704922996201464301892188503e-01
1.93000000000000000000000000000000e+01,-1.75449853608353266075027683572220e-01,1.67079157929053899606172237557094e-02,-1.05177903796776352493137340826085e-01,1.03765553793518215872866452479467e-01
1.93249999999999999999999999999999e+01,-1.75018680430860981708641656805219e-01,1.77843764618647531468096650966589e-02,-1.02581032425301526316520890238620e-01,1.03981707266121422599098979765704e-01
1.93499999999999999999999999999999e+01,-1.74560713116976105924593853223909e-01,1.88514281548803897763619669495040e-02,-9.99789408539536958213210330141236e-02,1.04183170956353696416868048828725e-01
1.93750000000000000000000000000000e+01,-1.74076188276958180101318935848470e-01,1.99089604066900091786883965352974e-02,-9.73719962348656038906651957580256e-02,1.04369952615806787711722983491227e-01
1.93999999999999999999999999999997e+01,-1.73565345253061164585390870252284e-01,2.09568650723022358802255223124428e-02,-9.47605654995331344076532683210062e-02,1.04542062146288821528445438758519e-01
1.94250000000000000000000000000000e+01,-1.73028426065373697703050299504736e-01,2.19950360292814428126355973214444e-02,-9.21450153048870427543105561593835e-02,1.04699511612092096639968152795647e-01
1.94499999999999999999999999999999e+01,-1.72465675363966017238692406170160e-01,2.30233689937883737093950222805701e-02,-8.95257119791951082477920147320818e-02,1.04842315240386958921508651896370e-01
1.94749999999999999999999999999999e+01,-1.71877340382977340994155334673842e-01,2.40417615536629618372142226419375e-02,-8.69030214681407993763577966416954e-02,1.04970489407188670948763782361161e-01
1.95000000000000000000000000000000e+01,-1.71263670891184516007321372493535e-01,2.50501134001892485339001807503301e-02,-8.42773092813862427260923530960174e-02,1.05084052614094132665287830944927e-01
1.95249999999999999999999999999996e+01,-1.70624919135579246845569921269241e-01,2.60483266265807941846224159730861e-02,-8.16489404397344566554000339496267e-02,1.05183025465199209413933112591292e-01
1.95500000000000000000000000000000e+01,-1.69961339778525987379346788368334e-01,2.70363059176455048744843721128190e-02,-7.90182794227710268473765775575132e-02,1.05267430652774333613210994678944e-01
1.95749999999999999999999999999999e+01,-1.69273189832949827104527005107509e-01,2.80139585113520033452966563421279e-02,-7.63856901167080999222876636883209e-02,1.05337292955253380285325788010124e-01
1.95999999999999999999999999999999e+01,-1.68560728601402666385728620366082e-01,2.89811939450463244891171248677093e-02,-7.37515357621496931512055479454476e-02,1.05392639244351815392426284253291e-01
1.96250000000000000000000000000000e+01,-1.67824217622738812907488133158195e-01,2.99379237336124528234434920069238e-02,-7.11161789016500935794104467631224e-02,1.05433498492853514868980265927928e-01
1.96499999999999999999999999999997e+01,-1.67063920625545440883439060264906e-01,3.08840611791148748441473208996865e-02,-6.84799813271723947167537739465536e-02,1.05459901773589645807120303804963e-01
1.96750000000000000000000000000000e+01,-1.66280103483154811808115370592894e-01,3.18195214390594722798416961038158e-02,-6.58433040277468999596416922831921e-02,1.05471882244435463872482184603649e-01
1.96999999999999999999999999999999e+01,-1.65473034163845436459599406290531e-01,3.27442218189877737686483124619832e-02,-6.32065071376622766891075285556674e-02,1.05469475122004073276737938599249e-01
1.97250000000000000000000000000000e+01,-1.64642982672751525067643450479971e-01,3.36580821048403641687867174719062e-02,-6.05699498853583828494915804536593e-02,1.05452717653800574063054269672621e-01
1.97500000000000000000000000000000e+01,-1.63790220987380631502399291621278e-01,3.45610247142332461208154935121136e-02,-5.79339905429098928201659012221235e-02,1.05421649100242140052180188320321e-01
1.97749999999999999999999999999997e+01,-1.62915022993016411828261561840978e-01,3.54529745567617764011243630658894e-02,-5.52989863757627479894144071161621e-02,1.05376310732292594236294233366410e-01
1.98000000000000000000000000000000e+01,-1.62017664424634238307565013521188e-01,3.63338586849623001571653440122202e-02,-5.26652935923668052830089283972557e-02,1.05316745840382103726276188815523e-01
1.98249999999999999999999999999999e+01,-1.61098422817851218520272305297942e-01,3.72036059618899699394570435515952e-02,-5.00332672935706049526768680911962e-02,1.05242999742186230686165656811950e-01
1.98499999999999999999999999999999e+01,-1.60157577465495739817313455004095e-01,3.80621469662381543046398417361006e-02,-4.74032614219778640857590920429246e-02,1.05155119776553394950492739192386e-01
1.98750000000000000000000000000000e+01,-1.59195409372620119902522695551589e-01,3.89094141992396108528468054545903e-02,-4.47756287116900149339460037830891e-02,1.05053155279321052379351155189424e-01
1.98999999999999999999999999999997e+01,-1.58212201203826554269893812435684e-01,3.97453424533786052863454644136077e-02,-4.21507206388121697472121271233958e-02,1.04937157548719448915602117785970e-01
1.99250000000000000000000000000000e+01,-1.57208237221999024121956191226723e-01,4.05698690918056841483994605618421e-02,-3.95288873727974385496469575560398e-02,1.04807179815348589402862111178392e-01
1.99499999999999999999999999999999e+01,-1.56183803223396197745658340676750e-01,4.13829340475806644409315603725006e-02,-3.69104777283435999172478413965689e-02,1.04663277228916896375618119609858e-01
1.99749999999999999999999999999999e+01,-1.55139186476550625203244949453354e-01,4.21844795428074856202865230320963e-02,-3.42958391173853010363039465838522e-02,1.04505506862538636895512646652880e-01
2.00000000000000000000000000000000e+01,-1.54074675669848205561196617903956e-01,4.29744497172731799928193282421473e-02,-3.16853175008693649449538152066160e-02,1.04333927723108414717118047694423e-01
2.00249999999999999999999999999997e+01,-1.52990560866838004149473920272199e-01,4.37527904137976079931807704576316e-02,-2.90792573403676353784232462760907e-02,1.04148600751730069635221809496281e-01
2.00500000000000000000000000000000e+01,-1.51887133463266635310678152906456e-01,4.45194492557932700534600830114245e-02,-2.64780015499196848719308845964241e-02,1.03949588804719136275833262266080e-01
2.00750000000000000000000000000000e+01,-1.50764686138954861564362146532460e-01,4.52743759520755760599643697157721e-02,-2.38818914485718853822624737890811e-02,1.03736956618849750135730901428328e-01
2.00999999999999999999999999999999e+01,-1.49623512801399410167025362273193e-01,4.60175226142341978123564787825433e-02,-2.12912667138383247066410378528914e-02,1.03510770775084725273437945310111e-01
2.01249999999999999999999999999999e+01,-1.48463908523680384603895157501813e-01,4.67488438725749051190445346926371e-02,-1.87064653359216865600096164570085e-02,1.03271099675648718939614057002433e-01
2.01499999999999999999999999999996e+01,-1.47286169482981347519765259717841e-01,4.74682967203921094400265594778781e-02,-1.61278235722675149629066126844240e-02,1.03018013539687245344357404882081e-01
2.01750000000000000000000000000000e+01,-1.46090592905403010888863579821597e-01,4.81758401989250498363794621405377e-02,-1.35556759020621765475995271397493e-02,1.02751584409794289260839959977718e-01
2.01999999999999999999999999999999e+01,-1.44877477018440089453359336903655e-01,4.88714351324663756884412364643719e-02,-1.09903549805889764433693535704271e-02,1.02471886154440417187658377671963e-01
2.02250000000000000000000000000000e+01,-1.43647121007570720521997476488228e-01,4.95550440760954506155347269250668e-02,-8.43219159371105758760448972096397e-03,1.02178994454562033672895754023552e-01
2.02500000000000000000000000000000e+01,-1.42399824971137453321912934636089e-01,5.02266314892093059277086946423601e-02,-5.88151461291150615055853263731018e-03,1.01872986773592362231579373923808e-01
2.02749999999999999999999999999998e+01,-1.41135889869342772064930300128148e-01,5.08861640024076008299180310976067e-02,-3.33865095119134627310734854236703e-03,1.01553942321106889498355096921488e-01
2.03000000000000000000000000000000e+01,-1.39855617467352940924207929956544e-01,5.15336105972369342165640112041932e-02,-8.03925519809105008942417907936247e-04,1.01221942023657892551091115946048e-01
2.03249999999999999999999999999998e+01,-1.38559310276319296748900159165773e-01,5.21689425890158339797119605139183e-02,1.72233881443502331734220839045451e-03,1.00877068510520223258865999860266e-01
2.03500000000000000000000000000000e+01,-1.37247271497221925276548538129683e-01,5.27921334351838612280896734532115e-02,4.23982127172892873017809531582690e-03,1.00519406111592044441968665703792e-01
2.03750000000000000000000000000000e+01,-1.35919804970417309596087233933789e-01,5.34031584959130855353613135432894e-02,6.74820320177097988537944877273335e-03,1.00149040856925331445265417726045e-01
2.03999999999999999999999999999997e+01,-1.34577215130205320434193245408631e-01,5.40019948893928783599018926708022e-02,9.24716812618130083003827354224493e-03,9.97660604671366892963555786144784e-02
2.04250000000000000000000000000000e+01,-1.33219806960943355731712237197744e-01,5.45886215130192346558419071153270e-02,1.17364017805047096890373996988018e-02,9.93705543306261756462502863306575e-02
2.04499999999999999999999999999999e+01,-1.31847885950784817368227710374893e-01,5.51630191972333500511097097059048e-02,1.42155921555171529920617904059669e-02,9.89626134720449936976778288930606e-02
2.04749999999999999999999999999999e+01,-1.30461758040991201549339528681331e-01,5.57251708858304207068846766665445e-02,1.66844295377303233792382780031970e-02,9.85423305211951050033026184194360e-02
2.05000000000000000000000000000001e+01,-1.29061729571625255566202834359724e-01,5.62750617318998412809878259932937e-02,1.91426065492118912877930801410634e-02,9.81097996900684098965348785278783e-02
2.05249999999999999999999999999996e+01,-1.27648107226573260647893337879911e-01,5.68126790554845710433902250584762e-02,2.15898181869613388675049307034650e-02,9.76651167598280079586258120472041e-02
2.05500000000000000000000000000001e+01,-1.26221197981173169732610714891997e-01,5.73380121894000397869851442575291e-02,2.40257618620446030891356321865016e-02,9.72083790733942484962595794212579e-02
2.05749999999999999999999999999998e+01,-1.24781309054231320777967589592674e-01,5.78510522991024899469500903704676e-02,2.64501374385383397389711899985275e-02,9.67396855265247608212639881834413e-02
2.05999999999999999999999999999999e+01,-1.23328747863821869866445091330014e-01,5.83517922727169790247368544330723e-02,2.88626472721692336265494117558320e-02,9.62591365518655382504988775881981e-02
2.06250000000000000000000000000000e+01,-1.21863821984292134398510858379462e-01,5.88402267362233642482242915988261e-02,3.12629962484479874462568277062023e-02,9.57668340947947424623080895516779e-02
2.06499999999999999999999999999997e+01,-1.20386839101386474212862273383536e-01,5.93163521786722039790630864630572e-02,3.36508918201262494134172219936668e-02,9.52628815842646574795373252206659e-02
2.06750000000000000000000000000000e+01,-1.18898106963630911140247644675886e-01,5.97801671094697927843130455682374e-02,3.60260440439189367393578746780564e-02,9.47473839040933544367661773481189e-02
2.07000000000000000000000000000000e+01,-1.17397933330450249762083347419346e-01,6.02316721485628764089002313892549e-02,3.83881656165679270212711010266759e-02,9.42204473694874892966003980936047e-02
2.07249999999999999999999999999999e+01,-1.15886625919632696317300261126163e-01,6.06708699856843682771467054217505e-02,4.07369719104081225132907293208103e-02,9.36821797105794153034562649354260e-02
2.07499999999999999999999999999999e+01,-1.14364492357433445429231505376984e-01,6.10977652209266831982008291715237e-02,4.30721810085926883108877271235509e-02,9.31326900609189565859450715326787e-02
2.07749999999999999999999999999996e+01,-1.12831840133300031933303410176088e-01,6.15123641733193334694265272570695e-02,4.53935137400426114109446598582025e-02,9.25720889459942312265237025036631e-02
2.08000000000000000000000000000000e+01,-1.11288976558572165574812914765477e-01,6.19146747696790599956325818063301e-02,4.77006937140517408689895854683804e-02,9.20004882664917073187474439878171e-02
2.08249999999999999999999999999999e+01,-1.09736208726132771129175089273178e-01,6.23047065812264748427150660362663e-02,4.99934473543737715873461724851108e-02,9.14180012736231739237517642100936e-02
2.08500000000000000000000000000000e+01,-1.08173843467429522365494182014357e-01,6.26824709829994115887648150934135e-02,5.22715039326061357016935903057670e-02,9.08247425383302080796523211461360e-02
2.08750000000000000000000000000000e+01,-1.06602187305048407954121089226636e-01,6.30479813285402477264059720903089e-02,5.45345956007844254416316059155728e-02,9.02208279200418949512633419542841e-02
2.08999999999999999999999999999998e+01,-1.05021546402085199313419788756210e-01,6.34012530164343354595840225253502e-02,5.67824574232599574698735650420588e-02,8.96063745413399769165643070221865e-02
2.09250000000000000000000000000000e+01,-1.03432226511945762648447151830371e-01,6.37423033918355312582684230905288e-02,5.90148274080562520996126153316357e-02,8.89815007714816491224675851644689e-02
2.09499999999999999999999999999998e+01,-1.01834532932259562257301655886914e-01,6.40711515347803796665079517550008e-02,6.12314465379025206930576755953404e-02,8.83463262160115781237557584918274e-02
2.09750000000000000000000000000000e+01,-1.00228770464165312459545476693770e-01,6.43878180652585031532717040536069e-02,6.34320588010104951923288068252807e-02,8.77009717053095925331482812793916e-02
2.10000000000000000000000000000000e+01,-9.86152433748801104164620338078073e-02,6.46923250871479305349921160449622e-02,6.56164112214727533693952186657002e-02,8.70455592750495815919812346220897e-02
2.10249999999999999999999999999997e+01,-9.69942553594540177522247880381112e-02,6.49846963013518853002257490724783e-02,6.77842538890405772157241577183569e-02,8.63802121365198170829294309520384e-02
2.10500000000000000000000000000000e+01,-9.53661094983512306071503428639377e-02,6.52649572038734716169325153226503e-02,6.99353399880749406544129552907220e-02,8.57050546414790390809256000836267e-02
2.10749999999999999999999999999999e+01,-9.37311082105291716153555915799919e-02,6.55331352260735313349661408295934e-02,7.20694258256403242894337162366396e-02,8.50202122500867114855348127513414e-02
2.10999999999999999999999999999999e+01,-9.20895532049563032262897747425288e-02,6.57892597132746157618763299039487e-02,7.41862708589127388271555164555831e-02,8.43258115085584204607849732599286e-02
2.11250000000000000000000000000001e+01,-9.04417454347810564564201323774720e-02,6.60333617478910608180720987940625e-02,7.62856377221615660481519075540918e-02,8.36219800366113515446778278410239e-02
2.11499999999999999999999999999996e+01,-8.87879850567756876738470453702370e-02,6.62654739283382226359618543279735e-02,7.83672922534745387106918334725260e-02,8.29088465179422685156214319589284e-02
2.11750000000000000000000000000001e+01,-8.71285713953430088328814436236858e-02,6.64856302427927736422230322238483e-02,8.04310035211848258431064369357126e-02,8.21865406847189704031046174345293e-02
2.11999999999999999999999999999998e+01,-8.54638029075899085838858398035615e-02,6.66938661095993185279474249429031e-02,8.24765438497730148398192058897962e-02,8.14551932910461514497405244385311e-02
2.12249999999999999999999999999999e+01,-8.37939771456140864511874135461211e-02,6.68902185420323788666209213558343e-02,8.45036888449842227223043630890925e-02,8.07149360778642761983717984155734e-02
2.12500000000000000000000000000000e+01,-8.21193907143864887507066912389783e-02,6.70747263134503065013747768461011e-02,8.65122174180443277950034027932670e-02,7.99659017375166139304210089365561e-02
2.12749999999999999999999999999997e+01,-8.04403392268396762860558133534375e-02,6.72474300038270559196345626157244e-02,8.85019118090789141222827773484694e-02,7.92082238862529827043784302605963e-02
2.13000000000000000000000000000000e+01,-7.87571172597857645379554293534093e-02,6.74083718929485814857823093167640e-02,9.04725576099816884905109252566332e-02,7.84420370472846747145657987294882e-02
2.13250000000000000000000000000000e+01,-7.70700183138064555211288185829044e-02,6.75575957683876351474772991049406e-02,9.24239437869493592522555647318445e-02,7.76674766397061743001349037889396e-02
2.13499999999999999999999999999999e+01,-7.53793347777441071789306237757139e-02,6.76951467679194400471110007468018e-02,9.43558627027227955239353708236794e-02,7.68846789647437360197897803376929e-02
2.13749999999999999999999999999999e+01,-7.36853578956618821061146174008392e-02,6.78210713455458922508390612670733e-02,9.62681101383758632534871760170755e-02,7.60937811829004952270355863793027e-02
2.13999999999999999999999999999996e+01,-7.19883777329548949165408275684304e-02,6.79354173639677797838282331608215e-02,9.81604853144091504859796027003342e-02,7.52949212819298032797932616438970e-02
2.14250000000000000000000000000000e+01,-7.02886831393301333526076669105443e-02,6.80382342351663185430653788211979e-02,1.00032790910986782741883751488538e-01,7.44882380416279052249947778885564e-02
2.14499999999999999999999999999999e+01,-6.85865617087786190831937366518968e-02,6.81295730068071387735200455470359e-02,1.01884833087336733238674260774837e-01,7.36738710031130087633681151618136e-02
2.14750000000000000000000000000000e+01,-6.68822997387846853546541316327128e-02,6.82094863352358228725503090727257e-02,1.03716421500490458617868280592283e-01,7.28519604467267661602913458015954e-02
2.15000000000000000000000000000000e+01,-6.51761821915475587546180037780299e-02,6.82780283616297425602874627627081e-02,1.05527369323565637364332407835697e-01,7.20226473767153746257559165473444e-02
2.15249999999999999999999999999998e+01,-6.34684926587633558367782848560391e-02,6.83352545654204084660185862908555e-02,1.07317493263688416580181322271175e-01,7.11860735065883073277583397029900e-02
2.15500000000000000000000000000000e+01,-6.17595133294719359078238544990899e-02,6.83812216752090730409465357298327e-02,1.09086613579490830752543208246423e-01,7.03423812391437207246892926946068e-02
2.15749999999999999999999999999998e+01,-6.00495249589362398956719146523754e-02,6.84159876748442561638185258653467e-02,1.10834554098013580252310316357331e-01,6.94917136390812487017660168652695e-02
2.16000000000000000000000000000000e+01,-5.83388068363434684030354395803921e-02,6.84396118826775450585399399572588e-02,1.12561142230855440802755683012619e-01,6.86342144009407500933069105376126e-02
2.16250000000000000000000000000000e+01,-5.66276367502421655715875679006720e-02,6.84521550420746042189361642914685e-02,1.14266208989518163837685365760971e-01,6.77700278176543104626202074389602e-02
2.16499999999999999999999999999997e+01,-5.49162909522646660846907211337159e-02,6.84536793608644135971804515517659e-02,1.15949589000021811938072385924505e-01,6.68992987539916900432566248274810e-02
2.16750000000000000000000000000000e+01,-5.32050441208601538722822937401109e-02,6.84442484714690859134737780149447e-02,1.17611120516931265484209576035629e-01,6.60221726257347159472015017322602e-02
2.16999999999999999999999999999999e+01,-5.14941693268838728772327145509753e-02,6.84239273294157399611952123744760e-02,1.19250645436909181674715133379922e-01,6.51387953819582251294548335524437e-02
2.17249999999999999999999999999999e+01,-4.97839380019845960933984614729034e-02,6.83927821005324484895604276447217e-02,1.20868009311821531777170537467755e-01,6.42493134863364092728640405353936e-02
2.17500000000000000000000000000001e+01,-4.80746199093622568993262406210115e-02,6.83508800909629377384962200862802e-02,1.22463061361328530492927335588687e-01,6.33538738944234651423132305514126e-02
2.17749999999999999999999999999996e+01,-4.63664831153828225850762036108518e-02,6.82982897490798181785333946432993e-02,1.24035654484848240608583149073429e-01,6.24526240263951499948418158420399e-02
2.18000000000000000000000000000001e+01,-4.46597939603108154082425527159201e-02,6.82350807280540196401689639786774e-02,1.25585645272800241984046162465570e-01,6.15457117372099019542753418116863e-02
2.18249999999999999999999999999998e+01,-4.29548170271741770351252116699736e-02,6.81613239631942806088990222177616e-02,1.27112894017104043655937957451714e-01,6.06332852873352421267253028098678e-02
2.18499999999999999999999999999999e+01,-4.12518151091144199064133764803875e-02,6.80770917081759479315256269941419e-02,1.28617264720982567603394187131958e-01,5.97154933166938798388406058581029e-02
2.18750000000000000000000000000000e+01,-3.95510491767554815570628627639197e-02,6.79824574962349065814201228928748e-02,1.30098625108166710671328215086678e-01,5.87924848227050148852523702593330e-02
2.18999999999999999999999999999997e+01,-3.78527783474399875295315353446183e-02,6.78774960361754110507045972827194e-02,1.31556846631590980727446294534019e-01,5.78644091411124580799574030430210e-02
2.19250000000000000000000000000000e+01,-3.61572598573786894303343684035973e-02,6.77622830940612093883544153963347e-02,1.32991804481615532849404014396142e-01,5.69314159267414165276462341962381e-02
2.19500000000000000000000000000000e+01,-3.44647490362531642183649864101155e-02,6.76368954236303999130584277321359e-02,1.34403377593733810629752260263387e-01,5.59936551312382872426454530030052e-02
2.19749999999999999999999999999999e+01,-3.27754992825085280888150954626035e-02,6.75014107810232572131329940801590e-02,1.35791448655668323044399733195743e-01,5.50512769764285164931059915560167e-02
2.19999999999999999999999999999999e+01,-3.10897620373333246686826344553277e-02,6.73559080065766450808503994422889e-02,1.37155904113754696767565580994085e-01,5.41044319244818206103899010727585e-02
2.20249999999999999999999999999996e+01,-2.94077867563831798579853804405996e-02,6.72004671112481340841933582427611e-02,1.38496634178573206692313994270333e-01,5.31532706481769184023439490734841e-02
2.20500000000000000000000000000000e+01,-2.77298208800456006018387479154446e-02,6.70351692988824558340146191124603e-02,1.39813532829877193024310377741537e-01,5.21979440047998930990404639868926e-02
2.20749999999999999999999999999999e+01,-2.60561098043376146351912254107035e-02,6.68600968952348350264867427045605e-02,1.41106497820934356515340102106908e-01,5.12386030151729922000970346094741e-02
2.21000000000000000000000000000000e+01,-2.43868968544757613459839771492519e-02,6.66753332161810829561556838542795e-02,1.42375430682393619247953803917321e-01,5.02753988460718656690105604917026e-02
2.21250000000000000000000000000000e+01,-2.27224232617306501414856514045627e-02,6.64809624497013653812407704615223e-02,1.43620236725712575477839303403752e-01,4.93084827919240260460923581516602e-02
2.21499999999999999999999999999998e+01,-2.10629281422943067939396055999168e-02,6.62770696189565678796072528554072e-02,1.44840825046074693789934398692048e-01,4.83380062519185064665256291565098e-02
2.21750000000000000000000000000000e+01,-1.94086484758211307743753409373231e-02,6.60637406401843148497732549994657e-02,1.46037108524661613939019188315237e-01,4.73641207015738005058599641556719e-02
2.21999999999999999999999999999998e+01,-1.77598190818041619425407201889990e-02,6.58410624249420643560124277456521e-02,1.47209003830171045560856785909321e-01,4.63869776615823551580856632082308e-02
2.22250000000000000000000000000000e+01,-1.61166725937029066143796833392665e-02,6.56091229456615955358458701186664e-02,1.48356431419572976636057014782493e-01,4.54067286687840832260225301928420e-02
2.22500000000000000000000000000000e+01,-1.44794394325593456457332886797411e-02,6.53680112081979703739952766568148e-02,1.49479315538209290787903907163583e-01,4.44235252528835264540071834376965e-02
2.22749999999999999999999999999997e+01,-1.28483477824795986517161309224198e-02,6.51178171383323138405377219413568e-02,1.50577584219386908095913609484651e-01,4.34375189187281533363831244258355e-02
2.23000000000000000000000000000000e+01,-1.12236235693858052758017824073263e-02,6.48586314473169554904575700819310e-02,1.51651169283558718546953051145746e-01,4.24488611301842772625997179748497e-02
2.23249999999999999999999999999999e+01,-9.60549044253552124920838488950778e-03,6.45905455545606233768872554379380e-02,1.52700006337066215543461169505967e-01,4.14577032905437733099874036344877e-02
2.23499999999999999999999999999999e+01,-7.99416975677705351114802332483435e-03,6.43136516052292090095964114886726e-02,1.53724034770315419130428340219930e-01,4.04641967167988759874596151720965e-02
2.23750000000000000000000000000001e+01,-6.38988055338627056513994804526717e-03,6.40280425557110109097470534919954e-02,1.54723197755244583636344392301408e-01,3.94684926093881609781194151044541e-02
2.23999999999999999999999999999996e+01,-4.79283953865387062853509659934370e-03,6.37338122554977893977395854502801e-02,1.55697442242027530505458383981109e-01,3.84707420221652159550709902917230e-02
2.24250000000000000000000000000001e+01,-3.20326106121778249431475862986640e-03,6.34310554594288987696779028061079e-02,1.56646718955080711159107044763870e-01,3.74710958371813622643194445748159e-02
2.24499999999999999999999999999998e+01,-1.62135709021844557040422520094797e-03,6.31198677535560724802600084092432e-02,1.57570982388519237272407955811553e-01,3.64697047455601955085682906738452e-02
2.24749999999999999999999999999999e+01,-4.73371960107015915508957108507383e-05,6.28003454356897630056678888971376e-02,1.58470190801185266882143162743360e-01,3.54667192316379967368554648084871e-02
2.25000000000000000000000000000000e+01,1.51859146629594333274068589425260e-03,6.24725854188671279222187706155155e-02,1.59344306211269180440759797908574e-01,3.44622895555062116637510491071985e-02
2.25249999999999999999999999999997e+01,3.07622417174334880186252154253797e-03,6.21366852065395125029920351975926e-02,1.60193294390433032578108223059744e-01,3.34565657304448643226796640617693e-02
2.25500000000000000000000000000000e+01,4.62535864076584755981839325035334e-03,6.17927429384702716919739692216264e-02,1.61017124857302422352370305643799e-01,3.24496974954022262460723229838998e-02
2.25750000000000000000000000000000e+01,6.16579505601037718913604576578924e-03,6.14408574611765037694891357881981e-02,1.61815770870243016263271897637627e-01,3.14418342860398658901533974738715e-02
2.25999999999999999999999999999999e+01,7.69733608059509486785515973429716e-03,6.10811283650607059385238595600426e-02,1.62589209419442508120291421093329e-01,3.04331252086660141934149061966865e-02
2.26249999999999999999999999999999e+01,9.21978687648915702623520092351692e-03,6.07136559564222647060178021069281e-02,1.63337421218404652813321115150383e-01,2.94237190192591469112285608184485e-02
2.26499999999999999999999999999996e+01,1.07329551214479335875857864998038e-02,6.03385411759073665711538818707148e-02,1.64060390694973834614496077665827e-01,2.84137641063776036276484702763075e-02
2.26750000000000000000000000000000e+01,1.22366510236779192201964265831669e-02,5.99558855066334562127141234993924e-02,1.64758105981944726215047505882805e-01,2.74034084744238193340224166988140e-02
2.26999999999999999999999999999999e+01,1.37306873345748352237229577387249e-02,5.95657909171063891270207632506391e-02,1.65430558907220268967401311103180e-01,2.63927997239084168340540837880114e-02
2.27250000000000000000000000000000e+01,1.52148793607235955237147674439715e-02,5.91683598587102125463241043070015e-02,1.66077744983423902884340541678365e-01,2.53820850276680493647332899408255e-02
2.27500000000000000000000000000000e+01,1.66890449764058423952948123581839e-02,5.87636953035462051750851973853686e-02,1.66699663396881630738475876424246e-01,2.43714111047121681863291511235779e-02
2.27749999999999999999999999999998e+01,1.81530046371881295768808594540873e-02,5.83519007865922629159555316115630e-02,1.67296316995952602903892605865216e-01,2.33609241947361226239132506695193e-02
2.28000000000000000000000000000000e+01,1.96065813942298127621150183862755e-02,5.79330804172175566915786047729220e-02,1.67867712278758123884931338156751e-01,2.23507700356706941543751027490608e-02
2.28249999999999999999999999999998e+01,2.10496009083060258433746253216526e-02,5.75073388453845944866489855817036e-02,1.68413859380394085751973766705761e-01,2.13410938446337274916653234721892e-02
2.28500000000000000000000000000000e+01,2.24818914625108391514397626659907e-02,5.70747811941029512623324456960345e-02,1.68934772059694784093331528964052e-01,2.03320403007058614350070518655397e-02
2.28750000000000000000000000000000e+01,2.39032839731489423970335264821765e-02,5.66355129875019048145169067004144e-02,1.69430467685564026928884797570629e-01,1.93237535271916677988303652814501e-02
2.28999999999999999999999999999997e+01,2.53136119991081804430982583235267e-02,5.61896401049291329745389784695241e-02,1.69900967222836882441387457116575e-01,1.83163770716847372596165536572392e-02
2.29250000000000000000000000000000e+01,2.67127117506000135886288281293681e-02,5.57372687763165490769436282234736e-02,1.70346295217611413245164747189696e-01,1.73100538837344687977184742442141e-02
2.29499999999999999999999999999999e+01,2.81004220982472996169823795605818e-02,5.52785056109367791538967808964542e-02,1.70766479782003341597528433555474e-01,1.63049262913040643426119641128577e-02
2.29749999999999999999999999999999e+01,2.94765845830397128614936809741544e-02,5.48134576326435138794453183051941e-02,1.71161552578316130139853142066121e-01,1.53011359778313400963663334021945e-02
2.30000000000000000000000000000001e+01,3.08410434269103449656015075789094e-02,5.43422322901851124446511662934928e-02,1.71531548802661737629288485205718e-01,1.42988239613615172727698367560891e-02
2.30249999999999999999999999999996e+01,3.21936455430388916760755272429891e-02,5.38649374246815295555218041600037e-02,1.71876507168091685900864749390677e-01,1.32981305761688331182928233741822e-02
2.30500000000000000000000000000001e+01,3.35342405448468803969505810356638e-02,5.33816812014621371981465958966083e-02,1.72196469887292575086956928495030e-01,1.22991954560454609895074659655796e-02
2.30749999999999999999999999999998e+01,3.48626807531388453753915287755983e-02,5.28925720360100600986391947003167e-02,1.72491482654867692605241885930993e-01,1.13021575176029627569794215430253e-02
2.30999999999999999999999999999999e+01,3.61788212017032610760780688756484e-02,5.23977185493311809469892323971645e-02,1.72761594629183202234889665611914e-01,1.03071549419500914389627621868753e-02
2.31250000000000000000000000000000e+01,3.74825196423997317289661297175564e-02,5.18972295713745462071057752542530e-02,1.73006858413726855576593431416256e-01,9.31432515405950135156470050163709e-03
2.31499999999999999999999999999997e+01,3.87736365508514097692721503431173e-02,5.13912141810052033562918014827611e-02,1.73227330037928135844115585079303e-01,8.32380480058722935951868168214427e-03
2.31750000000000000000000000000000e+01,4.00520351332282003437703118513757e-02,5.08797817463710379246671011316628e-02,1.73423068937423893290469827987750e-01,7.33572972804794124858541860742373e-03
2.32000000000000000000000000000000e+01,4.13175813336194705704818453354475e-02,5.03630419274165371711862563474789e-02,1.73594137933804569125100381863365e-01,6.35023496330555813758712535149538e-03
2.32249999999999999999999999999999e+01,4.25701438407954425887612901982266e-02,4.98411046258728207380437703881657e-02,1.73740603213911920803464124421581e-01,5.36745469712623922131140733752597e-03
2.32499999999999999999999999999999e+01,4.38095940932326983941484438160757e-02,4.93140799028079398888314288826832e-02,1.73862534308754672604068360898372e-01,4.38752226971034505343947940616620e-03
2.32749999999999999999999999999996e+01,4.50358062821164172914204177674314e-02,4.87820779064520976467404456409760e-02,1.73960004072062886355546110421258e-01,3.41057015584955183571832050212574e-03
2.33000000000000000000000000000000e+01,4.62486573530901019726148709346473e-02,4.82452088473072778265792862026968e-02,1.74033088658442385400801243314250e-01,2.43672994758149830010631087882647e-03
2.33249999999999999999999999999999e+01,4.74480270080868734544147813793423e-02,4.77035830263439871493188961153883e-02,1.74081867501056836937668905726696e-01,1.46613233391954710657962881403734e-03
2.33500000000000000000000000000000e+01,4.86337977082467529470894423938924e-02,4.71573108862013068560601329792369e-02,1.74106423288782135572112004079756e-01,4.98907079346585548563219113606266e-04
2.33750000000000000000000000000000e+01,4.98058546779109499173684829387152e-02,4.66065030394841614838472983485031e-02,1.74106841942836883685897380676911e-01,-4.64816996174948210605961159900411e-04
2.33999999999999999999999999999998e+01,5.09640859086730374672907350653203e-02,4.60512702437387218840568347037015e-02,1.74083212592955255379710458811499e-01,-1.42491203371980018235136279922633e-03
2.34250000000000000000000000000000e+01,5.21083821621496164961943218270848e-02,4.54917233289992774391858790806643e-02,1.74035627553191165980740148328076e-01,-2.38125114867125546189719047874963e-03
2.34499999999999999999999999999998e+01,5.32386369707244778781606495335251e-02,4.49279731158762287207135325440744e-02,1.73964182297408413540050437962813e-01,-3.33370844306582511183876347826562e-03
2.34750000000000000000000000000000e+01,5.43547466366085694962732667500662e-02,4.43601303679547089355053300204379e-02,1.73868975434442698014659633127807e-01,-4.28215901985331884801778447831571e-03
2.35000000000000000000000000000000e+01,5.54566102303952094161615430659315e-02,4.37883057982230986780921003958591e-02,1.73750108682865326529918866061170e-01,-5.22647900047024464906753304125189e-03
2.35249999999999999999999999999997e+01,5.65441295903143410083963490809150e-02,4.32126101124808412128576440659186e-02,1.73607686845274014254152810147719e-01,-6.16654554470190832298375070455931e-03
2.35500000000000000000000000000000e+01,5.76172093226090427146627952690955e-02,4.26331540486255067087537675496839e-02,1.73441817782086637492313506893189e-01,-7.10223687009861000305427059718075e-03
2.35749999999999999999999999999999e+01,5.86757568024265941183988721364061e-02,4.20500483752386814555858515279821e-02,1.73252612384883955521039649655276e-01,-8.03343226840333732150635925095683e-03
2.35999999999999999999999999999999e+01,5.97196821740364832647982138338558e-02,4.14634038416597243478873972252428e-02,1.73040184549388657684664078045265e-01,-8.96001211838456261589743659530765e-03
2.36250000000000000000000000000001e+01,6.07488983494228598352512055996548e-02,4.08733311041750937785315880866190e-02,1.72804651148152891999959406276349e-01,-9.88185789677052539293279420444342e-03
2.36499999999999999999999999999996e+01,6.17633210051473824509557644570339e-02,4.02799406671734118994357030041019e-02,1.72546132002966727395095362435253e-01,-1.07988521900509299194685124113327e-02
2.36750000000000000000000000000001e+01,6.27628685782429413910633795705859e-02,3.96833428658858177391728521664049e-02,1.72264749856938063659860388825541e-01,-1.17108787090580796820233790042106e-02
2.36999999999999999999999999999998e+01,6.37474622622130576601681532380776e-02,3.90836478886456072562667021861783e-02,1.71960630346172425778138653926536e-01,-1.26178223061309830466692841340586e-02
2.37249999999999999999999999999999e+01,6.47170260038138983956018837397057e-02,3.84809658115349696925606185236847e-02,1.71633901971011760293495742652918e-01,-1.35195689928026656407360909625343e-02
2.37500000000000000000000000000000e+01,6.56714865005004495343526209496183e-02,3.78754066127517488931409718157984e-02,1.71284696066851201448056968914661e-01,-1.44160059555786292452189732852654e-02
2.37749999999999999999999999999997e+01,6.66107731977671805765235398845467e-02,3.72670801497051372283835295746473e-02,1.70913146774600057351540255197877e-01,-1.53070215686421922625902608037268e-02
2.38000000000000000000000000000000e+01,6.75348182855028292450687977283938e-02,3.66560961066218983196469253209650e-02,1.70519391010857655751280662233815e-01,-1.61925054042596230216204334860906e-02
2.38250000000000000000000000000000e+01,6.84435566929230706936854124090315e-02,3.60425639378278943320238856707260e-02,1.70103568437836775159126232839395e-01,-1.70723482429256971777255940831421e-02
2.38499999999999999999999999999999e+01,6.93369260823125623543039997325873e-02,3.54265928320286334741826163262189e-02,1.69665821433015561428893600915224e-01,-1.79464420851192687581984224719922e-02
2.38749999999999999999999999999999e+01,7.02148668422711873097299375130937e-02,3.48082917078800367000990208679732e-02,1.69206295058467794005615632570522e-01,-1.88146801651862883085415622303912e-02
2.38999999999999999999999999999996e+01,7.10773220811664099456540981467845e-02,3.41877692317953145643873920656868e-02,1.68725137029828730618262277223409e-01,-1.96769569663331244782465645009164e-02
2.39250000000000000000000000000000e+01,7.19242376210930809018542945318953e-02,3.35651338370756174154319227995129e-02,1.68222497684890651929536904813454e-01,-2.05331682349893867428778253445112e-02
2.39499999999999999999999999999999e+01,7.27555619921096511396407114941559e-02,3.29404937247900727760127403736419e-02,1.67698529951862349964965965571066e-01,-2.13832109932324845849300949235418e-02
2.39750000000000000000000000000000e+01,7.35712464261686620067773386875418e-02,3.23139568388788967039902913429604e-02,1.67153389317345380541966320368791e-01,-2.22269835491302180514423512994963e-02
2.40000000000000000000000000000000e+01,7.43712448501638985109969054556191e-02,3.16856308228952817709205144400951e-02,1.66587233794068718814678732444331e-01,-2.30643855059478843958360154706101e-02
2.40249999999999999999999999999998e+01,7.51555138778416812390788630729893e-02,3.10556229754861121291059749007196e-02,1.66000223888393120441565932032699e-01,-2.38953177715584497306581046130628e-02
2.40500000000000000000000000000000e+01,7.59240128007714219196138084403249e-02,3.04240402216530179109261998822484e-02,1.65392522567566921665051323345814e-01,-2.47196825689802244123591029170721e-02
2.40749999999999999999999999999998e+01,7.66767035788954805961139264998279e-02,2.97909891077061765333028878777182e-02,1.64764295226702453388009925420699e-01,-2.55373834481064956450681437737222e-02
2.41000000000000000000000000000000e+01,7.74135508312099628519109547272775e-02,2.91565758145981394540965099258393e-02,1.64115709655451167709870261426170e-01,-2.63483252979102004400386360483207e-02
2.41250000000000000000000000000000e+01,7.81345218268504614909218295620680e-02,2.85209061739078551228773926484321e-02,1.63446936004378704099389911293437e-01,-2.71524143580842169940993169166586e-02
2.41499999999999999999999999999997e+01,7.88395864764183839119182698581835e-02,2.78840856688596065759835333676938e-02,1.62758146751065216715901997185269e-01,-2.79495582293080741743997618999858e-02
2.41750000000000000000000000000000e+01,7.95287173230288566090138307435239e-02,2.72462194109968543202763915720325e-02,1.62049516665969172804437339380990e-01,-2.87396658819518468722444703578065e-02
2.41999999999999999999999999999999e+01,8.02018895325040455382413698836701e-02,2.66074120974973688055683150073483e-02,1.61321222778088501952933829899650e-01,-2.95226476637283530907131256855299e-02
2.42249999999999999999999999999999e+01,8.08590808824308534265174426388546e-02,2.59677679664679410716703293662310e-02,1.60573444340433720556108878947166e-01,-3.02984153072502143626315154904246e-02
2.42500000000000000000000000000001e+01,8.15002717502919057607480302495905e-02,2.53273907699574825482931174948280e-02,1.59806362795303215332429560327223e-01,-3.10668819383991252753084552269755e-02
2.42749999999999999999999999999996e+01,8.21254451012670423448103153745498e-02,2.46863837743486129934348889468308e-02,1.59020161739334466407606894842500e-01,-3.18279620858482578718825276569080e-02
2.43000000000000000000000000000001e+01,8.27345864763303363217187580659071e-02,2.40448497806503148740607106992388e-02,1.58215026888306827873675614365171e-01,-3.25815716912560175825990511907733e-02
2.43249999999999999999999999999998e+01,8.33276839808908086714781234980048e-02,2.34028911438058731915638878716814e-02,1.57391146041692281721851478559708e-01,-3.33276281190351280464676036606066e-02
2.43499999999999999999999999999999e+01,8.39047282736667256491632290272563e-02,2.27606097697998174102064217789166e-02,1.56548709046979363431462258613326e-01,-3.40660501646146792734330123210527e-02
2.43750000000000000000000000000000e+01,8.44657125551068675391147947625805e-02,2.21181070832873651045437440332643e-02,1.55687907763814592780435822651804e-01,-3.47967580608313609484601110698954e-02
2.43999999999999999999999999999997e+01,8.50106325547415717542572901507725e-02,2.14754839780663933307389877707137e-02,1.54808936028001692777398444798619e-01,-3.55196734831181456261047052862092e-02
2.44250000000000000000000000000000e+01,8.55394865173358310161663469005761e-02,2.08328407748027923456263395730257e-02,1.53911989615372132965119623140055e-01,-3.62347195548374638073999728908705e-02
2.44500000000000000000000000000000e+01,8.60522751883098484599266031155880e-02,2.01902772062995720282922457350270e-02,1.52997266205507180642183279869201e-01,-3.69418208539260966064348318712133e-02
2.44749999999999999999999999999999e+01,8.65490017991876302417509222844024e-02,1.95478924324764540618528444439661e-02,1.52064965345273919773754806209181e-01,-3.76409034210253737937969172635687e-02
2.44999999999999999999999999999999e+01,8.70296720536218492505302682170860e-02,1.89057850672060289269803680815248e-02,1.51115288412148871951781044015576e-01,-3.83318947680908977406040872083002e-02
2.45249999999999999999999999999996e+01,8.74942941139591709249626741662580e-02,1.82640531910477493687703865268418e-02,1.50148438577336974305212435583355e-01,-3.90147238859252252993928936585796e-02
2.45500000000000000000000000000000e+01,8.79428785877498172641654994343738e-02,1.76227943335177930119724647859209e-02,1.49164620768728303468044103278459e-01,-3.96893212495794758671903902056391e-02
2.45749999999999999999999999999999e+01,8.83754385134516203728997162657647e-02,1.69821054293315035133157341476978e-02,1.48164041633746083728020048880574e-01,-4.03556188218241835237727980493588e-02
2.45999999999999999999999999999999e+01,8.87919893449360360926419323835936e-02,1.63420827707107766078477421238279e-02,1.47146909502118639334759719449215e-01,-4.10135500560431302364812821460477e-02
2.46250000000000000000000000000000e+01,8.91925489350234320717549703314254e-02,1.57028219802389586221397088261800e-02,1.46113434348568714318045934971144e-01,-4.16630499001424844983679498627076e-02
2.46499999999999999999999999999998e+01,8.95771375187319141853521581491318e-02,1.50644180144608261785230416582473e-02,1.45063827755382884782018748414038e-01,-4.23040548022045603347419791478516e-02
2.46750000000000000000000000000000e+01,8.99457776969120503149059415300074e-02,1.44269651876065711053501951738318e-02,1.43998302874822977522114051752542e-01,-4.29365027172421075621123858021643e-02
2.46999999999999999999999999999998e+01,9.02984944204809446711982377112568e-02,1.37905571918444286081260744919968e-02,1.42917074391371095083890070204302e-01,-4.35603331134835423392405293120796e-02
2.47250000000000000000000000000000e+01,9.06353149748880599437430055812271e-02,1.31552870938525050402455552057147e-02,1.41820358483839362979598325798980e-01,-4.41754869767853926097888096234561e-02
2.47500000000000000000000000000000e+01,9.09562689641363496258849669688543e-02,1.25212473042426764095679151126858e-02,1.40708372787397531029980307074417e-01,-4.47819068128967493627518881652105e-02
2.47749999999999999999999999999997e+01,9.12613882938380481461785981130036e-02,1.18885295345382762125025477176513e-02,1.39581336355561334105406709535453e-01,-4.53795366485904818553391649866327e-02
2.48000000000000000000000000000000e+01,9.15507071532757137266265079092554e-02,1.12572247637828178742628987137613e-02,1.38439469622149937802429106148629e-01,-4.59683220332327419957440248757265e-02
2.48249999999999999999999999999999e+01,9.18242619969214339401492586368483e-02,1.06274232292498501335751425256889e-02,1.37282994363186253744594663617929e-01,-4.65482100418295724668452839100050e-02
2.48499999999999999999999999999999e+01,9.20820915260257452062384410566619e-02,9.99921443923558529921939130185258e-03,1.36112133658702800145357419474122e-01,-4.71191492793790525392528002849777e-02
2.48750000000000000000000000000001e+01,9.23242366706443010093686921604899e-02,9.37268719203379935359939847175445e-03,1.34927111854434414897051445638483e-01,-4.76810898853276486622376648032779e-02
2.48999999999999999999999999999996e+01,9.25507405720142046495122740534829e-02,8.74792958268017879645902987682791e-03,1.33728154523413300446200568679030e-01,-4.82339835367661446703211247489977e-02
2.49250000000000000000000000000001e+01,9.27616485648324416250553712604606e-02,8.12502898844344170871121366767696e-03,1.32515488427507819792489579004870e-01,-4.87777834497552144974816957818426e-02
2.49499999999999999999999999999998e+01,9.29570081589433395755874224338169e-02,7.50407203816679543193519050767841e-03,1.31289341478947601443482798225889e-01,-4.93124443792705788174134667739857e-02
2.49749999999999999999999999999999e+01,9.31368690202073553125028264215730e-02,6.88514458007312981828720418735340e-03,1.30049942701855065863333158020320e-01,-4.98379226189457664375826500311607e-02
2.50000000000000000000000000000000e+01,9.33012829507041219059205221098772e-02,6.26833166221845429448446535546156e-03,1.28797522193774096893928313864743e-01,-5.03541760016533739479669889211309e-02
2.50249999999999999999999999999997e+01,9.34503038686758191859482857623183e-02,5.65371753088852501904437066343576e-03,1.27532311087169812299871598143298e-01,-5.08611639011758209233539376078355e-02
2.50500000000000000000000000000000e+01,9.35839877886064718312101452522872e-02,5.04138564124713782130545689005054e-03,1.26254541510878601348820802544928e-01,-5.13588472343527695417415310302937e-02
2.50750000000000000000000000000000e+01,9.37023928015950726068701222176968e-02,4.43141866812399547227433092717362e-03,1.24964446551509083195764790606356e-01,-5.18471884627104974787293225273495e-02
2.50999999999999999999999999999999e+01,9.38055790558775645316696726202617e-02,3.82389850600966817336663829606417e-03,1.23662260214817173926698366137669e-01,-5.23261515928547547598440338086569e-02
2.51249999999999999999999999999999e+01,9.38936087371620121247045955853746e-02,3.21890625445239256589132627335507e-03,1.22348217387088178245412225779314e-01,-5.27957021755832236366519849099973e-02
2.51499999999999999999999999999996e+01,9.39665460484562764024173262330915e-02,2.61652219354389194761043693459806e-03,1.21022553796551600230066471758737e-01,-5.32558073042840006396108878570303e-02
2.51750000000000000000000000000000e+01,9.40244571892611791349219001386569e-02,2.01682575942394294824637086700329e-03,1.19685505974836696252837893736467e-01,-5.37064356133859848018462447594775e-02
2.51999999999999999999999999999999e+01,9.40674103342571406746667889347118e-02,1.41989552932873961312471541039488e-03,1.18337311218460164135415792064098e-01,-5.41475572773689134918119997965248e-02
2.52249999999999999999999999999999e+01,9.40954756117890201380239782318592e-02,8.25809220241977113411759521195252e-04,1.16978207550330827988587268578416e-01,-5.45791440103418776615886475554010e-02
2.52500000000000000000000000000000e+01,9.41087250824599239006431092291302e-02,2.34643697660992465021086695346645e-04,1.15608433681261894849079361013436e-01,-5.50011690657614636458728879989895e-02
2.52749999999999999999999999999998e+01,9.41072327179778343931491664390292e-02,-3.53525014689240635717137757445804e-04,1.14228228971494822934073822731676e-01,-5.54136072356956165730697682980132e-02
2.53000000000000000000000000000000e+01,9.40910743801488875154076310275096e-02,-9.38621734048781833059198567780848e-04,1.12837833392252351481210330069858e-01,-5.58164348491902908872997683164113e-02
2.53249999999999999999999999999998e+01,9.40603277997177788442065562670841e-02,-1.52057213158961994092309304354773e-03,1.11437487487344969372169996780807e-01,-5.62096297696599485267637371398744e-02
2.53499999999999999999999999999999e+01,9.40150725547360102487269311542953e-02,-2.09930275582369108536874306526365e-03,1.10027432334851930082221922242953e-01,-5.65931713916179516626098248606172e-02
2.53750000000000000000000000000000e+01,9.39553900483159258390972003449139e-02,-2.67474105637589214080220789609431e-03,1.08607909508886528119535869284696e-01,-5.69670406372993573632090571221957e-02
2.53999999999999999999999999999997e+01,9.38813634859070213409213190741494e-02,-3.24681539711697731189191604767936e-03,1.07179161041441519222304849390593e-01,-5.73312199536788333420664688237221e-02
2.54250000000000000000000000000000e+01,9.37930778524417635402758478222043e-02,-3.81545505370107930626599107904056e-03,1.05741429384301779578477189240246e-01,-5.76856933100500043807338462086376e-02
2.54499999999999999999999999999999e+01,9.36906198896999416176380973957542e-02,-4.38059020028093589176011379289196e-03,1.04294957371013038657192866159092e-01,-5.80304461958673753753076170704172e-02
2.54749999999999999999999999999999e+01,9.35740780740173070341077442226196e-02,-4.94215189743645094214535239447503e-03,1.02839988178907746134470163306528e-01,-5.83654656182223836224482311439669e-02
2.55000000000000000000000000000001e+01,9.34435425941490572899021600765233e-02,-5.50007209305661253577766616885529e-03,1.01376765291205299215981066726796e-01,-5.86907400983585889634164166357025e-02
2.55249999999999999999999999999996e+01,9.32991053288970515497579017901997e-02,-6.05428363970370442278580978918791e-03,9.99055324592139937656042283546494e-02,-5.90062596670549573679375098381023e-02
2.55500000000000000000000000000001e+01,9.31408598241637151266713514773028e-02,-6.60472032096173332244372473259889e-03,9.84265336646588954392359961018432e-02,-5.93120158592868369341892310504929e-02
2.55749999999999999999999999999998e+01,9.29689012693809182536528570892903e-02,-7.15131687284779706172284585345769e-03,9.69400130821441734969888169144487e-02,-5.96080017089348911491153839834606e-02
2.55999999999999999999999999999999e+01,9.27833264735938690088978418674494e-02,-7.69400898919721210314516353058211e-03,9.54462150417397449560240474340478e-02,-5.98942117441814798037342057111627e-02
2.56250000000000000000000000000000e+01,9.25842338416333915377358751371463e-02,-8.23273331043180059004576448044229e-03,9.39453839916728100871952357891354e-02,-6.01706419836566126473421311396289e-02
2.56499999999999999999999999999997e+01,9.23717233506754038772900184449366e-02,-8.76742740626587956920055005177502e-03,9.24377644611120110638829556881268e-02,-6.04372899327382207626570864514931e-02
2.56750000000000000000000000000000e+01,9.21458965271505313494473554826843e-02,-9.29802976700190198038671768368089e-03,9.09236010230515551178836950918331e-02,-6.06941545791291740707105373481933e-02
2.57000000000000000000000000000000e+01,9.19068564236569044119396523572162e-02,-9.82447981217591440666602518584294e-03,8.94031382573217656136888738452703e-02,-6.09412363871470245541201606752501e-02
2.57249999999999999999999999999999e+01,9.16547075954571910320196831550496e-02,-1.03467179134234591147061530409692e-02,8.78766207137578553954086832392729e-02,-6.11785372908810710359372489410899e-02
2.57499999999999999999999999999999e+01,9.13895560763554485771455076801531e-02,-1.08646854187441140384493726744875e-02,8.63442928755460530884617317925743e-02,-6.14060606870059427960165685812934e-02
2.57749999999999999999999999999996e+01,9.11115093541017597535911084315114e-02,-1.13783246644975800393135315653024e-02,8.48063991227438415348566324497722e-02,-6.16238114281430543964538440099313e-02
2.58000000000000000000000000000000e+01,9.08206763457212206406329770082168e-02,-1.18875789699162806357284494118089e-02,8.32631836959542957681340527636209e-02,-6.18317958171478952747866148369727e-02
2.58249999999999999999999999999999e+01,9.05171673731425437290197502181407e-02,-1.23923926206864507273173787653222e-02,8.17148906601349750683646284008139e-02,-6.20300216019239619972417431230298e-02
2.58499999999999999999999999999999e+01,9.02010941392325348805932189637598e-02,-1.28927108551191026732688764520561e-02,8.01617638685392113044869343184892e-02,-6.22184979698652553060017275093252e-02
2.58750000000000000000000000000000e+01,8.98725697040157600940770585231177e-02,-1.33884798640493489514294483510549e-02,7.86040469268098245490466446933438e-02,-6.23972355411553522439538551986707e-02
2.58999999999999999999999999999998e+01,8.95317084606952196945258397406368e-02,-1.38796468058817267176966219592803e-02,7.70419831572569270016715764019395e-02,-6.25662463608071101690867617564495e-02
2.59250000000000000000000000000000e+01,8.91786261111907644953556500221367e-02,-1.43661598280415765192019009256434e-02,7.54758155633447533668799070126083e-02,-6.27255438900482716436914338057294e-02
2.59499999999999999999999999999998e+01,8.88134396411958180134408933284250e-02,-1.48479680823085879750678137646870e-02,7.39057867943924475681817159718473e-02,-6.28751429979452688220294397921735e-02
2.59749999999999999999999999999999e+01,8.84362672950214853156221626290305e-02,-1.53250217261968075899966888738227e-02,7.23321391104744882830817191708152e-02,-6.30150599538285229188656615871077e-02
2.60000000000000000000000000000000e+01,8.80472285505757771192601657999767e-02,-1.57972719120058834525927909411996e-02,7.07551143475009219641999886090788e-02,-6.31453124203889851994817199048668e-02
2.60249999999999999999999999999997e+01,8.76464440946776270633574518240989e-02,-1.62646707728380371495441253147725e-02,6.91749538824687948611637277287072e-02,-6.32659194467478912514460330032763e-02
2.60500000000000000000000000000000e+01,8.72340357986442798738609293412377e-02,-1.67271714159407263380572381693800e-02,6.75918985988956294710584217695403e-02,-6.33769014607363601887003928614047e-02
2.60749999999999999999999999999999e+01,8.68101266938927057315738815028288e-02,-1.71847279281339801069703468648343e-02,6.60061888524599575253617694726860e-02,-6.34782802600690264232640697219598e-02
2.60999999999999999999999999999999e+01,8.63748409472797651860851158417346e-02,-1.76372953900403168592309393204151e-02,6.44180644368737753921475840455628e-02,-6.35700790027193689451485519630568e-02
2.61250000000000000000000000000001e+01,8.59283038360637502326540561341396e-02,-1.80848298906504648749347443326866e-02,6.28277645499985197748506389412780e-02,-6.36523221971764364897314501331762e-02
2.61499999999999999999999999999996e+01,8.54706417225864918375266784966373e-02,-1.85272885342971572709058015392593e-02,6.12355277601995006270925228611357e-02,-6.37250356931621567540115735607496e-02
2.61750000000000000000000000000001e+01,8.50019820289129975088127846733259e-02,-1.89646294373494197099037680636236e-02,5.96415919729246857283587955116821e-02,-6.37882466729280052618647398810508e-02
2.61999999999999999999999999999998e+01,8.45224532116513810076135067049706e-02,-1.93968117181674168209829176388459e-02,5.80461943974972532843905174875049e-02,-6.38419836427643919014904551278851e-02
2.62249999999999999999999999999999e+01,8.40321847370352712697266036182672e-02,-1.98237954873180802576622800008195e-02,5.64495715141237932232047969657680e-02,-6.38862764241562151713495424792710e-02
2.62500000000000000000000000000000e+01,8.35313070561789157611863396159628e-02,-2.02455418441433900322534513537793e-02,5.48519590411326475442705278204807e-02,-6.39211561441919785666636849131606e-02
2.62749999999999999999999999999997e+01,8.30199515803120510697497000544705e-02,-2.06620128815708694039089276368317e-02,5.32535919024619038216412819486080e-02,-6.39466552252240249730985350554249e-02
2.63000000000000000000000000000000e+01,8.24982506558171764657100107683276e-02,-2.10731716962391138618237228019476e-02,5.16547041954119425037541840426531e-02,-6.39628073741183420404273804862577e-02
2.63250000000000000000000000000000e+01,8.19663375390067673786609899949835e-02,-2.14789823981873517815711054815169e-02,5.00555291586671477435489791641996e-02,-6.39696475715321438641959356363583e-02
2.63499999999999999999999999999999e+01,8.14243463707228909487886961278217e-02,-2.18794101147995230548636222616869e-02,4.84562991405820395093134974224782e-02,-6.39672120614979355634931575454120e-02
2.63749999999999999999999999999999e+01,8.08724121509373885630531887611372e-02,-2.22744209869511785679312438782937e-02,4.68572455677237029033697329174489e-02,-6.39555383413039740419720656913972e-02
2.63999999999999999999999999999996e+01,8.03106707135274174494108460877832e-02,-2.26639821596035490187269390254012e-02,4.52585989136659816080577941576493e-02,-6.39346651514164773755830527017116e-02
2.64250000000000000000000000000000e+01,7.97392587013013036358387382564326e-02,-2.30480617721722536387421396445979e-02,4.36605886680386999574324774008389e-02,-6.39046324651057731074390972071161e-02
2.64499999999999999999999999999999e+01,7.91583135412073781632609446882021e-02,-2.34266289541697575756500091813761e-02,4.20634433058427149287284323934464e-02,-6.38654814775356749664907435384856e-02
2.64749999999999999999999999999999e+01,7.85679734195534771531924557487882e-02,-2.37996538286197523702865125918515e-02,4.04673902570450539417321499156200e-02,-6.38172545942883899494964123654254e-02
2.65000000000000000000000000000000e+01,7.79683772570607533538152036379210e-02,-2.41671075210720171213669210848292e-02,3.88726558764661747340090881360368e-02,-6.37599954195194507310450858149099e-02
2.65249999999999999999999999999998e+01,7.73596646836813003825969929534116e-02,-2.45289621683795029803761449546691e-02,3.72794654139646501933600399912329e-02,-6.36937487440617232646428947377066e-02
2.65500000000000000000000000000000e+01,7.67419760132670613907720813801735e-02,-2.48851909211179945448880310819462e-02,3.56880429849167517731019219111759e-02,-6.36185605337569250260505703299940e-02
2.65749999999999999999999999999998e+01,7.61154522182913887209103495503335e-02,-2.52357679371403562782231044413568e-02,3.40986115409837078446902485435884e-02,-6.35344779180941447496758567131107e-02
2.65999999999999999999999999999999e+01,7.54802349048177220788709138217258e-02,-2.55806683692675236526539569911718e-02,3.25113928411607745660729948413988e-02,-6.34415491789724765056185863474820e-02
2.66250000000000000000000000000000e+01,7.48364662877781052127900488827279e-02,-2.59198683540356898303310921700093e-02,3.09266074231094004645379617702148e-02,-6.33398237392290057704751344045159e-02
2.66499999999999999999999999999997e+01,7.41842891664466606374610415359409e-02,-2.62533450079795942334503762467993e-02,2.93444745747828064265974438304461e-02,-6.32293521506068307745704369584191e-02
2.66750000000000000000000000000000e+01,7.35238468998856815139646248307924e-02,-2.65810764331124577619139916947299e-02,2.77652123063606175253566746399901e-02,-6.31101860810869374878754655484882e-02
2.66999999999999999999999999999999e+01,7.28552833821808855819608652106577e-02,-2.69030417270707956964609958191912e-02,2.61890373225058825699352693305558e-02,-6.29823783018336689813143450733649e-02
2.67249999999999999999999999999999e+01,7.21787430174482251248708279860637e-02,-2.72192209900013906650402199228346e-02,2.46161649949486685027698425141257e-02,-6.28459826741939272110906840532215e-02
2.67500000000000000000000000000001e+01,7.14943706947798055339436498305220e-02,-2.75295953221501996827725174649527e-02,2.30468093353899442972885063804595e-02,-6.27010541371000095022363345489812e-02
2.67749999999999999999999999999996e+01,7.08023117633752941052218742379057e-02,-2.78341468121799780436592504214329e-02,2.14811829687146506232069181141644e-02,-6.25476486948914207054371250574100e-02
2.68000000000000000000000000000001e+01,7.01027120080210369215987358769399e-02,-2.81328585224341629294794510350480e-02,1.99194971065073410161430724932083e-02,-6.23858234052053906744172686217326e-02
2.68249999999999999999999999999998e+01,6.93957176248863299684363314661920e-02,-2.84257144794020211258768123397709e-02,1.83619615208750093247776721596129e-02,-6.22156363664429406984530104755659e-02
2.68499999999999999999999999999999e+01,6.86814751974353483566977212047393e-02,-2.87126996740509017304640876190575e-02,1.68087845185922331328197683294410e-02,-6.20371467045108822742406785200698e-02
2.68750000000000000000000000000000e+01,6.79601316722209918287201036548552e-02,-2.89938000699076984037381804236233e-02,1.52601729155862059618936130467418e-02,-6.18504145589509700725428127577955e-02
2.68999999999999999999999999999997e+01,6.72318343344550973416232260543575e-02,-2.92690026114661211753462326068108e-02,1.37163320117715835385528381566780e-02,-6.16555010689156435744049342194317e-02
2.69250000000000000000000000000000e+01,6.64967307834494169218837302059283e-02,-2.95382952253066200230680326564370e-02,1.21774655662323233967218506492007e-02,-6.14524683594889200665554652315066e-02
2.69500000000000000000000000000000e+01,6.57549689081565090721025749679660e-02,-2.98016668112990707687418945182191e-02,1.06437757727385485047791649656830e-02,-6.12413795285468466916666818921148e-02
2.69749999999999999999999999999999e+01,6.50066968630193744205128291610499e-02,-3.00591072278972623363349325668926e-02,9.11546323558723957340611871950491e-03,-6.10222986339129254166276417524913e-02
2.69999999999999999999999999999999e+01,6.42520630441814112756598377377017e-02,-3.03106072792596111808438553670225e-02,7.59272694576570215288290245853522e-03,-6.07952906802961580572656557188433e-02
2.70249999999999999999999999999996e+01,6.34912160659246328641489894309607e-02,-3.05561587103193569137900904976765e-02,6.07576425744917749051022419364905e-03,-6.05604216055888276879769350253417e-02
2.70500000000000000000000000000000e+01,6.27243047371181202450431146698983e-02,-3.07957542102961898373140174964541e-02,4.56477086485005288602011440514928e-03,-6.03177582664816063836798036097827e-02
2.70749999999999999999999999999999e+01,6.19514780375229326940309688353435e-02,-3.10293874194736319257979573007423e-02,3.05994077943178594888426646873188e-03,-6.00673684237560161541490831557728e-02
2.70999999999999999999999999999999e+01,6.11728850939633396414675862985468e-02,-3.12570529321504956019152888666369e-02,1.56146630748909232509746826423961e-03,-5.98093207277604935953903075466950e-02
2.71250000000000000000000000000000e+01,6.03886751565233962969524891345687e-02,-3.14787462915412599253868069923003e-02,6.95380280852311406549736355486361e-05,-5.95436847043747980641145324283149e-02
2.71499999999999999999999999999998e+01,5.95989975749659672200620371074781e-02,-3.16944639778185661353808409531778e-02,-1.41565522866546528659111966581847e-03,-5.92705307413708069293073996558609e-02
2.71750000000000000000000000000000e+01,5.88040017754818162786083912109818e-02,-3.19042033947179001641024303848071e-02,-2.89392640297495656685897088752530e-03,-5.89899300747654885597274997238830e-02
2.71999999999999999999999999999998e+01,5.80038372377271684318251359006035e-02,-3.21079628605233406102845924668736e-02,-4.36509022641284891772653742730219e-03,-5.87019547747403103094042406581761e-02
2.72249999999999999999999999999999e+01,5.71986534719994706112863224100589e-02,-3.23057416059251826040755980921499e-02,-5.82896324257813398108804071519187e-03,-5.84066777309658127836622763085202e-02
2.72500000000000000000000000000000e+01,5.63885999963976774692786095842912e-02,-3.24975397766707047232440786703979e-02,-7.28536382739824967401621344589051e-03,-5.81041726375228911619324803010582e-02
2.72749999999999999999999999999997e+01,5.55738263139069914508093179188910e-02,-3.26833584361130429878141999004729e-02,-8.73411220905022915840961932557296e-03,-5.77945139778126047917174660018418e-02
2.73000000000000000000000000000000e+01,5.47544818894709737309266443057433e-02,-3.28631995632373442857736041550507e-02,-1.01750304875081430511324658831226e-02,-5.74777770097764870311367814204116e-02
2.73249999999999999999999999999999e+01,5.39307161271886185794880756888280e-02,-3.30370660448235343523074735057779e-02,-1.16079426537259028606845357533365e-02,-5.71540377514815632746231894864522e-02
2.73499999999999999999999999999999e+01,5.31026783477612041987021320790280e-02,-3.32049616639286480875028971492650e-02,-1.30326746084621872814969274643735e-02,-5.68233729668519966795798174535757e-02
2.73750000000000000000000000000001e+01,5.22705177662308528935116374088423e-02,-3.33668910887264715601073740034117e-02,-1.44490541807470463949237662804492e-02,-5.64858601512255915127126840084207e-02
2.73999999999999999999999999999996e+01,5.14343834699552665360385056052384e-02,-3.35228598650908621304037646367236e-02,-1.58569111459827059232877223749098e-02,-5.61415775165217213713976340294157e-02
2.74250000000000000000000000000001e+01,5.05944243967075854101634767097643e-02,-3.36728744138389021615761082859126e-02,-1.72560772436685401096392346234789e-02,-5.57906039760324669518081219949907e-02
2.74499999999999999999999999999998e+01,4.97507893128031565678138416004636e-02,-3.38169420308239929414190506531803e-02,-1.86463861947430980195955348669417e-02,-5.54330191290387390883936815887950e-02
2.74749999999999999999999999999999e+01,4.89036267912229035271534088545640e-02,-3.39550708865566721040232366270667e-02,-2.00276737185420553851785841001254e-02,-5.50689032455019491824950377471863e-02
2.75000000000000000000000000000000e+01,4.80530851897851614729357817975390e-02,-3.40872700224019718400943531891561e-02,-2.13997775493762199195669055822079e-02,-5.46983372509839642895684522514560e-02
2.75249999999999999999999999999997e+01,4.71993126294693978769523870774675e-02,-3.42135493423354548716805870302818e-02,-2.27625374527354532424842123408737e-02,-5.43214027117812538179285926202874e-02
2.75500000000000000000000000000000e+01,4.63424569729894489218179542150600e-02,-3.43339196016798467106214149300107e-02,-2.41157952411221469791450582087142e-02,-5.39381818201228334876071360354479e-02
2.75750000000000000000000000000000e+01,4.54826658036544556393146953700076e-02,-3.44483923959100835366797160963475e-02,-2.54593947895133920266333741078736e-02,-5.35487573792405590445516387184650e-02
2.75999999999999999999999999999999e+01,4.46200864044748920477621997177276e-02,-3.45569801525878429451531272880643e-02,-2.67931820504467938510987776587522e-02,-5.31532127881818443317863768559939e-02
2.76249999999999999999999999999999e+01,4.37548657374143036930301591614997e-02,-3.46596961276908085092654299638419e-02,-2.81170050687231447614619952324790e-02,-5.27516320263591359848039266992939e-02
2.76499999999999999999999999999996e+01,4.28871504226891499839720733669640e-02,-3.47565544049491337923092563668604e-02,-2.94307139957206666907882569347015e-02,-5.23440996379551061975997774153017e-02
2.76750000000000000000000000000000e+01,4.20170867180820539150497337537478e-02,-3.48475698948157518294511827691404e-02,-3.07341611033195080588132140363418e-02,-5.19307007163675229489460679433633e-02
2.76999999999999999999999999999999e+01,4.11448204983231483146716774830059e-02,-3.49327583296766989248258304270381e-02,-3.20272007974396039539187663848963e-02,-5.15115208888477421624007543087302e-02
2.77249999999999999999999999999999e+01,4.02704972346554681447445287310144e-02,-3.50121362540534214811685081309511e-02,-3.33096896311975092997257429999665e-02,-5.10866463013695970955840097379346e-02
2.77500000000000000000000000000000e+01,3.93942619746919531313393137388838e-02,-3.50857210116632439699074690090994e-02,-3.45814863176868373284573760645750e-02,-5.06561636036178255345669153916738e-02
2.77749999999999999999999999999998e+01,3.85162593225941584329413518573602e-02,-3.51535307333072958623671057244489e-02,-3.58424517423827798158891602987547e-02,-5.02201599338918961664085870127418e-02
2.78000000000000000000000000000000e+01,3.76366334195029036096427318757600e-02,-3.52155843291529833787869324676876e-02,-3.70924489751661466451796416426842e-02,-4.97787229037481707787349323845726e-02
2.78249999999999999999999999999998e+01,3.67555279240941645130651091489831e-02,-3.52719014861587672041535297460804e-02,-3.83313432819596042246149739417529e-02,-4.93319405823492078787257287500418e-02
2.78499999999999999999999999999999e+01,3.58730859931601541972687726834420e-02,-3.53225026679189505385124532168856e-02,-3.95590021359703827271214785233806e-02,-4.88799014806715345814274280163525e-02
2.78750000000000000000000000000000e+01,3.49894502622116757364831182602360e-02,-3.53674091124289901404206329608299e-02,-4.07752952285390563083414723136196e-02,-4.84226945358229780688413628528023e-02
2.78999999999999999999999999999997e+01,3.41047628262009354253800667866615e-02,-3.54066428244932443438850918153560e-02,-4.19800944795998573282875775003937e-02,-4.79604090956605087394445179492361e-02
2.79250000000000000000000000000000e+01,3.32191652205040254329706375630973e-02,-3.54402265629949040226571601999972e-02,-4.31732740477604691074847413624336e-02,-4.74931349037061691180563662147314e-02
2.79499999999999999999999999999999e+01,3.23327984022502017390223540421486e-02,-3.54681838266787624961142187509766e-02,-4.43547103400064585746699073401848e-02,-4.70209620841557836112802141524920e-02
2.79749999999999999999999999999999e+01,3.14458027319746641188673351963397e-02,-3.54905388430892181138131692748426e-02,-4.55242820210290960662921439099421e-02,-4.65439811267039730624306245931622e-02
2.80000000000000000000000000000001e+01,3.05583179554774848863301107304603e-02,-3.55073165631342728737008979893007e-02,-4.66818700221695462330006478468544e-02,-4.60622828710274002928427085062561e-02
2.80249999999999999999999999999996e+01,2.96704831857579236346233423016030e-02,-3.55185426598830017978363772413612e-02,-4.78273575499713606309938841958371e-02,-4.55759584910025680323068475452329e-02
2.80500000000000000000000000000001e+01,2.87824368849696141864362010563697e-02,-3.55242435273086060682852105524381e-02,-4.89606300943377959824495691064103e-02,-4.50850994789249902831153421701677e-02
2.80749999999999999999999999999999e+01,2.78943168464553512866775354659536e-02,-3.55244462747454547759262933038904e-02,-5.00815754362977315120936455819674e-02,-4.45897976300080822827198474510254e-02
2.80999999999999999999999999999999e+01,2.70062601769929497288595718434139e-02,-3.55191787157570636409948963481213e-02,-5.11900836553889335106915322203257e-02,-4.40901450272605912870776637128114e-02
2.81250000000000000000000000000000e+01,2.61184032793674767332551251044815e-02,-3.55084693538509766772113784324070e-02,-5.22860471366666903938050186459336e-02,-4.35862340265938588539699503280890e-02
2.81499999999999999999999999999997e+01,2.52308818352934648830785307503582e-02,-3.54923473694569815007527025048529e-02,-5.33693605773399425586931964355386e-02,-4.30781572418671748108796020181078e-02
2.81750000000000000000000000000000e+01,2.43438307886077558242414926484051e-02,-3.54708426115257459032672818304324e-02,-5.44399209930300899150681212784755e-02,-4.25660075296402686012150451179671e-02
2.82000000000000000000000000000000e+01,2.34573843286087795607095028537782e-02,-3.54439855938496908287233094489092e-02,-5.54976277236445018882254265105574e-02,-4.20498779736221243904562609353592e-02
2.82249999999999999999999999999999e+01,2.25716758734584202396789852943861e-02,-3.54118074930519343416318355391263e-02,-5.65423824388595111900676488340031e-02,-4.15298618690294117351799152986280e-02
2.82499999999999999999999999999999e+01,2.16868380536567748537594617100165e-02,-3.53743401442349391194739157376361e-02,-5.75740891432143425973128061914911e-02,-4.10060527071412325051180309489463e-02
2.82749999999999999999999999999996e+01,2.08030026956827731357013041607901e-02,-3.53316160320213726789018021342308e-02,-5.85926541808233801798146308408687e-02,-4.04785441602143392367297343901948e-02
2.83000000000000000000000000000000e+01,1.99203008059114731241852039816155e-02,-3.52836682778174674608310336782116e-02,-5.95979862397154480781177361376831e-02,-3.99474300666964634589235138458707e-02
2.83249999999999999999999999999999e+01,1.90388625548650386908363706773278e-02,-3.52305306264523341529910949220771e-02,-6.05899963558047789408046745066247e-02,-3.94128044165041134628296239326558e-02
2.83499999999999999999999999999999e+01,1.81588172617692785789144184605577e-02,-3.51722374354555271474182281681379e-02,-6.15685979164920829358235867334960e-02,-3.88747613361278025345822002443269e-02
2.83750000000000000000000000000000e+01,1.72802933793281272856030421895659e-02,-3.51088236682646517979532376938078e-02,-6.25337066638899584169561905386652e-02,-3.83333950734834491609803901796129e-02
2.83999999999999999999999999999998e+01,1.64034184786297262747595732678347e-02,-3.50403248900625566347448737503578e-02,-6.34852406976674523272044393431535e-02,-3.77887999826279961636782741945867e-02
2.84250000000000000000000000000000e+01,1.55283192341530589760868475830131e-02,-3.49667772634200412758430698685215e-02,-6.44231204775131806763128939286437e-02,-3.72410705085645935044217514206719e-02
2.84499999999999999999999999999998e+01,1.46551214089138049480535146626715e-02,-3.48882175412846569440958517533090e-02,-6.53472688252217551883830933302013e-02,-3.66903011723158190502292604005279e-02
2.84750000000000000000000000000000e+01,1.37839498398283703675065647440595e-02,-3.48046830566617486847039771970610e-02,-6.62576109264108612454523391666148e-02,-3.61365865562880078589148604704936e-02
2.85000000000000000000000000000000e+01,1.29149284233651125218514290154659e-02,-3.47162117103238019515703925597333e-02,-6.71540743318748471151197554607894e-02,-3.55800212897973013609626556001149e-02
2.85249999999999999999999999999997e+01,1.20481801015030529467930623538924e-02,-3.46228419588725061157746429194171e-02,-6.80365889585765224282918392852897e-02,-3.50207000345748412453994961742074e-02
2.85500000000000000000000000000000e+01,1.11838268479632375820740916176984e-02,-3.45246128050312147214492253827241e-02,-6.89050870902749462343074604684725e-02,-3.44587174701353951443187961420427e-02
2.85749999999999999999999999999999e+01,1.03219896546481785861643892573913e-02,-3.44215637905975554127925213008361e-02,-6.97595033777857042653733797571439e-02,-3.38941682790234506574744553866793e-02
2.85999999999999999999999999999999e+01,9.46278851823436817945090720603196e-03,-3.43137349909464244131910098602012e-02,-7.05997748388719930683721710630207e-02,-3.33271471320564451728267935837103e-02
2.86250000000000000000000000000001e+01,8.60634242690284622157681868158785e-03,-3.42011670091688797526811202143693e-02,-7.14258408577682997255695132700310e-02,-3.27577486737079424538065569404202e-02
2.86499999999999999999999999999996e+01,7.75276934723928647199796780111413e-03,-3.40839009682114630828819596471375e-02,-7.22376431843414085108821990931259e-02,-3.21860675077139583273793532007321e-02
2.86750000000000000000000000000001e+01,6.90218621136268131138652398512861e-03,-3.39619785005233440881929245246347e-02,-7.30351259328943382274482693090770e-02,-3.16121981828894568603489064190055e-02
2.86999999999999999999999999999999e+01,6.05470890433621412378118723159981e-03,-3.38354417361009409503585799503300e-02,-7.38182355806174409257888873870481e-02,-3.10362351790662700733160288340374e-02
2.87249999999999999999999999999999e+01,5.21045225187866107316582475043057e-03,-3.37043332907150834462868478956063e-02,-7.45869209656882978756713577037028e-02,-3.04582728930439638862986283228114e-02
2.87500000000000000000000000000000e+01,4.36953000834889055823725746191290e-03,-3.35686962560201077389375779491147e-02,-7.53411332850197248283253897165393e-02,-2.98784056244836757765094719302742e-02
2.87749999999999999999999999999997e+01,3.53205484494547324707741577120359e-03,-3.34285741921749944072175823204107e-02,-7.60808260916543313855328044160029e-02,-2.92967275617472154053806050182894e-02
2.88000000000000000000000000000000e+01,2.69813833806671835457803507365350e-03,-3.32840111221032092958243474912010e-02,-7.68059552918050624882632150076341e-02,-2.87133327677534227792479645305172e-02
2.88250000000000000000000000000000e+01,1.86789095781367426992604133571783e-03,-3.31350515254473334016115930862122e-02,-7.75164791415434760803853219236623e-02,-2.81283151659573220375721445522787e-02
2.88499999999999999999999999999999e+01,1.04142205666909236995156033451954e-03,-3.29817403303415779813103880966206e-02,-7.82123582431400001374014570719014e-02,-2.75417685265366521267737177212382e-02
2.88749999999999999999999999999999e+01,2.18839858418131782863093339371988e-04,-3.28241229023945772175921056938340e-02,-7.88935555410617274763353031923218e-02,-2.69537864528016028247092263127518e-02
2.88999999999999999999999999999996e+01,-5.99748552630692864398681838048918e-04,-3.26622450320310924854088803268092e-02,-7.95600363176326306819470548510754e-02,-2.63644623677607178591538890283987e-02
2.89250000000000000000000000000000e+01,-1.41423724211121540138372705585802e-03,-3.24961529224646104609919366548850e-02,-8.02117681883586620263104021807473e-02,-2.57738895007267995239674542337906e-02
2.89499999999999999999999999999999e+01,-2.22452143579490934778529963455910e-03,-3.23258931802589045456190935944138e-02,-8.08487210969173948714338648552679e-02,-2.51821608738665354790570674192092e-02
2.89749999999999999999999999999999e+01,-3.03049752958865462192567211724177e-03,-3.21515128087923750721706818631524e-02,-8.14708673098104396647281078707566e-02,-2.45893692886826765882599006540538e-02
2.90000000000000000000000000000000e+01,-3.83206309939020117756343668773623e-03,-3.19730592029985223867630879505992e-02,-8.20781814106779213034970135139944e-02,-2.39956073125195602453169266134763e-02
2.90249999999999999999999999999998e+01,-4.62911691080096549520262930664103e-03,-3.17905801428323279836247383052548e-02,-8.26706402942773976695189581208287e-02,-2.34009672652345932922460738936354e-02
2.90500000000000000000000000000000e+01,-5.42155892863851319578687314374228e-03,-3.16041237836904605860517621628565e-02,-8.32482231601328592911240875037828e-02,-2.28055412061392180248661997990836e-02
2.90749999999999999999999999999998e+01,-6.20929032617107734043716847242715e-03,-3.14137386440253522579366520532752e-02,-8.38109115058607070036602328284863e-02,-2.22094209212013849885818342637609e-02
2.91000000000000000000000000000000e+01,-6.99221349402840478655218233730813e-03,-3.12194735922900668379222852949702e-02,-8.43586891201778872343923144153515e-02,-2.16126979103892408800811932246543e-02
2.91250000000000000000000000000000e+01,-7.77023204880634669472863919852122e-03,-3.10213778358197650140789483772367e-02,-8.48915420755936997866054620299362e-02,-2.10154633750010060691353454321665e-02
2.91499999999999999999999999999997e+01,-8.54325084143422459447077102149441e-03,-3.08195009129493482874050745992690e-02,-8.54094587207836349227944258267829e-02,-2.04178082048978966273042198217805e-02
2.91750000000000000000000000000000e+01,-9.31117596537883811193421143242607e-03,-3.06138926874708333856506685336945e-02,-8.59124296726431787738763160413604e-02,-1.98198229656904041061708347621128e-02
2.91999999999999999999999999999999e+01,-1.00739147647138122628725118367120e-02,-3.04046033429591346140079445200707e-02,-8.64004478080222617237780785246659e-02,-1.92215978860321360056906356711827e-02
2.92249999999999999999999999999999e+01,-1.08313758420189655996656231545323e-02,-3.01916833746194846005397553781580e-02,-8.68735082551451305008582514842257e-02,-1.86232228451759175610392698785996e-02
2.92500000000000000000000000000001e+01,-1.15834690660352805550288471496612e-02,-2.99751835780255334115437970549573e-02,-8.73316083847231106104567799169662e-02,-1.80247873608412546112903834412815e-02
2.92749999999999999999999999999996e+01,-1.23301055790128458453144363558148e-02,-2.97551550362191341210266528378244e-02,-8.77747478007671441220261863632860e-02,-1.74263805773029319704070438270006e-02
2.93000000000000000000000000000001e+01,-1.30711978037424730699716823271457e-02,-2.95316491076891204687870163581297e-02,-8.82029283311035551729674115428697e-02,-1.68280912535345311249692719418490e-02
2.93249999999999999999999999999999e+01,-1.38066594503193052481031733394472e-02,-2.93047174170641760483327014112659e-02,-8.86161540175926146517492746212932e-02,-1.62300077512807344991441745882902e-02
2.93499999999999999999999999999999e+01,-1.45364055227099085776833024424180e-02,-2.90744118484770192870783449803590e-02,-8.90144311060478437200955962814246e-02,-1.56322180230593726819096934021468e-02
2.93750000000000000000000000000000e+01,-1.52603523251692810351427607685572e-02,-2.88407845398034013921313304576713e-02,-8.93977680358557125849724399680881e-02,-1.50348096002187032737858810347728e-02
2.93999999999999999999999999999997e+01,-1.59784174685001409451594564799733e-02,-2.86038878755142963828979549311842e-02,-8.97661754292992193926154445774538e-02,-1.44378695812115753867841766609045e-02
2.94250000000000000000000000000000e+01,-1.66905198761011562742005999543378e-02,-2.83637744769306706994609701267511e-02,-9.01196660805921224694645757069086e-02,-1.38414846201740685301438810087352e-02
2.94500000000000000000000000000000e+01,-1.73965797897428034849573098626342e-02,-2.81204971904382004423470652571303e-02,-9.04582549446311649910130021797890e-02,-1.32457409157670721012891553722681e-02
2.94749999999999999999999999999999e+01,-1.80965187750417471112381143400440e-02,-2.78741090754925219053038324565846e-02,-9.07819591254712454287614780663222e-02,-1.26507242001455859850187747313732e-02
2.94999999999999999999999999999999e+01,-1.87902597266531119486538985966393e-02,-2.76246633942404576791170047789132e-02,-9.10907978645249324275806011903633e-02,-1.20565197279235915511664301265132e-02
2.95249999999999999999999999999996e+01,-1.94777268732324887356165026623749e-02,-2.73722136034197240413396008797751e-02,-9.13847925284854602226548902637382e-02,-1.14632122650938214033700962636764e-02
2.95500000000000000000000000000000e+01,-2.01588457822169628926807900600213e-02,-2.71168133477316005012459755233017e-02,-9.16639665969727972177869643741176e-02,-1.08708860779741488578112787269118e-02
2.95749999999999999999999999999999e+01,-2.08335433644418921040441706970730e-02,-2.68585164530604519412658764413918e-02,-9.19283456499050667496298583691594e-02,-1.02796249223094898355078436159729e-02
2.95999999999999999999999999999999e+01,-2.15017478785707155690662977618826e-02,-2.65973769181750859602163548615288e-02,-9.21779573546005982466588779360773e-02,-9.68951203262743888598176356523660e-03
2.96250000000000000000000000000000e+01,-2.21633889352934447755994001078960e-02,-2.63334489046026294041958213077515e-02,-9.24128314526172560359232402431003e-02,-9.10063011185584800155991117188594e-03
2.96499999999999999999999999999998e+01,-2.28183975012566496111615138313815e-02,-2.60667867254872192913667340976808e-02,-9.26329997463347391303086527095960e-02,-8.51306132112534989282798004382264e-03
2.96750000000000000000000000000000e+01,-2.34667059027163145391275595412022e-02,-2.57974448347688530910277252052638e-02,-9.28384960852831339348499244509501e-02,-7.92688726965291485551178212971983e-03
2.96999999999999999999999999999998e+01,-2.41082478289360656503033308902323e-02,-2.55254778177205970086539655605944e-02,-9.30293563522188119418984028584212e-02,-7.34218900464347779943631862295159e-03
2.97250000000000000000000000000000e+01,-2.47429583353690831438066932647864e-02,-2.52509403830359469075255097096370e-02,-9.32056184489481226374320157959087e-02,-6.75904700122128184004539924422307e-03
2.97500000000000000000000000000000e+01,-2.53707738466553038631032457539031e-02,-2.49738873557906187856266730557260e-02,-9.33673222819004422489566896260818e-02,-6.17754115246116673990821543076698e-03
2.97749999999999999999999999999997e+01,-2.59916321594420402945180477379215e-02,-2.46943736701779952563376008467585e-02,-9.35145097474541342164414804358599e-02,-5.59775075960053132120548166226669e-03
2.98000000000000000000000000000000e+01,-2.66054724450099056411395959126905e-02,-2.44124543611145581618371219159269e-02,-9.36472247170206080800945001272347e-02,-5.01975452247658141405424560125869e-03
2.98249999999999999999999999999999e+01,-2.72122352516712338006247560171652e-02,-2.41281845544847805206032540395116e-02,-9.37655130218920801164104581303941e-02,-4.44363053017813271061487587920119e-03
2.98499999999999999999999999999999e+01,-2.78118625069125457328952528603763e-02,-2.38416194565761937186811568903215e-02,-9.38694224378577852459468163940278e-02,-3.86945625185923593167665866744641e-03
2.98750000000000000000000000000001e+01,-2.84042975192734282802417703224127e-02,-2.35528143437338362649336606358193e-02,-9.39590026695918831266986285219315e-02,-3.29730852765276502246593497831570e-03
2.98999999999999999999999999999996e+01,-2.89894849799800630299367482163640e-02,-2.32618245531747482171357909711825e-02,-9.40343053348150018359357605201375e-02,-2.72726355964596238642447216825275e-03
2.99250000000000000000000000000001e+01,-2.95673709643679975259713592424080e-02,-2.29687054752693650378324565153366e-02,-9.40953839482309273921521267305877e-02,-2.15939690292184170157682512599508e-03
2.99499999999999999999999999999999e+01,-3.01379029331255786967557279342021e-02,-2.26735125467465904198726342270070e-02,-9.41422939052405648249129205023831e-02,-1.59378345670921589200797388827803e-03
2.99749999999999999999999999999999e+01,-3.07010297333675294539185486018067e-02,-2.23763012437050615019142092131042e-02,-9.41750924654366412264634981521929e-02,-1.03049745570119734698184367144648e-03
3.00000000000000000000000000000000e+01,-3.12567015995197246753301455339147e-02,-2.20771270733954818229757065032398e-02,-9.41938387358840038801935240147330e-02,-4.69612461587923155357052729938151e-04
3.00249999999999999999999999999997e+01,-3.18048701539787816627667070236789e-02,-2.17760455644867169761092272801766e-02,-9.41985936541910384902192164301204e-02,8.87986451909445403158207291697286e-05
3.00500000000000000000000000000000e+01,-3.23454884075156193620803182217693e-02,-2.14731122565165809415020965056437e-02,-9.41894199713772671055076361642405e-02,6.44663673514789987183480326754625e-04
3.00750000000000000000000000000000e+01,-3.28785107594186557167866480832686e-02,-2.11683826898247875752096869068322e-02,-9.41663822345407692462011643905242e-02,1.19791112953820022395162293364911e-03
3.00999999999999999999999999999999e+01,-3.34038929974036886988229379973020e-02,-2.08619123970394651611271790677898e-02,-9.41295467693274944174983100634125e-02,1.74847022458741389775980067298252e-03
3.01249999999999999999999999999999e+01,-3.39215922973331391976961458059910e-02,-2.05537568962324732730583398098897e-02,-9.40789816622037940786605677153815e-02,2.29627088300027215233700952033962e-03
3.01499999999999999999999999999996e+01,-3.44315672227758878704237759570659e-02,-2.02439716847760163300009026556424e-02,-9.40147567425341687422570436647819e-02,2.84124374985605719579859945098407e-03
3.01750000000000000000000000000000e+01,-3.49337777244068731692032022268255e-02,-1.99326122324578701584348204822235e-02,-9.39369435644680002016651181918300e-02,3.38332019851496522572442774597336e-03
3.01999999999999999999999999999999e+01,-3.54281851392138645933726167145180e-02,-1.96197339729011894528120827019001e-02,-9.38456153886408348311434341847816e-02,3.92243233791189511673647958015026e-03
3.02250000000000000000000000000000e+01,-3.59147521894690202008364915925922e-02,-1.93053922934898245946260388720384e-02,-9.37408471636963952560081281463686e-02,4.45851301961337242832878388170603e-03
3.02500000000000000000000000000000e+01,-3.63934429814422735420455260418644e-02,-1.89896425250462024116143392350057e-02,-9.36227155076344328635172395455754e-02,4.99149584470845324618637685038356e-03
3.02749999999999999999999999999998e+01,-3.68642230038696069864077151054088e-02,-1.86725399327214105592732241971109e-02,-9.34912986889874294181043412812408e-02,5.52131517062094136486579814906440e-03
3.03000000000000000000000000000000e+01,-3.73270591262175056750658695250463e-02,-1.83541397087755440003855189080833e-02,-9.33466766078274161190378910775587e-02,6.04790611788690235654875154238321e-03
3.03249999999999999999999999999998e+01,-3.77819195967860533654741583734390e-02,-1.80344969666803611258221993039879e-02,-9.31889307766040285284231260435552e-02,6.57120457686562195679745109625467e-03
3.03500000000000000000000000000000e+01,-3.82287740406664694535869990112766e-02,-1.77136667351227206600753164477495e-02,-9.30181443008165231153732516313542e-02,7.09114721429569127866369663619437e-03
3.03750000000000000000000000000000e+01,-3.86675934575327590446592923687833e-02,-1.73917039506101590089039191859108e-02,-9.28344018595247875520056456278615e-02,7.60767147961102827273892208476315e-03
3.03999999999999999999999999999997e+01,-3.90983502192262292604817783874354e-02,-1.70686634483824076488222500467309e-02,-9.26377896857058058676958375351990e-02,8.12071561099356358283832888561724e-03
3.04250000000000000000000000000000e+01,-3.95210180670997763287399977966239e-02,-1.67445999525121398984381998040366e-02,-9.24283955464615989630714477840746e-02,8.63021864121759593912537003103252e-03
3.04499999999999999999999999999999e+01,-3.99355721091197899828618781004825e-02,-1.64195680666270418596638405374880e-02,-9.22063087230826534117136699515721e-02,9.13612040338094838120940634837923e-03
3.04749999999999999999999999999999e+01,-4.03419888167556963932334014404332e-02,-1.60936222662529406314828167815595e-02,-9.19716199909686708495152179446193e-02,9.63836153659219691308217557075506e-03
3.05000000000000000000000000000001e+01,-4.07402460216989945501572584584549e-02,-1.57668168926965865939921288836451e-02,-9.17244215994076213110973085032219e-02,1.01368834916100290503273892145790e-02
3.05249999999999999999999999999996e+01,-4.11303229124382158505714200562959e-02,-1.54392061474142952138458620703815e-02,-9.14648072512151273644596885699511e-02,1.06316285363617385988052362130622e-02
3.05500000000000000000000000000001e+01,-4.15122000306852390666583554817229e-02,-1.51108440855924727436276178020814e-02,-9.11928720822383839481577656111270e-02,1.11225397612504827981074523515057e-02
3.05749999999999999999999999999998e+01,-4.18858592676231828933887364542253e-02,-1.47817846082972567593704514098129e-02,-9.09087126407306157326725066406523e-02,1.16095610842054474271287441092203e-02
3.05999999999999999999999999999999e+01,-4.22512838599428014406450174226275e-02,-1.44520814535577851252131109957914e-02,-9.06124268666022908082951605754138e-02,1.20926372555025447728367573284751e-02
3.06250000000000000000000000000000e+01,-4.26084583856534928434924718722136e-02,-1.41217881874432482277428388838742e-02,-9.03041140705538772725044486527348e-02,1.25717138624343564029959496246324e-02
3.06499999999999999999999999999997e+01,-4.29573687596825883704421191917409e-02,-1.37909581961529150972812518951160e-02,-8.99838749130928991919127268729472e-02,1.30467373339034622961868241638062e-02
3.06750000000000000000000000000000e+01,-4.32980022292942403525356457798905e-02,-1.34596446794540673675494094381728e-02,-8.96518113834368107208024926039395e-02,1.35176549449597275965586492526564e-02
3.07000000000000000000000000000000e+01,-4.36303473693567371641655727760268e-02,-1.31279006449728575450441081803871e-02,-8.93080267783035268219671385073121e-02,1.39844148212388474996390888203667e-02
3.07249999999999999999999999999999e+01,-4.39543940774679466232736596157004e-02,-1.27957789024033443103602133937108e-02,-8.89526256805929978870564051681747e-02,1.44469659432291740991728338963792e-02
3.07499999999999999999999999999999e+01,-4.42701335689263078585178639953086e-02,-1.24633320568787585889061624651368e-02,-8.85857139379648827729695259352518e-02,1.49052581503135420427316860891811e-02
3.07749999999999999999999999999996e+01,-4.45775583715232352920332345563780e-02,-1.21306125013648109418541668541905e-02,-8.82073986413180745822946880501345e-02,1.53592421445848442351203570287193e-02
3.08000000000000000000000000000000e+01,-4.48766623201377205456128011788520e-02,-1.17976724085658138806708764152943e-02,-8.78177881031772142815413292542539e-02,1.58088694944816347586582172304085e-02
3.08249999999999999999999999999999e+01,-4.51674405511306099928090241098849e-02,-1.14645637231090160643058425439536e-02,-8.74169918359899174300304663149054e-02,1.62540926383034183017016396471503e-02
3.08500000000000000000000000000000e+01,-4.54498894965535657484948640485241e-02,-1.11313381545792687149869014209050e-02,-8.70051205303372022295766711771744e-02,1.66948648876403733706224573775517e-02
3.08750000000000000000000000000000e+01,-4.57240068781960654737421474696115e-02,-1.07980471714826311521637929593742e-02,-8.65822860330592764665423909113928e-02,1.71311404307094310348431045250624e-02
3.08999999999999999999999999999998e+01,-4.59897917014892549090925880130616e-02,-1.04647419957297658858451344329833e-02,-8.61486013252994993403161011541217e-02,1.75628743355562253884280215489764e-02
3.09250000000000000000000000000000e+01,-4.62472442492717184139776448384878e-02,-1.01314735970073875808217585207038e-02,-8.57041805004704633419673889441121e-02,1.79900225530779920940523467831376e-02
3.09499999999999999999999999999998e+01,-4.64963660754074515971119821240905e-02,-9.79829268653979787976138730385266e-03,-8.52491387421470270900945545439161e-02,1.84125419198442620073855118247329e-02
3.09750000000000000000000000000000e+01,-4.67371599982385437371883827883515e-02,-9.46524971013768221252479541896230e-03,-8.47835923018913055222569722645003e-02,1.88303901607239765852462440100056e-02
3.10000000000000000000000000000000e+01,-4.69696300938582517916477285569319e-02,-9.13239484087182218700979700583324e-03,-8.43076584770140820478141919811802e-02,1.92435258913508650618628017081151e-02
3.10249999999999999999999999999997e+01,-4.71937816892023881618815665789688e-02,-8.79977797196338894027062982060987e-03,-8.38214555882762191105016469520144e-02,1.96519086204629019585720270252550e-02
3.10500000000000000000000000000000e+01,-4.74096213549715266158930700032011e-02,-8.46744871040968139047841153465229e-03,-8.33251029575329033206322429612165e-02,2.00554987521370087203250931830618e-02
3.10749999999999999999999999999999e+01,-4.76171568984052254362595153407189e-02,-8.13545637149003825245334797767995e-03,-8.28187208853233320197248595338253e-02,2.04542575879159258441967563390769e-02
3.10999999999999999999999999999999e+01,-4.78163973559269289206576641116192e-02,-7.80384997381714464191436266438433e-03,-8.23024306284088161601819411251085e-02,2.08481473288025738557526449608963e-02
3.11250000000000000000000000000001e+01,-4.80073529856653184272314973078644e-02,-7.47267823429262833493880427519683e-03,-8.17763543772630342455678086480682e-02,2.12371310770886678769562481952179e-02
3.11499999999999999999999999999996e+01,-4.81900352598419021867309752449671e-02,-7.14198956239751369103738358333836e-03,-8.12406152335189223526473043612995e-02,2.16211728379935787634729890221474e-02
3.11750000000000000000000000000001e+01,-4.83644568570054062643130038781099e-02,-6.81183205368706141571509536104712e-03,-8.06953371873770079599021887392902e-02,2.20002375211128620460656678470987e-02
3.11999999999999999999999999999998e+01,-4.85306316540974555195396305663986e-02,-6.48225348291436264186811017599693e-03,-8.01406450949796700692330230196782e-02,2.23742909417017833906928726946483e-02
3.12249999999999999999999999999999e+01,-4.86885747183494669510469642756250e-02,-6.15330129752177368992227421454263e-03,-7.95766646557549659615109943887520e-02,2.27432998218324482390211674216655e-02
3.12500000000000000000000000000000e+01,-4.88383022990281989403591413303510e-02,-5.82502261208421739142994921318407e-03,-7.90035223897327680032398884807272e-02,2.31072317914539041615634250646936e-02
3.12749999999999999999999999999997e+01,-4.89798318190554758368786684039718e-02,-5.49746420373387560504621683020496e-03,-7.84213456148355576578655131868016e-02,2.34660553893558819177188003264751e-02
3.13000000000000000000000000000000e+01,-4.91131818665203164532872693832265e-02,-5.17067250799299190266822515248548e-03,-7.78302624241466258312326841477151e-02,2.38197400640052508902482447053133e-02
3.13250000000000000000000000000000e+01,-4.92383721860832339729498350477719e-02,-4.84469361419997950623808909479969e-03,-7.72304016631594288571836440384613e-02,2.41682561742107376229086365911228e-02
3.13499999999999999999999999999999e+01,-4.93554236702549091949628569006115e-02,-4.51957326001733361445433380397142e-03,-7.66218929070128206508792110256630e-02,2.45115749895871240641865783324859e-02
3.13749999999999999999999999999999e+01,-4.94643583505267517159792962605593e-02,-4.19535682517139611675918541003189e-03,-7.60048664377171550776983103445447e-02,2.48496686908269489375953810681515e-02
3.13999999999999999999999999999996e+01,-4.95651993883426042025039257305754e-02,-3.87208932514943784892581755473473e-03,-7.53794532213755834253760184108931e-02,2.51825103698218965529914618046184e-02
3.14250000000000000000000000000000e+01,-4.96579710659213425285867541853954e-02,-3.54981540566973987174514285353703e-03,-7.47457848854036511627494380920275e-02,2.55100740296835794766666421983912e-02
3.14499999999999999999999999999999e+01,-4.97426987769555164133338225495707e-02,-3.22857933827488170712844037505051e-03,-7.41039936957493270655800586622320e-02,2.58323345846874254709088347739997e-02
3.14750000000000000000000000000000e+01,-4.98194090172109382307157379022833e-02,-2.90842501669276690026110204796306e-03,-7.34542125341155469848383628331325e-02,2.61492678601203672907755620802405e-02
3.15000000000000000000000000000000e+01,-4.98881293750364359271957423498660e-02,-2.58939595314908010576973419731055e-03,-7.27965748751882808844079335764124e-02,2.64608505919824537258433883098167e-02
3.15249999999999999999999999999998e+01,-4.99488885217726278335642422194160e-02,-2.27153527391398076657942404549269e-03,-7.21312147638744098021616774445630e-02,2.67670604264961919354998128669383e-02
3.15500000000000000000000000000000e+01,-5.00017162020374383469565302430524e-02,-1.95488571394993882738513242715157e-03,-7.14582667925544401468829185071917e-02,2.70678759194136257842453010860096e-02
3.15749999999999999999999999999998e+01,-5.00466432238715103975511613484026e-02,-1.63948961118822614571060919490411e-03,-7.07778660783547559097324987373224e-02,2.73632765351550479959801695990050e-02
3.16000000000000000000000000000000e+01,-5.00837014487445740562171981236884e-02,-1.32538890124703340250933806748207e-03,-7.00901482404429237324411287987384e-02,2.76532426458342793546690092575234e-02
3.16250000000000000000000000000000e+01,-5.01129237814417543362537296409970e-02,-1.01262511313365176861078925617006e-03,-6.93952493773483280894034848780655e-02,2.79377555302090387464089428273113e-02
3.16499999999999999999999999999997e+01,-5.01343441598547512328377333258467e-02,-7.01239365851928625344973582716998e-04,-6.86933060443099618634406822472603e-02,2.82167973725528331720711767358456e-02
3.16750000000000000000000000000000e+01,-5.01479975446933959645980087985959e-02,-3.91272365298270924092052082238922e-04,-6.79844552306538133007541352175051e-02,2.84903512614065924843334665099131e-02
3.16999999999999999999999999999999e+01,-5.01539199091153419746424456641318e-02,-8.27644007295503494393951798377024e-05,-6.72688343372035127532039148840875e-02,2.87584011881602024592975407544221e-02
3.17249999999999999999999999999999e+01,-5.01521482282577718115684353874764e-02,2.24244659536416634692152403916186e-04,-6.65465811537288669749214120851373e-02,2.90209320454407156867936646237645e-02
3.17500000000000000000000000000001e+01,-5.01427204686538224446054802764740e-02,5.29715372954238807252299754391023e-04,-6.58178338364369583299373462913451e-02,2.92779296253257597623000720419973e-02
3.17749999999999999999999999999996e+01,-5.01256755775278093268282651937674e-02,8.33608727505783359267764276947127e-04,-6.50827308855096162134484932697236e-02,2.95293806174284242499358738531278e-02
3.18000000000000000000000000000001e+01,-5.01010534719789584295271329338276e-02,1.13588614580892839447783479129400e-03,-6.43414111226898964152044035677927e-02,2.97752726068957123254082741865122e-02
3.18249999999999999999999999999998e+01,-5.00688950280729059338556775400866e-02,1.43650948841416523944204193311081e-03,-6.35940136689195151007229971711766e-02,3.00155940723313505247167050355247e-02
3.18499999999999999999999999999999e+01,-5.00292420698582133479413208873442e-02,1.73544105659133116032535794682819e-03,-6.28406779220293855440724841518474e-02,3.02503343836181910541492086908591e-02
3.18750000000000000000000000000000e+01,-4.99821373583139341973376213447520e-02,2.03264359514310661279993305303896e-03,-6.20815435344862830924441748922454e-02,3.04794837995995158550725423676824e-02
3.18999999999999999999999999999997e+01,-4.99276245802216972387643579121587e-02,2.32808029566314430460094701069233e-03,-6.13167503911995747316290346249696e-02,3.07030334655910057495445868145358e-02
3.19250000000000000000000000000000e+01,-4.98657483369496280505935246683362e-02,2.62171480029838026041835493495975e-03,-6.05464385873922884431061206453176e-02,3.09209754107251567824247443132232e-02
3.19500000000000000000000000000000e+01,-4.97965541331387000889066295138922e-02,2.91351120572084038992364937450084e-03,-5.97707484065403887048164404834161e-02,3.11333025451563762298792349502302e-02
3.19749999999999999999999999999999e+01,-4.97200883652918290650211084135673e-02,3.20343406687140608476162302639391e-03,-5.89898202983832886489062896748369e-02,3.13400086571614906777457327643305e-02
3.19999999999999999999999999999999e+01,-4.96363983102758686614228177013514e-02,3.49144840016157797589789154725366e-03,-5.82037948570079183543450162707313e-02,3.15410884101553255690878990019081e-02
3.20250000000000000000000000000001e+01,-4.95455321137510270669458058259150e-02,3.77751968610632340936626365973724e-03,-5.74128127990084872692797181513898e-02,3.17365373396164736202951012158480e-02
3.20499999999999999999999999999994e+01,-4.94475387785392246695387416585755e-02,4.06161387163470254624422892453042e-03,-5.66170149417244546178556742827768e-02,3.19263518499004887613965920560394e-02
3.20749999999999999999999999999999e+01,-4.93424681529348769663717111352964e-02,4.34369737244034953800206869044801e-03,-5.58165421815598462866453043989133e-02,3.21105292109160940527977821634234e-02
3.21000000000000000000000000000000e+01,-4.92303709189532705850240528720901e-02,4.62373707564561615935712011529868e-03,-5.50115354723875225520785366899190e-02,3.22890675546530500999592793260387e-02
3.21250000000000000000000000000000e+01,-4.91112985805076120063693993236065e-02,4.90170034282196099515643531875634e-03,-5.42021358040420525278671154833320e-02,3.24619658715685395027573103751520e-02
3.21500000000000000000000000000000e+01,-4.89853034515080154260281597937316e-02,5.17755501316142849399249713117372e-03,-5.33884841809044987295021958932099e-02,3.26292240068517068505447517304401e-02
3.21749999999999999999999999999993e+01,-4.88524386438828620384361542924968e-02,5.45126940646023260313542182747497e-03,-5.25707216005818804744048981629838e-02,3.27908426565875530305996910494754e-02
3.21999999999999999999999999999998e+01,-4.87127580555311545273253080764445e-02,5.72281232562948846625507139090757e-03,-5.17489890326836513932818906423053e-02,3.29468233638324401408026289263725e-02
3.22250000000000000000000000000000e+01,-4.85663163582190725165813667948553e-02,5.99215305866814602652941772770974e-03,-5.09234273976973940097834539562792e-02,3.30971685145994772494162410818968e-02
3.22500000000000000000000000000000e+01,-4.84131689854320717062131323381596e-02,6.25926138030301262535508092911543e-03,-5.00941775459661402481804617863067e-02,3.32418813337400778225124717787588e-02
3.22750000000000000000000000000001e+01,-4.82533721201863139538024976624454e-02,6.52410755366312016453008241930680e-03,-4.92613802367701426359122408798052e-02,3.33809658807037824440858287815035e-02
3.22999999999999999999999999999994e+01,-4.80869826827942421704700399607838e-02,6.78666233230102324770580985070215e-03,-4.84251761175163138547889649086780e-02,3.35144270451643585042214009867907e-02
3.23249999999999999999999999999999e+01,-4.79140583185742602144636411786824e-02,7.04689696261683349713618345809566e-03,-4.75857057030386895050679444453927e-02,3.36422705425137938284516743806890e-02
3.23499999999999999999999999999999e+01,-4.77346573854971355110442212546546e-02,7.30478318642998782161211214051401e-03,-4.67431093550130380644630666030738e-02,3.37645029092402237675896239260761e-02
3.23750000000000000000000000000001e+01,-4.75488389417706919700025185939213e-02,7.56029324327896613761398748417394e-03,-4.58975272614882313914967664508142e-02,3.38811314982126176127595102997930e-02
3.24000000000000000000000000000001e+01,-4.73566627333741143090937321206967e-02,7.81339987213207744068623905866871e-03,-4.50490994165364676833765305577638e-02,3.39921644738890223605225559114148e-02
3.24249999999999999999999999999993e+01,-4.71581891815573014157518115070064e-02,8.06407631251316247145040946396229e-03,-4.41979656000242159895356758756516e-02,3.40976108074485605265476324938323e-02
3.24499999999999999999999999999998e+01,-4.69534793703161202745596090593044e-02,8.31229630538089020351836394455075e-03,-4.33442653575059803038211034623255e-02,3.41974802718298569733938176145649e-02
3.24749999999999999999999999999999e+01,-4.67425950338437989421336905690699e-02,8.55803409422124979283417244113977e-03,-4.24881379802435322033838735035227e-02,3.42917834366518012615988403002582e-02
3.25000000000000000000000000000000e+01,-4.65255985439489964407853179907237e-02,8.80126442662639248614051491531268e-03,-4.16297224853537724452603267456757e-02,3.43805316630022745573947343873880e-02
3.25250000000000000000000000000001e+01,-4.63025528974289194229276550826404e-02,9.04196255625482826929341115608937e-03,-4.07691575960884840482569852723248e-02,3.44637370981015397820558602019461e-02
3.25499999999999999999999999999994e+01,-4.60735217033928984774149313055834e-02,9.28010424475235616369143481538081e-03,-3.99065817222488125706265617821598e-02,3.45414126698657508976020492622559e-02
3.25750000000000000000000000000000e+01,-4.58385691705434736268524836298524e-02,9.51566576317917567223961189695896e-03,-3.90421329407365918040076264837927e-02,3.46135720813992587906174982514667e-02
3.25999999999999999999999999999999e+01,-4.55977600944303915807182712214802e-02,9.74862389276466973830743887178856e-03,-3.81759489762440812563206836943506e-02,3.46802298054288767137885466660653e-02
3.26249999999999999999999999999999e+01,-4.53511598446922669087477047730597e-02,9.97895592521027607729802549343989e-03,-3.73081671820836614457208201097993e-02,3.47414010786689154262863251636231e-02
3.26500000000000000000000000000001e+01,-4.50988343522914453731082768507570e-02,1.02066396630085984927899839055410e-02,-3.64389245211595549632691705759672e-02,3.47971018960892969044155639566035e-02
3.26749999999999999999999999999994e+01,-4.48408500967361488238238801863331e-02,1.04316534201741665912968953159907e-02,-3.55683575470843371252670429572615e-02,3.48473490050622224874414052678990e-02
3.26999999999999999999999999999999e+01,-4.45772740932780774209673471559752e-02,1.06539760234417641997680383949021e-02,-3.46966023854433695112485657725735e-02,3.48921598993839642434613233888945e-02
3.27250000000000000000000000000000e+01,-4.43081738800771757194700696031621e-02,1.08735868136189649387752330719175e-02,-3.38237947152100508118760973186219e-02,3.49315528131929086127308533731319e-02
3.27500000000000000000000000000000e+01,-4.40336175053355978943208636748388e-02,1.10904656466325079856023001638405e-02,-3.29500697503140713670294439060375e-02,3.49655467148159123135619426497223e-02
3.27750000000000000000000000000000e+01,-4.37536735144128631302619886692007e-02,1.13045928939756508317635528329082e-02,-3.20755622213641464374561701840681e-02,3.49941613005647503122949953844272e-02
3.27999999999999999999999999999993e+01,-4.34684109369371211168713733890714e-02,1.15159494426199240230625914278462e-02,-3.12004063575264540768511277169573e-02,3.50174169884802755475813559542095e-02
3.28249999999999999999999999999998e+01,-4.31778992739217152076692466475893e-02,1.17245166947515883954112018333876e-02,-3.03247358685603557282227981849260e-02,3.50353349120008168275623543960085e-02
3.28500000000000000000000000000000e+01,-4.28822084848860824111468206248784e-02,1.19302765677355068969081093242412e-02,-2.94486839270136527679837518685173e-02,3.50479369135277770413948782427887e-02
3.28750000000000000000000000000000e+01,-4.25814089749724032822654716174599e-02,1.21332114944845389437560824498412e-02,-2.85723831505801376267818598238842e-02,3.50552455378772428642066365738582e-02
3.29000000000000000000000000000001e+01,-4.22755715820491323191898788048690e-02,1.23333044240872780805913033246888e-02,-2.76959655846221751366389453939423e-02,3.50572840256300817826155539863301e-02
3.29249999999999999999999999999994e+01,-4.19647675637992558221172585324121e-02,1.25305388223414142076966162553668e-02,-2.68195626848605151198663789950825e-02,3.50540763064080284156818579912072e-02
3.29499999999999999999999999999999e+01,-4.16490685847999646709840070749041e-02,1.27248986718776835753887628800516e-02,-2.59433053002328533162599691311068e-02,3.50456469920999717198480323552068e-02
3.29749999999999999999999999999999e+01,-4.13285467036055666871113231234438e-02,1.29163684717943011509620952904435e-02,-2.50673236559222659493639439411435e-02,3.50320213700444149006199510275040e-02
3.30000000000000000000000000000001e+01,-4.10032743598439748132281722071750e-02,1.31049332369856018171564005829707e-02,-2.41917473365567599002473819745506e-02,3.50132253961541254054347862172114e-02
3.30250000000000000000000000000001e+01,-4.06733243613305448651806198093730e-02,1.32905784974727090275981569800669e-02,-2.33167052695816678805563119792122e-02,3.49892856879606782000002323224863e-02
3.30499999999999999999999999999993e+01,-4.03387698711959494696487772588523e-02,1.34732902979668995975124846984873e-02,-2.24423257088071054500138598419390e-02,3.49602295175643726649059089434417e-02
3.30749999999999999999999999999998e+01,-3.99996843950215241492181324212966e-02,1.36530551976882850187223908476426e-02,-2.15687362181328570923786658571907e-02,3.49260848044922835184259139604756e-02
3.30999999999999999999999999999999e+01,-3.96561417679776373715208718065911e-02,1.38298602702639601162084637309276e-02,-2.06960636554527859968043489588680e-02,3.48868801084818895047728538726043e-02
3.31250000000000000000000000000000e+01,-3.93082161419662787253346765992685e-02,1.40036931034562887833780192289274e-02,-1.98244341567403601913547674761753e-02,3.48426446222107765015725381228952e-02
3.31500000000000000000000000000001e+01,-3.89559819727745678623953287802832e-02,1.41745417985499373625632253118500e-02,-1.89539731203164717881743973543274e-02,3.47934081639838328163801543935447e-02
3.31749999999999999999999999999994e+01,-3.85995140072481346346193677672513e-02,1.43423949693928290592352284396920e-02,-1.80848051913006190125514363844057e-02,3.47392011703753090494541286857946e-02
3.32000000000000000000000000000000e+01,-3.82388872704913737769466688264486e-02,1.45072417412393108391730960025584e-02,-1.72170542462467272211543622137917e-02,3.46800546888132713311060011250667e-02
3.32249999999999999999999999999999e+01,-3.78741770530968855481645028969514e-02,1.46690717496029004284470217672318e-02,-1.63508433779652222039181346707171e-02,3.46160003700935365245550500764397e-02
3.32499999999999999999999999999999e+01,-3.75054588984017384338499794178659e-02,1.48278751392689348108731554778477e-02,-1.54862948805332045375381368886686e-02,3.45470704608179719140272659571450e-02
3.32750000000000000000000000000001e+01,-3.71328085897660529178904587069282e-02,1.49836425634825388205683829140505e-02,-1.46235302344945682186093181770424e-02,3.44732977957624491358017119360511e-02
3.32999999999999999999999999999994e+01,-3.67563021378708557438524872236486e-02,1.51363651831883443911867454305612e-02,-1.37626700922516743621711095863650e-02,3.43947157901867523952071948770132e-02
3.33249999999999999999999999999999e+01,-3.63760157680363288075451272259820e-02,1.52860346661284969777999217784804e-02,-1.29038342636498635262124853550429e-02,3.43113584320992170757191528817503e-02
3.33500000000000000000000000000000e+01,-3.59920259075661597821386989587409e-02,1.54326431856432942674007083701411e-02,-1.20471417017558304011248015163578e-02,3.42232602744834469714322095129635e-02
3.33750000000000000000000000000000e+01,-3.56044091731260887543872958767856e-02,1.55761834191477196194680789261899e-02,-1.11927104888308017908521870065054e-02,3.41304564274864023223199949054624e-02
3.34000000000000000000000000000000e+01,-3.52132423581634435197229940399864e-02,1.57166485464086058070499259328994e-02,-1.03406578224995671799394859245275e-02,3.40329825505605255316949116633570e-02
3.34249999999999999999999999999993e+01,-3.48186024203700348398504430098473e-02,1.58540322478326057872153661549149e-02,-9.49110000211663151439949710912429e-03,3.39308748445505642032258538356276e-02
3.34499999999999999999999999999998e+01,-3.44205664691857492324454917691088e-02,1.59883287029362838154045114884344e-02,-8.64415241533095726875028035929967e-03,3.38241700437194823195183845791151e-02
3.34750000000000000000000000000000e+01,-3.40192117533376374925250800861271e-02,1.61195325890199084880326193520979e-02,-7.79992952485080833625993675100076e-03,3.37129054077157217050629586297904e-02
3.35000000000000000000000000000000e+01,-3.36146156484110374333443248756627e-02,1.62476390798928231688294345240745e-02,-6.95854485541004529960351323019532e-03,3.35971187134920761957925669435667e-02
3.35250000000000000000000000000001e+01,-3.32068556444544385644876569573031e-02,1.63726438444127497952953436671291e-02,-6.12011098093690812058924098159869e-03,3.34768482471898536403043556560234e-02
3.35499999999999999999999999999994e+01,-3.27960093336252059115387085740590e-02,1.64945430446680621770378079089061e-02,-5.28473951192601424718058244152857e-03,3.33521327959981395260488277859674e-02
3.35749999999999999999999999999999e+01,-3.23821543978853412223547275661181e-02,1.66133333338171129098146030318168e-02,-4.45254108301416950387439856310988e-03,3.32230116399883942396152421854519e-02
3.35999999999999999999999999999999e+01,-3.19653685967536024179966481538957e-02,1.67290118537842302629890449588101e-02,-3.62362534076071370879579902155045e-03,3.30895245439149173466420673356696e-02
3.36250000000000000000000000000001e+01,-3.15457297551142074340123567720704e-02,1.68415762330713847987461604369482e-02,-2.79810093163342019650541619906567e-03,3.29517117489683851645397857729251e-02
3.36500000000000000000000000000001e+01,-3.11233157510769987133555993143519e-02,1.69510245848308448722301843496082e-02,-1.97607549020123044376803304475536e-03,3.28096139644756358549765090892421e-02
3.36749999999999999999999999999993e+01,-3.06982045038829876450395516048246e-02,1.70573555051284190207335351403650e-02,-1.15765562753512781905311300028198e-03,3.26632723595509049510878734627903e-02
3.36999999999999999999999999999998e+01,-3.02704739618533954707511344826764e-02,1.71605680711542688309378122473446e-02,-3.42946919818181294303766278769497e-04,3.25127285547139770895151866544513e-02
3.37249999999999999999999999999999e+01,-2.98402020903868942470507700258942e-02,1.72606618391287983269686566396240e-02,4.67946102834635124690951079619877e-04,3.23580246134919485184028291408225e-02
3.37500000000000000000000000000000e+01,-2.94074668600142606239980007874627e-02,1.73576368418141963046559988965309e-02,1.27491996734655909430089936757132e-03,3.21992030340120726680092593782607e-02
3.37750000000000000000000000000001e+01,-2.89723462345189887645882798844549e-02,1.74514935857673068399870866932360e-02,2.07787226843881581652364507008920e-03,3.20363067405793934176221682649857e-02
3.37999999999999999999999999999994e+01,-2.85349181591270084025241285707693e-02,1.75422330486020446981850287978309e-02,2.87670167917948698721225237380594e-03,3.18693790752239989899411569298454e-02
3.38250000000000000000000000000000e+01,-2.80952605487622099458537325806218e-02,1.76298566764790401939022182590704e-02,3.67130796132053329916436423755385e-03,3.16984637892051219003961790274205e-02
3.38499999999999999999999999999999e+01,-2.76534512763613640981769217469890e-02,1.77143663818433518690075383066437e-02,4.46159197542185445608533450483218e-03,3.15236050344715642240008105603435e-02
3.38749999999999999999999999999999e+01,-2.72095681612442692358406328706286e-02,1.77957645412250615782760868686492e-02,5.24745569076143997825713031423209e-03,3.13448473550916370856446984960254e-02
3.39000000000000000000000000000001e+01,-2.67636889575409000693820117903543e-02,1.78740539928427673364541452125959e-02,6.02880219503108875896919350301773e-03,3.11622356786714212649470351813445e-02
3.39249999999999999999999999999994e+01,-2.63158913426828425537953349738579e-02,1.79492380338527919187090595421370e-02,6.80553570381758690970810280446865e-03,3.09758153077737798327889612776580e-02
3.39499999999999999999999999999999e+01,-2.58662529059676994976434225880756e-02,1.80213204172908839807247332289218e-02,7.57756156986937386439563674900935e-03,3.07856319113367079627569552022713e-02
3.39750000000000000000000000000000e+01,-2.54148511372016816652217757174749e-02,1.80903053489166103404786976228958e-02,8.34478629214852881671649867442598e-03,3.05917315160779819413666532231927e-02
3.40000000000000000000000000000000e+01,-2.49617634154197998538397495983044e-02,1.81561974841865586086365234549171e-02,9.10711752466754076697552825710800e-03,3.03941604978716189360256682921608e-02
3.40250000000000000000000000000000e+01,-2.45070669976788887208769299775260e-02,1.82190019254492787678789100600165e-02,9.86446408511006579367686595911607e-03,3.01929655730910501298064107809820e-02
3.40499999999999999999999999999993e+01,-2.40508390079187466352496827980056e-02,1.82787242192705111264463439732907e-02,1.06167359632349199395372285536165e-02,2.99881937899272978805711247632298e-02
3.40749999999999999999999999999998e+01,-2.35931564258906223468391982724902e-02,1.83353703536861624170421053249155e-02,1.13638443290628848006683290792616e-02,2.97798925196985418801569360953812e-02
3.41000000000000000000000000000000e+01,-2.31340960761572653354722274646949e-02,1.83889467552087926296293781553067e-02,1.21057015408463036706565413315045e-02,2.95681094481650739662213324275542e-02
3.41250000000000000000000000000000e+01,-2.26737346171715004832390722118061e-02,1.84394602855505038991089138246406e-02,1.28422211528216708381468115611161e-02,2.93528925668530288164000997893440e-02
3.41500000000000000000000000000001e+01,-2.22121485304392415809433606717029e-02,1.84869182381734713250974964614970e-02,1.35733179227453514120528302120872e-02,2.91342901643790946154132473583195e-02
3.41749999999999999999999999999994e+01,-2.17494141097690212229480485989620e-02,1.85313283348445777525878965534324e-02,1.42989078192123009018901818598007e-02,2.89123508177641025111949945575832e-02
3.41999999999999999999999999999999e+01,-2.12856074506061213147962022873063e-02,1.85726987223213451252739221877180e-02,1.50189080287573962735785942285753e-02,2.86871233837281974263164804720801e-02
3.42249999999999999999999999999999e+01,-2.08208044394476760612231077976691e-02,1.86110379691758122359074469723205e-02,1.57332369627389306009484194853644e-02,2.84586569899702162687216775263945e-02
3.42500000000000000000000000000001e+01,-2.03550807433364612390366645776219e-02,1.86463550626520444271124783090770e-02,1.64418142640040025310217415204083e-02,2.82270010264420263970802752280140e-02
3.42750000000000000000000000000001e+01,-1.98885117994343454383693196502298e-02,1.86786594054156744798728192004819e-02,1.71445608133358333770759932385694e-02,2.79922051366299386761048407520169e-02
3.42999999999999999999999999999993e+01,-1.94211728046794491032544733076727e-02,1.87079608121024861863357778033461e-02,1.78413987356832886023463432592698e-02,2.77543192088498607390093761194722e-02
3.43249999999999999999999999999998e+01,-1.89531387055321952396814109098283e-02,1.87342695056694804631630729612572e-02,1.85322514061729445960911676594715e-02,2.75133933675548262367279004155128e-02
3.43499999999999999999999999999999e+01,-1.84844841878141879202345091389631e-02,1.87575961136373402312665391079743e-02,1.92170434559039295043071917383227e-02,2.72694779646481277650164300275562e-02
3.43750000000000000000000000000000e+01,-1.80152836666411177293591543983940e-02,1.87779516643429967527205217565383e-02,1.98957007775255867252406149793036e-02,2.70226235707953098578979699283636e-02
3.44000000000000000000000000000001e+01,-1.75456112764482661468385013128593e-02,1.87953475832847204887392793528490e-02,2.05681505305978935450652979563747e-02,2.67728809667329074437773278688165e-02
3.44249999999999999999999999999994e+01,-1.70755408611060703100270066700538e-02,1.88097956895636727870630380958248e-02,2.12343211467345909926606158071079e-02,2.65203011345777462809572919763313e-02
3.44500000000000000000000000000000e+01,-1.66051459641241453260344501650354e-02,1.88213081923480762970644759850809e-02,2.18941423345291316045673552968925e-02,2.62649352491444460008197367567011e-02
3.44749999999999999999999999999999e+01,-1.61344998189445818033829203286608e-02,1.88298976872500348028686853552521e-02,2.25475450842637509965818241575837e-02,2.60068346692787958436472077902212e-02
3.44999999999999999999999999999999e+01,-1.56636753393278891261876112612483e-02,1.88355771525304963963859225013151e-02,2.31944616724021243331941547663681e-02,2.57460509292113921055387532714705e-02
3.45250000000000000000000000000001e+01,-1.51927451098361811138077612876879e-02,1.88383599451231414905309392682164e-02,2.38348256658661201231332548181223e-02,2.54826357299312920442002341815096e-02
3.45499999999999999999999999999994e+01,-1.47217813764173207162012671553335e-02,1.88382597965527945413313973653065e-02,2.44685719260971071783846341588100e-02,2.52166409305757819950780765906109e-02
3.45749999999999999999999999999999e+01,-1.42508560370911568429868733935804e-02,1.88352908088685393752152531985996e-02,2.50956366129021545820875513191329e-02,2.49481185398314294021687515064410e-02
3.45999999999999999999999999999999e+01,-1.37800406327361649238533621579086e-02,1.88294674506852807448204033542046e-02,2.57159571880853669338189596248157e-02,2.46771207073439070635383608782020e-02
3.46250000000000000000000000000000e+01,-1.33094063379734821033129089219989e-02,1.88208045533404454097381155372928e-02,2.63294724188645893699629974613736e-02,2.44036997151386135650010353282359e-02
3.46500000000000000000000000000000e+01,-1.28390239521464403134425881458959e-02,1.88093173070756614162417993563756e-02,2.69361223810738266979972118114568e-02,2.41279079690585330946391193712429e-02
3.46749999999999999999999999999993e+01,-1.23689638903966745066139333456286e-02,1.87950212571093329937831975026810e-02,2.75358484621519112669006299971695e-02,2.38497979902274567831249566941809e-02
3.46999999999999999999999999999998e+01,-1.18992961748408717476184607570789e-02,1.87779322995084580232093564670471e-02,2.81285933639181346892831784909096e-02,2.35694224065442476949645670423653e-02
3.47250000000000000000000000000000e+01,-1.14300904258532347892002644645661e-02,1.87580666768745408707132346924536e-02,2.87143011051356339707867348564267e-02,2.32868339442083106724032604552939e-02
3.47500000000000000000000000000000e+01,-1.09614158534569677127575637651100e-02,1.87354409739609981942069381067727e-02,2.92929170238632540554585150659075e-02,2.30020854192710694419041495962506e-02
3.47750000000000000000000000000001e+01,-1.04933412488245949427643344049993e-02,1.87100721133678737876690115685748e-02,2.98643877795964480378939166037942e-02,2.27152297292066537860633180629629e-02
3.47999999999999999999999999999994e+01,-1.00259349758839786357493681887392e-02,1.86819773513908488874559454844026e-02,3.04286613551976425603165189488925e-02,2.24263198444986277655139918602550e-02
3.48249999999999999999999999999999e+01,-9.55926496302650798754342132839029e-03,1.86511742739787142774159979244495e-02,3.09856870586165013976641280767097e-02,2.21354088002464373082141522424122e-02
3.48499999999999999999999999999999e+01,-9.09339869491642077582284460448354e-03,1.86176807926593652635350859166903e-02,3.15354155244006908835896538179518e-02,2.18425496878008476384359929220018e-02
3.48750000000000000000000000000001e+01,-8.62840320440393546800540772369728e-03,1.85815151402945278837945676533999e-02,3.20777987149980000283546465062610e-02,2.15477956464379942852985486857478e-02
3.49000000000000000000000000000001e+01,-8.16434506454729228895369916027428e-03,1.85426958666194137366225916985063e-02,3.26127899218508487843861016080594e-02,2.12511998550762076811267859160033e-02
3.49249999999999999999999999999993e+01,-7.70129038074825270519786761625002e-03,1.85012418336502763657073292250963e-02,3.31403437662842221787374370927755e-02,2.09528155240319980061105630327306e-02
3.49499999999999999999999999999998e+01,-7.23930478300244748099724148646580e-03,1.84571722111133729543744047800852e-02,3.36604162001879061635182502497565e-02,2.06526958868068346916827089077366e-02
3.49749999999999999999999999999999e+01,-6.77845341826234305682140136060196e-03,1.84105064720149793876696741237879e-02,3.41729645064936995254739476869730e-02,2.03508941918980409510529429782185e-02
3.50000000000000000000000000000000e+01,-6.31880094290896194491588664175563e-03,1.83612643883582266244461621994857e-02,3.46779472994481926287683013799299e-02,2.00474636946342200279246073206855e-02
3.50250000000000000000000000000001e+01,-5.86041151532989883684239383976981e-03,1.83094660268978165206771949987941e-02,3.51753245246818163426119049354525e-02,1.97424576490432622451732452040322e-02
3.50499999999999999999999999999994e+01,-5.40334878860458073193058663835365e-03,1.82551317447861793220761923077076e-02,3.56650574590751154605682983220071e-02,1.94359292997638292384353308675971e-02
3.50750000000000000000000000000000e+01,-4.94767590330076022313442684358274e-03,1.81982821850272543052984791450171e-02,3.61471087104234358836514411036949e-02,1.91279318740072890962555298850705e-02
3.50999999999999999999999999999999e+01,-4.49345548038687217969485108828172e-03,1.81389382717706171365577703464150e-02,3.66214422169012910747559369900980e-02,1.88185185735691516644055834537348e-02
3.51249999999999999999999999999999e+01,-4.04074961426279294545195687580710e-03,1.80771212055683915323567360327857e-02,3.70880232463275594348494178430235e-02,1.85077425668826603935329385934554e-02
3.51500000000000000000000000000001e+01,-3.58961986590823033721416931302759e-03,1.80128524587217792986329354180192e-02,3.75468183952324604228733352694141e-02,1.81956569811066944348898748763689e-02
3.51749999999999999999999999999994e+01,-3.14012725614568058938761246916612e-03,1.79461537707653342993266445108948e-02,3.79977955877271223869496500466208e-02,1.78823148942456748592011176839888e-02
3.51999999999999999999999999999999e+01,-2.69233225901503750535180936941058e-03,1.78770471440327702047479513422149e-02,3.84409240741765951686096781278631e-02,1.75677693273067255464880437494023e-02
3.52249999999999999999999999999999e+01,-2.24629479525924901260004058364089e-03,1.78055548391883130453838678462901e-02,3.88761744296773577302083487225538e-02,1.72520732365036753111581720028356e-02
3.52500000000000000000000000000000e+01,-1.80207422592322097960056162289427e-03,1.77316993706275717128297753495372e-02,3.93035185523406017902042601847527e-02,1.69352795055158384483311676372807e-02
3.52750000000000000000000000000001e+01,-1.35972934606962257713366412483001e-03,1.76555035017317481966797018997440e-02,3.97229296613826975519422456851487e-02,1.66174409378033458824773778931972e-02
3.52999999999999999999999999999993e+01,-9.19318378614537906807953563237846e-04,1.75769902400422649471797801171430e-02,4.01343822950242075171388549582630e-02,1.62986102489745390126060552649751e-02
3.53249999999999999999999999999998e+01,-4.80898968283668627986718417747787e-04,1.74961828324568690832747881644035e-02,4.05378523081986634560226052410042e-02,1.59788400591987295035877370102727e-02
3.53499999999999999999999999999999e+01,-4.45281756875444142019428545023640e-05,1.74131047605172294774907141724937e-02,4.09333168700721826638981773388227e-02,1.56581828856605674603111600844392e-02
3.53750000000000000000000000000000e+01,3.89737528486698400398633094537704e-04,1.73277797357883415082330493415177e-02,4.13207544613749764715712076063198e-02,1.53366911350579450222902347258097e-02
3.54000000000000000000000000000001e+01,8.21842269168570836683511546904034e-04,1.72402316952681473370108967997936e-02,4.17001448715459151953218396578386e-02,1.50144170961498452520129827902266e-02
3.54249999999999999999999999999994e+01,1.25173077248223889321818978762382e-03,1.71504847967471805628412734326208e-02,4.20714691956914898389562437504993e-02,1.46914129323611019618138637113303e-02
3.54499999999999999999999999999999e+01,1.67934837120730054576998395697815e-03,1.70585634140680814109202499701890e-02,4.24347098313606492210623102824655e-02,1.43677306744477760791622335844802e-02
3.54749999999999999999999999999999e+01,2.10464101011978367743346098184538e-03,1.69644921322905282904529311301365e-02,4.27898504751370249884816973602325e-02,1.40434222132222674206210796401110e-02
3.55000000000000000000000000000001e+01,2.52755525121160632126606044142562e-03,1.68682957428147233651037982052407e-02,4.31368761190499917771806796787344e-02,1.37185392923343150966499746826485e-02
3.55250000000000000000000000000001e+01,2.94803827878833452385991563590481e-03,1.67699992385312943910348409325136e-02,4.34757730468059094359565117717899e-02,1.33931335011042116852424903365951e-02
3.55499999999999999999999999999994e+01,3.36603790444654737278184235431255e-03,1.66696278090426962924128665190642e-02,4.38065288298408336878693158394884e-02,1.30672562674072925801947285286489e-02
3.55749999999999999999999999999998e+01,3.78150257193269066761722601394598e-03,1.65672068359556524357804664646030e-02,4.41291323231960018167240388140671e-02,1.27409588506121317814189370694147e-02
3.55999999999999999999999999999999e+01,4.19438136188470808594129586938356e-03,1.64627618882007626817210078312669e-02,4.44435736612174910073368958856319e-02,1.24142923345769488405673792287984e-02
3.56250000000000000000000000000000e+01,4.60462399645634027965695007435565e-03,1.63563187173169625017471515891891e-02,4.47498442530815624535465977786643e-02,1.20873076207086065488759372237088e-02
3.56500000000000000000000000000001e+01,5.01218084382256539392768080076091e-03,1.62479032526552071325061680427058e-02,4.50479367781472915189647348147670e-02,1.17600554210866025151235061693954e-02
3.56749999999999999999999999999994e+01,5.41700292256403439025524473864490e-03,1.61375415964995826515794730946723e-02,4.53378451811381105657624990450745e-02,1.14325862516517948515201673408404e-02
3.57000000000000000000000000000000e+01,5.81904190592893398074110616865394e-03,1.60252600191514159284514522194357e-02,4.56195646671538565334566902080108e-02,1.11049504254575872690784587206890e-02
3.57249999999999999999999999999999e+01,6.21825012597221599529978142528779e-03,1.59110849540449834295169766306101e-02,4.58930916965148494656084473039636e-02,1.07771980459808903821548766186045e-02
3.57499999999999999999999999999999e+01,6.61458057757371070670629923985796e-03,1.57950429929459701573575587285365e-02,4.61584239794394757242267538321220e-02,1.04493790004915994114879830584628e-02
3.57750000000000000000000000000001e+01,7.00798692233732231017008411618487e-03,1.56771608812333640932160574922253e-02,4.64155604705567499448334598896902e-02,1.01215429534819315674250930562443e-02
3.57999999999999999999999999999994e+01,7.39842349237280520669066094770861e-03,1.55574655132115966598403107178737e-02,4.66645013632553962074059307244490e-02,9.79373934015939629570219800819038e-03
3.58249999999999999999999999999999e+01,7.78584529395991342221308055258961e-03,1.54359839273774664260130973866600e-02,4.69052480838710979557899561191832e-02,9.46601736000797309871371710180541e-03
3.58499999999999999999999999999999e+01,8.17020801109306976724380068040487e-03,1.53127433015929965218508261112499e-02,4.71378032857136658573485571465314e-02,9.13842597042054654934687326855131e-03
3.58750000000000000000000000000000e+01,8.55146800890422239041464130298558e-03,1.51877709481765312923182006458477e-02,4.73621708429359104252347778048887e-02,8.81101388040247200892012516022381e-03
3.59000000000000000000000000000001e+01,8.92958233696263863287924034996804e-03,1.50610943089809028401246154663033e-02,4.75783558442459627248897644817192e-02,8.48382954434318990128347731566713e-03
3.59249999999999999999999999999993e+01,9.30450873245238788047204670977328e-03,1.49327409505406118047749438570716e-02,4.77863645864646939456839875312093e-02,8.15692115585206003782206540394880e-03
3.59499999999999999999999999999998e+01,9.67620562322988355559011594447189e-03,1.48027385593285456537359835885078e-02,4.79862045679298112703600814434014e-02,7.83033664165677498892470512696585e-03
3.59749999999999999999999999999999e+01,1.00446321307639908180537436792084e-02,1.46711149370929649959427056912026e-02,4.81778844817482148475766693979086e-02,7.50412365556659810509606738363458e-03
3.60000000000000000000000000000000e+01,1.04097480729597390409529782727286e-02,1.45378979961943572057885218973253e-02,4.83614142088982999211688848559241e-02,7.17832957250570521030861104537152e-03
3.60250000000000000000000000000001e+01,1.07715139668645836886441323376533e-02,1.44031157548649557774348728468392e-02,4.85368048111840275183442139849292e-02,6.85300148262191232877621343911365e-03
3.60499999999999999999999999999994e+01,1.11298910312548699444137480393119e-02,1.42667963323700387605581211793933e-02,4.87040685240426832454028945013700e-02,6.52818618547284475266905437812994e-03
3.60749999999999999999999999999999e+01,1.14848411891005578466778372906605e-02,1.41289679441213825605275546729301e-02,4.88632187492082385462991481638489e-02,6.20393018428721954861780522258437e-03
3.60999999999999999999999999999999e+01,1.18363270699081117024901247150734e-02,1.39896588968305504255358046588687e-02,4.90142700472321318676262974660025e-02,5.88027968029637832399367954652363e-03
3.61250000000000000000000000000001e+01,1.21843120119434865400374220731517e-02,1.38488975837675873412669773978003e-02,4.91572381298631723316655965054633e-02,5.55728056713234444525714042153819e-03
3.61500000000000000000000000000001e+01,1.25287600643379943642692754622794e-02,1.37067124801249523761304817214991e-02,4.92921398522882239312741824096583e-02,5.23497842529277621554613156488479e-03
3.61749999999999999999999999999994e+01,1.28696359890789618104396569858441e-02,1.35631321384227836735367911572517e-02,4.94189932052353946409507167543326e-02,4.91341851667742497672538008626199e-03
3.61999999999999999999999999999998e+01,1.32069052628851405360141636542363e-02,1.34181851838731493204874528997061e-02,4.95378173069415958529875324950282e-02,4.59264577920212507000802487434745e-03
3.62249999999999999999999999999999e+01,1.35405340789651578675473938582322e-02,1.32719003096588309220216353827096e-02,4.96486323949864646111077935511945e-02,4.27270482149394616253101217326147e-03
3.62500000000000000000000000000000e+01,1.38704893486570182737450904446116e-02,1.31243062721486571346936068036333e-02,4.97514598179946754560856916007075e-02,3.95363991766660903189582202375715e-03
3.62750000000000000000000000000001e+01,1.41967387029479194975874614730014e-02,1.29754318861205105448506690122335e-02,4.98463220272085963720255284275079e-02,3.63549500217175683137401399795182e-03
3.62999999999999999999999999999994e+01,1.45192504938755333415368445613848e-02,1.28253060200629894032393856682483e-02,4.99332425679331239347147661665151e-02,3.31831366472156800902892053471963e-03
3.63250000000000000000000000000000e+01,1.48379937958131519968591127564466e-02,1.26739575915803409970440194431975e-02,5.00122460708544563763201906261934e-02,3.00213914528145268006736564098795e-03
3.63499999999999999999999999999999e+01,1.51529384066409481370363361671230e-02,1.25214155628663424292706489326884e-02,5.00833582432345871854528317047336e-02,2.68701432913582991752346596008419e-03
3.63749999999999999999999999999999e+01,1.54640548488042476190250366476832e-02,1.23677089361807888188041563071872e-02,5.01466058599834124280608225026859e-02,2.37298174203229196711086059788750e-03
3.64000000000000000000000000000001e+01,1.57713143702581380326434689269382e-02,1.22128667492757732900261280625647e-02,5.02020167546104703294420427348586e-02,2.06008354540835730246255623155220e-03
3.64249999999999999999999999999994e+01,1.60746889452969698209913354402884e-02,1.20569180707653304475706746316364e-02,5.02496198100583938590364791325375e-02,1.74836153170143888592436116535353e-03
3.64499999999999999999999999999999e+01,1.63741512752677735680022851995119e-02,1.18998919954786474046179587377445e-02,5.02894449494201252595425036650771e-02,1.43785711973915440470531950938594e-03
3.64749999999999999999999999999999e+01,1.66696747891679204700272741907951e-02,1.17418176398545677911422002479515e-02,5.03215231265418492864173197729433e-02,1.12861135020598506515754289374175e-03
3.65000000000000000000000000000000e+01,1.69612336441286147640176001835472e-02,1.15827241374157669956327028960113e-02,5.03458863165135198621094017479952e-02,8.20664881184074011447579929486013e-04
3.65250000000000000000000000000001e+01,1.72488027257862705022191572237803e-02,1.14226406343207518905385662302974e-02,5.03625675060488403098551242195920e-02,5.14057983769204457697849069659731e-04
3.65499999999999999999999999999993e+01,1.75323576485433045407260855778804e-02,1.12615962849573767587050130679255e-02,5.03716006837566182670713814625002e-02,2.08830537765462126993024346279678e-04
3.65749999999999999999999999999998e+01,1.78118747557187949769900737285638e-02,1.10996202475324938163737764250871e-02,5.03730208303055114192500773459298e-02,-9.49779725377238070526063264595666e-05
3.65999999999999999999999999999999e+01,1.80873311195885082481754143093690e-02,1.09367416796307688679861654539652e-02,5.03668639084842509188817540509084e-02,-3.97328462504411389222494812353704e-04
3.66250000000000000000000000000000e+01,1.83587045413135236859184529693986e-02,1.07729897337477952152527993510397e-02,5.03531668531594393512403311002959e-02,-6.98182251207715273466959844602517e-04
3.66500000000000000000000000000001e+01,1.86259735507571767615600148357066e-02,1.06083935528290644202474982351426e-02,5.03319675611329745923235867538032e-02,-9.97501065404604268233397841435857e-04
3.66749999999999999999999999999994e+01,1.88891174061909665060218232656110e-02,1.04429822658534414832238222541035e-02,5.03033048809010874174289835232402e-02,-1.29524704343223137774351614218357e-03
3.66999999999999999999999999999999e+01,1.91481160938908962003941445171885e-02,1.02767849834856393458934452510456e-02,5.02672186023169417358514466384767e-02,-1.59138273902648948144488999667911e-03
3.67249999999999999999999999999999e+01,1.94029503276260053028400400118100e-02,1.01098307937958262612070547211208e-02,5.02237494461587538820372325369521e-02,-1.88587112506157619948804839646316e-03
3.67500000000000000000000000000001e+01,1.96536015480404781468251773016696e-02,9.94214875802033234208711384928468e-03,5.01729390536054343145363309466249e-02,-2.17867559720823400842563754635206e-03
3.67750000000000000000000000000001e+01,1.99000519219299072242333140508534e-02,9.77376790632815019505529201890458e-03,5.01148299756218140094441567149768e-02,-2.46975997750848511059342673831054e-03
3.67999999999999999999999999999994e+01,2.01422843414115027803283858736002e-02,9.60471723356864367131884439361647e-03,5.00494656622555587943292341672703e-02,-2.75908851786586637107294312175360e-03
3.68249999999999999999999999999998e+01,2.03802824229877303665187078849867e-02,9.43502569500131519762973506104290e-03,4.99768904518478802645419956802200e-02,-3.04662590345169719813414482289641e-03
3.68499999999999999999999999999999e+01,2.06140305065032294410777224645254e-02,9.26472220203486661745530292954077e-03,4.98971495601601230574706806618825e-02,-3.33233725602902038676443945811807e-03
3.68750000000000000000000000000000e+01,2.08435136539957393646427745480219e-02,9.09383561801453910419432446127329e-03,4.98102890694182629677502275324626e-02,-3.61618813719602082147556830736870e-03
3.69000000000000000000000000000001e+01,2.10687176484426382372567011622609e-02,8.92239475408545365302248323246261e-03,4.97163559172773143633326818269835e-02,-3.89814455154986098135268128738073e-03
3.69249999999999999999999999999994e+01,2.12896289924050444096300712833002e-02,8.75042836513049431748018295711967e-03,4.96153978857076402142254895463498e-02,-4.17817294977038304710798057199291e-03
3.69500000000000000000000000000000e+01,2.15062349065709935863068590916031e-02,8.57796514575138249907151760264655e-03,4.95074635898051899389262239105753e-02,-4.45624023162179687656327722114423e-03
3.69749999999999999999999999999999e+01,2.17185233281982254380225629929985e-02,8.40503372625047179923268122204858e-03,4.93926024665277445761757377684839e-02,-4.73231374887010567161651881821009e-03
3.69999999999999999999999999999999e+01,2.19264829094562076846697691066305e-02,8.23166266858729161128427501484646e-03,4.92708647633592955810023558013036e-02,-5.00636130811496463574632108639246e-03
3.70250000000000000000000000000001e+01,2.21301030156668045332116417875831e-02,8.05788046231890132286533746629031e-03,4.91423015269046938368367981132087e-02,-5.27835117353649118632377963503058e-03
3.70499999999999999999999999999994e+01,2.23293737234436520488611290554823e-02,7.88371552056418641985824921015650e-03,4.90069645914166701406417943951246e-02,-5.54825206955917137199609947015581e-03
3.70749999999999999999999999999999e+01,2.25242858187314442891926383188163e-02,7.70919617603795316441492791622334e-03,4.88649065672572671524321864330936e-02,-5.81603318343533944915293406716987e-03
3.70999999999999999999999999999999e+01,2.27148307947472179329916266216133e-02,7.53435067717588507925025390916489e-03,4.87161808292956745606227683991710e-02,-6.08166416774939699283988705694670e-03
3.71250000000000000000000000000000e+01,2.29010008498257494563143674329882e-02,7.35920718433183987096480726120202e-03,4.85608415052444576397500506917322e-02,-6.34511514284173696820090117082635e-03
3.71500000000000000000000000000001e+01,2.30827888851703133283017545835604e-02,7.18379376600128487274871321490844e-03,4.83989434639362187765981650342185e-02,-6.60635669914969963906289201012812e-03
3.71749999999999999999999999999993e+01,2.32601885025088694770006785022571e-02,7.00813839502823756714204331231326e-03,4.82305423035428011187059839306475e-02,-6.86535989946299676820554141311627e-03
3.71999999999999999999999999999998e+01,2.34331940016550593897901359882679e-02,6.83226894478601425877420094731251e-03,4.80556943397391861900771722752639e-02,-7.12209628109293987723810831373765e-03
3.72249999999999999999999999999999e+01,2.36018003779736724092104205586583e-02,6.65621318536206985217812620372737e-03,4.78744565938142218902012059749831e-02,-7.37653785795727541362029225504296e-03
3.72500000000000000000000000000000e+01,2.37660033197513132799637186197862e-02,6.47999877979680229158428537498355e-03,4.76868867807302513504296063753379e-02,-7.62865712258377483784834640752509e-03
3.72750000000000000000000000000001e+01,2.39257992054741351684151973164794e-02,6.30365328041203435895756184281727e-03,4.74930432971336395927055750209310e-02,-7.87842704803498176386691204097493e-03
3.72999999999999999999999999999994e+01,2.40811851010149372497017306419861e-02,6.12720412522701319953312036980707e-03,4.72929852093181630704255369825237e-02,-8.12582108975415794829892365789331e-03
3.73249999999999999999999999999999e+01,2.42321587567313880625230762599499e-02,5.95067863442443065396420955014260e-03,4.70867722411432579675608507928552e-02,-8.37081318733012266362708722604068e-03
3.73499999999999999999999999999999e+01,2.43787186044760184249933611863322e-02,5.77410400682012352202350371071541e-03,4.68744647619091940059890947496835e-02,-8.61337776617798848726708833365930e-03
3.73750000000000000000000000000001e+01,2.45208637545177058165766936228249e-02,5.59750731631291239322327521207402e-03,4.66561237741913007279627600126396e-02,-8.85348973913425023951356237770781e-03
3.74000000000000000000000000000001e+01,2.46585939923742613800857583504187e-02,5.42091550832888073140168270656314e-03,4.64318109016353794206015972882147e-02,-9.09112450796726786020211925370050e-03
3.74249999999999999999999999999994e+01,2.47919097755564752708247454620658e-02,5.24435539630119001823840273006861e-03,4.62015883767163803079460931368163e-02,-9.32625796480610459809807951097316e-03
3.74499999999999999999999999999998e+01,2.49208122302250455555067005084065e-02,5.06785365822494974094001143840897e-03,4.59655190284623466976607883858062e-02,-9.55886649349064022555629891231638e-03
3.74749999999999999999999999999999e+01,2.50453031477624929928481818110277e-02,4.89143683329942956513208084416329e-03,4.57236662701455763779923008534896e-02,-9.78892697084397126422061616545714e-03
3.75000000000000000000000000000000e+01,2.51653849812620356571707639418554e-02,4.71513131863666078413783883788467e-03,4.54760940869429565638072798909401e-02,-1.00164167678657175181807755868168e-02
3.75250000000000000000000000000001e+01,2.52810608419346077791504958324638e-02,4.53896336599841903462261519585324e-03,4.52228670235674823881150181095486e-02,-1.02413137508436321928626280089512e-02
3.75499999999999999999999999999994e+01,2.53923344954343203752562727966426e-02,4.36295907853248889227092693034090e-03,4.49640501718730286126342745861338e-02,-1.04635962823816332604827930632823e-02
3.75750000000000000000000000000000e+01,2.54992103581022571177852861036648e-02,4.18714440750599948365988912101386e-03,4.46997091584344663213121787912668e-02,-1.06832432223444426313638931546337e-02
3.75999999999999999999999999999999e+01,2.56016934931287965122165981444865e-02,4.01154514905968656426627494424481e-03,4.44299101321051850626435042616323e-02,-1.09002339287209718251762258543258e-02
3.76249999999999999999999999999999e+01,2.56997896066354047300320730017020e-02,3.83618694101585613008457434231680e-03,4.41547197515540168448854756539126e-02,-1.11145482584091512314806804183783e-02
3.76500000000000000000000000000001e+01,2.57935050436775467780020517762824e-02,3.66109525976087657471052246676038e-03,4.38742051727835019547089697199576e-02,-1.13261665679238222570055992988349e-02
3.76749999999999999999999999999994e+01,2.58828467841705970470094960261655e-02,3.48629541719985622262049283663436e-03,4.35884340366314194393084451937568e-02,-1.15350697140274572014396869785492e-02
3.76999999999999999999999999999999e+01,2.59678224387403064818980676993455e-02,3.31181255776202382486279679008098e-03,4.32974744562575302903495255586915e-02,-1.17412390542821200354176494122654e-02
3.77249999999999999999999999999999e+01,2.60484402444987577906658704927335e-02,3.13767165543103588389713025369065e-03,4.30013950046175243512143266793243e-02,-1.19446564475210448080707741896825e-02
3.77500000000000000000000000000000e+01,2.61247090607462130467412168692988e-02,2.96389751078564338702676954491444e-03,4.27002647019261895492296810606691e-02,-1.21453042542393629098704623395037e-02
3.77750000000000000000000000000001e+01,2.61966383645991251211333628815983e-02,2.79051474805461310528538415780994e-03,4.23941530031118144635790963740627e-02,-1.23431653369050001713434494556027e-02
3.77999999999999999999999999999993e+01,2.62642382465448848395276037994997e-02,2.61754781220442913717739277092496e-03,4.20831297852637965993562819917483e-02,-1.25382230601916482327216637782106e-02
3.78249999999999999999999999999998e+01,2.63275194059244066966310718250438e-02,2.44502096608158848562474038912056e-03,4.17672653350753810707860154705306e-02,-1.27304612911355587340958916696865e-02
3.78499999999999999999999999999999e+01,2.63864931463441111732183961712216e-02,2.27295828762258877098367562853687e-03,4.14466303362834217294995432511114e-02,-1.29198643992169618237478779568641e-02
3.78750000000000000000000000000000e+01,2.64411713710190011403258767756704e-02,2.10138366712948481896015279269445e-03,4.11212958571070508980225396824148e-02,-1.31064172563658295128559093461127e-02
3.79000000000000000000000000000001e+01,2.64915665780482945903953397892429e-02,1.93032080459547463824302922525710e-03,4.07913333376871598382992093158289e-02,-1.32901052368911044542192900362879e-02
3.79249999999999999999999999999994e+01,2.65376918556246067449697082395442e-02,1.75979320706040537189070108402120e-03,4.04568145775286138196338341050683e-02,-1.34709142173326478088705406044336e-02
3.79499999999999999999999999999999e+01,2.65795608771772359055570062276522e-02,1.58982418598286651651780686966396e-03,4.01178117229471361401943859636316e-02,-1.36488305762358669343776881176229e-02
3.79749999999999999999999999999999e+01,2.66171878964499517150721916083317e-02,1.42043685463025772440414471381512e-03,3.97743972545227852461544308090970e-02,-1.38238411938498566322653947535929e-02
3.80000000000000000000000000000001e+01,2.66505877425139150754163359162270e-02,1.25165412550287337497848583770826e-03,3.94266439745619196746570026252139e-02,-1.39959334517504924743930226435315e-02
3.80250000000000000000000000000001e+01,2.66797758147168600321545184894328e-02,1.08349870781395249295601361965016e-03,3.90746249945695076401712979705337e-02,-1.41650952323899686425343774917152e-02
3.80499999999999999999999999999994e+01,2.67047680775701522610895945736753e-02,9.15993105040493947376975170575284e-04,3.87184137227336063956287630225104e-02,-1.43313149185737481569536663748739e-02
3.80749999999999999999999999999999e+01,2.67255810555755061513925436780355e-02,7.49159612542808659586847904296633e-04,3.83580838514238228483610811407789e-02,-1.44945813928650423364752915487635e-02
3.80999999999999999999999999999999e+01,2.67422318279928685219650921755324e-02,5.83020315234235959417083946144235e-04,3.79937093447055739921441938439264e-02,-1.46548840369162091915708487125039e-02
3.81250000000000000000000000000000e+01,2.67547380235504125725630766565384e-02,4.17597085277012374695314751606779e-04,3.76253644258719845080462382347825e-02,-1.48122127307263004665443425181840e-02
3.81500000000000000000000000000001e+01,2.67631178150970843905164650661834e-02,2.52911579790410792909795357946975e-04,3.72531235649952722304600847269947e-02,-1.49665578518245638138599377357807e-02
3.81749999999999999999999999999994e+01,2.67673899141980437121714689834722e-02,8.89852385772926274137938359718050e-05,3.68770614664994641574349570902894e-02,-1.51179102743807491957689242010344e-02
3.82000000000000000000000000000000e+01,2.67675735656737313460239168911789e-02,-7.41607181077580231918108963396249e-05,3.64972530567562521028019335487315e-02,-1.52662613682439589553819160244896e-02
3.82249999999999999999999999999999e+01,2.67636885420839408876474373023554e-02,-2.36505291723275548684626543620068e-04,3.61137734717057499313133946661514e-02,-1.54116029979119162122720786931351e-02
3.82499999999999999999999999999999e+01,2.67557551381587493551819748582673e-02,-3.98027707528055860055475368717575e-04,3.57266980445038757791155462863690e-02,-1.55539275214317435296493673848361e-02
3.82750000000000000000000000000001e+01,2.67437941651781433009856285131644e-02,-5.58707416602336266890127211946876e-04,3.53361022931980710715518819989137e-02,-1.56932277892320984069501978316611e-02
3.82999999999999999999999999999994e+01,2.67278269453016640296248809388814e-02,-7.18524097829672408666789798873117e-04,3.49420619084330848125913076580417e-02,-1.58294971428856292365808587161075e-02
3.83249999999999999999999999999999e+01,2.67078753058487276094877099433250e-02,-8.77457659863162493210308532909897e-04,3.45446527411885782996178408023544e-02,-1.59627294138008385369756454354687e-02
3.83499999999999999999999999999999e+01,2.66839615735299060992934722789678e-02,-1.03548824308046122161346670752090e-03,3.41439507905503155760710991643019e-02,-1.60929189218435525755252358723027e-02
3.83750000000000000000000000000000e+01,2.66561085686296408676390313756865e-02,-1.19259622150964054484240339585711e-03,3.37400321915166818750812099707406e-02,-1.62200604738895805900432512756410e-02
3.83999999999999999999999999999998e+01,2.66243395991414738179238300978272e-02,-1.34876220469774953802897088726321e-03,3.33329732028422215476256154496054e-02,-1.63441493623108541729663153743947e-02
3.84249999999999999999999999999993e+01,2.65886784548575093378630446548419e-02,-1.50396703950286046905868981174659e-03,3.29228501949198334165805508661831e-02,-1.64651813633968564299381894783906e-02
3.84499999999999999999999999999998e+01,2.65491494014140350284869219616156e-02,-1.65819181181216173807381770087576e-03,3.25097396377032326044112997935225e-02,-1.65831527357117918453501607191663e-02
3.84750000000000000000000000000000e+01,2.65057771742948956911632522810655e-02,-1.81141784820820608577067596716917e-03,3.20937180886712943540082995495571e-02,-1.66980602183866486984999918910728e-02
3.85000000000000000000000000000000e+01,2.64585869727935717671239374725659e-02,-1.96362671760951537163344648366845e-03,3.16748621808359232991885305664428e-02,-1.68099010293449761114829539680484e-02
3.85249999999999999999999999999997e+01,2.64076044539344027603363663378955e-02,-2.11480023289809464479533912323356e-03,3.12532486107951120437051982734204e-02,-1.69186728634620722579307527183528e-02
3.85499999999999999999999999999994e+01,2.63528557263533554387839235732989e-02,-2.26492045252490155967495120794045e-03,3.08289541268328419703957759139790e-02,-1.70243738906587497908363483341264e-02
3.85749999999999999999999999999999e+01,2.62943673441391730124687769890720e-02,-2.41396968206974660807974610627661e-03,3.04020555170674349202830235868441e-02,-1.71270027539318904956257073113560e-02
3.85999999999999999999999999999999e+01,2.62321663006363425202878192565764e-02,-2.56193047573384184021933898137363e-03,2.99726295976499076361599894279030e-02,-1.72265585673239179703590805420830e-02
3.86250000000000000000000000000001e+01,2.61662800222116783571652031860004e-02,-2.70878563775916491194412868449286e-03,2.95407532010138404244283344048283e-02,-1.73230409138322002258031928641254e-02
3.86499999999999999999999999999996e+01,2.60967363619862191368924542275850e-02,-2.85451822378751852049002263745206e-03,2.91065031641782638878459287569985e-02,-1.74164498432580491129391985764343e-02
3.86749999999999999999999999999994e+01,2.60235635935336699200204567094412e-02,-2.99911154218119501697453837241795e-03,2.86699563171050862134484397063976e-02,-1.75067858699943388819288184876808e-02
3.86999999999999999999999999999999e+01,2.59467904045461193001265325049697e-02,-3.14254915532140806778055901464546e-03,2.82311894711126042069008913593788e-02,-1.75940499707512252598471513043041e-02
3.87249999999999999999999999999999e+01,2.58664458904675451292880014536808e-02,-3.28481488088509983096558445372288e-03,2.77902794073466397420905336919217e-02,-1.76782435822206388745077189064880e-02
3.87500000000000000000000000000000e+01,2.57825595480958055073756793314495e-02,-3.42589279308619162766688546351397e-03,2.73473028653108115575487036579852e-02,-1.77593685986813113335646949014457e-02
3.87749999999999999999999999999997e+01,2.56951612691542417762108402334664e-02,-3.56576722386287650376665097220627e-03,2.69023365314574029400653057954946e-02,-1.78374273695463624266802459766025e-02
3.87999999999999999999999999999994e+01,2.56042813338344070838912789013385e-02,-3.70442276399987301898056165419311e-03,2.64554570278402418971456132710286e-02,-1.79124226968548269711027781135469e-02
3.88250000000000000000000000000000e+01,2.55099504043115449608249554983860e-02,-3.84184426418788058891836857322695e-03,2.60067409008309893664509170683174e-02,-1.79843578327074407750787553273057e-02
3.88499999999999999999999999999999e+01,2.54121995182342383708898690402862e-02,-3.97801683603307977908652806386303e-03,2.55562646099002337110915260526410e-02,-1.80532364766462637520207376309303e-02
3.88749999999999999999999999999999e+01,2.53110600821892843430728626863152e-02,-4.11292585303146412271434550281170e-03,2.51041045164648016916158132953424e-02,-1.81190627729777357101358615834421e-02
3.88999999999999999999999999999996e+01,2.52065638651425520090426489979255e-02,-4.24655695151600680877549463877084e-03,2.46503368728026984679699541666283e-02,-1.81818413080394411161409945753438e-02
3.89249999999999999999999999999994e+01,2.50987429918565152734893568730133e-02,-4.37889603157406917656106766344400e-03,2.41950378110370712785121160667914e-02,-1.82415771074117032657776672154582e-02
3.89499999999999999999999999999999e+01,2.49876299362853291477673653540825e-02,-4.50992925792438167290553645814704e-03,2.37382833321905562693933705585790e-02,-1.82982756330756049949456413866104e-02
3.89749999999999999999999999999999e+01,2.48732575149486187658612289240655e-02,-4.63964306074148626469026972953865e-03,2.32801492953113283926423851856978e-02,-1.83519427805189131378248957167892e-02
3.90000000000000000000000000000000e+01,2.47556588802853965697181524995827e-02,-4.76802413642085546131032107859681e-03,2.28207114066721439231493101980709e-02,-1.84025848757908262225844620747212e-02
3.90249999999999999999999999999998e+01,2.46348675139895837907185179287617e-02,-4.89505944828667062346376797192751e-03,2.23600452090436502337403638804640e-02,-1.84502086725058516490355824700561e-02
3.90499999999999999999999999999993e+01,2.45109172203284611983947755178510e-02,-5.02073622725166773270530523377820e-03,2.18982260710432347093512397086809e-02,-1.84948213487967958704972041634013e-02
3.90749999999999999999999999999998e+01,2.43838421194450979361402761607850e-02,-5.14504197244065218066910322656335e-03,2.14353291765606846484782370942587e-02,-1.85364305042169502552172172151442e-02
3.91000000000000000000000000000000e+01,2.42536766406455587582615226195970e-02,-5.26796445178505303824267599445886e-03,2.09714295142619230670787842947584e-02,-1.85750441565919725887244850908825e-02
3.91250000000000000000000000000000e+01,2.41204555156716089941369051109300e-02,-5.38949170258739154680847052897435e-03,2.05066018671720664366333543356276e-02,-1.86106707388224592832145991172403e-02
3.91499999999999999999999999999997e+01,2.39842137719597740030127571855876e-02,-5.50961203204642155170909284839859e-03,2.00409208023390208318720450213464e-02,-1.86433190956385296226589850633214e-02
3.91749999999999999999999999999994e+01,2.38449867258878923792467558897533e-02,-5.62831401773078648870766937459496e-03,1.95744606605787991444453232632582e-02,-1.86729984803077485989822318699042e-02
3.91999999999999999999999999999999e+01,2.37028099760105638467278827225416e-02,-5.74558650799351242872517827960814e-03,1.91072955463037123325355394089426e-02,-1.86997185512973964121503731211817e-02
3.92249999999999999999999999999999e+01,2.35577193962849673584611906605092e-02,-5.86141862232933696041428281335654e-03,1.86394993174345685608479012549400e-02,-1.87234893688916048628523004983852e-02
3.92500000000000000000000000000001e+01,2.34097511292883507772680092211610e-02,-5.97579975168600462777619496070853e-03,1.81711455753980066112241624808353e-02,-1.87443213917634823179356899451895e-02
3.92749999999999999999999999999996e+01,2.32589415794281645773523767715405e-02,-6.08871955874324766577854134598645e-03,1.77023076552100885978929518197265e-02,-1.87622254735022830481746560315166e-02
3.92999999999999999999999999999994e+01,2.31053274061455310881493758597728e-02,-6.20016797816700146333169504190705e-03,1.72330586156472719903069115276817e-02,-1.87772128590960238586954827759814e-02
3.93249999999999999999999999999999e+01,2.29489455171126935558167528360299e-02,-6.31013521683498263323780685717406e-03,1.67634712295058635249461909904191e-02,-1.87892951813705429302267491772110e-02
3.93499999999999999999999999999999e+01,2.27898330614253168002047951618136e-02,-6.41861175402045590724844834658284e-03,1.62936179739510259466023165244542e-02,-1.87984844573864788273878746135125e-02
3.93750000000000000000000000000000e+01,2.26280274227908710375634827184083e-02,-6.52558834152027807862911188774295e-03,1.58235710209563699056681184759492e-02,-1.88047930847956913013516161535973e-02
3.93999999999999999999999999999997e+01,2.24635662127145824551947966976567e-02,-6.63105600372206595652201527005645e-03,1.53534022278351303649135282280338e-02,-1.88082338381581774954198698628087e-02
3.94249999999999999999999999999994e+01,2.22964872636844010139667676981203e-02,-6.73500603761799537731666595072552e-03,1.48831831278639094909007720929821e-02,-1.88088198652198310829391065022379e-02
3.94500000000000000000000000000000e+01,2.21268286223561289475296398812205e-02,-6.83743001278074951517642983934594e-03,1.44129849209999663180452363512641e-02,-1.88065646831509154289938621595278e-02
3.94749999999999999999999999999999e+01,2.19546285427394719146583576416774e-02,-6.93831977131487344006459333620299e-03,1.39428784646930367232259737334088e-02,-1.88014821747452231068480192093022e-02
3.94999999999999999999999999999999e+01,2.17799254793855736439193137281628e-02,-7.03766742778561970979017883723946e-03,1.34729342647926605028895194144797e-02,-1.87935865845805405958232506813492e-02
3.95249999999999999999999999999996e+01,2.16027580805767089470713783599312e-02,-7.13546536911486039042547833288247e-03,1.30032224665519667242565186170292e-02,-1.87828925151418090239474852007988e-02
3.95499999999999999999999999999994e+01,2.14231651815191586609141984223908e-02,-7.23170625442837527329142920962420e-03,1.25338128457288278297699760044334e-02,-1.87694149229087379684204521239677e-02
3.95749999999999999999999999999999e+01,2.12411857975406320204758529489412e-02,-7.32638301484439445497260434262136e-03,1.20647747997852516260734167957763e-02,-1.87531691144093214479100352365608e-02
3.95999999999999999999999999999999e+01,2.10568591172937019120685698360762e-02,-7.41948885320576598253768505674983e-03,1.15961773391858535540846994481163e-02,-1.87341707422399218539925099288045e-02
3.96250000000000000000000000000000e+01,2.08702244959665093526730181392182e-02,-7.51101724376890587920755047052306e-03,1.11280890787962448985427082104873e-02,-1.87124358010518673420820487283832e-02
3.96499999999999999999999999999998e+01,2.06813214485016198517455269067280e-02,-7.60096193186448183957711799899226e-03,1.06605782293821773688909842686966e-02,-1.86879806235043538052711726784044e-02
3.96749999999999999999999999999993e+01,2.04901896428236280286706656029547e-02,-7.68931693353664737831819579720670e-03,1.01937125892102842234732126734799e-02,-1.86608218761839628692855908255469e-02
3.96999999999999999999999999999998e+01,2.02968688930760922513488847992488e-02,-7.77607653515544132000521115353375e-03,9.72755953575123978352359480314619e-03,-1.86309765554919385695347381397089e-02
3.97250000000000000000000000000000e+01,2.01013991528686320997832976711966e-02,-7.86123529298907214152615600663979e-03,9.26218601748612235891919059604223e-03,-1.85984619835009300420595461834067e-02
3.97500000000000000000000000000000e+01,1.99038205085353545873930681783009e-02,-7.94478803272427320597147545416832e-03,8.79765854581672257890158471293599e-03,-1.85632958037828237352456494704856e-02
3.97749999999999999999999999999997e+01,1.97041731724059620418366811288253e-02,-8.02672984893223065671081255526786e-03,8.33404318708050610515666844716870e-03,-1.85254959772086334919031889101297e-02
3.97999999999999999999999999999994e+01,1.95024974760908176752669562103011e-02,-8.10705610448810091750960542262754e-03,7.87140555467092552047033922326433e-03,-1.84850807777206591398725119799079e-02
3.98249999999999999999999999999999e+01,1.92988338637809677030741976357430e-02,-8.18576242995688080012329483234132e-03,7.40981080126377646718896277849050e-03,-1.84420687880767836977097022304665e-02
3.98499999999999999999999999999999e+01,1.90932228855638306640281396070262e-02,-8.26284472295474252201297959338354e-03,6.94932361115029389569378847981790e-03,-1.83964788955670648358205358606110e-02
3.98750000000000000000000000000001e+01,1.88857051907551462381198185020130e-02,-8.33829914748596637617214023823015e-03,6.49000819267767204170851683414936e-03,-1.83483302877034591556969536572725e-02
3.98999999999999999999999999999996e+01,1.86763215212478834965890521997355e-02,-8.41212213324750900630592702151436e-03,6.03192827079766251526031698779226e-03,-1.82976424478841159555590293612313e-02
3.99249999999999999999999999999994e+01,1.84651127048790498167194013289284e-02,-8.48431037489104970502327207034677e-03,5.57514707972386625591182698808022e-03,-1.82444351510338006158771641759347e-02
3.99499999999999999999999999999999e+01,1.82521196488155499718655382423338e-02,-8.55486083123681162905364782912674e-03,5.11972735569830028451544983344830e-03,-1.81887284592216146831215196628821e-02
3.99749999999999999999999999999999e+01,1.80373833329602916179326012236219e-02,-8.62377072444109802425930892505305e-03,4.66573132986779872969743259481255e-03,-1.81305427172565728857705144948822e-02
4.00000000000000000000000000000000e+01,1.78209448033796025407433461384606e-02,-8.69103753912534115537435817273994e-03,4.21322072127079953759254963716275e-03,-1.80698985482611887796667670193275e-02
4.00249999999999999999999999999995e+01,1.76028451657528085072976295924100e-02,-8.75665902147527922706525101221570e-03,3.76225672993506503088903540235057e-03,-1.80068168492232493137209374909349e-02
4.00499999999999999999999999999994e+01,1.73831255788446495077644263822099e-02,-8.82063317831479200707871612142296e-03,3.31290003008687541241628849544039e-03,-1.79413187865263558141457081812461e-02
4.00750000000000000000000000000000e+01,1.71618272480011758043990923527263e-02,-8.88295827615285532702224263105769e-03,2.86521076347221365559738972737460e-03,-1.78734257914602832817525331862835e-02
4.00999999999999999999999999999999e+01,1.69389914186698663959599616486459e-02,-8.94363284019762937231877771075279e-03,2.41924853279043006755384179880919e-03,-1.78031595557124627713179390717733e-02
4.01249999999999999999999999999999e+01,1.67146593699448779929053030428241e-02,-9.00265565333112093778257792241550e-03,1.97507239524084267342641666990121e-03,-1.77305420268418026036488907591174e-02
4.01499999999999999999999999999999e+01,1.64888724081384617749249387355615e-02,-9.06002575504109188880122765519648e-03,1.53274085618270310003083717817494e-03,-1.76555954037357335683983329091652e-02
4.01749999999999999999999999999994e+01,1.62616718603796053990487552140937e-02,-9.11574244031192311238704812462933e-03,1.09231186290894014343466709597943e-03,-1.75783421320510129842252080908971e-02
4.01999999999999999999999999999999e+01,1.60330990682408585111480137308948e-02,-9.16980525848023896471732662731345e-03,6.53842798534082531020787362323308e-04,-1.74988048996386468249769044104546e-02
4.02250000000000000000000000000000e+01,1.58031953813941344835034683588638e-02,-9.22221401206211010833023999050589e-03,2.17390475996753021430998244273954e-04,-1.74170066319533557519120875499907e-02
4.02499999999999999999999999999998e+01,1.55720021512961371301573774325526e-02,-9.27296875555603697558819031092221e-03,-2.16988867822887509288767561881535e-04,-1.73329704874482532822692503122615e-02
4.02749999999999999999999999999998e+01,1.53395607249040159837347829014325e-02,-9.32206979422102433584308195911948e-03,-6.49239577870387648003470953007461e-04,-1.72467198529556813764143824993001e-02
4.02999999999999999999999999999993e+01,1.51059124384219317992458708029402e-02,-9.36951768282457375516468102823049e-03,-1.07930658656861248018002261816068e-03,-1.71582783390553206700757524403855e-02
4.03249999999999999999999999999998e+01,1.48710986110793694101106936699585e-02,-9.41531322435401850177129942239990e-03,-1.50713541935340602628677359753636e-03,-1.70676697754306780018712321143168e-02
4.03500000000000000000000000000000e+01,1.46351605389421723631343122742931e-02,-9.45945746868739431634127136119924e-03,-1.93267220009303042039909328544174e-03,-1.69749182062148587037796252201834e-02
4.03750000000000000000000000000002e+01,1.43981394887573010668524778735464e-02,-9.50195171122559310713708664573002e-03,-2.35586365639112231785037044596135e-03,-1.68800478853262491243995021775056e-02
4.03999999999999999999999999999997e+01,1.41600766918322036685909308682694e-02,-9.54279749149257010081941656730209e-03,-2.77665712477291956787155773268421e-03,-1.67830832717945141596806134657440e-02
4.04249999999999999999999999999992e+01,1.39210133379494944043199358533851e-02,-9.58199659171155793602661667509934e-03,-3.19500055575452048340303042121644e-03,-1.66840490250772882934856586025159e-02
4.04499999999999999999999999999999e+01,1.36809905693174737893074749462716e-02,-9.61955103536150886788211589246098e-03,-3.61084251879494968142145390827613e-03,-1.65829700003681433030324559199116e-02
4.04750000000000000000000000000001e+01,1.34400494745570005581018889723893e-02,-9.65546308571148423868240172792253e-03,-4.02413220713082319851090820512013e-03,-1.64798712438967480929795661026427e-02
4.05000000000000000000000000000001e+01,1.31982310827253541323331531201102e-02,-9.68973524432564464914552378896444e-03,-4.43481944249343212990941729196251e-03,-1.63747779882223940440877725717054e-02
4.05249999999999999999999999999996e+01,1.29555763573779233681551540253654e-02,-9.72237024953138651155117153839340e-03,-4.84285467970809404424518699083665e-03,-1.62677156475220623128620263775473e-02
4.05499999999999999999999999999996e+01,1.27121261906686863565886771996843e-02,-9.75337107484834288966452641502577e-03,-5.24818901117564773680233256367697e-03,-1.61587098128739280192309708496731e-02
4.05749999999999999999999999999998e+01,1.24679213974904112587290777235823e-02,-9.78274092738310379786732729086271e-03,-5.65077417123598411777125545003039e-03,-1.60477862475367937496440324894395e-02
4.06000000000000000000000000000000e+01,1.22230027096553221754989212091238e-02,-9.81048324619878847894013971511240e-03,-6.05056254041351449630578995963978e-03,-1.59349708822256858212700579299563e-02
4.06250000000000000000000000000000e+01,1.19774107701167535024037664875981e-02,-9.83660170066700777599212930558303e-03,-6.44750714954448353520428565551953e-03,-1.58202898103839187287597939569263e-02
4.06499999999999999999999999999995e+01,1.17311861272322040367750212589695e-02,-9.86110018880327163601477357939510e-03,-6.84156168378604610056842281075868e-03,-1.57037692834523049467293102402278e-02
4.06749999999999999999999999999994e+01,1.14843692290682689909742274655216e-02,-9.88398283557991915298479804202396e-03,-7.23268048650704980839756761311460e-03,-1.55854357061366139641342757125390e-02
4.07000000000000000000000000000000e+01,1.12370004177481224515221335637229e-02,-9.90525399120796132340354640957169e-03,-7.62081856306049574451839765139338e-03,-1.54653156316745689396567372344867e-02
4.07249999999999999999999999999999e+01,1.09891199238424057482828655194354e-02,-9.92491822938266097086457773686638e-03,-8.00593158443768028116469867516105e-03,-1.53434357571034722902373850207047e-02
4.07499999999999999999999999999999e+01,1.07407678608044183708263294295400e-02,-9.94298034549482653009787777360162e-03,-8.38797589080404265921519499598658e-03,-1.52198229185290978489447654751867e-02
4.07749999999999999999999999999999e+01,1.04919842194503755662572188353937e-02,-9.95944535481573197505221492274435e-03,-8.76690849491675339093493489888077e-03,-1.50945040863960858846093569137940e-02
4.07999999999999999999999999999994e+01,1.02428088624852773671080458039537e-02,-9.97431849066429085844958208146183e-03,-9.14268708542408270711335191124547e-03,-1.49675063607600053458604354463107e-02
4.08249999999999999999999999999999e+01,9.99328151907477083797529441625393e-03,-9.98760520256028260802610664100573e-03,-9.51527003004659564682737454906331e-03,-1.48388569665615530894400090294796e-02
4.08500000000000000000000000000000e+01,9.74344177946338113729823194368805e-03,-9.99931115436051706014823921495864e-03,-9.88461637864023808130816252026854e-03,-1.47085832489038262585589494695010e-02
4.08749999999999999999999999999998e+01,9.49332908963962842021435802212644e-03,-1.00094422223705604858214724304673e-02,-1.02506858661414058235595624217281e-02,-1.45767126683339046102573939156250e-02
4.08999999999999999999999999999998e+01,9.24298274604872915461164760520823e-03,-1.00180044934257465883786108796598e-02,-1.06134389153941197863739194151008e-02,-1.44432727961299085005386745540971e-02
4.09249999999999999999999999999993e+01,8.99244189035367366297998516720303e-03,-1.00250042629406221081640807548379e-02,-1.09728366398594547875787668377139e-02,-1.43082913095943121316654424870032e-02
4.09499999999999999999999999999998e+01,8.74174550424541438735855645113414e-03,-1.00304480329318729104649615802509e-02,-1.13288408462073833865152227400153e-02,-1.41717959873538626789731014250595e-02
4.09750000000000000000000000000000e+01,8.49093240430273232221422623814872e-03,-1.00343425100222488092484356544213e-02,-1.16814140367912018931432271708761e-02,-1.40338147046662744482807330395903e-02
4.10000000000000000000000000000002e+01,8.24004123690218157328677115735414e-03,-1.00366946034307146992696962733398e-02,-1.20305194120047114722771511418188e-02,-1.38943754287340403021844150619289e-02
4.10249999999999999999999999999997e+01,7.98911047317844479887386848482061e-03,-1.00375114229488799151746377238999e-02,-1.23761208725223405897170567414149e-02,-1.37535062140260901879051536161327e-02
4.10499999999999999999999999999992e+01,7.73817840403549305060963011922444e-03,-1.00368002768992597203105407036493e-02,-1.27181830214224178424791637926479e-02,-1.36112351976083527988240433678844e-02
4.10749999999999999999999999999999e+01,7.48728313520907625257160241357170e-03,-1.00345686700698717431849766665590e-02,-1.30566711661938319060673843077556e-02,-1.34675905944843266003685744558736e-02
4.11000000000000000000000000000001e+01,7.23646258238117979502100227815961e-03,-1.00308243016223630333381449335935e-02,-1.33915513206263403945403794833022e-02,-1.33226006929465272239736556091349e-02
4.11250000000000000000000000000001e+01,6.98575446634709763683855990489400e-03,-1.00255750629752392441912328463553e-02,-1.37227902065848066276423269176397e-02,-1.31762938499393283405246717674401e-02
4.11499999999999999999999999999996e+01,6.73519630823568731589383336074791e-03,-1.00188290356669928188762793584244e-02,-1.40503552556676529029869833949436e-02,-1.30286984864334858840009822844669e-02
4.11749999999999999999999999999996e+01,6.48482542478324216742702136915740e-03,-1.00105944892042256338060295266027e-02,-1.43742146107498259092946428621895e-02,-1.28798430828126596017358954394797e-02
4.11999999999999999999999999999998e+01,6.23467892366131564773111014877262e-03,-1.00008798788974120236684628898046e-02,-1.46943371274105804120736903548796e-02,-1.27297561742724744238110967582019e-02
4.12250000000000000000000000000000e+01,5.98479369885881073932703581675055e-03,-9.98969384368347572005998516539312e-03,-1.50106923752464043778870755513361e-02,-1.25784663462329275479436890169128e-02
4.12500000000000000000000000000000e+01,5.73520642611870279147652613973621e-03,-9.97704520393191413708685022857738e-03,-1.53232506390694308858706822165762e-02,-1.24260022297650776226144000468319e-02
4.12749999999999999999999999999995e+01,5.48595355842985309143280119577210e-03,-9.96294295923101561984788628645074e-03,-1.56319829199917051239172066099894e-02,-1.22723924970328873365393278224576e-02
4.12999999999999999999999999999994e+01,5.23707132157443548654627490232608e-03,-9.94739628615266358220065498197629e-03,-1.59368609363956941801502913654727e-02,-1.21176658567508927596409926497138e-02
4.13250000000000000000000000000000e+01,4.98859570973149972182488096783344e-03,-9.93041453599710702071977502346937e-03,-1.62378571247914414858563644573477e-02,-1.19618510496581704621644934454525e-02
4.13499999999999999999999999999999e+01,4.74056248113712937670676323807267e-03,-9.91200723252132679589852919422692e-03,-1.65349446405607780284532023792615e-02,-1.18049768440089756580323632530396e-02
4.13749999999999999999999999999999e+01,4.49300715380155163075755259969694e-03,-9.89218406965506690538313839389638e-03,-1.68280973585890120483328569137642e-02,-1.16470720310804657200127034222770e-02
4.13999999999999999999999999999999e+01,4.24596500128347101975913628111257e-03,-9.87095490920699554099678624148138e-03,-1.71172898737845309235392706931375e-02,-1.14881654206980613030416385169628e-02
4.14249999999999999999999999999994e+01,3.99947104852187237696683434092650e-03,-9.84832977856064960262941472794664e-03,-1.74024975014867647398676999243111e-02,-1.13282858367791493839848203961729e-02
4.14499999999999999999999999999999e+01,3.75356006772558060725708289037076e-03,-9.82431886835734574080418297190870e-03,-1.76836962777629799511707401628768e-02,-1.11674621128959197920521741675994e-02
4.14750000000000000000000000000000e+01,3.50826657432094844574384099748894e-03,-9.79893253016258750220765221014649e-03,-1.79608629595943912947143566094853e-02,-1.10057230878581060383625737835747e-02
4.14999999999999999999999999999998e+01,3.26362482295811302622528491773296e-03,-9.77218127411419398228277280869085e-03,-1.82339750249520980251172436923666e-02,-1.08430976013162800516435523103070e-02
4.15249999999999999999999999999998e+01,3.01966880357626736262486210524910e-03,-9.74407576655355235920715369087962e-03,-1.85030106727633646852403364246130e-02,-1.06796144893861853912913012365028e-02
4.15499999999999999999999999999993e+01,2.77643223752831973449159508493704e-03,-9.71462682764415022207165505902152e-03,-1.87679488227687769971173739195993e-02,-1.05153025802944692142505387047875e-02
4.15749999999999999999999999999998e+01,2.53394857376519781690988435704333e-03,-9.68384542898205059388282826565997e-03,-1.90287691152708120450732147346124e-02,-1.03501906900461622385452606159422e-02
4.16000000000000000000000000000000e+01,2.29225098507996145562548433209713e-03,-9.65174269120072684879351788457143e-03,-1.92854519107743719223138846948824e-02,-1.01843076181143737123009507717780e-02
4.16250000000000000000000000000002e+01,2.05137236441187392659828272952775e-03,-9.61832988156897942405729139993367e-03,-1.95379782895198439983961804652422e-02,-1.00176821431528520798963414951094e-02
4.16499999999999999999999999999997e+01,1.81134532121065287250811579799589e-03,-9.58361841157790579726141095084725e-03,-1.97863300509092691692986094528910e-02,-9.85034301873219655452350859678791e-03
4.16749999999999999999999999999992e+01,1.57220217786122814095641579682899e-03,-9.54761983451300799517955506536245e-03,-2.00304897128262192760864641346649e-02,-9.68231896910049191715212078351319e-03
4.16999999999999999999999999999999e+01,1.33397496616939750670831481320391e-03,-9.51034584301056344090413391468246e-03,-2.02704405108500022747280646998905e-02,-9.51363868496896814915972532276520e-03
4.17250000000000000000000000000001e+01,1.09669542390874114720351420657172e-03,-9.47180826660139911222921717914931e-03,-2.05061663973648258096139355137260e-02,-9.34433081932305521752407921721075e-03
4.17500000000000000000000000000001e+01,8.60394991429042429048493632554125e-04,-9.43201906924747828060275576163603e-03,-2.07376520405645569656411547104241e-02,-9.17442398325906078150915281543252e-03
4.17749999999999999999999999999996e+01,6.25104808326334067311136260768308e-04,-9.39099034687562876165374608707306e-03,-2.09648828233537218490495790565866e-02,-9.00394674184674525854873128160242e-03
4.17999999999999999999999999999996e+01,3.90855710174625028685569837688729e-04,-9.34873432490898706789250519666678e-03,-2.11878448421453979757164669428022e-02,-8.83292761001827972611820706691426e-03
4.18249999999999999999999999999998e+01,1.57678225319401455315696609524693e-04,-9.30526335579284734494829928300940e-03,-2.14065249055566676908190385775157e-02,-8.66139504848430514772966264488555e-03
4.18500000000000000000000000000000e+01,-7.43974282668981419531865067832114e-05,-9.26058991651025017039683738599599e-03,-2.16209105330023203622141212532797e-02,-8.48937745967790059309138272002873e-03
4.18750000000000000000000000000000e+01,-3.05341346067136967515153608283113e-04,-9.21472660608474503456596352628327e-03,-2.18309899531875100866011513741498e-02,-8.31690318372714170486454001735870e-03
4.18999999999999999999999999999995e+01,-5.35123940039153398477240860594872e-04,-9.16768614307184573173517190496861e-03,-2.20367521025000894310878501420671e-02,-8.14400049445666639186591337725968e-03
4.19249999999999999999999999999994e+01,-7.63715941572627839018476689509235e-04,-9.11948136304395361606613891009079e-03,-2.22381866233033470213059143087670e-02,-7.97069759541843942174061223572119e-03
4.19500000000000000000000000000000e+01,-9.91088404383046410839168284107211e-04,-9.07012521607375639216382661275622e-03,-2.24352838621298806796345498577399e-02,-7.79702261595187359188767471400527e-03
4.19749999999999999999999999999999e+01,-1.21721270734275846833675261133289e-03,-9.01963076421825154126430543247750e-03,-2.26280348677773436698625451686219e-02,-7.62300360727364179274094171144128e-03
4.19999999999999999999999999999999e+01,-1.44206055724912815893332401845693e-03,-8.96801117900163309484836788682825e-03,-2.28164313893068132888887620984661e-02,-7.44866853859777343613340872670626e-03
4.20249999999999999999999999999999e+01,-1.66560399152970158540724423701069e-03,-8.91527973889298741830203345642603e-03,-2.30004658739445482516127842645667e-02,-7.27404529328678580189744064999472e-03
4.20499999999999999999999999999994e+01,-1.88781538088421336317096403991081e-03,-8.86144982677551725960983305070209e-03,-2.31801314648879198197333590864248e-02,-7.09916166503454528287802251898136e-03
4.20749999999999999999999999999999e+01,-2.10866743186321162749822514268426e-03,-8.80653492740716485185887434053716e-03,-2.33554219990163163034151233206035e-02,-6.92404535408132470894217601057981e-03
4.21000000000000000000000000000000e+01,-2.32813318938312152918508567406116e-03,-8.75054862487580323590926265757962e-03,-2.35263320045078289538684996087307e-02,-6.74872396346127852652335833203487e-03
4.21249999999999999999999999999998e+01,-2.54618603917766813612889267617344e-03,-8.69350460005343849889607416327940e-03,-2.36928566983625311603050589308735e-02,-6.57322499528245955897615166324717e-03
4.21499999999999999999999999999998e+01,-2.76279971018567743192963947378015e-03,-8.63541662805244188367241853183275e-03,-2.38549919838331669017199585381414e-02,-6.39757584703960350091535237106543e-03
4.21749999999999999999999999999993e+01,-2.97794827687531280775507142389171e-03,-8.57629857568385165571530198549383e-03,-2.40127344477640727525671194287451e-02,-6.22180380796012504398983476353950e-03
4.21999999999999999999999999999998e+01,-3.19160616150477078133687190414891e-03,-8.51616439891528934593321698922294e-03,-2.41660813578391713112919571003126e-02,-6.04593605538394499791142286189187e-03
4.22250000000000000000000000000000e+01,-3.40374813631938742366293161332085e-03,-8.45502814032554896833410013547157e-03,-2.43150306597398899716615406541056e-02,-5.86999965117778312161913693767358e-03
4.22500000000000000000000000000002e+01,-3.61434932568505068909405361954614e-03,-8.39290392655453575123045244833731e-03,-2.44595809742138732075849138680916e-02,-5.69402153818440487957435009585379e-03
4.22749999999999999999999999999997e+01,-3.82338520815781245127895005746213e-03,-8.32980596574973003071826956060255e-03,-2.45997315940553661366513845196832e-02,-5.51802853670710722537691277500331e-03
4.22999999999999999999999999999992e+01,-4.03083161848964872269030513006141e-03,-8.26574854501212099570873814871490e-03,-2.47354824809981523758170476150050e-02,-5.34204734102960067350686951711371e-03
4.23249999999999999999999999999999e+01,-4.23666474957039471585674578672660e-03,-8.20074602784462801310966578810122e-03,-2.48668342625219330536035117504751e-02,-5.16610451597146137517906853752079e-03
4.23500000000000000000000000000001e+01,-4.44086115430594049870140517832452e-03,-8.13481285160456306212511495975330e-03,-2.49937882285730396963131086451206e-02,-4.99022649347945648295323348589610e-03
4.23750000000000000000000000000001e+01,-4.64339774743278642972056056487978e-03,-8.06796352495970393594966996528359e-03,-2.51163463282003832033266966083142e-02,-4.81443956925519035912176657245153e-03
4.23999999999999999999999999999996e+01,-4.84425180726902761443011178116783e-03,-8.00021262534621165978971383472535e-03,-2.52345111661075533596854283748382e-02,-4.63876989941958406012202471248319e-03
4.24249999999999999999999999999996e+01,-5.04340097740178930586955894511184e-03,-7.93157479642659680245721069826008e-03,-2.53482859991219957570760132349297e-02,-4.46324349721465376690861206361458e-03
4.24499999999999999999999999999998e+01,-5.24082326831110325119332615389687e-03,-7.86206474554710629291658282830151e-03,-2.54576747325822031926969011101451e-02,-4.28788622974293422926877020172006e-03
4.24750000000000000000000000000000e+01,-5.43649705893022013332469735780288e-03,-7.79169724119555012014556334796985e-03,-2.55626819166438656927680977759191e-02,-4.11272381474477516821737813023932e-03
4.25000000000000000000000000000000e+01,-5.63040109814239600629081124034672e-03,-7.72048711046181719844436196443208e-03,-2.56633127425059281405842420762233e-02,-3.93778181741368281545213253108607e-03
4.25249999999999999999999999999995e+01,-5.82251450621425150599594156411278e-03,-7.64844923650350031449693162408639e-03,-2.57595730385575089503654664123303e-02,-3.76308564724990247696562637724318e-03
4.25499999999999999999999999999994e+01,-6.01281677616585273260391202922437e-03,-7.57559855601807193449503883934917e-03,-2.58514692664466390395865720564363e-02,-3.58866055495251484762894755960512e-03
4.25750000000000000000000000000000e+01,-6.20128777507767872850898433128142e-03,-7.50195005672143969269536079433930e-03,-2.59390085170717882483418681902538e-02,-3.41453162935040054799672701868565e-03
4.25999999999999999999999999999999e+01,-6.38790774533461746019272343103577e-03,-7.42751877483135197343816631559998e-03,-2.60221985064971558649177357665115e-02,-3.24072379437246948422165240657450e-03
4.26249999999999999999999999999999e+01,-6.57265730580708753734043081045428e-03,-7.35231979255383303790154149069020e-03,-2.61010475717927117083571477381951e-02,-3.06726180605753139371556212891422e-03
4.26499999999999999999999999999999e+01,-6.75551745296934801554496838531192e-03,-7.27636823557185625493262066752027e-03,-2.61755646667999827550481238764482e-02,-2.89417024960410805585794926040381e-03
4.26749999999999999999999999999994e+01,-6.93646956195506128329880946973793e-03,-7.19967927053727569467108646173651e-03,-2.62457593578245865684664947218301e-02,-2.72147353646039006955571272771384e-03
4.26999999999999999999999999999999e+01,-7.11549538755022049593426219535101e-03,-7.12226810256853913827061299945996e-03,-2.63116418192565168586715883526516e-02,-2.54919590145446998388422581171306e-03
4.27250000000000000000000000000000e+01,-7.29257706512362185709064147679335e-03,-7.04414997275689843010647271733643e-03,-2.63732228291191895682500942865928e-02,-2.37736139996497824840912498804952e-03
4.27499999999999999999999999999998e+01,-7.46769711149511552579294510082641e-03,-6.96534015568248789964086373023632e-03,-2.64305137645482617633446510469162e-02,-2.20599390513231480233163688398117e-03
4.27749999999999999999999999999998e+01,-7.64083842574187671423315717566028e-03,-6.88585395693954435714417140455381e-03,-2.64835265972012416962879276506642e-02,-2.03511710511076914075395262992558e-03
4.27999999999999999999999999999993e+01,-7.81198428994289882141728512610824e-03,-6.80570671066855319876923044375489e-03,-2.65322738885989167312215323892247e-02,-1.86475450036188999189471416312240e-03
4.28249999999999999999999999999998e+01,-7.98111836986185329093111691455038e-03,-6.72491377709326572454644950519956e-03,-2.65767687853996348430113434594096e-02,-1.69492940098944903986528420975404e-03
4.28500000000000000000000000000000e+01,-8.14822471556842972542151540274794e-03,-6.64349054006231397210132917407889e-03,-2.66170250146074828283653156600065e-02,-1.52566492411623914758310881940959e-03
4.28750000000000000000000000000002e+01,-8.31328776199829227789100772008490e-03,-6.56145240459740110507015706263309e-03,-2.66530568787154086534940138592861e-02,-1.35698399130281383740242369924260e-03
4.28999999999999999999999999999997e+01,-8.47629232945185644724626929368718e-03,-6.47881479445124012330302903171850e-03,-2.66848792507843368351704374784703e-02,-1.18890932600819547411985498172879e-03
4.29249999999999999999999999999992e+01,-8.63722362403216457700231365359607e-03,-6.39559314967770127740942260905303e-03,-2.67125075694593265727780844199173e-02,-1.02146345109260826222051988496150e-03
4.29499999999999999999999999999999e+01,-8.79606723802217391830743968251075e-03,-6.31180292421445792018645918138027e-03,-2.67359578339238251474682085055622e-02,-8.54668686362410720655902420699182e-04
4.29750000000000000000000000000001e+01,-8.95280915020174911208973314605356e-03,-6.22745958347626017601919940718914e-03,-2.67552465987930751645159664384031e-02,-6.88547146157528135640698695240158e-04
4.30000000000000000000000000000001e+01,-9.10743572610459164026983862083443e-03,-6.14257860195629428595561168588182e-03,-2.67703909689477424896694181621769e-02,-5.23120736981726294464429101451184e-04
4.30249999999999999999999999999996e+01,-9.25993371821528796485021058829003e-03,-6.05717546083435764287070488909568e-03,-2.67814085943088394645686358440701e-02,-3.58411155175987050666029453401877e-04
4.30499999999999999999999999999996e+01,-9.41029026610665539282132820381270e-03,-5.97126564559290746860046430666856e-03,-2.67883176645550225896661520028705e-02,-1.94439884635091837282688586864179e-04
4.30749999999999999999999999999998e+01,-9.55849289651761648357817264008785e-03,-5.88486464364382032719093990988830e-03,-2.67911369037833447380519326098443e-02,-3.12281945673921379763425849249660e-05
4.31000000000000000000000000000000e+01,-9.70452952337190817082619734388421e-03,-5.79798794196873205657223580322542e-03,-2.67898855651145409679544295687470e-02,1.31202862702270314460433068586010e-04
4.31250000000000000000000000000000e+01,-9.84838844773798459935915671952566e-03,-5.71065102477414042164600169008470e-03,-2.67845834252439271758183491668539e-02,2.92832453886429713559692274771941e-04
4.31499999999999999999999999999995e+01,-9.99005835773047354222737493078629e-03,-5.62286937116024317752840097109051e-03,-2.67752507789389942758005726761652e-02,4.53639966845441918895954501048886e-04
4.31749999999999999999999999999994e+01,-1.01295283283535017671734189900653e-02,-5.53465845280125532231545724229894e-03,-2.67619084334847870037934876044959e-02,6.13605012654222357901242993284034e-04
4.32000000000000000000000000000000e+01,-1.02667878212861514496137907592508e-02,-5.44603373163547088655667975222570e-03,-2.67445777030781633616225656571312e-02,7.72707427625029498226905740954080e-04
4.32249999999999999999999999999999e+01,-1.04018266846102881178642697287036e-02,-5.35701065756515969938457535592387e-03,-2.67232804031720352672176679181193e-02,9.30927275286183083454513300760586e-04
4.32499999999999999999999999999999e+01,-1.05346351524810276956925605730549e-02,-5.26760466616822983105799367847287e-03,-2.66980388447706918727512196091370e-02,1.08824484831674598194900129793971e-03
4.32749999999999999999999999999999e+01,-1.06652038447401698362559662044605e-02,-5.17783117642423308679179686998984e-03,-2.66688758286773053822729711021687e-02,1.24464067043725188171709204068837e-03
4.32999999999999999999999999999994e+01,-1.07935237664729806761471461941983e-02,-5.08770558845641277685107120627889e-03,-2.66358146396947177074027131881246e-02,1.40009549825650125120454478812116e-03
4.33249999999999999999999999999999e+01,-1.09195863075087293529882317380635e-02,-4.99724328128978025733396776538438e-03,-2.65988790407806072523397445337912e-02,1.55459032307432644772484713275043e-03
4.33500000000000000000000000000000e+01,-1.10433832418653629601590532399112e-02,-4.90645961062382458004600054056539e-03,-2.65580932671581389293090992695734e-02,1.70810637264013345824417114200984e-03
4.33749999999999999999999999999998e+01,-1.11649067271386643299809286858657e-02,-4.81536990661824599919739269232973e-03,-2.65134820203832055394606019284324e-02,1.86062511286702702477707401603110e-03
4.33999999999999999999999999999998e+01,-1.12841493038362072761157990535148e-02,-4.72398947169107062852698092265581e-03,-2.64650704623693724805149273571553e-02,2.01212824950141548311612541679514e-03
4.34249999999999999999999999999993e+01,-1.14011038946564260100243014931393e-02,-4.63233357832992710939594949372093e-03,-2.64128842093716388094211729774807e-02,2.16259772974810974842305347392221e-03
4.34499999999999999999999999999998e+01,-1.15157638037131489024295225093057e-02,-4.54041746691823206617121846914637e-03,-2.63569493259301262614834450436790e-02,2.31201574385100308733238083520092e-03
4.34750000000000000000000000000000e+01,-1.16281227157059923078521168922300e-02,-4.44825634357801628360108739230056e-03,-2.62972923187748056324831525219479e-02,2.46036472662940779685162746356755e-03
4.35000000000000000000000000000002e+01,-1.17381746950370436023232453750992e-02,-4.35586537803025073147028551904055e-03,-2.62339401306923688833601628147588e-02,2.60762735897005192507398214487362e-03
4.35249999999999999999999999999997e+01,-1.18459141848742694848280656563778e-02,-4.26325970147239924689920495779416e-03,-2.61669201343563562981818834262991e-02,2.75378656927466073615469288151745e-03
4.35499999999999999999999999999992e+01,-1.19513360061620681789052364255143e-02,-4.17045440447219462347103527551072e-03,-2.60962601261216504331723368991750e-02,2.89882553486301640556009198114939e-03
4.35749999999999999999999999999999e+01,-1.20544353565793578472433259420577e-02,-4.07746453487666199287724506169015e-03,-2.60219883197844509620529499070997e-02,3.04272768333142180938037577008656e-03
4.36000000000000000000000000000001e+01,-1.21552078094455769446975593419812e-02,-3.98430509573610812855117024264517e-03,-2.59441333403088454992584409820124e-02,3.18547669386656640797176164541093e-03
4.36250000000000000000000000000001e+01,-1.22536493125749771413637591101164e-02,-3.89099104324373308296528899054624e-03,-2.58627242175210906101881009500968e-02,3.32705649851486122868261280273823e-03
4.36499999999999999999999999999996e+01,-1.23497561870796153382568784868818e-02,-3.79753728469218913479533825699795e-03,-2.57777903797727150462887043031936e-02,3.46745128340734186766989102295747e-03
4.36749999999999999999999999999996e+01,-1.24435251261214864858063261723077e-02,-3.70395867644846262780504328370058e-03,-2.56893616475735548607151844813623e-02,3.60664548994022493390886497370693e-03
4.36999999999999999999999999999998e+01,-1.25349531936142668858754867980691e-02,-3.61027002194786102868434052519915e-03,-2.55974682271958284341897149826845e-02,3.74462381591116078188529321131417e-03
4.37250000000000000000000000000000e+01,-1.26240378228751456716056751489791e-02,-3.51648606970696330587165126558691e-03,-2.55021407042503589495870832513591e-02,3.88137121661118180561479421215529e-03
4.37500000000000000000000000000000e+01,-1.27107768152272082423756386119212e-02,-3.42262151135464638854149147633906e-03,-2.54034100372360521876053254035325e-02,4.01687290587232601844807595178568e-03
4.37749999999999999999999999999995e+01,-1.27951683385528101537877064514224e-02,-3.32869097968017997996048436555065e-03,-2.53013075510637378912459832470019e-02,4.15111435707093197659738179687065e-03
4.37999999999999999999999999999994e+01,-1.28772109257983613001301096240329e-02,-3.23470904669800145777533825197527e-03,-2.51958649305554824970441892693363e-02,4.28408130408664813550792189623034e-03
4.38250000000000000000000000000000e+01,-1.29569034734309433604994221039828e-02,-3.14069022172981243294301765855317e-03,-2.50871142139204792196234496909582e-02,4.41575974221725720317374766501860e-03
4.38499999999999999999999999999999e+01,-1.30342452398472110121633854789308e-02,-3.04664894950545476727737477772141e-03,-2.49750877862086183862394526838782e-02,4.54613592904945663059114952259950e-03
4.38749999999999999999999999999999e+01,-1.31092358437350664379412945784735e-02,-2.95259960828407860651034462575971e-03,-2.48598183727428372698272188782247e-02,4.67519638528573882467891927869391e-03
4.38999999999999999999999999999999e+01,-1.31818752623886257211976428607825e-02,-2.85855650799631235773474696700481e-03,-2.47413390325313454882500365996259e-02,4.80292789552747731649688350093321e-03
4.39249999999999999999999999999994e+01,-1.32521638299769983679984336209677e-02,-2.76453388840695586260385517105656e-03,-2.46196831516608200753283719875121e-02,4.92931750901427078818931558421191e-03
4.39499999999999999999999999999999e+01,-1.33201022357673774599852223422524e-02,-2.67054591729691442936493174635366e-03,-2.44948844366716635475604547998121e-02,5.05435254031956262148092889505776e-03
4.39750000000000000000000000000000e+01,-1.33856915223029055736384309405558e-02,-2.57660668866323592113348778103870e-03,-2.43669769079164177777546268206714e-02,5.17802057000256824516863001643303e-03
4.39999999999999999999999999999998e+01,-1.34489330835357650725170314186608e-02,-2.48273022093715216532344546861775e-03,-2.42359948929024249573117561402918e-02,5.30030944521660528541830907082715e-03
4.40249999999999999999999999999998e+01,-1.35098286629159554209491081605048e-02,-2.38893045522128563011131019196099e-03,-2.41019730196198235558955635560604e-02,5.42120728027399842885952116881753e-03
4.40499999999999999999999999999993e+01,-1.35683803514362591275335126084542e-02,-2.29522125354780565298905113425649e-03,-2.39649462098559622232312292613687e-02,5.54070245716777472481960782229475e-03
4.40749999999999999999999999999998e+01,-1.36245905856339388601120623618761e-02,-2.20161639715885814224734298281362e-03,-2.38249496724973092816666635267389e-02,5.65878362605034735322041729638705e-03
4.41000000000000000000000000000000e+01,-1.36784621455497262834133593088738e-02,-2.10812958480933979332507445749867e-03,-2.36820188968199312985647161910149e-02,5.77543970566931916415327988736850e-03
4.41250000000000000000000000000002e+01,-1.37299981526446486005827900759506e-02,-2.01477443109088858814035846432465e-03,-2.35361896457696118678042435008150e-02,5.89065988376046934202723500662616e-03
4.41499999999999999999999999999997e+01,-1.37792020676752041339879135268936e-02,-1.92156446477563584950823353361885e-03,-2.33874979492326805131936380806312e-02,6.00443361739796865496635029099986e-03
4.41749999999999999999999999999992e+01,-1.38260776885273697511993891856742e-02,-1.82851312717903084700879087517759e-03,-2.32359800972986199743362433214173e-02,6.11675063330191923539841398326057e-03
4.41999999999999999999999999999999e+01,-1.38706291480099223407186412409013e-02,-1.73563377054237228804293474126449e-03,-2.30816726335155166212199023692698e-02,6.22760092810340446859656716653400e-03
4.42250000000000000000000000000001e+01,-1.39128609116075863193133337586531e-02,-1.64293965643664954968806585725346e-03,-2.29246123481394131030164827762510e-02,6.33697476856730575316985833783569e-03
4.42500000000000000000000000000001e+01,-1.39527777751945610019688415672213e-02,-1.55044395418925775653305988711701e-03,-2.27648362713786156781583800570287e-02,6.44486269177314996262799124303338e-03
4.42749999999999999999999999999996e+01,-1.39903848627090095062871021445552e-02,-1.45815973933415746368077318350938e-03,-2.26023816666340027199138592459729e-02,6.55125550525419321128869354017780e-03
4.42999999999999999999999999999996e+01,-1.40256876237890888488256956991128e-02,-1.36609999208480266955091199735354e-03,-2.24372860237363767800089053856670e-02,6.65614428709486746005063568952901e-03
4.43249999999999999999999999999998e+01,-1.40586918313710737930376815155574e-02,-1.27427759582850505269125045437777e-03,-2.22695870521819000813081337571881e-02,6.75952038598667518880590506006324e-03
4.43500000000000000000000000000000e+01,-1.40894035792500960933144813075282e-02,-1.18270533564124395999597964135645e-03,-2.20993226743666509666144411416846e-02,6.86137542124264521452851351564220e-03
4.43750000000000000000000000000000e+01,-1.41178292796040086735798077348696e-02,-1.09139589682298575637063243863152e-03,-2.19265310188213350477887603511438e-02,6.96170128277054248377259851701521e-03
4.43999999999999999999999999999995e+01,-1.41439756604808997667660333971134e-02,-1.00036186345460016601412435745526e-03,-2.17512504134471789121515486083425e-02,7.06049013100510377033136157072724e-03
4.44249999999999999999999999999994e+01,-1.41678497632508151362017671301472e-02,-9.09615716977783807395949930335309e-04,-2.15735193787540269520484435453505e-02,7.15773439679959958881671764167097e-03
4.44500000000000000000000000000000e+01,-1.41894589400222763895319115568656e-02,-8.19169834798863175819418514002125e-04,-2.13933766211016547175169574690505e-02,7.25342678127698718778185884687210e-03
4.44749999999999999999999999999999e+01,-1.42088108510241929202855011168912e-02,-7.29036488916365900528577551081017e-04,-2.12108610259453064263841313492904e-02,7.34756025564085115201242799414746e-03
4.44999999999999999999999999999999e+01,-1.42259134619537514658724992843623e-02,-6.39227844571484848137708467467345e-04,-2.10260116510864600751788041557816e-02,7.44012806094627808349431521224296e-03
4.45249999999999999999999999999999e+01,-1.42407750412908427672573395323017e-02,-5.49755958920473558412503680597438e-04,-2.08388677199298200089646229328454e-02,7.53112370783081526951935582797580e-03
4.45499999999999999999999999999994e+01,-1.42534041575795670912436952947992e-02,-4.60632779728586099982908392052228e-04,-2.06494686147475324503112751717406e-02,7.62054097620571695403310744341127e-03
4.45749999999999999999999999999999e+01,-1.42638096766773610745570931764011e-02,-3.71870144085983397140386372673729e-04,-2.04578538699516135177842613820505e-02,7.70837391490774963168366517622466e-03
4.45999999999999999999999999999999e+01,-1.42720007589723065511658811661004e-02,-2.83479777146553050338340317224617e-04,-2.02640631653755718845169522580222e-02,7.79461684131186775101917951086206e-03
4.46249999999999999999999999999998e+01,-1.42779868565692063509859353948863e-02,-1.95473290890548642484505147176781e-04,-2.00681363195662004454877195429053e-02,7.87926434090506381318811808147500e-03
4.46499999999999999999999999999998e+01,-1.42817777104450287775415040744748e-02,-1.07862182911435770081447765778715e-04,-1.98701132830865042566896579622946e-02,7.96231126682165502514226666434664e-03
4.46749999999999999999999999999993e+01,-1.42833833475743237994493135657905e-02,-2.06578352266865925902112805396152e-05,-1.96700341318307260387055385074734e-02,8.04375273934022538538670723029215e-03
4.46999999999999999999999999999998e+01,-1.42828140780252017094385324325904e-02,6.61284868881330318542929298333436e-05,-1.94679390603524253339552124933116e-02,8.12358414534242676341592262416925e-03
4.47250000000000000000000000000000e+01,-1.42800804920264482112508161785074e-02,1.52485636042599931614335315897053e-04,-1.92638683752065621181447482680875e-02,8.20180113773386336046626642334938e-03
4.47500000000000000000000000000002e+01,-1.42751934570063391754469548850020e-02,2.38402583852198032602778256621149e-04,-1.90578624883065295376554185385570e-02,8.27839963482732636407981515514779e-03
4.47749999999999999999999999999997e+01,-1.42681641146037200084722979166166e-02,3.23868422036283148602911962017976e-04,-1.88499619102970732464530964971723e-02,8.35337581968868492419874712915335e-03
4.47999999999999999999999999999992e+01,-1.42590038776519279528273134586710e-02,4.08872363492559096117458402526065e-04,-1.86402072439440268903582633286592e-02,8.42672613944575689063660856308854e-03
4.48249999999999999999999999999999e+01,-1.42477244271361536981027859858913e-02,4.93403743347374102532033768904312e-04,-1.84286391775417852647888990209774e-02,8.49844730456047414836770835704400e-03
4.48500000000000000000000000000001e+01,-1.42343377091248520205608482142093e-02,5.77452019981504391371958919652529e-04,-1.82152984783394290961566166560598e-02,8.56853628806463291543791316863974e-03
4.48750000000000000000000000000001e+01,-1.42188559316758128515443736078209e-02,6.61006776031620452352039347049138e-04,-1.80002259859864084604416083469253e-02,8.63699032475949533973323162998718e-03
4.48999999999999999999999999999996e+01,-1.42012915617174935617551773424284e-02,7.44057719368039318239308107692398e-04,-1.77834626059986853550017988141841e-02,8.70380691037949917029855046609796e-03
4.49249999999999999999999999999996e+01,-1.41816573219061967232314144596196e-02,8.26594684049409407970158576480698e-04,-1.75650493032462294232197279584364e-02,8.76898380072034328970483195432857e-03
4.49499999999999999999999999999998e+01,-1.41599661874596654239105694372066e-02,9.08607631254603986655940168837215e-04,-1.73450270954627538090109050961063e-02,8.83251901073174475970739177806107e-03
4.49750000000000000000000000000000e+01,-1.41362313829676686352544287316936e-02,9.90086650191515471579816234464159e-04,-1.71234370467785703068553028472513e-02,8.89441081357519572982063751441078e-03
4.50000000000000000000000000000000e+01,-1.41104663791801631070428079222068e-02,1.07102195898200154742410510686234e-03,-1.69003202612774344482781157221583e-02,8.95465773964707060597158008036634e-03
4.50249999999999999999999999999995e+01,-1.40826848897736380559843002790148e-02,1.15140390552223415973661712960740e-03,-1.66757178765782423556934331601186e-02,9.01325857556743387401177771687161e-03
4.50499999999999999999999999999994e+01,-1.40529008680962623639210160017408e-02,1.23122296831817933955143021166437e-03,-1.64496710574424326795811893227529e-02,9.07021236313487691848588849626836e-03
4.50750000000000000000000000000000e+01,-1.40211285038924522054607763532526e-02,1.31046975729660834445340672703823e-03,-1.62222209894079391184348254374671e-02,9.12551839824768169485216729514747e-03
4.50999999999999999999999999999999e+01,-1.39873822200074606093046439616293e-02,1.38913501459247254058718505999779e-03,-1.59934088724505318500805027926483e-02,9.17917622979159116346819504350723e-03
4.51249999999999999999999999999999e+01,-1.39516766690725698615583804790902e-02,1.46720961531336263893424082002174e-03,-1.57632759146733791419475668661638e-02,9.23118565849447643957652919062894e-03
4.51499999999999999999999999999999e+01,-1.39140267301714566406822107276233e-02,1.54468456828116863100914319969244e-03,-1.55318633260256527350144094119031e-02,9.28154673574822708714462335687740e-03
4.51749999999999999999999999999994e+01,-1.38744475054883061385785829013133e-02,1.62155101675035370279843433607593e-03,-1.52992123120509918743972904281527e-02,9.33025976239823396062217180715761e-03
4.51999999999999999999999999999999e+01,-1.38329543169382713490932815208650e-02,1.69780023910193332603851648504754e-03,-1.50653640676666312689482189623590e-02,9.37732528750085696622966818711915e-03
4.52249999999999999999999999999999e+01,-1.37895627027808939181034545148253e-02,1.77342364951254325915760787514321e-03,-1.48303597709739885343861000616282e-02,9.42274410704925809352040892129476e-03
4.52499999999999999999999999999998e+01,-1.37442884142171096030245316312255e-02,1.84841279859870183938910787486863e-03,-1.45942405771014976282539104390690e-02,9.46651726266794138783192739599844e-03
4.52749999999999999999999999999998e+01,-1.36971474119704496377628204936273e-02,1.92275937403703626418297997492529e-03,-1.43570476120804667596616645924990e-02,9.50864604027630377525005591526015e-03
4.52999999999999999999999999999993e+01,-1.36481558628530267896520075733175e-02,1.99645520116139673818360203334966e-03,-1.41188219667547318457176227602412e-02,9.54913196872149224869647408100916e-03
4.53249999999999999999999999999998e+01,-1.35973301363168765872168666081731e-02,2.06949224353732392632736627790633e-03,-1.38796046907248688869444917313753e-02,9.58797681838089289576692651375871e-03
4.53499999999999999999999999999999e+01,-1.35446868009912220498787837485362e-02,2.14186260351358429673253402841834e-03,-1.36394367863277198630762194648548e-02,9.62518259973462787611262502695877e-03
4.53750000000000000000000000000002e+01,-1.34902426212062450128464739043077e-02,2.21355852274996261158146973373997e-03,-1.33983592026519768009786793991681e-02,9.66075156190847496656217747165071e-03
4.53999999999999999999999999999997e+01,-1.34340145535039680008205995160710e-02,2.28457238272055511120443619137553e-03,-1.31564128295905581973133207038328e-02,9.69468619118762578595938592815471e-03
4.54249999999999999999999999999992e+01,-1.33760197431368628359017800950386e-02,2.35489670519238993570674788766661e-03,-1.29136384919305019652130030348569e-02,9.72698920950166404880753141856734e-03
4.54499999999999999999999999999999e+01,-1.33162755205547972768744446397380e-02,2.42452415267990384398366827448904e-03,-1.26700769434810901285820102197265e-02,9.75766357288110023391100727219540e-03
4.54750000000000000000000000000001e+01,-1.32547993978809122628965081286241e-02,2.49344752887615223882620653464097e-03,-1.24257688612409124339550871174968e-02,9.78671246988577682061212882174234e-03
4.55000000000000000000000000000001e+01,-1.31916090653770021076705414018162e-02,2.56165977906141004778650550872292e-03,-1.21807548396045680572761165249640e-02,9.81413932000547532909528909146173e-03
4.55249999999999999999999999999996e+01,-1.31267223878989608976505263194781e-02,2.62915399048921338920787155961770e-03,-1.19350753846096957551189988066452e-02,9.83994777203310174292644832589344e-03
4.55499999999999999999999999999996e+01,-1.30601574013428648677977678489041e-02,2.69592339274932328652172445291902e-03,-1.16887709082250128066319646772654e-02,9.86414170241087024521045076269338e-03
4.55749999999999999999999999999998e+01,-1.29919323090822765338890571134806e-02,2.76196135810693508460373557861731e-03,-1.14418817226800323454205875056586e-02,9.88672521354991880832146482345594e-03
4.56000000000000000000000000000000e+01,-1.29220654783973699227474815041773e-02,2.82726140181778437966399620208489e-03,-1.11944480348371180658713170194499e-02,9.90770263212376784641997302411556e-03
4.56250000000000000000000000000000e+01,-1.28505754368964778936425068270438e-02,2.89181718241936379788478181942114e-03,-1.09465099406065255091560659339345e-02,9.92707850733599337985605291613466e-03
4.56499999999999999999999999999995e+01,-1.27774808689306512037744422665336e-02,2.95562250199888633714383877207903e-03,-1.06981074194050702558287928369439e-02,9.94485760916245804896551490209090e-03
4.56749999999999999999999999999994e+01,-1.27028006120018018480518602700758e-02,3.01867130643865960202357845660143e-03,-1.04492803286590548018743599925897e-02,9.96104492656844602047614969706043e-03
4.57000000000000000000000000000000e+01,-1.26265536531649903853583525944916e-02,3.08095768563919472442485941193634e-03,-1.02000683983520768936368477183648e-02,9.97564566570107844804946792961585e-03
4.57249999999999999999999999999999e+01,-1.25487591254254147857794767783114e-02,3.14247587371991470485985082324439e-03,-9.95051122561833219239060145825942e-03,9.98866524805742355262798335038166e-03
4.57499999999999999999999999999999e+01,-1.24694363041306659045663173293146e-02,3.20322024919704258172386403953906e-03,-9.70064826938201347525939783016821e-03,1.00001093086287359938328116061872e-02
4.57749999999999999999999999999999e+01,-1.23886046033588253129888825530429e-02,3.26318533513829150393813705008840e-03,-9.45051884504339774323888789461326e-03,1.00099836940212537239558126222261e-02
4.57999999999999999999999999999994e+01,-1.23062835723029871186115626503595e-02,3.32236579929428578976228065156965e-03,-9.20016211921220220558779251257081e-03,1.00182944605539551049368568180883e-02
4.58249999999999999999999999999999e+01,-1.22224928916527824056590723984963e-02,3.38075645420700902646510190744550e-03,-8.94961710448878038238807440803481e-03,1.00250478723336537599365861032141e-02
4.58499999999999999999999999999999e+01,-1.21372523699734743315607860914478e-02,3.43835225729579078755420265188982e-03,-8.69892265429372028466873137341190e-03,1.00302503993077998243177998479494e-02
4.58749999999999999999999999999998e+01,-1.20505819400831790830209760637375e-02,3.49514831092130677077651666553707e-03,-8.44811745774639730222962540353971e-03,1.00339087152953679520889505088397e-02
4.58999999999999999999999999999998e+01,-1.19625016554287588220469831160286e-02,3.55113986242782391118802829372519e-03,-8.19724003459302463308434177556174e-03,1.00360296959962357993524646204278e-02
4.59249999999999999999999999999993e+01,-1.18730316864609308490453857302568e-02,3.60632230416362045022798173718824e-03,-7.94632873018473371296306642229296e-03,1.00366204169794775382521313224529e-02
4.59499999999999999999999999999998e+01,-1.17821923170091417854624747184857e-02,3.66069117347931629338998499903597e-03,-7.69542171050620635946220703763056e-03,1.00356881516510047686726060287740e-02
4.59749999999999999999999999999999e+01,-1.16900039406567624808391014476601e-02,3.71424215270386280397511203433108e-03,-7.44455695725536959912730180608418e-03,1.00332403692009802422321599858683e-02
4.60000000000000000000000000000002e+01,-1.15964870571171632269681628381237e-02,3.76697106909815559385081420390600e-03,-7.19377226297465370009697079095055e-03,1.00292847325314142330109468005688e-02
4.60249999999999999999999999999997e+01,-1.15016622686112259611863475159807e-02,3.81887389478653518722955481912359e-03,-6.94310522623430388518929566222617e-03,1.00238290961643386332785271020466e-02
4.60499999999999999999999999999992e+01,-1.14055502762468403716397913760162e-02,3.86994674666666239930410452707945e-03,-6.69259324686822642352612883068206e-03,1.00168815041309477582879050118639e-02
4.60749999999999999999999999999999e+01,-1.13081718764009180124302411129447e-02,3.92018588629826517710847472736641e-03,-6.44227352126284002598053207187285e-03,1.00084501878421005074867162796917e-02
4.61000000000000000000000000000001e+01,-1.12095479571044485272933628734983e-02,3.96958771977103278468551687207347e-03,-6.19218303769939342798927410146582e-03,9.99854356394059340419801848345377e-03
4.61250000000000000000000000000001e+01,-1.11096994944311193591269292362208e-02,4.01814879755160262119473325809727e-03,-5.94235857175019958515091323425405e-03,9.98717023213563101676374801498143e-03
4.61499999999999999999999999999996e+01,-1.10086475488900251135434673616934e-02,4.06586581430934711367362871129634e-03,-5.69283668172922609141672177035541e-03,9.97433897301993061040199275189731e-03
4.61749999999999999999999999999996e+01,-1.09064132618230004435140618690739e-02,4.11273560872068540406257440343296e-03,-5.44365370419747050998359532318894e-03,9.96005874586989550594217580644948e-03
4.61999999999999999999999999999998e+01,-1.08030178518071140473529502182532e-02,4.15875516325192628487051476465346e-03,-5.19484574952353861093119677539660e-03,9.94433868642927706080514386576971e-03
4.62250000000000000000000000000000e+01,-1.06984826110628563323239884100259e-02,4.20392160392102814581158282307170e-03,-4.94644869749983325266374464359855e-03,9.92718810467672653111950230864703e-03
4.62500000000000000000000000000000e+01,-1.05928289018685401856584733876126e-02,4.24823220003889230488921818379845e-03,-4.69849819301475177910909796750814e-03,9.90861648257762714621522624502677e-03
4.62749999999999999999999999999995e+01,-1.04860781529814192324747113847780e-02,4.29168436393072553945168405300551e-03,-4.45102964178128001760013753516705e-03,9.88863347182060179880853881674302e-03
4.62999999999999999999999999999994e+01,-1.03782518560660186651183784226288e-02,4.33427565063765671678706370480986e-03,-4.20407820612236084941337520980123e-03,9.86724889153911129387651662177824e-03
4.63250000000000000000000000000000e+01,-1.02693715621301743097150656224158e-02,4.37600375759840042373934208089346e-03,-3.95767880081340465674289566618738e-03,9.84447272601858044792072809651143e-03
4.63499999999999999999999999999999e+01,-1.01594588779692835430796830313298e-02,4.41686652431059547570510827497603e-03,-3.71186608898229784919303368581197e-03,9.82031512238949965172795325748556e-03
4.63749999999999999999999999999999e+01,-1.00485354626192793236137190767758e-02,4.45686193197162906318556432679760e-03,-3.46667447806725456377058049881530e-03,9.79478638830693996856020027487900e-03
4.63999999999999999999999999999999e+01,-9.93662302381883827145652606317857e-03,4.49598810309917158332813999107200e-03,-3.22213811583284597046018540794854e-03,9.76789698961689584978770978513950e-03
4.64249999999999999999999999999994e+01,-9.82374331448132303855718578480781e-03,4.53424330113201381951246327292638e-03,-2.97829088644453157211994133236909e-03,9.73965754800984699168952812106487e-03
4.64499999999999999999999999999999e+01,-9.70991812917694279239223132146608e-03,4.57162593001186739023573279079963e-03,-2.73516640660200721319788103599204e-03,9.71007883866192545678858265086527e-03
4.64749999999999999999999999999999e+01,-9.59516930062560202587507921681003e-03,4.60813453374651568877457027189503e-03,-2.49279802173167469156911809388626e-03,9.67917178786409027502349267126411e-03
4.64999999999999999999999999999998e+01,-9.47951869620090363754646377795723e-03,4.64376779595427674777316702260794e-03,-2.25121880223852747331912866846429e-03,9.64694747063973865051586153435966e-03
4.65249999999999999999999999999998e+01,-9.36298821444577736336842199354352e-03,4.67852453938945508920951998009466e-03,-2.01046153981773600478075144557099e-03,9.61341710835120201444767780071047e-03
4.65499999999999999999999999999993e+01,-9.24559978160021282106438898490092e-03,4.71240372544850810085675812132173e-03,-1.77055874382620488997727720873222e-03,9.57859206629557295536201369663113e-03
4.65749999999999999999999999999998e+01,-9.12737534814157934904471673491161e-03,4.74540445365699310404449455896947e-03,-1.53154263771436330580513489259076e-03,9.54248385129028675839489309090056e-03
4.65999999999999999999999999999999e+01,-9.00833688533800795824233703139730e-03,4.77752596113775576058100065154228e-03,-1.29344515551843979011140701934917e-03,9.50510410924885412495955685704847e-03
4.66250000000000000000000000000002e+01,-8.88850638181529625351824655789965e-03,4.80876762206100327984088927813422e-03,-1.05629793841346283778156885976304e-03,9.46646462274712809474312268575278e-03
4.66499999999999999999999999999997e+01,-8.76790584013778225873820432027335e-03,4.83912894707676647696732131779865e-03,-8.20132331327219096256040188568949e-04,9.42657730858049695429799311106232e-03
4.66749999999999999999999999999992e+01,-8.64655727340362474053636934855982e-03,4.86860958272990456680468941879693e-03,-5.84979379615390865399532899960907e-04,9.38545421531241901237861752863502e-03
4.66999999999999999999999999999999e+01,-8.52448270185492811963154508576157e-03,4.89720931085749089095439703549250e-03,-3.50869825798083905875435122388361e-04,9.34310752081473717477036873770590e-03
4.67250000000000000000000000000001e+01,-8.40170414950315565383077233491287e-03,4.92492804796834232894273562829895e-03,-1.17834106357945508874844628021020e-04,9.29954952980021590966768293429030e-03
4.67500000000000000000000000000001e+01,-8.27824364077027844880867489170634e-03,4.95176584460465229565957054461877e-03,1.14097651399938120604530011742156e-04,9.25479267134772765246252196826375e-03
4.67749999999999999999999999999996e+01,-8.15412319714610479195482560926195e-03,4.97772288468600893264259261021033e-03,3.44895632426186478079531007755504e-04,9.20884949642049098208268358566067e-03
4.67999999999999999999999999999996e+01,-8.02936483386222395648436864740284e-03,5.00279948483631116130347863552951e-03,5.74530336943142490576504607842094e-04,9.16173267537774550966957053106116e-03
4.68249999999999999999999999999998e+01,-7.90399055658298526327337912096767e-03,5.02699609369409930725227923740850e-03,8.02972583398604073252494702989522e-04,9.11345499548024874934392271254839e-03
4.68500000000000000000000000000000e+01,-7.77802235811392254360277385216743e-03,5.05031329120661520270174268106403e-03,1.03019351135712003276554252758474e-03,9.06402935838999603648806535950569e-03
4.68750000000000000000000000000000e+01,-7.65148221512802965146435299746671e-03,5.07275178790764598301401377959678e-03,1.25616458432871111511892399750835e-03,9.01346877766458351150918188557136e-03
4.68999999999999999999999999999995e+01,-7.52439208491029361343795317877630e-03,5.09431242417905182324003978746732e-03,1.48085759253488763868171952686439e-03,8.96178637624664305461339673239626e-03
4.69249999999999999999999999999994e+01,-7.39677390212089444845357718951133e-03,5.11499616949591128732177592304904e-03,1.70424465561184582079637229770659e-03,8.90899538394877146522039516497075e-03
4.69500000000000000000000000000000e+01,-7.26864957557748024508586956578979e-03,5.13480412165539838136359052184528e-03,1.92629822525073525864070927631715e-03,8.85510913493435921017238494041340e-03
4.69749999999999999999999999999999e+01,-7.14004098505692051651353185358751e-03,5.15373750598971294597571199426922e-03,2.14699108777489993785331941764108e-03,8.80014106519470768558302104530518e-03
4.69999999999999999999999999999999e+01,-7.01096997811693107729630069871164e-03,5.17179767456350155768884344791375e-03,2.36629636665400475736037298100061e-03,8.74410471002281727132206548862375e-03
4.70249999999999999999999999999999e+01,-6.88145836693795284458776499036059e-03,5.18898610535617647454502602898335e-03,2.58418752495496915912475993813449e-03,8.68701370148423339944264877102950e-03
4.70499999999999999999999999999994e+01,-6.75152792518565845052971469327262e-03,5.20530440142939618129650384786141e-03,2.80063836772963927061019787151854e-03,8.62888176588534908316088906480719e-03
4.70749999999999999999999999999999e+01,-6.62120038489445618276650821110496e-03,5.22075429007979985228322365407237e-03,3.01562304433914005909938217530401e-03,8.56972272123957170607622729165133e-03
4.70999999999999999999999999999999e+01,-6.49049743337236000434019562256426e-03,5.23533762197698307665704014393455e-03,3.22911605071485923156763750196660e-03,8.50955047473176355000492953264783e-03
4.71249999999999999999999999999998e+01,-6.35944071012759478410397349323320e-03,5.24905637028671779076582321800655e-03,3.44109223155602478014387398197483e-03,8.44837902018135882612816318114345e-03
4.71499999999999999999999999999998e+01,-6.22805180381730435890547493645847e-03,5.26191262977954644733735250166243e-03,3.65152678246384800228135967750487e-03,8.38622243550454859702860800035458e-03
4.71749999999999999999999999999993e+01,-6.09635224921872462630911265002736e-03,5.27390861592505105667004216069529e-03,3.86039525201221346885255158816965e-03,8.32309488017591440023228841201127e-03
4.71999999999999999999999999999998e+01,-5.96436352422317463597211694765756e-03,5.28504666397221729173548227443921e-03,4.06767354375490685216072985701046e-03,8.25901059268988597441680774819242e-03
4.72249999999999999999999999999999e+01,-5.83210704685320789800405457301103e-03,5.29532922801631041921961064196995e-03,4.27333791816938091458473924874505e-03,8.19398388802239978817962569990331e-03
4.72500000000000000000000000000002e+01,-5.69960417230325716753408589176715e-03,5.30475888005254800751058629534335e-03,4.47736499453706944982558994357610e-03,8.12802915509314138743781126595588e-03
4.72749999999999999999999999999997e+01,-5.56687619000410122487798316754942e-03,5.31333830901666681782694140272686e-03,4.67973175276026863871708436995707e-03,8.06116085422876172983824323704913e-03
4.72999999999999999999999999999992e+01,-5.43394432071148160409557287574372e-03,5.32107031981235293628584165178244e-03,4.88041553511561508796662975312185e-03,7.99339351462746074192762215362508e-03
4.73249999999999999999999999999999e+01,-5.30082971361919809950127153663137e-03,5.32795783232552293593290237008596e-03,5.07939404794419961378158071427071e-03,7.92474173182532709148731131083966e-03
4.73500000000000000000000000000001e+01,-5.16755344349701031458851026151337e-03,5.33400388042560889045171316768465e-03,5.27664536327836542866471247160325e-03,7.85522016516481221523115908639248e-03
4.73750000000000000000000000000001e+01,-5.03413650785366594439858504247384e-03,5.33921161095421275739021429203875e-03,5.47214792040524867449718274116669e-03,7.78484353526570376496118115069896e-03
4.73999999999999999999999999999996e+01,-4.90059982412536548561709559169309e-03,5.34358428270161727470888608032646e-03,5.66588052736712825500884664451854e-03,7.71362662149895548810191899745736e-03
4.74249999999999999999999999999996e+01,-4.76696422688996122360305025962147e-03,5.34712526537158444651906457064486e-03,5.85782236239866083915327297485787e-03,7.64158425946373154045408003649046e-03
4.74499999999999999999999999999998e+01,-4.63325046510717997419990003985440e-03,5.34983803853466863675325972209974e-03,6.04795297530108595957084996647846e-03,7.56873133846803211157008320227794e-03
4.74750000000000000000000000000000e+01,-4.49947919938515630682024554249060e-03,5.35172619057005240663119498567366e-03,6.23625228875349543673465533164073e-03,7.49508279901327722732500102241349e-03
4.75000000000000000000000000000000e+01,-4.36567099927356422978113041605394e-03,5.35279341759582898035237651951558e-03,6.42270059956127083861583889289616e-03,7.42065363028322839590345030443708e-03
4.75249999999999999999999999999995e+01,-4.23184634058363616623684414648092e-03,5.35304352238776751646411699180059e-03,6.60727857984180209277400369398067e-03,7.34545886763761931978424881527591e-03
4.75499999999999999999999999999994e+01,-4.09802560273535423703990525264947e-03,5.35248041328683389612920594281386e-03,6.78996727814760944993937448609874e-03,7.26951359011085066016508929292112e-03
4.75750000000000000000000000000000e+01,-3.96422906613208924801465341506191e-03,5.35110810309594072204316928441250e-03,6.97074812052699967049468740019425e-03,7.19283291791608893465737988478863e-03
4.75999999999999999999999999999999e+01,-3.83047690956295015555158586143729e-03,5.34893070796642832701114758132014e-03,7.14960291152239571978747297354970e-03,7.11543200995510473051682959442190e-03
4.76249999999999999999999999999999e+01,-3.69678920763309600884895486439019e-03,5.34595244627461507303719508572289e-03,7.32651383510648770838795446946042e-03,7.03732606133419253803967668139951e-03
4.76499999999999999999999999999999e+01,-3.56318592822225700181030252913437e-03,5.34217763748851337705021234388438e-03,7.50146345555636153310477439453622e-03,6.95853030088652725831795960946415e-03
4.76749999999999999999999999999994e+01,-3.42968692997171114340854039817385e-03,5.33761070102465374758556531017554e-03,7.67443471826577067116982880028812e-03,6.87905998870132026333925247783029e-03
4.76999999999999999999999999999999e+01,-3.29631195979996443884157767389721e-03,5.33225615509499574127721623191675e-03,7.84541095049572562339867780783196e-03,6.79893041366013346087759347842787e-03
4.77249999999999999999999999999999e+01,-3.16308065044738069465631023464391e-03,5.32611861554410240025834354055232e-03,8.01437586206358428183394543018853e-03,6.71815689098069429288570264570013e-03
4.77499999999999999999999999999998e+01,-3.03001251804999972064438594630214e-03,5.31920279467697498866886452638376e-03,8.18131354597083483833478757280693e-03,6.63675475976853685232574518652060e-03
4.77749999999999999999999999999998e+01,-2.89712695974277122162024070632674e-03,5.31151350007803926679897996498613e-03,8.34620847896977083414815118787180e-03,6.55473938057678468094576447615695e-03
4.77999999999999999999999999999993e+01,-2.76444325129242017470873413079381e-03,5.30305563342168628773252255539438e-03,8.50904552206926585453235082349079e-03,6.47212613297439383720723647323216e-03
4.78249999999999999999999999999998e+01,-2.63198054476015189124444735608243e-03,5.29383418927456844540388644720402e-03,8.66980992097986347461261890917594e-03,6.38893041312318614922491662927098e-03
4.78499999999999999999999999999999e+01,-2.49975786619440237577576305488505e-03,5.28385425388967579652215339387959e-03,8.82848730649840644803516399917670e-03,6.30516763136401222803861645943370e-03
4.78750000000000000000000000000002e+01,-2.36779411335383975960671412727567e-03,5.27312100399218202905630039730099e-03,8.98506369483243763882674826245284e-03,6.22085320981238334150788051915856e-03
4.78999999999999999999999999999997e+01,-2.23610805346082160504401589021419e-03,5.26163970555716681024704684356639e-03,9.13952548786461354324051448935895e-03,6.13600257996389945026671016771865e-03
4.79249999999999999999999999999992e+01,-2.10471832098550789055944590615390e-03,5.24941571257950372229682842714140e-03,9.29185947335737922046586514498151e-03,6.05063118030978412689336302708274e-03
4.79499999999999999999999999999999e+01,-1.97364341546082044307975585865378e-03,5.23645446583632843761314302852007e-03,9.44205282509816104969586187881423e-03,5.96475445396282506517497096335780e-03
4.79750000000000000000000000000001e+01,-1.84290169932842900867832959695295e-03,5.22276149164249626524201337628112e-03,9.59009310298534115461716260779231e-03,5.87838784629401705364523143878396e-03
4.80000000000000000000000000000001e+01,-1.71251139581593529315677556187652e-03,5.20834240059931814515609482365712e-03,9.73596825305528483345554691644336e-03,5.79154680258021101632974821840418e-03
4.80249999999999999999999999999996e+01,-1.58249058684542101308780927971912e-03,5.19320288633671552497697184079589e-03,9.87966660745070003261889560990043e-03,5.70424676566308085743504915947741e-03
4.80499999999999999999999999999996e+01,-1.45285721097352375045052288206811e-03,5.17734872424885068451710645183776e-03,1.00211768843306157401092696110976e-02,5.61650317361972196399107265094786e-03
4.80749999999999999999999999999999e+01,-1.32362906136320290071394089715744e-03,5.16078577022331272661577349007633e-03,1.01604881877222739532556596079442e-02,5.52833145744518853984475291374609e-03
4.80999999999999999999999999999999e+01,-1.19482378378735476671731407752179e-03,5.14351995936404431495513033866679e-03,1.02975900073152374037354376164099e-02,5.43974703874726460437747841999148e-03
4.81250000000000000000000000000000e+01,-1.06645887466442969350212266289852e-03,5.12555730470831051203630409716417e-03,1.04324722181980224381987380704009e-02,5.35076532745375179885288806939514e-03
4.81499999999999999999999999999995e+01,-9.38551679126195677667932063383978e-04,5.10690389593807176045132452421944e-03,1.05651250805375734421477022266555e-02,5.26140171953255116669465297336921e-03
4.81749999999999999999999999999994e+01,-8.11119389117783958511793658393433e-04,5.08756589808610038612976837154427e-03,1.06955392392019021211689525736469e-02,5.17167159472481667137976344844491e-03
4.82000000000000000000000000000000e+01,-6.84179041530144620370685018399471e-04,5.06754955023709420814156992167326e-03,1.08237057233262219468624957413190e-02,5.08159031429146218820187951984903e-03
4.82249999999999999999999999999999e+01,-5.57747516365035171397655351687360e-04,5.04686116422394295456732615947135e-03,1.09496159458229151595798787544628e-02,4.99117321877330638115403127238699e-03
4.82499999999999999999999999999999e+01,-4.31841534932662020925429141385756e-04,5.02550712331924600806963819072195e-03,1.10732617028356768181990314798873e-02,4.90043562576513805216564294106807e-03
4.82749999999999999999999999999999e+01,-3.06477658082092305104677934184416e-04,5.00349388092219238730466820272770e-03,1.11946351731381873770026838746797e-02,4.80939282770397797834509318642851e-03
4.82999999999999999999999999999994e+01,-1.81672284464549891205346351777638e-04,4.98082795924098802639882042935189e-03,1.13137289174776720576153661090154e-02,4.71806008967180418675399351743747e-03
4.83249999999999999999999999999999e+01,-5.74416488297035408127883303178931e-05,4.95751594797111091454867314585175e-03,1.14305358778637118474375215708553e-02,4.62645264721299920680498882990557e-03
4.83499999999999999999999999999999e+01,6.61981796449527214323734225822850e-05,4.93356450296973784323445818462896e-03,1.15450493768026773449093171965064e-02,4.53458570416677251347445107036978e-03
4.83749999999999999999999999999998e+01,1.89231298991535643417307849831504e-04,4.90898034492667856953811933127914e-03,1.16572631164781629765950464103082e-02,4.44247443051480987816886699395407e-03
4.83999999999999999999999999999998e+01,3.11641976055941300641803979867181e-04,4.88377025803207404062941160964318e-03,1.17671711778778054168837124681043e-02,4.35013396024440258082698666385802e-03
4.84249999999999999999999999999993e+01,4.33414648068667333348791547444021e-04,4.85794108864100829923673086363415e-03,1.18747680198668763872634158363007e-02,4.25757938922731095553223516087789e-03
4.84499999999999999999999999999998e+01,5.54533924182212741640258251822088e-04,4.83149974393511388866026511643717e-03,1.19800484782090463699493446610786e-02,4.16482577311461578004985136392909e-03
4.84750000000000000000000000000000e+01,6.74984586974981105742919043228449e-04,4.80445319058126535447467343721707e-03,1.20830077645347220529160151376414e-02,4.07188812524780588031013470113860e-03
4.85000000000000000000000000000002e+01,7.94751593921616556370579109853678e-04,4.77680845338755093574208620478576e-03,1.21836414652573664268879919201284e-02,3.97878141458634151414445269165000e-03
4.85249999999999999999999999999997e+01,9.13820078829708111743931642503198e-04,4.74857261395683068045336133684535e-03,1.22819455404382163197802955142623e-02,3.88552056365192344080551680471813e-03
4.85499999999999999999999999999992e+01,1.03217535324280668442666150478793e-03,4.71975280933825201976885245081074e-03,1.23779163225998178070836277553323e-02,3.79212044648969081027822225978725e-03
4.85749999999999999999999999999999e+01,1.14980290780970806027187673083233e-03,4.69035623067705537819821320555613e-03,1.24715505154888054848132624153325e-02,3.69859588664656944420189446557563e-03
4.86000000000000000000000000000001e+01,1.26668841361996204868812789214810e-03,4.66039012186288319180553557804266e-03,1.25628451927883571611388611348861e-02,3.60496165516699483101332432122537e-03
4.86250000000000000000000000000001e+01,1.38281772350557168718946928878115e-03,4.62986177817668289282076258832546e-03,1.26517977967807611757007325012360e-02,3.51123246860623726897158761629906e-03
4.86499999999999999999999999999996e+01,1.49817687330884787501451561028861e-03,4.59877854493625114410130062024128e-03,1.27384061369605392400820928587387e-02,3.41742298706155544704914007469505e-03
4.86749999999999999999999999999996e+01,1.61275208311638664628930726624809e-03,4.56714781614053415906135191716916e-03,1.28226683885985732681017011446353e-02,3.32354781222139727033863990376977e-03
4.86999999999999999999999999999999e+01,1.72652975845914082088675512416791e-03,4.53497703311293287296062398611805e-03,1.29045830912576899910108203194070e-02,3.22962148543285508319663723081036e-03
4.87249999999999999999999999999999e+01,1.83949649147856552377237680080225e-03,4.50227368314397073115355463160002e-03,1.29841491472601621895233014108575e-02,3.13565848578757184936876469195456e-03
4.87500000000000000000000000000000e+01,1.95163906205882635994267083735599e-03,4.46904529813369060509847988662442e-03,1.30613658201075902142066970416831e-02,3.04167322822629008857881988692821e-03
4.87749999999999999999999999999995e+01,2.06294443892506711589141377438818e-03,4.43529945323404924371121135936776e-03,1.31362327328536322753626646764052e-02,2.94768006166223733325804540845314e-03
4.87999999999999999999999999999994e+01,2.17339978070773879531689827725934e-03,4.40104376549143970696122277223230e-03,1.32087498664300568907488326614521e-02,2.85369326712354674624612531684982e-03
4.88250000000000000000000000000000e+01,2.28299243697299379816659070409529e-03,4.36628589248938815274841684696398e-03,1.32789175579265958812873114729231e-02,2.75972705591491335872859358824317e-03
4.88499999999999999999999999999999e+01,2.39170994921915030221244088790171e-03,4.33103353099149641272521942237897e-03,1.33467364988250812664602946806547e-02,2.66579556779868119829953164833313e-03
4.88749999999999999999999999999999e+01,2.49954005183923502814873150804639e-03,4.29529441558481538844694555535763e-03,1.34122077331883541581239831343926e-02,2.57191286919554528644343327242925e-03
4.88999999999999999999999999999999e+01,2.60647067304961882532996925721411e-03,4.25907631732395619879913574535066e-03,1.34753326558044381915359450327186e-02,2.47809295140504025489222777623218e-03
4.89249999999999999999999999999994e+01,2.71248993578476799788120852920230e-03,4.22238704237629338818905825159770e-03,1.35361130102864742189522043105782e-02,2.38434972884597994033843427975275e-03
4.89499999999999999999999999999999e+01,2.81758615855814262481645754412018e-03,4.18523443066855850412622435802410e-03,1.35945508871289170847968152694333e-02,2.29069703731701210020792697177881e-03
4.89749999999999999999999999999999e+01,2.92174785628927913774027055811208e-03,4.14762635453500494543788805174567e-03,1.36506487217204994565836585435890e-02,2.19714863227745666397860617331239e-03
4.89999999999999999999999999999998e+01,3.02496374109709757255867119949017e-03,4.10957071736722658028880329648033e-03,1.37044092923144719442680568174616e-02,2.10371818714859899175097044122917e-03
4.90249999999999999999999999999998e+01,3.12722272305947556676863233440252e-03,4.07107545226569569311052970192955e-03,1.37558357179566330066088002511579e-02,2.01041929163560679223390745897178e-03
4.90499999999999999999999999999993e+01,3.22851391093913355366647968210688e-03,4.03214852069315460945116850311307e-03,1.38049314563716662539674450463077e-02,1.91726545007023021152725826728330e-03
4.90749999999999999999999999999998e+01,3.32882661287588027312994315330604e-03,3.99279791113009786554117323120667e-03,1.38517003018083065974518014284148e-02,1.82427007977443301022768922393922e-03
4.91000000000000000000000000000000e+01,3.42815033704527462172853960838699e-03,3.95303163773264882069712231471889e-03,1.38961463828438602715261677930432e-02,1.73144650944509398622635637937052e-03
4.91250000000000000000000000000002e+01,3.52647479228376751394089264048313e-03,3.91285773899312623844753077000849e-03,1.39382741601486071879198669636711e-02,1.63880797755991489498149876071532e-03
4.91499999999999999999999999999997e+01,3.62378988868039398462355890389140e-03,3.87228427640352440806520726036442e-03,1.39780884242106175032903693885365e-02,1.54636763080467295652541570133484e-03
4.91749999999999999999999999999992e+01,3.72008573813509023483592817623079e-03,3.83131933312204498970442785155590e-03,1.40155942930215177707120186782017e-02,1.45413852252195846747022192998748e-03
4.91999999999999999999999999999999e+01,3.81535265488371307440914469485642e-03,3.78997101264277247852565322582854e-03,1.40507972097237455543315569644210e-02,1.36213361118153690485534457835337e-03
4.92250000000000000000000000000001e+01,3.90958115598984158765448524082848e-03,3.74824743746860047924291372472762e-03,1.40837029402198348033479817882112e-02,1.27036575887246879387406011256727e-03
4.92500000000000000000000000000001e+01,4.00276196180344423869123849040245e-03,3.70615674778757602021782296692260e-03,1.41143175707442775000675264969877e-02,1.17884772981711143655370079212516e-03
4.92749999999999999999999999999996e+01,4.09488599638649966455296559363082e-03,3.66370710015289336165678021715650e-03,1.41426475053985100859122837991204e-02,1.08759218890711798625777912554177e-03
4.92999999999999999999999999999996e+01,4.18594438790566567394678414621861e-03,3.62090666616679957381808687433810e-03,1.41686994636495759824863249300709e-02,9.96611700261544108085530152247614e-04
4.93249999999999999999999999999999e+01,4.27592846899209740342562934842063e-03,3.57776363116865722584201212082379e-03,1.41924804777930182562673730647241e-02,9.05918725807170952132495749259695e-04
4.93499999999999999999999999999999e+01,4.36482977706852110394463000589286e-03,3.53428619292735785523211117089194e-03,1.42139978903805591974509267235413e-02,8.15525623881153471636712473961961e-04
4.93750000000000000000000000000000e+01,4.45264005464367413176774189150038e-03,3.49048256033822330929992008228009e-03,1.42332593516131263070906665687481e-02,7.25444647856102568539390861712765e-04
4.93999999999999999999999999999995e+01,4.53935124957422466946053994823216e-03,3.44636095212450029976119975285671e-03,1.42502728166997868652196445281926e-02,6.35687944787706384003491565944529e-04
4.94249999999999999999999999999994e+01,4.62495551529428735816909797912109e-03,3.40192959554356179398127744266622e-03,1.42650465431831558166697413206028e-02,5.46267554084990221692900308471435e-04
4.94500000000000000000000000000000e+01,4.70944521101265435108916279281633e-03,3.35719672509797127503281134987274e-03,1.42775890882318441094500451915530e-02,4.57195406203307451922028498283951e-04
4.94749999999999999999999999999999e+01,4.79281290187786587743129347222927e-03,3.31217058125161849309466103915009e-03,1.42879093059005168431377581375161e-02,3.68483321360147108548204860161813e-04
4.94999999999999999999999999999999e+01,4.87505135911125010287981786279137e-03,3.26685940915116773469475447693723e-03,1.42960163443581326629992669821201e-02,2.80143008273839100635212150523923e-04
4.95249999999999999999999999999999e+01,4.95615356010806808158441386352806e-03,3.22127145735305102576790747241894e-03,1.43019196430849378223111834458785e-02,1.92186062925235368257320200744201e-04
4.95499999999999999999999999999994e+01,5.03611268850690485755759871517746e-03,3.17541497655619067777881410209593e-03,1.43056289300387902786142766907897e-02,1.04623967342444216270342617345850e-04
4.95749999999999999999999999999999e+01,5.11492213422745159068111109997516e-03,3.12929821834057393867998192460145e-03,1.43071542187913911096836396358333e-02,1.74680884086940296832310061833810e-05
4.95999999999999999999999999999999e+01,5.19257549347682607995935128600587e-03,3.08292943391176399516016623659483e-03,1.43065058056350024133194246178396e-02,-6.92703233065999368280822473139968e-05
4.96249999999999999999999999999998e+01,5.26906656872458118233541250776476e-03,3.03631687285144158364182600652377e-03,1.43036942666602326412384819529907e-02,-1.55580134693496879515328978758528e-04
4.96499999999999999999999999999998e+01,5.34438936864655360973153303341915e-03,2.98946878187412588988075016817678e-03,1.42987304548054719541557643275976e-02,-2.41450331223857918986333494756032e-04
4.96749999999999999999999999999993e+01,5.41853810803771015410689065408580e-03,2.94239340359028818733614245299779e-03,1.42916254968785616419533150765914e-02,-3.26870018050284958003442201101327e-04
4.96999999999999999999999999999998e+01,5.49150720769415423161991188296941e-03,2.89509897527610303628573193423256e-03,1.42823907905512829483997728963978e-02,-4.11828421081621581807872798997029e-04
4.97250000000000000000000000000000e+01,5.56329129426446154299291086079058e-03,2.84759372765005566289389569606291e-03,1.42710380013272518369115260659231e-02,-4.96314888034969103617283869480899e-04
4.97500000000000000000000000000002e+01,5.63388520007051827188453557729343e-03,2.79988588365655403308282596150831e-03,1.42575790594838074031431020737947e-02,-5.80318889464170941042805116046577e-04
4.97749999999999999999999999999997e+01,5.70328396289803801780351815162552e-03,2.75198365725662470336035029264017e-03,1.42420261569884828139919173593845e-02,-6.63830019764718522161633098824177e-04
4.97999999999999999999999999999992e+01,5.77148282575693522273403042516357e-03,2.70389525222574892309937631138771e-03,1.42243917443906487986206198667555e-02,-7.46837998155034427814869298182201e-04
4.98249999999999999999999999999999e+01,5.83847723661173465537873328733987e-03,2.65562886095893523384044681100263e-03,1.42046885276889207549391107999880e-02,-8.29332669634094536028524137092801e-04
4.98500000000000000000000000000001e+01,5.90426284808219985724654371262804e-03,2.60719266328319985775466248609122e-03,1.41829294651749213882266120714767e-02,-9.11304005915359198381825316222979e-04
4.98750000000000000000000000000001e+01,5.96883551711436856606983338825822e-03,2.55859482527768441513506328355451e-03,1.41591277642539914486446081148113e-02,-9.92742106336990955438854074694669e-04
4.98999999999999999999999999999996e+01,6.03219130462218901062237052849314e-03,2.50984349810164076377591970998302e-03,1.41332968782434416373849265082593e-02,-1.07363719874834036860094195373809e-03
4.99249999999999999999999999999996e+01,6.09432647509995605456838207166505e-03,2.46094681683045355875396917383918e-03,1.41054505031489392026137911791083e-02,-1.15397964037268184751987471595110e-03
4.99499999999999999999999999999999e+01,6.15523749620574940895871539217041e-03,2.41191289929979195999726798754689e-03,1.40756025744196232160095512682046e-02,-1.23375991864618014705950977053782e-03
4.99749999999999999999999999999999e+01,6.21492103831607771883302479794242e-03,2.36274984495793560364598901846690e-03,1.40437672636825430031076702069675e-02,-1.31296865203306886874336772775955e-03
5.00000000000000000000000000000000e+01,6.27337397405193353350174703193854e-03,2.31346573372633597079621901645818e-03,1.40099589754570146174929260921592e-02,-1.39159659081702694903395909758242e-03
5.00249999999999999999999999999995e+01,6.33059337777646646303282234705874e-03,2.26406862486853885142211605706187e-03,1.39741923438494905028427293187388e-02,-1.46963461786874709428875334430936e-03
5.00499999999999999999999999999994e+01,6.38657652506448586494628666008807e-03,2.21456655586766031614273261594222e-03,1.39364822292295375298267701165422e-02,-1.54707374938969843592744791175789e-03
5.00750000000000000000000000000000e+01,6.44132089214400962387644119796153e-03,2.16496754131263135285094000013659e-03,1.38968437148875184616821533993068e-02,-1.62390513563209110598579993556011e-03
5.00999999999999999999999999999999e+01,6.49482415531008061705619445013277e-03,2.11527957179339067318270716143271e-03,1.38552921036745716858972307552124e-02,-1.70012006159505178437353850100354e-03
5.01249999999999999999999999999999e+01,6.54708419031107609532114024634318e-03,2.06551061280513662530295151697917e-03,1.38118429146254838359627985178805e-02,-1.77570994769701818773785848685723e-03
5.01499999999999999999999999999999e+01,6.59809907170773720562623077653083e-03,2.01566860366169358917305916928842e-03,1.37665118795650497369172275319122e-02,-1.85066635042436021431254495793109e-03
5.01749999999999999999999999999994e+01,6.64786707220514705124648244936720e-03,1.96576145641803995204844884893625e-03,1.37193149396985138844982095648169e-02,-1.92498096295623858906044120835748e-03
5.01999999999999999999999999999999e+01,6.69638666195788729498571437328160e-03,1.91579705480208443324026987525762e-03,1.36702682421866873183275350264684e-02,-1.99864561576571849056934164147467e-03
5.02250000000000000000000000000000e+01,6.74365650784860621192543629944787e-03,1.86578325315583448085713089328251e-03,1.36193881367063332125028870408644e-02,-2.07165227719716350609026466023372e-03
5.02499999999999999999999999999998e+01,6.78967547274023521345610217793462e-03,1.81572787538613554472894172786670e-03,1.35666911719964137904059185086951e-02,-2.14399305401994136871748028525581e-03
5.02749999999999999999999999999998e+01,6.83444261470209531910248781351633e-03,1.76563871392515178478923559643437e-03,1.35121940923907903433181909652329e-02,-2.21566019195847566362529423484469e-03
5.02999999999999999999999999999993e+01,6.87795718621013880988320945135042e-03,1.71552352870071532351433335636934e-03,1.34559138343379672741260675341226e-02,-2.28664607619867778732395574185395e-03
5.03249999999999999999999999999998e+01,6.92021863332157382477499939884221e-03,1.66539004611662168786566698688634e-03,1.33978675229084702350237692576674e-02,-2.35694323187079330858780034344762e-03
5.03500000000000000000000000000000e+01,6.96122659482412120621343773499032e-03,1.61524595804292311782924573707713e-03,1.33380724682904475559748589490575e-02,-2.42654432450869883055346107021263e-03
5.03750000000000000000000000000002e+01,7.00098090136015424352672501437954e-03,1.56509892081628066621065135028719e-03,1.32765461622740832034666285841062e-02,-2.49544216048569020831738753340495e-03
5.03999999999999999999999999999997e+01,7.03948157452597388899868599002477e-03,1.51495655425046984427690653716009e-03,1.32133062747254084084550525492373e-02,-2.56362968742680936461060899674448e-03
5.04249999999999999999999999999992e+01,7.07672882594647485623681350729179e-03,1.46482644065716946821854092980347e-03,1.31483706500500978436037941179321e-02,-2.63109999459776289092481416722586e-03
5.04499999999999999999999999999999e+01,7.11272305632546149517608305749164e-03,1.41471612387717828472879404842311e-03,1.30817573036478348460324854979841e-02,-2.69784631327048957345318815153642e-03
5.04750000000000000000000000000001e+01,7.14746485447187584729014912867540e-03,1.36463310832219157971706364675807e-03,1.30134844183578287273818019583441e-02,-2.76386201706543580694259160689534e-03
5.05000000000000000000000000000001e+01,7.18095499630220321387797086012056e-03,1.31458485802723856241894425004539e-03,1.29435703408960657285804433393334e-02,-2.82914062227059869542581036851419e-03
5.05249999999999999999999999999996e+01,7.21319444381932265545031306312510e-03,1.26457879571384825199814172973276e-03,1.28720335782848736672804482902893e-02,-2.89367578813739801300598034695584e-03
5.05499999999999999999999999999996e+01,7.24418434406807126246934362794946e-03,1.21462230186399358078572491983679e-03,1.27988927942753787640192323380442e-02,-2.95746131715344107583534916090776e-03
5.05749999999999999999999999999998e+01,7.27392602806779229709000255508905e-03,1.16472271380486840637002370512940e-03,1.27241668057634314795431297521359e-02,-3.02049115529224893330159836711040e-03
5.06000000000000000000000000000000e+01,7.30242100972213894830969416551526e-03,1.11488732480457590102615858092536e-03,1.26478745791995764226438004953686e-02,-3.08275939224001731113886275992392e-03
5.06250000000000000000000000000000e+01,7.32967098470640777470037210628382e-03,1.06512338317883523749203645613129e-03,1.25700352269936394919451181869339e-02,-3.14426026159949039058714712745485e-03
5.06499999999999999999999999999995e+01,7.35567782933267882609446939578225e-03,1.01543809140882947161358968745085e-03,1.24906680039145034160313502099379e-02,-3.20498814107102904511168450087603e-03
5.06749999999999999999999999999994e+01,7.38044359939304246407592279604006e-03,9.65838605270309922545344810538066e-04,1.24097923034856407852361211180735e-02,-3.26493755261095742345285801990468e-03
5.07000000000000000000000000000000e+01,7.40397052898119544461715576371716e-03,9.16332032974043033665455141585127e-04,1.23274276543769715525772894544262e-02,-3.32410316256727320544099557475602e-03
5.07249999999999999999999999999999e+01,7.42626102929269051287884241503498e-03,8.66925434317649891384303116970836e-04,1.22435937167936098313994556762143e-02,-3.38247978179280829867846711781024e-03
5.07499999999999999999999999999999e+01,7.44731768740412469258672254920276e-03,8.17625819848867012506321262618253e-04,1.21583102788620626218452664551374e-02,-3.44006236573592905284473577581701e-03
5.07749999999999999999999999999999e+01,7.46714326503155218646421738958086e-03,7.68440150040263227633083269313592e-04,1.20715972530144408285766270717648e-02,-3.49684601450886870059444030379615e-03
5.07999999999999999999999999999994e+01,7.48574069726840903028531653324301e-03,7.19375334475478074695778960170524e-04,1.19834746723712405568966700769547e-02,-3.55282597293378941917010411338742e-03
5.08249999999999999999999999999999e+01,7.50311309130323874225484538699645e-03,6.70438231047082159491181113249199e-04,1.18939626871232501784225453949284e-02,-3.60799763056667618030309830076258e-03
5.08500000000000000000000000000000e+01,7.51926372511751097345639942239078e-03,6.21635645166174953744644665831512e-04,1.18030815609131360537137847824712e-02,-3.66235652169916824886280282750745e-03
5.08749999999999999999999999999998e+01,7.53419604616382789369411489796472e-03,5.72974328983817853586189206559412e-04,1.17108516672172571246882192289116e-02,-3.71589832533843616845794232625053e-03
5.08999999999999999999999999999998e+01,7.54791367002481499180892386709519e-03,5.24460980624358901721057599098098e-04,1.16172934857282558841820803837568e-02,-3.76861886516521274907799660638199e-03
5.09249999999999999999999999999993e+01,7.56042037905299384343155208442358e-03,4.76102243430666078987301726011597e-04,1.15224275987389705105237185863905e-02,-3.82051410947008727250727541015522e-03
5.09499999999999999999999999999998e+01,7.57172012099193459654069223074044e-03,4.27904705221274054314365628847008e-04,1.14262746875282102018947524536911e-02,-3.87158017106817427786453266240352e-03
5.09750000000000000000000000000000e+01,7.58181700757898627851703372093885e-03,3.79874897559472314728077173974182e-04,1.13288555287489329130520467811800e-02,-3.92181330719227240955206232245816e-03
5.10000000000000000000000000000002e+01,7.59071531312988424843791543606094e-03,3.32019295034404268014015566110350e-04,1.12301909908193617442433915984385e-02,-3.97120991936463407536775561520195e-03
5.10249999999999999999999999999997e+01,7.59841947310553630078694342261805e-03,2.84344314554277578255148242033007e-04,1.11303020303175731512315946373360e-02,-4.01976655324747136629801778643297e-03
5.10499999999999999999999999999992e+01,7.60493408266129147534116816212576e-03,2.36856314651783197832018464403514e-04,1.10292096883800869703884128470601e-02,-4.06747989847232639773387014925390e-03
5.10749999999999999999999999999999e+01,7.61026389517899765894001122376431e-03,1.89561594801784767839815823296370e-04,1.09269350871049850385437228607890e-02,-4.11434678844843482074906075705807e-03
5.11000000000000000000000000000001e+01,7.61441382078215501449275990415182e-03,1.42466394751294451873321077542225e-04,1.08234994259600819720162532376770e-02,-4.16036420015021105839541843174510e-03
5.11250000000000000000000000000001e+01,7.61738892483447228310070735842170e-03,9.55768938617255724651519483943494e-05,1.07189239781966684481208484043336e-02,-4.20552925388398474751334144969644e-03
5.11499999999999999999999999999996e+01,7.61919442642213281844880560540931e-03,4.88992104634222623716180923842980e-05,1.06132300872693440602798227231198e-02,-4.24983921303412104447740731779858e-03
5.11749999999999999999999999999996e+01,7.61983569682007765176406732890107e-03,2.43940122250273701698813972293494e-06,1.05064391632624534407606786103054e-02,-4.29329148378866243189500074209698e-03
5.11999999999999999999999999999998e+01,7.61931825794261429239947693696095e-03,-4.37965394799110347181653431593753e-05,1.03985726793236358385075734652425e-02,-4.33588361484463471028295208836360e-03
5.12250000000000000000000000000000e+01,7.61764778077866198833853507249105e-03,-8.98026801559941662560489272480590e-05,1.02896521681049947260046754896952e-02,-4.37761329709316318015038628877715e-03
5.12500000000000000000000000000000e+01,7.61483008381194601879942197593960e-03,-1.35573152806989703459869580724894e-04,1.01796992182123903425988349209833e-02,-4.41847836328454601920093474265439e-03
5.12749999999999999999999999999995e+01,7.61087113142645460234982592501402e-03,-1.81102153506429144824577329504472e-04,1.00687354706633544103963615943765e-02,-4.45847678767343153487558888956106e-03
5.12999999999999999999999999999994e+01,7.60577703229747206995704127653273e-03,-2.26383942970813796910753038969661e-04,9.95678261535412259259972715104400e-03,-4.49760668564424618272255406272491e-03
5.13250000000000000000000000000000e+01,7.59955403776850155918307742500065e-03,-2.71412847117772247711075902932589e-04,9.84386238753627656956430939530765e-03,-4.53586631331702238754221392061173e-03
5.13499999999999999999999999999999e+01,7.59220854021439035243099575421401e-03,-3.16183257611686583639257296822211e-04,9.72999656430348383341581873204898e-03,-4.57325406713377928220329104502143e-03
5.13749999999999999999999999999999e+01,7.58374707139097157268964277516678e-03,-3.60689632396748575798063346850284e-04,9.61520696108881941463020800171033e-03,-4.60976848342561414943742632368109e-03
5.13999999999999999999999999999999e+01,7.57417630077153719355764986408182e-03,-4.04926496217389030442475234142392e-04,9.49951542817314976074504577814009e-03,-4.64540823796066593225642123578662e-03
5.14249999999999999999999999999994e+01,7.56350303387045870446590688650422e-03,-4.48888441126030309797087137713692e-04,9.38294384720505492907634770166719e-03,-4.68017214547311380765231578337287e-03
5.14499999999999999999999999999999e+01,7.55173421055427271256127559362767e-03,-4.92570126978138277599909206256393e-04,9.26551412773276117720125187641183e-03,-4.71405915917337397597213399982215e-03
5.14750000000000000000000000000000e+01,7.53887690334054897750346101702998e-03,-5.35966281914578651033890965631204e-04,9.14724820374855195702188553141053e-03,-4.74706837023965789370050890938984e-03
5.14999999999999999999999999999998e+01,7.52493831568485802587522594358634e-03,-5.79071702831297405371478218921886e-04,9.02816803024612122483090515989666e-03,-4.77919900729105646264748548016496e-03
5.15249999999999999999999999999998e+01,7.50992578025615503281231754459744e-03,-6.21881255836339432946140026012703e-04,8.90829557979132883388092565709125e-03,-4.81045043584231753953130820642817e-03
5.15499999999999999999999999999993e+01,7.49384675720089652989364226734548e-03,-6.64389876694200743163277260389177e-04,8.78765283910681354565917361171892e-03,-4.84082215774048783849646607408815e-03
5.15749999999999999999999999999998e+01,7.47670883239620686928888977358888e-03,-7.06592571257490708530923053463727e-04,8.66626180567091487495607216856423e-03,-4.87031381058359367674118065881628e-03
5.16000000000000000000000000000000e+01,7.45851971569241208040744094097126e-03,-7.48484415885873970695622874687009e-04,8.54414448433135059236589130334073e-03,-4.89892516712153720661572547392685e-03
5.16250000000000000000000000000002e+01,7.43928723914525943403384010012164e-03,-7.90060557852270293142651673191723e-04,8.42132288393409227786019217346898e-03,-4.92665613463938575045139268739091e-03
5.16499999999999999999999999999997e+01,7.41901935523814134178498206445029e-03,-8.31316215736309706258423471559505e-04,8.29781901396787687340277982983315e-03,-4.95350675432323228440140659292833e-03
5.16749999999999999999999999999992e+01,7.39772413509464202991673926437204e-03,-8.72246679805059630138264508016989e-04,8.17365488122478772352565427629598e-03,-4.97947720060880587484270624050365e-03
5.16999999999999999999999999999999e+01,7.37540976668172485452721477446288e-03,-9.12847312381050920032467681236469e-04,8.04885248647733410443461614116028e-03,-5.00456778051301248292613498570992e-03
5.17250000000000000000000000000001e+01,7.35208455300387746256184413423528e-03,-9.53113548197626858820948954088821e-04,7.92343382117245370264701697777836e-03,-5.02877893294858897531572152027523e-03
5.17500000000000000000000000000001e+01,7.32775691028853155685419195618996e-03,-9.93040894741625874091312243520230e-04,7.79742086414285789868185277891145e-03,-5.05211122802205592851931085002408e-03
5.17749999999999999999999999999996e+01,7.30243536616307395441361398165087e-03,-1.03262493258339348429330443636431e-03,7.67083557833613503942303402033276e-03,-5.07456536631515729419088326592414e-03
5.17999999999999999999999999999996e+01,7.27612855782376586101684042652180e-03,-1.07186131569411133186159919198681e-03,7.54369990756202215693957345074988e-03,-5.09614217814997679650907144293689e-03
5.18249999999999999999999999999998e+01,7.24884523019688754379618689817711e-03,-1.11074577175043703065493850748415e-03,7.41603577325825083022148020920717e-03,-5.11684262283792199666961008282570e-03
5.18500000000000000000000000000000e+01,7.22059423409242553207185703710073e-03,-1.14927410242646635077334836374045e-03,7.28786507127536810510040161505143e-03,-5.13666778791276755789623112219187e-03
5.18750000000000000000000000000000e+01,7.19138452435061891897513609477286e-03,-1.18744218367305001757765081958335e-03,7.15920966868092859232067650967370e-03,-5.15561888834794986109464668273634e-03
5.18999999999999999999999999999995e+01,7.16122515798168034835613186385077e-03,-1.22524596598450945731883396166910e-03,7.03009140058344904749906566312863e-03,-5.17369726575830623663781170991292e-03
5.19249999999999999999999999999994e+01,7.13012529229900617814171084188090e-03,-1.26268147465279199956447663341695e-03,6.90053206697651188339395873591406e-03,-5.19090438758645392453315349252653e-03
5.19500000000000000000000000000000e+01,7.09809418304618949934961102529012e-03,-1.29974481000908888726441652039673e-03,6.77055342960339915760629036867169e-03,-5.20724184627400627057678891016106e-03
5.19749999999999999999999999999999e+01,7.06514118251814935847090666625727e-03,-1.33643214765292055360044606455694e-03,6.64017720884263361040070382952910e-03,-5.22271135841782604862323280886995e-03
5.19999999999999999999999999999999e+01,7.03127573767668954358374462321040e-03,-1.37273973866868667484011847548542e-03,6.50942508061479830660980948910332e-03,-5.23731476391151751770735231246926e-03
5.20249999999999999999999999999999e+01,6.99650738826080024704029517260121e-03,-1.40866390982969004148898000858737e-03,6.37831867331100138438558936230444e-03,-5.25105402507235955080394798133390e-03
5.20499999999999999999999999999994e+01,6.96084576489201539494377536732699e-03,-1.44420106378966763519234999023569e-03,6.24687956474334735451490934137068e-03,-5.26393122575388217910081894052000e-03
5.20749999999999999999999999999999e+01,6.92430058717513729363690883717321e-03,-1.47934767926188467920825625190171e-03,6.11512927911777133605540509810828e-03,-5.27594857044428894568547416920186e-03
5.21000000000000000000000000000000e+01,6.88688166179463872789141590492644e-03,-1.51410031118585372639199756166653e-03,5.98308928402958754551282092733444e-03,-5.28710838335092834224791281305796e-03
5.21249999999999999999999999999998e+01,6.84859888060705123009730251988991e-03,-1.54845559088172748298751682784948e-03,5.85078098748209825213148680093347e-03,-5.29741310747101956989014615636044e-03
5.21499999999999999999999999999998e+01,6.80946221872964731419003945490711e-03,-1.58241022619239091535751753611020e-03,5.71822573492860424887711489966100e-03,-5.30686530364884041607317962256685e-03
5.21749999999999999999999999999993e+01,6.76948173262572406528017988922897e-03,-1.61596100161326209082693511129476e-03,5.58544480633815266480798425569403e-03,-5.31546764961958720186629555025824e-03
5.21999999999999999999999999999998e+01,6.72866755818679524336392232484326e-03,-1.64910477840981436832686904355996e-03,5.45245941328535268053806002524581e-03,-5.32322293904011774499569125235057e-03
5.22250000000000000000000000000000e+01,6.68702990881199849823413260859703e-03,-1.68183849472285398371163751516460e-03,5.31929069606458443581156128463554e-03,-5.33013408050678808052991057803469e-03
5.22500000000000000000000000000002e+01,6.64457907348502310077076245467506e-03,-1.71415916566161319737890399256727e-03,5.18595972082892115796745809806252e-03,-5.33620409656059306974374601890705e-03
5.22749999999999999999999999999997e+01,6.60132541484886187473520266025994e-03,-1.74606388338473329412675035960437e-03,5.05248747675407928861959570741308e-03,-5.34143612267982107920105167784294e-03
5.22999999999999999999999999999992e+01,6.55727936727868919402119520181464e-03,-1.77754981716920561389913112800311e-03,4.91889487322770611736815022004170e-03,-5.34583340626043422887968184422463e-03
5.23249999999999999999999999999999e+01,6.51245143495316545301182054783710e-03,-1.80861421346731819774925742435171e-03,4.78520273706430911611415862155727e-03,-5.34939930558438798982442135966475e-03
5.23500000000000000000000000000001e+01,6.46685218992446749757844073393202e-03,-1.83925439595163597572531896196750e-03,4.65143180974612579337687504920097e-03,-5.35213728877610615844813701475054e-03
5.23750000000000000000000000000001e+01,6.42049227018734390278392459441916e-03,-1.86946776554803791446071526697563e-03,4.51760274469022746930847842214639e-03,-5.35405093274732844989769852462767e-03
5.23999999999999999999999999999996e+01,6.37338237774749325173374361967743e-03,-1.89925180045684855283284165425423e-03,4.38373610454214494025139116378202e-03,-5.35514392213054784307620432571735e-03
5.24249999999999999999999999999996e+01,6.32553327668956234188862955058646e-03,-1.92860405616212465415555800288570e-03,4.24985235849629858370298208049226e-03,-5.35542004820125397796180597330821e-03
5.24499999999999999999999999999998e+01,6.27695579124505947718703821281618e-03,-1.95752216542917539056246623798437e-03,4.11597187964351005518826718574257e-03,-5.35488320778919841013646492741923e-03
5.24750000000000000000000000000000e+01,6.22766080386047598551963896795260e-03,-1.98600383829039631990328696478591e-03,3.98211494234586732835159397966314e-03,-5.35353740217889813314610013756673e-03
5.25000000000000000000000000000000e+01,6.17765925326590723971062320099476e-03,-2.01404686201948433319637179259675e-03,3.84830171963920939979872751716950e-03,-5.35138673599959544216059478079007e-03
5.25249999999999999999999999999995e+01,6.12696213254446300771451370912518e-03,-2.04164910109408331389550840937124e-03,3.71455228066349150338324661953558e-03,-5.34843541610489414817431284839801e-03
5.25499999999999999999999999999994e+01,6.07558048720275585892644840781262e-03,-2.06880849714690092541441150523095e-03,3.58088658812128616036808399898660e-03,-5.34468775044229341408412576288625e-03
5.25750000000000000000000000000000e+01,6.02352541324275530947449937847269e-03,-2.09552306890534183059213360537728e-03,3.44732449576466985630442243939896e-03,-5.34014814691284061668913505782597e-03
5.25999999999999999999999999999999e+01,5.97080805523529407156312298123046e-03,-2.12179091211971823022893500222144e-03,3.31388574591073960832321340551921e-03,-5.33482111222112394856525912633191e-03
5.26249999999999999999999999999999e+01,5.91743960439551103188644217488051e-03,-2.14761019948011505748550265461983e-03,3.18058996698599817864686004342378e-03,-5.32871125071582476207877495626488e-03
5.26499999999999999999999999999999e+01,5.86343129666051352588710920147229e-03,-2.17297918052199522587309230192470e-03,3.04745667109984119214266790798092e-03,-5.32182326322104964353331381583003e-03
5.26749999999999999999999999999994e+01,5.80879441076953936225218334075151e-03,-2.19789618152062692104160859668137e-03,2.91450525164737390671216108026495e-03,-5.31416194585866306099141300783767e-03
5.26999999999999999999999999999999e+01,5.75354026634689713209602967501211e-03,-2.22235960537440415757550396479259e-03,2.78175498094177984796682729871564e-03,-5.30573218886184272859171962277067e-03
5.27250000000000000000000000000000e+01,5.69768022198796169638419450530034e-03,-2.24636793147712154633388466889420e-03,2.64922500787645795150688714129055e-03,-5.29653897538008089435920284600817e-03
5.27499999999999999999999999999998e+01,5.64122567334850028071951509139508e-03,-2.26991971557926098802617157139159e-03,2.51693435561713926982903059632400e-03,-5.28658738027585511882898044032601e-03
5.27749999999999999999999999999998e+01,5.58418805123760310870396141338477e-03,-2.29301358963835362872287193072942e-03,2.38490191932418871497506133168365e-03,-5.27588256891319177156969493452901e-03
5.27999999999999999999999999999993e+01,5.52657881971449078490066217841789e-03,-2.31564826165849166998894211234828e-03,2.25314646390529173543832178622849e-03,-5.26442979593834483313301106302492e-03
5.28249999999999999999999999999998e+01,5.46840947418946862731981331482507e-03,-2.33782251551907566026172238878212e-03,2.12168662179872026760144155426779e-03,-5.25223440405281214643390732313608e-03
5.28500000000000000000000000000000e+01,5.40969153952929592351547880402396e-03,-2.35953521079288847370634430210357e-03,1.99054089078736674892570338275140e-03,-5.23930182277891130133820883859251e-03
5.28750000000000000000000000000002e+01,5.35043656816723581453560691359426e-03,-2.38078528255358521909427741020505e-03,1.85972763184372942007640828546390e-03,-5.22563756721813781690721945268472e-03
5.28999999999999999999999999999997e+01,5.29065613821804936952165523151606e-03,-2.40157174117268070056788984315702e-03,1.72926506700602656846013808237114e-03,-5.21124723680252892026554749261533e-03
5.29249999999999999999999999999992e+01,5.23036185159819548453794007590800e-03,-2.42189367210610763508988189898548e-03,1.59917127728561177682818028876427e-03,-5.19613651403925666878155424396165e-03
5.29499999999999999999999999999999e+01,5.16956533215149647150093797595247e-03,-2.44175023567041503901893681991207e-03,1.46946420060585664550690371029702e-03,-5.18031116324867420074708773155145e-03
5.29750000000000000000000000000001e+01,5.10827822378052743447081994357032e-03,-2.46114066680868012640929073878110e-03,1.34016162977266186637757985939658e-03,-5.16377702929603850758318877130402e-03
5.30000000000000000000000000000001e+01,5.04651218858398557359244406784697e-03,-2.48006427484621751327119451268771e-03,1.21128121047675194989957091478167e-03,-5.14654003631713246699118260434729e-03
5.30249999999999999999999999999996e+01,4.98427890500029330908158845277498e-03,-2.49852044323618123395530771621032e-03,1.08284043932790334635397041006491e-03,-5.12860618643800824161061667424946e-03
5.30499999999999999999999999999996e+01,4.92159006595768663195945645041135e-03,-2.51650862929516150893208071231583e-03,9.54856661921250155058493549487527e-04,-5.10998155848907379822026168151811e-03
5.30749999999999999999999999999998e+01,4.85845737703103755434957837866034e-03,-2.53402836392887557806690188691384e-03,8.27347070935806071515822680994705e-04,-5.09067230671374435526873951910138e-03
5.31000000000000000000000000000000e+01,4.79489255460565716623546997376996e-03,-2.55107925134804200888131078790138e-03,7.00328704265335673254574191354483e-04,-5.07068465947188090169400447896571e-03
5.31250000000000000000000000000000e+01,4.73090732404832371083607446157961e-03,-2.56766096877451744793882729788725e-03,5.73818443181702587283453469626477e-04,-5.05002491793823822202198666807603e-03
5.31499999999999999999999999999995e+01,4.66651341788577817985569405759057e-03,-2.58377326613777142444961306615928e-03,4.47833010530816521450197390132937e-04,-5.02869945479614475006243818994818e-03
5.31749999999999999999999999999994e+01,4.60172257399092797007462026967636e-03,-2.59941596576178188948574535068952e-03,3.22388968961295591424903711413804e-04,-5.00671471292663589018484198175180e-03
5.32000000000000000000000000000000e+01,4.53654653377699690470090990223038e-03,-2.61458896204244811741721972555850e-03,1.97502719185954847305541318260055e-04,-4.98407720409326136335243993875175e-03
5.32249999999999999999999999999999e+01,4.47099704039985733777810712126326e-03,-2.62929222111562992906552392369888e-03,7.31904982762264036620755120832393e-05,-4.96079350762278609435166514707233e-03
5.32499999999999999999999999999999e+01,4.40508583696877727498396175570983e-03,-2.64352578051592513867296857618787e-03,-5.05316220103889027185921996042505e-05,-4.93687026908200359117903956298396e-03
5.32749999999999999999999999999999e+01,4.33882466476581273075776146992839e-03,-2.65728974882628905729975086868771e-03,-1.73647736869743876367132367906053e-04,-4.91231419895088080049064089943901e-03
5.32999999999999999999999999999994e+01,4.27222526147407311296818344602497e-03,-2.67058430531858671531449959222637e-03,-2.96142110057252375734246818934394e-04,-4.88713207129225374943353234798794e-03
5.33249999999999999999999999999999e+01,4.20529935941508528902527091057134e-03,-2.68340969958515974626992147788122e-03,-4.17999175460798287475695166217533e-04,-4.86133072241829335162612559430017e-03
5.33500000000000000000000000000000e+01,4.13805868379547993378748411406275e-03,-2.69576625116149221203906373270008e-03,-5.39203538640268053335625321181299e-04,-4.83491704955396013859549509146614e-03
5.33749999999999999999999999999998e+01,4.07051495096322150886597793305438e-03,-2.70765434914007206891033929550542e-03,-6.59739978333634194339456161094076e-04,-4.80789800949766538997492680879766e-03
5.33999999999999999999999999999998e+01,4.00267986667360061409759950680294e-03,-2.71907445177555955354294382559779e-03,-7.79593447929522694703359461538007e-04,-4.78028061727935463851591287206276e-03
5.34249999999999999999999999999993e+01,3.93456512436520455449070826017702e-03,-2.73002708608138114874468688218606e-03,-8.98749076906202492058775145134086e-04,-4.75207194481622842095757870189277e-03
5.34499999999999999999999999999998e+01,3.86618240344607902973471730249412e-03,-2.74051284741786366697620489056621e-03,-1.01719217223694068607093471715404e-03,-4.72327911956631475156351499529524e-03
5.34750000000000000000000000000000e+01,3.79754336759029113505369071039680e-03,-2.75053239907201098967508090433707e-03,-1.13490821976167244063133358526183e-03,-4.69390932318010791678841889911713e-03
5.35000000000000000000000000000002e+01,3.72865966304510145065409260392738e-03,-2.76008647182901498589711371216142e-03,-1.25188288552493992150288722560547e-03,-4.66396979015048825126110005723230e-03
5.35249999999999999999999999999997e+01,3.65954291694895075892523699797980e-03,-2.76917586353558996752882090238308e-03,-1.36810201708005997255429802472263e-03,-4.63346780646113700508189173520264e-03
5.35499999999999999999999999999992e+01,3.59020473566046460750247544261139e-03,-2.77780143865522826767767339481933e-03,-1.48355164475948557137730699302519e-03,-4.60241070823365910928467701890682e-03
5.35749999999999999999999999999999e+01,3.52065670309867633117629868055303e-03,-2.78596412781548763916298778836755e-03,-1.59821798291133140406817336322719e-03,-4.57080588037362495252021936569912e-03
5.36000000000000000000000000000001e+01,3.45091037909466624233839051349283e-03,-2.79366492734743069392135777364022e-03,-1.71208743110203915711593342385835e-03,-4.53866075521574079933791660439670e-03
5.36250000000000000000000000000001e+01,3.38097729775481166949510218553635e-03,-2.80090489881733698046504551241502e-03,-1.82514657528516335301894602788085e-03,-4.50598281116835662549181339951192e-03
5.36499999999999999999999999999996e+01,3.31086896583583959780920755350624e-03,-2.80768516855080036488054163688674e-03,-1.93738218893626377153454227300421e-03,-4.47277957135751986994373810454617e-03
5.36749999999999999999999999999996e+01,3.24059686113187098054950934342430e-03,-2.81400692714931432402787243188503e-03,-2.04878123415389570955097458260327e-03,-4.43905860227078344873086207349282e-03
5.36999999999999999999999999999998e+01,3.17017243087364330596426209427843e-03,-2.81987142899944259378854177837585e-03,-2.15933086272669453545430204490809e-03,-4.40482751240097581108383571958458e-03
5.37250000000000000000000000000000e+01,3.09960709014009554649557450129149e-03,-2.82527999177467556279425909434042e-03,-2.26901841716655617439977957182135e-03,-4.37009395089013960378297220442005e-03
5.37500000000000000000000000000000e+01,3.02891222028249700212633871567326e-03,-2.83023399593008161578600193693326e-03,-2.37783143170792030450706619317329e-03,-4.33486560617384383893187757308574e-03
5.37749999999999999999999999999995e+01,2.95809916736129869959407891498910e-03,-2.83473488418987162396758773960669e-03,-2.48575763327316814492345751313410e-03,-4.29915020462607279454875643119082e-03
5.37999999999999999999999999999994e+01,2.88717924059588299034421749904863e-03,-2.83878416102799878497165982363708e-03,-2.59278494240415178059747268048062e-03,-4.26295550920489361595052506284715e-03
5.38250000000000000000000000000000e+01,2.81616371082738395547763767454610e-03,-2.84238339214191348876671472172485e-03,-2.69890147415987700736624812462064e-03,-4.22628931809910380982497642567064e-03
5.38499999999999999999999999999999e+01,2.74506380899474831351889598488065e-03,-2.84553420391958634867561978074446e-03,-2.80409553898036670399410237276650e-03,-4.18915946337605927707117097281265e-03
5.38749999999999999999999999999999e+01,2.67389072462420378039304939697419e-03,-2.84823828289990651533622284628495e-03,-2.90835564351673674592353074169070e-03,-4.15157380963088282793854857184459e-03
5.38999999999999999999999999999999e+01,2.60265560433229918714546559115079e-03,-2.85049737522656052866051680936217e-03,-3.01167049142752146106473304881622e-03,-4.11354025263725200716493038329694e-03
5.39249999999999999999999999999994e+01,2.53136955034267799851277271457447e-03,-2.85231328609550011961910536888305e-03,-3.11402898414129058026559114343069e-03,-4.07506671799996354319033340752235e-03
5.39499999999999999999999999999999e+01,2.46004361901674408943920843854762e-03,-2.85368787919611357294285623976241e-03,-3.21542022158560454695402960411504e-03,-4.03616115980947006114519332219559e-03
5.39750000000000000000000000000000e+01,2.38868881939837569304312675692308e-03,-2.85462307614622111372885706183862e-03,-3.31583350288235992149531287659383e-03,-3.99683155929858314580272540112628e-03
5.39999999999999999999999999999998e+01,2.31731611177284038067272429069202e-03,-2.85512085592101737009643412295390e-03,-3.41525832700958145141787713315849e-03,-3.95708592350153556390528149440596e-03
5.40249999999999999999999999999998e+01,2.24593640624006087196763016842687e-03,-2.85518325427608224390408821176595e-03,-3.51368439342972218567770186990607e-03,-3.91693228391559442140585464136516e-03
5.40499999999999999999999999999993e+01,2.17456056130237849684942132646024e-03,-2.85481236316457671236883326101769e-03,-3.61110160268453779363735566478570e-03,-3.87637869516541607044413940769332e-03
5.40749999999999999999999999999998e+01,2.10319938246695828542587727437940e-03,-2.85401033014873502242289225999172e-03,-3.70750005695660600673721702523640e-03,-3.83543323367033249923289403197979e-03
5.41000000000000000000000000000000e+01,2.03186362086297691237567062017446e-03,-2.85277935780576246330170906317488e-03,-3.80287006059756682816672014514604e-03,-3.79410399631475761451086928589835e-03
5.41250000000000000000000000000002e+01,1.96056397187373197497963053973973e-03,-2.85112170312825002627449724108516e-03,-3.89720212062316384686618259086249e-03,-3.75239909912190025719306036012699e-03
5.41499999999999999999999999999997e+01,1.88931107378380823394632417314043e-03,-2.84903967691922293464815329543455e-03,-3.99048694717517164189830495297607e-03,-3.71032667593096908096472845193707e-03
5.41749999999999999999999999999992e+01,1.81811550644143344049356151176962e-03,-2.84653564318194617663712931191870e-03,-4.08271545395029887007399279513511e-03,-3.66789487707805273267400528212628e-03
5.41999999999999999999999999999999e+01,1.74698778993615324758499183490968e-03,-2.84361201850461313897454710090963e-03,-4.17387875859616119618163035251252e-03,-3.62511186808085725004707259905837e-03
5.42250000000000000000000000000001e+01,1.67593838329195156807771890461924e-03,-2.84027127144004124671750008795648e-03,-4.26396818307442275642678684294215e-03,-3.58198582832748129417949302309859e-03
5.42500000000000000000000000000001e+01,1.60497768317593971842582533003998e-03,-2.83651592188049236185689774874697e-03,-4.35297525399120934668374142381509e-03,-3.53852494976940868459531476041764e-03
5.42749999999999999999999999999996e+01,1.53411602262273482646435959160304e-03,-2.83234854042772948680465384751163e-03,-4.44089170289490099936360180257935e-03,-3.49473743561889651528652552721983e-03
5.42999999999999999999999999999996e+01,1.46336366977464523062430485621935e-03,-2.82777174775841929387764259118993e-03,-4.52770946654141605246522605018018e-03,-3.45063149905093570091872598368186e-03
5.43249999999999999999999999999998e+01,1.39273082663777782208337245905636e-03,-2.82278821398499385294172401518591e-03,-4.61342068712710321428535253541056e-03,-3.40621536190995905037043677086730e-03
5.43500000000000000000000000000000e+01,1.32222762785417935441733769296649e-03,-2.81740065801209244277475240587804e-03,-4.69801771248936248023476217584760e-03,-3.36149725342146999835012587598716e-03
5.43750000000000000000000000000000e+01,1.25186413949012063504999422035472e-03,-2.81161184688871065254507352285069e-03,-4.78149309627512006192761919014000e-03,-3.31648540890876319736998791461467e-03
5.43999999999999999999999999999995e+01,1.18165035784062930827571635237930e-03,-2.80542459515618483290891251267902e-03,-4.86383959807728674739647763052489e-03,-3.27118806851490652091187044544008e-03
5.44249999999999999999999999999994e+01,1.11159620825037379541065480550411e-03,-2.79884176419213465330511545795291e-03,-4.94505018353933333307807493933130e-03,-3.22561347593015271090676354495469e-03
5.44500000000000000000000000000000e+01,1.04171154395099798991443653883115e-03,-2.79186626155047858462249215227042e-03,-5.02511802442812095956429208269381e-03,-3.17976987712494773550244146960551e-03
5.44749999999999999999999999999999e+01,9.72006144915003511209899243492838e-04,-2.78450104029763196009565532752605e-03,-5.10403649867512834385488360124019e-03,-3.13366551908870159333060672589875e-03
5.44999999999999999999999999999999e+01,9.02489716726273578538243871467439e-04,-2.77674909834499843597967534058940e-03,-5.18179919038622202359947580103012e-03,-3.08730864857448557811191328043985e-03
5.45249999999999999999999999999999e+01,8.33171889467329717608986412974197e-04,-2.76861347777787239289644473597908e-03,-5.25839988982011980345069169981359e-03,-3.04070751084981792422521904381907e-03
5.45499999999999999999999999999994e+01,7.64062216623409472852998485265943e-04,-2.76009726418087747579756100038511e-03,-5.33383259333570161397244101681449e-03,-2.99387034845369756047219833665545e-03
5.45749999999999999999999999999999e+01,6.95170174003450112788175500080751e-04,-2.75120358596006983013175281530322e-03,-5.40809150330832596146953456824398e-03,-2.94680539996004374309897208880191e-03
5.45999999999999999999999999999999e+01,6.26505158678060129930192662314552e-04,-2.74193561366183142292233453351189e-03,-5.48117102801531407122799027657448e-03,-2.89952089874769778753387607648183e-03
5.46249999999999999999999999999998e+01,5.58076487934557292741828140144035e-04,-2.73229655928867139851258811979481e-03,-5.55306578149076771609487372935041e-03,-2.85202507177714184717154275354487e-03
5.46499999999999999999999999999998e+01,4.89893398249149149665643167883875e-04,-2.72228967561204679427995768918974e-03,-5.62377058334989058009013853638179e-03,-2.80432613837408836604241864906233e-03
5.46749999999999999999999999999993e+01,4.21965044276329133522440657738444e-04,-2.71191825548231247195670958409955e-03,-5.69328045858298682737500905553858e-03,-2.75643230902009215530343266053296e-03
5.46999999999999999999999999999998e+01,3.54300497855558622267675675588088e-04,-2.70118563113591447491276592829727e-03,-5.76159063731931432007666724024177e-03,-2.70835178415033494583409300365724e-03
5.47250000000000000000000000000000e+01,2.86908747035302369193162523109907e-04,-2.69009517349994791999738865849662e-03,-5.82869655456097364595774540640229e-03,-2.66009275295872996751213547162878e-03
5.47500000000000000000000000000002e+01,2.19798695114481620116800468755735e-04,-2.67865029149420517144112699556200e-03,-5.89459384988701777796447391057882e-03,-2.61166339221049194160288959129644e-03
5.47749999999999999999999999999997e+01,1.52979159701406088100376179098440e-04,-2.66685443133083941182139132417210e-03,-5.95927836712797079905497418883124e-03,-2.56307186506231607224320017124286e-03
5.47999999999999999999999999999992e+01,8.64588717902428887725613949956098e-05,-2.65471107581176347856747168075321e-03,-6.02274615401094769654308371701974e-03,-2.51432631989030814556860177840748e-03
5.48249999999999999999999999999999e+01,2.02464748550776245108720950104388e-05,-2.64222374362389758077324780797060e-03,-6.08499346177557076546415022735392e-03,-2.46543488912580642392258354435496e-03
5.48500000000000000000000000000001e+01,-4.56494760383799837503526694051805e-05,-2.62939598863237619200775668372293e-03,-6.14601674476088165762155849440586e-03,-2.41640568809923435993605806716317e-03
5.48750000000000000000000000000001e+01,-1.11220515103396283501303990257276e-04,-2.61623139917182571983918496427272e-03,-6.20581265996345156389595019617022e-03,-2.36724681389212112645951770267458e-03
5.48999999999999999999999999999996e+01,-1.76458266685072906903752785781384e-04,-2.60273359733582906527898460743646e-03,-6.26437806656689541402760560618750e-03,-2.31796634419742468379910111276815e-03
5.49249999999999999999999999999996e+01,-2.41354446095421189672585803237961e-04,-2.58890623826469762206085220883689e-03,-6.32171002544299931754350131367254e-03,-2.26857233618828985078548989685255e-03
5.49499999999999999999999999999998e+01,-3.05900860430611006201511901863986e-04,-2.57475300943167274753109203173845e-03,-6.37780579862467375537164240479763e-03,-2.21907282539537183224233188657426e-03
5.49750000000000000000000000000000e+01,-3.70089409370356263620157451129820e-04,-2.56027762992767650620971173866615e-03,-6.43266284875094827088077491851410e-03,-2.16947582459285391877933210625692e-03
5.50000000000000000000000000000000e+01,-4.33912085959402238398028320495741e-04,-2.54548384974472708042833144437188e-03,-6.48627883848422660688769648376670e-03,-2.11978932269328646348297283476480e-03
5.50249999999999999999999999999995e+01,-4.97360977371082770154225626090205e-04,-2.53037544905813026363963422120427e-03,-6.53865162990002439189395855173237e-03,-2.07002128365137253380049666648384e-03
5.50499999999999999999999999999994e+01,-5.60428265652918087392197656198079e-04,-2.51495623750755692094410246599810e-03,-6.58977928384941459002167444056027e-03,-2.02017964537682369581708663676059e-03
5.50750000000000000000000000000000e+01,-6.23106228454226798750830025936730e-04,-2.49923005347711761240819259159402e-03,-6.63966005929440898884110497624429e-03,-1.97027231865640722882142726890254e-03
5.50999999999999999999999999999999e+01,-6.85387239735728399320810810568300e-04,-2.48320076337454852008763474473408e-03,-6.68829241261650700368810839005526e-03,-1.92030718608530383022451387409943e-03
5.51249999999999999999999999999999e+01,-7.47263770461115531051059110604962e-04,-2.46687226090962544299463391505612e-03,-6.73567499689864602629676180224704e-03,-1.87029210100789271441719889612395e-03
5.51499999999999999999999999999999e+01,-8.08728389270578169042548639324493e-04,-2.45024846637192330556165105191992e-03,-6.78180666118079044293438706807657e-03,-1.82023488646807901824345908514433e-03
5.51749999999999999999999999999994e+01,-8.69773763136264823887087057056920e-04,-2.43333332590803685152570288460996e-03,-6.82668644968939929674947243756290e-03,-1.77014333416927657570249054352245e-03
5.51999999999999999999999999999999e+01,-9.30392657999668700217684152488647e-04,-2.41613081079837474296911903604098e-03,-6.87031360104101537306714981015614e-03,-1.72002520344415731522409550057958e-03
5.52249999999999999999999999999999e+01,-9.90577939390929511213870810516834e-04,-2.39864491673363580454261913275784e-03,-6.91268754742022124447034369412605e-03,-1.66988822023427665410359244251126e-03
5.52499999999999999999999999999998e+01,-1.05032257303004433966600833826666e-03,-2.38087966309107434191586057092327e-03,-6.95380791373221052199639178484539e-03,-1.61974007607968225103493327893568e-03
5.52749999999999999999999999999998e+01,-1.10961962540998361320909591984767e-03,-2.36283909221066215456191032088408e-03,-6.99367451673022521618371932995487e-03,-1.56958842711861133202905127526259e-03
5.52999999999999999999999999999993e+01,-1.16846226436171098277071091878098e-03,-2.34452726867125748080919570591213e-03,-7.03228736411811271442055106358924e-03,-1.51944089309737959041368870249778e-03
5.53249999999999999999999999999998e+01,-1.22684375960110868629939349191170e-03,-2.32594827856689386577165721248008e-03,-7.06964665362825842851308183038973e-03,-1.46930505639056247133856161570911e-03
5.53499999999999999999999999999999e+01,-1.28475748325781282102828429904249e-03,-2.30710622878330278756531969203937e-03,-7.10575277207515266031484162120933e-03,-1.41918846103156756669419813712929e-03
5.53750000000000000000000000000002e+01,-1.34219691038596577294811966620247e-03,-2.28800524627478179340246814591609e-03,-7.14060629438485267678535695516592e-03,-1.36909861175369489537430577544453e-03
5.53999999999999999999999999999997e+01,-1.39915561945689579472012116772303e-03,-2.26864947734151566859656611951598e-03,-7.17420798260060338185707033930942e-03,-1.31904297304177997790863910534570e-03
5.54249999999999999999999999999992e+01,-1.45562729283373635616874704327456e-03,-2.24904308690745404574713106618315e-03,-7.20655878486488232181216556047649e-03,-1.26902896819451272530489816983698e-03
5.54499999999999999999999999999999e+01,-1.51160571722800044906362011181225e-03,-2.22919025779884720700643388555777e-03,-7.23765983437813706144549651258702e-03,-1.21906397839752313904562074829277e-03
5.54750000000000000000000000000001e+01,-1.56708478413812758671486232915484e-03,-2.20909519002354348221349167059879e-03,-7.26751244833448521605055653583851e-03,-1.16915534180732262198580785215685e-03
5.55000000000000000000000000000001e+01,-1.62205849027002386850120196087533e-03,-2.18876210005115523867098786076989e-03,-7.29611812683464961549227895294930e-03,-1.11931035264618739579006488571550e-03
5.55249999999999999999999999999996e+01,-1.67652093793961819427845168723130e-03,-2.16819522009420322064776055643172e-03,-7.32347855177640321041078676892917e-03,-1.06953626030806825410894095030077e-03
5.55499999999999999999999999999996e+01,-1.73046633545746046017271187233728e-03,-2.14739879739034858584422248496372e-03,-7.34959558572280040968365083621896e-03,-1.01984026847560878319362994449912e-03
5.55749999999999999999999999999998e+01,-1.78388899749539025774528040249858e-03,-2.12637709348581814307355792522502e-03,-7.37447127074847356748112057420576e-03,-9.70229534248352277810286126432327e-04
5.56000000000000000000000000000000e+01,-1.83678334543530716983563940400177e-03,-2.10513438352012310901181591516596e-03,-7.39810782726427532126720853597684e-03,-9.20711167282215760745066185700402e-04
5.56250000000000000000000000000000e+01,-1.88914390770007621404211000878347e-03,-2.08367495551216822606560835708014e-03,-7.42050765282054941880013824047759e-03,-8.71292228940307601716969088060534e-04
5.56499999999999999999999999999995e+01,-1.94096532006660440015002227605731e-03,-2.06200310964784823191244814086111e-03,-7.44167332088931455843681355162626e-03,-8.21979731455163102174726160233384e-04
5.56749999999999999999999999999994e+01,-1.99224232596112682950705119695195e-03,-2.04012315756923186965826043251027e-03,-7.46160757962564759735824515950054e-03,-7.72780637102470086905134465837301e-04
5.57000000000000000000000000000000e+01,-2.04296977673674331723056789556969e-03,-2.01803942166543719688088171722548e-03,-7.48031335060855425361500302864647e-03,-7.23701857386354179622091471810055e-04
5.57249999999999999999999999999999e+01,-2.09314263193324913246046103520591e-03,-1.99575623436530296904614398341143e-03,-7.49779372756161714167655705190075e-03,-6.74750252236291226661121844988041e-04
5.57499999999999999999999999999999e+01,-2.14275595951930604424840622244138e-03,-1.97327793743195819379667042194078e-03,-7.51405197505371264264640607161906e-03,-6.25932629215712357809299679552943e-04
5.57749999999999999999999999999999e+01,-2.19180493611700235174585296247880e-03,-1.95060888125938697056224425110286e-03,-7.52909152718008972475610667131027e-03,-5.77255742742365358265496509766162e-04
5.57999999999999999999999999999994e+01,-2.24028484720885294549825807636763e-03,-1.92775342417108135634325638656961e-03,-7.54291598622410539886573747882988e-03,-5.28726293320494181058980789080709e-04
5.58249999999999999999999999999999e+01,-2.28819108732729274061735556274979e-03,-1.90471593172087362324355031272560e-03,-7.55552912129991301440459266513539e-03,-4.80350926784896386785461210816894e-04
5.58499999999999999999999999999999e+01,-2.33551916022671912568568306644254e-03,-1.88150077599604115773619484454461e-03,-7.56693486697640106782722267397036e-03,-4.32136233556916028550204717946540e-04
5.58749999999999999999999999999998e+01,-2.38226467903814144358587860129882e-03,-1.85811233492278045135668249174075e-03,-7.57713732188268160395999063382567e-03,-3.84088747912427133561443801606677e-04
5.58999999999999999999999999999998e+01,-2.42842336640649795987199973820682e-03,-1.83455499157414842792631684419823e-03,-7.58614074729542864061145080100795e-03,-3.36214947261860662516224914561805e-04
5.59249999999999999999999999999993e+01,-2.47399105461070322130530728050705e-03,-1.81083313348056811870429031289997e-03,-7.59394956570836834273860541430408e-03,-2.88521251442325776041949241749595e-04
5.59499999999999999999999999999998e+01,-2.51896368566649108782044092909642e-03,-1.78695115194299190920965402581730e-03,-7.60056835938422391969340470151795e-03,-2.41014022021874373539180281789369e-04
5.59749999999999999999999999999999e+01,-2.56333731141212099641239443874897e-03,-1.76291344134881133907234050405675e-03,-7.60600186888941942049963063617885e-03,-1.93699561615956038862376136964005e-04
5.60000000000000000000000000000002e+01,-2.60710809357701720347106915169455e-03,-1.73872439849059994976686262566570e-03,-7.61025499161184775632450771729883e-03,-1.46584113216108562759000348354854e-04
5.60249999999999999999999999999997e+01,-2.65027230383341291156579097846472e-03,-1.71438842188777582244657105605784e-03,-7.61333278026200938187447678897239e-03,-9.96738595309270496189642594268235e-05
5.60499999999999999999999999999992e+01,-2.69282632383107337532817334247163e-03,-1.68990991111127234631019927243526e-03,-7.61524044135782911411388473068366e-03,-5.29749223393523302141822774727001e-05
5.60749999999999999999999999999999e+01,-2.73476664521517431934282840025035e-03,-1.66529326611130751499460912715243e-03,-7.61598333369345955627967746752927e-03,-6.49336185631714503083304930499002e-06
5.61000000000000000000000000000001e+01,-2.77608986962741426315241971808354e-03,-1.64054288654834206389887579235835e-03,-7.61556696679238053008380705113501e-03,3.97648238892135430692751678923477e-05
5.61250000000000000000000000000001e+01,-2.81679270869044158360866461650627e-03,-1.61566317112731467344146884765115e-03,-7.61399699934510480347424793482187e-03,8.57936996637736876431096542047807e-05
5.61499999999999999999999999999996e+01,-2.85687198397567931006537116766509e-03,-1.59065851693523920327252689042452e-03,-7.61127923763180123853093644491798e-03,1.31587393626466193163349635990917e-04
5.61749999999999999999999999999996e+01,-2.89632462695463273286667945608899e-03,-1.56553331878224598533659852998410e-03,-7.60741963393014727429252201583772e-03,1.77140097913541201979967274059242e-04
5.61999999999999999999999999999998e+01,-2.93514767893376693401877572713589e-03,-1.54029196854614770643113081839431e-03,-7.60242428490872340018943031621712e-03,2.22446069210454028092908173398545e-04
5.62250000000000000000000000000000e+01,-2.97333829097304336105170693152707e-03,-1.51493885452061052282470422985119e-03,-7.59629943000626296417058974569855e-03,2.67499629311376280865654965212085e-04
5.62500000000000000000000000000000e+01,-3.01089372378820659320772904476841e-03,-1.48947836076701203743461458943793e-03,-7.58905144979707129373706254439091e-03,3.12295165666135899711901966076827e-04
5.62749999999999999999999999999995e+01,-3.04781134763691450098938031095835e-03,-1.46391486647006850758993053471978e-03,-7.58068686434292868840504438951552e-03,3.56827131914563937220936688552110e-04
5.62999999999999999999999999999994e+01,-3.08408864218880705712901267416931e-03,-1.43825274529731324108027692238283e-03,-7.57121233153179237084696929349263e-03,4.01090048408227937888580418228731e-04
5.63250000000000000000000000000000e+01,-3.11972319637961108587705127244363e-03,-1.41249636476250633599864074263441e-03,-7.56063464540361296366622342002106e-03,4.45078502719533679793500193965246e-04
5.63499999999999999999999999999999e+01,-3.15471270824938020819495220619328e-03,-1.38665008559305321328428412102111e-03,-7.54896073446358149098649706493118e-03,4.88787150138178936015955709468836e-04
5.63749999999999999999999999999999e+01,-3.18905498476497114199376764525870e-03,-1.36071826110150673784122160318110e-03,-7.53619765998312328872696804871239e-03,5.32210714154944833890075593255889e-04
5.63999999999999999999999999999999e+01,-3.22274794162685936288910728795090e-03,-1.33470523656122606957515507906453e-03,-7.52235261428895554327355785393196e-03,5.75343986932812378490460929777048e-04
5.64249999999999999999999999999994e+01,-3.25578960306039895389593239346706e-03,-1.30861534858626515420750810445820e-03,-7.50743291904052546354591812620789e-03,6.18181829765393757624626016008489e-04
5.64499999999999999999999999999999e+01,-3.28817810159163330452643077152617e-03,-1.28245292451556457672402265904531e-03,-7.49144602349614632506437443296913e-03,6.60719173522670120928849313648932e-04
5.64749999999999999999999999999999e+01,-3.31991167780776517468233136931275e-03,-1.25622228180152131704454047833422e-03,-7.47439950276814880659941286752074e-03,7.02951019084029571884684992138995e-04
5.64999999999999999999999999999998e+01,-3.35098868010239650162233108478812e-03,-1.22992772740301063064037051433068e-03,-7.45630105606736517167751899043073e-03,7.44872437758601083929562337696191e-04
5.65249999999999999999999999999998e+01,-3.38140756440565016226652955471246e-03,-1.20357355718293230444226037660104e-03,-7.43715850493726393071611883125852e-03,7.86478571692881937441658124316139e-04
5.65499999999999999999999999999993e+01,-3.41116689389928767103777484879648e-03,-1.17716405531035041323116394982136e-03,-7.41697979147805265674040871840727e-03,8.27764634265658103432120801791896e-04
5.65749999999999999999999999999998e+01,-3.44026533871693848210552684685615e-03,-1.15070349366729272499101827200804e-03,-7.39577297656106661915718502513252e-03,8.68725910470218834544876628282293e-04
5.65999999999999999999999999999999e+01,-3.46870167562955819554467646525935e-03,-1.12419613126027437451477388662158e-03,-7.37354623803376084496285086762880e-03,9.09357757283868625203403853959477e-04
5.66250000000000000000000000000002e+01,-3.49647478771623458344410272427670e-03,-1.09764621363661075335581206349505e-03,-7.35030786891562311301748181172184e-03,9.49655604024741689828648151321653e-04
5.66499999999999999999999999999997e+01,-3.52358366402046199262730959324851e-03,-1.07105797230558592105659997634634e-03,-7.32606627558532523288415456390240e-03,9.89614952695926139531977741577010e-04
5.66749999999999999999999999999992e+01,-3.55002739919200635149717961759645e-03,-1.04443562416454364601900316554408e-03,-7.30082997595942975511551356140568e-03,1.02923137831690703096138304431998e-03
5.66999999999999999999999999999999e+01,-3.57580519311448467771336730248769e-03,-1.01778337092996715486078396584239e-03,-7.27460759766296900672067717286423e-03,1.06850052924233934421578666393516e-03
5.67250000000000000000000000000001e+01,-3.60091635051878460127096253147092e-03,-9.91105398573610734159937443721351e-04,-7.24740787619221304690098196076977e-03,1.10741812746816371016658630800839e-03
5.67500000000000000000000000000001e+01,-3.62536028058245095004629834564374e-03,-9.64405876763742722120224941709057e-04,-7.21923965306994279630007432656751e-03,1.14597996892507941619061906937309e-03
5.67749999999999999999999999999996e+01,-3.64913649651516789739493970021996e-03,-9.37688958311556872118555907164600e-04,-7.19011187399354420807076296697864e-03,1.18418192375939097328613055112593e-03
5.67999999999999999999999999999996e+01,-3.67224461513046658569162894924986e-03,-9.10958778622808587969166734961924e-04,-7.16003358697623891890208405960063e-03,1.22201993660124639336615672387979e-03
5.68249999999999999999999999999998e+01,-3.69468435640378956555483508942573e-03,-8.84219455154733723720030697524954e-04,-7.12901394048176634000093178955903e-03,1.25949002682028728686013120565550e-03
5.68500000000000000000000000000000e+01,-3.71645554301704485143975360337152e-03,-8.57475086878308956857518488088122e-04,-7.09706218155283162056120904293271e-03,1.29658828876873285566723068894004e-03
5.68750000000000000000000000000000e+01,-3.73755809988978387150791842567901e-03,-8.30729753745912554151865598730679e-04,-7.06418765393363334078881407677468e-03,1.33331089201192171945824964244197e-03
5.68999999999999999999999999999995e+01,-3.75799205369713903528525026692440e-03,-8.03987516164442074895247621743354e-04,-7.03039979618678417138504033954813e-03,1.36965408154633722929699715625312e-03
5.69249999999999999999999999999994e+01,-3.77775753237465801274122549124070e-03,-7.77252414473942049212121950243756e-04,-6.99570813980493707476181138711233e-03,1.40561417800514353991908375652257e-03
5.69500000000000000000000000000000e+01,-3.79685476461017310292355670324238e-03,-7.50528468431791593607715803334367e-04,-6.96012230731742892130277043854009e-03,1.44118757785126133935852215300214e-03
5.69749999999999999999999999999999e+01,-3.81528407932284529851801885310389e-03,-7.23819676702500594438325970315283e-04,-6.92365201039225265015297107040668e-03,1.47637075355801386446779439445055e-03
5.69999999999999999999999999999999e+01,-3.83304590512952387214813354407116e-03,-6.97130016353163583458675293034969e-04,-6.88630704793366831541004792661998e-03,1.51116025377737567480335957351353e-03
5.70249999999999999999999999999999e+01,-3.85014076979856355373350501391138e-03,-6.70463442354621599761433858033495e-04,-6.84809730417576252318346970483995e-03,1.54555270349585853887601615938297e-03
5.70499999999999999999999999999994e+01,-3.86656929969124263278257239770951e-03,-6.43823887088382641938490838453338e-04,-6.80903274677226488325416827383669e-03,1.57954480417807059638857738556055e-03
5.70749999999999999999999999999999e+01,-3.88233221919092657031561891973729e-03,-6.17215259859349890602639800602517e-04,-6.76912342488292917379307567221434e-03,1.61313333389798663199085570284720e-03
5.70999999999999999999999999999999e+01,-3.89743035012012290063857536694975e-03,-5.90641446414404051674747162152798e-04,-6.72837946725678595213302027717507e-03,1.64631514745796885175478202341307e-03
5.71249999999999999999999999999998e+01,-3.91186461114557432277454716757002e-03,-5.64106308466883154120070465452201e-04,-6.68681108031257234077629191367010e-03,1.67908717649557908288426757962811e-03
5.71499999999999999999999999999998e+01,-3.92563601717153793699781059919826e-03,-5.37613683227001169538201755186303e-04,-6.64442854621664367506576524122938e-03,1.71144642957822491319850449775757e-03
5.71749999999999999999999999999993e+01,-3.93874567872139960765894841856782e-03,-5.11167382938246356649004288489356e-04,-6.60124222095867061500510178586115e-03,1.74338999228568398244119786520589e-03
5.71999999999999999999999999999998e+01,-3.95119480130777346168229327661586e-03,-4.84771194419800725984007472667038e-04,-6.55726253242542419653830081103857e-03,1.77491502728055238699056305689071e-03
5.72249999999999999999999999999999e+01,-3.96298468479123757317702107858655e-03,-4.58428878615022380724774618306581e-04,-6.51249997847295012692823211129635e-03,1.80601877436666487586033548085809e-03
5.72500000000000000000000000000002e+01,-3.97411672272785792287178506767211e-03,-4.32144170146031830958886570248036e-04,-6.46696512499743241649292460401085e-03,1.83669855053553613150250510619863e-03
5.72749999999999999999999999999997e+01,-3.98459240170565372732839257913169e-03,-4.05920776874441534818052691067668e-04,-6.42066860400504518759164712130751e-03,1.86695175000087393845422776892006e-03
5.72999999999999999999999999999992e+01,-3.99441330067015818349662316504617e-03,-3.79762379468265452410671088452669e-04,-6.37362111168109021345659513528438e-03,1.89677584422121649980269514830056e-03
5.73249999999999999999999999999999e+01,-4.00358109023922956440960652282122e-03,-3.53672630975043163874405319435466e-04,-6.32583340645871641463463772528616e-03,1.92616838191074763679190673228852e-03
5.73500000000000000000000000000001e+01,-4.01209753200726844624455396319674e-03,-3.27655156401211717182241892489899e-04,-6.27731630708751617835857694092204e-03,1.95512698903834514186033700071621e-03
5.73750000000000000000000000000001e+01,-4.01996447783899766880739788183688e-03,-3.01713552297757899186643661077674e-04,-6.22808069070229196464980293640062e-03,1.98364936881491913963522784121550e-03
5.73999999999999999999999999999996e+01,-4.02718386915296244873351282996953e-03,-2.75851386352183622203457535238033e-04,-6.17813749089228522169990240601196e-03,2.01173330166909889586464759270153e-03
5.74249999999999999999999999999996e+01,-4.03375773619490888093188444079777e-03,-2.50072196986816941078497349194481e-04,-6.12749769577115815273714055773823e-03,2.03937664521132804976227424202504e-03
5.74499999999999999999999999999998e+01,-4.03968819730119986774449786723115e-03,-2.24379492963500366567744582301097e-04,-6.07617234604801735878133349395159e-03,2.06657733418642970664366024310833e-03
5.74750000000000000000000000000000e+01,-4.04497745815242828785788773870475e-03,-1.98776752994686508789265352434742e-04,-6.02417253309976682819605241070306e-03,2.09333338041470422667277052497305e-03
5.75000000000000000000000000000000e+01,-4.04962781101738794171361762268854e-03,-1.73267425360968972189671006453164e-04,-5.97150939704507615590786954348997e-03,2.11964287272162391655131588013669e-03
5.75249999999999999999999999999995e+01,-4.05364163398756348178646057499474e-03,-1.47854927535074385193280352053299e-04,-5.91819412482024825280812976861795e-03,2.14550397685619020953080670542437e-03
5.75499999999999999999999999999994e+01,-4.05702139020230116351709656297971e-03,-1.22542645812340008319636648140175e-04,-5.86423794825726914871246211164174e-03,2.17091493539802032407116541671843e-03
5.75750000000000000000000000000000e+01,-4.05976962706482285444482091919974e-03,-9.73339349477007369736395087413682e-05,-5.80965214216432079967344749726914e-03,2.19587406765323181873045894939285e-03
5.75999999999999999999999999999999e+01,-4.06188897544924633332828260106136e-03,-7.22321177992092555256309300668587e-05,-5.75444802240903608212477344396077e-03,2.22037976953919488761396834413280e-03
5.76249999999999999999999999999999e+01,-4.06338214889877550477934409538473e-03,-4.72404849781130050132052532090809e-05,-5.69863694400477339267925325623251e-03,2.24443051345822363632034213341452e-03
5.76499999999999999999999999999999e+01,-4.06425194281522473889921810613938e-03,-2.23622945055108662726618941007401e-05,-5.64223029920018647452364690047442e-03,2.26802484816027891835902603303098e-03
5.76749999999999999999999999999994e+01,-4.06450123364004209849876277404959e-03,2.39922852438922963195948824294374e-06,-5.58523951557236326075946376021055e-03,2.29116139859475659087834983232079e-03
5.76999999999999999999999999999999e+01,-4.06413297802699671831809925256009e-03,2.70408922743928538434659312695155e-05,-5.52767605412380566307147800913883e-03,2.31383886575143628491548892653913e-03
5.77249999999999999999999999999999e+01,-4.06315021200669604496415537326149e-03,5.15595384878050511602388424566738e-05,-5.46955140738352034139147902795939e-03,2.33605602649066701500622611952896e-03
5.77499999999999999999999999999998e+01,-4.06155605014309904620949167824667e-03,7.59520428052642999518925429160899e-05,-5.41087709751248856647830260923206e-03,2.35781173336286720926056179789379e-03
5.77749999999999999999999999999998e+01,-4.05935368468219187905267457640761e-03,1.00215315074909296392363015349202e-04,-5.35166467441378133170814881756072e-03,2.37910491441741803288684382527159e-03
5.77999999999999999999999999999993e+01,-4.05654638469299288859499466480114e-03,1.24346299655863120792026605018937e-04,-5.29192571384758388222542567246118e-03,2.39993457300103018042615459318149e-03
5.78249999999999999999999999999998e+01,-4.05313749520105419673749590139629e-03,1.48341975715019421077670365765155e-04,-5.23167181555139180926423290849676e-03,2.42029978754566557762188864554535e-03
5.78499999999999999999999999999999e+01,-4.04913043631462751214840937578359e-03,1.72199357517116377720677381411815e-04,-5.17091460136563880637781511688538e-03,2.44019971134609662378455586865647e-03
5.78750000000000000000000000000002e+01,-4.04452870234366212294377519169166e-03,1.95915494708086394705042600052214e-04,-5.10966571336501410453137685731857e-03,2.45963357232718671664456179705907e-03
5.78999999999999999999999999999997e+01,-4.03933586091180330290079438332323e-03,2.19487472591671966078543805785313e-04,-5.04793681199572549607211535701542e-03,2.47860067280097687259739800699476e-03
5.79249999999999999999999999999992e+01,-4.03355555206155957522066779362118e-03,2.42912412399300027893412491327552e-04,-4.98573957421896172377320006961153e-03,2.49710038921366434240296622731498e-03
5.79499999999999999999999999999999e+01,-4.02719148735280745935374994737068e-03,2.66187471553207777407401058614564e-04,-4.92308569166080584951631785996030e-03,2.51513217188256026142961052646454e-03
5.79750000000000000000000000000001e+01,-4.02024744895480250418419449968769e-03,2.89309843922812691768819048965004e-04,-4.85998686876884902647927763247504e-03,2.53269554472311455264598315132227e-03
5.80000000000000000000000000000001e+01,-4.01272728873186559730374987183805e-03,3.12276760074319204146700401720027e-04,-4.79645482097575187855212612550769e-03,2.54979010496609746647357501365530e-03
5.80249999999999999999999999999996e+01,-4.00463492732291372355385546774433e-03,3.35085487513555102108437440467616e-04,-4.73250127286999844223100819491041e-03,2.56641552286502823555517009530576e-03
5.80499999999999999999999999999996e+01,-3.99597435321500449912541904246613e-03,3.57733330922032489443704103826687e-04,-4.66813795637408535162796808982027e-03,2.58257154139394232156713326139985e-03
5.80749999999999999999999999999999e+01,-3.98674962181106390619831676346470e-03,3.80217632386230580954073587550383e-04,-4.60337660893038664857819263120362e-03,2.59825797593558966522883519995051e-03
5.80999999999999999999999999999999e+01,-3.97696485449196669294837537776843e-03,4.02535771620099730517842575145467e-04,-4.53822897169493227798315328822078e-03,2.61347471396015728175915413274242e-03
5.81250000000000000000000000000000e+01,-3.96662423767313890243913778132994e-03,4.24685166180787207242969990254845e-04,-4.47270678773933598285642782746134e-03,2.62822171469461052303144236535774e-03
5.81499999999999999999999999999995e+01,-3.95573202185585197856591957739524e-03,4.46663271677585325063803170705223e-04,-4.40682180026110594267892389464512e-03,2.64249900878274835854568540244639e-03
5.81749999999999999999999999999994e+01,-3.94429252067337788582052648462593e-03,4.68467581974102273655848342804590e-04,-4.34058575080256910182341629751661e-03,2.65630669793606906498488668489372e-03
5.82000000000000000000000000000000e+01,-3.93231010993217466959191627644997e-03,4.90095629383656260582130987288328e-04,-4.27401037747863771260397461898819e-03,2.66964495457554369679872446781364e-03
5.82249999999999999999999999999999e+01,-3.91978922664827185482741872574759e-03,5.11544984857894822415077329219120e-04,-4.20710741321364417185548935298538e-03,2.68251402146439560277465079269839e-03
5.82499999999999999999999999999999e+01,-3.90673436807902500993994178804644e-03,5.32813258168643178223025273377412e-04,-4.13988858398746776302071648432508e-03,2.69491421133198507053059678882893e-03
5.82749999999999999999999999999999e+01,-3.89315009075040867913214864652283e-03,5.53898098082987575878637433523255e-04,-4.07236560709117442878443402809613e-03,2.70684590648889897438259324180525e-03
5.82999999999999999999999999999994e+01,-3.87904100948001671764869715829460e-03,5.74797192531601028804835584841225e-04,-4.00455018939238819222890013321907e-03,2.71830955843334612407049555796105e-03
5.83249999999999999999999999999999e+01,-3.86441179639593887070337807514498e-03,5.95508268770319428875735393129866e-04,-3.93645402561061031627617965389649e-03,2.72930568744895987892268373053599e-03
5.83499999999999999999999999999999e+01,-3.84926717995168223614491420146744e-03,6.16029093534976084334319234761085e-04,-3.86808879660269974097971915278772e-03,2.73983488219411047664643333939390e-03
5.83749999999999999999999999999998e+01,-3.83361194393730604865316966167601e-03,6.36357473189502894626354961151864e-04,-3.79946616765872576621654401629834e-03,2.74989779928283037825879733169785e-03
5.83999999999999999999999999999998e+01,-3.81745092648693801000718607897747e-03,6.56491253867307128121105577796290e-04,-3.73059778680840135484791349485495e-03,2.75949516285745671368767322460027e-03
5.84249999999999999999999999999993e+01,-3.80078901908284014911701263931725e-03,6.76428321605934185247388373966800e-04,-3.66149528313830282028635497737084e-03,2.76862776415309562511009838200547e-03
5.84499999999999999999999999999998e+01,-3.78363116555619191416586008350901e-03,6.96166602475028471802386817669793e-04,-3.59217026512007903403572530641043e-03,2.77729646105401397881654490149482e-03
5.84750000000000000000000000000000e+01,-3.76598236108475787547268504805832e-03,7.15704062697606085049324029653736e-04,-3.52263431894985064360331607665200e-03,2.78550217764206459161862424035186e-03
5.85000000000000000000000000000002e+01,-3.74784765118760706050787016045372e-03,7.35038708764654090158105387780642e-04,-3.45289900689899712884280454024261e-03,2.79324590373725181685973773549689e-03
5.85249999999999999999999999999997e+01,-3.72923213071705056535681047049759e-03,7.54168587543071717983132408475670e-04,-3.38297586567652684471390734300490e-03,2.80052869443054505074654246152261e-03
5.85499999999999999999999999999992e+01,-3.71014094284796369991169493312430e-03,7.73091786376969112983863193625519e-04,-3.31287640480322250055660974654589e-03,2.80735166960904842400289420580077e-03
5.85749999999999999999999999999999e+01,-3.69057927806465852885992841431042e-03,7.91806433182339673279333472667447e-04,-3.24261210499775181094367486334033e-03,2.81371601347363560797025083640077e-03
5.86000000000000000000000000000001e+01,-3.67055237314547226042104651545275e-03,8.10310696535122826147622160652334e-04,-3.17219441657493032220136629238355e-03,2.81962297404915927554205782678655e-03
5.86250000000000000000000000000001e+01,-3.65006551014523649894994008463513e-03,8.28602785752675319114849269515746e-04,-3.10163475785632067303419733152792e-03,2.82507386268734532345657629325689e-03
5.86499999999999999999999999999996e+01,-3.62912401537579190703812526119327e-03,8.46680950968670592875975055716940e-04,-3.03094451359334978823804956629810e-03,2.83007005356248250378711313696202e-03
5.86749999999999999999999999999996e+01,-3.60773325838471231531034219809419e-03,8.64543483201447217842093347774451e-04,-2.96013503340312273159034674026365e-03,2.83461298316001864909384354194522e-03
5.86999999999999999999999999999999e+01,-3.58589865093240177941841370932524e-03,8.82188714415828430506037064698526e-04,-2.88921763021710915762942584556027e-03,2.83870414975817521775922644485405e-03
5.87249999999999999999999999999999e+01,-3.56362564596772752463866392668761e-03,8.99615017578435394455809801089300e-04,-2.81820357874287550205592715855359e-03,2.84234511290269243039466962304050e-03
5.87500000000000000000000000000000e+01,-3.54091973660235114919024598346352e-03,9.16820806706517088197236238675265e-04,-2.74710411393903323700517209276318e-03,2.84553749287481780133892784783556e-03
5.87749999999999999999999999999995e+01,-3.51778645508391988150710707116653e-03,9.33804536910320036032311542899614e-04,-2.67593042950357069095216165179920e-03,2.84828297015265137379043223278784e-03
5.87999999999999999999999999999994e+01,-3.49423137176827909861101734133910e-03,9.50564704429021798822171505765982e-04,-2.60469367637573309441941215278153e-03,2.85058328486596142981760268797739e-03
5.88250000000000000000000000000000e+01,-3.47026009409086670049373115568667e-03,9.67099846660253358952245627706967e-04,-2.53340496125161266306277787718487e-03,2.85244023624458486525356646458810e-03
5.88499999999999999999999999999999e+01,-3.44587826553744928795674885571997e-03,9.83408542183237070505588675825716e-04,-2.46207534511360767009053278766909e-03,2.85385568206052680582557869171618e-03
5.88749999999999999999999999999999e+01,-3.42109156461435940591529859354564e-03,9.99489410775568272462123003411455e-04,-2.39071584177390659088466847256200e-03,2.85483153806387441533956263338415e-03
5.88999999999999999999999999999999e+01,-3.39590570381839239890139935279268e-03,1.01534111342366958547250305064870e-03,-2.31933741643215052418562937223104e-03,2.85536977741264022769746203038893e-03
5.89249999999999999999999999999994e+01,-3.37032642860652069493565958277996e-03,1.03096235232694724326266847001915e-03,-2.24795098424742420602033427379030e-03,2.85547243009665072598105369523021e-03
5.89499999999999999999999999999999e+01,-3.34435951636558259974248029422472e-03,1.04635187089567885030463366528048e-03,-2.17656740892472303459201356631505e-03,2.85514158235559627864804702421170e-03
5.89749999999999999999999999999999e+01,-3.31801077538210194629813496703068e-03,1.06150845374266221899789652144843e-03,-2.10519750131604061705614129761149e-03,2.85437937609135889842720714454674e-03
5.89999999999999999999999999999998e+01,-3.29128604381239419396678062087195e-03,1.07643092666865580021944795356127e-03,-2.03385201803621843356078291517533e-03,2.85318800827473459262684662585658e-03
5.90249999999999999999999999999998e+01,-3.26419118865311379138936105009746e-03,1.09111815664164265649727893363740e-03,-1.96254166009369629149750781415709e-03,2.85156973034666732401219601570074e-03
5.90499999999999999999999999999993e+01,-3.23673210471239679829030851137967e-03,1.10556905176995151113177455947251e-03,-1.89127707153629931465495293762945e-03,2.84952684761411182202445394099081e-03
5.90749999999999999999999999999998e+01,-3.20891471358175190683381550789908e-03,1.11978256126926959481129333933708e-03,-1.82006883811219427822695627829828e-03,2.84706171864064270678540342283058e-03
5.91000000000000000000000000000000e+01,-3.18074496260885212748372795431712e-03,1.13375767542358251659260878437079e-03,-1.74892748594614516106049490320645e-03,2.84417675463192763210414588477215e-03
5.91250000000000000000000000000002e+01,-3.15222882387137852329503474704607e-03,1.14749342554007638234513895978733e-03,-1.67786348023119484065158620194313e-03,2.84087441881618241056062887716092e-03
5.91499999999999999999999999999997e+01,-3.12337229315206649670990014697627e-03,1.16098888389803738831479961267749e-03,-1.60688722393589690424511586697106e-03,2.83715722581972632295119247956033e-03
5.91749999999999999999999999999992e+01,-3.09418138891510424719813951863223e-03,1.17424316369178463293839405841037e-03,-1.53600905652721859184576918804757e-03,2.83302774103775600336895087931554e-03
5.91999999999999999999999999999999e+01,-3.06466215128403211095837607786009e-03,1.18725541896767305715224752170980e-03,-1.46523925270923292546216646452193e-03,2.82848858000045641855062640234635e-03
5.92250000000000000000000000000001e+01,-3.03482064102129055228170904763873e-03,1.20002484455520492977456254389220e-03,-1.39458802117771511484733148865356e-03,2.82354240773456754415783053571573e-03
5.92500000000000000000000000000001e+01,-3.00466293850956359839293382386160e-03,1.21255067599228959940267113102228e-03,-1.32406550339075536400727778999726e-03,2.81819193812052541691651618900280e-03
5.92749999999999999999999999999996e+01,-2.97419514273506350631004663488169e-03,1.22483218944469194525250050855988e-03,-1.25368177235549723462401750579239e-03,2.81243993324529633794297093221464e-03
5.92999999999999999999999999999996e+01,-2.94342337027290143703878320751558e-03,1.23686870161971009381847176980772e-03,-1.18344683143110775170190781120298e-03,2.80628920275102311998693154199463e-03
5.93249999999999999999999999999999e+01,-2.91235375427468789914394240046793e-03,1.24865956967412292288228210991022e-03,-1.11337061314808246296747822589190e-03,2.79974260317960238330209785448540e-03
5.93499999999999999999999999999999e+01,-2.88099244345850570850373777758920e-03,1.26020419111644813800524846865176e-03,-1.04346297804398568741957661012936e-03,2.79280303731331197672252918822347e-03
5.93750000000000000000000000000000e+01,-2.84934560110139718224767027684911e-03,1.27150200370355252700197242079241e-03,-9.73733713515723211230777669266106e-04,2.78547345351160761364228496593358e-03
5.93999999999999999999999999999995e+01,-2.81741940403450622963852417327084e-03,1.28255248533165723321732969386962e-03,-9.04192532688441712343771291537916e-04,2.77775684504420777669205195097451e-03
5.94249999999999999999999999999994e+01,-2.78522004164101491554205066704684e-03,1.29335515392178213026704290678210e-03,-8.34849073301146219450628717645772e-04,2.76965624942058589017898909001304e-03
5.94500000000000000000000000000000e+01,-2.75275371485701295822424936867749e-03,1.30390956729967424381886814660386e-03,-7.65712896609123936663443349185412e-04,2.76117474771598871483602931153223e-03
5.94749999999999999999999999999999e+01,-2.72002663517543749413009853285171e-03,1.31421532307026553559750284267803e-03,-6.96793486303259791668365460554712e-04,2.75231546389409989340953552112371e-03
5.94999999999999999999999999999999e+01,-2.68704502365321930830529666684957e-03,1.32427205848670544444212515066188e-03,-6.28100247446326092207825993311821e-04,2.74308156412646755156590304594305e-03
5.95249999999999999999999999999999e+01,-2.65381510992177059298023344404382e-03,1.33407945031401372710403826372977e-03,-5.59642505426325703665505681529786e-04,2.73347625610881480821871789023978e-03
5.95499999999999999999999999999994e+01,-2.62034313120094815300518592203422e-03,1.34363721468739962862584541266728e-03,-4.91429504926965190284326923276334e-04,2.72350278837435195247553907584541e-03
5.95749999999999999999999999999999e+01,-2.58663533131662481594088804234186e-03,1.35294510696529426616955565592961e-03,-4.23470408915331395330764940628840e-04,2.71316444960420890146855483496535e-03
5.95999999999999999999999999999999e+01,-2.55269795972200061971805331582995e-03,1.36200292157714412987393846383654e-03,-3.55774297646841972266085333955095e-04,2.70246456793510638312093660578947e-03
5.96249999999999999999999999999998e+01,-2.51853727052278414132587044586734e-03,1.37081049186601450996451122067599e-03,-2.88350167687537420078433971563666e-04,2.69140651026438411333840831067743e-03
5.96499999999999999999999999999998e+01,-2.48415952150637310150004028841949e-03,1.37936768992605226548350858384406e-03,-2.21206930953779221292029078327175e-04,2.67999368155250407030045921375192e-03
5.96749999999999999999999999999993e+01,-2.44957097317516214072692403868873e-03,1.38767442643485765654997465200594e-03,-1.54353413769415730636320286322220e-04,2.66822952412314680469208437592745e-03
5.96999999999999999999999999999998e+01,-2.41477788778410441676220252474615e-03,1.39573065048081512804139763134957e-03,-8.77983559404745160484609322523131e-05,2.65611751696101854766508811166703e-03
5.97250000000000000000000000000000e+01,-2.37978652838265242408356814429292e-03,1.40353634938543317028379066356531e-03,-2.15504098474369121434138443748690e-05,2.64366117500748667195752339741110e-03
5.97500000000000000000000000000002e+01,-2.34460315786120217734856114670358e-03,1.41109154852074384136603856612950e-03,4.43818604448523896426488221941844e-05,2.63086404845416081937895133116218e-03
5.97749999999999999999999999999997e+01,-2.30923403800216362795923102127638e-03,1.41839631112181323391823983582932e-03,1.09989980059590819496347384351956e-04,2.61772972203453673488826513254870e-03
5.97999999999999999999999999999992e+01,-2.27368542853577889048179449482096e-03,1.42545073809441499295360613793254e-03,1.75265564162691503899807215598826e-04,2.60426181431381955572245761225765e-03
5.98249999999999999999999999999999e+01,-2.23796358620080854307277856776870e-03,1.43225496781791975666983136934654e-03,2.40200318799680879151724580493295e-04,2.59046397697704300495303234242952e-03
5.98500000000000000000000000000001e+01,-2.20207476381020493686734167702096e-03,1.43880917594345393858404545148591e-03,3.04786041714779193833903756827258e-04,2.57633989411560063791469843807733e-03
5.98750000000000000000000000000001e+01,-2.16602520932189010988648202863747e-03,1.44511357518738154706238825441873e-03,3.69014623152125650237792562985469e-04,2.56189328151230498500186313558309e-03
5.98999999999999999999999999999996e+01,-2.12982116491475455720116142427138e-03,1.45116841512016284379348088757818e-03,4.32878046639112826930273543471302e-04,2.54712788592509011743115722701085e-03
5.99249999999999999999999999999996e+01,-2.09346886606999176272872059275608e-03,1.45697398195064377654585339378780e-03,4.96368389751797908626669676483580e-04,2.53204748436947282395190142309966e-03
5.99499999999999999999999999999999e+01,-2.05697454065788204581479658180959e-03,1.46253059830583047681017077504977e-03,5.59477824862361124709306199015013e-04,2.51665588339988721911745934284622e-03
5.99749999999999999999999999999999e+01,-2.02034440803013791096775171755521e-03,1.46783862300620375284538113592074e-03,6.22198619868584663340377100291832e-04,2.50095691839000720707511884579352e-03
6.00000000000000000000000000000000e+01,-1.98358467811792170583233979399319e-03,1.47289845083662931137676635163842e-03,6.84523138905328183511805635809359e-04,2.48495445281217080599884125706203e-03
6.00249999999999999999999999999995e+01,-1.94670155053564498965103850497674e-03,1.47771051231292016125848629648796e-03,7.46443843037979892144154967286543e-04,2.46865237751601990911874280821740e-03
6.00499999999999999999999999999994e+01,-1.90970121369065759712027673831171e-03,1.48227527344410807365991661996319e-03,8.07953290937864987373060936652555e-04,2.45205461000646862892271824752523e-03
6.00750000000000000000000000000000e+01,-1.87258984389893295911505414967085e-03,1.48659323549048105832661990042331e-03,8.69044139539596092484162640170414e-04,2.43516509372111294324824391927502e-03
6.00999999999999999999999999999999e+01,-1.83537360450685481871841607190421e-03,1.49066493471744374511598525480274e-03,9.29709144680353117519768999248852e-04,2.41798779730719392666490117571091e-03
6.01249999999999999999999999999999e+01,-1.79805864501920905858041975798476e-03,1.49449094214525762392054207076170e-03,9.89941161721082787008576827277845e-04,2.40052671389822639278794938616257e-03
6.01499999999999999999999999999999e+01,-1.76065110023348292751903468751297e-03,1.49807186329471849859540824553570e-03,1.04973314614961086184040201532516e-03,2.38278586039040428164463603952659e-03
6.01749999999999999999999999999994e+01,-1.72315708938057251181220675004110e-03,1.50140833792882922456966748294707e-03,1.10907815416566286015725870457209e-03,2.36476927671889360167403533299093e-03
6.01999999999999999999999999999999e+01,-1.68558271527199783487292553094430e-03,1.50450103979052657629760229730874e-03,1.16796934324779184558662632324119e-03,2.34648102513412319193279276704967e-03
6.02250000000000000000000000000000e+01,-1.64793406345372349038784436330415e-03,1.50735067633652162435317362319182e-03,1.22639997270221460094876277557310e-03,2.32792518947818302462517181239439e-03
6.02499999999999999999999999999998e+01,-1.61021720136668122700711326511993e-03,1.50995798846731314230201350364857e-03,1.28436340419356024184817352652775e-03,2.30910587446143923136721645130119e-03
6.02749999999999999999999999999998e+01,-1.57243817751408941623729808818245e-03,1.51232375025343342172923043599823e-03,1.34185310225753804749453060787959e-03,2.29002720493947450340510665443306e-03
6.02999999999999999999999999999993e+01,-1.53460302063566285276350862123532e-03,1.51444876865798574780264540672329e-03,1.39886263479553399556897556602915e-03,2.27069332519046196871167777815633e-03
6.03249999999999999999999999999998e+01,-1.49671773888880485380309131601620e-03,1.51633388325553295581497089765505e-03,1.45538567355114818336236705826123e-03,2.25110839819308006952622917885438e-03
6.03500000000000000000000000000000e+01,-1.45878831903687213252807761389328e-03,1.51797996594739701804916079085989e-03,1.51141599456868799785685999501875e-03,2.23127660490507534697644793586598e-03
6.03750000000000000000000000000002e+01,-1.42082072564460141302137521014863e-03,1.51938792067343031255925219544920e-03,1.56694747863363456207455806197282e-03,2.21120214354257939613534316458779e-03
6.03999999999999999999999999999997e+01,-1.38282090028078523020576891504978e-03,1.52055868312031979372217142115704e-03,1.62197411169510263347229537650478e-03,2.19088922886028560557544376024985e-03
6.04249999999999999999999999999992e+01,-1.34479476072828282415761671970209e-03,1.52149322042648550519954129154501e-03,1.67648998527031676248945150862890e-03,2.17034209143259065554795780196173e-03
6.04499999999999999999999999999999e+01,-1.30674820020145050310851339850889e-03,1.52219253088363477139906400771638e-03,1.73048929683112913582251234735245e-03,2.14956497693580511808357374931430e-03
6.04750000000000000000000000000001e+01,-1.26868708657107431871189386781961e-03,1.52265764363503320588827960030448e-03,1.78396635017260712965959246382240e-03,2.12856214543153686520163247761322e-03
6.05000000000000000000000000000001e+01,-1.23061726159688636951220210102394e-03,1.52288961837055365940148109895454e-03,1.83691555576372118254952678351817e-03,2.10733787065135032863021670783714e-03
6.05249999999999999999999999999996e+01,-1.19254454016774451736635088946508e-03,1.52288954501856452699092475705616e-03,1.88933143108016616500730963547421e-03,2.08589643928280395622972768221058e-03
6.05499999999999999999999999999996e+01,-1.15447470954955375974682167796808e-03,1.52265854343471935294517783383274e-03,1.94120860091935197253464071431718e-03,2.06424215025696748305211928271665e-03
6.05749999999999999999999999999998e+01,-1.11641352864100594571303152618490e-03,1.52219776308771017766887788270429e-03,1.99254179769760159994692476113608e-03,2.04237931403751989618120799255000e-03
6.06000000000000000000000000000000e+01,-1.07836672723721295815086878962086e-03,1.52150838274204734838303848767561e-03,2.04332586172959746768069182018061e-03,2.02031225191152823842721284973153e-03
6.06250000000000000000000000000000e+01,-1.04034000530130691644504305383531e-03,1.52059161013792850940071976922765e-03,2.09355574149011926530857263507768e-03,1.99804529528200667071885733471668e-03
6.06499999999999999999999999999995e+01,-1.00233903224407938788608218267566e-03,1.51944868166825932093393865729113e-03,2.14322649385811905393153077853854e-03,1.97558278496235448682648308600519e-03
6.06749999999999999999999999999994e+01,-9.64369446211730034255234894006873e-04,1.51808086205288833288552748505887e-03,2.19233328434318182722244990079425e-03,1.95292907047277103085073336503210e-03
6.07000000000000000000000000000000e+01,-9.26436853381793558941978888018727e-04,1.51648944401011851113086840398067e-03,2.24087138729442217007778560166703e-03,1.93008850933874469680179451106378e-03
6.07249999999999999999999999999999e+01,-8.88546827267312254382825185917961e-04,1.51467574792555818665329294511917e-03,2.28883618609187007338436723509693e-03,1.90706546639171239155711253322637e-03
6.07499999999999999999999999999999e+01,-8.50704908029319875859353299439839e-04,1.51264112151837455289504111149196e-03,2.33622317332040136278155331497267e-03,1.88386431307198502864359599968524e-03
6.07749999999999999999999999999999e+01,-8.12916601797700985757444756845301e-04,1.51038693950501311444402744995912e-03,2.38302795092627057827156357446009e-03,1.86048942673403380370744052583446e-03
6.07999999999999999999999999999994e+01,-7.75187380000488325673297975318963e-04,1.50791460326044658954069266135107e-03,2.42924623035630650013660254911720e-03,1.83694518995423118979153819721601e-03
6.08249999999999999999999999999999e+01,-7.37522678701659186856585523378898e-04,1.50522554047701669582522782987510e-03,2.47487383267983285493538396820272e-03,1.81323598984113977859458904719303e-03
6.08500000000000000000000000000000e+01,-6.99927897947490165638667994105578e-04,1.50232120482093209804014098780902e-03,2.51990668869337905328149263013258e-03,1.78936621734844127342563539141107e-03
6.08749999999999999999999999999998e+01,-6.62408401121528110088553958707991e-04,1.49920307558648568929508213587508e-03,2.56434083900824810831808854483960e-03,1.76534026659059710166409520104381e-03
6.08999999999999999999999999999998e+01,-6.24969514308233484913486384865935e-04,1.49587265734805439578353372654131e-03,2.60817243412101115980600977095004e-03,1.74116253416133125589699784722619e-03
6.09249999999999999999999999999993e+01,-5.87616525665350800209779834630773e-04,1.49233147960994484350155201926569e-03,2.65139773446700028304811911878337e-03,1.71683741845502509687416318498492e-03
6.09499999999999999999999999999998e+01,-5.50354684805059163563678513334630e-04,1.48858109645414843570308780919873e-03,2.69401311045687349413363060087497e-03,1.69236931899111296508115627907675e-03
6.09750000000000000000000000000000e+01,-5.13189202183954423979532344948241e-04,1.48462308618606955598188049329115e-03,2.73601504249632807303245762501907e-03,1.66776263574156655764675979037255e-03
6.10000000000000000000000000000002e+01,-4.76125248501912782484003229539217e-04,1.48045905097829064585671353822982e-03,2.77740012098904051385423501926327e-03,1.64302176846155513644943688772972e-03
6.10249999999999999999999999999997e+01,-4.39167954109884151783212781954196e-04,1.47609061651243778463285409184664e-03,2.81816504632291357708063680576577e-03,1.61815111602336774025449316611745e-03
6.10499999999999999999999999999992e+01,-4.02322408426661959313032267236032e-04,1.47151943161921018290393185272168e-03,2.85830662883971306167464305717997e-03,1.59315507575368267391048889083465e-03
6.10749999999999999999999999999999e+01,-3.65593659364674505397244364348852e-04,1.46674716791663680458124603705071e-03,2.89782178878817903542738959682812e-03,1.56803804277426863562207606864501e-03
6.11000000000000000000000000000001e+01,-3.28986712764841409067805804598572e-04,1.46177551944662326219611902563713e-03,2.93670755626069835936419603796602e-03,1.54280440934620091541896870105991e-03
6.11250000000000000000000000000001e+01,-2.92506531840537094660523307096346e-04,1.45660620230985221612532546107884e-03,2.97496107111362741609145391101938e-03,1.51745856421767515427417034024358e-03
6.11499999999999999999999999999996e+01,-2.56158036630701689423184676814568e-04,1.45124095429910067594304329548227e-03,3.01257958287135600227875349249254e-03,1.49200489197550019827393588870377e-03
6.11749999999999999999999999999996e+01,-2.19946103462138115747654269695692e-04,1.44568153453103771122774201040182e-03,3.04956045061420537183650596303906e-03,1.46644777240035062265088899615081e-03
6.11999999999999999999999999999998e+01,-1.83875564421032574370660159632582e-04,1.43992972307656601174089766875943e-03,3.08590114285025541873301098829790e-03,1.44079157982585854196834931134405e-03
6.12250000000000000000000000000000e+01,-1.47951206833734031836233882676809e-04,1.43398732058977047887462955000857e-03,3.12159923737119796684476755806230e-03,1.41504068250162336599577274441250e-03
6.12500000000000000000000000000000e+01,-1.12177772756826750279424511379309e-04,1.42785614793553668940764125580890e-03,3.15665242109231508873801030994605e-03,1.38919944196021720057509894104456e-03
6.12749999999999999999999999999995e+01,-7.65599584765283301661829331462179e-05,1.42153804581590181276813761496340e-03,3.19105848987668330564518899616514e-03,1.36327221238826262067001915267409e-03
6.12999999999999999999999999999994e+01,-4.11024140174441733652217406903891e-05,1.41503487439520049420811988358120e-03,3.22481534834370642674366979020895e-03,1.33726334000165855282593391528548e-03
6.13250000000000000000000000000000e+01,-5.80974266070771004945911788661412e-06,1.40834851292406831578388755098642e-03,3.25792100966208166671451149373239e-03,1.31117716242502899740034899925048e-03
6.13499999999999999999999999999999e+01,2.93134995284658341045163367748357e-05,1.40148085936236556959709516674197e-03,3.29037359532730553612541331713157e-03,1.28501800807546830518826663109286e-03
6.13749999999999999999999999999999e+01,6.42628041637859224559562899398374e-05,1.39443383000108405264750204345365e-03,3.32217133492382782935485941449935e-03,1.25879019555065570866586605307722e-03
6.13999999999999999999999999999999e+01,9.90337109914288007290516035505586e-05,1.38720935908329934168009278304018e-03,3.35331256587196383967264569373425e-03,1.23249803302141080046423878775839e-03
6.14249999999999999999999999999994e+01,1.33621808334092112660305754086925e-04,1.37980939842423059972866862287076e-03,3.38379573315967671086112804515515e-03,1.20614581762876064755277534392101e-03
6.14499999999999999999999999999999e+01,1.68022733525540497624915210587232e-04,1.37223591703046957479509320101260e-03,3.41361938905934358936828258958843e-03,1.17973783488558821890266818155241e-03
6.14750000000000000000000000000000e+01,2.02232173335622168196978081971628e-04,1.36449090071844022904307404526719e-03,3.44278219282962097012946539438505e-03,1.15327835808293077727248220879554e-03
6.14999999999999999999999999999998e+01,2.36245864385738000981392839504213e-04,1.35657635173215041449759290806478e-03,3.47128291040252633241719298929556e-03,1.12677164770099583966662485375664e-03
6.15249999999999999999999999999998e+01,2.70059593554746210330231549865108e-04,1.34849428836029707658678966900710e-03,3.49912041405585483897374408799287e-03,1.10022195082496125280293276483562e-03
6.15499999999999999999999999999993e+01,3.03669198375287211698766956732618e-04,1.34024674455278644559674291500558e-03,3.52629368207105152209346216137205e-03,1.07363350056562487125013054319330e-03
6.15749999999999999999999999999998e+01,3.37070567420514815541483347594223e-04,1.33183576953673045252029101889233e-03,3.55280179837666100436065726432696e-03,1.04701051548496827521218900309932e-03
6.16000000000000000000000000000000e+01,3.70259640681221418696924251966287e-04,1.32326342743198019941680235186778e-03,3.57864395217747839962814648845720e-03,1.02035719902669792171323556704231e-03
6.16250000000000000000000000000002e+01,4.03232409933346375166449347725411e-04,1.31453179686625686089001012829950e-03,3.60381943756952661162558667475307e-03,9.93677738951826078265000855569716e-04
6.16499999999999999999999999999997e+01,4.35984919095858232923162758398307e-04,1.30564297058994004702434257500071e-03,3.62832765314098679313742642830489e-03,9.66976306779352831180011253439330e-04
6.16749999999999999999999999999992e+01,4.68513264579003021693550924922215e-04,1.29659905509057348777171022738493e-03,3.65216810155921024759983549588061e-03,9.40257057232109386494025762848806e-04
6.16999999999999999999999999999999e+01,5.00813595622912272441354650517693e-04,1.28740217020714784735082234022906e-03,3.67534038914394154683721155460254e-03,9.13524127687821794099639061987300e-04
6.17250000000000000000000000000001e+01,5.32882114626565943864241239288626e-04,1.27805444874422040903448667888625e-03,3.69784422542688410328667500479412e-03,8.86781637635453135338897268330873e-04
6.17500000000000000000000000000001e+01,5.64715077467106922527314652577604e-04,1.26855803608593116677986193166196e-03,3.71967942269774087249382678061340e-03,8.60033688136881130046355452261032e-04
6.17749999999999999999999999999996e+01,5.96308793809505247352005209434913e-04,1.25891508980997449403640810186765e-03,3.74084589553686427210042182579579e-03,8.33284361293967042906406954666963e-04
6.17999999999999999999999999999996e+01,6.27659627406571682781601737837623e-04,1.24912777930158510587392182241808e-03,3.76134366033465078712645998549861e-03,8.06537719721070695195624823002110e-04
6.18249999999999999999999999999998e+01,6.58763996389321727339492204342396e-04,1.23919828536759660545985720776717e-03,3.78117283479781708801879079271130e-03,7.79797806023065307500552903101433e-04
6.18500000000000000000000000000000e+01,6.89618373547692597387873156269872e-04,1.22912879985063059185619769690437e-03,3.80033363744269581744215826058247e-03,7.53068642278904805970162507113065e-04
6.18750000000000000000000000000000e+01,7.20219286601617172638287667310116e-04,1.21892152524347410358666686664243e-03,3.81882638707569050381107341591010e-03,7.26354229530795120055521773645687e-04
6.18999999999999999999999999999995e+01,7.50563318462460332347457793757219e-04,1.20857867430370301054493783526329e-03,3.83665150226103033388932521100085e-03,6.99658547279019890098866608081350e-04
6.19249999999999999999999999999994e+01,7.80647107484824548995274427820202e-04,1.19810246966860875497050658063532e-03,3.85380950077596676339217543948322e-03,6.72985552982469896007915823722364e-04
6.19500000000000000000000000000000e+01,8.10467347708733037528444463899662e-04,1.18749514347048552548024049347362e-03,3.87030099905355516353219079467703e-03,6.46339181564924417170503477441569e-04
6.19749999999999999999999999999999e+01,8.40020789092200180304545231139305e-04,1.17675893695233453337252225514813e-03,3.88612671161316589299010973233873e-03,6.19723344927131636827453312445359e-04
6.19999999999999999999999999999999e+01,8.69304237734200358884182918377231e-04,1.16589610008404160392645422963609e-03,3.90128745047887034890604048167884e-03,5.93141931464734105998805974114108e-04
6.20249999999999999999999999999999e+01,8.98314556088047723642870727436712e-04,1.15490889117908386632811172082239e-03,3.91578412458584868707688517376431e-03,5.66598805592084177821096177281703e-04
6.20499999999999999999999999999994e+01,9.27048663165200822137014541171219e-04,1.14379957651182096872752312512649e-03,3.92961773917496701043188254112038e-03,5.40097807271993211194023073102822e-04
6.20749999999999999999999999999999e+01,9.55503534729507389153105519429540e-04,1.13257042993542595967044275211896e-03,3.94278939517567290586763093659866e-03,5.13642751551457225115373861822020e-04
6.21000000000000000000000000000000e+01,9.83676203481905976734040143270496e-04,1.12122373250051072232035012098387e-03,3.95530028857735926256946246906309e-03,4.87237428103400566191250662940131e-04
6.21249999999999999999999999999998e+01,1.01156375923560247121464692913820e-03,1.10976177207450056311732775623259e-03,3.96715170978934733004393728037126e-03,4.60885600774478035306083232886989e-04
6.21499999999999999999999999999998e+01,1.03916334908174090499336585082636e-03,1.09818684296181219357188236042163e-03,3.97834504298964097132287107127784e-03,4.34591007138974806943108722612790e-04
6.21749999999999999999999999999993e+01,1.06647217754558932124257239411275e-03,1.08650124552488889290179863512018e-03,3.98888176546260503626617005665737e-03,4.08357358058842365266454320341371e-04
6.21999999999999999999999999999998e+01,1.09348750673326278819297823072120e-03,1.07470728580614613687865283396391e-03,3.99876344692572172163549876782710e-03,3.82188337249907572169907916529223e-04
6.22250000000000000000000000000000e+01,1.12020665646900698554645973003080e-03,1.06280727515088049064688015578847e-03,4.00799174884557969860635225088635e-03,3.56087600854290871056127962184129e-04
6.22500000000000000000000000000002e+01,1.14662700442306710014705349299613e-03,1.05080352983119414886550259390447e-03,4.01656842374325167454134319746938e-03,3.30058777019068514237717103139278e-04
6.22749999999999999999999999999997e+01,1.17274598623016807339144272876483e-03,1.03869837067098717867940930767040e-03,4.02449531448921691405038242395672e-03,3.04105465481212581859572930296747e-04
6.22999999999999999999999999999992e+01,1.19856109559863354068895911097155e-03,1.02649412267206923469415290903740e-03,4.03177435358798607454072491933609e-03,2.78231237158841438817322949657391e-04
6.23249999999999999999999999999999e+01,1.22406988441017209363496407613525e-03,1.01419311464144219057742932155517e-03,4.03840756245258651362524354282132e-03,2.52439633748812157239209706738396e-04
6.23500000000000000000000000000001e+01,1.24926996281036077657992748704575e-03,1.00179767881980470485458872316547e-03,4.04439705066906700001725774648736e-03,2.26734167330685318809373115487493e-04
6.23750000000000000000000000000001e+01,1.27415899928985699819752999320619e-03,9.89310150511329205004569717122889e-04,4.04974501525118150604559986835795e-03,2.01118319977091503789904606949728e-04
6.23999999999999999999999999999996e+01,1.29873472075637129351842844505016e-03,9.76732867714761198031938645433520e-04,4.05445373988541247878780529556210e-03,1.75595543370527668972953712342042e-04
6.24249999999999999999999999999996e+01,1.32299491259743461282264075822965e-03,9.64068170755890289836303261216565e-04,4.05852559416649467805303686299076e-03,1.50169258426610510294495962985682e-04
6.24499999999999999999999999999998e+01,1.34693741873399504290323487486710e-03,9.51318401921441878925316579884764e-04,4.06196303282360133295632211625521e-03,1.24842854923812794322935396155054e-04
6.24750000000000000000000000000000e+01,1.37056014166488008620466867674922e-03,9.38485905094438165270219355017331e-04,4.06476859493735500448782986018411e-03,9.96196911397075271408567472209007e-05
6.25000000000000000000000000000000e+01,1.39386104250216183551888204480076e-03,9.25573025391076797999222715676138e-04,4.06694490314782614924534310170520e-03,7.45030934937437140132392503217682e-05
6.25249999999999999999999999999995e+01,1.41683814099746358521786617095357e-03,9.12582108799175080886788883494428e-04,4.06849466285368295945444548903961e-03,4.94963561965763544433628646887564e-05
6.25499999999999999999999999999994e+01,1.43948951555924761154805395104475e-03,8.99515501818227122014375509858328e-04,4.06942066140265660675365403736129e-03,2.46027409059722176638805994288839e-05
6.25750000000000000000000000000000e+01,1.46181330326112503150902662217680e-03,8.86375551101120697279973344340275e-04,4.06972576727348654218550743103688e-03,-1.74523610688148774688806672399649e-07
6.25999999999999999999999999999999e+01,1.48380769984122981138610973718622e-03,8.73164603097559994769289503944548e-04,4.06941292924951100251961223043630e-03,-2.48322418072928156005462683417424e-05
6.26249999999999999999999999999999e+01,1.50547095969270014363332513193810e-03,8.59885003699239903163044717633156e-04,4.06848517558406834340193505969964e-03,-4.93672516832470067703855125350494e-05
6.26499999999999999999999999999999e+01,1.52680139584531154732300640267995e-03,8.46539097886817115430439592628687e-04,4.06694561315787526275230835503197e-03,-7.37764251010706058831213332810658e-05
6.26749999999999999999999999999994e+01,1.54779737993830717487099694096266e-03,8.33129229378722972526052612443221e-04,4.06479742662854839323637437122698e-03,-9.80566680973285680276107672194531e-05
6.26999999999999999999999999999999e+01,1.56845734218447192608371320674777e-03,8.19657740281862571956998254531940e-04,4.06204387757243613058040275334746e-03,-1.22204921186879266145195538636970e-04
6.27250000000000000000000000000000e+01,1.58877977132549807749481380139014e-03,8.06126970744244150470409666905138e-04,4.05868830361892792518867636333642e-03,-1.46218159660426885716226458299899e-04
6.27499999999999999999999999999998e+01,1.60876321457869122759887528099876e-03,7.92539258609582133774381657267604e-04,4.05473411757740859822766527225000e-03,-1.70093393875365056451327519554003e-04
6.27749999999999999999999999999998e+01,1.62840627757506643535437957714205e-03,7.78896939073916608175573402927646e-04,4.05018480655702555024605935056642e-03,-1.93827669539899979837263410106559e-04
6.27999999999999999999999999999993e+01,1.64770762428888549082986592061049e-03,7.65202344344291395859333510547558e-04,4.04504393107943701054286200925426e-03,-2.17418067990442382860950662674933e-04
6.28249999999999999999999999999998e+01,1.66666597695868730532335081574455e-03,7.51457803299532442998867055524708e-04,4.03931512418470972880167003280750e-03,-2.40861706462258703589917596086115e-04
6.28500000000000000000000000000000e+01,1.68528011599986444588987835754359e-03,7.37665641153167822503671798614849e-04,4.03300209053053473690438935453207e-03,-2.64155738353372990914477349440668e-04
6.28750000000000000000000000000002e+01,1.70354887990883986663497040362435e-03,7.23828179118530233056899032422951e-04,4.02610860548493000836226404796784e-03,-2.87297353481712072776405583795957e-04
6.28999999999999999999999999999997e+01,1.72147116515889890513765671968623e-03,7.09947734076082377292568087343428e-04,4.01863851421259901564170453317751e-03,-3.10283778335487609552112644733952e-04
6.29249999999999999999999999999992e+01,1.73904592608773261471072754146887e-03,6.96026618243005012528643038160355e-04,4.01059573075511433208094297766029e-03,-3.33112276316809700961053319932945e-04
6.29499999999999999999999999999999e+01,1.75627217477674949009924203706545e-03,6.82067138845086831852348909445209e-04,4.00198423710509554532034027977739e-03,-3.55780147978527759350825014928693e-04
6.29750000000000000000000000000001e+01,1.77314898092221361535887846662286e-03,6.68071597790954718402994902408003e-04,3.99280808227455084331951122988653e-03,-3.78284731254295404555887863778998e-04
6.30000000000000000000000000000001e+01,1.78967547169826821921100167849376e-03,6.54042291348682366316109952535219e-04,3.98307138135755170211482328105032e-03,-4.00623401681857178881349632259868e-04
6.30249999999999999999999999999996e+01,1.80585083161190456685161201843297e-03,6.39981509824814775874494005546022e-04,3.97277831458741014645789256114957e-03,-4.22793572619555924349329394855423e-04
6.30499999999999999999999999999996e+01,1.82167430234993704910478545339905e-03,6.25891537245845666100860180664500e-04,3.96193312638852807040922567982403e-03,-4.44792695456060704282436802381375e-04
6.30749999999999999999999999999998e+01,1.83714518261804624982897519449303e-03,6.11774651042184353926425054514751e-04,3.95054012442308809498847980542207e-03,-4.66618259813316183361797616390785e-04
6.31000000000000000000000000000000e+01,1.85226282797195267941956103860250e-03,5.97633121734648095497732814671036e-04,3.93860367863275540433149422476999e-03,-4.88267793742715402558429971681445e-04
6.31250000000000000000000000000000e+01,1.86702665064078475462146317770858e-03,5.83469212623515278033324228586002e-04,3.92612822027555994070968827570432e-03,-5.09738863914498898989497215967660e-04
6.31499999999999999999999999999995e+01,1.88143611934270548171948358202463e-03,5.69285179480174223259704834684371e-04,3.91311824095812825240746586804376e-03,-5.31029075800384128855583952035108e-04
6.31749999999999999999999999999994e+01,1.89549075909286316151617722552615e-03,5.55083270241401755187712621327385e-04,3.89957829166343417692919779895945e-03,-5.52136073849430156901139651931786e-04
6.32000000000000000000000000000000e+01,1.90919015100373228116801162936459e-03,5.40865724706305120013979898452931e-04,3.88551298177423740537512904409324e-03,-5.73057541657143579085567694618983e-04
6.32249999999999999999999999999999e+01,1.92253393207791159104512962766922e-03,5.26634774235960322534907946745828e-04,3.87092697809237881214992888041282e-03,-5.93791202127832644997841279551942e-04
6.32499999999999999999999999999999e+01,1.93552179499344718506950504392981e-03,5.12392641455779436845816004851631e-04,3.85582500385410124756391712960095e-03,-6.14334817630217540542487167744713e-04
6.32749999999999999999999999999999e+01,1.94815348788174921045544938364332e-03,4.98141539960638924833289953056428e-04,3.84021183774156427953036860520552e-03,-6.34686190146305777438067472811549e-04
6.32999999999999999999999999999994e+01,1.96042881409817162661645479183655e-03,4.83883674022800427770103350154418e-04,3.82409231289072113466611234727035e-03,-6.54843161413542613241988969423983e-04
6.33249999999999999999999999999999e+01,1.97234763198532521201164364055238e-03,4.69621238302654880404741439644242e-04,3.80747131589572582888314340325708e-03,-6.74803613060247394527310866545262e-04
6.33500000000000000000000000000000e+01,1.98390985462919478092610946846778e-03,4.55356417562320155648520864738719e-04,3.79035378581003819320439556198451e-03,-6.94565466734347678023614983774432e-04
6.33749999999999999999999999999998e+01,1.99511544960813231944597756416963e-03,4.41091386382121819121827447726700e-04,3.77274471314439419219343515225702e-03,-7.14126684225423941674198583533136e-04
6.33999999999999999999999999999998e+01,2.00596443873479848195538033950292e-03,4.26828308879985988441346898287313e-04,3.75464913886180860016710239667209e-03,-7.33485267580078650640511963814605e-04
6.34249999999999999999999999999993e+01,2.01645689779112560760021639086712e-03,4.12569338433772757832497301603901e-04,3.73607215336977674436434427042731e-03,-7.52639259210644392007779140963156e-04
6.34499999999999999999999999999998e+01,2.02659295625637612129989760333947e-03,3.98316617406578137330175277888079e-04,3.71701889550984164460067123107861e-03,-7.71586741997246734701231681421649e-04
6.34750000000000000000000000000000e+01,2.03637279702837087605203335297313e-03,3.84072276875031922217199035571833e-04,3.69749455154469247582340567178018e-03,-7.90325839383238405659168607034555e-04
6.35000000000000000000000000000002e+01,2.04579665613796267141320508294956e-03,3.69838436360618317591820520711740e-04,3.67750435414295985362756592784708e-03,-8.08854715464022297940185387112438e-04
6.35249999999999999999999999999997e+01,2.05486482245683084563945278940361e-03,3.55617203564045495156297138885367e-04,3.65705358136187299344798809077927e-03,-8.27171575069281741133153337345838e-04
6.35499999999999999999999999999992e+01,2.06357763739867348502612203591799e-03,3.41410674102689592259531852179337e-04,3.63614755562794332203873124981261e-03,-8.45274663838637371001893972762202e-04
6.35749999999999999999999999999999e+01,2.07193549461387442368750855567624e-03,3.27220931251138029081614514353916e-04,3.61479164271583862515570460517773e-03,-8.63162268290750836351035956770079e-04
6.36000000000000000000000000000001e+01,2.07993883967772282166054883152403e-03,3.13050045684856450104256893498293e-04,3.59299125072561129818558321708701e-03,-8.80832715885896478307881249212055e-04
6.36250000000000000000000000000001e+01,2.08758816977226371035512465590698e-03,2.98900075227003078687397507330933e-04,3.57075182905844372691228138070353e-03,-8.98284375082023009955134307163734e-04
6.36499999999999999999999999999996e+01,2.09488403336185848274250415618533e-03,2.84773064598413759766349326436462e-04,3.54807886739107326382533164753236e-03,-9.15515655384328109753863929931428e-04
6.36749999999999999999999999999996e+01,2.10182702986253488065246921903610e-03,2.70671045170780402344828377915298e-04,3.52497789464905868157579859149554e-03,-9.32525007388369717241420414965602e-04
6.36999999999999999999999999999998e+01,2.10841780930520659154715697945836e-03,2.56596034723044900167612354343035e-04,3.50145447797904937966084044621808e-03,-9.49310922816738682563144976853529e-04
6.37250000000000000000000000000000e+01,2.11465707199284311066116291609056e-03,2.42550037201029932700098095769260e-04,3.47751422172021799345597514298997e-03,-9.65871934549318273806066827779386e-04
6.37500000000000000000000000000000e+01,2.12054556815167105106162850726564e-03,2.28535042480327385507836852668598e-04,3.45316276637501640654125958410248e-03,-9.82206616647156891130697760091294e-04
6.37749999999999999999999999999995e+01,2.12608409757648859497296163178745e-03,2.14553026132464525954123210311570e-04,3.42840578757941449802749720203399e-03,-9.98313584369981177303954717045598e-04
6.37999999999999999999999999999994e+01,2.13127350927017527628913004360239e-03,2.00605949194367531861486719552546e-04,3.40324899507278026637935693092706e-03,-1.01419149418737755089786696296261e-03
6.38250000000000000000000000000000e+01,2.13611470107747976775350033417263e-03,1.86695757941141458039158571977193e-04,3.37769813166755926017893932086365e-03,-1.02983904378367101867171819729121e-03
6.38499999999999999999999999999999e+01,2.14060861931316881674244596453147e-03,1.72824383662185182579107564940404e-04,3.35175897221891051458407422581157e-03,-1.04525497205653094372644127630080e-03
6.38749999999999999999999999999999e+01,2.14475625838462092968327240260124e-03,1.58993742440659268014009671778159e-04,3.32543732259445544020183369200047e-03,-1.06043805910933425340532975754128e-03
6.38999999999999999999999999999999e+01,2.14855866040894884531948518982695e-03,1.45205734936324012576242010901709e-04,3.29873901864429533903714964903176e-03,-1.07538712623731736606832648658067e-03
6.39249999999999999999999999999994e+01,2.15201691482473526052313677489694e-03,1.31462246171764299836767221783940e-04,3.27166992517145243035989789015966e-03,-1.09010103590754890179378438519694e-03
6.39499999999999999999999999999999e+01,2.15513215799846667961678085207859e-03,1.17765145322017229386121712293912e-04,3.24423593490288845794715552222770e-03,-1.10457869173275602212651022220841e-03
6.39750000000000000000000000000000e+01,2.15790557282575065055584190895235e-03,1.04116285507617945369385033331531e-04,3.21644296746125411932434362449196e-03,-1.11881903843903801952598775869781e-03
6.39999999999999999999999999999998e+01,2.16033838832740203012395809385141e-03,9.05175035910785517546294404635738e-05,3.18829696833752170747783126064724e-03,-1.13282106182750154657342910623281e-03
6.40249999999999999999999999999998e+01,2.16243187924048428590348876009007e-03,7.69706199768144685004991936807511e-05,3.15980390786465248623703102804926e-03,-1.14658378872985263490963714052825e-03
6.40500000000000000000000000000003e+01,2.16418736560439219452216587158899e-03,6.34774384145320049317575704250068e-05,3.13096978019244943240231284550024e-03,-1.16010628695798140150840968954280e-03
6.40749999999999999999999999999998e+01,2.16560621234206263232961751010835e-03,5.00397458060903005533800400694895e-05,3.10180060226374507104396190542631e-03,-1.17338766524757607483516227244054e-03
6.40999999999999999999999999999987e+01,2.16668982883640047530807404249781e-03,3.66593120158501357746807389285219e-05,3.07230241279207320551182030488605e-03,-1.18642707319580369774061430151336e-03
6.41250000000000000000000000000002e+01,2.16743966850200692961610467062594e-03,2.33378896845214836598819514874857e-05,3.04248127124097240080394575765781e-03,-1.19922370119309558049088118180436e-03
6.41499999999999999999999999999997e+01,2.16785722835229790347153560295678e-03,1.00772140465210833834854503013003e-05,3.01234325680506811821353731366860e-03,-1.21177678034907628784854767094996e-03
6.41750000000000000000000000000002e+01,2.16794404856210030614558371461585e-03,-3.12099724914923600617342062737425e-06,2.98189446739307942075975566408280e-03,-1.22408558241267564805997049603115e-03
6.41999999999999999999999999999999e+01,2.16770171202581442133939599451179e-03,-1.62550443144932912617351966149532e-05,2.95114101861289517300076829437701e-03,-1.23614941968646396672780013883651e-03
6.42249999999999999999999999999986e+01,2.16713184391123075010889264594129e-03,-2.93232451945707035254333555900041e-05,2.92008904275886364567831029218673e-03,-1.24796764493525131249573642084095e-03
6.42500000000000000000000000000001e+01,2.16623611120908995216861714685451e-03,-4.23239360359974283762222864228060e-05,2.88874468780143840554793125418181e-03,-1.25953965128899241324730470828777e-03
6.42749999999999999999999999999996e+01,2.16501622227847473307409409223712e-03,-5.52554712518882178091863674614835e-05,2.85711411637932232400546133917595e-03,-1.27086487214003936189737392967872e-03
6.43000000000000000000000000000001e+01,2.16347392638812272801423732771384e-03,-6.81162236832331937292288444585788e-05,2.82520350479425047499102596616196e-03,-1.28194278103478498162388009983864e-03
6.43249999999999999999999999999998e+01,2.16161101325374962085274103183293e-03,-8.09045847567013164846616436657508e-05,2.79301904200855161335611472534046e-03,-1.29277289155974034309060577957347e-03
6.43499999999999999999999999999986e+01,2.15942931257147191021196564589501e-03,-9.36189646388641076933864086441289e-05,2.76056692864562682961067290057143e-03,-1.30335475722209056124923941899314e-03
6.43750000000000000000000000000000e+01,2.15693069354741889350640808793439e-03,-1.06257792386833536048108709553725e-04,2.72785337599348286592591757142809e-03,-1.31368797132477362587022683980436e-03
6.43999999999999999999999999999995e+01,2.15411706442362358539497669164282e-03,-1.18819516095308512701552523299900e-04,2.69488460501145645168384936626333e-03,-1.32377216683612763664291787981458e-03
6.44250000000000000000000000000002e+01,2.15099037200028241917097949295940e-03,-1.31302603040024988822956203054240e-04,2.66166684534026487499893174448525e-03,-1.33360701625415241933772250798076e-03
6.44500000000000000000000000000000e+01,2.14755260115447369774252236743624e-03,-1.43705539817605216246244224612459e-04,2.62820633431551684977409860621299e-03,-1.34319223146543209372132272722533e-03
6.44749999999999999999999999999987e+01,2.14380577435542486446968136258027e-03,-1.56026832481802323916955232027148e-04,2.59450931598481656627476988396612e-03,-1.35252756359876574706687815171193e-03
6.44999999999999999999999999999999e+01,2.13975195117641875277708472670231e-03,-1.68265006676136964578753280420685e-04,2.56058204012859262717594663282628e-03,-1.36161280287355394013183518708127e-03
6.45249999999999999999999999999999e+01,2.13539322780342904717167877722255e-03,-1.80418607762923376237845133554401e-04,2.52643076128478237079899580127185e-03,-1.37044777844298933635794818901509e-03
6.45500000000000000000000000000001e+01,2.13073173654057524760035191683062e-03,-1.92486200948682763939247935161993e-04,2.49206173777750086902695903258826e-03,-1.37903235823210030032422461690282e-03
6.45749999999999999999999999999999e+01,2.12576964531248747477356359433151e-03,-2.04466371405942437219802053157003e-04,2.45748123074982265938608298636739e-03,-1.38736644877069685795812133233152e-03
6.45999999999999999999999999999987e+01,2.12050915716367148676473094044249e-03,-2.16357724391419653488851374436173e-04,2.42269550320080302923729095323448e-03,-1.39544999502126894775956465552814e-03
6.46249999999999999999999999999998e+01,2.11495250975496429692184428547431e-03,-2.28158885360589643182541491815420e-04,2.38771081902686441519339949768529e-03,-1.40328298020188741807435329951446e-03
6.46499999999999999999999999999998e+01,2.10910197485717078935927986337188e-03,-2.39868500078637847665023015132159e-04,2.35253344206767221305283423276489e-03,-1.41086542560415873939240787392569e-03
6.46750000000000000000000000000003e+01,2.10295985784197172026499718022609e-03,-2.51485234727796984152938471802812e-04,2.31716963515662301301578408616028e-03,-1.41819739040628490282199233027724e-03
6.46999999999999999999999999999998e+01,2.09652849717019347050672351177987e-03,-2.63007776011070141184300625430638e-04,2.28162565917606698200591625859359e-03,-1.42527897148128046740579877252169e-03
6.47249999999999999999999999999987e+01,2.08981026387752987778135534866166e-03,-2.74434831252341673993636547490186e-04,2.24590777211738480980715273803763e-03,-1.43211030320039920130338303104132e-03
6.47500000000000000000000000000002e+01,2.08280756105780642566586902752172e-03,-2.85765128492878194891943720789768e-04,2.21002222814603831865568183416497e-03,-1.43869155723182323597835005835173e-03
6.47749999999999999999999999999997e+01,2.07552282334387700334768510128898e-03,-2.96997416584222447476257766719302e-04,2.17397527667171250711055596969368e-03,-1.44502294233466811800351171010359e-03
6.48000000000000000000000000000002e+01,2.06795851638624337400302882857808e-03,-3.08130465277483343488866214402598e-04,2.13777316142366545869622633797844e-03,-1.45110470414835759836350213379281e-03
6.48249999999999999999999999999999e+01,2.06011713632948740145029194648641e-03,-3.19163065309025956894095721242685e-04,2.10142211953140119424574540845850e-03,-1.45693712497742244243200407578776e-03
6.48499999999999999999999999999986e+01,2.05200120928660598300416260020723e-03,-3.30094028482565821462311891859437e-04,2.06492838061077918438581598856448e-03,-1.46252052357177797438983705909733e-03
6.48750000000000000000000000000001e+01,2.04361329081133852065684765394443e-03,-3.40922187747672449343305487563049e-04,2.02829816585567286550434210821746e-03,-1.46785525490253548858451511625403e-03
6.48999999999999999999999999999996e+01,2.03495596536857663272647215220013e-03,-3.51646397274687546681344793123337e-04,1.99153768713528811910054989064503e-03,-1.47294170993340306912929437795821e-03
6.49250000000000000000000000000001e+01,2.02603184580294566461655627752921e-03,-3.62265532526063922700864463875136e-04,1.95465314609725128086234837951239e-03,-1.47778031538773175956425066194184e-03
6.49499999999999999999999999999998e+01,2.01684357280564740135495378696674e-03,-3.72778490324131569375281546333152e-04,1.91765073327657484234579960758727e-03,-1.48237153351126341687403342637939e-03
6.49749999999999999999999999999986e+01,2.00739381437965321686030792824676e-03,-3.83184188915297853015236010088937e-04,1.88053662721060759496404864108180e-03,-1.48671586183063696715721606002088e-03
6.50000000000000000000000000000000e+01,1.99768526530333671542308438395866e-03,-3.93481568030689238357615296207603e-04,1.84331699356007454339140083902210e-03,-1.49081383290771015167855675320843e-03
6.50249999999999999999999999999995e+01,1.98772064659263472903724673232337e-03,-4.03669588943242477956255031721013e-04,1.80599798423631048376106310759646e-03,-1.49466601408975421060064619920449e-03
6.50500000000000000000000000000002e+01,1.97750270496182532919539364741389e-03,-4.13747234521253737522300771546435e-04,1.76858573653478970150286171093994e-03,-1.49827300725557929777060587042164e-03
6.50750000000000000000000000000000e+01,1.96703421228301129324077890790928e-03,-4.23713509278394664705072190635672e-04,1.73108637227505279462115129491199e-03,-1.50163544855764875531920149711277e-03
6.50999999999999999999999999999987e+01,1.95631796504439723374403197528829e-03,-4.33567439420204917590259069564779e-04,1.69350599694713017089483875655832e-03,-1.50475400816024070343570967023162e-03
6.51249999999999999999999999999999e+01,1.94535678380744835550798713087922e-03,-4.43308072887071140552963036992681e-04,1.65585069886456030209784538966854e-03,-1.50762938997371571923354691338432e-03
6.51499999999999999999999999999999e+01,1.93415351266301854950607094477504e-03,-4.52934479393702822409396563825021e-04,1.61812654832409934509967940561978e-03,-1.51026233138494968818503785937311e-03
6.51750000000000000000000000000001e+01,1.92271101868653526661064562197330e-03,-4.62445750465115920663552349580815e-04,1.58033959677221725886009572527068e-03,-1.51265360298399121030140923239021e-03
6.51999999999999999999999999999999e+01,1.91103219139232833604615771015743e-03,-4.71840999469135606083037334905180e-04,1.54249587597847405817176733090579e-03,-1.51480400828700322957616929259766e-03
6.52249999999999999999999999999987e+01,1.89911994218718960350304173531471e-03,-4.81119361645429975768032017947544e-04,1.50460139721586834984395240978496e-03,-1.51671438345554882908579626238844e-03
6.52499999999999999999999999999998e+01,1.88697720382324996135912718821486e-03,-4.90279994131087084528324761924073e-04,1.46666215044824879515600835002506e-03,-1.51838559701228139680783783292717e-03
6.52749999999999999999999999999998e+01,1.87460692985026002856166424046391e-03,-4.99322075982748132110377874781397e-04,1.42868410352487763410066326283939e-03,-1.51981854955309962036002856779741e-03
6.53000000000000000000000000000003e+01,1.86201209406736041097008452534341e-03,-5.08244808195310104298727274202713e-04,1.39067320138223389240663344941575e-03,-1.52101417345582801345270216363699e-03
6.53249999999999999999999999999998e+01,1.84919568997442713503120992972371e-03,-5.17047413717211601390465338136865e-04,1.35263536525314237179382253538990e-03,-1.52197343258548391256576720665628e-03
6.53499999999999999999999999999987e+01,1.83616073022307749901137228386912e-03,-5.25729137462316012485396471613591e-04,1.31457649188331299760862241629133e-03,-1.52269732199619210795606188378921e-03
6.53750000000000000000000000000002e+01,1.82291024606742122669047834694544e-03,-5.34289246318406624912477563375942e-04,1.27650245275537356618201963972728e-03,-1.52318686762980848729757669452337e-03
6.53999999999999999999999999999997e+01,1.80944728681464143815215316892485e-03,-5.42727029152308703475772104997021e-04,1.23841909332047739724228797314283e-03,-1.52344312601131427258634643590965e-03
6.54250000000000000000000000000002e+01,1.79577491927548957073763122991010e-03,-5.51041796811654030877088512240030e-04,1.20033223223756585478861688189314e-03,-1.52346718394104262194004162951141e-03
6.54499999999999999999999999999999e+01,1.78189622721477799022296939967066e-03,-5.59232882123303857093980146750436e-04,1.16224766062036415326194464969384e-03,-1.52326015818379954867420354051772e-03
6.54749999999999999999999999999986e+01,1.76781431080195362800168691313222e-03,-5.67299639888446649014782609754573e-04,1.12417114129218731487812700395720e-03,-1.52282319515494128145382138254924e-03
6.55000000000000000000000000000001e+01,1.75353228606183556493523723788664e-03,-5.75241446874387455265596470163304e-04,1.08610840804863158884516163642665e-03,-1.52215747060347035164318733872324e-03
6.55249999999999999999999999999996e+01,1.73905328432559905706555766835122e-03,-5.83057701803046106556913841432615e-04,1.04806516492822508410234256307919e-03,-1.52126418929221284676816719663896e-03
6.55500000000000000000000000000001e+01,1.72438045168208806292247456130015e-03,-5.90747825336181867811626031503820e-04,1.01004708549110980444266869333490e-03,-1.52014458467513941151200326634697e-03
6.55749999999999999999999999999998e+01,1.70951694842953788679800264586153e-03,-5.98311260057362555952227030535703e-04,9.72059812105825708675956075326340e-04,-1.51879991857189270929081008247173e-03
6.55999999999999999999999999999986e+01,1.69446594852778909694720997999748e-03,-6.05747470450696544242537351966191e-04,9.34108955244265849133900778683089e-04,-1.51723148083958417804494502387354e-03
6.56250000000000000000000000000000e+01,1.67923063905107341195747657416622e-03,-6.13055942876346490564077632503726e-04,8.96200092784870069582511084376112e-04,-1.51544058904192302375230821714642e-03
6.56499999999999999999999999999995e+01,1.66381421964145177235648810253146e-03,-6.20236185542844044858027024829379e-04,8.58338769324123168752624980814144e-04,-1.51342858811574049491649387870809e-03
6.56750000000000000000000000000002e+01,1.64821990196298432802393775834491e-03,-6.27287728476225197909901694625614e-04,8.20530495496421858470839330818514e-04,-1.51119685003497257150732756615260e-03
6.57000000000000000000000000000000e+01,1.63245090915671157553897198077195e-03,-6.34210123486006320221397722535843e-04,7.82780747302373266004113060957606e-04,-1.50874677347216428287196335564458e-03
6.57249999999999999999999999999987e+01,1.61651047529652537377312605234178e-03,-6.41002944128021305387859952382562e-04,7.45094965445586148951335403230999e-04,-1.50607978345755894090454085493868e-03
6.57499999999999999999999999999999e+01,1.60040184484600805124392851817058e-03,-6.47665785664140586854780312414878e-04,7.07478554678014408061584455303112e-04,-1.50319733103583563677340001402995e-03
6.57749999999999999999999999999999e+01,1.58412827211631729507414735557822e-03,-6.54198265018893154686644556804515e-04,6.69936883153910898983843535227553e-04,-1.50010089292055840111423213865787e-03
6.58000000000000000000000000000001e+01,1.56769302072519397862572797098470e-03,-6.60600020733013070185275604830993e-04,6.32475281792447958422740757651683e-04,-1.49679197114640046839548173103557e-03
6.58249999999999999999999999999999e+01,1.55109936305716954265150165437383e-03,-6.66870712913932359360759307994726e-04,5.95099043649059473759237366751186e-04,-1.49327209271920711628987123441943e-03
6.58499999999999999999999999999987e+01,1.53435057972504899298065525742815e-03,-6.73010023183242548365536056680292e-04,5.57813423295557738152820573293671e-04,-1.48954280926396057104875621878837e-03
6.58749999999999999999999999999998e+01,1.51744995903274501656634442343359e-03,-6.79017654621147468597873595667813e-04,5.20623636209076745710138741555967e-04,-1.48560569667071048097623414809328e-03
6.58999999999999999999999999999998e+01,1.50040079643953814775062095798668e-03,-6.84893331707930297483776415005571e-04,4.83534858169891993702596861085960e-04,-1.48146235473853346267522674429544e-03
6.59250000000000000000000000000003e+01,1.48320639402583733846183399146841e-03,-6.90636800262458118289113191645983e-04,4.46552224668165271256345022422223e-04,-1.47711440681758521858098054856987e-03
6.59499999999999999999999999999998e+01,1.46587005996051470008188473944418e-03,-6.96247827377747595030309125014171e-04,4.09680830319661326650608190905534e-04,-1.47256349944930870855960916125913e-03
6.59749999999999999999999999999987e+01,1.44839510796988759079930477965285e-03,-7.01726201353615683010385145914497e-04,3.72925728290481718596263907289065e-04,-1.46781130200486183211190786798069e-03
6.60000000000000000000000000000002e+01,1.43078485680842062001066628629013e-03,-7.07071731626439636745057417308600e-04,3.36291929730859570894226433441801e-04,-1.46285950632182804067218118309005e-03
6.60249999999999999999999999999997e+01,1.41304262973121953042799299250823e-03,-7.12284248696050925062011507370223e-04,2.99784403218057364957148210424669e-04,-1.45770982633927325221405701804690e-03
6.60500000000000000000000000000002e+01,1.39517175396838829905227194634290e-03,-7.17363604049787999678282040521435e-04,2.63408074208408321059640417428810e-04,-1.45236399773121238402595101504972e-03
6.60749999999999999999999999999999e+01,1.37717556020132017056928336240905e-03,-7.22309670083733174625945701117249e-04,2.27167824498540337074876509965501e-04,-1.44682377753854875507013433362669e-03
6.60999999999999999999999999999986e+01,1.35905738204099270168304934629736e-03,-7.27122340021159159445030654201384e-04,1.91068491695819873057803900323764e-04,-1.44109094379954953692667075904806e-03
6.61250000000000000000000000000001e+01,1.34082055550833625290846488630390e-03,-7.31801527828211062778341995353663e-04,1.55114868698051591554803494051075e-04,-1.43516729517892035116892443153557e-03
6.61499999999999999999999999999996e+01,1.32246841851674471546290455686879e-03,-7.36347168126849962639955978086278e-04,1.19311703182467987189483933192136e-04,-1.42905465059554202000166349103530e-03
6.61750000000000000000000000000001e+01,1.30400431035679660483056110274653e-03,-7.40759216105084434762218472429755e-04,8.36636971040416651507398766209029e-05,-1.42275484884893237547747037874701e-03
6.61999999999999999999999999999998e+01,1.28543157118325398896844379864349e-03,-7.45037647424516736212465370074251e-04,4.81755062031513569525869821635574e-05,-1.41626974824449592092025153275612e-03
6.62249999999999999999999999999986e+01,1.26675354150440604789737465448852e-03,-7.49182458125230642525169302453689e-04,1.28517395226311934868632565421000e-05,-1.40960122621762401742361526842552e-03
6.62500000000000000000000000000000e+01,1.24797356167382338289757994231276e-03,-7.53193664528048217862839111609614e-04,-2.23030410657688098386956422423058e-05,-1.40275117895670813958965616321797e-03
6.62749999999999999999999999999995e+01,1.22909497138458850828751944767820e-03,-7.57071303134183054528782602508944e-04,-5.72843213254846630020318581953918e-05,-1.39572152102512860845657173063251e-03
6.63000000000000000000000000000002e+01,1.21012110916606726733616670627195e-03,-7.60815430522317758653995152742772e-04,-9.20876351097778718468117202871075e-05,-1.38851418498228106532471754203433e-03
6.63250000000000000000000000000000e+01,1.19105531188328521646717564591315e-03,-7.64426123243133697726042016129992e-04,-1.26708564806889189376670780856815e-04,-1.38113112100370279692024710220598e-03
6.63499999999999999999999999999987e+01,1.17190091423897231844266792780601e-03,-7.67903477711321273854965106298594e-04,-1.61142741775684918842751974922609e-04,-1.37357429650036085927826157885051e-03
6.63749999999999999999999999999999e+01,1.15266124827833857540000045641835e-03,-7.71247610095099244826157218493326e-04,-1.95385846771775586147507707586393e-04,-1.36584569573716377492514974808164e-03
6.63999999999999999999999999999999e+01,1.13333964289664251631289597896097e-03,-7.74458656203271873755649567823092e-04,-2.29433610364088341197605165801205e-04,-1.35794731945075839619567590256548e-03
6.64250000000000000000000000000001e+01,1.11393942334961373080229001690703e-03,-7.77536771369852935279469420461468e-04,-2.63281813341875985304288240493429e-04,-1.34988118446667333785043336791591e-03
6.64499999999999999999999999999999e+01,1.09446391076678991263095508433498e-03,-7.80482130336285834486985812110062e-04,-2.96926287112147054361310975374126e-04,-1.34164932331587018514571807833717e-03
6.64749999999999999999999999999987e+01,1.07491642166782814214591578167829e-03,-7.83294927131289305986172130673235e-04,-3.30362914087502915144471924048298e-04,-1.33325378385076347900088772134230e-03
6.64999999999999999999999999999998e+01,1.05530026748184939771143106860056e-03,-7.85975374948358363071784998714607e-04,-3.63587628064369354477571807741365e-04,-1.32469662886077026724263794099323e-03
6.65249999999999999999999999999998e+01,1.03561875406987454189453989229987e-03,-7.88523706020950370273912908031592e-04,-3.96596414591611657984455264673113e-04,-1.31597993568744978943165830103387e-03
6.65500000000000000000000000000003e+01,1.01587518125040927873565235023626e-03,-7.90940171495386321168107518067177e-04,-4.29385311329523686472019096705035e-04,-1.30710579583929363231831200259828e-03
6.65749999999999999999999999999998e+01,9.96072842328234823740598344025120e-04,-7.93225041301497615092252970217254e-04,-4.61950408399182963444072036440650e-04,-1.29807631460622645392317768428608e-03
6.65999999999999999999999999999987e+01,9.76215023626460268269378874866745e-04,-7.95378604021048834585445788852092e-04,-4.94287848722165286624475745177088e-04,-1.28889361067387712728337682403378e-03
6.66250000000000000000000000000002e+01,9.56305004021891854954427001188045e-04,-7.97401166753967222819994314639469e-04,-5.26393828350613869480304459082696e-04,-1.27955981573767990061662846147086e-03
6.66499999999999999999999999999997e+01,9.36346054483773610981650669776186e-04,-7.99293054982409743340060350115542e-04,-5.58264596787659505401618203026675e-04,-1.27007707411686490921173912178083e-03
6.66750000000000000000000000000002e+01,9.16341437615953011864935062627785e-04,-8.01054612432698774324031868181609e-04,-5.89896457298189727232962733026196e-04,-1.26044754236839710555113002725467e-03
6.66999999999999999999999999999999e+01,8.96294407202524570006998897985844e-04,-8.02686200935157651572816502036621e-04,-6.21285767209966408074227948055724e-04,-1.25067338890092239763815859238102e-03
6.67249999999999999999999999999986e+01,8.76208207757003459982936297066343e-04,-8.04188200281877434833330602396330e-04,-6.52428938205092715477935992244417e-04,-1.24075679358877950097081801279482e-03
6.67500000000000000000000000000001e+01,8.56086074075080506086492300548495e-04,-8.05561008082446435073898547115497e-04,-6.83322436601831790165747203673267e-04,-1.23069994738613571706665004423313e-03
6.67749999999999999999999999999996e+01,8.35931230791009067171247015017329e-04,-8.06805039617674205671870377789214e-04,-7.13962783626780971971636720950769e-04,-1.22050505194130455115977481674958e-03
6.68000000000000000000000000000001e+01,8.15746891937673559194335599641582e-04,-8.07920727691341863342788687307734e-04,-7.44346555677406839704159978389827e-04,-1.21017431921130277407006093540265e-03
6.68249999999999999999999999999998e+01,7.95536260510388557278566149722047e-04,-8.08908522480010758097128552039853e-04,-7.74470384574947767827303448209908e-04,-1.19970997107670421868624667878161e-03
6.68499999999999999999999999999986e+01,7.75302528034476616857853103137521e-04,-8.09768891380921650459899046051678e-04,-8.04330957807692131118648738157648e-04,-1.18911423895684728024914239328447e-03
6.68750000000000000000000000000000e+01,7.55048874136672147934765789364053e-04,-8.10502318858016678731280532373495e-04,-8.33925018764641708607983921444359e-04,-1.17838936342545276166342171645882e-03
6.68999999999999999999999999999995e+01,7.34778466120397867954171447581341e-04,-8.11109306286116514967496798321511e-04,-8.63249366959571249959005180638024e-04,-1.16753759382670837018201198127989e-03
6.69250000000000000000000000000002e+01,7.14494458544959547394688440546977e-04,-8.11590371793285223846929030670825e-04,-8.92300858245496570854320159215783e-04,-1.15656118789187582969740588255286e-03
6.69500000000000000000000000000000e+01,6.94199992808703947830015253818252e-04,-8.11946050101415459114079679977640e-04,-9.21076405019564938696479783826872e-04,-1.14546241135647622338680531084000e-03
6.69749999999999999999999999999987e+01,6.73898196736184034789378762723593e-04,-8.12176892365066756644702273389968e-04,-9.49572976418382895862115378392253e-04,-1.13424353757810882475671256066141e-03
6.69999999999999999999999999999999e+01,6.53592184169374727241795080576669e-04,-8.12283466008589803770099913051885e-04,-9.77787598503798044667623764263098e-04,-1.12290684715495831169175621676952e-03
6.70249999999999999999999999999999e+01,6.33285054562981622156749018084150e-04,-8.12266354561569672153450843005422e-04,-1.00571735443915268596207056677359e-03,-1.11145462754504488849950761207117e-03
6.70500000000000000000000000000001e+01,6.12979892583884306750519462445699e-04,-8.12126157492621091667119471657051e-04,-1.03335938465602856170688824108674e-03,-1.09988917268627146550289145357081e-03
6.70749999999999999999999999999999e+01,5.92679767714755043122515985373841e-04,-8.11863490041568918836341915379513e-04,-1.06071088701150330088673709509715e-03,-1.08821278261732166438537716827197e-03
6.70999999999999999999999999999987e+01,5.72387733861892780257162201532806e-04,-8.11478983050047024925788814278159e-04,-1.08776911693594050746888115928297e-03,-1.07642776309946202981259641932612e-03
6.71249999999999999999999999999998e+01,5.52106828967311616805381586081614e-04,-8.10973282790548904738955196243167e-04,-1.11453138757133675872513040842559e-03,-1.06453642523930143339049566609225e-03
6.71499999999999999999999999999998e+01,5.31840074625122004504846550146497e-04,-8.10347050793963390120872590718735e-04,-1.14099506990025010187909274570406e-03,-1.05254108511256025468474467689815e-03
6.71750000000000000000000000000003e+01,5.11590475702242146438142020618261e-04,-8.09600963675628936002429460127841e-04,-1.16715759286533594657469491130952e-03,-1.04044406338890151623518591206406e-03
6.71999999999999999999999999999998e+01,4.91361019963476206669901886999440e-04,-8.08735712959940021231816505735749e-04,-1.19301644347951754992721362288318e-03,-1.02824768495787573597232726190644e-03
6.72249999999999999999999999999987e+01,4.71154677700995108492865460108039e-04,-8.07752004903539263830499330486800e-04,-1.21856916692681957978025353964148e-03,-1.01595427855603084177333923347856e-03
6.72500000000000000000000000000002e+01,4.50974401368254857986676672129920e-04,-8.06650560317128891122196402968184e-04,-1.24381336665389452012517334188198e-03,-1.00356617639523806919166113699115e-03
6.72749999999999999999999999999997e+01,4.30823125218386488175111658296022e-04,-8.05432114385935237468734737235534e-04,-1.26874670445227295031323986548283e-03,-9.91085713792284334258153814410598e-04
6.73000000000000000000000000000002e+01,4.10703764947090876839340247519516e-04,-8.04097416488859976122670330074221e-04,-1.29336690053136998656204008183944e-03,-9.78515228799781138112830233493917e-04
6.73249999999999999999999999999999e+01,3.90619217340070847889371760836467e-04,-8.02647230016351832071631194485678e-04,-1.31767173358228142017178772943339e-03,-9.65857061838439618806552749794355e-04
6.73499999999999999999999999999986e+01,3.70572359925032121971720276154117e-04,-8.01082332187032566600214553244451e-04,-1.34165904083240432166942815965295e-03,-9.53113555330760918184309383753501e-04
6.73750000000000000000000000000001e+01,3.50566050628283836718178390851998e-04,-7.99403513863111062783370445606731e-04,-1.36532671809091810364699201392767e-03,-9.40287053336190579018766069981043e-04
6.73999999999999999999999999999996e+01,3.30603127435968510966414994773753e-04,-7.97611579364619365911277191752389e-04,-1.38867271978516324723185444100784e-03,-9.27379901187785230194718512025814e-04
6.74250000000000000000000000000001e+01,3.10686408059950480794574329968087e-04,-7.95707346282504541670792818790057e-04,-1.41169505898795609780936564093182e-03,-9.14394445130439356026824062041563e-04
6.74499999999999999999999999999998e+01,2.90818689608390988657243236587650e-04,-7.93691645290610212726773535053335e-04,-1.43439180743587932470167690590264e-03,-9.01333031960719479474113238431874e-04
6.74749999999999999999999999999986e+01,2.71002748261037260458428591306857e-04,-7.91565319956581629555862350772416e-04,-1.45676109553858881686897270747199e-03,-8.88198008668352617577642879668811e-04
6.75000000000000000000000000000000e+01,2.51241338949252059026623909856944e-04,-7.89329226551728130067031234221149e-04,-1.47880111237917895220752132273185e-03,-8.74991722079415390538446132070998e-04
6.75249999999999999999999999999995e+01,2.31537195040809356067323310033922e-04,-7.86984233859876844722922090321603e-04,-1.50051010570564933153647437899397e-03,-8.61716518501269683576946825959537e-04
6.75500000000000000000000000000002e+01,2.11893028029480918233849272932239e-04,-7.84531222985251504087191726498446e-04,-1.52188638191351720976411753039961e-03,-8.48374743369290273600288119636017e-04
6.75750000000000000000000000000000e+01,1.92311527229437756617332056173965e-04,-7.81971087159410197054361738853544e-04,-1.54292830601962098589153495747534e-03,-8.34968740895429341381191734892617e-04
6.75999999999999999999999999999987e+01,1.72795359474489542991379303947828e-04,-7.79304731547275906629706137982475e-04,-1.56363430162716123034766749183969e-03,-8.21500853718662294790801106781730e-04
6.76249999999999999999999999999999e+01,1.53347168822184250868181758834248e-04,-7.76533073052293617289759025373803e-04,-1.58400285088202683255872646187135e-03,-8.07973422557358829580834756458134e-04
6.76499999999999999999999999999999e+01,1.33969576262789435057421799183046e-04,-7.73657040120747748673068965059103e-04,-1.60403249442045494353578445540495e-03,-7.94388785863622650947485381206940e-04
6.76750000000000000000000000000001e+01,1.14665179433175720058251360193712e-04,-7.70677572545273629910170852508051e-04,-1.62372183130807446750742661591551e-03,-7.80749279479642771324348648909821e-04
6.76999999999999999999999999999999e+01,9.54365523356222252480785746524178e-05,-7.67595621267596689753128029763732e-04,-1.64306951897038392311547929318973e-03,-7.67057236296098787515137589582919e-04
6.77249999999999999999999999999987e+01,7.62862450615628134381790641235713e-05,-7.64412148180532998425550043009456e-04,-1.66207427311471554832041693010962e-03,-7.53314985912662023681349728451835e-04
6.77499999999999999999999999999998e+01,5.72167835202912089944687535177360e-05,-7.61128125929284753868917073512498e-04,-1.68073486764373856382823244614252e-03,-7.39524854300633906295202778643090e-04
6.77749999999999999999999999999998e+01,3.82306691726421925251401426925870e-05,-7.57744537712064253830223266807158e-04,-1.69905013456055553746216876499528e-03,-7.25689163467762413325647987433461e-04
6.78000000000000000000000000000003e+01,1.93303787696652413447890332986355e-05,-7.54262377080079834098370347627963e-04,-1.71701896386544680637711536544541e-03,-7.11810231125276912789047012620134e-04
6.78249999999999999999999999999998e+01,5.18364096306148778521396741247064e-07,-7.50682647736917183087590893759903e-04,-1.73464030344431891526870600794082e-03,-6.97890370357181175292679141867395e-04
6.78499999999999999999999999999987e+01,-1.82029482798886789428573735300764e-05,-7.47006363337349366996010847623246e-04,-1.75191315894891401667699326437522e-03,-6.83931889291843811168685393079965e-04
6.78750000000000000000000000000002e+01,-3.68311572550313818244080302003349e-05,-7.43234547285608821555724914550350e-04,-1.76883659366883815403637463415161e-03,-6.69937090775924845143568276585222e-04
6.78999999999999999999999999999997e+01,-5.53638874301022253358442845159806e-05,-7.39368232533154488207278671653659e-04,-1.78540972839546730918904112737134e-03,-6.55908272050676600271974166065496e-04
6.79250000000000000000000000000002e+01,-7.37987893470973922469914586599612e-05,-7.35408461375967194074844340768027e-04,-1.80163174127779104357188555025694e-03,-6.41847724430656518291264857150333e-04
6.79499999999999999999999999999999e+01,-9.21335397201036060661861664756504e-05,-7.31356285251406293563646802056841e-04,-1.81750186767025449612622027780936e-03,-6.27757732984888995914170917209888e-04
6.79749999999999999999999999999986e+01,-1.10365841661289029435596683760685e-04,-7.27212764534660500854434151729607e-04,-1.83301939997266042109272959194449e-03,-6.13640576220512766145794362380602e-04
6.80000000000000000000000000000001e+01,-1.28493424901800702862085202103352e-04,-7.22978968334825744324630699650047e-04,-1.84818368746219385517352988768599e-03,-5.99498525768949800666616694837644e-04
6.80249999999999999999999999999996e+01,-1.46514046007559608607994809598531e-04,-7.18655974290642766280474008067399e-04,-1.86299413611763289600445200865931e-03,-5.85333846074631153702792583865980e-04
6.80500000000000000000000000000001e+01,-1.64425488589945261236652172365286e-04,-7.14244868365927077776773803933443e-04,-1.87745020843580995241840859317898e-03,-5.71148794086314609525629960923283e-04
6.80749999999999999999999999999999e+01,-1.82225563511362540113204341269288e-04,-7.09746744644723763399297729954258e-04,-1.89155142324038869152692978600930e-03,-5.56945618951028434666786681729513e-04
6.80999999999999999999999999999986e+01,-1.99912109085684290114133362468540e-04,-7.05162705126219517630765964367261e-04,-1.90529735548302275813156872948188e-03,-5.42726561710674972077159727897432e-04
6.81250000000000000000000000000000e+01,-2.17482991273564024936911437780456e-04,-7.00493859519444181930530830415674e-04,-1.91868763603696317833133566126516e-03,-5.28493855001327247949332384271580e-04
6.81499999999999999999999999999995e+01,-2.34936103872613872693085218991057e-04,-6.95741325037793935549337750980100e-04,-1.93172195148318218135421430822105e-03,-5.14249722755251193089254465077060e-04
6.81750000000000000000000000000002e+01,-2.52269368702443705755963302151318e-04,-6.90906226193408168277720993104911e-04,-1.94440004388908198155672082380917e-03,-4.99996379905685509927889928075663e-04
6.82000000000000000000000000000000e+01,-2.69480735784558195862052410949972e-04,-6.85989694591431927464911152662539e-04,-1.95672171057985785615971249767049e-03,-4.85736032094410643738291750241226e-04
6.82249999999999999999999999999987e+01,-2.86568183517109330976638766457874e-04,-6.80992868724195686965894057933807e-04,-1.96868680390258563357832880667956e-03,-4.71470875382137742356904947735607e-04
6.82499999999999999999999999999999e+01,-3.03529718844502722274095866587068e-04,-6.75916893765344037632013356761616e-04,-1.98029523098310447211315937621443e-03,-4.57203095961747912498537028543361e-04
6.82749999999999999999999999999999e+01,-3.20363377421856817737828257219571e-04,-6.70762921363944752606971120753233e-04,-1.99154695347576655924710602527274e-03,-4.42934869874411502402536594994730e-04
6.83000000000000000000000000000002e+01,-3.37067223774314923420363509648794e-04,-6.65532109438609537194043873408901e-04,-2.00244198730612609778389958613120e-03,-4.28668362728616560062962055839116e-04
6.83249999999999999999999999999999e+01,-3.53639351451210714355197176852924e-04,-6.60225621971657628857010694144200e-04,-2.01298040240664066651971857807869e-03,-4.14405729422135033971504587887693e-04
6.83499999999999999999999999999987e+01,-3.70077883175088694386940030941962e-04,-6.54844628803353262153560114236758e-04,-2.02316232244545875001851918571422e-03,-4.00149113866954699592445801018745e-04
6.83749999999999999999999999999998e+01,-3.86380970985581837561736196758074e-04,-6.49390305426247851998338791841428e-04,-2.03298792454836792433498984262715e-03,-3.85900648717204210063047482042690e-04
6.83999999999999999999999999999998e+01,-4.02546796378149412926338204969958e-04,-6.43863832779657577141269385979314e-04,-2.04245743901397886317284946435571e-03,-3.71662455100098083959692837539239e-04
6.84250000000000000000000000000003e+01,-4.18573570437678759423375287739876e-04,-6.38266397044306868869030850854033e-04,-2.05157114902222099195528324199882e-03,-3.57436642349927856196767534547949e-04
6.84499999999999999999999999999998e+01,-4.34459533966955537982518517238350e-04,-6.32599189437168133351119081122144e-04,-2.06032939033622626558698464910342e-03,-3.43225307745125029954254692965566e-04
6.84749999999999999999999999999987e+01,-4.50202957610007743943105647653406e-04,-6.26863406006527862471847511426494e-04,-2.06873255099767817926671797775798e-03,-3.29030536248420877859674658946994e-04
6.85000000000000000000000000000002e+01,-4.65802141970329514662717687020777e-04,-6.21060247427309115473374776910617e-04,-2.07678107101570374053008549218242e-03,-3.14854400250127549691386474042837e-04
6.85249999999999999999999999999997e+01,-4.81255417723991514533288821157738e-04,-6.15190918796680177219106508179825e-04,-2.08447544204938673473740221530052e-03,-3.00698959314564352063031234003019e-04
6.85500000000000000000000000000002e+01,-4.96561145727645422478389393498398e-04,-6.09256629429979013779063615605123e-04,-2.09181620708398120545572191988391e-03,-2.86566259929652473317551729984642e-04
6.85749999999999999999999999999999e+01,-5.11717717121430785105501238604758e-04,-6.03258592656982951297264298139773e-04,-2.09880396010090464560942818299853e-03,-2.72458335259700834384881193078204e-04
6.85999999999999999999999999999986e+01,-5.26723553426793231826201559205814e-04,-5.97198025618552802735742460212987e-04,-2.10543934574159095488335065255960e-03,-2.58377204901405153525423953639076e-04
6.86250000000000000000000000000001e+01,-5.41577106639223776330637717573103e-04,-5.91076149063680463919238117710666e-04,-2.11172305896528376364390450742926e-03,-2.44324874643081719435877371525817e-04
6.86499999999999999999999999999996e+01,-5.56276859315929651813864283501600e-04,-5.84894187146968798686484977565864e-04,-2.11765584470085125357954592039059e-03,-2.30303336227156772982092246809502e-04
6.86750000000000000000000000000001e+01,-5.70821324658447845345114418248268e-04,-5.78653367226572432756444041503125e-04,-2.12323849749270412033354945210448e-03,-2.16314567115931802956498249854955e-04
6.86999999999999999999999999999999e+01,-5.85209046590213209746038560934580e-04,-5.72354919662627873956685651236103e-04,-2.12847186114089882359741344452588e-03,-2.02360530260644466079953054284750e-04
6.87249999999999999999999999999986e+01,-5.99438599829093739205522572527675e-04,-5.66000077616201168862058357838326e-04,-2.13335682833550875544942978476937e-03,-1.88443173873844246371908894141091e-04
6.87500000000000000000000000000000e+01,-6.13508589954906297434697374276071e-04,-5.59590076848781090630049090176991e-04,-2.13789434028534642816559415092198e-03,-1.74564431205101374234285463341255e-04
6.87749999999999999999999999999995e+01,-6.27417653471926784270430959686668e-04,-5.53126155522345630793233813410470e-04,-2.14208538634112023830741469624700e-03,-1.60726220320066931131134049797466e-04
6.88000000000000000000000000000002e+01,-6.41164457866409418135082306497995e-04,-5.46609554000029341929013736132224e-04,-2.14593100361310980460931059040090e-03,-1.46930443882901471441453988531348e-04
6.88250000000000000000000000000000e+01,-6.54747701659130497599374291277812e-04,-5.40041514647418851477555062104026e-04,-2.14943227658344430304917990939373e-03,-1.33178988942088898780845935956905e-04
6.88499999999999999999999999999987e+01,-6.68166114452972685474828569137707e-04,-5.33423281634503640840629235673078e-04,-2.15259033671306863348985903162899e-03,-1.19473726719651739855367861975913e-04
6.88749999999999999999999999999999e+01,-6.81418456975566533387997755924462e-04,-5.26756100738308957399835217165135e-04,-2.15540636204348264843014858595611e-03,-1.05816512403783364935099732917367e-04
6.88999999999999999999999999999999e+01,-6.94503521117006633624646835244273e-04,-5.20041219146237497991796211984053e-04,-2.15788157679333905571190111073327e-03,-9.22091849449121106058051732585354e-05
6.89250000000000000000000000000002e+01,-7.07420129962660448083412311511993e-04,-5.13279885260146268464417281329848e-04,-2.16001725094998597351125647221692e-03,-7.86535668552116678138482302765000e-05
6.89499999999999999999999999999999e+01,-7.20167137821088521309432647074411e-04,-5.06473348501184784239496687269512e-04,-2.16181469985604046761873794886551e-03,-6.51514640115715064684262022927856e-05
6.89749999999999999999999999999987e+01,-7.32743430247095435649643073331654e-04,-4.99622859115420531986494471612876e-04,-2.16327528379107973790684206127288e-03,-5.17046654620405169896992949377598e-05
6.89999999999999999999999999999998e+01,-7.45147924059931511476823180430030e-04,-4.92729667980277364428410800564422e-04,-2.16440040754853694301605322557010e-03,-3.83149432357564591295722250143563e-05
6.90249999999999999999999999999998e+01,-7.57379567356665894114472106129098e-04,-4.85795026411812251027279826488452e-04,-2.16519152000788895968080180240621e-03,-2.49840521563732191227313462928161e-05
6.90500000000000000000000000000003e+01,-7.69437339520752301547737563901677e-04,-4.78820185972855558073420196729536e-04,-2.16565011370222366578623233526485e-03,-1.17137296589972878168588224579906e-05
6.90749999999999999999999999999998e+01,-7.81320251225809333228356710101590e-04,-4.71806398282039782284901733745808e-04,-2.16577772438127461421804480596673e-03,1.49430438935571496527060521857032e-06
6.90999999999999999999999999999987e+01,-7.93027344434637860250417435200070e-04,-4.64754914823741410770649768944067e-04,-2.16557593057001122786884291075109e-03,1.46383478657742307686054300891645e-05
6.91250000000000000000000000000002e+01,-8.04557692393498630815089802385089e-04,-4.57666986758960324954101829466182e-04,-2.16504635312287289482790524984325e-03,2.77167165639240132913257057868535e-05
6.91499999999999999999999999999997e+01,-8.15910399621673832095393931167760e-04,-4.50543864737160905378493337452388e-04,-2.16419065477373557684350034491639e-03,4.07277443629723686403034957407006e-05
6.91750000000000000000000000000002e+01,-8.27084601896336950221062861371619e-04,-4.43386798709098728536150503014500e-04,-2.16301053968169976364627012146085e-03,5.36697833929548958195482194593892e-05
6.91999999999999999999999999999999e+01,-8.38079466232755864024362936011915e-04,-4.36197037740656478034580157659254e-04,-2.16150775297278881069742405615145e-03,6.65412041965768184210935965912143e-05
6.92249999999999999999999999999986e+01,-8.48894190859854695378303111186546e-04,-4.28975829827712423186220406902834e-04,-2.15968408027764688841419511951108e-03,7.93403958874415772041915356750488e-05
6.92500000000000000000000000000001e+01,-8.59528005191160519433056693747754e-04,-4.21724421712064550075688821993463e-04,-2.15754134726532594696445539933117e-03,9.20657663046999304599329603123891e-05
6.92749999999999999999999999999996e+01,-8.69980169791161611841631053606304e-04,-4.14444058698433162719436440769561e-04,-2.15508141917325126235145563862784e-03,1.04715742164113384646632225583536e-04
6.93000000000000000000000000000001e+01,-8.80249976337104477147311228142331e-04,-4.07135984472564502572551346807663e-04,-2.15230620033345527677143712077858e-03,1.17288769205526351536364442114827e-04
6.93249999999999999999999999999999e+01,-8.90336747576257462797810575041414e-04,-3.99801440920457660545217102663275e-04,-2.14921763369516957917014083822454e-03,1.29783312336741999807580169650078e-04
6.93499999999999999999999999999986e+01,-9.00239837278669316616407288514634e-04,-3.92441667948736775708629655089394e-04,-2.14581770034386499060261172666600e-03,1.42197855773797338507050573050919e-04
6.93750000000000000000000000000000e+01,-9.09958630185451591864303146900185e-04,-3.85057903306190230410754187181684e-04,-2.14210841901682982346969132809353e-03,1.54530903177633637078298411059547e-04
6.93999999999999999999999999999995e+01,-9.19492541952614343197606973051274e-04,-3.77651382406498265742181591632557e-04,-2.13809184561537647401845790611576e-03,1.66780977787158851808393274014631e-04
6.94250000000000000000000000000002e+01,-9.28841019090485088862514871196337e-04,-3.70223338152170157003019685989882e-04,-2.13377007271376658370429986406604e-03,1.78946622548699291668680836422863e-04
6.94500000000000000000000000000000e+01,-9.38003538898741539433392731456257e-04,-3.62775000759711806571340872520226e-04,-2.12914522906494506717015991700174e-03,1.91026400241838317583601324406439e-04
6.94749999999999999999999999999987e+01,-9.46979609397089111309251222812497e-04,-3.55307597586044329261925517213237e-04,-2.12421947910317335275754249997287e-03,2.03018893601640427962534982669546e-04
6.94999999999999999999999999999999e+01,-9.55768769251614754001191376653344e-04,-3.47822352956193919601616009782744e-04,-2.11899502244365221568404761008504e-03,2.14922705437259639596224502989147e-04
6.95249999999999999999999999999999e+01,-9.64370587696849123850927551923446e-04,-3.40320487992272999258510515206257e-04,-2.11347409337922460436988288598174e-03,2.26736458746931626530951808495951e-04
6.95500000000000000000000000000002e+01,-9.72784664453569633080458159885058e-04,-3.32803220443772346613095592497977e-04,-2.10765896037424886694099468228003e-03,2.38458796829349630231189663386607e-04
6.95749999999999999999999999999999e+01,-9.81010629642377391891259925527167e-04,-3.25271764519183611943370935631193e-04,-2.10155192555573277774846997959353e-03,2.50088383391424702322628773742677e-04
6.95999999999999999999999999999987e+01,-9.89048143693081542693659213161662e-04,-3.17727330718971324111011774038830e-04,-2.09515532420181874288874514944561e-03,2.61623902652431386610997958000624e-04
6.96249999999999999999999999999998e+01,-9.96896897249924959500054012647532e-04,-3.10171125669913199426929938312572e-04,-2.08847152422771052925058150888403e-03,2.73064059444540489931669456262352e-04
6.96499999999999999999999999999998e+01,-1.00455661107268575210858340655567e-03,-3.02604351960827269346686702931407e-04,-2.08150292566913181361778860666136e-03,2.84407579309741131557413374827939e-04
6.96750000000000000000000000000003e+01,-1.01202703593368947393092313681288e-03,-2.95028207979704047914557587721521e-04,-2.07425196016340678689173347880947e-03,2.95653208593154798110009897875895e-04
6.96999999999999999999999999999998e+01,-1.01930795251076738410163993957479e-03,-2.87443887752261659924483060096568e-04,-2.06672109042825297364197770752328e-03,3.06799714532744664935369853255171e-04
6.97249999999999999999999999999987e+01,-1.02639917127619655873078322327780e-03,-2.79852580781941546149739761411429e-04,-2.05891280973837633902875922994828e-03,3.17845885345423975603622350342102e-04
6.97500000000000000000000000000002e+01,-1.03330053238165808272904885605295e-03,-2.72255471891362054535617439747506e-04,-2.05082964139995865374979958260753e-03,3.28790530309567798644026254825567e-04
6.97749999999999999999999999999997e+01,-1.04001190553924998251012511674820e-03,-2.64653741065246918717338841776215e-04,-2.04247413822312697312570086973403e-03,3.39632479843933004952829508591928e-04
6.98000000000000000000000000000002e+01,-1.04653318989859198108285836759332e-03,-2.57048563294845319474474377476601e-04,-2.03384888199249495882985648263010e-03,3.50370585582991830589521469151666e-04
6.98249999999999999999999999999999e+01,-1.05286431392005957063345891935713e-03,-2.49441108423859920611338058529972e-04,-2.02495648293586563116731195915783e-03,3.61003720448684907821643471655670e-04
6.98499999999999999999999999999986e+01,-1.05900523524418530368458647685955e-03,-2.41832540995898966415887785349855e-04,-2.01579957919118498629318907328455e-03,3.71530778718600162079997103923943e-04
6.98750000000000000000000000000001e+01,-1.06495594055726560226993927761525e-03,-2.34224020103468221135578845714930e-04,-2.00638083627183574642171707601983e-03,3.81950676090584483713843653781758e-04
6.98999999999999999999999999999996e+01,-1.07071644545321177520389669240864e-03,-2.26616699238518220764119659177271e-04,-1.99670294653036033200294548254805e-03,3.92262349743795590952336204308314e-04
6.99250000000000000000000000000001e+01,-1.07628679429168431637474472329361e-03,-2.19011726144561994473089980107835e-04,-1.98676862862070195312887469424540e-03,4.02464758396202004282547858052525e-04
6.99499999999999999999999999999999e+01,-1.08166706005254993199759406309108e-03,-2.11410242670378098986213067936788e-04,-1.97658062695905251316584988743232e-03,4.12556882358539552629078074904846e-04
6.99749999999999999999999999999986e+01,-1.08685734418670111192533087591193e-03,-2.03813384625313495792515086779891e-04,-1.96614171118339580088536350326025e-03,4.22537723584733328332192303201237e-04
7.00000000000000000000000000000000e+01,-1.09185777646327841946025708595262e-03,-1.96222281636200489039353795272906e-04,-1.95545467561183421827007777665189e-03,4.32406305718794500943669688372103e-04
7.00249999999999999999999999999995e+01,-1.09666851481333602566455406148145e-03,-1.88638057005901630703629469384054e-04,-1.94452233869978704979711470648752e-03,4.42161674138201889163638961241199e-04
7.00500000000000000000000000000002e+01,-1.10128974516999135793901247169626e-03,-1.81061827573496187922363724592883e-04,-1.93334754249614802544158456081752e-03,4.51802895993778675655970843683278e-04
7.00750000000000000000000000000000e+01,-1.10572168130510006859838344446628e-03,-1.73494703576121453957310714929289e-04,-1.92193315209848966399905929600719e-03,4.61329060246075130865654741914515e-04
7.00999999999999999999999999999987e+01,-1.10996456466249785726802688034040e-03,-1.65937788512481868692738238011767e-04,-1.91028205510740160569788254232905e-03,4.70739277698268689258060009820699e-04
7.01249999999999999999999999999999e+01,-1.11401866418785100111004937251650e-03,-1.58392179008038597276431249697277e-04,-1.89839716108004985356305979220079e-03,4.80032681025593194615532119026626e-04
7.01499999999999999999999999999999e+01,-1.11788427615515775912824452102509e-03,-1.50858964681891897620169040814648e-04,-1.88628140098304354170458731416148e-03,4.89208424801309600193757790214500e-04
7.01750000000000000000000000000001e+01,-1.12156172398994312110030197834562e-03,-1.43339228015368290166057359549007e-04,-1.87393772664469553573548399552154e-03,4.98265685519230874665819654611337e-04
7.01999999999999999999999999999999e+01,-1.12505135808918966806765195724338e-03,-1.35834044222324227276585067230097e-04,-1.86136911020676284597996725609335e-03,5.07203661612814325821690790520372e-04
7.02249999999999999999999999999987e+01,-1.12835355563804759980908486378147e-03,-1.28344481121177644642110632639884e-04,-1.84857854357575249811337533491203e-03,5.16021573470835010854036628774719e-04
7.02499999999999999999999999999998e+01,-1.13146872042336726535019336256486e-03,-1.20871599008678462272015401021237e-04,-1.83556903787387815848840900430274e-03,5.24718663449654354634905393036929e-04
7.02749999999999999999999999999998e+01,-1.13439728264409780530466362002823e-03,-1.13416450535428786743795578158205e-04,-1.82234362288975245275562485320128e-03,5.33294195882098545569470561276322e-04
7.03000000000000000000000000000003e+01,-1.13713969871859577966790948882643e-03,-1.05980080583163248696638473345178e-04,-1.80890534652889954659059609580478e-03,5.41747457082961722335377430042204e-04
7.03249999999999999999999999999998e+01,-1.13969645108888791154468907443853e-03,-9.85635261437995903372194721135724e-05,-1.79525727426417217650759139614956e-03,5.50077755351149404058944234277588e-04
7.03499999999999999999999999999987e+01,-1.14206804802193232616592842137805e-03,-9.11678162002692981965890617009240e-05,-1.78140248858615692698183710006830e-03,5.58284420968478051258645961773841e-04
7.03750000000000000000000000000002e+01,-1.14425502340792290544780846247681e-03,-8.37939716091377580461672207539804e-05,-1.76734408845365114753068934059162e-03,5.66366806195147075224462637452009e-04
7.03999999999999999999999999999997e+01,-1.14625793655568161131128297742319e-03,-7.64430049850230926045678700884109e-05,-1.75308518874429449012939096117179e-03,5.74324285261900039388692358201534e-04
7.04250000000000000000000000000002e+01,-1.14807737198518385606163980143231e-03,-6.91159205868225280531030477147522e-05,-1.73862891970543762347153301799849e-03,5.82156254358892217611570445023585e-04
7.04499999999999999999999999999999e+01,-1.14971393921726221535009671514686e-03,-6.18137142057548209867873427670893e-05,-1.72397842640533024624228520201830e-03,5.89862131621282091035671687491576e-04
7.04749999999999999999999999999986e+01,-1.15116827256053398858763650547424e-03,-5.45373730552269617146093298788187e-05,-1.70913686818471007687144411819264e-03,5.97441357111564777132889515690575e-04
7.05000000000000000000000000000001e+01,-1.15244103089559831311225339424187e-03,-4.72878756625330522233563458979068e-05,-1.69410741810887404229347952306142e-03,6.04893392798665791702376621945518e-04
7.05249999999999999999999999999996e+01,-1.15353289745654873188584220943295e-03,-4.00661917623929385212502550225013e-05,-1.67889326242031242318401739130840e-03,6.12217722533813946881071285291214e-04
7.05500000000000000000000000000001e+01,-1.15444457960984730001353895268809e-03,-3.28732821923378593034028462017209e-05,-1.66349759999198623808665404533375e-03,6.19413852023212585760444433022836e-04
7.05749999999999999999999999999998e+01,-1.15517680863060649297871472169467e-03,-2.57100987899500574922866436255482e-05,-1.64792364178132766390915760356617e-03,6.26481308797528747016651642609298e-04
7.05999999999999999999999999999986e+01,-1.15573033947632534923704462889557e-03,-1.85775842919629884487251306290672e-05,-1.63217461028504279557197933453855e-03,6.33419642178220241038219600818907e-04
7.06250000000000000000000000000000e+01,-1.15610595055812644176561880856568e-03,-1.14766722352284472890390826315660e-05,-1.61625373899479554325417476461316e-03,6.40228423240721002269342021112416e-04
7.06499999999999999999999999999995e+01,-1.15630444350954042732927981539476e-03,-4.40828685955662593680086312295829e-06,-1.60016427185385095182528387970791e-03,6.46907244774505460728267227805072e-04
7.06750000000000000000000000000002e+01,-1.15632664295288506857779135187148e-03,2.62665698756520287197259987738380e-06,-1.58390946271475570380284531297984e-03,6.53455721240053048795434120044307e-04
7.07000000000000000000000000000000e+01,-1.15617339626328576258531314006636e-03,9.62725394436999206529446794094645e-06,-1.56749257479813303466213837048279e-03,6.59873488722734327374658972680627e-04
7.07249999999999999999999999999987e+01,-1.15584557333038474007605908035882e-03,1.65926082263191488880744766635075e-05,-1.55091688015266874767488842188459e-03,6.66160204883640578479597019330417e-04
7.07499999999999999999999999999999e+01,-1.15534406631778622238079534611828e-03,2.35218337157169294878770099214501e-05,-1.53418565911636446479237227690228e-03,6.72315548907379069273185990073454e-04
7.07749999999999999999999999999999e+01,-1.15466978942028493820559308775739e-03,3.04140540494265522904550999453323e-05,-1.51730219977913369053945430536755e-03,6.78339221446856545613852590953684e-04
7.08000000000000000000000000000001e+01,-1.15382367861892550963446974577846e-03,3.72684027046838898922661789922689e-05,-1.50026979744681569757407172601119e-03,6.84230944565073861163120055791306e-04
7.08249999999999999999999999999999e+01,-1.15280669143394031646678468729955e-03,4.40840230830049054793966666695191e-05,-1.48309175410668166561894299316130e-03,6.89990461673954990942713824034948e-04
7.08499999999999999999999999999987e+01,-1.15161980667561354000396603300246e-03,5.08600685921833068514398002900874e-05,-1.46577137789450692001972275836976e-03,6.95617537470234015767044827565586e-04
7.08749999999999999999999999999998e+01,-1.15026402419311917172359686555247e-03,5.75957027263751991581704501924628e-05,-1.44831198256328252235963191238786e-03,7.01111957868423996174281596673124e-04
7.08999999999999999999999999999998e+01,-1.14874036462138084890004637654475e-03,6.42900991442678253485584965900410e-05,-1.43071688695363886349778701283289e-03,7.06473529930891981384988891604502e-04
7.09250000000000000000000000000003e+01,-1.14704986912600144817340648210228e-03,7.09424417453297895024419770166890e-05,-1.41298941446605329922819973307642e-03,7.11702081795064720519570698619896e-04
7.09499999999999999999999999999998e+01,-1.14519359914631042939047922106902e-03,7.75519247441404616446068676548747e-05,-1.39513289253491325060802853495289e-03,7.16797462597789959853287919997552e-04
7.09749999999999999999999999999987e+01,-1.14317263613657697581217630628208e-03,8.41177527427965634615162092771102e-05,-1.37715065210450556500629833833220e-03,7.21759542396878521243176073325033e-04
7.10000000000000000000000000000002e+01,-1.14098808130543702305374040913615e-03,9.06391408013942336215467646587760e-05,-1.35904602710700230020903904826208e-03,7.26588212089852662916895663297462e-04
7.10249999999999999999999999999997e+01,-1.13864105535358230792017497625512e-03,9.71153145065851703471663722825726e-05,-1.34082235394251245261765208025596e-03,7.31283383329926524453743382163250e-04
7.10500000000000000000000000000002e+01,-1.13613269820975959961870763999555e-03,1.03545510038205748047358406516687e-04,-1.32248297096126850183059241134785e-03,7.35844988439244752953054346062077e-04
7.10749999999999999999999999999999e+01,-1.13346416876512829967109055512463e-03,1.09928974233978303785811841993421e-04,-1.30403121794801598784094182280451e-03,7.40272980319405697092778588215864e-04
7.10999999999999999999999999999986e+01,-1.13063664460602461322822535887231e-03,1.16264964652284087115994526628366e-04,-1.28547043560867367384980235755824e-03,7.44567332359295840095018790102367e-04
7.11250000000000000000000000000001e+01,-1.12765132174518050345133968338546e-03,1.22552749633007662389759741002626e-04,-1.26680396505933117742174734829821e-03,7.48728038340262421588225787894446e-04
7.11499999999999999999999999999996e+01,-1.12450941435144564222849769802072e-03,1.28791608356452845663809073536242e-04,-1.24803514731765027552725205089864e-03,7.52755112338651471985669662551555e-04
7.11750000000000000000000000000001e+01,-1.12121215447806056480357470130873e-03,1.34980830900330549118371922897875e-04,-1.22916732279673540506231377256316e-03,7.56648588625738751228338923649665e-04
7.11999999999999999999999999999998e+01,-1.11776079178952922295361952358099e-03,1.41119718294819195203616073287351e-04,-1.21020383080153818984342125608049e-03,7.60408521565081346486913339378648e-04
7.12249999999999999999999999999986e+01,-1.11415659328713911118788080083816e-03,1.47207582575698651212831209560781e-04,-1.19114800902786012798452606856638e-03,7.64034985507317940622416622265834e-04
7.12500000000000000000000000000000e+01,-1.11040084303317711307405775854863e-03,1.53243746835558922882003758649145e-04,-1.17200319306401687011051454403532e-03,7.67528074682446014854448377504131e-04
7.12749999999999999999999999999995e+01,-1.10649484187388918024192270793108e-03,1.59227545273085132634708279213630e-04,-1.15277271589522680918750308217474e-03,7.70887903089604495204650402387014e-04
7.13000000000000000000000000000002e+01,-1.10243990716123191490125709983426e-03,1.65158323240420593575307728409484e-04,-1.13345990741078598699185998779794e-03,7.74114604384390592908925459631981e-04
7.13250000000000000000000000000000e+01,-1.09823737247346407788730216823313e-03,1.71035437288610073607560863122556e-04,-1.11406809391409060053418109009314e-03,7.77208331763739824147121690724458e-04
7.13499999999999999999999999999987e+01,-1.09388858733462598837340320007906e-03,1.76858255211125624756296611905890e-04,-1.09460059763556766423830968247383e-03,7.80169257848398424116216339832962e-04
7.13749999999999999999999999999999e+01,-1.08939491693295471853098132304404e-03,1.82626156085477631024014477721113e-04,-1.07506073624857365048622024278268e-03,7.82997574563017594639296605426411e-04
7.13999999999999999999999999999999e+01,-1.08475774183828291662618664468932e-03,1.88338530312914004473216046402374e-04,-1.05545182238832019241550952091909e-03,7.85693493013899243113824647535187e-04
7.14250000000000000000000000000001e+01,-1.07997845771846901535927066905119e-03,1.93994779656210734357945571874440e-04,-1.03577716317388518873673000877809e-03,7.88257243364423083622130256343163e-04
7.14499999999999999999999999999999e+01,-1.07505847505490649870171919535944e-03,1.99594317275557268413188657280573e-04,-1.01604005973336690096289708674282e-03,7.90689074708185178439689996252855e-04
7.14749999999999999999999999999987e+01,-1.06999921885715981008985825216041e-03,2.05136567762540478656256453127121e-04,-9.96243806732237878953277348897563e-04,7.92989254939878199994232990711701e-04
7.14999999999999999999999999999998e+01,-1.06480212837677438762631067426355e-03,2.10620967172231235542652272963101e-04,-9.76391691904954791207521679715838e-04,7.95158070623943889582943107970182e-04
7.15249999999999999999999999999998e+01,-1.05946865682030820797734345408918e-03,2.16046963053377883201324277888064e-04,-9.56486995589879472042969752608627e-04,7.97195826861028379880288843691912e-04
7.15500000000000000000000000000003e+01,-1.05400027106163211000699568582340e-03,2.21414014476711174297331688268669e-04,-9.36532990267565728785497242856115e-04,7.99102847152271233480221984593225e-04
7.15749999999999999999999999999998e+01,-1.04839845135354605193260974323785e-03,2.26721592061365486091644275721044e-04,-9.16532940102465678540609888727603e-04,8.00879473261459229395908323248075e-04
7.15999999999999999999999999999987e+01,-1.04266469103875833198119945209497e-03,2.31969177999421400316587324741630e-04,-8.96490100488108606125433767517713e-04,8.02526065075076103543461021182103e-04
7.16250000000000000000000000000002e+01,-1.03680049626027467220980103687593e-03,2.37156266078574989414485820044538e-04,-8.76407717595804552473821348181659e-04,8.04043000460279617717905806503869e-04
7.16499999999999999999999999999997e+01,-1.03080738567124392834843748904570e-03,2.42282361702939410770287150325543e-04,-8.56289027926924056416814420222308e-04,8.05430675120837494414000087653028e-04
7.16750000000000000000000000000002e+01,-1.02468689014430704525811006106067e-03,2.47346981911984668262049709138889e-04,-8.36137257868804682329835706037063e-04,8.06689502451053912080248161785104e-04
7.16999999999999999999999999999999e+01,-1.01844055248049572791596054286495e-03,2.52349655397621655713330105171204e-04,-8.15955623254334171865714737663631e-04,8.07819913387718407080684272031896e-04
7.17249999999999999999999999999986e+01,-1.01206992711772714181827158896277e-03,2.57289922519436848800342016206611e-04,-7.95747328925259259996997280252074e-04,8.08822356260109174828903569573335e-04
7.17500000000000000000000000000001e+01,-1.00557657983894079441462598202380e-03,2.62167335318084260549249479385717e-04,-7.75515568299268394009090011910880e-04,8.09697296638082903264565012171903e-04
7.17749999999999999999999999999996e+01,-9.98962087479923580730018220795558e-04,2.66981457526841521484413855576621e-04,-7.55263522940895789055143701616898e-04,8.10445217178283407027350232283816e-04
7.18000000000000000000000000000001e+01,-9.92228037636868801749040799505949e-04,2.71731864581337189797370911360706e-04,-7.34994362136293445542953649886043e-04,8.11066617468501460288338206507795e-04
7.18249999999999999999999999999998e+01,-9.85376028373714783458503716300503e-04,2.76418143627456640215672466089565e-04,-7.14711242471916942113600157702167e-04,8.11562013870218350187889471729292e-04
7.18499999999999999999999999999986e+01,-9.78407667929308537698309558185283e-04,2.81039893527434122312636604144454e-04,-6.94417307417170003431355037016240e-04,8.11931939359365791220192984279299e-04
7.18750000000000000000000000000000e+01,-9.71324574424439713197509526148893e-04,2.85596724864138818862849709017195e-04,-6.74115686911052024573722189131952e-04,8.12176943365334953763652901563532e-04
7.18999999999999999999999999999995e+01,-9.64128375568789886441637999647315e-04,2.90088259943562971506648259469584e-04,-6.53809496952851913626676923230519e-04,8.12297591608267467358227627063880e-04
7.19250000000000000000000000000002e+01,-9.56820708367842037415484948750095e-04,2.94514132795520374047380607526269e-04,-6.33501839196930791289054962410087e-04,8.12294465934661361313840415736316e-04
7.19500000000000000000000000000000e+01,-9.49403218829794844878130719915042e-04,2.98873989172563763620456045231320e-04,-6.13195800551635261007217100086440e-04,8.12168164151325001779994517634585e-04
7.19749999999999999999999999999987e+01,-9.41877561672526219721316065404781e-04,3.03167486547129867684402250962273e-04,-5.92894452782382135533160211124778e-04,8.11919299857712175462183755445010e-04
7.19999999999999999999999999999999e+01,-9.34245400030650273182469562588576e-04,3.07394294106921091049125701788850e-04,-5.72600852118954675964044927799469e-04,8.11548502276671555692470131578187e-04
7.20249999999999999999999999999999e+01,-9.26508405162711689263715796033210e-04,3.11554092748533052036490985605839e-04,-5.52318038867049567417055814616501e-04,8.11056416083643866555313428631657e-04
7.20500000000000000000000000000001e+01,-9.18668256158561237689732757225535e-04,3.15646575069337399714622147871948e-04,-5.32049037024113021658148913030245e-04,8.10443701234340135293578967280127e-04
7.20749999999999999999999999999999e+01,-9.10726639646955925182787282188493e-04,3.19671445357629564064248056191494e-04,-5.11796853899503561372318245567931e-04,8.09711032790934492352207593462716e-04
7.20999999999999999999999999999987e+01,-9.02685249503427038824057644345498e-04,3.23628419581051307372261912938395e-04,-4.91564479739018203470531811276284e-04,8.08859100746805042212967429331093e-04
7.21249999999999999999999999999998e+01,-8.94545786558459085893388145064194e-04,3.27517225373298158214759874038753e-04,-4.71354887353817920007695257756031e-04,8.07888609849856386638666539432030e-04
7.21499999999999999999999999999998e+01,-8.86309958306022379911797755213382e-04,3.31337602019122019716628469878346e-04,-4.51171031753787415070550265492382e-04,8.06800279424457435046188155399229e-04
7.21750000000000000000000000000003e+01,-8.77979478612501762711857149886796e-04,3.35089300437639452038757654905913e-04,-4.31015849785363414518894562120045e-04,8.05594843192028184429414769593417e-04
7.21999999999999999999999999999998e+01,-8.69556067426063687277233886634261e-04,3.38772083163956335535534130784480e-04,-4.10892259773864822863022514457580e-04,8.04273049090309193553507499535059e-04
7.22249999999999999999999999999987e+01,-8.61041450486503615870814634587400e-04,3.42385724329119825492467345917007e-04,-3.90803161170357257969409926550190e-04,8.02835659091347513083114208714623e-04
7.22500000000000000000000000000002e+01,-8.52437359035615412668601353326069e-04,3.45930009638408711210676965893878e-04,-3.70751434203083629838554711083076e-04,8.01283449018232864956003906608062e-04
7.22749999999999999999999999999997e+01,-8.43745529528124129806598990961365e-04,3.49404736347973490913901086693659e-04,-3.50739939533491584525045148143738e-04,7.99617208360617890729646797391258e-04
7.23000000000000000000000000000002e+01,-8.34967703343223300512113950039875e-04,3.52809713239837669325277139357687e-04,-3.30771517916887788500760697659490e-04,7.97837740089056309839228565296838e-04
7.23249999999999999999999999999999e+01,-8.26105626496757562910682490298322e-04,3.56144760595271977007850747915603e-04,-3.10848989867748182527747259058002e-04,7.95945860468192844707827295966394e-04
7.23499999999999999999999999999986e+01,-8.17161049354091143248036518875984e-04,3.59409710166553400117611436677239e-04,-2.90975155329712487538167241540629e-04,7.93942398868838780427980679231504e-04
7.23750000000000000000000000000001e+01,-8.08135726343702427705206698219883e-04,3.62604405147121096460466903817365e-04,-2.71152793350290398245470770356030e-04,7.91828197578967032286909622580084e-04
7.23999999999999999999999999999996e+01,-7.99031415671544547769695413798861e-04,3.65728700140141458796362691373874e-04,-2.51384661760306053363950153607477e-04,7.89604111613660594759886853642789e-04
7.24250000000000000000000000000001e+01,-7.89849879036211595313149589196537e-04,3.68782461125494769013087938677302e-04,-2.31673496858106524522587569862709e-04,7.87271008524048240794386076253151e-04
7.24499999999999999999999999999998e+01,-7.80592881344949770179972780556236e-04,3.71765565425196066724940497345877e-04,-2.12022013098559219351763065623509e-04,7.84829768205261330304873517219033e-04
7.24749999999999999999999999999986e+01,-7.71262190430552445285432259396088e-04,3.74677901667263032665472587703722e-04,-1.92432902786862247924899561762098e-04,7.82281282703445571838136905429859e-04
7.25000000000000000000000000000000e+01,-7.61859576769177812036859048976747e-04,3.77519369748043860755305823429641e-04,-1.72908835777190955877544340799083e-04,7.79626456021861561378661430682829e-04
7.25249999999999999999999999999995e+01,-7.52386813199127442409408159333735e-04,3.80289880793018263033009845898613e-04,-1.53452459176202982229309811845374e-04,7.76866203926107897255111152698011e-04
7.25500000000000000000000000000002e+01,-7.42845674640623773304802928920659e-04,3.82989357116084919069229268968308e-04,-1.34066397051423355324888363856274e-04,7.74001453748500640089420841468442e-04
7.25750000000000000000000000000000e+01,-7.33237937816624183964414061121138e-04,3.85617732177348846423626883460074e-04,-1.14753250144530296514166692948306e-04,7.71033144191642851711369157915873e-04
7.25999999999999999999999999999987e+01,-7.23565380974708998256064945319288e-04,3.88174950539422331355267441369782e-04,-9.55155955895615583329922196492613e-05,7.67962225131217906968666458307054e-04
7.26249999999999999999999999999999e+01,-7.13829783610080400665152047143122e-04,3.90660967822253219237833217578684e-04,-7.63559866360602821492688413857445e-05,7.64789657418040227435733035298656e-04
7.26499999999999999999999999999999e+01,-7.04032926189708907860072489489870e-04,3.93075750656494521552134412990938e-04,-5.72769523771785196265022973554763e-05,7.61516412679397036214616122330010e-04
7.26750000000000000000000000000001e+01,-6.94176589877663686846177984449725e-04,3.95419276635429450463721145908592e-04,-3.82809974827557230500858487648838e-05,7.58143473119714678380638133635801e-04
7.26999999999999999999999999999999e+01,-6.84262556261662656057304063656759e-04,3.97691534265466142615547747720817e-04,-1.93706019373886716807543351394401e-05,7.54671831320582992193579602415957e-04
7.27249999999999999999999999999987e+01,-6.74292607080877947345772086739736e-04,3.99892522915216481051328238715372e-04,-5.48220783508464964203824863816045e-07,7.51102490040171151994248051225536e-04
7.27499999999999999999999999999998e+01,-6.64268523955031944798209441782058e-04,4.02022252763173568621061274163167e-04,1.81837161305206212450014458974583e-05,7.47436462012068334743686053959693e-04
7.27749999999999999999999999999998e+01,-6.54192088114818750690308113956604e-04,4.04080744744002548287004671109384e-04,3.68228043972664521744669553924190e-05,7.43674769743582488446071290596041e-04
7.28000000000000000000000000000003e+01,-6.44065080133685559755252526232259e-04,4.06068030493459605586120394722479e-04,5.53666652920453930544435522988134e-05,7.39818445313530402252185196955921e-04
7.28249999999999999999999999999998e+01,-6.33889279661008050336944652718163e-04,4.07984152291954125793627502629431e-04,7.38129460096774061477917357172953e-05,7.35868530169552194918944522798817e-04
7.28499999999999999999999999999987e+01,-6.23666465156693525001338621666613e-04,4.09829163006769112487298479408724e-04,9.21593198961684093992421411873709e-05,7.31826074924983250569021396857249e-04
7.28750000000000000000000000000002e+01,-6.13398413627245153872014016875086e-04,4.11603126032955104774183430778894e-04,1.10403486675309244793284341200513e-04,7.27692139155316538415588141538525e-04
7.28999999999999999999999999999997e+01,-6.03086900363320291430662854768097e-04,4.13306115232912957392906834418279e-04,1.28543172670181426726165700378813e-04,7.23467791194288156329501041848692e-04
7.29250000000000000000000000000002e+01,-5.92733698678815451864805045605801e-04,4.14938214874680971686472236289313e-04,1.46576131019560660437722428020380e-04,7.19154107929618836841335462128300e-04
7.29499999999999999999999999999999e+01,-5.82340579651510139325301152273983e-04,4.16499519568941986649566114796636e-04,1.64500141889209937700659982253175e-04,7.14752174598444048388993734824284e-04
7.29749999999999999999999999999986e+01,-5.71909311865301337734226690111344e-04,4.17990134204766158229581425672139e-04,1.82313012678054831416153452927577e-04,7.10263084582465214357627873738585e-04
7.30000000000000000000000000000001e+01,-5.61441661154060070116199833435108e-04,4.19410173884105271647682951200476e-04,2.00012578219234422403694581929368e-04,7.05687939202854457757677266424375e-04
7.30249999999999999999999999999996e+01,-5.50939390347141039879423706588173e-04,4.20759763855054545166293734295869e-04,2.17596700976022100389917782438219e-04,7.01027847514945160320806190433296e-04
7.30500000000000000000000000000001e+01,-5.40404259016575966127107786914895e-04,4.22039039443897993912292195351886e-04,2.35063271232611286887540798799389e-04,6.96283926102740501438029604993596e-04
7.30749999999999999999999999999998e+01,-5.29838023225980822025862408691004e-04,4.23248145985953528883228304797232e-04,2.52410207279761930205057886054984e-04,6.91457298873272014773139637060118e-04
7.30999999999999999999999999999986e+01,-5.19242435281206779583907992030018e-04,4.24387238755234069405919620323504e-04,2.69635455595304422134863179162011e-04,6.86549096850840068579747256355195e-04
7.31250000000000000000000000000000e+01,-5.08619243482764255976051969277611e-04,4.25456482892941047633044936551101e-04,2.86736991019498381826761395285524e-04,6.81560457971168039734869910245519e-04
7.31499999999999999999999999999995e+01,-4.97970191880049045858943919608563e-04,4.26456053334806781581795579411799e-04,3.03712816925244544860157105692949e-04,6.76492526875501811286278679749735e-04
7.31750000000000000000000000000002e+01,-4.87297020027399111007829025730675e-04,4.27386134737302288764372671639114e-04,3.20560965383148784477007802903386e-04,6.71346454704686078933244846432395e-04
7.32000000000000000000000000000000e+01,-4.76601462742010183138326320343396e-04,4.28246921402727205262691884908374e-04,3.37279497321438077225641637706549e-04,6.66123398893248803388700100777468e-04
7.32249999999999999999999999999987e+01,-4.65885249863737918028643517711993e-04,4.29038617203198564664734842359905e-04,3.53866502680729006791417948696921e-04,6.60824522963524993083320504125444e-04
7.32499999999999999999999999999999e+01,-4.55150106016813919114342040344560e-04,4.29761435503555277323256161152464e-04,3.70320100563650177454399542466388e-04,6.55450996319850845232204854885524e-04
7.32749999999999999999999999999999e+01,-4.44397750373502526676887822103968e-04,4.30415599083195233013069226487953e-04,3.86638439379320682318400647806769e-04,6.50003994042859112928157935458300e-04
7.33000000000000000000000000000001e+01,-4.33629896419724844669971182691199e-04,4.31001340056862029629762268844017e-04,4.02819696982687541102248864016167e-04,6.44484696683906401666384527826111e-04
7.33249999999999999999999999999999e+01,-4.22848251722676051194881759284358e-04,4.31518899794398407486171422303787e-04,4.18862080808725787775435193353428e-04,6.38894290059662930557675416213153e-04
7.33499999999999999999999999999987e+01,-4.12054517700461610711721514991548e-04,4.31968528839483543186178027888947e-04,4.34763828001505649559676505901136e-04,6.33233965046895121484496443428994e-04
7.33749999999999999999999999999998e+01,-4.01250389393777576320468844899646e-04,4.32350486827371428844634277027170e-04,4.50523205538132015709596098100025e-04,6.27504917377471203655200805851270e-04
7.33999999999999999999999999999998e+01,-3.90437555239659738934701219294459e-04,4.32665042401647631252729007167392e-04,4.66138510347562146935723548678690e-04,6.21708347433619841487736508027165e-04
7.34250000000000000000000000000003e+01,-3.79617696847325946979033196007656e-04,4.32912473130021791173772240702129e-04,4.81608069424308324249072329815907e-04,6.15845460043471610572222286907655e-04
7.34499999999999999999999999999998e+01,-3.68792488776135485451674762188161e-04,4.33093065419173285213815489464316e-04,4.96930239937032879297862986001296e-04,6.09917464276912959669817025823150e-04
7.34749999999999999999999999999987e+01,-3.57963598315688966887641688915799e-04,4.33207114428667531790986130827311e-04,5.12103409332043786843676105716402e-04,6.03925573241782106333891727699324e-04
7.35000000000000000000000000000002e+01,-3.47132685268091749012272943940088e-04,4.33254923983960478891623312693881e-04,5.27125995431699733797255908522957e-04,5.97871003880436119813264226115599e-04
7.35249999999999999999999999999997e+01,-3.36301401732403454758626693715477e-04,4.33236806488508864776071923121753e-04,5.41996446527734308114850759496747e-04,5.91754976766718247448904204952963e-04
7.35500000000000000000000000000002e+01,-3.25471391891295729901977856455894e-04,4.33153082835003893655901510097629e-04,5.56713241469509674756886639742267e-04,5.85578715903354339852914198503376e-04
7.35749999999999999999999999999999e+01,-3.14644291799939931906367718464260e-04,4.33004082315746016509012298433037e-04,5.71274889747210824745804777597841e-04,5.79343448519807025821833752479857e-04
7.35999999999999999999999999999986e+01,-3.03821729177146000752277035175102e-04,4.32790142532178552427455980060660e-04,5.85679931569992197044497872970502e-04,5.73050404870616080248556193421913e-04
7.36250000000000000000000000000001e+01,-2.93005323198773318596499330310874e-04,4.32511609303597928012123919713565e-04,5.99926937939089181427911035078114e-04,5.66700818034253217315644914299831e-04
7.36499999999999999999999999999996e+01,-2.82196684293433920184224985951213e-04,4.32168836575058351259171318962696e-04,6.14014510715907713656301480621923e-04,5.60295923712519327024922466380450e-04
7.36750000000000000000000000000001e+01,-2.71397413940507970068223302955491e-04,4.31762186324488772206293632195119e-04,6.27941282685105871998714787291260e-04,5.53836960030511955683057081651435e-04
7.36999999999999999999999999999998e+01,-2.60609104470490975966049097789726e-04,4.31292028469040015530821988357850e-04,6.41705917612682076419706292864803e-04,5.47325167337190610356871743055484e-04
7.37249999999999999999999999999986e+01,-2.49833338867691760072885499870183e-04,4.30758740770680000545181377210737e-04,6.55307110299085178452424161937957e-04,5.40761788006567243574824802921515e-04
7.37500000000000000000000000000000e+01,-2.39071690575299761909846396870183e-04,4.30162708741054991739905316833523e-04,6.68743586627362410859163530543513e-04,5.34148066239549047729585881055858e-04
7.37749999999999999999999999999995e+01,-2.28325723302839797389450768982090e-04,4.29504325545634848115265435409758e-04,6.82014103606361841549972174030990e-04,5.27485247866460458786415865609215e-04
7.38000000000000000000000000000002e+01,-2.17596990836031949289497849296487e-04,4.28783991907160261798019908832977e-04,6.95117449409006645815882111391995e-04,5.20774580150271036084464814413195e-04
7.38250000000000000000000000000000e+01,-2.06887036849073814317836850176147e-04,4.28002116008409995616216556521468e-04,7.08052443405659174662447033909668e-04,5.14017311590555649294151567229061e-04
7.38499999999999999999999999999987e+01,-1.96197394719361881502226426668164e-04,4.27159113394306145301814476688323e-04,7.20817936192593454829519534453590e-04,5.07214691728213165017475664999661e-04
7.38749999999999999999999999999999e+01,-1.85529587344668365829938190406616e-04,4.26255406873375464936747910375695e-04,7.33412809615595407883858909451477e-04,5.00367970950969584132870971642726e-04
7.38999999999999999999999999999999e+01,-1.74885126962789369963666617959657e-04,4.25291426418584804449148404602747e-04,7.45835976788710721502447877165288e-04,4.93478400299691336827693186771703e-04
7.39250000000000000000000000000001e+01,-1.64265514973679795538704301993491e-04,4.24267609067568715684521060917907e-04,7.58086382108160945657422755267979e-04,4.86547231275534195366051773781386e-04
7.39499999999999999999999999999999e+01,-1.53672241764089974061478907462147e-04,4.23184398822267288903593971931589e-04,7.70163001261449019800418517772786e-04,4.79575715647953015054066550053965e-04
7.39749999999999999999999999999987e+01,-1.43106786534718535842986555886732e-04,4.22042246547992284318022651111932e-04,7.82064841231676064258374618860722e-04,4.72565105263597261649348802939378e-04
7.39999999999999999999999999999998e+01,-1.32570617129895583780535058058198e-04,4.20841609871939623151442996204256e-04,7.93790940297091889829560222381469e-04,4.65516651856117028685707575689236e-04
7.40249999999999999999999999999998e+01,-1.22065189869809787222973546308825e-04,4.19582953081166299473227545452079e-04,8.05340368025902293944590504896014e-04,4.58431606856903990913482554649118e-04
7.40500000000000000000000000000003e+01,-1.11591949385292559696464983416529e-04,4.18266747020049767717362835715768e-04,8.16712225266356819670830645623237e-04,4.51311221206791480342282484165734e-04
7.40749999999999999999999999999998e+01,-1.01152328455172033004097849599344e-04,4.16893468987247851645264748256526e-04,8.27905644132141255229222767446028e-04,4.44156745168737609252735104863516e-04
7.40999999999999999999999999999987e+01,-9.07477478462090892091172182928246e-05,4.15463602632177208891930354306461e-04,8.38919787983099746500435618272757e-04,4.36969428141515100047826126892731e-04
7.41250000000000000000000000000002e+01,-8.03796161556272613269189685374980e-05,4.13977637851028371346287589113719e-04,8.49753851401311983163387363941070e-04,4.29750518474431214981690770188048e-04
7.41499999999999999999999999999997e+01,-7.00493296562478632424273180813748e-05,4.12436070682335365374818123091304e-04,8.60407060162551500575882784774821e-04,4.22501263283100909690914155455686e-04
7.41750000000000000000000000000002e+01,-5.97582721442412594994089299038293e-05,4.10839403202117897008476101065528e-04,8.70878671203151714218208675938786e-04,4.15222908266296063131470534732851e-04
7.41999999999999999999999999999999e+01,-4.95078147895047362467819805660522e-05,4.09188143418614065388049173590193e-04,8.81167972582306871421737502799474e-04,4.07916697523893363065499089109718e-04
7.42249999999999999999999999999986e+01,-3.92993159886769858489777379159954e-05,4.07482805166621542926657951412902e-04,8.91274283439835666143250416197621e-04,4.00583873375943150705230777755942e-04
7.42500000000000000000000000000001e+01,-2.91341212207987695462136440388844e-05,4.05723908001465132992735319190036e-04,9.01196953949435816670400363232056e-04,3.93225676182881250547513447462213e-04
7.42749999999999999999999999999996e+01,-1.90135629056288751524605697112565e-05,4.03911977092608585774009278168041e-04,9.10935365267458453303953935234804e-04,3.85843344166905531852157156571350e-04
7.43000000000000000000000000000001e+01,-8.93896026462404016255110934243192e-06,4.02047543116928520604710796711984e-04,9.20488929477231703208430193214876e-04,3.78438113234538666665982023742834e-04
7.43249999999999999999999999999998e+01,1.08838081540893513959637312858257e-06,4.00131142151668268443824084737183e-04,9.29857089528963392705822528778815e-04,3.71011216800398265823352199807716e-04
7.43499999999999999999999999999986e+01,1.10671679159811048646291032750653e-05,3.98163315567089411181038325859302e-04,9.39039319175253313260074540794373e-04,3.63563885612195289030600493518597e-04
7.43750000000000000000000000000000e+01,2.09961222179019892129017740811447e-05,3.96144609918838754757524975904972e-04,9.48035122902246016217491653797704e-04,3.56097347576981338038559670269293e-04
7.43999999999999999999999999999995e+01,3.08739786295659877999322617424066e-05,3.94075576840048430586139826062625e-04,9.56844035856455612986635901092265e-04,3.48612827588665153087804065049120e-04
7.44250000000000000000000000000002e+01,4.06994859125381435330716712970875e-05,3.91956772933186774521662791177001e-04,9.65465623767294561718182206703411e-04,3.41111547356818342322352278098711e-04
7.44500000000000000000000000000000e+01,5.04714068044332465997984076273255e-05,3.89788759661677584904146114176171e-04,9.73899482865338918639430415218948e-04,3.33594725236790081744830095253897e-04
7.44749999999999999999999999999987e+01,6.01885181390827075458534515218904e-05,3.87572103241305311216884302726710e-04,9.82145239796363021969248197798885e-04,3.26063576061150229565035987704360e-04
7.44999999999999999999999999999999e+01,6.98496109639840665628393298776037e-05,3.85307374531423672766989221920120e-04,9.90202551531177058747763651046650e-04,3.18519310972480003521335818260124e-04
7.45249999999999999999999999999999e+01,7.94534906550284429154955781803149e-05,3.82995148925985152439247324438061e-04,9.98071105271301439923082920300185e-04,3.10963137257529072990981051237024e-04
7.45500000000000000000000000000001e+01,8.89989770285016638609564622986571e-05,3.80636006244408753823368980842289e-04,1.00575061835051237660825243396767e-03,3.03396258182757619518891447840050e-04
7.45749999999999999999999999999999e+01,9.84849044503552463840879875994441e-05,3.78230530622303350729634620703893e-04,1.01324083813229351052085446426385e-03,2.95819872831281619848506568891943e-04
7.45999999999999999999999999999987e+01,1.07910121942743837530572107566966e-04,3.75779310402063896266988334824206e-04,1.02054154190322890421172064383871e-03,2.88235175941239304685985235458183e-04
7.46249999999999999999999999999998e+01,1.17273493287826150000008621485335e-04,3.73282938023357694368156788767940e-04,1.02765253676237314174615936002344e-03,2.80643357745596444313169200581442e-04
7.46499999999999999999999999999998e+01,1.26573897128826858905852890536432e-04,3.70742009913517870078895563950103e-04,1.03457365950663472798972210926115e-03,2.73045603813407808824995178227707e-04
7.46750000000000000000000000000003e+01,1.35810227068357353162500760128708e-04,3.68157126377861106226452098953301e-04,1.04130477651220940454082204997346e-03,2.65443094892551846247804687251578e-04
7.46999999999999999999999999999998e+01,1.44981391763993660769796148531558e-04,3.65528891489946643299703518926686e-04,1.04784578361210042261562136935330e-03,2.57837006753955316149089262325222e-04
7.47249999999999999999999999999987e+01,1.54086315021110291279269312084466e-04,3.62857912981793466466696024997000e-04,1.05419660596976322779909131553786e-03,2.50228510037324309636001392675725e-04
7.47500000000000000000000000000002e+01,1.63123935882969160890200636735322e-04,3.60144802134072528525352137599882e-04,1.06035719794891241850409988978698e-03,2.42618770098397778920042861199789e-04
7.47749999999999999999999999999997e+01,1.72093208718063185880342119718542e-04,3.57390173666290780140654867131701e-04,1.06632754297952923920335051773648e-03,2.35008946857739390955431055558515e-04
7.48000000000000000000000000000002e+01,1.80993103304714548367546264992225e-04,3.54594645626983698944986492032074e-04,1.07210765342010826099387647323576e-03,2.27400194651083210089465882384418e-04
7.48249999999999999999999999999999e+01,1.89822604912928054666995262565683e-04,3.51758839283932927037348958567701e-04,1.07769757041618228579868865690524e-03,2.19793662081248404240694463314275e-04
7.48499999999999999999999999999986e+01,1.98580714383500420699252620857342e-04,3.48883379014425542250727019256913e-04,1.08309736375516488648429696736560e-03,2.12190491871637857889087879204077e-04
7.48750000000000000000000000000001e+01,2.07266448204386730965747949944113e-04,3.45968892195571402410705711766158e-04,1.08830713171755036335652006244139e-03,2.04591820721335263167880303953545e-04
7.48999999999999999999999999999996e+01,2.15878838584325727492278288774881e-04,3.43016009094694913763380382816623e-04,1.09332700092451125787180776396451e-03,1.96998779161814947639358454823161e-04
7.49250000000000000000000000000001e+01,2.24416933523725992800089725566773e-04,3.40025362759817484781322374155367e-04,1.09815712618193391695008109761130e-03,1.89412491415278383971449067319972e-04
7.49499999999999999999999999999998e+01,2.32879796882815496348685982146362e-04,3.36997588910246834552343489844606e-04,1.10279769032093294598211251204076e-03,1.81834075254631012765937936038874e-04
7.49749999999999999999999999999986e+01,2.41266508447057376952242564245071e-04,3.33933325827289230799713279688838e-04,1.10724890403488572547542561238181e-03,1.74264641865112695279355506773704e-04
7.50000000000000000000000000000000e+01,2.49576163989835234347921209010912e-04,3.30833214245100636242187139841792e-04,1.11151100571302849526466199676857e-03,1.66705295707594797776315746749794e-04
7.50249999999999999999999999999995e+01,2.57807875332411601335851723423692e-04,3.27697897241692643575189053811430e-04,1.11558426127065583131364416960135e-03,1.59157134383556593808497392041987e-04
7.50500000000000000000000000000002e+01,2.65960770401163663667200053346813e-04,3.24528020130108979028391040542812e-04,1.11946896397596565334634814727959e-03,1.51621248501753354862173662095096e-04
7.50750000000000000000000000000000e+01,2.74033993282100688083443849857653e-04,3.21324230349788252402819345381509e-04,1.12316543427359220685311332045081e-03,1.44098721546588183605380356102079e-04
7.50999999999999999999999999999987e+01,2.82026704272668009564593462799590e-04,3.18087177358128527768623293717959e-04,1.12667401960486976041820435042439e-03,1.36590629748199327440319035420051e-04
7.51249999999999999999999999999999e+01,2.89938079930842816884002646569855e-04,3.14817512522269183524230842018469e-04,1.12999509422487004879813844853360e-03,1.29098041954274393282834391018671e-04
7.51499999999999999999999999999999e+01,2.97767313121527360946611269408124e-04,3.11515889011105423117230244001974e-04,1.13312905901625677374129021326241e-03,1.21622019503602567508408026821908e-04
7.51750000000000000000000000000001e+01,3.05513613060245593056332407533340e-04,3.08182961687550688298384915180916e-04,1.13607634130000074817394659425443e-03,1.14163616101375627880101975303438e-04
7.51999999999999999999999999999999e+01,3.13176205354149620166269651913665e-04,3.04819387001062115360874154086961e-04,1.13883739464299953508329468691267e-03,1.06723877696248217056944170360924e-04
7.52249999999999999999999999999987e+01,3.20754332040342741264833841105731e-04,3.01425822880444061586134951660284e-04,1.14141269866264569020197237971732e-03,9.93038423591675300112741332261682e-05
7.52499999999999999999999999999998e+01,3.28247251621526203299143778958912e-04,2.98002928626944614291227185268232e-04,1.14380275882838796744092517556913e-03,9.19045401639822503973024650391002e-05
7.52749999999999999999999999999998e+01,3.35654239098977186396287545572816e-04,2.94551364807659878572092020898328e-04,1.14600810626033008792748613728106e-03,8.45269930698402536521912470581495e-05
7.53000000000000000000000000000003e+01,3.42974586002865896576064379250859e-04,2.91071793149260722024352857872387e-04,1.14802929752491190748508395102218e-03,7.71722148053842774265749675132513e-05
7.53249999999999999999999999999998e+01,3.50207600419920009616091933454139e-04,2.87564876432056535246090979814198e-04,1.14986691442771804344242936957834e-03,6.98412107547544428924145612170603e-05
7.53499999999999999999999999999987e+01,3.57352607018445072188057904781093e-04,2.84031278384410445642656923330101e-04,1.15152156380345923978756267711860e-03,6.25349778454061936211193899144732e-05
7.53750000000000000000000000000002e+01,3.64408947070709825786683393151925e-04,2.80471663577520298943909055952169e-04,1.15299387730317195989127242957506e-03,5.52545044377519021147108413656005e-05
7.53999999999999999999999999999997e+01,3.71375978472705775276440703207508e-04,2.76886697320579598041943634654164e-04,1.15428451117868189832175883486214e-03,4.80007702166340777476824293072132e-05
7.54250000000000000000000000000002e+01,3.78253075761290677045505287619938e-04,2.73277045556332462468187732385839e-04,1.15539414606437729766557099686708e-03,4.07747460846377938715860468436616e-05
7.54499999999999999999999999999999e+01,3.85039630128725971746830645805666e-04,2.69643374757036544207612554319382e-04,1.15632348675633814276723191279645e-03,3.35773940572496361854127068562427e-05
7.54749999999999999999999999999986e+01,3.91735049434618533389872257164025e-04,2.65986351820847706615616168603846e-04,1.15707326198886748341105168397830e-03,2.64096671598701592286990707488588e-05
7.55000000000000000000000000000001e+01,3.98338758215277450089448934634929e-04,2.62306643968640142858403365286131e-04,1.15764422420847130720416330726240e-03,1.92725093266865230657892618563460e-05
7.55249999999999999999999999999996e+01,4.04850197690496892043476273915199e-04,2.58604918641275478409696298533081e-04,1.15803714934533354729195637673285e-03,1.21668553014116679557604580491570e-05
7.55500000000000000000000000000001e+01,4.11268825767776459259325400180171e-04,2.54881843397334268650877382995423e-04,1.15825283658233296455935528084362e-03,5.09363053989607109434795352444362e-06
7.55749999999999999999999999999998e+01,4.17594117043990735140038319100964e-04,2.51138085811323167606891331743112e-04,1.15829210812164879115847205943369e-03,-1.94624888538218358658592957072036e-06
7.55999999999999999999999999999986e+01,4.23825562804520102240209388066424e-04,2.47374313372370907460615331665713e-04,1.15815580894900216157068528457854e-03,-8.95187637894360403504654134818052e-06
7.56250000000000000000000000000000e+01,4.29962671019855203274658885861079e-04,2.43591193383426090874452583983375e-04,1.15784480659558048897563926227800e-03,-1.59223549140446503646453321783623e-05
7.56499999999999999999999999999995e+01,4.36004966339687753781553508979459e-04,2.39789392860969659379057255082352e-04,1.15735999089769206847845450310461e-03,-2.28567971225214611270345750480039e-05
7.56750000000000000000000000000002e+01,4.41951990084500732676291204128344e-04,2.35969578435254761136320972504263e-04,1.15670227375419830475815441645110e-03,-2.97543253827354601832822042616568e-05
7.57000000000000000000000000000000e+01,4.47803300234671293252655448428773e-04,2.32132416251086600165425746430172e-04,1.15587258888177106996478252020572e-03,-3.66140719056166682621841771667908e-05
7.57249999999999999999999999999987e+01,4.53558471417100049960918397049557e-04,2.28278571869154706574751036883637e-04,1.15487189156802279823102775737863e-03,-4.34351788188008519002893709461807e-05
7.57499999999999999999999999999999e+01,4.59217094889380705485474833737083e-04,2.24408710167929923476589304430434e-04,1.15370115842255701599866713870944e-03,-5.02167982488569501533562117029763e-05
7.57749999999999999999999999999999e+01,4.64778778521524288225122742137026e-04,2.20523495246138261156300876882607e-04,1.15236138712598709251403917889735e-03,-5.69580924016015262151891395625123e-05
7.58000000000000000000000000000001e+01,4.70243146775252572217708814753739e-04,2.16623590325823622836413103413841e-04,1.15085359617697107234423099506331e-03,-6.36582336404972968423362975957657e-05
7.58249999999999999999999999999999e+01,4.75609840680875549820670130885643e-04,2.12709657656011259114653204400319e-04,1.14917882463731052163174888870645e-03,-7.03164045631330972244405842342316e-05
7.58499999999999999999999999999987e+01,4.80878517811768122034924653632665e-04,2.08782358416983659905786025157450e-04,1.14733813187516138206619459051937e-03,-7.69317980757829426180504558552230e-05
7.58749999999999999999999999999998e+01,4.86048852256461462216834485807651e-04,2.04842352625180443468035514107235e-04,1.14533259730640488123403410679252e-03,-8.35036174660421506310215073029238e-05
7.58999999999999999999999999999998e+01,4.91120534588364796036071512798716e-04,2.00890299038733651803674575743345e-04,1.14316332013422659514021435281455e-03,-9.00310764735387894596804511363427e-05
7.59250000000000000000000000000003e+01,4.96093271833133623879611406270026e-04,1.96926855063649710356006359440470e-04,1.14083141908695179830755604496789e-03,-9.65133993587190175987395051329554e-05
7.59499999999999999999999999999998e+01,5.00966787433700691446832656205724e-04,1.92952676660649157487450633420916e-04,1.13833803215418526898195711754631e-03,-1.02949820969705179525372397085254e-04
7.59749999999999999999999999999987e+01,5.05740821212986290001676985897215e-04,1.88968418252675095773705667211507e-04,1.13568431632130374163484509598727e-03,-1.09339586807225819567713690982676e-04
7.60000000000000000000000000000002e+01,5.10415129334304739620886994768055e-04,1.84974732633081162782065288581824e-04,1.13287144730234921619127154604257e-03,-1.15681953087617072569254808241627e-04
7.60249999999999999999999999999997e+01,5.14989484259484176780805197578261e-04,1.80972270874509663814101754154249e-04,1.12990061927137134325568287976472e-03,-1.21976186803895185018283715669750e-04
7.60500000000000000000000000000002e+01,5.19463674704717031739403834645343e-04,1.76961682238470353141090114196895e-04,1.12677304459226710709178783242692e-03,-1.28221565784900213987661815057095e-04
7.60749999999999999999999999999999e+01,5.23837505594158841376093751931230e-04,1.72943614085630193541412767642048e-04,1.12348995354716602327311028390430e-03,-1.34417378752511243484629571781181e-04
7.60999999999999999999999999999986e+01,5.28110798011293299429670430730210e-04,1.68918711786824266413114059875962e-04,1.12005259406340905579282776421491e-03,-1.40562925376933748601619545885545e-04
7.61250000000000000000000000000001e+01,5.32283389148081698403370090697938e-04,1.64887618634797846331400016623824e-04,1.11646223143916943904243962909569e-03,-1.46657516330060027146747615911164e-04
7.61499999999999999999999999999996e+01,5.36355132251915165763597085567073e-04,1.60850975756689494650223851430467e-04,1.11272014806776356347675153386499e-03,-1.52700473336903906179209384541407e-04
7.61750000000000000000000000000001e+01,5.40325896570388341424544720160023e-04,1.56809422027264866682227653358647e-04,1.10882764316070005001656134356398e-03,-1.58691129225111217046513279765183e-04
7.61999999999999999999999999999998e+01,5.44195567293913383866302023231551e-04,1.52763593982910766253438237265926e-04,1.10478603246951509734004722119726e-03,-1.64628827972547817086298834449103e-04
7.62249999999999999999999999999986e+01,5.47964045496193428563770807530724e-04,1.48714125736398820127523324300748e-04,1.10059664800644213821972377378636e-03,-1.70512924752967219084229586230797e-04
7.62500000000000000000000000000000e+01,5.51631248072574854694406739268383e-04,1.44661648892427982970066910625337e-04,1.09626083776396378601529301741855e-03,-1.76342785979760170836900400694872e-04
7.62749999999999999999999999999995e+01,5.55197107676297944330999793848589e-04,1.40606792463954921136179091372310e-04,1.09177996543329399037602622847989e-03,-1.82117789347788806716731359050516e-04
7.63000000000000000000000000000002e+01,5.58661572652665742496359356697059e-04,1.36550182789321160536736280606536e-04,1.08715541012183825218270724962219e-03,-1.87837323873308270934427635289684e-04
7.63250000000000000000000000000000e+01,5.62024606971151146543133639441294e-04,1.32492443450185720124980758130000e-04,1.08238856606967967181286744529570e-03,-1.93500789931978988205753367407372e-04
7.63499999999999999999999999999987e+01,5.65286190155462469307241233729726e-04,1.28434195190271788185589581146570e-04,1.07748084236513852198915624572410e-03,-1.99107599294973031720204630728161e-04
7.63749999999999999999999999999999e+01,5.68446317211587932352747943250900e-04,1.24376055834935833719768196619983e-04,1.07243366265945294681508086131213e-03,-2.04657175163178310651953292286305e-04
7.63999999999999999999999999999999e+01,5.71504998553839753368006210533952e-04,1.20318640211567379936360590593647e-04,1.06724846488062829216153624626550e-03,-2.10148952199504569922315642153933e-04
7.64250000000000000000000000000001e+01,5.74462259928918695378763904790881e-04,1.16262560070827501257890279964220e-04,1.06192670094650246938872556352763e-03,-2.15582376559295463489478118425223e-04
7.64499999999999999999999999999999e+01,5.77318142338020144905808065092154e-04,1.12208424008733939318583270699157e-04,1.05646983647707464451921311452631e-03,-2.20956905918851229071617842482327e-04
7.64749999999999999999999999999987e+01,5.80072701957002981503362487967874e-04,1.08156837389600567093408395886165e-04,1.05087935050614442846782383510561e-03,-2.26272009502066756866415126653938e-04
7.64999999999999999999999999999998e+01,5.82726010054642692258806182994741e-04,1.04108402269838763486719828453287e-04,1.04515673519230862083271336728002e-03,-2.31527168105190107476403285765963e-04
7.65249999999999999999999999999998e+01,5.85278152908990371802403279746633e-04,1.00063717322628093432465475524148e-04,1.03930349552936243010985256052406e-03,-2.36721874119706794853752901082024e-04
7.65500000000000000000000000000003e+01,5.87729231721859431156987398143466e-04,9.60233777634635209058388775869059e-05,1.03332114905615195706178863203984e-03,-2.41855631553355408614253145805048e-04
7.65749999999999999999999999999998e+01,5.90079362531462017344167338619981e-04,9.19879752765862143475704752431254e-05,1.02721122556592458540284115702749e-03,-2.46927956049280406516116159219203e-04
7.65999999999999999999999999999987e+01,5.92328676123217320050803653412215e-04,8.79580979423048359534743744454900e-05,1.02097526681522377500941067437867e-03,-2.51938374903328162231011517477289e-04
7.66250000000000000000000000000002e+01,5.94477317938754111843907651627977e-04,8.39343301652140381027950905981801e-05,1.01461482623237459757902035733257e-03,-2.56886427079492605723779829928850e-04
7.66499999999999999999999999999997e+01,5.96525447983130034399942415887798e-04,7.99172526033167218408657890095127e-05,1.00813146862560619309905493745271e-03,-2.61771663223517043570430224301684e-04
7.66750000000000000000000000000002e+01,5.98473240730290304980448820979866e-04,7.59074420980564437323788014862213e-05,1.00152676989085715770073102831955e-03,-2.66593645674658994347460743498327e-04
7.66999999999999999999999999999999e+01,6.00320885026788674933596864037202e-04,7.19054716052661885444762717266985e-05,9.94802316719309699521259896321872e-04,-2.71351948475625119789168425728589e-04
7.67249999999999999999999999999986e+01,6.02068583993793625324766116382360e-04,6.79119101270395561571440734105901e-05,9.87959706304698219133757899454351e-04,-2.76046157380683575709068371635956e-04
7.67500000000000000000000000000001e+01,6.03716554927402933894690962300002e-04,6.39273226445302419317791463174581e-05,9.81000546050437784987083417384513e-04,-2.80675869861961347696440334042761e-04
7.67749999999999999999999999999996e+01,6.05265029197289892409708101249044e-04,5.99522700516855205922158089010194e-05,9.73926453276617782183795447665084e-04,-2.85240695113934375308983039777849e-04
7.67999999999999999999999999999996e+01,6.06714252143704594105678615433341e-04,5.59873090899192745330961335479663e-05,9.66739054926905814871749883072838e-04,-2.89740254056118504863813750578754e-04
7.68249999999999999999999999999998e+01,6.08064482972853847336132718329404e-04,5.20329922837299383596133879574449e-05,9.59439987275406738592032833862307e-04,-2.94174179333969544953934771698267e-04
7.68499999999999999999999999999986e+01,6.09315994650683403716355947972998e-04,4.80898678772685623434437443855277e-05,9.52030895633521489172251641689849e-04,-2.98542115318000930456655886801883e-04
7.68750000000000000000000000000000e+01,6.10469073795086317007919482640913e-04,4.41584797718620283281149069977049e-05,9.44513434056850159239648605026239e-04,-3.02843718101127730027152513927838e-04
7.68999999999999999999999999999995e+01,6.11524020566561372711860701208138e-04,4.02393674644962824498162732874583e-05,9.36889265052183552213683924633765e-04,-3.07078655494245958861275432309849e-04
7.69249999999999999999999999999994e+01,6.12481148557345647833610185309596e-04,3.63330659872642799140276414066934e-05,9.29160059284627216783794683546554e-04,-3.11246607020056382847448358641297e-04
7.69500000000000000000000000000000e+01,6.13340784679045375550817434124626e-04,3.24401058477831680589881323172108e-05,9.21327495284901732446582837194548e-04,-3.15347263905142222089770470144605e-04
7.69749999999999999999999999999987e+01,6.14103269048789400560194400149499e-04,2.85610129705850651064696354103225e-05,9.13393259156862778729792195032199e-04,-3.19380329070310381153786748566233e-04
7.69999999999999999999999999999999e+01,6.14768954873929617706308855153888e-04,2.46963086394856233801446262248731e-05,9.05359044285284277330694163506831e-04,-3.23345517119206050240974179928809e-04
7.70249999999999999999999999999999e+01,6.15338208335312889109229436665303e-04,2.08465094409343973623645853777028e-05,8.97226551043947647607074974426655e-04,-3.27242554325210735814439739780110e-04
7.70499999999999999999999999999994e+01,6.15811408469149033414126929237691e-04,1.70121272083508687458062684580562e-05,8.88997486504079961743648640422436e-04,-3.31071178616633990953518840776376e-04
7.70749999999999999999999999999999e+01,6.16188947047499574989088983280566e-04,1.31936689674498126074862271818500e-05,8.80673564143183526539712065777289e-04,-3.34831139560209324887645768751124e-04
7.70999999999999999999999999999987e+01,6.16471228457412030902255095893760e-04,9.39163688255952100295383696579362e-06,8.72256503554299154190014165806630e-04,-3.38522198342904977731226944237044e-04
7.71249999999999999999999999999998e+01,6.16658669578724599321393574633917e-04,5.60652820393623269116169312998035e-06,8.63748030155745114725376171554962e-04,-3.42144127752060450394404132074854e-04
7.71499999999999999999999999999998e+01,6.16751699660566194605054075501607e-04,1.83883521607795041852322389309187e-06,8.55149874901373488008231350425070e-04,-3.45696712153859880963496414416227e-04
7.71749999999999999999999999999993e+01,6.16750760196576851802878714219299e-04,-1.91095481295933972418845214344119e-06,8.46463773991385353407007975865862e-04,-3.49179747470153557513224989321884e-04
7.71999999999999999999999999999998e+01,6.16656304798873596563267799601521e-04,-5.64235968124019886788568475492272e-06,8.37691468583745970568638084119536e-04,-3.52593041153639053313263009881273e-04
7.72249999999999999999999999999987e+01,6.16468799070786945569622527527459e-04,-9.35490230162033395004251296186796e-06,8.28834704506240815137360398374297e-04,-3.55936412161413663705940132632601e-04
7.72500000000000000000000000000002e+01,6.16188720478393267601814184996714e-04,-1.30481107494067481262594435335933e-05,8.19895231969213038897785742114427e-04,-3.59209690926910014541481989022267e-04
7.72749999999999999999999999999997e+01,6.15816558220868296156766932260542e-04,-1.67215183090050921601883222692041e-05,8.10874805279022624718750905138785e-04,-3.62412719330226899944239542597548e-04
7.72999999999999999999999999999992e+01,6.15352813099687141270328414007987e-04,-2.03746635195520309095200982324086e-05,8.01775182552267202910066152210486e-04,-3.65545350666867592332204836606840e-04
7.73249999999999999999999999999999e+01,6.14797997386696200771944383590602e-04,-2.40070902195306035633935179973971e-05,7.92598125430804187245489460923188e-04,-3.68607449614898050009367342786687e-04
7.73499999999999999999999999999986e+01,6.14152634691082419685702188220400e-04,-2.76183475903667203197908632663805e-05,7.83345398797613576021073967073273e-04,-3.71598892200537627284474640308138e-04
7.73750000000000000000000000000001e+01,6.13417259825265390879580262039369e-04,-3.12079901990051016530974189449607e-05,7.74018770493540446177657988220886e-04,-3.74519565762195068928917751625881e-04
7.73999999999999999999999999999996e+01,6.12592418669737830373967947081107e-04,-3.47755780394631291847502710071437e-05,7.64620011034955846789230561374846e-04,-3.77369368912962744857639648138891e-04
7.74249999999999999999999999999996e+01,6.11678668036879996965514462473732e-04,-3.83206765733612394518828297060258e-05,7.55150893332374472175094561515838e-04,-3.80148211501582252185107453484265e-04
7.74499999999999999999999999999998e+01,6.10676575533773658017159682065267e-04,-4.18428567694286536079000267155532e-05,7.45613192410067164603438597176941e-04,-3.82856014571894680257730258891691e-04
7.74749999999999999999999999999986e+01,6.09586719424041231423063558872943e-04,-4.53416951419833973020983918524957e-05,7.36008685126705962087772298183905e-04,-3.85492710320788999880370009135803e-04
7.75000000000000000000000000000000e+01,6.08409688488735757891515527093786e-04,-4.88167737883857256417924875120379e-05,7.26339149897079068206650027765168e-04,-3.88058242054662200726689917452101e-04
7.75249999999999999999999999999995e+01,6.07146081886307377814564479864157e-04,-5.22676804254642281663586017509399e-05,7.16606366414912778272413771714688e-04,-3.90552564144404960843022753904288e-04
7.75499999999999999999999999999994e+01,6.05796509011672003126877944160945e-04,-5.56940084249140480774229653914217e-05,7.06812115376837049607715154426786e-04,-3.92975641978926789216389428374698e-04
7.75750000000000000000000000000000e+01,6.04361589354407886716686330330071e-04,-5.90953568476668085261593405679980e-05,6.96958178207531053230901187296949e-04,-3.95327451917234736571053945538411e-04
7.75999999999999999999999999999987e+01,6.02841952356105800157581602678626e-04,-6.24713304772319965619561016702620e-05,6.87046336786084689974779510843054e-04,-3.97607981239079920873658102411241e-04
7.76249999999999999999999999999999e+01,6.01238237266898534799792777127521e-04,-6.58215398520097124349153031484572e-05,6.77078373173611696039927564639975e-04,-3.99817228094186262451808710326651e-04
7.76499999999999999999999999999999e+01,5.99551093001195441610770354149314e-04,-6.91456012965748483490145262602542e-05,6.67056069342149601286002400761793e-04,-4.01955201450075969152973755002753e-04
7.76749999999999999999999999999994e+01,5.97781177992647721604603645245046e-04,-7.24431369519329164724781044906864e-05,6.56981206904881438265134044183355e-04,-4.04021921038506454580791793256404e-04
7.76999999999999999999999999999999e+01,5.95929160048370171265991498458757e-04,-7.57137748047479009690374046308087e-05,6.46855566847713731173309623118475e-04,-4.06017417300533512139220266338102e-04
7.77249999999999999999999999999987e+01,5.93995716202445076076987263851950e-04,-7.89571487155426629407405229535629e-05,6.36680929262244921611641289790247e-04,-4.07941731330215704388161091994220e-04
7.77499999999999999999999999999998e+01,5.91981532568733930115098069720863e-04,-8.21728984458725804124188868117181e-05,6.26459073080158012382605310593686e-04,-4.09794914816975061063384984032761e-04
7.77749999999999999999999999999998e+01,5.89887304193022640731978483426514e-04,-8.53606696844732578269913952578434e-05,6.16191775809070831569919101229178e-04,-4.11577029986629310032217774145299e-04
7.77999999999999999999999999999993e+01,5.87713734904525854565157565898134e-04,-8.85201140723832909843333317520434e-05,6.05880813269876936938058623303637e-04,-4.13288149541110993435776293398923e-04
7.78249999999999999999999999999998e+01,5.85461537166776014602439535022768e-04,-9.16508892270432239755277133480932e-05,5.95527959335609795312107295685077e-04,-4.14928356596888946299718612462070e-04
7.78499999999999999999999999999987e+01,5.83131431927922727730799727160311e-04,-9.47526587653719844430606476668618e-05,5.85134985671862483134460177605850e-04,-4.16497744622107736972103996270927e-04
7.78750000000000000000000000000002e+01,5.80724148470467988180141752160417e-04,-9.78250923258222324004424436849068e-05,5.74703661478794762915790488049562e-04,-4.17996417372460787866090494790761e-04
7.78999999999999999999999999999997e+01,5.78240424260462764539828662627894e-04,-1.00867865589416205811248914626154e-04,5.64235753234758995877566059398257e-04,-4.19424488825813011146259412619854e-04
7.79249999999999999999999999999992e+01,5.75681004796190416606610188537580e-04,-1.03880660299763793101466898224928e-04,5.53733024441575953796236194182380e-04,-4.20782083115588907199856806650276e-04
7.79499999999999999999999999999999e+01,5.73046643456362363241676640020340e-04,-1.06863164282064708732215999792688e-04,5.43197235371491192978982423677253e-04,-4.22069334462942183975910935909163e-04
7.79749999999999999999999999999986e+01,5.70338101347851373697598690667018e-04,-1.09815071461096792895960883675432e-04,5.32630142815842250501711441408381e-04,-4.23286387107723062551755726321436e-04
7.80000000000000000000000000000001e+01,5.67556147152987802548053952304767e-04,-1.12736081878192600336968319348951e-04,5.22033499835466517395954363793368e-04,-4.24433395238259538593139500796726e-04
7.80249999999999999999999999999996e+01,5.64701556976444032439282869911376e-04,-1.15625901707206586246445953759299e-04,5.11409055512879235456819197970772e-04,-4.25510522919968970707401328763763e-04
7.80499999999999999999999999999996e+01,5.61775114191732329406967383271472e-04,-1.18484243269475339131471884196047e-04,5.00758554706250653833473024049760e-04,-4.26517944022816465048262487704005e-04
7.80749999999999999999999999999999e+01,5.58777609287341252491126943447942e-04,-1.21310825047773451468781639221439e-04,4.90083737805210968631149365938548e-04,-4.27455842147636620916914889246371e-04
7.80999999999999999999999999999986e+01,5.55709839712535692861158371290621e-04,-1.24105371699267758785157064920963e-04,4.79386340488511253473680914287307e-04,-4.28324410551335294519408373391043e-04
7.81250000000000000000000000000000e+01,5.52572609722845547660832140721166e-04,-1.26867614067472816518944880194740e-04,4.68668093483568171422297270421782e-04,-4.29123852070988127486356363600418e-04
7.81499999999999999999999999999995e+01,5.49366730225267960327115912447969e-04,-1.29597289193210621593715475907937e-04,4.57930722327919838894127878357162e-04,-4.29854379046852673238043944337354e-04
7.81749999999999999999999999999994e+01,5.46093018623207982255568269988444e-04,-1.32294140324577722074602640001571e-04,4.47175947132619790346739692611030e-04,-4.30516213244311037785807757353506e-04
7.82000000000000000000000000000000e+01,5.42752298661182430407057624182945e-04,-1.34957916925922993588300525159340e-04,4.36405482347595568567350968699101e-04,-4.31109585774760032099108120223634e-04
7.82249999999999999999999999999987e+01,5.39345400269311631803868836178204e-04,-1.37588374685839495372893618980910e-04,4.25621036528998039501314555966334e-04,-4.31634737015465910738344121870855e-04
7.82499999999999999999999999999999e+01,5.35873159407623658876083038260875e-04,-1.40185275524173951873764423685875e-04,4.14824312108567102748221242216000e-04,-4.32091916528400846059047864250533e-04
7.82749999999999999999999999999999e+01,5.32336417910195569320132704856392e-04,-1.42748387598057537690493147571512e-04,4.04017005165039039219612479491228e-04,-4.32481382978078358937746778457614e-04
7.82999999999999999999999999999994e+01,5.28736023329156070550132026337467e-04,-1.45277485306961774370222381343611e-04,3.93200805197620306063777109115219e-04,-4.32803404048404995658199824742335e-04
7.83249999999999999999999999999999e+01,5.25072828778573931989374274144041e-04,-1.47772349296783477000392714109657e-04,3.82377394901552155894285564590013e-04,-4.33058256358565606333544637539187e-04
7.83499999999999999999999999999987e+01,5.21347692778256368395402426988662e-04,-1.50232766462962816757170435395478e-04,3.71548449945790022683523174409240e-04,-4.33246225377959643029376215816987e-04
7.83749999999999999999999999999998e+01,5.17561479097481514168699786495312e-04,-1.52658529952638692513976421259034e-04,3.60715638752821180474156906399604e-04,-4.33367605340205955598756294874096e-04
7.83999999999999999999999999999998e+01,5.13715056598689002193551797275524e-04,-1.55049439165845730319619866475903e-04,3.49880622280643743393747541005933e-04,-4.33422699156233620146479996951704e-04
7.84249999999999999999999999999993e+01,5.09809299081152551230912529633713e-04,-1.57405299755757354028407634328893e-04,3.39045053806929636404038842254293e-04,-4.33411818326476389011130523096956e-04
7.84499999999999999999999999999998e+01,5.05845085124658353258008163510308e-04,-1.59725923627979493598741638539939e-04,3.28210578715393725850125280322255e-04,-4.33335282852188402195353950969398e-04
7.84749999999999999999999999999987e+01,5.01823297933212936459221678934746e-04,-1.62011128938899619542767842066131e-04,3.17378834284390857268864125905858e-04,-4.33193421145898848294694343492922e-04
7.85000000000000000000000000000002e+01,4.97744825178804060849761796209796e-04,-1.64260740093095912664907620427218e-04,3.06551449477762105143502697092576e-04,-4.32986569941023308181594051238309e-04
7.85249999999999999999999999999997e+01,4.93610558845238081790988879895669e-04,-1.66474587739811497535213328659272e-04,2.95730044737951095425271476599440e-04,-4.32715074200649557002241558354412e-04
7.85499999999999999999999999999992e+01,4.89421395072077091967950661905206e-04,-1.68652508768498786091347814151526e-04,2.84916231781410816755180113383929e-04,-4.32379287025515639447534074491130e-04
7.85749999999999999999999999999999e+01,4.85178233998699024779560025056421e-04,-1.70794346303439094362895471998468e-04,2.74111613396320890482797715182602e-04,-4.31979569561198069772264049261045e-04
7.85999999999999999999999999999986e+01,4.80881979608503771573333034923150e-04,-1.72899949697442810586148110019573e-04,2.63317783242634822865589417912718e-04,-4.31516290904528041665275355143392e-04
7.86250000000000000000000000000001e+01,4.76533539573288231772660662116443e-04,-1.74969174524635506936283504822258e-04,2.52536325654476315314432179347045e-04,-4.30989828009253563825332039386899e-04
7.86499999999999999999999999999996e+01,4.72133825097813078728265672954914e-04,-1.77001882572335499729414770805099e-04,2.41768815444903260300045497565371e-04,-4.30400565590965464982306229328482e-04
7.86749999999999999999999999999996e+01,4.67683750764583885110614045731975e-04,-1.78997941832028474198539601354960e-04,2.31016817713057601622786400014116e-04,-4.29748896031305237132358622027659e-04
7.86999999999999999999999999999999e+01,4.63184234378869109881529642557029e-04,-1.80957226489444899781492786308721e-04,2.20281887653718788245816544644987e-04,-4.29035219281472707941084375468329e-04
7.87249999999999999999999999999986e+01,4.58636196813977304376890278542970e-04,-1.82879616913746070252322142380297e-04,2.09565570369278100870002705585813e-04,-4.28259942765051552621431100316964e-04
7.87500000000000000000000000000000e+01,4.54040561856815747834057832967510e-04,-1.84764999645824709986095908813636e-04,1.98869400684150679958745890591569e-04,-4.27423481280170672123439972473629e-04
7.87749999999999999999999999999995e+01,4.49398256053752572843186130251321e-04,-1.86613267385726193195321312956020e-04,1.88194902961641633072701088026579e-04,-4.26526256901019478189521080832834e-04
7.87999999999999999999999999999994e+01,4.44710208556804288725736797430444e-04,-1.88424318979196527133158455297407e-04,1.77543590923282148218272197105110e-04,-4.25568698878735136741637133732921e-04
7.88250000000000000000000000000000e+01,4.39977350970170455781198088098298e-04,-1.90198059403363353019396039965711e-04,1.66916967470651088519805989172343e-04,-4.24551243541679829186934993021299e-04
7.88499999999999999999999999999987e+01,4.35200617197137105729404542596022e-04,-1.91934399751556319778473485752630e-04,1.56316524509697091963210017746816e-04,-4.23474334195126096569699333734357e-04
7.88749999999999999999999999999999e+01,4.30380943287370343547208806629976e-04,-1.93633257217273285543505214364394e-04,1.45743742777575748297567944004740e-04,-4.22338421020368334074831912017633e-04
7.88999999999999999999999999999999e+01,4.25519267284621403291683862874313e-04,-1.95294555077298900247678526219633e-04,1.35200091672015973490139071624001e-04,-4.21143960973278503215807441464742e-04
7.89249999999999999999999999999994e+01,4.20616529074864265455054957263426e-04,-1.96918222673982219491606926447049e-04,1.24687029083229250477480795372506e-04,-4.19891417682324126131242799317516e-04
7.89499999999999999999999999999999e+01,4.15673670234886775946476753141034e-04,-1.98504195396680095260197350559359e-04,1.14206001228374953409588122976820e-04,-4.18581261346066620780699685009482e-04
7.89749999999999999999999999999987e+01,4.10691633881356036979358280756530e-04,-2.00052414662373182985973242359975e-04,1.03758442488594521212873537001858e-04,-4.17213968630158027484102647285948e-04
7.89999999999999999999999999999998e+01,4.05671364520378667996629546732034e-04,-2.01562827895461496922347465063209e-04,9.33457752486267951691668937134024e-05,-4.15790022563854166203681675705985e-04
7.90249999999999999999999999999998e+01,4.00613807897576360326741329651305e-04,-2.03035388506746536782494510253459e-04,8.29694097390163843889893763454080e-05,-4.14309912436062250238155287128327e-04
7.90499999999999999999999999999993e+01,3.95519910848696972567536183876829e-04,-2.04470055871607098086204267388734e-04,7.26307438809264726150308119765083e-05,-4.12774133690940965602837710910565e-04
7.90749999999999999999999999999998e+01,3.90390621150781234781432567434242e-04,-2.05866795307375966610820394895889e-04,6.23311631335670297924936928734563e-05,-4.11183187823071006323415606683644e-04
7.90999999999999999999999999999987e+01,3.85226887373904948492128821683633e-04,-2.07225578049924783752048791279764e-04,5.20720403442489423528057654091480e-05,-4.09537582272214034191249696225002e-04
7.91250000000000000000000000000002e+01,3.80029658733516386238800301744819e-04,-2.08546381229464454472977434668663e-04,4.18547356010741272418073722250024e-05,-4.07837830317678007229115732509749e-04
7.91499999999999999999999999999997e+01,3.74799884943388409106769262980610e-04,-2.09829187845568552870139044041342e-04,3.16805960882712464481836198014662e-05,-4.06084450972306794212999827460383e-04
7.91749999999999999999999999999992e+01,3.69538516069204633251776938821944e-04,-2.11073986741427262223707483592864e-04,2.15509559441861912175519271785130e-05,-4.04277968876111963103495434210763e-04
7.91999999999999999999999999999999e+01,3.64246502382798787006102798454876e-04,-2.12280772577339466721261012963510e-04,1.14671361219360583367411756770887e-05,-4.02418914189564599176608091665674e-04
7.92249999999999999999999999999986e+01,3.58924794217066208736942140610607e-04,-2.13449545803450690834711518742929e-04,1.43044425273489490547336441056701e-06,-4.00507822486564974026728958212014e-04
7.92500000000000000000000000000001e+01,3.53574341821566242259237463794294e-04,-2.14580312631744659567306600651581e-04,-8.55782548810095705752067261805562e-06,-3.98545234647107849463022517880708e-04
7.92749999999999999999999999999996e+01,3.48196095218834091325597366439316e-04,-2.15673085007296328456519004180299e-04,-1.84963925124605289368240945255566e-05,-3.96531696749661160652987773392339e-04
7.92999999999999999999999999999996e+01,3.42791004061420497564322741259718e-04,-2.16727880578794306314313607000338e-04,-2.83839899480519626209222151153484e-05,-3.94467759963275780701370002945144e-04
7.93249999999999999999999999999999e+01,3.37360017489677407252173258529580e-04,-2.17744722668340666213976736202353e-04,-3.82193647643158142326538085279703e-05,-3.92353980439444024206470218787137e-04
7.93499999999999999999999999999986e+01,3.31904083990307591530424114019340e-04,-2.18723640240536211202203532263491e-04,-4.80012778956318631959190066446225e-05,-3.90190919203724500227047565638716e-04
7.93750000000000000000000000000000e+01,3.26424151255695982139834799798111e-04,-2.19664667870859330633640627202674e-04,-5.77285043618138049915200348402913e-05,-3.87979142047150875540038871367553e-04
7.93999999999999999999999999999995e+01,3.20921166044040280501143839850980e-04,-2.20567845713346650891771493586115e-04,-6.73998333858866443323203574073696e-05,-3.85719219417442057091754163605960e-04
7.94249999999999999999999999999994e+01,3.15396074040298192041520113952370e-04,-2.21433219467583750564987072089378e-04,-7.70140685091420425356808108369541e-05,-3.83411726310031248163286488545884e-04
7.94500000000000000000000000000000e+01,3.09849819717968430103275686248427e-04,-2.22260840345014274874551053575465e-04,-8.65700277034673085295160767575409e-05,-3.81057242158931276005168260841843e-04
7.94749999999999999999999999999987e+01,3.04283346201722424608689839170424e-04,-2.23050765034575847288171130958413e-04,-9.60665434809441571379738917989429e-05,-3.78656350727453529567354682653642e-04
7.94999999999999999999999999999999e+01,2.98697595130903459933870594099672e-04,-2.23803055667671237793698093434252e-04,-1.05502463000713790994845993084066e-04,-3.76209639998797784478731039484121e-04
7.95249999999999999999999999999999e+01,2.93093506523909754205040356478000e-04,-2.24517779782483307257917917350100e-04,-1.14876648173105293569052206772411e-04,-3.73717702066530128635638117093621e-04
7.95499999999999999999999999999994e+01,2.87472018643477778512074601049337e-04,-2.25195010287642305668695465646093e-04,-1.24187975761024750299078195918449e-04,-3.71181133024966135661545063785855e-04
7.95749999999999999999999999999999e+01,2.81834067862881899375811463950970e-04,-2.25834825425254158866727159458108e-04,-1.33435337478602942664782452623326e-04,-3.68600532859476365120547779615903e-04
7.95999999999999999999999999999987e+01,2.76180588533066211246668110920639e-04,-2.26437308733298433617695985640652e-04,-1.42617640087099886118731831893267e-04,-3.65976505336731197727163983008955e-04
7.96249999999999999999999999999998e+01,2.70512512850724207891648602924262e-04,-2.27002549007404724545807276986216e-04,-1.51733805488064907098934043914683e-04,-3.63309657894901940916103664834896e-04
7.96499999999999999999999999999998e+01,2.64830770727341722284489270864961e-04,-2.27530640262016258527731271220294e-04,-1.60782770813751376794829086904073e-04,-3.60600601533835065041047264277542e-04
7.96749999999999999999999999999993e+01,2.59136289659218344089456905995806e-04,-2.28021681690949562618403041811625e-04,-1.69763488514785639883568416135162e-04,-3.57849950705216353183721207566457e-04
7.96999999999999999999999999999998e+01,2.53429994598482302063364413823500e-04,-2.28475777627359090446999390579593e-04,-1.78674926445090095039403338452035e-04,-3.55058323202741668096028558825542e-04
7.97249999999999999999999999999987e+01,2.47712807825113575732677971581721e-04,-2.28893037503115749296997083817836e-04,-1.87516067944060800591425850399574e-04,-3.52226340052310958190451533627018e-04
7.97500000000000000000000000000002e+01,2.41985648819989776572690739581557e-04,-2.29273575807608315787986840701378e-04,-1.96285911916000393210501009450973e-04,-3.49354625402262040759080222287887e-04
7.97749999999999999999999999999997e+01,2.36249434138969113662749201569391e-04,-2.29617512045976772220661247119534e-04,-2.04983472906807519892093506383554e-04,-3.46443806413660614761731957992831e-04
7.97999999999999999999999999999992e+01,2.30505077288024532454454934374502e-04,-2.29924970696786638226364968838131e-04,-2.13607781177924393715486704746836e-04,-3.43494513150662867602095785733938e-04
7.98249999999999999999999999999999e+01,2.24753488599442887907914625959451e-04,-2.30196081169153413362407235350029e-04,-2.22157882777544491849882532473526e-04,-3.40507378470966950332048766336823e-04
7.98499999999999999999999999999986e+01,2.18995575109102784864209661485005e-04,-2.30430977759326285696883359831065e-04,-2.30632839609082819992933169095240e-04,-3.37483037916369503712957014880140e-04
7.98750000000000000000000000000001e+01,2.13232240434844489170333734619748e-04,-2.30629799606740299226936913210917e-04,-2.39031729496911570816881554629335e-04,-3.34422129603443323543139360307563e-04
7.98999999999999999999999999999996e+01,2.07464384655945082795846077951052e-04,-2.30792690649546209183746857223508e-04,-2.47353646249364405011763958111906e-04,-3.31325294114352157656148998667591e-04
7.99249999999999999999999999999996e+01,2.01692904193711805017914993766963e-04,-2.30919799579627288917454338379938e-04,-2.55597699719012982104718526056032e-04,-3.28193174387818529028046201411630e-04
7.99499999999999999999999999999999e+01,1.95918691693206289742268455940721e-04,-2.31011279797112385143706729922939e-04,-2.63763015860219764350588927082991e-04,-3.25026415610260379526664313579611e-04
7.99749999999999999999999999999986e+01,1.90142635906112176210529581759080e-04,-2.31067289364394549874437911409314e-04,-2.71848736783971510583546398785181e-04,-3.21825665107112227016356600082282e-04
8.00000000000000000000000000000000e+01,1.84365621574758336758295736156037e-04,-2.31087990959664607338343348729520e-04,-2.79854020809998267944835333890922e-04,-3.18591572234346424823376097234358e-04
8.00249999999999999999999999999995e+01,1.78588529317309730972275385177314e-04,-2.31073551829969042605714680015098e-04,-2.87778042516183057811082780272539e-04,-3.15324788270210006995984553433144e-04
8.00499999999999999999999999999990e+01,1.72812235514137660588293276897064e-04,-2.31024143743801625460091966194147e-04,-2.95619992785267837994656849526818e-04,-3.12025966307192495385403221298153e-04
8.00750000000000000000000000000000e+01,1.67037612195380963814489685069779e-04,-2.30939942943238208312542846470013e-04,-3.03379078848861706326703415769336e-04,-3.08695761144239935353752340989272e-04
8.00999999999999999999999999999987e+01,1.61265526929709451494713158411556e-04,-2.30821130095624160651839516982247e-04,-3.11054524328757691019738894765292e-04,-3.05334829179230315907443892844124e-04
8.01250000000000000000000000000004e+01,1.55496842714300650684577541030996e-04,-2.30667890244823924684947088005892e-04,-3.18645569275564850695639236219265e-04,-3.01943828301725417283421868225462e-04
8.01499999999999999999999999999999e+01,1.49732417866040683835176262460753e-04,-2.30480412762042197457298967081093e-04,-3.26151470204662781612769042783897e-04,-2.98523417786014014506346620679218e-04
8.01749999999999999999999999999994e+01,1.43973105913959873905180341127134e-04,-2.30258891296226263848976843188756e-04,-3.33571500129486001389710552103090e-04,-2.95074258184461249213549585156087e-04
8.01999999999999999999999999999999e+01,1.38219755492913427389318961186603e-04,-2.30003523724059022411607221013045e-04,-3.40904948592146047360117162644695e-04,-2.91597011221178864138286895404671e-04
8.02249999999999999999999999999984e+01,1.32473210238517308498606460952239e-04,-2.29714512099552262034488287977306e-04,-3.48151121691399493561841632461077e-04,-2.88092339686030875077376529580556e-04
8.02499999999999999999999999999998e+01,1.26734308683349178593751679885701e-04,-2.29392062603249761909837087995726e-04,-3.55309342107970453222551015386364e-04,-2.84560907328989133972962381135776e-04
8.02749999999999999999999999999998e+01,1.21003884154424035496377303725808e-04,-2.29036385491049800218906781341586e-04,-3.62378949127236493413062163475017e-04,-2.81003378754853113935510123400616e-04
8.02999999999999999999999999999998e+01,1.15282764671953947521009920800165e-04,-2.28647695042656668400212769323664e-04,-3.69359298659287245258773286298659e-04,-2.77420419318348122651650118348059e-04
8.03250000000000000000000000000002e+01,1.09571772849401037021897233194924e-04,-2.28226209509670797802100503385523e-04,-3.76249763256365346689629718614852e-04,-2.73812695019616024682057260414489e-04
8.03499999999999999999999999999987e+01,1.03871725794832627969936759608892e-04,-2.27772151063327113970482370100517e-04,-3.83049732127699705131504586622586e-04,-2.70180872400112425687904276512665e-04
8.03750000000000000000000000000002e+01,9.81834350135872316036727948249013e-05,-2.27285745741891240777886064877447e-04,-3.89758611151741414758832880933826e-04,-2.66525618438924142656889476431407e-04
8.03999999999999999999999999999997e+01,9.25077063122598035718088782446173e-05,-2.26767223397723182058937543424161e-04,-3.96375822885813006902632715241622e-04,-2.62847600449520653758933499185233e-04
8.04249999999999999999999999999992e+01,8.68453397040144652404094121276045e-05,-2.26216817644018112380247759019868e-04,-4.02900806573182052903187258865913e-04,-2.59147485976953089574589870070311e-04
8.04499999999999999999999999999999e+01,8.11971293152326410132622346751656e-05,-2.25634765801233911045846743948534e-04,-4.09333018147570476076827027289705e-04,-2.55425942695514194132812522303812e-04
8.04749999999999999999999999999991e+01,7.55638632935043226458415598396177e-05,-2.25021308843215074434968614057730e-04,-4.15671930235111263496292886546570e-04,-2.51683638306872549495508116163297e-04
8.04999999999999999999999999999996e+01,6.99463237169699306587029471834156e-05,-2.24376691343022641301686944716999e-04,-4.21917032153764598929587198599123e-04,-2.47921240438694221560903538383560e-04
8.05249999999999999999999999999996e+01,6.43452865050200021113642242256204e-05,-2.23701161418479763748474453578346e-04,-4.28067829910205765509216039994765e-04,-2.44139416543764847353181316207257e-04
8.05499999999999999999999999999996e+01,5.87615213303596932189178580630676e-05,-2.22994970677442553226422468448571e-04,-4.34123846194197490479152097149154e-04,-2.40338833799625045349519268407933e-04
8.05750000000000000000000000000000e+01,5.31957915324448446167817845602157e-05,-2.22258374162805826116725230566804e-04,-4.40084620370459724658258746091649e-04,-2.36520159008731890395365526810283e-04
8.05999999999999999999999999999986e+01,4.76488540322961165400925658822299e-05,-2.21491630297253367211418270462253e-04,-4.45949708468050166034559279294699e-04,-2.32684058499159053502318329253038e-04
8.06250000000000000000000000000000e+01,4.21214592486974608192282401127450e-05,-2.20695000827762321737783894093576e-04,-4.51718683167269150133554143578900e-04,-2.28831198025848064338071454747063e-04
8.06499999999999999999999999999995e+01,3.66143510157849564376739689301686e-05,-2.19868750769871317466831662965257e-04,-4.57391133784102839455416230299482e-04,-2.24962242672423010532012227118168e-04
8.06749999999999999999999999999990e+01,3.11282665020317954885227731308238e-05,-2.19013148351721907924669057285493e-04,-4.62966666252218950320646793994363e-04,-2.21077856753580843060496526738804e-04
8.07000000000000000000000000000000e+01,2.56639361306349667365676404297816e-05,-2.18128464957882915803202627803760e-04,-4.68444903102529557872650307836563e-04,-2.17178703718069310969791444621128e-04
8.07249999999999999999999999999987e+01,2.02220835013089446790034518278232e-05,-2.17214975072967242359194670625592e-04,-4.73825483440335818730365243627669e-04,-2.13265446052264401569541387790797e-04
8.07500000000000000000000000000004e+01,1.48034253134914530337043036034418e-05,-2.16272956225050693908157336814862e-04,-4.79108062920069745836937361751345e-04,-2.09338745184359014013081140934489e-04
8.07749999999999999999999999999999e+01,9.40867129096613300420554270072368e-06,-2.15302688928902360464722267924812e-04,-4.84292313717648461384507959526102e-04,-2.05399261389174444901059140738464e-04
8.07999999999999999999999999999994e+01,4.03852410790670850921796350306879e-06,-2.14304456629036064153247111276334e-04,-4.89377924500456641284281764454016e-04,-2.01447653693606114229910747908769e-04
8.08249999999999999999999999999999e+01,-1.30632068365299714395211605786963e-06,-2.13278545642592376213587768240953e-04,-4.94364600394973148469613747445272e-04,-1.97484579782714808684887992632038e-04
8.08499999999999999999999999999984e+01,-6.62517472491907588414063796126284e-06,-2.12225245102060681267094486601554e-04,-4.99252062952058132343086491219324e-04,-1.93510695906474566976390174657641e-04
8.08749999999999999999999999999998e+01,-1.19173569200037002418926918188336e-05,-2.11144846897850746004794411762425e-04,-5.04040050109917147882304471968364e-04,-1.89526656787188178665629371716108e-04
8.08999999999999999999999999999998e+01,-1.71821935041537950449865357141359e-05,-2.10037645620723226633805120959634e-04,-5.08728316154759120279955208889477e-04,-1.85533115527581113748442900266839e-04
8.09249999999999999999999999999998e+01,-2.24190181105388065924921456335117e-05,-2.08903938504088525285025487360995e-04,-5.13316631679165249488809518476585e-04,-1.81530723519584545191815899784709e-04
8.09500000000000000000000000000002e+01,-2.76271718355943953958106072558817e-05,-2.07744025366183380151978850574813e-04,-5.17804783538186213649677244168313e-04,-1.77520130353817970674393566597071e-04
8.09749999999999999999999999999987e+01,-3.28060033029191128629308388991661e-05,-2.06558208552134547397365765063404e-04,-5.22192574803185291078529806073587e-04,-1.73501983729781782998366841143523e-04
8.10000000000000000000000000000002e+01,-3.79548687257213559053377198199751e-05,-2.05346792875918904830453158291800e-04,-5.26479824713445277257387803051161e-04,-1.69476929366769981044072584462668e-04
8.10249999999999999999999999999997e+01,-4.30731319678141263331769148084779e-05,-2.04110085562229278031997921201158e-04,-5.30666368625557326092199014440057e-04,-1.65445610915513054758521424289134e-04
8.10499999999999999999999999999992e+01,-4.81601646031553540412921595046052e-05,-2.02848396188255259000470308408170e-04,-5.34752057960610093550541796589944e-04,-1.61408669870560918532323711435795e-04
8.10749999999999999999999999999999e+01,-5.32153459739317743449593422429327e-05,-2.01562036625388255535681774315281e-04,-5.38736760149197806654004482808834e-04,-1.57366745483415607453217275241148e-04
8.10999999999999999999999999999991e+01,-5.82380632471845803684375283267129e-05,-2.00251320980859976482986559667603e-04,-5.42620358574266121656613854862190e-04,-1.53320474676423290355794239362689e-04
8.11249999999999999999999999999996e+01,-6.32277114699753010911190721542522e-05,-1.98916565539323523644374844073586e-04,-5.46402752511814872074501319370128e-04,-1.49270491957434992343754979749440e-04
8.11499999999999999999999999999996e+01,-6.81836936230905844845425335503470e-05,-1.97558088704386225625288547885415e-04,-5.50083857069477040026589402356784e-04,-1.45217429335245257571291863021318e-04
8.11749999999999999999999999999996e+01,-7.31054206732847930983225758681656e-05,-1.96176210940103312128697034273784e-04,-5.53663603122993513085647248105199e-04,-1.41161916235817820562402944251528e-04
8.12000000000000000000000000000000e+01,-7.79923116240595464437077549501276e-05,-1.94771254712441489236399559257439e-04,-5.57141937250603413508501892920050e-04,-1.37104579419307191249108313456452e-04
8.12249999999999999999999999999986e+01,-8.28437935649795705498012191062564e-05,-1.93343544430721437045627999346581e-04,-5.60518821665370007299095722989077e-04,-1.33046042897884895249122179963677e-04
8.12500000000000000000000000000000e+01,-8.76593017195244400997112376939492e-05,-1.91893406389048210677118433800828e-04,-5.63794234145462417044722035688196e-04,-1.28986927854378946707450597344025e-04
8.12749999999999999999999999999995e+01,-9.24382794914760225628031957226741e-05,-1.90421168707738484159468380402335e-04,-5.66968167962413574841093569148774e-04,-1.24927852561734966321488968111175e-04
8.12999999999999999999999999999990e+01,-9.71801785098416566960195324663226e-05,-1.88927161274753534038852648847986e-04,-5.70040631807375059873521919197111e-04,-1.20869432303307191982686313340360e-04
8.13250000000000000000000000000000e+01,-1.01884458672313319663420038103828e-04,-1.87411715687146815770974183059020e-04,-5.73011649715389669337713891791420e-04,-1.16812279293987463827405295152113e-04
8.13499999999999999999999999999987e+01,-1.06550588187263257790312126579786e-04,-1.85875165192534941027558255052303e-04,-5.75881260987702771353524803277378e-04,-1.12757002602180099423152665588811e-04
8.13750000000000000000000000000004e+01,-1.11178043614276775598341783918960e-04,-1.84317844630600817998506455580877e-04,-5.78649520112133684338145519245880e-04,-1.08704208072630408351601342354923e-04
8.13999999999999999999999999999999e+01,-1.15766309903223096232664465358963e-04,-1.82740090374637669604395155293097e-04,-5.81316496681528518952023383694521e-04,-1.04654498250114428613979586312658e-04
8.14249999999999999999999999999994e+01,-1.20314880431865423664135788612121e-04,-1.81142240273142596269396094328899e-04,-5.83882275310316106202384312864399e-04,-1.00608472303997300104166888667376e-04
8.14499999999999999999999999999999e+01,-1.24823257042011553101142971270383e-04,-1.79524633591468300561226463850662e-04,-5.86346955549188818577255484376158e-04,-9.65667259536675228966969846214234e-05
8.14749999999999999999999999999984e+01,-1.29290950074206590850492084784684e-04,-1.77887610953541540599643216813450e-04,-5.88710651797930270179769834732232e-04,-9.25298513948541803074478410526804e-05
8.14999999999999999999999999999998e+01,-1.33717478400969558398301326383183e-04,-1.76231514283656827681008139602894e-04,-5.90973493216412056731318980619977e-04,-8.84984372268340386310248146325268e-05
8.15249999999999999999999999999998e+01,-1.38102369458575867714019130681492e-04,-1.74556686748353831072386901271242e-04,-5.93135623633781867006540477103335e-04,-8.44730683805352671678503669188082e-05
8.15499999999999999999999999999998e+01,-1.42445159277387865687580622015786e-04,-1.72863472698386899402241183814053e-04,-5.95197201455865463747586879293280e-04,-8.04543260475443536528265220659470e-05
8.15750000000000000000000000000002e+01,-1.46745392510735855165642688506851e-04,-1.71152217610795053525752050037750e-04,-5.97158399570805194374709157466800e-04,-7.64427876100226215128780030511038e-05
8.15999999999999999999999999999987e+01,-1.51002622462352208232390552981304e-04,-1.69423268031080750184504263699541e-04,-5.99019405252957849860640369526445e-04,-7.24390265715385865390580186399670e-05
8.16250000000000000000000000000002e+01,-1.55216411112361394158556905307325e-04,-1.67676971515505659229155734617494e-04,-6.00780420065074843963986441473719e-04,-6.84436124888222215862597875605616e-05
8.16499999999999999999999999999997e+01,-1.59386329141828949794440451054537e-04,-1.65913676573511639647502998530317e-04,-6.02441659758787834618868630732320e-04,-6.44571109044470288358901789963974e-05
8.16749999999999999999999999999992e+01,-1.63511955955872624084688233014947e-04,-1.64133732610275041155581590649798e-04,-6.04003354173423054652115698027462e-04,-6.04800832804456500001562664529360e-05
8.16999999999999999999999999999999e+01,-1.67592879705339130810630388258114e-04,-1.62337489869402398679924126120536e-04,-6.05465747133167760143723965449636e-04,-5.65130869328645756370158340805834e-05
8.17249999999999999999999999999991e+01,-1.71628697307050144596549695013172e-04,-1.60525299375775526695774865441582e-04,-6.06829096342612341660094823938951e-04,-5.25566749672633455084879045959995e-05
8.17499999999999999999999999999996e+01,-1.75619014462621374626204232425495e-04,-1.58697512878553959098372440325827e-04,-6.08093673280691776272378671768089e-04,-4.86113962151634626779299101217097e-05
8.17749999999999999999999999999996e+01,-1.79563445675858748382214131481891e-04,-1.56854482794342618082630131945563e-04,-6.09259763093050226724406274015184e-04,-4.46777951714520748298507901742145e-05
8.17999999999999999999999999999996e+01,-1.83461614268735934020877521311631e-04,-1.54996562150532532403836862428346e-04,-6.10327664482852718337118739070355e-04,-4.07564119327453071343404106599618e-05
8.18250000000000000000000000000000e+01,-1.87313152395957624706275896618316e-04,-1.53124104528822361405054541461591e-04,-6.11297689600067944230695199363306e-04,-3.68477821367159618924803652082942e-05
8.18499999999999999999999999999986e+01,-1.91117701058113201328292999638118e-04,-1.51237464008928416344443557333687e-04,-6.12170163929246365213930420803568e-04,-3.29524369023901312141994547627356e-05
8.18750000000000000000000000000000e+01,-1.94874910113425581497996310369050e-04,-1.49336995112490804855735429631338e-04,-6.12945426175817882235665462383326e-04,-2.90709027714171001209241556014822e-05
8.18999999999999999999999999999995e+01,-1.98584438288100252529717071462392e-04,-1.47423052747183257841985167700193e-04,-6.13623828150933466618680358947095e-04,-2.52037016503167487570573313137321e-05
8.19249999999999999999999999999990e+01,-2.02245953185279674261424026220035e-04,-1.45495992151034130747081612317582e-04,-6.14205734654875236406501644382062e-04,-2.13513507537084938618466517638653e-05
8.19500000000000000000000000000000e+01,-2.05859131292608424013160511387352e-04,-1.43556168836966002979910020562045e-04,-6.14691523359059566052768211816725e-04,-1.75143625485256413215656128720772e-05
8.19749999999999999999999999999987e+01,-2.09423657988414640717177724748613e-04,-1.41603938537561230292931249328002e-04,-6.15081584686657911376467467877000e-04,-1.36932446992188535158766815857311e-05
8.20000000000000000000000000000004e+01,-2.12939227546513508253035792881534e-04,-1.39639657150060735155121205329217e-04,-6.15376321691860122200445132014475e-04,-9.88850001395226731615190308772214e-06
8.20249999999999999999999999999999e+01,-2.16405543139638699266875797278542e-04,-1.37663680681603249627883553331455e-04,-6.15576149937805101391655835391379e-04,-6.10062639179563101138038556973616e-06
8.20499999999999999999999999999994e+01,-2.19822316841507880227310565235858e-04,-1.35676365194712153972097646003989e-04,-6.15681497373203751136803717181861e-04,-2.33011677091566115284986364629902e-06
8.20749999999999999999999999999999e+01,-2.23189269627528556152440821716444e-04,-1.33678066753036982202419086833282e-04,-6.15692804207679225224061658867131e-04,1.42254092223034665420687489691498e-06
8.20999999999999999999999999999984e+01,-2.26506131374150709315251972468069e-04,-1.31669141367356593073769378879901e-04,-6.15610522785849579868788863545330e-04,5.15686382269578560149447904904248e-06
8.21249999999999999999999999999998e+01,-2.29772640856872860280218169931503e-04,-1.29649944941850931543303841160774e-04,-6.15435117460177985227521300004417e-04,8.87237417583818300899744279672081e-06
8.21499999999999999999999999999998e+01,-2.32988545746908351824677106861996e-04,-1.27620833220648231607887197672989e-04,-6.15167064462615725199517209323022e-04,1.25685993851022878301236926971974e-05
8.21749999999999999999999999999998e+01,-2.36153602606518826637051645774117e-04,-1.25582161734654436585193591113358e-04,-6.14806851775063274428919324504676e-04,1.62450720587904304629983453750281e-05
8.22000000000000000000000000000002e+01,-2.39267576883022038143285520139279e-04,-1.23534285748671537404168767438396e-04,-6.14354978998674798603843613470181e-04,1.99013300558179499999863750893490e-05
8.22249999999999999999999999999987e+01,-2.42330242901481300376430155475249e-04,-1.21477560208811453318685498619956e-04,-6.13811957222031477212684904234232e-04,2.35369165304516485854691968342324e-05
8.22500000000000000000000000000002e+01,-2.45341383856084047456180439541905e-04,-1.19412339690212002676152146063238e-04,-6.13178308888209096874467200659669e-04,2.71513799760293966056578479980671e-05
8.22749999999999999999999999999997e+01,-2.48300791800217135969748609902228e-04,-1.17338978345061433975237817325768e-04,-6.12454567660765408221546766182363e-04,3.07442742676591759812716288566953e-05
8.22999999999999999999999999999992e+01,-2.51208267635246684327531012780618e-04,-1.15257829850937909443857001389345e-04,-6.11641278288672780092350024075831e-04,3.43151587038960118515962338858584e-05
8.23249999999999999999999999999999e+01,-2.54063621098010401991534209569727e-04,-1.13169247359470254768969180504402e-04,-6.10738996470221721502612669149942e-04,3.78635980473954054041936877330356e-05
8.23499999999999999999999999999991e+01,-2.56866670747030518326706596676133e-04,-1.11073583445326209425231048283643e-04,-6.09748288715920874519857824628935e-04,4.13891625645420424961673793120897e-05
8.23749999999999999999999999999996e+01,-2.59617243947455575690741859059205e-04,-1.08971190055534332296472116801707e-04,-6.08669732210419109782234833547425e-04,4.48914280640527140087099345088799e-05
8.23999999999999999999999999999996e+01,-2.62315176854739504242612457473539e-04,-1.06862418459145636982152987915208e-04,-6.07503914673475380994497547090930e-04,4.83699759345525445554457635100639e-05
8.24249999999999999999999999999996e+01,-2.64960314397066546800587811372672e-04,-1.04747619197240950350116676839563e-04,-6.06251434220002015316520758524684e-04,5.18243931811237862057891519543907e-05
8.24500000000000000000000000000000e+01,-2.67552510256530750903780889094371e-04,-1.02627142033289906553464016441996e-04,-6.04912899219207133149550787140508e-04,5.52542724608265932660995349190082e-05
8.24749999999999999999999999999986e+01,-2.70091626849078892014693384637067e-04,-1.00501335903867406885605628425889e-04,-6.03488928152861903439104471226482e-04,5.86592121171913528626534418360350e-05
8.25000000000000000000000000000000e+01,-2.72577535303225836531413806101387e-04,-9.83705488697332935136791665682980e-05,-6.01980149472718349268342595732076e-04,6.20388162136823040702389538967162e-05
8.25249999999999999999999999999995e+01,-2.75010115437551495944947339430385e-04,-9.62351280672809023178184336764101e-05,-6.00387201457103423229646697944225e-04,6.53926945661323356076764853681775e-05
8.25499999999999999999999999999990e+01,-2.77389255736988664067823714176967e-04,-9.40954196603600767866744698538388e-05,-5.98710732066715072853335157391211e-04,6.87204627741490086564050321161079e-05
8.25750000000000000000000000000000e+01,-2.79714853327911167763245438338021e-04,-9.19517687924801411956894332321192e-05,-5.96951398799646013259781832324778e-04,7.20217422514920071305219535766773e-05
8.25999999999999999999999999999987e+01,-2.81986813952031898008667938767193e-04,-8.98045195393982471425773301519531e-05,-5.95109868545660917203958748006078e-04,7.52961602554223727166839137543957e-05
8.26250000000000000000000000000004e+01,-2.84205051939120422423363197815994e-04,-8.76540148620984229515826523790119e-05,-5.93186817439752721819413703059610e-04,7.85433499150240361905071347114170e-05
8.26499999999999999999999999999999e+01,-2.86369490178550012566126978261051e-04,-8.55005965601665704990085173427305e-05,-5.91182930715003736662203484947659e-04,8.17629502584983098829794120921328e-05
8.26749999999999999999999999999994e+01,-2.88480060089684049357099339943396e-04,-8.33446052255665686696292215413480e-05,-5.89098902554777219125111791516828e-04,8.49546062394321586964034817291056e-05
8.26999999999999999999999999999999e+01,-2.90536701591111897887230244567116e-04,-8.11863801968225569387391960116420e-05,-5.86935435944265060959851486483872e-04,8.81179687620412187352352814622439e-05
8.27249999999999999999999999999984e+01,-2.92539363068744468641095041177064e-04,-7.90262595136123865007030073406207e-05,-5.84693242521417203531625139098832e-04,9.12526947053886834039209905819349e-05
8.27480157165012990802909560585344e+01,-2.94335309980856363041355104483752e-04,-7.70362043832266894519655138521043e-05,-5.82560032886349250923329140082424e-04,9.41130056057669881758793118300104e-05
