tau,u_left,v_left,u_right,v_right
0.00000000000000000000000000000000e+00,0.00000000000000000000000000000000e+00,0.00000000000000000000000000000000e+00,0.00000000000000000000000000000000e+00,0.00000000000000000000000000000000e+00
1.00000000000000000000000000000000e-01,3.46385567690606865263397683426300e-11,8.18413463315998232239309730783809e-10,1.52330644436291436666121309563475e-16,-4.37700293121991001079013838129949e-15
2.00000000000000000000000000000000e-01,-1.49993814898046342689603281887948e-10,5.91811426452146660627216931404507e-09,-6.83342267863536737467588256009876e-14,-1.80194154950639973746524689255110e-12
3.00000000000000000000000000000002e-01,5.63094298368885290169826870003487e-10,-2.83426750810822957865704314035241e-08,2.19309231496630080971515930585573e-12,1.22824853878481713357551628407429e-10
4.00000000000000000000000000000000e-01,-2.29469744452801842943340181506769e-09,4.30775286959779606365378302000545e-08,1.00737253615327804978913750695995e-10,6.15569030197060284373050446689666e-10
5.00000000000000000000000000000000e-01,6.00646318277742269673527414454985e-09,2.33266427510568120731576238380960e-08,-3.98121685474855917683598087533044e-09,-1.31122728731654143318870069286362e-07
6.00000000000000000000000000000005e-01,-6.05435289791286745941182465598328e-09,-2.05648374763485971754077372852524e-07,-1.55773929004016151371080161346599e-08,1.00950665571817388425407164925834e-06
6.99999999999999999999999999999993e-01,-8.31617827775864876729756585976735e-09,2.67687423678100035233080007666912e-07,1.35940166656713075213314544704288e-06,3.27857159902463014041027439248776e-05
8.00000000000000000000000000000000e-01,2.60539467383946015219767968929793e-08,1.41669328742744203439351552124585e-07,-2.88486972385319090305884909369608e-07,-2.61098360498348742826177828212136e-04
9.00000000000000000000000000000000e-01,-9.43441132522311897440249011794229e-09,-6.84036754578506207242345915509982e-07,-1.66759808171661630157870649603278e-04,-3.53861902659812683809311451478451e-03
1.00000000000000000000000000000000e+00,-3.31074710602275794796106636835478e-08,4.25934676423703927540767843241445e-07,-2.89796873729467149938981225613837e-04,1.14022170525019267669226456788188e-02
1.10000000000000000000000000000000e+00,3.14481352125817585714196377996883e-08,5.43675781879565849071169257029020e-07,7.36777355594243735022682932440624e-03,1.83511242587030699774376316950809e-01
1.19999999999999999999999999999999e+00,2.97225481578103306775107456784692e-08,-7.92280559562208695805316796780072e-07,4.43812522359364059271246801678611e-02,5.67185829712802345553861539267920e-01
1.30000000000000000000000000000000e+00,-6.65823348170148100366715355066199e-08,-4.12063732849724936115921246292557e-07,1.13889636318167247415663113422203e-01,7.66612918958590128586472268261290e-01
1.39999999999999999999999999999998e+00,-3.06685001111293062204047344973111e-08,9.13770335695871199599133432285937e-07,1.91721084064290254302487023470618e-01,7.99476272681558230678158483572532e-01
1.50000000000000000000000000000000e+00,1.31420366574027764339592172819110e-07,1.77031688905297200651958027680974e-06,2.75772365576762240499418291959166e-01,8.62760312979973614037405323500207e-01
1.60000000000000000000000000000000e+00,1.10677247201143467709747195931826e-07,-2.26238945337983564211651468077453e-06,3.59594723115587324526899244462716e-01,8.17178541820761515671793601244354e-01
1.69999999999999999999999999999999e+00,-2.10714165552627758919184192253279e-07,-3.64927529714068611149271810940509e-06,4.41670420795945243242399993854700e-01,8.14239984992243969392345385355796e-01
1.80000000000000000000000000000000e+00,-3.45627725697578939435993770411939e-07,2.28901315285390953046405680855874e-06,5.19330192849447904527953452750070e-01,7.45964377871084641779613610167271e-01
1.89999999999999999999999999999998e+00,1.26885810435330519714291806375108e-07,5.76359159300521872694457211684462e-06,5.92607429819577381073400598029720e-01,7.06924230105740281307764603430568e-01
2.00000000000000000000000000000000e+00,6.13120581471833150817778985173436e-07,2.43004579522491071853157048970099e-06,6.59233978139148507059698083458024e-01,6.38008356501251341752062674944094e-01
2.10000000000000000000000000000000e+00,3.65216103179020416062417971720146e-07,-6.73027381992752691751388680242578e-06,7.20328400325628411140740831098948e-01,5.70343995324559108345604161959389e-01
2.19999999999999999999999999999999e+00,-4.74713815575963457042362546301051e-07,-8.87251626999179444191854041260387e-06,7.74014017401429391423409591886414e-01,5.12052631113015985723739334242851e-01
2.29999999999999999999999999999996e+00,-9.77766899238983559071568385301216e-07,6.48631583547568975788521159170397e-07,8.21137077105046261632021277116544e-01,4.28472765833219796845104763586646e-01
2.39999999999999999999999999999998e+00,-3.99352904767997533013245308743797e-07,9.79677515030997558419476361870698e-06,8.61275642056860596120140545400568e-01,3.68674341384382222383445772397130e-01
2.50000000000000000000000000000000e+00,7.29232222853875876073763444765231e-07,1.05181870917527206896307620415165e-05,8.94107488561520273806958261563741e-01,2.96836528171961467777067464889473e-01
2.60000000000000000000000000000000e+00,1.28604119430903017108042808830042e-06,-1.02468519966774380874569818531539e-07,9.20362088136365191821045659466853e-01,2.23213378616078082175875647931047e-01
2.69999999999999999999999999999999e+00,6.65258483648704919372900174968683e-07,-1.18385488616320610647513363288320e-05,9.39741369436236709267635371369229e-01,1.63699542522909477904158998634229e-01
2.79999999999999999999999999999996e+00,-6.66498137157575527359648251104451e-07,-1.23492014470436467131142618220212e-05,9.52581060923467067261794106914650e-01,9.80272161232646603584921930281806e-02
2.89999999999999999999999999999998e+00,-1.49533698242933355005817567896989e-06,-3.18514303609616293058318024391166e-06,9.59391070337525312982013526458152e-01,3.64803024504597419996668207652751e-02
3.00000000000000000000000000000000e+00,-1.21394179879624309382152873718835e-06,8.29487150243895725402501999801635e-06,9.60379474768725384345251722915363e-01,-1.69250561769897765057230413978006e-02
3.10000000000000000000000000000000e+00,-1.13596295714348779360234485626358e-08,1.46937096286753759388973197405161e-05,9.56058182986400621560244813306302e-01,-6.73373877067981045882033650104857e-02
3.19999999999999999999999999999999e+00,1.40812421362094462055941206736913e-06,1.20074547339645199311772063751592e-05,9.46984761611902049225781175319558e-01,-1.12838628100008043112790606214648e-01
3.29999999999999999999999999999996e+00,2.09509519524235843661229575161003e-06,3.65767671701793118545475436006764e-07,9.33737759839834066705686954930817e-01,-1.51418978125414127010274911462251e-01
3.39999999999999999999999999999998e+00,1.29841039811838811022729689291413e-06,-1.63309664000260243111945234931051e-05,9.16954056766085586553999219264002e-01,-1.83585564772494097597552640041326e-01
3.50000000000000000000000000000000e+00,-9.24699031468425406622928446577342e-07,-2.52505895528136003534554776563049e-05,8.97346653009194671314150480873574e-01,-2.07519655094859026502624543043071e-01
3.60000000000000000000000000000000e+00,-2.95752250358331800056679196213699e-06,-1.16967808481930884516799625395589e-05,8.75555916927650314848480310016248e-01,-2.25825896839526111450841847363022e-01
3.69999999999999999999999999999999e+00,-2.74551805991948151171567555928416e-06,1.67610580057472229633590935666876e-05,8.52371953731605199250127794565802e-01,-2.37751478098030035798092333387593e-01
3.79999999999999999999999999999996e+00,2.12394777621447345060152663649565e-08,3.43807623443672763453258613464446e-05,8.28285694397618785007811217600062e-01,-2.42972742823163369220031659152183e-01
3.89999999999999999999999999999998e+00,3.08311561921100740690731665163218e-06,2.12677131273723160080533920326865e-05,8.03900845593030693378980084712245e-01,-2.45098732271143267711676140872950e-01
4.00000000000000000000000000000000e+00,3.43668074675981276963489148875538e-06,-1.39457068287356438235706748818237e-05,7.79423534358571142188877547854104e-01,-2.42633056451039714634147238129892e-01
4.09999999999999999999999999999992e+00,1.56256836032391273251839173873902e-06,-9.91851333642182814360382840828106e-06,7.55084191353609676319295142135477e-01,-2.44486444653977458538636679481948e-01
4.19999999999999999999999999999999e+00,6.16427865945951457575236510333820e-06,1.36941358829131272502459465894274e-04,7.30965054868152355101715134882564e-01,-2.39659691935141955531388030260182e-01
4.30000000000000000000000000000001e+00,3.82305140984499704842678152293585e-05,5.63356373083554994350180668462907e-04,7.06866007163709923185838725161081e-01,-2.38915929212057496956726831522339e-01
4.39999999999999999999999999999998e+00,1.33235514241181633855792957349380e-04,1.41975357299984264602083153820592e-03,6.83097131630849411713816535345166e-01,-2.39718683591275240695169607741956e-01
4.50000000000000000000000000000000e+00,3.40756919916255221131534473608985e-04,2.83285529173836087981999488926591e-03,6.59395135807682416498364606726611e-01,-2.33532755361142329798530370001064e-01
4.59999999999999999999999999999992e+00,7.21460821312509354366685498497549e-04,4.89222051898244966323895121993316e-03,6.35837672992682239565654301414082e-01,-2.35494166654480903740188281191127e-01
4.69999999999999999999999999999999e+00,1.34157197093527628635885058221438e-03,7.61947036854977738652766310393259e-03,6.12586970546764038716290212726060e-01,-2.32845302550204015325489183168279e-01
4.79999999999999999999999999999996e+00,2.26605936094248444703440912733828e-03,1.09667631306887203660480518396148e-02,5.89351097457577632477232224700940e-01,-2.28882121091153629702179624599655e-01
4.89999999999999999999999999999998e+00,3.55257642519103069389031904565781e-03,1.48414546309934392068434300399374e-02,5.66377019730340586196040531867699e-01,-2.31479514568886714486507588133147e-01
5.00000000000000000000000000000000e+00,5.24781934458670677810515423963903e-03,1.91208623807889863324642644823459e-02,5.43627494408871309980624797843420e-01,-2.26316648542016902682993223886371e-01
5.09999999999999999999999999999992e+00,7.38611060379690032736052548581691e-03,2.36811412661842277760483124260337e-02,5.20920064718374072879108354489296e-01,-2.23542596443782911860806749028683e-01
5.19999999999999999999999999999999e+00,9.98938110892224257699594227573740e-03,2.84015119504680415713915021387235e-02,4.98501819277619146578804758041157e-01,-2.25899444405892284140989243708578e-01
5.29999999999999999999999999999996e+00,1.30680560487484859284127346367533e-02,3.31726506842776378541629170541428e-02,4.76286358002114935247050759698686e-01,-2.21238687137043002234055400857817e-01
5.39999999999999999999999999999998e+00,1.66226509430222005238582902269463e-02,3.79059053200909580548878268590754e-02,4.54159098954671041457038375489559e-01,-2.18446995288255037174529148216547e-01
5.50000000000000000000000000000000e+00,2.06452488208930583599369051494786e-02,4.25199010653662996396421055430382e-02,4.32291779086216410705732836729867e-01,-2.18933584899705489801204387719562e-01
5.59999999999999999999999999999992e+00,2.51202270725244528319889544787109e-02,4.69424410626974537072708911075559e-02,4.10620404913754296802382841369584e-01,-2.16150023929940406033053571102800e-01
5.69999999999999999999999999999999e+00,3.00253447179788402652035706599655e-02,5.11137580952971574386232030654580e-02,3.89112600525629331561863774052260e-01,-2.13342563059749615432900986046380e-01
5.79999999999999999999999999999996e+00,3.53330922217077520376651780157446e-02,5.49889549748076877445350065973614e-02,3.67806098510456204508872238696842e-01,-2.11771884321978835186750146246742e-01
5.89999999999999999999999999999998e+00,4.10122206756793757417168462420279e-02,5.85373320284188371633835854714693e-02,3.46713745857107515034605774377044e-01,-2.10793724602253643152254057463847e-01
6.00000000000000000000000000000000e+00,4.70288879787164030562272779347820e-02,6.17354798630838397158757532670691e-02,3.25831151965836216046240571202693e-01,-2.07776931328971855872819606293406e-01
6.09999999999999999999999999999992e+00,5.33469988883880447648313812802536e-02,6.45642100753276872817220014404411e-02,3.05108157362215648975654902932957e-01,-2.05489751641671700466574305189709e-01
6.19999999999999999999999999999999e+00,5.99289170518095641685573199082853e-02,6.70093546238880291681223911802797e-02,2.84631977832093725452455634020436e-01,-2.04145549236068932456327771526465e-01
6.29999999999999999999999999999996e+00,6.67358816923438101369356803659820e-02,6.90645655406713761342767343363185e-02,2.64345790631058053567868005692829e-01,-2.01518173085168342740311139223599e-01
6.39999999999999999999999999999998e+00,7.37288733489890874870185639563227e-02,7.07320516681650035158573864569101e-02,2.44283499772216158044329056788929e-01,-2.00393474176019106491166535639378e-01
6.50000000000000000000000000000000e+00,8.08697636187319660198983605514866e-02,7.20234235688313984647416817536152e-02,2.24447885159701216481584338558321e-01,-1.96607446134011126857214018289500e-01
6.59999999999999999999999999999992e+00,8.81213755084091942185881138356411e-02,7.29488539869462090672432798825473e-02,2.04757511334904305407085198523232e-01,-1.95098289414469683796068755900693e-01
6.69999999999999999999999999999999e+00,9.54475681440013797168892018238126e-02,7.35161341763253771989447326717493e-02,1.85369864759947348601476365571498e-01,-1.94699705958264358497236739718592e-01
6.79999999999999999999999999999996e+00,1.02813040542082379302111477813372e-01,7.37358127764556656568600632788699e-02,1.66167099354649354507564368750036e-01,-1.89423562177934980644129632569652e-01
6.89999999999999999999999999999998e+00,1.10183468134513855986568640121413e-01,7.36182697393747071726669567760354e-02,1.47139871734122715018107742911052e-01,-1.88929511345525917093319468923850e-01
7.00000000000000000000000000000000e+00,1.17525939056063169246912613540757e-01,7.31780363888008622591342524099061e-02,1.28438681947185913816691134237769e-01,-1.87563798760944955663217354594089e-01
7.09999999999999999999999999999992e+00,1.24808837662374119604568298888710e-01,7.24305401721725344399113866528264e-02,1.09892822141221310676785813147933e-01,-1.82675995866469102932338129419639e-01
7.19999999999999999999999999999999e+00,1.32002485051860240896739621130898e-01,7.13969487617242822000818159515097e-02,9.15718315733021488549005665531681e-02,-1.82394070244683544391092510026712e-01
7.29999999999999999999999999999996e+00,1.39079522906947476098905950836173e-01,7.01013722867164906545943607668376e-02,7.35488046220129116004091616731540e-02,-1.79869628520880503918491021172895e-01
7.39999999999999999999999999999998e+00,1.46014578809872540765479338697189e-01,6.85604504691022193006509843362630e-02,5.56832324611568925590106101893815e-02,-1.76209662954209653366371354974692e-01
7.50000000000000000000000000000000e+00,1.52783909185462684114343472689185e-01,6.67883573887850542802470470202723e-02,3.80789416518541399023613949937207e-02,-1.75972638903949484258971225398014e-01
7.59999999999999999999999999999992e+00,1.59364916891509289697286343799476e-01,6.47962255541343015306551016999063e-02,2.07529551877585302682543993466608e-02,-1.72284551770300775461962043709179e-01
7.69999999999999999999999999999999e+00,1.65736292659792988315359196995454e-01,6.25985734910097861940486408232782e-02,3.59920858315865958788301105612590e-03,-1.68548538958359519902796714473425e-01
7.79999999999999999999999999999996e+00,1.71878379802456433594324865698106e-01,6.02134155164511896044153046279426e-02,-1.32749921839910786189077772198116e-02,-1.68690928586176344510926231372836e-01
7.89999999999999999999999999999998e+00,1.77773400681566552632112742966693e-01,5.76610546541090410916737127274953e-02,-2.98599962313531942658589627262977e-02,-1.65512700964416365322616110496595e-01
8.00000000000000000000000000000000e+00,1.83405782377717996873021178131347e-01,5.49641274960947709818890538418170e-02,-4.62632655238793149014590279365604e-02,-1.61224358061307723942293701674475e-01
8.10000000000000000000000000000002e+00,1.88761918359007310878432391516519e-01,5.21380536008771878528753779242698e-02,-6.24077186045564515007529896018647e-02,-1.60443551323787218903904778041249e-01
8.19999999999999999999999999999984e+00,1.93829541963715553514114612121796e-01,4.91959311242970663963020581049912e-02,-7.82551392007171731526179695204422e-02,-1.58264337216314010530811762376317e-01
8.29999999999999999999999999999996e+00,1.98597542894225268556719701191437e-01,4.61473368628135032951802773357027e-02,-9.38826993248957576140546931635025e-02,-1.54120742424799242314456610102537e-01
8.39999999999999999999999999999998e+00,2.03055769414746527327028150352890e-01,4.30014684573219036981283659698612e-02,-1.09270845928562375044674650506012e-01,-1.52225768375671476547811089150609e-01
8.50000000000000000000000000000000e+00,2.07195003151647096911977701011043e-01,3.97704098047820126352585675096267e-02,-1.24364065839781428631670233515283e-01,-1.50601602064828565560016100000632e-01
8.60000000000000000000000000000002e+00,2.11007419589765066906548734594990e-01,3.64674785520393326317649776458326e-02,-1.39203787871604158297105349328733e-01,-1.46884319423915905013935681684211e-01
8.69999999999999999999999999999984e+00,2.14486849812903844214554410744430e-01,3.31139919560336690222461714361501e-02,-1.53798605205829007965291066543391e-01,-1.44101607018129024414491710768133e-01
8.79999999999999999999999999999996e+00,2.17629062794561906188378050724683e-01,2.97260799100037888677087814633268e-02,-1.68106399508009168486400434716900e-01,-1.41811643759284628626013982548791e-01
8.89999999999999999999999999999998e+00,2.20431242448485406784531363279446e-01,2.63134351447791222244324716389355e-02,-1.82161010432704487207141568405065e-01,-1.39386701126185830901253665121659e-01
9.00000000000000000000000000000000e+00,2.22891194391188089745326663138759e-01,2.28832965448197311675663161935534e-02,-1.95928421464853774430351013564020e-01,-1.37025720152970973088048085107793e-01
9.10000000000000000000000000000002e+00,2.25007364898536790301987788729517e-01,1.94381551499367617777487192209897e-02,-2.09434595760858674237112309758569e-01,-1.32692717467322239157272510747194e-01
9.19999999999999999999999999999984e+00,2.26778576961189448899059104380838e-01,1.59848437201434004187254331121477e-02,-2.22705867854918826708119070215423e-01,-1.31003509742125969777100696767548e-01
9.29999999999999999999999999999996e+00,2.28204303304584978620028260085796e-01,1.25310211124613687846017328248846e-02,-2.35632100026635715847858470375411e-01,-1.29542123380345504236484842010664e-01
9.39999999999999999999999999999998e+00,2.29285143734548525601048522248056e-01,9.08861818851517023958413526190564e-03,-2.48315141440176895066927863242352e-01,-1.24196568896198408551705902985453e-01
9.50000000000000000000000000000000e+00,2.30022977443829028409903848876808e-01,5.67387040423632789456081389904427e-03,-2.60759250644877723337424830039515e-01,-1.22653130994148098241536507511756e-01
9.59999999999999999999999999999992e+00,2.30421181510925627697048185316558e-01,2.29743097335526891761958252472273e-03,-2.72844719865325566023742021556769e-01,-1.20931686465440192817886810433657e-01
9.69999999999999999999999999999984e+00,2.30483994548532403248126538278438e-01,-1.03351621222790996376101711209815e-03,-2.84694976570281370634890685590622e-01,-1.16007662130141698094101254551859e-01
9.79999999999999999999999999999996e+00,2.30216107040942363152966840810481e-01,-4.31591965541923932241952028401470e-03,-2.96281004496457688127229132231451e-01,-1.14298397521584733693399817853007e-01
9.89999999999999999999999999999998e+00,2.29622361294881794296581450513863e-01,-7.55142915834530579188838013472932e-03,-3.07530674206159909023684008840088e-01,-1.11883197574810573459655576351343e-01
1.00000000000000000000000000000000e+01,2.28707373557604427308475980085108e-01,-1.07403180387375212822655047054078e-02,-3.18529055643010149078774170309390e-01,-1.07899889697522640627947693525356e-01
1.00999999999999999999999999999999e+01,2.27476023532999441593991471036571e-01,-1.38773624216148757302894633044443e-02,-3.29238430913329557683687825581555e-01,-1.05884163889411163391704443787651e-01
1.01999999999999999999999999999999e+01,2.25933910525923909378265053043318e-01,-1.69537150999348215530684908779076e-02,-3.39629957207184705278822480479863e-01,-1.02857572761771639390283890429991e-01
1.03000000000000000000000000000000e+01,2.24087721431417953069636729784982e-01,-1.99571954563321379394089290153642e-02,-3.49763468154169301336315005599455e-01,-9.89260386797822187453815297482872e-02
1.04000000000000000000000000000000e+01,2.21945202367180581683354319554171e-01,-2.28789881938934454968658766977022e-02,-3.59610227711591579345258033219574e-01,-9.73335905189360662638003479161842e-02
1.05000000000000000000000000000000e+01,2.19514786838889401712026521130167e-01,-2.57145201117854055867206287995345e-02,-3.69120218311316972204134180358671e-01,-9.46788892183540202741120956632821e-02
1.05999999999999999999999999999999e+01,2.16805317808119368239286815487641e-01,-2.84605322961013029366155465440948e-02,-3.78369691904130434723878931792804e-01,-8.98776681312401224415098604799739e-02
1.06999999999999999999999999999998e+01,2.13825426448351921627662190053207e-01,-3.11235961021688068699270755819245e-02,-3.87343786901314151942499613951832e-01,-8.80447859064954716303052737628702e-02
1.08000000000000000000000000000000e+01,2.10583218884040449472377033966186e-01,-3.37078378411291491966853739820558e-02,-3.95968382043862108314268275721446e-01,-8.59321418911386269321057485916884e-02
1.09000000000000000000000000000000e+01,2.07086519964821692777252696570408e-01,-3.62126585759716063425590737337240e-02,-4.04325721408823226853715218350376e-01,-8.13597164243493493580835974643503e-02
1.10000000000000000000000000000000e+01,2.03343366796345386728129279751769e-01,-3.86359327953127097625611725981286e-02,-4.12405389054391564430030500292394e-01,-7.89492446901713561264059979908608e-02
1.10999999999999999999999999999999e+01,1.99362444011490401890001722416885e-01,-4.09668641049620051792007880604118e-02,-4.20153096987963178018971288279953e-01,-7.67555366153218504919089526082994e-02
1.11999999999999999999999999999998e+01,1.95153280839159946285871235565579e-01,-4.31987361355203199473336630171253e-02,-4.27614401429665542906095107476326e-01,-7.30735660927696026325416965720938e-02
1.13000000000000000000000000000000e+01,1.90726241027748867846546775244678e-01,-4.53242540697270632063739135210840e-02,-4.34784697604443842014581845101737e-01,-6.97798928644042056622226155438606e-02
1.14000000000000000000000000000000e+01,1.86092114497018355484979990929436e-01,-4.73404545342520538632384924692235e-02,-4.41652985593680208749775852285262e-01,-6.69260713763602045910989804279063e-02
1.15000000000000000000000000000000e+01,1.81261499684065506939938321430693e-01,-4.92551118703563948095596172944993e-02,-4.48220127853249582912570997392222e-01,-6.46766238846466870320548846129349e-02
1.16000000000000000000000000000000e+01,1.76244373135291686545443505784194e-01,-5.10721060428875167823941040598296e-02,-4.54468243788670602929543631213204e-01,-6.15642891320735419720225312223233e-02
1.16999999999999999999999999999999e+01,1.71050080966428274915182228003563e-01,-5.27987742853338358088202229941630e-02,-4.60438458875880246885058560353193e-01,-5.71507237257132844931351674941712e-02
1.18000000000000000000000000000000e+01,1.65687476796147620346596772386798e-01,-5.44389079151156439182283004714898e-02,-4.66131099195278542776163935475663e-01,-5.51901941000397399813814146602285e-02
1.19000000000000000000000000000000e+01,1.60165347157846319037252245737241e-01,-5.59882228780405618893499356416424e-02,-4.71472065687899911681441385118930e-01,-5.33554835135651864907211994235219e-02
1.20000000000000000000000000000000e+01,1.54493010816795401809922744876479e-01,-5.74415121892086138868443920227116e-02,-4.76532476449235337494626376170240e-01,-4.82689298975257382097191342299142e-02
1.21000000000000000000000000000000e+01,1.48680579047883580768437499375724e-01,-5.87891111094734900956831096843860e-02,-4.81336180165605709156360640814910e-01,-4.58391160714466929567343437585809e-02
1.21999999999999999999999999999999e+01,1.42738866281761881428971481740921e-01,-6.00267951234113593774394050678703e-02,-4.85779450535554263548102968522665e-01,-4.43192668737560961049419217426625e-02
1.23000000000000000000000000000000e+01,1.36678838816396642646823428489194e-01,-6.11557258913447500108678556281127e-02,-4.89941849282981234027482163412123e-01,-3.95226612131692593558862163138799e-02
1.24000000000000000000000000000000e+01,1.30511254985898589370896515312783e-01,-6.21790592074401266041757771217122e-02,-4.93843649900957534680673934180727e-01,-3.68975037645183448997654261194049e-02
1.25000000000000000000000000000000e+01,1.24246238035240560362165430344626e-01,-6.31062189919584564028790314985963e-02,-4.97403689788345697815966343262904e-01,-3.50475980266119894281315234176337e-02
1.25999999999999999999999999999999e+01,1.17892868655836168387588838789370e-01,-6.39471009695471237253626370315307e-02,-5.00681628672967015230162426040953e-01,-3.11182389752057046583687788458129e-02
1.26999999999999999999999999999999e+01,1.11459536331784317040640605738442e-01,-6.47064456683667650677395538631680e-02,-5.03683717464429092901118876441020e-01,-2.82393251138938442791818149502887e-02
1.28000000000000000000000000000000e+01,1.04954277673937731952057936012351e-01,-6.53848232575566956208297930735766e-02,-5.06369021956151040652061647757985e-01,-2.56831859285380166272180946582115e-02
1.29000000000000000000000000000000e+01,9.83853796317888074631742446091263e-02,-6.59783119600862741093452508399659e-02,-5.08769365750831105580269800409085e-01,-2.22064760257432848153539205280246e-02
1.30000000000000000000000000000000e+01,9.17617136709733191355658709048196e-02,-6.64795598070505823204048800787555e-02,-5.10890720801879009937952520344479e-01,-1.97996835874788178614890628880215e-02
1.30999999999999999999999999999999e+01,8.50926989732080361465355610622407e-02,-6.68835321692513398058652065313102e-02,-5.12695564002921584239324285510381e-01,-1.73371231251735220918511311216348e-02
1.31999999999999999999999999999998e+01,7.83883706686599830816751810200230e-02,-6.71868021355251081100557017314749e-02,-5.14225688991419225637771104409996e-01,-1.31740084741428683473787438980075e-02
1.33000000000000000000000000000000e+01,7.16586033891490482866084389096092e-02,-6.73930242190366312630934427078750e-02,-5.15495443692894213792062020720586e-01,-1.08812691875995885765476201909531e-02
1.34000000000000000000000000000000e+01,6.49126584207754377552658012794837e-02,-6.75115492682164003988111159390409e-02,-5.16439734024504237836175820151601e-01,-9.01980757355498043792261648546885e-03
1.35000000000000000000000000000000e+01,5.81589818445246590459648876779603e-02,-6.75501785097581176965510902476194e-02,-5.17116158073683961367715321122757e-01,-4.94626377838154024371298744495564e-03
1.35999999999999999999999999999999e+01,5.14048983336416369857693774537222e-02,-6.75201913308782700011298721942478e-02,-5.17534657381870395889161860386547e-01,-2.38127366494464280892420331625156e-03
1.36999999999999999999999999999998e+01,4.46570134727684245069931186672594e-02,-6.74274677474553345839505492289856e-02,-5.17645618794148208104489708479881e-01,-2.54742122698265642934757744761053e-04
1.38000000000000000000000000000000e+01,3.79215189195028550103746239937760e-02,-6.72718906269947555207664136559397e-02,-5.17489038598769014913711233767482e-01,2.91310335460763955487192793070675e-03
1.39000000000000000000000000000000e+01,3.12048033098130205279053948178154e-02,-6.70504120944505915631730953272704e-02,-5.17061275282755702650885022379778e-01,5.87386516142440311290439833218909e-03
1.40000000000000000000000000000000e+01,2.45139051680499033910044562573371e-02,-6.67553615376990119817210485152754e-02,-5.16367992029195187078645489839265e-01,8.64987891998903829909619239855988e-03
1.41000000000000000000000000000000e+01,1.78563083792053611287947867715241e-02,-6.63831010079847526719890508481891e-02,-5.15406500622747407600383728958425e-01,1.04457727350756691679892919631557e-02
1.41999999999999999999999999999999e+01,1.12399614297439439826824530003135e-02,-6.59304270173397474052628468799896e-02,-5.14157151353798294914577310803865e-01,1.32417637455185817320133347836262e-02
1.42999999999999999999999999999999e+01,4.67285784094750869179074307719692e-03,-6.53994104771717811353250515114597e-02,-5.12670599028203443206356461852215e-01,1.71823205488405454931500049381768e-02
1.44000000000000000000000000000000e+01,-1.83762401781043156710364791943781e-03,-6.47992760250520360746550867175647e-02,-5.10939102210137819560971753353469e-01,1.88268055872525317932023395661583e-02
1.45000000000000000000000000000000e+01,-8.28501564743156724379450270433069e-03,-6.41397171910282617370978963657435e-02,-5.08910112853286777191312107808289e-01,2.03015594555181569233511169231968e-02
1.45999999999999999999999999999999e+01,-1.46639582030559899333020682795215e-02,-6.34318867654483786286163001367359e-02,-5.06637177467589615743800497211148e-01,2.44940617152066138637055375167882e-02
1.46999999999999999999999999999999e+01,-2.09700301415155405799782804538043e-02,-6.26830046343358046995176343280955e-02,-5.04155974372784403586678774901361e-01,2.69598592186617527705710306318488e-02
1.48000000000000000000000000000000e+01,-2.71993505712603009818872215896607e-02,-6.18974252473355309295509383339482e-02,-5.01385438651940943900965605822638e-01,2.77052816920953869207200492798892e-02
1.49000000000000000000000000000000e+01,-3.33482353163221609277568008554338e-02,-6.10735288248921945500496956495074e-02,-4.98366236964694515306758289229916e-01,3.15033571051396107662950470059952e-02
1.50000000000000000000000000000000e+01,-3.94125781389118923242421442475361e-02,-6.02051576184933877461828805282453e-02,-4.95157904960079257341681075603583e-01,3.43031843493687484075004622395388e-02
1.50999999999999999999999999999999e+01,-4.53876207184393578998010002911181e-02,-5.92873188965139718070511138624750e-02,-4.91679784236726384074858364560067e-01,3.50962679226094386083923278528420e-02
1.51999999999999999999999999999999e+01,-5.12681922013591833337410146079044e-02,-5.83146180610154312965045031142675e-02,-4.87961452605902542367074237820371e-01,3.80710726542530109232405121143071e-02
1.53000000000000000000000000000000e+01,-5.70487276293886978705333051735064e-02,-5.72869346190007909227629632792243e-02,-4.84046815717515965037909062964534e-01,4.08647886304910465188824031193301e-02
1.54000000000000000000000000000000e+01,-6.27238290313284270938662399969310e-02,-5.62074972811912938773768051927224e-02,-4.79894511778006022985559425453253e-01,4.25319492274281471062998681249531e-02
1.55000000000000000000000000000000e+01,-6.82887937809495360300844151647639e-02,-5.50851080258118166236136250094525e-02,-4.75520386535610864951010783337541e-01,4.47690753250930159699101427916267e-02
1.55999999999999999999999999999999e+01,-7.37398420196709951020872485369791e-02,-5.39319229012526757724401180436337e-02,-4.70941315905711090855605630349967e-01,4.67931999137825941182040543158001e-02
1.56999999999999999999999999999999e+01,-7.90744139115591439605760811791519e-02,-5.27565640198845524868510735589949e-02,-4.66142518976184995416918785883947e-01,4.87112249858433243549824755814832e-02
1.58000000000000000000000000000000e+01,-8.42907594583865960983252159083828e-02,-5.15683390546535015879412989215385e-02,-4.61142538938077147302653210227773e-01,5.13737605587966755274853945283491e-02
1.59000000000000000000000000000001e+01,-8.93877705600924790428300769780500e-02,-5.03709433945956622288337782470392e-02,-4.55958912080648903768483065947059e-01,5.31359649372712199615290215924412e-02
1.60000000000000000000000000000000e+01,-9.43645827189473784613934056016511e-02,-4.91626608738972839711117855632359e-02,-4.50558552347909660776397371446762e-01,5.43216268006531375374526738460441e-02
1.60999999999999999999999999999999e+01,-9.92198165748211725239929056934268e-02,-4.79390466799622608357976570533006e-02,-4.44969286503161891323866801481391e-01,5.69491472295957387550134143375546e-02
1.62000000000000000000000000000000e+01,-1.03951602394064844449454770286874e-01,-4.66925233499571776069125215199944e-02,-4.39214927413486557854278723754164e-01,5.88206846246005953521244640404645e-02
1.63000000000000000000000000000000e+01,-1.08557408853885601620356342407667e-01,-4.54183044406307017385113580051219e-02,-4.33260504360067079129473027445912e-01,6.01061522385746380299142384752935e-02
1.63999999999999999999999999999996e+01,-1.13034238163036618195386333819259e-01,-4.41134882301516504295977672933959e-02,-4.27135544411040184397973618070885e-01,6.21309030636274242821227502864226e-02
1.65000000000000000000000000000000e+01,-1.17379092078086393865016141617773e-01,-4.27788599829332488271165434598158e-02,-4.20842576029642168137853295178175e-01,6.38533236547543334345446127458520e-02
1.65999999999999999999999999999999e+01,-1.21589267221531352238238812033802e-01,-4.14216677478416817860946812454113e-02,-4.14384896855573899332711418549725e-01,6.56302973412076932164468857563601e-02
1.67000000000000000000000000000000e+01,-1.25663000659010502309095973201860e-01,-4.00518412156743697793562546609059e-02,-4.07773764356052271134471521218752e-01,6.65960827024352310204372241731628e-02
1.68000000000000000000000000000000e+01,-1.29599523912991425529099347975254e-01,-3.86788466418215383497507763856937e-02,-4.00985711228289765708634984142401e-01,6.80874566215056312442913172748033e-02
1.68999999999999999999999999999997e+01,-1.33399019098853058435525132046789e-01,-3.73129242316606350814195016688030e-02,-3.94069312667501455280725952636031e-01,7.07776130740805084704167733614537e-02
1.70000000000000000000000000000000e+01,-1.37062555470571649091157410735681e-01,-3.59602609992747592354125340813206e-02,-3.87025868624924977292932008666929e-01,7.13906340794202895428095048118968e-02
1.70999999999999999999999999999999e+01,-1.40591517618272254108336132798641e-01,-3.46210076503241530136908256371940e-02,-3.79807965569516734058158834949975e-01,7.16785317567080552680027703158226e-02
1.72000000000000000000000000000000e+01,-1.43987140863507020699258430508944e-01,-3.32925767149126022698636753805284e-02,-3.72462959085692696458616266498530e-01,7.43876326651803770262506294557006e-02
1.73000000000000000000000000000000e+01,-1.47250075533314520388792795966426e-01,-3.19659729035586945833982208515849e-02,-3.65029218757977221084434504953732e-01,7.59777126991490007182860450733278e-02
1.73999999999999999999999999999997e+01,-1.50380147387931467256710606413031e-01,-3.06335180154394407728617176974344e-02,-3.57446759171093121120983871662980e-01,7.54797750416434933273616057338513e-02
1.75000000000000000000000000000000e+01,-1.53376327938228812691419414459759e-01,-2.92872280554569609479927876034844e-02,-3.49726960994917292668070009236741e-01,7.74030561033848782293019046211359e-02
1.75999999999999999999999999999999e+01,-1.56236831834919459306184736969601e-01,-2.79192178222908342571951070523928e-02,-3.41945680828249859452054111534729e-01,7.95030614190723480847992417632383e-02
1.77000000000000000000000000000000e+01,-1.58959543097845060030347593808150e-01,-2.65315642459420733458600690159168e-02,-3.34044714130030111582777760648237e-01,7.89736033398696983610159928599646e-02
1.78000000000000000000000000000000e+01,-1.61542513180175396563692448535446e-01,-2.51256212735592778760826122476101e-02,-3.26018511201367369840279760689697e-01,8.00977387021723563838789155676896e-02
1.78999999999999999999999999999997e+01,-1.63984251276315872016646717186508e-01,-2.37074445700339677586591732623359e-02,-3.17934305229567354321445160978373e-01,8.19660561924947792584843802904596e-02
1.80000000000000000000000000000000e+01,-1.66283919896806930938173553257974e-01,-2.22858913840333726246934547462650e-02,-3.09760104986785862512343349398424e-01,8.22700078177965889704077961529778e-02
1.80999999999999999999999999999999e+01,-1.68441392202111994684141980327130e-01,-2.08640864569332130651359408260484e-02,-3.01494406079096171662439954018463e-01,8.27502024321204761731055618744616e-02
1.82000000000000000000000000000000e+01,-1.70456885915325899080335767965992e-01,-1.94456624053357939678572633460503e-02,-2.93160256076354871991133975498343e-01,8.35582648897720068480185713883480e-02
1.83000000000000000000000000000000e+01,-1.72330401736176253970775704502624e-01,-1.80234659433393395812293537343683e-02,-2.84757926888473796824631220586898e-01,8.43945596929119408155265770062311e-02
1.83999999999999999999999999999997e+01,-1.74061011584328464555699591189008e-01,-1.65844271733950178740613359129387e-02,-2.76296683597564479201331796710417e-01,8.51278435532331649711008067374748e-02
1.85000000000000000000000000000000e+01,-1.75646198924151686308522859185497e-01,-1.51116255522530902455834340907507e-02,-2.67780709596273317735389668675225e-01,8.54488259732832767429478891250181e-02
1.85999999999999999999999999999999e+01,-1.77081286599128873613850487663379e-01,-1.35780489244700551980446496504077e-02,-2.59208462869391271779733425470326e-01,8.56664413471158557289759916607923e-02
1.87000000000000000000000000000000e+01,-1.78358963594558722852859839278018e-01,-1.19589146172658785528361380110778e-02,-2.50592103207470270178888435789735e-01,8.64156603270819115140104237783421e-02
1.88000000000000000000000000000000e+01,-1.79469417591755290531239784965154e-01,-1.02301926862525651459398306507087e-02,-2.41948292158663722714054932413092e-01,8.68095875546581863248034796957376e-02
1.88999999999999999999999999999996e+01,-1.80400649519319606250210487836741e-01,-8.37172497202711899528356430455046e-03,-2.33262044790042713981524915045906e-01,8.67903666030879227174064657690387e-02
1.90000000000000000000000000000000e+01,-1.81139112347015736626986174975987e-01,-6.37375089266059810385937593171571e-03,-2.24551376741082834260693064398680e-01,8.73014738377170466365397907056744e-02
1.91000000000000000000000000000000e+01,-1.81670665793762763262188864522380e-01,-4.23433493967981925368927984001880e-03,-2.15825663675913192939873493837230e-01,8.74100713655174723260446323068424e-02
1.91999999999999999999999999999999e+01,-1.81981585874081406898894871672533e-01,-1.96380048242037540578860778467194e-03,-2.07078921166101407953714855603671e-01,8.75504234074002486087513805013695e-02
1.93000000000000000000000000000000e+01,-1.82059750769844758189882647885126e-01,4.17078171511219906436166248269753e-04,-1.98332496954624594785167351381764e-01,8.74033975178977818002049410071280e-02
1.93999999999999999999999999999997e+01,-1.81895356016294717279630630129044e-01,2.88199822783975981986900229947900e-03,-1.89566946480003238435743195314864e-01,8.72097417112953989652229145117670e-02
1.95000000000000000000000000000000e+01,-1.81481657969053301179608493413684e-01,5.39731737817318587535449878105477e-03,-1.80812239290984335969380020942760e-01,8.81646754749577660410024350687366e-02
1.95999999999999999999999999999999e+01,-1.80815443538795854027642921287794e-01,7.92676994605853520846282635573508e-03,-1.72086910654558581880138083083494e-01,8.75573074586805310566871451881304e-02
1.96999999999999999999999999999999e+01,-1.79896899164674304300175629686927e-01,1.04379742528960566662668998595506e-02,-1.63342743060372315881287142132041e-01,8.62721725232676211991501264895323e-02
1.98000000000000000000000000000000e+01,-1.78729513949878850739033747463270e-01,1.28995957818875553317525883448006e-02,-1.54617510083290839843834943116396e-01,8.72337890526387036755780493406084e-02
1.98999999999999999999999999999997e+01,-1.77319483015726318929665940892017e-01,1.52868314287962750274312910749513e-02,-1.45951934776154672948548546907249e-01,8.75473940453914683268578222242177e-02
2.00000000000000000000000000000000e+01,-1.75675186432499629018696863491273e-01,1.75823557069893868876991749406947e-02,-1.37299622960385904362390544696422e-01,8.57615400577695529110638142980526e-02
2.00999999999999999999999999999999e+01,-1.73806535562269495827650259099531e-01,1.97732639664147529068295348976785e-02,-1.28656128075748835277058287449076e-01,8.56134436457634071178626143480730e-02
2.01999999999999999999999999999999e+01,-1.71724124706801380234218254319237e-01,2.18562067513358522934866448894592e-02,-1.20089478120213748419357275663576e-01,8.64368412166238487054069072513934e-02
2.03000000000000000000000000000000e+01,-1.69438951436215687247062535185958e-01,2.38293687421944938544258735403504e-02,-1.11571203485558885811426349913653e-01,8.47935761614903533356917021445888e-02
2.03999999999999999999999999999997e+01,-1.66961857596488979378362261559785e-01,2.56952098245625232439729256797834e-02,-1.03067801066004502795250895853479e-01,8.39185934134397399064754909171574e-02
2.05000000000000000000000000000001e+01,-1.64303220865632404066452978071762e-01,2.74607457781255300139072384643000e-02,-9.46471400137094275122399593043870e-02,8.45435427727685416762078336745445e-02
2.05999999999999999999999999999999e+01,-1.61472967791826721021647321228162e-01,2.91290979221441715279485702626257e-02,-8.62970144883660175753785988871453e-02,8.35255156117256729451014392598917e-02
2.07000000000000000000000000000000e+01,-1.58480435323682592260581416757135e-01,3.07064024155258916484196079475316e-02,-7.79934849920193376616972242687684e-02,8.22062285345507328260245137897488e-02
2.08000000000000000000000000000000e+01,-1.55334575092963321988177906724554e-01,3.21965481747381095506209748694473e-02,-6.97629900912200631198097657418234e-02,8.16929709056161832896274638436997e-02
2.08999999999999999999999999999998e+01,-1.52043975457305375259458042393296e-01,3.36017426261631601784506159790882e-02,-6.16142851484065549372462072690837e-02,8.14013701887351075168041990232727e-02
2.10000000000000000000000000000000e+01,-1.48616954551911152335302413254031e-01,3.49245907535866002248874840120179e-02,-5.35525971926348640632340150420036e-02,8.04755013762721870127232660114476e-02
2.10999999999999999999999999999999e+01,-1.45061841384950039715980560777065e-01,3.61640818929031633018211974970063e-02,-4.55660183617997932306716702563381e-02,7.91183368204639418785840717653387e-02
2.11999999999999999999999999999998e+01,-1.41386872508168566522482323099531e-01,3.73216792162547160040340339855426e-02,-3.76664495651368307649927481990851e-02,7.83994700374023044596964069795072e-02
2.13000000000000000000000000000000e+01,-1.37600229310051852491292645676697e-01,3.83972925346059057824387900459169e-02,-2.98691553850143289260719273410202e-02,7.77079235106837726209036006662306e-02
2.13999999999999999999999999999996e+01,-1.33710167460859942206796628884815e-01,3.93904582764164394228977770053164e-02,-2.21693835420553320148310403732944e-02,7.65261370062619495577117507377907e-02
2.15000000000000000000000000000000e+01,-1.29724847014067151729706404228280e-01,4.03024724330697223774705208081312e-02,-1.45656089928053009423522239468111e-02,7.53280699901592859958684097348725e-02
2.16000000000000000000000000000000e+01,-1.25652338017019430431721944961753e-01,4.11343511062565127723253922143384e-02,-7.06991643922276694640112746697752e-03,7.45268812876641543088522083805608e-02
2.16999999999999999999999999999999e+01,-1.21500580938989966180156355115720e-01,4.18881834753975594892003270751992e-02,3.09693287053814830779338328865281e-04,7.33235944511882578564574519621746e-02
2.18000000000000000000000000000001e+01,-1.17277271578234327443618939476413e-01,4.25651460115450630713003904701268e-02,7.58472268963584133275074290539898e-03,7.20307566961541013826154462039107e-02
2.18999999999999999999999999999997e+01,-1.12990000193376860648566030969134e-01,4.31681768515213387449138393645489e-02,1.47355403885597072125378720400296e-02,7.09577613473167319887718385640502e-02
2.19999999999999999999999999999999e+01,-1.08646041951751686187656269733884e-01,4.36995143084565297914816083675550e-02,2.17700515256822619958308938507092e-02,6.94887122212092652865560547113081e-02
2.21000000000000000000000000000000e+01,-1.04252420262361284345660898543658e-01,4.41609676892307000283143082211965e-02,2.86848402001650785106029089697007e-02,6.88141603176906956582632237297561e-02
2.21999999999999999999999999999998e+01,-9.98160894370149761924703050249753e-02,4.45549218518933664234460519074549e-02,3.54505687174057043240228985488289e-02,6.74349474425528832075727956664391e-02
2.23000000000000000000000000000000e+01,-9.53436662742742394038921349188663e-02,4.48826066334719625953157870727806e-02,4.21077308749813599396865471057831e-02,6.50704723224842646572616492723641e-02
2.23999999999999999999999999999996e+01,-9.08416611804141420771913340204910e-02,4.51467188813541223215415792128461e-02,4.86398294260308757772398653123142e-02,6.45673999317088634691988621737050e-02
2.25000000000000000000000000000000e+01,-8.63164405726185827705065296139650e-02,4.53477862499768902503376755803041e-02,5.50039200600663204470563434165002e-02,6.38809342478654314429169998290061e-02
2.25999999999999999999999999999999e+01,-8.17741620049089144877295733446913e-02,4.54871857694628629643573232031995e-02,6.12394978395082875704543279301856e-02,6.13057171581021438769022430923072e-02
2.26999999999999999999999999999999e+01,-7.72209558420727253006660350620617e-02,4.55674270362265342973058841620107e-02,6.73580476415704537253366998422995e-02,5.97859960867576947793708851122635e-02
2.28000000000000000000000000000000e+01,-7.26626590657218107414363026571042e-02,4.55889339146601178444328285248620e-02,7.33092938995736465411860520925748e-02,5.94971448443446863399231216427007e-02
2.28999999999999999999999999999997e+01,-6.81050447162482469486146601350355e-02,4.55536472819836504121066623587801e-02,7.91012732771883845464666068173907e-02,5.73477169017573047974338750352825e-02
2.30000000000000000000000000000001e+01,-6.35537715636364657063933726439657e-02,4.54632467892944858257378899088715e-02,8.47782356369551484953418339953481e-02,5.51439448976496691236797971780103e-02
2.30999999999999999999999999999999e+01,-5.90141840044911232686484869934916e-02,4.53194532810048751271688094616782e-02,9.02920651381259760015228217215632e-02,5.48125826926464200151777287240419e-02
2.32000000000000000000000000000000e+01,-5.44915777887068348105975953788765e-02,4.51242480598771699859726186739255e-02,9.56312309199487555945350696608437e-02,5.32241736446067470800016756226424e-02
2.33000000000000000000000000000000e+01,-4.99910153057883486781672326327295e-02,4.48790240154996216232940318356431e-02,1.00838152465325880633511115010563e-01,5.07247804021045419616503943905657e-02
2.33999999999999999999999999999998e+01,-4.55173750601814456174631114905779e-02,4.45857022164210096009400631815480e-02,1.05893460176065442154875102172481e-01,4.93741866409589728060473007155692e-02
2.35000000000000000000000000000000e+01,-4.10753885422775380783104342145047e-02,4.42466782143773908324966250930898e-02,1.10780071871773216987380055633525e-01,4.85116334184167370369506786846742e-02
2.35999999999999999999999999999999e+01,-3.66695359041220710493626001820927e-02,4.38630497316382139434856078806578e-02,1.15498592536002283798397821578952e-01,4.67998991067993466828286190455767e-02
2.36999999999999999999999999999998e+01,-3.23042214330172435040712379594399e-02,4.34361382889555750226967452819525e-02,1.20070226810288887506113163452763e-01,4.44122110614376373885005498558539e-02
2.38000000000000000000000000000000e+01,-2.79836357718182845720127844806470e-02,4.29690488017107419017284828598850e-02,1.24487655364152898666952645673778e-01,4.31505511149519423153723622436708e-02
2.38999999999999999999999999999996e+01,-2.37117609725889699081195046666819e-02,4.24619605098201746861134450438610e-02,1.28724301017244892433034998931106e-01,4.19887459476920319308569973025719e-02
2.40000000000000000000000000000000e+01,-1.94924984096340917084604670276876e-02,4.19169533698704584086742277454031e-02,1.32803003852906672544990527099583e-01,3.99046338933452005832550786282857e-02
2.41000000000000000000000000000000e+01,-1.53295568109490902417099388615950e-02,4.13361885956978441224667815826474e-02,1.36726720976240412439232180952988e-01,3.81914767655284171779739437109593e-02
2.41999999999999999999999999999999e+01,-1.12264647466939403208218795637041e-02,4.07199005473456095260078124884246e-02,1.40478902809239992259227793656500e-01,3.68885034063774575573036557412767e-02
2.43000000000000000000000000000001e+01,-7.18661594638482307583714348148681e-03,4.00716327721000973803189609579022e-02,1.44061641605773470201829054290327e-01,3.50876067316308506167071138215710e-02
2.43999999999999999999999999999997e+01,-3.21323674955006045671049861213955e-03,3.93910252197900596787011083948043e-02,1.47488669071674879882381711820786e-01,3.31747594348474095306307114348340e-02
2.44999999999999999999999999999999e+01,6.90588725937109927076603390323944e-04,3.86803676318741895864432166737080e-02,1.50747401818066535069403637259089e-01,3.18517598644655345743320795136431e-02
2.45999999999999999999999999999999e+01,4.52195737610143526872898503933431e-03,3.79426693869187488366209087821916e-02,1.53834293088251706566700231247377e-01,3.00948265506913790506402893351542e-02
2.46999999999999999999999999999998e+01,8.27814512243690986484250889274982e-03,3.71766814225142459981881348132004e-02,1.56766833141715853523862268611188e-01,2.84810747071509775591604096699674e-02
2.48000000000000000000000000000000e+01,1.19565141007735050146123815093316e-02,3.63864484477083270653303743650775e-02,1.59521066075274061866011435795354e-01,2.70015091661987876262501175311928e-02
2.48999999999999999999999999999996e+01,1.55546371542964633282544185788845e-02,3.55725530374497551532980552791087e-02,1.62117019274296363851730663829307e-01,2.46529792348612144514623264527051e-02
2.50000000000000000000000000000000e+01,1.90702531670531660442602474031964e-02,3.47359076363328963640155611663784e-02,1.64562744781872291986840091303155e-01,2.34803955129721318278639925221644e-02
2.50999999999999999999999999999999e+01,2.25011943065813915480894911043121e-02,3.38796879192678169055675316807957e-02,1.66819079431078068275954057871598e-01,2.25225287910573372163202625780112e-02
2.51999999999999999999999999999999e+01,2.58454827472360793798645277457566e-02,3.30030946611824410243682623732266e-02,1.68917466189595474018245000469884e-01,1.99598804566042149628935393613288e-02
2.53000000000000000000000000000000e+01,2.91012600031322011930838059500373e-02,3.21094524273922151856376451333765e-02,1.70875512848484515521863174403284e-01,1.81240908058263471557039698158100e-02
2.53999999999999999999999999999997e+01,3.22668454228846526617205576242869e-02,3.11998082230551827389739369981979e-02,1.72657023171531777923050209833132e-01,1.74955130154283565385806154447051e-02
2.55000000000000000000000000000001e+01,3.53406665651161941494221161132178e-02,3.02741087100331823378644450709263e-02,1.74263447957173142826201609399622e-01,1.56294126397219159612590549309406e-02
2.55999999999999999999999999999999e+01,3.83212670546363295234398926265302e-02,2.93358013600870130271657430450521e-02,1.75734907427769379901269924338407e-01,1.31886841363707976347971851366579e-02
2.57000000000000000000000000000000e+01,4.12074033865892819102035556587582e-02,2.83850439768851908222612490002070e-02,1.77050424957897181030355411959932e-01,1.24794416707246069766939675073736e-02
2.58000000000000000000000000000000e+01,4.39978933505607499687871968738837e-02,2.74229851695643375827379905791066e-02,1.78182595639313736411236085319088e-01,1.12757678675290565720251992772305e-02
2.58999999999999999999999999999998e+01,4.66917126094334903366735585542114e-02,2.64518779103889353536695478405091e-02,1.79175875625187365626718461808613e-01,8.70288050675878092505978158971796e-03
2.60000000000000000000000000000000e+01,4.92879647079984876437757086877898e-02,2.54719810463575043634253233345208e-02,1.80029217598147891540520556814471e-01,7.25140131850886259960976449300657e-03
2.60999999999999999999999999999999e+01,5.17858812979229332949916089989726e-02,2.44852545587074201715565459107989e-02,1.80716665323208978045123549129602e-01,6.58514020859481262238721750650328e-03
2.61999999999999999999999999999998e+01,5.41848445059626899632778060265154e-02,2.34929992713153174743075250804473e-02,1.81244793023161916537321899355738e-01,5.03000179247521306422802326060134e-03
2.63000000000000000000000000000000e+01,5.64842784602633131247802845138746e-02,2.24952475912115028362458532815784e-02,1.81637530127044616471721234749060e-01,2.67318764426311939092572202588781e-03
2.63999999999999999999999999999996e+01,5.86838202036838858577868433261737e-02,2.14949022493339397560635611981238e-02,1.81896787786849070818806685760523e-01,1.52457962531986410884652980301276e-03
2.65000000000000000000000000000000e+01,6.07831870160070676383279325439142e-02,2.04922311865269838260562698819457e-02,1.81989997484030897673873116969010e-01,8.18714010463906859839999662389215e-04
2.65999999999999999999999999999999e+01,6.27821738696361052784847617266580e-02,1.94874892433667819896443955138100e-02,1.81944061920183927478572748222971e-01,-1.22480408296215079354162458163368e-03
2.66999999999999999999999999999999e+01,6.46807496274906395933062197343557e-02,1.84838289183371052983222931127332e-02,1.81776153518015067111198980130866e-01,-2.74726236870537367175565753797702e-03
2.68000000000000000000000000000001e+01,6.64789308538228370659572295293126e-02,1.74804249575571479801488275836575e-02,1.81458483485775330896523297337348e-01,-3.54151547576267648332470309823137e-03
2.68999999999999999999999999999997e+01,6.81769030751626152497361438201580e-02,1.64791626984959153172534070124926e-02,1.81001074252937740515287292494759e-01,-5.10081948815182036798215171032870e-03
2.69999999999999999999999999999999e+01,6.97749012577063719837728394285277e-02,1.54813877262675455353746240403535e-02,1.80423655503586261534657722768974e-01,-6.81684773862314688201660502690675e-03
2.70999999999999999999999999999999e+01,7.12732517367535973702013237873494e-02,1.44866546447168137298629062130615e-02,1.79717081162363814878369153665334e-01,-7.67462722285864337278581336327301e-03
2.71999999999999999999999999999998e+01,7.26724641029770577864159423558681e-02,1.34981242521851376018046190161699e-02,1.78870955306673272591443032561497e-01,-8.75271436800227526924272646327974e-03
2.73000000000000000000000000000000e+01,7.39730402100037421685123948641495e-02,1.25147244786942821124261546783016e-02,1.77910021940711752341341882306678e-01,-1.03452941185965500029578455563239e-02
2.73999999999999999999999999999996e+01,7.51756142285340572148668882266804e-02,1.15378982242552283301402537796503e-02,1.76828030503965443354240919474883e-01,-1.14193226242628097075183806812248e-02
2.75000000000000000000000000000000e+01,7.62809359026075765222218735620729e-02,1.05697564932944375003058431780649e-02,1.75621786877162925054735279041532e-01,-1.28167345413291577121671333938803e-02
2.75999999999999999999999999999999e+01,7.72897917168914450390931458795498e-02,9.60910286232970230674310413085137e-03,1.74312839618103110936182980026084e-01,-1.38039419953317858990165443066422e-02
2.76999999999999999999999999999999e+01,7.82030948186786663531290631416219e-02,8.65833406641353052919009952523482e-03,1.72875947601139114868841490966590e-01,-1.43467000089623418891733111107066e-02
2.78000000000000000000000000000000e+01,7.90217981510795801010224536864318e-02,7.71755304794618899781637699953285e-03,1.71327796606021792093312906112444e-01,-1.61148034564721372562181991820570e-02
2.78999999999999999999999999999997e+01,7.97469479054354432758603967713424e-02,6.78747511921409650639394088545665e-03,1.69692813329220348728957789269571e-01,-1.74663627199969645733785008312137e-02
2.80000000000000000000000000000001e+01,8.03797073380603831645461250279352e-02,5.86945426222773749610070237944744e-03,1.67943733581540459380658730489728e-01,-1.77013542744691364235038874612736e-02
2.80999999999999999999999999999999e+01,8.09212240940722640702941121992454e-02,4.96309945588007022506078012509897e-03,1.66081344806791591825014005486662e-01,-1.86911710944086863472136199762408e-02
2.82000000000000000000000000000000e+01,8.13727661986310932242519004183621e-02,4.07007872975475318028148751264190e-03,1.64135382293722938664667625511585e-01,-2.03955502717401396684997598969336e-02
2.83000000000000000000000000000000e+01,8.17357045703939166957690159294715e-02,3.19074321181073148258862198660825e-03,1.62104334039323260737245074379514e-01,-2.09230170181791847492414717568610e-02
2.83999999999999999999999999999998e+01,8.20113776822455763977877237606562e-02,2.32536774357100046888449821974432e-03,1.59960715729438469096703803223485e-01,-2.12522862587466662505714949751274e-02
2.85000000000000000000000000000000e+01,8.22012631835418687960890913294595e-02,1.47478194377723119053593476896759e-03,1.57734022365606253226769924800524e-01,-2.29461724880324186351246563992980e-02
2.85999999999999999999999999999999e+01,8.23068662892116510060422609633312e-02,6.39735366920278011524339223633102e-04,1.55442109844045059729556597877389e-01,-2.38948445381777734470849711694442e-02
2.86999999999999999999999999999999e+01,8.23297280820864339676885119031686e-02,-1.79460080045502609556037874624971e-04,1.53054991571685745634814571359306e-01,-2.38231856874378294723890862923928e-02
2.88000000000000000000000000000000e+01,8.22715099347800659551917566178487e-02,-9.82549507581014338490671015330664e-04,1.50579382618151246749305619446491e-01,-2.46486750911161432455083200975981e-02
2.88999999999999999999999999999996e+01,8.21338040102209952595816461413241e-02,-1.76849762264523063427071990613975e-03,1.48041366524128536313522921810999e-01,-2.62549126062821196923618847575851e-02
2.90000000000000000000000000000000e+01,8.19183587994327682981711848720284e-02,-2.53735139415656300629484007455484e-03,1.45445500550315947410596998691456e-01,-2.67358942275122083126025606141262e-02
2.91000000000000000000000000000000e+01,8.16269475194234934299443978585968e-02,-3.28833624374356061604350342621354e-03,1.42761346927805604043492734238718e-01,-2.64805425115246873852620682632214e-02
2.91999999999999999999999999999999e+01,8.12612844696713801833200292992852e-02,-4.02138178920317622013438731898331e-03,1.40007763699056417491494689331483e-01,-2.77752693178777829912379322793618e-02
2.93000000000000000000000000000001e+01,8.08232695769401829699929424176033e-02,-4.73611579043863970773886219929107e-03,1.37218405551873897901239128540038e-01,-2.87984855883605956405109313893162e-02
2.93999999999999999999999999999997e+01,8.03147287606829875464523395857255e-02,-5.43155113273693975743705494791564e-03,1.34358369223201003446311651448558e-01,-2.85491074630910959958974960587146e-02
2.94999999999999999999999999999999e+01,7.97375552792126525504713039832719e-02,-6.10841315234530559761018193824399e-03,1.31432196309047052990689796573228e-01,-2.92267377728287905354247702874131e-02
2.95999999999999999999999999999999e+01,7.90937043347331507009194751949478e-02,-6.76580926073361730846044966879681e-03,1.28470862370636014702643767524711e-01,-3.03143850180464863080644239022385e-02
2.96999999999999999999999999999998e+01,7.83850648331116089860858238774768e-02,-7.40329941749952611218809481378903e-03,1.25464504127305048050694291741941e-01,-3.03804039189914775292782178097688e-02
2.98000000000000000000000000000000e+01,7.76136819560755028917242507183732e-02,-8.02114746188893346826776287517056e-03,1.22399155045113664330982041999544e-01,-3.03983282420881814477064232924061e-02
2.98999999999999999999999999999996e+01,7.67815206350360632861762154462077e-02,-8.61891505330355245989483534383729e-03,1.19296471551069150211352178921994e-01,-3.12924799102174062327912364970770e-02
3.00000000000000000000000000000000e+01,7.58905674717674024746211536332288e-02,-9.19640299600798324372351406788360e-03,1.16166691742537897881242376638802e-01,-3.17393542478166032295824732689965e-02
3.00999999999999999999999999999999e+01,7.49429195359473179715757886396585e-02,-9.75341748836964573987137828930353e-03,1.12992277026151239091705518626685e-01,-3.18628391552107830128128258387835e-02
3.01999999999999999999999999999999e+01,7.39405779976265913557091804276594e-02,-1.02899161200963575395086741310838e-02,1.09791517499031606368890305779407e-01,-3.21902879686786692249124514978913e-02
3.03000000000000000000000000000000e+01,7.28856171636712963900388341486995e-02,-1.08057256411847067207384009079526e-02,1.06560518806297526171360501103857e-01,-3.21464164401778234507602039326264e-02
3.03999999999999999999999999999997e+01,7.17801156501188415662529523945590e-02,-1.13010326778939385875375987756768e-02,1.03298078881965017938772402987939e-01,-3.27270484168855305411478361866802e-02
3.05000000000000000000000000000001e+01,7.06261315694899901741604550922945e-02,-1.17750288727677168023090533772220e-02,1.00028736591171564417263634381485e-01,-3.32439346358024180292829514309863e-02
3.05999999999999999999999999999999e+01,6.94257834827506002344060397504249e-02,-1.22284559773911469754870076774817e-02,9.67353770949615187186236433633554e-02,-3.28669087170514466347210766459895e-02
3.07000000000000000000000000000000e+01,6.81811279554580357687474676022391e-02,-1.26613446938202980220807684458480e-02,9.34168213965133520457538225884069e-02,-3.29164628868977724889110696420130e-02
3.08000000000000000000000000000000e+01,6.68942517422052876463248007990242e-02,-1.30724584816781856396718699339681e-02,9.00932900976025920683903089996246e-02,-3.35060228655064610655159765698500e-02
3.08999999999999999999999999999998e+01,6.55672816353353261664565584981499e-02,-1.34635721184522584333178473700774e-02,8.67680853919730193011010610515414e-02,-3.34953775090069294181713908253144e-02
3.10000000000000000000000000000000e+01,6.42022650234601688361861370566099e-02,-1.38334393744576658437246916619701e-02,8.34251640030502179998623607665016e-02,-3.30514168988203544731726000004888e-02
3.10999999999999999999999999999999e+01,6.28012857434697077327566962512417e-02,-1.41823824473239195656438545677994e-02,8.00748370211809340367580457339882e-02,-3.35761487051266474215583155385692e-02
3.11999999999999999999999999999998e+01,6.13664423435605149571453058305202e-02,-1.45113144799342874494495822596201e-02,7.67426059198594271181021309415562e-02,-3.38439177214273461503672516007889e-02
3.13000000000000000000000000000000e+01,5.98997734898365924617810190181469e-02,-1.48185407432428798404905115086877e-02,7.34036014497308657529126771730772e-02,-3.29913670432904360574482246209509e-02
3.13999999999999999999999999999996e+01,5.84033526734378512167764929649218e-02,-1.51063626659068570088847221814507e-02,7.00558439930401746625220892480162e-02,-3.29492269103285508213172716569330e-02
3.15000000000000000000000000000000e+01,5.68792065161416800293115987527875e-02,-1.53734549552443504321235894698494e-02,6.67286715463116150823763820252820e-02,-3.37286914145008775623379105331071e-02
3.16000000000000000000000000000000e+01,5.53293652582959721937579993840803e-02,-1.56196844709076750245008513798195e-02,6.34243192564967319323731173615988e-02,-3.34754535580505978514568333343000e-02
3.16999999999999999999999999999999e+01,5.37558697191083686429207613997501e-02,-1.58471252904341441745288435864197e-02,6.01168193840255964886484259273972e-02,-3.23357516061433696378294589317678e-02
3.18000000000000000000000000000001e+01,5.21606667604273367945012079412982e-02,-1.60536485288282416701684470973019e-02,5.68134616613791884236210035959286e-02,-3.26552309365199677803254250436783e-02
3.18999999999999999999999999999997e+01,5.05457639334837765957677179107731e-02,-1.62409200520006815429988878631529e-02,5.35551898982881272919301355822916e-02,-3.32283572768741557025451317135638e-02
3.19999999999999999999999999999999e+01,4.89131226157865036112810911565932e-02,-1.64089801237726379703178126084754e-02,5.03121683235768702213130832082693e-02,-3.21487442084896808003146536760323e-02
3.21000000000000000000000000000000e+01,4.72646501668848833697093018338088e-02,-1.65570935344946224045353460703146e-02,4.70718325815713424909687505296862e-02,-3.18021515388853797053426692547202e-02
3.21999999999999999999999999999998e+01,4.56022808467369487278711974993489e-02,-1.66871702762994535671068117500203e-02,4.38742543323457554645604052252449e-02,-3.22745525757920487387149224989027e-02
3.22999999999999999999999999999994e+01,4.39278786653636142298612334821422e-02,-1.67978633731992794149992627812461e-02,4.07103175635240421555122608354881e-02,-3.16675432870784216590828588276376e-02
3.24000000000000000000000000000001e+01,4.22433285364779257202999242159923e-02,-1.68899793586112917471109700806775e-02,3.75609509306416669943481647265795e-02,-3.08443633353817942795625913903134e-02
3.25000000000000000000000000000000e+01,4.05504465375409948462789350884456e-02,-1.69647289022884782059649173857968e-02,3.44437134716150763711584441466181e-02,-3.10155072503479875557284330991259e-02
3.25999999999999999999999999999999e+01,3.88510233672471808328962457186668e-02,-1.70207586640719786910935491430025e-02,3.13758179388125214526576495404714e-02,-3.09537420272749961382562877115699e-02
3.26999999999999999999999999999999e+01,3.71468673282932824788912062985810e-02,-1.70594199507117115333549522485905e-02,2.83360915979247329247708755980048e-02,-3.00635677553781275430501611802560e-02
3.27999999999999999999999999999993e+01,3.54396921850463937394103501997734e-02,-1.70812602516405035206076679817854e-02,2.53283567469607678288480185681942e-02,-2.96878026548756943724507053649419e-02
3.29000000000000000000000000000001e+01,3.37312216554842869416610073119166e-02,-1.70854264162562365257213906600029e-02,2.23689253639055627124878213341388e-02,-2.93991110597423906018099532771939e-02
3.30000000000000000000000000000001e+01,3.20231256378033077434549687658858e-02,-1.70735854640371730086245886915770e-02,1.94464920462271853391141503580629e-02,-2.90258388085854916195308521136198e-02
3.30999999999999999999999999999999e+01,3.03170557872660196337322748433823e-02,-1.70452586811752980740606191638747e-02,1.65727824728879419558663678854177e-02,-2.87305123028791769478363691394116e-02
3.32000000000000000000000000000000e+01,2.86146317325539243096546817957254e-02,-1.70006265726590911310082999342969e-02,1.37435677415689499929125164122289e-02,-2.79606844534780324721855477533543e-02
3.32999999999999999999999999999994e+01,2.69173920092754890909662197363278e-02,-1.69414205460372792912839725109667e-02,1.09547380495369883654149792463763e-02,-2.74510044883097663316053359590097e-02
3.34000000000000000000000000000000e+01,2.52269122654283974994565649610302e-02,-1.68659332442059564949958143864610e-02,8.21984367563690068037438082940968e-03,-2.72300052369054670685698403519582e-02
3.35000000000000000000000000000000e+01,2.35446790327045195801208518980501e-02,-1.67760663034055183394029165304234e-02,5.53772464348322050675262981741959e-03,-2.66989957666331739380954432226532e-02
3.35999999999999999999999999999999e+01,2.18721441687701136905987059479752e-02,-1.66723403893631449286186580238771e-02,2.90334022018784087578660321005689e-03,-2.58860426722350860708475629408710e-02
3.36999999999999999999999999999998e+01,2.02107497350878337874412722903811e-02,-1.65533725456690827320496369764205e-02,3.15901027966041394794681001204361e-04,-2.55560703254517841546004804920134e-02
3.37999999999999999999999999999994e+01,1.85618605205896180018869735317180e-02,-1.64218635666104280068034071520701e-02,-2.20545315965915258923744491958301e-03,-2.53513078375635499953442389551544e-02
3.39000000000000000000000000000001e+01,1.69268482629292270903681717840155e-02,-1.62765272605681268668983406924966e-02,-4.67256304743955867699929914386961e-03,-2.41771282370773968871253232903873e-02
3.40000000000000000000000000000000e+01,1.53069969042231107606396784218892e-02,-1.61182381790335481009813701257684e-02,-7.09923595966058814106713670732042e-03,-2.34845794406694400660783370290460e-02
3.41000000000000000000000000000000e+01,1.37035645178125424286454035432773e-02,-1.59482736043615628218165696028979e-02,-9.45790066364916583395548497125560e-03,-2.37098354204202621593672143044683e-02
3.41999999999999999999999999999999e+01,1.21178100742619137169047900679407e-02,-1.57651074425389895689918835988308e-02,-1.17461398251637304738131317767725e-02,-2.30807191706574102126616714072879e-02
3.42999999999999999999999999999993e+01,1.05508828321969019304189504238831e-02,-1.55712895344533216636447819651292e-02,-1.39874033405817394434622811395069e-02,-2.15780991833894768371774202631619e-02
3.44000000000000000000000000000001e+01,9.00392767722445642370333180588466e-03,-1.53660797822922443279120203000365e-02,-1.61818311220010060766789184048656e-02,-2.12151719511399794321621943631156e-02
3.44999999999999999999999999999999e+01,7.47806342958337800703587859914260e-03,-1.51495055419174332947354061119277e-02,-1.82940325024969554452711555760392e-02,-2.15121682934771223206439983665293e-02
3.45999999999999999999999999999999e+01,5.97432469765889208509630599057597e-03,-1.49234144685001645776496661498195e-02,-2.03404737368217107907312261246356e-02,-2.02045947465923414618382305216332e-02
3.46999999999999999999999999999998e+01,4.49374203973235318851840033921581e-03,-1.46867911079470977153114491600472e-02,-2.23497010925695685195199269219222e-02,-1.91867898986124185095693595094344e-02
3.47999999999999999999999999999994e+01,3.03727886738547284178145725983545e-03,-1.44408697420657777105984239520522e-02,-2.42821184979336274541848496975718e-02,-1.93713360100024308277196315279519e-02
3.49000000000000000000000000000001e+01,1.60585620073708438484898610835504e-03,-1.41859550396075299293445965034953e-02,-2.61396889485470540082638666141358e-02,-1.85168240480589877575775817919095e-02
3.50000000000000000000000000000000e+01,2.00397692026342557637272716986791e-04,-1.39220688533467285036768236952548e-02,-2.79507154195189928874354347303063e-02,-1.72694328833857021881576779061051e-02
3.50999999999999999999999999999999e+01,-1.17829677937389841393131707694034e-03,-1.36503239395865194070546956725578e-02,-2.96993625497437285076776128112724e-02,-1.71144688680269328976168901266752e-02
3.51999999999999999999999999999999e+01,-2.52940993166252120626696627177729e-03,-1.33705893411119477457592551983161e-02,-3.13671759671430915858685998527316e-02,-1.69302962256348001425800018342477e-02
3.52999999999999999999999999999993e+01,-3.85214937236041947466344793078590e-03,-1.30832902987967692162121715306969e-02,-3.29735324600435556248675041484210e-02,-1.56246065268951356791855947157593e-02
3.54000000000000000000000000000001e+01,-5.14585366630614284040340902590036e-03,-1.27893283606413218300112370931236e-02,-3.45300250214849667761888400350579e-02,-1.47723898411616217755471612711990e-02
3.55000000000000000000000000000001e+01,-6.40980105910391019727838230829800e-03,-1.24887824048421523293962249024805e-02,-3.60105365791876729089892260365786e-02,-1.46539558939356842794026217727166e-02
3.55999999999999999999999999999999e+01,-7.64337671995213759208208196780613e-03,-1.21817841329698821593224937414218e-02,-3.74221526417575249696032656487811e-02,-1.39986574627375230152878018508306e-02
3.57000000000000000000000000000000e+01,-8.84599983609443518718363426047987e-03,-1.18694411757831632460011112069554e-02,-3.87736779518536630221946195627934e-02,-1.31943119806237383737881324606446e-02
3.57999999999999999999999999999994e+01,-1.00170748653588902937469673231984e-02,-1.15516651454759561887305266867480e-02,-4.00593993434930378529165427231611e-02,-1.24056855606224931233205279984757e-02
3.59000000000000000000000000000001e+01,-1.11561601949948690494611658803869e-02,-1.12289032506076153556163884145991e-02,-4.12827330216068638781299400627682e-02,-1.18104724546666860045296179773876e-02
3.60000000000000000000000000000000e+01,-1.22627313208022123601030423940949e-02,-1.09018670947661354188211478239676e-02,-4.24369365300564840990799818078935e-02,-1.13317018686577372966722029968490e-02
3.60999999999999999999999999999999e+01,-1.33363635187981514298131591462477e-02,-1.05704053764212476407194776661660e-02,-4.35269136893034699062954520497621e-02,-1.06285845593887270992397622024444e-02
3.61999999999999999999999999999998e+01,-1.43767190316078265345227712499223e-02,-1.02356603873086704772790624684696e-02,-4.45534376688080338776688225389054e-02,-9.88975394918476219212851382119630e-03
3.62999999999999999999999999999994e+01,-1.53833795580178509246416091431041e-02,-9.89742699986253061546433344348926e-03,-4.55182587730706285637892509850502e-02,-9.25244040177402727660212856366102e-03
3.64000000000000000000000000000001e+01,-1.63560847940754807499415790903389e-02,-9.55608825604691788107301552204926e-03,-4.64165586621349100089709616575015e-02,-8.85451844802353657558317891424604e-03
3.65000000000000000000000000000000e+01,-1.72945476890484789578676499295191e-02,-9.21263572402103581137785084569182e-03,-4.72467381225778760795532805161342e-02,-7.95874281311653160005634260110668e-03
3.65999999999999999999999999999999e+01,-1.81985180688396800131415042608510e-02,-8.86678356950100779232418347841382e-03,-4.80263624209656814778259605973913e-02,-7.11231026150182766577371652875024e-03
3.66999999999999999999999999999999e+01,-1.90678468774302103914490071951577e-02,-8.51916759215991486537327158193211e-03,-4.87391164424112160713465525541876e-02,-7.08598649134043243629935490103482e-03
3.67999999999999999999999999999994e+01,-1.99023167464948348205331794063786e-02,-8.17020466663283860136249091910529e-03,-4.93784323685938923441347666156408e-02,-6.48898133088329137483951155955288e-03
3.69000000000000000000000000000001e+01,-2.07018415638932303957914848971741e-02,-7.82025871631279139871314463261726e-03,-4.99663028916548729433124480768857e-02,-5.16641667031378675985520008287968e-03
3.69999999999999999999999999999999e+01,-2.14663480541937127780628834995572e-02,-7.46949927875386030806296757526426e-03,-5.05045275299252283141366661964702e-02,-4.68171712779581771476339386265596e-03
3.70999999999999999999999999999999e+01,-2.21957372494281934376132563586935e-02,-7.11849152215685303458740539942263e-03,-5.09689852873826641055933172835173e-02,-4.91337470735672067556552246172551e-03
3.71999999999999999999999999999998e+01,-2.28900363394419771124702947615857e-02,-6.76747771957850187578536119904835e-03,-5.13650945734209329976579640699194e-02,-3.87011785655006739228745778063479e-03
3.72999999999999999999999999999994e+01,-2.35492485237440564810829844602091e-02,-6.41671125802181562599294867823850e-03,-5.17265344684651497119291409326248e-02,-2.68486028156889393334398518904549e-03
3.74000000000000000000000000000001e+01,-2.41734130681667057239755383905227e-02,-6.06694324546361770427839017601499e-03,-5.20242839608357165975616554895718e-02,-2.92496695959264484670414521867509e-03
3.75000000000000000000000000000000e+01,-2.47626385885824356272467657038862e-02,-5.71758425276258585784070829808234e-03,-5.22473170415254429208733286609130e-02,-2.36370628524866929559876016972348e-03
3.75999999999999999999999999999999e+01,-2.53170084885086188733346245765673e-02,-5.37005152034329710536409712892442e-03,-5.24323561046046780957619861432117e-02,-1.07286274073327714173395590830552e-03
3.76999999999999999999999999999999e+01,-2.58366922786869152289605682409955e-02,-5.02413471902779245232125433568559e-03,-5.25680184938896199487645621062576e-02,-9.29860136001992726437792989063887e-04
3.77999999999999999999999999999993e+01,-2.63218723003226846455664199701237e-02,-4.67949573942523484285611015379133e-03,-5.26333670529864039386409537897204e-02,-9.86472936563082612526448724639968e-04
3.79000000000000000000000000000001e+01,-2.67727147494457164362060078173640e-02,-4.33796488008085778325999114089562e-03,-5.26450680463993180946360264378029e-02,1.36679514744289186813470198227791e-04
3.80000000000000000000000000000001e+01,-2.71895000404069465491639980261107e-02,-3.99819963497942102487767355605242e-03,-5.26231509044613810843804148149361e-02,1.09780213631502268694880779573549e-03
3.80999999999999999999999999999999e+01,-2.75724732597536428931932353988080e-02,-3.66147305476563620541138024487680e-03,-5.25441151749216441906721408110053e-02,8.90625646617885895331881334518729e-04
3.82000000000000000000000000000000e+01,-2.79219053231931956019462580041854e-02,-3.32806982114123372092146162709552e-03,-5.24023146633693396486837304460887e-02,1.24278475738294624458952413155499e-03
3.82999999999999999999999999999994e+01,-2.82381484590272853990436075365696e-02,-2.99710314921968792435781231752476e-03,-5.22226638918958775333839029292285e-02,2.17094749690733308142414490253946e-03
3.83999999999999999999999999999998e+01,-2.85215090558242482006157673460726e-02,-2.67074410812200516447881089791170e-03,-5.19979028456474274688563933188153e-02,2.66237879818602464752506464649197e-03
3.85000000000000000000000000000000e+01,-2.87723796493910751622917514663000e-02,-2.34750587639357485912148655489098e-03,-5.17235699222750046647224603474980e-02,2.95433128267490290957676848626990e-03
3.85999999999999999999999999999999e+01,-2.89911419958446418692218844286085e-02,-2.02812249797907568908720724635155e-03,-5.14021580731774232728338743869321e-02,3.34199110005187304033813184072880e-03
3.86999999999999999999999999999999e+01,-2.91781876594259672412755986203636e-02,-1.71380766520492083814401344989781e-03,-5.10391202958204814771165896700818e-02,3.87958015393285697171851282024244e-03
3.87999999999999999999999999999994e+01,-2.93339975532033087366139075357761e-02,-1.40303024487172648153149122931196e-03,-5.06341569772662354501047758072540e-02,4.22853429280222287958641287243631e-03
3.88999999999999999999999999999996e+01,-2.94589869204680213994729527583545e-02,-1.09744290498728312682266917688724e-03,-5.01846991039021807405836267491138e-02,4.67880558233791367623762885855152e-03
3.90000000000000000000000000000000e+01,-2.95536451004157001218675996340395e-02,-7.96776392483303778626329967994236e-04,-4.96989636860380502590220487854752e-02,5.10973028790337545513167208920725e-03
3.91000000000000000000000000000000e+01,-2.96184823369389783313226468409266e-02,-5.00649784209755772965529564036255e-04,-4.91704356499091134013216309747467e-02,5.46460963817968831078596458086084e-03
3.91999999999999999999999999999999e+01,-2.96539921606143455713376755345788e-02,-2.10490496384362645428421283787204e-04,-4.86075907366296050815503747657345e-02,5.95702991778809984848729356903943e-03
3.92999999999999999999999999999994e+01,-2.96607301603606205353024893269537e-02,7.47704240979871507703785875841804e-05,-4.80095461185141030422201379012931e-02,5.99857857642226234715302876064818e-03
3.93999999999999999999999999999997e+01,-2.96392224489429231122711720165143e-02,3.54524946730606185037599516129628e-04,-4.73667202118835479635719118100063e-02,6.32345714344264896962620828244147e-03
3.94999999999999999999999999999999e+01,-2.95900538675064654349306962491688e-02,6.27822748200002831670235792392384e-04,-4.66971398072254882667676967901968e-02,7.19968487497518303031027340625003e-03
3.95999999999999999999999999999999e+01,-2.95138068950739350028710446641961e-02,8.96084921227765804945766542097762e-04,-4.60029280886884777814357107246319e-02,7.41018592723066617601115341521826e-03
3.96999999999999999999999999999998e+01,-2.94110584571298091781400581128327e-02,1.15797574597781217040548643987859e-03,-4.52677615772070814087892237800797e-02,7.04732964422173761074129461985794e-03
3.97999999999999999999999999999994e+01,-2.92824394346249885554887039125739e-02,1.41328883280295365085655570358373e-03,-4.44931682459571532023303165154145e-02,7.61245152522790876494098739900253e-03
3.98999999999999999999999999999996e+01,-2.91285602949128758010167759771535e-02,1.66319523585673700357188322742155e-03,-4.37074195731368287797847106875926e-02,8.60137135124361413335420258876208e-03
4.00000000000000000000000000000000e+01,-2.89500640602135272627607303365661e-02,1.90582614718825903275249601277283e-03,-4.28966511167265658670661589267966e-02,8.22811488601521572674644854203488e-03
4.00999999999999999999999999999999e+01,-2.87475859700486506028925395140839e-02,2.14241861402119021873842780244983e-03,-4.20382833250909560901815575924391e-02,8.17455664562748497282218450554544e-03
4.01999999999999999999999999999999e+01,-2.85217845345873911372780042567556e-02,2.37263340327835943481744543448357e-03,-4.11679170346867239026885482099537e-02,9.18592297497864006114741031384381e-03
4.02999999999999999999999999999993e+01,-2.82733402097980526823796366682672e-02,2.59519150693604479879547768206765e-03,-4.02848034951804401151378696340928e-02,9.21158089576810231835622471217976e-03
4.03999999999999999999999999999997e+01,-2.80029016191953032919026819209307e-02,2.81222292112653398446728405454565e-03,-3.93635442656123459358860948845741e-02,8.80121526917710576502896454063019e-03
4.05000000000000000000000000000001e+01,-2.77111663622547611721638736622936e-02,3.02159139480119858488871082200128e-03,-3.84181884657591984563416075255890e-02,9.45728078828661281806682664051858e-03
4.06000000000000000000000000000000e+01,-2.73988230481040141516411889991366e-02,3.22393365738615327717979630245718e-03,-3.74695740373837784503077519176774e-02,1.01877105393040150054535003387355e-02
4.07000000000000000000000000000000e+01,-2.70665590801228123668157719778158e-02,3.42020945280777270722247644440608e-03,-3.65017562395260148535452369115096e-02,9.69338640196690316805214635059672e-03
4.07999999999999999999999999999994e+01,-2.67150839193797196712401630350025e-02,3.60828106541873377272200128784887e-03,-3.54989460476347547238479853790326e-02,9.54955107706710410448923065028492e-03
4.08999999999999999999999999999998e+01,-2.63450884802272838629795199357841e-02,3.79016704477827384165365071149073e-03,-3.44906957760764102400912028005178e-02,1.03784908251389826234023953541615e-02
4.10000000000000000000000000000002e+01,-2.59572961034346323992391304199142e-02,3.96470172892921896874639901605116e-03,-3.34768950454768647821781116445629e-02,1.05144909292611126773437601625632e-02
4.11000000000000000000000000000001e+01,-2.55524190564643451897050705428045e-02,4.13164336380034567750199361680920e-03,-3.24397366455149152987999853802837e-02,1.02540294272854584427604937883830e-02
4.11999999999999999999999999999998e+01,-2.51311506018740715882248016444478e-02,4.29237543173093577510740614768322e-03,-3.13890324212168130455923245667860e-02,1.04423446824139613797638921838074e-02
4.12999999999999999999999999999994e+01,-2.46942307966811227556760044629063e-02,4.44501054313025073862390495361214e-03,-3.03330622018667583710666351197072e-02,1.07602745515729603649079750414281e-02
4.13999999999999999999999999999999e+01,-2.42423723705536157999350305198753e-02,4.59086331971182815683768659255876e-03,-2.92687233607600785757420310416362e-02,1.06676941353850893842899210007612e-02
4.14999999999999999999999999999998e+01,-2.37762742550901144567513466646008e-02,4.72985872514797685169201065652802e-03,-2.81887202364844653547029961400162e-02,1.06620385567601789332892101027948e-02
4.16000000000000000000000000000000e+01,-2.32966790978586596481146351669900e-02,4.86101955012454342440559744924911e-03,-2.71064889585498149440339429750035e-02,1.10103585713440514551237870177911e-02
4.16999999999999999999999999999999e+01,-2.28042823800234564139564507087172e-02,4.98555245480960106513724687099280e-03,-2.60207646467527604797721226312103e-02,1.09714904373455754388506285750040e-02
4.17999999999999999999999999999996e+01,-2.22998065920655365707880042337989e-02,5.10281369958897418723941264212077e-03,-2.49253202750193362794408276755067e-02,1.09166615347688885319290043599013e-02
4.18999999999999999999999999999995e+01,-2.17839742300822631997197215358932e-02,5.21280652113536706531062398251102e-03,-2.38292456845502281714414308017184e-02,1.08759089319389613591874538026836e-02
4.19999999999999999999999999999999e+01,-2.12574580063638275782599606949853e-02,5.31606381747634133758519974759541e-03,-2.27259241091006744473717766695762e-02,1.08960103282196798529422013937456e-02
4.21000000000000000000000000000000e+01,-2.07210102925080264554942417563636e-02,5.41196982301255507331600309958989e-03,-2.16241587036854181316342843284293e-02,1.12817443839156499350011815320590e-02
4.21999999999999999999999999999998e+01,-2.01753042387841094508074218163859e-02,5.50095161136900464550088732028924e-03,-2.05285239279117999281270990251817e-02,1.11875159392104073464299288486955e-02
4.22999999999999999999999999999992e+01,-1.96210207605095556606825451306265e-02,5.58333426655866204229492083526824e-03,-1.94262539690115777652798233298321e-02,1.06669939667785061589807930259787e-02
4.23999999999999999999999999999996e+01,-1.90588994741265919530544241295104e-02,5.65833750071487127920021072975223e-03,-1.83187366914315299373288710910626e-02,1.07803694808958861020778935278454e-02
4.25000000000000000000000000000000e+01,-1.84895704192734198677575322837070e-02,5.72678213658307060161222030798111e-03,-1.72241474504924549476176406695283e-02,1.13769093798058385516872144297666e-02
4.25999999999999999999999999999999e+01,-1.79137473165514578524996304440298e-02,5.78867541500261879865060303427470e-03,-1.61404727673419649670435268685729e-02,1.09868293016140921153746132999420e-02
4.26999999999999999999999999999999e+01,-1.73320962655412441037745802693094e-02,5.84340844683092842051981000224389e-03,-1.50433368749003320551485498865438e-02,1.04394593250559971733465621930262e-02
4.27999999999999999999999999999993e+01,-1.67452504074628579839190441124896e-02,5.89201463753146416585487896052492e-03,-1.39560682611706727527537016065609e-02,1.10048375667491749153360766517945e-02
4.28999999999999999999999999999997e+01,-1.61539245478529750152831467641007e-02,5.93385688207951795104476381033448e-03,-1.28899550603166884122662857391054e-02,1.09500387067699934760240690486811e-02
4.30000000000000000000000000000001e+01,-1.55587063103588495009018413555679e-02,5.96923573106891269771625273368085e-03,-1.18174238459093580342361410356095e-02,1.02784265707438222277915636251654e-02
4.31000000000000000000000000000000e+01,-1.49602572128339141422982896574024e-02,5.99857342700844446937324254195875e-03,-1.07482867651923982715979151955185e-02,1.05331669157325582070562737428991e-02
4.32000000000000000000000000000000e+01,-1.43592332073560862315079380597574e-02,6.02122065714471488667117301603283e-03,-9.70231162421363063144912310478820e-03,1.09514931938559960750909936378256e-02
4.32999999999999999999999999999994e+01,-1.37561979915544343019890694993127e-02,6.03810311196650870558227628364086e-03,-8.66796068780838565289915847451483e-03,1.02715075942407194558380633409123e-02
4.33999999999999999999999999999998e+01,-1.31518108153308815634017827755288e-02,6.04885485922661832747478332321700e-03,-7.62640366826282883520027218427742e-03,9.72363218916014773726216506193272e-03
4.35000000000000000000000000000002e+01,-1.25466465377766718039574883129740e-02,6.05348758595839853596290206793525e-03,-6.60213076882036693943099946133959e-03,1.03915469293022395949845797081386e-02
4.36000000000000000000000000000001e+01,-1.19412855390836291052040697150087e-02,6.05251614678272516900530985882748e-03,-5.60615869865237705509233085355180e-03,1.03972342847740217566678631195116e-02
4.36999999999999999999999999999998e+01,-1.13363393384844003219678748426967e-02,6.04577315459275559023740031981724e-03,-4.60989264560386040328831369926974e-03,9.60398960995327284888728425405415e-03
4.37999999999999999999999999999994e+01,-1.07323252623905181713595510642409e-02,6.03342343611025615076551893367917e-03,-3.62156846053873439530098619699625e-03,9.56393627960737523551998154926444e-03
4.38999999999999999999999999999999e+01,-1.01298288783861787062300017868407e-02,6.01552951444502843273053062512304e-03,-2.65745923009234182708363382974624e-03,9.81440942131346769118038075327528e-03
4.39999999999999999999999999999998e+01,-9.52939752443382128342325044069832e-03,5.99246929509588647719627477454689e-03,-1.71031411500291409692300757603541e-03,9.47086485309693531777479576162469e-03
4.41000000000000000000000000000000e+01,-8.93151938117953783664635628535379e-03,5.96397365933167821113434807338217e-03,-7.69672077663143365296847067017870e-04,9.07005805841930349369262380107167e-03
4.41999999999999999999999999999999e+01,-8.33675393510434313900653801762737e-03,5.93057414335012783520458490678927e-03,1.52755421367472762255369192971039e-04,9.25904108250588946861923946177092e-03
4.42999999999999999999999999999996e+01,-7.74558614908481668394941080883931e-03,5.89213385081801473284090966601901e-03,1.05009839040060865097302266618541e-03,9.08271876321920961221075234236398e-03
4.43999999999999999999999999999995e+01,-7.15849254647755480388441964830633e-03,5.84864494403873326955846946282963e-03,1.93864131963991167685957660957381e-03,8.60250700850616091034691595595132e-03
4.44999999999999999999999999999999e+01,-6.57598266831508377073739655772086e-03,5.80102808102777362518953532213268e-03,2.80910955104030695847298228092611e-03,8.52976569341777435309822949668205e-03
4.45999999999999999999999999999999e+01,-5.99848126788169833287315343425344e-03,5.74818717013268715934606468035913e-03,3.65852042945747448979015483279792e-03,8.43126132798165034115132218124711e-03
4.46999999999999999999999999999998e+01,-5.42646415750644500317987731088436e-03,5.69125854909844971981654916434224e-03,4.49055847804102775848767250838915e-03,8.37036488031395351147965098120471e-03
4.47999999999999999999999999999992e+01,-4.86036985661498261137197685772403e-03,5.63027739599482507743797310444860e-03,5.29955446773755654686501432208655e-03,8.10498353324400143578731440569882e-03
4.48999999999999999999999999999996e+01,-4.30058109580019132942411540452896e-03,5.56447515311956925782929818796303e-03,6.09329641662888026348348797043168e-03,7.60702287922821768441370942709933e-03
4.50000000000000000000000000000000e+01,-3.74755780796989985686279713255311e-03,5.49545566875219262178626938913007e-03,6.87071465430960631161375024695542e-03,7.50072998511470222646579339516829e-03
4.50999999999999999999999999999999e+01,-3.20165956109158774393614831810773e-03,5.42204747956006604942987939490959e-03,7.62277801450433026675937133518087e-03,7.69114108307693897637429153070179e-03
4.51999999999999999999999999999999e+01,-2.66326102418918220420098565198113e-03,5.34497600504977347498651671170341e-03,8.34823899135372778242034695162194e-03,7.34354112532433997779750854812564e-03
4.52999999999999999999999999999993e+01,-2.13275850380216381198000139408722e-03,5.26482368000622078221819612463957e-03,9.06323067355962377566576091338116e-03,6.67277791631497087446233767694475e-03
4.53999999999999999999999999999997e+01,-1.61045957263584214563971030953461e-03,5.18042380449916900501022943042929e-03,9.75943854259615785505595229199181e-03,6.86373662077296609246268615743412e-03
4.55000000000000000000000000000001e+01,-1.09673579779442232897149070479116e-03,5.09345438269843083607911566051853e-03,1.04195317938935827560372857963398e-02,6.82898898598004075584868764023746e-03
4.56000000000000000000000000000000e+01,-5.91889254990110402105523981569179e-04,5.00322000735207621091092236170839e-03,1.10672608399827927373813912132989e-02,6.06576643399868335725601776257977e-03
4.57000000000000000000000000000000e+01,-9.62149983893650083772120986143829e-05,4.90949632775330339836521814530145e-03,1.17007450430107935161296056501119e-02,6.07409189570873769582826838072207e-03
4.57999999999999999999999999999994e+01,3.89959131088400357252616452205214e-04,4.81368024668436948986576094908319e-03,1.22992931895982185372738970708744e-02,6.34794475961472693361915786610329e-03
4.58999999999999999999999999999998e+01,8.66397510195242638159586508034639e-04,4.71468079075119754045194555964601e-03,1.28729926110444019264199408077646e-02,5.66786655571521550166120224846674e-03
4.60000000000000000000000000000002e+01,1.33281656993510052237392034082012e-03,4.61312910051988563880028862678117e-03,1.34395368847836061086098407526386e-02,4.94044553214229191183176431026968e-03
4.61000000000000000000000000000001e+01,1.78896592684825885504022010159478e-03,4.50963267823504628878965068908213e-03,1.39832569604167610978031506474782e-02,5.42021599719418780361473482431935e-03
4.61999999999999999999999999999998e+01,2.23462857796758907215220444914976e-03,4.40320508163887546956169573345056e-03,1.44854435088308923241389481588411e-02,5.53797569603760225015408577869864e-03
4.62999999999999999999999999999994e+01,2.66956790254373252052528276267355e-03,4.29516553929689641317590708566541e-03,1.49752506630968751337296060103558e-02,4.51775468362854179140560962904135e-03
4.63999999999999999999999999999999e+01,3.09359747129369415116082806023916e-03,4.18522326383201949530297151772523e-03,1.54546241795646994013405399292393e-02,4.27706700517929487501762285529154e-03
4.64999999999999999999999999999998e+01,3.50651353616385585446233802904110e-03,4.07274906365350423460789178510707e-03,1.58986218446662033925053795078892e-02,4.60827152167873115417996378197767e-03
4.65999999999999999999999999999999e+01,3.90814306636469701680636412944741e-03,3.95952918022732803401594722095162e-03,1.63164317518936913932650819172796e-02,4.22563567094649206746837268989492e-03
4.66999999999999999999999999999999e+01,4.29833436491394936974358275442247e-03,3.84419119773618557400417669877683e-03,1.67215609953727741149875246820946e-02,3.67182504897903980643277170278556e-03
4.67999999999999999999999999999996e+01,4.67692779627123508334054004048190e-03,3.72727912510439238711799387293835e-03,1.71045125354271170468288101981470e-02,3.77618619131325721547626295988427e-03
4.68999999999999999999999999999995e+01,5.04379448122939173820673738893479e-03,3.60993274403259532585396753365751e-03,1.74541261928462648919056983112289e-02,3.65600004257215271577483216494439e-03
4.69999999999999999999999999999999e+01,5.39881295319838687491868118728660e-03,3.49037225112709801039828720394797e-03,1.77890494346203479763525094178559e-02,2.97290587461279934908862933145155e-03
4.70999999999999999999999999999999e+01,5.74188200023576834089618127768799e-03,3.37060645657449303726704981883824e-03,1.81071923151118408808369060805593e-02,2.91749946115567348285335565671508e-03
4.71999999999999999999999999999998e+01,6.07290190280088749407910022271814e-03,3.24988108836113009901349313156799e-03,1.83934590734433154010438719133229e-02,2.99609657924316322810895417244341e-03
4.72999999999999999999999999999992e+01,6.39179096816608959733107236629943e-03,3.12770876407493423283746916890194e-03,1.86597847782592600041958382481450e-02,2.65029777382979114417968698933215e-03
4.73999999999999999999999999999996e+01,6.69849229806305528301508801825501e-03,3.00613576164726514112264188401121e-03,1.89063458163526291890410395596267e-02,2.27651686111125083111661335673959e-03
4.75000000000000000000000000000000e+01,6.99294320073578256652041962769283e-03,2.88302990180063422017729191862165e-03,1.91324348485506544089996822884996e-02,1.98049207826809749121742151593179e-03
4.75999999999999999999999999999999e+01,7.27510283860835447372320023565646e-03,2.75988514217994116599741276081574e-03,1.93375004521967333859437228724424e-02,1.93118793691706800993999436230913e-03
4.76999999999999999999999999999999e+01,7.54494570816635796022651823039272e-03,2.63705597701822778245589308927949e-03,1.95181539284870198552416792005650e-02,1.89862996974334514837339849280624e-03
4.77999999999999999999999999999993e+01,7.80245104586174315889555642531552e-03,2.51310346550927614440681449349671e-03,1.96763892835836763293183473381071e-02,1.57993266688519021817035893359323e-03
4.78999999999999999999999999999997e+01,8.04761924876465070854185945671362e-03,2.39009299357037571373261216781041e-03,1.98179923673834611325156314459150e-02,1.06910630596699085566700720105474e-03
4.80000000000000000000000000000001e+01,8.28045151009640490140555934893678e-03,2.26676043670331049756776558977761e-03,1.99434922482680819859844046211328e-02,1.07564343894854848947518251309310e-03
4.80999999999999999999999999999999e+01,8.50096367545524122620407864640758e-03,2.14347302317115108923519947632707e-03,2.00381762059633231764210816323290e-02,1.15755247282506404051231793450170e-03
4.82000000000000000000000000000000e+01,8.70920166741409782626863753999971e-03,2.02125696162216946932598658556729e-03,2.01157498566931412732328652705520e-02,5.28824061802164514305274241662695e-04
4.82999999999999999999999999999994e+01,8.90518581569454372032143602903285e-03,1.89868316696346981147423878411986e-03,2.01839055700550880656650346787778e-02,3.72249530531091641593292583874190e-04
4.83999999999999999999999999999998e+01,9.08897413002117044359918518679360e-03,1.77708551929718104569725484359060e-03,2.02224799631265239880471679289805e-02,6.34508781794397248003868976625931e-04
4.85000000000000000000000000000002e+01,9.26064375346829394320829733296591e-03,1.65637674372443405284499820290222e-03,2.02382405423316695175197747916114e-02,1.50668799625345345346116904371715e-04
4.86000000000000000000000000000001e+01,9.42023889613634452799241914764906e-03,1.53584066242551508985190500947216e-03,2.02468967593384253477293371657505e-02,-4.83842167604677798192302089546619e-04
4.86999999999999999999999999999999e+01,9.56786899306410118608848173342116e-03,1.41670493346735902055693478252093e-03,2.02397089341228476172111914742241e-02,-1.64765161112827117698579805096392e-04
4.87999999999999999999999999999994e+01,9.70361026610897424418689725845124e-03,1.29840168421510212653781081103269e-03,2.01984184532945370458965831810291e-02,9.57222812861869660775670309123808e-05
4.88999999999999999999999999999999e+01,9.82755983225175159188026593163043e-03,1.18087248259278532909929337872320e-03,2.01437298812762208873328839879525e-02,-8.07196698818079719641472577868298e-04
4.89999999999999999999999999999998e+01,9.93985871439919780782817397883215e-03,1.06500713653620957646152716966828e-03,2.00881350514066427190502000910806e-02,-1.13308065282285744199353561863456e-03
4.91000000000000000000000000000000e+01,1.00405789358503173424221340081700e-02,9.49938471450943510261219675798980e-04,2.00032754714742223364096193582791e-02,-6.30869938086496761273577985307033e-04
4.91999999999999999999999999999999e+01,1.01298869500929889035564553030312e-02,8.36293427990369981036640092719936e-04,1.98952761007223605863891862715600e-02,-9.29073061806832535084021431844523e-04
4.92999999999999999999999999999996e+01,1.02079154110061131443492324061732e-02,7.24411091132458604754663306500854e-04,1.97831240650231484489180758502937e-02,-1.50603003033693781859951481961625e-03
4.93999999999999999999999999999995e+01,1.02747756300313515836104814505057e-02,6.13363450241861323833923542608678e-04,1.96567752601740194361462520898869e-02,-1.34771130472837011106337101772225e-03
4.94999999999999999999999999999999e+01,1.03306704742737887501493126199723e-02,5.04420555060040751582326764680598e-04,1.95036790601659196578750745999358e-02,-1.26823220533581727271852862160073e-03
4.95999999999999999999999999999999e+01,1.03757159171868027391872169832808e-02,3.97016743817650903071095792445720e-04,1.93403048320167219993056898727768e-02,-1.93837368208863172417048482516907e-03
4.96999999999999999999999999999998e+01,1.04100981798818930017331345147760e-02,2.90939122065528608163471961829147e-04,1.91736978847424426362072696453703e-02,-2.02682849143480592847614271993487e-03
4.97999999999999999999999999999992e+01,1.04340050319668392042311050141397e-02,1.87211504275344858900678505220092e-04,1.89812340855979629330277838246477e-02,-1.62857894854681523206233413803266e-03
4.98999999999999999999999999999996e+01,1.04475721153531830632844586044420e-02,8.48329567893108097556720452079924e-05,1.87728991639239528347107828105805e-02,-1.98082912097401130871053937663681e-03
5.00000000000000000000000000000000e+01,1.04510399463830178112286062434672e-02,-1.54344717322464240419715106028404e-05,1.85602959269989216664721534665595e-02,-2.43674140814884158458335161942482e-03
5.00999999999999999999999999999999e+01,1.04445692057101794449192585018283e-02,-1.13634425483550978993907807333605e-04,1.83347796966158636528735741340036e-02,-2.47997112617190151333789712345986e-03
5.01999999999999999999999999999999e+01,1.04283485247033005554990148949803e-02,-2.10199768415646894256626726762444e-04,1.80945335688741072183589163503189e-02,-2.35727855033758026030057895077952e-03
5.02999999999999999999999999999993e+01,1.04026229175173933633389914122593e-02,-3.04296199493802444099761767049837e-04,1.78402293124867742747568857991515e-02,-2.42213048283376496321121783262966e-03
5.03999999999999999999999999999997e+01,1.03675552689835287951955293487084e-02,-3.96484178896376100557480267132145e-04,1.75768707502537283267969569404614e-02,-2.68688621692680706095829311207077e-03
5.05000000000000000000000000000001e+01,1.03233845374094922093753165754075e-02,-4.86560909756237282223472338369852e-04,1.73039260489328831165256221384726e-02,-2.92957613652171805559157882612245e-03
5.06000000000000000000000000000000e+01,1.02703322815417208331010605714085e-02,-5.74317380722331811049159567321861e-04,1.70230336027989050732501739931658e-02,-2.96185041131740158389868680526634e-03
5.07000000000000000000000000000000e+01,1.02085906381829235943186893367046e-02,-6.59862605274526198721297682318954e-04,1.67282906560184398115623474390122e-02,-2.79702347078714542835489960115088e-03
5.07999999999999999999999999999994e+01,1.01384275375531776308615418759954e-02,-7.43194964822509019082242669557107e-04,1.64215574767748370039948731855344e-02,-3.08721019570304976896732259590289e-03
5.08999999999999999999999999999998e+01,1.00600422237528317758801714171138e-02,-8.24177012262208373886396702716657e-04,1.61148605502853258378326697916517e-02,-3.29523737668688475695751605894613e-03
5.10000000000000000000000000000002e+01,9.97366407063849683420589985673425e-03,-9.02723934587537358181441639573949e-04,1.57946232013955215327542011649410e-02,-3.06504024099874595081849063887813e-03
5.11000000000000000000000000000001e+01,9.87956662862619935285254662975979e-03,-9.79134463112911708946880526811647e-04,1.54616722262982898779105008500881e-02,-3.30149254507308783882392930845411e-03
5.11999999999999999999999999999998e+01,9.77794132291286155535415146245697e-03,-1.05282633364174631574992056280784e-03,1.51296233909276466790831876370973e-02,-3.67975175639991761304060737767050e-03
5.12999999999999999999999999999994e+01,9.66905586808475809559750430143956e-03,-1.12436670404675402930888004621907e-03,1.47924704810320893075558818493974e-02,-3.40581185195628168510612746082505e-03
5.13999999999999999999999999999999e+01,9.55316101887674179266503381042626e-03,-1.19343193391204223002127695994207e-03,1.44377916637953427320510013404794e-02,-3.10379181559505847786766838062500e-03
5.14999999999999999999999999999998e+01,9.43046672868301543392205805769980e-03,-1.25969255191583298338622198292715e-03,1.40770321393317102991227026268959e-02,-3.74805061630072493686861195081093e-03
5.16000000000000000000000000000000e+01,9.30126620675212098674895289488509e-03,-1.32409891242075159334122666482349e-03,1.37267059192594367843030744339946e-02,-4.06011156283622135863537893547874e-03
5.16999999999999999999999999999999e+01,9.16577121431803536528044029541422e-03,-1.38546606470797577323738139013718e-03,1.33621759790479286560485561346538e-02,-3.37923597107874140158827690795830e-03
5.17999999999999999999999999999996e+01,9.02423773504071883361278035080914e-03,-1.44446604657300733068280733072021e-03,1.29814568736925041728763931694627e-02,-3.47605255506639377972400679443052e-03
5.18999999999999999999999999999995e+01,8.87694702873928395007183782686130e-03,-1.50131455005899052682413733421260e-03,1.26097970971244849145705492251987e-02,-4.08187518842141461974998519536392e-03
5.19999999999999999999999999999999e+01,8.72409683144547182160464866649792e-03,-1.55502944691015393696189398882426e-03,1.22376742632355664535528173541750e-02,-3.86133677201604533158791605287641e-03
5.21000000000000000000000000000000e+01,8.56598301716980304857881360509119e-03,-1.60680352433544968275243811593413e-03,1.18501052936367830515925322972902e-02,-3.53312170895212944189481667346807e-03
5.21999999999999999999999999999998e+01,8.40284436353232398994775397147359e-03,-1.65580884795887838021472389431326e-03,1.14602595005951174607181606246613e-02,-4.01422942650045881743051811445202e-03
5.22999999999999999999999999999992e+01,8.23491143051777246756140746094362e-03,-1.70209814085566302566909233656824e-03,1.10809762387869829319811510447893e-02,-4.17891297293710179892892789873081e-03
5.23999999999999999999999999999996e+01,8.06247435226892323636264674717378e-03,-1.74645533299296652170782268221130e-03,1.06906768467260425951105279232602e-02,-3.58919692162505132270639133268438e-03
5.25000000000000000000000000000000e+01,7.88574373166639948336645954459867e-03,-1.78771548437003957062504944160987e-03,1.02901872561848497306248046070354e-02,-3.75641940953907351375279128321458e-03
5.25999999999999999999999999999999e+01,7.70499406856106190353744487457954e-03,-1.82669902313008151754070134907194e-03,9.90070943578913768281243649268769e-03,-4.24579481215076166252728297105446e-03
5.26999999999999999999999999999999e+01,7.52047480790267355571205384604957e-03,-1.86351998853941571967358690133189e-03,9.51071965634280149922946654321109e-03,-4.05139957225193140051323723632322e-03
5.27999999999999999999999999999993e+01,7.33240685615367950623005872517688e-03,-1.89725564727106658805460364067685e-03,9.11342996836892719547001428440917e-03,-3.76215300123654186228554647657161e-03
5.28999999999999999999999999999997e+01,7.14107156711062636130218581998348e-03,-1.92903886249687309669027218132383e-03,8.71521744613031227644862847913272e-03,-3.84755637909948923527213120621579e-03
5.30000000000000000000000000000001e+01,6.94669024634453166920124125982878e-03,-1.95833832967998081875720180545989e-03,8.32141561743284397426818425139616e-03,-4.04185182036789772612230710175825e-03
5.31000000000000000000000000000000e+01,6.74950631857327207180399896515269e-03,-1.98477207646433511744504473744649e-03,7.92808995421911234049288626597595e-03,-3.99733134657504490348684381214170e-03
5.32000000000000000000000000000000e+01,6.54977320558852542537726710884379e-03,-2.00954596927352408487591387753523e-03,7.53362936084800314521851057339220e-03,-3.96209264641700163013794803174841e-03
5.32999999999999999999999999999994e+01,6.34771358911853203053830180067024e-03,-2.03134402101764601928350128584875e-03,7.14210927341731091681603703760980e-03,-3.87500212311644200706869060989596e-03
5.33999999999999999999999999999998e+01,6.14357484859906770947742435841060e-03,-2.05087532420025902616116915440035e-03,6.74889939452742183639547271175569e-03,-3.84476607253093118753191190187555e-03
5.35000000000000000000000000000002e+01,5.93758410751246536554841030474139e-03,-2.06869143424808236998056206388406e-03,6.36090622694575454237879718307066e-03,-3.94176144342729747634459770456295e-03
5.36000000000000000000000000000001e+01,5.72996944603005849505186312304756e-03,-2.08321323724624140024061927136333e-03,5.97500055469385336204014988858295e-03,-3.78684126949507784613993020406768e-03
5.36999999999999999999999999999998e+01,5.52096732652017126037614347617742e-03,-2.09631054593166183378237759124669e-03,5.58719737112656590265977283759594e-03,-3.84297629995550839601238462919389e-03
5.37999999999999999999999999999994e+01,5.31079413407190184609406821413218e-03,-2.10701345058803547995715651032909e-03,5.20809643980984948232834636355586e-03,-3.99646508870138506672958899379766e-03
5.38999999999999999999999999999999e+01,5.09967032922640685966013398535724e-03,-2.11492364171346975563865200467269e-03,4.83284875157223246294285423169144e-03,-3.69380822973021282051562618901747e-03
5.39999999999999999999999999999998e+01,4.88782031982606601702634587129209e-03,-2.12172943457129716441803580493213e-03,4.45381344955484764205626625015029e-03,-3.41033173503430056912572053817494e-03
5.41000000000000000000000000000000e+01,4.67545394712274723741434091140835e-03,-2.12541613546409158147360555976588e-03,4.07752328632586839539212966388410e-03,-3.81099074299566980834351546294006e-03
5.41999999999999999999999999999999e+01,4.46278041658233598802179895854291e-03,-2.12746194361894168006133745380144e-03,3.71772952166994705090899906590817e-03,-4.08455457747351851415166009281937e-03
5.42999999999999999999999999999996e+01,4.25000874355233781199825905414814e-03,-2.12781565054158324578311221715761e-03,3.35864902307316083804844865920358e-03,-3.37786093223074432345800551869174e-03
5.43999999999999999999999999999995e+01,4.03734201973663360108583061559631e-03,-2.12516616873649471264918441089992e-03,2.98959475339146005316374198170977e-03,-3.20871866882422150057715240873486e-03
5.44999999999999999999999999999999e+01,3.82497895277375416233130963395034e-03,-2.12163663238301618827570872755810e-03,2.63672411875096553358367285747007e-03,-3.80515426418787019743358248662430e-03
5.45999999999999999999999999999999e+01,3.61311074570888749145676324895224e-03,-2.11560998975034581619280136365190e-03,2.29588793881970468116727633645191e-03,-3.62217090510807883591790913441663e-03
5.46999999999999999999999999999998e+01,3.40193311301065831621352396271918e-03,-2.10748673209595349713803241080427e-03,1.94850986065124134851846355906096e-03,-3.13485420081293528725641940064249e-03
5.47999999999999999999999999999992e+01,3.19162823971219390869863790348675e-03,-2.09831461354601868956646772869635e-03,1.60497466506941756764248890309605e-03,-3.38474968812201111092166002135091e-03
5.48999999999999999999999999999996e+01,2.98238048820567274401643370813586e-03,-2.08647076391379947103027418199956e-03,1.27887083767902951594343400193946e-03,-3.57183067682852957400677667264273e-03
5.50000000000000000000000000000000e+01,2.77436555100002615375662866553588e-03,-2.07338504475386217229345237336209e-03,9.54532975249442673029578827494048e-04,-2.98420755619510738687611532025142e-03
5.50999999999999999999999999999999e+01,2.56775121237864599851209603238110e-03,-2.05868221270985461534854378830738e-03,6.24632081069170902383397123269989e-04,-2.96853261410673679383820357827967e-03
5.51999999999999999999999999999999e+01,2.36272104986553166767039485256727e-03,-2.04173345782294829605913778114531e-03,3.13221876861704137976268007355354e-04,-3.48697412633518162473127907815932e-03
5.52999999999999999999999999999993e+01,2.15941730317077205318029718090130e-03,-2.02390813980604451734239550768705e-03,1.21952383156965280490340338485595e-05,-3.14312375837932100789905305587284e-03
5.53999999999999999999999999999997e+01,1.95801005243188133813126723752849e-03,-2.00411479628032092834376474193749e-03,-2.93801858275664360801768246659910e-04,-2.67056261763738440688917739607167e-03
5.55000000000000000000000000000001e+01,1.75866050895551359483703848956002e-03,-1.98263158006952898593571850462133e-03,-5.92574174587312323179863034896913e-04,-2.85028615401858988206207319541594e-03
5.56000000000000000000000000000000e+01,1.56149280681688191606266786083603e-03,-1.96031806387687054486887412817822e-03,-8.77256470331111337987371660485966e-04,-3.06147038347162355307180864764999e-03
5.57000000000000000000000000000000e+01,1.36668087477895504679745147787264e-03,-1.93594498972073030283063310251652e-03,-1.15530520458767787145599351824313e-03,-2.79348348449898512781459491260694e-03
5.57999999999999999999999999999994e+01,1.17433938758328881624188636845141e-03,-1.91046032602445188542222255420119e-03,-1.43249649369036919179507453760117e-03,-2.59411949592949373428727966755394e-03
5.58999999999999999999999999999998e+01,9.84608521461621054615485176952335e-04,-1.88394805791940555071040074712758e-03,-1.69875255412667351267275316128438e-03,-2.66597888235617182061574334469959e-03
5.60000000000000000000000000000002e+01,7.97635774444395210720727572481819e-04,-1.85552858950365345183662570229854e-03,-1.95671028631698502312103426055535e-03,-2.54024041511355268919889713558773e-03
5.61000000000000000000000000000001e+01,6.13504234424185258271549920331290e-04,-1.82655926734697068524131068933609e-03,-2.20972208469888921335238393422276e-03,-2.46681656839979046244005993361955e-03
5.61999999999999999999999999999998e+01,4.32374287529288442218006575412373e-04,-1.79611755091651981513835559589482e-03,-2.45304615915323715308754621147896e-03,-2.40050290628316016281678883588026e-03
5.62999999999999999999999999999994e+01,2.54340509815279120918259542843572e-04,-1.76433927436090991613081752277601e-03,-2.69106222677762006378378866237832e-03,-2.34760550535593206031111389586816e-03
5.63999999999999999999999999999999e+01,7.94959086588723409466970943971715e-05,-1.73217162483207784460308815172907e-03,-2.91876534358734273802577585770756e-03,-2.36476092460700867606550556288439e-03
5.64999999999999999999999999999998e+01,-9.20171536588241350364092161861061e-05,-1.69827228143683285471122883463302e-03,-3.13792781128799730269136774743476e-03,-2.10356532768655196887960335924045e-03
5.65999999999999999999999999999999e+01,-2.60143272401016828284855184670296e-04,-1.66379538721294608735934108023356e-03,-3.35404775579864663967763204874390e-03,-1.88487658251118407050993210142715e-03
5.66999999999999999999999999999999e+01,-4.24763162591785561955448692715868e-04,-1.62854930070065602144372954919415e-03,-3.56258042028342309435627092691714e-03,-2.08580909622715413047215001233872e-03
5.67999999999999999999999999999996e+01,-5.85787287933154122651496111417053e-04,-1.59195683603733004380223765772306e-03,-3.75609349461780663292342783801712e-03,-2.26470296944437301288153224025755e-03
5.68999999999999999999999999999995e+01,-7.43163672584113060416784878963685e-04,-1.55512339088283687444917357987080e-03,-3.94109769999496161409980843014932e-03,-1.73404989132995805531718723506827e-03
5.69999999999999999999999999999999e+01,-8.96770035895586975369182257176594e-04,-1.51716818910168833482037913961625e-03,-4.13079820911045483672437311293690e-03,-1.42118700692349720701441196544428e-03
5.70999999999999999999999999999999e+01,-1.04656626717495967019805966502083e-03,-1.47856061049631060672920382503295e-03,-4.30619390158688797192612494382060e-03,-1.91795085318514292356573284104288e-03
5.71999999999999999999999999999998e+01,-1.19248499648001113846938610791432e-03,-1.43954924869659986200929726725376e-03,-4.46384158361652168728788769295809e-03,-1.82932256306792086039676373646367e-03
5.72999999999999999999999999999992e+01,-1.33443210924423899709724824564697e-03,-1.39958666774680303740463549129816e-03,-4.62421741918801555873819035337830e-03,-1.30694849674214222667420706216040e-03
5.73999999999999999999999999999996e+01,-1.47239158554106284169230637323814e-03,-1.35928647446163805074541814488331e-03,-4.77941043447517057403998000165618e-03,-1.43711556141899814815594522036225e-03
5.75000000000000000000000000000000e+01,-1.60628357313895579950050664929945e-03,-1.31849987672640462399673198495894e-03,-4.91669323264122956814833879247999e-03,-1.62014178886634930505130967831393e-03
5.75999999999999999999999999999999e+01,-1.73605914053879822695643506799549e-03,-1.27713047853902873822445490488824e-03,-5.04730295583034688431251906915079e-03,-1.11672789907887136614944047066735e-03
5.76999999999999999999999999999999e+01,-1.86170369024071445369147157236708e-03,-1.23539914544405691318777677452355e-03,-5.18181854158728507870461155437737e-03,-9.74641548485852739160401995904880e-04
5.77999999999999999999999999999993e+01,-1.98313655025255987909155447692057e-03,-1.19342362569991998936406771704872e-03,-5.29947272725783671894355818392341e-03,-1.52475927165210534231191139267591e-03
5.78999999999999999999999999999997e+01,-2.10035721795208951029110502202532e-03,-1.15095028777044486797501928254615e-03,-5.40055758776466317906806296781466e-03,-1.22489691477931722217923487090407e-03
5.80000000000000000000000000000001e+01,-2.21333474923748704976610981480114e-03,-1.10830451117885861415707291663718e-03,-5.50810093941902576851870467588966e-03,-5.77586424293695592036078284397648e-04
5.80999999999999999999999999999999e+01,-2.32201088698754168402469504626063e-03,-1.06553924932762367412017763271424e-03,-5.60942800065629641286070718344657e-03,-8.26816949912967153048216181680052e-04
5.82000000000000000000000000000000e+01,-2.42641632223601164113890586218935e-03,-1.02229976248845939656652469442815e-03,-5.69232364329174419211434197674867e-03,-1.16038460403940035173545153049766e-03
5.82999999999999999999999999999994e+01,-2.52649796357750068465437795905013e-03,-9.79309311688633719645779471657151e-04,-5.76771929053053244019988848469756e-03,-8.16091420609155759973277014487043e-04
5.83999999999999999999999999999998e+01,-2.62224933854369678682563230088188e-03,-9.35964986787618431810690248729160e-04,-5.84425130385114002489392824175736e-03,-4.67919656038508201697155431880477e-04
5.85000000000000000000000000000002e+01,-2.71369291118813914418696982926046e-03,-8.92519325125920182283907370163949e-04,-5.91106693812304638176925103128527e-03,-6.39085597518045341534997542255682e-04
5.86000000000000000000000000000001e+01,-2.80077754447119463352721409591052e-03,-8.49478903358692467828471270673732e-04,-5.96490227456298298556466467795823e-03,-5.95812360216042598185334503681419e-04
5.86999999999999999999999999999999e+01,-2.88355010651562215261549243736405e-03,-8.05929155633193481785852747490563e-04,-6.01698116809079191654363058631496e-03,-4.00463549188447537395190675069904e-04
5.87999999999999999999999999999994e+01,-2.96199687562527169867227605608226e-03,-7.62798192795446191175769663858893e-04,-6.06071526096209311576034027349033e-03,-4.42413763506469302252215300000354e-04
5.88999999999999999999999999999999e+01,-3.03610922333910077690596702334407e-03,-7.19839135790205734039774735106202e-04,-6.09558660667982844014939665721403e-03,-3.73545171184728144761540941415635e-04
5.89999999999999999999999999999998e+01,-3.10594724678735498338265892207005e-03,-6.76643254792929720124350885784960e-04,-6.12482583061876984285225119353876e-03,-2.55297806484058721573743336712147e-04
5.91000000000000000000000000000000e+01,-3.17147972692587780206821219805305e-03,-6.34126784358242784819183492873036e-04,-6.14695380865115117218188980987144e-03,-1.11071295199421025733886118499384e-04
5.91999999999999999999999999999999e+01,-3.23275211087452307980232326288372e-03,-5.91525962218682505604256795057186e-04,-6.16422398692868136225436332800736e-03,-5.45564747371423970467483365092981e-05
5.92999999999999999999999999999996e+01,-3.28979753233347962277496802388301e-03,-5.49135594696168358140281258267795e-04,-6.17364002193966194373346094783899e-03,-1.53692411774429798501567652475733e-04
5.93999999999999999999999999999995e+01,-3.34261219538411866848712456334159e-03,-5.07452397992725581177929481097355e-04,-6.17424987547332398344165687209597e-03,-1.57109999969792187620318029536089e-04
5.94999999999999999999999999999999e+01,-3.39126531149081654988263688223266e-03,-4.65600531910535494900421279274043e-04,-6.16792225712590704671222403934519e-03,1.61805269164029946949193190546219e-04
5.95999999999999999999999999999999e+01,-3.43576536291504388805967545148061e-03,-4.24345822844288942734524145221243e-04,-6.16241007351438052927858822823548e-03,3.99662507774378568208947205061993e-04
5.96999999999999999999999999999998e+01,-3.47615435532985729185418665958381e-03,-3.83722501857045636074156255250484e-04,-6.14892631064743435823565391564638e-03,2.53411413810835289656033782414048e-05
5.97999999999999999999999999999992e+01,-3.51249316741915384522601778530798e-03,-3.42949964187159935434128363083863e-04,-6.11957410984609400574146829432272e-03,2.49473974157056439678945915816253e-05
5.98999999999999999999999999999996e+01,-3.54479598781144135090389169693266e-03,-3.03196206524836837571465704275445e-04,-6.09291591672804941180451392546485e-03,5.32168609457790034964911745911110e-04
6.00000000000000000000000000000000e+01,-3.57313132206233151660344698021954e-03,-2.63754633600675321801197322849310e-04,-6.06509266986738413307551716917020e-03,4.36043880516151559264590617982890e-04
6.00999999999999999999999999999999e+01,-3.59754813383409414748252283138776e-03,-2.24462767648955106593509957733250e-04,-6.02234421375168123773543060984022e-03,1.86472042172781868689690747987889e-04
6.01999999999999999999999999999999e+01,-3.61808472150695332355853661015985e-03,-1.86468021113767825044236916564812e-04,-5.97387551706000371440132595727896e-03,5.56806627690511439744988754685075e-04
6.02999999999999999999999999999993e+01,-3.63481420154828510360885270883180e-03,-1.48279313086119609902217804945777e-04,-5.93040479909005180921654676289142e-03,7.83383638717103197053872187044256e-04
6.03999999999999999999999999999997e+01,-3.64778362891466568137009542093670e-03,-1.11012257347350662029686744344760e-04,-5.87762713808186366687125094631493e-03,2.90372578531894214724191563416323e-04
6.05000000000000000000000000000001e+01,-3.65705394893702834488089733942392e-03,-7.47227705058016638514128004759774e-05,-5.80840304777268580049890168016650e-03,3.91147587834608375817699333629436e-04
6.06000000000000000000000000000000e+01,-3.66269736001600632130280536889793e-03,-3.81449682637940932103631894356772e-05,-5.74653706484762366948205904539721e-03,1.07462811320452589173420197981422e-03
6.07000000000000000000000000000000e+01,-3.66476430335858457400195162944730e-03,-3.22167290118964652718925949230941e-06,-5.68560489020427687399365031034107e-03,8.48351115052247317748194691316010e-04
6.07999999999999999999999999999994e+01,-3.66333245250000890186261030785597e-03,3.15163109416082040670621587667908e-05,-5.60725195757958400150866312658734e-03,3.97243048288424105188940242721438e-04
6.08999999999999999999999999999998e+01,-3.65847165403005322883323361236643e-03,6.58176910060194923626320245804868e-05,-5.52407805258141883990657780384761e-03,7.26253527498362103812610496941121e-04
6.10000000000000000000000000000002e+01,-3.65024193459154872654663655954783e-03,9.85380549944497662654904188369176e-05,-5.44629619622602990307526156871811e-03,1.10512373458808173264744803430642e-03
6.11000000000000000000000000000001e+01,-3.63872875279854382398430639097900e-03,1.31538600688773725676731230225578e-04,-5.36355709560991720073199793907255e-03,8.67136709700412463198905271883908e-04
6.11999999999999999999999999999998e+01,-3.62399953660747620163539361660016e-03,1.63121536723771593197069140103896e-04,-5.26877992151993220154290211156812e-03,7.86903509980088324239419114000672e-04
6.12999999999999999999999999999994e+01,-3.60613136987273803856633728328924e-03,1.93899246442902613436032792151355e-04,-5.17607193334217158616197772952720e-03,1.07068384936947932071439576758497e-03
6.13999999999999999999999999999999e+01,-3.58520395765734290331184744598973e-03,2.24612872514394196024735302912456e-04,-5.08222485030666335145447406139449e-03,9.50111258124829156489937141142773e-04
6.14999999999999999999999999999998e+01,-3.56129199018171428608231409804085e-03,2.53550246985102646447101498439529e-04,-4.97836625997992393965775817842349e-03,8.83911305647270658554873806887103e-04
6.16000000000000000000000000000000e+01,-3.53448262296301670425221421495367e-03,2.82349174824019407961559818893465e-04,-4.87424268655947867133957048280059e-03,1.13428623308951924931884078571383e-03
6.16999999999999999999999999999999e+01,-3.50484942966429580114798061147087e-03,3.10323746854352328587081431915683e-04,-4.76992627175933597234401091681570e-03,1.22680201249731411806204791298013e-03
6.17999999999999999999999999999996e+01,-3.47248106342021252608481689747188e-03,3.36862045953151478868193399977153e-04,-4.66172957464727729617765564157388e-03,1.08509530382816284308338905455800e-03
6.18999999999999999999999999999995e+01,-3.43745708091502383512120791335711e-03,3.63377641124151010695739321981304e-04,-4.54780707967555476064152657648487e-03,9.63998933319213742205962841517305e-04
6.19999999999999999999999999999999e+01,-3.39986397780761529370461543910873e-03,3.88504995520870992745482125295877e-04,-4.43135773060206395854068181571888e-03,1.10926769629731413180520254466031e-03
6.21000000000000000000000000000000e+01,-3.35979015192556088825647906609217e-03,4.12742938597611747506516841010956e-04,-4.31475392345248013994508521192574e-03,1.31699953043821253847668166303902e-03
6.21999999999999999999999999999998e+01,-3.31730842865069789299550626590700e-03,4.36680972642556217290349548521207e-04,-4.19776238527626363743916223069622e-03,1.37115069942490512366968876923475e-03
6.22999999999999999999999999999992e+01,-3.27252593309654557689104674071685e-03,4.59001979885378822453870857371935e-04,-4.07845069519235033913805751784254e-03,1.08764703200569569540050798022254e-03
6.23999999999999999999999999999996e+01,-3.22551261808608838383568687664214e-03,4.80932271110524225147670216030709e-04,-3.94983755470231022420744410401981e-03,1.00728850327903639680610581102448e-03
6.25000000000000000000000000000000e+01,-3.17635814671357563008392547478977e-03,5.02090433415430714523778961876298e-04,-3.82421398377343310011678136674634e-03,1.44741041327105819410947345118253e-03
6.25999999999999999999999999999999e+01,-3.12516566192423372415833768341179e-03,5.21717503209591599058931331807966e-04,-3.70363737875994456914665243178766e-03,1.42415730398739409146088807492336e-03
6.26999999999999999999999999999999e+01,-3.07199632187055479541351882123127e-03,5.41264089791814979586325782259372e-04,-3.57349688145019829757798707068457e-03,1.09727431707404618024794835726422e-03
6.27999999999999999999999999999993e+01,-3.01696571881958058461107131961463e-03,5.59466126322306983862635819235012e-04,-3.44008791153775098733763976515625e-03,1.28257531000415659203995788973833e-03
6.28999999999999999999999999999997e+01,-2.96014633959165014065581880961471e-03,5.76660936165223865018220650835017e-04,-3.31324679951698235128830870673923e-03,1.50737003685408108465302594229767e-03
6.30000000000000000000000000000001e+01,-2.90162044551780137028225997847279e-03,5.93602462335744306140150267362467e-04,-3.18485601004889195624171768620120e-03,1.17310521653193447549586243854414e-03
6.31000000000000000000000000000000e+01,-2.84150441093023964748960330388365e-03,6.08855638584523904377880920308193e-04,-3.04557931660556966446946062834563e-03,1.11113029031831854036656561923128e-03
6.32000000000000000000000000000000e+01,-2.77984856306721124194999888822046e-03,6.23801356206331247936334412196386e-04,-2.91273332413663142897150426185316e-03,1.65786992401036481261048346248624e-03
6.32999999999999999999999999999994e+01,-2.71676632716044811739097703196952e-03,6.37856477880264748033721209738536e-04,-2.78765832972655495090574140453496e-03,1.48078653013519822382545168010045e-03
6.33999999999999999999999999999998e+01,-2.65234594753163880517370940371632e-03,6.50498557590335283823511056709402e-04,-2.64933925204989906624272932020819e-03,9.64332942108857311659020536863291e-04
6.35000000000000000000000000000002e+01,-2.58664806146643174005913618819851e-03,6.63040668454869682887240684257207e-04,-2.50900159839412545865077089591266e-03,1.28981063047604219848813178200490e-03
6.36000000000000000000000000000001e+01,-2.51979530266405493841076196644182e-03,6.74162951104968789617322251031810e-04,-2.37948830481579867920043379669966e-03,1.66387487283491735701606193052674e-03
6.36999999999999999999999999999998e+01,-2.45184605019913310615320144227988e-03,6.84525870052186080193391262292160e-04,-2.24905873459074358016270540981424e-03,1.33134582226621020685350718091501e-03
6.37999999999999999999999999999994e+01,-2.38289040071554844056228030562735e-03,6.94378598225957208240540729466732e-04,-2.10921799124387610309415254876357e-03,1.11705396692574123106310570736644e-03
6.38999999999999999999999999999999e+01,-2.31303407907692639207239339505250e-03,7.02863319824715013343852015620938e-04,-1.97390562246167145828446535259185e-03,1.47139136831262682177396022025957e-03
6.39999999999999999999999999999998e+01,-2.24232375480379238101721414802722e-03,7.10929039409097247161013402911492e-04,-1.84587348445245182282952742239821e-03,1.40254789781727679193918853495596e-03
6.40999999999999999999999999999987e+01,-2.17087328206873115191635646779451e-03,7.18053793412706280727588754186015e-04,-1.70933354176459092132671046897200e-03,1.12244619445372485056777913679402e-03
6.41999999999999999999999999999999e+01,-2.09876014485818265280628916499700e-03,7.24190936570268896748583352749332e-04,-1.57366866414670757439974945465022e-03,1.38159204526235972955125869444853e-03
6.43000000000000000000000000000001e+01,-2.02603985977977708775139231506098e-03,7.29820730008383534228572332255549e-04,-1.44563538773546272981312953605194e-03,1.51749341158868792326299179794788e-03
6.43999999999999999999999999999995e+01,-1.95283229146782055604798617037964e-03,7.34450656586086185441237868415401e-04,-1.31597255638002777532487788270174e-03,1.25379091698879091645563138601500e-03
6.44999999999999999999999999999999e+01,-1.87918565670108144637548936045572e-03,7.38265507638026042815157656339619e-04,-1.18285545109544754887485003762828e-03,1.09218071157912238125358536881343e-03
6.45999999999999999999999999999987e+01,-1.80518222794921635730984728652071e-03,7.41516762832015123072071182837648e-04,-1.05166751254294391334972259520090e-03,1.29555236385731720546161343575023e-03
6.46999999999999999999999999999998e+01,-1.73092413086331514643875998319454e-03,7.43844813811648394620409471834836e-04,-9.26015168458277239262177226111674e-04,1.44717690380720955802617395236006e-03
6.48000000000000000000000000000002e+01,-1.65644295768845324735305087039955e-03,7.45365845285837116812596008334466e-04,-8.00494511173003161029314617937248e-04,1.33261803114389824688222761310624e-03
6.48999999999999999999999999999996e+01,-1.58185230564238850004538217462293e-03,7.46401231880072624657403678864860e-04,-6.75292027818219944998552906067218e-04,1.14528780064770232806613264819777e-03
6.50000000000000000000000000000000e+01,-1.50721330480786209812458956452000e-03,7.46444925156969781680583187121494e-04,-5.48805117715340093083556618625777e-04,1.05304452353928710056551264201657e-03
6.50999999999999999999999999999987e+01,-1.43257224599515438852600259583126e-03,7.45902355808278513540562047768258e-04,-4.24548379499032500628130558742412e-04,1.31758991597045586107969111841355e-03
6.51999999999999999999999999999999e+01,-1.35804873013191831044100787623642e-03,7.44792516475310452712658414558446e-04,-3.08188361512802444988689920792716e-04,1.37000869633596805244744276779778e-03
6.53000000000000000000000000000003e+01,-1.28366497407495661534758601758034e-03,7.42650219356977380795333333343706e-04,-1.88683186314127347792807836013704e-04,1.06992269162236676017080040581430e-03
6.53999999999999999999999999999997e+01,-1.20950669972720596170847440125198e-03,7.40236418144729528257139481920151e-04,-6.78734946980309580747376219147705e-05,1.10727910285774022626335949084618e-03
6.55000000000000000000000000000001e+01,-1.13565717279940787975333532676262e-03,7.36998649417427905751644342743644e-04,4.57832841768058730706427601398853e-05,1.24999003103735689437915781510873e-03
6.55999999999999999999999999999986e+01,-1.06213683077515473844526605968760e-03,7.32962920237903663280578342382054e-04,1.57148754726972191963936956187103e-04,1.05565628854854582839277357744662e-03
6.57000000000000000000000000000000e+01,-9.89056495510844865746826793715251e-04,7.28705072666741031925069151159686e-04,2.72810008868218889323806685751571e-04,9.67256178546364171010873682775666e-04
6.58000000000000000000000000000001e+01,-9.16447818866597994071539576304962e-04,7.23470379840607950512936086453064e-04,3.83292287144114562361733199974551e-04,1.33440274240297126232529973879005e-03
6.58999999999999999999999999999998e+01,-8.44365143063488130138204790773758e-04,7.17776614837951077984467222460358e-04,4.83185307131313161479291255604195e-04,1.20271715949018543208083270944748e-03
6.60000000000000000000000000000002e+01,-7.72902397120736186019168061574854e-04,7.11711228568164933815787963122398e-04,5.91323203748148434054103668007717e-04,6.52687814826695835820489679378859e-04
6.60999999999999999999999999999986e+01,-7.02069321188752741666288172337868e-04,7.04715056965592760917919222772107e-04,7.01483966661550234279898750071891e-04,9.44852464178784106758624607825148e-04
6.61999999999999999999999999999998e+01,-6.31950355588405838953908132949673e-04,6.97484873633202771755437964180759e-04,7.96832816996224039733016698246225e-04,1.37291520026610205895928168457573e-03
6.63000000000000000000000000000002e+01,-5.62597648027159992039931945073588e-04,6.89727563723457319263025312001960e-04,8.89963820676633328719970940153056e-04,9.86468140298543574899733015320308e-04
6.63999999999999999999999999999999e+01,-4.94036979434057306662894544246725e-04,6.81155667763274818689594909706881e-04,9.91162612052610294996120354605986e-04,6.38255341317748994385738198202175e-04
6.64999999999999999999999999999998e+01,-4.26352038856291679661625223993356e-04,6.72570685247848188220394355038815e-04,1.08785716906542764795796886467644e-03,9.91807224456125855946752313854176e-04
6.65999999999999999999999999999987e+01,-3.59564062296709651630642601202044e-04,6.63218100628949096531116954869030e-04,1.17232622506196925112351302080508e-03,1.08113663548742980719192828252820e-03
6.66999999999999999999999999999999e+01,-2.93723439056390896483269598365037e-04,6.53284774272735714433751667673903e-04,1.26148213922465252298153760031979e-03,6.89690791165099884854885201925267e-04
6.68000000000000000000000000000001e+01,-2.28891627642515602306966920050515e-04,6.43478274854379546199919126471996e-04,1.35225127885805884621794501598140e-03,8.36827532436642854449563980490288e-04
6.68999999999999999999999999999995e+01,-1.65082126200421770920178667498657e-04,6.32610058640705613784848893316889e-04,1.43116308660005344134349575952445e-03,1.02869548144858019553210389728882e-03
6.69999999999999999999999999999999e+01,-1.02356321217863383152593641317245e-04,6.21700341731094470661181170121614e-04,1.50959732447516115174114365976709e-03,7.09335248923715196054044195901484e-04
6.70999999999999999999999999999987e+01,-4.07511101967584468687117373574025e-05,6.10585478370300725672577994420522e-04,1.59132053022672733796973050995048e-03,5.57355292523906688272309870679842e-04
6.71999999999999999999999999999998e+01,1.97139046565963693945149104307627e-05,5.98457801013065858101577439938050e-04,1.66799938349181928285718974911998e-03,8.12693988316460412690744405191541e-04
6.73000000000000000000000000000002e+01,7.89807140456891783355697274477882e-05,5.86838888203063902216557112822780e-04,1.73673335642377099557003337780274e-03,9.04845287464922977864907862960886e-04
6.73999999999999999999999999999996e+01,1.37032054174875076577393309585002e-04,5.74320253902272770072874771280324e-04,1.80553296172806992383640750160768e-03,6.37292671145087097396407526220601e-04
6.75000000000000000000000000000000e+01,1.93835676864050215020480393929607e-04,5.61439467230048485958873460032399e-04,1.87492840954359152929109126969014e-03,5.40242552725272972552417781981378e-04
6.75999999999999999999999999999987e+01,2.49349023541517323682434133916342e-04,5.48975337677396829808274020277890e-04,1.93915278833897805184321587071130e-03,5.88617908968320967037139362654267e-04
6.76999999999999999999999999999999e+01,3.03564994652837383768931025447443e-04,5.35273853089036591678800445363214e-04,2.00106847317046153970364724713323e-03,6.60814073186660302902604681826389e-04
6.78000000000000000000000000000003e+01,3.56440453465268046487738052269082e-04,5.22034671723812347511229626024179e-04,2.05787342642129387600533574960643e-03,6.77694736287949524352744515136838e-04
6.78999999999999999999999999999997e+01,4.07955572549322876734558371109900e-04,5.08490545685661219100519396273202e-04,2.11330352901800336097485030784855e-03,4.77066961182162963272162902053456e-04
6.80000000000000000000000000000001e+01,4.58098090600445902199213802964404e-04,4.94132605498826963570788479085244e-04,2.16891120968183386454279631122353e-03,4.65549957572123840848477940647636e-04
6.80999999999999999999999999999986e+01,5.06830754810844497880191880942612e-04,4.80502808501765193954051939837263e-04,2.21800499071328478632596017226239e-03,5.48496847573863524415818399402421e-04
6.82000000000000000000000000000000e+01,5.54148062394846258897563774683743e-04,4.65953801499330178702494873200929e-04,2.26429916126359280430460463702778e-03,4.16573063471747766922491261349274e-04
6.83000000000000000000000000000002e+01,6.00026680376448300498557508871495e-04,4.51404966352348952014565180287412e-04,2.31143813136009813006245826660367e-03,3.51420026281828889091993321552585e-04
6.83999999999999999999999999999998e+01,6.44450939954421883695877150097199e-04,4.37189447748219575998608499491848e-04,2.35461504013241972168174183880506e-03,5.75741818827783797707760792550040e-04
6.85000000000000000000000000000002e+01,6.87411531565992216277709180980107e-04,4.22001130275901149822922248963461e-04,2.38858402114758877099291746853899e-03,5.19005100546897934979342478412703e-04
6.85999999999999999999999999999986e+01,7.28888949385207386833926358777354e-04,4.07399488161070091104566003039928e-04,2.42598773657732910297674299370937e-03,3.20582180397522269053784173322891e-05
6.86999999999999999999999999999999e+01,7.68880534437318475768594236288235e-04,3.92572126353370586720421946865147e-04,2.46732193091183144349179244409268e-03,2.07624686836034699689576838873986e-04
6.88000000000000000000000000000002e+01,8.07370598298902833480406169210879e-04,3.77163798448297180154611281989955e-04,2.49453959248034545943978325923341e-03,6.72152476815398897108059547843262e-04
6.88999999999999999999999999999999e+01,8.44357299164986659422321530360096e-04,3.62477035914450836294249593427659e-04,2.51714004699637153430349672997457e-03,3.33639941532982407159349947884741e-04
6.89999999999999999999999999999998e+01,8.79830466599312704803913836723933e-04,3.47140215058020485900421017138800e-04,2.54770273409441600779046463038739e-03,-7.39990962039087612501347404480664e-05
6.90999999999999999999999999999987e+01,9.13786563221049366653199189485304e-04,3.31839059826814171791408591307607e-04,2.57525438026602980407695745901924e-03,2.16759978385613021807748525632105e-04
6.91999999999999999999999999999999e+01,9.46229987710391979691924803991443e-04,3.17036867467260823537525528907171e-04,2.59063733583469041321311580498661e-03,4.18630482828561874280203395629259e-04
6.93000000000000000000000000000001e+01,9.77143569520950678422275364509225e-04,3.01395994063219768854816496942502e-04,2.60740502346924203803823487042989e-03,4.97510004063427636403299271038352e-05
6.93999999999999999999999999999995e+01,1.00654595511731444656658687813172e-03,2.86412961910282900365264865516582e-04,2.62880555397524770607646161270703e-03,8.36835586103485905799905777291523e-05
6.94999999999999999999999999999999e+01,1.03442826455618280847519076633121e-03,2.71398836863414975841361420823140e-04,2.63850369588733457144058323189645e-03,3.37626448246267575256584931559811e-04
6.95999999999999999999999999999987e+01,1.06078908173337691533500501555651e-03,2.55843996738512085400382342014879e-04,2.64581938853244382898567464914898e-03,3.61931164787381641294803394487244e-08
6.96999999999999999999999999999998e+01,1.08565113510746828098127406150092e-03,2.41216641044106308207057814913080e-04,2.65921526146618141624125127485241e-03,-1.67307675140602666997359200079060e-04
6.98000000000000000000000000000002e+01,1.10899571824185282898801547512452e-03,2.25960677008551499964049261653270e-04,2.66654645196621590972930089044375e-03,1.84156121317931234462955456333950e-04
6.98999999999999999999999999999996e+01,1.13084958242726435677161637144241e-03,2.10919095526804553352296528239884e-04,2.66502857879420998850150410341994e-03,2.66580454097965212074267535322149e-04
7.00000000000000000000000000000000e+01,1.15121683065686254863181248034427e-03,1.96450872086696894035176518690945e-04,2.66497408206633873173320547222747e-03,-1.31515547660432156466487474988168e-04
7.00999999999999999999999999999987e+01,1.17009102594860277752873620202684e-03,1.81256740129859080196156292793014e-04,2.66879200925154396192755562258262e-03,-2.23221031684250533810485449704263e-04
7.01999999999999999999999999999999e+01,1.18751217493400187899335503634584e-03,1.66899920721302156062389259940231e-04,2.66518144032371436015447625154753e-03,3.37103292548842278220823886081667e-05
7.03000000000000000000000000000003e+01,1.20346663994593385479348562777051e-03,1.52413515148879609757358715153119e-04,2.65736236672914956820474709217875e-03,3.89807004917737244256589293663632e-05
7.03999999999999999999999999999997e+01,1.21797422401671143531418383417217e-03,1.37744940235379095060726979024192e-04,2.64985698456841756529346837033275e-03,-6.08411437374247968460813261000843e-05
7.05000000000000000000000000000001e+01,1.23106494567525625890372501131446e-03,1.23913984642395609083930564364962e-04,2.64003527308978401176204586272443e-03,-1.67976635762950192884010929062265e-04
7.05999999999999999999999999999986e+01,1.24272510222849641388143067073665e-03,1.09593855276861303913417413186256e-04,2.62981628168502202589793538031263e-03,-1.79960642018987772367473237588746e-04
7.07000000000000000000000000000000e+01,1.25299718616210773508501750215274e-03,9.56869473797937737465914298021801e-05,2.61551139126974212490901619863942e-03,-1.01574941440099657904401891307718e-04
7.08000000000000000000000000000001e+01,1.26189017878272526090013936626521e-03,8.21785173950188701530971501943405e-05,2.59881050249895295973614893950421e-03,-1.67536923141259011350015222343014e-04
7.08999999999999999999999999999998e+01,1.26940668264951554564116127864212e-03,6.83937263425947554369711327094846e-05,2.58235558942015958056933417497473e-03,-2.17171454656985015009239307749214e-04
7.10000000000000000000000000000002e+01,1.27559852219323948473389252547876e-03,5.52183525176003514667483026299143e-05,2.56358726963100219728271691689692e-03,-1.33144712857065826145059043475705e-04
7.10999999999999999999999999999986e+01,1.28045497763385532714751253855291e-03,4.20992501750580483507822987945110e-05,2.53999702278465918624600770157287e-03,-1.45383881077266858448231010283897e-04
7.11999999999999999999999999999998e+01,1.28400649534743455383329285244838e-03,2.90265307445398458382682342322365e-05,2.51657284059511721727866611719138e-03,-4.31883369827215924469387298767124e-04
7.13000000000000000000000000000002e+01,1.28629473039876329761458749672663e-03,1.65165616494150734249232994014987e-05,2.49739795126539501639214896074813e-03,-3.57614621458182205129179290507780e-04
7.13999999999999999999999999999999e+01,1.28730330063520195237096113273524e-03,3.99327760507678166945207058774883e-06,2.46909688928145550680564121921288e-03,3.30382440688334820147077913405585e-05
7.14999999999999999999999999999998e+01,1.28709167271040166344594304982104e-03,-8.33042405976005897479903831750938e-06,2.43560103609239370145894606687542e-03,-2.22091770826859688209276679438811e-04
7.15999999999999999999999999999987e+01,1.28567110785883988300271435456390e-03,-2.01364382311249012359344334072906e-05,2.41036915787416241795095940098767e-03,-5.93899362700117763929726489667004e-04
7.16999999999999999999999999999999e+01,1.28304803416130182114554260903977e-03,-3.19924278654838135617571360583706e-05,2.38370979967277009300476046332466e-03,-3.25680557823782739178383677291062e-04
7.18000000000000000000000000000001e+01,1.27928946331354917927452803176401e-03,-4.34764645718637138963309798856888e-05,2.34714452805258761732401318674979e-03,-9.48316955524011486904749919463927e-05
7.18999999999999999999999999999995e+01,1.27437683959747106503702646895243e-03,-5.45334988940577480427464343990340e-05,2.31124644365865962519378281080855e-03,-4.23817676994948395730827779220791e-04
7.19999999999999999999999999999999e+01,1.26835999120331037981221325331000e-03,-6.56769730662194342721894419600676e-05,2.28220862335242488822578131416965e-03,-4.82783606465105362613750887413178e-04
7.20999999999999999999999999999987e+01,1.26127858721899578102177730809751e-03,-7.62260708406582221711696076216735e-05,2.24467696299310629137322785201214e-03,-1.53161295562294911972591490539697e-04
7.21999999999999999999999999999998e+01,1.25311757607830629286839040800391e-03,-8.65796400406285766398401496140448e-05,2.20241400911651887414539695605374e-03,-4.12127225351312486025246630793146e-04
7.23000000000000000000000000000002e+01,1.24395427640040169580878767977549e-03,-9.68541964173171287624546547770974e-05,2.16937315116442793449566075643751e-03,-6.63004524765881202068790079179029e-04
7.23999999999999999999999999999996e+01,1.23378753734031562199671761942927e-03,-1.06473417254331145367626059376122e-04,2.13270812362997782698696036909214e-03,-2.66662086166692836430189300308226e-04
7.25000000000000000000000000000000e+01,1.22264203500615040049375429791352e-03,-1.16112143037627911135136848815319e-04,2.08667496890207851554092633173434e-03,-1.22367184891514888665951843988727e-04
7.25999999999999999999999999999987e+01,1.21058138748265819846347933691451e-03,-1.25408691533045443418831448382346e-04,2.04349156584475474321799306684242e-03,-5.55925392470486897709155023575297e-04
7.26999999999999999999999999999999e+01,1.19758881819152579158937345735882e-03,-1.34167701660171059504138611413263e-04,2.00709196373953287420699351307140e-03,-6.89485454145226107869537119519744e-04
7.28000000000000000000000000000003e+01,1.18372841250065502530379770138710e-03,-1.42962435427574102977740519857403e-04,1.96478556844564818564935049165356e-03,-3.13392093973552197161913884652348e-04
7.28999999999999999999999999999997e+01,1.16902568835255142448762203897760e-03,-1.51277476822632327489675691910555e-04,1.91648827080388532297478176242034e-03,-2.81990242126292407634954658054343e-04
7.30000000000000000000000000000001e+01,1.15348456073867889147877012614984e-03,-1.59198268094416854008396436022085e-04,1.87292802409989974205020852850088e-03,-4.91959351885313238636589675598928e-04
7.30999999999999999999999999999986e+01,1.13717668855057407042639709053642e-03,-1.67099523768831014446429206904399e-04,1.82880185697655028465916027860503e-03,-5.07622268842047803950045645046490e-04
7.32000000000000000000000000000000e+01,1.12010063951777140547166827708500e-03,-1.74397342713191497711198825996863e-04,1.78293074928711888683262049051803e-03,-4.99475907005569800562882938167040e-04
7.33000000000000000000000000000001e+01,1.10229318201280812279605145721337e-03,-1.81472013340922844193286331225134e-04,1.73685560552667016972187005133996e-03,-4.65490578324588558651461126980749e-04
7.33999999999999999999999999999998e+01,1.08380588673467292996771881184488e-03,-1.88491202997809014581342885766248e-04,1.68967892672126788164873185942155e-03,-4.43370289870274408479785360061772e-04
7.35000000000000000000000000000002e+01,1.06463633311907432858360255206950e-03,-1.94717861655323333196874060493688e-04,1.64243142597810500638679996113712e-03,-4.30621333632873948836242165392148e-04
7.35999999999999999999999999999986e+01,1.04484229813252148432737964600232e-03,-2.01034694872122761117724584220054e-04,1.59413329450430384113567184870647e-03,-4.52865207616392861373298616156472e-04
7.36999999999999999999999999999998e+01,1.02444852797270753922860740267754e-03,-2.07020512400829973018976583557682e-04,1.54595109555467051627409324319437e-03,-5.19672786035488613556048209052048e-04
7.38000000000000000000000000000002e+01,1.00346869854118709528953421582516e-03,-2.12269569394846202382475663773690e-04,1.49779128953191061812435503646358e-03,-5.93462430382763531094321507140357e-04
7.38999999999999999999999999999999e+01,9.81964121167327533748959824414234e-04,-2.17888149200192306376570758512551e-04,1.45160808083055619624456829401593e-03,-5.09882253463411382501660553755634e-04
7.39999999999999999999999999999998e+01,9.59940342200068047462278894933960e-04,-2.22645746465481031080318602641948e-04,1.40174652663226898304309135068235e-03,-2.56175814032309017872761538855182e-04
7.40999999999999999999999999999987e+01,9.37432887848959630734079618211731e-04,-2.27184712908981348812648768792229e-04,1.34807871044444376163266206225378e-03,-4.59350000927539850519709981019838e-04
7.41999999999999999999999999999999e+01,9.14489513052746823673131611906012e-04,-2.31888722985342596862378467963751e-04,1.30253891798077299433869403772012e-03,-7.81293013087451216960381922161690e-04
7.43000000000000000000000000000001e+01,8.91112683235505124888953136062082e-04,-2.35492548593384449702961781519300e-04,1.25751103953309022397654228688923e-03,-4.95404997087161637179275173145492e-04
7.43999999999999999999999999999995e+01,8.67355496476678714864528176799899e-04,-2.39504348907255597852017514403663e-04,1.20422874027706016841082570157152e-03,-2.30440484814803179250827845322882e-04
7.44999999999999999999999999999999e+01,8.43240929786042325047924772707065e-04,-2.42988974833381843433691385587084e-04,1.15211669271212168183042879765350e-03,-5.25142487697523757275645795338751e-04
7.45999999999999999999999999999987e+01,8.18787263008554924176351479303003e-04,-2.45771337737877108838721665394802e-04,1.10798746447637993854760753388216e-03,-6.84136943674987436434109248307257e-04
7.46999999999999999999999999999998e+01,7.94047303476816116186777519235652e-04,-2.49094954083713196714583681457327e-04,1.06000731376822916920572844758755e-03,-3.45335220676923767284634808802978e-04
7.48000000000000000000000000000002e+01,7.69027278121926147614789138624228e-04,-2.51346227172881778480076363481007e-04,1.00560963965501980988261964833998e-03,-4.23449243614758338346781500139085e-04
7.48999999999999999999999999999996e+01,7.43766876651209502795974452958027e-04,-2.53597397344782495227364782120951e-04,9.60440336428694769774520859821698e-04,-7.25964187226717186945404765770485e-04
7.50000000000000000000000000000000e+01,7.18299885060742899880399191959764e-04,-2.55908500561864153573953467286073e-04,9.16121137360578431181647715126655e-04,-4.02193637907182202033227444937351e-04
7.50999999999999999999999999999987e+01,6.92638514476974589973836735882583e-04,-2.57179783467455208096559650579662e-04,8.62780735293705440201875599867636e-04,-2.13594092601605065663123702433457e-04
7.51999999999999999999999999999999e+01,6.66827155777984195851995769825472e-04,-2.58923785514590306433410654808726e-04,8.13102294309945415661915466450366e-04,-6.09527046467394584502702096041224e-04
7.53000000000000000000000000000003e+01,6.40883455957448989487250235598388e-04,-2.60091362031124574911304744426046e-04,7.71477565272687848404592767481737e-04,-7.29211980208853394368706755790975e-04
7.53999999999999999999999999999997e+01,6.14836026460728233664131052893036e-04,-2.60661255294036755693519281427895e-04,7.25813152231442211156243082830492e-04,-3.15341871487421353525718345352984e-04
7.55000000000000000000000000000001e+01,5.88715157606272153442713666216973e-04,-2.61727857665422354867554682969700e-04,6.73782357554868760600719023310526e-04,-2.67308093695925790703823839706651e-04
7.55999999999999999999999999999986e+01,5.62541168992324578110227874006312e-04,-2.61821429105110472912692693125600e-04,6.28886574750472869698476349320095e-04,-5.82889013008697050966073199540048e-04
7.57000000000000000000000000000000e+01,5.36345487665586224419806876604900e-04,-2.61892581421849316204649510599976e-04,5.86599633817989098707314650324613e-04,-5.13368971629874624544892340726721e-04
7.58000000000000000000000000000001e+01,5.10148690892798752164851745247063e-04,-2.62102256421750440617887392088940e-04,5.39774702003963852469730537834183e-04,-4.00645255598757716000022264069808e-04
7.58999999999999999999999999999998e+01,4.83979508140843169053303641925798e-04,-2.61280667263583559912653814581199e-04,4.95245108446666129446725235595753e-04,-4.72168428675380764062292531623653e-04
7.60000000000000000000000000000002e+01,4.57857427727155152863380948246786e-04,-2.60946462218603238424148555129730e-04,4.52727168358167176265200735619686e-04,-4.46936407154116513632382025227661e-04
7.60999999999999999999999999999986e+01,4.31810588240152754246651296188063e-04,-2.60147213343162360288024260585346e-04,4.09496456432782351492260538523767e-04,-3.45572639108047664786717004104554e-04
7.61999999999999999999999999999998e+01,4.05862374488704594897571941213743e-04,-2.58701098021308983433997670730399e-04,3.65339437538654609987852478102380e-04,-3.77029204109570824104258649530292e-04
7.63000000000000000000000000000002e+01,3.80026955275131365180089871345110e-04,-2.57876665242408804548945232003486e-04,3.24032980164285080822950979965303e-04,-5.19677210186857020135698883256235e-04
7.63999999999999999999999999999999e+01,3.54340931552190608102533601813649e-04,-2.56026733941439302105532399805620e-04,2.84722249296813604541884314369281e-04,-4.90796075614736075993544289947172e-04
7.64999999999999999999999999999998e+01,3.28812693863833476741767466837815e-04,-2.54275515277067569083180266501309e-04,2.44711130230482725704656676726351e-04,-3.45367601765867955233097919335032e-04
7.65999999999999999999999999999987e+01,3.03467305922317148275325079751732e-04,-2.52696299899674105828178271248339e-04,2.04251540892930086742559207353910e-04,-2.18153607209547108733776849872373e-04
7.66999999999999999999999999999999e+01,2.78333263175866189128299115928367e-04,-2.50057371458972105886901852224362e-04,1.62375339128425435456310949019341e-04,-3.69899329223817713221741412309440e-04
7.67999999999999999999999999999996e+01,2.53412842909123102466780611294125e-04,-2.48070448021311990097178653435604e-04,1.26691910592369300391479641360319e-04,-6.35532027883243204210668135317709e-04
7.68999999999999999999999999999995e+01,2.28743804885286189243302169261120e-04,-2.45517241961716364449489155134305e-04,9.36334754017833328787909149855647e-05,-3.95176945534302170586125400976677e-04
7.69999999999999999999999999999999e+01,2.04335562286681001025727962826998e-04,-2.42524634444380541694045542837040e-04,5.39124987418860833461544751923345e-05,-1.07631333928586334254920814676187e-04
7.70999999999999999999999999999987e+01,1.80199184365553569639790377712299e-04,-2.40074378794902175442314327191851e-04,1.52537756108972849256106891572201e-05,-3.30846940622155436404962649190718e-04
7.71999999999999999999999999999998e+01,1.56372561724824321414748109786632e-04,-2.36667261250128505363520824810820e-04,-1.59781044133790281051271289110749e-05,-5.38913556774596684270293103964748e-04
7.72999999999999999999999999999992e+01,1.32850077226311668193030609691873e-04,-2.33525247533969161882583193130184e-04,-4.74099003045262194625046182699467e-05,-2.90739453588933369041319030637507e-04
7.73999999999999999999999999999996e+01,1.09657886837634113564709237379258e-04,-2.30365174956766779852447719141235e-04,-8.46035124236695388050841094121199e-05,-2.18252810647464536199963437726179e-04
7.75000000000000000000000000000000e+01,8.68209053545718345574222574648695e-05,-2.26477377156205908866102082735590e-04,-1.15526095614265510754663640373584e-04,-4.70458302086771430367369582120328e-04
7.75999999999999999999999999999987e+01,6.43300670984758718720652931366796e-05,-2.23078676282222770084567475161199e-04,-1.42295996558416575310802376391997e-04,-2.56577675255286919884832569342245e-04
7.76999999999999999999999999999999e+01,4.22244668203217058212165485574681e-05,-2.19209342179329775277364465562113e-04,-1.76979867960368414144580992381434e-04,-6.74927180935491269998552351528744e-05
7.77999999999999999999999999999993e+01,2.05066172437858398119764653325720e-05,-2.15088684943139907931379356462669e-04,-2.08208314039956062020423418085001e-04,-4.41813878186860677016752192526654e-04
7.78999999999999999999999999999997e+01,-8.21247008678003307041749219189559e-07,-2.11283952194460719506618307732140e-04,-2.30591360018163233364735556496639e-04,-5.29584962862871776316374581542155e-04
7.80000000000000000000000000000001e+01,-2.17174607388572252968286265107547e-05,-2.06897694697996837258757014905224e-04,-2.56612010471691968399791852787604e-04,-8.02778992390188114105159104595891e-05
7.80999999999999999999999999999986e+01,-4.22029005560577482079851020495828e-05,-2.02583931284836073487951019943745e-04,-2.89090471661659602463237907034477e-04,-1.94380474850852172432258247999052e-05
7.82000000000000000000000000000000e+01,-6.22503545840967440687647343098018e-05,-1.98344432667965729159624764026160e-04,-3.14043488473925795233711833514238e-04,-4.43533293460227615892136013323147e-04
7.82999999999999999999999999999994e+01,-8.18372233737683801700591491259773e-05,-1.93597125522567253760333086611480e-04,-3.32837502510169842777723298214738e-04,-3.73808596431076127151942941225080e-04
7.83999999999999999999999999999998e+01,-1.00989072329277992356030420631680e-04,-1.89108503550321894589116121937291e-04,-3.58511635410569847984756156846206e-04,-8.38748172740994170331543868341970e-05
7.85000000000000000000000000000002e+01,-1.19656798506901857275158598493071e-04,-1.84465589689903046498878260363290e-04,-3.83105634188999254892000122709697e-04,-2.03538862884083555642084708783694e-04
7.85999999999999999999999999999986e+01,-1.37854457614034881363633162025819e-04,-1.79467095561240862996636147217939e-04,-4.02135716359880445983723741990839e-04,-2.72500164092081166988862945801024e-04
7.86999999999999999999999999999999e+01,-1.55581457301005682672137779179342e-04,-1.74820678864282782982635729520578e-04,-4.22148016694307193120043549276132e-04,-1.38808583260270928062077310501422e-04
7.87999999999999999999999999999994e+01,-1.72795375115987898278916485505818e-04,-1.69800875061757431066749427024914e-04,-4.43574935047622764134890649125945e-04,-1.39972577996215767448578109944659e-04
7.88999999999999999999999999999999e+01,-1.89534845533224324489548339104951e-04,-1.64710540528198658980649001940705e-04,-4.61707864454427697358118526884165e-04,-2.93327723783995919383085255205754e-04
7.89999999999999999999999999999998e+01,-2.05761819577605001347212636537501e-04,-1.59853899783833897409816258531129e-04,-4.76635911813021456345402452526135e-04,-2.30856717644765601415996747899220e-04
7.90999999999999999999999999999987e+01,-2.21471282150527108498628617748263e-04,-1.54545568768180637908993945844055e-04,-4.93994283639986658663087132873215e-04,-5.27808848034131778837704014141896e-05
7.91999999999999999999999999999999e+01,-2.36689750509199680265645567339787e-04,-1.49462719730038631680166652219400e-04,-5.10814120230724745876243558001439e-04,-5.95481825550413191483041907536113e-05
7.92999999999999999999999999999996e+01,-2.51366479379149644848571267917253e-04,-1.44352288457551307880650673702926e-04,-5.25940336367394534790264258055825e-04,-1.71155454457081082591530703597355e-04
7.93999999999999999999999999999995e+01,-2.65533450704331799709785007121615e-04,-1.38928103556611305767851446307518e-04,-5.38458852250795620451413537254078e-04,-2.91928268696866660181934269457932e-04
7.94999999999999999999999999999999e+01,-2.79180636971597420463411625859755e-04,-1.33812284081464609710732773298080e-04,-5.48332729907512908889436370805091e-04,-1.34246643595105245157214449954148e-04
7.95999999999999999999999999999987e+01,-2.92280911157187316888306559577563e-04,-1.28510007180160502494000076199226e-04,-5.62228922781314084584294164593487e-04,7.98582693205498438392292099693039e-05
7.96999999999999999999999999999998e+01,-3.04873412935116146587443529890671e-04,-1.23082618007028096875928694138823e-04,-5.75414643711361822656465461315508e-04,-8.17069810464366070757610811642376e-05
7.97999999999999999999999999999992e+01,-3.16920786851604966931943946006952e-04,-1.17910931641510119012598222256035e-04,-5.82903369239875557595298663544004e-04,-2.46599279883850644598022343499528e-04
7.98999999999999999999999999999996e+01,-3.28432935384051053454348152328230e-04,-1.12513075375986409822678553484870e-04,-5.89833772031558254037694287443523e-04,-8.55741495505773481229669389329115e-05
8.00000000000000000000000000000000e+01,-3.39428473712618590498369090185839e-04,-1.07102299533216258139856387730121e-04,-6.00490174703521870503246495000539e-04,1.86910437520471078541356898207906e-05
8.00999999999999999999999999999987e+01,-3.49869978756578431450202276657425e-04,-1.01947586166520854837703402014280e-04,-6.07917538130270263157982655751252e-04,-1.62696611307968984509773288691038e-04
8.01999999999999999999999999999999e+01,-3.59791004104501266928291772327039e-04,-9.64663839515710444230428425895926e-05,-6.10216569993815223678365140670046e-04,-4.32945439761511620803291483617379e-05
8.02999999999999999999999999999998e+01,-3.69182518221117880103967694390634e-04,-9.11669451888290193661241092744964e-05,-6.18861890565977608918653548600728e-04,1.60278268232935144508955513093899e-04
8.03999999999999999999999999999997e+01,-3.78028562948841894617033571371298e-04,-8.60390615618610648451412547800716e-05,-6.26171905269122845908038264454705e-04,-1.72650341847223278494353531392067e-04
8.04999999999999999999999999999996e+01,-3.86364498980028514783439521633726e-04,-8.04887683201046341245934251822014e-05,-6.24085562800786241575838872569286e-04,-2.90569687978522970025178218242300e-04
8.05999999999999999999999999999986e+01,-3.94162372322352962962294529756734e-04,-7.54583234352302000334836207958817e-05,-6.25258777647309912202151123797015e-04,1.58789764362808516866347302207534e-04
8.07000000000000000000000000000000e+01,-4.01435423468740550460977954188149e-04,-7.02317670996512886511132502273647e-05,-6.33362749454152314318299445078192e-04,2.59774668406857656001309066330155e-04
8.07999999999999999999999999999994e+01,-4.08202145339881556435631703230699e-04,-6.48097377423150875409571199149047e-05,-6.35396721720613970784465520508267e-04,-2.01080354650250530423590504593005e-04
8.08999999999999999999999999999998e+01,-4.14433885153618053998928967185976e-04,-6.00265864325129873410983794154078e-05,-6.29299164184982666441861257854223e-04,-2.19804855508484013975817811998263e-04
8.10000000000000000000000000000002e+01,-4.20165707550533758541238523353885e-04,-5.46410108516127684203902381875104e-05,-6.29995155637351673185499982857383e-04,1.78319191489726868809315154576849e-04
8.10999999999999999999999999999991e+01,-4.25390068870462510557648973040769e-04,-4.96261148908040119667667707973242e-05,-6.32982492506289110899720730363671e-04,9.77389231078179961640176304240355e-05
8.12000000000000000000000000000000e+01,-4.30098977754663346819441740541715e-04,-4.48621417323400835445753505657165e-05,-6.28460840651387029212016600092773e-04,-6.51882341864163761417643410642432e-05
8.12999999999999999999999999999990e+01,-4.34327099637043580416522480730133e-04,-3.95109391486531991024478016883531e-05,-6.24836014903225808113745723476478e-04,7.07575206029441299598205171195760e-05
8.13999999999999999999999999999999e+01,-4.38050812446764722015005344191069e-04,-3.49586253492750052831157368809407e-05,-6.23772727857790234736002535801287e-04,7.26673333735217998735302091929941e-05
8.14999999999999999999999999999998e+01,-4.41290560772483099986598972575380e-04,-3.00527808120589754109384167957303e-05,-6.19215014955413797019514541911659e-04,-7.94196866846852548894652800037712e-05
8.15999999999999999999999999999987e+01,-4.44058743249721095864197484282125e-04,-2.50550468658960062120320040386704e-05,-6.11641619504567570761782383992490e-04,1.94384191707392113623290655541123e-05
8.16999999999999999999999999999999e+01,-4.46340263965661039646030632792041e-04,-2.07634843189223238181143062749182e-05,-6.07876155507758226945706961535592e-04,2.32086074953078404520893915558246e-04
8.17999999999999999999999999999996e+01,-4.48167555764546251383250793374666e-04,-1.57996761703797632371129259922621e-05,-6.04422389126100193217305097867712e-04,9.65736019553644866188108145933170e-05
8.18999999999999999999999999999995e+01,-4.49531826183137193441395314716116e-04,-1.13273637116268353002221030010406e-05,-5.95931011074227702987841877287370e-04,-7.02600030462847722590629282540945e-05
8.20000000000000000000000000000004e+01,-4.50440541557702808174119797117412e-04,-7.08154965578584408202656553064393e-06,-5.87332044544529269010126926594961e-04,-4.23565410470504806484475452062127e-06
8.20999999999999999999999999999984e+01,-4.50914905343711114497839051948096e-04,-2.29027193979191425627277497584554e-06,-5.79208447967607401607268099925972e-04,1.47201450888954987637923455670266e-04
8.22000000000000000000000000000002e+01,-4.50946251356624079853154440119752e-04,1.68749344641285558138977764290646e-06,-5.72526579362689860007712930865214e-04,2.28038733212598136958348977950707e-04
8.22999999999999999999999999999992e+01,-4.50554120512606463492853644365396e-04,5.97516731167508128021252201370370e-06,-5.64969210512165862320868110966692e-04,6.45168298580514505910735739068803e-05
8.23999999999999999999999999999996e+01,-4.49744857586503226875314678475466e-04,1.03684390802819261308208152173498e-05,-5.53318892069378978717743048282064e-04,-3.80284837592096151312925539183989e-05
8.25000000000000000000000000000000e+01,-4.48523162991628328366548607690341e-04,1.39882549712830069464612923620007e-05,-5.42171385341114891100940965499399e-04,1.13637394415223159113476878638237e-04
8.25999999999999999999999999999987e+01,-4.46904030456766281219054494748384e-04,1.82874484804484800330506723438732e-05,-5.33635257399537303089665718520485e-04,2.07881747262937331689065245524727e-04
8.26999999999999999999999999999999e+01,-4.44892821172366056982753133987894e-04,2.21066394118647796647257080941472e-05,-5.23749622965945573357000637185696e-04,6.44906200600921860305664817419747e-05
8.27999999999999999999999999999998e+01,-4.42499820385963339735413016042048e-04,2.55815781548061460575127485962408e-05,-5.09396450334146434982592733567959e-04,6.96425113541334928509940052914189e-05
8.28999999999999999999999999999997e+01,-4.39734945719422835257661791901600e-04,2.97159020177774590375162470716193e-05,-4.98825594922206391680398140363169e-04,2.63615453599600519583305079091369e-04
8.29999999999999999999999999999996e+01,-4.36609831854097680094906073725472e-04,3.29142804547489709691410478151449e-05,-4.89997384565601325621819679075526e-04,6.25033836599318687685030443854212e-05
8.30999999999999999999999999999986e+01,-4.33129601478989351934786398656244e-04,3.64523466185432700451912751476692e-05,-4.73191426415193295080690125485124e-04,-8.98962372060296827934252796600610e-05
8.32000000000000000000000000000000e+01,-4.29308939050280318040950785813254e-04,4.01047272938128769609911294921625e-05,-4.58267659545374977243637418893350e-04,2.69755653397354177565789193494664e-04
8.32999999999999999999999999999994e+01,-4.25158630626602147534650836575748e-04,4.28863364582222747983526281799529e-05,-4.50206012086202946210925168164123e-04,3.80024448271734555849487193484765e-04
8.33999999999999999999999999999998e+01,-4.20681518354266744479361914797548e-04,4.64683788647739987642751811031531e-05,-4.37946135168669657677681286329005e-04,-1.98460404645436964045966949898798e-05
8.35000000000000000000000000000002e+01,-4.15898947005535221883986678213123e-04,4.94063033480854296556639433233063e-05,-4.18356685301697667124591209798732e-04,-8.56742645543076347658269698631094e-05
8.35999999999999999999999999999991e+01,-4.10813706550360774273478569430297e-04,5.21127897252041216396572855498347e-05,-4.04183187841680279980908433235797e-04,3.09548158968833698237076365937817e-04
8.37000000000000000000000000000000e+01,-4.05435755986218819145016503520070e-04,5.54218217676947521031066491243715e-05,-3.94846746350516937761860983227938e-04,2.61463037771851772208025328208733e-04
8.37999999999999999999999999999990e+01,-3.99785551233402183019498076087359e-04,5.77407304205046833231532796956634e-05,-3.77697795668781064236608025444465e-04,1.82819423817598846461102874450446e-05
8.38999999999999999999999999999999e+01,-3.93859642563426545831456537799886e-04,6.05219011156882959243239990931652e-05,-3.60718658008991033099108157607151e-04,1.79428728011234166475909930026633e-04
8.39999999999999999999999999999998e+01,-3.87679022001398768181120825149235e-04,6.32256306074979131003605404634691e-05,-3.48788585876123168965385838824945e-04,2.15828512981499130523211032393140e-04
8.40999999999999999999999999999987e+01,-3.81255885531552904823798583676371e-04,6.52452329503214219509029680874114e-05,-3.33128851310912823594262870762022e-04,1.53391217448849967770927926976653e-05
8.41999999999999999999999999999999e+01,-3.74586965310954758247479872557064e-04,6.79266111515069809388314517223403e-05,-3.14210267173332140435627947334203e-04,1.07698217334804620987409794919662e-04
8.42999999999999999999999999999996e+01,-3.67702235406572041226511946251009e-04,6.99763996299958944877584446953630e-05,-3.00063568732988527832244494367657e-04,3.76074919289852559280909451237190e-04
8.43999999999999999999999999999995e+01,-3.60600957996843911373238802644115e-04,7.19171439410497728388641188933588e-05,-2.88303651885573112732501874588035e-04,2.11139500742882434401328507674843e-04
8.45000000000000000000000000000004e+01,-3.53289201551269440351109877147163e-04,7.42264827148891318500387122306406e-05,-2.69832275473298461987873621731772e-04,-6.47634782654104563547642954384934e-05
8.45999999999999999999999999999984e+01,-3.45797882198276988928695223304886e-04,7.57966822908335392194161935466826e-05,-2.50993458871605289321980883882694e-04,9.62510787718396333195282184975054e-05
8.47000000000000000000000000000002e+01,-3.38113070122592650715228435978859e-04,7.76578185339119065037585886473172e-05,-2.36559169340981712344496301160789e-04,3.02900375624332647962163780714258e-04
8.47999999999999999999999999999992e+01,-3.30260641665650553827852484275717e-04,7.94631096440251383139058027592819e-05,-2.22246553473339529122382701950078e-04,2.75311265191480383961406639563436e-04
8.48999999999999999999999999999996e+01,-3.22256165678411952182538615313235e-04,8.07237060338568992297045162927135e-05,-2.06504157695081271881819031206746e-04,9.83416793188457991324601406705240e-05
8.50000000000000000000000000000000e+01,-3.14085309701546843831551089096270e-04,8.24087651007127833307877905363520e-05,-1.88310440388312665771573640083257e-04,2.44886597566933701805602936145562e-05
8.50999999999999999999999999999987e+01,-3.05792007613787859146678344012186e-04,8.36991991402299611544384337078562e-05,-1.71189831497894075744593299177283e-04,1.69740515194147191647109730259049e-04
8.51999999999999999999999999999999e+01,-2.97363811488750845097199532250878e-04,8.47601660828801131662870147840461e-05,-1.56377007869440289546088770638937e-04,2.66678005505833083754034029129859e-04
8.52999999999999999999999999999998e+01,-2.88809151928628959997612736189698e-04,8.61683147693608257101449181018284e-05,-1.41374918709931789207400138750641e-04,1.83500938649578006569460060638623e-04
8.53999999999999999999999999999997e+01,-2.80166261680956958804576953193043e-04,8.69788143858346707025301456184237e-05,-1.23914316319284100932435290703450e-04,1.01547333899817774416384031998749e-04
8.54999999999999999999999999999996e+01,-2.71405747579441584183114928194878e-04,8.79190640824674306045689458156752e-05,-1.07235944834768915312757380029403e-04,1.93508280007638372254952814809729e-04
8.55999999999999999999999999999986e+01,-2.62568042091949131872010674525141e-04,8.89296749141379512587682075643083e-05,-9.34723600475188692239845853446297e-05,1.39496263506098400969627588751509e-04
8.57000000000000000000000000000000e+01,-2.53658861728397614511520558740600e-04,8.93828180312978824248857582330702e-05,-7.53339560607343361816335435723591e-05,3.64716581703787636978004194705777e-05
8.57999999999999999999999999999994e+01,-2.44663306937563817652637076510996e-04,9.01911128483581757250943768595061e-05,-5.78032267118064480518919626033056e-05,2.77174053888256424148659430725778e-04
8.58999999999999999999999999999998e+01,-2.35632708056578843161404393736559e-04,9.07162436311384489644479040832690e-05,-4.62308565386093681444497944927042e-05,3.29221355072878984663242641877812e-04
8.60000000000000000000000000000002e+01,-2.26540454737191410685029062125700e-04,9.09842245675988282705349175953958e-05,-3.13297852619613190691717725910932e-05,-1.15548764150081332967445183489330e-05
8.60999999999999999999999999999991e+01,-2.17407188426659934917193945003219e-04,9.15426219583976999297286230067823e-05,-1.09574990825754681545604746902391e-05,-4.07958312966033053569628390951523e-05
8.62000000000000000000000000000000e+01,-2.08262473805380022806670856015138e-04,9.16402587243452439190887389112430e-05,4.63753988141843431651289658971819e-06,3.39173027414345213300658724152155e-04
8.62999999999999999999999999999990e+01,-1.99075452665544149465218389451366e-04,9.17794668005643647700877145201199e-05,1.43490007497817718918807780983303e-05,3.04823585253575212998803666974176e-04
8.63999999999999999999999999999999e+01,-1.89892516266584087431130553723508e-04,9.19890379123885994301567451410318e-05,3.11481934337091172305582117374979e-05,-3.33490005457259230357961887995752e-05
8.64999999999999999999999999999998e+01,-1.80708349342740528838355037293171e-04,9.18011576557124783610285365268729e-05,4.98690899063177843445292394924819e-05,1.20074150461611054750964280236793e-04
8.65999999999999999999999999999987e+01,-1.71515878007142463706704893845401e-04,9.17520060827485866478244167557136e-05,6.09766242480435794875125606205323e-05,2.74568785909613396655324522556750e-04
8.66999999999999999999999999999999e+01,-1.62359731248946608204421591875748e-04,9.16306631564659913194324281996275e-05,7.44646130076027412275211247076660e-05,4.82348528439677597133609377075517e-05
8.67999999999999999999999999999996e+01,-1.53212243753969225994309560234447e-04,9.12007996485191941519774114858790e-05,9.24053673401295671275993584424542e-05,5.45979277128911771179302730756722e-05
8.68999999999999999999999999999995e+01,-1.44097320755037919969220717152941e-04,9.09517293545405512251875369517865e-05,1.05836420001380491460230359452569e-04,3.20134835946371348861762600801993e-04
8.70000000000000000000000000000004e+01,-1.35036493303903133274977409515073e-04,9.05421578220426930701422283519854e-05,1.15376973723761681596607961505457e-04,2.11511599552642156789557464177173e-04
8.70999999999999999999999999999984e+01,-1.26002768396667467064051887372352e-04,8.98595498674638858214770214205263e-05,1.30860253390693282043533907296726e-04,-9.48134359784369538515461817151779e-05
8.72000000000000000000000000000002e+01,-1.17039073634166589504413573322943e-04,8.94684268072942279961772755302207e-05,1.48025181699219286792323756653253e-04,7.50947539770568248948573300008145e-05
8.72999999999999999999999999999992e+01,-1.08137554572123952704554138227677e-04,8.87119333890233198602054738056575e-05,1.58435301233345621692197234331623e-04,3.14195262744223594800168844614840e-04
8.73999999999999999999999999999996e+01,-9.92923584316193879283696860170669e-05,8.78857499867611808817364590404194e-05,1.69158242933138235179292367132803e-04,1.92221506907847516771430975284748e-04
8.75000000000000000000000000000000e+01,-9.05438435082793879146551213438852e-05,8.73322292351069071233358470326705e-05,1.82668994199891062871899181017360e-04,3.60560094971319557045604484368158e-05
8.75999999999999999999999999999987e+01,-8.18638784483900099857807751093802e-05,8.61898046779766692316013679755213e-05,1.96125055922408183044766662941958e-04,3.23783566810428993274797254701869e-05
8.76999999999999999999999999999999e+01,-7.32763258626847415693116395580712e-05,8.53774065713912609091027963882749e-05,2.08229198777887370822778095054196e-04,1.28973961409602934072540460427105e-04
8.77999999999999999999999999999998e+01,-6.47973070083077709488188250419939e-05,8.45015269216729156699963353078812e-05,2.19118825638180741258280405865356e-04,1.73002279150939604021016793695227e-04
8.78999999999999999999999999999997e+01,-5.64016369326295045421289093488103e-05,8.31391689523006681878778933654317e-05,2.30094627621259998584236707644292e-04,1.53617682615770352744840756292644e-04
8.79999999999999999999999999999996e+01,-4.81307746937206555649819362224104e-05,8.23415099835434921144038440133892e-05,2.40919687070186327250906978842554e-04,9.57609356564121058990127466557938e-05
8.80999999999999999999999999999986e+01,-3.99701016773925046208357327424204e-05,8.10174417559594561956742270877506e-05,2.52253564800560565456011015092818e-04,6.82925364482118221966098578576158e-05
8.82000000000000000000000000000000e+01,-3.19199077747905646938515658637518e-05,7.96824916467030306268486549396490e-05,2.62252818042311789803561885561755e-04,6.65705450996124785042688850682739e-05
8.82999999999999999999999999999994e+01,-2.40119557623674135030218134069154e-05,7.87278098529950668083514893113738e-05,2.73196373936797560707734502341759e-04,5.37755008378230917589114921770311e-05
8.83999999999999999999999999999998e+01,-1.62190400031333445640559727516294e-05,7.70520495899740277183564945993095e-05,2.83952175283577666918771505098392e-04,2.17830745540987165806552833074658e-04
8.85000000000000000000000000000002e+01,-8.56699342804374180736480876558475e-06,7.58390181810644511314959980366028e-05,2.89976721883183691828408639027559e-04,2.23473676110055186258214915141732e-04
8.85999999999999999999999999999991e+01,-1.05996658561550863062265821746617e-06,7.45444142509387893750917550212796e-05,2.98671407287919496393957772874143e-04,-9.16272551888277529031220273376317e-05
8.87000000000000000000000000000000e+01,6.31562589750966249727565220714334e-06,7.27495314766194074172136102008947e-05,3.11940050779515841974070303444681e-04,-9.87063122590956160128489664880808e-05
8.87999999999999999999999999999990e+01,1.35302535850420940681301774346102e-05,7.15920424114370978882113610532610e-05,3.20742085106011823557163395028834e-04,2.68441677755696400875696045652440e-04
8.88999999999999999999999999999999e+01,2.05988737258842155472377782047558e-05,6.99033259904912813710224921984809e-05,3.23620771829870863574646840855428e-04,2.75426523399842171832690610282881e-04
8.89999999999999999999999999999998e+01,2.75142897270531244287523445480970e-05,6.81762942909872550954656205775888e-05,3.31769993748643873075682919669199e-04,-1.08735816853417068288720384310945e-04
8.90999999999999999999999999999987e+01,3.42619006732755535147955353963182e-05,6.69299651043020321620551956901567e-05,3.44221486584879532373101361267798e-04,-4.54443466725999681773070047952167e-05
8.91999999999999999999999999999999e+01,4.08549419184066862573999265728690e-05,6.49290544191361822952567404859293e-05,3.48899502246031581138041031728885e-04,2.17850244461730871526255076315565e-04
8.92999999999999999999999999999996e+01,4.72785629233624046740874277457605e-05,6.33904751424436266218391621082628e-05,3.53203367219874826474717811920797e-04,5.47723864254099662254886789273233e-05
8.93999999999999999999999999999995e+01,5.35319777672990979468705904258974e-05,6.18687669724621897279314682536931e-05,3.62802546842302649784528101925378e-04,-1.77025290115115325842754099473577e-05
8.95000000000000000000000000000004e+01,5.96185306019844429301950247187879e-05,5.97373662015942223466777777767949e-05,3.68894555284313545670301954542348e-04,1.82593692768136757705788209685770e-04
8.95999999999999999999999999999984e+01,6.55274681544884551196690933481629e-05,5.83949626036383520801157776463995e-05,3.71097034716702585745869195305749e-04,1.03036356857003378968180864003803e-04
8.97000000000000000000000000000002e+01,7.12612655861127443000378033498814e-05,5.64679248288244915494267256524889e-05,3.77979071381396146777343319873851e-04,-1.60515488745748257647054840749503e-04
8.97999999999999999999999999999992e+01,7.68193204378503072666876773371047e-05,5.44801087532790028425428351746919e-05,3.87089472533969174251450205643303e-04,1.99518718795309900660630757508853e-05
8.98999999999999999999999999999996e+01,8.21947654141418365989355196802149e-05,5.31175400590421914297718728396464e-05,3.88628780274787420949283955175395e-04,2.77157618959441179114932876503268e-04
9.00000000000000000000000000000000e+01,8.73895709039177085528013058954001e-05,5.08561675709659132975618880603554e-05,3.90210510102711061579075937684249e-04,4.92353511452809159532475495536147e-05
9.00999999999999999999999999999987e+01,9.24038058176996534614807190013001e-05,4.92194392506493416409200807809155e-05,3.97268792765561162411528866652041e-04,-1.23605224774495872316524328736512e-04
9.01999999999999999999999999999999e+01,9.72306927480773936887852519272845e-05,4.75349535904846275718041358996505e-05,4.02174079048681316973510543928922e-04,1.68872057041450182908406128073626e-05
9.02999999999999999999999999999998e+01,1.01874197594451981717451946961518e-04,4.52429261808486490640600780822901e-05,4.04104021752631248703991961823873e-04,1.12387188676701448780734392445359e-04
9.03999999999999999999999999999997e+01,1.06333800475086465877144544164274e-04,4.38483756388992205235618651238842e-05,4.06464184458826537201313395515861e-04,4.84349647888126402414938726892473e-05
9.04999999999999999999999999999996e+01,1.10602892317502231617651413629756e-04,4.17515541348611776961775115220288e-05,4.10110746763339228751092720626937e-04,1.55524155507987872976399180247420e-05
9.05999999999999999999999999999986e+01,1.14688425987450514368657527196681e-04,3.97613006762696953298475840247324e-05,4.12206424287435161133198920889450e-04,3.87184048424456064524496273081357e-05
9.07000000000000000000000000000000e+01,1.18587005199500394672931316138405e-04,3.82782022089010615251766709787976e-05,4.13925020959872171644123578429431e-04,-1.52883566901138677420669795146111e-05
9.07999999999999999999999999999994e+01,1.22294556213842943075433686714503e-04,3.59707669276317636111302541512998e-05,4.16420205902277421050413622502516e-04,-2.94851425555022787023105711429151e-05
9.08999999999999999999999999999998e+01,1.25820788858815353202798184523854e-04,3.43422312853327057095227578904307e-05,4.18160272172771817295478597680735e-04,9.15825787003001390152732461711954e-06
9.10000000000000000000000000000002e+01,1.29156648100641279496748532009583e-04,3.25641480846845206651915003233020e-05,4.19687214930657391183653019163481e-04,9.77489357652954121454808821211520e-05
9.10999999999999999999999999999991e+01,1.32304272334420467426206033301431e-04,3.03600114302786323468057403590869e-05,4.18511909067079068981227352351610e-04,9.55051815508987008529719784467401e-05
9.12000000000000000000000000000000e+01,1.35273943904247725643396331139073e-04,2.88892477167311150924498322015867e-05,4.18540836820656562633198090568703e-04,-1.35388086427705608309344087233360e-04
9.12999999999999999999999999999990e+01,1.38049786668009890338232227537489e-04,2.68450526646045751793702276546843e-05,4.22362054504912076401952801909251e-04,-1.45059671759680073860294139697175e-04
9.13999999999999999999999999999999e+01,1.40645926493879083846310205443792e-04,2.49275666666240155433699170503540e-05,4.22766052968979390447942207846483e-04,1.47643338323772186728981768997961e-04
9.14999999999999999999999999999998e+01,1.43063447340986981960061455747880e-04,2.34156632519715518729538483787295e-05,4.18491421075383425846906124883585e-04,1.77781947375579629864315942453104e-04
9.15999999999999999999999999999987e+01,1.45288105745468255057866944694118e-04,2.12653826913339158825056819138980e-05,4.17414060605011643050591728467495e-04,-1.43861605738188020656449018504281e-04
9.16999999999999999999999999999999e+01,1.47345432157038222019595975666498e-04,1.96276989006435251836196741338481e-05,4.21024713034046660318959684085914e-04,-1.62950752822843340898141837644963e-04
9.17999999999999999999999999999996e+01,1.49217362180923015908814063246917e-04,1.79673963565049734829102188560457e-05,4.19024314852785793115562163705496e-04,1.06806927695958067585218145079848e-04
9.18999999999999999999999999999995e+01,1.50908223792244736666409464602443e-04,1.59061948910242854418845941881645e-05,4.14617238454284766169591493077623e-04,1.78753990014092798951786651903307e-05
9.20000000000000000000000000000004e+01,1.52438152024848687886260854230837e-04,1.44657149393066111810825131443355e-05,4.15638857177373673526118891073875e-04,-8.63732293444329271450089509151944e-05
9.20999999999999999999999999999984e+01,1.53777838401012355420741014123180e-04,1.26140069176980337201530084559311e-05,4.14154290210590148324399190012866e-04,8.11126517260381495254975361498992e-05
9.22000000000000000000000000000002e+01,1.54957065879233556732469028439718e-04,1.07961548085607854839433717395439e-05,4.08852195127088447664861286747325e-04,8.68438879591721493490850789236297e-06
9.22999999999999999999999999999992e+01,1.55969951706653636512363772059552e-04,9.41829520084606807886579706148709e-06,4.07895468846321440227222100699461e-04,-2.31117210426730465164791143317196e-04
9.23999999999999999999999999999996e+01,1.56801150555303765420396988535085e-04,7.47096815054181845643500142335457e-06,4.09460788971126166521350921001264e-04,-4.88567856324382781898464747348489e-05
9.25000000000000000000000000000000e+01,1.57488063231567763564145769949924e-04,5.95428618713649392343059537270680e-06,4.03684661944888595914874623912897e-04,2.47867577650450430960672515155576e-04
9.25999999999999999999999999999987e+01,1.57999687182524019646192474228512e-04,4.46928228672600678608760343207066e-06,3.96608680546021443606525766532622e-04,-2.37763330830100033704654313923544e-05
9.26999999999999999999999999999999e+01,1.58352428619614066752139023071241e-04,2.62993663861139798237398967132013e-06,3.97458128720948549318932146078844e-04,-2.86032864107239054420873296402218e-04
9.27999999999999999999999999999998e+01,1.58562783001420244799762822698538e-04,1.33637742860341764553830495681489e-06,3.96440632235439075022116814336517e-04,-4.40374187384057062870395991038109e-05
9.28999999999999999999999999999997e+01,1.58599168673354726501446631326960e-04,-2.81884880622164465928032307315132e-07,3.90006590758228881481292228503202e-04,1.21142133209478976059238620319645e-04
9.29999999999999999999999999999996e+01,1.58501160053072658023389761223878e-04,-1.87701052054218964139095854103289e-06,3.84978696475413836229245642805113e-04,-1.48157933460425686603691309068498e-05
9.30999999999999999999999999999986e+01,1.58253448749663817459237219460861e-04,-3.11708409969084587119049532247925e-06,3.82595211574452160687812083338162e-04,-1.03715086546608256315932294378793e-04
9.32000000000000000000000000000000e+01,1.57848460455289954662503451303555e-04,-4.72520401961602680438935792933111e-06,3.78754302751535014299027523885095e-04,-4.29848166884763367184466623833619e-05
9.32999999999999999999999999999994e+01,1.57322675890575229260386378209427e-04,-6.07972140547957650869997949623792e-06,3.73486905275620882623802417643941e-04,-6.34669344435839231645082462769173e-05
9.33999999999999999999999999999998e+01,1.56642740062321697589459105080254e-04,-7.34090833222611110485948103506299e-06,3.70093732103471556278037234580123e-04,-7.51783731671140588710404047574910e-05
9.35000000000000000000000000000002e+01,1.55831166214833953469140496773561e-04,-8.83957380427981642338664385186945e-06,3.65435116916786993943035527899816e-04,6.45044698582981775045933178633159e-06
9.35999999999999999999999999999991e+01,1.54900037929172145063841531585865e-04,-1.00252106033246006176725467322644e-05,3.59819887830035529982421905371055e-04,5.33467145473438829602684132185149e-06
9.37000000000000000000000000000000e+01,1.53821118983141099608626386647167e-04,-1.12477908229890966159459945336849e-05,3.54586696428408945308094906552702e-04,-5.76493929074833383200124418038521e-05
9.37999999999999999999999999999990e+01,1.52634515884281854211747779527117e-04,-1.26318795217002191325450231418684e-05,3.49676836336929970857921684700402e-04,-1.53995537765855877602719652160645e-04
9.38999999999999999999999999999999e+01,1.51323310325237255661891171325457e-04,-1.36708080894469719394407871532127e-05,3.46482030596189716844281912960721e-04,-1.08905140746165405856902080715269e-04
9.39999999999999999999999999999998e+01,1.49883337355469523131169105154450e-04,-1.48597029882445503690798174839947e-05,3.40921664120985960626539515017586e-04,7.85401306616498020279134264806726e-05
9.40999999999999999999999999999987e+01,1.48349978865388636955240531175230e-04,-1.60949281630276816235321430327984e-05,3.32889541029827554867517093767133e-04,5.01623467538469305706687492447267e-05
9.41999999999999999999999999999999e+01,1.46689059850455353329257828053380e-04,-1.69623498162400303000112476209827e-05,3.27396779771472776150874946668739e-04,-1.76153650650470874378717916494854e-04
9.42999999999999999999999999999996e+01,1.44926574405807407015805040987166e-04,-1.81883123926659565898714404609011e-05,3.24959629548298011793241220555138e-04,-1.76887699831650748521777361482932e-04
9.43999999999999999999999999999995e+01,1.43072273986860011444395589620287e-04,-1.91846986719780029361419249932596e-05,3.18945700340686586962855422352779e-04,5.96797878251553131060396210745236e-05
9.45000000000000000000000000000004e+01,1.41099034378038781034830485812998e-04,-1.99659615962887259290384566453287e-05,3.09954534868360071212809108827134e-04,-1.55768418826965433077961492906556e-06
9.45999999999999999999999999999984e+01,1.39048919900293014862242393662334e-04,-2.11741950984888288858472670713514e-05,3.06194290519255942688691394565794e-04,-1.56164441615748093825388990429665e-04
9.47000000000000000000000000000002e+01,1.36900797722073232297106283431506e-04,-2.18690397968269295514019746543417e-05,3.01603570760502985286209933162450e-04,1.06174203116196952532329958255796e-06
9.47999999999999999999999999999992e+01,1.34656986024198000675946828661190e-04,-2.27289571602261266159157807746741e-05,2.92450197105493502332233847745294e-04,-5.40016325945159336806163442379132e-06
9.48999999999999999999999999999996e+01,1.32347976097784506928767459204572e-04,-2.37562042812445429448153213208864e-05,2.87058999013551632774610841291547e-04,-2.28770632033483907059684655699130e-04
9.50000000000000000000000000000000e+01,1.29940456759383706548188920340413e-04,-2.42255106880903491393586652590771e-05,2.84808804183609104052117871402859e-04,-1.05428192109699368183207733883191e-04
9.50999999999999999999999999999987e+01,1.27465359630339209508073403769183e-04,-2.51866232004799057051750868878700e-05,2.76720888131332298858585661384021e-04,1.90843200065671577211700208198593e-04
9.51999999999999999999999999999999e+01,1.24923446370345986992075750337487e-04,-2.59026133549745168945222826349822e-05,2.65986039403805701015855890959298e-04,-2.01056450214683315656578774353634e-05
9.52999999999999999999999999999998e+01,1.22297742206221248046564082918271e-04,-2.63360976504192891386986543403638e-05,2.63211344865035958542128291675490e-04,-3.30689921929859138576544660309018e-04
9.53999999999999999999999999999997e+01,1.19623655102565250836577241812183e-04,-2.72791157121971657851544149838344e-05,2.60428016565674368034680061548565e-04,-8.40044986751697470949450621246045e-05
9.54999999999999999999999999999996e+01,1.16879783743959904395806328725411e-04,-2.76541732872354195265372424404770e-05,2.50750084617939041491801069437473e-04,1.28745737135524012567265000542777e-04
9.55999999999999999999999999999986e+01,1.14076289264511406568882437881913e-04,-2.81800563186388665016127014619455e-05,2.42883125231062236205865971898714e-04,-4.47722345004801934566454222539742e-05
9.57000000000000000000000000000000e+01,1.11230793110869292517377233085870e-04,-2.89679324985935396513723370612138e-05,2.38636438502129458349987955391147e-04,-1.48392007729202980579782263141037e-04
9.57999999999999999999999999999994e+01,1.08322564338128938557107023204095e-04,-2.90953029952047945586904082019686e-05,2.32750972659908952681410708849152e-04,-6.64011469738344579479711162614076e-05
9.58999999999999999999999999999998e+01,1.05375717769554251269569882394612e-04,-2.97383025360565115268610225793862e-05,2.25161559429251176225440245504002e-04,-7.96663425090086067028556430210690e-05
9.60000000000000000000000000000002e+01,1.02388117089601540003643177732796e-04,-3.02166578240312993860783431964298e-05,2.20207910081408345276505289192069e-04,-1.07001269586133930926297606713660e-04
9.60999999999999999999999999999991e+01,9.93536513224924865022383416280595e-05,-3.02722307856600023052497624639726e-05,2.14390127513111681053859592481481e-04,3.31545945233948573425954449148106e-05
9.62000000000000000000000000000000e+01,9.62933092773720219831322955389153e-05,-3.09892186143285978208688500807400e-05,2.05800421405073792133086346831454e-04,1.98162207422065911688848339549763e-05
9.62999999999999999999999999999990e+01,9.31969075741497302063644022886340e-05,-3.10573086405005302178188718197318e-05,1.99812768794564003620463577820813e-04,-1.52279335370207888931803645055679e-04
9.63999999999999999999999999999999e+01,9.00705758055457274979732618217151e-05,-3.12342383686273941706379352957298e-05,1.95288069099393941190408502496372e-04,-1.77588790160203513723681995252889e-04
9.64999999999999999999999999999998e+01,8.69259315762628929386995041236091e-05,-3.18269119176638396022531951820934e-05,1.90028039625788702834195475038360e-04,-3.68039732177491704610424612248522e-05
9.65999999999999999999999999999987e+01,8.37543939880711497524543489630531e-05,-3.15851773877811617338295177778190e-05,1.82635799366764117042622957137675e-04,9.09223037988930750230082081570418e-05
9.66999999999999999999999999999999e+01,8.05673975418490204471066495883457e-05,-3.20034373471329901824500835021912e-05,1.74537010428046699669595507940727e-04,-2.13430332911128535847617681112743e-05
9.67999999999999999999999999999996e+01,7.73686041838693406547392393361252e-05,-3.21936639653259091139659254662537e-05,1.69518388924596675567407112244390e-04,-2.09354753346088530815350234473230e-04
9.68999999999999999999999999999995e+01,7.41537214711165974986261212840886e-05,-3.19197035269358018603018972778270e-05,1.65990814767509049236157054949860e-04,-1.55212046568829550389857049766148e-04
9.70000000000000000000000000000004e+01,7.09350948515987338260873795915621e-05,-3.24542224022591076113406889207003e-05,1.59819293661868976626984958184452e-04,6.82272467901850247393119905893434e-05
9.70999999999999999999999999999984e+01,6.77118718109282390058057668519480e-05,-3.21803597451414027812062943041172e-05,1.50882730374785927397108977826500e-04,4.26916085556494345625330011737991e-05
9.72000000000000000000000000000002e+01,6.44839533777188787229170327455210e-05,-3.21403715384805337301656997137467e-05,1.46042056524928900936602488842000e-04,-1.63243660817536260502219089883604e-04
9.72999999999999999999999999999992e+01,6.12612729557785408137620572773749e-05,-3.24539357710642438462304752063674e-05,1.42732276583149852283765169991524e-04,-7.55100231109650313728844912274906e-05
9.73999999999999999999999999999996e+01,5.80420980895894988770377121086511e-05,-3.19365317863416018092025015775492e-05,1.34818072937809461912868751011489e-04,8.48836933174918643658166971460520e-06
9.75000000000000000000000000000000e+01,5.48287964893697415648529620576047e-05,-3.21635591201779624989160711757354e-05,1.28902533017246518367798140143466e-04,-1.40424401960675813019168901326624e-04
9.75999999999999999999999999999987e+01,5.16290724655691701370357174965783e-05,-3.20454715670906663378493341104924e-05,1.26230387119022888686414649295763e-04,-8.67519105530352800529398994221717e-05
9.76999999999999999999999999999999e+01,4.84410618970978314254965725353835e-05,-3.15813731643376661238012047253703e-05,1.19740861086481174103220185999860e-04,1.20604440316351991576697202587287e-04
9.77999999999999999999999999999998e+01,4.52672930799772284117657204494764e-05,-3.18373548694174641123100000186620e-05,1.10845649936158687267724305303961e-04,-2.94868485598700217555553760060174e-05
9.78999999999999999999999999999997e+01,4.21168510943020158762766065140447e-05,-3.13509535605823906018620268402856e-05,1.08169528740328366105290774522622e-04,-2.89971232129195372453883142888087e-04
9.79999999999999999999999999999996e+01,3.89838326175727787495711862425447e-05,-3.11172359384192106569298724081988e-05,1.06648552636573182362922722965445e-04,-5.20652794674620890036945481332680e-05
9.80999999999999999999999999999986e+01,3.58745255209162777682872627452852e-05,-3.11461873616543303131840882850927e-05,9.78837625874891505247762130095391e-05,1.68521870605161613483049995671351e-04
9.82000000000000000000000000000000e+01,3.27971627145361364544162971493025e-05,-3.04793333749030680311317454445844e-05,9.10071021061398006124625435576404e-05,-6.68945492132995212053631492274377e-05
9.82999999999999999999999999999994e+01,2.97400743473798520075442112493560e-05,-3.04457291288313799343548734878341e-05,8.92607176206900921436986780182736e-05,-1.74278237264122000595964544702172e-04
9.83999999999999999999999999999998e+01,2.67203955219718593374200055871386e-05,-3.01480105780799049059041563722506e-05,8.49332236193879822655493201067937e-05,-1.64012055200798862953255750828773e-05
9.85000000000000000000000000000002e+01,2.37348715830123929736428516026043e-05,-2.95124344854241794473566174983158e-05,7.81342130239651934526472625926708e-05,-1.62405701060214151841757527458890e-05
9.85999999999999999999999999999991e+01,2.07761235903957958407520990119262e-05,-2.95156998362188066999762711109841e-05,7.46419427602677221700789522206245e-05,-1.16739649730543151131487365645396e-04
9.87000000000000000000000000000000e+01,1.78675786137955746391094261624700e-05,-2.88973193749531823558473350651802e-05,7.18368217906625554846488838646032e-05,1.46923522944740058239710170093606e-05
9.87999999999999999999999999999990e+01,1.49891741296151872055594630007380e-05,-2.84549267634074139768502817393238e-05,6.48328843634452995468043732266056e-05,7.01854776632260806222919132655668e-05
9.88999999999999999999999999999999e+01,1.21529878439655279014090652564874e-05,-2.83152169024476016998192872750948e-05,6.01269705964905484282541273452255e-05,-1.43041655971839383750555398553561e-04
9.89999999999999999999999999999998e+01,9.37018902763635539179737527752511e-06,-2.75065331927699149151482063581594e-05,5.87793614584888912472266910745519e-05,-1.70550124270212219597709315878589e-04
9.90999999999999999999999999999987e+01,6.61668374325536016217495667955732e-06,-2.72657465329383677054251531511610e-05,5.52562679769087615976649779544486e-05,2.44712752799760010147525025195883e-05
9.91999999999999999999999999999999e+01,3.92336702541388850089027961074649e-06,-2.68314055128495922224794286566236e-05,4.95578735489945100711667349565589e-05,1.13719228727196547979331846207447e-04
9.92999999999999999999999999999996e+01,1.27614056358907685495580690741538e-06,-2.60737714520530784127794556094627e-05,4.43401217043199917662525086738081e-05,-2.94427031903561716225397254501111e-05
9.93999999999999999999999999999995e+01,-1.33087878508718024335769209237901e-06,-2.58927745457133766805141702622976e-05,4.21175115581114120787404146653085e-05,-1.81539778034675208396145536370244e-04
9.95000000000000000000000000000004e+01,-3.86895366952623722263812131342965e-06,-2.51569986000856304802771202383617e-05,4.04120823652902518525237840752310e-05,-1.04847836623282802587865649145102e-04
9.95999999999999999999999999999984e+01,-6.36923168251592018062563540866781e-06,-2.45948025456522704515578212140961e-05,3.66923107467675791785945481469982e-05,6.82224847811528246257089236394726e-05
9.97000000000000000000000000000002e+01,-8.81043033750517442803528460497004e-06,-2.42795504032266601144886205719761e-05,3.13543760413833596479994419513246e-05,7.61106995797872573099004894484433e-05
9.97999999999999999999999999999992e+01,-1.11870140545109675081423861618378e-05,-2.34344856584260604576000442942698e-05,2.80189288832673293994523672799873e-05,-9.71124106707621942445896691216845e-05
9.98999999999999999999999999999996e+01,-1.35246002484386430923931308979990e-05,-2.30187707368329235597612875007234e-05,2.72564270170915862185121410592173e-05,-1.01271831069589754960616479136612e-04
1.00000000000000000000000000000000e+02,-1.57876994648341336204776043138884e-05,-2.24699334617445496312780104911465e-05,2.35075729394164992923281687798724e-05,2.62833016973922413093322987236473e-06
1.00099999999999999999999999999999e+02,-1.79976118777715583996852557501382e-05,-2.16901637860535867773943947286180e-05,2.00163865830083913570157803769183e-05,-5.28321074288642272592279271560387e-05
1.00200000000000000000000000000000e+02,-2.01561868279165711574612038342018e-05,-2.12999632081931463514319628131086e-05,1.91163748232454935916346342265130e-05,-1.34501620714848787092887664697400e-05
1.00300000000000000000000000000000e+02,-2.22357849429099085981705013440415e-05,-2.05893745018753457254373967540619e-05,1.55521001963514812873092982682268e-05,1.05026835793805193329844548885151e-04
1.00400000000000000000000000000000e+02,-2.42712045940826926560017992240664e-05,-1.98916258665982165171871082643617e-05,1.06934073824213279251839210535905e-05,-4.34087199526279686773178620293391e-05
1.00500000000000000000000000000000e+02,-2.62380624904056998483719768032340e-05,-1.94482339931681350659572574791438e-05,1.06185730908082906404781346407896e-05,-2.43239462728815995082681299160112e-04
1.00599999999999999999999999999999e+02,-2.81333953993552373466347052953769e-05,-1.86695265617181290770350974538645e-05,1.18768547576403276113814195246848e-05,-5.26874380378100558877642260187355e-06
1.00700000000000000000000000000000e+02,-2.99838599962584582273313720344807e-05,-1.80434024131775694166508307834106e-05,6.18097359358948886004446070463107e-06,2.34594956786146707822900802569003e-04
1.00799999999999999999999999999999e+02,-3.17519864482476583772792166262046e-05,-1.75324006035333178910472352420171e-05,1.42281079826690830336866944883046e-06,-4.87651930137368281261457458404443e-05
1.00899999999999999999999999999999e+02,-3.34632673098608196797558873642223e-05,-1.66910024867870384153404937166144e-05,3.61063870168895618519034870514239e-06,-2.16641358417803453592266029633708e-04
1.01000000000000000000000000000000e+02,-3.51175728525098230928968567625866e-05,-1.61634527489171952519281397584469e-05,3.14852571920617407649534120009774e-06,1.80228614734090463946088234691500e-05
1.01099999999999999999999999999999e+02,-3.66874671918290661901269018321577e-05,-1.55609259330335535213664201681440e-05,-1.37612701538946876779250055002955e-06,9.04996003511328203862412561473311e-05
1.01200000000000000000000000000000e+02,-3.82118235753683564602793375821398e-05,-1.47081474740874390968587363636704e-05,-2.78080165551538995600272405731295e-06,-6.14978909630726570892740930124675e-05
1.01299999999999999999999999999999e+02,-3.96614544101851375219575056962324e-05,-1.42718657900910105299838469558750e-05,-1.91949927488922739974759262223008e-06,-1.64643304121968772521255378232622e-05
1.01400000000000000000000000000000e+02,-4.10391171306806809647545431976982e-05,-1.35088532077965720024672471436222e-05,-4.93789720745358478856984410103371e-06,7.66918378521260131637134009808663e-05
1.01500000000000000000000000000000e+02,-4.23693768208432686334285298523746e-05,-1.27733119413577595294060757895188e-05,-7.22833609572102599303135047828620e-06,-9.62941205838113156090176254793095e-05
1.01599999999999999999999999999999e+02,-4.36137448671024003802777607155266e-05,-1.23518847264712740791727857245000e-05,-5.25762532917080919121122968217923e-06,-1.21753364938409134683942544089301e-04
1.01700000000000000000000000000000e+02,-4.48037997501356008062322141032335e-05,-1.14464431799881510312503834764864e-05,-6.08673338520291823355765695535298e-06,9.34346585210637657306696383592149e-05
1.01800000000000000000000000000000e+02,-4.59321644757041598188387722798343e-05,-1.08911195541380567012355012825870e-05,-9.33801913916683781124311267547410e-06,1.10903472675946668142594236191169e-04
1.01900000000000000000000000000000e+02,-4.69792279720394579844130671626671e-05,-1.03609273821567979624577859363012e-05,-1.03519083598066873095864898122514e-05,-6.30905264618572649950043919388986e-05
1.02000000000000000000000000000000e+02,-4.79805461913203547866039204784708e-05,-9.45454615131519375645275261991120e-06,-9.07705874887843359245256886780693e-06,-1.25067523481847169843666298819465e-04
1.02099999999999999999999999999998e+02,-4.89053894810602010111324259104439e-05,-9.04986163075076750819886332501141e-06,-8.81024076811840977845518543188150e-06,9.14932913438602175413818371773984e-07
1.02200000000000000000000000000000e+02,-4.97646341948350516300158949346935e-05,-8.33333010976746558766523818621242e-06,-1.03162638555632797822927244172424e-05,8.49948298988354709910647435460278e-05
1.02300000000000000000000000000000e+02,-5.05730065151471334118420511462924e-05,-7.54987189470009645598238316511941e-06,-1.13006283224577808040925435586160e-05,4.49180170310241089688945704108008e-05
1.02400000000000000000000000000000e+02,-5.13014804039330878013749657003893e-05,-7.21111062384583750797180664725786e-06,-1.15268556045125428769386812373885e-05,-4.31918141819614937451825719345008e-05
1.02500000000000000000000000000000e+02,-5.19779659203162441869609371666601e-05,-6.33787066312220831301253263984266e-06,-1.04578462384722465339035543801414e-05,-5.95764567051694887235939122613702e-05
1.02599999999999999999999999999999e+02,-5.25924207533123925808583263999683e-05,-5.75672740960380734180735048220393e-06,-1.05817367027963668774246012110839e-05,1.21785460226630127325240124878384e-05
1.02700000000000000000000000000000e+02,-5.31353220790970625710747300343085e-05,-5.34675747816457529963711434791864e-06,-1.11955805213409029889838053483629e-05,-6.50486469626620557283759239148567e-06
1.02772588722239781237668928485833e+02,-5.35046454973838427219825413241725e-05,-4.65814598211600343185962492884746e-06,-9.74017506833590826056068887964023e-06,5.48440888209052996740204199309001e-05
